YYYY-MM-DD;Value;month;Value_imputed
1970-03-01;146.3;3;146.3
1970-03-02;140.7;3;140.7
1970-03-03;129.5;3;129.5
1970-03-04;121.8;3;121.8
1970-03-05;113.2;3;113.2
1970-03-06;113.2;3;113.2
1970-03-07;106.6;3;106.6
1970-03-08;104.0;3;104.0
1970-03-09;107.3;3;107.3
1970-03-10;101.4;3;101.4
1970-03-11;94.3;3;94.3
1970-03-12;115.4;3;115.4
1970-03-13;151.9;3;151.9
1970-03-14;141.4;3;141.4
1970-03-15;142.1;3;142.1
1970-03-16;122.5;3;122.5
1970-03-17;126.0;3;126.0
1970-03-18;117.8;3;117.8
1970-03-19;107.3;3;107.3
1970-03-20;96.9;3;96.9
1970-03-21;89.7;3;89.7
1970-03-22;87.2;3;87.2
1970-03-23;84.6;3;84.6
1970-03-24;82.0;3;82.0
1970-03-25;78.8;3;78.8
1970-03-26;79.4;3;79.4
1970-03-27;123.9;3;123.9
1970-03-28;121.1;3;121.1
1970-03-29;118.5;3;118.5
1970-03-30;123.2;3;123.2
1970-03-31;110.6;3;110.6
1970-04-01;115.1;4;115.1
1970-04-02;111.8;4;111.8
1970-04-03;97.6;4;97.6
1970-04-04;86.5;4;86.5
1970-04-05;87.2;4;87.2
1970-04-06;85.8;4;85.8
1970-04-07;80.3;4;80.3
1970-04-08;96.9;4;96.9
1970-04-09;136.5;4;136.5
1970-04-10;217.8;4;217.8
1970-04-11;328.2;4;328.2
1970-04-12;305.2;4;305.2
1970-04-13;280.6;4;280.6
1970-04-14;290.8;4;290.8
1970-04-15;274.4;4;274.4
1970-04-16;266.0;4;266.0
1970-04-17;273.5;4;273.5
1970-04-18;281.4;4;281.4
1970-04-19;318.0;4;318.0
1970-04-20;377.5;4;377.5
1970-04-21;342.6;4;342.6
1970-04-22;318.0;4;318.0
1970-04-23;311.2;4;311.2
1970-04-24;312.8;4;312.8
1970-04-25;327.4;4;327.4
1970-04-26;331.4;4;331.4
1970-04-27;450.0;4;450.0
1970-04-28;361.5;4;361.5
1970-04-29;365.2;4;365.2
1970-04-30;403.2;4;403.2
1970-05-01;382.0;5;382.0
1970-05-02;369.0;5;369.0
1970-05-03;384.4;5;384.4
1970-05-04;366.5;5;366.5
1970-05-05;361.5;5;361.5
1970-05-06;362.4;5;362.4
1970-05-07;368.6;5;368.6
1970-05-08;375.2;5;375.2
1970-05-09;367.4;5;367.4
1970-05-10;365.8;5;365.8
1970-05-11;381.2;5;381.2
1970-05-12;378.2;5;378.2
1970-05-13;377.5;5;377.5
1970-05-14;387.6;5;387.6
1970-05-15;380.5;5;380.5
1970-05-16;397.8;5;397.8
1970-05-17;376.8;5;376.8
1970-05-18;395.2;5;395.2
1970-05-19;442.8;5;442.8
1970-05-20;429.8;5;429.8
1970-05-21;423.8;5;423.8
1970-05-22;408.0;5;408.0
1970-05-23;414.0;5;414.0
1970-05-24;423.8;5;423.8
1970-05-25;425.5;5;425.5
1970-05-26;484.9;5;484.9
1970-05-27;512.2;5;512.2
1970-05-28;534.2;5;534.2
1970-05-29;542.0;5;542.0
1970-05-30;542.0;5;542.0
1970-05-31;554.7;5;554.7
1970-06-01;559.0;6;559.0
1970-06-02;558.1;6;558.1
1970-06-03;562.4;6;562.4
1970-06-04;568.3;6;568.3
1970-06-05;563.2;6;563.2
1970-06-06;567.4;6;567.4
1970-06-07;539.8;6;539.8
1970-06-08;567.4;6;567.4
1970-06-09;560.6;6;560.6
1970-06-10;580.2;6;580.2
1970-06-11;591.5;6;591.5
1970-06-12;594.2;6;594.2
1970-06-13;596.9;6;596.9
1970-06-14;611.0;6;611.0
1970-06-15;612.6;6;612.6
1970-06-16;618.6;6;618.6
1970-06-17;625.6;6;625.6
1970-06-18;633.7;6;633.7
1970-06-19;640.0;6;640.0
1970-06-20;635.5;6;635.5
1970-06-21;631.0;6;631.0
1970-06-22;639.3;6;639.3
1970-06-23;662.6;6;662.6
1970-06-24;669.8;6;669.8
1970-06-25;679.7;6;679.7
1970-06-26;688.7;6;688.7
1970-06-27;692.3;6;692.3
1970-06-28;697.6;6;697.6
1970-06-29;699.2;6;699.2
1970-06-30;696.7;6;696.7
1970-07-01;699.2;7;699.2
1970-07-02;687.8;7;687.8
1970-07-03;699.2;7;699.2
1970-07-04;704.4;7;704.4
1970-07-05;711.2;7;711.2
1970-07-06;706.0;7;706.0
1970-07-07;700.1;7;700.1
1970-07-08;707.8;7;707.8
1970-07-09;699.0;7;699.0
1970-07-10;720.1;7;720.1
1970-07-11;713.0;7;713.0
1970-07-12;711.3;7;711.3
1970-07-13;725.5;7;725.5
1970-07-14;723.7;7;723.7
1970-07-15;723.7;7;723.7
1970-07-16;730.0;7;730.0
1970-07-17;734.2;7;734.2
1970-07-18;741.9;7;741.9
1970-07-19;740.2;7;740.2
1970-07-20;741.0;7;741.0
1970-07-21;736.8;7;736.8
1970-07-22;737.6;7;737.6
1970-07-23;712.0;7;712.0
1970-07-24;705.2;7;705.2
1970-07-25;702.6;7;702.6
1970-07-26;706.0;7;706.0
1970-07-27;695.8;7;695.8
1970-07-28;688.7;7;688.7
1970-07-29;686.9;7;686.9
1970-07-30;686.0;7;686.0
1970-07-31;695.0;7;695.0
1970-08-01;692.3;8;692.3
1970-08-02;699.2;8;699.2
1970-08-03;701.0;8;701.0
1970-08-04;706.0;8;706.0
1970-08-05;709.4;8;709.4
1970-08-06;701.8;8;701.8
1970-08-07;695.0;8;695.0
1970-08-08;680.6;8;680.6
1970-08-09;678.8;8;678.8
1970-08-10;683.3;8;683.3
1970-08-11;700.1;8;700.1
1970-08-12;701.8;8;701.8
1970-08-13;688.6;8;688.6
1970-08-14;690.5;8;690.5
1970-08-15;686.9;8;686.9
1970-08-16;696.6;8;696.6
1970-08-17;703.5;8;703.5
1970-08-18;689.6;8;689.6
1970-08-19;686.9;8;686.9
1970-08-20;684.2;8;684.2
1970-08-21;670.7;8;670.7
1970-08-22;661.7;8;661.7
1970-08-23;662.6;8;662.6
1970-08-24;677.0;8;677.0
1970-08-25;670.7;8;670.7
1970-08-26;669.8;8;669.8
1970-08-27;671.6;8;671.6
1970-08-28;674.3;8;674.3
1970-08-29;683.3;8;683.3
1970-08-30;688.7;8;688.7
1970-08-31;694.9;8;694.9
1970-09-01;699.2;9;699.2
1970-09-02;692.2;9;692.2
1970-09-03;679.7;9;679.7
1970-09-04;691.4;9;691.4
1970-09-05;701.0;9;701.0
1970-09-06;702.6;9;702.6
1970-09-07;702.6;9;702.6
1970-09-08;698.4;9;698.4
1970-09-09;694.0;9;694.0
1970-09-10;689.6;9;689.6
1970-09-11;700.0;9;700.0
1970-09-12;708.8;9;708.8
1970-09-13;709.6;9;709.6
1970-09-14;716.5;9;716.5
1970-09-15;710.4;9;710.4
1970-09-16;716.5;9;716.5
1970-09-17;717.4;9;717.4
1970-09-18;722.8;9;722.8
1970-09-19;721.9;9;721.9
1970-09-20;721.9;9;721.9
1970-09-21;719.2;9;719.2
1970-09-22;721.0;9;721.0
1970-09-23;715.6;9;715.6
1970-09-24;714.7;9;714.7
1970-09-25;713.8;9;713.8
1970-09-26;702.6;9;702.6
1970-09-27;690.5;9;690.5
1970-09-28;685.1;9;685.1
1970-09-29;681.5;9;681.5
1970-09-30;701.0;9;701.0
1970-10-01;708.6;10;708.6
1970-10-02;719.2;10;719.2
1970-10-03;723.7;10;723.7
1970-10-04;718.3;10;718.3
1970-10-05;720.1;10;720.1
1970-10-06;721.9;10;721.9
1970-10-07;725.5;10;725.5
1970-10-08;727.3;10;727.3
1970-10-09;729.9;10;729.9
1970-10-10;736.0;10;736.0
1970-10-11;737.6;10;737.6
1970-10-12;736.0;10;736.0
1970-10-13;729.0;10;729.0
1970-10-14;730.0;10;730.0
1970-10-15;735.1;10;735.1
1970-10-16;739.4;10;739.4
1970-10-17;741.9;10;741.9
1970-10-18;736.8;10;736.8
1970-10-19;733.4;10;733.4
1970-10-20;730.8;10;730.8
1970-10-21;727.3;10;727.3
1970-10-22;727.3;10;727.3
1970-10-23;729.1;10;729.1
1970-10-24;728.2;10;728.2
1970-10-25;719.2;10;719.2
1970-10-26;711.2;10;711.2
1970-10-27;699.2;10;699.2
1970-10-28;689.6;10;689.6
1970-10-29;691.4;10;691.4
1970-10-30;690.5;10;690.5
1970-10-31;685.1;10;685.1
1970-11-01;674.3;11;674.3
1970-11-02;675.2;11;675.2
1970-11-03;693.1;11;693.1
1970-11-04;688.7;11;688.7
1970-11-05;686.9;11;686.9
1970-11-06;680.6;11;680.6
1970-11-07;672.5;11;672.5
1970-11-08;668.0;11;668.0
1970-11-09;676.1;11;676.1
1970-11-10;684.2;11;684.2
1970-11-11;674.3;11;674.3
1970-11-12;658.8;11;658.8
1970-11-13;648.6;11;648.6
1970-11-14;657.6;11;657.6
1970-11-15;646.6;11;646.6
1970-11-16;653.3;11;653.3
1970-11-17;653.3;11;653.3
1970-11-18;670.7;11;670.7
1970-11-19;665.3;11;665.3
1970-11-20;658.8;11;658.8
1970-11-21;630.1;11;630.1
1970-11-22;619.6;11;619.6
1970-11-23;604.9;11;604.9
1970-11-24;597.8;11;597.8
1970-11-25;591.5;11;591.5
1970-11-26;591.5;11;591.5
1970-11-27;605.8;11;605.8
1970-11-28;631.9;11;631.9
1970-11-29;633.7;11;633.7
1970-11-30;632.8;11;632.8
1970-12-01;642.8;12;642.8
1970-12-02;643.8;12;643.8
1970-12-03;652.3;12;652.3
1970-12-04;661.7;12;661.7
1970-12-05;663.5;12;663.5
1970-12-06;659.9;12;659.9
1970-12-07;659.0;12;659.0
1970-12-08;657.1;12;657.1
1970-12-09;661.7;12;661.7
1970-12-10;657.1;12;657.1
1970-12-11;658.0;12;658.0
1970-12-12;664.4;12;664.4
1970-12-13;652.4;12;652.4
1970-12-14;652.4;12;652.4
1970-12-15;651.4;12;651.4
1970-12-16;642.8;12;642.8
1970-12-17;651.4;12;651.4
1970-12-18;654.2;12;654.2
1970-12-19;640.2;12;640.2
1970-12-20;629.2;12;629.2
1970-12-21;618.6;12;618.6
1970-12-22;611.8;12;611.8
1970-12-23;598.7;12;598.7
1970-12-24;596.9;12;596.9
1970-12-25;585.4;12;585.4
1970-12-26;589.8;12;589.8
1970-12-27;610.1;12;610.1
1970-12-28;599.6;12;599.6
1970-12-29;579.4;12;579.4
1970-12-30;573.4;12;573.4
1970-12-31;582.0;12;582.0
1971-01-01;595.1;1;595.1
1971-01-02;570.8;1;570.8
1971-01-03;562.4;1;562.4
1971-01-04;562.4;1;562.4
1971-01-05;559.8;1;559.8
1971-01-06;584.0;1;584.0
1971-01-07;587.1;1;587.1
1971-01-08;589.7;1;589.7
1971-01-09;595.1;1;595.1
1971-01-10;578.5;1;578.5
1971-01-11;566.6;1;566.6
1971-01-12;557.2;1;557.2
1971-01-13;559.8;1;559.8
1971-01-14;556.4;1;556.4
1971-01-15;532.4;1;532.4
1971-01-16;531.5;1;531.5
1971-01-17;530.6;1;530.6
1971-01-18;572.6;1;572.6
1971-01-19;557.2;1;557.2
1971-01-20;537.6;1;537.6
1971-01-21;531.5;1;531.5
1971-01-22;529.7;1;529.7
1971-01-23;512.1;1;512.1
1971-01-24;496.5;1;496.5
1971-01-25;476.2;1;476.2
1971-01-26;458.0;1;458.0
1971-01-27;444.4;1;444.4
1971-01-28;428.0;1;428.0
1971-01-29;413.4;1;413.4
1971-01-30;401.0;1;401.0
1971-01-31;386.9;1;386.9
1971-02-01;374.5;2;374.5
1971-02-02;363.2;2;363.2
1971-02-03;378.2;2;378.2
1971-02-04;372.9;2;372.9
1971-02-05;361.4;2;361.4
1971-02-06;337.8;2;337.8
1971-02-07;351.4;2;351.4
1971-02-08;331.4;2;331.4
1971-02-09;307.5;2;307.5
1971-02-10;290.1;2;290.1
1971-02-11;279.8;2;279.8
1971-02-12;272.0;2;272.0
1971-02-13;254.0;2;254.0
1971-02-14;254.8;2;254.8
1971-02-15;257.0;2;257.0
1971-02-16;293.0;2;293.0
1971-02-17;287.6;2;287.6
1971-02-18;277.4;2;277.4
1971-02-19;275.0;2;275.0
1971-02-20;280.6;2;280.6
1971-02-21;277.4;2;277.4
1971-02-22;277.4;2;277.4
1971-02-23;270.5;2;270.5
1971-02-24;257.0;2;257.0
1971-02-25;260.0;2;260.0
1971-02-26;265.2;2;265.2
1971-02-27;275.0;2;275.0
1971-02-28;282.2;2;282.2
1971-03-01;281.4;3;281.4
1971-03-02;266.8;3;266.8
1971-03-03;260.0;3;260.0
1971-03-04;263.8;3;263.8
1971-03-05;259.2;3;259.2
1971-03-06;258.5;3;258.5
1971-03-07;269.0;3;269.0
1971-03-08;255.5;3;255.5
1971-03-09;250.2;3;250.2
1971-03-10;270.5;3;270.5
1971-03-11;292.4;3;292.4
1971-03-12;282.2;3;282.2
1971-03-13;303.8;3;303.8
1971-03-14;304.5;3;304.5
1971-03-15;296.2;3;296.2
1971-03-16;290.8;3;290.8
1971-03-17;297.8;3;297.8
1971-03-18;300.0;3;300.0
1971-03-19;316.0;3;316.0
1971-03-20;353.9;3;353.9
1971-03-21;356.5;3;356.5
1971-03-22;356.6;3;356.6
1971-03-23;391.0;3;391.0
1971-03-24;395.2;3;395.2
1971-03-25;393.5;3;393.5
1971-03-26;399.4;3;399.4
1971-03-27;394.4;3;394.4
1971-03-28;386.6;3;386.6
1971-03-29;373.8;3;373.8
1971-03-30;376.0;3;376.0
1971-03-31;372.0;3;372.0
1971-04-01;364.0;4;364.0
1971-04-02;361.5;4;361.5
1971-04-03;373.0;4;373.0
1971-04-04;370.6;4;370.6
1971-04-05;373.2;4;373.2
1971-04-06;368.6;4;368.6
1971-04-07;354.0;4;354.0
1971-04-08;335.4;4;335.4
1971-04-09;326.6;4;326.6
1971-04-10;328.2;4;328.2
1971-04-11;312.0;4;312.0
1971-04-12;309.0;4;309.0
1971-04-13;325.0;4;325.0
1971-04-14;308.2;4;308.2
1971-04-15;290.0;4;290.0
1971-04-16;278.2;4;278.2
1971-04-17;274.2;4;274.2
1971-04-18;272.0;4;272.0
1971-04-19;254.8;4;254.8
1971-04-20;243.6;4;243.6
1971-04-21;238.7;4;238.7
1971-04-22;238.7;4;238.7
1971-04-23;239.4;4;239.4
1971-04-24;228.9;4;228.9
1971-04-25;227.5;4;227.5
1971-04-26;226.8;4;226.8
1971-04-27;218.6;4;218.6
1971-04-28;204.3;4;204.3
1971-04-29;212.8;4;212.8
1971-04-30;209.2;4;209.2
1971-05-01;295.4;5;295.4
1971-05-02;290.0;5;290.0
1971-05-03;289.8;5;289.8
1971-05-04;287.8;5;287.8
1971-05-05;320.3;5;320.3
1971-05-06;369.6;5;369.6
1971-05-07;360.6;5;360.6
1971-05-08;369.0;5;369.0
1971-05-09;380.7;5;380.7
1971-05-10;399.2;5;399.2
1971-05-11;389.2;5;389.2
1971-05-12;393.5;5;393.5
1971-05-13;385.2;5;385.2
1971-05-14;394.4;5;394.4
1971-05-15;418.6;5;418.6
1971-05-16;466.9;5;466.9
1971-05-17;463.6;5;463.6
1971-05-18;458.0;5;458.0
1971-05-19;455.6;5;455.6
1971-05-20;458.8;5;458.8
1971-05-21;466.8;5;466.8
1971-05-22;470.2;5;470.2
1971-05-23;474.5;5;474.5
1971-05-24;462.8;5;462.8
1971-05-25;454.8;5;454.8
1971-05-26;477.0;5;477.0
1971-05-27;473.6;5;473.6
1971-05-28;473.6;5;473.6
1971-05-29;468.6;5;468.6
1971-05-30;462.8;5;462.8
1971-05-31;453.2;5;453.2
1971-06-01;458.0;6;458.0
1971-06-02;455.6;6;455.6
1971-06-03;479.8;6;479.8
1971-06-04;492.0;6;492.0
1971-06-05;487.5;6;487.5
1971-06-06;487.5;6;487.5
1971-06-07;483.0;6;483.0
1971-06-08;481.4;6;481.4
1971-06-09;485.8;6;485.8
1971-06-10;504.4;6;504.4
1971-06-11;496.4;6;496.4
1971-06-12;475.4;6;475.4
1971-06-13;478.8;6;478.8
1971-06-14;477.9;6;477.9
1971-06-15;476.2;6;476.2
1971-06-16;468.6;6;468.6
1971-06-17;465.3;6;465.3
1971-06-18;468.8;6;468.8
1971-06-19;494.7;6;494.7
1971-06-20;500.9;6;500.9
1971-06-21;510.4;6;510.4
1971-06-22;512.0;6;512.0
1971-06-23;508.6;6;508.6
1971-06-24;496.4;6;496.4
1971-06-25;480.5;6;480.5
1971-06-26;471.1;6;471.1
1971-06-27;496.5;6;496.5
1971-06-28;500.0;6;500.0
1971-06-29;496.5;6;496.5
1971-06-30;496.5;6;496.5
1971-07-01;499.2;7;499.2
1971-07-02;520.8;7;520.8
1971-07-03;533.3;7;533.3
1971-07-04;538.6;7;538.6
1971-07-05;543.6;7;543.6
1971-07-06;547.0;7;547.0
1971-07-07;541.1;7;541.1
1971-07-08;542.8;7;542.8
1971-07-09;548.8;7;548.8
1971-07-10;548.8;7;548.8
1971-07-11;557.2;7;557.2
1971-07-12;562.4;7;562.4
1971-07-13;564.0;7;564.0
1971-07-14;572.6;7;572.6
1971-07-15;587.1;7;587.1
1971-07-16;598.7;7;598.7
1971-07-17;602.3;7;602.3
1971-07-18;616.0;7;616.0
1971-07-19;619.4;7;619.4
1971-07-20;624.7;7;624.7
1971-07-21;624.7;7;624.7
1971-07-22;612.6;7;612.6
1971-07-23;596.9;7;596.9
1971-07-24;587.0;7;587.0
1971-07-25;582.8;7;582.8
1971-07-26;565.8;7;565.8
1971-07-27;558.1;7;558.1
1971-07-28;565.8;7;565.8
1971-07-29;543.6;7;543.6
1971-07-30;551.3;7;551.3
1971-07-31;542.8;7;542.8
1971-08-01;566.6;8;566.6
1971-08-02;551.3;8;551.3
1971-08-03;550.4;8;550.4
1971-08-04;540.2;8;540.2
1971-08-05;529.7;8;529.7
1971-08-06;530.6;8;530.6
1971-08-07;531.5;8;531.5
1971-08-08;535.0;8;535.0
1971-08-09;541.1;8;541.1
1971-08-10;553.0;8;553.0
1971-08-11;561.5;8;561.5
1971-08-12;585.4;8;585.4
1971-08-13;568.3;8;568.3
1971-08-14;555.6;8;555.6
1971-08-15;557.2;8;557.2
1971-08-16;550.4;8;550.4
1971-08-17;546.2;8;546.2
1971-08-18;547.0;8;547.0
1971-08-19;557.2;8;557.2
1971-08-20;557.2;8;557.2
1971-08-21;568.3;8;568.3
1971-08-22;555.6;8;555.6
1971-08-23;549.6;8;549.6
1971-08-24;547.0;8;547.0
1971-08-25;547.0;8;547.0
1971-08-26;557.2;8;557.2
1971-08-27;552.2;8;552.2
1971-08-28;576.0;8;576.0
1971-08-29;591.5;8;591.5
1971-08-30;598.7;8;598.7
1971-08-31;609.2;8;609.2
1971-09-01;616.9;9;616.9
1971-09-02;624.7;9;624.7
1971-09-03;628.3;9;628.3
1971-09-04;622.9;9;622.9
1971-09-05;621.2;9;621.2
1971-09-06;631.9;9;631.9
1971-09-07;630.1;9;630.1
1971-09-08;633.7;9;633.7
1971-09-09;634.6;9;634.6
1971-09-10;633.7;9;633.7
1971-09-11;633.7;9;633.7
1971-09-12;620.4;9;620.4
1971-09-13;610.1;9;610.1
1971-09-14;599.6;9;599.6
1971-09-15;593.3;9;593.3
1971-09-16;586.2;9;586.2
1971-09-17;581.9;9;581.9
1971-09-18;596.9;9;596.9
1971-09-19;590.6;9;590.6
1971-09-20;584.4;9;584.4
1971-09-21;584.5;9;584.5
1971-09-22;603.2;9;603.2
1971-09-23;591.6;9;591.6
1971-09-24;572.6;9;572.6
1971-09-25;590.9;9;590.9
1971-09-26;597.8;9;597.8
1971-09-27;598.7;9;598.7
1971-09-28;611.8;9;611.8
1971-09-29;623.0;9;623.0
1971-09-30;619.5;9;619.5
1971-10-01;619.4;10;619.4
1971-10-02;627.4;10;627.4
1971-10-03;641.9;10;641.9
1971-10-04;630.1;10;630.1
1971-10-05;622.9;10;622.9
1971-10-06;624.7;10;624.7
1971-10-07;627.4;10;627.4
1971-10-08;634.5;10;634.5
1971-10-09;651.4;10;651.4
1971-10-10;632.8;10;632.8
1971-10-11;634.6;10;634.6
1971-10-12;646.6;10;646.6
1971-10-13;651.4;10;651.4
1971-10-14;648.6;10;648.6
1971-10-15;646.6;10;646.6
1971-10-16;642.0;10;642.0
1971-10-17;644.8;10;644.8
1971-10-18;672.5;10;672.5
1971-10-19;679.7;10;679.7
1971-10-20;686.9;10;686.9
1971-10-21;685.1;10;685.1
1971-10-22;691.4;10;691.4
1971-10-23;687.8;10;687.8
1971-10-24;674.3;10;674.3
1971-10-25;658.0;10;658.0
1971-10-26;642.0;10;642.0
1971-10-27;630.1;10;630.1
1971-10-28;618.6;10;618.6
1971-10-29;633.8;10;633.8
1971-10-30;659.7;10;659.7
1971-10-31;668.0;10;668.0
1971-11-01;665.3;11;665.3
1971-11-02;668.0;11;668.0
1971-11-03;661.7;11;661.7
1971-11-04;654.2;11;654.2
1971-11-05;664.4;11;664.4
1971-11-06;655.2;11;655.2
1971-11-07;646.6;11;646.6
1971-11-08;647.6;11;647.6
1971-11-09;661.7;11;661.7
1971-11-10;658.9;11;658.9
1971-11-11;666.2;11;666.2
1971-11-12;661.7;11;661.7
1971-11-13;654.2;11;654.2
1971-11-14;652.3;11;652.3
1971-11-15;677.9;11;677.9
1971-11-16;688.7;11;688.7
1971-11-17;694.1;11;694.1
1971-11-18;684.2;11;684.2
1971-11-19;674.3;11;674.3
1971-11-20;661.7;11;661.7
1971-11-21;641.0;11;641.0
1971-11-22;617.0;11;617.0
1971-11-23;602.2;11;602.2
1971-11-24;586.2;11;586.2
1971-11-25;577.6;11;577.6
1971-11-26;559.8;11;559.8
1971-11-27;548.8;11;548.8
1971-11-28;534.2;11;534.2
1971-11-29;527.9;11;527.9
1971-11-30;529.7;11;529.7
1971-12-01;530.6;12;530.6
1971-12-02;523.4;12;523.4
1971-12-03;508.6;12;508.6
1971-12-04;500.0;12;500.0
1971-12-05;509.5;12;509.5
1971-12-06;505.2;12;505.2
1971-12-07;491.1;12;491.1
1971-12-08;465.2;12;465.2
1971-12-09;462.0;12;462.0
1971-12-10;443.6;12;443.6
1971-12-11;434.8;12;434.8
1971-12-12;429.8;12;429.8
1971-12-13;416.4;12;416.4
1971-12-14;396.9;12;396.9
1971-12-15;377.5;12;377.5
1971-12-16;359.8;12;359.8
1971-12-17;343.4;12;343.4
1971-12-18;333.0;12;333.0
1971-12-19;341.0;12;341.0
1971-12-20;353.9;12;353.9
1971-12-21;337.8;12;337.8
1971-12-22;309.8;12;309.8
1971-12-23;297.8;12;297.8
1971-12-24;306.0;12;306.0
1971-12-25;310.5;12;310.5
1971-12-26;295.5;12;295.5
1971-12-27;271.2;12;271.2
1971-12-28;295.8;12;295.8
1971-12-29;319.6;12;319.6
1971-12-30;304.5;12;304.5
1971-12-31;286.1;12;286.1
1972-01-01;272.0;1;272.0
1972-01-02;267.5;1;267.5
1972-01-03;270.5;1;270.5
1972-01-04;256.2;1;256.2
1972-01-05;319.5;1;319.5
1972-01-06;297.7;1;297.7
1972-01-07;300.7;1;300.7
1972-01-08;275.0;1;275.0
1972-01-09;292.8;1;292.8
1972-01-10;309.7;1;309.7
1972-01-11;301.5;1;301.5
1972-01-12;319.5;1;319.5
1972-01-13;303.7;1;303.7
1972-01-14;294.7;1;294.7
1972-01-15;283.0;1;283.0
1972-01-16;293.1;1;293.1
1972-01-17;306.7;1;306.7
1972-01-18;309.0;1;309.0
1972-01-19;308.2;1;308.2
1972-01-20;293.9;1;293.9
1972-01-21;277.4;1;277.4
1972-01-22;275.2;1;275.2
1972-01-23;269.8;1;269.8
1972-01-24;246.5;1;246.5
1972-01-25;245.1;1;245.1
1972-01-26;248.7;1;248.7
1972-01-27;231.0;1;231.0
1972-01-28;220.5;1;220.5
1972-01-29;209.9;1;209.9
1972-01-30;200.7;1;200.7
1972-01-31;199.3;1;199.3
1972-02-01;176.5;2;176.5
1972-02-02;166.2;2;166.2
1972-02-03;160.9;2;160.9
1972-02-04;149.1;2;149.1
1972-02-05;133.0;2;133.0
1972-02-06;142.1;2;142.1
1972-02-07;165.4;2;165.4
1972-02-08;189.4;2;189.4
1972-02-09;238.7;2;238.7
1972-02-10;202.9;2;202.9
1972-02-11;181.5;2;181.5
1972-02-12;192.4;2;192.4
1972-02-13;185.9;2;185.9
1972-02-14;162.8;2;162.8
1972-02-15;140.7;2;140.7
1972-02-16;125.3;2;125.3
1972-02-17;119.8;2;119.8
1972-02-18;111.2;2;111.2
1972-02-19;121.9;2;121.9
1972-02-20;123.9;2;123.9
1972-02-21;116.5;2;116.5
1972-02-22;106.0;2;106.0
1972-02-23;100.8;2;100.8
1972-02-24;93.6;2;93.6
1972-02-25;91.0;2;91.0
1972-02-26;87.8;2;87.8
1972-02-27;82.6;2;82.6
1972-02-28;78.2;2;78.2
1972-02-29;79.4;2;79.4
1972-03-01;78.2;3;78.2
1972-03-02;74.6;3;74.6
1972-03-03;78.2;3;78.2
1972-03-04;85.85;3;85.85
1972-03-05;82.0;3;82.0
1972-03-06;89.75;3;89.75
1972-03-07;91.7;3;91.7
1972-03-08;80.05;3;80.05
1972-03-09;75.2;3;75.2
1972-03-10;66.9;3;66.9
1972-03-11;67.45;3;67.45
1972-03-12;65.25;3;65.25
1972-03-13;69.2;3;69.2
1972-03-14;74.6;3;74.6
1972-03-15;68.65;3;68.65
1972-03-16;65.25;3;65.25
1972-03-17;61.95;3;61.95
1972-03-18;48.2;3;48.2
1972-03-19;49.85;3;49.85
1972-03-20;58.1;3;58.1
1972-03-21;60.3;3;60.3
1972-03-22;77.65;3;77.65
1972-03-23;85.85;3;85.85
1972-03-24;90.4;3;90.4
1972-03-25;101.4;3;101.4
1972-03-26;152.1;3;152.1
1972-03-27;94.95;3;94.95
1972-03-28;114.4;3;114.4
1972-03-29;143.5;3;143.5
1972-03-30;147.7;3;147.7
1972-03-31;156.1;3;156.1
1972-04-01;128.1;4;128.1
1972-04-02;133.0;4;133.0
1972-04-03;140.7;4;140.7
1972-04-04;144.9;4;144.9
1972-04-05;127.4;4;127.4
1972-04-06;107.3;4;107.3
1972-04-07;91.7;4;91.7
1972-04-08;87.1;4;87.1
1972-04-09;84.5;4;84.5
1972-04-10;80.0;4;80.0
1972-04-11;72.2;4;72.2
1972-04-12;69.3;4;69.3
1972-04-13;204.3;4;204.3
1972-04-14;183.7;4;183.7
1972-04-15;218.4;4;218.4
1972-04-16;205.7;4;205.7
1972-04-17;197.3;4;197.3
1972-04-18;191.8;4;191.8
1972-04-19;199.3;4;199.3
1972-04-20;189.6;4;189.6
1972-04-21;242.2;4;242.2
1972-04-22;263.0;4;263.0
1972-04-23;248.0;4;248.0
1972-04-24;234.5;4;234.5
1972-04-25;227.5;4;227.5
1972-04-26;240.8;4;240.8
1972-04-27;293.2;4;293.2
1972-04-28;296.2;4;296.2
1972-04-29;317.2;4;317.2
1972-04-30;315.7;4;315.7
1972-05-01;323.4;5;323.4
1972-05-02;321.2;5;321.2
1972-05-03;311.3;5;311.3
1972-05-04;312.8;5;312.8
1972-05-05;314.3;5;314.3
1972-05-06;312.0;5;312.0
1972-05-07;314.3;5;314.3
1972-05-08;337.8;5;337.8
1972-05-09;349.8;5;349.8
1972-05-10;417.3;5;417.3
1972-05-11;400.2;5;400.2
1972-05-12;402.6;5;402.6
1972-05-13;413.3;5;413.3
1972-05-14;431.9;5;431.9
1972-05-15;484.9;5;484.9
1972-05-16;485.7;5;485.7
1972-05-17;477.0;5;477.0
1972-05-18;468.6;5;468.6
1972-05-19;458.0;5;458.0
1972-05-20;465.3;5;465.3
1972-05-21;474.5;5;474.5
1972-05-22;480.4;5;480.4
1972-05-23;486.6;5;486.6
1972-05-24;499.1;5;499.1
1972-05-25;513.8;5;513.8
1972-05-26;538.5;5;538.5
1972-05-27;549.6;5;549.6
1972-05-28;561.5;5;561.5
1972-05-29;551.3;5;551.3
1972-05-30;552.1;5;552.1
1972-05-31;561.5;5;561.5
1972-06-01;570.0;6;570.0
1972-06-02;572.5;6;572.5
1972-06-03;567.4;6;567.4
1972-06-04;562.3;6;562.3
1972-06-05;537.6;6;537.6
1972-06-06;531.4;6;531.4
1972-06-07;533.0;6;533.0
1972-06-08;555.5;6;555.5
1972-06-09;578.5;6;578.5
1972-06-10;582.7;6;582.7
1972-06-11;590.7;6;590.7
1972-06-12;608.4;6;608.4
1972-06-13;612.6;6;612.6
1972-06-14;604.9;6;604.9
1972-06-15;604.0;6;604.0
1972-06-16;615.2;6;615.2
1972-06-17;626.5;6;626.5
1972-06-18;624.7;6;624.7
1972-06-19;622.9;6;622.9
1972-06-20;615.2;6;615.2
1972-06-21;621.3;6;621.3
1972-06-22;634.6;6;634.6
1972-06-23;620.5;6;620.5
1972-06-24;613.5;6;613.5
1972-06-25;610.9;6;610.9
1972-06-26;613.5;6;613.5
1972-06-27;604.9;6;604.9
1972-06-28;579.3;6;579.3
1972-06-29;582.7;6;582.7
1972-06-30;574.2;6;574.2
1972-07-01;566.6;7;566.6
1972-07-02;558.1;7;558.1
1972-07-03;545.3;7;545.3
1972-07-04;540.2;7;540.2
1972-07-05;561.5;7;561.5
1972-07-06;570.0;7;570.0
1972-07-07;561.5;7;561.5
1972-07-08;569.1;7;569.1
1972-07-09;561.5;7;561.5
1972-07-10;573.4;7;573.4
1972-07-11;560.6;7;560.6
1972-07-12;547.9;7;547.9
1972-07-13;537.6;7;537.6
1972-07-14;562.3;7;562.3
1972-07-15;554.7;7;554.7
1972-07-16;544.5;7;544.5
1972-07-17;532.4;7;532.4
1972-07-18;524.3;7;524.3
1972-07-19;512.9;7;512.9
1972-07-20;499.1;7;499.1
1972-07-21;481.3;7;481.3
1972-07-22;475.3;7;475.3
1972-07-23;477.1;7;477.1
1972-07-24;462.8;7;462.8
1972-07-25;459.6;7;459.6
1972-07-26;450.0;7;450.0
1972-07-27;440.4;7;440.4
1972-07-28;438.7;7;438.7
1972-07-29;476.9;7;476.9
1972-07-30;447.6;7;447.6
1972-07-31;446.0;7;446.0
1972-08-01;425.5;8;425.5
1972-08-02;403.1;8;403.1
1972-08-03;386.9;8;386.9
1972-08-04;369.9;8;369.9
1972-08-05;370.5;8;370.5
1972-08-06;353.9;8;353.9
1972-08-07;335.4;8;335.4
1972-08-08;337.0;8;337.0
1972-08-09;356.4;8;356.4
1972-08-10;339.4;8;339.4
1972-08-11;357.2;8;357.2
1972-08-12;457.4;8;457.4
1972-08-13;506.1;8;506.1
1972-08-14;500.6;8;500.6
1972-08-15;466.9;8;466.9
1972-08-16;458.8;8;458.8
1972-08-17;458.0;8;458.0
1972-08-18;483.0;8;483.0
1972-08-19;479.6;8;479.6
1972-08-20;492.9;8;492.9
1972-08-21;507.8;8;507.8
1972-08-22;515.4;8;515.4
1972-08-23;520.7;8;520.7
1972-08-24;524.3;8;524.3
1972-08-25;526.1;8;526.1
1972-08-26;527.9;8;527.9
1972-08-27;520.7;8;520.7
1972-08-28;520.7;8;520.7
1972-08-29;521.6;8;521.6
1972-08-30;511.2;8;511.2
1972-08-31;499.1;8;499.1
1972-09-01;483.0;9;483.0
1972-09-02;487.5;9;487.5
1972-09-03;501.5;9;501.5
1972-09-04;523.4;9;523.4
1972-09-05;514.6;9;514.6
1972-09-06;492.9;9;492.9
1972-09-07;477.9;9;477.9
1972-09-08;466.0;9;466.0
1972-09-09;472.0;9;472.0
1972-09-10;492.9;9;492.9
1972-09-11;487.5;9;487.5
1972-09-12;499.0;9;499.0
1972-09-13;510.3;9;510.3
1972-09-14;510.3;9;510.3
1972-09-15;524.4;9;524.4
1972-09-16;532.4;9;532.4
1972-09-17;531.5;9;531.5
1972-09-18;524.3;9;524.3
1972-09-19;520.7;9;520.7
1972-09-20;511.2;9;511.2
1972-09-21;533.9;9;533.9
1972-09-22;554.7;9;554.7
1972-09-23;558.1;9;558.1
1972-09-24;548.7;9;548.7
1972-09-25;534.1;9;534.1
1972-09-26;553.8;9;553.8
1972-09-27;570.0;9;570.0
1972-09-28;578.5;9;578.5
1972-09-29;589.7;9;589.7
1972-09-30;590.6;9;590.6
1972-10-01;583.6;10;583.6
1972-10-02;581.0;10;581.0
1972-10-03;578.5;10;578.5
1972-10-04;587.1;10;587.1
1972-10-05;591.5;10;591.5
1972-10-06;581.9;10;581.9
1972-10-07;572.5;10;572.5
1972-10-08;566.6;10;566.6
1972-10-09;565.7;10;565.7
1972-10-10;581.4;10;581.4
1972-10-11;611.8;10;611.8
1972-10-12;619.4;10;619.4
1972-10-13;622.9;10;622.9
1972-10-14;626.5;10;626.5
1972-10-15;616.9;10;616.9
1972-10-16;602.2;10;602.2
1972-10-17;589.0;10;589.0
1972-10-18;575.1;10;575.1
1972-10-19;567.4;10;567.4
1972-10-20;572.5;10;572.5
1972-10-21;563.2;10;563.2
1972-10-22;587.1;10;587.1
1972-10-23;591.5;10;591.5
1972-10-24;594.2;10;594.2
1972-10-25;584.4;10;584.4
1972-10-26;575.1;10;575.1
1972-10-27;587.4;10;587.4
1972-10-28;610.1;10;610.1
1972-10-29;604.0;10;604.0
1972-10-30;610.1;10;610.1
1972-10-31;597.8;10;597.8
1972-11-01;576.8;11;576.8
1972-11-02;570.8;11;570.8
1972-11-03;565.7;11;565.7
1972-11-04;584.4;11;584.4
1972-11-05;576.8;11;576.8
1972-11-06;605.8;11;605.8
1972-11-07;609.2;11;609.2
1972-11-08;600.5;11;600.5
1972-11-09;592.4;11;592.4
1972-11-10;596.0;11;596.0
1972-11-11;583.6;11;583.6
1972-11-12;589.7;11;589.7
1972-11-13;570.8;11;570.8
1972-11-14;570.8;11;570.8
1972-11-15;575.9;11;575.9
1972-11-16;568.3;11;568.3
1972-11-17;564.0;11;564.0
1972-11-18;542.8;11;542.8
1972-11-19;535.9;11;535.9
1972-11-20;521.6;11;521.6
1972-11-21;500.9;11;500.9
1972-11-22;494.7;11;494.7
1972-11-23;505.2;11;505.2
1972-11-24;495.6;11;495.6
1972-11-25;484.9;11;484.9
1972-11-26;467.9;11;467.9
1972-11-27;453.2;11;453.2
1972-11-28;454.0;11;454.0
1972-11-29;447.6;11;447.6
1972-11-30;438.0;11;438.0
1972-12-01;438.8;12;438.8
1972-12-02;422.1;12;422.1
1972-12-03;407.2;12;407.2
1972-12-04;390.9;12;390.9
1972-12-05;379.0;12;379.0
1972-12-06;390.9;12;390.9
1972-12-07;395.2;12;395.2
1972-12-08;381.7;12;381.7
1972-12-09;379.0;12;379.0
1972-12-10;379.7;12;379.7
1972-12-11;381.2;12;381.2
1972-12-12;357.3;12;357.3
1972-12-13;353.8;12;353.8
1972-12-14;329.0;12;329.0
1972-12-15;310.5;12;310.5
1972-12-16;306.0;12;306.0
1972-12-17;328.2;12;328.2
1972-12-18;326.6;12;326.6
1972-12-19;312.7;12;312.7
1972-12-20;333.8;12;333.8
1972-12-21;345.0;12;345.0
1972-12-22;346.0;12;346.0
1972-12-23;367.4;12;367.4
1972-12-24;367.4;12;367.4
1972-12-25;366.6;12;366.6
1972-12-26;342.6;12;342.6
1972-12-27;329.0;12;329.0
1972-12-28;301.5;12;301.5
1972-12-29;282.2;12;282.2
1972-12-30;261.5;12;261.5
1972-12-31;245.0;12;245.0
1973-01-01;217.6;1;217.6
1973-01-02;200.9;1;200.9
1973-01-03;194.8;1;194.8
1973-01-04;181.1;1;181.1
1973-01-05;179.2;1;179.2
1973-01-06;173.9;1;173.9
1973-01-07;162.8;1;162.8
1973-01-08;155.4;1;155.4
1973-01-09;140.4;1;140.4
1973-01-10;129.4;1;129.4
1973-01-11;127.3;1;127.3
1973-01-12;115.8;1;115.8
1973-01-13;115.1;1;115.1
1973-01-14;104.1;1;104.1
1973-01-15;176.8;1;176.8
1973-01-16;170.5;1;170.5
1973-01-17;158.7;1;158.7
1973-01-18;154.1;1;154.1
1973-01-19;146.4;1;146.4
1973-01-20;136.5;1;136.5
1973-01-21;128.0;1;128.0
1973-01-22;115.8;1;115.8
1973-01-23;109.9;1;109.9
1973-01-24;104.1;1;104.1
1973-01-25;100.8;1;100.8
1973-01-26;92.2;1;92.2
1973-01-27;87.3;1;87.3
1973-01-28;81.2;1;81.2
1973-01-29;72.3;1;72.3
1973-01-30;71.3;1;71.3
1973-01-31;68.0;1;68.0
1973-02-01;70.3;2;70.3
1973-02-02;138.6;2;138.6
1973-02-03;119.9;2;119.9
1973-02-04;97.8;2;97.8
1973-02-05;76.3;2;76.3
1973-02-06;71.3;2;71.3
1973-02-07;68.5;2;68.5
1973-02-08;65.5;2;65.5
1973-02-09;63.0;2;63.0
1973-02-10;60.5;2;60.5
1973-02-11;61.5;2;61.5
1973-02-12;58.5;2;58.5
1973-02-13;56.0;2;56.0
1973-02-14;61.39;2;61.39
1973-02-15;60.46;2;60.46
1973-02-16;61.08;2;61.08
1973-02-17;62.95;2;62.95
1973-02-18;62.02;2;62.02
1973-02-19;60.77;2;60.77
1973-02-20;59.22;2;59.22
1973-02-21;58.6;2;58.6
1973-02-22;59.22;2;59.22
1973-02-23;60.15;2;60.15
1973-02-24;59.22;2;59.22
1973-02-25;57.98;2;57.98
1973-02-26;60.15;2;60.15
1973-02-27;61.7;2;61.7
1973-02-28;59.22;2;59.22
1973-03-01;60.15;3;60.15
1973-03-02;62.33;3;62.33
1973-03-03;63.57;3;63.57
1973-03-04;65.43;3;65.43
1973-03-05;67.3;3;67.3
1973-03-06;70.0;3;70.0
1973-03-07;71.65;3;71.65
1973-03-08;68.54;3;68.54
1973-03-09;68.23;3;68.23
1973-03-10;63.57;3;63.57
1973-03-11;62.64;3;62.64
1973-03-12;62.64;3;62.64
1973-03-13;32.3;3;32.3
1973-03-14;33.0;3;33.0
1973-03-15;31.9;3;31.9
1973-03-16;33.3;3;33.3
1973-03-17;32.6;3;32.6
1973-03-18;31.9;3;31.9
1973-03-19;30.5;3;30.5
1973-03-20;31.2;3;31.2
1973-03-21;32.6;3;32.6
1973-03-22;34.4;3;34.4
1973-03-23;37.2;3;37.2
1973-03-24;38.9;3;38.9
1973-03-25;42.0;3;42.0
1973-03-26;62.5;3;62.5
1973-03-27;67.7;3;67.7
1973-03-28;46.5;3;46.5
1973-03-29;35.1;3;35.1
1973-03-30;37.2;3;37.2
1973-03-31;35.4;3;35.4
1973-04-01;31.2;4;31.2
1973-04-02;29.1;4;29.1
1973-04-03;29.1;4;29.1
1973-04-04;31.2;4;31.2
1973-04-05;30.9;4;30.9
1973-04-06;29.8;4;29.8
1973-04-07;34.4;4;34.4
1973-04-08;37.2;4;37.2
1973-04-09;29.1;4;29.1
1973-04-10;30.2;4;30.2
1973-04-11;33.7;4;33.7
1973-04-12;31.2;4;31.2
1973-04-13;35.4;4;35.4
1973-04-14;37.5;4;37.5
1973-04-15;38.6;4;38.6
1973-04-16;44.5;4;44.5
1973-04-17;50.5;4;50.5
1973-04-18;55.5;4;55.5
1973-04-19;56.0;4;56.0
1973-04-20;58.5;4;58.5
1973-04-21;59.5;4;59.5
1973-04-22;57.5;4;57.5
1973-04-23;62.5;4;62.5
1973-04-24;84.9;4;84.9
1973-04-25;74.9;4;74.9
1973-04-26;72.0;4;72.0
1973-04-27;65.5;4;65.5
1973-04-28;68.0;4;68.0
1973-04-29;79.8;4;79.8
1973-04-30;93.5;4;93.5
1973-05-01;117.1;5;117.1
1973-05-02;118.4;5;118.4
1973-05-03;129.8;5;129.8
1973-05-04;140.2;5;140.2
1973-05-05;151.1;5;151.1
1973-05-06;161.9;5;161.9
1973-05-07;172.8;5;172.8
1973-05-08;183.7;5;183.7
1973-05-09;194.3;5;194.3
1973-05-10;224.8;5;224.8
1973-05-11;197.9;5;197.9
1973-05-12;175.2;5;175.2
1973-05-13;151.6;5;151.6
1973-05-14;139.2;5;139.2
1973-05-15;154.4;5;154.4
1973-05-16;183.7;5;183.7
1973-05-17;177.9;5;177.9
1973-05-18;228.2;5;228.2
1973-05-19;262.8;5;262.8
1973-05-20;283.1;5;283.1
1973-05-21;277.2;5;277.2
1973-05-22;256.3;5;256.3
1973-05-23;258.5;5;258.5
1973-05-24;249.2;5;249.2
1973-05-25;247.1;5;247.1
1973-05-26;238.6;5;238.6
1973-05-27;232.2;5;232.2
1973-05-28;241.3;5;241.3
1973-05-29;276.2;5;276.2
1973-05-30;295.0;5;295.0
1973-05-31;263.5;5;263.5
1973-06-01;274.6;6;274.6
1973-06-02;277.2;6;277.2
1973-06-03;273.2;6;273.2
1973-06-04;269.4;6;269.4
1973-06-05;256.9;6;256.9
1973-06-06;242.6;6;242.6
1973-06-07;240.2;6;240.2
1973-06-08;257.2;6;257.2
1973-06-09;273.7;6;273.7
1973-06-10;261.3;6;261.3
1973-06-11;258.6;6;258.6
1973-06-12;265.0;6;265.0
1973-06-13;271.7;6;271.7
1973-06-14;275.9;6;275.9
1973-06-15;272.4;6;272.4
1973-06-16;263.5;6;263.5
1973-06-17;271.7;6;271.7
1973-06-18;314.9;6;314.9
1973-06-19;322.8;6;322.8
1973-06-20;360.6;6;360.6
1973-06-21;356.3;6;356.3
1973-06-22;346.4;6;346.4
1973-06-23;343.2;6;343.2
1973-06-24;358.0;6;358.0
1973-06-25;388.2;6;388.2
1973-06-26;406.2;6;406.2
1973-06-27;394.0;6;394.0
1973-06-28;383.7;6;383.7
1973-06-29;380.7;6;380.7
1973-06-30;376.0;6;376.0
1973-07-01;376.8;7;376.8
1973-07-02;372.0;7;372.0
1973-07-03;393.4;7;393.4
1973-07-04;390.5;7;390.5
1973-07-05;397.5;7;397.5
1973-07-06;409.9;7;409.9
1973-07-07;412.2;7;412.2
1973-07-08;424.9;7;424.9
1973-07-09;417.0;7;417.0
1973-07-10;411.4;7;411.4
1973-07-11;416.2;7;416.2
1973-07-12;432.5;7;432.5
1973-07-13;429.5;7;429.5
1973-07-14;423.3;7;423.3
1973-07-15;417.0;7;417.0
1973-07-16;418.6;7;418.6
1973-07-17;414.6;7;414.6
1973-07-18;412.2;7;412.2
1973-07-19;414.6;7;414.6
1973-07-20;435.6;7;435.6
1973-07-21;467.8;7;467.8
1973-07-22;471.4;7;471.4
1973-07-23;463.3;7;463.3
1973-07-24;466.9;7;466.9
1973-07-25;469.6;7;469.6
1973-07-26;460.6;7;460.6
1973-07-27;459.7;7;459.7
1973-07-28;464.2;7;464.2
1973-07-29;475.2;7;475.2
1973-07-30;503.6;7;503.6
1973-07-31;497.3;7;497.3
1973-08-01;491.9;8;491.9
1973-08-02;495.5;8;495.5
1973-08-03;487.8;8;487.8
1973-08-04;480.6;8;480.6
1973-08-05;492.3;8;492.3
1973-08-06;475.6;8;475.6
1973-08-07;483.8;8;483.8
1973-08-08;483.0;8;483.0
1973-08-09;482.2;8;482.2
1973-08-10;487.8;8;487.8
1973-08-11;491.9;8;491.9
1973-08-12;495.5;8;495.5
1973-08-13;497.3;8;497.3
1973-08-14;491.9;8;491.9
1973-08-15;467.8;8;467.8
1973-08-16;463.3;8;463.3
1973-08-17;463.3;8;463.3
1973-08-18;479.0;8;479.0
1973-08-19;475.4;8;475.4
1973-08-20;452.8;8;452.8
1973-08-21;440.2;8;440.2
1973-08-22;432.5;8;432.5
1973-08-23;448.5;8;448.5
1973-08-24;452.7;8;452.7
1973-08-25;466.0;8;466.0
1973-08-26;474.8;8;474.8
1973-08-27;488.8;8;488.8
1973-08-28;501.8;8;501.8
1973-08-29;505.4;8;505.4
1973-08-30;509.8;8;509.8
1973-08-31;504.5;8;504.5
1973-09-01;501.8;9;501.8
1973-09-02;495.5;9;495.5
1973-09-03;496.4;9;496.4
1973-09-04;503.6;9;503.6
1973-09-05;497.3;9;497.3
1973-09-06;492.8;9;492.8
1973-09-07;474.8;9;474.8
1973-09-08;463.3;9;463.3
1973-09-09;458.9;9;458.9
1973-09-10;439.3;9;439.3
1973-09-11;418.6;9;418.6
1973-09-12;423.9;9;423.9
1973-09-13;454.4;9;454.4
1973-09-14;477.6;9;477.6
1973-09-15;515.4;9;515.4
1973-09-16;516.2;9;516.2
1973-09-17;519.4;9;519.4
1973-09-18;507.8;9;507.8
1973-09-19;512.2;9;512.2
1973-09-20;520.2;9;520.2
1973-09-21;516.1;9;516.1
1973-09-22;511.4;9;511.4
1973-09-23;513.0;9;513.0
1973-09-24;518.6;9;518.6
1973-09-25;522.9;9;522.9
1973-09-26;535.2;9;535.2
1973-09-27;525.8;9;525.8
1973-09-28;521.0;9;521.0
1973-09-29;535.7;9;535.7
1973-09-30;567.6;9;567.6
1973-10-01;570.2;10;570.2
1973-10-02;571.9;10;571.9
1973-10-03;577.9;10;577.9
1973-10-04;575.3;10;575.3
1973-10-05;566.8;10;566.8
1973-10-06;564.2;10;564.2
1973-10-07;558.2;10;558.2
1973-10-08;548.3;10;548.3
1973-10-09;537.7;10;537.7
1973-10-10;535.2;10;535.2
1973-10-11;549.2;10;549.2
1973-10-12;556.2;10;556.2
1973-10-13;570.2;10;570.2
1973-10-14;581.5;10;581.5
1973-10-15;586.9;10;586.9
1973-10-16;599.2;10;599.2
1973-10-17;600.1;10;600.1
1973-10-18;587.8;10;587.8
1973-10-19;585.1;10;585.1
1973-10-20;583.3;10;583.3
1973-10-21;582.4;10;582.4
1973-10-22;574.5;10;574.5
1973-10-23;554.6;10;554.6
1973-10-24;543.8;10;543.8
1973-10-25;527.5;10;527.5
1973-10-26;527.7;10;527.7
1973-10-27;517.8;10;517.8
1973-10-28;518.6;10;518.6
1973-10-29;530.1;10;530.1
1973-10-30;513.0;10;513.0
1973-10-31;511.3;10;511.3
1973-11-01;512.9;11;512.9
1973-11-02;499.1;11;499.1
1973-11-03;492.0;11;492.0
1973-11-04;483.8;11;483.8
1973-11-05;482.2;11;482.2
1973-11-06;484.6;11;484.6
1973-11-07;498.2;11;498.2
1973-11-08;506.4;11;506.4
1973-11-09;554.5;11;554.5
1973-11-10;570.2;11;570.2
1973-11-11;580.6;11;580.6
1973-11-12;598.4;11;598.4
1973-11-13;605.2;11;605.2
1973-11-14;612.0;11;612.0
1973-11-15;617.4;11;617.4
1973-11-16;619.2;11;619.2
1973-11-17;612.0;11;612.0
1973-11-18;600.1;11;600.1
1973-11-19;602.6;11;602.6
1973-11-20;629.1;11;629.1
1973-11-21;630.8;11;630.8
1973-11-22;639.3;11;639.3
1973-11-23;647.0;11;647.0
1973-11-24;652.4;11;652.4
1973-11-25;657.8;11;657.8
1973-11-26;662.3;11;662.3
1973-11-27;667.0;11;667.0
1973-11-28;672.0;11;672.0
1973-11-29;671.0;11;671.0
1973-11-30;668.0;11;668.0
1973-12-01;668.0;12;668.0
1973-12-02;654.3;12;654.3
1973-12-03;640.2;12;640.2
1973-12-04;635.1;12;635.1
1973-12-05;628.1;12;628.1
1973-12-06;615.6;12;615.6
1973-12-07;609.4;12;609.4
1973-12-08;586.0;12;586.0
1973-12-09;579.7;12;579.7
1973-12-10;574.4;12;574.4
1973-12-11;564.2;12;564.2
1973-12-12;548.3;12;548.3
1973-12-13;537.7;12;537.7
1973-12-14;530.1;12;530.1
1973-12-15;524.2;12;524.2
1973-12-16;532.6;12;532.6
1973-12-17;521.8;12;521.8
1973-12-18;489.6;12;489.6
1973-12-19;479.8;12;479.8
1973-12-20;479.0;12;479.0
1973-12-21;466.9;12;466.9
1973-12-22;460.6;12;460.6
1973-12-23;467.5;12;467.5
1973-12-24;491.9;12;491.9
1973-12-25;483.8;12;483.8
1973-12-26;540.1;12;540.1
1973-12-27;432.5;12;432.5
1973-12-28;417.8;12;417.8
1973-12-29;403.4;12;403.4
1973-12-30;396.2;12;396.2
1973-12-31;413.2;12;413.2
1974-01-01;432.5;1;432.5
1974-01-02;451.0;1;451.0
1974-01-03;441.8;1;441.8
1974-01-04;427.2;1;427.2
1974-01-05;418.6;1;418.6
1974-01-06;416.2;1;416.2
1974-01-07;420.9;1;420.9
1974-01-08;399.7;1;399.7
1974-01-09;387.5;1;387.5
1974-01-10;372.0;1;372.0
1974-01-11;358.9;1;358.9
1974-01-12;389.7;1;389.7
1974-01-13;382.8;1;382.8
1974-01-14;362.2;1;362.2
1974-01-15;363.0;1;363.0
1974-01-16;376.8;1;376.8
1974-01-17;352.1;1;352.1
1974-01-18;331.7;1;331.7
1974-01-19;321.0;1;321.0
1974-01-20;316.4;1;316.4
1974-01-21;313.5;1;313.5
1974-01-22;295.0;1;295.0
1974-01-23;287.1;1;287.1
1974-01-24;273.1;1;273.1
1974-01-25;261.2;1;261.2
1974-01-26;268.7;1;268.7
1974-01-27;268.7;1;268.7
1974-01-28;264.2;1;264.2
1974-01-29;253.4;1;253.4
1974-01-30;243.2;1;243.2
1974-01-31;219.2;1;219.2
1974-02-01;140.2;2;140.2
1974-02-02;137.8;2;137.8
1974-02-03;126.8;2;126.8
1974-02-04;181.1;2;181.1
1974-02-05;178.5;2;178.5
1974-02-06;175.9;2;175.9
1974-02-07;167.0;2;167.0
1974-02-08;177.9;2;177.9
1974-02-09;171.1;2;171.1
1974-02-10;162.8;2;162.8
1974-02-11;172.5;2;172.5
1974-02-12;181.1;2;181.1
1974-02-13;184.4;2;184.4
1974-02-14;179.2;2;179.2
1974-02-15;185.0;2;185.0
1974-02-16;172.5;2;172.5
1974-02-17;158.7;2;158.7
1974-02-18;150.9;2;150.9
1974-02-19;169.8;2;169.8
1974-02-20;179.8;2;179.8
1974-02-21;188.3;2;188.3
1974-02-22;177.9;2;177.9
1974-02-23;169.8;2;169.8
1974-02-24;156.9;2;156.9
1974-02-25;134.2;2;134.2
1974-02-26;132.2;2;132.2
1974-02-27;126.6;2;126.6
1974-02-28;123.1;2;123.1
1974-03-01;128.6;3;128.6
1974-03-02;112.8;3;112.8
1974-03-03;175.8;3;175.8
1974-03-04;201.9;3;201.9
1974-03-05;179.2;3;179.2
1974-03-06;171.2;3;171.2
1974-03-07;169.8;3;169.8
1974-03-08;152.2;3;152.2
1974-03-09;144.0;3;144.0
1974-03-10;139.2;3;139.2
1974-03-11;146.4;3;146.4
1974-03-12;149.6;3;149.6
1974-03-13;141.0;3;141.0
1974-03-14;121.1;3;121.1
1974-03-15;113.2;3;113.2
1974-03-16;108.0;3;108.0
1974-03-17;102.8;3;102.8
1974-03-18;97.6;3;97.6
1974-03-19;113.2;3;113.2
1974-03-20;119.0;3;119.0
1974-03-21;107.3;3;107.3
1974-03-22;105.4;3;105.4
1974-03-23;103.4;3;103.4
1974-03-24;98.9;3;98.9
1974-03-25;142.8;3;142.8
1974-03-26;150.3;3;150.3
1974-03-27;136.5;3;136.5
1974-03-28;121.0;3;121.0
1974-03-29;113.2;3;113.2
1974-03-30;107.3;3;107.3
1974-03-31;105.4;3;105.4
1974-04-01;106.7;4;106.7
1974-04-02;106.0;4;106.0
1974-04-03;123.3;4;123.3
1974-04-04;145.5;4;145.5
1974-04-05;155.4;4;155.4
1974-04-06;141.0;4;141.0
1974-04-07;132.9;4;132.9
1974-04-08;123.8;4;123.8
1974-04-09;128.7;4;128.7
1974-04-10;134.9;4;134.9
1974-04-11;256.3;4;256.3
1974-04-12;242.8;4;242.8
1974-04-13;199.3;4;199.3
1974-04-14;185.0;4;185.0
1974-04-15;201.9;4;201.9
1974-04-16;188.3;4;188.3
1974-04-17;197.5;4;197.5
1974-04-18;211.7;4;211.7
1974-04-19;204.5;4;204.5
1974-04-20;198.1;4;198.1
1974-04-21;181.8;4;181.8
1974-04-22;186.3;4;186.3
1974-04-23;195.4;4;195.4
1974-04-24;213.1;4;213.1
1974-04-25;263.1;4;263.1
1974-04-26;242.3;4;242.3
1974-04-27;222.9;4;222.9
1974-04-28;300.3;4;300.3
1974-04-29;386.7;4;386.7
1974-04-30;364.6;4;364.6
1974-05-01;366.7;5;366.7
1974-05-02;433.2;5;433.2
1974-05-03;423.1;5;423.1
1974-05-04;397.0;5;397.0
1974-05-05;379.4;5;379.4
1974-05-06;380.4;5;380.4
1974-05-07;372.3;5;372.3
1974-05-08;380.4;5;380.4
1974-05-09;390.8;5;390.8
1974-05-10;395.1;5;395.1
1974-05-11;391.0;5;391.0
1974-05-12;388.1;5;388.1
1974-05-13;399.2;5;399.2
1974-05-14;402.9;5;402.9
1974-05-15;413.7;5;413.7
1974-05-16;438.3;5;438.3
1974-05-17;449.2;5;449.2
1974-05-18;443.0;5;443.0
1974-05-19;449.2;5;449.2
1974-05-20;448.4;5;448.4
1974-05-21;441.4;5;441.4
1974-05-22;459.7;5;459.7
1974-05-23;481.7;5;481.7
1974-05-24;474.0;5;474.0
1974-05-25;468.9;5;468.9
1974-05-26;476.9;5;476.9
1974-05-27;465.4;5;465.4
1974-05-28;466.3;5;466.3
1974-05-29;485.2;5;485.2
1974-05-30;491.9;5;491.9
1974-05-31;503.6;5;503.6
1974-06-01;515.2;6;515.2
1974-06-02;527.6;6;527.6
1974-06-03;540.5;6;540.5
1974-06-04;547.7;6;547.7
1974-06-05;544.6;6;544.6
1974-06-06;538.4;6;538.4
1974-06-07;523.6;6;523.6
1974-06-08;506.8;6;506.8
1974-06-09;522.7;6;522.7
1974-06-10;526.2;6;526.2
1974-06-11;518.5;6;518.5
1974-06-12;505.7;6;505.7
1974-06-13;520.7;6;520.7
1974-06-14;534.3;6;534.3
1974-06-15;538.3;6;538.3
1974-06-16;538.5;6;538.5
1974-06-17;527.7;6;527.7
1974-06-18;529.6;6;529.6
1974-06-19;534.0;6;534.0
1974-06-20;517.4;6;517.4
1974-06-21;500.5;6;500.5
1974-06-22;505.1;6;505.1
1974-06-23;499.1;6;499.1
1974-06-24;484.0;6;484.0
1974-06-25;476.1;6;476.1
1974-06-26;482.0;6;482.0
1974-06-27;484.9;6;484.9
1974-06-28;473.9;6;473.9
1974-06-29;474.6;6;474.6
1974-06-30;485.5;6;485.5
1974-07-01;492.5;7;492.5
1974-07-02;481.8;7;481.8
1974-07-03;478.3;7;478.3
1974-07-04;480.7;7;480.7
1974-07-05;491.0;7;491.0
1974-07-06;485.0;7;485.0
1974-07-07;475.7;7;475.7
1974-07-08;472.4;7;472.4
1974-07-09;470.4;7;470.4
1974-07-10;444.5;7;444.5
1974-07-11;433.3;7;433.3
1974-07-12;430.6;7;430.6
1974-07-13;450.2;7;450.2
1974-07-14;439.8;7;439.8
1974-07-15;427.9;7;427.9
1974-07-16;430.4;7;430.4
1974-07-17;416.2;7;416.2
1974-07-18;416.8;7;416.8
1974-07-19;408.0;7;408.0
1974-07-20;408.4;7;408.4
1974-07-21;393.4;7;393.4
1974-07-22;382.1;7;382.1
1974-07-23;399.6;7;399.6
1974-07-24;391.8;7;391.8
1974-07-25;383.3;7;383.3
1974-07-26;413.0;7;413.0
1974-07-27;426.2;7;426.2
1974-07-28;432.2;7;432.2
1974-07-29;429.3;7;429.3
1974-07-30;436.5;7;436.5
1974-07-31;436.6;7;436.6
1974-08-01;446.2;8;446.2
1974-08-02;443.4;8;443.4
1974-08-03;444.0;8;444.0
1974-08-04;452.9;8;452.9
1974-08-05;446.7;8;446.7
1974-08-06;442.7;8;442.7
1974-08-07;435.1;8;435.1
1974-08-08;424.4;8;424.4
1974-08-09;427.4;8;427.4
1974-08-10;431.9;8;431.9
1974-08-11;440.5;8;440.5
1974-08-12;459.3;8;459.3
1974-08-13;510.2;8;510.2
1974-08-14;527.6;8;527.6
1974-08-15;528.1;8;528.1
1974-08-16;518.8;8;518.8
1974-08-17;511.9;8;511.9
1974-08-18;494.6;8;494.6
1974-08-19;479.6;8;479.6
1974-08-20;468.4;8;468.4
1974-08-21;449.9;8;449.9
1974-08-22;433.2;8;433.2
1974-08-23;419.9;8;419.9
1974-08-24;436.3;8;436.3
1974-08-25;463.3;8;463.3
1974-08-26;438.5;8;438.5
1974-08-27;429.0;8;429.0
1974-08-28;421.3;8;421.3
1974-08-29;428.9;8;428.9
1974-08-30;446.4;8;446.4
1974-08-31;448.1;8;448.1
1974-09-01;439.0;9;439.0
1974-09-02;433.5;9;433.5
1974-09-03;433.3;9;433.3
1974-09-04;423.7;9;423.7
1974-09-05;430.5;9;430.5
1974-09-06;462.0;9;462.0
1974-09-07;445.2;9;445.2
1974-09-08;448.8;9;448.8
1974-09-09;458.8;9;458.8
1974-09-10;450.7;9;450.7
1974-09-11;479.1;9;479.1
1974-09-12;466.3;9;466.3
1974-09-13;475.1;9;475.1
1974-09-14;486.8;9;486.8
1974-09-15;479.2;9;479.2
1974-09-16;488.1;9;488.1
1974-09-17;488.3;9;488.3
1974-09-18;484.8;9;484.8
1974-09-19;483.5;9;483.5
1974-09-20;487.7;9;487.7
1974-09-21;482.1;9;482.1
1974-09-22;489.3;9;489.3
1974-09-23;513.2;9;513.2
1974-09-24;518.4;9;518.4
1974-09-25;506.6;9;506.6
1974-09-26;500.6;9;500.6
1974-09-27;520.2;9;520.2
1974-09-28;534.6;9;534.6
1974-09-29;540.6;9;540.6
1974-09-30;546.2;9;546.2
1974-10-01;546.6;10;546.6
1974-10-02;536.3;10;536.3
1974-10-03;537.5;10;537.5
1974-10-04;548.8;10;548.8
1974-10-05;560.4;10;560.4
1974-10-06;571.8;10;571.8
1974-10-07;573.6;10;573.6
1974-10-08;581.2;10;581.2
1974-10-09;586.8;10;586.8
1974-10-10;592.9;10;592.9
1974-10-11;598.3;10;598.3
1974-10-12;596.8;10;596.8
1974-10-13;587.2;10;587.2
1974-10-14;588.1;10;588.1
1974-10-15;582.2;10;582.2
1974-10-16;585.0;10;585.0
1974-10-17;584.6;10;584.6
1974-10-18;588.5;10;588.5
1974-10-19;579.8;10;579.8
1974-10-20;608.3;10;608.3
1974-10-21;621.0;10;621.0
1974-10-22;636.8;10;636.8
1974-10-23;641.9;10;641.9
1974-10-24;644.4;10;644.4
1974-10-25;651.5;10;651.5
1974-10-26;658.7;10;658.7
1974-10-27;656.9;10;656.9
1974-10-28;653.3;10;653.3
1974-10-29;659.6;10;659.6
1974-10-30;668.0;10;668.0
1974-10-31;666.0;10;666.0
1974-11-01;660.5;11;660.5
1974-11-02;647.9;11;647.9
1974-11-03;646.2;11;646.2
1974-11-04;653.3;11;653.3
1974-11-05;668.0;11;668.0
1974-11-06;661.4;11;661.4
1974-11-07;667.3;11;667.3
1974-11-08;678.1;11;678.1
1974-11-09;664.5;11;664.5
1974-11-10;657.2;11;657.2
1974-11-11;666.4;11;666.4
1974-11-12;652.8;11;652.8
1974-11-13;671.7;11;671.7
1974-11-14;691.9;11;691.9
1974-11-15;695.4;11;695.4
1974-11-16;696.4;11;696.4
1974-11-17;691.1;11;691.1
1974-11-18;689.6;11;689.6
1974-11-19;687.3;11;687.3
1974-11-20;701.6;11;701.6
1974-11-21;708.2;11;708.2
1974-11-22;710.5;11;710.5
1974-11-23;712.7;11;712.7
1974-11-24;715.3;11;715.3
1974-11-25;704.4;11;704.4
1974-11-26;710.5;11;710.5
1974-11-27;718.9;11;718.9
1974-11-28;720.9;11;720.9
1974-11-29;723.1;11;723.1
1974-11-30;714.1;11;714.1
1974-12-01;700.2;12;700.2
1974-12-02;686.3;12;686.3
1974-12-03;677.4;12;677.4
1974-12-04;659.7;12;659.7
1974-12-05;648.0;12;648.0
1974-12-06;635.3;12;635.3
1974-12-07;618.9;12;618.9
1974-12-08;603.4;12;603.4
1974-12-09;588.5;12;588.5
1974-12-10;571.4;12;571.4
1974-12-11;557.0;12;557.0
1974-12-12;547.8;12;547.8
1974-12-13;528.1;12;528.1
1974-12-14;504.2;12;504.2
1974-12-15;487.6;12;487.6
1974-12-16;472.7;12;472.7
1974-12-17;457.0;12;457.0
1974-12-18;469.3;12;469.3
1974-12-19;457.3;12;457.3
1974-12-20;433.0;12;433.0
1974-12-21;414.9;12;414.9
1974-12-22;399.7;12;399.7
1974-12-23;387.8;12;387.8
1974-12-24;370.1;12;370.1
1974-12-25;354.6;12;354.6
1974-12-26;342.8;12;342.8
1974-12-27;345.4;12;345.4
1974-12-28;347.7;12;347.7
1974-12-29;327.5;12;327.5
1974-12-30;319.1;12;319.1
1974-12-31;310.6;12;310.6
1975-01-01;295.8;1;295.8
1975-01-02;285.1;1;285.1
1975-01-03;274.2;1;274.2
1975-01-04;265.8;1;265.8
1975-01-05;256.6;1;256.6
1975-01-06;243.0;1;243.0
1975-01-07;232.1;1;232.1
1975-01-08;225.1;1;225.1
1975-01-09;221.4;1;221.4
1975-01-10;219.8;1;219.8
1975-01-11;209.0;1;209.0
1975-01-12;196.1;1;196.1
1975-01-13;186.2;1;186.2
1975-01-14;183.2;1;183.2
1975-01-15;175.4;1;175.4
1975-01-16;168.1;1;168.1
1975-01-17;167.6;1;167.6
1975-01-18;163.8;1;163.8
1975-01-19;159.1;1;159.1
1975-01-20;149.7;1;149.7
1975-01-21;141.5;1;141.5
1975-01-22;143.3;1;143.3
1975-01-23;166.7;1;166.7
1975-01-24;186.2;1;186.2
1975-01-25;145.4;1;145.4
1975-01-26;138.0;1;138.0
1975-01-27;128.8;1;128.8
1975-01-28;120.2;1;120.2
1975-01-29;112.2;1;112.2
1975-01-30;105.0;1;105.0
1975-01-31;99.6;1;99.6
1975-02-01;95.4;2;95.4
1975-02-02;91.0;2;91.0
1975-02-03;87.6;2;87.6
1975-02-04;88.5;2;88.5
1975-02-05;84.5;2;84.5
1975-02-06;84.9;2;84.9
1975-02-07;83.4;2;83.4
1975-02-08;99.4;2;99.4
1975-02-09;94.2;2;94.2
1975-02-10;90.2;2;90.2
1975-02-11;95.4;2;95.4
1975-02-12;87.1;2;87.1
1975-02-13;93.8;2;93.8
1975-02-14;90.0;2;90.0
1975-02-15;78.9;2;78.9
1975-02-16;71.5;2;71.5
1975-02-17;67.3;2;67.3
1975-02-18;65.2;2;65.2
1975-02-19;63.0;2;63.0
1975-02-20;62.4;2;62.4
1975-02-21;60.9;2;60.9
1975-02-22;75.0;2;75.0
1975-02-23;66.9;2;66.9
1975-02-24;59.3;2;59.3
1975-02-25;59.0;2;59.0
1975-02-26;57.6;2;57.6
1975-02-27;54.3;2;54.3
1975-02-28;55.4;2;55.4
1975-03-01;55.0;3;55.0
1975-03-02;61.4;3;61.4
1975-03-03;88.2;3;88.2
1975-03-04;95.2;3;95.2
1975-03-05;79.9;3;79.9
1975-03-06;87.5;3;87.5
1975-03-07;128.3;3;128.3
1975-03-08;109.1;3;109.1
1975-03-09;90.5;3;90.5
1975-03-10;77.2;3;77.2
1975-03-11;69.3;3;69.3
1975-03-12;69.7;3;69.7
1975-03-13;66.5;3;66.5
1975-03-14;68.2;3;68.2
1975-03-15;64.3;3;64.3
1975-03-16;63.0;3;63.0
1975-03-17;63.2;3;63.2
1975-03-18;59.9;3;59.9
1975-03-19;55.3;3;55.3
1975-03-20;52.9;3;52.9
1975-03-21;53.9;3;53.9
1975-03-22;54.4;3;54.4
1975-03-23;54.5;3;54.5
1975-03-24;51.5;3;51.5
1975-03-25;52.1;3;52.1
1975-03-26;52.6;3;52.6
1975-03-27;55.5;3;55.5
1975-03-28;55.8;3;55.8
1975-03-29;58.6;3;58.6
1975-03-30;62.2;3;62.2
1975-03-31;66.1;3;66.1
1975-04-01;64.2;4;64.2
1975-04-02;57.1;4;57.1
1975-04-03;52.6;4;52.6
1975-04-04;58.2;4;58.2
1975-04-05;57.1;4;57.1
1975-04-06;66.6;4;66.6
1975-04-07;71.9;4;71.9
1975-04-08;83.1;4;83.1
1975-04-09;66.2;4;66.2
1975-04-10;57.4;4;57.4
1975-04-11;57.4;4;57.4
1975-04-12;64.9;4;64.9
1975-04-13;59.4;4;59.4
1975-04-14;54.4;4;54.4
1975-04-15;51.6;4;51.6
1975-04-16;58.7;4;58.7
1975-04-17;54.6;4;54.6
1975-04-18;50.1;4;50.1
1975-04-19;47.3;4;47.3
1975-04-20;46.0;4;46.0
1975-04-21;46.4;4;46.4
1975-04-22;55.8;4;55.8
1975-04-23;62.8;4;62.8
1975-04-24;60.1;4;60.1
1975-04-25;54.5;4;54.5
1975-04-26;50.9;4;50.9
1975-04-27;50.0;4;50.0
1975-04-28;50.5;4;50.5
1975-04-29;66.5;4;66.5
1975-04-30;69.3;4;69.3
1975-05-01;83.0;5;83.0
1975-05-02;78.8;5;78.8
1975-05-03;67.0;5;67.0
1975-05-04;77.0;5;77.0
1975-05-05;86.4;5;86.4
1975-05-06;111.2;5;111.2
1975-05-07;122.5;5;122.5
1975-05-08;136.0;5;136.0
1975-05-09;152.2;5;152.2
1975-05-10;149.6;5;149.6
1975-05-11;133.8;5;133.8
1975-05-12;223.0;5;223.0
1975-05-13;207.0;5;207.0
1975-05-14;260.3;5;260.3
1975-05-15;216.8;5;216.8
1975-05-16;225.5;5;225.5
1975-05-17;217.0;5;217.0
1975-05-18;217.0;5;217.0
1975-05-19;224.1;5;224.1
1975-05-20;223.5;5;223.5
1975-05-21;214.9;5;214.9
1975-05-22;245.2;5;245.2
1975-05-23;257.6;5;257.6
1975-05-24;256.9;5;256.9
1975-05-25;259.0;5;259.0
1975-05-26;276.4;5;276.4
1975-05-27;275.1;5;275.1
1975-05-28;295.0;5;295.0
1975-05-29;294.4;5;294.4
1975-05-30;291.0;5;291.0
1975-05-31;301.5;5;301.5
1975-06-01;308.4;6;308.4
1975-06-02;328.2;6;328.2
1975-06-03;325.8;6;325.8
1975-06-04;317.1;6;317.1
1975-06-05;313.5;6;313.5
1975-06-06;312.1;6;312.1
1975-06-07;311.4;6;311.4
1975-06-08;319.4;6;319.4
1975-06-09;321.8;6;321.8
1975-06-10;335.8;6;335.8
1975-06-11;322.6;6;322.6
1975-06-12;321.8;6;321.8
1975-06-13;320.2;6;320.2
1975-06-14;313.5;6;313.5
1975-06-15;310.0;6;310.0
1975-06-16;286.6;6;286.6
1975-06-17;309.2;6;309.2
1975-06-18;324.2;6;324.2
1975-06-19;321.8;6;321.8
1975-06-20;321.0;6;321.0
1975-06-21;321.8;6;321.8
1975-06-22;322.6;6;322.6
1975-06-23;327.4;6;327.4
1975-06-24;368.8;6;368.8
1975-06-25;352.9;6;352.9
1975-06-26;372.3;6;372.3
1975-06-27;411.8;6;411.8
1975-06-28;425.3;6;425.3
1975-06-29;447.8;6;447.8
1975-06-30;426.3;6;426.3
1975-07-01;463.3;7;463.3
1975-07-02;461.5;7;461.5
1975-07-03;466.0;7;466.0
1975-07-04;458.9;7;458.9
1975-07-05;446.8;7;446.8
1975-07-06;454.8;7;454.8
1975-07-07;459.4;7;459.4
1975-07-08;471.5;7;471.5
1975-07-09;504.3;7;504.3
1975-07-10;521.8;7;521.8
1975-07-11;533.5;7;533.5
1975-07-12;538.0;7;538.0
1975-07-13;534.3;7;534.3
1975-07-14;541.9;7;541.9
1975-07-15;554.5;7;554.5
1975-07-16;565.5;7;565.5
1975-07-17;570.8;7;570.8
1975-07-18;567.5;7;567.5
1975-07-19;558.7;7;558.7
1975-07-20;554.9;7;554.9
1975-07-21;568.7;7;568.7
1975-07-22;571.8;7;571.8
1975-07-23;578.0;7;578.0
1975-07-24;581.9;7;581.9
1975-07-25;596.8;7;596.8
1975-07-26;609.4;7;609.4
1975-07-27;610.3;7;610.3
1975-07-28;616.5;7;616.5
1975-07-29;607.7;7;607.7
1975-07-30;588.7;7;588.7
1975-07-31;576.2;7;576.2
1975-08-01;566.8;8;566.8
1975-08-02;563.4;8;563.4
1975-08-03;576.2;8;576.2
1975-08-04;591.4;8;591.4
1975-08-05;599.2;8;599.2
1975-08-06;606.0;8;606.0
1975-08-07;616.5;8;616.5
1975-08-08;621.0;8;621.0
1975-08-09;614.7;8;614.7
1975-08-10;612.9;8;612.9
1975-08-11;620.1;8;620.1
1975-08-12;613.8;8;613.8
1975-08-13;610.4;8;610.4
1975-08-14;618.3;8;618.3
1975-08-15;622.8;8;622.8
1975-08-16;621.0;8;621.0
1975-08-17;627.3;8;627.3
1975-08-18;648.0;8;648.0
1975-08-19;659.6;8;659.6
1975-08-20;664.1;8;664.1
1975-08-21;670.0;8;670.0
1975-08-22;679.0;8;679.0
1975-08-23;684.9;8;684.9
1975-08-24;695.4;8;695.4
1975-08-25;699.2;8;699.2
1975-08-26;701.1;8;701.1
1975-08-27;696.4;8;696.4
1975-08-28;693.5;8;693.5
1975-08-29;706.1;8;706.1
1975-08-30;713.4;8;713.4
1975-08-31;717.6;8;717.6
1975-09-01;713.4;9;713.4
1975-09-02;710.3;9;710.3
1975-09-03;711.3;9;711.3
1975-09-04;710.3;9;710.3
1975-09-05;698.3;9;698.3
1975-09-06;698.3;9;698.3
1975-09-07;700.2;9;700.2
1975-09-08;707.1;9;707.1
1975-09-09;713.4;9;713.4
1975-09-10;708.2;9;708.2
1975-09-11;700.2;9;700.2
1975-09-12;697.3;9;697.3
1975-09-13;691.6;9;691.6
1975-09-14;676.0;9;676.0
1975-09-15;662.3;9;662.3
1975-09-16;684.8;9;684.8
1975-09-17;703.7;9;703.7
1975-09-18;723.9;9;723.9
1975-09-19;728.0;9;728.0
1975-09-20;730.0;9;730.0
1975-09-21;736.0;9;736.0
1975-09-22;733.0;9;733.0
1975-09-23;734.0;9;734.0
1975-09-24;730.0;9;730.0
1975-09-25;715.5;9;715.5
1975-09-26;712.4;9;712.4
1975-09-27;724.9;9;724.9
1975-09-28;734.0;9;734.0
1975-09-29;733.0;9;733.0
1975-09-30;736.0;9;736.0
1975-10-01;736.0;10;736.0
1975-10-02;735.0;10;735.0
1975-10-03;724.9;10;724.9
1975-10-04;719.7;10;719.7
1975-10-05;714.5;10;714.5
1975-10-06;720.8;10;720.8
1975-10-07;729.0;10;729.0
1975-10-08;736.0;10;736.0
1975-10-09;734.0;10;734.0
1975-10-10;735.0;10;735.0
1975-10-11;738.0;10;738.0
1975-10-12;738.0;10;738.0
1975-10-13;740.0;10;740.0
1975-10-14;740.0;10;740.0
1975-10-15;740.0;10;740.0
1975-10-16;742.0;10;742.0
1975-10-17;747.8;10;747.8
1975-10-18;749.7;10;749.7
1975-10-19;745.9;10;745.9
1975-10-20;741.9;10;741.9
1975-10-21;747.8;10;747.8
1975-10-22;741.0;10;741.0
1975-10-23;734.0;10;734.0
1975-10-24;726.0;10;726.0
1975-10-25;721.8;10;721.8
1975-10-26;719.7;10;719.7
1975-10-27;726.9;10;726.9
1975-10-28;728.0;10;728.0
1975-10-29;730.0;10;730.0
1975-10-30;734.0;10;734.0
1975-10-31;742.0;10;742.0
1975-11-01;744.0;11;744.0
1975-11-02;744.9;11;744.9
1975-11-03;745.9;11;745.9
1975-11-04;744.0;11;744.0
1975-11-05;740.0;11;740.0
1975-11-06;736.0;11;736.0
1975-11-07;729.0;11;729.0
1975-11-08;720.8;11;720.8
1975-11-09;723.9;11;723.9
1975-11-10;719.7;11;719.7
1975-11-11;724.9;11;724.9
1975-11-12;720.8;11;720.8
1975-11-13;705.4;11;705.4
1975-11-14;705.1;11;705.1
1975-11-15;725.8;11;725.8
1975-11-16;740.0;11;740.0
1975-11-17;742.0;11;742.0
1975-11-18;738.0;11;738.0
1975-11-19;744.0;11;744.0
1975-11-20;744.9;11;744.9
1975-11-21;735.9;11;735.9
1975-11-22;747.8;11;747.8
1975-11-23;749.7;11;749.7
1975-11-24;751.6;11;751.6
1975-11-25;749.7;11;749.7
1975-11-26;747.8;11;747.8
1975-11-27;744.0;11;744.0
1975-11-28;740.0;11;740.0
1975-11-29;738.0;11;738.0
1975-11-30;734.0;11;734.0
1975-12-01;715.5;12;715.5
1975-12-02;710.3;12;710.3
1975-12-03;693.5;12;693.5
1975-12-04;675.0;12;675.0
1975-12-05;655.1;12;655.1
1975-12-06;678.0;12;678.0
1975-12-07;667.0;12;667.0
1975-12-08;659.6;12;659.6
1975-12-09;670.1;12;670.1
1975-12-10;676.0;12;676.0
1975-12-11;658.7;12;658.7
1975-12-12;658.7;12;658.7
1975-12-13;671.0;12;671.0
1975-12-14;665.1;12;665.1
1975-12-15;650.7;12;650.7
1975-12-16;644.4;12;644.4
1975-12-17;659.6;12;659.6
1975-12-18;662.3;12;662.3
1975-12-19;662.4;12;662.4
1975-12-20;647.1;12;647.1
1975-12-21;629.8;12;629.8
1975-12-22;617.4;12;617.4
1975-12-23;609.4;12;609.4
1975-12-24;661.4;12;661.4
1975-12-25;636.8;12;636.8
1975-12-26;608.6;12;608.6
1975-12-27;593.1;12;593.1
1975-12-28;582.4;12;582.4
1975-12-29;556.1;12;556.1
1975-12-30;533.5;12;533.5
1975-12-31;532.6;12;532.6
1976-01-01;509.3;1;509.3
1976-01-02;487.8;1;487.8
1976-01-03;469.6;1;469.6
1976-01-04;453.8;1;453.8
1976-01-05;431.0;1;431.0
1976-01-06;416.2;1;416.2
1976-01-07;405.5;1;405.5
1976-01-08;394.1;1;394.1
1976-01-09;386.7;1;386.7
1976-01-10;373.6;1;373.6
1976-01-11;362.2;1;362.2
1976-01-12;346.4;1;346.4
1976-01-13;340.0;1;340.0
1976-01-14;327.4;1;327.4
1976-01-15;317.2;1;317.2
1976-01-16;307.2;1;307.2
1976-01-17;297.4;1;297.4
1976-01-18;291.8;1;291.8
1976-01-19;283.1;1;283.1
1976-01-20;277.2;1;277.2
1976-01-21;267.8;1;267.8
1976-01-22;261.3;1;261.3
1976-01-23;277.9;1;277.9
1976-01-24;271.0;1;271.0
1976-01-25;257.7;1;257.7
1976-01-26;256.9;1;256.9
1976-01-27;249.9;1;249.9
1976-01-28;238.6;1;238.6
1976-01-29;224.8;1;224.8
1976-01-30;218.5;1;218.5
1976-01-31;212.7;1;212.7
1976-02-01;202.5;2;202.5
1976-02-02;183.7;2;183.7
1976-02-03;168.4;2;168.4
1976-02-04;164.2;2;164.2
1976-02-05;154.1;2;154.1
1976-02-06;146.4;2;146.4
1976-02-07;141.0;2;141.0
1976-02-08;143.5;2;143.5
1976-02-09;165.7;2;165.7
1976-02-10;178.5;2;178.5
1976-02-11;163.6;2;163.6
1976-02-12;202.1;2;202.1
1976-02-13;252.1;2;252.1
1976-02-14;271.0;2;271.0
1976-02-15;234.8;2;234.8
1976-02-16;214.1;2;214.1
1976-02-17;159.1;2;159.1
1976-02-18;146.4;2;146.4
1976-02-19;141.0;2;141.0
1976-02-20;134.8;2;134.8
1976-02-21;128.0;2;128.0
1976-02-22;118.4;2;118.4
1976-02-23;109.3;2;109.3
1976-02-24;105.4;2;105.4
1976-02-25;111.9;2;111.9
1976-02-26;141.0;2;141.0
1976-02-27;152.2;2;152.2
1976-02-28;141.0;2;141.0
1976-02-29;134.9;2;134.9
1976-03-01;138.6;3;138.6
1976-03-02;132.2;3;132.2
1976-03-03;133.6;3;133.6
1976-03-04;133.5;3;133.5
1976-03-05;128.0;3;128.0
1976-03-06;141.0;3;141.0
1976-03-07;147.9;3;147.9
1976-03-08;135.5;3;135.5
1976-03-09;130.1;3;130.1
1976-03-10;123.1;3;123.1
1976-03-11;117.7;3;117.7
1976-03-12;106.0;3;106.0
1976-03-13;91.7;3;91.7
1976-03-14;83.8;3;83.8
1976-03-15;81.9;3;81.9
1976-03-16;83.7;3;83.7
1976-03-17;77.0;3;77.0
1976-03-18;81.9;3;81.9
1976-03-19;79.8;3;79.8
1976-03-20;81.2;3;81.2
1976-03-21;79.1;3;79.1
1976-03-22;73.5;3;73.5
1976-03-23;69.5;3;69.5
1976-03-24;66.0;3;66.0
1976-03-25;59.5;3;59.5
1976-03-26;58.0;3;58.0
1976-03-27;57.0;3;57.0
1976-03-28;56.0;3;56.0
1976-03-29;57.0;3;57.0
1976-03-30;54.5;3;54.5
1976-03-31;52.5;3;52.5
1976-04-01;-999.000;4;181.8
1976-04-02;-999.000;4;380.7
1976-04-03;-999.000;4;377.0
1976-04-04;-999.000;4;241.3
1976-04-05;-999.000;4;258.6
1976-04-06;-999.000;4;284.95
1976-04-07;-999.000;4;188.3
1976-04-08;-999.000;4;91.52
1976-04-09;-999.000;4;211.8
1976-04-10;-999.000;4;300.3
1976-04-11;-999.000;4;436.2
1976-04-12;-999.000;4;152.15
1976-04-13;-999.000;4;192.6
1976-04-14;-999.000;4;460.6
1976-04-15;-999.000;4;314.7
1976-04-16;-999.000;4;452.5
1976-04-17;-999.000;4;297.4
1976-04-18;-999.000;4;101.5
1976-04-19;-999.000;4;174.871
1976-04-20;-999.000;4;116.7
1976-04-21;-999.000;4;42.2
1976-04-22;-999.000;4;89.7
1976-04-23;-999.000;4;503.6
1976-04-24;-999.000;4;155.858
1976-04-25;-999.000;4;413.0
1976-04-26;-999.000;4;316.7
1976-04-27;-999.000;4;118.6
1976-04-28;-999.000;4;123.4
1976-04-29;-999.000;4;215.1
1976-04-30;-999.000;4;131.0
1976-05-01;244.1;5;244.1
1976-05-02;257.6;5;257.6
1976-05-03;252.7;5;252.7
1976-05-04;251.3;5;251.3
1976-05-05;259.8;5;259.8
1976-05-06;269.0;5;269.0
1976-05-07;292.6;5;292.6
1976-05-08;331.2;5;331.2
1976-05-09;322.1;5;322.1
1976-05-10;294.2;5;294.2
1976-05-11;287.3;5;287.3
1976-05-12;312.8;5;312.8
1976-05-13;293.4;5;293.4
1976-05-14;277.0;5;277.0
1976-05-15;278.5;5;278.5
1976-05-16;281.8;5;281.8
1976-05-17;277.1;5;277.1
1976-05-18;272.4;5;272.4
1976-05-19;281.8;5;281.8
1976-05-20;282.4;5;282.4
1976-05-21;293.4;5;293.4
1976-05-22;296.6;5;296.6
1976-05-23;281.8;5;281.8
1976-05-24;268.0;5;268.0
1976-05-25;260.5;5;260.5
1976-05-26;278.3;5;278.3
1976-05-27;298.2;5;298.2
1976-05-28;308.6;5;308.6
1976-05-29;328.5;5;328.5
1976-05-30;358.0;5;358.0
1976-05-31;372.8;5;372.8
1976-06-01;364.7;6;364.7
1976-06-02;365.4;6;365.4
1976-06-03;376.0;6;376.0
1976-06-04;387.5;6;387.5
1976-06-05;389.7;6;389.7
1976-06-06;386.7;6;386.7
1976-06-07;386.0;6;386.0
1976-06-08;392.7;6;392.7
1976-06-09;385.2;6;385.2
1976-06-10;407.0;6;407.0
1976-06-11;428.7;6;428.7
1976-06-12;440.1;6;440.1
1976-06-13;451.0;6;451.0
1976-06-14;446.8;6;446.8
1976-06-15;455.4;6;455.4
1976-06-16;469.6;6;469.6
1976-06-17;494.1;6;494.1
1976-06-18;499.1;6;499.1
1976-06-19;487.0;6;487.0
1976-06-20;479.8;6;479.8
1976-06-21;487.2;6;487.2
1976-06-22;503.6;6;503.6
1976-06-23;506.3;6;506.3
1976-06-24;504.5;6;504.5
1976-06-25;508.1;6;508.1
1976-06-26;516.2;6;516.2
1976-06-27;539.5;6;539.5
1976-06-28;547.4;6;547.4
1976-06-29;565.9;6;565.9
1976-06-30;581.5;6;581.5
1976-07-01;586.9;7;586.9
1976-07-02;593.2;7;593.2
1976-07-03;600.1;7;600.1
1976-07-04;606.9;7;606.9
1976-07-05;609.4;7;609.4
1976-07-06;608.6;7;608.6
1976-07-07;608.6;7;608.6
1976-07-08;598.4;7;598.4
1976-07-09;603.5;7;603.5
1976-07-10;617.4;7;617.4
1976-07-11;623.7;7;623.7
1976-07-12;629.9;7;629.9
1976-07-13;638.5;7;638.5
1976-07-14;641.9;7;641.9
1976-07-15;641.9;7;641.9
1976-07-16;635.1;7;635.1
1976-07-17;625.5;7;625.5
1976-07-18;617.4;7;617.4
1976-07-19;608.6;7;608.6
1976-07-20;606.9;7;606.9
1976-07-21;602.6;7;602.6
1976-07-22;604.3;7;604.3
1976-07-23;602.6;7;602.6
1976-07-24;597.5;7;597.5
1976-07-25;592.3;7;592.3
1976-07-26;575.4;7;575.4
1976-07-27;559.0;7;559.0
1976-07-28;542.9;7;542.9
1976-07-29;529.2;7;529.2
1976-07-30;520.2;7;520.2
1976-07-31;512.2;7;512.2
1976-08-01;500.9;8;500.9
1976-08-02;489.4;8;489.4
1976-08-03;484.6;8;484.6
1976-08-04;470.5;8;470.5
1976-08-05;483.8;8;483.8
1976-08-06;470.5;8;470.5
1976-08-07;472.3;8;472.3
1976-08-08;466.9;8;466.9
1976-08-09;452.7;8;452.7
1976-08-10;445.1;8;445.1
1976-08-11;452.7;8;452.7
1976-08-12;463.3;8;463.3
1976-08-13;461.5;8;461.5
1976-08-14;465.1;8;465.1
1976-08-15;458.0;8;458.0
1976-08-16;425.7;8;425.7
1976-08-17;432.5;8;432.5
1976-08-18;407.6;8;407.6
1976-08-19;400.6;8;400.6
1976-08-20;390.5;8;390.5
1976-08-21;392.7;8;392.7
1976-08-22;396.4;8;396.4
1976-08-23;405.5;8;405.5
1976-08-24;418.5;8;418.5
1976-08-25;436.2;8;436.2
1976-08-26;451.9;8;451.9
1976-08-27;457.9;8;457.9
1976-08-28;479.8;8;479.8
1976-08-29;506.3;8;506.3
1976-08-30;507.1;8;507.1
1976-08-31;493.7;8;493.7
1976-09-01;481.4;9;481.4
1976-09-02;464.2;9;464.2
1976-09-03;446.8;9;446.8
1976-09-04;431.0;9;431.0
1976-09-05;422.6;9;422.6
1976-09-06;409.9;9;409.9
1976-09-07;400.6;9;400.6
1976-09-08;389.0;9;389.0
1976-09-09;386.0;9;386.0
1976-09-10;384.5;9;384.5
1976-09-11;390.5;9;390.5
1976-09-12;390.5;9;390.5
1976-09-13;389.7;9;389.7
1976-09-14;389.0;9;389.0
1976-09-15;398.5;9;398.5
1976-09-16;399.9;9;399.9
1976-09-17;390.5;9;390.5
1976-09-18;379.9;9;379.9
1976-09-19;373.6;9;373.6
1976-09-20;360.6;9;360.6
1976-09-21;352.1;9;352.1
1976-09-22;361.4;9;361.4
1976-09-23;368.8;9;368.8
1976-09-24;392.9;9;392.9
1976-09-25;397.0;9;397.0
1976-09-26;387.5;9;387.5
1976-09-27;397.8;9;397.8
1976-09-28;404.8;9;404.8
1976-09-29;411.4;9;411.4
1976-09-30;416.2;9;416.2
1976-10-01;439.3;10;439.3
1976-10-02;455.3;10;455.3
1976-10-03;482.2;10;482.2
1976-10-04;492.0;10;492.0
1976-10-05;502.7;10;502.7
1976-10-06;513.8;10;513.8
1976-10-07;528.5;10;528.5
1976-10-08;536.0;10;536.0
1976-10-09;530.1;10;530.1
1976-10-10;525.0;10;525.0
1976-10-11;526.7;10;526.7
1976-10-12;533.5;10;533.5
1976-10-13;525.1;10;525.1
1976-10-14;515.4;10;515.4
1976-10-15;508.0;10;508.0
1976-10-16;498.2;10;498.2
1976-10-17;489.4;10;489.4
1976-10-18;498.2;10;498.2
1976-10-19;509.7;10;509.7
1976-10-20;512.2;10;512.2
1976-10-21;506.3;10;506.3
1976-10-22;502.7;10;502.7
1976-10-23;490.2;10;490.2
1976-10-24;484.6;10;484.6
1976-10-25;481.4;10;481.4
1976-10-26;482.2;10;482.2
1976-10-27;474.0;10;474.0
1976-10-28;464.2;10;464.2
1976-10-29;452.7;10;452.7
1976-10-30;453.6;10;453.6
1976-10-31;463.3;10;463.3
1976-11-01;474.8;11;474.8
1976-11-02;485.4;11;485.4
1976-11-03;492.8;11;492.8
1976-11-04;501.8;11;501.8
1976-11-05;503.6;11;503.6
1976-11-06;508.9;11;508.9
1976-11-07;513.0;11;513.0
1976-11-08;503.6;11;503.6
1976-11-09;492.0;11;492.0
1976-11-10;484.6;11;484.6
1976-11-11;488.1;11;488.1
1976-11-12;496.4;11;496.4
1976-11-13;490.2;11;490.2
1976-11-14;483.0;11;483.0
1976-11-15;487.8;11;487.8
1976-11-16;489.4;11;489.4
1976-11-17;482.2;11;482.2
1976-11-18;473.9;11;473.9
1976-11-19;464.2;11;464.2
1976-11-20;445.9;11;445.9
1976-11-21;440.9;11;440.9
1976-11-22;434.0;11;434.0
1976-11-23;424.9;11;424.9
1976-11-24;414.6;11;414.6
1976-11-25;404.8;11;404.8
1976-11-26;408.4;11;408.4
1976-11-27;421.8;11;421.8
1976-11-28;423.4;11;423.4
1976-11-29;411.5;11;411.5
1976-11-30;399.9;11;399.9
1976-12-01;391.2;12;391.2
1976-12-02;383.7;12;383.7
1976-12-03;375.2;12;375.2
1976-12-04;371.2;12;371.2
1976-12-05;370.4;12;370.4
1976-12-06;346.3;12;346.3
1976-12-07;340.7;12;340.7
1976-12-08;334.4;12;334.4
1976-12-09;327.4;12;327.4
1976-12-10;320.2;12;320.2
1976-12-11;312.8;12;312.8
1976-12-12;306.5;12;306.5
1976-12-13;299.8;12;299.8
1976-12-14;293.4;12;293.4
1976-12-15;287.1;12;287.1
1976-12-16;281.8;12;281.8
1976-12-17;274.5;12;274.5
1976-12-18;267.2;12;267.2
1976-12-19;259.0;12;259.0
1976-12-20;252.7;12;252.7
1976-12-21;245.6;12;245.6
1976-12-22;237.0;12;237.0
1976-12-23;229.1;12;229.1
1976-12-24;222.7;12;222.7
1976-12-25;214.2;12;214.2
1976-12-26;204.5;12;204.5
1976-12-27;193.5;12;193.5
1976-12-28;185.0;12;185.0
1976-12-29;177.2;12;177.2
1976-12-30;167.7;12;167.7
1976-12-31;158.7;12;158.7
1977-01-01;124.1;1;124.1
1977-01-02;122.3;1;122.3
1977-01-03;111.5;1;111.5
1977-01-04;108.1;1;108.1
1977-01-05;117.0;1;117.0
1977-01-06;107.6;1;107.6
1977-01-07;97.6;1;97.6
1977-01-08;92.8;1;92.8
1977-01-09;90.0;1;90.0
1977-01-10;86.7;1;86.7
1977-01-11;83.8;1;83.8
1977-01-12;80.5;1;80.5
1977-01-13;77.0;1;77.0
1977-01-14;73.5;1;73.5
1977-01-15;70.7;1;70.7
1977-01-16;68.5;1;68.5
1977-01-17;68.5;1;68.5
1977-01-18;66.5;1;66.5
1977-01-19;67.5;1;67.5
1977-01-20;68.5;1;68.5
1977-01-21;66.5;1;66.5
1977-01-22;63.5;1;63.5
1977-01-23;67.5;1;67.5
1977-01-24;80.5;1;80.5
1977-01-25;92.2;1;92.2
1977-01-26;104.7;1;104.7
1977-01-27;117.1;1;117.1
1977-01-28;128.7;1;128.7
1977-01-29;142.2;1;142.2
1977-01-30;147.7;1;147.7
1977-01-31;141.0;1;141.0
1977-02-01;134.2;2;134.2
1977-02-02;125.2;2;125.2
1977-02-03;119.7;2;119.7
1977-02-04;114.5;2;114.5
1977-02-05;108.6;2;108.6
1977-02-06;102.8;2;102.8
1977-02-07;97.6;2;97.6
1977-02-08;92.8;2;92.8
1977-02-09;87.8;2;87.8
1977-02-10;81.2;2;81.2
1977-02-11;75.6;2;75.6
1977-02-12;69.5;2;69.5
1977-02-13;66.5;2;66.5
1977-02-14;64.0;2;64.0
1977-02-15;61.0;2;61.0
1977-02-16;62.5;2;62.5
1977-02-17;61.0;2;61.0
1977-02-18;61.0;2;61.0
1977-02-19;57.5;2;57.5
1977-02-20;55.5;2;55.5
1977-02-21;55.0;2;55.0
1977-02-22;56.5;2;56.5
1977-02-23;54.5;2;54.5
1977-02-24;53.5;2;53.5
1977-02-25;55.5;2;55.5
1977-02-26;53.5;2;53.5
1977-02-27;54.5;2;54.5
1977-02-28;56.5;2;56.5
1977-03-01;58.5;3;58.5
1977-03-02;61.0;3;61.0
1977-03-03;63.5;3;63.5
1977-03-04;62.5;3;62.5
1977-03-05;61.0;3;61.0
1977-03-06;62.5;3;62.5
1977-03-07;59.5;3;59.5
1977-03-08;57.5;3;57.5
1977-03-09;54.0;3;54.0
1977-03-10;57.52;3;57.52
1977-03-11;57.38;3;57.38
1977-03-12;56.42;3;56.42
1977-03-13;56.27;3;56.27
1977-03-14;56.27;3;56.27
1977-03-15;55.91;3;55.91
1977-03-16;55.69;3;55.69
1977-03-17;54.95;3;54.95
1977-03-18;38.6;3;38.6
1977-03-19;35.4;3;35.4
1977-03-20;40.1;3;40.1
1977-03-21;40.1;3;40.1
1977-03-22;39.0;3;39.0
1977-03-23;36.2;3;36.2
1977-03-24;37.0;3;37.0
1977-03-25;39.9;3;39.9
1977-03-26;50.3;3;50.3
1977-03-27;45.4;3;45.4
1977-03-28;40.1;3;40.1
1977-03-29;39.9;3;39.9
1977-03-30;39.2;3;39.2
1977-03-31;38.2;3;38.2
1977-04-01;40.9;4;40.9
1977-04-02;42.2;4;42.2
1977-04-03;41.5;4;41.5
1977-04-04;43.0;4;43.0
1977-04-05;40.2;4;40.2
1977-04-06;73.5;4;73.5
1977-04-07;79.1;4;79.1
1977-04-08;82.6;4;82.6
1977-04-09;90.6;4;90.6
1977-04-10;100.2;4;100.2
1977-04-11;108.6;4;108.6
1977-04-12;117.7;4;117.7
1977-04-13;52.97;4;52.97
1977-04-14;38.5;4;38.5
1977-04-15;90.1;4;90.1
1977-04-16;68.7;4;68.7
1977-04-17;59.4;4;59.4
1977-04-18;55.7;4;55.7
1977-04-19;108.8;4;108.8
1977-04-20;166.9;4;166.9
1977-04-21;125.3;4;125.3
1977-04-22;101.5;4;101.5
1977-04-23;99.5;4;99.5
1977-04-24;135.5;4;135.5
1977-04-25;157.9;4;157.9
1977-04-26;198.2;4;198.2
1977-04-27;174.7;4;174.7
1977-04-28;167.5;4;167.5
1977-04-29;192.2;4;192.2
1977-04-30;218.0;4;218.0
1977-05-01;196.2;5;196.2
1977-05-02;187.2;5;187.2
1977-05-03;193.1;5;193.1
1977-05-04;186.8;5;186.8
1977-05-05;185.0;5;185.0
1977-05-06;182.9;5;182.9
1977-05-07;183.9;5;183.9
1977-05-08;195.3;5;195.3
1977-05-09;189.7;5;189.7
1977-05-10;181.0;5;181.0
1977-05-11;245.7;5;245.7
1977-05-12;238.6;5;238.6
1977-05-13;236.9;5;236.9
1977-05-14;236.4;5;236.4
1977-05-15;217.0;5;217.0
1977-05-16;296.4;5;296.4
1977-05-17;316.6;5;316.6
1977-05-18;337.9;5;337.9
1977-05-19;312.9;5;312.9
1977-05-20;310.5;5;310.5
1977-05-21;338.6;5;338.6
1977-05-22;352.4;5;352.4
1977-05-23;346.5;5;346.5
1977-05-24;373.6;5;373.6
1977-05-25;414.2;5;414.2
1977-05-26;399.3;5;399.3
1977-05-27;458.2;5;458.2
1977-05-28;436.9;5;436.9
1977-05-29;425.1;5;425.1
1977-05-30;430.7;5;430.7
1977-05-31;438.9;5;438.9
1977-06-01;463.3;6;463.3
1977-06-02;470.4;6;470.4
1977-06-03;461.5;6;461.5
1977-06-04;461.0;6;461.0
1977-06-05;453.7;6;453.7
1977-06-06;436.9;6;436.9
1977-06-07;431.7;6;431.7
1977-06-08;433.6;6;433.6
1977-06-09;428.5;6;428.5
1977-06-10;445.3;6;445.3
1977-06-11;480.3;6;480.3
1977-06-12;468.9;6;468.9
1977-06-13;460.6;6;460.6
1977-06-14;457.1;6;457.1
1977-06-15;460.2;6;460.2
1977-06-16;472.3;6;472.3
1977-06-17;471.6;6;471.6
1977-06-18;481.8;6;481.8
1977-06-19;505.8;6;505.8
1977-06-20;510.7;6;510.7
1977-06-21;515.4;6;515.4
1977-06-22;525.7;6;525.7
1977-06-23;529.6;6;529.6
1977-06-24;550.1;6;550.1
1977-06-25;550.7;6;550.7
1977-06-26;553.4;6;553.4
1977-06-27;547.0;6;547.0
1977-06-28;547.4;6;547.4
1977-06-29;557.7;6;557.7
1977-06-30;560.2;6;560.2
1977-07-01;567.2;7;567.2
1977-07-02;569.8;7;569.8
1977-07-03;585.5;7;585.5
1977-07-04;588.5;7;588.5
1977-07-05;580.8;7;580.8
1977-07-06;576.2;7;576.2
1977-07-07;587.0;7;587.0
1977-07-08;591.3;7;591.3
1977-07-09;594.1;7;594.1
1977-07-10;560.2;7;560.2
1977-07-11;621.9;7;621.9
1977-07-12;623.9;7;623.9
1977-07-13;617.3;7;617.3
1977-07-14;612.0;7;612.0
1977-07-15;603.0;7;603.0
1977-07-16;587.1;7;587.1
1977-07-17;579.7;7;579.7
1977-07-18;576.0;7;576.0
1977-07-19;582.7;7;582.7
1977-07-20;579.0;7;579.0
1977-07-21;585.5;7;585.5
1977-07-22;587.8;7;587.8
1977-07-23;574.0;7;574.0
1977-07-24;564.2;7;564.2
1977-07-25;562.1;7;562.1
1977-07-26;554.6;7;554.6
1977-07-27;550.6;7;550.6
1977-07-28;559.5;7;559.5
1977-07-29;557.2;7;557.2
1977-07-30;543.0;7;543.0
1977-07-31;534.5;7;534.5
1977-08-01;523.8;8;523.8
1977-08-02;515.3;8;515.3
1977-08-03;506.5;8;506.5
1977-08-04;500.5;8;500.5
1977-08-05;510.0;8;510.0
1977-08-06;522.3;8;522.3
1977-08-07;519.9;8;519.9
1977-08-08;530.7;8;530.7
1977-08-09;542.9;8;542.9
1977-08-10;551.6;8;551.6
1977-08-11;554.9;8;554.9
1977-08-12;552.2;8;552.2
1977-08-13;563.2;8;563.2
1977-08-14;565.1;8;565.1
1977-08-15;564.2;8;564.2
1977-08-16;561.7;8;561.7
1977-08-17;560.8;8;560.8
1977-08-18;563.4;8;563.4
1977-08-19;568.5;8;568.5
1977-08-20;571.0;8;571.0
1977-08-21;579.1;8;579.1
1977-08-22;582.4;8;582.4
1977-08-23;583.3;8;583.3
1977-08-24;583.3;8;583.3
1977-08-25;581.5;8;581.5
1977-08-26;579.7;8;579.7
1977-08-27;580.6;8;580.6
1977-08-28;586.3;8;586.3
1977-08-29;581.5;8;581.5
1977-08-30;581.8;8;581.8
1977-08-31;578.6;8;578.6
1977-09-01;573.6;9;573.6
1977-09-02;568.5;9;568.5
1977-09-03;565.9;9;565.9
1977-09-04;564.2;9;564.2
1977-09-05;559.9;9;559.9
1977-09-06;555.5;9;555.5
1977-09-07;551.9;9;551.9
1977-09-08;545.6;9;545.6
1977-09-09;536.9;9;536.9
1977-09-10;525.9;9;525.9
1977-09-11;519.4;9;519.4
1977-09-12;543.3;9;543.3
1977-09-13;544.2;9;544.2
1977-09-14;547.9;9;547.9
1977-09-15;545.6;9;545.6
1977-09-16;540.0;9;540.0
1977-09-17;549.6;9;549.6
1977-09-18;548.3;9;548.3
1977-09-19;549.6;9;549.6
1977-09-20;539.5;9;539.5
1977-09-21;526.7;9;526.7
1977-09-22;531.8;9;531.8
1977-09-23;533.5;9;533.5
1977-09-24;526.7;9;526.7
1977-09-25;523.4;9;523.4
1977-09-26;521.8;9;521.8
1977-09-27;518.6;9;518.6
1977-09-28;514.6;9;514.6
1977-09-29;511.4;9;511.4
1977-09-30;513.0;9;513.0
1977-10-01;514.6;10;514.6
1977-10-02;513.0;10;513.0
1977-10-03;512.2;10;512.2
1977-10-04;513.8;10;513.8
1977-10-05;511.4;10;511.4
1977-10-06;504.5;10;504.5
1977-10-07;496.4;10;496.4
1977-10-08;492.8;10;492.8
1977-10-09;491.9;10;491.9
1977-10-10;492.5;10;492.5
1977-10-11;507.6;10;507.6
1977-10-12;523.5;10;523.5
1977-10-13;537.7;10;537.7
1977-10-14;544.7;10;544.7
1977-10-15;548.3;10;548.3
1977-10-16;548.3;10;548.3
1977-10-17;551.9;10;551.9
1977-10-18;557.3;10;557.3
1977-10-19;558.2;10;558.2
1977-10-20;562.7;10;562.7
1977-10-21;562.5;10;562.5
1977-10-22;560.0;10;560.0
1977-10-23;573.1;10;573.1
1977-10-24;583.1;10;583.1
1977-10-25;575.5;10;575.5
1977-10-26;569.5;10;569.5
1977-10-27;562.5;10;562.5
1977-10-28;560.8;10;560.8
1977-10-29;563.4;10;563.4
1977-10-30;560.8;10;560.8
1977-10-31;558.2;10;558.2
1977-11-01;559.9;11;559.9
1977-11-02;566.8;11;566.8
1977-11-03;570.2;11;570.2
1977-11-04;570.2;11;570.2
1977-11-05;568.4;11;568.4
1977-11-06;559.9;11;559.9
1977-11-07;555.5;11;555.5
1977-11-08;551.9;11;551.9
1977-11-09;545.6;11;545.6
1977-11-10;538.2;11;538.2
1977-11-11;543.0;11;543.0
1977-11-12;549.2;11;549.2
1977-11-13;545.6;11;545.6
1977-11-14;542.0;11;542.0
1977-11-15;541.1;11;541.1
1977-11-16;547.7;11;547.7
1977-11-17;549.2;11;549.2
1977-11-18;550.1;11;550.1
1977-11-19;553.7;11;553.7
1977-11-20;556.4;11;556.4
1977-11-21;552.8;11;552.8
1977-11-22;545.6;11;545.6
1977-11-23;538.6;11;538.6
1977-11-24;530.1;11;530.1
1977-11-25;525.0;11;525.0
1977-11-26;527.4;11;527.4
1977-11-27;530.1;11;530.1
1977-11-28;530.9;11;530.9
1977-11-29;534.3;11;534.3
1977-11-30;536.0;11;536.0
1977-12-01;533.5;12;533.5
1977-12-02;536.2;12;536.2
1977-12-03;545.8;12;545.8
1977-12-04;527.6;12;527.6
1977-12-05;515.4;12;515.4
1977-12-06;502.2;12;502.2
1977-12-07;491.6;12;491.6
1977-12-08;498.4;12;498.4
1977-12-09;523.2;12;523.2
1977-12-10;500.0;12;500.0
1977-12-11;489.5;12;489.5
1977-12-12;513.3;12;513.3
1977-12-13;501.1;12;501.1
1977-12-14;499.1;12;499.1
1977-12-15;500.9;12;500.9
1977-12-16;500.9;12;500.9
1977-12-17;488.0;12;488.0
1977-12-18;471.4;12;471.4
1977-12-19;462.4;12;462.4
1977-12-20;451.9;12;451.9
1977-12-21;449.7;12;449.7
1977-12-22;438.0;12;438.0
1977-12-23;421.8;12;421.8
1977-12-24;410.7;12;410.7
1977-12-25;400.6;12;400.6
1977-12-26;388.2;12;388.2
1977-12-27;382.0;12;382.0
1977-12-28;384.6;12;384.6
1977-12-29;375.6;12;375.6
1977-12-30;384.6;12;384.6
1977-12-31;386.0;12;386.0
1978-01-01;-999.000;1;358.9
1978-01-02;-999.000;1;198.4
1978-01-03;-999.000;1;143.3
1978-01-04;-999.000;1;275.3
1978-01-05;-999.000;1;312.6
1978-01-06;-999.000;1;387.5
1978-01-07;-999.000;1;311.637
1978-01-08;-999.000;1;122.3
1978-01-09;-999.000;1;156.8
1978-01-10;-999.000;1;169.4
1978-01-11;-999.000;1;255.7
1978-01-12;-999.000;1;367.6
1978-01-13;-999.000;1;212.6
1978-01-14;-999.000;1;286.1
1978-01-15;-999.000;1;363.0
1978-01-16;-999.000;1;301.05
1978-01-17;-999.000;1;268.3
1978-01-18;-999.000;1;167.933
1978-01-19;-999.000;1;318.4
1978-01-20;-999.000;1;179.0
1978-01-21;-999.000;1;356.4
1978-01-22;-999.000;1;104.7
1978-01-23;-999.000;1;176.7
1978-01-24;-999.000;1;291.0
1978-01-25;-999.000;1;81.62
1978-01-26;-999.000;1;155.4
1978-01-27;-999.000;1;96.8
1978-01-28;-999.000;1;113.2
1978-01-29;-999.000;1;561.5
1978-01-30;-999.000;1;215.8
1978-01-31;-999.000;1;271.458
1978-02-01;-999.000;2;197.5
1978-02-02;-999.000;2;70.0
1978-02-03;-999.000;2;239.783
1978-02-04;-999.000;2;84.43
1978-02-05;-999.000;2;155.1
1978-02-06;-999.000;2;171.479
1978-02-07;-999.000;2;56.0
1978-02-08;-999.000;2;132.2
1978-02-09;-999.000;2;269.4
1978-02-10;-999.000;2;144.4
1978-02-11;-999.000;2;63.0
1978-02-12;-999.000;2;190.0
1978-02-13;-999.000;2;61.0
1978-02-14;-999.000;2;129.2
1978-02-15;-999.000;2;63.06
1978-02-16;-999.000;2;104.9
1978-02-17;-999.000;2;77.1
1978-02-18;-999.000;2;132.8
1978-02-19;-999.000;2;194.9
1978-02-20;-999.000;2;129.705
1978-02-21;-999.000;2;202.8
1978-02-22;-999.000;2;383.0
1978-02-23;-999.000;2;151.995
1978-02-24;-999.000;2;336.2
1978-02-25;-999.000;2;343.6
1978-02-26;-999.000;2;55.4
1978-02-27;-999.000;2;104.1
1978-02-28;-999.000;2;160.3
1978-03-01;120.1;3;120.1
1978-03-02;111.2;3;111.2
1978-03-03;105.6;3;105.6
1978-03-04;122.5;3;122.5
1978-03-05;114.7;3;114.7
1978-03-06;115.4;3;115.4
1978-03-07;114.5;3;114.5
1978-03-08;110.5;3;110.5
1978-03-09;103.4;3;103.4
1978-03-10;98.8;3;98.8
1978-03-11;101.8;3;101.8
1978-03-12;109.2;3;109.2
1978-03-13;118.5;3;118.5
1978-03-14;105.5;3;105.5
1978-03-15;94.4;3;94.4
1978-03-16;87.2;3;87.2
1978-03-17;82.3;3;82.3
1978-03-18;77.1;3;77.1
1978-03-19;70.9;3;70.9
1978-03-20;68.2;3;68.2
1978-03-21;68.3;3;68.3
1978-03-22;66.3;3;66.3
1978-03-23;63.5;3;63.5
1978-03-24;64.1;3;64.1
1978-03-25;66.6;3;66.6
1978-03-26;79.4;3;79.4
1978-03-27;86.7;3;86.7
1978-03-28;126.8;3;126.8
1978-03-29;339.3;3;339.3
1978-03-30;308.8;3;308.8
1978-03-31;292.1;3;292.1
1978-04-01;231.8;4;231.8
1978-04-02;235.4;4;235.4
1978-04-03;249.2;4;249.2
1978-04-04;236.3;4;236.3
1978-04-05;208.6;4;208.6
1978-04-06;220.4;4;220.4
1978-04-07;207.7;4;207.7
1978-04-08;247.1;4;247.1
1978-04-09;268.5;4;268.5
1978-04-10;287.6;4;287.6
1978-04-11;286.5;4;286.5
1978-04-12;276.7;4;276.7
1978-04-13;310.5;4;310.5
1978-04-14;309.4;4;309.4
1978-04-15;308.5;4;308.5
1978-04-16;320.0;4;320.0
1978-04-17;350.3;4;350.3
1978-04-18;356.7;4;356.7
1978-04-19;366.1;4;366.1
1978-04-20;367.7;4;367.7
1978-04-21;358.6;4;358.6
1978-04-22;356.3;4;356.3
1978-04-23;365.5;4;365.5
1978-04-24;363.2;4;363.2
1978-04-25;358.9;4;358.9
1978-04-26;363.0;4;363.0
1978-04-27;369.5;4;369.5
1978-04-28;412.3;4;412.3
1978-04-29;424.5;4;424.5
1978-04-30;407.7;4;407.7
1978-05-01;406.9;5;406.9
1978-05-02;414.2;5;414.2
1978-05-03;422.3;5;422.3
1978-05-04;428.8;5;428.8
1978-05-05;447.1;5;447.1
1978-05-06;447.0;5;447.0
1978-05-07;447.8;5;447.8
1978-05-08;428.1;5;428.1
1978-05-09;435.4;5;435.4
1978-05-10;445.7;5;445.7
1978-05-11;449.6;5;449.6
1978-05-12;459.1;5;459.1
1978-05-13;463.1;5;463.1
1978-05-14;474.3;5;474.3
1978-05-15;481.7;5;481.7
1978-05-16;475.5;5;475.5
1978-05-17;481.8;5;481.8
1978-05-18;488.6;5;488.6
1978-05-19;494.3;5;494.3
1978-05-20;496.1;5;496.1
1978-05-21;507.6;5;507.6
1978-05-22;499.2;5;499.2
1978-05-23;486.0;5;486.0
1978-05-24;476.5;5;476.5
1978-05-25;468.4;5;468.4
1978-05-26;480.9;5;480.9
1978-05-27;507.2;5;507.2
1978-05-28;517.0;5;517.0
1978-05-29;534.9;5;534.9
1978-05-30;545.5;5;545.5
1978-05-31;562.5;5;562.5
1978-06-01;558.6;6;558.6
1978-06-02;546.6;6;546.6
1978-06-03;566.4;6;566.4
1978-06-04;579.4;6;579.4
1978-06-05;568.5;6;568.5
1978-06-06;564.9;6;564.9
1978-06-07;572.0;6;572.0
1978-06-08;579.0;6;579.0
1978-06-09;599.7;6;599.7
1978-06-10;617.9;6;617.9
1978-06-11;647.2;6;647.2
1978-06-12;658.2;6;658.2
1978-06-13;665.3;6;665.3
1978-06-14;668.4;6;668.4
1978-06-15;667.6;6;667.6
1978-06-16;663.3;6;663.3
1978-06-17;680.5;6;680.5
1978-06-18;679.2;6;679.2
1978-06-19;674.8;6;674.8
1978-06-20;675.0;6;675.0
1978-06-21;681.0;6;681.0
1978-06-22;688.8;6;688.8
1978-06-23;689.7;6;689.7
1978-06-24;693.5;6;693.5
1978-06-25;689.9;6;689.9
1978-06-26;696.2;6;696.2
1978-06-27;699.3;6;699.3
1978-06-28;700.2;6;700.2
1978-06-29;703.8;6;703.8
1978-06-30;718.2;6;718.2
1978-07-01;722.8;7;722.8
1978-07-02;706.9;7;706.9
1978-07-03;705.7;7;705.7
1978-07-04;702.1;7;702.1
1978-07-05;689.4;7;689.4
1978-07-06;674.0;7;674.0
1978-07-07;672.1;7;672.1
1978-07-08;674.1;7;674.1
1978-07-09;674.2;7;674.2
1978-07-10;669.9;7;669.9
1978-07-11;670.4;7;670.4
1978-07-12;670.7;7;670.7
1978-07-13;670.0;7;670.0
1978-07-14;662.5;7;662.5
1978-07-15;641.4;7;641.4
1978-07-16;665.0;7;665.0
1978-07-17;632.5;7;632.5
1978-07-18;640.2;7;640.2
1978-07-19;629.1;7;629.1
1978-07-20;623.7;7;623.7
1978-07-21;623.7;7;623.7
1978-07-22;608.6;7;608.6
1978-07-23;625.5;7;625.5
1978-07-24;625.3;7;625.3
1978-07-25;612.9;7;612.9
1978-07-26;606.0;7;606.0
1978-07-27;602.6;7;602.6
1978-07-28;597.5;7;597.5
1978-07-29;600.1;7;600.1
1978-07-30;602.6;7;602.6
1978-07-31;600.9;7;600.9
1978-08-01;609.4;8;609.4
1978-08-02;614.7;8;614.7
1978-08-03;626.4;8;626.4
1978-08-04;634.2;8;634.2
1978-08-05;636.8;8;636.8
1978-08-06;643.6;8;643.6
1978-08-07;660.5;8;660.5
1978-08-08;642.1;8;642.1
1978-08-09;617.4;8;617.4
1978-08-10;606.9;8;606.9
1978-08-11;604.3;8;604.3
1978-08-12;618.3;8;618.3
1978-08-13;627.3;8;627.3
1978-08-14;621.0;8;621.0
1978-08-15;606.9;8;606.9
1978-08-16;600.9;8;600.9
1978-08-17;600.9;8;600.9
1978-08-18;591.4;8;591.4
1978-08-19;585.1;8;585.1
1978-08-20;581.5;8;581.5
1978-08-21;577.9;8;577.9
1978-08-22;592.3;8;592.3
1978-08-23;593.1;8;593.1
1978-08-24;601.8;8;601.8
1978-08-25;607.7;8;607.7
1978-08-26;612.9;8;612.9
1978-08-27;619.2;8;619.2
1978-08-28;611.1;8;611.1
1978-08-29;623.7;8;623.7
1978-08-30;623.7;8;623.7
1978-08-31;622.8;8;622.8
1978-09-01;598.2;9;598.2
1978-09-02;602.7;9;602.7
1978-09-03;595.6;9;595.6
1978-09-04;601.6;9;601.6
1978-09-05;596.2;9;596.2
1978-09-06;579.8;9;579.8
1978-09-07;593.2;9;593.2
1978-09-08;576.6;9;576.6
1978-09-09;560.5;9;560.5
1978-09-10;546.8;9;546.8
1978-09-11;541.3;9;541.3
1978-09-12;540.9;9;540.9
1978-09-13;550.5;9;550.5
1978-09-14;538.8;9;538.8
1978-09-15;523.8;9;523.8
1978-09-16;537.5;9;537.5
1978-09-17;543.5;9;543.5
1978-09-18;540.3;9;540.3
1978-09-19;551.4;9;551.4
1978-09-20;559.7;9;559.7
1978-09-21;542.3;9;542.3
1978-09-22;540.8;9;540.8
1978-09-23;550.5;9;550.5
1978-09-24;546.3;9;546.3
1978-09-25;534.5;9;534.5
1978-09-26;548.8;9;548.8
1978-09-27;578.0;9;578.0
1978-09-28;578.6;9;578.6
1978-09-29;581.8;9;581.8
1978-09-30;577.3;9;577.3
1978-10-01;538.6;10;538.6
1978-10-02;538.6;10;538.6
1978-10-03;547.4;10;547.4
1978-10-04;551.0;10;551.0
1978-10-05;557.3;10;557.3
1978-10-06;560.8;10;560.8
1978-10-07;565.1;10;565.1
1978-10-08;567.6;10;567.6
1978-10-09;573.6;10;573.6
1978-10-10;571.9;10;571.9
1978-10-11;574.4;10;574.4
1978-10-12;584.2;10;584.2
1978-10-13;591.4;10;591.4
1978-10-14;596.7;10;596.7
1978-10-15;606.0;10;606.0
1978-10-16;609.4;10;609.4
1978-10-17;617.4;10;617.4
1978-10-18;620.1;10;620.1
1978-10-19;622.8;10;622.8
1978-10-20;628.2;10;628.2
1978-10-21;629.1;10;629.1
1978-10-22;636.8;10;636.8
1978-10-23;632.5;10;632.5
1978-10-24;623.7;10;623.7
1978-10-25;621.9;10;621.9
1978-10-26;619.2;10;619.2
1978-10-27;617.4;10;617.4
1978-10-28;623.7;10;623.7
1978-10-29;635.9;10;635.9
1978-10-30;629.9;10;629.9
1978-10-31;623.7;10;623.7
1978-11-01;634.2;11;634.2
1978-11-02;656.9;11;656.9
1978-11-03;666.0;11;666.0
1978-11-04;671.0;11;671.0
1978-11-05;655.0;11;655.0
1978-11-06;631.7;11;631.7
1978-11-07;627.3;11;627.3
1978-11-08;623.7;11;623.7
1978-11-09;617.4;11;617.4
1978-11-10;612.0;11;612.0
1978-11-11;607.7;11;607.7
1978-11-12;605.2;11;605.2
1978-11-13;600.1;11;600.1
1978-11-14;606.9;11;606.9
1978-11-15;606.0;11;606.0
1978-11-16;599.2;11;599.2
1978-11-17;603.5;11;603.5
1978-11-18;604.3;11;604.3
1978-11-19;597.5;11;597.5
1978-11-20;609.4;11;609.4
1978-11-21;604.3;11;604.3
1978-11-22;613.8;11;613.8
1978-11-23;602.6;11;602.6
1978-11-24;600.9;11;600.9
1978-11-25;607.7;11;607.7
1978-11-26;606.0;11;606.0
1978-11-27;593.0;11;593.0
1978-11-28;588.6;11;588.6
1978-11-29;585.1;11;585.1
1978-11-30;582.5;11;582.5
1978-12-01;519.4;12;519.4
1978-12-02;524.4;12;524.4
1978-12-03;523.7;12;523.7
1978-12-04;523.8;12;523.8
1978-12-05;511.4;12;511.4
1978-12-06;514.6;12;514.6
1978-12-07;514.5;12;514.5
1978-12-08;512.2;12;512.2
1978-12-09;517.0;12;517.0
1978-12-10;521.8;12;521.8
1978-12-11;517.8;12;517.8
1978-12-12;515.4;12;515.4
1978-12-13;502.4;12;502.4
1978-12-14;490.2;12;490.2
1978-12-15;489.6;12;489.6
1978-12-16;481.6;12;481.6
1978-12-17;478.3;12;478.3
1978-12-18;475.5;12;475.5
1978-12-19;453.3;12;453.3
1978-12-20;452.9;12;452.9
1978-12-21;467.2;12;467.2
1978-12-22;462.1;12;462.1
1978-12-23;444.0;12;444.0
1978-12-24;427.2;12;427.2
1978-12-25;412.5;12;412.5
1978-12-26;400.0;12;400.0
1978-12-27;388.6;12;388.6
1978-12-28;376.4;12;376.4
1978-12-29;363.7;12;363.7
1978-12-30;350.1;12;350.1
1978-12-31;338.2;12;338.2
1979-01-01;325.5;1;325.5
1979-01-02;310.1;1;310.1
1979-01-03;295.8;1;295.8
1979-01-04;282.1;1;282.1
1979-01-05;268.7;1;268.7
1979-01-06;256.0;1;256.0
1979-01-07;245.2;1;245.2
1979-01-08;232.1;1;232.1
1979-01-09;221.0;1;221.0
1979-01-10;210.9;1;210.9
1979-01-11;201.1;1;201.1
1979-01-12;192.6;1;192.6
1979-01-13;183.6;1;183.6
1979-01-14;176.0;1;176.0
1979-01-15;167.6;1;167.6
1979-01-16;159.6;1;159.6
1979-01-17;152.9;1;152.9
1979-01-18;144.8;1;144.8
1979-01-19;138.4;1;138.4
1979-01-20;131.4;1;131.4
1979-01-21;137.4;1;137.4
1979-01-22;119.7;1;119.7
1979-01-23;113.2;1;113.2
1979-01-24;127.5;1;127.5
1979-01-25;142.2;1;142.2
1979-01-26;129.4;1;129.4
1979-01-27;119.7;1;119.7
1979-01-28;113.2;1;113.2
1979-01-29;94.4;1;94.4
1979-01-30;90.6;1;90.6
1979-01-31;85.1;1;85.1
1979-02-01;80.5;2;80.5
1979-02-02;75.6;2;75.6
1979-02-03;66.7;2;66.7
1979-02-04;66.0;2;66.0
1979-02-05;63.0;2;63.0
1979-02-06;62.0;2;62.0
1979-02-07;61.0;2;61.0
1979-02-08;61.5;2;61.5
1979-02-09;61.0;2;61.0
1979-02-10;60.5;2;60.5
1979-02-11;59.5;2;59.5
1979-02-12;57.5;2;57.5
1979-02-13;58.5;2;58.5
1979-02-14;55.5;2;55.5
1979-02-15;77.7;2;77.7
1979-02-16;72.8;2;72.8
1979-02-17;68.0;2;68.0
1979-02-18;64.5;2;64.5
1979-02-19;61.0;2;61.0
1979-02-20;59.5;2;59.5
1979-02-21;63.8;2;63.8
1979-02-22;62.58;2;62.58
1979-02-23;61.63;2;61.63
1979-02-24;61.28;2;61.28
1979-02-25;61.42;2;61.42
1979-02-26;60.78;2;60.78
1979-02-27;66.94;2;66.94
1979-02-28;69.2;2;69.2
1979-03-01;79.9;3;79.9
1979-03-02;72.7;3;72.7
1979-03-03;63.6;3;63.6
1979-03-04;65.0;3;65.0
1979-03-05;59.5;3;59.5
1979-03-06;53.9;3;53.9
1979-03-07;56.9;3;56.9
1979-03-08;74.3;3;74.3
1979-03-09;78.3;3;78.3
1979-03-10;81.9;3;81.9
1979-03-11;103.5;3;103.5
1979-03-12;104.1;3;104.1
1979-03-13;80.6;3;80.6
1979-03-14;69.4;3;69.4
1979-03-15;70.9;3;70.9
1979-03-16;64.9;3;64.9
1979-03-17;58.6;3;58.6
1979-03-18;58.8;3;58.8
1979-03-19;58.4;3;58.4
1979-03-20;53.0;3;53.0
1979-03-21;50.5;3;50.5
1979-03-22;49.2;3;49.2
1979-03-23;47.2;3;47.2
1979-03-24;46.2;3;46.2
1979-03-25;45.2;3;45.2
1979-03-26;44.4;3;44.4
1979-03-27;40.3;3;40.3
1979-03-28;48.7;3;48.7
1979-03-29;82.0;3;82.0
1979-03-30;67.9;3;67.9
1979-03-31;64.0;3;64.0
1979-04-01;59.2;4;59.2
1979-04-02;52.6;4;52.6
1979-04-03;57.6;4;57.6
1979-04-04;87.3;4;87.3
1979-04-05;82.7;4;82.7
1979-04-06;86.9;4;86.9
1979-04-07;75.0;4;75.0
1979-04-08;121.1;4;121.1
1979-04-09;161.9;4;161.9
1979-04-10;168.1;4;168.1
1979-04-11;154.0;4;154.0
1979-04-12;140.7;4;140.7
1979-04-13;114.8;4;114.8
1979-04-14;95.1;4;95.1
1979-04-15;87.4;4;87.4
1979-04-16;90.7;4;90.7
1979-04-17;84.2;4;84.2
1979-04-18;78.1;4;78.1
1979-04-19;104.8;4;104.8
1979-04-20;118.2;4;118.2
1979-04-21;105.8;4;105.8
1979-04-22;100.3;4;100.3
1979-04-23;132.6;4;132.6
1979-04-24;156.6;4;156.6
1979-04-25;135.7;4;135.7
1979-04-26;135.4;4;135.4
1979-04-27;147.9;4;147.9
1979-04-28;212.2;4;212.2
1979-04-29;233.1;4;233.1
1979-04-30;250.5;4;250.5
1979-05-01;258.4;5;258.4
1979-05-02;265.9;5;265.9
1979-05-03;266.1;5;266.1
1979-05-04;297.0;5;297.0
1979-05-05;285.7;5;285.7
1979-05-06;281.8;5;281.8
1979-05-07;287.0;5;287.0
1979-05-08;273.0;5;273.0
1979-05-09;262.2;5;262.2
1979-05-10;251.2;5;251.2
1979-05-11;244.0;5;244.0
1979-05-12;238.8;5;238.8
1979-05-13;269.9;5;269.9
1979-05-14;256.6;5;256.6
1979-05-15;257.2;5;257.2
1979-05-16;246.5;5;246.5
1979-05-17;277.5;5;277.5
1979-05-18;286.2;5;286.2
1979-05-19;306.2;5;306.2
1979-05-20;312.8;5;312.8
1979-05-21;331.0;5;331.0
1979-05-22;426.5;5;426.5
1979-05-23;431.9;5;431.9
1979-05-24;424.6;5;424.6
1979-05-25;404.1;5;404.1
1979-05-26;382.1;5;382.1
1979-05-27;381.6;5;381.6
1979-05-28;390.6;5;390.6
1979-05-29;394.6;5;394.6
1979-05-30;378.3;5;378.3
1979-05-31;371.6;5;371.6
1979-06-01;367.2;6;367.2
1979-06-02;395.8;6;395.8
1979-06-03;432.9;6;432.9
1979-06-04;416.7;6;416.7
1979-06-05;410.3;6;410.3
1979-06-06;415.5;6;415.5
1979-06-07;401.0;6;401.0
1979-06-08;345.5;6;345.5
1979-06-09;363.7;6;363.7
1979-06-10;356.1;6;356.1
1979-06-11;365.5;6;365.5
1979-06-12;404.9;6;404.9
1979-06-13;394.4;6;394.4
1979-06-14;417.1;6;417.1
1979-06-15;430.6;6;430.6
1979-06-16;434.8;6;434.8
1979-06-17;440.9;6;440.9
1979-06-18;448.9;6;448.9
1979-06-19;457.4;6;457.4
1979-06-20;451.2;6;451.2
1979-06-21;439.4;6;439.4
1979-06-22;433.6;6;433.6
1979-06-23;446.7;6;446.7
1979-06-24;486.7;6;486.7
1979-06-25;519.5;6;519.5
1979-06-26;517.9;6;517.9
1979-06-27;511.9;6;511.9
1979-06-28;496.3;6;496.3
1979-06-29;490.1;6;490.1
1979-06-30;492.9;6;492.9
1979-07-01;495.3;7;495.3
1979-07-02;494.6;7;494.6
1979-07-03;497.9;7;497.9
1979-07-04;500.4;7;500.4
1979-07-05;499.8;7;499.8
1979-07-06;497.0;7;497.0
1979-07-07;493.2;7;493.2
1979-07-08;495.6;7;495.6
1979-07-09;494.7;7;494.7
1979-07-10;493.5;7;493.5
1979-07-11;485.9;7;485.9
1979-07-12;490.2;7;490.2
1979-07-13;511.8;7;511.8
1979-07-14;531.3;7;531.3
1979-07-15;528.8;7;528.8
1979-07-16;524.5;7;524.5
1979-07-17;545.5;7;545.5
1979-07-18;533.9;7;533.9
1979-07-19;545.9;7;545.9
1979-07-20;546.6;7;546.6
1979-07-21;542.1;7;542.1
1979-07-22;548.3;7;548.3
1979-07-23;542.7;7;542.7
1979-07-24;540.3;7;540.3
1979-07-25;538.0;7;538.0
1979-07-26;536.4;7;536.4
1979-07-27;534.8;7;534.8
1979-07-28;528.0;7;528.0
1979-07-29;519.1;7;519.1
1979-07-30;511.5;7;511.5
1979-07-31;502.5;7;502.5
1979-08-01;496.8;8;496.8
1979-08-02;489.7;8;489.7
1979-08-03;485.9;8;485.9
1979-08-04;481.1;8;481.1
1979-08-05;469.4;8;469.4
1979-08-06;465.8;8;465.8
1979-08-07;480.3;8;480.3
1979-08-08;459.4;8;459.4
1979-08-09;436.9;8;436.9
1979-08-10;456.4;8;456.4
1979-08-11;476.1;8;476.1
1979-08-12;436.3;8;436.3
1979-08-13;412.3;8;412.3
1979-08-14;404.3;8;404.3
1979-08-15;476.2;8;476.2
1979-08-16;477.9;8;477.9
1979-08-17;469.7;8;469.7
1979-08-18;522.1;8;522.1
1979-08-19;523.9;8;523.9
1979-08-20;521.8;8;521.8
1979-08-21;520.7;8;520.7
1979-08-22;525.6;8;525.6
1979-08-23;519.4;8;519.4
1979-08-24;515.3;8;515.3
1979-08-25;522.7;8;522.7
1979-08-26;546.1;8;546.1
1979-08-27;551.7;8;551.7
1979-08-28;564.0;8;564.0
1979-08-29;563.9;8;563.9
1979-08-30;581.7;8;581.7
1979-08-31;584.4;8;584.4
1979-09-01;575.9;9;575.9
1979-09-02;570.9;9;570.9
1979-09-03;556.2;9;556.2
1979-09-04;555.3;9;555.3
1979-09-05;555.3;9;555.3
1979-09-06;562.6;9;562.6
1979-09-07;561.6;9;561.6
1979-09-08;564.7;9;564.7
1979-09-09;555.8;9;555.8
1979-09-10;551.9;9;551.9
1979-09-11;542.1;9;542.1
1979-09-12;540.1;9;540.1
1979-09-13;557.5;9;557.5
1979-09-14;559.5;9;559.5
1979-09-15;563.0;9;563.0
1979-09-16;577.7;9;577.7
1979-09-17;548.8;9;548.8
1979-09-18;495.6;9;495.6
1979-09-19;499.4;9;499.4
1979-09-20;501.7;9;501.7
1979-09-21;514.1;9;514.1
1979-09-22;537.0;9;537.0
1979-09-23;547.2;9;547.2
1979-09-24;544.9;9;544.9
1979-09-25;535.0;9;535.0
1979-09-26;551.1;9;551.1
1979-09-27;567.5;9;567.5
1979-09-28;566.4;9;566.4
1979-09-29;569.8;9;569.8
1979-09-30;579.6;9;579.6
1979-10-01;579.2;10;579.2
1979-10-02;581.3;10;581.3
1979-10-03;582.8;10;582.8
1979-10-04;579.2;10;579.2
1979-10-05;571.7;10;571.7
1979-10-06;594.3;10;594.3
1979-10-07;571.9;10;571.9
1979-10-08;569.6;10;569.6
1979-10-09;555.5;10;555.5
1979-10-10;546.5;10;546.5
1979-10-11;543.6;10;543.6
1979-10-12;549.2;10;549.2
1979-10-13;552.8;10;552.8
1979-10-14;534.4;10;534.4
1979-10-15;517.8;10;517.8
1979-10-16;553.9;10;553.9
1979-10-17;534.8;10;534.8
1979-10-18;527.8;10;527.8
1979-10-19;533.1;10;533.1
1979-10-20;549.0;10;549.0
1979-10-21;560.1;10;560.1
1979-10-22;558.2;10;558.2
1979-10-23;559.5;10;559.5
1979-10-24;556.9;10;556.9
1979-10-25;537.1;10;537.1
1979-10-26;519.8;10;519.8
1979-10-27;524.2;10;524.2
1979-10-28;561.7;10;561.7
1979-10-29;576.3;10;576.3
1979-10-30;570.9;10;570.9
1979-10-31;563.2;10;563.2
1979-11-01;546.9;11;546.9
1979-11-02;543.1;11;543.1
1979-11-03;543.7;11;543.7
1979-11-04;562.4;11;562.4
1979-11-05;554.9;11;554.9
1979-11-06;564.4;11;564.4
1979-11-07;544.6;11;544.6
1979-11-08;532.9;11;532.9
1979-11-09;531.2;11;531.2
1979-11-10;517.4;11;517.4
1979-11-11;514.6;11;514.6
1979-11-12;519.9;11;519.9
1979-11-13;530.0;11;530.0
1979-11-14;518.0;11;518.0
1979-11-15;505.0;11;505.0
1979-11-16;489.1;11;489.1
1979-11-17;498.0;11;498.0
1979-11-18;469.8;11;469.8
1979-11-19;452.5;11;452.5
1979-11-20;446.6;11;446.6
1979-11-21;436.3;11;436.3
1979-11-22;440.1;11;440.1
1979-11-23;423.4;11;423.4
1979-11-24;417.8;11;417.8
1979-11-25;428.4;11;428.4
1979-11-26;455.3;11;455.3
1979-11-27;491.2;11;491.2
1979-11-28;479.1;11;479.1
1979-11-29;468.8;11;468.8
1979-11-30;459.1;11;459.1
1979-12-01;448.4;12;448.4
1979-12-02;452.3;12;452.3
1979-12-03;435.0;12;435.0
1979-12-04;416.3;12;416.3
1979-12-05;415.4;12;415.4
1979-12-06;407.3;12;407.3
1979-12-07;409.9;12;409.9
1979-12-08;423.5;12;423.5
1979-12-09;463.1;12;463.1
1979-12-10;429.8;12;429.8
1979-12-11;416.9;12;416.9
1979-12-12;401.1;12;401.1
1979-12-13;378.8;12;378.8
1979-12-14;358.1;12;358.1
1979-12-15;366.0;12;366.0
1979-12-16;362.0;12;362.0
1979-12-17;346.1;12;346.1
1979-12-18;332.5;12;332.5
1979-12-19;337.9;12;337.9
1979-12-20;370.3;12;370.3
1979-12-21;373.2;12;373.2
1979-12-22;346.7;12;346.7
1979-12-23;321.7;12;321.7
1979-12-24;306.1;12;306.1
1979-12-25;314.3;12;314.3
1979-12-26;308.1;12;308.1
1979-12-27;280.5;12;280.5
1979-12-28;263.5;12;263.5
1979-12-29;250.4;12;250.4
1979-12-30;244.4;12;244.4
1979-12-31;232.8;12;232.8
1980-01-01;-999.000;1;155.6
1980-01-02;-999.000;1;253.8
1980-01-03;-999.000;1;200.7
1980-01-04;-999.000;1;192.446
1980-01-05;-999.000;1;92.62
1980-01-06;-999.000;1;131.84
1980-01-07;-999.000;1;115.7
1980-01-08;-999.000;1;233.9
1980-01-09;-999.000;1;229.7
1980-01-10;-999.000;1;154.1
1980-01-11;-999.000;1;268.7
1980-01-12;-999.000;1;268.967
1980-01-13;-999.000;1;129.4
1980-01-14;-999.000;1;179.0
1980-01-15;-999.000;1;557.2
1980-01-16;-999.000;1;145.6
1980-01-17;-999.000;1;124.4
1980-01-18;-999.000;1;253.8
1980-01-19;-999.000;1;167.0
1980-01-20;-999.000;1;193.8
1980-01-21;-999.000;1;220.7
1980-01-22;-999.000;1;156.8
1980-01-23;-999.000;1;253.8
1980-01-24;-999.000;1;264.1
1980-01-25;-999.000;1;287.1
1980-01-26;-999.000;1;65.96
1980-01-27;-999.000;1;277.0
1980-01-28;-999.000;1;220.5
1980-01-29;-999.000;1;268.7
1980-01-30;-999.000;1;158.5
1980-01-31;-999.000;1;249.9
1980-02-01;-999.000;2;188.7
1980-02-02;-999.000;2;324.0
1980-02-03;-999.000;2;142.3
1980-02-04;-999.000;2;237.5
1980-02-05;-999.000;2;152.469
1980-02-06;-999.000;2;122.0
1980-02-07;-999.000;2;91.0
1980-02-08;-999.000;2;189.0
1980-02-09;-999.000;2;174.0
1980-02-10;-999.000;2;145.9
1980-02-11;-999.000;2;122.0
1980-02-12;-999.000;2;176.3
1980-02-13;-999.000;2;65.2
1980-02-14;-999.000;2;210.9
1980-02-15;-999.000;2;143.2
1980-02-16;-999.000;2;192.4
1980-02-17;-999.000;2;142.3
1980-02-18;-999.000;2;119.8
1980-02-19;-999.000;2;166.2
1980-02-20;-999.000;2;202.8
1980-02-21;-999.000;2;104.845
1980-02-22;-999.000;2;117.4
1980-02-23;-999.000;2;143.4
1980-02-24;-999.000;2;97.18
1980-02-25;-999.000;2;93.797
1980-02-26;-999.000;2;168.088
1980-02-27;-999.000;2;100.8
1980-02-28;-999.000;2;100.9
1980-02-29;-999.000;2;208.8
1980-03-01;-999.000;3;67.3
1980-03-02;-999.000;3;103.635
1980-03-03;-999.000;3;90.4
1980-03-04;-999.000;3;140.295
1980-03-05;-999.000;3;96.7
1980-03-06;-999.000;3;78.28
1980-03-07;-999.000;3;236.8
1980-03-08;-999.000;3;59.5
1980-03-09;-999.000;3;173.1
1980-03-10;-999.000;3;72.92
1980-03-11;-999.000;3;256.6
1980-03-12;-999.000;3;148.12
1980-03-13;-999.000;3;409.1
1980-03-14;-999.000;3;88.7
1980-03-15;-999.000;3;49.4
1980-03-16;-999.000;3;164.9
1980-03-17;-999.000;3;227.9
1980-03-18;-999.000;3;74.0
1980-03-19;-999.000;3;292.1
1980-03-20;-999.000;3;58.4
1980-03-21;-999.000;3;269.0
1980-03-22;-999.000;3;54.5
1980-03-23;-999.000;3;136.5
1980-03-24;-999.000;3;185.6
1980-03-25;-999.000;3;105.0
1980-03-26;-999.000;3;328.1
1980-03-27;-999.000;3;180.4
1980-03-28;-999.000;3;338.3
1980-03-29;-999.000;3;66.3
1980-03-30;-999.000;3;93.697
1980-03-31;-999.000;3;54.52
1980-04-01;-999.000;4;354.6
1980-04-02;-999.000;4;407.7
1980-04-03;-999.000;4;63.64
1980-04-04;-999.000;4;103.0
1980-04-05;-999.000;4;215.7
1980-04-06;-999.000;4;143.9
1980-04-07;-999.000;4;100.3
1980-04-08;-999.000;4;129.4
1980-04-09;-999.000;4;84.6
1980-04-10;-999.000;4;277.0
1980-04-11;-999.000;4;212.2
1980-04-12;-999.000;4;115.4
1980-04-13;-999.000;4;145.8
1980-04-14;-999.000;4;208.5
1980-04-15;-999.000;4;471.146
1980-04-16;-999.000;4;211.7
1980-04-17;-999.000;4;179.2
1980-04-18;-999.000;4;73.5
1980-04-19;-999.000;4;229.7
1980-04-20;-999.000;4;110.4
1980-04-21;-999.000;4;63.0
1980-04-22;-999.000;4;118.23
1980-04-23;-999.000;4;225.2
1980-04-24;-999.000;4;189.7
1980-04-25;-999.000;4;230.3
1980-04-26;-999.000;4;201.2
1980-04-27;-999.000;4;200.9
1980-04-28;-999.000;4;130.55
1980-04-29;-999.000;4;158.0
1980-04-30;-999.000;4;345.8
1980-05-01;-999.000;5;188.7
1980-05-02;-999.000;5;499.3
1980-05-03;-999.000;5;493.7
1980-05-04;-999.000;5;257.4
1980-05-05;-999.000;5;473.9
1980-05-06;-999.000;5;379.9
1980-05-07;-999.000;5;372.3
1980-05-08;-999.000;5;86.4
1980-05-09;-999.000;5;203.4
1980-05-10;-999.000;5;432.264
1980-05-11;-999.000;5;260.5
1980-05-12;-999.000;5;420.8
1980-05-13;-999.000;5;430.7
1980-05-14;-999.000;5;464.2
1980-05-15;-999.000;5;427.4
1980-05-16;-999.000;5;504.6
1980-05-17;-999.000;5;176.6
1980-05-18;-999.000;5;319.7
1980-05-19;-999.000;5;407.2
1980-05-20;-999.000;5;269.9
1980-05-21;-999.000;5;533.0
1980-05-22;-999.000;5;467.484
1980-05-23;-999.000;5;290.0
1980-05-24;-999.000;5;501.5
1980-05-25;-999.000;5;318.6
1980-05-26;-999.000;5;421.2
1980-05-27;-999.000;5;434.4
1980-05-28;-999.000;5;435.8
1980-05-29;-999.000;5;263.5
1980-05-30;-999.000;5;259.5
1980-05-31;-999.000;5;217.0
1980-06-01;-999.000;6;568.0
1980-06-02;-999.000;6;485.5
1980-06-03;-999.000;6;596.6
1980-06-04;-999.000;6;505.5
1980-06-05;-999.000;6;534.3
1980-06-06;-999.000;6;516.4
1980-06-07;-999.000;6;499.6
1980-06-08;-999.000;6;420.6
1980-06-09;-999.000;6;531.4
1980-06-10;-999.000;6;417.1
1980-06-11;-999.000;6;510.1
1980-06-12;-999.000;6;496.3
1980-06-13;-999.000;6;524.7
1980-06-14;-999.000;6;597.7
1980-06-15;-999.000;6;505.8
1980-06-16;-999.000;6;654.9
1980-06-17;-999.000;6;313.5
1980-06-18;-999.000;6;401.0
1980-06-19;-999.000;6;580.0
1980-06-20;-999.000;6;368.6
1980-06-21;-999.000;6;718.2
1980-06-22;-999.000;6;395.9
1980-06-23;-999.000;6;375.962
1980-06-24;-999.000;6;599.547
1980-06-25;-999.000;6;582.0
1980-06-26;-999.000;6;450.1
1980-06-27;-999.000;6;435.0
1980-06-28;-999.000;6;443.5
1980-06-29;-999.000;6;508.0
1980-06-30;-999.000;6;392.1
1980-07-01;-999.000;7;541.1
1980-07-02;-999.000;7;705.7
1980-07-03;-999.000;7;714.933
1980-07-04;-999.000;7;444.5
1980-07-05;-999.000;7;750.4
1980-07-06;-999.000;7;702.6
1980-07-07;-999.000;7;391.6
1980-07-08;-999.000;7;417.0
1980-07-09;-999.000;7;450.2
1980-07-10;-999.000;7;395.8
1980-07-11;-999.000;7;485.2
1980-07-12;-999.000;7;768.4
1980-07-13;-999.000;7;516.6
1980-07-14;-999.000;7;462.7
1980-07-15;-999.000;7;544.375
1980-07-16;-999.000;7;629.1
1980-07-17;-999.000;7;601.0
1980-07-18;-999.000;7;336.2
1980-07-19;-999.000;7;750.4
1980-07-20;-999.000;7;325.2
1980-07-21;-999.000;7;338.7
1980-07-22;-999.000;7;718.4
1980-07-23;-999.000;7;545.1
1980-07-24;-999.000;7;452.4
1980-07-25;-999.000;7;704.4
1980-07-26;-999.000;7;609.88
1980-07-27;-999.000;7;493.0
1980-07-28;-999.000;7;531.4
1980-07-29;-999.000;7;543.6
1980-07-30;-999.000;7;427.1
1980-07-31;-999.000;7;312.6
1980-08-01;508.0;8;508.0
1980-08-02;499.1;8;499.1
1980-08-03;503.6;8;503.6
1980-08-04;513.8;8;513.8
1980-08-05;524.2;8;524.2
1980-08-06;530.9;8;530.9
1980-08-07;539.4;8;539.4
1980-08-08;533.5;8;533.5
1980-08-09;546.5;8;546.5
1980-08-10;552.8;8;552.8
1980-08-11;559.9;8;559.9
1980-08-12;565.9;8;565.9
1980-08-13;577.1;8;577.1
1980-08-14;584.2;8;584.2
1980-08-15;591.4;8;591.4
1980-08-16;599.2;8;599.2
1980-08-17;602.6;8;602.6
1980-08-18;608.6;8;608.6
1980-08-19;608.0;8;608.0
1980-08-20;605.2;8;605.2
1980-08-21;586.9;8;586.9
1980-08-22;579.7;8;579.7
1980-08-23;568.5;8;568.5
1980-08-24;557.3;8;557.3
1980-08-25;547.4;8;547.4
1980-08-26;537.7;8;537.7
1980-08-27;521.8;8;521.8
1980-08-28;515.4;8;515.4
1980-08-29;511.4;8;511.4
1980-08-30;559.6;8;559.6
1980-08-31;505.4;8;505.4
1980-09-01;503.6;9;503.6
1980-09-02;498.2;9;498.2
1980-09-03;489.4;9;489.4
1980-09-04;481.4;9;481.4
1980-09-05;465.9;9;465.9
1980-09-06;448.5;9;448.5
1980-09-07;431.0;9;431.0
1980-09-08;426.5;9;426.5
1980-09-09;431.0;9;431.0
1980-09-10;417.0;9;417.0
1980-09-11;406.2;9;406.2
1980-09-12;402.0;9;402.0
1980-09-13;403.4;9;403.4
1980-09-14;408.4;9;408.4
1980-09-15;429.6;9;429.6
1980-09-16;422.8;9;422.8
1980-09-17;424.8;9;424.8
1980-09-18;425.2;9;425.2
1980-09-19;429.5;9;429.5
1980-09-20;420.9;9;420.9
1980-09-21;434.6;9;434.6
1980-09-22;426.7;9;426.7
1980-09-23;424.5;9;424.5
1980-09-24;420.1;9;420.1
1980-09-25;455.3;9;455.3
1980-09-26;406.5;9;406.5
1980-09-27;433.2;9;433.2
1980-09-28;452.7;9;452.7
1980-09-29;537.2;9;537.2
1980-09-30;550.5;9;550.5
1980-10-01;459.0;10;459.0
1980-10-02;467.8;10;467.8
1980-10-03;500.0;10;500.0
1980-10-04;503.6;10;503.6
1980-10-05;506.3;10;506.3
1980-10-06;503.6;10;503.6
1980-10-07;512.0;10;512.0
1980-10-08;432.4;10;432.4
1980-10-09;514.6;10;514.6
1980-10-10;515.4;10;515.4
1980-10-11;526.8;10;526.8
1980-10-12;525.2;10;525.2
1980-10-13;518.7;10;518.7
1980-10-14;524.4;10;524.4
1980-10-15;529.2;10;529.2
1980-10-16;521.2;10;521.2
1980-10-17;514.6;10;514.6
1980-10-18;524.2;10;524.2
1980-10-19;520.2;10;520.2
1980-10-20;546.8;10;546.8
1980-10-21;582.4;10;582.4
1980-10-22;593.2;10;593.2
1980-10-23;594.1;10;594.1
1980-10-24;588.7;10;588.7
1980-10-25;593.8;10;593.8
1980-10-26;579.9;10;579.9
1980-10-27;598.4;10;598.4
1980-10-28;576.3;10;576.3
1980-10-29;593.2;10;593.2
1980-10-30;591.1;10;591.1
1980-10-31;589.9;10;589.9
1980-11-01;591.4;11;591.4
1980-11-02;598.1;11;598.1
1980-11-03;593.1;11;593.1
1980-11-04;558.7;11;558.7
1980-11-05;530.1;11;530.1
1980-11-06;518.6;11;518.6
1980-11-07;513.8;11;513.8
1980-11-08;510.2;11;510.2
1980-11-09;447.9;11;447.9
1980-11-10;529.1;11;529.1
1980-11-11;525.3;11;525.3
1980-11-12;503.2;11;503.2
1980-11-13;512.2;11;512.2
1980-11-14;500.0;11;500.0
1980-11-15;463.3;11;463.3
1980-11-16;464.2;11;464.2
1980-11-17;458.9;11;458.9
1980-11-18;428.5;11;428.5
1980-11-19;469.6;11;469.6
1980-11-20;467.8;11;467.8
1980-11-21;543.5;11;543.5
1980-11-22;481.4;11;481.4
1980-11-23;488.2;11;488.2
1980-11-24;498.2;11;498.2
1980-11-25;489.8;11;489.8
1980-11-26;471.0;11;471.0
1980-11-27;469.6;11;469.6
1980-11-28;446.8;11;446.8
1980-11-29;443.4;11;443.4
1980-11-30;443.4;11;443.4
1980-12-01;507.2;12;507.2
1980-12-02;487.0;12;487.0
1980-12-03;461.5;12;461.5
1980-12-04;444.2;12;444.2
1980-12-05;442.5;12;442.5
1980-12-06;452.8;12;452.8
1980-12-07;459.9;12;459.9
1980-12-08;483.0;12;483.0
1980-12-09;399.9;12;399.9
1980-12-10;438.5;12;438.5
1980-12-11;428.7;12;428.7
1980-12-12;416.2;12;416.2
1980-12-13;395.6;12;395.6
1980-12-14;383.7;12;383.7
1980-12-15;358.9;12;358.9
1980-12-16;356.3;12;356.3
1980-12-17;401.3;12;401.3
1980-12-18;382.5;12;382.5
1980-12-19;421.0;12;421.0
1980-12-20;406.4;12;406.4
1980-12-21;390.5;12;390.5
1980-12-22;372.0;12;372.0
1980-12-23;351.5;12;351.5
1980-12-24;329.0;12;329.0
1980-12-25;327.8;12;327.8
1980-12-26;333.9;12;333.9
1980-12-27;294.2;12;294.2
1980-12-28;291.8;12;291.8
1980-12-29;270.6;12;270.6
1980-12-30;259.0;12;259.0
1980-12-31;254.9;12;254.9
1981-01-01;232.2;1;232.2
1981-01-02;237.8;1;237.8
1981-01-03;266.5;1;266.5
1981-01-04;251.9;1;251.9
1981-01-05;220.6;1;220.6
1981-01-06;214.6;1;214.6
1981-01-07;192.2;1;192.2
1981-01-08;179.2;1;179.2
1981-01-09;173.9;1;173.9
1981-01-10;179.2;1;179.2
1981-01-11;178.3;1;178.3
1981-01-12;165.6;1;165.6
1981-01-13;241.2;1;241.2
1981-01-14;255.7;1;255.7
1981-01-15;301.1;1;301.1
1981-01-16;200.9;1;200.9
1981-01-17;190.9;1;190.9
1981-01-18;181.8;1;181.8
1981-01-19;169.8;1;169.8
1981-01-20;208.6;1;208.6
1981-01-21;246.0;1;246.0
1981-01-22;222.5;1;222.5
1981-01-23;231.1;1;231.1
1981-01-24;173.9;1;173.9
1981-01-25;190.9;1;190.9
1981-01-26;197.4;1;197.4
1981-01-27;177.7;1;177.7
1981-01-28;181.8;1;181.8
1981-01-29;183.7;1;183.7
1981-01-30;176.6;1;176.6
1981-01-31;176.6;1;176.6
1981-02-01;164.2;2;164.2
1981-02-02;150.9;2;150.9
1981-02-03;147.2;2;147.2
1981-02-04;160.6;2;160.6
1981-02-05;176.5;2;176.5
1981-02-06;-999.000;2;257.0
1981-02-07;-999.000;2;132.08
1981-02-08;-999.000;2;190.4
1981-02-09;-999.000;2;63.0
1981-02-10;-999.000;2;173.6
1981-02-11;-999.000;2;204.0
1981-02-12;-999.000;2;107.5
1981-02-13;-999.000;2;214.1
1981-02-14;-999.000;2;277.1
1981-02-15;-999.000;2;141.2
1981-02-16;-999.000;2;125.2
1981-02-17;-999.000;2;95.6
1981-02-18;-999.000;2;184.2
1981-02-19;-999.000;2;107.4
1981-02-20;-999.000;2;437.6
1981-02-21;-999.000;2;102.6
1981-02-22;-999.000;2;128.625
1981-02-23;-999.000;2;139.5
1981-02-24;-999.000;2;104.9
1981-02-25;408.2;2;408.2
1981-02-26;383.0;2;383.0
1981-02-27;390.5;2;390.5
1981-02-28;387.5;2;387.5
1981-03-01;302.8;3;302.8
1981-03-02;291.8;3;291.8
1981-03-03;295.0;3;295.0
1981-03-04;285.7;3;285.7
1981-03-05;272.1;3;272.1
1981-03-06;270.8;3;270.8
1981-03-07;262.1;3;262.1
1981-03-08;253.3;3;253.3
1981-03-09;235.6;3;235.6
1981-03-10;232.2;3;232.2
1981-03-11;232.4;3;232.4
1981-03-12;266.0;3;266.0
1981-03-13;277.5;3;277.5
1981-03-14;285.4;3;285.4
1981-03-15;269.2;3;269.2
1981-03-16;295.8;3;295.8
1981-03-17;290.5;3;290.5
1981-03-18;247.9;3;247.9
1981-03-19;235.6;3;235.6
1981-03-20;229.2;3;229.2
1981-03-21;280.2;3;280.2
1981-03-22;372.1;3;372.1
1981-03-23;271.4;3;271.4
1981-03-24;401.4;3;401.4
1981-03-25;365.9;3;365.9
1981-03-26;371.2;3;371.2
1981-03-27;364.5;3;364.5
1981-03-28;359.5;3;359.5
1981-03-29;334.4;3;334.4
1981-03-30;345.2;3;345.2
1981-03-31;284.2;3;284.2
1981-04-01;375.0;4;375.0
1981-04-02;371.2;4;371.2
1981-04-03;398.5;4;398.5
1981-04-04;393.5;4;393.5
1981-04-05;500.0;4;500.0
1981-04-06;518.6;4;518.6
1981-04-07;515.4;4;515.4
1981-04-08;466.9;4;466.9
1981-04-09;463.3;4;463.3
1981-04-10;446.8;4;446.8
1981-04-11;459.1;4;459.1
1981-04-12;467.8;4;467.8
1981-04-13;485.4;4;485.4
1981-04-14;484.6;4;484.6
1981-04-15;486.2;4;486.2
1981-04-16;493.8;4;493.8
1981-04-17;503.6;4;503.6
1981-04-18;516.0;4;516.0
1981-04-19;525.5;4;525.5
1981-04-20;529.1;4;529.1
1981-04-21;565.0;4;565.0
1981-04-22;565.1;4;565.1
1981-04-23;586.0;4;586.0
1981-04-24;626.4;4;626.4
1981-04-25;600.1;4;600.1
1981-04-26;590.5;4;590.5
1981-04-27;601.8;4;601.8
1981-04-28;603.5;4;603.5
1981-04-29;600.9;4;600.9
1981-04-30;584.2;4;584.2
1981-05-01;598.4;5;598.4
1981-05-02;601.8;5;601.8
1981-05-03;589.6;5;589.6
1981-05-04;598.4;5;598.4
1981-05-05;613.9;5;613.9
1981-05-06;621.0;5;621.0
1981-05-07;629.7;5;629.7
1981-05-08;632.5;5;632.5
1981-05-09;610.6;5;610.6
1981-05-10;624.6;5;624.6
1981-05-11;638.5;5;638.5
1981-05-12;-999.000;5;257.6
1981-05-13;-999.000;5;280.4
1981-05-14;-999.000;5;175.025
1981-05-15;-999.000;5;248.725
1981-05-16;-999.000;5;372.5
1981-05-17;-999.000;5;122.1
1981-05-18;-999.000;5;453.2
1981-05-19;-999.000;5;316.6
1981-05-20;-999.000;5;157.6
1981-05-21;-999.000;5;407.2
1981-05-22;-999.000;5;236.3
1981-05-23;-999.000;5;250.7
1981-05-24;-999.000;5;307.0
1981-05-25;-999.000;5;367.7
1981-05-26;-999.000;5;177.8
1981-05-27;-999.000;5;154.94
1981-05-28;-999.000;5;323.8
1981-05-29;-999.000;5;464.2
1981-05-30;-999.000;5;612.141
1981-05-31;-999.000;5;456.0
1981-06-01;554.0;6;554.0
1981-06-02;639.2;6;639.2
1981-06-03;635.1;6;635.1
1981-06-04;560.4;6;560.4
1981-06-05;587.2;6;587.2
1981-06-06;539.7;6;539.7
1981-06-07;521.7;6;521.7
1981-06-08;636.1;6;636.1
1981-06-09;693.3;6;693.3
1981-06-10;703.2;6;703.2
1981-06-11;672.8;6;672.8
1981-06-12;637.7;6;637.7
1981-06-13;693.4;6;693.4
1981-06-14;721.2;6;721.2
1981-06-15;741.3;6;741.3
1981-06-16;673.6;6;673.6
1981-06-17;731.3;6;731.3
1981-06-18;734.3;6;734.3
1981-06-19;682.5;6;682.5
1981-06-20;654.4;6;654.4
1981-06-21;717.2;6;717.2
1981-06-22;741.3;6;741.3
1981-06-23;707.2;6;707.2
1981-06-24;709.2;6;709.2
1981-06-25;623.6;6;623.6
1981-06-26;713.4;6;713.4
1981-06-27;712.4;6;712.4
1981-06-28;709.3;6;709.3
1981-06-29;734.0;6;734.0
1981-06-30;740.0;6;740.0
1981-07-01;710.6;7;710.6
1981-07-02;706.7;7;706.7
1981-07-03;713.4;7;713.4
1981-07-04;708.6;7;708.6
1981-07-05;698.7;7;698.7
1981-07-06;694.5;7;694.5
1981-07-07;690.7;7;690.7
1981-07-08;692.6;7;692.6
1981-07-09;673.5;7;673.5
1981-07-10;685.9;7;685.9
1981-07-11;692.6;7;692.6
1981-07-12;716.6;7;716.6
1981-07-13;730.0;7;730.0
1981-07-14;728.0;7;728.0
1981-07-15;728.0;7;728.0
1981-07-16;715.5;7;715.5
1981-07-17;703.1;7;703.1
1981-07-18;690.7;7;690.7
1981-07-19;685.0;7;685.0
1981-07-20;679.0;7;679.0
1981-07-21;673.0;7;673.0
1981-07-22;682.0;7;682.0
1981-07-23;696.4;7;696.4
1981-07-24;678.9;7;678.9
1981-07-25;660.3;7;660.3
1981-07-26;641.9;7;641.9
1981-07-27;635.9;7;635.9
1981-07-28;634.2;7;634.2
1981-07-29;619.2;7;619.2
1981-07-30;624.6;7;624.6
1981-07-31;629.8;7;629.8
1981-08-01;621.0;8;621.0
1981-08-02;619.2;8;619.2
1981-08-03;640.2;8;640.2
1981-08-04;641.9;8;641.9
1981-08-05;624.6;8;624.6
1981-08-06;608.6;8;608.6
1981-08-07;605.2;8;605.2
1981-08-08;611.3;8;611.3
1981-08-09;602.6;8;602.6
1981-08-10;614.8;8;614.8
1981-08-11;598.3;8;598.3
1981-08-12;621.0;8;621.0
1981-08-13;610.4;8;610.4
1981-08-14;600.9;8;600.9
1981-08-15;594.7;8;594.7
1981-08-16;588.7;8;588.7
1981-08-17;585.1;8;585.1
1981-08-18;611.1;8;611.1
1981-08-19;605.2;8;605.2
1981-08-20;605.2;8;605.2
1981-08-21;605.2;8;605.2
1981-08-22;589.6;8;589.6
1981-08-23;577.2;8;577.2
1981-08-24;571.9;8;571.9
1981-08-25;608.6;8;608.6
1981-08-26;608.6;8;608.6
1981-08-27;603.5;8;603.5
1981-08-28;598.4;8;598.4
1981-08-29;638.5;8;638.5
1981-08-30;636.8;8;636.8
1981-08-31;615.7;8;615.7
1981-09-01;684.6;9;684.6
1981-09-02;606.2;9;606.2
1981-09-03;695.4;9;695.4
1981-09-04;703.1;9;703.1
1981-09-05;670.7;9;670.7
1981-09-06;718.7;9;718.7
1981-09-07;711.3;9;711.3
1981-09-08;729.0;9;729.0
1981-09-09;735.0;9;735.0
1981-09-10;741.0;9;741.0
1981-09-11;748.8;9;748.8
1981-09-12;737.0;9;737.0
1981-09-13;737.0;9;737.0
1981-09-14;733.0;9;733.0
1981-09-15;732.0;9;732.0
1981-09-16;737.0;9;737.0
1981-09-17;739.0;9;739.0
1981-09-18;724.9;9;724.9
1981-09-19;716.6;9;716.6
1981-09-20;701.5;9;701.5
1981-09-21;694.5;9;694.5
1981-09-22;712.4;9;712.4
1981-09-23;729.0;9;729.0
1981-09-24;708.2;9;708.2
1981-09-25;712.4;9;712.4
1981-09-26;716.6;9;716.6
1981-09-27;685.7;9;685.7
1981-09-28;679.0;9;679.0
1981-09-29;680.0;9;680.0
1981-09-30;690.7;9;690.7
1981-10-01;681.0;10;681.0
1981-10-02;673.0;10;673.0
1981-10-03;674.0;10;674.0
1981-10-04;658.7;10;658.7
1981-10-05;648.8;10;648.8
1981-10-06;643.6;10;643.6
1981-10-07;647.4;10;647.4
1981-10-08;653.3;10;653.3
1981-10-09;642.8;10;642.8
1981-10-10;651.5;10;651.5
1981-10-11;675.0;10;675.0
1981-10-12;665.6;10;665.6
1981-10-13;647.9;10;647.9
1981-10-14;641.9;10;641.9
1981-10-15;643.6;10;643.6
1981-10-16;656.0;10;656.0
1981-10-17;638.5;10;638.5
1981-10-18;635.1;10;635.1
1981-10-19;636.8;10;636.8
1981-10-20;623.7;10;623.7
1981-10-21;618.3;10;618.3
1981-10-22;505.0;10;505.0
1981-10-23;582.4;10;582.4
1981-10-24;562.5;10;562.5
1981-10-25;586.0;10;586.0
1981-10-26;577.0;10;577.0
1981-10-27;571.1;10;571.1
1981-10-28;566.8;10;566.8
1981-10-29;567.7;10;567.7
1981-10-30;566.8;10;566.8
1981-10-31;568.5;10;568.5
1981-11-01;572.7;11;572.7
1981-11-02;554.4;11;554.4
1981-11-03;531.8;11;531.8
1981-11-04;530.1;11;530.1
1981-11-05;508.6;11;508.6
1981-11-06;498.2;11;498.2
1981-11-07;493.7;11;493.7
1981-11-08;532.6;11;532.6
1981-11-09;543.8;11;543.8
1981-11-10;561.6;11;561.6
1981-11-11;528.4;11;528.4
1981-11-12;545.6;11;545.6
1981-11-13;536.9;11;536.9
1981-11-14;545.6;11;545.6
1981-11-15;542.1;11;542.1
1981-11-16;523.4;11;523.4
1981-11-17;508.6;11;508.6
1981-11-18;498.2;11;498.2
1981-11-19;492.8;11;492.8
1981-11-20;500.0;11;500.0
1981-11-21;500.0;11;500.0
1981-11-22;491.4;11;491.4
1981-11-23;492.4;11;492.4
1981-11-24;479.8;11;479.8
1981-11-25;438.2;11;438.2
1981-11-26;440.4;11;440.4
1981-11-27;427.2;11;427.2
1981-11-28;423.4;11;423.4
1981-11-29;413.0;11;413.0
1981-11-30;385.2;11;385.2
1981-12-01;372.0;12;372.0
1981-12-02;375.2;12;375.2
1981-12-03;387.5;12;387.5
1981-12-04;376.0;12;376.0
1981-12-05;350.4;12;350.4
1981-12-06;348.0;12;348.0
1981-12-07;351.0;12;351.0
1981-12-08;351.2;12;351.2
1981-12-09;353.8;12;353.8
1981-12-10;352.1;12;352.1
1981-12-11;341.4;12;341.4
1981-12-12;347.8;12;347.8
1981-12-13;349.5;12;349.5
1981-12-14;352.1;12;352.1
1981-12-15;352.9;12;352.9
1981-12-16;352.9;12;352.9
1981-12-17;357.2;12;357.2
1981-12-18;352.9;12;352.9
1981-12-19;356.3;12;356.3
1981-12-20;354.6;12;354.6
1981-12-21;349.5;12;349.5
1981-12-22;353.8;12;353.8
1981-12-23;342.8;12;342.8
1981-12-24;342.1;12;342.1
1981-12-25;351.2;12;351.2
1981-12-26;357.2;12;357.2
1981-12-27;354.6;12;354.6
1981-12-28;345.0;12;345.0
1981-12-29;342.8;12;342.8
1981-12-30;342.1;12;342.1
1981-12-31;331.4;12;331.4
1982-01-01;380.1;1;380.1
1982-01-02;358.0;1;358.0
1982-01-03;345.6;1;345.6
1982-01-04;349.0;1;349.0
1982-01-05;338.6;1;338.6
1982-01-06;321.9;1;321.9
1982-01-07;330.2;1;330.2
1982-01-08;333.4;1;333.4
1982-01-09;317.9;1;317.9
1982-01-10;293.9;1;293.9
1982-01-11;268.3;1;268.3
1982-01-12;266.5;1;266.5
1982-01-13;265.0;1;265.0
1982-01-14;252.0;1;252.0
1982-01-15;249.5;1;249.5
1982-01-16;222.7;1;222.7
1982-01-17;217.8;1;217.8
1982-01-18;219.1;1;219.1
1982-01-19;203.7;1;203.7
1982-01-20;183.1;1;183.1
1982-01-21;175.9;1;175.9
1982-01-22;166.3;1;166.3
1982-01-23;154.8;1;154.8
1982-01-24;149.7;1;149.7
1982-01-25;143.5;1;143.5
1982-01-26;126.6;1;126.6
1982-01-27;126.6;1;126.6
1982-01-28;108.0;1;108.0
1982-01-29;113.2;1;113.2
1982-01-30;104.7;1;104.7
1982-01-31;101.5;1;101.5
1982-02-01;106.7;2;106.7
1982-02-02;101.5;2;101.5
1982-02-03;98.9;2;98.9
1982-02-04;102.8;2;102.8
1982-02-05;129.4;2;129.4
1982-02-06;163.1;2;163.1
1982-02-07;203.3;2;203.3
1982-02-08;168.4;2;168.4
1982-02-09;173.2;2;173.2
1982-02-10;225.6;2;225.6
1982-02-11;266.5;2;266.5
1982-02-12;220.1;2;220.1
1982-02-13;230.8;2;230.8
1982-02-14;269.0;2;269.0
1982-02-15;260.6;2;260.6
1982-02-16;249.2;2;249.2
1982-02-17;259.3;2;259.3
1982-02-18;283.7;2;283.7
1982-02-19;276.2;2;276.2
1982-02-20;269.5;2;269.5
1982-02-21;262.0;2;262.0
1982-02-22;262.0;2;262.0
1982-02-23;251.7;2;251.7
1982-02-24;245.0;2;245.0
1982-02-25;254.9;2;254.9
1982-02-26;217.8;2;217.8
1982-02-27;208.9;2;208.9
1982-02-28;211.8;2;211.8
1982-03-01;209.6;3;209.6
1982-03-02;193.1;3;193.1
1982-03-03;167.0;3;167.0
1982-03-04;184.9;3;184.9
1982-03-05;240.9;3;240.9
1982-03-06;180.3;3;180.3
1982-03-07;164.9;3;164.9
1982-03-08;153.5;3;153.5
1982-03-09;142.2;3;142.2
1982-03-10;126.6;3;126.6
1982-03-11;126.6;3;126.6
1982-03-12;121.1;3;121.1
1982-03-13;111.9;3;111.9
1982-03-14;118.7;3;118.7
1982-03-15;98.2;3;98.2
1982-03-16;96.3;3;96.3
1982-03-17;97.1;3;97.1
1982-03-18;100.2;3;100.2
1982-03-19;88.9;3;88.9
1982-03-20;84.8;3;84.8
1982-03-21;84.5;3;84.5
1982-03-22;72.1;3;72.1
1982-03-23;70.2;3;70.2
1982-03-24;72.2;3;72.2
1982-03-25;77.0;3;77.0
1982-03-26;79.1;3;79.1
1982-03-27;77.0;3;77.0
1982-03-28;77.7;3;77.7
1982-03-29;86.7;3;86.7
1982-03-30;91.3;3;91.3
1982-03-31;76.1;3;76.1
1982-04-01;82.1;4;82.1
1982-04-02;82.6;4;82.6
1982-04-03;83.1;4;83.1
1982-04-04;90.0;4;90.0
1982-04-05;96.9;4;96.9
1982-04-06;124.0;4;124.0
1982-04-07;124.0;4;124.0
1982-04-08;144.7;4;144.7
1982-04-09;131.6;4;131.6
1982-04-10;114.5;4;114.5
1982-04-11;147.3;4;147.3
1982-04-12;198.7;4;198.7
1982-04-13;198.0;4;198.0
1982-04-14;212.0;4;212.0
1982-04-15;206.7;4;206.7
1982-04-16;213.3;4;213.3
1982-04-17;211.8;4;211.8
1982-04-18;216.9;4;216.9
1982-04-19;254.8;4;254.8
1982-04-20;256.9;4;256.9
1982-04-21;266.8;4;266.8
1982-04-22;431.6;4;431.6
1982-04-23;340.9;4;340.9
1982-04-24;290.3;4;290.3
1982-04-25;282.4;4;282.4
1982-04-26;279.8;4;279.8
1982-04-27;275.3;4;275.3
1982-04-28;279.2;4;279.2
1982-04-29;292.6;4;292.6
1982-04-30;272.5;4;272.5
1982-05-01;287.0;5;287.0
1982-05-02;303.5;5;303.5
1982-05-03;306.5;5;306.5
1982-05-04;306.5;5;306.5
1982-05-05;306.4;5;306.4
1982-05-06;310.0;5;310.0
1982-05-07;309.3;5;309.3
1982-05-08;308.6;5;308.6
1982-05-09;298.7;5;298.7
1982-05-10;361.7;5;361.7
1982-05-11;358.9;5;358.9
1982-05-12;525.2;5;525.2
1982-05-13;532.0;5;532.0
1982-05-14;464.2;5;464.2
1982-05-15;427.8;5;427.8
1982-05-16;426.4;5;426.4
1982-05-17;483.0;5;483.0
1982-05-18;486.2;5;486.2
1982-05-19;484.6;5;484.6
1982-05-20;476.2;5;476.2
1982-05-21;491.0;5;491.0
1982-05-22;505.4;5;505.4
1982-05-23;507.6;5;507.6
1982-05-24;483.0;5;483.0
1982-05-25;489.4;5;489.4
1982-05-26;518.6;5;518.6
1982-05-27;518.6;5;518.6
1982-05-28;508.4;5;508.4
1982-05-29;517.0;5;517.0
1982-05-30;510.2;5;510.2
1982-05-31;523.4;5;523.4
1982-06-01;520.4;6;520.4
1982-06-02;510.6;6;510.6
1982-06-03;603.5;6;603.5
1982-06-04;525.1;6;525.1
1982-06-05;531.8;6;531.8
1982-06-06;537.7;6;537.7
1982-06-07;535.2;6;535.2
1982-06-08;558.7;6;558.7
1982-06-09;549.2;6;549.2
1982-06-10;549.2;6;549.2
1982-06-11;537.8;6;537.8
1982-06-12;537.7;6;537.7
1982-06-13;529.2;6;529.2
1982-06-14;510.6;6;510.6
1982-06-15;521.0;6;521.0
1982-06-16;531.8;6;531.8
1982-06-17;508.6;6;508.6
1982-06-18;520.2;6;520.2
1982-06-19;521.1;6;521.1
1982-06-20;498.2;6;498.2
1982-06-21;528.9;6;528.9
1982-06-22;535.2;6;535.2
1982-06-23;512.9;6;512.9
1982-06-24;503.6;6;503.6
1982-06-25;513.4;6;513.4
1982-06-26;506.7;6;506.7
1982-06-27;462.4;6;462.4
1982-06-28;529.5;6;529.5
1982-06-29;525.3;6;525.3
1982-06-30;507.1;6;507.1
1982-07-01;509.0;7;509.0
1982-07-02;526.4;7;526.4
1982-07-03;560.6;7;560.6
1982-07-04;574.4;7;574.4
1982-07-05;578.8;7;578.8
1982-07-06;598.4;7;598.4
1982-07-07;594.9;7;594.9
1982-07-08;830.0;7;830.0
1982-07-09;530.9;7;530.9
1982-07-10;582.4;7;582.4
1982-07-11;570.2;7;570.2
1982-07-12;566.8;7;566.8
1982-07-13;570.2;7;570.2
1982-07-14;589.6;7;589.6
1982-07-15;571.9;7;571.9
1982-07-16;555.3;7;555.3
1982-07-17;558.0;7;558.0
1982-07-18;561.6;7;561.6
1982-07-19;551.9;7;551.9
1982-07-20;558.1;7;558.1
1982-07-21;578.0;7;578.0
1982-07-22;583.3;7;583.3
1982-07-23;577.0;7;577.0
1982-07-24;589.4;7;589.4
1982-07-25;598.4;7;598.4
1982-07-26;601.8;7;601.8
1982-07-27;593.2;7;593.2
1982-07-28;601.8;7;601.8
1982-07-29;584.2;7;584.2
1982-07-30;606.9;7;606.9
1982-07-31;609.6;7;609.6
1982-08-01;621.0;8;621.0
1982-08-02;610.7;8;610.7
1982-08-03;605.2;8;605.2
1982-08-04;621.0;8;621.0
1982-08-05;624.6;8;624.6
1982-08-06;610.5;8;610.5
1982-08-07;588.7;8;588.7
1982-08-08;598.4;8;598.4
1982-08-09;626.2;8;626.2
1982-08-10;587.8;8;587.8
1982-08-11;578.9;8;578.9
1982-08-12;575.6;8;575.6
1982-08-13;579.0;8;579.0
1982-08-14;571.9;8;571.9
1982-08-15;565.1;8;565.1
1982-08-16;565.1;8;565.1
1982-08-17;564.1;8;564.1
1982-08-18;613.2;8;613.2
1982-08-19;580.6;8;580.6
1982-08-20;580.6;8;580.6
1982-08-21;597.4;8;597.4
1982-08-22;580.8;8;580.8
1982-08-23;593.2;8;593.2
1982-08-24;566.8;8;566.8
1982-08-25;553.7;8;553.7
1982-08-26;523.5;8;523.5
1982-08-27;551.0;8;551.0
1982-08-28;517.8;8;517.8
1982-08-29;523.4;8;523.4
1982-08-30;538.1;8;538.1
1982-08-31;469.6;8;469.6
1982-09-01;470.5;9;470.5
1982-09-02;470.5;9;470.5
1982-09-03;468.7;9;468.7
1982-09-04;451.0;9;451.0
1982-09-05;459.4;9;459.4
1982-09-06;554.6;9;554.6
1982-09-07;524.5;9;524.5
1982-09-08;504.5;9;504.5
1982-09-09;484.8;9;484.8
1982-09-10;453.6;9;453.6
1982-09-11;464.2;9;464.2
1982-09-12;461.5;9;461.5
1982-09-13;468.7;9;468.7
1982-09-14;428.9;9;428.9
1982-09-15;512.3;9;512.3
1982-09-16;445.8;9;445.8
1982-09-17;456.9;9;456.9
1982-09-18;445.9;9;445.9
1982-09-19;490.1;9;490.1
1982-09-20;538.3;9;538.3
1982-09-21;570.2;9;570.2
1982-09-22;579.0;9;579.0
1982-09-23;561.7;9;561.7
1982-09-24;555.4;9;555.4
1982-09-25;578.8;9;578.8
1982-09-26;571.9;9;571.9
1982-09-27;551.0;9;551.0
1982-09-28;563.1;9;563.1
1982-09-29;553.7;9;553.7
1982-09-30;565.9;9;565.9
1982-10-01;461.5;10;461.5
1982-10-02;549.2;10;549.2
1982-10-03;520.6;10;520.6
1982-10-04;561.5;10;561.5
1982-10-05;575.3;10;575.3
1982-10-06;590.5;10;590.5
1982-10-07;572.7;10;572.7
1982-10-08;555.5;10;555.5
1982-10-09;578.9;10;578.9
1982-10-10;592.3;10;592.3
1982-10-11;585.1;10;585.1
1982-10-12;586.0;10;586.0
1982-10-13;606.9;10;606.9
1982-10-14;591.3;10;591.3
1982-10-15;574.4;10;574.4
1982-10-16;589.6;10;589.6
1982-10-17;607.7;10;607.7
1982-10-18;591.3;10;591.3
1982-10-19;602.6;10;602.6
1982-10-20;595.8;10;595.8
1982-10-21;586.0;10;586.0
1982-10-22;584.2;10;584.2
1982-10-23;607.1;10;607.1
1982-10-24;630.0;10;630.0
1982-10-25;637.6;10;637.6
1982-10-26;624.6;10;624.6
1982-10-27;631.6;10;631.6
1982-10-28;642.7;10;642.7
1982-10-29;609.8;10;609.8
1982-10-30;606.9;10;606.9
1982-10-31;591.4;10;591.4
1982-11-01;575.3;11;575.3
1982-11-02;575.4;11;575.4
1982-11-03;577.0;11;577.0
1982-11-04;568.5;11;568.5
1982-11-05;565.1;11;565.1
1982-11-06;561.7;11;561.7
1982-11-07;565.9;11;565.9
1982-11-08;556.3;11;556.3
1982-11-09;545.6;11;545.6
1982-11-10;526.7;11;526.7
1982-11-11;579.2;11;579.2
1982-11-12;591.2;11;591.2
1982-11-13;560.7;11;560.7
1982-11-14;481.6;11;481.6
1982-11-15;442.6;11;442.6
1982-11-16;406.5;11;406.5
1982-11-17;427.8;11;427.8
1982-11-18;425.6;11;425.6
1982-11-19;436.9;11;436.9
1982-11-20;438.9;11;438.9
1982-11-21;509.2;11;509.2
1982-11-22;500.3;11;500.3
1982-11-23;426.8;11;426.8
1982-11-24;384.4;11;384.4
1982-11-25;450.2;11;450.2
1982-11-26;442.1;11;442.1
1982-11-27;529.6;11;529.6
1982-11-28;418.1;11;418.1
1982-11-29;448.5;11;448.5
1982-11-30;447.6;11;447.6
1982-12-01;324.0;12;324.0
1982-12-02;309.1;12;309.1
1982-12-03;287.8;12;287.8
1982-12-04;468.0;12;468.0
1982-12-05;367.2;12;367.2
1982-12-06;355.5;12;355.5
1982-12-07;357.1;12;357.1
1982-12-08;381.9;12;381.9
1982-12-09;226.4;12;226.4
1982-12-10;307.9;12;307.9
1982-12-11;298.0;12;298.0
1982-12-12;310.7;12;310.7
1982-12-13;295.8;12;295.8
1982-12-14;281.8;12;281.8
1982-12-15;279.2;12;279.2
1982-12-16;295.0;12;295.0
1982-12-17;276.6;12;276.6
1982-12-18;268.0;12;268.0
1982-12-19;256.9;12;256.9
1982-12-20;288.5;12;288.5
1982-12-21;290.2;12;290.2
1982-12-22;277.9;12;277.9
1982-12-23;266.5;12;266.5
1982-12-24;271.0;12;271.0
1982-12-25;255.5;12;255.5
1982-12-26;238.6;12;238.6
1982-12-27;224.1;12;224.1
1982-12-28;213.5;12;213.5
1982-12-29;209.0;12;209.0
1982-12-30;194.2;12;194.2
1982-12-31;190.9;12;190.9
1983-01-01;142.4;1;142.4
1983-01-02;137.0;1;137.0
1983-01-03;130.5;1;130.5
1983-01-04;126.1;1;126.1
1983-01-05;144.7;1;144.7
1983-01-06;137.4;1;137.4
1983-01-07;129.4;1;129.4
1983-01-08;122.4;1;122.4
1983-01-09;122.4;1;122.4
1983-01-10;120.6;1;120.6
1983-01-11;133.4;1;133.4
1983-01-12;125.2;1;125.2
1983-01-13;125.2;1;125.2
1983-01-14;198.7;1;198.7
1983-01-15;226.4;1;226.4
1983-01-16;189.6;1;189.6
1983-01-17;118.8;1;118.8
1983-01-18;156.3;1;156.3
1983-01-19;169.8;1;169.8
1983-01-20;159.7;1;159.7
1983-01-21;146.4;1;146.4
1983-01-22;129.4;1;129.4
1983-01-23;114.5;1;114.5
1983-01-24;115.8;1;115.8
1983-01-25;121.0;1;121.0
1983-01-26;97.6;1;97.6
1983-01-27;95.5;1;95.5
1983-01-28;92.9;1;92.9
1983-01-29;100.2;1;100.2
1983-01-30;95.2;1;95.2
1983-01-31;76.3;1;76.3
1983-02-01;74.2;2;74.2
1983-02-02;90.0;2;90.0
1983-02-03;92.2;2;92.2
1983-02-04;77.0;2;77.0
1983-02-05;67.0;2;67.0
1983-02-06;77.0;2;77.0
1983-02-07;65.0;2;65.0
1983-02-08;73.2;2;73.2
1983-02-09;68.0;2;68.0
1983-02-10;62.0;2;62.0
1983-02-11;63.0;2;63.0
1983-02-12;60.0;2;60.0
1983-02-13;56.0;2;56.0
1983-02-14;58.0;2;58.0
1983-02-15;58.0;2;58.0
1983-02-16;55.5;2;55.5
1983-02-17;54.5;2;54.5
1983-02-18;54.5;2;54.5
1983-02-19;53.5;2;53.5
1983-02-20;52.0;2;52.0
1983-02-21;52.5;2;52.5
1983-02-22;54.5;2;54.5
1983-02-23;55.0;2;55.0
1983-02-24;57.0;2;57.0
1983-02-25;62.5;2;62.5
1983-02-26;74.9;2;74.9
1983-02-27;81.7;2;81.7
1983-02-28;78.4;2;78.4
1983-03-01;70.3;3;70.3
1983-03-02;65.7;3;65.7
1983-03-03;59.8;3;59.8
1983-03-04;64.8;3;64.8
1983-03-05;88.5;3;88.5
1983-03-06;96.1;3;96.1
1983-03-07;82.5;3;82.5
1983-03-08;68.5;3;68.5
1983-03-09;72.0;3;72.0
1983-03-10;80.3;3;80.3
1983-03-11;115.1;3;115.1
1983-03-12;101.1;3;101.1
1983-03-13;86.0;3;86.0
1983-03-14;81.7;3;81.7
1983-03-15;117.6;3;117.6
1983-03-16;114.7;3;114.7
1983-03-17;99.7;3;99.7
1983-03-18;95.7;3;95.7
1983-03-19;91.5;3;91.5
1983-03-20;90.0;3;90.0
1983-03-21;88.0;3;88.0
1983-03-22;76.1;3;76.1
1983-03-23;70.2;3;70.2
1983-03-24;66.6;3;66.6
1983-03-25;64.2;3;64.2
1983-03-26;59.7;3;59.7
1983-03-27;57.9;3;57.9
1983-03-28;67.2;3;67.2
1983-03-29;72.4;3;72.4
1983-03-30;66.0;3;66.0
1983-03-31;76.2;3;76.2
1983-04-01;72.0;4;72.0
1983-04-02;69.7;4;69.7
1983-04-03;60.9;4;60.9
1983-04-04;58.6;4;58.6
1983-04-05;63.9;4;63.9
1983-04-06;92.8;4;92.8
1983-04-07;123.8;4;123.8
1983-04-08;96.8;4;96.8
1983-04-09;88.3;4;88.3
1983-04-10;104.7;4;104.7
1983-04-11;103.7;4;103.7
1983-04-12;112.8;4;112.8
1983-04-13;108.5;4;108.5
1983-04-14;126.2;4;126.2
1983-04-15;119.3;4;119.3
1983-04-16;116.0;4;116.0
1983-04-17;105.2;4;105.2
1983-04-18;116.2;4;116.2
1983-04-19;219.9;4;219.9
1983-04-20;275.9;4;275.9
1983-04-21;268.9;4;268.9
1983-04-22;263.9;4;263.9
1983-04-23;299.2;4;299.2
1983-04-24;297.4;4;297.4
1983-04-25;275.4;4;275.4
1983-04-26;265.7;4;265.7
1983-04-27;289.6;4;289.6
1983-04-28;318.6;4;318.6
1983-04-29;316.6;4;316.6
1983-04-30;301.6;4;301.6
1983-05-01;296.3;5;296.3
1983-05-02;289.0;5;289.0
1983-05-03;271.3;5;271.3
1983-05-04;254.9;5;254.9
1983-05-05;265.9;5;265.9
1983-05-06;259.2;5;259.2
1983-05-07;297.5;5;297.5
1983-05-08;306.6;5;306.6
1983-05-09;359.4;5;359.4
1983-05-10;330.5;5;330.5
1983-05-11;341.6;5;341.6
1983-05-12;336.1;5;336.1
1983-05-13;347.3;5;347.3
1983-05-14;348.8;5;348.8
1983-05-15;357.2;5;357.2
1983-05-16;388.1;5;388.1
1983-05-17;388.6;5;388.6
1983-05-18;378.5;5;378.5
1983-05-19;378.4;5;378.4
1983-05-20;388.3;5;388.3
1983-05-21;381.6;5;381.6
1983-05-22;380.7;5;380.7
1983-05-23;386.6;5;386.6
1983-05-24;389.9;5;389.9
1983-05-25;380.1;5;380.1
1983-05-26;386.2;5;386.2
1983-05-27;384.2;5;384.2
1983-05-28;373.5;5;373.5
1983-05-29;372.5;5;372.5
1983-05-30;414.5;5;414.5
1983-05-31;426.0;5;426.0
1983-06-01;458.5;6;458.5
1983-06-02;453.4;6;453.4
1983-06-03;442.6;6;442.6
1983-06-04;441.5;6;441.5
1983-06-05;443.0;6;443.0
1983-06-06;442.3;6;442.3
1983-06-07;442.6;6;442.6
1983-06-08;431.1;6;431.1
1983-06-09;455.5;6;455.5
1983-06-10;466.3;6;466.3
1983-06-11;457.0;6;457.0
1983-06-12;466.7;6;466.7
1983-06-13;503.3;6;503.3
1983-06-14;508.2;6;508.2
1983-06-15;526.9;6;526.9
1983-06-16;521.2;6;521.2
1983-06-17;522.6;6;522.6
1983-06-18;524.5;6;524.5
1983-06-19;516.3;6;516.3
1983-06-20;503.9;6;503.9
1983-06-21;499.6;6;499.6
1983-06-22;506.1;6;506.1
1983-06-23;496.0;6;496.0
1983-06-24;490.7;6;490.7
1983-06-25;500.9;6;500.9
1983-06-26;499.1;6;499.1
1983-06-27;497.1;6;497.1
1983-06-28;503.0;6;503.0
1983-06-29;515.9;6;515.9
1983-06-30;507.8;6;507.8
1983-07-01;529.7;7;529.7
1983-07-02;531.1;7;531.1
1983-07-03;532.1;7;532.1
1983-07-04;537.9;7;537.9
1983-07-05;549.0;7;549.0
1983-07-06;550.2;7;550.2
1983-07-07;553.7;7;553.7
1983-07-08;546.9;7;546.9
1983-07-09;530.6;7;530.6
1983-07-10;525.7;7;525.7
1983-07-11;534.3;7;534.3
1983-07-12;516.6;7;516.6
1983-07-13;509.5;7;509.5
1983-07-14;495.9;7;495.9
1983-07-15;491.5;7;491.5
1983-07-16;519.9;7;519.9
1983-07-17;540.3;7;540.3
1983-07-18;537.4;7;537.4
1983-07-19;542.3;7;542.3
1983-07-20;523.4;7;523.4
1983-07-21;523.4;7;523.4
1983-07-22;518.5;7;518.5
1983-07-23;512.4;7;512.4
1983-07-24;549.1;7;549.1
1983-07-25;555.9;7;555.9
1983-07-26;537.4;7;537.4
1983-07-27;511.7;7;511.7
1983-07-28;487.5;7;487.5
1983-07-29;482.5;7;482.5
1983-07-30;501.7;7;501.7
1983-07-31;490.2;7;490.2
1983-08-01;495.0;8;495.0
1983-08-02;492.0;8;492.0
1983-08-03;506.1;8;506.1
1983-08-04;499.2;8;499.2
1983-08-05;506.8;8;506.8
1983-08-06;506.0;8;506.0
1983-08-07;508.6;8;508.6
1983-08-08;498.2;8;498.2
1983-08-09;502.4;8;502.4
1983-08-10;484.1;8;484.1
1983-08-11;478.9;8;478.9
1983-08-12;489.7;8;489.7
1983-08-13;490.8;8;490.8
1983-08-14;474.5;8;474.5
1983-08-15;448.8;8;448.8
1983-08-16;466.5;8;466.5
1983-08-17;463.0;8;463.0
1983-08-18;447.5;8;447.5
1983-08-19;498.7;8;498.7
1983-08-20;511.7;8;511.7
1983-08-21;508.9;8;508.9
1983-08-22;522.2;8;522.2
1983-08-23;535.3;8;535.3
1983-08-24;524.1;8;524.1
1983-08-25;524.4;8;524.4
1983-08-26;529.2;8;529.2
1983-08-27;518.3;8;518.3
1983-08-28;528.8;8;528.8
1983-08-29;535.6;8;535.6
1983-08-30;524.4;8;524.4
1983-08-31;522.8;8;522.8
1983-09-01;530.1;9;530.1
1983-09-02;517.3;9;517.3
1983-09-03;514.6;9;514.6
1983-09-04;509.6;9;509.6
1983-09-05;504.0;9;504.0
1983-09-06;492.9;9;492.9
1983-09-07;484.7;9;484.7
1983-09-08;489.6;9;489.6
1983-09-09;481.3;9;481.3
1983-09-10;476.9;9;476.9
1983-09-11;486.5;9;486.5
1983-09-12;491.0;9;491.0
1983-09-13;486.3;9;486.3
1983-09-14;480.4;9;480.4
1983-09-15;477.6;9;477.6
1983-09-16;520.3;9;520.3
1983-09-17;527.2;9;527.2
1983-09-18;526.8;9;526.8
1983-09-19;527.5;9;527.5
1983-09-20;529.9;9;529.9
1983-09-21;536.3;9;536.3
1983-09-22;548.7;9;548.7
1983-09-23;548.9;9;548.9
1983-09-24;543.3;9;543.3
1983-09-25;560.9;9;560.9
1983-09-26;568.1;9;568.1
1983-09-27;568.1;9;568.1
1983-09-28;557.4;9;557.4
1983-09-29;550.7;9;550.7
1983-09-30;544.7;9;544.7
1983-10-01;525.8;10;525.8
1983-10-02;516.3;10;516.3
1983-10-03;500.5;10;500.5
1983-10-04;488.7;10;488.7
1983-10-05;484.7;10;484.7
1983-10-06;486.4;10;486.4
1983-10-07;499.0;10;499.0
1983-10-08;478.0;10;478.0
1983-10-09;485.7;10;485.7
1983-10-10;481.9;10;481.9
1983-10-11;493.5;10;493.5
1983-10-12;496.9;10;496.9
1983-10-13;523.4;10;523.4
1983-10-14;510.9;10;510.9
1983-10-15;516.5;10;516.5
1983-10-16;533.1;10;533.1
1983-10-17;547.6;10;547.6
1983-10-18;553.7;10;553.7
1983-10-19;552.4;10;552.4
1983-10-20;549.2;10;549.2
1983-10-21;548.7;10;548.7
1983-10-22;548.4;10;548.4
1983-10-23;554.0;10;554.0
1983-10-24;560.7;10;560.7
1983-10-25;565.9;10;565.9
1983-10-26;564.6;10;564.6
1983-10-27;562.5;10;562.5
1983-10-28;551.9;10;551.9
1983-10-29;551.3;10;551.3
1983-10-30;546.8;10;546.8
1983-10-31;554.3;10;554.3
1983-11-01;544.8;11;544.8
1983-11-02;541.8;11;541.8
1983-11-03;538.7;11;538.7
1983-11-04;569.1;11;569.1
1983-11-05;576.8;11;576.8
1983-11-06;583.4;11;583.4
1983-11-07;589.4;11;589.4
1983-11-08;596.9;11;596.9
1983-11-09;597.7;11;597.7
1983-11-10;594.3;11;594.3
1983-11-11;583.4;11;583.4
1983-11-12;591.6;11;591.6
1983-11-13;584.6;11;584.6
1983-11-14;587.4;11;587.4
1983-11-15;598.7;11;598.7
1983-11-16;586.9;11;586.9
1983-11-17;572.8;11;572.8
1983-11-18;564.9;11;564.9
1983-11-19;565.5;11;565.5
1983-11-20;562.7;11;562.7
1983-11-21;553.8;11;553.8
1983-11-22;533.2;11;533.2
1983-11-23;521.5;11;521.5
1983-11-24;516.0;11;516.0
1983-11-25;512.4;11;512.4
1983-11-26;495.5;11;495.5
1983-11-27;484.2;11;484.2
1983-11-28;494.1;11;494.1
1983-11-29;479.6;11;479.6
1983-11-30;475.8;11;475.8
1983-12-01;474.2;12;474.2
1983-12-02;465.5;12;465.5
1983-12-03;456.6;12;456.6
1983-12-04;449.0;12;449.0
1983-12-05;467.3;12;467.3
1983-12-06;451.3;12;451.3
1983-12-07;426.5;12;426.5
1983-12-08;439.1;12;439.1
1983-12-09;415.8;12;415.8
1983-12-10;414.1;12;414.1
1983-12-11;421.0;12;421.0
1983-12-12;410.2;12;410.2
1983-12-13;424.6;12;424.6
1983-12-14;436.0;12;436.0
1983-12-15;414.5;12;414.5
1983-12-16;399.0;12;399.0
1983-12-17;383.2;12;383.2
1983-12-18;412.1;12;412.1
1983-12-19;424.5;12;424.5
1983-12-20;452.7;12;452.7
1983-12-21;437.0;12;437.0
1983-12-22;414.5;12;414.5
1983-12-23;395.3;12;395.3
1983-12-24;379.5;12;379.5
1983-12-25;404.9;12;404.9
1983-12-26;406.3;12;406.3
1983-12-27;397.8;12;397.8
1983-12-28;440.6;12;440.6
1983-12-29;426.6;12;426.6
1983-12-30;405.7;12;405.7
1983-12-31;419.5;12;419.5
1984-01-01;334.0;1;334.0
1984-01-02;330.6;1;330.6
1984-01-03;323.9;1;323.9
1984-01-04;315.3;1;315.3
1984-01-05;295.5;1;295.5
1984-01-06;283.8;1;283.8
1984-01-07;283.6;1;283.6
1984-01-08;274.9;1;274.9
1984-01-09;258.1;1;258.1
1984-01-10;256.3;1;256.3
1984-01-11;260.2;1;260.2
1984-01-12;242.5;1;242.5
1984-01-13;227.2;1;227.2
1984-01-14;216.6;1;216.6
1984-01-15;205.8;1;205.8
1984-01-16;195.7;1;195.7
1984-01-17;209.1;1;209.1
1984-01-18;206.4;1;206.4
1984-01-19;198.4;1;198.4
1984-01-20;212.5;1;212.5
1984-01-21;207.6;1;207.6
1984-01-22;197.3;1;197.3
1984-01-23;205.7;1;205.7
1984-01-24;193.9;1;193.9
1984-01-25;181.3;1;181.3
1984-01-26;162.0;1;162.0
1984-01-27;151.5;1;151.5
1984-01-28;144.5;1;144.5
1984-01-29;135.6;1;135.6
1984-01-30;126.8;1;126.8
1984-01-31;121.2;1;121.2
1984-02-01;120.0;2;120.0
1984-02-02;116.6;2;116.6
1984-02-03;110.6;2;110.6
1984-02-04;111.8;2;111.8
1984-02-05;113.8;2;113.8
1984-02-06;110.6;2;110.6
1984-02-07;115.9;2;115.9
1984-02-08;131.4;2;131.4
1984-02-09;149.8;2;149.8
1984-02-10;167.9;2;167.9
1984-02-11;182.1;2;182.1
1984-02-12;176.5;2;176.5
1984-02-13;158.0;2;158.0
1984-02-14;140.1;2;140.1
1984-02-15;127.5;2;127.5
1984-02-16;120.8;2;120.8
1984-02-17;126.1;2;126.1
1984-02-18;119.6;2;119.6
1984-02-19;119.1;2;119.1
1984-02-20;117.4;2;117.4
1984-02-21;109.4;2;109.4
1984-02-22;102.6;2;102.6
1984-02-23;102.9;2;102.9
1984-02-24;112.7;2;112.7
1984-02-25;123.6;2;123.6
1984-02-26;155.1;2;155.1
1984-02-27;138.8;2;138.8
1984-02-28;146.1;2;146.1
1984-02-29;159.5;2;159.5
1984-03-01;154.0;3;154.0
1984-03-02;148.0;3;148.0
1984-03-03;152.5;3;152.5
1984-03-04;157.0;3;157.0
1984-03-05;146.4;3;146.4
1984-03-06;168.5;3;168.5
1984-03-07;229.3;3;229.3
1984-03-08;188.1;3;188.1
1984-03-09;172.0;3;172.0
1984-03-10;164.0;3;164.0
1984-03-11;150.5;3;150.5
1984-03-12;145.0;3;145.0
1984-03-13;138.8;3;138.8
1984-03-14;115.4;3;115.4
1984-03-15;109.8;3;109.8
1984-03-16;109.4;3;109.4
1984-03-17;116.2;3;116.2
1984-03-18;101.0;3;101.0
1984-03-19;104.2;3;104.2
1984-03-20;98.4;3;98.4
1984-03-21;85.3;3;85.3
1984-03-22;86.0;3;86.0
1984-03-23;84.3;3;84.3
1984-03-24;80.7;3;80.7
1984-03-25;75.5;3;75.5
1984-03-26;75.8;3;75.8
1984-03-27;77.9;3;77.9
1984-03-28;73.4;3;73.4
1984-03-29;72.3;3;72.3
1984-03-30;75.5;3;75.5
1984-03-31;79.3;3;79.3
1984-04-01;83.2;4;83.2
1984-04-02;81.8;4;81.8
1984-04-03;83.2;4;83.2
1984-04-04;82.1;4;82.1
1984-04-05;80.4;4;80.4
1984-04-06;78.3;4;78.3
1984-04-07;76.2;4;76.2
1984-04-08;76.2;4;76.2
1984-04-09;75.5;4;75.5
1984-04-10;73.1;4;73.1
1984-04-11;69.3;4;69.3
1984-04-12;68.7;4;68.7
1984-04-13;67.2;4;67.2
1984-04-14;67.5;4;67.5
1984-04-15;81.8;4;81.8
1984-04-16;84.6;4;84.6
1984-04-17;99.5;4;99.5
1984-04-18;114.6;4;114.6
1984-04-19;131.0;4;131.0
1984-04-20;131.0;4;131.0
1984-04-21;138.0;4;138.0
1984-04-22;131.2;4;131.2
1984-04-23;126.3;4;126.3
1984-04-24;132.3;4;132.3
1984-04-25;117.6;4;117.6
1984-04-26;115.6;4;115.6
1984-04-27;121.2;4;121.2
1984-04-28;118.4;4;118.4
1984-04-29;106.2;4;106.2
1984-04-30;136.6;4;136.6
1984-05-01;143.0;5;143.0
1984-05-02;142.0;5;142.0
1984-05-03;144.0;5;144.0
1984-05-04;154.0;5;154.0
1984-05-05;151.0;5;151.0
1984-05-06;164.0;5;164.0
1984-05-07;134.3;5;134.3
1984-05-08;122.1;5;122.1
1984-05-09;114.2;5;114.2
1984-05-10;109.4;5;109.4
1984-05-11;203.2;5;203.2
1984-05-12;166.4;5;166.4
1984-05-13;195.4;5;195.4
1984-05-14;199.0;5;199.0
1984-05-15;191.2;5;191.2
1984-05-16;201.5;5;201.5
1984-05-17;204.7;5;204.7
1984-05-18;227.4;5;227.4
1984-05-19;251.7;5;251.7
1984-05-20;231.3;5;231.3
1984-05-21;221.1;5;221.1
1984-05-22;232.0;5;232.0
1984-05-23;254.1;5;254.1
1984-05-24;239.3;5;239.3
1984-05-25;233.2;5;233.2
1984-05-26;226.9;5;226.9
1984-05-27;263.9;5;263.9
1984-05-28;278.7;5;278.7
1984-05-29;275.4;5;275.4
1984-05-30;263.1;5;263.1
1984-05-31;256.0;5;256.0
1984-06-01;261.4;6;261.4
1984-06-02;256.1;6;256.1
1984-06-03;254.5;6;254.5
1984-06-04;260.4;6;260.4
1984-06-05;260.0;6;260.0
1984-06-06;276.6;6;276.6
1984-06-07;272.1;6;272.1
1984-06-08;287.8;6;287.8
1984-06-09;284.5;6;284.5
1984-06-10;280.9;6;280.9
1984-06-11;285.4;6;285.4
1984-06-12;278.3;6;278.3
1984-06-13;291.6;6;291.6
1984-06-14;303.6;6;303.6
1984-06-15;300.9;6;300.9
1984-06-16;298.2;6;298.2
1984-06-17;299.3;6;299.3
1984-06-18;300.2;6;300.2
1984-06-19;318.2;6;318.2
1984-06-20;312.5;6;312.5
1984-06-21;295.8;6;295.8
1984-06-22;284.9;6;284.9
1984-06-23;302.2;6;302.2
1984-06-24;323.1;6;323.1
1984-06-25;349.6;6;349.6
1984-06-26;373.9;6;373.9
1984-06-27;360.2;6;360.2
1984-06-28;357.7;6;357.7
1984-06-29;353.9;6;353.9
1984-06-30;353.0;6;353.0
1984-07-01;367.6;7;367.6
1984-07-02;368.0;7;368.0
1984-07-03;377.4;7;377.4
1984-07-04;391.6;7;391.6
1984-07-05;393.2;7;393.2
1984-07-06;400.2;7;400.2
1984-07-07;402.0;7;402.0
1984-07-08;433.5;7;433.5
1984-07-09;449.6;7;449.6
1984-07-10;449.8;7;449.8
1984-07-11;452.4;7;452.4
1984-07-12;463.4;7;463.4
1984-07-13;461.4;7;461.4
1984-07-14;466.2;7;466.2
1984-07-15;463.3;7;463.3
1984-07-16;462.4;7;462.4
1984-07-17;468.8;7;468.8
1984-07-18;479.9;7;479.9
1984-07-19;474.8;7;474.8
1984-07-20;474.2;7;474.2
1984-07-21;468.7;7;468.7
1984-07-22;485.7;7;485.7
1984-07-23;497.4;7;497.4
1984-07-24;497.4;7;497.4
1984-07-25;498.6;7;498.6
1984-07-26;505.7;7;505.7
1984-07-27;510.9;7;510.9
1984-07-28;517.1;7;517.1
1984-07-29;523.3;7;523.3
1984-07-30;527.9;7;527.9
1984-07-31;527.2;7;527.2
1984-08-01;533.5;8;533.5
1984-08-02;538.0;8;538.0
1984-08-03;539.8;8;539.8
1984-08-04;537.1;8;537.1
1984-08-05;550.5;8;550.5
1984-08-06;549.6;8;549.6
1984-08-07;545.2;8;545.2
1984-08-08;547.0;8;547.0
1984-08-09;555.7;8;555.7
1984-08-10;547.7;8;547.7
1984-08-11;541.6;8;541.6
1984-08-12;538.9;8;538.9
1984-08-13;545.9;8;545.9
1984-08-14;564.5;8;564.5
1984-08-15;563.6;8;563.6
1984-08-16;550.5;8;550.5
1984-08-17;546.9;8;546.9
1984-08-18;542.4;8;542.4
1984-08-19;555.7;8;555.7
1984-08-20;547.8;8;547.8
1984-08-21;562.7;8;562.7
1984-08-22;555.7;8;555.7
1984-08-23;550.5;8;550.5
1984-08-24;546.1;8;546.1
1984-08-25;542.5;8;542.5
1984-08-26;544.3;8;544.3
1984-08-27;512.0;8;512.0
1984-08-28;502.5;8;502.5
1984-08-29;528.3;8;528.3
1984-08-30;555.7;8;555.7
1984-08-31;553.1;8;553.1
1984-09-01;569.7;9;569.7
1984-09-02;571.5;9;571.5
1984-09-03;568.0;9;568.0
1984-09-04;564.5;9;564.5
1984-09-05;568.0;9;568.0
1984-09-06;568.0;9;568.0
1984-09-07;568.0;9;568.0
1984-09-08;572.4;9;572.4
1984-09-09;581.1;9;581.1
1984-09-10;575.9;9;575.9
1984-09-11;575.0;9;575.0
1984-09-12;580.2;9;580.2
1984-09-13;592.2;9;592.2
1984-09-14;588.5;9;588.5
1984-09-15;584.8;9;584.8
1984-09-16;591.2;9;591.2
1984-09-17;604.2;9;604.2
1984-09-18;610.7;9;610.7
1984-09-19;590.3;9;590.3
1984-09-20;591.2;9;591.2
1984-09-21;577.6;9;577.6
1984-09-22;565.4;9;565.4
1984-09-23;583.8;9;583.8
1984-09-24;589.4;9;589.4
1984-09-25;588.5;9;588.5
1984-09-26;578.5;9;578.5
1984-09-27;574.1;9;574.1
1984-09-28;568.0;9;568.0
1984-09-29;557.5;9;557.5
1984-09-30;547.8;9;547.8
1984-10-01;590.3;10;590.3
1984-10-02;576.7;10;576.7
1984-10-03;582.0;10;582.0
1984-10-04;577.7;10;577.7
1984-10-05;572.4;10;572.4
1984-10-06;573.2;10;573.2
1984-10-07;575.9;10;575.9
1984-10-08;554.9;10;554.9
1984-10-09;554.9;10;554.9
1984-10-10;556.6;10;556.6
1984-10-11;580.2;10;580.2
1984-10-12;580.3;10;580.3
1984-10-13;578.5;10;578.5
1984-10-14;628.7;10;628.7
1984-10-15;579.4;10;579.4
1984-10-16;575.0;10;575.0
1984-10-17;586.7;10;586.7
1984-10-18;598.6;10;598.6
1984-10-19;594.0;10;594.0
1984-10-20;610.7;10;610.7
1984-10-21;617.1;10;617.1
1984-10-22;614.4;10;614.4
1984-10-23;635.2;10;635.2
1984-10-24;631.6;10;631.6
1984-10-25;617.9;10;617.9
1984-10-26;607.9;10;607.9
1984-10-27;613.4;10;613.4
1984-10-28;610.7;10;610.7
1984-10-29;619.7;10;619.7
1984-10-30;635.2;10;635.2
1984-10-31;627.1;10;627.1
1984-11-01;647.8;11;647.8
1984-11-02;627.1;11;627.1
1984-11-03;626.2;11;626.2
1984-11-04;617.1;11;617.1
1984-11-05;602.3;11;602.3
1984-11-06;600.5;11;600.5
1984-11-07;600.5;11;600.5
1984-11-08;621.7;11;621.7
1984-11-09;611.6;11;611.6
1984-11-10;596.8;11;596.8
1984-11-11;576.7;11;576.7
1984-11-12;561.9;11;561.9
1984-11-13;539.8;11;539.8
1984-11-14;544.3;11;544.3
1984-11-15;537.1;11;537.1
1984-11-16;535.3;11;535.3
1984-11-17;532.6;11;532.6
1984-11-18;534.4;11;534.4
1984-11-19;546.9;11;546.9
1984-11-20;555.7;11;555.7
1984-11-21;555.7;11;555.7
1984-11-22;554.9;11;554.9
1984-11-23;552.2;11;552.2
1984-11-24;551.4;11;551.4
1984-11-25;549.6;11;549.6
1984-11-26;550.5;11;550.5
1984-11-27;550.5;11;550.5
1984-11-28;552.2;11;552.2
1984-11-29;555.7;11;555.7
1984-11-30;547.8;11;547.8
1984-12-01;537.1;12;537.1
1984-12-02;538.9;12;538.9
1984-12-03;538.9;12;538.9
1984-12-04;529.9;12;529.9
1984-12-05;506.2;12;506.2
1984-12-06;465.8;12;465.8
1984-12-07;457.8;12;457.8
1984-12-08;441.7;12;441.7
1984-12-09;421.9;12;421.9
1984-12-10;402.4;12;402.4
1984-12-11;400.0;12;400.0
1984-12-12;402.4;12;402.4
1984-12-13;398.4;12;398.4
1984-12-14;391.2;12;391.2
1984-12-15;380.3;12;380.3
1984-12-16;368.0;12;368.0
1984-12-17;358.2;12;358.2
1984-12-18;328.1;12;328.1
1984-12-19;393.6;12;393.6
1984-12-20;388.8;12;388.8
1984-12-21;351.5;12;351.5
1984-12-22;351.5;12;351.5
1984-12-23;348.5;12;348.5
1984-12-24;342.0;12;342.0
1984-12-25;338.4;12;338.4
1984-12-26;326.8;12;326.8
1984-12-27;308.2;12;308.2
1984-12-28;292.0;12;292.0
1984-12-29;279.8;12;279.8
1984-12-30;258.2;12;258.2
1984-12-31;247.6;12;247.6
1985-01-01;279.4;1;279.4
1985-01-02;271.6;1;271.6
1985-01-03;261.2;1;261.2
1985-01-04;248.2;1;248.2
1985-01-05;246.2;1;246.2
1985-01-06;248.8;1;248.8
1985-01-07;241.7;1;241.7
1985-01-08;233.9;1;233.9
1985-01-09;216.2;1;216.2
1985-01-10;204.4;1;204.4
1985-01-11;200.0;1;200.0
1985-01-12;195.0;1;195.0
1985-01-13;191.2;1;191.2
1985-01-14;179.6;1;179.6
1985-01-15;170.1;1;170.1
1985-01-16;167.9;1;167.9
1985-01-17;158.5;1;158.5
1985-01-18;139.8;1;139.8
1985-01-19;137.6;1;137.6
1985-01-20;136.0;1;136.0
1985-01-21;134.6;1;134.6
1985-01-22;124.1;1;124.1
1985-01-23;121.7;1;121.7
1985-01-24;117.9;1;117.9
1985-01-25;114.6;1;114.6
1985-01-26;111.3;1;111.3
1985-01-27;105.6;1;105.6
1985-01-28;104.2;1;104.2
1985-01-29;118.9;1;118.9
1985-01-30;124.6;1;124.6
1985-01-31;103.7;1;103.7
1985-02-01;101.8;2;101.8
1985-02-02;93.7;2;93.7
1985-02-03;82.8;2;82.8
1985-02-04;82.3;2;82.3
1985-02-05;79.5;2;79.5
1985-02-06;78.2;2;78.2
1985-02-07;77.1;2;77.1
1985-02-08;77.1;2;77.1
1985-02-09;78.2;2;78.2
1985-02-10;79.0;2;79.0
1985-02-11;78.2;2;78.2
1985-02-12;93.3;2;93.3
1985-02-13;124.1;2;124.1
1985-02-14;113.2;2;113.2
1985-02-15;100.8;2;100.8
1985-02-16;96.6;2;96.6
1985-02-17;97.0;2;97.0
1985-02-18;100.4;2;100.4
1985-02-19;100.9;2;100.9
1985-02-20;90.4;2;90.4
1985-02-21;88.0;2;88.0
1985-02-22;85.6;2;85.6
1985-02-23;83.7;2;83.7
1985-02-24;79.0;2;79.0
1985-02-25;80.9;2;80.9
1985-02-26;77.1;2;77.1
1985-02-27;76.0;2;76.0
1985-02-28;76.7;2;76.7
1985-03-01;79.0;3;79.0
1985-03-02;74.5;3;74.5
1985-03-03;76.7;3;76.7
1985-03-04;94.2;3;94.2
1985-03-05;90.4;3;90.4
1985-03-06;82.0;3;82.0
1985-03-07;96.1;3;96.1
1985-03-08;87.5;3;87.5
1985-03-09;87.1;3;87.1
1985-03-10;88.0;3;88.0
1985-03-11;83.0;3;83.0
1985-03-12;81.4;3;81.4
1985-03-13;82.3;3;82.3
1985-03-14;86.6;3;86.6
1985-03-15;79.5;3;79.5
1985-03-16;71.1;3;71.1
1985-03-17;69.2;3;69.2
1985-03-18;65.9;3;65.9
1985-03-19;65.9;3;65.9
1985-03-20;65.1;3;65.1
1985-03-21;65.05;3;65.05
1985-03-22;64.54;3;64.54
1985-03-23;64.02;3;64.02
1985-03-24;63.51;3;63.51
1985-03-25;62.48;3;62.48
1985-03-26;61.46;3;61.46
1985-03-27;60.94;3;60.94
1985-03-28;60.43;3;60.43
1985-03-29;59.92;3;59.92
1985-03-30;51.2;3;51.2
1985-03-31;56.0;3;56.0
1985-04-01;135.5;4;135.5
1985-04-02;129.3;4;129.3
1985-04-03;112.2;4;112.2
1985-04-04;100.8;4;100.8
1985-04-05;91.8;4;91.8
1985-04-06;100.8;4;100.8
1985-04-07;101.8;4;101.8
1985-04-08;108.4;4;108.4
1985-04-09;120.3;4;120.3
1985-04-10;127.4;4;127.4
1985-04-11;130.3;4;130.3
1985-04-12;132.9;4;132.9
1985-04-13;107.5;4;107.5
1985-04-14;118.9;4;118.9
1985-04-15;128.9;4;128.9
1985-04-16;129.8;4;129.8
1985-04-17;133.6;4;133.6
1985-04-18;188.7;4;188.7
1985-04-19;192.5;4;192.5
1985-04-20;182.1;4;182.1
1985-04-21;165.1;4;165.1
1985-04-22;149.7;4;149.7
1985-04-23;154.7;4;154.7
1985-04-24;158.0;4;158.0
1985-04-25;216.4;4;216.4
1985-04-26;185.6;4;185.6
1985-04-27;189.4;4;189.4
1985-04-28;201.2;4;201.2
1985-04-29;201.2;4;201.2
1985-04-30;220.6;4;220.6
1985-05-01;135.5;5;135.5
1985-05-02;129.3;5;129.3
1985-05-03;112.2;5;112.2
1985-05-04;100.8;5;100.8
1985-05-05;91.8;5;91.8
1985-05-06;100.8;5;100.8
1985-05-07;101.8;5;101.8
1985-05-08;108.4;5;108.4
1985-05-09;120.3;5;120.3
1985-05-10;127.4;5;127.4
1985-05-11;130.3;5;130.3
1985-05-12;132.9;5;132.9
1985-05-13;107.5;5;107.5
1985-05-14;118.9;5;118.9
1985-05-15;128.9;5;128.9
1985-05-16;129.8;5;129.8
1985-05-17;133.6;5;133.6
1985-05-18;188.7;5;188.7
1985-05-19;192.5;5;192.5
1985-05-20;182.1;5;182.1
1985-05-21;165.1;5;165.1
1985-05-22;157.2;5;157.2
1985-05-23;179.8;5;179.8
1985-05-24;144.9;5;144.9
1985-05-25;166.7;5;166.7
1985-05-26;194.1;5;194.1
1985-05-27;188.7;5;188.7
1985-05-28;186.7;5;186.7
1985-05-29;202.5;5;202.5
1985-05-30;191.6;5;191.6
1985-05-31;223.6;5;223.6
1985-06-01;223.5;6;223.5
1985-06-02;228.8;6;228.8
1985-06-03;220.4;6;220.4
1985-06-04;216.1;6;216.1
1985-06-05;265.7;6;265.7
1985-06-06;410.4;6;410.4
1985-06-07;417.8;6;417.8
1985-06-08;389.5;6;389.5
1985-06-09;340.5;6;340.5
1985-06-10;315.1;6;315.1
1985-06-11;322.9;6;322.9
1985-06-12;324.9;6;324.9
1985-06-13;313.6;6;313.6
1985-06-14;303.0;6;303.0
1985-06-15;311.0;6;311.0
1985-06-16;303.7;6;303.7
1985-06-17;299.2;6;299.2
1985-06-18;302.2;6;302.2
1985-06-19;319.7;6;319.7
1985-06-20;317.6;6;317.6
1985-06-21;312.6;6;312.6
1985-06-22;291.7;6;291.7
1985-06-23;304.5;6;304.5
1985-06-24;311.6;6;311.6
1985-06-25;313.3;6;313.3
1985-06-26;330.9;6;330.9
1985-06-27;337.9;6;337.9
1985-06-28;347.7;6;347.7
1985-06-29;355.5;6;355.5
1985-06-30;362.5;6;362.5
1985-07-01;363.2;7;363.2
1985-07-02;367.1;7;367.1
1985-07-03;352.4;7;352.4
1985-07-04;335.1;7;335.1
1985-07-05;328.8;7;328.8
1985-07-06;356.3;7;356.3
1985-07-07;353.9;7;353.9
1985-07-08;338.7;7;338.7
1985-07-09;331.6;7;331.6
1985-07-10;355.5;7;355.5
1985-07-11;348.5;7;348.5
1985-07-12;343.9;7;343.9
1985-07-13;351.6;7;351.6
1985-07-14;358.6;7;358.6
1985-07-15;352.4;7;352.4
1985-07-16;368.7;7;368.7
1985-07-17;378.2;7;378.2
1985-07-18;367.1;7;367.1
1985-07-19;366.4;7;366.4
1985-07-20;379.0;7;379.0
1985-07-21;386.2;7;386.2
1985-07-22;395.8;7;395.8
1985-07-23;388.6;7;388.6
1985-07-24;395.8;7;395.8
1985-07-25;402.2;7;402.2
1985-07-26;403.8;7;403.8
1985-07-27;407.8;7;407.8
1985-07-28;414.2;7;414.2
1985-07-29;403.0;7;403.0
1985-07-30;427.8;7;427.8
1985-07-31;416.6;7;416.6
1985-08-01;-999.000;8;363.0
1985-08-02;-999.000;8;512.0
1985-08-03;-999.000;8;645.8
1985-08-04;-999.000;8;557.292
1985-08-05;-999.000;8;524.1
1985-08-06;-999.000;8;518.125
1985-08-07;-999.000;8;603.813
1985-08-08;-999.000;8;519.4
1985-08-09;-999.000;8;619.2
1985-08-10;-999.000;8;759.9
1985-08-11;-999.000;8;506.1
1985-08-12;-999.000;8;566.0
1985-08-13;-999.000;8;491.4
1985-08-14;-999.000;8;488.896
1985-08-15;-999.000;8;532.708
1985-08-16;-999.000;8;636.8
1985-08-17;-999.000;8;509.25
1985-08-18;-999.000;8;421.3
1985-08-19;-999.000;8;503.9
1985-08-20;-999.000;8;512.292
1985-08-21;-999.000;8;467.688
1985-08-22;-999.000;8;621.0
1985-08-23;-999.000;8;528.125
1985-08-24;-999.000;8;466.9
1985-08-25;-999.000;8;682.8
1985-08-26;-999.000;8;726.9
1985-08-27;-999.000;8;624.3
1985-08-28;-999.000;8;530.6
1985-08-29;-999.000;8;542.5
1985-08-30;-999.000;8;572.1
1985-08-31;-999.000;8;630.7
1985-09-01;567.6;9;567.6
1985-09-02;554.1;9;554.1
1985-09-03;547.8;9;547.8
1985-09-04;559.5;9;559.5
1985-09-05;569.5;9;569.5
1985-09-06;595.2;9;595.2
1985-09-07;624.0;9;624.0
1985-09-08;625.0;9;625.0
1985-09-09;621.0;9;621.0
1985-09-10;625.0;9;625.0
1985-09-11;622.0;9;622.0
1985-09-12;625.0;9;625.0
1985-09-13;631.0;9;631.0
1985-09-14;635.0;9;635.0
1985-09-15;638.0;9;638.0
1985-09-16;659.0;9;659.0
1985-09-17;656.0;9;656.0
1985-09-18;649.0;9;649.0
1985-09-19;627.0;9;627.0
1985-09-20;617.0;9;617.0
1985-09-21;606.3;9;606.3
1985-09-22;597.0;9;597.0
1985-09-23;593.3;9;593.3
1985-09-24;589.6;9;589.6
1985-09-25;564.9;9;564.9
1985-09-26;564.9;9;564.9
1985-09-27;600.7;9;600.7
1985-09-28;603.5;9;603.5
1985-09-29;603.5;9;603.5
1985-09-30;598.9;9;598.9
1985-10-01;599.8;10;599.8
1985-10-02;602.6;10;602.6
1985-10-03;599.8;10;599.8
1985-10-04;589.6;10;589.6
1985-10-05;586.9;10;586.9
1985-10-06;600.7;10;600.7
1985-10-07;571.3;10;571.3
1985-10-08;532.6;10;532.6
1985-10-09;635.0;10;635.0
1985-10-10;650.0;10;650.0
1985-10-11;656.0;10;656.0
1985-10-12;640.0;10;640.0
1985-10-13;639.0;10;639.0
1985-10-14;644.0;10;644.0
1985-10-15;660.0;10;660.0
1985-10-16;664.0;10;664.0
1985-10-17;668.0;10;668.0
1985-10-18;666.0;10;666.0
1985-10-19;555.6;10;555.6
1985-10-20;529.7;10;529.7
1985-10-21;655.7;10;655.7
1985-10-22;571.4;10;571.4
1985-10-23;490.2;10;490.2
1985-10-24;448.1;10;448.1
1985-10-25;426.5;10;426.5
1985-10-26;595.2;10;595.2
1985-10-27;581.3;10;581.3
1985-10-28;584.1;10;584.1
1985-10-29;595.2;10;595.2
1985-10-30;636.0;10;636.0
1985-10-31;642.0;10;642.0
1985-11-01;628.0;11;628.0
1985-11-02;619.0;11;619.0
1985-11-03;585.9;11;585.9
1985-11-04;547.8;11;547.8
1985-11-05;530.0;11;530.0
1985-11-06;517.7;11;517.7
1985-11-07;359.1;11;359.1
1985-11-08;508.1;11;508.1
1985-11-09;505.5;11;505.5
1985-11-10;523.0;11;523.0
1985-11-11;523.9;11;523.9
1985-11-12;522.1;11;522.1
1985-11-13;519.5;11;519.5
1985-11-14;516.9;11;516.9
1985-11-15;490.0;11;490.0
1985-11-16;465.2;11;465.2
1985-11-17;363.6;11;363.6
1985-11-18;466.5;11;466.5
1985-11-19;473.2;11;473.2
1985-11-20;495.7;11;495.7
1985-11-21;531.7;11;531.7
1985-11-22;561.3;11;561.3
1985-11-23;522.1;11;522.1
1985-11-24;535.2;11;535.2
1985-11-25;515.1;11;515.1
1985-11-26;502.1;11;502.1
1985-11-27;490.8;11;490.8
1985-11-28;474.0;11;474.0
1985-11-29;449.0;11;449.0
1985-11-30;447.2;11;447.2
1985-12-01;434.3;12;434.3
1985-12-02;415.0;12;415.0
1985-12-03;415.0;12;415.0
1985-12-04;415.8;12;415.8
1985-12-05;429.5;12;429.5
1985-12-06;466.5;12;466.5
1985-12-07;467.4;12;467.4
1985-12-08;431.8;12;431.8
1985-12-09;413.4;12;413.4
1985-12-10;421.4;12;421.4
1985-12-11;450.7;12;450.7
1985-12-12;432.8;12;432.8
1985-12-13;368.7;12;368.7
1985-12-14;403.0;12;403.0
1985-12-15;388.6;12;388.6
1985-12-16;367.1;12;367.1
1985-12-17;347.0;12;347.0
1985-12-18;333.0;12;333.0
1985-12-19;311.9;12;311.9
1985-12-20;294.7;12;294.7
1985-12-21;284.2;12;284.2
1985-12-22;273.5;12;273.5
1985-12-23;263.8;12;263.8
1985-12-24;252.7;12;252.7
1985-12-25;243.0;12;243.0
1985-12-26;280.2;12;280.2
1985-12-27;269.6;12;269.6
1985-12-28;252.7;12;252.7
1985-12-29;235.8;12;235.8
1985-12-30;221.2;12;221.2
1985-12-31;206.9;12;206.9
1986-01-01;213.6;1;213.6
1986-01-02;209.2;1;209.2
1986-01-03;204.2;1;204.2
1986-01-04;139.9;1;139.9
1986-01-05;145.7;1;145.7
1986-01-06;141.1;1;141.1
1986-01-07;169.9;1;169.9
1986-01-08;167.4;1;167.4
1986-01-09;163.0;1;163.0
1986-01-10;156.7;1;156.7
1986-01-11;153.6;1;153.6
1986-01-12;163.0;1;163.0
1986-01-13;144.0;1;144.0
1986-01-14;139.9;1;139.9
1986-01-15;144.0;1;144.0
1986-01-16;151.7;1;151.7
1986-01-17;148.0;1;148.0
1986-01-18;146.4;1;146.4
1986-01-19;139.9;1;139.9
1986-01-20;137.1;1;137.1
1986-01-21;126.1;1;126.1
1986-01-22;122.8;1;122.8
1986-01-23;117.3;1;117.3
1986-01-24;115.1;1;115.1
1986-01-25;111.8;1;111.8
1986-01-26;130.2;1;130.2
1986-01-27;150.6;1;150.6
1986-01-28;131.3;1;131.3
1986-01-29;154.2;1;154.2
1986-01-30;199.9;1;199.9
1986-01-31;250.7;1;250.7
1986-02-01;226.5;2;226.5
1986-02-02;215.5;2;215.5
1986-02-03;214.2;2;214.2
1986-02-04;196.1;2;196.1
1986-02-05;184.2;2;184.2
1986-02-06;173.0;2;173.0
1986-02-07;163.0;2;163.0
1986-02-08;144.0;2;144.0
1986-02-09;127.3;2;127.3
1986-02-10;123.4;2;123.4
1986-02-11;125.7;2;125.7
1986-02-12;144.5;2;144.5
1986-02-13;142.8;2;142.8
1986-02-14;174.2;2;174.2
1986-02-15;169.2;2;169.2
1986-02-16;158.6;2;158.6
1986-02-17;148.1;2;148.1
1986-02-18;146.8;2;146.8
1986-02-19;171.1;2;171.1
1986-02-20;138.2;2;138.2
1986-02-21;137.1;2;137.1
1986-02-22;137.1;2;137.1
1986-02-23;126.8;2;126.8
1986-02-24;120.6;2;120.6
1986-02-25;116.2;2;116.2
1986-02-26;112.3;2;112.3
1986-02-27;111.2;2;111.2
1986-02-28;114.0;2;114.0
1986-03-01;104.1;3;104.1
1986-03-02;107.4;3;107.4
1986-03-03;98.3;3;98.3
1986-03-04;99.3;3;99.3
1986-03-05;90.4;3;90.4
1986-03-06;87.2;3;87.2
1986-03-07;87.2;3;87.2
1986-03-08;85.2;3;85.2
1986-03-09;86.2;3;86.2
1986-03-10;83.6;3;83.6
1986-03-11;82.5;3;82.5
1986-03-12;80.0;3;80.0
1986-03-13;78.0;3;78.0
1986-03-14;86.2;3;86.2
1986-03-15;93.5;3;93.5
1986-03-16;98.8;3;98.8
1986-03-17;85.2;3;85.2
1986-03-18;81.6;3;81.6
1986-03-19;76.5;3;76.5
1986-03-20;72.5;3;72.5
1986-03-21;65.0;3;65.0
1986-03-22;75.0;3;75.0
1986-03-23;87.8;3;87.8
1986-03-24;92.0;3;92.0
1986-03-25;96.7;3;96.7
1986-03-26;90.9;3;90.9
1986-03-27;78.0;3;78.0
1986-03-28;73.0;3;73.0
1986-03-29;71.0;3;71.0
1986-03-30;76.0;3;76.0
1986-03-31;86.2;3;86.2
1986-04-01;112.3;4;112.3
1986-04-02;139.4;4;139.4
1986-04-03;154.2;4;154.2
1986-04-04;173.6;4;173.6
1986-04-05;183.6;4;183.6
1986-04-06;204.2;4;204.2
1986-04-07;214.2;4;214.2
1986-04-08;226.4;4;226.4
1986-04-09;245.3;4;245.3
1986-04-10;273.1;4;273.1
1986-04-11;279.8;4;279.8
1986-04-12;315.2;4;315.2
1986-04-13;319.5;4;319.5
1986-04-14;291.0;4;291.0
1986-04-15;310.3;4;310.3
1986-04-16;347.8;4;347.8
1986-04-17;342.0;4;342.0
1986-04-18;364.4;4;364.4
1986-04-19;403.9;4;403.9
1986-04-20;383.3;4;383.3
1986-04-21;407.7;4;407.7
1986-04-22;437.7;4;437.7
1986-04-23;333.1;4;333.1
1986-04-24;387.8;4;387.8
1986-04-25;382.6;4;382.6
1986-04-26;386.2;4;386.2
1986-04-27;391.3;4;391.3
1986-04-28;386.2;4;386.2
1986-04-29;408.5;4;408.5
1986-04-30;420.3;4;420.3
1986-05-01;439.2;5;439.2
1986-05-02;463.4;5;463.4
1986-05-03;462.6;5;462.6
1986-05-04;451.8;5;451.8
1986-05-05;379.9;5;379.9
1986-05-06;460.0;5;460.0
1986-05-07;453.5;5;453.5
1986-05-08;447.1;5;447.1
1986-05-09;451.1;5;451.1
1986-05-10;446.3;5;446.3
1986-05-11;433.7;5;433.7
1986-05-12;426.6;5;426.6
1986-05-13;415.6;5;415.6
1986-05-14;419.6;5;419.6
1986-05-15;425.9;5;425.9
1986-05-16;406.2;5;406.2
1986-05-17;409.3;5;409.3
1986-05-18;393.6;5;393.6
1986-05-19;392.0;5;392.0
1986-05-20;386.9;5;386.9
1986-05-21;381.8;5;381.8
1986-05-22;398.3;5;398.3
1986-05-23;384.7;5;384.7
1986-05-24;374.6;5;374.6
1986-05-25;368.8;5;368.8
1986-05-26;359.4;5;359.4
1986-05-27;388.6;5;388.6
1986-05-28;398.3;5;398.3
1986-05-29;365.9;5;365.9
1986-05-30;365.2;5;365.2
1986-05-31;361.5;5;361.5
1986-06-01;348.5;6;348.5
1986-06-02;342.7;6;342.7
1986-06-03;328.2;6;328.2
1986-06-04;320.9;6;320.9
1986-06-05;333.3;6;333.3
1986-06-06;339.8;6;339.8
1986-06-07;360.8;6;360.8
1986-06-08;384.0;6;384.0
1986-06-09;387.6;6;387.6
1986-06-10;373.1;6;373.1
1986-06-11;370.2;6;370.2
1986-06-12;374.6;6;374.6
1986-06-13;380.4;6;380.4
1986-06-14;382.6;6;382.6
1986-06-15;384.7;6;384.7
1986-06-16;392.1;6;392.1
1986-06-17;390.5;6;390.5
1986-06-18;390.9;6;390.9
1986-06-19;380.4;6;380.4
1986-06-20;381.1;6;381.1
1986-06-21;380.4;6;380.4
1986-06-22;377.5;6;377.5
1986-06-23;384.7;6;384.7
1986-06-24;395.9;6;395.9
1986-06-25;411.7;6;411.7
1986-06-26;431.4;6;431.4
1986-06-27;451.1;6;451.1
1986-06-28;478.5;6;478.5
1986-06-29;497.0;6;497.0
1986-06-30;501.2;6;501.2
1986-07-01;522.2;7;522.2
1986-07-02;532.3;7;532.3
1986-07-03;536.5;7;536.5
1986-07-04;540.7;7;540.7
1986-07-05;536.5;7;536.5
1986-07-06;531.4;7;531.4
1986-07-07;528.9;7;528.9
1986-07-08;524.7;7;524.7
1986-07-09;525.6;7;525.6
1986-07-10;528.9;7;528.9
1986-07-11;549.4;7;549.4
1986-07-12;548.6;7;548.6
1986-07-13;550.3;7;550.3
1986-07-14;541.6;7;541.6
1986-07-15;546.0;7;546.0
1986-07-16;544.2;7;544.2
1986-07-17;554.7;7;554.7
1986-07-18;569.4;7;569.4
1986-07-19;582.5;7;582.5
1986-07-20;590.3;7;590.3
1986-07-21;591.2;7;591.2
1986-07-22;588.6;7;588.6
1986-07-23;581.6;7;581.6
1986-07-24;558.1;7;558.1
1986-07-25;554.7;7;554.7
1986-07-26;550.3;7;550.3
1986-07-27;548.6;7;548.6
1986-07-28;535.6;7;535.6
1986-07-29;534.8;7;534.8
1986-07-30;513.8;7;513.8
1986-07-31;505.4;7;505.4
1986-08-01;485.2;8;485.2
1986-08-02;476.0;8;476.0
1986-08-03;466.8;8;466.8
1986-08-04;461.7;8;461.7
1986-08-05;444.0;8;444.0
1986-08-06;435.3;8;435.3
1986-08-07;431.4;8;431.4
1986-08-08;444.0;8;444.0
1986-08-09;420.3;8;420.3
1986-08-10;421.1;8;421.1
1986-08-11;406.2;8;406.2
1986-08-12;381.8;8;381.8
1986-08-13;378.2;8;378.2
1986-08-14;377.5;8;377.5
1986-08-15;371.7;8;371.7
1986-08-16;354.3;8;354.3
1986-08-17;336.2;8;336.2
1986-08-18;327.5;8;327.5
1986-08-19;352.8;8;352.8
1986-08-20;366.6;8;366.6
1986-08-21;363.0;8;363.0
1986-08-22;384.7;8;384.7
1986-08-23;368.1;8;368.1
1986-08-24;351.4;8;351.4
1986-08-25;325.3;8;325.3
1986-08-26;309.4;8;309.4
1986-08-27;302.2;8;302.2
1986-08-28;293.8;8;293.8
1986-08-29;279.8;8;279.8
1986-08-30;287.5;8;287.5
1986-08-31;298.8;8;298.8
1986-09-01;329.6;9;329.6
1986-09-02;360.1;9;360.1
1986-09-03;357.2;9;357.2
1986-09-04;356.5;9;356.5
1986-09-05;357.2;9;357.2
1986-09-06;342.7;9;342.7
1986-09-07;325.3;9;325.3
1986-09-08;309.3;9;309.3
1986-09-09;316.6;9;316.6
1986-09-10;323.1;9;323.1
1986-09-11;326.7;9;326.7
1986-09-12;337.6;9;337.6
1986-09-13;341.2;9;341.2
1986-09-14;341.2;9;341.2
1986-09-15;341.2;9;341.2
1986-09-16;344.1;9;344.1
1986-09-17;354.3;9;354.3
1986-09-18;344.1;9;344.1
1986-09-19;347.0;9;347.0
1986-09-20;339.1;9;339.1
1986-09-21;328.2;9;328.2
1986-09-22;344.9;9;344.9
1986-09-23;359.4;9;359.4
1986-09-24;379.7;9;379.7
1986-09-25;385.7;9;385.7
1986-09-26;384.6;9;384.6
1986-09-27;418.8;9;418.8
1986-09-28;417.2;9;417.2
1986-09-29;431.4;9;431.4
1986-09-30;418.8;9;418.8
1986-10-01;420.3;10;420.3
1986-10-02;415.6;10;415.6
1986-10-03;421.1;10;421.1
1986-10-04;414.0;10;414.0
1986-10-05;416.4;10;416.4
1986-10-06;441.6;10;441.6
1986-10-07;418.0;10;418.0
1986-10-08;432.9;10;432.9
1986-10-09;451.8;10;451.8
1986-10-10;459.2;10;459.2
1986-10-11;481.9;10;481.9
1986-10-12;513.8;10;513.8
1986-10-13;504.6;10;504.6
1986-10-14;486.1;10;486.1
1986-10-15;466.8;10;466.8
1986-10-16;459.2;10;459.2
1986-10-17;455.9;10;455.9
1986-10-18;429.8;10;429.8
1986-10-19;477.7;10;477.7
1986-10-20;455.9;10;455.9
1986-10-21;460.0;10;460.0
1986-10-22;460.0;10;460.0
1986-10-23;459.2;10;459.2
1986-10-24;463.4;10;463.4
1986-10-25;470.1;10;470.1
1986-10-26;455.2;10;455.2
1986-10-27;442.4;10;442.4
1986-10-28;462.6;10;462.6
1986-10-29;470.1;10;470.1
1986-10-30;460.9;10;460.9
1986-10-31;467.6;10;467.6
1986-11-01;423.5;11;423.5
1986-11-02;421.1;11;421.1
1986-11-03;393.7;11;393.7
1986-11-04;384.0;11;384.0
1986-11-05;377.5;11;377.5
1986-11-06;385.5;11;385.5
1986-11-07;376.0;11;376.0
1986-11-08;383.6;11;383.6
1986-11-09;436.1;11;436.1
1986-11-10;441.6;11;441.6
1986-11-11;434.5;11;434.5
1986-11-12;410.9;11;410.9
1986-11-13;367.3;11;367.3
1986-11-14;422.7;11;422.7
1986-11-15;379.7;11;379.7
1986-11-16;357.2;11;357.2
1986-11-17;400.2;11;400.2
1986-11-18;403.8;11;403.8
1986-11-19;375.3;11;375.3
1986-11-20;368.8;11;368.8
1986-11-21;348.5;11;348.5
1986-11-22;360.1;11;360.1
1986-11-23;343.4;11;343.4
1986-11-24;338.3;11;338.3
1986-11-25;320.9;11;320.9
1986-11-26;355.7;11;355.7
1986-11-27;353.6;11;353.6
1986-11-28;327.5;11;327.5
1986-11-29;310.1;11;310.1
1986-11-30;286.8;11;286.8
1986-12-01;345.6;12;345.6
1986-12-02;342.7;12;342.7
1986-12-03;336.9;12;336.9
1986-12-04;322.4;12;322.4
1986-12-05;310.1;12;310.1
1986-12-06;298.7;12;298.7
1986-12-07;315.1;12;315.1
1986-12-08;307.9;12;307.9
1986-12-09;308.6;12;308.6
1986-12-10;320.9;12;320.9
1986-12-11;327.5;12;327.5
1986-12-12;336.2;12;336.2
1986-12-13;318.8;12;318.8
1986-12-14;316.6;12;316.6
1986-12-15;311.7;12;311.7
1986-12-16;353.6;12;353.6
1986-12-17;328.2;12;328.2
1986-12-18;300.1;12;300.1
1986-12-19;289.6;12;289.6
1986-12-20;256.7;12;256.7
1986-12-21;243.2;12;243.2
1986-12-22;233.8;12;233.8
1986-12-23;221.7;12;221.7
1986-12-24;214.2;12;214.2
1986-12-25;219.2;12;219.2
1986-12-26;239.2;12;239.2
1986-12-27;217.4;12;217.4
1986-12-28;204.2;12;204.2
1986-12-29;191.7;12;191.7
1986-12-30;171.1;12;171.1
1986-12-31;167.4;12;167.4
1987-01-01;165.5;1;165.5
1987-01-02;156.1;1;156.1
1987-01-03;159.9;1;159.9
1987-01-04;158.6;1;158.6
1987-01-05;156.8;1;156.8
1987-01-06;150.5;1;150.5
1987-01-07;146.3;1;146.3
1987-01-08;158.6;1;158.6
1987-01-09;157.4;1;157.4
1987-01-10;152.4;1;152.4
1987-01-11;149.3;1;149.3
1987-01-12;148.1;1;148.1
1987-01-13;145.7;1;145.7
1987-01-14;142.8;1;142.8
1987-01-15;138.8;1;138.8
1987-01-16;140.0;1;140.0
1987-01-17;135.4;1;135.4
1987-01-18;131.3;1;131.3
1987-01-19;123.9;1;123.9
1987-01-20;118.4;1;118.4
1987-01-21;130.4;1;130.4
1987-01-22;201.1;1;201.1
1987-01-23;115.7;1;115.7
1987-01-24;141.1;1;141.1
1987-01-25;159.3;1;159.3
1987-01-26;169.9;1;169.9
1987-01-27;169.9;1;169.9
1987-01-28;144.0;1;144.0
1987-01-29;145.7;1;145.7
1987-01-30;145.7;1;145.7
1987-01-31;142.8;1;142.8
1987-02-01;135.4;2;135.4
1987-02-02;127.3;2;127.3
1987-02-03;129.6;2;129.6
1987-02-04;117.8;2;117.8
1987-02-05;112.9;2;112.9
1987-02-06;107.4;2;107.4
1987-02-07;107.4;2;107.4
1987-02-08;107.9;2;107.9
1987-02-09;109.6;2;109.6
1987-02-10;111.8;2;111.8
1987-02-11;111.3;2;111.3
1987-02-12;235.8;2;235.8
1987-02-13;222.4;2;222.4
1987-02-14;214.9;2;214.9
1987-02-15;208.0;2;208.0
1987-02-16;202.4;2;202.4
1987-02-17;193.0;2;193.0
1987-02-18;184.3;2;184.3
1987-02-19;189.3;2;189.3
1987-02-20;189.9;2;189.9
1987-02-21;174.9;2;174.9
1987-02-22;164.9;2;164.9
1987-02-23;160.5;2;160.5
1987-02-24;143.4;2;143.4
1987-02-25;142.8;2;142.8
1987-02-26;130.2;2;130.2
1987-02-27;125.0;2;125.0
1987-02-28;120.1;2;120.1
1987-03-01;112.9;3;112.9
1987-03-02;111.3;3;111.3
1987-03-03;110.1;3;110.1
1987-03-04;110.7;3;110.7
1987-03-05;104.1;3;104.1
1987-03-06;98.3;3;98.3
1987-03-07;96.7;3;96.7
1987-03-08;93.6;3;93.6
1987-03-09;89.9;3;89.9
1987-03-10;87.3;3;87.3
1987-03-11;88.8;3;88.8
1987-03-12;89.9;3;89.9
1987-03-13;88.8;3;88.8
1987-03-14;89.9;3;89.9
1987-03-15;82.0;3;82.0
1987-03-16;81.0;3;81.0
1987-03-17;79.5;3;79.5
1987-03-18;78.5;3;78.5
1987-03-19;78.0;3;78.0
1987-03-20;75.0;3;75.0
1987-03-21;74.0;3;74.0
1987-03-22;71.0;3;71.0
1987-03-23;69.5;3;69.5
1987-03-24;71.5;3;71.5
1987-03-25;79.5;3;79.5
1987-03-26;79.5;3;79.5
1987-03-27;79.0;3;79.0
1987-03-28;79.0;3;79.0
1987-03-29;78.0;3;78.0
1987-03-30;76.5;3;76.5
1987-03-31;69.0;3;69.0
1987-04-01;68.5;4;68.5
1987-04-02;72.0;4;72.0
1987-04-03;76.0;4;76.0
1987-04-04;83.6;4;83.6
1987-04-05;88.3;4;88.3
1987-04-06;99.8;4;99.8
1987-04-07;149.9;4;149.9
1987-04-08;259.5;4;259.5
1987-04-09;245.3;4;245.3
1987-04-10;297.1;4;297.1
1987-04-11;355.8;4;355.8
1987-04-12;379.7;4;379.7
1987-04-13;384.0;4;384.0
1987-04-14;321.0;4;321.0
1987-04-15;243.0;4;243.0
1987-04-16;275.1;4;275.1
1987-04-17;235.8;4;235.8
1987-04-18;231.8;4;231.8
1987-04-19;229.1;4;229.1
1987-04-20;224.4;4;224.4
1987-04-21;216.1;4;216.1
1987-04-22;204.3;4;204.3
1987-04-23;233.1;4;233.1
1987-04-24;277.0;4;277.0
1987-04-25;259.3;4;259.3
1987-04-26;365.2;4;365.2
1987-04-27;371.7;4;371.7
1987-04-28;332.5;4;332.5
1987-04-29;340.5;4;340.5
1987-04-30;343.4;4;343.4
1987-05-01;381.8;5;381.8
1987-05-02;404.6;5;404.6
1987-05-03;381.8;5;381.8
1987-05-04;386.2;5;386.2
1987-05-05;391.3;5;391.3
1987-05-06;384.0;5;384.0
1987-05-07;379.0;5;379.0
1987-05-08;374.6;5;374.6
1987-05-09;452.0;5;452.0
1987-05-10;386.9;5;386.9
1987-05-11;395.9;5;395.9
1987-05-12;395.3;5;395.3
1987-05-13;389.8;5;389.8
1987-05-14;395.1;5;395.1
1987-05-15;392.0;5;392.0
1987-05-16;414.4;5;414.4
1987-05-17;459.3;5;459.3
1987-05-18;469.6;5;469.6
1987-05-19;485.7;5;485.7
1987-05-20;502.9;5;502.9
1987-05-21;495.0;5;495.0
1987-05-22;485.5;5;485.5
1987-05-23;484.4;5;484.4
1987-05-24;479.4;5;479.4
1987-05-25;471.8;5;471.8
1987-05-26;470.1;5;470.1
1987-05-27;498.7;5;498.7
1987-05-28;535.7;5;535.7
1987-05-29;526.4;5;526.4
1987-05-30;504.6;5;504.6
1987-05-31;495.3;5;495.3
1987-06-01;493.6;6;493.6
1987-06-02;497.0;6;497.0
1987-06-03;486.9;6;486.9
1987-06-04;481.9;6;481.9
1987-06-05;481.9;6;481.9
1987-06-06;504.6;6;504.6
1987-06-07;489.4;6;489.4
1987-06-08;480.2;6;480.2
1987-06-09;471.8;6;471.8
1987-06-10;465.9;6;465.9
1987-06-11;460.9;6;460.9
1987-06-12;447.4;6;447.4
1987-06-13;455.3;6;455.3
1987-06-14;437.1;6;437.1
1987-06-15;425.4;6;425.4
1987-06-16;418.0;6;418.0
1987-06-17;426.8;6;426.8
1987-06-18;449.7;6;449.7
1987-06-19;454.7;6;454.7
1987-06-20;427.6;6;427.6
1987-06-21;411.6;6;411.6
1987-06-22;414.7;6;414.7
1987-06-23;398.5;6;398.5
1987-06-24;392.2;6;392.2
1987-06-25;439.4;6;439.4
1987-06-26;450.2;6;450.2
1987-06-27;441.6;6;441.6
1987-06-28;440.1;6;440.1
1987-06-29;434.3;6;434.3
1987-06-30;436.5;6;436.5
1987-07-01;427.2;7;427.2
1987-07-02;429.9;7;429.9
1987-07-03;437.3;7;437.3
1987-07-04;428.7;7;428.7
1987-07-05;431.4;7;431.4
1987-07-06;444.0;7;444.0
1987-07-07;440.8;7;440.8
1987-07-08;427.4;7;427.4
1987-07-09;414.8;7;414.8
1987-07-10;428.2;7;428.2
1987-07-11;428.2;7;428.2
1987-07-12;433.0;7;433.0
1987-07-13;480.2;7;480.2
1987-07-14;477.7;7;477.7
1987-07-15;473.5;7;473.5
1987-07-16;492.0;7;492.0
1987-07-17;537.3;7;537.3
1987-07-18;547.7;7;547.7
1987-07-19;551.2;7;551.2
1987-07-20;554.7;7;554.7
1987-07-21;541.6;7;541.6
1987-07-22;528.9;7;528.9
1987-07-23;523.9;7;523.9
1987-07-24;507.9;7;507.9
1987-07-25;507.9;7;507.9
1987-07-26;527.2;7;527.2
1987-07-27;570.3;7;570.3
1987-07-28;515.5;7;515.5
1987-07-29;525.6;7;525.6
1987-07-30;518.8;7;518.8
1987-07-31;530.6;7;530.6
1987-08-01;539.1;8;539.1
1987-08-02;566.8;8;566.8
1987-08-03;566.0;8;566.0
1987-08-04;580.8;8;580.8
1987-08-05;586.8;8;586.8
1987-08-06;580.8;8;580.8
1987-08-07;586.0;8;586.0
1987-08-08;580.8;8;580.8
1987-08-09;563.4;8;563.4
1987-08-10;564.2;8;564.2
1987-08-11;577.3;8;577.3
1987-08-12;591.2;8;591.2
1987-08-13;589.5;8;589.5
1987-08-14;585.1;8;585.1
1987-08-15;590.3;8;590.3
1987-08-16;559.0;8;559.0
1987-08-17;546.8;8;546.8
1987-08-18;565.1;8;565.1
1987-08-19;557.3;8;557.3
1987-08-20;577.3;8;577.3
1987-08-21;589.5;8;589.5
1987-08-22;584.2;8;584.2
1987-08-23;590.3;8;590.3
1987-08-24;581.6;8;581.6
1987-08-25;597.3;8;597.3
1987-08-26;608.6;8;608.6
1987-08-27;618.2;8;618.2
1987-08-28;618.2;8;618.2
1987-08-29;619.0;8;619.0
1987-08-30;622.5;8;622.5
1987-08-31;624.3;8;624.3
1987-09-01;625.3;9;625.3
1987-09-02;620.8;9;620.8
1987-09-03;612.1;9;612.1
1987-09-04;603.4;9;603.4
1987-09-05;604.3;9;604.3
1987-09-06;624.3;9;624.3
1987-09-07;627.5;9;627.5
1987-09-08;616.4;9;616.4
1987-09-09;613.0;9;613.0
1987-09-10;613.0;9;613.0
1987-09-11;603.4;9;603.4
1987-09-12;593.8;9;593.8
1987-09-13;588.6;9;588.6
1987-09-14;577.3;9;577.3
1987-09-15;583.4;9;583.4
1987-09-16;566.8;9;566.8
1987-09-17;566.8;9;566.8
1987-09-18;573.8;9;573.8
1987-09-19;596.4;9;596.4
1987-09-20;592.9;9;592.9
1987-09-21;578.2;9;578.2
1987-09-22;538.2;9;538.2
1987-09-23;534.0;9;534.0
1987-09-24;520.5;9;520.5
1987-09-25;525.6;9;525.6
1987-09-26;539.9;9;539.9
1987-09-27;558.1;9;558.1
1987-09-28;539.1;9;539.1
1987-09-29;512.1;9;512.1
1987-09-30;507.9;9;507.9
1987-10-01;507.9;10;507.9
1987-10-02;519.7;10;519.7
1987-10-03;537.6;10;537.6
1987-10-04;541.6;10;541.6
1987-10-05;530.6;10;530.6
1987-10-06;539.0;10;539.0
1987-10-07;565.1;10;565.1
1987-10-08;569.5;10;569.5
1987-10-09;571.2;10;571.2
1987-10-10;566.0;10;566.0
1987-10-11;566.8;10;566.8
1987-10-12;570.3;10;570.3
1987-10-13;591.2;10;591.2
1987-10-14;588.6;10;588.6
1987-10-15;586.0;10;586.0
1987-10-16;583.4;10;583.4
1987-10-17;586.8;10;586.8
1987-10-18;594.7;10;594.7
1987-10-19;594.7;10;594.7
1987-10-20;576.4;10;576.4
1987-10-21;563.4;10;563.4
1987-10-22;592.1;10;592.1
1987-10-23;612.9;10;612.9
1987-10-24;606.9;10;606.9
1987-10-25;608.6;10;608.6
1987-10-26;613.8;10;613.8
1987-10-27;619.9;10;619.9
1987-10-28;623.4;10;623.4
1987-10-29;624.3;10;624.3
1987-10-30;614.7;10;614.7
1987-10-31;599.9;10;599.9
1987-11-01;589.5;11;589.5
1987-11-02;580.8;11;580.8
1987-11-03;566.0;11;566.0
1987-11-04;552.9;11;552.9
1987-11-05;548.6;11;548.6
1987-11-06;549.4;11;549.4
1987-11-07;571.2;11;571.2
1987-11-08;616.4;11;616.4
1987-11-09;610.3;11;610.3
1987-11-10;620.8;11;620.8
1987-11-11;606.9;11;606.9
1987-11-12;593.8;11;593.8
1987-11-13;574.7;11;574.7
1987-11-14;559.0;11;559.0
1987-11-15;546.8;11;546.8
1987-11-16;528.9;11;528.9
1987-11-17;520.5;11;520.5
1987-11-18;514.6;11;514.6
1987-11-19;514.6;11;514.6
1987-11-20;502.0;11;502.0
1987-11-21;490.3;11;490.3
1987-11-22;481.0;11;481.0
1987-11-23;470.1;11;470.1
1987-11-24;465.1;11;465.1
1987-11-25;460.9;11;460.9
1987-11-26;461.7;11;461.7
1987-11-27;465.9;11;465.9
1987-11-28;451.8;11;451.8
1987-11-29;444.0;11;444.0
1987-11-30;436.9;11;436.9
1987-12-01;435.3;12;435.3
1987-12-02;487.9;12;487.9
1987-12-03;513.8;12;513.8
1987-12-04;517.2;12;517.2
1987-12-05;516.3;12;516.3
1987-12-06;518.8;12;518.8
1987-12-07;518.8;12;518.8
1987-12-08;507.1;12;507.1
1987-12-09;507.1;12;507.1
1987-12-10;514.6;12;514.6
1987-12-11;519.7;12;519.7
1987-12-12;522.2;12;522.2
1987-12-13;518.0;12;518.0
1987-12-14;515.5;12;515.5
1987-12-15;509.9;12;509.9
1987-12-16;497.8;12;497.8
1987-12-17;470.1;12;470.1
1987-12-18;456.8;12;456.8
1987-12-19;436.9;12;436.9
1987-12-20;417.2;12;417.2
1987-12-21;395.1;12;395.1
1987-12-22;385.5;12;385.5
1987-12-23;370.3;12;370.3
1987-12-24;354.3;12;354.3
1987-12-25;339.8;12;339.8
1987-12-26;344.1;12;344.1
1987-12-27;318.0;12;318.0
1987-12-28;304.4;12;304.4
1987-12-29;295.2;12;295.2
1987-12-30;289.6;12;289.6
1987-12-31;281.2;12;281.2
1988-01-01;273.6;1;273.6
1988-01-02;266.2;1;266.2
1988-01-03;251.3;1;251.3
1988-01-04;243.2;1;243.2
1988-01-05;254.0;1;254.0
1988-01-06;261.5;1;261.5
1988-01-07;250.0;1;250.0
1988-01-08;243.9;1;243.9
1988-01-09;237.2;1;237.2
1988-01-10;221.7;1;221.7
1988-01-11;210.5;1;210.5
1988-01-12;206.7;1;206.7
1988-01-13;191.7;1;191.7
1988-01-14;184.2;1;184.2
1988-01-15;179.9;1;179.9
1988-01-16;166.7;1;166.7
1988-01-17;160.5;1;160.5
1988-01-18;166.1;1;166.1
1988-01-19;176.7;1;176.7
1988-01-20;181.1;1;181.1
1988-01-21;159.2;1;159.2
1988-01-22;150.5;1;150.5
1988-01-23;142.2;1;142.2
1988-01-24;129.6;1;129.6
1988-01-25;126.2;1;126.2
1988-01-26;118.4;1;118.4
1988-01-27;116.7;1;116.7
1988-01-28;111.8;1;111.8
1988-01-29;110.1;1;110.1
1988-01-30;111.8;1;111.8
1988-01-31;106.9;1;106.9
1988-02-01;103.0;2;103.0
1988-02-02;99.8;2;99.8
1988-02-03;95.6;2;95.6
1988-02-04;92.5;2;92.5
1988-02-05;94.6;2;94.6
1988-02-06;97.7;2;97.7
1988-02-07;100.9;2;100.9
1988-02-08;98.3;2;98.3
1988-02-09;105.2;2;105.2
1988-02-10;100.4;2;100.4
1988-02-11;97.7;2;97.7
1988-02-12;99.8;2;99.8
1988-02-13;104.6;2;104.6
1988-02-14;113.4;2;113.4
1988-02-15;116.2;2;116.2
1988-02-16;114.0;2;114.0
1988-02-17;113.4;2;113.4
1988-02-18;101.4;2;101.4
1988-02-19;165.6;2;165.6
1988-02-20;92.0;2;92.0
1988-02-21;90.4;2;90.4
1988-02-22;88.3;2;88.3
1988-02-23;90.4;2;90.4
1988-02-24;88.8;2;88.8
1988-02-25;167.8;2;167.8
1988-02-26;168.6;2;168.6
1988-02-27;171.0;2;171.0
1988-02-28;104.1;2;104.1
1988-02-29;106.3;2;106.3
1988-03-01;107.4;3;107.4
1988-03-02;104.1;3;104.1
1988-03-03;99.8;3;99.8
1988-03-04;96.7;3;96.7
1988-03-05;94.1;3;94.1
1988-03-06;89.3;3;89.3
1988-03-07;80.5;3;80.5
1988-03-08;77.0;3;77.0
1988-03-09;74.0;3;74.0
1988-03-10;72.57;3;72.57
1988-03-11;71.14;3;71.14
1988-03-12;69.71;3;69.71
1988-03-13;68.28;3;68.28
1988-03-14;66.85;3;66.85
1988-03-15;65.42;3;65.42
1988-03-16;63.99;3;63.99
1988-03-17;62.56;3;62.56
1988-03-18;61.13;3;61.13
1988-03-19;59.7;3;59.7
1988-03-20;58.4;3;58.4
1988-03-21;58.4;3;58.4
1988-03-22;57.5;3;57.5
1988-03-23;55.7;3;55.7
1988-03-24;56.45;3;56.45
1988-03-25;57.2;3;57.2
1988-03-26;57.95;3;57.95
1988-03-27;58.7;3;58.7
1988-03-28;59.45;3;59.45
1988-03-29;60.2;3;60.2
1988-03-30;58.4;3;58.4
1988-03-31;58.4;3;58.4
1988-04-01;57.5;4;57.5
1988-04-02;59.7;4;59.7
1988-04-03;60.6;4;60.6
1988-04-04;59.3;4;59.3
1988-04-05;61.1;4;61.1
1988-04-06;189.2;4;189.2
1988-04-07;208.6;4;208.6
1988-04-08;197.4;4;197.4
1988-04-09;196.1;4;196.1
1988-04-10;191.7;4;191.7
1988-04-11;253.4;4;253.4
1988-04-12;222.0;4;222.0
1988-04-13;194.2;4;194.2
1988-04-14;252.7;4;252.7
1988-04-15;214.9;4;214.9
1988-04-16;372.4;4;372.4
1988-04-17;347.8;4;347.8
1988-04-18;310.2;4;310.2
1988-04-19;264.8;4;264.8
1988-04-20;251.3;4;251.3
1988-04-21;241.9;4;241.9
1988-04-22;232.4;4;232.4
1988-04-23;228.4;4;228.4
1988-04-24;219.2;4;219.2
1988-04-25;198.6;4;198.6
1988-04-26;196.7;4;196.7
1988-04-27;185.5;4;185.5
1988-04-28;302.9;4;302.9
1988-04-29;288.2;4;288.2
1988-04-30;281.2;4;281.2
1988-05-01;271.6;5;271.6
1988-05-02;268.2;5;268.2
1988-05-03;263.5;5;263.5
1988-05-04;255.4;5;255.4
1988-05-05;250.7;5;250.7
1988-05-06;239.9;5;239.9
1988-05-07;194.9;5;194.9
1988-05-08;349.9;5;349.9
1988-05-09;337.6;5;337.6
1988-05-10;310.8;5;310.8
1988-05-11;332.5;5;332.5
1988-05-12;346.3;5;346.3
1988-05-13;357.2;5;357.2
1988-05-14;349.2;5;349.2
1988-05-15;323.1;5;323.1
1988-05-16;316.6;5;316.6
1988-05-17;323.8;5;323.8
1988-05-18;317.3;5;317.3
1988-05-19;320.9;5;320.9
1988-05-20;328.2;5;328.2
1988-05-21;320.2;5;320.2
1988-05-22;319.5;5;319.5
1988-05-23;319.5;5;319.5
1988-05-24;316.6;5;316.6
1988-05-25;312.2;5;312.2
1988-05-26;438.5;5;438.5
1988-05-27;421.1;5;421.1
1988-05-28;401.4;5;401.4
1988-05-29;385.5;5;385.5
1988-05-30;378.9;5;378.9
1988-05-31;384.0;5;384.0
1988-06-01;-999.000;6;459.4
1988-06-02;-999.000;6;471.0
1988-06-03;-999.000;6;577.083
1988-06-04;-999.000;6;485.5
1988-06-05;-999.000;6;551.0
1988-06-06;-999.000;6;495.5
1988-06-07;-999.000;6;508.9
1988-06-08;-999.000;6;349.6
1988-06-09;-999.000;6;560.6
1988-06-10;-999.000;6;528.333
1988-06-11;-999.000;6;632.859
1988-06-12;-999.000;6;499.6
1988-06-13;-999.000;6;510.4
1988-06-14;-999.000;6;446.8
1988-06-15;-999.000;6;271.7
1988-06-16;-999.000;6;409.9
1988-06-17;-999.000;6;528.333
1988-06-18;-999.000;6;546.6
1988-06-19;-999.000;6;495.5
1988-06-20;-999.000;6;394.4
1988-06-21;-999.000;6;368.1
1988-06-22;-999.000;6;432.6
1988-06-23;-999.000;6;662.8
1988-06-24;-999.000;6;541.458
1988-06-25;-999.000;6;590.7
1988-06-26;-999.000;6;703.2
1988-06-27;-999.000;6;304.5
1988-06-28;-999.000;6;465.9
1988-06-29;-999.000;6;535.625
1988-06-30;-999.000;6;546.2
1988-07-01;416.8;7;416.8
1988-07-02;404.9;7;404.9
1988-07-03;390.6;7;390.6
1988-07-04;379.9;7;379.9
1988-07-05;375.0;7;375.0
1988-07-06;443.3;7;443.3
1988-07-07;404.9;7;404.9
1988-07-08;390.6;7;390.6
1988-07-09;418.9;7;418.9
1988-07-10;585.9;7;585.9
1988-07-11;631.3;7;631.3
1988-07-12;509.6;7;509.6
1988-07-13;528.1;7;528.1
1988-07-14;544.2;7;544.2
1988-07-15;556.4;7;556.4
1988-07-16;553.8;7;553.8
1988-07-17;552.9;7;552.9
1988-07-18;548.6;7;548.6
1988-07-19;542.5;7;542.5
1988-07-20;591.0;7;591.0
1988-07-21;544.2;7;544.2
1988-07-22;545.1;7;545.1
1988-07-23;563.4;7;563.4
1988-07-24;579.9;7;579.9
1988-07-25;584.2;7;584.2
1988-07-26;596.4;7;596.4
1988-07-27;601.6;7;601.6
1988-07-28;604.2;7;604.2
1988-07-29;612.1;7;612.1
1988-07-30;617.3;7;617.3
1988-07-31;619.9;7;619.9
1988-08-01;624.3;8;624.3
1988-08-02;764.3;8;764.3
1988-08-03;630.1;8;630.1
1988-08-04;621.7;8;621.7
1988-08-05;633.1;8;633.1
1988-08-06;642.3;8;642.3
1988-08-07;651.4;8;651.4
1988-08-08;655.5;8;655.5
1988-08-09;664.6;8;664.6
1988-08-10;667.7;8;667.7
1988-08-11;672.8;8;672.8
1988-08-12;678.9;8;678.9
1988-08-13;685.0;8;685.0
1988-08-14;694.1;8;694.1
1988-08-15;708.3;8;708.3
1988-08-16;716.5;8;716.5
1988-08-17;725.6;8;725.6
1988-08-18;733.8;8;733.8
1988-08-19;737.8;8;737.8
1988-08-20;743.9;8;743.9
1988-08-21;744.9;8;744.9
1988-08-22;748.0;8;748.0
1988-08-23;749.1;8;749.1
1988-08-24;750.1;8;750.1
1988-08-25;752.3;8;752.3
1988-08-26;752.3;8;752.3
1988-08-27;759.8;8;759.8
1988-08-28;759.8;8;759.8
1988-08-29;762.0;8;762.0
1988-08-30;760.9;8;760.9
1988-08-31;765.2;8;765.2
1988-09-01;765.2;9;765.2
1988-09-02;765.2;9;765.2
1988-09-03;765.2;9;765.2
1988-09-04;758.7;9;758.7
1988-09-05;756.6;9;756.6
1988-09-06;753.4;9;753.4
1988-09-07;756.6;9;756.6
1988-09-08;762.0;9;762.0
1988-09-09;767.3;9;767.3
1988-09-10;769.5;9;769.5
1988-09-11;769.5;9;769.5
1988-09-12;766.3;9;766.3
1988-09-13;759.8;9;759.8
1988-09-14;755.5;9;755.5
1988-09-15;756.6;9;756.6
1988-09-16;737.8;9;737.8
1988-09-17;730.7;9;730.7
1988-09-18;727.7;9;727.7
1988-09-19;739.9;9;739.9
1988-09-20;736.4;9;736.4
1988-09-21;732.9;9;732.9
1988-09-22;729.4;9;729.4
1988-09-23;726.0;9;726.0
1988-09-24;722.5;9;722.5
1988-09-25;718.8;9;718.8
1988-09-26;715.3;9;715.3
1988-09-27;711.8;9;711.8
1988-09-28;708.4;9;708.4
1988-09-29;704.8;9;704.8
1988-09-30;701.4;9;701.4
1988-10-01;-999.000;10;566.0
1988-10-02;-999.000;10;404.969
1988-10-03;-999.000;10;387.4
1988-10-04;-999.000;10;554.5
1988-10-05;-999.000;10;688.3
1988-10-06;-999.000;10;583.1
1988-10-07;-999.000;10;621.891
1988-10-08;-999.000;10;728.2
1988-10-09;-999.000;10;552.8
1988-10-10;-999.000;10;606.9
1988-10-11;-999.000;10;599.8
1988-10-12;-999.000;10;513.8
1988-10-13;-999.000;10;685.1
1988-10-14;-999.000;10;484.0
1988-10-15;-999.000;10;395.659
1988-10-16;-999.000;10;498.2
1988-10-17;-999.000;10;420.3
1988-10-18;-999.000;10;573.4
1988-10-19;-999.000;10;700.602
1988-10-20;-999.000;10;739.8
1988-10-21;-999.000;10;481.0
1988-10-22;-999.000;10;510.0
1988-10-23;-999.000;10;474.4
1988-10-24;-999.000;10;593.8
1988-10-25;-999.000;10;657.871
1988-10-26;-999.000;10;448.0
1988-10-27;-999.000;10;646.6
1988-10-28;-999.000;10;247.3
1988-10-29;-999.000;10;588.5
1988-10-30;-999.000;10;617.6
1988-10-31;-999.000;10;325.2
1988-11-01;675.8;11;675.8
1988-11-02;672.8;11;672.8
1988-11-03;678.9;11;678.9
1988-11-04;668.7;11;668.7
1988-11-05;660.6;11;660.6
1988-11-06;660.6;11;660.6
1988-11-07;685.0;11;685.0
1988-11-08;682.9;11;682.9
1988-11-09;685.0;11;685.0
1988-11-10;666.7;11;666.7
1988-11-11;659.5;11;659.5
1988-11-12;663.6;11;663.6
1988-11-13;666.7;11;666.7
1988-11-14;663.6;11;663.6
1988-11-15;665.6;11;665.6
1988-11-16;667.7;11;667.7
1988-11-17;664.6;11;664.6
1988-11-18;664.6;11;664.6
1988-11-19;653.4;11;653.4
1988-11-20;639.2;11;639.2
1988-11-21;631.1;11;631.1
1988-11-22;633.1;11;633.1
1988-11-23;621.6;11;621.6
1988-11-24;619.0;11;619.0
1988-11-25;619.9;11;619.9
1988-11-26;623.4;11;623.4
1988-11-27;638.2;11;638.2
1988-11-28;622.8;11;622.8
1988-11-29;599.9;11;599.9
1988-11-30;580.8;11;580.8
1988-12-01;563.4;12;563.4
1988-12-02;550.3;12;550.3
1988-12-03;552.9;12;552.9
1988-12-04;564.2;12;564.2
1988-12-05;568.6;12;568.6
1988-12-06;566.0;12;566.0
1988-12-07;559.9;12;559.9
1988-12-08;546.0;12;546.0
1988-12-09;549.4;12;549.4
1988-12-10;563.4;12;563.4
1988-12-11;551.2;12;551.2
1988-12-12;534.0;12;534.0
1988-12-13;518.8;12;518.8
1988-12-14;494.5;12;494.5
1988-12-15;488.6;12;488.6
1988-12-16;467.6;12;467.6
1988-12-17;452.6;12;452.6
1988-12-18;444.8;12;444.8
1988-12-19;451.1;12;451.1
1988-12-20;442.4;12;442.4
1988-12-21;420.3;12;420.3
1988-12-22;406.2;12;406.2
1988-12-23;398.3;12;398.3
1988-12-24;399.9;12;399.9
1988-12-25;393.6;12;393.6
1988-12-26;381.1;12;381.1
1988-12-27;367.3;12;367.3
1988-12-28;365.9;12;365.9
1988-12-29;368.8;12;368.8
1988-12-30;399.9;12;399.9
1988-12-31;384.7;12;384.7
1989-01-01;373.9;1;373.9
1989-01-02;403.8;1;403.8
1989-01-03;414.0;1;414.0
1989-01-04;440.8;1;440.8
1989-01-05;432.9;1;432.9
1989-01-06;423.5;1;423.5
1989-01-07;433.7;1;433.7
1989-01-08;426.6;1;426.6
1989-01-09;416.4;1;416.4
1989-01-10;393.7;1;393.7
1989-01-11;367.3;1;367.3
1989-01-12;345.6;1;345.6
1989-01-13;331.1;1;331.1
1989-01-14;322.4;1;322.4
1989-01-15;311.5;1;311.5
1989-01-16;338.3;1;338.3
1989-01-17;286.8;1;286.8
1989-01-18;271.6;1;271.6
1989-01-19;274.3;1;274.3
1989-01-20;289.6;1;289.6
1989-01-21;281.9;1;281.9
1989-01-22;260.8;1;260.8
1989-01-23;245.9;1;245.9
1989-01-24;233.1;1;233.1
1989-01-25;221.7;1;221.7
1989-01-26;214.9;1;214.9
1989-01-27;214.2;1;214.2
1989-01-28;235.8;1;235.8
1989-01-29;228.4;1;228.4
1989-01-30;213.0;1;213.0
1989-01-31;205.5;1;205.5
1989-02-01;193.0;2;193.0
1989-02-02;194.9;2;194.9
1989-02-03;191.7;2;191.7
1989-02-04;173.6;2;173.6
1989-02-05;186.1;2;186.1
1989-02-06;218.0;2;218.0
1989-02-07;192.4;2;192.4
1989-02-08;183.6;2;183.6
1989-02-09;165.5;2;165.5
1989-02-10;153.0;2;153.0
1989-02-11;144.5;2;144.5
1989-02-12;135.9;2;135.9
1989-02-13;132.5;2;132.5
1989-02-14;126.7;2;126.7
1989-02-15;119.5;2;119.5
1989-02-16;112.9;2;112.9
1989-02-17;108.5;2;108.5
1989-02-18;106.9;2;106.9
1989-02-19;104.1;2;104.1
1989-02-20;98.8;2;98.8
1989-02-21;96.7;2;96.7
1989-02-22;95.1;2;95.1
1989-02-23;94.1;2;94.1
1989-02-24;107.5;2;107.5
1989-02-25;142.2;2;142.2
1989-02-26;129.0;2;129.0
1989-02-27;117.3;2;117.3
1989-02-28;134.2;2;134.2
1989-03-01;173.6;3;173.6
1989-03-02;191.1;3;191.1
1989-03-03;204.2;3;204.2
1989-03-04;166.7;3;166.7
1989-03-05;194.2;3;194.2
1989-03-06;204.9;3;204.9
1989-03-07;177.4;3;177.4
1989-03-08;159.2;3;159.2
1989-03-09;158.6;3;158.6
1989-03-10;176.7;3;176.7
1989-03-11;158.0;3;158.0
1989-03-12;181.1;3;181.1
1989-03-13;270.4;3;270.4
1989-03-14;267.5;3;267.5
1989-03-15;239.2;3;239.2
1989-03-16;223.1;3;223.1
1989-03-17;205.5;3;205.5
1989-03-18;188.0;3;188.0
1989-03-19;167.4;3;167.4
1989-03-20;154.2;3;154.2
1989-03-21;143.4;3;143.4
1989-03-22;138.8;3;138.8
1989-03-23;135.3;3;135.3
1989-03-24;137.6;3;137.6
1989-03-25;177.4;3;177.4
1989-03-26;176.7;3;176.7
1989-03-27;159.2;3;159.2
1989-03-28;151.7;3;151.7
1989-03-29;175.5;3;175.5
1989-03-30;178.0;3;178.0
1989-03-31;164.9;3;164.9
1989-04-01;162.4;4;162.4
1989-04-02;149.2;4;149.2
1989-04-03;159.2;4;159.2
1989-04-04;139.9;4;139.9
1989-04-05;130.2;4;130.2
1989-04-06;123.9;4;123.9
1989-04-07;129.6;4;129.6
1989-04-08;141.1;4;141.1
1989-04-09;154.2;4;154.2
1989-04-10;175.5;4;175.5
1989-04-11;160.5;4;160.5
1989-04-12;179.2;4;179.2
1989-04-13;164.2;4;164.2
1989-04-14;148.1;4;148.1
1989-04-15;141.1;4;141.1
1989-04-16;131.3;4;131.3
1989-04-17;131.9;4;131.9
1989-04-18;159.2;4;159.2
1989-04-19;142.2;4;142.2
1989-04-20;125.0;4;125.0
1989-04-21;111.8;4;111.8
1989-04-22;188.0;4;188.0
1989-04-23;229.7;4;229.7
1989-04-24;196.7;4;196.7
1989-04-25;178.0;4;178.0
1989-04-26;183.0;4;183.0
1989-04-27;215.5;4;215.5
1989-04-28;183.0;4;183.0
1989-04-29;179.2;4;179.2
1989-04-30;194.2;4;194.2
1989-05-01;212.4;5;212.4
1989-05-02;243.2;5;243.2
1989-05-03;306.5;5;306.5
1989-05-04;288.2;5;288.2
1989-05-05;273.7;5;273.7
1989-05-06;248.0;5;248.0
1989-05-07;237.2;5;237.2
1989-05-08;238.5;5;238.5
1989-05-09;239.2;5;239.2
1989-05-10;282.6;5;282.6
1989-05-11;361.5;5;361.5
1989-05-12;418.8;5;418.8
1989-05-13;413.4;5;413.4
1989-05-14;432.2;5;432.2
1989-05-15;386.2;5;386.2
1989-05-16;414.0;5;414.0
1989-05-17;430.6;5;430.6
1989-05-18;367.3;5;367.3
1989-05-19;353.6;5;353.6
1989-05-20;351.4;5;351.4
1989-05-21;355.7;5;355.7
1989-05-22;336.9;5;336.9
1989-05-23;331.1;5;331.1
1989-05-24;359.4;5;359.4
1989-05-25;376.0;5;376.0
1989-05-26;386.2;5;386.2
1989-05-27;419.6;5;419.6
1989-05-28;459.2;5;459.2
1989-05-29;448.7;5;448.7
1989-05-30;481.9;5;481.9
1989-05-31;460.0;5;460.0
1989-06-01;443.2;6;443.2
1989-06-02;439.2;6;439.2
1989-06-03;442.4;6;442.4
1989-06-04;488.6;6;488.6
1989-06-05;453.5;6;453.5
1989-06-06;460.9;6;460.9
1989-06-07;475.2;6;475.2
1989-06-08;481.9;6;481.9
1989-06-09;521.4;6;521.4
1989-06-10;525.6;6;525.6
1989-06-11;524.7;6;524.7
1989-06-12;537.3;6;537.3
1989-06-13;539.0;6;539.0
1989-06-14;538.2;6;538.2
1989-06-15;539.0;6;539.0
1989-06-16;538.2;6;538.2
1989-06-17;528.9;6;528.9
1989-06-18;523.9;6;523.9
1989-06-19;512.1;6;512.1
1989-06-20;517.2;6;517.2
1989-06-21;508.8;6;508.8
1989-06-22;513.8;6;513.8
1989-06-23;521.4;6;521.4
1989-06-24;521.4;6;521.4
1989-06-25;520.5;6;520.5
1989-06-26;513.8;6;513.8
1989-06-27;518.8;6;518.8
1989-06-28;542.5;6;542.5
1989-06-29;547.7;6;547.7
1989-06-30;531.4;6;531.4
1989-07-01;508.8;7;508.8
1989-07-02;503.7;7;503.7
1989-07-03;498.7;7;498.7
1989-07-04;485.2;7;485.2
1989-07-05;470.1;7;470.1
1989-07-06;473.5;7;473.5
1989-07-07;485.2;7;485.2
1989-07-08;525.6;7;525.6
1989-07-09;542.5;7;542.5
1989-07-10;548.6;7;548.6
1989-07-11;550.3;7;550.3
1989-07-12;556.4;7;556.4
1989-07-13;561.6;7;561.6
1989-07-14;561.6;7;561.6
1989-07-15;566.8;7;566.8
1989-07-16;552.9;7;552.9
1989-07-17;525.6;7;525.6
1989-07-18;515.5;7;515.5
1989-07-19;527.2;7;527.2
1989-07-20;537.3;7;537.3
1989-07-21;551.2;7;551.2
1989-07-22;565.1;7;565.1
1989-07-23;577.3;7;577.3
1989-07-24;587.7;7;587.7
1989-07-25;591.2;7;591.2
1989-07-26;591.2;7;591.2
1989-07-27;589.5;7;589.5
1989-07-28;589.5;7;589.5
1989-07-29;568.6;7;568.6
1989-07-30;601.6;7;601.6
1989-07-31;591.2;7;591.2
1989-08-01;583.4;8;583.4
1989-08-02;572.1;8;572.1
1989-08-03;584.2;8;584.2
1989-08-04;584.2;8;584.2
1989-08-05;596.4;8;596.4
1989-08-06;591.2;8;591.2
1989-08-07;606.9;8;606.9
1989-08-08;605.1;8;605.1
1989-08-09;586.0;8;586.0
1989-08-10;567.7;8;567.7
1989-08-11;565.1;8;565.1
1989-08-12;577.3;8;577.3
1989-08-13;559.9;8;559.9
1989-08-14;559.9;8;559.9
1989-08-15;552.9;8;552.9
1989-08-16;576.4;8;576.4
1989-08-17;587.7;8;587.7
1989-08-18;594.7;8;594.7
1989-08-19;580.8;8;580.8
1989-08-20;559.9;8;559.9
1989-08-21;546.0;8;546.0
1989-08-22;545.1;8;545.1
1989-08-23;534.8;8;534.8
1989-08-24;559.0;8;559.0
1989-08-25;589.5;8;589.5
1989-08-26;573.8;8;573.8
1989-08-27;535.0;8;535.0
1989-08-28;563.4;8;563.4
1989-08-29;566.8;8;566.8
1989-08-30;551.2;8;551.2
1989-08-31;559.9;8;559.9
1989-09-01;547.7;9;547.7
1989-09-02;535.6;9;535.6
1989-09-03;528.9;9;528.9
1989-09-04;534.8;9;534.8
1989-09-05;535.8;9;535.8
1989-09-06;518.0;9;518.0
1989-09-07;530.6;9;530.6
1989-09-08;517.2;9;517.2
1989-09-09;513.8;9;513.8
1989-09-10;532.3;9;532.3
1989-09-11;558.1;9;558.1
1989-09-12;530.6;9;530.6
1989-09-13;535.6;9;535.6
1989-09-14;547.7;9;547.7
1989-09-15;554.7;9;554.7
1989-09-16;573.8;9;573.8
1989-09-17;559.9;9;559.9
1989-09-18;568.6;9;568.6
1989-09-19;546.8;9;546.8
1989-09-20;546.0;9;546.0
1989-09-21;552.9;9;552.9
1989-09-22;589.5;9;589.5
1989-09-23;589.5;9;589.5
1989-09-24;612.9;9;612.9
1989-09-25;608.6;9;608.6
1989-09-26;599.9;9;599.9
1989-09-27;586.8;9;586.8
1989-09-28;577.3;9;577.3
1989-09-29;600.8;9;600.8
1989-09-30;613.8;9;613.8
1989-10-01;588.6;10;588.6
1989-10-02;575.5;10;575.5
1989-10-03;568.6;10;568.6
1989-10-04;584.2;10;584.2
1989-10-05;573.8;10;573.8
1989-10-06;581.6;10;581.6
1989-10-07;560.2;10;560.2
1989-10-08;587.7;10;587.7
1989-10-09;579.9;10;579.9
1989-10-10;580.8;10;580.8
1989-10-11;580.8;10;580.8
1989-10-12;610.3;10;610.3
1989-10-13;587.7;10;587.7
1989-10-14;603.4;10;603.4
1989-10-15;613.8;10;613.8
1989-10-16;606.9;10;606.9
1989-10-17;625.1;10;625.1
1989-10-18;633.1;10;633.1
1989-10-19;654.5;10;654.5
1989-10-20;658.5;10;658.5
1989-10-21;655.5;10;655.5
1989-10-22;644.3;10;644.3
1989-10-23;622.5;10;622.5
1989-10-24;621.6;10;621.6
1989-10-25;628.0;10;628.0
1989-10-26;632.1;10;632.1
1989-10-27;636.2;10;636.2
1989-10-28;630.1;10;630.1
1989-10-29;636.2;10;636.2
1989-10-30;638.2;10;638.2
1989-10-31;638.2;10;638.2
1989-11-01;636.2;11;636.2
1989-11-02;650.4;11;650.4
1989-11-03;656.5;11;656.5
1989-11-04;662.6;11;662.6
1989-11-05;658.5;11;658.5
1989-11-06;648.4;11;648.4
1989-11-07;640.2;11;640.2
1989-11-08;632.1;11;632.1
1989-11-09;626.1;11;626.1
1989-11-10;613.8;11;613.8
1989-11-11;598.2;11;598.2
1989-11-12;580.8;11;580.8
1989-11-13;579.0;11;579.0
1989-11-14;563.4;11;563.4
1989-11-15;552.9;11;552.9
1989-11-16;534.0;11;534.0
1989-11-17;529.8;11;529.8
1989-11-18;520.5;11;520.5
1989-11-19;529.8;11;529.8
1989-11-20;548.6;11;548.6
1989-11-21;559.9;11;559.9
1989-11-22;542.5;11;542.5
1989-11-23;534.8;11;534.8
1989-11-24;513.8;11;513.8
1989-11-25;536.6;11;536.6
1989-11-26;559.9;11;559.9
1989-11-27;540.7;11;540.7
1989-11-28;517.2;11;517.2
1989-11-29;523.9;11;523.9
1989-11-30;522.2;11;522.2
1989-12-01;566.8;12;566.8
1989-12-02;530.6;12;530.6
1989-12-03;540.0;12;540.0
1989-12-04;551.2;12;551.2
1989-12-05;530.6;12;530.6
1989-12-06;565.1;12;565.1
1989-12-07;544.2;12;544.2
1989-12-08;528.9;12;528.9
1989-12-09;510.4;12;510.4
1989-12-10;494.5;12;494.5
1989-12-11;476.8;12;476.8
1989-12-12;517.2;12;517.2
1989-12-13;500.4;12;500.4
1989-12-14;464.2;12;464.2
1989-12-15;444.0;12;444.0
1989-12-16;426.6;12;426.6
1989-12-17;407.0;12;407.0
1989-12-18;392.1;12;392.1
1989-12-19;380.4;12;380.4
1989-12-20;361.5;12;361.5
1989-12-21;348.5;12;348.5
1989-12-22;335.4;12;335.4
1989-12-23;323.8;12;323.8
1989-12-24;313.7;12;313.7
1989-12-25;312.2;12;312.2
1989-12-26;339.8;12;339.8
1989-12-27;398.3;12;398.3
1989-12-28;399.9;12;399.9
1989-12-29;399.9;12;399.9
1989-12-30;372.4;12;372.4
1989-12-31;341.2;12;341.2
1990-01-01;263.4;1;263.4
1990-01-02;246.3;1;246.3
1990-01-03;240.1;1;240.1
1990-01-04;238.9;1;238.9
1990-01-05;245.1;1;245.1
1990-01-06;247.7;1;247.7
1990-01-07;223.0;1;223.0
1990-01-08;214.7;1;214.7
1990-01-09;224.1;1;224.1
1990-01-10;231.6;1;231.6
1990-01-11;280.2;1;280.2
1990-01-12;242.6;1;242.6
1990-01-13;219.4;1;219.4
1990-01-14;230.4;1;230.4
1990-01-15;242.6;1;242.6
1990-01-16;219.4;1;219.4
1990-01-17;203.1;1;203.1
1990-01-18;189.4;1;189.4
1990-01-19;172.6;1;172.6
1990-01-20;162.1;1;162.1
1990-01-21;204.6;1;204.6
1990-01-22;215.9;1;215.9
1990-01-23;172.6;1;172.6
1990-01-24;170.4;1;170.4
1990-01-25;160.0;1;160.0
1990-01-26;141.6;1;141.6
1990-01-27;131.0;1;131.0
1990-01-28;131.0;1;131.0
1990-01-29;155.1;1;155.1
1990-01-30;128.0;1;128.0
1990-01-31;118.5;1;118.5
1990-02-01;114.1;2;114.1
1990-02-02;112.2;2;112.2
1990-02-03;104.9;2;104.9
1990-02-04;101.2;2;101.2
1990-02-05;96.6;2;96.6
1990-02-06;110.6;2;110.6
1990-02-07;136.0;2;136.0
1990-02-08;144.6;2;144.6
1990-02-09;165.9;2;165.9
1990-02-10;155.1;2;155.1
1990-02-11;149.7;2;149.7
1990-02-12;140.1;2;140.1
1990-02-13;132.0;2;132.0
1990-02-14;128.0;2;128.0
1990-02-15;120.5;2;120.5
1990-02-16;111.3;2;111.3
1990-02-17;104.9;2;104.9
1990-02-18;100.3;2;100.3
1990-02-19;93.8;2;93.8
1990-02-20;88.6;2;88.6
1990-02-21;93.1;2;93.1
1990-02-22;86.1;2;86.1
1990-02-23;81.9;2;81.9
1990-02-24;80.2;2;80.2
1990-02-25;77.7;2;77.7
1990-02-26;76.5;2;76.5
1990-02-27;79.4;2;79.4
1990-02-28;76.9;2;76.9
1990-03-01;73.2;3;73.2
1990-03-02;73.5;3;73.5
1990-03-03;68.2;3;68.2
1990-03-04;68.1;3;68.1
1990-03-05;68.0;3;68.0
1990-03-06;64.3;3;64.3
1990-03-07;64.0;3;64.0
1990-03-08;62.9;3;62.9
1990-03-09;62.1;3;62.1
1990-03-10;68.0;3;68.0
1990-03-11;68.0;3;68.0
1990-03-12;65.8;3;65.8
1990-03-13;62.9;3;62.9
1990-03-14;64.3;3;64.3
1990-03-15;62.9;3;62.9
1990-03-16;64.7;3;64.7
1990-03-17;59.9;3;59.9
1990-03-18;61.4;3;61.4
1990-03-19;61.4;3;61.4
1990-03-20;65.8;3;65.8
1990-03-21;79.4;3;79.4
1990-03-22;81.9;3;81.9
1990-03-23;84.4;3;84.4
1990-03-24;158.4;3;158.4
1990-03-25;127.0;3;127.0
1990-03-26;173.8;3;173.8
1990-03-27;177.1;3;177.1
1990-03-28;177.1;3;177.1
1990-03-29;194.6;3;194.6
1990-03-30;160.5;3;160.5
1990-03-31;133.2;3;133.2
1990-04-01;114.3;4;114.3
1990-04-02;102.1;4;102.1
1990-04-03;93.1;4;93.1
1990-04-04;85.3;4;85.3
1990-04-05;81.9;4;81.9
1990-04-06;79.0;4;79.0
1990-04-07;79.4;4;79.4
1990-04-08;78.6;4;78.6
1990-04-09;75.2;4;75.2
1990-04-10;71.9;4;71.9
1990-04-11;88.6;4;88.6
1990-04-12;87.8;4;87.8
1990-04-13;101.4;4;101.4
1990-04-14;120.0;4;120.0
1990-04-15;126.0;4;126.0
1990-04-16;111.3;4;111.3
1990-04-17;117.0;4;117.0
1990-04-18;147.8;4;147.8
1990-04-19;189.4;4;189.4
1990-04-20;196.2;4;196.2
1990-04-21;208.9;4;208.9
1990-04-22;213.6;4;213.6
1990-04-23;218.2;4;218.2
1990-04-24;224.6;4;224.6
1990-04-25;204.3;4;204.3
1990-04-26;193.9;4;193.9
1990-04-27;217.2;4;217.2
1990-04-28;169.4;4;169.4
1990-04-29;208.5;4;208.5
1990-04-30;215.1;4;215.1
1990-05-01;217.3;5;217.3
1990-05-02;215.4;5;215.4
1990-05-03;219.1;5;219.1
1990-05-04;254.9;5;254.9
1990-05-05;263.3;5;263.3
1990-05-06;248.3;5;248.3
1990-05-07;242.3;5;242.3
1990-05-08;242.0;5;242.0
1990-05-09;239.1;5;239.1
1990-05-10;266.1;5;266.1
1990-05-11;273.5;5;273.5
1990-05-12;262.6;5;262.6
1990-05-13;265.1;5;265.1
1990-05-14;262.5;5;262.5
1990-05-15;263.9;5;263.9
1990-05-16;275.4;5;275.4
1990-05-17;270.9;5;270.9
1990-05-18;280.9;5;280.9
1990-05-19;333.2;5;333.2
1990-05-20;369.9;5;369.9
1990-05-21;410.8;5;410.8
1990-05-22;407.1;5;407.1
1990-05-23;384.6;5;384.6
1990-05-24;400.6;5;400.6
1990-05-25;434.2;5;434.2
1990-05-26;445.0;5;445.0
1990-05-27;455.0;5;455.0
1990-05-28;458.2;5;458.2
1990-05-29;462.0;5;462.0
1990-05-30;466.6;5;466.6
1990-05-31;445.9;5;445.9
1990-06-01;472.9;6;472.9
1990-06-02;467.8;6;467.8
1990-06-03;464.1;6;464.1
1990-06-04;463.9;6;463.9
1990-06-05;459.6;6;459.6
1990-06-06;465.7;6;465.7
1990-06-07;464.0;6;464.0
1990-06-08;435.0;6;435.0
1990-06-09;444.6;6;444.6
1990-06-10;434.3;6;434.3
1990-06-11;431.5;6;431.5
1990-06-12;431.6;6;431.6
1990-06-13;448.2;6;448.2
1990-06-14;443.4;6;443.4
1990-06-15;440.5;6;440.5
1990-06-16;451.4;6;451.4
1990-06-17;447.1;6;447.1
1990-06-18;447.5;6;447.5
1990-06-19;436.8;6;436.8
1990-06-20;422.6;6;422.6
1990-06-21;452.3;6;452.3
1990-06-22;448.1;6;448.1
1990-06-23;446.4;6;446.4
1990-06-24;427.1;6;427.1
1990-06-25;439.8;6;439.8
1990-06-26;459.9;6;459.9
1990-06-27;443.1;6;443.1
1990-06-28;461.6;6;461.6
1990-06-29;478.7;6;478.7
1990-06-30;475.2;6;475.2
1990-07-01;473.5;7;473.5
1990-07-02;487.9;7;487.9
1990-07-03;480.5;7;480.5
1990-07-04;472.5;7;472.5
1990-07-05;470.0;7;470.0
1990-07-06;480.5;7;480.5
1990-07-07;486.0;7;486.0
1990-07-08;471.6;7;471.6
1990-07-09;481.4;7;481.4
1990-07-10;477.0;7;477.0
1990-07-11;456.5;7;456.5
1990-07-12;439.7;7;439.7
1990-07-13;427.1;7;427.1
1990-07-14;430.1;7;430.1
1990-07-15;410.8;7;410.8
1990-07-16;427.8;7;427.8
1990-07-17;436.4;7;436.4
1990-07-18;448.1;7;448.1
1990-07-19;461.6;7;461.6
1990-07-20;466.6;7;466.6
1990-07-21;451.5;7;451.5
1990-07-22;441.4;7;441.4
1990-07-23;431.5;7;431.5
1990-07-24;418.2;7;418.2
1990-07-25;427.1;7;427.1
1990-07-26;443.1;7;443.1
1990-07-27;433.9;7;433.9
1990-07-28;422.6;7;422.6
1990-07-29;421.2;7;421.2
1990-07-30;438.0;7;438.0
1990-07-31;441.4;7;441.4
1990-08-01;424.1;8;424.1
1990-08-02;412.3;8;412.3
1990-08-03;413.8;8;413.8
1990-08-04;441.4;8;441.4
1990-08-05;456.5;8;456.5
1990-08-06;456.5;8;456.5
1990-08-07;456.5;8;456.5
1990-08-08;446.4;8;446.4
1990-08-09;451.5;8;451.5
1990-08-10;454.8;8;454.8
1990-08-11;466.6;8;466.6
1990-08-12;473.3;8;473.3
1990-08-13;476.8;8;476.8
1990-08-14;482.4;8;482.4
1990-08-15;493.4;8;493.4
1990-08-16;523.1;8;523.1
1990-08-17;529.0;8;529.0
1990-08-18;534.0;8;534.0
1990-08-19;535.0;8;535.0
1990-08-20;504.8;8;504.8
1990-08-21;519.2;8;519.2
1990-08-22;504.4;8;504.4
1990-08-23;506.3;8;506.3
1990-08-24;482.4;8;482.4
1990-08-25;458.5;8;458.5
1990-08-26;460.3;8;460.3
1990-08-27;477.3;8;477.3
1990-08-28;462.7;8;462.7
1990-08-29;464.1;8;464.1
1990-08-30;467.2;8;467.2
1990-08-31;471.5;8;471.5
1990-09-01;505.2;9;505.2
1990-09-02;492.2;9;492.2
1990-09-03;473.4;9;473.4
1990-09-04;462.6;9;462.6
1990-09-05;450.5;9;450.5
1990-09-06;436.6;9;436.6
1990-09-07;422.5;9;422.5
1990-09-08;417.3;9;417.3
1990-09-09;413.0;9;413.0
1990-09-10;413.8;9;413.8
1990-09-11;409.7;9;409.7
1990-09-12;420.8;9;420.8
1990-09-13;330.8;9;330.8
1990-09-14;418.5;9;418.5
1990-09-15;419.0;9;419.0
1990-09-16;466.2;9;466.2
1990-09-17;466.4;9;466.4
1990-09-18;443.3;9;443.3
1990-09-19;441.0;9;441.0
1990-09-20;480.7;9;480.7
1990-09-21;459.6;9;459.6
1990-09-22;458.9;9;458.9
1990-09-23;466.9;9;466.9
1990-09-24;487.3;9;487.3
1990-09-25;499.0;9;499.0
1990-09-26;506.9;9;506.9
1990-09-27;503.9;9;503.9
1990-09-28;500.8;9;500.8
1990-09-29;497.9;9;497.9
1990-09-30;493.4;9;493.4
1990-10-01;501.3;10;501.3
1990-10-02;500.0;10;500.0
1990-10-03;519.1;10;519.1
1990-10-04;516.1;10;516.1
1990-10-05;508.3;10;508.3
1990-10-06;497.9;10;497.9
1990-10-07;516.3;10;516.3
1990-10-08;522.0;10;522.0
1990-10-09;517.0;10;517.0
1990-10-10;509.3;10;509.3
1990-10-11;499.8;10;499.8
1990-10-12;500.8;10;500.8
1990-10-13;482.4;10;482.4
1990-10-14;470.0;10;470.0
1990-10-15;477.2;10;477.2
1990-10-16;515.5;10;515.5
1990-10-17;535.0;10;535.0
1990-10-18;523.1;10;523.1
1990-10-19;504.4;10;504.4
1990-10-20;523.0;10;523.0
1990-10-21;527.1;10;527.1
1990-10-22;535.0;10;535.0
1990-10-23;541.0;10;541.0
1990-10-24;499.2;10;499.2
1990-10-25;539.0;10;539.0
1990-10-26;533.0;10;533.0
1990-10-27;535.0;10;535.0
1990-10-28;539.0;10;539.0
1990-10-29;500.6;10;500.6
1990-10-30;555.0;10;555.0
1990-10-31;553.0;10;553.0
1990-11-01;545.5;11;545.5
1990-11-02;537.9;11;537.9
1990-11-03;538.6;11;538.6
1990-11-04;562.7;11;562.7
1990-11-05;573.4;11;573.4
1990-11-06;577.2;11;577.2
1990-11-07;471.7;11;471.7
1990-11-08;567.0;11;567.0
1990-11-09;575.2;11;575.2
1990-11-10;580.4;11;580.4
1990-11-11;587.9;11;587.9
1990-11-12;589.2;11;589.2
1990-11-13;589.1;11;589.1
1990-11-14;600.5;11;600.5
1990-11-15;614.7;11;614.7
1990-11-16;609.3;11;609.3
1990-11-17;610.0;11;610.0
1990-11-18;610.2;11;610.2
1990-11-19;607.8;11;607.8
1990-11-20;599.7;11;599.7
1990-11-21;589.0;11;589.0
1990-11-22;593.8;11;593.8
1990-11-23;595.1;11;595.1
1990-11-24;593.5;11;593.5
1990-11-25;589.7;11;589.7
1990-11-26;585.0;11;585.0
1990-11-27;577.4;11;577.4
1990-11-28;572.0;11;572.0
1990-11-29;583.7;11;583.7
1990-11-30;584.1;11;584.1
1990-12-01;590.4;12;590.4
1990-12-02;593.5;12;593.5
1990-12-03;590.6;12;590.6
1990-12-04;600.4;12;600.4
1990-12-05;594.8;12;594.8
1990-12-06;586.2;12;586.2
1990-12-07;586.6;12;586.6
1990-12-08;571.1;12;571.1
1990-12-09;553.7;12;553.7
1990-12-10;551.7;12;551.7
1990-12-11;542.0;12;542.0
1990-12-12;525.3;12;525.3
1990-12-13;518.7;12;518.7
1990-12-14;502.6;12;502.6
1990-12-15;479.8;12;479.8
1990-12-16;466.4;12;466.4
1990-12-17;448.7;12;448.7
1990-12-18;432.4;12;432.4
1990-12-19;425.2;12;425.2
1990-12-20;408.1;12;408.1
1990-12-21;404.9;12;404.9
1990-12-22;376.0;12;376.0
1990-12-23;363.8;12;363.8
1990-12-24;349.0;12;349.0
1990-12-25;335.5;12;335.5
1990-12-26;345.2;12;345.2
1990-12-27;326.5;12;326.5
1990-12-28;309.0;12;309.0
1990-12-29;298.2;12;298.2
1990-12-30;316.5;12;316.5
1990-12-31;325.6;12;325.6
1991-01-01;309.7;1;309.7
1991-01-02;295.3;1;295.3
1991-01-03;282.8;1;282.8
1991-01-04;286.1;1;286.1
1991-01-05;287.6;1;287.6
1991-01-06;273.1;1;273.1
1991-01-07;266.1;1;266.1
1991-01-08;257.3;1;257.3
1991-01-09;261.5;1;261.5
1991-01-10;252.6;1;252.6
1991-01-11;237.0;1;237.0
1991-01-12;225.1;1;225.1
1991-01-13;214.6;1;214.6
1991-01-14;206.4;1;206.4
1991-01-15;200.0;1;200.0
1991-01-16;199.9;1;199.9
1991-01-17;204.7;1;204.7
1991-01-18;191.0;1;191.0
1991-01-19;176.7;1;176.7
1991-01-20;167.6;1;167.6
1991-01-21;159.1;1;159.1
1991-01-22;149.8;1;149.8
1991-01-23;144.8;1;144.8
1991-01-24;137.1;1;137.1
1991-01-25;126.1;1;126.1
1991-01-26;119.7;1;119.7
1991-01-27;111.2;1;111.2
1991-01-28;110.2;1;110.2
1991-01-29;104.9;1;104.9
1991-01-30;102.7;1;102.7
1991-01-31;92.6;1;92.6
1991-02-01;96.5;2;96.5
1991-02-02;92.6;2;92.6
1991-02-03;88.7;2;88.7
1991-02-04;84.8;2;84.8
1991-02-05;82.8;2;82.8
1991-02-06;80.9;2;80.9
1991-02-07;77.9;2;77.9
1991-02-08;75.0;2;75.0
1991-02-09;72.0;2;72.0
1991-02-10;71.0;2;71.0
1991-02-11;77.9;2;77.9
1991-02-12;73.0;2;73.0
1991-02-13;85.8;2;85.8
1991-02-14;166.2;2;166.2
1991-02-15;154.8;2;154.8
1991-02-16;113.9;2;113.9
1991-02-17;121.8;2;121.8
1991-02-18;152.5;2;152.5
1991-02-19;141.5;2;141.5
1991-02-20;124.0;2;124.0
1991-02-21;108.0;2;108.0
1991-02-22;97.6;2;97.6
1991-02-23;93.6;2;93.6
1991-02-24;87.7;2;87.7
1991-02-25;87.7;2;87.7
1991-02-26;93.6;2;93.6
1991-02-27;87.7;2;87.7
1991-02-28;87.7;2;87.7
1991-03-01;94.6;3;94.6
1991-03-02;85.8;3;85.8
1991-03-03;79.9;3;79.9
1991-03-04;85.8;3;85.8
1991-03-05;111.2;3;111.2
1991-03-06;132.7;3;132.7
1991-03-07;174.4;3;174.4
1991-03-08;176.4;3;176.4
1991-03-09;156.0;3;156.0
1991-03-10;138.2;3;138.2
1991-03-11;115.5;3;115.5
1991-03-12;130.8;3;130.8
1991-03-13;236.2;3;236.2
1991-03-14;230.1;3;230.1
1991-03-15;203.0;3;203.0
1991-03-16;178.8;3;178.8
1991-03-17;160.5;3;160.5
1991-03-18;143.7;3;143.7
1991-03-19;129.4;3;129.4
1991-03-20;121.8;3;121.8
1991-03-21;114.4;3;114.4
1991-03-22;102.7;3;102.7
1991-03-23;95.6;3;95.6
1991-03-24;93.6;3;93.6
1991-03-25;88.7;3;88.7
1991-03-26;82.8;3;82.8
1991-03-27;78.9;3;78.9
1991-03-28;75.0;3;75.0
1991-03-29;77.9;3;77.9
1991-03-30;83.8;3;83.8
1991-03-31;76.9;3;76.9
1991-04-01;72.0;4;72.0
1991-04-02;94.6;4;94.6
1991-04-03;82.8;4;82.8
1991-04-04;74.0;4;74.0
1991-04-05;65.0;4;65.0
1991-04-06;63.0;4;63.0
1991-04-07;64.0;4;64.0
1991-04-08;65.0;4;65.0
1991-04-09;65.0;4;65.0
1991-04-10;77.9;4;77.9
1991-04-11;75.9;4;75.9
1991-04-12;81.8;4;81.8
1991-04-13;89.7;4;89.7
1991-04-14;96.8;4;96.8
1991-04-15;163.9;4;163.9
1991-04-16;129.4;4;129.4
1991-04-17;120.8;4;120.8
1991-04-18;113.3;4;113.3
1991-04-19;102.7;4;102.7
1991-04-20;92.6;4;92.6
1991-04-21;99.6;4;99.6
1991-04-22;97.5;4;97.5
1991-04-23;111.2;4;111.2
1991-04-24;136.0;4;136.0
1991-04-25;125.0;4;125.0
1991-04-26;133.8;4;133.8
1991-04-27;148.1;4;148.1
1991-04-28;124.0;4;124.0
1991-04-29;129.4;4;129.4
1991-04-30;136.0;4;136.0
1991-05-01;163.9;5;163.9
1991-05-02;170.7;5;170.7
1991-05-03;217.7;5;217.7
1991-05-04;217.7;5;217.7
1991-05-05;223.9;5;223.9
1991-05-06;233.8;5;233.8
1991-05-07;290.1;5;290.1
1991-05-08;276.7;5;276.7
1991-05-09;305.9;5;305.9
1991-05-10;263.2;5;263.2
1991-05-11;253.5;5;253.5
1991-05-12;244.9;5;244.9
1991-05-13;236.3;5;236.3
1991-05-14;236.3;5;236.3
1991-05-15;243.7;5;243.7
1991-05-16;286.4;5;286.4
1991-05-17;260.8;5;260.8
1991-05-18;328.2;5;328.2
1991-05-19;330.3;5;330.3
1991-05-20;335.4;5;335.4
1991-05-21;327.9;5;327.9
1991-05-22;335.4;5;335.4
1991-05-23;330.3;5;330.3
1991-05-24;325.5;5;325.5
1991-05-25;334.4;5;334.4
1991-05-26;350.3;5;350.3
1991-05-27;336.7;5;336.7
1991-05-28;326.7;5;326.7
1991-05-29;339.4;5;339.4
1991-05-30;329.1;5;329.1
1991-05-31;347.6;5;347.6
1991-06-01;344.9;6;344.9
1991-06-02;353.0;6;353.0
1991-06-03;391.0;6;391.0
1991-06-04;378.1;6;378.1
1991-06-05;379.5;6;379.5
1991-06-06;395.4;6;395.4
1991-06-07;393.9;6;393.9
1991-06-08;388.2;6;388.2
1991-06-09;386.7;6;386.7
1991-06-10;368.1;6;368.1
1991-06-11;353.0;6;353.0
1991-06-12;361.6;6;361.6
1991-06-13;389.6;6;389.6
1991-06-14;376.6;6;376.6
1991-06-15;401.0;6;401.0
1991-06-16;454.4;6;454.4
1991-06-17;442.8;6;442.8
1991-06-18;439.6;6;439.6
1991-06-19;446.1;6;446.1
1991-06-20;471.0;6;471.0
1991-06-21;484.9;6;484.9
1991-06-22;471.0;6;471.0
1991-06-23;486.6;6;486.6
1991-06-24;488.4;6;488.4
1991-06-25;490.3;6;490.3
1991-06-26;508.9;6;508.9
1991-06-27;527.9;6;527.9
1991-06-28;540.3;6;540.3
1991-06-29;518.2;6;518.2
1991-06-30;508.9;6;508.9
1991-07-01;505.2;7;505.2
1991-07-02;525.8;7;525.8
1991-07-03;533.9;7;533.9
1991-07-04;522.1;7;522.1
1991-07-05;527.9;7;527.9
1991-07-06;540.3;7;540.3
1991-07-07;529.6;7;529.6
1991-07-08;516.3;7;516.3
1991-07-09;495.9;7;495.9
1991-07-10;499.6;7;499.6
1991-07-11;494.0;7;494.0
1991-07-12;477.9;7;477.9
1991-07-13;503.3;7;503.3
1991-07-14;486.6;7;486.6
1991-07-15;459.4;7;459.4
1991-07-16;451.1;7;451.1
1991-07-17;480.1;7;480.1
1991-07-18;495.9;7;495.9
1991-07-19;482.9;7;482.9
1991-07-20;479.3;7;479.3
1991-07-21;434.2;7;434.2
1991-07-22;469.4;7;469.4
1991-07-23;512.8;7;512.8
1991-07-24;479.7;7;479.7
1991-07-25;461.1;7;461.1
1991-07-26;484.7;7;484.7
1991-07-27;492.2;7;492.2
1991-07-28;476.0;7;476.0
1991-07-29;488.4;7;488.4
1991-07-30;486.6;7;486.6
1991-07-31;476.0;7;476.0
1991-08-01;469.4;8;469.4
1991-08-02;462.7;8;462.7
1991-08-03;471.0;8;471.0
1991-08-04;442.9;8;442.9
1991-08-05;435.2;8;435.2
1991-08-06;459.4;8;459.4
1991-08-07;484.7;8;484.7
1991-08-08;472.7;8;472.7
1991-08-09;474.6;8;474.6
1991-08-10;492.2;8;492.2
1991-08-11;490.3;8;490.3
1991-08-12;476.0;8;476.0
1991-08-13;472.7;8;472.7
1991-08-14;488.4;8;488.4
1991-08-15;466.1;8;466.1
1991-08-16;449.5;8;449.5
1991-08-17;426.7;8;426.7
1991-08-18;429.6;8;429.6
1991-08-19;476.6;8;476.6
1991-08-20;477.7;8;477.7
1991-08-21;476.0;8;476.0
1991-08-22;456.1;8;456.1
1991-08-23;439.9;8;439.9
1991-08-24;419.6;8;419.6
1991-08-25;411.1;8;411.1
1991-08-26;461.1;8;461.1
1991-08-27;466.1;8;466.1
1991-08-28;439.6;8;439.6
1991-08-29;432.4;8;432.4
1991-08-30;423.9;8;423.9
1991-08-31;421.0;8;421.0
1991-09-01;421.0;9;421.0
1991-09-02;441.2;9;441.2
1991-09-03;431.0;9;431.0
1991-09-04;408.3;9;408.3
1991-09-05;395.4;9;395.4
1991-09-06;392.5;9;392.5
1991-09-07;401.1;9;401.1
1991-09-08;447.8;9;447.8
1991-09-09;422.5;9;422.5
1991-09-10;392.5;9;392.5
1991-09-11;391.0;9;391.0
1991-09-12;412.5;9;412.5
1991-09-13;381.0;9;381.0
1991-09-14;357.1;9;357.1
1991-09-15;343.5;9;343.5
1991-09-16;346.2;9;346.2
1991-09-17;375.2;9;375.2
1991-09-18;369.5;9;369.5
1991-09-19;383.8;9;383.8
1991-09-20;393.9;9;393.9
1991-09-21;416.8;9;416.8
1991-09-22;446.1;9;446.1
1991-09-23;432.4;9;432.4
1991-09-24;438.1;9;438.1
1991-09-25;442.9;9;442.9
1991-09-26;462.7;9;462.7
1991-09-27;497.7;9;497.7
1991-09-28;484.7;9;484.7
1991-09-29;479.3;9;479.3
1991-09-30;481.0;9;481.0
1991-10-01;481.0;10;481.0
1991-10-02;484.7;10;484.7
1991-10-03;505.2;10;505.2
1991-10-04;518.2;10;518.2
1991-10-05;518.2;10;518.2
1991-10-06;516.3;10;516.3
1991-10-07;514.5;10;514.5
1991-10-08;514.5;10;514.5
1991-10-09;527.6;10;527.6
1991-10-10;531.8;10;531.8
1991-10-11;542.5;10;542.5
1991-10-12;551.0;10;551.0
1991-10-13;577.0;10;577.0
1991-10-14;568.2;10;568.2
1991-10-15;563.9;10;563.9
1991-10-16;538.2;10;538.2
1991-10-17;546.8;10;546.8
1991-10-18;548.9;10;548.9
1991-10-19;561.7;10;561.7
1991-10-20;572.4;10;572.4
1991-10-21;551.0;10;551.0
1991-10-22;523.9;10;523.9
1991-10-23;494.0;10;494.0
1991-10-24;471.0;10;471.0
1991-10-25;454.4;10;454.4
1991-10-26;441.2;10;441.2
1991-10-27;494.0;10;494.0
1991-10-28;494.0;10;494.0
1991-10-29;499.6;10;499.6
1991-10-30;483.1;10;483.1
1991-10-31;467.7;10;467.7
1991-11-01;481.2;11;481.2
1991-11-02;451.1;11;451.1
1991-11-03;445.3;11;445.3
1991-11-04;499.6;11;499.6
1991-11-05;464.4;11;464.4
1991-11-06;462.7;11;462.7
1991-11-07;438.2;11;438.2
1991-11-08;421.0;11;421.0
1991-11-09;439.6;11;439.6
1991-11-10;441.5;11;441.5
1991-11-11;484.9;11;484.9
1991-11-12;484.7;11;484.7
1991-11-13;459.4;11;459.4
1991-11-14;439.6;11;439.6
1991-11-15;431.0;11;431.0
1991-11-16;421.0;11;421.0
1991-11-17;413.9;11;413.9
1991-11-18;425.3;11;425.3
1991-11-19;411.1;11;411.1
1991-11-20;398.2;11;398.2
1991-11-21;388.2;11;388.2
1991-11-22;391.0;11;391.0
1991-11-23;392.5;11;392.5
1991-11-24;454.4;11;454.4
1991-11-25;454.4;11;454.4
1991-11-26;439.6;11;439.6
1991-11-27;423.9;11;423.9
1991-11-28;418.2;11;418.2
1991-11-29;435.2;11;435.2
1991-11-30;453.6;11;453.6
1991-12-01;454.4;12;454.4
1991-12-02;429.6;12;429.6
1991-12-03;412.5;12;412.5
1991-12-04;411.1;12;411.1
1991-12-05;408.3;12;408.3
1991-12-06;425.3;12;425.3
1991-12-07;432.4;12;432.4
1991-12-08;421.0;12;421.0
1991-12-09;391.0;12;391.0
1991-12-10;383.8;12;383.8
1991-12-11;375.2;12;375.2
1991-12-12;382.4;12;382.4
1991-12-13;393.9;12;393.9
1991-12-14;362.6;12;362.6
1991-12-15;346.2;12;346.2
1991-12-16;334.1;12;334.1
1991-12-17;326.7;12;326.7
1991-12-18;326.7;12;326.7
1991-12-19;310.8;12;310.8
1991-12-20;307.2;12;307.2
1991-12-21;318.1;12;318.1
1991-12-22;295.0;12;295.0
1991-12-23;272.4;12;272.4
1991-12-24;260.8;12;260.8
1991-12-25;249.8;12;249.8
1991-12-26;237.5;12;237.5
1991-12-27;228.9;12;228.9
1991-12-28;220.2;12;220.2
1991-12-29;209.1;12;209.1
1991-12-30;200.5;12;200.5
1991-12-31;194.4;12;194.4
1992-01-01;185.9;1;185.9
1992-01-02;179.9;1;179.9
1992-01-03;174.2;1;174.2
1992-01-04;171.9;1;171.9
1992-01-05;168.5;1;168.5
1992-01-06;158.2;1;158.2
1992-01-07;157.1;1;157.1
1992-01-08;173.0;1;173.0
1992-01-09;205.5;1;205.5
1992-01-10;226.4;1;226.4
1992-01-11;190.8;1;190.8
1992-01-12;161.6;1;161.6
1992-01-13;144.8;1;144.8
1992-01-14;136.0;1;136.0
1992-01-15;129.4;1;129.4
1992-01-16;122.9;1;122.9
1992-01-17;117.6;1;117.6
1992-01-18;121.8;1;121.8
1992-01-19;113.3;1;113.3
1992-01-20;104.9;1;104.9
1992-01-21;104.9;1;104.9
1992-01-22;100.6;1;100.6
1992-01-23;98.5;1;98.5
1992-01-24;96.54;1;96.54
1992-01-25;92.62;1;92.62
1992-01-26;94.58;1;94.58
1992-01-27;89.68;1;89.68
1992-01-28;84.78;1;84.78
1992-01-29;84.78;1;84.78
1992-01-30;81.84;1;81.84
1992-01-31;79.88;1;79.88
1992-02-01;75.96;2;75.96
1992-02-02;75.95;2;75.95
1992-02-03;73.99;2;73.99
1992-02-04;75.95;2;75.95
1992-02-05;77.92;2;77.92
1992-02-06;73.0;2;73.0
1992-02-07;72.0;2;72.0
1992-02-08;71.0;2;71.0
1992-02-09;69.0;2;69.0
1992-02-10;67.0;2;67.0
1992-02-11;68.0;2;68.0
1992-02-12;70.0;2;70.0
1992-02-13;70.0;2;70.0
1992-02-14;69.0;2;69.0
1992-02-15;66.0;2;66.0
1992-02-16;77.92;2;77.92
1992-02-17;56.0;2;56.0
1992-02-18;53.0;2;53.0
1992-02-19;56.0;2;56.0
1992-02-20;57.0;2;57.0
1992-02-21;57.0;2;57.0
1992-02-22;54.0;2;54.0
1992-02-23;51.0;2;51.0
1992-02-24;54.0;2;54.0
1992-02-25;57.0;2;57.0
1992-02-26;51.0;2;51.0
1992-02-27;52.0;2;52.0
1992-02-28;49.4;2;49.4
1992-02-29;38.8;2;38.8
1992-03-01;45.4;3;45.4
1992-03-02;44.5;3;44.5
1992-03-03;44.5;3;44.5
1992-03-04;45.4;3;45.4
1992-03-05;66.67;3;66.67
1992-03-06;110.2;3;110.2
1992-03-07;97.6;3;97.6
1992-03-08;77.91;3;77.91
1992-03-09;66.0;3;66.0
1992-03-10;67.5;3;67.5
1992-03-11;62.0;3;62.0
1992-03-12;61.0;3;61.0
1992-03-13;60.0;3;60.0
1992-03-14;58.0;3;58.0
1992-03-15;54.4;3;54.4
1992-03-16;54.0;3;54.0
1992-03-17;47.8;3;47.8
1992-03-18;50.4;3;50.4
1992-03-19;51.0;3;51.0
1992-03-20;53.0;3;53.0
1992-03-21;53.0;3;53.0
1992-03-22;52.0;3;52.0
1992-03-23;48.2;3;48.2
1992-03-24;48.7;3;48.7
1992-03-25;48.8;3;48.8
1992-03-26;47.8;3;47.8
1992-03-27;49.4;3;49.4
1992-03-28;43.6;3;43.6
1992-03-29;44.8;3;44.8
1992-03-30;40.6;3;40.6
1992-03-31;41.2;3;41.2
1992-04-01;41.8;4;41.8
1992-04-02;41.2;4;41.2
1992-04-03;43.0;4;43.0
1992-04-04;45.4;4;45.4
1992-04-05;41.8;4;41.8
1992-04-06;46.6;4;46.6
1992-04-07;46.3;4;46.3
1992-04-08;40.6;4;40.6
1992-04-09;47.8;4;47.8
1992-04-10;47.4;4;47.4
1992-04-11;55.5;4;55.5
1992-04-12;46.0;4;46.0
1992-04-13;47.2;4;47.2
1992-04-14;49.4;4;49.4
1992-04-15;51.0;4;51.0
1992-04-16;49.4;4;49.4
1992-04-17;57.0;4;57.0
1992-04-18;76.94;4;76.94
1992-04-19;96.54;4;96.54
1992-04-20;86.74;4;86.74
1992-04-21;91.64;4;91.64
1992-04-22;84.78;4;84.78
1992-04-23;71.0;4;71.0
1992-04-24;64.0;4;64.0
1992-04-25;70.0;4;70.0
1992-04-26;78.9;4;78.9
1992-04-27;107.0;4;107.0
1992-04-28;117.7;4;117.7
1992-04-29;175.3;4;175.3
1992-04-30;194.4;4;194.4
1992-05-01;171.9;5;171.9
1992-05-02;181.1;5;181.1
1992-05-03;211.6;5;211.6
1992-05-04;314.5;5;314.5
1992-05-05;299.8;5;299.8
1992-05-06;270.6;5;270.6
1992-05-07;246.1;5;246.1
1992-05-08;293.1;5;293.1
1992-05-09;263.2;5;263.2
1992-05-10;296.2;5;296.2
1992-05-11;314.5;5;314.5
1992-05-12;270.6;5;270.6
1992-05-13;281.5;5;281.5
1992-05-14;285.2;5;285.2
1992-05-15;388.2;5;388.2
1992-05-16;339.4;5;339.4
1992-05-17;364.4;5;364.4
1992-05-18;320.6;5;320.6
1992-05-19;307.2;5;307.2
1992-05-20;286.4;5;286.4
1992-05-21;295.0;5;295.0
1992-05-22;314.5;5;314.5
1992-05-23;295.0;5;295.0
1992-05-24;280.3;5;280.3
1992-05-25;272.4;5;272.4
1992-05-26;268.1;5;268.1
1992-05-27;276.7;5;276.7
1992-05-28;285.2;5;285.2
1992-05-29;316.9;5;316.9
1992-05-30;312.0;5;312.0
1992-05-31;310.8;5;310.8
1992-06-01;308.4;6;308.4
1992-06-02;345.7;6;345.7
1992-06-03;314.5;6;314.5
1992-06-04;313.9;6;313.9
1992-06-05;304.7;6;304.7
1992-06-06;297.4;6;297.4
1992-06-07;290.1;6;290.1
1992-06-08;291.3;6;291.3
1992-06-09;285.2;6;285.2
1992-06-10;285.2;6;285.2
1992-06-11;312.0;6;312.0
1992-06-12;299.8;6;299.8
1992-06-13;307.2;6;307.2
1992-06-14;332.8;6;332.8
1992-06-15;320.6;6;320.6
1992-06-16;315.7;6;315.7
1992-06-17;309.6;6;309.6
1992-06-18;302.3;6;302.3
1992-06-19;321.8;6;321.8
1992-06-20;314.5;6;314.5
1992-06-21;310.8;6;310.8
1992-06-22;357.1;6;357.1
1992-06-23;330.3;6;330.3
1992-06-24;315.7;6;315.7
1992-06-25;303.5;6;303.5
1992-06-26;312.0;6;312.0
1992-06-27;302.3;6;302.3
1992-06-28;279.1;6;279.1
1992-06-29;286.4;6;286.4
1992-06-30;285.8;6;285.8
1992-07-01;315.7;7;315.7
1992-07-02;291.3;7;291.3
1992-07-03;273.0;7;273.0
1992-07-04;265.7;7;265.7
1992-07-05;278.5;7;278.5
1992-07-06;274.8;7;274.8
1992-07-07;255.9;7;255.9
1992-07-08;271.2;7;271.2
1992-07-09;275.4;7;275.4
1992-07-10;351.7;7;351.7
1992-07-11;328.5;7;328.5
1992-07-12;340.8;7;340.8
1992-07-13;342.2;7;342.2
1992-07-14;372.3;7;372.3
1992-07-15;388.2;7;388.2
1992-07-16;378.1;7;378.1
1992-07-17;362.6;7;362.6
1992-07-18;368.1;7;368.1
1992-07-19;365.3;7;365.3
1992-07-20;346.2;7;346.2
1992-07-21;336.0;7;336.0
1992-07-22;336.7;7;336.7
1992-07-23;343.5;7;343.5
1992-07-24;347.6;7;347.6
1992-07-25;351.7;7;351.7
1992-07-26;340.8;7;340.8
1992-07-27;361.2;7;361.2
1992-07-28;382.4;7;382.4
1992-07-29;398.1;7;398.1
1992-07-30;442.8;7;442.8
1992-07-31;442.9;7;442.9
1992-08-01;435.2;8;435.2
1992-08-02;459.4;8;459.4
1992-08-03;449.5;8;449.5
1992-08-04;446.1;8;446.1
1992-08-05;428.1;8;428.1
1992-08-06;429.6;8;429.6
1992-08-07;423.9;8;423.9
1992-08-08;457.8;8;457.8
1992-08-09;449.5;8;449.5
1992-08-10;435.2;8;435.2
1992-08-11;443.6;8;443.6
1992-08-12;481.4;8;481.4
1992-08-13;474.4;8;474.4
1992-08-14;482.4;8;482.4
1992-08-15;514.5;8;514.5
1992-08-16;529.6;8;529.6
1992-08-17;529.8;8;529.8
1992-08-18;542.5;8;542.5
1992-08-19;525.8;8;525.8
1992-08-20;503.3;8;503.3
1992-08-21;508.9;8;508.9
1992-08-22;492.2;8;492.2
1992-08-23;472.7;8;472.7
1992-08-24;464.4;8;464.4
1992-08-25;465.2;8;465.2
1992-08-26;466.1;8;466.1
1992-08-27;444.5;8;444.5
1992-08-28;472.7;8;472.7
1992-08-29;484.7;8;484.7
1992-08-30;479.3;8;479.3
1992-08-31;464.4;8;464.4
1992-09-01;466.9;9;466.9
1992-09-02;466.1;9;466.1
1992-09-03;433.8;9;433.8
1992-09-04;413.9;9;413.9
1992-09-05;406.8;9;406.8
1992-09-06;401.1;9;401.1
1992-09-07;399.7;9;399.7
1992-09-08;435.2;9;435.2
1992-09-09;439.9;9;439.9
1992-09-10;443.2;9;443.2
1992-09-11;492.2;9;492.2
1992-09-12;488.4;9;488.4
1992-09-13;479.3;9;479.3
1992-09-14;423.9;9;423.9
1992-09-15;446.1;9;446.1
1992-09-16;464.4;9;464.4
1992-09-17;490.3;9;490.3
1992-09-18;521.4;9;521.4
1992-09-19;529.6;9;529.6
1992-09-20;548.9;9;548.9
1992-09-21;538.2;9;538.2
1992-09-22;536.1;9;536.1
1992-09-23;544.6;9;544.6
1992-09-24;525.8;9;525.8
1992-09-25;552.1;9;552.1
1992-09-26;560.7;9;560.7
1992-09-27;574.6;9;574.6
1992-09-28;568.2;9;568.2
1992-09-29;593.0;9;593.0
1992-09-30;581.3;9;581.3
1992-10-01;579.1;10;579.1
1992-10-02;576.7;10;576.7
1992-10-03;589.4;10;589.4
1992-10-04;588.2;10;588.2
1992-10-05;551.0;10;551.0
1992-10-06;525.8;10;525.8
1992-10-07;508.9;10;508.9
1992-10-08;497.7;10;497.7
1992-10-09;492.2;10;492.2
1992-10-10;542.5;10;542.5
1992-10-11;551.0;10;551.0
1992-10-12;559.6;10;559.6
1992-10-13;536.1;10;536.1
1992-10-14;531.8;10;531.8
1992-10-15;518.2;10;518.2
1992-10-16;495.9;10;495.9
1992-10-17;481.0;10;481.0
1992-10-18;477.7;10;477.7
1992-10-19;481.2;10;481.2
1992-10-20;501.5;10;501.5
1992-10-21;494.0;10;494.0
1992-10-22;512.6;10;512.6
1992-10-23;542.5;10;542.5
1992-10-24;527.9;10;527.9
1992-10-25;530.1;10;530.1
1992-10-26;540.3;10;540.3
1992-10-27;548.9;10;548.9
1992-10-28;546.8;10;546.8
1992-10-29;539.3;10;539.3
1992-10-30;518.2;10;518.2
1992-10-31;538.2;10;538.2
1992-11-01;525.8;11;525.8
1992-11-02;551.0;11;551.0
1992-11-03;527.6;11;527.6
1992-11-04;520.1;11;520.1
1992-11-05;480.4;11;480.4
1992-11-06;467.7;11;467.7
1992-11-07;482.9;11;482.9
1992-11-08;471.9;11;471.9
1992-11-09;479.5;11;479.5
1992-11-10;442.9;11;442.9
1992-11-11;418.9;11;418.9
1992-11-12;415.4;11;415.4
1992-11-13;433.9;11;433.9
1992-11-14;476.0;11;476.0
1992-11-15;438.4;11;438.4
1992-11-16;438.1;11;438.1
1992-11-17;438.2;11;438.2
1992-11-18;447.8;11;447.8
1992-11-19;442.8;11;442.8
1992-11-20;481.2;11;481.2
1992-11-21;459.4;11;459.4
1992-11-22;442.8;11;442.8
1992-11-23;454.4;11;454.4
1992-11-24;439.0;11;439.0
1992-11-25;422.5;11;422.5
1992-11-26;437.0;11;437.0
1992-11-27;461.9;11;461.9
1992-11-28;442.9;11;442.9
1992-11-29;421.0;11;421.0
1992-11-30;404.0;11;404.0
1992-12-01;388.2;12;388.2
1992-12-02;397.5;12;397.5
1992-12-03;393.9;12;393.9
1992-12-04;406.8;12;406.8
1992-12-05;409.6;12;409.6
1992-12-06;433.8;12;433.8
1992-12-07;456.1;12;456.1
1992-12-08;457.8;12;457.8
1992-12-09;442.9;12;442.9
1992-12-10;433.8;12;433.8
1992-12-11;443.4;12;443.4
1992-12-12;436.8;12;436.8
1992-12-13;425.3;12;425.3
1992-12-14;431.0;12;431.0
1992-12-15;418.9;12;418.9
1992-12-16;399.7;12;399.7
1992-12-17;382.4;12;382.4
1992-12-18;382.4;12;382.4
1992-12-19;364.0;12;364.0
1992-12-20;340.8;12;340.8
1992-12-21;321.8;12;321.8
1992-12-22;307.2;12;307.2
1992-12-23;293.7;12;293.7
1992-12-24;280.9;12;280.9
1992-12-25;269.3;12;269.3
1992-12-26;263.2;12;263.2
1992-12-27;254.7;12;254.7
1992-12-28;252.3;12;252.3
1992-12-29;264.5;12;264.5
1992-12-30;238.8;12;238.8
1992-12-31;232.6;12;232.6
1993-01-01;230.1;1;230.1
1993-01-02;238.8;1;238.8
1993-01-03;230.1;1;230.1
1993-01-04;222.7;1;222.7
1993-01-05;210.3;1;210.3
1993-01-06;206.6;1;206.6
1993-01-07;213.4;1;213.4
1993-01-08;211.5;1;211.5
1993-01-09;216.5;1;216.5
1993-01-10;208.4;1;208.4
1993-01-11;210.3;1;210.3
1993-01-12;200.5;1;200.5
1993-01-13;196.9;1;196.9
1993-01-14;183.5;1;183.5
1993-01-15;168.5;1;168.5
1993-01-16;161.6;1;161.6
1993-01-17;162.8;1;162.8
1993-01-18;193.2;1;193.2
1993-01-19;188.3;1;188.3
1993-01-20;219.1;1;219.1
1993-01-21;212.7;1;212.7
1993-01-22;206.6;1;206.6
1993-01-23;214.0;1;214.0
1993-01-24;201.7;1;201.7
1993-01-25;183.5;1;183.5
1993-01-26;169.6;1;169.6
1993-01-27;159.3;1;159.3
1993-01-28;151.4;1;151.4
1993-01-29;145.9;1;145.9
1993-01-30;147.0;1;147.0
1993-01-31;264.5;1;264.5
1993-02-01;240.0;2;240.0
1993-02-02;228.9;2;228.9
1993-02-03;210.3;2;210.3
1993-02-04;189.5;2;189.5
1993-02-05;174.2;2;174.2
1993-02-06;166.2;2;166.2
1993-02-07;155.9;2;155.9
1993-02-08;148.1;2;148.1
1993-02-09;144.8;2;144.8
1993-02-10;138.2;2;138.2
1993-02-11;138.2;2;138.2
1993-02-12;136.0;2;136.0
1993-02-13;132.7;2;132.7
1993-02-14;151.4;2;151.4
1993-02-15;140.4;2;140.4
1993-02-16;129.4;2;129.4
1993-02-17;123.4;2;123.4
1993-02-18;117.6;2;117.6
1993-02-19;113.3;2;113.3
1993-02-20;107.0;2;107.0
1993-02-21;106.4;2;106.4
1993-02-22;108.0;2;108.0
1993-02-23;101.7;2;101.7
1993-02-24;97.03;2;97.03
1993-02-25;93.11;2;93.11
1993-02-26;93.6;2;93.6
1993-02-27;93.6;2;93.6
1993-02-28;90.66;2;90.66
1993-03-01;88.7;3;88.7
1993-03-02;85.76;3;85.76
1993-03-03;82.82;3;82.82
1993-03-04;77.92;3;77.92
1993-03-05;77.43;3;77.43
1993-03-06;74.49;3;74.49
1993-03-07;73.99;3;73.99
1993-03-08;71.0;3;71.0
1993-03-09;72.0;3;72.0
1993-03-10;70.0;3;70.0
1993-03-11;73.99;3;73.99
1993-03-12;76.94;3;76.94
1993-03-13;77.92;3;77.92
1993-03-14;93.6;3;93.6
1993-03-15;100.8;3;100.8
1993-03-16;164.9;3;164.9
1993-03-17;175.7;3;175.7
1993-03-18;132.7;3;132.7
1993-03-19;113.3;3;113.3
1993-03-20;118.7;3;118.7
1993-03-21;149.3;3;149.3
1993-03-22;105.9;3;105.9
1993-03-23;104.9;3;104.9
1993-03-24;143.7;3;143.7
1993-03-25;145.9;3;145.9
1993-03-26;184.0;3;184.0
1993-03-27;199.3;3;199.3
1993-03-28;171.9;3;171.9
1993-03-29;162.8;3;162.8
1993-03-30;153.7;3;153.7
1993-03-31;145.9;3;145.9
1993-04-01;133.8;4;133.8
1993-04-02;125.1;4;125.1
1993-04-03;118.6;4;118.6
1993-04-04;114.4;4;114.4
1993-04-05;116.5;4;116.5
1993-04-06;119.7;4;119.7
1993-04-07;117.6;4;117.6
1993-04-08;144.8;4;144.8
1993-04-09;163.9;4;163.9
1993-04-10;159.3;4;159.3
1993-04-11;181.6;4;181.6
1993-04-12;163.9;4;163.9
1993-04-13;152.6;4;152.6
1993-04-14;201.7;4;201.7
1993-04-15;421.0;4;421.0
1993-04-16;388.2;4;388.2
1993-04-17;318.1;4;318.1
1993-04-18;288.9;4;288.9
1993-04-19;266.9;4;266.9
1993-04-20;263.2;4;263.2
1993-04-21;268.1;4;268.1
1993-04-22;314.5;4;314.5
1993-04-23;320.6;4;320.6
1993-04-24;286.4;4;286.4
1993-04-25;277.9;4;277.9
1993-04-26;280.3;4;280.3
1993-04-27;280.3;4;280.3
1993-04-28;286.4;4;286.4
1993-04-29;277.9;4;277.9
1993-04-30;280.3;4;280.3
1993-05-01;319.4;5;319.4
1993-05-02;321.8;5;321.8
1993-05-03;350.3;5;350.3
1993-05-04;335.6;5;335.6
1993-05-05;337.1;5;337.1
1993-05-06;421.0;5;421.0
1993-05-07;412.5;5;412.5
1993-05-08;383.8;5;383.8
1993-05-09;376.8;5;376.8
1993-05-10;433.8;5;433.8
1993-05-11;460.3;5;460.3
1993-05-12;435.6;5;435.6
1993-05-13;422.5;5;422.5
1993-05-14;454.4;5;454.4
1993-05-15;479.7;5;479.7
1993-05-16;435.2;5;435.2
1993-05-17;419.6;5;419.6
1993-05-18;413.9;5;413.9
1993-05-19;429.6;5;429.6
1993-05-20;446.3;5;446.3
1993-05-21;497.7;5;497.7
1993-05-22;515.4;5;515.4
1993-05-23;483.3;5;483.3
1993-05-24;472.9;5;472.9
1993-05-25;518.2;5;518.2
1993-05-26;477.7;5;477.7
1993-05-27;469.4;5;469.4
1993-05-28;476.0;5;476.0
1993-05-29;479.7;5;479.7
1993-05-30;497.7;5;497.7
1993-05-31;479.3;5;479.3
1993-06-01;466.1;6;466.1
1993-06-02;449.5;6;449.5
1993-06-03;430.3;6;430.3
1993-06-04;413.9;6;413.9
1993-06-05;404.0;6;404.0
1993-06-06;389.6;6;389.6
1993-06-07;396.8;6;396.8
1993-06-08;395.4;6;395.4
1993-06-09;404.0;6;404.0
1993-06-10;428.1;6;428.1
1993-06-11;413.9;6;413.9
1993-06-12;407.5;6;407.5
1993-06-13;431.0;6;431.0
1993-06-14;444.1;6;444.1
1993-06-15;462.7;6;462.7
1993-06-16;454.4;6;454.4
1993-06-17;469.4;6;469.4
1993-06-18;459.4;6;459.4
1993-06-19;467.7;6;467.7
1993-06-20;467.7;6;467.7
1993-06-21;472.7;6;472.7
1993-06-22;474.4;6;474.4
1993-06-23;471.0;6;471.0
1993-06-24;460.3;6;460.3
1993-06-25;490.7;6;490.7
1993-06-26;521.9;6;521.9
1993-06-27;499.6;6;499.6
1993-06-28;471.0;6;471.0
1993-06-29;495.9;6;495.9
1993-06-30;499.6;6;499.6
1993-07-01;499.6;7;499.6
1993-07-02;507.0;7;507.0
1993-07-03;516.3;7;516.3
1993-07-04;512.6;7;512.6
1993-07-05;499.6;7;499.6
1993-07-06;497.7;7;497.7
1993-07-07;505.2;7;505.2
1993-07-08;479.5;7;479.5
1993-07-09;454.4;7;454.4
1993-07-10;444.5;7;444.5
1993-07-11;439.6;7;439.6
1993-07-12;477.7;7;477.7
1993-07-13;499.6;7;499.6
1993-07-14;501.5;7;501.5
1993-07-15;503.3;7;503.3
1993-07-16;520.1;7;520.1
1993-07-17;579.1;7;579.1
1993-07-18;590.6;7;590.6
1993-07-19;582.5;7;582.5
1993-07-20;559.6;7;559.6
1993-07-21;561.7;7;561.7
1993-07-22;568.2;7;568.2
1993-07-23;561.7;7;561.7
1993-07-24;561.7;7;561.7
1993-07-25;577.0;7;577.0
1993-07-26;607.4;7;607.4
1993-07-27;590.6;7;590.6
1993-07-28;572.4;7;572.4
1993-07-29;551.0;7;551.0
1993-07-30;536.1;7;536.1
1993-07-31;546.8;7;546.8
1993-08-01;520.1;8;520.1
1993-08-02;531.8;8;531.8
1993-08-03;508.9;8;508.9
1993-08-04;485.1;8;485.1
1993-08-05;471.0;8;471.0
1993-08-06;474.4;8;474.4
1993-08-07;456.1;8;456.1
1993-08-08;456.1;8;456.1
1993-08-09;452.8;8;452.8
1993-08-10;467.7;8;467.7
1993-08-11;462.7;8;462.7
1993-08-12;512.6;8;512.6
1993-08-13;525.8;8;525.8
1993-08-14;501.5;8;501.5
1993-08-15;490.3;8;490.3
1993-08-16;490.3;8;490.3
1993-08-17;479.3;8;479.3
1993-08-18;466.1;8;466.1
1993-08-19;462.7;8;462.7
1993-08-20;471.0;8;471.0
1993-08-21;461.1;8;461.1
1993-08-22;444.5;8;444.5
1993-08-23;444.5;8;444.5
1993-08-24;441.5;8;441.5
1993-08-25;432.4;8;432.4
1993-08-26;422.5;8;422.5
1993-08-27;415.4;8;415.4
1993-08-28;448.4;8;448.4
1993-08-29;486.6;8;486.6
1993-08-30;465.2;8;465.2
1993-08-31;441.3;8;441.3
1993-09-01;422.5;9;422.5
1993-09-02;404.0;9;404.0
1993-09-03;412.5;9;412.5
1993-09-04;433.8;9;433.8
1993-09-05;415.4;9;415.4
1993-09-06;413.9;9;413.9
1993-09-07;422.5;9;422.5
1993-09-08;436.8;9;436.8
1993-09-09;454.4;9;454.4
1993-09-10;436.7;9;436.7
1993-09-11;431.0;9;431.0
1993-09-12;436.8;9;436.8
1993-09-13;462.7;9;462.7
1993-09-14;467.7;9;467.7
1993-09-15;461.1;9;461.1
1993-09-16;462.7;9;462.7
1993-09-17;456.1;9;456.1
1993-09-18;456.1;9;456.1
1993-09-19;441.5;9;441.5
1993-09-20;476.0;9;476.0
1993-09-21;472.7;9;472.7
1993-09-22;462.7;9;462.7
1993-09-23;449.5;9;449.5
1993-09-24;446.1;9;446.1
1993-09-25;447.8;9;447.8
1993-09-26;439.6;9;439.6
1993-09-27;428.1;9;428.1
1993-09-28;439.6;9;439.6
1993-09-29;446.1;9;446.1
1993-09-30;476.0;9;476.0
1993-10-01;469.4;10;469.4
1993-10-02;471.0;10;471.0
1993-10-03;474.4;10;474.4
1993-10-04;479.5;10;479.5
1993-10-05;462.7;10;462.7
1993-10-06;448.6;10;448.6
1993-10-07;436.7;10;436.7
1993-10-08;438.1;10;438.1
1993-10-09;444.5;10;444.5
1993-10-10;461.1;10;461.1
1993-10-11;444.6;10;444.6
1993-10-12;499.6;10;499.6
1993-10-13;497.7;10;497.7
1993-10-14;482.9;10;482.9
1993-10-15;472.7;10;472.7
1993-10-16;482.9;10;482.9
1993-10-17;474.4;10;474.4
1993-10-18;461.1;10;461.1
1993-10-19;442.8;10;442.8
1993-10-20;435.2;10;435.2
1993-10-21;435.2;10;435.2
1993-10-22;447.8;10;447.8
1993-10-23;449.5;10;449.5
1993-10-24;457.8;10;457.8
1993-10-25;492.2;10;492.2
1993-10-26;494.0;10;494.0
1993-10-27;492.2;10;492.2
1993-10-28;505.2;10;505.2
1993-10-29;494.0;10;494.0
1993-10-30;492.2;10;492.2
1993-10-31;499.6;10;499.6
1993-11-01;505.2;11;505.2
1993-11-02;501.5;11;501.5
1993-11-03;501.5;11;501.5
1993-11-04;488.4;11;488.4
1993-11-05;476.0;11;476.0
1993-11-06;471.0;11;471.0
1993-11-07;466.1;11;466.1
1993-11-08;472.7;11;472.7
1993-11-09;474.4;11;474.4
1993-11-10;469.4;11;469.4
1993-11-11;469.4;11;469.4
1993-11-12;484.9;11;484.9
1993-11-13;520.1;11;520.1
1993-11-14;516.3;11;516.3
1993-11-15;516.3;11;516.3
1993-11-16;521.9;11;521.9
1993-11-17;544.6;11;544.6
1993-11-18;540.3;11;540.3
1993-11-19;533.9;11;533.9
1993-11-20;527.6;11;527.6
1993-11-21;529.3;11;529.3
1993-11-22;525.6;11;525.6
1993-11-23;521.1;11;521.1
1993-11-24;518.7;11;518.7
1993-11-25;523.5;11;523.5
1993-11-26;517.9;11;517.9
1993-11-27;506.0;11;506.0
1993-11-28;495.6;11;495.6
1993-11-29;481.4;11;481.4
1993-11-30;498.8;11;498.8
1993-12-01;537.6;12;537.6
1993-12-02;534.1;12;534.1
1993-12-03;525.8;12;525.8
1993-12-04;517.3;12;517.3
1993-12-05;528.2;12;528.2
1993-12-06;527.0;12;527.0
1993-12-07;527.5;12;527.5
1993-12-08;520.3;12;520.3
1993-12-09;513.7;12;513.7
1993-12-10;512.0;12;512.0
1993-12-11;494.7;12;494.7
1993-12-12;493.7;12;493.7
1993-12-13;502.8;12;502.8
1993-12-14;504.0;12;504.0
1993-12-15;502.7;12;502.7
1993-12-16;497.4;12;497.4
1993-12-17;501.5;12;501.5
1993-12-18;502.0;12;502.0
1993-12-19;509.5;12;509.5
1993-12-20;524.6;12;524.6
1993-12-21;516.3;12;516.3
1993-12-22;495.9;12;495.9
1993-12-23;469.4;12;469.4
1993-12-24;447.8;12;447.8
1993-12-25;433.8;12;433.8
1993-12-26;402.5;12;402.5
1993-12-27;383.8;12;383.8
1993-12-28;370.9;12;370.9
1993-12-29;354.4;12;354.4
1993-12-30;342.2;12;342.2
1993-12-31;330.3;12;330.3
1994-01-01;322.7;1;322.7
1994-01-02;320.1;1;320.1
1994-01-03;304.5;1;304.5
1994-01-04;294.3;1;294.3
1994-01-05;291.8;1;291.8
1994-01-06;284.3;1;284.3
1994-01-07;278.0;1;278.0
1994-01-08;269.4;1;269.4
1994-01-09;262.2;1;262.2
1994-01-10;257.4;1;257.4
1994-01-11;268.2;1;268.2
1994-01-12;257.4;1;257.4
1994-01-13;241.3;1;241.3
1994-01-14;229.2;1;229.2
1994-01-15;228.1;1;228.1
1994-01-16;252.7;1;252.7
1994-01-17;257.4;1;257.4
1994-01-18;239.1;1;239.1
1994-01-19;228.1;1;228.1
1994-01-20;221.1;1;221.1
1994-01-21;206.4;1;206.4
1994-01-22;196.3;1;196.3
1994-01-23;184.6;1;184.6
1994-01-24;176.4;1;176.4
1994-01-25;167.6;1;167.6
1994-01-26;164.3;1;164.3
1994-01-27;158.9;1;158.9
1994-01-28;154.1;1;154.1
1994-01-29;146.6;1;146.6
1994-01-30;136.4;1;136.4
1994-01-31;136.4;1;136.4
1994-02-01;133.1;2;133.1
1994-02-02;136.4;2;136.4
1994-02-03;128.8;2;128.8
1994-02-04;124.4;2;124.4
1994-02-05;123.3;2;123.3
1994-02-06;122.2;2;122.2
1994-02-07;116.7;2;116.7
1994-02-08;113.4;2;113.4
1994-02-09;105.8;2;105.8
1994-02-10;99.32;2;99.32
1994-02-11;95.02;2;95.02
1994-02-12;93.95;2;93.95
1994-02-13;93.95;2;93.95
1994-02-14;89.65;2;89.65
1994-02-15;82.38;2;82.38
1994-02-16;105.8;2;105.8
1994-02-17;97.18;2;97.18
1994-02-18;97.18;2;97.18
1994-02-19;90.73;2;90.73
1994-02-20;84.43;2;84.43
1994-02-21;83.4;2;83.4
1994-02-22;80.32;2;80.32
1994-02-23;76.22;2;76.22
1994-02-24;75.2;2;75.2
1994-02-25;76.22;2;76.22
1994-02-26;72.13;2;72.13
1994-02-27;74.18;2;74.18
1994-02-28;71.1;2;71.1
1994-03-01;72.13;3;72.13
1994-03-02;73.15;3;73.15
1994-03-03;84.43;3;84.43
1994-03-04;75.2;3;75.2
1994-03-05;75.2;3;75.2
1994-03-06;148.2;3;148.2
1994-03-07;135.3;3;135.3
1994-03-08;113.4;3;113.4
1994-03-09;95.03;3;95.03
1994-03-10;88.57;3;88.57
1994-03-11;82.38;3;82.38
1994-03-12;78.28;3;78.28
1994-03-13;81.35;3;81.35
1994-03-14;78.28;3;78.28
1994-03-15;85.45;3;85.45
1994-03-16;90.73;3;90.73
1994-03-17;84.43;3;84.43
1994-03-18;80.32;3;80.32
1994-03-19;77.25;3;77.25
1994-03-20;75.2;3;75.2
1994-03-21;70.07;3;70.07
1994-03-22;77.25;3;77.25
1994-03-23;91.8;3;91.8
1994-03-24;117.8;3;117.8
1994-03-25;129.9;3;129.9
1994-03-26;106.8;3;106.8
1994-03-27;99.32;3;99.32
1994-03-28;95.02;3;95.02
1994-03-29;110.1;3;110.1
1994-03-30;136.4;3;136.4
1994-03-31;149.3;3;149.3
1994-04-01;221.1;4;221.1
1994-04-02;210.8;4;210.8
1994-04-03;194.0;4;194.0
1994-04-04;198.7;4;198.7
1994-04-05;232.5;4;232.5
1994-04-06;196.6;4;196.6
1994-04-07;185.8;4;185.8
1994-04-08;225.5;4;225.5
1994-04-09;229.9;4;229.9
1994-04-10;210.8;4;210.8
1994-04-11;222.6;4;222.6
1994-04-12;249.4;4;249.4
1994-04-13;250.2;4;250.2
1994-04-14;242.4;4;242.4
1994-04-15;230.3;4;230.3
1994-04-16;241.3;4;241.3
1994-04-17;228.8;4;228.8
1994-04-18;222.6;4;222.6
1994-04-19;204.9;4;204.9
1994-04-20;218.1;4;218.1
1994-04-21;258.6;4;258.6
1994-04-22;240.2;4;240.2
1994-04-23;281.8;4;281.8
1994-04-24;268.2;4;268.2
1994-04-25;252.6;4;252.6
1994-04-26;242.4;4;242.4
1994-04-27;238.0;4;238.0
1994-04-28;232.5;4;232.5
1994-04-29;249.1;4;249.1
1994-04-30;241.3;4;241.3
1994-05-01;337.6;5;337.6
1994-05-02;326.9;5;326.9
1994-05-03;280.5;5;280.5
1994-05-04;269.4;5;269.4
1994-05-05;283.0;5;283.0
1994-05-06;286.8;5;286.8
1994-05-07;303.3;5;303.3
1994-05-08;440.5;5;440.5
1994-05-09;489.8;5;489.8
1994-05-10;469.0;5;469.0
1994-05-11;511.5;5;511.5
1994-05-12;532.5;5;532.5
1994-05-13;496.4;5;496.4
1994-05-14;486.6;5;486.6
1994-05-15;485.0;5;485.0
1994-05-16;473.8;5;473.8
1994-05-17;458.0;5;458.0
1994-05-18;469.0;5;469.0
1994-05-19;451.7;5;451.7
1994-05-20;448.5;5;448.5
1994-05-21;435.8;5;435.8
1994-05-22;427.5;5;427.5
1994-05-23;472.2;5;472.2
1994-05-24;472.2;5;472.2
1994-05-25;469.0;5;469.0
1994-05-26;469.0;5;469.0
1994-05-27;497.0;5;497.0
1994-05-28;511.5;5;511.5
1994-05-29;496.2;5;496.2
1994-05-30;506.5;5;506.5
1994-05-31;493.0;5;493.0
1994-06-01;504.5;6;504.5
1994-06-02;520.3;6;520.3
1994-06-03;520.3;6;520.3
1994-06-04;516.8;6;516.8
1994-06-05;520.3;6;520.3
1994-06-06;508.0;6;508.0
1994-06-07;496.2;6;496.2
1994-06-08;486.6;6;486.6
1994-06-09;478.6;6;478.6
1994-06-10;478.6;6;478.6
1994-06-11;459.5;6;459.5
1994-06-12;443.8;6;443.8
1994-06-13;434.1;6;434.1
1994-06-14;448.5;6;448.5
1994-06-15;447.0;6;447.0
1994-06-16;440.5;6;440.5
1994-06-17;481.8;6;481.8
1994-06-18;453.3;6;453.3
1994-06-19;445.4;6;445.4
1994-06-20;459.5;6;459.5
1994-06-21;483.4;6;483.4
1994-06-22;488.2;6;488.2
1994-06-23;477.0;6;477.0
1994-06-24;453.3;6;453.3
1994-06-25;439.1;6;439.1
1994-06-26;445.4;6;445.4
1994-06-27;447.0;6;447.0
1994-06-28;445.4;6;445.4
1994-06-29;456.4;6;456.4
1994-06-30;440.6;6;440.6
1994-07-01;429.1;7;429.1
1994-07-02;440.4;7;440.4
1994-07-03;459.5;7;459.5
1994-07-04;478.6;7;478.6
1994-07-05;483.4;7;483.4
1994-07-06;501.0;7;501.0
1994-07-07;501.5;7;501.5
1994-07-08;502.9;7;502.9
1994-07-09;486.6;7;486.6
1994-07-10;488.2;7;488.2
1994-07-11;493.0;7;493.0
1994-07-12;485.0;7;485.0
1994-07-13;493.0;7;493.0
1994-07-14;499.4;7;499.4
1994-07-15;486.6;7;486.6
1994-07-16;475.4;7;475.4
1994-07-17;462.7;7;462.7
1994-07-18;473.8;7;473.8
1994-07-19;488.2;7;488.2
1994-07-20;497.8;7;497.8
1994-07-21;493.0;7;493.0
1994-07-22;486.6;7;486.6
1994-07-23;480.2;7;480.2
1994-07-24;483.4;7;483.4
1994-07-25;493.0;7;493.0
1994-07-26;472.2;7;472.2
1994-07-27;473.8;7;473.8
1994-07-28;459.5;7;459.5
1994-07-29;443.8;7;443.8
1994-07-30;478.6;7;478.6
1994-07-31;488.2;7;488.2
1994-08-01;486.6;8;486.6
1994-08-02;472.2;8;472.2
1994-08-03;458.0;8;458.0
1994-08-04;456.4;8;456.4
1994-08-05;432.5;8;432.5
1994-08-06;438.7;8;438.7
1994-08-07;467.4;8;467.4
1994-08-08;473.8;8;473.8
1994-08-09;491.4;8;491.4
1994-08-10;497.8;8;497.8
1994-08-11;483.4;8;483.4
1994-08-12;488.2;8;488.2
1994-08-13;491.4;8;491.4
1994-08-14;497.8;8;497.8
1994-08-15;505.4;8;505.4
1994-08-16;508.0;8;508.0
1994-08-17;541.2;8;541.2
1994-08-18;560.5;8;560.5
1994-08-19;539.0;8;539.0
1994-08-20;537.1;8;537.1
1994-08-21;572.0;8;572.0
1994-08-22;575.2;8;575.2
1994-08-23;571.7;8;571.7
1994-08-24;579.5;8;579.5
1994-08-25;579.7;8;579.7
1994-08-26;582.5;8;582.5
1994-08-27;591.1;8;591.1
1994-08-28;587.7;8;587.7
1994-08-29;584.3;8;584.3
1994-08-30;584.5;8;584.5
1994-08-31;582.6;8;582.6
1994-09-01;596.5;9;596.5
1994-09-02;599.5;9;599.5
1994-09-03;619.2;9;619.2
1994-09-04;623.8;9;623.8
1994-09-05;625.5;9;625.5
1994-09-06;619.8;9;619.8
1994-09-07;605.7;9;605.7
1994-09-08;589.9;9;589.9
1994-09-09;579.8;9;579.8
1994-09-10;572.2;9;572.2
1994-09-11;577.0;9;577.0
1994-09-12;580.7;9;580.7
1994-09-13;587.0;9;587.0
1994-09-14;594.9;9;594.9
1994-09-15;585.8;9;585.8
1994-09-16;565.3;9;565.3
1994-09-17;578.7;9;578.7
1994-09-18;607.7;9;607.7
1994-09-19;594.2;9;594.2
1994-09-20;581.3;9;581.3
1994-09-21;595.9;9;595.9
1994-09-22;624.4;9;624.4
1994-09-23;603.3;9;603.3
1994-09-24;576.8;9;576.8
1994-09-25;576.7;9;576.7
1994-09-26;588.1;9;588.1
1994-09-27;601.4;9;601.4
1994-09-28;611.2;9;611.2
1994-09-29;616.2;9;616.2
1994-09-30;644.2;9;644.2
1994-10-01;646.4;10;646.4
1994-10-02;657.7;10;657.7
1994-10-03;655.3;10;655.3
1994-10-04;637.6;10;637.6
1994-10-05;631.0;10;631.0
1994-10-06;650.8;10;650.8
1994-10-07;639.8;10;639.8
1994-10-08;653.0;10;653.0
1994-10-09;662.4;10;662.4
1994-10-10;655.3;10;655.3
1994-10-11;660.1;10;660.1
1994-10-12;662.4;10;662.4
1994-10-13;671.8;10;671.8
1994-10-14;688.3;10;688.3
1994-10-15;702.2;10;702.2
1994-10-16;697.7;10;697.7
1994-10-17;690.6;10;690.6
1994-10-18;685.9;10;685.9
1994-10-19;708.6;10;708.6
1994-10-20;725.8;10;725.8
1994-10-21;730.1;10;730.1
1994-10-22;723.7;10;723.7
1994-10-23;710.8;10;710.8
1994-10-24;695.3;10;695.3
1994-10-25;690.6;10;690.6
1994-10-26;678.8;10;678.8
1994-10-27;664.8;10;664.8
1994-10-28;648.6;10;648.6
1994-10-29;628.8;10;628.8
1994-10-30;615.6;10;615.6
1994-10-31;591.9;10;591.9
1994-11-01;578.6;11;578.6
1994-11-02;567.5;11;567.5
1994-11-03;582.4;11;582.4
1994-11-04;628.8;11;628.8
1994-11-05;624.4;11;624.4
1994-11-06;635.4;11;635.4
1994-11-07;624.4;11;624.4
1994-11-08;609.0;11;609.0
1994-11-09;611.2;11;611.2
1994-11-10;635.4;11;635.4
1994-11-11;633.2;11;633.2
1994-11-12;628.8;11;628.8
1994-11-13;633.2;11;633.2
1994-11-14;631.0;11;631.0
1994-11-15;628.8;11;628.8
1994-11-16;633.2;11;633.2
1994-11-17;637.6;11;637.6
1994-11-18;648.6;11;648.6
1994-11-19;664.8;11;664.8
1994-11-20;655.3;11;655.3
1994-11-21;644.2;11;644.2
1994-11-22;626.6;11;626.6
1994-11-23;617.8;11;617.8
1994-11-24;628.8;11;628.8
1994-11-25;644.2;11;644.2
1994-11-26;669.4;11;669.4
1994-11-27;676.5;11;676.5
1994-11-28;685.9;11;685.9
1994-11-29;710.8;11;710.8
1994-11-30;712.9;11;712.9
1994-12-01;688.3;12;688.3
1994-12-02;671.8;12;671.8
1994-12-03;655.3;12;655.3
1994-12-04;642.0;12;642.0
1994-12-05;626.6;12;626.6
1994-12-06;603.3;12;603.3
1994-12-07;586.2;12;586.2
1994-12-08;576.7;12;576.7
1994-12-09;560.5;12;560.5
1994-12-10;558.8;12;558.8
1994-12-11;546.5;12;546.5
1994-12-12;543.0;12;543.0
1994-12-13;525.5;12;525.5
1994-12-14;509.8;12;509.8
1994-12-15;494.6;12;494.6
1994-12-16;477.0;12;477.0
1994-12-17;475.4;12;475.4
1994-12-18;458.0;12;458.0
1994-12-19;440.6;12;440.6
1994-12-20;429.1;12;429.1
1994-12-21;419.1;12;419.1
1994-12-22;412.4;12;412.4
1994-12-23;425.8;12;425.8
1994-12-24;399.4;12;399.4
1994-12-25;380.1;12;380.1
1994-12-26;368.2;12;368.2
1994-12-27;360.3;12;360.3
1994-12-28;352.3;12;352.3
1994-12-29;347.0;12;347.0
1994-12-30;334.8;12;334.8
1994-12-31;322.7;12;322.7
1995-01-01;311.0;1;311.0
1995-01-02;295.5;1;295.5
1995-01-03;284.3;1;284.3
1995-01-04;273.0;1;273.0
1995-01-05;268.2;1;268.2
1995-01-06;262.2;1;262.2
1995-01-07;253.8;1;253.8
1995-01-08;243.5;1;243.5
1995-01-09;235.8;1;235.8
1995-01-10;228.1;1;228.1
1995-01-11;218.1;1;218.1
1995-01-12;210.8;1;210.8
1995-01-13;201.9;1;201.9
1995-01-14;196.3;1;196.3
1995-01-15;189.3;1;189.3
1995-01-16;183.4;1;183.4
1995-01-17;175.2;1;175.2
1995-01-18;177.5;1;177.5
1995-01-19;175.2;1;175.2
1995-01-20;164.3;1;164.3
1995-01-21;165.4;1;165.4
1995-01-22;182.2;1;182.2
1995-01-23;274.3;1;274.3
1995-01-24;268.3;1;268.3
1995-01-25;225.1;1;225.1
1995-01-26;189.3;1;189.3
1995-01-27;174.1;1;174.1
1995-01-28;162.2;1;162.2
1995-01-29;148.2;1;148.2
1995-01-30;140.7;1;140.7
1995-01-31;134.2;1;134.2
1995-02-01;129.9;2;129.9
1995-02-02;124.4;2;124.4
1995-02-03;125.5;2;125.5
1995-02-04;121.1;2;121.1
1995-02-05;112.3;2;112.3
1995-02-06;106.8;2;106.8
1995-02-07;111.2;2;111.2
1995-02-08;120.0;2;120.0
1995-02-09;107.9;2;107.9
1995-02-10;102.6;2;102.6
1995-02-11;99.32;2;99.32
1995-02-12;97.18;2;97.18
1995-02-13;93.95;2;93.95
1995-02-14;88.57;2;88.57
1995-02-15;86.47;2;86.47
1995-02-16;82.38;2;82.38
1995-02-17;81.35;2;81.35
1995-02-18;77.25;2;77.25
1995-02-19;76.22;2;76.22
1995-02-20;74.18;2;74.18
1995-02-21;71.1;2;71.1
1995-02-22;70.07;2;70.07
1995-02-23;70.07;2;70.07
1995-02-24;68.03;2;68.03
1995-02-25;62.13;2;62.13
1995-02-26;59.2;2;59.2
1995-02-27;58.22;2;58.22
1995-02-28;61.15;2;61.15
1995-03-01;57.25;3;57.25
1995-03-02;60.18;3;60.18
1995-03-03;60.18;3;60.18
1995-03-04;58.22;3;58.22
1995-03-05;58.22;3;58.22
1995-03-06;57.25;3;57.25
1995-03-07;56.28;3;56.28
1995-03-08;58.22;3;58.22
1995-03-09;57.25;3;57.25
1995-03-10;69.05;3;69.05
1995-03-11;60.17;3;60.17
1995-03-12;57.25;3;57.25
1995-03-13;57.25;3;57.25
1995-03-14;55.3;3;55.3
1995-03-15;52.38;3;52.38
1995-03-16;51.4;3;51.4
1995-03-17;52.38;3;52.38
1995-03-18;49.45;3;49.45
1995-03-19;-999.000;3;61.0
1995-03-20;-999.000;3;82.38
1995-03-21;50.43;3;50.43
1995-03-22;-999.000;3;79.1
1995-03-23;72.18;3;72.18
1995-03-24;93.95;3;93.95
1995-03-25;76.22;3;76.22
1995-03-26;71.1;3;71.1
1995-03-27;63.1;3;63.1
1995-03-28;59.2;3;59.2
1995-03-29;-999.000;3;179.5
1995-03-30;-999.000;3;126.6
1995-03-31;84.43;3;84.43
1995-04-01;89.65;4;89.65
1995-04-02;97.18;4;97.18
1995-04-03;129.7;4;129.7
1995-04-04;168.6;4;168.6
1995-04-05;139.6;4;139.6
1995-04-06;137.5;4;137.5
1995-04-07;131.0;4;131.0
1995-04-08;135.3;4;135.3
1995-04-09;121.1;4;121.1
1995-04-10;135.3;4;135.3
1995-04-11;143.9;4;143.9
1995-04-12;159.0;4;159.0
1995-04-13;133.1;4;133.1
1995-04-14;122.2;4;122.2
1995-04-15;124.4;4;124.4
1995-04-16;135.3;4;135.3
1995-04-17;128.8;4;128.8
1995-04-18;116.7;4;116.7
1995-04-19;109.0;4;109.0
1995-04-20;125.4;4;125.4
1995-04-21;141.8;4;141.8
1995-04-22;136.4;4;136.4
1995-04-23;146.1;4;146.1
1995-04-24;189.3;4;189.3
1995-04-25;206.6;4;206.6
1995-04-26;220.7;4;220.7
1995-04-27;206.4;4;206.4
1995-04-28;221.1;4;221.1
1995-04-29;230.3;4;230.3
1995-04-30;218.1;4;218.1
1995-05-01;203.4;5;203.4
1995-05-02;194.0;5;194.0
1995-05-03;184.6;5;184.6
1995-05-04;280.5;5;280.5
1995-05-05;288.2;5;288.2
1995-05-06;290.5;5;290.5
1995-05-07;265.8;5;265.8
1995-05-08;240.2;5;240.2
1995-05-09;233.2;5;233.2
1995-05-10;229.8;5;229.8
1995-05-11;222.8;5;222.8
1995-05-12;215.6;5;215.6
1995-05-13;215.0;5;215.0
1995-05-14;207.2;5;207.2
1995-05-15;203.4;5;203.4
1995-05-16;204.7;5;204.7
1995-05-17;216.7;5;216.7
1995-05-18;257.4;5;257.4
1995-05-19;251.6;5;251.6
1995-05-20;389.4;5;389.4
1995-05-21;409.7;5;409.7
1995-05-22;364.6;5;364.6
1995-05-23;320.4;5;320.4
1995-05-24;296.6;5;296.6
1995-05-25;284.0;5;284.0
1995-05-26;311.3;5;311.3
1995-05-27;427.5;5;427.5
1995-05-28;459.5;5;459.5
1995-05-29;420.8;5;420.8
1995-05-30;397.7;5;397.7
1995-05-31;381.5;5;381.5
1995-06-01;378.8;6;378.8
1995-06-02;380.1;6;380.1
1995-06-03;396.0;6;396.0
1995-06-04;412.4;6;412.4
1995-06-05;434.0;6;434.0
1995-06-06;483.4;6;483.4
1995-06-07;454.8;6;454.8
1995-06-08;409.7;6;409.7
1995-06-09;400.0;6;400.0
1995-06-10;397.4;6;397.4
1995-06-11;394.7;6;394.7
1995-06-12;394.7;6;394.7
1995-06-13;398.7;6;398.7
1995-06-14;406.0;6;406.0
1995-06-15;422.4;6;422.4
1995-06-16;450.1;6;450.1
1995-06-17;486.6;6;486.6
1995-06-18;472.2;6;472.2
1995-06-19;454.8;6;454.8
1995-06-20;445.4;6;445.4
1995-06-21;451.7;6;451.7
1995-06-22;450.1;6;450.1
1995-06-23;447.0;6;447.0
1995-06-24;451.7;6;451.7
1995-06-25;453.3;6;453.3
1995-06-26;450.1;6;450.1
1995-06-27;442.2;6;442.2
1995-06-28;443.8;6;443.8
1995-06-29;445.4;6;445.4
1995-06-30;465.9;6;465.9
1995-07-01;489.8;7;489.8
1995-07-02;548.3;7;548.3
1995-07-03;590.0;7;590.0
1995-07-04;575.0;7;575.0
1995-07-05;578.6;7;578.6
1995-07-06;590.0;7;590.0
1995-07-07;597.6;7;597.6
1995-07-08;595.7;7;595.7
1995-07-09;584.3;7;584.3
1995-07-10;564.0;7;564.0
1995-07-11;557.0;7;557.0
1995-07-12;555.3;7;555.3
1995-07-13;555.3;7;555.3
1995-07-14;555.3;7;555.3
1995-07-15;546.5;7;546.5
1995-07-16;539.5;7;539.5
1995-07-17;531.6;7;531.6
1995-07-18;546.5;7;546.5
1995-07-19;558.8;7;558.8
1995-07-20;558.8;7;558.8
1995-07-21;556.1;7;556.1
1995-07-22;546.5;7;546.5
1995-07-23;549.1;7;549.1
1995-07-24;561.4;7;561.4
1995-07-25;559.6;7;559.6
1995-07-26;556.1;7;556.1
1995-07-27;567.5;7;567.5
1995-07-28;-999.000;7;444.5
1995-07-29;-999.000;7;255.9
1995-07-30;-999.000;7;443.662
1995-07-31;-999.000;7;429.9
1995-08-01;568.4;8;568.4
1995-08-02;564.9;8;564.9
1995-08-03;558.8;8;558.8
1995-08-04;556.1;8;556.1
1995-08-05;558.8;8;558.8
1995-08-06;561.4;8;561.4
1995-08-07;555.3;8;555.3
1995-08-08;544.8;8;544.8
1995-08-09;534.3;8;534.3
1995-08-10;573.2;8;573.2
1995-08-11;580.5;8;580.5
1995-08-12;566.6;8;566.6
1995-08-13;566.6;8;566.6
1995-08-14;563.1;8;563.1
1995-08-15;561.6;8;561.6
1995-08-16;573.9;8;573.9
1995-08-17;575.4;8;575.4
1995-08-18;563.2;8;563.2
1995-08-19;545.3;8;545.3
1995-08-20;544.7;8;544.7
1995-08-21;553.8;8;553.8
1995-08-22;539.8;8;539.8
1995-08-23;529.5;8;529.5
1995-08-24;530.5;8;530.5
1995-08-25;536.0;8;536.0
1995-08-26;545.4;8;545.4
1995-08-27;565.1;8;565.1
1995-08-28;611.2;8;611.2
1995-08-29;601.4;8;601.4
1995-08-30;617.0;8;617.0
1995-08-31;614.3;8;614.3
1995-09-01;607.2;9;607.2
1995-09-02;605.9;9;605.9
1995-09-03;603.4;9;603.4
1995-09-04;594.7;9;594.7
1995-09-05;591.3;9;591.3
1995-09-06;575.4;9;575.4
1995-09-07;569.1;9;569.1
1995-09-08;573.3;9;573.3
1995-09-09;575.4;9;575.4
1995-09-10;584.1;9;584.1
1995-09-11;604.5;9;604.5
1995-09-12;600.7;9;600.7
1995-09-13;600.0;9;600.0
1995-09-14;599.8;9;599.8
1995-09-15;609.4;9;609.4
1995-09-16;639.0;9;639.0
1995-09-17;624.9;9;624.9
1995-09-18;611.9;9;611.9
1995-09-19;603.3;9;603.3
1995-09-20;610.2;9;610.2
1995-09-21;613.1;9;613.1
1995-09-22;628.2;9;628.2
1995-09-23;626.7;9;626.7
1995-09-24;610.7;9;610.7
1995-09-25;613.9;9;613.9
1995-09-26;632.5;9;632.5
1995-09-27;617.2;9;617.2
1995-09-28;621.3;9;621.3
1995-09-29;614.8;9;614.8
1995-09-30;602.4;9;602.4
1995-10-01;594.3;10;594.3
1995-10-02;581.9;10;581.9
1995-10-03;567.3;10;567.3
1995-10-04;569.6;10;569.6
1995-10-05;577.1;10;577.1
1995-10-06;574.3;10;574.3
1995-10-07;594.7;10;594.7
1995-10-08;581.4;10;581.4
1995-10-09;572.6;10;572.6
1995-10-10;563.4;10;563.4
1995-10-11;555.4;10;555.4
1995-10-12;562.3;10;562.3
1995-10-13;556.3;10;556.3
1995-10-14;540.5;10;540.5
1995-10-15;557.5;10;557.5
1995-10-16;590.2;10;590.2
1995-10-17;575.0;10;575.0
1995-10-18;567.2;10;567.2
1995-10-19;598.9;10;598.9
1995-10-20;613.7;10;613.7
1995-10-21;608.7;10;608.7
1995-10-22;597.5;10;597.5
1995-10-23;594.9;10;594.9
1995-10-24;595.5;10;595.5
1995-10-25;596.7;10;596.7
1995-10-26;599.3;10;599.3
1995-10-27;602.2;10;602.2
1995-10-28;607.6;10;607.6
1995-10-29;625.3;10;625.3
1995-10-30;631.8;10;631.8
1995-10-31;637.6;10;637.6
1995-11-01;638.2;11;638.2
1995-11-02;635.4;11;635.4
1995-11-03;625.3;11;625.3
1995-11-04;622.5;11;622.5
1995-11-05;618.1;11;618.1
1995-11-06;612.8;11;612.8
1995-11-07;606.7;11;606.7
1995-11-08;612.2;11;612.2
1995-11-09;609.3;11;609.3
1995-11-10;603.1;11;603.1
1995-11-11;599.0;11;599.0
1995-11-12;582.3;11;582.3
1995-11-13;567.1;11;567.1
1995-11-14;555.4;11;555.4
1995-11-15;543.9;11;543.9
1995-11-16;542.3;11;542.3
1995-11-17;557.9;11;557.9
1995-11-18;550.3;11;550.3
1995-11-19;556.6;11;556.6
1995-11-20;550.2;11;550.2
1995-11-21;537.8;11;537.8
1995-11-22;521.7;11;521.7
1995-11-23;528.2;11;528.2
1995-11-24;528.2;11;528.2
1995-11-25;507.8;11;507.8
1995-11-26;494.8;11;494.8
1995-11-27;482.6;11;482.6
1995-11-28;475.3;11;475.3
1995-11-29;465.9;11;465.9
1995-11-30;451.2;11;451.2
1995-12-01;437.2;12;437.2
1995-12-02;423.5;12;423.5
1995-12-03;409.5;12;409.5
1995-12-04;407.3;12;407.3
1995-12-05;409.9;12;409.9
1995-12-06;421.8;12;421.8
1995-12-07;432.7;12;432.7
1995-12-08;418.6;12;418.6
1995-12-09;407.1;12;407.1
1995-12-10;401.7;12;401.7
1995-12-11;388.2;12;388.2
1995-12-12;377.2;12;377.2
1995-12-13;376.1;12;376.1
1995-12-14;401.9;12;401.9
1995-12-15;413.9;12;413.9
1995-12-16;404.7;12;404.7
1995-12-17;395.8;12;395.8
1995-12-18;394.1;12;394.1
1995-12-19;390.0;12;390.0
1995-12-20;388.2;12;388.2
1995-12-21;382.5;12;382.5
1995-12-22;383.7;12;383.7
1995-12-23;389.9;12;389.9
1995-12-24;394.3;12;394.3
1995-12-25;388.9;12;388.9
1995-12-26;392.0;12;392.0
1995-12-27;385.1;12;385.1
1995-12-28;378.5;12;378.5
1995-12-29;367.8;12;367.8
1995-12-30;359.5;12;359.5
1995-12-31;350.3;12;350.3
1996-01-01;358.9;1;358.9
1996-01-02;343.7;1;343.7
1996-01-03;327.5;1;327.5
1996-01-04;317.0;1;317.0
1996-01-05;312.8;1;312.8
1996-01-06;305.9;1;305.9
1996-01-07;292.7;1;292.7
1996-01-08;287.6;1;287.6
1996-01-09;288.6;1;288.6
1996-01-10;279.1;1;279.1
1996-01-11;295.3;1;295.3
1996-01-12;298.7;1;298.7
1996-01-13;280.4;1;280.4
1996-01-14;287.1;1;287.1
1996-01-15;305.4;1;305.4
1996-01-16;316.8;1;316.8
1996-01-17;356.2;1;356.2
1996-01-18;375.1;1;375.1
1996-01-19;360.2;1;360.2
1996-01-20;347.8;1;347.8
1996-01-21;337.9;1;337.9
1996-01-22;327.8;1;327.8
1996-01-23;321.7;1;321.7
1996-01-24;313.6;1;313.6
1996-01-25;305.2;1;305.2
1996-01-26;291.0;1;291.0
1996-01-27;294.4;1;294.4
1996-01-28;302.5;1;302.5
1996-01-29;285.9;1;285.9
1996-01-30;268.6;1;268.6
1996-01-31;252.5;1;252.5
1996-02-01;215.7;2;215.7
1996-02-02;202.8;2;202.8
1996-02-03;188.7;2;188.7
1996-02-04;179.7;2;179.7
1996-02-05;170.8;2;170.8
1996-02-06;188.7;2;188.7
1996-02-07;215.1;2;215.1
1996-02-08;216.4;2;216.4
1996-02-09;215.1;2;215.1
1996-02-10;209.8;2;209.8
1996-02-11;223.9;2;223.9
1996-02-12;221.2;2;221.2
1996-02-13;221.2;2;221.2
1996-02-14;226.6;2;226.6
1996-02-15;217.8;2;217.8
1996-02-16;206.6;2;206.6
1996-02-17;211.7;2;211.7
1996-02-18;211.7;2;211.7
1996-02-19;211.1;2;211.1
1996-02-20;261.0;2;261.0
1996-02-21;234.1;2;234.1
1996-02-22;215.7;2;215.7
1996-02-23;193.8;2;193.8
1996-02-24;175.9;2;175.9
1996-02-25;176.5;2;176.5
1996-02-26;168.2;2;168.2
1996-02-27;170.1;2;170.1
1996-02-28;163.1;2;163.1
1996-02-29;161.2;2;161.2
1996-03-01;180.4;3;180.4
1996-03-02;193.8;3;193.8
1996-03-03;222.5;3;222.5
1996-03-04;249.9;3;249.9
1996-03-05;261.0;3;261.0
1996-03-06;256.1;3;256.1
1996-03-07;270.1;3;270.1
1996-03-08;293.2;3;293.2
1996-03-09;264.5;3;264.5
1996-03-10;247.0;3;247.0
1996-03-11;233.4;3;233.4
1996-03-12;234.8;3;234.8
1996-03-13;251.9;3;251.9
1996-03-14;371.6;3;371.6
1996-03-15;424.7;3;424.7
1996-03-16;408.0;3;408.0
1996-03-17;411.8;3;411.8
1996-03-18;357.1;3;357.1
1996-03-19;340.7;3;340.7
1996-03-20;317.0;3;317.0
1996-03-21;305.1;3;305.1
1996-03-22;311.4;3;311.4
1996-03-23;355.3;3;355.3
1996-03-24;384.4;3;384.4
1996-03-25;351.8;3;351.8
1996-03-26;324.4;3;324.4
1996-03-27;314.2;3;314.2
1996-03-28;304.4;3;304.4
1996-03-29;298.8;3;298.8
1996-03-30;272.2;3;272.2
1996-03-31;263.1;3;263.1
1996-04-01;253.3;4;253.3
1996-04-02;236.1;4;236.1
1996-04-03;223.9;4;223.9
1996-04-04;242.2;4;242.2
1996-04-05;336.2;4;336.2
1996-04-06;294.6;4;294.6
1996-04-07;292.5;4;292.5
1996-04-08;293.2;4;293.2
1996-04-09;293.2;4;293.2
1996-04-10;297.4;4;297.4
1996-04-11;293.2;4;293.2
1996-04-12;286.2;4;286.2
1996-04-13;285.5;4;285.5
1996-04-14;433.3;4;433.3
1996-04-15;378.3;4;378.3
1996-04-16;315.6;4;315.6
1996-04-17;298.8;4;298.8
1996-04-18;294.6;4;294.6
1996-04-19;272.2;4;272.2
1996-04-20;258.2;4;258.2
1996-04-21;251.2;4;251.2
1996-04-22;236.8;4;236.8
1996-04-23;249.1;4;249.1
1996-04-24;251.2;4;251.2
1996-04-25;263.1;4;263.1
1996-04-26;280.6;4;280.6
1996-04-27;310.0;4;310.0
1996-04-28;303.0;4;303.0
1996-04-29;331.1;4;331.1
1996-04-30;352.6;4;352.6
1996-05-01;355.5;5;355.5
1996-05-02;369.2;5;369.2
1996-05-03;410.2;5;410.2
1996-05-04;377.6;5;377.6
1996-05-05;367.7;5;367.7
1996-05-06;366.9;5;366.9
1996-05-07;435.2;5;435.2
1996-05-08;523.9;5;523.9
1996-05-09;533.0;5;533.0
1996-05-10;533.0;5;533.0
1996-05-11;518.2;5;518.2
1996-05-12;487.6;5;487.6
1996-05-13;489.2;5;489.2
1996-05-14;548.6;5;548.6
1996-05-15;542.8;5;542.8
1996-05-16;511.6;5;511.6
1996-05-17;552.8;5;552.8
1996-05-18;581.1;5;581.1
1996-05-19;588.8;5;588.8
1996-05-20;590.6;5;590.6
1996-05-21;583.7;5;583.7
1996-05-22;542.8;5;542.8
1996-05-23;526.4;5;526.4
1996-05-24;530.5;5;530.5
1996-05-25;523.1;5;523.1
1996-05-26;517.4;5;517.4
1996-05-27;519.8;5;519.8
1996-05-28;522.3;5;522.3
1996-05-29;506.8;5;506.8
1996-05-30;529.7;5;529.7
1996-05-31;569.1;5;569.1
1996-06-01;598.3;6;598.3
1996-06-02;614.6;6;614.6
1996-06-03;595.7;6;595.7
1996-06-04;592.3;6;592.3
1996-06-05;611.2;6;611.2
1996-06-06;644.0;6;644.0
1996-06-07;654.6;6;654.6
1996-06-08;658.1;6;658.1
1996-06-09;650.2;6;650.2
1996-06-10;651.1;6;651.1
1996-06-11;645.8;6;645.8
1996-06-12;639.6;6;639.6
1996-06-13;630.1;6;630.1
1996-06-14;614.6;6;614.6
1996-06-15;618.1;6;618.1
1996-06-16;616.4;6;616.4
1996-06-17;614.6;6;614.6
1996-06-18;637.1;6;637.1
1996-06-19;636.2;6;636.2
1996-06-20;625.8;6;625.8
1996-06-21;626.7;6;626.7
1996-06-22;638.8;6;638.8
1996-06-23;637.9;6;637.9
1996-06-24;633.6;6;633.6
1996-06-25;644.9;6;644.9
1996-06-26;656.4;6;656.4
1996-06-27;659.0;6;659.0
1996-06-28;656.4;6;656.4
1996-06-29;668.7;6;668.7
1996-06-30;683.7;6;683.7
1996-07-01;690.0;7;690.0
1996-07-02;702.6;7;702.6
1996-07-03;709.8;7;709.8
1996-07-04;716.1;7;716.1
1996-07-05;722.4;7;722.4
1996-07-06;731.6;7;731.6
1996-07-07;738.2;7;738.2
1996-07-08;744.8;7;744.8
1996-07-09;750.4;7;750.4
1996-07-10;753.3;7;753.3
1996-07-11;752.3;7;752.3
1996-07-12;750.4;7;750.4
1996-07-13;754.2;7;754.2
1996-07-14;758.0;7;758.0
1996-07-15;758.9;7;758.9
1996-07-16;758.0;7;758.0
1996-07-17;762.7;7;762.7
1996-07-18;765.5;7;765.5
1996-07-19;767.4;7;767.4
1996-07-20;767.4;7;767.4
1996-07-21;769.2;7;769.2
1996-07-22;769.2;7;769.2
1996-07-23;770.2;7;770.2
1996-07-24;764.5;7;764.5
1996-07-25;762.7;7;762.7
1996-07-26;757.0;7;757.0
1996-07-27;750.4;7;750.4
1996-07-28;742.9;7;742.9
1996-07-29;733.5;7;733.5
1996-07-30;735.4;7;735.4
1996-07-31;728.8;7;728.8
1996-08-01;724.2;8;724.2
1996-08-02;723.3;8;723.3
1996-08-03;718.8;8;718.8
1996-08-04;713.4;8;713.4
1996-08-05;713.4;8;713.4
1996-08-06;722.4;8;722.4
1996-08-07;724.2;8;724.2
1996-08-08;726.0;8;726.0
1996-08-09;726.9;8;726.9
1996-08-10;724.2;8;724.2
1996-08-11;726.9;8;726.9
1996-08-12;728.8;8;728.8
1996-08-13;733.5;8;733.5
1996-08-14;733.5;8;733.5
1996-08-15;729.8;8;729.8
1996-08-16;724.2;8;724.2
1996-08-17;724.2;8;724.2
1996-08-18;724.2;8;724.2
1996-08-19;726.0;8;726.0
1996-08-20;717.9;8;717.9
1996-08-21;708.9;8;708.9
1996-08-22;702.6;8;702.6
1996-08-23;688.2;8;688.2
1996-08-24;675.7;8;675.7
1996-08-25;682.8;8;682.8
1996-08-26;688.2;8;688.2
1996-08-27;690.0;8;690.0
1996-08-28;682.8;8;682.8
1996-08-29;672.2;8;672.2
1996-08-30;677.5;8;677.5
1996-08-31;682.8;8;682.8
1996-09-01;693.6;9;693.6
1996-09-02;686.4;9;686.4
1996-09-03;702.6;9;702.6
1996-09-04;717.0;9;717.0
1996-09-05;720.6;9;720.6
1996-09-06;720.6;9;720.6
1996-09-07;720.6;9;720.6
1996-09-08;718.8;9;718.8
1996-09-09;717.0;9;717.0
1996-09-10;709.8;9;709.8
1996-09-11;691.8;9;691.8
1996-09-12;675.7;9;675.7
1996-09-13;674.0;9;674.0
1996-09-14;682.8;9;682.8
1996-09-15;691.8;9;691.8
1996-09-16;711.6;9;711.6
1996-09-17;711.6;9;711.6
1996-09-18;702.6;9;702.6
1996-09-19;693.6;9;693.6
1996-09-20;701.7;9;701.7
1996-09-21;693.6;9;693.6
1996-09-22;679.2;9;679.2
1996-09-23;674.0;9;674.0
1996-09-24;668.7;9;668.7
1996-09-25;659.9;9;659.9
1996-09-26;640.5;9;640.5
1996-09-27;640.5;9;640.5
1996-09-28;638.8;9;638.8
1996-09-29;666.9;9;666.9
1996-09-30;669.6;9;669.6
1996-10-01;674.0;10;674.0
1996-10-02;677.5;10;677.5
1996-10-03;677.5;10;677.5
1996-10-04;675.7;10;675.7
1996-10-05;668.7;10;668.7
1996-10-06;659.9;10;659.9
1996-10-07;654.6;10;654.6
1996-10-08;647.6;10;647.6
1996-10-09;649.3;10;649.3
1996-10-10;651.1;10;651.1
1996-10-11;670.4;10;670.4
1996-10-12;674.0;10;674.0
1996-10-13;645.8;10;645.8
1996-10-14;631.8;10;631.8
1996-10-15;616.4;10;616.4
1996-10-16;604.3;10;604.3
1996-10-17;583.7;10;583.7
1996-10-18;568.2;10;568.2
1996-10-19;557.9;10;557.9
1996-10-20;556.2;10;556.2
1996-10-21;568.2;10;568.2
1996-10-22;609.5;10;609.5
1996-10-23;606.0;10;606.0
1996-10-24;594.0;10;594.0
1996-10-25;581.1;10;581.1
1996-10-26;549.4;10;549.4
1996-10-27;534.6;10;534.6
1996-10-28;542.9;10;542.9
1996-10-29;576.8;10;576.8
1996-10-30;549.4;10;549.4
1996-10-31;544.6;10;544.6
1996-11-01;571.6;11;571.6
1996-11-02;576.8;11;576.8
1996-11-03;578.5;11;578.5
1996-11-04;588.8;11;588.8
1996-11-05;588.8;11;588.8
1996-11-06;589.7;11;589.7
1996-11-07;583.7;11;583.7
1996-11-08;575.1;11;575.1
1996-11-09;575.1;11;575.1
1996-11-10;556.2;11;556.2
1996-11-11;556.2;11;556.2
1996-11-12;542.8;11;542.8
1996-11-13;534.6;11;534.6
1996-11-14;518.2;11;518.2
1996-11-15;529.7;11;529.7
1996-11-16;519.8;11;519.8
1996-11-17;500.4;11;500.4
1996-11-18;476.4;11;476.4
1996-11-19;469.2;11;469.2
1996-11-20;471.6;11;471.6
1996-11-21;446.0;11;446.0
1996-11-22;430.1;11;430.1
1996-11-23;419.4;11;419.4
1996-11-24;405.7;11;405.7
1996-11-25;393.5;11;393.5
1996-11-26;402.6;11;402.6
1996-11-27;381.4;11;381.4
1996-11-28;370.7;11;370.7
1996-11-29;361.6;11;361.6
1996-11-30;354.0;11;354.0
1996-12-01;349.6;12;349.6
1996-12-02;340.7;12;340.7
1996-12-03;337.7;12;337.7
1996-12-04;339.2;12;339.2
1996-12-05;375.3;12;375.3
1996-12-06;367.7;12;367.7
1996-12-07;355.5;12;355.5
1996-12-08;358.6;12;358.6
1996-12-09;352.6;12;352.6
1996-12-10;337.7;12;337.7
1996-12-11;336.2;12;336.2
1996-12-12;320.0;12;320.0
1996-12-13;307.2;12;307.2
1996-12-14;305.8;12;305.8
1996-12-15;312.1;12;312.1
1996-12-16;324.4;12;324.4
1996-12-17;349.6;12;349.6
1996-12-18;349.6;12;349.6
1996-12-19;327.4;12;327.4
1996-12-20;298.8;12;298.8
1996-12-21;284.8;12;284.8
1996-12-22;293.2;12;293.2
1996-12-23;277.8;12;277.8
1996-12-24;270.8;12;270.8
1996-12-25;265.2;12;265.2
1996-12-26;255.4;12;255.4
1996-12-27;244.3;12;244.3
1996-12-28;221.2;12;221.2
1996-12-29;209.2;12;209.2
1996-12-30;200.2;12;200.2
1996-12-31;195.1;12;195.1
1997-01-01;192.5;1;192.5
1997-01-02;201.5;1;201.5
1997-01-03;193.8;1;193.8
1997-01-04;192.5;1;192.5
1997-01-05;205.3;1;205.3
1997-01-06;183.6;1;183.6
1997-01-07;174.6;1;174.6
1997-01-08;161.8;1;161.8
1997-01-09;155.4;1;155.4
1997-01-10;145.3;1;145.3
1997-01-11;140.3;1;140.3
1997-01-12;136.6;1;136.6
1997-01-13;135.4;1;135.4
1997-01-14;151.7;1;151.7
1997-01-15;193.8;1;193.8
1997-01-16;160.5;1;160.5
1997-01-17;132.9;1;132.9
1997-01-18;121.7;1;121.7
1997-01-19;115.6;1;115.6
1997-01-20;129.2;1;129.2
1997-01-21;131.6;1;131.6
1997-01-22;120.5;1;120.5
1997-01-23;110.8;1;110.8
1997-01-24;107.2;1;107.2
1997-01-25;95.2;1;95.2
1997-01-26;104.8;1;104.8
1997-01-27;127.9;1;127.9
1997-01-28;140.3;1;140.3
1997-01-29;119.3;1;119.3
1997-01-30;108.4;1;108.4
1997-01-31;98.8;1;98.8
1997-02-01;92.2;2;92.2
1997-02-02;88.0;2;88.0
1997-02-03;92.8;2;92.8
1997-02-04;101.2;2;101.2
1997-02-05;92.8;2;92.8
1997-02-06;79.88;2;79.88
1997-02-07;82.78;2;82.78
1997-02-08;91.64;2;91.64
1997-02-09;127.9;2;127.9
1997-02-10;190.0;2;190.0
1997-02-11;198.9;2;198.9
1997-02-12;188.7;2;188.7
1997-02-13;195.7;2;195.7
1997-02-14;210.4;2;210.4
1997-02-15;198.9;2;198.9
1997-02-16;188.7;2;188.7
1997-02-17;197.6;2;197.6
1997-02-18;249.8;2;249.8
1997-02-19;248.4;2;248.4
1997-02-20;269.4;2;269.4
1997-02-21;265.2;2;265.2
1997-02-22;237.5;2;237.5
1997-02-23;218.4;2;218.4
1997-02-24;206.6;2;206.6
1997-02-25;198.9;2;198.9
1997-02-26;202.8;2;202.8
1997-02-27;190.0;2;190.0
1997-02-28;192.5;2;192.5
1997-03-01;192.5;3;192.5
1997-03-02;186.1;3;186.1
1997-03-03;195.1;3;195.1
1997-03-04;211.8;3;211.8
1997-03-05;187.4;3;187.4
1997-03-06;165.6;3;165.6
1997-03-07;147.8;3;147.8
1997-03-08;134.7;3;134.7
1997-03-09;124.2;3;124.2
1997-03-10;114.4;3;114.4
1997-03-11;108.4;3;108.4
1997-03-12;103.6;3;103.6
1997-03-13;100.0;3;100.0
1997-03-14;96.4;3;96.4
1997-03-15;90.4;3;90.4
1997-03-16;86.84;3;86.84
1997-03-17;83.36;3;83.36
1997-03-18;79.3;3;79.3
1997-03-19;76.4;3;76.4
1997-03-20;77.56;3;77.56
1997-03-21;75.24;3;75.24
1997-03-22;71.76;3;71.76
1997-03-23;68.28;3;68.28
1997-03-24;66.54;3;66.54
1997-03-25;64.8;3;64.8
1997-03-26;61.32;3;61.32
1997-03-27;60.16;3;60.16
1997-03-28;56.76;3;56.76
1997-03-29;61.32;3;61.32
1997-03-30;65.96;3;65.96
1997-03-31;59.02;3;59.02
1997-04-01;56.76;4;56.76
1997-04-02;50.04;4;50.04
1997-04-03;45.56;4;45.56
1997-04-04;43.32;4;43.32
1997-04-05;42.2;4;42.2
1997-04-06;43.32;4;43.32
1997-04-07;43.32;4;43.32
1997-04-08;45.0;4;45.0
1997-04-09;45.56;4;45.56
1997-04-10;46.68;4;46.68
1997-04-11;63.64;4;63.64
1997-04-12;75.24;4;75.24
1997-04-13;68.28;4;68.28
1997-04-14;62.48;4;62.48
1997-04-15;63.64;4;63.64
1997-04-16;57.32;4;57.32
1997-04-17;53.4;4;53.4
1997-04-18;59.1;4;59.1
1997-04-19;101.2;4;101.2
1997-04-20;164.4;4;164.4
1997-04-21;209.4;4;209.4
1997-04-22;283.4;4;283.4
1997-04-23;265.2;4;265.2
1997-04-24;280.6;4;280.6
1997-04-25;259.6;4;259.6
1997-04-26;247.0;4;247.0
1997-04-27;235.4;4;235.4
1997-04-28;225.2;4;225.2
1997-04-29;215.7;4;215.7
1997-04-30;200.2;4;200.2
1997-05-01;184.8;5;184.8
1997-05-02;160.5;5;160.5
1997-05-03;178.4;5;178.4
1997-05-04;202.8;5;202.8
1997-05-05;201.5;5;201.5
1997-05-06;311.4;5;311.4
1997-05-07;308.7;5;308.7
1997-05-08;263.8;5;263.8
1997-05-09;282.0;5;282.0
1997-05-10;282.0;5;282.0
1997-05-11;291.8;5;291.8
1997-05-12;297.4;5;297.4
1997-05-13;363.1;5;363.1
1997-05-14;304.4;5;304.4
1997-05-15;293.2;5;293.2
1997-05-16;276.4;5;276.4
1997-05-17;272.2;5;272.2
1997-05-18;269.4;5;269.4
1997-05-19;259.6;5;259.6
1997-05-20;249.8;5;249.8
1997-05-21;266.6;5;266.6
1997-05-22;318.5;5;318.5
1997-05-23;282.0;5;282.0
1997-05-24;289.0;5;289.0
1997-05-25;291.8;5;291.8
1997-05-26;283.4;5;283.4
1997-05-27;349.6;5;349.6
1997-05-28;318.6;5;318.6
1997-05-29;333.3;5;333.3
1997-05-30;337.7;5;337.7
1997-05-31;339.2;5;339.2
1997-06-01;358.6;6;358.6
1997-06-02;334.8;6;334.8
1997-06-03;328.8;6;328.8
1997-06-04;340.7;6;340.7
1997-06-05;330.3;6;330.3
1997-06-06;417.8;6;417.8
1997-06-07;379.8;6;379.8
1997-06-08;358.6;6;358.6
1997-06-09;416.3;6;416.3
1997-06-10;373.8;6;373.8
1997-06-11;351.0;6;351.0
1997-06-12;430.8;6;430.8
1997-06-13;478.0;6;478.0
1997-06-14;431.8;6;431.8
1997-06-15;416.3;6;416.3
1997-06-16;500.4;6;500.4
1997-06-17;442.8;6;442.8
1997-06-18;416.3;6;416.3
1997-06-19;409.5;6;409.5
1997-06-20;411.8;6;411.8
1997-06-21;417.8;6;417.8
1997-06-22;408.7;6;408.7
1997-06-23;401.1;6;401.1
1997-06-24;401.1;6;401.1
1997-06-25;393.5;6;393.5
1997-06-26;408.7;6;408.7
1997-06-27;414.8;6;414.8
1997-06-28;508.6;6;508.6
1997-06-29;547.8;6;547.8
1997-06-30;510.1;6;510.1
1997-07-01;478.0;7;478.0
1997-07-02;460.4;7;460.4
1997-07-03;485.2;7;485.2
1997-07-04;471.6;7;471.6
1997-07-05;466.8;7;466.8
1997-07-06;458.8;7;458.8
1997-07-07;444.4;7;444.4
1997-07-08;454.0;7;454.0
1997-07-09;470.0;7;470.0
1997-07-10;516.6;7;516.6
1997-07-11;511.7;7;511.7
1997-07-12;502.0;7;502.0
1997-07-13;495.6;7;495.6
1997-07-14;482.8;7;482.8
1997-07-15;471.6;7;471.6
1997-07-16;460.4;7;460.4
1997-07-17;465.2;7;465.2
1997-07-18;479.6;7;479.6
1997-07-19;482.8;7;482.8
1997-07-20;479.6;7;479.6
1997-07-21;460.4;7;460.4
1997-07-22;441.2;7;441.2
1997-07-23;470.0;7;470.0
1997-07-24;487.6;7;487.6
1997-07-25;456.4;7;456.4
1997-07-26;423.9;7;423.9
1997-07-27;422.4;7;422.4
1997-07-28;422.4;7;422.4
1997-07-29;411.8;7;411.8
1997-07-30;486.0;7;486.0
1997-07-31;450.8;7;450.8
1997-08-01;468.4;8;468.4
1997-08-02;449.2;8;449.2
1997-08-03;419.4;8;419.4
1997-08-04;407.2;8;407.2
1997-08-05;455.6;8;455.6
1997-08-06;427.0;8;427.0
1997-08-07;399.6;8;399.6
1997-08-08;392.0;8;392.0
1997-08-09;416.3;8;416.3
1997-08-10;382.9;8;382.9
1997-08-11;387.4;8;387.4
1997-08-12;375.3;8;375.3
1997-08-13;389.0;8;389.0
1997-08-14;375.3;8;375.3
1997-08-15;408.7;8;408.7
1997-08-16;403.4;8;403.4
1997-08-17;407.2;8;407.2
1997-08-18;392.0;8;392.0
1997-08-19;376.8;8;376.8
1997-08-20;378.3;8;378.3
1997-08-21;410.2;8;410.2
1997-08-22;430.2;8;430.2
1997-08-23;402.6;8;402.6
1997-08-24;410.2;8;410.2
1997-08-25;398.1;8;398.1
1997-08-26;382.9;8;382.9
1997-08-27;364.6;8;364.6
1997-08-28;387.5;8;387.5
1997-08-29;523.1;8;523.1
1997-08-30;479.6;8;479.6
1997-08-31;431.7;8;431.7
1997-09-01;395.0;9;395.0
1997-09-02;353.5;9;353.5
1997-09-03;337.7;9;337.7
1997-09-04;334.8;9;334.8
1997-09-05;403.4;9;403.4
1997-09-06;366.2;9;366.2
1997-09-07;339.2;9;339.2
1997-09-08;337.7;9;337.7
1997-09-09;389.0;9;389.0
1997-09-10;367.7;9;367.7
1997-09-11;372.2;9;372.2
1997-09-12;382.9;9;382.9
1997-09-13;370.7;9;370.7
1997-09-14;364.6;9;364.6
1997-09-15;392.0;9;392.0
1997-09-16;352.6;9;352.6
1997-09-17;346.6;9;346.6
1997-09-18;340.7;9;340.7
1997-09-19;343.6;9;343.6
1997-09-20;340.7;9;340.7
1997-09-21;390.5;9;390.5
1997-09-22;379.8;9;379.8
1997-09-23;369.2;9;369.2
1997-09-24;358.6;9;358.6
1997-09-25;358.6;9;358.6
1997-09-26;367.7;9;367.7
1997-09-27;358.6;9;358.6
1997-09-28;352.5;9;352.5
1997-09-29;357.0;9;357.0
1997-09-30;352.6;9;352.6
1997-10-01;402.6;10;402.6
1997-10-02;382.9;10;382.9
1997-10-03;372.2;10;372.2
1997-10-04;408.7;10;408.7
1997-10-05;438.1;10;438.1
1997-10-06;523.1;10;523.1
1997-10-07;534.6;10;534.6
1997-10-08;513.4;10;513.4
1997-10-09;465.2;10;465.2
1997-10-10;447.6;10;447.6
1997-10-11;458.0;10;458.0
1997-10-12;486.0;10;486.0
1997-10-13;468.4;10;468.4
1997-10-14;470.8;10;470.8
1997-10-15;479.6;10;479.6
1997-10-16;471.6;10;471.6
1997-10-17;454.0;10;454.0
1997-10-18;431.7;10;431.7
1997-10-19;420.9;10;420.9
1997-10-20;402.6;10;402.6
1997-10-21;387.4;10;387.4
1997-10-22;376.8;10;376.8
1997-10-23;404.2;10;404.2
1997-10-24;428.6;10;428.6
1997-10-25;387.4;10;387.4
1997-10-26;376.8;10;376.8
1997-10-27;372.2;10;372.2
1997-10-28;358.6;10;358.6
1997-10-29;373.8;10;373.8
1997-10-30;387.4;10;387.4
1997-10-31;370.7;10;370.7
1997-11-01;357.0;11;357.0
1997-11-02;339.2;11;339.2
1997-11-03;343.6;11;343.6
1997-11-04;363.9;11;363.9
1997-11-05;367.7;11;367.7
1997-11-06;351.0;11;351.0
1997-11-07;376.8;11;376.8
1997-11-08;427.0;11;427.0
1997-11-09;468.4;11;468.4
1997-11-10;460.4;11;460.4
1997-11-11;476.4;11;476.4
1997-11-12;487.6;11;487.6
1997-11-13;481.2;11;481.2
1997-11-14;481.2;11;481.2
1997-11-15;455.6;11;455.6
1997-11-16;441.2;11;441.2
1997-11-17;425.5;11;425.5
1997-11-18;414.8;11;414.8
1997-11-19;395.0;11;395.0
1997-11-20;390.5;11;390.5
1997-11-21;411.8;11;411.8
1997-11-22;402.6;11;402.6
1997-11-23;417.8;11;417.8
1997-11-24;393.5;11;393.5
1997-11-25;391.2;11;391.2
1997-11-26;345.1;11;345.1
1997-11-27;337.7;11;337.7
1997-11-28;330.3;11;330.3
1997-11-29;336.2;11;336.2
1997-11-30;317.2;11;317.2
1997-12-01;313.5;12;313.5
1997-12-02;314.4;12;314.4
1997-12-03;358.6;12;358.6
1997-12-04;358.6;12;358.6
1997-12-05;361.6;12;361.6
1997-12-06;346.8;12;346.8
1997-12-07;322.9;12;322.9
1997-12-08;304.4;12;304.4
1997-12-09;283.4;12;283.4
1997-12-10;270.8;12;270.8
1997-12-11;262.4;12;262.4
1997-12-12;252.6;12;252.6
1997-12-13;242.9;12;242.9
1997-12-14;234.1;12;234.1
1997-12-15;227.3;12;227.3
1997-12-16;211.7;12;211.7
1997-12-17;215.8;12;215.8
1997-12-18;223.9;12;223.9
1997-12-19;209.2;12;209.2
1997-12-20;206.6;12;206.6
1997-12-21;210.4;12;210.4
1997-12-22;204.0;12;204.0
1997-12-23;220.4;12;220.4
1997-12-24;244.3;12;244.3
1997-12-25;210.5;12;210.5
1997-12-26;182.3;12;182.3
1997-12-27;169.5;12;169.5
1997-12-28;159.9;12;159.9
1997-12-29;149.0;12;149.0
1997-12-30;140.3;12;140.3
1997-12-31;134.1;12;134.1
1998-01-01;131.6;1;131.6
1998-01-02;135.4;1;135.4
1998-01-03;130.4;1;130.4
1998-01-04;126.7;1;126.7
1998-01-05;121.7;1;121.7
1998-01-06;112.0;1;112.0
1998-01-07;102.4;1;102.4
1998-01-08;106.0;1;106.0
1998-01-09;102.4;1;102.4
1998-01-10;98.8;1;98.8
1998-01-11;89.2;1;89.2
1998-01-12;86.84;1;86.84
1998-01-13;82.2;1;82.2
1998-01-14;81.62;1;81.62
1998-01-15;109.7;1;109.7
1998-01-16;102.4;1;102.4
1998-01-17;88.0;1;88.0
1998-01-18;86.84;1;86.84
1998-01-19;89.2;1;89.2
1998-01-20;100.0;1;100.0
1998-01-21;85.68;1;85.68
1998-01-22;79.88;1;79.88
1998-01-23;80.46;1;80.46
1998-01-24;78.72;1;78.72
1998-01-25;71.18;1;71.18
1998-01-26;65.96;1;65.96
1998-01-27;65.38;1;65.38
1998-01-28;62.48;1;62.48
1998-01-29;62.48;1;62.48
1998-01-30;61.9;1;61.9
1998-01-31;60.16;1;60.16
1998-02-01;63.06;2;63.06
1998-02-02;63.64;2;63.64
1998-02-03;65.96;2;65.96
1998-02-04;60.74;2;60.74
1998-02-05;63.06;2;63.06
1998-02-06;53.4;2;53.4
1998-02-07;61.34;2;61.34
1998-02-08;90.44;2;90.44
1998-02-09;86.84;2;86.84
1998-02-10;173.1;2;173.1
1998-02-11;265.2;2;265.2
1998-02-12;251.3;2;251.3
1998-02-13;195.1;2;195.1
1998-02-14;173.3;2;173.3
1998-02-15;149.1;2;149.1
1998-02-16;120.5;2;120.5
1998-02-17;103.6;2;103.6
1998-02-18;100.0;2;100.0
1998-02-19;91.6;2;91.6
1998-02-20;83.36;2;83.36
1998-02-21;76.98;2;76.98
1998-02-22;79.3;2;79.3
1998-02-23;65.96;2;65.96
1998-02-24;63.64;2;63.64
1998-02-25;61.32;2;61.32
1998-02-26;59.58;2;59.58
1998-02-27;57.88;2;57.88
1998-02-28;59.02;2;59.02
1998-03-01;59.58;3;59.58
1998-03-02;59.02;3;59.02
1998-03-03;57.32;3;57.32
1998-03-04;54.52;3;54.52
1998-03-05;52.28;3;52.28
1998-03-06;53.4;3;53.4
1998-03-07;61.34;3;61.34
1998-03-08;117.1;3;117.1
1998-03-09;104.8;3;104.8
1998-03-10;76.4;3;76.4
1998-03-11;72.92;3;72.92
1998-03-12;83.56;3;83.56
1998-03-13;108.4;3;108.4
1998-03-14;90.4;3;90.4
1998-03-15;85.72;3;85.72
1998-03-16;67.12;3;67.12
1998-03-17;62.48;3;62.48
1998-03-18;63.64;3;63.64
1998-03-19;59.02;3;59.02
1998-03-20;67.12;3;67.12
1998-03-21;64.8;3;64.8
1998-03-22;62.5;3;62.5
1998-03-23;59.02;3;59.02
1998-03-24;50.6;3;50.6
1998-03-25;50.04;3;50.04
1998-03-26;60.22;3;60.22
1998-03-27;70.6;3;70.6
1998-03-28;57.94;3;57.94
1998-03-29;57.9;3;57.9
1998-03-30;61.34;3;61.34
1998-03-31;79.3;3;79.3
1998-04-01;74.08;4;74.08
1998-04-02;63.64;4;63.64
1998-04-03;56.76;4;56.76
1998-04-04;52.84;4;52.84
1998-04-05;51.16;4;51.16
1998-04-06;47.8;4;47.8
1998-04-07;42.2;4;42.2
1998-04-08;52.28;4;52.28
1998-04-09;56.76;4;56.76
1998-04-10;55.08;4;55.08
1998-04-11;61.32;4;61.32
1998-04-12;67.12;4;67.12
1998-04-13;87.0;4;87.0
1998-04-14;136.6;4;136.6
1998-04-15;135.4;4;135.4
1998-04-16;166.9;4;166.9
1998-04-17;204.0;4;204.0
1998-04-18;221.8;4;221.8
1998-04-19;255.4;4;255.4
1998-04-20;237.5;4;237.5
1998-04-21;241.6;4;241.6
1998-04-22;245.6;4;245.6
1998-04-23;184.8;4;184.8
1998-04-24;179.7;4;179.7
1998-04-25;249.5;4;249.5
1998-04-26;282.7;4;282.7
1998-04-27;297.4;4;297.4
1998-04-28;293.2;4;293.2
1998-04-29;290.4;4;290.4
1998-04-30;286.2;4;286.2
1998-05-01;276.4;5;276.4
1998-05-02;245.8;5;245.8
1998-05-03;219.8;5;219.8
1998-05-04;254.0;5;254.0
1998-05-05;352.7;5;352.7
1998-05-06;389.0;5;389.0
1998-05-07;376.0;5;376.0
1998-05-08;324.4;5;324.4
1998-05-09;301.6;5;301.6
1998-05-10;272.2;5;272.2
1998-05-11;254.0;5;254.0
1998-05-12;247.0;5;247.0
1998-05-13;254.0;5;254.0
1998-05-14;269.4;5;269.4
1998-05-15;272.2;5;272.2
1998-05-16;297.4;5;297.4
1998-05-17;334.8;5;334.8
1998-05-18;331.8;5;331.8
1998-05-19;349.6;5;349.6
1998-05-20;328.8;5;328.8
1998-05-21;389.0;5;389.0
1998-05-22;358.6;5;358.6
1998-05-23;385.9;5;385.9
1998-05-24;392.0;5;392.0
1998-05-25;376.0;5;376.0
1998-05-26;402.7;5;402.7
1998-05-27;526.4;5;526.4
1998-05-28;538.7;5;538.7
1998-05-29;503.6;5;503.6
1998-05-30;465.2;5;465.2
1998-05-31;463.6;5;463.6
1998-06-01;442.8;6;442.8
1998-06-02;446.0;6;446.0
1998-06-03;481.2;6;481.2
1998-06-04;454.0;6;454.0
1998-06-05;439.6;6;439.6
1998-06-06;446.0;6;446.0
1998-06-07;452.4;6;452.4
1998-06-08;466.8;6;466.8
1998-06-09;490.0;6;490.0
1998-06-10;536.2;6;536.2
1998-06-11;576.8;6;576.8
1998-06-12;575.1;6;575.1
1998-06-13;542.8;6;542.8
1998-06-14;528.0;6;528.0
1998-06-15;529.7;6;529.7
1998-06-16;539.5;6;539.5
1998-06-17;554.4;6;554.4
1998-06-18;547.7;6;547.7
1998-06-19;551.0;6;551.0
1998-06-20;551.0;6;551.0
1998-06-21;546.1;6;546.1
1998-06-22;544.4;6;544.4
1998-06-23;557.9;6;557.9
1998-06-24;568.2;6;568.2
1998-06-25;590.6;6;590.6
1998-06-26;603.5;6;603.5
1998-06-27;607.8;6;607.8
1998-06-28;612.9;6;612.9
1998-06-29;619.8;6;619.8
1998-06-30;631.8;6;631.8
1998-07-01;650.2;7;650.2
1998-07-02;659.9;7;659.9
1998-07-03;665.2;7;665.2
1998-07-04;674.8;7;674.8
1998-07-05;681.9;7;681.9
1998-07-06;684.6;7;684.6
1998-07-07;686.4;7;686.4
1998-07-08;688.2;7;688.2
1998-07-09;689.1;7;689.1
1998-07-10;690.9;7;690.9
1998-07-11;696.3;7;696.3
1998-07-12;699.0;7;699.0
1998-07-13;708.0;7;708.0
1998-07-14;706.2;7;706.2
1998-07-15;709.8;7;709.8
1998-07-16;707.1;7;707.1
1998-07-17;706.2;7;706.2
1998-07-18;707.1;7;707.1
1998-07-19;705.3;7;705.3
1998-07-20;702.6;7;702.6
1998-07-21;706.2;7;706.2
1998-07-22;699.9;7;699.9
1998-07-23;700.8;7;700.8
1998-07-24;700.8;7;700.8
1998-07-25;699.9;7;699.9
1998-07-26;704.4;7;704.4
1998-07-27;708.0;7;708.0
1998-07-28;704.4;7;704.4
1998-07-29;684.6;7;684.6
1998-07-30;675.7;7;675.7
1998-07-31;679.3;7;679.3
1998-08-01;677.5;8;677.5
1998-08-02;688.2;8;688.2
1998-08-03;704.4;8;704.4
1998-08-04;703.5;8;703.5
1998-08-05;700.8;8;700.8
1998-08-06;691.8;8;691.8
1998-08-07;694.5;8;694.5
1998-08-08;688.2;8;688.2
1998-08-09;675.7;8;675.7
1998-08-10;654.6;8;654.6
1998-08-11;640.5;8;640.5
1998-08-12;629.3;8;629.3
1998-08-13;619.8;8;619.8
1998-08-14;625.0;8;625.0
1998-08-15;631.0;8;631.0
1998-08-16;633.6;8;633.6
1998-08-17;623.2;8;623.2
1998-08-18;626.7;8;626.7
1998-08-19;638.8;8;638.8
1998-08-20;642.3;8;642.3
1998-08-21;637.0;8;637.0
1998-08-22;633.6;8;633.6
1998-08-23;645.8;8;645.8
1998-08-24;661.6;8;661.6
1998-08-25;670.4;8;670.4
1998-08-26;670.4;8;670.4
1998-08-27;690.0;8;690.0
1998-08-28;693.6;8;693.6
1998-08-29;682.8;8;682.8
1998-08-30;670.4;8;670.4
1998-08-31;663.4;8;663.4
1998-09-01;661.6;9;661.6
1998-09-02;659.9;9;659.9
1998-09-03;658.1;9;658.1
1998-09-04;652.8;9;652.8
1998-09-05;666.9;9;666.9
1998-09-06;671.3;9;671.3
1998-09-07;672.2;9;672.2
1998-09-08;660.8;9;660.8
1998-09-09;652.8;9;652.8
1998-09-10;640.5;9;640.5
1998-09-11;636.1;9;636.1
1998-09-12;645.8;9;645.8
1998-09-13;630.1;9;630.1
1998-09-14;615.5;9;615.5
1998-09-15;606.9;9;606.9
1998-09-16;595.7;9;595.7
1998-09-17;589.7;9;589.7
1998-09-18;602.6;9;602.6
1998-09-19;582.0;9;582.0
1998-09-20;561.3;9;561.3
1998-09-21;554.4;9;554.4
1998-09-22;582.8;9;582.8
1998-09-23;595.7;9;595.7
1998-09-24;585.4;9;585.4
1998-09-25;583.7;9;583.7
1998-09-26;588.8;9;588.8
1998-09-27;594.9;9;594.9
1998-09-28;594.0;9;594.0
1998-09-29;608.6;9;608.6
1998-09-30;595.7;9;595.7
1998-10-01;578.5;10;578.5
1998-10-02;554.5;10;554.5
1998-10-03;547.7;10;547.7
1998-10-04;569.1;10;569.1
1998-10-05;567.3;10;567.3
1998-10-06;564.8;10;564.8
1998-10-07;575.1;10;575.1
1998-10-08;578.5;10;578.5
1998-10-09;582.0;10;582.0
1998-10-10;581.1;10;581.1
1998-10-11;573.4;10;573.4
1998-10-12;599.2;10;599.2
1998-10-13;588.8;10;588.8
1998-10-14;567.3;10;567.3
1998-10-15;561.3;10;561.3
1998-10-16;551.0;10;551.0
1998-10-17;529.7;10;529.7
1998-10-18;526.4;10;526.4
1998-10-19;524.8;10;524.8
1998-10-20;537.9;10;537.9
1998-10-21;573.4;10;573.4
1998-10-22;587.1;10;587.1
1998-10-23;578.5;10;578.5
1998-10-24;566.5;10;566.5
1998-10-25;544.4;10;544.4
1998-10-26;518.2;10;518.2
1998-10-27;496.4;10;496.4
1998-10-28;490.8;10;490.8
1998-10-29;474.8;10;474.8
1998-10-30;470.8;10;470.8
1998-10-31;484.4;10;484.4
1998-11-01;526.4;11;526.4
1998-11-02;568.2;11;568.2
1998-11-03;576.8;11;576.8
1998-11-04;557.9;11;557.9
1998-11-05;557.9;11;557.9
1998-11-06;549.4;11;549.4
1998-11-07;537.9;11;537.9
1998-11-08;528.0;11;528.0
1998-11-09;536.2;11;536.2
1998-11-10;524.8;11;524.8
1998-11-11;502.0;11;502.0
1998-11-12;519.8;11;519.8
1998-11-13;528.0;11;528.0
1998-11-14;529.7;11;529.7
1998-11-15;521.5;11;521.5
1998-11-16;513.3;11;513.3
1998-11-17;529.7;11;529.7
1998-11-18;550.2;11;550.2
1998-11-19;561.3;11;561.3
1998-11-20;554.5;11;554.5
1998-11-21;544.4;11;544.4
1998-11-22;547.7;11;547.7
1998-11-23;551.0;11;551.0
1998-11-24;561.3;11;561.3
1998-11-25;554.5;11;554.5
1998-11-26;534.6;11;534.6
1998-11-27;523.1;11;523.1
1998-11-28;506.0;11;506.0
1998-11-29;484.4;11;484.4
1998-11-30;457.2;11;457.2
1998-12-01;444.4;12;444.4
1998-12-02;438.8;12;438.8
1998-12-03;434.8;12;434.8
1998-12-04;436.4;12;436.4
1998-12-05;423.9;12;423.9
1998-12-06;414.8;12;414.8
1998-12-07;410.2;12;410.2
1998-12-08;418.6;12;418.6
1998-12-09;434.0;12;434.0
1998-12-10;417.8;12;417.8
1998-12-11;398.1;12;398.1
1998-12-12;402.6;12;402.6
1998-12-13;420.9;12;420.9
1998-12-14;470.0;12;470.0
1998-12-15;490.0;12;490.0
1998-12-16;482.8;12;482.8
1998-12-17;478.0;12;478.0
1998-12-18;495.6;12;495.6
1998-12-19;479.6;12;479.6
1998-12-20;481.2;12;481.2
1998-12-21;476.4;12;476.4
1998-12-22;468.4;12;468.4
1998-12-23;474.8;12;474.8
1998-12-24;458.8;12;458.8
1998-12-25;442.8;12;442.8
1998-12-26;410.2;12;410.2
1998-12-27;410.2;12;410.2
1998-12-28;426.2;12;426.2
1998-12-29;410.2;12;410.2
1998-12-30;420.1;12;420.1
1998-12-31;413.3;12;413.3
1999-01-01;363.2;1;363.2
1999-01-02;345.1;1;345.1
1999-01-03;334.6;1;334.6
1999-01-04;320.1;1;320.1
1999-01-05;305.3;1;305.3
1999-01-06;306.1;1;306.1
1999-01-07;295.3;1;295.3
1999-01-08;274.7;1;274.7
1999-01-09;254.7;1;254.7
1999-01-10;249.0;1;249.0
1999-01-11;249.0;1;249.0
1999-01-12;257.6;1;257.6
1999-01-13;316.8;1;316.8
1999-01-14;300.3;1;300.3
1999-01-15;266.2;1;266.2
1999-01-16;244.6;1;244.6
1999-01-17;215.1;1;215.1
1999-01-18;208.2;1;208.2
1999-01-19;202.6;1;202.6
1999-01-20;193.5;1;193.5
1999-01-21;184.6;1;184.6
1999-01-22;168.7;1;168.7
1999-01-23;183.3;1;183.3
1999-01-24;205.4;1;205.4
1999-01-25;217.2;1;217.2
1999-01-26;241.9;1;241.9
1999-01-27;267.7;1;267.7
1999-01-28;269.1;1;269.1
1999-01-29;261.9;1;261.9
1999-01-30;257.6;1;257.6
1999-01-31;245.4;1;245.4
1999-02-01;229.0;2;229.0
1999-02-02;204.0;2;204.0
1999-02-03;193.5;2;193.5
1999-02-04;194.2;2;194.2
1999-02-05;185.3;2;185.3
1999-02-06;163.4;2;163.4
1999-02-07;184.6;2;184.6
1999-02-08;223.5;2;223.5
1999-02-09;213.7;2;213.7
1999-02-10;183.3;2;183.3
1999-02-11;170.6;2;170.6
1999-02-12;192.6;2;192.6
1999-02-13;220.7;2;220.7
1999-02-14;209.6;2;209.6
1999-02-15;191.0;2;191.0
1999-02-16;215.1;2;215.1
1999-02-17;243.2;2;243.2
1999-02-18;254.7;2;254.7
1999-02-19;257.6;2;257.6
1999-02-20;258.3;2;258.3
1999-02-21;256.2;2;256.2
1999-02-22;259.0;2;259.0
1999-02-23;254.7;2;254.7
1999-02-24;249.0;2;249.0
1999-02-25;254.7;2;254.7
1999-02-26;302.0;2;302.0
1999-02-27;315.2;2;315.2
1999-02-28;313.6;2;313.6
1999-03-01;313.6;3;313.6
1999-03-02;316.8;3;316.8
1999-03-03;345.9;3;345.9
1999-03-04;339.5;3;339.5
1999-03-05;334.6;3;334.6
1999-03-06;337.0;3;337.0
1999-03-07;334.6;3;334.6
1999-03-08;326.5;3;326.5
1999-03-09;320.1;3;320.1
1999-03-10;312.7;3;312.7
1999-03-11;306.9;3;306.9
1999-03-12;302.8;3;302.8
1999-03-13;290.3;3;290.3
1999-03-14;254.7;3;254.7
1999-03-15;222.1;3;222.1
1999-03-16;224.2;3;224.2
1999-03-17;257.6;3;257.6
1999-03-18;270.7;3;270.7
1999-03-19;255.4;3;255.4
1999-03-20;236.0;3;236.0
1999-03-21;233.2;3;233.2
1999-03-22;231.9;3;231.9
1999-03-23;215.1;3;215.1
1999-03-24;223.5;3;223.5
1999-03-25;213.7;3;213.7
1999-03-26;213.7;3;213.7
1999-03-27;219.3;3;219.3
1999-03-28;208.2;3;208.2
1999-03-29;250.4;3;250.4
1999-03-30;275.3;3;275.3
1999-03-31;280.3;3;280.3
1999-04-01;280.3;4;280.3
1999-04-02;278.7;4;278.7
1999-04-03;273.8;4;273.8
1999-04-04;277.8;4;277.8
1999-04-05;302.0;4;302.0
1999-04-06;407.2;4;407.2
1999-04-07;339.5;4;339.5
1999-04-08;320.1;4;320.1
1999-04-09;321.7;4;321.7
1999-04-10;385.3;4;385.3
1999-04-11;430.8;4;430.8
1999-04-12;427.2;4;427.2
1999-04-13;445.3;4;445.3
1999-04-14;434.4;4;434.4
1999-04-15;438.1;4;438.1
1999-04-16;448.9;4;448.9
1999-04-17;441.7;4;441.7
1999-04-18;436.2;4;436.2
1999-04-19;466.8;4;466.8
1999-04-20;516.0;4;516.0
1999-04-21;528.0;4;528.0
1999-04-22;533.0;4;533.0
1999-04-23;532.0;4;532.0
1999-04-24;526.0;4;526.0
1999-04-25;521.0;4;521.0
1999-04-26;512.0;4;512.0
1999-04-27;486.6;4;486.6
1999-04-28;456.9;4;456.9
1999-04-29;445.3;4;445.3
1999-04-30;450.7;4;450.7
1999-05-01;459.6;5;459.6
1999-05-02;472.1;5;472.1
1999-05-03;498.0;5;498.0
1999-05-04;540.0;5;540.0
1999-05-05;556.0;5;556.0
1999-05-06;550.0;5;550.0
1999-05-07;548.0;5;548.0
1999-05-08;574.0;5;574.0
1999-05-09;554.0;5;554.0
1999-05-10;554.0;5;554.0
1999-05-11;556.0;5;556.0
1999-05-12;554.0;5;554.0
1999-05-13;548.0;5;548.0
1999-05-14;544.0;5;544.0
1999-05-15;548.0;5;548.0
1999-05-16;544.0;5;544.0
1999-05-17;548.0;5;548.0
1999-05-18;546.0;5;546.0
1999-05-19;544.0;5;544.0
1999-05-20;538.0;5;538.0
1999-05-21;536.0;5;536.0
1999-05-22;550.0;5;550.0
1999-05-23;552.0;5;552.0
1999-05-24;570.0;5;570.0
1999-05-25;583.0;5;583.0
1999-05-26;581.0;5;581.0
1999-05-27;580.0;5;580.0
1999-05-28;568.0;5;568.0
1999-05-29;566.0;5;566.0
1999-05-30;566.0;5;566.0
1999-05-31;565.0;5;565.0
1999-06-01;574.0;6;574.0
1999-06-02;568.0;6;568.0
1999-06-03;558.0;6;558.0
1999-06-04;544.0;6;544.0
1999-06-05;526.0;6;526.0
1999-06-06;518.0;6;518.0
1999-06-07;522.0;6;522.0
1999-06-08;546.0;6;546.0
1999-06-09;567.0;6;567.0
1999-06-10;580.0;6;580.0
1999-06-11;572.0;6;572.0
1999-06-12;578.0;6;578.0
1999-06-13;572.0;6;572.0
1999-06-14;571.0;6;571.0
1999-06-15;572.0;6;572.0
1999-06-16;560.0;6;560.0
1999-06-17;552.0;6;552.0
1999-06-18;542.0;6;542.0
1999-06-19;548.0;6;548.0
1999-06-20;548.0;6;548.0
1999-06-21;540.0;6;540.0
1999-06-22;554.0;6;554.0
1999-06-23;554.0;6;554.0
1999-06-24;578.0;6;578.0
1999-06-25;584.0;6;584.0
1999-06-26;601.0;6;601.0
1999-06-27;605.4;6;605.4
1999-06-28;612.0;6;612.0
1999-06-29;620.8;6;620.8
1999-06-30;629.6;6;629.6
1999-07-01;628.5;7;628.5
1999-07-02;636.2;7;636.2
1999-07-03;645.0;7;645.0
1999-07-04;646.1;7;646.1
1999-07-05;642.8;7;642.8
1999-07-06;640.6;7;640.6
1999-07-07;643.9;7;643.9
1999-07-08;645.0;7;645.0
1999-07-09;645.0;7;645.0
1999-07-10;667.0;7;667.0
1999-07-11;673.6;7;673.6
1999-07-12;662.6;7;662.6
1999-07-13;669.2;7;669.2
1999-07-14;667.0;7;667.0
1999-07-15;664.8;7;664.8
1999-07-16;668.1;7;668.1
1999-07-17;667.0;7;667.0
1999-07-18;653.8;7;653.8
1999-07-19;636.2;7;636.2
1999-07-20;631.8;7;631.8
1999-07-21;625.2;7;625.2
1999-07-22;620.8;7;620.8
1999-07-23;610.9;7;610.9
1999-07-24;612.0;7;612.0
1999-07-25;609.8;7;609.8
1999-07-26;610.9;7;610.9
1999-07-27;607.6;7;607.6
1999-07-28;612.0;7;612.0
1999-07-29;621.9;7;621.9
1999-07-30;631.8;7;631.8
1999-07-31;651.6;7;651.6
1999-08-01;675.8;8;675.8
1999-08-02;680.2;8;680.2
1999-08-03;686.8;8;686.8
1999-08-04;697.8;8;697.8
1999-08-05;702.1;8;702.1
1999-08-06;710.7;8;710.7
1999-08-07;719.3;8;719.3
1999-08-08;724.7;8;724.7
1999-08-09;734.4;8;734.4
1999-08-10;735.4;8;735.4
1999-08-11;733.3;8;733.3
1999-08-12;737.6;8;737.6
1999-08-13;749.4;8;749.4
1999-08-14;755.8;8;755.8
1999-08-15;758.8;8;758.8
1999-08-16;759.9;8;759.9
1999-08-17;759.9;8;759.9
1999-08-18;758.8;8;758.8
1999-08-19;755.8;8;755.8
1999-08-20;753.7;8;753.7
1999-08-21;755.8;8;755.8
1999-08-22;759.9;8;759.9
1999-08-23;759.9;8;759.9
1999-08-24;754.7;8;754.7
1999-08-25;751.6;8;751.6
1999-08-26;746.2;8;746.2
1999-08-27;751.6;8;751.6
1999-08-28;751.6;8;751.6
1999-08-29;751.6;8;751.6
1999-08-30;754.7;8;754.7
1999-08-31;761.9;8;761.9
1999-09-01;764.0;9;764.0
1999-09-02;768.1;9;768.1
1999-09-03;774.2;9;774.2
1999-09-04;776.3;9;776.3
1999-09-05;777.3;9;777.3
1999-09-06;784.5;9;784.5
1999-09-07;779.3;9;779.3
1999-09-08;776.3;9;776.3
1999-09-09;774.2;9;774.2
1999-09-10;768.1;9;768.1
1999-09-11;764.0;9;764.0
1999-09-12;759.9;9;759.9
1999-09-13;764.0;9;764.0
1999-09-14;764.0;9;764.0
1999-09-15;751.5;9;751.5
1999-09-16;747.3;9;747.3
1999-09-17;751.6;9;751.6
1999-09-18;748.3;9;748.3
1999-09-19;751.6;9;751.6
1999-09-20;754.7;9;754.7
1999-09-21;755.8;9;755.8
1999-09-22;759.9;9;759.9
1999-09-23;755.8;9;755.8
1999-09-24;755.8;9;755.8
1999-09-25;747.3;9;747.3
1999-09-26;747.3;9;747.3
1999-09-27;751.6;9;751.6
1999-09-28;754.7;9;754.7
1999-09-29;761.9;9;761.9
1999-09-30;774.2;9;774.2
1999-10-01;776.3;10;776.3
1999-10-02;777.3;10;777.3
1999-10-03;776.3;10;776.3
1999-10-04;776.3;10;776.3
1999-10-05;775.2;10;775.2
1999-10-06;774.2;10;774.2
1999-10-07;776.3;10;776.3
1999-10-08;782.4;10;782.4
1999-10-09;780.4;10;780.4
1999-10-10;778.3;10;778.3
1999-10-11;771.1;10;771.1
1999-10-12;768.1;10;768.1
1999-10-13;769.1;10;769.1
1999-10-14;762.9;10;762.9
1999-10-15;759.9;10;759.9
1999-10-16;758.8;10;758.8
1999-10-17;755.8;10;755.8
1999-10-18;766.0;10;766.0
1999-10-19;768.1;10;768.1
1999-10-20;762.9;10;762.9
1999-10-21;759.9;10;759.9
1999-10-22;766.0;10;766.0
1999-10-23;772.2;10;772.2
1999-10-24;769.1;10;769.1
1999-10-25;778.3;10;778.3
1999-10-26;780.4;10;780.4
1999-10-27;784.5;10;784.5
1999-10-28;788.6;10;788.6
1999-10-29;794.7;10;794.7
1999-10-30;800.9;10;800.9
1999-10-31;800.9;10;800.9
1999-11-01;796.8;11;796.8
1999-11-02;793.7;11;793.7
1999-11-03;790.6;11;790.6
1999-11-04;787.6;11;787.6
1999-11-05;783.5;11;783.5
1999-11-06;776.3;11;776.3
1999-11-07;770.1;11;770.1
1999-11-08;766.0;11;766.0
1999-11-09;760.9;11;760.9
1999-11-10;749.4;11;749.4
1999-11-11;736.5;11;736.5
1999-11-12;723.6;11;723.6
1999-11-13;715.0;11;715.0
1999-11-14;712.9;11;712.9
1999-11-15;710.7;11;710.7
1999-11-16;702.1;11;702.1
1999-11-17;689.0;11;689.0
1999-11-18;669.2;11;669.2
1999-11-19;612.0;11;612.0
1999-11-20;552.0;11;552.0
1999-11-21;532.0;11;532.0
1999-11-22;521.0;11;521.0
1999-11-23;498.0;11;498.0
1999-11-24;484.6;11;484.6
1999-11-25;502.0;11;502.0
1999-11-26;518.0;11;518.0
1999-11-27;498.0;11;498.0
1999-11-28;463.2;11;463.2
1999-11-29;429.0;11;429.0
1999-11-30;419.9;11;419.9
1999-12-01;404.5;12;404.5
1999-12-02;390.8;12;390.8
1999-12-03;394.5;12;394.5
1999-12-04;410.9;12;410.9
1999-12-05;370.6;12;370.6
1999-12-06;360.4;12;360.4
1999-12-07;350.8;12;350.8
1999-12-08;356.2;12;356.2
1999-12-09;390.8;12;390.8
1999-12-10;357.8;12;357.8
1999-12-11;345.9;12;345.9
1999-12-12;326.5;12;326.5
1999-12-13;302.0;12;302.0
1999-12-14;293.6;12;293.6
1999-12-15;293.6;12;293.6
1999-12-16;297.8;12;297.8
1999-12-17;302.0;12;302.0
1999-12-18;302.0;12;302.0
1999-12-19;285.3;12;285.3
1999-12-20;267.7;12;267.7
1999-12-21;260.5;12;260.5
1999-12-22;261.2;12;261.2
1999-12-23;263.4;12;263.4
1999-12-24;297.0;12;297.0
1999-12-25;266.2;12;266.2
1999-12-26;266.2;12;266.2
1999-12-27;290.3;12;290.3
1999-12-28;315.2;12;315.2
1999-12-29;313.5;12;313.5
1999-12-30;350.9;12;350.9
1999-12-31;368.7;12;368.7
2000-01-01;357.8;1;357.8
2000-01-02;350.8;1;350.8
2000-01-03;347.5;1;347.5
2000-01-04;339.5;1;339.5
2000-01-05;310.2;1;310.2
2000-01-06;285.3;1;285.3
2000-01-07;242.5;1;242.5
2000-01-08;205.4;1;205.4
2000-01-09;193.5;1;193.5
2000-01-10;185.9;1;185.9
2000-01-11;180.8;1;180.8
2000-01-12;175.7;1;175.7
2000-01-13;170.6;1;170.6
2000-01-14;167.0;1;167.0
2000-01-15;163.4;1;163.4
2000-01-16;158.8;1;158.8
2000-01-17;154.1;1;154.1
2000-01-18;148.2;1;148.2
2000-01-19;142.9;1;142.9
2000-01-20;143.5;1;143.5
2000-01-21;141.2;1;141.2
2000-01-22;130.4;1;130.4
2000-01-23;122.0;1;122.0
2000-01-24;114.8;1;114.8
2000-01-25;108.7;1;108.7
2000-01-26;108.2;1;108.2
2000-01-27;105.2;1;105.2
2000-01-28;100.3;1;100.3
2000-01-29;96.8;1;96.8
2000-01-30;93.28;1;93.28
2000-01-31;90.64;1;90.64
2000-02-01;89.76;2;89.76
2000-02-02;93.28;2;93.28
2000-02-03;86.44;2;86.44
2000-02-04;87.27;2;87.27
2000-02-05;81.76;2;81.76
2000-02-06;77.08;2;77.08
2000-02-07;78.64;2;78.64
2000-02-08;80.98;2;80.98
2000-02-09;94.21;2;94.21
2000-02-10;122.0;2;122.0
2000-02-11;158.8;2;158.8
2000-02-12;162.3;2;162.3
2000-02-13;141.1;2;141.1
2000-02-14;95.04;2;95.04
2000-02-15;83.32;2;83.32
2000-02-16;125.9;2;125.9
2000-02-17;154.1;2;154.1
2000-02-18;157.6;2;157.6
2000-02-19;163.4;2;163.4
2000-02-20;159.9;2;159.9
2000-02-21;157.6;2;157.6
2000-02-22;157.6;2;157.6
2000-02-23;159.9;2;159.9
2000-02-24;178.2;2;178.2
2000-02-25;166.4;2;166.4
2000-02-26;164.0;2;164.0
2000-02-27;197.9;2;197.9
2000-02-28;293.6;2;293.6
2000-02-29;324.9;2;324.9
2000-03-01;331.4;3;331.4
2000-03-02;329.8;3;329.8
2000-03-03;331.4;3;331.4
2000-03-04;339.5;3;339.5
2000-03-05;337.8;3;337.8
2000-03-06;336.2;3;336.2
2000-03-07;323.3;3;323.3
2000-03-08;285.3;3;285.3
2000-03-09;241.8;3;241.8
2000-03-10;231.1;3;231.1
2000-03-11;272.6;3;272.6
2000-03-12;277.0;3;277.0
2000-03-13;253.3;3;253.3
2000-03-14;227.6;3;227.6
2000-03-15;201.3;3;201.3
2000-03-16;196.1;3;196.1
2000-03-17;198.6;3;198.6
2000-03-18;193.5;3;193.5
2000-03-19;191.0;3;191.0
2000-03-20;185.9;3;185.9
2000-03-21;174.4;3;174.4
2000-03-22;158.8;3;158.8
2000-03-23;152.3;3;152.3
2000-03-24;147.0;3;147.0
2000-03-25;147.0;3;147.0
2000-03-26;150.5;3;150.5
2000-03-27;164.7;3;164.7
2000-03-28;205.4;3;205.4
2000-03-29;216.5;3;216.5
2000-03-30;212.3;3;212.3
2000-03-31;170.1;3;170.1
2000-04-01;150.5;4;150.5
2000-04-02;144.7;4;144.7
2000-04-03;203.2;4;203.2
2000-04-04;217.9;4;217.9
2000-04-05;210.9;4;210.9
2000-04-06;212.3;4;212.3
2000-04-07;228.3;4;228.3
2000-04-08;229.0;4;229.0
2000-04-09;233.9;4;233.9
2000-04-10;238.9;4;238.9
2000-04-11;229.0;4;229.0
2000-04-12;199.2;4;199.2
2000-04-13;147.0;4;147.0
2000-04-14;144.7;4;144.7
2000-04-15;155.2;4;155.2
2000-04-16;215.1;4;215.1
2000-04-17;215.1;4;215.1
2000-04-18;208.2;4;208.2
2000-04-19;219.3;4;219.3
2000-04-20;283.6;4;283.6
2000-04-21;285.3;4;285.3
2000-04-22;237.5;4;237.5
2000-04-23;229.0;4;229.0
2000-04-24;261.9;4;261.9
2000-04-25;260.5;4;260.5
2000-04-26;247.5;4;247.5
2000-04-27;236.7;4;236.7
2000-04-28;231.8;4;231.8
2000-04-29;236.7;4;236.7
2000-04-30;239.6;4;239.6
2000-05-01;234.7;5;234.7
2000-05-02;236.7;5;236.7
2000-05-03;240.3;5;240.3
2000-05-04;243.9;5;243.9
2000-05-05;243.2;5;243.2
2000-05-06;240.3;5;240.3
2000-05-07;241.8;5;241.8
2000-05-08;243.2;5;243.2
2000-05-09;242.5;5;242.5
2000-05-10;244.6;5;244.6
2000-05-11;259.0;5;259.0
2000-05-12;324.9;5;324.9
2000-05-13;336.2;5;336.2
2000-05-14;329.8;5;329.8
2000-05-15;324.9;5;324.9
2000-05-16;344.3;5;344.3
2000-05-17;350.8;5;350.8
2000-05-18;354.1;5;354.1
2000-05-19;347.5;5;347.5
2000-05-20;357.7;5;357.7
2000-05-21;359.5;5;359.5
2000-05-22;368.7;5;368.7
2000-05-23;385.3;5;385.3
2000-05-24;407.2;5;407.2
2000-05-25;448.9;5;448.9
2000-05-26;409.0;5;409.0
2000-05-27;379.8;5;379.8
2000-05-28;372.4;5;372.4
2000-05-29;363.2;5;363.2
2000-05-30;363.2;5;363.2
2000-05-31;365.0;5;365.0
2000-06-01;400.0;6;400.0
2000-06-02;414.5;6;414.5
2000-06-03;409.1;6;409.1
2000-06-04;416.3;6;416.3
2000-06-05;405.4;6;405.4
2000-06-06;400.0;6;400.0
2000-06-07;383.4;6;383.4
2000-06-08;377.9;6;377.9
2000-06-09;372.4;6;372.4
2000-06-10;377.9;6;377.9
2000-06-11;357.8;6;357.8
2000-06-12;349.2;6;349.2
2000-06-13;339.5;6;339.5
2000-06-14;333.8;6;333.8
2000-06-15;337.8;6;337.8
2000-06-16;318.4;6;318.4
2000-06-17;334.6;6;334.6
2000-06-18;329.0;6;329.0
2000-06-19;316.8;6;316.8
2000-06-20;326.5;6;326.5
2000-06-21;334.6;6;334.6
2000-06-22;347.5;6;347.5
2000-06-23;354.6;6;354.6
2000-06-24;374.2;6;374.2
2000-06-25;383.4;6;383.4
2000-06-26;414.5;6;414.5
2000-06-27;430.8;6;430.8
2000-06-28;438.1;6;438.1
2000-06-29;429.0;6;429.0
2000-06-30;429.9;6;429.9
2000-07-01;-999.000;7;569.8
2000-07-02;-999.000;7;458.8
2000-07-03;-999.000;7;688.2
2000-07-04;-999.000;7;660.4
2000-07-05;-999.000;7;523.9
2000-07-06;-999.000;7;714.933
2000-07-07;-999.000;7;684.6
2000-07-08;-999.000;7;525.6
2000-07-09;-999.000;7;715.042
2000-07-10;-999.000;7;542.292
2000-07-11;-999.000;7;487.6
2000-07-12;-999.000;7;557.2
2000-07-13;-999.000;7;552.0
2000-07-14;-999.000;7;432.6
2000-07-15;492.0;7;492.0
2000-07-16;336.2;7;336.2
2000-07-17;487.3;7;487.3
2000-07-18;488.4;7;488.4
2000-07-19;462.3;7;462.3
2000-07-20;452.4;7;452.4
2000-07-21;441.7;7;441.7
2000-07-22;443.5;7;443.5
2000-07-23;465.0;7;465.0
2000-07-24;448.9;7;448.9
2000-07-25;438.1;7;438.1
2000-07-26;481.3;7;481.3
2000-07-27;507.0;7;507.0
2000-07-28;475.7;7;475.7
2000-07-29;478.4;7;478.4
2000-07-30;492.4;7;492.4
2000-07-31;526.0;7;526.0
2000-08-01;522.0;8;522.0
2000-08-02;523.0;8;523.0
2000-08-03;540.0;8;540.0
2000-08-04;544.0;8;544.0
2000-08-05;536.0;8;536.0
2000-08-06;536.0;8;536.0
2000-08-07;530.0;8;530.0
2000-08-08;529.0;8;529.0
2000-08-09;550.0;8;550.0
2000-08-10;557.0;8;557.0
2000-08-11;558.0;8;558.0
2000-08-12;557.0;8;557.0
2000-08-13;568.0;8;568.0
2000-08-14;584.0;8;584.0
2000-08-15;578.0;8;578.0
2000-08-16;574.0;8;574.0
2000-08-17;567.0;8;567.0
2000-08-18;558.0;8;558.0
2000-08-19;557.0;8;557.0
2000-08-20;551.0;8;551.0
2000-08-21;528.0;8;528.0
2000-08-22;497.1;8;497.1
2000-08-23;547.0;8;547.0
2000-08-24;533.0;8;533.0
2000-08-25;537.0;8;537.0
2000-08-26;556.0;8;556.0
2000-08-27;533.0;8;533.0
2000-08-28;553.0;8;553.0
2000-08-29;562.0;8;562.0
2000-08-30;536.0;8;536.0
2000-08-31;523.0;8;523.0
2000-09-01;522.0;9;522.0
2000-09-02;550.0;9;550.0
2000-09-03;569.0;9;569.0
2000-09-04;594.6;9;594.6
2000-09-05;605.4;9;605.4
2000-09-06;569.0;9;569.0
2000-09-07;548.0;9;548.0
2000-09-08;544.0;9;544.0
2000-09-09;596.6;9;596.6
2000-09-10;597.7;9;597.7
2000-09-11;584.0;9;584.0
2000-09-12;571.0;9;571.0
2000-09-13;550.0;9;550.0
2000-09-14;544.0;9;544.0
2000-09-15;537.0;9;537.0
2000-09-16;542.0;9;542.0
2000-09-17;569.0;9;569.0
2000-09-18;586.2;9;586.2
2000-09-19;567.0;9;567.0
2000-09-20;548.0;9;548.0
2000-09-21;530.0;9;530.0
2000-09-22;563.0;9;563.0
2000-09-23;548.0;9;548.0
2000-09-24;566.0;9;566.0
2000-09-25;579.0;9;579.0
2000-09-26;578.0;9;578.0
2000-09-27;588.2;9;588.2
2000-09-28;601.0;9;601.0
2000-09-29;591.3;9;591.3
2000-09-30;566.0;9;566.0
2000-10-01;540.0;10;540.0
2000-10-02;560.0;10;560.0
2000-10-03;573.0;10;573.0
2000-10-04;578.0;10;578.0
2000-10-05;563.0;10;563.0
2000-10-06;575.0;10;575.0
2000-10-07;570.0;10;570.0
2000-10-08;564.0;10;564.0
2000-10-09;546.0;10;546.0
2000-10-10;544.0;10;544.0
2000-10-11;560.0;10;560.0
2000-10-12;550.0;10;550.0
2000-10-13;538.0;10;538.0
2000-10-14;533.0;10;533.0
2000-10-15;500.0;10;500.0
2000-10-16;463.2;10;463.2
2000-10-17;480.2;10;480.2
2000-10-18;494.4;10;494.4
2000-10-19;532.0;10;532.0
2000-10-20;566.0;10;566.0
2000-10-21;594.6;10;594.6
2000-10-22;625.2;10;625.2
2000-10-23;614.2;10;614.2
2000-10-24;612.0;10;612.0
2000-10-25;598.8;10;598.8
2000-10-26;627.4;10;627.4
2000-10-27;612.0;10;612.0
2000-10-28;598.8;10;598.8
2000-10-29;599.9;10;599.9
2000-10-30;596.6;10;596.6
2000-10-31;582.0;10;582.0
2000-11-01;617.5;11;617.5
2000-11-02;621.9;11;621.9
2000-11-03;625.2;11;625.2
2000-11-04;629.6;11;629.6
2000-11-05;586.2;11;586.2
2000-11-06;548.0;11;548.0
2000-11-07;554.0;11;554.0
2000-11-08;550.0;11;550.0
2000-11-09;569.0;11;569.0
2000-11-10;562.0;11;562.0
2000-11-11;527.0;11;527.0
2000-11-12;496.0;11;496.0
2000-11-13;473.9;11;473.9
2000-11-14;473.9;11;473.9
2000-11-15;452.5;11;452.5
2000-11-16;479.5;11;479.5
2000-11-17;520.0;11;520.0
2000-11-18;493.1;11;493.1
2000-11-19;489.1;11;489.1
2000-11-20;496.0;11;496.0
2000-11-21;475.7;11;475.7
2000-11-22;465.0;11;465.0
2000-11-23;466.8;11;466.8
2000-11-24;448.8;11;448.8
2000-11-25;441.6;11;441.6
2000-11-26;496.0;11;496.0
2000-11-27;512.0;11;512.0
2000-11-28;432.6;11;432.6
2000-11-29;409.1;11;409.1
2000-11-30;390.8;11;390.8
2000-12-01;390.8;12;390.8
2000-12-02;388.0;12;388.0
2000-12-03;374.2;12;374.2
2000-12-04;366.0;12;366.0
2000-12-05;364.1;12;364.1
2000-12-06;365.0;12;365.0
2000-12-07;409.9;12;409.9
2000-12-08;495.2;12;495.2
2000-12-09;514.0;12;514.0
2000-12-10;524.0;12;524.0
2000-12-11;530.0;12;530.0
2000-12-12;515.0;12;515.0
2000-12-13;471.2;12;471.2
2000-12-14;450.7;12;450.7
2000-12-15;423.6;12;423.6
2000-12-16;393.5;12;393.5
2000-12-17;365.0;12;365.0
2000-12-18;374.2;12;374.2
2000-12-19;350.9;12;350.9
2000-12-20;337.8;12;337.8
2000-12-21;329.8;12;329.8
2000-12-22;324.9;12;324.9
2000-12-23;319.3;12;319.3
2000-12-24;315.2;12;315.2
2000-12-25;311.9;12;311.9
2000-12-26;308.6;12;308.6
2000-12-27;305.3;12;305.3
2000-12-28;303.6;12;303.6
2000-12-29;329.8;12;329.8
2000-12-30;308.6;12;308.6
2000-12-31;310.3;12;310.3
2001-01-01;308.6;1;308.6
2001-01-02;302.0;1;302.0
2001-01-03;292.0;1;292.0
2001-01-04;280.3;1;280.3
2001-01-05;276.2;1;276.2
2001-01-06;274.5;1;274.5
2001-01-07;273.7;1;273.7
2001-01-08;276.2;1;276.2
2001-01-09;276.2;1;276.2
2001-01-10;275.3;1;275.3
2001-01-11;270.6;1;270.6
2001-01-12;264.1;1;264.1
2001-01-13;259.0;1;259.0
2001-01-14;256.2;1;256.2
2001-01-15;254.7;1;254.7
2001-01-16;251.1;1;251.1
2001-01-17;249.0;1;249.0
2001-01-18;246.1;1;246.1
2001-01-19;240.3;1;240.3
2001-01-20;233.2;1;233.2
2001-01-21;236.7;1;236.7
2001-01-22;239.6;1;239.6
2001-01-23;233.9;1;233.9
2001-01-24;234.6;1;234.6
2001-01-25;233.2;1;233.2
2001-01-26;229.7;1;229.7
2001-01-27;226.3;1;226.3
2001-01-28;233.9;1;233.9
2001-01-29;227.6;1;227.6
2001-01-30;222.1;1;222.1
2001-01-31;220.7;1;220.7
2001-02-01;208.2;2;208.2
2001-02-02;142.3;2;142.3
2001-02-03;124.4;2;124.4
2001-02-04;119.6;2;119.6
2001-02-05;144.5;2;144.5
2001-02-06;206.8;2;206.8
2001-02-07;204.7;2;204.7
2001-02-08;201.9;2;201.9
2001-02-09;200.6;2;200.6
2001-02-10;198.0;2;198.0
2001-02-11;197.4;2;197.4
2001-02-12;194.8;2;194.8
2001-02-13;190.4;2;190.4
2001-02-14;192.3;2;192.3
2001-02-15;190.4;2;190.4
2001-02-16;187.2;2;187.2
2001-02-17;187.2;2;187.2
2001-02-18;186.5;2;186.5
2001-02-19;184.6;2;184.6
2001-02-20;185.9;2;185.9
2001-02-21;184.6;2;184.6
2001-02-22;183.3;2;183.3
2001-02-23;181.4;2;181.4
2001-02-24;180.8;2;180.8
2001-02-25;180.8;2;180.8
2001-02-26;178.2;2;178.2
2001-02-27;177.0;2;177.0
2001-02-28;176.3;2;176.3
2001-03-01;175.7;3;175.7
2001-03-02;180.8;3;180.8
2001-03-03;180.8;3;180.8
2001-03-04;175.7;3;175.7
2001-03-05;173.1;3;173.1
2001-03-06;173.1;3;173.1
2001-03-07;175.7;3;175.7
2001-03-08;180.8;3;180.8
2001-03-09;222.9;3;222.9
2001-03-10;220.7;3;220.7
2001-03-11;200.6;3;200.6
2001-03-12;193.5;3;193.5
2001-03-13;188.4;3;188.4
2001-03-14;183.3;3;183.3
2001-03-15;183.3;3;183.3
2001-03-16;182.7;3;182.7
2001-03-17;182.1;3;182.1
2001-03-18;182.1;3;182.1
2001-03-19;180.8;3;180.8
2001-03-20;178.2;3;178.2
2001-03-21;175.7;3;175.7
2001-03-22;179.5;3;179.5
2001-03-23;175.7;3;175.7
2001-03-24;122.0;3;122.0
2001-03-25;183.3;3;183.3
2001-03-26;213.4;3;213.4
2001-03-27;259.0;3;259.0
2001-03-28;283.6;3;283.6
2001-03-29;227.6;3;227.6
2001-03-30;356.6;3;356.6
2001-03-31;421.7;3;421.7
2001-04-01;410.9;4;410.9
2001-04-02;394.5;4;394.5
2001-04-03;374.2;4;374.2
2001-04-04;364.1;4;364.1
2001-04-05;347.5;4;347.5
2001-04-06;333.0;4;333.0
2001-04-07;331.4;4;331.4
2001-04-08;300.3;4;300.3
2001-04-09;275.3;4;275.3
2001-04-10;237.5;4;237.5
2001-04-11;194.8;4;194.8
2001-04-12;169.4;4;169.4
2001-04-13;161.1;4;161.1
2001-04-14;155.2;4;155.2
2001-04-15;218.1;4;218.1
2001-04-16;120.8;4;120.8
2001-04-17;138.8;4;138.8
2001-04-18;152.9;4;152.9
2001-04-19;138.8;4;138.8
2001-04-20;175.0;4;175.0
2001-04-21;262.8;4;262.8
2001-04-22;350.8;4;350.8
2001-04-23;212.3;4;212.3
2001-04-24;198.7;4;198.7
2001-04-25;185.9;4;185.9
2001-04-26;165.1;4;165.1
2001-04-27;128.0;4;128.0
2001-04-28;117.2;4;117.2
2001-04-29;128.0;4;128.0
2001-04-30;150.5;4;150.5
2001-05-01;147.0;5;147.0
2001-05-02;114.8;5;114.8
2001-05-03;109.8;5;109.8
2001-05-04;138.8;5;138.8
2001-05-05;144.7;5;144.7
2001-05-06;128.0;5;128.0
2001-05-07;157.6;5;157.6
2001-05-08;237.6;5;237.6
2001-05-09;207.0;5;207.0
2001-05-10;234.8;5;234.8
2001-05-11;177.9;5;177.9
2001-05-12;155.2;5;155.2
2001-05-13;150.5;5;150.5
2001-05-14;163.4;5;163.4
2001-05-15;243.2;5;243.2
2001-05-16;226.3;5;226.3
2001-05-17;214.0;5;214.0
2001-05-18;217.9;5;217.9
2001-05-19;365.0;5;365.0
2001-05-20;341.1;5;341.1
2001-05-21;349.2;5;349.2
2001-05-22;349.2;5;349.2
2001-05-23;397.2;5;397.2
2001-05-24;412.7;5;412.7
2001-05-25;302.0;5;302.0
2001-05-26;270.6;5;270.6
2001-05-27;264.8;5;264.8
2001-05-28;318.4;5;318.4
2001-05-29;311.8;5;311.8
2001-05-30;347.5;5;347.5
2001-05-31;334.6;5;334.6
2001-06-01;323.3;6;323.3
2001-06-02;322.5;6;322.5
2001-06-03;320.1;6;320.1
2001-06-04;316.8;6;316.8
2001-06-05;314.4;6;314.4
2001-06-06;326.5;6;326.5
2001-06-07;331.4;6;331.4
2001-06-08;331.4;6;331.4
2001-06-09;351.1;6;351.1
2001-06-10;394.5;6;394.5
2001-06-11;400.0;6;400.0
2001-06-12;405.4;6;405.4
2001-06-13;434.4;6;434.4
2001-06-14;423.6;6;423.6
2001-06-15;425.4;6;425.4
2001-06-16;418.1;6;418.1
2001-06-17;418.1;6;418.1
2001-06-18;423.6;6;423.6
2001-06-19;429.0;6;429.0
2001-06-20;418.1;6;418.1
2001-06-21;394.5;6;394.5
2001-06-22;397.2;6;397.2
2001-06-23;398.2;6;398.2
2001-06-24;397.2;6;397.2
2001-06-25;397.2;6;397.2
2001-06-26;403.6;6;403.6
2001-06-27;404.5;6;404.5
2001-06-28;400.0;6;400.0
2001-06-29;403.6;6;403.6
2001-06-30;414.5;6;414.5
2001-07-01;432.6;7;432.6
2001-07-02;432.6;7;432.6
2001-07-03;425.4;7;425.4
2001-07-04;377.9;7;377.9
2001-07-05;416.3;7;416.3
2001-07-06;432.6;7;432.6
2001-07-07;439.9;7;439.9
2001-07-08;437.1;7;437.1
2001-07-09;430.8;7;430.8
2001-07-10;435.3;7;435.3
2001-07-11;447.1;7;447.1
2001-07-12;430.8;7;430.8
2001-07-13;419.0;7;419.0
2001-07-14;416.3;7;416.3
2001-07-15;409.1;7;409.1
2001-07-16;403.6;7;403.6
2001-07-17;290.1;7;290.1
2001-07-18;399.9;7;399.9
2001-07-19;511.1;7;511.1
2001-07-20;409.1;7;409.1
2001-07-21;409.1;7;409.1
2001-07-22;368.7;7;368.7
2001-07-23;454.2;7;454.2
2001-07-24;475.7;7;475.7
2001-07-25;481.1;7;481.1
2001-07-26;484.6;7;484.6
2001-07-27;490.0;7;490.0
2001-07-28;489.1;7;489.1
2001-07-29;445.2;7;445.2
2001-07-30;362.8;7;362.8
2001-07-31;333.0;7;333.0
2001-08-01;361.4;8;361.4
2001-08-02;448.8;8;448.8
2001-08-03;456.0;8;456.0
2001-08-04;387.1;8;387.1
2001-08-05;364.2;8;364.2
2001-08-06;449.8;8;449.8
2001-08-07;368.8;8;368.8
2001-08-08;324.9;8;324.9
2001-08-09;365.1;8;365.1
2001-08-10;431.7;8;431.7
2001-08-11;398.1;8;398.1
2001-08-12;405.4;8;405.4
2001-08-13;463.2;8;463.2
2001-08-14;468.5;8;468.5
2001-08-15;369.6;8;369.6
2001-08-16;357.8;8;357.8
2001-08-17;383.4;8;383.4
2001-08-18;399.0;8;399.0
2001-08-19;465.0;8;465.0
2001-08-20;463.2;8;463.2
2001-08-21;403.6;8;403.6
2001-08-22;372.4;8;372.4
2001-08-23;369.1;8;369.1
2001-08-24;461.4;8;461.4
2001-08-25;463.2;8;463.2
2001-08-26;398.1;8;398.1
2001-08-27;354.1;8;354.1
2001-08-28;379.8;8;379.8
2001-08-29;456.0;8;456.0
2001-08-30;400.0;8;400.0
2001-08-31;337.8;8;337.8
2001-09-01;326.5;9;326.5
2001-09-02;333.0;9;333.0
2001-09-03;308.6;9;308.6
2001-09-04;300.3;9;300.3
2001-09-05;306.9;9;306.9
2001-09-06;305.3;9;305.3
2001-09-07;338.0;9;338.0
2001-09-08;345.9;9;345.9
2001-09-09;357.8;9;357.8
2001-09-10;366.9;9;366.9
2001-09-11;401.8;9;401.8
2001-09-12;463.2;9;463.2
2001-09-13;345.8;9;345.8
2001-09-14;358.6;9;358.6
2001-09-15;369.6;9;369.6
2001-09-16;389.0;9;389.0
2001-09-17;392.6;9;392.6
2001-09-18;374.2;9;374.2
2001-09-19;398.0;9;398.0
2001-09-20;472.1;9;472.1
2001-09-21;415.4;9;415.4
2001-09-22;376.1;9;376.1
2001-09-23;365.0;9;365.0
2001-09-24;396.2;9;396.2
2001-09-25;490.6;9;490.6
2001-09-26;505.0;9;505.0
2001-09-27;445.2;9;445.2
2001-09-28;394.5;9;394.5
2001-09-29;379.8;9;379.8
2001-09-30;372.4;9;372.4
2001-10-01;372.4;10;372.4
2001-10-02;394.5;10;394.5
2001-10-03;383.4;10;383.4
2001-10-04;372.4;10;372.4
2001-10-05;407.2;10;407.2
2001-10-06;407.2;10;407.2
2001-10-07;387.1;10;387.1
2001-10-08;370.6;10;370.6
2001-10-09;407.2;10;407.2
2001-10-10;412.7;10;412.7
2001-10-11;420.8;10;420.8
2001-10-12;434.4;10;434.4
2001-10-13;409.8;10;409.8
2001-10-14;546.0;10;546.0
2001-10-15;578.0;10;578.0
2001-10-16;605.4;10;605.4
2001-10-17;627.4;10;627.4
2001-10-18;623.0;10;623.0
2001-10-19;588.0;10;588.0
2001-10-20;535.0;10;535.0
2001-10-21;530.0;10;530.0
2001-10-22;575.0;10;575.0
2001-10-23;613.1;10;613.1
2001-10-24;614.2;10;614.2
2001-10-25;601.2;10;601.2
2001-10-26;534.0;10;534.0
2001-10-27;486.4;10;486.4
2001-10-28;481.1;10;481.1
2001-10-29;484.6;10;484.6
2001-10-30;484.6;10;484.6
2001-10-31;475.7;10;475.7
2001-11-01;481.1;11;481.1
2001-11-02;477.5;11;477.5
2001-11-03;430.8;11;430.8
2001-11-04;414.5;11;414.5
2001-11-05;493.3;11;493.3
2001-11-06;534.0;11;534.0
2001-11-07;543.0;11;543.0
2001-11-08;541.0;11;541.0
2001-11-09;546.0;11;546.0
2001-11-10;502.0;11;502.0
2001-11-11;523.0;11;523.0
2001-11-12;534.0;11;534.0
2001-11-13;554.0;11;554.0
2001-11-14;538.0;11;538.0
2001-11-15;508.0;11;508.0
2001-11-16;528.0;11;528.0
2001-11-17;563.0;11;563.0
2001-11-18;559.0;11;559.0
2001-11-19;570.0;11;570.0
2001-11-20;605.4;11;605.4
2001-11-21;609.8;11;609.8
2001-11-22;620.8;11;620.8
2001-11-23;638.4;11;638.4
2001-11-24;664.8;11;664.8
2001-11-25;674.7;11;674.7
2001-11-26;669.2;11;669.2
2001-11-27;672.5;11;672.5
2001-11-28;648.3;11;648.3
2001-11-29;625.2;11;625.2
2001-11-30;645.0;11;645.0
2001-12-01;592.6;12;592.6
2001-12-02;586.2;12;586.2
2001-12-03;609.8;12;609.8
2001-12-04;468.5;12;468.5
2001-12-05;425.4;12;425.4
2001-12-06;452.4;12;452.4
2001-12-07;544.0;12;544.0
2001-12-08;463.2;12;463.2
2001-12-09;376.1;12;376.1
2001-12-10;368.7;12;368.7
2001-12-11;344.3;12;344.3
2001-12-12;366.7;12;366.7
2001-12-13;493.5;12;493.5
2001-12-14;546.0;12;546.0
2001-12-15;552.0;12;552.0
2001-12-16;410.9;12;410.9
2001-12-17;341.1;12;341.1
2001-12-18;356.9;12;356.9
2001-12-19;500.1;12;500.1
2001-12-20;558.0;12;558.0
2001-12-21;550.0;12;550.0
2001-12-22;546.0;12;546.0
2001-12-23;448.9;12;448.9
2001-12-24;552.0;12;552.0
2001-12-25;562.0;12;562.0
2001-12-26;570.0;12;570.0
2001-12-27;550.0;12;550.0
2001-12-28;466.8;12;466.8
2001-12-29;359.5;12;359.5
2001-12-30;372.4;12;372.4
2001-12-31;347.5;12;347.5
2002-01-01;316.8;1;316.8
2002-01-02;277.0;1;277.0
2002-01-03;261.9;1;261.9
2002-01-04;256.2;1;256.2
2002-01-05;251.8;1;251.8
2002-01-06;250.4;1;250.4
2002-01-07;249.0;1;249.0
2002-01-08;243.2;1;243.2
2002-01-09;238.2;1;238.2
2002-01-10;233.2;1;233.2
2002-01-11;288.2;1;288.2
2002-01-12;430.8;1;430.8
2002-01-13;324.9;1;324.9
2002-01-14;261.9;1;261.9
2002-01-15;414.5;1;414.5
2002-01-16;434.4;1;434.4
2002-01-17;434.4;1;434.4
2002-01-18;389.9;1;389.9
2002-01-19;366.9;1;366.9
2002-01-20;383.4;1;383.4
2002-01-21;400.0;1;400.0
2002-01-22;376.1;1;376.1
2002-01-23;350.8;1;350.8
2002-01-24;310.3;1;310.3
2002-01-25;331.4;1;331.4
2002-01-26;311.9;1;311.9
2002-01-27;268.2;1;268.2
2002-01-28;224.9;1;224.9
2002-01-29;182.1;1;182.1
2002-01-30;168.1;1;168.1
2002-01-31;184.6;1;184.6
2002-02-01;204.0;2;204.0
2002-02-02;162.3;2;162.3
2002-02-03;162.3;2;162.3
2002-02-04;163.4;2;163.4
2002-02-05;156.4;2;156.4
2002-02-06;157.6;2;157.6
2002-02-07;184.6;2;184.6
2002-02-08;249.0;2;249.0
2002-02-09;210.9;2;210.9
2002-02-10;194.8;2;194.8
2002-02-11;175.7;2;175.7
2002-02-12;155.2;2;155.2
2002-02-13;136.4;2;136.4
2002-02-14;130.4;2;130.4
2002-02-15;131.6;2;131.6
2002-02-16;132.8;2;132.8
2002-02-17;122.0;2;122.0
2002-02-18;130.4;2;130.4
2002-02-19;132.8;2;132.8
2002-02-20;161.5;2;161.5
2002-02-21;164.0;2;164.0
2002-02-22;120.8;2;120.8
2002-02-23;117.2;2;117.2
2002-02-24;118.4;2;118.4
2002-02-25;119.6;2;119.6
2002-02-26;306.9;2;306.9
2002-02-27;165.8;2;165.8
2002-02-28;136.4;2;136.4
2002-03-01;155.2;3;155.2
2002-03-02;156.4;3;156.4
2002-03-03;161.1;3;161.1
2002-03-04;128.2;3;128.2
2002-03-05;100.3;3;100.3
2002-03-06;110.4;3;110.4
2002-03-07;337.8;3;337.8
2002-03-08;336.2;3;336.2
2002-03-09;222.2;3;222.2
2002-03-10;123.2;3;123.2
2002-03-11;107.4;3;107.4
2002-03-12;103.8;3;103.8
2002-03-13;101.2;3;101.2
2002-03-14;98.56;3;98.56
2002-03-15;95.92;3;95.92
2002-03-16;94.16;3;94.16
2002-03-17;92.4;3;92.4
2002-03-18;90.64;3;90.64
2002-03-19;88.88;3;88.88
2002-03-20;91.52;3;91.52
2002-03-21;122.0;3;122.0
2002-03-22;124.4;3;124.4
2002-03-23;131.6;3;131.6
2002-03-24;126.8;3;126.8
2002-03-25;119.6;3;119.6
2002-03-26;132.8;3;132.8
2002-03-27;124.4;3;124.4
2002-03-28;142.3;3;142.3
2002-03-29;151.7;3;151.7
2002-03-30;138.7;3;138.7
2002-03-31;136.4;3;136.4
2002-04-01;131.6;4;131.6
2002-04-02;141.2;4;141.2
2002-04-03;119.6;4;119.6
2002-04-04;119.6;4;119.6
2002-04-05;155.2;4;155.2
2002-04-06;145.8;4;145.8
2002-04-07;296.3;4;296.3
2002-04-08;180.8;4;180.8
2002-04-09;164.7;4;164.7
2002-04-10;154.1;4;154.1
2002-04-11;141.1;4;141.1
2002-04-12;114.8;4;114.8
2002-04-13;166.2;4;166.2
2002-04-14;123.2;4;123.2
2002-04-15;97.68;4;97.68
2002-04-16;95.04;4;95.04
2002-04-17;102.1;4;102.1
2002-04-18;110.9;4;110.9
2002-04-19;126.8;4;126.8
2002-04-20;383.4;4;383.4
2002-04-21;405.3;4;405.3
2002-04-22;194.8;4;194.8
2002-04-23;191.3;4;191.3
2002-04-24;391.5;4;391.5
2002-04-25;414.4;4;414.4
2002-04-26;208.2;4;208.2
2002-04-27;162.3;4;162.3
2002-04-28;189.0;4;189.0
2002-04-29;419.9;4;419.9
2002-04-30;457.8;4;457.8
2002-05-01;475.7;5;475.7
2002-05-02;432.4;5;432.4
2002-05-03;275.3;5;275.3
2002-05-04;352.7;5;352.7
2002-05-05;316.9;5;316.9
2002-05-06;215.1;5;215.1
2002-05-07;233.4;5;233.4
2002-05-08;423.6;5;423.6
2002-05-09;452.4;5;452.4
2002-05-10;417.9;5;417.9
2002-05-11;366.9;5;366.9
2002-05-12;479.3;5;479.3
2002-05-13;456.1;5;456.1
2002-05-14;280.3;5;280.3
2002-05-15;223.5;5;223.5
2002-05-16;319.7;5;319.7
2002-05-17;365.0;5;365.0
2002-05-18;372.4;5;372.4
2002-05-19;367.0;5;367.0
2002-05-20;308.2;5;308.2
2002-05-21;283.6;5;283.6
2002-05-22;359.9;5;359.9
2002-05-23;370.6;5;370.6
2002-05-24;318.1;5;318.1
2002-05-25;437.9;5;437.9
2002-05-26;520.0;5;520.0
2002-05-27;524.0;5;524.0
2002-05-28;518.0;5;518.0
2002-05-29;514.0;5;514.0
2002-05-30;516.0;5;516.0
2002-05-31;530.0;5;530.0
2002-06-01;506.0;6;506.0
2002-06-02;481.1;6;481.1
2002-06-03;472.1;6;472.1
2002-06-04;466.8;6;466.8
2002-06-05;465.0;6;465.0
2002-06-06;473.9;6;473.9
2002-06-07;477.5;6;477.5
2002-06-08;484.6;6;484.6
2002-06-09;506.0;6;506.0
2002-06-10;512.0;6;512.0
2002-06-11;516.0;6;516.0
2002-06-12;530.0;6;530.0
2002-06-13;552.0;6;552.0
2002-06-14;564.0;6;564.0
2002-06-15;580.0;6;580.0
2002-06-16;575.0;6;575.0
2002-06-17;582.0;6;582.0
2002-06-18;598.8;6;598.8
2002-06-19;612.0;6;612.0
2002-06-20;568.0;6;568.0
2002-06-21;562.0;6;562.0
2002-06-22;568.0;6;568.0
2002-06-23;566.0;6;566.0
2002-06-24;565.0;6;565.0
2002-06-25;566.0;6;566.0
2002-06-26;566.0;6;566.0
2002-06-27;568.0;6;568.0
2002-06-28;580.0;6;580.0
2002-06-29;592.4;6;592.4
2002-06-30;608.7;6;608.7
2002-07-01;609.8;7;609.8
2002-07-02;607.6;7;607.6
2002-07-03;601.0;7;601.0
2002-07-04;602.1;7;602.1
2002-07-05;598.8;7;598.8
2002-07-06;603.2;7;603.2
2002-07-07;620.8;7;620.8
2002-07-08;627.4;7;627.4
2002-07-09;630.7;7;630.7
2002-07-10;631.8;7;631.8
2002-07-11;636.2;7;636.2
2002-07-12;642.8;7;642.8
2002-07-13;640.6;7;640.6
2002-07-14;501.5;7;501.5
2002-07-15;463.2;7;463.2
2002-07-16;477.5;7;477.5
2002-07-17;610.9;7;610.9
2002-07-18;614.2;7;614.2
2002-07-19;618.6;7;618.6
2002-07-20;627.4;7;627.4
2002-07-21;629.6;7;629.6
2002-07-22;635.1;7;635.1
2002-07-23;635.1;7;635.1
2002-07-24;636.2;7;636.2
2002-07-25;640.6;7;640.6
2002-07-26;647.2;7;647.2
2002-07-27;649.4;7;649.4
2002-07-28;653.8;7;653.8
2002-07-29;656.0;7;656.0
2002-07-30;657.1;7;657.1
2002-07-31;662.6;7;662.6
2002-08-01;665.9;8;665.9
2002-08-02;663.7;8;663.7
2002-08-03;620.8;8;620.8
2002-08-04;538.0;8;538.0
2002-08-05;543.0;8;543.0
2002-08-06;640.6;8;640.6
2002-08-07;647.2;8;647.2
2002-08-08;651.6;8;651.6
2002-08-09;658.2;8;658.2
2002-08-10;663.7;8;663.7
2002-08-11;651.6;8;651.6
2002-08-12;559.0;8;559.0
2002-08-13;532.0;8;532.0
2002-08-14;616.4;8;616.4
2002-08-15;546.0;8;546.0
2002-08-16;614.2;8;614.2
2002-08-17;625.2;8;625.2
2002-08-18;614.2;8;614.2
2002-08-19;496.6;8;496.6
2002-08-20;413.6;8;413.6
2002-08-21;410.9;8;410.9
2002-08-22;392.6;8;392.6
2002-08-23;401.8;8;401.8
2002-08-24;392.6;8;392.6
2002-08-25;389.0;8;389.0
2002-08-26;372.4;8;372.4
2002-08-27;350.9;8;350.9
2002-08-28;345.9;8;345.9
2002-08-29;342.7;8;342.7
2002-08-30;342.7;8;342.7
2002-08-31;344.3;8;344.3
2002-09-01;334.6;9;334.6
2002-09-02;328.1;9;328.1
2002-09-03;318.4;9;318.4
2002-09-04;329.8;9;329.8
2002-09-05;412.7;9;412.7
2002-09-06;501.0;9;501.0
2002-09-07;528.0;9;528.0
2002-09-08;532.0;9;532.0
2002-09-09;492.8;9;492.8
2002-09-10;356.2;9;356.2
2002-09-11;331.4;9;331.4
2002-09-12;354.8;9;354.8
2002-09-13;518.0;9;518.0
2002-09-14;548.0;9;548.0
2002-09-15;524.0;9;524.0
2002-09-16;498.0;9;498.0
2002-09-17;408.7;9;408.7
2002-09-18;396.3;9;396.3
2002-09-19;445.2;9;445.2
2002-09-20;520.0;9;520.0
2002-09-21;528.0;9;528.0
2002-09-22;498.6;9;498.6
2002-09-23;419.0;9;419.0
2002-09-24;383.4;9;383.4
2002-09-25;469.4;9;469.4
2002-09-26;516.0;9;516.0
2002-09-27;534.0;9;534.0
2002-09-28;552.0;9;552.0
2002-09-29;555.0;9;555.0
2002-09-30;554.0;9;554.0
2002-10-01;554.0;10;554.0
2002-10-02;557.0;10;557.0
2002-10-03;548.0;10;548.0
2002-10-04;534.0;10;534.0
2002-10-05;534.0;10;534.0
2002-10-06;534.0;10;534.0
2002-10-07;524.0;10;524.0
2002-10-08;502.0;10;502.0
2002-10-09;447.1;10;447.1
2002-10-10;443.5;10;443.5
2002-10-11;494.4;10;494.4
2002-10-12;510.0;10;510.0
2002-10-13;530.0;10;530.0
2002-10-14;546.0;10;546.0
2002-10-15;552.0;10;552.0
2002-10-16;558.0;10;558.0
2002-10-17;548.0;10;548.0
2002-10-18;536.0;10;536.0
2002-10-19;441.7;10;441.7
2002-10-20;392.6;10;392.6
2002-10-21;419.9;10;419.9
2002-10-22;419.9;10;419.9
2002-10-23;415.4;10;415.4
2002-10-24;421.7;10;421.7
2002-10-25;441.6;10;441.6
2002-10-26;459.6;10;459.6
2002-10-27;423.6;10;423.6
2002-10-28;421.7;10;421.7
2002-10-29;385.3;10;385.3
2002-10-30;412.7;10;412.7
2002-10-31;461.4;10;461.4
2002-11-01;479.3;11;479.3
2002-11-02;468.5;11;468.5
2002-11-03;387.1;11;387.1
2002-11-04;468.5;11;468.5
2002-11-05;403.6;11;403.6
2002-11-06;379.8;11;379.8
2002-11-07;363.2;11;363.2
2002-11-08;363.3;11;363.3
2002-11-09;454.2;11;454.2
2002-11-10;468.5;11;468.5
2002-11-11;466.8;11;466.8
2002-11-12;336.2;11;336.2
2002-11-13;324.9;11;324.9
2002-11-14;333.0;11;333.0
2002-11-15;311.9;11;311.9
2002-11-16;295.3;11;295.3
2002-11-17;285.3;11;285.3
2002-11-18;277.8;11;277.8
2002-11-19;383.4;11;383.4
2002-11-20;482.8;11;482.8
2002-11-21;486.4;11;486.4
2002-11-22;472.1;11;472.1
2002-11-23;438.1;11;438.1
2002-11-24;419.9;11;419.9
2002-11-25;416.3;11;416.3
2002-11-26;423.6;11;423.6
2002-11-27;441.7;11;441.7
2002-11-28;415.4;11;415.4
2002-11-29;365.0;11;365.0
2002-11-30;334.6;11;334.6
2002-12-01;328.1;12;328.1
2002-12-02;316.8;12;316.8
2002-12-03;297.0;12;297.0
2002-12-04;278.7;12;278.7
2002-12-05;247.5;12;247.5
2002-12-06;249.0;12;249.0
2002-12-07;238.9;12;238.9
2002-12-08;250.4;12;250.4
2002-12-09;222.1;12;222.1
2002-12-10;210.9;12;210.9
2002-12-11;209.6;12;209.6
2002-12-12;212.3;12;212.3
2002-12-13;303.6;12;303.6
2002-12-14;290.3;12;290.3
2002-12-15;223.5;12;223.5
2002-12-16;217.9;12;217.9
2002-12-17;337.1;12;337.1
2002-12-18;306.9;12;306.9
2002-12-19;388.9;12;388.9
2002-12-20;334.6;12;334.6
2002-12-21;341.1;12;341.1
2002-12-22;324.9;12;324.9
2002-12-23;263.7;12;263.7
2002-12-24;247.5;12;247.5
2002-12-25;285.4;12;285.4
2002-12-26;265.1;12;265.1
2002-12-27;249.0;12;249.0
2002-12-28;237.5;12;237.5
2002-12-29;237.5;12;237.5
2002-12-30;237.5;12;237.5
2002-12-31;227.6;12;227.6
2003-01-01;219.3;1;219.3
2003-01-02;298.2;1;298.2
2003-01-03;387.1;1;387.1
2003-01-04;269.5;1;269.5
2003-01-05;308.3;1;308.3
2003-01-06;217.9;1;217.9
2003-01-07;155.7;1;155.7
2003-01-08;226.3;1;226.3
2003-01-09;215.1;1;215.1
2003-01-10;230.4;1;230.4
2003-01-11;205.4;1;205.4
2003-01-12;184.6;1;184.6
2003-01-13;170.6;1;170.6
2003-01-14;179.5;1;179.5
2003-01-15;207.2;1;207.2
2003-01-16;227.6;1;227.6
2003-01-17;298.6;1;298.6
2003-01-18;250.4;1;250.4
2003-01-19;243.2;1;243.2
2003-01-20;202.6;1;202.6
2003-01-21;177.0;1;177.0
2003-01-22;211.1;1;211.1
2003-01-23;174.4;1;174.4
2003-01-24;195.6;1;195.6
2003-01-25;183.3;1;183.3
2003-01-26;170.6;1;170.6
2003-01-27;151.7;1;151.7
2003-01-28;161.5;1;161.5
2003-01-29;125.6;1;125.6
2003-01-30;145.9;1;145.9
2003-01-31;125.6;1;125.6
2003-02-01;150.5;2;150.5
2003-02-02;137.6;2;137.6
2003-02-03;174.0;2;174.0
2003-02-04;103.0;2;103.0
2003-02-05;273.7;2;273.7
2003-02-06;181.7;2;181.7
2003-02-07;117.2;2;117.2
2003-02-08;111.5;2;111.5
2003-02-09;148.3;2;148.3
2003-02-10;146.9;2;146.9
2003-02-11;108.2;2;108.2
2003-02-12;124.4;2;124.4
2003-02-13;130.4;2;130.4
2003-02-14;123.2;2;123.2
2003-02-15;99.44;2;99.44
2003-02-16;94.16;2;94.16
2003-02-17;94.16;2;94.16
2003-02-18;94.16;2;94.16
2003-02-19;94.16;2;94.16
2003-02-20;92.4;2;92.4
2003-02-21;92.4;2;92.4
2003-02-22;92.4;2;92.4
2003-02-23;88.49;2;88.49
2003-02-24;87.61;2;87.61
2003-02-25;86.83;2;86.83
2003-02-26;86.83;2;86.83
2003-02-27;85.66;2;85.66
2003-02-28;84.1;2;84.1
2003-03-01;85.66;3;85.66
2003-03-02;86.44;3;86.44
2003-03-03;87.22;3;87.22
2003-03-04;86.83;3;86.83
2003-03-05;86.05;3;86.05
2003-03-06;84.88;3;84.88
2003-03-07;84.49;3;84.49
2003-03-08;84.1;3;84.1
2003-03-09;84.1;3;84.1
2003-03-10;82.15;3;82.15
2003-03-11;84.1;3;84.1
2003-03-12;87.27;3;87.27
2003-03-13;310.1;3;310.1
2003-03-14;333.0;3;333.0
2003-03-15;347.9;3;347.9
2003-03-16;365.0;3;365.0
2003-03-17;363.2;3;363.2
2003-03-18;361.4;3;361.4
2003-03-19;372.4;3;372.4
2003-03-20;363.2;3;363.2
2003-03-21;358.6;3;358.6
2003-03-22;376.1;3;376.1
2003-03-23;334.6;3;334.6
2003-03-24;302.0;3;302.0
2003-03-25;177.0;3;177.0
2003-03-26;137.6;3;137.6
2003-03-27;122.0;3;122.0
2003-03-28;118.4;3;118.4
2003-03-29;112.4;3;112.4
2003-03-30;107.4;3;107.4
2003-03-31;104.7;3;104.7
2003-04-01;102.1;4;102.1
2003-04-02;98.56;4;98.56
2003-04-03;96.8;4;96.8
2003-04-04;93.28;4;93.28
2003-04-05;91.52;4;91.52
2003-04-06;91.52;4;91.52
2003-04-07;88.93;4;88.93
2003-04-08;87.61;4;87.61
2003-04-09;86.05;4;86.05
2003-04-10;85.66;4;85.66
2003-04-11;265.4;4;265.4
2003-04-12;293.6;4;293.6
2003-04-13;188.4;4;188.4
2003-04-14;115.0;4;115.0
2003-04-15;126.8;4;126.8
2003-04-16;125.0;4;125.0
2003-04-17;122.0;4;122.0
2003-04-18;131.6;4;131.6
2003-04-19;235.8;4;235.8
2003-04-20;251.1;4;251.1
2003-04-21;160.2;4;160.2
2003-04-22;114.6;4;114.6
2003-04-23;164.0;4;164.0
2003-04-24;145.8;4;145.8
2003-04-25;135.2;4;135.2
2003-04-26;131.6;4;131.6
2003-04-27;139.9;4;139.9
2003-04-28;329.8;4;329.8
2003-04-29;429.0;4;429.0
2003-04-30;439.9;4;439.9
2003-05-01;429.9;5;429.9
2003-05-02;429.0;5;429.0
2003-05-03;423.6;5;423.6
2003-05-04;409.1;5;409.1
2003-05-05;389.0;5;389.0
2003-05-06;352.7;5;352.7
2003-05-07;274.0;5;274.0
2003-05-08;209.6;5;209.6
2003-05-09;187.8;5;187.8
2003-05-10;203.6;5;203.6
2003-05-11;238.9;5;238.9
2003-05-12;352.7;5;352.7
2003-05-13;345.9;5;345.9
2003-05-14;356.8;5;356.8
2003-05-15;370.9;5;370.9
2003-05-16;403.5;5;403.5
2003-05-17;353.8;5;353.8
2003-05-18;475.7;5;475.7
2003-05-19;486.4;5;486.4
2003-05-20;488.4;5;488.4
2003-05-21;486.4;5;486.4
2003-05-22;494.2;5;494.2
2003-05-23;556.0;5;556.0
2003-05-24;572.0;5;572.0
2003-05-25;514.0;5;514.0
2003-05-26;502.0;5;502.0
2003-05-27;506.0;5;506.0
2003-05-28;506.0;5;506.0
2003-05-29;503.0;5;503.0
2003-05-30;484.6;5;484.6
2003-05-31;481.1;5;481.1
2003-06-01;512.0;6;512.0
2003-06-02;504.0;6;504.0
2003-06-03;508.0;6;508.0
2003-06-04;506.0;6;506.0
2003-06-05;487.4;6;487.4
2003-06-06;481.1;6;481.1
2003-06-07;477.5;6;477.5
2003-06-08;483.7;6;483.7
2003-06-09;481.1;6;481.1
2003-06-10;484.6;6;484.6
2003-06-11;508.0;6;508.0
2003-06-12;498.0;6;498.0
2003-06-13;516.0;6;516.0
2003-06-14;518.0;6;518.0
2003-06-15;481.1;6;481.1
2003-06-16;432.6;6;432.6
2003-06-17;428.1;6;428.1
2003-06-18;550.0;6;550.0
2003-06-19;497.7;6;497.7
2003-06-20;490.2;6;490.2
2003-06-21;501.0;6;501.0
2003-06-22;504.0;6;504.0
2003-06-23;502.0;6;502.0
2003-06-24;506.0;6;506.0
2003-06-25;520.0;6;520.0
2003-06-26;542.0;6;542.0
2003-06-27;548.0;6;548.0
2003-06-28;554.0;6;554.0
2003-06-29;560.0;6;560.0
2003-06-30;546.0;6;546.0
2003-07-01;555.0;7;555.0
2003-07-02;571.0;7;571.0
2003-07-03;577.0;7;577.0
2003-07-04;584.0;7;584.0
2003-07-05;585.0;7;585.0
2003-07-06;578.0;7;578.0
2003-07-07;574.0;7;574.0
2003-07-08;575.0;7;575.0
2003-07-09;575.0;7;575.0
2003-07-10;512.0;7;512.0
2003-07-11;484.1;7;484.1
2003-07-12;536.0;7;536.0
2003-07-13;552.0;7;552.0
2003-07-14;540.0;7;540.0
2003-07-15;481.1;7;481.1
2003-07-16;566.0;7;566.0
2003-07-17;587.0;7;587.0
2003-07-18;591.2;7;591.2
2003-07-19;598.8;7;598.8
2003-07-20;597.7;7;597.7
2003-07-21;601.0;7;601.0
2003-07-22;605.4;7;605.4
2003-07-23;618.6;7;618.6
2003-07-24;625.2;7;625.2
2003-07-25;631.8;7;631.8
2003-07-26;640.6;7;640.6
2003-07-27;660.4;7;660.4
2003-07-28;657.1;7;657.1
2003-07-29;650.5;7;650.5
2003-07-30;647.2;7;647.2
2003-07-31;651.6;7;651.6
2003-08-01;656.0;8;656.0
2003-08-02;660.4;8;660.4
2003-08-03;664.8;8;664.8
2003-08-04;664.8;8;664.8
2003-08-05;668.1;8;668.1
2003-08-06;669.2;8;669.2
2003-08-07;675.8;8;675.8
2003-08-08;678.0;8;678.0
2003-08-09;678.0;8;678.0
2003-08-10;682.4;8;682.4
2003-08-11;690.1;8;690.1
2003-08-12;693.4;8;693.4
2003-08-13;675.8;8;675.8
2003-08-14;578.0;8;578.0
2003-08-15;538.0;8;538.0
2003-08-16;538.0;8;538.0
2003-08-17;522.0;8;522.0
2003-08-18;481.1;8;481.1
2003-08-19;464.1;8;464.1
2003-08-20;533.3;8;533.3
2003-08-21;628.5;8;628.5
2003-08-22;651.6;8;651.6
2003-08-23;651.6;8;651.6
2003-08-24;653.8;8;653.8
2003-08-25;658.2;8;658.2
2003-08-26;660.4;8;660.4
2003-08-27;668.1;8;668.1
2003-08-28;673.6;8;673.6
2003-08-29;678.0;8;678.0
2003-08-30;681.3;8;681.3
2003-08-31;678.0;8;678.0
2003-09-01;678.0;9;678.0
2003-09-02;678.0;9;678.0
2003-09-03;678.0;9;678.0
2003-09-04;682.4;9;682.4
2003-09-05;697.7;9;697.7
2003-09-06;704.3;9;704.3
2003-09-07;697.8;9;697.8
2003-09-08;682.4;9;682.4
2003-09-09;612.0;9;612.0
2003-09-10;556.0;9;556.0
2003-09-11;542.0;9;542.0
2003-09-12;540.0;9;540.0
2003-09-13;545.0;9;545.0
2003-09-14;594.6;9;594.6
2003-09-15;630.7;9;630.7
2003-09-16;638.4;9;638.4
2003-09-17;634.0;9;634.0
2003-09-18;647.2;9;647.2
2003-09-19;651.6;9;651.6
2003-09-20;658.2;9;658.2
2003-09-21;665.9;9;665.9
2003-09-22;669.2;9;669.2
2003-09-23;675.8;9;675.8
2003-09-24;687.9;9;687.9
2003-09-25;681.3;9;681.3
2003-09-26;682.4;9;682.4
2003-09-27;686.8;9;686.8
2003-09-28;686.8;9;686.8
2003-09-29;689.0;9;689.0
2003-09-30;700.0;9;700.0
2003-10-01;691.2;10;691.2
2003-10-02;692.3;10;692.3
2003-10-03;685.7;10;685.7
2003-10-04;680.2;10;680.2
2003-10-05;682.4;10;682.4
2003-10-06;686.8;10;686.8
2003-10-07;690.1;10;690.1
2003-10-08;697.8;10;697.8
2003-10-09;691.2;10;691.2
2003-10-10;690.1;10;690.1
2003-10-11;685.7;10;685.7
2003-10-12;676.9;10;676.9
2003-10-13;642.8;10;642.8
2003-10-14;550.0;10;550.0
2003-10-15;492.0;10;492.0
2003-10-16;569.0;10;569.0
2003-10-17;656.0;10;656.0
2003-10-18;662.6;10;662.6
2003-10-19;662.6;10;662.6
2003-10-20;669.2;10;669.2
2003-10-21;673.6;10;673.6
2003-10-22;671.4;10;671.4
2003-10-23;669.2;10;669.2
2003-10-24;667.0;10;667.0
2003-10-25;667.0;10;667.0
2003-10-26;661.5;10;661.5
2003-10-27;660.4;10;660.4
2003-10-28;660.4;10;660.4
2003-10-29;657.1;10;657.1
2003-10-30;654.9;10;654.9
2003-10-31;653.8;10;653.8
2003-11-01;651.6;11;651.6
2003-11-02;648.3;11;648.3
2003-11-03;642.8;11;642.8
2003-11-04;629.6;11;629.6
2003-11-05;634.0;11;634.0
2003-11-06;629.6;11;629.6
2003-11-07;607.6;11;607.6
2003-11-08;592.4;11;592.4
2003-11-09;581.0;11;581.0
2003-11-10;578.0;11;578.0
2003-11-11;572.0;11;572.0
2003-11-12;574.0;11;574.0
2003-11-13;568.0;11;568.0
2003-11-14;556.0;11;556.0
2003-11-15;546.0;11;546.0
2003-11-16;522.0;11;522.0
2003-11-17;510.0;11;510.0
2003-11-18;573.0;11;573.0
2003-11-19;575.0;11;575.0
2003-11-20;578.0;11;578.0
2003-11-21;576.0;11;576.0
2003-11-22;576.0;11;576.0
2003-11-23;582.0;11;582.0
2003-11-24;585.0;11;585.0
2003-11-25;588.0;11;588.0
2003-11-26;587.0;11;587.0
2003-11-27;587.0;11;587.0
2003-11-28;584.0;11;584.0
2003-11-29;582.0;11;582.0
2003-11-30;580.0;11;580.0
2003-12-01;580.0;12;580.0
2003-12-02;588.0;12;588.0
2003-12-03;614.2;12;614.2
2003-12-04;636.2;12;636.2
2003-12-05;629.6;12;629.6
2003-12-06;638.4;12;638.4
2003-12-07;645.0;12;645.0
2003-12-08;656.0;12;656.0
2003-12-09;645.0;12;645.0
2003-12-10;636.2;12;636.2
2003-12-11;634.0;12;634.0
2003-12-12;630.7;12;630.7
2003-12-13;627.4;12;627.4
2003-12-14;618.6;12;618.6
2003-12-15;575.5;12;575.5
2003-12-16;449.8;12;449.8
2003-12-17;422.6;12;422.6
2003-12-18;412.7;12;412.7
2003-12-19;413.6;12;413.6
2003-12-20;554.0;12;554.0
2003-12-21;496.6;12;496.6
2003-12-22;411.8;12;411.8
2003-12-23;407.2;12;407.2
2003-12-24;392.6;12;392.6
2003-12-25;379.8;12;379.8
2003-12-26;366.9;12;366.9
2003-12-27;347.5;12;347.5
2003-12-28;331.4;12;331.4
2003-12-29;320.1;12;320.1
2003-12-30;329.8;12;329.8
2003-12-31;492.0;12;492.0
2004-01-01;500.0;1;500.0
2004-01-02;472.7;1;472.7
2004-01-03;357.5;1;357.5
2004-01-04;290.3;1;290.3
2004-01-05;272.1;1;272.1
2004-01-06;266.2;1;266.2
2004-01-07;256.2;1;256.2
2004-01-08;250.4;1;250.4
2004-01-09;320.1;1;320.1
2004-01-10;320.1;1;320.1
2004-01-11;249.0;1;249.0
2004-01-12;244.6;1;244.6
2004-01-13;238.9;1;238.9
2004-01-14;235.3;1;235.3
2004-01-15;223.5;1;223.5
2004-01-16;227.6;1;227.6
2004-01-17;379.8;1;379.8
2004-01-18;379.8;1;379.8
2004-01-19;361.4;1;361.4
2004-01-20;280.3;1;280.3
2004-01-21;204.0;1;204.0
2004-01-22;206.8;1;206.8
2004-01-23;200.6;1;200.6
2004-01-24;204.0;1;204.0
2004-01-25;196.1;1;196.1
2004-01-26;192.3;1;192.3
2004-01-27;183.3;1;183.3
2004-01-28;175.7;1;175.7
2004-01-29;177.0;1;177.0
2004-01-30;333.0;1;333.0
2004-01-31;347.2;1;347.2
2004-02-01;302.8;2;302.8
2004-02-02;257.7;2;257.7
2004-02-03;179.5;2;179.5
2004-02-04;165.8;2;165.8
2004-02-05;158.8;2;158.8
2004-02-06;319.3;2;319.3
2004-02-07;229.3;2;229.3
2004-02-08;171.9;2;171.9
2004-02-09;159.3;2;159.3
2004-02-10;144.7;2;144.7
2004-02-11;152.9;2;152.9
2004-02-12;138.8;2;138.8
2004-02-13;137.6;2;137.6
2004-02-14;159.9;2;159.9
2004-02-15;148.8;2;148.8
2004-02-16;142.3;2;142.3
2004-02-17;165.8;2;165.8
2004-02-18;149.4;2;149.4
2004-02-19;123.2;2;123.2
2004-02-20;113.6;2;113.6
2004-02-21;108.2;2;108.2
2004-02-22;106.9;2;106.9
2004-02-23;106.5;2;106.5
2004-02-24;106.5;2;106.5
2004-02-25;112.4;2;112.4
2004-02-26;105.6;2;105.6
2004-02-27;101.2;2;101.2
2004-02-28;287.8;2;287.8
2004-02-29;330.3;2;330.3
2004-03-01;325.5;3;325.5
2004-03-02;275.1;3;275.1
2004-03-03;135.2;3;135.2
2004-03-04;123.2;3;123.2
2004-03-05;119.6;3;119.6
2004-03-06;292.8;3;292.8
2004-03-07;402.7;3;402.7
2004-03-08;376.1;3;376.1
2004-03-09;205.9;3;205.9
2004-03-10;143.5;3;143.5
2004-03-11;158.8;3;158.8
2004-03-12;192.3;3;192.3
2004-03-13;372.4;3;372.4
2004-03-14;374.2;3;374.2
2004-03-15;200.2;3;200.2
2004-03-16;182.1;3;182.1
2004-03-17;352.7;3;352.7
2004-03-18;387.1;3;387.1
2004-03-19;400.0;3;400.0
2004-03-20;398.1;3;398.1
2004-03-21;329.8;3;329.8
2004-03-22;279.0;3;279.0
2004-03-23;155.2;3;155.2
2004-03-24;131.6;3;131.6
2004-03-25;122.0;3;122.0
2004-03-26;120.8;3;120.8
2004-03-27;112.7;3;112.7
2004-03-28;110.3;3;110.3
2004-03-29;105.6;3;105.6
2004-03-30;101.2;3;101.2
2004-03-31;98.56;3;98.56
2004-04-01;97.68;4;97.68
2004-04-02;95.92;4;95.92
2004-04-03;91.52;4;91.52
2004-04-04;96.8;4;96.8
2004-04-05;95.92;4;95.92
2004-04-06;115.8;4;115.8
2004-04-07;309.9;4;309.9
2004-04-08;356.2;4;356.2
2004-04-09;354.1;4;354.1
2004-04-10;345.9;4;345.9
2004-04-11;320.0;4;320.0
2004-04-12;234.8;4;234.8
2004-04-13;130.4;4;130.4
2004-04-14;123.2;4;123.2
2004-04-15;106.0;4;106.0
2004-04-16;103.8;4;103.8
2004-04-17;101.2;4;101.2
2004-04-18;95.48;4;95.48
2004-04-19;94.16;4;94.16
2004-04-20;94.16;4;94.16
2004-04-21;99.44;4;99.44
2004-04-22;244.6;4;244.6
2004-04-23;164.6;4;164.6
2004-04-24;143.5;4;143.5
2004-04-25;128.0;4;128.0
2004-04-26;166.1;4;166.1
2004-04-27;323.3;4;323.3
2004-04-28;360.1;4;360.1
2004-04-29;383.4;4;383.4
2004-04-30;389.0;4;389.0
2004-05-01;390.8;5;390.8
2004-05-02;320.5;5;320.5
2004-05-03;230.4;5;230.4
2004-05-04;223.5;5;223.5
2004-05-05;209.6;5;209.6
2004-05-06;187.2;5;187.2
2004-05-07;197.7;5;197.7
2004-05-08;288.6;5;288.6
2004-05-09;295.3;5;295.3
2004-05-10;210.2;5;210.2
2004-05-11;184.6;5;184.6
2004-05-12;280.4;5;280.4
2004-05-13;278.7;5;278.7
2004-05-14;218.3;5;218.3
2004-05-15;232.9;5;232.9
2004-05-16;316.7;5;316.7
2004-05-17;272.6;5;272.6
2004-05-18;230.5;5;230.5
2004-05-19;215.1;5;215.1
2004-05-20;224.9;5;224.9
2004-05-21;279.7;5;279.7
2004-05-22;328.1;5;328.1
2004-05-23;230.5;5;230.5
2004-05-24;170.2;5;170.2
2004-05-25;236.3;5;236.3
2004-05-26;323.6;5;323.6
2004-05-27;460.1;5;460.1
2004-05-28;443.4;5;443.4
2004-05-29;427.2;5;427.2
2004-05-30;434.4;5;434.4
2004-05-31;452.5;5;452.5
2004-06-01;441.7;6;441.7
2004-06-02;445.3;6;445.3
2004-06-03;401.8;6;401.8
2004-06-04;405.4;6;405.4
2004-06-05;450.7;6;450.7
2004-06-06;456.0;6;456.0
2004-06-07;443.5;6;443.5
2004-06-08;452.5;6;452.5
2004-06-09;452.5;6;452.5
2004-06-10;429.9;6;429.9
2004-06-11;436.2;6;436.2
2004-06-12;466.8;6;466.8
2004-06-13;492.2;6;492.2
2004-06-14;510.0;6;510.0
2004-06-15;502.0;6;502.0
2004-06-16;500.0;6;500.0
2004-06-17;502.0;6;502.0
2004-06-18;550.0;6;550.0
2004-06-19;550.0;6;550.0
2004-06-20;534.0;6;534.0
2004-06-21;531.0;6;531.0
2004-06-22;530.0;6;530.0
2004-06-23;526.0;6;526.0
2004-06-24;522.0;6;522.0
2004-06-25;522.0;6;522.0
2004-06-26;532.0;6;532.0
2004-06-27;471.2;6;471.2
2004-06-28;423.6;6;423.6
2004-06-29;424.4;6;424.4
2004-06-30;512.0;6;512.0
2004-07-01;513.0;7;513.0
2004-07-02;521.0;7;521.0
2004-07-03;524.0;7;524.0
2004-07-04;542.0;7;542.0
2004-07-05;550.0;7;550.0
2004-07-06;540.0;7;540.0
2004-07-07;558.0;7;558.0
2004-07-08;555.0;7;555.0
2004-07-09;542.0;7;542.0
2004-07-10;506.0;7;506.0
2004-07-11;481.1;7;481.1
2004-07-12;458.7;7;458.7
2004-07-13;391.7;7;391.7
2004-07-14;374.2;7;374.2
2004-07-15;365.0;7;365.0
2004-07-16;496.0;7;496.0
2004-07-17;508.0;7;508.0
2004-07-18;530.0;7;530.0
2004-07-19;514.0;7;514.0
2004-07-20;510.0;7;510.0
2004-07-21;516.0;7;516.0
2004-07-22;530.0;7;530.0
2004-07-23;525.0;7;525.0
2004-07-24;522.0;7;522.0
2004-07-25;527.0;7;527.0
2004-07-26;544.0;7;544.0
2004-07-27;539.0;7;539.0
2004-07-28;548.0;7;548.0
2004-07-29;551.0;7;551.0
2004-07-30;552.0;7;552.0
2004-07-31;548.0;7;548.0
2004-08-01;496.0;8;496.0
2004-08-02;524.0;8;524.0
2004-08-03;526.0;8;526.0
2004-08-04;398.1;8;398.1
2004-08-05;350.9;8;350.9
2004-08-06;333.0;8;333.0
2004-08-07;328.1;8;328.1
2004-08-08;309.4;8;309.4
2004-08-09;309.4;8;309.4
2004-08-10;365.8;8;365.8
2004-08-11;481.1;8;481.1
2004-08-12;492.0;8;492.0
2004-08-13;508.0;8;508.0
2004-08-14;510.0;8;510.0
2004-08-15;512.0;8;512.0
2004-08-16;507.0;8;507.0
2004-08-17;510.0;8;510.0
2004-08-18;510.0;8;510.0
2004-08-19;516.0;8;516.0
2004-08-20;517.0;8;517.0
2004-08-21;514.0;8;514.0
2004-08-22;510.0;8;510.0
2004-08-23;486.4;8;486.4
2004-08-24;410.9;8;410.9
2004-08-25;494.4;8;494.4
2004-08-26;514.0;8;514.0
2004-08-27;510.0;8;510.0
2004-08-28;514.0;8;514.0
2004-08-29;387.0;8;387.0
2004-08-30;331.4;8;331.4
2004-08-31;328.1;8;328.1
2004-09-01;339.8;9;339.8
2004-09-02;394.4;9;394.4
2004-09-03;481.1;9;481.1
2004-09-04;505.0;9;505.0
2004-09-05;522.0;9;522.0
2004-09-06;530.0;9;530.0
2004-09-07;532.0;9;532.0
2004-09-08;538.0;9;538.0
2004-09-09;539.0;9;539.0
2004-09-10;541.0;9;541.0
2004-09-11;554.0;9;554.0
2004-09-12;565.0;9;565.0
2004-09-13;563.0;9;563.0
2004-09-14;566.0;9;566.0
2004-09-15;572.0;9;572.0
2004-09-16;574.0;9;574.0
2004-09-17;588.2;9;588.2
2004-09-18;602.1;9;602.1
2004-09-19;599.9;9;599.9
2004-09-20;514.0;9;514.0
2004-09-21;467.6;9;467.6
2004-09-22;436.2;9;436.2
2004-09-23;439.9;9;439.9
2004-09-24;432.6;9;432.6
2004-09-25;432.6;9;432.6
2004-09-26;474.3;9;474.3
2004-09-27;470.3;9;470.3
2004-09-28;452.5;9;452.5
2004-09-29;516.0;9;516.0
2004-09-30;504.0;9;504.0
2004-10-01;542.0;10;542.0
2004-10-02;529.0;10;529.0
2004-10-03;508.0;10;508.0
2004-10-04;487.4;10;487.4
2004-10-05;466.8;10;466.8
2004-10-06;465.0;10;465.0
2004-10-07;462.3;10;462.3
2004-10-08;467.6;10;467.6
2004-10-09;538.0;10;538.0
2004-10-10;560.0;10;560.0
2004-10-11;554.0;10;554.0
2004-10-12;564.0;10;564.0
2004-10-13;570.0;10;570.0
2004-10-14;562.0;10;562.0
2004-10-15;523.0;10;523.0
2004-10-16;570.0;10;570.0
2004-10-17;515.0;10;515.0
2004-10-18;452.5;10;452.5
2004-10-19;429.0;10;429.0
2004-10-20;419.0;10;419.0
2004-10-21;421.7;10;421.7
2004-10-22;419.9;10;419.9
2004-10-23;421.7;10;421.7
2004-10-24;405.4;10;405.4
2004-10-25;436.1;10;436.1
2004-10-26;560.0;10;560.0
2004-10-27;567.0;10;567.0
2004-10-28;558.0;10;558.0
2004-10-29;456.0;10;456.0
2004-10-30;426.3;10;426.3
2004-10-31;409.1;10;409.1
2004-11-01;480.8;11;480.8
2004-11-02;552.0;11;552.0
2004-11-03;560.0;11;560.0
2004-11-04;454.1;11;454.1
2004-11-05;400.0;11;400.0
2004-11-06;497.0;11;497.0
2004-11-07;486.4;11;486.4
2004-11-08;515.0;11;515.0
2004-11-09;527.0;11;527.0
2004-11-10;540.0;11;540.0
2004-11-11;540.0;11;540.0
2004-11-12;544.0;11;544.0
2004-11-13;560.0;11;560.0
2004-11-14;588.0;11;588.0
2004-11-15;572.0;11;572.0
2004-11-16;587.2;11;587.2
2004-11-17;556.0;11;556.0
2004-11-18;461.3;11;461.3
2004-11-19;407.2;11;407.2
2004-11-20;392.6;11;392.6
2004-11-21;390.8;11;390.8
2004-11-22;401.7;11;401.7
2004-11-23;479.7;11;479.7
2004-11-24;537.0;11;537.0
2004-11-25;526.0;11;526.0
2004-11-26;419.0;11;419.0
2004-11-27;375.2;11;375.2
2004-11-28;356.9;11;356.9
2004-11-29;329.8;11;329.8
2004-11-30;315.2;11;315.2
2004-12-01;293.6;12;293.6
2004-12-02;305.2;12;305.2
2004-12-03;441.6;12;441.6
2004-12-04;411.8;12;411.8
2004-12-05;445.2;12;445.2
2004-12-06;362.1;12;362.1
2004-12-07;295.3;12;295.3
2004-12-08;373.8;12;373.8
2004-12-09;473.9;12;473.9
2004-12-10;357.3;12;357.3
2004-12-11;285.3;12;285.3
2004-12-12;272.1;12;272.1
2004-12-13;270.9;12;270.9
2004-12-14;459.6;12;459.6
2004-12-15;463.2;12;463.2
2004-12-16;460.5;12;460.5
2004-12-17;325.5;12;325.5
2004-12-18;350.7;12;350.7
2004-12-19;420.8;12;420.8
2004-12-20;432.6;12;432.6
2004-12-21;436.2;12;436.2
2004-12-22;342.7;12;342.7
2004-12-23;280.9;12;280.9
2004-12-24;232.5;12;232.5
2004-12-25;224.2;12;224.2
2004-12-26;213.7;12;213.7
2004-12-27;205.4;12;205.4
2004-12-28;212.3;12;212.3
2004-12-29;377.9;12;377.9
2004-12-30;361.0;12;361.0
2004-12-31;279.5;12;279.5
2005-01-01;230.7;1;230.7
2005-01-02;384.4;1;384.4
2005-01-03;285.6;1;285.6
2005-01-04;210.9;1;210.9
2005-01-05;187.2;1;187.2
2005-01-06;191.6;1;191.6
2005-01-07;175.0;1;175.0
2005-01-08;169.4;1;169.4
2005-01-09;166.4;1;166.4
2005-01-10;161.7;1;161.7
2005-01-11;163.4;1;163.4
2005-01-12;170.6;1;170.6
2005-01-13;164.0;1;164.0
2005-01-14;161.1;1;161.1
2005-01-15;156.4;1;156.4
2005-01-16;154.1;1;154.1
2005-01-17;148.2;1;148.2
2005-01-18;-999.000;1;144.8
2005-01-19;-999.000;1;170.6
2005-01-20;-999.000;1;175.488
2005-01-21;-999.000;1;340.0
2005-01-22;-999.000;1;157.6
2005-01-23;-999.000;1;256.0
2005-01-24;-999.000;1;495.5
2005-01-25;-999.000;1;241.3
2005-01-26;-999.000;1;566.6
2005-01-27;-999.000;1;346.025
2005-01-28;-999.000;1;301.1
2005-01-29;-999.000;1;179.5
2005-01-30;-999.000;1;317.9
2005-01-31;-999.000;1;270.25
2005-02-01;151.7;2;151.7
2005-02-02;149.4;2;149.4
2005-02-03;141.8;2;141.8
2005-02-04;138.8;2;138.8
2005-02-05;135.2;2;135.2
2005-02-06;130.4;2;130.4
2005-02-07;119.6;2;119.6
2005-02-08;124.4;2;124.4
2005-02-09;123.8;2;123.8
2005-02-10;337.0;2;337.0
2005-02-11;377.9;2;377.9
2005-02-12;396.2;2;396.2
2005-02-13;234.8;2;234.8
2005-02-14;159.3;2;159.3
2005-02-15;155.2;2;155.2
2005-02-16;390.6;2;390.6
2005-02-17;451.5;2;451.5
2005-02-18;259.8;2;259.8
2005-02-19;367.8;2;367.8
2005-02-20;282.5;2;282.5
2005-02-21;366.9;2;366.9
2005-02-22;281.3;2;281.3
2005-02-23;377.9;2;377.9
2005-02-24;292.0;2;292.0
2005-02-25;342.7;2;342.7
2005-02-26;336.2;2;336.2
2005-02-27;361.4;2;361.4
2005-02-28;320.0;2;320.0
2005-03-01;328.1;3;328.1
2005-03-02;352.7;3;352.7
2005-03-03;-999.000;3;290.2
2005-03-04;403.8;3;403.8
2005-03-05;292.0;3;292.0
2005-03-06;263.8;3;263.8
2005-03-07;262.4;3;262.4
2005-03-08;250.0;3;250.0
2005-03-09;226.3;3;226.3
2005-03-10;203.1;3;203.1
2005-03-11;194.7;3;194.7
2005-03-12;186.5;3;186.5
2005-03-13;179.5;3;179.5
2005-03-14;179.5;3;179.5
2005-03-15;179.5;3;179.5
2005-03-16;270.4;3;270.4
2005-03-17;239.2;3;239.2
2005-03-18;311.1;3;311.1
2005-03-19;255.9;3;255.9
2005-03-20;315.0;3;315.0
2005-03-21;278.8;3;278.8
2005-03-22;308.2;3;308.2
2005-03-23;307.8;3;307.8
2005-03-24;284.1;3;284.1
2005-03-25;311.6;3;311.6
2005-03-26;299.2;3;299.2
2005-03-27;261.0;3;261.0
2005-03-28;239.6;3;239.6
2005-03-29;253.0;3;253.0
2005-03-30;214.0;3;214.0
2005-03-31;185.7;3;185.7
2005-04-01;115.4;4;115.4
2005-04-02;116.6;4;116.6
2005-04-03;111.8;4;111.8
2005-04-04;119.6;4;119.6
2005-04-05;130.4;4;130.4
2005-04-06;118.4;4;118.4
2005-04-07;117.8;4;117.8
2005-04-08;108.7;4;108.7
2005-04-09;112.4;4;112.4
2005-04-10;116.0;4;116.0
2005-04-11;117.2;4;117.2
2005-04-12;179.5;4;179.5
2005-04-13;318.3;4;318.3
2005-04-14;401.0;4;401.0
2005-04-15;413.8;4;413.8
2005-04-16;427.4;4;427.4
2005-04-17;460.5;4;460.5
2005-04-18;453.4;4;453.4
2005-04-19;433.2;4;433.2
2005-04-20;329.9;4;329.9
2005-04-21;268.7;4;268.7
2005-04-22;316.7;4;316.7
2005-04-23;353.8;4;353.8
2005-04-24;335.1;4;335.1
2005-04-25;275.1;4;275.1
2005-04-26;376.9;4;376.9
2005-04-27;387.3;4;387.3
2005-04-28;311.0;4;311.0
2005-04-29;320.1;4;320.1
2005-04-30;328.5;4;328.5
2005-05-01;-999.000;5;224.9
2005-05-02;259.9;5;259.9
2005-05-03;259.5;5;259.5
2005-05-04;246.2;5;246.2
2005-05-05;227.9;5;227.9
2005-05-06;213.3;5;213.3
2005-05-07;204.4;5;204.4
2005-05-08;202.1;5;202.1
2005-05-09;199.3;5;199.3
2005-05-10;192.6;5;192.6
2005-05-11;185.7;5;185.7
2005-05-12;179.9;5;179.9
2005-05-13;-999.000;5;435.8
2005-05-14;328.8;5;328.8
2005-05-15;453.7;5;453.7
2005-05-16;451.4;5;451.4
2005-05-17;456.0;5;456.0
2005-05-18;530.0;5;530.0
2005-05-19;532.8;5;532.8
2005-05-20;493.0;5;493.0
2005-05-21;514.7;5;514.7
2005-05-22;525.3;5;525.3
2005-05-23;524.9;5;524.9
2005-05-24;536.7;5;536.7
2005-05-25;-999.000;5;552.8
2005-05-26;528.6;5;528.6
2005-05-27;516.9;5;516.9
2005-05-28;508.8;5;508.8
2005-05-29;508.6;5;508.6
2005-05-30;513.4;5;513.4
2005-05-31;505.8;5;505.8
2005-06-01;-999.000;6;585.0
2005-06-02;494.3;6;494.3
2005-06-03;498.3;6;498.3
2005-06-04;505.5;6;505.5
2005-06-05;511.6;6;511.6
2005-06-06;498.5;6;498.5
2005-06-07;502.8;6;502.8
2005-06-08;503.4;6;503.4
2005-06-09;510.7;6;510.7
2005-06-10;525.2;6;525.2
2005-06-11;561.5;6;561.5
2005-06-12;585.0;6;585.0
2005-06-13;-999.000;6;364.4
2005-06-14;558.9;6;558.9
2005-06-15;579.6;6;579.6
2005-06-16;566.4;6;566.4
2005-06-17;548.8;6;548.8
2005-06-18;549.8;6;549.8
2005-06-19;541.3;6;541.3
2005-06-20;462.5;6;462.5
2005-06-21;419.7;6;419.7
2005-06-22;435.1;6;435.1
2005-06-23;522.0;6;522.0
2005-06-24;526.6;6;526.6
2005-06-25;-999.000;6;482.708
2005-06-26;597.8;6;597.8
2005-06-27;590.4;6;590.4
2005-06-28;606.5;6;606.5
2005-06-29;622.3;6;622.3
2005-06-30;628.5;6;628.5
2005-07-01;-999.000;7;686.0
2005-07-02;628.9;7;628.9
2005-07-03;628.3;7;628.3
2005-07-04;627.5;7;627.5
2005-07-05;628.3;7;628.3
2005-07-06;633.7;7;633.7
2005-07-07;653.1;7;653.1
2005-07-08;663.5;7;663.5
2005-07-09;656.3;7;656.3
2005-07-10;650.1;7;650.1
2005-07-11;595.6;7;595.6
2005-07-12;557.7;7;557.7
2005-07-13;572.8;7;572.8
2005-07-14;646.5;7;646.5
2005-07-15;651.6;7;651.6
2005-07-16;655.5;7;655.5
2005-07-17;661.7;7;661.7
2005-07-18;660.1;7;660.1
2005-07-19;673.5;7;673.5
2005-07-20;680.4;7;680.4
2005-07-21;681.7;7;681.7
2005-07-22;687.7;7;687.7
2005-07-23;697.7;7;697.7
2005-07-24;693.6;7;693.6
2005-07-25;625.5;7;625.5
2005-07-26;618.0;7;618.0
2005-07-27;680.6;7;680.6
2005-07-28;681.9;7;681.9
2005-07-29;685.1;7;685.1
2005-07-30;684.5;7;684.5
2005-07-31;690.2;7;690.2
2005-08-01;694.5;8;694.5
2005-08-02;695.6;8;695.6
2005-08-03;694.5;8;694.5
2005-08-04;693.4;8;693.4
2005-08-05;696.7;8;696.7
2005-08-06;700.0;8;700.0
2005-08-07;698.9;8;698.9
2005-08-08;698.9;8;698.9
2005-08-09;700.0;8;700.0
2005-08-10;702.1;8;702.1
2005-08-11;706.4;8;706.4
2005-08-12;690.0;8;690.0
2005-08-13;614.2;8;614.2
2005-08-14;568.0;8;568.0
2005-08-15;555.0;8;555.0
2005-08-16;550.0;8;550.0
2005-08-17;585.2;8;585.2
2005-08-18;680.2;8;680.2
2005-08-19;705.4;8;705.4
2005-08-20;709.7;8;709.7
2005-08-21;711.8;8;711.8
2005-08-22;618.6;8;618.6
2005-08-23;597.0;8;597.0
2005-08-24;674.7;8;674.7
2005-08-25;690.1;8;690.1
2005-08-26;694.5;8;694.5
2005-08-27;694.5;8;694.5
2005-08-28;695.6;8;695.6
2005-08-29;647.2;8;647.2
2005-08-30;692.3;8;692.3
2005-08-31;692.3;8;692.3
2005-09-01;678.0;9;678.0
2005-09-02;669.2;9;669.2
2005-09-03;664.8;9;664.8
2005-09-04;679.1;9;679.1
2005-09-05;673.6;9;673.6
2005-09-06;675.8;9;675.8
2005-09-07;680.2;9;680.2
2005-09-08;671.4;9;671.4
2005-09-09;590.6;9;590.6
2005-09-10;553.0;9;553.0
2005-09-11;555.0;9;555.0
2005-09-12;580.5;9;580.5
2005-09-13;584.5;9;584.5
2005-09-14;596.2;9;596.2
2005-09-15;617.8;9;617.8
2005-09-16;623.6;9;623.6
2005-09-17;624.8;9;624.8
2005-09-18;634.0;9;634.0
2005-09-19;644.6;9;644.6
2005-09-20;656.2;9;656.2
2005-09-21;651.2;9;651.2
2005-09-22;607.1;9;607.1
2005-09-23;594.4;9;594.4
2005-09-24;602.4;9;602.4
2005-09-25;603.9;9;603.9
2005-09-26;581.2;9;581.2
2005-09-27;565.8;9;565.8
2005-09-28;588.9;9;588.9
2005-09-29;601.5;9;601.5
2005-09-30;605.3;9;605.3
2005-10-01;613.3;10;613.3
2005-10-02;613.3;10;613.3
2005-10-03;586.8;10;586.8
2005-10-04;522.1;10;522.1
2005-10-05;550.8;10;550.8
2005-10-06;596.6;10;596.6
2005-10-07;598.5;10;598.5
2005-10-08;604.1;10;604.1
2005-10-09;635.7;10;635.7
2005-10-10;629.6;10;629.6
2005-10-11;621.6;10;621.6
2005-10-12;637.8;10;637.8
2005-10-13;638.1;10;638.1
2005-10-14;631.9;10;631.9
2005-10-15;643.8;10;643.8
2005-10-16;631.2;10;631.2
2005-10-17;536.0;10;536.0
2005-10-18;477.5;10;477.5
2005-10-19;511.8;10;511.8
2005-10-20;620.0;10;620.0
2005-10-21;621.2;10;621.2
2005-10-22;618.5;10;618.5
2005-10-23;622.5;10;622.5
2005-10-24;621.5;10;621.5
2005-10-25;621.6;10;621.6
2005-10-26;598.5;10;598.5
2005-10-27;594.1;10;594.1
2005-10-28;602.1;10;602.1
2005-10-29;601.9;10;601.9
2005-10-30;619.9;10;619.9
2005-10-31;598.3;10;598.3
2005-11-01;627.9;11;627.9
2005-11-02;631.1;11;631.1
2005-11-03;579.0;11;579.0
2005-11-04;574.1;11;574.1
2005-11-05;622.3;11;622.3
2005-11-06;636.6;11;636.6
2005-11-07;635.6;11;635.6
2005-11-08;648.3;11;648.3
2005-11-09;642.8;11;642.8
2005-11-10;573.3;11;573.3
2005-11-11;532.0;11;532.0
2005-11-12;579.5;11;579.5
2005-11-13;652.7;11;652.7
2005-11-14;664.7;11;664.7
2005-11-15;668.1;11;668.1
2005-11-16;663.5;11;663.5
2005-11-17;595.0;11;595.0
2005-11-18;575.6;11;575.6
2005-11-19;663.9;11;663.9
2005-11-20;682.1;11;682.1
2005-11-21;681.2;11;681.2
2005-11-22;670.7;11;670.7
2005-11-23;612.4;11;612.4
2005-11-24;591.8;11;591.8
2005-11-25;555.2;11;555.2
2005-11-26;554.8;11;554.8
2005-11-27;624.3;11;624.3
2005-11-28;592.9;11;592.9
2005-11-29;552.2;11;552.2
2005-11-30;571.3;11;571.3
2005-12-01;605.4;12;605.4
2005-12-02;616.4;12;616.4
2005-12-03;623.4;12;623.4
2005-12-04;581.3;12;581.3
2005-12-05;594.1;12;594.1
2005-12-06;588.5;12;588.5
2005-12-07;544.9;12;544.9
2005-12-08;514.3;12;514.3
2005-12-09;535.8;12;535.8
2005-12-10;553.2;12;553.2
2005-12-11;474.9;12;474.9
2005-12-12;439.6;12;439.6
2005-12-13;428.0;12;428.0
2005-12-14;450.6;12;450.6
2005-12-15;389.1;12;389.1
2005-12-16;383.7;12;383.7
2005-12-17;411.2;12;411.2
2005-12-18;471.4;12;471.4
2005-12-19;462.1;12;462.1
2005-12-20;451.8;12;451.8
2005-12-21;432.9;12;432.9
2005-12-22;353.3;12;353.3
2005-12-23;302.2;12;302.2
2005-12-24;307.3;12;307.3
2005-12-25;286.1;12;286.1
2005-12-26;267.9;12;267.9
2005-12-27;263.4;12;263.4
2005-12-28;259.8;12;259.8
2005-12-29;256.2;12;256.2
2005-12-30;251.8;12;251.8
2005-12-31;241.0;12;241.0
2006-01-01;229.0;1;229.0
2006-01-02;223.5;1;223.5
2006-01-03;217.9;1;217.9
2006-01-04;213.7;1;213.7
2006-01-05;215.1;1;215.1
2006-01-06;222.1;1;222.1
2006-01-07;321.7;1;321.7
2006-01-08;295.3;1;295.3
2006-01-09;287.0;1;287.0
2006-01-10;221.4;1;221.4
2006-01-11;253.3;1;253.3
2006-01-12;438.0;1;438.0
2006-01-13;448.8;1;448.8
2006-01-14;297.3;1;297.3
2006-01-15;-999.000;1;179.5
2006-01-16;401.8;1;401.8
2006-01-17;279.7;1;279.7
2006-01-18;212.3;1;212.3
2006-01-19;197.4;1;197.4
2006-01-20;186.5;1;186.5
2006-01-21;182.1;1;182.1
2006-01-22;194.2;1;194.2
2006-01-23;188.4;1;188.4
2006-01-24;174.4;1;174.4
2006-01-25;361.4;1;361.4
2006-01-26;266.4;1;266.4
2006-01-27;323.3;1;323.3
2006-01-28;254.7;1;254.7
2006-01-29;171.9;1;171.9
2006-01-30;163.4;1;163.4
2006-01-31;151.7;1;151.7
2006-02-01;153.5;2;153.5
2006-02-02;295.3;2;295.3
2006-02-03;201.8;2;201.8
2006-02-04;164.7;2;164.7
2006-02-05;145.9;2;145.9
2006-02-06;143.5;2;143.5
2006-02-07;141.8;2;141.8
2006-02-08;273.7;2;273.7
2006-02-09;382.5;2;382.5
2006-02-10;230.7;2;230.7
2006-02-11;-999.000;2;159.1
2006-02-12;398.1;2;398.1
2006-02-13;404.4;2;404.4
2006-02-14;260.5;2;260.5
2006-02-15;362.1;2;362.1
2006-02-16;377.2;2;377.2
2006-02-17;220.7;2;220.7
2006-02-18;183.3;2;183.3
2006-02-19;374.2;2;374.2
2006-02-20;390.7;2;390.7
2006-02-21;265.4;2;265.4
2006-02-22;392.6;2;392.6
2006-02-23;396.2;2;396.2
2006-02-24;251.5;2;251.5
2006-02-25;177.0;2;177.0
2006-02-26;161.7;2;161.7
2006-02-27;151.7;2;151.7
2006-02-28;141.8;2;141.8
2006-03-01;138.8;3;138.8
2006-03-02;152.9;3;152.9
2006-03-03;356.6;3;356.6
2006-03-04;361.5;3;361.5
2006-03-05;379.8;3;379.8
2006-03-06;267.0;3;267.0
2006-03-07;195.6;3;195.6
2006-03-08;303.6;3;303.6
2006-03-09;222.6;3;222.6
2006-03-10;157.0;3;157.0
2006-03-11;147.0;3;147.0
2006-03-12;138.2;3;138.2
2006-03-13;142.9;3;142.9
2006-03-14;227.4;3;227.4
2006-03-15;376.1;3;376.1
2006-03-16;341.6;3;341.6
2006-03-17;210.8;3;210.8
2006-03-18;161.8;3;161.8
2006-03-19;333.0;3;333.0
2006-03-20;316.8;3;316.8
2006-03-21;290.3;3;290.3
2006-03-22;283.6;3;283.6
2006-03-23;287.0;3;287.0
2006-03-24;354.0;3;354.0
2006-03-25;310.1;3;310.1
2006-03-26;236.8;3;236.8
2006-03-27;158.2;3;158.2
2006-03-28;165.1;3;165.1
2006-03-29;381.6;3;381.6
2006-03-30;409.1;3;409.1
2006-03-31;408.2;3;408.2
2006-04-01;400.9;4;400.9
2006-04-02;390.8;4;390.8
2006-04-03;253.4;4;253.4
2006-04-04;186.5;4;186.5
2006-04-05;164.6;4;164.6
2006-04-06;165.8;4;165.8
2006-04-07;283.3;4;283.3
2006-04-08;398.1;4;398.1
2006-04-09;377.0;4;377.0
2006-04-10;366.9;4;366.9
2006-04-11;387.1;4;387.1
2006-04-12;403.6;4;403.6
2006-04-13;403.6;4;403.6
2006-04-14;429.0;4;429.0
2006-04-15;398.1;4;398.1
2006-04-16;396.3;4;396.3
2006-04-17;425.4;4;425.4
2006-04-18;424.5;4;424.5
2006-04-19;403.6;4;403.6
2006-04-20;295.6;4;295.6
2006-04-21;204.7;4;204.7
2006-04-22;300.3;4;300.3
2006-04-23;251.8;4;251.8
2006-04-24;290.4;4;290.4
2006-04-25;324.9;4;324.9
2006-04-26;339.5;4;339.5
2006-04-27;349.3;4;349.3
2006-04-28;354.2;4;354.2
2006-04-29;336.2;4;336.2
2006-04-30;336.2;4;336.2
2006-05-01;352.5;5;352.5
2006-05-02;300.3;5;300.3
2006-05-03;292.3;5;292.3
2006-05-04;373.3;5;373.3
2006-05-05;366.0;5;366.0
2006-05-06;366.0;5;366.0
2006-05-07;361.4;5;361.4
2006-05-08;325.7;5;325.7
2006-05-09;311.9;5;311.9
2006-05-10;425.3;5;425.3
2006-05-11;508.0;5;508.0
2006-05-12;496.0;5;496.0
2006-05-13;473.9;5;473.9
2006-05-14;457.8;5;457.8
2006-05-15;387.1;5;387.1
2006-05-16;356.2;5;356.2
2006-05-17;448.8;5;448.8
2006-05-18;479.3;5;479.3
2006-05-19;492.4;5;492.4
2006-05-20;517.0;5;517.0
2006-05-21;551.0;5;551.0
2006-05-22;548.0;5;548.0
2006-05-23;535.0;5;535.0
2006-05-24;514.0;5;514.0
2006-05-25;512.0;5;512.0
2006-05-26;538.0;5;538.0
2006-05-27;532.0;5;532.0
2006-05-28;524.0;5;524.0
2006-05-29;546.0;5;546.0
2006-05-30;572.0;5;572.0
2006-05-31;589.3;5;589.3
2006-06-01;581.0;6;581.0
2006-06-02;589.3;6;589.3
2006-06-03;602.1;6;602.1
2006-06-04;603.2;6;603.2
2006-06-05;599.9;6;599.9
2006-06-06;606.5;6;606.5
2006-06-07;603.2;6;603.2
2006-06-08;597.7;6;597.7
2006-06-09;596.6;6;596.6
2006-06-10;594.4;6;594.4
2006-06-11;594.4;6;594.4
2006-06-12;587.1;6;587.1
2006-06-13;589.1;6;589.1
2006-06-14;598.8;6;598.8
2006-06-15;603.2;6;603.2
2006-06-16;603.2;6;603.2
2006-06-17;609.8;6;609.8
2006-06-18;621.9;6;621.9
2006-06-19;630.7;6;630.7
2006-06-20;628.5;6;628.5
2006-06-21;634.0;6;634.0
2006-06-22;630.7;6;630.7
2006-06-23;618.6;6;618.6
2006-06-24;612.0;6;612.0
2006-06-25;616.4;6;616.4
2006-06-26;597.7;6;597.7
2006-06-27;593.3;6;593.3
2006-06-28;609.8;6;609.8
2006-06-29;603.2;6;603.2
2006-06-30;581.0;6;581.0
2006-07-01;591.2;7;591.2
2006-07-02;588.0;7;588.0
2006-07-03;596.6;7;596.6
2006-07-04;586.0;7;586.0
2006-07-05;571.0;7;571.0
2006-07-06;570.0;7;570.0
2006-07-07;569.0;7;569.0
2006-07-08;572.0;7;572.0
2006-07-09;580.0;7;580.0
2006-07-10;577.0;7;577.0
2006-07-11;572.0;7;572.0
2006-07-12;571.0;7;571.0
2006-07-13;560.0;7;560.0
2006-07-14;570.0;7;570.0
2006-07-15;564.0;7;564.0
2006-07-16;568.0;7;568.0
2006-07-17;568.0;7;568.0
2006-07-18;576.0;7;576.0
2006-07-19;579.0;7;579.0
2006-07-20;574.0;7;574.0
2006-07-21;571.0;7;571.0
2006-07-22;602.1;7;602.1
2006-07-23;619.7;7;619.7
2006-07-24;620.8;7;620.8
2006-07-25;618.6;7;618.6
2006-07-26;619.7;7;619.7
2006-07-27;632.9;7;632.9
2006-07-28;654.9;7;654.9
2006-07-29;657.1;7;657.1
2006-07-30;660.4;7;660.4
2006-07-31;680.2;7;680.2
2006-08-01;684.6;8;684.6
2006-08-02;683.5;8;683.5
2006-08-03;696.7;8;696.7
2006-08-04;702.1;8;702.1
2006-08-05;681.3;8;681.3
2006-08-06;635.1;8;635.1
2006-08-07;581.0;8;581.0
2006-08-08;532.0;8;532.0
2006-08-09;528.0;8;528.0
2006-08-10;536.0;8;536.0
2006-08-11;634.0;8;634.0
2006-08-12;626.3;8;626.3
2006-08-13;488.2;8;488.2
2006-08-14;467.6;8;467.6
2006-08-15;452.5;8;452.5
2006-08-16;453.3;8;453.3
2006-08-17;526.8;8;526.8
2006-08-18;612.0;8;612.0
2006-08-19;630.7;8;630.7
2006-08-20;625.2;8;625.2
2006-08-21;551.0;8;551.0
2006-08-22;520.0;8;520.0
2006-08-23;553.0;8;553.0
2006-08-24;619.7;8;619.7
2006-08-25;647.2;8;647.2
2006-08-26;667.0;8;667.0
2006-08-27;679.1;8;679.1
2006-08-28;645.0;8;645.0
2006-08-29;625.2;8;625.2
2006-08-30;670.3;8;670.3
2006-08-31;682.4;8;682.4
2006-09-01;690.1;9;690.1
2006-09-02;695.6;9;695.6
2006-09-03;694.5;9;694.5
2006-09-04;599.2;9;599.2
2006-09-05;592.5;9;592.5
2006-09-06;678.0;9;678.0
2006-09-07;687.9;9;687.9
2006-09-08;693.4;9;693.4
2006-09-09;694.5;9;694.5
2006-09-10;663.7;9;663.7
2006-09-11;582.6;9;582.6
2006-09-12;552.0;9;552.0
2006-09-13;619.7;9;619.7
2006-09-14;656.0;9;656.0
2006-09-15;647.2;9;647.2
2006-09-16;629.6;9;629.6
2006-09-17;592.4;9;592.4
2006-09-18;543.0;9;543.0
2006-09-19;526.0;9;526.0
2006-09-20;628.5;9;628.5
2006-09-21;645.0;9;645.0
2006-09-22;648.3;9;648.3
2006-09-23;647.2;9;647.2
2006-09-24;642.8;9;642.8
2006-09-25;562.0;9;562.0
2006-09-26;577.0;9;577.0
2006-09-27;645.0;9;645.0
2006-09-28;640.6;9;640.6
2006-09-29;648.3;9;648.3
2006-09-30;642.8;9;642.8
2006-10-01;572.0;10;572.0
2006-10-02;518.2;10;518.2
2006-10-03;468.5;10;468.5
2006-10-04;564.0;10;564.0
2006-10-05;585.0;10;585.0
2006-10-06;602.1;10;602.1
2006-10-07;605.4;10;605.4
2006-10-08;594.6;10;594.6
2006-10-09;514.0;10;514.0
2006-10-10;468.5;10;468.5
2006-10-11;580.0;10;580.0
2006-10-12;582.0;10;582.0
2006-10-13;593.4;10;593.4
2006-10-14;596.6;10;596.6
2006-10-15;584.0;10;584.0
2006-10-16;477.5;10;477.5
2006-10-17;438.1;10;438.1
2006-10-18;436.2;10;436.2
2006-10-19;475.7;10;475.7
2006-10-20;481.1;10;481.1
2006-10-21;435.3;10;435.3
2006-10-22;427.2;10;427.2
2006-10-23;368.7;10;368.7
2006-10-24;361.5;10;361.5
2006-10-25;502.0;10;502.0
2006-10-26;526.0;10;526.0
2006-10-27;519.0;10;519.0
2006-10-28;512.0;10;512.0
2006-10-29;416.3;10;416.3
2006-10-30;382.5;10;382.5
2006-10-31;324.9;10;324.9
2006-11-01;324.1;11;324.1
2006-11-02;319.3;11;319.3
2006-11-03;303.6;11;303.6
2006-11-04;307.8;11;307.8
2006-11-05;316.8;11;316.8
2006-11-06;494.0;11;494.0
2006-11-07;524.0;11;524.0
2006-11-08;523.0;11;523.0
2006-11-09;525.0;11;525.0
2006-11-10;525.0;11;525.0
2006-11-11;527.0;11;527.0
2006-11-12;523.0;11;523.0
2006-11-13;487.7;11;487.7
2006-11-14;351.8;11;351.8
2006-11-15;313.5;11;313.5
2006-11-16;298.6;11;298.6
2006-11-17;296.1;11;296.1
2006-11-18;297.8;11;297.8
2006-11-19;295.3;11;295.3
2006-11-20;298.6;11;298.6
2006-11-21;318.4;11;318.4
2006-11-22;324.1;11;324.1
2006-11-23;320.9;11;320.9
2006-11-24;299.5;11;299.5
2006-11-25;256.9;11;256.9
2006-11-26;266.2;11;266.2
2006-11-27;266.2;11;266.2
2006-11-28;283.6;11;283.6
2006-11-29;381.5;11;381.5
2006-11-30;391.7;11;391.7
2006-12-01;395.4;12;395.4
2006-12-02;290.3;12;290.3
2006-12-03;244.6;12;244.6
2006-12-04;227.6;12;227.6
2006-12-05;254.5;12;254.5
2006-12-06;274.2;12;274.2
2006-12-07;354.6;12;354.6
2006-12-08;351.6;12;351.6
2006-12-09;438.1;12;438.1
2006-12-10;403.6;12;403.6
2006-12-11;303.4;12;303.4
2006-12-12;267.8;12;267.8
2006-12-13;425.3;12;425.3
2006-12-14;-999.000;12;243.0
2006-12-15;372.4;12;372.4
2006-12-16;412.6;12;412.6
2006-12-17;498.0;12;498.0
2006-12-18;427.2;12;427.2
2006-12-19;333.9;12;333.9
2006-12-20;282.2;12;282.2
2006-12-21;463.2;12;463.2
2006-12-22;456.8;12;456.8
2006-12-23;330.1;12;330.1
2006-12-24;244.6;12;244.6
2006-12-25;225.6;12;225.6
2006-12-26;185.7;12;185.7
2006-12-27;206.8;12;206.8
2006-12-28;205.4;12;205.4
2006-12-29;212.3;12;212.3
2006-12-30;417.1;12;417.1
2006-12-31;479.3;12;479.3
2007-01-01;452.4;1;452.4
2007-01-02;322.2;1;322.2
2007-01-03;226.3;1;226.3
2007-01-04;320.1;1;320.1
2007-01-05;383.4;1;383.4
2007-01-06;403.5;1;403.5
2007-01-07;289.2;1;289.2
2007-01-08;210.9;1;210.9
2007-01-09;198.6;1;198.6
2007-01-10;227.6;1;227.6
2007-01-11;201.4;1;201.4
2007-01-12;179.5;1;179.5
2007-01-13;171.9;1;171.9
2007-01-14;167.0;1;167.0
2007-01-15;162.3;1;162.3
2007-01-16;159.9;1;159.9
2007-01-17;155.2;1;155.2
2007-01-18;147.0;1;147.0
2007-01-19;144.7;1;144.7
2007-01-20;140.0;1;140.0
2007-01-21;140.6;1;140.6
2007-01-22;138.8;1;138.8
2007-01-23;135.2;1;135.2
2007-01-24;131.6;1;131.6
2007-01-25;284.2;1;284.2
2007-01-26;229.0;1;229.0
2007-01-27;308.6;1;308.6
2007-01-28;272.1;1;272.1
2007-01-29;211.4;1;211.4
2007-01-30;151.7;1;151.7
2007-01-31;142.9;1;142.9
2007-02-01;140.0;2;140.0
2007-02-02;159.2;2;159.2
2007-02-03;344.3;2;344.3
2007-02-04;297.8;2;297.8
2007-02-05;202.3;2;202.3
2007-02-06;142.3;2;142.3
2007-02-07;249.2;2;249.2
2007-02-08;184.6;2;184.6
2007-02-09;153.5;2;153.5
2007-02-10;135.2;2;135.2
2007-02-11;139.9;2;139.9
2007-02-12;114.8;2;114.8
2007-02-13;107.4;2;107.4
2007-02-14;220.7;2;220.7
2007-02-15;185.8;2;185.8
2007-02-16;135.8;2;135.8
2007-02-17;303.6;2;303.6
2007-02-18;185.7;2;185.7
2007-02-19;128.0;2;128.0
2007-02-20;163.5;2;163.5
2007-02-21;174.4;2;174.4
2007-02-22;150.0;2;150.0
2007-02-23;277.1;2;277.1
2007-02-24;208.9;2;208.9
2007-02-25;361.4;2;361.4
2007-02-26;324.0;2;324.0
2007-02-27;215.8;2;215.8
2007-02-28;194.9;2;194.9
2007-03-01;209.6;3;209.6
2007-03-02;182.1;3;182.1
2007-03-03;177.0;3;177.0
2007-03-04;175.8;3;175.8
2007-03-05;142.2;3;142.2
2007-03-06;117.2;3;117.2
2007-03-07;120.2;3;120.2
2007-03-08;284.5;3;284.5
2007-03-09;190.1;3;190.1
2007-03-10;193.8;3;193.8
2007-03-11;178.3;3;178.3
2007-03-12;113.9;3;113.9
2007-03-13;103.8;3;103.8
2007-03-14;213.2;3;213.2
2007-03-15;177.7;3;177.7
2007-03-16;151.7;3;151.7
2007-03-17;367.9;3;367.9
2007-03-18;387.1;3;387.1
2007-03-19;207.6;3;207.6
2007-03-20;137.6;3;137.6
2007-03-21;119.6;3;119.6
2007-03-22;111.5;3;111.5
2007-03-23;106.5;3;106.5
2007-03-24;105.6;3;105.6
2007-03-25;294.5;3;294.5
2007-03-26;195.7;3;195.7
2007-03-27;142.9;3;142.9
2007-03-28;335.1;3;335.1
2007-03-29;398.1;3;398.1
2007-03-30;406.3;3;406.3
2007-03-31;325.0;3;325.0
2007-04-01;365.4;4;365.4
2007-04-02;236.4;4;236.4
2007-04-03;177.6;4;177.6
2007-04-04;161.1;4;161.1
2007-04-05;169.8;4;169.8
2007-04-06;352.7;4;352.7
2007-04-07;410.9;4;410.9
2007-04-08;387.0;4;387.0
2007-04-09;270.4;4;270.4
2007-04-10;346.5;4;346.5
2007-04-11;410.0;4;410.0
2007-04-12;426.3;4;426.3
2007-04-13;407.2;4;407.2
2007-04-14;438.1;4;438.1
2007-04-15;403.4;4;403.4
2007-04-16;278.7;4;278.7
2007-04-17;200.9;4;200.9
2007-04-18;183.3;4;183.3
2007-04-19;173.1;4;173.1
2007-04-20;175.7;4;175.7
2007-04-21;173.1;4;173.1
2007-04-22;192.3;4;192.3
2007-04-23;215.1;4;215.1
2007-04-24;182.1;4;182.1
2007-04-25;212.2;4;212.2
2007-04-26;399.9;4;399.9
2007-04-27;333.0;4;333.0
2007-04-28;372.4;4;372.4
2007-04-29;461.4;4;461.4
2007-04-30;459.6;4;459.6
2007-05-01;399.9;5;399.9
2007-05-02;407.2;5;407.2
2007-05-03;434.4;5;434.4
2007-05-04;439.9;5;439.9
2007-05-05;458.7;5;458.7
2007-05-06;421.7;5;421.7
2007-05-07;427.2;5;427.2
2007-05-08;485.3;5;485.3
2007-05-09;496.0;5;496.0
2007-05-10;486.4;5;486.4
2007-05-11;481.1;5;481.1
2007-05-12;500.0;5;500.0
2007-05-13;481.3;5;481.3
2007-05-14;399.9;5;399.9
2007-05-15;349.3;5;349.3
2007-05-16;429.0;5;429.0
2007-05-17;459.6;5;459.6
2007-05-18;500.0;5;500.0
2007-05-19;493.0;5;493.0
2007-05-20;461.4;5;461.4
2007-05-21;373.3;5;373.3
2007-05-22;334.6;5;334.6
2007-05-23;375.0;5;375.0
2007-05-24;487.1;5;487.1
2007-05-25;526.4;5;526.4
2007-05-26;542.3;5;542.3
2007-05-27;548.0;5;548.0
2007-05-28;549.0;5;549.0
2007-05-29;553.0;5;553.0
2007-05-30;561.2;5;561.2
2007-05-31;560.0;5;560.0
2007-06-01;564.0;6;564.0
2007-06-02;568.0;6;568.0
2007-06-03;570.0;6;570.0
2007-06-04;571.0;6;571.0
2007-06-05;574.0;6;574.0
2007-06-06;572.7;6;572.7
2007-06-07;552.9;6;552.9
2007-06-08;546.0;6;546.0
2007-06-09;555.5;6;555.5
2007-06-10;572.9;6;572.9
2007-06-11;570.0;6;570.0
2007-06-12;570.0;6;570.0
2007-06-13;572.0;6;572.0
2007-06-14;582.9;6;582.9
2007-06-15;604.9;6;604.9
2007-06-16;606.8;6;606.8
2007-06-17;608.7;6;608.7
2007-06-18;618.6;6;618.6
2007-06-19;636.2;6;636.2
2007-06-20;651.6;6;651.6
2007-06-21;657.5;6;657.5
2007-06-22;655.6;6;655.6
2007-06-23;654.9;6;654.9
2007-06-24;655.3;6;655.3
2007-06-25;657.4;6;657.4
2007-06-26;660.4;6;660.4
2007-06-27;667.4;6;667.4
2007-06-28;688.6;6;688.6
2007-06-29;698.7;6;698.7
2007-06-30;701.1;6;701.1
2007-07-01;707.7;7;707.7
2007-07-02;715.0;7;715.0
2007-07-03;716.1;7;716.1
2007-07-04;721.5;7;721.5
2007-07-05;729.0;7;729.0
2007-07-06;730.1;7;730.1
2007-07-07;732.2;7;732.2
2007-07-08;742.0;7;742.0
2007-07-09;746.2;7;746.2
2007-07-10;755.0;7;755.0
2007-07-11;760.9;7;760.9
2007-07-12;762.9;7;762.9
2007-07-13;768.4;7;768.4
2007-07-14;772.2;7;772.2
2007-07-15;777.8;7;777.8
2007-07-16;783.0;7;783.0
2007-07-17;785.5;7;785.5
2007-07-18;787.6;7;787.6
2007-07-19;786.5;7;786.5
2007-07-20;786.5;7;786.5
2007-07-21;788.6;7;788.6
2007-07-22;791.7;7;791.7
2007-07-23;790.6;7;790.6
2007-07-24;789.6;7;789.6
2007-07-25;789.7;7;789.7
2007-07-26;787.6;7;787.6
2007-07-27;785.5;7;785.5
2007-07-28;785.5;7;785.5
2007-07-29;790.5;7;790.5
2007-07-30;792.7;7;792.7
2007-07-31;791.9;7;791.9
2007-08-01;792.2;8;792.2
2007-08-02;792.7;8;792.7
2007-08-03;792.7;8;792.7
2007-08-04;784.2;8;784.2
2007-08-05;769.1;8;769.1
2007-08-06;766.4;8;766.4
2007-08-07;768.5;8;768.5
2007-08-08;759.9;8;759.9
2007-08-09;761.6;8;761.6
2007-08-10;764.0;8;764.0
2007-08-11;767.7;8;767.7
2007-08-12;773.2;8;773.2
2007-08-13;777.3;8;777.3
2007-08-14;782.4;8;782.4
2007-08-15;788.6;8;788.6
2007-08-16;789.6;8;789.6
2007-08-17;788.6;8;788.6
2007-08-18;789.6;8;789.6
2007-08-19;791.7;8;791.7
2007-08-20;792.7;8;792.7
2007-08-21;792.7;8;792.7
2007-08-22;794.7;8;794.7
2007-08-23;798.0;8;798.0
2007-08-24;-999.000;8;323.1
2007-08-25;-999.000;8;448.8
2007-08-26;-999.000;8;258.0
2007-08-27;797.8;8;797.8
2007-08-28;801.1;8;801.1
2007-08-29;-999.000;8;601.4
2007-08-30;-999.000;8;564.1
2007-08-31;-999.000;8;765.2
2007-09-01;-999.000;9;774.2
2007-09-02;-999.000;9;558.5
2007-09-03;-999.000;9;697.8
2007-09-04;805.0;9;805.0
2007-09-05;805.0;9;805.0
2007-09-06;-999.000;9;658.109
2007-09-07;-999.000;9;679.733
2007-09-08;804.5;9;804.5
2007-09-09;802.0;9;802.0
2007-09-10;797.8;9;797.8
2007-09-11;795.2;9;795.2
2007-09-12;704.2;9;704.2
2007-09-13;788.6;9;788.6
2007-09-14;788.1;9;788.1
2007-09-15;788.3;9;788.3
2007-09-16;788.6;9;788.6
2007-09-17;788.3;9;788.3
2007-09-18;788.3;9;788.3
2007-09-19;788.6;9;788.6
2007-09-20;790.1;9;790.1
2007-09-21;788.6;9;788.6
2007-09-22;788.6;9;788.6
2007-09-23;791.5;9;791.5
2007-09-24;792.0;9;792.0
2007-09-25;793.5;9;793.5
2007-09-26;792.7;9;792.7
2007-09-27;791.9;9;791.9
2007-09-28;789.8;9;789.8
2007-09-29;788.6;9;788.6
2007-09-30;786.9;9;786.9
2007-10-01;785.3;10;785.3
2007-10-02;787.9;10;787.9
2007-10-03;794.9;10;794.9
2007-10-04;796.8;10;796.8
2007-10-05;796.2;10;796.2
2007-10-06;787.3;10;787.3
2007-10-07;742.2;10;742.2
2007-10-08;696.2;10;696.2
2007-10-09;672.1;10;672.1
2007-10-10;686.7;10;686.7
2007-10-11;740.6;10;740.6
2007-10-12;687.7;10;687.7
2007-10-13;673.0;10;673.0
2007-10-14;632.8;10;632.8
2007-10-15;607.5;10;607.5
2007-10-16;588.5;10;588.5
2007-10-17;548.2;10;548.2
2007-10-18;491.2;10;491.2
2007-10-19;484.0;10;484.0
2007-10-20;473.5;10;473.5
2007-10-21;465.9;10;465.9
2007-10-22;460.5;10;460.5
2007-10-23;457.4;10;457.4
2007-10-24;450.3;10;450.3
2007-10-25;446.0;10;446.0
2007-10-26;449.1;10;449.1
2007-10-27;439.2;10;439.2
2007-10-28;436.3;10;436.3
2007-10-29;434.7;10;434.7
2007-10-30;436.3;10;436.3
2007-10-31;435.6;10;435.6
2007-11-01;437.2;11;437.2
2007-11-02;453.6;11;453.6
2007-11-03;516.1;11;516.1
2007-11-04;555.4;11;555.4
2007-11-05;578.6;11;578.6
2007-11-06;592.3;11;592.3
2007-11-07;606.0;11;606.0
2007-11-08;680.8;11;680.8
2007-11-09;668.7;11;668.7
2007-11-10;680.9;11;680.9
2007-11-11;650.9;11;650.9
2007-11-12;674.5;11;674.5
2007-11-13;657.9;11;657.9
2007-11-14;619.3;11;619.3
2007-11-15;636.7;11;636.7
2007-11-16;655.8;11;655.8
2007-11-17;656.0;11;656.0
2007-11-18;653.7;11;653.7
2007-11-19;644.5;11;644.5
2007-11-20;596.3;11;596.3
2007-11-21;607.9;11;607.9
2007-11-22;616.8;11;616.8
2007-11-23;629.1;11;629.1
2007-11-24;618.0;11;618.0
2007-11-25;538.4;11;538.4
2007-11-26;505.8;11;505.8
2007-11-27;605.9;11;605.9
2007-11-28;607.3;11;607.3
2007-11-29;514.5;11;514.5
2007-11-30;450.3;11;450.3
2007-12-01;386.2;12;386.2
2007-12-02;372.4;12;372.4
2007-12-03;347.5;12;347.5
2007-12-04;207.1;12;207.1
2007-12-05;514.0;12;514.0
2007-12-06;425.3;12;425.3
2007-12-07;346.7;12;346.7
2007-12-08;525.0;12;525.0
2007-12-09;548.0;12;548.0
2007-12-10;408.9;12;408.9
2007-12-11;318.4;12;318.4
2007-12-12;305.3;12;305.3
2007-12-13;293.6;12;293.6
2007-12-14;283.6;12;283.6
2007-12-15;278.7;12;278.7
2007-12-16;272.8;12;272.8
2007-12-17;269.8;12;269.8
2007-12-18;261.9;12;261.9
2007-12-19;256.9;12;256.9
2007-12-20;270.9;12;270.9
2007-12-21;361.4;12;361.4
2007-12-22;401.8;12;401.8
2007-12-23;430.8;12;430.8
2007-12-24;337.8;12;337.8
2007-12-25;251.8;12;251.8
2007-12-26;246.1;12;246.1
2007-12-27;329.6;12;329.6
2007-12-28;351.6;12;351.6
2007-12-29;347.5;12;347.5
2007-12-30;347.5;12;347.5
2007-12-31;357.7;12;357.7
2008-01-01;347.5;1;347.5
2008-01-02;334.6;1;334.6
2008-01-03;328.1;1;328.1
2008-01-04;318.4;1;318.4
2008-01-05;241.3;1;241.3
2008-01-06;199.9;1;199.9
2008-01-07;193.5;1;193.5
2008-01-08;262.0;1;262.0
2008-01-09;267.7;1;267.7
2008-01-10;257.6;1;257.6
2008-01-11;229.7;1;229.7
2008-01-12;215.8;1;215.8
2008-01-13;251.8;1;251.8
2008-01-14;243.2;1;243.2
2008-01-15;212.3;1;212.3
2008-01-16;198.0;1;198.0
2008-01-17;197.4;1;197.4
2008-01-18;226.3;1;226.3
2008-01-19;217.9;1;217.9
2008-01-20;224.9;1;224.9
2008-01-21;191.6;1;191.6
2008-01-22;165.2;1;165.2
2008-01-23;155.2;1;155.2
2008-01-24;155.8;1;155.8
2008-01-25;161.7;1;161.7
2008-01-26;230.4;1;230.4
2008-01-27;194.5;1;194.5
2008-01-28;205.4;1;205.4
2008-01-29;220.7;1;220.7
2008-01-30;219.3;1;219.3
2008-01-31;200.7;1;200.7
2008-02-01;162.3;2;162.3
2008-02-02;154.6;2;154.6
2008-02-03;146.4;2;146.4
2008-02-04;141.2;2;141.2
2008-02-05;142.9;2;142.9
2008-02-06;140.6;2;140.6
2008-02-07;138.8;2;138.8
2008-02-08;136.4;2;136.4
2008-02-09;136.4;2;136.4
2008-02-10;138.8;2;138.8
2008-02-11;135.8;2;135.8
2008-02-12;131.6;2;131.6
2008-02-13;119.6;2;119.6
2008-02-14;101.6;2;101.6
2008-02-15;97.24;2;97.24
2008-02-16;115.1;2;115.1
2008-02-17;138.7;2;138.7
2008-02-18;158.8;2;158.8
2008-02-19;145.9;2;145.9
2008-02-20;134.6;2;134.6
2008-02-21;138.8;2;138.8
2008-02-22;126.8;2;126.8
2008-02-23;118.4;2;118.4
2008-02-24;129.2;2;129.2
2008-02-25;134.0;2;134.0
2008-02-26;137.6;2;137.6
2008-02-27;207.4;2;207.4
2008-02-28;240.3;2;240.3
2008-02-29;242.5;2;242.5
2008-03-01;244.6;3;244.6
2008-03-02;230.4;3;230.4
2008-03-03;193.1;3;193.1
2008-03-04;158.8;3;158.8
2008-03-05;205.8;3;205.8
2008-03-06;200.2;3;200.2
2008-03-07;224.9;3;224.9
2008-03-08;210.9;3;210.9
2008-03-09;196.1;3;196.1
2008-03-10;201.3;3;201.3
2008-03-11;201.9;3;201.9
2008-03-12;224.9;3;224.9
2008-03-13;216.5;3;216.5
2008-03-14;205.4;3;205.4
2008-03-15;206.8;3;206.8
2008-03-16;202.6;3;202.6
2008-03-17;217.9;3;217.9
2008-03-18;213.7;3;213.7
2008-03-19;208.2;3;208.2
2008-03-20;212.3;3;212.3
2008-03-21;295.3;3;295.3
2008-03-22;328.1;3;328.1
2008-03-23;328.1;3;328.1
2008-03-24;326.5;3;326.5
2008-03-25;326.5;3;326.5
2008-03-26;247.5;3;247.5
2008-03-27;231.1;3;231.1
2008-03-28;234.7;3;234.7
2008-03-29;241.8;3;241.8
2008-03-30;242.5;3;242.5
2008-03-31;244.6;3;244.6
2008-04-01;243.9;4;243.9
2008-04-02;245.0;4;245.0
2008-04-03;238.2;4;238.2
2008-04-04;175.7;4;175.7
2008-04-05;125.6;4;125.6
2008-04-06;110.3;4;110.3
2008-04-07;107.8;4;107.8
2008-04-08;102.1;4;102.1
2008-04-09;101.2;4;101.2
2008-04-10;111.5;4;111.5
2008-04-11;120.2;4;120.2
2008-04-12;122.0;4;122.0
2008-04-13;109.4;4;109.4
2008-04-14;103.0;4;103.0
2008-04-15;98.56;4;98.56
2008-04-16;91.52;4;91.52
2008-04-17;88.44;4;88.44
2008-04-18;94.16;4;94.16
2008-04-19;111.5;4;111.5
2008-04-20;189.7;4;189.7
2008-04-21;213.0;4;213.0
2008-04-22;216.5;4;216.5
2008-04-23;216.5;4;216.5
2008-04-24;229.1;4;229.1
2008-04-25;319.3;4;319.3
2008-04-26;333.8;4;333.8
2008-04-27;354.9;4;354.9
2008-04-28;353.2;4;353.2
2008-04-29;406.3;4;406.3
2008-04-30;427.2;4;427.2
2008-05-01;434.4;5;434.4
2008-05-02;445.3;5;445.3
2008-05-03;446.2;5;446.2
2008-05-04;430.8;5;430.8
2008-05-05;399.0;5;399.0
2008-05-06;452.5;5;452.5
2008-05-07;457.8;5;457.8
2008-05-08;452.5;5;452.5
2008-05-09;448.0;5;448.0
2008-05-10;440.8;5;440.8
2008-05-11;421.7;5;421.7
2008-05-12;416.3;5;416.3
2008-05-13;442.5;5;442.5
2008-05-14;450.7;5;450.7
2008-05-15;440.8;5;440.8
2008-05-16;419.9;5;419.9
2008-05-17;430.8;5;430.8
2008-05-18;439.9;5;439.9
2008-05-19;460.5;5;460.5
2008-05-20;465.0;5;465.0
2008-05-21;472.1;5;472.1
2008-05-22;475.7;5;475.7
2008-05-23;492.2;5;492.2
2008-05-24;522.0;5;522.0
2008-05-25;508.0;5;508.0
2008-05-26;483.7;5;483.7
2008-05-27;485.5;5;485.5
2008-05-28;531.0;5;531.0
2008-05-29;544.0;5;544.0
2008-05-30;535.0;5;535.0
2008-05-31;484.6;5;484.6
2008-06-01;508.3;6;508.3
2008-06-02;525.4;6;525.4
2008-06-03;515.1;6;515.1
2008-06-04;517.1;6;517.1
2008-06-05;523.6;6;523.6
2008-06-06;538.3;6;538.3
2008-06-07;543.1;6;543.1
2008-06-08;543.8;6;543.8
2008-06-09;528.1;6;528.1
2008-06-10;542.2;6;542.2
2008-06-11;574.3;6;574.3
2008-06-12;567.6;6;567.6
2008-06-13;547.8;6;547.8
2008-06-14;546.7;6;546.7
2008-06-15;556.6;6;556.6
2008-06-16;557.8;6;557.8
2008-06-17;566.2;6;566.2
2008-06-18;562.6;6;562.6
2008-06-19;560.8;6;560.8
2008-06-20;557.4;6;557.4
2008-06-21;558.0;6;558.0
2008-06-22;561.5;6;561.5
2008-06-23;557.4;6;557.4
2008-06-24;546.3;6;546.3
2008-06-25;551.7;6;551.7
2008-06-26;566.0;6;566.0
2008-06-27;585.5;6;585.5
2008-06-28;596.8;6;596.8
2008-06-29;612.0;6;612.0
2008-06-30;641.7;6;641.7
2008-07-01;638.7;7;638.7
2008-07-02;638.4;7;638.4
2008-07-03;638.5;7;638.5
2008-07-04;646.7;7;646.7
2008-07-05;653.1;7;653.1
2008-07-06;655.9;7;655.9
2008-07-07;658.0;7;658.0
2008-07-08;662.3;7;662.3
2008-07-09;665.2;7;665.2
2008-07-10;670.4;7;670.4
2008-07-11;673.2;7;673.2
2008-07-12;678.5;7;678.5
2008-07-13;684.7;7;684.7
2008-07-14;685.9;7;685.9
2008-07-15;690.3;7;690.3
2008-07-16;694.7;7;694.7
2008-07-17;702.0;7;702.0
2008-07-18;704.4;7;704.4
2008-07-19;707.5;7;707.5
2008-07-20;710.5;7;710.5
2008-07-21;717.3;7;717.3
2008-07-22;722.0;7;722.0
2008-07-23;725.6;7;725.6
2008-07-24;726.9;7;726.9
2008-07-25;723.9;7;723.9
2008-07-26;718.9;7;718.9
2008-07-27;717.9;7;717.9
2008-07-28;732.4;7;732.4
2008-07-29;735.3;7;735.3
2008-07-30;735.9;7;735.9
2008-07-31;720.7;7;720.7
2008-08-01;724.7;8;724.7
2008-08-02;717.3;8;717.3
2008-08-03;711.8;8;711.8
2008-08-04;709.5;8;709.5
2008-08-05;703.8;8;703.8
2008-08-06;704.7;8;704.7
2008-08-07;689.6;8;689.6
2008-08-08;649.5;8;649.5
2008-08-09;633.4;8;633.4
2008-08-10;628.0;8;628.0
2008-08-11;614.6;8;614.6
2008-08-12;591.7;8;591.7
2008-08-13;575.2;8;575.2
2008-08-14;567.3;8;567.3
2008-08-15;580.9;8;580.9
2008-08-16;558.3;8;558.3
2008-08-17;558.0;8;558.0
2008-08-18;549.8;8;549.8
2008-08-19;539.7;8;539.7
2008-08-20;532.5;8;532.5
2008-08-21;540.6;8;540.6
2008-08-22;539.5;8;539.5
2008-08-23;537.5;8;537.5
2008-08-24;556.0;8;556.0
2008-08-25;571.9;8;571.9
2008-08-26;555.3;8;555.3
2008-08-27;552.6;8;552.6
2008-08-28;570.7;8;570.7
2008-08-29;574.7;8;574.7
2008-08-30;586.4;8;586.4
2008-08-31;600.5;8;600.5
2008-09-01;597.4;9;597.4
2008-09-02;589.1;9;589.1
2008-09-03;588.2;9;588.2
2008-09-04;588.8;9;588.8
2008-09-05;584.5;9;584.5
2008-09-06;575.7;9;575.7
2008-09-07;546.5;9;546.5
2008-09-08;555.6;9;555.6
2008-09-09;552.0;9;552.0
2008-09-10;559.7;9;559.7
2008-09-11;551.1;9;551.1
2008-09-12;537.1;9;537.1
2008-09-13;526.2;9;526.2
2008-09-14;528.3;9;528.3
2008-09-15;520.9;9;520.9
2008-09-16;530.2;9;530.2
2008-09-17;530.9;9;530.9
2008-09-18;539.2;9;539.2
2008-09-19;514.5;9;514.5
2008-09-20;512.3;9;512.3
2008-09-21;523.7;9;523.7
2008-09-22;500.3;9;500.3
2008-09-23;511.9;9;511.9
2008-09-24;546.5;9;546.5
2008-09-25;548.4;9;548.4
2008-09-26;548.5;9;548.5
2008-09-27;561.1;9;561.1
2008-09-28;568.6;9;568.6
2008-09-29;563.3;9;563.3
2008-09-30;565.1;9;565.1
2008-10-01;575.8;10;575.8
2008-10-02;593.7;10;593.7
2008-10-03;596.5;10;596.5
2008-10-04;594.2;10;594.2
2008-10-05;595.0;10;595.0
2008-10-06;600.7;10;600.7
2008-10-07;605.3;10;605.3
2008-10-08;617.4;10;617.4
2008-10-09;655.9;10;655.9
2008-10-10;687.5;10;687.5
2008-10-11;701.5;10;701.5
2008-10-12;709.8;10;709.8
2008-10-13;715.8;10;715.8
2008-10-14;723.7;10;723.7
2008-10-15;731.1;10;731.1
2008-10-16;739.8;10;739.8
2008-10-17;747.0;10;747.0
2008-10-18;752.2;10;752.2
2008-10-19;760.3;10;760.3
2008-10-20;767.0;10;767.0
2008-10-21;774.1;10;774.1
2008-10-22;780.2;10;780.2
2008-10-23;784.2;10;784.2
2008-10-24;787.5;10;787.5
2008-10-25;790.0;10;790.0
2008-10-26;790.5;10;790.5
2008-10-27;792.5;10;792.5
2008-10-28;793.5;10;793.5
2008-10-29;794.3;10;794.3
2008-10-30;796.3;10;796.3
2008-10-31;792.2;10;792.2
2008-11-01;791.6;11;791.6
2008-11-02;786.4;11;786.4
2008-11-03;776.4;11;776.4
2008-11-04;761.3;11;761.3
2008-11-05;752.8;11;752.8
2008-11-06;742.5;11;742.5
2008-11-07;731.5;11;731.5
2008-11-08;721.9;11;721.9
2008-11-09;723.0;11;723.0
2008-11-10;721.1;11;721.1
2008-11-11;699.5;11;699.5
2008-11-12;695.8;11;695.8
2008-11-13;696.3;11;696.3
2008-11-14;677.4;11;677.4
2008-11-15;641.4;11;641.4
2008-11-16;601.9;11;601.9
2008-11-17;582.3;11;582.3
2008-11-18;555.0;11;555.0
2008-11-19;541.4;11;541.4
2008-11-20;557.0;11;557.0
2008-11-21;570.0;11;570.0
2008-11-22;535.3;11;535.3
2008-11-23;515.8;11;515.8
2008-11-24;498.8;11;498.8
2008-11-25;510.2;11;510.2
2008-11-26;533.6;11;533.6
2008-11-27;544.4;11;544.4
2008-11-28;549.5;11;549.5
2008-11-29;571.5;11;571.5
2008-11-30;572.6;11;572.6
2008-12-01;551.3;12;551.3
2008-12-02;570.5;12;570.5
2008-12-03;607.0;12;607.0
2008-12-04;616.0;12;616.0
2008-12-05;622.0;12;622.0
2008-12-06;628.4;12;628.4
2008-12-07;600.9;12;600.9
2008-12-08;582.0;12;582.0
2008-12-09;571.3;12;571.3
2008-12-10;570.5;12;570.5
2008-12-11;567.8;12;567.8
2008-12-12;562.5;12;562.5
2008-12-13;545.5;12;545.5
2008-12-14;500.3;12;500.3
2008-12-15;475.9;12;475.9
2008-12-16;460.6;12;460.6
2008-12-17;452.5;12;452.5
2008-12-18;439.6;12;439.6
2008-12-19;432.5;12;432.5
2008-12-20;434.3;12;434.3
2008-12-21;417.2;12;417.2
2008-12-22;424.2;12;424.2
2008-12-23;450.6;12;450.6
2008-12-24;454.5;12;454.5
2008-12-25;441.6;12;441.6
2008-12-26;396.3;12;396.3
2008-12-27;367.6;12;367.6
2008-12-28;306.7;12;306.7
2008-12-29;277.5;12;277.5
2008-12-30;268.5;12;268.5
2008-12-31;261.1;12;261.1
2009-01-01;254.5;1;254.5
2009-01-02;248.4;1;248.4
2009-01-03;241.1;1;241.1
2009-01-04;234.6;1;234.6
2009-01-05;229.5;1;229.5
2009-01-06;223.7;1;223.7
2009-01-07;217.8;1;217.8
2009-01-08;212.6;1;212.6
2009-01-09;209.6;1;209.6
2009-01-10;230.2;1;230.2
2009-01-11;239.2;1;239.2
2009-01-12;237.1;1;237.1
2009-01-13;232.6;1;232.6
2009-01-14;227.6;1;227.6
2009-01-15;223.6;1;223.6
2009-01-16;220.7;1;220.7
2009-01-17;216.7;1;216.7
2009-01-18;215.4;1;215.4
2009-01-19;209.2;1;209.2
2009-01-20;204.2;1;204.2
2009-01-21;198.6;1;198.6
2009-01-22;200.4;1;200.4
2009-01-23;256.3;1;256.3
2009-01-24;282.6;1;282.6
2009-01-25;271.2;1;271.2
2009-01-26;287.1;1;287.1
2009-01-27;302.2;1;302.2
2009-01-28;345.2;1;345.2
2009-01-29;309.9;1;309.9
2009-01-30;302.0;1;302.0
2009-01-31;314.6;1;314.6
2009-02-01;368.2;2;368.2
2009-02-02;364.0;2;364.0
2009-02-03;303.3;2;303.3
2009-02-04;306.0;2;306.0
2009-02-05;291.7;2;291.7
2009-02-06;287.7;2;287.7
2009-02-07;288.2;2;288.2
2009-02-08;354.7;2;354.7
2009-02-09;358.9;2;358.9
2009-02-10;314.6;2;314.6
2009-02-11;360.9;2;360.9
2009-02-12;378.7;2;378.7
2009-02-13;375.0;2;375.0
2009-02-14;352.0;2;352.0
2009-02-15;343.6;2;343.6
2009-02-16;351.5;2;351.5
2009-02-17;322.5;2;322.5
2009-02-18;319.3;2;319.3
2009-02-19;304.6;2;304.6
2009-02-20;315.1;2;315.1
2009-02-21;294.5;2;294.5
2009-02-22;281.7;2;281.7
2009-02-23;301.5;2;301.5
2009-02-24;303.5;2;303.5
2009-02-25;303.6;2;303.6
2009-02-26;301.5;2;301.5
2009-02-27;297.9;2;297.9
2009-02-28;296.3;2;296.3
2009-03-01;276.1;3;276.1
2009-03-02;279.1;3;279.1
2009-03-03;287.3;3;287.3
2009-03-04;289.6;3;289.6
2009-03-05;289.5;3;289.5
2009-03-06;287.7;3;287.7
2009-03-07;286.6;3;286.6
2009-03-08;284.3;3;284.3
2009-03-09;259.6;3;259.6
2009-03-10;256.2;3;256.2
2009-03-11;251.4;3;251.4
2009-03-12;252.1;3;252.1
2009-03-13;339.0;3;339.0
2009-03-14;301.9;3;301.9
2009-03-15;310.4;3;310.4
2009-03-16;287.3;3;287.3
2009-03-17;278.1;3;278.1
2009-03-18;275.3;3;275.3
2009-03-19;270.3;3;270.3
2009-03-20;264.1;3;264.1
2009-03-21;263.5;3;263.5
2009-03-22;261.6;3;261.6
2009-03-23;270.4;3;270.4
2009-03-24;313.1;3;313.1
2009-03-25;338.3;3;338.3
2009-03-26;352.5;3;352.5
2009-03-27;349.5;3;349.5
2009-03-28;351.0;3;351.0
2009-03-29;355.8;3;355.8
2009-03-30;364.0;3;364.0
2009-03-31;361.4;3;361.4
2009-04-01;359.3;4;359.3
2009-04-02;373.2;4;373.2
2009-04-03;422.2;4;422.2
2009-04-04;434.2;4;434.2
2009-04-05;436.6;4;436.6
2009-04-06;432.9;4;432.9
2009-04-07;432.5;4;432.5
2009-04-08;432.4;4;432.4
2009-04-09;431.5;4;431.5
2009-04-10;422.4;4;422.4
2009-04-11;400.1;4;400.1
2009-04-12;407.3;4;407.3
2009-04-13;379.5;4;379.5
2009-04-14;343.1;4;343.1
2009-04-15;327.2;4;327.2
2009-04-16;321.2;4;321.2
2009-04-17;316.6;4;316.6
2009-04-18;314.7;4;314.7
2009-04-19;309.7;4;309.7
2009-04-20;303.3;4;303.3
2009-04-21;235.9;4;235.9
2009-04-22;283.6;4;283.6
2009-04-23;330.4;4;330.4
2009-04-24;384.9;4;384.9
2009-04-25;417.8;4;417.8
2009-04-26;427.9;4;427.9
2009-04-27;430.0;4;430.0
2009-04-28;436.2;4;436.2
2009-04-29;434.2;4;434.2
2009-04-30;434.3;4;434.3
2009-05-01;443.5;5;443.5
2009-05-02;443.9;5;443.9
2009-05-03;445.1;5;445.1
2009-05-04;449.2;5;449.2
2009-05-05;448.9;5;448.9
2009-05-06;451.2;5;451.2
2009-05-07;441.7;5;441.7
2009-05-08;430.7;5;430.7
2009-05-09;429.6;5;429.6
2009-05-10;429.4;5;429.4
2009-05-11;426.3;5;426.3
2009-05-12;424.7;5;424.7
2009-05-13;423.3;5;423.3
2009-05-14;430.4;5;430.4
2009-05-15;458.0;5;458.0
2009-05-16;468.1;5;468.1
2009-05-17;470.2;5;470.2
2009-05-18;470.6;5;470.6
2009-05-19;472.6;5;472.6
2009-05-20;476.8;5;476.8
2009-05-21;492.2;5;492.2
2009-05-22;489.2;5;489.2
2009-05-23;473.4;5;473.4
2009-05-24;483.4;5;483.4
2009-05-25;470.4;5;470.4
2009-05-26;471.6;5;471.6
2009-05-27;488.8;5;488.8
2009-05-28;495.2;5;495.2
2009-05-29;499.3;5;499.3
2009-05-30;503.2;5;503.2
2009-05-31;508.4;5;508.4
2009-06-01;515.5;6;515.5
2009-06-02;521.4;6;521.4
2009-06-03;521.3;6;521.3
2009-06-04;524.0;6;524.0
2009-06-05;528.8;6;528.8
2009-06-06;526.9;6;526.9
2009-06-07;541.6;6;541.6
2009-06-08;573.8;6;573.8
2009-06-09;594.3;6;594.3
2009-06-10;577.4;6;577.4
2009-06-11;572.1;6;572.1
2009-06-12;571.5;6;571.5
2009-06-13;585.7;6;585.7
2009-06-14;608.8;6;608.8
2009-06-15;626.8;6;626.8
2009-06-16;613.0;6;613.0
2009-06-17;613.7;6;613.7
2009-06-18;622.8;6;622.8
2009-06-19;623.8;6;623.8
2009-06-20;625.0;6;625.0
2009-06-21;632.3;6;632.3
2009-06-22;638.6;6;638.6
2009-06-23;647.1;6;647.1
2009-06-24;646.5;6;646.5
2009-06-25;643.9;6;643.9
2009-06-26;654.3;6;654.3
2009-06-27;658.1;6;658.1
2009-06-28;662.0;6;662.0
2009-06-29;655.6;6;655.6
2009-06-30;662.8;6;662.8
2009-07-01;661.9;7;661.9
2009-07-02;654.0;7;654.0
2009-07-03;658.7;7;658.7
2009-07-04;659.5;7;659.5
2009-07-05;676.2;7;676.2
2009-07-06;677.6;7;677.6
2009-07-07;680.1;7;680.1
2009-07-08;685.5;7;685.5
2009-07-09;691.8;7;691.8
2009-07-10;694.1;7;694.1
2009-07-11;696.8;7;696.8
2009-07-12;700.2;7;700.2
2009-07-13;702.3;7;702.3
2009-07-14;703.0;7;703.0
2009-07-15;702.4;7;702.4
2009-07-16;704.5;7;704.5
2009-07-17;705.2;7;705.2
2009-07-18;704.6;7;704.6
2009-07-19;703.5;7;703.5
2009-07-20;706.1;7;706.1
2009-07-21;710.6;7;710.6
2009-07-22;724.3;7;724.3
2009-07-23;720.1;7;720.1
2009-07-24;719.6;7;719.6
2009-07-25;717.8;7;717.8
2009-07-26;717.9;7;717.9
2009-07-27;713.1;7;713.1
2009-07-28;711.5;7;711.5
2009-07-29;702.8;7;702.8
2009-07-30;685.1;7;685.1
2009-07-31;678.6;7;678.6
2009-08-01;689.1;8;689.1
2009-08-02;696.2;8;696.2
2009-08-03;701.6;8;701.6
2009-08-04;700.9;8;700.9
2009-08-05;685.7;8;685.7
2009-08-06;678.5;8;678.5
2009-08-07;672.4;8;672.4
2009-08-08;657.9;8;657.9
2009-08-09;680.1;8;680.1
2009-08-10;686.1;8;686.1
2009-08-11;693.3;8;693.3
2009-08-12;685.1;8;685.1
2009-08-13;671.8;8;671.8
2009-08-14;646.7;8;646.7
2009-08-15;638.2;8;638.2
2009-08-16;633.5;8;633.5
2009-08-17;619.7;8;619.7
2009-08-18;618.4;8;618.4
2009-08-19;608.1;8;608.1
2009-08-20;597.6;8;597.6
2009-08-21;586.6;8;586.6
2009-08-22;570.0;8;570.0
2009-08-23;568.8;8;568.8
2009-08-24;588.5;8;588.5
2009-08-25;551.6;8;551.6
2009-08-26;533.5;8;533.5
2009-08-27;523.3;8;523.3
2009-08-28;526.3;8;526.3
2009-08-29;520.7;8;520.7
2009-08-30;509.9;8;509.9
2009-08-31;502.4;8;502.4
2009-09-01;496.0;9;496.0
2009-09-02;486.3;9;486.3
2009-09-03;511.3;9;511.3
2009-09-04;528.4;9;528.4
2009-09-05;502.4;9;502.4
2009-09-06;507.7;9;507.7
2009-09-07;526.9;9;526.9
2009-09-08;505.1;9;505.1
2009-09-09;500.1;9;500.1
2009-09-10;496.7;9;496.7
2009-09-11;496.4;9;496.4
2009-09-12;502.9;9;502.9
2009-09-13;510.3;9;510.3
2009-09-14;484.8;9;484.8
2009-09-15;471.1;9;471.1
2009-09-16;489.1;9;489.1
2009-09-17;497.2;9;497.2
2009-09-18;494.3;9;494.3
2009-09-19;495.8;9;495.8
2009-09-20;492.9;9;492.9
2009-09-21;488.7;9;488.7
2009-09-22;487.7;9;487.7
2009-09-23;485.5;9;485.5
2009-09-24;480.6;9;480.6
2009-09-25;476.3;9;476.3
2009-09-26;487.2;9;487.2
2009-09-27;486.0;9;486.0
2009-09-28;471.4;9;471.4
2009-09-29;462.5;9;462.5
2009-09-30;457.4;9;457.4
2009-10-01;451.7;10;451.7
2009-10-02;441.5;10;441.5
2009-10-03;433.7;10;433.7
2009-10-04;434.7;10;434.7
2009-10-05;440.9;10;440.9
2009-10-06;473.6;10;473.6
2009-10-07;435.9;10;435.9
2009-10-08;421.3;10;421.3
2009-10-09;414.6;10;414.6
2009-10-10;413.2;10;413.2
2009-10-11;397.1;10;397.1
2009-10-12;380.1;10;380.1
2009-10-13;328.7;10;328.7
2009-10-14;275.1;10;275.1
2009-10-15;290.3;10;290.3
2009-10-16;273.6;10;273.6
2009-10-17;259.7;10;259.7
2009-10-18;254.4;10;254.4
2009-10-19;251.3;10;251.3
2009-10-20;247.3;10;247.3
2009-10-21;247.0;10;247.0
2009-10-22;243.1;10;243.1
2009-10-23;239.9;10;239.9
2009-10-24;236.4;10;236.4
2009-10-25;236.5;10;236.5
2009-10-26;239.7;10;239.7
2009-10-27;235.7;10;235.7
2009-10-28;227.4;10;227.4
2009-10-29;227.1;10;227.1
2009-10-30;230.7;10;230.7
2009-10-31;244.0;10;244.0
2009-11-01;343.0;11;343.0
2009-11-02;286.1;11;286.1
2009-11-03;242.7;11;242.7
2009-11-04;241.4;11;241.4
2009-11-05;234.3;11;234.3
2009-11-06;229.0;11;229.0
2009-11-07;273.5;11;273.5
2009-11-08;258.9;11;258.9
2009-11-09;231.1;11;231.1
2009-11-10;223.2;11;223.2
2009-11-11;219.2;11;219.2
2009-11-12;246.4;11;246.4
2009-11-13;420.5;11;420.5
2009-11-14;356.8;11;356.8
2009-11-15;412.7;11;412.7
2009-11-16;418.1;11;418.1
2009-11-17;477.5;11;477.5
2009-11-18;385.3;11;385.3
2009-11-19;375.0;11;375.0
2009-11-20;272.4;11;272.4
2009-11-21;234.6;11;234.6
2009-11-22;254.6;11;254.6
2009-11-23;396.9;11;396.9
2009-11-24;462.9;11;462.9
2009-11-25;446.0;11;446.0
2009-11-26;425.7;11;425.7
2009-11-27;348.9;11;348.9
2009-11-28;262.5;11;262.5
2009-11-29;242.7;11;242.7
2009-11-30;319.1;11;319.1
2009-12-01;378.1;12;378.1
2009-12-02;484.3;12;484.3
2009-12-03;502.1;12;502.1
2009-12-04;403.6;12;403.6
2009-12-05;298.3;12;298.3
2009-12-06;244.0;12;244.0
2009-12-07;290.5;12;290.5
2009-12-08;339.3;12;339.3
2009-12-09;262.5;12;262.5
2009-12-10;212.6;12;212.6
2009-12-11;201.7;12;201.7
2009-12-12;203.3;12;203.3
2009-12-13;367.8;12;367.8
2009-12-14;378.5;12;378.5
2009-12-15;262.3;12;262.3
2009-12-16;200.0;12;200.0
2009-12-17;186.0;12;186.0
2009-12-18;179.2;12;179.2
2009-12-19;172.3;12;172.3
2009-12-20;166.9;12;166.9
2009-12-21;161.1;12;161.1
2009-12-22;154.7;12;154.7
2009-12-23;151.1;12;151.1
2009-12-24;146.4;12;146.4
2009-12-25;195.3;12;195.3
2009-12-26;184.1;12;184.1
2009-12-27;149.5;12;149.5
2009-12-28;214.6;12;214.6
2009-12-29;274.9;12;274.9
2009-12-30;394.5;12;394.5
2009-12-31;322.8;12;322.8
2010-01-01;285.3;1;285.3
2010-01-02;278.7;1;278.7
2010-01-03;208.7;1;208.7
2010-01-04;163.4;1;163.4
2010-01-05;149.4;1;149.4
2010-01-06;140.0;1;140.0
2010-01-07;163.5;1;163.5
2010-01-08;157.6;1;157.6
2010-01-09;154.1;1;154.1
2010-01-10;168.1;1;168.1
2010-01-11;162.3;1;162.3
2010-01-12;165.8;1;165.8
2010-01-13;163.4;1;163.4
2010-01-14;157.6;1;157.6
2010-01-15;152.9;1;152.9
2010-01-16;139.9;1;139.9
2010-01-17;135.2;1;135.2
2010-01-18;134.0;1;134.0
2010-01-19;110.3;1;110.3
2010-01-20;105.6;1;105.6
2010-01-21;102.1;1;102.1
2010-01-22;101.2;1;101.2
2010-01-23;100.3;1;100.3
2010-01-24;128.0;1;128.0
2010-01-25;144.7;1;144.7
2010-01-26;124.4;1;124.4
2010-01-27;114.8;1;114.8
2010-01-28;129.2;1;129.2
2010-01-29;136.4;1;136.4
2010-01-30;116.3;1;116.3
2010-01-31;98.56;1;98.56
2010-02-01;101.0;2;101.0
2010-02-02;103.4;2;103.4
2010-02-03;101.0;2;101.0
2010-02-04;100.2;2;100.2
2010-02-05;98.6;2;98.6
2010-02-06;97.8;2;97.8
2010-02-07;97.0;2;97.0
2010-02-08;96.2;2;96.2
2010-02-09;95.4;2;95.4
2010-02-10;96.2;2;96.2
2010-02-11;96.2;2;96.2
2010-02-12;97.8;2;97.8
2010-02-13;96.2;2;96.2
2010-02-14;97.0;2;97.0
2010-02-15;97.0;2;97.0
2010-02-16;96.2;2;96.2
2010-02-17;97.0;2;97.0
2010-02-18;99.4;2;99.4
2010-02-19;102.6;2;102.6
2010-02-20;101.8;2;101.8
2010-02-21;99.4;2;99.4
2010-02-22;97.0;2;97.0
2010-02-23;99.4;2;99.4
2010-02-24;102.6;2;102.6
2010-02-25;101.8;2;101.8
2010-02-26;102.6;2;102.6
2010-02-27;104.2;2;104.2
2010-02-28;107.2;2;107.2
2010-03-01;104.2;3;104.2
2010-03-02;105.0;3;105.0
2010-03-03;103.4;3;103.4
2010-03-04;105.0;3;105.0
2010-03-05;118.0;3;118.0
2010-03-06;122.3;3;122.3
2010-03-07;125.5;3;125.5
2010-03-08;144.4;3;144.4
2010-03-09;144.4;3;144.4
2010-03-10;196.0;3;196.0
2010-03-11;195.3;3;195.3
2010-03-12;155.6;3;155.6
2010-03-13;214.7;3;214.7
2010-03-14;224.9;3;224.9
2010-03-15;177.8;3;177.8
2010-03-16;136.0;3;136.0
2010-03-17;161.7;3;161.7
2010-03-18;181.5;3;181.5
2010-03-19;266.4;3;266.4
2010-03-20;189.4;3;189.4
2010-03-21;148.1;3;148.1
2010-03-22;314.0;3;314.0
2010-03-23;358.8;3;358.8
2010-03-24;365.8;3;365.8
2010-03-25;354.6;3;354.6
2010-03-26;295.8;3;295.8
2010-03-27;281.8;3;281.8
2010-03-28;281.8;3;281.8
2010-03-29;290.2;3;290.2
2010-03-30;290.2;3;290.2
2010-03-31;326.6;3;326.6
2010-04-01;304.2;4;304.2
2010-04-02;298.6;4;298.6
2010-04-03;297.2;4;297.2
2010-04-04;297.2;4;297.2
2010-04-05;293.0;4;293.0
2010-04-06;227.7;4;227.7
2010-04-07;295.8;4;295.8
2010-04-08;337.8;4;337.8
2010-04-09;328.0;4;328.0
2010-04-10;239.3;4;239.3
2010-04-11;274.8;4;274.8
2010-04-12;237.9;4;237.9
2010-04-13;277.6;4;277.6
2010-04-14;316.8;4;316.8
2010-04-15;242.1;4;242.1
2010-04-16;192.6;4;192.6
2010-04-17;172.9;4;172.9
2010-04-18;231.8;4;231.8
2010-04-19;344.8;4;344.8
2010-04-20;262.2;4;262.2
2010-04-21;366.3;4;366.3
2010-04-22;423.8;4;423.8
2010-04-23;399.3;4;399.3
2010-04-24;361.6;4;361.6
2010-04-25;288.8;4;288.8
2010-04-26;365.8;4;365.8
2010-04-27;259.1;4;259.1
2010-04-28;190.1;4;190.1
2010-04-29;177.8;4;177.8
2010-04-30;185.2;4;185.2
2010-05-01;420.8;5;420.8
2010-05-02;421.2;5;421.2
2010-05-03;422.2;5;422.2
2010-05-04;425.6;5;425.6
2010-05-05;425.4;5;425.4
2010-05-06;427.4;5;427.4
2010-05-07;419.3;5;419.3
2010-05-08;409.9;5;409.9
2010-05-09;409.0;5;409.0
2010-05-10;408.8;5;408.8
2010-05-11;406.3;5;406.3
2010-05-12;404.9;5;404.9
2010-05-13;403.7;5;403.7
2010-05-14;409.7;5;409.7
2010-05-15;433.2;5;433.2
2010-05-16;441.9;5;441.9
2010-05-17;443.6;5;443.6
2010-05-18;444.0;5;444.0
2010-05-19;445.7;5;445.7
2010-05-20;449.2;5;449.2
2010-05-21;461.8;5;461.8
2010-05-22;459.3;5;459.3
2010-05-23;446.3;5;446.3
2010-05-24;454.7;5;454.7
2010-05-25;443.8;5;443.8
2010-05-26;444.8;5;444.8
2010-05-27;459.1;5;459.1
2010-05-28;464.0;5;464.0
2010-05-29;467.2;5;467.2
2010-05-30;470.0;5;470.0
2010-05-31;473.9;5;473.9
2010-06-01;413.9;6;413.9
2010-06-02;423.8;6;423.8
2010-06-03;417.7;6;417.7
2010-06-04;426.9;6;426.9
2010-06-05;479.6;6;479.6
2010-06-06;491.8;6;491.8
2010-06-07;487.0;6;487.0
2010-06-08;495.5;6;495.5
2010-06-09;501.9;6;501.9
2010-06-10;513.8;6;513.8
2010-06-11;555.5;6;555.5
2010-06-12;535.8;6;535.8
2010-06-13;528.5;6;528.5
2010-06-14;506.5;6;506.5
2010-06-15;466.2;6;466.2
2010-06-16;461.7;6;461.7
2010-06-17;469.1;6;469.1
2010-06-18;469.1;6;469.1
2010-06-19;508.3;6;508.3
2010-06-20;538.6;6;538.6
2010-06-21;540.4;6;540.4
2010-06-22;545.6;6;545.6
2010-06-23;532.2;6;532.2
2010-06-24;530.3;6;530.3
2010-06-25;533.1;6;533.1
2010-06-26;551.0;6;551.0
2010-06-27;561.5;6;561.5
2010-06-28;570.5;6;570.5
2010-06-29;570.5;6;570.5
2010-06-30;567.5;6;567.5
2010-07-01;559.3;7;559.3
2010-07-02;561.5;7;561.5
2010-07-03;551.0;7;551.0
2010-07-04;541.3;7;541.3
2010-07-05;548.8;7;548.8
2010-07-06;555.5;7;555.5
2010-07-07;551.0;7;551.0
2010-07-08;528.5;7;528.5
2010-07-09;517.5;7;517.5
2010-07-10;510.2;7;510.2
2010-07-11;515.7;7;515.7
2010-07-12;513.8;7;513.8
2010-07-13;512.0;7;512.0
2010-07-14;503.8;7;503.8
2010-07-15;497.3;7;497.3
2010-07-16;497.3;7;497.3
2010-07-17;506.5;7;506.5
2010-07-18;532.2;7;532.2
2010-07-19;549.5;7;549.5
2010-07-20;542.8;7;542.8
2010-07-21;534.0;7;534.0
2010-07-22;533.1;7;533.1
2010-07-23;528.5;7;528.5
2010-07-24;523.0;7;523.0
2010-07-25;521.2;7;521.2
2010-07-26;515.7;7;515.7
2010-07-27;519.3;7;519.3
2010-07-28;527.6;7;527.6
2010-07-29;534.9;7;534.9
2010-07-30;545.6;7;545.6
2010-07-31;558.5;7;558.5
2010-08-01;573.5;8;573.5
2010-08-02;566.0;8;566.0
2010-08-03;567.5;8;567.5
2010-08-04;552.3;8;552.3
2010-08-05;532.2;8;532.2
2010-08-06;579.5;8;579.5
2010-08-07;590.9;8;590.9
2010-08-08;596.5;8;596.5
2010-08-09;609.5;8;609.5
2010-08-10;613.6;8;613.6
2010-08-11;616.8;8;616.8
2010-08-12;611.1;8;611.1
2010-08-13;613.6;8;613.6
2010-08-14;612.8;8;612.8
2010-08-15;621.7;8;621.7
2010-08-16;630.6;8;630.6
2010-08-17;633.9;8;633.9
2010-08-18;637.9;8;637.9
2010-08-19;646.9;8;646.9
2010-08-20;653.4;8;653.4
2010-08-21;656.8;8;656.8
2010-08-22;659.4;8;659.4
2010-08-23;662.9;8;662.9
2010-08-24;670.9;8;670.9
2010-08-25;677.1;8;677.1
2010-08-26;674.4;8;674.4
2010-08-27;679.7;8;679.7
2010-08-28;684.2;8;684.2
2010-08-29;687.7;8;687.7
2010-08-30;685.9;8;685.9
2010-08-31;678.0;8;678.0
2010-09-01;674.4;9;674.4
2010-09-02;671.8;9;671.8
2010-09-03;668.3;9;668.3
2010-09-04;664.7;9;664.7
2010-09-05;665.6;9;665.6
2010-09-06;667.4;9;667.4
2010-09-07;673.6;9;673.6
2010-09-08;664.7;9;664.7
2010-09-09;665.6;9;665.6
2010-09-10;678.8;9;678.8
2010-09-11;681.5;9;681.5
2010-09-12;675.3;9;675.3
2010-09-13;680.6;9;680.6
2010-09-14;684.2;9;684.2
2010-09-15;690.3;9;690.3
2010-09-16;693.9;9;693.9
2010-09-17;695.6;9;695.6
2010-09-18;698.3;9;698.3
2010-09-19;703.6;9;703.6
2010-09-20;711.5;9;711.5
2010-09-21;714.9;9;714.9
2010-09-22;716.7;9;716.7
2010-09-23;710.6;9;710.6
2010-09-24;706.2;9;706.2
2010-09-25;702.7;9;702.7
2010-09-26;696.5;9;696.5
2010-09-27;710.6;9;710.6
2010-09-28;721.9;9;721.9
2010-09-29;729.7;9;729.7
2010-09-30;737.5;9;737.5
2010-10-01;740.9;10;740.9
2010-10-02;743.5;10;743.5
2010-10-03;742.7;10;742.7
2010-10-04;744.4;10;744.4
2010-10-05;735.7;10;735.7
2010-10-06;718.4;10;718.4
2010-10-07;708.0;10;708.0
2010-10-08;697.4;10;697.4
2010-10-09;698.3;10;698.3
2010-10-10;695.6;10;695.6
2010-10-11;692.1;10;692.1
2010-10-12;683.3;10;683.3
2010-10-13;678.8;10;678.8
2010-10-14;679.7;10;679.7
2010-10-15;670.9;10;670.9
2010-10-16;670.9;10;670.9
2010-10-17;663.8;10;663.8
2010-10-18;655.1;10;655.1
2010-10-19;646.9;10;646.9
2010-10-20;650.1;10;650.1
2010-10-21;656.8;10;656.8
2010-10-22;649.3;10;649.3
2010-10-23;649.3;10;649.3
2010-10-24;643.6;10;643.6
2010-10-25;639.6;10;639.6
2010-10-26;630.6;10;630.6
2010-10-27;619.3;10;619.3
2010-10-28;620.9;10;620.9
2010-10-29;617.6;10;617.6
2010-10-30;607.9;10;607.9
2010-10-31;601.4;10;601.4
2010-11-01;596.5;11;596.5
2010-11-02;582.5;11;582.5
2010-11-03;578.8;11;578.8
2010-11-04;584.0;11;584.0
2010-11-05;578.0;11;578.0
2010-11-06;575.8;11;575.8
2010-11-07;570.5;11;570.5
2010-11-08;564.5;11;564.5
2010-11-09;563.0;11;563.0
2010-11-10;569.0;11;569.0
2010-11-11;559.3;11;559.3
2010-11-12;587.0;11;587.0
2010-11-13;599.8;11;599.8
2010-11-14;607.9;11;607.9
2010-11-15;606.3;11;606.3
2010-11-16;604.6;11;604.6
2010-11-17;604.6;11;604.6
2010-11-18;612.8;11;612.8
2010-11-19;622.5;11;622.5
2010-11-20;624.9;11;624.9
2010-11-21;619.3;11;619.3
2010-11-22;609.5;11;609.5
2010-11-23;579.5;11;579.5
2010-11-24;566.8;11;566.8
2010-11-25;561.5;11;561.5
2010-11-26;555.5;11;555.5
2010-11-27;551.0;11;551.0
2010-11-28;548.8;11;548.8
2010-11-29;544.7;11;544.7
2010-11-30;539.5;11;539.5
2010-12-01;535.8;12;535.8
2010-12-02;545.6;12;545.6
2010-12-03;551.0;12;551.0
2010-12-04;555.5;12;555.5
2010-12-05;563.0;12;563.0
2010-12-06;567.5;12;567.5
2010-12-07;572.0;12;572.0
2010-12-08;575.0;12;575.0
2010-12-09;573.5;12;573.5
2010-12-10;561.5;12;561.5
2010-12-11;558.5;12;558.5
2010-12-12;575.0;12;575.0
2010-12-13;576.5;12;576.5
2010-12-14;584.0;12;584.0
2010-12-15;587.8;12;587.8
2010-12-16;617.6;12;617.6
2010-12-17;640.4;12;640.4
2010-12-18;650.1;12;650.1
2010-12-19;660.3;12;660.3
2010-12-20;667.4;12;667.4
2010-12-21;673.6;12;673.6
2010-12-22;676.2;12;676.2
2010-12-23;678.8;12;678.8
2010-12-24;679.7;12;679.7
2010-12-25;679.7;12;679.7
2010-12-26;679.7;12;679.7
2010-12-27;680.6;12;680.6
2010-12-28;681.5;12;681.5
2010-12-29;683.3;12;683.3
2010-12-30;683.3;12;683.3
2010-12-31;676.2;12;676.2
2011-01-01;660.3;1;660.3
2011-01-02;612.8;1;612.8
2011-01-03;575.0;1;575.0
2011-01-04;560.0;1;560.0
2011-01-05;563.0;1;563.0
2011-01-06;599.8;1;599.8
2011-01-07;603.0;1;603.0
2011-01-08;602.2;1;602.2
2011-01-09;604.6;1;604.6
2011-01-10;616.0;1;616.0
2011-01-11;595.7;1;595.7
2011-01-12;579.5;1;579.5
2011-01-13;569.0;1;569.0
2011-01-14;561.5;1;561.5
2011-01-15;552.5;1;552.5
2011-01-16;548.8;1;548.8
2011-01-17;537.7;1;537.7
2011-01-18;526.7;1;526.7
2011-01-19;520.3;1;520.3
2011-01-20;517.5;1;517.5
2011-01-21;508.3;1;508.3
2011-01-22;499.2;1;499.2
2011-01-23;495.5;1;495.5
2011-01-24;493.7;1;493.7
2011-01-25;490.0;1;490.0
2011-01-26;482.5;1;482.5
2011-01-27;443.7;1;443.7
2011-01-28;397.8;1;397.8
2011-01-29;378.4;1;378.4
2011-01-30;371.4;1;371.4
2011-01-31;437.6;1;437.6
2011-02-01;450.5;2;450.5
2011-02-02;448.3;2;448.3
2011-02-03;437.6;2;437.6
2011-02-04;372.8;2;372.8
2011-02-05;342.0;2;342.0
2011-02-06;328.0;2;328.0
2011-02-07;319.6;2;319.6
2011-02-08;314.7;2;314.7
2011-02-09;307.0;2;307.0
2011-02-10;302.1;2;302.1
2011-02-11;297.2;2;297.2
2011-02-12;293.0;2;293.0
2011-02-13;290.2;2;290.2
2011-02-14;286.0;2;286.0
2011-02-15;281.8;2;281.8
2011-02-16;274.8;2;274.8
2011-02-17;270.6;2;270.6
2011-02-18;267.8;2;267.8
2011-02-19;239.5;2;239.5
2011-02-20;224.9;2;224.9
2011-02-21;213.2;2;213.2
2011-02-22;204.4;2;204.4
2011-02-23;197.5;2;197.5
2011-02-24;197.5;2;197.5
2011-02-25;197.5;2;197.5
2011-02-26;208.2;2;208.2
2011-02-27;222.9;2;222.9
2011-02-28;222.5;2;222.5
2011-03-01;221.0;3;221.0
2011-03-02;223.3;3;223.3
2011-03-03;230.6;3;230.6
2011-03-04;227.0;3;227.0
2011-03-05;286.5;3;286.5
2011-03-06;294.9;3;294.9
2011-03-07;285.4;3;285.4
2011-03-08;281.7;3;281.7
2011-03-09;275.9;3;275.9
2011-03-10;271.7;3;271.7
2011-03-11;269.4;3;269.4
2011-03-12;270.7;3;270.7
2011-03-13;269.0;3;269.0
2011-03-14;278.4;3;278.4
2011-03-15;283.4;3;283.4
2011-03-16;285.2;3;285.2
2011-03-17;286.3;3;286.3
2011-03-18;286.7;3;286.7
2011-03-19;288.6;3;288.6
2011-03-20;292.4;3;292.4
2011-03-21;294.2;3;294.2
2011-03-22;295.8;3;295.8
2011-03-23;306.5;3;306.5
2011-03-24;303.0;3;303.0
2011-03-25;300.5;3;300.5
2011-03-26;301.2;3;301.2
2011-03-27;302.7;3;302.7
2011-03-28;302.0;3;302.0
2011-03-29;303.0;3;303.0
2011-03-30;302.2;3;302.2
2011-03-31;301.9;3;301.9
2011-04-01;301.9;4;301.9
2011-04-02;306.1;4;306.1
2011-04-03;325.0;4;325.0
2011-04-04;332.7;4;332.7
2011-04-05;333.8;4;333.8
2011-04-06;332.7;4;332.7
2011-04-07;332.7;4;332.7
2011-04-08;333.3;4;333.3
2011-04-09;326.9;4;326.9
2011-04-10;327.5;4;327.5
2011-04-11;340.1;4;340.1
2011-04-12;375.5;4;375.5
2011-04-13;381.9;4;381.9
2011-04-14;411.0;4;411.0
2011-04-15;452.2;4;452.2
2011-04-16;470.4;4;470.4
2011-04-17;477.7;4;477.7
2011-04-18;482.8;4;482.8
2011-04-19;456.2;4;456.2
2011-04-20;450.8;4;450.8
2011-04-21;449.3;4;449.3
2011-04-22;479.3;4;479.3
2011-04-23;485.3;4;485.3
2011-04-24;472.4;4;472.4
2011-04-25;467.2;4;467.2
2011-04-26;460.6;4;460.6
2011-04-27;434.1;4;434.1
2011-04-28;432.4;4;432.4
2011-04-29;433.7;4;433.7
2011-04-30;434.1;4;434.1
2011-05-01;434.3;5;434.3
2011-05-02;435.9;5;435.9
2011-05-03;435.0;5;435.0
2011-05-04;438.5;5;438.5
2011-05-05;439.7;5;439.7
2011-05-06;453.9;5;453.9
2011-05-07;473.5;5;473.5
2011-05-08;483.6;5;483.6
2011-05-09;487.4;5;487.4
2011-05-10;488.3;5;488.3
2011-05-11;478.6;5;478.6
2011-05-12;484.0;5;484.0
2011-05-13;509.5;5;509.5
2011-05-14;509.6;5;509.6
2011-05-15;507.4;5;507.4
2011-05-16;508.2;5;508.2
2011-05-17;512.5;5;512.5
2011-05-18;514.1;5;514.1
2011-05-19;500.2;5;500.2
2011-05-20;471.9;5;471.9
2011-05-21;452.9;5;452.9
2011-05-22;451.8;5;451.8
2011-05-23;449.2;5;449.2
2011-05-24;447.2;5;447.2
2011-05-25;447.0;5;447.0
2011-05-26;462.0;5;462.0
2011-05-27;445.8;5;445.8
2011-05-28;438.5;5;438.5
2011-05-29;444.1;5;444.1
2011-05-30;447.5;5;447.5
2011-05-31;452.8;5;452.8
2011-06-01;461.7;6;461.7
2011-06-02;467.3;6;467.3
2011-06-03;481.3;6;481.3
2011-06-04;484.3;6;484.3
2011-06-05;488.3;6;488.3
2011-06-06;491.0;6;491.0
2011-06-07;480.6;6;480.6
2011-06-08;472.9;6;472.9
2011-06-09;486.5;6;486.5
2011-06-10;490.9;6;490.9
2011-06-11;494.0;6;494.0
2011-06-12;495.5;6;495.5
2011-06-13;478.5;6;478.5
2011-06-14;466.6;6;466.6
2011-06-15;487.1;6;487.1
2011-06-16;492.4;6;492.4
2011-06-17;494.3;6;494.3
2011-06-18;504.1;6;504.1
2011-06-19;512.5;6;512.5
2011-06-20;493.6;6;493.6
2011-06-21;481.4;6;481.4
2011-06-22;487.3;6;487.3
2011-06-23;489.3;6;489.3
2011-06-24;490.5;6;490.5
2011-06-25;491.8;6;491.8
2011-06-26;512.4;6;512.4
2011-06-27;513.1;6;513.1
2011-06-28;495.7;6;495.7
2011-06-29;516.4;6;516.4
2011-06-30;526.7;6;526.7
2011-07-01;532.2;7;532.2
2011-07-02;531.5;7;531.5
2011-07-03;526.0;7;526.0
2011-07-04;532.3;7;532.3
2011-07-05;538.7;7;538.7
2011-07-06;534.8;7;534.8
2011-07-07;537.2;7;537.2
2011-07-08;545.0;7;545.0
2011-07-09;546.8;7;546.8
2011-07-10;551.2;7;551.2
2011-07-11;549.3;7;549.3
2011-07-12;543.9;7;543.9
2011-07-13;554.6;7;554.6
2011-07-14;556.9;7;556.9
2011-07-15;555.9;7;555.9
2011-07-16;548.6;7;548.6
2011-07-17;543.8;7;543.8
2011-07-18;535.1;7;535.1
2011-07-19;521.8;7;521.8
2011-07-20;543.7;7;543.7
2011-07-21;543.9;7;543.9
2011-07-22;516.2;7;516.2
2011-07-23;507.5;7;507.5
2011-07-24;496.7;7;496.7
2011-07-25;499.7;7;499.7
2011-07-26;517.0;7;517.0
2011-07-27;524.8;7;524.8
2011-07-28;528.8;7;528.8
2011-07-29;525.2;7;525.2
2011-07-30;531.2;7;531.2
2011-07-31;512.9;7;512.9
2011-08-01;497.6;8;497.6
2011-08-02;508.7;8;508.7
2011-08-03;521.5;8;521.5
2011-08-04;516.7;8;516.7
2011-08-05;503.5;8;503.5
2011-08-06;490.0;8;490.0
2011-08-07;482.5;8;482.5
2011-08-08;477.3;8;477.3
2011-08-09;467.0;8;467.0
2011-08-10;479.8;8;479.8
2011-08-11;495.9;8;495.9
2011-08-12;486.6;8;486.6
2011-08-13;484.8;8;484.8
2011-08-14;497.8;8;497.8
2011-08-15;503.9;8;503.9
2011-08-16;510.1;8;510.1
2011-08-17;527.4;8;527.4
2011-08-18;540.0;8;540.0
2011-08-19;530.3;8;530.3
2011-08-20;556.1;8;556.1
2011-08-21;555.8;8;555.8
2011-08-22;562.5;8;562.5
2011-08-23;564.9;8;564.9
2011-08-24;552.5;8;552.5
2011-08-25;554.9;8;554.9
2011-08-26;543.1;8;543.1
2011-08-27;527.5;8;527.5
2011-08-28;548.5;8;548.5
2011-08-29;557.4;8;557.4
2011-08-30;545.5;8;545.5
2011-08-31;538.0;8;538.0
2011-09-01;550.3;9;550.3
2011-09-02;556.2;9;556.2
2011-09-03;545.0;9;545.0
2011-09-04;534.7;9;534.7
2011-09-05;527.7;9;527.7
2011-09-06;520.7;9;520.7
2011-09-07;519.2;9;519.2
2011-09-08;514.9;9;514.9
2011-09-09;518.7;9;518.7
2011-09-10;509.0;9;509.0
2011-09-11;498.6;9;498.6
2011-09-12;504.9;9;504.9
2011-09-13;514.6;9;514.6
2011-09-14;524.9;9;524.9
2011-09-15;526.3;9;526.3
2011-09-16;541.8;9;541.8
2011-09-17;549.7;9;549.7
2011-09-18;553.6;9;553.6
2011-09-19;549.2;9;549.2
2011-09-20;552.2;9;552.2
2011-09-21;550.6;9;550.6
2011-09-22;553.7;9;553.7
2011-09-23;571.5;9;571.5
2011-09-24;571.4;9;571.4
2011-09-25;566.3;9;566.3
2011-09-26;571.3;9;571.3
2011-09-27;571.8;9;571.8
2011-09-28;578.0;9;578.0
2011-09-29;578.8;9;578.8
2011-09-30;578.5;9;578.5
2011-10-01;578.3;10;578.3
2011-10-02;579.2;10;579.2
2011-10-03;576.4;10;576.4
2011-10-04;582.9;10;582.9
2011-10-05;582.5;10;582.5
2011-10-06;570.4;10;570.4
2011-10-07;566.5;10;566.5
2011-10-08;573.1;10;573.1
2011-10-09;578.6;10;578.6
2011-10-10;581.2;10;581.2
2011-10-11;589.4;10;589.4
2011-10-12;589.6;10;589.6
2011-10-13;593.1;10;593.1
2011-10-14;594.7;10;594.7
2011-10-15;597.0;10;597.0
2011-10-16;592.8;10;592.8
2011-10-17;576.4;10;576.4
2011-10-18;567.9;10;567.9
2011-10-19;568.1;10;568.1
2011-10-20;582.6;10;582.6
2011-10-21;576.8;10;576.8
2011-10-22;583.4;10;583.4
2011-10-23;552.8;10;552.8
2011-10-24;529.6;10;529.6
2011-10-25;514.9;10;514.9
2011-10-26;503.3;10;503.3
2011-10-27;490.2;10;490.2
2011-10-28;485.9;10;485.9
2011-10-29;481.4;10;481.4
2011-10-30;480.8;10;480.8
2011-10-31;493.6;10;493.6
2011-11-01;499.9;11;499.9
2011-11-02;474.4;11;474.4
2011-11-03;453.6;11;453.6
2011-11-04;437.8;11;437.8
2011-11-05;430.2;11;430.2
2011-11-06;424.6;11;424.6
2011-11-07;429.0;11;429.0
2011-11-08;422.9;11;422.9
2011-11-09;417.4;11;417.4
2011-11-10;431.1;11;431.1
2011-11-11;415.7;11;415.7
2011-11-12;415.8;11;415.8
2011-11-13;417.0;11;417.0
2011-11-14;412.9;11;412.9
2011-11-15;414.1;11;414.1
2011-11-16;407.4;11;407.4
2011-11-17;403.4;11;403.4
2011-11-18;409.2;11;409.2
2011-11-19;409.3;11;409.3
2011-11-20;404.9;11;404.9
2011-11-21;403.2;11;403.2
2011-11-22;403.0;11;403.0
2011-11-23;415.0;11;415.0
2011-11-24;424.2;11;424.2
2011-11-25;433.6;11;433.6
2011-11-26;411.6;11;411.6
2011-11-27;390.3;11;390.3
2011-11-28;402.9;11;402.9
2011-11-29;414.3;11;414.3
2011-11-30;445.1;11;445.1
2011-12-01;452.5;12;452.5
2011-12-02;451.9;12;451.9
2011-12-03;472.5;12;472.5
2011-12-04;495.5;12;495.5
2011-12-05;457.9;12;457.9
2011-12-06;447.7;12;447.7
2011-12-07;468.0;12;468.0
2011-12-08;469.4;12;469.4
2011-12-09;476.2;12;476.2
2011-12-10;472.9;12;472.9
2011-12-11;538.2;12;538.2
2011-12-12;558.8;12;558.8
2011-12-13;566.6;12;566.6
2011-12-14;555.6;12;555.6
2011-12-15;516.4;12;516.4
2011-12-16;485.0;12;485.0
2011-12-17;464.5;12;464.5
2011-12-18;479.4;12;479.4
2011-12-19;497.1;12;497.1
2011-12-20;521.8;12;521.8
2011-12-21;545.2;12;545.2
2011-12-22;537.7;12;537.7
2011-12-23;548.8;12;548.8
2011-12-24;529.7;12;529.7
2011-12-25;500.1;12;500.1
2011-12-26;468.4;12;468.4
2011-12-27;406.9;12;406.9
2011-12-28;364.6;12;364.6
2011-12-29;353.6;12;353.6
2011-12-30;350.3;12;350.3
2011-12-31;328.0;12;328.0
2012-01-01;332.0;1;332.0
2012-01-02;321.6;1;321.6
2012-01-03;312.4;1;312.4
2012-01-04;303.6;1;303.6
2012-01-05;299.9;1;299.9
2012-01-06;297.4;1;297.4
2012-01-07;367.6;1;367.6
2012-01-08;345.7;1;345.7
2012-01-09;356.4;1;356.4
2012-01-10;297.7;1;297.7
2012-01-11;276.7;1;276.7
2012-01-12;363.2;1;363.2
2012-01-13;388.6;1;388.6
2012-01-14;383.2;1;383.2
2012-01-15;316.7;1;316.7
2012-01-16;310.3;1;310.3
2012-01-17;348.6;1;348.6
2012-01-18;380.4;1;380.4
2012-01-19;420.9;1;420.9
2012-01-20;387.5;1;387.5
2012-01-21;378.1;1;378.1
2012-01-22;369.1;1;369.1
2012-01-23;368.6;1;368.6
2012-01-24;339.0;1;339.0
2012-01-25;353.2;1;353.2
2012-01-26;352.1;1;352.1
2012-01-27;328.7;1;328.7
2012-01-28;284.5;1;284.5
2012-01-29;235.7;1;235.7
2012-01-30;209.1;1;209.1
2012-01-31;200.1;1;200.1
2012-02-01;191.1;2;191.1
2012-02-02;217.7;2;217.7
2012-02-03;244.6;2;244.6
2012-02-04;242.6;2;242.6
2012-02-05;240.6;2;240.6
2012-02-06;242.0;2;242.0
2012-02-07;239.5;2;239.5
2012-02-08;234.8;2;234.8
2012-02-09;228.5;2;228.5
2012-02-10;223.0;2;223.0
2012-02-11;221.0;2;221.0
2012-02-12;217.4;2;217.4
2012-02-13;213.0;2;213.0
2012-02-14;223.3;2;223.3
2012-02-15;237.6;2;237.6
2012-02-16;235.6;2;235.6
2012-02-17;232.0;2;232.0
2012-02-18;232.3;2;232.3
2012-02-19;230.3;2;230.3
2012-02-20;218.3;2;218.3
2012-02-21;203.2;2;203.2
2012-02-22;199.4;2;199.4
2012-02-23;197.0;2;197.0
2012-02-24;192.6;2;192.6
2012-02-25;189.0;2;189.0
2012-02-26;186.2;2;186.2
2012-02-27;180.9;2;180.9
2012-02-28;164.6;2;164.6
2012-02-29;160.3;2;160.3
2012-03-01;161.9;3;161.9
2012-03-02;162.3;3;162.3
2012-03-03;161.7;3;161.7
2012-03-04;166.3;3;166.3
2012-03-05;165.7;3;165.7
2012-03-06;164.9;3;164.9
2012-03-07;165.4;3;165.4
2012-03-08;165.4;3;165.4
2012-03-09;162.9;3;162.9
2012-03-10;167.1;3;167.1
2012-03-11;194.5;3;194.5
2012-03-12;189.1;3;189.1
2012-03-13;175.3;3;175.3
2012-03-14;177.7;3;177.7
2012-03-15;174.4;3;174.4
2012-03-16;172.2;3;172.2
2012-03-17;176.1;3;176.1
2012-03-18;177.8;3;177.8
2012-03-19;179.1;3;179.1
2012-03-20;178.4;3;178.4
2012-03-21;178.1;3;178.1
2012-03-22;185.6;3;185.6
2012-03-23;240.1;3;240.1
2012-03-24;255.3;3;255.3
2012-03-25;257.5;3;257.5
2012-03-26;258.1;3;258.1
2012-03-27;250.3;3;250.3
2012-03-28;242.1;3;242.1
2012-03-29;260.5;3;260.5
2012-03-30;262.5;3;262.5
2012-03-31;259.4;3;259.4
2012-04-01;-999.000;4;411.0
2012-04-02;-999.000;4;131.6
2012-04-03;-999.000;4;99.8
2012-04-04;-999.000;4;266.9
2012-04-05;200.9;4;200.9
2012-04-06;209.7;4;209.7
2012-04-07;209.2;4;209.2
2012-04-08;210.5;4;210.5
2012-04-09;214.7;4;214.7
2012-04-10;227.3;4;227.3
2012-04-11;284.7;4;284.7
2012-04-12;336.7;4;336.7
2012-04-13;375.2;4;375.2
2012-04-14;392.1;4;392.1
2012-04-15;407.0;4;407.0
2012-04-16;421.3;4;421.3
2012-04-17;411.9;4;411.9
2012-04-18;410.2;4;410.2
2012-04-19;401.9;4;401.9
2012-04-20;380.7;4;380.7
2012-04-21;340.0;4;340.0
2012-04-22;323.5;4;323.5
2012-04-23;321.0;4;321.0
2012-04-24;322.0;4;322.0
2012-04-25;324.9;4;324.9
2012-04-26;329.9;4;329.9
2012-04-27;325.7;4;325.7
2012-04-28;345.8;4;345.8
2012-04-29;372.5;4;372.5
2012-04-30;373.1;4;373.1
2012-05-01;414.4;5;414.4
2012-05-02;469.6;5;469.6
2012-05-03;511.5;5;511.5
2012-05-04;522.0;5;522.0
2012-05-05;501.5;5;501.5
2012-05-06;503.3;5;503.3
2012-05-07;502.2;5;502.2
2012-05-08;540.7;5;540.7
2012-05-09;562.0;5;562.0
2012-05-10;527.5;5;527.5
2012-05-11;520.2;5;520.2
2012-05-12;519.4;5;519.4
2012-05-13;463.0;5;463.0
2012-05-14;429.1;5;429.1
2012-05-15;428.5;5;428.5
2012-05-16;460.3;5;460.3
2012-05-17;513.8;5;513.8
2012-05-18;532.2;5;532.2
2012-05-19;535.8;5;535.8
2012-05-20;535.8;5;535.8
2012-05-21;540.4;5;540.4
2012-05-22;548.0;5;548.0
2012-05-23;540.4;5;540.4
2012-05-24;497.3;5;497.3
2012-05-25;502.8;5;502.8
2012-05-26;519.3;5;519.3
2012-05-27;534.0;5;534.0
2012-05-28;512.0;5;512.0
2012-05-29;510.2;5;510.2
2012-05-30;512.0;5;512.0
2012-05-31;495.5;5;495.5
2012-06-01;515.7;6;515.7
2012-06-02;515.7;6;515.7
2012-06-03;495.5;6;495.5
2012-06-04;488.8;6;488.8
2012-06-05;488.8;6;488.8
2012-06-06;470.5;6;470.5
2012-06-07;460.0;6;460.0
2012-06-08;470.5;6;470.5
2012-06-09;499.2;6;499.2
2012-06-10;469.0;6;469.0
2012-06-11;502.8;6;502.8
2012-06-12;521.2;6;521.2
2012-06-13;530.3;6;530.3
2012-06-14;537.7;6;537.7
2012-06-15;545.6;6;545.6
2012-06-16;551.0;6;551.0
2012-06-17;557.0;6;557.0
2012-06-18;557.0;6;557.0
2012-06-19;544.7;6;544.7
2012-06-20;537.7;6;537.7
2012-06-21;524.8;6;524.8
2012-06-22;544.7;6;544.7
2012-06-23;542.8;6;542.8
2012-06-24;523.0;6;523.0
2012-06-25;523.0;6;523.0
2012-06-26;541.3;6;541.3
2012-06-27;539.5;6;539.5
2012-06-28;544.7;6;544.7
2012-06-29;555.5;6;555.5
2012-06-30;546.2;6;546.2
2012-07-01;519.3;7;519.3
2012-07-02;510.2;7;510.2
2012-07-03;508.3;7;508.3
2012-07-04;508.3;7;508.3
2012-07-05;504.7;7;504.7
2012-07-06;513.8;7;513.8
2012-07-07;510.2;7;510.2
2012-07-08;499.2;7;499.2
2012-07-09;499.2;7;499.2
2012-07-10;499.2;7;499.2
2012-07-11;497.3;7;497.3
2012-07-12;497.3;7;497.3
2012-07-13;493.7;7;493.7
2012-07-14;499.2;7;499.2
2012-07-15;519.3;7;519.3
2012-07-16;519.3;7;519.3
2012-07-17;497.3;7;497.3
2012-07-18;491.8;7;491.8
2012-07-19;497.3;7;497.3
2012-07-20;490.0;7;490.0
2012-07-21;490.0;7;490.0
2012-07-22;487.0;7;487.0
2012-07-23;476.5;7;476.5
2012-07-24;475.0;7;475.0
2012-07-25;482.5;7;482.5
2012-07-26;478.0;7;478.0
2012-07-27;467.5;7;467.5
2012-07-28;467.5;7;467.5
2012-07-29;481.0;7;481.0
2012-07-30;522.1;7;522.1
2012-07-31;528.5;7;528.5
2012-08-01;523.0;8;523.0
2012-08-02;535.8;8;535.8
2012-08-03;539.5;8;539.5
2012-08-04;539.5;8;539.5
2012-08-05;532.2;8;532.2
2012-08-06;539.5;8;539.5
2012-08-07;541.3;8;541.3
2012-08-08;548.0;8;548.0
2012-08-09;549.5;8;549.5
2012-08-10;557.0;8;557.0
2012-08-11;563.0;8;563.0
2012-08-12;561.5;8;561.5
2012-08-13;557.0;8;557.0
2012-08-14;537.7;8;537.7
2012-08-15;544.7;8;544.7
2012-08-16;549.5;8;549.5
2012-08-17;557.0;8;557.0
2012-08-18;554.0;8;554.0
2012-08-19;535.8;8;535.8
2012-08-20;524.8;8;524.8
2012-08-21;523.0;8;523.0
2012-08-22;517.5;8;517.5
2012-08-23;542.5;8;542.5
2012-08-24;557.0;8;557.0
2012-08-25;530.3;8;530.3
2012-08-26;530.3;8;530.3
2012-08-27;537.7;8;537.7
2012-08-28;558.5;8;558.5
2012-08-29;551.0;8;551.0
2012-08-30;519.3;8;519.3
2012-08-31;515.7;8;515.7
2012-09-01;539.2;9;539.2
2012-09-02;564.5;9;564.5
2012-09-03;558.5;9;558.5
2012-09-04;532.2;9;532.2
2012-09-05;531.3;9;531.3
2012-09-06;534.0;9;534.0
2012-09-07;524.8;9;524.8
2012-09-08;517.5;9;517.5
2012-09-09;558.5;9;558.5
2012-09-10;567.5;9;567.5
2012-09-11;573.5;9;573.5
2012-09-12;569.0;9;569.0
2012-09-13;557.8;9;557.8
2012-09-14;554.0;9;554.0
2012-09-15;536.8;9;536.8
2012-09-16;521.2;9;521.2
2012-09-17;515.7;9;515.7
2012-09-18;519.3;9;519.3
2012-09-19;512.0;9;512.0
2012-09-20;504.7;9;504.7
2012-09-21;499.2;9;499.2
2012-09-22;495.5;9;495.5
2012-09-23;488.5;9;488.5
2012-09-24;490.0;9;490.0
2012-09-25;485.5;9;485.5
2012-09-26;515.7;9;515.7
2012-09-27;539.5;9;539.5
2012-09-28;549.5;9;549.5
2012-09-29;552.5;9;552.5
2012-09-30;560.0;9;560.0
2012-10-01;561.5;10;561.5
2012-10-02;563.0;10;563.0
2012-10-03;564.5;10;564.5
2012-10-04;564.5;10;564.5
2012-10-05;569.0;10;569.0
2012-10-06;561.5;10;561.5
2012-10-07;532.2;10;532.2
2012-10-08;513.8;10;513.8
2012-10-09;491.8;10;491.8
2012-10-10;502.8;10;502.8
2012-10-11;491.8;10;491.8
2012-10-12;481.0;10;481.0
2012-10-13;476.5;10;476.5
2012-10-14;475.0;10;475.0
2012-10-15;476.5;10;476.5
2012-10-16;481.0;10;481.0
2012-10-17;481.0;10;481.0
2012-10-18;482.5;10;482.5
2012-10-19;482.5;10;482.5
2012-10-20;490.3;10;490.3
2012-10-21;484.0;10;484.0
2012-10-22;484.0;10;484.0
2012-10-23;497.3;10;497.3
2012-10-24;497.3;10;497.3
2012-10-25;481.0;10;481.0
2012-10-26;506.5;10;506.5
2012-10-27;513.8;10;513.8
2012-10-28;495.5;10;495.5
2012-10-29;473.5;10;473.5
2012-10-30;531.7;10;531.7
2012-10-31;593.3;10;593.3
2012-11-01;588.5;11;588.5
2012-11-02;582.5;11;582.5
2012-11-03;581.0;11;581.0
2012-11-04;585.5;11;585.5
2012-11-05;579.5;11;579.5
2012-11-06;581.0;11;581.0
2012-11-07;582.5;11;582.5
2012-11-08;590.0;11;590.0
2012-11-09;590.0;11;590.0
2012-11-10;590.0;11;590.0
2012-11-11;588.5;11;588.5
2012-11-12;569.0;11;569.0
2012-11-13;551.0;11;551.0
2012-11-14;539.5;11;539.5
2012-11-15;528.5;11;528.5
2012-11-16;517.5;11;517.5
2012-11-17;502.8;11;502.8
2012-11-18;501.0;11;501.0
2012-11-19;499.2;11;499.2
2012-11-20;506.5;11;506.5
2012-11-21;487.3;11;487.3
2012-11-22;478.0;11;478.0
2012-11-23;499.2;11;499.2
2012-11-24;499.2;11;499.2
2012-11-25;506.5;11;506.5
2012-11-26;495.5;11;495.5
2012-11-27;469.0;11;469.0
2012-11-28;478.0;11;478.0
2012-11-29;491.8;11;491.8
2012-11-30;495.5;11;495.5
2012-12-01;534.0;12;534.0
2012-12-02;544.7;12;544.7
2012-12-03;489.8;12;489.8
2012-12-04;397.9;12;397.9
2012-12-05;360.2;12;360.2
2012-12-06;347.6;12;347.6
2012-12-07;338.5;12;338.5
2012-12-08;333.6;12;333.6
2012-12-09;323.8;12;323.8
2012-12-10;318.2;12;318.2
2012-12-11;302.8;12;302.8
2012-12-12;305.6;12;305.6
2012-12-13;332.2;12;332.2
2012-12-14;300.0;12;300.0
2012-12-15;277.6;12;277.6
2012-12-16;274.8;12;274.8
2012-12-17;260.8;12;260.8
2012-12-18;249.6;12;249.6
2012-12-19;236.7;12;236.7
2012-12-20;236.7;12;236.7
2012-12-21;343.4;12;343.4
2012-12-22;371.4;12;371.4
2012-12-23;370.0;12;370.0
2012-12-24;318.2;12;318.2
2012-12-25;232.3;12;232.3
2012-12-26;325.2;12;325.2
2012-12-27;269.2;12;269.2
2012-12-28;342.0;12;342.0
2012-12-29;354.6;12;354.6
2012-12-30;349.0;12;349.0
2012-12-31;336.4;12;336.4
2013-01-01;343.4;1;343.4
2013-01-02;346.2;1;346.2
2013-01-03;337.8;1;337.8
2013-01-04;260.6;1;260.6
2013-01-05;205.9;1;205.9
2013-01-06;193.8;1;193.8
2013-01-07;185.2;1;185.2
2013-01-08;179.0;1;179.0
2013-01-09;175.3;1;175.3
2013-01-10;262.1;1;262.1
2013-01-11;253.8;1;253.8
2013-01-12;200.9;1;200.9
2013-01-13;170.4;1;170.4
2013-01-14;159.3;1;159.3
2013-01-15;147.5;1;147.5
2013-01-16;141.9;1;141.9
2013-01-17;137.0;1;137.0
2013-01-18;133.2;1;133.2
2013-01-19;129.8;1;129.8
2013-01-20;125.5;1;125.5
2013-01-21;124.4;1;124.4
2013-01-22;122.3;1;122.3
2013-01-23;119.0;1;119.0
2013-01-24;119.0;1;119.0
2013-01-25;213.2;1;213.2
2013-01-26;195.3;1;195.3
2013-01-27;177.8;1;177.8
2013-01-28;179.0;1;179.0
2013-01-29;179.0;1;179.0
2013-01-30;180.3;1;180.3
2013-01-31;173.5;1;173.5
2013-02-01;139.5;2;139.5
2013-02-02;129.9;2;129.9
2013-02-03;119.0;2;119.0
2013-02-04;115.8;2;115.8
2013-02-05;112.6;2;112.6
2013-02-06;111.5;2;111.5
2013-02-07;110.4;2;110.4
2013-02-08;134.1;2;134.1
2013-02-09;160.5;2;160.5
2013-02-10;165.5;2;165.5
2013-02-11;145.6;2;145.6
2013-02-12;112.6;2;112.6
2013-02-13;122.3;2;122.3
2013-02-14;159.3;2;159.3
2013-02-15;164.2;2;164.2
2013-02-16;176.6;2;176.6
2013-02-17;188.9;2;188.9
2013-02-18;156.8;2;156.8
2013-02-19;119.0;2;119.0
2013-02-20;146.2;2;146.2
2013-02-21;176.6;2;176.6
2013-02-22;185.2;2;185.2
2013-02-23;187.7;2;187.7
2013-02-24;188.9;2;188.9
2013-02-25;158.0;2;158.0
2013-02-26;116.9;2;116.9
2013-02-27;146.0;2;146.0
2013-02-28;179.0;2;179.0
2013-03-01;182.7;3;182.7
2013-03-02;184.0;3;184.0
2013-03-03;154.3;3;154.3
2013-03-04;171.6;3;171.6
2013-03-05;174.1;3;174.1
2013-03-06;166.7;3;166.7
2013-03-07;194.1;3;194.1
2013-03-08;207.3;3;207.3
2013-03-09;207.3;3;207.3
2013-03-10;210.3;3;210.3
2013-03-11;203.2;3;203.2
2013-03-12;256.6;3;256.6
2013-03-13;269.2;3;269.2
2013-03-14;269.2;3;269.2
2013-03-15;273.4;3;273.4
2013-03-16;272.0;3;272.0
2013-03-17;269.2;3;269.2
2013-03-18;269.2;3;269.2
2013-03-19;294.4;3;294.4
2013-03-20;309.8;3;309.8
2013-03-21;304.2;3;304.2
2013-03-22;262.2;3;262.2
2013-03-23;249.5;3;249.5
2013-03-24;329.4;3;329.4
2013-03-25;408.4;3;408.4
2013-03-26;432.8;3;432.8
2013-03-27;390.2;3;390.2
2013-03-28;381.2;3;381.2
2013-03-29;400.8;3;400.8
2013-03-30;396.2;3;396.2
2013-03-31;388.6;3;388.6
2013-04-01;385.5;4;385.5
2013-04-02;413.0;4;413.0
2013-04-03;443.5;4;443.5
2013-04-04;432.8;4;432.8
2013-04-05;413.0;4;413.0
2013-04-06;406.9;4;406.9
2013-04-07;416.0;4;416.0
2013-04-08;423.6;4;423.6
2013-04-09;452.5;4;452.5
2013-04-10;400.8;4;400.8
2013-04-11;364.4;4;364.4
2013-04-12;354.6;4;354.6
2013-04-13;367.2;4;367.2
2013-04-14;375.6;4;375.6
2013-04-15;403.8;4;403.8
2013-04-16;411.5;4;411.5
2013-04-17;413.0;4;413.0
2013-04-18;387.0;4;387.0
2013-04-19;387.0;4;387.0
2013-04-20;384.1;4;384.1
2013-04-21;387.0;4;387.0
2013-04-22;384.0;4;384.0
2013-04-23;385.5;4;385.5
2013-04-24;391.6;4;391.6
2013-04-25;388.6;4;388.6
2013-04-26;388.6;4;388.6
2013-04-27;406.9;4;406.9
2013-04-28;400.8;4;400.8
2013-04-29;406.9;4;406.9
2013-04-30;409.9;4;409.9
2013-05-01;406.9;5;406.9
2013-05-02;422.1;5;422.1
2013-05-03;414.5;5;414.5
2013-05-04;406.9;5;406.9
2013-05-05;406.9;5;406.9
2013-05-06;402.3;5;402.3
2013-05-07;358.8;5;358.8
2013-05-08;324.5;5;324.5
2013-05-09;312.6;5;312.6
2013-05-10;311.2;5;311.2
2013-05-11;307.0;5;307.0
2013-05-12;298.6;5;298.6
2013-05-13;294.4;5;294.4
2013-05-14;291.6;5;291.6
2013-05-15;290.2;5;290.2
2013-05-16;290.2;5;290.2
2013-05-17;320.3;5;320.3
2013-05-18;346.2;5;346.2
2013-05-19;367.2;5;367.2
2013-05-20;429.8;5;429.8
2013-05-21;469.0;5;469.0
2013-05-22;463.0;5;463.0
2013-05-23;475.0;5;475.0
2013-05-24;493.7;5;493.7
2013-05-25;463.0;5;463.0
2013-05-26;446.4;5;446.4
2013-05-27;416.0;5;416.0
2013-05-28;394.0;5;394.0
2013-05-29;454.0;5;454.0
2013-05-30;466.0;5;466.0
2013-05-31;470.5;5;470.5
2013-06-01;429.8;6;429.8
2013-06-02;405.4;6;405.4
2013-06-03;384.3;6;384.3
2013-06-04;374.2;6;374.2
2013-06-05;375.6;6;375.6
2013-06-06;372.8;6;372.8
2013-06-07;365.8;6;365.8
2013-06-08;360.2;6;360.2
2013-06-09;357.4;6;357.4
2013-06-10;356.0;6;356.0
2013-06-11;357.4;6;357.4
2013-06-12;364.4;6;364.4
2013-06-13;367.2;6;367.2
2013-06-14;361.6;6;361.6
2013-06-15;420.6;6;420.6
2013-06-16;464.5;6;464.5
2013-06-17;482.5;6;482.5
2013-06-18;491.8;6;491.8
2013-06-19;485.8;6;485.8
2013-06-20;443.4;6;443.4
2013-06-21;423.7;6;423.7
2013-06-22;413.0;6;413.0
2013-06-23;378.4;6;378.4
2013-06-24;375.6;6;375.6
2013-06-25;372.8;6;372.8
2013-06-26;368.6;6;368.6
2013-06-27;364.4;6;364.4
2013-06-28;370.0;6;370.0
2013-06-29;391.9;6;391.9
2013-06-30;417.5;6;417.5
2013-07-01;402.3;7;402.3
2013-07-02;387.0;7;387.0
2013-07-03;384.0;7;384.0
2013-07-04;385.5;7;385.5
2013-07-05;384.1;7;384.1
2013-07-06;377.0;7;377.0
2013-07-07;367.2;7;367.2
2013-07-08;363.0;7;363.0
2013-07-09;372.8;7;372.8
2013-07-10;384.8;7;384.8
2013-07-11;391.6;7;391.6
2013-07-12;382.7;7;382.7
2013-07-13;390.1;7;390.1
2013-07-14;372.8;7;372.8
2013-07-15;360.2;7;360.2
2013-07-16;356.0;7;356.0
2013-07-17;351.8;7;351.8
2013-07-18;351.8;7;351.8
2013-07-19;350.4;7;350.4
2013-07-20;349.0;7;349.0
2013-07-21;342.0;7;342.0
2013-07-22;342.0;7;342.0
2013-07-23;342.0;7;342.0
2013-07-24;335.0;7;335.0
2013-07-25;328.0;7;328.0
2013-07-26;332.2;7;332.2
2013-07-27;344.8;7;344.8
2013-07-28;354.6;7;354.6
2013-07-29;340.6;7;340.6
2013-07-30;353.2;7;353.2
2013-07-31;374.2;7;374.2
2013-08-01;367.2;8;367.2
2013-08-02;361.6;8;361.6
2013-08-03;360.2;8;360.2
2013-08-04;360.2;8;360.2
2013-08-05;391.6;8;391.6
2013-08-06;397.7;8;397.7
2013-08-07;414.5;8;414.5
2013-08-08;428.2;8;428.2
2013-08-09;399.3;8;399.3
2013-08-10;394.7;8;394.7
2013-08-11;405.4;8;405.4
2013-08-12;432.8;8;432.8
2013-08-13;467.5;8;467.5
2013-08-14;463.0;8;463.0
2013-08-15;458.5;8;458.5
2013-08-16;452.5;8;452.5
2013-08-17;446.5;8;446.5
2013-08-18;426.7;8;426.7
2013-08-19;426.7;8;426.7
2013-08-20;423.6;8;423.6
2013-08-21;420.6;8;420.6
2013-08-22;420.6;8;420.6
2013-08-23;422.1;8;422.1
2013-08-24;429.8;8;429.8
2013-08-25;451.0;8;451.0
2013-08-26;524.8;8;524.8
2013-08-27;541.0;8;541.0
2013-08-28;506.5;8;506.5
2013-08-29;515.7;8;515.7
2013-08-30;526.7;8;526.7
2013-08-31;526.7;8;526.7
2013-09-01;535.8;9;535.8
2013-09-02;563.0;9;563.0
2013-09-03;578.0;9;578.0
2013-09-04;558.5;9;558.5
2013-09-05;547.7;9;547.7
2013-09-06;537.7;9;537.7
2013-09-07;551.0;9;551.0
2013-09-08;554.0;9;554.0
2013-09-09;563.0;9;563.0
2013-09-10;576.5;9;576.5
2013-09-11;582.5;9;582.5
2013-09-12;576.5;9;576.5
2013-09-13;575.0;9;575.0
2013-09-14;575.0;9;575.0
2013-09-15;575.0;9;575.0
2013-09-16;579.5;9;579.5
2013-09-17;585.5;9;585.5
2013-09-18;587.0;9;587.0
2013-09-19;586.3;9;586.3
2013-09-20;587.0;9;587.0
2013-09-21;591.6;9;591.6
2013-09-22;594.9;9;594.9
2013-09-23;593.3;9;593.3
2013-09-24;598.1;9;598.1
2013-09-25;591.6;9;591.6
2013-09-26;575.0;9;575.0
2013-09-27;534.0;9;534.0
2013-09-28;519.3;9;519.3
2013-09-29;521.2;9;521.2
2013-09-30;512.0;9;512.0
2013-10-01;504.7;10;504.7
2013-10-02;487.0;10;487.0
2013-10-03;478.0;10;478.0
2013-10-04;508.3;10;508.3
2013-10-05;535.8;10;535.8
2013-10-06;497.3;10;497.3
2013-10-07;487.0;10;487.0
2013-10-08;517.5;10;517.5
2013-10-09;541.3;10;541.3
2013-10-10;548.0;10;548.0
2013-10-11;552.5;10;552.5
2013-10-12;557.0;10;557.0
2013-10-13;526.7;10;526.7
2013-10-14;539.2;10;539.2
2013-10-15;549.5;10;549.5
2013-10-16;512.0;10;512.0
2013-10-17;499.6;10;499.6
2013-10-18;501.0;10;501.0
2013-10-19;497.3;10;497.3
2013-10-20;495.5;10;495.5
2013-10-21;487.0;10;487.0
2013-10-22;461.5;10;461.5
2013-10-23;483.2;10;483.2
2013-10-24;513.8;10;513.8
2013-10-25;504.7;10;504.7
2013-10-26;481.0;10;481.0
2013-10-27;467.5;10;467.5
2013-10-28;457.0;10;457.0
2013-10-29;495.5;10;495.5
2013-10-30;504.7;10;504.7
2013-10-31;504.7;10;504.7
2013-11-01;508.3;11;508.3
2013-11-02;510.2;11;510.2
2013-11-03;504.7;11;504.7
2013-11-04;454.0;11;454.0
2013-11-05;431.3;11;431.3
2013-11-06;435.9;11;435.9
2013-11-07;452.5;11;452.5
2013-11-08;452.5;11;452.5
2013-11-09;443.5;11;443.5
2013-11-10;434.3;11;434.3
2013-11-11;422.1;11;422.1
2013-11-12;411.5;11;411.5
2013-11-13;403.8;11;403.8
2013-11-14;402.3;11;402.3
2013-11-15;402.3;11;402.3
2013-11-16;397.7;11;397.7
2013-11-17;390.1;11;390.1
2013-11-18;374.2;11;374.2
2013-11-19;368.6;11;368.6
2013-11-20;370.0;11;370.0
2013-11-21;363.0;11;363.0
2013-11-22;354.6;11;354.6
2013-11-23;349.0;11;349.0
2013-11-24;347.6;11;347.6
2013-11-25;342.0;11;342.0
2013-11-26;333.6;11;333.6
2013-11-27;356.0;11;356.0
2013-11-28;399.3;11;399.3
2013-11-29;417.5;11;417.5
2013-11-30;431.3;11;431.3
2013-12-01;425.2;12;425.2
2013-12-02;367.2;12;367.2
2013-12-03;302.8;12;302.8
2013-12-04;260.8;12;260.8
2013-12-05;243.9;12;243.9
2013-12-06;239.6;12;239.6
2013-12-07;230.8;12;230.8
2013-12-08;222.0;12;222.0
2013-12-09;211.7;12;211.7
2013-12-10;214.7;12;214.7
2013-12-11;325.2;12;325.2
2013-12-12;346.2;12;346.2
2013-12-13;378.4;12;378.4
2013-12-14;393.1;12;393.1
2013-12-15;384.4;12;384.4
2013-12-16;351.8;12;351.8
2013-12-17;353.2;12;353.2
2013-12-18;354.6;12;354.6
2013-12-19;351.8;12;351.8
2013-12-20;335.0;12;335.0
2013-12-21;347.6;12;347.6
2013-12-22;347.6;12;347.6
2013-12-23;340.6;12;340.6
2013-12-24;301.4;12;301.4
2013-12-25;234.9;12;234.9
2013-12-26;195.1;12;195.1
2013-12-27;187.7;12;187.7
2013-12-28;181.5;12;181.5
2013-12-29;174.1;12;174.1
2013-12-30;171.6;12;171.6
2013-12-31;243.7;12;243.7
2014-01-01;288.8;1;288.8
2014-01-02;276.2;1;276.2
2014-01-03;197.0;1;197.0
2014-01-04;155.6;1;155.6
2014-01-05;149.4;1;149.4
2014-01-06;145.6;1;145.6
2014-01-07;139.4;1;139.4
2014-01-08;137.0;1;137.0
2014-01-09;135.7;1;135.7
2014-01-10;208.0;1;208.0
2014-01-11;233.7;1;233.7
2014-01-12;241.1;1;241.1
2014-01-13;241.1;1;241.1
2014-01-14;241.1;1;241.1
2014-01-15;241.1;1;241.1
2014-01-16;246.8;1;246.8
2014-01-17;243.9;1;243.9
2014-01-18;200.7;1;200.7
2014-01-19;179.0;1;179.0
2014-01-20;172.9;1;172.9
2014-01-21;170.4;1;170.4
2014-01-22;167.9;1;167.9
2014-01-23;167.9;1;167.9
2014-01-24;167.9;1;167.9
2014-01-25;167.9;1;167.9
2014-01-26;166.7;1;166.7
2014-01-27;164.2;1;164.2
2014-01-28;163.0;1;163.0
2014-01-29;204.9;1;204.9
2014-01-30;220.5;1;220.5
2014-01-31;193.8;1;193.8
2014-02-01;196.3;2;196.3
2014-02-02;187.7;2;187.7
2014-02-03;136.0;2;136.0
2014-02-04;138.3;2;138.3
2014-02-05;151.8;2;151.8
2014-02-06;155.6;2;155.6
2014-02-07;154.3;2;154.3
2014-02-08;151.8;2;151.8
2014-02-09;146.9;2;146.9
2014-02-10;143.2;2;143.2
2014-02-11;143.2;2;143.2
2014-02-12;144.4;2;144.4
2014-02-13;140.7;2;140.7
2014-02-14;138.2;2;138.2
2014-02-15;153.1;2;153.1
2014-02-16;149.4;2;149.4
2014-02-17;144.4;2;144.4
2014-02-18;139.5;2;139.5
2014-02-19;158.0;2;158.0
2014-02-20;158.0;2;158.0
2014-02-21;145.6;2;145.6
2014-02-22;144.4;2;144.4
2014-02-23;132.1;2;132.1
2014-02-24;153.1;2;153.1
2014-02-25;154.3;2;154.3
2014-02-26;135.8;2;135.8
2014-02-27;136.0;2;136.0
2014-02-28;135.0;2;135.0
2014-03-01;111.5;3;111.5
2014-03-02;108.2;3;108.2
2014-03-03;110.4;3;110.4
2014-03-04;112.6;3;112.6
2014-03-05;119.0;3;119.0
2014-03-06;151.8;3;151.8
2014-03-07;182.7;3;182.7
2014-03-08;185.2;3;185.2
2014-03-09;187.7;3;187.7
2014-03-10;188.9;3;188.9
2014-03-11;184.0;3;184.0
2014-03-12;186.4;3;186.4
2014-03-13;187.7;3;187.7
2014-03-14;191.4;3;191.4
2014-03-15;192.6;3;192.6
2014-03-16;169.2;3;169.2
2014-03-17;151.8;3;151.8
2014-03-18;151.8;3;151.8
2014-03-19;159.3;3;159.3
2014-03-20;163.0;3;163.0
2014-03-21;154.3;3;154.3
2014-03-22;148.1;3;148.1
2014-03-23;137.0;3;137.0
2014-03-24;153.1;3;153.1
2014-03-25;170.4;3;170.4
2014-03-26;180.3;3;180.3
2014-03-27;180.3;3;180.3
2014-03-28;177.8;3;177.8
2014-03-29;177.8;3;177.8
2014-03-30;181.5;3;181.5
2014-03-31;227.9;3;227.9
2014-04-01;236.7;4;236.7
2014-04-02;238.1;4;238.1
2014-04-03;229.3;4;229.3
2014-04-04;226.4;4;226.4
2014-04-05;226.4;4;226.4
2014-04-06;214.7;4;214.7
2014-04-07;182.7;4;182.7
2014-04-08;177.8;4;177.8
2014-04-09;171.6;4;171.6
2014-04-10;175.3;4;175.3
2014-04-11;171.6;4;171.6
2014-04-12;171.6;4;171.6
2014-04-13;167.9;4;167.9
2014-04-14;171.6;4;171.6
2014-04-15;144.6;4;144.6
2014-04-16;138.2;4;138.2
2014-04-17;163.0;4;163.0
2014-04-18;174.1;4;174.1
2014-04-19;156.8;4;156.8
2014-04-20;115.8;4;115.8
2014-04-21;111.5;4;111.5
2014-04-22;111.5;4;111.5
2014-04-23;133.0;4;133.0
2014-04-24;169.2;4;169.2
2014-04-25;182.7;4;182.7
2014-04-26;176.6;4;176.6
2014-04-27;193.1;4;193.1
2014-04-28;205.9;4;205.9
2014-04-29;196.3;4;196.3
2014-04-30;210.3;4;210.3
2014-05-01;214.7;5;214.7
2014-05-02;211.7;5;211.7
2014-05-03;204.4;5;204.4
2014-05-04;216.1;5;216.1
2014-05-05;219.1;5;219.1
2014-05-06;217.6;5;217.6
2014-05-07;223.5;5;223.5
2014-05-08;233.7;5;233.7
2014-05-09;242.5;5;242.5
2014-05-10;248.2;5;248.2
2014-05-11;262.2;5;262.2
2014-05-12;273.4;5;273.4
2014-05-13;276.2;5;276.2
2014-05-14;281.8;5;281.8
2014-05-15;276.2;5;276.2
2014-05-16;277.6;5;277.6
2014-05-17;260.8;5;260.8
2014-05-18;224.9;5;224.9
2014-05-19;220.5;5;220.5
2014-05-20;220.5;5;220.5
2014-05-21;217.6;5;217.6
2014-05-22;239.6;5;239.6
2014-05-23;199.0;5;199.0
2014-05-24;180.3;5;180.3
2014-05-25;177.8;5;177.8
2014-05-26;176.6;5;176.6
2014-05-27;171.6;5;171.6
2014-05-28;174.1;5;174.1
2014-05-29;180.3;5;180.3
2014-05-30;193.1;5;193.1
2014-05-31;233.7;5;233.7
2014-06-01;223.5;6;223.5
2014-06-02;219.1;6;219.1
2014-06-03;238.1;6;238.1
2014-06-04;253.7;6;253.7
2014-06-05;288.8;6;288.8
2014-06-06;279.0;6;279.0
2014-06-07;297.2;6;297.2
2014-06-08;300.0;6;300.0
2014-06-09;300.0;6;300.0
2014-06-10;288.8;6;288.8
2014-06-11;291.6;6;291.6
2014-06-12;308.4;6;308.4
2014-06-13;325.2;6;325.2
2014-06-14;307.0;6;307.0
2014-06-15;295.8;6;295.8
2014-06-16;298.6;6;298.6
2014-06-17;286.0;6;286.0
2014-06-18;281.8;6;281.8
2014-06-19;284.6;6;284.6
2014-06-20;281.8;6;281.8
2014-06-21;287.4;6;287.4
2014-06-22;290.2;6;290.2
2014-06-23;297.2;6;297.2
2014-06-24;298.6;6;298.6
2014-06-25;293.0;6;293.0
2014-06-26;291.6;6;291.6
2014-06-27;290.2;6;290.2
2014-06-28;308.4;6;308.4
2014-06-29;443.4;6;443.4
2014-06-30;469.0;6;469.0
2014-07-01;481.0;7;481.0
2014-07-02;461.5;7;461.5
2014-07-03;367.2;7;367.2
2014-07-04;353.2;7;353.2
2014-07-05;342.0;7;342.0
2014-07-06;323.8;7;323.8
2014-07-07;325.2;7;325.2
2014-07-08;323.8;7;323.8
2014-07-09;323.1;7;323.1
2014-07-10;315.4;7;315.4
2014-07-11;314.0;7;314.0
2014-07-12;318.2;7;318.2
2014-07-13;339.2;7;339.2
2014-07-14;318.2;7;318.2
2014-07-15;314.0;7;314.0
2014-07-16;312.6;7;312.6
2014-07-17;321.0;7;321.0
2014-07-18;323.8;7;323.8
2014-07-19;322.4;7;322.4
2014-07-20;326.6;7;326.6
2014-07-21;325.2;7;325.2
2014-07-22;328.0;7;328.0
2014-07-23;337.8;7;337.8
2014-07-24;330.8;7;330.8
2014-07-25;319.6;7;319.6
2014-07-26;316.8;7;316.8
2014-07-27;312.6;7;312.6
2014-07-28;302.8;7;302.8
2014-07-29;298.6;7;298.6
2014-07-30;295.8;7;295.8
2014-07-31;298.6;7;298.6
2014-08-01;270.6;8;270.6
2014-08-02;255.2;8;255.2
2014-08-03;258.0;8;258.0
2014-08-04;270.6;8;270.6
2014-08-05;259.4;8;259.4
2014-08-06;255.2;8;255.2
2014-08-07;246.7;8;246.7
2014-08-08;269.2;8;269.2
2014-08-09;272.0;8;272.0
2014-08-10;277.6;8;277.6
2014-08-11;283.2;8;283.2
2014-08-12;287.4;8;287.4
2014-08-13;286.0;8;286.0
2014-08-14;297.2;8;297.2
2014-08-15;297.2;8;297.2
2014-08-16;295.8;8;295.8
2014-08-17;295.8;8;295.8
2014-08-18;300.0;8;300.0
2014-08-19;300.7;8;300.7
2014-08-20;311.2;8;311.2
2014-08-21;319.6;8;319.6
2014-08-22;318.2;8;318.2
2014-08-23;316.8;8;316.8
2014-08-24;319.6;8;319.6
2014-08-25;314.0;8;314.0
2014-08-26;310.5;8;310.5
2014-08-27;309.8;8;309.8
2014-08-28;342.0;8;342.0
2014-08-29;337.8;8;337.8
2014-08-30;365.8;8;365.8
2014-08-31;428.2;8;428.2
2014-09-01;438.9;9;438.9
2014-09-02;411.5;9;411.5
2014-09-03;370.0;9;370.0
2014-09-04;375.6;9;375.6
2014-09-05;375.6;9;375.6
2014-09-06;377.0;9;377.0
2014-09-07;394.7;9;394.7
2014-09-08;426.7;9;426.7
2014-09-09;409.9;9;409.9
2014-09-10;419.1;9;419.1
2014-09-11;432.8;9;432.8
2014-09-12;476.5;9;476.5
2014-09-13;506.7;9;506.7
2014-09-14;531.7;9;531.7
2014-09-15;506.7;9;506.7
2014-09-16;448.0;9;448.0
2014-09-17;454.0;9;454.0
2014-09-18;493.3;9;493.3
2014-09-19;487.0;9;487.0
2014-09-20;479.5;9;479.5
2014-09-21;488.7;9;488.7
2014-09-22;503.3;9;503.3
2014-09-23;476.5;9;476.5
2014-09-24;493.3;9;493.3
2014-09-25;486.3;9;486.3
2014-09-26;482.5;9;482.5
2014-09-27;481.0;9;481.0
2014-09-28;481.8;9;481.8
2014-09-29;482.5;9;482.5
2014-09-30;481.0;9;481.0
2014-10-01;479.5;10;479.5
2014-10-02;472.8;10;472.8
2014-10-03;479.5;10;479.5
2014-10-04;472.0;10;472.0
2014-10-05;461.5;10;461.5
2014-10-06;466.8;10;466.8
2014-10-07;460.0;10;460.0
2014-10-08;466.0;10;466.0
2014-10-09;467.5;10;467.5
2014-10-10;463.0;10;463.0
2014-10-11;458.5;10;458.5
2014-10-12;461.5;10;461.5
2014-10-13;460.0;10;460.0
2014-10-14;448.0;10;448.0
2014-10-15;442.0;10;442.0
2014-10-16;440.4;10;440.4
2014-10-17;442.0;10;442.0
2014-10-18;438.9;10;438.9
2014-10-19;460.0;10;460.0
2014-10-20;448.0;10;448.0
2014-10-21;443.5;10;443.5
2014-10-22;457.0;10;457.0
2014-10-23;482.5;10;482.5
2014-10-24;523.3;10;523.3
2014-10-25;536.7;10;536.7
2014-10-26;511.7;10;511.7
2014-10-27;493.3;10;493.3
2014-10-28;470.5;10;470.5
2014-10-29;463.0;10;463.0
2014-10-30;461.5;10;461.5
2014-10-31;461.5;10;461.5
2014-11-01;467.5;11;467.5
2014-11-02;467.5;11;467.5
2014-11-03;469.0;11;469.0
2014-11-04;448.0;11;448.0
2014-11-05;435.9;11;435.9
2014-11-06;431.3;11;431.3
2014-11-07;428.2;11;428.2
2014-11-08;422.1;11;422.1
2014-11-09;420.6;11;420.6
2014-11-10;420.6;11;420.6
2014-11-11;435.9;11;435.9
2014-11-12;464.5;11;464.5
2014-11-13;473.5;11;473.5
2014-11-14;476.5;11;476.5
2014-11-15;478.0;11;478.0
2014-11-16;476.5;11;476.5
2014-11-17;472.0;11;472.0
2014-11-18;472.0;11;472.0
2014-11-19;473.5;11;473.5
2014-11-20;473.5;11;473.5
2014-11-21;438.9;11;438.9
2014-11-22;437.4;11;437.4
2014-11-23;438.9;11;438.9
2014-11-24;431.3;11;431.3
2014-11-25;385.8;11;385.8
2014-11-26;416.0;11;416.0
2014-11-27;429.8;11;429.8
2014-11-28;423.7;11;423.7
2014-11-29;364.4;11;364.4
2014-11-30;349.0;11;349.0
2014-12-01;343.4;12;343.4
2014-12-02;340.6;12;340.6
2014-12-03;312.6;12;312.6
2014-12-04;293.0;12;293.0
2014-12-05;291.6;12;291.6
2014-12-06;280.4;12;280.4
2014-12-07;274.8;12;274.8
2014-12-08;270.6;12;270.6
2014-12-09;256.6;12;256.6
2014-12-10;241.1;12;241.1
2014-12-11;246.7;12;246.7
2014-12-12;302.8;12;302.8
2014-12-13;325.2;12;325.2
2014-12-14;353.2;12;353.2
2014-12-15;397.7;12;397.7
2014-12-16;416.0;12;416.0
2014-12-17;419.1;12;419.1
2014-12-18;426.7;12;426.7
2014-12-19;428.2;12;428.2
2014-12-20;429.8;12;429.8
2014-12-21;429.8;12;429.8
2014-12-22;422.1;12;422.1
2014-12-23;397.7;12;397.7
2014-12-24;390.1;12;390.1
2014-12-25;381.2;12;381.2
2014-12-26;370.0;12;370.0
2014-12-27;298.6;12;298.6
2014-12-28;226.4;12;226.4
2014-12-29;205.9;12;205.9
2014-12-30;195.1;12;195.1
2014-12-31;195.1;12;195.1
2015-01-01;192.6;1;192.6
2015-01-02;188.9;1;188.9
2015-01-03;182.7;1;182.7
2015-01-04;180.3;1;180.3
2015-01-05;172.9;1;172.9
2015-01-06;167.9;1;167.9
2015-01-07;165.5;1;165.5
2015-01-08;163.0;1;163.0
2015-01-09;161.8;1;161.8
2015-01-10;156.8;1;156.8
2015-01-11;151.8;1;151.8
2015-01-12;146.9;1;146.9
2015-01-13;141.9;1;141.9
2015-01-14;134.5;1;134.5
2015-01-15;133.2;1;133.2
2015-01-16;133.2;1;133.2
2015-01-17;130.9;1;130.9
2015-01-18;128.8;1;128.8
2015-01-19;126.6;1;126.6
2015-01-20;124.4;1;124.4
2015-01-21;123.4;1;123.4
2015-01-22;123.4;1;123.4
2015-01-23;122.3;1;122.3
2015-01-24;122.3;1;122.3
2015-01-25;120.1;1;120.1
2015-01-26;120.1;1;120.1
2015-01-27;119.0;1;119.0
2015-01-28;135.0;1;135.0
2015-01-29;151.8;1;151.8
2015-01-30;153.1;1;153.1
2015-01-31;155.6;1;155.6
2015-02-01;156.8;2;156.8
2015-02-02;155.6;2;155.6
2015-02-03;133.6;2;133.6
2015-02-04;116.9;2;116.9
2015-02-05;118.0;2;118.0
2015-02-06;114.7;2;114.7
2015-02-07;110.4;2;110.4
2015-02-08;109.3;2;109.3
2015-02-09;108.2;2;108.2
2015-02-10;107.2;2;107.2
2015-02-11;105.5;2;105.5
2015-02-12;123.4;2;123.4
2015-02-13;169.2;2;169.2
2015-02-14;196.3;2;196.3
2015-02-15;200.0;2;200.0
2015-02-16;201.5;2;201.5
2015-02-17;202.9;2;202.9
2015-02-18;204.4;2;204.4
2015-02-19;207.3;2;207.3
2015-02-20;205.9;2;205.9
2015-02-21;207.3;2;207.3
2015-02-22;208.8;2;208.8
2015-02-23;211.7;2;211.7
2015-02-24;213.2;2;213.2
2015-02-25;214.7;2;214.7
2015-02-26;208.8;2;208.8
2015-02-27;208.8;2;208.8
2015-02-28;208.8;2;208.8
2015-03-01;208.8;3;208.8
2015-03-02;210.3;3;210.3
2015-03-03;213.2;3;213.2
2015-03-04;216.1;3;216.1
2015-03-05;217.6;3;217.6
2015-03-06;217.6;3;217.6
2015-03-07;219.1;3;219.1
2015-03-08;213.2;3;213.2
2015-03-09;216.1;3;216.1
2015-03-10;219.1;3;219.1
2015-03-11;217.6;3;217.6
2015-03-12;214.7;3;214.7
2015-03-13;174.1;3;174.1
2015-03-14;151.8;3;151.8
2015-03-15;146.9;3;146.9
2015-03-16;140.7;3;140.7
2015-03-17;137.0;3;137.0
2015-03-18;135.7;3;135.7
2015-03-19;134.5;3;134.5
2015-03-20;135.7;3;135.7
2015-03-21;130.9;3;130.9
2015-03-22;133.2;3;133.2
2015-03-23;135.7;3;135.7
2015-03-24;134.5;3;134.5
2015-03-25;127.7;3;127.7
2015-03-26;124.4;3;124.4
2015-03-27;124.4;3;124.4
2015-03-28;124.4;3;124.4
2015-03-29;123.4;3;123.4
2015-03-30;124.4;3;124.4
2015-03-31;115.8;3;115.8
2015-04-01;101.8;4;101.8
2015-04-02;102.6;4;102.6
2015-04-03;102.6;4;102.6
2015-04-04;100.2;4;100.2
2015-04-05;100.2;4;100.2
2015-04-06;109.3;4;109.3
2015-04-07;123.4;4;123.4
2015-04-08;114.7;4;114.7
2015-04-09;115.8;4;115.8
2015-04-10;119.0;4;119.0
2015-04-11;113.6;4;113.6
2015-04-12;119.0;4;119.0
2015-04-13;126.6;4;126.6
2015-04-14;123.4;4;123.4
2015-04-15;122.3;4;122.3
2015-04-16;125.5;4;125.5
2015-04-17;195.0;4;195.0
2015-04-18;239.6;4;239.6
2015-04-19;253.8;4;253.8
2015-04-20;256.6;4;256.6
2015-04-21;181.5;4;181.5
2015-04-22;154.3;4;154.3
2015-04-23;150.6;4;150.6
2015-04-24;136.0;4;136.0
2015-04-25;132.1;4;132.1
2015-04-26;127.7;4;127.7
2015-04-27;169.2;4;169.2
2015-04-28;172.9;4;172.9
2015-04-29;203.6;4;203.6
2015-04-30;256.6;4;256.6
2015-05-01;265.0;5;265.0
2015-05-02;339.2;5;339.2
2015-05-03;343.4;5;343.4
2015-05-04;279.0;5;279.0
2015-05-05;200.7;5;200.7
2015-05-06;240.7;5;240.7
2015-05-07;263.6;5;263.6
2015-05-08;269.2;5;269.2
2015-05-09;263.6;5;263.6
2015-05-10;242.5;5;242.5
2015-05-11;222.0;5;222.0
2015-05-12;204.4;5;204.4
2015-05-13;211.7;5;211.7
2015-05-14;203.6;5;203.6
2015-05-15;197.5;5;197.5
2015-05-16;192.6;5;192.6
2015-05-17;200.0;5;200.0
2015-05-18;204.4;5;204.4
2015-05-19;200.5;5;200.5
2015-05-20;186.4;5;186.4
2015-05-21;200.2;5;200.2
2015-05-22;204.4;5;204.4
2015-05-23;204.4;5;204.4
2015-05-24;201.9;5;201.9
2015-05-25;260.8;5;260.8
2015-05-26;276.2;5;276.2
2015-05-27;287.4;5;287.4
2015-05-28;288.8;5;288.8
2015-05-29;307.0;5;307.0
2015-05-30;333.6;5;333.6
2015-05-31;350.4;5;350.4
2015-06-01;354.6;6;354.6
2015-06-02;358.8;6;358.8
2015-06-03;329.4;6;329.4
2015-06-04;336.4;6;336.4
2015-06-05;328.0;6;328.0
2015-06-06;307.0;6;307.0
2015-06-07;330.8;6;330.8
2015-06-08;347.6;6;347.6
2015-06-09;339.2;6;339.2
2015-06-10;326.6;6;326.6
2015-06-11;347.6;6;347.6
2015-06-12;349.0;6;349.0
2015-06-13;378.7;6;378.7
2015-06-14;397.7;6;397.7
2015-06-15;374.2;6;374.2
2015-06-16;374.2;6;374.2
2015-06-17;381.3;6;381.3
2015-06-18;406.9;6;406.9
2015-06-19;409.9;6;409.9
2015-06-20;385.7;6;385.7
2015-06-21;384.1;6;384.1
2015-06-22;379.8;6;379.8
2015-06-23;379.8;6;379.8
2015-06-24;399.3;6;399.3
2015-06-25;409.9;6;409.9
2015-06-26;405.4;6;405.4
2015-06-27;414.5;6;414.5
2015-06-28;435.9;6;435.9
2015-06-29;449.5;6;449.5
2015-06-30;460.0;6;460.0
2015-07-01;458.5;7;458.5
2015-07-02;432.8;7;432.8
2015-07-03;393.3;7;393.3
2015-07-04;364.4;7;364.4
2015-07-05;347.6;7;347.6
2015-07-06;336.4;7;336.4
2015-07-07;291.6;7;291.6
2015-07-08;301.4;7;301.4
2015-07-09;311.2;7;311.2
2015-07-10;325.2;7;325.2
2015-07-11;322.4;7;322.4
2015-07-12;318.2;7;318.2
2015-07-13;325.2;7;325.2
2015-07-14;325.2;7;325.2
2015-07-15;323.8;7;323.8
2015-07-16;322.4;7;322.4
2015-07-17;322.4;7;322.4
2015-07-18;314.0;7;314.0
2015-07-19;316.8;7;316.8
2015-07-20;316.8;7;316.8
2015-07-21;312.6;7;312.6
2015-07-22;322.4;7;322.4
2015-07-23;328.0;7;328.0
2015-07-24;324.5;7;324.5
2015-07-25;328.0;7;328.0
2015-07-26;350.4;7;350.4
2015-07-27;361.6;7;361.6
2015-07-28;405.4;7;405.4
2015-07-29;429.8;7;429.8
2015-07-30;425.2;7;425.2
2015-07-31;425.2;7;425.2
2015-08-01;429.8;8;429.8
2015-08-02;425.2;8;425.2
2015-08-03;387.2;8;387.2
2015-08-04;360.2;8;360.2
2015-08-05;323.8;8;323.8
2015-08-06;311.2;8;311.2
2015-08-07;304.2;8;304.2
2015-08-08;302.1;8;302.1
2015-08-09;304.2;8;304.2
2015-08-10;300.0;8;300.0
2015-08-11;290.2;8;290.2
2015-08-12;284.6;8;284.6
2015-08-13;283.2;8;283.2
2015-08-14;256.6;8;256.6
2015-08-15;235.2;8;235.2
2015-08-16;238.1;8;238.1
2015-08-17;219.1;8;219.1
2015-08-18;222.0;8;222.0
2015-08-19;330.8;8;330.8
2015-08-20;350.4;8;350.4
2015-08-21;322.4;8;322.4
2015-08-22;335.0;8;335.0
2015-08-23;323.8;8;323.8
2015-08-24;319.6;8;319.6
2015-08-25;322.4;8;322.4
2015-08-26;323.1;8;323.1
2015-08-27;325.2;8;325.2
2015-08-28;365.8;8;365.8
2015-08-29;335.0;8;335.0
2015-08-30;342.0;8;342.0
2015-08-31;347.6;8;347.6
2015-09-01;350.4;9;350.4
2015-09-02;349.0;9;349.0
2015-09-03;333.6;9;333.6
2015-09-04;325.2;9;325.2
2015-09-05;339.2;9;339.2
2015-09-06;343.4;9;343.4
2015-09-07;325.2;9;325.2
2015-09-08;315.4;9;315.4
2015-09-09;316.8;9;316.8
2015-09-10;308.4;9;308.4
2015-09-11;308.4;9;308.4
2015-09-12;311.2;9;311.2
2015-09-13;307.0;9;307.0
2015-09-14;297.2;9;297.2
2015-09-15;290.2;9;290.2
2015-09-16;291.6;9;291.6
2015-09-17;297.2;9;297.2
2015-09-18;307.0;9;307.0
2015-09-19;319.6;9;319.6
2015-09-20;322.4;9;322.4
2015-09-21;319.6;9;319.6
2015-09-22;302.8;9;302.8
2015-09-23;291.6;9;291.6
2015-09-24;293.0;9;293.0
2015-09-25;301.4;9;301.4
2015-09-26;311.2;9;311.2
2015-09-27;304.2;9;304.2
2015-09-28;293.0;9;293.0
2015-09-29;287.4;9;287.4
2015-09-30;293.0;9;293.0
2015-10-01;288.8;10;288.8
2015-10-02;291.6;10;291.6
2015-10-03;308.4;10;308.4
2015-10-04;309.8;10;309.8
2015-10-05;308.4;10;308.4
2015-10-06;339.2;10;339.2
2015-10-07;325.2;10;325.2
2015-10-08;322.4;10;322.4
2015-10-09;321.0;10;321.0
2015-10-10;314.0;10;314.0
2015-10-11;309.8;10;309.8
2015-10-12;294.4;10;294.4
2015-10-13;301.4;10;301.4
2015-10-14;308.4;10;308.4
2015-10-15;318.2;10;318.2
2015-10-16;318.2;10;318.2
2015-10-17;323.8;10;323.8
2015-10-18;319.6;10;319.6
2015-10-19;325.2;10;325.2
2015-10-20;353.2;10;353.2
2015-10-21;393.1;10;393.1
2015-10-22;408.4;10;408.4
2015-10-23;374.2;10;374.2
2015-10-24;378.4;10;378.4
2015-10-25;372.8;10;372.8
2015-10-26;361.6;10;361.6
2015-10-27;364.4;10;364.4
2015-10-28;394.7;10;394.7
2015-10-29;431.3;10;431.3
2015-10-30;416.0;10;416.0
2015-10-31;420.6;10;420.6
2015-11-01;390.2;11;390.2
2015-11-02;337.8;11;337.8
2015-11-03;309.8;11;309.8
2015-11-04;295.8;11;295.8
2015-11-05;287.4;11;287.4
2015-11-06;316.8;11;316.8
2015-11-07;368.6;11;368.6
2015-11-08;411.5;11;411.5
2015-11-09;451.0;11;451.0
2015-11-10;449.5;11;449.5
2015-11-11;464.5;11;464.5
2015-11-12;434.3;11;434.3
2015-11-13;411.5;11;411.5
2015-11-14;391.6;11;391.6
2015-11-15;372.8;11;372.8
2015-11-16;400.8;11;400.8
2015-11-17;416.0;11;416.0
2015-11-18;469.0;11;469.0
2015-11-19;441.9;11;441.9
2015-11-20;511.7;11;511.7
2015-11-21;532.5;11;532.5
2015-11-22;540.0;11;540.0
2015-11-23;536.7;11;536.7
2015-11-24;497.0;11;497.0
2015-11-25;454.0;11;454.0
2015-11-26;440.4;11;440.4
2015-11-27;419.1;11;419.1
2015-11-28;391.6;11;391.6
2015-11-29;368.6;11;368.6
2015-11-30;356.0;11;356.0
2015-12-01;349.0;12;349.0
2015-12-02;346.2;12;346.2
2015-12-03;343.4;12;343.4
2015-12-04;336.4;12;336.4
2015-12-05;333.6;12;333.6
2015-12-06;332.2;12;332.2
2015-12-07;325.2;12;325.2
2015-12-08;328.0;12;328.0
2015-12-09;342.0;12;342.0
2015-12-10;335.0;12;335.0
2015-12-11;328.0;12;328.0
2015-12-12;321.0;12;321.0
2015-12-13;314.0;12;314.0
2015-12-14;307.0;12;307.0
2015-12-15;305.6;12;305.6
2015-12-16;301.4;12;301.4
2015-12-17;297.2;12;297.2
2015-12-18;302.8;12;302.8
2015-12-19;316.8;12;316.8
2015-12-20;328.0;12;328.0
2015-12-21;340.6;12;340.6
2015-12-22;385.8;12;385.8
2015-12-23;402.3;12;402.3
2015-12-24;397.7;12;397.7
2015-12-25;358.8;12;358.8
2015-12-26;319.6;12;319.6
2015-12-27;291.6;12;291.6
2015-12-28;284.6;12;284.6
2015-12-29;279.0;12;279.0
2015-12-30;277.6;12;277.6
2015-12-31;274.8;12;274.8
2016-01-01;268.967;1;268.967
2016-01-02;264.65;1;264.65
2016-01-03;250.983;1;250.983
2016-01-04;237.208;1;237.208
2016-01-05;233.55;1;233.55
2016-01-06;229.517;1;229.517
2016-01-07;230.067;1;230.067
2016-01-08;235.933;1;235.933
2016-01-09;230.8;1;230.8
2016-01-10;226.063;1;226.063
2016-01-11;194.713;1;194.713
2016-01-12;177.338;1;177.338
2016-01-13;175.488;1;175.488
2016-01-14;177.492;1;177.492
2016-01-15;192.446;1;192.446
2016-01-16;185.2;1;185.2
2016-01-17;174.331;1;174.331
2016-01-18;167.394;1;167.394
2016-01-19;163.154;1;163.154
2016-01-20;166.7;1;166.7
2016-01-21;171.017;1;171.017
2016-01-22;162.222;1;162.222
2016-01-23;159.435;1;159.435
2016-01-24;161.45;1;161.45
2016-01-25;156.8;1;156.8
2016-01-26;150.91;1;150.91
2016-01-27;151.84;1;151.84
2016-01-28;153.235;1;153.235
2016-01-29;155.405;1;155.405
2016-01-30;154.32;1;154.32
2016-01-31;153.08;1;153.08
2016-02-01;150.29;2;150.29
2016-02-02;142.385;2;142.385
2016-02-03;143.315;2;143.315
2016-02-04;150.135;2;150.135
2016-02-05;150.755;2;150.755
2016-02-06;150.6;2;150.6
2016-02-07;151.84;2;151.84
2016-02-08;151.685;2;151.685
2016-02-09;149.515;2;149.515
2016-02-10;151.995;2;151.995
2016-02-11;155.56;2;155.56
2016-02-12;158.97;2;158.97
2016-02-13;158.195;2;158.195
2016-02-14;158.04;2;158.04
2016-02-15;156.645;2;156.645
2016-02-16;151.685;2;151.685
2016-02-17;151.065;2;151.065
2016-02-18;156.335;2;156.335
2016-02-19;151.995;2;151.995
2016-02-20;153.08;2;153.08
2016-02-21;150.29;2;150.29
2016-02-22;141.3;2;141.3
2016-02-23;140.215;2;140.215
2016-02-24;138.975;2;138.975
2016-02-25;150.29;2;150.29
2016-02-26;152.925;2;152.925
2016-02-27;152.15;2;152.15
2016-02-28;156.49;2;156.49
2016-02-29;155.25;2;155.25
2016-03-01;146.725;3;146.725
2016-03-02;138.665;3;138.665
2016-03-03;160.507;3;160.507
2016-03-04;170.246;3;170.246
2016-03-05;172.558;3;172.558
2016-03-06;171.787;3;171.787
2016-03-07;167.933;3;167.933
2016-03-08;159.434;3;159.434
2016-03-09;162.21;3;162.21
2016-03-10;172.558;3;172.558
2016-03-11;174.871;3;174.871
2016-03-12;168.242;3;168.242
2016-03-13;161.759;3;161.759
2016-03-14;158.04;3;158.04
2016-03-15;152.925;3;152.925
2016-03-16;149.205;3;149.205
2016-03-17;162.302;3;162.302
2016-03-18;165.852;3;165.852
2016-03-19;167.008;3;167.008
2016-03-20;170.092;3;170.092
2016-03-21;165.466;3;165.466
2016-03-22;159.28;3;159.28
2016-03-23;153.235;3;153.235
2016-03-24;153.235;3;153.235
2016-03-25;161.907;3;161.907
2016-03-26;164.842;3;164.842
2016-03-27;153.39;3;153.39
2016-03-28;153.08;3;153.08
2016-03-29;154.165;3;154.165
2016-03-30;151.375;3;151.375
2016-03-31;165.919;3;165.919
2016-04-01;173.021;4;173.021
2016-04-02;175.179;4;175.179
2016-04-03;176.412;4;176.412
2016-04-04;174.871;4;174.871
2016-04-05;159.741;4;159.741
2016-04-06;150.6;4;150.6
2016-04-07;147.5;4;147.5
2016-04-08;147.965;4;147.965
2016-04-09;144.4;4;144.4
2016-04-10;143.16;4;143.16
2016-04-11;134.59;4;134.59
2016-04-12;123.225;4;123.225
2016-04-13;118.23;4;118.23
2016-04-14;128.39;4;128.39
2016-04-15;148.116;4;148.116
2016-04-16;175.946;4;175.946
2016-04-17;193.988;4;193.988
2016-04-18;160.833;4;160.833
2016-04-19;124.395;4;124.395
2016-04-20;122.685;4;122.685
2016-04-21;138.495;4;138.495
2016-04-22;132.885;4;132.885
2016-04-23;124.17;4;124.17
2016-04-24;119.985;4;119.985
2016-04-25;130.22;4;130.22
2016-04-26;143.325;4;143.325
2016-04-27;168.993;4;168.993
2016-04-28;181.5;4;181.5
2016-04-29;184.275;4;184.275
2016-04-30;194.771;4;194.771
2016-05-01;225.05;5;225.05
2016-05-02;191.475;5;191.475
2016-05-03;165.753;5;165.753
2016-05-04;156.256;5;156.256
2016-05-05;168.935;5;168.935
2016-05-06;178.108;5;178.108
2016-05-07;176.567;5;176.567
2016-05-08;190.542;5;190.542
2016-05-09;192.813;5;192.813
2016-05-10;183.196;5;183.196
2016-05-11;204.675;5;204.675
2016-05-12;244.133;5;244.133
2016-05-13;220.017;5;220.017
2016-05-14;273.933;5;273.933
2016-05-15;308.225;5;308.225
2016-05-16;342.7;5;342.7
2016-05-17;320.65;5;320.65
2016-05-18;311.725;5;311.725
2016-05-19;305.6;5;305.6
2016-05-20;251.6;5;251.6
2016-05-21;228.967;5;228.967
2016-05-22;237.183;5;237.183
2016-05-23;254.475;5;254.475
2016-05-24;239.192;5;239.192
2016-05-25;246.433;5;246.433
2016-05-26;358.672;5;358.672
2016-05-27;398.137;5;398.137
2016-05-28;399.441;5;399.441
2016-05-29;398.678;5;398.678
2016-05-30;440.318;5;440.318
2016-05-31;491.896;5;491.896
2016-06-01;447.556;6;447.556
2016-06-02;397.534;6;397.534
2016-06-03;414.5;6;414.5
2016-06-04;414.5;6;414.5
2016-06-05;404.397;6;404.397
2016-06-06;390.862;6;390.862
2016-06-07;420.791;6;420.791
2016-06-08;436.416;6;436.416
2016-06-09;447.619;6;447.619
2016-06-10;454.375;6;454.375
2016-06-11;444.581;6;444.581
2016-06-12;418.884;6;418.884
2016-06-13;414.5;6;414.5
2016-06-14;419.075;6;419.075
2016-06-15;428.212;6;428.212
2016-06-16;461.859;6;461.859
2016-06-17;476.687;6;476.687
2016-06-18;481.563;6;481.563
2016-06-19;475.188;6;475.188
2016-06-20;482.708;6;482.708
2016-06-21;491.667;6;491.667
2016-06-22;503.542;6;503.542
2016-06-23;518.542;6;518.542
2016-06-24;531.667;6;531.667
2016-06-25;540.833;6;540.833
2016-06-26;533.333;6;533.333
2016-06-27;530.104;6;530.104
2016-06-28;526.146;6;526.146
2016-06-29;535.417;6;535.417
2016-06-30;556.667;6;556.667
2016-07-01;569.583;7;569.583
2016-07-02;576.25;7;576.25
2016-07-03;572.5;7;572.5
2016-07-04;550.417;7;550.417
2016-07-05;537.292;7;537.292
2016-07-06;541.042;7;541.042
2016-07-07;566.042;7;566.042
2016-07-08;577.708;7;577.708
2016-07-09;571.875;7;571.875
2016-07-10;568.542;7;568.542
2016-07-11;570.0;7;570.0
2016-07-12;571.25;7;571.25
2016-07-13;568.125;7;568.125
2016-07-14;557.083;7;557.083
2016-07-15;548.333;7;548.333
2016-07-16;545.208;7;545.208
2016-07-17;548.958;7;548.958
2016-07-18;561.042;7;561.042
2016-07-19;566.458;7;566.458
2016-07-20;568.333;7;568.333
2016-07-21;566.875;7;566.875
2016-07-22;568.125;7;568.125
2016-07-23;565.417;7;565.417
2016-07-24;569.375;7;569.375
2016-07-25;565.0;7;565.0
2016-07-26;562.083;7;562.083
2016-07-27;570.208;7;570.208
2016-07-28;578.714;7;578.714
2016-07-29;609.88;7;609.88
2016-07-30;608.484;7;608.484
2016-07-31;614.172;7;614.172
2016-08-01;616.203;8;616.203
2016-08-02;617.32;8;617.32
2016-08-03;615.289;8;615.289
2016-08-04;615.797;8;615.797
2016-08-05;611.125;8;611.125
2016-08-06;606.148;8;606.148
2016-08-07;600.867;8;600.867
2016-08-08;599.648;8;599.648
2016-08-09;597.617;8;597.617
2016-08-10;597.922;8;597.922
2016-08-11;593.25;8;593.25
2016-08-12;589.583;8;589.583
2016-08-13;580.417;8;580.417
2016-08-14;574.792;8;574.792
2016-08-15;567.396;8;567.396
2016-08-16;558.333;8;558.333
2016-08-17;550.313;8;550.313
2016-08-18;532.292;8;532.292
2016-08-19;521.667;8;521.667
2016-08-20;515.0;8;515.0
2016-08-21;510.208;8;510.208
2016-08-22;512.292;8;512.292
2016-08-23;500.625;8;500.625
2016-08-24;492.083;8;492.083
2016-08-25;488.687;8;488.687
2016-08-26;494.083;8;494.083
2016-08-27;501.562;8;501.562
2016-08-28;504.792;8;504.792
2016-08-29;501.875;8;501.875
2016-08-30;502.083;8;502.083
2016-08-31;507.708;8;507.708
2016-09-01;503.333;9;503.333
2016-09-02;499.396;9;499.396
2016-09-03;482.75;9;482.75
2016-09-04;466.563;9;466.563
2016-09-05;463.0;9;463.0
2016-09-06;463.0;9;463.0
2016-09-07;467.687;9;467.687
2016-09-08;473.125;9;473.125
2016-09-09;466.0;9;466.0
2016-09-10;458.688;9;458.688
2016-09-11;463.562;9;463.562
2016-09-12;477.437;9;477.437
2016-09-13;476.125;9;476.125
2016-09-14;470.5;9;470.5
2016-09-15;464.125;9;464.125
2016-09-16;446.463;9;446.463
2016-09-17;428.606;9;428.606
2016-09-18;422.506;9;422.506
2016-09-19;422.316;9;422.316
2016-09-20;422.506;9;422.506
2016-09-21;427.748;9;427.748
2016-09-22;414.405;9;414.405
2016-09-23;399.822;9;399.822
2016-09-24;396.391;9;396.391
2016-09-25;396.391;9;396.391
2016-09-26;400.584;9;400.584
2016-09-27;400.775;9;400.775
2016-09-28;408.781;9;408.781
2016-09-29;396.2;9;396.2
2016-09-30;391.053;9;391.053
2016-10-01;384.141;10;384.141
2016-10-02;379.8;10;379.8
2016-10-03;375.775;10;375.775
2016-10-04;372.8;10;372.8
2016-10-05;374.025;10;374.025
2016-10-06;374.2;10;374.2
2016-10-07;376.697;10;376.697
2016-10-08;391.306;10;391.306
2016-10-09;380.372;10;380.372
2016-10-10;374.2;10;374.2
2016-10-11;365.275;10;365.275
2016-10-12;373.675;10;373.675
2016-10-13;376.825;10;376.825
2016-10-14;373.85;10;373.85
2016-10-15;366.15;10;366.15
2016-10-16;361.425;10;361.425
2016-10-17;359.325;10;359.325
2016-10-18;367.55;10;367.55
2016-10-19;382.2;10;382.2
2016-10-20;382.55;10;382.55
2016-10-21;375.775;10;375.775
2016-10-22;379.569;10;379.569
2016-10-23;389.163;10;389.163
2016-10-24;382.925;10;382.925
2016-10-25;392.403;10;392.403
2016-10-26;392.006;10;392.006
2016-10-27;394.675;10;394.675
2016-10-28;397.534;10;397.534
2016-10-29;393.341;10;393.341
2016-10-30;389.369;10;389.369
2016-10-31;377.191;10;377.191
2016-11-01;373.325;11;373.325
2016-11-02;378.225;11;378.225
2016-11-03;371.75;11;371.75
2016-11-04;348.65;11;348.65
2016-11-05;343.225;11;343.225
2016-11-06;344.1;11;344.1
2016-11-07;378.216;11;378.216
2016-11-08;392.903;11;392.903
2016-11-09;385.362;11;385.362
2016-11-10;433.494;11;433.494
2016-11-11;495.083;11;495.083
2016-11-12;521.875;11;521.875
2016-11-13;550.625;11;550.625
2016-11-14;561.25;11;561.25
2016-11-15;555.208;11;555.208
2016-11-16;553.125;11;553.125
2016-11-17;548.542;11;548.542
2016-11-18;537.292;11;537.292
2016-11-19;516.25;11;516.25
2016-11-20;492.729;11;492.729
2016-11-21;478.375;11;478.375
2016-11-22;479.687;11;479.687
2016-11-23;488.365;11;488.365
2016-11-24;479.427;11;479.427
2016-11-25;453.25;11;453.25
2016-11-26;440.419;11;440.419
2016-11-27;409.575;11;409.575
2016-11-28;380.181;11;380.181
2016-11-29;376.65;11;376.65
2016-11-30;372.625;11;372.625
2016-12-01;367.725;12;367.725
2016-12-02;372.019;12;372.019
2016-12-03;413.784;12;413.784
2016-12-04;437.559;12;437.559
2016-12-05;450.237;12;450.237
2016-12-06;458.312;12;458.312
2016-12-07;470.167;12;470.167
2016-12-08;499.271;12;499.271
2016-12-09;511.458;12;511.458
2016-12-10;488.083;12;488.083
2016-12-11;503.0;12;503.0
2016-12-12;552.708;12;552.708
2016-12-13;568.333;12;568.333
2016-12-14;572.917;12;572.917
2016-12-15;568.333;12;568.333
2016-12-16;557.292;12;557.292
2016-12-17;532.5;12;532.5
2016-12-18;521.875;12;521.875
2016-12-19;512.917;12;512.917
2016-12-20;479.688;12;479.688
2016-12-21;453.431;12;453.431
2016-12-22;441.741;12;441.741
2016-12-23;419.266;12;419.266
2016-12-24;407.097;12;407.097
2016-12-25;377.603;12;377.603
2016-12-26;358.275;12;358.275
2016-12-27;348.537;12;348.537
2016-12-28;402.266;12;402.266
2016-12-29;435.834;12;435.834
2016-12-30;454.928;12;454.928
2016-12-31;424.594;12;424.594
2017-01-01;384.791;1;384.791
2017-01-02;354.075;1;354.075
2017-01-03;383.341;1;383.341
2017-01-04;414.18;1;414.18
2017-01-05;360.067;1;360.067
2017-01-06;330.275;1;330.275
2017-01-07;319.425;1;319.425
2017-01-08;311.9;1;311.9
2017-01-09;313.475;1;313.475
2017-01-10;311.637;1;311.637
2017-01-11;328.612;1;328.612
2017-01-12;365.45;1;365.45
2017-01-13;369.65;1;369.65
2017-01-14;363.525;1;363.525
2017-01-15;352.675;1;352.675
2017-01-16;317.325;1;317.325
2017-01-17;302.45;1;302.45
2017-01-18;286.175;1;286.175
2017-01-19;276.375;1;276.375
2017-01-20;269.2;1;269.2
2017-01-21;264.65;1;264.65
2017-01-22;259.925;1;259.925
2017-01-23;257.467;1;257.467
2017-01-24;230.775;1;230.775
2017-01-25;215.767;1;215.767
2017-01-26;226.767;1;226.767
2017-01-27;217.783;1;217.783
2017-01-28;209.167;1;209.167
2017-01-29;206.813;1;206.813
2017-01-30;195.617;1;195.617
2017-01-31;187.667;1;187.667
2017-02-01;180.267;2;180.267
2017-02-02;175.95;2;175.95
2017-02-03;182.271;2;182.271
2017-02-04;184.738;2;184.738
2017-02-05;181.654;2;181.654
2017-02-06;177.954;2;177.954
2017-02-07;175.642;2;175.642
2017-02-08;178.725;2;178.725
2017-02-09;175.333;2;175.333
2017-02-10;170.4;2;170.4
2017-02-11;168.088;2;168.088
2017-02-12;166.546;2;166.546
2017-02-13;152.469;2;152.469
2017-02-14;130.605;2;130.605
2017-02-15;127.68;2;127.68
2017-02-16;126.465;2;126.465
2017-02-17;124.575;2;124.575
2017-02-18;125.52;2;125.52
2017-02-19;128.27;2;128.27
2017-02-20;137.765;2;137.765
2017-02-21;138.045;2;138.045
2017-02-22;136.505;2;136.505
2017-02-23;133.475;2;133.475
2017-02-24;133.32;2;133.32
2017-02-25;130.95;2;130.95
2017-02-26;128.385;2;128.385
2017-02-27;135.13;2;135.13
2017-02-28;132.235;2;132.235
2017-03-01;130.92;3;130.92
2017-03-02;129.57;3;129.57
2017-03-03;122.415;3;122.415
2017-03-04;113.64;3;113.64
2017-03-05;106.065;3;106.065
2017-03-06;103.15;3;103.15
2017-03-07;103.3;3;103.3
2017-03-08;103.635;3;103.635
2017-03-09;118.105;3;118.105
2017-03-10;137.61;3;137.61
2017-03-11;140.37;3;140.37
2017-03-12;130.405;3;130.405
2017-03-13;110.535;3;110.535
2017-03-14;109.185;3;109.185
2017-03-15;106.755;3;106.755
2017-03-16;123.365;3;123.365
2017-03-17;142.86;3;142.86
2017-03-18;124.975;3;124.975
2017-03-19;106.8;3;106.8
2017-03-20;101.8;3;101.8
2017-03-21;100.3;3;100.3
2017-03-22;99.4;3;99.4
2017-03-23;98.6;3;98.6
2017-03-24;99.65;3;99.65
2017-03-25;113.451;3;113.451
2017-03-26;166.972;3;166.972
2017-03-27;210.007;3;210.007
2017-03-28;255.167;3;255.167
2017-03-29;256.6;3;256.6
2017-03-30;255.287;3;255.287
2017-03-31;251.746;3;251.746
2017-04-01;233.325;4;233.325
2017-04-02;253.767;4;253.767
2017-04-03;284.95;4;284.95
2017-04-04;304.025;4;304.025
2017-04-05;308.4;4;308.4
2017-04-06;280.225;4;280.225
2017-04-07;263.6;4;263.6
2017-04-08;250.75;4;250.75
2017-04-09;204.458;4;204.458
2017-04-10;167.778;4;167.778
2017-04-11;161.915;4;161.915
2017-04-12;160.365;4;160.365
2017-04-13;153.235;4;153.235
2017-04-14;149.515;4;149.515
2017-04-15;149.205;4;149.205
2017-04-16;146.88;4;146.88
2017-04-17;146.88;4;146.88
2017-04-18;147.035;4;147.035
2017-04-19;147.035;4;147.035
2017-04-20;156.025;4;156.025
2017-04-21;160.362;4;160.362
2017-04-22;179.65;4;179.65
2017-04-23;188.438;4;188.438
2017-04-24;175.488;4;175.488
2017-04-25;160.673;4;160.673
2017-04-26;167.914;4;167.914
2017-04-27;169.001;4;169.001
2017-04-28;172.402;4;172.402
2017-04-29;187.667;4;187.667
2017-04-30;183.967;4;183.967
2017-05-01;183.196;5;183.196
2017-05-02;171.788;5;171.788
2017-05-03;172.558;5;172.558
2017-05-04;196.862;5;196.862
2017-05-05;200.058;5;200.058
2017-05-06;196.608;5;196.608
2017-05-07;201.333;5;201.333
2017-05-08;200.733;5;200.733
2017-05-09;246.617;5;246.617
2017-05-10;374.072;5;374.072
2017-05-11;412.606;5;412.606
2017-05-12;467.484;5;467.484
2017-05-13;480.813;5;480.813
2017-05-14;455.294;5;455.294
2017-05-15;411.603;5;411.603
2017-05-16;350.828;5;350.828
2017-05-17;357.653;5;357.653
2017-05-18;432.301;5;432.301
2017-05-19;519.771;5;519.771
2017-05-20;519.375;5;519.375
2017-05-21;506.042;5;506.042
2017-05-22;503.438;5;503.438
2017-05-23;471.479;5;471.479
2017-05-24;452.281;5;452.281
2017-05-25;410.303;5;410.303
2017-05-26;399.059;5;399.059
2017-05-27;395.628;5;395.628
2017-05-28;404.778;5;404.778
2017-05-29;409.353;5;409.353
2017-05-30;423.459;5;423.459
2017-05-31;407.828;5;407.828
2017-06-01;436.759;6;436.759
2017-06-02;493.375;6;493.375
2017-06-03;513.125;6;513.125
2017-06-04;498.958;6;498.958
2017-06-05;509.0;6;509.0
2017-06-06;475.854;6;475.854
2017-06-07;468.958;6;468.958
2017-06-08;520.521;6;520.521
2017-06-09;548.75;6;548.75
2017-06-10;550.0;6;550.0
2017-06-11;550.417;6;550.417
2017-06-12;550.625;6;550.625
2017-06-13;537.708;6;537.708
2017-06-14;539.792;6;539.792
2017-06-15;539.792;6;539.792
2017-06-16;546.042;6;546.042
2017-06-17;565.625;6;565.625
2017-06-18;566.667;6;566.667
2017-06-19;567.5;6;567.5
2017-06-20;584.979;6;584.979
2017-06-21;602.187;6;602.187
2017-06-22;605.031;6;605.031
2017-06-23;617.828;6;617.828
2017-06-24;629.406;6;629.406
2017-06-25;622.094;6;622.094
2017-06-26;635.297;6;635.297
2017-06-27;646.469;6;646.469
2017-06-28;648.906;6;648.906
2017-06-29;654.815;6;654.815
2017-06-30;656.343;6;656.343
2017-07-01;651.953;7;651.953
2017-07-02;654.037;7;654.037
2017-07-03;665.158;7;665.158
2017-07-04;669.685;7;669.685
2017-07-05;671.673;7;671.673
2017-07-06;682.604;7;682.604
2017-07-07;683.487;7;683.487
2017-07-08;686.579;7;686.579
2017-07-09;686.8;7;686.8
2017-07-10;687.794;7;687.794
2017-07-11;691.437;7;691.437
2017-07-12;697.29;7;697.29
2017-07-13;701.817;7;701.817
2017-07-14;706.013;7;706.013
2017-07-15;710.8;7;710.8
2017-07-16;718.183;7;718.183
2017-07-17;718.4;7;718.4
2017-07-18;718.833;7;718.833
2017-07-19;726.633;7;726.633
2017-07-20;728.8;7;728.8
2017-07-21;728.8;7;728.8
2017-07-22;728.8;7;728.8
2017-07-23;728.8;7;728.8
2017-07-24;725.55;7;725.55
2017-07-25;723.167;7;723.167
2017-07-26;715.367;7;715.367
2017-07-27;714.717;7;714.717
2017-07-28;713.85;7;713.85
2017-07-29;709.842;7;709.842
2017-07-30;707.888;7;707.888
2017-07-31;702.921;7;702.921
2017-08-01;700.933;8;700.933
2017-08-02;700.933;8;700.933
2017-08-03;702.7;8;702.7
2017-08-04;705.677;8;705.677
2017-08-05;714.606;8;714.606
2017-08-06;718.4;8;718.4
2017-08-07;718.508;8;718.508
2017-08-08;717.425;8;717.425
2017-08-09;716.667;8;716.667
2017-08-10;718.4;8;718.4
2017-08-11;718.4;8;718.4
2017-08-12;718.4;8;718.4
2017-08-13;718.4;8;718.4
2017-08-14;718.4;8;718.4
2017-08-15;716.667;8;716.667
2017-08-16;712.225;8;712.225
2017-08-17;706.121;8;706.121
2017-08-18;700.933;8;700.933
2017-08-19;697.621;8;697.621
2017-08-20;697.4;8;697.4
2017-08-21;697.4;8;697.4
2017-08-22;696.958;8;696.958
2017-08-23;687.021;8;687.021
2017-08-24;676.421;8;676.421
2017-08-25;672.446;8;672.446
2017-08-26;669.133;8;669.133
2017-08-27;667.367;8;667.367
2017-08-28;665.6;8;665.6
2017-08-29;660.521;8;660.521
2017-08-30;658.313;8;658.313
2017-08-31;657.208;8;657.208
2017-09-01;661.625;9;661.625
2017-09-02;658.754;9;658.754
2017-09-03;658.533;9;658.533
2017-09-04;654.532;9;654.532
2017-09-05;642.812;9;642.812
2017-09-06;643.625;9;643.625
2017-09-07;645.047;9;645.047
2017-09-08;643.828;9;643.828
2017-09-09;645.877;9;645.877
2017-09-10;657.924;9;657.924
2017-09-11;662.067;9;662.067
2017-09-12;667.146;9;667.146
2017-09-13;667.146;9;667.146
2017-09-14;659.196;9;659.196
2017-09-15;663.833;9;663.833
2017-09-16;672.446;9;672.446
2017-09-17;677.746;9;677.746
2017-09-18;679.513;9;679.513
2017-09-19;677.967;9;677.967
2017-09-20;676.642;9;676.642
2017-09-21;679.513;9;679.513
2017-09-22;679.733;9;679.733
2017-09-23;683.267;9;683.267
2017-09-24;687.021;9;687.021
2017-09-25;682.162;9;682.162
2017-09-26;689.45;9;689.45
2017-09-27;695.633;9;695.633
2017-09-28;697.621;9;697.621
2017-09-29;695.192;9;695.192
2017-09-30;692.542;9;692.542
2017-10-01;700.712;10;700.712
2017-10-02;701.154;10;701.154
2017-10-03;704.246;10;704.246
2017-10-04;704.467;10;704.467
2017-10-05;707.967;10;707.967
2017-10-06;711.467;10;711.467
2017-10-07;711.467;10;711.467
2017-10-08;711.467;10;711.467
2017-10-09;707.967;10;707.967
2017-10-10;706.45;10;706.45
2017-10-11;713.2;10;713.2
2017-10-12;716.233;10;716.233
2017-10-13;711.683;10;711.683
2017-10-14;709.513;10;709.513
2017-10-15;704.467;10;704.467
2017-10-16;698.946;10;698.946
2017-10-17;688.788;10;688.788
2017-10-18;679.513;10;679.513
2017-10-19;667.588;10;667.588
2017-10-20;662.067;10;662.067
2017-10-21;657.871;10;657.871
2017-10-22;667.808;10;667.808
2017-10-23;662.729;10;662.729
2017-10-24;667.367;10;667.367
2017-10-25;674.654;10;674.654
2017-10-26;683.046;10;683.046
2017-10-27;686.8;10;686.8
2017-10-28;690.112;10;690.112
2017-10-29;689.892;10;689.892
2017-10-30;681.721;10;681.721
2017-10-31;674.213;10;674.213
2017-11-01;661.881;11;661.881
2017-11-02;643.846;11;643.846
2017-11-03;630.625;11;630.625
2017-11-04;615.391;11;615.391
2017-11-05;590.349;11;590.349
2017-11-06;575.208;11;575.208
2017-11-07;563.333;11;563.333
2017-11-08;551.667;11;551.667
2017-11-09;538.125;11;538.125
2017-11-10;520.208;11;520.208
2017-11-11;508.542;11;508.542
2017-11-12;503.333;11;503.333
2017-11-13;498.125;11;498.125
2017-11-14;486.854;11;486.854
2017-11-15;475.375;11;475.375
2017-11-16;470.5;11;470.5
2017-11-17;464.125;11;464.125
2017-11-18;452.688;11;452.688
2017-11-19;443.659;11;443.659
2017-11-20;438.9;11;438.9
2017-11-21;435.85;11;435.85
2017-11-22;428.034;11;428.034
2017-11-23;414.691;11;414.691
2017-11-24;408.4;11;408.4
2017-11-25;408.4;11;408.4
2017-11-26;405.159;11;405.159
2017-11-27;396.391;11;396.391
2017-11-28;391.625;11;391.625
2017-11-29;393.531;11;393.531
2017-11-30;423.459;11;423.459
2017-12-01;426.7;12;426.7
2017-12-02;430.116;12;430.116
2017-12-03;461.109;12;461.109
2017-12-04;467.5;12;467.5
2017-12-05;469.0;12;469.0
2017-12-06;466.75;12;466.75
2017-12-07;458.125;12;458.125
2017-12-08;463.563;12;463.563
2017-12-09;456.437;12;456.437
2017-12-10;462.25;12;462.25
2017-12-11;453.809;12;453.809
2017-12-12;444.791;12;444.791
2017-12-13;456.437;12;456.437
2017-12-14;459.25;12;459.25
2017-12-15;451.937;12;451.937
2017-12-16;454.938;12;454.938
2017-12-17;452.875;12;452.875
2017-12-18;457.938;12;457.938
2017-12-19;457.187;12;457.187
2017-12-20;458.5;12;458.5
2017-12-21;453.622;12;453.622
2017-12-22;442.516;12;442.516
2017-12-23;440.234;12;440.234
2017-12-24;437.756;12;437.756
2017-12-25;440.044;12;440.044
2017-12-26;412.594;12;412.594
2017-12-27;410.306;12;410.306
2017-12-28;432.8;12;432.8
2017-12-29;400.503;12;400.503
2017-12-30;360.963;12;360.963
2017-12-31;342.0;12;342.0
2018-01-01;367.2;1;367.2
2018-01-02;371.225;1;371.225
2018-01-03;318.55;1;318.55
2018-01-04;283.9;1;283.9
2018-01-05;272.0;1;272.0
2018-01-06;262.375;1;262.375
2018-01-07;258.0;1;258.0
2018-01-08;255.2;1;255.2
2018-01-09;250.65;1;250.65
2018-01-10;275.325;1;275.325
2018-01-11;280.575;1;280.575
2018-01-12;250.283;1;250.283
2018-01-13;238.492;1;238.492
2018-01-14;235.75;1;235.75
2018-01-15;238.775;1;238.775
2018-01-16;231.075;1;231.075
2018-01-17;236.3;1;236.3
2018-01-18;238.867;1;238.867
2018-01-19;237.4;1;237.4
2018-01-20;240.517;1;240.517
2018-01-21;240.892;1;240.892
2018-01-22;303.317;1;303.317
2018-01-23;315.05;1;315.05
2018-01-24;312.95;1;312.95
2018-01-25;313.825;1;313.825
2018-01-26;312.6;1;312.6
2018-01-27;311.2;1;311.2
2018-01-28;311.375;1;311.375
2018-01-29;312.425;1;312.425
2018-01-30;311.375;1;311.375
2018-01-31;312.775;1;312.775
2018-02-01;315.225;2;315.225
2018-02-02;312.6;2;312.6
2018-02-03;289.675;2;289.675
2018-02-04;285.475;2;285.475
2018-02-05;277.075;2;277.075
2018-02-06;237.983;2;237.983
2018-02-07;242.758;2;242.758
2018-02-08;265.0;2;265.0
2018-02-09;267.625;2;267.625
2018-02-10;266.225;2;266.225
2018-02-11;253.975;2;253.975
2018-02-12;260.958;2;260.958
2018-02-13;230.542;2;230.542
2018-02-14;207.392;2;207.392
2018-02-15;191.425;2;191.425
2018-02-16;177.183;2;177.183
2018-02-17;183.717;2;183.717
2018-02-18;208.367;2;208.367
2018-02-19;204.938;2;204.938
2018-02-20;173.483;2;173.483
2018-02-21;163.23;2;163.23
2018-02-22;158.583;2;158.583
2018-02-23;155.25;2;155.25
2018-02-24;151.065;2;151.065
2018-02-25;147.22;2;147.22
2018-02-26;135.465;2;135.465
2018-02-27;137.27;2;137.27
2018-02-28;138.2;2;138.2
2018-03-01;138.045;3;138.045
2018-03-02;135.875;3;135.875
2018-03-03;135.72;3;135.72
2018-03-04;135.565;3;135.565
2018-03-05;132.1;3;132.1
2018-03-06;128.76;3;128.76
2018-03-07;126.6;3;126.6
2018-03-08;125.655;3;125.655
2018-03-09;126.6;3;126.6
2018-03-10;126.6;3;126.6
2018-03-11;126.6;3;126.6
2018-03-12;126.465;3;126.465
2018-03-13;124.575;3;124.575
2018-03-14;124.44;3;124.44
2018-03-15;124.44;3;124.44
2018-03-16;124.44;3;124.44
2018-03-17;124.44;3;124.44
2018-03-18;124.575;3;124.575
2018-03-19;126.465;3;126.465
2018-03-20;126.735;3;126.735
2018-03-21;127.545;3;127.545
2018-03-22;125.52;3;125.52
2018-03-23;124.71;3;124.71
2018-03-24;127.275;3;127.275
2018-03-25;125.79;3;125.79
2018-03-26;128.625;3;128.625
2018-03-27;129.985;3;129.985
2018-03-28;129.64;3;129.64
2018-03-29;124.575;3;124.575
2018-03-30;125.52;3;125.52
2018-03-31;126.6;3;126.6
2018-04-01;126.6;4;126.6
2018-04-02;126.465;4;126.465
2018-04-03;124.575;4;124.575
2018-04-04;124.44;4;124.44
2018-04-05;124.305;4;124.305
2018-04-06;123.495;4;123.495
2018-04-07;124.44;4;124.44
2018-04-08;124.305;4;124.305
2018-04-09;122.28;4;122.28
2018-04-10;120.39;4;120.39
2018-04-11;123.36;4;123.36
2018-04-12;142.797;4;142.797
2018-04-13;187.51;4;187.51
2018-04-14;190.285;4;190.285
2018-04-15;154.313;4;154.313
2018-04-16;135.475;4;135.475
2018-04-17;128.76;4;128.76
2018-04-18;127.68;4;127.68
2018-04-19;127.68;4;127.68
2018-04-20;131.02;4;131.02
2018-04-21;134.325;4;134.325
2018-04-22;133.24;4;133.24
2018-04-23;130.49;4;130.49
2018-04-24;131.16;4;131.16
2018-04-25;140.42;4;140.42
2018-04-26;150.445;4;150.445
2018-04-27;159.427;4;159.427
2018-04-28;172.712;4;172.712
2018-04-29;178.571;4;178.571
2018-04-30;175.95;4;175.95
2018-05-01;178.571;5;178.571
2018-05-02;166.214;5;166.214
2018-05-03;188.617;5;188.617
2018-05-04;198.663;5;198.663
2018-05-05;195.375;5;195.375
2018-05-06;203.175;5;203.175
2018-05-07;218.15;5;218.15
2018-05-08;238.517;5;238.517
2018-05-09;261.675;5;261.675
2018-05-10;266.75;5;266.75
2018-05-11;278.3;5;278.3
2018-05-12;290.375;5;290.375
2018-05-13;326.337;5;326.337
2018-05-14;347.337;5;347.337
2018-05-15;370.541;5;370.541
2018-05-16;405.366;5;405.366
2018-05-17;427.844;5;427.844
2018-05-18;429.941;5;429.941
2018-05-19;437.375;5;437.375
2018-05-20;437.375;5;437.375
2018-05-21;429.541;5;429.541
2018-05-22;474.515;5;474.515
2018-05-23;507.521;5;507.521
2018-05-24;526.875;5;526.875
2018-05-25;539.375;5;539.375
2018-05-26;530.0;5;530.0
2018-05-27;521.667;5;521.667
2018-05-28;516.667;5;516.667
2018-05-29;513.542;5;513.542
2018-05-30;515.208;5;515.208
2018-05-31;523.75;5;523.75
2018-06-01;542.917;6;542.917
2018-06-02;553.125;6;553.125
2018-06-03;551.667;6;551.667
2018-06-04;541.458;6;541.458
2018-06-05;526.458;6;526.458
2018-06-06;510.0;6;510.0
2018-06-07;495.208;6;495.208
2018-06-08;487.396;6;487.396
2018-06-09;486.625;6;486.625
2018-06-10;487.812;6;487.812
2018-06-11;480.313;6;480.313
2018-06-12;463.0;6;463.0
2018-06-13;475.375;6;475.375
2018-06-14;478.375;6;478.375
2018-06-15;483.5;6;483.5
2018-06-16;506.729;6;506.729
2018-06-17;539.583;6;539.583
2018-06-18;560.833;6;560.833
2018-06-19;-999.000;6;392.7
2018-06-20;568.333;6;568.333
2018-06-21;561.667;6;561.667
2018-06-22;558.125;6;558.125
2018-06-23;577.083;6;577.083
2018-06-24;575.208;6;575.208
2018-06-25;578.75;6;578.75
2018-06-26;597.911;6;597.911
2018-06-27;609.297;6;609.297
2018-06-28;609.703;6;609.703
2018-06-29;610.719;6;610.719
2018-06-30;608.078;6;608.078
2018-07-01;613.156;7;613.156
2018-07-02;622.5;7;622.5
2018-07-03;632.047;7;632.047
2018-07-04;640.375;7;640.375
2018-07-05;643.422;7;643.422
2018-07-06;643.828;7;643.828
2018-07-07;650.567;7;650.567
2018-07-08;659.434;7;659.434
2018-07-09;654.02;7;654.02
2018-07-10;656.784;7;656.784
2018-07-11;663.502;7;663.502
2018-07-12;666.373;7;666.373
2018-07-13;666.042;7;666.042
2018-07-14;670.458;7;670.458
2018-07-15;667.367;7;667.367
2018-07-16;665.6;7;665.6
2018-07-17;669.354;7;669.354
2018-07-18;675.979;7;675.979
2018-07-19;676.421;7;676.421
2018-07-20;679.623;7;679.623
2018-07-21;680.506;7;680.506
2018-07-22;679.733;7;679.733
2018-07-23;679.513;7;679.513
2018-07-24;674.213;7;674.213
2018-07-25;661.272;7;661.272
2018-07-26;646.283;7;646.283
2018-07-27;642.609;7;642.609
2018-07-28;637.328;7;637.328
2018-07-29;618.234;7;618.234
2018-07-30;611.531;7;611.531
2018-07-31;609.094;7;609.094
2018-08-01;605.031;8;605.031
2018-08-02;634.281;8;634.281
2018-08-03;647.317;8;647.317
2018-08-04;661.219;8;661.219
2018-08-05;665.379;8;665.379
2018-08-06;667.587;8;667.587
2018-08-07;669.133;8;669.133
2018-08-08;670.9;8;670.9
2018-08-09;673.66;8;673.66
2018-08-10;678.077;8;678.077
2018-08-11;683.046;8;683.046
2018-08-12;683.267;8;683.267
2018-08-13;683.487;8;683.487
2018-08-14;686.8;8;686.8
2018-08-15;686.358;8;686.358
2018-08-16;677.967;8;677.967
2018-08-17;670.679;8;670.679
2018-08-18;660.318;8;660.318
2018-08-19;650.346;8;650.346
2018-08-20;641.391;8;641.391
2018-08-21;622.5;8;622.5
2018-08-22;607.266;8;607.266
2018-08-23;609.703;8;609.703
2018-08-24;590.552;8;590.552
2018-08-25;578.958;8;578.958
2018-08-26;577.708;8;577.708
2018-08-27;565.208;8;565.208
2018-08-28;557.292;8;557.292
2018-08-29;563.125;8;563.125
2018-08-30;561.667;8;561.667
2018-08-31;531.458;8;531.458
2018-09-01;523.542;9;523.542
2018-09-02;522.292;9;522.292
2018-09-03;500.833;9;500.833
2018-09-04;488.521;9;488.521
2018-09-05;481.188;9;481.188
2018-09-06;483.75;9;483.75
2018-09-07;503.75;9;503.75
2018-09-08;507.5;9;507.5
2018-09-09;497.5;9;497.5
2018-09-10;526.25;9;526.25
2018-09-11;548.75;9;548.75
2018-09-12;551.875;9;551.875
2018-09-13;556.458;9;556.458
2018-09-14;557.083;9;557.083
2018-09-15;562.708;9;562.708
2018-09-16;558.542;9;558.542
2018-09-17;556.875;9;556.875
2018-09-18;558.125;9;558.125
2018-09-19;555.0;9;555.0
2018-09-20;547.917;9;547.917
2018-09-21;535.313;9;535.313
2018-09-22;528.021;9;528.021
2018-09-23;502.125;9;502.125
2018-09-24;487.792;9;487.792
2018-09-25;494.167;9;494.167
2018-09-26;509.167;9;509.167
2018-09-27;510.104;9;510.104
2018-09-28;510.104;9;510.104
2018-09-29;498.958;9;498.958
2018-09-30;498.333;9;498.333
2018-10-01;505.625;10;505.625
2018-10-02;517.708;10;517.708
2018-10-03;512.917;10;512.917
2018-10-04;502.292;10;502.292
2018-10-05;505.417;10;505.417
2018-10-06;521.667;10;521.667
2018-10-07;537.917;10;537.917
2018-10-08;545.0;10;545.0
2018-10-09;553.125;10;553.125
2018-10-10;556.563;10;556.563
2018-10-11;554.063;10;554.063
2018-10-12;544.375;10;544.375
2018-10-13;521.667;10;521.667
2018-10-14;501.875;10;501.875
2018-10-15;489.312;10;489.312
2018-10-16;488.125;10;488.125
2018-10-17;479.5;10;479.5
2018-10-18;450.619;10;450.619
2018-10-19;439.278;10;439.278
2018-10-20;435.85;10;435.85
2018-10-21;434.516;10;434.516
2018-10-22;437.184;10;437.184
2018-10-23;435.85;10;435.85
2018-10-24;434.706;10;434.706
2018-10-25;441.569;10;441.569
2018-10-26;442.519;10;442.519
2018-10-27;445.741;10;445.741
2018-10-28;437.566;10;437.566
2018-10-29;432.8;10;432.8
2018-10-30;431.466;10;431.466
2018-10-31;431.084;10;431.084
2018-11-01;426.891;11;426.891
2018-11-02;426.509;11;426.509
2018-11-03;423.841;11;423.841
2018-11-04;434.866;11;434.866
2018-11-05;483.976;11;483.976
2018-11-06;526.667;11;526.667
2018-11-07;-999.000;11;614.7
2018-11-08;-999.000;11;515.0
2018-11-09;536.875;11;536.875
2018-11-10;-999.000;11;469.4
2018-11-11;-999.000;11;513.0
2018-11-12;468.458;11;468.458
2018-11-13;458.312;11;458.312
2018-11-14;468.625;11;468.625
2018-11-15;-999.000;11;670.7
2018-11-16;-999.000;11;524.167
2018-11-17;-999.000;11;470.5
2018-11-18;499.792;11;499.792
2018-11-19;481.875;11;481.875
2018-11-20;447.625;11;447.625
2018-11-21;455.312;11;455.312
2018-11-22;483.062;11;483.062
2018-11-23;495.667;11;495.667
2018-11-24;520.625;11;520.625
2018-11-25;524.583;11;524.583
2018-11-26;519.167;11;519.167
2018-11-27;528.437;11;528.437
2018-11-28;531.354;11;531.354
2018-11-29;514.167;11;514.167
2018-11-30;508.333;11;508.333
2018-12-01;504.792;12;504.792
2018-12-02;497.75;12;497.75
2018-12-03;477.083;12;477.083
2018-12-04;446.094;12;446.094
2018-12-05;434.516;12;434.516
2018-12-06;429.941;12;429.941
2018-12-07;430.322;12;430.322
2018-12-08;438.328;12;438.328
2018-12-09;431.942;12;431.942
2018-12-10;406.589;12;406.589
2018-12-11;385.456;12;385.456
2018-12-12;336.925;12;336.925
2018-12-13;320.3;12;320.3
2018-12-14;309.45;12;309.45
2018-12-15;312.775;12;312.775
2018-12-16;297.2;12;297.2
2018-12-17;297.025;12;297.025
2018-12-18;276.55;12;276.55
2018-12-19;284.425;12;284.425
2018-12-20;305.6;12;305.6
2018-12-21;344.625;12;344.625
2018-12-22;356.175;12;356.175
2018-12-23;-999.000;12;434.3
2018-12-24;-999.000;12;352.3
2018-12-25;-999.000;12;410.9
2018-12-26;-999.000;12;424.5
2018-12-27;233.917;12;233.917
2018-12-28;228.6;12;228.6
2018-12-29;206.4;12;206.4
2018-12-30;187.975;12;187.975
2018-12-31;181.654;12;181.654
2019-01-01;177.8;1;177.8
2019-01-02;173.946;1;173.946
2019-01-03;167.933;1;167.933
2019-01-04;164.388;1;164.388
2019-01-05;-999.000;1;117.3
2019-01-06;-999.000;1;261.2
2019-01-07;155.56;1;155.56
2019-01-08;153.08;1;153.08
2019-01-09;149.205;1;149.205
2019-01-10;144.71;1;144.71
2019-01-11;145.485;1;145.485
2019-01-12;142.075;1;142.075
2019-01-13;-999.000;1;137.27
2019-01-14;-999.000;1;526.7
2019-01-15;131.84;1;131.84
2019-01-16;150.299;1;150.299
2019-01-17;163.459;1;163.459
2019-01-18;161.915;1;161.915
2019-01-19;-999.000;1;177.492
2019-01-20;-999.000;1;167.9
2019-01-21;163.148;1;163.148
2019-01-22;-999.000;1;159.9
2019-01-23;-999.000;1;346.4
2019-01-24;164.85;1;164.85
2019-01-25;164.991;1;164.991
2019-01-26;-999.000;1;231.075
2019-01-27;-999.000;1;382.8
2019-01-28;-999.000;1;155.4
2019-01-29;-999.000;1;205.4
2019-01-30;-999.000;1;261.5
2019-01-31;-999.000;1;167.6
2019-02-01;151.427;2;151.427
2019-02-02;150.91;2;150.91
2019-02-03;158.815;2;158.815
2019-02-04;156.8;2;156.8
2019-02-05;149.515;2;149.515
2019-02-06;147.965;2;147.965
2019-02-07;145.64;2;145.64
2019-02-08;143.315;2;143.315
2019-02-09;-999.000;2;58.0
2019-02-10;-999.000;2;208.8
2019-02-11;136.96;2;136.96
2019-02-12;135.643;2;135.643
2019-02-13;133.938;2;133.938
2019-02-14;133.24;2;133.24
2019-02-15;133.24;2;133.24
2019-02-16;133.24;2;133.24
2019-02-17;133.095;2;133.095
2019-02-18;-999.000;2;134.2
2019-02-19;-999.000;2;112.9
2019-02-20;132.08;2;132.08
2019-02-21;132.08;2;132.08
2019-02-22;133.24;2;133.24
2019-02-23;134.635;2;134.635
2019-02-24;139.13;2;139.13
2019-02-25;134.58;2;134.58
2019-02-26;126.6;2;126.6
2019-02-27;128.565;2;128.565
2019-02-28;125.955;2;125.955
2019-03-01;123.495;3;123.495
2019-03-02;125.385;3;125.385
2019-03-03;125.52;3;125.52
2019-03-04;125.52;3;125.52
2019-03-05;124.575;3;124.575
2019-03-06;125.52;3;125.52
2019-03-07;125.115;3;125.115
2019-03-08;112.43;3;112.43
2019-03-09;97.635;3;97.635
2019-03-10;96.1;3;96.1
2019-03-11;95.4;3;95.4
2019-03-12;94.7;3;94.7
2019-03-13;94.5;3;94.5
2019-03-14;92.77;3;92.77
2019-03-15;90.69;3;90.69
2019-03-16;92.878;3;92.878
2019-03-17;92.98;3;92.98
2019-03-18;92.263;3;92.263
2019-03-19;92.16;3;92.16
2019-03-20;92.262;3;92.262
2019-03-21;93.697;3;93.697
2019-03-22;93.698;3;93.698
2019-03-23;93.282;3;93.282
2019-03-24;99.94;3;99.94
2019-03-25;111.955;3;111.955
2019-03-26;112.56;3;112.56
2019-03-27;112.56;3;112.56
2019-03-28;112.425;3;112.425
2019-03-29;111.345;3;111.345
2019-03-30;110.535;3;110.535
2019-03-31;112.56;3;112.56
2019-04-01;112.695;4;112.695
2019-04-02;113.505;4;113.505
2019-04-03;120.675;4;120.675
2019-04-04;143.125;4;143.125
2019-04-05;-999.000;4;119.985
2019-04-06;-999.000;4;350.3
2019-04-07;111.48;4;111.48
2019-04-08;-999.000;4;120.12
2019-04-09;-999.000;4;123.36
2019-04-10;109.455;4;109.455
2019-04-11;-999.000;4;265.4
2019-04-12;-999.000;4;105.8
2019-04-13;-999.000;4;82.7
2019-04-14;-999.000;4;386.2
2019-04-15;-999.000;4;180.8
2019-04-16;179.496;4;179.496
2019-04-17;179.804;4;179.804
2019-04-18;-999.000;4;52.6
2019-04-19;-999.000;4;220.7
2019-04-20;144.71;4;144.71
2019-04-21;143.315;4;143.315
2019-04-22;145.33;4;145.33
2019-04-23;-999.000;4;42.2
2019-04-24;-999.000;4;233.9
2019-04-25;146.769;4;146.769
2019-04-26;211.791;4;211.791
2019-04-27;-999.000;4;370.6
2019-04-28;-999.000;4;434.2
2019-04-29;250.65;4;250.65
2019-04-30;240.904;4;240.904
2019-05-01;179.899;5;179.899
2019-05-02;147.19;5;147.19
2019-05-03;157.11;5;157.11
2019-05-04;157.11;5;157.11
2019-05-05;155.715;5;155.715
2019-05-06;157.885;5;157.885
2019-05-07;158.04;5;158.04
2019-05-08;162.114;5;162.114
2019-05-09;216.032;5;216.032
2019-05-10;248.508;5;248.508
2019-05-11;252.225;5;252.225
2019-05-12;252.225;5;252.225
2019-05-13;251.35;5;251.35
2019-05-14;257.125;5;257.125
2019-05-15;255.2;5;255.2
2019-05-16;243.283;5;243.283
2019-05-17;238.133;5;238.133
2019-05-18;240.133;5;240.133
2019-05-19;250.633;5;250.633
2019-05-20;257.825;5;257.825
2019-05-21;260.45;5;260.45
2019-05-22;259.75;5;259.75
2019-05-23;267.275;5;267.275
2019-05-24;277.6;5;277.6
2019-05-25;332.916;5;332.916
2019-05-26;432.264;5;432.264
2019-05-27;511.896;5;511.896
2019-05-28;501.042;5;501.042
2019-05-29;500.854;5;500.854
2019-05-30;504.729;5;504.729
2019-05-31;531.042;5;531.042
2019-06-01;531.667;6;531.667
2019-06-02;528.333;6;528.333
2019-06-03;528.75;6;528.75
2019-06-04;535.833;6;535.833
2019-06-05;529.792;6;529.792
2019-06-06;521.458;6;521.458
2019-06-07;530.833;6;530.833
2019-06-08;530.208;6;530.208
2019-06-09;-999.000;6;579.3
2019-06-10;-999.000;6;636.1
2019-06-11;-999.000;6;415.5
2019-06-12;-999.000;6;409.9
2019-06-13;582.458;6;582.458
2019-06-14;588.917;6;588.917
2019-06-15;567.292;6;567.292
2019-06-16;555.0;6;555.0
2019-06-17;548.75;6;548.75
2019-06-18;546.875;6;546.875
2019-06-19;545.0;6;545.0
2019-06-20;-999.000;6;610.9
2019-06-21;-999.000;6;453.3
2019-06-22;550.208;6;550.208
2019-06-23;547.083;6;547.083
2019-06-24;-999.000;6;508.0
2019-06-25;-999.000;6;526.0
2019-06-26;562.917;6;562.917
2019-06-27;577.708;6;577.708
2019-06-28;581.667;6;581.667
2019-06-29;573.542;6;573.542
2019-06-30;566.458;6;566.458
2019-07-01;564.583;7;564.583
2019-07-02;558.75;7;558.75
2019-07-03;557.917;7;557.917
2019-07-04;551.458;7;551.458
2019-07-05;540.208;7;540.208
2019-07-06;531.875;7;531.875
2019-07-07;530.0;7;530.0
2019-07-08;529.583;7;529.583
2019-07-09;520.208;7;520.208
2019-07-10;515.208;7;515.208
2019-07-11;514.375;7;514.375
2019-07-12;510.521;7;510.521
2019-07-13;-999.000;7;790.5
2019-07-14;575.0;7;575.0
2019-07-15;586.453;7;586.453
2019-07-16;594.672;7;594.672
2019-07-17;594.875;7;594.875
2019-07-18;586.625;7;586.625
2019-07-19;580.0;7;580.0
2019-07-20;578.646;7;578.646
2019-07-21;579.167;7;579.167
2019-07-22;574.271;7;574.271
2019-07-23;571.042;7;571.042
2019-07-24;563.333;7;563.333
2019-07-25;555.208;7;555.208
2019-07-26;546.875;7;546.875
2019-07-27;517.708;7;517.708
2019-07-28;505.417;7;505.417
2019-07-29;499.792;7;499.792
2019-07-30;491.688;7;491.688
2019-07-31;485.5;7;485.5
2019-08-01;483.687;8;483.687
2019-08-02;497.625;8;497.625
2019-08-03;477.5;8;477.5
2019-08-04;467.688;8;467.688
2019-08-05;465.917;8;465.917
2019-08-06;509.25;8;509.25
2019-08-07;516.771;8;516.771
2019-08-08;517.5;8;517.5
2019-08-09;528.125;8;528.125
2019-08-10;540.0;8;540.0
2019-08-11;543.333;8;543.333
2019-08-12;544.375;8;544.375
2019-08-13;544.792;8;544.792
2019-08-14;558.958;8;558.958
2019-08-15;555.0;8;555.0
2019-08-16;553.542;8;553.542
2019-08-17;558.75;8;558.75
2019-08-18;573.125;8;573.125
2019-08-19;583.333;8;583.333
2019-08-20;589.786;8;589.786
2019-08-21;594.875;8;594.875
2019-08-22;599.547;8;599.547
2019-08-23;599.547;8;599.547
2019-08-24;595.281;8;595.281
2019-08-25;596.094;8;596.094
2019-08-26;591.62;8;591.62
2019-08-27;586.667;8;586.667
2019-08-28;579.167;8;579.167
2019-08-29;557.292;8;557.292
2019-08-30;545.0;8;545.0
2019-08-31;533.333;8;533.333
2019-09-01;499.438;9;499.438
2019-09-02;481.792;9;481.792
2019-09-03;478.0;9;478.0
2019-09-04;473.5;9;473.5
2019-09-05;467.313;9;467.313
2019-09-06;460.188;9;460.188
2019-09-07;460.0;9;460.0
2019-09-08;457.0;9;457.0
2019-09-09;458.875;9;458.875
2019-09-10;492.479;9;492.479
2019-09-11;508.75;9;508.75
2019-09-12;500.146;9;500.146
2019-09-13;470.563;9;470.563
2019-09-14;464.5;9;464.5
2019-09-15;458.5;9;458.5
2019-09-16;451.375;9;451.375
2019-09-17;451.747;9;451.747
2019-09-18;440.797;9;440.797
2019-09-19;431.466;9;431.466
2019-09-20;427.081;9;427.081
2019-09-21;428.225;9;428.225
2019-09-22;452.559;9;452.559
2019-09-23;480.812;9;480.812
2019-09-24;485.5;9;485.5
2019-09-25;491.896;9;491.896
2019-09-26;501.25;9;501.25
2019-09-27;505.0;9;505.0
2019-09-28;-999.000;9;377.0
2019-09-29;506.944;9;506.944
2019-09-30;509.792;9;509.792
2019-10-01;510.0;10;510.0
2019-10-02;507.292;10;507.292
2019-10-03;488.979;10;488.979
2019-10-04;478.375;10;478.375
2019-10-05;473.5;10;473.5
2019-10-06;467.5;10;467.5
2019-10-07;461.688;10;461.688
2019-10-08;458.5;10;458.5
2019-10-09;457.187;10;457.187
2019-10-10;460.0;10;460.0
2019-10-11;467.687;10;467.687
2019-10-12;475.75;10;475.75
2019-10-13;465.25;10;465.25
2019-10-14;447.812;10;447.812
2019-10-15;448.934;10;448.934
2019-10-16;444.041;10;444.041
2019-10-17;448.75;10;448.75
2019-10-18;465.25;10;465.25
2019-10-19;470.313;10;470.313
2019-10-20;467.125;10;467.125
2019-10-21;460.188;10;460.188
2019-10-22;456.25;10;456.25
2019-10-23;464.687;10;464.687
2019-10-24;478.937;10;478.937
2019-10-25;486.125;10;486.125
2019-10-26;505.021;10;505.021
2019-10-27;526.042;10;526.042
2019-10-28;533.125;10;533.125
2019-10-29;537.708;10;537.708
2019-10-30;564.375;10;564.375
2019-10-31;577.708;10;577.708
2019-11-01;573.333;11;573.333
2019-11-02;571.667;11;571.667
2019-11-03;569.792;11;569.792
2019-11-04;565.833;11;565.833
2019-11-05;568.958;11;568.958
2019-11-06;554.792;11;554.792
2019-11-07;564.583;11;564.583
2019-11-08;570.625;11;570.625
2019-11-09;558.542;11;558.542
2019-11-10;545.208;11;545.208
2019-11-11;534.167;11;534.167
2019-11-12;512.5;11;512.5
2019-11-13;501.667;11;501.667
2019-11-14;498.125;11;498.125
2019-11-15;515.417;11;515.417
2019-11-16;516.667;11;516.667
2019-11-17;510.958;11;510.958
2019-11-18;468.75;11;468.75
2019-11-19;440.787;11;440.787
2019-11-20;452.675;11;452.675
2019-11-21;474.437;11;474.437
2019-11-22;478.938;11;478.938
2019-11-23;475.188;11;475.188
2019-11-24;472.188;11;472.188
2019-11-25;468.813;11;468.813
2019-11-26;464.313;11;464.313
2019-11-27;460.188;11;460.188
2019-11-28;456.247;11;456.247
2019-11-29;437.938;11;437.938
2019-11-30;428.416;11;428.416
2019-12-01;424.794;12;424.794
2019-12-02;402.534;12;402.534
2019-12-03;334.347;12;334.347
2019-12-04;309.45;12;309.45
2019-12-05;355.475;12;355.475
2019-12-06;330.45;12;330.45
2019-12-07;302.8;12;302.8
2019-12-08;286.525;12;286.525
2019-12-09;277.075;12;277.075
2019-12-10;266.75;12;266.75
2019-12-11;263.95;12;263.95
2019-12-12;263.425;12;263.425
2019-12-13;278.3;12;278.3
2019-12-14;273.75;12;273.75
2019-12-15;252.925;12;252.925
2019-12-16;248.9;12;248.9
2019-12-17;276.725;12;276.725
2019-12-18;255.9;12;255.9
2019-12-19;254.675;12;254.675
2019-12-20;260.625;12;260.625
2019-12-21;270.25;12;270.25
2019-12-22;262.55;12;262.55
2019-12-23;256.425;12;256.425
2019-12-24;253.975;12;253.975
2019-12-25;257.825;12;257.825
2019-12-26;254.842;12;254.842
2019-12-27;245.317;12;245.317
2019-12-28;241.542;12;241.542
2019-12-29;250.592;12;250.592
2019-12-30;254.15;12;254.15
2019-12-31;255.375;12;255.375
2020-01-01;259.925;1;259.925
2020-01-02;266.75;1;266.75
2020-01-03;274.625;1;274.625
2020-01-04;283.725;1;283.725
2020-01-05;282.15;1;282.15
2020-01-06;281.8;1;281.8
2020-01-07;260.05;1;260.05
2020-01-08;219.713;1;219.713
2020-01-09;191.329;1;191.329
2020-01-10;190.133;1;190.133
2020-01-11;188.9;1;188.9
2020-01-12;187.358;1;187.358
2020-01-13;189.517;1;189.517
2020-01-14;167.625;1;167.625
2020-01-15;175.487;1;175.487
2020-01-16;190.904;1;190.904
2020-01-17;191.521;1;191.521
2020-01-18;191.367;1;191.367
2020-01-19;196.092;1;196.092
2020-01-20;195.021;1;195.021
2020-01-21;173.354;1;173.354
2020-01-22;162.817;1;162.817
2020-01-23;180.267;1;180.267
2020-01-24;189.517;1;189.517
2020-01-25;185.663;1;185.663
2020-01-26;189.054;1;189.054
2020-01-27;196.454;1;196.454
2020-01-28;178.417;1;178.417
2020-01-29;172.867;1;172.867
2020-01-30;177.954;1;177.954
2020-01-31;178.879;1;178.879
2020-02-01;177.8;2;177.8
2020-02-02;177.8;2;177.8
2020-02-03;177.8;2;177.8
2020-02-04;167.615;2;167.615
2020-02-05;159.887;2;159.887
2020-02-06;171.479;2;171.479
2020-02-07;175.179;2;175.179
2020-02-08;175.487;2;175.487
2020-02-09;177.646;2;177.646
2020-02-10;176.567;2;176.567
2020-02-11;165.141;2;165.141
2020-02-12;166.081;2;166.081
2020-02-13;169.167;2;169.167
2020-02-14;170.4;2;170.4
2020-02-15;171.479;2;171.479
2020-02-16;170.4;2;170.4
2020-02-17;158.646;2;158.646
2020-02-18;137.735;2;137.735
2020-02-19;147.81;2;147.81
2020-02-20;150.445;2;150.445
2020-02-21;136.185;2;136.185
2020-02-22;134.48;2;134.48
2020-02-23;138.82;2;138.82
2020-02-24;133.715;2;133.715
2020-02-25;130.93;2;130.93
2020-02-26;128.895;2;128.895
2020-02-27;128.625;2;128.625
2020-02-28;126.735;2;126.735
2020-02-29;126.735;2;126.735
2020-03-01;127.68;3;127.68
2020-03-02;127.545;3;127.545
2020-03-03;126.6;3;126.6
2020-03-04;126.6;3;126.6
2020-03-05;126.6;3;126.6
2020-03-06;126.6;3;126.6
2020-03-07;137.825;3;137.825
2020-03-08;150.91;3;150.91
2020-03-09;149.06;3;149.06
2020-03-10;131.685;3;131.685
2020-03-11;139.985;3;139.985
2020-03-12;158.66;3;158.66
2020-03-13;161.915;3;161.915
2020-03-14;163.0;3;163.0
2020-03-15;162.845;3;162.845
2020-03-16;151.23;3;151.23
2020-03-17;131.685;3;131.685
2020-03-18;140.295;3;140.295
2020-03-19;157.73;3;157.73
2020-03-20;141.02;3;141.02
2020-03-21;130.14;3;130.14
2020-03-22;127.68;3;127.68
2020-03-23;124.575;3;124.575
2020-03-24;124.44;3;124.44
2020-03-25;123.36;3;123.36
2020-03-26;122.28;3;122.28
2020-03-27;122.415;3;122.415
2020-03-28;123.225;3;123.225
2020-03-29;121.2;3;121.2
2020-03-30;120.12;3;120.12
2020-03-31;120.255;3;120.255
2020-04-01;121.065;4;121.065
2020-04-02;122.28;4;122.28
2020-04-03;123.225;4;123.225
2020-04-04;120.12;4;120.12
2020-04-05;118.095;4;118.095
2020-04-06;117.96;4;117.96
2020-04-07;118.23;4;118.23
2020-04-08;120.93;4;120.93
2020-04-09;120.12;4;120.12
2020-04-10;119.31;4;119.31
2020-04-11;121.2;4;121.2
2020-04-12;127.865;4;127.865
2020-04-13;134.85;4;134.85
2020-04-14;125.8;4;125.8
2020-04-15;122.28;4;122.28
2020-04-16;120.255;4;120.255
2020-04-17;120.12;4;120.12
2020-04-18;120.255;4;120.255
2020-04-19;122.01;4;122.01
2020-04-20;121.875;4;121.875
2020-04-21;129.165;4;129.165
2020-04-22;127.68;4;127.68
2020-04-23;124.575;4;124.575
2020-04-24;121.47;4;121.47
2020-04-25;124.17;4;124.17
2020-04-26;123.36;4;123.36
2020-04-27;121.335;4;121.335
2020-04-28;121.2;4;121.2
2020-04-29;120.12;4;120.12
2020-04-30;119.985;4;119.985
2020-05-01;120.255;5;120.255
2020-05-02;121.2;5;121.2
2020-05-03;127.54;5;127.54
2020-05-04;148.44;5;148.44
2020-05-05;152.15;5;152.15
2020-05-06;156.335;5;156.335
2020-05-07;153.235;5;153.235
2020-05-08;151.995;5;151.995
2020-05-09;153.39;5;153.39
2020-05-10;155.56;5;155.56
2020-05-11;157.265;5;157.265
2020-05-12;152.305;5;152.305
2020-05-13;158.193;5;158.193
2020-05-14;164.227;5;164.227
2020-05-15;167.624;5;167.624
2020-05-16;170.554;5;170.554
2020-05-17;175.025;5;175.025
2020-05-18;178.687;5;178.687
2020-05-19;208.571;5;208.571
2020-05-20;191.329;5;191.329
2020-05-21;189.671;5;189.671
2020-05-22;189.825;5;189.825
2020-05-23;182.117;5;182.117
2020-05-24;179.033;5;179.033
2020-05-25;176.258;5;176.258
2020-05-26;168.858;5;168.858
2020-05-27;171.479;5;171.479
2020-05-28;185.067;5;185.067
2020-05-29;214.021;5;214.021
2020-05-30;203.688;5;203.688
2020-05-31;201.246;5;201.246
2020-06-01;213.2;6;213.2
2020-06-02;213.2;6;213.2
2020-06-03;243.917;6;243.917
2020-06-04;258.7;6;258.7
2020-06-05;255.725;6;255.725
2020-06-06;259.4;6;259.4
2020-06-07;262.025;6;262.025
2020-06-08;260.45;6;260.45
2020-06-09;256.075;6;256.075
2020-06-10;263.25;6;263.25
2020-06-11;264.825;6;264.825
2020-06-12;262.375;6;262.375
2020-06-13;266.225;6;266.225
2020-06-14;269.725;6;269.725
2020-06-15;278.475;6;278.475
2020-06-16;283.025;6;283.025
2020-06-17;284.075;6;284.075
2020-06-18;286.7;6;286.7
2020-06-19;280.75;6;280.75
2020-06-20;284.775;6;284.775
2020-06-21;290.9;6;290.9
2020-06-22;286.525;6;286.525
2020-06-23;286.875;6;286.875
2020-06-24;280.75;6;280.75
2020-06-25;281.45;6;281.45
2020-06-26;279.7;6;279.7
2020-06-27;288.1;6;288.1
2020-06-28;328.875;6;328.875
2020-06-29;341.475;6;341.475
2020-06-30;340.425;6;340.425
2020-07-01;340.25;7;340.25
2020-07-02;356.875;7;356.875
2020-07-03;363.0;7;363.0
2020-07-04;365.1;7;365.1
2020-07-05;377.525;7;377.525
2020-07-06;378.4;7;378.4
2020-07-07;375.6;7;375.6
2020-07-08;374.375;7;374.375
2020-07-09;380.181;7;380.181
2020-07-10;385.094;7;385.094
2020-07-11;387.747;7;387.747
2020-07-12;400.013;7;400.013
2020-07-13;396.772;7;396.772
2020-07-14;404.206;7;404.206
2020-07-15;419.837;7;419.837
2020-07-16;420.6;7;420.6
2020-07-17;421.553;7;421.553
2020-07-18;436.041;7;436.041
2020-07-19;430.131;7;430.131
2020-07-20;428.034;7;428.034
2020-07-21;429.366;7;429.366
2020-07-22;446.3;7;446.3
2020-07-23;458.312;7;458.312
2020-07-24;471.812;7;471.812
2020-07-25;482.312;7;482.312
2020-07-26;486.812;7;486.812
2020-07-27;487.0;7;487.0
2020-07-28;491.0;7;491.0
2020-07-29;510.0;7;510.0
2020-07-30;542.292;7;542.292
2020-07-31;575.0;7;575.0
2020-08-01;570.0;8;570.0
2020-08-02;566.875;8;566.875
2020-08-03;570.417;8;570.417
2020-08-04;583.125;8;583.125
2020-08-05;589.792;8;589.792
2020-08-06;593.25;8;593.25
2020-08-07;593.042;8;593.042
2020-08-08;586.875;8;586.875
2020-08-09;586.875;8;586.875
2020-08-10;594.057;8;594.057
2020-08-11;609.906;8;609.906
2020-08-12;604.828;8;604.828
2020-08-13;603.0;8;603.0
2020-08-14;603.406;8;603.406
2020-08-15;610.922;8;610.922
2020-08-16;615.797;8;615.797
2020-08-17;616.203;8;616.203
2020-08-18;621.078;8;621.078
2020-08-19;628.594;8;628.594
2020-08-20;632.047;8;632.047
2020-08-21;632.656;8;632.656
2020-08-22;637.328;8;637.328
2020-08-23;643.219;8;643.219
2020-08-24;638.547;8;638.547
2020-08-25;634.484;8;634.484
2020-08-26;641.797;8;641.797
2020-08-27;645.25;8;645.25
2020-08-28;648.5;8;648.5
2020-08-29;653.393;8;653.393
2020-08-30;658.312;8;658.312
2020-08-31;660.3;8;660.3
2020-09-01;662.508;9;662.508
2020-09-02;668.912;9;668.912
2020-09-03;672.667;9;672.667
2020-09-04;676.2;9;676.2
2020-09-05;675.758;9;675.758
2020-09-06;667.146;9;667.146
2020-09-07;652.74;9;652.74
2020-09-08;624.734;9;624.734
2020-09-09;606.453;9;606.453
2020-09-10;595.281;9;595.281
2020-09-11;601.172;9;601.172
2020-09-12;600.755;9;600.755
2020-09-13;582.49;9;582.49
2020-09-14;569.792;9;569.792
2020-09-15;560.0;9;560.0
2020-09-16;552.708;9;552.708
2020-09-17;530.625;9;530.625
2020-09-18;521.875;9;521.875
2020-09-19;518.125;9;518.125
2020-09-20;511.667;9;511.667
2020-09-21;504.792;9;504.792
2020-09-22;508.542;9;508.542
2020-09-23;565.417;9;565.417
2020-09-24;576.875;9;576.875
2020-09-25;581.042;9;581.042
2020-09-26;578.75;9;578.75
2020-09-27;583.542;9;583.542
2020-09-28;595.068;9;595.068
2020-09-29;609.5;9;609.5
2020-09-30;618.844;9;618.844
2020-10-01;618.641;10;618.641
2020-10-02;606.047;10;606.047
2020-10-03;595.891;10;595.891
2020-10-04;603.203;10;603.203
2020-10-05;612.75;10;612.75
2020-10-06;624.125;10;624.125
2020-10-07;637.125;10;637.125
2020-10-08;647.891;10;647.891
2020-10-09;648.297;10;648.297
2020-10-10;645.656;10;645.656
2020-10-11;648.297;10;648.297
2020-10-12;646.469;10;646.469
2020-10-13;635.703;10;635.703
2020-10-14;622.906;10;622.906
2020-10-15;590.922;10;590.922
2020-10-16;571.875;10;571.875
2020-10-17;557.5;10;557.5
2020-10-18;563.958;10;563.958
2020-10-19;582.083;10;582.083
2020-10-20;578.125;10;578.125
2020-10-21;570.0;10;570.0
2020-10-22;557.917;10;557.917
2020-10-23;568.958;10;568.958
2020-10-24;572.5;10;572.5
2020-10-25;594.771;10;594.771
2020-10-26;620.266;10;620.266
2020-10-27;625.75;10;625.75
2020-10-28;627.172;10;627.172
2020-10-29;622.297;10;622.297
2020-10-30;614.578;10;614.578
2020-10-31;607.672;10;607.672
2020-11-01;594.245;11;594.245
2020-11-02;566.875;11;566.875
2020-11-03;542.083;11;542.083
2020-11-04;530.0;11;530.0
2020-11-05;494.813;11;494.813
2020-11-06;478.375;11;478.375
2020-11-07;473.5;11;473.5
2020-11-08;467.313;11;467.313
2020-11-09;457.172;11;457.172
2020-11-10;423.256;11;423.256
2020-11-11;407.256;11;407.256
2020-11-12;409.894;11;409.894
2020-11-13;477.584;11;477.584
2020-11-14;484.188;11;484.188
2020-11-15;481.0;11;481.0
2020-11-16;469.181;11;469.181
2020-11-17;438.878;11;438.878
2020-11-18;432.991;11;432.991
2020-11-19;405.747;11;405.747
2020-11-20;395.547;11;395.547
2020-11-21;416.216;11;416.216
2020-11-22;435.644;11;435.644
2020-11-23;457.184;11;457.184
2020-11-24;460.187;11;460.187
2020-11-25;481.75;11;481.75
2020-11-26;465.812;11;465.812
2020-11-27;466.75;11;466.75
2020-11-28;488.604;11;488.604
2020-11-29;510.833;11;510.833
2020-11-30;515.0;11;515.0
2020-12-01;490.083;12;490.083
2020-12-02;478.75;12;478.75
2020-12-03;485.542;12;485.542
2020-12-04;495.042;12;495.042
2020-12-05;504.375;12;504.375
2020-12-06;503.333;12;503.333
2020-12-07;500.833;12;500.833
2020-12-08;487.063;12;487.063
2020-12-09;472.937;12;472.937
2020-12-10;476.875;12;476.875
2020-12-11;489.458;12;489.458
2020-12-12;499.375;12;499.375
2020-12-13;517.917;12;517.917
2020-12-14;498.125;12;498.125
2020-12-15;474.859;12;474.859
2020-12-16;421.209;12;421.209
2020-12-17;371.031;12;371.031
2020-12-18;333.075;12;333.075
2020-12-19;312.775;12;312.775
2020-12-20;304.375;12;304.375
2020-12-21;300.0;12;300.0
2020-12-22;320.475;12;320.475
2020-12-23;347.822;12;347.822
2020-12-24;381.353;12;381.353
2020-12-25;344.8;12;344.8
2020-12-26;336.05;12;336.05
2020-12-27;330.975;12;330.975
2020-12-28;326.075;12;326.075
2020-12-29;307.7;12;307.7
2020-12-30;295.45;12;295.45
2020-12-31;309.625;12;309.625
2021-01-01;333.95;1;333.95
2021-01-02;271.458;1;271.458
2021-01-03;237.717;1;237.717
2021-01-04;229.517;1;229.517
2021-01-05;224.933;1;224.933
2021-01-06;219.067;1;219.067
2021-01-07;214.85;1;214.85
2021-01-08;213.017;1;213.017
2021-01-09;210.633;1;210.633
2021-01-10;214.483;1;214.483
2021-01-11;215.767;1;215.767
2021-01-12;217.733;1;217.733
2021-01-13;291.7;1;291.7
2021-01-14;363.7;1;363.7
2021-01-15;328.0;1;328.0
2021-01-16;289.85;1;289.85
2021-01-17;277.95;1;277.95
2021-01-18;270.25;1;270.25
2021-01-19;259.75;1;259.75
2021-01-20;255.375;1;255.375
2021-01-21;253.267;1;253.267
2021-01-22;248.842;1;248.842
2021-01-23;251.683;1;251.683
2021-01-24;244.033;1;244.033
2021-01-25;240.75;1;240.75
2021-01-26;203.404;1;203.404
2021-01-27;178.725;1;178.725
2021-01-28;175.333;1;175.333
2021-01-29;173.946;1;173.946
2021-01-30;169.475;1;169.475
2021-01-31;167.625;1;167.625
2021-02-01;163.308;2;163.308
2021-02-02;161.915;2;161.915
2021-02-03;162.845;2;162.845
2021-02-04;162.845;2;162.845
2021-02-05;160.675;2;160.675
2021-02-06;161.76;2;161.76
2021-02-07;160.365;2;160.365
2021-02-08;154.32;2;154.32
2021-02-09;149.36;2;149.36
2021-02-10;146.88;2;146.88
2021-02-11;145.795;2;145.795
2021-02-12;144.245;2;144.245
2021-02-13;142.075;2;142.075
2021-02-14;141.765;2;141.765
2021-02-15;138.2;2;138.2
2021-02-16;135.875;2;135.875
2021-02-17;134.335;2;134.335
2021-02-18;132.225;2;132.225
2021-02-19;133.24;2;133.24
2021-02-20;133.24;2;133.24
2021-02-21;133.095;2;133.095
2021-02-22;131.065;2;131.065
2021-02-23;130.92;2;130.92
2021-02-24;128.895;2;128.895
2021-02-25;128.625;2;128.625
2021-02-26;128.895;2;128.895
2021-02-27;129.705;2;129.705
2021-02-28;128.76;2;128.76
2021-03-01;128.76;3;128.76
2021-03-02;127.68;3;127.68
2021-03-03;126.6;3;126.6
2021-03-04;126.6;3;126.6
2021-03-05;125.52;3;125.52
2021-03-06;124.44;3;124.44
2021-03-07;127.68;3;127.68
2021-03-08;129.705;3;129.705
2021-03-09;126.735;3;126.735
2021-03-10;127.96;3;127.96
2021-03-11;131.665;3;131.665
2021-03-12;128.625;3;128.625
2021-03-13;124.71;3;124.71
2021-03-14;123.36;3;123.36
2021-03-15;122.145;3;122.145
2021-03-16;120.255;3;120.255
2021-03-17;122.35;3;122.35
2021-03-18;156.24;3;156.24
2021-03-19;191.867;3;191.867
2021-03-20;238.683;3;238.683
2021-03-21;192.825;3;192.825
2021-03-22;187.05;3;187.05
2021-03-23;163.117;3;163.117
2021-03-24;136.96;3;136.96
2021-03-25;157.696;3;157.696
2021-03-26;184.979;3;184.979
2021-03-27;214.783;3;214.783
2021-03-28;244.317;3;244.317
2021-03-29;204.933;3;204.933
2021-03-30;162.967;3;162.967
2021-03-31;165.425;3;165.425
2021-04-01;213.308;4;213.308
2021-04-02;191.588;4;191.588
2021-04-03;179.804;4;179.804
2021-04-04;164.998;4;164.998
2021-04-05;155.858;4;155.858
2021-04-06;142.385;4;142.385
2021-04-07;171.318;4;171.318
2021-04-08;194.837;4;194.837
2021-04-09;234.254;4;234.254
2021-04-10;265.175;4;265.175
2021-04-11;281.975;4;281.975
2021-04-12;275.15;4;275.15
2021-04-13;272.525;4;272.525
2021-04-14;292.825;4;292.825
2021-04-15;350.575;4;350.575
2021-04-16;362.475;4;362.475
2021-04-17;361.6;4;361.6
2021-04-18;364.225;4;364.225
2021-04-19;371.575;4;371.575
2021-04-20;374.725;4;374.725
2021-04-21;342.525;4;342.525
2021-04-22;344.275;4;344.275
2021-04-23;354.6;4;354.6
2021-04-24;314.35;4;314.35
2021-04-25;298.6;4;298.6
2021-04-26;289.15;4;289.15
2021-04-27;270.425;4;270.425
2021-04-28;290.375;4;290.375
2021-04-29;290.375;4;290.375
2021-04-30;302.625;4;302.625
2021-05-01;346.2;5;346.2
2021-05-02;349.0;5;349.0
2021-05-03;315.4;5;315.4
2021-05-04;319.25;5;319.25
2021-05-05;361.95;5;361.95
2021-05-06;367.2;5;367.2
2021-05-07;371.225;5;371.225
2021-05-08;369.65;5;369.65
2021-05-09;360.025;5;360.025
2021-05-10;347.775;5;347.775
2021-05-11;334.475;5;334.475
2021-05-12;342.175;5;342.175
2021-05-13;388.441;5;388.441
2021-05-14;398.138;5;398.138
2021-05-15;366.897;5;366.897
2021-05-16;346.2;5;346.2
2021-05-17;335.175;5;335.175
2021-05-18;317.5;5;317.5
2021-05-19;311.55;5;311.55
2021-05-20;285.3;5;285.3
2021-05-21;265.35;5;265.35
2021-05-22;262.9;5;262.9
2021-05-23;287.925;5;287.925
2021-05-24;278.825;5;278.825
2021-05-25;263.25;5;263.25
2021-05-26;270.775;5;270.775
2021-05-27;280.925;5;280.925
2021-05-28;277.25;5;277.25
2021-05-29;351.791;5;351.791
2021-05-30;408.241;5;408.241
2021-05-31;371.494;5;371.494
2021-06-01;359.325;6;359.325
2021-06-02;375.962;6;375.962
2021-06-03;394.294;6;394.294
2021-06-04;390.813;6;390.813
2021-06-05;356.206;6;356.206
2021-06-06;349.525;6;349.525
2021-06-07;359.675;6;359.675
2021-06-08;359.5;6;359.5
2021-06-09;363.7;6;363.7
2021-06-10;361.6;6;361.6
2021-06-11;391.587;6;391.587
2021-06-12;443.225;6;443.225
2021-06-13;465.812;6;465.812
2021-06-14;490.5;6;490.5
2021-06-15;508.333;6;508.333
2021-06-16;514.792;6;514.792
2021-06-17;514.792;6;514.792
2021-06-18;512.5;6;512.5
2021-06-19;522.917;6;522.917
2021-06-20;526.458;6;526.458
2021-06-21;528.333;6;528.333
2021-06-22;526.042;6;526.042
2021-06-23;513.958;6;513.958
2021-06-24;503.833;6;503.833
2021-06-25;473.729;6;473.729
2021-06-26;475.937;6;475.937
2021-06-27;475.188;6;475.188
2021-06-28;472.0;6;472.0
2021-06-29;470.5;6;470.5
2021-06-30;472.187;6;472.187
2021-07-01;485.917;7;485.917
2021-07-02;495.667;7;495.667
2021-07-03;482.688;7;482.688
2021-07-04;475.375;7;475.375
2021-07-05;471.438;7;471.438
2021-07-06;458.5;7;458.5
2021-07-07;446.684;7;446.684
2021-07-08;440.616;7;440.616
2021-07-09;443.075;7;443.075
2021-07-10;459.437;7;459.437
2021-07-11;463.75;7;463.75
2021-07-12;457.188;7;457.188
2021-07-13;458.5;7;458.5
2021-07-14;501.542;7;501.542
2021-07-15;557.917;7;557.917
2021-07-16;567.708;7;567.708
2021-07-17;567.292;7;567.292
2021-07-18;574.375;7;574.375
2021-07-19;569.583;7;569.583
2021-07-20;556.458;7;556.458
2021-07-21;544.375;7;544.375
2021-07-22;548.125;7;548.125
2021-07-23;550.417;7;550.417
2021-07-24;563.958;7;563.958
2021-07-25;557.292;7;557.292
2021-07-26;531.667;7;531.667
2021-07-27;532.708;7;532.708
2021-07-28;553.125;7;553.125
2021-07-29;570.833;7;570.833
2021-07-30;577.083;7;577.083
2021-07-31;588.958;7;588.958
2021-08-01;578.75;8;578.75
2021-08-02;557.917;8;557.917
2021-08-03;526.25;8;526.25
2021-08-04;531.458;8;531.458
2021-08-05;547.083;8;547.083
2021-08-06;567.292;8;567.292
2021-08-07;569.792;8;569.792
2021-08-08;558.542;8;558.542
2021-08-09;549.792;8;549.792
2021-08-10;544.167;8;544.167
2021-08-11;556.042;8;556.042
2021-08-12;564.167;8;564.167
2021-08-13;581.25;8;581.25
2021-08-14;588.125;8;588.125
2021-08-15;588.125;8;588.125
2021-08-16;588.333;8;588.333
2021-08-17;593.859;8;593.859
2021-08-18;603.813;8;603.813
2021-08-19;609.906;8;609.906
2021-08-20;625.75;8;625.75
2021-08-21;635.703;8;635.703
2021-08-22;650.16;8;650.16
2021-08-23;665.379;8;665.379
2021-08-24;668.471;8;668.471
2021-08-25;658.975;8;658.975
2021-08-26;658.975;8;658.975
2021-08-27;665.379;8;665.379
2021-08-28;672.667;8;672.667
2021-08-29;680.396;8;680.396
2021-08-30;682.825;8;682.825
2021-08-31;687.904;8;687.904
2021-09-01;683.487;9;683.487
2021-09-02;681.39;9;681.39
2021-09-03;677.194;9;677.194
2021-09-04;672.667;9;672.667
2021-09-05;670.458;9;670.458
2021-09-06;670.237;9;670.237
2021-09-07;682.604;9;682.604
2021-09-08;681.279;9;681.279
2021-09-09;670.679;9;670.679
2021-09-10;656.007;9;656.007
2021-09-11;658.109;9;658.109
2021-09-12;656.564;9;656.564
2021-09-13;652.156;9;652.156
2021-09-14;650.531;9;650.531
2021-09-15;630.016;9;630.016
2021-09-16;631.234;9;631.234
2021-09-17;644.539;9;644.539
2021-09-18;644.539;9;644.539
2021-09-19;645.453;9;645.453
2021-09-20;648.5;9;648.5
2021-09-21;653.172;9;653.172
2021-09-22;654.391;9;654.391
2021-09-23;654.489;9;654.489
2021-09-24;666.925;9;666.925
2021-09-25;667.808;9;667.808
2021-09-26;672.887;9;672.887
2021-09-27;680.506;9;680.506
2021-09-28;686.69;9;686.69
2021-09-29;690.112;9;690.112
2021-09-30;690.554;9;690.554
2021-10-01;693.867;10;693.867
2021-10-02;698.173;10;698.173
2021-10-03;700.602;10;700.602
2021-10-04;697.842;10;697.842
2021-10-05;701.596;10;701.596
2021-10-06;702.81;10;702.81
2021-10-07;703.252;10;703.252
2021-10-08;681.942;10;681.942
2021-10-09;662.305;10;662.305
2021-10-10;650.752;10;650.752
2021-10-11;656.926;10;656.926
2021-10-12;665.158;10;665.158
2021-10-13;655.098;10;655.098
2021-10-14;638.344;10;638.344
2021-10-15;621.891;10;621.891
2021-10-16;624.328;10;624.328
2021-10-17;635.094;10;635.094
2021-10-18;640.781;10;640.781
2021-10-19;645.047;10;645.047
2021-10-20;639.359;10;639.359
2021-10-21;619.656;10;619.656
2021-10-22;610.516;10;610.516
2021-10-23;616.203;10;616.203
2021-10-24;601.984;10;601.984
2021-10-25;594.667;10;594.667
2021-10-26;585.203;10;585.203
2021-10-27;581.036;10;581.036
2021-10-28;590.797;10;590.797
2021-10-29;592.031;10;592.031
2021-10-30;603.0;10;603.0
2021-10-31;603.813;10;603.813
2021-11-01;590.406;11;590.406
2021-11-02;593.047;11;593.047
2021-11-03;595.078;11;595.078
2021-11-04;591.375;11;591.375
2021-11-05;586.026;11;586.026
2021-11-06;598.932;11;598.932
2021-11-07;592.792;11;592.792
2021-11-08;577.083;11;577.083
2021-11-09;571.458;11;571.458
2021-11-10;566.875;11;566.875
2021-11-11;564.792;11;564.792
2021-11-12;560.208;11;560.208
2021-11-13;560.0;11;560.0
2021-11-14;557.5;11;557.5
2021-11-15;542.083;11;542.083
2021-11-16;530.0;11;530.0
2021-11-17;519.792;11;519.792
2021-11-18;511.875;11;511.875
2021-11-19;501.104;11;501.104
2021-11-20;474.104;11;474.104
2021-11-21;457.0;11;457.0
2021-11-22;443.634;11;443.634
2021-11-23;438.134;11;438.134
2021-11-24;448.366;11;448.366
2021-11-25;437.559;11;437.559
2021-11-26;434.123;11;434.123
2021-11-27;494.967;11;494.967
2021-11-28;503.708;11;503.708
2021-11-29;467.833;11;467.833
2021-11-30;508.958;11;508.958
2021-12-01;541.875;12;541.875
2021-12-02;538.125;12;538.125
2021-12-03;521.875;12;521.875
2021-12-04;484.917;12;484.917
2021-12-05;457.159;12;457.159
2021-12-06;401.291;12;401.291
2021-12-07;359.325;12;359.325
2021-12-08;377.525;12;377.525
2021-12-09;346.2;12;346.2
2021-12-10;329.4;12;329.4
2021-12-11;324.5;12;324.5
2021-12-12;383.556;12;383.556
2021-12-13;405.094;12;405.094
2021-12-14;351.575;12;351.575
2021-12-15;354.075;12;354.075
2021-12-16;378.125;12;378.125
2021-12-17;394.294;12;394.294
2021-12-18;395.056;12;395.056
2021-12-19;391.303;12;391.303
2021-12-20;330.497;12;330.497
2021-12-21;359.687;12;359.687
2021-12-22;418.359;12;418.359
2021-12-23;424.794;12;424.794
2021-12-24;417.741;12;417.741
2021-12-25;385.294;12;385.294
2021-12-26;316.975;12;316.975
2021-12-27;276.2;12;276.2
2021-12-28;269.375;12;269.375
2021-12-29;267.625;12;267.625
2021-12-30;265.875;12;265.875
2021-12-31;291.6;12;291.6
2022-01-01;322.575;1;322.575
2022-01-02;304.725;1;304.725
2022-01-03;273.75;1;273.75
2022-01-04;243.15;1;243.15
2022-01-05;230.983;1;230.983
2022-01-06;225.117;1;225.117
2022-01-07;221.817;1;221.817
2022-01-08;216.317;1;216.317
2022-01-09;213.2;1;213.2
2022-01-10;208.8;1;208.8
2022-01-11;204.4;1;204.4
2022-01-12;201.467;1;201.467
2022-01-13;198.767;1;198.767
2022-01-14;196.3;1;196.3
2022-01-15;193.833;1;193.833
2022-01-16;192.446;1;192.446
2022-01-17;189.054;1;189.054
2022-01-18;186.433;1;186.433
2022-01-19;185.2;1;185.2
2022-01-20;183.967;1;183.967
2022-01-21;187.821;1;187.821
2022-01-22;194.604;1;194.604
2022-01-23;191.675;1;191.675
2022-01-24;187.204;1;187.204
2022-01-25;174.254;1;174.254
2022-01-26;166.854;1;166.854
2022-01-27;160.364;1;160.364
2022-01-28;154.785;1;154.785
2022-01-29;159.9;1;159.9
2022-01-30;156.955;1;156.955
2022-01-31;153.545;1;153.545
2022-02-01;154.165;2;154.165
2022-02-02;153.08;2;153.08
2022-02-03;155.405;2;155.405
2022-02-04;155.87;2;155.87
2022-02-05;156.645;2;156.645
2022-02-06;155.715;2;155.715
2022-02-07;157.885;2;157.885
2022-02-08;158.195;2;158.195
2022-02-09;160.365;2;160.365
2022-02-10;164.227;2;164.227
2022-02-11;187.512;2;187.512
2022-02-12;192.754;2;192.754
2022-02-13;191.983;2;191.983
2022-02-14;172.095;2;172.095
2022-02-15;159.435;2;159.435
2022-02-16;159.583;2;159.583
2022-02-17;184.736;2;184.736
2022-02-18;188.129;2;188.129
2022-02-19;194.45;2;194.45
2022-02-20;190.288;2;190.288
2022-02-21;178.725;2;178.725
2022-02-22;164.85;2;164.85
2022-02-23;168.087;2;168.087
2022-02-24;178.263;2;178.263
2022-02-25;175.642;2;175.642
2022-02-26;173.021;2;173.021
2022-02-27;171.633;2;171.633
2022-02-28;168.703;2;168.703
2022-03-01;162.526;3;162.526
2022-03-02;194.753;3;194.753
2022-03-03;196.542;3;196.542
2022-03-04;190.133;3;190.133
2022-03-05;185.663;3;185.663
2022-03-06;189.979;3;189.979
2022-03-07;193.787;3;193.787
2022-03-08;219.917;3;219.917
2022-03-09;204.4;3;204.4
2022-03-10;226.217;3;226.217
2022-03-11;242.533;3;242.533
2022-03-12;248.658;3;248.658
2022-03-13;249.408;3;249.408
2022-03-14;244.217;3;244.217
2022-03-15;243.867;3;243.867
2022-03-16;243.867;3;243.867
2022-03-17;243.867;3;243.867
2022-03-18;244.05;3;244.05
2022-03-19;245.333;3;245.333
2022-03-20;245.15;3;245.15
2022-03-21;217.933;3;217.933
2022-03-22;185.508;3;185.508
2022-03-23;179.187;3;179.187
2022-03-24;209.471;3;209.471
2022-03-25;226.95;3;226.95
2022-03-26;213.933;3;213.933
2022-03-27;206.688;3;206.688
2022-03-28;192.996;3;192.996
2022-03-29;205.067;3;205.067
2022-03-30;213.2;3;213.2
2022-03-31;244.967;3;244.967
2022-04-01;259.4;4;259.4
2022-04-02;273.925;4;273.925
2022-04-03;318.725;4;318.725
2022-04-04;283.025;4;283.025
2022-04-05;257.3;4;257.3
2022-04-06;243.358;4;243.358
2022-04-07;273.208;4;273.208
2022-04-08;354.425;4;354.425
2022-04-09;372.625;4;372.625
2022-04-10;372.625;4;372.625
2022-04-11;375.95;4;375.95
2022-04-12;380.85;4;380.85
2022-04-13;378.75;4;378.75
2022-04-14;397.184;4;397.184
2022-04-15;387.466;4;387.466
2022-04-16;335.875;4;335.875
2022-04-17;337.625;4;337.625
2022-04-18;373.578;4;373.578
2022-04-19;404.778;4;404.778
2022-04-20;447.919;4;447.919
2022-04-21;476.521;4;476.521
2022-04-22;493.813;4;493.813
2022-04-23;484.604;4;484.604
2022-04-24;472.938;4;472.938
2022-04-25;453.063;4;453.063
2022-04-26;448.937;4;448.937
2022-04-27;471.146;4;471.146
2022-04-28;505.896;4;505.896
2022-04-29;524.792;4;524.792
2022-04-30;537.083;4;537.083
2022-05-01;555.208;5;555.208
2022-05-02;575.0;5;575.0
2022-05-03;563.75;5;563.75
2022-05-04;553.333;5;553.333
2022-05-05;546.875;5;546.875
2022-05-06;548.75;5;548.75
2022-05-07;556.25;5;556.25
2022-05-08;554.792;5;554.792
2022-05-09;548.542;5;548.542
2022-05-10;552.292;5;552.292
2022-05-11;572.917;5;572.917
2022-05-12;580.625;5;580.625
2022-05-13;568.125;5;568.125
2022-05-14;593.271;5;593.271
2022-05-15;638.141;5;638.141
2022-05-16;612.141;5;612.141
2022-05-17;600.562;5;600.562
2022-05-18;612.547;5;612.547
2022-05-19;620.469;5;620.469
2022-05-20;616.203;5;616.203
2022-05-21;617.625;5;617.625
2022-05-22;619.047;5;619.047
2022-05-23;616.203;5;616.203
2022-05-24;616.406;5;616.406
2022-05-25;622.094;5;622.094
2022-05-26;622.703;5;622.703
2022-05-27;626.969;5;626.969
2022-05-28;627.781;5;627.781
2022-05-29;632.453;5;632.453
2022-05-30;638.75;5;638.75
2022-05-31;644.844;5;644.844
2022-06-01;645.25;6;645.25
2022-06-02;645.453;6;645.453
2022-06-03;648.297;6;648.297
2022-06-04;646.469;6;646.469
2022-06-05;638.141;6;638.141
2022-06-06;644.234;6;644.234
2022-06-07;637.328;6;637.328
2022-06-08;632.859;6;632.859
2022-06-09;638.547;6;638.547
2022-06-10;642.0;6;642.0
2022-06-11;645.047;6;645.047
2022-06-12;644.844;6;644.844
2022-06-13;637.937;6;637.937
2022-06-14;645.047;6;645.047
2022-06-15;651.547;6;651.547
2022-06-16;651.547;6;651.547
2022-06-17;652.395;6;652.395
2022-06-18;665.158;6;665.158
2022-06-19;669.354;6;669.354
2022-06-20;672.667;6;672.667
2022-06-21;676.2;6;676.2
2022-06-22;679.513;6;679.513
2022-06-23;681.5;6;681.5
2022-06-24;683.267;6;683.267
2022-06-25;683.487;6;683.487
2022-06-26;688.346;6;688.346
2022-06-27;690.554;6;690.554
2022-06-28;695.633;6;695.633
2022-06-29;698.946;6;698.946
2022-06-30;697.179;6;697.179
2022-07-01;690.554;7;690.554
2022-07-02;687.462;7;687.462
2022-07-03;696.737;7;696.737
2022-07-04;697.621;7;697.621
2022-07-05;700.933;7;700.933
2022-07-06;704.246;7;704.246
2022-07-07;704.467;7;704.467
2022-07-08;700.713;7;700.713
2022-07-09;696.296;7;696.296
2022-07-10;704.462;7;704.462
2022-07-11;712.762;7;712.762
2022-07-12;714.933;7;714.933
2022-07-13;714.933;7;714.933
2022-07-14;715.15;7;715.15
2022-07-15;718.183;7;718.183
2022-07-16;718.4;7;718.4
2022-07-17;718.4;7;718.4
2022-07-18;716.667;7;716.667
2022-07-19;714.933;7;714.933
2022-07-20;713.417;7;713.417
2022-07-21;714.717;7;714.717
2022-07-22;714.933;7;714.933
2022-07-23;714.933;7;714.933
2022-07-24;714.933;7;714.933
2022-07-25;714.933;7;714.933
2022-07-26;714.933;7;714.933
2022-07-27;715.042;7;715.042
2022-07-28;715.692;7;715.692
2022-07-29;714.933;7;714.933
2022-07-30;714.717;7;714.717
2022-07-31;711.575;7;711.575
2022-08-01;710.708;8;710.708
2022-08-02;713.2;8;713.2
2022-08-03;714.933;8;714.933
2022-08-04;714.933;8;714.933
2022-08-05;715.908;8;715.908
2022-08-06;718.292;8;718.292
2022-08-07;718.508;8;718.508
2022-08-08;720.025;8;720.025
2022-08-09;719.267;8;719.267
2022-08-10;719.267;8;719.267
2022-08-11;721.0;8;721.0
2022-08-12;722.083;8;722.083
2022-08-13;725.117;8;725.117
2022-08-14;725.333;8;725.333
2022-08-15;727.067;8;727.067
2022-08-16;728.8;8;728.8
2022-08-17;728.8;8;728.8
2022-08-18;730.317;8;730.317
2022-08-19;727.283;8;727.283
2022-08-20;725.225;8;725.225
2022-08-21;722.842;8;722.842
2022-08-22;721.867;8;721.867
2022-08-23;720.892;8;720.892
2022-08-24;715.042;8;715.042
2022-08-25;711.683;8;711.683
2022-08-26;714.717;8;714.717
2022-08-27;714.933;8;714.933
2022-08-28;715.15;8;715.15
2022-08-29;718.292;8;718.292
2022-08-30;719.158;8;719.158
2022-08-31;716.667;8;716.667
2022-09-01;714.717;9;714.717
2022-09-02;711.467;9;711.467
2022-09-03;708.217;9;708.217
2022-09-04;706.013;9;706.013
2022-09-05;700.933;9;700.933
2022-09-06;698.062;9;698.062
2022-09-07;706.008;9;706.008
2022-09-08;711.358;9;711.358
2022-09-09;710.271;9;710.271
2022-09-10;706.454;9;706.454
2022-09-11;709.733;9;709.733
2022-09-12;711.683;9;711.683
2022-09-13;714.933;9;714.933
2022-09-14;718.183;9;718.183
2022-09-15;719.267;9;719.267
2022-09-16;720.242;9;720.242
2022-09-17;721.758;9;721.758
2022-09-18;721.867;9;721.867
2022-09-19;723.6;9;723.6
2022-09-20;725.333;9;725.333
2022-09-21;725.117;9;725.117
2022-09-22;722.3;9;722.3
2022-09-23;725.117;9;725.117
2022-09-24;725.333;9;725.333
2022-09-25;723.492;9;723.492
2022-09-26;718.725;9;718.725
2022-09-27;708.65;9;708.65
2022-09-28;708.0;9;708.0
2022-09-29;705.24;9;705.24
2022-09-30;700.823;9;700.823
2022-10-01;696.075;10;696.075
2022-10-02;695.192;10;695.192
2022-10-03;688.567;10;688.567
2022-10-04;681.5;10;681.5
2022-10-05;677.194;10;677.194
2022-10-06;676.2;10;676.2
2022-10-07;669.906;10;669.906
2022-10-08;661.846;10;661.846
2022-10-09;655.239;10;655.239
2022-10-10;650.734;10;650.734
2022-10-11;656.581;10;656.581
2022-10-12;662.067;10;662.067
2022-10-13;665.821;10;665.821
2022-10-14;668.029;10;668.029
2022-10-15;653.834;10;653.834
2022-10-16;647.789;10;647.789
2022-10-17;643.32;10;643.32
2022-10-18;634.078;10;634.078
2022-10-19;627.375;10;627.375
2022-10-20;620.875;10;620.875
2022-10-21;614.375;10;614.375
2022-10-22;607.875;10;607.875
2022-10-23;604.625;10;604.625
2022-10-24;601.578;10;601.578
2022-10-25;600.766;10;600.766
2022-10-26;621.687;10;621.687
2022-10-27;628.594;10;628.594
2022-10-28;622.5;10;622.5
2022-10-29;617.625;10;617.625
2022-10-30;611.125;10;611.125
2022-10-31;606.25;10;606.25
2022-11-01;599.953;11;599.953
2022-11-02;596.297;11;596.297
2022-11-03;585.995;11;585.995
2022-11-04;569.167;11;569.167
2022-11-05;567.292;11;567.292
2022-11-06;545.625;11;545.625
2022-11-07;529.375;11;529.375
2022-11-08;510.833;11;510.833
2022-11-09;507.5;11;507.5
2022-11-10;528.333;11;528.333
2022-11-11;545.417;11;545.417
2022-11-12;532.292;11;532.292
2022-11-13;527.917;11;527.917
2022-11-14;521.875;11;521.875
2022-11-15;521.875;11;521.875
2022-11-16;523.125;11;523.125
2022-11-17;521.458;11;521.458
2022-11-18;544.167;11;544.167
2022-11-19;556.458;11;556.458
2022-11-20;559.167;11;559.167
2022-11-21;549.167;11;549.167
2022-11-22;553.542;11;553.542
2022-11-23;566.875;11;566.875
2022-11-24;581.042;11;581.042
2022-11-25;581.042;11;581.042
2022-11-26;564.792;11;564.792
2022-11-27;538.333;11;538.333
2022-11-28;513.958;11;513.958
2022-11-29;524.167;11;524.167
2022-11-30;588.922;11;588.922
2022-12-01;632.25;12;632.25
2022-12-02;632.25;12;632.25
2022-12-03;624.125;12;624.125
2022-12-04;615.391;12;615.391
2022-12-05;595.271;12;595.271
2022-12-06;579.792;12;579.792
2022-12-07;553.958;12;553.958
2022-12-08;512.708;12;512.708
2022-12-09;488.708;12;488.708
2022-12-10;468.063;12;468.063
2022-12-11;458.125;12;458.125
2022-12-12;443.847;12;443.847
2022-12-13;436.422;12;436.422
2022-12-14;447.006;12;447.006
2022-12-15;487.771;12;487.771
2022-12-16;484.136;12;484.136
2022-12-17;431.238;12;431.238
2022-12-18;399.472;12;399.472
2022-12-19;373.213;12;373.213
2022-12-20;356.875;12;356.875
2022-12-21;364.4;12;364.4
2022-12-22;373.675;12;373.675
2022-12-23;372.45;12;372.45
2022-12-24;363.525;12;363.525
2022-12-25;356.7;12;356.7
2022-12-26;337.975;12;337.975
2022-12-27;320.125;12;320.125
2022-12-28;312.6;12;312.6
2022-12-29;307.0;12;307.0
2022-12-30;302.625;12;302.625
2022-12-31;295.975;12;295.975
2023-01-01;291.6;1;291.6
2023-01-02;286.263;1;286.263
2023-01-03;283.638;1;283.638
2023-01-04;279.0;1;279.0
2023-01-05;273.4;1;273.4
2023-01-06;267.8;1;267.8
2023-01-07;267.625;1;267.625
2023-01-08;327.3;1;327.3
2023-01-09;346.025;1;346.025
2023-01-10;352.85;1;352.85
2023-01-11;350.575;1;350.575
2023-01-12;353.2;1;353.2
2023-01-13;353.025;1;353.025
2023-01-14;350.4;1;350.4
2023-01-15;345.325;1;345.325
2023-01-16;301.05;1;301.05
2023-01-17;273.925;1;273.925
2023-01-18;316.975;1;316.975
2023-01-19;347.075;1;347.075
2023-01-20;348.825;1;348.825
2023-01-21;349.175;1;349.175
2023-01-22;351.1;1;351.1
2023-01-23;336.75;1;336.75
2023-01-24;328.0;1;328.0
2023-01-25;325.2;1;325.2
2023-01-26;322.575;1;322.575
2023-01-27;291.408;1;291.408
2023-01-28;238.075;1;238.075
2023-01-29;228.783;1;228.783
2023-01-30;216.683;1;216.683
2023-01-31;214.483;1;214.483
2023-02-01;207.333;2;207.333
2023-02-02;200.367;2;200.367
2023-02-03;199.846;2;199.846
2023-02-04;199.471;2;199.471
2023-02-05;217.6;2;217.6
2023-02-06;211.638;2;211.638
2023-02-07;197.312;2;197.312
2023-02-08;202.2;2;202.2
2023-02-09;215.767;2;215.767
2023-02-10;231.717;2;231.717
2023-02-11;239.783;2;239.783
2023-02-12;237.217;2;237.217
2023-02-13;215.217;2;215.217
2023-02-14;194.742;2;194.742
2023-02-15;196.958;2;196.958
2023-02-16;218.7;2;218.7
2023-02-17;212.467;2;212.467
2023-02-18;215.767;2;215.767
2023-02-19;210.296;2;210.296
2023-02-20;195.0;2;195.0
2023-02-21;180.729;2;180.729
2023-02-22;176.721;2;176.721
2023-02-23;175.333;2;175.333
2023-02-24;172.867;2;172.867
2023-02-25;170.4;2;170.4
2023-02-26;167.933;2;167.933
2023-02-27;165.467;2;165.467
2023-02-28;165.467;2;165.467
2023-03-01;165.467;3;165.467
2023-03-02;164.233;3;164.233
2023-03-03;163.154;3;163.154
2023-03-04;161.605;3;161.605
2023-03-05;158.04;3;158.04
2023-03-06;156.8;3;156.8
2023-03-07;156.8;3;156.8
2023-03-08;155.56;3;155.56
2023-03-09;153.39;3;153.39
2023-03-10;158.348;3;158.348
2023-03-11;168.857;3;168.857
2023-03-12;171.325;3;171.325
2023-03-13;166.7;3;166.7
2023-03-14;160.364;3;160.364
2023-03-15;153.39;3;153.39
2023-03-16;149.205;3;149.205
2023-03-17;156.18;3;156.18
2023-03-18;147.5;3;147.5
2023-03-19;131.965;3;131.965
2023-03-20;126.735;3;126.735
2023-03-21;122.415;3;122.415
2023-03-22;120.12;3;120.12
2023-03-23;120.39;3;120.39
2023-03-24;124.17;3;124.17
2023-03-25;123.36;3;123.36
2023-03-26;119.985;3;119.985
2023-03-27;114.72;3;114.72
2023-03-28;111.48;3;111.48
2023-03-29;110.4;3;110.4
2023-03-30;109.455;3;109.455
2023-03-31;109.32;3;109.32
2023-04-01;110.4;4;110.4
2023-04-02;114.855;4;114.855
2023-04-03;119.985;4;119.985
2023-04-04;120.12;4;120.12
2023-04-05;121.065;4;121.065
2023-04-06;120.255;4;120.255
2023-04-07;120.12;4;120.12
2023-04-08;120.12;4;120.12
2023-04-09;121.065;4;121.065
2023-04-10;121.335;4;121.335
2023-04-11;122.28;4;122.28
2023-04-12;130.55;4;130.55
2023-04-13;146.725;4;146.725
2023-04-14;148.285;4;148.285
2023-04-15;138.27;4;138.27
2023-04-16;155.558;4;155.558
2023-04-17;171.787;4;171.787
2023-04-18;186.125;4;186.125
2023-04-19;193.371;4;193.371
2023-04-20;179.648;4;179.648
2023-04-21;155.093;4;155.093
2023-04-22;152.15;4;152.15
2023-04-23;155.405;4;155.405
2023-04-24;155.56;4;155.56
2023-04-25;155.405;4;155.405
2023-04-26;151.84;4;151.84
2023-04-27;152.305;4;152.305
2023-04-28;162.374;4;162.374
2023-04-29;160.674;4;160.674
2023-04-30;161.754;4;161.754
2023-05-01;160.364;5;160.364
2023-05-02;154.94;5;154.94
2023-05-03;184.35;5;184.35
2023-05-04;237.65;5;237.65
2023-05-05;248.375;5;248.375
2023-05-06;249.775;5;249.775
2023-05-07;248.642;5;248.642
2023-05-08;210.667;5;210.667
2023-05-09;193.246;5;193.246
2023-05-10;192.446;5;192.446
2023-05-11;193.062;5;193.062
2023-05-12;198.15;5;198.15
2023-05-13;194.913;5;194.913
2023-05-14;189.825;5;189.825
2023-05-15;176.567;5;176.567
2023-05-16;176.583;5;176.583
2023-05-17;252.792;5;252.792
2023-05-18;289.325;5;289.325
2023-05-19;294.4;5;294.4
2023-05-20;258.0;5;258.0
2023-05-21;248.725;5;248.725
2023-05-22;255.725;5;255.725
2023-05-23;252.925;5;252.925
2023-05-24;267.8;5;267.8
2023-05-25;302.625;5;302.625
2023-05-26;300.875;5;300.875
2023-05-27;289.5;5;289.5
2023-05-28;289.15;5;289.15
2023-05-29;307.175;5;307.175
2023-05-30;309.8;5;309.8
2023-05-31;370.597;5;370.597
2023-06-01;428.787;6;428.787
2023-06-02;467.678;6;467.678
2023-06-03;453.847;6;453.847
2023-06-04;412.584;6;412.584
2023-06-05;470.427;6;470.427
2023-06-06;468.83;6;468.83
2023-06-07;428.594;6;428.594
2023-06-08;419.428;6;419.428
2023-06-09;481.919;6;481.919
2023-06-10;526.458;6;526.458
2023-06-11;530.625;6;530.625
2023-06-12;508.75;6;508.75
2023-06-13;485.896;6;485.896
2023-06-14;461.125;6;461.125
2023-06-15;459.625;6;459.625
2023-06-16;461.687;6;461.687
2023-06-17;463.937;6;463.937
2023-06-18;475.542;6;475.542
2023-06-19;498.833;6;498.833
2023-06-20;514.437;6;514.437
2023-06-21;501.083;6;501.083
2023-06-22;467.5;6;467.5
2023-06-23;461.688;6;461.688
2023-06-24;442.488;6;442.488
2023-06-25;435.469;6;435.469
2023-06-26;430.322;6;430.322
2023-06-27;438.519;6;438.519
2023-06-28;438.519;6;438.519
2023-06-29;419.838;6;419.838
2023-06-30;413.229;6;413.229
2023-07-01;-999.000;7;476.0
2023-07-02;403.444;7;403.444
2023-07-03;415.262;7;415.262
2023-07-04;415.834;7;415.834
2023-07-05;415.644;7;415.644
2023-07-06;431.847;7;431.847
2023-07-07;437.753;7;437.753
2023-07-08;444.216;7;444.216
2023-07-09;434.325;7;434.325
2023-07-10;420.219;7;420.219
2023-07-11;405.541;7;405.541
2023-07-12;426.319;7;426.319
2023-07-13;447.425;7;447.425
2023-07-14;452.313;7;452.313
2023-07-15;449.5;7;449.5
2023-07-16;443.069;7;443.069
2023-07-17;437.947;7;437.947
2023-07-18;443.662;7;443.662
2023-07-19;453.622;7;453.622
2023-07-20;457.75;7;457.75
2023-07-21;448.937;7;448.937
2023-07-22;455.312;7;455.312
2023-07-23;455.313;7;455.313
2023-07-24;447.806;7;447.806
2023-07-25;439.662;7;439.662
2023-07-26;441.95;7;441.95
2023-07-27;444.994;7;444.994
2023-07-28;453.812;7;453.812
2023-07-29;459.625;7;459.625
2023-07-30;457.0;7;457.0
2023-07-31;454.375;7;454.375
2023-08-01;461.5;8;461.5
2023-08-02;470.5;8;470.5
2023-08-03;481.375;8;481.375
2023-08-04;480.25;8;480.25
2023-08-05;481.188;8;481.188
2023-08-06;479.687;8;479.687
2023-08-07;485.729;8;485.729
2023-08-08;494.375;8;494.375
2023-08-09;490.208;8;490.208
2023-08-10;490.0;8;490.0
2023-08-11;488.896;8;488.896
2023-08-12;491.479;8;491.479
2023-08-13;489.583;8;489.583
2023-08-14;483.25;8;483.25
2023-08-15;489.833;8;489.833
2023-08-16;493.333;8;493.333
2023-08-17;493.333;8;493.333
2023-08-18;493.125;8;493.125
2023-08-19;493.125;8;493.125
2023-08-20;490.208;8;490.208
2023-08-21;490.0;8;490.0
2023-08-22;491.667;8;491.667
2023-08-23;480.792;8;480.792
2023-08-24;472.187;8;472.187
2023-08-25;458.066;8;458.066
2023-08-26;438.509;8;438.509
2023-08-27;447.984;8;447.984
2023-08-28;433.372;8;433.372
2023-08-29;429.941;8;429.941
2023-08-30;431.275;8;431.275
2023-08-31;440.216;8;440.216
2023-09-01;460.937;9;460.937
2023-09-02;466.563;9;466.563
2023-09-03;453.044;9;453.044
2023-09-04;418.119;9;418.119
2023-09-05;401.919;9;401.919
2023-09-06;429.941;9;429.941
2023-09-07;425.175;9;425.175
2023-09-08;398.678;9;398.678
2023-09-09;400.775;9;400.775
2023-09-10;419.838;9;419.838
2023-09-11;398.106;9;398.106
2023-09-12;382.631;9;382.631
2023-09-13;371.925;9;371.925
2023-09-14;372.275;9;372.275
2023-09-15;380.209;9;380.209
2023-09-16;435.078;9;435.078
2023-09-17;448.938;9;448.938
2023-09-18;446.687;9;446.687
2023-09-19;450.625;9;450.625
2023-09-20;446.497;9;446.497
2023-09-21;441.95;9;441.95
2023-09-22;434.706;9;434.706
2023-09-23;407.684;9;407.684
2023-09-24;374.375;9;374.375
2023-09-25;369.825;9;369.825
2023-09-26;390.369;9;390.369
2023-09-27;390.116;9;390.116
2023-09-28;382.616;9;382.616
2023-09-29;378.575;9;378.575
2023-09-30;375.6;9;375.6
2023-10-01;372.8;10;372.8
2023-10-02;371.925;10;371.925
2023-10-03;377.7;10;377.7
2023-10-04;374.725;10;374.725
2023-10-05;378.225;10;378.225
2023-10-06;376.825;10;376.825
2023-10-07;371.575;10;371.575
2023-10-08;370.525;10;370.525
2023-10-09;376.475;10;376.475
2023-10-10;379.528;10;379.528
2023-10-11;395.659;10;395.659
2023-10-12;380.563;10;380.563
2023-10-13;382.262;10;382.262
2023-10-14;400.203;10;400.203
2023-10-15;404.969;10;404.969
2023-10-16;406.684;10;406.684
2023-10-17;401.378;10;401.378
2023-10-18;377.078;10;377.078
2023-10-19;373.675;10;373.675
2023-10-20;368.25;10;368.25
2023-10-21;382.216;10;382.216
2023-10-22;411.45;10;411.45
2023-10-23;416.025;10;416.025
2023-10-24;417.55;10;417.55
2023-10-25;423.078;10;423.078
2023-10-26;413.547;10;413.547
2023-10-27;395.437;10;395.437
2023-10-28;408.019;10;408.019
2023-10-29;385.903;10;385.903
2023-10-30;373.675;10;373.675
2023-10-31;370.875;10;370.875
2023-11-01;361.775;11;361.775
2023-11-02;361.25;11;361.25
2023-11-03;356.0;11;356.0
2023-11-04;375.853;11;375.853
2023-11-05;393.738;11;393.738
2023-11-06;396.581;11;396.581
2023-11-07;413.737;11;413.737
2023-11-08;458.907;11;458.907
2023-11-09;518.208;11;518.208
2023-11-10;564.167;11;564.167
2023-11-11;592.172;11;592.172
2023-11-12;594.458;11;594.458
2023-11-13;578.745;11;578.745
2023-11-14;557.708;11;557.708
2023-11-15;500.25;11;500.25
2023-11-16;468.813;11;468.813
2023-11-17;466.75;11;466.75
2023-11-18;469.937;11;469.937
2023-11-19;483.25;11;483.25
2023-11-20;475.188;11;475.188
2023-11-21;475.771;11;475.771
2023-11-22;499.25;11;499.25
2023-11-23;509.792;11;509.792
2023-11-24;506.458;11;506.458
2023-11-25;500.417;11;500.417
2023-11-26;502.917;11;502.917
2023-11-27;497.938;11;497.938
2023-11-28;481.417;11;481.417
2023-11-29;467.684;11;467.684
2023-11-30;441.356;11;441.356
2023-12-01;424.984;12;424.984
2023-12-02;410.306;12;410.306
2023-12-03;399.441;12;399.441
2023-12-04;387.066;12;387.066
2023-12-05;375.95;12;375.95
2023-12-06;354.425;12;354.425
2023-12-07;351.45;12;351.45
2023-12-08;340.425;12;340.425
2023-12-09;321.0;12;321.0
2023-12-10;304.375;12;304.375
2023-12-11;287.4;12;287.4
2023-12-12;270.6;12;270.6
2023-12-13;265.525;12;265.525
2023-12-14;272.525;12;272.525
2023-12-15;280.05;12;280.05
2023-12-16;261.588;12;261.588
2023-12-17;258.788;12;258.788
2023-12-18;249.158;12;249.158
2023-12-19;232.817;12;232.817
2023-12-20;236.3;12;236.3
2023-12-21;245.217;12;245.217
2023-12-22;274.8;12;274.8
2023-12-23;278.3;12;278.3
2023-12-24;250.817;12;250.817
2023-12-25;213.933;12;213.933
2023-12-26;202.933;12;202.933
2023-12-27;197.592;12;197.592
2023-12-28;194.296;12;194.296
2023-12-29;203.512;12;203.512
2023-12-30;231.817;12;231.817
2023-12-31;244.917;12;244.917
2024-01-01;211.55;1;211.55
2024-01-02;194.788;1;194.788
2024-01-03;184.275;1;184.275
2024-01-04;186.125;1;186.125
2024-01-05;201.979;1;201.979
2024-01-06;205.683;1;205.683
2024-01-07;206.658;1;206.658
2024-01-08;193.179;1;193.179
2024-01-09;181.5;1;181.5
2024-01-10;168.241;1;168.241
2024-01-11;160.365;1;160.365
2024-01-12;158.04;1;158.04
2024-01-13;155.715;1;155.715
2024-01-14;154.475;1;154.475
2024-01-15;151.375;1;151.375
2024-01-16;140.68;1;140.68
2024-01-17;163.887;1;163.887
2024-01-18;183.196;1;183.196
2024-01-19;178.108;1;178.108
2024-01-20;178.262;1;178.262
2024-01-21;175.635;1;175.635
2024-01-22;144.553;1;144.553
2024-01-23;137.27;1;137.27
2024-01-24;139.13;1;139.13
2024-01-25;138.665;1;138.665
2024-01-26;140.68;1;140.68
2024-01-27;142.85;1;142.85
2024-01-28;139.285;1;139.285
2024-01-29;128.88;1;128.88
2024-01-30;113.675;1;113.675
2024-01-31;103.635;1;103.635
2024-02-01;103.5;2;103.5
2024-02-02;104.9;2;104.9
2024-02-03;104.1;2;104.1
2024-02-04;102.935;2;102.935
2024-02-05;104.845;2;104.845
2024-02-06;99.5;2;99.5
2024-02-07;99.6;2;99.6
2024-02-08;102.3;2;102.3
2024-02-09;101.8;2;101.8
2024-02-10;101.9;2;101.9
2024-02-11;100.5;2;100.5
2024-02-12;114.125;2;114.125
2024-02-13;117.355;2;117.355
2024-02-14;103.735;2;103.735
2024-02-15;107.635;2;107.635
2024-02-16;99.568;2;99.568
2024-02-17;91.518;2;91.518
2024-02-18;90.687;2;90.687
2024-02-19;93.797;2;93.797
2024-02-20;95.2;2;95.2
2024-02-21;93.798;2;93.798
2024-02-22;94.182;2;94.182
2024-02-23;102.57;2;102.57
2024-02-24;107.835;2;107.835
2024-02-25;107.16;2;107.16
2024-02-26;105.915;2;105.915
2024-02-27;99.5;2;99.5
2024-02-28;96.8;2;96.8
2024-02-29;103.8;2;103.8
2024-03-01;104.0;3;104.0
2024-03-02;97.098;3;97.098
2024-03-03;102.597;3;102.597
2024-03-04;119.985;3;119.985
2024-03-05;113.37;3;113.37
2024-03-06;119.58;3;119.58
2024-03-07;120.66;3;120.66
2024-03-08;126.06;3;126.06
2024-03-09;124.845;3;124.845
2024-03-10;131.33;3;131.33
2024-03-11;135.065;3;135.065
2024-03-12;125.655;3;125.655
2024-03-13;121.2;3;121.2
2024-03-14;119.04;3;119.04
2024-03-15;114.45;3;114.45
2024-03-16;104.505;3;104.505
2024-03-17;101.9;3;101.9
2024-03-18;102.5;3;102.5
2024-03-19;101.9;3;101.9
2024-03-20;102.5;3;102.5
2024-03-21;104.31;3;104.31
2024-03-22;118.5;3;118.5
2024-03-23;125.52;3;125.52
2024-03-24;138.165;3;138.165
2024-03-25;148.12;3;148.12
2024-03-26;147.5;3;147.5
2024-03-27;140.06;3;140.06
2024-03-28;138.85;3;138.85
2024-03-29;128.53;3;128.53
2024-03-30;132.98;3;132.98
2024-03-31;132.895;3;132.895
2024-04-01;127.14;4;127.14
2024-04-02;129.165;4;129.165
2024-04-03;129.56;4;129.56
2024-04-04;158.656;4;158.656
2024-04-05;174.408;4;174.408
2024-04-06;170.246;4;170.246
2024-04-07;167.933;4;167.933
2024-04-08;163.76;4;163.76
2024-04-09;147.5;4;147.5
2024-04-10;148.735;4;148.735
2024-04-11;177.179;4;177.179
2024-04-12;176.413;4;176.413
2024-04-13;170.554;4;170.554
2024-04-14;168.242;4;168.242
2024-04-15;167.315;4;167.315
2024-04-16;157.109;4;157.109
2024-04-17;156.487;4;156.487
2024-04-18;175.332;4;175.332
2024-04-19;181.192;4;181.192
2024-04-20;200.604;4;200.604
2024-04-21;227.058;4;227.058
2024-04-22;175.933;4;175.933
2024-04-23;164.232;4;164.232
2024-04-24;162.063;4;162.063
2024-04-25;181.346;4;181.346
2024-04-26;176.718;4;176.718
2024-04-27;168.687;4;168.687
2024-04-28;169.01;4;169.01
2024-04-29;159.739;4;159.739
2024-04-30;173.02;4;173.02
2024-05-01;208.533;5;208.533
2024-05-02;270.383;5;270.383
2024-05-03;330.45;5;330.45
2024-05-04;343.4;5;343.4
2024-05-05;334.125;5;334.125
2024-05-06;349.7;5;349.7
2024-05-07;339.55;5;339.55
2024-05-08;336.4;5;336.4
2024-05-09;359.85;5;359.85
2024-05-10;373.85;5;373.85
2024-05-11;354.95;5;354.95
2024-05-12;366.15;5;366.15
2024-05-13;383.934;5;383.934
2024-05-14;360.216;5;360.216
2024-05-15;346.55;5;346.55
2024-05-16;374.375;5;374.375
2024-05-17;376.491;5;376.491
2024-05-18;379.909;5;379.909
2024-05-19;345.85;5;345.85
2024-05-20;319.425;5;319.425
2024-05-21;312.6;5;312.6
2024-05-22;314.875;5;314.875
2024-05-23;318.55;5;318.55
2024-05-24;370.541;5;370.541
2024-05-25;393.372;5;393.372
2024-05-26;431.587;5;431.587
2024-05-27;495.917;5;495.917
2024-05-28;544.375;5;544.375
2024-05-29;545.0;5;545.0
2024-05-30;526.667;5;526.667
2024-05-31;521.042;5;521.042
2024-06-01;547.292;6;547.292
2024-06-02;554.375;6;554.375
2024-06-03;537.5;6;537.5
2024-06-04;532.708;6;532.708
2024-06-05;549.167;6;549.167
2024-06-06;561.875;6;561.875
2024-06-07;569.583;6;569.583
2024-06-08;564.583;6;564.583
2024-06-09;557.708;6;557.708
2024-06-10;604.979;6;604.979
2024-06-11;632.25;6;632.25
2024-06-12;613.969;6;613.969
2024-06-13;591.219;6;591.219
2024-06-14;599.547;6;599.547
2024-06-15;607.469;6;607.469
2024-06-16;598.531;6;598.531
2024-06-17;594.427;6;594.427
2024-06-18;563.734;6;563.734
2024-06-19;557.083;6;557.083
2024-06-20;560.0;6;560.0
2024-06-21;563.125;6;563.125
2024-06-22;561.667;6;561.667
2024-06-23;558.125;6;558.125
2024-06-24;550.0;6;550.0
2024-06-25;541.667;6;541.667
2024-06-26;536.667;6;536.667
2024-06-27;535.625;6;535.625
2024-06-28;544.792;6;544.792
2024-06-29;550.417;6;550.417
2024-06-30;563.333;6;563.333
2024-07-01;577.917;7;577.917
2024-07-02;592.349;7;592.349
2024-07-03;592.234;7;592.234
2024-07-04;589.583;7;589.583
2024-07-05;581.875;7;581.875
2024-07-06;575.208;7;575.208
2024-07-07;573.542;7;573.542
2024-07-08;581.25;7;581.25
2024-07-09;585.417;7;585.417
2024-07-10;588.125;7;588.125
2024-07-11;586.458;7;586.458
2024-07-12;578.333;7;578.333
2024-07-13;570.0;7;570.0
2024-07-14;566.667;7;566.667
2024-07-15;559.792;7;559.792
2024-07-16;546.667;7;546.667
2024-07-17;532.5;7;532.5
2024-07-18;533.125;7;533.125
2024-07-19;541.458;7;541.458
2024-07-20;546.667;7;546.667
2024-07-21;546.667;7;546.667
2024-07-22;546.875;7;546.875
2024-07-23;548.125;7;548.125
2024-07-24;546.458;7;546.458
2024-07-25;545.417;7;545.417
2024-07-26;548.125;7;548.125
2024-07-27;546.875;7;546.875
2024-07-28;549.583;7;549.583
2024-07-29;547.083;7;547.083
2024-07-30;549.792;7;549.792
2024-07-31;550.0;7;550.0
2024-08-01;550.208;8;550.208
2024-08-02;557.083;8;557.083
2024-08-03;569.167;8;569.167
2024-08-04;568.75;8;568.75
2024-08-05;575.0;8;575.0
2024-08-06;579.792;8;579.792
2024-08-07;576.458;8;576.458
2024-08-08;570.417;8;570.417
2024-08-09;571.458;8;571.458
2024-08-10;568.125;8;568.125
2024-08-11;559.583;8;559.583
2024-08-12;544.583;8;544.583
2024-08-13;547.5;8;547.5
2024-08-14;539.792;8;539.792
2024-08-15;526.667;8;526.667
2024-08-16;516.875;8;516.875
2024-08-17;518.125;8;518.125
2024-08-18;538.542;8;538.542
2024-08-19;532.708;8;532.708
2024-08-20;515.625;8;515.625
2024-08-21;506.458;8;506.458
2024-08-22;501.042;8;501.042
2024-08-23;513.75;8;513.75
2024-08-24;507.083;8;507.083
2024-08-25;503.542;8;503.542
2024-08-26;505.625;8;505.625
2024-08-27;521.458;8;521.458
2024-08-28;533.125;8;533.125
2024-08-29;534.375;8;534.375
2024-08-30;522.708;8;522.708
2024-08-31;504.375;8;504.375
2024-09-01;508.958;9;508.958
2024-09-02;522.5;9;522.5
2024-09-03;518.125;9;518.125
2024-09-04;508.333;9;508.333
2024-09-05;503.958;9;503.958
2024-09-06;511.667;9;511.667
2024-09-07;516.458;9;516.458
2024-09-08;516.667;9;516.667
2024-09-09;516.458;9;516.458
2024-09-10;513.542;9;513.542
2024-09-11;511.458;9;511.458
2024-09-12;506.667;9;506.667
2024-09-13;501.875;9;501.875
2024-09-14;498.125;9;498.125
2024-09-15;493.333;9;493.333
2024-09-16;490.208;9;490.208
2024-09-17;490.0;9;490.0
2024-09-18;490.0;9;490.0
2024-09-19;490.0;9;490.0
2024-09-20;486.813;9;486.813
2024-09-21;484.792;9;484.792
2024-09-22;483.904;9;483.904
2024-09-23;426.094;9;426.094
2024-09-24;402.3;9;402.3
2024-09-25;390.672;9;390.672
2024-09-26;422.884;9;422.884
2024-09-27;444.216;9;444.216
2024-09-28;432.572;9;432.572
2024-09-29;475.362;9;475.362
2024-09-30;468.616;9;468.616
2024-10-01;430.878;10;430.878
2024-10-02;417.359;10;417.359
2024-10-03;424.413;10;424.413
2024-10-04;428.025;10;428.025
2024-10-05;442.838;10;442.838
2024-10-06;421.744;10;421.744
2024-10-07;428.581;10;428.581
2024-10-08;468.234;10;468.234
2024-10-09;473.125;10;473.125
2024-10-10;467.5;10;467.5
2024-10-11;463.562;10;463.562
2024-10-12;469.75;10;469.75
2024-10-13;466.188;10;466.188
2024-10-14;457.75;10;457.75
2024-10-15;459.625;10;459.625
2024-10-16;463.0;10;463.0
2024-10-17;466.0;10;466.0
2024-10-18;469.0;10;469.0
2024-10-19;470.125;10;470.125
2024-10-20;464.875;10;464.875
2024-10-21;465.625;10;465.625
2024-10-22;463.0;10;463.0
2024-10-23;461.875;10;461.875
2024-10-24;464.5;10;464.5
2024-10-25;464.5;10;464.5
2024-10-26;465.625;10;465.625
2024-10-27;464.875;10;464.875
2024-10-28;468.812;10;468.812
2024-10-29;469.0;10;469.0
2024-10-30;469.0;10;469.0
2024-10-31;473.146;10;473.146
2024-11-01;495.521;11;495.521
2024-11-02;500.208;11;500.208
2024-11-03;501.25;11;501.25
2024-11-04;499.375;11;499.375
2024-11-05;510.417;11;510.417
2024-11-06;500.208;11;500.208
2024-11-07;493.542;11;493.542
2024-11-08;491.292;11;491.292
2024-11-09;484.188;11;484.188
2024-11-10;477.438;11;477.438
2024-11-11;452.653;11;452.653
2024-11-12;433.181;11;433.181
2024-11-13;426.509;11;426.509
2024-11-14;417.741;11;417.741
2024-11-15;414.309;11;414.309
2024-11-16;408.591;11;408.591
2024-11-17;403.063;11;403.063
2024-11-18;388.272;11;388.272
2024-11-19;368.106;11;368.106
2024-11-20;358.975;11;358.975
2024-11-21;356.088;11;356.088
2024-11-22;355.387;11;355.387
2024-11-23;354.425;11;354.425
2024-11-24;350.575;11;350.575
2024-11-25;351.625;11;351.625
2024-11-26;350.4;11;350.4
2024-11-27;344.625;11;344.625
2024-11-28;335.35;11;335.35
2024-11-29;333.425;11;333.425
2024-11-30;340.075;11;340.075
2024-12-01;355.3;12;355.3
2024-12-02;333.775;12;333.775
2024-12-03;303.5;12;303.5
2024-12-04;266.925;12;266.925
2024-12-05;270.25;12;270.25
2024-12-06;295.1;12;295.1
2024-12-07;323.975;12;323.975
2024-12-08;290.2;12;290.2
2024-12-09;277.775;12;277.775
2024-12-10;271.125;12;271.125
2024-12-11;270.6;12;270.6
2024-12-12;250.083;12;250.083
2024-12-13;242.308;12;242.308
2024-12-14;261.15;12;261.15
2024-12-15;250.975;12;250.975
2024-12-16;242.95;12;242.95
2024-12-17;259.183;12;259.183
2024-12-18;229.292;12;229.292
2024-12-19;223.65;12;223.65
2024-12-20;224.933;12;224.933
2024-12-21;222.0;12;222.0
2024-12-22;215.95;12;215.95
2024-12-23;209.167;12;209.167
2024-12-24;208.8;12;208.8
2024-12-25;208.617;12;208.617
2024-12-26;205.867;12;205.867
2024-12-27;203.117;12;203.117
2024-12-28;204.4;12;204.4
2024-12-29;205.867;12;205.867
2024-12-30;205.867;12;205.867
2024-12-31;205.683;12;205.683
