YYYY-MM-DD;Value;month;Value_imputed
1964-05-01;17.66;5;17.66
1964-05-02;17.15;5;17.15
1964-05-03;18.13;5;18.13
1964-05-04;15.62;5;15.62
1964-05-05;16.94;5;16.94
1964-05-06;16.99;5;16.99
1964-05-07;15.7;5;15.7
1964-05-08;15.15;5;15.15
1964-05-09;16.5;5;16.5
1964-05-10;19.78;5;19.78
1964-05-11;16.91;5;16.91
1964-05-12;15.78;5;15.78
1964-05-13;27.15;5;27.15
1964-05-14;30.63;5;30.63
1964-05-15;24.71;5;24.71
1964-05-16;19.24;5;19.24
1964-05-17;16.66;5;16.66
1964-05-18;25.68;5;25.68
1964-05-19;25.15;5;25.15
1964-05-20;20.79;5;20.79
1964-05-21;17.41;5;17.41
1964-05-22;16.99;5;16.99
1964-05-23;20.9;5;20.9
1964-05-24;20.97;5;20.97
1964-05-25;27.8;5;27.8
1964-05-26;18.0;5;18.0
1964-05-27;16.1;5;16.1
1964-05-28;17.41;5;17.41
1964-05-29;16.1;5;16.1
1964-05-30;16.82;5;16.82
1964-05-31;19.43;5;19.43
1964-06-01;16.98;6;16.98
1964-06-02;20.46;6;20.46
1964-06-03;20.71;6;20.71
1964-06-04;25.46;6;25.46
1964-06-05;24.71;6;24.71
1964-06-06;24.22;6;24.22
1964-06-07;24.23;6;24.23
1964-06-08;19.23;6;19.23
1964-06-09;19.95;6;19.95
1964-06-10;21.54;6;21.54
1964-06-11;19.5;6;19.5
1964-06-12;18.78;6;18.78
1964-06-13;17.92;6;17.92
1964-06-14;16.98;6;16.98
1964-06-15;20.97;6;20.97
1964-06-16;18.87;6;18.87
1964-06-17;17.41;6;17.41
1964-06-18;22.11;6;22.11
1964-06-19;30.84;6;30.84
1964-06-20;26.83;6;26.83
1964-06-21;30.96;6;30.96
1964-06-22;31.92;6;31.92
1964-06-23;28.6;6;28.6
1964-06-24;26.0;6;26.0
1964-06-25;20.59;6;20.59
1964-06-26;21.16;6;21.16
1964-06-27;24.53;6;24.53
1964-06-28;22.3;6;22.3
1964-06-29;18.78;6;18.78
1964-06-30;22.58;6;22.58
1964-07-01;21.73;7;21.73
1964-07-02;18.18;7;18.18
1964-07-03;19.45;7;19.45
1964-07-04;31.32;7;31.32
1964-07-05;29.91;7;29.91
1964-07-06;18.87;7;18.87
1964-07-07;18.97;7;18.97
1964-07-08;19.86;7;19.86
1964-07-09;27.07;7;27.07
1964-07-10;31.81;7;31.81
1964-07-11;31.57;7;31.57
1964-07-12;25.96;7;25.96
1964-07-13;28.91;7;28.91
1964-07-14;28.58;7;28.58
1964-07-15;23.48;7;23.48
1964-07-16;19.5;7;19.5
1964-07-17;18.6;7;18.6
1964-07-18;18.18;7;18.18
1964-07-19;18.35;7;18.35
1964-07-20;19.05;7;19.05
1964-07-21;17.66;7;17.66
1964-07-22;17.26;7;17.26
1964-07-23;18.43;7;18.43
1964-07-24;19.32;7;19.32
1964-07-25;19.32;7;19.32
1964-07-26;17.52;7;17.52
1964-07-27;20.01;7;20.01
1964-07-28;32.88;7;32.88
1964-07-29;37.27;7;37.27
1964-07-30;18.35;7;18.35
1964-07-31;17.49;7;17.49
1964-08-01;24.15;8;24.15
1964-08-02;24.61;8;24.61
1964-08-03;32.21;8;32.21
1964-08-04;35.46;8;35.46
1964-08-05;30.71;8;30.71
1964-08-06;35.99;8;35.99
1964-08-07;33.72;8;33.72
1964-08-08;36.51;8;36.51
1964-08-09;30.93;8;30.93
1964-08-10;26.11;8;26.11
1964-08-11;42.35;8;42.35
1964-08-12;58.7;8;58.7
1964-08-13;71.54;8;71.54
1964-08-14;52.87;8;52.87
1964-08-15;59.49;8;59.49
1964-08-16;48.63;8;48.63
1964-08-17;49.85;8;49.85
1964-08-18;46.39;8;46.39
1964-08-19;43.7;8;43.7
1964-08-20;42.53;8;42.53
1964-08-21;47.55;8;47.55
1964-08-22;46.53;8;46.53
1964-08-23;47.84;8;47.84
1964-08-24;51.93;8;51.93
1964-08-25;40.99;8;40.99
1964-08-26;40.6;8;40.6
1964-08-27;40.73;8;40.73
1964-08-28;34.23;8;34.23
1964-08-29;29.15;8;29.15
1964-08-30;27.25;8;27.25
1964-08-31;21.56;8;21.56
1964-09-01;19.17;9;19.17
1964-09-02;19.73;9;19.73
1964-09-03;36.71;9;36.71
1964-09-04;48.04;9;48.04
1964-09-05;24.51;9;24.51
1964-09-06;22.68;9;22.68
1964-09-07;21.82;9;21.82
1964-09-08;23.44;9;23.44
1964-09-09;22.96;9;22.96
1964-09-10;21.54;9;21.54
1964-09-11;18.8;9;18.8
1964-09-12;18.09;9;18.09
1964-09-13;26.67;9;26.67
1964-09-14;30.2;9;30.2
1964-09-15;20.61;9;20.61
1964-09-16;20.04;9;20.04
1964-09-17;18.18;9;18.18
1964-09-18;17.94;9;17.94
1964-09-19;23.11;9;23.11
1964-09-20;22.49;9;22.49
1964-09-21;17.34;9;17.34
1964-09-22;19.93;9;19.93
1964-09-23;18.89;9;18.89
1964-09-24;18.62;9;18.62
1964-09-25;34.36;9;34.36
1964-09-26;33.45;9;33.45
1964-09-27;20.49;9;20.49
1964-09-28;18.71;9;18.71
1964-09-29;18.63;9;18.63
1964-09-30;17.66;9;17.66
1964-10-01;18.54;10;18.54
1964-10-02;17.66;10;17.66
1964-10-03;20.36;10;20.36
1964-10-04;23.97;10;23.97
1964-10-05;31.83;10;31.83
1964-10-06;57.44;10;57.44
1964-10-07;55.57;10;55.57
1964-10-08;51.17;10;51.17
1964-10-09;40.47;10;40.47
1964-10-10;37.82;10;37.82
1964-10-11;29.1;10;29.1
1964-10-12;25.1;10;25.1
1964-10-13;22.2;10;22.2
1964-10-14;20.5;10;20.5
1964-10-15;18.27;10;18.27
1964-10-16;16.18;10;16.18
1964-10-17;21.56;10;21.56
1964-10-18;41.94;10;41.94
1964-10-19;75.78;10;75.78
1964-10-20;69.44;10;69.44
1964-10-21;44.36;10;44.36
1964-10-22;19.41;10;19.41
1964-10-23;19.68;10;19.68
1964-10-24;17.0;10;17.0
1964-10-25;16.03;10;16.03
1964-10-26;16.03;10;16.03
1964-10-27;16.93;10;16.93
1964-10-28;15.39;10;15.39
1964-10-29;41.31;10;41.31
1964-10-30;38.65;10;38.65
1964-10-31;26.03;10;26.03
1964-11-01;22.11;11;22.11
1964-11-02;19.59;11;19.59
1964-11-03;24.03;11;24.03
1964-11-04;19.37;11;19.37
1964-11-05;22.98;11;22.98
1964-11-06;38.13;11;38.13
1964-11-07;35.54;11;35.54
1964-11-08;22.07;11;22.07
1964-11-09;14.47;11;14.47
1964-11-10;15.01;11;15.01
1964-11-11;17.08;11;17.08
1964-11-12;21.92;11;21.92
1964-11-13;26.44;11;26.44
1964-11-14;17.99;11;17.99
1964-11-15;14.77;11;14.77
1964-11-16;16.29;11;16.29
1964-11-17;23.02;11;23.02
1964-11-18;32.11;11;32.11
1964-11-19;31.12;11;31.12
1964-11-20;29.0;11;29.0
1964-11-21;21.58;11;21.58
1964-11-22;14.63;11;14.63
1964-11-23;19.97;11;19.97
1964-11-24;17.74;11;17.74
1964-11-25;14.86;11;14.86
1964-11-26;14.47;11;14.47
1964-11-27;17.44;11;17.44
1964-11-28;20.82;11;20.82
1964-11-29;24.26;11;24.26
1964-11-30;26.25;11;26.25
1964-12-01;21.73;12;21.73
1964-12-02;16.3;12;16.3
1964-12-03;13.35;12;13.35
1964-12-04;18.39;12;18.39
1964-12-05;46.36;12;46.36
1964-12-06;45.66;12;45.66
1964-12-07;29.56;12;29.56
1964-12-08;18.01;12;18.01
1964-12-09;13.87;12;13.87
1964-12-10;24.2;12;24.2
1964-12-11;21.78;12;21.78
1964-12-12;28.44;12;28.44
1964-12-13;23.64;12;23.64
1964-12-14;14.1;12;14.1
1964-12-15;26.46;12;26.46
1964-12-16;16.53;12;16.53
1964-12-17;29.95;12;29.95
1964-12-18;70.15;12;70.15
1964-12-19;46.0;12;46.0
1964-12-20;35.64;12;35.64
1964-12-21;40.69;12;40.69
1964-12-22;34.32;12;34.32
1964-12-23;38.52;12;38.52
1964-12-24;32.57;12;32.57
1964-12-25;15.11;12;15.11
1964-12-26;52.86;12;52.86
1964-12-27;44.05;12;44.05
1964-12-28;52.86;12;52.86
1964-12-29;55.78;12;55.78
1964-12-30;32.28;12;32.28
1964-12-31;18.6;12;18.6
1965-01-01;12.75;1;12.75
1965-01-02;12.68;1;12.68
1965-01-03;21.43;1;21.43
1965-01-04;21.78;1;21.78
1965-01-05;19.24;1;19.24
1965-01-06;16.66;1;16.66
1965-01-07;15.15;1;15.15
1965-01-08;13.87;1;13.87
1965-01-09;12.61;1;12.61
1965-01-10;13.35;1;13.35
1965-01-11;13.35;1;13.35
1965-01-12;17.93;1;17.93
1965-01-13;18.37;1;18.37
1965-01-14;19.96;1;19.96
1965-01-15;23.63;1;23.63
1965-01-16;19.15;1;19.15
1965-01-17;16.85;1;16.85
1965-01-18;12.75;1;12.75
1965-01-19;42.62;1;42.62
1965-01-20;42.6;1;42.6
1965-01-21;32.34;1;32.34
1965-01-22;48.42;1;48.42
1965-01-23;25.6;1;25.6
1965-01-24;25.61;1;25.61
1965-01-25;50.59;1;50.59
1965-01-26;26.68;1;26.68
1965-01-27;39.48;1;39.48
1965-01-28;17.49;1;17.49
1965-01-29;22.08;1;22.08
1965-01-30;17.29;1;17.29
1965-01-31;16.87;1;16.87
1965-02-01;16.45;2;16.45
1965-02-02;16.85;2;16.85
1965-02-03;13.87;2;13.87
1965-02-04;20.01;2;20.01
1965-02-05;32.21;2;32.21
1965-02-06;67.52;2;67.52
1965-02-07;52.86;2;52.86
1965-02-08;45.95;2;45.95
1965-02-09;40.86;2;40.86
1965-02-10;36.58;2;36.58
1965-02-11;39.17;2;39.17
1965-02-12;44.5;2;44.5
1965-02-13;34.1;2;34.1
1965-02-14;24.28;2;24.28
1965-02-15;16.43;2;16.43
1965-02-16;15.67;2;15.67
1965-02-17;18.35;2;18.35
1965-02-18;16.85;2;16.85
1965-02-19;17.11;2;17.11
1965-02-20;13.35;2;13.35
1965-02-21;20.97;2;20.97
1965-02-22;17.92;2;17.92
1965-02-23;19.43;2;19.43
1965-02-24;23.16;2;23.16
1965-02-25;78.82;2;78.82
1965-02-26;56.68;2;56.68
1965-02-27;42.5;2;42.5
1965-02-28;37.22;2;37.22
1965-03-01;44.79;3;44.79
1965-03-02;32.8;3;32.8
1965-03-03;23.34;3;23.34
1965-03-04;14.87;3;14.87
1965-03-05;14.77;3;14.77
1965-03-06;16.9;3;16.9
1965-03-07;18.35;3;18.35
1965-03-08;24.24;3;24.24
1965-03-09;24.05;3;24.05
1965-03-10;20.5;3;20.5
1965-03-11;20.97;3;20.97
1965-03-12;21.07;3;21.07
1965-03-13;13.05;3;13.05
1965-03-14;14.77;3;14.77
1965-03-15;14.17;3;14.17
1965-03-16;16.38;3;16.38
1965-03-17;17.75;3;17.75
1965-03-18;13.87;3;13.87
1965-03-19;12.1;3;12.1
1965-03-20;13.42;3;13.42
1965-03-21;12.52;3;12.52
1965-03-22;12.9;3;12.9
1965-03-23;12.67;3;12.67
1965-03-24;16.34;3;16.34
1965-03-25;15.79;3;15.79
1965-03-26;16.5;3;16.5
1965-03-27;17.09;3;17.09
1965-03-28;18.3;3;18.3
1965-03-29;17.58;3;17.58
1965-03-30;14.32;3;14.32
1965-03-31;15.71;3;15.71
1965-04-01;17.09;4;17.09
1965-04-02;18.09;4;18.09
1965-04-03;15.3;4;15.3
1965-04-04;15.04;4;15.04
1965-04-05;17.49;4;17.49
1965-04-06;17.69;4;17.69
1965-04-07;23.63;4;23.63
1965-04-08;18.14;4;18.14
1965-04-09;16.58;4;16.58
1965-04-10;17.32;4;17.32
1965-04-11;19.72;4;19.72
1965-04-12;17.08;4;17.08
1965-04-13;17.49;4;17.49
1965-04-14;20.86;4;20.86
1965-04-15;22.49;4;22.49
1965-04-16;21.92;4;21.92
1965-04-17;30.85;4;30.85
1965-04-18;27.29;4;27.29
1965-04-19;19.23;4;19.23
1965-04-20;41.07;4;41.07
1965-04-21;57.38;4;57.38
1965-04-22;57.35;4;57.35
1965-04-23;45.27;4;45.27
1965-04-24;36.86;4;36.86
1965-04-25;34.49;4;34.49
1965-04-26;23.15;4;23.15
1965-04-27;20.51;4;20.51
1965-04-28;19.07;4;19.07
1965-04-29;20.86;4;20.86
1965-04-30;46.68;4;46.68
1965-05-01;48.24;5;48.24
1965-05-02;46.68;5;46.68
1965-05-03;54.07;5;54.07
1965-05-04;53.61;5;53.61
1965-05-05;37.25;5;37.25
1965-05-06;37.09;5;37.09
1965-05-07;25.64;5;25.64
1965-05-08;27.46;5;27.46
1965-05-09;29.1;5;29.1
1965-05-10;44.08;5;44.08
1965-05-11;44.4;5;44.4
1965-05-12;38.52;5;38.52
1965-05-13;47.1;5;47.1
1965-05-14;49.58;5;49.58
1965-05-15;44.84;5;44.84
1965-05-16;39.04;5;39.04
1965-05-17;37.74;5;37.74
1965-05-18;36.44;5;36.44
1965-05-19;28.79;5;28.79
1965-05-20;27.88;5;27.88
1965-05-21;28.12;5;28.12
1965-05-22;25.65;5;25.65
1965-05-23;23.66;5;23.66
1965-05-24;17.25;5;17.25
1965-05-25;30.63;5;30.63
1965-05-26;31.32;5;31.32
1965-05-27;29.68;5;29.68
1965-05-28;29.57;5;29.57
1965-05-29;26.62;5;26.62
1965-05-30;25.36;5;25.36
1965-05-31;26.57;5;26.57
1965-06-01;28.56;6;28.56
1965-06-02;27.14;6;27.14
1965-06-03;24.61;6;24.61
1965-06-04;24.21;6;24.21
1965-06-05;20.41;6;20.41
1965-06-06;16.83;6;16.83
1965-06-07;15.63;6;15.63
1965-06-08;21.26;6;21.26
1965-06-09;44.99;6;44.99
1965-06-10;24.65;6;24.65
1965-06-11;20.02;6;20.02
1965-06-12;21.26;6;21.26
1965-06-13;20.79;6;20.79
1965-06-14;15.63;6;15.63
1965-06-15;15.15;6;15.15
1965-06-16;34.64;6;34.64
1965-06-17;50.36;6;50.36
1965-06-18;46.1;6;46.1
1965-06-19;41.15;6;41.15
1965-06-20;34.31;6;34.31
1965-06-21;44.77;6;44.77
1965-06-22;34.7;6;34.7
1965-06-23;34.32;6;34.32
1965-06-24;36.63;6;36.63
1965-06-25;31.08;6;31.08
1965-06-26;25.61;6;25.61
1965-06-27;23.89;6;23.89
1965-06-28;20.59;6;20.59
1965-06-29;18.1;6;18.1
1965-06-30;17.11;6;17.11
1965-07-01;15.94;7;15.94
1965-07-02;18.71;7;18.71
1965-07-03;18.69;7;18.69
1965-07-04;36.7;7;36.7
1965-07-05;34.44;7;34.44
1965-07-06;20.97;7;20.97
1965-07-07;26.41;7;26.41
1965-07-08;37.3;7;37.3
1965-07-09;29.04;7;29.04
1965-07-10;22.01;7;22.01
1965-07-11;18.87;7;18.87
1965-07-12;14.11;7;14.11
1965-07-13;13.35;7;13.35
1965-07-14;25.07;7;25.07
1965-07-15;19.58;7;19.58
1965-07-16;16.85;7;16.85
1965-07-17;15.02;7;15.02
1965-07-18;54.31;7;54.31
1965-07-19;45.23;7;45.23
1965-07-20;25.61;7;25.61
1965-07-21;44.21;7;44.21
1965-07-22;33.12;7;33.12
1965-07-23;26.52;7;26.52
1965-07-24;22.87;7;22.87
1965-07-25;17.29;7;17.29
1965-07-26;25.61;7;25.61
1965-07-27;25.8;7;25.8
1965-07-28;20.14;7;20.14
1965-07-29;20.4;7;20.4
1965-07-30;20.59;7;20.59
1965-07-31;19.01;7;19.01
1965-08-01;19.87;8;19.87
1965-08-02;19.23;8;19.23
1965-08-03;16.43;8;16.43
1965-08-04;15.08;8;15.08
1965-08-05;21.73;8;21.73
1965-08-06;19.77;8;19.77
1965-08-07;63.13;8;63.13
1965-08-08;54.31;8;54.31
1965-08-09;38.13;8;38.13
1965-08-10;25.36;8;25.36
1965-08-11;20.41;8;20.41
1965-08-12;18.96;8;18.96
1965-08-13;20.41;8;20.41
1965-08-14;20.59;8;20.59
1965-08-15;14.32;8;14.32
1965-08-16;21.69;8;21.69
1965-08-17;61.94;8;61.94
1965-08-18;49.95;8;49.95
1965-08-19;44.6;8;44.6
1965-08-20;38.26;8;38.26
1965-08-21;25.61;8;25.61
1965-08-22;22.88;8;22.88
1965-08-23;18.78;8;18.78
1965-08-24;16.02;8;16.02
1965-08-25;18.27;8;18.27
1965-08-26;19.15;8;19.15
1965-08-27;23.0;8;23.0
1965-08-28;15.62;8;15.62
1965-08-29;12.9;8;12.9
1965-08-30;18.1;8;18.1
1965-08-31;20.59;8;20.59
1965-09-01;17.83;9;17.83
1965-09-02;17.07;9;17.07
1965-09-03;24.02;9;24.02
1965-09-04;20.05;9;20.05
1965-09-05;16.67;9;16.67
1965-09-06;16.43;9;16.43
1965-09-07;18.01;9;18.01
1965-09-08;15.01;9;15.01
1965-09-09;17.55;9;17.55
1965-09-10;20.78;9;20.78
1965-09-11;16.96;9;16.96
1965-09-12;17.25;9;17.25
1965-09-13;22.87;9;22.87
1965-09-14;19.46;9;19.46
1965-09-15;18.46;9;18.46
1965-09-16;14.86;9;14.86
1965-09-17;12.82;9;12.82
1965-09-18;12.25;9;12.25
1965-09-19;21.73;9;21.73
1965-09-20;17.58;9;17.58
1965-09-21;19.23;9;19.23
1965-09-22;16.34;9;16.34
1965-09-23;14.4;9;14.4
1965-09-24;12.04;9;12.04
1965-09-25;13.72;9;13.72
1965-09-26;15.0;9;15.0
1965-09-27;12.27;9;12.27
1965-09-28;11.54;9;11.54
1965-09-29;15.87;9;15.87
1965-09-30;15.12;9;15.12
1965-10-01;13.95;10;13.95
1965-10-02;13.38;10;13.38
1965-10-03;13.38;10;13.38
1965-10-04;12.82;10;12.82
1965-10-05;13.27;10;13.27
1965-10-06;16.47;10;16.47
1965-10-07;18.96;10;18.96
1965-10-08;14.1;10;14.1
1965-10-09;14.58;10;14.58
1965-10-10;15.12;10;15.12
1965-10-11;12.33;10;12.33
1965-10-12;13.42;10;13.42
1965-10-13;14.16;10;14.16
1965-10-14;14.82;10;14.82
1965-10-15;15.87;10;15.87
1965-10-16;16.5;10;16.5
1965-10-17;17.35;10;17.35
1965-10-18;35.88;10;35.88
1965-10-19;35.71;10;35.71
1965-10-20;23.66;10;23.66
1965-10-21;19.14;10;19.14
1965-10-22;15.62;10;15.62
1965-10-23;29.66;10;29.66
1965-10-24;26.77;10;26.77
1965-10-25;47.3;10;47.3
1965-10-26;20.79;10;20.79
1965-10-27;16.66;10;16.66
1965-10-28;16.49;10;16.49
1965-10-29;13.2;10;13.2
1965-10-30;12.48;10;12.48
1965-10-31;14.1;10;14.1
1965-11-01;16.58;11;16.58
1965-11-02;23.15;11;23.15
1965-11-03;16.58;11;16.58
1965-11-04;37.57;11;37.57
1965-11-05;19.58;11;19.58
1965-11-06;31.53;11;31.53
1965-11-07;30.68;11;30.68
1965-11-08;16.99;11;16.99
1965-11-09;47.55;11;47.55
1965-11-10;20.86;11;20.86
1965-11-11;15.87;11;15.87
1965-11-12;27.27;11;27.27
1965-11-13;44.58;11;44.58
1965-11-14;26.63;11;26.63
1965-11-15;31.44;11;31.44
1965-11-16;45.01;11;45.01
1965-11-17;52.75;11;52.75
1965-11-18;40.18;11;40.18
1965-11-19;35.59;11;35.59
1965-11-20;57.75;11;57.75
1965-11-21;43.3;11;43.3
1965-11-22;38.69;11;38.69
1965-11-23;47.92;11;47.92
1965-11-24;26.77;11;26.77
1965-11-25;43.43;11;43.43
1965-11-26;45.27;11;45.27
1965-11-27;60.72;11;60.72
1965-11-28;49.79;11;49.79
1965-11-29;36.84;11;36.84
1965-11-30;46.39;11;46.39
1965-12-01;40.73;12;40.73
1965-12-02;24.81;12;24.81
1965-12-03;19.97;12;19.97
1965-12-04;28.42;12;28.42
1965-12-05;27.26;12;27.26
1965-12-06;26.17;12;26.17
1965-12-07;34.37;12;34.37
1965-12-08;38.91;12;38.91
1965-12-09;26.0;12;26.0
1965-12-10;49.29;12;49.29
1965-12-11;20.93;12;20.93
1965-12-12;27.89;12;27.89
1965-12-13;22.01;12;22.01
1965-12-14;18.66;12;18.66
1965-12-15;27.47;12;27.47
1965-12-16;26.1;12;26.1
1965-12-17;25.45;12;25.45
1965-12-18;24.7;12;24.7
1965-12-19;20.61;12;20.61
1965-12-20;22.49;12;22.49
1965-12-21;23.77;12;23.77
1965-12-22;20.88;12;20.88
1965-12-23;18.8;12;18.8
1965-12-24;39.37;12;39.37
1965-12-25;30.6;12;30.6
1965-12-26;19.68;12;19.68
1965-12-27;20.79;12;20.79
1965-12-28;20.87;12;20.87
1965-12-29;20.42;12;20.42
1965-12-30;20.79;12;20.79
1965-12-31;20.79;12;20.79
1966-01-01;22.2;1;22.2
1966-01-02;23.3;1;23.3
1966-01-03;21.9;1;21.9
1966-01-04;17.9;1;17.9
1966-01-05;17.2;1;17.2
1966-01-06;17.9;1;17.9
1966-01-07;23.3;1;23.3
1966-01-08;18.8;1;18.8
1966-01-09;17.8;1;17.8
1966-01-10;18.8;1;18.8
1966-01-11;16.2;1;16.2
1966-01-12;13.2;1;13.2
1966-01-13;13.5;1;13.5
1966-01-14;16.2;1;16.2
1966-01-15;12.8;1;12.8
1966-01-16;14.3;1;14.3
1966-01-17;18.6;1;18.6
1966-01-18;18.4;1;18.4
1966-01-19;22.2;1;22.2
1966-01-20;19.9;1;19.9
1966-01-21;17.5;1;17.5
1966-01-22;13.1;1;13.1
1966-01-23;15.6;1;15.6
1966-01-24;18.6;1;18.6
1966-01-25;15.6;1;15.6
1966-01-26;23.2;1;23.2
1966-01-27;17.4;1;17.4
1966-01-28;16.9;1;16.9
1966-01-29;14.4;1;14.4
1966-01-30;18.5;1;18.5
1966-01-31;14.1;1;14.1
1966-02-01;10.9;2;10.9
1966-02-02;19.7;2;19.7
1966-02-03;15.5;2;15.5
1966-02-04;12.9;2;12.9
1966-02-05;14.2;2;14.2
1966-02-06;18.4;2;18.4
1966-02-07;14.5;2;14.5
1966-02-08;17.2;2;17.2
1966-02-09;22.7;2;22.7
1966-02-10;21.6;2;21.6
1966-02-11;19.5;2;19.5
1966-02-12;15.4;2;15.4
1966-02-13;14.2;2;14.2
1966-02-14;15.9;2;15.9
1966-02-15;14.1;2;14.1
1966-02-16;13.7;2;13.7
1966-02-17;13.8;2;13.8
1966-02-18;18.2;2;18.2
1966-02-19;13.5;2;13.5
1966-02-20;12.4;2;12.4
1966-02-21;15.7;2;15.7
1966-02-22;12.4;2;12.4
1966-02-23;12.5;2;12.5
1966-02-24;12.6;2;12.6
1966-02-25;15.6;2;15.6
1966-02-26;17.5;2;17.5
1966-02-27;16.8;2;16.8
1966-02-28;13.7;2;13.7
1966-03-01;13.9;3;13.9
1966-03-02;14.0;3;14.0
1966-03-03;13.9;3;13.9
1966-03-04;14.6;3;14.6
1966-03-05;12.8;3;12.8
1966-03-06;15.9;3;15.9
1966-03-07;17.6;3;17.6
1966-03-08;16.4;3;16.4
1966-03-09;21.7;3;21.7
1966-03-10;50.1;3;50.1
1966-03-11;26.3;3;26.3
1966-03-12;29.5;3;29.5
1966-03-13;23.7;3;23.7
1966-03-14;50.0;3;50.0
1966-03-15;36.6;3;36.6
1966-03-16;16.9;3;16.9
1966-03-17;21.9;3;21.9
1966-03-18;19.6;3;19.6
1966-03-19;20.0;3;20.0
1966-03-20;24.8;3;24.8
1966-03-21;24.7;3;24.7
1966-03-22;33.6;3;33.6
1966-03-23;21.2;3;21.2
1966-03-24;18.9;3;18.9
1966-03-25;40.3;3;40.3
1966-03-26;25.2;3;25.2
1966-03-27;21.2;3;21.2
1966-03-28;19.8;3;19.8
1966-03-29;39.5;3;39.5
1966-03-30;19.8;3;19.8
1966-03-31;18.3;3;18.3
1966-04-01;25.3;4;25.3
1966-04-02;22.4;4;22.4
1966-04-03;46.2;4;46.2
1966-04-04;34.6;4;34.6
1966-04-05;33.2;4;33.2
1966-04-06;15.0;4;15.0
1966-04-07;14.7;4;14.7
1966-04-08;17.7;4;17.7
1966-04-09;15.7;4;15.7
1966-04-10;56.0;4;56.0
1966-04-11;23.1;4;23.1
1966-04-12;17.3;4;17.3
1966-04-13;16.0;4;16.0
1966-04-14;18.5;4;18.5
1966-04-15;22.0;4;22.0
1966-04-16;21.4;4;21.4
1966-04-17;16.9;4;16.9
1966-04-18;20.7;4;20.7
1966-04-19;29.1;4;29.1
1966-04-20;24.3;4;24.3
1966-04-21;23.2;4;23.2
1966-04-22;21.9;4;21.9
1966-04-23;21.4;4;21.4
1966-04-24;24.2;4;24.2
1966-04-25;19.3;4;19.3
1966-04-26;17.2;4;17.2
1966-04-27;15.9;4;15.9
1966-04-28;17.4;4;17.4
1966-04-29;16.8;4;16.8
1966-04-30;20.5;4;20.5
1966-05-01;15.7;5;15.7
1966-05-02;16.7;5;16.7
1966-05-03;17.5;5;17.5
1966-05-04;15.5;5;15.5
1966-05-05;15.6;5;15.6
1966-05-06;14.6;5;14.6
1966-05-07;15.8;5;15.8
1966-05-08;15.2;5;15.2
1966-05-09;17.5;5;17.5
1966-05-10;22.0;5;22.0
1966-05-11;23.6;5;23.6
1966-05-12;19.5;5;19.5
1966-05-13;17.5;5;17.5
1966-05-14;21.2;5;21.2
1966-05-15;15.7;5;15.7
1966-05-16;15.2;5;15.2
1966-05-17;17.4;5;17.4
1966-05-18;16.1;5;16.1
1966-05-19;17.3;5;17.3
1966-05-20;15.4;5;15.4
1966-05-21;17.8;5;17.8
1966-05-22;23.6;5;23.6
1966-05-23;18.5;5;18.5
1966-05-24;15.9;5;15.9
1966-05-25;20.3;5;20.3
1966-05-26;18.1;5;18.1
1966-05-27;17.4;5;17.4
1966-05-28;18.6;5;18.6
1966-05-29;20.7;5;20.7
1966-05-30;20.6;5;20.6
1966-05-31;18.3;5;18.3
1966-06-01;23.6;6;23.6
1966-06-02;19.1;6;19.1
1966-06-03;18.3;6;18.3
1966-06-04;16.5;6;16.5
1966-06-05;15.7;6;15.7
1966-06-06;18.9;6;18.9
1966-06-07;17.8;6;17.8
1966-06-08;14.8;6;14.8
1966-06-09;14.6;6;14.6
1966-06-10;26.5;6;26.5
1966-06-11;25.7;6;25.7
1966-06-12;23.1;6;23.1
1966-06-13;18.8;6;18.8
1966-06-14;20.2;6;20.2
1966-06-15;14.0;6;14.0
1966-06-16;14.0;6;14.0
1966-06-17;15.0;6;15.0
1966-06-18;19.9;6;19.9
1966-06-19;20.1;6;20.1
1966-06-20;17.3;6;17.3
1966-06-21;16.8;6;16.8
1966-06-22;15.7;6;15.7
1966-06-23;18.9;6;18.9
1966-06-24;33.2;6;33.2
1966-06-25;28.3;6;28.3
1966-06-26;19.6;6;19.6
1966-06-27;17.0;6;17.0
1966-06-28;17.6;6;17.6
1966-06-29;16.7;6;16.7
1966-06-30;23.3;6;23.3
1966-07-01;58.7;7;58.7
1966-07-02;44.2;7;44.2
1966-07-03;25.0;7;25.0
1966-07-04;19.4;7;19.4
1966-07-05;19.5;7;19.5
1966-07-06;29.8;7;29.8
1966-07-07;20.1;7;20.1
1966-07-08;21.0;7;21.0
1966-07-09;21.9;7;21.9
1966-07-10;22.7;7;22.7
1966-07-11;21.6;7;21.6
1966-07-12;28.4;7;28.4
1966-07-13;24.0;7;24.0
1966-07-14;25.8;7;25.8
1966-07-15;29.0;7;29.0
1966-07-16;22.8;7;22.8
1966-07-17;19.2;7;19.2
1966-07-18;23.3;7;23.3
1966-07-19;17.3;7;17.3
1966-07-20;16.6;7;16.6
1966-07-21;23.7;7;23.7
1966-07-22;20.7;7;20.7
1966-07-23;16.6;7;16.6
1966-07-24;16.5;7;16.5
1966-07-25;30.3;7;30.3
1966-07-26;35.0;7;35.0
1966-07-27;28.8;7;28.8
1966-07-28;22.6;7;22.6
1966-07-29;16.9;7;16.9
1966-07-30;22.2;7;22.2
1966-07-31;20.0;7;20.0
1966-08-01;22.4;8;22.4
1966-08-02;24.5;8;24.5
1966-08-03;17.6;8;17.6
1966-08-04;14.9;8;14.9
1966-08-05;20.0;8;20.0
1966-08-06;24.5;8;24.5
1966-08-07;24.4;8;24.4
1966-08-08;20.0;8;20.0
1966-08-09;26.5;8;26.5
1966-08-10;19.9;8;19.9
1966-08-11;18.4;8;18.4
1966-08-12;17.1;8;17.1
1966-08-13;19.8;8;19.8
1966-08-14;24.5;8;24.5
1966-08-15;25.7;8;25.7
1966-08-16;20.0;8;20.0
1966-08-17;18.2;8;18.2
1966-08-18;19.4;8;19.4
1966-08-19;17.2;8;17.2
1966-08-20;24.5;8;24.5
1966-08-21;23.0;8;23.0
1966-08-22;18.2;8;18.2
1966-08-23;21.4;8;21.4
1966-08-24;22.4;8;22.4
1966-08-25;21.7;8;21.7
1966-08-26;21.8;8;21.8
1966-08-27;23.9;8;23.9
1966-08-28;17.4;8;17.4
1966-08-29;15.4;8;15.4
1966-08-30;14.6;8;14.6
1966-08-31;15.0;8;15.0
1966-09-01;15.2;9;15.2
1966-09-02;16.0;9;16.0
1966-09-03;14.1;9;14.1
1966-09-04;14.6;9;14.6
1966-09-05;14.7;9;14.7
1966-09-06;17.6;9;17.6
1966-09-07;14.4;9;14.4
1966-09-08;15.2;9;15.2
1966-09-09;21.7;9;21.7
1966-09-10;27.3;9;27.3
1966-09-11;19.7;9;19.7
1966-09-12;17.2;9;17.2
1966-09-13;25.2;9;25.2
1966-09-14;22.4;9;22.4
1966-09-15;19.2;9;19.2
1966-09-16;16.5;9;16.5
1966-09-17;15.5;9;15.5
1966-09-18;18.2;9;18.2
1966-09-19;18.1;9;18.1
1966-09-20;17.3;9;17.3
1966-09-21;15.3;9;15.3
1966-09-22;15.4;9;15.4
1966-09-23;14.6;9;14.6
1966-09-24;18.7;9;18.7
1966-09-25;23.4;9;23.4
1966-09-26;18.2;9;18.2
1966-09-27;14.7;9;14.7
1966-09-28;14.0;9;14.0
1966-09-29;14.0;9;14.0
1966-09-30;15.7;9;15.7
1966-10-01;29.5;10;29.5
1966-10-02;26.9;10;26.9
1966-10-03;28.0;10;28.0
1966-10-04;18.2;10;18.2
1966-10-05;14.7;10;14.7
1966-10-06;18.9;10;18.9
1966-10-07;18.9;10;18.9
1966-10-08;14.0;10;14.0
1966-10-09;15.3;10;15.3
1966-10-10;19.2;10;19.2
1966-10-11;20.4;10;20.4
1966-10-12;16.4;10;16.4
1966-10-13;19.7;10;19.7
1966-10-14;17.9;10;17.9
1966-10-15;16.7;10;16.7
1966-10-16;17.2;10;17.2
1966-10-17;16.5;10;16.5
1966-10-18;17.6;10;17.6
1966-10-19;15.9;10;15.9
1966-10-20;23.6;10;23.6
1966-10-21;18.4;10;18.4
1966-10-22;23.4;10;23.4
1966-10-23;24.2;10;24.2
1966-10-24;21.3;10;21.3
1966-10-25;19.7;10;19.7
1966-10-26;20.7;10;20.7
1966-10-27;18.6;10;18.6
1966-10-28;17.5;10;17.5
1966-10-29;17.4;10;17.4
1966-10-30;16.3;10;16.3
1966-10-31;16.9;10;16.9
1966-11-01;16.3;11;16.3
1966-11-02;14.9;11;14.9
1966-11-03;17.0;11;17.0
1966-11-04;25.0;11;25.0
1966-11-05;15.5;11;15.5
1966-11-06;16.3;11;16.3
1966-11-07;32.6;11;32.6
1966-11-08;23.7;11;23.7
1966-11-09;35.0;11;35.0
1966-11-10;21.9;11;21.9
1966-11-11;27.2;11;27.2
1966-11-12;24.7;11;24.7
1966-11-13;37.7;11;37.7
1966-11-14;51.1;11;51.1
1966-11-15;52.7;11;52.7
1966-11-16;57.0;11;57.0
1966-11-17;36.5;11;36.5
1966-11-18;44.8;11;44.8
1966-11-19;31.8;11;31.8
1966-11-20;27.7;11;27.7
1966-11-21;27.6;11;27.6
1966-11-22;23.2;11;23.2
1966-11-23;24.5;11;24.5
1966-11-24;29.9;11;29.9
1966-11-25;28.2;11;28.2
1966-11-26;33.2;11;33.2
1966-11-27;32.7;11;32.7
1966-11-28;28.8;11;28.8
1966-11-29;60.0;11;60.0
1966-11-30;45.4;11;45.4
1966-12-01;-999.000;12;40.5
1966-12-02;-999.000;12;28.4
1966-12-03;-999.000;12;13.56
1966-12-04;-999.000;12;12.68
1966-12-05;-999.000;12;24.2
1966-12-06;-999.000;12;44.05
1966-12-07;-999.000;12;47.0
1966-12-08;-999.000;12;7.16
1966-12-09;-999.000;12;21.43
1966-12-10;-999.000;12;21.74
1966-12-11;-999.000;12;19.5
1966-12-12;-999.000;12;12.24
1966-12-13;-999.000;12;50.7
1966-12-14;-999.000;12;21.4
1966-12-15;-999.000;12;31.91
1966-12-16;-999.000;12;42.9
1966-12-17;-999.000;12;19.81
1966-12-18;-999.000;12;11.4
1966-12-19;-999.000;12;16.36
1966-12-20;-999.000;12;21.1
1966-12-21;-999.000;12;13.59
1966-12-22;-999.000;12;15.15
1966-12-23;-999.000;12;22.5
1966-12-24;-999.000;12;50.13
1966-12-25;-999.000;12;12.87
1966-12-26;-999.000;12;27.9
1966-12-27;-999.000;12;20.84
1966-12-28;-999.000;12;19.12
1966-12-29;-999.000;12;37.13
1966-12-30;-999.000;12;10.4
1966-12-31;-999.000;12;20.62
1967-01-01;-999.000;1;15.75
1967-01-02;-999.000;1;10.12
1967-01-03;-999.000;1;17.89
1967-01-04;-999.000;1;13.2
1967-01-05;-999.000;1;10.51
1967-01-06;-999.000;1;13.97
1967-01-07;-999.000;1;12.38
1967-01-08;-999.000;1;32.34
1967-01-09;-999.000;1;13.5
1967-01-10;-999.000;1;14.84
1967-01-11;-999.000;1;4.06
1967-01-12;-999.000;1;12.6
1967-01-13;-999.000;1;18.9
1967-01-14;-999.000;1;11.01
1967-01-15;-999.000;1;34.1
1967-01-16;-999.000;1;33.0
1967-01-17;-999.000;1;15.5
1967-01-18;-999.000;1;19.15
1967-01-19;-999.000;1;40.09
1967-01-20;-999.000;1;13.17
1967-01-21;-999.000;1;15.5
1967-01-22;-999.000;1;14.96
1967-01-23;-999.000;1;12.75
1967-01-24;-999.000;1;22.8
1967-01-25;-999.000;1;9.5
1967-01-26;-999.000;1;36.13
1967-01-27;-999.000;1;69.98
1967-01-28;-999.000;1;33.6
1967-01-29;-999.000;1;60.8
1967-01-30;-999.000;1;14.57
1967-01-31;-999.000;1;10.92
1967-02-01;-999.000;2;19.4
1967-02-02;-999.000;2;15.6
1967-02-03;-999.000;2;17.83
1967-02-04;-999.000;2;15.0
1967-02-05;-999.000;2;9.5
1967-02-06;-999.000;2;8.21
1967-02-07;-999.000;2;9.9
1967-02-08;-999.000;2;8.49
1967-02-09;-999.000;2;10.41
1967-02-10;-999.000;2;31.87
1967-02-11;-999.000;2;14.26
1967-02-12;-999.000;2;23.6
1967-02-13;-999.000;2;26.0
1967-02-14;-999.000;2;40.8
1967-02-15;-999.000;2;24.1
1967-02-16;-999.000;2;25.38
1967-02-17;-999.000;2;5.15
1967-02-18;-999.000;2;29.44
1967-02-19;-999.000;2;11.48
1967-02-20;-999.000;2;14.59
1967-02-21;-999.000;2;15.4
1967-02-22;-999.000;2;11.91
1967-02-23;-999.000;2;10.9
1967-02-24;-999.000;2;25.1
1967-02-25;-999.000;2;12.8
1967-02-26;-999.000;2;7.4
1967-02-27;-999.000;2;15.1
1967-02-28;-999.000;2;11.08
1967-03-01;-999.000;3;16.4
1967-03-02;-999.000;3;38.09
1967-03-03;-999.000;3;6.65
1967-03-04;-999.000;3;15.93
1967-03-05;-999.000;3;29.82
1967-03-06;-999.000;3;31.5
1967-03-07;-999.000;3;13.2
1967-03-08;-999.000;3;25.4
1967-03-09;-999.000;3;8.98
1967-03-10;-999.000;3;31.74
1967-03-11;-999.000;3;12.31
1967-03-12;-999.000;3;15.8
1967-03-13;-999.000;3;31.3
1967-03-14;-999.000;3;36.6
1967-03-15;-999.000;3;24.7
1967-03-16;-999.000;3;14.5
1967-03-17;-999.000;3;23.2
1967-03-18;-999.000;3;13.8
1967-03-19;-999.000;3;14.28
1967-03-20;-999.000;3;63.5
1967-03-21;-999.000;3;55.87
1967-03-22;-999.000;3;35.0
1967-03-23;-999.000;3;13.42
1967-03-24;-999.000;3;15.47
1967-03-25;-999.000;3;21.67
1967-03-26;-999.000;3;11.9
1967-03-27;-999.000;3;10.6
1967-03-28;-999.000;3;45.3
1967-03-29;-999.000;3;33.43
1967-03-30;-999.000;3;14.36
1967-03-31;-999.000;3;13.03
1967-04-01;-999.000;4;40.5
1967-04-02;-999.000;4;11.17
1967-04-03;-999.000;4;42.8
1967-04-04;-999.000;4;27.21
1967-04-05;-999.000;4;14.42
1967-04-06;-999.000;4;10.86
1967-04-07;-999.000;4;3.95
1967-04-08;-999.000;4;30.0
1967-04-09;-999.000;4;33.0
1967-04-10;-999.000;4;5.1
1967-04-11;-999.000;4;21.3
1967-04-12;-999.000;4;22.4
1967-04-13;-999.000;4;7.8
1967-04-14;-999.000;4;8.13
1967-04-15;-999.000;4;19.05
1967-04-16;-999.000;4;14.6
1967-04-17;-999.000;4;6.78
1967-04-18;-999.000;4;20.1
1967-04-19;-999.000;4;22.18
1967-04-20;-999.000;4;17.49
1967-04-21;-999.000;4;12.9
1967-04-22;-999.000;4;24.3
1967-04-23;-999.000;4;10.93
1967-04-24;-999.000;4;19.8
1967-04-25;-999.000;4;28.4
1967-04-26;-999.000;4;41.3
1967-04-27;-999.000;4;23.7
1967-04-28;-999.000;4;22.3
1967-04-29;-999.000;4;24.2
1967-04-30;-999.000;4;32.7
1967-05-01;18.7;5;18.7
1967-05-02;18.5;5;18.5
1967-05-03;18.8;5;18.8
1967-05-04;20.0;5;20.0
1967-05-05;16.4;5;16.4
1967-05-06;14.7;5;14.7
1967-05-07;14.9;5;14.9
1967-05-08;17.4;5;17.4
1967-05-09;17.6;5;17.6
1967-05-10;17.0;5;17.0
1967-05-11;17.4;5;17.4
1967-05-12;16.8;5;16.8
1967-05-13;15.0;5;15.0
1967-05-14;15.1;5;15.1
1967-05-15;19.4;5;19.4
1967-05-16;25.8;5;25.8
1967-05-17;24.9;5;24.9
1967-05-18;24.0;5;24.0
1967-05-19;20.4;5;20.4
1967-05-20;16.9;5;16.9
1967-05-21;19.4;5;19.4
1967-05-22;22.2;5;22.2
1967-05-23;21.8;5;21.8
1967-05-24;16.5;5;16.5
1967-05-25;22.6;5;22.6
1967-05-26;25.2;5;25.2
1967-05-27;26.0;5;26.0
1967-05-28;23.7;5;23.7
1967-05-29;28.2;5;28.2
1967-05-30;22.8;5;22.8
1967-05-31;23.4;5;23.4
1967-06-01;20.9;6;20.9
1967-06-02;23.9;6;23.9
1967-06-03;24.1;6;24.1
1967-06-04;28.3;6;28.3
1967-06-05;44.1;6;44.1
1967-06-06;27.9;6;27.9
1967-06-07;22.4;6;22.4
1967-06-08;20.8;6;20.8
1967-06-09;27.1;6;27.1
1967-06-10;26.7;6;26.7
1967-06-11;21.7;6;21.7
1967-06-12;18.9;6;18.9
1967-06-13;19.5;6;19.5
1967-06-14;25.1;6;25.1
1967-06-15;23.4;6;23.4
1967-06-16;20.3;6;20.3
1967-06-17;21.5;6;21.5
1967-06-18;19.1;6;19.1
1967-06-19;19.6;6;19.6
1967-06-20;25.6;6;25.6
1967-06-21;30.8;6;30.8
1967-06-22;44.9;6;44.9
1967-06-23;51.5;6;51.5
1967-06-24;51.5;6;51.5
1967-06-25;52.1;6;52.1
1967-06-26;47.4;6;47.4
1967-06-27;48.2;6;48.2
1967-06-28;57.0;6;57.0
1967-06-29;70.1;6;70.1
1967-06-30;61.0;6;61.0
1967-07-01;-999.000;7;23.2
1967-07-02;-999.000;7;31.3
1967-07-03;-999.000;7;14.8
1967-07-04;-999.000;7;15.35
1967-07-05;-999.000;7;7.2
1967-07-06;-999.000;7;6.6
1967-07-07;-999.000;7;5.79
1967-07-08;-999.000;7;37.4
1967-07-09;-999.000;7;37.37
1967-07-10;-999.000;7;42.8
1967-07-11;-999.000;7;21.9
1967-07-12;-999.000;7;14.64
1967-07-13;-999.000;7;49.8
1967-07-14;-999.000;7;47.2
1967-07-15;-999.000;7;28.0
1967-07-16;-999.000;7;39.51
1967-07-17;-999.000;7;30.6
1967-07-18;-999.000;7;14.13
1967-07-19;-999.000;7;22.26
1967-07-20;-999.000;7;8.87
1967-07-21;-999.000;7;22.0
1967-07-22;-999.000;7;28.61
1967-07-23;-999.000;7;12.48
1967-07-24;-999.000;7;12.73
1967-07-25;-999.000;7;30.2
1967-07-26;-999.000;7;14.93
1967-07-27;-999.000;7;22.0
1967-07-28;-999.000;7;12.35
1967-07-29;-999.000;7;16.1
1967-07-30;-999.000;7;37.3
1967-07-31;-999.000;7;149.1
1967-08-01;-999.000;8;18.6
1967-08-02;-999.000;8;19.9
1967-08-03;-999.000;8;18.8
1967-08-04;-999.000;8;7.61
1967-08-05;-999.000;8;25.5
1967-08-06;-999.000;8;12.73
1967-08-07;-999.000;8;18.8
1967-08-08;-999.000;8;14.9
1967-08-09;-999.000;8;11.3
1967-08-10;-999.000;8;12.4
1967-08-11;-999.000;8;20.15
1967-08-12;-999.000;8;12.78
1967-08-13;-999.000;8;18.08
1967-08-14;-999.000;8;14.0
1967-08-15;-999.000;8;17.4
1967-08-16;-999.000;8;12.3
1967-08-17;-999.000;8;6.3
1967-08-18;-999.000;8;18.0
1967-08-19;-999.000;8;18.5
1967-08-20;-999.000;8;37.8
1967-08-21;-999.000;8;28.0
1967-08-22;-999.000;8;27.2
1967-08-23;-999.000;8;34.1
1967-08-24;-999.000;8;11.93
1967-08-25;-999.000;8;30.02
1967-08-26;-999.000;8;19.14
1967-08-27;-999.000;8;12.77
1967-08-28;-999.000;8;19.52
1967-08-29;-999.000;8;12.39
1967-08-30;-999.000;8;11.3
1967-08-31;-999.000;8;3.35
1967-09-01;-999.000;9;16.49
1967-09-02;-999.000;9;15.07
1967-09-03;-999.000;9;15.6
1967-09-04;-999.000;9;16.8
1967-09-05;-999.000;9;12.0
1967-09-06;-999.000;9;18.49
1967-09-07;-999.000;9;14.58
1967-09-08;-999.000;9;22.15
1967-09-09;-999.000;9;12.6
1967-09-10;-999.000;9;13.5
1967-09-11;-999.000;9;4.3
1967-09-12;-999.000;9;10.73
1967-09-13;-999.000;9;13.4
1967-09-14;-999.000;9;18.8
1967-09-15;-999.000;9;17.2
1967-09-16;-999.000;9;11.9
1967-09-17;-999.000;9;11.8
1967-09-18;-999.000;9;21.3
1967-09-19;-999.000;9;12.74
1967-09-20;-999.000;9;13.8
1967-09-21;-999.000;9;10.0
1967-09-22;-999.000;9;11.3
1967-09-23;-999.000;9;10.85
1967-09-24;-999.000;9;12.52
1967-09-25;-999.000;9;12.54
1967-09-26;-999.000;9;22.27
1967-09-27;-999.000;9;8.96
1967-09-28;-999.000;9;25.5
1967-09-29;-999.000;9;17.3
1967-09-30;-999.000;9;12.68
1967-10-01;-999.000;10;25.5
1967-10-02;-999.000;10;23.0
1967-10-03;-999.000;10;9.2
1967-10-04;-999.000;10;20.7
1967-10-05;-999.000;10;14.8
1967-10-06;-999.000;10;14.8
1967-10-07;-999.000;10;13.75
1967-10-08;-999.000;10;35.5
1967-10-09;-999.000;10;26.85
1967-10-10;-999.000;10;10.52
1967-10-11;-999.000;10;29.64
1967-10-12;-999.000;10;21.6
1967-10-13;-999.000;10;11.05
1967-10-14;-999.000;10;18.18
1967-10-15;-999.000;10;17.2
1967-10-16;-999.000;10;7.71
1967-10-17;-999.000;10;59.5
1967-10-18;-999.000;10;14.7
1967-10-19;-999.000;10;23.58
1967-10-20;-999.000;10;8.65
1967-10-21;-999.000;10;13.25
1967-10-22;-999.000;10;8.52
1967-10-23;-999.000;10;9.72
1967-10-24;-999.000;10;10.2
1967-10-25;-999.000;10;55.57
1967-10-26;-999.000;10;12.0
1967-10-27;-999.000;10;28.2
1967-10-28;-999.000;10;12.81
1967-10-29;-999.000;10;21.3
1967-10-30;-999.000;10;11.8
1967-10-31;-999.000;10;10.8
1967-11-01;-999.000;11;19.2
1967-11-02;-999.000;11;27.0
1967-11-03;-999.000;11;23.38
1967-11-04;-999.000;11;13.91
1967-11-05;-999.000;11;12.25
1967-11-06;-999.000;11;24.5
1967-11-07;-999.000;11;17.13
1967-11-08;-999.000;11;7.56
1967-11-09;-999.000;11;12.88
1967-11-10;-999.000;11;27.3
1967-11-11;-999.000;11;14.16
1967-11-12;-999.000;11;35.15
1967-11-13;-999.000;11;8.28
1967-11-14;-999.000;11;34.6
1967-11-15;-999.000;11;44.4
1967-11-16;-999.000;11;25.4
1967-11-17;-999.000;11;18.3
1967-11-18;-999.000;11;17.3
1967-11-19;-999.000;11;27.45
1967-11-20;-999.000;11;18.55
1967-11-21;-999.000;11;14.05
1967-11-22;-999.000;11;3.89
1967-11-23;-999.000;11;13.91
1967-11-24;-999.000;11;8.28
1967-11-25;-999.000;11;24.0
1967-11-26;-999.000;11;20.1
1967-11-27;-999.000;11;21.7
1967-11-28;-999.000;11;10.23
1967-11-29;-999.000;11;11.26
1967-11-30;-999.000;11;17.93
1967-12-01;-999.000;12;16.38
1967-12-02;-999.000;12;15.7
1967-12-03;-999.000;12;20.1
1967-12-04;-999.000;12;26.4
1967-12-05;-999.000;12;9.68
1967-12-06;-999.000;12;17.78
1967-12-07;-999.000;12;27.7
1967-12-08;-999.000;12;23.75
1967-12-09;-999.000;12;23.88
1967-12-10;-999.000;12;13.88
1967-12-11;-999.000;12;34.3
1967-12-12;-999.000;12;9.6
1967-12-13;-999.000;12;21.4
1967-12-14;-999.000;12;18.1
1967-12-15;-999.000;12;27.6
1967-12-16;-999.000;12;45.97
1967-12-17;-999.000;12;26.28
1967-12-18;-999.000;12;44.3
1967-12-19;-999.000;12;26.5
1967-12-20;-999.000;12;20.2
1967-12-21;-999.000;12;24.7
1967-12-22;-999.000;12;23.05
1967-12-23;-999.000;12;66.17
1967-12-24;-999.000;12;18.36
1967-12-25;-999.000;12;18.7
1967-12-26;-999.000;12;25.1
1967-12-27;-999.000;12;17.8
1967-12-28;-999.000;12;7.3
1967-12-29;-999.000;12;17.76
1967-12-30;-999.000;12;64.9
1967-12-31;-999.000;12;18.22
1968-01-01;-999.000;1;8.0
1968-01-02;-999.000;1;17.4
1968-01-03;-999.000;1;25.2
1968-01-04;-999.000;1;21.2
1968-01-05;-999.000;1;20.68
1968-01-06;-999.000;1;28.93
1968-01-07;-999.000;1;9.19
1968-01-08;-999.000;1;14.1
1968-01-09;-999.000;1;17.23
1968-01-10;-999.000;1;29.8
1968-01-11;-999.000;1;41.1
1968-01-12;-999.000;1;15.59
1968-01-13;-999.000;1;15.6
1968-01-14;-999.000;1;8.0
1968-01-15;-999.000;1;14.3
1968-01-16;-999.000;1;11.79
1968-01-17;-999.000;1;20.1
1968-01-18;-999.000;1;9.24
1968-01-19;-999.000;1;24.2
1968-01-20;-999.000;1;60.4
1968-01-21;-999.000;1;24.0
1968-01-22;-999.000;1;6.64
1968-01-23;-999.000;1;15.9
1968-01-24;-999.000;1;23.81
1968-01-25;-999.000;1;18.4
1968-01-26;-999.000;1;11.23
1968-01-27;-999.000;1;18.6
1968-01-28;-999.000;1;20.1
1968-01-29;-999.000;1;20.15
1968-01-30;-999.000;1;32.96
1968-01-31;-999.000;1;12.42
1968-02-01;-999.000;2;22.7
1968-02-02;-999.000;2;4.7
1968-02-03;-999.000;2;26.6
1968-02-04;-999.000;2;5.04
1968-02-05;-999.000;2;15.67
1968-02-06;-999.000;2;10.65
1968-02-07;-999.000;2;15.11
1968-02-08;-999.000;2;9.93
1968-02-09;-999.000;2;14.15
1968-02-10;-999.000;2;37.22
1968-02-11;-999.000;2;36.2
1968-02-12;-999.000;2;46.3
1968-02-13;-999.000;2;26.81
1968-02-14;-999.000;2;18.67
1968-02-15;-999.000;2;4.9
1968-02-16;-999.000;2;78.82
1968-02-17;-999.000;2;13.9
1968-02-18;-999.000;2;10.28
1968-02-19;-999.000;2;4.93
1968-02-20;-999.000;2;10.6
1968-02-21;-999.000;2;20.9
1968-02-22;-999.000;2;11.26
1968-02-23;-999.000;2;10.0
1968-02-24;-999.000;2;17.0
1968-02-25;-999.000;2;8.7
1968-02-26;-999.000;2;24.16
1968-02-27;-999.000;2;14.96
1968-02-28;-999.000;2;25.7
1968-02-29;-999.000;2;24.0
1968-03-01;-999.000;3;33.8
1968-03-02;-999.000;3;17.2
1968-03-03;-999.000;3;33.43
1968-03-04;-999.000;3;15.3
1968-03-05;-999.000;3;15.9
1968-03-06;-999.000;3;12.12
1968-03-07;-999.000;3;13.0
1968-03-08;-999.000;3;12.6
1968-03-09;-999.000;3;16.79
1968-03-10;-999.000;3;11.2
1968-03-11;-999.000;3;15.83
1968-03-12;-999.000;3;26.28
1968-03-13;-999.000;3;23.21
1968-03-14;-999.000;3;16.38
1968-03-15;-999.000;3;38.03
1968-03-16;-999.000;3;19.27
1968-03-17;-999.000;3;8.98
1968-03-18;-999.000;3;10.96
1968-03-19;-999.000;3;24.42
1968-03-20;-999.000;3;26.96
1968-03-21;-999.000;3;7.9
1968-03-22;-999.000;3;16.43
1968-03-23;-999.000;3;14.88
1968-03-24;-999.000;3;19.77
1968-03-25;-999.000;3;12.8
1968-03-26;-999.000;3;15.3
1968-03-27;-999.000;3;6.9
1968-03-28;-999.000;3;32.9
1968-03-29;-999.000;3;14.3
1968-03-30;-999.000;3;9.0
1968-03-31;-999.000;3;18.2
1968-04-01;18.4;4;18.4
1968-04-02;17.5;4;17.5
1968-04-03;15.1;4;15.1
1968-04-04;14.3;4;14.3
1968-04-05;14.0;4;14.0
1968-04-06;12.9;4;12.9
1968-04-07;14.5;4;14.5
1968-04-08;17.7;4;17.7
1968-04-09;39.0;4;39.0
1968-04-10;60.2;4;60.2
1968-04-11;60.1;4;60.1
1968-04-12;52.0;4;52.0
1968-04-13;44.4;4;44.4
1968-04-14;24.1;4;24.1
1968-04-15;13.3;4;13.3
1968-04-16;13.7;4;13.7
1968-04-17;14.6;4;14.6
1968-04-18;17.2;4;17.2
1968-04-19;12.6;4;12.6
1968-04-20;14.0;4;14.0
1968-04-21;12.8;4;12.8
1968-04-22;14.0;4;14.0
1968-04-23;22.4;4;22.4
1968-04-24;21.7;4;21.7
1968-04-25;21.1;4;21.1
1968-04-26;30.1;4;30.1
1968-04-27;31.3;4;31.3
1968-04-28;23.4;4;23.4
1968-04-29;16.8;4;16.8
1968-04-30;15.2;4;15.2
1968-05-01;13.6;5;13.6
1968-05-02;13.8;5;13.8
1968-05-03;17.3;5;17.3
1968-05-04;19.6;5;19.6
1968-05-05;17.7;5;17.7
1968-05-06;16.8;5;16.8
1968-05-07;19.3;5;19.3
1968-05-08;12.9;5;12.9
1968-05-09;12.6;5;12.6
1968-05-10;17.5;5;17.5
1968-05-11;20.8;5;20.8
1968-05-12;17.2;5;17.2
1968-05-13;35.2;5;35.2
1968-05-14;22.9;5;22.9
1968-05-15;15.2;5;15.2
1968-05-16;13.6;5;13.6
1968-05-17;12.0;5;12.0
1968-05-18;13.3;5;13.3
1968-05-19;16.0;5;16.0
1968-05-20;13.3;5;13.3
1968-05-21;12.7;5;12.7
1968-05-22;18.9;5;18.9
1968-05-23;21.2;5;21.2
1968-05-24;18.4;5;18.4
1968-05-25;22.4;5;22.4
1968-05-26;21.2;5;21.2
1968-05-27;18.6;5;18.6
1968-05-28;18.6;5;18.6
1968-05-29;16.2;5;16.2
1968-05-30;22.5;5;22.5
1968-05-31;20.8;5;20.8
1968-06-01;18.9;6;18.9
1968-06-02;23.8;6;23.8
1968-06-03;20.6;6;20.6
1968-06-04;21.4;6;21.4
1968-06-05;21.2;6;21.2
1968-06-06;17.5;6;17.5
1968-06-07;15.5;6;15.5
1968-06-08;44.5;6;44.5
1968-06-09;49.3;6;49.3
1968-06-10;42.8;6;42.8
1968-06-11;26.8;6;26.8
1968-06-12;20.4;6;20.4
1968-06-13;17.5;6;17.5
1968-06-14;32.2;6;32.2
1968-06-15;59.3;6;59.3
1968-06-16;37.4;6;37.4
1968-06-17;24.1;6;24.1
1968-06-18;19.0;6;19.0
1968-06-19;19.1;6;19.1
1968-06-20;19.8;6;19.8
1968-06-21;15.3;6;15.3
1968-06-22;13.6;6;13.6
1968-06-23;13.7;6;13.7
1968-06-24;30.5;6;30.5
1968-06-25;24.1;6;24.1
1968-06-26;22.4;6;22.4
1968-06-27;16.7;6;16.7
1968-06-28;16.4;6;16.4
1968-06-29;16.6;6;16.6
1968-06-30;16.6;6;16.6
1968-07-01;18.0;7;18.0
1968-07-02;19.8;7;19.8
1968-07-03;24.8;7;24.8
1968-07-04;19.8;7;19.8
1968-07-05;20.4;7;20.4
1968-07-06;15.2;7;15.2
1968-07-07;15.4;7;15.4
1968-07-08;12.8;7;12.8
1968-07-09;14.0;7;14.0
1968-07-10;17.9;7;17.9
1968-07-11;16.4;7;16.4
1968-07-12;14.7;7;14.7
1968-07-13;14.8;7;14.8
1968-07-14;17.7;7;17.7
1968-07-15;21.2;7;21.2
1968-07-16;47.2;7;47.2
1968-07-17;62.1;7;62.1
1968-07-18;47.2;7;47.2
1968-07-19;31.7;7;31.7
1968-07-20;37.3;7;37.3
1968-07-21;71.0;7;71.0
1968-07-22;59.2;7;59.2
1968-07-23;46.7;7;46.7
1968-07-24;31.9;7;31.9
1968-07-25;23.9;7;23.9
1968-07-26;21.4;7;21.4
1968-07-27;56.7;7;56.7
1968-07-28;81.3;7;81.3
1968-07-29;61.2;7;61.2
1968-07-30;45.1;7;45.1
1968-07-31;31.3;7;31.3
1968-08-01;21.3;8;21.3
1968-08-02;21.4;8;21.4
1968-08-03;17.1;8;17.1
1968-08-04;14.7;8;14.7
1968-08-05;13.4;8;13.4
1968-08-06;14.6;8;14.6
1968-08-07;15.4;8;15.4
1968-08-08;20.3;8;20.3
1968-08-09;19.7;8;19.7
1968-08-10;13.5;8;13.5
1968-08-11;12.9;8;12.9
1968-08-12;18.8;8;18.8
1968-08-13;14.4;8;14.4
1968-08-14;16.6;8;16.6
1968-08-15;16.7;8;16.7
1968-08-16;19.1;8;19.1
1968-08-17;18.0;8;18.0
1968-08-18;16.7;8;16.7
1968-08-19;17.0;8;17.0
1968-08-20;15.3;8;15.3
1968-08-21;18.8;8;18.8
1968-08-22;16.4;8;16.4
1968-08-23;15.5;8;15.5
1968-08-24;13.7;8;13.7
1968-08-25;13.6;8;13.6
1968-08-26;12.3;8;12.3
1968-08-27;12.7;8;12.7
1968-08-28;14.2;8;14.2
1968-08-29;13.2;8;13.2
1968-08-30;14.0;8;14.0
1968-08-31;16.0;8;16.0
1968-09-01;15.0;9;15.0
1968-09-02;14.1;9;14.1
1968-09-03;13.4;9;13.4
1968-09-04;14.5;9;14.5
1968-09-05;14.2;9;14.2
1968-09-06;20.9;9;20.9
1968-09-07;15.1;9;15.1
1968-09-08;14.9;9;14.9
1968-09-09;13.8;9;13.8
1968-09-10;16.6;9;16.6
1968-09-11;16.9;9;16.9
1968-09-12;14.7;9;14.7
1968-09-13;14.8;9;14.8
1968-09-14;13.9;9;13.9
1968-09-15;13.0;9;13.0
1968-09-16;14.9;9;14.9
1968-09-17;14.7;9;14.7
1968-09-18;14.7;9;14.7
1968-09-19;15.9;9;15.9
1968-09-20;16.9;9;16.9
1968-09-21;15.6;9;15.6
1968-09-22;14.8;9;14.8
1968-09-23;14.2;9;14.2
1968-09-24;15.9;9;15.9
1968-09-25;15.4;9;15.4
1968-09-26;15.7;9;15.7
1968-09-27;16.1;9;16.1
1968-09-28;16.5;9;16.5
1968-09-29;16.4;9;16.4
1968-09-30;16.6;9;16.6
1968-10-01;14.6;10;14.6
1968-10-02;13.0;10;13.0
1968-10-03;12.1;10;12.1
1968-10-04;13.1;10;13.1
1968-10-05;13.2;10;13.2
1968-10-06;29.6;10;29.6
1968-10-07;35.0;10;35.0
1968-10-08;25.7;10;25.7
1968-10-09;19.4;10;19.4
1968-10-10;23.0;10;23.0
1968-10-11;27.8;10;27.8
1968-10-12;23.4;10;23.4
1968-10-13;33.8;10;33.8
1968-10-14;22.1;10;22.1
1968-10-15;22.9;10;22.9
1968-10-16;23.0;10;23.0
1968-10-17;25.0;10;25.0
1968-10-18;27.9;10;27.9
1968-10-19;42.2;10;42.2
1968-10-20;25.7;10;25.7
1968-10-21;22.0;10;22.0
1968-10-22;25.0;10;25.0
1968-10-23;21.4;10;21.4
1968-10-24;22.6;10;22.6
1968-10-25;41.2;10;41.2
1968-10-26;45.4;10;45.4
1968-10-27;24.5;10;24.5
1968-10-28;70.0;10;70.0
1968-10-29;26.6;10;26.6
1968-10-30;25.8;10;25.8
1968-10-31;36.5;10;36.5
1968-11-01;25.7;11;25.7
1968-11-02;19.4;11;19.4
1968-11-03;19.6;11;19.6
1968-11-04;20.5;11;20.5
1968-11-05;23.7;11;23.7
1968-11-06;27.9;11;27.9
1968-11-07;26.8;11;26.8
1968-11-08;22.5;11;22.5
1968-11-09;61.3;11;61.3
1968-11-10;36.1;11;36.1
1968-11-11;54.4;11;54.4
1968-11-12;27.8;11;27.8
1968-11-13;54.0;11;54.0
1968-11-14;48.8;11;48.8
1968-11-15;65.0;11;65.0
1968-11-16;54.7;11;54.7
1968-11-17;27.9;11;27.9
1968-11-18;30.2;11;30.2
1968-11-19;40.6;11;40.6
1968-11-20;61.8;11;61.8
1968-11-21;38.4;11;38.4
1968-11-22;34.8;11;34.8
1968-11-23;30.3;11;30.3
1968-11-24;25.6;11;25.6
1968-11-25;58.0;11;58.0
1968-11-26;59.0;11;59.0
1968-11-27;53.0;11;53.0
1968-11-28;29.3;11;29.3
1968-11-29;48.2;11;48.2
1968-11-30;45.9;11;45.9
1968-12-01;27.9;12;27.9
1968-12-02;24.6;12;24.6
1968-12-03;23.4;12;23.4
1968-12-04;24.5;12;24.5
1968-12-05;27.1;12;27.1
1968-12-06;24.0;12;24.0
1968-12-07;30.8;12;30.8
1968-12-08;32.3;12;32.3
1968-12-09;23.7;12;23.7
1968-12-10;21.3;12;21.3
1968-12-11;22.0;12;22.0
1968-12-12;25.6;12;25.6
1968-12-13;26.6;12;26.6
1968-12-14;23.0;12;23.0
1968-12-15;25.7;12;25.7
1968-12-16;25.7;12;25.7
1968-12-17;20.2;12;20.2
1968-12-18;19.7;12;19.7
1968-12-19;19.6;12;19.6
1968-12-20;26.7;12;26.7
1968-12-21;24.6;12;24.6
1968-12-22;25.1;12;25.1
1968-12-23;28.9;12;28.9
1968-12-24;27.8;12;27.8
1968-12-25;25.1;12;25.1
1968-12-26;22.6;12;22.6
1968-12-27;17.8;12;17.8
1968-12-28;20.1;12;20.1
1968-12-29;25.0;12;25.0
1968-12-30;21.4;12;21.4
1968-12-31;16.7;12;16.7
1969-01-01;32.6;1;32.6
1969-01-02;25.0;1;25.0
1969-01-03;22.6;1;22.6
1969-01-04;24.2;1;24.2
1969-01-05;19.4;1;19.4
1969-01-06;10.8;1;10.8
1969-01-07;11.8;1;11.8
1969-01-08;12.3;1;12.3
1969-01-09;13.8;1;13.8
1969-01-10;15.3;1;15.3
1969-01-11;13.1;1;13.1
1969-01-12;10.6;1;10.6
1969-01-13;12.8;1;12.8
1969-01-14;24.0;1;24.0
1969-01-15;35.4;1;35.4
1969-01-16;37.3;1;37.3
1969-01-17;32.0;1;32.0
1969-01-18;23.2;1;23.2
1969-01-19;42.3;1;42.3
1969-01-20;39.8;1;39.8
1969-01-21;32.9;1;32.9
1969-01-22;87.4;1;87.4
1969-01-23;34.7;1;34.7
1969-01-24;81.2;1;81.2
1969-01-25;42.3;1;42.3
1969-01-26;32.4;1;32.4
1969-01-27;19.9;1;19.9
1969-01-28;33.0;1;33.0
1969-01-29;30.2;1;30.2
1969-01-30;52.9;1;52.9
1969-01-31;34.5;1;34.5
1969-02-01;41.3;2;41.3
1969-02-02;19.0;2;19.0
1969-02-03;18.6;2;18.6
1969-02-04;28.6;2;28.6
1969-02-05;26.8;2;26.8
1969-02-06;30.2;2;30.2
1969-02-07;38.8;2;38.8
1969-02-08;38.4;2;38.4
1969-02-09;59.0;2;59.0
1969-02-10;33.1;2;33.1
1969-02-11;49.5;2;49.5
1969-02-12;32.9;2;32.9
1969-02-13;22.2;2;22.2
1969-02-14;29.8;2;29.8
1969-02-15;37.7;2;37.7
1969-02-16;24.1;2;24.1
1969-02-17;55.8;2;55.8
1969-02-18;25.0;2;25.0
1969-02-19;24.0;2;24.0
1969-02-20;25.4;2;25.4
1969-02-21;38.4;2;38.4
1969-02-22;28.8;2;28.8
1969-02-23;26.8;2;26.8
1969-02-24;28.3;2;28.3
1969-02-25;55.8;2;55.8
1969-02-26;36.2;2;36.2
1969-02-27;24.7;2;24.7
1969-02-28;25.7;2;25.7
1969-03-01;18.4;3;18.4
1969-03-02;23.8;3;23.8
1969-03-03;33.1;3;33.1
1969-03-04;21.5;3;21.5
1969-03-05;16.8;3;16.8
1969-03-06;20.8;3;20.8
1969-03-07;13.6;3;13.6
1969-03-08;13.6;3;13.6
1969-03-09;14.4;3;14.4
1969-03-10;11.0;3;11.0
1969-03-11;14.4;3;14.4
1969-03-12;14.0;3;14.0
1969-03-13;46.6;3;46.6
1969-03-14;78.6;3;78.6
1969-03-15;31.4;3;31.4
1969-03-16;35.2;3;35.2
1969-03-17;37.0;3;37.0
1969-03-18;22.0;3;22.0
1969-03-19;9.8;3;9.8
1969-03-20;9.8;3;9.8
1969-03-21;9.4;3;9.4
1969-03-22;10.6;3;10.6
1969-03-23;9.8;3;9.8
1969-03-24;10.8;3;10.8
1969-03-25;11.9;3;11.9
1969-03-26;11.7;3;11.7
1969-03-27;12.3;3;12.3
1969-03-28;16.2;3;16.2
1969-03-29;15.0;3;15.0
1969-03-30;23.2;3;23.2
1969-03-31;17.7;3;17.7
1969-04-01;24.7;4;24.7
1969-04-02;20.8;4;20.8
1969-04-03;16.5;4;16.5
1969-04-04;14.6;4;14.6
1969-04-05;13.8;4;13.8
1969-04-06;11.9;4;11.9
1969-04-07;18.3;4;18.3
1969-04-08;43.8;4;43.8
1969-04-09;18.3;4;18.3
1969-04-10;27.9;4;27.9
1969-04-11;65.2;4;65.2
1969-04-12;41.3;4;41.3
1969-04-13;23.4;4;23.4
1969-04-14;21.5;4;21.5
1969-04-15;80.8;4;80.8
1969-04-16;24.2;4;24.2
1969-04-17;53.4;4;53.4
1969-04-18;64.2;4;64.2
1969-04-19;42.3;4;42.3
1969-04-20;21.5;4;21.5
1969-04-21;28.2;4;28.2
1969-04-22;41.8;4;41.8
1969-04-23;35.0;4;35.0
1969-04-24;56.0;4;56.0
1969-04-25;70.4;4;70.4
1969-04-26;44.9;4;44.9
1969-04-27;39.3;4;39.3
1969-04-28;35.4;4;35.4
1969-04-29;26.4;4;26.4
1969-04-30;93.8;4;93.8
1969-05-01;56.4;5;56.4
1969-05-02;66.2;5;66.2
1969-05-03;55.6;5;55.6
1969-05-04;53.4;5;53.4
1969-05-05;37.3;5;37.3
1969-05-06;34.9;5;34.9
1969-05-07;22.8;5;22.8
1969-05-08;22.2;5;22.2
1969-05-09;24.9;5;24.9
1969-05-10;21.8;5;21.8
1969-05-11;21.2;5;21.2
1969-05-12;20.0;5;20.0
1969-05-13;18.7;5;18.7
1969-05-14;15.0;5;15.0
1969-05-15;12.3;5;12.3
1969-05-16;14.0;5;14.0
1969-05-17;15.1;5;15.1
1969-05-18;16.8;5;16.8
1969-05-19;12.8;5;12.8
1969-05-20;14.8;5;14.8
1969-05-21;15.4;5;15.4
1969-05-22;17.4;5;17.4
1969-05-23;18.0;5;18.0
1969-05-24;17.2;5;17.2
1969-05-25;25.4;5;25.4
1969-05-26;29.0;5;29.0
1969-05-27;30.6;5;30.6
1969-05-28;24.2;5;24.2
1969-05-29;20.4;5;20.4
1969-05-30;17.2;5;17.2
1969-05-31;17.8;5;17.8
1969-06-01;44.4;6;44.4
1969-06-02;69.2;6;69.2
1969-06-03;41.0;6;41.0
1969-06-04;43.3;6;43.3
1969-06-05;33.5;6;33.5
1969-06-06;28.6;6;28.6
1969-06-07;24.0;6;24.0
1969-06-08;23.8;6;23.8
1969-06-09;26.1;6;26.1
1969-06-10;16.8;6;16.8
1969-06-11;14.3;6;14.3
1969-06-12;23.2;6;23.2
1969-06-13;21.5;6;21.5
1969-06-14;18.0;6;18.0
1969-06-15;14.3;6;14.3
1969-06-16;29.9;6;29.9
1969-06-17;47.5;6;47.5
1969-06-18;39.3;6;39.3
1969-06-19;34.0;6;34.0
1969-06-20;29.4;6;29.4
1969-06-21;19.6;6;19.6
1969-06-22;27.4;6;27.4
1969-06-23;69.2;6;69.2
1969-06-24;54.4;6;54.4
1969-06-25;34.4;6;34.4
1969-06-26;13.4;6;13.4
1969-06-27;12.0;6;12.0
1969-06-28;25.0;6;25.0
1969-06-29;33.8;6;33.8
1969-06-30;34.0;6;34.0
1969-07-01;87.4;7;87.4
1969-07-02;149.1;7;149.1
1969-07-03;141.0;7;141.0
1969-07-04;70.2;7;70.2
1969-07-05;140.8;7;140.8
1969-07-06;91.8;7;91.8
1969-07-07;95.0;7;95.0
1969-07-08;60.0;7;60.0
1969-07-09;20.3;7;20.3
1969-07-10;18.6;7;18.6
1969-07-11;23.5;7;23.5
1969-07-12;18.0;7;18.0
1969-07-13;26.0;7;26.0
1969-07-14;22.8;7;22.8
1969-07-15;29.6;7;29.6
1969-07-16;16.8;7;16.8
1969-07-17;35.9;7;35.9
1969-07-18;60.9;7;60.9
1969-07-19;62.4;7;62.4
1969-07-20;41.8;7;41.8
1969-07-21;36.4;7;36.4
1969-07-22;38.8;7;38.8
1969-07-23;31.8;7;31.8
1969-07-24;31.0;7;31.0
1969-07-25;31.8;7;31.8
1969-07-26;31.8;7;31.8
1969-07-27;29.0;7;29.0
1969-07-28;44.9;7;44.9
1969-07-29;37.4;7;37.4
1969-07-30;22.6;7;22.6
1969-07-31;22.5;7;22.5
1969-08-01;21.8;8;21.8
1969-08-02;22.8;8;22.8
1969-08-03;25.6;8;25.6
1969-08-04;22.3;8;22.3
1969-08-05;24.5;8;24.5
1969-08-06;26.4;8;26.4
1969-08-07;26.0;8;26.0
1969-08-08;63.6;8;63.6
1969-08-09;38.8;8;38.8
1969-08-10;29.8;8;29.8
1969-08-11;25.8;8;25.8
1969-08-12;24.0;8;24.0
1969-08-13;38.8;8;38.8
1969-08-14;42.3;8;42.3
1969-08-15;43.8;8;43.8
1969-08-16;18.3;8;18.3
1969-08-17;18.3;8;18.3
1969-08-18;18.3;8;18.3
1969-08-19;17.7;8;17.7
1969-08-20;17.7;8;17.7
1969-08-21;19.6;8;19.6
1969-08-22;44.9;8;44.9
1969-08-23;32.0;8;32.0
1969-08-24;19.2;8;19.2
1969-08-25;39.4;8;39.4
1969-08-26;25.4;8;25.4
1969-08-27;24.0;8;24.0
1969-08-28;22.2;8;22.2
1969-08-29;21.8;8;21.8
1969-08-30;19.0;8;19.0
1969-08-31;18.0;8;18.0
1969-09-01;-999.000;9;20.2
1969-09-02;-999.000;9;22.2
1969-09-03;-999.000;9;20.92
1969-09-04;-999.000;9;13.6
1969-09-05;-999.000;9;9.44
1969-09-06;-999.000;9;10.15
1969-09-07;-999.000;9;48.04
1969-09-08;-999.000;9;8.92
1969-09-09;-999.000;9;18.9
1969-09-10;-999.000;9;18.0
1969-09-11;-999.000;9;6.42
1969-09-12;-999.000;9;16.96
1969-09-13;-999.000;9;12.4
1969-09-14;-999.000;9;9.65
1969-09-15;-999.000;9;13.5
1969-09-16;-999.000;9;17.87
1969-09-17;-999.000;9;11.8
1969-09-18;-999.000;9;6.66
1969-09-19;-999.000;9;29.4
1969-09-20;-999.000;9;21.7
1969-09-21;-999.000;9;19.21
1969-09-22;-999.000;9;11.8
1969-09-23;-999.000;9;5.35
1969-09-24;-999.000;9;14.8
1969-09-25;-999.000;9;15.4
1969-09-26;-999.000;9;18.9
1969-09-27;-999.000;9;15.6
1969-09-28;-999.000;9;18.4
1969-09-29;-999.000;9;27.22
1969-09-30;-999.000;9;11.71
1969-10-01;20.0;10;20.0
1969-10-02;24.2;10;24.2
1969-10-03;31.9;10;31.9
1969-10-04;19.7;10;19.7
1969-10-05;47.0;10;47.0
1969-10-06;28.6;10;28.6
1969-10-07;23.9;10;23.9
1969-10-08;27.0;10;27.0
1969-10-09;20.6;10;20.6
1969-10-10;17.7;10;17.7
1969-10-11;15.4;10;15.4
1969-10-12;17.7;10;17.7
1969-10-13;24.8;10;24.8
1969-10-14;41.6;10;41.6
1969-10-15;66.0;10;66.0
1969-10-16;44.0;10;44.0
1969-10-17;44.0;10;44.0
1969-10-18;27.9;10;27.9
1969-10-19;26.6;10;26.6
1969-10-20;21.2;10;21.2
1969-10-21;21.8;10;21.8
1969-10-22;21.3;10;21.3
1969-10-23;57.3;10;57.3
1969-10-24;84.9;10;84.9
1969-10-25;90.5;10;90.5
1969-10-26;59.4;10;59.4
1969-10-27;48.2;10;48.2
1969-10-28;48.1;10;48.1
1969-10-29;37.8;10;37.8
1969-10-30;32.3;10;32.3
1969-10-31;29.8;10;29.8
1969-11-01;35.2;11;35.2
1969-11-02;34.4;11;34.4
1969-11-03;27.1;11;27.1
1969-11-04;37.5;11;37.5
1969-11-05;28.6;11;28.6
1969-11-06;27.1;11;27.1
1969-11-07;63.2;11;63.2
1969-11-08;54.6;11;54.6
1969-11-09;47.0;11;47.0
1969-11-10;41.3;11;41.3
1969-11-11;44.4;11;44.4
1969-11-12;43.1;11;43.1
1969-11-13;33.7;11;33.7
1969-11-14;28.6;11;28.6
1969-11-15;43.1;11;43.1
1969-11-16;33.2;11;33.2
1969-11-17;28.3;11;28.3
1969-11-18;27.1;11;27.1
1969-11-19;29.0;11;29.0
1969-11-20;22.8;11;22.8
1969-11-21;25.4;11;25.4
1969-11-22;24.2;11;24.2
1969-11-23;26.5;11;26.5
1969-11-24;31.0;11;31.0
1969-11-25;25.3;11;25.3
1969-11-26;26.0;11;26.0
1969-11-27;31.9;11;31.9
1969-11-28;39.0;11;39.0
1969-11-29;26.5;11;26.5
1969-11-30;25.6;11;25.6
1969-12-01;36.8;12;36.8
1969-12-02;22.5;12;22.5
1969-12-03;21.8;12;21.8
1969-12-04;20.8;12;20.8
1969-12-05;20.8;12;20.8
1969-12-06;22.2;12;22.2
1969-12-07;21.5;12;21.5
1969-12-08;20.8;12;20.8
1969-12-09;31.0;12;31.0
1969-12-10;34.4;12;34.4
1969-12-11;29.0;12;29.0
1969-12-12;62.1;12;62.1
1969-12-13;50.8;12;50.8
1969-12-14;31.9;12;31.9
1969-12-15;33.2;12;33.2
1969-12-16;27.9;12;27.9
1969-12-17;52.4;12;52.4
1969-12-18;42.3;12;42.3
1969-12-19;31.2;12;31.2
1969-12-20;24.2;12;24.2
1969-12-21;43.0;12;43.0
1969-12-22;35.4;12;35.4
1969-12-23;33.5;12;33.5
1969-12-24;25.3;12;25.3
1969-12-25;21.5;12;21.5
1969-12-26;20.2;12;20.2
1969-12-27;22.8;12;22.8
1969-12-28;21.2;12;21.2
1969-12-29;18.3;12;18.3
1969-12-30;20.2;12;20.2
1969-12-31;18.6;12;18.6
1970-01-01;12.8;1;12.8
1970-01-02;15.1;1;15.1
1970-01-03;14.8;1;14.8
1970-01-04;28.8;1;28.8
1970-01-05;21.9;1;21.9
1970-01-06;21.5;1;21.5
1970-01-07;28.6;1;28.6
1970-01-08;28.7;1;28.7
1970-01-09;34.9;1;34.9
1970-01-10;21.2;1;21.2
1970-01-11;21.6;1;21.6
1970-01-12;27.6;1;27.6
1970-01-13;26.7;1;26.7
1970-01-14;39.3;1;39.3
1970-01-15;25.2;1;25.2
1970-01-16;23.2;1;23.2
1970-01-17;23.5;1;23.5
1970-01-18;21.2;1;21.2
1970-01-19;33.0;1;33.0
1970-01-20;32.9;1;32.9
1970-01-21;26.2;1;26.2
1970-01-22;31.5;1;31.5
1970-01-23;17.7;1;17.7
1970-01-24;17.8;1;17.8
1970-01-25;28.8;1;28.8
1970-01-26;21.8;1;21.8
1970-01-27;15.9;1;15.9
1970-01-28;16.0;1;16.0
1970-01-29;17.4;1;17.4
1970-01-30;13.8;1;13.8
1970-01-31;15.1;1;15.1
1970-02-01;13.0;2;13.0
1970-02-02;16.3;2;16.3
1970-02-03;18.6;2;18.6
1970-02-04;22.2;2;22.2
1970-02-05;18.6;2;18.6
1970-02-06;39.4;2;39.4
1970-02-07;34.0;2;34.0
1970-02-08;24.2;2;24.2
1970-02-09;19.9;2;19.9
1970-02-10;91.0;2;91.0
1970-02-11;59.5;2;59.5
1970-02-12;45.7;2;45.7
1970-02-13;30.6;2;30.6
1970-02-14;35.4;2;35.4
1970-02-15;33.4;2;33.4
1970-02-16;27.8;2;27.8
1970-02-17;34.9;2;34.9
1970-02-18;26.4;2;26.4
1970-02-19;31.6;2;31.6
1970-02-20;55.4;2;55.4
1970-02-21;69.0;2;69.0
1970-02-22;29.1;2;29.1
1970-02-23;24.2;2;24.2
1970-02-24;24.2;2;24.2
1970-02-25;35.4;2;35.4
1970-02-26;34.0;2;34.0
1970-02-27;72.9;2;72.9
1970-02-28;28.6;2;28.6
1970-03-01;32.2;3;32.2
1970-03-02;65.8;3;65.8
1970-03-03;89.0;3;89.0
1970-03-04;45.7;3;45.7
1970-03-05;50.8;3;50.8
1970-03-06;60.4;3;60.4
1970-03-07;63.5;3;63.5
1970-03-08;40.0;3;40.0
1970-03-09;30.6;3;30.6
1970-03-10;26.0;3;26.0
1970-03-11;33.3;3;33.3
1970-03-12;32.6;3;32.6
1970-03-13;24.5;3;24.5
1970-03-14;25.2;3;25.2
1970-03-15;24.2;3;24.2
1970-03-16;21.5;3;21.5
1970-03-17;21.2;3;21.2
1970-03-18;18.3;3;18.3
1970-03-19;16.5;3;16.5
1970-03-20;15.1;3;15.1
1970-03-21;15.6;3;15.6
1970-03-22;19.2;3;19.2
1970-03-23;23.8;3;23.8
1970-03-24;31.0;3;31.0
1970-03-25;22.6;3;22.6
1970-03-26;41.8;3;41.8
1970-03-27;44.9;3;44.9
1970-03-28;27.1;3;27.1
1970-03-29;20.2;3;20.2
1970-03-30;21.5;3;21.5
1970-03-31;23.2;3;23.2
1970-04-01;24.2;4;24.2
1970-04-02;18.3;4;18.3
1970-04-03;15.4;4;15.4
1970-04-04;13.2;4;13.2
1970-04-05;11.4;4;11.4
1970-04-06;11.4;4;11.4
1970-04-07;11.9;4;11.9
1970-04-08;27.4;4;27.4
1970-04-09;21.9;4;21.9
1970-04-10;19.3;4;19.3
1970-04-11;19.6;4;19.6
1970-04-12;24.3;4;24.3
1970-04-13;28.7;4;28.7
1970-04-14;18.0;4;18.0
1970-04-15;21.8;4;21.8
1970-04-16;25.6;4;25.6
1970-04-17;24.6;4;24.6
1970-04-18;18.0;4;18.0
1970-04-19;17.4;4;17.4
1970-04-20;14.3;4;14.3
1970-04-21;42.9;4;42.9
1970-04-22;23.8;4;23.8
1970-04-23;21.2;4;21.2
1970-04-24;17.7;4;17.7
1970-04-25;18.7;4;18.7
1970-04-26;21.9;4;21.9
1970-04-27;17.1;4;17.1
1970-04-28;14.8;4;14.8
1970-04-29;30.0;4;30.0
1970-04-30;20.4;4;20.4
1970-05-01;13.8;5;13.8
1970-05-02;13.2;5;13.2
1970-05-03;15.8;5;15.8
1970-05-04;14.8;5;14.8
1970-05-05;13.8;5;13.8
1970-05-06;13.0;5;13.0
1970-05-07;11.2;5;11.2
1970-05-08;18.2;5;18.2
1970-05-09;19.9;5;19.9
1970-05-10;17.1;5;17.1
1970-05-11;14.3;5;14.3
1970-05-12;16.8;5;16.8
1970-05-13;22.2;5;22.2
1970-05-14;27.6;5;27.6
1970-05-15;20.2;5;20.2
1970-05-16;25.4;5;25.4
1970-05-17;20.2;5;20.2
1970-05-18;31.0;5;31.0
1970-05-19;88.0;5;88.0
1970-05-20;37.9;5;37.9
1970-05-21;56.1;5;56.1
1970-05-22;38.5;5;38.5
1970-05-23;31.0;5;31.0
1970-05-24;38.8;5;38.8
1970-05-25;56.1;5;56.1
1970-05-26;60.9;5;60.9
1970-05-27;54.6;5;54.6
1970-05-28;42.9;5;42.9
1970-05-29;27.1;5;27.1
1970-05-30;27.4;5;27.4
1970-05-31;27.1;5;27.1
1970-06-01;67.4;6;67.4
1970-06-02;95.5;6;95.5
1970-06-03;88.0;6;88.0
1970-06-04;75.8;6;75.8
1970-06-05;63.0;6;63.0
1970-06-06;56.5;6;56.5
1970-06-07;63.6;6;63.6
1970-06-08;74.5;6;74.5
1970-06-09;40.5;6;40.5
1970-06-10;27.1;6;27.1
1970-06-11;21.5;6;21.5
1970-06-12;18.6;6;18.6
1970-06-13;20.2;6;20.2
1970-06-14;18.6;6;18.6
1970-06-15;40.3;6;40.3
1970-06-16;44.9;6;44.9
1970-06-17;35.2;6;35.2
1970-06-18;71.5;6;71.5
1970-06-19;23.5;6;23.5
1970-06-20;21.6;6;21.6
1970-06-21;16.6;6;16.6
1970-06-22;31.0;6;31.0
1970-06-23;42.9;6;42.9
1970-06-24;44.9;6;44.9
1970-06-25;21.9;6;21.9
1970-06-26;63.0;6;63.0
1970-06-27;45.4;6;45.4
1970-06-28;21.8;6;21.8
1970-06-29;16.5;6;16.5
1970-06-30;16.0;6;16.0
1970-07-01;30.4;7;30.4
1970-07-02;38.5;7;38.5
1970-07-03;40.3;7;40.3
1970-07-04;43.9;7;43.9
1970-07-05;20.2;7;20.2
1970-07-06;18.4;7;18.4
1970-07-07;17.7;7;17.7
1970-07-08;19.8;7;19.8
1970-07-09;19.2;7;19.2
1970-07-10;21.5;7;21.5
1970-07-11;18.3;7;18.3
1970-07-12;22.3;7;22.3
1970-07-13;24.2;7;24.2
1970-07-14;28.6;7;28.6
1970-07-15;20.9;7;20.9
1970-07-16;15.4;7;15.4
1970-07-17;33.3;7;33.3
1970-07-18;65.8;7;65.8
1970-07-19;47.5;7;47.5
1970-07-20;68.8;7;68.8
1970-07-21;47.5;7;47.5
1970-07-22;50.8;7;50.8
1970-07-23;27.9;7;27.9
1970-07-24;23.5;7;23.5
1970-07-25;25.8;7;25.8
1970-07-26;21.0;7;21.0
1970-07-27;49.6;7;49.6
1970-07-28;56.6;7;56.6
1970-07-29;13.2;7;13.2
1970-07-30;20.2;7;20.2
1970-07-31;55.4;7;55.4
1970-08-01;56.5;8;56.5
1970-08-02;33.4;8;33.4
1970-08-03;29.1;8;29.1
1970-08-04;21.9;8;21.9
1970-08-05;16.2;8;16.2
1970-08-06;16.2;8;16.2
1970-08-07;17.7;8;17.7
1970-08-08;32.7;8;32.7
1970-08-09;42.9;8;42.9
1970-08-10;50.3;8;50.3
1970-08-11;34.4;8;34.4
1970-08-12;23.5;8;23.5
1970-08-13;19.6;8;19.6
1970-08-14;15.9;8;15.9
1970-08-15;108.0;8;108.0
1970-08-16;62.3;8;62.3
1970-08-17;37.8;8;37.8
1970-08-18;29.1;8;29.1
1970-08-19;19.9;8;19.9
1970-08-20;19.6;8;19.6
1970-08-21;16.8;8;16.8
1970-08-22;15.6;8;15.6
1970-08-23;13.0;8;13.0
1970-08-24;13.2;8;13.2
1970-08-25;23.5;8;23.5
1970-08-26;38.5;8;38.5
1970-08-27;31.0;8;31.0
1970-08-28;23.5;8;23.5
1970-08-29;18.6;8;18.6
1970-08-30;20.2;8;20.2
1970-08-31;29.8;8;29.8
1970-09-01;18.6;9;18.6
1970-09-02;17.1;9;17.1
1970-09-03;24.3;9;24.3
1970-09-04;40.3;9;40.3
1970-09-05;56.5;9;56.5
1970-09-06;29.1;9;29.1
1970-09-07;29.1;9;29.1
1970-09-08;28.2;9;28.2
1970-09-09;23.5;9;23.5
1970-09-10;31.5;9;31.5
1970-09-11;29.1;9;29.1
1970-09-12;23.5;9;23.5
1970-09-13;21.9;9;21.9
1970-09-14;30.8;9;30.8
1970-09-15;24.8;9;24.8
1970-09-16;28.2;9;28.2
1970-09-17;27.4;9;27.4
1970-09-18;18.6;9;18.6
1970-09-19;17.1;9;17.1
1970-09-20;14.8;9;14.8
1970-09-21;18.8;9;18.8
1970-09-22;15.4;9;15.4
1970-09-23;20.2;9;20.2
1970-09-24;31.0;9;31.0
1970-09-25;20.2;9;20.2
1970-09-26;18.0;9;18.0
1970-09-27;14.0;9;14.0
1970-09-28;23.9;9;23.9
1970-09-29;34.0;9;34.0
1970-09-30;32.3;9;32.3
1970-10-01;27.1;10;27.1
1970-10-02;25.2;10;25.2
1970-10-03;182.5;10;182.5
1970-10-04;31.5;10;31.5
1970-10-05;21.8;10;21.8
1970-10-06;25.4;10;25.4
1970-10-07;40.3;10;40.3
1970-10-08;33.4;10;33.4
1970-10-09;40.0;10;40.0
1970-10-10;35.4;10;35.4
1970-10-11;23.5;10;23.5
1970-10-12;20.2;10;20.2
1970-10-13;29.2;10;29.2
1970-10-14;22.3;10;22.3
1970-10-15;17.1;10;17.1
1970-10-16;16.0;10;16.0
1970-10-17;12.8;10;12.8
1970-10-18;12.6;10;12.6
1970-10-19;11.7;10;11.7
1970-10-20;13.0;10;13.0
1970-10-21;11.2;10;11.2
1970-10-22;13.0;10;13.0
1970-10-23;14.3;10;14.3
1970-10-24;20.4;10;20.4
1970-10-25;23.5;10;23.5
1970-10-26;29.8;10;29.8
1970-10-27;36.4;10;36.4
1970-10-28;24.2;10;24.2
1970-10-29;25.6;10;25.6
1970-10-30;29.8;10;29.8
1970-10-31;31.5;10;31.5
1970-11-01;28.2;11;28.2
1970-11-02;35.4;11;35.4
1970-11-03;47.5;11;47.5
1970-11-04;29.1;11;29.1
1970-11-05;35.0;11;35.0
1970-11-06;61.8;11;61.8
1970-11-07;71.4;11;71.4
1970-11-08;68.3;11;68.3
1970-11-09;78.5;11;78.5
1970-11-10;84.5;11;84.5
1970-11-11;56.5;11;56.5
1970-11-12;42.8;11;42.8
1970-11-13;40.5;11;40.5
1970-11-14;33.4;11;33.4
1970-11-15;23.5;11;23.5
1970-11-16;27.1;11;27.1
1970-11-17;41.8;11;41.8
1970-11-18;45.4;11;45.4
1970-11-19;35.4;11;35.4
1970-11-20;33.6;11;33.6
1970-11-21;28.6;11;28.6
1970-11-22;26.0;11;26.0
1970-11-23;42.8;11;42.8
1970-11-24;45.4;11;45.4
1970-11-25;88.0;11;88.0
1970-11-26;61.8;11;61.8
1970-11-27;45.4;11;45.4
1970-11-28;40.3;11;40.3
1970-11-29;35.9;11;35.9
1970-11-30;47.5;11;47.5
1970-12-01;33.4;12;33.4
1970-12-02;23.5;12;23.5
1970-12-03;35.0;12;35.0
1970-12-04;31.0;12;31.0
1970-12-05;23.5;12;23.5
1970-12-06;30.6;12;30.6
1970-12-07;56.5;12;56.5
1970-12-08;40.3;12;40.3
1970-12-09;56.0;12;56.0
1970-12-10;53.5;12;53.5
1970-12-11;56.9;12;56.9
1970-12-12;63.0;12;63.0
1970-12-13;22.5;12;22.5
1970-12-14;20.2;12;20.2
1970-12-15;40.3;12;40.3
1970-12-16;15.6;12;15.6
1970-12-17;20.2;12;20.2
1970-12-18;17.1;12;17.1
1970-12-19;20.2;12;20.2
1970-12-20;53.9;12;53.9
1970-12-21;59.3;12;59.3
1970-12-22;81.5;12;81.5
1970-12-23;40.3;12;40.3
1970-12-24;20.2;12;20.2
1970-12-25;20.2;12;20.2
1970-12-26;31.5;12;31.5
1970-12-27;21.9;12;21.9
1970-12-28;23.5;12;23.5
1970-12-29;17.1;12;17.1
1970-12-30;18.6;12;18.6
1970-12-31;20.2;12;20.2
1971-01-01;20.2;1;20.2
1971-01-02;17.1;1;17.1
1971-01-03;20.2;1;20.2
1971-01-04;17.1;1;17.1
1971-01-05;23.5;1;23.5
1971-01-06;45.4;1;45.4
1971-01-07;84.5;1;84.5
1971-01-08;108.0;1;108.0
1971-01-09;84.5;1;84.5
1971-01-10;76.5;1;76.5
1971-01-11;40.3;1;40.3
1971-01-12;36.9;1;36.9
1971-01-13;32.0;1;32.0
1971-01-14;28.7;1;28.7
1971-01-15;28.6;1;28.6
1971-01-16;36.6;1;36.6
1971-01-17;42.9;1;42.9
1971-01-18;71.3;1;71.3
1971-01-19;40.3;1;40.3
1971-01-20;37.8;1;37.8
1971-01-21;61.8;1;61.8
1971-01-22;40.3;1;40.3
1971-01-23;32.6;1;32.6
1971-01-24;30.6;1;30.6
1971-01-25;27.1;1;27.1
1971-01-26;23.5;1;23.5
1971-01-27;26.8;1;26.8
1971-01-28;25.4;1;25.4
1971-01-29;23.5;1;23.5
1971-01-30;25.1;1;25.1
1971-01-31;20.2;1;20.2
1971-02-01;21.2;2;21.2
1971-02-02;21.5;2;21.5
1971-02-03;23.8;2;23.8
1971-02-04;23.8;2;23.8
1971-02-05;42.9;2;42.9
1971-02-06;31.0;2;31.0
1971-02-07;29.1;2;29.1
1971-02-08;31.0;2;31.0
1971-02-09;26.4;2;26.4
1971-02-10;35.4;2;35.4
1971-02-11;78.3;2;78.3
1971-02-12;40.8;2;40.8
1971-02-13;34.0;2;34.0
1971-02-14;29.0;2;29.0
1971-02-15;25.6;2;25.6
1971-02-16;23.5;2;23.5
1971-02-17;27.1;2;27.1
1971-02-18;45.1;2;45.1
1971-02-19;45.4;2;45.4
1971-02-20;41.3;2;41.3
1971-02-21;31.8;2;31.8
1971-02-22;35.9;2;35.9
1971-02-23;27.8;2;27.8
1971-02-24;24.8;2;24.8
1971-02-25;21.8;2;21.8
1971-02-26;22.2;2;22.2
1971-02-27;25.6;2;25.6
1971-02-28;24.2;2;24.2
1971-03-01;23.5;3;23.5
1971-03-02;23.2;3;23.2
1971-03-03;21.8;3;21.8
1971-03-04;31.0;3;31.0
1971-03-05;27.1;3;27.1
1971-03-06;21.8;3;21.8
1971-03-07;18.9;3;18.9
1971-03-08;18.3;3;18.3
1971-03-09;16.8;3;16.8
1971-03-10;16.5;3;16.5
1971-03-11;15.6;3;15.6
1971-03-12;21.9;3;21.9
1971-03-13;33.4;3;33.4
1971-03-14;20.2;3;20.2
1971-03-15;18.6;3;18.6
1971-03-16;19.2;3;19.2
1971-03-17;17.8;3;17.8
1971-03-18;18.9;3;18.9
1971-03-19;20.2;3;20.2
1971-03-20;31.5;3;31.5
1971-03-21;25.6;3;25.6
1971-03-22;23.5;3;23.5
1971-03-23;20.2;3;20.2
1971-03-24;32.3;3;32.3
1971-03-25;27.1;3;27.1
1971-03-26;48.2;3;48.2
1971-03-27;29.0;3;29.0
1971-03-28;31.5;3;31.5
1971-03-29;42.9;3;42.9
1971-03-30;42.9;3;42.9
1971-03-31;68.3;3;68.3
1971-04-01;50.7;4;50.7
1971-04-02;78.3;4;78.3
1971-04-03;136.5;4;136.5
1971-04-04;53.3;4;53.3
1971-04-05;56.9;4;56.9
1971-04-06;36.4;4;36.4
1971-04-07;33.0;4;33.0
1971-04-08;38.8;4;38.8
1971-04-09;29.4;4;29.4
1971-04-10;25.6;4;25.6
1971-04-11;24.8;4;24.8
1971-04-12;22.2;4;22.2
1971-04-13;22.5;4;22.5
1971-04-14;32.6;4;32.6
1971-04-15;21.9;4;21.9
1971-04-16;29.8;4;29.8
1971-04-17;25.2;4;25.2
1971-04-18;33.0;4;33.0
1971-04-19;40.3;4;40.3
1971-04-20;27.1;4;27.1
1971-04-21;27.1;4;27.1
1971-04-22;22.2;4;22.2
1971-04-23;28.8;4;28.8
1971-04-24;63.4;4;63.4
1971-04-25;27.1;4;27.1
1971-04-26;23.5;4;23.5
1971-04-27;31.2;4;31.2
1971-04-28;23.2;4;23.2
1971-04-29;19.2;4;19.2
1971-04-30;18.6;4;18.6
1971-05-01;20.2;5;20.2
1971-05-02;28.2;5;28.2
1971-05-03;20.2;5;20.2
1971-05-04;19.2;5;19.2
1971-05-05;19.6;5;19.6
1971-05-06;35.4;5;35.4
1971-05-07;33.0;5;33.0
1971-05-08;21.6;5;21.6
1971-05-09;22.2;5;22.2
1971-05-10;23.5;5;23.5
1971-05-11;33.0;5;33.0
1971-05-12;43.9;5;43.9
1971-05-13;33.4;5;33.4
1971-05-14;33.6;5;33.6
1971-05-15;33.4;5;33.4
1971-05-16;27.1;5;27.1
1971-05-17;27.1;5;27.1
1971-05-18;22.2;5;22.2
1971-05-19;31.2;5;31.2
1971-05-20;37.9;5;37.9
1971-05-21;27.1;5;27.1
1971-05-22;42.9;5;42.9
1971-05-23;29.1;5;29.1
1971-05-24;29.8;5;29.8
1971-05-25;27.4;5;27.4
1971-05-26;28.6;5;28.6
1971-05-27;25.4;5;25.4
1971-05-28;29.8;5;29.8
1971-05-29;29.1;5;29.1
1971-05-30;37.9;5;37.9
1971-05-31;23.5;5;23.5
1971-06-01;22.2;6;22.2
1971-06-02;20.2;6;20.2
1971-06-03;21.2;6;21.2
1971-06-04;27.1;6;27.1
1971-06-05;27.1;6;27.1
1971-06-06;33.4;6;33.4
1971-06-07;40.5;6;40.5
1971-06-08;27.1;6;27.1
1971-06-09;19.2;6;19.2
1971-06-10;19.6;6;19.6
1971-06-11;16.8;6;16.8
1971-06-12;20.4;6;20.4
1971-06-13;22.5;6;22.5
1971-06-14;19.2;6;19.2
1971-06-15;21.6;6;21.6
1971-06-16;32.2;6;32.2
1971-06-17;31.5;6;31.5
1971-06-18;24.8;6;24.8
1971-06-19;25.0;6;25.0
1971-06-20;18.4;6;18.4
1971-06-21;15.4;6;15.4
1971-06-22;20.8;6;20.8
1971-06-23;18.6;6;18.6
1971-06-24;15.4;6;15.4
1971-06-25;19.2;6;19.2
1971-06-26;21.8;6;21.8
1971-06-27;20.2;6;20.2
1971-06-28;27.1;6;27.1
1971-06-29;25.4;6;25.4
1971-06-30;19.9;6;19.9
1971-07-01;18.6;7;18.6
1971-07-02;21.2;7;21.2
1971-07-03;23.5;7;23.5
1971-07-04;19.9;7;19.9
1971-07-05;16.2;7;16.2
1971-07-06;16.8;7;16.8
1971-07-07;69.1;7;69.1
1971-07-08;98.5;7;98.5
1971-07-09;98.5;7;98.5
1971-07-10;85.8;7;85.8
1971-07-11;91.0;7;91.0
1971-07-12;65.0;7;65.0
1971-07-13;45.4;7;45.4
1971-07-14;42.6;7;42.6
1971-07-15;31.5;7;31.5
1971-07-16;20.2;7;20.2
1971-07-17;16.8;7;16.8
1971-07-18;15.6;7;15.6
1971-07-19;13.8;7;13.8
1971-07-20;19.3;7;19.3
1971-07-21;20.4;7;20.4
1971-07-22;27.5;7;27.5
1971-07-23;53.9;7;53.9
1971-07-24;46.3;7;46.3
1971-07-25;20.2;7;20.2
1971-07-26;24.4;7;24.4
1971-07-27;16.8;7;16.8
1971-07-28;21.8;7;21.8
1971-07-29;18.3;7;18.3
1971-07-30;18.7;7;18.7
1971-07-31;21.9;7;21.9
1971-08-01;27.4;8;27.4
1971-08-02;34.0;8;34.0
1971-08-03;29.8;8;29.8
1971-08-04;22.2;8;22.2
1971-08-05;23.5;8;23.5
1971-08-06;18.6;8;18.6
1971-08-07;18.3;8;18.3
1971-08-08;19.9;8;19.9
1971-08-09;20.6;8;20.6
1971-08-10;29.1;8;29.1
1971-08-11;20.2;8;20.2
1971-08-12;16.8;8;16.8
1971-08-13;17.1;8;17.1
1971-08-14;23.5;8;23.5
1971-08-15;22.2;8;22.2
1971-08-16;14.3;8;14.3
1971-08-17;15.6;8;15.6
1971-08-18;16.6;8;16.6
1971-08-19;14.3;8;14.3
1971-08-20;15.4;8;15.4
1971-08-21;16.8;8;16.8
1971-08-22;15.4;8;15.4
1971-08-23;14.3;8;14.3
1971-08-24;15.4;8;15.4
1971-08-25;15.4;8;15.4
1971-08-26;18.4;8;18.4
1971-08-27;18.3;8;18.3
1971-08-28;14.3;8;14.3
1971-08-29;53.8;8;53.8
1971-08-30;67.4;8;67.4
1971-08-31;31.5;8;31.5
1971-09-01;18.3;9;18.3
1971-09-02;19.2;9;19.2
1971-09-03;23.2;9;23.2
1971-09-04;20.2;9;20.2
1971-09-05;19.2;9;19.2
1971-09-06;16.2;9;16.2
1971-09-07;13.0;9;13.0
1971-09-08;20.2;9;20.2
1971-09-09;15.5;9;15.5
1971-09-10;17.1;9;17.1
1971-09-11;16.8;9;16.8
1971-09-12;20.2;9;20.2
1971-09-13;20.2;9;20.2
1971-09-14;17.7;9;17.7
1971-09-15;13.0;9;13.0
1971-09-16;12.8;9;12.8
1971-09-17;12.8;9;12.8
1971-09-18;18.4;9;18.4
1971-09-19;16.2;9;16.2
1971-09-20;14.3;9;14.3
1971-09-21;17.7;9;17.7
1971-09-22;23.8;9;23.8
1971-09-23;17.8;9;17.8
1971-09-24;15.4;9;15.4
1971-09-25;13.0;9;13.0
1971-09-26;16.8;9;16.8
1971-09-27;13.2;9;13.2
1971-09-28;12.6;9;12.6
1971-09-29;12.2;9;12.2
1971-09-30;11.4;9;11.4
1971-10-01;11.0;10;11.0
1971-10-02;12.4;10;12.4
1971-10-03;17.1;10;17.1
1971-10-04;26.1;10;26.1
1971-10-05;21.6;10;21.6
1971-10-06;20.2;10;20.2
1971-10-07;17.1;10;17.1
1971-10-08;16.2;10;16.2
1971-10-09;16.2;10;16.2
1971-10-10;17.1;10;17.1
1971-10-11;37.9;10;37.9
1971-10-12;23.2;10;23.2
1971-10-13;23.5;10;23.5
1971-10-14;21.9;10;21.9
1971-10-15;17.1;10;17.1
1971-10-16;14.3;10;14.3
1971-10-17;15.4;10;15.4
1971-10-18;18.7;10;18.7
1971-10-19;18.3;10;18.3
1971-10-20;16.8;10;16.8
1971-10-21;18.9;10;18.9
1971-10-22;25.8;10;25.8
1971-10-23;54.6;10;54.6
1971-10-24;25.4;10;25.4
1971-10-25;18.9;10;18.9
1971-10-26;27.1;10;27.1
1971-10-27;35.9;10;35.9
1971-10-28;25.8;10;25.8
1971-10-29;20.5;10;20.5
1971-10-30;28.2;10;28.2
1971-10-31;23.5;10;23.5
1971-11-01;31.0;11;31.0
1971-11-02;37.4;11;37.4
1971-11-03;39.9;11;39.9
1971-11-04;32.3;11;32.3
1971-11-05;33.4;11;33.4
1971-11-06;29.0;11;29.0
1971-11-07;23.2;11;23.2
1971-11-08;24.2;11;24.2
1971-11-09;25.8;11;25.8
1971-11-10;33.4;11;33.4
1971-11-11;20.2;11;20.2
1971-11-12;18.3;11;18.3
1971-11-13;18.4;11;18.4
1971-11-14;17.1;11;17.1
1971-11-15;20.5;11;20.5
1971-11-16;19.2;11;19.2
1971-11-17;23.2;11;23.2
1971-11-18;42.9;11;42.9
1971-11-19;23.8;11;23.8
1971-11-20;33.4;11;33.4
1971-11-21;29.1;11;29.1
1971-11-22;27.1;11;27.1
1971-11-23;26.7;11;26.7
1971-11-24;27.1;11;27.1
1971-11-25;35.4;11;35.4
1971-11-26;40.3;11;40.3
1971-11-27;34.0;11;34.0
1971-11-28;27.1;11;27.1
1971-11-29;23.2;11;23.2
1971-11-30;21.5;11;21.5
1971-12-01;21.5;12;21.5
1971-12-02;22.2;12;22.2
1971-12-03;21.5;12;21.5
1971-12-04;23.5;12;23.5
1971-12-05;18.9;12;18.9
1971-12-06;18.3;12;18.3
1971-12-07;17.7;12;17.7
1971-12-08;18.3;12;18.3
1971-12-09;17.7;12;17.7
1971-12-10;15.6;12;15.6
1971-12-11;16.2;12;16.2
1971-12-12;14.6;12;14.6
1971-12-13;15.4;12;15.4
1971-12-14;14.8;12;14.8
1971-12-15;14.6;12;14.6
1971-12-16;14.3;12;14.3
1971-12-17;16.0;12;16.0
1971-12-18;17.7;12;17.7
1971-12-19;20.2;12;20.2
1971-12-20;28.2;12;28.2
1971-12-21;23.8;12;23.8
1971-12-22;34.0;12;34.0
1971-12-23;66.0;12;66.0
1971-12-24;51.4;12;51.4
1971-12-25;68.0;12;68.0
1971-12-26;45.4;12;45.4
1971-12-27;33.4;12;33.4
1971-12-28;25.2;12;25.2
1971-12-29;22.5;12;22.5
1971-12-30;22.2;12;22.2
1971-12-31;24.2;12;24.2
1972-01-01;44.8;1;44.8
1972-01-02;32.8;1;32.8
1972-01-03;28.3;1;28.3
1972-01-04;35.4;1;35.4
1972-01-05;24.0;1;24.0
1972-01-06;20.7;1;20.7
1972-01-07;18.3;1;18.3
1972-01-08;17.7;1;17.7
1972-01-09;21.3;1;21.3
1972-01-10;25.5;1;25.5
1972-01-11;29.3;1;29.3
1972-01-12;24.0;1;24.0
1972-01-13;22.5;1;22.5
1972-01-14;22.2;1;22.2
1972-01-15;32.5;1;32.5
1972-01-16;60.8;1;60.8
1972-01-17;62.3;1;62.3
1972-01-18;34.5;1;34.5
1972-01-19;29.1;1;29.1
1972-01-20;25.5;1;25.5
1972-01-21;45.0;1;45.0
1972-01-22;50.4;1;50.4
1972-01-23;34.1;1;34.1
1972-01-24;39.3;1;39.3
1972-01-25;51.5;1;51.5
1972-01-26;54.3;1;54.3
1972-01-27;44.8;1;44.8
1972-01-28;49.3;1;49.3
1972-01-29;52.0;1;52.0
1972-01-30;32.5;1;32.5
1972-01-31;26.7;1;26.7
1972-02-01;31.5;2;31.5
1972-02-02;25.8;2;25.8
1972-02-03;21.9;2;21.9
1972-02-04;22.2;2;22.2
1972-02-05;30.8;2;30.8
1972-02-06;23.7;2;23.7
1972-02-07;24.3;2;24.3
1972-02-08;32.5;2;32.5
1972-02-09;54.3;2;54.3
1972-02-10;52.5;2;52.5
1972-02-11;54.5;2;54.5
1972-02-12;42.8;2;42.8
1972-02-13;45.0;2;45.0
1972-02-14;36.5;2;36.5
1972-02-15;32.9;2;32.9
1972-02-16;27.3;2;27.3
1972-02-17;25.8;2;25.8
1972-02-18;23.7;2;23.7
1972-02-19;24.0;2;24.0
1972-02-20;23.7;2;23.7
1972-02-21;21.9;2;21.9
1972-02-22;21.0;2;21.0
1972-02-23;19.2;2;19.2
1972-02-24;19.8;2;19.8
1972-02-25;19.5;2;19.5
1972-02-26;19.2;2;19.2
1972-02-27;19.5;2;19.5
1972-02-28;19.2;2;19.2
1972-02-29;18.6;2;18.6
1972-03-01;20.7;3;20.7
1972-03-02;18.6;3;18.6
1972-03-03;16.8;3;16.8
1972-03-04;16.8;3;16.8
1972-03-05;20.1;3;20.1
1972-03-06;17.1;3;17.1
1972-03-07;17.7;3;17.7
1972-03-08;18.0;3;18.0
1972-03-09;16.8;3;16.8
1972-03-10;36.5;3;36.5
1972-03-11;47.5;3;47.5
1972-03-12;22.2;3;22.2
1972-03-13;16.8;3;16.8
1972-03-14;18.3;3;18.3
1972-03-15;20.1;3;20.1
1972-03-16;16.8;3;16.8
1972-03-17;16.5;3;16.5
1972-03-18;15.3;3;15.3
1972-03-19;19.5;3;19.5
1972-03-20;22.5;3;22.5
1972-03-21;23.1;3;23.1
1972-03-22;61.5;3;61.5
1972-03-23;64.0;3;64.0
1972-03-24;43.5;3;43.5
1972-03-25;25.5;3;25.5
1972-03-26;28.8;3;28.8
1972-03-27;24.6;3;24.6
1972-03-28;23.4;3;23.4
1972-03-29;28.4;3;28.4
1972-03-30;36.5;3;36.5
1972-03-31;27.3;3;27.3
1972-04-01;27.7;4;27.7
1972-04-02;28.8;4;28.8
1972-04-03;21.6;4;21.6
1972-04-04;18.3;4;18.3
1972-04-05;17.7;4;17.7
1972-04-06;16.5;4;16.5
1972-04-07;15.0;4;15.0
1972-04-08;17.4;4;17.4
1972-04-09;15.0;4;15.0
1972-04-10;21.0;4;21.0
1972-04-11;22.5;4;22.5
1972-04-12;52.3;4;52.3
1972-04-13;40.5;4;40.5
1972-04-14;21.6;4;21.6
1972-04-15;45.3;4;45.3
1972-04-16;21.0;4;21.0
1972-04-17;28.8;4;28.8
1972-04-18;25.5;4;25.5
1972-04-19;27.3;4;27.3
1972-04-20;68.0;4;68.0
1972-04-21;59.5;4;59.5
1972-04-22;41.3;4;41.3
1972-04-23;32.5;4;32.5
1972-04-24;58.0;4;58.0
1972-04-25;77.5;4;77.5
1972-04-26;42.8;4;42.8
1972-04-27;57.3;4;57.3
1972-04-28;55.3;4;55.3
1972-04-29;45.0;4;45.0
1972-04-30;40.5;4;40.5
1972-05-01;31.4;5;31.4
1972-05-02;32.8;5;32.8
1972-05-03;33.3;5;33.3
1972-05-04;29.4;5;29.4
1972-05-05;26.7;5;26.7
1972-05-06;23.7;5;23.7
1972-05-07;21.3;5;21.3
1972-05-08;21.6;5;21.6
1972-05-09;22.2;5;22.2
1972-05-10;25.8;5;25.8
1972-05-11;34.5;5;34.5
1972-05-12;27.0;5;27.0
1972-05-13;30.3;5;30.3
1972-05-14;22.8;5;22.8
1972-05-15;39.3;5;39.3
1972-05-16;25.8;5;25.8
1972-05-17;31.8;5;31.8
1972-05-18;26.3;5;26.3
1972-05-19;25.5;5;25.5
1972-05-20;26.5;5;26.5
1972-05-21;28.8;5;28.8
1972-05-22;28.3;5;28.3
1972-05-23;21.3;5;21.3
1972-05-24;29.1;5;29.1
1972-05-25;54.5;5;54.5
1972-05-26;26.2;5;26.2
1972-05-27;21.6;5;21.6
1972-05-28;23.1;5;23.1
1972-05-29;28.8;5;28.8
1972-05-30;30.9;5;30.9
1972-05-31;26.9;5;26.9
1972-06-01;20.7;6;20.7
1972-06-02;18.0;6;18.0
1972-06-03;18.0;6;18.0
1972-06-04;18.0;6;18.0
1972-06-05;18.3;6;18.3
1972-06-06;20.7;6;20.7
1972-06-07;22.2;6;22.2
1972-06-08;23.7;6;23.7
1972-06-09;20.7;6;20.7
1972-06-10;20.7;6;20.7
1972-06-11;18.3;6;18.3
1972-06-12;18.3;6;18.3
1972-06-13;52.7;6;52.7
1972-06-14;22.5;6;22.5
1972-06-15;48.0;6;48.0
1972-06-16;20.7;6;20.7
1972-06-17;17.7;6;17.7
1972-06-18;16.5;6;16.5
1972-06-19;19.8;6;19.8
1972-06-20;29.3;6;29.3
1972-06-21;18.0;6;18.0
1972-06-22;17.7;6;17.7
1972-06-23;28.8;6;28.8
1972-06-24;34.1;6;34.1
1972-06-25;27.3;6;27.3
1972-06-26;37.3;6;37.3
1972-06-27;29.5;6;29.5
1972-06-28;25.5;6;25.5
1972-06-29;43.5;6;43.5
1972-06-30;142.8;6;142.8
1972-07-01;170.5;7;170.5
1972-07-02;178.0;7;178.0
1972-07-03;92.0;7;92.0
1972-07-04;47.0;7;47.0
1972-07-05;28.4;7;28.4
1972-07-06;30.1;7;30.1
1972-07-07;25.8;7;25.8
1972-07-08;24.3;7;24.3
1972-07-09;21.3;7;21.3
1972-07-10;22.8;7;22.8
1972-07-11;47.0;7;47.0
1972-07-12;64.5;7;64.5
1972-07-13;30.8;7;30.8
1972-07-14;24.6;7;24.6
1972-07-15;26.7;7;26.7
1972-07-16;40.5;7;40.5
1972-07-17;43.5;7;43.5
1972-07-18;58.5;7;58.5
1972-07-19;36.5;7;36.5
1972-07-20;29.5;7;29.5
1972-07-21;24.0;7;24.0
1972-07-22;22.5;7;22.5
1972-07-23;47.5;7;47.5
1972-07-24;44.8;7;44.8
1972-07-25;31.7;7;31.7
1972-07-26;41.1;7;41.1
1972-07-27;49.5;7;49.5
1972-07-28;45.0;7;45.0
1972-07-29;40.5;7;40.5
1972-07-30;22.5;7;22.5
1972-07-31;19.2;7;19.2
1972-08-01;18.0;8;18.0
1972-08-02;16.2;8;16.2
1972-08-03;15.6;8;15.6
1972-08-04;16.8;8;16.8
1972-08-05;16.5;8;16.5
1972-08-06;19.2;8;19.2
1972-08-07;18.3;8;18.3
1972-08-08;20.1;8;20.1
1972-08-09;22.5;8;22.5
1972-08-10;23.7;8;23.7
1972-08-11;40.5;8;40.5
1972-08-12;28.8;8;28.8
1972-08-13;28.8;8;28.8
1972-08-14;38.5;8;38.5
1972-08-15;37.0;8;37.0
1972-08-16;26.4;8;26.4
1972-08-17;25.5;8;25.5
1972-08-18;40.5;8;40.5
1972-08-19;29.4;8;29.4
1972-08-20;25.5;8;25.5
1972-08-21;37.3;8;37.3
1972-08-22;35.3;8;35.3
1972-08-23;31.1;8;31.1
1972-08-24;18.6;8;18.6
1972-08-25;18.3;8;18.3
1972-08-26;18.6;8;18.6
1972-08-27;19.2;8;19.2
1972-08-28;18.3;8;18.3
1972-08-29;18.6;8;18.6
1972-08-30;20.7;8;20.7
1972-08-31;22.8;8;22.8
1972-09-01;20.1;9;20.1
1972-09-02;34.1;9;34.1
1972-09-03;34.1;9;34.1
1972-09-04;40.5;9;40.5
1972-09-05;45.0;9;45.0
1972-09-06;35.0;9;35.0
1972-09-07;28.3;9;28.3
1972-09-08;47.0;9;47.0
1972-09-09;37.3;9;37.3
1972-09-10;30.8;9;30.8
1972-09-11;22.2;9;22.2
1972-09-12;22.5;9;22.5
1972-09-13;22.2;9;22.2
1972-09-14;19.2;9;19.2
1972-09-15;21.6;9;21.6
1972-09-16;22.5;9;22.5
1972-09-17;18.6;9;18.6
1972-09-18;17.4;9;17.4
1972-09-19;21.3;9;21.3
1972-09-20;19.5;9;19.5
1972-09-21;24.3;9;24.3
1972-09-22;24.3;9;24.3
1972-09-23;25.5;9;25.5
1972-09-24;18.9;9;18.9
1972-09-25;16.5;9;16.5
1972-09-26;15.0;9;15.0
1972-09-27;20.1;9;20.1
1972-09-28;18.3;9;18.3
1972-09-29;17.7;9;17.7
1972-09-30;15.0;9;15.0
1972-10-01;15.3;10;15.3
1972-10-02;16.2;10;16.2
1972-10-03;12.5;10;12.5
1972-10-04;12.5;10;12.5
1972-10-05;12.0;10;12.0
1972-10-06;11.3;10;11.3
1972-10-07;11.3;10;11.3
1972-10-08;10.8;10;10.8
1972-10-09;10.8;10;10.8
1972-10-10;10.3;10;10.3
1972-10-11;19.5;10;19.5
1972-10-12;20.7;10;20.7
1972-10-13;39.3;10;39.3
1972-10-14;24.0;10;24.0
1972-10-15;18.0;10;18.0
1972-10-16;17.4;10;17.4
1972-10-17;12.5;10;12.5
1972-10-18;11.5;10;11.5
1972-10-19;10.0;10;10.0
1972-10-20;10.3;10;10.3
1972-10-21;10.0;10;10.0
1972-10-22;10.0;10;10.0
1972-10-23;9.6;10;9.6
1972-10-24;9.6;10;9.6
1972-10-25;9.6;10;9.6
1972-10-26;11.3;10;11.3
1972-10-27;17.4;10;17.4
1972-10-28;19.2;10;19.2
1972-10-29;19.5;10;19.5
1972-10-30;23.1;10;23.1
1972-10-31;30.3;10;30.3
1972-11-01;31.0;11;31.0
1972-11-02;33.0;11;33.0
1972-11-03;60.0;11;60.0
1972-11-04;47.0;11;47.0
1972-11-05;35.1;11;35.1
1972-11-06;25.5;11;25.5
1972-11-07;24.9;11;24.9
1972-11-08;23.7;11;23.7
1972-11-09;23.7;11;23.7
1972-11-10;20.7;11;20.7
1972-11-11;18.6;11;18.6
1972-11-12;21.3;11;21.3
1972-11-13;19.8;11;19.8
1972-11-14;21.0;11;21.0
1972-11-15;20.1;11;20.1
1972-11-16;30.5;11;30.5
1972-11-17;35.3;11;35.3
1972-11-18;34.1;11;34.1
1972-11-19;29.4;11;29.4
1972-11-20;24.6;11;24.6
1972-11-21;21.6;11;21.6
1972-11-22;23.1;11;23.1
1972-11-23;40.8;11;40.8
1972-11-24;38.1;11;38.1
1972-11-25;28.0;11;28.0
1972-11-26;24.6;11;24.6
1972-11-27;24.3;11;24.3
1972-11-28;28.5;11;28.5
1972-11-29;29.5;11;29.5
1972-11-30;22.8;11;22.8
1972-12-01;67.0;12;67.0
1972-12-02;42.3;12;42.3
1972-12-03;35.3;12;35.3
1972-12-04;28.8;12;28.8
1972-12-05;24.9;12;24.9
1972-12-06;22.5;12;22.5
1972-12-07;24.6;12;24.6
1972-12-08;21.9;12;21.9
1972-12-09;36.5;12;36.5
1972-12-10;34.5;12;34.5
1972-12-11;31.3;12;31.3
1972-12-12;33.3;12;33.3
1972-12-13;26.7;12;26.7
1972-12-14;22.5;12;22.5
1972-12-15;21.6;12;21.6
1972-12-16;21.6;12;21.6
1972-12-17;24.3;12;24.3
1972-12-18;26.5;12;26.5
1972-12-19;24.6;12;24.6
1972-12-20;43.5;12;43.5
1972-12-21;34.9;12;34.9
1972-12-22;50.7;12;50.7
1972-12-23;40.5;12;40.5
1972-12-24;36.1;12;36.1
1972-12-25;31.3;12;31.3
1972-12-26;26.7;12;26.7
1972-12-27;23.1;12;23.1
1972-12-28;22.8;12;22.8
1972-12-29;22.5;12;22.5
1972-12-30;22.8;12;22.8
1972-12-31;20.7;12;20.7
1973-01-01;18.9;1;18.9
1973-01-02;18.6;1;18.6
1973-01-03;18.3;1;18.3
1973-01-04;18.0;1;18.0
1973-01-05;17.4;1;17.4
1973-01-06;18.6;1;18.6
1973-01-07;18.0;1;18.0
1973-01-08;20.1;1;20.1
1973-01-09;19.8;1;19.8
1973-01-10;18.0;1;18.0
1973-01-11;19.8;1;19.8
1973-01-12;17.7;1;17.7
1973-01-13;18.0;1;18.0
1973-01-14;17.4;1;17.4
1973-01-15;17.4;1;17.4
1973-01-16;17.4;1;17.4
1973-01-17;17.7;1;17.7
1973-01-18;17.4;1;17.4
1973-01-19;18.0;1;18.0
1973-01-20;20.1;1;20.1
1973-01-21;19.2;1;19.2
1973-01-22;20.4;1;20.4
1973-01-23;18.6;1;18.6
1973-01-24;17.7;1;17.7
1973-01-25;15.9;1;15.9
1973-01-26;15.6;1;15.6
1973-01-27;15.0;1;15.0
1973-01-28;15.3;1;15.3
1973-01-29;15.9;1;15.9
1973-01-30;15.3;1;15.3
1973-01-31;18.9;1;18.9
1973-02-01;21.6;2;21.6
1973-02-02;20.7;2;20.7
1973-02-03;18.6;2;18.6
1973-02-04;17.7;2;17.7
1973-02-05;16.2;2;16.2
1973-02-06;21.0;2;21.0
1973-02-07;21.3;2;21.3
1973-02-08;34.5;2;34.5
1973-02-09;25.9;2;25.9
1973-02-10;20.7;2;20.7
1973-02-11;19.2;2;19.2
1973-02-12;16.2;2;16.2
1973-02-13;16.2;2;16.2
1973-02-14;13.0;2;13.0
1973-02-15;12.8;2;12.8
1973-02-16;12.5;2;12.5
1973-02-17;12.5;2;12.5
1973-02-18;12.0;2;12.0
1973-02-19;12.0;2;12.0
1973-02-20;12.0;2;12.0
1973-02-21;11.0;2;11.0
1973-02-22;11.0;2;11.0
1973-02-23;10.5;2;10.5
1973-02-24;10.0;2;10.0
1973-02-25;10.0;2;10.0
1973-02-26;10.3;2;10.3
1973-02-27;9.5;2;9.5
1973-02-28;8.0;2;8.0
1973-03-01;8.0;3;8.0
1973-03-02;9.7;3;9.7
1973-03-03;9.0;3;9.0
1973-03-04;10.0;3;10.0
1973-03-05;8.6;3;8.6
1973-03-06;11.0;3;11.0
1973-03-07;8.6;3;8.6
1973-03-08;8.0;3;8.0
1973-03-09;28.8;3;28.8
1973-03-10;27.7;3;27.7
1973-03-11;18.9;3;18.9
1973-03-12;18.3;3;18.3
1973-03-13;19.5;3;19.5
1973-03-14;17.7;3;17.7
1973-03-15;18.3;3;18.3
1973-03-16;17.7;3;17.7
1973-03-17;18.3;3;18.3
1973-03-18;18.6;3;18.6
1973-03-19;18.0;3;18.0
1973-03-20;18.6;3;18.6
1973-03-21;15.0;3;15.0
1973-03-22;21.0;3;21.0
1973-03-23;15.3;3;15.3
1973-03-24;18.0;3;18.0
1973-03-25;17.4;3;17.4
1973-03-26;15.6;3;15.6
1973-03-27;15.0;3;15.0
1973-03-28;15.0;3;15.0
1973-03-29;17.4;3;17.4
1973-03-30;15.4;3;15.4
1973-03-31;13.0;3;13.0
1973-04-01;14.5;4;14.5
1973-04-02;15.6;4;15.6
1973-04-03;12.5;4;12.5
1973-04-04;14.0;4;14.0
1973-04-05;13.8;4;13.8
1973-04-06;13.0;4;13.0
1973-04-07;12.5;4;12.5
1973-04-08;26.3;4;26.3
1973-04-09;22.5;4;22.5
1973-04-10;16.5;4;16.5
1973-04-11;15.0;4;15.0
1973-04-12;14.3;4;14.3
1973-04-13;12.5;4;12.5
1973-04-14;12.5;4;12.5
1973-04-15;21.0;4;21.0
1973-04-16;17.4;4;17.4
1973-04-17;17.4;4;17.4
1973-04-18;15.0;4;15.0
1973-04-19;16.5;4;16.5
1973-04-20;18.0;4;18.0
1973-04-21;16.5;4;16.5
1973-04-22;15.0;4;15.0
1973-04-23;15.0;4;15.0
1973-04-24;22.8;4;22.8
1973-04-25;15.0;4;15.0
1973-04-26;19.2;4;19.2
1973-04-27;20.1;4;20.1
1973-04-28;15.3;4;15.3
1973-04-29;15.0;4;15.0
1973-04-30;15.0;4;15.0
1973-05-01;15.0;5;15.0
1973-05-02;15.0;5;15.0
1973-05-03;15.3;5;15.3
1973-05-04;17.7;5;17.7
1973-05-05;15.0;5;15.0
1973-05-06;16.5;5;16.5
1973-05-07;26.3;5;26.3
1973-05-08;25.2;5;25.2
1973-05-09;19.2;5;19.2
1973-05-10;17.7;5;17.7
1973-05-11;16.5;5;16.5
1973-05-12;15.0;5;15.0
1973-05-13;15.0;5;15.0
1973-05-14;19.5;5;19.5
1973-05-15;32.8;5;32.8
1973-05-16;22.2;5;22.2
1973-05-17;25.4;5;25.4
1973-05-18;21.0;5;21.0
1973-05-19;21.9;5;21.9
1973-05-20;22.2;5;22.2
1973-05-21;19.5;5;19.5
1973-05-22;15.3;5;15.3
1973-05-23;15.0;5;15.0
1973-05-24;15.0;5;15.0
1973-05-25;15.0;5;15.0
1973-05-26;13.5;5;13.5
1973-05-27;12.5;5;12.5
1973-05-28;15.5;5;15.5
1973-05-29;19.8;5;19.8
1973-05-30;22.5;5;22.5
1973-05-31;23.7;5;23.7
1973-06-01;16.5;6;16.5
1973-06-02;16.2;6;16.2
1973-06-03;12.5;6;12.5
1973-06-04;17.7;6;17.7
1973-06-05;22.1;6;22.1
1973-06-06;19.2;6;19.2
1973-06-07;17.7;6;17.7
1973-06-08;15.0;6;15.0
1973-06-09;18.6;6;18.6
1973-06-10;15.0;6;15.0
1973-06-11;24.6;6;24.6
1973-06-12;16.5;6;16.5
1973-06-13;16.2;6;16.2
1973-06-14;14.5;6;14.5
1973-06-15;24.6;6;24.6
1973-06-16;18.6;6;18.6
1973-06-17;17.7;6;17.7
1973-06-18;24.5;6;24.5
1973-06-19;21.6;6;21.6
1973-06-20;25.5;6;25.5
1973-06-21;24.7;6;24.7
1973-06-22;27.6;6;27.6
1973-06-23;22.5;6;22.5
1973-06-24;20.1;6;20.1
1973-06-25;21.0;6;21.0
1973-06-26;18.0;6;18.0
1973-06-27;17.4;6;17.4
1973-06-28;15.0;6;15.0
1973-06-29;15.0;6;15.0
1973-06-30;24.8;6;24.8
1973-07-01;25.5;7;25.5
1973-07-02;22.8;7;22.8
1973-07-03;41.0;7;41.0
1973-07-04;36.5;7;36.5
1973-07-05;34.8;7;34.8
1973-07-06;52.0;7;52.0
1973-07-07;55.6;7;55.6
1973-07-08;36.3;7;36.3
1973-07-09;38.5;7;38.5
1973-07-10;36.5;7;36.5
1973-07-11;44.8;7;44.8
1973-07-12;40.1;7;40.1
1973-07-13;33.3;7;33.3
1973-07-14;28.8;7;28.8
1973-07-15;22.5;7;22.5
1973-07-16;17.7;7;17.7
1973-07-17;15.3;7;15.3
1973-07-18;15.9;7;15.9
1973-07-19;31.7;7;31.7
1973-07-20;17.7;7;17.7
1973-07-21;30.0;7;30.0
1973-07-22;25.5;7;25.5
1973-07-23;21.0;7;21.0
1973-07-24;45.0;7;45.0
1973-07-25;21.6;7;21.6
1973-07-26;19.5;7;19.5
1973-07-27;18.0;7;18.0
1973-07-28;19.2;7;19.2
1973-07-29;22.5;7;22.5
1973-07-30;21.6;7;21.6
1973-07-31;24.3;7;24.3
1973-08-01;59.0;8;59.0
1973-08-02;51.5;8;51.5
1973-08-03;34.1;8;34.1
1973-08-04;27.0;8;27.0
1973-08-05;23.7;8;23.7
1973-08-06;33.3;8;33.3
1973-08-07;55.3;8;55.3
1973-08-08;40.1;8;40.1
1973-08-09;32.5;8;32.5
1973-08-10;25.5;8;25.5
1973-08-11;24.3;8;24.3
1973-08-12;18.0;8;18.0
1973-08-13;16.5;8;16.5
1973-08-14;16.2;8;16.2
1973-08-15;20.7;8;20.7
1973-08-16;29.3;8;29.3
1973-08-17;16.5;8;16.5
1973-08-18;22.5;8;22.5
1973-08-19;18.0;8;18.0
1973-08-20;17.4;8;17.4
1973-08-21;22.2;8;22.2
1973-08-22;21.6;8;21.6
1973-08-23;32.5;8;32.5
1973-08-24;34.5;8;34.5
1973-08-25;28.4;8;28.4
1973-08-26;27.0;8;27.0
1973-08-27;44.8;8;44.8
1973-08-28;42.6;8;42.6
1973-08-29;27.8;8;27.8
1973-08-30;34.1;8;34.1
1973-08-31;30.3;8;30.3
1973-09-01;28.4;9;28.4
1973-09-02;24.3;9;24.3
1973-09-03;21.6;9;21.6
1973-09-04;16.5;9;16.5
1973-09-05;16.2;9;16.2
1973-09-06;15.3;9;15.3
1973-09-07;29.4;9;29.4
1973-09-08;15.3;9;15.3
1973-09-09;14.8;9;14.8
1973-09-10;14.0;9;14.0
1973-09-11;17.3;9;17.3
1973-09-12;18.0;9;18.0
1973-09-13;20.7;9;20.7
1973-09-14;21.0;9;21.0
1973-09-15;25.5;9;25.5
1973-09-16;30.8;9;30.8
1973-09-17;28.4;9;28.4
1973-09-18;24.6;9;24.6
1973-09-19;37.7;9;37.7
1973-09-20;25.5;9;25.5
1973-09-21;21.0;9;21.0
1973-09-22;19.2;9;19.2
1973-09-23;18.0;9;18.0
1973-09-24;20.7;9;20.7
1973-09-25;21.3;9;21.3
1973-09-26;18.0;9;18.0
1973-09-27;22.5;9;22.5
1973-09-28;41.8;9;41.8
1973-09-29;36.5;9;36.5
1973-09-30;23.7;9;23.7
1973-10-01;17.7;10;17.7
1973-10-02;18.0;10;18.0
1973-10-03;19.2;10;19.2
1973-10-04;33.1;10;33.1
1973-10-05;35.5;10;35.5
1973-10-06;25.2;10;25.2
1973-10-07;47.0;10;47.0
1973-10-08;36.5;10;36.5
1973-10-09;25.5;10;25.5
1973-10-10;18.6;10;18.6
1973-10-11;16.8;10;16.8
1973-10-12;15.0;10;15.0
1973-10-13;15.3;10;15.3
1973-10-14;18.0;10;18.0
1973-10-15;24.3;10;24.3
1973-10-16;21.6;10;21.6
1973-10-17;19.5;10;19.5
1973-10-18;20.7;10;20.7
1973-10-19;33.3;10;33.3
1973-10-20;25.5;10;25.5
1973-10-21;28.8;10;28.8
1973-10-22;32.9;10;32.9
1973-10-23;34.5;10;34.5
1973-10-24;32.3;10;32.3
1973-10-25;32.9;10;32.9
1973-10-26;35.3;10;35.3
1973-10-27;27.4;10;27.4
1973-10-28;21.6;10;21.6
1973-10-29;24.0;10;24.0
1973-10-30;24.0;10;24.0
1973-10-31;22.2;10;22.2
1973-11-01;25.8;11;25.8
1973-11-02;21.0;11;21.0
1973-11-03;21.0;11;21.0
1973-11-04;22.2;11;22.2
1973-11-05;19.2;11;19.2
1973-11-06;23.1;11;23.1
1973-11-07;25.8;11;25.8
1973-11-08;26.2;11;26.2
1973-11-09;25.2;11;25.2
1973-11-10;29.3;11;29.3
1973-11-11;81.3;11;81.3
1973-11-12;42.8;11;42.8
1973-11-13;29.1;11;29.1
1973-11-14;37.0;11;37.0
1973-11-15;36.5;11;36.5
1973-11-16;29.4;11;29.4
1973-11-17;27.3;11;27.3
1973-11-18;27.7;11;27.7
1973-11-19;28.4;11;28.4
1973-11-20;24.6;11;24.6
1973-11-21;21.0;11;21.0
1973-11-22;21.0;11;21.0
1973-11-23;21.3;11;21.3
1973-11-24;21.0;11;21.0
1973-11-25;18.6;11;18.6
1973-11-26;19.5;11;19.5
1973-11-27;20.4;11;20.4
1973-11-28;29.8;11;29.8
1973-11-29;41.0;11;41.0
1973-11-30;41.4;11;41.4
1973-12-01;32.5;12;32.5
1973-12-02;65.0;12;65.0
1973-12-03;40.5;12;40.5
1973-12-04;36.5;12;36.5
1973-12-05;32.5;12;32.5
1973-12-06;39.5;12;39.5
1973-12-07;36.1;12;36.1
1973-12-08;28.8;12;28.8
1973-12-09;36.5;12;36.5
1973-12-10;40.5;12;40.5
1973-12-11;37.3;12;37.3
1973-12-12;40.5;12;40.5
1973-12-13;29.5;12;29.5
1973-12-14;26.7;12;26.7
1973-12-15;21.6;12;21.6
1973-12-16;22.5;12;22.5
1973-12-17;21.6;12;21.6
1973-12-18;30.3;12;30.3
1973-12-19;24.0;12;24.0
1973-12-20;21.9;12;21.9
1973-12-21;21.3;12;21.3
1973-12-22;20.7;12;20.7
1973-12-23;19.2;12;19.2
1973-12-24;21.3;12;21.3
1973-12-25;23.1;12;23.1
1973-12-26;23.7;12;23.7
1973-12-27;21.3;12;21.3
1973-12-28;22.5;12;22.5
1973-12-29;23.1;12;23.1
1973-12-30;21.3;12;21.3
1973-12-31;20.7;12;20.7
1974-01-01;23.1;1;23.1
1974-01-02;21.3;1;21.3
1974-01-03;22.5;1;22.5
1974-01-04;20.7;1;20.7
1974-01-05;20.7;1;20.7
1974-01-06;18.6;1;18.6
1974-01-07;18.6;1;18.6
1974-01-08;17.7;1;17.7
1974-01-09;15.6;1;15.6
1974-01-10;26.3;1;26.3
1974-01-11;19.2;1;19.2
1974-01-12;17.4;1;17.4
1974-01-13;30.3;1;30.3
1974-01-14;49.5;1;49.5
1974-01-15;25.5;1;25.5
1974-01-16;29.3;1;29.3
1974-01-17;46.0;1;46.0
1974-01-18;42.8;1;42.8
1974-01-19;74.8;1;74.8
1974-01-20;47.0;1;47.0
1974-01-21;33.3;1;33.3
1974-01-22;43.5;1;43.5
1974-01-23;27.0;1;27.0
1974-01-24;27.0;1;27.0
1974-01-25;26.7;1;26.7
1974-01-26;34.5;1;34.5
1974-01-27;27.0;1;27.0
1974-01-28;24.3;1;24.3
1974-01-29;23.1;1;23.1
1974-01-30;21.6;1;21.6
1974-01-31;36.3;1;36.3
1974-02-01;24.0;2;24.0
1974-02-02;59.4;2;59.4
1974-02-03;67.0;2;67.0
1974-02-04;44.8;2;44.8
1974-02-05;34.5;2;34.5
1974-02-06;38.5;2;38.5
1974-02-07;32.5;2;32.5
1974-02-08;51.8;2;51.8
1974-02-09;94.0;2;94.0
1974-02-10;69.3;2;69.3
1974-02-11;47.0;2;47.0
1974-02-12;54.0;2;54.0
1974-02-13;42.5;2;42.5
1974-02-14;32.5;2;32.5
1974-02-15;47.0;2;47.0
1974-02-16;38.8;2;38.8
1974-02-17;59.0;2;59.0
1974-02-18;53.3;2;53.3
1974-02-19;32.5;2;32.5
1974-02-20;32.5;2;32.5
1974-02-21;30.9;2;30.9
1974-02-22;37.7;2;37.7
1974-02-23;25.5;2;25.5
1974-02-24;23.7;2;23.7
1974-02-25;22.2;2;22.2
1974-02-26;22.8;2;22.8
1974-02-27;21.0;2;21.0
1974-02-28;20.4;2;20.4
1974-03-01;19.5;3;19.5
1974-03-02;25.8;3;25.8
1974-03-03;25.2;3;25.2
1974-03-04;21.6;3;21.6
1974-03-05;20.4;3;20.4
1974-03-06;22.5;3;22.5
1974-03-07;20.7;3;20.7
1974-03-08;21.6;3;21.6
1974-03-09;114.3;3;114.3
1974-03-10;51.8;3;51.8
1974-03-11;34.5;3;34.5
1974-03-12;34.1;3;34.1
1974-03-13;36.5;3;36.5
1974-03-14;129.8;3;129.8
1974-03-15;68.0;3;68.0
1974-03-16;64.0;3;64.0
1974-03-17;47.0;3;47.0
1974-03-18;40.5;3;40.5
1974-03-19;38.9;3;38.9
1974-03-20;34.5;3;34.5
1974-03-21;49.3;3;49.3
1974-03-22;47.0;3;47.0
1974-03-23;42.5;3;42.5
1974-03-24;38.9;3;38.9
1974-03-25;34.5;3;34.5
1974-03-26;40.5;3;40.5
1974-03-27;32.5;3;32.5
1974-03-28;27.0;3;27.0
1974-03-29;30.5;3;30.5
1974-03-30;34.5;3;34.5
1974-03-31;34.1;3;34.1
1974-04-01;25.5;4;25.5
1974-04-02;27.4;4;27.4
1974-04-03;26.7;4;26.7
1974-04-04;23.7;4;23.7
1974-04-05;29.1;4;29.1
1974-04-06;30.1;4;30.1
1974-04-07;27.7;4;27.7
1974-04-08;29.1;4;29.1
1974-04-09;28.4;4;28.4
1974-04-10;27.3;4;27.3
1974-04-11;25.8;4;25.8
1974-04-12;29.8;4;29.8
1974-04-13;40.5;4;40.5
1974-04-14;30.5;4;30.5
1974-04-15;24.3;4;24.3
1974-04-16;24.0;4;24.0
1974-04-17;22.8;4;22.8
1974-04-18;20.4;4;20.4
1974-04-19;18.6;4;18.6
1974-04-20;18.0;4;18.0
1974-04-21;21.0;4;21.0
1974-04-22;19.8;4;19.8
1974-04-23;18.6;4;18.6
1974-04-24;18.3;4;18.3
1974-04-25;17.1;4;17.1
1974-04-26;16.5;4;16.5
1974-04-27;19.8;4;19.8
1974-04-28;21.0;4;21.0
1974-04-29;21.0;4;21.0
1974-04-30;21.3;4;21.3
1974-05-01;47.0;5;47.0
1974-05-02;90.3;5;90.3
1974-05-03;54.3;5;54.3
1974-05-04;30.8;5;30.8
1974-05-05;30.5;5;30.5
1974-05-06;32.5;5;32.5
1974-05-07;32.5;5;32.5
1974-05-08;27.0;5;27.0
1974-05-09;26.7;5;26.7
1974-05-10;28.0;5;28.0
1974-05-11;25.5;5;25.5
1974-05-12;24.3;5;24.3
1974-05-13;24.0;5;24.0
1974-05-14;21.0;5;21.0
1974-05-15;18.3;5;18.3
1974-05-16;17.4;5;17.4
1974-05-17;18.6;5;18.6
1974-05-18;20.7;5;20.7
1974-05-19;20.1;5;20.1
1974-05-20;21.3;5;21.3
1974-05-21;24.3;5;24.3
1974-05-22;25.2;5;25.2
1974-05-23;22.5;5;22.5
1974-05-24;21.6;5;21.6
1974-05-25;20.7;5;20.7
1974-05-26;18.6;5;18.6
1974-05-27;20.4;5;20.4
1974-05-28;19.8;5;19.8
1974-05-29;20.7;5;20.7
1974-05-30;19.7;5;19.7
1974-05-31;27.1;5;27.1
1974-06-01;25.8;6;25.8
1974-06-02;24.6;6;24.6
1974-06-03;27.3;6;27.3
1974-06-04;24.0;6;24.0
1974-06-05;20.1;6;20.1
1974-06-06;18.9;6;18.9
1974-06-07;23.8;6;23.8
1974-06-08;18.0;6;18.0
1974-06-09;18.6;6;18.6
1974-06-10;18.0;6;18.0
1974-06-11;17.7;6;17.7
1974-06-12;17.1;6;17.1
1974-06-13;21.0;6;21.0
1974-06-14;22.2;6;22.2
1974-06-15;19.5;6;19.5
1974-06-16;21.0;6;21.0
1974-06-17;20.7;6;20.7
1974-06-18;22.8;6;22.8
1974-06-19;24.7;6;24.7
1974-06-20;32.9;6;32.9
1974-06-21;32.5;6;32.5
1974-06-22;31.3;6;31.3
1974-06-23;25.5;6;25.5
1974-06-24;23.7;6;23.7
1974-06-25;20.7;6;20.7
1974-06-26;18.0;6;18.0
1974-06-27;18.3;6;18.3
1974-06-28;19.5;6;19.5
1974-06-29;24.9;6;24.9
1974-06-30;25.8;6;25.8
1974-07-01;30.1;7;30.1
1974-07-02;37.3;7;37.3
1974-07-03;45.0;7;45.0
1974-07-04;41.0;7;41.0
1974-07-05;24.6;7;24.6
1974-07-06;29.8;7;29.8
1974-07-07;129.8;7;129.8
1974-07-08;116.3;7;116.3
1974-07-09;42.5;7;42.5
1974-07-10;48.3;7;48.3
1974-07-11;47.5;7;47.5
1974-07-12;49.3;7;49.3
1974-07-13;40.5;7;40.5
1974-07-14;35.3;7;35.3
1974-07-15;30.9;7;30.9
1974-07-16;27.7;7;27.7
1974-07-17;24.3;7;24.3
1974-07-18;21.9;7;21.9
1974-07-19;20.7;7;20.7
1974-07-20;18.6;7;18.6
1974-07-21;19.5;7;19.5
1974-07-22;21.0;7;21.0
1974-07-23;31.8;7;31.8
1974-07-24;42.8;7;42.8
1974-07-25;83.5;7;83.5
1974-07-26;35.5;7;35.5
1974-07-27;25.8;7;25.8
1974-07-28;40.5;7;40.5
1974-07-29;40.8;7;40.8
1974-07-30;51.3;7;51.3
1974-07-31;89.2;7;89.2
1974-08-01;44.6;8;44.6
1974-08-02;34.5;8;34.5
1974-08-03;26.5;8;26.5
1974-08-04;21.6;8;21.6
1974-08-05;19.8;8;19.8
1974-08-06;34.4;8;34.4
1974-08-07;32.8;8;32.8
1974-08-08;25.5;8;25.5
1974-08-09;29.4;8;29.4
1974-08-10;44.8;8;44.8
1974-08-11;44.3;8;44.3
1974-08-12;33.3;8;33.3
1974-08-13;35.4;8;35.4
1974-08-14;25.2;8;25.2
1974-08-15;21.0;8;21.0
1974-08-16;18.9;8;18.9
1974-08-17;25.5;8;25.5
1974-08-18;20.7;8;20.7
1974-08-19;21.0;8;21.0
1974-08-20;18.3;8;18.3
1974-08-21;17.4;8;17.4
1974-08-22;17.4;8;17.4
1974-08-23;18.0;8;18.0
1974-08-24;18.0;8;18.0
1974-08-25;19.2;8;19.2
1974-08-26;20.1;8;20.1
1974-08-27;20.7;8;20.7
1974-08-28;18.0;8;18.0
1974-08-29;17.4;8;17.4
1974-08-30;18.3;8;18.3
1974-08-31;20.7;8;20.7
1974-09-01;21.0;9;21.0
1974-09-02;18.9;9;18.9
1974-09-03;18.3;9;18.3
1974-09-04;36.5;9;36.5
1974-09-05;21.6;9;21.6
1974-09-06;20.7;9;20.7
1974-09-07;20.7;9;20.7
1974-09-08;19.9;9;19.9
1974-09-09;17.4;9;17.4
1974-09-10;30.5;9;30.5
1974-09-11;20.7;9;20.7
1974-09-12;17.4;9;17.4
1974-09-13;21.0;9;21.0
1974-09-14;22.5;9;22.5
1974-09-15;19.2;9;19.2
1974-09-16;16.5;9;16.5
1974-09-17;14.8;9;14.8
1974-09-18;16.5;9;16.5
1974-09-19;16.5;9;16.5
1974-09-20;16.5;9;16.5
1974-09-21;20.3;9;20.3
1974-09-22;16.5;9;16.5
1974-09-23;15.0;9;15.0
1974-09-24;14.8;9;14.8
1974-09-25;22.4;9;22.4
1974-09-26;23.7;9;23.7
1974-09-27;20.7;9;20.7
1974-09-28;18.3;9;18.3
1974-09-29;15.0;9;15.0
1974-09-30;16.8;9;16.8
1974-10-01;18.0;10;18.0
1974-10-02;16.5;10;16.5
1974-10-03;22.5;10;22.5
1974-10-04;36.1;10;36.1
1974-10-05;27.9;10;27.9
1974-10-06;27.0;10;27.0
1974-10-07;25.8;10;25.8
1974-10-08;22.2;10;22.2
1974-10-09;18.8;10;18.8
1974-10-10;16.2;10;16.2
1974-10-11;21.3;10;21.3
1974-10-12;17.7;10;17.7
1974-10-13;15.0;10;15.0
1974-10-14;14.1;10;14.1
1974-10-15;22.5;10;22.5
1974-10-16;25.0;10;25.0
1974-10-17;18.6;10;18.6
1974-10-18;21.3;10;21.3
1974-10-19;20.7;10;20.7
1974-10-20;17.7;10;17.7
1974-10-21;15.9;10;15.9
1974-10-22;14.7;10;14.7
1974-10-23;26.3;10;26.3
1974-10-24;26.7;10;26.7
1974-10-25;27.0;10;27.0
1974-10-26;21.0;10;21.0
1974-10-27;28.8;10;28.8
1974-10-28;23.7;10;23.7
1974-10-29;25.5;10;25.5
1974-10-30;28.3;10;28.3
1974-10-31;21.3;10;21.3
1974-11-01;40.5;11;40.5
1974-11-02;27.8;11;27.8
1974-11-03;24.6;11;24.6
1974-11-04;22.5;11;22.5
1974-11-05;18.3;11;18.3
1974-11-06;17.7;11;17.7
1974-11-07;17.4;11;17.4
1974-11-08;18.3;11;18.3
1974-11-09;31.5;11;31.5
1974-11-10;40.0;11;40.0
1974-11-11;40.3;11;40.3
1974-11-12;47.0;11;47.0
1974-11-13;36.1;11;36.1
1974-11-14;62.1;11;62.1
1974-11-15;49.5;11;49.5
1974-11-16;34.5;11;34.5
1974-11-17;30.5;11;30.5
1974-11-18;27.0;11;27.0
1974-11-19;35.8;11;35.8
1974-11-20;22.2;11;22.2
1974-11-21;31.5;11;31.5
1974-11-22;28.4;11;28.4
1974-11-23;27.3;11;27.3
1974-11-24;45.6;11;45.6
1974-11-25;40.1;11;40.1
1974-11-26;49.6;11;49.6
1974-11-27;35.3;11;35.3
1974-11-28;30.1;11;30.1
1974-11-29;28.8;11;28.8
1974-11-30;33.3;11;33.3
1974-12-01;50.0;12;50.0
1974-12-02;51.8;12;51.8
1974-12-03;48.8;12;48.8
1974-12-04;39.3;12;39.3
1974-12-05;30.9;12;30.9
1974-12-06;27.3;12;27.3
1974-12-07;28.4;12;28.4
1974-12-08;49.5;12;49.5
1974-12-09;36.5;12;36.5
1974-12-10;24.6;12;24.6
1974-12-11;22.8;12;22.8
1974-12-12;21.0;12;21.0
1974-12-13;20.7;12;20.7
1974-12-14;19.5;12;19.5
1974-12-15;28.8;12;28.8
1974-12-16;33.4;12;33.4
1974-12-17;31.3;12;31.3
1974-12-18;25.5;12;25.5
1974-12-19;21.3;12;21.3
1974-12-20;21.3;12;21.3
1974-12-21;21.0;12;21.0
1974-12-22;19.5;12;19.5
1974-12-23;19.2;12;19.2
1974-12-24;17.7;12;17.7
1974-12-25;15.3;12;15.3
1974-12-26;19.5;12;19.5
1974-12-27;21.3;12;21.3
1974-12-28;22.8;12;22.8
1974-12-29;24.3;12;24.3
1974-12-30;34.1;12;34.1
1974-12-31;29.1;12;29.1
1975-01-01;32.8;1;32.8
1975-01-02;59.5;1;59.5
1975-01-03;45.8;1;45.8
1975-01-04;35.3;1;35.3
1975-01-05;32.1;1;32.1
1975-01-06;26.7;1;26.7
1975-01-07;24.0;1;24.0
1975-01-08;24.0;1;24.0
1975-01-09;21.6;1;21.6
1975-01-10;23.1;1;23.1
1975-01-11;22.8;1;22.8
1975-01-12;21.0;1;21.0
1975-01-13;19.8;1;19.8
1975-01-14;19.8;1;19.8
1975-01-15;21.0;1;21.0
1975-01-16;20.7;1;20.7
1975-01-17;20.7;1;20.7
1975-01-18;21.3;1;21.3
1975-01-19;19.8;1;19.8
1975-01-20;18.3;1;18.3
1975-01-21;18.0;1;18.0
1975-01-22;19.8;1;19.8
1975-01-23;21.0;1;21.0
1975-01-24;19.2;1;19.2
1975-01-25;17.7;1;17.7
1975-01-26;17.4;1;17.4
1975-01-27;17.4;1;17.4
1975-01-28;16.5;1;16.5
1975-01-29;16.5;1;16.5
1975-01-30;16.2;1;16.2
1975-01-31;16.2;1;16.2
1975-02-01;17.4;2;17.4
1975-02-02;18.0;2;18.0
1975-02-03;18.0;2;18.0
1975-02-04;36.5;2;36.5
1975-02-05;24.6;2;24.6
1975-02-06;25.4;2;25.4
1975-02-07;27.0;2;27.0
1975-02-08;29.5;2;29.5
1975-02-09;26.7;2;26.7
1975-02-10;23.1;2;23.1
1975-02-11;20.7;2;20.7
1975-02-12;19.2;2;19.2
1975-02-13;18.6;2;18.6
1975-02-14;18.0;2;18.0
1975-02-15;17.4;2;17.4
1975-02-16;18.0;2;18.0
1975-02-17;18.0;2;18.0
1975-02-18;17.4;2;17.4
1975-02-19;20.7;2;20.7
1975-02-20;28.8;2;28.8
1975-02-21;32.1;2;32.1
1975-02-22;36.5;2;36.5
1975-02-23;80.3;2;80.3
1975-02-24;66.8;2;66.8
1975-02-25;47.0;2;47.0
1975-02-26;35.3;2;35.3
1975-02-27;35.3;2;35.3
1975-02-28;58.0;2;58.0
1975-03-01;42.3;3;42.3
1975-03-02;54.0;3;54.0
1975-03-03;47.0;3;47.0
1975-03-04;43.4;3;43.4
1975-03-05;42.5;3;42.5
1975-03-06;48.3;3;48.3
1975-03-07;33.3;3;33.3
1975-03-08;29.4;3;29.4
1975-03-09;29.1;3;29.1
1975-03-10;29.4;3;29.4
1975-03-11;29.1;3;29.1
1975-03-12;28.8;3;28.8
1975-03-13;31.3;3;31.3
1975-03-14;34.1;3;34.1
1975-03-15;38.1;3;38.1
1975-03-16;58.3;3;58.3
1975-03-17;30.1;3;30.1
1975-03-18;27.0;3;27.0
1975-03-19;21.3;3;21.3
1975-03-20;22.8;3;22.8
1975-03-21;25.5;3;25.5
1975-03-22;26.7;3;26.7
1975-03-23;24.9;3;24.9
1975-03-24;24.0;3;24.0
1975-03-25;22.8;3;22.8
1975-03-26;21.6;3;21.6
1975-03-27;21.0;3;21.0
1975-03-28;21.0;3;21.0
1975-03-29;19.8;3;19.8
1975-03-30;18.0;3;18.0
1975-03-31;18.0;3;18.0
1975-04-01;18.0;4;18.0
1975-04-02;29.0;4;29.0
1975-04-03;27.7;4;27.7
1975-04-04;23.7;4;23.7
1975-04-05;29.3;4;29.3
1975-04-06;24.0;4;24.0
1975-04-07;21.3;4;21.3
1975-04-08;18.6;4;18.6
1975-04-09;41.8;4;41.8
1975-04-10;22.5;4;22.5
1975-04-11;22.8;4;22.8
1975-04-12;21.3;4;21.3
1975-04-13;21.3;4;21.3
1975-04-14;21.0;4;21.0
1975-04-15;20.7;4;20.7
1975-04-16;18.9;4;18.9
1975-04-17;18.0;4;18.0
1975-04-18;21.6;4;21.6
1975-04-19;18.6;4;18.6
1975-04-20;17.7;4;17.7
1975-04-21;15.9;4;15.9
1975-04-22;15.0;4;15.0
1975-04-23;15.3;4;15.3
1975-04-24;16.5;4;16.5
1975-04-25;17.4;4;17.4
1975-04-26;15.6;4;15.6
1975-04-27;18.0;4;18.0
1975-04-28;32.5;4;32.5
1975-04-29;22.5;4;22.5
1975-04-30;20.7;4;20.7
1975-05-01;18.0;5;18.0
1975-05-02;18.0;5;18.0
1975-05-03;32.5;5;32.5
1975-05-04;26.1;5;26.1
1975-05-05;30.8;5;30.8
1975-05-06;59.5;5;59.5
1975-05-07;49.5;5;49.5
1975-05-08;28.4;5;28.4
1975-05-09;33.3;5;33.3
1975-05-10;29.4;5;29.4
1975-05-11;28.4;5;28.4
1975-05-12;24.9;5;24.9
1975-05-13;24.0;5;24.0
1975-05-14;25.2;5;25.2
1975-05-15;25.5;5;25.5
1975-05-16;30.1;5;30.1
1975-05-17;32.1;5;32.1
1975-05-18;28.4;5;28.4
1975-05-19;27.3;5;27.3
1975-05-20;21.9;5;21.9
1975-05-21;20.1;5;20.1
1975-05-22;17.7;5;17.7
1975-05-23;20.1;5;20.1
1975-05-24;21.0;5;21.0
1975-05-25;20.7;5;20.7
1975-05-26;24.6;5;24.6
1975-05-27;18.9;5;18.9
1975-05-28;19.8;5;19.8
1975-05-29;25.2;5;25.2
1975-05-30;25.5;5;25.5
1975-05-31;21.0;5;21.0
1975-06-01;22.2;6;22.2
1975-06-02;23.4;6;23.4
1975-06-03;21.0;6;21.0
1975-06-04;21.9;6;21.9
1975-06-05;22.2;6;22.2
1975-06-06;19.8;6;19.8
1975-06-07;22.5;6;22.5
1975-06-08;25.5;6;25.5
1975-06-09;27.0;6;27.0
1975-06-10;44.8;6;44.8
1975-06-11;29.4;6;29.4
1975-06-12;27.7;6;27.7
1975-06-13;61.5;6;61.5
1975-06-14;62.3;6;62.3
1975-06-15;69.5;6;69.5
1975-06-16;51.8;6;51.8
1975-06-17;40.5;6;40.5
1975-06-18;37.3;6;37.3
1975-06-19;32.5;6;32.5
1975-06-20;30.5;6;30.5
1975-06-21;32.9;6;32.9
1975-06-22;32.5;6;32.5
1975-06-23;54.3;6;54.3
1975-06-24;66.8;6;66.8
1975-06-25;44.8;6;44.8
1975-06-26;37.3;6;37.3
1975-06-27;32.5;6;32.5
1975-06-28;29.8;6;29.8
1975-06-29;29.1;6;29.1
1975-06-30;44.3;6;44.3
1975-07-01;45.0;7;45.0
1975-07-02;25.5;7;25.5
1975-07-03;23.7;7;23.7
1975-07-04;28.8;7;28.8
1975-07-05;36.5;7;36.5
1975-07-06;28.8;7;28.8
1975-07-07;31.8;7;31.8
1975-07-08;44.8;7;44.8
1975-07-09;64.8;7;64.8
1975-07-10;32.5;7;32.5
1975-07-11;25.2;7;25.2
1975-07-12;21.3;7;21.3
1975-07-13;18.6;7;18.6
1975-07-14;40.0;7;40.0
1975-07-15;18.6;7;18.6
1975-07-16;18.9;7;18.9
1975-07-17;18.0;7;18.0
1975-07-18;21.0;7;21.0
1975-07-19;20.1;7;20.1
1975-07-20;21.0;7;21.0
1975-07-21;21.0;7;21.0
1975-07-22;21.0;7;21.0
1975-07-23;17.4;7;17.4
1975-07-24;17.4;7;17.4
1975-07-25;15.3;7;15.3
1975-07-26;18.3;7;18.3
1975-07-27;22.2;7;22.2
1975-07-28;26.1;7;26.1
1975-07-29;22.5;7;22.5
1975-07-30;19.2;7;19.2
1975-07-31;40.3;7;40.3
1975-08-01;18.9;8;18.9
1975-08-02;18.6;8;18.6
1975-08-03;18.0;8;18.0
1975-08-04;18.0;8;18.0
1975-08-05;29.6;8;29.6
1975-08-06;21.6;8;21.6
1975-08-07;21.9;8;21.9
1975-08-08;20.7;8;20.7
1975-08-09;19.5;8;19.5
1975-08-10;24.0;8;24.0
1975-08-11;19.2;8;19.2
1975-08-12;27.1;8;27.1
1975-08-13;26.2;8;26.2
1975-08-14;38.5;8;38.5
1975-08-15;38.5;8;38.5
1975-08-16;61.5;8;61.5
1975-08-17;67.0;8;67.0
1975-08-18;65.0;8;65.0
1975-08-19;32.1;8;32.1
1975-08-20;29.5;8;29.5
1975-08-21;30.8;8;30.8
1975-08-22;30.3;8;30.3
1975-08-23;30.5;8;30.5
1975-08-24;26.2;8;26.2
1975-08-25;21.9;8;21.9
1975-08-26;34.9;8;34.9
1975-08-27;24.3;8;24.3
1975-08-28;21.6;8;21.6
1975-08-29;29.3;8;29.3
1975-08-30;43.4;8;43.4
1975-08-31;42.8;8;42.8
1975-09-01;26.3;9;26.3
1975-09-02;20.4;9;20.4
1975-09-03;16.8;9;16.8
1975-09-04;15.6;9;15.6
1975-09-05;16.1;9;16.1
1975-09-06;14.4;9;14.4
1975-09-07;13.5;9;13.5
1975-09-08;21.6;9;21.6
1975-09-09;27.7;9;27.7
1975-09-10;35.2;9;35.2
1975-09-11;22.2;9;22.2
1975-09-12;18.3;9;18.3
1975-09-13;18.0;9;18.0
1975-09-14;18.9;9;18.9
1975-09-15;56.8;9;56.8
1975-09-16;34.8;9;34.8
1975-09-17;24.0;9;24.0
1975-09-18;21.3;9;21.3
1975-09-19;18.0;9;18.0
1975-09-20;20.7;9;20.7
1975-09-21;18.9;9;18.9
1975-09-22;15.6;9;15.6
1975-09-23;20.7;9;20.7
1975-09-24;20.7;9;20.7
1975-09-25;48.9;9;48.9
1975-09-26;40.8;9;40.8
1975-09-27;25.5;9;25.5
1975-09-28;21.6;9;21.6
1975-09-29;19.5;9;19.5
1975-09-30;20.7;9;20.7
1975-10-01;15.0;10;15.0
1975-10-02;17.4;10;17.4
1975-10-03;18.9;10;18.9
1975-10-04;20.7;10;20.7
1975-10-05;20.7;10;20.7
1975-10-06;20.7;10;20.7
1975-10-07;16.5;10;16.5
1975-10-08;14.8;10;14.8
1975-10-09;16.3;10;16.3
1975-10-10;17.7;10;17.7
1975-10-11;18.0;10;18.0
1975-10-12;20.7;10;20.7
1975-10-13;27.9;10;27.9
1975-10-14;28.8;10;28.8
1975-10-15;53.3;10;53.3
1975-10-16;25.5;10;25.5
1975-10-17;33.3;10;33.3
1975-10-18;32.1;10;32.1
1975-10-19;35.5;10;35.5
1975-10-20;22.5;10;22.5
1975-10-21;31.0;10;31.0
1975-10-22;57.3;10;57.3
1975-10-23;25.8;10;25.8
1975-10-24;19.5;10;19.5
1975-10-25;19.8;10;19.8
1975-10-26;22.8;10;22.8
1975-10-27;59.5;10;59.5
1975-10-28;45.6;10;45.6
1975-10-29;33.3;10;33.3
1975-10-30;24.6;10;24.6
1975-10-31;24.0;10;24.0
1975-11-01;23.7;11;23.7
1975-11-02;25.8;11;25.8
1975-11-03;24.0;11;24.0
1975-11-04;42.8;11;42.8
1975-11-05;31.3;11;31.3
1975-11-06;43.5;11;43.5
1975-11-07;83.8;11;83.8
1975-11-08;65.8;11;65.8
1975-11-09;107.5;11;107.5
1975-11-10;68.0;11;68.0
1975-11-11;117.3;11;117.3
1975-11-12;62.3;11;62.3
1975-11-13;49.5;11;49.5
1975-11-14;41.3;11;41.3
1975-11-15;40.8;11;40.8
1975-11-16;39.3;11;39.3
1975-11-17;39.3;11;39.3
1975-11-18;36.5;11;36.5
1975-11-19;28.8;11;28.8
1975-11-20;24.0;11;24.0
1975-11-21;25.5;11;25.5
1975-11-22;48.3;11;48.3
1975-11-23;40.5;11;40.5
1975-11-24;40.8;11;40.8
1975-11-25;47.5;11;47.5
1975-11-26;36.5;11;36.5
1975-11-27;51.3;11;51.3
1975-11-28;54.3;11;54.3
1975-11-29;103.8;11;103.8
1975-11-30;184.0;11;184.0
1975-12-01;178.0;12;178.0
1975-12-02;86.5;12;86.5
1975-12-03;44.8;12;44.8
1975-12-04;69.8;12;69.8
1975-12-05;47.0;12;47.0
1975-12-06;44.8;12;44.8
1975-12-07;78.8;12;78.8
1975-12-08;56.8;12;56.8
1975-12-09;44.3;12;44.3
1975-12-10;47.0;12;47.0
1975-12-11;42.8;12;42.8
1975-12-12;35.3;12;35.3
1975-12-13;31.3;12;31.3
1975-12-14;30.5;12;30.5
1975-12-15;28.8;12;28.8
1975-12-16;35.3;12;35.3
1975-12-17;40.5;12;40.5
1975-12-18;35.3;12;35.3
1975-12-19;60.3;12;60.3
1975-12-20;74.0;12;74.0
1975-12-21;225.5;12;225.5
1975-12-22;80.5;12;80.5
1975-12-23;64.5;12;64.5
1975-12-24;86.5;12;86.5
1975-12-25;66.5;12;66.5
1975-12-26;69.3;12;69.3
1975-12-27;114.0;12;114.0
1975-12-28;98.8;12;98.8
1975-12-29;92.0;12;92.0
1975-12-30;74.0;12;74.0
1975-12-31;80.5;12;80.5
1976-01-01;63.0;1;63.0
1976-01-02;47.5;1;47.5
1976-01-03;41.4;1;41.4
1976-01-04;35.3;1;35.3
1976-01-05;29.5;1;29.5
1976-01-06;26.2;1;26.2
1976-01-07;25.4;1;25.4
1976-01-08;31.8;1;31.8
1976-01-09;31.3;1;31.3
1976-01-10;29.1;1;29.1
1976-01-11;23.6;1;23.6
1976-01-12;17.7;1;17.7
1976-01-13;15.9;1;15.9
1976-01-14;16.2;1;16.2
1976-01-15;15.5;1;15.5
1976-01-16;17.2;1;17.2
1976-01-17;20.3;1;20.3
1976-01-18;29.8;1;29.8
1976-01-19;18.5;1;18.5
1976-01-20;13.7;1;13.7
1976-01-21;13.2;1;13.2
1976-01-22;12.6;1;12.6
1976-01-23;13.4;1;13.4
1976-01-24;16.4;1;16.4
1976-01-25;18.2;1;18.2
1976-01-26;16.2;1;16.2
1976-01-27;18.2;1;18.2
1976-01-28;18.9;1;18.9
1976-01-29;33.3;1;33.3
1976-01-30;60.8;1;60.8
1976-01-31;33.6;1;33.6
1976-02-01;25.1;2;25.1
1976-02-02;16.0;2;16.0
1976-02-03;14.5;2;14.5
1976-02-04;13.5;2;13.5
1976-02-05;13.8;2;13.8
1976-02-06;17.7;2;17.7
1976-02-07;20.9;2;20.9
1976-02-08;22.0;2;22.0
1976-02-09;15.7;2;15.7
1976-02-10;18.5;2;18.5
1976-02-11;21.4;2;21.4
1976-02-12;31.8;2;31.8
1976-02-13;77.1;2;77.1
1976-02-14;45.5;2;45.5
1976-02-15;60.8;2;60.8
1976-02-16;23.6;2;23.6
1976-02-17;25.1;2;25.1
1976-02-18;24.7;2;24.7
1976-02-19;21.4;2;21.4
1976-02-20;29.1;2;29.1
1976-02-21;23.6;2;23.6
1976-02-22;27.3;2;27.3
1976-02-23;42.8;2;42.8
1976-02-24;30.9;2;30.9
1976-02-25;31.3;2;31.3
1976-02-26;28.2;2;28.2
1976-02-27;24.0;2;24.0
1976-02-28;23.6;2;23.6
1976-02-29;24.7;2;24.7
1976-03-01;13.3;3;13.3
1976-03-02;12.6;3;12.6
1976-03-03;22.0;3;22.0
1976-03-04;19.5;3;19.5
1976-03-05;33.0;3;33.0
1976-03-06;35.8;3;35.8
1976-03-07;40.1;3;40.1
1976-03-08;74.2;3;74.2
1976-03-09;49.9;3;49.9
1976-03-10;42.8;3;42.8
1976-03-11;23.6;3;23.6
1976-03-12;27.3;3;27.3
1976-03-13;25.4;3;25.4
1976-03-14;36.5;3;36.5
1976-03-15;25.5;3;25.5
1976-03-16;17.7;3;17.7
1976-03-17;20.5;3;20.5
1976-03-18;19.5;3;19.5
1976-03-19;21.3;3;21.3
1976-03-20;23.6;3;23.6
1976-03-21;31.8;3;31.8
1976-03-22;66.6;3;66.6
1976-03-23;36.5;3;36.5
1976-03-24;25.4;3;25.4
1976-03-25;104.0;3;104.0
1976-03-26;92.3;3;92.3
1976-03-27;68.9;3;68.9
1976-03-28;37.0;3;37.0
1976-03-29;25.4;3;25.4
1976-03-30;23.6;3;23.6
1976-03-31;17.2;3;17.2
1976-04-01;15.9;4;15.9
1976-04-02;12.6;4;12.6
1976-04-03;14.7;4;14.7
1976-04-04;21.4;4;21.4
1976-04-05;19.5;4;19.5
1976-04-06;18.8;4;18.8
1976-04-07;11.4;4;11.4
1976-04-08;12.4;4;12.4
1976-04-09;15.1;4;15.1
1976-04-10;23.6;4;23.6
1976-04-11;68.9;4;68.9
1976-04-12;27.3;4;27.3
1976-04-13;29.8;4;29.8
1976-04-14;82.2;4;82.2
1976-04-15;160.5;4;160.5
1976-04-16;58.4;4;58.4
1976-04-17;55.2;4;55.2
1976-04-18;42.8;4;42.8
1976-04-19;34.6;4;34.6
1976-04-20;31.8;4;31.8
1976-04-21;38.3;4;38.3
1976-04-22;35.3;4;35.3
1976-04-23;27.3;4;27.3
1976-04-24;29.5;4;29.5
1976-04-25;36.5;4;36.5
1976-04-26;48.8;4;48.8
1976-04-27;40.5;4;40.5
1976-04-28;47.8;4;47.8
1976-04-29;31.8;4;31.8
1976-04-30;27.3;4;27.3
1976-05-01;19.0;5;19.0
1976-05-02;47.9;5;47.9
1976-05-03;20.7;5;20.7
1976-05-04;16.2;5;16.2
1976-05-05;24.3;5;24.3
1976-05-06;22.0;5;22.0
1976-05-07;29.8;5;29.8
1976-05-08;60.8;5;60.8
1976-05-09;35.8;5;35.8
1976-05-10;31.3;5;31.3
1976-05-11;71.0;5;71.0
1976-05-12;111.2;5;111.2
1976-05-13;60.8;5;60.8
1976-05-14;26.0;5;26.0
1976-05-15;25.5;5;25.5
1976-05-16;24.8;5;24.8
1976-05-17;20.1;5;20.1
1976-05-18;52.8;5;52.8
1976-05-19;25.4;5;25.4
1976-05-20;19.1;5;19.1
1976-05-21;21.7;5;21.7
1976-05-22;24.0;5;24.0
1976-05-23;11.0;5;11.0
1976-05-24;10.4;5;10.4
1976-05-25;11.0;5;11.0
1976-05-26;25.1;5;25.1
1976-05-27;12.4;5;12.4
1976-05-28;17.6;5;17.6
1976-05-29;10.4;5;10.4
1976-05-30;11.8;5;11.8
1976-05-31;17.3;5;17.3
1976-06-01;31.8;6;31.8
1976-06-02;22.5;6;22.5
1976-06-03;11.0;6;11.0
1976-06-04;20.7;6;20.7
1976-06-05;21.0;6;21.0
1976-06-06;11.8;6;11.8
1976-06-07;20.1;6;20.1
1976-06-08;20.4;6;20.4
1976-06-09;41.4;6;41.4
1976-06-10;60.8;6;60.8
1976-06-11;40.5;6;40.5
1976-06-12;39.6;6;39.6
1976-06-13;18.8;6;18.8
1976-06-14;14.7;6;14.7
1976-06-15;17.2;6;17.2
1976-06-16;15.2;6;15.2
1976-06-17;22.0;6;22.0
1976-06-18;18.8;6;18.8
1976-06-19;19.3;6;19.3
1976-06-20;59.6;6;59.6
1976-06-21;106.1;6;106.1
1976-06-22;50.4;6;50.4
1976-06-23;33.0;6;33.0
1976-06-24;60.2;6;60.2
1976-06-25;35.8;6;35.8
1976-06-26;33.6;6;33.6
1976-06-27;35.8;6;35.8
1976-06-28;68.7;6;68.7
1976-06-29;38.1;6;38.1
1976-06-30;20.1;6;20.1
1976-07-01;27.6;7;27.6
1976-07-02;46.1;7;46.1
1976-07-03;41.4;7;41.4
1976-07-04;42.8;7;42.8
1976-07-05;35.3;7;35.3
1976-07-06;47.5;7;47.5
1976-07-07;55.6;7;55.6
1976-07-08;82.2;7;82.2
1976-07-09;97.2;7;97.2
1976-07-10;71.3;7;71.3
1976-07-11;85.1;7;85.1
1976-07-12;88.9;7;88.9
1976-07-13;101.0;7;101.0
1976-07-14;73.9;7;73.9
1976-07-15;58.0;7;58.0
1976-07-16;26.6;7;26.6
1976-07-17;30.2;7;30.2
1976-07-18;75.8;7;75.8
1976-07-19;212.5;7;212.5
1976-07-20;120.4;7;120.4
1976-07-21;38.1;7;38.1
1976-07-22;42.8;7;42.8
1976-07-23;29.1;7;29.1
1976-07-24;27.6;7;27.6
1976-07-25;57.5;7;57.5
1976-07-26;49.9;7;49.9
1976-07-27;23.6;7;23.6
1976-07-28;26.0;7;26.0
1976-07-29;26.0;7;26.0
1976-07-30;29.5;7;29.5
1976-07-31;24.5;7;24.5
1976-08-01;21.7;8;21.7
1976-08-02;20.4;8;20.4
1976-08-03;19.1;8;19.1
1976-08-04;18.5;8;18.5
1976-08-05;17.5;8;17.5
1976-08-06;23.3;8;23.3
1976-08-07;26.2;8;26.2
1976-08-08;27.3;8;27.3
1976-08-09;40.5;8;40.5
1976-08-10;27.3;8;27.3
1976-08-11;43.3;8;43.3
1976-08-12;20.4;8;20.4
1976-08-13;23.6;8;23.6
1976-08-14;40.4;8;40.4
1976-08-15;45.1;8;45.1
1976-08-16;26.2;8;26.2
1976-08-17;30.1;8;30.1
1976-08-18;37.2;8;37.2
1976-08-19;29.6;8;29.6
1976-08-20;10.4;8;10.4
1976-08-21;58.4;8;58.4
1976-08-22;23.6;8;23.6
1976-08-23;31.3;8;31.3
1976-08-24;33.5;8;33.5
1976-08-25;27.7;8;27.7
1976-08-26;20.3;8;20.3
1976-08-27;19.1;8;19.1
1976-08-28;45.1;8;45.1
1976-08-29;36.7;8;36.7
1976-08-30;35.3;8;35.3
1976-08-31;36.6;8;36.6
1976-09-01;26.6;9;26.6
1976-09-02;33.0;9;33.0
1976-09-03;15.2;9;15.2
1976-09-04;12.2;9;12.2
1976-09-05;11.8;9;11.8
1976-09-06;12.6;9;12.6
1976-09-07;11.8;9;11.8
1976-09-08;11.8;9;11.8
1976-09-09;11.8;9;11.8
1976-09-10;11.8;9;11.8
1976-09-11;11.8;9;11.8
1976-09-12;11.8;9;11.8
1976-09-13;11.8;9;11.8
1976-09-14;20.1;9;20.1
1976-09-15;26.0;9;26.0
1976-09-16;26.0;9;26.0
1976-09-17;12.6;9;12.6
1976-09-18;11.8;9;11.8
1976-09-19;12.6;9;12.6
1976-09-20;14.7;9;14.7
1976-09-21;24.7;9;24.7
1976-09-22;29.5;9;29.5
1976-09-23;34.1;9;34.1
1976-09-24;20.5;9;20.5
1976-09-25;13.5;9;13.5
1976-09-26;26.0;9;26.0
1976-09-27;47.5;9;47.5
1976-09-28;53.3;9;53.3
1976-09-29;22.0;9;22.0
1976-09-30;12.6;9;12.6
1976-10-01;11.8;10;11.8
1976-10-02;17.2;10;17.2
1976-10-03;34.1;10;34.1
1976-10-04;36.0;10;36.0
1976-10-05;23.8;10;23.8
1976-10-06;21.3;10;21.3
1976-10-07;26.0;10;26.0
1976-10-08;13.8;10;13.8
1976-10-09;17.6;10;17.6
1976-10-10;15.9;10;15.9
1976-10-11;11.8;10;11.8
1976-10-12;12.6;10;12.6
1976-10-13;12.6;10;12.6
1976-10-14;12.6;10;12.6
1976-10-15;13.8;10;13.8
1976-10-16;11.8;10;11.8
1976-10-17;11.8;10;11.8
1976-10-18;13.8;10;13.8
1976-10-19;12.6;10;12.6
1976-10-20;13.8;10;13.8
1976-10-21;12.6;10;12.6
1976-10-22;13.5;10;13.5
1976-10-23;17.2;10;17.2
1976-10-24;17.2;10;17.2
1976-10-25;29.8;10;29.8
1976-10-26;23.8;10;23.8
1976-10-27;17.2;10;17.2
1976-10-28;18.8;10;18.8
1976-10-29;14.7;10;14.7
1976-10-30;12.6;10;12.6
1976-10-31;17.2;10;17.2
1976-11-01;20.1;11;20.1
1976-11-02;18.8;11;18.8
1976-11-03;25.4;11;25.4
1976-11-04;20.1;11;20.1
1976-11-05;48.2;11;48.2
1976-11-06;42.8;11;42.8
1976-11-07;16.0;11;16.0
1976-11-08;14.7;11;14.7
1976-11-09;20.1;11;20.1
1976-11-10;11.8;11;11.8
1976-11-11;10.4;11;10.4
1976-11-12;10.2;11;10.2
1976-11-13;10.2;11;10.2
1976-11-14;40.5;11;40.5
1976-11-15;29.2;11;29.2
1976-11-16;18.8;11;18.8
1976-11-17;11.0;11;11.0
1976-11-18;10.2;11;10.2
1976-11-19;9.6;11;9.6
1976-11-20;10.2;11;10.2
1976-11-21;9.0;11;9.0
1976-11-22;9.6;11;9.6
1976-11-23;9.0;11;9.0
1976-11-24;9.6;11;9.6
1976-11-25;9.1;11;9.1
1976-11-26;8.5;11;8.5
1976-11-27;8.0;11;8.0
1976-11-28;9.1;11;9.1
1976-11-29;9.6;11;9.6
1976-11-30;15.1;11;15.1
1976-12-01;11.8;12;11.8
1976-12-02;16.0;12;16.0
1976-12-03;11.8;12;11.8
1976-12-04;11.0;12;11.0
1976-12-05;11.8;12;11.8
1976-12-06;10.4;12;10.4
1976-12-07;9.1;12;9.1
1976-12-08;9.1;12;9.1
1976-12-09;13.0;12;13.0
1976-12-10;13.8;12;13.8
1976-12-11;14.3;12;14.3
1976-12-12;9.0;12;9.0
1976-12-13;8.5;12;8.5
1976-12-14;9.1;12;9.1
1976-12-15;10.4;12;10.4
1976-12-16;13.8;12;13.8
1976-12-17;20.1;12;20.1
1976-12-18;16.7;12;16.7
1976-12-19;11.0;12;11.0
1976-12-20;20.3;12;20.3
1976-12-21;9.6;12;9.6
1976-12-22;14.3;12;14.3
1976-12-23;14.7;12;14.7
1976-12-24;9.9;12;9.9
1976-12-25;10.2;12;10.2
1976-12-26;9.0;12;9.0
1976-12-27;9.1;12;9.1
1976-12-28;9.0;12;9.0
1976-12-29;8.0;12;8.0
1976-12-30;8.0;12;8.0
1976-12-31;9.6;12;9.6
1977-01-01;9.1;1;9.1
1977-01-02;9.1;1;9.1
1977-01-03;8.5;1;8.5
1977-01-04;8.0;1;8.0
1977-01-05;8.0;1;8.0
1977-01-06;8.0;1;8.0
1977-01-07;8.0;1;8.0
1977-01-08;8.0;1;8.0
1977-01-09;8.0;1;8.0
1977-01-10;11.4;1;11.4
1977-01-11;8.0;1;8.0
1977-01-12;8.6;1;8.6
1977-01-13;8.6;1;8.6
1977-01-14;9.1;1;9.1
1977-01-15;8.0;1;8.0
1977-01-16;8.0;1;8.0
1977-01-17;8.6;1;8.6
1977-01-18;8.0;1;8.0
1977-01-19;8.6;1;8.6
1977-01-20;8.0;1;8.0
1977-01-21;8.0;1;8.0
1977-01-22;9.1;1;9.1
1977-01-23;12.4;1;12.4
1977-01-24;8.5;1;8.5
1977-01-25;9.1;1;9.1
1977-01-26;8.5;1;8.5
1977-01-27;9.1;1;9.1
1977-01-28;8.0;1;8.0
1977-01-29;8.0;1;8.0
1977-01-30;8.0;1;8.0
1977-01-31;8.0;1;8.0
1977-02-01;8.0;2;8.0
1977-02-02;8.0;2;8.0
1977-02-03;7.0;2;7.0
1977-02-04;8.0;2;8.0
1977-02-05;8.0;2;8.0
1977-02-06;7.4;2;7.4
1977-02-07;7.4;2;7.4
1977-02-08;9.3;2;9.3
1977-02-09;7.9;2;7.9
1977-02-10;8.5;2;8.5
1977-02-11;7.9;2;7.9
1977-02-12;8.0;2;8.0
1977-02-13;8.0;2;8.0
1977-02-14;7.5;2;7.5
1977-02-15;12.8;2;12.8
1977-02-16;20.1;2;20.1
1977-02-17;9.4;2;9.4
1977-02-18;9.4;2;9.4
1977-02-19;8.6;2;8.6
1977-02-20;8.6;2;8.6
1977-02-21;8.6;2;8.6
1977-02-22;8.5;2;8.5
1977-02-23;8.0;2;8.0
1977-02-24;8.0;2;8.0
1977-02-25;7.5;2;7.5
1977-02-26;8.0;2;8.0
1977-02-27;7.5;2;7.5
1977-02-28;7.5;2;7.5
1977-03-01;8.0;3;8.0
1977-03-02;7.5;3;7.5
1977-03-03;7.9;3;7.9
1977-03-04;7.4;3;7.4
1977-03-05;6.9;3;6.9
1977-03-06;6.9;3;6.9
1977-03-07;6.8;3;6.8
1977-03-08;6.8;3;6.8
1977-03-09;6.8;3;6.8
1977-03-10;11.3;3;11.3
1977-03-11;9.6;3;9.6
1977-03-12;7.8;3;7.8
1977-03-13;7.8;3;7.8
1977-03-14;6.8;3;6.8
1977-03-15;7.0;3;7.0
1977-03-16;6.9;3;6.9
1977-03-17;8.5;3;8.5
1977-03-18;11.3;3;11.3
1977-03-19;8.5;3;8.5
1977-03-20;9.0;3;9.0
1977-03-21;6.9;3;6.9
1977-03-22;7.5;3;7.5
1977-03-23;8.5;3;8.5
1977-03-24;10.4;3;10.4
1977-03-25;8.5;3;8.5
1977-03-26;8.5;3;8.5
1977-03-27;7.8;3;7.8
1977-03-28;7.9;3;7.9
1977-03-29;13.5;3;13.5
1977-03-30;10.2;3;10.2
1977-03-31;17.8;3;17.8
1977-04-01;9.6;4;9.6
1977-04-02;15.9;4;15.9
1977-04-03;11.8;4;11.8
1977-04-04;13.8;4;13.8
1977-04-05;10.4;4;10.4
1977-04-06;9.1;4;9.1
1977-04-07;8.0;4;8.0
1977-04-08;7.4;4;7.4
1977-04-09;7.8;4;7.8
1977-04-10;6.8;4;6.8
1977-04-11;7.8;4;7.8
1977-04-12;20.1;4;20.1
1977-04-13;19.7;4;19.7
1977-04-14;10.2;4;10.2
1977-04-15;9.1;4;9.1
1977-04-16;10.4;4;10.4
1977-04-17;11.0;4;11.0
1977-04-18;8.4;4;8.4
1977-04-19;7.8;4;7.8
1977-04-20;9.2;4;9.2
1977-04-21;7.0;4;7.0
1977-04-22;8.0;4;8.0
1977-04-23;10.8;4;10.8
1977-04-24;11.0;4;11.0
1977-04-25;11.8;4;11.8
1977-04-26;16.0;4;16.0
1977-04-27;18.5;4;18.5
1977-04-28;17.6;4;17.6
1977-04-29;21.7;4;21.7
1977-04-30;20.7;4;20.7
1977-05-01;13.8;5;13.8
1977-05-02;26.5;5;26.5
1977-05-03;11.0;5;11.0
1977-05-04;15.1;5;15.1
1977-05-05;22.0;5;22.0
1977-05-06;18.6;5;18.6
1977-05-07;11.0;5;11.0
1977-05-08;13.8;5;13.8
1977-05-09;13.0;5;13.0
1977-05-10;15.1;5;15.1
1977-05-11;20.7;5;20.7
1977-05-12;41.5;5;41.5
1977-05-13;31.8;5;31.8
1977-05-14;17.8;5;17.8
1977-05-15;22.0;5;22.0
1977-05-16;17.2;5;17.2
1977-05-17;17.6;5;17.6
1977-05-18;16.0;5;16.0
1977-05-19;11.8;5;11.8
1977-05-20;11.0;5;11.0
1977-05-21;14.3;5;14.3
1977-05-22;13.8;5;13.8
1977-05-23;32.2;5;32.2
1977-05-24;11.0;5;11.0
1977-05-25;10.4;5;10.4
1977-05-26;13.8;5;13.8
1977-05-27;10.2;5;10.2
1977-05-28;11.8;5;11.8
1977-05-29;11.0;5;11.0
1977-05-30;16.7;5;16.7
1977-05-31;32.2;5;32.2
1977-06-01;12.6;6;12.6
1977-06-02;12.6;6;12.6
1977-06-03;14.7;6;14.7
1977-06-04;12.6;6;12.6
1977-06-05;12.6;6;12.6
1977-06-06;11.8;6;11.8
1977-06-07;12.6;6;12.6
1977-06-08;11.8;6;11.8
1977-06-09;11.8;6;11.8
1977-06-10;14.7;6;14.7
1977-06-11;13.0;6;13.0
1977-06-12;13.8;6;13.8
1977-06-13;27.3;6;27.3
1977-06-14;14.7;6;14.7
1977-06-15;11.8;6;11.8
1977-06-16;10.2;6;10.2
1977-06-17;47.8;6;47.8
1977-06-18;38.3;6;38.3
1977-06-19;29.2;6;29.2
1977-06-20;17.6;6;17.6
1977-06-21;20.1;6;20.1
1977-06-22;25.5;6;25.5
1977-06-23;28.3;6;28.3
1977-06-24;18.6;6;18.6
1977-06-25;26.1;6;26.1
1977-06-26;21.3;6;21.3
1977-06-27;55.2;6;55.2
1977-06-28;56.2;6;56.2
1977-06-29;46.2;6;46.2
1977-06-30;39.0;6;39.0
1977-07-01;37.6;7;37.6
1977-07-02;19.0;7;19.0
1977-07-03;16.7;7;16.7
1977-07-04;15.0;7;15.0
1977-07-05;14.5;7;14.5
1977-07-06;27.5;7;27.5
1977-07-07;21.8;7;21.8
1977-07-08;24.0;7;24.0
1977-07-09;23.5;7;23.5
1977-07-10;23.2;7;23.2
1977-07-11;27.9;7;27.9
1977-07-12;44.0;7;44.0
1977-07-13;31.0;7;31.0
1977-07-14;38.5;7;38.5
1977-07-15;26.9;7;26.9
1977-07-16;41.0;7;41.0
1977-07-17;36.8;7;36.8
1977-07-18;18.9;7;18.9
1977-07-19;14.8;7;14.8
1977-07-20;18.3;7;18.3
1977-07-21;21.9;7;21.9
1977-07-22;16.8;7;16.8
1977-07-23;12.1;7;12.1
1977-07-24;14.3;7;14.3
1977-07-25;21.8;7;21.8
1977-07-26;21.8;7;21.8
1977-07-27;18.3;7;18.3
1977-07-28;23.0;7;23.0
1977-07-29;18.9;7;18.9
1977-07-30;13.0;7;13.0
1977-07-31;11.9;7;11.9
1977-08-01;11.8;8;11.8
1977-08-02;16.1;8;16.1
1977-08-03;15.1;8;15.1
1977-08-04;19.7;8;19.7
1977-08-05;33.5;8;33.5
1977-08-06;27.4;8;27.4
1977-08-07;20.7;8;20.7
1977-08-08;15.9;8;15.9
1977-08-09;27.2;8;27.2
1977-08-10;19.8;8;19.8
1977-08-11;13.7;8;13.7
1977-08-12;12.5;8;12.5
1977-08-13;12.4;8;12.4
1977-08-14;12.6;8;12.6
1977-08-15;12.6;8;12.6
1977-08-16;13.2;8;13.2
1977-08-17;21.7;8;21.7
1977-08-18;14.4;8;14.4
1977-08-19;12.3;8;12.3
1977-08-20;13.1;8;13.1
1977-08-21;13.8;8;13.8
1977-08-22;12.7;8;12.7
1977-08-23;22.1;8;22.1
1977-08-24;12.3;8;12.3
1977-08-25;12.0;8;12.0
1977-08-26;24.2;8;24.2
1977-08-27;40.4;8;40.4
1977-08-28;42.5;8;42.5
1977-08-29;19.9;8;19.9
1977-08-30;13.2;8;13.2
1977-08-31;14.3;8;14.3
1977-09-01;20.7;9;20.7
1977-09-02;18.4;9;18.4
1977-09-03;13.3;9;13.3
1977-09-04;17.4;9;17.4
1977-09-05;22.0;9;22.0
1977-09-06;32.8;9;32.8
1977-09-07;27.9;9;27.9
1977-09-08;16.4;9;16.4
1977-09-09;34.6;9;34.6
1977-09-10;56.8;9;56.8
1977-09-11;36.1;9;36.1
1977-09-12;22.3;9;22.3
1977-09-13;14.8;9;14.8
1977-09-14;11.9;9;11.9
1977-09-15;12.8;9;12.8
1977-09-16;29.6;9;29.6
1977-09-17;27.2;9;27.2
1977-09-18;17.5;9;17.5
1977-09-19;16.8;9;16.8
1977-09-20;14.5;9;14.5
1977-09-21;10.9;9;10.9
1977-09-22;11.3;9;11.3
1977-09-23;10.8;9;10.8
1977-09-24;10.3;9;10.3
1977-09-25;11.5;9;11.5
1977-09-26;25.9;9;25.9
1977-09-27;18.9;9;18.9
1977-09-28;36.6;9;36.6
1977-09-29;28.5;9;28.5
1977-09-30;18.4;9;18.4
1977-10-01;17.7;10;17.7
1977-10-02;27.6;10;27.6
1977-10-03;21.1;10;21.1
1977-10-04;14.3;10;14.3
1977-10-05;15.4;10;15.4
1977-10-06;16.1;10;16.1
1977-10-07;15.1;10;15.1
1977-10-08;22.4;10;22.4
1977-10-09;22.0;10;22.0
1977-10-10;16.5;10;16.5
1977-10-11;18.8;10;18.8
1977-10-12;16.6;10;16.6
1977-10-13;15.9;10;15.9
1977-10-14;14.3;10;14.3
1977-10-15;13.5;10;13.5
1977-10-16;11.9;10;11.9
1977-10-17;11.6;10;11.6
1977-10-18;12.0;10;12.0
1977-10-19;12.3;10;12.3
1977-10-20;11.2;10;11.2
1977-10-21;13.2;10;13.2
1977-10-22;15.6;10;15.6
1977-10-23;18.6;10;18.6
1977-10-24;14.8;10;14.8
1977-10-25;19.9;10;19.9
1977-10-26;17.2;10;17.2
1977-10-27;14.5;10;14.5
1977-10-28;13.7;10;13.7
1977-10-29;12.2;10;12.2
1977-10-30;18.4;10;18.4
1977-10-31;14.0;10;14.0
1977-11-01;19.0;11;19.0
1977-11-02;22.9;11;22.9
1977-11-03;21.0;11;21.0
1977-11-04;19.2;11;19.2
1977-11-05;18.5;11;18.5
1977-11-06;18.7;11;18.7
1977-11-07;35.8;11;35.8
1977-11-08;27.3;11;27.3
1977-11-09;27.7;11;27.7
1977-11-10;34.1;11;34.1
1977-11-11;33.3;11;33.3
1977-11-12;33.6;11;33.6
1977-11-13;51.4;11;51.4
1977-11-14;56.9;11;56.9
1977-11-15;31.3;11;31.3
1977-11-16;26.4;11;26.4
1977-11-17;31.5;11;31.5
1977-11-18;35.5;11;35.5
1977-11-19;34.5;11;34.5
1977-11-20;34.1;11;34.1
1977-11-21;31.7;11;31.7
1977-11-22;25.8;11;25.8
1977-11-23;23.9;11;23.9
1977-11-24;20.9;11;20.9
1977-11-25;17.7;11;17.7
1977-11-26;17.6;11;17.6
1977-11-27;17.3;11;17.3
1977-11-28;15.1;11;15.1
1977-11-29;14.3;11;14.3
1977-11-30;16.4;11;16.4
1977-12-01;13.4;12;13.4
1977-12-02;12.8;12;12.8
1977-12-03;14.0;12;14.0
1977-12-04;12.1;12;12.1
1977-12-05;12.1;12;12.1
1977-12-06;12.2;12;12.2
1977-12-07;11.5;12;11.5
1977-12-08;10.8;12;10.8
1977-12-09;12.6;12;12.6
1977-12-10;11.3;12;11.3
1977-12-11;13.0;12;13.0
1977-12-12;11.8;12;11.8
1977-12-13;11.3;12;11.3
1977-12-14;18.2;12;18.2
1977-12-15;11.8;12;11.8
1977-12-16;12.1;12;12.1
1977-12-17;11.1;12;11.1
1977-12-18;11.0;12;11.0
1977-12-19;11.2;12;11.2
1977-12-20;11.6;12;11.6
1977-12-21;10.6;12;10.6
1977-12-22;9.6;12;9.6
1977-12-23;9.9;12;9.9
1977-12-24;15.1;12;15.1
1977-12-25;12.6;12;12.6
1977-12-26;17.7;12;17.7
1977-12-27;11.6;12;11.6
1977-12-28;19.2;12;19.2
1977-12-29;24.4;12;24.4
1977-12-30;21.1;12;21.1
1977-12-31;20.1;12;20.1
1978-01-01;35.74;1;35.74
1978-01-02;37.66;1;37.66
1978-01-03;20.54;1;20.54
1978-01-04;16.7;1;16.7
1978-01-05;14.95;1;14.95
1978-01-06;14.4;1;14.4
1978-01-07;13.3;1;13.3
1978-01-08;13.3;1;13.3
1978-01-09;15.5;1;15.5
1978-01-10;17.68;1;17.68
1978-01-11;46.0;1;46.0
1978-01-12;57.7;1;57.7
1978-01-13;28.93;1;28.93
1978-01-14;26.34;1;26.34
1978-01-15;18.38;1;18.38
1978-01-16;16.7;1;16.7
1978-01-17;15.28;1;15.28
1978-01-18;14.4;1;14.4
1978-01-19;14.4;1;14.4
1978-01-20;13.85;1;13.85
1978-01-21;13.15;1;13.15
1978-01-22;13.15;1;13.15
1978-01-23;11.8;1;11.8
1978-01-24;12.17;1;12.17
1978-01-25;11.8;1;11.8
1978-01-26;12.55;1;12.55
1978-01-27;12.17;1;12.17
1978-01-28;11.8;1;11.8
1978-01-29;11.64;1;11.64
1978-01-30;20.46;1;20.46
1978-01-31;17.66;1;17.66
1978-02-01;27.1;2;27.1
1978-02-02;15.5;2;15.5
1978-02-03;16.46;2;16.46
1978-02-04;12.55;2;12.55
1978-02-05;12.55;2;12.55
1978-02-06;12.55;2;12.55
1978-02-07;22.46;2;22.46
1978-02-08;16.22;2;16.22
1978-02-09;13.3;2;13.3
1978-02-10;11.8;2;11.8
1978-02-11;11.64;2;11.64
1978-02-12;11.64;2;11.64
1978-02-13;11.48;2;11.48
1978-02-14;11.8;2;11.8
1978-02-15;11.64;2;11.64
1978-02-16;11.0;2;11.0
1978-02-17;11.0;2;11.0
1978-02-18;11.0;2;11.0
1978-02-19;11.0;2;11.0
1978-02-20;11.0;2;11.0
1978-02-21;10.92;2;10.92
1978-02-22;10.41;2;10.41
1978-02-23;10.8;2;10.8
1978-02-24;10.73;2;10.73
1978-02-25;10.68;2;10.68
1978-02-26;10.74;2;10.74
1978-02-27;12.15;2;12.15
1978-02-28;12.39;2;12.39
1978-03-01;11.59;3;11.59
1978-03-02;11.92;3;11.92
1978-03-03;11.87;3;11.87
1978-03-04;11.27;3;11.27
1978-03-05;16.87;3;16.87
1978-03-06;14.61;3;14.61
1978-03-07;15.01;3;15.01
1978-03-08;18.74;3;18.74
1978-03-09;19.26;3;19.26
1978-03-10;14.85;3;14.85
1978-03-11;12.47;3;12.47
1978-03-12;11.37;3;11.37
1978-03-13;11.15;3;11.15
1978-03-14;10.83;3;10.83
1978-03-15;10.4;3;10.4
1978-03-16;10.64;3;10.64
1978-03-17;10.35;3;10.35
1978-03-18;11.66;3;11.66
1978-03-19;14.3;3;14.3
1978-03-20;11.55;3;11.55
1978-03-21;11.08;3;11.08
1978-03-22;13.27;3;13.27
1978-03-23;14.49;3;14.49
1978-03-24;13.54;3;13.54
1978-03-25;15.13;3;15.13
1978-03-26;15.43;3;15.43
1978-03-27;14.48;3;14.48
1978-03-28;22.62;3;22.62
1978-03-29;18.9;3;18.9
1978-03-30;23.32;3;23.32
1978-03-31;24.29;3;24.29
1978-04-01;23.64;4;23.64
1978-04-02;20.97;4;20.97
1978-04-03;20.2;4;20.2
1978-04-04;16.96;4;16.96
1978-04-05;21.71;4;21.71
1978-04-06;20.52;4;20.52
1978-04-07;23.37;4;23.37
1978-04-08;29.94;4;29.94
1978-04-09;25.1;4;25.1
1978-04-10;17.39;4;17.39
1978-04-11;15.49;4;15.49
1978-04-12;16.35;4;16.35
1978-04-13;19.41;4;19.41
1978-04-14;23.15;4;23.15
1978-04-15;21.73;4;21.73
1978-04-16;18.67;4;18.67
1978-04-17;32.22;4;32.22
1978-04-18;40.41;4;40.41
1978-04-19;28.29;4;28.29
1978-04-20;28.31;4;28.31
1978-04-21;21.32;4;21.32
1978-04-22;19.84;4;19.84
1978-04-23;20.88;4;20.88
1978-04-24;22.89;4;22.89
1978-04-25;33.52;4;33.52
1978-04-26;23.86;4;23.86
1978-04-27;19.09;4;19.09
1978-04-28;17.28;4;17.28
1978-04-29;17.27;4;17.27
1978-04-30;19.65;4;19.65
1978-05-01;15.23;5;15.23
1978-05-02;16.07;5;16.07
1978-05-03;19.02;5;19.02
1978-05-04;19.96;5;19.96
1978-05-05;18.68;5;18.68
1978-05-06;20.87;5;20.87
1978-05-07;16.75;5;16.75
1978-05-08;17.82;5;17.82
1978-05-09;17.61;5;17.61
1978-05-10;16.02;5;16.02
1978-05-11;14.89;5;14.89
1978-05-12;14.62;5;14.62
1978-05-13;16.77;5;16.77
1978-05-14;15.21;5;15.21
1978-05-15;17.95;5;17.95
1978-05-16;14.95;5;14.95
1978-05-17;21.19;5;21.19
1978-05-18;32.06;5;32.06
1978-05-19;25.41;5;25.41
1978-05-20;16.98;5;16.98
1978-05-21;16.86;5;16.86
1978-05-22;15.17;5;15.17
1978-05-23;19.33;5;19.33
1978-05-24;15.57;5;15.57
1978-05-25;14.53;5;14.53
1978-05-26;14.63;5;14.63
1978-05-27;17.44;5;17.44
1978-05-28;18.7;5;18.7
1978-05-29;16.07;5;16.07
1978-05-30;17.1;5;17.1
1978-05-31;15.26;5;15.26
1978-06-01;14.03;6;14.03
1978-06-02;14.8;6;14.8
1978-06-03;13.32;6;13.32
1978-06-04;13.3;6;13.3
1978-06-05;22.12;6;22.12
1978-06-06;26.74;6;26.74
1978-06-07;52.84;6;52.84
1978-06-08;29.07;6;29.07
1978-06-09;15.67;6;15.67
1978-06-10;13.85;6;13.85
1978-06-11;17.16;6;17.16
1978-06-12;15.1;6;15.1
1978-06-13;16.28;6;16.28
1978-06-14;15.55;6;15.55
1978-06-15;28.3;6;28.3
1978-06-16;27.81;6;27.81
1978-06-17;17.83;6;17.83
1978-06-18;14.56;6;14.56
1978-06-19;16.61;6;16.61
1978-06-20;60.6;6;60.6
1978-06-21;47.29;6;47.29
1978-06-22;36.7;6;36.7
1978-06-23;27.72;6;27.72
1978-06-24;68.2;6;68.2
1978-06-25;50.14;6;50.14
1978-06-26;31.66;6;31.66
1978-06-27;18.94;6;18.94
1978-06-28;15.93;6;15.93
1978-06-29;14.67;6;14.67
1978-06-30;15.81;6;15.81
1978-07-01;18.53;7;18.53
1978-07-02;17.39;7;17.39
1978-07-03;20.61;7;20.61
1978-07-04;22.26;7;22.26
1978-07-05;21.09;7;21.09
1978-07-06;21.23;7;21.23
1978-07-07;33.22;7;33.22
1978-07-08;40.85;7;40.85
1978-07-09;31.48;7;31.48
1978-07-10;35.57;7;35.57
1978-07-11;27.87;7;27.87
1978-07-12;19.73;7;19.73
1978-07-13;21.2;7;21.2
1978-07-14;22.03;7;22.03
1978-07-15;17.27;7;17.27
1978-07-16;14.96;7;14.96
1978-07-17;13.99;7;13.99
1978-07-18;12.33;7;12.33
1978-07-19;12.9;7;12.9
1978-07-20;13.22;7;13.22
1978-07-21;12.8;7;12.8
1978-07-22;12.18;7;12.18
1978-07-23;10.88;7;10.88
1978-07-24;11.05;7;11.05
1978-07-25;11.25;7;11.25
1978-07-26;11.51;7;11.51
1978-07-27;11.33;7;11.33
1978-07-28;15.96;7;15.96
1978-07-29;26.87;7;26.87
1978-07-30;18.85;7;18.85
1978-07-31;16.77;7;16.77
1978-08-01;24.35;8;24.35
1978-08-02;23.93;8;23.93
1978-08-03;31.72;8;31.72
1978-08-04;28.1;8;28.1
1978-08-05;45.46;8;45.46
1978-08-06;27.15;8;27.15
1978-08-07;22.67;8;22.67
1978-08-08;17.26;8;17.26
1978-08-09;17.77;8;17.77
1978-08-10;50.99;8;50.99
1978-08-11;25.25;8;25.25
1978-08-12;15.62;8;15.62
1978-08-13;17.84;8;17.84
1978-08-14;81.35;8;81.35
1978-08-15;61.99;8;61.99
1978-08-16;24.81;8;24.81
1978-08-17;15.85;8;15.85
1978-08-18;13.3;8;13.3
1978-08-19;11.83;8;11.83
1978-08-20;17.69;8;17.69
1978-08-21;17.47;8;17.47
1978-08-22;14.02;8;14.02
1978-08-23;12.3;8;12.3
1978-08-24;12.39;8;12.39
1978-08-25;17.05;8;17.05
1978-08-26;14.0;8;14.0
1978-08-27;12.2;8;12.2
1978-08-28;11.66;8;11.66
1978-08-29;13.47;8;13.47
1978-08-30;13.56;8;13.56
1978-08-31;15.45;8;15.45
1978-09-01;12.57;9;12.57
1978-09-02;12.38;9;12.38
1978-09-03;17.53;9;17.53
1978-09-04;18.68;9;18.68
1978-09-05;13.69;9;13.69
1978-09-06;11.99;9;11.99
1978-09-07;11.31;9;11.31
1978-09-08;11.51;9;11.51
1978-09-09;11.77;9;11.77
1978-09-10;12.05;9;12.05
1978-09-11;14.9;9;14.9
1978-09-12;14.6;9;14.6
1978-09-13;20.58;9;20.58
1978-09-14;13.44;9;13.44
1978-09-15;12.21;9;12.21
1978-09-16;11.2;9;11.2
1978-09-17;11.84;9;11.84
1978-09-18;18.19;9;18.19
1978-09-19;16.72;9;16.72
1978-09-20;11.87;9;11.87
1978-09-21;11.05;9;11.05
1978-09-22;12.98;9;12.98
1978-09-23;23.74;9;23.74
1978-09-24;16.02;9;16.02
1978-09-25;14.65;9;14.65
1978-09-26;18.72;9;18.72
1978-09-27;15.47;9;15.47
1978-09-28;13.05;9;13.05
1978-09-29;13.37;9;13.37
1978-09-30;13.27;9;13.27
1978-10-01;15.09;10;15.09
1978-10-02;22.63;10;22.63
1978-10-03;23.49;10;23.49
1978-10-04;25.82;10;25.82
1978-10-05;14.13;10;14.13
1978-10-06;12.25;10;12.25
1978-10-07;16.58;10;16.58
1978-10-08;13.16;10;13.16
1978-10-09;12.33;10;12.33
1978-10-10;11.8;10;11.8
1978-10-11;14.43;10;14.43
1978-10-12;13.21;10;13.21
1978-10-13;12.41;10;12.41
1978-10-14;13.7;10;13.7
1978-10-15;14.38;10;14.38
1978-10-16;32.67;10;32.67
1978-10-17;24.89;10;24.89
1978-10-18;17.54;10;17.54
1978-10-19;16.16;10;16.16
1978-10-20;25.93;10;25.93
1978-10-21;24.54;10;24.54
1978-10-22;25.25;10;25.25
1978-10-23;18.48;10;18.48
1978-10-24;15.25;10;15.25
1978-10-25;27.62;10;27.62
1978-10-26;20.64;10;20.64
1978-10-27;15.86;10;15.86
1978-10-28;14.74;10;14.74
1978-10-29;13.25;10;13.25
1978-10-30;12.49;10;12.49
1978-10-31;13.15;10;13.15
1978-11-01;12.24;11;12.24
1978-11-02;11.96;11;11.96
1978-11-03;11.31;11;11.31
1978-11-04;11.2;11;11.2
1978-11-05;11.89;11;11.89
1978-11-06;11.78;11;11.78
1978-11-07;11.63;11;11.63
1978-11-08;13.47;11;13.47
1978-11-09;12.93;11;12.93
1978-11-10;16.64;11;16.64
1978-11-11;22.69;11;22.69
1978-11-12;40.57;11;40.57
1978-11-13;24.05;11;24.05
1978-11-14;20.4;11;20.4
1978-11-15;19.31;11;19.31
1978-11-16;22.9;11;22.9
1978-11-17;15.4;11;15.4
1978-11-18;15.96;11;15.96
1978-11-19;20.94;11;20.94
1978-11-20;17.08;11;17.08
1978-11-21;14.53;11;14.53
1978-11-22;13.59;11;13.59
1978-11-23;15.13;11;15.13
1978-11-24;15.61;11;15.61
1978-11-25;21.92;11;21.92
1978-11-26;16.97;11;16.97
1978-11-27;14.25;11;14.25
1978-11-28;13.53;11;13.53
1978-11-29;15.5;11;15.5
1978-11-30;23.34;11;23.34
1978-12-01;24.99;12;24.99
1978-12-02;18.15;12;18.15
1978-12-03;16.22;12;16.22
1978-12-04;22.43;12;22.43
1978-12-05;35.27;12;35.27
1978-12-06;22.82;12;22.82
1978-12-07;19.47;12;19.47
1978-12-08;23.45;12;23.45
1978-12-09;27.03;12;27.03
1978-12-10;28.15;12;28.15
1978-12-11;29.38;12;29.38
1978-12-12;23.75;12;23.75
1978-12-13;32.45;12;32.45
1978-12-14;46.45;12;46.45
1978-12-15;41.76;12;41.76
1978-12-16;29.15;12;29.15
1978-12-17;27.64;12;27.64
1978-12-18;32.62;12;32.62
1978-12-19;33.55;12;33.55
1978-12-20;33.64;12;33.64
1978-12-21;32.87;12;32.87
1978-12-22;45.97;12;45.97
1978-12-23;40.79;12;40.79
1978-12-24;28.86;12;28.86
1978-12-25;23.85;12;23.85
1978-12-26;25.83;12;25.83
1978-12-27;21.29;12;21.29
1978-12-28;19.05;12;19.05
1978-12-29;18.17;12;18.17
1978-12-30;16.59;12;16.59
1978-12-31;15.45;12;15.45
1979-01-01;15.4;1;15.4
1979-01-02;14.3;1;14.3
1979-01-03;14.3;1;14.3
1979-01-04;14.3;1;14.3
1979-01-05;14.0;1;14.0
1979-01-06;15.9;1;15.9
1979-01-07;21.6;1;21.6
1979-01-08;24.8;1;24.8
1979-01-09;27.0;1;27.0
1979-01-10;20.8;1;20.8
1979-01-11;17.4;1;17.4
1979-01-12;16.7;1;16.7
1979-01-13;15.3;1;15.3
1979-01-14;19.5;1;19.5
1979-01-15;19.2;1;19.2
1979-01-16;16.1;1;16.1
1979-01-17;14.1;1;14.1
1979-01-18;13.9;1;13.9
1979-01-19;15.6;1;15.6
1979-01-20;14.2;1;14.2
1979-01-21;15.5;1;15.5
1979-01-22;19.2;1;19.2
1979-01-23;15.9;1;15.9
1979-01-24;14.5;1;14.5
1979-01-25;12.9;1;12.9
1979-01-26;12.8;1;12.8
1979-01-27;13.9;1;13.9
1979-01-28;15.0;1;15.0
1979-01-29;20.1;1;20.1
1979-01-30;16.1;1;16.1
1979-01-31;14.3;1;14.3
1979-02-01;13.1;2;13.1
1979-02-02;12.8;2;12.8
1979-02-03;11.9;2;11.9
1979-02-04;11.6;2;11.6
1979-02-05;11.4;2;11.4
1979-02-06;11.5;2;11.5
1979-02-07;12.1;2;12.1
1979-02-08;11.2;2;11.2
1979-02-09;10.8;2;10.8
1979-02-10;10.5;2;10.5
1979-02-11;10.4;2;10.4
1979-02-12;10.3;2;10.3
1979-02-13;12.4;2;12.4
1979-02-14;10.6;2;10.6
1979-02-15;11.5;2;11.5
1979-02-16;11.5;2;11.5
1979-02-17;10.9;2;10.9
1979-02-18;10.7;2;10.7
1979-02-19;10.2;2;10.2
1979-02-20;10.0;2;10.0
1979-02-21;9.8;2;9.8
1979-02-22;9.5;2;9.5
1979-02-23;9.9;2;9.9
1979-02-24;10.2;2;10.2
1979-02-25;14.5;2;14.5
1979-02-26;13.2;2;13.2
1979-02-27;16.9;2;16.9
1979-02-28;20.7;2;20.7
1979-03-01;33.8;3;33.8
1979-03-02;14.8;3;14.8
1979-03-03;12.4;3;12.4
1979-03-04;13.3;3;13.3
1979-03-05;15.8;3;15.8
1979-03-06;23.5;3;23.5
1979-03-07;28.8;3;28.8
1979-03-08;27.2;3;27.2
1979-03-09;23.7;3;23.7
1979-03-10;18.2;3;18.2
1979-03-11;17.1;3;17.1
1979-03-12;14.5;3;14.5
1979-03-13;13.9;3;13.9
1979-03-14;13.5;3;13.5
1979-03-15;13.5;3;13.5
1979-03-16;11.8;3;11.8
1979-03-17;13.8;3;13.8
1979-03-18;13.6;3;13.6
1979-03-19;27.9;3;27.9
1979-03-20;18.4;3;18.4
1979-03-21;21.2;3;21.2
1979-03-22;19.7;3;19.7
1979-03-23;27.8;3;27.8
1979-03-24;26.5;3;26.5
1979-03-25;24.6;3;24.6
1979-03-26;24.2;3;24.2
1979-03-27;18.0;3;18.0
1979-03-28;16.0;3;16.0
1979-03-29;15.8;3;15.8
1979-03-30;13.7;3;13.7
1979-03-31;13.7;3;13.7
1979-04-01;12.7;4;12.7
1979-04-02;13.1;4;13.1
1979-04-03;13.1;4;13.1
1979-04-04;14.3;4;14.3
1979-04-05;12.7;4;12.7
1979-04-06;16.3;4;16.3
1979-04-07;17.6;4;17.6
1979-04-08;14.0;4;14.0
1979-04-09;17.5;4;17.5
1979-04-10;14.3;4;14.3
1979-04-11;16.8;4;16.8
1979-04-12;34.3;4;34.3
1979-04-13;44.3;4;44.3
1979-04-14;36.9;4;36.9
1979-04-15;26.1;4;26.1
1979-04-16;21.2;4;21.2
1979-04-17;19.8;4;19.8
1979-04-18;17.9;4;17.9
1979-04-19;23.8;4;23.8
1979-04-20;23.5;4;23.5
1979-04-21;22.1;4;22.1
1979-04-22;19.7;4;19.7
1979-04-23;30.6;4;30.6
1979-04-24;20.8;4;20.8
1979-04-25;17.2;4;17.2
1979-04-26;17.3;4;17.3
1979-04-27;37.9;4;37.9
1979-04-28;59.6;4;59.6
1979-04-29;27.6;4;27.6
1979-04-30;22.9;4;22.9
1979-05-01;21.3;5;21.3
1979-05-02;17.9;5;17.9
1979-05-03;20.1;5;20.1
1979-05-04;22.2;5;22.2
1979-05-05;23.9;5;23.9
1979-05-06;19.8;5;19.8
1979-05-07;20.6;5;20.6
1979-05-08;19.8;5;19.8
1979-05-09;20.8;5;20.8
1979-05-10;16.8;5;16.8
1979-05-11;14.9;5;14.9
1979-05-12;14.9;5;14.9
1979-05-13;18.2;5;18.2
1979-05-14;15.5;5;15.5
1979-05-15;15.3;5;15.3
1979-05-16;18.6;5;18.6
1979-05-17;16.9;5;16.9
1979-05-18;16.2;5;16.2
1979-05-19;13.8;5;13.8
1979-05-20;16.3;5;16.3
1979-05-21;17.1;5;17.1
1979-05-22;19.3;5;19.3
1979-05-23;27.4;5;27.4
1979-05-24;21.8;5;21.8
1979-05-25;17.7;5;17.7
1979-05-26;14.6;5;14.6
1979-05-27;25.2;5;25.2
1979-05-28;30.7;5;30.7
1979-05-29;24.4;5;24.4
1979-05-30;27.5;5;27.5
1979-05-31;23.2;5;23.2
1979-06-01;31.4;6;31.4
1979-06-02;32.3;6;32.3
1979-06-03;20.2;6;20.2
1979-06-04;20.6;6;20.6
1979-06-05;24.1;6;24.1
1979-06-06;27.8;6;27.8
1979-06-07;27.7;6;27.7
1979-06-08;38.1;6;38.1
1979-06-09;27.2;6;27.2
1979-06-10;22.2;6;22.2
1979-06-11;19.6;6;19.6
1979-06-12;19.4;6;19.4
1979-06-13;18.5;6;18.5
1979-06-14;26.8;6;26.8
1979-06-15;34.7;6;34.7
1979-06-16;34.8;6;34.8
1979-06-17;26.6;6;26.6
1979-06-18;20.5;6;20.5
1979-06-19;19.0;6;19.0
1979-06-20;17.7;6;17.7
1979-06-21;27.1;6;27.1
1979-06-22;37.9;6;37.9
1979-06-23;34.3;6;34.3
1979-06-24;21.6;6;21.6
1979-06-25;25.2;6;25.2
1979-06-26;63.3;6;63.3
1979-06-27;45.2;6;45.2
1979-06-28;53.3;6;53.3
1979-06-29;37.9;6;37.9
1979-06-30;20.3;6;20.3
1979-07-01;16.2;7;16.2
1979-07-02;15.1;7;15.1
1979-07-03;14.6;7;14.6
1979-07-04;17.8;7;17.8
1979-07-05;35.3;7;35.3
1979-07-06;65.9;7;65.9
1979-07-07;64.0;7;64.0
1979-07-08;25.5;7;25.5
1979-07-09;17.4;7;17.4
1979-07-10;17.8;7;17.8
1979-07-11;22.6;7;22.6
1979-07-12;22.3;7;22.3
1979-07-13;17.0;7;17.0
1979-07-14;19.2;7;19.2
1979-07-15;20.4;7;20.4
1979-07-16;14.1;7;14.1
1979-07-17;19.4;7;19.4
1979-07-18;23.7;7;23.7
1979-07-19;15.3;7;15.3
1979-07-20;13.9;7;13.9
1979-07-21;28.0;7;28.0
1979-07-22;21.0;7;21.0
1979-07-23;15.8;7;15.8
1979-07-24;15.4;7;15.4
1979-07-25;26.0;7;26.0
1979-07-26;19.3;7;19.3
1979-07-27;42.1;7;42.1
1979-07-28;32.6;7;32.6
1979-07-29;17.7;7;17.7
1979-07-30;16.7;7;16.7
1979-07-31;15.2;7;15.2
1979-08-01;12.8;8;12.8
1979-08-02;12.7;8;12.7
1979-08-03;19.8;8;19.8
1979-08-04;26.6;8;26.6
1979-08-05;18.4;8;18.4
1979-08-06;20.8;8;20.8
1979-08-07;19.9;8;19.9
1979-08-08;18.6;8;18.6
1979-08-09;24.8;8;24.8
1979-08-10;15.7;8;15.7
1979-08-11;11.9;8;11.9
1979-08-12;11.4;8;11.4
1979-08-13;11.3;8;11.3
1979-08-14;13.4;8;13.4
1979-08-15;12.1;8;12.1
1979-08-16;11.7;8;11.7
1979-08-17;13.9;8;13.9
1979-08-18;12.2;8;12.2
1979-08-19;12.4;8;12.4
1979-08-20;12.6;8;12.6
1979-08-21;13.3;8;13.3
1979-08-22;12.7;8;12.7
1979-08-23;12.2;8;12.2
1979-08-24;15.9;8;15.9
1979-08-25;25.9;8;25.9
1979-08-26;23.8;8;23.8
1979-08-27;33.4;8;33.4
1979-08-28;29.0;8;29.0
1979-08-29;26.8;8;26.8
1979-08-30;27.5;8;27.5
1979-08-31;34.8;8;34.8
1979-09-01;31.7;9;31.7
1979-09-02;17.5;9;17.5
1979-09-03;18.1;9;18.1
1979-09-04;14.9;9;14.9
1979-09-05;13.0;9;13.0
1979-09-06;19.1;9;19.1
1979-09-07;12.8;9;12.8
1979-09-08;12.9;9;12.9
1979-09-09;12.4;9;12.4
1979-09-10;12.4;9;12.4
1979-09-11;19.3;9;19.3
1979-09-12;15.2;9;15.2
1979-09-13;14.0;9;14.0
1979-09-14;13.5;9;13.5
1979-09-15;17.8;9;17.8
1979-09-16;18.6;9;18.6
1979-09-17;15.2;9;15.2
1979-09-18;18.8;9;18.8
1979-09-19;18.8;9;18.8
1979-09-20;16.9;9;16.9
1979-09-21;14.9;9;14.9
1979-09-22;13.4;9;13.4
1979-09-23;15.6;9;15.6
1979-09-24;14.8;9;14.8
1979-09-25;12.8;9;12.8
1979-09-26;17.2;9;17.2
1979-09-27;15.2;9;15.2
1979-09-28;14.9;9;14.9
1979-09-29;15.6;9;15.6
1979-09-30;13.2;9;13.2
1979-10-01;12.3;10;12.3
1979-10-02;11.9;10;11.9
1979-10-03;16.9;10;16.9
1979-10-04;14.0;10;14.0
1979-10-05;12.3;10;12.3
1979-10-06;11.9;10;11.9
1979-10-07;11.7;10;11.7
1979-10-08;12.8;10;12.8
1979-10-09;14.7;10;14.7
1979-10-10;12.2;10;12.2
1979-10-11;11.1;10;11.1
1979-10-12;12.4;10;12.4
1979-10-13;14.7;10;14.7
1979-10-14;13.7;10;13.7
1979-10-15;18.0;10;18.0
1979-10-16;27.8;10;27.8
1979-10-17;28.9;10;28.9
1979-10-18;23.4;10;23.4
1979-10-19;24.0;10;24.0
1979-10-20;19.6;10;19.6
1979-10-21;23.3;10;23.3
1979-10-22;34.0;10;34.0
1979-10-23;27.4;10;27.4
1979-10-24;19.6;10;19.6
1979-10-25;21.7;10;21.7
1979-10-26;17.1;10;17.1
1979-10-27;20.5;10;20.5
1979-10-28;38.2;10;38.2
1979-10-29;21.2;10;21.2
1979-10-30;16.8;10;16.8
1979-10-31;15.2;10;15.2
1979-11-01;20.6;11;20.6
1979-11-02;18.4;11;18.4
1979-11-03;15.3;11;15.3
1979-11-04;18.3;11;18.3
1979-11-05;21.0;11;21.0
1979-11-06;23.7;11;23.7
1979-11-07;27.0;11;27.0
1979-11-08;63.8;11;63.8
1979-11-09;32.6;11;32.6
1979-11-10;29.0;11;29.0
1979-11-11;34.2;11;34.2
1979-11-12;39.5;11;39.5
1979-11-13;41.2;11;41.2
1979-11-14;43.2;11;43.2
1979-11-15;44.8;11;44.8
1979-11-16;65.8;11;65.8
1979-11-17;45.8;11;45.8
1979-11-18;40.8;11;40.8
1979-11-19;45.9;11;45.9
1979-11-20;51.1;11;51.1
1979-11-21;56.6;11;56.6
1979-11-22;42.3;11;42.3
1979-11-23;35.5;11;35.5
1979-11-24;44.2;11;44.2
1979-11-25;43.6;11;43.6
1979-11-26;42.3;11;42.3
1979-11-27;34.3;11;34.3
1979-11-28;32.2;11;32.2
1979-11-29;26.4;11;26.4
1979-11-30;23.1;11;23.1
1979-12-01;28.4;12;28.4
1979-12-02;29.9;12;29.9
1979-12-03;24.3;12;24.3
1979-12-04;22.4;12;22.4
1979-12-05;21.8;12;21.8
1979-12-06;19.3;12;19.3
1979-12-07;41.4;12;41.4
1979-12-08;36.2;12;36.2
1979-12-09;28.6;12;28.6
1979-12-10;26.7;12;26.7
1979-12-11;25.9;12;25.9
1979-12-12;17.5;12;17.5
1979-12-13;19.9;12;19.9
1979-12-14;17.8;12;17.8
1979-12-15;25.9;12;25.9
1979-12-16;30.2;12;30.2
1979-12-17;41.1;12;41.1
1979-12-18;28.4;12;28.4
1979-12-19;50.3;12;50.3
1979-12-20;32.3;12;32.3
1979-12-21;34.7;12;34.7
1979-12-22;32.0;12;32.0
1979-12-23;25.4;12;25.4
1979-12-24;22.9;12;22.9
1979-12-25;23.3;12;23.3
1979-12-26;23.2;12;23.2
1979-12-27;21.1;12;21.1
1979-12-28;18.6;12;18.6
1979-12-29;18.6;12;18.6
1979-12-30;17.2;12;17.2
1979-12-31;17.8;12;17.8
1980-01-01;24.23;1;24.23
1980-01-02;24.21;1;24.21
1980-01-03;25.74;1;25.74
1980-01-04;18.6;1;18.6
1980-01-05;17.74;1;17.74
1980-01-06;16.69;1;16.69
1980-01-07;15.5;1;15.5
1980-01-08;14.81;1;14.81
1980-01-09;14.43;1;14.43
1980-01-10;13.75;1;13.75
1980-01-11;15.04;1;15.04
1980-01-12;20.1;1;20.1
1980-01-13;22.46;1;22.46
1980-01-14;27.38;1;27.38
1980-01-15;34.09;1;34.09
1980-01-16;62.29;1;62.29
1980-01-17;47.91;1;47.91
1980-01-18;28.68;1;28.68
1980-01-19;36.13;1;36.13
1980-01-20;23.9;1;23.9
1980-01-21;20.97;1;20.97
1980-01-22;18.85;1;18.85
1980-01-23;18.68;1;18.68
1980-01-24;17.29;1;17.29
1980-01-25;16.68;1;16.68
1980-01-26;15.59;1;15.59
1980-01-27;15.2;1;15.2
1980-01-28;15.89;1;15.89
1980-01-29;15.14;1;15.14
1980-01-30;27.69;1;27.69
1980-01-31;20.14;1;20.14
1980-02-01;32.27;2;32.27
1980-02-02;29.44;2;29.44
1980-02-03;29.28;2;29.28
1980-02-04;26.2;2;26.2
1980-02-05;22.7;2;22.7
1980-02-06;21.85;2;21.85
1980-02-07;38.78;2;38.78
1980-02-08;35.56;2;35.56
1980-02-09;20.66;2;20.66
1980-02-10;20.83;2;20.83
1980-02-11;18.39;2;18.39
1980-02-12;16.61;2;16.61
1980-02-13;16.63;2;16.63
1980-02-14;15.33;2;15.33
1980-02-15;15.86;2;15.86
1980-02-16;18.94;2;18.94
1980-02-17;18.09;2;18.09
1980-02-18;17.83;2;17.83
1980-02-19;18.34;2;18.34
1980-02-20;21.73;2;21.73
1980-02-21;25.06;2;25.06
1980-02-22;33.21;2;33.21
1980-02-23;26.1;2;26.1
1980-02-24;32.55;2;32.55
1980-02-25;26.39;2;26.39
1980-02-26;54.93;2;54.93
1980-02-27;42.6;2;42.6
1980-02-28;28.67;2;28.67
1980-02-29;25.96;2;25.96
1980-03-01;29.11;3;29.11
1980-03-02;25.42;3;25.42
1980-03-03;31.04;3;31.04
1980-03-04;27.03;3;27.03
1980-03-05;30.29;3;30.29
1980-03-06;26.51;3;26.51
1980-03-07;21.4;3;21.4
1980-03-08;17.86;3;17.86
1980-03-09;17.41;3;17.41
1980-03-10;16.79;3;16.79
1980-03-11;18.1;3;18.1
1980-03-12;15.68;3;15.68
1980-03-13;15.95;3;15.95
1980-03-14;16.68;3;16.68
1980-03-15;17.13;3;17.13
1980-03-16;20.91;3;20.91
1980-03-17;15.43;3;15.43
1980-03-18;18.8;3;18.8
1980-03-19;17.57;3;17.57
1980-03-20;17.54;3;17.54
1980-03-21;15.78;3;15.78
1980-03-22;15.11;3;15.11
1980-03-23;14.74;3;14.74
1980-03-24;15.74;3;15.74
1980-03-25;18.21;3;18.21
1980-03-26;26.7;3;26.7
1980-03-27;22.52;3;22.52
1980-03-28;22.62;3;22.62
1980-03-29;31.86;3;31.86
1980-03-30;54.1;3;54.1
1980-03-31;40.24;3;40.24
1980-04-01;23.6;4;23.6
1980-04-02;17.21;4;17.21
1980-04-03;15.27;4;15.27
1980-04-04;25.55;4;25.55
1980-04-05;20.55;4;20.55
1980-04-06;15.51;4;15.51
1980-04-07;19.83;4;19.83
1980-04-08;20.56;4;20.56
1980-04-09;22.18;4;22.18
1980-04-10;28.5;4;28.5
1980-04-11;19.58;4;19.58
1980-04-12;19.05;4;19.05
1980-04-13;15.02;4;15.02
1980-04-14;14.03;4;14.03
1980-04-15;18.47;4;18.47
1980-04-16;15.15;4;15.15
1980-04-17;19.01;4;19.01
1980-04-18;25.25;4;25.25
1980-04-19;49.24;4;49.24
1980-04-20;83.93;4;83.93
1980-04-21;57.6;4;57.6
1980-04-22;51.01;4;51.01
1980-04-23;28.29;4;28.29
1980-04-24;20.81;4;20.81
1980-04-25;18.33;4;18.33
1980-04-26;40.42;4;40.42
1980-04-27;33.74;4;33.74
1980-04-28;19.43;4;19.43
1980-04-29;16.99;4;16.99
1980-04-30;16.05;4;16.05
1980-05-01;19.86;5;19.86
1980-05-02;31.79;5;31.79
1980-05-03;21.48;5;21.48
1980-05-04;27.66;5;27.66
1980-05-05;28.23;5;28.23
1980-05-06;23.63;5;23.63
1980-05-07;34.56;5;34.56
1980-05-08;31.23;5;31.23
1980-05-09;25.82;5;25.82
1980-05-10;17.93;5;17.93
1980-05-11;15.91;5;15.91
1980-05-12;15.76;5;15.76
1980-05-13;17.99;5;17.99
1980-05-14;26.75;5;26.75
1980-05-15;18.29;5;18.29
1980-05-16;15.26;5;15.26
1980-05-17;13.62;5;13.62
1980-05-18;19.25;5;19.25
1980-05-19;20.66;5;20.66
1980-05-20;16.02;5;16.02
1980-05-21;15.42;5;15.42
1980-05-22;20.55;5;20.55
1980-05-23;28.71;5;28.71
1980-05-24;20.5;5;20.5
1980-05-25;15.12;5;15.12
1980-05-26;14.21;5;14.21
1980-05-27;19.07;5;19.07
1980-05-28;17.4;5;17.4
1980-05-29;14.14;5;14.14
1980-05-30;13.09;5;13.09
1980-05-31;12.86;5;12.86
1980-06-01;13.44;6;13.44
1980-06-02;18.34;6;18.34
1980-06-03;19.15;6;19.15
1980-06-04;14.22;6;14.22
1980-06-05;23.39;6;23.39
1980-06-06;16.81;6;16.81
1980-06-07;24.0;6;24.0
1980-06-08;55.61;6;55.61
1980-06-09;48.03;6;48.03
1980-06-10;36.15;6;36.15
1980-06-11;54.83;6;54.83
1980-06-12;30.86;6;30.86
1980-06-13;35.98;6;35.98
1980-06-14;21.26;6;21.26
1980-06-15;22.18;6;22.18
1980-06-16;18.23;6;18.23
1980-06-17;14.94;6;14.94
1980-06-18;13.84;6;13.84
1980-06-19;13.49;6;13.49
1980-06-20;17.81;6;17.81
1980-06-21;28.88;6;28.88
1980-06-22;25.33;6;25.33
1980-06-23;23.08;6;23.08
1980-06-24;15.99;6;15.99
1980-06-25;13.59;6;13.59
1980-06-26;12.7;6;12.7
1980-06-27;18.99;6;18.99
1980-06-28;19.92;6;19.92
1980-06-29;16.89;6;16.89
1980-06-30;23.98;6;23.98
1980-07-01;24.78;7;24.78
1980-07-02;17.57;7;17.57
1980-07-03;16.14;7;16.14
1980-07-04;13.68;7;13.68
1980-07-05;37.29;7;37.29
1980-07-06;25.95;7;25.95
1980-07-07;19.87;7;19.87
1980-07-08;15.75;7;15.75
1980-07-09;18.68;7;18.68
1980-07-10;21.88;7;21.88
1980-07-11;19.6;7;19.6
1980-07-12;17.28;7;17.28
1980-07-13;15.88;7;15.88
1980-07-14;17.31;7;17.31
1980-07-15;23.66;7;23.66
1980-07-16;32.73;7;32.73
1980-07-17;45.19;7;45.19
1980-07-18;41.49;7;41.49
1980-07-19;33.67;7;33.67
1980-07-20;30.21;7;30.21
1980-07-21;31.08;7;31.08
1980-07-22;39.67;7;39.67
1980-07-23;54.12;7;54.12
1980-07-24;41.77;7;41.77
1980-07-25;20.07;7;20.07
1980-07-26;15.79;7;15.79
1980-07-27;14.5;7;14.5
1980-07-28;15.75;7;15.75
1980-07-29;14.27;7;14.27
1980-07-30;13.06;7;13.06
1980-07-31;13.34;7;13.34
1980-08-01;17.43;8;17.43
1980-08-02;16.05;8;16.05
1980-08-03;12.7;8;12.7
1980-08-04;12.82;8;12.82
1980-08-05;12.09;8;12.09
1980-08-06;12.08;8;12.08
1980-08-07;12.61;8;12.61
1980-08-08;12.71;8;12.71
1980-08-09;13.22;8;13.22
1980-08-10;20.21;8;20.21
1980-08-11;14.04;8;14.04
1980-08-12;12.3;8;12.3
1980-08-13;12.67;8;12.67
1980-08-14;11.93;8;11.93
1980-08-15;15.71;8;15.71
1980-08-16;22.58;8;22.58
1980-08-17;16.95;8;16.95
1980-08-18;15.23;8;15.23
1980-08-19;18.06;8;18.06
1980-08-20;24.82;8;24.82
1980-08-21;19.24;8;19.24
1980-08-22;14.2;8;14.2
1980-08-23;13.15;8;13.15
1980-08-24;13.88;8;13.88
1980-08-25;12.15;8;12.15
1980-08-26;11.14;8;11.14
1980-08-27;18.22;8;18.22
1980-08-28;62.89;8;62.89
1980-08-29;36.89;8;36.89
1980-08-30;21.89;8;21.89
1980-08-31;15.47;8;15.47
1980-09-01;13.13;9;13.13
1980-09-02;12.83;9;12.83
1980-09-03;11.65;9;11.65
1980-09-04;11.62;9;11.62
1980-09-05;11.37;9;11.37
1980-09-06;11.84;9;11.84
1980-09-07;14.61;9;14.61
1980-09-08;15.34;9;15.34
1980-09-09;19.52;9;19.52
1980-09-10;43.77;9;43.77
1980-09-11;19.15;9;19.15
1980-09-12;24.97;9;24.97
1980-09-13;37.64;9;37.64
1980-09-14;18.19;9;18.19
1980-09-15;14.09;9;14.09
1980-09-16;13.57;9;13.57
1980-09-17;22.38;9;22.38
1980-09-18;16.3;9;16.3
1980-09-19;20.09;9;20.09
1980-09-20;15.91;9;15.91
1980-09-21;14.06;9;14.06
1980-09-22;12.31;9;12.31
1980-09-23;11.75;9;11.75
1980-09-24;12.04;9;12.04
1980-09-25;11.58;9;11.58
1980-09-26;12.64;9;12.64
1980-09-27;11.02;9;11.02
1980-09-28;12.71;9;12.71
1980-09-29;18.69;9;18.69
1980-09-30;18.73;9;18.73
1980-10-01;14.71;10;14.71
1980-10-02;13.2;10;13.2
1980-10-03;12.54;10;12.54
1980-10-04;13.19;10;13.19
1980-10-05;12.47;10;12.47
1980-10-06;31.49;10;31.49
1980-10-07;32.28;10;32.28
1980-10-08;47.13;10;47.13
1980-10-09;38.82;10;38.82
1980-10-10;28.82;10;28.82
1980-10-11;27.12;10;27.12
1980-10-12;17.31;10;17.31
1980-10-13;17.17;10;17.17
1980-10-14;15.04;10;15.04
1980-10-15;14.71;10;14.71
1980-10-16;13.75;10;13.75
1980-10-17;14.95;10;14.95
1980-10-18;34.76;10;34.76
1980-10-19;29.16;10;29.16
1980-10-20;18.83;10;18.83
1980-10-21;15.75;10;15.75
1980-10-22;14.2;10;14.2
1980-10-23;13.19;10;13.19
1980-10-24;13.46;10;13.46
1980-10-25;14.66;10;14.66
1980-10-26;16.42;10;16.42
1980-10-27;20.89;10;20.89
1980-10-28;15.83;10;15.83
1980-10-29;15.0;10;15.0
1980-10-30;13.65;10;13.65
1980-10-31;13.2;10;13.2
1980-11-01;11.93;11;11.93
1980-11-02;13.63;11;13.63
1980-11-03;14.42;11;14.42
1980-11-04;19.77;11;19.77
1980-11-05;21.4;11;21.4
1980-11-06;33.08;11;33.08
1980-11-07;26.49;11;26.49
1980-11-08;18.59;11;18.59
1980-11-09;14.35;11;14.35
1980-11-10;13.28;11;13.28
1980-11-11;12.86;11;12.86
1980-11-12;14.49;11;14.49
1980-11-13;12.42;11;12.42
1980-11-14;16.42;11;16.42
1980-11-15;15.04;11;15.04
1980-11-16;14.12;11;14.12
1980-11-17;16.26;11;16.26
1980-11-18;15.81;11;15.81
1980-11-19;20.29;11;20.29
1980-11-20;20.61;11;20.61
1980-11-21;17.25;11;17.25
1980-11-22;15.96;11;15.96
1980-11-23;15.1;11;15.1
1980-11-24;13.18;11;13.18
1980-11-25;12.86;11;12.86
1980-11-26;15.41;11;15.41
1980-11-27;13.66;11;13.66
1980-11-28;13.05;11;13.05
1980-11-29;13.59;11;13.59
1980-11-30;14.08;11;14.08
1980-12-01;13.71;12;13.71
1980-12-02;13.66;12;13.66
1980-12-03;19.02;12;19.02
1980-12-04;17.02;12;17.02
1980-12-05;13.51;12;13.51
1980-12-06;12.98;12;12.98
1980-12-07;11.83;12;11.83
1980-12-08;12.52;12;12.52
1980-12-09;13.42;12;13.42
1980-12-10;12.59;12;12.59
1980-12-11;12.04;12;12.04
1980-12-12;11.98;12;11.98
1980-12-13;12.24;12;12.24
1980-12-14;11.75;12;11.75
1980-12-15;13.14;12;13.14
1980-12-16;15.22;12;15.22
1980-12-17;17.75;12;17.75
1980-12-18;13.89;12;13.89
1980-12-19;13.81;12;13.81
1980-12-20;15.94;12;15.94
1980-12-21;17.08;12;17.08
1980-12-22;16.29;12;16.29
1980-12-23;14.04;12;14.04
1980-12-24;12.68;12;12.68
1980-12-25;16.26;12;16.26
1980-12-26;17.92;12;17.92
1980-12-27;23.2;12;23.2
1980-12-28;22.46;12;22.46
1980-12-29;18.74;12;18.74
1980-12-30;21.92;12;21.92
1980-12-31;25.57;12;25.57
1981-01-01;26.36;1;26.36
1981-01-02;24.5;1;24.5
1981-01-03;18.44;1;18.44
1981-01-04;16.04;1;16.04
1981-01-05;14.63;1;14.63
1981-01-06;14.2;1;14.2
1981-01-07;13.1;1;13.1
1981-01-08;15.36;1;15.36
1981-01-09;16.18;1;16.18
1981-01-10;13.79;1;13.79
1981-01-11;23.91;1;23.91
1981-01-12;16.59;1;16.59
1981-01-13;17.23;1;17.23
1981-01-14;17.15;1;17.15
1981-01-15;14.61;1;14.61
1981-01-16;15.84;1;15.84
1981-01-17;12.6;1;12.6
1981-01-18;13.37;1;13.37
1981-01-19;12.57;1;12.57
1981-01-20;11.77;1;11.77
1981-01-21;12.02;1;12.02
1981-01-22;13.29;1;13.29
1981-01-23;11.77;1;11.77
1981-01-24;11.64;1;11.64
1981-01-25;12.67;1;12.67
1981-01-26;11.76;1;11.76
1981-01-27;11.4;1;11.4
1981-01-28;12.47;1;12.47
1981-01-29;11.91;1;11.91
1981-01-30;11.36;1;11.36
1981-01-31;11.41;1;11.41
1981-02-01;11.37;2;11.37
1981-02-02;11.43;2;11.43
1981-02-03;11.26;2;11.26
1981-02-04;11.45;2;11.45
1981-02-05;10.82;2;10.82
1981-02-06;11.32;2;11.32
1981-02-07;11.8;2;11.8
1981-02-08;11.85;2;11.85
1981-02-09;11.09;2;11.09
1981-02-10;10.7;2;10.7
1981-02-11;12.26;2;12.26
1981-02-12;14.78;2;14.78
1981-02-13;14.05;2;14.05
1981-02-14;19.34;2;19.34
1981-02-15;14.99;2;14.99
1981-02-16;13.28;2;13.28
1981-02-17;11.62;2;11.62
1981-02-18;12.65;2;12.65
1981-02-19;12.84;2;12.84
1981-02-20;13.16;2;13.16
1981-02-21;14.71;2;14.71
1981-02-22;13.91;2;13.91
1981-02-23;21.61;2;21.61
1981-02-24;22.76;2;22.76
1981-02-25;19.44;2;19.44
1981-02-26;17.48;2;17.48
1981-02-27;19.51;2;19.51
1981-02-28;23.54;2;23.54
1981-03-01;19.54;3;19.54
1981-03-02;14.27;3;14.27
1981-03-03;13.68;3;13.68
1981-03-04;12.49;3;12.49
1981-03-05;12.83;3;12.83
1981-03-06;16.37;3;16.37
1981-03-07;16.43;3;16.43
1981-03-08;17.18;3;17.18
1981-03-09;18.36;3;18.36
1981-03-10;18.0;3;18.0
1981-03-11;16.49;3;16.49
1981-03-12;14.01;3;14.01
1981-03-13;12.84;3;12.84
1981-03-14;14.65;3;14.65
1981-03-15;23.75;3;23.75
1981-03-16;15.0;3;15.0
1981-03-17;18.36;3;18.36
1981-03-18;17.58;3;17.58
1981-03-19;14.09;3;14.09
1981-03-20;13.64;3;13.64
1981-03-21;13.28;3;13.28
1981-03-22;12.66;3;12.66
1981-03-23;16.74;3;16.74
1981-03-24;13.43;3;13.43
1981-03-25;14.36;3;14.36
1981-03-26;13.55;3;13.55
1981-03-27;13.36;3;13.36
1981-03-28;12.72;3;12.72
1981-03-29;15.29;3;15.29
1981-03-30;13.09;3;13.09
1981-03-31;12.34;3;12.34
1981-04-01;12.28;4;12.28
1981-04-02;12.09;4;12.09
1981-04-03;13.38;4;13.38
1981-04-04;11.68;4;11.68
1981-04-05;13.07;4;13.07
1981-04-06;18.64;4;18.64
1981-04-07;16.62;4;16.62
1981-04-08;15.23;4;15.23
1981-04-09;16.82;4;16.82
1981-04-10;14.71;4;14.71
1981-04-11;13.71;4;13.71
1981-04-12;15.73;4;15.73
1981-04-13;21.3;4;21.3
1981-04-14;41.03;4;41.03
1981-04-15;21.96;4;21.96
1981-04-16;20.76;4;20.76
1981-04-17;25.02;4;25.02
1981-04-18;21.45;4;21.45
1981-04-19;35.1;4;35.1
1981-04-20;26.27;4;26.27
1981-04-21;26.62;4;26.62
1981-04-22;22.47;4;22.47
1981-04-23;19.79;4;19.79
1981-04-24;20.39;4;20.39
1981-04-25;17.66;4;17.66
1981-04-26;17.1;4;17.1
1981-04-27;23.74;4;23.74
1981-04-28;18.14;4;18.14
1981-04-29;18.49;4;18.49
1981-04-30;22.99;4;22.99
1981-05-01;25.58;5;25.58
1981-05-02;31.44;5;31.44
1981-05-03;31.0;5;31.0
1981-05-04;27.44;5;27.44
1981-05-05;26.71;5;26.71
1981-05-06;26.7;5;26.7
1981-05-07;26.3;5;26.3
1981-05-08;59.86;5;59.86
1981-05-09;42.93;5;42.93
1981-05-10;39.81;5;39.81
1981-05-11;35.2;5;35.2
1981-05-12;33.25;5;33.25
1981-05-13;27.79;5;27.79
1981-05-14;25.24;5;25.24
1981-05-15;24.76;5;24.76
1981-05-16;25.01;5;25.01
1981-05-17;24.63;5;24.63
1981-05-18;25.22;5;25.22
1981-05-19;22.2;5;22.2
1981-05-20;19.67;5;19.67
1981-05-21;21.61;5;21.61
1981-05-22;29.1;5;29.1
1981-05-23;27.12;5;27.12
1981-05-24;23.59;5;23.59
1981-05-25;25.09;5;25.09
1981-05-26;28.11;5;28.11
1981-05-27;22.3;5;22.3
1981-05-28;22.54;5;22.54
1981-05-29;20.57;5;20.57
1981-05-30;23.68;5;23.68
1981-05-31;24.13;5;24.13
1981-06-01;20.46;6;20.46
1981-06-02;19.96;6;19.96
1981-06-03;30.29;6;30.29
1981-06-04;19.66;6;19.66
1981-06-05;16.67;6;16.67
1981-06-06;16.27;6;16.27
1981-06-07;16.93;6;16.93
1981-06-08;18.69;6;18.69
1981-06-09;18.76;6;18.76
1981-06-10;17.65;6;17.65
1981-06-11;20.65;6;20.65
1981-06-12;31.59;6;31.59
1981-06-13;31.93;6;31.93
1981-06-14;25.77;6;25.77
1981-06-15;25.95;6;25.95
1981-06-16;17.4;6;17.4
1981-06-17;17.11;6;17.11
1981-06-18;15.21;6;15.21
1981-06-19;18.67;6;18.67
1981-06-20;21.15;6;21.15
1981-06-21;19.63;6;19.63
1981-06-22;16.46;6;16.46
1981-06-23;15.03;6;15.03
1981-06-24;15.53;6;15.53
1981-06-25;17.41;6;17.41
1981-06-26;14.9;6;14.9
1981-06-27;15.66;6;15.66
1981-06-28;28.58;6;28.58
1981-06-29;23.75;6;23.75
1981-06-30;23.64;6;23.64
1981-07-01;36.0;7;36.0
1981-07-02;32.67;7;32.67
1981-07-03;24.32;7;24.32
1981-07-04;39.51;7;39.51
1981-07-05;28.7;7;28.7
1981-07-06;22.06;7;22.06
1981-07-07;19.68;7;19.68
1981-07-08;25.53;7;25.53
1981-07-09;28.61;7;28.61
1981-07-10;27.88;7;27.88
1981-07-11;24.27;7;24.27
1981-07-12;52.78;7;52.78
1981-07-13;40.89;7;40.89
1981-07-14;22.47;7;22.47
1981-07-15;20.23;7;20.23
1981-07-16;23.92;7;23.92
1981-07-17;21.63;7;21.63
1981-07-18;25.8;7;25.8
1981-07-19;52.56;7;52.56
1981-07-20;32.39;7;32.39
1981-07-21;18.42;7;18.42
1981-07-22;15.17;7;15.17
1981-07-23;13.92;7;13.92
1981-07-24;13.03;7;13.03
1981-07-25;12.51;7;12.51
1981-07-26;11.82;7;11.82
1981-07-27;13.52;7;13.52
1981-07-28;12.3;7;12.3
1981-07-29;12.16;7;12.16
1981-07-30;11.99;7;11.99
1981-07-31;14.35;7;14.35
1981-08-01;13.64;8;13.64
1981-08-02;16.3;8;16.3
1981-08-03;16.95;8;16.95
1981-08-04;13.6;8;13.6
1981-08-05;12.87;8;12.87
1981-08-06;11.96;8;11.96
1981-08-07;14.41;8;14.41
1981-08-08;13.33;8;13.33
1981-08-09;16.42;8;16.42
1981-08-10;22.46;8;22.46
1981-08-11;14.6;8;14.6
1981-08-12;13.2;8;13.2
1981-08-13;15.65;8;15.65
1981-08-14;14.54;8;14.54
1981-08-15;12.06;8;12.06
1981-08-16;12.13;8;12.13
1981-08-17;12.36;8;12.36
1981-08-18;12.37;8;12.37
1981-08-19;12.9;8;12.9
1981-08-20;16.76;8;16.76
1981-08-21;13.57;8;13.57
1981-08-22;12.53;8;12.53
1981-08-23;11.72;8;11.72
1981-08-24;15.93;8;15.93
1981-08-25;15.46;8;15.46
1981-08-26;17.62;8;17.62
1981-08-27;14.52;8;14.52
1981-08-28;17.51;8;17.51
1981-08-29;14.42;8;14.42
1981-08-30;16.18;8;16.18
1981-08-31;14.32;8;14.32
1981-09-01;16.34;9;16.34
1981-09-02;14.06;9;14.06
1981-09-03;12.5;9;12.5
1981-09-04;11.94;9;11.94
1981-09-05;11.47;9;11.47
1981-09-06;11.55;9;11.55
1981-09-07;11.01;9;11.01
1981-09-08;12.16;9;12.16
1981-09-09;15.28;9;15.28
1981-09-10;14.59;9;14.59
1981-09-11;13.25;9;13.25
1981-09-12;14.25;9;14.25
1981-09-13;12.35;9;12.35
1981-09-14;11.44;9;11.44
1981-09-15;13.67;9;13.67
1981-09-16;15.59;9;15.59
1981-09-17;12.84;9;12.84
1981-09-18;16.0;9;16.0
1981-09-19;12.96;9;12.96
1981-09-20;20.92;9;20.92
1981-09-21;30.65;9;30.65
1981-09-22;17.37;9;17.37
1981-09-23;12.94;9;12.94
1981-09-24;12.67;9;12.67
1981-09-25;13.58;9;13.58
1981-09-26;16.22;9;16.22
1981-09-27;12.7;9;12.7
1981-09-28;11.45;9;11.45
1981-09-29;12.03;9;12.03
1981-09-30;10.74;9;10.74
1981-10-01;10.72;10;10.72
1981-10-02;11.04;10;11.04
1981-10-03;11.61;10;11.61
1981-10-04;11.36;10;11.36
1981-10-05;10.44;10;10.44
1981-10-06;10.71;10;10.71
1981-10-07;12.79;10;12.79
1981-10-08;11.62;10;11.62
1981-10-09;12.31;10;12.31
1981-10-10;15.13;10;15.13
1981-10-11;14.29;10;14.29
1981-10-12;13.47;10;13.47
1981-10-13;14.17;10;14.17
1981-10-14;22.77;10;22.77
1981-10-15;34.72;10;34.72
1981-10-16;20.81;10;20.81
1981-10-17;15.12;10;15.12
1981-10-18;20.09;10;20.09
1981-10-19;18.57;10;18.57
1981-10-20;13.29;10;13.29
1981-10-21;11.71;10;11.71
1981-10-22;10.97;10;10.97
1981-10-23;11.2;10;11.2
1981-10-24;11.52;10;11.52
1981-10-25;14.79;10;14.79
1981-10-26;10.94;10;10.94
1981-10-27;12.17;10;12.17
1981-10-28;13.51;10;13.51
1981-10-29;13.02;10;13.02
1981-10-30;13.31;10;13.31
1981-10-31;14.32;10;14.32
1981-11-01;17.93;11;17.93
1981-11-02;13.86;11;13.86
1981-11-03;12.86;11;12.86
1981-11-04;13.91;11;13.91
1981-11-05;14.16;11;14.16
1981-11-06;12.35;11;12.35
1981-11-07;14.05;11;14.05
1981-11-08;16.23;11;16.23
1981-11-09;15.78;11;15.78
1981-11-10;13.77;11;13.77
1981-11-11;17.38;11;17.38
1981-11-12;21.98;11;21.98
1981-11-13;20.67;11;20.67
1981-11-14;30.98;11;30.98
1981-11-15;33.82;11;33.82
1981-11-16;34.16;11;34.16
1981-11-17;26.22;11;26.22
1981-11-18;25.16;11;25.16
1981-11-19;19.74;11;19.74
1981-11-20;28.76;11;28.76
1981-11-21;48.62;11;48.62
1981-11-22;33.98;11;33.98
1981-11-23;35.15;11;35.15
1981-11-24;34.12;11;34.12
1981-11-25;22.61;11;22.61
1981-11-26;20.7;11;20.7
1981-11-27;25.87;11;25.87
1981-11-28;28.6;11;28.6
1981-11-29;28.41;11;28.41
1981-11-30;38.1;11;38.1
1981-12-01;35.07;12;35.07
1981-12-02;23.6;12;23.6
1981-12-03;19.81;12;19.81
1981-12-04;17.76;12;17.76
1981-12-05;34.48;12;34.48
1981-12-06;40.49;12;40.49
1981-12-07;28.87;12;28.87
1981-12-08;27.39;12;27.39
1981-12-09;24.97;12;24.97
1981-12-10;21.38;12;21.38
1981-12-11;20.92;12;20.92
1981-12-12;20.74;12;20.74
1981-12-13;18.34;12;18.34
1981-12-14;18.53;12;18.53
1981-12-15;18.09;12;18.09
1981-12-16;16.2;12;16.2
1981-12-17;14.75;12;14.75
1981-12-18;17.42;12;17.42
1981-12-19;13.86;12;13.86
1981-12-20;24.63;12;24.63
1981-12-21;18.2;12;18.2
1981-12-22;22.89;12;22.89
1981-12-23;18.48;12;18.48
1981-12-24;16.96;12;16.96
1981-12-25;22.11;12;22.11
1981-12-26;19.75;12;19.75
1981-12-27;15.72;12;15.72
1981-12-28;15.79;12;15.79
1981-12-29;22.66;12;22.66
1981-12-30;17.78;12;17.78
1981-12-31;19.67;12;19.67
1982-01-01;40.4;1;40.4
1982-01-02;31.3;1;31.3
1982-01-03;33.0;1;33.0
1982-01-04;53.4;1;53.4
1982-01-05;75.1;1;75.1
1982-01-06;56.8;1;56.8
1982-01-07;59.1;1;59.1
1982-01-08;60.4;1;60.4
1982-01-09;50.4;1;50.4
1982-01-10;40.3;1;40.3
1982-01-11;36.6;1;36.6
1982-01-12;30.0;1;30.0
1982-01-13;25.4;1;25.4
1982-01-14;25.9;1;25.9
1982-01-15;25.2;1;25.2
1982-01-16;23.5;1;23.5
1982-01-17;24.2;1;24.2
1982-01-18;20.9;1;20.9
1982-01-19;18.8;1;18.8
1982-01-20;17.8;1;17.8
1982-01-21;19.4;1;19.4
1982-01-22;17.1;1;17.1
1982-01-23;17.7;1;17.7
1982-01-24;23.3;1;23.3
1982-01-25;22.5;1;22.5
1982-01-26;25.6;1;25.6
1982-01-27;31.9;1;31.9
1982-01-28;27.8;1;27.8
1982-01-29;23.5;1;23.5
1982-01-30;20.5;1;20.5
1982-01-31;19.3;1;19.3
1982-02-01;19.4;2;19.4
1982-02-02;18.7;2;18.7
1982-02-03;22.8;2;22.8
1982-02-04;21.0;2;21.0
1982-02-05;17.4;2;17.4
1982-02-06;17.9;2;17.9
1982-02-07;18.6;2;18.6
1982-02-08;21.7;2;21.7
1982-02-09;17.8;2;17.8
1982-02-10;16.7;2;16.7
1982-02-11;15.5;2;15.5
1982-02-12;16.2;2;16.2
1982-02-13;17.9;2;17.9
1982-02-14;34.9;2;34.9
1982-02-15;36.2;2;36.2
1982-02-16;27.5;2;27.5
1982-02-17;39.5;2;39.5
1982-02-18;25.1;2;25.1
1982-02-19;49.7;2;49.7
1982-02-20;37.4;2;37.4
1982-02-21;30.0;2;30.0
1982-02-22;26.6;2;26.6
1982-02-23;25.3;2;25.3
1982-02-24;22.0;2;22.0
1982-02-25;20.1;2;20.1
1982-02-26;20.5;2;20.5
1982-02-27;19.8;2;19.8
1982-02-28;20.3;2;20.3
1982-03-01;19.7;3;19.7
1982-03-02;42.9;3;42.9
1982-03-03;35.0;3;35.0
1982-03-04;24.2;3;24.2
1982-03-05;29.2;3;29.2
1982-03-06;26.3;3;26.3
1982-03-07;25.2;3;25.2
1982-03-08;23.6;3;23.6
1982-03-09;25.7;3;25.7
1982-03-10;24.5;3;24.5
1982-03-11;26.9;3;26.9
1982-03-12;23.9;3;23.9
1982-03-13;21.6;3;21.6
1982-03-14;22.7;3;22.7
1982-03-15;25.3;3;25.3
1982-03-16;60.4;3;60.4
1982-03-17;89.0;3;89.0
1982-03-18;46.7;3;46.7
1982-03-19;32.0;3;32.0
1982-03-20;27.2;3;27.2
1982-03-21;23.6;3;23.6
1982-03-22;22.0;3;22.0
1982-03-23;20.3;3;20.3
1982-03-24;24.1;3;24.1
1982-03-25;38.3;3;38.3
1982-03-26;28.1;3;28.1
1982-03-27;31.3;3;31.3
1982-03-28;44.5;3;44.5
1982-03-29;29.0;3;29.0
1982-03-30;26.9;3;26.9
1982-03-31;22.1;3;22.1
1982-04-01;20.5;4;20.5
1982-04-02;22.7;4;22.7
1982-04-03;24.5;4;24.5
1982-04-04;33.9;4;33.9
1982-04-05;34.1;4;34.1
1982-04-06;26.6;4;26.6
1982-04-07;37.6;4;37.6
1982-04-08;35.0;4;35.0
1982-04-09;32.7;4;32.7
1982-04-10;38.7;4;38.7
1982-04-11;37.2;4;37.2
1982-04-12;46.5;4;46.5
1982-04-13;48.6;4;48.6
1982-04-14;29.7;4;29.7
1982-04-15;53.5;4;53.5
1982-04-16;30.6;4;30.6
1982-04-17;41.8;4;41.8
1982-04-18;40.1;4;40.1
1982-04-19;39.9;4;39.9
1982-04-20;29.2;4;29.2
1982-04-21;29.9;4;29.9
1982-04-22;38.7;4;38.7
1982-04-23;27.0;4;27.0
1982-04-24;23.7;4;23.7
1982-04-25;22.9;4;22.9
1982-04-26;20.6;4;20.6
1982-04-27;20.1;4;20.1
1982-04-28;28.6;4;28.6
1982-04-29;27.4;4;27.4
1982-04-30;27.5;4;27.5
1982-05-01;29.8;5;29.8
1982-05-02;22.5;5;22.5
1982-05-03;19.1;5;19.1
1982-05-04;19.1;5;19.1
1982-05-05;19.2;5;19.2
1982-05-06;20.8;5;20.8
1982-05-07;18.8;5;18.8
1982-05-08;23.5;5;23.5
1982-05-09;23.3;5;23.3
1982-05-10;24.9;5;24.9
1982-05-11;20.8;5;20.8
1982-05-12;18.8;5;18.8
1982-05-13;18.8;5;18.8
1982-05-14;25.4;5;25.4
1982-05-15;18.7;5;18.7
1982-05-16;20.1;5;20.1
1982-05-17;18.7;5;18.7
1982-05-18;19.5;5;19.5
1982-05-19;23.3;5;23.3
1982-05-20;34.7;5;34.7
1982-05-21;54.8;5;54.8
1982-05-22;46.2;5;46.2
1982-05-23;93.9;5;93.9
1982-05-24;39.9;5;39.9
1982-05-25;33.2;5;33.2
1982-05-26;33.6;5;33.6
1982-05-27;30.1;5;30.1
1982-05-28;46.9;5;46.9
1982-05-29;36.7;5;36.7
1982-05-30;38.5;5;38.5
1982-05-31;35.9;5;35.9
1982-06-01;54.3;6;54.3
1982-06-02;43.1;6;43.1
1982-06-03;33.7;6;33.7
1982-06-04;29.6;6;29.6
1982-06-05;23.9;6;23.9
1982-06-06;25.8;6;25.8
1982-06-07;26.2;6;26.2
1982-06-08;20.9;6;20.9
1982-06-09;18.4;6;18.4
1982-06-10;20.2;6;20.2
1982-06-11;17.4;6;17.4
1982-06-12;16.9;6;16.9
1982-06-13;16.9;6;16.9
1982-06-14;16.8;6;16.8
1982-06-15;17.0;6;17.0
1982-06-16;17.6;6;17.6
1982-06-17;44.0;6;44.0
1982-06-18;38.5;6;38.5
1982-06-19;21.3;6;21.3
1982-06-20;16.3;6;16.3
1982-06-21;21.3;6;21.3
1982-06-22;20.0;6;20.0
1982-06-23;23.0;6;23.0
1982-06-24;19.8;6;19.8
1982-06-25;20.9;6;20.9
1982-06-26;15.9;6;15.9
1982-06-27;15.1;6;15.1
1982-06-28;16.0;6;16.0
1982-06-29;16.8;6;16.8
1982-06-30;24.3;6;24.3
1982-07-01;64.3;7;64.3
1982-07-02;125.6;7;125.6
1982-07-03;92.2;7;92.2
1982-07-04;56.0;7;56.0
1982-07-05;38.1;7;38.1
1982-07-06;32.7;7;32.7
1982-07-07;34.9;7;34.9
1982-07-08;28.9;7;28.9
1982-07-09;22.0;7;22.0
1982-07-10;17.7;7;17.7
1982-07-11;16.0;7;16.0
1982-07-12;21.2;7;21.2
1982-07-13;26.5;7;26.5
1982-07-14;23.6;7;23.6
1982-07-15;16.8;7;16.8
1982-07-16;15.1;7;15.1
1982-07-17;16.0;7;16.0
1982-07-18;14.5;7;14.5
1982-07-19;52.5;7;52.5
1982-07-20;85.2;7;85.2
1982-07-21;54.6;7;54.6
1982-07-22;25.1;7;25.1
1982-07-23;18.2;7;18.2
1982-07-24;27.0;7;27.0
1982-07-25;26.0;7;26.0
1982-07-26;22.5;7;22.5
1982-07-27;37.4;7;37.4
1982-07-28;51.4;7;51.4
1982-07-29;57.0;7;57.0
1982-07-30;96.9;7;96.9
1982-07-31;46.1;7;46.1
1982-08-01;25.8;8;25.8
1982-08-02;30.5;8;30.5
1982-08-03;39.8;8;39.8
1982-08-04;43.7;8;43.7
1982-08-05;29.3;8;29.3
1982-08-06;21.5;8;21.5
1982-08-07;26.9;8;26.9
1982-08-08;28.5;8;28.5
1982-08-09;21.1;8;21.1
1982-08-10;16.7;8;16.7
1982-08-11;20.4;8;20.4
1982-08-12;30.5;8;30.5
1982-08-13;26.6;8;26.6
1982-08-14;16.6;8;16.6
1982-08-15;16.8;8;16.8
1982-08-16;21.1;8;21.1
1982-08-17;32.3;8;32.3
1982-08-18;42.3;8;42.3
1982-08-19;44.4;8;44.4
1982-08-20;53.5;8;53.5
1982-08-21;40.1;8;40.1
1982-08-22;21.7;8;21.7
1982-08-23;18.1;8;18.1
1982-08-24;36.5;8;36.5
1982-08-25;40.4;8;40.4
1982-08-26;28.3;8;28.3
1982-08-27;19.1;8;19.1
1982-08-28;34.0;8;34.0
1982-08-29;43.7;8;43.7
1982-08-30;23.5;8;23.5
1982-08-31;28.5;8;28.5
1982-09-01;28.3;9;28.3
1982-09-02;40.5;9;40.5
1982-09-03;44.9;9;44.9
1982-09-04;44.4;9;44.4
1982-09-05;33.3;9;33.3
1982-09-06;37.0;9;37.0
1982-09-07;20.8;9;20.8
1982-09-08;20.0;9;20.0
1982-09-09;21.2;9;21.2
1982-09-10;22.9;9;22.9
1982-09-11;19.4;9;19.4
1982-09-12;19.0;9;19.0
1982-09-13;17.2;9;17.2
1982-09-14;18.2;9;18.2
1982-09-15;16.1;9;16.1
1982-09-16;16.6;9;16.6
1982-09-17;19.1;9;19.1
1982-09-18;16.2;9;16.2
1982-09-19;15.8;9;15.8
1982-09-20;16.0;9;16.0
1982-09-21;14.7;9;14.7
1982-09-22;14.4;9;14.4
1982-09-23;13.5;9;13.5
1982-09-24;13.5;9;13.5
1982-09-25;13.4;9;13.4
1982-09-26;14.0;9;14.0
1982-09-27;12.9;9;12.9
1982-09-28;13.2;9;13.2
1982-09-29;13.4;9;13.4
1982-09-30;14.7;9;14.7
1982-10-01;16.9;10;16.9
1982-10-02;15.7;10;15.7
1982-10-03;17.2;10;17.2
1982-10-04;16.3;10;16.3
1982-10-05;14.3;10;14.3
1982-10-06;13.6;10;13.6
1982-10-07;22.3;10;22.3
1982-10-08;21.4;10;21.4
1982-10-09;26.4;10;26.4
1982-10-10;22.1;10;22.1
1982-10-11;18.2;10;18.2
1982-10-12;15.3;10;15.3
1982-10-13;13.5;10;13.5
1982-10-14;13.4;10;13.4
1982-10-15;12.7;10;12.7
1982-10-16;14.1;10;14.1
1982-10-17;12.2;10;12.2
1982-10-18;12.4;10;12.4
1982-10-19;15.3;10;15.3
1982-10-20;17.6;10;17.6
1982-10-21;18.2;10;18.2
1982-10-22;29.0;10;29.0
1982-10-23;42.9;10;42.9
1982-10-24;33.9;10;33.9
1982-10-25;36.3;10;36.3
1982-10-26;22.6;10;22.6
1982-10-27;23.5;10;23.5
1982-10-28;18.4;10;18.4
1982-10-29;15.2;10;15.2
1982-10-30;14.2;10;14.2
1982-10-31;13.2;10;13.2
1982-11-01;13.8;11;13.8
1982-11-02;17.5;11;17.5
1982-11-03;22.4;11;22.4
1982-11-04;47.7;11;47.7
1982-11-05;28.8;11;28.8
1982-11-06;19.2;11;19.2
1982-11-07;19.4;11;19.4
1982-11-08;19.6;11;19.6
1982-11-09;16.8;11;16.8
1982-11-10;19.8;11;19.8
1982-11-11;27.0;11;27.0
1982-11-12;28.5;11;28.5
1982-11-13;25.2;11;25.2
1982-11-14;19.0;11;19.0
1982-11-15;18.5;11;18.5
1982-11-16;21.8;11;21.8
1982-11-17;19.5;11;19.5
1982-11-18;17.3;11;17.3
1982-11-19;19.4;11;19.4
1982-11-20;20.1;11;20.1
1982-11-21;48.8;11;48.8
1982-11-22;27.3;11;27.3
1982-11-23;20.3;11;20.3
1982-11-24;19.8;11;19.8
1982-11-25;17.7;11;17.7
1982-11-26;17.8;11;17.8
1982-11-27;25.1;11;25.1
1982-11-28;28.4;11;28.4
1982-11-29;22.6;11;22.6
1982-11-30;18.8;11;18.8
1982-12-01;17.4;12;17.4
1982-12-02;16.8;12;16.8
1982-12-03;19.5;12;19.5
1982-12-04;19.6;12;19.6
1982-12-05;16.5;12;16.5
1982-12-06;26.3;12;26.3
1982-12-07;42.4;12;42.4
1982-12-08;28.0;12;28.0
1982-12-09;27.8;12;27.8
1982-12-10;21.4;12;21.4
1982-12-11;21.4;12;21.4
1982-12-12;22.0;12;22.0
1982-12-13;30.1;12;30.1
1982-12-14;25.2;12;25.2
1982-12-15;19.7;12;19.7
1982-12-16;18.6;12;18.6
1982-12-17;17.2;12;17.2
1982-12-18;14.8;12;14.8
1982-12-19;16.7;12;16.7
1982-12-20;53.2;12;53.2
1982-12-21;27.5;12;27.5
1982-12-22;26.0;12;26.0
1982-12-23;23.0;12;23.0
1982-12-24;26.5;12;26.5
1982-12-25;23.0;12;23.0
1982-12-26;19.7;12;19.7
1982-12-27;19.1;12;19.1
1982-12-28;32.6;12;32.6
1982-12-29;36.0;12;36.0
1982-12-30;43.9;12;43.9
1982-12-31;22.9;12;22.9
1983-01-01;28.74;1;28.74
1983-01-02;20.51;1;20.51
1983-01-03;31.31;1;31.31
1983-01-04;39.76;1;39.76
1983-01-05;28.07;1;28.07
1983-01-06;23.02;1;23.02
1983-01-07;28.73;1;28.73
1983-01-08;17.95;1;17.95
1983-01-09;16.38;1;16.38
1983-01-10;15.83;1;15.83
1983-01-11;17.15;1;17.15
1983-01-12;25.62;1;25.62
1983-01-13;15.95;1;15.95
1983-01-14;12.69;1;12.69
1983-01-15;19.2;1;19.2
1983-01-16;14.53;1;14.53
1983-01-17;12.14;1;12.14
1983-01-18;11.67;1;11.67
1983-01-19;11.45;1;11.45
1983-01-20;11.31;1;11.31
1983-01-21;11.38;1;11.38
1983-01-22;11.31;1;11.31
1983-01-23;15.1;1;15.1
1983-01-24;10.1;1;10.1
1983-01-25;11.09;1;11.09
1983-01-26;12.83;1;12.83
1983-01-27;12.49;1;12.49
1983-01-28;15.44;1;15.44
1983-01-29;17.63;1;17.63
1983-01-30;25.81;1;25.81
1983-01-31;25.1;1;25.1
1983-02-01;17.99;2;17.99
1983-02-02;13.03;2;13.03
1983-02-03;12.69;2;12.69
1983-02-04;12.4;2;12.4
1983-02-05;11.71;2;11.71
1983-02-06;19.18;2;19.18
1983-02-07;42.27;2;42.27
1983-02-08;31.72;2;31.72
1983-02-09;25.81;2;25.81
1983-02-10;54.41;2;54.41
1983-02-11;40.34;2;40.34
1983-02-12;24.43;2;24.43
1983-02-13;17.43;2;17.43
1983-02-14;14.66;2;14.66
1983-02-15;12.74;2;12.74
1983-02-16;19.89;2;19.89
1983-02-17;12.09;2;12.09
1983-02-18;12.09;2;12.09
1983-02-19;22.67;2;22.67
1983-02-20;16.48;2;16.48
1983-02-21;13.03;2;13.03
1983-02-22;18.63;2;18.63
1983-02-23;26.13;2;26.13
1983-02-24;30.94;2;30.94
1983-02-25;26.19;2;26.19
1983-02-26;24.74;2;24.74
1983-02-27;25.39;2;25.39
1983-02-28;15.51;2;15.51
1983-03-01;40.9;3;40.9
1983-03-02;26.96;3;26.96
1983-03-03;25.29;3;25.29
1983-03-04;30.38;3;30.38
1983-03-05;28.66;3;28.66
1983-03-06;23.21;3;23.21
1983-03-07;24.1;3;24.1
1983-03-08;26.67;3;26.67
1983-03-09;38.43;3;38.43
1983-03-10;22.06;3;22.06
1983-03-11;21.73;3;21.73
1983-03-12;19.55;3;19.55
1983-03-13;19.77;3;19.77
1983-03-14;13.14;3;13.14
1983-03-15;25.83;3;25.83
1983-03-16;25.76;3;25.76
1983-03-17;19.36;3;19.36
1983-03-18;18.62;3;18.62
1983-03-19;17.53;3;17.53
1983-03-20;15.73;3;15.73
1983-03-21;16.12;3;16.12
1983-03-22;15.04;3;15.04
1983-03-23;15.46;3;15.46
1983-03-24;16.3;3;16.3
1983-03-25;20.85;3;20.85
1983-03-26;24.8;3;24.8
1983-03-27;59.07;3;59.07
1983-03-28;32.71;3;32.71
1983-03-29;38.03;3;38.03
1983-03-30;44.33;3;44.33
1983-03-31;27.16;3;27.16
1983-04-01;23.91;4;23.91
1983-04-02;22.13;4;22.13
1983-04-03;20.88;4;20.88
1983-04-04;20.22;4;20.22
1983-04-05;20.36;4;20.36
1983-04-06;23.55;4;23.55
1983-04-07;30.73;4;30.73
1983-04-08;49.18;4;49.18
1983-04-09;93.81;4;93.81
1983-04-10;62.05;4;62.05
1983-04-11;49.98;4;49.98
1983-04-12;57.66;4;57.66
1983-04-13;52.26;4;52.26
1983-04-14;73.53;4;73.53
1983-04-15;39.73;4;39.73
1983-04-16;38.3;4;38.3
1983-04-17;35.25;4;35.25
1983-04-18;30.58;4;30.58
1983-04-19;25.75;4;25.75
1983-04-20;23.8;4;23.8
1983-04-21;30.06;4;30.06
1983-04-22;78.36;4;78.36
1983-04-23;33.81;4;33.81
1983-04-24;24.53;4;24.53
1983-04-25;20.16;4;20.16
1983-04-26;24.36;4;24.36
1983-04-27;31.74;4;31.74
1983-04-28;27.18;4;27.18
1983-04-29;26.12;4;26.12
1983-04-30;43.48;4;43.48
1983-05-01;24.41;5;24.41
1983-05-02;22.51;5;22.51
1983-05-03;21.58;5;21.58
1983-05-04;19.93;5;19.93
1983-05-05;18.79;5;18.79
1983-05-06;41.62;5;41.62
1983-05-07;48.8;5;48.8
1983-05-08;38.54;5;38.54
1983-05-09;21.47;5;21.47
1983-05-10;20.14;5;20.14
1983-05-11;19.56;5;19.56
1983-05-12;26.86;5;26.86
1983-05-13;22.92;5;22.92
1983-05-14;18.2;5;18.2
1983-05-15;17.94;5;17.94
1983-05-16;17.02;5;17.02
1983-05-17;16.71;5;16.71
1983-05-18;19.54;5;19.54
1983-05-19;19.67;5;19.67
1983-05-20;21.55;5;21.55
1983-05-21;21.53;5;21.53
1983-05-22;25.65;5;25.65
1983-05-23;18.81;5;18.81
1983-05-24;16.1;5;16.1
1983-05-25;16.55;5;16.55
1983-05-26;18.76;5;18.76
1983-05-27;28.52;5;28.52
1983-05-28;19.36;5;19.36
1983-05-29;17.11;5;17.11
1983-05-30;16.2;5;16.2
1983-05-31;14.48;5;14.48
1983-06-01;14.22;6;14.22
1983-06-02;20.61;6;20.61
1983-06-03;18.61;6;18.61
1983-06-04;17.79;6;17.79
1983-06-05;15.86;6;15.86
1983-06-06;19.88;6;19.88
1983-06-07;14.66;6;14.66
1983-06-08;14.59;6;14.59
1983-06-09;14.48;6;14.48
1983-06-10;12.82;6;12.82
1983-06-11;12.18;6;12.18
1983-06-12;12.29;6;12.29
1983-06-13;11.74;6;11.74
1983-06-14;12.38;6;12.38
1983-06-15;19.43;6;19.43
1983-06-16;24.28;6;24.28
1983-06-17;30.7;6;30.7
1983-06-18;16.64;6;16.64
1983-06-19;13.02;6;13.02
1983-06-20;12.14;6;12.14
1983-06-21;11.92;6;11.92
1983-06-22;11.32;6;11.32
1983-06-23;13.59;6;13.59
1983-06-24;14.39;6;14.39
1983-06-25;13.08;6;13.08
1983-06-26;12.52;6;12.52
1983-06-27;14.47;6;14.47
1983-06-28;12.39;6;12.39
1983-06-29;11.84;6;11.84
1983-06-30;14.62;6;14.62
1983-07-01;15.88;7;15.88
1983-07-02;20.92;7;20.92
1983-07-03;14.93;7;14.93
1983-07-04;12.69;7;12.69
1983-07-05;22.55;7;22.55
1983-07-06;21.55;7;21.55
1983-07-07;13.48;7;13.48
1983-07-08;12.51;7;12.51
1983-07-09;14.55;7;14.55
1983-07-10;14.47;7;14.47
1983-07-11;14.15;7;14.15
1983-07-12;22.57;7;22.57
1983-07-13;16.15;7;16.15
1983-07-14;13.57;7;13.57
1983-07-15;15.04;7;15.04
1983-07-16;13.91;7;13.91
1983-07-17;28.1;7;28.1
1983-07-18;27.36;7;27.36
1983-07-19;21.51;7;21.51
1983-07-20;20.25;7;20.25
1983-07-21;57.04;7;57.04
1983-07-22;44.36;7;44.36
1983-07-23;23.65;7;23.65
1983-07-24;16.77;7;16.77
1983-07-25;19.76;7;19.76
1983-07-26;12.85;7;12.85
1983-07-27;11.26;7;11.26
1983-07-28;16.27;7;16.27
1983-07-29;17.25;7;17.25
1983-07-30;15.12;7;15.12
1983-07-31;33.22;7;33.22
1983-08-01;53.54;8;53.54
1983-08-02;71.53;8;71.53
1983-08-03;37.61;8;37.61
1983-08-04;16.35;8;16.35
1983-08-05;17.32;8;17.32
1983-08-06;21.68;8;21.68
1983-08-07;19.03;8;19.03
1983-08-08;29.48;8;29.48
1983-08-09;13.72;8;13.72
1983-08-10;19.44;8;19.44
1983-08-11;16.89;8;16.89
1983-08-12;13.29;8;13.29
1983-08-13;19.57;8;19.57
1983-08-14;12.98;8;12.98
1983-08-15;13.27;8;13.27
1983-08-16;19.14;8;19.14
1983-08-17;54.35;8;54.35
1983-08-18;70.04;8;70.04
1983-08-19;65.69;8;65.69
1983-08-20;33.47;8;33.47
1983-08-21;21.97;8;21.97
1983-08-22;20.49;8;20.49
1983-08-23;22.07;8;22.07
1983-08-24;25.5;8;25.5
1983-08-25;20.48;8;20.48
1983-08-26;16.59;8;16.59
1983-08-27;20.0;8;20.0
1983-08-28;13.63;8;13.63
1983-08-29;16.88;8;16.88
1983-08-30;19.9;8;19.9
1983-08-31;14.24;8;14.24
1983-09-01;12.68;9;12.68
1983-09-02;11.2;9;11.2
1983-09-03;17.31;9;17.31
1983-09-04;13.4;9;13.4
1983-09-05;11.49;9;11.49
1983-09-06;11.94;9;11.94
1983-09-07;13.46;9;13.46
1983-09-08;13.07;9;13.07
1983-09-09;11.4;9;11.4
1983-09-10;11.42;9;11.42
1983-09-11;10.33;9;10.33
1983-09-12;10.23;9;10.23
1983-09-13;11.16;9;11.16
1983-09-14;12.65;9;12.65
1983-09-15;14.33;9;14.33
1983-09-16;12.98;9;12.98
1983-09-17;14.79;9;14.79
1983-09-18;24.85;9;24.85
1983-09-19;19.62;9;19.62
1983-09-20;17.62;9;17.62
1983-09-21;22.29;9;22.29
1983-09-22;14.0;9;14.0
1983-09-23;19.64;9;19.64
1983-09-24;16.9;9;16.9
1983-09-25;18.98;9;18.98
1983-09-26;14.77;9;14.77
1983-09-27;14.33;9;14.33
1983-09-28;15.75;9;15.75
1983-09-29;17.83;9;17.83
1983-09-30;14.21;9;14.21
1983-10-01;17.36;10;17.36
1983-10-02;21.07;10;21.07
1983-10-03;17.93;10;17.93
1983-10-04;19.99;10;19.99
1983-10-05;49.24;10;49.24
1983-10-06;35.4;10;35.4
1983-10-07;19.75;10;19.75
1983-10-08;14.21;10;14.21
1983-10-09;12.18;10;12.18
1983-10-10;12.01;10;12.01
1983-10-11;11.83;10;11.83
1983-10-12;12.8;10;12.8
1983-10-13;12.63;10;12.63
1983-10-14;14.16;10;14.16
1983-10-15;17.37;10;17.37
1983-10-16;33.87;10;33.87
1983-10-17;31.38;10;31.38
1983-10-18;15.52;10;15.52
1983-10-19;18.31;10;18.31
1983-10-20;19.7;10;19.7
1983-10-21;16.16;10;16.16
1983-10-22;17.89;10;17.89
1983-10-23;19.44;10;19.44
1983-10-24;16.18;10;16.18
1983-10-25;18.37;10;18.37
1983-10-26;20.29;10;20.29
1983-10-27;18.79;10;18.79
1983-10-28;19.36;10;19.36
1983-10-29;18.98;10;18.98
1983-10-30;17.21;10;17.21
1983-10-31;31.52;10;31.52
1983-11-01;47.63;11;47.63
1983-11-02;25.11;11;25.11
1983-11-03;19.24;11;19.24
1983-11-04;18.02;11;18.02
1983-11-05;14.51;11;14.51
1983-11-06;12.91;11;12.91
1983-11-07;13.44;11;13.44
1983-11-08;13.37;11;13.37
1983-11-09;14.8;11;14.8
1983-11-10;17.54;11;17.54
1983-11-11;18.73;11;18.73
1983-11-12;15.2;11;15.2
1983-11-13;21.46;11;21.46
1983-11-14;19.39;11;19.39
1983-11-15;19.19;11;19.19
1983-11-16;22.18;11;22.18
1983-11-17;17.13;11;17.13
1983-11-18;15.05;11;15.05
1983-11-19;14.01;11;14.01
1983-11-20;17.33;11;17.33
1983-11-21;14.0;11;14.0
1983-11-22;16.77;11;16.77
1983-11-23;14.7;11;14.7
1983-11-24;23.36;11;23.36
1983-11-25;16.53;11;16.53
1983-11-26;14.03;11;14.03
1983-11-27;16.03;11;16.03
1983-11-28;16.54;11;16.54
1983-11-29;20.81;11;20.81
1983-11-30;34.72;11;34.72
1983-12-01;39.73;12;39.73
1983-12-02;24.18;12;24.18
1983-12-03;22.77;12;22.77
1983-12-04;31.24;12;31.24
1983-12-05;43.35;12;43.35
1983-12-06;57.78;12;57.78
1983-12-07;46.86;12;46.86
1983-12-08;40.02;12;40.02
1983-12-09;40.93;12;40.93
1983-12-10;48.32;12;48.32
1983-12-11;35.77;12;35.77
1983-12-12;38.43;12;38.43
1983-12-13;32.56;12;32.56
1983-12-14;25.79;12;25.79
1983-12-15;22.47;12;22.47
1983-12-16;20.28;12;20.28
1983-12-17;21.55;12;21.55
1983-12-18;21.38;12;21.38
1983-12-19;23.46;12;23.46
1983-12-20;26.36;12;26.36
1983-12-21;18.47;12;18.47
1983-12-22;17.85;12;17.85
1983-12-23;20.04;12;20.04
1983-12-24;16.86;12;16.86
1983-12-25;15.15;12;15.15
1983-12-26;15.37;12;15.37
1983-12-27;15.41;12;15.41
1983-12-28;14.59;12;14.59
1983-12-29;15.39;12;15.39
1983-12-30;17.02;12;17.02
1983-12-31;21.35;12;21.35
1984-01-01;27.8;1;27.8
1984-01-02;37.7;1;37.7
1984-01-03;35.0;1;35.0
1984-01-04;38.6;1;38.6
1984-01-05;47.9;1;47.9
1984-01-06;50.9;1;50.9
1984-01-07;47.9;1;47.9
1984-01-08;66.0;1;66.0
1984-01-09;50.3;1;50.3
1984-01-10;38.2;1;38.2
1984-01-11;37.2;1;37.2
1984-01-12;37.0;1;37.0
1984-01-13;33.4;1;33.4
1984-01-14;25.2;1;25.2
1984-01-15;22.8;1;22.8
1984-01-16;20.5;1;20.5
1984-01-17;18.7;1;18.7
1984-01-18;18.0;1;18.0
1984-01-19;18.5;1;18.5
1984-01-20;19.5;1;19.5
1984-01-21;24.4;1;24.4
1984-01-22;35.2;1;35.2
1984-01-23;30.6;1;30.6
1984-01-24;27.0;1;27.0
1984-01-25;26.0;1;26.0
1984-01-26;24.7;1;24.7
1984-01-27;23.7;1;23.7
1984-01-28;31.3;1;31.3
1984-01-29;36.4;1;36.4
1984-01-30;29.9;1;29.9
1984-01-31;21.9;1;21.9
1984-02-01;19.7;2;19.7
1984-02-02;19.0;2;19.0
1984-02-03;18.9;2;18.9
1984-02-04;21.0;2;21.0
1984-02-05;23.1;2;23.1
1984-02-06;24.9;2;24.9
1984-02-07;20.7;2;20.7
1984-02-08;21.3;2;21.3
1984-02-09;18.4;2;18.4
1984-02-10;17.9;2;17.9
1984-02-11;17.4;2;17.4
1984-02-12;15.9;2;15.9
1984-02-13;15.7;2;15.7
1984-02-14;14.9;2;14.9
1984-02-15;18.4;2;18.4
1984-02-16;17.0;2;17.0
1984-02-17;18.3;2;18.3
1984-02-18;15.6;2;15.6
1984-02-19;15.2;2;15.2
1984-02-20;14.8;2;14.8
1984-02-21;14.0;2;14.0
1984-02-22;14.8;2;14.8
1984-02-23;15.0;2;15.0
1984-02-24;23.2;2;23.2
1984-02-25;25.2;2;25.2
1984-02-26;17.9;2;17.9
1984-02-27;21.4;2;21.4
1984-02-28;16.9;2;16.9
1984-02-29;14.6;2;14.6
1984-03-01;13.8;3;13.8
1984-03-02;12.9;3;12.9
1984-03-03;17.0;3;17.0
1984-03-04;14.6;3;14.6
1984-03-05;12.8;3;12.8
1984-03-06;13.4;3;13.4
1984-03-07;16.1;3;16.1
1984-03-08;14.0;3;14.0
1984-03-09;17.2;3;17.2
1984-03-10;15.3;3;15.3
1984-03-11;14.6;3;14.6
1984-03-12;12.2;3;12.2
1984-03-13;11.6;3;11.6
1984-03-14;11.1;3;11.1
1984-03-15;11.2;3;11.2
1984-03-16;12.5;3;12.5
1984-03-17;15.0;3;15.0
1984-03-18;15.6;3;15.6
1984-03-19;24.8;3;24.8
1984-03-20;19.2;3;19.2
1984-03-21;15.4;3;15.4
1984-03-22;15.2;3;15.2
1984-03-23;16.5;3;16.5
1984-03-24;16.2;3;16.2
1984-03-25;17.6;3;17.6
1984-03-26;14.7;3;14.7
1984-03-27;17.3;3;17.3
1984-03-28;13.8;3;13.8
1984-03-29;17.0;3;17.0
1984-03-30;22.1;3;22.1
1984-03-31;25.0;3;25.0
1984-04-01;24.3;4;24.3
1984-04-02;33.5;4;33.5
1984-04-03;38.9;4;38.9
1984-04-04;30.5;4;30.5
1984-04-05;27.9;4;27.9
1984-04-06;22.2;4;22.2
1984-04-07;19.2;4;19.2
1984-04-08;24.3;4;24.3
1984-04-09;22.3;4;22.3
1984-04-10;21.2;4;21.2
1984-04-11;18.9;4;18.9
1984-04-12;18.5;4;18.5
1984-04-13;17.7;4;17.7
1984-04-14;16.5;4;16.5
1984-04-15;15.2;4;15.2
1984-04-16;17.1;4;17.1
1984-04-17;16.3;4;16.3
1984-04-18;14.8;4;14.8
1984-04-19;14.8;4;14.8
1984-04-20;14.4;4;14.4
1984-04-21;13.1;4;13.1
1984-04-22;14.5;4;14.5
1984-04-23;15.6;4;15.6
1984-04-24;17.4;4;17.4
1984-04-25;20.3;4;20.3
1984-04-26;38.1;4;38.1
1984-04-27;32.2;4;32.2
1984-04-28;33.6;4;33.6
1984-04-29;75.6;4;75.6
1984-04-30;43.3;4;43.3
1984-05-01;55.9;5;55.9
1984-05-02;49.6;5;49.6
1984-05-03;51.1;5;51.1
1984-05-04;32.3;5;32.3
1984-05-05;22.6;5;22.6
1984-05-06;19.3;5;19.3
1984-05-07;18.5;5;18.5
1984-05-08;18.0;5;18.0
1984-05-09;18.6;5;18.6
1984-05-10;21.7;5;21.7
1984-05-11;19.1;5;19.1
1984-05-12;22.4;5;22.4
1984-05-13;26.0;5;26.0
1984-05-14;35.0;5;35.0
1984-05-15;40.3;5;40.3
1984-05-16;29.1;5;29.1
1984-05-17;23.1;5;23.1
1984-05-18;20.8;5;20.8
1984-05-19;20.4;5;20.4
1984-05-20;19.3;5;19.3
1984-05-21;17.3;5;17.3
1984-05-22;28.9;5;28.9
1984-05-23;32.4;5;32.4
1984-05-24;35.8;5;35.8
1984-05-25;45.0;5;45.0
1984-05-26;54.1;5;54.1
1984-05-27;42.7;5;42.7
1984-05-28;30.0;5;30.0
1984-05-29;24.2;5;24.2
1984-05-30;22.3;5;22.3
1984-05-31;20.1;5;20.1
1984-06-01;34.3;6;34.3
1984-06-02;33.4;6;33.4
1984-06-03;28.9;6;28.9
1984-06-04;29.7;6;29.7
1984-06-05;28.6;6;28.6
1984-06-06;24.2;6;24.2
1984-06-07;24.2;6;24.2
1984-06-08;23.1;6;23.1
1984-06-09;24.3;6;24.3
1984-06-10;18.7;6;18.7
1984-06-11;18.8;6;18.8
1984-06-12;19.3;6;19.3
1984-06-13;19.1;6;19.1
1984-06-14;30.5;6;30.5
1984-06-15;29.8;6;29.8
1984-06-16;22.8;6;22.8
1984-06-17;45.9;6;45.9
1984-06-18;35.2;6;35.2
1984-06-19;24.7;6;24.7
1984-06-20;19.2;6;19.2
1984-06-21;16.2;6;16.2
1984-06-22;15.5;6;15.5
1984-06-23;20.3;6;20.3
1984-06-24;21.2;6;21.2
1984-06-25;30.8;6;30.8
1984-06-26;15.8;6;15.8
1984-06-27;15.4;6;15.4
1984-06-28;16.0;6;16.0
1984-06-29;23.8;6;23.8
1984-06-30;19.5;6;19.5
1984-07-01;20.4;7;20.4
1984-07-02;21.6;7;21.6
1984-07-03;16.8;7;16.8
1984-07-04;20.0;7;20.0
1984-07-05;19.3;7;19.3
1984-07-06;17.3;7;17.3
1984-07-07;14.4;7;14.4
1984-07-08;18.1;7;18.1
1984-07-09;23.1;7;23.1
1984-07-10;18.2;7;18.2
1984-07-11;18.0;7;18.0
1984-07-12;20.2;7;20.2
1984-07-13;16.9;7;16.9
1984-07-14;16.1;7;16.1
1984-07-15;21.9;7;21.9
1984-07-16;22.0;7;22.0
1984-07-17;20.5;7;20.5
1984-07-18;61.8;7;61.8
1984-07-19;53.8;7;53.8
1984-07-20;49.9;7;49.9
1984-07-21;49.8;7;49.8
1984-07-22;24.7;7;24.7
1984-07-23;18.9;7;18.9
1984-07-24;18.5;7;18.5
1984-07-25;17.8;7;17.8
1984-07-26;38.7;7;38.7
1984-07-27;21.0;7;21.0
1984-07-28;14.3;7;14.3
1984-07-29;28.5;7;28.5
1984-07-30;33.1;7;33.1
1984-07-31;30.4;7;30.4
1984-08-01;20.1;8;20.1
1984-08-02;13.9;8;13.9
1984-08-03;15.9;8;15.9
1984-08-04;15.2;8;15.2
1984-08-05;18.6;8;18.6
1984-08-06;15.1;8;15.1
1984-08-07;12.6;8;12.6
1984-08-08;11.7;8;11.7
1984-08-09;14.1;8;14.1
1984-08-10;22.1;8;22.1
1984-08-11;39.2;8;39.2
1984-08-12;34.0;8;34.0
1984-08-13;20.6;8;20.6
1984-08-14;16.8;8;16.8
1984-08-15;13.7;8;13.7
1984-08-16;11.7;8;11.7
1984-08-17;12.8;8;12.8
1984-08-18;12.2;8;12.2
1984-08-19;28.2;8;28.2
1984-08-20;28.9;8;28.9
1984-08-21;23.6;8;23.6
1984-08-22;23.0;8;23.0
1984-08-23;18.6;8;18.6
1984-08-24;15.6;8;15.6
1984-08-25;13.3;8;13.3
1984-08-26;14.3;8;14.3
1984-08-27;15.9;8;15.9
1984-08-28;23.0;8;23.0
1984-08-29;15.3;8;15.3
1984-08-30;12.9;8;12.9
1984-08-31;12.1;8;12.1
1984-09-01;11.1;9;11.1
1984-09-02;10.5;9;10.5
1984-09-03;10.4;9;10.4
1984-09-04;10.2;9;10.2
1984-09-05;17.6;9;17.6
1984-09-06;11.2;9;11.2
1984-09-07;12.3;9;12.3
1984-09-08;11.1;9;11.1
1984-09-09;11.8;9;11.8
1984-09-10;12.3;9;12.3
1984-09-11;14.5;9;14.5
1984-09-12;12.6;9;12.6
1984-09-13;16.3;9;16.3
1984-09-14;16.3;9;16.3
1984-09-15;12.7;9;12.7
1984-09-16;11.1;9;11.1
1984-09-17;10.9;9;10.9
1984-09-18;12.7;9;12.7
1984-09-19;20.7;9;20.7
1984-09-20;19.3;9;19.3
1984-09-21;20.7;9;20.7
1984-09-22;27.4;9;27.4
1984-09-23;23.9;9;23.9
1984-09-24;16.9;9;16.9
1984-09-25;18.6;9;18.6
1984-09-26;21.8;9;21.8
1984-09-27;22.6;9;22.6
1984-09-28;16.4;9;16.4
1984-09-29;16.8;9;16.8
1984-09-30;21.6;9;21.6
1984-10-01;26.9;10;26.9
1984-10-02;23.0;10;23.0
1984-10-03;15.9;10;15.9
1984-10-04;15.0;10;15.0
1984-10-05;17.6;10;17.6
1984-10-06;16.1;10;16.1
1984-10-07;28.0;10;28.0
1984-10-08;21.0;10;21.0
1984-10-09;19.9;10;19.9
1984-10-10;16.3;10;16.3
1984-10-11;14.7;10;14.7
1984-10-12;15.4;10;15.4
1984-10-13;17.8;10;17.8
1984-10-14;15.0;10;15.0
1984-10-15;20.4;10;20.4
1984-10-16;17.0;10;17.0
1984-10-17;18.2;10;18.2
1984-10-18;33.7;10;33.7
1984-10-19;41.6;10;41.6
1984-10-20;49.6;10;49.6
1984-10-21;28.4;10;28.4
1984-10-22;27.8;10;27.8
1984-10-23;27.2;10;27.2
1984-10-24;36.4;10;36.4
1984-10-25;63.0;10;63.0
1984-10-26;74.4;10;74.4
1984-10-27;37.4;10;37.4
1984-10-28;100.8;10;100.8
1984-10-29;101.2;10;101.2
1984-10-30;81.1;10;81.1
1984-10-31;81.6;10;81.6
1984-11-01;94.0;11;94.0
1984-11-02;80.2;11;80.2
1984-11-03;41.0;11;41.0
1984-11-04;31.9;11;31.9
1984-11-05;32.5;11;32.5
1984-11-06;44.5;11;44.5
1984-11-07;50.4;11;50.4
1984-11-08;32.5;11;32.5
1984-11-09;27.1;11;27.1
1984-11-10;27.2;11;27.2
1984-11-11;84.6;11;84.6
1984-11-12;50.9;11;50.9
1984-11-13;39.2;11;39.2
1984-11-14;38.8;11;38.8
1984-11-15;37.1;11;37.1
1984-11-16;31.8;11;31.8
1984-11-17;26.3;11;26.3
1984-11-18;24.5;11;24.5
1984-11-19;22.0;11;22.0
1984-11-20;26.5;11;26.5
1984-11-21;36.5;11;36.5
1984-11-22;25.2;11;25.2
1984-11-23;32.1;11;32.1
1984-11-24;63.9;11;63.9
1984-11-25;63.8;11;63.8
1984-11-26;43.9;11;43.9
1984-11-27;42.8;11;42.8
1984-11-28;70.0;11;70.0
1984-11-29;60.7;11;60.7
1984-11-30;46.7;11;46.7
1984-12-01;35.2;12;35.2
1984-12-02;31.8;12;31.8
1984-12-03;27.6;12;27.6
1984-12-04;25.2;12;25.2
1984-12-05;23.1;12;23.1
1984-12-06;22.5;12;22.5
1984-12-07;24.0;12;24.0
1984-12-08;30.2;12;30.2
1984-12-09;41.8;12;41.8
1984-12-10;42.8;12;42.8
1984-12-11;34.3;12;34.3
1984-12-12;33.5;12;33.5
1984-12-13;31.3;12;31.3
1984-12-14;25.8;12;25.8
1984-12-15;22.7;12;22.7
1984-12-16;23.2;12;23.2
1984-12-17;26.4;12;26.4
1984-12-18;28.2;12;28.2
1984-12-19;36.1;12;36.1
1984-12-20;31.9;12;31.9
1984-12-21;25.8;12;25.8
1984-12-22;23.1;12;23.1
1984-12-23;23.2;12;23.2
1984-12-24;23.3;12;23.3
1984-12-25;21.5;12;21.5
1984-12-26;18.8;12;18.8
1984-12-27;18.7;12;18.7
1984-12-28;17.5;12;17.5
1984-12-29;18.8;12;18.8
1984-12-30;16.2;12;16.2
1984-12-31;16.0;12;16.0
1985-01-01;18.9;1;18.9
1985-01-02;17.0;1;17.0
1985-01-03;16.5;1;16.5
1985-01-04;18.1;1;18.1
1985-01-05;22.8;1;22.8
1985-01-06;32.5;1;32.5
1985-01-07;24.5;1;24.5
1985-01-08;35.2;1;35.2
1985-01-09;34.2;1;34.2
1985-01-10;22.6;1;22.6
1985-01-11;20.9;1;20.9
1985-01-12;24.7;1;24.7
1985-01-13;29.5;1;29.5
1985-01-14;27.6;1;27.6
1985-01-15;28.6;1;28.6
1985-01-16;24.5;1;24.5
1985-01-17;22.1;1;22.1
1985-01-18;20.2;1;20.2
1985-01-19;20.7;1;20.7
1985-01-20;25.9;1;25.9
1985-01-21;39.5;1;39.5
1985-01-22;57.3;1;57.3
1985-01-23;66.8;1;66.8
1985-01-24;35.4;1;35.4
1985-01-25;29.4;1;29.4
1985-01-26;33.5;1;33.5
1985-01-27;49.7;1;49.7
1985-01-28;51.5;1;51.5
1985-01-29;36.0;1;36.0
1985-01-30;29.8;1;29.8
1985-01-31;26.8;1;26.8
1985-02-01;24.4;2;24.4
1985-02-02;22.9;2;22.9
1985-02-03;21.6;2;21.6
1985-02-04;20.7;2;20.7
1985-02-05;19.3;2;19.3
1985-02-06;18.5;2;18.5
1985-02-07;18.5;2;18.5
1985-02-08;18.3;2;18.3
1985-02-09;27.1;2;27.1
1985-02-10;19.8;2;19.8
1985-02-11;21.0;2;21.0
1985-02-12;19.0;2;19.0
1985-02-13;17.4;2;17.4
1985-02-14;16.3;2;16.3
1985-02-15;16.0;2;16.0
1985-02-16;15.1;2;15.1
1985-02-17;14.8;2;14.8
1985-02-18;12.6;2;12.6
1985-02-19;14.6;2;14.6
1985-02-20;14.0;2;14.0
1985-02-21;13.9;2;13.9
1985-02-22;13.4;2;13.4
1985-02-23;14.8;2;14.8
1985-02-24;15.1;2;15.1
1985-02-25;16.7;2;16.7
1985-02-26;19.6;2;19.6
1985-02-27;16.0;2;16.0
1985-02-28;14.1;2;14.1
1985-03-01;13.8;3;13.8
1985-03-02;13.5;3;13.5
1985-03-03;13.1;3;13.1
1985-03-04;15.4;3;15.4
1985-03-05;15.1;3;15.1
1985-03-06;13.0;3;13.0
1985-03-07;12.8;3;12.8
1985-03-08;12.9;3;12.9
1985-03-09;12.2;3;12.2
1985-03-10;12.4;3;12.4
1985-03-11;13.8;3;13.8
1985-03-12;14.2;3;14.2
1985-03-13;21.6;3;21.6
1985-03-14;15.6;3;15.6
1985-03-15;14.0;3;14.0
1985-03-16;12.3;3;12.3
1985-03-17;12.2;3;12.2
1985-03-18;15.7;3;15.7
1985-03-19;26.8;3;26.8
1985-03-20;32.2;3;32.2
1985-03-21;21.3;3;21.3
1985-03-22;14.9;3;14.9
1985-03-23;14.6;3;14.6
1985-03-24;11.9;3;11.9
1985-03-25;12.2;3;12.2
1985-03-26;11.9;3;11.9
1985-03-27;12.0;3;12.0
1985-03-28;11.7;3;11.7
1985-03-29;12.1;3;12.1
1985-03-30;12.0;3;12.0
1985-03-31;17.4;3;17.4
1985-04-01;27.6;4;27.6
1985-04-02;21.6;4;21.6
1985-04-03;19.7;4;19.7
1985-04-04;18.6;4;18.6
1985-04-05;20.4;4;20.4
1985-04-06;17.7;4;17.7
1985-04-07;15.9;4;15.9
1985-04-08;15.9;4;15.9
1985-04-09;14.4;4;14.4
1985-04-10;13.4;4;13.4
1985-04-11;13.2;4;13.2
1985-04-12;12.8;4;12.8
1985-04-13;13.7;4;13.7
1985-04-14;11.8;4;11.8
1985-04-15;10.8;4;10.8
1985-04-16;11.3;4;11.3
1985-04-17;10.8;4;10.8
1985-04-18;10.9;4;10.9
1985-04-19;10.4;4;10.4
1985-04-20;14.1;4;14.1
1985-04-21;12.6;4;12.6
1985-04-22;14.2;4;14.2
1985-04-23;18.6;4;18.6
1985-04-24;22.9;4;22.9
1985-04-25;24.2;4;24.2
1985-04-26;48.1;4;48.1
1985-04-27;42.6;4;42.6
1985-04-28;29.4;4;29.4
1985-04-29;26.7;4;26.7
1985-04-30;25.7;4;25.7
1985-05-01;21.4;5;21.4
1985-05-02;20.4;5;20.4
1985-05-03;19.0;5;19.0
1985-05-04;17.6;5;17.6
1985-05-05;15.3;5;15.3
1985-05-06;14.3;5;14.3
1985-05-07;14.8;5;14.8
1985-05-08;15.1;5;15.1
1985-05-09;14.8;5;14.8
1985-05-10;29.8;5;29.8
1985-05-11;35.8;5;35.8
1985-05-12;42.6;5;42.6
1985-05-13;37.1;5;37.1
1985-05-14;27.5;5;27.5
1985-05-15;28.0;5;28.0
1985-05-16;29.2;5;29.2
1985-05-17;23.0;5;23.0
1985-05-18;23.7;5;23.7
1985-05-19;22.0;5;22.0
1985-05-20;22.2;5;22.2
1985-05-21;16.1;5;16.1
1985-05-22;20.8;5;20.8
1985-05-23;19.3;5;19.3
1985-05-24;42.7;5;42.7
1985-05-25;49.7;5;49.7
1985-05-26;41.1;5;41.1
1985-05-27;43.7;5;43.7
1985-05-28;39.1;5;39.1
1985-05-29;62.5;5;62.5
1985-05-30;68.0;5;68.0
1985-05-31;46.9;5;46.9
1985-06-01;43.1;6;43.1
1985-06-02;55.5;6;55.5
1985-06-03;51.1;6;51.1
1985-06-04;31.8;6;31.8
1985-06-05;21.7;6;21.7
1985-06-06;19.0;6;19.0
1985-06-07;18.8;6;18.8
1985-06-08;29.2;6;29.2
1985-06-09;58.5;6;58.5
1985-06-10;34.6;6;34.6
1985-06-11;32.9;6;32.9
1985-06-12;20.2;6;20.2
1985-06-13;16.9;6;16.9
1985-06-14;15.3;6;15.3
1985-06-15;17.5;6;17.5
1985-06-16;26.2;6;26.2
1985-06-17;44.1;6;44.1
1985-06-18;55.9;6;55.9
1985-06-19;49.4;6;49.4
1985-06-20;27.1;6;27.1
1985-06-21;22.8;6;22.8
1985-06-22;37.2;6;37.2
1985-06-23;52.6;6;52.6
1985-06-24;36.0;6;36.0
1985-06-25;24.6;6;24.6
1985-06-26;45.9;6;45.9
1985-06-27;50.0;6;50.0
1985-06-28;23.7;6;23.7
1985-06-29;19.8;6;19.8
1985-06-30;28.7;6;28.7
1985-07-01;18.3;7;18.3
1985-07-02;15.0;7;15.0
1985-07-03;14.3;7;14.3
1985-07-04;19.1;7;19.1
1985-07-05;20.3;7;20.3
1985-07-06;18.6;7;18.6
1985-07-07;15.7;7;15.7
1985-07-08;21.7;7;21.7
1985-07-09;19.0;7;19.0
1985-07-10;15.7;7;15.7
1985-07-11;47.5;7;47.5
1985-07-12;81.6;7;81.6
1985-07-13;65.6;7;65.6
1985-07-14;105.2;7;105.2
1985-07-15;89.9;7;89.9
1985-07-16;58.6;7;58.6
1985-07-17;47.0;7;47.0
1985-07-18;35.6;7;35.6
1985-07-19;22.6;7;22.6
1985-07-20;40.1;7;40.1
1985-07-21;55.3;7;55.3
1985-07-22;30.2;7;30.2
1985-07-23;19.7;7;19.7
1985-07-24;18.6;7;18.6
1985-07-25;18.1;7;18.1
1985-07-26;15.9;7;15.9
1985-07-27;15.0;7;15.0
1985-07-28;16.6;7;16.6
1985-07-29;24.1;7;24.1
1985-07-30;35.4;7;35.4
1985-07-31;18.7;7;18.7
1985-08-01;23.7;8;23.7
1985-08-02;18.1;8;18.1
1985-08-03;29.1;8;29.1
1985-08-04;47.4;8;47.4
1985-08-05;32.2;8;32.2
1985-08-06;21.7;8;21.7
1985-08-07;17.4;8;17.4
1985-08-08;18.7;8;18.7
1985-08-09;28.0;8;28.0
1985-08-10;33.0;8;33.0
1985-08-11;23.1;8;23.1
1985-08-12;16.3;8;16.3
1985-08-13;14.7;8;14.7
1985-08-14;13.8;8;13.8
1985-08-15;15.1;8;15.1
1985-08-16;14.2;8;14.2
1985-08-17;24.0;8;24.0
1985-08-18;36.5;8;36.5
1985-08-19;33.2;8;33.2
1985-08-20;26.2;8;26.2
1985-08-21;39.2;8;39.2
1985-08-22;37.2;8;37.2
1985-08-23;25.8;8;25.8
1985-08-24;23.7;8;23.7
1985-08-25;16.4;8;16.4
1985-08-26;16.9;8;16.9
1985-08-27;16.7;8;16.7
1985-08-28;14.4;8;14.4
1985-08-29;33.5;8;33.5
1985-08-30;33.7;8;33.7
1985-08-31;17.8;8;17.8
1985-09-01;14.5;9;14.5
1985-09-02;18.2;9;18.2
1985-09-03;26.5;9;26.5
1985-09-04;38.6;9;38.6
1985-09-05;40.3;9;40.3
1985-09-06;35.8;9;35.8
1985-09-07;26.5;9;26.5
1985-09-08;22.4;9;22.4
1985-09-09;20.0;9;20.0
1985-09-10;19.0;9;19.0
1985-09-11;19.6;9;19.6
1985-09-12;15.3;9;15.3
1985-09-13;17.0;9;17.0
1985-09-14;14.5;9;14.5
1985-09-15;12.9;9;12.9
1985-09-16;14.6;9;14.6
1985-09-17;12.9;9;12.9
1985-09-18;12.9;9;12.9
1985-09-19;12.5;9;12.5
1985-09-20;10.2;9;10.2
1985-09-21;12.0;9;12.0
1985-09-22;11.3;9;11.3
1985-09-23;12.3;9;12.3
1985-09-24;11.4;9;11.4
1985-09-25;13.1;9;13.1
1985-09-26;14.4;9;14.4
1985-09-27;18.1;9;18.1
1985-09-28;17.2;9;17.2
1985-09-29;14.5;9;14.5
1985-09-30;17.9;9;17.9
1985-10-01;18.4;10;18.4
1985-10-02;24.3;10;24.3
1985-10-03;16.5;10;16.5
1985-10-04;18.3;10;18.3
1985-10-05;23.5;10;23.5
1985-10-06;16.7;10;16.7
1985-10-07;16.2;10;16.2
1985-10-08;13.6;10;13.6
1985-10-09;23.5;10;23.5
1985-10-10;21.4;10;21.4
1985-10-11;15.9;10;15.9
1985-10-12;13.3;10;13.3
1985-10-13;11.7;10;11.7
1985-10-14;11.4;10;11.4
1985-10-15;11.2;10;11.2
1985-10-16;12.4;10;12.4
1985-10-17;11.6;10;11.6
1985-10-18;14.3;10;14.3
1985-10-19;28.0;10;28.0
1985-10-20;58.1;10;58.1
1985-10-21;47.5;10;47.5
1985-10-22;51.5;10;51.5
1985-10-23;32.4;10;32.4
1985-10-24;64.2;10;64.2
1985-10-25;47.3;10;47.3
1985-10-26;35.3;10;35.3
1985-10-27;30.3;10;30.3
1985-10-28;53.6;10;53.6
1985-10-29;54.4;10;54.4
1985-10-30;65.4;10;65.4
1985-10-31;49.0;10;49.0
1985-11-01;33.3;11;33.3
1985-11-02;27.0;11;27.0
1985-11-03;23.5;11;23.5
1985-11-04;21.7;11;21.7
1985-11-05;25.8;11;25.8
1985-11-06;28.9;11;28.9
1985-11-07;25.4;11;25.4
1985-11-08;24.4;11;24.4
1985-11-09;26.3;11;26.3
1985-11-10;22.5;11;22.5
1985-11-11;20.2;11;20.2
1985-11-12;25.1;11;25.1
1985-11-13;46.9;11;46.9
1985-11-14;87.0;11;87.0
1985-11-15;55.8;11;55.8
1985-11-16;50.1;11;50.1
1985-11-17;35.1;11;35.1
1985-11-18;33.2;11;33.2
1985-11-19;29.5;11;29.5
1985-11-20;32.4;11;32.4
1985-11-21;35.0;11;35.0
1985-11-22;38.0;11;38.0
1985-11-23;54.3;11;54.3
1985-11-24;38.9;11;38.9
1985-11-25;28.3;11;28.3
1985-11-26;27.6;11;27.6
1985-11-27;35.6;11;35.6
1985-11-28;31.9;11;31.9
1985-11-29;24.6;11;24.6
1985-11-30;23.4;11;23.4
1985-12-01;22.7;12;22.7
1985-12-02;25.0;12;25.0
1985-12-03;24.8;12;24.8
1985-12-04;26.1;12;26.1
1985-12-05;27.7;12;27.7
1985-12-06;32.7;12;32.7
1985-12-07;32.6;12;32.6
1985-12-08;28.4;12;28.4
1985-12-09;27.0;12;27.0
1985-12-10;27.4;12;27.4
1985-12-11;27.6;12;27.6
1985-12-12;24.7;12;24.7
1985-12-13;21.5;12;21.5
1985-12-14;20.9;12;20.9
1985-12-15;21.7;12;21.7
1985-12-16;19.7;12;19.7
1985-12-17;19.3;12;19.3
1985-12-18;17.4;12;17.4
1985-12-19;17.6;12;17.6
1985-12-20;19.4;12;19.4
1985-12-21;17.6;12;17.6
1985-12-22;22.6;12;22.6
1985-12-23;15.8;12;15.8
1985-12-24;19.6;12;19.6
1985-12-25;18.4;12;18.4
1985-12-26;32.4;12;32.4
1985-12-27;25.1;12;25.1
1985-12-28;61.6;12;61.6
1985-12-29;66.1;12;66.1
1985-12-30;52.9;12;52.9
1985-12-31;34.7;12;34.7
1986-01-01;26.8;1;26.8
1986-01-02;23.6;1;23.6
1986-01-03;21.8;1;21.8
1986-01-04;25.9;1;25.9
1986-01-05;20.5;1;20.5
1986-01-06;21.4;1;21.4
1986-01-07;18.4;1;18.4
1986-01-08;18.0;1;18.0
1986-01-09;16.7;1;16.7
1986-01-10;15.1;1;15.1
1986-01-11;15.9;1;15.9
1986-01-12;14.9;1;14.9
1986-01-13;14.3;1;14.3
1986-01-14;14.3;1;14.3
1986-01-15;16.7;1;16.7
1986-01-16;22.2;1;22.2
1986-01-17;23.9;1;23.9
1986-01-18;41.2;1;41.2
1986-01-19;59.9;1;59.9
1986-01-20;41.6;1;41.6
1986-01-21;25.9;1;25.9
1986-01-22;22.6;1;22.6
1986-01-23;20.6;1;20.6
1986-01-24;20.6;1;20.6
1986-01-25;19.3;1;19.3
1986-01-26;18.9;1;18.9
1986-01-27;18.4;1;18.4
1986-01-28;16.5;1;16.5
1986-01-29;27.5;1;27.5
1986-01-30;17.1;1;17.1
1986-01-31;21.6;1;21.6
1986-02-01;24.5;2;24.5
1986-02-02;18.2;2;18.2
1986-02-03;18.6;2;18.6
1986-02-04;25.9;2;25.9
1986-02-05;21.8;2;21.8
1986-02-06;18.1;2;18.1
1986-02-07;16.6;2;16.6
1986-02-08;15.6;2;15.6
1986-02-09;16.4;2;16.4
1986-02-10;15.9;2;15.9
1986-02-11;15.1;2;15.1
1986-02-12;14.1;2;14.1
1986-02-13;17.4;2;17.4
1986-02-14;18.4;2;18.4
1986-02-15;21.0;2;21.0
1986-02-16;29.8;2;29.8
1986-02-17;36.8;2;36.8
1986-02-18;34.8;2;34.8
1986-02-19;25.6;2;25.6
1986-02-20;18.9;2;18.9
1986-02-21;18.8;2;18.8
1986-02-22;22.4;2;22.4
1986-02-23;22.7;2;22.7
1986-02-24;26.8;2;26.8
1986-02-25;43.8;2;43.8
1986-02-26;31.9;2;31.9
1986-02-27;30.4;2;30.4
1986-02-28;26.0;2;26.0
1986-03-01;45.3;3;45.3
1986-03-02;36.6;3;36.6
1986-03-03;42.6;3;42.6
1986-03-04;39.2;3;39.2
1986-03-05;34.7;3;34.7
1986-03-06;29.1;3;29.1
1986-03-07;29.5;3;29.5
1986-03-08;29.5;3;29.5
1986-03-09;27.5;3;27.5
1986-03-10;29.5;3;29.5
1986-03-11;39.1;3;39.1
1986-03-12;32.8;3;32.8
1986-03-13;39.2;3;39.2
1986-03-14;51.8;3;51.8
1986-03-15;36.3;3;36.3
1986-03-16;42.2;3;42.2
1986-03-17;49.2;3;49.2
1986-03-18;28.9;3;28.9
1986-03-19;25.2;3;25.2
1986-03-20;23.2;3;23.2
1986-03-21;24.5;3;24.5
1986-03-22;22.6;3;22.6
1986-03-23;21.7;3;21.7
1986-03-24;20.5;3;20.5
1986-03-25;20.9;3;20.9
1986-03-26;20.7;3;20.7
1986-03-27;17.1;3;17.1
1986-03-28;18.9;3;18.9
1986-03-29;19.2;3;19.2
1986-03-30;18.4;3;18.4
1986-03-31;22.9;3;22.9
1986-04-01;20.4;4;20.4
1986-04-02;16.4;4;16.4
1986-04-03;16.9;4;16.9
1986-04-04;12.9;4;12.9
1986-04-05;21.8;4;21.8
1986-04-06;19.1;4;19.1
1986-04-07;26.2;4;26.2
1986-04-08;48.6;4;48.6
1986-04-09;29.9;4;29.9
1986-04-10;20.5;4;20.5
1986-04-11;19.5;4;19.5
1986-04-12;22.3;4;22.3
1986-04-13;20.5;4;20.5
1986-04-14;16.1;4;16.1
1986-04-15;15.0;4;15.0
1986-04-16;16.3;4;16.3
1986-04-17;20.7;4;20.7
1986-04-18;17.0;4;17.0
1986-04-19;36.6;4;36.6
1986-04-20;29.7;4;29.7
1986-04-21;19.8;4;19.8
1986-04-22;16.2;4;16.2
1986-04-23;21.3;4;21.3
1986-04-24;20.7;4;20.7
1986-04-25;25.0;4;25.0
1986-04-26;18.9;4;18.9
1986-04-27;24.4;4;24.4
1986-04-28;18.9;4;18.9
1986-04-29;24.9;4;24.9
1986-04-30;19.5;4;19.5
1986-05-01;17.8;5;17.8
1986-05-02;18.2;5;18.2
1986-05-03;16.8;5;16.8
1986-05-04;17.9;5;17.9
1986-05-05;25.4;5;25.4
1986-05-06;26.1;5;26.1
1986-05-07;22.4;5;22.4
1986-05-08;24.2;5;24.2
1986-05-09;20.3;5;20.3
1986-05-10;18.9;5;18.9
1986-05-11;18.3;5;18.3
1986-05-12;19.5;5;19.5
1986-05-13;18.9;5;18.9
1986-05-14;19.4;5;19.4
1986-05-15;18.1;5;18.1
1986-05-16;19.5;5;19.5
1986-05-17;17.3;5;17.3
1986-05-18;15.3;5;15.3
1986-05-19;16.1;5;16.1
1986-05-20;15.9;5;15.9
1986-05-21;17.3;5;17.3
1986-05-22;23.3;5;23.3
1986-05-23;23.4;5;23.4
1986-05-24;23.0;5;23.0
1986-05-25;20.4;5;20.4
1986-05-26;24.1;5;24.1
1986-05-27;31.9;5;31.9
1986-05-28;28.7;5;28.7
1986-05-29;23.6;5;23.6
1986-05-30;17.3;5;17.3
1986-05-31;17.0;5;17.0
1986-06-01;31.6;6;31.6
1986-06-02;24.3;6;24.3
1986-06-03;22.8;6;22.8
1986-06-04;19.2;6;19.2
1986-06-05;16.1;6;16.1
1986-06-06;17.3;6;17.3
1986-06-07;16.8;6;16.8
1986-06-08;17.1;6;17.1
1986-06-09;19.6;6;19.6
1986-06-10;16.4;6;16.4
1986-06-11;14.0;6;14.0
1986-06-12;13.2;6;13.2
1986-06-13;18.9;6;18.9
1986-06-14;19.8;6;19.8
1986-06-15;20.7;6;20.7
1986-06-16;24.1;6;24.1
1986-06-17;38.4;6;38.4
1986-06-18;35.9;6;35.9
1986-06-19;59.6;6;59.6
1986-06-20;91.3;6;91.3
1986-06-21;84.3;6;84.3
1986-06-22;49.0;6;49.0
1986-06-23;57.5;6;57.5
1986-06-24;48.5;6;48.5
1986-06-25;68.3;6;68.3
1986-06-26;103.0;6;103.0
1986-06-27;79.4;6;79.4
1986-06-28;58.7;6;58.7
1986-06-29;32.7;6;32.7
1986-06-30;37.2;6;37.2
1986-07-01;38.4;7;38.4
1986-07-02;65.7;7;65.7
1986-07-03;121.0;7;121.0
1986-07-04;64.9;7;64.9
1986-07-05;33.5;7;33.5
1986-07-06;54.9;7;54.9
1986-07-07;102.4;7;102.4
1986-07-08;102.5;7;102.5
1986-07-09;57.1;7;57.1
1986-07-10;38.6;7;38.6
1986-07-11;63.5;7;63.5
1986-07-12;52.0;7;52.0
1986-07-13;45.6;7;45.6
1986-07-14;33.1;7;33.1
1986-07-15;36.9;7;36.9
1986-07-16;23.7;7;23.7
1986-07-17;30.1;7;30.1
1986-07-18;32.3;7;32.3
1986-07-19;23.9;7;23.9
1986-07-20;19.5;7;19.5
1986-07-21;20.7;7;20.7
1986-07-22;39.2;7;39.2
1986-07-23;139.1;7;139.1
1986-07-24;56.0;7;56.0
1986-07-25;24.2;7;24.2
1986-07-26;19.1;7;19.1
1986-07-27;16.8;7;16.8
1986-07-28;17.3;7;17.3
1986-07-29;15.3;7;15.3
1986-07-30;16.8;7;16.8
1986-07-31;20.7;7;20.7
1986-08-01;21.9;8;21.9
1986-08-02;45.6;8;45.6
1986-08-03;32.6;8;32.6
1986-08-04;24.5;8;24.5
1986-08-05;31.1;8;31.1
1986-08-06;31.9;8;31.9
1986-08-07;22.9;8;22.9
1986-08-08;24.8;8;24.8
1986-08-09;20.7;8;20.7
1986-08-10;16.6;8;16.6
1986-08-11;15.8;8;15.8
1986-08-12;14.5;8;14.5
1986-08-13;26.8;8;26.8
1986-08-14;21.2;8;21.2
1986-08-15;17.1;8;17.1
1986-08-16;14.5;8;14.5
1986-08-17;18.5;8;18.5
1986-08-18;27.4;8;27.4
1986-08-19;19.2;8;19.2
1986-08-20;14.6;8;14.6
1986-08-21;14.0;8;14.0
1986-08-22;13.1;8;13.1
1986-08-23;14.8;8;14.8
1986-08-24;14.2;8;14.2
1986-08-25;14.9;8;14.9
1986-08-26;15.1;8;15.1
1986-08-27;17.8;8;17.8
1986-08-28;13.6;8;13.6
1986-08-29;16.2;8;16.2
1986-08-30;16.7;8;16.7
1986-08-31;16.0;8;16.0
1986-09-01;14.6;9;14.6
1986-09-02;15.9;9;15.9
1986-09-03;9.7;9;9.7
1986-09-04;11.4;9;11.4
1986-09-05;13.8;9;13.8
1986-09-06;12.8;9;12.8
1986-09-07;15.9;9;15.9
1986-09-08;17.5;9;17.5
1986-09-09;23.4;9;23.4
1986-09-10;21.0;9;21.0
1986-09-11;30.3;9;30.3
1986-09-12;23.5;9;23.5
1986-09-13;26.1;9;26.1
1986-09-14;18.0;9;18.0
1986-09-15;15.1;9;15.1
1986-09-16;13.2;9;13.2
1986-09-17;13.8;9;13.8
1986-09-18;13.6;9;13.6
1986-09-19;11.7;9;11.7
1986-09-20;17.9;9;17.9
1986-09-21;22.0;9;22.0
1986-09-22;25.5;9;25.5
1986-09-23;15.3;9;15.3
1986-09-24;15.5;9;15.5
1986-09-25;17.4;9;17.4
1986-09-26;21.0;9;21.0
1986-09-27;18.0;9;18.0
1986-09-28;30.6;9;30.6
1986-09-29;31.4;9;31.4
1986-09-30;23.3;9;23.3
1986-10-01;17.8;10;17.8
1986-10-02;17.1;10;17.1
1986-10-03;17.3;10;17.3
1986-10-04;15.8;10;15.8
1986-10-05;12.9;10;12.9
1986-10-06;12.2;10;12.2
1986-10-07;22.0;10;22.0
1986-10-08;14.5;10;14.5
1986-10-09;13.4;10;13.4
1986-10-10;20.0;10;20.0
1986-10-11;25.5;10;25.5
1986-10-12;20.6;10;20.6
1986-10-13;25.0;10;25.0
1986-10-14;57.4;10;57.4
1986-10-15;39.4;10;39.4
1986-10-16;25.7;10;25.7
1986-10-17;24.2;10;24.2
1986-10-18;24.0;10;24.0
1986-10-19;24.5;10;24.5
1986-10-20;43.1;10;43.1
1986-10-21;41.9;10;41.9
1986-10-22;34.2;10;34.2
1986-10-23;40.7;10;40.7
1986-10-24;35.1;10;35.1
1986-10-25;26.0;10;26.0
1986-10-26;21.8;10;21.8
1986-10-27;28.6;10;28.6
1986-10-28;29.8;10;29.8
1986-10-29;37.5;10;37.5
1986-10-30;50.8;10;50.8
1986-10-31;29.5;10;29.5
1986-11-01;22.1;11;22.1
1986-11-02;22.8;11;22.8
1986-11-03;22.2;11;22.2
1986-11-04;20.7;11;20.7
1986-11-05;24.3;11;24.3
1986-11-06;28.5;11;28.5
1986-11-07;19.6;11;19.6
1986-11-08;20.3;11;20.3
1986-11-09;25.7;11;25.7
1986-11-10;25.7;11;25.7
1986-11-11;22.1;11;22.1
1986-11-12;17.7;11;17.7
1986-11-13;21.7;11;21.7
1986-11-14;17.4;11;17.4
1986-11-15;15.3;11;15.3
1986-11-16;15.4;11;15.4
1986-11-17;15.2;11;15.2
1986-11-18;14.7;11;14.7
1986-11-19;18.2;11;18.2
1986-11-20;16.5;11;16.5
1986-11-21;16.6;11;16.6
1986-11-22;21.3;11;21.3
1986-11-23;30.2;11;30.2
1986-11-24;36.7;11;36.7
1986-11-25;32.4;11;32.4
1986-11-26;19.3;11;19.3
1986-11-27;38.5;11;38.5
1986-11-28;47.0;11;47.0
1986-11-29;43.9;11;43.9
1986-11-30;34.6;11;34.6
1986-12-01;38.4;12;38.4
1986-12-02;28.1;12;28.1
1986-12-03;34.8;12;34.8
1986-12-04;25.9;12;25.9
1986-12-05;25.5;12;25.5
1986-12-06;37.2;12;37.2
1986-12-07;32.3;12;32.3
1986-12-08;24.1;12;24.1
1986-12-09;22.5;12;22.5
1986-12-10;23.3;12;23.3
1986-12-11;21.7;12;21.7
1986-12-12;18.9;12;18.9
1986-12-13;18.1;12;18.1
1986-12-14;17.7;12;17.7
1986-12-15;17.8;12;17.8
1986-12-16;22.4;12;22.4
1986-12-17;26.5;12;26.5
1986-12-18;17.2;12;17.2
1986-12-19;15.9;12;15.9
1986-12-20;15.0;12;15.0
1986-12-21;15.0;12;15.0
1986-12-22;15.8;12;15.8
1986-12-23;17.0;12;17.0
1986-12-24;18.0;12;18.0
1986-12-25;15.8;12;15.8
1986-12-26;15.6;12;15.6
1986-12-27;13.4;12;13.4
1986-12-28;14.3;12;14.3
1986-12-29;13.0;12;13.0
1986-12-30;12.2;12;12.2
1986-12-31;12.7;12;12.7
1987-01-01;16.53;1;16.53
1987-01-02;12.59;1;12.59
1987-01-03;11.93;1;11.93
1987-01-04;10.92;1;10.92
1987-01-05;11.42;1;11.42
1987-01-06;12.41;1;12.41
1987-01-07;20.6;1;20.6
1987-01-08;17.83;1;17.83
1987-01-09;14.96;1;14.96
1987-01-10;14.54;1;14.54
1987-01-11;13.36;1;13.36
1987-01-12;13.24;1;13.24
1987-01-13;13.17;1;13.17
1987-01-14;11.79;1;11.79
1987-01-15;11.23;1;11.23
1987-01-16;10.95;1;10.95
1987-01-17;11.21;1;11.21
1987-01-18;10.51;1;10.51
1987-01-19;11.7;1;11.7
1987-01-20;12.11;1;12.11
1987-01-21;14.39;1;14.39
1987-01-22;11.57;1;11.57
1987-01-23;11.91;1;11.91
1987-01-24;10.8;1;10.8
1987-01-25;9.5;1;9.5
1987-01-26;11.16;1;11.16
1987-01-27;10.59;1;10.59
1987-01-28;11.77;1;11.77
1987-01-29;10.45;1;10.45
1987-01-30;11.62;1;11.62
1987-01-31;12.27;1;12.27
1987-02-01;11.26;2;11.26
1987-02-02;12.66;2;12.66
1987-02-03;12.38;2;12.38
1987-02-04;17.47;2;17.47
1987-02-05;13.99;2;13.99
1987-02-06;11.55;2;11.55
1987-02-07;11.34;2;11.34
1987-02-08;10.45;2;10.45
1987-02-09;10.47;2;10.47
1987-02-10;10.28;2;10.28
1987-02-11;14.13;2;14.13
1987-02-12;19.2;2;19.2
1987-02-13;15.15;2;15.15
1987-02-14;24.49;2;24.49
1987-02-15;25.6;2;25.6
1987-02-16;15.38;2;15.38
1987-02-17;12.7;2;12.7
1987-02-18;13.39;2;13.39
1987-02-19;11.71;2;11.71
1987-02-20;12.7;2;12.7
1987-02-21;12.93;2;12.93
1987-02-22;10.66;2;10.66
1987-02-23;9.53;2;9.53
1987-02-24;9.12;2;9.12
1987-02-25;9.18;2;9.18
1987-02-26;9.8;2;9.8
1987-02-27;12.05;2;12.05
1987-02-28;15.31;2;15.31
1987-03-01;11.65;3;11.65
1987-03-02;10.3;3;10.3
1987-03-03;10.21;3;10.21
1987-03-04;11.2;3;11.2
1987-03-05;12.23;3;12.23
1987-03-06;13.65;3;13.65
1987-03-07;13.1;3;13.1
1987-03-08;18.36;3;18.36
1987-03-09;11.9;3;11.9
1987-03-10;11.55;3;11.55
1987-03-11;14.37;3;14.37
1987-03-12;14.05;3;14.05
1987-03-13;14.07;3;14.07
1987-03-14;12.73;3;12.73
1987-03-15;10.28;3;10.28
1987-03-16;10.96;3;10.96
1987-03-17;14.32;3;14.32
1987-03-18;12.16;3;12.16
1987-03-19;10.93;3;10.93
1987-03-20;9.86;3;9.86
1987-03-21;8.98;3;8.98
1987-03-22;9.5;3;9.5
1987-03-23;9.07;3;9.07
1987-03-24;8.75;3;8.75
1987-03-25;9.99;3;9.99
1987-03-26;9.93;3;9.93
1987-03-27;11.27;3;11.27
1987-03-28;10.19;3;10.19
1987-03-29;11.53;3;11.53
1987-03-30;11.66;3;11.66
1987-03-31;11.83;3;11.83
1987-04-01;11.62;4;11.62
1987-04-02;30.5;4;30.5
1987-04-03;46.96;4;46.96
1987-04-04;28.42;4;28.42
1987-04-05;21.76;4;21.76
1987-04-06;22.94;4;22.94
1987-04-07;15.53;4;15.53
1987-04-08;13.95;4;13.95
1987-04-09;21.23;4;21.23
1987-04-10;14.78;4;14.78
1987-04-11;12.71;4;12.71
1987-04-12;14.06;4;14.06
1987-04-13;12.76;4;12.76
1987-04-14;14.21;4;14.21
1987-04-15;13.52;4;13.52
1987-04-16;11.13;4;11.13
1987-04-17;10.96;4;10.96
1987-04-18;10.2;4;10.2
1987-04-19;15.36;4;15.36
1987-04-20;23.77;4;23.77
1987-04-21;17.85;4;17.85
1987-04-22;13.56;4;13.56
1987-04-23;10.66;4;10.66
1987-04-24;18.88;4;18.88
1987-04-25;31.37;4;31.37
1987-04-26;13.22;4;13.22
1987-04-27;17.2;4;17.2
1987-04-28;18.31;4;18.31
1987-04-29;27.47;4;27.47
1987-04-30;20.88;4;20.88
1987-05-01;13.92;5;13.92
1987-05-02;12.42;5;12.42
1987-05-03;10.81;5;10.81
1987-05-04;18.45;5;18.45
1987-05-05;17.25;5;17.25
1987-05-06;19.69;5;19.69
1987-05-07;27.57;5;27.57
1987-05-08;18.44;5;18.44
1987-05-09;20.3;5;20.3
1987-05-10;20.4;5;20.4
1987-05-11;22.66;5;22.66
1987-05-12;18.43;5;18.43
1987-05-13;30.53;5;30.53
1987-05-14;33.83;5;33.83
1987-05-15;24.1;5;24.1
1987-05-16;21.2;5;21.2
1987-05-17;22.75;5;22.75
1987-05-18;14.6;5;14.6
1987-05-19;12.51;5;12.51
1987-05-20;13.83;5;13.83
1987-05-21;15.2;5;15.2
1987-05-22;15.93;5;15.93
1987-05-23;22.48;5;22.48
1987-05-24;42.31;5;42.31
1987-05-25;21.7;5;21.7
1987-05-26;17.03;5;17.03
1987-05-27;23.66;5;23.66
1987-05-28;17.37;5;17.37
1987-05-29;13.77;5;13.77
1987-05-30;12.49;5;12.49
1987-05-31;10.82;5;10.82
1987-06-01;10.88;6;10.88
1987-06-02;22.16;6;22.16
1987-06-03;13.8;6;13.8
1987-06-04;13.86;6;13.86
1987-06-05;14.43;6;14.43
1987-06-06;12.51;6;12.51
1987-06-07;11.13;6;11.13
1987-06-08;20.9;6;20.9
1987-06-09;57.29;6;57.29
1987-06-10;50.14;6;50.14
1987-06-11;31.66;6;31.66
1987-06-12;16.89;6;16.89
1987-06-13;15.03;6;15.03
1987-06-14;17.76;6;17.76
1987-06-15;20.42;6;20.42
1987-06-16;14.5;6;14.5
1987-06-17;12.51;6;12.51
1987-06-18;12.97;6;12.97
1987-06-19;13.97;6;13.97
1987-06-20;16.9;6;16.9
1987-06-21;14.69;6;14.69
1987-06-22;11.66;6;11.66
1987-06-23;11.0;6;11.0
1987-06-24;19.7;6;19.7
1987-06-25;16.26;6;16.26
1987-06-26;45.5;6;45.5
1987-06-27;27.48;6;27.48
1987-06-28;14.37;6;14.37
1987-06-29;11.49;6;11.49
1987-06-30;10.79;6;10.79
1987-07-01;14.91;7;14.91
1987-07-02;16.28;7;16.28
1987-07-03;14.08;7;14.08
1987-07-04;17.67;7;17.67
1987-07-05;48.36;7;48.36
1987-07-06;33.67;7;33.67
1987-07-07;17.65;7;17.65
1987-07-08;14.66;7;14.66
1987-07-09;23.0;7;23.0
1987-07-10;55.91;7;55.91
1987-07-11;45.07;7;45.07
1987-07-12;53.5;7;53.5
1987-07-13;53.7;7;53.7
1987-07-14;32.69;7;32.69
1987-07-15;22.72;7;22.72
1987-07-16;34.57;7;34.57
1987-07-17;22.26;7;22.26
1987-07-18;21.9;7;21.9
1987-07-19;16.41;7;16.41
1987-07-20;15.72;7;15.72
1987-07-21;23.98;7;23.98
1987-07-22;34.02;7;34.02
1987-07-23;19.76;7;19.76
1987-07-24;17.78;7;17.78
1987-07-25;19.18;7;19.18
1987-07-26;37.51;7;37.51
1987-07-27;24.77;7;24.77
1987-07-28;18.08;7;18.08
1987-07-29;16.6;7;16.6
1987-07-30;29.48;7;29.48
1987-07-31;37.71;7;37.71
1987-08-01;37.57;8;37.57
1987-08-02;24.79;8;24.79
1987-08-03;20.68;8;20.68
1987-08-04;22.38;8;22.38
1987-08-05;17.22;8;17.22
1987-08-06;13.97;8;13.97
1987-08-07;13.88;8;13.88
1987-08-08;16.88;8;16.88
1987-08-09;18.87;8;18.87
1987-08-10;30.84;8;30.84
1987-08-11;29.74;8;29.74
1987-08-12;18.08;8;18.08
1987-08-13;21.55;8;21.55
1987-08-14;16.17;8;16.17
1987-08-15;17.82;8;17.82
1987-08-16;20.57;8;20.57
1987-08-17;12.85;8;12.85
1987-08-18;24.55;8;24.55
1987-08-19;31.79;8;31.79
1987-08-20;18.0;8;18.0
1987-08-21;55.22;8;55.22
1987-08-22;54.1;8;54.1
1987-08-23;37.55;8;37.55
1987-08-24;17.45;8;17.45
1987-08-25;15.25;8;15.25
1987-08-26;17.71;8;17.71
1987-08-27;17.54;8;17.54
1987-08-28;19.14;8;19.14
1987-08-29;12.17;8;12.17
1987-08-30;9.32;8;9.32
1987-08-31;35.31;8;35.31
1987-09-01;32.01;9;32.01
1987-09-02;19.21;9;19.21
1987-09-03;17.25;9;17.25
1987-09-04;12.18;9;12.18
1987-09-05;16.2;9;16.2
1987-09-06;13.35;9;13.35
1987-09-07;11.71;9;11.71
1987-09-08;11.26;9;11.26
1987-09-09;11.87;9;11.87
1987-09-10;14.01;9;14.01
1987-09-11;14.24;9;14.24
1987-09-12;15.56;9;15.56
1987-09-13;10.95;9;10.95
1987-09-14;14.74;9;14.74
1987-09-15;10.29;9;10.29
1987-09-16;10.57;9;10.57
1987-09-17;10.37;9;10.37
1987-09-18;12.54;9;12.54
1987-09-19;10.39;9;10.39
1987-09-20;11.81;9;11.81
1987-09-21;10.05;9;10.05
1987-09-22;11.18;9;11.18
1987-09-23;10.32;9;10.32
1987-09-24;9.9;9;9.9
1987-09-25;14.36;9;14.36
1987-09-26;16.63;9;16.63
1987-09-27;13.21;9;13.21
1987-09-28;12.69;9;12.69
1987-09-29;9.65;9;9.65
1987-09-30;14.9;9;14.9
1987-10-01;15.76;10;15.76
1987-10-02;25.14;10;25.14
1987-10-03;35.04;10;35.04
1987-10-04;22.25;10;22.25
1987-10-05;16.64;10;16.64
1987-10-06;17.64;10;17.64
1987-10-07;21.73;10;21.73
1987-10-08;11.93;10;11.93
1987-10-09;11.24;10;11.24
1987-10-10;10.25;10;10.25
1987-10-11;13.65;10;13.65
1987-10-12;12.54;10;12.54
1987-10-13;21.34;10;21.34
1987-10-14;16.15;10;16.15
1987-10-15;16.43;10;16.43
1987-10-16;13.06;10;13.06
1987-10-17;9.95;10;9.95
1987-10-18;10.33;10;10.33
1987-10-19;9.64;10;9.64
1987-10-20;10.86;10;10.86
1987-10-21;9.06;10;9.06
1987-10-22;9.81;10;9.81
1987-10-23;9.35;10;9.35
1987-10-24;9.16;10;9.16
1987-10-25;11.49;10;11.49
1987-10-26;16.67;10;16.67
1987-10-27;18.23;10;18.23
1987-10-28;43.38;10;43.38
1987-10-29;30.0;10;30.0
1987-10-30;25.59;10;25.59
1987-10-31;22.07;10;22.07
1987-11-01;24.6;11;24.6
1987-11-02;18.8;11;18.8
1987-11-03;14.16;11;14.16
1987-11-04;21.33;11;21.33
1987-11-05;15.3;11;15.3
1987-11-06;12.96;11;12.96
1987-11-07;11.34;11;11.34
1987-11-08;11.35;11;11.35
1987-11-09;14.07;11;14.07
1987-11-10;12.5;11;12.5
1987-11-11;11.0;11;11.0
1987-11-12;13.4;11;13.4
1987-11-13;11.85;11;11.85
1987-11-14;10.82;11;10.82
1987-11-15;10.32;11;10.32
1987-11-16;10.2;11;10.2
1987-11-17;10.57;11;10.57
1987-11-18;19.13;11;19.13
1987-11-19;17.81;11;17.81
1987-11-20;20.42;11;20.42
1987-11-21;44.98;11;44.98
1987-11-22;21.86;11;21.86
1987-11-23;17.67;11;17.67
1987-11-24;17.63;11;17.63
1987-11-25;20.72;11;20.72
1987-11-26;24.24;11;24.24
1987-11-27;15.52;11;15.52
1987-11-28;13.14;11;13.14
1987-11-29;13.47;11;13.47
1987-11-30;33.43;11;33.43
1987-12-01;23.21;12;23.21
1987-12-02;23.96;12;23.96
1987-12-03;22.53;12;22.53
1987-12-04;28.78;12;28.78
1987-12-05;43.66;12;43.66
1987-12-06;35.89;12;35.89
1987-12-07;23.99;12;23.99
1987-12-08;19.53;12;19.53
1987-12-09;17.43;12;17.43
1987-12-10;18.91;12;18.91
1987-12-11;16.64;12;16.64
1987-12-12;16.26;12;16.26
1987-12-13;17.38;12;17.38
1987-12-14;21.24;12;21.24
1987-12-15;17.19;12;17.19
1987-12-16;16.11;12;16.11
1987-12-17;14.25;12;14.25
1987-12-18;13.83;12;13.83
1987-12-19;14.85;12;14.85
1987-12-20;14.3;12;14.3
1987-12-21;14.36;12;14.36
1987-12-22;14.78;12;14.78
1987-12-23;15.85;12;15.85
1987-12-24;14.05;12;14.05
1987-12-25;14.85;12;14.85
1987-12-26;13.75;12;13.75
1987-12-27;12.23;12;12.23
1987-12-28;14.05;12;14.05
1987-12-29;13.81;12;13.81
1987-12-30;13.84;12;13.84
1987-12-31;30.66;12;30.66
1988-01-01;24.89;1;24.89
1988-01-02;12.38;1;12.38
1988-01-03;13.68;1;13.68
1988-01-04;14.57;1;14.57
1988-01-05;12.66;1;12.66
1988-01-06;15.02;1;15.02
1988-01-07;12.51;1;12.51
1988-01-08;11.17;1;11.17
1988-01-09;10.84;1;10.84
1988-01-10;13.73;1;13.73
1988-01-11;13.93;1;13.93
1988-01-12;16.47;1;16.47
1988-01-13;13.73;1;13.73
1988-01-14;14.56;1;14.56
1988-01-15;13.09;1;13.09
1988-01-16;16.19;1;16.19
1988-01-17;15.75;1;15.75
1988-01-18;14.77;1;14.77
1988-01-19;17.37;1;17.37
1988-01-20;14.39;1;14.39
1988-01-21;10.58;1;10.58
1988-01-22;13.18;1;13.18
1988-01-23;12.42;1;12.42
1988-01-24;11.59;1;11.59
1988-01-25;14.11;1;14.11
1988-01-26;9.26;1;9.26
1988-01-27;9.96;1;9.96
1988-01-28;11.92;1;11.92
1988-01-29;13.43;1;13.43
1988-01-30;11.79;1;11.79
1988-01-31;12.37;1;12.37
1988-02-01;13.97;2;13.97
1988-02-02;12.35;2;12.35
1988-02-03;12.71;2;12.71
1988-02-04;17.58;2;17.58
1988-02-05;16.66;2;16.66
1988-02-06;12.07;2;12.07
1988-02-07;12.25;2;12.25
1988-02-08;14.74;2;14.74
1988-02-09;7.29;2;7.29
1988-02-10;14.15;2;14.15
1988-02-11;15.66;2;15.66
1988-02-12;16.89;2;16.89
1988-02-13;16.89;2;16.89
1988-02-14;16.43;2;16.43
1988-02-15;13.86;2;13.86
1988-02-16;13.16;2;13.16
1988-02-17;13.57;2;13.57
1988-02-18;13.06;2;13.06
1988-02-19;12.49;2;12.49
1988-02-20;11.5;2;11.5
1988-02-21;11.49;2;11.49
1988-02-22;14.26;2;14.26
1988-02-23;14.42;2;14.42
1988-02-24;15.02;2;15.02
1988-02-25;14.39;2;14.39
1988-02-26;17.28;2;17.28
1988-02-27;15.98;2;15.98
1988-02-28;14.59;2;14.59
1988-02-29;16.15;2;16.15
1988-03-01;15.41;3;15.41
1988-03-02;15.83;3;15.83
1988-03-03;29.17;3;29.17
1988-03-04;14.72;3;14.72
1988-03-05;12.53;3;12.53
1988-03-06;15.2;3;15.2
1988-03-07;19.13;3;19.13
1988-03-08;19.39;3;19.39
1988-03-09;34.81;3;34.81
1988-03-10;18.19;3;18.19
1988-03-11;14.92;3;14.92
1988-03-12;16.17;3;16.17
1988-03-13;13.23;3;13.23
1988-03-14;12.24;3;12.24
1988-03-15;13.78;3;13.78
1988-03-16;13.77;3;13.77
1988-03-17;12.19;3;12.19
1988-03-18;14.36;3;14.36
1988-03-19;14.42;3;14.42
1988-03-20;14.51;3;14.51
1988-03-21;12.44;3;12.44
1988-03-22;13.9;3;13.9
1988-03-23;12.79;3;12.79
1988-03-24;11.63;3;11.63
1988-03-25;12.57;3;12.57
1988-03-26;13.03;3;13.03
1988-03-27;14.37;3;14.37
1988-03-28;11.23;3;11.23
1988-03-29;13.23;3;13.23
1988-03-30;12.23;3;12.23
1988-03-31;13.48;3;13.48
1988-04-01;12.99;4;12.99
1988-04-02;15.53;4;15.53
1988-04-03;18.17;4;18.17
1988-04-04;13.39;4;13.39
1988-04-05;13.65;4;13.65
1988-04-06;19.67;4;19.67
1988-04-07;9.74;4;9.74
1988-04-08;6.84;4;6.84
1988-04-09;9.46;4;9.46
1988-04-10;10.16;4;10.16
1988-04-11;17.66;4;17.66
1988-04-12;14.35;4;14.35
1988-04-13;16.99;4;16.99
1988-04-14;14.92;4;14.92
1988-04-15;25.96;4;25.96
1988-04-16;19.66;4;19.66
1988-04-17;16.69;4;16.69
1988-04-18;15.39;4;15.39
1988-04-19;13.77;4;13.77
1988-04-20;13.3;4;13.3
1988-04-21;13.88;4;13.88
1988-04-22;18.1;4;18.1
1988-04-23;12.71;4;12.71
1988-04-24;11.33;4;11.33
1988-04-25;10.24;4;10.24
1988-04-26;9.8;4;9.8
1988-04-27;9.34;4;9.34
1988-04-28;8.8;4;8.8
1988-04-29;8.68;4;8.68
1988-04-30;11.23;4;11.23
1988-05-01;15.87;5;15.87
1988-05-02;18.69;5;18.69
1988-05-03;13.89;5;13.89
1988-05-04;10.44;5;10.44
1988-05-05;11.04;5;11.04
1988-05-06;11.51;5;11.51
1988-05-07;9.76;5;9.76
1988-05-08;9.43;5;9.43
1988-05-09;11.14;5;11.14
1988-05-10;19.66;5;19.66
1988-05-11;14.14;5;14.14
1988-05-12;10.31;5;10.31
1988-05-13;6.38;5;6.38
1988-05-14;5.08;5;5.08
1988-05-15;5.24;5;5.24
1988-05-16;5.84;5;5.84
1988-05-17;5.88;5;5.88
1988-05-18;6.09;5;6.09
1988-05-19;6.03;5;6.03
1988-05-20;9.54;5;9.54
1988-05-21;9.77;5;9.77
1988-05-22;20.77;5;20.77
1988-05-23;19.0;5;19.0
1988-05-24;12.85;5;12.85
1988-05-25;11.95;5;11.95
1988-05-26;24.98;5;24.98
1988-05-27;25.17;5;25.17
1988-05-28;23.18;5;23.18
1988-05-29;17.76;5;17.76
1988-05-30;13.72;5;13.72
1988-05-31;13.13;5;13.13
1988-06-01;14.12;6;14.12
1988-06-02;12.01;6;12.01
1988-06-03;12.23;6;12.23
1988-06-04;13.04;6;13.04
1988-06-05;34.46;6;34.46
1988-06-06;37.09;6;37.09
1988-06-07;24.56;6;24.56
1988-06-08;12.7;6;12.7
1988-06-09;16.74;6;16.74
1988-06-10;90.87;6;90.87
1988-06-11;49.3;6;49.3
1988-06-12;34.64;6;34.64
1988-06-13;18.5;6;18.5
1988-06-14;13.6;6;13.6
1988-06-15;12.32;6;12.32
1988-06-16;12.6;6;12.6
1988-06-17;13.02;6;13.02
1988-06-18;15.13;6;15.13
1988-06-19;34.97;6;34.97
1988-06-20;25.64;6;25.64
1988-06-21;13.81;6;13.81
1988-06-22;13.44;6;13.44
1988-06-23;18.81;6;18.81
1988-06-24;15.46;6;15.46
1988-06-25;20.5;6;20.5
1988-06-26;17.25;6;17.25
1988-06-27;13.1;6;13.1
1988-06-28;11.61;6;11.61
1988-06-29;11.83;6;11.83
1988-06-30;12.15;6;12.15
1988-07-01;18.8;7;18.8
1988-07-02;21.09;7;21.09
1988-07-03;21.79;7;21.79
1988-07-04;43.72;7;43.72
1988-07-05;31.01;7;31.01
1988-07-06;23.66;7;23.66
1988-07-07;16.73;7;16.73
1988-07-08;17.66;7;17.66
1988-07-09;29.26;7;29.26
1988-07-10;25.9;7;25.9
1988-07-11;68.81;7;68.81
1988-07-12;80.31;7;80.31
1988-07-13;64.31;7;64.31
1988-07-14;26.12;7;26.12
1988-07-15;16.65;7;16.65
1988-07-16;16.67;7;16.67
1988-07-17;14.47;7;14.47
1988-07-18;38.83;7;38.83
1988-07-19;45.18;7;45.18
1988-07-20;48.72;7;48.72
1988-07-21;76.14;7;76.14
1988-07-22;64.87;7;64.87
1988-07-23;43.33;7;43.33
1988-07-24;41.64;7;41.64
1988-07-25;58.62;7;58.62
1988-07-26;54.7;7;54.7
1988-07-27;24.34;7;24.34
1988-07-28;17.48;7;17.48
1988-07-29;14.27;7;14.27
1988-07-30;14.42;7;14.42
1988-07-31;13.59;7;13.59
1988-08-01;12.64;8;12.64
1988-08-02;12.05;8;12.05
1988-08-03;12.92;8;12.92
1988-08-04;16.36;8;16.36
1988-08-05;11.2;8;11.2
1988-08-06;10.66;8;10.66
1988-08-07;25.79;8;25.79
1988-08-08;34.45;8;34.45
1988-08-09;17.83;8;17.83
1988-08-10;17.81;8;17.81
1988-08-11;30.12;8;30.12
1988-08-12;13.95;8;13.95
1988-08-13;11.97;8;11.97
1988-08-14;10.96;8;10.96
1988-08-15;10.48;8;10.48
1988-08-16;10.49;8;10.49
1988-08-17;11.79;8;11.79
1988-08-18;10.96;8;10.96
1988-08-19;7.63;8;7.63
1988-08-20;6.53;8;6.53
1988-08-21;6.87;8;6.87
1988-08-22;14.25;8;14.25
1988-08-23;8.28;8;8.28
1988-08-24;6.14;8;6.14
1988-08-25;6.29;8;6.29
1988-08-26;5.95;8;5.95
1988-08-27;6.21;8;6.21
1988-08-28;6.14;8;6.14
1988-08-29;14.97;8;14.97
1988-08-30;11.58;8;11.58
1988-08-31;12.01;8;12.01
1988-09-01;10.87;9;10.87
1988-09-02;6.42;9;6.42
1988-09-03;11.3;9;11.3
1988-09-04;6.03;9;6.03
1988-09-05;6.1;9;6.1
1988-09-06;6.03;9;6.03
1988-09-07;6.03;9;6.03
1988-09-08;10.73;9;10.73
1988-09-09;13.86;9;13.86
1988-09-10;10.41;9;10.41
1988-09-11;5.3;9;5.3
1988-09-12;14.27;9;14.27
1988-09-13;11.3;9;11.3
1988-09-14;6.97;9;6.97
1988-09-15;9.95;9;9.95
1988-09-16;6.47;9;6.47
1988-09-17;6.33;9;6.33
1988-09-18;4.82;9;4.82
1988-09-19;6.21;9;6.21
1988-09-20;16.81;9;16.81
1988-09-21;22.15;9;22.15
1988-09-22;12.69;9;12.69
1988-09-23;13.87;9;13.87
1988-09-24;13.51;9;13.51
1988-09-25;11.75;9;11.75
1988-09-26;15.4;9;15.4
1988-09-27;22.96;9;22.96
1988-09-28;10.89;9;10.89
1988-09-29;4.8;9;4.8
1988-09-30;6.27;9;6.27
1988-10-01;10.95;10;10.95
1988-10-02;21.47;10;21.47
1988-10-03;19.98;10;19.98
1988-10-04;24.02;10;24.02
1988-10-05;15.93;10;15.93
1988-10-06;12.45;10;12.45
1988-10-07;12.39;10;12.39
1988-10-08;15.59;10;15.59
1988-10-09;7.45;10;7.45
1988-10-10;12.07;10;12.07
1988-10-11;6.57;10;6.57
1988-10-12;5.34;10;5.34
1988-10-13;7.21;10;7.21
1988-10-14;29.89;10;29.89
1988-10-15;16.47;10;16.47
1988-10-16;19.71;10;19.71
1988-10-17;13.46;10;13.46
1988-10-18;18.18;10;18.18
1988-10-19;21.83;10;21.83
1988-10-20;14.63;10;14.63
1988-10-21;8.63;10;8.63
1988-10-22;11.43;10;11.43
1988-10-23;9.35;10;9.35
1988-10-24;8.39;10;8.39
1988-10-25;7.99;10;7.99
1988-10-26;7.13;10;7.13
1988-10-27;11.57;10;11.57
1988-10-28;12.49;10;12.49
1988-10-29;15.2;10;15.2
1988-10-30;27.67;10;27.67
1988-10-31;15.6;10;15.6
1988-11-01;12.27;11;12.27
1988-11-02;10.23;11;10.23
1988-11-03;10.61;11;10.61
1988-11-04;13.72;11;13.72
1988-11-05;8.28;11;8.28
1988-11-06;16.43;11;16.43
1988-11-07;12.3;11;12.3
1988-11-08;16.87;11;16.87
1988-11-09;28.87;11;28.87
1988-11-10;26.6;11;26.6
1988-11-11;18.07;11;18.07
1988-11-12;27.87;11;27.87
1988-11-13;22.33;11;22.33
1988-11-14;24.27;11;24.27
1988-11-15;65.93;11;65.93
1988-11-16;59.67;11;59.67
1988-11-17;54.33;11;54.33
1988-11-18;43.67;11;43.67
1988-11-19;38.87;11;38.87
1988-11-20;48.4;11;48.4
1988-11-21;74.0;11;74.0
1988-11-22;97.13;11;97.13
1988-11-23;74.2;11;74.2
1988-11-24;65.73;11;65.73
1988-11-25;48.4;11;48.4
1988-11-26;53.0;11;53.0
1988-11-27;34.6;11;34.6
1988-11-28;31.27;11;31.27
1988-11-29;37.87;11;37.87
1988-11-30;55.7;11;55.7
1988-12-01;67.0;12;67.0
1988-12-02;89.47;12;89.47
1988-12-03;80.33;12;80.33
1988-12-04;63.0;12;63.0
1988-12-05;52.33;12;52.33
1988-12-06;49.6;12;49.6
1988-12-07;45.2;12;45.2
1988-12-08;44.33;12;44.33
1988-12-09;56.6;12;56.6
1988-12-10;38.27;12;38.27
1988-12-11;31.0;12;31.0
1988-12-12;28.67;12;28.67
1988-12-13;24.53;12;24.53
1988-12-14;27.07;12;27.07
1988-12-15;24.13;12;24.13
1988-12-16;21.43;12;21.43
1988-12-17;35.83;12;35.83
1988-12-18;24.4;12;24.4
1988-12-19;25.73;12;25.73
1988-12-20;22.0;12;22.0
1988-12-21;19.56;12;19.56
1988-12-22;21.13;12;21.13
1988-12-23;19.03;12;19.03
1988-12-24;26.8;12;26.8
1988-12-25;23.33;12;23.33
1988-12-26;19.96;12;19.96
1988-12-27;19.13;12;19.13
1988-12-28;17.16;12;17.16
1988-12-29;16.95;12;16.95
1988-12-30;15.51;12;15.51
1988-12-31;15.19;12;15.19
1989-01-01;13.13;1;13.13
1989-01-02;34.93;1;34.93
1989-01-03;25.8;1;25.8
1989-01-04;19.73;1;19.73
1989-01-05;23.27;1;23.27
1989-01-06;20.53;1;20.53
1989-01-07;20.27;1;20.27
1989-01-08;23.47;1;23.47
1989-01-09;35.87;1;35.87
1989-01-10;41.07;1;41.07
1989-01-11;28.13;1;28.13
1989-01-12;23.73;1;23.73
1989-01-13;17.47;1;17.47
1989-01-14;18.13;1;18.13
1989-01-15;17.93;1;17.93
1989-01-16;14.67;1;14.67
1989-01-17;14.67;1;14.67
1989-01-18;12.2;1;12.2
1989-01-19;14.6;1;14.6
1989-01-20;13.6;1;13.6
1989-01-21;10.47;1;10.47
1989-01-22;10.13;1;10.13
1989-01-23;19.67;1;19.67
1989-01-24;11.2;1;11.2
1989-01-25;10.07;1;10.07
1989-01-26;7.87;1;7.87
1989-01-27;10.33;1;10.33
1989-01-28;23.2;1;23.2
1989-01-29;23.13;1;23.13
1989-01-30;31.07;1;31.07
1989-01-31;33.2;1;33.2
1989-02-01;31.87;2;31.87
1989-02-02;21.53;2;21.53
1989-02-03;27.13;2;27.13
1989-02-04;26.6;2;26.6
1989-02-05;24.33;2;24.33
1989-02-06;17.2;2;17.2
1989-02-07;12.13;2;12.13
1989-02-08;11.4;2;11.4
1989-02-09;26.6;2;26.6
1989-02-10;17.0;2;17.0
1989-02-11;18.67;2;18.67
1989-02-12;15.6;2;15.6
1989-02-13;13.27;2;13.27
1989-02-14;13.0;2;13.0
1989-02-15;14.4;2;14.4
1989-02-16;16.33;2;16.33
1989-02-17;21.4;2;21.4
1989-02-18;21.0;2;21.0
1989-02-19;13.9;2;13.9
1989-02-20;13.67;2;13.67
1989-02-21;12.27;2;12.27
1989-02-22;28.6;2;28.6
1989-02-23;32.6;2;32.6
1989-02-24;15.67;2;15.67
1989-02-25;15.47;2;15.47
1989-02-26;16.4;2;16.4
1989-02-27;16.0;2;16.0
1989-02-28;15.33;2;15.33
1989-03-01;32.73;3;32.73
1989-03-02;19.47;3;19.47
1989-03-03;18.0;3;18.0
1989-03-04;16.0;3;16.0
1989-03-05;16.93;3;16.93
1989-03-06;13.47;3;13.47
1989-03-07;29.93;3;29.93
1989-03-08;21.07;3;21.07
1989-03-09;19.27;3;19.27
1989-03-10;21.67;3;21.67
1989-03-11;30.4;3;30.4
1989-03-12;24.13;3;24.13
1989-03-13;53.27;3;53.27
1989-03-14;26.0;3;26.0
1989-03-15;24.47;3;24.47
1989-03-16;31.27;3;31.27
1989-03-17;43.8;3;43.8
1989-03-18;37.07;3;37.07
1989-03-19;24.53;3;24.53
1989-03-20;26.2;3;26.2
1989-03-21;49.67;3;49.67
1989-03-22;27.2;3;27.2
1989-03-23;25.87;3;25.87
1989-03-24;27.67;3;27.67
1989-03-25;24.8;3;24.8
1989-03-26;21.6;3;21.6
1989-03-27;30.53;3;30.53
1989-03-28;18.47;3;18.47
1989-03-29;14.87;3;14.87
1989-03-30;12.33;3;12.33
1989-03-31;14.73;3;14.73
1989-04-01;18.53;4;18.53
1989-04-02;17.07;4;17.07
1989-04-03;18.2;4;18.2
1989-04-04;15.67;4;15.67
1989-04-05;10.17;4;10.17
1989-04-06;20.47;4;20.47
1989-04-07;16.4;4;16.4
1989-04-08;10.73;4;10.73
1989-04-09;11.2;4;11.2
1989-04-10;11.33;4;11.33
1989-04-11;12.0;4;12.0
1989-04-12;11.6;4;11.6
1989-04-13;11.8;4;11.8
1989-04-14;10.87;4;10.87
1989-04-15;11.07;4;11.07
1989-04-16;12.07;4;12.07
1989-04-17;12.43;4;12.43
1989-04-18;15.67;4;15.67
1989-04-19;11.6;4;11.6
1989-04-20;12.53;4;12.53
1989-04-21;11.62;4;11.62
1989-04-22;16.17;4;16.17
1989-04-23;14.32;4;14.32
1989-04-24;20.43;4;20.43
1989-04-25;18.24;4;18.24
1989-04-26;12.38;4;12.38
1989-04-27;13.53;4;13.53
1989-04-28;21.14;4;21.14
1989-04-29;30.08;4;30.08
1989-04-30;31.1;4;31.1
1989-05-01;21.11;5;21.11
1989-05-02;20.64;5;20.64
1989-05-03;15.59;5;15.59
1989-05-04;20.8;5;20.8
1989-05-05;19.65;5;19.65
1989-05-06;21.91;5;21.91
1989-05-07;18.63;5;18.63
1989-05-08;19.35;5;19.35
1989-05-09;14.6;5;14.6
1989-05-10;14.03;5;14.03
1989-05-11;12.98;5;12.98
1989-05-12;13.36;5;13.36
1989-05-13;15.2;5;15.2
1989-05-14;20.5;5;20.5
1989-05-15;14.71;5;14.71
1989-05-16;14.22;5;14.22
1989-05-17;13.44;5;13.44
1989-05-18;26.78;5;26.78
1989-05-19;48.17;5;48.17
1989-05-20;67.31;5;67.31
1989-05-21;71.49;5;71.49
1989-05-22;57.05;5;57.05
1989-05-23;52.5;5;52.5
1989-05-24;61.25;5;61.25
1989-05-25;41.55;5;41.55
1989-05-26;28.97;5;28.97
1989-05-27;19.49;5;19.49
1989-05-28;15.46;5;15.46
1989-05-29;13.85;5;13.85
1989-05-30;12.6;5;12.6
1989-05-31;12.43;5;12.43
1989-06-01;11.72;6;11.72
1989-06-02;12.42;6;12.42
1989-06-03;16.96;6;16.96
1989-06-04;13.63;6;13.63
1989-06-05;11.69;6;11.69
1989-06-06;17.74;6;17.74
1989-06-07;14.85;6;14.85
1989-06-08;12.24;6;12.24
1989-06-09;18.05;6;18.05
1989-06-10;30.91;6;30.91
1989-06-11;32.98;6;32.98
1989-06-12;55.52;6;55.52
1989-06-13;43.11;6;43.11
1989-06-14;22.37;6;22.37
1989-06-15;19.58;6;19.58
1989-06-16;18.89;6;18.89
1989-06-17;13.82;6;13.82
1989-06-18;23.84;6;23.84
1989-06-19;34.85;6;34.85
1989-06-20;16.92;6;16.92
1989-06-21;19.22;6;19.22
1989-06-22;26.73;6;26.73
1989-06-23;20.6;6;20.6
1989-06-24;28.67;6;28.67
1989-06-25;18.13;6;18.13
1989-06-26;22.87;6;22.87
1989-06-27;17.92;6;17.92
1989-06-28;15.52;6;15.52
1989-06-29;14.07;6;14.07
1989-06-30;12.23;6;12.23
1989-07-01;10.91;7;10.91
1989-07-02;22.56;7;22.56
1989-07-03;29.76;7;29.76
1989-07-04;18.06;7;18.06
1989-07-05;13.08;7;13.08
1989-07-06;67.17;7;67.17
1989-07-07;91.61;7;91.61
1989-07-08;32.12;7;32.12
1989-07-09;18.69;7;18.69
1989-07-10;16.84;7;16.84
1989-07-11;12.89;7;12.89
1989-07-12;11.74;7;11.74
1989-07-13;13.23;7;13.23
1989-07-14;19.6;7;19.6
1989-07-15;36.9;7;36.9
1989-07-16;51.72;7;51.72
1989-07-17;32.32;7;32.32
1989-07-18;16.31;7;16.31
1989-07-19;12.99;7;12.99
1989-07-20;17.67;7;17.67
1989-07-21;32.17;7;32.17
1989-07-22;72.05;7;72.05
1989-07-23;36.16;7;36.16
1989-07-24;20.54;7;20.54
1989-07-25;20.62;7;20.62
1989-07-26;22.95;7;22.95
1989-07-27;19.72;7;19.72
1989-07-28;16.06;7;16.06
1989-07-29;12.23;7;12.23
1989-07-30;11.0;7;11.0
1989-07-31;11.37;7;11.37
1989-08-01;10.13;8;10.13
1989-08-02;14.27;8;14.27
1989-08-03;15.33;8;15.33
1989-08-04;9.33;8;9.33
1989-08-05;11.73;8;11.73
1989-08-06;7.07;8;7.07
1989-08-07;12.93;8;12.93
1989-08-08;10.4;8;10.4
1989-08-09;6.67;8;6.67
1989-08-10;13.73;8;13.73
1989-08-11;16.53;8;16.53
1989-08-12;15.4;8;15.4
1989-08-13;14.47;8;14.47
1989-08-14;23.4;8;23.4
1989-08-15;28.6;8;28.6
1989-08-16;26.2;8;26.2
1989-08-17;18.47;8;18.47
1989-08-18;14.93;8;14.93
1989-08-19;12.13;8;12.13
1989-08-20;11.6;8;11.6
1989-08-21;13.4;8;13.4
1989-08-22;17.07;8;17.07
1989-08-23;13.53;8;13.53
1989-08-24;11.93;8;11.93
1989-08-25;12.4;8;12.4
1989-08-26;9.0;8;9.0
1989-08-27;11.43;8;11.43
1989-08-28;7.47;8;7.47
1989-08-29;8.8;8;8.8
1989-08-30;9.2;8;9.2
1989-08-31;7.07;8;7.07
1989-09-01;9.87;9;9.87
1989-09-02;6.33;9;6.33
1989-09-03;6.53;9;6.53
1989-09-04;13.47;9;13.47
1989-09-05;6.73;9;6.73
1989-09-06;19.67;9;19.67
1989-09-07;12.0;9;12.0
1989-09-08;12.87;9;12.87
1989-09-09;12.87;9;12.87
1989-09-10;12.33;9;12.33
1989-09-11;11.67;9;11.67
1989-09-12;10.0;9;10.0
1989-09-13;4.6;9;4.6
1989-09-14;6.67;9;6.67
1989-09-15;6.33;9;6.33
1989-09-16;3.87;9;3.87
1989-09-17;35.27;9;35.27
1989-09-18;17.87;9;17.87
1989-09-19;11.13;9;11.13
1989-09-20;11.93;9;11.93
1989-09-21;10.8;9;10.8
1989-09-22;11.05;9;11.05
1989-09-23;11.27;9;11.27
1989-09-24;9.94;9;9.94
1989-09-25;11.99;9;11.99
1989-09-26;11.31;9;11.31
1989-09-27;13.03;9;13.03
1989-09-28;12.56;9;12.56
1989-09-29;13.79;9;13.79
1989-09-30;11.76;9;11.76
1989-10-01;13.59;10;13.59
1989-10-02;13.48;10;13.48
1989-10-03;13.61;10;13.61
1989-10-04;17.0;10;17.0
1989-10-05;19.83;10;19.83
1989-10-06;16.54;10;16.54
1989-10-07;11.36;10;11.36
1989-10-08;11.92;10;11.92
1989-10-09;11.53;10;11.53
1989-10-10;13.33;10;13.33
1989-10-11;24.97;10;24.97
1989-10-12;25.6;10;25.6
1989-10-13;19.78;10;19.78
1989-10-14;16.76;10;16.76
1989-10-15;16.73;10;16.73
1989-10-16;11.77;10;11.77
1989-10-17;11.02;10;11.02
1989-10-18;11.76;10;11.76
1989-10-19;20.81;10;20.81
1989-10-20;21.07;10;21.07
1989-10-21;13.14;10;13.14
1989-10-22;7.9;10;7.9
1989-10-23;12.87;10;12.87
1989-10-24;13.87;10;13.87
1989-10-25;12.2;10;12.2
1989-10-26;13.4;10;13.4
1989-10-27;12.8;10;12.8
1989-10-28;16.0;10;16.0
1989-10-29;18.87;10;18.87
1989-10-30;12.13;10;12.13
1989-10-31;13.63;10;13.63
1989-11-01;14.47;11;14.47
1989-11-02;12.86;11;12.86
1989-11-03;13.95;11;13.95
1989-11-04;14.29;11;14.29
1989-11-05;12.46;11;12.46
1989-11-06;25.45;11;25.45
1989-11-07;20.61;11;20.61
1989-11-08;16.4;11;16.4
1989-11-09;14.4;11;14.4
1989-11-10;21.73;11;21.73
1989-11-11;18.67;11;18.67
1989-11-12;12.67;11;12.67
1989-11-13;10.73;11;10.73
1989-11-14;15.73;11;15.73
1989-11-15;17.93;11;17.93
1989-11-16;30.6;11;30.6
1989-11-17;14.87;11;14.87
1989-11-18;20.87;11;20.87
1989-11-19;23.03;11;23.03
1989-11-20;14.67;11;14.67
1989-11-21;19.53;11;19.53
1989-11-22;15.13;11;15.13
1989-11-23;16.73;11;16.73
1989-11-24;21.53;11;21.53
1989-11-25;17.07;11;17.07
1989-11-26;10.93;11;10.93
1989-11-27;8.07;11;8.07
1989-11-28;7.27;11;7.27
1989-11-29;12.52;11;12.52
1989-11-30;20.06;11;20.06
1989-12-01;17.8;12;17.8
1989-12-02;28.84;12;28.84
1989-12-03;31.91;12;31.91
1989-12-04;28.97;12;28.97
1989-12-05;27.78;12;27.78
1989-12-06;26.92;12;26.92
1989-12-07;15.41;12;15.41
1989-12-08;13.88;12;13.88
1989-12-09;12.89;12;12.89
1989-12-10;17.22;12;17.22
1989-12-11;14.33;12;14.33
1989-12-12;14.68;12;14.68
1989-12-13;12.82;12;12.82
1989-12-14;11.02;12;11.02
1989-12-15;11.12;12;11.12
1989-12-16;9.83;12;9.83
1989-12-17;10.09;12;10.09
1989-12-18;9.68;12;9.68
1989-12-19;9.06;12;9.06
1989-12-20;9.02;12;9.02
1989-12-21;8.46;12;8.46
1989-12-22;8.51;12;8.51
1989-12-23;8.04;12;8.04
1989-12-24;9.83;12;9.83
1989-12-25;12.07;12;12.07
1989-12-26;22.95;12;22.95
1989-12-27;26.28;12;26.28
1989-12-28;64.9;12;64.9
1989-12-29;29.45;12;29.45
1989-12-30;24.02;12;24.02
1989-12-31;26.6;12;26.6
1990-01-01;41.3;1;41.3
1990-01-02;32.0;1;32.0
1990-01-03;23.7;1;23.7
1990-01-04;19.7;1;19.7
1990-01-05;17.9;1;17.9
1990-01-06;20.5;1;20.5
1990-01-07;22.3;1;22.3
1990-01-08;30.0;1;30.0
1990-01-09;22.4;1;22.4
1990-01-10;21.2;1;21.2
1990-01-11;33.1;1;33.1
1990-01-12;22.6;1;22.6
1990-01-13;19.9;1;19.9
1990-01-14;12.6;1;12.6
1990-01-15;11.3;1;11.3
1990-01-16;11.1;1;11.1
1990-01-17;16.8;1;16.8
1990-01-18;14.1;1;14.1
1990-01-19;14.3;1;14.3
1990-01-20;12.8;1;12.8
1990-01-21;12.7;1;12.7
1990-01-22;13.5;1;13.5
1990-01-23;13.2;1;13.2
1990-01-24;12.4;1;12.4
1990-01-25;12.8;1;12.8
1990-01-26;11.7;1;11.7
1990-01-27;36.7;1;36.7
1990-01-28;16.9;1;16.9
1990-01-29;12.3;1;12.3
1990-01-30;12.9;1;12.9
1990-01-31;11.2;1;11.2
1990-02-01;12.4;2;12.4
1990-02-02;16.2;2;16.2
1990-02-03;11.0;2;11.0
1990-02-04;13.5;2;13.5
1990-02-05;17.0;2;17.0
1990-02-06;24.9;2;24.9
1990-02-07;16.4;2;16.4
1990-02-08;16.4;2;16.4
1990-02-09;12.3;2;12.3
1990-02-10;13.6;2;13.6
1990-02-11;18.0;2;18.0
1990-02-12;17.6;2;17.6
1990-02-13;14.1;2;14.1
1990-02-14;14.9;2;14.9
1990-02-15;18.5;2;18.5
1990-02-16;17.4;2;17.4
1990-02-17;28.6;2;28.6
1990-02-18;40.5;2;40.5
1990-02-19;29.4;2;29.4
1990-02-20;25.9;2;25.9
1990-02-21;17.5;2;17.5
1990-02-22;16.5;2;16.5
1990-02-23;15.0;2;15.0
1990-02-24;15.1;2;15.1
1990-02-25;17.5;2;17.5
1990-02-26;25.1;2;25.1
1990-02-27;15.7;2;15.7
1990-02-28;18.7;2;18.7
1990-03-01;28.2;3;28.2
1990-03-02;35.6;3;35.6
1990-03-03;21.6;3;21.6
1990-03-04;17.8;3;17.8
1990-03-05;15.5;3;15.5
1990-03-06;14.5;3;14.5
1990-03-07;13.9;3;13.9
1990-03-08;14.0;3;14.0
1990-03-09;14.8;3;14.8
1990-03-10;28.5;3;28.5
1990-03-11;32.9;3;32.9
1990-03-12;23.6;3;23.6
1990-03-13;17.8;3;17.8
1990-03-14;18.0;3;18.0
1990-03-15;35.6;3;35.6
1990-03-16;30.5;3;30.5
1990-03-17;18.7;3;18.7
1990-03-18;14.8;3;14.8
1990-03-19;16.3;3;16.3
1990-03-20;13.4;3;13.4
1990-03-21;12.9;3;12.9
1990-03-22;12.9;3;12.9
1990-03-23;14.9;3;14.9
1990-03-24;19.8;3;19.8
1990-03-25;14.5;3;14.5
1990-03-26;15.9;3;15.9
1990-03-27;23.0;3;23.0
1990-03-28;16.5;3;16.5
1990-03-29;15.9;3;15.9
1990-03-30;12.9;3;12.9
1990-03-31;17.8;3;17.8
1990-04-01;21.6;4;21.6
1990-04-02;23.8;4;23.8
1990-04-03;18.1;4;18.1
1990-04-04;17.6;4;17.6
1990-04-05;17.7;4;17.7
1990-04-06;17.2;4;17.2
1990-04-07;26.7;4;26.7
1990-04-08;19.1;4;19.1
1990-04-09;14.6;4;14.6
1990-04-10;12.4;4;12.4
1990-04-11;14.1;4;14.1
1990-04-12;12.9;4;12.9
1990-04-13;12.8;4;12.8
1990-04-14;16.7;4;16.7
1990-04-15;20.8;4;20.8
1990-04-16;24.9;4;24.9
1990-04-17;21.9;4;21.9
1990-04-18;33.8;4;33.8
1990-04-19;18.5;4;18.5
1990-04-20;16.3;4;16.3
1990-04-21;18.1;4;18.1
1990-04-22;19.8;4;19.8
1990-04-23;18.6;4;18.6
1990-04-24;19.2;4;19.2
1990-04-25;15.7;4;15.7
1990-04-26;17.8;4;17.8
1990-04-27;16.7;4;16.7
1990-04-28;29.6;4;29.6
1990-04-29;22.9;4;22.9
1990-04-30;20.9;4;20.9
1990-05-01;25.1;5;25.1
1990-05-02;26.8;5;26.8
1990-05-03;34.8;5;34.8
1990-05-04;35.5;5;35.5
1990-05-05;53.1;5;53.1
1990-05-06;31.3;5;31.3
1990-05-07;23.8;5;23.8
1990-05-08;40.3;5;40.3
1990-05-09;61.1;5;61.1
1990-05-10;32.3;5;32.3
1990-05-11;26.9;5;26.9
1990-05-12;21.1;5;21.1
1990-05-13;18.2;5;18.2
1990-05-14;26.8;5;26.8
1990-05-15;26.3;5;26.3
1990-05-16;19.6;5;19.6
1990-05-17;23.4;5;23.4
1990-05-18;17.1;5;17.1
1990-05-19;29.6;5;29.6
1990-05-20;57.7;5;57.7
1990-05-21;32.9;5;32.9
1990-05-22;78.6;5;78.6
1990-05-23;81.0;5;81.0
1990-05-24;52.8;5;52.8
1990-05-25;32.4;5;32.4
1990-05-26;36.9;5;36.9
1990-05-27;27.3;5;27.3
1990-05-28;18.6;5;18.6
1990-05-29;17.9;5;17.9
1990-05-30;20.7;5;20.7
1990-05-31;18.2;5;18.2
1990-06-01;15.7;6;15.7
1990-06-02;23.8;6;23.8
1990-06-03;14.6;6;14.6
1990-06-04;13.7;6;13.7
1990-06-05;32.3;6;32.3
1990-06-06;23.3;6;23.3
1990-06-07;22.6;6;22.6
1990-06-08;15.3;6;15.3
1990-06-09;16.9;6;16.9
1990-06-10;20.2;6;20.2
1990-06-11;64.1;6;64.1
1990-06-12;39.5;6;39.5
1990-06-13;24.8;6;24.8
1990-06-14;24.6;6;24.6
1990-06-15;17.5;6;17.5
1990-06-16;17.1;6;17.1
1990-06-17;79.2;6;79.2
1990-06-18;43.0;6;43.0
1990-06-19;28.8;6;28.8
1990-06-20;20.5;6;20.5
1990-06-21;27.7;6;27.7
1990-06-22;54.9;6;54.9
1990-06-23;28.6;6;28.6
1990-06-24;18.4;6;18.4
1990-06-25;30.2;6;30.2
1990-06-26;17.0;6;17.0
1990-06-27;27.7;6;27.7
1990-06-28;39.1;6;39.1
1990-06-29;23.9;6;23.9
1990-06-30;33.0;6;33.0
1990-07-01;24.4;7;24.4
1990-07-02;22.6;7;22.6
1990-07-03;32.3;7;32.3
1990-07-04;62.2;7;62.2
1990-07-05;43.3;7;43.3
1990-07-06;30.3;7;30.3
1990-07-07;17.9;7;17.9
1990-07-08;14.8;7;14.8
1990-07-09;14.7;7;14.7
1990-07-10;19.6;7;19.6
1990-07-11;19.8;7;19.8
1990-07-12;28.8;7;28.8
1990-07-13;23.0;7;23.0
1990-07-14;18.8;7;18.8
1990-07-15;14.1;7;14.1
1990-07-16;12.2;7;12.2
1990-07-17;21.5;7;21.5
1990-07-18;16.1;7;16.1
1990-07-19;12.2;7;12.2
1990-07-20;12.6;7;12.6
1990-07-21;12.9;7;12.9
1990-07-22;10.7;7;10.7
1990-07-23;4.4;7;4.4
1990-07-24;24.0;7;24.0
1990-07-25;11.8;7;11.8
1990-07-26;10.2;7;10.2
1990-07-27;6.6;7;6.6
1990-07-28;9.3;7;9.3
1990-07-29;64.4;7;64.4
1990-07-30;122.4;7;122.4
1990-07-31;38.7;7;38.7
1990-08-01;18.1;8;18.1
1990-08-02;15.6;8;15.6
1990-08-03;12.1;8;12.1
1990-08-04;12.2;8;12.2
1990-08-05;31.1;8;31.1
1990-08-06;18.8;8;18.8
1990-08-07;13.1;8;13.1
1990-08-08;12.2;8;12.2
1990-08-09;13.1;8;13.1
1990-08-10;92.0;8;92.0
1990-08-11;61.6;8;61.6
1990-08-12;21.3;8;21.3
1990-08-13;16.9;8;16.9
1990-08-14;30.2;8;30.2
1990-08-15;18.8;8;18.8
1990-08-16;14.9;8;14.9
1990-08-17;11.8;8;11.8
1990-08-18;11.6;8;11.6
1990-08-19;18.8;8;18.8
1990-08-20;19.6;8;19.6
1990-08-21;19.8;8;19.8
1990-08-22;32.9;8;32.9
1990-08-23;87.8;8;87.8
1990-08-24;43.4;8;43.4
1990-08-25;17.6;8;17.6
1990-08-26;12.6;8;12.6
1990-08-27;12.6;8;12.6
1990-08-28;11.8;8;11.8
1990-08-29;9.1;8;9.1
1990-08-30;11.7;8;11.7
1990-08-31;12.0;8;12.0
1990-09-01;16.3;9;16.3
1990-09-02;8.2;9;8.2
1990-09-03;9.3;9;9.3
1990-09-04;7.3;9;7.3
1990-09-05;12.2;9;12.2
1990-09-06;12.1;9;12.1
1990-09-07;12.0;9;12.0
1990-09-08;11.9;9;11.9
1990-09-09;11.9;9;11.9
1990-09-10;12.6;9;12.6
1990-09-11;13.9;9;13.9
1990-09-12;13.4;9;13.4
1990-09-13;21.6;9;21.6
1990-09-14;12.5;9;12.5
1990-09-15;20.3;9;20.3
1990-09-16;16.4;9;16.4
1990-09-17;12.0;9;12.0
1990-09-18;5.8;9;5.8
1990-09-19;5.7;9;5.7
1990-09-20;5.4;9;5.4
1990-09-21;5.4;9;5.4
1990-09-22;4.0;9;4.0
1990-09-23;10.2;9;10.2
1990-09-24;3.5;9;3.5
1990-09-25;6.5;9;6.5
1990-09-26;5.7;9;5.7
1990-09-27;5.5;9;5.5
1990-09-28;5.1;9;5.1
1990-09-29;5.8;9;5.8
1990-09-30;3.1;9;3.1
1990-10-01;5.4;10;5.4
1990-10-02;5.7;10;5.7
1990-10-03;5.5;10;5.5
1990-10-04;6.6;10;6.6
1990-10-05;5.8;10;5.8
1990-10-06;6.9;10;6.9
1990-10-07;9.2;10;9.2
1990-10-08;14.8;10;14.8
1990-10-09;17.2;10;17.2
1990-10-10;15.7;10;15.7
1990-10-11;9.6;10;9.6
1990-10-12;9.3;10;9.3
1990-10-13;8.7;10;8.7
1990-10-14;7.1;10;7.1
1990-10-15;7.5;10;7.5
1990-10-16;6.4;10;6.4
1990-10-17;7.9;10;7.9
1990-10-18;7.3;10;7.3
1990-10-19;28.2;10;28.2
1990-10-20;23.5;10;23.5
1990-10-21;9.7;10;9.7
1990-10-22;13.2;10;13.2
1990-10-23;13.4;10;13.4
1990-10-24;13.5;10;13.5
1990-10-25;32.2;10;32.2
1990-10-26;13.6;10;13.6
1990-10-27;14.4;10;14.4
1990-10-28;12.0;10;12.0
1990-10-29;17.0;10;17.0
1990-10-30;14.0;10;14.0
1990-10-31;11.3;10;11.3
1990-11-01;15.8;11;15.8
1990-11-02;18.7;11;18.7
1990-11-03;16.9;11;16.9
1990-11-04;35.8;11;35.8
1990-11-05;28.7;11;28.7
1990-11-06;18.5;11;18.5
1990-11-07;10.5;11;10.5
1990-11-08;15.4;11;15.4
1990-11-09;14.6;11;14.6
1990-11-10;7.9;11;7.9
1990-11-11;16.6;11;16.6
1990-11-12;13.5;11;13.5
1990-11-13;7.0;11;7.0
1990-11-14;7.2;11;7.2
1990-11-15;19.0;11;19.0
1990-11-16;5.4;11;5.4
1990-11-17;14.6;11;14.6
1990-11-18;11.8;11;11.8
1990-11-19;28.3;11;28.3
1990-11-20;15.9;11;15.9
1990-11-21;14.7;11;14.7
1990-11-22;10.4;11;10.4
1990-11-23;15.8;11;15.8
1990-11-24;15.2;11;15.2
1990-11-25;18.8;11;18.8
1990-11-26;13.7;11;13.7
1990-11-27;16.4;11;16.4
1990-11-28;13.0;11;13.0
1990-11-29;9.5;11;9.5
1990-11-30;8.9;11;8.9
1990-12-01;8.7;12;8.7
1990-12-02;8.4;12;8.4
1990-12-03;78.7;12;78.7
1990-12-04;41.6;12;41.6
1990-12-05;67.4;12;67.4
1990-12-06;52.5;12;52.5
1990-12-07;25.4;12;25.4
1990-12-08;39.5;12;39.5
1990-12-09;32.3;12;32.3
1990-12-10;35.3;12;35.3
1990-12-11;24.2;12;24.2
1990-12-12;25.6;12;25.6
1990-12-13;23.9;12;23.9
1990-12-14;16.8;12;16.8
1990-12-15;20.2;12;20.2
1990-12-16;18.6;12;18.6
1990-12-17;12.6;12;12.6
1990-12-18;17.7;12;17.7
1990-12-19;16.5;12;16.5
1990-12-20;11.7;12;11.7
1990-12-21;16.5;12;16.5
1990-12-22;19.2;12;19.2
1990-12-23;16.7;12;16.7
1990-12-24;17.6;12;17.6
1990-12-25;11.0;12;11.0
1990-12-26;13.7;12;13.7
1990-12-27;7.4;12;7.4
1990-12-28;15.7;12;15.7
1990-12-29;9.9;12;9.9
1990-12-30;15.7;12;15.7
1990-12-31;21.0;12;21.0
1991-01-01;16.58;1;16.58
1991-01-02;28.9;1;28.9
1991-01-03;22.97;1;22.97
1991-01-04;18.13;1;18.13
1991-01-05;17.85;1;17.85
1991-01-06;11.0;1;11.0
1991-01-07;15.25;1;15.25
1991-01-08;10.45;1;10.45
1991-01-09;10.35;1;10.35
1991-01-10;25.11;1;25.11
1991-01-11;12.37;1;12.37
1991-01-12;14.22;1;14.22
1991-01-13;11.29;1;11.29
1991-01-14;11.42;1;11.42
1991-01-15;12.72;1;12.72
1991-01-16;11.23;1;11.23
1991-01-17;12.62;1;12.62
1991-01-18;17.45;1;17.45
1991-01-19;13.91;1;13.91
1991-01-20;15.03;1;15.03
1991-01-21;17.89;1;17.89
1991-01-22;12.19;1;12.19
1991-01-23;11.06;1;11.06
1991-01-24;10.33;1;10.33
1991-01-25;10.12;1;10.12
1991-01-26;10.07;1;10.07
1991-01-27;8.75;1;8.75
1991-01-28;7.05;1;7.05
1991-01-29;20.3;1;20.3
1991-01-30;5.11;1;5.11
1991-01-31;5.98;1;5.98
1991-02-01;5.52;2;5.52
1991-02-02;5.88;2;5.88
1991-02-03;15.67;2;15.67
1991-02-04;14.75;2;14.75
1991-02-05;14.22;2;14.22
1991-02-06;14.38;2;14.38
1991-02-07;6.18;2;6.18
1991-02-08;4.26;2;4.26
1991-02-09;12.59;2;12.59
1991-02-10;14.29;2;14.29
1991-02-11;5.6;2;5.6
1991-02-12;14.21;2;14.21
1991-02-13;14.09;2;14.09
1991-02-14;14.84;2;14.84
1991-02-15;6.99;2;6.99
1991-02-16;5.14;2;5.14
1991-02-17;5.21;2;5.21
1991-02-18;6.74;2;6.74
1991-02-19;8.21;2;8.21
1991-02-20;6.69;2;6.69
1991-02-21;6.58;2;6.58
1991-02-22;4.87;2;4.87
1991-02-23;4.35;2;4.35
1991-02-24;5.52;2;5.52
1991-02-25;17.24;2;17.24
1991-02-26;29.4;2;29.4
1991-02-27;18.9;2;18.9
1991-02-28;9.3;2;9.3
1991-03-01;5.77;3;5.77
1991-03-02;6.96;3;6.96
1991-03-03;18.68;3;18.68
1991-03-04;9.95;3;9.95
1991-03-05;12.31;3;12.31
1991-03-06;13.46;3;13.46
1991-03-07;11.86;3;11.86
1991-03-08;21.92;3;21.92
1991-03-09;20.68;3;20.68
1991-03-10;17.23;3;17.23
1991-03-11;14.93;3;14.93
1991-03-12;12.35;3;12.35
1991-03-13;8.83;3;8.83
1991-03-14;8.44;3;8.44
1991-03-15;9.09;3;9.09
1991-03-16;14.5;3;14.5
1991-03-17;17.7;3;17.7
1991-03-18;18.23;3;18.23
1991-03-19;15.93;3;15.93
1991-03-20;9.08;3;9.08
1991-03-21;6.51;3;6.51
1991-03-22;6.65;3;6.65
1991-03-23;19.91;3;19.91
1991-03-24;8.4;3;8.4
1991-03-25;9.61;3;9.61
1991-03-26;11.6;3;11.6
1991-03-27;20.43;3;20.43
1991-03-28;27.12;3;27.12
1991-03-29;25.22;3;25.22
1991-03-30;59.05;3;59.05
1991-03-31;29.06;3;29.06
1991-04-01;18.97;4;18.97
1991-04-02;15.7;4;15.7
1991-04-03;14.1;4;14.1
1991-04-04;11.17;4;11.17
1991-04-05;10.1;4;10.1
1991-04-06;15.61;4;15.61
1991-04-07;15.95;4;15.95
1991-04-08;8.96;4;8.96
1991-04-09;11.31;4;11.31
1991-04-10;11.7;4;11.7
1991-04-11;9.12;4;9.12
1991-04-12;15.55;4;15.55
1991-04-13;9.04;4;9.04
1991-04-14;29.4;4;29.4
1991-04-15;29.47;4;29.47
1991-04-16;21.09;4;21.09
1991-04-17;11.17;4;11.17
1991-04-18;16.42;4;16.42
1991-04-19;18.31;4;18.31
1991-04-20;16.38;4;16.38
1991-04-21;15.4;4;15.4
1991-04-22;15.31;4;15.31
1991-04-23;24.63;4;24.63
1991-04-24;18.16;4;18.16
1991-04-25;19.19;4;19.19
1991-04-26;10.08;4;10.08
1991-04-27;9.57;4;9.57
1991-04-28;6.67;4;6.67
1991-04-29;19.13;4;19.13
1991-04-30;15.41;4;15.41
1991-05-01;14.45;5;14.45
1991-05-02;15.25;5;15.25
1991-05-03;8.07;5;8.07
1991-05-04;14.5;5;14.5
1991-05-05;11.97;5;11.97
1991-05-06;13.96;5;13.96
1991-05-07;14.57;5;14.57
1991-05-08;7.55;5;7.55
1991-05-09;6.35;5;6.35
1991-05-10;7.9;5;7.9
1991-05-11;16.02;5;16.02
1991-05-12;15.76;5;15.76
1991-05-13;9.75;5;9.75
1991-05-14;7.66;5;7.66
1991-05-15;7.94;5;7.94
1991-05-16;14.2;5;14.2
1991-05-17;13.87;5;13.87
1991-05-18;10.97;5;10.97
1991-05-19;24.13;5;24.13
1991-05-20;18.75;5;18.75
1991-05-21;12.69;5;12.69
1991-05-22;25.19;5;25.19
1991-05-23;22.91;5;22.91
1991-05-24;16.58;5;16.58
1991-05-25;15.93;5;15.93
1991-05-26;11.08;5;11.08
1991-05-27;6.14;5;6.14
1991-05-28;12.3;5;12.3
1991-05-29;7.69;5;7.69
1991-05-30;14.26;5;14.26
1991-05-31;15.08;5;15.08
1991-06-01;14.97;6;14.97
1991-06-02;22.49;6;22.49
1991-06-03;21.8;6;21.8
1991-06-04;9.23;6;9.23
1991-06-05;13.49;6;13.49
1991-06-06;14.15;6;14.15
1991-06-07;7.22;6;7.22
1991-06-08;13.32;6;13.32
1991-06-09;14.49;6;14.49
1991-06-10;23.36;6;23.36
1991-06-11;20.74;6;20.74
1991-06-12;12.73;6;12.73
1991-06-13;13.11;6;13.11
1991-06-14;5.27;6;5.27
1991-06-15;7.06;6;7.06
1991-06-16;14.2;6;14.2
1991-06-17;15.21;6;15.21
1991-06-18;7.43;6;7.43
1991-06-19;7.19;6;7.19
1991-06-20;4.43;6;4.43
1991-06-21;4.0;6;4.0
1991-06-22;6.37;6;6.37
1991-06-23;18.9;6;18.9
1991-06-24;18.04;6;18.04
1991-06-25;26.11;6;26.11
1991-06-26;19.01;6;19.01
1991-06-27;10.82;6;10.82
1991-06-28;16.13;6;16.13
1991-06-29;31.97;6;31.97
1991-06-30;65.25;6;65.25
1991-07-01;74.23;7;74.23
1991-07-02;55.52;7;55.52
1991-07-03;30.23;7;30.23
1991-07-04;20.11;7;20.11
1991-07-05;13.23;7;13.23
1991-07-06;8.4;7;8.4
1991-07-07;7.89;7;7.89
1991-07-08;24.68;7;24.68
1991-07-09;24.68;7;24.68
1991-07-10;25.69;7;25.69
1991-07-11;30.03;7;30.03
1991-07-12;37.93;7;37.93
1991-07-13;8.23;7;8.23
1991-07-14;12.73;7;12.73
1991-07-15;14.75;7;14.75
1991-07-16;79.11;7;79.11
1991-07-17;58.74;7;58.74
1991-07-18;32.9;7;32.9
1991-07-19;42.77;7;42.77
1991-07-20;27.3;7;27.3
1991-07-21;49.34;7;49.34
1991-07-22;23.02;7;23.02
1991-07-23;17.65;7;17.65
1991-07-24;30.71;7;30.71
1991-07-25;29.3;7;29.3
1991-07-26;18.78;7;18.78
1991-07-27;19.39;7;19.39
1991-07-28;27.02;7;27.02
1991-07-29;53.59;7;53.59
1991-07-30;30.66;7;30.66
1991-07-31;19.45;7;19.45
1991-08-01;62.97;8;62.97
1991-08-02;33.7;8;33.7
1991-08-03;29.69;8;29.69
1991-08-04;8.16;8;8.16
1991-08-05;12.71;8;12.71
1991-08-06;14.38;8;14.38
1991-08-07;31.18;8;31.18
1991-08-08;43.73;8;43.73
1991-08-09;30.84;8;30.84
1991-08-10;25.61;8;25.61
1991-08-11;25.66;8;25.66
1991-08-12;18.35;8;18.35
1991-08-13;13.22;8;13.22
1991-08-14;43.13;8;43.13
1991-08-15;40.89;8;40.89
1991-08-16;26.68;8;26.68
1991-08-17;54.78;8;54.78
1991-08-18;47.59;8;47.59
1991-08-19;36.39;8;36.39
1991-08-20;25.56;8;25.56
1991-08-21;44.5;8;44.5
1991-08-22;44.18;8;44.18
1991-08-23;22.2;8;22.2
1991-08-24;14.13;8;14.13
1991-08-25;20.87;8;20.87
1991-08-26;12.56;8;12.56
1991-08-27;11.96;8;11.96
1991-08-28;31.35;8;31.35
1991-08-29;35.16;8;35.16
1991-08-30;14.82;8;14.82
1991-08-31;48.6;8;48.6
1991-09-01;32.95;9;32.95
1991-09-02;22.27;9;22.27
1991-09-03;14.35;9;14.35
1991-09-04;12.42;9;12.42
1991-09-05;10.22;9;10.22
1991-09-06;9.56;9;9.56
1991-09-07;6.16;9;6.16
1991-09-08;10.09;9;10.09
1991-09-09;5.82;9;5.82
1991-09-10;41.83;9;41.83
1991-09-11;29.18;9;29.18
1991-09-12;21.47;9;21.47
1991-09-13;15.9;9;15.9
1991-09-14;12.07;9;12.07
1991-09-15;12.14;9;12.14
1991-09-16;13.6;9;13.6
1991-09-17;12.25;9;12.25
1991-09-18;9.39;9;9.39
1991-09-19;13.55;9;13.55
1991-09-20;17.93;9;17.93
1991-09-21;15.83;9;15.83
1991-09-22;13.15;9;13.15
1991-09-23;14.28;9;14.28
1991-09-24;16.88;9;16.88
1991-09-25;15.44;9;15.44
1991-09-26;12.31;9;12.31
1991-09-27;8.58;9;8.58
1991-09-28;12.99;9;12.99
1991-09-29;10.49;9;10.49
1991-09-30;12.99;9;12.99
1991-10-01;8.07;10;8.07
1991-10-02;19.33;10;19.33
1991-10-03;14.08;10;14.08
1991-10-04;13.17;10;13.17
1991-10-05;11.67;10;11.67
1991-10-06;6.52;10;6.52
1991-10-07;13.95;10;13.95
1991-10-08;11.25;10;11.25
1991-10-09;6.85;10;6.85
1991-10-10;13.24;10;13.24
1991-10-11;6.43;10;6.43
1991-10-12;6.77;10;6.77
1991-10-13;14.06;10;14.06
1991-10-14;5.92;10;5.92
1991-10-15;3.75;10;3.75
1991-10-16;3.27;10;3.27
1991-10-17;11.1;10;11.1
1991-10-18;4.08;10;4.08
1991-10-19;9.81;10;9.81
1991-10-20;14.38;10;14.38
1991-10-21;4.06;10;4.06
1991-10-22;5.59;10;5.59
1991-10-23;5.17;10;5.17
1991-10-24;5.12;10;5.12
1991-10-25;3.73;10;3.73
1991-10-26;5.8;10;5.8
1991-10-27;5.89;10;5.89
1991-10-28;5.32;10;5.32
1991-10-29;4.67;10;4.67
1991-10-30;5.25;10;5.25
1991-10-31;3.4;10;3.4
1991-11-01;5.15;11;5.15
1991-11-02;5.5;11;5.5
1991-11-03;4.34;11;4.34
1991-11-04;8.06;11;8.06
1991-11-05;9.17;11;9.17
1991-11-06;6.76;11;6.76
1991-11-07;17.04;11;17.04
1991-11-08;18.53;11;18.53
1991-11-09;21.07;11;21.07
1991-11-10;27.53;11;27.53
1991-11-11;13.68;11;13.68
1991-11-12;16.61;11;16.61
1991-11-13;23.7;11;23.7
1991-11-14;39.79;11;39.79
1991-11-15;44.18;11;44.18
1991-11-16;38.13;11;38.13
1991-11-17;20.15;11;20.15
1991-11-18;30.46;11;30.46
1991-11-19;41.43;11;41.43
1991-11-20;20.45;11;20.45
1991-11-21;19.17;11;19.17
1991-11-22;17.24;11;17.24
1991-11-23;12.49;11;12.49
1991-11-24;20.41;11;20.41
1991-11-25;12.35;11;12.35
1991-11-26;19.15;11;19.15
1991-11-27;15.52;11;15.52
1991-11-28;15.61;11;15.61
1991-11-29;15.4;11;15.4
1991-11-30;14.94;11;14.94
1991-12-01;10.11;12;10.11
1991-12-02;11.85;12;11.85
1991-12-03;8.13;12;8.13
1991-12-04;12.05;12;12.05
1991-12-05;14.02;12;14.02
1991-12-06;23.88;12;23.88
1991-12-07;18.18;12;18.18
1991-12-08;15.43;12;15.43
1991-12-09;11.6;12;11.6
1991-12-10;10.3;12;10.3
1991-12-11;9.48;12;9.48
1991-12-12;10.84;12;10.84
1991-12-13;16.25;12;16.25
1991-12-14;16.21;12;16.21
1991-12-15;16.25;12;16.25
1991-12-16;18.63;12;18.63
1991-12-17;57.59;12;57.59
1991-12-18;21.83;12;21.83
1991-12-19;19.59;12;19.59
1991-12-20;21.46;12;21.46
1991-12-21;16.36;12;16.36
1991-12-22;27.03;12;27.03
1991-12-23;47.59;12;47.59
1991-12-24;30.41;12;30.41
1991-12-25;19.85;12;19.85
1991-12-26;14.59;12;14.59
1991-12-27;21.28;12;21.28
1991-12-28;20.62;12;20.62
1991-12-29;50.8;12;50.8
1991-12-30;26.05;12;26.05
1991-12-31;18.74;12;18.74
1992-01-01;18.8;1;18.8
1992-01-02;12.2;1;12.2
1992-01-03;17.4;1;17.4
1992-01-04;16.4;1;16.4
1992-01-05;16.7;1;16.7
1992-01-06;28.1;1;28.1
1992-01-07;16.4;1;16.4
1992-01-08;16.7;1;16.7
1992-01-09;15.9;1;15.9
1992-01-10;9.6;1;9.6
1992-01-11;10.4;1;10.4
1992-01-12;10.1;1;10.1
1992-01-13;12.6;1;12.6
1992-01-14;20.5;1;20.5
1992-01-15;23.7;1;23.7
1992-01-16;19.6;1;19.6
1992-01-17;11.0;1;11.0
1992-01-18;13.2;1;13.2
1992-01-19;9.8;1;9.8
1992-01-20;9.4;1;9.4
1992-01-21;9.2;1;9.2
1992-01-22;15.2;1;15.2
1992-01-23;9.4;1;9.4
1992-01-24;8.0;1;8.0
1992-01-25;11.5;1;11.5
1992-01-26;17.4;1;17.4
1992-01-27;10.6;1;10.6
1992-01-28;24.5;1;24.5
1992-01-29;24.5;1;24.5
1992-01-30;20.7;1;20.7
1992-01-31;15.6;1;15.6
1992-02-01;10.5;2;10.5
1992-02-02;9.4;2;9.4
1992-02-03;15.0;2;15.0
1992-02-04;10.3;2;10.3
1992-02-05;15.0;2;15.0
1992-02-06;15.0;2;15.0
1992-02-07;6.6;2;6.6
1992-02-08;9.1;2;9.1
1992-02-09;11.9;2;11.9
1992-02-10;9.3;2;9.3
1992-02-11;11.6;2;11.6
1992-02-12;27.3;2;27.3
1992-02-13;19.7;2;19.7
1992-02-14;17.7;2;17.7
1992-02-15;16.5;2;16.5
1992-02-16;18.3;2;18.3
1992-02-17;16.0;2;16.0
1992-02-18;7.4;2;7.4
1992-02-19;9.7;2;9.7
1992-02-20;29.6;2;29.6
1992-02-21;8.7;2;8.7
1992-02-22;24.1;2;24.1
1992-02-23;12.4;2;12.4
1992-02-24;10.8;2;10.8
1992-02-25;9.5;2;9.5
1992-02-26;10.4;2;10.4
1992-02-27;20.1;2;20.1
1992-02-28;9.2;2;9.2
1992-02-29;9.2;2;9.2
1992-03-01;6.3;3;6.3
1992-03-02;6.1;3;6.1
1992-03-03;6.0;3;6.0
1992-03-04;5.8;3;5.8
1992-03-05;6.0;3;6.0
1992-03-06;5.7;3;5.7
1992-03-07;5.5;3;5.5
1992-03-08;5.8;3;5.8
1992-03-09;5.5;3;5.5
1992-03-10;5.5;3;5.5
1992-03-11;5.8;3;5.8
1992-03-12;5.4;3;5.4
1992-03-13;12.8;3;12.8
1992-03-14;16.5;3;16.5
1992-03-15;6.3;3;6.3
1992-03-16;5.5;3;5.5
1992-03-17;5.7;3;5.7
1992-03-18;6.2;3;6.2
1992-03-19;5.5;3;5.5
1992-03-20;11.9;3;11.9
1992-03-21;9.3;3;9.3
1992-03-22;5.7;3;5.7
1992-03-23;6.1;3;6.1
1992-03-24;5.1;3;5.1
1992-03-25;4.5;3;4.5
1992-03-26;6.3;3;6.3
1992-03-27;6.3;3;6.3
1992-03-28;5.1;3;5.1
1992-03-29;4.9;3;4.9
1992-03-30;4.8;3;4.8
1992-03-31;7.7;3;7.7
1992-04-01;22.8;4;22.8
1992-04-02;11.6;4;11.6
1992-04-03;7.5;4;7.5
1992-04-04;6.4;4;6.4
1992-04-05;6.3;4;6.3
1992-04-06;5.0;4;5.0
1992-04-07;6.5;4;6.5
1992-04-08;6.5;4;6.5
1992-04-09;15.1;4;15.1
1992-04-10;30.0;4;30.0
1992-04-11;28.7;4;28.7
1992-04-12;18.2;4;18.2
1992-04-13;7.9;4;7.9
1992-04-14;6.0;4;6.0
1992-04-15;15.6;4;15.6
1992-04-16;8.9;4;8.9
1992-04-17;10.3;4;10.3
1992-04-18;18.2;4;18.2
1992-04-19;19.0;4;19.0
1992-04-20;13.6;4;13.6
1992-04-21;17.7;4;17.7
1992-04-22;28.7;4;28.7
1992-04-23;23.1;4;23.1
1992-04-24;13.9;4;13.9
1992-04-25;20.1;4;20.1
1992-04-26;14.3;4;14.3
1992-04-27;26.4;4;26.4
1992-04-28;28.5;4;28.5
1992-04-29;19.3;4;19.3
1992-04-30;20.5;4;20.5
1992-05-01;13.5;5;13.5
1992-05-02;14.0;5;14.0
1992-05-03;8.3;5;8.3
1992-05-04;16.1;5;16.1
1992-05-05;13.6;5;13.6
1992-05-06;13.3;5;13.3
1992-05-07;13.6;5;13.6
1992-05-08;14.5;5;14.5
1992-05-09;13.1;5;13.1
1992-05-10;10.4;5;10.4
1992-05-11;14.7;5;14.7
1992-05-12;6.1;5;6.1
1992-05-13;12.6;5;12.6
1992-05-14;4.3;5;4.3
1992-05-15;17.1;5;17.1
1992-05-16;13.0;5;13.0
1992-05-17;12.9;5;12.9
1992-05-18;12.7;5;12.7
1992-05-19;12.7;5;12.7
1992-05-20;12.6;5;12.6
1992-05-21;14.3;5;14.3
1992-05-22;18.0;5;18.0
1992-05-23;13.8;5;13.8
1992-05-24;13.0;5;13.0
1992-05-25;16.5;5;16.5
1992-05-26;12.6;5;12.6
1992-05-27;14.8;5;14.8
1992-05-28;15.6;5;15.6
1992-05-29;12.9;5;12.9
1992-05-30;12.2;5;12.2
1992-05-31;11.8;5;11.8
1992-06-01;12.6;6;12.6
1992-06-02;14.7;6;14.7
1992-06-03;19.5;6;19.5
1992-06-04;16.9;6;16.9
1992-06-05;13.2;6;13.2
1992-06-06;12.4;6;12.4
1992-06-07;13.7;6;13.7
1992-06-08;11.4;6;11.4
1992-06-09;12.9;6;12.9
1992-06-10;13.0;6;13.0
1992-06-11;19.4;6;19.4
1992-06-12;27.1;6;27.1
1992-06-13;46.4;6;46.4
1992-06-14;38.5;6;38.5
1992-06-15;21.4;6;21.4
1992-06-16;13.1;6;13.1
1992-06-17;12.3;6;12.3
1992-06-18;12.6;6;12.6
1992-06-19;13.1;6;13.1
1992-06-20;14.8;6;14.8
1992-06-21;20.7;6;20.7
1992-06-22;18.4;6;18.4
1992-06-23;14.7;6;14.7
1992-06-24;11.5;6;11.5
1992-06-25;7.9;6;7.9
1992-06-26;10.3;6;10.3
1992-06-27;8.3;6;8.3
1992-06-28;8.7;6;8.7
1992-06-29;7.1;6;7.1
1992-06-30;13.2;6;13.2
1992-07-01;8.4;7;8.4
1992-07-02;11.1;7;11.1
1992-07-03;17.6;7;17.6
1992-07-04;27.8;7;27.8
1992-07-05;28.7;7;28.7
1992-07-06;18.2;7;18.2
1992-07-07;31.0;7;31.0
1992-07-08;26.7;7;26.7
1992-07-09;50.1;7;50.1
1992-07-10;51.3;7;51.3
1992-07-11;33.7;7;33.7
1992-07-12;17.3;7;17.3
1992-07-13;17.8;7;17.8
1992-07-14;19.5;7;19.5
1992-07-15;13.2;7;13.2
1992-07-16;11.3;7;11.3
1992-07-17;66.4;7;66.4
1992-07-18;18.4;7;18.4
1992-07-19;9.5;7;9.5
1992-07-20;71.0;7;71.0
1992-07-21;98.4;7;98.4
1992-07-22;59.1;7;59.1
1992-07-23;119.8;7;119.8
1992-07-24;73.2;7;73.2
1992-07-25;40.6;7;40.6
1992-07-26;37.0;7;37.0
1992-07-27;25.3;7;25.3
1992-07-28;40.4;7;40.4
1992-07-29;36.4;7;36.4
1992-07-30;22.0;7;22.0
1992-07-31;21.6;7;21.6
1992-08-01;14.5;8;14.5
1992-08-02;47.2;8;47.2
1992-08-03;55.4;8;55.4
1992-08-04;23.7;8;23.7
1992-08-05;31.9;8;31.9
1992-08-06;82.3;8;82.3
1992-08-07;42.3;8;42.3
1992-08-08;36.1;8;36.1
1992-08-09;16.6;8;16.6
1992-08-10;18.8;8;18.8
1992-08-11;16.2;8;16.2
1992-08-12;11.6;8;11.6
1992-08-13;18.1;8;18.1
1992-08-14;16.6;8;16.6
1992-08-15;12.6;8;12.6
1992-08-16;16.2;8;16.2
1992-08-17;11.9;8;11.9
1992-08-18;12.1;8;12.1
1992-08-19;13.6;8;13.6
1992-08-20;8.2;8;8.2
1992-08-21;3.9;8;3.9
1992-08-22;11.7;8;11.7
1992-08-23;23.3;8;23.3
1992-08-24;33.5;8;33.5
1992-08-25;15.8;8;15.8
1992-08-26;17.8;8;17.8
1992-08-27;11.8;8;11.8
1992-08-28;11.1;8;11.1
1992-08-29;11.2;8;11.2
1992-08-30;11.9;8;11.9
1992-08-31;6.5;8;6.5
1992-09-01;11.2;9;11.2
1992-09-02;6.2;9;6.2
1992-09-03;9.9;9;9.9
1992-09-04;11.5;9;11.5
1992-09-05;11.0;9;11.0
1992-09-06;5.9;9;5.9
1992-09-07;10.9;9;10.9
1992-09-08;14.5;9;14.5
1992-09-09;19.4;9;19.4
1992-09-10;12.2;9;12.2
1992-09-11;11.0;9;11.0
1992-09-12;11.3;9;11.3
1992-09-13;10.9;9;10.9
1992-09-14;12.5;9;12.5
1992-09-15;11.6;9;11.6
1992-09-16;11.4;9;11.4
1992-09-17;10.2;9;10.2
1992-09-18;11.8;9;11.8
1992-09-19;11.9;9;11.9
1992-09-20;10.8;9;10.8
1992-09-21;11.3;9;11.3
1992-09-22;11.4;9;11.4
1992-09-23;11.7;9;11.7
1992-09-24;12.6;9;12.6
1992-09-25;12.5;9;12.5
1992-09-26;13.9;9;13.9
1992-09-27;5.9;9;5.9
1992-09-28;14.3;9;14.3
1992-09-29;11.2;9;11.2
1992-09-30;11.0;9;11.0
1992-10-01;6.2;10;6.2
1992-10-02;3.7;10;3.7
1992-10-03;11.6;10;11.6
1992-10-04;6.2;10;6.2
1992-10-05;6.4;10;6.4
1992-10-06;11.2;10;11.2
1992-10-07;9.6;10;9.6
1992-10-08;12.0;10;12.0
1992-10-09;9.2;10;9.2
1992-10-10;8.4;10;8.4
1992-10-11;12.7;10;12.7
1992-10-12;9.4;10;9.4
1992-10-13;9.3;10;9.3
1992-10-14;11.6;10;11.6
1992-10-15;11.0;10;11.0
1992-10-16;11.5;10;11.5
1992-10-17;5.4;10;5.4
1992-10-18;5.9;10;5.9
1992-10-19;3.3;10;3.3
1992-10-20;6.4;10;6.4
1992-10-21;8.5;10;8.5
1992-10-22;5.5;10;5.5
1992-10-23;5.8;10;5.8
1992-10-24;10.2;10;10.2
1992-10-25;12.9;10;12.9
1992-10-26;8.5;10;8.5
1992-10-27;9.0;10;9.0
1992-10-28;11.3;10;11.3
1992-10-29;8.7;10;8.7
1992-10-30;11.0;10;11.0
1992-10-31;5.4;10;5.4
1992-11-01;11.7;11;11.7
1992-11-02;3.6;11;3.6
1992-11-03;10.7;11;10.7
1992-11-04;5.7;11;5.7
1992-11-05;27.2;11;27.2
1992-11-06;10.3;11;10.3
1992-11-07;4.2;11;4.2
1992-11-08;3.7;11;3.7
1992-11-09;13.0;11;13.0
1992-11-10;16.4;11;16.4
1992-11-11;11.2;11;11.2
1992-11-12;12.4;11;12.4
1992-11-13;14.7;11;14.7
1992-11-14;6.9;11;6.9
1992-11-15;30.0;11;30.0
1992-11-16;15.8;11;15.8
1992-11-17;21.8;11;21.8
1992-11-18;16.4;11;16.4
1992-11-19;13.9;11;13.9
1992-11-20;13.7;11;13.7
1992-11-21;7.7;11;7.7
1992-11-22;8.7;11;8.7
1992-11-23;17.8;11;17.8
1992-11-24;16.3;11;16.3
1992-11-25;14.2;11;14.2
1992-11-26;14.3;11;14.3
1992-11-27;36.1;11;36.1
1992-11-28;44.3;11;44.3
1992-11-29;24.8;11;24.8
1992-11-30;19.8;11;19.8
1992-12-01;7.7;12;7.7
1992-12-02;27.5;12;27.5
1992-12-03;21.9;12;21.9
1992-12-04;14.4;12;14.4
1992-12-05;11.1;12;11.1
1992-12-06;15.7;12;15.7
1992-12-07;9.8;12;9.8
1992-12-08;18.1;12;18.1
1992-12-09;23.8;12;23.8
1992-12-10;24.8;12;24.8
1992-12-11;28.4;12;28.4
1992-12-12;121.5;12;121.5
1992-12-13;34.6;12;34.6
1992-12-14;16.9;12;16.9
1992-12-15;15.6;12;15.6
1992-12-16;10.9;12;10.9
1992-12-17;21.5;12;21.5
1992-12-18;10.0;12;10.0
1992-12-19;9.4;12;9.4
1992-12-20;9.0;12;9.0
1992-12-21;10.5;12;10.5
1992-12-22;9.9;12;9.9
1992-12-23;8.9;12;8.9
1992-12-24;7.8;12;7.8
1992-12-25;7.5;12;7.5
1992-12-26;7.3;12;7.3
1992-12-27;5.8;12;5.8
1992-12-28;6.7;12;6.7
1992-12-29;16.5;12;16.5
1992-12-30;12.2;12;12.2
1992-12-31;10.8;12;10.8
1993-01-01;15.23;1;15.23
1993-01-02;9.29;1;9.29
1993-01-03;15.13;1;15.13
1993-01-04;15.47;1;15.47
1993-01-05;21.34;1;21.34
1993-01-06;18.99;1;18.99
1993-01-07;39.21;1;39.21
1993-01-08;31.62;1;31.62
1993-01-09;23.36;1;23.36
1993-01-10;20.67;1;20.67
1993-01-11;17.72;1;17.72
1993-01-12;44.84;1;44.84
1993-01-13;21.77;1;21.77
1993-01-14;22.96;1;22.96
1993-01-15;31.74;1;31.74
1993-01-16;32.39;1;32.39
1993-01-17;29.38;1;29.38
1993-01-18;20.02;1;20.02
1993-01-19;20.68;1;20.68
1993-01-20;25.3;1;25.3
1993-01-21;19.57;1;19.57
1993-01-22;17.09;1;17.09
1993-01-23;17.01;1;17.01
1993-01-24;10.44;1;10.44
1993-01-25;15.35;1;15.35
1993-01-26;15.23;1;15.23
1993-01-27;15.59;1;15.59
1993-01-28;9.31;1;9.31
1993-01-29;14.89;1;14.89
1993-01-30;18.09;1;18.09
1993-01-31;9.06;1;9.06
1993-02-01;10.56;2;10.56
1993-02-02;25.05;2;25.05
1993-02-03;47.88;2;47.88
1993-02-04;23.69;2;23.69
1993-02-05;16.61;2;16.61
1993-02-06;15.69;2;15.69
1993-02-07;19.19;2;19.19
1993-02-08;12.27;2;12.27
1993-02-09;17.32;2;17.32
1993-02-10;9.93;2;9.93
1993-02-11;9.85;2;9.85
1993-02-12;9.43;2;9.43
1993-02-13;13.49;2;13.49
1993-02-14;9.65;2;9.65
1993-02-15;8.25;2;8.25
1993-02-16;9.03;2;9.03
1993-02-17;9.42;2;9.42
1993-02-18;10.25;2;10.25
1993-02-19;8.98;2;8.98
1993-02-20;8.78;2;8.78
1993-02-21;6.93;2;6.93
1993-02-22;8.83;2;8.83
1993-02-23;8.38;2;8.38
1993-02-24;12.57;2;12.57
1993-02-25;11.86;2;11.86
1993-02-26;10.87;2;10.87
1993-02-27;9.93;2;9.93
1993-02-28;13.49;2;13.49
1993-03-01;13.76;3;13.76
1993-03-02;18.1;3;18.1
1993-03-03;13.92;3;13.92
1993-03-04;15.58;3;15.58
1993-03-05;15.67;3;15.67
1993-03-06;11.16;3;11.16
1993-03-07;14.28;3;14.28
1993-03-08;13.71;3;13.71
1993-03-09;11.93;3;11.93
1993-03-10;24.12;3;24.12
1993-03-11;15.47;3;15.47
1993-03-12;19.79;3;19.79
1993-03-13;18.97;3;18.97
1993-03-14;25.33;3;25.33
1993-03-15;25.8;3;25.8
1993-03-16;19.68;3;19.68
1993-03-17;14.77;3;14.77
1993-03-18;20.29;3;20.29
1993-03-19;19.11;3;19.11
1993-03-20;14.65;3;14.65
1993-03-21;23.21;3;23.21
1993-03-22;14.88;3;14.88
1993-03-23;27.67;3;27.67
1993-03-24;18.71;3;18.71
1993-03-25;18.09;3;18.09
1993-03-26;21.51;3;21.51
1993-03-27;22.87;3;22.87
1993-03-28;24.77;3;24.77
1993-03-29;27.1;3;27.1
1993-03-30;22.89;3;22.89
1993-03-31;23.77;3;23.77
1993-04-01;17.72;4;17.72
1993-04-02;12.61;4;12.61
1993-04-03;16.84;4;16.84
1993-04-04;15.46;4;15.46
1993-04-05;12.65;4;12.65
1993-04-06;15.62;4;15.62
1993-04-07;14.06;4;14.06
1993-04-08;18.79;4;18.79
1993-04-09;11.59;4;11.59
1993-04-10;16.79;4;16.79
1993-04-11;16.95;4;16.95
1993-04-12;16.5;4;16.5
1993-04-13;22.15;4;22.15
1993-04-14;16.85;4;16.85
1993-04-15;19.59;4;19.59
1993-04-16;17.45;4;17.45
1993-04-17;23.88;4;23.88
1993-04-18;46.29;4;46.29
1993-04-19;27.05;4;27.05
1993-04-20;27.13;4;27.13
1993-04-21;30.7;4;30.7
1993-04-22;42.43;4;42.43
1993-04-23;37.33;4;37.33
1993-04-24;23.07;4;23.07
1993-04-25;25.58;4;25.58
1993-04-26;19.19;4;19.19
1993-04-27;14.09;4;14.09
1993-04-28;16.67;4;16.67
1993-04-29;18.93;4;18.93
1993-04-30;15.92;4;15.92
1993-05-01;17.45;5;17.45
1993-05-02;13.37;5;13.37
1993-05-03;22.37;5;22.37
1993-05-04;23.69;5;23.69
1993-05-05;24.85;5;24.85
1993-05-06;25.47;5;25.47
1993-05-07;20.16;5;20.16
1993-05-08;16.16;5;16.16
1993-05-09;25.37;5;25.37
1993-05-10;24.63;5;24.63
1993-05-11;18.15;5;18.15
1993-05-12;16.27;5;16.27
1993-05-13;15.92;5;15.92
1993-05-14;20.01;5;20.01
1993-05-15;15.79;5;15.79
1993-05-16;16.73;5;16.73
1993-05-17;16.73;5;16.73
1993-05-18;24.39;5;24.39
1993-05-19;28.2;5;28.2
1993-05-20;26.23;5;26.23
1993-05-21;17.25;5;17.25
1993-05-22;15.47;5;15.47
1993-05-23;10.3;5;10.3
1993-05-24;12.65;5;12.65
1993-05-25;19.53;5;19.53
1993-05-26;25.58;5;25.58
1993-05-27;23.9;5;23.9
1993-05-28;18.33;5;18.33
1993-05-29;28.03;5;28.03
1993-05-30;32.42;5;32.42
1993-05-31;22.85;5;22.85
1993-06-01;19.56;6;19.56
1993-06-02;22.16;6;22.16
1993-06-03;19.77;6;19.77
1993-06-04;16.21;6;16.21
1993-06-05;17.13;6;17.13
1993-06-06;67.7;6;67.7
1993-06-07;31.82;6;31.82
1993-06-08;17.41;6;17.41
1993-06-09;14.37;6;14.37
1993-06-10;21.21;6;21.21
1993-06-11;53.39;6;53.39
1993-06-12;56.84;6;56.84
1993-06-13;32.96;6;32.96
1993-06-14;21.45;6;21.45
1993-06-15;20.59;6;20.59
1993-06-16;18.38;6;18.38
1993-06-17;20.2;6;20.2
1993-06-18;28.71;6;28.71
1993-06-19;48.68;6;48.68
1993-06-20;62.16;6;62.16
1993-06-21;21.53;6;21.53
1993-06-22;13.51;6;13.51
1993-06-23;13.87;6;13.87
1993-06-24;21.97;6;21.97
1993-06-25;22.85;6;22.85
1993-06-26;22.88;6;22.88
1993-06-27;39.9;6;39.9
1993-06-28;25.98;6;25.98
1993-06-29;27.16;6;27.16
1993-06-30;20.4;6;20.4
1993-07-01;13.74;7;13.74
1993-07-02;14.09;7;14.09
1993-07-03;14.54;7;14.54
1993-07-04;14.16;7;14.16
1993-07-05;21.9;7;21.9
1993-07-06;24.08;7;24.08
1993-07-07;13.75;7;13.75
1993-07-08;11.8;7;11.8
1993-07-09;13.21;7;13.21
1993-07-10;26.5;7;26.5
1993-07-11;34.3;7;34.3
1993-07-12;24.99;7;24.99
1993-07-13;32.12;7;32.12
1993-07-14;77.87;7;77.87
1993-07-15;69.77;7;69.77
1993-07-16;56.24;7;56.24
1993-07-17;20.38;7;20.38
1993-07-18;16.91;7;16.91
1993-07-19;25.67;7;25.67
1993-07-20;23.31;7;23.31
1993-07-21;45.79;7;45.79
1993-07-22;27.99;7;27.99
1993-07-23;25.33;7;25.33
1993-07-24;25.33;7;25.33
1993-07-25;30.86;7;30.86
1993-07-26;25.11;7;25.11
1993-07-27;13.65;7;13.65
1993-07-28;12.52;7;12.52
1993-07-29;13.3;7;13.3
1993-07-30;30.36;7;30.36
1993-07-31;28.73;7;28.73
1993-08-01;43.61;8;43.61
1993-08-02;20.7;8;20.7
1993-08-03;13.83;8;13.83
1993-08-04;12.99;8;12.99
1993-08-05;10.87;8;10.87
1993-08-06;11.65;8;11.65
1993-08-07;12.7;8;12.7
1993-08-08;11.55;8;11.55
1993-08-09;8.97;8;8.97
1993-08-10;12.59;8;12.59
1993-08-11;18.25;8;18.25
1993-08-12;16.95;8;16.95
1993-08-13;43.63;8;43.63
1993-08-14;48.0;8;48.0
1993-08-15;18.17;8;18.17
1993-08-16;14.2;8;14.2
1993-08-17;17.13;8;17.13
1993-08-18;13.1;8;13.1
1993-08-19;17.15;8;17.15
1993-08-20;13.25;8;13.25
1993-08-21;19.63;8;19.63
1993-08-22;20.29;8;20.29
1993-08-23;18.59;8;18.59
1993-08-24;36.86;8;36.86
1993-08-25;32.15;8;32.15
1993-08-26;25.65;8;25.65
1993-08-27;22.13;8;22.13
1993-08-28;14.3;8;14.3
1993-08-29;21.05;8;21.05
1993-08-30;13.1;8;13.1
1993-08-31;12.19;8;12.19
1993-09-01;7.41;9;7.41
1993-09-02;10.72;9;10.72
1993-09-03;16.15;9;16.15
1993-09-04;17.17;9;17.17
1993-09-05;14.3;9;14.3
1993-09-06;25.26;9;25.26
1993-09-07;19.97;9;19.97
1993-09-08;14.75;9;14.75
1993-09-09;14.07;9;14.07
1993-09-10;21.1;9;21.1
1993-09-11;20.04;9;20.04
1993-09-12;14.13;9;14.13
1993-09-13;12.49;9;12.49
1993-09-14;9.82;9;9.82
1993-09-15;19.53;9;19.53
1993-09-16;20.8;9;20.8
1993-09-17;26.92;9;26.92
1993-09-18;19.06;9;19.06
1993-09-19;14.98;9;14.98
1993-09-20;11.89;9;11.89
1993-09-21;11.52;9;11.52
1993-09-22;16.19;9;16.19
1993-09-23;16.24;9;16.24
1993-09-24;8.96;9;8.96
1993-09-25;10.91;9;10.91
1993-09-26;14.88;9;14.88
1993-09-27;12.87;9;12.87
1993-09-28;8.07;9;8.07
1993-09-29;16.03;9;16.03
1993-09-30;14.19;9;14.19
1993-10-01;13.08;10;13.08
1993-10-02;11.57;10;11.57
1993-10-03;12.52;10;12.52
1993-10-04;8.59;10;8.59
1993-10-05;12.01;10;12.01
1993-10-06;9.73;10;9.73
1993-10-07;8.25;10;8.25
1993-10-08;7.27;10;7.27
1993-10-09;6.75;10;6.75
1993-10-10;6.67;10;6.67
1993-10-11;17.01;10;17.01
1993-10-12;17.19;10;17.19
1993-10-13;10.09;10;10.09
1993-10-14;12.89;10;12.89
1993-10-15;10.85;10;10.85
1993-10-16;17.74;10;17.74
1993-10-17;16.06;10;16.06
1993-10-18;23.91;10;23.91
1993-10-19;19.39;10;19.39
1993-10-20;22.73;10;22.73
1993-10-21;16.5;10;16.5
1993-10-22;17.68;10;17.68
1993-10-23;10.15;10;10.15
1993-10-24;9.06;10;9.06
1993-10-25;7.87;10;7.87
1993-10-26;7.18;10;7.18
1993-10-27;7.97;10;7.97
1993-10-28;8.38;10;8.38
1993-10-29;8.5;10;8.5
1993-10-30;7.83;10;7.83
1993-10-31;12.81;10;12.81
1993-11-01;55.83;11;55.83
1993-11-02;28.94;11;28.94
1993-11-03;14.78;11;14.78
1993-11-04;14.65;11;14.65
1993-11-05;31.17;11;31.17
1993-11-06;16.84;11;16.84
1993-11-07;18.55;11;18.55
1993-11-08;17.45;11;17.45
1993-11-09;12.11;11;12.11
1993-11-10;15.97;11;15.97
1993-11-11;16.48;11;16.48
1993-11-12;22.89;11;22.89
1993-11-13;19.17;11;19.17
1993-11-14;27.48;11;27.48
1993-11-15;20.01;11;20.01
1993-11-16;21.24;11;21.24
1993-11-17;17.83;11;17.83
1993-11-18;19.01;11;19.01
1993-11-19;14.88;11;14.88
1993-11-20;18.94;11;18.94
1993-11-21;20.77;11;20.77
1993-11-22;16.15;11;16.15
1993-11-23;17.33;11;17.33
1993-11-24;23.4;11;23.4
1993-11-25;15.67;11;15.67
1993-11-26;16.05;11;16.05
1993-11-27;15.91;11;15.91
1993-11-28;23.93;11;23.93
1993-11-29;45.4;11;45.4
1993-11-30;29.01;11;29.01
1993-12-01;32.39;12;32.39
1993-12-02;28.78;12;28.78
1993-12-03;23.23;12;23.23
1993-12-04;31.87;12;31.87
1993-12-05;19.43;12;19.43
1993-12-06;19.16;12;19.16
1993-12-07;17.7;12;17.7
1993-12-08;18.56;12;18.56
1993-12-09;18.24;12;18.24
1993-12-10;17.19;12;17.19
1993-12-11;17.84;12;17.84
1993-12-12;17.08;12;17.08
1993-12-13;20.14;12;20.14
1993-12-14;19.17;12;19.17
1993-12-15;51.1;12;51.1
1993-12-16;35.03;12;35.03
1993-12-17;29.85;12;29.85
1993-12-18;37.65;12;37.65
1993-12-19;33.67;12;33.67
1993-12-20;29.15;12;29.15
1993-12-21;20.29;12;20.29
1993-12-22;19.15;12;19.15
1993-12-23;18.75;12;18.75
1993-12-24;17.95;12;17.95
1993-12-25;11.76;12;11.76
1993-12-26;19.23;12;19.23
1993-12-27;16.6;12;16.6
1993-12-28;14.28;12;14.28
1993-12-29;35.03;12;35.03
1993-12-30;18.21;12;18.21
1993-12-31;17.72;12;17.72
1994-01-01;16.84;1;16.84
1994-01-02;16.27;1;16.27
1994-01-03;10.39;1;10.39
1994-01-04;25.1;1;25.1
1994-01-05;26.47;1;26.47
1994-01-06;22.43;1;22.43
1994-01-07;18.1;1;18.1
1994-01-08;20.57;1;20.57
1994-01-09;33.91;1;33.91
1994-01-10;30.15;1;30.15
1994-01-11;24.39;1;24.39
1994-01-12;22.76;1;22.76
1994-01-13;20.15;1;20.15
1994-01-14;23.25;1;23.25
1994-01-15;15.15;1;15.15
1994-01-16;20.13;1;20.13
1994-01-17;23.48;1;23.48
1994-01-18;27.75;1;27.75
1994-01-19;23.8;1;23.8
1994-01-20;13.97;1;13.97
1994-01-21;12.54;1;12.54
1994-01-22;17.57;1;17.57
1994-01-23;11.28;1;11.28
1994-01-24;11.12;1;11.12
1994-01-25;10.89;1;10.89
1994-01-26;10.78;1;10.78
1994-01-27;10.41;1;10.41
1994-01-28;12.04;1;12.04
1994-01-29;16.08;1;16.08
1994-01-30;12.25;1;12.25
1994-01-31;23.93;1;23.93
1994-02-01;64.87;2;64.87
1994-02-02;32.63;2;32.63
1994-02-03;24.07;2;24.07
1994-02-04;21.35;2;21.35
1994-02-05;22.07;2;22.07
1994-02-06;27.52;2;27.52
1994-02-07;17.76;2;17.76
1994-02-08;17.33;2;17.33
1994-02-09;16.95;2;16.95
1994-02-10;18.38;2;18.38
1994-02-11;14.28;2;14.28
1994-02-12;12.15;2;12.15
1994-02-13;12.82;2;12.82
1994-02-14;15.75;2;15.75
1994-02-15;14.53;2;14.53
1994-02-16;15.11;2;15.11
1994-02-17;12.65;2;12.65
1994-02-18;9.51;2;9.51
1994-02-19;14.42;2;14.42
1994-02-20;15.4;2;15.4
1994-02-21;15.4;2;15.4
1994-02-22;12.4;2;12.4
1994-02-23;14.88;2;14.88
1994-02-24;16.37;2;16.37
1994-02-25;16.29;2;16.29
1994-02-26;14.54;2;14.54
1994-02-27;13.35;2;13.35
1994-02-28;10.21;2;10.21
1994-03-01;9.74;3;9.74
1994-03-02;10.16;3;10.16
1994-03-03;31.74;3;31.74
1994-03-04;37.0;3;37.0
1994-03-05;29.82;3;29.82
1994-03-06;16.0;3;16.0
1994-03-07;18.47;3;18.47
1994-03-08;19.45;3;19.45
1994-03-09;18.1;3;18.1
1994-03-10;18.4;3;18.4
1994-03-11;12.73;3;12.73
1994-03-12;15.53;3;15.53
1994-03-13;16.05;3;16.05
1994-03-14;19.36;3;19.36
1994-03-15;19.57;3;19.57
1994-03-16;16.79;3;16.79
1994-03-17;13.68;3;13.68
1994-03-18;11.87;3;11.87
1994-03-19;16.26;3;16.26
1994-03-20;15.16;3;15.16
1994-03-21;13.9;3;13.9
1994-03-22;11.65;3;11.65
1994-03-23;12.93;3;12.93
1994-03-24;15.67;3;15.67
1994-03-25;16.27;3;16.27
1994-03-26;10.27;3;10.27
1994-03-27;10.05;3;10.05
1994-03-28;15.8;3;15.8
1994-03-29;12.2;3;12.2
1994-03-30;11.51;3;11.51
1994-03-31;23.61;3;23.61
1994-04-01;32.67;4;32.67
1994-04-02;65.11;4;65.11
1994-04-03;42.69;4;42.69
1994-04-04;32.85;4;32.85
1994-04-05;23.31;4;23.31
1994-04-06;24.12;4;24.12
1994-04-07;27.21;4;27.21
1994-04-08;23.4;4;23.4
1994-04-09;20.13;4;20.13
1994-04-10;22.22;4;22.22
1994-04-11;20.4;4;20.4
1994-04-12;20.93;4;20.93
1994-04-13;16.79;4;16.79
1994-04-14;18.29;4;18.29
1994-04-15;19.02;4;19.02
1994-04-16;17.72;4;17.72
1994-04-17;12.03;4;12.03
1994-04-18;17.82;4;17.82
1994-04-19;12.29;4;12.29
1994-04-20;17.32;4;17.32
1994-04-21;19.17;4;19.17
1994-04-22;16.38;4;16.38
1994-04-23;11.24;4;11.24
1994-04-24;28.06;4;28.06
1994-04-25;24.08;4;24.08
1994-04-26;16.54;4;16.54
1994-04-27;15.74;4;15.74
1994-04-28;16.27;4;16.27
1994-04-29;19.1;4;19.1
1994-04-30;43.4;4;43.4
1994-05-01;37.2;5;37.2
1994-05-02;16.5;5;16.5
1994-05-03;14.9;5;14.9
1994-05-04;20.7;5;20.7
1994-05-05;31.15;5;31.15
1994-05-06;45.5;5;45.5
1994-05-07;50.6;5;50.6
1994-05-08;16.44;5;16.44
1994-05-09;18.99;5;18.99
1994-05-10;19.2;5;19.2
1994-05-11;25.9;5;25.9
1994-05-12;13.42;5;13.42
1994-05-13;12.84;5;12.84
1994-05-14;17.7;5;17.7
1994-05-15;13.22;5;13.22
1994-05-16;19.85;5;19.85
1994-05-17;16.9;5;16.9
1994-05-18;19.2;5;19.2
1994-05-19;27.3;5;27.3
1994-05-20;26.85;5;26.85
1994-05-21;15.2;5;15.2
1994-05-22;16.7;5;16.7
1994-05-23;19.9;5;19.9
1994-05-24;17.4;5;17.4
1994-05-25;19.7;5;19.7
1994-05-26;48.38;5;48.38
1994-05-27;16.19;5;16.19
1994-05-28;26.14;5;26.14
1994-05-29;12.68;5;12.68
1994-05-30;9.2;5;9.2
1994-05-31;9.73;5;9.73
1994-06-01;19.44;6;19.44
1994-06-02;40.25;6;40.25
1994-06-03;44.1;6;44.1
1994-06-04;34.3;6;34.3
1994-06-05;16.82;6;16.82
1994-06-06;12.7;6;12.7
1994-06-07;9.4;6;9.4
1994-06-08;27.4;6;27.4
1994-06-09;32.28;6;32.28
1994-06-10;59.6;6;59.6
1994-06-11;28.87;6;28.87
1994-06-12;32.26;6;32.26
1994-06-13;15.97;6;15.97
1994-06-14;16.5;6;16.5
1994-06-15;30.19;6;30.19
1994-06-16;51.11;6;51.11
1994-06-17;20.27;6;20.27
1994-06-18;13.68;6;13.68
1994-06-19;23.09;6;23.09
1994-06-20;15.5;6;15.5
1994-06-21;11.8;6;11.8
1994-06-22;35.95;6;35.95
1994-06-23;11.0;6;11.0
1994-06-24;8.4;6;8.4
1994-06-25;9.13;6;9.13
1994-06-26;21.86;6;21.86
1994-06-27;41.2;6;41.2
1994-06-28;34.21;6;34.21
1994-06-29;27.43;6;27.43
1994-06-30;21.81;6;21.81
1994-07-01;-999.000;7;18.3
1994-07-02;-999.000;7;28.8
1994-07-03;-999.000;7;10.9
1994-07-04;-999.000;7;5.12
1994-07-05;-999.000;7;17.4
1994-07-06;-999.000;7;16.77
1994-07-07;-999.000;7;60.57
1994-07-08;-999.000;7;170.5
1994-07-09;-999.000;7;52.0
1994-07-10;-999.000;7;52.9
1994-07-11;-999.000;7;30.8
1994-07-12;-999.000;7;114.7
1994-07-13;-999.000;7;24.7
1994-07-14;-999.000;7;20.43
1994-07-15;-999.000;7;22.01
1994-07-16;-999.000;7;14.47
1994-07-17;-999.000;7;22.5
1994-07-18;-999.000;7;13.35
1994-07-19;-999.000;7;27.99
1994-07-20;-999.000;7;121.0
1994-07-21;-999.000;7;7.63
1994-07-22;-999.000;7;18.6
1994-07-23;-999.000;7;15.4
1994-07-24;-999.000;7;22.72
1994-07-25;-999.000;7;16.67
1994-07-26;-999.000;7;24.32
1994-07-27;-999.000;7;16.43
1994-07-28;-999.000;7;17.71
1994-07-29;-999.000;7;12.48
1994-07-30;-999.000;7;20.3
1994-07-31;-999.000;7;98.4
1994-08-01;28.69;8;28.69
1994-08-02;12.8;8;12.8
1994-08-03;12.2;8;12.2
1994-08-04;24.85;8;24.85
1994-08-05;25.75;8;25.75
1994-08-06;26.67;8;26.67
1994-08-07;32.98;8;32.98
1994-08-08;22.95;8;22.95
1994-08-09;6.84;8;6.84
1994-08-10;5.52;8;5.52
1994-08-11;7.33;8;7.33
1994-08-12;64.75;8;64.75
1994-08-13;44.6;8;44.6
1994-08-14;25.75;8;25.75
1994-08-15;23.5;8;23.5
1994-08-16;45.09;8;45.09
1994-08-17;17.94;8;17.94
1994-08-18;22.44;8;22.44
1994-08-19;12.6;8;12.6
1994-08-20;43.9;8;43.9
1994-08-21;76.84;8;76.84
1994-08-22;47.21;8;47.21
1994-08-23;52.13;8;52.13
1994-08-24;36.47;8;36.47
1994-08-25;25.93;8;25.93
1994-08-26;24.09;8;24.09
1994-08-27;6.33;8;6.33
1994-08-28;6.99;8;6.99
1994-08-29;5.65;8;5.65
1994-08-30;11.8;8;11.8
1994-08-31;9.7;8;9.7
1994-09-01;5.35;9;5.35
1994-09-02;5.2;9;5.2
1994-09-03;5.35;9;5.35
1994-09-04;8.92;9;8.92
1994-09-05;34.88;9;34.88
1994-09-06;8.15;9;8.15
1994-09-07;5.05;9;5.05
1994-09-08;4.75;9;4.75
1994-09-09;4.75;9;4.75
1994-09-10;5.2;9;5.2
1994-09-11;4.75;9;4.75
1994-09-12;4.3;9;4.3
1994-09-13;4.19;9;4.19
1994-09-14;4.19;9;4.19
1994-09-15;4.25;9;4.25
1994-09-16;4.53;9;4.53
1994-09-17;10.53;9;10.53
1994-09-18;4.45;9;4.45
1994-09-19;8.0;9;8.0
1994-09-20;11.6;9;11.6
1994-09-21;4.9;9;4.9
1994-09-22;5.39;9;5.39
1994-09-23;4.9;9;4.9
1994-09-24;9.71;9;9.71
1994-09-25;17.52;9;17.52
1994-09-26;15.41;9;15.41
1994-09-27;19.26;9;19.26
1994-09-28;38.95;9;38.95
1994-09-29;20.13;9;20.13
1994-09-30;14.4;9;14.4
1994-10-01;7.7;10;7.7
1994-10-02;10.8;10;10.8
1994-10-03;10.3;10;10.3
1994-10-04;9.7;10;9.7
1994-10-05;6.3;10;6.3
1994-10-06;6.14;10;6.14
1994-10-07;6.84;10;6.84
1994-10-08;26.85;10;26.85
1994-10-09;20.62;10;20.62
1994-10-10;9.26;10;9.26
1994-10-11;8.18;10;8.18
1994-10-12;10.52;10;10.52
1994-10-13;8.86;10;8.86
1994-10-14;10.14;10;10.14
1994-10-15;7.33;10;7.33
1994-10-16;11.3;10;11.3
1994-10-17;8.7;10;8.7
1994-10-18;21.88;10;21.88
1994-10-19;25.97;10;25.97
1994-10-20;28.25;10;28.25
1994-10-21;14.64;10;14.64
1994-10-22;11.98;10;11.98
1994-10-23;43.22;10;43.22
1994-10-24;65.16;10;65.16
1994-10-25;23.87;10;23.87
1994-10-26;17.07;10;17.07
1994-10-27;12.04;10;12.04
1994-10-28;10.34;10;10.34
1994-10-29;8.52;10;8.52
1994-10-30;18.65;10;18.65
1994-10-31;12.99;10;12.99
1994-11-01;8.52;11;8.52
1994-11-02;10.77;11;10.77
1994-11-03;10.68;11;10.68
1994-11-04;9.46;11;9.46
1994-11-05;20.1;11;20.1
1994-11-06;23.5;11;23.5
1994-11-07;23.5;11;23.5
1994-11-08;12.67;11;12.67
1994-11-09;18.07;11;18.07
1994-11-10;10.15;11;10.15
1994-11-11;9.69;11;9.69
1994-11-12;17.7;11;17.7
1994-11-13;14.35;11;14.35
1994-11-14;14.04;11;14.04
1994-11-15;12.04;11;12.04
1994-11-16;11.54;11;11.54
1994-11-17;11.73;11;11.73
1994-11-18;12.6;11;12.6
1994-11-19;22.79;11;22.79
1994-11-20;21.48;11;21.48
1994-11-21;33.11;11;33.11
1994-11-22;32.58;11;32.58
1994-11-23;25.77;11;25.77
1994-11-24;18.18;11;18.18
1994-11-25;24.0;11;24.0
1994-11-26;30.0;11;30.0
1994-11-27;34.47;11;34.47
1994-11-28;49.24;11;49.24
1994-11-29;46.85;11;46.85
1994-11-30;29.12;11;29.12
1994-12-01;21.6;12;21.6
1994-12-02;23.0;12;23.0
1994-12-03;12.99;12;12.99
1994-12-04;14.25;12;14.25
1994-12-05;11.73;12;11.73
1994-12-06;11.03;12;11.03
1994-12-07;9.96;12;9.96
1994-12-08;37.18;12;37.18
1994-12-09;25.83;12;25.83
1994-12-10;15.22;12;15.22
1994-12-11;41.2;12;41.2
1994-12-12;31.46;12;31.46
1994-12-13;12.8;12;12.8
1994-12-14;15.41;12;15.41
1994-12-15;18.36;12;18.36
1994-12-16;6.41;12;6.41
1994-12-17;9.81;12;9.81
1994-12-18;7.67;12;7.67
1994-12-19;7.33;12;7.33
1994-12-20;7.76;12;7.76
1994-12-21;10.52;12;10.52
1994-12-22;29.93;12;29.93
1994-12-23;11.96;12;11.96
1994-12-24;37.72;12;37.72
1994-12-25;68.2;12;68.2
1994-12-26;27.71;12;27.71
1994-12-27;23.52;12;23.52
1994-12-28;19.98;12;19.98
1994-12-29;19.42;12;19.42
1994-12-30;20.28;12;20.28
1994-12-31;12.15;12;12.15
1995-01-01;12.97;1;12.97
1995-01-02;10.15;1;10.15
1995-01-03;9.11;1;9.11
1995-01-04;10.69;1;10.69
1995-01-05;8.69;1;8.69
1995-01-06;8.35;1;8.35
1995-01-07;7.84;1;7.84
1995-01-08;8.26;1;8.26
1995-01-09;8.52;1;8.52
1995-01-10;9.02;1;9.02
1995-01-11;8.09;1;8.09
1995-01-12;9.39;1;9.39
1995-01-13;15.73;1;15.73
1995-01-14;8.27;1;8.27
1995-01-15;8.8;1;8.8
1995-01-16;7.33;1;7.33
1995-01-17;7.07;1;7.07
1995-01-18;7.16;1;7.16
1995-01-19;6.48;1;6.48
1995-01-20;6.31;1;6.31
1995-01-21;10.31;1;10.31
1995-01-22;20.04;1;20.04
1995-01-23;13.86;1;13.86
1995-01-24;14.55;1;14.55
1995-01-25;11.63;1;11.63
1995-01-26;9.03;1;9.03
1995-01-27;6.16;1;6.16
1995-01-28;6.57;1;6.57
1995-01-29;5.84;1;5.84
1995-01-30;5.5;1;5.5
1995-01-31;5.99;1;5.99
1995-02-01;5.97;2;5.97
1995-02-02;5.82;2;5.82
1995-02-03;5.73;2;5.73
1995-02-04;5.97;2;5.97
1995-02-05;5.73;2;5.73
1995-02-06;6.31;2;6.31
1995-02-07;5.8;2;5.8
1995-02-08;5.5;2;5.5
1995-02-09;5.05;2;5.05
1995-02-10;5.8;2;5.8
1995-02-11;5.13;2;5.13
1995-02-12;4.9;2;4.9
1995-02-13;5.77;2;5.77
1995-02-14;5.05;2;5.05
1995-02-15;5.52;2;5.52
1995-02-16;4.98;2;4.98
1995-02-17;5.36;2;5.36
1995-02-18;5.22;2;5.22
1995-02-19;4.98;2;4.98
1995-02-20;5.43;2;5.43
1995-02-21;14.92;2;14.92
1995-02-22;32.69;2;32.69
1995-02-23;8.69;2;8.69
1995-02-24;6.31;2;6.31
1995-02-25;10.86;2;10.86
1995-02-26;9.2;2;9.2
1995-02-27;8.64;2;8.64
1995-02-28;8.03;2;8.03
1995-03-01;6.31;3;6.31
1995-03-02;5.97;3;5.97
1995-03-03;8.39;3;8.39
1995-03-04;13.33;3;13.33
1995-03-05;18.29;3;18.29
1995-03-06;13.53;3;13.53
1995-03-07;10.03;3;10.03
1995-03-08;15.01;3;15.01
1995-03-09;17.32;3;17.32
1995-03-10;15.96;3;15.96
1995-03-11;25.97;3;25.97
1995-03-12;24.06;3;24.06
1995-03-13;54.93;3;54.93
1995-03-14;21.18;3;21.18
1995-03-15;19.25;3;19.25
1995-03-16;8.35;3;8.35
1995-03-17;7.33;3;7.33
1995-03-18;6.91;3;6.91
1995-03-19;6.99;3;6.99
1995-03-20;10.31;3;10.31
1995-03-21;7.93;3;7.93
1995-03-22;8.44;3;8.44
1995-03-23;12.86;3;12.86
1995-03-24;9.03;3;9.03
1995-03-25;14.99;3;14.99
1995-03-26;13.41;3;13.41
1995-03-27;7.67;3;7.67
1995-03-28;7.67;3;7.67
1995-03-29;6.57;3;6.57
1995-03-30;6.57;3;6.57
1995-03-31;6.23;3;6.23
1995-04-01;6.82;4;6.82
1995-04-02;6.31;4;6.31
1995-04-03;7.07;4;7.07
1995-04-04;5.97;4;5.97
1995-04-05;5.67;4;5.67
1995-04-06;5.9;4;5.9
1995-04-07;8.42;4;8.42
1995-04-08;6.78;4;6.78
1995-04-09;5.97;4;5.97
1995-04-10;6.74;4;6.74
1995-04-11;6.48;4;6.48
1995-04-12;10.22;4;10.22
1995-04-13;6.82;4;6.82
1995-04-14;15.25;4;15.25
1995-04-15;14.94;4;14.94
1995-04-16;18.7;4;18.7
1995-04-17;24.66;4;24.66
1995-04-18;31.35;4;31.35
1995-04-19;45.5;4;45.5
1995-04-20;28.6;4;28.6
1995-04-21;33.28;4;33.28
1995-04-22;47.78;4;47.78
1995-04-23;30.35;4;30.35
1995-04-24;22.38;4;22.38
1995-04-25;27.9;4;27.9
1995-04-26;25.11;4;25.11
1995-04-27;23.41;4;23.41
1995-04-28;21.38;4;21.38
1995-04-29;18.12;4;18.12
1995-04-30;17.88;4;17.88
1995-05-01;17.29;5;17.29
1995-05-02;18.77;5;18.77
1995-05-03;17.19;5;17.19
1995-05-04;11.47;5;11.47
1995-05-05;11.59;5;11.59
1995-05-06;12.1;5;12.1
1995-05-07;20.2;5;20.2
1995-05-08;25.77;5;25.77
1995-05-09;15.82;5;15.82
1995-05-10;17.72;5;17.72
1995-05-11;18.12;5;18.12
1995-05-12;16.32;5;16.32
1995-05-13;29.92;5;29.92
1995-05-14;28.95;5;28.95
1995-05-15;28.25;5;28.25
1995-05-16;26.25;5;26.25
1995-05-17;16.03;5;16.03
1995-05-18;12.95;5;12.95
1995-05-19;19.19;5;19.19
1995-05-20;16.61;5;16.61
1995-05-21;17.55;5;17.55
1995-05-22;15.17;5;15.17
1995-05-23;11.77;5;11.77
1995-05-24;9.65;5;9.65
1995-05-25;15.27;5;15.27
1995-05-26;10.34;5;10.34
1995-05-27;15.34;5;15.34
1995-05-28;12.65;5;12.65
1995-05-29;8.61;5;8.61
1995-05-30;12.2;5;12.2
1995-05-31;13.41;5;13.41
1995-06-01;13.32;6;13.32
1995-06-02;9.0;6;9.0
1995-06-03;11.27;6;11.27
1995-06-04;9.69;6;9.69
1995-06-05;11.92;6;11.92
1995-06-06;8.73;6;8.73
1995-06-07;8.86;6;8.86
1995-06-08;18.7;6;18.7
1995-06-09;13.32;6;13.32
1995-06-10;8.92;6;8.92
1995-06-11;7.59;6;7.59
1995-06-12;8.28;6;8.28
1995-06-13;11.79;6;11.79
1995-06-14;10.39;6;10.39
1995-06-15;11.54;6;11.54
1995-06-16;8.12;6;8.12
1995-06-17;6.48;6;6.48
1995-06-18;13.12;6;13.12
1995-06-19;26.41;6;26.41
1995-06-20;31.38;6;31.38
1995-06-21;20.71;6;20.71
1995-06-22;24.76;6;24.76
1995-06-23;20.48;6;20.48
1995-06-24;14.51;6;14.51
1995-06-25;15.83;6;15.83
1995-06-26;14.56;6;14.56
1995-06-27;13.53;6;13.53
1995-06-28;13.25;6;13.25
1995-06-29;15.11;6;15.11
1995-06-30;32.63;6;32.63
1995-07-01;23.7;7;23.7
1995-07-02;21.9;7;21.9
1995-07-03;15.45;7;15.45
1995-07-04;31.23;7;31.23
1995-07-05;22.93;7;22.93
1995-07-06;17.15;7;17.15
1995-07-07;19.8;7;19.8
1995-07-08;15.7;7;15.7
1995-07-09;14.12;7;14.12
1995-07-10;14.58;7;14.58
1995-07-11;14.33;7;14.33
1995-07-12;16.35;7;16.35
1995-07-13;12.83;7;12.83
1995-07-14;10.11;7;10.11
1995-07-15;10.07;7;10.07
1995-07-16;15.62;7;15.62
1995-07-17;31.07;7;31.07
1995-07-18;17.54;7;17.54
1995-07-19;10.18;7;10.18
1995-07-20;14.85;7;14.85
1995-07-21;23.4;7;23.4
1995-07-22;31.26;7;31.26
1995-07-23;15.57;7;15.57
1995-07-24;13.51;7;13.51
1995-07-25;19.97;7;19.97
1995-07-26;12.32;7;12.32
1995-07-27;12.35;7;12.35
1995-07-28;11.76;7;11.76
1995-07-29;18.03;7;18.03
1995-07-30;12.76;7;12.76
1995-07-31;9.94;7;9.94
1995-08-01;6.57;8;6.57
1995-08-02;5.43;8;5.43
1995-08-03;6.09;8;6.09
1995-08-04;8.0;8;8.0
1995-08-05;5.65;8;5.65
1995-08-06;6.16;8;6.16
1995-08-07;9.79;8;9.79
1995-08-08;15.81;8;15.81
1995-08-09;16.65;8;16.65
1995-08-10;13.67;8;13.67
1995-08-11;5.94;8;5.94
1995-08-12;11.43;8;11.43
1995-08-13;8.12;8;8.12
1995-08-14;8.45;8;8.45
1995-08-15;5.93;8;5.93
1995-08-16;5.28;8;5.28
1995-08-17;5.67;8;5.67
1995-08-18;5.29;8;5.29
1995-08-19;10.34;8;10.34
1995-08-20;15.34;8;15.34
1995-08-21;15.66;8;15.66
1995-08-22;8.57;8;8.57
1995-08-23;8.53;8;8.53
1995-08-24;5.65;8;5.65
1995-08-25;7.69;8;7.69
1995-08-26;6.51;8;6.51
1995-08-27;5.45;8;5.45
1995-08-28;5.88;8;5.88
1995-08-29;4.83;8;4.83
1995-08-30;5.8;8;5.8
1995-08-31;5.89;8;5.89
1995-09-01;4.65;9;4.65
1995-09-02;9.75;9;9.75
1995-09-03;11.78;9;11.78
1995-09-04;9.71;9;9.71
1995-09-05;9.11;9;9.11
1995-09-06;9.33;9;9.33
1995-09-07;8.63;9;8.63
1995-09-08;5.77;9;5.77
1995-09-09;5.9;9;5.9
1995-09-10;6.58;9;6.58
1995-09-11;12.0;9;12.0
1995-09-12;15.15;9;15.15
1995-09-13;12.32;9;12.32
1995-09-14;14.45;9;14.45
1995-09-15;13.63;9;13.63
1995-09-16;12.51;9;12.51
1995-09-17;12.53;9;12.53
1995-09-18;7.19;9;7.19
1995-09-19;5.05;9;5.05
1995-09-20;5.54;9;5.54
1995-09-21;9.95;9;9.95
1995-09-22;9.6;9;9.6
1995-09-23;9.81;9;9.81
1995-09-24;7.34;9;7.34
1995-09-25;5.36;9;5.36
1995-09-26;8.71;9;8.71
1995-09-27;12.86;9;12.86
1995-09-28;6.31;9;6.31
1995-09-29;5.45;9;5.45
1995-09-30;26.18;9;26.18
1995-10-01;28.77;10;28.77
1995-10-02;15.54;10;15.54
1995-10-03;10.72;10;10.72
1995-10-04;8.3;10;8.3
1995-10-05;6.02;10;6.02
1995-10-06;5.11;10;5.11
1995-10-07;5.34;10;5.34
1995-10-08;17.6;10;17.6
1995-10-09;24.42;10;24.42
1995-10-10;19.56;10;19.56
1995-10-11;27.33;10;27.33
1995-10-12;15.22;10;15.22
1995-10-13;17.63;10;17.63
1995-10-14;10.44;10;10.44
1995-10-15;10.14;10;10.14
1995-10-16;7.84;10;7.84
1995-10-17;12.76;10;12.76
1995-10-18;10.59;10;10.59
1995-10-19;8.94;10;8.94
1995-10-20;7.76;10;7.76
1995-10-21;8.35;10;8.35
1995-10-22;11.9;10;11.9
1995-10-23;7.16;10;7.16
1995-10-24;6.99;10;6.99
1995-10-25;9.13;10;9.13
1995-10-26;7.33;10;7.33
1995-10-27;6.31;10;6.31
1995-10-28;8.01;10;8.01
1995-10-29;7.16;10;7.16
1995-10-30;7.67;10;7.67
1995-10-31;8.49;10;8.49
1995-11-01;8.35;11;8.35
1995-11-02;7.5;11;7.5
1995-11-03;7.33;11;7.33
1995-11-04;20.9;11;20.9
1995-11-05;7.76;11;7.76
1995-11-06;8.18;11;8.18
1995-11-07;7.84;11;7.84
1995-11-08;9.51;11;9.51
1995-11-09;9.96;11;9.96
1995-11-10;11.4;11;11.4
1995-11-11;8.86;11;8.86
1995-11-12;26.31;11;26.31
1995-11-13;13.2;11;13.2
1995-11-14;12.6;11;12.6
1995-11-15;12.25;11;12.25
1995-11-16;9.26;11;9.26
1995-11-17;8.35;11;8.35
1995-11-18;8.01;11;8.01
1995-11-19;9.05;11;9.05
1995-11-20;9.03;11;9.03
1995-11-21;10.53;11;10.53
1995-11-22;13.72;11;13.72
1995-11-23;11.24;11;11.24
1995-11-24;10.06;11;10.06
1995-11-25;17.42;11;17.42
1995-11-26;14.88;11;14.88
1995-11-27;8.44;11;8.44
1995-11-28;9.09;11;9.09
1995-11-29;7.92;11;7.92
1995-11-30;8.35;11;8.35
1995-12-01;8.52;12;8.52
1995-12-02;7.16;12;7.16
1995-12-03;8.26;12;8.26
1995-12-04;14.42;12;14.42
1995-12-05;10.72;12;10.72
1995-12-06;10.73;12;10.73
1995-12-07;15.88;12;15.88
1995-12-08;12.78;12;12.78
1995-12-09;10.82;12;10.82
1995-12-10;18.37;12;18.37
1995-12-11;19.6;12;19.6
1995-12-12;27.68;12;27.68
1995-12-13;19.13;12;19.13
1995-12-14;26.83;12;26.83
1995-12-15;25.15;12;25.15
1995-12-16;16.38;12;16.38
1995-12-17;19.68;12;19.68
1995-12-18;13.09;12;13.09
1995-12-19;11.73;12;11.73
1995-12-20;11.22;12;11.22
1995-12-21;14.59;12;14.59
1995-12-22;11.52;12;11.52
1995-12-23;10.34;12;10.34
1995-12-24;11.89;12;11.89
1995-12-25;13.06;12;13.06
1995-12-26;9.41;12;9.41
1995-12-27;9.39;12;9.39
1995-12-28;16.33;12;16.33
1995-12-29;14.74;12;14.74
1995-12-30;9.03;12;9.03
1995-12-31;10.06;12;10.06
1996-01-01;14.8;1;14.8
1996-01-02;14.0;1;14.0
1996-01-03;14.5;1;14.5
1996-01-04;15.0;1;15.0
1996-01-05;12.9;1;12.9
1996-01-06;12.3;1;12.3
1996-01-07;12.5;1;12.5
1996-01-08;10.5;1;10.5
1996-01-09;10.4;1;10.4
1996-01-10;10.4;1;10.4
1996-01-11;10.2;1;10.2
1996-01-12;10.8;1;10.8
1996-01-13;16.0;1;16.0
1996-01-14;14.3;1;14.3
1996-01-15;11.5;1;11.5
1996-01-16;11.7;1;11.7
1996-01-17;14.7;1;14.7
1996-01-18;14.1;1;14.1
1996-01-19;12.2;1;12.2
1996-01-20;33.1;1;33.1
1996-01-21;58.0;1;58.0
1996-01-22;41.1;1;41.1
1996-01-23;21.5;1;21.5
1996-01-24;28.6;1;28.6
1996-01-25;31.3;1;31.3
1996-01-26;37.6;1;37.6
1996-01-27;25.5;1;25.5
1996-01-28;24.3;1;24.3
1996-01-29;42.0;1;42.0
1996-01-30;43.4;1;43.4
1996-01-31;32.3;1;32.3
1996-02-01;22.7;2;22.7
1996-02-02;15.5;2;15.5
1996-02-03;41.4;2;41.4
1996-02-04;25.2;2;25.2
1996-02-05;72.5;2;72.5
1996-02-06;40.1;2;40.1
1996-02-07;46.3;2;46.3
1996-02-08;27.6;2;27.6
1996-02-09;32.6;2;32.6
1996-02-10;27.7;2;27.7
1996-02-11;25.1;2;25.1
1996-02-12;20.1;2;20.1
1996-02-13;27.2;2;27.2
1996-02-14;32.1;2;32.1
1996-02-15;29.6;2;29.6
1996-02-16;21.9;2;21.9
1996-02-17;22.0;2;22.0
1996-02-18;18.7;2;18.7
1996-02-19;21.2;2;21.2
1996-02-20;17.8;2;17.8
1996-02-21;20.6;2;20.6
1996-02-22;22.7;2;22.7
1996-02-23;33.8;2;33.8
1996-02-24;20.9;2;20.9
1996-02-25;20.7;2;20.7
1996-02-26;13.3;2;13.3
1996-02-27;10.4;2;10.4
1996-02-28;13.8;2;13.8
1996-02-29;11.4;2;11.4
1996-03-01;20.7;3;20.7
1996-03-02;14.5;3;14.5
1996-03-03;13.1;3;13.1
1996-03-04;10.9;3;10.9
1996-03-05;45.5;3;45.5
1996-03-06;42.6;3;42.6
1996-03-07;47.4;3;47.4
1996-03-08;58.2;3;58.2
1996-03-09;41.4;3;41.4
1996-03-10;32.7;3;32.7
1996-03-11;36.6;3;36.6
1996-03-12;31.8;3;31.8
1996-03-13;25.6;3;25.6
1996-03-14;97.2;3;97.2
1996-03-15;38.9;3;38.9
1996-03-16;48.0;3;48.0
1996-03-17;80.4;3;80.4
1996-03-18;29.6;3;29.6
1996-03-19;36.7;3;36.7
1996-03-20;32.9;3;32.9
1996-03-21;21.7;3;21.7
1996-03-22;27.8;3;27.8
1996-03-23;28.2;3;28.2
1996-03-24;25.1;3;25.1
1996-03-25;28.4;3;28.4
1996-03-26;21.9;3;21.9
1996-03-27;13.2;3;13.2
1996-03-28;12.5;3;12.5
1996-03-29;12.2;3;12.2
1996-03-30;12.1;3;12.1
1996-03-31;24.4;3;24.4
1996-04-01;16.3;4;16.3
1996-04-02;10.6;4;10.6
1996-04-03;19.7;4;19.7
1996-04-04;11.8;4;11.8
1996-04-05;10.5;4;10.5
1996-04-06;10.8;4;10.8
1996-04-07;11.4;4;11.4
1996-04-08;14.8;4;14.8
1996-04-09;10.8;4;10.8
1996-04-10;32.6;4;32.6
1996-04-11;18.6;4;18.6
1996-04-12;19.9;4;19.9
1996-04-13;26.7;4;26.7
1996-04-14;23.6;4;23.6
1996-04-15;12.1;4;12.1
1996-04-16;28.5;4;28.5
1996-04-17;46.0;4;46.0
1996-04-18;33.7;4;33.7
1996-04-19;26.8;4;26.8
1996-04-20;24.9;4;24.9
1996-04-21;21.3;4;21.3
1996-04-22;31.4;4;31.4
1996-04-23;18.5;4;18.5
1996-04-24;18.1;4;18.1
1996-04-25;27.3;4;27.3
1996-04-26;12.9;4;12.9
1996-04-27;12.5;4;12.5
1996-04-28;22.3;4;22.3
1996-04-29;21.5;4;21.5
1996-04-30;17.9;4;17.9
1996-05-01;25.4;5;25.4
1996-05-02;18.9;5;18.9
1996-05-03;11.0;5;11.0
1996-05-04;11.1;5;11.1
1996-05-05;10.6;5;10.6
1996-05-06;9.9;5;9.9
1996-05-07;10.2;5;10.2
1996-05-08;9.8;5;9.8
1996-05-09;9.7;5;9.7
1996-05-10;9.3;5;9.3
1996-05-11;19.4;5;19.4
1996-05-12;20.8;5;20.8
1996-05-13;20.4;5;20.4
1996-05-14;29.3;5;29.3
1996-05-15;18.6;5;18.6
1996-05-16;24.3;5;24.3
1996-05-17;24.5;5;24.5
1996-05-18;22.3;5;22.3
1996-05-19;22.6;5;22.6
1996-05-20;27.9;5;27.9
1996-05-21;31.7;5;31.7
1996-05-22;38.0;5;38.0
1996-05-23;28.2;5;28.2
1996-05-24;34.0;5;34.0
1996-05-25;22.2;5;22.2
1996-05-26;15.2;5;15.2
1996-05-27;13.7;5;13.7
1996-05-28;13.7;5;13.7
1996-05-29;9.3;5;9.3
1996-05-30;9.2;5;9.2
1996-05-31;18.2;5;18.2
1996-06-01;13.7;6;13.7
1996-06-02;21.0;6;21.0
1996-06-03;18.3;6;18.3
1996-06-04;9.3;6;9.3
1996-06-05;26.4;6;26.4
1996-06-06;15.5;6;15.5
1996-06-07;8.0;6;8.0
1996-06-08;19.9;6;19.9
1996-06-09;29.8;6;29.8
1996-06-10;37.9;6;37.9
1996-06-11;29.4;6;29.4
1996-06-12;15.8;6;15.8
1996-06-13;17.6;6;17.6
1996-06-14;16.4;6;16.4
1996-06-15;16.7;6;16.7
1996-06-16;19.8;6;19.8
1996-06-17;29.8;6;29.8
1996-06-18;12.0;6;12.0
1996-06-19;17.2;6;17.2
1996-06-20;10.9;6;10.9
1996-06-21;7.8;6;7.8
1996-06-22;7.7;6;7.7
1996-06-23;31.0;6;31.0
1996-06-24;25.3;6;25.3
1996-06-25;26.8;6;26.8
1996-06-26;17.2;6;17.2
1996-06-27;15.6;6;15.6
1996-06-28;21.9;6;21.9
1996-06-29;21.8;6;21.8
1996-06-30;21.0;6;21.0
1996-07-01;22.4;7;22.4
1996-07-02;31.7;7;31.7
1996-07-03;8.7;7;8.7
1996-07-04;10.0;7;10.0
1996-07-05;17.6;7;17.6
1996-07-06;27.3;7;27.3
1996-07-07;18.6;7;18.6
1996-07-08;16.3;7;16.3
1996-07-09;8.1;7;8.1
1996-07-10;10.9;7;10.9
1996-07-11;7.2;7;7.2
1996-07-12;39.3;7;39.3
1996-07-13;31.3;7;31.3
1996-07-14;21.7;7;21.7
1996-07-15;7.2;7;7.2
1996-07-16;52.3;7;52.3
1996-07-17;114.7;7;114.7
1996-07-18;49.6;7;49.6
1996-07-19;49.6;7;49.6
1996-07-20;85.2;7;85.2
1996-07-21;69.7;7;69.7
1996-07-22;52.9;7;52.9
1996-07-23;37.3;7;37.3
1996-07-24;21.4;7;21.4
1996-07-25;16.5;7;16.5
1996-07-26;9.6;7;9.6
1996-07-27;14.7;7;14.7
1996-07-28;12.4;7;12.4
1996-07-29;7.2;7;7.2
1996-07-30;37.8;7;37.8
1996-07-31;50.2;7;50.2
1996-08-01;34.6;8;34.6
1996-08-02;28.9;8;28.9
1996-08-03;14.5;8;14.5
1996-08-04;12.4;8;12.4
1996-08-05;13.0;8;13.0
1996-08-06;14.7;8;14.7
1996-08-07;35.9;8;35.9
1996-08-08;28.9;8;28.9
1996-08-09;15.9;8;15.9
1996-08-10;17.7;8;17.7
1996-08-11;24.9;8;24.9
1996-08-12;15.5;8;15.5
1996-08-13;7.3;8;7.3
1996-08-14;10.1;8;10.1
1996-08-15;9.8;8;9.8
1996-08-16;7.4;8;7.4
1996-08-17;14.9;8;14.9
1996-08-18;17.9;8;17.9
1996-08-19;14.4;8;14.4
1996-08-20;11.6;8;11.6
1996-08-21;7.0;8;7.0
1996-08-22;6.3;8;6.3
1996-08-23;19.4;8;19.4
1996-08-24;15.8;8;15.8
1996-08-25;14.3;8;14.3
1996-08-26;12.4;8;12.4
1996-08-27;6.7;8;6.7
1996-08-28;10.7;8;10.7
1996-08-29;8.8;8;8.8
1996-08-30;6.8;8;6.8
1996-08-31;7.2;8;7.2
1996-09-01;10.3;9;10.3
1996-09-02;24.3;9;24.3
1996-09-03;24.1;9;24.1
1996-09-04;27.1;9;27.1
1996-09-05;11.6;9;11.6
1996-09-06;12.3;9;12.3
1996-09-07;6.4;9;6.4
1996-09-08;15.2;9;15.2
1996-09-09;16.8;9;16.8
1996-09-10;12.8;9;12.8
1996-09-11;9.0;9;9.0
1996-09-12;6.6;9;6.6
1996-09-13;7.6;9;7.6
1996-09-14;11.4;9;11.4
1996-09-15;9.0;9;9.0
1996-09-16;7.2;9;7.2
1996-09-17;7.2;9;7.2
1996-09-18;12.6;9;12.6
1996-09-19;9.5;9;9.5
1996-09-20;5.8;9;5.8
1996-09-21;5.8;9;5.8
1996-09-22;12.4;9;12.4
1996-09-23;13.5;9;13.5
1996-09-24;6.5;9;6.5
1996-09-25;7.7;9;7.7
1996-09-26;6.5;9;6.5
1996-09-27;9.9;9;9.9
1996-09-28;13.5;9;13.5
1996-09-29;5.8;9;5.8
1996-09-30;6.5;9;6.5
1996-10-01;20.0;10;20.0
1996-10-02;22.2;10;22.2
1996-10-03;14.5;10;14.5
1996-10-04;7.2;10;7.2
1996-10-05;21.6;10;21.6
1996-10-06;14.1;10;14.1
1996-10-07;7.2;10;7.2
1996-10-08;14.7;10;14.7
1996-10-09;9.3;10;9.3
1996-10-10;8.2;10;8.2
1996-10-11;7.8;10;7.8
1996-10-12;29.4;10;29.4
1996-10-13;11.4;10;11.4
1996-10-14;33.7;10;33.7
1996-10-15;22.2;10;22.2
1996-10-16;55.2;10;55.2
1996-10-17;32.6;10;32.6
1996-10-18;18.6;10;18.6
1996-10-19;22.0;10;22.0
1996-10-20;26.6;10;26.6
1996-10-21;35.0;10;35.0
1996-10-22;18.1;10;18.1
1996-10-23;21.4;10;21.4
1996-10-24;10.2;10;10.2
1996-10-25;20.5;10;20.5
1996-10-26;19.4;10;19.4
1996-10-27;16.2;10;16.2
1996-10-28;27.6;10;27.6
1996-10-29;33.2;10;33.2
1996-10-30;31.0;10;31.0
1996-10-31;25.4;10;25.4
1996-11-01;18.5;11;18.5
1996-11-02;17.0;11;17.0
1996-11-03;21.7;11;21.7
1996-11-04;20.0;11;20.0
1996-11-05;8.9;11;8.9
1996-11-06;22.4;11;22.4
1996-11-07;25.4;11;25.4
1996-11-08;24.2;11;24.2
1996-11-09;31.5;11;31.5
1996-11-10;22.9;11;22.9
1996-11-11;12.9;11;12.9
1996-11-12;10.6;11;10.6
1996-11-13;11.6;11;11.6
1996-11-14;35.5;11;35.5
1996-11-15;31.2;11;31.2
1996-11-16;22.1;11;22.1
1996-11-17;14.5;11;14.5
1996-11-18;12.5;11;12.5
1996-11-19;17.2;11;17.2
1996-11-20;13.2;11;13.2
1996-11-21;10.0;11;10.0
1996-11-22;13.1;11;13.1
1996-11-23;11.1;11;11.1
1996-11-24;9.5;11;9.5
1996-11-25;9.9;11;9.9
1996-11-26;9.3;11;9.3
1996-11-27;19.7;11;19.7
1996-11-28;12.5;11;12.5
1996-11-29;22.8;11;22.8
1996-11-30;26.2;11;26.2
1996-12-01;20.0;12;20.0
1996-12-02;17.7;12;17.7
1996-12-03;14.3;12;14.3
1996-12-04;22.2;12;22.2
1996-12-05;27.3;12;27.3
1996-12-06;20.3;12;20.3
1996-12-07;19.5;12;19.5
1996-12-08;12.9;12;12.9
1996-12-09;25.6;12;25.6
1996-12-10;26.4;12;26.4
1996-12-11;23.4;12;23.4
1996-12-12;19.5;12;19.5
1996-12-13;13.3;12;13.3
1996-12-14;12.9;12;12.9
1996-12-15;12.5;12;12.5
1996-12-16;27.4;12;27.4
1996-12-17;19.8;12;19.8
1996-12-18;18.7;12;18.7
1996-12-19;10.1;12;10.1
1996-12-20;24.6;12;24.6
1996-12-21;17.7;12;17.7
1996-12-22;16.5;12;16.5
1996-12-23;11.2;12;11.2
1996-12-24;12.9;12;12.9
1996-12-25;12.7;12;12.7
1996-12-26;18.2;12;18.2
1996-12-27;26.6;12;26.6
1996-12-28;16.8;12;16.8
1996-12-29;15.7;12;15.7
1996-12-30;26.1;12;26.1
1996-12-31;26.1;12;26.1
1997-01-01;40.93;1;40.93
1997-01-02;46.48;1;46.48
1997-01-03;28.56;1;28.56
1997-01-04;26.35;1;26.35
1997-01-05;24.1;1;24.1
1997-01-06;27.33;1;27.33
1997-01-07;24.39;1;24.39
1997-01-08;21.42;1;21.42
1997-01-09;17.58;1;17.58
1997-01-10;22.44;1;22.44
1997-01-11;53.5;1;53.5
1997-01-12;28.75;1;28.75
1997-01-13;26.08;1;26.08
1997-01-14;21.48;1;21.48
1997-01-15;25.1;1;25.1
1997-01-16;24.74;1;24.74
1997-01-17;35.18;1;35.18
1997-01-18;40.02;1;40.02
1997-01-19;69.35;1;69.35
1997-01-20;35.35;1;35.35
1997-01-21;87.29;1;87.29
1997-01-22;86.7;1;86.7
1997-01-23;67.57;1;67.57
1997-01-24;36.09;1;36.09
1997-01-25;40.25;1;40.25
1997-01-26;33.2;1;33.2
1997-01-27;32.46;1;32.46
1997-01-28;39.58;1;39.58
1997-01-29;43.52;1;43.52
1997-01-30;27.58;1;27.58
1997-01-31;27.96;1;27.96
1997-02-01;36.33;2;36.33
1997-02-02;30.63;2;30.63
1997-02-03;27.33;2;27.33
1997-02-04;22.67;2;22.67
1997-02-05;36.93;2;36.93
1997-02-06;34.67;2;34.67
1997-02-07;26.42;2;26.42
1997-02-08;23.54;2;23.54
1997-02-09;26.11;2;26.11
1997-02-10;25.38;2;25.38
1997-02-11;29.78;2;29.78
1997-02-12;33.76;2;33.76
1997-02-13;25.63;2;25.63
1997-02-14;22.65;2;22.65
1997-02-15;27.58;2;27.58
1997-02-16;23.39;2;23.39
1997-02-17;22.18;2;22.18
1997-02-18;22.93;2;22.93
1997-02-19;17.8;2;17.8
1997-02-20;15.47;2;15.47
1997-02-21;11.17;2;11.17
1997-02-22;14.4;2;14.4
1997-02-23;14.21;2;14.21
1997-02-24;20.56;2;20.56
1997-02-25;15.96;2;15.96
1997-02-26;16.07;2;16.07
1997-02-27;27.58;2;27.58
1997-02-28;23.19;2;23.19
1997-03-01;16.4;3;16.4
1997-03-02;10.6;3;10.6
1997-03-03;22.15;3;22.15
1997-03-04;34.55;3;34.55
1997-03-05;15.66;3;15.66
1997-03-06;10.98;3;10.98
1997-03-07;9.65;3;9.65
1997-03-08;9.84;3;9.84
1997-03-09;8.7;3;8.7
1997-03-10;9.65;3;9.65
1997-03-11;13.61;3;13.61
1997-03-12;17.19;3;17.19
1997-03-13;9.65;3;9.65
1997-03-14;20.22;3;20.22
1997-03-15;13.97;3;13.97
1997-03-16;40.45;3;40.45
1997-03-17;30.52;3;30.52
1997-03-18;15.52;3;15.52
1997-03-19;39.18;3;39.18
1997-03-20;29.78;3;29.78
1997-03-21;24.35;3;24.35
1997-03-22;15.02;3;15.02
1997-03-23;13.97;3;13.97
1997-03-24;17.1;3;17.1
1997-03-25;11.74;3;11.74
1997-03-26;10.6;3;10.6
1997-03-27;11.17;3;11.17
1997-03-28;10.22;3;10.22
1997-03-29;14.18;3;14.18
1997-03-30;15.98;3;15.98
1997-03-31;12.54;3;12.54
1997-04-01;12.71;4;12.71
1997-04-02;20.68;4;20.68
1997-04-03;12.31;4;12.31
1997-04-04;10.41;4;10.41
1997-04-05;10.41;4;10.41
1997-04-06;9.27;4;9.27
1997-04-07;15.9;4;15.9
1997-04-08;20.67;4;20.67
1997-04-09;11.36;4;11.36
1997-04-10;11.57;4;11.57
1997-04-11;11.82;4;11.82
1997-04-12;18.47;4;18.47
1997-04-13;20.68;4;20.68
1997-04-14;9.46;4;9.46
1997-04-15;13.29;4;13.29
1997-04-16;14.95;4;14.95
1997-04-17;8.89;4;8.89
1997-04-18;8.36;4;8.36
1997-04-19;16.43;4;16.43
1997-04-20;11.74;4;11.74
1997-04-21;10.79;4;10.79
1997-04-22;12.85;4;12.85
1997-04-23;12.92;4;12.92
1997-04-24;15.65;4;15.65
1997-04-25;15.03;4;15.03
1997-04-26;13.82;4;13.82
1997-04-27;12.94;4;12.94
1997-04-28;11.17;4;11.17
1997-04-29;10.03;4;10.03
1997-04-30;9.65;4;9.65
1997-05-01;8.19;5;8.19
1997-05-02;8.02;5;8.02
1997-05-03;23.39;5;23.39
1997-05-04;64.33;5;64.33
1997-05-05;44.3;5;44.3
1997-05-06;42.59;5;42.59
1997-05-07;37.86;5;37.86
1997-05-08;37.51;5;37.51
1997-05-09;11.74;5;11.74
1997-05-10;17.45;5;17.45
1997-05-11;19.58;5;19.58
1997-05-12;17.49;5;17.49
1997-05-13;16.32;5;16.32
1997-05-14;16.09;5;16.09
1997-05-15;12.53;5;12.53
1997-05-16;8.36;5;8.36
1997-05-17;7.68;5;7.68
1997-05-18;7.34;5;7.34
1997-05-19;17.73;5;17.73
1997-05-20;9.71;5;9.71
1997-05-21;23.88;5;23.88
1997-05-22;22.39;5;22.39
1997-05-23;21.93;5;21.93
1997-05-24;11.56;5;11.56
1997-05-25;8.76;5;8.76
1997-05-26;23.42;5;23.42
1997-05-27;31.8;5;31.8
1997-05-28;10.41;5;10.41
1997-05-29;9.33;5;9.33
1997-05-30;27.58;5;27.58
1997-05-31;27.34;5;27.34
1997-06-01;20.13;6;20.13
1997-06-02;8.4;6;8.4
1997-06-03;9.18;6;9.18
1997-06-04;16.4;6;16.4
1997-06-05;21.7;6;21.7
1997-06-06;-999.000;6;16.1
1997-06-07;-999.000;6;46.4
1997-06-08;-999.000;6;14.37
1997-06-09;-999.000;6;16.1
1997-06-10;-999.000;6;16.9
1997-06-11;-999.000;6;14.2
1997-06-12;-999.000;6;20.71
1997-06-13;-999.000;6;19.4
1997-06-14;-999.000;6;22.87
1997-06-15;-999.000;6;44.5
1997-06-16;-999.000;6;15.46
1997-06-17;-999.000;6;14.7
1997-06-18;-999.000;6;24.21
1997-06-19;-999.000;6;23.9
1997-06-20;-999.000;6;11.61
1997-06-21;-999.000;6;28.04
1997-06-22;-999.000;6;34.6
1997-06-23;-999.000;6;19.8
1997-06-24;-999.000;6;51.5
1997-06-25;-999.000;6;21.4
1997-06-26;-999.000;6;25.7
1997-06-27;-999.000;6;7.25
1997-06-28;-999.000;6;18.79
1997-06-29;-999.000;6;45.82
1997-06-30;-999.000;6;44.3
1997-07-01;-999.000;7;45.4
1997-07-02;-999.000;7;23.6
1997-07-03;-999.000;7;7.68
1997-07-04;-999.000;7;30.0
1997-07-05;-999.000;7;22.82
1997-07-06;-999.000;7;19.9
1997-07-07;-999.000;7;20.59
1997-07-08;-999.000;7;25.5
1997-07-09;-999.000;7;11.76
1997-07-10;-999.000;7;24.34
1997-07-11;60.57;7;60.57
1997-07-12;82.89;7;82.89
1997-07-13;53.56;7;53.56
1997-07-14;28.72;7;28.72
1997-07-15;34.48;7;34.48
1997-07-16;30.72;7;30.72
1997-07-17;30.7;7;30.7
1997-07-18;30.27;7;30.27
1997-07-19;28.81;7;28.81
1997-07-20;21.92;7;21.92
1997-07-21;20.81;7;20.81
1997-07-22;29.37;7;29.37
1997-07-23;34.05;7;34.05
1997-07-24;45.13;7;45.13
1997-07-25;46.11;7;46.11
1997-07-26;37.89;7;37.89
1997-07-27;25.62;7;25.62
1997-07-28;29.0;7;29.0
1997-07-29;16.43;7;16.43
1997-07-30;11.62;7;11.62
1997-07-31;7.68;7;7.68
1997-08-01;9.37;8;9.37
1997-08-02;8.46;8;8.46
1997-08-03;9.64;8;9.64
1997-08-04;9.5;8;9.5
1997-08-05;11.56;8;11.56
1997-08-06;15.94;8;15.94
1997-08-07;19.93;8;19.93
1997-08-08;12.73;8;12.73
1997-08-09;28.8;8;28.8
1997-08-10;20.78;8;20.78
1997-08-11;12.13;8;12.13
1997-08-12;9.1;8;9.1
1997-08-13;9.04;8;9.04
1997-08-14;9.8;8;9.8
1997-08-15;19.25;8;19.25
1997-08-16;14.46;8;14.46
1997-08-17;10.89;8;10.89
1997-08-18;8.8;8;8.8
1997-08-19;9.14;8;9.14
1997-08-20;10.07;8;10.07
1997-08-21;8.75;8;8.75
1997-08-22;11.63;8;11.63
1997-08-23;18.86;8;18.86
1997-08-24;11.23;8;11.23
1997-08-25;8.49;8;8.49
1997-08-26;8.25;8;8.25
1997-08-27;19.01;8;19.01
1997-08-28;13.9;8;13.9
1997-08-29;9.29;8;9.29
1997-08-30;7.61;8;7.61
1997-08-31;7.3;8;7.3
1997-09-01;6.88;9;6.88
1997-09-02;6.61;9;6.61
1997-09-03;5.39;9;5.39
1997-09-04;8.53;9;8.53
1997-09-05;7.38;9;7.38
1997-09-06;5.64;9;5.64
1997-09-07;13.87;9;13.87
1997-09-08;7.66;9;7.66
1997-09-09;5.9;9;5.9
1997-09-10;6.15;9;6.15
1997-09-11;5.66;9;5.66
1997-09-12;4.99;9;4.99
1997-09-13;9.19;9;9.19
1997-09-14;5.42;9;5.42
1997-09-15;8.55;9;8.55
1997-09-16;4.53;9;4.53
1997-09-17;5.69;9;5.69
1997-09-18;4.76;9;4.76
1997-09-19;5.78;9;5.78
1997-09-20;7.74;9;7.74
1997-09-21;5.5;9;5.5
1997-09-22;5.24;9;5.24
1997-09-23;6.66;9;6.66
1997-09-24;7.17;9;7.17
1997-09-25;16.49;9;16.49
1997-09-26;7.36;9;7.36
1997-09-27;12.48;9;12.48
1997-09-28;6.88;9;6.88
1997-09-29;12.1;9;12.1
1997-09-30;7.18;9;7.18
1997-10-01;5.01;10;5.01
1997-10-02;5.78;10;5.78
1997-10-03;4.76;10;4.76
1997-10-04;6.8;10;6.8
1997-10-05;5.26;10;5.26
1997-10-06;10.62;10;10.62
1997-10-07;9.6;10;9.6
1997-10-08;9.36;10;9.36
1997-10-09;9.37;10;9.37
1997-10-10;8.8;10;8.8
1997-10-11;8.65;10;8.65
1997-10-12;8.05;10;8.05
1997-10-13;12.1;10;12.1
1997-10-14;12.32;10;12.32
1997-10-15;17.07;10;17.07
1997-10-16;16.2;10;16.2
1997-10-17;15.04;10;15.04
1997-10-18;14.01;10;14.01
1997-10-19;20.99;10;20.99
1997-10-20;20.61;10;20.61
1997-10-21;19.09;10;19.09
1997-10-22;14.32;10;14.32
1997-10-23;10.86;10;10.86
1997-10-24;10.2;10;10.2
1997-10-25;5.33;10;5.33
1997-10-26;7.11;10;7.11
1997-10-27;9.91;10;9.91
1997-10-28;5.17;10;5.17
1997-10-29;8.84;10;8.84
1997-10-30;8.19;10;8.19
1997-10-31;9.18;10;9.18
1997-11-01;5.97;11;5.97
1997-11-02;11.52;11;11.52
1997-11-03;11.82;11;11.82
1997-11-04;11.18;11;11.18
1997-11-05;11.99;11;11.99
1997-11-06;9.55;11;9.55
1997-11-07;9.55;11;9.55
1997-11-08;12.12;11;12.12
1997-11-09;14.13;11;14.13
1997-11-10;11.64;11;11.64
1997-11-11;13.04;11;13.04
1997-11-12;12.69;11;12.69
1997-11-13;22.39;11;22.39
1997-11-14;20.0;11;20.0
1997-11-15;31.85;11;31.85
1997-11-16;23.28;11;23.28
1997-11-17;20.6;11;20.6
1997-11-18;18.29;11;18.29
1997-11-19;14.33;11;14.33
1997-11-20;15.38;11;15.38
1997-11-21;12.55;11;12.55
1997-11-22;7.0;11;7.0
1997-11-23;7.51;11;7.51
1997-11-24;6.4;11;6.4
1997-11-25;8.72;11;8.72
1997-11-26;15.19;11;15.19
1997-11-27;20.09;11;20.09
1997-11-28;9.56;11;9.56
1997-11-29;11.58;11;11.58
1997-11-30;11.26;11;11.26
1997-12-01;22.98;12;22.98
1997-12-02;27.67;12;27.67
1997-12-03;28.31;12;28.31
1997-12-04;18.82;12;18.82
1997-12-05;15.95;12;15.95
1997-12-06;14.47;12;14.47
1997-12-07;14.26;12;14.26
1997-12-08;14.58;12;14.58
1997-12-09;14.8;12;14.8
1997-12-10;13.99;12;13.99
1997-12-11;13.64;12;13.64
1997-12-12;12.58;12;12.58
1997-12-13;11.12;12;11.12
1997-12-14;12.55;12;12.55
1997-12-15;14.02;12;14.02
1997-12-16;14.06;12;14.06
1997-12-17;12.12;12;12.12
1997-12-18;10.44;12;10.44
1997-12-19;11.0;12;11.0
1997-12-20;11.4;12;11.4
1997-12-21;10.34;12;10.34
1997-12-22;10.24;12;10.24
1997-12-23;10.1;12;10.1
1997-12-24;9.71;12;9.71
1997-12-25;9.83;12;9.83
1997-12-26;9.56;12;9.56
1997-12-27;8.95;12;8.95
1997-12-28;8.46;12;8.46
1997-12-29;8.79;12;8.79
1997-12-30;8.67;12;8.67
1997-12-31;8.55;12;8.55
1998-01-01;8.7;1;8.7
1998-01-02;8.75;1;8.75
1998-01-03;7.4;1;7.4
1998-01-04;8.26;1;8.26
1998-01-05;8.8;1;8.8
1998-01-06;9.02;1;9.02
1998-01-07;10.04;1;10.04
1998-01-08;10.86;1;10.86
1998-01-09;11.01;1;11.01
1998-01-10;10.13;1;10.13
1998-01-11;9.19;1;9.19
1998-01-12;9.26;1;9.26
1998-01-13;9.39;1;9.39
1998-01-14;9.27;1;9.27
1998-01-15;9.76;1;9.76
1998-01-16;9.64;1;9.64
1998-01-17;9.53;1;9.53
1998-01-18;9.34;1;9.34
1998-01-19;9.41;1;9.41
1998-01-20;9.68;1;9.68
1998-01-21;9.36;1;9.36
1998-01-22;9.03;1;9.03
1998-01-23;8.74;1;8.74
1998-01-24;9.28;1;9.28
1998-01-25;8.8;1;8.8
1998-01-26;8.6;1;8.6
1998-01-27;8.65;1;8.65
1998-01-28;8.61;1;8.61
1998-01-29;5.81;1;5.81
1998-01-30;6.44;1;6.44
1998-01-31;7.71;1;7.71
1998-02-01;7.14;2;7.14
1998-02-02;8.85;2;8.85
1998-02-03;6.93;2;6.93
1998-02-04;7.21;2;7.21
1998-02-05;7.27;2;7.27
1998-02-06;9.24;2;9.24
1998-02-07;9.51;2;9.51
1998-02-08;14.86;2;14.86
1998-02-09;18.74;2;18.74
1998-02-10;16.92;2;16.92
1998-02-11;15.99;2;15.99
1998-02-12;15.06;2;15.06
1998-02-13;15.65;2;15.65
1998-02-14;14.42;2;14.42
1998-02-15;14.17;2;14.17
1998-02-16;12.6;2;12.6
1998-02-17;13.04;2;13.04
1998-02-18;12.45;2;12.45
1998-02-19;10.62;2;10.62
1998-02-20;10.84;2;10.84
1998-02-21;10.43;2;10.43
1998-02-22;11.38;2;11.38
1998-02-23;10.02;2;10.02
1998-02-24;10.56;2;10.56
1998-02-25;10.02;2;10.02
1998-02-26;9.83;2;9.83
1998-02-27;10.43;2;10.43
1998-02-28;10.55;2;10.55
1998-03-01;13.46;3;13.46
1998-03-02;11.14;3;11.14
1998-03-03;10.68;3;10.68
1998-03-04;10.54;3;10.54
1998-03-05;10.74;3;10.74
1998-03-06;10.65;3;10.65
1998-03-07;12.99;3;12.99
1998-03-08;18.85;3;18.85
1998-03-09;10.82;3;10.82
1998-03-10;10.6;3;10.6
1998-03-11;11.18;3;11.18
1998-03-12;10.18;3;10.18
1998-03-13;9.0;3;9.0
1998-03-14;9.73;3;9.73
1998-03-15;9.26;3;9.26
1998-03-16;8.98;3;8.98
1998-03-17;9.16;3;9.16
1998-03-18;8.66;3;8.66
1998-03-19;8.64;3;8.64
1998-03-20;8.66;3;8.66
1998-03-21;8.1;3;8.1
1998-03-22;8.28;3;8.28
1998-03-23;8.51;3;8.51
1998-03-24;8.35;3;8.35
1998-03-25;8.61;3;8.61
1998-03-26;7.9;3;7.9
1998-03-27;9.5;3;9.5
1998-03-28;12.25;3;12.25
1998-03-29;15.46;3;15.46
1998-03-30;16.52;3;16.52
1998-03-31;19.63;3;19.63
1998-04-01;13.18;4;13.18
1998-04-02;16.01;4;16.01
1998-04-03;14.44;4;14.44
1998-04-04;16.36;4;16.36
1998-04-05;15.33;4;15.33
1998-04-06;14.52;4;14.52
1998-04-07;13.3;4;13.3
1998-04-08;12.17;4;12.17
1998-04-09;12.19;4;12.19
1998-04-10;10.96;4;10.96
1998-04-11;10.22;4;10.22
1998-04-12;16.06;4;16.06
1998-04-13;13.5;4;13.5
1998-04-14;14.42;4;14.42
1998-04-15;13.42;4;13.42
1998-04-16;15.59;4;15.59
1998-04-17;13.83;4;13.83
1998-04-18;12.43;4;12.43
1998-04-19;12.95;4;12.95
1998-04-20;14.02;4;14.02
1998-04-21;11.46;4;11.46
1998-04-22;13.33;4;13.33
1998-04-23;15.32;4;15.32
1998-04-24;19.36;4;19.36
1998-04-25;13.21;4;13.21
1998-04-26;13.08;4;13.08
1998-04-27;12.68;4;12.68
1998-04-28;10.48;4;10.48
1998-04-29;11.79;4;11.79
1998-04-30;15.4;4;15.4
1998-05-01;15.07;5;15.07
1998-05-02;13.91;5;13.91
1998-05-03;18.61;5;18.61
1998-05-04;22.66;5;22.66
1998-05-05;22.32;5;22.32
1998-05-06;20.17;5;20.17
1998-05-07;17.15;5;17.15
1998-05-08;17.3;5;17.3
1998-05-09;15.25;5;15.25
1998-05-10;14.3;5;14.3
1998-05-11;14.22;5;14.22
1998-05-12;14.62;5;14.62
1998-05-13;13.25;5;13.25
1998-05-14;11.95;5;11.95
1998-05-15;13.34;5;13.34
1998-05-16;15.63;5;15.63
1998-05-17;15.94;5;15.94
1998-05-18;34.01;5;34.01
1998-05-19;18.13;5;18.13
1998-05-20;14.69;5;14.69
1998-05-21;11.49;5;11.49
1998-05-22;10.62;5;10.62
1998-05-23;10.49;5;10.49
1998-05-24;10.71;5;10.71
1998-05-25;16.03;5;16.03
1998-05-26;15.22;5;15.22
1998-05-27;21.4;5;21.4
1998-05-28;24.26;5;24.26
1998-05-29;61.87;5;61.87
1998-05-30;33.08;5;33.08
1998-05-31;29.48;5;29.48
1998-06-01;38.54;6;38.54
1998-06-02;32.21;6;32.21
1998-06-03;50.7;6;50.7
1998-06-04;72.27;6;72.27
1998-06-05;55.79;6;55.79
1998-06-06;41.47;6;41.47
1998-06-07;24.72;6;24.72
1998-06-08;21.15;6;21.15
1998-06-09;20.54;6;20.54
1998-06-10;19.82;6;19.82
1998-06-11;17.78;6;17.78
1998-06-12;29.27;6;29.27
1998-06-13;30.37;6;30.37
1998-06-14;19.74;6;19.74
1998-06-15;24.71;6;24.71
1998-06-16;28.33;6;28.33
1998-06-17;21.91;6;21.91
1998-06-18;23.41;6;23.41
1998-06-19;18.03;6;18.03
1998-06-20;19.24;6;19.24
1998-06-21;27.16;6;27.16
1998-06-22;45.56;6;45.56
1998-06-23;36.01;6;36.01
1998-06-24;24.23;6;24.23
1998-06-25;17.26;6;17.26
1998-06-26;17.64;6;17.64
1998-06-27;34.81;6;34.81
1998-06-28;61.33;6;61.33
1998-06-29;64.86;6;64.86
1998-06-30;45.84;6;45.84
1998-07-01;22.25;7;22.25
1998-07-02;21.08;7;21.08
1998-07-03;26.2;7;26.2
1998-07-04;30.25;7;30.25
1998-07-05;20.08;7;20.08
1998-07-06;19.83;7;19.83
1998-07-07;18.39;7;18.39
1998-07-08;15.74;7;15.74
1998-07-09;15.02;7;15.02
1998-07-10;17.9;7;17.9
1998-07-11;30.15;7;30.15
1998-07-12;46.73;7;46.73
1998-07-13;55.91;7;55.91
1998-07-14;27.08;7;27.08
1998-07-15;19.21;7;19.21
1998-07-16;16.66;7;16.66
1998-07-17;19.76;7;19.76
1998-07-18;19.77;7;19.77
1998-07-19;22.71;7;22.71
1998-07-20;23.68;7;23.68
1998-07-21;26.91;7;26.91
1998-07-22;29.9;7;29.9
1998-07-23;37.37;7;37.37
1998-07-24;24.79;7;24.79
1998-07-25;31.54;7;31.54
1998-07-26;27.71;7;27.71
1998-07-27;24.09;7;24.09
1998-07-28;16.45;7;16.45
1998-07-29;15.12;7;15.12
1998-07-30;21.4;7;21.4
1998-07-31;27.22;7;27.22
1998-08-01;20.21;8;20.21
1998-08-02;16.64;8;16.64
1998-08-03;18.16;8;18.16
1998-08-04;23.43;8;23.43
1998-08-05;23.3;8;23.3
1998-08-06;25.51;8;25.51
1998-08-07;19.14;8;19.14
1998-08-08;17.9;8;17.9
1998-08-09;13.86;8;13.86
1998-08-10;15.42;8;15.42
1998-08-11;13.68;8;13.68
1998-08-12;20.9;8;20.9
1998-08-13;17.11;8;17.11
1998-08-14;16.74;8;16.74
1998-08-15;14.34;8;14.34
1998-08-16;14.02;8;14.02
1998-08-17;14.94;8;14.94
1998-08-18;15.95;8;15.95
1998-08-19;18.08;8;18.08
1998-08-20;13.93;8;13.93
1998-08-21;12.8;8;12.8
1998-08-22;12.02;8;12.02
1998-08-23;13.68;8;13.68
1998-08-24;12.77;8;12.77
1998-08-25;13.9;8;13.9
1998-08-26;16.58;8;16.58
1998-08-27;26.47;8;26.47
1998-08-28;29.37;8;29.37
1998-08-29;22.9;8;22.9
1998-08-30;18.91;8;18.91
1998-08-31;30.24;8;30.24
1998-09-01;22.26;9;22.26
1998-09-02;16.65;9;16.65
1998-09-03;13.62;9;13.62
1998-09-04;13.87;9;13.87
1998-09-05;13.92;9;13.92
1998-09-06;15.64;9;15.64
1998-09-07;13.17;9;13.17
1998-09-08;12.38;9;12.38
1998-09-09;13.31;9;13.31
1998-09-10;18.92;9;18.92
1998-09-11;28.51;9;28.51
1998-09-12;16.48;9;16.48
1998-09-13;14.01;9;14.01
1998-09-14;15.6;9;15.6
1998-09-15;14.15;9;14.15
1998-09-16;12.66;9;12.66
1998-09-17;12.88;9;12.88
1998-09-18;11.54;9;11.54
1998-09-19;11.11;9;11.11
1998-09-20;11.64;9;11.64
1998-09-21;11.89;9;11.89
1998-09-22;16.11;9;16.11
1998-09-23;14.14;9;14.14
1998-09-24;12.28;9;12.28
1998-09-25;11.49;9;11.49
1998-09-26;11.42;9;11.42
1998-09-27;10.91;9;10.91
1998-09-28;10.53;9;10.53
1998-09-29;10.86;9;10.86
1998-09-30;9.71;9;9.71
1998-10-01;9.14;10;9.14
1998-10-02;14.5;10;14.5
1998-10-03;17.6;10;17.6
1998-10-04;12.49;10;12.49
1998-10-05;13.57;10;13.57
1998-10-06;11.99;10;11.99
1998-10-07;11.23;10;11.23
1998-10-08;13.55;10;13.55
1998-10-09;14.7;10;14.7
1998-10-10;20.34;10;20.34
1998-10-11;13.47;10;13.47
1998-10-12;11.21;10;11.21
1998-10-13;11.49;10;11.49
1998-10-14;14.25;10;14.25
1998-10-15;11.98;10;11.98
1998-10-16;14.33;10;14.33
1998-10-17;16.16;10;16.16
1998-10-18;16.74;10;16.74
1998-10-19;14.92;10;14.92
1998-10-20;17.29;10;17.29
1998-10-21;16.04;10;16.04
1998-10-22;12.87;10;12.87
1998-10-23;14.8;10;14.8
1998-10-24;18.48;10;18.48
1998-10-25;24.39;10;24.39
1998-10-26;29.43;10;29.43
1998-10-27;25.83;10;25.83
1998-10-28;29.64;10;29.64
1998-10-29;26.87;10;26.87
1998-10-30;25.84;10;25.84
1998-10-31;23.58;10;23.58
1998-11-01;21.84;11;21.84
1998-11-02;18.14;11;18.14
1998-11-03;17.73;11;17.73
1998-11-04;17.96;11;17.96
1998-11-05;18.65;11;18.65
1998-11-06;21.93;11;21.93
1998-11-07;16.85;11;16.85
1998-11-08;15.81;11;15.81
1998-11-09;23.31;11;23.31
1998-11-10;23.38;11;23.38
1998-11-11;21.91;11;21.91
1998-11-12;22.92;11;22.92
1998-11-13;31.26;11;31.26
1998-11-14;42.96;11;42.96
1998-11-15;23.55;11;23.55
1998-11-16;21.58;11;21.58
1998-11-17;19.87;11;19.87
1998-11-18;21.23;11;21.23
1998-11-19;20.18;11;20.18
1998-11-20;24.05;11;24.05
1998-11-21;23.03;11;23.03
1998-11-22;33.65;11;33.65
1998-11-23;29.12;11;29.12
1998-11-24;27.03;11;27.03
1998-11-25;83.23;11;83.23
1998-11-26;60.19;11;60.19
1998-11-27;56.86;11;56.86
1998-11-28;60.05;11;60.05
1998-11-29;44.05;11;44.05
1998-11-30;41.93;11;41.93
1998-12-01;37.91;12;37.91
1998-12-02;31.21;12;31.21
1998-12-03;27.45;12;27.45
1998-12-04;22.95;12;22.95
1998-12-05;23.05;12;23.05
1998-12-06;21.35;12;21.35
1998-12-07;24.19;12;24.19
1998-12-08;21.28;12;21.28
1998-12-09;22.99;12;22.99
1998-12-10;33.09;12;33.09
1998-12-11;30.76;12;30.76
1998-12-12;30.95;12;30.95
1998-12-13;29.67;12;29.67
1998-12-14;23.89;12;23.89
1998-12-15;25.72;12;25.72
1998-12-16;28.35;12;28.35
1998-12-17;24.77;12;24.77
1998-12-18;20.91;12;20.91
1998-12-19;17.91;12;17.91
1998-12-20;19.47;12;19.47
1998-12-21;24.78;12;24.78
1998-12-22;25.03;12;25.03
1998-12-23;21.51;12;21.51
1998-12-24;21.77;12;21.77
1998-12-25;19.37;12;19.37
1998-12-26;17.76;12;17.76
1998-12-27;15.81;12;15.81
1998-12-28;21.45;12;21.45
1998-12-29;25.24;12;25.24
1998-12-30;21.99;12;21.99
1998-12-31;22.18;12;22.18
1999-01-01;23.38;1;23.38
1999-01-02;20.15;1;20.15
1999-01-03;18.42;1;18.42
1999-01-04;26.66;1;26.66
1999-01-05;23.03;1;23.03
1999-01-06;40.78;1;40.78
1999-01-07;32.06;1;32.06
1999-01-08;33.66;1;33.66
1999-01-09;40.09;1;40.09
1999-01-10;33.42;1;33.42
1999-01-11;34.36;1;34.36
1999-01-12;30.28;1;30.28
1999-01-13;42.1;1;42.1
1999-01-14;46.58;1;46.58
1999-01-15;43.24;1;43.24
1999-01-16;35.18;1;35.18
1999-01-17;31.71;1;31.71
1999-01-18;36.53;1;36.53
1999-01-19;33.98;1;33.98
1999-01-20;27.14;1;27.14
1999-01-21;26.0;1;26.0
1999-01-22;28.17;1;28.17
1999-01-23;32.89;1;32.89
1999-01-24;45.05;1;45.05
1999-01-25;32.96;1;32.96
1999-01-26;34.87;1;34.87
1999-01-27;33.69;1;33.69
1999-01-28;33.11;1;33.11
1999-01-29;29.55;1;29.55
1999-01-30;24.12;1;24.12
1999-01-31;22.81;1;22.81
1999-02-01;22.54;2;22.54
1999-02-02;24.16;2;24.16
1999-02-03;30.08;2;30.08
1999-02-04;28.59;2;28.59
1999-02-05;36.62;2;36.62
1999-02-06;28.22;2;28.22
1999-02-07;51.37;2;51.37
1999-02-08;34.09;2;34.09
1999-02-09;26.32;2;26.32
1999-02-10;24.23;2;24.23
1999-02-11;27.0;2;27.0
1999-02-12;32.6;2;32.6
1999-02-13;25.59;2;25.59
1999-02-14;25.68;2;25.68
1999-02-15;26.81;2;26.81
1999-02-16;30.07;2;30.07
1999-02-17;55.46;2;55.46
1999-02-18;50.06;2;50.06
1999-02-19;52.98;2;52.98
1999-02-20;50.48;2;50.48
1999-02-21;50.31;2;50.31
1999-02-22;54.76;2;54.76
1999-02-23;56.12;2;56.12
1999-02-24;67.87;2;67.87
1999-02-25;51.02;2;51.02
1999-02-26;38.67;2;38.67
1999-02-27;40.84;2;40.84
1999-02-28;51.04;2;51.04
1999-03-01;54.55;3;54.55
1999-03-02;52.27;3;52.27
1999-03-03;45.63;3;45.63
1999-03-04;42.34;3;42.34
1999-03-05;33.46;3;33.46
1999-03-06;33.89;3;33.89
1999-03-07;30.78;3;30.78
1999-03-08;30.42;3;30.42
1999-03-09;28.31;3;28.31
1999-03-10;26.96;3;26.96
1999-03-11;24.74;3;24.74
1999-03-12;22.83;3;22.83
1999-03-13;22.97;3;22.97
1999-03-14;20.99;3;20.99
1999-03-15;21.87;3;21.87
1999-03-16;24.68;3;24.68
1999-03-17;25.56;3;25.56
1999-03-18;32.82;3;32.82
1999-03-19;25.37;3;25.37
1999-03-20;38.09;3;38.09
1999-03-21;24.84;3;24.84
1999-03-22;24.12;3;24.12
1999-03-23;13.59;3;13.59
1999-03-24;13.26;3;13.26
1999-03-25;14.46;3;14.46
1999-03-26;12.75;3;12.75
1999-03-27;12.23;3;12.23
1999-03-28;20.13;3;20.13
1999-03-29;17.51;3;17.51
1999-03-30;30.85;3;30.85
1999-03-31;20.91;3;20.91
1999-04-01;27.85;4;27.85
1999-04-02;33.62;4;33.62
1999-04-03;15.54;4;15.54
1999-04-04;15.28;4;15.28
1999-04-05;24.43;4;24.43
1999-04-06;32.47;4;32.47
1999-04-07;21.34;4;21.34
1999-04-08;17.85;4;17.85
1999-04-09;23.4;4;23.4
1999-04-10;46.83;4;46.83
1999-04-11;24.9;4;24.9
1999-04-12;20.48;4;20.48
1999-04-13;18.26;4;18.26
1999-04-14;17.85;4;17.85
1999-04-15;20.34;4;20.34
1999-04-16;-999.000;4;19.58
1999-04-17;-999.000;4;18.2
1999-04-18;-999.000;4;15.1
1999-04-19;-999.000;4;14.92
1999-04-20;-999.000;4;25.0
1999-04-21;-999.000;4;13.2
1999-04-22;-999.000;4;58.4
1999-04-23;-999.000;4;14.06
1999-04-24;-999.000;4;21.9
1999-04-25;-999.000;4;14.4
1999-04-26;-999.000;4;21.2
1999-04-27;-999.000;4;12.94
1999-04-28;-999.000;4;11.4
1999-04-29;-999.000;4;35.0
1999-04-30;-999.000;4;19.19
1999-05-01;-999.000;5;15.0
1999-05-02;-999.000;5;17.1
1999-05-03;-999.000;5;41.5
1999-05-04;-999.000;5;26.3
1999-05-05;-999.000;5;20.4
1999-05-06;-999.000;5;15.92
1999-05-07;-999.000;5;30.5
1999-05-08;-999.000;5;20.16
1999-05-09;-999.000;5;25.9
1999-05-10;-999.000;5;23.6
1999-05-11;-999.000;5;6.03
1999-05-12;-999.000;5;15.64
1999-05-13;-999.000;5;20.14
1999-05-14;-999.000;5;15.76
1999-05-15;23.35;5;23.35
1999-05-16;24.16;5;24.16
1999-05-17;26.05;5;26.05
1999-05-18;20.54;5;20.54
1999-05-19;20.62;5;20.62
1999-05-20;37.89;5;37.89
1999-05-21;40.44;5;40.44
1999-05-22;27.18;5;27.18
1999-05-23;22.14;5;22.14
1999-05-24;26.11;5;26.11
1999-05-25;21.7;5;21.7
1999-05-26;19.69;5;19.69
1999-05-27;18.97;5;18.97
1999-05-28;17.5;5;17.5
1999-05-29;27.31;5;27.31
1999-05-30;26.25;5;26.25
1999-05-31;22.92;5;22.92
1999-06-01;18.54;6;18.54
1999-06-02;25.99;6;25.99
1999-06-03;45.96;6;45.96
1999-06-04;24.65;6;24.65
1999-06-05;21.39;6;21.39
1999-06-06;18.64;6;18.64
1999-06-07;18.07;6;18.07
1999-06-08;18.79;6;18.79
1999-06-09;18.56;6;18.56
1999-06-10;17.1;6;17.1
1999-06-11;21.65;6;21.65
1999-06-12;23.42;6;23.42
1999-06-13;17.89;6;17.89
1999-06-14;20.89;6;20.89
1999-06-15;17.15;6;17.15
1999-06-16;17.29;6;17.29
1999-06-17;32.74;6;32.74
1999-06-18;25.48;6;25.48
1999-06-19;18.41;6;18.41
1999-06-20;16.16;6;16.16
1999-06-21;23.63;6;23.63
1999-06-22;30.24;6;30.24
1999-06-23;24.64;6;24.64
1999-06-24;21.8;6;21.8
1999-06-25;19.16;6;19.16
1999-06-26;18.49;6;18.49
1999-06-27;18.98;6;18.98
1999-06-28;19.1;6;19.1
1999-06-29;16.74;6;16.74
1999-06-30;16.37;6;16.37
1999-07-01;21.04;7;21.04
1999-07-02;18.29;7;18.29
1999-07-03;16.84;7;16.84
1999-07-04;19.35;7;19.35
1999-07-05;15.97;7;15.97
1999-07-06;14.85;7;14.85
1999-07-07;14.19;7;14.19
1999-07-08;18.56;7;18.56
1999-07-09;19.13;7;19.13
1999-07-10;15.19;7;15.19
1999-07-11;13.22;7;13.22
1999-07-12;11.02;7;11.02
1999-07-13;12.91;7;12.91
1999-07-14;11.37;7;11.37
1999-07-15;12.48;7;12.48
1999-07-16;7.63;7;7.63
1999-07-17;7.71;7;7.71
1999-07-18;7.23;7;7.23
1999-07-19;6.91;7;6.91
1999-07-20;8.07;7;8.07
1999-07-21;21.07;7;21.07
1999-07-22;29.78;7;29.78
1999-07-23;20.73;7;20.73
1999-07-24;22.33;7;22.33
1999-07-25;33.51;7;33.51
1999-07-26;32.36;7;32.36
1999-07-27;26.22;7;26.22
1999-07-28;44.05;7;44.05
1999-07-29;44.66;7;44.66
1999-07-30;37.06;7;37.06
1999-07-31;30.57;7;30.57
1999-08-01;60.87;8;60.87
1999-08-02;34.31;8;34.31
1999-08-03;21.63;8;21.63
1999-08-04;16.92;8;16.92
1999-08-05;16.14;8;16.14
1999-08-06;12.86;8;12.86
1999-08-07;14.31;8;14.31
1999-08-08;13.26;8;13.26
1999-08-09;42.75;8;42.75
1999-08-10;33.98;8;33.98
1999-08-11;18.75;8;18.75
1999-08-12;16.85;8;16.85
1999-08-13;17.03;8;17.03
1999-08-14;23.58;8;23.58
1999-08-15;60.2;8;60.2
1999-08-16;66.26;8;66.26
1999-08-17;33.23;8;33.23
1999-08-18;18.08;8;18.08
1999-08-19;16.41;8;16.41
1999-08-20;14.98;8;14.98
1999-08-21;14.89;8;14.89
1999-08-22;14.42;8;14.42
1999-08-23;12.86;8;12.86
1999-08-24;11.87;8;11.87
1999-08-25;14.22;8;14.22
1999-08-26;12.3;8;12.3
1999-08-27;14.53;8;14.53
1999-08-28;11.86;8;11.86
1999-08-29;10.66;8;10.66
1999-08-30;9.39;8;9.39
1999-08-31;10.73;8;10.73
1999-09-01;16.81;9;16.81
1999-09-02;12.36;9;12.36
1999-09-03;12.62;9;12.62
1999-09-04;10.85;9;10.85
1999-09-05;11.61;9;11.61
1999-09-06;12.38;9;12.38
1999-09-07;11.57;9;11.57
1999-09-08;12.52;9;12.52
1999-09-09;16.11;9;16.11
1999-09-10;14.68;9;14.68
1999-09-11;20.16;9;20.16
1999-09-12;18.07;9;18.07
1999-09-13;14.33;9;14.33
1999-09-14;13.14;9;13.14
1999-09-15;14.04;9;14.04
1999-09-16;15.62;9;15.62
1999-09-17;27.22;9;27.22
1999-09-18;23.49;9;23.49
1999-09-19;16.37;9;16.37
1999-09-20;14.85;9;14.85
1999-09-21;16.54;9;16.54
1999-09-22;23.19;9;23.19
1999-09-23;15.52;9;15.52
1999-09-24;14.51;9;14.51
1999-09-25;19.08;9;19.08
1999-09-26;29.69;9;29.69
1999-09-27;40.35;9;40.35
1999-09-28;43.21;9;43.21
1999-09-29;34.29;9;34.29
1999-09-30;27.14;9;27.14
1999-10-01;26.44;10;26.44
1999-10-02;20.89;10;20.89
1999-10-03;17.99;10;17.99
1999-10-04;21.29;10;21.29
1999-10-05;21.48;10;21.48
1999-10-06;18.34;10;18.34
1999-10-07;15.08;10;15.08
1999-10-08;13.57;10;13.57
1999-10-09;11.97;10;11.97
1999-10-10;14.11;10;14.11
1999-10-11;11.75;10;11.75
1999-10-12;13.02;10;13.02
1999-10-13;17.23;10;17.23
1999-10-14;25.5;10;25.5
1999-10-15;20.87;10;20.87
1999-10-16;18.63;10;18.63
1999-10-17;15.71;10;15.71
1999-10-18;15.13;10;15.13
1999-10-19;16.15;10;16.15
1999-10-20;14.83;10;14.83
1999-10-21;13.75;10;13.75
1999-10-22;12.81;10;12.81
1999-10-23;12.75;10;12.75
1999-10-24;16.36;10;16.36
1999-10-25;18.2;10;18.2
1999-10-26;19.0;10;19.0
1999-10-27;21.93;10;21.93
1999-10-28;32.07;10;32.07
1999-10-29;40.83;10;40.83
1999-10-30;37.79;10;37.79
1999-10-31;29.46;10;29.46
1999-11-01;20.64;11;20.64
1999-11-02;21.29;11;21.29
1999-11-03;28.87;11;28.87
1999-11-04;29.91;11;29.91
1999-11-05;25.11;11;25.11
1999-11-06;34.29;11;34.29
1999-11-07;32.85;11;32.85
1999-11-08;34.84;11;34.84
1999-11-09;33.77;11;33.77
1999-11-10;26.14;11;26.14
1999-11-11;22.79;11;22.79
1999-11-12;24.41;11;24.41
1999-11-13;27.45;11;27.45
1999-11-14;22.68;11;22.68
1999-11-15;35.18;11;35.18
1999-11-16;23.55;11;23.55
1999-11-17;35.32;11;35.32
1999-11-18;42.16;11;42.16
1999-11-19;34.5;11;34.5
1999-11-20;63.84;11;63.84
1999-11-21;65.25;11;65.25
1999-11-22;69.73;11;69.73
1999-11-23;57.19;11;57.19
1999-11-24;55.79;11;55.79
1999-11-25;71.41;11;71.41
1999-11-26;59.39;11;59.39
1999-11-27;51.7;11;51.7
1999-11-28;66.53;11;66.53
1999-11-29;43.51;11;43.51
1999-11-30;37.76;11;37.76
1999-12-01;45.95;12;45.95
1999-12-02;55.85;12;55.85
1999-12-03;45.36;12;45.36
1999-12-04;38.57;12;38.57
1999-12-05;42.9;12;42.9
1999-12-06;58.8;12;58.8
1999-12-07;53.72;12;53.72
1999-12-08;49.51;12;49.51
1999-12-09;43.13;12;43.13
1999-12-10;36.86;12;36.86
1999-12-11;37.93;12;37.93
1999-12-12;31.2;12;31.2
1999-12-13;45.22;12;45.22
1999-12-14;46.83;12;46.83
1999-12-15;57.11;12;57.11
1999-12-16;67.83;12;67.83
1999-12-17;66.17;12;66.17
1999-12-18;52.84;12;52.84
1999-12-19;47.52;12;47.52
1999-12-20;40.16;12;40.16
1999-12-21;50.37;12;50.37
1999-12-22;53.41;12;53.41
1999-12-23;68.65;12;68.65
1999-12-24;73.94;12;73.94
1999-12-25;91.24;12;91.24
1999-12-26;59.51;12;59.51
1999-12-27;51.09;12;51.09
1999-12-28;44.26;12;44.26
1999-12-29;45.99;12;45.99
1999-12-30;45.28;12;45.28
1999-12-31;37.13;12;37.13
2000-01-01;36.29;1;36.29
2000-01-02;53.82;1;53.82
2000-01-03;52.86;1;52.86
2000-01-04;51.42;1;51.42
2000-01-05;46.16;1;46.16
2000-01-06;60.69;1;60.69
2000-01-07;69.98;1;69.98
2000-01-08;91.18;1;91.18
2000-01-09;86.01;1;86.01
2000-01-10;72.34;1;72.34
2000-01-11;62.21;1;62.21
2000-01-12;60.48;1;60.48
2000-01-13;53.66;1;53.66
2000-01-14;44.15;1;44.15
2000-01-15;48.56;1;48.56
2000-01-16;47.12;1;47.12
2000-01-17;44.12;1;44.12
2000-01-18;50.33;1;50.33
2000-01-19;42.31;1;42.31
2000-01-20;35.39;1;35.39
2000-01-21;34.37;1;34.37
2000-01-22;50.17;1;50.17
2000-01-23;36.9;1;36.9
2000-01-24;30.65;1;30.65
2000-01-25;30.22;1;30.22
2000-01-26;27.23;1;27.23
2000-01-27;26.54;1;26.54
2000-01-28;28.83;1;28.83
2000-01-29;25.65;1;25.65
2000-01-30;41.31;1;41.31
2000-01-31;36.47;1;36.47
2000-02-01;29.84;2;29.84
2000-02-02;27.65;2;27.65
2000-02-03;27.19;2;27.19
2000-02-04;28.0;2;28.0
2000-02-05;27.08;2;27.08
2000-02-06;23.71;2;23.71
2000-02-07;21.99;2;21.99
2000-02-08;20.17;2;20.17
2000-02-09;17.41;2;17.41
2000-02-10;19.12;2;19.12
2000-02-11;22.34;2;22.34
2000-02-12;21.28;2;21.28
2000-02-13;19.82;2;19.82
2000-02-14;21.54;2;21.54
2000-02-15;22.38;2;22.38
2000-02-16;22.21;2;22.21
2000-02-17;23.07;2;23.07
2000-02-18;15.12;2;15.12
2000-02-19;31.43;2;31.43
2000-02-20;13.9;2;13.9
2000-02-21;17.92;2;17.92
2000-02-22;31.43;2;31.43
2000-02-23;33.25;2;33.25
2000-02-24;27.74;2;27.74
2000-02-25;46.2;2;46.2
2000-02-26;71.07;2;71.07
2000-02-27;54.67;2;54.67
2000-02-28;46.87;2;46.87
2000-02-29;49.92;2;49.92
2000-03-01;43.72;3;43.72
2000-03-02;40.8;3;40.8
2000-03-03;33.43;3;33.43
2000-03-04;31.43;3;31.43
2000-03-05;28.45;3;28.45
2000-03-06;26.67;3;26.67
2000-03-07;25.6;3;25.6
2000-03-08;25.25;3;25.25
2000-03-09;26.67;3;26.67
2000-03-10;25.62;3;25.62
2000-03-11;15.52;3;15.52
2000-03-12;15.3;3;15.3
2000-03-13;14.76;3;14.76
2000-03-14;22.48;3;22.48
2000-03-15;13.58;3;13.58
2000-03-16;13.83;3;13.83
2000-03-17;15.52;3;15.52
2000-03-18;11.4;3;11.4
2000-03-19;27.99;3;27.99
2000-03-20;19.22;3;19.22
2000-03-21;16.72;3;16.72
2000-03-22;9.72;3;9.72
2000-03-23;14.3;3;14.3
2000-03-24;55.05;3;55.05
2000-03-25;52.12;3;52.12
2000-03-26;36.51;3;36.51
2000-03-27;29.41;3;29.41
2000-03-28;25.97;3;25.97
2000-03-29;12.6;3;12.6
2000-03-30;12.48;3;12.48
2000-03-31;11.4;3;11.4
2000-04-01;10.2;4;10.2
2000-04-02;9.72;4;9.72
2000-04-03;10.2;4;10.2
2000-04-04;10.05;4;10.05
2000-04-05;9.37;4;9.37
2000-04-06;8.13;4;8.13
2000-04-07;9.85;4;9.85
2000-04-08;11.64;4;11.64
2000-04-09;8.65;4;8.65
2000-04-10;7.78;4;7.78
2000-04-11;8.13;4;8.13
2000-04-12;9.85;4;9.85
2000-04-13;15.15;4;15.15
2000-04-14;22.9;4;22.9
2000-04-15;19.6;4;19.6
2000-04-16;13.32;4;13.32
2000-04-17;17.85;4;17.85
2000-04-18;16.24;4;16.24
2000-04-19;17.86;4;17.86
2000-04-20;17.58;4;17.58
2000-04-21;11.82;4;11.82
2000-04-22;11.64;4;11.64
2000-04-23;11.05;4;11.05
2000-04-24;17.85;4;17.85
2000-04-25;16.08;4;16.08
2000-04-26;14.65;4;14.65
2000-04-27;14.65;4;14.65
2000-04-28;13.13;4;13.13
2000-04-29;19.68;4;19.68
2000-04-30;9.43;4;9.43
2000-05-01;7.6;5;7.6
2000-05-02;6.32;5;6.32
2000-05-03;7.25;5;7.25
2000-05-04;10.33;5;10.33
2000-05-05;27.88;5;27.88
2000-05-06;19.35;5;19.35
2000-05-07;11.05;5;11.05
2000-05-08;13.8;5;13.8
2000-05-09;9.43;5;9.43
2000-05-10;7.25;5;7.25
2000-05-11;7.25;5;7.25
2000-05-12;10.52;5;10.52
2000-05-13;7.25;5;7.25
2000-05-14;7.25;5;7.25
2000-05-15;7.25;5;7.25
2000-05-16;7.16;5;7.16
2000-05-17;10.35;5;10.35
2000-05-18;37.08;5;37.08
2000-05-19;50.43;5;50.43
2000-05-20;42.93;5;42.93
2000-05-21;61.77;5;61.77
2000-05-22;36.8;5;36.8
2000-05-23;41.33;5;41.33
2000-05-24;28.22;5;28.22
2000-05-25;20.79;5;20.79
2000-05-26;22.57;5;22.57
2000-05-27;32.25;5;32.25
2000-05-28;57.25;5;57.25
2000-05-29;34.22;5;34.22
2000-05-30;29.03;5;29.03
2000-05-31;33.22;5;33.22
2000-06-01;13.9;6;13.9
2000-06-02;11.82;6;11.82
2000-06-03;11.02;6;11.02
2000-06-04;8.13;6;8.13
2000-06-05;7.25;6;7.25
2000-06-06;7.25;6;7.25
2000-06-07;6.38;6;6.38
2000-06-08;10.2;6;10.2
2000-06-09;9.65;6;9.65
2000-06-10;7.25;6;7.25
2000-06-11;7.25;6;7.25
2000-06-12;7.25;6;7.25
2000-06-13;7.25;6;7.25
2000-06-14;7.25;6;7.25
2000-06-15;5.5;6;5.5
2000-06-16;5.5;6;5.5
2000-06-17;36.65;6;36.65
2000-06-18;24.6;6;24.6
2000-06-19;13.09;6;13.09
2000-06-20;7.25;6;7.25
2000-06-21;18.43;6;18.43
2000-06-22;33.6;6;33.6
2000-06-23;42.4;6;42.4
2000-06-24;39.13;6;39.13
2000-06-25;31.13;6;31.13
2000-06-26;26.67;6;26.67
2000-06-27;30.73;6;30.73
2000-06-28;37.02;6;37.02
2000-06-29;35.48;6;35.48
2000-06-30;35.18;6;35.18
2000-07-01;-999.000;7;63.5
2000-07-02;-999.000;7;11.37
2000-07-03;-999.000;7;14.16
2000-07-04;-999.000;7;20.0
2000-07-05;-999.000;7;21.55
2000-07-06;-999.000;7;14.58
2000-07-07;-999.000;7;18.0
2000-07-08;-999.000;7;22.57
2000-07-09;-999.000;7;30.15
2000-07-10;-999.000;7;26.22
2000-07-11;-999.000;7;12.8
2000-07-12;-999.000;7;29.48
2000-07-13;-999.000;7;24.1
2000-07-14;-999.000;7;22.95
2000-07-15;-999.000;7;23.81
2000-07-16;-999.000;7;16.77
2000-07-17;-999.000;7;33.5
2000-07-18;-999.000;7;53.59
2000-07-19;-999.000;7;12.32
2000-07-20;-999.000;7;114.7
2000-07-21;-999.000;7;27.87
2000-07-22;-999.000;7;23.67
2000-07-23;-999.000;7;25.96
2000-07-24;-999.000;7;22.0
2000-07-25;-999.000;7;18.06
2000-07-26;-999.000;7;25.8
2000-07-27;-999.000;7;51.4
2000-07-28;-999.000;7;45.18
2000-07-29;-999.000;7;29.76
2000-07-30;-999.000;7;31.8
2000-07-31;-999.000;7;40.3
2000-08-01;-999.000;8;18.6
2000-08-02;-999.000;8;43.73
2000-08-03;-999.000;8;61.99
2000-08-04;-999.000;8;10.96
2000-08-05;-999.000;8;9.7
2000-08-06;-999.000;8;11.63
2000-08-07;-999.000;8;25.5
2000-08-08;-999.000;8;23.84
2000-08-09;-999.000;8;15.4
2000-08-10;-999.000;8;34.23
2000-08-11;-999.000;8;23.0
2000-08-12;-999.000;8;40.1
2000-08-13;-999.000;8;5.51
2000-08-14;-999.000;8;16.5
2000-08-15;-999.000;8;48.0
2000-08-16;-999.000;8;29.3
2000-08-17;-999.000;8;38.26
2000-08-18;-999.000;8;19.03
2000-08-19;-999.000;8;21.73
2000-08-20;-999.000;8;12.8
2000-08-21;-999.000;8;12.17
2000-08-22;-999.000;8;14.5
2000-08-23;-999.000;8;29.6
2000-08-24;-999.000;8;10.1
2000-08-25;-999.000;8;28.6
2000-08-26;-999.000;8;38.5
2000-08-27;-999.000;8;28.3
2000-08-28;-999.000;8;42.3
2000-08-29;-999.000;8;16.84
2000-08-30;-999.000;8;5.88
2000-08-31;-999.000;8;27.7
2000-09-01;-999.000;9;12.5
2000-09-02;-999.000;9;11.0
2000-09-03;-999.000;9;12.0
2000-09-04;-999.000;9;14.7
2000-09-05;-999.000;9;12.44
2000-09-06;-999.000;9;29.67
2000-09-07;-999.000;9;24.8
2000-09-08;-999.000;9;18.26
2000-09-09;-999.000;9;12.46
2000-09-10;-999.000;9;12.0
2000-09-11;-999.000;9;15.2
2000-09-12;-999.000;9;12.7
2000-09-13;-999.000;9;20.7
2000-09-14;-999.000;9;15.0
2000-09-15;-999.000;9;16.81
2000-09-16;-999.000;9;13.31
2000-09-17;-999.000;9;15.3
2000-09-18;-999.000;9;5.77
2000-09-19;-999.000;9;19.2
2000-09-20;-999.000;9;22.4
2000-09-21;-999.000;9;48.82
2000-09-22;-999.000;9;15.75
2000-09-23;-999.000;9;11.18
2000-09-24;-999.000;9;12.6
2000-09-25;-999.000;9;21.0
2000-09-26;-999.000;9;11.42
2000-09-27;-999.000;9;27.1
2000-09-28;-999.000;9;25.26
2000-09-29;-999.000;9;12.83
2000-09-30;-999.000;9;12.25
2000-10-01;-999.000;10;11.73
2000-10-02;-999.000;10;14.38
2000-10-03;-999.000;10;23.5
2000-10-04;-999.000;10;34.1
2000-10-05;-999.000;10;57.4
2000-10-06;-999.000;10;47.13
2000-10-07;-999.000;10;5.7
2000-10-08;-999.000;10;16.49
2000-10-09;-999.000;10;9.6
2000-10-10;-999.000;10;9.37
2000-10-11;-999.000;10;29.16
2000-10-12;-999.000;10;33.9
2000-10-13;-999.000;10;10.25
2000-10-14;-999.000;10;13.2
2000-10-15;-999.000;10;7.2
2000-10-16;-999.000;10;17.4
2000-10-17;-999.000;10;14.5
2000-10-18;-999.000;10;33.3
2000-10-19;-999.000;10;32.28
2000-10-20;-999.000;10;17.0
2000-10-21;-999.000;10;8.37
2000-10-22;-999.000;10;18.6
2000-10-23;-999.000;10;13.61
2000-10-24;-999.000;10;23.6
2000-10-25;-999.000;10;12.1
2000-10-26;-999.000;10;22.2
2000-10-27;-999.000;10;7.33
2000-10-28;-999.000;10;15.04
2000-10-29;-999.000;10;7.9
2000-10-30;-999.000;10;29.16
2000-10-31;-999.000;10;12.6
2000-11-01;-999.000;11;20.1
2000-11-02;-999.000;11;23.9
2000-11-03;-999.000;11;21.91
2000-11-04;-999.000;11;20.7
2000-11-05;-999.000;11;11.2
2000-11-06;-999.000;11;43.9
2000-11-07;-999.000;11;18.5
2000-11-08;-999.000;11;16.0
2000-11-09;-999.000;11;45.63
2000-11-10;-999.000;11;34.72
2000-11-11;-999.000;11;3.6
2000-11-12;-999.000;11;23.01
2000-11-13;-999.000;11;48.8
2000-11-14;-999.000;11;23.1
2000-11-15;-999.000;11;9.05
2000-11-16;-999.000;11;14.47
2000-11-17;-999.000;11;14.7
2000-11-18;-999.000;11;18.51
2000-11-19;-999.000;11;28.41
2000-11-20;-999.000;11;55.83
2000-11-21;-999.000;11;15.4
2000-11-22;-999.000;11;21.0
2000-11-23;-999.000;11;12.24
2000-11-24;-999.000;11;21.7
2000-11-25;-999.000;11;47.0
2000-11-26;-999.000;11;38.1
2000-11-27;-999.000;11;38.1
2000-11-28;-999.000;11;34.29
2000-11-29;-999.000;11;47.5
2000-11-30;-999.000;11;35.18
2000-12-01;17.17;12;17.17
2000-12-02;16.77;12;16.77
2000-12-03;17.85;12;17.85
2000-12-04;17.17;12;17.17
2000-12-05;16.1;12;16.1
2000-12-06;17.18;12;17.18
2000-12-07;17.81;12;17.81
2000-12-08;16.76;12;16.76
2000-12-09;16.65;12;16.65
2000-12-10;13.56;12;13.56
2000-12-11;12.85;12;12.85
2000-12-12;12.2;12;12.2
2000-12-13;13.49;12;13.49
2000-12-14;14.66;12;14.66
2000-12-15;14.62;12;14.62
2000-12-16;12.78;12;12.78
2000-12-17;32.56;12;32.56
2000-12-18;25.48;12;25.48
2000-12-19;27.7;12;27.7
2000-12-20;46.36;12;46.36
2000-12-21;19.85;12;19.85
2000-12-22;18.4;12;18.4
2000-12-23;14.88;12;14.88
2000-12-24;13.65;12;13.65
2000-12-25;23.78;12;23.78
2000-12-26;21.78;12;21.78
2000-12-27;26.1;12;26.1
2000-12-28;22.29;12;22.29
2000-12-29;23.1;12;23.1
2000-12-30;20.98;12;20.98
2000-12-31;18.22;12;18.22
2001-01-01;24.35;1;24.35
2001-01-02;19.59;1;19.59
2001-01-03;14.77;1;14.77
2001-01-04;14.6;1;14.6
2001-01-05;18.34;1;18.34
2001-01-06;16.52;1;16.52
2001-01-07;13.24;1;13.24
2001-01-08;12.32;1;12.32
2001-01-09;15.3;1;15.3
2001-01-10;19.11;1;19.11
2001-01-11;19.58;1;19.58
2001-01-12;15.07;1;15.07
2001-01-13;12.85;1;12.85
2001-01-14;13.15;1;13.15
2001-01-15;12.26;1;12.26
2001-01-16;11.78;1;11.78
2001-01-17;17.05;1;17.05
2001-01-18;13.69;1;13.69
2001-01-19;11.85;1;11.85
2001-01-20;12.6;1;12.6
2001-01-21;12.05;1;12.05
2001-01-22;12.63;1;12.63
2001-01-23;12.85;1;12.85
2001-01-24;11.42;1;11.42
2001-01-25;11.64;1;11.64
2001-01-26;10.18;1;10.18
2001-01-27;9.1;1;9.1
2001-01-28;9.89;1;9.89
2001-01-29;10.15;1;10.15
2001-01-30;9.39;1;9.39
2001-01-31;11.23;1;11.23
2001-02-01;9.65;2;9.65
2001-02-02;10.65;2;10.65
2001-02-03;14.7;2;14.7
2001-02-04;11.29;2;11.29
2001-02-05;9.91;2;9.91
2001-02-06;6.69;2;6.69
2001-02-07;10.7;2;10.7
2001-02-08;11.08;2;11.08
2001-02-09;11.72;2;11.72
2001-02-10;13.1;2;13.1
2001-02-11;11.07;2;11.07
2001-02-12;10.03;2;10.03
2001-02-13;8.9;2;8.9
2001-02-14;8.95;2;8.95
2001-02-15;8.64;2;8.64
2001-02-16;8.57;2;8.57
2001-02-17;9.21;2;9.21
2001-02-18;9.05;2;9.05
2001-02-19;9.13;2;9.13
2001-02-20;12.36;2;12.36
2001-02-21;15.62;2;15.62
2001-02-22;11.1;2;11.1
2001-02-23;14.34;2;14.34
2001-02-24;15.67;2;15.67
2001-02-25;10.62;2;10.62
2001-02-26;11.08;2;11.08
2001-02-27;22.38;2;22.38
2001-02-28;21.23;2;21.23
2001-03-01;17.55;3;17.55
2001-03-02;16.49;3;16.49
2001-03-03;13.08;3;13.08
2001-03-04;12.19;3;12.19
2001-03-05;15.38;3;15.38
2001-03-06;12.7;3;12.7
2001-03-07;10.64;3;10.64
2001-03-08;9.93;3;9.93
2001-03-09;12.9;3;12.9
2001-03-10;11.47;3;11.47
2001-03-11;9.03;3;9.03
2001-03-12;9.16;3;9.16
2001-03-13;9.13;3;9.13
2001-03-14;12.12;3;12.12
2001-03-15;11.36;3;11.36
2001-03-16;11.97;3;11.97
2001-03-17;9.84;3;9.84
2001-03-18;10.56;3;10.56
2001-03-19;10.2;3;10.2
2001-03-20;12.9;3;12.9
2001-03-21;14.38;3;14.38
2001-03-22;14.27;3;14.27
2001-03-23;12.82;3;12.82
2001-03-24;10.68;3;10.68
2001-03-25;11.42;3;11.42
2001-03-26;10.1;3;10.1
2001-03-27;10.09;3;10.09
2001-03-28;11.56;3;11.56
2001-03-29;9.24;3;9.24
2001-03-30;10.0;3;10.0
2001-03-31;10.21;3;10.21
2001-04-01;9.7;4;9.7
2001-04-02;9.76;4;9.76
2001-04-03;8.85;4;8.85
2001-04-04;7.98;4;7.98
2001-04-05;8.14;4;8.14
2001-04-06;8.5;4;8.5
2001-04-07;13.02;4;13.02
2001-04-08;16.99;4;16.99
2001-04-09;10.86;4;10.86
2001-04-10;8.09;4;8.09
2001-04-11;9.44;4;9.44
2001-04-12;7.75;4;7.75
2001-04-13;16.14;4;16.14
2001-04-14;13.73;4;13.73
2001-04-15;11.46;4;11.46
2001-04-16;10.02;4;10.02
2001-04-17;14.94;4;14.94
2001-04-18;15.81;4;15.81
2001-04-19;10.93;4;10.93
2001-04-20;9.5;4;9.5
2001-04-21;9.24;4;9.24
2001-04-22;16.1;4;16.1
2001-04-23;17.38;4;17.38
2001-04-24;11.89;4;11.89
2001-04-25;9.59;4;9.59
2001-04-26;10.57;4;10.57
2001-04-27;19.25;4;19.25
2001-04-28;18.7;4;18.7
2001-04-29;20.09;4;20.09
2001-04-30;20.61;4;20.61
2001-05-01;25.39;5;25.39
2001-05-02;18.99;5;18.99
2001-05-03;12.81;5;12.81
2001-05-04;11.3;5;11.3
2001-05-05;13.41;5;13.41
2001-05-06;11.99;5;11.99
2001-05-07;9.58;5;9.58
2001-05-08;10.66;5;10.66
2001-05-09;16.74;5;16.74
2001-05-10;14.76;5;14.76
2001-05-11;11.22;5;11.22
2001-05-12;9.57;5;9.57
2001-05-13;8.23;5;8.23
2001-05-14;11.16;5;11.16
2001-05-15;10.37;5;10.37
2001-05-16;9.39;5;9.39
2001-05-17;8.72;5;8.72
2001-05-18;9.17;5;9.17
2001-05-19;10.45;5;10.45
2001-05-20;13.74;5;13.74
2001-05-21;12.01;5;12.01
2001-05-22;12.21;5;12.21
2001-05-23;11.17;5;11.17
2001-05-24;12.56;5;12.56
2001-05-25;11.4;5;11.4
2001-05-26;10.01;5;10.01
2001-05-27;11.95;5;11.95
2001-05-28;15.89;5;15.89
2001-05-29;13.58;5;13.58
2001-05-30;18.99;5;18.99
2001-05-31;23.69;5;23.69
2001-06-01;24.25;6;24.25
2001-06-02;14.41;6;14.41
2001-06-03;11.8;6;11.8
2001-06-04;11.16;6;11.16
2001-06-05;11.93;6;11.93
2001-06-06;7.06;6;7.06
2001-06-07;5.8;6;5.8
2001-06-08;9.41;6;9.41
2001-06-09;41.57;6;41.57
2001-06-10;42.4;6;42.4
2001-06-11;68.73;6;68.73
2001-06-12;30.45;6;30.45
2001-06-13;14.56;6;14.56
2001-06-14;8.56;6;8.56
2001-06-15;9.07;6;9.07
2001-06-16;6.32;6;6.32
2001-06-17;8.45;6;8.45
2001-06-18;18.28;6;18.28
2001-06-19;34.73;6;34.73
2001-06-20;85.4;6;85.4
2001-06-21;32.65;6;32.65
2001-06-22;20.55;6;20.55
2001-06-23;15.3;6;15.3
2001-06-24;19.27;6;19.27
2001-06-25;12.24;6;12.24
2001-06-26;17.89;6;17.89
2001-06-27;30.01;6;30.01
2001-06-28;54.8;6;54.8
2001-06-29;62.06;6;62.06
2001-06-30;53.96;6;53.96
2001-07-01;23.81;7;23.81
2001-07-02;31.11;7;31.11
2001-07-03;28.52;7;28.52
2001-07-04;12.6;7;12.6
2001-07-05;17.03;7;17.03
2001-07-06;23.2;7;23.2
2001-07-07;18.03;7;18.03
2001-07-08;12.48;7;12.48
2001-07-09;9.33;7;9.33
2001-07-10;10.47;7;10.47
2001-07-11;13.86;7;13.86
2001-07-12;9.6;7;9.6
2001-07-13;8.72;7;8.72
2001-07-14;5.12;7;5.12
2001-07-15;5.34;7;5.34
2001-07-16;5.79;7;5.79
2001-07-17;5.44;7;5.44
2001-07-18;4.64;7;4.64
2001-07-19;7.57;7;7.57
2001-07-20;21.59;7;21.59
2001-07-21;30.11;7;30.11
2001-07-22;39.36;7;39.36
2001-07-23;18.62;7;18.62
2001-07-24;12.48;7;12.48
2001-07-25;7.45;7;7.45
2001-07-26;6.56;7;6.56
2001-07-27;7.3;7;7.3
2001-07-28;8.0;7;8.0
2001-07-29;11.97;7;11.97
2001-07-30;7.43;7;7.43
2001-07-31;8.15;7;8.15
2001-08-01;9.3;8;9.3
2001-08-02;26.88;8;26.88
2001-08-03;64.63;8;64.63
2001-08-04;39.44;8;39.44
2001-08-05;21.39;8;21.39
2001-08-06;11.42;8;11.42
2001-08-07;7.5;8;7.5
2001-08-08;5.88;8;5.88
2001-08-09;20.04;8;20.04
2001-08-10;30.02;8;30.02
2001-08-11;82.42;8;82.42
2001-08-12;77.57;8;77.57
2001-08-13;20.91;8;20.91
2001-08-14;10.52;8;10.52
2001-08-15;6.96;8;6.96
2001-08-16;8.07;8;8.07
2001-08-17;15.94;8;15.94
2001-08-18;48.29;8;48.29
2001-08-19;19.69;8;19.69
2001-08-20;10.2;8;10.2
2001-08-21;23.97;8;23.97
2001-08-22;55.0;8;55.0
2001-08-23;26.93;8;26.93
2001-08-24;9.04;8;9.04
2001-08-25;5.51;8;5.51
2001-08-26;4.72;8;4.72
2001-08-27;4.18;8;4.18
2001-08-28;3.45;8;3.45
2001-08-29;3.08;8;3.08
2001-08-30;3.33;8;3.33
2001-08-31;3.35;8;3.35
2001-09-01;4.75;9;4.75
2001-09-02;3.31;9;3.31
2001-09-03;4.06;9;4.06
2001-09-04;4.41;9;4.41
2001-09-05;21.6;9;21.6
2001-09-06;48.82;9;48.82
2001-09-07;24.4;9;24.4
2001-09-08;8.28;9;8.28
2001-09-09;11.4;9;11.4
2001-09-10;6.97;9;6.97
2001-09-11;7.76;9;7.76
2001-09-12;7.89;9;7.89
2001-09-13;6.91;9;6.91
2001-09-14;8.84;9;8.84
2001-09-15;12.46;9;12.46
2001-09-16;13.73;9;13.73
2001-09-17;12.53;9;12.53
2001-09-18;10.46;9;10.46
2001-09-19;10.05;9;10.05
2001-09-20;8.78;9;8.78
2001-09-21;10.03;9;10.03
2001-09-22;9.35;9;9.35
2001-09-23;9.55;9;9.55
2001-09-24;16.26;9;16.26
2001-09-25;9.85;9;9.85
2001-09-26;9.4;9;9.4
2001-09-27;10.19;9;10.19
2001-09-28;12.44;9;12.44
2001-09-29;11.17;9;11.17
2001-09-30;11.22;9;11.22
2001-10-01;9.98;10;9.98
2001-10-02;9.88;10;9.88
2001-10-03;9.4;10;9.4
2001-10-04;9.23;10;9.23
2001-10-05;9.26;10;9.26
2001-10-06;9.11;10;9.11
2001-10-07;7.27;10;7.27
2001-10-08;7.05;10;7.05
2001-10-09;7.35;10;7.35
2001-10-10;7.5;10;7.5
2001-10-11;7.98;10;7.98
2001-10-12;7.71;10;7.71
2001-10-13;7.89;10;7.89
2001-10-14;7.69;10;7.69
2001-10-15;10.98;10;10.98
2001-10-16;6.65;10;6.65
2001-10-17;8.5;10;8.5
2001-10-18;12.06;10;12.06
2001-10-19;7.48;10;7.48
2001-10-20;9.37;10;9.37
2001-10-21;13.59;10;13.59
2001-10-22;10.45;10;10.45
2001-10-23;16.7;10;16.7
2001-10-24;9.11;10;9.11
2001-10-25;6.95;10;6.95
2001-10-26;7.19;10;7.19
2001-10-27;7.39;10;7.39
2001-10-28;7.43;10;7.43
2001-10-29;5.69;10;5.69
2001-10-30;5.99;10;5.99
2001-10-31;5.83;10;5.83
2001-11-01;8.11;11;8.11
2001-11-02;5.57;11;5.57
2001-11-03;5.67;11;5.67
2001-11-04;5.24;11;5.24
2001-11-05;5.53;11;5.53
2001-11-06;5.94;11;5.94
2001-11-07;6.32;11;6.32
2001-11-08;6.4;11;6.4
2001-11-09;10.06;11;10.06
2001-11-10;6.81;11;6.81
2001-11-11;6.95;11;6.95
2001-11-12;12.85;11;12.85
2001-11-13;8.81;11;8.81
2001-11-14;10.8;11;10.8
2001-11-15;7.4;11;7.4
2001-11-16;7.43;11;7.43
2001-11-17;7.4;11;7.4
2001-11-18;7.42;11;7.42
2001-11-19;7.37;11;7.37
2001-11-20;9.0;11;9.0
2001-11-21;7.3;11;7.3
2001-11-22;7.5;11;7.5
2001-11-23;7.59;11;7.59
2001-11-24;6.54;11;6.54
2001-11-25;5.92;11;5.92
2001-11-26;13.02;11;13.02
2001-11-27;22.61;11;22.61
2001-11-28;26.38;11;26.38
2001-11-29;26.07;11;26.07
2001-11-30;44.67;11;44.67
2001-12-01;39.9;12;39.9
2001-12-02;25.53;12;25.53
2001-12-03;19.7;12;19.7
2001-12-04;19.36;12;19.36
2001-12-05;12.65;12;12.65
2001-12-06;10.6;12;10.6
2001-12-07;15.48;12;15.48
2001-12-08;9.03;12;9.03
2001-12-09;13.37;12;13.37
2001-12-10;14.48;12;14.48
2001-12-11;14.91;12;14.91
2001-12-12;22.04;12;22.04
2001-12-13;27.21;12;27.21
2001-12-14;21.27;12;21.27
2001-12-15;20.21;12;20.21
2001-12-16;20.23;12;20.23
2001-12-17;14.91;12;14.91
2001-12-18;16.8;12;16.8
2001-12-19;18.47;12;18.47
2001-12-20;14.52;12;14.52
2001-12-21;13.42;12;13.42
2001-12-22;10.92;12;10.92
2001-12-23;9.96;12;9.96
2001-12-24;13.11;12;13.11
2001-12-25;11.16;12;11.16
2001-12-26;9.78;12;9.78
2001-12-27;13.02;12;13.02
2001-12-28;11.4;12;11.4
2001-12-29;9.6;12;9.6
2001-12-30;9.6;12;9.6
2001-12-31;8.3;12;8.3
2002-01-01;6.64;1;6.64
2002-01-02;17.59;1;17.59
2002-01-03;9.96;1;9.96
2002-01-04;9.96;1;9.96
2002-01-05;15.85;1;15.85
2002-01-06;11.68;1;11.68
2002-01-07;10.2;1;10.2
2002-01-08;17.06;1;17.06
2002-01-09;15.42;1;15.42
2002-01-10;12.36;1;12.36
2002-01-11;11.28;1;11.28
2002-01-12;16.93;1;16.93
2002-01-13;17.96;1;17.96
2002-01-14;15.96;1;15.96
2002-01-15;14.11;1;14.11
2002-01-16;10.92;1;10.92
2002-01-17;9.6;1;9.6
2002-01-18;8.91;1;8.91
2002-01-19;8.48;1;8.48
2002-01-20;13.3;1;13.3
2002-01-21;8.39;1;8.39
2002-01-22;7.95;1;7.95
2002-01-23;7.6;1;7.6
2002-01-24;7.34;1;7.34
2002-01-25;7.25;1;7.25
2002-01-26;7.07;1;7.07
2002-01-27;9.21;1;9.21
2002-01-28;6.46;1;6.46
2002-01-29;6.72;1;6.72
2002-01-30;6.46;1;6.46
2002-01-31;6.11;1;6.11
2002-02-01;12.52;2;12.52
2002-02-02;14.75;2;14.75
2002-02-03;12.72;2;12.72
2002-02-04;11.91;2;11.91
2002-02-05;25.61;2;25.61
2002-02-06;10.44;2;10.44
2002-02-07;7.69;2;7.69
2002-02-08;8.39;2;8.39
2002-02-09;6.46;2;6.46
2002-02-10;6.64;2;6.64
2002-02-11;7.25;2;7.25
2002-02-12;5.85;2;5.85
2002-02-13;5.73;2;5.73
2002-02-14;5.21;2;5.21
2002-02-15;5.15;2;5.15
2002-02-16;5.27;2;5.27
2002-02-17;4.93;2;4.93
2002-02-18;4.98;2;4.98
2002-02-19;5.04;2;5.04
2002-02-20;4.93;2;4.93
2002-02-21;4.87;2;4.87
2002-02-22;4.93;2;4.93
2002-02-23;4.7;2;4.7
2002-02-24;4.69;2;4.69
2002-02-25;4.69;2;4.69
2002-02-26;9.44;2;9.44
2002-02-27;8.54;2;8.54
2002-02-28;5.39;2;5.39
2002-03-01;5.44;3;5.44
2002-03-02;5.86;3;5.86
2002-03-03;5.1;3;5.1
2002-03-04;12.43;3;12.43
2002-03-05;11.05;3;11.05
2002-03-06;6.26;3;6.26
2002-03-07;15.67;3;15.67
2002-03-08;7.34;3;7.34
2002-03-09;9.82;3;9.82
2002-03-10;8.1;3;8.1
2002-03-11;9.25;3;9.25
2002-03-12;9.57;3;9.57
2002-03-13;6.56;3;6.56
2002-03-14;5.27;3;5.27
2002-03-15;6.03;3;6.03
2002-03-16;5.15;3;5.15
2002-03-17;6.41;3;6.41
2002-03-18;7.02;3;7.02
2002-03-19;15.99;3;15.99
2002-03-20;17.86;3;17.86
2002-03-21;15.24;3;15.24
2002-03-22;19.05;3;19.05
2002-03-23;13.17;3;13.17
2002-03-24;13.95;3;13.95
2002-03-25;12.97;3;12.97
2002-03-26;11.55;3;11.55
2002-03-27;12.53;3;12.53
2002-03-28;19.95;3;19.95
2002-03-29;22.56;3;22.56
2002-03-30;17.81;3;17.81
2002-03-31;13.47;3;13.47
2002-04-01;13.85;4;13.85
2002-04-02;12.18;4;12.18
2002-04-03;13.64;4;13.64
2002-04-04;13.18;4;13.18
2002-04-05;13.57;4;13.57
2002-04-06;14.03;4;14.03
2002-04-07;24.08;4;24.08
2002-04-08;23.39;4;23.39
2002-04-09;23.31;4;23.31
2002-04-10;17.77;4;17.77
2002-04-11;14.75;4;14.75
2002-04-12;13.01;4;13.01
2002-04-13;12.04;4;12.04
2002-04-14;12.59;4;12.59
2002-04-15;15.29;4;15.29
2002-04-16;11.92;4;11.92
2002-04-17;11.4;4;11.4
2002-04-18;16.42;4;16.42
2002-04-19;12.5;4;12.5
2002-04-20;26.23;4;26.23
2002-04-21;19.43;4;19.43
2002-04-22;16.71;4;16.71
2002-04-23;17.17;4;17.17
2002-04-24;17.54;4;17.54
2002-04-25;47.1;4;47.1
2002-04-26;88.16;4;88.16
2002-04-27;56.5;4;56.5
2002-04-28;42.22;4;42.22
2002-04-29;41.32;4;41.32
2002-04-30;29.95;4;29.95
2002-05-01;22.68;5;22.68
2002-05-02;24.37;5;24.37
2002-05-03;27.91;5;27.91
2002-05-04;22.18;5;22.18
2002-05-05;18.15;5;18.15
2002-05-06;19.38;5;19.38
2002-05-07;20.85;5;20.85
2002-05-08;17.95;5;17.95
2002-05-09;18.77;5;18.77
2002-05-10;17.6;5;17.6
2002-05-11;20.94;5;20.94
2002-05-12;25.99;5;25.99
2002-05-13;35.99;5;35.99
2002-05-14;29.43;5;29.43
2002-05-15;28.39;5;28.39
2002-05-16;23.69;5;23.69
2002-05-17;22.45;5;22.45
2002-05-18;19.72;5;19.72
2002-05-19;18.62;5;18.62
2002-05-20;16.43;5;16.43
2002-05-21;16.97;5;16.97
2002-05-22;16.12;5;16.12
2002-05-23;15.19;5;15.19
2002-05-24;12.78;5;12.78
2002-05-25;10.91;5;10.91
2002-05-26;21.01;5;21.01
2002-05-27;30.88;5;30.88
2002-05-28;24.68;5;24.68
2002-05-29;17.98;5;17.98
2002-05-30;14.5;5;14.5
2002-05-31;17.78;5;17.78
2002-06-01;19.19;6;19.19
2002-06-02;15.63;6;15.63
2002-06-03;13.42;6;13.42
2002-06-04;16.94;6;16.94
2002-06-05;22.71;6;22.71
2002-06-06;50.92;6;50.92
2002-06-07;54.32;6;54.32
2002-06-08;31.47;6;31.47
2002-06-09;23.24;6;23.24
2002-06-10;22.71;6;22.71
2002-06-11;24.18;6;24.18
2002-06-12;38.34;6;38.34
2002-06-13;24.98;6;24.98
2002-06-14;17.3;6;17.3
2002-06-15;20.22;6;20.22
2002-06-16;28.87;6;28.87
2002-06-17;27.07;6;27.07
2002-06-18;33.79;6;33.79
2002-06-19;37.3;6;37.3
2002-06-20;56.64;6;56.64
2002-06-21;47.07;6;47.07
2002-06-22;28.68;6;28.68
2002-06-23;25.01;6;25.01
2002-06-24;41.34;6;41.34
2002-06-25;85.22;6;85.22
2002-06-26;64.42;6;64.42
2002-06-27;35.31;6;35.31
2002-06-28;26.09;6;26.09
2002-06-29;20.61;6;20.61
2002-06-30;35.89;6;35.89
2002-07-01;37.19;7;37.19
2002-07-02;44.71;7;44.71
2002-07-03;38.36;7;38.36
2002-07-04;30.52;7;30.52
2002-07-05;28.54;7;28.54
2002-07-06;27.43;7;27.43
2002-07-07;23.14;7;23.14
2002-07-08;18.67;7;18.67
2002-07-09;16.67;7;16.67
2002-07-10;14.98;7;14.98
2002-07-11;17.19;7;17.19
2002-07-12;25.55;7;25.55
2002-07-13;44.3;7;44.3
2002-07-14;25.55;7;25.55
2002-07-15;22.82;7;22.82
2002-07-16;26.04;7;26.04
2002-07-17;25.8;7;25.8
2002-07-18;45.6;7;45.6
2002-07-19;36.78;7;36.78
2002-07-20;20.91;7;20.91
2002-07-21;17.58;7;17.58
2002-07-22;15.35;7;15.35
2002-07-23;14.43;7;14.43
2002-07-24;14.87;7;14.87
2002-07-25;15.41;7;15.41
2002-07-26;44.14;7;44.14
2002-07-27;29.74;7;29.74
2002-07-28;19.8;7;19.8
2002-07-29;41.62;7;41.62
2002-07-30;28.11;7;28.11
2002-07-31;19.58;7;19.58
2002-08-01;25.89;8;25.89
2002-08-02;19.94;8;19.94
2002-08-03;18.72;8;18.72
2002-08-04;33.58;8;33.58
2002-08-05;31.84;8;31.84
2002-08-06;18.22;8;18.22
2002-08-07;24.66;8;24.66
2002-08-08;53.5;8;53.5
2002-08-09;51.11;8;51.11
2002-08-10;31.63;8;31.63
2002-08-11;20.15;8;20.15
2002-08-12;23.89;8;23.89
2002-08-13;21.7;8;21.7
2002-08-14;39.65;8;39.65
2002-08-15;63.06;8;63.06
2002-08-16;67.52;8;67.52
2002-08-17;43.2;8;43.2
2002-08-18;25.16;8;25.16
2002-08-19;19.44;8;19.44
2002-08-20;16.24;8;16.24
2002-08-21;22.01;8;22.01
2002-08-22;15.71;8;15.71
2002-08-23;18.18;8;18.18
2002-08-24;21.5;8;21.5
2002-08-25;23.21;8;23.21
2002-08-26;18.44;8;18.44
2002-08-27;16.15;8;16.15
2002-08-28;15.79;8;15.79
2002-08-29;16.38;8;16.38
2002-08-30;13.31;8;13.31
2002-08-31;12.39;8;12.39
2002-09-01;14.05;9;14.05
2002-09-02;13.05;9;13.05
2002-09-03;19.87;9;19.87
2002-09-04;17.76;9;17.76
2002-09-05;12.72;9;12.72
2002-09-06;11.16;9;11.16
2002-09-07;11.21;9;11.21
2002-09-08;9.73;9;9.73
2002-09-09;12.52;9;12.52
2002-09-10;9.28;9;9.28
2002-09-11;10.4;9;10.4
2002-09-12;10.05;9;10.05
2002-09-13;9.86;9;9.86
2002-09-14;9.04;9;9.04
2002-09-15;9.44;9;9.44
2002-09-16;9.3;9;9.3
2002-09-17;9.75;9;9.75
2002-09-18;9.45;9;9.45
2002-09-19;8.47;9;8.47
2002-09-20;5.73;9;5.73
2002-09-21;-999.000;9;22.9
2002-09-22;5.15;9;5.15
2002-09-23;10.15;9;10.15
2002-09-24;9.68;9;9.68
2002-09-25;-999.000;9;8.58
2002-09-26;-999.000;9;6.03
2002-09-27;-999.000;9;36.6
2002-09-28;-999.000;9;14.11
2002-09-29;-999.000;9;18.3
2002-09-30;-999.000;9;19.46
2002-10-01;8.61;10;8.61
2002-10-02;8.4;10;8.4
2002-10-03;8.28;10;8.28
2002-10-04;8.8;10;8.8
2002-10-05;8.65;10;8.65
2002-10-06;8.35;10;8.35
2002-10-07;9.43;10;9.43
2002-10-08;9.28;10;9.28
2002-10-09;8.27;10;8.27
2002-10-10;8.34;10;8.34
2002-10-11;8.37;10;8.37
2002-10-12;8.49;10;8.49
2002-10-13;9.19;10;9.19
2002-10-14;9.19;10;9.19
2002-10-15;8.84;10;8.84
2002-10-16;9.09;10;9.09
2002-10-17;8.98;10;8.98
2002-10-18;8.93;10;8.93
2002-10-19;9.19;10;9.19
2002-10-20;9.93;10;9.93
2002-10-21;12.13;10;12.13
2002-10-22;9.51;10;9.51
2002-10-23;10.17;10;10.17
2002-10-24;12.14;10;12.14
2002-10-25;11.43;10;11.43
2002-10-26;12.42;10;12.42
2002-10-27;21.46;10;21.46
2002-10-28;12.52;10;12.52
2002-10-29;14.1;10;14.1
2002-10-30;21.17;10;21.17
2002-10-31;17.11;10;17.11
2002-11-01;12.78;11;12.78
2002-11-02;12.31;11;12.31
2002-11-03;13.22;11;13.22
2002-11-04;14.15;11;14.15
2002-11-05;19.11;11;19.11
2002-11-06;14.62;11;14.62
2002-11-07;13.01;11;13.01
2002-11-08;12.97;11;12.97
2002-11-09;14.74;11;14.74
2002-11-10;13.74;11;13.74
2002-11-11;11.55;11;11.55
2002-11-12;11.51;11;11.51
2002-11-13;11.31;11;11.31
2002-11-14;11.55;11;11.55
2002-11-15;12.38;11;12.38
2002-11-16;14.14;11;14.14
2002-11-17;16.18;11;16.18
2002-11-18;11.93;11;11.93
2002-11-19;12.34;11;12.34
2002-11-20;12.35;11;12.35
2002-11-21;11.2;11;11.2
2002-11-22;13.71;11;13.71
2002-11-23;14.13;11;14.13
2002-11-24;14.27;11;14.27
2002-11-25;12.15;11;12.15
2002-11-26;11.39;11;11.39
2002-11-27;10.62;11;10.62
2002-11-28;10.33;11;10.33
2002-11-29;9.74;11;9.74
2002-11-30;9.88;11;9.88
2002-12-01;7.87;12;7.87
2002-12-02;8.4;12;8.4
2002-12-03;8.58;12;8.58
2002-12-04;9.19;12;9.19
2002-12-05;8.74;12;8.74
2002-12-06;8.76;12;8.76
2002-12-07;8.09;12;8.09
2002-12-08;8.22;12;8.22
2002-12-09;8.67;12;8.67
2002-12-10;8.85;12;8.85
2002-12-11;14.15;12;14.15
2002-12-12;13.31;12;13.31
2002-12-13;12.39;12;12.39
2002-12-14;12.27;12;12.27
2002-12-15;13.02;12;13.02
2002-12-16;58.13;12;58.13
2002-12-17;45.3;12;45.3
2002-12-18;29.87;12;29.87
2002-12-19;31.29;12;31.29
2002-12-20;19.35;12;19.35
2002-12-21;16.15;12;16.15
2002-12-22;16.38;12;16.38
2002-12-23;15.52;12;15.52
2002-12-24;15.95;12;15.95
2002-12-25;12.72;12;12.72
2002-12-26;12.67;12;12.67
2002-12-27;11.75;12;11.75
2002-12-28;11.49;12;11.49
2002-12-29;11.5;12;11.5
2002-12-30;11.59;12;11.59
2002-12-31;11.35;12;11.35
2003-01-01;3.37;1;3.37
2003-01-02;3.88;1;3.88
2003-01-03;6.27;1;6.27
2003-01-04;5.8;1;5.8
2003-01-05;3.83;1;3.83
2003-01-06;4.01;1;4.01
2003-01-07;4.29;1;4.29
2003-01-08;4.29;1;4.29
2003-01-09;4.29;1;4.29
2003-01-10;4.41;1;4.41
2003-01-11;4.18;1;4.18
2003-01-12;4.06;1;4.06
2003-01-13;4.47;1;4.47
2003-01-14;3.72;1;3.72
2003-01-15;9.21;1;9.21
2003-01-16;9.61;1;9.61
2003-01-17;12.6;1;12.6
2003-01-18;4.47;1;4.47
2003-01-19;5.25;1;5.25
2003-01-20;4.47;1;4.47
2003-01-21;3.49;1;3.49
2003-01-22;4.18;1;4.18
2003-01-23;4.64;1;4.64
2003-01-24;5.04;1;5.04
2003-01-25;6.55;1;6.55
2003-01-26;3.78;1;3.78
2003-01-27;4.52;1;4.52
2003-01-28;4.58;1;4.58
2003-01-29;4.12;1;4.12
2003-01-30;4.23;1;4.23
2003-01-31;4.52;1;4.52
2003-02-01;6.24;2;6.24
2003-02-02;7.16;2;7.16
2003-02-03;7.34;2;7.34
2003-02-04;5.94;2;5.94
2003-02-05;8.3;2;8.3
2003-02-06;7.07;2;7.07
2003-02-07;5.89;2;5.89
2003-02-08;5.75;2;5.75
2003-02-09;6.03;2;6.03
2003-02-10;3.55;2;3.55
2003-02-11;4.87;2;4.87
2003-02-12;4.64;2;4.64
2003-02-13;3.66;2;3.66
2003-02-14;3.0;2;3.0
2003-02-15;7.99;2;7.99
2003-02-16;10.32;2;10.32
2003-02-17;7.07;2;7.07
2003-02-18;5.39;2;5.39
2003-02-19;4.64;2;4.64
2003-02-20;3.95;2;3.95
2003-02-21;4.41;2;4.41
2003-02-22;3.78;2;3.78
2003-02-23;4.53;2;4.53
2003-02-24;5.21;2;5.21
2003-02-25;4.23;2;4.23
2003-02-26;4.73;2;4.73
2003-02-27;6.64;2;6.64
2003-02-28;18.71;2;18.71
2003-03-01;12.61;3;12.61
2003-03-02;14.02;3;14.02
2003-03-03;13.1;3;13.1
2003-03-04;12.53;3;12.53
2003-03-05;13.08;3;13.08
2003-03-06;13.36;3;13.36
2003-03-07;9.99;3;9.99
2003-03-08;9.29;3;9.29
2003-03-09;9.31;3;9.31
2003-03-10;8.05;3;8.05
2003-03-11;7.16;3;7.16
2003-03-12;8.7;3;8.7
2003-03-13;8.99;3;8.99
2003-03-14;17.53;3;17.53
2003-03-15;14.08;3;14.08
2003-03-16;13.95;3;13.95
2003-03-17;13.44;3;13.44
2003-03-18;10.9;3;10.9
2003-03-19;12.13;3;12.13
2003-03-20;12.49;3;12.49
2003-03-21;13.6;3;13.6
2003-03-22;13.49;3;13.49
2003-03-23;13.82;3;13.82
2003-03-24;11.6;3;11.6
2003-03-25;17.64;3;17.64
2003-03-26;24.82;3;24.82
2003-03-27;60.14;3;60.14
2003-03-28;40.94;3;40.94
2003-03-29;24.42;3;24.42
2003-03-30;26.44;3;26.44
2003-03-31;23.61;3;23.61
2003-04-01;16.67;4;16.67
2003-04-02;15.11;4;15.11
2003-04-03;14.48;4;14.48
2003-04-04;16.12;4;16.12
2003-04-05;13.54;4;13.54
2003-04-06;11.97;4;11.97
2003-04-07;10.77;4;10.77
2003-04-08;10.95;4;10.95
2003-04-09;13.22;4;13.22
2003-04-10;16.77;4;16.77
2003-04-11;21.57;4;21.57
2003-04-12;15.61;4;15.61
2003-04-13;13.81;4;13.81
2003-04-14;16.1;4;16.1
2003-04-15;16.95;4;16.95
2003-04-16;18.21;4;18.21
2003-04-17;24.51;4;24.51
2003-04-18;34.97;4;34.97
2003-04-19;21.24;4;21.24
2003-04-20;30.44;4;30.44
2003-04-21;25.29;4;25.29
2003-04-22;29.96;4;29.96
2003-04-23;35.41;4;35.41
2003-04-24;28.17;4;28.17
2003-04-25;30.26;4;30.26
2003-04-26;25.95;4;25.95
2003-04-27;21.3;4;21.3
2003-04-28;22.58;4;22.58
2003-04-29;19.27;4;19.27
2003-04-30;17.5;4;17.5
2003-05-01;20.04;5;20.04
2003-05-02;22.47;5;22.47
2003-05-03;15.57;5;15.57
2003-05-04;14.93;5;14.93
2003-05-05;14.06;5;14.06
2003-05-06;15.16;5;15.16
2003-05-07;20.49;5;20.49
2003-05-08;20.63;5;20.63
2003-05-09;17.92;5;17.92
2003-05-10;25.34;5;25.34
2003-05-11;22.96;5;22.96
2003-05-12;26.08;5;26.08
2003-05-13;33.91;5;33.91
2003-05-14;44.09;5;44.09
2003-05-15;38.11;5;38.11
2003-05-16;40.77;5;40.77
2003-05-17;41.85;5;41.85
2003-05-18;59.46;5;59.46
2003-05-19;39.72;5;39.72
2003-05-20;41.28;5;41.28
2003-05-21;33.29;5;33.29
2003-05-22;24.96;5;24.96
2003-05-23;22.16;5;22.16
2003-05-24;17.92;5;17.92
2003-05-25;23.06;5;23.06
2003-05-26;22.19;5;22.19
2003-05-27;35.0;5;35.0
2003-05-28;23.29;5;23.29
2003-05-29;22.0;5;22.0
2003-05-30;19.89;5;19.89
2003-05-31;19.44;5;19.44
2003-06-01;21.47;6;21.47
2003-06-02;22.37;6;22.37
2003-06-03;18.3;6;18.3
2003-06-04;16.98;6;16.98
2003-06-05;16.87;6;16.87
2003-06-06;18.34;6;18.34
2003-06-07;15.52;6;15.52
2003-06-08;14.28;6;14.28
2003-06-09;12.12;6;12.12
2003-06-10;12.53;6;12.53
2003-06-11;11.76;6;11.76
2003-06-12;14.49;6;14.49
2003-06-13;18.64;6;18.64
2003-06-14;15.86;6;15.86
2003-06-15;18.68;6;18.68
2003-06-16;16.6;6;16.6
2003-06-17;16.44;6;16.44
2003-06-18;19.4;6;19.4
2003-06-19;15.68;6;15.68
2003-06-20;26.85;6;26.85
2003-06-21;20.5;6;20.5
2003-06-22;15.69;6;15.69
2003-06-23;15.32;6;15.32
2003-06-24;21.81;6;21.81
2003-06-25;29.7;6;29.7
2003-06-26;34.43;6;34.43
2003-06-27;26.82;6;26.82
2003-06-28;21.09;6;21.09
2003-06-29;18.25;6;18.25
2003-06-30;21.79;6;21.79
2003-07-01;18.3;7;18.3
2003-07-02;12.6;7;12.6
2003-07-03;14.43;7;14.43
2003-07-04;16.27;7;16.27
2003-07-05;17.5;7;17.5
2003-07-06;15.82;7;15.82
2003-07-07;17.71;7;17.71
2003-07-08;19.9;7;19.9
2003-07-09;22.54;7;22.54
2003-07-10;17.17;7;17.17
2003-07-11;23.82;7;23.82
2003-07-12;44.65;7;44.65
2003-07-13;45.05;7;45.05
2003-07-14;26.25;7;26.25
2003-07-15;15.92;7;15.92
2003-07-16;14.64;7;14.64
2003-07-17;16.64;7;16.64
2003-07-18;40.79;7;40.79
2003-07-19;29.7;7;29.7
2003-07-20;33.23;7;33.23
2003-07-21;25.08;7;25.08
2003-07-22;30.27;7;30.27
2003-07-23;23.24;7;23.24
2003-07-24;39.92;7;39.92
2003-07-25;60.33;7;60.33
2003-07-26;51.87;7;51.87
2003-07-27;47.44;7;47.44
2003-07-28;36.65;7;36.65
2003-07-29;18.8;7;18.8
2003-07-30;48.06;7;48.06
2003-07-31;64.4;7;64.4
2003-08-01;38.24;8;38.24
2003-08-02;23.84;8;23.84
2003-08-03;19.36;8;19.36
2003-08-04;16.85;8;16.85
2003-08-05;16.04;8;16.04
2003-08-06;14.22;8;14.22
2003-08-07;12.77;8;12.77
2003-08-08;14.96;8;14.96
2003-08-09;16.17;8;16.17
2003-08-10;13.66;8;13.66
2003-08-11;14.69;8;14.69
2003-08-12;12.19;8;12.19
2003-08-13;12.5;8;12.5
2003-08-14;11.58;8;11.58
2003-08-15;19.52;8;19.52
2003-08-16;21.89;8;21.89
2003-08-17;14.93;8;14.93
2003-08-18;12.48;8;12.48
2003-08-19;12.85;8;12.85
2003-08-20;13.11;8;13.11
2003-08-21;12.85;8;12.85
2003-08-22;11.44;8;11.44
2003-08-23;11.71;8;11.71
2003-08-24;12.78;8;12.78
2003-08-25;11.92;8;11.92
2003-08-26;11.84;8;11.84
2003-08-27;16.84;8;16.84
2003-08-28;28.79;8;28.79
2003-08-29;24.82;8;24.82
2003-08-30;31.43;8;31.43
2003-08-31;25.78;8;25.78
2003-09-01;14.58;9;14.58
2003-09-02;20.92;9;20.92
2003-09-03;21.23;9;21.23
2003-09-04;30.62;9;30.62
2003-09-05;12.81;9;12.81
2003-09-06;16.23;9;16.23
2003-09-07;4.23;9;4.23
2003-09-08;9.0;9;9.0
2003-09-09;32.3;9;32.3
2003-09-10;32.23;9;32.23
2003-09-11;16.49;9;16.49
2003-09-12;4.41;9;4.41
2003-09-13;5.21;9;5.21
2003-09-14;4.23;9;4.23
2003-09-15;4.75;9;4.75
2003-09-16;5.44;9;5.44
2003-09-17;4.47;9;4.47
2003-09-18;5.85;9;5.85
2003-09-19;4.35;9;4.35
2003-09-20;5.21;9;5.21
2003-09-21;5.88;9;5.88
2003-09-22;6.81;9;6.81
2003-09-23;4.81;9;4.81
2003-09-24;7.07;9;7.07
2003-09-25;8.41;9;8.41
2003-09-26;3.78;9;3.78
2003-09-27;5.39;9;5.39
2003-09-28;5.42;9;5.42
2003-09-29;5.04;9;5.04
2003-09-30;11.04;9;11.04
2003-10-01;12.24;10;12.24
2003-10-02;16.5;10;16.5
2003-10-03;12.84;10;12.84
2003-10-04;13.08;10;13.08
2003-10-05;23.47;10;23.47
2003-10-06;33.43;10;33.43
2003-10-07;25.08;10;25.08
2003-10-08;23.14;10;23.14
2003-10-09;18.5;10;18.5
2003-10-10;12.12;10;12.12
2003-10-11;13.68;10;13.68
2003-10-12;15.42;10;15.42
2003-10-13;12.72;10;12.72
2003-10-14;6.82;10;6.82
2003-10-15;21.47;10;21.47
2003-10-16;13.73;10;13.73
2003-10-17;12.36;10;12.36
2003-10-18;14.34;10;14.34
2003-10-19;13.2;10;13.2
2003-10-20;10.2;10;10.2
2003-10-21;11.28;10;11.28
2003-10-22;12.48;10;12.48
2003-10-23;11.28;10;11.28
2003-10-24;9.48;10;9.48
2003-10-25;10.8;10;10.8
2003-10-26;9.72;10;9.72
2003-10-27;10.08;10;10.08
2003-10-28;10.44;10;10.44
2003-10-29;27.78;10;27.78
2003-10-30;31.02;10;31.02
2003-10-31;40.51;10;40.51
2003-11-01;15.02;11;15.02
2003-11-02;15.28;11;15.28
2003-11-03;10.26;11;10.26
2003-11-04;6.82;11;6.82
2003-11-05;11.21;11;11.21
2003-11-06;6.03;11;6.03
2003-11-07;9.73;11;9.73
2003-11-08;11.64;11;11.64
2003-11-09;7.56;11;7.56
2003-11-10;14.0;11;14.0
2003-11-11;3.89;11;3.89
2003-11-12;5.44;11;5.44
2003-11-13;9.93;11;9.93
2003-11-14;9.6;11;9.6
2003-11-15;12.0;11;12.0
2003-11-16;13.27;11;13.27
2003-11-17;13.59;11;13.59
2003-11-18;10.2;11;10.2
2003-11-19;12.6;11;12.6
2003-11-20;16.9;11;16.9
2003-11-21;17.89;11;17.89
2003-11-22;16.77;11;16.77
2003-11-23;14.3;11;14.3
2003-11-24;14.94;11;14.94
2003-11-25;18.7;11;18.7
2003-11-26;8.04;11;8.04
2003-11-27;18.5;11;18.5
2003-11-28;10.0;11;10.0
2003-11-29;12.88;11;12.88
2003-11-30;25.08;11;25.08
2003-12-01;20.84;12;20.84
2003-12-02;19.66;12;19.66
2003-12-03;14.75;12;14.75
2003-12-04;38.64;12;38.64
2003-12-05;27.39;12;27.39
2003-12-06;18.64;12;18.64
2003-12-07;26.32;12;26.32
2003-12-08;21.19;12;21.19
2003-12-09;10.32;12;10.32
2003-12-10;8.82;12;8.82
2003-12-11;10.33;12;10.33
2003-12-12;7.77;12;7.77
2003-12-13;13.59;12;13.59
2003-12-14;12.87;12;12.87
2003-12-15;10.89;12;10.89
2003-12-16;7.16;12;7.16
2003-12-17;5.94;12;5.94
2003-12-18;7.43;12;7.43
2003-12-19;7.96;12;7.96
2003-12-20;22.63;12;22.63
2003-12-21;38.56;12;38.56
2003-12-22;22.22;12;22.22
2003-12-23;13.56;12;13.56
2003-12-24;9.76;12;9.76
2003-12-25;6.38;12;6.38
2003-12-26;14.13;12;14.13
2003-12-27;24.12;12;24.12
2003-12-28;19.83;12;19.83
2003-12-29;15.06;12;15.06
2003-12-30;22.33;12;22.33
2003-12-31;8.92;12;8.92
2004-01-01;8.78;1;8.78
2004-01-02;6.2;1;6.2
2004-01-03;6.38;1;6.38
2004-01-04;19.68;1;19.68
2004-01-05;6.02;1;6.02
2004-01-06;13.5;1;13.5
2004-01-07;18.47;1;18.47
2004-01-08;9.87;1;9.87
2004-01-09;31.18;1;31.18
2004-01-10;12.85;1;12.85
2004-01-11;14.88;1;14.88
2004-01-12;26.1;1;26.1
2004-01-13;9.25;1;9.25
2004-01-14;10.79;1;10.79
2004-01-15;15.69;1;15.69
2004-01-16;88.33;1;88.33
2004-01-17;37.92;1;37.92
2004-01-18;17.44;1;17.44
2004-01-19;16.93;1;16.93
2004-01-20;12.24;1;12.24
2004-01-21;16.77;1;16.77
2004-01-22;57.47;1;57.47
2004-01-23;44.8;1;44.8
2004-01-24;30.58;1;30.58
2004-01-25;21.46;1;21.46
2004-01-26;22.33;1;22.33
2004-01-27;9.91;1;9.91
2004-01-28;6.29;1;6.29
2004-01-29;7.68;1;7.68
2004-01-30;9.24;1;9.24
2004-01-31;10.92;1;10.92
2004-02-01;9.72;2;9.72
2004-02-02;9.12;2;9.12
2004-02-03;8.68;2;8.68
2004-02-04;7.55;2;7.55
2004-02-05;5.85;2;5.85
2004-02-06;5.68;2;5.68
2004-02-07;6.03;2;6.03
2004-02-08;7.25;2;7.25
2004-02-09;6.09;2;6.09
2004-02-10;5.15;2;5.15
2004-02-11;6.2;2;6.2
2004-02-12;5.71;2;5.71
2004-02-13;5.04;2;5.04
2004-02-14;6.29;2;6.29
2004-02-15;8.49;2;8.49
2004-02-16;5.1;2;5.1
2004-02-17;4.93;2;4.93
2004-02-18;4.87;2;4.87
2004-02-19;5.53;2;5.53
2004-02-20;5.45;2;5.45
2004-02-21;10.2;2;10.2
2004-02-22;4.7;2;4.7
2004-02-23;7.51;2;7.51
2004-02-24;9.52;2;9.52
2004-02-25;6.81;2;6.81
2004-02-26;6.29;2;6.29
2004-02-27;7.25;2;7.25
2004-02-28;6.38;2;6.38
2004-02-29;5.15;2;5.15
2004-03-01;5.04;3;5.04
2004-03-02;7.86;3;7.86
2004-03-03;17.79;3;17.79
2004-03-04;14.75;3;14.75
2004-03-05;9.78;3;9.78
2004-03-06;5.27;3;5.27
2004-03-07;4.98;3;4.98
2004-03-08;5.04;3;5.04
2004-03-09;5.8;3;5.8
2004-03-10;7.69;3;7.69
2004-03-11;8.74;3;8.74
2004-03-12;6.55;3;6.55
2004-03-13;6.55;3;6.55
2004-03-14;9.55;3;9.55
2004-03-15;6.64;3;6.64
2004-03-16;3.89;3;3.89
2004-03-17;6.2;3;6.2
2004-03-18;6.99;3;6.99
2004-03-19;8.3;3;8.3
2004-03-20;5.85;3;5.85
2004-03-21;7.25;3;7.25
2004-03-22;7.25;3;7.25
2004-03-23;7.34;3;7.34
2004-03-24;9.72;3;9.72
2004-03-25;6.1;3;6.1
2004-03-26;4.58;3;4.58
2004-03-27;5.74;3;5.74
2004-03-28;8.39;3;8.39
2004-03-29;10.92;3;10.92
2004-03-30;12.0;3;12.0
2004-03-31;14.75;3;14.75
2004-04-01;5.1;4;5.1
2004-04-02;4.81;4;4.81
2004-04-03;4.12;4;4.12
2004-04-04;3.95;4;3.95
2004-04-05;4.24;4;4.24
2004-04-06;4.18;4;4.18
2004-04-07;4.01;4;4.01
2004-04-08;3.2;4;3.2
2004-04-09;14.63;4;14.63
2004-04-10;19.35;4;19.35
2004-04-11;15.2;4;15.2
2004-04-12;20.02;4;20.02
2004-04-13;8.85;4;8.85
2004-04-14;8.48;4;8.48
2004-04-15;16.77;4;16.77
2004-04-16;32.0;4;32.0
2004-04-17;12.78;4;12.78
2004-04-18;11.44;4;11.44
2004-04-19;14.64;4;14.64
2004-04-20;19.3;4;19.3
2004-04-21;14.48;4;14.48
2004-04-22;13.76;4;13.76
2004-04-23;19.34;4;19.34
2004-04-24;26.25;4;26.25
2004-04-25;28.61;4;28.61
2004-04-26;21.02;4;21.02
2004-04-27;21.44;4;21.44
2004-04-28;18.71;4;18.71
2004-04-29;17.57;4;17.57
2004-04-30;13.53;4;13.53
2004-05-01;14.19;5;14.19
2004-05-02;13.62;5;13.62
2004-05-03;15.47;5;15.47
2004-05-04;20.43;5;20.43
2004-05-05;19.75;5;19.75
2004-05-06;22.17;5;22.17
2004-05-07;15.64;5;15.64
2004-05-08;14.34;5;14.34
2004-05-09;17.93;5;17.93
2004-05-10;23.15;5;23.15
2004-05-11;19.51;5;19.51
2004-05-12;14.77;5;14.77
2004-05-13;15.59;5;15.59
2004-05-14;14.37;5;14.37
2004-05-15;15.53;5;15.53
2004-05-16;21.9;5;21.9
2004-05-17;22.72;5;22.72
2004-05-18;22.49;5;22.49
2004-05-19;18.3;5;18.3
2004-05-20;22.67;5;22.67
2004-05-21;17.97;5;17.97
2004-05-22;17.88;5;17.88
2004-05-23;21.06;5;21.06
2004-05-24;20.17;5;20.17
2004-05-25;15.31;5;15.31
2004-05-26;14.49;5;14.49
2004-05-27;24.54;5;24.54
2004-05-28;29.62;5;29.62
2004-05-29;22.05;5;22.05
2004-05-30;16.89;5;16.89
2004-05-31;17.06;5;17.06
2004-06-01;18.26;6;18.26
2004-06-02;25.24;6;25.24
2004-06-03;61.24;6;61.24
2004-06-04;50.17;6;50.17
2004-06-05;40.42;6;40.42
2004-06-06;28.73;6;28.73
2004-06-07;19.21;6;19.21
2004-06-08;15.73;6;15.73
2004-06-09;17.89;6;17.89
2004-06-10;15.87;6;15.87
2004-06-11;17.46;6;17.46
2004-06-12;29.82;6;29.82
2004-06-13;78.1;6;78.1
2004-06-14;32.52;6;32.52
2004-06-15;26.3;6;26.3
2004-06-16;31.89;6;31.89
2004-06-17;24.68;6;24.68
2004-06-18;21.22;6;21.22
2004-06-19;27.74;6;27.74
2004-06-20;30.99;6;30.99
2004-06-21;28.04;6;28.04
2004-06-22;33.23;6;33.23
2004-06-23;24.62;6;24.62
2004-06-24;18.86;6;18.86
2004-06-25;19.63;6;19.63
2004-06-26;15.28;6;15.28
2004-06-27;15.62;6;15.62
2004-06-28;17.42;6;17.42
2004-06-29;32.19;6;32.19
2004-06-30;19.72;6;19.72
2004-07-01;22.1;7;22.1
2004-07-02;22.26;7;22.26
2004-07-03;17.83;7;17.83
2004-07-04;15.01;7;15.01
2004-07-05;-999.000;7;15.57
2004-07-06;23.56;7;23.56
2004-07-07;19.87;7;19.87
2004-07-08;15.07;7;15.07
2004-07-09;20.52;7;20.52
2004-07-10;22.12;7;22.12
2004-07-11;15.67;7;15.67
2004-07-12;28.85;7;28.85
2004-07-13;27.38;7;27.38
2004-07-14;29.63;7;29.63
2004-07-15;30.6;7;30.6
2004-07-16;18.24;7;18.24
2004-07-17;14.28;7;14.28
2004-07-18;14.75;7;14.75
2004-07-19;14.26;7;14.26
2004-07-20;13.96;7;13.96
2004-07-21;15.09;7;15.09
2004-07-22;14.13;7;14.13
2004-07-23;13.8;7;13.8
2004-07-24;13.91;7;13.91
2004-07-25;16.99;7;16.99
2004-07-26;14.47;7;14.47
2004-07-27;38.36;7;38.36
2004-07-28;39.16;7;39.16
2004-07-29;21.59;7;21.59
2004-07-30;15.87;7;15.87
2004-07-31;-999.000;7;17.67
2004-08-01;47.08;8;47.08
2004-08-02;29.87;8;29.87
2004-08-03;18.74;8;18.74
2004-08-04;35.3;8;35.3
2004-08-05;57.01;8;57.01
2004-08-06;33.9;8;33.9
2004-08-07;23.46;8;23.46
2004-08-08;29.06;8;29.06
2004-08-09;27.92;8;27.92
2004-08-10;33.28;8;33.28
2004-08-11;26.26;8;26.26
2004-08-12;20.63;8;20.63
2004-08-13;24.74;8;24.74
2004-08-14;30.81;8;30.81
2004-08-15;25.22;8;25.22
2004-08-16;19.48;8;19.48
2004-08-17;14.93;8;14.93
2004-08-18;15.9;8;15.9
2004-08-19;16.19;8;16.19
2004-08-20;43.03;8;43.03
2004-08-21;21.05;8;21.05
2004-08-22;14.93;8;14.93
2004-08-23;14.85;8;14.85
2004-08-24;14.46;8;14.46
2004-08-25;26.13;8;26.13
2004-08-26;24.0;8;24.0
2004-08-27;17.74;8;17.74
2004-08-28;14.48;8;14.48
2004-08-29;14.61;8;14.61
2004-08-30;14.25;8;14.25
2004-08-31;14.52;8;14.52
2004-09-01;13.91;9;13.91
2004-09-02;13.46;9;13.46
2004-09-03;12.73;9;12.73
2004-09-04;12.99;9;12.99
2004-09-05;12.46;9;12.46
2004-09-06;13.98;9;13.98
2004-09-07;14.11;9;14.11
2004-09-08;18.49;9;18.49
2004-09-09;18.68;9;18.68
2004-09-10;17.95;9;17.95
2004-09-11;-999.000;9;10.05
2004-09-12;14.4;9;14.4
2004-09-13;13.07;9;13.07
2004-09-14;15.96;9;15.96
2004-09-15;14.12;9;14.12
2004-09-16;13.26;9;13.26
2004-09-17;13.28;9;13.28
2004-09-18;12.79;9;12.79
2004-09-19;13.37;9;13.37
2004-09-20;12.73;9;12.73
2004-09-21;12.35;9;12.35
2004-09-22;12.47;9;12.47
2004-09-23;12.35;9;12.35
2004-09-24;11.89;9;11.89
2004-09-25;12.54;9;12.54
2004-09-26;12.24;9;12.24
2004-09-27;12.49;9;12.49
2004-09-28;13.09;9;13.09
2004-09-29;13.58;9;13.58
2004-09-30;11.88;9;11.88
2004-10-01;13.08;10;13.08
2004-10-02;14.29;10;14.29
2004-10-03;12.54;10;12.54
2004-10-04;12.01;10;12.01
2004-10-05;13.33;10;13.33
2004-10-06;13.73;10;13.73
2004-10-07;15.74;10;15.74
2004-10-08;14.16;10;14.16
2004-10-09;13.67;10;13.67
2004-10-10;12.72;10;12.72
2004-10-11;13.16;10;13.16
2004-10-12;13.6;10;13.6
2004-10-13;13.51;10;13.51
2004-10-14;14.08;10;14.08
2004-10-15;11.71;10;11.71
2004-10-16;12.36;10;12.36
2004-10-17;10.39;10;10.39
2004-10-18;11.43;10;11.43
2004-10-19;18.81;10;18.81
2004-10-20;19.41;10;19.41
2004-10-21;31.83;10;31.83
2004-10-22;26.41;10;26.41
2004-10-23;46.35;10;46.35
2004-10-24;32.73;10;32.73
2004-10-25;21.35;10;21.35
2004-10-26;21.16;10;21.16
2004-10-27;17.58;10;17.58
2004-10-28;21.09;10;21.09
2004-10-29;20.23;10;20.23
2004-10-30;22.75;10;22.75
2004-10-31;18.13;10;18.13
2004-11-01;-999.000;11;14.7
2004-11-02;12.51;11;12.51
2004-11-03;11.75;11;11.75
2004-11-04;11.81;11;11.81
2004-11-05;12.04;11;12.04
2004-11-06;15.44;11;15.44
2004-11-07;-999.000;11;21.58
2004-11-08;18.41;11;18.41
2004-11-09;17.8;11;17.8
2004-11-10;27.48;11;27.48
2004-11-11;19.39;11;19.39
2004-11-12;27.58;11;27.58
2004-11-13;67.55;11;67.55
2004-11-14;65.36;11;65.36
2004-11-15;50.12;11;50.12
2004-11-16;45.63;11;45.63
2004-11-17;54.4;11;54.4
2004-11-18;68.78;11;68.78
2004-11-19;49.15;11;49.15
2004-11-20;42.99;11;42.99
2004-11-21;32.95;11;32.95
2004-11-22;28.63;11;28.63
2004-11-23;28.18;11;28.18
2004-11-24;21.15;11;21.15
2004-11-25;21.12;11;21.12
2004-11-26;38.54;11;38.54
2004-11-27;29.88;11;29.88
2004-11-28;24.45;11;24.45
2004-11-29;22.39;11;22.39
2004-11-30;26.71;11;26.71
2004-12-01;27.52;12;27.52
2004-12-02;27.91;12;27.91
2004-12-03;22.5;12;22.5
2004-12-04;18.66;12;18.66
2004-12-05;22.22;12;22.22
2004-12-06;22.99;12;22.99
2004-12-07;17.28;12;17.28
2004-12-08;17.63;12;17.63
2004-12-09;17.45;12;17.45
2004-12-10;21.26;12;21.26
2004-12-11;17.69;12;17.69
2004-12-12;23.59;12;23.59
2004-12-13;35.81;12;35.81
2004-12-14;32.94;12;32.94
2004-12-15;37.52;12;37.52
2004-12-16;38.97;12;38.97
2004-12-17;37.19;12;37.19
2004-12-18;29.82;12;29.82
2004-12-19;23.8;12;23.8
2004-12-20;20.71;12;20.71
2004-12-21;20.58;12;20.58
2004-12-22;20.66;12;20.66
2004-12-23;17.25;12;17.25
2004-12-24;16.75;12;16.75
2004-12-25;17.25;12;17.25
2004-12-26;16.9;12;16.9
2004-12-27;19.12;12;19.12
2004-12-28;24.06;12;24.06
2004-12-29;23.17;12;23.17
2004-12-30;22.11;12;22.11
2004-12-31;18.34;12;18.34
2005-01-01;16.14;1;16.14
2005-01-02;16.49;1;16.49
2005-01-03;14.66;1;14.66
2005-01-04;16.09;1;16.09
2005-01-05;15.89;1;15.89
2005-01-06;14.78;1;14.78
2005-01-07;13.96;1;13.96
2005-01-08;14.1;1;14.1
2005-01-09;15.35;1;15.35
2005-01-10;17.82;1;17.82
2005-01-11;14.84;1;14.84
2005-01-12;15.42;1;15.42
2005-01-13;14.63;1;14.63
2005-01-14;13.35;1;13.35
2005-01-15;16.24;1;16.24
2005-01-16;20.57;1;20.57
2005-01-17;26.5;1;26.5
2005-01-18;23.02;1;23.02
2005-01-19;21.92;1;21.92
2005-01-20;19.66;1;19.66
2005-01-21;19.12;1;19.12
2005-01-22;28.63;1;28.63
2005-01-23;24.61;1;24.61
2005-01-24;22.46;1;22.46
2005-01-25;17.78;1;17.78
2005-01-26;26.11;1;26.11
2005-01-27;21.9;1;21.9
2005-01-28;18.23;1;18.23
2005-01-29;19.35;1;19.35
2005-01-30;25.84;1;25.84
2005-01-31;23.1;1;23.1
2005-02-01;20.85;2;20.85
2005-02-02;17.61;2;17.61
2005-02-03;17.06;2;17.06
2005-02-04;13.82;2;13.82
2005-02-05;27.82;2;27.82
2005-02-06;30.54;2;30.54
2005-02-07;24.58;2;24.58
2005-02-08;20.77;2;20.77
2005-02-09;20.92;2;20.92
2005-02-10;18.45;2;18.45
2005-02-11;27.56;2;27.56
2005-02-12;68.01;2;68.01
2005-02-13;37.7;2;37.7
2005-02-14;25.43;2;25.43
2005-02-15;23.1;2;23.1
2005-02-16;28.73;2;28.73
2005-02-17;50.01;2;50.01
2005-02-18;29.43;2;29.43
2005-02-19;24.26;2;24.26
2005-02-20;20.93;2;20.93
2005-02-21;19.76;2;19.76
2005-02-22;16.87;2;16.87
2005-02-23;17.83;2;17.83
2005-02-24;15.0;2;15.0
2005-02-25;14.96;2;14.96
2005-02-26;13.44;2;13.44
2005-02-27;18.29;2;18.29
2005-02-28;18.74;2;18.74
2005-03-01;15.73;3;15.73
2005-03-02;15.11;3;15.11
2005-03-03;19.89;3;19.89
2005-03-04;22.49;3;22.49
2005-03-05;19.29;3;19.29
2005-03-06;15.78;3;15.78
2005-03-07;17.07;3;17.07
2005-03-08;18.44;3;18.44
2005-03-09;16.31;3;16.31
2005-03-10;21.98;3;21.98
2005-03-11;21.0;3;21.0
2005-03-12;17.26;3;17.26
2005-03-13;17.91;3;17.91
2005-03-14;14.86;3;14.86
2005-03-15;13.0;3;13.0
2005-03-16;13.43;3;13.43
2005-03-17;13.77;3;13.77
2005-03-18;14.76;3;14.76
2005-03-19;13.62;3;13.62
2005-03-20;13.59;3;13.59
2005-03-21;15.42;3;15.42
2005-03-22;13.17;3;13.17
2005-03-23;12.32;3;12.32
2005-03-24;12.76;3;12.76
2005-03-25;21.3;3;21.3
2005-03-26;15.04;3;15.04
2005-03-27;13.13;3;13.13
2005-03-28;12.6;3;12.6
2005-03-29;22.65;3;22.65
2005-03-30;15.17;3;15.17
2005-03-31;12.89;3;12.89
2005-04-01;11.75;4;11.75
2005-04-02;11.71;4;11.71
2005-04-03;12.35;4;12.35
2005-04-04;11.26;4;11.26
2005-04-05;14.32;4;14.32
2005-04-06;17.48;4;17.48
2005-04-07;23.41;4;23.41
2005-04-08;30.32;4;30.32
2005-04-09;44.71;4;44.71
2005-04-10;36.67;4;36.67
2005-04-11;16.89;4;16.89
2005-04-12;14.17;4;14.17
2005-04-13;11.74;4;11.74
2005-04-14;28.65;4;28.65
2005-04-15;22.18;4;22.18
2005-04-16;22.86;4;22.86
2005-04-17;22.8;4;22.8
2005-04-18;31.28;4;31.28
2005-04-19;15.63;4;15.63
2005-04-20;21.23;4;21.23
2005-04-21;16.75;4;16.75
2005-04-22;17.0;4;17.0
2005-04-23;33.88;4;33.88
2005-04-24;53.02;4;53.02
2005-04-25;25.79;4;25.79
2005-04-26;26.77;4;26.77
2005-04-27;22.12;4;22.12
2005-04-28;26.07;4;26.07
2005-04-29;24.9;4;24.9
2005-04-30;17.24;4;17.24
2005-05-01;14.21;5;14.21
2005-05-02;12.8;5;12.8
2005-05-03;22.5;5;22.5
2005-05-04;16.98;5;16.98
2005-05-05;18.33;5;18.33
2005-05-06;15.17;5;15.17
2005-05-07;13.86;5;13.86
2005-05-08;11.3;5;11.3
2005-05-09;11.64;5;11.64
2005-05-10;8.16;5;8.16
2005-05-11;16.73;5;16.73
2005-05-12;15.77;5;15.77
2005-05-13;30.37;5;30.37
2005-05-14;23.48;5;23.48
2005-05-15;23.33;5;23.33
2005-05-16;-999.000;5;16.1
2005-05-17;28.88;5;28.88
2005-05-18;24.44;5;24.44
2005-05-19;21.9;5;21.9
2005-05-20;15.38;5;15.38
2005-05-21;9.85;5;9.85
2005-05-22;15.66;5;15.66
2005-05-23;12.27;5;12.27
2005-05-24;13.11;5;13.11
2005-05-25;17.09;5;17.09
2005-05-26;15.38;5;15.38
2005-05-27;14.95;5;14.95
2005-05-28;18.85;5;18.85
2005-05-29;21.85;5;21.85
2005-05-30;16.94;5;16.94
2005-05-31;12.5;5;12.5
2005-06-01;25.5;6;25.5
2005-06-02;25.62;6;25.62
2005-06-03;21.4;6;21.4
2005-06-04;16.66;6;16.66
2005-06-05;30.03;6;30.03
2005-06-06;42.81;6;42.81
2005-06-07;27.99;6;27.99
2005-06-08;15.52;6;15.52
2005-06-09;15.38;6;15.38
2005-06-10;13.95;6;13.95
2005-06-11;15.24;6;15.24
2005-06-12;13.81;6;13.81
2005-06-13;13.38;6;13.38
2005-06-14;12.67;6;12.67
2005-06-15;14.38;6;14.38
2005-06-16;15.09;6;15.09
2005-06-17;14.09;6;14.09
2005-06-18;12.81;6;12.81
2005-06-19;12.81;6;12.81
2005-06-20;20.95;6;20.95
2005-06-21;18.81;6;18.81
2005-06-22;22.05;6;22.05
2005-06-23;30.64;6;30.64
2005-06-24;26.75;6;26.75
2005-06-25;18.5;6;18.5
2005-06-26;12.95;6;12.95
2005-06-27;12.81;6;12.81
2005-06-28;14.52;6;14.52
2005-06-29;30.46;6;30.46
2005-06-30;27.76;6;27.76
2005-07-01;25.62;7;25.62
2005-07-02;8.87;7;8.87
2005-07-03;18.0;7;18.0
2005-07-04;5.29;7;5.29
2005-07-05;5.01;7;5.01
2005-07-06;5.22;7;5.22
2005-07-07;4.94;7;4.94
2005-07-08;14.98;7;14.98
2005-07-09;16.13;7;16.13
2005-07-10;9.59;7;9.59
2005-07-11;4.52;7;4.52
2005-07-12;4.64;7;4.64
2005-07-13;5.2;7;5.2
2005-07-14;4.76;7;4.76
2005-07-15;5.15;7;5.15
2005-07-16;5.43;7;5.43
2005-07-17;5.01;7;5.01
2005-07-18;13.55;7;13.55
2005-07-19;16.23;7;16.23
2005-07-20;35.19;7;35.19
2005-07-21;39.04;7;39.04
2005-07-22;9.51;7;9.51
2005-07-23;15.81;7;15.81
2005-07-24;18.66;7;18.66
2005-07-25;12.39;7;12.39
2005-07-26;13.95;7;13.95
2005-07-27;22.49;7;22.49
2005-07-28;21.42;7;21.42
2005-07-29;24.72;7;24.72
2005-07-30;18.65;7;18.65
2005-07-31;26.74;7;26.74
2005-08-01;34.8;8;34.8
2005-08-02;43.13;8;43.13
2005-08-03;39.1;8;39.1
2005-08-04;31.96;8;31.96
2005-08-05;30.55;8;30.55
2005-08-06;14.81;8;14.81
2005-08-07;17.88;8;17.88
2005-08-08;14.61;8;14.61
2005-08-09;34.32;8;34.32
2005-08-10;19.3;8;19.3
2005-08-11;18.74;8;18.74
2005-08-12;17.55;8;17.55
2005-08-13;5.11;8;5.11
2005-08-14;4.52;8;4.52
2005-08-15;4.77;8;4.77
2005-08-16;8.17;8;8.17
2005-08-17;31.33;8;31.33
2005-08-18;11.12;8;11.12
2005-08-19;8.39;8;8.39
2005-08-20;23.76;8;23.76
2005-08-21;20.5;8;20.5
2005-08-22;6.37;8;6.37
2005-08-23;10.53;8;10.53
2005-08-24;4.97;8;4.97
2005-08-25;12.88;8;12.88
2005-08-26;13.68;8;13.68
2005-08-27;12.73;8;12.73
2005-08-28;11.71;8;11.71
2005-08-29;14.77;8;14.77
2005-08-30;19.04;8;19.04
2005-08-31;14.82;8;14.82
2005-09-01;16.01;9;16.01
2005-09-02;15.55;9;15.55
2005-09-03;26.4;9;26.4
2005-09-04;24.19;9;24.19
2005-09-05;13.23;9;13.23
2005-09-06;22.11;9;22.11
2005-09-07;29.45;9;29.45
2005-09-08;29.67;9;29.67
2005-09-09;24.26;9;24.26
2005-09-10;19.14;9;19.14
2005-09-11;25.94;9;25.94
2005-09-12;15.07;9;15.07
2005-09-13;14.25;9;14.25
2005-09-14;20.41;9;20.41
2005-09-15;16.24;9;16.24
2005-09-16;23.42;9;23.42
2005-09-17;15.98;9;15.98
2005-09-18;13.87;9;13.87
2005-09-19;10.6;9;10.6
2005-09-20;14.38;9;14.38
2005-09-21;14.67;9;14.67
2005-09-22;12.72;9;12.72
2005-09-23;13.48;9;13.48
2005-09-24;13.56;9;13.56
2005-09-25;11.83;9;11.83
2005-09-26;16.14;9;16.14
2005-09-27;14.88;9;14.88
2005-09-28;34.2;9;34.2
2005-09-29;26.51;9;26.51
2005-09-30;24.8;9;24.8
2005-10-01;16.04;10;16.04
2005-10-02;13.63;10;13.63
2005-10-03;11.73;10;11.73
2005-10-04;12.27;10;12.27
2005-10-05;15.59;10;15.59
2005-10-06;11.2;10;11.2
2005-10-07;10.94;10;10.94
2005-10-08;14.32;10;14.32
2005-10-09;14.95;10;14.95
2005-10-10;12.77;10;12.77
2005-10-11;16.67;10;16.67
2005-10-12;21.91;10;21.91
2005-10-13;13.54;10;13.54
2005-10-14;15.92;10;15.92
2005-10-15;24.79;10;24.79
2005-10-16;18.58;10;18.58
2005-10-17;27.28;10;27.28
2005-10-18;16.05;10;16.05
2005-10-19;14.87;10;14.87
2005-10-20;22.14;10;22.14
2005-10-21;19.87;10;19.87
2005-10-22;26.53;10;26.53
2005-10-23;24.15;10;24.15
2005-10-24;42.09;10;42.09
2005-10-25;48.56;10;48.56
2005-10-26;57.88;10;57.88
2005-10-27;73.05;10;73.05
2005-10-28;59.64;10;59.64
2005-10-29;38.2;10;38.2
2005-10-30;35.66;10;35.66
2005-10-31;36.37;10;36.37
2005-11-01;26.38;11;26.38
2005-11-02;26.62;11;26.62
2005-11-03;23.78;11;23.78
2005-11-04;22.77;11;22.77
2005-11-05;20.4;11;20.4
2005-11-06;25.43;11;25.43
2005-11-07;22.91;11;22.91
2005-11-08;23.01;11;23.01
2005-11-09;25.68;11;25.68
2005-11-10;26.16;11;26.16
2005-11-11;31.71;11;31.71
2005-11-12;34.73;11;34.73
2005-11-13;37.18;11;37.18
2005-11-14;32.07;11;32.07
2005-11-15;32.85;11;32.85
2005-11-16;29.03;11;29.03
2005-11-17;31.33;11;31.33
2005-11-18;40.59;11;40.59
2005-11-19;40.21;11;40.21
2005-11-20;35.97;11;35.97
2005-11-21;62.4;11;62.4
2005-11-22;62.25;11;62.25
2005-11-23;45.68;11;45.68
2005-11-24;36.61;11;36.61
2005-11-25;32.51;11;32.51
2005-11-26;28.5;11;28.5
2005-11-27;26.47;11;26.47
2005-11-28;26.38;11;26.38
2005-11-29;27.63;11;27.63
2005-11-30;27.57;11;27.57
2005-12-01;27.58;12;27.58
2005-12-02;24.66;12;24.66
2005-12-03;26.65;12;26.65
2005-12-04;31.25;12;31.25
2005-12-05;45.0;12;45.0
2005-12-06;65.95;12;65.95
2005-12-07;42.67;12;42.67
2005-12-08;44.33;12;44.33
2005-12-09;47.33;12;47.33
2005-12-10;35.24;12;35.24
2005-12-11;29.65;12;29.65
2005-12-12;29.2;12;29.2
2005-12-13;33.11;12;33.11
2005-12-14;40.64;12;40.64
2005-12-15;50.13;12;50.13
2005-12-16;47.06;12;47.06
2005-12-17;46.18;12;46.18
2005-12-18;48.13;12;48.13
2005-12-19;53.64;12;53.64
2005-12-20;60.43;12;60.43
2005-12-21;49.66;12;49.66
2005-12-22;47.6;12;47.6
2005-12-23;45.38;12;45.38
2005-12-24;43.01;12;43.01
2005-12-25;39.3;12;39.3
2005-12-26;39.11;12;39.11
2005-12-27;41.52;12;41.52
2005-12-28;44.09;12;44.09
2005-12-29;34.96;12;34.96
2005-12-30;31.0;12;31.0
2005-12-31;25.57;12;25.57
2006-01-01;28.33;1;28.33
2006-01-02;27.42;1;27.42
2006-01-03;22.73;1;22.73
2006-01-04;22.46;1;22.46
2006-01-05;20.62;1;20.62
2006-01-06;18.8;1;18.8
2006-01-07;20.53;1;20.53
2006-01-08;20.89;1;20.89
2006-01-09;19.34;1;19.34
2006-01-10;20.94;1;20.94
2006-01-11;25.74;1;25.74
2006-01-12;27.28;1;27.28
2006-01-13;29.67;1;29.67
2006-01-14;27.65;1;27.65
2006-01-15;23.81;1;23.81
2006-01-16;19.51;1;19.51
2006-01-17;26.97;1;26.97
2006-01-18;25.51;1;25.51
2006-01-19;16.48;1;16.48
2006-01-20;17.36;1;17.36
2006-01-21;17.77;1;17.77
2006-01-22;30.13;1;30.13
2006-01-23;26.92;1;26.92
2006-01-24;24.97;1;24.97
2006-01-25;23.17;1;23.17
2006-01-26;23.03;1;23.03
2006-01-27;22.44;1;22.44
2006-01-28;18.59;1;18.59
2006-01-29;27.13;1;27.13
2006-01-30;27.83;1;27.83
2006-01-31;27.32;1;27.32
2006-02-01;25.18;2;25.18
2006-02-02;25.18;2;25.18
2006-02-03;25.07;2;25.07
2006-02-04;16.48;2;16.48
2006-02-05;19.46;2;19.46
2006-02-06;14.48;2;14.48
2006-02-07;12.51;2;12.51
2006-02-08;13.24;2;13.24
2006-02-09;11.27;2;11.27
2006-02-10;8.005;2;8.005
2006-02-11;5.938;2;5.938
2006-02-12;5.566;2;5.566
2006-02-13;9.116;2;9.116
2006-02-14;8.432;2;8.432
2006-02-15;9.555;2;9.555
2006-02-16;13.6;2;13.6
2006-02-17;17.21;2;17.21
2006-02-18;13.27;2;13.27
2006-02-19;12.98;2;12.98
2006-02-20;11.91;2;11.91
2006-02-21;7.633;2;7.633
2006-02-22;12.12;2;12.12
2006-02-23;15.34;2;15.34
2006-02-24;16.75;2;16.75
2006-02-25;17.06;2;17.06
2006-02-26;17.71;2;17.71
2006-02-27;18.58;2;18.58
2006-02-28;22.23;2;22.23
2006-03-01;17.1;3;17.1
2006-03-02;16.95;3;16.95
2006-03-03;20.54;3;20.54
2006-03-04;16.97;3;16.97
2006-03-05;20.17;3;20.17
2006-03-06;17.6;3;17.6
2006-03-07;20.32;3;20.32
2006-03-08;27.79;3;27.79
2006-03-09;16.49;3;16.49
2006-03-10;19.66;3;19.66
2006-03-11;16.91;3;16.91
2006-03-12;22.56;3;22.56
2006-03-13;24.18;3;24.18
2006-03-14;28.79;3;28.79
2006-03-15;24.44;3;24.44
2006-03-16;16.65;3;16.65
2006-03-17;21.09;3;21.09
2006-03-18;22.79;3;22.79
2006-03-19;19.18;3;19.18
2006-03-20;26.28;3;26.28
2006-03-21;27.87;3;27.87
2006-03-22;26.34;3;26.34
2006-03-23;29.91;3;29.91
2006-03-24;27.17;3;27.17
2006-03-25;42.29;3;42.29
2006-03-26;55.87;3;55.87
2006-03-27;34.35;3;34.35
2006-03-28;27.73;3;27.73
2006-03-29;27.54;3;27.54
2006-03-30;25.52;3;25.52
2006-03-31;23.5;3;23.5
2006-04-01;22.13;4;22.13
2006-04-02;21.29;4;21.29
2006-04-03;21.92;4;21.92
2006-04-04;25.0;4;25.0
2006-04-05;32.62;4;32.62
2006-04-06;45.87;4;45.87
2006-04-07;34.4;4;34.4
2006-04-08;28.07;4;28.07
2006-04-09;26.98;4;26.98
2006-04-10;26.82;4;26.82
2006-04-11;34.87;4;34.87
2006-04-12;44.42;4;44.42
2006-04-13;70.18;4;70.18
2006-04-14;59.1;4;59.1
2006-04-15;40.08;4;40.08
2006-04-16;32.5;4;32.5
2006-04-17;30.86;4;30.86
2006-04-18;29.41;4;29.41
2006-04-19;29.8;4;29.8
2006-04-20;30.93;4;30.93
2006-04-21;26.97;4;26.97
2006-04-22;24.27;4;24.27
2006-04-23;23.64;4;23.64
2006-04-24;41.2;4;41.2
2006-04-25;36.29;4;36.29
2006-04-26;37.67;4;37.67
2006-04-27;32.76;4;32.76
2006-04-28;39.19;4;39.19
2006-04-29;33.68;4;33.68
2006-04-30;37.34;4;37.34
2006-05-01;27.11;5;27.11
2006-05-02;25.21;5;25.21
2006-05-03;30.72;5;30.72
2006-05-04;32.23;5;32.23
2006-05-05;39.79;5;39.79
2006-05-06;35.54;5;35.54
2006-05-07;29.69;5;29.69
2006-05-08;30.68;5;30.68
2006-05-09;36.63;5;36.63
2006-05-10;34.09;5;34.09
2006-05-11;34.97;5;34.97
2006-05-12;31.95;5;31.95
2006-05-13;25.54;5;25.54
2006-05-14;22.88;5;22.88
2006-05-15;22.62;5;22.62
2006-05-16;20.45;5;20.45
2006-05-17;19.53;5;19.53
2006-05-18;24.13;5;24.13
2006-05-19;20.25;5;20.25
2006-05-20;17.19;5;17.19
2006-05-21;24.48;5;24.48
2006-05-22;21.53;5;21.53
2006-05-23;18.75;5;18.75
2006-05-24;17.89;5;17.89
2006-05-25;30.99;5;30.99
2006-05-26;34.55;5;34.55
2006-05-27;37.61;5;37.61
2006-05-28;34.99;5;34.99
2006-05-29;25.53;5;25.53
2006-05-30;22.53;5;22.53
2006-05-31;20.27;5;20.27
2006-06-01;17.16;6;17.16
2006-06-02;28.01;6;28.01
2006-06-03;23.75;6;23.75
2006-06-04;19.45;6;19.45
2006-06-05;22.57;6;22.57
2006-06-06;45.05;6;45.05
2006-06-07;39.0;6;39.0
2006-06-08;37.79;6;37.79
2006-06-09;47.34;6;47.34
2006-06-10;33.65;6;33.65
2006-06-11;26.32;6;26.32
2006-06-12;27.03;6;27.03
2006-06-13;25.89;6;25.89
2006-06-14;25.78;6;25.78
2006-06-15;22.6;6;22.6
2006-06-16;20.19;6;20.19
2006-06-17;23.52;6;23.52
2006-06-18;51.11;6;51.11
2006-06-19;45.82;6;45.82
2006-06-20;32.67;6;32.67
2006-06-21;26.34;6;26.34
2006-06-22;41.06;6;41.06
2006-06-23;41.06;6;41.06
2006-06-24;51.05;6;51.05
2006-06-25;26.75;6;26.75
2006-06-26;20.42;6;20.42
2006-06-27;19.78;6;19.78
2006-06-28;37.82;6;37.82
2006-06-29;38.96;6;38.96
2006-06-30;32.83;6;32.83
2006-07-01;29.0;7;29.0
2006-07-02;44.17;7;44.17
2006-07-03;76.86;7;76.86
2006-07-04;71.57;7;71.57
2006-07-05;35.86;7;35.86
2006-07-06;33.32;7;33.32
2006-07-07;29.03;7;29.03
2006-07-08;24.16;7;24.16
2006-07-09;22.58;7;22.58
2006-07-10;21.74;7;21.74
2006-07-11;18.65;7;18.65
2006-07-12;21.51;7;21.51
2006-07-13;20.61;7;20.61
2006-07-14;27.61;7;27.61
2006-07-15;28.25;7;28.25
2006-07-16;36.77;7;36.77
2006-07-17;22.57;7;22.57
2006-07-18;18.17;7;18.17
2006-07-19;20.43;7;20.43
2006-07-20;25.27;7;25.27
2006-07-21;22.26;7;22.26
2006-07-22;24.47;7;24.47
2006-07-23;35.84;7;35.84
2006-07-24;30.44;7;30.44
2006-07-25;24.71;7;24.71
2006-07-26;20.92;7;20.92
2006-07-27;20.97;7;20.97
2006-07-28;24.48;7;24.48
2006-07-29;23.67;7;23.67
2006-07-30;21.11;7;21.11
2006-07-31;16.45;7;16.45
2006-08-01;15.5;8;15.5
2006-08-02;16.12;8;16.12
2006-08-03;40.2;8;40.2
2006-08-04;22.15;8;22.15
2006-08-05;19.63;8;19.63
2006-08-06;24.54;8;24.54
2006-08-07;21.56;8;21.56
2006-08-08;21.64;8;21.64
2006-08-09;22.17;8;22.17
2006-08-10;19.05;8;19.05
2006-08-11;16.33;8;16.33
2006-08-12;22.25;8;22.25
2006-08-13;18.3;8;18.3
2006-08-14;13.84;8;13.84
2006-08-15;14.13;8;14.13
2006-08-16;22.58;8;22.58
2006-08-17;24.98;8;24.98
2006-08-18;24.78;8;24.78
2006-08-19;18.07;8;18.07
2006-08-20;17.13;8;17.13
2006-08-21;32.46;8;32.46
2006-08-22;34.28;8;34.28
2006-08-23;27.37;8;27.37
2006-08-24;17.19;8;17.19
2006-08-25;15.81;8;15.81
2006-08-26;14.52;8;14.52
2006-08-27;13.91;8;13.91
2006-08-28;13.35;8;13.35
2006-08-29;13.07;8;13.07
2006-08-30;12.44;8;12.44
2006-08-31;11.21;8;11.21
2006-09-01;11.34;9;11.34
2006-09-02;11.42;9;11.42
2006-09-03;10.54;9;10.54
2006-09-04;10.63;9;10.63
2006-09-05;10.35;9;10.35
2006-09-06;9.979;9;9.979
2006-09-07;11.62;9;11.62
2006-09-08;18.26;9;18.26
2006-09-09;12.97;9;12.97
2006-09-10;11.58;9;11.58
2006-09-11;11.06;9;11.06
2006-09-12;13.47;9;13.47
2006-09-13;15.58;9;15.58
2006-09-14;13.7;9;13.7
2006-09-15;11.76;9;11.76
2006-09-16;11.33;9;11.33
2006-09-17;12.41;9;12.41
2006-09-18;18.9;9;18.9
2006-09-19;25.93;9;25.93
2006-09-20;18.01;9;18.01
2006-09-21;12.7;9;12.7
2006-09-22;12.22;9;12.22
2006-09-23;12.74;9;12.74
2006-09-24;11.21;9;11.21
2006-09-25;18.9;9;18.9
2006-09-26;30.46;9;30.46
2006-09-27;23.82;9;23.82
2006-09-28;14.39;9;14.39
2006-09-29;12.39;9;12.39
2006-09-30;11.77;9;11.77
2006-10-01;14.19;10;14.19
2006-10-02;14.84;10;14.84
2006-10-03;13.58;10;13.58
2006-10-04;11.56;10;11.56
2006-10-05;11.84;10;11.84
2006-10-06;11.06;10;11.06
2006-10-07;11.16;10;11.16
2006-10-08;16.5;10;16.5
2006-10-09;13.11;10;13.11
2006-10-10;10.65;10;10.65
2006-10-11;12.13;10;12.13
2006-10-12;15.61;10;15.61
2006-10-13;19.88;10;19.88
2006-10-14;35.01;10;35.01
2006-10-15;37.99;10;37.99
2006-10-16;47.27;10;47.27
2006-10-17;20.57;10;20.57
2006-10-18;14.75;10;14.75
2006-10-19;13.05;10;13.05
2006-10-20;12.34;10;12.34
2006-10-21;11.05;10;11.05
2006-10-22;11.27;10;11.27
2006-10-23;11.8;10;11.8
2006-10-24;11.4;10;11.4
2006-10-25;10.97;10;10.97
2006-10-26;11.97;10;11.97
2006-10-27;11.54;10;11.54
2006-10-28;13.08;10;13.08
2006-10-29;14.18;10;14.18
2006-10-30;16.36;10;16.36
2006-10-31;15.6;10;15.6
2006-11-01;31.75;11;31.75
2006-11-02;31.75;11;31.75
2006-11-03;20.04;11;20.04
2006-11-04;15.59;11;15.59
2006-11-05;13.79;11;13.79
2006-11-06;18.51;11;18.51
2006-11-07;27.82;11;27.82
2006-11-08;32.34;11;32.34
2006-11-09;32.97;11;32.97
2006-11-10;35.32;11;35.32
2006-11-11;24.33;11;24.33
2006-11-12;31.52;11;31.52
2006-11-13;49.18;11;49.18
2006-11-14;48.71;11;48.71
2006-11-15;40.4;11;40.4
2006-11-16;30.76;11;30.76
2006-11-17;26.97;11;26.97
2006-11-18;28.95;11;28.95
2006-11-19;30.77;11;30.77
2006-11-20;24.12;11;24.12
2006-11-21;25.81;11;25.81
2006-11-22;21.82;11;21.82
2006-11-23;19.87;11;19.87
2006-11-24;19.35;11;19.35
2006-11-25;19.4;11;19.4
2006-11-26;19.28;11;19.28
2006-11-27;21.41;11;21.41
2006-11-28;18.42;11;18.42
2006-11-29;16.75;11;16.75
2006-11-30;16.4;11;16.4
2006-12-01;15.27;12;15.27
2006-12-02;14.96;12;14.96
2006-12-03;15.4;12;15.4
2006-12-04;16.82;12;16.82
2006-12-05;21.09;12;21.09
2006-12-06;26.84;12;26.84
2006-12-07;43.63;12;43.63
2006-12-08;30.41;12;30.41
2006-12-09;37.21;12;37.21
2006-12-10;53.23;12;53.23
2006-12-11;37.4;12;37.4
2006-12-12;38.12;12;38.12
2006-12-13;34.18;12;34.18
2006-12-14;35.23;12;35.23
2006-12-15;36.1;12;36.1
2006-12-16;29.78;12;29.78
2006-12-17;25.03;12;25.03
2006-12-18;23.86;12;23.86
2006-12-19;25.56;12;25.56
2006-12-20;26.94;12;26.94
2006-12-21;32.27;12;32.27
2006-12-22;26.61;12;26.61
2006-12-23;23.07;12;23.07
2006-12-24;21.79;12;21.79
2006-12-25;21.74;12;21.74
2006-12-26;22.76;12;22.76
2006-12-27;21.18;12;21.18
2006-12-28;19.48;12;19.48
2006-12-29;23.43;12;23.43
2006-12-30;19.37;12;19.37
2006-12-31;17.23;12;17.23
