YYYY-MM-DD;Value;month;Value_imputed
1974-01-01;92.3;1;92.3
1974-01-02;97.4;1;97.4
1974-01-03;97.2;1;97.2
1974-01-04;92.8;1;92.8
1974-01-05;90.4;1;90.4
1974-01-06;84.9;1;84.9
1974-01-07;80.3;1;80.3
1974-01-08;78.5;1;78.5
1974-01-09;75.8;1;75.8
1974-01-10;72.4;1;72.4
1974-01-11;69.0;1;69.0
1974-01-12;67.3;1;67.3
1974-01-13;65.5;1;65.5
1974-01-14;64.1;1;64.1
1974-01-15;61.4;1;61.4
1974-01-16;59.8;1;59.8
1974-01-17;56.8;1;56.8
1974-01-18;54.0;1;54.0
1974-01-19;53.3;1;53.3
1974-01-20;55.9;1;55.9
1974-01-21;51.2;1;51.2
1974-01-22;49.3;1;49.3
1974-01-23;45.3;1;45.3
1974-01-24;42.3;1;42.3
1974-01-25;42.3;1;42.3
1974-01-26;41.4;1;41.4
1974-01-27;42.1;1;42.1
1974-01-28;38.6;1;38.6
1974-01-29;36.6;1;36.6
1974-01-30;35.2;1;35.2
1974-01-31;33.3;1;33.3
1974-02-01;31.7;2;31.7
1974-02-02;29.0;2;29.0
1974-02-03;29.0;2;29.0
1974-02-04;26.05;2;26.05
1974-02-05;29.0;2;29.0
1974-02-06;29.0;2;29.0
1974-02-07;29.0;2;29.0
1974-02-08;27.6;2;27.6
1974-02-09;26.8;2;26.8
1974-02-10;26.8;2;26.8
1974-02-11;26.5;2;26.5
1974-02-12;25.8;2;25.8
1974-02-13;27.2;2;27.2
1974-02-14;29.0;2;29.0
1974-02-15;42.05;2;42.05
1974-02-16;38.8;2;38.8
1974-02-17;37.2;2;37.2
1974-02-18;33.3;2;33.3
1974-02-19;32.05;2;32.05
1974-02-20;33.3;2;33.3
1974-02-21;29.0;2;29.0
1974-02-22;29.0;2;29.0
1974-02-23;22.9;2;22.9
1974-02-24;21.4;2;21.4
1974-02-25;21.4;2;21.4
1974-02-26;21.4;2;21.4
1974-02-27;26.8;2;26.8
1974-02-28;19.0;2;19.0
1974-03-01;16.5;3;16.5
1974-03-02;22.3;3;22.3
1974-03-03;21.5;3;21.5
1974-03-04;16.8;3;16.8
1974-03-05;14.8;3;14.8
1974-03-06;18.4;3;18.4
1974-03-07;23.6;3;23.6
1974-03-08;43.5;3;43.5
1974-03-09;64.3;3;64.3
1974-03-10;46.3;3;46.3
1974-03-11;27.0;3;27.0
1974-03-12;22.3;3;22.3
1974-03-13;22.6;3;22.6
1974-03-14;22.6;3;22.6
1974-03-15;23.8;3;23.8
1974-03-16;45.6;3;45.6
1974-03-17;39.8;3;39.8
1974-03-18;25.3;3;25.3
1974-03-19;21.1;3;21.1
1974-03-20;18.5;3;18.5
1974-03-21;17.6;3;17.6
1974-03-22;20.4;3;20.4
1974-03-23;21.5;3;21.5
1974-03-24;17.6;3;17.6
1974-03-25;15.6;3;15.6
1974-03-26;15.4;3;15.4
1974-03-27;14.2;3;14.2
1974-03-28;15.1;3;15.1
1974-03-29;16.5;3;16.5
1974-03-30;15.6;3;15.6
1974-03-31;18.3;3;18.3
1974-04-01;26.0;4;26.0
1974-04-02;21.5;4;21.5
1974-04-03;32.3;4;32.3
1974-04-04;33.5;4;33.5
1974-04-05;35.0;4;35.0
1974-04-06;31.8;4;31.8
1974-04-07;84.8;4;84.8
1974-04-08;105.0;4;105.0
1974-04-09;105.8;4;105.8
1974-04-10;117.0;4;117.0
1974-04-11;96.1;4;96.1
1974-04-12;109.0;4;109.0
1974-04-13;128.4;4;128.4
1974-04-14;93.8;4;93.8
1974-04-15;68.0;4;68.0
1974-04-16;88.1;4;88.1
1974-04-17;95.1;4;95.1
1974-04-18;70.3;4;70.3
1974-04-19;55.9;4;55.9
1974-04-20;47.3;4;47.3
1974-04-21;41.3;4;41.3
1974-04-22;48.5;4;48.5
1974-04-23;45.7;4;45.7
1974-04-24;53.3;4;53.3
1974-04-25;42.9;4;42.9
1974-04-26;36.6;4;36.6
1974-04-27;81.9;4;81.9
1974-04-28;73.0;4;73.0
1974-04-29;77.0;4;77.0
1974-04-30;65.2;4;65.2
1974-05-01;92.3;5;92.3
1974-05-02;107.7;5;107.7
1974-05-03;131.6;5;131.6
1974-05-04;90.8;5;90.8
1974-05-05;107.4;5;107.4
1974-05-06;112.2;5;112.2
1974-05-07;125.2;5;125.2
1974-05-08;107.5;5;107.5
1974-05-09;87.9;5;87.9
1974-05-10;114.6;5;114.6
1974-05-11;82.8;5;82.8
1974-05-12;75.3;5;75.3
1974-05-13;70.2;5;70.2
1974-05-14;67.3;5;67.3
1974-05-15;58.3;5;58.3
1974-05-16;58.9;5;58.9
1974-05-17;60.3;5;60.3
1974-05-18;55.7;5;55.7
1974-05-19;47.3;5;47.3
1974-05-20;42.3;5;42.3
1974-05-21;46.7;5;46.7
1974-05-22;49.1;5;49.1
1974-05-23;50.3;5;50.3
1974-05-24;49.1;5;49.1
1974-05-25;83.4;5;83.4
1974-05-26;59.2;5;59.2
1974-05-27;46.8;5;46.8
1974-05-28;40.8;5;40.8
1974-05-29;83.7;5;83.7
1974-05-30;70.3;5;70.3
1974-05-31;75.0;5;75.0
1974-06-01;65.3;6;65.3
1974-06-02;47.3;6;47.3
1974-06-03;47.9;6;47.9
1974-06-04;42.9;6;42.9
1974-06-05;36.0;6;36.0
1974-06-06;33.2;6;33.2
1974-06-07;32.3;6;32.3
1974-06-08;30.9;6;30.9
1974-06-09;30.0;6;30.0
1974-06-10;25.3;6;25.3
1974-06-11;23.0;6;23.0
1974-06-12;20.8;6;20.8
1974-06-13;24.9;6;24.9
1974-06-14;23.0;6;23.0
1974-06-15;31.8;6;31.8
1974-06-16;36.4;6;36.4
1974-06-17;55.1;6;55.1
1974-06-18;95.3;6;95.3
1974-06-19;93.8;6;93.8
1974-06-20;51.5;6;51.5
1974-06-21;46.3;6;46.3
1974-06-22;45.5;6;45.5
1974-06-23;57.1;6;57.1
1974-06-24;62.7;6;62.7
1974-06-25;44.5;6;44.5
1974-06-26;62.4;6;62.4
1974-06-27;65.9;6;65.9
1974-06-28;48.5;6;48.5
1974-06-29;40.8;6;40.8
1974-06-30;52.7;6;52.7
1974-07-01;38.1;7;38.1
1974-07-02;34.7;7;34.7
1974-07-03;35.2;7;35.2
1974-07-04;27.8;7;27.8
1974-07-05;26.8;7;26.8
1974-07-06;17.9;7;17.9
1974-07-07;15.4;7;15.4
1974-07-08;13.7;7;13.7
1974-07-09;13.9;7;13.9
1974-07-10;12.6;7;12.6
1974-07-11;12.4;7;12.4
1974-07-12;20.5;7;20.5
1974-07-13;14.5;7;14.5
1974-07-14;22.1;7;22.1
1974-07-15;17.4;7;17.4
1974-07-16;15.4;7;15.4
1974-07-17;12.9;7;12.9
1974-07-18;23.4;7;23.4
1974-07-19;22.3;7;22.3
1974-07-20;15.1;7;15.1
1974-07-21;13.7;7;13.7
1974-07-22;25.4;7;25.4
1974-07-23;27.3;7;27.3
1974-07-24;17.9;7;17.9
1974-07-25;16.5;7;16.5
1974-07-26;15.9;7;15.9
1974-07-27;14.2;7;14.2
1974-07-28;13.4;7;13.4
1974-07-29;11.8;7;11.8
1974-07-30;12.4;7;12.4
1974-07-31;12.4;7;12.4
1974-08-01;19.6;8;19.6
1974-08-02;15.1;8;15.1
1974-08-03;12.7;8;12.7
1974-08-04;25.3;8;25.3
1974-08-05;17.4;8;17.4
1974-08-06;15.4;8;15.4
1974-08-07;27.2;8;27.2
1974-08-08;15.6;8;15.6
1974-08-09;14.5;8;14.5
1974-08-10;28.5;8;28.5
1974-08-11;14.2;8;14.2
1974-08-12;12.4;8;12.4
1974-08-13;12.0;8;12.0
1974-08-14;32.9;8;32.9
1974-08-15;30.1;8;30.1
1974-08-16;19.1;8;19.1
1974-08-17;15.9;8;15.9
1974-08-18;13.0;8;13.0
1974-08-19;11.7;8;11.7
1974-08-20;10.1;8;10.1
1974-08-21;9.0;8;9.0
1974-08-22;8.6;8;8.6
1974-08-23;8.0;8;8.0
1974-08-24;7.5;8;7.5
1974-08-25;7.2;8;7.2
1974-08-26;7.6;8;7.6
1974-08-27;7.2;8;7.2
1974-08-28;9.0;8;9.0
1974-08-29;8.4;8;8.4
1974-08-30;13.1;8;13.1
1974-08-31;15.3;8;15.3
1974-09-01;12.6;9;12.6
1974-09-02;19.7;9;19.7
1974-09-03;12.6;9;12.6
1974-09-04;11.7;9;11.7
1974-09-05;8.7;9;8.7
1974-09-06;13.7;9;13.7
1974-09-07;27.3;9;27.3
1974-09-08;19.3;9;19.3
1974-09-09;15.9;9;15.9
1974-09-10;17.9;9;17.9
1974-09-11;16.2;9;16.2
1974-09-12;13.9;9;13.9
1974-09-13;15.4;9;15.4
1974-09-14;18.6;9;18.6
1974-09-15;15.4;9;15.4
1974-09-16;13.9;9;13.9
1974-09-17;26.8;9;26.8
1974-09-18;31.8;9;31.8
1974-09-19;72.6;9;72.6
1974-09-20;68.0;9;68.0
1974-09-21;49.7;9;49.7
1974-09-22;42.6;9;42.6
1974-09-23;38.7;9;38.7
1974-09-24;153.0;9;153.0
1974-09-25;71.6;9;71.6
1974-09-26;90.1;9;90.1
1974-09-27;113.0;9;113.0
1974-09-28;86.3;9;86.3
1974-09-29;84.1;9;84.1
1974-09-30;73.1;9;73.1
1974-10-01;139.3;10;139.3
1974-10-02;110.8;10;110.8
1974-10-03;109.8;10;109.8
1974-10-04;125.8;10;125.8
1974-10-05;131.7;10;131.7
1974-10-06;143.8;10;143.8
1974-10-07;168.7;10;168.7
1974-10-08;131.9;10;131.9
1974-10-09;105.8;10;105.8
1974-10-10;80.4;10;80.4
1974-10-11;62.4;10;62.4
1974-10-12;125.8;10;125.8
1974-10-13;111.4;10;111.4
1974-10-14;95.6;10;95.6
1974-10-15;104.4;10;104.4
1974-10-16;79.8;10;79.8
1974-10-17;106.0;10;106.0
1974-10-18;196.4;10;196.4
1974-10-19;124.2;10;124.2
1974-10-20;91.6;10;91.6
1974-10-21;95.2;10;95.2
1974-10-22;103.5;10;103.5
1974-10-23;89.4;10;89.4
1974-10-24;122.6;10;122.6
1974-10-25;128.3;10;128.3
1974-10-26;103.9;10;103.9
1974-10-27;87.9;10;87.9
1974-10-28;87.9;10;87.9
1974-10-29;99.9;10;99.9
1974-10-30;88.5;10;88.5
1974-10-31;88.7;10;88.7
1974-11-01;88.7;11;88.7
1974-11-02;92.3;11;92.3
1974-11-03;65.9;11;65.9
1974-11-04;77.5;11;77.5
1974-11-05;95.9;11;95.9
1974-11-06;72.3;11;72.3
1974-11-07;91.6;11;91.6
1974-11-08;73.0;11;73.0
1974-11-09;61.0;11;61.0
1974-11-10;79.8;11;79.8
1974-11-11;82.0;11;82.0
1974-11-12;91.6;11;91.6
1974-11-13;81.3;11;81.3
1974-11-14;73.8;11;73.8
1974-11-15;72.3;11;72.3
1974-11-16;76.0;11;76.0
1974-11-17;93.0;11;93.0
1974-11-18;83.5;11;83.5
1974-11-19;76.8;11;76.8
1974-11-20;56.8;11;56.8
1974-11-21;67.3;11;67.3
1974-11-22;93.0;11;93.0
1974-11-23;78.3;11;78.3
1974-11-24;98.1;11;98.1
1974-11-25;96.6;11;96.6
1974-11-26;93.8;11;93.8
1974-11-27;68.0;11;68.0
1974-11-28;73.8;11;73.8
1974-11-29;61.0;11;61.0
1974-11-30;57.5;11;57.5
1974-12-01;86.3;12;86.3
1974-12-02;71.6;12;71.6
1974-12-03;63.8;12;63.8
1974-12-04;62.4;12;62.4
1974-12-05;46.1;12;46.1
1974-12-06;45.5;12;45.5
1974-12-07;59.7;12;59.7
1974-12-08;45.0;12;45.0
1974-12-09;42.3;12;42.3
1974-12-10;39.2;12;39.2
1974-12-11;37.1;12;37.1
1974-12-12;35.5;12;35.5
1974-12-13;34.1;12;34.1
1974-12-14;32.3;12;32.3
1974-12-15;31.4;12;31.4
1974-12-16;30.5;12;30.5
1974-12-17;28.7;12;28.7
1974-12-18;29.1;12;29.1
1974-12-19;25.0;12;25.0
1974-12-20;17.4;12;17.4
1974-12-21;14.2;12;14.2
1974-12-22;8.0;12;8.0
1974-12-23;6.8;12;6.8
1974-12-24;6.3;12;6.3
1974-12-25;6.2;12;6.2
1974-12-26;6.2;12;6.2
1974-12-27;5.8;12;5.8
1974-12-28;5.3;12;5.3
1974-12-29;5.5;12;5.5
1974-12-30;5.9;12;5.9
1974-12-31;6.0;12;6.0
1975-01-01;17.6;1;17.6
1975-01-02;16.8;1;16.8
1975-01-03;19.6;1;19.6
1975-01-04;17.9;1;17.9
1975-01-05;18.5;1;18.5
1975-01-06;18.4;1;18.4
1975-01-07;12.8;1;12.8
1975-01-08;12.6;1;12.6
1975-01-09;12.7;1;12.7
1975-01-10;12.4;1;12.4
1975-01-11;11.8;1;11.8
1975-01-12;10.9;1;10.9
1975-01-13;10.1;1;10.1
1975-01-14;9.0;1;9.0
1975-01-15;8.0;1;8.0
1975-01-16;6.3;1;6.3
1975-01-17;5.1;1;5.1
1975-01-18;4.9;1;4.9
1975-01-19;3.2;1;3.2
1975-01-20;3.0;1;3.0
1975-01-21;3.4;1;3.4
1975-01-22;3.3;1;3.3
1975-01-23;3.3;1;3.3
1975-01-24;3.0;1;3.0
1975-01-25;2.8;1;2.8
1975-01-26;2.7;1;2.7
1975-01-27;2.6;1;2.6
1975-01-28;2.5;1;2.5
1975-01-29;2.4;1;2.4
1975-01-30;2.4;1;2.4
1975-01-31;2.4;1;2.4
1975-02-01;2.3;2;2.3
1975-02-02;2.8;2;2.8
1975-02-03;3.0;2;3.0
1975-02-04;4.4;2;4.4
1975-02-05;3.6;2;3.6
1975-02-06;2.9;2;2.9
1975-02-07;4.5;2;4.5
1975-02-08;4.6;2;4.6
1975-02-09;3.5;2;3.5
1975-02-10;2.9;2;2.9
1975-02-11;2.7;2;2.7
1975-02-12;2.7;2;2.7
1975-02-13;2.6;2;2.6
1975-02-14;3.4;2;3.4
1975-02-15;2.9;2;2.9
1975-02-16;4.0;2;4.0
1975-02-17;4.7;2;4.7
1975-02-18;4.9;2;4.9
1975-02-19;3.8;2;3.8
1975-02-20;3.0;2;3.0
1975-02-21;2.8;2;2.8
1975-02-22;2.6;2;2.6
1975-02-23;2.6;2;2.6
1975-02-24;2.5;2;2.5
1975-02-25;8.0;2;8.0
1975-02-26;5.7;2;5.7
1975-02-27;6.5;2;6.5
1975-02-28;8.2;2;8.2
1975-03-01;20.4;3;20.4
1975-03-02;23.0;3;23.0
1975-03-03;27.5;3;27.5
1975-03-04;27.4;3;27.4
1975-03-05;14.1;3;14.1
1975-03-06;11.7;3;11.7
1975-03-07;17.4;3;17.4
1975-03-08;15.9;3;15.9
1975-03-09;17.9;3;17.9
1975-03-10;15.4;3;15.4
1975-03-11;10.9;3;10.9
1975-03-12;9.8;3;9.8
1975-03-13;10.5;3;10.5
1975-03-14;9.4;3;9.4
1975-03-15;8.4;3;8.4
1975-03-16;7.6;3;7.6
1975-03-17;6.0;3;6.0
1975-03-18;6.9;3;6.9
1975-03-19;8.9;3;8.9
1975-03-20;10.7;3;10.7
1975-03-21;27.5;3;27.5
1975-03-22;29.6;3;29.6
1975-03-23;31.8;3;31.8
1975-03-24;28.3;3;28.3
1975-03-25;31.4;3;31.4
1975-03-26;27.8;3;27.8
1975-03-27;37.6;3;37.6
1975-03-28;37.7;3;37.7
1975-03-29;29.1;3;29.1
1975-03-30;20.4;3;20.4
1975-03-31;18.9;3;18.9
1975-04-01;23.8;4;23.8
1975-04-02;23.4;4;23.4
1975-04-03;26.9;4;26.9
1975-04-04;34.1;4;34.1
1975-04-05;49.2;4;49.2
1975-04-06;35.5;4;35.5
1975-04-07;21.1;4;21.1
1975-04-08;29.6;4;29.6
1975-04-09;30.5;4;30.5
1975-04-10;30.9;4;30.9
1975-04-11;27.4;4;27.4
1975-04-12;24.9;4;24.9
1975-04-13;20.6;4;20.6
1975-04-14;14.5;4;14.5
1975-04-15;13.4;4;13.4
1975-04-16;13.9;4;13.9
1975-04-17;23.4;4;23.4
1975-04-18;19.0;4;19.0
1975-04-19;15.1;4;15.1
1975-04-20;12.2;4;12.2
1975-04-21;23.8;4;23.8
1975-04-22;22.6;4;22.6
1975-04-23;27.6;4;27.6
1975-04-24;21.1;4;21.1
1975-04-25;32.7;4;32.7
1975-04-26;42.9;4;42.9
1975-04-27;39.7;4;39.7
1975-04-28;26.9;4;26.9
1975-04-29;36.0;4;36.0
1975-04-30;35.6;4;35.6
1975-05-01;30.0;5;30.0
1975-05-02;31.4;5;31.4
1975-05-03;126.6;5;126.6
1975-05-04;92.3;5;92.3
1975-05-05;91.6;5;91.6
1975-05-06;115.4;5;115.4
1975-05-07;128.2;5;128.2
1975-05-08;152.2;5;152.2
1975-05-09;110.6;5;110.6
1975-05-10;90.1;5;90.1
1975-05-11;79.8;5;79.8
1975-05-12;57.5;5;57.5
1975-05-13;59.6;5;59.6
1975-05-14;41.8;5;41.8
1975-05-15;93.7;5;93.7
1975-05-16;67.3;5;67.3
1975-05-17;62.4;5;62.4
1975-05-18;58.2;5;58.2
1975-05-19;50.9;5;50.9
1975-05-20;49.7;5;49.7
1975-05-21;55.7;5;55.7
1975-05-22;63.8;5;63.8
1975-05-23;60.3;5;60.3
1975-05-24;56.9;5;56.9
1975-05-25;59.6;5;59.6
1975-05-26;59.6;5;59.6
1975-05-27;55.7;5;55.7
1975-05-28;48.5;5;48.5
1975-05-29;95.4;5;95.4
1975-05-30;79.0;5;79.0
1975-05-31;88.6;5;88.6
1975-06-01;118.6;6;118.6
1975-06-02;93.0;6;93.0
1975-06-03;79.0;6;79.0
1975-06-04;73.0;6;73.0
1975-06-05;88.6;6;88.6
1975-06-06;65.2;6;65.2
1975-06-07;82.0;6;82.0
1975-06-08;61.0;6;61.0
1975-06-09;55.7;6;55.7
1975-06-10;46.9;6;46.9
1975-06-11;31.8;6;31.8
1975-06-12;22.3;6;22.3
1975-06-13;23.0;6;23.0
1975-06-14;20.4;6;20.4
1975-06-15;23.4;6;23.4
1975-06-16;18.8;6;18.8
1975-06-17;18.5;6;18.5
1975-06-18;15.6;6;15.6
1975-06-19;12.4;6;12.4
1975-06-20;13.4;6;13.4
1975-06-21;11.8;6;11.8
1975-06-22;12.4;6;12.4
1975-06-23;13.9;6;13.9
1975-06-24;11.7;6;11.7
1975-06-25;14.2;6;14.2
1975-06-26;13.4;6;13.4
1975-06-27;17.1;6;17.1
1975-06-28;18.5;6;18.5
1975-06-29;21.9;6;21.9
1975-06-30;20.4;6;20.4
1975-07-01;37.6;7;37.6
1975-07-02;53.9;7;53.9
1975-07-03;50.3;7;50.3
1975-07-04;53.9;7;53.9
1975-07-05;76.3;7;76.3
1975-07-06;101.0;7;101.0
1975-07-07;73.8;7;73.8
1975-07-08;67.3;7;67.3
1975-07-09;75.3;7;75.3
1975-07-10;90.8;7;90.8
1975-07-11;118.6;7;118.6
1975-07-12;87.2;7;87.2
1975-07-13;87.9;7;87.9
1975-07-14;134.6;7;134.6
1975-07-15;98.5;7;98.5
1975-07-16;78.3;7;78.3
1975-07-17;66.6;7;66.6
1975-07-18;57.5;7;57.5
1975-07-19;55.7;7;55.7
1975-07-20;50.9;7;50.9
1975-07-21;43.9;7;43.9
1975-07-22;39.2;7;39.2
1975-07-23;30.9;7;30.9
1975-07-24;30.9;7;30.9
1975-07-25;26.4;7;26.4
1975-07-26;33.3;7;33.3
1975-07-27;37.6;7;37.6
1975-07-28;34.5;7;34.5
1975-07-29;31.8;7;31.8
1975-07-30;31.4;7;31.4
1975-07-31;25.8;7;25.8
1975-08-01;21.1;8;21.1
1975-08-02;19.6;8;19.6
1975-08-03;27.4;8;27.4
1975-08-04;24.9;8;24.9
1975-08-05;22.3;8;22.3
1975-08-06;20.0;8;20.0
1975-08-07;22.3;8;22.3
1975-08-08;24.5;8;24.5
1975-08-09;21.9;8;21.9
1975-08-10;17.1;8;17.1
1975-08-11;16.5;8;16.5
1975-08-12;15.9;8;15.9
1975-08-13;19.5;8;19.5
1975-08-14;26.7;8;26.7
1975-08-15;17.6;8;17.6
1975-08-16;16.2;8;16.2
1975-08-17;13.9;8;13.9
1975-08-18;13.1;8;13.1
1975-08-19;13.9;8;13.9
1975-08-20;40.2;8;40.2
1975-08-21;29.7;8;29.7
1975-08-22;21.5;8;21.5
1975-08-23;15.4;8;15.4
1975-08-24;27.3;8;27.3
1975-08-25;30.5;8;30.5
1975-08-26;26.4;8;26.4
1975-08-27;36.6;8;36.6
1975-08-28;76.6;8;76.6
1975-08-29;38.7;8;38.7
1975-08-30;30.5;8;30.5
1975-08-31;28.2;8;28.2
1975-09-01;28.7;9;28.7
1975-09-02;44.1;9;44.1
1975-09-03;39.7;9;39.7
1975-09-04;49.6;9;49.6
1975-09-05;50.9;9;50.9
1975-09-06;57.5;9;57.5
1975-09-07;41.8;9;41.8
1975-09-08;42.3;9;42.3
1975-09-09;33.3;9;33.3
1975-09-10;27.8;9;27.8
1975-09-11;25.8;9;25.8
1975-09-12;23.8;9;23.8
1975-09-13;26.4;9;26.4
1975-09-14;21.5;9;21.5
1975-09-15;21.5;9;21.5
1975-09-16;19.3;9;19.3
1975-09-17;27.3;9;27.3
1975-09-18;23.8;9;23.8
1975-09-19;62.4;9;62.4
1975-09-20;60.3;9;60.3
1975-09-21;57.0;9;57.0
1975-09-22;45.7;9;45.7
1975-09-23;38.7;9;38.7
1975-09-24;39.7;9;39.7
1975-09-25;39.2;9;39.2
1975-09-26;46.3;9;46.3
1975-09-27;65.3;9;65.3
1975-09-28;44.5;9;44.5
1975-09-29;39.2;9;39.2
1975-09-30;33.9;9;33.9
1975-10-01;30.0;10;30.0
1975-10-02;30.0;10;30.0
1975-10-03;37.1;10;37.1
1975-10-04;28.7;10;28.7
1975-10-05;26.1;10;26.1
1975-10-06;30.0;10;30.0
1975-10-07;50.4;10;50.4
1975-10-08;35.2;10;35.2
1975-10-09;27.3;10;27.3
1975-10-10;37.6;10;37.6
1975-10-11;59.5;10;59.5
1975-10-12;65.9;10;65.9
1975-10-13;45.9;10;45.9
1975-10-14;58.3;10;58.3
1975-10-15;97.2;10;97.2
1975-10-16;74.0;10;74.0
1975-10-17;82.6;10;82.6
1975-10-18;59.8;10;59.8
1975-10-19;63.8;10;63.8
1975-10-20;53.9;10;53.9
1975-10-21;42.3;10;42.3
1975-10-22;61.9;10;61.9
1975-10-23;45.1;10;45.1
1975-10-24;37.6;10;37.6
1975-10-25;120.0;10;120.0
1975-10-26;130.6;10;130.6
1975-10-27;56.9;10;56.9
1975-10-28;88.6;10;88.6
1975-10-29;93.7;10;93.7
1975-10-30;82.0;10;82.0
1975-10-31;85.5;10;85.5
1975-11-01;114.6;11;114.6
1975-11-02;105.4;11;105.4
1975-11-03;85.7;11;85.7
1975-11-04;89.4;11;89.4
1975-11-05;87.8;11;87.8
1975-11-06;87.8;11;87.8
1975-11-07;63.1;11;63.1
1975-11-08;58.2;11;58.2
1975-11-09;49.7;11;49.7
1975-11-10;46.1;11;46.1
1975-11-11;101.0;11;101.0
1975-11-12;107.4;11;107.4
1975-11-13;98.8;11;98.8
1975-11-14;71.6;11;71.6
1975-11-15;97.3;11;97.3
1975-11-16;121.0;11;121.0
1975-11-17;122.6;11;122.6
1975-11-18;95.9;11;95.9
1975-11-19;114.6;11;114.6
1975-11-20;102.2;11;102.2
1975-11-21;98.5;11;98.5
1975-11-22;119.4;11;119.4
1975-11-23;81.3;11;81.3
1975-11-24;59.1;11;59.1
1975-11-25;51.5;11;51.5
1975-11-26;63.8;11;63.8
1975-11-27;52.1;11;52.1
1975-11-28;54.6;11;54.6
1975-11-29;46.2;11;46.2
1975-11-30;43.4;11;43.4
1975-12-01;43.9;12;43.9
1975-12-02;47.9;12;47.9
1975-12-03;47.9;12;47.9
1975-12-04;79.7;12;79.7
1975-12-05;57.2;12;57.2
1975-12-06;71.6;12;71.6
1975-12-07;68.8;12;68.8
1975-12-08;56.9;12;56.9
1975-12-09;59.1;12;59.1
1975-12-10;50.3;12;50.3
1975-12-11;46.7;12;46.7
1975-12-12;44.7;12;44.7
1975-12-13;44.4;12;44.4
1975-12-14;46.7;12;46.7
1975-12-15;57.0;12;57.0
1975-12-16;95.9;12;95.9
1975-12-17;87.9;12;87.9
1975-12-18;81.2;12;81.2
1975-12-19;58.4;12;58.4
1975-12-20;48.5;12;48.5
1975-12-21;47.9;12;47.9
1975-12-22;46.7;12;46.7
1975-12-23;55.7;12;55.7
1975-12-24;50.4;12;50.4
1975-12-25;46.7;12;46.7
1975-12-26;46.1;12;46.1
1975-12-27;49.7;12;49.7
1975-12-28;44.4;12;44.4
1975-12-29;38.1;12;38.1
1975-12-30;36.0;12;36.0
1975-12-31;33.2;12;33.2
1976-01-01;30.3;1;30.3
1976-01-02;30.3;1;30.3
1976-01-03;29.1;1;29.1
1976-01-04;27.3;1;27.3
1976-01-05;28.0;1;28.0
1976-01-06;29.1;1;29.1
1976-01-07;28.0;1;28.0
1976-01-08;25.4;1;25.4
1976-01-09;23.2;1;23.2
1976-01-10;22.8;1;22.8
1976-01-11;19.9;1;19.9
1976-01-12;19.6;1;19.6
1976-01-13;19.9;1;19.9
1976-01-14;18.3;1;18.3
1976-01-15;16.4;1;16.4
1976-01-16;12.1;1;12.1
1976-01-17;18.3;1;18.3
1976-01-18;19.6;1;19.6
1976-01-19;20.9;1;20.9
1976-01-20;17.1;1;17.1
1976-01-21;16.3;1;16.3
1976-01-22;16.3;1;16.3
1976-01-23;15.3;1;15.3
1976-01-24;11.1;1;11.1
1976-01-25;9.0;1;9.0
1976-01-26;10.6;1;10.6
1976-01-27;13.8;1;13.8
1976-01-28;12.1;1;12.1
1976-01-29;10.9;1;10.9
1976-01-30;12.1;1;12.1
1976-01-31;18.1;1;18.1
1976-02-01;11.6;2;11.6
1976-02-02;10.6;2;10.6
1976-02-03;10.6;2;10.6
1976-02-04;10.3;2;10.3
1976-02-05;9.7;2;9.7
1976-02-06;8.5;2;8.5
1976-02-07;5.7;2;5.7
1976-02-08;4.5;2;4.5
1976-02-09;5.2;2;5.2
1976-02-10;4.9;2;4.9
1976-02-11;5.5;2;5.5
1976-02-12;19.9;2;19.9
1976-02-13;18.9;2;18.9
1976-02-14;14.0;2;14.0
1976-02-15;11.1;2;11.1
1976-02-16;11.1;2;11.1
1976-02-17;11.3;2;11.3
1976-02-18;10.4;2;10.4
1976-02-19;7.9;2;7.9
1976-02-20;4.9;2;4.9
1976-02-21;8.3;2;8.3
1976-02-22;16.3;2;16.3
1976-02-23;24.6;2;24.6
1976-02-24;20.6;2;20.6
1976-02-25;18.0;2;18.0
1976-02-26;23.0;2;23.0
1976-02-27;27.6;2;27.6
1976-02-28;21.5;2;21.5
1976-02-29;17.5;2;17.5
1976-03-01;10.4;3;10.4
1976-03-02;9.6;3;9.6
1976-03-03;9.4;3;9.4
1976-03-04;14.3;3;14.3
1976-03-05;8.8;3;8.8
1976-03-06;14.5;3;14.5
1976-03-07;16.6;3;16.6
1976-03-08;14.3;3;14.3
1976-03-09;12.8;3;12.8
1976-03-10;10.9;3;10.9
1976-03-11;11.1;3;11.1
1976-03-12;23.6;3;23.6
1976-03-13;23.5;3;23.5
1976-03-14;29.5;3;29.5
1976-03-15;55.8;3;55.8
1976-03-16;38.6;3;38.6
1976-03-17;34.8;3;34.8
1976-03-18;62.7;3;62.7
1976-03-19;104.2;3;104.2
1976-03-20;82.0;3;82.0
1976-03-21;61.3;3;61.3
1976-03-22;56.0;3;56.0
1976-03-23;48.6;3;48.6
1976-03-24;41.7;3;41.7
1976-03-25;31.8;3;31.8
1976-03-26;28.0;3;28.0
1976-03-27;26.1;3;26.1
1976-03-28;29.1;3;29.1
1976-03-29;28.8;3;28.8
1976-03-30;27.3;3;27.3
1976-03-31;29.9;3;29.9
1976-04-01;29.5;4;29.5
1976-04-02;28.0;4;28.0
1976-04-03;28.4;4;28.4
1976-04-04;24.3;4;24.3
1976-04-05;22.8;4;22.8
1976-04-06;23.9;4;23.9
1976-04-07;30.3;4;30.3
1976-04-08;29.5;4;29.5
1976-04-09;32.9;4;32.9
1976-04-10;35.0;4;35.0
1976-04-11;29.5;4;29.5
1976-04-12;65.5;4;65.5
1976-04-13;58.8;4;58.8
1976-04-14;123.3;4;123.3
1976-04-15;89.4;4;89.4
1976-04-16;94.3;4;94.3
1976-04-17;76.8;4;76.8
1976-04-18;86.6;4;86.6
1976-04-19;61.3;4;61.3
1976-04-20;84.5;4;84.5
1976-04-21;119.0;4;119.0
1976-04-22;76.2;4;76.2
1976-04-23;68.5;4;68.5
1976-04-24;98.1;4;98.1
1976-04-25;95.6;4;95.6
1976-04-26;78.7;4;78.7
1976-04-27;81.9;4;81.9
1976-04-28;67.0;4;67.0
1976-04-29;65.1;4;65.1
1976-04-30;59.3;4;59.3
1976-05-01;78.4;5;78.4
1976-05-02;71.8;5;71.8
1976-05-03;64.8;5;64.8
1976-05-04;68.5;5;68.5
1976-05-05;63.5;5;63.5
1976-05-06;86.8;5;86.8
1976-05-07;67.8;5;67.8
1976-05-08;67.9;5;67.9
1976-05-09;56.9;5;56.9
1976-05-10;59.0;5;59.0
1976-05-11;73.0;5;73.0
1976-05-12;55.5;5;55.5
1976-05-13;61.4;5;61.4
1976-05-14;48.1;5;48.1
1976-05-15;44.5;5;44.5
1976-05-16;48.6;5;48.6
1976-05-17;62.1;5;62.1
1976-05-18;121.5;5;121.5
1976-05-19;85.8;5;85.8
1976-05-20;62.8;5;62.8
1976-05-21;56.8;5;56.8
1976-05-22;45.5;5;45.5
1976-05-23;42.5;5;42.5
1976-05-24;39.6;5;39.6
1976-05-25;29.9;5;29.9
1976-05-26;41.5;5;41.5
1976-05-27;78.8;5;78.8
1976-05-28;60.8;5;60.8
1976-05-29;90.5;5;90.5
1976-05-30;78.4;5;78.4
1976-05-31;75.8;5;75.8
1976-06-01;70.8;6;70.8
1976-06-02;58.7;6;58.7
1976-06-03;46.1;6;46.1
1976-06-04;41.5;6;41.5
1976-06-05;87.2;6;87.2
1976-06-06;79.0;6;79.0
1976-06-07;49.1;6;49.1
1976-06-08;46.6;6;46.6
1976-06-09;44.5;6;44.5
1976-06-10;43.1;6;43.1
1976-06-11;53.5;6;53.5
1976-06-12;48.1;6;48.1
1976-06-13;65.1;6;65.1
1976-06-14;40.5;6;40.5
1976-06-15;45.0;6;45.0
1976-06-16;38.6;6;38.6
1976-06-17;34.3;6;34.3
1976-06-18;32.9;6;32.9
1976-06-19;32.5;6;32.5
1976-06-20;29.1;6;29.1
1976-06-21;28.0;6;28.0
1976-06-22;25.4;6;25.4
1976-06-23;25.0;6;25.0
1976-06-24;24.3;6;24.3
1976-06-25;22.8;6;22.8
1976-06-26;21.9;6;21.9
1976-06-27;21.9;6;21.9
1976-06-28;21.5;6;21.5
1976-06-29;32.3;6;32.3
1976-06-30;26.5;6;26.5
1976-07-01;22.8;7;22.8
1976-07-02;21.2;7;21.2
1976-07-03;18.6;7;18.6
1976-07-04;18.3;7;18.3
1976-07-05;18.3;7;18.3
1976-07-06;17.6;7;17.6
1976-07-07;16.5;7;16.5
1976-07-08;10.6;7;10.6
1976-07-09;10.9;7;10.9
1976-07-10;10.9;7;10.9
1976-07-11;10.8;7;10.8
1976-07-12;10.1;7;10.1
1976-07-13;9.5;7;9.5
1976-07-14;9.4;7;9.4
1976-07-15;9.4;7;9.4
1976-07-16;9.4;7;9.4
1976-07-17;9.2;7;9.2
1976-07-18;8.4;7;8.4
1976-07-19;8.5;7;8.5
1976-07-20;5.8;7;5.8
1976-07-21;8.5;7;8.5
1976-07-22;8.7;7;8.7
1976-07-23;8.0;7;8.0
1976-07-24;7.8;7;7.8
1976-07-25;8.0;7;8.0
1976-07-26;7.5;7;7.5
1976-07-27;7.3;7;7.3
1976-07-28;7.3;7;7.3
1976-07-29;7.2;7;7.2
1976-07-30;6.9;7;6.9
1976-07-31;6.9;7;6.9
1976-08-01;7.0;8;7.0
1976-08-02;6.9;8;6.9
1976-08-03;6.9;8;6.9
1976-08-04;6.9;8;6.9
1976-08-05;6.5;8;6.5
1976-08-06;6.5;8;6.5
1976-08-07;6.5;8;6.5
1976-08-08;8.0;8;8.0
1976-08-09;8.7;8;8.7
1976-08-10;7.0;8;7.0
1976-08-11;7.2;8;7.2
1976-08-12;6.5;8;6.5
1976-08-13;5.9;8;5.9
1976-08-14;5.9;8;5.9
1976-08-15;5.9;8;5.9
1976-08-16;6.4;8;6.4
1976-08-17;7.5;8;7.5
1976-08-18;6.1;8;6.1
1976-08-19;8.0;8;8.0
1976-08-20;17.9;8;17.9
1976-08-21;8.5;8;8.5
1976-08-22;6.8;8;6.8
1976-08-23;10.2;8;10.2
1976-08-24;13.5;8;13.5
1976-08-25;8.6;8;8.6
1976-08-26;7.3;8;7.3
1976-08-27;7.4;8;7.4
1976-08-28;9.2;8;9.2
1976-08-29;6.8;8;6.8
1976-08-30;6.4;8;6.4
1976-08-31;5.4;8;5.4
1976-09-01;5.3;9;5.3
1976-09-02;5.2;9;5.2
1976-09-03;5.3;9;5.3
1976-09-04;7.9;9;7.9
1976-09-05;6.9;9;6.9
1976-09-06;8.6;9;8.6
1976-09-07;9.4;9;9.4
1976-09-08;7.6;9;7.6
1976-09-09;6.4;9;6.4
1976-09-10;5.7;9;5.7
1976-09-11;5.8;9;5.8
1976-09-12;5.5;9;5.5
1976-09-13;5.2;9;5.2
1976-09-14;5.4;9;5.4
1976-09-15;4.8;9;4.8
1976-09-16;4.5;9;4.5
1976-09-17;4.4;9;4.4
1976-09-18;4.0;9;4.0
1976-09-19;3.8;9;3.8
1976-09-20;4.5;9;4.5
1976-09-21;4.4;9;4.4
1976-09-22;3.9;9;3.9
1976-09-23;3.8;9;3.8
1976-09-24;4.3;9;4.3
1976-09-25;3.8;9;3.8
1976-09-26;4.8;9;4.8
1976-09-27;14.1;9;14.1
1976-09-28;11.5;9;11.5
1976-09-29;7.1;9;7.1
1976-09-30;4.0;9;4.0
1976-10-01;3.2;10;3.2
1976-10-02;11.7;10;11.7
1976-10-03;29.1;10;29.1
1976-10-04;32.0;10;32.0
1976-10-05;41.7;10;41.7
1976-10-06;55.8;10;55.8
1976-10-07;48.7;10;48.7
1976-10-08;40.1;10;40.1
1976-10-09;45.1;10;45.1
1976-10-10;39.0;10;39.0
1976-10-11;44.6;10;44.6
1976-10-12;71.0;10;71.0
1976-10-13;58.3;10;58.3
1976-10-14;51.3;10;51.3
1976-10-15;67.0;10;67.0
1976-10-16;53.2;10;53.2
1976-10-17;43.5;10;43.5
1976-10-18;39.9;10;39.9
1976-10-19;32.3;10;32.3
1976-10-20;29.9;10;29.9
1976-10-21;36.4;10;36.4
1976-10-22;56.7;10;56.7
1976-10-23;45.5;10;45.5
1976-10-24;37.3;10;37.3
1976-10-25;33.4;10;33.4
1976-10-26;30.4;10;30.4
1976-10-27;29.0;10;29.0
1976-10-28;28.9;10;28.9
1976-10-29;28.2;10;28.2
1976-10-30;33.5;10;33.5
1976-10-31;30.7;10;30.7
1976-11-01;29.2;11;29.2
1976-11-02;28.9;11;28.9
1976-11-03;32.8;11;32.8
1976-11-04;53.4;11;53.4
1976-11-05;66.2;11;66.2
1976-11-06;75.6;11;75.6
1976-11-07;50.7;11;50.7
1976-11-08;52.1;11;52.1
1976-11-09;51.3;11;51.3
1976-11-10;41.1;11;41.1
1976-11-11;39.5;11;39.5
1976-11-12;59.7;11;59.7
1976-11-13;42.4;11;42.4
1976-11-14;48.5;11;48.5
1976-11-15;44.2;11;44.2
1976-11-16;39.1;11;39.1
1976-11-17;35.9;11;35.9
1976-11-18;43.4;11;43.4
1976-11-19;36.9;11;36.9
1976-11-20;35.2;11;35.2
1976-11-21;38.5;11;38.5
1976-11-22;33.4;11;33.4
1976-11-23;30.7;11;30.7
1976-11-24;29.5;11;29.5
1976-11-25;28.4;11;28.4
1976-11-26;27.2;11;27.2
1976-11-27;25.9;11;25.9
1976-11-28;25.9;11;25.9
1976-11-29;26.0;11;26.0
1976-11-30;23.9;11;23.9
1976-12-01;22.5;12;22.5
1976-12-02;21.8;12;21.8
1976-12-03;21.5;12;21.5
1976-12-04;21.6;12;21.6
1976-12-05;22.8;12;22.8
1976-12-06;23.3;12;23.3
1976-12-07;25.1;12;25.1
1976-12-08;23.0;12;23.0
1976-12-09;26.2;12;26.2
1976-12-10;22.3;12;22.3
1976-12-11;20.0;12;20.0
1976-12-12;18.7;12;18.7
1976-12-13;17.6;12;17.6
1976-12-14;17.0;12;17.0
1976-12-15;17.0;12;17.0
1976-12-16;22.4;12;22.4
1976-12-17;26.1;12;26.1
1976-12-18;18.7;12;18.7
1976-12-19;17.5;12;17.5
1976-12-20;17.5;12;17.5
1976-12-21;22.3;12;22.3
1976-12-22;21.4;12;21.4
1976-12-23;18.3;12;18.3
1976-12-24;16.4;12;16.4
1976-12-25;15.2;12;15.2
1976-12-26;14.7;12;14.7
1976-12-27;13.3;12;13.3
1976-12-28;10.0;12;10.0
1976-12-29;4.8;12;4.8
1976-12-30;3.9;12;3.9
1976-12-31;3.9;12;3.9
1977-01-01;3.5;1;3.5
1977-01-02;3.4;1;3.4
1977-01-03;3.3;1;3.3
1977-01-04;3.2;1;3.2
1977-01-05;3.1;1;3.1
1977-01-06;3.0;1;3.0
1977-01-07;3.0;1;3.0
1977-01-08;3.0;1;3.0
1977-01-09;3.0;1;3.0
1977-01-10;3.1;1;3.1
1977-01-11;3.0;1;3.0
1977-01-12;3.0;1;3.0
1977-01-13;3.0;1;3.0
1977-01-14;3.0;1;3.0
1977-01-15;3.0;1;3.0
1977-01-16;3.0;1;3.0
1977-01-17;3.0;1;3.0
1977-01-18;3.0;1;3.0
1977-01-19;3.0;1;3.0
1977-01-20;3.0;1;3.0
1977-01-21;3.0;1;3.0
1977-01-22;3.0;1;3.0
1977-01-23;3.0;1;3.0
1977-01-24;3.0;1;3.0
1977-01-25;3.0;1;3.0
1977-01-26;3.0;1;3.0
1977-01-27;3.0;1;3.0
1977-01-28;3.0;1;3.0
1977-01-29;3.0;1;3.0
1977-01-30;3.0;1;3.0
1977-01-31;3.0;1;3.0
1977-02-01;2.4;2;2.4
1977-02-02;2.6;2;2.6
1977-02-03;2.5;2;2.5
1977-02-04;2.4;2;2.4
1977-02-05;2.4;2;2.4
1977-02-06;2.4;2;2.4
1977-02-07;2.4;2;2.4
1977-02-08;2.7;2;2.7
1977-02-09;2.5;2;2.5
1977-02-10;2.4;2;2.4
1977-02-11;2.4;2;2.4
1977-02-12;2.7;2;2.7
1977-02-13;2.6;2;2.6
1977-02-14;3.0;2;3.0
1977-02-15;2.5;2;2.5
1977-02-16;2.5;2;2.5
1977-02-17;2.4;2;2.4
1977-02-18;2.4;2;2.4
1977-02-19;2.3;2;2.3
1977-02-20;2.4;2;2.4
1977-02-21;2.7;2;2.7
1977-02-22;2.5;2;2.5
1977-02-23;2.3;2;2.3
1977-02-24;2.4;2;2.4
1977-02-25;2.3;2;2.3
1977-02-26;2.5;2;2.5
1977-02-27;2.6;2;2.6
1977-02-28;2.4;2;2.4
1977-03-01;2.4;3;2.4
1977-03-02;2.5;3;2.5
1977-03-03;2.4;3;2.4
1977-03-04;2.3;3;2.3
1977-03-05;2.3;3;2.3
1977-03-06;2.3;3;2.3
1977-03-07;2.3;3;2.3
1977-03-08;2.2;3;2.2
1977-03-09;2.1;3;2.1
1977-03-10;1.9;3;1.9
1977-03-11;2.0;3;2.0
1977-03-12;2.1;3;2.1
1977-03-13;2.2;3;2.2
1977-03-14;2.1;3;2.1
1977-03-15;2.1;3;2.1
1977-03-16;2.6;3;2.6
1977-03-17;2.3;3;2.3
1977-03-18;2.7;3;2.7
1977-03-19;2.8;3;2.8
1977-03-20;2.8;3;2.8
1977-03-21;3.4;3;3.4
1977-03-22;4.4;3;4.4
1977-03-23;2.5;3;2.5
1977-03-24;2.8;3;2.8
1977-03-25;2.3;3;2.3
1977-03-26;2.3;3;2.3
1977-03-27;3.6;3;3.6
1977-03-28;11.3;3;11.3
1977-03-29;22.9;3;22.9
1977-03-30;12.7;3;12.7
1977-03-31;7.5;3;7.5
1977-04-01;3.6;4;3.6
1977-04-02;4.2;4;4.2
1977-04-03;4.4;4;4.4
1977-04-04;4.4;4;4.4
1977-04-05;4.4;4;4.4
1977-04-06;4.2;4;4.2
1977-04-07;4.1;4;4.1
1977-04-08;9.7;4;9.7
1977-04-09;5.7;4;5.7
1977-04-10;5.2;4;5.2
1977-04-11;6.1;4;6.1
1977-04-12;4.8;4;4.8
1977-04-13;5.4;4;5.4
1977-04-14;9.1;4;9.1
1977-04-15;5.3;4;5.3
1977-04-16;3.6;4;3.6
1977-04-17;4.3;4;4.3
1977-04-18;8.1;4;8.1
1977-04-19;4.3;4;4.3
1977-04-20;3.4;4;3.4
1977-04-21;3.2;4;3.2
1977-04-22;3.5;4;3.5
1977-04-23;2.8;4;2.8
1977-04-24;2.8;4;2.8
1977-04-25;2.7;4;2.7
1977-04-26;3.4;4;3.4
1977-04-27;2.9;4;2.9
1977-04-28;3.8;4;3.8
1977-04-29;12.5;4;12.5
1977-04-30;17.6;4;17.6
1977-05-01;10.7;5;10.7
1977-05-02;9.0;5;9.0
1977-05-03;7.8;5;7.8
1977-05-04;12.6;5;12.6
1977-05-05;20.9;5;20.9
1977-05-06;17.3;5;17.3
1977-05-07;17.6;5;17.6
1977-05-08;15.1;5;15.1
1977-05-09;11.2;5;11.2
1977-05-10;9.8;5;9.8
1977-05-11;16.8;5;16.8
1977-05-12;20.0;5;20.0
1977-05-13;13.3;5;13.3
1977-05-14;27.1;5;27.1
1977-05-15;31.5;5;31.5
1977-05-16;50.6;5;50.6
1977-05-17;35.6;5;35.6
1977-05-18;25.0;5;25.0
1977-05-19;25.2;5;25.2
1977-05-20;17.9;5;17.9
1977-05-21;15.0;5;15.0
1977-05-22;21.0;5;21.0
1977-05-23;20.3;5;20.3
1977-05-24;15.9;5;15.9
1977-05-25;22.2;5;22.2
1977-05-26;17.8;5;17.8
1977-05-27;19.0;5;19.0
1977-05-28;14.5;5;14.5
1977-05-29;12.4;5;12.4
1977-05-30;10.9;5;10.9
1977-05-31;30.4;5;30.4
1977-06-01;64.8;6;64.8
1977-06-02;60.0;6;60.0
1977-06-03;35.1;6;35.1
1977-06-04;28.7;6;28.7
1977-06-05;26.4;6;26.4
1977-06-06;23.3;6;23.3
1977-06-07;28.9;6;28.9
1977-06-08;38.1;6;38.1
1977-06-09;22.5;6;22.5
1977-06-10;31.3;6;31.3
1977-06-11;27.9;6;27.9
1977-06-12;60.0;6;60.0
1977-06-13;52.8;6;52.8
1977-06-14;74.1;6;74.1
1977-06-15;40.1;6;40.1
1977-06-16;30.9;6;30.9
1977-06-17;26.7;6;26.7
1977-06-18;39.8;6;39.8
1977-06-19;32.8;6;32.8
1977-06-20;28.6;6;28.6
1977-06-21;28.0;6;28.0
1977-06-22;26.0;6;26.0
1977-06-23;19.4;6;19.4
1977-06-24;17.5;6;17.5
1977-06-25;19.1;6;19.1
1977-06-26;22.9;6;22.9
1977-06-27;15.6;6;15.6
1977-06-28;13.3;6;13.3
1977-06-29;11.6;6;11.6
1977-06-30;16.4;6;16.4
1977-07-01;33.1;7;33.1
1977-07-02;31.7;7;31.7
1977-07-03;19.1;7;19.1
1977-07-04;15.9;7;15.9
1977-07-05;14.3;7;14.3
1977-07-06;17.5;7;17.5
1977-07-07;21.3;7;21.3
1977-07-08;18.6;7;18.6
1977-07-09;16.5;7;16.5
1977-07-10;17.3;7;17.3
1977-07-11;13.6;7;13.6
1977-07-12;11.4;7;11.4
1977-07-13;9.8;7;9.8
1977-07-14;9.2;7;9.2
1977-07-15;16.8;7;16.8
1977-07-16;23.9;7;23.9
1977-07-17;11.9;7;11.9
1977-07-18;9.6;7;9.6
1977-07-19;10.8;7;10.8
1977-07-20;13.5;7;13.5
1977-07-21;7.8;7;7.8
1977-07-22;7.5;7;7.5
1977-07-23;15.0;7;15.0
1977-07-24;25.5;7;25.5
1977-07-25;13.6;7;13.6
1977-07-26;36.8;7;36.8
1977-07-27;86.0;7;86.0
1977-07-28;44.2;7;44.2
1977-07-29;26.6;7;26.6
1977-07-30;19.8;7;19.8
1977-07-31;40.3;7;40.3
1977-08-01;45.1;8;45.1
1977-08-02;28.2;8;28.2
1977-08-03;22.7;8;22.7
1977-08-04;35.6;8;35.6
1977-08-05;33.8;8;33.8
1977-08-06;25.2;8;25.2
1977-08-07;45.8;8;45.8
1977-08-08;29.5;8;29.5
1977-08-09;25.1;8;25.1
1977-08-10;20.7;8;20.7
1977-08-11;17.6;8;17.6
1977-08-12;17.5;8;17.5
1977-08-13;17.8;8;17.8
1977-08-14;29.9;8;29.9
1977-08-15;30.1;8;30.1
1977-08-16;22.9;8;22.9
1977-08-17;16.9;8;16.9
1977-08-18;17.4;8;17.4
1977-08-19;40.2;8;40.2
1977-08-20;72.6;8;72.6
1977-08-21;67.9;8;67.9
1977-08-22;41.1;8;41.1
1977-08-23;28.1;8;28.1
1977-08-24;21.8;8;21.8
1977-08-25;17.9;8;17.9
1977-08-26;15.3;8;15.3
1977-08-27;13.1;8;13.1
1977-08-28;11.0;8;11.0
1977-08-29;11.0;8;11.0
1977-08-30;13.1;8;13.1
1977-08-31;9.3;8;9.3
1977-09-01;8.7;9;8.7
1977-09-02;8.3;9;8.3
1977-09-03;15.4;9;15.4
1977-09-04;11.2;9;11.2
1977-09-05;12.2;9;12.2
1977-09-06;9.3;9;9.3
1977-09-07;8.8;9;8.8
1977-09-08;8.8;9;8.8
1977-09-09;8.8;9;8.8
1977-09-10;8.8;9;8.8
1977-09-11;8.8;9;8.8
1977-09-12;8.8;9;8.8
1977-09-13;8.8;9;8.8
1977-09-14;12.4;9;12.4
1977-09-15;9.1;9;9.1
1977-09-16;8.8;9;8.8
1977-09-17;12.8;9;12.8
1977-09-18;21.5;9;21.5
1977-09-19;37.3;9;37.3
1977-09-20;64.7;9;64.7
1977-09-21;62.3;9;62.3
1977-09-22;43.7;9;43.7
1977-09-23;46.2;9;46.2
1977-09-24;36.8;9;36.8
1977-09-25;46.9;9;46.9
1977-09-26;53.3;9;53.3
1977-09-27;38.5;9;38.5
1977-09-28;49.0;9;49.0
1977-09-29;92.1;9;92.1
1977-09-30;67.1;9;67.1
1977-10-01;69.8;10;69.8
1977-10-02;60.9;10;60.9
1977-10-03;42.2;10;42.2
1977-10-04;54.1;10;54.1
1977-10-05;73.1;10;73.1
1977-10-06;94.5;10;94.5
1977-10-07;128.7;10;128.7
1977-10-08;75.3;10;75.3
1977-10-09;61.3;10;61.3
1977-10-10;49.8;10;49.8
1977-10-11;97.8;10;97.8
1977-10-12;59.8;10;59.8
1977-10-13;48.5;10;48.5
1977-10-14;55.4;10;55.4
1977-10-15;75.5;10;75.5
1977-10-16;55.1;10;55.1
1977-10-17;54.5;10;54.5
1977-10-18;47.0;10;47.0
1977-10-19;53.4;10;53.4
1977-10-20;44.0;10;44.0
1977-10-21;35.9;10;35.9
1977-10-22;30.8;10;30.8
1977-10-23;29.0;10;29.0
1977-10-24;27.3;10;27.3
1977-10-25;31.0;10;31.0
1977-10-26;42.9;10;42.9
1977-10-27;54.6;10;54.6
1977-10-28;53.8;10;53.8
1977-10-29;40.6;10;40.6
1977-10-30;43.4;10;43.4
1977-10-31;50.2;10;50.2
1977-11-01;120.8;11;120.8
1977-11-02;91.5;11;91.5
1977-11-03;94.4;11;94.4
1977-11-04;89.2;11;89.2
1977-11-05;103.5;11;103.5
1977-11-06;109.5;11;109.5
1977-11-07;88.3;11;88.3
1977-11-08;77.5;11;77.5
1977-11-09;83.2;11;83.2
1977-11-10;104.9;11;104.9
1977-11-11;99.0;11;99.0
1977-11-12;93.7;11;93.7
1977-11-13;75.8;11;75.8
1977-11-14;80.0;11;80.0
1977-11-15;90.3;11;90.3
1977-11-16;75.1;11;75.1
1977-11-17;108.2;11;108.2
1977-11-18;102.2;11;102.2
1977-11-19;66.6;11;66.6
1977-11-20;58.4;11;58.4
1977-11-21;51.9;11;51.9
1977-11-22;62.5;11;62.5
1977-11-23;58.4;11;58.4
1977-11-24;50.2;11;50.2
1977-11-25;49.0;11;49.0
1977-11-26;50.4;11;50.4
1977-11-27;42.9;11;42.9
1977-11-28;40.0;11;40.0
1977-11-29;36.9;11;36.9
1977-11-30;33.0;11;33.0
1977-12-01;31.0;12;31.0
1977-12-02;30.6;12;30.6
1977-12-03;31.0;12;31.0
1977-12-04;27.5;12;27.5
1977-12-05;27.1;12;27.1
1977-12-06;26.3;12;26.3
1977-12-07;25.5;12;25.5
1977-12-08;25.1;12;25.1
1977-12-09;29.5;12;29.5
1977-12-10;23.9;12;23.9
1977-12-11;23.5;12;23.5
1977-12-12;24.7;12;24.7
1977-12-13;25.7;12;25.7
1977-12-14;23.2;12;23.2
1977-12-15;20.7;12;20.7
1977-12-16;19.7;12;19.7
1977-12-17;18.8;12;18.8
1977-12-18;17.9;12;17.9
1977-12-19;17.3;12;17.3
1977-12-20;17.0;12;17.0
1977-12-21;16.2;12;16.2
1977-12-22;15.9;12;15.9
1977-12-23;18.6;12;18.6
1977-12-24;15.6;12;15.6
1977-12-25;14.8;12;14.8
1977-12-26;14.5;12;14.5
1977-12-27;23.3;12;23.3
1977-12-28;21.9;12;21.9
1977-12-29;17.0;12;17.0
1977-12-30;12.9;12;12.9
1977-12-31;12.0;12;12.0
1978-01-01;11.4;1;11.4
1978-01-02;10.7;1;10.7
1978-01-03;9.6;1;9.6
1978-01-04;9.9;1;9.9
1978-01-05;9.0;1;9.0
1978-01-06;9.3;1;9.3
1978-01-07;8.5;1;8.5
1978-01-08;8.1;1;8.1
1978-01-09;9.5;1;9.5
1978-01-10;8.5;1;8.5
1978-01-11;8.5;1;8.5
1978-01-12;8.0;1;8.0
1978-01-13;7.4;1;7.4
1978-01-14;7.2;1;7.2
1978-01-15;6.9;1;6.9
1978-01-16;6.7;1;6.7
1978-01-17;6.5;1;6.5
1978-01-18;5.4;1;5.4
1978-01-19;4.5;1;4.5
1978-01-20;3.4;1;3.4
1978-01-21;4.7;1;4.7
1978-01-22;4.6;1;4.6
1978-01-23;4.6;1;4.6
1978-01-24;4.8;1;4.8
1978-01-25;4.6;1;4.6
1978-01-26;4.5;1;4.5
1978-01-27;3.8;1;3.8
1978-01-28;4.0;1;4.0
1978-01-29;3.2;1;3.2
1978-01-30;3.0;1;3.0
1978-01-31;3.3;1;3.3
1978-02-01;3.2;2;3.2
1978-02-02;3.1;2;3.1
1978-02-03;2.9;2;2.9
1978-02-04;2.7;2;2.7
1978-02-05;2.5;2;2.5
1978-02-06;2.5;2;2.5
1978-02-07;2.5;2;2.5
1978-02-08;3.4;2;3.4
1978-02-09;5.1;2;5.1
1978-02-10;2.8;2;2.8
1978-02-11;2.6;2;2.6
1978-02-12;2.5;2;2.5
1978-02-13;2.5;2;2.5
1978-02-14;2.4;2;2.4
1978-02-15;2.4;2;2.4
1978-02-16;2.4;2;2.4
1978-02-17;2.3;2;2.3
1978-02-18;2.3;2;2.3
1978-02-19;2.4;2;2.4
1978-02-20;2.3;2;2.3
1978-02-21;2.3;2;2.3
1978-02-22;2.3;2;2.3
1978-02-23;2.3;2;2.3
1978-02-24;2.3;2;2.3
1978-02-25;2.3;2;2.3
1978-02-26;2.4;2;2.4
1978-02-27;2.4;2;2.4
1978-02-28;2.3;2;2.3
1978-03-01;2.3;3;2.3
1978-03-02;2.3;3;2.3
1978-03-03;2.5;3;2.5
1978-03-04;2.7;3;2.7
1978-03-05;2.6;3;2.6
1978-03-06;2.5;3;2.5
1978-03-07;5.2;3;5.2
1978-03-08;4.9;3;4.9
1978-03-09;2.9;3;2.9
1978-03-10;12.0;3;12.0
1978-03-11;4.9;3;4.9
1978-03-12;4.2;3;4.2
1978-03-13;4.7;3;4.7
1978-03-14;4.7;3;4.7
1978-03-15;4.4;3;4.4
1978-03-16;4.2;3;4.2
1978-03-17;4.2;3;4.2
1978-03-18;4.3;3;4.3
1978-03-19;4.9;3;4.9
1978-03-20;4.2;3;4.2
1978-03-21;4.0;3;4.0
1978-03-22;4.2;3;4.2
1978-03-23;8.8;3;8.8
1978-03-24;5.3;3;5.3
1978-03-25;4.3;3;4.3
1978-03-26;4.7;3;4.7
1978-03-27;12.7;3;12.7
1978-03-28;13.8;3;13.8
1978-03-29;40.2;3;40.2
1978-03-30;19.9;3;19.9
1978-03-31;36.1;3;36.1
1978-04-01;28.0;4;28.0
1978-04-02;25.6;4;25.6
1978-04-03;46.6;4;46.6
1978-04-04;27.2;4;27.2
1978-04-05;30.4;4;30.4
1978-04-06;44.3;4;44.3
1978-04-07;56.0;4;56.0
1978-04-08;84.0;4;84.0
1978-04-09;45.6;4;45.6
1978-04-10;40.4;4;40.4
1978-04-11;63.0;4;63.0
1978-04-12;44.6;4;44.6
1978-04-13;50.7;4;50.7
1978-04-14;48.8;4;48.8
1978-04-15;70.9;4;70.9
1978-04-16;84.4;4;84.4
1978-04-17;64.7;4;64.7
1978-04-18;60.2;4;60.2
1978-04-19;58.1;4;58.1
1978-04-20;63.7;4;63.7
1978-04-21;59.9;4;59.9
1978-04-22;81.8;4;81.8
1978-04-23;72.4;4;72.4
1978-04-24;69.7;4;69.7
1978-04-25;68.2;4;68.2
1978-04-26;55.2;4;55.2
1978-04-27;54.7;4;54.7
1978-04-28;53.8;4;53.8
1978-04-29;59.6;4;59.6
1978-04-30;52.7;4;52.7
1978-05-01;44.6;5;44.6
1978-05-02;51.8;5;51.8
1978-05-03;66.2;5;66.2
1978-05-04;64.5;5;64.5
1978-05-05;65.3;5;65.3
1978-05-06;70.4;5;70.4
1978-05-07;62.3;5;62.3
1978-05-08;58.5;5;58.5
1978-05-09;98.6;5;98.6
1978-05-10;68.8;5;68.8
1978-05-11;77.2;5;77.2
1978-05-12;67.0;5;67.0
1978-05-13;66.0;5;66.0
1978-05-14;98.3;5;98.3
1978-05-15;69.8;5;69.8
1978-05-16;77.6;5;77.6
1978-05-17;51.0;5;51.0
1978-05-18;43.4;5;43.4
1978-05-19;38.2;5;38.2
1978-05-20;34.1;5;34.1
1978-05-21;34.8;5;34.8
1978-05-22;35.7;5;35.7
1978-05-23;27.3;5;27.3
1978-05-24;25.0;5;25.0
1978-05-25;28.3;5;28.3
1978-05-26;53.8;5;53.8
1978-05-27;45.4;5;45.4
1978-05-28;56.4;5;56.4
1978-05-29;58.0;5;58.0
1978-05-30;69.3;5;69.3
1978-05-31;58.1;5;58.1
1978-06-01;90.8;6;90.8
1978-06-02;112.4;6;112.4
1978-06-03;83.5;6;83.5
1978-06-04;62.5;6;62.5
1978-06-05;52.0;6;52.0
1978-06-06;44.5;6;44.5
1978-06-07;39.3;6;39.3
1978-06-08;40.4;6;40.4
1978-06-09;44.6;6;44.6
1978-06-10;62.9;6;62.9
1978-06-11;43.3;6;43.3
1978-06-12;38.5;6;38.5
1978-06-13;33.2;6;33.2
1978-06-14;31.8;6;31.8
1978-06-15;48.5;6;48.5
1978-06-16;67.4;6;67.4
1978-06-17;72.7;6;72.7
1978-06-18;63.9;6;63.9
1978-06-19;57.3;6;57.3
1978-06-20;42.5;6;42.5
1978-06-21;36.0;6;36.0
1978-06-22;31.1;6;31.1
1978-06-23;28.6;6;28.6
1978-06-24;25.9;6;25.9
1978-06-25;25.0;6;25.0
1978-06-26;23.8;6;23.8
1978-06-27;21.3;6;21.3
1978-06-28;26.2;6;26.2
1978-06-29;27.2;6;27.2
1978-06-30;22.3;6;22.3
1978-07-01;25.7;7;25.7
1978-07-02;40.0;7;40.0
1978-07-03;47.7;7;47.7
1978-07-04;62.8;7;62.8
1978-07-05;37.5;7;37.5
1978-07-06;30.2;7;30.2
1978-07-07;25.8;7;25.8
1978-07-08;19.4;7;19.4
1978-07-09;18.3;7;18.3
1978-07-10;27.3;7;27.3
1978-07-11;36.5;7;36.5
1978-07-12;30.3;7;30.3
1978-07-13;56.8;7;56.8
1978-07-14;62.8;7;62.8
1978-07-15;38.9;7;38.9
1978-07-16;36.0;7;36.0
1978-07-17;36.4;7;36.4
1978-07-18;29.4;7;29.4
1978-07-19;28.4;7;28.4
1978-07-20;26.5;7;26.5
1978-07-21;34.2;7;34.2
1978-07-22;28.3;7;28.3
1978-07-23;20.8;7;20.8
1978-07-24;18.6;7;18.6
1978-07-25;26.1;7;26.1
1978-07-26;26.3;7;26.3
1978-07-27;18.8;7;18.8
1978-07-28;15.9;7;15.9
1978-07-29;13.5;7;13.5
1978-07-30;17.7;7;17.7
1978-07-31;13.4;7;13.4
1978-08-01;11.9;8;11.9
1978-08-02;10.7;8;10.7
1978-08-03;10.3;8;10.3
1978-08-04;9.9;8;9.9
1978-08-05;9.5;8;9.5
1978-08-06;8.6;8;8.6
1978-08-07;9.3;8;9.3
1978-08-08;13.1;8;13.1
1978-08-09;10.4;8;10.4
1978-08-10;8.2;8;8.2
1978-08-11;7.2;8;7.2
1978-08-12;6.2;8;6.2
1978-08-13;5.9;8;5.9
1978-08-14;4.9;8;4.9
1978-08-15;4.7;8;4.7
1978-08-16;5.0;8;5.0
1978-08-17;4.2;8;4.2
1978-08-18;4.3;8;4.3
1978-08-19;4.4;8;4.4
1978-08-20;4.0;8;4.0
1978-08-21;4.1;8;4.1
1978-08-22;4.0;8;4.0
1978-08-23;3.6;8;3.6
1978-08-24;3.6;8;3.6
1978-08-25;4.2;8;4.2
1978-08-26;12.6;8;12.6
1978-08-27;15.8;8;15.8
1978-08-28;15.4;8;15.4
1978-08-29;22.3;8;22.3
1978-08-30;24.1;8;24.1
1978-08-31;15.1;8;15.1
1978-09-01;11.1;9;11.1
1978-09-02;10.6;9;10.6
1978-09-03;9.5;9;9.5
1978-09-04;6.8;9;6.8
1978-09-05;6.7;9;6.7
1978-09-06;6.3;9;6.3
1978-09-07;7.0;9;7.0
1978-09-08;7.2;9;7.2
1978-09-09;20.5;9;20.5
1978-09-10;22.6;9;22.6
1978-09-11;19.6;9;19.6
1978-09-12;17.0;9;17.0
1978-09-13;29.1;9;29.1
1978-09-14;27.2;9;27.2
1978-09-15;27.6;9;27.6
1978-09-16;20.9;9;20.9
1978-09-17;15.6;9;15.6
1978-09-18;13.6;9;13.6
1978-09-19;12.1;9;12.1
1978-09-20;17.0;9;17.0
1978-09-21;24.1;9;24.1
1978-09-22;18.5;9;18.5
1978-09-23;13.8;9;13.8
1978-09-24;13.8;9;13.8
1978-09-25;14.9;9;14.9
1978-09-26;20.5;9;20.5
1978-09-27;29.7;9;29.7
1978-09-28;41.8;9;41.8
1978-09-29;23.8;9;23.8
1978-09-30;27.4;9;27.4
1978-10-01;35.8;10;35.8
1978-10-02;24.0;10;24.0
1978-10-03;19.3;10;19.3
1978-10-04;15.9;10;15.9
1978-10-05;13.3;10;13.3
1978-10-06;11.6;10;11.6
1978-10-07;12.3;10;12.3
1978-10-08;21.0;10;21.0
1978-10-09;25.8;10;25.8
1978-10-10;32.4;10;32.4
1978-10-11;25.2;10;25.2
1978-10-12;18.9;10;18.9
1978-10-13;31.0;10;31.0
1978-10-14;34.3;10;34.3
1978-10-15;60.7;10;60.7
1978-10-16;39.9;10;39.9
1978-10-17;40.4;10;40.4
1978-10-18;32.9;10;32.9
1978-10-19;38.7;10;38.7
1978-10-20;36.3;10;36.3
1978-10-21;34.8;10;34.8
1978-10-22;39.7;10;39.7
1978-10-23;47.7;10;47.7
1978-10-24;41.2;10;41.2
1978-10-25;54.2;10;54.2
1978-10-26;44.4;10;44.4
1978-10-27;37.3;10;37.3
1978-10-28;30.3;10;30.3
1978-10-29;27.4;10;27.4
1978-10-30;29.8;10;29.8
1978-10-31;30.8;10;30.8
1978-11-01;27.9;11;27.9
1978-11-02;38.3;11;38.3
1978-11-03;42.6;11;42.6
1978-11-04;41.0;11;41.0
1978-11-05;40.3;11;40.3
1978-11-06;42.1;11;42.1
1978-11-07;44.8;11;44.8
1978-11-08;29.8;11;29.8
1978-11-09;25.8;11;25.8
1978-11-10;23.2;11;23.2
1978-11-11;43.1;11;43.1
1978-11-12;27.8;11;27.8
1978-11-13;23.4;11;23.4
1978-11-14;21.0;11;21.0
1978-11-15;28.5;11;28.5
1978-11-16;29.2;11;29.2
1978-11-17;34.9;11;34.9
1978-11-18;41.3;11;41.3
1978-11-19;24.7;11;24.7
1978-11-20;23.3;11;23.3
1978-11-21;25.7;11;25.7
1978-11-22;24.0;11;24.0
1978-11-23;24.8;11;24.8
1978-11-24;22.2;11;22.2
1978-11-25;35.9;11;35.9
1978-11-26;56.3;11;56.3
1978-11-27;29.4;11;29.4
1978-11-28;22.2;11;22.2
1978-11-29;17.6;11;17.6
1978-11-30;17.1;11;17.1
1978-12-01;16.5;12;16.5
1978-12-02;16.3;12;16.3
1978-12-03;17.4;12;17.4
1978-12-04;57.8;12;57.8
1978-12-05;83.9;12;83.9
1978-12-06;40.8;12;40.8
1978-12-07;34.2;12;34.2
1978-12-08;62.3;12;62.3
1978-12-09;53.8;12;53.8
1978-12-10;49.7;12;49.7
1978-12-11;54.3;12;54.3
1978-12-12;47.9;12;47.9
1978-12-13;37.8;12;37.8
1978-12-14;30.4;12;30.4
1978-12-15;27.5;12;27.5
1978-12-16;24.0;12;24.0
1978-12-17;26.8;12;26.8
1978-12-18;23.6;12;23.6
1978-12-19;18.5;12;18.5
1978-12-20;15.2;12;15.2
1978-12-21;13.5;12;13.5
1978-12-22;12.4;12;12.4
1978-12-23;10.8;12;10.8
1978-12-24;9.6;12;9.6
1978-12-25;8.8;12;8.8
1978-12-26;8.4;12;8.4
1978-12-27;7.8;12;7.8
1978-12-28;7.1;12;7.1
1978-12-29;6.6;12;6.6
1978-12-30;5.8;12;5.8
1978-12-31;5.4;12;5.4
1979-01-01;5.0;1;5.0
1979-01-02;4.7;1;4.7
1979-01-03;4.5;1;4.5
1979-01-04;4.4;1;4.4
1979-01-05;6.4;1;6.4
1979-01-06;4.3;1;4.3
1979-01-07;3.9;1;3.9
1979-01-08;3.7;1;3.7
1979-01-09;3.6;1;3.6
1979-01-10;3.5;1;3.5
1979-01-11;3.4;1;3.4
1979-01-12;3.2;1;3.2
1979-01-13;3.2;1;3.2
1979-01-14;3.2;1;3.2
1979-01-15;3.2;1;3.2
1979-01-16;3.1;1;3.1
1979-01-17;2.9;1;2.9
1979-01-18;2.9;1;2.9
1979-01-19;2.8;1;2.8
1979-01-20;2.8;1;2.8
1979-01-21;2.7;1;2.7
1979-01-22;3.2;1;3.2
1979-01-23;2.8;1;2.8
1979-01-24;2.7;1;2.7
1979-01-25;2.8;1;2.8
1979-01-26;2.6;1;2.6
1979-01-27;2.9;1;2.9
1979-01-28;8.5;1;8.5
1979-01-29;6.8;1;6.8
1979-01-30;3.4;1;3.4
1979-01-31;3.0;1;3.0
1979-02-01;2.9;2;2.9
1979-02-02;2.9;2;2.9
1979-02-03;2.7;2;2.7
1979-02-04;2.5;2;2.5
1979-02-05;2.5;2;2.5
1979-02-06;2.5;2;2.5
1979-02-07;2.5;2;2.5
1979-02-08;2.4;2;2.4
1979-02-09;2.6;2;2.6
1979-02-10;2.5;2;2.5
1979-02-11;2.9;2;2.9
1979-02-12;3.3;2;3.3
1979-02-13;3.4;2;3.4
1979-02-14;4.4;2;4.4
1979-02-15;3.8;2;3.8
1979-02-16;12.2;2;12.2
1979-02-17;14.2;2;14.2
1979-02-18;20.0;2;20.0
1979-02-19;7.1;2;7.1
1979-02-20;4.8;2;4.8
1979-02-21;3.7;2;3.7
1979-02-22;4.0;2;4.0
1979-02-23;5.7;2;5.7
1979-02-24;4.8;2;4.8
1979-02-25;4.0;2;4.0
1979-02-26;5.7;2;5.7
1979-02-27;6.8;2;6.8
1979-02-28;4.4;2;4.4
1979-03-01;3.8;3;3.8
1979-03-02;5.3;3;5.3
1979-03-03;10.7;3;10.7
1979-03-04;11.4;3;11.4
1979-03-05;7.8;3;7.8
1979-03-06;12.8;3;12.8
1979-03-07;18.1;3;18.1
1979-03-08;18.0;3;18.0
1979-03-09;27.9;3;27.9
1979-03-10;22.4;3;22.4
1979-03-11;13.0;3;13.0
1979-03-12;10.3;3;10.3
1979-03-13;10.9;3;10.9
1979-03-14;13.2;3;13.2
1979-03-15;21.7;3;21.7
1979-03-16;37.4;3;37.4
1979-03-17;36.5;3;36.5
1979-03-18;22.2;3;22.2
1979-03-19;15.9;3;15.9
1979-03-20;13.6;3;13.6
1979-03-21;13.1;3;13.1
1979-03-22;21.6;3;21.6
1979-03-23;30.8;3;30.8
1979-03-24;32.2;3;32.2
1979-03-25;21.2;3;21.2
1979-03-26;16.7;3;16.7
1979-03-27;23.3;3;23.3
1979-03-28;19.3;3;19.3
1979-03-29;15.8;3;15.8
1979-03-30;17.3;3;17.3
1979-03-31;18.2;3;18.2
1979-04-01;31.6;4;31.6
1979-04-02;33.8;4;33.8
1979-04-03;44.5;4;44.5
1979-04-04;31.4;4;31.4
1979-04-05;66.7;4;66.7
1979-04-06;56.2;4;56.2
1979-04-07;39.7;4;39.7
1979-04-08;37.7;4;37.7
1979-04-09;46.7;4;46.7
1979-04-10;55.9;4;55.9
1979-04-11;31.8;4;31.8
1979-04-12;25.8;4;25.8
1979-04-13;22.8;4;22.8
1979-04-14;23.4;4;23.4
1979-04-15;19.8;4;19.8
1979-04-16;17.0;4;17.0
1979-04-17;17.3;4;17.3
1979-04-18;21.3;4;21.3
1979-04-19;21.1;4;21.1
1979-04-20;30.4;4;30.4
1979-04-21;28.7;4;28.7
1979-04-22;56.0;4;56.0
1979-04-23;60.6;4;60.6
1979-04-24;46.8;4;46.8
1979-04-25;50.2;4;50.2
1979-04-26;104.6;4;104.6
1979-04-27;116.5;4;116.5
1979-04-28;96.7;4;96.7
1979-04-29;91.0;4;91.0
1979-04-30;90.0;4;90.0
1979-05-01;86.5;5;86.5
1979-05-02;71.2;5;71.2
1979-05-03;70.8;5;70.8
1979-05-04;55.8;5;55.8
1979-05-05;71.4;5;71.4
1979-05-06;56.5;5;56.5
1979-05-07;43.4;5;43.4
1979-05-08;37.8;5;37.8
1979-05-09;35.0;5;35.0
1979-05-10;30.3;5;30.3
1979-05-11;27.4;5;27.4
1979-05-12;25.1;5;25.1
1979-05-13;23.2;5;23.2
1979-05-14;28.4;5;28.4
1979-05-15;30.3;5;30.3
1979-05-16;28.2;5;28.2
1979-05-17;37.5;5;37.5
1979-05-18;57.8;5;57.8
1979-05-19;104.0;5;104.0
1979-05-20;87.4;5;87.4
1979-05-21;104.3;5;104.3
1979-05-22;101.6;5;101.6
1979-05-23;104.7;5;104.7
1979-05-24;92.5;5;92.5
1979-05-25;76.0;5;76.0
1979-05-26;68.9;5;68.9
1979-05-27;76.8;5;76.8
1979-05-28;94.0;5;94.0
1979-05-29;100.5;5;100.5
1979-05-30;78.2;5;78.2
1979-05-31;72.9;5;72.9
1979-06-01;62.2;6;62.2
1979-06-02;82.4;6;82.4
1979-06-03;98.1;6;98.1
1979-06-04;93.3;6;93.3
1979-06-05;114.0;6;114.0
1979-06-06;96.3;6;96.3
1979-06-07;105.9;6;105.9
1979-06-08;110.8;6;110.8
1979-06-09;91.9;6;91.9
1979-06-10;84.8;6;84.8
1979-06-11;72.7;6;72.7
1979-06-12;70.9;6;70.9
1979-06-13;61.0;6;61.0
1979-06-14;63.0;6;63.0
1979-06-15;56.3;6;56.3
1979-06-16;59.9;6;59.9
1979-06-17;52.6;6;52.6
1979-06-18;51.7;6;51.7
1979-06-19;44.4;6;44.4
1979-06-20;41.5;6;41.5
1979-06-21;39.6;6;39.6
1979-06-22;37.8;6;37.8
1979-06-23;36.5;6;36.5
1979-06-24;34.0;6;34.0
1979-06-25;32.0;6;32.0
1979-06-26;30.5;6;30.5
1979-06-27;28.9;6;28.9
1979-06-28;28.2;6;28.2
1979-06-29;27.5;6;27.5
1979-06-30;26.5;6;26.5
1979-07-01;27.1;7;27.1
1979-07-02;31.5;7;31.5
1979-07-03;28.3;7;28.3
1979-07-04;24.3;7;24.3
1979-07-05;22.8;7;22.8
1979-07-06;21.7;7;21.7
1979-07-07;21.0;7;21.0
1979-07-08;20.0;7;20.0
1979-07-09;18.4;7;18.4
1979-07-10;16.3;7;16.3
1979-07-11;16.2;7;16.2
1979-07-12;16.6;7;16.6
1979-07-13;17.4;7;17.4
1979-07-14;17.4;7;17.4
1979-07-15;37.6;7;37.6
1979-07-16;31.8;7;31.8
1979-07-17;21.5;7;21.5
1979-07-18;25.0;7;25.0
1979-07-19;25.5;7;25.5
1979-07-20;20.7;7;20.7
1979-07-21;17.7;7;17.7
1979-07-22;17.9;7;17.9
1979-07-23;16.4;7;16.4
1979-07-24;14.7;7;14.7
1979-07-25;13.6;7;13.6
1979-07-26;14.0;7;14.0
1979-07-27;12.7;7;12.7
1979-07-28;12.2;7;12.2
1979-07-29;14.4;7;14.4
1979-07-30;18.6;7;18.6
1979-07-31;21.8;7;21.8
1979-08-01;31.8;8;31.8
1979-08-02;25.7;8;25.7
1979-08-03;17.6;8;17.6
1979-08-04;14.8;8;14.8
1979-08-05;13.3;8;13.3
1979-08-06;12.4;8;12.4
1979-08-07;11.6;8;11.6
1979-08-08;10.9;8;10.9
1979-08-09;10.0;8;10.0
1979-08-10;5.8;8;5.8
1979-08-11;6.4;8;6.4
1979-08-12;9.3;8;9.3
1979-08-13;10.7;8;10.7
1979-08-14;11.0;8;11.0
1979-08-15;9.8;8;9.8
1979-08-16;9.6;8;9.6
1979-08-17;9.3;8;9.3
1979-08-18;9.1;8;9.1
1979-08-19;8.8;8;8.8
1979-08-20;8.7;8;8.7
1979-08-21;9.9;8;9.9
1979-08-22;7.8;8;7.8
1979-08-23;8.7;8;8.7
1979-08-24;11.0;8;11.0
1979-08-25;22.8;8;22.8
1979-08-26;18.5;8;18.5
1979-08-27;37.4;8;37.4
1979-08-28;34.0;8;34.0
1979-08-29;32.5;8;32.5
1979-08-30;30.7;8;30.7
1979-08-31;25.1;8;25.1
1979-09-01;25.5;9;25.5
1979-09-02;29.2;9;29.2
1979-09-03;30.3;9;30.3
1979-09-04;29.2;9;29.2
1979-09-05;34.5;9;34.5
1979-09-06;33.5;9;33.5
1979-09-07;30.3;9;30.3
1979-09-08;27.5;9;27.5
1979-09-09;29.9;9;29.9
1979-09-10;35.0;9;35.0
1979-09-11;29.2;9;29.2
1979-09-12;66.3;9;66.3
1979-09-13;77.3;9;77.3
1979-09-14;67.2;9;67.2
1979-09-15;44.5;9;44.5
1979-09-16;95.8;9;95.8
1979-09-17;60.5;9;60.5
1979-09-18;53.2;9;53.2
1979-09-19;61.2;9;61.2
1979-09-20;38.2;9;38.2
1979-09-21;43.3;9;43.3
1979-09-22;47.9;9;47.9
1979-09-23;49.4;9;49.4
1979-09-24;39.6;9;39.6
1979-09-25;22.8;9;22.8
1979-09-26;22.1;9;22.1
1979-09-27;20.3;9;20.3
1979-09-28;18.5;9;18.5
1979-09-29;19.1;9;19.1
1979-09-30;17.0;9;17.0
1979-10-01;17.3;10;17.3
1979-10-02;19.1;10;19.1
1979-10-03;20.5;10;20.5
1979-10-04;15.0;10;15.0
1979-10-05;18.5;10;18.5
1979-10-06;14.5;10;14.5
1979-10-07;15.0;10;15.0
1979-10-08;17.9;10;17.9
1979-10-09;20.0;10;20.0
1979-10-10;25.5;10;25.5
1979-10-11;32.0;10;32.0
1979-10-12;21.0;10;21.0
1979-10-13;29.2;10;29.2
1979-10-14;37.3;10;37.3
1979-10-15;32.5;10;32.5
1979-10-16;48.7;10;48.7
1979-10-17;65.3;10;65.3
1979-10-18;53.8;10;53.8
1979-10-19;71.5;10;71.5
1979-10-20;55.7;10;55.7
1979-10-21;109.0;10;109.0
1979-10-22;159.5;10;159.5
1979-10-23;103.0;10;103.0
1979-10-24;84.2;10;84.2
1979-10-25;45.6;10;45.6
1979-10-26;118.0;10;118.0
1979-10-27;118.0;10;118.0
1979-10-28;144.2;10;144.2
1979-10-29;173.9;10;173.9
1979-10-30;164.7;10;164.7
1979-10-31;144.0;10;144.0
1979-11-01;136.8;11;136.8
1979-11-02;118.0;11;118.0
1979-11-03;102.5;11;102.5
1979-11-04;79.0;11;79.0
1979-11-05;96.0;11;96.0
1979-11-06;123.0;11;123.0
1979-11-07;144.2;11;144.2
1979-11-08;109.0;11;109.0
1979-11-09;94.0;11;94.0
1979-11-10;78.7;11;78.7
1979-11-11;71.2;11;71.2
1979-11-12;83.8;11;83.8
1979-11-13;104.2;11;104.2
1979-11-14;86.6;11;86.6
1979-11-15;77.9;11;77.9
1979-11-16;74.9;11;74.9
1979-11-17;72.5;11;72.5
1979-11-18;72.5;11;72.5
1979-11-19;68.1;11;68.1
1979-11-20;64.2;11;64.2
1979-11-21;60.9;11;60.9
1979-11-22;56.9;11;56.9
1979-11-23;56.5;11;56.5
1979-11-24;61.8;11;61.8
1979-11-25;98.2;11;98.2
1979-11-26;79.6;11;79.6
1979-11-27;67.3;11;67.3
1979-11-28;64.2;11;64.2
1979-11-29;71.0;11;71.0
1979-11-30;70.3;11;70.3
1979-12-01;64.5;12;64.5
1979-12-02;56.9;12;56.9
1979-12-03;53.8;12;53.8
1979-12-04;51.4;12;51.4
1979-12-05;49.7;12;49.7
1979-12-06;46.9;12;46.9
1979-12-07;44.3;12;44.3
1979-12-08;42.4;12;42.4
1979-12-09;41.0;12;41.0
1979-12-10;40.1;12;40.1
1979-12-11;38.2;12;38.2
1979-12-12;37.3;12;37.3
1979-12-13;36.0;12;36.0
1979-12-14;35.4;12;35.4
1979-12-15;37.3;12;37.3
1979-12-16;34.5;12;34.5
1979-12-17;35.9;12;35.9
1979-12-18;34.0;12;34.0
1979-12-19;33.1;12;33.1
1979-12-20;33.5;12;33.5
1979-12-21;32.0;12;32.0
1979-12-22;30.6;12;30.6
1979-12-23;31.2;12;31.2
1979-12-24;31.1;12;31.1
1979-12-25;29.9;12;29.9
1979-12-26;29.2;12;29.2
1979-12-27;28.5;12;28.5
1979-12-28;27.5;12;27.5
1979-12-29;26.9;12;26.9
1979-12-30;27.2;12;27.2
1979-12-31;29.9;12;29.9
1980-01-01;26.88;1;26.88
1980-01-02;26.74;1;26.74
1980-01-03;32.47;1;32.47
1980-01-04;23.66;1;23.66
1980-01-05;20.37;1;20.37
1980-01-06;18.8;1;18.8
1980-01-07;16.42;1;16.42
1980-01-08;11.57;1;11.57
1980-01-09;10.67;1;10.67
1980-01-10;10.18;1;10.18
1980-01-11;10.35;1;10.35
1980-01-12;9.14;1;9.14
1980-01-13;8.17;1;8.17
1980-01-14;6.4;1;6.4
1980-01-15;6.35;1;6.35
1980-01-16;4.62;1;4.62
1980-01-17;3.49;1;3.49
1980-01-18;3.25;1;3.25
1980-01-19;3.2;1;3.2
1980-01-20;6.0;1;6.0
1980-01-21;3.66;1;3.66
1980-01-22;3.25;1;3.25
1980-01-23;3.05;1;3.05
1980-01-24;3.0;1;3.0
1980-01-25;2.95;1;2.95
1980-01-26;2.84;1;2.84
1980-01-27;2.73;1;2.73
1980-01-28;2.67;1;2.67
1980-01-29;2.72;1;2.72
1980-01-30;3.08;1;3.08
1980-01-31;3.08;1;3.08
1980-02-01;2.98;2;2.98
1980-02-02;4.27;2;4.27
1980-02-03;4.29;2;4.29
1980-02-04;10.77;2;10.77
1980-02-05;7.89;2;7.89
1980-02-06;5.27;2;5.27
1980-02-07;4.36;2;4.36
1980-02-08;5.71;2;5.71
1980-02-09;5.1;2;5.1
1980-02-10;6.22;2;6.22
1980-02-11;6.7;2;6.7
1980-02-12;6.69;2;6.69
1980-02-13;6.39;2;6.39
1980-02-14;6.09;2;6.09
1980-02-15;5.79;2;5.79
1980-02-16;5.83;2;5.83
1980-02-17;7.88;2;7.88
1980-02-18;7.71;2;7.71
1980-02-19;9.24;2;9.24
1980-02-20;10.84;2;10.84
1980-02-21;14.07;2;14.07
1980-02-22;15.93;2;15.93
1980-02-23;12.56;2;12.56
1980-02-24;11.98;2;11.98
1980-02-25;11.95;2;11.95
1980-02-26;11.43;2;11.43
1980-02-27;10.59;2;10.59
1980-02-28;10.35;2;10.35
1980-02-29;9.78;2;9.78
1980-03-01;9.59;3;9.59
1980-03-02;8.66;3;8.66
1980-03-03;8.21;3;8.21
1980-03-04;6.72;3;6.72
1980-03-05;6.39;3;6.39
1980-03-06;7.26;3;7.26
1980-03-07;6.48;3;6.48
1980-03-08;6.94;3;6.94
1980-03-09;6.79;3;6.79
1980-03-10;6.17;3;6.17
1980-03-11;4.55;3;4.55
1980-03-12;3.46;3;3.46
1980-03-13;3.4;3;3.4
1980-03-14;3.33;3;3.33
1980-03-15;3.02;3;3.02
1980-03-16;2.45;3;2.45
1980-03-17;7.27;3;7.27
1980-03-18;8.72;3;8.72
1980-03-19;3.53;3;3.53
1980-03-20;2.97;3;2.97
1980-03-21;2.81;3;2.81
1980-03-22;2.8;3;2.8
1980-03-23;3.14;3;3.14
1980-03-24;3.4;3;3.4
1980-03-25;3.3;3;3.3
1980-03-26;3.1;3;3.1
1980-03-27;2.9;3;2.9
1980-03-28;2.6;3;2.6
1980-03-29;2.6;3;2.6
1980-03-30;2.38;3;2.38
1980-03-31;8.5;3;8.5
1980-04-01;4.52;4;4.52
1980-04-02;2.79;4;2.79
1980-04-03;5.18;4;5.18
1980-04-04;2.81;4;2.81
1980-04-05;2.84;4;2.84
1980-04-06;3.09;4;3.09
1980-04-07;7.39;4;7.39
1980-04-08;3.71;4;3.71
1980-04-09;3.11;4;3.11
1980-04-10;2.99;4;2.99
1980-04-11;2.81;4;2.81
1980-04-12;2.68;4;2.68
1980-04-13;2.6;4;2.6
1980-04-14;4.98;4;4.98
1980-04-15;18.41;4;18.41
1980-04-16;14.01;4;14.01
1980-04-17;10.5;4;10.5
1980-04-18;8.97;4;8.97
1980-04-19;8.14;4;8.14
1980-04-20;7.49;4;7.49
1980-04-21;7.24;4;7.24
1980-04-22;6.98;4;6.98
1980-04-23;28.68;4;28.68
1980-04-24;25.17;4;25.17
1980-04-25;15.15;4;15.15
1980-04-26;13.24;4;13.24
1980-04-27;16.48;4;16.48
1980-04-28;18.14;4;18.14
1980-04-29;15.04;4;15.04
1980-04-30;14.41;4;14.41
1980-05-01;28.32;5;28.32
1980-05-02;24.62;5;24.62
1980-05-03;17.29;5;17.29
1980-05-04;15.45;5;15.45
1980-05-05;13.16;5;13.16
1980-05-06;14.31;5;14.31
1980-05-07;19.65;5;19.65
1980-05-08;18.11;5;18.11
1980-05-09;39.6;5;39.6
1980-05-10;36.35;5;36.35
1980-05-11;21.63;5;21.63
1980-05-12;16.48;5;16.48
1980-05-13;19.62;5;19.62
1980-05-14;24.52;5;24.52
1980-05-15;29.37;5;29.37
1980-05-16;31.3;5;31.3
1980-05-17;51.66;5;51.66
1980-05-18;61.52;5;61.52
1980-05-19;33.32;5;33.32
1980-05-20;24.38;5;24.38
1980-05-21;18.72;5;18.72
1980-05-22;17.11;5;17.11
1980-05-23;13.54;5;13.54
1980-05-24;14.81;5;14.81
1980-05-25;24.39;5;24.39
1980-05-26;41.23;5;41.23
1980-05-27;21.8;5;21.8
1980-05-28;16.45;5;16.45
1980-05-29;19.07;5;19.07
1980-05-30;20.45;5;20.45
1980-05-31;22.02;5;22.02
1980-06-01;65.57;6;65.57
1980-06-02;71.31;6;71.31
1980-06-03;39.32;6;39.32
1980-06-04;46.39;6;46.39
1980-06-05;36.64;6;36.64
1980-06-06;32.68;6;32.68
1980-06-07;22.5;6;22.5
1980-06-08;17.98;6;17.98
1980-06-09;16.16;6;16.16
1980-06-10;13.48;6;13.48
1980-06-11;19.27;6;19.27
1980-06-12;35.16;6;35.16
1980-06-13;39.92;6;39.92
1980-06-14;31.87;6;31.87
1980-06-15;26.17;6;26.17
1980-06-16;22.1;6;22.1
1980-06-17;20.54;6;20.54
1980-06-18;39.67;6;39.67
1980-06-19;28.82;6;28.82
1980-06-20;40.07;6;40.07
1980-06-21;31.82;6;31.82
1980-06-22;34.72;6;34.72
1980-06-23;30.85;6;30.85
1980-06-24;26.6;6;26.6
1980-06-25;22.68;6;22.68
1980-06-26;20.1;6;20.1
1980-06-27;14.13;6;14.13
1980-06-28;12.05;6;12.05
1980-06-29;11.68;6;11.68
1980-06-30;10.68;6;10.68
1980-07-01;10.34;7;10.34
1980-07-02;10.8;7;10.8
1980-07-03;9.84;7;9.84
1980-07-04;7.99;7;7.99
1980-07-05;6.53;7;6.53
1980-07-06;5.86;7;5.86
1980-07-07;6.46;7;6.46
1980-07-08;5.65;7;5.65
1980-07-09;5.76;7;5.76
1980-07-10;6.51;7;6.51
1980-07-11;9.49;7;9.49
1980-07-12;7.1;7;7.1
1980-07-13;6.61;7;6.61
1980-07-14;6.43;7;6.43
1980-07-15;4.95;7;4.95
1980-07-16;4.32;7;4.32
1980-07-17;4.34;7;4.34
1980-07-18;4.07;7;4.07
1980-07-19;4.1;7;4.1
1980-07-20;4.71;7;4.71
1980-07-21;6.5;7;6.5
1980-07-22;7.98;7;7.98
1980-07-23;14.12;7;14.12
1980-07-24;19.4;7;19.4
1980-07-25;29.52;7;29.52
1980-07-26;16.9;7;16.9
1980-07-27;15.15;7;15.15
1980-07-28;25.79;7;25.79
1980-07-29;15.33;7;15.33
1980-07-30;12.77;7;12.77
1980-07-31;10.27;7;10.27
1980-08-01;8.67;8;8.67
1980-08-02;11.79;8;11.79
1980-08-03;15.33;8;15.33
1980-08-04;9.16;8;9.16
1980-08-05;11.28;8;11.28
1980-08-06;12.02;8;12.02
1980-08-07;8.69;8;8.69
1980-08-08;11.89;8;11.89
1980-08-09;11.78;8;11.78
1980-08-10;8.62;8;8.62
1980-08-11;7.49;8;7.49
1980-08-12;6.54;8;6.54
1980-08-13;5.96;8;5.96
1980-08-14;7.57;8;7.57
1980-08-15;7.65;8;7.65
1980-08-16;6.24;8;6.24
1980-08-17;5.35;8;5.35
1980-08-18;7.84;8;7.84
1980-08-19;9.61;8;9.61
1980-08-20;7.19;8;7.19
1980-08-21;6.37;8;6.37
1980-08-22;5.18;8;5.18
1980-08-23;12.21;8;12.21
1980-08-24;7.62;8;7.62
1980-08-25;6.02;8;6.02
1980-08-26;5.97;8;5.97
1980-08-27;5.12;8;5.12
1980-08-28;4.8;8;4.8
1980-08-29;4.78;8;4.78
1980-08-30;9.04;8;9.04
1980-08-31;10.85;8;10.85
1980-09-01;16.62;9;16.62
1980-09-02;14.67;9;14.67
1980-09-03;17.49;9;17.49
1980-09-04;22.24;9;22.24
1980-09-05;16.78;9;16.78
1980-09-06;14.58;9;14.58
1980-09-07;10.8;9;10.8
1980-09-08;10.39;9;10.39
1980-09-09;9.03;9;9.03
1980-09-10;7.96;9;7.96
1980-09-11;7.6;9;7.6
1980-09-12;7.73;9;7.73
1980-09-13;7.27;9;7.27
1980-09-14;10.76;9;10.76
1980-09-15;18.97;9;18.97
1980-09-16;9.38;9;9.38
1980-09-17;15.02;9;15.02
1980-09-18;21.5;9;21.5
1980-09-19;16.7;9;16.7
1980-09-20;11.98;9;11.98
1980-09-21;12.11;9;12.11
1980-09-22;17.52;9;17.52
1980-09-23;11.97;9;11.97
1980-09-24;10.6;9;10.6
1980-09-25;9.96;9;9.96
1980-09-26;7.26;9;7.26
1980-09-27;4.94;9;4.94
1980-09-28;30.12;9;30.12
1980-09-29;9.87;9;9.87
1980-09-30;10.51;9;10.51
1980-10-01;14.72;10;14.72
1980-10-02;12.42;10;12.42
1980-10-03;14.82;10;14.82
1980-10-04;42.83;10;42.83
1980-10-05;57.1;10;57.1
1980-10-06;48.76;10;48.76
1980-10-07;58.12;10;58.12
1980-10-08;59.0;10;59.0
1980-10-09;49.36;10;49.36
1980-10-10;50.14;10;50.14
1980-10-11;42.83;10;42.83
1980-10-12;34.66;10;34.66
1980-10-13;29.53;10;29.53
1980-10-14;37.65;10;37.65
1980-10-15;38.13;10;38.13
1980-10-16;46.01;10;46.01
1980-10-17;43.59;10;43.59
1980-10-18;76.69;10;76.69
1980-10-19;64.95;10;64.95
1980-10-20;43.44;10;43.44
1980-10-21;40.78;10;40.78
1980-10-22;42.46;10;42.46
1980-10-23;33.28;10;33.28
1980-10-24;42.83;10;42.83
1980-10-25;38.66;10;38.66
1980-10-26;43.28;10;43.28
1980-10-27;35.56;10;35.56
1980-10-28;48.01;10;48.01
1980-10-29;49.42;10;49.42
1980-10-30;31.05;10;31.05
1980-10-31;27.05;10;27.05
1980-11-01;25.9;11;25.9
1980-11-02;37.17;11;37.17
1980-11-03;24.93;11;24.93
1980-11-04;31.46;11;31.46
1980-11-05;68.94;11;68.94
1980-11-06;91.83;11;91.83
1980-11-07;51.27;11;51.27
1980-11-08;88.82;11;88.82
1980-11-09;60.85;11;60.85
1980-11-10;49.03;11;49.03
1980-11-11;37.34;11;37.34
1980-11-12;34.12;11;34.12
1980-11-13;30.37;11;30.37
1980-11-14;34.62;11;34.62
1980-11-15;30.75;11;30.75
1980-11-16;26.29;11;26.29
1980-11-17;23.17;11;23.17
1980-11-18;19.7;11;19.7
1980-11-19;17.57;11;17.57
1980-11-20;19.35;11;19.35
1980-11-21;23.11;11;23.11
1980-11-22;18.22;11;18.22
1980-11-23;25.11;11;25.11
1980-11-24;32.51;11;32.51
1980-11-25;26.6;11;26.6
1980-11-26;68.12;11;68.12
1980-11-27;52.72;11;52.72
1980-11-28;33.86;11;33.86
1980-11-29;49.62;11;49.62
1980-11-30;40.79;11;40.79
1980-12-01;26.83;12;26.83
1980-12-02;27.05;12;27.05
1980-12-03;36.23;12;36.23
1980-12-04;35.34;12;35.34
1980-12-05;43.13;12;43.13
1980-12-06;23.45;12;23.45
1980-12-07;18.66;12;18.66
1980-12-08;16.19;12;16.19
1980-12-09;17.64;12;17.64
1980-12-10;22.62;12;22.62
1980-12-11;19.91;12;19.91
1980-12-12;28.15;12;28.15
1980-12-13;45.33;12;45.33
1980-12-14;38.98;12;38.98
1980-12-15;40.25;12;40.25
1980-12-16;32.07;12;32.07
1980-12-17;40.78;12;40.78
1980-12-18;24.75;12;24.75
1980-12-19;19.41;12;19.41
1980-12-20;16.56;12;16.56
1980-12-21;15.75;12;15.75
1980-12-22;17.7;12;17.7
1980-12-23;16.21;12;16.21
1980-12-24;16.25;12;16.25
1980-12-25;15.55;12;15.55
1980-12-26;13.54;12;13.54
1980-12-27;15.44;12;15.44
1980-12-28;15.62;12;15.62
1980-12-29;14.66;12;14.66
1980-12-30;12.23;12;12.23
1980-12-31;14.36;12;14.36
1981-01-01;14.8;1;14.8
1981-01-02;18.2;1;18.2
1981-01-03;12.7;1;12.7
1981-01-04;10.7;1;10.7
1981-01-05;9.6;1;9.6
1981-01-06;9.1;1;9.1
1981-01-07;8.8;1;8.8
1981-01-08;10.1;1;10.1
1981-01-09;10.8;1;10.8
1981-01-10;8.3;1;8.3
1981-01-11;7.2;1;7.2
1981-01-12;6.6;1;6.6
1981-01-13;5.9;1;5.9
1981-01-14;4.4;1;4.4
1981-01-15;4.2;1;4.2
1981-01-16;4.0;1;4.0
1981-01-17;4.0;1;4.0
1981-01-18;4.5;1;4.5
1981-01-19;3.6;1;3.6
1981-01-20;3.6;1;3.6
1981-01-21;3.9;1;3.9
1981-01-22;3.8;1;3.8
1981-01-23;3.6;1;3.6
1981-01-24;3.9;1;3.9
1981-01-25;3.6;1;3.6
1981-01-26;3.4;1;3.4
1981-01-27;2.4;1;2.4
1981-01-28;2.5;1;2.5
1981-01-29;4.2;1;4.2
1981-01-30;5.3;1;5.3
1981-01-31;5.7;1;5.7
1981-02-01;6.6;2;6.6
1981-02-02;9.2;2;9.2
1981-02-03;14.8;2;14.8
1981-02-04;10.3;2;10.3
1981-02-05;11.2;2;11.2
1981-02-06;5.8;2;5.8
1981-02-07;5.3;2;5.3
1981-02-08;5.7;2;5.7
1981-02-09;9.9;2;9.9
1981-02-10;7.1;2;7.1
1981-02-11;5.2;2;5.2
1981-02-12;4.4;2;4.4
1981-02-13;3.9;2;3.9
1981-02-14;3.6;2;3.6
1981-02-15;3.3;2;3.3
1981-02-16;3.1;2;3.1
1981-02-17;3.0;2;3.0
1981-02-18;4.0;2;4.0
1981-02-19;6.5;2;6.5
1981-02-20;6.8;2;6.8
1981-02-21;6.3;2;6.3
1981-02-22;7.6;2;7.6
1981-02-23;13.4;2;13.4
1981-02-24;7.8;2;7.8
1981-02-25;8.1;2;8.1
1981-02-26;5.8;2;5.8
1981-02-27;4.3;2;4.3
1981-02-28;3.9;2;3.9
1981-03-01;5.4;3;5.4
1981-03-02;5.5;3;5.5
1981-03-03;4.7;3;4.7
1981-03-04;3.9;3;3.9
1981-03-05;13.3;3;13.3
1981-03-06;19.3;3;19.3
1981-03-07;28.2;3;28.2
1981-03-08;19.7;3;19.7
1981-03-09;25.3;3;25.3
1981-03-10;25.0;3;25.0
1981-03-11;15.5;3;15.5
1981-03-12;13.2;3;13.2
1981-03-13;10.9;3;10.9
1981-03-14;8.6;3;8.6
1981-03-15;8.0;3;8.0
1981-03-16;6.4;3;6.4
1981-03-17;5.7;3;5.7
1981-03-18;5.1;3;5.1
1981-03-19;4.7;3;4.7
1981-03-20;4.2;3;4.2
1981-03-21;3.9;3;3.9
1981-03-22;3.6;3;3.6
1981-03-23;3.5;3;3.5
1981-03-24;3.3;3;3.3
1981-03-25;3.2;3;3.2
1981-03-26;3.4;3;3.4
1981-03-27;3.3;3;3.3
1981-03-28;3.1;3;3.1
1981-03-29;3.0;3;3.0
1981-03-30;3.2;3;3.2
1981-03-31;4.2;3;4.2
1981-04-01;3.1;4;3.1
1981-04-02;5.7;4;5.7
1981-04-03;10.8;4;10.8
1981-04-04;17.9;4;17.9
1981-04-05;26.8;4;26.8
1981-04-06;26.8;4;26.8
1981-04-07;28.0;4;28.0
1981-04-08;42.0;4;42.0
1981-04-09;24.8;4;24.8
1981-04-10;17.8;4;17.8
1981-04-11;14.5;4;14.5
1981-04-12;33.7;4;33.7
1981-04-13;50.4;4;50.4
1981-04-14;31.0;4;31.0
1981-04-15;29.9;4;29.9
1981-04-16;29.1;4;29.1
1981-04-17;33.0;4;33.0
1981-04-18;40.6;4;40.6
1981-04-19;52.9;4;52.9
1981-04-20;49.8;4;49.8
1981-04-21;39.9;4;39.9
1981-04-22;41.1;4;41.1
1981-04-23;48.1;4;48.1
1981-04-24;43.2;4;43.2
1981-04-25;43.5;4;43.5
1981-04-26;55.0;4;55.0
1981-04-27;116.7;4;116.7
1981-04-28;154.3;4;154.3
1981-04-29;106.6;4;106.6
1981-04-30;93.0;4;93.0
1981-05-01;89.6;5;89.6
1981-05-02;93.7;5;93.7
1981-05-03;89.1;5;89.1
1981-05-04;81.1;5;81.1
1981-05-05;87.6;5;87.6
1981-05-06;136.6;5;136.6
1981-05-07;126.4;5;126.4
1981-05-08;124.4;5;124.4
1981-05-09;125.1;5;125.1
1981-05-10;118.7;5;118.7
1981-05-11;111.4;5;111.4
1981-05-12;120.1;5;120.1
1981-05-13;140.2;5;140.2
1981-05-14;153.7;5;153.7
1981-05-15;159.1;5;159.1
1981-05-16;156.8;5;156.8
1981-05-17;125.4;5;125.4
1981-05-18;113.4;5;113.4
1981-05-19;89.3;5;89.3
1981-05-20;79.1;5;79.1
1981-05-21;67.9;5;67.9
1981-05-22;63.0;5;63.0
1981-05-23;65.4;5;65.4
1981-05-24;81.1;5;81.1
1981-05-25;105.9;5;105.9
1981-05-26;95.3;5;95.3
1981-05-27;71.3;5;71.3
1981-05-28;76.1;5;76.1
1981-05-29;111.0;5;111.0
1981-05-30;112.2;5;112.2
1981-05-31;130.7;5;130.7
1981-06-01;128.2;6;128.2
1981-06-02;144.1;6;144.1
1981-06-03;108.8;6;108.8
1981-06-04;104.4;6;104.4
1981-06-05;77.3;6;77.3
1981-06-06;94.1;6;94.1
1981-06-07;117.9;6;117.9
1981-06-08;100.3;6;100.3
1981-06-09;93.5;6;93.5
1981-06-10;114.6;6;114.6
1981-06-11;110.2;6;110.2
1981-06-12;79.5;6;79.5
1981-06-13;68.7;6;68.7
1981-06-14;63.4;6;63.4
1981-06-15;58.9;6;58.9
1981-06-16;80.7;6;80.7
1981-06-17;74.8;6;74.8
1981-06-18;66.8;6;66.8
1981-06-19;60.6;6;60.6
1981-06-20;55.8;6;55.8
1981-06-21;49.3;6;49.3
1981-06-22;73.6;6;73.6
1981-06-23;91.9;6;91.9
1981-06-24;56.2;6;56.2
1981-06-25;48.5;6;48.5
1981-06-26;43.9;6;43.9
1981-06-27;26.5;6;26.5
1981-06-28;23.5;6;23.5
1981-06-29;24.3;6;24.3
1981-06-30;65.3;6;65.3
1981-07-01;55.4;7;55.4
1981-07-02;54.6;7;54.6
1981-07-03;39.6;7;39.6
1981-07-04;27.5;7;27.5
1981-07-05;30.3;7;30.3
1981-07-06;64.8;7;64.8
1981-07-07;42.0;7;42.0
1981-07-08;35.0;7;35.0
1981-07-09;27.5;7;27.5
1981-07-10;24.7;7;24.7
1981-07-11;33.5;7;33.5
1981-07-12;26.7;7;26.7
1981-07-13;27.2;7;27.2
1981-07-14;34.0;7;34.0
1981-07-15;35.7;7;35.7
1981-07-16;34.0;7;34.0
1981-07-17;38.1;7;38.1
1981-07-18;34.0;7;34.0
1981-07-19;31.1;7;31.1
1981-07-20;78.8;7;78.8
1981-07-21;29.2;7;29.2
1981-07-22;21.7;7;21.7
1981-07-23;17.0;7;17.0
1981-07-24;15.9;7;15.9
1981-07-25;11.6;7;11.6
1981-07-26;10.3;7;10.3
1981-07-27;9.3;7;9.3
1981-07-28;9.1;7;9.1
1981-07-29;8.5;7;8.5
1981-07-30;8.5;7;8.5
1981-07-31;8.5;7;8.5
1981-08-01;8.5;8;8.5
1981-08-02;5.2;8;5.2
1981-08-03;5.3;8;5.3
1981-08-04;5.0;8;5.0
1981-08-05;5.0;8;5.0
1981-08-06;5.2;8;5.2
1981-08-07;5.2;8;5.2
1981-08-08;6.7;8;6.7
1981-08-09;6.7;8;6.7
1981-08-10;7.1;8;7.1
1981-08-11;8.5;8;8.5
1981-08-12;8.5;8;8.5
1981-08-13;9.5;8;9.5
1981-08-14;7.8;8;7.8
1981-08-15;5.2;8;5.2
1981-08-16;4.6;8;4.6
1981-08-17;4.0;8;4.0
1981-08-18;5.2;8;5.2
1981-08-19;7.6;8;7.6
1981-08-20;5.2;8;5.2
1981-08-21;17.0;8;17.0
1981-08-22;15.6;8;15.6
1981-08-23;38.2;8;38.2
1981-08-24;40.5;8;40.5
1981-08-25;47.9;8;47.9
1981-08-26;40.5;8;40.5
1981-08-27;24.0;8;24.0
1981-08-28;16.4;8;16.4
1981-08-29;15.0;8;15.0
1981-08-30;10.9;8;10.9
1981-08-31;10.5;8;10.5
1981-09-01;13.1;9;13.1
1981-09-02;45.6;9;45.6
1981-09-03;28.5;9;28.5
1981-09-04;60.5;9;60.5
1981-09-05;45.6;9;45.6
1981-09-06;23.5;9;23.5
1981-09-07;28.5;9;28.5
1981-09-08;27.5;9;27.5
1981-09-09;23.5;9;23.5
1981-09-10;21.0;9;21.0
1981-09-11;52.2;9;52.2
1981-09-12;27.2;9;27.2
1981-09-13;41.8;9;41.8
1981-09-14;31.0;9;31.0
1981-09-15;29.2;9;29.2
1981-09-16;23.1;9;23.1
1981-09-17;21.4;9;21.4
1981-09-18;20.0;9;20.0
1981-09-19;18.8;9;18.8
1981-09-20;16.4;9;16.4
1981-09-21;13.5;9;13.5
1981-09-22;11.8;9;11.8
1981-09-23;9.6;9;9.6
1981-09-24;8.5;9;8.5
1981-09-25;7.8;9;7.8
1981-09-26;6.4;9;6.4
1981-09-27;5.2;9;5.2
1981-09-28;6.4;9;6.4
1981-09-29;3.4;9;3.4
1981-09-30;3.4;9;3.4
1981-10-01;9.3;10;9.3
1981-10-02;8.1;10;8.1
1981-10-03;6.9;10;6.9
1981-10-04;6.5;10;6.5
1981-10-05;5.2;10;5.2
1981-10-06;5.2;10;5.2
1981-10-07;15.6;10;15.6
1981-10-08;8.5;10;8.5
1981-10-09;11.8;10;11.8
1981-10-10;10.7;10;10.7
1981-10-11;13.1;10;13.1
1981-10-12;29.2;10;29.2
1981-10-13;30.3;10;30.3
1981-10-14;31.0;10;31.0
1981-10-15;29.2;10;29.2
1981-10-16;30.3;10;30.3
1981-10-17;25.5;10;25.5
1981-10-18;37.2;10;37.2
1981-10-19;52.2;10;52.2
1981-10-20;33.5;10;33.5
1981-10-21;31.0;10;31.0
1981-10-22;39.7;10;39.7
1981-10-23;30.3;10;30.3
1981-10-24;38.2;10;38.2
1981-10-25;50.6;10;50.6
1981-10-26;61.9;10;61.9
1981-10-27;49.5;10;49.5
1981-10-28;112.5;10;112.5
1981-10-29;62.6;10;62.6
1981-10-30;154.5;10;154.5
1981-10-31;118.0;10;118.0
1981-11-01;62.6;11;62.6
1981-11-02;62.6;11;62.6
1981-11-03;61.9;11;61.9
1981-11-04;57.0;11;57.0
1981-11-05;43.9;11;43.9
1981-11-06;65.0;11;65.0
1981-11-07;53.8;11;53.8
1981-11-08;76.0;11;76.0
1981-11-09;39.6;11;39.6
1981-11-10;36.9;11;36.9
1981-11-11;36.0;11;36.0
1981-11-12;33.5;11;33.5
1981-11-13;31.0;11;31.0
1981-11-14;31.0;11;31.0
1981-11-15;26.3;11;26.3
1981-11-16;33.0;11;33.0
1981-11-17;31.0;11;31.0
1981-11-18;23.5;11;23.5
1981-11-19;26.3;11;26.3
1981-11-20;23.5;11;23.5
1981-11-21;32.5;11;32.5
1981-11-22;34.8;11;34.8
1981-11-23;32.0;11;32.0
1981-11-24;30.6;11;30.6
1981-11-25;33.5;11;33.5
1981-11-26;31.0;11;31.0
1981-11-27;28.2;11;28.2
1981-11-28;28.2;11;28.2
1981-11-29;28.5;11;28.5
1981-11-30;37.3;11;37.3
1981-12-01;32.5;12;32.5
1981-12-02;31.0;12;31.0
1981-12-03;31.0;12;31.0
1981-12-04;29.6;12;29.6
1981-12-05;27.1;12;27.1
1981-12-06;26.3;12;26.3
1981-12-07;24.3;12;24.3
1981-12-08;23.5;12;23.5
1981-12-09;21.7;12;21.7
1981-12-10;15.9;12;15.9
1981-12-11;15.3;12;15.3
1981-12-12;15.3;12;15.3
1981-12-13;14.8;12;14.8
1981-12-14;14.8;12;14.8
1981-12-15;14.8;12;14.8
1981-12-16;14.8;12;14.8
1981-12-17;14.8;12;14.8
1981-12-18;13.9;12;13.9
1981-12-19;12.0;12;12.0
1981-12-20;12.0;12;12.0
1981-12-21;12.0;12;12.0
1981-12-22;11.6;12;11.6
1981-12-23;10.7;12;10.7
1981-12-24;8.5;12;8.5
1981-12-25;8.5;12;8.5
1981-12-26;8.5;12;8.5
1981-12-27;8.5;12;8.5
1981-12-28;8.5;12;8.5
1981-12-29;6.7;12;6.7
1981-12-30;7.2;12;7.2
1981-12-31;8.5;12;8.5
1982-01-01;10.1;1;10.1
1982-01-02;10.1;1;10.1
1982-01-03;12.0;1;12.0
1982-01-04;12.0;1;12.0
1982-01-05;10.1;1;10.1
1982-01-06;10.1;1;10.1
1982-01-07;10.1;1;10.1
1982-01-08;10.5;1;10.5
1982-01-09;10.5;1;10.5
1982-01-10;11.2;1;11.2
1982-01-11;11.2;1;11.2
1982-01-12;8.5;1;8.5
1982-01-13;8.5;1;8.5
1982-01-14;8.5;1;8.5
1982-01-15;8.5;1;8.5
1982-01-16;8.5;1;8.5
1982-01-17;8.5;1;8.5
1982-01-18;8.5;1;8.5
1982-01-19;8.5;1;8.5
1982-01-20;7.6;1;7.6
1982-01-21;6.7;1;6.7
1982-01-22;6.4;1;6.4
1982-01-23;5.2;1;5.2
1982-01-24;7.2;1;7.2
1982-01-25;6.7;1;6.7
1982-01-26;3.4;1;3.4
1982-01-27;3.4;1;3.4
1982-01-28;5.2;1;5.2
1982-01-29;6.7;1;6.7
1982-01-30;8.1;1;8.1
1982-01-31;8.5;1;8.5
1982-02-01;8.5;2;8.5
1982-02-02;8.5;2;8.5
1982-02-03;8.5;2;8.5
1982-02-04;9.7;2;9.7
1982-02-05;35.7;2;35.7
1982-02-06;22.4;2;22.4
1982-02-07;21.4;2;21.4
1982-02-08;13.8;2;13.8
1982-02-09;9.3;2;9.3
1982-02-10;8.5;2;8.5
1982-02-11;11.0;2;11.0
1982-02-12;14.5;2;14.5
1982-02-13;19.4;2;19.4
1982-02-14;32.5;2;32.5
1982-02-15;62.2;2;62.2
1982-02-16;50.5;2;50.5
1982-02-17;43.4;2;43.4
1982-02-18;41.5;2;41.5
1982-02-19;36.9;2;36.9
1982-02-20;31.6;2;31.6
1982-02-21;28.9;2;28.9
1982-02-22;26.3;2;26.3
1982-02-23;22.0;2;22.0
1982-02-24;18.4;2;18.4
1982-02-25;15.0;2;15.0
1982-02-26;14.0;2;14.0
1982-02-27;16.0;2;16.0
1982-02-28;19.7;2;19.7
1982-03-01;19.7;3;19.7
1982-03-02;15.1;3;15.1
1982-03-03;16.3;3;16.3
1982-03-04;14.8;3;14.8
1982-03-05;14.2;3;14.2
1982-03-06;14.2;3;14.2
1982-03-07;14.0;3;14.0
1982-03-08;23.3;3;23.3
1982-03-09;13.5;3;13.5
1982-03-10;13.3;3;13.3
1982-03-11;13.3;3;13.3
1982-03-12;13.6;3;13.6
1982-03-13;15.2;3;15.2
1982-03-14;24.0;3;24.0
1982-03-15;16.0;3;16.0
1982-03-16;15.8;3;15.8
1982-03-17;17.1;3;17.1
1982-03-18;28.7;3;28.7
1982-03-19;23.8;3;23.8
1982-03-20;28.6;3;28.6
1982-03-21;19.8;3;19.8
1982-03-22;15.6;3;15.6
1982-03-23;24.2;3;24.2
1982-03-24;35.7;3;35.7
1982-03-25;24.0;3;24.0
1982-03-26;23.6;3;23.6
1982-03-27;20.2;3;20.2
1982-03-28;24.1;3;24.1
1982-03-29;21.2;3;21.2
1982-03-30;34.3;3;34.3
1982-03-31;33.6;3;33.6
1982-04-01;31.0;4;31.0
1982-04-02;64.3;4;64.3
1982-04-03;63.7;4;63.7
1982-04-04;81.3;4;81.3
1982-04-05;102.5;4;102.5
1982-04-06;157.7;4;157.7
1982-04-07;106.9;4;106.9
1982-04-08;97.9;4;97.9
1982-04-09;124.8;4;124.8
1982-04-10;122.7;4;122.7
1982-04-11;99.3;4;99.3
1982-04-12;134.5;4;134.5
1982-04-13;92.2;4;92.2
1982-04-14;74.0;4;74.0
1982-04-15;61.0;4;61.0
1982-04-16;54.7;4;54.7
1982-04-17;56.4;4;56.4
1982-04-18;62.4;4;62.4
1982-04-19;55.9;4;55.9
1982-04-20;53.2;4;53.2
1982-04-21;51.7;4;51.7
1982-04-22;65.3;4;65.3
1982-04-23;86.2;4;86.2
1982-04-24;59.5;4;59.5
1982-04-25;61.3;4;61.3
1982-04-26;59.7;4;59.7
1982-04-27;55.2;4;55.2
1982-04-28;53.3;4;53.3
1982-04-29;59.5;4;59.5
1982-04-30;65.3;4;65.3
1982-05-01;58.2;5;58.2
1982-05-02;111.7;5;111.7
1982-05-03;88.8;5;88.8
1982-05-04;127.4;5;127.4
1982-05-05;137.6;5;137.6
1982-05-06;99.5;5;99.5
1982-05-07;89.1;5;89.1
1982-05-08;97.7;5;97.7
1982-05-09;79.6;5;79.6
1982-05-10;75.8;5;75.8
1982-05-11;75.3;5;75.3
1982-05-12;82.4;5;82.4
1982-05-13;81.4;5;81.4
1982-05-14;63.9;5;63.9
1982-05-15;80.2;5;80.2
1982-05-16;85.0;5;85.0
1982-05-17;77.5;5;77.5
1982-05-18;95.2;5;95.2
1982-05-19;86.3;5;86.3
1982-05-20;74.4;5;74.4
1982-05-21;81.5;5;81.5
1982-05-22;126.4;5;126.4
1982-05-23;114.7;5;114.7
1982-05-24;90.4;5;90.4
1982-05-25;135.4;5;135.4
1982-05-26;144.8;5;144.8
1982-05-27;87.5;5;87.5
1982-05-28;79.2;5;79.2
1982-05-29;71.7;5;71.7
1982-05-30;65.2;5;65.2
1982-05-31;55.7;5;55.7
1982-06-01;50.7;6;50.7
1982-06-02;47.4;6;47.4
1982-06-03;42.9;6;42.9
1982-06-04;40.0;6;40.0
1982-06-05;39.0;6;39.0
1982-06-06;40.1;6;40.1
1982-06-07;38.1;6;38.1
1982-06-08;37.1;6;37.1
1982-06-09;36.3;6;36.3
1982-06-10;38.9;6;38.9
1982-06-11;47.7;6;47.7
1982-06-12;50.1;6;50.1
1982-06-13;44.7;6;44.7
1982-06-14;33.0;6;33.0
1982-06-15;35.4;6;35.4
1982-06-16;25.9;6;25.9
1982-06-17;15.6;6;15.6
1982-06-18;13.6;6;13.6
1982-06-19;13.0;6;13.0
1982-06-20;12.1;6;12.1
1982-06-21;12.0;6;12.0
1982-06-22;29.3;6;29.3
1982-06-23;17.9;6;17.9
1982-06-24;12.9;6;12.9
1982-06-25;10.9;6;10.9
1982-06-26;9.3;6;9.3
1982-06-27;8.4;6;8.4
1982-06-28;7.6;6;7.6
1982-06-29;8.1;6;8.1
1982-06-30;7.3;6;7.3
1982-07-01;6.4;7;6.4
1982-07-02;5.9;7;5.9
1982-07-03;5.6;7;5.6
1982-07-04;6.2;7;6.2
1982-07-05;13.5;7;13.5
1982-07-06;7.4;7;7.4
1982-07-07;7.6;7;7.6
1982-07-08;7.0;7;7.0
1982-07-09;8.2;7;8.2
1982-07-10;7.2;7;7.2
1982-07-11;12.7;7;12.7
1982-07-12;8.5;7;8.5
1982-07-13;15.7;7;15.7
1982-07-14;10.7;7;10.7
1982-07-15;8.6;7;8.6
1982-07-16;7.2;7;7.2
1982-07-17;6.4;7;6.4
1982-07-18;6.7;7;6.7
1982-07-19;5.4;7;5.4
1982-07-20;4.9;7;4.9
1982-07-21;8.4;7;8.4
1982-07-22;7.1;7;7.1
1982-07-23;5.6;7;5.6
1982-07-24;5.0;7;5.0
1982-07-25;6.2;7;6.2
1982-07-26;6.8;7;6.8
1982-07-27;5.9;7;5.9
1982-07-28;7.4;7;7.4
1982-07-29;7.0;7;7.0
1982-07-30;5.1;7;5.1
1982-07-31;4.7;7;4.7
1982-08-01;9.3;8;9.3
1982-08-02;9.1;8;9.1
1982-08-03;5.5;8;5.5
1982-08-04;4.0;8;4.0
1982-08-05;3.7;8;3.7
1982-08-06;7.0;8;7.0
1982-08-07;8.4;8;8.4
1982-08-08;8.8;8;8.8
1982-08-09;12.8;8;12.8
1982-08-10;10.0;8;10.0
1982-08-11;8.9;8;8.9
1982-08-12;7.6;8;7.6
1982-08-13;8.6;8;8.6
1982-08-14;10.0;8;10.0
1982-08-15;8.9;8;8.9
1982-08-16;9.0;8;9.0
1982-08-17;8.2;8;8.2
1982-08-18;4.0;8;4.0
1982-08-19;5.5;8;5.5
1982-08-20;8.1;8;8.1
1982-08-21;8.0;8;8.0
1982-08-22;7.5;8;7.5
1982-08-23;7.2;8;7.2
1982-08-24;7.1;8;7.1
1982-08-25;6.8;8;6.8
1982-08-26;5.6;8;5.6
1982-08-27;5.5;8;5.5
1982-08-28;6.1;8;6.1
1982-08-29;5.5;8;5.5
1982-08-30;5.6;8;5.6
1982-08-31;7.9;8;7.9
1982-09-01;7.9;9;7.9
1982-09-02;7.6;9;7.6
1982-09-03;8.0;9;8.0
1982-09-04;7.1;9;7.1
1982-09-05;7.1;9;7.1
1982-09-06;7.9;9;7.9
1982-09-07;7.1;9;7.1
1982-09-08;6.7;9;6.7
1982-09-09;7.1;9;7.1
1982-09-10;8.3;9;8.3
1982-09-11;8.4;9;8.4
1982-09-12;10.7;9;10.7
1982-09-13;9.2;9;9.2
1982-09-14;11.3;9;11.3
1982-09-15;6.2;9;6.2
1982-09-16;12.6;9;12.6
1982-09-17;23.2;9;23.2
1982-09-18;18.4;9;18.4
1982-09-19;28.9;9;28.9
1982-09-20;19.1;9;19.1
1982-09-21;15.2;9;15.2
1982-09-22;10.4;9;10.4
1982-09-23;8.7;9;8.7
1982-09-24;10.7;9;10.7
1982-09-25;24.3;9;24.3
1982-09-26;18.4;9;18.4
1982-09-27;15.3;9;15.3
1982-09-28;49.5;9;49.5
1982-09-29;24.7;9;24.7
1982-09-30;17.9;9;17.9
1982-10-01;30.0;10;30.0
1982-10-02;19.3;10;19.3
1982-10-03;20.3;10;20.3
1982-10-04;36.1;10;36.1
1982-10-05;34.2;10;34.2
1982-10-06;32.9;10;32.9
1982-10-07;42.2;10;42.2
1982-10-08;50.6;10;50.6
1982-10-09;71.2;10;71.2
1982-10-10;92.8;10;92.8
1982-10-11;56.1;10;56.1
1982-10-12;47.5;10;47.5
1982-10-13;42.3;10;42.3
1982-10-14;45.4;10;45.4
1982-10-15;85.9;10;85.9
1982-10-16;44.0;10;44.0
1982-10-17;41.9;10;41.9
1982-10-18;50.1;10;50.1
1982-10-19;60.9;10;60.9
1982-10-20;68.1;10;68.1
1982-10-21;95.9;10;95.9
1982-10-22;101.7;10;101.7
1982-10-23;93.9;10;93.9
1982-10-24;119.7;10;119.7
1982-10-25;79.0;10;79.0
1982-10-26;59.1;10;59.1
1982-10-27;53.3;10;53.3
1982-10-28;50.9;10;50.9
1982-10-29;45.0;10;45.0
1982-10-30;45.4;10;45.4
1982-10-31;39.7;10;39.7
1982-11-01;46.5;11;46.5
1982-11-02;57.5;11;57.5
1982-11-03;51.7;11;51.7
1982-11-04;42.0;11;42.0
1982-11-05;36.4;11;36.4
1982-11-06;33.2;11;33.2
1982-11-07;35.7;11;35.7
1982-11-08;35.3;11;35.3
1982-11-09;25.5;11;25.5
1982-11-10;27.6;11;27.6
1982-11-11;40.3;11;40.3
1982-11-12;37.7;11;37.7
1982-11-13;28.6;11;28.6
1982-11-14;24.2;11;24.2
1982-11-15;21.8;11;21.8
1982-11-16;24.8;11;24.8
1982-11-17;20.0;11;20.0
1982-11-18;19.7;11;19.7
1982-11-19;20.3;11;20.3
1982-11-20;33.2;11;33.2
1982-11-21;42.1;11;42.1
1982-11-22;33.4;11;33.4
1982-11-23;26.0;11;26.0
1982-11-24;32.9;11;32.9
1982-11-25;23.4;11;23.4
1982-11-26;27.0;11;27.0
1982-11-27;43.4;11;43.4
1982-11-28;31.9;11;31.9
1982-11-29;25.3;11;25.3
1982-11-30;21.6;11;21.6
1982-12-01;20.6;12;20.6
1982-12-02;33.7;12;33.7
1982-12-03;28.4;12;28.4
1982-12-04;25.9;12;25.9
1982-12-05;19.6;12;19.6
1982-12-06;18.1;12;18.1
1982-12-07;30.8;12;30.8
1982-12-08;44.8;12;44.8
1982-12-09;29.8;12;29.8
1982-12-10;26.9;12;26.9
1982-12-11;22.7;12;22.7
1982-12-12;19.6;12;19.6
1982-12-13;17.0;12;17.0
1982-12-14;14.4;12;14.4
1982-12-15;12.9;12;12.9
1982-12-16;11.7;12;11.7
1982-12-17;11.5;12;11.5
1982-12-18;10.6;12;10.6
1982-12-19;10.0;12;10.0
1982-12-20;9.5;12;9.5
1982-12-21;8.5;12;8.5
1982-12-22;8.8;12;8.8
1982-12-23;10.2;12;10.2
1982-12-24;9.7;12;9.7
1982-12-25;10.6;12;10.6
1982-12-26;9.8;12;9.8
1982-12-27;11.5;12;11.5
1982-12-28;12.9;12;12.9
1982-12-29;11.0;12;11.0
1982-12-30;9.6;12;9.6
1982-12-31;9.3;12;9.3
1983-01-01;7.9;1;7.9
1983-01-02;7.2;1;7.2
1983-01-03;7.0;1;7.0
1983-01-04;6.1;1;6.1
1983-01-05;7.2;1;7.2
1983-01-06;6.8;1;6.8
1983-01-07;6.5;1;6.5
1983-01-08;6.5;1;6.5
1983-01-09;5.3;1;5.3
1983-01-10;4.8;1;4.8
1983-01-11;8.2;1;8.2
1983-01-12;5.5;1;5.5
1983-01-13;3.6;1;3.6
1983-01-14;3.4;1;3.4
1983-01-15;3.2;1;3.2
1983-01-16;3.0;1;3.0
1983-01-17;3.0;1;3.0
1983-01-18;2.8;1;2.8
1983-01-19;2.7;1;2.7
1983-01-20;2.6;1;2.6
1983-01-21;2.6;1;2.6
1983-01-22;2.6;1;2.6
1983-01-23;2.6;1;2.6
1983-01-24;2.7;1;2.7
1983-01-25;2.9;1;2.9
1983-01-26;2.9;1;2.9
1983-01-27;2.8;1;2.8
1983-01-28;2.6;1;2.6
1983-01-29;2.6;1;2.6
1983-01-30;2.6;1;2.6
1983-01-31;2.6;1;2.6
1983-02-01;2.6;2;2.6
1983-02-02;2.6;2;2.6
1983-02-03;2.6;2;2.6
1983-02-04;2.6;2;2.6
1983-02-05;3.6;2;3.6
1983-02-06;3.0;2;3.0
1983-02-07;2.6;2;2.6
1983-02-08;2.6;2;2.6
1983-02-09;2.5;2;2.5
1983-02-10;2.5;2;2.5
1983-02-11;2.6;2;2.6
1983-02-12;2.6;2;2.6
1983-02-13;2.7;2;2.7
1983-02-14;2.5;2;2.5
1983-02-15;2.5;2;2.5
1983-02-16;2.5;2;2.5
1983-02-17;2.6;2;2.6
1983-02-18;2.6;2;2.6
1983-02-19;2.7;2;2.7
1983-02-20;2.6;2;2.6
1983-02-21;2.6;2;2.6
1983-02-22;2.6;2;2.6
1983-02-23;2.7;2;2.7
1983-02-24;2.5;2;2.5
1983-02-25;2.4;2;2.4
1983-02-26;2.4;2;2.4
1983-02-27;2.4;2;2.4
1983-02-28;3.3;2;3.3
1983-03-01;2.8;3;2.8
1983-03-02;2.8;3;2.8
1983-03-03;2.5;3;2.5
1983-03-04;2.4;3;2.4
1983-03-05;2.7;3;2.7
1983-03-06;2.6;3;2.6
1983-03-07;2.4;3;2.4
1983-03-08;2.4;3;2.4
1983-03-09;2.6;3;2.6
1983-03-10;3.1;3;3.1
1983-03-11;4.3;3;4.3
1983-03-12;9.9;3;9.9
1983-03-13;8.5;3;8.5
1983-03-14;6.7;3;6.7
1983-03-15;5.9;3;5.9
1983-03-16;7.2;3;7.2
1983-03-17;8.8;3;8.8
1983-03-18;9.3;3;9.3
1983-03-19;7.2;3;7.2
1983-03-20;6.7;3;6.7
1983-03-21;6.5;3;6.5
1983-03-22;8.8;3;8.8
1983-03-23;7.2;3;7.2
1983-03-24;6.7;3;6.7
1983-03-25;6.5;3;6.5
1983-03-26;7.6;3;7.6
1983-03-27;8.9;3;8.9
1983-03-28;4.6;3;4.6
1983-03-29;3.7;3;3.7
1983-03-30;7.8;3;7.8
1983-03-31;5.8;3;5.8
1983-04-01;5.3;4;5.3
1983-04-02;4.3;4;4.3
1983-04-03;3.3;4;3.3
1983-04-04;4.1;4;4.1
1983-04-05;4.7;4;4.7
1983-04-06;5.9;4;5.9
1983-04-07;10.6;4;10.6
1983-04-08;7.7;4;7.7
1983-04-09;18.6;4;18.6
1983-04-10;29.6;4;29.6
1983-04-11;29.5;4;29.5
1983-04-12;26.7;4;26.7
1983-04-13;22.3;4;22.3
1983-04-14;41.3;4;41.3
1983-04-15;26.3;4;26.3
1983-04-16;61.0;4;61.0
1983-04-17;38.7;4;38.7
1983-04-18;39.6;4;39.6
1983-04-19;45.6;4;45.6
1983-04-20;29.3;4;29.3
1983-04-21;38.9;4;38.9
1983-04-22;55.5;4;55.5
1983-04-23;42.6;4;42.6
1983-04-24;60.9;4;60.9
1983-04-25;52.4;4;52.4
1983-04-26;48.2;4;48.2
1983-04-27;58.7;4;58.7
1983-04-28;122.9;4;122.9
1983-04-29;91.8;4;91.8
1983-04-30;75.7;4;75.7
1983-05-01;64.2;5;64.2
1983-05-02;53.5;5;53.5
1983-05-03;56.4;5;56.4
1983-05-04;65.7;5;65.7
1983-05-05;46.2;5;46.2
1983-05-06;44.5;5;44.5
1983-05-07;35.2;5;35.2
1983-05-08;31.4;5;31.4
1983-05-09;29.9;5;29.9
1983-05-10;30.5;5;30.5
1983-05-11;36.6;5;36.6
1983-05-12;39.6;5;39.6
1983-05-13;29.4;5;29.4
1983-05-14;23.7;5;23.7
1983-05-15;17.3;5;17.3
1983-05-16;72.8;5;72.8
1983-05-17;50.9;5;50.9
1983-05-18;52.1;5;52.1
1983-05-19;47.1;5;47.1
1983-05-20;119.0;5;119.0
1983-05-21;149.9;5;149.9
1983-05-22;143.6;5;143.6
1983-05-23;104.6;5;104.6
1983-05-24;79.4;5;79.4
1983-05-25;92.5;5;92.5
1983-05-26;131.4;5;131.4
1983-05-27;121.7;5;121.7
1983-05-28;118.8;5;118.8
1983-05-29;87.3;5;87.3
1983-05-30;58.8;5;58.8
1983-05-31;47.7;5;47.7
1983-06-01;48.4;6;48.4
1983-06-02;56.1;6;56.1
1983-06-03;54.0;6;54.0
1983-06-04;72.4;6;72.4
1983-06-05;86.2;6;86.2
1983-06-06;55.7;6;55.7
1983-06-07;54.0;6;54.0
1983-06-08;54.1;6;54.1
1983-06-09;49.3;6;49.3
1983-06-10;78.5;6;78.5
1983-06-11;76.1;6;76.1
1983-06-12;65.0;6;65.0
1983-06-13;65.6;6;65.6
1983-06-14;42.9;6;42.9
1983-06-15;28.3;6;28.3
1983-06-16;22.5;6;22.5
1983-06-17;19.2;6;19.2
1983-06-18;17.3;6;17.3
1983-06-19;14.8;6;14.8
1983-06-20;13.5;6;13.5
1983-06-21;11.9;6;11.9
1983-06-22;10.5;6;10.5
1983-06-23;8.2;6;8.2
1983-06-24;7.4;6;7.4
1983-06-25;13.1;6;13.1
1983-06-26;15.2;6;15.2
1983-06-27;8.4;6;8.4
1983-06-28;7.4;6;7.4
1983-06-29;7.2;6;7.2
1983-06-30;6.7;6;6.7
1983-07-01;6.2;7;6.2
1983-07-02;6.1;7;6.1
1983-07-03;5.9;7;5.9
1983-07-04;5.8;7;5.8
1983-07-05;6.8;7;6.8
1983-07-06;9.4;7;9.4
1983-07-07;6.6;7;6.6
1983-07-08;6.1;7;6.1
1983-07-09;5.8;7;5.8
1983-07-10;5.8;7;5.8
1983-07-11;5.5;7;5.5
1983-07-12;7.3;7;7.3
1983-07-13;5.6;7;5.6
1983-07-14;5.3;7;5.3
1983-07-15;5.2;7;5.2
1983-07-16;5.6;7;5.6
1983-07-17;5.5;7;5.5
1983-07-18;5.5;7;5.5
1983-07-19;6.3;7;6.3
1983-07-20;7.8;7;7.8
1983-07-21;5.5;7;5.5
1983-07-22;5.5;7;5.5
1983-07-23;8.6;7;8.6
1983-07-24;5.6;7;5.6
1983-07-25;5.5;7;5.5
1983-07-26;5.5;7;5.5
1983-07-27;5.5;7;5.5
1983-07-28;5.5;7;5.5
1983-07-29;5.5;7;5.5
1983-07-30;14.3;7;14.3
1983-07-31;14.9;7;14.9
1983-08-01;7.4;8;7.4
1983-08-02;7.0;8;7.0
1983-08-03;6.9;8;6.9
1983-08-04;17.6;8;17.6
1983-08-05;15.8;8;15.8
1983-08-06;9.4;8;9.4
1983-08-07;17.1;8;17.1
1983-08-08;9.7;8;9.7
1983-08-09;8.1;8;8.1
1983-08-10;7.6;8;7.6
1983-08-11;7.2;8;7.2
1983-08-12;7.1;8;7.1
1983-08-13;7.1;8;7.1
1983-08-14;7.1;8;7.1
1983-08-15;7.1;8;7.1
1983-08-16;7.1;8;7.1
1983-08-17;6.9;8;6.9
1983-08-18;6.7;8;6.7
1983-08-19;6.7;8;6.7
1983-08-20;6.7;8;6.7
1983-08-21;6.7;8;6.7
1983-08-22;6.7;8;6.7
1983-08-23;6.7;8;6.7
1983-08-24;6.9;8;6.9
1983-08-25;7.1;8;7.1
1983-08-26;7.1;8;7.1
1983-08-27;6.9;8;6.9
1983-08-28;6.7;8;6.7
1983-08-29;6.7;8;6.7
1983-08-30;7.5;8;7.5
1983-08-31;7.2;8;7.2
1983-09-01;9.3;9;9.3
1983-09-02;9.7;9;9.7
1983-09-03;7.1;9;7.1
1983-09-04;7.1;9;7.1
1983-09-05;7.1;9;7.1
1983-09-06;7.1;9;7.1
1983-09-07;7.1;9;7.1
1983-09-08;9.1;9;9.1
1983-09-09;12.2;9;12.2
1983-09-10;8.0;9;8.0
1983-09-11;7.8;9;7.8
1983-09-12;5.5;9;5.5
1983-09-13;5.1;9;5.1
1983-09-14;4.5;9;4.5
1983-09-15;4.3;9;4.3
1983-09-16;4.8;9;4.8
1983-09-17;4.2;9;4.2
1983-09-18;4.9;9;4.9
1983-09-19;7.0;9;7.0
1983-09-20;6.5;9;6.5
1983-09-21;7.4;9;7.4
1983-09-22;19.5;9;19.5
1983-09-23;9.6;9;9.6
1983-09-24;6.8;9;6.8
1983-09-25;5.9;9;5.9
1983-09-26;4.9;9;4.9
1983-09-27;4.5;9;4.5
1983-09-28;6.6;9;6.6
1983-09-29;5.7;9;5.7
1983-09-30;4.8;9;4.8
1983-10-01;4.1;10;4.1
1983-10-02;4.3;10;4.3
1983-10-03;6.3;10;6.3
1983-10-04;7.1;10;7.1
1983-10-05;5.2;10;5.2
1983-10-06;4.3;10;4.3
1983-10-07;3.6;10;3.6
1983-10-08;4.1;10;4.1
1983-10-09;3.9;10;3.9
1983-10-10;4.3;10;4.3
1983-10-11;11.7;10;11.7
1983-10-12;25.8;10;25.8
1983-10-13;22.2;10;22.2
1983-10-14;20.7;10;20.7
1983-10-15;25.3;10;25.3
1983-10-16;28.1;10;28.1
1983-10-17;17.9;10;17.9
1983-10-18;13.2;10;13.2
1983-10-19;14.6;10;14.6
1983-10-20;13.9;10;13.9
1983-10-21;14.2;10;14.2
1983-10-22;12.3;10;12.3
1983-10-23;9.0;10;9.0
1983-10-24;7.9;10;7.9
1983-10-25;21.9;10;21.9
1983-10-26;20.2;10;20.2
1983-10-27;16.2;10;16.2
1983-10-28;25.1;10;25.1
1983-10-29;60.5;10;60.5
1983-10-30;47.6;10;47.6
1983-10-31;42.0;10;42.0
1983-11-01;26.9;11;26.9
1983-11-02;22.0;11;22.0
1983-11-03;40.8;11;40.8
1983-11-04;21.1;11;21.1
1983-11-05;16.0;11;16.0
1983-11-06;13.9;11;13.9
1983-11-07;14.4;11;14.4
1983-11-08;11.5;11;11.5
1983-11-09;10.0;11;10.0
1983-11-10;11.8;11;11.8
1983-11-11;25.8;11;25.8
1983-11-12;17.9;11;17.9
1983-11-13;14.9;11;14.9
1983-11-14;13.7;11;13.7
1983-11-15;16.4;11;16.4
1983-11-16;20.5;11;20.5
1983-11-17;18.5;11;18.5
1983-11-18;15.3;11;15.3
1983-11-19;11.1;11;11.1
1983-11-20;9.2;11;9.2
1983-11-21;9.9;11;9.9
1983-11-22;11.5;11;11.5
1983-11-23;10.7;11;10.7
1983-11-24;11.1;11;11.1
1983-11-25;9.7;11;9.7
1983-11-26;10.3;11;10.3
1983-11-27;8.0;11;8.0
1983-11-28;21.9;11;21.9
1983-11-29;28.3;11;28.3
1983-11-30;17.6;11;17.6
1983-12-01;20.6;12;20.6
1983-12-02;15.8;12;15.8
1983-12-03;19.0;12;19.0
1983-12-04;24.0;12;24.0
1983-12-05;21.2;12;21.2
1983-12-06;26.4;12;26.4
1983-12-07;26.3;12;26.3
1983-12-08;27.7;12;27.7
1983-12-09;49.7;12;49.7
1983-12-10;40.3;12;40.3
1983-12-11;48.2;12;48.2
1983-12-12;46.6;12;46.6
1983-12-13;47.4;12;47.4
1983-12-14;34.3;12;34.3
1983-12-15;39.5;12;39.5
1983-12-16;27.9;12;27.9
1983-12-17;33.7;12;33.7
1983-12-18;30.3;12;30.3
1983-12-19;32.4;12;32.4
1983-12-20;22.6;12;22.6
1983-12-21;29.6;12;29.6
1983-12-22;28.0;12;28.0
1983-12-23;22.4;12;22.4
1983-12-24;18.1;12;18.1
1983-12-25;19.5;12;19.5
1983-12-26;20.8;12;20.8
1983-12-27;17.4;12;17.4
1983-12-28;16.9;12;16.9
1983-12-29;12.3;12;12.3
1983-12-30;18.3;12;18.3
1983-12-31;18.3;12;18.3
1984-01-01;21.4;1;21.4
1984-01-02;16.7;1;16.7
1984-01-03;14.0;1;14.0
1984-01-04;12.5;1;12.5
1984-01-05;11.3;1;11.3
1984-01-06;10.5;1;10.5
1984-01-07;10.7;1;10.7
1984-01-08;23.5;1;23.5
1984-01-09;25.6;1;25.6
1984-01-10;15.4;1;15.4
1984-01-11;13.7;1;13.7
1984-01-12;11.9;1;11.9
1984-01-13;13.1;1;13.1
1984-01-14;10.2;1;10.2
1984-01-15;9.8;1;9.8
1984-01-16;22.6;1;22.6
1984-01-17;17.2;1;17.2
1984-01-18;17.6;1;17.6
1984-01-19;18.0;1;18.0
1984-01-20;41.5;1;41.5
1984-01-21;19.3;1;19.3
1984-01-22;16.5;1;16.5
1984-01-23;17.4;1;17.4
1984-01-24;13.1;1;13.1
1984-01-25;11.5;1;11.5
1984-01-26;10.5;1;10.5
1984-01-27;9.8;1;9.8
1984-01-28;9.6;1;9.6
1984-01-29;11.4;1;11.4
1984-01-30;10.5;1;10.5
1984-01-31;9.6;1;9.6
1984-02-01;8.8;2;8.8
1984-02-02;26.4;2;26.4
1984-02-03;54.1;2;54.1
1984-02-04;45.5;2;45.5
1984-02-05;34.7;2;34.7
1984-02-06;60.8;2;60.8
1984-02-07;42.1;2;42.1
1984-02-08;32.3;2;32.3
1984-02-09;58.9;2;58.9
1984-02-10;44.0;2;44.0
1984-02-11;32.5;2;32.5
1984-02-12;26.1;2;26.1
1984-02-13;22.7;2;22.7
1984-02-14;23.2;2;23.2
1984-02-15;21.1;2;21.1
1984-02-16;20.9;2;20.9
1984-02-17;22.5;2;22.5
1984-02-18;20.2;2;20.2
1984-02-19;57.2;2;57.2
1984-02-20;46.0;2;46.0
1984-02-21;31.3;2;31.3
1984-02-22;39.6;2;39.6
1984-02-23;34.3;2;34.3
1984-02-24;35.2;2;35.2
1984-02-25;43.9;2;43.9
1984-02-26;46.2;2;46.2
1984-02-27;33.7;2;33.7
1984-02-28;29.2;2;29.2
1984-02-29;23.7;2;23.7
1984-03-01;43.4;3;43.4
1984-03-02;35.3;3;35.3
1984-03-03;33.4;3;33.4
1984-03-04;26.5;3;26.5
1984-03-05;24.8;3;24.8
1984-03-06;25.9;3;25.9
1984-03-07;30.3;3;30.3
1984-03-08;28.5;3;28.5
1984-03-09;16.9;3;16.9
1984-03-10;14.2;3;14.2
1984-03-11;12.4;3;12.4
1984-03-12;10.6;3;10.6
1984-03-13;9.6;3;9.6
1984-03-14;9.1;3;9.1
1984-03-15;8.5;3;8.5
1984-03-16;9.2;3;9.2
1984-03-17;7.9;3;7.9
1984-03-18;7.6;3;7.6
1984-03-19;7.3;3;7.3
1984-03-20;6.4;3;6.4
1984-03-21;6.1;3;6.1
1984-03-22;7.7;3;7.7
1984-03-23;10.2;3;10.2
1984-03-24;8.5;3;8.5
1984-03-25;6.8;3;6.8
1984-03-26;7.3;3;7.3
1984-03-27;8.4;3;8.4
1984-03-28;14.5;3;14.5
1984-03-29;32.9;3;32.9
1984-03-30;25.2;3;25.2
1984-03-31;22.0;3;22.0
1984-04-01;15.6;4;15.6
1984-04-02;14.1;4;14.1
1984-04-03;16.1;4;16.1
1984-04-04;13.5;4;13.5
1984-04-05;10.4;4;10.4
1984-04-06;7.7;4;7.7
1984-04-07;5.8;4;5.8
1984-04-08;8.8;4;8.8
1984-04-09;7.6;4;7.6
1984-04-10;8.8;4;8.8
1984-04-11;26.4;4;26.4
1984-04-12;33.6;4;33.6
1984-04-13;53.6;4;53.6
1984-04-14;48.9;4;48.9
1984-04-15;26.3;4;26.3
1984-04-16;21.2;4;21.2
1984-04-17;20.1;4;20.1
1984-04-18;17.6;4;17.6
1984-04-19;13.2;4;13.2
1984-04-20;13.5;4;13.5
1984-04-21;13.9;4;13.9
1984-04-22;16.2;4;16.2
1984-04-23;23.2;4;23.2
1984-04-24;18.9;4;18.9
1984-04-25;27.7;4;27.7
1984-04-26;54.5;4;54.5
1984-04-27;39.4;4;39.4
1984-04-28;45.4;4;45.4
1984-04-29;55.8;4;55.8
1984-04-30;58.4;4;58.4
1984-05-01;41.9;5;41.9
1984-05-02;48.9;5;48.9
1984-05-03;37.4;5;37.4
1984-05-04;33.0;5;33.0
1984-05-05;25.5;5;25.5
1984-05-06;20.5;5;20.5
1984-05-07;19.5;5;19.5
1984-05-08;18.2;5;18.2
1984-05-09;23.1;5;23.1
1984-05-10;36.6;5;36.6
1984-05-11;24.6;5;24.6
1984-05-12;56.6;5;56.6
1984-05-13;65.2;5;65.2
1984-05-14;52.8;5;52.8
1984-05-15;38.5;5;38.5
1984-05-16;41.7;5;41.7
1984-05-17;43.7;5;43.7
1984-05-18;38.0;5;38.0
1984-05-19;46.4;5;46.4
1984-05-20;96.5;5;96.5
1984-05-21;52.2;5;52.2
1984-05-22;44.7;5;44.7
1984-05-23;50.5;5;50.5
1984-05-24;45.0;5;45.0
1984-05-25;38.0;5;38.0
1984-05-26;85.1;5;85.1
1984-05-27;86.0;5;86.0
1984-05-28;68.2;5;68.2
1984-05-29;85.7;5;85.7
1984-05-30;80.4;5;80.4
1984-05-31;75.0;5;75.0
1984-06-01;57.9;6;57.9
1984-06-02;46.9;6;46.9
1984-06-03;46.0;6;46.0
1984-06-04;60.8;6;60.8
1984-06-05;57.4;6;57.4
1984-06-06;59.7;6;59.7
1984-06-07;80.9;6;80.9
1984-06-08;106.5;6;106.5
1984-06-09;115.7;6;115.7
1984-06-10;85.5;6;85.5
1984-06-11;93.7;6;93.7
1984-06-12;82.5;6;82.5
1984-06-13;87.7;6;87.7
1984-06-14;81.0;6;81.0
1984-06-15;75.9;6;75.9
1984-06-16;71.0;6;71.0
1984-06-17;80.2;6;80.2
1984-06-18;81.7;6;81.7
1984-06-19;57.5;6;57.5
1984-06-20;40.0;6;40.0
1984-06-21;30.0;6;30.0
1984-06-22;40.0;6;40.0
1984-06-23;45.5;6;45.5
1984-06-24;49.3;6;49.3
1984-06-25;60.7;6;60.7
1984-06-26;85.5;6;85.5
1984-06-27;78.0;6;78.0
1984-06-28;71.0;6;71.0
1984-06-29;64.0;6;64.0
1984-06-30;64.0;6;64.0
1984-07-01;51.6;7;51.6
1984-07-02;51.0;7;51.0
1984-07-03;45.5;7;45.5
1984-07-04;40.0;7;40.0
1984-07-05;113.0;7;113.0
1984-07-06;67.5;7;67.5
1984-07-07;78.0;7;78.0
1984-07-08;70.3;7;70.3
1984-07-09;78.0;7;78.0
1984-07-10;64.0;7;64.0
1984-07-11;55.5;7;55.5
1984-07-12;54.2;7;54.2
1984-07-13;48.8;7;48.8
1984-07-14;51.9;7;51.9
1984-07-15;48.2;7;48.2
1984-07-16;48.7;7;48.7
1984-07-17;34.5;7;34.5
1984-07-18;28.8;7;28.8
1984-07-19;25.1;7;25.1
1984-07-20;24.3;7;24.3
1984-07-21;20.4;7;20.4
1984-07-22;17.8;7;17.8
1984-07-23;27.6;7;27.6
1984-07-24;30.3;7;30.3
1984-07-25;44.2;7;44.2
1984-07-26;22.9;7;22.9
1984-07-27;18.7;7;18.7
1984-07-28;16.3;7;16.3
1984-07-29;14.2;7;14.2
1984-07-30;12.7;7;12.7
1984-07-31;12.8;7;12.8
1984-08-01;20.8;8;20.8
1984-08-02;31.3;8;31.3
1984-08-03;23.6;8;23.6
1984-08-04;27.3;8;27.3
1984-08-05;16.8;8;16.8
1984-08-06;20.3;8;20.3
1984-08-07;19.0;8;19.0
1984-08-08;27.8;8;27.8
1984-08-09;22.1;8;22.1
1984-08-10;18.1;8;18.1
1984-08-11;14.0;8;14.0
1984-08-12;12.2;8;12.2
1984-08-13;12.7;8;12.7
1984-08-14;10.8;8;10.8
1984-08-15;9.9;8;9.9
1984-08-16;9.3;8;9.3
1984-08-17;13.4;8;13.4
1984-08-18;17.2;8;17.2
1984-08-19;33.0;8;33.0
1984-08-20;28.9;8;28.9
1984-08-21;23.7;8;23.7
1984-08-22;45.2;8;45.2
1984-08-23;34.5;8;34.5
1984-08-24;28.5;8;28.5
1984-08-25;25.1;8;25.1
1984-08-26;21.7;8;21.7
1984-08-27;20.2;8;20.2
1984-08-28;19.6;8;19.6
1984-08-29;19.0;8;19.0
1984-08-30;15.2;8;15.2
1984-08-31;10.7;8;10.7
1984-09-01;10.1;9;10.1
1984-09-02;9.8;9;9.8
1984-09-03;9.7;9;9.7
1984-09-04;9.3;9;9.3
1984-09-05;13.1;9;13.1
1984-09-06;15.6;9;15.6
1984-09-07;13.3;9;13.3
1984-09-08;31.1;9;31.1
1984-09-09;44.6;9;44.6
1984-09-10;48.1;9;48.1
1984-09-11;68.9;9;68.9
1984-09-12;40.6;9;40.6
1984-09-13;42.1;9;42.1
1984-09-14;42.8;9;42.8
1984-09-15;67.5;9;67.5
1984-09-16;51.2;9;51.2
1984-09-17;53.7;9;53.7
1984-09-18;42.5;9;42.5
1984-09-19;98.0;9;98.0
1984-09-20;84.7;9;84.7
1984-09-21;85.2;9;85.2
1984-09-22;104.4;9;104.4
1984-09-23;78.5;9;78.5
1984-09-24;64.1;9;64.1
1984-09-25;61.3;9;61.3
1984-09-26;66.6;9;66.6
1984-09-27;70.4;9;70.4
1984-09-28;61.7;9;61.7
1984-09-29;53.9;9;53.9
1984-09-30;46.6;9;46.6
1984-10-01;42.5;10;42.5
1984-10-02;43.3;10;43.3
1984-10-03;38.8;10;38.8
1984-10-04;32.7;10;32.7
1984-10-05;33.2;10;33.2
1984-10-06;42.6;10;42.6
1984-10-07;38.0;10;38.0
1984-10-08;56.7;10;56.7
1984-10-09;60.9;10;60.9
1984-10-10;52.3;10;52.3
1984-10-11;47.1;10;47.1
1984-10-12;44.9;10;44.9
1984-10-13;58.8;10;58.8
1984-10-14;43.9;10;43.9
1984-10-15;59.2;10;59.2
1984-10-16;79.2;10;79.2
1984-10-17;57.8;10;57.8
1984-10-18;86.4;10;86.4
1984-10-19;95.2;10;95.2
1984-10-20;72.9;10;72.9
1984-10-21;103.9;10;103.9
1984-10-22;102.9;10;102.9
1984-10-23;78.1;10;78.1
1984-10-24;77.9;10;77.9
1984-10-25;117.3;10;117.3
1984-10-26;112.9;10;112.9
1984-10-27;86.9;10;86.9
1984-10-28;78.0;10;78.0
1984-10-29;58.8;10;58.8
1984-10-30;50.0;10;50.0
1984-10-31;53.9;10;53.9
1984-11-01;51.0;11;51.0
1984-11-02;43.6;11;43.6
1984-11-03;46.5;11;46.5
1984-11-04;40.1;11;40.1
1984-11-05;39.8;11;39.8
1984-11-06;54.5;11;54.5
1984-11-07;73.3;11;73.3
1984-11-08;73.9;11;73.9
1984-11-09;67.3;11;67.3
1984-11-10;52.4;11;52.4
1984-11-11;47.1;11;47.1
1984-11-12;48.8;11;48.8
1984-11-13;51.9;11;51.9
1984-11-14;49.3;11;49.3
1984-11-15;42.6;11;42.6
1984-11-16;37.1;11;37.1
1984-11-17;51.9;11;51.9
1984-11-18;54.6;11;54.6
1984-11-19;92.7;11;92.7
1984-11-20;76.7;11;76.7
1984-11-21;67.5;11;67.5
1984-11-22;58.8;11;58.8
1984-11-23;45.4;11;45.4
1984-11-24;60.2;11;60.2
1984-11-25;72.0;11;72.0
1984-11-26;62.3;11;62.3
1984-11-27;68.5;11;68.5
1984-11-28;64.5;11;64.5
1984-11-29;70.6;11;70.6
1984-11-30;62.6;11;62.6
1984-12-01;52.3;12;52.3
1984-12-02;37.5;12;37.5
1984-12-03;30.1;12;30.1
1984-12-04;30.3;12;30.3
1984-12-05;29.2;12;29.2
1984-12-06;22.8;12;22.8
1984-12-07;20.9;12;20.9
1984-12-08;13.5;12;13.5
1984-12-09;14.0;12;14.0
1984-12-10;13.5;12;13.5
1984-12-11;13.0;12;13.0
1984-12-12;13.5;12;13.5
1984-12-13;14.2;12;14.2
1984-12-14;13.5;12;13.5
1984-12-15;14.0;12;14.0
1984-12-16;13.5;12;13.5
1984-12-17;14.5;12;14.5
1984-12-18;12.5;12;12.5
1984-12-19;10.8;12;10.8
1984-12-20;11.5;12;11.5
1984-12-21;13.5;12;13.5
1984-12-22;15.5;12;15.5
1984-12-23;13.2;12;13.2
1984-12-24;12.7;12;12.7
1984-12-25;12.0;12;12.0
1984-12-26;11.2;12;11.2
1984-12-27;10.7;12;10.7
1984-12-28;9.4;12;9.4
1984-12-29;9.9;12;9.9
1984-12-30;11.0;12;11.0
1984-12-31;11.0;12;11.0
1985-01-01;11.0;1;11.0
1985-01-02;9.8;1;9.8
1985-01-03;9.4;1;9.4
1985-01-04;7.9;1;7.9
1985-01-05;7.6;1;7.6
1985-01-06;7.3;1;7.3
1985-01-07;6.8;1;6.8
1985-01-08;6.7;1;6.7
1985-01-09;6.4;1;6.4
1985-01-10;6.0;1;6.0
1985-01-11;5.4;1;5.4
1985-01-12;5.1;1;5.1
1985-01-13;4.8;1;4.8
1985-01-14;4.8;1;4.8
1985-01-15;5.0;1;5.0
1985-01-16;4.6;1;4.6
1985-01-17;4.8;1;4.8
1985-01-18;4.8;1;4.8
1985-01-19;4.1;1;4.1
1985-01-20;3.9;1;3.9
1985-01-21;3.8;1;3.8
1985-01-22;4.2;1;4.2
1985-01-23;4.3;1;4.3
1985-01-24;4.0;1;4.0
1985-01-25;4.7;1;4.7
1985-01-26;3.9;1;3.9
1985-01-27;3.7;1;3.7
1985-01-28;3.5;1;3.5
1985-01-29;3.4;1;3.4
1985-01-30;3.2;1;3.2
1985-01-31;3.0;1;3.0
1985-02-01;2.8;2;2.8
1985-02-02;2.8;2;2.8
1985-02-03;2.8;2;2.8
1985-02-04;2.8;2;2.8
1985-02-05;2.8;2;2.8
1985-02-06;2.7;2;2.7
1985-02-07;2.7;2;2.7
1985-02-08;2.9;2;2.9
1985-02-09;5.4;2;5.4
1985-02-10;4.7;2;4.7
1985-02-11;4.6;2;4.6
1985-02-12;4.8;2;4.8
1985-02-13;6.4;2;6.4
1985-02-14;7.6;2;7.6
1985-02-15;10.2;2;10.2
1985-02-16;8.7;2;8.7
1985-02-17;5.6;2;5.6
1985-02-18;3.5;2;3.5
1985-02-19;3.1;2;3.1
1985-02-20;2.8;2;2.8
1985-02-21;2.8;2;2.8
1985-02-22;3.3;2;3.3
1985-02-23;4.6;2;4.6
1985-02-24;3.7;2;3.7
1985-02-25;3.8;2;3.8
1985-02-26;3.8;2;3.8
1985-02-27;3.8;2;3.8
1985-02-28;3.5;2;3.5
1985-03-01;3.3;3;3.3
1985-03-02;3.0;3;3.0
1985-03-03;3.1;3;3.1
1985-03-04;4.2;3;4.2
1985-03-05;4.1;3;4.1
1985-03-06;7.0;3;7.0
1985-03-07;9.6;3;9.6
1985-03-08;9.3;3;9.3
1985-03-09;9.9;3;9.9
1985-03-10;5.1;3;5.1
1985-03-11;6.4;3;6.4
1985-03-12;7.1;3;7.1
1985-03-13;4.7;3;4.7
1985-03-14;3.5;3;3.5
1985-03-15;3.8;3;3.8
1985-03-16;3.8;3;3.8
1985-03-17;3.8;3;3.8
1985-03-18;5.6;3;5.6
1985-03-19;6.5;3;6.5
1985-03-20;6.2;3;6.2
1985-03-21;8.0;3;8.0
1985-03-22;5.6;3;5.6
1985-03-23;4.5;3;4.5
1985-03-24;4.3;3;4.3
1985-03-25;4.0;3;4.0
1985-03-26;7.9;3;7.9
1985-03-27;13.6;3;13.6
1985-03-28;12.2;3;12.2
1985-03-29;18.3;3;18.3
1985-03-30;19.2;3;19.2
1985-03-31;17.9;3;17.9
1985-04-01;25.8;4;25.8
1985-04-02;14.9;4;14.9
1985-04-03;12.6;4;12.6
1985-04-04;12.6;4;12.6
1985-04-05;24.3;4;24.3
1985-04-06;17.5;4;17.5
1985-04-07;26.4;4;26.4
1985-04-08;53.2;4;53.2
1985-04-09;46.0;4;46.0
1985-04-10;35.6;4;35.6
1985-04-11;64.0;4;64.0
1985-04-12;36.9;4;36.9
1985-04-13;21.6;4;21.6
1985-04-14;17.5;4;17.5
1985-04-15;15.3;4;15.3
1985-04-16;13.7;4;13.7
1985-04-17;14.5;4;14.5
1985-04-18;11.3;4;11.3
1985-04-19;12.9;4;12.9
1985-04-20;20.7;4;20.7
1985-04-21;20.6;4;20.6
1985-04-22;27.2;4;27.2
1985-04-23;16.6;4;16.6
1985-04-24;13.6;4;13.6
1985-04-25;12.2;4;12.2
1985-04-26;59.7;4;59.7
1985-04-27;41.6;4;41.6
1985-04-28;29.1;4;29.1
1985-04-29;21.3;4;21.3
1985-04-30;21.2;4;21.2
1985-05-01;23.1;5;23.1
1985-05-02;18.6;5;18.6
1985-05-03;16.1;5;16.1
1985-05-04;15.5;5;15.5
1985-05-05;21.3;5;21.3
1985-05-06;20.6;5;20.6
1985-05-07;29.6;5;29.6
1985-05-08;26.8;5;26.8
1985-05-09;22.2;5;22.2
1985-05-10;27.5;5;27.5
1985-05-11;28.3;5;28.3
1985-05-12;26.0;5;26.0
1985-05-13;64.1;5;64.1
1985-05-14;44.1;5;44.1
1985-05-15;54.0;5;54.0
1985-05-16;62.8;5;62.8
1985-05-17;102.3;5;102.3
1985-05-18;68.7;5;68.7
1985-05-19;58.6;5;58.6
1985-05-20;46.9;5;46.9
1985-05-21;43.0;5;43.0
1985-05-22;30.9;5;30.9
1985-05-23;24.9;5;24.9
1985-05-24;22.0;5;22.0
1985-05-25;19.7;5;19.7
1985-05-26;18.2;5;18.2
1985-05-27;15.8;5;15.8
1985-05-28;13.9;5;13.9
1985-05-29;24.6;5;24.6
1985-05-30;22.2;5;22.2
1985-05-31;26.9;5;26.9
1985-06-01;34.8;6;34.8
1985-06-02;41.7;6;41.7
1985-06-03;32.3;6;32.3
1985-06-04;22.3;6;22.3
1985-06-05;19.5;6;19.5
1985-06-06;36.6;6;36.6
1985-06-07;46.1;6;46.1
1985-06-08;27.2;6;27.2
1985-06-09;21.9;6;21.9
1985-06-10;18.7;6;18.7
1985-06-11;17.1;6;17.1
1985-06-12;15.8;6;15.8
1985-06-13;15.0;6;15.0
1985-06-14;13.6;6;13.6
1985-06-15;11.7;6;11.7
1985-06-16;10.7;6;10.7
1985-06-17;9.9;6;9.9
1985-06-18;9.8;6;9.8
1985-06-19;9.3;6;9.3
1985-06-20;8.7;6;8.7
1985-06-21;8.5;6;8.5
1985-06-22;6.8;6;6.8
1985-06-23;6.2;6;6.2
1985-06-24;5.4;6;5.4
1985-06-25;9.8;6;9.8
1985-06-26;9.2;6;9.2
1985-06-27;4.8;6;4.8
1985-06-28;4.8;6;4.8
1985-06-29;6.7;6;6.7
1985-06-30;6.5;6;6.5
1985-07-01;4.8;7;4.8
1985-07-02;21.2;7;21.2
1985-07-03;12.1;7;12.1
1985-07-04;6.4;7;6.4
1985-07-05;9.4;7;9.4
1985-07-06;8.9;7;8.9
1985-07-07;7.1;7;7.1
1985-07-08;8.5;7;8.5
1985-07-09;6.4;7;6.4
1985-07-10;5.4;7;5.4
1985-07-11;4.8;7;4.8
1985-07-12;4.1;7;4.1
1985-07-13;3.3;7;3.3
1985-07-14;2.8;7;2.8
1985-07-15;2.8;7;2.8
1985-07-16;2.6;7;2.6
1985-07-17;9.3;7;9.3
1985-07-18;6.5;7;6.5
1985-07-19;6.7;7;6.7
1985-07-20;7.9;7;7.9
1985-07-21;8.7;7;8.7
1985-07-22;10.7;7;10.7
1985-07-23;26.4;7;26.4
1985-07-24;24.4;7;24.4
1985-07-25;38.9;7;38.9
1985-07-26;34.9;7;34.9
1985-07-27;31.8;7;31.8
1985-07-28;18.3;7;18.3
1985-07-29;14.5;7;14.5
1985-07-30;12.8;7;12.8
1985-07-31;14.9;7;14.9
1985-08-01;13.3;8;13.3
1985-08-02;10.5;8;10.5
1985-08-03;9.0;8;9.0
1985-08-04;9.2;8;9.2
1985-08-05;20.2;8;20.2
1985-08-06;30.6;8;30.6
1985-08-07;28.9;8;28.9
1985-08-08;28.7;8;28.7
1985-08-09;27.4;8;27.4
1985-08-10;19.1;8;19.1
1985-08-11;16.8;8;16.8
1985-08-12;20.8;8;20.8
1985-08-13;19.8;8;19.8
1985-08-14;23.2;8;23.2
1985-08-15;23.8;8;23.8
1985-08-16;23.2;8;23.2
1985-08-17;19.8;8;19.8
1985-08-18;23.2;8;23.2
1985-08-19;22.9;8;22.9
1985-08-20;25.9;8;25.9
1985-08-21;24.3;8;24.3
1985-08-22;25.0;8;25.0
1985-08-23;17.5;8;17.5
1985-08-24;14.5;8;14.5
1985-08-25;20.2;8;20.2
1985-08-26;39.1;8;39.1
1985-08-27;27.8;8;27.8
1985-08-28;22.7;8;22.7
1985-08-29;21.6;8;21.6
1985-08-30;26.2;8;26.2
1985-08-31;26.7;8;26.7
1985-09-01;19.9;9;19.9
1985-09-02;16.7;9;16.7
1985-09-03;17.6;9;17.6
1985-09-04;19.4;9;19.4
1985-09-05;24.2;9;24.2
1985-09-06;38.5;9;38.5
1985-09-07;48.8;9;48.8
1985-09-08;51.7;9;51.7
1985-09-09;40.7;9;40.7
1985-09-10;56.1;9;56.1
1985-09-11;61.8;9;61.8
1985-09-12;64.6;9;64.6
1985-09-13;63.6;9;63.6
1985-09-14;59.0;9;59.0
1985-09-15;61.0;9;61.0
1985-09-16;41.8;9;41.8
1985-09-17;50.4;9;50.4
1985-09-18;47.2;9;47.2
1985-09-19;49.4;9;49.4
1985-09-20;34.9;9;34.9
1985-09-21;31.0;9;31.0
1985-09-22;31.6;9;31.6
1985-09-23;35.7;9;35.7
1985-09-24;36.5;9;36.5
1985-09-25;37.1;9;37.1
1985-09-26;48.4;9;48.4
1985-09-27;48.1;9;48.1
1985-09-28;45.5;9;45.5
1985-09-29;37.7;9;37.7
1985-09-30;32.9;9;32.9
1985-10-01;28.9;10;28.9
1985-10-02;30.6;10;30.6
1985-10-03;29.2;10;29.2
1985-10-04;23.6;10;23.6
1985-10-05;22.3;10;22.3
1985-10-06;29.5;10;29.5
1985-10-07;30.5;10;30.5
1985-10-08;33.0;10;33.0
1985-10-09;27.3;10;27.3
1985-10-10;55.6;10;55.6
1985-10-11;49.4;10;49.4
1985-10-12;36.2;10;36.2
1985-10-13;30.0;10;30.0
1985-10-14;18.6;10;18.6
1985-10-15;19.9;10;19.9
1985-10-16;41.6;10;41.6
1985-10-17;37.5;10;37.5
1985-10-18;26.1;10;26.1
1985-10-19;48.6;10;48.6
1985-10-20;54.0;10;54.0
1985-10-21;43.9;10;43.9
1985-10-22;42.5;10;42.5
1985-10-23;58.3;10;58.3
1985-10-24;147.2;10;147.2
1985-10-25;82.3;10;82.3
1985-10-26;68.9;10;68.9
1985-10-27;55.6;10;55.6
1985-10-28;54.0;10;54.0
1985-10-29;59.2;10;59.2
1985-10-30;73.3;10;73.3
1985-10-31;88.0;10;88.0
1985-11-01;65.0;11;65.0
1985-11-02;54.2;11;54.2
1985-11-03;48.8;11;48.8
1985-11-04;45.3;11;45.3
1985-11-05;47.8;11;47.8
1985-11-06;54.5;11;54.5
1985-11-07;45.8;11;45.8
1985-11-08;41.6;11;41.6
1985-11-09;42.2;11;42.2
1985-11-10;46.2;11;46.2
1985-11-11;48.4;11;48.4
1985-11-12;51.7;11;51.7
1985-11-13;69.1;11;69.1
1985-11-14;91.4;11;91.4
1985-11-15;67.7;11;67.7
1985-11-16;60.5;11;60.5
1985-11-17;50.9;11;50.9
1985-11-18;44.3;11;44.3
1985-11-19;42.4;11;42.4
1985-11-20;49.1;11;49.1
1985-11-21;81.4;11;81.4
1985-11-22;54.9;11;54.9
1985-11-23;47.7;11;47.7
1985-11-24;44.4;11;44.4
1985-11-25;40.5;11;40.5
1985-11-26;37.6;11;37.6
1985-11-27;34.6;11;34.6
1985-11-28;36.1;11;36.1
1985-11-29;42.2;11;42.2
1985-11-30;38.8;11;38.8
1985-12-01;39.4;12;39.4
1985-12-02;45.9;12;45.9
1985-12-03;35.8;12;35.8
1985-12-04;32.8;12;32.8
1985-12-05;36.1;12;36.1
1985-12-06;47.4;12;47.4
1985-12-07;45.6;12;45.6
1985-12-08;44.6;12;44.6
1985-12-09;38.2;12;38.2
1985-12-10;35.0;12;35.0
1985-12-11;32.5;12;32.5
1985-12-12;30.1;12;30.1
1985-12-13;28.8;12;28.8
1985-12-14;27.7;12;27.7
1985-12-15;25.6;12;25.6
1985-12-16;24.4;12;24.4
1985-12-17;22.4;12;22.4
1985-12-18;21.7;12;21.7
1985-12-19;12.0;12;12.0
1985-12-20;8.3;12;8.3
1985-12-21;7.9;12;7.9
1985-12-22;7.4;12;7.4
1985-12-23;7.2;12;7.2
1985-12-24;6.8;12;6.8
1985-12-25;6.2;12;6.2
1985-12-26;6.0;12;6.0
1985-12-27;5.9;12;5.9
1985-12-28;5.5;12;5.5
1985-12-29;5.4;12;5.4
1985-12-30;5.4;12;5.4
1985-12-31;5.3;12;5.3
1986-01-01;5.0;1;5.0
1986-01-02;4.5;1;4.5
1986-01-03;5.9;1;5.9
1986-01-04;6.8;1;6.8
1986-01-05;5.8;1;5.8
1986-01-06;5.6;1;5.6
1986-01-07;5.1;1;5.1
1986-01-08;4.7;1;4.7
1986-01-09;4.5;1;4.5
1986-01-10;4.3;1;4.3
1986-01-11;4.1;1;4.1
1986-01-12;3.9;1;3.9
1986-01-13;3.9;1;3.9
1986-01-14;5.1;1;5.1
1986-01-15;6.0;1;6.0
1986-01-16;5.4;1;5.4
1986-01-17;5.1;1;5.1
1986-01-18;4.6;1;4.6
1986-01-19;4.0;1;4.0
1986-01-20;3.6;1;3.6
1986-01-21;3.3;1;3.3
1986-01-22;3.2;1;3.2
1986-01-23;3.5;1;3.5
1986-01-24;12.1;1;12.1
1986-01-25;8.9;1;8.9
1986-01-26;10.0;1;10.0
1986-01-27;15.2;1;15.2
1986-01-28;11.2;1;11.2
1986-01-29;7.4;1;7.4
1986-01-30;6.6;1;6.6
1986-01-31;6.4;1;6.4
1986-02-01;6.4;2;6.4
1986-02-02;5.4;2;5.4
1986-02-03;4.8;2;4.8
1986-02-04;4.3;2;4.3
1986-02-05;4.1;2;4.1
1986-02-06;3.8;2;3.8
1986-02-07;3.6;2;3.6
1986-02-08;3.6;2;3.6
1986-02-09;3.6;2;3.6
1986-02-10;6.2;2;6.2
1986-02-11;5.9;2;5.9
1986-02-12;6.8;2;6.8
1986-02-13;8.0;2;8.0
1986-02-14;5.9;2;5.9
1986-02-15;5.3;2;5.3
1986-02-16;7.1;2;7.1
1986-02-17;7.0;2;7.0
1986-02-18;22.4;2;22.4
1986-02-19;20.8;2;20.8
1986-02-20;16.3;2;16.3
1986-02-21;7.6;2;7.6
1986-02-22;7.0;2;7.0
1986-02-23;10.2;2;10.2
1986-02-24;9.5;2;9.5
1986-02-25;7.5;2;7.5
1986-02-26;7.7;2;7.7
1986-02-27;17.8;2;17.8
1986-02-28;11.9;2;11.9
1986-03-01;7.7;3;7.7
1986-03-02;7.4;3;7.4
1986-03-03;7.0;3;7.0
1986-03-04;14.4;3;14.4
1986-03-05;16.5;3;16.5
1986-03-06;16.2;3;16.2
1986-03-07;16.6;3;16.6
1986-03-08;15.5;3;15.5
1986-03-09;14.4;3;14.4
1986-03-10;13.3;3;13.3
1986-03-11;11.4;3;11.4
1986-03-12;13.1;3;13.1
1986-03-13;14.5;3;14.5
1986-03-14;13.4;3;13.4
1986-03-15;12.7;3;12.7
1986-03-16;12.2;3;12.2
1986-03-17;11.6;3;11.6
1986-03-18;11.5;3;11.5
1986-03-19;11.2;3;11.2
1986-03-20;10.4;3;10.4
1986-03-21;7.9;3;7.9
1986-03-22;6.0;3;6.0
1986-03-23;8.8;3;8.8
1986-03-24;8.7;3;8.7
1986-03-25;8.4;3;8.4
1986-03-26;9.9;3;9.9
1986-03-27;12.5;3;12.5
1986-03-28;13.5;3;13.5
1986-03-29;9.4;3;9.4
1986-03-30;9.0;3;9.0
1986-03-31;8.8;3;8.8
1986-04-01;21.5;4;21.5
1986-04-02;24.2;4;24.2
1986-04-03;16.8;4;16.8
1986-04-04;20.4;4;20.4
1986-04-05;17.1;4;17.1
1986-04-06;29.4;4;29.4
1986-04-07;33.2;4;33.2
1986-04-08;26.4;4;26.4
1986-04-09;31.7;4;31.7
1986-04-10;43.7;4;43.7
1986-04-11;29.4;4;29.4
1986-04-12;27.4;4;27.4
1986-04-13;17.0;4;17.0
1986-04-14;22.5;4;22.5
1986-04-15;38.9;4;38.9
1986-04-16;37.4;4;37.4
1986-04-17;31.0;4;31.0
1986-04-18;43.5;4;43.5
1986-04-19;69.2;4;69.2
1986-04-20;65.8;4;65.8
1986-04-21;100.3;4;100.3
1986-04-22;51.6;4;51.6
1986-04-23;42.6;4;42.6
1986-04-24;36.5;4;36.5
1986-04-25;49.1;4;49.1
1986-04-26;44.1;4;44.1
1986-04-27;37.5;4;37.5
1986-04-28;34.1;4;34.1
1986-04-29;52.5;4;52.5
1986-04-30;56.8;4;56.8
1986-05-01;43.5;5;43.5
1986-05-02;30.5;5;30.5
1986-05-03;42.6;5;42.6
1986-05-04;29.6;5;29.6
1986-05-05;27.9;5;27.9
1986-05-06;34.0;5;34.0
1986-05-07;22.7;5;22.7
1986-05-08;22.8;5;22.8
1986-05-09;17.3;5;17.3
1986-05-10;15.2;5;15.2
1986-05-11;13.7;5;13.7
1986-05-12;15.7;5;15.7
1986-05-13;28.3;5;28.3
1986-05-14;36.3;5;36.3
1986-05-15;59.6;5;59.6
1986-05-16;40.8;5;40.8
1986-05-17;25.8;5;25.8
1986-05-18;21.8;5;21.8
1986-05-19;33.6;5;33.6
1986-05-20;39.1;5;39.1
1986-05-21;27.0;5;27.0
1986-05-22;29.9;5;29.9
1986-05-23;90.3;5;90.3
1986-05-24;72.4;5;72.4
1986-05-25;51.0;5;51.0
1986-05-26;84.4;5;84.4
1986-05-27;70.4;5;70.4
1986-05-28;125.7;5;125.7
1986-05-29;75.1;5;75.1
1986-05-30;49.6;5;49.6
1986-05-31;46.9;5;46.9
1986-06-01;41.7;6;41.7
1986-06-02;35.3;6;35.3
1986-06-03;43.1;6;43.1
1986-06-04;33.8;6;33.8
1986-06-05;43.8;6;43.8
1986-06-06;61.3;6;61.3
1986-06-07;39.6;6;39.6
1986-06-08;60.6;6;60.6
1986-06-09;75.5;6;75.5
1986-06-10;43.7;6;43.7
1986-06-11;34.5;6;34.5
1986-06-12;28.1;6;28.1
1986-06-13;23.7;6;23.7
1986-06-14;22.9;6;22.9
1986-06-15;18.9;6;18.9
1986-06-16;16.7;6;16.7
1986-06-17;14.6;6;14.6
1986-06-18;13.2;6;13.2
1986-06-19;12.1;6;12.1
1986-06-20;11.4;6;11.4
1986-06-21;10.7;6;10.7
1986-06-22;10.5;6;10.5
1986-06-23;27.5;6;27.5
1986-06-24;29.7;6;29.7
1986-06-25;16.0;6;16.0
1986-06-26;13.3;6;13.3
1986-06-27;12.7;6;12.7
1986-06-28;14.8;6;14.8
1986-06-29;14.9;6;14.9
1986-06-30;15.2;6;15.2
1986-07-01;13.4;7;13.4
1986-07-02;11.1;7;11.1
1986-07-03;10.8;7;10.8
1986-07-04;21.2;7;21.2
1986-07-05;22.7;7;22.7
1986-07-06;14.5;7;14.5
1986-07-07;9.0;7;9.0
1986-07-08;10.0;7;10.0
1986-07-09;13.6;7;13.6
1986-07-10;11.4;7;11.4
1986-07-11;10.9;7;10.9
1986-07-12;10.5;7;10.5
1986-07-13;10.3;7;10.3
1986-07-14;9.9;7;9.9
1986-07-15;9.7;7;9.7
1986-07-16;10.1;7;10.1
1986-07-17;9.1;7;9.1
1986-07-18;10.1;7;10.1
1986-07-19;9.6;7;9.6
1986-07-20;8.7;7;8.7
1986-07-21;7.9;7;7.9
1986-07-22;7.1;7;7.1
1986-07-23;6.4;7;6.4
1986-07-24;5.1;7;5.1
1986-07-25;4.8;7;4.8
1986-07-26;4.6;7;4.6
1986-07-27;4.6;7;4.6
1986-07-28;4.2;7;4.2
1986-07-29;3.8;7;3.8
1986-07-30;6.0;7;6.0
1986-07-31;5.1;7;5.1
1986-08-01;5.6;8;5.6
1986-08-02;6.0;8;6.0
1986-08-03;6.2;8;6.2
1986-08-04;6.5;8;6.5
1986-08-05;6.8;8;6.8
1986-08-06;7.0;8;7.0
1986-08-07;6.8;8;6.8
1986-08-08;6.5;8;6.5
1986-08-09;6.2;8;6.2
1986-08-10;6.8;8;6.8
1986-08-11;6.0;8;6.0
1986-08-12;6.7;8;6.7
1986-08-13;15.7;8;15.7
1986-08-14;10.5;8;10.5
1986-08-15;10.5;8;10.5
1986-08-16;10.7;8;10.7
1986-08-17;16.3;8;16.3
1986-08-18;18.0;8;18.0
1986-08-19;12.9;8;12.9
1986-08-20;9.3;8;9.3
1986-08-21;17.2;8;17.2
1986-08-22;14.2;8;14.2
1986-08-23;12.5;8;12.5
1986-08-24;11.5;8;11.5
1986-08-25;11.0;8;11.0
1986-08-26;12.7;8;12.7
1986-08-27;12.7;8;12.7
1986-08-28;12.7;8;12.7
1986-08-29;11.0;8;11.0
1986-08-30;10.8;8;10.8
1986-08-31;9.3;8;9.3
1986-09-01;8.5;9;8.5
1986-09-02;7.7;9;7.7
1986-09-03;12.2;9;12.2
1986-09-04;20.5;9;20.5
1986-09-05;13.0;9;13.0
1986-09-06;12.2;9;12.2
1986-09-07;11.0;9;11.0
1986-09-08;10.7;9;10.7
1986-09-09;9.8;9;9.8
1986-09-10;8.2;9;8.2
1986-09-11;8.2;9;8.2
1986-09-12;10.4;9;10.4
1986-09-13;9.6;9;9.6
1986-09-14;11.2;9;11.2
1986-09-15;9.0;9;9.0
1986-09-16;7.7;9;7.7
1986-09-17;7.4;9;7.4
1986-09-18;10.5;9;10.5
1986-09-19;10.4;9;10.4
1986-09-20;7.9;9;7.9
1986-09-21;9.6;9;9.6
1986-09-22;9.4;9;9.4
1986-09-23;13.2;9;13.2
1986-09-24;11.5;9;11.5
1986-09-25;11.5;9;11.5
1986-09-26;28.7;9;28.7
1986-09-27;26.2;9;26.2
1986-09-28;36.7;9;36.7
1986-09-29;73.8;9;73.8
1986-09-30;32.4;9;32.4
1986-10-01;68.2;10;68.2
1986-10-02;110.8;10;110.8
1986-10-03;101.6;10;101.6
1986-10-04;66.9;10;66.9
1986-10-05;71.7;10;71.7
1986-10-06;79.7;10;79.7
1986-10-07;121.9;10;121.9
1986-10-08;84.5;10;84.5
1986-10-09;84.4;10;84.4
1986-10-10;102.0;10;102.0
1986-10-11;96.4;10;96.4
1986-10-12;72.0;10;72.0
1986-10-13;60.1;10;60.1
1986-10-14;58.3;10;58.3
1986-10-15;70.5;10;70.5
1986-10-16;107.4;10;107.4
1986-10-17;99.3;10;99.3
1986-10-18;98.8;10;98.8
1986-10-19;73.9;10;73.9
1986-10-20;106.1;10;106.1
1986-10-21;80.1;10;80.1
1986-10-22;93.3;10;93.3
1986-10-23;66.8;10;66.8
1986-10-24;62.7;10;62.7
1986-10-25;95.2;10;95.2
1986-10-26;111.0;10;111.0
1986-10-27;95.8;10;95.8
1986-10-28;152.8;10;152.8
1986-10-29;107.1;10;107.1
1986-10-30;118.5;10;118.5
1986-10-31;96.6;10;96.6
1986-11-01;75.1;11;75.1
1986-11-02;80.9;11;80.9
1986-11-03;118.4;11;118.4
1986-11-04;99.7;11;99.7
1986-11-05;78.0;11;78.0
1986-11-06;67.7;11;67.7
1986-11-07;61.2;11;61.2
1986-11-08;57.8;11;57.8
1986-11-09;58.0;11;58.0
1986-11-10;60.8;11;60.8
1986-11-11;48.8;11;48.8
1986-11-12;43.5;11;43.5
1986-11-13;57.3;11;57.3
1986-11-14;67.5;11;67.5
1986-11-15;57.2;11;57.2
1986-11-16;50.4;11;50.4
1986-11-17;59.7;11;59.7
1986-11-18;95.6;11;95.6
1986-11-19;91.5;11;91.5
1986-11-20;81.5;11;81.5
1986-11-21;75.9;11;75.9
1986-11-22;62.5;11;62.5
1986-11-23;68.2;11;68.2
1986-11-24;64.3;11;64.3
1986-11-25;58.0;11;58.0
1986-11-26;49.5;11;49.5
1986-11-27;66.6;11;66.6
1986-11-28;57.2;11;57.2
1986-11-29;49.4;11;49.4
1986-11-30;46.6;11;46.6
1986-12-01;42.0;12;42.0
1986-12-02;38.0;12;38.0
1986-12-03;35.5;12;35.5
1986-12-04;33.9;12;33.9
1986-12-05;32.5;12;32.5
1986-12-06;33.4;12;33.4
1986-12-07;44.4;12;44.4
1986-12-08;56.3;12;56.3
1986-12-09;64.0;12;64.0
1986-12-10;39.3;12;39.3
1986-12-11;37.1;12;37.1
1986-12-12;42.3;12;42.3
1986-12-13;38.9;12;38.9
1986-12-14;46.4;12;46.4
1986-12-15;76.3;12;76.3
1986-12-16;37.3;12;37.3
1986-12-17;28.3;12;28.3
1986-12-18;18.1;12;18.1
1986-12-19;16.8;12;16.8
1986-12-20;16.3;12;16.3
1986-12-21;16.1;12;16.1
1986-12-22;14.1;12;14.1
1986-12-23;13.3;12;13.3
1986-12-24;12.1;12;12.1
1986-12-25;11.2;12;11.2
1986-12-26;10.6;12;10.6
1986-12-27;10.1;12;10.1
1986-12-28;10.1;12;10.1
1986-12-29;10.7;12;10.7
1986-12-30;11.8;12;11.8
1986-12-31;11.0;12;11.0
1987-01-01;13.4;1;13.4
1987-01-02;12.8;1;12.8
1987-01-03;12.8;1;12.8
1987-01-04;13.1;1;13.1
1987-01-05;12.3;1;12.3
1987-01-06;12.3;1;12.3
1987-01-07;12.0;1;12.0
1987-01-08;11.7;1;11.7
1987-01-09;11.4;1;11.4
1987-01-10;10.3;1;10.3
1987-01-11;9.5;1;9.5
1987-01-12;9.1;1;9.1
1987-01-13;7.3;1;7.3
1987-01-14;6.3;1;6.3
1987-01-15;2.5;1;2.5
1987-01-16;2.8;1;2.8
1987-01-17;3.1;1;3.1
1987-01-18;3.4;1;3.4
1987-01-19;3.4;1;3.4
1987-01-20;4.8;1;4.8
1987-01-21;3.7;1;3.7
1987-01-22;4.0;1;4.0
1987-01-23;4.8;1;4.8
1987-01-24;4.4;1;4.4
1987-01-25;4.3;1;4.3
1987-01-26;4.6;1;4.6
1987-01-27;4.6;1;4.6
1987-01-28;4.4;1;4.4
1987-01-29;3.7;1;3.7
1987-01-30;4.2;1;4.2
1987-01-31;6.3;1;6.3
1987-02-01;8.0;2;8.0
1987-02-02;5.1;2;5.1
1987-02-03;4.3;2;4.3
1987-02-04;3.8;2;3.8
1987-02-05;3.7;2;3.7
1987-02-06;3.5;2;3.5
1987-02-07;3.2;2;3.2
1987-02-08;3.1;2;3.1
1987-02-09;2.9;2;2.9
1987-02-10;4.2;2;4.2
1987-02-11;6.5;2;6.5
1987-02-12;7.4;2;7.4
1987-02-13;5.2;2;5.2
1987-02-14;5.6;2;5.6
1987-02-15;11.2;2;11.2
1987-02-16;6.7;2;6.7
1987-02-17;5.9;2;5.9
1987-02-18;4.9;2;4.9
1987-02-19;5.3;2;5.3
1987-02-20;4.6;2;4.6
1987-02-21;4.9;2;4.9
1987-02-22;6.7;2;6.7
1987-02-23;6.5;2;6.5
1987-02-24;5.0;2;5.0
1987-02-25;3.0;2;3.0
1987-02-26;2.5;2;2.5
1987-02-27;2.4;2;2.4
1987-02-28;2.4;2;2.4
1987-03-01;2.4;3;2.4
1987-03-02;2.5;3;2.5
1987-03-03;2.2;3;2.2
1987-03-04;2.4;3;2.4
1987-03-05;3.1;3;3.1
1987-03-06;2.3;3;2.3
1987-03-07;2.2;3;2.2
1987-03-08;2.1;3;2.1
1987-03-09;2.1;3;2.1
1987-03-10;2.0;3;2.0
1987-03-11;2.0;3;2.0
1987-03-12;2.9;3;2.9
1987-03-13;3.5;3;3.5
1987-03-14;3.9;3;3.9
1987-03-15;3.2;3;3.2
1987-03-16;2.9;3;2.9
1987-03-17;5.4;3;5.4
1987-03-18;18.7;3;18.7
1987-03-19;6.5;3;6.5
1987-03-20;5.5;3;5.5
1987-03-21;5.1;3;5.1
1987-03-22;5.1;3;5.1
1987-03-23;2.7;3;2.7
1987-03-24;2.4;3;2.4
1987-03-25;5.5;3;5.5
1987-03-26;8.8;3;8.8
1987-03-27;5.5;3;5.5
1987-03-28;5.7;3;5.7
1987-03-29;5.2;3;5.2
1987-03-30;4.3;3;4.3
1987-03-31;20.1;3;20.1
1987-04-01;7.5;4;7.5
1987-04-02;7.3;4;7.3
1987-04-03;15.2;4;15.2
1987-04-04;19.8;4;19.8
1987-04-05;19.3;4;19.3
1987-04-06;27.6;4;27.6
1987-04-07;26.3;4;26.3
1987-04-08;18.1;4;18.1
1987-04-09;13.6;4;13.6
1987-04-10;13.7;4;13.7
1987-04-11;12.4;4;12.4
1987-04-12;14.4;4;14.4
1987-04-13;10.3;4;10.3
1987-04-14;8.3;4;8.3
1987-04-15;6.9;4;6.9
1987-04-16;6.8;4;6.8
1987-04-17;7.6;4;7.6
1987-04-18;6.3;4;6.3
1987-04-19;4.8;4;4.8
1987-04-20;4.4;4;4.4
1987-04-21;4.4;4;4.4
1987-04-22;4.2;4;4.2
1987-04-23;9.6;4;9.6
1987-04-24;7.6;4;7.6
1987-04-25;11.5;4;11.5
1987-04-26;41.7;4;41.7
1987-04-27;18.9;4;18.9
1987-04-28;25.5;4;25.5
1987-04-29;27.5;4;27.5
1987-04-30;21.1;4;21.1
1987-05-01;98.7;5;98.7
1987-05-02;53.1;5;53.1
1987-05-03;96.9;5;96.9
1987-05-04;130.3;5;130.3
1987-05-05;80.2;5;80.2
1987-05-06;69.3;5;69.3
1987-05-07;101.8;5;101.8
1987-05-08;64.4;5;64.4
1987-05-09;56.7;5;56.7
1987-05-10;54.5;5;54.5
1987-05-11;45.6;5;45.6
1987-05-12;35.9;5;35.9
1987-05-13;25.6;5;25.6
1987-05-14;27.1;5;27.1
1987-05-15;31.7;5;31.7
1987-05-16;55.2;5;55.2
1987-05-17;81.5;5;81.5
1987-05-18;51.1;5;51.1
1987-05-19;38.4;5;38.4
1987-05-20;39.0;5;39.0
1987-05-21;40.7;5;40.7
1987-05-22;59.7;5;59.7
1987-05-23;93.8;5;93.8
1987-05-24;82.8;5;82.8
1987-05-25;58.9;5;58.9
1987-05-26;56.5;5;56.5
1987-05-27;46.0;5;46.0
1987-05-28;47.7;5;47.7
1987-05-29;42.4;5;42.4
1987-05-30;38.5;5;38.5
1987-05-31;35.5;5;35.5
1987-06-01;33.2;6;33.2
1987-06-02;30.2;6;30.2
1987-06-03;21.3;6;21.3
1987-06-04;16.2;6;16.2
1987-06-05;21.4;6;21.4
1987-06-06;27.5;6;27.5
1987-06-07;20.2;6;20.2
1987-06-08;18.1;6;18.1
1987-06-09;24.1;6;24.1
1987-06-10;21.2;6;21.2
1987-06-11;21.7;6;21.7
1987-06-12;33.4;6;33.4
1987-06-13;34.1;6;34.1
1987-06-14;18.0;6;18.0
1987-06-15;15.8;6;15.8
1987-06-16;18.7;6;18.7
1987-06-17;13.5;6;13.5
1987-06-18;11.0;6;11.0
1987-06-19;8.3;6;8.3
1987-06-20;7.7;6;7.7
1987-06-21;7.3;6;7.3
1987-06-22;7.1;6;7.1
1987-06-23;7.3;6;7.3
1987-06-24;7.7;6;7.7
1987-06-25;6.9;6;6.9
1987-06-26;6.1;6;6.1
1987-06-27;5.7;6;5.7
1987-06-28;5.2;6;5.2
1987-06-29;4.7;6;4.7
1987-06-30;5.0;6;5.0
1987-07-01;7.3;7;7.3
1987-07-02;10.5;7;10.5
1987-07-03;27.3;7;27.3
1987-07-04;16.4;7;16.4
1987-07-05;23.7;7;23.7
1987-07-06;15.2;7;15.2
1987-07-07;14.4;7;14.4
1987-07-08;22.5;7;22.5
1987-07-09;24.7;7;24.7
1987-07-10;28.4;7;28.4
1987-07-11;17.8;7;17.8
1987-07-12;13.8;7;13.8
1987-07-13;13.4;7;13.4
1987-07-14;13.1;7;13.1
1987-07-15;14.8;7;14.8
1987-07-16;12.1;7;12.1
1987-07-17;25.6;7;25.6
1987-07-18;31.9;7;31.9
1987-07-19;47.7;7;47.7
1987-07-20;26.4;7;26.4
1987-07-21;33.7;7;33.7
1987-07-22;48.4;7;48.4
1987-07-23;64.4;7;64.4
1987-07-24;48.6;7;48.6
1987-07-25;52.1;7;52.1
1987-07-26;54.4;7;54.4
1987-07-27;46.1;7;46.1
1987-07-28;34.1;7;34.1
1987-07-29;44.8;7;44.8
1987-07-30;72.2;7;72.2
1987-07-31;81.8;7;81.8
1987-08-01;109.6;8;109.6
1987-08-02;68.9;8;68.9
1987-08-03;60.1;8;60.1
1987-08-04;47.6;8;47.6
1987-08-05;71.9;8;71.9
1987-08-06;68.6;8;68.6
1987-08-07;62.1;8;62.1
1987-08-08;51.4;8;51.4
1987-08-09;46.8;8;46.8
1987-08-10;47.5;8;47.5
1987-08-11;64.2;8;64.2
1987-08-12;103.5;8;103.5
1987-08-13;62.5;8;62.5
1987-08-14;46.0;8;46.0
1987-08-15;36.5;8;36.5
1987-08-16;28.0;8;28.0
1987-08-17;22.5;8;22.5
1987-08-18;21.0;8;21.0
1987-08-19;23.6;8;23.6
1987-08-20;22.0;8;22.0
1987-08-21;22.0;8;22.0
1987-08-22;14.4;8;14.4
1987-08-23;11.4;8;11.4
1987-08-24;9.5;8;9.5
1987-08-25;9.3;8;9.3
1987-08-26;14.0;8;14.0
1987-08-27;16.0;8;16.0
1987-08-28;22.0;8;22.0
1987-08-29;21.5;8;21.5
1987-08-30;22.6;8;22.6
1987-08-31;24.0;8;24.0
1987-09-01;19.2;9;19.2
1987-09-02;16.9;9;16.9
1987-09-03;22.0;9;22.0
1987-09-04;40.3;9;40.3
1987-09-05;41.3;9;41.3
1987-09-06;67.9;9;67.9
1987-09-07;47.2;9;47.2
1987-09-08;34.6;9;34.6
1987-09-09;33.8;9;33.8
1987-09-10;26.6;9;26.6
1987-09-11;21.4;9;21.4
1987-09-12;16.4;9;16.4
1987-09-13;16.9;9;16.9
1987-09-14;33.2;9;33.2
1987-09-15;44.5;9;44.5
1987-09-16;32.5;9;32.5
1987-09-17;26.6;9;26.6
1987-09-18;32.5;9;32.5
1987-09-19;36.6;9;36.6
1987-09-20;44.2;9;44.2
1987-09-21;34.3;9;34.3
1987-09-22;34.1;9;34.1
1987-09-23;69.6;9;69.6
1987-09-24;100.1;9;100.1
1987-09-25;40.5;9;40.5
1987-09-26;32.0;9;32.0
1987-09-27;27.8;9;27.8
1987-09-28;25.9;9;25.9
1987-09-29;31.0;9;31.0
1987-09-30;92.6;9;92.6
1987-10-01;41.0;10;41.0
1987-10-02;33.4;10;33.4
1987-10-03;39.4;10;39.4
1987-10-04;38.8;10;38.8
1987-10-05;43.5;10;43.5
1987-10-06;37.3;10;37.3
1987-10-07;34.7;10;34.7
1987-10-08;36.5;10;36.5
1987-10-09;83.3;10;83.3
1987-10-10;60.0;10;60.0
1987-10-11;55.2;10;55.2
1987-10-12;53.7;10;53.7
1987-10-13;70.9;10;70.9
1987-10-14;133.5;10;133.5
1987-10-15;95.8;10;95.8
1987-10-16;135.8;10;135.8
1987-10-17;170.8;10;170.8
1987-10-18;93.0;10;93.0
1987-10-19;82.4;10;82.4
1987-10-20;82.0;10;82.0
1987-10-21;66.0;10;66.0
1987-10-22;61.1;10;61.1
1987-10-23;70.7;10;70.7
1987-10-24;107.9;10;107.9
1987-10-25;90.8;10;90.8
1987-10-26;88.1;10;88.1
1987-10-27;77.1;10;77.1
1987-10-28;152.1;10;152.1
1987-10-29;119.8;10;119.8
1987-10-30;111.4;10;111.4
1987-10-31;109.3;10;109.3
1987-11-01;97.0;11;97.0
1987-11-02;93.0;11;93.0
1987-11-03;66.0;11;66.0
1987-11-04;73.1;11;73.1
1987-11-05;67.7;11;67.7
1987-11-06;74.5;11;74.5
1987-11-07;96.0;11;96.0
1987-11-08;104.3;11;104.3
1987-11-09;107.2;11;107.2
1987-11-10;91.0;11;91.0
1987-11-11;83.0;11;83.0
1987-11-12;127.6;11;127.6
1987-11-13;108.5;11;108.5
1987-11-14;103.0;11;103.0
1987-11-15;117.1;11;117.1
1987-11-16;74.5;11;74.5
1987-11-17;49.0;11;49.0
1987-11-18;44.2;11;44.2
1987-11-19;64.2;11;64.2
1987-11-20;74.5;11;74.5
1987-11-21;49.0;11;49.0
1987-11-22;40.2;11;40.2
1987-11-23;28.0;11;28.0
1987-11-24;22.1;11;22.1
1987-11-25;21.0;11;21.0
1987-11-26;18.4;11;18.4
1987-11-27;59.5;11;59.5
1987-11-28;30.6;11;30.6
1987-11-29;24.5;11;24.5
1987-11-30;22.3;11;22.3
1987-12-01;50.4;12;50.4
1987-12-02;68.1;12;68.1
1987-12-03;66.8;12;66.8
1987-12-04;81.0;12;81.0
1987-12-05;62.8;12;62.8
1987-12-06;62.6;12;62.6
1987-12-07;63.1;12;63.1
1987-12-08;57.2;12;57.2
1987-12-09;51.4;12;51.4
1987-12-10;55.2;12;55.2
1987-12-11;62.5;12;62.5
1987-12-12;49.4;12;49.4
1987-12-13;47.8;12;47.8
1987-12-14;44.7;12;44.7
1987-12-15;24.1;12;24.1
1987-12-16;18.7;12;18.7
1987-12-17;16.2;12;16.2
1987-12-18;13.8;12;13.8
1987-12-19;12.4;12;12.4
1987-12-20;11.1;12;11.1
1987-12-21;10.5;12;10.5
1987-12-22;12.8;12;12.8
1987-12-23;11.9;12;11.9
1987-12-24;13.0;12;13.0
1987-12-25;10.6;12;10.6
1987-12-26;7.4;12;7.4
1987-12-27;7.1;12;7.1
1987-12-28;7.0;12;7.0
1987-12-29;6.7;12;6.7
1987-12-30;7.2;12;7.2
1987-12-31;5.9;12;5.9
1988-01-01;5.0;1;5.0
1988-01-02;6.2;1;6.2
1988-01-03;4.9;1;4.9
1988-01-04;4.8;1;4.8
1988-01-05;5.9;1;5.9
1988-01-06;6.4;1;6.4
1988-01-07;5.8;1;5.8
1988-01-08;4.5;1;4.5
1988-01-09;4.2;1;4.2
1988-01-10;3.9;1;3.9
1988-01-11;3.7;1;3.7
1988-01-12;3.6;1;3.6
1988-01-13;3.5;1;3.5
1988-01-14;3.4;1;3.4
1988-01-15;3.4;1;3.4
1988-01-16;3.4;1;3.4
1988-01-17;4.5;1;4.5
1988-01-18;4.1;1;4.1
1988-01-19;3.8;1;3.8
1988-01-20;3.5;1;3.5
1988-01-21;4.9;1;4.9
1988-01-22;3.6;1;3.6
1988-01-23;3.3;1;3.3
1988-01-24;3.1;1;3.1
1988-01-25;3.0;1;3.0
1988-01-26;3.0;1;3.0
1988-01-27;3.0;1;3.0
1988-01-28;4.4;1;4.4
1988-01-29;7.1;1;7.1
1988-01-30;6.9;1;6.9
1988-01-31;4.2;1;4.2
1988-02-01;3.7;2;3.7
1988-02-02;3.4;2;3.4
1988-02-03;3.1;2;3.1
1988-02-04;3.1;2;3.1
1988-02-05;3.6;2;3.6
1988-02-06;4.1;2;4.1
1988-02-07;3.6;2;3.6
1988-02-08;4.8;2;4.8
1988-02-09;16.6;2;16.6
1988-02-10;6.3;2;6.3
1988-02-11;5.7;2;5.7
1988-02-12;4.5;2;4.5
1988-02-13;3.9;2;3.9
1988-02-14;4.1;2;4.1
1988-02-15;3.8;2;3.8
1988-02-16;3.9;2;3.9
1988-02-17;4.6;2;4.6
1988-02-18;3.5;2;3.5
1988-02-19;3.1;2;3.1
1988-02-20;2.9;2;2.9
1988-02-21;2.8;2;2.8
1988-02-22;2.8;2;2.8
1988-02-23;4.2;2;4.2
1988-02-24;3.1;2;3.1
1988-02-25;3.5;2;3.5
1988-02-26;6.9;2;6.9
1988-02-27;8.4;2;8.4
1988-02-28;8.5;2;8.5
1988-02-29;5.2;2;5.2
1988-03-01;4.3;3;4.3
1988-03-02;4.0;3;4.0
1988-03-03;3.5;3;3.5
1988-03-04;3.3;3;3.3
1988-03-05;3.1;3;3.1
1988-03-06;2.9;3;2.9
1988-03-07;2.8;3;2.8
1988-03-08;2.8;3;2.8
1988-03-09;2.8;3;2.8
1988-03-10;2.8;3;2.8
1988-03-11;2.7;3;2.7
1988-03-12;2.6;3;2.6
1988-03-13;2.6;3;2.6
1988-03-14;2.7;3;2.7
1988-03-15;2.7;3;2.7
1988-03-16;4.4;3;4.4
1988-03-17;5.9;3;5.9
1988-03-18;6.7;3;6.7
1988-03-19;6.9;3;6.9
1988-03-20;6.6;3;6.6
1988-03-21;6.5;3;6.5
1988-03-22;5.9;3;5.9
1988-03-23;5.3;3;5.3
1988-03-24;5.1;3;5.1
1988-03-25;4.0;3;4.0
1988-03-26;2.6;3;2.6
1988-03-27;2.5;3;2.5
1988-03-28;2.5;3;2.5
1988-03-29;2.5;3;2.5
1988-03-30;7.3;3;7.3
1988-03-31;8.9;3;8.9
1988-04-01;5.1;4;5.1
1988-04-02;10.7;4;10.7
1988-04-03;29.1;4;29.1
1988-04-04;34.0;4;34.0
1988-04-05;25.3;4;25.3
1988-04-06;18.7;4;18.7
1988-04-07;12.3;4;12.3
1988-04-08;11.1;4;11.1
1988-04-09;9.5;4;9.5
1988-04-10;20.5;4;20.5
1988-04-11;54.5;4;54.5
1988-04-12;33.8;4;33.8
1988-04-13;35.9;4;35.9
1988-04-14;28.8;4;28.8
1988-04-15;22.3;4;22.3
1988-04-16;21.6;4;21.6
1988-04-17;18.3;4;18.3
1988-04-18;16.2;4;16.2
1988-04-19;13.4;4;13.4
1988-04-20;11.6;4;11.6
1988-04-21;12.0;4;12.0
1988-04-22;11.6;4;11.6
1988-04-23;16.6;4;16.6
1988-04-24;19.6;4;19.6
1988-04-25;35.4;4;35.4
1988-04-26;44.4;4;44.4
1988-04-27;45.6;4;45.6
1988-04-28;81.2;4;81.2
1988-04-29;51.4;4;51.4
1988-04-30;77.5;4;77.5
1988-05-01;54.2;5;54.2
1988-05-02;72.7;5;72.7
1988-05-03;38.3;5;38.3
1988-05-04;40.5;5;40.5
1988-05-05;29.6;5;29.6
1988-05-06;62.1;5;62.1
1988-05-07;53.0;5;53.0
1988-05-08;32.1;5;32.1
1988-05-09;33.0;5;33.0
1988-05-10;24.2;5;24.2
1988-05-11;21.0;5;21.0
1988-05-12;18.2;5;18.2
1988-05-13;25.8;5;25.8
1988-05-14;56.7;5;56.7
1988-05-15;42.8;5;42.8
1988-05-16;74.1;5;74.1
1988-05-17;39.0;5;39.0
1988-05-18;32.4;5;32.4
1988-05-19;43.9;5;43.9
1988-05-20;34.9;5;34.9
1988-05-21;27.0;5;27.0
1988-05-22;26.7;5;26.7
1988-05-23;21.7;5;21.7
1988-05-24;18.8;5;18.8
1988-05-25;34.8;5;34.8
1988-05-26;33.2;5;33.2
1988-05-27;37.0;5;37.0
1988-05-28;29.6;5;29.6
1988-05-29;40.1;5;40.1
1988-05-30;68.1;5;68.1
1988-05-31;43.6;5;43.6
1988-06-01;67.7;6;67.7
1988-06-02;52.0;6;52.0
1988-06-03;53.6;6;53.6
1988-06-04;38.0;6;38.0
1988-06-05;30.1;6;30.1
1988-06-06;24.6;6;24.6
1988-06-07;51.5;6;51.5
1988-06-08;34.4;6;34.4
1988-06-09;22.5;6;22.5
1988-06-10;19.5;6;19.5
1988-06-11;17.2;6;17.2
1988-06-12;25.3;6;25.3
1988-06-13;36.8;6;36.8
1988-06-14;48.5;6;48.5
1988-06-15;63.2;6;63.2
1988-06-16;60.2;6;60.2
1988-06-17;81.9;6;81.9
1988-06-18;60.9;6;60.9
1988-06-19;58.0;6;58.0
1988-06-20;50.1;6;50.1
1988-06-21;43.3;6;43.3
1988-06-22;35.5;6;35.5
1988-06-23;33.9;6;33.9
1988-06-24;57.8;6;57.8
1988-06-25;73.1;6;73.1
1988-06-26;68.8;6;68.8
1988-06-27;59.8;6;59.8
1988-06-28;61.7;6;61.7
1988-06-29;80.3;6;80.3
1988-06-30;53.8;6;53.8
1988-07-01;40.1;7;40.1
1988-07-02;47.3;7;47.3
1988-07-03;45.8;7;45.8
1988-07-04;44.8;7;44.8
1988-07-05;53.6;7;53.6
1988-07-06;66.2;7;66.2
1988-07-07;62.2;7;62.2
1988-07-08;65.1;7;65.1
1988-07-09;52.4;7;52.4
1988-07-10;39.5;7;39.5
1988-07-11;33.6;7;33.6
1988-07-12;26.3;7;26.3
1988-07-13;22.3;7;22.3
1988-07-14;20.0;7;20.0
1988-07-15;17.8;7;17.8
1988-07-16;16.3;7;16.3
1988-07-17;15.3;7;15.3
1988-07-18;14.2;7;14.2
1988-07-19;13.8;7;13.8
1988-07-20;13.1;7;13.1
1988-07-21;11.4;7;11.4
1988-07-22;10.5;7;10.5
1988-07-23;10.8;7;10.8
1988-07-24;9.5;7;9.5
1988-07-25;9.8;7;9.8
1988-07-26;11.4;7;11.4
1988-07-27;11.0;7;11.0
1988-07-28;10.9;7;10.9
1988-07-29;9.1;7;9.1
1988-07-30;13.9;7;13.9
1988-07-31;25.8;7;25.8
1988-08-01;21.7;8;21.7
1988-08-02;27.9;8;27.9
1988-08-03;26.5;8;26.5
1988-08-04;49.9;8;49.9
1988-08-05;44.3;8;44.3
1988-08-06;26.4;8;26.4
1988-08-07;21.4;8;21.4
1988-08-08;20.8;8;20.8
1988-08-09;19.9;8;19.9
1988-08-10;17.4;8;17.4
1988-08-11;16.5;8;16.5
1988-08-12;18.9;8;18.9
1988-08-13;21.0;8;21.0
1988-08-14;23.1;8;23.1
1988-08-15;42.6;8;42.6
1988-08-16;37.8;8;37.8
1988-08-17;27.1;8;27.1
1988-08-18;23.4;8;23.4
1988-08-19;24.5;8;24.5
1988-08-20;35.6;8;35.6
1988-08-21;32.5;8;32.5
1988-08-22;41.6;8;41.6
1988-08-23;31.7;8;31.7
1988-08-24;38.2;8;38.2
1988-08-25;84.1;8;84.1
1988-08-26;48.3;8;48.3
1988-08-27;51.8;8;51.8
1988-08-28;37.0;8;37.0
1988-08-29;38.7;8;38.7
1988-08-30;60.6;8;60.6
1988-08-31;70.2;8;70.2
1988-09-01;61.9;9;61.9
1988-09-02;59.4;9;59.4
1988-09-03;54.0;9;54.0
1988-09-04;47.2;9;47.2
1988-09-05;41.7;9;41.7
1988-09-06;57.6;9;57.6
1988-09-07;52.3;9;52.3
1988-09-08;61.0;9;61.0
1988-09-09;77.4;9;77.4
1988-09-10;65.2;9;65.2
1988-09-11;53.9;9;53.9
1988-09-12;61.4;9;61.4
1988-09-13;51.7;9;51.7
1988-09-14;50.5;9;50.5
1988-09-15;52.6;9;52.6
1988-09-16;47.3;9;47.3
1988-09-17;39.2;9;39.2
1988-09-18;34.8;9;34.8
1988-09-19;35.0;9;35.0
1988-09-20;28.4;9;28.4
1988-09-21;33.2;9;33.2
1988-09-22;34.4;9;34.4
1988-09-23;52.7;9;52.7
1988-09-24;65.9;9;65.9
1988-09-25;46.6;9;46.6
1988-09-26;36.1;9;36.1
1988-09-27;29.0;9;29.0
1988-09-28;27.0;9;27.0
1988-09-29;33.4;9;33.4
1988-09-30;85.6;9;85.6
1988-10-01;75.9;10;75.9
1988-10-02;72.0;10;72.0
1988-10-03;85.7;10;85.7
1988-10-04;79.4;10;79.4
1988-10-05;61.2;10;61.2
1988-10-06;59.7;10;59.7
1988-10-07;51.8;10;51.8
1988-10-08;44.6;10;44.6
1988-10-09;41.9;10;41.9
1988-10-10;38.1;10;38.1
1988-10-11;42.9;10;42.9
1988-10-12;40.0;10;40.0
1988-10-13;38.7;10;38.7
1988-10-14;37.5;10;37.5
1988-10-15;44.4;10;44.4
1988-10-16;40.1;10;40.1
1988-10-17;39.8;10;39.8
1988-10-18;37.1;10;37.1
1988-10-19;46.1;10;46.1
1988-10-20;33.6;10;33.6
1988-10-21;52.3;10;52.3
1988-10-22;38.5;10;38.5
1988-10-23;33.6;10;33.6
1988-10-24;34.3;10;34.3
1988-10-25;40.0;10;40.0
1988-10-26;42.9;10;42.9
1988-10-27;40.1;10;40.1
1988-10-28;50.3;10;50.3
1988-10-29;46.9;10;46.9
1988-10-30;43.9;10;43.9
1988-10-31;57.5;10;57.5
1988-11-01;59.9;11;59.9
1988-11-02;112.4;11;112.4
1988-11-03;89.1;11;89.1
1988-11-04;59.4;11;59.4
1988-11-05;63.7;11;63.7
1988-11-06;64.0;11;64.0
1988-11-07;61.6;11;61.6
1988-11-08;55.3;11;55.3
1988-11-09;80.9;11;80.9
1988-11-10;108.4;11;108.4
1988-11-11;128.0;11;128.0
1988-11-12;126.7;11;126.7
1988-11-13;91.0;11;91.0
1988-11-14;259.0;11;259.0
1988-11-15;178.2;11;178.2
1988-11-16;113.0;11;113.0
1988-11-17;239.5;11;239.5
1988-11-18;118.2;11;118.2
1988-11-19;134.5;11;134.5
1988-11-20;117.3;11;117.3
1988-11-21;139.7;11;139.7
1988-11-22;92.6;11;92.6
1988-11-23;108.8;11;108.8
1988-11-24;80.0;11;80.0
1988-11-25;103.8;11;103.8
1988-11-26;70.0;11;70.0
1988-11-27;66.4;11;66.4
1988-11-28;66.4;11;66.4
1988-11-29;105.6;11;105.6
1988-11-30;88.1;11;88.1
1988-12-01;69.9;12;69.9
1988-12-02;82.8;12;82.8
1988-12-03;79.3;12;79.3
1988-12-04;64.3;12;64.3
1988-12-05;58.7;12;58.7
1988-12-06;82.1;12;82.1
1988-12-07;75.5;12;75.5
1988-12-08;77.0;12;77.0
1988-12-09;82.8;12;82.8
1988-12-10;71.6;12;71.6
1988-12-11;59.4;12;59.4
1988-12-12;49.6;12;49.6
1988-12-13;55.2;12;55.2
1988-12-14;72.3;12;72.3
1988-12-15;66.4;12;66.4
1988-12-16;55.6;12;55.6
1988-12-17;49.2;12;49.2
1988-12-18;42.0;12;42.0
1988-12-19;40.0;12;40.0
1988-12-20;37.0;12;37.0
1988-12-21;18.3;12;18.3
1988-12-22;13.7;12;13.7
1988-12-23;16.6;12;16.6
1988-12-24;16.1;12;16.1
1988-12-25;29.7;12;29.7
1988-12-26;34.9;12;34.9
1988-12-27;34.7;12;34.7
1988-12-28;45.2;12;45.2
1988-12-29;64.4;12;64.4
1988-12-30;70.6;12;70.6
1988-12-31;93.9;12;93.9
1989-01-01;74.3;1;74.3
1989-01-02;117.6;1;117.6
1989-01-03;101.8;1;101.8
1989-01-04;127.0;1;127.0
1989-01-05;107.2;1;107.2
1989-01-06;83.5;1;83.5
1989-01-07;68.3;1;68.3
1989-01-08;58.7;1;58.7
1989-01-09;48.2;1;48.2
1989-01-10;43.0;1;43.0
1989-01-11;39.5;1;39.5
1989-01-12;35.4;1;35.4
1989-01-13;31.2;1;31.2
1989-01-14;39.5;1;39.5
1989-01-15;28.5;1;28.5
1989-01-16;25.7;1;25.7
1989-01-17;23.0;1;23.0
1989-01-18;18.1;1;18.1
1989-01-19;16.3;1;16.3
1989-01-20;14.3;1;14.3
1989-01-21;17.7;1;17.7
1989-01-22;22.1;1;22.1
1989-01-23;27.7;1;27.7
1989-01-24;23.7;1;23.7
1989-01-25;27.7;1;27.7
1989-01-26;27.8;1;27.8
1989-01-27;20.6;1;20.6
1989-01-28;15.3;1;15.3
1989-01-29;13.3;1;13.3
1989-01-30;11.5;1;11.5
1989-01-31;10.8;1;10.8
1989-02-01;12.4;2;12.4
1989-02-02;9.9;2;9.9
1989-02-03;10.4;2;10.4
1989-02-04;33.4;2;33.4
1989-02-05;17.9;2;17.9
1989-02-06;11.8;2;11.8
1989-02-07;35.3;2;35.3
1989-02-08;29.4;2;29.4
1989-02-09;28.7;2;28.7
1989-02-10;20.9;2;20.9
1989-02-11;13.0;2;13.0
1989-02-12;13.1;2;13.1
1989-02-13;15.1;2;15.1
1989-02-14;13.7;2;13.7
1989-02-15;19.2;2;19.2
1989-02-16;10.2;2;10.2
1989-02-17;8.5;2;8.5
1989-02-18;8.0;2;8.0
1989-02-19;9.0;2;9.0
1989-02-20;13.6;2;13.6
1989-02-21;24.1;2;24.1
1989-02-22;13.2;2;13.2
1989-02-23;16.5;2;16.5
1989-02-24;16.4;2;16.4
1989-02-25;12.4;2;12.4
1989-02-26;21.1;2;21.1
1989-02-27;17.0;2;17.0
1989-02-28;12.3;2;12.3
1989-03-01;10.0;3;10.0
1989-03-02;10.7;3;10.7
1989-03-03;13.3;3;13.3
1989-03-04;16.3;3;16.3
1989-03-05;23.5;3;23.5
1989-03-06;26.4;3;26.4
1989-03-07;33.3;3;33.3
1989-03-08;30.5;3;30.5
1989-03-09;30.9;3;30.9
1989-03-10;17.8;3;17.8
1989-03-11;14.2;3;14.2
1989-03-12;18.2;3;18.2
1989-03-13;49.6;3;49.6
1989-03-14;70.8;3;70.8
1989-03-15;64.7;3;64.7
1989-03-16;59.9;3;59.9
1989-03-17;55.7;3;55.7
1989-03-18;47.2;3;47.2
1989-03-19;43.8;3;43.8
1989-03-20;44.3;3;44.3
1989-03-21;40.5;3;40.5
1989-03-22;39.1;3;39.1
1989-03-23;39.0;3;39.0
1989-03-24;37.0;3;37.0
1989-03-25;35.0;3;35.0
1989-03-26;33.0;3;33.0
1989-03-27;31.5;3;31.5
1989-03-28;30.2;3;30.2
1989-03-29;27.0;3;27.0
1989-03-30;25.5;3;25.5
1989-03-31;24.5;3;24.5
1989-04-01;26.7;4;26.7
1989-04-02;27.6;4;27.6
1989-04-03;33.0;4;33.0
1989-04-04;33.0;4;33.0
1989-04-05;37.0;4;37.0
1989-04-06;32.8;4;32.8
1989-04-07;34.7;4;34.7
1989-04-08;43.2;4;43.2
1989-04-09;35.6;4;35.6
1989-04-10;35.2;4;35.2
1989-04-11;30.4;4;30.4
1989-04-12;44.9;4;44.9
1989-04-13;43.8;4;43.8
1989-04-14;29.8;4;29.8
1989-04-15;18.8;4;18.8
1989-04-16;30.1;4;30.1
1989-04-17;39.8;4;39.8
1989-04-18;33.2;4;33.2
1989-04-19;23.0;4;23.0
1989-04-20;23.8;4;23.8
1989-04-21;22.1;4;22.1
1989-04-22;15.9;4;15.9
1989-04-23;24.7;4;24.7
1989-04-24;25.8;4;25.8
1989-04-25;20.0;4;20.0
1989-04-26;34.6;4;34.6
1989-04-27;44.1;4;44.1
1989-04-28;18.2;4;18.2
1989-04-29;17.7;4;17.7
1989-04-30;26.8;4;26.8
1989-05-01;38.1;5;38.1
1989-05-02;33.2;5;33.2
1989-05-03;42.8;5;42.8
1989-05-04;38.4;5;38.4
1989-05-05;46.5;5;46.5
1989-05-06;75.9;5;75.9
1989-05-07;56.0;5;56.0
1989-05-08;80.8;5;80.8
1989-05-09;67.8;5;67.8
1989-05-10;63.0;5;63.0
1989-05-11;51.7;5;51.7
1989-05-12;43.1;5;43.1
1989-05-13;37.5;5;37.5
1989-05-14;33.6;5;33.6
1989-05-15;34.5;5;34.5
1989-05-16;34.7;5;34.7
1989-05-17;24.2;5;24.2
1989-05-18;23.8;5;23.8
1989-05-19;18.1;5;18.1
1989-05-20;19.3;5;19.3
1989-05-21;15.7;5;15.7
1989-05-22;13.9;5;13.9
1989-05-23;12.7;5;12.7
1989-05-24;12.5;5;12.5
1989-05-25;14.8;5;14.8
1989-05-26;24.3;5;24.3
1989-05-27;35.9;5;35.9
1989-05-28;48.1;5;48.1
1989-05-29;41.1;5;41.1
1989-05-30;82.7;5;82.7
1989-05-31;44.7;5;44.7
1989-06-01;28.1;6;28.1
1989-06-02;24.6;6;24.6
1989-06-03;80.7;6;80.7
1989-06-04;39.3;6;39.3
1989-06-05;33.0;6;33.0
1989-06-06;48.9;6;48.9
1989-06-07;56.3;6;56.3
1989-06-08;29.6;6;29.6
1989-06-09;29.1;6;29.1
1989-06-10;47.4;6;47.4
1989-06-11;71.0;6;71.0
1989-06-12;35.4;6;35.4
1989-06-13;28.7;6;28.7
1989-06-14;26.3;6;26.3
1989-06-15;21.0;6;21.0
1989-06-16;18.4;6;18.4
1989-06-17;16.7;6;16.7
1989-06-18;15.7;6;15.7
1989-06-19;17.5;6;17.5
1989-06-20;19.1;6;19.1
1989-06-21;21.7;6;21.7
1989-06-22;20.9;6;20.9
1989-06-23;18.3;6;18.3
1989-06-24;18.7;6;18.7
1989-06-25;16.4;6;16.4
1989-06-26;33.2;6;33.2
1989-06-27;25.7;6;25.7
1989-06-28;17.6;6;17.6
1989-06-29;17.3;6;17.3
1989-06-30;41.1;6;41.1
1989-07-01;32.1;7;32.1
1989-07-02;25.8;7;25.8
1989-07-03;18.7;7;18.7
1989-07-04;16.6;7;16.6
1989-07-05;14.9;7;14.9
1989-07-06;13.5;7;13.5
1989-07-07;12.5;7;12.5
1989-07-08;11.1;7;11.1
1989-07-09;13.6;7;13.6
1989-07-10;11.0;7;11.0
1989-07-11;8.7;7;8.7
1989-07-12;7.9;7;7.9
1989-07-13;7.5;7;7.5
1989-07-14;7.0;7;7.0
1989-07-15;6.5;7;6.5
1989-07-16;6.2;7;6.2
1989-07-17;6.0;7;6.0
1989-07-18;5.7;7;5.7
1989-07-19;5.6;7;5.6
1989-07-20;7.3;7;7.3
1989-07-21;6.0;7;6.0
1989-07-22;8.8;7;8.8
1989-07-23;9.0;7;9.0
1989-07-24;19.6;7;19.6
1989-07-25;17.2;7;17.2
1989-07-26;14.2;7;14.2
1989-07-27;9.4;7;9.4
1989-07-28;6.8;7;6.8
1989-07-29;7.2;7;7.2
1989-07-30;11.7;7;11.7
1989-07-31;7.7;7;7.7
1989-08-01;13.6;8;13.6
1989-08-02;7.2;8;7.2
1989-08-03;5.4;8;5.4
1989-08-04;5.7;8;5.7
1989-08-05;5.3;8;5.3
1989-08-06;5.1;8;5.1
1989-08-07;5.1;8;5.1
1989-08-08;7.7;8;7.7
1989-08-09;16.7;8;16.7
1989-08-10;9.1;8;9.1
1989-08-11;10.8;8;10.8
1989-08-12;11.0;8;11.0
1989-08-13;9.8;8;9.8
1989-08-14;9.2;8;9.2
1989-08-15;9.6;8;9.6
1989-08-16;11.6;8;11.6
1989-08-17;7.3;8;7.3
1989-08-18;6.1;8;6.1
1989-08-19;6.8;8;6.8
1989-08-20;7.8;8;7.8
1989-08-21;10.3;8;10.3
1989-08-22;13.6;8;13.6
1989-08-23;7.7;8;7.7
1989-08-24;15.8;8;15.8
1989-08-25;20.0;8;20.0
1989-08-26;11.2;8;11.2
1989-08-27;13.0;8;13.0
1989-08-28;13.3;8;13.3
1989-08-29;58.8;8;58.8
1989-08-30;46.3;8;46.3
1989-08-31;39.0;8;39.0
1989-09-01;23.6;9;23.6
1989-09-02;23.8;9;23.8
1989-09-03;33.1;9;33.1
1989-09-04;23.3;9;23.3
1989-09-05;18.9;9;18.9
1989-09-06;27.9;9;27.9
1989-09-07;20.4;9;20.4
1989-09-08;18.7;9;18.7
1989-09-09;20.8;9;20.8
1989-09-10;39.5;9;39.5
1989-09-11;34.5;9;34.5
1989-09-12;30.0;9;30.0
1989-09-13;36.3;9;36.3
1989-09-14;27.4;9;27.4
1989-09-15;20.3;9;20.3
1989-09-16;17.6;9;17.6
1989-09-17;15.7;9;15.7
1989-09-18;26.8;9;26.8
1989-09-19;32.6;9;32.6
1989-09-20;27.4;9;27.4
1989-09-21;29.2;9;29.2
1989-09-22;54.8;9;54.8
1989-09-23;31.9;9;31.9
1989-09-24;46.0;9;46.0
1989-09-25;43.9;9;43.9
1989-09-26;33.3;9;33.3
1989-09-27;40.7;9;40.7
1989-09-28;57.0;9;57.0
1989-09-29;65.7;9;65.7
1989-09-30;35.2;9;35.2
1989-10-01;33.6;10;33.6
1989-10-02;31.2;10;31.2
1989-10-03;40.4;10;40.4
1989-10-04;29.7;10;29.7
1989-10-05;21.1;10;21.1
1989-10-06;20.3;10;20.3
1989-10-07;34.7;10;34.7
1989-10-08;31.7;10;31.7
1989-10-09;22.3;10;22.3
1989-10-10;52.8;10;52.8
1989-10-11;52.5;10;52.5
1989-10-12;39.1;10;39.1
1989-10-13;39.7;10;39.7
1989-10-14;50.1;10;50.1
1989-10-15;54.6;10;54.6
1989-10-16;52.6;10;52.6
1989-10-17;70.0;10;70.0
1989-10-18;41.3;10;41.3
1989-10-19;36.1;10;36.1
1989-10-20;43.9;10;43.9
1989-10-21;59.8;10;59.8
1989-10-22;40.6;10;40.6
1989-10-23;31.2;10;31.2
1989-10-24;33.3;10;33.3
1989-10-25;27.5;10;27.5
1989-10-26;39.4;10;39.4
1989-10-27;72.0;10;72.0
1989-10-28;86.5;10;86.5
1989-10-29;46.0;10;46.0
1989-10-30;41.7;10;41.7
1989-10-31;54.4;10;54.4
1989-11-01;40.3;11;40.3
1989-11-02;49.0;11;49.0
1989-11-03;38.4;11;38.4
1989-11-04;33.1;11;33.1
1989-11-05;24.0;11;24.0
1989-11-06;21.0;11;21.0
1989-11-07;18.8;11;18.8
1989-11-08;17.1;11;17.1
1989-11-09;16.2;11;16.2
1989-11-10;14.6;11;14.6
1989-11-11;14.0;11;14.0
1989-11-12;16.4;11;16.4
1989-11-13;18.7;11;18.7
1989-11-14;15.1;11;15.1
1989-11-15;17.2;11;17.2
1989-11-16;28.5;11;28.5
1989-11-17;43.6;11;43.6
1989-11-18;65.5;11;65.5
1989-11-19;32.3;11;32.3
1989-11-20;22.4;11;22.4
1989-11-21;18.9;11;18.9
1989-11-22;18.5;11;18.5
1989-11-23;21.6;11;21.6
1989-11-24;18.8;11;18.8
1989-11-25;15.3;11;15.3
1989-11-26;13.9;11;13.9
1989-11-27;12.5;11;12.5
1989-11-28;14.1;11;14.1
1989-11-29;12.2;11;12.2
1989-11-30;23.6;11;23.6
1989-12-01;48.1;12;48.1
1989-12-02;51.3;12;51.3
1989-12-03;26.4;12;26.4
1989-12-04;23.7;12;23.7
1989-12-05;25.9;12;25.9
1989-12-06;24.7;12;24.7
1989-12-07;18.1;12;18.1
1989-12-08;15.7;12;15.7
1989-12-09;14.7;12;14.7
1989-12-10;14.1;12;14.1
1989-12-11;12.7;12;12.7
1989-12-12;11.7;12;11.7
1989-12-13;11.3;12;11.3
1989-12-14;10.5;12;10.5
1989-12-15;9.5;12;9.5
1989-12-16;8.7;12;8.7
1989-12-17;8.2;12;8.2
1989-12-18;7.8;12;7.8
1989-12-19;7.5;12;7.5
1989-12-20;7.2;12;7.2
1989-12-21;6.9;12;6.9
1989-12-22;6.6;12;6.6
1989-12-23;6.3;12;6.3
1989-12-24;6.2;12;6.2
1989-12-25;6.2;12;6.2
1989-12-26;6.5;12;6.5
1989-12-27;6.0;12;6.0
1989-12-28;5.7;12;5.7
1989-12-29;5.4;12;5.4
1989-12-30;5.1;12;5.1
1989-12-31;5.0;12;5.0
1990-01-01;4.9;1;4.9
1990-01-02;5.7;1;5.7
1990-01-03;5.6;1;5.6
1990-01-04;5.3;1;5.3
1990-01-05;5.8;1;5.8
1990-01-06;5.3;1;5.3
1990-01-07;7.1;1;7.1
1990-01-08;6.1;1;6.1
1990-01-09;12.2;1;12.2
1990-01-10;14.5;1;14.5
1990-01-11;6.5;1;6.5
1990-01-12;6.2;1;6.2
1990-01-13;8.6;1;8.6
1990-01-14;7.2;1;7.2
1990-01-15;8.7;1;8.7
1990-01-16;6.4;1;6.4
1990-01-17;6.2;1;6.2
1990-01-18;6.2;1;6.2
1990-01-19;6.0;1;6.0
1990-01-20;5.9;1;5.9
1990-01-21;5.9;1;5.9
1990-01-22;6.3;1;6.3
1990-01-23;6.4;1;6.4
1990-01-24;6.2;1;6.2
1990-01-25;5.6;1;5.6
1990-01-26;6.0;1;6.0
1990-01-27;6.0;1;6.0
1990-01-28;5.6;1;5.6
1990-01-29;5.6;1;5.6
1990-01-30;5.3;1;5.3
1990-01-31;5.3;1;5.3
1990-02-01;5.3;2;5.3
1990-02-02;5.3;2;5.3
1990-02-03;5.3;2;5.3
1990-02-04;5.3;2;5.3
1990-02-05;15.1;2;15.1
1990-02-06;8.3;2;8.3
1990-02-07;6.2;2;6.2
1990-02-08;6.3;2;6.3
1990-02-09;23.9;2;23.9
1990-02-10;8.8;2;8.8
1990-02-11;7.2;2;7.2
1990-02-12;7.1;2;7.1
1990-02-13;6.9;2;6.9
1990-02-14;6.8;2;6.8
1990-02-15;6.8;2;6.8
1990-02-16;6.8;2;6.8
1990-02-17;6.8;2;6.8
1990-02-18;6.6;2;6.6
1990-02-19;6.5;2;6.5
1990-02-20;6.5;2;6.5
1990-02-21;6.5;2;6.5
1990-02-22;9.5;2;9.5
1990-02-23;6.5;2;6.5
1990-02-24;6.5;2;6.5
1990-02-25;6.3;2;6.3
1990-02-26;6.2;2;6.2
1990-02-27;6.2;2;6.2
1990-02-28;6.2;2;6.2
1990-03-01;6.2;3;6.2
1990-03-02;6.2;3;6.2
1990-03-03;4.5;3;4.5
1990-03-04;4.1;3;4.1
1990-03-05;5.8;3;5.8
1990-03-06;26.9;3;26.9
1990-03-07;23.3;3;23.3
1990-03-08;9.8;3;9.8
1990-03-09;6.5;3;6.5
1990-03-10;4.9;3;4.9
1990-03-11;4.4;3;4.4
1990-03-12;4.2;3;4.2
1990-03-13;4.0;3;4.0
1990-03-14;3.6;3;3.6
1990-03-15;5.8;3;5.8
1990-03-16;5.8;3;5.8
1990-03-17;4.4;3;4.4
1990-03-18;19.5;3;19.5
1990-03-19;12.0;3;12.0
1990-03-20;14.1;3;14.1
1990-03-21;16.8;3;16.8
1990-03-22;15.1;3;15.1
1990-03-23;13.4;3;13.4
1990-03-24;36.6;3;36.6
1990-03-25;19.8;3;19.8
1990-03-26;20.9;3;20.9
1990-03-27;19.8;3;19.8
1990-03-28;14.1;3;14.1
1990-03-29;11.2;3;11.2
1990-03-30;9.3;3;9.3
1990-03-31;8.2;3;8.2
1990-04-01;7.7;4;7.7
1990-04-02;7.2;4;7.2
1990-04-03;11.4;4;11.4
1990-04-04;15.4;4;15.4
1990-04-05;19.2;4;19.2
1990-04-06;41.3;4;41.3
1990-04-07;18.9;4;18.9
1990-04-08;14.8;4;14.8
1990-04-09;13.6;4;13.6
1990-04-10;11.3;4;11.3
1990-04-11;9.0;4;9.0
1990-04-12;9.0;4;9.0
1990-04-13;8.5;4;8.5
1990-04-14;15.6;4;15.6
1990-04-15;21.5;4;21.5
1990-04-16;31.8;4;31.8
1990-04-17;21.3;4;21.3
1990-04-18;25.2;4;25.2
1990-04-19;28.2;4;28.2
1990-04-20;32.1;4;32.1
1990-04-21;42.3;4;42.3
1990-04-22;37.3;4;37.3
1990-04-23;62.6;4;62.6
1990-04-24;60.3;4;60.3
1990-04-25;71.2;4;71.2
1990-04-26;169.5;4;169.5
1990-04-27;81.7;4;81.7
1990-04-28;90.8;4;90.8
1990-04-29;103.6;4;103.6
1990-04-30;109.0;4;109.0
1990-05-01;86.7;5;86.7
1990-05-02;84.6;5;84.6
1990-05-03;92.2;5;92.2
1990-05-04;73.9;5;73.9
1990-05-05;84.7;5;84.7
1990-05-06;70.2;5;70.2
1990-05-07;61.1;5;61.1
1990-05-08;53.1;5;53.1
1990-05-09;44.6;5;44.6
1990-05-10;43.1;5;43.1
1990-05-11;54.8;5;54.8
1990-05-12;67.6;5;67.6
1990-05-13;84.5;5;84.5
1990-05-14;80.8;5;80.8
1990-05-15;63.3;5;63.3
1990-05-16;48.4;5;48.4
1990-05-17;41.2;5;41.2
1990-05-18;36.8;5;36.8
1990-05-19;33.9;5;33.9
1990-05-20;30.8;5;30.8
1990-05-21;28.0;5;28.0
1990-05-22;23.8;5;23.8
1990-05-23;23.1;5;23.1
1990-05-24;22.9;5;22.9
1990-05-25;30.2;5;30.2
1990-05-26;31.3;5;31.3
1990-05-27;24.7;5;24.7
1990-05-28;23.4;5;23.4
1990-05-29;21.3;5;21.3
1990-05-30;17.8;5;17.8
1990-05-31;26.5;5;26.5
1990-06-01;34.1;6;34.1
1990-06-02;37.5;6;37.5
1990-06-03;24.9;6;24.9
1990-06-04;18.6;6;18.6
1990-06-05;17.3;6;17.3
1990-06-06;19.5;6;19.5
1990-06-07;14.8;6;14.8
1990-06-08;12.9;6;12.9
1990-06-09;17.1;6;17.1
1990-06-10;26.2;6;26.2
1990-06-11;17.8;6;17.8
1990-06-12;13.5;6;13.5
1990-06-13;12.6;6;12.6
1990-06-14;29.1;6;29.1
1990-06-15;80.3;6;80.3
1990-06-16;41.7;6;41.7
1990-06-17;25.6;6;25.6
1990-06-18;20.0;6;20.0
1990-06-19;16.9;6;16.9
1990-06-20;14.9;6;14.9
1990-06-21;12.7;6;12.7
1990-06-22;11.2;6;11.2
1990-06-23;10.7;6;10.7
1990-06-24;9.8;6;9.8
1990-06-25;8.8;6;8.8
1990-06-26;8.1;6;8.1
1990-06-27;8.4;6;8.4
1990-06-28;7.3;6;7.3
1990-06-29;6.9;6;6.9
1990-06-30;6.3;6;6.3
1990-07-01;6.0;7;6.0
1990-07-02;7.5;7;7.5
1990-07-03;6.0;7;6.0
1990-07-04;5.6;7;5.6
1990-07-05;7.1;7;7.1
1990-07-06;10.6;7;10.6
1990-07-07;6.5;7;6.5
1990-07-08;7.4;7;7.4
1990-07-09;8.2;7;8.2
1990-07-10;9.1;7;9.1
1990-07-11;7.4;7;7.4
1990-07-12;10.1;7;10.1
1990-07-13;7.9;7;7.9
1990-07-14;10.4;7;10.4
1990-07-15;26.5;7;26.5
1990-07-16;14.2;7;14.2
1990-07-17;17.4;7;17.4
1990-07-18;36.6;7;36.6
1990-07-19;45.9;7;45.9
1990-07-20;27.3;7;27.3
1990-07-21;39.4;7;39.4
1990-07-22;20.7;7;20.7
1990-07-23;16.5;7;16.5
1990-07-24;14.3;7;14.3
1990-07-25;12.8;7;12.8
1990-07-26;11.4;7;11.4
1990-07-27;8.9;7;8.9
1990-07-28;8.1;7;8.1
1990-07-29;7.4;7;7.4
1990-07-30;7.1;7;7.1
1990-07-31;6.5;7;6.5
1990-08-01;6.2;8;6.2
1990-08-02;8.0;8;8.0
1990-08-03;6.1;8;6.1
1990-08-04;5.4;8;5.4
1990-08-05;4.9;8;4.9
1990-08-06;4.8;8;4.8
1990-08-07;4.6;8;4.6
1990-08-08;4.4;8;4.4
1990-08-09;4.3;8;4.3
1990-08-10;4.1;8;4.1
1990-08-11;4.1;8;4.1
1990-08-12;3.9;8;3.9
1990-08-13;3.9;8;3.9
1990-08-14;3.9;8;3.9
1990-08-15;6.9;8;6.9
1990-08-16;4.7;8;4.7
1990-08-17;4.2;8;4.2
1990-08-18;4.1;8;4.1
1990-08-19;4.1;8;4.1
1990-08-20;5.7;8;5.7
1990-08-21;4.2;8;4.2
1990-08-22;3.8;8;3.8
1990-08-23;3.7;8;3.7
1990-08-24;3.5;8;3.5
1990-08-25;3.4;8;3.4
1990-08-26;5.2;8;5.2
1990-08-27;11.3;8;11.3
1990-08-28;6.3;8;6.3
1990-08-29;5.6;8;5.6
1990-08-30;18.8;8;18.8
1990-08-31;24.9;8;24.9
1990-09-01;18.1;9;18.1
1990-09-02;29.9;9;29.9
1990-09-03;14.0;9;14.0
1990-09-04;9.8;9;9.8
1990-09-05;7.4;9;7.4
1990-09-06;7.8;9;7.8
1990-09-07;23.6;9;23.6
1990-09-08;9.3;9;9.3
1990-09-09;18.6;9;18.6
1990-09-10;14.9;9;14.9
1990-09-11;12.3;9;12.3
1990-09-12;18.7;9;18.7
1990-09-13;15.0;9;15.0
1990-09-14;11.4;9;11.4
1990-09-15;8.8;9;8.8
1990-09-16;8.0;9;8.0
1990-09-17;9.5;9;9.5
1990-09-18;7.6;9;7.6
1990-09-19;11.8;9;11.8
1990-09-20;8.0;9;8.0
1990-09-21;10.1;9;10.1
1990-09-22;19.8;9;19.8
1990-09-23;30.5;9;30.5
1990-09-24;25.6;9;25.6
1990-09-25;49.8;9;49.8
1990-09-26;48.6;9;48.6
1990-09-27;36.8;9;36.8
1990-09-28;22.0;9;22.0
1990-09-29;20.3;9;20.3
1990-09-30;24.0;9;24.0
1990-10-01;25.6;10;25.6
1990-10-02;21.8;10;21.8
1990-10-03;26.9;10;26.9
1990-10-04;26.9;10;26.9
1990-10-05;35.7;10;35.7
1990-10-06;26.2;10;26.2
1990-10-07;29.3;10;29.3
1990-10-08;69.2;10;69.2
1990-10-09;46.5;10;46.5
1990-10-10;76.3;10;76.3
1990-10-11;88.8;10;88.8
1990-10-12;134.7;10;134.7
1990-10-13;67.1;10;67.1
1990-10-14;55.8;10;55.8
1990-10-15;56.3;10;56.3
1990-10-16;54.2;10;54.2
1990-10-17;45.4;10;45.4
1990-10-18;71.3;10;71.3
1990-10-19;51.0;10;51.0
1990-10-20;72.3;10;72.3
1990-10-21;92.4;10;92.4
1990-10-22;78.1;10;78.1
1990-10-23;76.0;10;76.0
1990-10-24;65.5;10;65.5
1990-10-25;64.6;10;64.6
1990-10-26;56.3;10;56.3
1990-10-27;51.4;10;51.4
1990-10-28;66.1;10;66.1
1990-10-29;100.9;10;100.9
1990-10-30;85.9;10;85.9
1990-10-31;67.4;10;67.4
1990-11-01;53.6;11;53.6
1990-11-02;91.2;11;91.2
1990-11-03;145.6;11;145.6
1990-11-04;156.0;11;156.0
1990-11-05;156.1;11;156.1
1990-11-06;94.3;11;94.3
1990-11-07;73.6;11;73.6
1990-11-08;66.7;11;66.7
1990-11-09;48.7;11;48.7
1990-11-10;44.1;11;44.1
1990-11-11;36.4;11;36.4
1990-11-12;31.5;11;31.5
1990-11-13;26.2;11;26.2
1990-11-14;34.0;11;34.0
1990-11-15;26.5;11;26.5
1990-11-16;20.9;11;20.9
1990-11-17;29.6;11;29.6
1990-11-18;56.8;11;56.8
1990-11-19;51.2;11;51.2
1990-11-20;62.8;11;62.8
1990-11-21;51.5;11;51.5
1990-11-22;39.1;11;39.1
1990-11-23;33.8;11;33.8
1990-11-24;32.7;11;32.7
1990-11-25;24.3;11;24.3
1990-11-26;37.5;11;37.5
1990-11-27;35.7;11;35.7
1990-11-28;27.4;11;27.4
1990-11-29;26.7;11;26.7
1990-11-30;35.4;11;35.4
1990-12-01;36.3;12;36.3
1990-12-02;34.1;12;34.1
1990-12-03;50.2;12;50.2
1990-12-04;35.0;12;35.0
1990-12-05;39.0;12;39.0
1990-12-06;50.8;12;50.8
1990-12-07;56.4;12;56.4
1990-12-08;46.1;12;46.1
1990-12-09;42.5;12;42.5
1990-12-10;39.0;12;39.0
1990-12-11;36.7;12;36.7
1990-12-12;30.8;12;30.8
1990-12-13;27.1;12;27.1
1990-12-14;28.5;12;28.5
1990-12-15;18.8;12;18.8
1990-12-16;24.6;12;24.6
1990-12-17;20.3;12;20.3
1990-12-18;17.4;12;17.4
1990-12-19;18.2;12;18.2
1990-12-20;11.5;12;11.5
1990-12-21;9.8;12;9.8
1990-12-22;8.3;12;8.3
1990-12-23;7.4;12;7.4
1990-12-24;7.2;12;7.2
1990-12-25;6.6;12;6.6
1990-12-26;7.5;12;7.5
1990-12-27;9.6;12;9.6
1990-12-28;28.0;12;28.0
1990-12-29;22.4;12;22.4
1990-12-30;29.9;12;29.9
1990-12-31;16.0;12;16.0
1991-01-01;13.0;1;13.0
1991-01-02;10.0;1;10.0
1991-01-03;8.4;1;8.4
1991-01-04;7.4;1;7.4
1991-01-05;7.1;1;7.1
1991-01-06;7.0;1;7.0
1991-01-07;10.7;1;10.7
1991-01-08;10.5;1;10.5
1991-01-09;7.4;1;7.4
1991-01-10;6.4;1;6.4
1991-01-11;6.2;1;6.2
1991-01-12;6.2;1;6.2
1991-01-13;6.2;1;6.2
1991-01-14;5.3;1;5.3
1991-01-15;5.3;1;5.3
1991-01-16;5.1;1;5.1
1991-01-17;5.0;1;5.0
1991-01-18;5.0;1;5.0
1991-01-19;5.0;1;5.0
1991-01-20;5.0;1;5.0
1991-01-21;5.0;1;5.0
1991-01-22;4.9;1;4.9
1991-01-23;4.8;1;4.8
1991-01-24;4.8;1;4.8
1991-01-25;4.8;1;4.8
1991-01-26;4.7;1;4.7
1991-01-27;4.6;1;4.6
1991-01-28;4.6;1;4.6
1991-01-29;4.6;1;4.6
1991-01-30;4.5;1;4.5
1991-01-31;4.4;1;4.4
1991-02-01;3.0;2;3.0
1991-02-02;2.9;2;2.9
1991-02-03;2.8;2;2.8
1991-02-04;2.8;2;2.8
1991-02-05;2.7;2;2.7
1991-02-06;2.7;2;2.7
1991-02-07;2.8;2;2.8
1991-02-08;2.7;2;2.7
1991-02-09;2.6;2;2.6
1991-02-10;2.7;2;2.7
1991-02-11;2.5;2;2.5
1991-02-12;2.6;2;2.6
1991-02-13;3.0;2;3.0
1991-02-14;2.9;2;2.9
1991-02-15;2.8;2;2.8
1991-02-16;2.8;2;2.8
1991-02-17;2.9;2;2.9
1991-02-18;3.1;2;3.1
1991-02-19;3.0;2;3.0
1991-02-20;3.0;2;3.0
1991-02-21;2.9;2;2.9
1991-02-22;2.8;2;2.8
1991-02-23;2.3;2;2.3
1991-02-24;2.2;2;2.2
1991-02-25;2.2;2;2.2
1991-02-26;2.2;2;2.2
1991-02-27;5.5;2;5.5
1991-02-28;6.4;2;6.4
1991-03-01;4.0;3;4.0
1991-03-02;3.6;3;3.6
1991-03-03;5.5;3;5.5
1991-03-04;4.4;3;4.4
1991-03-05;6.2;3;6.2
1991-03-06;7.3;3;7.3
1991-03-07;6.5;3;6.5
1991-03-08;8.0;3;8.0
1991-03-09;9.8;3;9.8
1991-03-10;11.5;3;11.5
1991-03-11;22.2;3;22.2
1991-03-12;54.6;3;54.6
1991-03-13;58.0;3;58.0
1991-03-14;35.5;3;35.5
1991-03-15;30.5;3;30.5
1991-03-16;23.4;3;23.4
1991-03-17;18.9;3;18.9
1991-03-18;13.5;3;13.5
1991-03-19;11.7;3;11.7
1991-03-20;8.3;3;8.3
1991-03-21;7.9;3;7.9
1991-03-22;7.4;3;7.4
1991-03-23;6.7;3;6.7
1991-03-24;6.4;3;6.4
1991-03-25;6.5;3;6.5
1991-03-26;6.8;3;6.8
1991-03-27;8.8;3;8.8
1991-03-28;8.5;3;8.5
1991-03-29;5.8;3;5.8
1991-03-30;6.4;3;6.4
1991-03-31;7.3;3;7.3
1991-04-01;6.7;4;6.7
1991-04-02;6.8;4;6.8
1991-04-03;13.0;4;13.0
1991-04-04;14.0;4;14.0
1991-04-05;14.0;4;14.0
1991-04-06;15.0;4;15.0
1991-04-07;14.2;4;14.2
1991-04-08;11.2;4;11.2
1991-04-09;22.2;4;22.2
1991-04-10;33.0;4;33.0
1991-04-11;93.5;4;93.5
1991-04-12;63.4;4;63.4
1991-04-13;65.1;4;65.1
1991-04-14;39.3;4;39.3
1991-04-15;39.1;4;39.1
1991-04-16;38.5;4;38.5
1991-04-17;32.5;4;32.5
1991-04-18;29.9;4;29.9
1991-04-19;28.0;4;28.0
1991-04-20;19.6;4;19.6
1991-04-21;21.6;4;21.6
1991-04-22;17.8;4;17.8
1991-04-23;17.5;4;17.5
1991-04-24;17.3;4;17.3
1991-04-25;23.3;4;23.3
1991-04-26;12.7;4;12.7
1991-04-27;10.2;4;10.2
1991-04-28;16.4;4;16.4
1991-04-29;38.8;4;38.8
1991-04-30;59.3;4;59.3
1991-05-01;66.6;5;66.6
1991-05-02;53.6;5;53.6
1991-05-03;88.8;5;88.8
1991-05-04;76.2;5;76.2
1991-05-05;59.7;5;59.7
1991-05-06;44.4;5;44.4
1991-05-07;59.8;5;59.8
1991-05-08;45.1;5;45.1
1991-05-09;48.8;5;48.8
1991-05-10;32.3;5;32.3
1991-05-11;28.4;5;28.4
1991-05-12;26.0;5;26.0
1991-05-13;31.0;5;31.0
1991-05-14;28.5;5;28.5
1991-05-15;25.3;5;25.3
1991-05-16;33.1;5;33.1
1991-05-17;36.2;5;36.2
1991-05-18;61.8;5;61.8
1991-05-19;54.9;5;54.9
1991-05-20;103.9;5;103.9
1991-05-21;91.5;5;91.5
1991-05-22;119.8;5;119.8
1991-05-23;92.5;5;92.5
1991-05-24;72.2;5;72.2
1991-05-25;66.5;5;66.5
1991-05-26;76.3;5;76.3
1991-05-27;57.4;5;57.4
1991-05-28;45.6;5;45.6
1991-05-29;44.1;5;44.1
1991-05-30;64.3;5;64.3
1991-05-31;72.7;5;72.7
1991-06-01;57.5;6;57.5
1991-06-02;75.4;6;75.4
1991-06-03;57.1;6;57.1
1991-06-04;44.2;6;44.2
1991-06-05;32.5;6;32.5
1991-06-06;43.4;6;43.4
1991-06-07;35.8;6;35.8
1991-06-08;25.2;6;25.2
1991-06-09;21.9;6;21.9
1991-06-10;18.9;6;18.9
1991-06-11;17.5;6;17.5
1991-06-12;16.7;6;16.7
1991-06-13;16.2;6;16.2
1991-06-14;26.9;6;26.9
1991-06-15;26.9;6;26.9
1991-06-16;22.6;6;22.6
1991-06-17;42.5;6;42.5
1991-06-18;24.1;6;24.1
1991-06-19;29.3;6;29.3
1991-06-20;24.8;6;24.8
1991-06-21;27.6;6;27.6
1991-06-22;36.7;6;36.7
1991-06-23;22.6;6;22.6
1991-06-24;19.4;6;19.4
1991-06-25;18.0;6;18.0
1991-06-26;36.5;6;36.5
1991-06-27;42.8;6;42.8
1991-06-28;49.5;6;49.5
1991-06-29;28.5;6;28.5
1991-06-30;22.8;6;22.8
1991-07-01;19.5;7;19.5
1991-07-02;16.7;7;16.7
1991-07-03;15.8;7;15.8
1991-07-04;15.5;7;15.5
1991-07-05;15.9;7;15.9
1991-07-06;28.7;7;28.7
1991-07-07;22.0;7;22.0
1991-07-08;25.4;7;25.4
1991-07-09;40.4;7;40.4
1991-07-10;24.0;7;24.0
1991-07-11;14.5;7;14.5
1991-07-12;13.8;7;13.8
1991-07-13;12.7;7;12.7
1991-07-14;14.3;7;14.3
1991-07-15;13.0;7;13.0
1991-07-16;12.6;7;12.6
1991-07-17;12.6;7;12.6
1991-07-18;11.4;7;11.4
1991-07-19;10.0;7;10.0
1991-07-20;9.0;7;9.0
1991-07-21;8.8;7;8.8
1991-07-22;8.3;7;8.3
1991-07-23;8.0;7;8.0
1991-07-24;6.7;7;6.7
1991-07-25;6.8;7;6.8
1991-07-26;6.7;7;6.7
1991-07-27;6.8;7;6.8
1991-07-28;7.6;7;7.6
1991-07-29;8.0;7;8.0
1991-07-30;9.2;7;9.2
1991-07-31;19.2;7;19.2
1991-08-01;25.4;8;25.4
1991-08-02;24.2;8;24.2
1991-08-03;15.0;8;15.0
1991-08-04;21.9;8;21.9
1991-08-05;38.5;8;38.5
1991-08-06;17.8;8;17.8
1991-08-07;17.1;8;17.1
1991-08-08;16.4;8;16.4
1991-08-09;15.2;8;15.2
1991-08-10;25.1;8;25.1
1991-08-11;13.0;8;13.0
1991-08-12;13.0;8;13.0
1991-08-13;11.0;8;11.0
1991-08-14;9.5;8;9.5
1991-08-15;9.5;8;9.5
1991-08-16;9.5;8;9.5
1991-08-17;9.5;8;9.5
1991-08-18;7.3;8;7.3
1991-08-19;6.8;8;6.8
1991-08-20;6.5;8;6.5
1991-08-21;6.2;8;6.2
1991-08-22;6.2;8;6.2
1991-08-23;5.2;8;5.2
1991-08-24;4.8;8;4.8
1991-08-25;4.7;8;4.7
1991-08-26;4.7;8;4.7
1991-08-27;4.4;8;4.4
1991-08-28;4.3;8;4.3
1991-08-29;4.3;8;4.3
1991-08-30;4.2;8;4.2
1991-08-31;4.2;8;4.2
1991-09-01;3.6;9;3.6
1991-09-02;3.8;9;3.8
1991-09-03;3.8;9;3.8
1991-09-04;3.0;9;3.0
1991-09-05;6.1;9;6.1
1991-09-06;5.6;9;5.6
1991-09-07;5.5;9;5.5
1991-09-08;5.3;9;5.3
1991-09-09;3.4;9;3.4
1991-09-10;3.9;9;3.9
1991-09-11;3.2;9;3.2
1991-09-12;3.0;9;3.0
1991-09-13;2.9;9;2.9
1991-09-14;2.9;9;2.9
1991-09-15;10.7;9;10.7
1991-09-16;10.0;9;10.0
1991-09-17;10.1;9;10.1
1991-09-18;13.3;9;13.3
1991-09-19;16.5;9;16.5
1991-09-20;15.5;9;15.5
1991-09-21;15.2;9;15.2
1991-09-22;17.0;9;17.0
1991-09-23;26.0;9;26.0
1991-09-24;17.5;9;17.5
1991-09-25;30.5;9;30.5
1991-09-26;30.0;9;30.0
1991-09-27;40.3;9;40.3
1991-09-28;22.0;9;22.0
1991-09-29;25.8;9;25.8
1991-09-30;24.1;9;24.1
1991-10-01;26.3;10;26.3
1991-10-02;33.4;10;33.4
1991-10-03;34.2;10;34.2
1991-10-04;23.2;10;23.2
1991-10-05;27.5;10;27.5
1991-10-06;25.3;10;25.3
1991-10-07;20.0;10;20.0
1991-10-08;33.6;10;33.6
1991-10-09;48.5;10;48.5
1991-10-10;54.2;10;54.2
1991-10-11;41.8;10;41.8
1991-10-12;35.1;10;35.1
1991-10-13;31.2;10;31.2
1991-10-14;30.5;10;30.5
1991-10-15;30.0;10;30.0
1991-10-16;41.3;10;41.3
1991-10-17;34.7;10;34.7
1991-10-18;24.2;10;24.2
1991-10-19;18.4;10;18.4
1991-10-20;16.3;10;16.3
1991-10-21;13.5;10;13.5
1991-10-22;13.0;10;13.0
1991-10-23;11.2;10;11.2
1991-10-24;10.8;10;10.8
1991-10-25;9.3;10;9.3
1991-10-26;13.0;10;13.0
1991-10-27;11.2;10;11.2
1991-10-28;10.2;10;10.2
1991-10-29;9.3;10;9.3
1991-10-30;32.3;10;32.3
1991-10-31;25.8;10;25.8
1991-11-01;23.3;11;23.3
1991-11-02;20.8;11;20.8
1991-11-03;19.1;11;19.1
1991-11-04;19.8;11;19.8
1991-11-05;20.3;11;20.3
1991-11-06;20.8;11;20.8
1991-11-07;19.4;11;19.4
1991-11-08;70.1;11;70.1
1991-11-09;64.3;11;64.3
1991-11-10;91.0;11;91.0
1991-11-11;60.8;11;60.8
1991-11-12;42.9;11;42.9
1991-11-13;30.0;11;30.0
1991-11-14;40.5;11;40.5
1991-11-15;56.6;11;56.6
1991-11-16;51.0;11;51.0
1991-11-17;46.8;11;46.8
1991-11-18;44.7;11;44.7
1991-11-19;75.7;11;75.7
1991-11-20;54.6;11;54.6
1991-11-21;61.7;11;61.7
1991-11-22;47.3;11;47.3
1991-11-23;45.0;11;45.0
1991-11-24;52.0;11;52.0
1991-11-25;85.0;11;85.0
1991-11-26;133.1;11;133.1
1991-11-27;73.9;11;73.9
1991-11-28;60.2;11;60.2
1991-11-29;48.0;11;48.0
1991-11-30;40.5;11;40.5
1991-12-01;43.3;12;43.3
1991-12-02;52.8;12;52.8
1991-12-03;49.7;12;49.7
1991-12-04;36.1;12;36.1
1991-12-05;52.0;12;52.0
1991-12-06;41.5;12;41.5
1991-12-07;34.1;12;34.1
1991-12-08;32.8;12;32.8
1991-12-09;37.0;12;37.0
1991-12-10;44.9;12;44.9
1991-12-11;35.6;12;35.6
1991-12-12;23.7;12;23.7
1991-12-13;20.3;12;20.3
1991-12-14;17.8;12;17.8
1991-12-15;16.3;12;16.3
1991-12-16;14.9;12;14.9
1991-12-17;15.4;12;15.4
1991-12-18;18.9;12;18.9
1991-12-19;15.9;12;15.9
1991-12-20;13.6;12;13.6
1991-12-21;11.9;12;11.9
1991-12-22;11.0;12;11.0
1991-12-23;13.0;12;13.0
1991-12-24;12.7;12;12.7
1991-12-25;12.5;12;12.5
1991-12-26;12.3;12;12.3
1991-12-27;11.7;12;11.7
1991-12-28;12.3;12;12.3
1991-12-29;13.0;12;13.0
1991-12-30;12.7;12;12.7
1991-12-31;13.0;12;13.0
1992-01-01;13.0;1;13.0
1992-01-02;12.25;1;12.25
1992-01-03;11.75;1;11.75
1992-01-04;10.25;1;10.25
1992-01-05;8.5;1;8.5
1992-01-06;8.0;1;8.0
1992-01-07;9.75;1;9.75
1992-01-08;8.25;1;8.25
1992-01-09;6.5;1;6.5
1992-01-10;6.65;1;6.65
1992-01-11;7.85;1;7.85
1992-01-12;5.75;1;5.75
1992-01-13;5.6;1;5.6
1992-01-14;5.45;1;5.45
1992-01-15;5.15;1;5.15
1992-01-16;5.0;1;5.0
1992-01-17;4.7;1;4.7
1992-01-18;4.5;1;4.5
1992-01-19;4.1;1;4.1
1992-01-20;4.0;1;4.0
1992-01-21;3.7;1;3.7
1992-01-22;3.9;1;3.9
1992-01-23;5.75;1;5.75
1992-01-24;5.2;1;5.2
1992-01-25;4.0;1;4.0
1992-01-26;4.5;1;4.5
1992-01-27;4.0;1;4.0
1992-01-28;4.0;1;4.0
1992-01-29;4.0;1;4.0
1992-01-30;4.0;1;4.0
1992-01-31;4.0;1;4.0
1992-02-01;3.8;2;3.8
1992-02-02;3.6;2;3.6
1992-02-03;3.6;2;3.6
1992-02-04;3.4;2;3.4
1992-02-05;3.4;2;3.4
1992-02-06;3.0;2;3.0
1992-02-07;4.0;2;4.0
1992-02-08;3.1;2;3.1
1992-02-09;7.5;2;7.5
1992-02-10;5.6;2;5.6
1992-02-11;4.8;2;4.8
1992-02-12;4.6;2;4.6
1992-02-13;4.6;2;4.6
1992-02-14;3.7;2;3.7
1992-02-15;3.34;2;3.34
1992-02-16;3.3;2;3.3
1992-02-17;4.1;2;4.1
1992-02-18;3.37;2;3.37
1992-02-19;3.9;2;3.9
1992-02-20;6.54;2;6.54
1992-02-21;11.53;2;11.53
1992-02-22;7.96;2;7.96
1992-02-23;15.87;2;15.87
1992-02-24;8.21;2;8.21
1992-02-25;5.48;2;5.48
1992-02-26;4.41;2;4.41
1992-02-27;5.18;2;5.18
1992-02-28;4.73;2;4.73
1992-02-29;3.98;2;3.98
1992-03-01;7.29;3;7.29
1992-03-02;6.0;3;6.0
1992-03-03;5.68;3;5.68
1992-03-04;4.28;3;4.28
1992-03-05;3.94;3;3.94
1992-03-06;9.58;3;9.58
1992-03-07;10.56;3;10.56
1992-03-08;5.06;3;5.06
1992-03-09;5.15;3;5.15
1992-03-10;4.37;3;4.37
1992-03-11;3.59;3;3.59
1992-03-12;3.35;3;3.35
1992-03-13;3.92;3;3.92
1992-03-14;4.1;3;4.1
1992-03-15;3.62;3;3.62
1992-03-16;3.88;3;3.88
1992-03-17;3.43;3;3.43
1992-03-18;3.05;3;3.05
1992-03-19;2.82;3;2.82
1992-03-20;5.03;3;5.03
1992-03-21;3.89;3;3.89
1992-03-22;3.3;3;3.3
1992-03-23;2.98;3;2.98
1992-03-24;2.75;3;2.75
1992-03-25;2.7;3;2.7
1992-03-26;2.7;3;2.7
1992-03-27;2.62;3;2.62
1992-03-28;2.64;3;2.64
1992-03-29;2.46;3;2.46
1992-03-30;2.69;3;2.69
1992-03-31;2.89;3;2.89
1992-04-01;2.75;4;2.75
1992-04-02;2.62;4;2.62
1992-04-03;2.51;4;2.51
1992-04-04;2.64;4;2.64
1992-04-05;4.52;4;4.52
1992-04-06;2.94;4;2.94
1992-04-07;3.04;4;3.04
1992-04-08;2.71;4;2.71
1992-04-09;2.94;4;2.94
1992-04-10;2.89;4;2.89
1992-04-11;4.83;4;4.83
1992-04-12;2.78;4;2.78
1992-04-13;2.78;4;2.78
1992-04-14;4.0;4;4.0
1992-04-15;2.94;4;2.94
1992-04-16;6.25;4;6.25
1992-04-17;3.03;4;3.03
1992-04-18;12.96;4;12.96
1992-04-19;8.31;4;8.31
1992-04-20;4.49;4;4.49
1992-04-21;3.28;4;3.28
1992-04-22;4.28;4;4.28
1992-04-23;10.41;4;10.41
1992-04-24;6.07;4;6.07
1992-04-25;16.75;4;16.75
1992-04-26;7.7;4;7.7
1992-04-27;5.93;4;5.93
1992-04-28;4.6;4;4.6
1992-04-29;4.35;4;4.35
1992-04-30;9.65;4;9.65
1992-05-01;5.67;5;5.67
1992-05-02;5.81;5;5.81
1992-05-03;5.96;5;5.96
1992-05-04;15.7;5;15.7
1992-05-05;13.33;5;13.33
1992-05-06;22.74;5;22.74
1992-05-07;59.54;5;59.54
1992-05-08;23.18;5;23.18
1992-05-09;55.12;5;55.12
1992-05-10;19.58;5;19.58
1992-05-11;16.99;5;16.99
1992-05-12;44.5;5;44.5
1992-05-13;58.52;5;58.52
1992-05-14;28.12;5;28.12
1992-05-15;19.23;5;19.23
1992-05-16;17.85;5;17.85
1992-05-17;18.22;5;18.22
1992-05-18;42.17;5;42.17
1992-05-19;22.46;5;22.46
1992-05-20;16.0;5;16.0
1992-05-21;13.35;5;13.35
1992-05-22;10.9;5;10.9
1992-05-23;9.68;5;9.68
1992-05-24;9.55;5;9.55
1992-05-25;9.5;5;9.5
1992-05-26;20.91;5;20.91
1992-05-27;14.54;5;14.54
1992-05-28;11.02;5;11.02
1992-05-29;11.89;5;11.89
1992-05-30;18.75;5;18.75
1992-05-31;15.78;5;15.78
1992-06-01;17.3;6;17.3
1992-06-02;29.92;6;29.92
1992-06-03;49.34;6;49.34
1992-06-04;27.21;6;27.21
1992-06-05;31.91;6;31.91
1992-06-06;21.7;6;21.7
1992-06-07;18.27;6;18.27
1992-06-08;15.76;6;15.76
1992-06-09;12.9;6;12.9
1992-06-10;11.39;6;11.39
1992-06-11;16.3;6;16.3
1992-06-12;13.0;6;13.0
1992-06-13;8.25;6;8.25
1992-06-14;7.55;6;7.55
1992-06-15;7.29;6;7.29
1992-06-16;6.73;6;6.73
1992-06-17;6.35;6;6.35
1992-06-18;6.99;6;6.99
1992-06-19;6.35;6;6.35
1992-06-20;7.26;6;7.26
1992-06-21;6.58;6;6.58
1992-06-22;5.75;6;5.75
1992-06-23;4.95;6;4.95
1992-06-24;4.87;6;4.87
1992-06-25;4.62;6;4.62
1992-06-26;4.59;6;4.59
1992-06-27;7.37;6;7.37
1992-06-28;5.45;6;5.45
1992-06-29;4.9;6;4.9
1992-06-30;4.8;6;4.8
1992-07-01;4.87;7;4.87
1992-07-02;4.4;7;4.4
1992-07-03;4.55;7;4.55
1992-07-04;4.2;7;4.2
1992-07-05;3.73;7;3.73
1992-07-06;3.8;7;3.8
1992-07-07;3.65;7;3.65
1992-07-08;3.5;7;3.5
1992-07-09;3.5;7;3.5
1992-07-10;3.4;7;3.4
1992-07-11;3.4;7;3.4
1992-07-12;3.77;7;3.77
1992-07-13;10.45;7;10.45
1992-07-14;11.79;7;11.79
1992-07-15;12.29;7;12.29
1992-07-16;7.65;7;7.65
1992-07-17;5.03;7;5.03
1992-07-18;5.99;7;5.99
1992-07-19;4.41;7;4.41
1992-07-20;4.1;7;4.1
1992-07-21;3.84;7;3.84
1992-07-22;4.24;7;4.24
1992-07-23;4.37;7;4.37
1992-07-24;3.89;7;3.89
1992-07-25;3.52;7;3.52
1992-07-26;3.43;7;3.43
1992-07-27;3.63;7;3.63
1992-07-28;3.51;7;3.51
1992-07-29;3.99;7;3.99
1992-07-30;4.98;7;4.98
1992-07-31;8.45;7;8.45
1992-08-01;33.45;8;33.45
1992-08-02;28.17;8;28.17
1992-08-03;15.2;8;15.2
1992-08-04;20.35;8;20.35
1992-08-05;11.79;8;11.79
1992-08-06;7.95;8;7.95
1992-08-07;6.41;8;6.41
1992-08-08;5.99;8;5.99
1992-08-09;7.71;8;7.71
1992-08-10;7.59;8;7.59
1992-08-11;5.6;8;5.6
1992-08-12;5.0;8;5.0
1992-08-13;5.33;8;5.33
1992-08-14;4.9;8;4.9
1992-08-15;12.57;8;12.57
1992-08-16;8.09;8;8.09
1992-08-17;10.52;8;10.52
1992-08-18;7.61;8;7.61
1992-08-19;14.99;8;14.99
1992-08-20;19.12;8;19.12
1992-08-21;10.93;8;10.93
1992-08-22;21.23;8;21.23
1992-08-23;12.65;8;12.65
1992-08-24;8.76;8;8.76
1992-08-25;7.17;8;7.17
1992-08-26;6.52;8;6.52
1992-08-27;6.35;8;6.35
1992-08-28;6.78;8;6.78
1992-08-29;12.09;8;12.09
1992-08-30;16.96;8;16.96
1992-08-31;36.7;8;36.7
1992-09-01;17.9;9;17.9
1992-09-02;14.78;9;14.78
1992-09-03;12.95;9;12.95
1992-09-04;19.54;9;19.54
1992-09-05;11.79;9;11.79
1992-09-06;8.82;9;8.82
1992-09-07;7.71;9;7.71
1992-09-08;6.96;9;6.96
1992-09-09;6.49;9;6.49
1992-09-10;6.69;9;6.69
1992-09-11;6.29;9;6.29
1992-09-12;5.35;9;5.35
1992-09-13;7.89;9;7.89
1992-09-14;8.37;9;8.37
1992-09-15;18.96;9;18.96
1992-09-16;11.96;9;11.96
1992-09-17;8.46;9;8.46
1992-09-18;9.41;9;9.41
1992-09-19;11.35;9;11.35
1992-09-20;7.56;9;7.56
1992-09-21;13.27;9;13.27
1992-09-22;8.1;9;8.1
1992-09-23;12.25;9;12.25
1992-09-24;19.91;9;19.91
1992-09-25;26.87;9;26.87
1992-09-26;29.46;9;29.46
1992-09-27;20.9;9;20.9
1992-09-28;15.92;9;15.92
1992-09-29;12.65;9;12.65
1992-09-30;11.51;9;11.51
1992-10-01;13.15;10;13.15
1992-10-02;21.74;10;21.74
1992-10-03;17.61;10;17.61
1992-10-04;27.75;10;27.75
1992-10-05;29.69;10;29.69
1992-10-06;34.48;10;34.48
1992-10-07;27.9;10;27.9
1992-10-08;24.01;10;24.01
1992-10-09;20.94;10;20.94
1992-10-10;17.87;10;17.87
1992-10-11;27.05;10;27.05
1992-10-12;33.65;10;33.65
1992-10-13;22.07;10;22.07
1992-10-14;17.57;10;17.57
1992-10-15;15.27;10;15.27
1992-10-16;13.0;10;13.0
1992-10-17;11.64;10;11.64
1992-10-18;9.78;10;9.78
1992-10-19;9.15;10;9.15
1992-10-20;8.28;10;8.28
1992-10-21;7.91;10;7.91
1992-10-22;7.49;10;7.49
1992-10-23;13.47;10;13.47
1992-10-24;12.47;10;12.47
1992-10-25;10.15;10;10.15
1992-10-26;8.62;10;8.62
1992-10-27;14.18;10;14.18
1992-10-28;13.26;10;13.26
1992-10-29;48.06;10;48.06
1992-10-30;35.35;10;35.35
1992-10-31;17.27;10;17.27
1992-11-01;18.41;11;18.41
1992-11-02;21.69;11;21.69
1992-11-03;14.74;11;14.74
1992-11-04;23.3;11;23.3
1992-11-05;55.75;11;55.75
1992-11-06;22.63;11;22.63
1992-11-07;44.26;11;44.26
1992-11-08;23.32;11;23.32
1992-11-09;17.77;11;17.77
1992-11-10;28.02;11;28.02
1992-11-11;17.09;11;17.09
1992-11-12;34.12;11;34.12
1992-11-13;39.05;11;39.05
1992-11-14;28.5;11;28.5
1992-11-15;24.89;11;24.89
1992-11-16;45.96;11;45.96
1992-11-17;40.13;11;40.13
1992-11-18;31.15;11;31.15
1992-11-19;25.64;11;25.64
1992-11-20;21.63;11;21.63
1992-11-21;19.55;11;19.55
1992-11-22;20.15;11;20.15
1992-11-23;27.33;11;27.33
1992-11-24;19.18;11;19.18
1992-11-25;35.27;11;35.27
1992-11-26;38.81;11;38.81
1992-11-27;20.64;11;20.64
1992-11-28;22.41;11;22.41
1992-11-29;30.69;11;30.69
1992-11-30;23.89;11;23.89
1992-12-01;20.35;12;20.35
1992-12-02;25.99;12;25.99
1992-12-03;41.41;12;41.41
1992-12-04;32.02;12;32.02
1992-12-05;36.64;12;36.64
1992-12-06;57.67;12;57.67
1992-12-07;39.63;12;39.63
1992-12-08;33.57;12;33.57
1992-12-09;28.57;12;28.57
1992-12-10;24.94;12;24.94
1992-12-11;26.35;12;26.35
1992-12-12;43.56;12;43.56
1992-12-13;43.37;12;43.37
1992-12-14;26.43;12;26.43
1992-12-15;21.35;12;21.35
1992-12-16;26.79;12;26.79
1992-12-17;20.2;12;20.2
1992-12-18;17.12;12;17.12
1992-12-19;15.26;12;15.26
1992-12-20;13.45;12;13.45
1992-12-21;12.59;12;12.59
1992-12-22;11.19;12;11.19
1992-12-23;10.17;12;10.17
1992-12-24;9.21;12;9.21
1992-12-25;8.56;12;8.56
1992-12-26;10.42;12;10.42
1992-12-27;23.52;12;23.52
1992-12-28;13.51;12;13.51
1992-12-29;10.48;12;10.48
1992-12-30;8.56;12;8.56
1992-12-31;8.84;12;8.84
1993-01-01;7.5;1;7.5
1993-01-02;14.2;1;14.2
1993-01-03;13.4;1;13.4
1993-01-04;16.0;1;16.0
1993-01-05;13.5;1;13.5
1993-01-06;13.0;1;13.0
1993-01-07;28.4;1;28.4
1993-01-08;19.1;1;19.1
1993-01-09;14.8;1;14.8
1993-01-10;11.8;1;11.8
1993-01-11;10.3;1;10.3
1993-01-12;8.2;1;8.2
1993-01-13;8.0;1;8.0
1993-01-14;7.5;1;7.5
1993-01-15;7.2;1;7.2
1993-01-16;7.5;1;7.5
1993-01-17;7.6;1;7.6
1993-01-18;10.6;1;10.6
1993-01-19;14.6;1;14.6
1993-01-20;18.0;1;18.0
1993-01-21;9.8;1;9.8
1993-01-22;7.8;1;7.8
1993-01-23;7.2;1;7.2
1993-01-24;7.5;1;7.5
1993-01-25;6.5;1;6.5
1993-01-26;5.4;1;5.4
1993-01-27;5.3;1;5.3
1993-01-28;5.6;1;5.6
1993-01-29;8.0;1;8.0
1993-01-30;12.4;1;12.4
1993-01-31;13.8;1;13.8
1993-02-01;10.7;2;10.7
1993-02-02;17.5;2;17.5
1993-02-03;10.6;2;10.6
1993-02-04;8.5;2;8.5
1993-02-05;7.5;2;7.5
1993-02-06;7.4;2;7.4
1993-02-07;6.7;2;6.7
1993-02-08;6.4;2;6.4
1993-02-09;10.6;2;10.6
1993-02-10;11.8;2;11.8
1993-02-11;6.6;2;6.6
1993-02-12;5.7;2;5.7
1993-02-13;5.2;2;5.2
1993-02-14;4.9;2;4.9
1993-02-15;4.8;2;4.8
1993-02-16;4.4;2;4.4
1993-02-17;4.1;2;4.1
1993-02-18;4.1;2;4.1
1993-02-19;3.9;2;3.9
1993-02-20;3.8;2;3.8
1993-02-21;3.6;2;3.6
1993-02-22;3.5;2;3.5
1993-02-23;3.5;2;3.5
1993-02-24;4.4;2;4.4
1993-02-25;3.3;2;3.3
1993-02-26;3.4;2;3.4
1993-02-27;5.4;2;5.4
1993-02-28;4.6;2;4.6
1993-03-01;3.8;3;3.8
1993-03-02;3.4;3;3.4
1993-03-03;3.2;3;3.2
1993-03-04;4.3;3;4.3
1993-03-05;3.7;3;3.7
1993-03-06;3.4;3;3.4
1993-03-07;9.1;3;9.1
1993-03-08;4.4;3;4.4
1993-03-09;4.1;3;4.1
1993-03-10;3.7;3;3.7
1993-03-11;3.5;3;3.5
1993-03-12;3.7;3;3.7
1993-03-13;2.9;3;2.9
1993-03-14;2.9;3;2.9
1993-03-15;4.5;3;4.5
1993-03-16;3.9;3;3.9
1993-03-17;5.7;3;5.7
1993-03-18;16.9;3;16.9
1993-03-19;7.0;3;7.0
1993-03-20;20.2;3;20.2
1993-03-21;15.7;3;15.7
1993-03-22;31.2;3;31.2
1993-03-23;53.8;3;53.8
1993-03-24;52.4;3;52.4
1993-03-25;42.6;3;42.6
1993-03-26;33.8;3;33.8
1993-03-27;40.7;3;40.7
1993-03-28;23.7;3;23.7
1993-03-29;23.8;3;23.8
1993-03-30;31.5;3;31.5
1993-03-31;22.6;3;22.6
1993-04-01;31.2;4;31.2
1993-04-02;41.3;4;41.3
1993-04-03;24.7;4;24.7
1993-04-04;21.7;4;21.7
1993-04-05;44.6;4;44.6
1993-04-06;31.1;4;31.1
1993-04-07;37.6;4;37.6
1993-04-08;47.4;4;47.4
1993-04-09;33.5;4;33.5
1993-04-10;31.9;4;31.9
1993-04-11;31.4;4;31.4
1993-04-12;56.3;4;56.3
1993-04-13;42.8;4;42.8
1993-04-14;38.6;4;38.6
1993-04-15;31.5;4;31.5
1993-04-16;48.1;4;48.1
1993-04-17;39.5;4;39.5
1993-04-18;39.9;4;39.9
1993-04-19;40.6;4;40.6
1993-04-20;47.8;4;47.8
1993-04-21;91.1;4;91.1
1993-04-22;59.2;4;59.2
1993-04-23;55.6;4;55.6
1993-04-24;45.1;4;45.1
1993-04-25;79.2;4;79.2
1993-04-26;58.9;4;58.9
1993-04-27;46.8;4;46.8
1993-04-28;44.1;4;44.1
1993-04-29;37.5;4;37.5
1993-04-30;39.3;4;39.3
1993-05-01;60.3;5;60.3
1993-05-02;98.9;5;98.9
1993-05-03;128.2;5;128.2
1993-05-04;85.3;5;85.3
1993-05-05;102.4;5;102.4
1993-05-06;83.6;5;83.6
1993-05-07;68.8;5;68.8
1993-05-08;46.2;5;46.2
1993-05-09;43.1;5;43.1
1993-05-10;43.9;5;43.9
1993-05-11;64.4;5;64.4
1993-05-12;63.3;5;63.3
1993-05-13;63.5;5;63.5
1993-05-14;66.3;5;66.3
1993-05-15;63.7;5;63.7
1993-05-16;56.3;5;56.3
1993-05-17;44.3;5;44.3
1993-05-18;39.4;5;39.4
1993-05-19;60.0;5;60.0
1993-05-20;61.5;5;61.5
1993-05-21;55.4;5;55.4
1993-05-22;42.7;5;42.7
1993-05-23;71.7;5;71.7
1993-05-24;58.3;5;58.3
1993-05-25;57.3;5;57.3
1993-05-26;91.8;5;91.8
1993-05-27;77.3;5;77.3
1993-05-28;72.3;5;72.3
1993-05-29;69.2;5;69.2
1993-05-30;54.5;5;54.5
1993-05-31;53.6;5;53.6
1993-06-01;49.9;6;49.9
1993-06-02;38.9;6;38.9
1993-06-03;34.3;6;34.3
1993-06-04;35.6;6;35.6
1993-06-05;37.1;6;37.1
1993-06-06;30.2;6;30.2
1993-06-07;26.1;6;26.1
1993-06-08;27.2;6;27.2
1993-06-09;22.8;6;22.8
1993-06-10;21.1;6;21.1
1993-06-11;19.6;6;19.6
1993-06-12;18.5;6;18.5
1993-06-13;19.0;6;19.0
1993-06-14;19.1;6;19.1
1993-06-15;17.4;6;17.4
1993-06-16;14.8;6;14.8
1993-06-17;15.6;6;15.6
1993-06-18;14.7;6;14.7
1993-06-19;13.7;6;13.7
1993-06-20;14.0;6;14.0
1993-06-21;14.6;6;14.6
1993-06-22;13.7;6;13.7
1993-06-23;13.1;6;13.1
1993-06-24;12.4;6;12.4
1993-06-25;12.0;6;12.0
1993-06-26;16.5;6;16.5
1993-06-27;14.7;6;14.7
1993-06-28;14.2;6;14.2
1993-06-29;15.6;6;15.6
1993-06-30;15.9;6;15.9
1993-07-01;47.7;7;47.7
1993-07-02;50.8;7;50.8
1993-07-03;35.5;7;35.5
1993-07-04;26.8;7;26.8
1993-07-05;22.7;7;22.7
1993-07-06;21.9;7;21.9
1993-07-07;18.4;7;18.4
1993-07-08;17.0;7;17.0
1993-07-09;22.9;7;22.9
1993-07-10;27.2;7;27.2
1993-07-11;20.1;7;20.1
1993-07-12;17.0;7;17.0
1993-07-13;15.0;7;15.0
1993-07-14;13.5;7;13.5
1993-07-15;12.1;7;12.1
1993-07-16;10.6;7;10.6
1993-07-17;9.5;7;9.5
1993-07-18;8.7;7;8.7
1993-07-19;8.2;7;8.2
1993-07-20;7.8;7;7.8
1993-07-21;7.5;7;7.5
1993-07-22;8.2;7;8.2
1993-07-23;14.4;7;14.4
1993-07-24;8.2;7;8.2
1993-07-25;12.2;7;12.2
1993-07-26;9.0;7;9.0
1993-07-27;9.9;7;9.9
1993-07-28;15.4;7;15.4
1993-07-29;11.0;7;11.0
1993-07-30;12.1;7;12.1
1993-07-31;19.7;7;19.7
1993-08-01;13.2;8;13.2
1993-08-02;11.1;8;11.1
1993-08-03;9.0;8;9.0
1993-08-04;7.7;8;7.7
1993-08-05;6.9;8;6.9
1993-08-06;6.2;8;6.2
1993-08-07;5.6;8;5.6
1993-08-08;5.8;8;5.8
1993-08-09;6.8;8;6.8
1993-08-10;6.2;8;6.2
1993-08-11;5.9;8;5.9
1993-08-12;12.1;8;12.1
1993-08-13;8.7;8;8.7
1993-08-14;8.0;8;8.0
1993-08-15;9.1;8;9.1
1993-08-16;12.4;8;12.4
1993-08-17;14.1;8;14.1
1993-08-18;13.2;8;13.2
1993-08-19;11.3;8;11.3
1993-08-20;13.7;8;13.7
1993-08-21;9.5;8;9.5
1993-08-22;8.0;8;8.0
1993-08-23;9.2;8;9.2
1993-08-24;7.5;8;7.5
1993-08-25;7.2;8;7.2
1993-08-26;7.1;8;7.1
1993-08-27;9.6;8;9.6
1993-08-28;11.1;8;11.1
1993-08-29;8.9;8;8.9
1993-08-30;9.7;8;9.7
1993-08-31;11.5;8;11.5
1993-09-01;9.7;9;9.7
1993-09-02;7.8;9;7.8
1993-09-03;7.5;9;7.5
1993-09-04;15.8;9;15.8
1993-09-05;17.3;9;17.3
1993-09-06;20.1;9;20.1
1993-09-07;34.5;9;34.5
1993-09-08;31.0;9;31.0
1993-09-09;23.7;9;23.7
1993-09-10;20.4;9;20.4
1993-09-11;18.4;9;18.4
1993-09-12;45.4;9;45.4
1993-09-13;27.5;9;27.5
1993-09-14;21.0;9;21.0
1993-09-15;18.4;9;18.4
1993-09-16;60.3;9;60.3
1993-09-17;50.9;9;50.9
1993-09-18;35.5;9;35.5
1993-09-19;28.3;9;28.3
1993-09-20;25.2;9;25.2
1993-09-21;29.6;9;29.6
1993-09-22;19.6;9;19.6
1993-09-23;22.1;9;22.1
1993-09-24;18.7;9;18.7
1993-09-25;25.4;9;25.4
1993-09-26;22.0;9;22.0
1993-09-27;35.7;9;35.7
1993-09-28;24.6;9;24.6
1993-09-29;34.3;9;34.3
1993-09-30;30.1;9;30.1
1993-10-01;30.9;10;30.9
1993-10-02;34.0;10;34.0
1993-10-03;64.6;10;64.6
1993-10-04;37.7;10;37.7
1993-10-05;25.4;10;25.4
1993-10-06;30.2;10;30.2
1993-10-07;38.2;10;38.2
1993-10-08;22.0;10;22.0
1993-10-09;21.2;10;21.2
1993-10-10;36.5;10;36.5
1993-10-11;25.9;10;25.9
1993-10-12;20.2;10;20.2
1993-10-13;18.0;10;18.0
1993-10-14;16.5;10;16.5
1993-10-15;19.3;10;19.3
1993-10-16;21.3;10;21.3
1993-10-17;16.1;10;16.1
1993-10-18;26.9;10;26.9
1993-10-19;46.2;10;46.2
1993-10-20;92.3;10;92.3
1993-10-21;102.3;10;102.3
1993-10-22;92.1;10;92.1
1993-10-23;66.9;10;66.9
1993-10-24;75.2;10;75.2
1993-10-25;54.9;10;54.9
1993-10-26;49.7;10;49.7
1993-10-27;38.2;10;38.2
1993-10-28;41.6;10;41.6
1993-10-29;56.6;10;56.6
1993-10-30;48.0;10;48.0
1993-10-31;46.9;10;46.9
1993-11-01;44.0;11;44.0
1993-11-02;110.4;11;110.4
1993-11-03;107.9;11;107.9
1993-11-04;67.3;11;67.3
1993-11-05;53.6;11;53.6
1993-11-06;42.2;11;42.2
1993-11-07;41.4;11;41.4
1993-11-08;44.2;11;44.2
1993-11-09;80.0;11;80.0
1993-11-10;59.4;11;59.4
1993-11-11;116.5;11;116.5
1993-11-12;71.3;11;71.3
1993-11-13;75.1;11;75.1
1993-11-14;106.4;11;106.4
1993-11-15;120.1;11;120.1
1993-11-16;121.5;11;121.5
1993-11-17;80.3;11;80.3
1993-11-18;61.7;11;61.7
1993-11-19;48.7;11;48.7
1993-11-20;52.8;11;52.8
1993-11-21;47.5;11;47.5
1993-11-22;41.5;11;41.5
1993-11-23;36.0;11;36.0
1993-11-24;30.6;11;30.6
1993-11-25;33.7;11;33.7
1993-11-26;59.0;11;59.0
1993-11-27;42.1;11;42.1
1993-11-28;80.0;11;80.0
1993-11-29;84.3;11;84.3
1993-11-30;60.9;11;60.9
1993-12-01;61.0;12;61.0
1993-12-02;47.3;12;47.3
1993-12-03;51.8;12;51.8
1993-12-04;60.1;12;60.1
1993-12-05;75.6;12;75.6
1993-12-06;58.6;12;58.6
1993-12-07;58.6;12;58.6
1993-12-08;40.1;12;40.1
1993-12-09;37.7;12;37.7
1993-12-10;67.9;12;67.9
1993-12-11;76.2;12;76.2
1993-12-12;70.4;12;70.4
1993-12-13;52.5;12;52.5
1993-12-14;83.7;12;83.7
1993-12-15;91.5;12;91.5
1993-12-16;65.2;12;65.2
1993-12-17;55.7;12;55.7
1993-12-18;47.7;12;47.7
1993-12-19;40.5;12;40.5
1993-12-20;35.8;12;35.8
1993-12-21;30.0;12;30.0
1993-12-22;27.1;12;27.1
1993-12-23;25.6;12;25.6
1993-12-24;22.8;12;22.8
1993-12-25;18.1;12;18.1
1993-12-26;18.1;12;18.1
1993-12-27;15.6;12;15.6
1993-12-28;15.0;12;15.0
1993-12-29;14.7;12;14.7
1993-12-30;14.4;12;14.4
1993-12-31;12.6;12;12.6
1994-01-01;11.2;1;11.2
1994-01-02;10.7;1;10.7
1994-01-03;10.4;1;10.4
1994-01-04;10.7;1;10.7
1994-01-05;9.3;1;9.3
1994-01-06;8.7;1;8.7
1994-01-07;8.2;1;8.2
1994-01-08;8.2;1;8.2
1994-01-09;12.2;1;12.2
1994-01-10;11.6;1;11.6
1994-01-11;8.8;1;8.8
1994-01-12;8.2;1;8.2
1994-01-13;7.7;1;7.7
1994-01-14;9.3;1;9.3
1994-01-15;18.8;1;18.8
1994-01-16;16.9;1;16.9
1994-01-17;16.1;1;16.1
1994-01-18;17.7;1;17.7
1994-01-19;17.5;1;17.5
1994-01-20;16.2;1;16.2
1994-01-21;14.8;1;14.8
1994-01-22;14.0;1;14.0
1994-01-23;12.6;1;12.6
1994-01-24;12.3;1;12.3
1994-01-25;9.7;1;9.7
1994-01-26;8.9;1;8.9
1994-01-27;9.8;1;9.8
1994-01-28;11.0;1;11.0
1994-01-29;12.0;1;12.0
1994-01-30;10.4;1;10.4
1994-01-31;10.0;1;10.0
1994-02-01;10.0;2;10.0
1994-02-02;10.4;2;10.4
1994-02-03;16.4;2;16.4
1994-02-04;15.8;2;15.8
1994-02-05;13.5;2;13.5
1994-02-06;15.6;2;15.6
1994-02-07;13.7;2;13.7
1994-02-08;12.5;2;12.5
1994-02-09;12.1;2;12.1
1994-02-10;12.2;2;12.2
1994-02-11;11.2;2;11.2
1994-02-12;10.7;2;10.7
1994-02-13;14.2;2;14.2
1994-02-14;11.9;2;11.9
1994-02-15;13.0;2;13.0
1994-02-16;14.7;2;14.7
1994-02-17;14.6;2;14.6
1994-02-18;19.8;2;19.8
1994-02-19;12.2;2;12.2
1994-02-20;9.9;2;9.9
1994-02-21;18.4;2;18.4
1994-02-22;14.8;2;14.8
1994-02-23;14.6;2;14.6
1994-02-24;19.1;2;19.1
1994-02-25;35.9;2;35.9
1994-02-26;42.8;2;42.8
1994-02-27;38.9;2;38.9
1994-02-28;36.4;2;36.4
1994-03-01;36.2;3;36.2
1994-03-02;65.9;3;65.9
1994-03-03;37.7;3;37.7
1994-03-04;27.3;3;27.3
1994-03-05;22.6;3;22.6
1994-03-06;20.9;3;20.9
1994-03-07;18.2;3;18.2
1994-03-08;17.8;3;17.8
1994-03-09;20.5;3;20.5
1994-03-10;16.6;3;16.6
1994-03-11;17.2;3;17.2
1994-03-12;18.4;3;18.4
1994-03-13;23.9;3;23.9
1994-03-14;19.8;3;19.8
1994-03-15;37.3;3;37.3
1994-03-16;64.5;3;64.5
1994-03-17;72.5;3;72.5
1994-03-18;35.7;3;35.7
1994-03-19;47.8;3;47.8
1994-03-20;74.5;3;74.5
1994-03-21;45.4;3;45.4
1994-03-22;48.4;3;48.4
1994-03-23;43.3;3;43.3
1994-03-24;44.6;3;44.6
1994-03-25;37.0;3;37.0
1994-03-26;32.4;3;32.4
1994-03-27;56.1;3;56.1
1994-03-28;88.7;3;88.7
1994-03-29;86.4;3;86.4
1994-03-30;71.5;3;71.5
1994-03-31;80.0;3;80.0
1994-04-01;114.1;4;114.1
1994-04-02;232.7;4;232.7
1994-04-03;262.7;4;262.7
1994-04-04;115.8;4;115.8
1994-04-05;95.0;4;95.0
1994-04-06;116.2;4;116.2
1994-04-07;110.1;4;110.1
1994-04-08;98.7;4;98.7
1994-04-09;72.9;4;72.9
1994-04-10;61.4;4;61.4
1994-04-11;57.1;4;57.1
1994-04-12;73.9;4;73.9
1994-04-13;86.6;4;86.6
1994-04-14;95.3;4;95.3
1994-04-15;87.3;4;87.3
1994-04-16;68.0;4;68.0
1994-04-17;73.2;4;73.2
1994-04-18;70.9;4;70.9
1994-04-19;70.3;4;70.3
1994-04-20;82.2;4;82.2
1994-04-21;74.1;4;74.1
1994-04-22;79.5;4;79.5
1994-04-23;55.3;4;55.3
1994-04-24;46.2;4;46.2
1994-04-25;44.9;4;44.9
1994-04-26;79.7;4;79.7
1994-04-27;122.6;4;122.6
1994-04-28;103.8;4;103.8
1994-04-29;146.3;4;146.3
1994-04-30;111.2;4;111.2
1994-05-01;129.3;5;129.3
1994-05-02;109.0;5;109.0
1994-05-03;91.0;5;91.0
1994-05-04;95.1;5;95.1
1994-05-05;83.6;5;83.6
1994-05-06;65.8;5;65.8
1994-05-07;72.6;5;72.6
1994-05-08;81.5;5;81.5
1994-05-09;58.7;5;58.7
1994-05-10;64.3;5;64.3
1994-05-11;48.7;5;48.7
1994-05-12;57.7;5;57.7
1994-05-13;79.1;5;79.1
1994-05-14;69.1;5;69.1
1994-05-15;52.2;5;52.2
1994-05-16;57.8;5;57.8
1994-05-17;44.9;5;44.9
1994-05-18;65.7;5;65.7
1994-05-19;93.4;5;93.4
1994-05-20;94.3;5;94.3
1994-05-21;68.2;5;68.2
1994-05-22;57.0;5;57.0
1994-05-23;54.5;5;54.5
1994-05-24;61.6;5;61.6
1994-05-25;54.7;5;54.7
1994-05-26;131.4;5;131.4
1994-05-27;88.2;5;88.2
1994-05-28;62.3;5;62.3
1994-05-29;50.2;5;50.2
1994-05-30;63.8;5;63.8
1994-05-31;55.5;5;55.5
1994-06-01;75.1;6;75.1
1994-06-02;58.3;6;58.3
1994-06-03;42.1;6;42.1
1994-06-04;68.6;6;68.6
1994-06-05;89.9;6;89.9
1994-06-06;80.1;6;80.1
1994-06-07;62.1;6;62.1
1994-06-08;46.1;6;46.1
1994-06-09;35.7;6;35.7
1994-06-10;30.2;6;30.2
1994-06-11;25.2;6;25.2
1994-06-12;31.1;6;31.1
1994-06-13;42.3;6;42.3
1994-06-14;30.1;6;30.1
1994-06-15;27.8;6;27.8
1994-06-16;23.4;6;23.4
1994-06-17;21.3;6;21.3
1994-06-18;32.7;6;32.7
1994-06-19;24.3;6;24.3
1994-06-20;20.2;6;20.2
1994-06-21;37.7;6;37.7
1994-06-22;34.4;6;34.4
1994-06-23;27.3;6;27.3
1994-06-24;21.9;6;21.9
1994-06-25;21.9;6;21.9
1994-06-26;19.9;6;19.9
1994-06-27;18.2;6;18.2
1994-06-28;17.6;6;17.6
1994-06-29;16.5;6;16.5
1994-06-30;15.8;6;15.8
1994-07-01;22.9;7;22.9
1994-07-02;17.5;7;17.5
1994-07-03;15.9;7;15.9
1994-07-04;19.8;7;19.8
1994-07-05;34.9;7;34.9
1994-07-06;27.8;7;27.8
1994-07-07;55.7;7;55.7
1994-07-08;34.9;7;34.9
1994-07-09;24.8;7;24.8
1994-07-10;20.4;7;20.4
1994-07-11;17.8;7;17.8
1994-07-12;15.6;7;15.6
1994-07-13;14.0;7;14.0
1994-07-14;12.5;7;12.5
1994-07-15;11.5;7;11.5
1994-07-16;17.9;7;17.9
1994-07-17;19.5;7;19.5
1994-07-18;18.9;7;18.9
1994-07-19;18.0;7;18.0
1994-07-20;19.0;7;19.0
1994-07-21;33.9;7;33.9
1994-07-22;32.6;7;32.6
1994-07-23;20.1;7;20.1
1994-07-24;18.7;7;18.7
1994-07-25;21.2;7;21.2
1994-07-26;12.7;7;12.7
1994-07-27;13.8;7;13.8
1994-07-28;14.0;7;14.0
1994-07-29;10.0;7;10.0
1994-07-30;8.7;7;8.7
1994-07-31;13.3;7;13.3
1994-08-01;18.5;8;18.5
1994-08-02;18.6;8;18.6
1994-08-03;12.4;8;12.4
1994-08-04;10.3;8;10.3
1994-08-05;8.6;8;8.6
1994-08-06;7.9;8;7.9
1994-08-07;7.7;8;7.7
1994-08-08;8.0;8;8.0
1994-08-09;7.2;8;7.2
1994-08-10;11.0;8;11.0
1994-08-11;11.4;8;11.4
1994-08-12;7.6;8;7.6
1994-08-13;6.8;8;6.8
1994-08-14;13.0;8;13.0
1994-08-15;9.0;8;9.0
1994-08-16;7.6;8;7.6
1994-08-17;8.6;8;8.6
1994-08-18;8.1;8;8.1
1994-08-19;9.8;8;9.8
1994-08-20;7.4;8;7.4
1994-08-21;6.6;8;6.6
1994-08-22;6.8;8;6.8
1994-08-23;6.5;8;6.5
1994-08-24;6.0;8;6.0
1994-08-25;5.7;8;5.7
1994-08-26;5.4;8;5.4
1994-08-27;5.0;8;5.0
1994-08-28;5.3;8;5.3
1994-08-29;13.1;8;13.1
1994-08-30;7.5;8;7.5
1994-08-31;6.0;8;6.0
1994-09-01;20.6;9;20.6
1994-09-02;26.4;9;26.4
1994-09-03;16.0;9;16.0
1994-09-04;12.2;9;12.2
1994-09-05;9.7;9;9.7
1994-09-06;7.7;9;7.7
1994-09-07;8.0;9;8.0
1994-09-08;8.7;9;8.7
1994-09-09;14.8;9;14.8
1994-09-10;9.6;9;9.6
1994-09-11;9.0;9;9.0
1994-09-12;8.1;9;8.1
1994-09-13;5.7;9;5.7
1994-09-14;6.2;9;6.2
1994-09-15;8.6;9;8.6
1994-09-16;8.5;9;8.5
1994-09-17;5.1;9;5.1
1994-09-18;4.7;9;4.7
1994-09-19;4.4;9;4.4
1994-09-20;4.2;9;4.2
1994-09-21;4.5;9;4.5
1994-09-22;13.7;9;13.7
1994-09-23;9.7;9;9.7
1994-09-24;34.7;9;34.7
1994-09-25;31.8;9;31.8
1994-09-26;23.7;9;23.7
1994-09-27;39.6;9;39.6
1994-09-28;27.5;9;27.5
1994-09-29;22.5;9;22.5
1994-09-30;26.2;9;26.2
1994-10-01;21.9;10;21.9
1994-10-02;22.8;10;22.8
1994-10-03;25.9;10;25.9
1994-10-04;18.5;10;18.5
1994-10-05;16.6;10;16.6
1994-10-06;16.2;10;16.2
1994-10-07;25.8;10;25.8
1994-10-08;22.7;10;22.7
1994-10-09;57.2;10;57.2
1994-10-10;29.6;10;29.6
1994-10-11;50.3;10;50.3
1994-10-12;41.5;10;41.5
1994-10-13;49.6;10;49.6
1994-10-14;47.8;10;47.8
1994-10-15;34.2;10;34.2
1994-10-16;29.9;10;29.9
1994-10-17;29.6;10;29.6
1994-10-18;49.3;10;49.3
1994-10-19;36.8;10;36.8
1994-10-20;32.2;10;32.2
1994-10-21;29.5;10;29.5
1994-10-22;24.9;10;24.9
1994-10-23;41.6;10;41.6
1994-10-24;64.4;10;64.4
1994-10-25;80.4;10;80.4
1994-10-26;73.1;10;73.1
1994-10-27;72.9;10;72.9
1994-10-28;60.9;10;60.9
1994-10-29;46.2;10;46.2
1994-10-30;40.4;10;40.4
1994-10-31;35.4;10;35.4
1994-11-01;35.0;11;35.0
1994-11-02;33.4;11;33.4
1994-11-03;72.3;11;72.3
1994-11-04;74.2;11;74.2
1994-11-05;103.2;11;103.2
1994-11-06;71.3;11;71.3
1994-11-07;113.0;11;113.0
1994-11-08;107.9;11;107.9
1994-11-09;92.4;11;92.4
1994-11-10;87.7;11;87.7
1994-11-11;76.7;11;76.7
1994-11-12;59.5;11;59.5
1994-11-13;50.0;11;50.0
1994-11-14;42.0;11;42.0
1994-11-15;35.9;11;35.9
1994-11-16;34.8;11;34.8
1994-11-17;34.6;11;34.6
1994-11-18;35.8;11;35.8
1994-11-19;42.8;11;42.8
1994-11-20;40.3;11;40.3
1994-11-21;42.3;11;42.3
1994-11-22;55.5;11;55.5
1994-11-23;73.7;11;73.7
1994-11-24;74.0;11;74.0
1994-11-25;105.8;11;105.8
1994-11-26;95.4;11;95.4
1994-11-27;76.3;11;76.3
1994-11-28;76.4;11;76.4
1994-11-29;68.6;11;68.6
1994-11-30;56.9;11;56.9
1994-12-01;54.8;12;54.8
1994-12-02;48.1;12;48.1
1994-12-03;48.0;12;48.0
1994-12-04;50.5;12;50.5
1994-12-05;45.8;12;45.8
1994-12-06;56.1;12;56.1
1994-12-07;44.5;12;44.5
1994-12-08;51.4;12;51.4
1994-12-09;39.5;12;39.5
1994-12-10;39.1;12;39.1
1994-12-11;31.0;12;31.0
1994-12-12;37.2;12;37.2
1994-12-13;34.2;12;34.2
1994-12-14;40.2;12;40.2
1994-12-15;30.0;12;30.0
1994-12-16;25.8;12;25.8
1994-12-17;22.1;12;22.1
1994-12-18;20.5;12;20.5
1994-12-19;21.4;12;21.4
1994-12-20;37.2;12;37.2
1994-12-21;20.7;12;20.7
1994-12-22;17.3;12;17.3
1994-12-23;15.2;12;15.2
1994-12-24;13.0;12;13.0
1994-12-25;12.2;12;12.2
1994-12-26;11.5;12;11.5
1994-12-27;12.8;12;12.8
1994-12-28;11.9;12;11.9
1994-12-29;11.3;12;11.3
1994-12-30;10.0;12;10.0
1994-12-31;9.2;12;9.2
1995-01-01;9.0;1;9.0
1995-01-02;8.5;1;8.5
1995-01-03;8.0;1;8.0
1995-01-04;7.8;1;7.8
1995-01-05;7.5;1;7.5
1995-01-06;7.2;1;7.2
1995-01-07;6.9;1;6.9
1995-01-08;6.6;1;6.6
1995-01-09;6.3;1;6.3
1995-01-10;6.0;1;6.0
1995-01-11;5.6;1;5.6
1995-01-12;5.4;1;5.4
1995-01-13;5.1;1;5.1
1995-01-14;5.0;1;5.0
1995-01-15;5.5;1;5.5
1995-01-16;10.8;1;10.8
1995-01-17;6.2;1;6.2
1995-01-18;5.1;1;5.1
1995-01-19;4.9;1;4.9
1995-01-20;4.8;1;4.8
1995-01-21;8.6;1;8.6
1995-01-22;14.4;1;14.4
1995-01-23;7.4;1;7.4
1995-01-24;5.9;1;5.9
1995-01-25;4.8;1;4.8
1995-01-26;4.6;1;4.6
1995-01-27;4.3;1;4.3
1995-01-28;4.2;1;4.2
1995-01-29;4.3;1;4.3
1995-01-30;5.6;1;5.6
1995-01-31;4.2;1;4.2
1995-02-01;4.1;2;4.1
1995-02-02;4.0;2;4.0
1995-02-03;4.0;2;4.0
1995-02-04;4.5;2;4.5
1995-02-05;3.7;2;3.7
1995-02-06;3.0;2;3.0
1995-02-07;3.2;2;3.2
1995-02-08;3.4;2;3.4
1995-02-09;2.8;2;2.8
1995-02-10;3.0;2;3.0
1995-02-11;3.0;2;3.0
1995-02-12;2.9;2;2.9
1995-02-13;3.0;2;3.0
1995-02-14;3.0;2;3.0
1995-02-15;2.9;2;2.9
1995-02-16;2.9;2;2.9
1995-02-17;2.9;2;2.9
1995-02-18;3.6;2;3.6
1995-02-19;3.0;2;3.0
1995-02-20;3.0;2;3.0
1995-02-21;3.0;2;3.0
1995-02-22;3.1;2;3.1
1995-02-23;3.5;2;3.5
1995-02-24;3.1;2;3.1
1995-02-25;3.0;2;3.0
1995-02-26;4.5;2;4.5
1995-02-27;3.0;2;3.0
1995-02-28;3.2;2;3.2
1995-03-01;3.4;3;3.4
1995-03-02;3.9;3;3.9
1995-03-03;4.3;3;4.3
1995-03-04;4.7;3;4.7
1995-03-05;4.3;3;4.3
1995-03-06;5.8;3;5.8
1995-03-07;13.0;3;13.0
1995-03-08;8.0;3;8.0
1995-03-09;6.8;3;6.8
1995-03-10;14.5;3;14.5
1995-03-11;13.3;3;13.3
1995-03-12;13.0;3;13.0
1995-03-13;12.0;3;12.0
1995-03-14;10.8;3;10.8
1995-03-15;7.3;3;7.3
1995-03-16;5.2;3;5.2
1995-03-17;6.1;3;6.1
1995-03-18;6.4;3;6.4
1995-03-19;7.6;3;7.6
1995-03-20;9.3;3;9.3
1995-03-21;14.2;3;14.2
1995-03-22;22.5;3;22.5
1995-03-23;16.0;3;16.0
1995-03-24;16.7;3;16.7
1995-03-25;16.7;3;16.7
1995-03-26;22.0;3;22.0
1995-03-27;21.3;3;21.3
1995-03-28;18.6;3;18.6
1995-03-29;21.0;3;21.0
1995-03-30;36.0;3;36.0
1995-03-31;22.5;3;22.5
1995-04-01;23.5;4;23.5
1995-04-02;29.4;4;29.4
1995-04-03;35.3;4;35.3
1995-04-04;22.0;4;22.0
1995-04-05;16.8;4;16.8
1995-04-06;14.3;4;14.3
1995-04-07;21.3;4;21.3
1995-04-08;52.2;4;52.2
1995-04-09;32.4;4;32.4
1995-04-10;20.0;4;20.0
1995-04-11;16.8;4;16.8
1995-04-12;14.0;4;14.0
1995-04-13;12.7;4;12.7
1995-04-14;13.6;4;13.6
1995-04-15;14.9;4;14.9
1995-04-16;17.7;4;17.7
1995-04-17;20.2;4;20.2
1995-04-18;21.8;4;21.8
1995-04-19;31.7;4;31.7
1995-04-20;55.1;4;55.1
1995-04-21;51.5;4;51.5
1995-04-22;60.6;4;60.6
1995-04-23;53.0;4;53.0
1995-04-24;38.6;4;38.6
1995-04-25;35.0;4;35.0
1995-04-26;35.5;4;35.5
1995-04-27;52.7;4;52.7
1995-04-28;65.1;4;65.1
1995-04-29;123.6;4;123.6
1995-04-30;64.6;4;64.6
1995-05-01;64.5;5;64.5
1995-05-02;51.2;5;51.2
1995-05-03;42.1;5;42.1
1995-05-04;54.5;5;54.5
1995-05-05;71.5;5;71.5
1995-05-06;58.8;5;58.8
1995-05-07;48.3;5;48.3
1995-05-08;41.1;5;41.1
1995-05-09;41.5;5;41.5
1995-05-10;37.4;5;37.4
1995-05-11;27.0;5;27.0
1995-05-12;37.5;5;37.5
1995-05-13;41.5;5;41.5
1995-05-14;35.6;5;35.6
1995-05-15;40.4;5;40.4
1995-05-16;34.3;5;34.3
1995-05-17;28.0;5;28.0
1995-05-18;25.3;5;25.3
1995-05-19;25.9;5;25.9
1995-05-20;25.5;5;25.5
1995-05-21;24.1;5;24.1
1995-05-22;22.1;5;22.1
1995-05-23;54.8;5;54.8
1995-05-24;33.1;5;33.1
1995-05-25;34.5;5;34.5
1995-05-26;31.1;5;31.1
1995-05-27;54.9;5;54.9
1995-05-28;54.2;5;54.2
1995-05-29;52.9;5;52.9
1995-05-30;40.5;5;40.5
1995-05-31;45.4;5;45.4
1995-06-01;38.8;6;38.8
1995-06-02;32.2;6;32.2
1995-06-03;69.5;6;69.5
1995-06-04;72.9;6;72.9
1995-06-05;80.9;6;80.9
1995-06-06;75.8;6;75.8
1995-06-07;86.3;6;86.3
1995-06-08;108.0;6;108.0
1995-06-09;80.3;6;80.3
1995-06-10;59.7;6;59.7
1995-06-11;44.4;6;44.4
1995-06-12;54.0;6;54.0
1995-06-13;58.2;6;58.2
1995-06-14;51.8;6;51.8
1995-06-15;42.8;6;42.8
1995-06-16;74.2;6;74.2
1995-06-17;66.6;6;66.6
1995-06-18;86.1;6;86.1
1995-06-19;48.4;6;48.4
1995-06-20;38.5;6;38.5
1995-06-21;31.5;6;31.5
1995-06-22;26.1;6;26.1
1995-06-23;29.4;6;29.4
1995-06-24;26.8;6;26.8
1995-06-25;38.7;6;38.7
1995-06-26;23.1;6;23.1
1995-06-27;21.4;6;21.4
1995-06-28;21.9;6;21.9
1995-06-29;21.8;6;21.8
1995-06-30;20.1;6;20.1
1995-07-01;17.8;7;17.8
1995-07-02;17.1;7;17.1
1995-07-03;19.7;7;19.7
1995-07-04;16.7;7;16.7
1995-07-05;14.3;7;14.3
1995-07-06;13.2;7;13.2
1995-07-07;13.0;7;13.0
1995-07-08;19.2;7;19.2
1995-07-09;33.7;7;33.7
1995-07-10;20.3;7;20.3
1995-07-11;16.7;7;16.7
1995-07-12;15.0;7;15.0
1995-07-13;32.8;7;32.8
1995-07-14;48.0;7;48.0
1995-07-15;25.4;7;25.4
1995-07-16;20.2;7;20.2
1995-07-17;25.0;7;25.0
1995-07-18;41.5;7;41.5
1995-07-19;58.6;7;58.6
1995-07-20;33.0;7;33.0
1995-07-21;29.9;7;29.9
1995-07-22;39.2;7;39.2
1995-07-23;42.9;7;42.9
1995-07-24;77.0;7;77.0
1995-07-25;52.4;7;52.4
1995-07-26;42.7;7;42.7
1995-07-27;40.9;7;40.9
1995-07-28;39.2;7;39.2
1995-07-29;51.8;7;51.8
1995-07-30;43.9;7;43.9
1995-07-31;37.7;7;37.7
1995-08-01;41.2;8;41.2
1995-08-02;52.0;8;52.0
1995-08-03;43.8;8;43.8
1995-08-04;39.9;8;39.9
1995-08-05;51.4;8;51.4
1995-08-06;38.9;8;38.9
1995-08-07;29.5;8;29.5
1995-08-08;24.2;8;24.2
1995-08-09;28.4;8;28.4
1995-08-10;45.6;8;45.6
1995-08-11;47.4;8;47.4
1995-08-12;60.1;8;60.1
1995-08-13;40.5;8;40.5
1995-08-14;43.4;8;43.4
1995-08-15;61.2;8;61.2
1995-08-16;99.2;8;99.2
1995-08-17;79.2;8;79.2
1995-08-18;71.6;8;71.6
1995-08-19;57.3;8;57.3
1995-08-20;47.5;8;47.5
1995-08-21;69.2;8;69.2
1995-08-22;65.8;8;65.8
1995-08-23;55.7;8;55.7
1995-08-24;44.7;8;44.7
1995-08-25;48.8;8;48.8
1995-08-26;64.7;8;64.7
1995-08-27;47.4;8;47.4
1995-08-28;38.1;8;38.1
1995-08-29;31.8;8;31.8
1995-08-30;25.9;8;25.9
1995-08-31;22.7;8;22.7
1995-09-01;20.5;9;20.5
1995-09-02;18.1;9;18.1
1995-09-03;16.5;9;16.5
1995-09-04;15.1;9;15.1
1995-09-05;14.2;9;14.2
1995-09-06;13.5;9;13.5
1995-09-07;12.7;9;12.7
1995-09-08;14.7;9;14.7
1995-09-09;18.5;9;18.5
1995-09-10;17.4;9;17.4
1995-09-11;15.1;9;15.1
1995-09-12;23.1;9;23.1
1995-09-13;44.0;9;44.0
1995-09-14;48.3;9;48.3
1995-09-15;35.3;9;35.3
1995-09-16;31.1;9;31.1
1995-09-17;21.7;9;21.7
1995-09-18;18.1;9;18.1
1995-09-19;16.8;9;16.8
1995-09-20;17.0;9;17.0
1995-09-21;32.9;9;32.9
1995-09-22;45.6;9;45.6
1995-09-23;41.4;9;41.4
1995-09-24;30.2;9;30.2
1995-09-25;36.4;9;36.4
1995-09-26;36.1;9;36.1
1995-09-27;24.1;9;24.1
1995-09-28;19.5;9;19.5
1995-09-29;22.9;9;22.9
1995-09-30;35.0;9;35.0
1995-10-01;44.6;10;44.6
1995-10-02;31.5;10;31.5
1995-10-03;27.5;10;27.5
1995-10-04;25.9;10;25.9
1995-10-05;35.8;10;35.8
1995-10-06;35.1;10;35.1
1995-10-07;20.5;10;20.5
1995-10-08;18.1;10;18.1
1995-10-09;16.3;10;16.3
1995-10-10;14.6;10;14.6
1995-10-11;19.5;10;19.5
1995-10-12;17.2;10;17.2
1995-10-13;24.7;10;24.7
1995-10-14;99.8;10;99.8
1995-10-15;52.4;10;52.4
1995-10-16;35.4;10;35.4
1995-10-17;27.3;10;27.3
1995-10-18;29.1;10;29.1
1995-10-19;57.0;10;57.0
1995-10-20;41.8;10;41.8
1995-10-21;41.4;10;41.4
1995-10-22;53.5;10;53.5
1995-10-23;45.1;10;45.1
1995-10-24;44.5;10;44.5
1995-10-25;51.5;10;51.5
1995-10-26;57.5;10;57.5
1995-10-27;85.0;10;85.0
1995-10-28;56.0;10;56.0
1995-10-29;58.0;10;58.0
1995-10-30;99.9;10;99.9
1995-10-31;107.4;10;107.4
1995-11-01;136.6;11;136.6
1995-11-02;90.2;11;90.2
1995-11-03;128.1;11;128.1
1995-11-04;101.6;11;101.6
1995-11-05;112.8;11;112.8
1995-11-06;76.0;11;76.0
1995-11-07;121.9;11;121.9
1995-11-08;98.1;11;98.1
1995-11-09;86.2;11;86.2
1995-11-10;79.7;11;79.7
1995-11-11;80.3;11;80.3
1995-11-12;80.2;11;80.2
1995-11-13;64.0;11;64.0
1995-11-14;60.5;11;60.5
1995-11-15;67.2;11;67.2
1995-11-16;56.5;11;56.5
1995-11-17;68.4;11;68.4
1995-11-18;73.0;11;73.0
1995-11-19;59.2;11;59.2
1995-11-20;51.5;11;51.5
1995-11-21;64.2;11;64.2
1995-11-22;83.7;11;83.7
1995-11-23;68.9;11;68.9
1995-11-24;50.9;11;50.9
1995-11-25;43.6;11;43.6
1995-11-26;39.4;11;39.4
1995-11-27;36.0;11;36.0
1995-11-28;33.0;11;33.0
1995-11-29;31.0;11;31.0
1995-11-30;20.9;11;20.9
1995-12-01;17.0;12;17.0
1995-12-02;16.7;12;16.7
1995-12-03;33.0;12;33.0
1995-12-04;68.3;12;68.3
1995-12-05;34.4;12;34.4
1995-12-06;26.8;12;26.8
1995-12-07;24.7;12;24.7
1995-12-08;20.6;12;20.6
1995-12-09;19.8;12;19.8
1995-12-10;19.6;12;19.6
1995-12-11;64.4;12;64.4
1995-12-12;69.7;12;69.7
1995-12-13;83.8;12;83.8
1995-12-14;64.2;12;64.2
1995-12-15;70.2;12;70.2
1995-12-16;60.1;12;60.1
1995-12-17;48.6;12;48.6
1995-12-18;49.2;12;49.2
1995-12-19;27.1;12;27.1
1995-12-20;39.1;12;39.1
1995-12-21;33.0;12;33.0
1995-12-22;33.0;12;33.0
1995-12-23;49.5;12;49.5
1995-12-24;53.4;12;53.4
1995-12-25;47.0;12;47.0
1995-12-26;44.1;12;44.1
1995-12-27;41.2;12;41.2
1995-12-28;36.1;12;36.1
1995-12-29;33.7;12;33.7
1995-12-30;32.3;12;32.3
1995-12-31;19.2;12;19.2
1996-01-01;15.5;1;15.5
1996-01-02;14.5;1;14.5
1996-01-03;14.7;1;14.7
1996-01-04;13.5;1;13.5
1996-01-05;13.2;1;13.2
1996-01-06;12.0;1;12.0
1996-01-07;11.0;1;11.0
1996-01-08;10.5;1;10.5
1996-01-09;9.0;1;9.0
1996-01-10;9.0;1;9.0
1996-01-11;8.5;1;8.5
1996-01-12;7.8;1;7.8
1996-01-13;8.9;1;8.9
1996-01-14;9.0;1;9.0
1996-01-15;13.4;1;13.4
1996-01-16;12.5;1;12.5
1996-01-17;9.8;1;9.8
1996-01-18;8.7;1;8.7
1996-01-19;8.2;1;8.2
1996-01-20;7.8;1;7.8
1996-01-21;7.4;1;7.4
1996-01-22;9.8;1;9.8
1996-01-23;12.4;1;12.4
1996-01-24;11.2;1;11.2
1996-01-25;8.3;1;8.3
1996-01-26;7.6;1;7.6
1996-01-27;7.0;1;7.0
1996-01-28;8.2;1;8.2
1996-01-29;6.8;1;6.8
1996-01-30;6.1;1;6.1
1996-01-31;6.2;1;6.2
1996-02-01;10.5;2;10.5
1996-02-02;8.4;2;8.4
1996-02-03;8.2;2;8.2
1996-02-04;12.4;2;12.4
1996-02-05;8.5;2;8.5
1996-02-06;7.1;2;7.1
1996-02-07;-999.000;2;4.8
1996-02-08;-999.000;2;3.9
1996-02-09;16.7;2;16.7
1996-02-10;21.0;2;21.0
1996-02-11;14.6;2;14.6
1996-02-12;12.0;2;12.0
1996-02-13;10.7;2;10.7
1996-02-14;14.2;2;14.2
1996-02-15;13.5;2;13.5
1996-02-16;13.8;2;13.8
1996-02-17;32.2;2;32.2
1996-02-18;24.4;2;24.4
1996-02-19;15.4;2;15.4
1996-02-20;17.6;2;17.6
1996-02-21;12.6;2;12.6
1996-02-22;12.0;2;12.0
1996-02-23;17.8;2;17.8
1996-02-24;12.5;2;12.5
1996-02-25;11.9;2;11.9
1996-02-26;18.5;2;18.5
1996-02-27;17.9;2;17.9
1996-02-28;53.1;2;53.1
1996-02-29;50.2;2;50.2
1996-03-01;65.4;3;65.4
1996-03-02;70.6;3;70.6
1996-03-03;60.1;3;60.1
1996-03-04;46.6;3;46.6
1996-03-05;76.9;3;76.9
1996-03-06;69.5;3;69.5
1996-03-07;86.9;3;86.9
1996-03-08;85.4;3;85.4
1996-03-09;74.1;3;74.1
1996-03-10;75.8;3;75.8
1996-03-11;99.9;3;99.9
1996-03-12;82.2;3;82.2
1996-03-13;72.9;3;72.9
1996-03-14;64.3;3;64.3
1996-03-15;67.4;3;67.4
1996-03-16;52.3;3;52.3
1996-03-17;56.9;3;56.9
1996-03-18;49.3;3;49.3
1996-03-19;43.0;3;43.0
1996-03-20;39.5;3;39.5
1996-03-21;33.2;3;33.2
1996-03-22;19.8;3;19.8
1996-03-23;48.8;3;48.8
1996-03-24;37.7;3;37.7
1996-03-25;43.3;3;43.3
1996-03-26;43.1;3;43.1
1996-03-27;33.0;3;33.0
1996-03-28;24.6;3;24.6
1996-03-29;27.0;3;27.0
1996-03-30;27.2;3;27.2
1996-03-31;27.6;3;27.6
1996-04-01;30.3;4;30.3
1996-04-02;30.0;4;30.0
1996-04-03;38.6;4;38.6
1996-04-04;40.1;4;40.1
1996-04-05;57.5;4;57.5
1996-04-06;31.5;4;31.5
1996-04-07;29.4;4;29.4
1996-04-08;39.1;4;39.1
1996-04-09;42.3;4;42.3
1996-04-10;45.3;4;45.3
1996-04-11;32.5;4;32.5
1996-04-12;44.1;4;44.1
1996-04-13;45.3;4;45.3
1996-04-14;38.8;4;38.8
1996-04-15;34.0;4;34.0
1996-04-16;30.3;4;30.3
1996-04-17;26.0;4;26.0
1996-04-18;24.2;4;24.2
1996-04-19;25.1;4;25.1
1996-04-20;19.1;4;19.1
1996-04-21;23.6;4;23.6
1996-04-22;34.8;4;34.8
1996-04-23;50.7;4;50.7
1996-04-24;58.0;4;58.0
1996-04-25;38.9;4;38.9
1996-04-26;74.5;4;74.5
1996-04-27;56.6;4;56.6
1996-04-28;72.1;4;72.1
1996-04-29;64.0;4;64.0
1996-04-30;74.7;4;74.7
1996-05-01;63.4;5;63.4
1996-05-02;40.7;5;40.7
1996-05-03;48.3;5;48.3
1996-05-04;56.2;5;56.2
1996-05-05;98.6;5;98.6
1996-05-06;93.1;5;93.1
1996-05-07;113.1;5;113.1
1996-05-08;94.2;5;94.2
1996-05-09;59.2;5;59.2
1996-05-10;47.5;5;47.5
1996-05-11;40.1;5;40.1
1996-05-12;35.8;5;35.8
1996-05-13;35.7;5;35.7
1996-05-14;32.8;5;32.8
1996-05-15;101.5;5;101.5
1996-05-16;64.3;5;64.3
1996-05-17;79.8;5;79.8
1996-05-18;91.3;5;91.3
1996-05-19;79.8;5;79.8
1996-05-20;90.3;5;90.3
1996-05-21;73.7;5;73.7
1996-05-22;79.9;5;79.9
1996-05-23;133.6;5;133.6
1996-05-24;99.3;5;99.3
1996-05-25;109.2;5;109.2
1996-05-26;104.3;5;104.3
1996-05-27;100.9;5;100.9
1996-05-28;108.3;5;108.3
1996-05-29;111.0;5;111.0
1996-05-30;92.6;5;92.6
1996-05-31;89.9;5;89.9
1996-06-01;101.5;6;101.5
1996-06-02;101.6;6;101.6
1996-06-03;84.6;6;84.6
1996-06-04;90.7;6;90.7
1996-06-05;92.4;6;92.4
1996-06-06;73.2;6;73.2
1996-06-07;56.6;6;56.6
1996-06-08;42.6;6;42.6
1996-06-09;33.0;6;33.0
1996-06-10;27.5;6;27.5
1996-06-11;23.8;6;23.8
1996-06-12;21.9;6;21.9
1996-06-13;26.3;6;26.3
1996-06-14;38.4;6;38.4
1996-06-15;32.7;6;32.7
1996-06-16;29.0;6;29.0
1996-06-17;32.3;6;32.3
1996-06-18;84.3;6;84.3
1996-06-19;46.8;6;46.8
1996-06-20;53.9;6;53.9
1996-06-21;43.4;6;43.4
1996-06-22;38.0;6;38.0
1996-06-23;41.7;6;41.7
1996-06-24;36.0;6;36.0
1996-06-25;31.6;6;31.6
1996-06-26;79.2;6;79.2
1996-06-27;69.5;6;69.5
1996-06-28;59.5;6;59.5
1996-06-29;67.5;6;67.5
1996-06-30;66.0;6;66.0
1996-07-01;42.1;7;42.1
1996-07-02;43.0;7;43.0
1996-07-03;65.6;7;65.6
1996-07-04;61.1;7;61.1
1996-07-05;49.6;7;49.6
1996-07-06;48.1;7;48.1
1996-07-07;62.8;7;62.8
1996-07-08;97.2;7;97.2
1996-07-09;69.3;7;69.3
1996-07-10;81.6;7;81.6
1996-07-11;70.9;7;70.9
1996-07-12;60.7;7;60.7
1996-07-13;46.1;7;46.1
1996-07-14;42.7;7;42.7
1996-07-15;38.5;7;38.5
1996-07-16;34.5;7;34.5
1996-07-17;31.5;7;31.5
1996-07-18;21.9;7;21.9
1996-07-19;18.0;7;18.0
1996-07-20;23.6;7;23.6
1996-07-21;16.5;7;16.5
1996-07-22;15.3;7;15.3
1996-07-23;15.2;7;15.2
1996-07-24;26.1;7;26.1
1996-07-25;39.1;7;39.1
1996-07-26;33.3;7;33.3
1996-07-27;24.2;7;24.2
1996-07-28;18.9;7;18.9
1996-07-29;17.2;7;17.2
1996-07-30;20.3;7;20.3
1996-07-31;14.2;7;14.2
1996-08-01;13.5;8;13.5
1996-08-02;25.0;8;25.0
1996-08-03;42.1;8;42.1
1996-08-04;34.5;8;34.5
1996-08-05;28.3;8;28.3
1996-08-06;25.3;8;25.3
1996-08-07;17.0;8;17.0
1996-08-08;19.2;8;19.2
1996-08-09;23.3;8;23.3
1996-08-10;19.6;8;19.6
1996-08-11;14.7;8;14.7
1996-08-12;12.8;8;12.8
1996-08-13;11.5;8;11.5
1996-08-14;10.7;8;10.7
1996-08-15;10.5;8;10.5
1996-08-16;9.8;8;9.8
1996-08-17;9.0;8;9.0
1996-08-18;9.8;8;9.8
1996-08-19;30.6;8;30.6
1996-08-20;13.2;8;13.2
1996-08-21;10.4;8;10.4
1996-08-22;10.9;8;10.9
1996-08-23;14.1;8;14.1
1996-08-24;18.0;8;18.0
1996-08-25;29.5;8;29.5
1996-08-26;33.3;8;33.3
1996-08-27;37.5;8;37.5
1996-08-28;21.5;8;21.5
1996-08-29;17.4;8;17.4
1996-08-30;26.2;8;26.2
1996-08-31;42.7;8;42.7
1996-09-01;23.3;9;23.3
1996-09-02;22.1;9;22.1
1996-09-03;33.3;9;33.3
1996-09-04;22.4;9;22.4
1996-09-05;41.1;9;41.1
1996-09-06;29.9;9;29.9
1996-09-07;21.3;9;21.3
1996-09-08;18.2;9;18.2
1996-09-09;16.2;9;16.2
1996-09-10;26.1;9;26.1
1996-09-11;26.2;9;26.2
1996-09-12;15.5;9;15.5
1996-09-13;13.0;9;13.0
1996-09-14;11.5;9;11.5
1996-09-15;10.2;9;10.2
1996-09-16;10.0;9;10.0
1996-09-17;10.0;9;10.0
1996-09-18;10.0;9;10.0
1996-09-19;20.1;9;20.1
1996-09-20;25.5;9;25.5
1996-09-21;15.5;9;15.5
1996-09-22;13.3;9;13.3
1996-09-23;12.2;9;12.2
1996-09-24;27.5;9;27.5
1996-09-25;35.8;9;35.8
1996-09-26;18.5;9;18.5
1996-09-27;20.9;9;20.9
1996-09-28;24.2;9;24.2
1996-09-29;17.8;9;17.8
1996-09-30;24.0;9;24.0
1996-10-01;36.2;10;36.2
1996-10-02;28.9;10;28.9
1996-10-03;30.7;10;30.7
1996-10-04;23.9;10;23.9
1996-10-05;24.9;10;24.9
1996-10-06;32.5;10;32.5
1996-10-07;35.1;10;35.1
1996-10-08;74.6;10;74.6
1996-10-09;47.9;10;47.9
1996-10-10;40.9;10;40.9
1996-10-11;43.1;10;43.1
1996-10-12;80.0;10;80.0
1996-10-13;58.1;10;58.1
1996-10-14;46.0;10;46.0
1996-10-15;59.2;10;59.2
1996-10-16;43.1;10;43.1
1996-10-17;36.5;10;36.5
1996-10-18;56.8;10;56.8
1996-10-19;40.4;10;40.4
1996-10-20;38.0;10;38.0
1996-10-21;47.9;10;47.9
1996-10-22;83.1;10;83.1
1996-10-23;55.2;10;55.2
1996-10-24;55.5;10;55.5
1996-10-25;57.6;10;57.6
1996-10-26;57.5;10;57.5
1996-10-27;70.7;10;70.7
1996-10-28;60.9;10;60.9
1996-10-29;46.2;10;46.2
1996-10-30;43.1;10;43.1
1996-10-31;57.3;10;57.3
1996-11-01;69.6;11;69.6
1996-11-02;54.3;11;54.3
1996-11-03;42.0;11;42.0
1996-11-04;35.5;11;35.5
1996-11-05;30.0;11;30.0
1996-11-06;24.4;11;24.4
1996-11-07;19.3;11;19.3
1996-11-08;38.6;11;38.6
1996-11-09;23.5;11;23.5
1996-11-10;21.0;11;21.0
1996-11-11;17.8;11;17.8
1996-11-12;16.1;11;16.1
1996-11-13;15.5;11;15.5
1996-11-14;31.3;11;31.3
1996-11-15;41.0;11;41.0
1996-11-16;24.8;11;24.8
1996-11-17;21.0;11;21.0
1996-11-18;21.2;11;21.2
1996-11-19;17.8;11;17.8
1996-11-20;16.0;11;16.0
1996-11-21;15.2;11;15.2
1996-11-22;14.5;11;14.5
1996-11-23;15.3;11;15.3
1996-11-24;15.8;11;15.8
1996-11-25;14.5;11;14.5
1996-11-26;12.5;11;12.5
1996-11-27;18.6;11;18.6
1996-11-28;17.9;11;17.9
1996-11-29;13.9;11;13.9
1996-11-30;29.3;11;29.3
1996-12-01;35.7;12;35.7
1996-12-02;36.9;12;36.9
1996-12-03;27.8;12;27.8
1996-12-04;28.4;12;28.4
1996-12-05;29.8;12;29.8
1996-12-06;34.8;12;34.8
1996-12-07;39.5;12;39.5
1996-12-08;48.1;12;48.1
1996-12-09;52.3;12;52.3
1996-12-10;50.2;12;50.2
1996-12-11;57.2;12;57.2
1996-12-12;59.8;12;59.8
1996-12-13;44.0;12;44.0
1996-12-14;45.6;12;45.6
1996-12-15;33.8;12;33.8
1996-12-16;24.5;12;24.5
1996-12-17;23.4;12;23.4
1996-12-18;22.5;12;22.5
1996-12-19;21.9;12;21.9
1996-12-20;21.6;12;21.6
1996-12-21;19.6;12;19.6
1996-12-22;16.8;12;16.8
1996-12-23;11.3;12;11.3
1996-12-24;10.0;12;10.0
1996-12-25;8.7;12;8.7
1996-12-26;8.2;12;8.2
1996-12-27;7.8;12;7.8
1996-12-28;7.4;12;7.4
1996-12-29;7.4;12;7.4
1996-12-30;7.1;12;7.1
1996-12-31;7.1;12;7.1
1997-01-01;10.0;1;10.0
1997-01-02;8.0;1;8.0
1997-01-03;8.0;1;8.0
1997-01-04;6.9;1;6.9
1997-01-05;6.5;1;6.5
1997-01-06;6.1;1;6.1
1997-01-07;5.0;1;5.0
1997-01-08;6.5;1;6.5
1997-01-09;6.1;1;6.1
1997-01-10;6.8;1;6.8
1997-01-11;33.5;1;33.5
1997-01-12;28.5;1;28.5
1997-01-13;21.9;1;21.9
1997-01-14;-999.000;1;9.6
1997-01-15;20.7;1;20.7
1997-01-16;20.4;1;20.4
1997-01-17;19.2;1;19.2
1997-01-18;11.3;1;11.3
1997-01-19;14.3;1;14.3
1997-01-20;-999.000;1;6.7
1997-01-21;20.4;1;20.4
1997-01-22;17.5;1;17.5
1997-01-23;-999.000;1;10.25
1997-01-24;12.5;1;12.5
1997-01-25;12.0;1;12.0
1997-01-26;10.9;1;10.9
1997-01-27;7.9;1;7.9
1997-01-28;7.1;1;7.1
1997-01-29;6.8;1;6.8
1997-01-30;6.8;1;6.8
1997-01-31;6.8;1;6.8
1997-02-01;6.8;2;6.8
1997-02-02;6.9;2;6.9
1997-02-03;6.5;2;6.5
1997-02-04;6.5;2;6.5
1997-02-05;9.4;2;9.4
1997-02-06;9.0;2;9.0
1997-02-07;20.5;2;20.5
1997-02-08;37.0;2;37.0
1997-02-09;29.9;2;29.9
1997-02-10;40.6;2;40.6
1997-02-11;37.3;2;37.3
1997-02-12;65.7;2;65.7
1997-02-13;66.9;2;66.9
1997-02-14;48.7;2;48.7
1997-02-15;32.3;2;32.3
1997-02-16;41.9;2;41.9
1997-02-17;68.4;2;68.4
1997-02-18;76.9;2;76.9
1997-02-19;50.9;2;50.9
1997-02-20;30.0;2;30.0
1997-02-21;21.9;2;21.9
1997-02-22;19.5;2;19.5
1997-02-23;20.4;2;20.4
1997-02-24;15.5;2;15.5
1997-02-25;13.5;2;13.5
1997-02-26;12.5;2;12.5
1997-02-27;11.5;2;11.5
1997-02-28;11.1;2;11.1
1997-03-01;10.5;3;10.5
1997-03-02;9.2;3;9.2
1997-03-03;8.5;3;8.5
1997-03-04;7.8;3;7.8
1997-03-05;7.5;3;7.5
1997-03-06;7.4;3;7.4
1997-03-07;6.9;3;6.9
1997-03-08;6.5;3;6.5
1997-03-09;6.3;3;6.3
1997-03-10;5.9;3;5.9
1997-03-11;6.3;3;6.3
1997-03-12;6.0;3;6.0
1997-03-13;11.3;3;11.3
1997-03-14;7.7;3;7.7
1997-03-15;6.8;3;6.8
1997-03-16;5.9;3;5.9
1997-03-17;6.9;3;6.9
1997-03-18;27.4;3;27.4
1997-03-19;25.5;3;25.5
1997-03-20;17.4;3;17.4
1997-03-21;14.3;3;14.3
1997-03-22;12.0;3;12.0
1997-03-23;9.5;3;9.5
1997-03-24;8.5;3;8.5
1997-03-25;7.7;3;7.7
1997-03-26;7.4;3;7.4
1997-03-27;7.2;3;7.2
1997-03-28;6.9;3;6.9
1997-03-29;6.5;3;6.5
1997-03-30;6.2;3;6.2
1997-03-31;6.5;3;6.5
1997-04-01;6.4;4;6.4
1997-04-02;12.5;4;12.5
1997-04-03;10.0;4;10.0
1997-04-04;7.4;4;7.4
1997-04-05;15.5;4;15.5
1997-04-06;14.7;4;14.7
1997-04-07;15.7;4;15.7
1997-04-08;16.0;4;16.0
1997-04-09;25.0;4;25.0
1997-04-10;14.6;4;14.6
1997-04-11;20.1;4;20.1
1997-04-12;17.8;4;17.8
1997-04-13;16.6;4;16.6
1997-04-14;12.7;4;12.7
1997-04-15;19.6;4;19.6
1997-04-16;19.0;4;19.0
1997-04-17;18.4;4;18.4
1997-04-18;18.3;4;18.3
1997-04-19;58.4;4;58.4
1997-04-20;61.4;4;61.4
1997-04-21;84.7;4;84.7
1997-04-22;53.0;4;53.0
1997-04-23;48.9;4;48.9
1997-04-24;45.7;4;45.7
1997-04-25;44.0;4;44.0
1997-04-26;43.6;4;43.6
1997-04-27;35.0;4;35.0
1997-04-28;29.0;4;29.0
1997-04-29;27.1;4;27.1
1997-04-30;33.7;4;33.7
1997-05-01;20.7;5;20.7
1997-05-02;18.3;5;18.3
1997-05-03;16.5;5;16.5
1997-05-04;15.5;5;15.5
1997-05-05;21.8;5;21.8
1997-05-06;35.0;5;35.0
1997-05-07;21.6;5;21.6
1997-05-08;19.2;5;19.2
1997-05-09;16.4;5;16.4
1997-05-10;20.5;5;20.5
1997-05-11;47.7;5;47.7
1997-05-12;34.9;5;34.9
1997-05-13;86.8;5;86.8
1997-05-14;61.6;5;61.6
1997-05-15;53.6;5;53.6
1997-05-16;34.0;5;34.0
1997-05-17;32.1;5;32.1
1997-05-18;51.3;5;51.3
1997-05-19;26.1;5;26.1
1997-05-20;22.2;5;22.2
1997-05-21;24.2;5;24.2
1997-05-22;50.9;5;50.9
1997-05-23;75.7;5;75.7
1997-05-24;48.8;5;48.8
1997-05-25;32.0;5;32.0
1997-05-26;26.3;5;26.3
1997-05-27;52.4;5;52.4
1997-05-28;33.0;5;33.0
1997-05-29;25.5;5;25.5
1997-05-30;22.7;5;22.7
1997-05-31;46.8;5;46.8
1997-06-01;43.3;6;43.3
1997-06-02;34.2;6;34.2
1997-06-03;55.8;6;55.8
1997-06-04;71.2;6;71.2
1997-06-05;59.6;6;59.6
1997-06-06;73.7;6;73.7
1997-06-07;58.2;6;58.2
1997-06-08;45.1;6;45.1
1997-06-09;52.1;6;52.1
1997-06-10;45.2;6;45.2
1997-06-11;58.8;6;58.8
1997-06-12;89.3;6;89.3
1997-06-13;45.7;6;45.7
1997-06-14;35.5;6;35.5
1997-06-15;40.4;6;40.4
1997-06-16;38.7;6;38.7
1997-06-17;29.2;6;29.2
1997-06-18;29.4;6;29.4
1997-06-19;44.3;6;44.3
1997-06-20;35.5;6;35.5
1997-06-21;26.5;6;26.5
1997-06-22;22.2;6;22.2
1997-06-23;19.5;6;19.5
1997-06-24;17.5;6;17.5
1997-06-25;25.0;6;25.0
1997-06-26;22.3;6;22.3
1997-06-27;19.2;6;19.2
1997-06-28;16.5;6;16.5
1997-06-29;14.8;6;14.8
1997-06-30;15.7;6;15.7
1997-07-01;13.7;7;13.7
1997-07-02;13.6;7;13.6
1997-07-03;12.2;7;12.2
1997-07-04;11.7;7;11.7
1997-07-05;11.0;7;11.0
1997-07-06;10.5;7;10.5
1997-07-07;10.0;7;10.0
1997-07-08;9.5;7;9.5
1997-07-09;11.9;7;11.9
1997-07-10;10.0;7;10.0
1997-07-11;9.0;7;9.0
1997-07-12;8.2;7;8.2
1997-07-13;7.7;7;7.7
1997-07-14;7.4;7;7.4
1997-07-15;7.4;7;7.4
1997-07-16;7.1;7;7.1
1997-07-17;7.1;7;7.1
1997-07-18;6.8;7;6.8
1997-07-19;6.5;7;6.5
1997-07-20;6.2;7;6.2
1997-07-21;5.9;7;5.9
1997-07-22;5.7;7;5.7
1997-07-23;5.6;7;5.6
1997-07-24;5.1;7;5.1
1997-07-25;5.0;7;5.0
1997-07-26;5.0;7;5.0
1997-07-27;4.9;7;4.9
1997-07-28;4.8;7;4.8
1997-07-29;4.8;7;4.8
1997-07-30;4.9;7;4.9
1997-07-31;5.6;7;5.6
1997-08-01;7.5;8;7.5
1997-08-02;5.6;8;5.6
1997-08-03;5.7;8;5.7
1997-08-04;4.9;8;4.9
1997-08-05;4.7;8;4.7
1997-08-06;4.5;8;4.5
1997-08-07;4.3;8;4.3
1997-08-08;4.0;8;4.0
1997-08-09;3.8;8;3.8
1997-08-10;3.8;8;3.8
1997-08-11;3.9;8;3.9
1997-08-12;4.6;8;4.6
1997-08-13;4.4;8;4.4
1997-08-14;4.0;8;4.0
1997-08-15;3.8;8;3.8
1997-08-16;3.8;8;3.8
1997-08-17;7.4;8;7.4
1997-08-18;8.8;8;8.8
1997-08-19;6.0;8;6.0
1997-08-20;4.9;8;4.9
1997-08-21;4.8;8;4.8
1997-08-22;8.7;8;8.7
1997-08-23;6.9;8;6.9
1997-08-24;5.2;8;5.2
1997-08-25;4.3;8;4.3
1997-08-26;4.0;8;4.0
1997-08-27;3.8;8;3.8
1997-08-28;3.7;8;3.7
1997-08-29;3.5;8;3.5
1997-08-30;3.4;8;3.4
1997-08-31;4.0;8;4.0
1997-09-01;6.7;9;6.7
1997-09-02;4.4;9;4.4
1997-09-03;4.5;9;4.5
1997-09-04;4.0;9;4.0
1997-09-05;4.8;9;4.8
1997-09-06;18.4;9;18.4
1997-09-07;8.4;9;8.4
1997-09-08;7.3;9;7.3
1997-09-09;21.9;9;21.9
1997-09-10;12.7;9;12.7
1997-09-11;8.8;9;8.8
1997-09-12;12.1;9;12.1
1997-09-13;7.5;9;7.5
1997-09-14;5.8;9;5.8
1997-09-15;5.1;9;5.1
1997-09-16;4.8;9;4.8
1997-09-17;4.5;9;4.5
1997-09-18;4.2;9;4.2
1997-09-19;4.3;9;4.3
1997-09-20;10.5;9;10.5
1997-09-21;19.0;9;19.0
1997-09-22;14.5;9;14.5
1997-09-23;49.2;9;49.2
1997-09-24;36.7;9;36.7
1997-09-25;21.3;9;21.3
1997-09-26;19.7;9;19.7
1997-09-27;16.7;9;16.7
1997-09-28;21.2;9;21.2
1997-09-29;15.5;9;15.5
1997-09-30;12.7;9;12.7
1997-10-01;13.0;10;13.0
1997-10-02;44.0;10;44.0
1997-10-03;16.0;10;16.0
1997-10-04;14.8;10;14.8
1997-10-05;11.5;10;11.5
1997-10-06;9.5;10;9.5
1997-10-07;8.0;10;8.0
1997-10-08;7.8;10;7.8
1997-10-09;6.2;10;6.2
1997-10-10;5.3;10;5.3
1997-10-11;23.4;10;23.4
1997-10-12;13.0;10;13.0
1997-10-13;33.0;10;33.0
1997-10-14;13.5;10;13.5
1997-10-15;7.8;10;7.8
1997-10-16;12.5;10;12.5
1997-10-17;24.0;10;24.0
1997-10-18;18.6;10;18.6
1997-10-19;17.3;10;17.3
1997-10-20;11.8;10;11.8
1997-10-21;16.5;10;16.5
1997-10-22;42.5;10;42.5
1997-10-23;27.5;10;27.5
1997-10-24;19.5;10;19.5
1997-10-25;14.5;10;14.5
1997-10-26;13.0;10;13.0
1997-10-27;12.5;10;12.5
1997-10-28;10.5;10;10.5
1997-10-29;12.0;10;12.0
1997-10-30;15.3;10;15.3
1997-10-31;13.5;10;13.5
1997-11-01;13.0;11;13.0
1997-11-02;14.3;11;14.3
1997-11-03;17.0;11;17.0
1997-11-04;22.2;11;22.2
1997-11-05;37.5;11;37.5
1997-11-06;25.0;11;25.0
1997-11-07;54.5;11;54.5
1997-11-08;56.6;11;56.6
1997-11-09;54.5;11;54.5
1997-11-10;100.5;11;100.5
1997-11-11;88.2;11;88.2
1997-11-12;54.5;11;54.5
1997-11-13;40.5;11;40.5
1997-11-14;33.0;11;33.0
1997-11-15;23.5;11;23.5
1997-11-16;19.5;11;19.5
1997-11-17;24.1;11;24.1
1997-11-18;33.5;11;33.5
1997-11-19;29.0;11;29.0
1997-11-20;51.5;11;51.5
1997-11-21;35.5;11;35.5
1997-11-22;27.5;11;27.5
1997-11-23;24.0;11;24.0
1997-11-24;23.1;11;23.1
1997-11-25;22.2;11;22.2
1997-11-26;29.0;11;29.0
1997-11-27;21.0;11;21.0
1997-11-28;18.6;11;18.6
1997-11-29;15.5;11;15.5
1997-11-30;11.8;11;11.8
1997-12-01;10.8;12;10.8
1997-12-02;10.3;12;10.3
1997-12-03;10.0;12;10.0
1997-12-04;10.3;12;10.3
1997-12-05;-999.000;12;20.8
1997-12-06;10.0;12;10.0
1997-12-07;10.3;12;10.3
1997-12-08;10.3;12;10.3
1997-12-09;10.5;12;10.5
1997-12-10;9.3;12;9.3
1997-12-11;8.0;12;8.0
1997-12-12;7.3;12;7.3
1997-12-13;6.8;12;6.8
1997-12-14;6.5;12;6.5
1997-12-15;5.8;12;5.8
1997-12-16;5.3;12;5.3
1997-12-17;5.2;12;5.2
1997-12-18;5.0;12;5.0
1997-12-19;5.0;12;5.0
1997-12-20;4.9;12;4.9
1997-12-21;5.0;12;5.0
1997-12-22;5.1;12;5.1
1997-12-23;4.9;12;4.9
1997-12-24;4.7;12;4.7
1997-12-25;4.6;12;4.6
1997-12-26;4.5;12;4.5
1997-12-27;4.3;12;4.3
1997-12-28;4.2;12;4.2
1997-12-29;4.2;12;4.2
1997-12-30;4.2;12;4.2
1997-12-31;4.2;12;4.2
1998-01-01;4.2;1;4.2
1998-01-02;4.2;1;4.2
1998-01-03;4.0;1;4.0
1998-01-04;3.8;1;3.8
1998-01-05;3.7;1;3.7
1998-01-06;3.9;1;3.9
1998-01-07;3.9;1;3.9
1998-01-08;4.0;1;4.0
1998-01-09;3.9;1;3.9
1998-01-10;3.8;1;3.8
1998-01-11;3.8;1;3.8
1998-01-12;3.8;1;3.8
1998-01-13;4.6;1;4.6
1998-01-14;4.3;1;4.3
1998-01-15;4.0;1;4.0
1998-01-16;3.7;1;3.7
1998-01-17;3.5;1;3.5
1998-01-18;3.4;1;3.4
1998-01-19;3.3;1;3.3
1998-01-20;3.2;1;3.2
1998-01-21;3.2;1;3.2
1998-01-22;3.1;1;3.1
1998-01-23;3.0;1;3.0
1998-01-24;3.0;1;3.0
1998-01-25;2.9;1;2.9
1998-01-26;2.7;1;2.7
1998-01-27;2.6;1;2.6
1998-01-28;3.8;1;3.8
1998-01-29;3.1;1;3.1
1998-01-30;2.9;1;2.9
1998-01-31;2.8;1;2.8
1998-02-01;4.1;2;4.1
1998-02-02;3.3;2;3.3
1998-02-03;4.0;2;4.0
1998-02-04;4.4;2;4.4
1998-02-05;3.8;2;3.8
1998-02-06;5.6;2;5.6
1998-02-07;4.4;2;4.4
1998-02-08;17.5;2;17.5
1998-02-09;18.1;2;18.1
1998-02-10;18.7;2;18.7
1998-02-11;13.0;2;13.0
1998-02-12;7.6;2;7.6
1998-02-13;11.0;2;11.0
1998-02-14;21.5;2;21.5
1998-02-15;16.1;2;16.1
1998-02-16;10.3;2;10.3
1998-02-17;7.2;2;7.2
1998-02-18;5.9;2;5.9
1998-02-19;5.4;2;5.4
1998-02-20;4.8;2;4.8
1998-02-21;4.5;2;4.5
1998-02-22;4.3;2;4.3
1998-02-23;4.2;2;4.2
1998-02-24;4.2;2;4.2
1998-02-25;4.4;2;4.4
1998-02-26;4.2;2;4.2
1998-02-27;4.0;2;4.0
1998-02-28;4.2;2;4.2
1998-03-01;4.1;3;4.1
1998-03-02;3.9;3;3.9
1998-03-03;3.8;3;3.8
1998-03-04;3.8;3;3.8
1998-03-05;3.6;3;3.6
1998-03-06;5.6;3;5.6
1998-03-07;23.9;3;23.9
1998-03-08;37.3;3;37.3
1998-03-09;15.2;3;15.2
1998-03-10;17.1;3;17.1
1998-03-11;14.3;3;14.3
1998-03-12;8.1;3;8.1
1998-03-13;6.7;3;6.7
1998-03-14;6.3;3;6.3
1998-03-15;6.1;3;6.1
1998-03-16;5.3;3;5.3
1998-03-17;5.0;3;5.0
1998-03-18;6.4;3;6.4
1998-03-19;5.3;3;5.3
1998-03-20;5.5;3;5.5
1998-03-21;8.4;3;8.4
1998-03-22;6.0;3;6.0
1998-03-23;14.0;3;14.0
1998-03-24;8.6;3;8.6
1998-03-25;7.2;3;7.2
1998-03-26;7.5;3;7.5
1998-03-27;8.8;3;8.8
1998-03-28;10.9;3;10.9
1998-03-29;13.5;3;13.5
1998-03-30;15.7;3;15.7
1998-03-31;29.3;3;29.3
1998-04-01;36.1;4;36.1
1998-04-02;28.4;4;28.4
1998-04-03;49.5;4;49.5
1998-04-04;46.0;4;46.0
1998-04-05;57.1;4;57.1
1998-04-06;88.8;4;88.8
1998-04-07;125.8;4;125.8
1998-04-08;58.3;4;58.3
1998-04-09;50.8;4;50.8
1998-04-10;44.0;4;44.0
1998-04-11;55.8;4;55.8
1998-04-12;93.9;4;93.9
1998-04-13;72.0;4;72.0
1998-04-14;63.9;4;63.9
1998-04-15;95.2;4;95.2
1998-04-16;95.2;4;95.2
1998-04-17;123.7;4;123.7
1998-04-18;106.5;4;106.5
1998-04-19;95.8;4;95.8
1998-04-20;82.2;4;82.2
1998-04-21;80.6;4;80.6
1998-04-22;92.4;4;92.4
1998-04-23;67.9;4;67.9
1998-04-24;82.1;4;82.1
1998-04-25;98.0;4;98.0
1998-04-26;81.7;4;81.7
1998-04-27;65.7;4;65.7
1998-04-28;62.5;4;62.5
1998-04-29;49.5;4;49.5
1998-04-30;39.4;4;39.4
1998-05-01;59.8;5;59.8
1998-05-02;69.6;5;69.6
1998-05-03;52.8;5;52.8
1998-05-04;98.5;5;98.5
1998-05-05;105.6;5;105.6
1998-05-06;88.4;5;88.4
1998-05-07;84.9;5;84.9
1998-05-08;79.0;5;79.0
1998-05-09;65.8;5;65.8
1998-05-10;53.3;5;53.3
1998-05-11;46.2;5;46.2
1998-05-12;50.4;5;50.4
1998-05-13;37.8;5;37.8
1998-05-14;30.0;5;30.0
1998-05-15;25.6;5;25.6
1998-05-16;22.5;5;22.5
1998-05-17;-999.000;5;70.76
1998-05-18;-999.000;5;53.6
1998-05-19;-999.000;5;38.5
1998-05-20;-999.000;5;31.608
1998-05-21;-999.000;5;14.898
1998-05-22;-999.000;5;50.4
1998-05-23;-999.000;5;32.4
1998-05-24;43.5;5;43.5
1998-05-25;-999.000;5;130.7
1998-05-26;-999.000;5;116.4
1998-05-27;-999.000;5;75.3
1998-05-28;112.6;5;112.6
1998-05-29;114.0;5;114.0
1998-05-30;70.9;5;70.9
1998-05-31;56.1;5;56.1
1998-06-01;45.4;6;45.4
1998-06-02;48.9;6;48.9
1998-06-03;38.2;6;38.2
1998-06-04;33.7;6;33.7
1998-06-05;28.9;6;28.9
1998-06-06;25.7;6;25.7
1998-06-07;22.2;6;22.2
1998-06-08;33.9;6;33.9
1998-06-09;38.8;6;38.8
1998-06-10;39.3;6;39.3
1998-06-11;27.4;6;27.4
1998-06-12;25.2;6;25.2
1998-06-13;22.6;6;22.6
1998-06-14;20.5;6;20.5
1998-06-15;18.9;6;18.9
1998-06-16;23.5;6;23.5
1998-06-17;19.4;6;19.4
1998-06-18;38.3;6;38.3
1998-06-19;45.3;6;45.3
1998-06-20;44.5;6;44.5
1998-06-21;29.5;6;29.5
1998-06-22;23.0;6;23.0
1998-06-23;42.3;6;42.3
1998-06-24;41.8;6;41.8
1998-06-25;32.6;6;32.6
1998-06-26;25.7;6;25.7
1998-06-27;22.7;6;22.7
1998-06-28;20.7;6;20.7
1998-06-29;18.8;6;18.8
1998-06-30;17.0;6;17.0
1998-07-01;15.8;7;15.8
1998-07-02;14.8;7;14.8
1998-07-03;15.2;7;15.2
1998-07-04;18.2;7;18.2
1998-07-05;24.4;7;24.4
1998-07-06;17.6;7;17.6
1998-07-07;18.1;7;18.1
1998-07-08;37.4;7;37.4
1998-07-09;32.6;7;32.6
1998-07-10;20.7;7;20.7
1998-07-11;18.3;7;18.3
1998-07-12;16.5;7;16.5
1998-07-13;14.8;7;14.8
1998-07-14;13.5;7;13.5
1998-07-15;15.9;7;15.9
1998-07-16;27.2;7;27.2
1998-07-17;54.8;7;54.8
1998-07-18;73.6;7;73.6
1998-07-19;76.6;7;76.6
1998-07-20;69.0;7;69.0
1998-07-21;39.0;7;39.0
1998-07-22;36.9;7;36.9
1998-07-23;26.0;7;26.0
1998-07-24;21.6;7;21.6
1998-07-25;22.3;7;22.3
1998-07-26;43.6;7;43.6
1998-07-27;35.5;7;35.5
1998-07-28;29.7;7;29.7
1998-07-29;29.8;7;29.8
1998-07-30;22.8;7;22.8
1998-07-31;20.4;7;20.4
1998-08-01;18.6;8;18.6
1998-08-02;17.5;8;17.5
1998-08-03;16.0;8;16.0
1998-08-04;14.7;8;14.7
1998-08-05;14.3;8;14.3
1998-08-06;31.1;8;31.1
1998-08-07;30.9;8;30.9
1998-08-08;19.6;8;19.6
1998-08-09;23.3;8;23.3
1998-08-10;35.1;8;35.1
1998-08-11;18.9;8;18.9
1998-08-12;17.9;8;17.9
1998-08-13;21.0;8;21.0
1998-08-14;32.2;8;32.2
1998-08-15;59.1;8;59.1
1998-08-16;39.1;8;39.1
1998-08-17;30.5;8;30.5
1998-08-18;33.1;8;33.1
1998-08-19;30.5;8;30.5
1998-08-20;40.3;8;40.3
1998-08-21;80.9;8;80.9
1998-08-22;71.0;8;71.0
1998-08-23;41.0;8;41.0
1998-08-24;51.7;8;51.7
1998-08-25;62.1;8;62.1
1998-08-26;40.5;8;40.5
1998-08-27;34.6;8;34.6
1998-08-28;26.5;8;26.5
1998-08-29;24.6;8;24.6
1998-08-30;28.2;8;28.2
1998-08-31;28.3;8;28.3
1998-09-01;34.3;9;34.3
1998-09-02;67.8;9;67.8
1998-09-03;66.0;9;66.0
1998-09-04;49.2;9;49.2
1998-09-05;44.9;9;44.9
1998-09-06;46.7;9;46.7
1998-09-07;38.6;9;38.6
1998-09-08;34.0;9;34.0
1998-09-09;33.7;9;33.7
1998-09-10;29.3;9;29.3
1998-09-11;31.2;9;31.2
1998-09-12;40.0;9;40.0
1998-09-13;57.2;9;57.2
1998-09-14;43.8;9;43.8
1998-09-15;76.7;9;76.7
1998-09-16;72.9;9;72.9
1998-09-17;57.7;9;57.7
1998-09-18;47.2;9;47.2
1998-09-19;78.8;9;78.8
1998-09-20;58.0;9;58.0
1998-09-21;43.1;9;43.1
1998-09-22;51.0;9;51.0
1998-09-23;120.7;9;120.7
1998-09-24;71.1;9;71.1
1998-09-25;55.8;9;55.8
1998-09-26;91.3;9;91.3
1998-09-27;122.7;9;122.7
1998-09-28;86.6;9;86.6
1998-09-29;89.0;9;89.0
1998-09-30;67.4;9;67.4
1998-10-01;45.5;10;45.5
1998-10-02;38.5;10;38.5
1998-10-03;36.7;10;36.7
1998-10-04;58.4;10;58.4
1998-10-05;83.2;10;83.2
1998-10-06;110.5;10;110.5
1998-10-07;90.5;10;90.5
1998-10-08;82.3;10;82.3
1998-10-09;51.0;10;51.0
1998-10-10;40.0;10;40.0
1998-10-11;33.5;10;33.5
1998-10-12;32.9;10;32.9
1998-10-13;37.4;10;37.4
1998-10-14;42.8;10;42.8
1998-10-15;47.9;10;47.9
1998-10-16;50.7;10;50.7
1998-10-17;69.3;10;69.3
1998-10-18;47.9;10;47.9
1998-10-19;42.5;10;42.5
1998-10-20;65.8;10;65.8
1998-10-21;104.7;10;104.7
1998-10-22;116.8;10;116.8
1998-10-23;103.0;10;103.0
1998-10-24;130.7;10;130.7
1998-10-25;151.7;10;151.7
1998-10-26;137.2;10;137.2
1998-10-27;98.8;10;98.8
1998-10-28;75.5;10;75.5
1998-10-29;72.8;10;72.8
1998-10-30;96.9;10;96.9
1998-10-31;67.1;10;67.1
1998-11-01;59.6;11;59.6
1998-11-02;52.2;11;52.2
1998-11-03;64.3;11;64.3
1998-11-04;74.3;11;74.3
1998-11-05;107.2;11;107.2
1998-11-06;80.3;11;80.3
1998-11-07;67.1;11;67.1
1998-11-08;64.9;11;64.9
1998-11-09;73.0;11;73.0
1998-11-10;97.6;11;97.6
1998-11-11;96.0;11;96.0
1998-11-12;96.1;11;96.1
1998-11-13;88.2;11;88.2
1998-11-14;71.5;11;71.5
1998-11-15;65.2;11;65.2
1998-11-16;62.6;11;62.6
1998-11-17;63.3;11;63.3
1998-11-18;67.4;11;67.4
1998-11-19;71.4;11;71.4
1998-11-20;127.8;11;127.8
1998-11-21;109.8;11;109.8
1998-11-22;140.4;11;140.4
1998-11-23;97.8;11;97.8
1998-11-24;76.8;11;76.8
1998-11-25;65.7;11;65.7
1998-11-26;56.6;11;56.6
1998-11-27;49.6;11;49.6
1998-11-28;44.2;11;44.2
1998-11-29;40.5;11;40.5
1998-11-30;37.5;11;37.5
1998-12-01;36.0;12;36.0
1998-12-02;34.5;12;34.5
1998-12-03;33.5;12;33.5
1998-12-04;35.2;12;35.2
1998-12-05;34.0;12;34.0
1998-12-06;37.0;12;37.0
1998-12-07;36.0;12;36.0
1998-12-08;37.0;12;37.0
1998-12-09;36.0;12;36.0
1998-12-10;37.8;12;37.8
1998-12-11;40.6;12;40.6
1998-12-12;62.7;12;62.7
1998-12-13;43.8;12;43.8
1998-12-14;41.5;12;41.5
1998-12-15;52.3;12;52.3
1998-12-16;38.5;12;38.5
1998-12-17;43.9;12;43.9
1998-12-18;52.0;12;52.0
1998-12-19;52.0;12;52.0
1998-12-20;50.5;12;50.5
1998-12-21;56.6;12;56.6
1998-12-22;39.0;12;39.0
1998-12-23;34.0;12;34.0
1998-12-24;31.0;12;31.0
1998-12-25;28.8;12;28.8
1998-12-26;32.0;12;32.0
1998-12-27;39.1;12;39.1
1998-12-28;61.1;12;61.1
1998-12-29;66.6;12;66.6
1998-12-30;55.9;12;55.9
1998-12-31;48.8;12;48.8
1999-01-01;41.2;1;41.2
1999-01-02;37.6;1;37.6
1999-01-03;36.7;1;36.7
1999-01-04;35.5;1;35.5
1999-01-05;35.5;1;35.5
1999-01-06;32.0;1;32.0
1999-01-07;28.3;1;28.3
1999-01-08;27.4;1;27.4
1999-01-09;48.5;1;48.5
1999-01-10;51.1;1;51.1
1999-01-11;42.4;1;42.4
1999-01-12;41.4;1;41.4
1999-01-13;35.5;1;35.5
1999-01-14;30.5;1;30.5
1999-01-15;27.0;1;27.0
1999-01-16;25.0;1;25.0
1999-01-17;23.7;1;23.7
1999-01-18;23.4;1;23.4
1999-01-19;31.8;1;31.8
1999-01-20;32.1;1;32.1
1999-01-21;34.2;1;34.2
1999-01-22;26.9;1;26.9
1999-01-23;45.9;1;45.9
1999-01-24;37.7;1;37.7
1999-01-25;34.2;1;34.2
1999-01-26;30.2;1;30.2
1999-01-27;22.1;1;22.1
1999-01-28;17.3;1;17.3
1999-01-29;19.7;1;19.7
1999-01-30;16.0;1;16.0
1999-01-31;22.4;1;22.4
1999-02-01;19.2;2;19.2
1999-02-02;18.5;2;18.5
1999-02-03;23.7;2;23.7
1999-02-04;39.0;2;39.0
1999-02-05;45.9;2;45.9
1999-02-06;25.1;2;25.1
1999-02-07;29.2;2;29.2
1999-02-08;27.2;2;27.2
1999-02-09;20.7;2;20.7
1999-02-10;18.6;2;18.6
1999-02-11;21.9;2;21.9
1999-02-12;41.5;2;41.5
1999-02-13;77.5;2;77.5
1999-02-14;51.2;2;51.2
1999-02-15;101.0;2;101.0
1999-02-16;69.7;2;69.7
1999-02-17;-999.000;2;9.87
1999-02-18;-999.000;2;7.898
1999-02-19;-999.000;2;66.9
1999-02-20;-999.000;2;24.51
1999-02-21;77.1;2;77.1
1999-02-22;123.4;2;123.4
1999-02-23;99.2;2;99.2
1999-02-24;103.4;2;103.4
1999-02-25;98.5;2;98.5
1999-02-26;82.2;2;82.2
1999-02-27;106.2;2;106.2
1999-02-28;78.4;2;78.4
1999-03-01;69.9;3;69.9
1999-03-02;64.3;3;64.3
1999-03-03;56.6;3;56.6
1999-03-04;49.6;3;49.6
1999-03-05;46.3;3;46.3
1999-03-06;42.0;3;42.0
1999-03-07;39.0;3;39.0
1999-03-08;36.5;3;36.5
1999-03-09;37.2;3;37.2
1999-03-10;45.8;3;45.8
1999-03-11;51.1;3;51.1
1999-03-12;38.5;3;38.5
1999-03-13;57.6;3;57.6
1999-03-14;79.3;3;79.3
1999-03-15;52.0;3;52.0
1999-03-16;52.7;3;52.7
1999-03-17;52.5;3;52.5
1999-03-18;65.6;3;65.6
1999-03-19;52.7;3;52.7
1999-03-20;48.4;3;48.4
1999-03-21;42.5;3;42.5
1999-03-22;41.2;3;41.2
1999-03-23;48.2;3;48.2
1999-03-24;53.7;3;53.7
1999-03-25;46.1;3;46.1
1999-03-26;40.5;3;40.5
1999-03-27;37.0;3;37.0
1999-03-28;48.1;3;48.1
1999-03-29;50.4;3;50.4
1999-03-30;44.4;3;44.4
1999-03-31;47.6;3;47.6
1999-04-01;59.4;4;59.4
1999-04-02;59.0;4;59.0
1999-04-03;42.0;4;42.0
1999-04-04;80.5;4;80.5
1999-04-05;51.9;4;51.9
1999-04-06;40.1;4;40.1
1999-04-07;50.3;4;50.3
1999-04-08;88.8;4;88.8
1999-04-09;90.7;4;90.7
1999-04-10;101.2;4;101.2
1999-04-11;88.2;4;88.2
1999-04-12;105.4;4;105.4
1999-04-13;173.4;4;173.4
1999-04-14;102.1;4;102.1
1999-04-15;84.7;4;84.7
1999-04-16;69.2;4;69.2
1999-04-17;64.3;4;64.3
1999-04-18;53.8;4;53.8
1999-04-19;48.2;4;48.2
1999-04-20;45.4;4;45.4
1999-04-21;42.5;4;42.5
1999-04-22;40.5;4;40.5
1999-04-23;37.6;4;37.6
1999-04-24;41.5;4;41.5
1999-04-25;67.8;4;67.8
1999-04-26;72.8;4;72.8
1999-04-27;105.1;4;105.1
1999-04-28;92.1;4;92.1
1999-04-29;118.9;4;118.9
1999-04-30;77.0;4;77.0
1999-05-01;83.8;5;83.8
1999-05-02;98.7;5;98.7
1999-05-03;76.8;5;76.8
1999-05-04;73.7;5;73.7
1999-05-05;82.1;5;82.1
1999-05-06;76.6;5;76.6
1999-05-07;74.4;5;74.4
1999-05-08;57.9;5;57.9
1999-05-09;76.4;5;76.4
1999-05-10;57.3;5;57.3
1999-05-11;52.3;5;52.3
1999-05-12;86.6;5;86.6
1999-05-13;103.9;5;103.9
1999-05-14;86.2;5;86.2
1999-05-15;60.3;5;60.3
1999-05-16;48.9;5;48.9
1999-05-17;42.0;5;42.0
1999-05-18;39.4;5;39.4
1999-05-19;34.0;5;34.0
1999-05-20;26.0;5;26.0
1999-05-21;23.7;5;23.7
1999-05-22;24.1;5;24.1
1999-05-23;26.7;5;26.7
1999-05-24;20.7;5;20.7
1999-05-25;18.6;5;18.6
1999-05-26;17.3;5;17.3
1999-05-27;16.0;5;16.0
1999-05-28;15.7;5;15.7
1999-05-29;21.0;5;21.0
1999-05-30;23.6;5;23.6
1999-05-31;17.0;5;17.0
1999-06-01;17.9;6;17.9
1999-06-02;17.8;6;17.8
1999-06-03;14.5;6;14.5
1999-06-04;16.6;6;16.6
1999-06-05;29.9;6;29.9
1999-06-06;23.4;6;23.4
1999-06-07;32.5;6;32.5
1999-06-08;39.5;6;39.5
1999-06-09;58.5;6;58.5
1999-06-10;60.9;6;60.9
1999-06-11;37.0;6;37.0
1999-06-12;43.9;6;43.9
1999-06-13;33.1;6;33.1
1999-06-14;43.9;6;43.9
1999-06-15;63.8;6;63.8
1999-06-16;46.1;6;46.1
1999-06-17;54.5;6;54.5
1999-06-18;46.1;6;46.1
1999-06-19;40.1;6;40.1
1999-06-20;52.4;6;52.4
1999-06-21;66.5;6;66.5
1999-06-22;47.9;6;47.9
1999-06-23;34.0;6;34.0
1999-06-24;53.0;6;53.0
1999-06-25;62.5;6;62.5
1999-06-26;54.6;6;54.6
1999-06-27;59.6;6;59.6
1999-06-28;69.3;6;69.3
1999-06-29;53.1;6;53.1
1999-06-30;50.0;6;50.0
1999-07-01;46.9;7;46.9
1999-07-02;52.0;7;52.0
1999-07-03;46.3;7;46.3
1999-07-04;38.4;7;38.4
1999-07-05;34.6;7;34.6
1999-07-06;33.6;7;33.6
1999-07-07;31.2;7;31.2
1999-07-08;72.8;7;72.8
1999-07-09;44.1;7;44.1
1999-07-10;37.5;7;37.5
1999-07-11;39.8;7;39.8
1999-07-12;40.9;7;40.9
1999-07-13;32.2;7;32.2
1999-07-14;29.8;7;29.8
1999-07-15;27.2;7;27.2
1999-07-16;27.8;7;27.8
1999-07-17;19.4;7;19.4
1999-07-18;25.7;7;25.7
1999-07-19;32.6;7;32.6
1999-07-20;19.9;7;19.9
1999-07-21;18.7;7;18.7
1999-07-22;15.9;7;15.9
1999-07-23;16.4;7;16.4
1999-07-24;18.1;7;18.1
1999-07-25;15.1;7;15.1
1999-07-26;13.5;7;13.5
1999-07-27;13.0;7;13.0
1999-07-28;12.5;7;12.5
1999-07-29;11.5;7;11.5
1999-07-30;11.0;7;11.0
1999-07-31;11.7;7;11.7
1999-08-01;15.2;8;15.2
1999-08-02;10.8;8;10.8
1999-08-03;10.8;8;10.8
1999-08-04;10.0;8;10.0
1999-08-05;12.8;8;12.8
1999-08-06;15.9;8;15.9
1999-08-07;15.7;8;15.7
1999-08-08;11.8;8;11.8
1999-08-09;10.0;8;10.0
1999-08-10;9.0;8;9.0
1999-08-11;9.0;8;9.0
1999-08-12;9.0;8;9.0
1999-08-13;8.6;8;8.6
1999-08-14;10.3;8;10.3
1999-08-15;10.0;8;10.0
1999-08-16;9.8;8;9.8
1999-08-17;10.2;8;10.2
1999-08-18;12.0;8;12.0
1999-08-19;8.5;8;8.5
1999-08-20;9.5;8;9.5
1999-08-21;18.0;8;18.0
1999-08-22;43.2;8;43.2
1999-08-23;26.3;8;26.3
1999-08-24;21.3;8;21.3
1999-08-25;49.2;8;49.2
1999-08-26;32.9;8;32.9
1999-08-27;31.4;8;31.4
1999-08-28;34.5;8;34.5
1999-08-29;23.7;8;23.7
1999-08-30;18.9;8;18.9
1999-08-31;16.0;8;16.0
1999-09-01;14.6;9;14.6
1999-09-02;15.8;9;15.8
1999-09-03;15.2;9;15.2
1999-09-04;23.8;9;23.8
1999-09-05;26.4;9;26.4
1999-09-06;20.1;9;20.1
1999-09-07;28.0;9;28.0
1999-09-08;36.2;9;36.2
1999-09-09;24.8;9;24.8
1999-09-10;22.8;9;22.8
1999-09-11;41.2;9;41.2
1999-09-12;51.4;9;51.4
1999-09-13;60.7;9;60.7
1999-09-14;54.6;9;54.6
1999-09-15;47.0;9;47.0
1999-09-16;74.8;9;74.8
1999-09-17;70.1;9;70.1
1999-09-18;54.5;9;54.5
1999-09-19;42.8;9;42.8
1999-09-20;35.8;9;35.8
1999-09-21;28.5;9;28.5
1999-09-22;36.7;9;36.7
1999-09-23;48.0;9;48.0
1999-09-24;33.7;9;33.7
1999-09-25;63.4;9;63.4
1999-09-26;43.2;9;43.2
1999-09-27;35.4;9;35.4
1999-09-28;60.9;9;60.9
1999-09-29;73.0;9;73.0
1999-09-30;91.4;9;91.4
1999-10-01;76.6;10;76.6
1999-10-02;100.1;10;100.1
1999-10-03;75.0;10;75.0
1999-10-04;65.1;10;65.1
1999-10-05;60.1;10;60.1
1999-10-06;91.4;10;91.4
1999-10-07;82.3;10;82.3
1999-10-08;75.5;10;75.5
1999-10-09;62.8;10;62.8
1999-10-10;64.6;10;64.6
1999-10-11;58.5;10;58.5
1999-10-12;58.1;10;58.1
1999-10-13;49.6;10;49.6
1999-10-14;45.4;10;45.4
1999-10-15;24.4;10;24.4
1999-10-16;33.2;10;33.2
1999-10-17;53.7;10;53.7
1999-10-18;58.4;10;58.4
1999-10-19;45.1;10;45.1
1999-10-20;58.1;10;58.1
1999-10-21;75.9;10;75.9
1999-10-22;66.1;10;66.1
1999-10-23;75.4;10;75.4
1999-10-24;119.1;10;119.1
1999-10-25;113.0;10;113.0
1999-10-26;108.4;10;108.4
1999-10-27;120.0;10;120.0
1999-10-28;95.0;10;95.0
1999-10-29;88.2;10;88.2
1999-10-30;85.9;10;85.9
1999-10-31;81.0;10;81.0
1999-11-01;72.7;11;72.7
1999-11-02;65.0;11;65.0
1999-11-03;60.1;11;60.1
1999-11-04;59.2;11;59.2
1999-11-05;69.9;11;69.9
1999-11-06;67.7;11;67.7
1999-11-07;76.6;11;76.6
1999-11-08;88.8;11;88.8
1999-11-09;87.5;11;87.5
1999-11-10;78.2;11;78.2
1999-11-11;81.6;11;81.6
1999-11-12;84.9;11;84.9
1999-11-13;73.7;11;73.7
1999-11-14;66.8;11;66.8
1999-11-15;61.0;11;61.0
1999-11-16;64.4;11;64.4
1999-11-17;58.7;11;58.7
1999-11-18;69.2;11;69.2
1999-11-19;92.2;11;92.2
1999-11-20;93.5;11;93.5
1999-11-21;86.7;11;86.7
1999-11-22;72.2;11;72.2
1999-11-23;63.6;11;63.6
1999-11-24;65.0;11;65.0
1999-11-25;65.1;11;65.1
1999-11-26;61.2;11;61.2
1999-11-27;54.7;11;54.7
1999-11-28;60.0;11;60.0
1999-11-29;49.6;11;49.6
1999-11-30;47.1;11;47.1
1999-12-01;56.4;12;56.4
1999-12-02;82.3;12;82.3
1999-12-03;63.2;12;63.2
1999-12-04;132.4;12;132.4
1999-12-05;113.5;12;113.5
1999-12-06;97.8;12;97.8
1999-12-07;80.0;12;80.0
1999-12-08;69.2;12;69.2
1999-12-09;63.6;12;63.6
1999-12-10;59.8;12;59.8
1999-12-11;62.9;12;62.9
1999-12-12;66.5;12;66.5
1999-12-13;97.9;12;97.9
1999-12-14;116.3;12;116.3
1999-12-15;117.9;12;117.9
1999-12-16;93.1;12;93.1
1999-12-17;95.0;12;95.0
1999-12-18;87.8;12;87.8
1999-12-19;82.2;12;82.2
1999-12-20;71.4;12;71.4
1999-12-21;65.0;12;65.0
1999-12-22;60.1;12;60.1
1999-12-23;55.9;12;55.9
1999-12-24;51.7;12;51.7
1999-12-25;48.2;12;48.2
1999-12-26;46.8;12;46.8
1999-12-27;44.7;12;44.7
1999-12-28;43.0;12;43.0
1999-12-29;41.0;12;41.0
1999-12-30;39.5;12;39.5
1999-12-31;38.5;12;38.5
2000-01-01;37.0;1;37.0
2000-01-02;35.0;1;35.0
2000-01-03;33.0;1;33.0
2000-01-04;32.0;1;32.0
2000-01-05;31.0;1;31.0
2000-01-06;17.8;1;17.8
2000-01-07;12.8;1;12.8
2000-01-08;12.2;1;12.2
2000-01-09;11.7;1;11.7
2000-01-10;11.2;1;11.2
2000-01-11;11.0;1;11.0
2000-01-12;10.5;1;10.5
2000-01-13;11.0;1;11.0
2000-01-14;10.2;1;10.2
2000-01-15;9.7;1;9.7
2000-01-16;9.2;1;9.2
2000-01-17;8.7;1;8.7
2000-01-18;8.5;1;8.5
2000-01-19;8.2;1;8.2
2000-01-20;10.6;1;10.6
2000-01-21;19.3;1;19.3
2000-01-22;11.2;1;11.2
2000-01-23;8.8;1;8.8
2000-01-24;8.4;1;8.4
2000-01-25;8.0;1;8.0
2000-01-26;12.1;1;12.1
2000-01-27;12.9;1;12.9
2000-01-28;8.5;1;8.5
2000-01-29;7.8;1;7.8
2000-01-30;7.4;1;7.4
2000-01-31;7.6;1;7.6
2000-02-01;9.6;2;9.6
2000-02-02;8.5;2;8.5
2000-02-03;14.1;2;14.1
2000-02-04;24.0;2;24.0
2000-02-05;22.5;2;22.5
2000-02-06;20.4;2;20.4
2000-02-07;22.0;2;22.0
2000-02-08;22.2;2;22.2
2000-02-09;19.8;2;19.8
2000-02-10;16.7;2;16.7
2000-02-11;7.8;2;7.8
2000-02-12;7.0;2;7.0
2000-02-13;7.3;2;7.3
2000-02-14;8.7;2;8.7
2000-02-15;6.8;2;6.8
2000-02-16;12.0;2;12.0
2000-02-17;7.9;2;7.9
2000-02-18;7.7;2;7.7
2000-02-19;7.4;2;7.4
2000-02-20;10.8;2;10.8
2000-02-21;14.8;2;14.8
2000-02-22;28.5;2;28.5
2000-02-23;28.4;2;28.4
2000-02-24;22.2;2;22.2
2000-02-25;22.9;2;22.9
2000-02-26;54.0;2;54.0
2000-02-27;40.3;2;40.3
2000-02-28;28.8;2;28.8
2000-02-29;54.6;2;54.6
2000-03-01;50.1;3;50.1
2000-03-02;77.9;3;77.9
2000-03-03;47.7;3;47.7
2000-03-04;46.4;3;46.4
2000-03-05;42.0;3;42.0
2000-03-06;46.0;3;46.0
2000-03-07;41.0;3;41.0
2000-03-08;34.0;3;34.0
2000-03-09;31.5;3;31.5
2000-03-10;27.0;3;27.0
2000-03-11;23.7;3;23.7
2000-03-12;30.4;3;30.4
2000-03-13;48.5;3;48.5
2000-03-14;54.7;3;54.7
2000-03-15;38.6;3;38.6
2000-03-16;37.3;3;37.3
2000-03-17;35.7;3;35.7
2000-03-18;25.5;3;25.5
2000-03-19;23.3;3;23.3
2000-03-20;25.6;3;25.6
2000-03-21;29.5;3;29.5
2000-03-22;26.6;3;26.6
2000-03-23;23.5;3;23.5
2000-03-24;21.9;3;21.9
2000-03-25;25.8;3;25.8
2000-03-26;30.0;3;30.0
2000-03-27;51.8;3;51.8
2000-03-28;62.6;3;62.6
2000-03-29;71.1;3;71.1
2000-03-30;60.6;3;60.6
2000-03-31;63.8;3;63.8
2000-04-01;39.5;4;39.5
2000-04-02;35.0;4;35.0
2000-04-03;32.6;4;32.6
2000-04-04;38.8;4;38.8
2000-04-05;44.7;4;44.7
2000-04-06;52.7;4;52.7
2000-04-07;70.3;4;70.3
2000-04-08;44.5;4;44.5
2000-04-09;48.6;4;48.6
2000-04-10;36.0;4;36.0
2000-04-11;50.5;4;50.5
2000-04-12;50.3;4;50.3
2000-04-13;40.1;4;40.1
2000-04-14;39.4;4;39.4
2000-04-15;43.9;4;43.9
2000-04-16;47.6;4;47.6
2000-04-17;56.1;4;56.1
2000-04-18;56.5;4;56.5
2000-04-19;51.6;4;51.6
2000-04-20;46.5;4;46.5
2000-04-21;46.8;4;46.8
2000-04-22;70.8;4;70.8
2000-04-23;66.0;4;66.0
2000-04-24;72.2;4;72.2
2000-04-25;61.2;4;61.2
2000-04-26;59.4;4;59.4
2000-04-27;46.5;4;46.5
2000-04-28;42.7;4;42.7
2000-04-29;68.1;4;68.1
2000-04-30;81.9;4;81.9
2000-05-01;89.9;5;89.9
2000-05-02;70.7;5;70.7
2000-05-03;75.1;5;75.1
2000-05-04;53.4;5;53.4
2000-05-05;56.6;5;56.6
2000-05-06;85.3;5;85.3
2000-05-07;59.5;5;59.5
2000-05-08;48.3;5;48.3
2000-05-09;41.6;5;41.6
2000-05-10;43.8;5;43.8
2000-05-11;44.4;5;44.4
2000-05-12;60.6;5;60.6
2000-05-13;41.0;5;41.0
2000-05-14;42.7;5;42.7
2000-05-15;63.6;5;63.6
2000-05-16;64.7;5;64.7
2000-05-17;53.7;5;53.7
2000-05-18;58.5;5;58.5
2000-05-19;53.7;5;53.7
2000-05-20;58.7;5;58.7
2000-05-21;82.6;5;82.6
2000-05-22;58.9;5;58.9
2000-05-23;48.0;5;48.0
2000-05-24;42.6;5;42.6
2000-05-25;54.2;5;54.2
2000-05-26;50.1;5;50.1
2000-05-27;38.0;5;38.0
2000-05-28;33.0;5;33.0
2000-05-29;34.4;5;34.4
2000-05-30;69.2;5;69.2
2000-05-31;44.8;5;44.8
2000-06-01;38.0;6;38.0
2000-06-02;34.5;6;34.5
2000-06-03;28.5;6;28.5
2000-06-04;30.2;6;30.2
2000-06-05;32.1;6;32.1
2000-06-06;35.8;6;35.8
2000-06-07;45.4;6;45.4
2000-06-08;46.2;6;46.2
2000-06-09;44.3;6;44.3
2000-06-10;49.5;6;49.5
2000-06-11;47.3;6;47.3
2000-06-12;75.6;6;75.6
2000-06-13;54.5;6;54.5
2000-06-14;93.2;6;93.2
2000-06-15;57.4;6;57.4
2000-06-16;56.4;6;56.4
2000-06-17;66.3;6;66.3
2000-06-18;55.6;6;55.6
2000-06-19;58.8;6;58.8
2000-06-20;46.6;6;46.6
2000-06-21;46.8;6;46.8
2000-06-22;61.4;6;61.4
2000-06-23;53.1;6;53.1
2000-06-24;97.6;6;97.6
2000-06-25;98.6;6;98.6
2000-06-26;56.4;6;56.4
2000-06-27;64.1;6;64.1
2000-06-28;61.1;6;61.1
2000-06-29;47.1;6;47.1
2000-06-30;37.1;6;37.1
2000-07-01;42.4;7;42.4
2000-07-02;36.3;7;36.3
2000-07-03;30.0;7;30.0
2000-07-04;31.5;7;31.5
2000-07-05;23.5;7;23.5
2000-07-06;34.3;7;34.3
2000-07-07;27.1;7;27.1
2000-07-08;28.4;7;28.4
2000-07-09;28.8;7;28.8
2000-07-10;21.0;7;21.0
2000-07-11;18.6;7;18.6
2000-07-12;17.2;7;17.2
2000-07-13;16.0;7;16.0
2000-07-14;26.7;7;26.7
2000-07-15;25.2;7;25.2
2000-07-16;18.6;7;18.6
2000-07-17;30.1;7;30.1
2000-07-18;48.2;7;48.2
2000-07-19;50.9;7;50.9
2000-07-20;53.3;7;53.3
2000-07-21;55.1;7;55.1
2000-07-22;42.3;7;42.3
2000-07-23;32.0;7;32.0
2000-07-24;45.9;7;45.9
2000-07-25;69.0;7;69.0
2000-07-26;42.1;7;42.1
2000-07-27;39.1;7;39.1
2000-07-28;43.8;7;43.8
2000-07-29;34.0;7;34.0
2000-07-30;37.7;7;37.7
2000-07-31;49.7;7;49.7
2000-08-01;37.6;8;37.6
2000-08-02;38.7;8;38.7
2000-08-03;33.7;8;33.7
2000-08-04;36.0;8;36.0
2000-08-05;44.9;8;44.9
2000-08-06;47.5;8;47.5
2000-08-07;38.5;8;38.5
2000-08-08;28.8;8;28.8
2000-08-09;23.3;8;23.3
2000-08-10;21.0;8;21.0
2000-08-11;19.8;8;19.8
2000-08-12;17.3;8;17.3
2000-08-13;15.0;8;15.0
2000-08-14;14.5;8;14.5
2000-08-15;13.3;8;13.3
2000-08-16;13.1;8;13.1
2000-08-17;13.2;8;13.2
2000-08-18;19.6;8;19.6
2000-08-19;12.9;8;12.9
2000-08-20;12.0;8;12.0
2000-08-21;10.5;8;10.5
2000-08-22;9.5;8;9.5
2000-08-23;9.0;8;9.0
2000-08-24;9.0;8;9.0
2000-08-25;12.8;8;12.8
2000-08-26;14.1;8;14.1
2000-08-27;10.2;8;10.2
2000-08-28;9.2;8;9.2
2000-08-29;25.0;8;25.0
2000-08-30;16.0;8;16.0
2000-08-31;45.1;8;45.1
2000-09-01;22.4;9;22.4
2000-09-02;21.4;9;21.4
2000-09-03;20.5;9;20.5
2000-09-04;28.4;9;28.4
2000-09-05;41.8;9;41.8
2000-09-06;29.9;9;29.9
2000-09-07;50.2;9;50.2
2000-09-08;29.9;9;29.9
2000-09-09;38.2;9;38.2
2000-09-10;49.8;9;49.8
2000-09-11;32.4;9;32.4
2000-09-12;23.4;9;23.4
2000-09-13;21.4;9;21.4
2000-09-14;19.3;9;19.3
2000-09-15;40.2;9;40.2
2000-09-16;34.1;9;34.1
2000-09-17;23.9;9;23.9
2000-09-18;21.6;9;21.6
2000-09-19;39.6;9;39.6
2000-09-20;61.1;9;61.1
2000-09-21;53.8;9;53.8
2000-09-22;50.1;9;50.1
2000-09-23;88.1;9;88.1
2000-09-24;47.0;9;47.0
2000-09-25;38.8;9;38.8
2000-09-26;33.0;9;33.0
2000-09-27;30.8;9;30.8
2000-09-28;50.9;9;50.9
2000-09-29;58.7;9;58.7
2000-09-30;73.3;9;73.3
2000-10-01;40.4;10;40.4
2000-10-02;77.8;10;77.8
2000-10-03;98.4;10;98.4
2000-10-04;92.2;10;92.2
2000-10-05;58.0;10;58.0
2000-10-06;46.8;10;46.8
2000-10-07;46.8;10;46.8
2000-10-08;50.6;10;50.6
2000-10-09;39.5;10;39.5
2000-10-10;31.0;10;31.0
2000-10-11;26.0;10;26.0
2000-10-12;22.8;10;22.8
2000-10-13;20.7;10;20.7
2000-10-14;19.5;10;19.5
2000-10-15;19.6;10;19.6
2000-10-16;27.3;10;27.3
2000-10-17;20.3;10;20.3
2000-10-18;16.5;10;16.5
2000-10-19;14.3;10;14.3
2000-10-20;19.4;10;19.4
2000-10-21;29.2;10;29.2
2000-10-22;36.1;10;36.1
2000-10-23;38.2;10;38.2
2000-10-24;53.4;10;53.4
2000-10-25;65.8;10;65.8
2000-10-26;85.9;10;85.9
2000-10-27;74.8;10;74.8
2000-10-28;112.7;10;112.7
2000-10-29;110.5;10;110.5
2000-10-30;103.7;10;103.7
2000-10-31;81.2;10;81.2
2000-11-01;61.3;11;61.3
2000-11-02;55.3;11;55.3
2000-11-03;56.5;11;56.5
2000-11-04;52.4;11;52.4
2000-11-05;50.0;11;50.0
2000-11-06;46.0;11;46.0
2000-11-07;43.0;11;43.0
2000-11-08;43.2;11;43.2
2000-11-09;40.7;11;40.7
2000-11-10;39.0;11;39.0
2000-11-11;45.4;11;45.4
2000-11-12;35.7;11;35.7
2000-11-13;39.4;11;39.4
2000-11-14;37.0;11;37.0
2000-11-15;35.5;11;35.5
2000-11-16;32.8;11;32.8
2000-11-17;46.3;11;46.3
2000-11-18;54.7;11;54.7
2000-11-19;49.5;11;49.5
2000-11-20;38.3;11;38.3
2000-11-21;34.0;11;34.0
2000-11-22;32.2;11;32.2
2000-11-23;35.3;11;35.3
2000-11-24;22.9;11;22.9
2000-11-25;27.9;11;27.9
2000-11-26;39.3;11;39.3
2000-11-27;45.5;11;45.5
2000-11-28;53.9;11;53.9
2000-11-29;41.2;11;41.2
2000-11-30;29.0;11;29.0
2000-12-01;24.6;12;24.6
2000-12-02;23.5;12;23.5
2000-12-03;31.6;12;31.6
2000-12-04;37.3;12;37.3
2000-12-05;26.3;12;26.3
2000-12-06;22.7;12;22.7
2000-12-07;23.1;12;23.1
2000-12-08;25.5;12;25.5
2000-12-09;17.0;12;17.0
2000-12-10;16.5;12;16.5
2000-12-11;23.8;12;23.8
2000-12-12;18.0;12;18.0
2000-12-13;15.5;12;15.5
2000-12-14;13.5;12;13.5
2000-12-15;13.0;12;13.0
2000-12-16;13.0;12;13.0
2000-12-17;12.5;12;12.5
2000-12-18;11.3;12;11.3
2000-12-19;9.7;12;9.7
2000-12-20;12.8;12;12.8
2000-12-21;15.6;12;15.6
2000-12-22;11.6;12;11.6
2000-12-23;9.5;12;9.5
2000-12-24;8.7;12;8.7
2000-12-25;9.8;12;9.8
2000-12-26;16.5;12;16.5
2000-12-27;16.9;12;16.9
2000-12-28;27.6;12;27.6
2000-12-29;35.4;12;35.4
2000-12-30;55.2;12;55.2
2000-12-31;28.2;12;28.2
2001-01-01;20.2;1;20.2
2001-01-02;16.4;1;16.4
2001-01-03;13.7;1;13.7
2001-01-04;11.8;1;11.8
2001-01-05;10.6;1;10.6
2001-01-06;9.8;1;9.8
2001-01-07;8.7;1;8.7
2001-01-08;8.2;1;8.2
2001-01-09;7.8;1;7.8
2001-01-10;8.8;1;8.8
2001-01-11;7.7;1;7.7
2001-01-12;7.4;1;7.4
2001-01-13;7.4;1;7.4
2001-01-14;7.1;1;7.1
2001-01-15;6.9;1;6.9
2001-01-16;6.7;1;6.7
2001-01-17;6.8;1;6.8
2001-01-18;11.9;1;11.9
2001-01-19;9.1;1;9.1
2001-01-20;7.2;1;7.2
2001-01-21;7.1;1;7.1
2001-01-22;7.6;1;7.6
2001-01-23;7.8;1;7.8
2001-01-24;8.0;1;8.0
2001-01-25;9.4;1;9.4
2001-01-26;13.1;1;13.1
2001-01-27;7.6;1;7.6
2001-01-28;6.5;1;6.5
2001-01-29;5.9;1;5.9
2001-01-30;5.6;1;5.6
2001-01-31;5.3;1;5.3
2001-02-01;5.3;2;5.3
2001-02-02;5.0;2;5.0
2001-02-03;5.3;2;5.3
2001-02-04;7.0;2;7.0
2001-02-05;5.1;2;5.1
2001-02-06;5.0;2;5.0
2001-02-07;4.9;2;4.9
2001-02-08;4.8;2;4.8
2001-02-09;4.7;2;4.7
2001-02-10;4.6;2;4.6
2001-02-11;4.6;2;4.6
2001-02-12;4.4;2;4.4
2001-02-13;4.2;2;4.2
2001-02-14;4.0;2;4.0
2001-02-15;4.0;2;4.0
2001-02-16;4.0;2;4.0
2001-02-17;3.9;2;3.9
2001-02-18;3.8;2;3.8
2001-02-19;3.7;2;3.7
2001-02-20;3.6;2;3.6
2001-02-21;3.8;2;3.8
2001-02-22;4.0;2;4.0
2001-02-23;4.4;2;4.4
2001-02-24;5.5;2;5.5
2001-02-25;4.6;2;4.6
2001-02-26;4.7;2;4.7
2001-02-27;8.1;2;8.1
2001-02-28;6.1;2;6.1
2001-03-01;4.9;3;4.9
2001-03-02;4.6;3;4.6
2001-03-03;4.2;3;4.2
2001-03-04;9.3;3;9.3
2001-03-05;13.3;3;13.3
2001-03-06;10.7;3;10.7
2001-03-07;10.0;3;10.0
2001-03-08;8.7;3;8.7
2001-03-09;14.7;3;14.7
2001-03-10;31.6;3;31.6
2001-03-11;22.2;3;22.2
2001-03-12;17.5;3;17.5
2001-03-13;10.8;3;10.8
2001-03-14;9.8;3;9.8
2001-03-15;13.1;3;13.1
2001-03-16;9.8;3;9.8
2001-03-17;17.7;3;17.7
2001-03-18;12.6;3;12.6
2001-03-19;14.7;3;14.7
2001-03-20;22.8;3;22.8
2001-03-21;48.6;3;48.6
2001-03-22;26.9;3;26.9
2001-03-23;28.6;3;28.6
2001-03-24;41.1;3;41.1
2001-03-25;36.3;3;36.3
2001-03-26;29.3;3;29.3
2001-03-27;22.5;3;22.5
2001-03-28;19.9;3;19.9
2001-03-29;16.6;3;16.6
2001-03-30;22.0;3;22.0
2001-03-31;16.1;3;16.1
2001-04-01;16.8;4;16.8
2001-04-02;16.2;4;16.2
2001-04-03;15.7;4;15.7
2001-04-04;21.9;4;21.9
2001-04-05;15.5;4;15.5
2001-04-06;15.7;4;15.7
2001-04-07;13.9;4;13.9
2001-04-08;12.9;4;12.9
2001-04-09;20.4;4;20.4
2001-04-10;-999.000;4;97.44
2001-04-11;29.0;4;29.0
2001-04-12;-999.000;4;100.4
2001-04-13;-999.000;4;130.1
2001-04-14;34.5;4;34.5
2001-04-15;41.0;4;41.0
2001-04-16;37.0;4;37.0
2001-04-17;-999.000;4;21.1
2001-04-18;37.0;4;37.0
2001-04-19;44.0;4;44.0
2001-04-20;39.0;4;39.0
2001-04-21;33.0;4;33.0
2001-04-22;23.7;4;23.7
2001-04-23;-999.000;4;7.2
2001-04-24;21.0;4;21.0
2001-04-25;20.1;4;20.1
2001-04-26;-999.000;4;47.426
2001-04-27;-999.000;4;53.9
2001-04-28;17.0;4;17.0
2001-04-29;15.3;4;15.3
2001-04-30;-999.000;4;36.0
2001-05-01;20.4;5;20.4
2001-05-02;20.1;5;20.1
2001-05-03;23.1;5;23.1
2001-05-04;-999.000;5;59.5
2001-05-05;26.0;5;26.0
2001-05-06;29.0;5;29.0
2001-05-07;63.3;5;63.3
2001-05-08;90.2;5;90.2
2001-05-09;54.0;5;54.0
2001-05-10;36.7;5;36.7
2001-05-11;29.2;5;29.2
2001-05-12;28.5;5;28.5
2001-05-13;23.8;5;23.8
2001-05-14;63.9;5;63.9
2001-05-15;38.3;5;38.3
2001-05-16;30.0;5;30.0
2001-05-17;23.4;5;23.4
2001-05-18;21.0;5;21.0
2001-05-19;19.9;5;19.9
2001-05-20;25.6;5;25.6
2001-05-21;21.3;5;21.3
2001-05-22;30.2;5;30.2
2001-05-23;31.4;5;31.4
2001-05-24;21.1;5;21.1
2001-05-25;48.0;5;48.0
2001-05-26;41.9;5;41.9
2001-05-27;62.7;5;62.7
2001-05-28;56.8;5;56.8
2001-05-29;68.4;5;68.4
2001-05-30;42.8;5;42.8
2001-05-31;40.9;5;40.9
2001-06-01;51.2;6;51.2
2001-06-02;57.6;6;57.6
2001-06-03;38.2;6;38.2
2001-06-04;46.9;6;46.9
2001-06-05;33.4;6;33.4
2001-06-06;35.0;6;35.0
2001-06-07;27.9;6;27.9
2001-06-08;25.8;6;25.8
2001-06-09;24.0;6;24.0
2001-06-10;21.0;6;21.0
2001-06-11;23.7;6;23.7
2001-06-12;47.6;6;47.6
2001-06-13;28.4;6;28.4
2001-06-14;36.3;6;36.3
2001-06-15;70.7;6;70.7
2001-06-16;50.6;6;50.6
2001-06-17;41.0;6;41.0
2001-06-18;29.0;6;29.0
2001-06-19;24.9;6;24.9
2001-06-20;28.2;6;28.2
2001-06-21;21.0;6;21.0
2001-06-22;18.5;6;18.5
2001-06-23;16.8;6;16.8
2001-06-24;15.6;6;15.6
2001-06-25;14.0;6;14.0
2001-06-26;13.1;6;13.1
2001-06-27;12.5;6;12.5
2001-06-28;11.7;6;11.7
2001-06-29;11.0;6;11.0
2001-06-30;10.5;6;10.5
2001-07-01;11.6;7;11.6
2001-07-02;10.0;7;10.0
2001-07-03;9.2;7;9.2
2001-07-04;9.0;7;9.0
2001-07-05;8.5;7;8.5
2001-07-06;7.8;7;7.8
2001-07-07;10.3;7;10.3
2001-07-08;10.4;7;10.4
2001-07-09;10.0;7;10.0
2001-07-10;12.7;7;12.7
2001-07-11;16.4;7;16.4
2001-07-12;12.4;7;12.4
2001-07-13;11.5;7;11.5
2001-07-14;10.1;7;10.1
2001-07-15;9.4;7;9.4
2001-07-16;21.3;7;21.3
2001-07-17;13.6;7;13.6
2001-07-18;17.8;7;17.8
2001-07-19;14.3;7;14.3
2001-07-20;11.7;7;11.7
2001-07-21;10.8;7;10.8
2001-07-22;9.3;7;9.3
2001-07-23;9.0;7;9.0
2001-07-24;8.2;7;8.2
2001-07-25;21.1;7;21.1
2001-07-26;20.5;7;20.5
2001-07-27;21.2;7;21.2
2001-07-28;19.2;7;19.2
2001-07-29;21.4;7;21.4
2001-07-30;18.3;7;18.3
2001-07-31;15.1;7;15.1
2001-08-01;27.0;8;27.0
2001-08-02;18.8;8;18.8
2001-08-03;15.5;8;15.5
2001-08-04;14.7;8;14.7
2001-08-05;16.7;8;16.7
2001-08-06;15.3;8;15.3
2001-08-07;12.3;8;12.3
2001-08-08;10.5;8;10.5
2001-08-09;9.5;8;9.5
2001-08-10;8.5;8;8.5
2001-08-11;8.0;8;8.0
2001-08-12;7.7;8;7.7
2001-08-13;7.4;8;7.4
2001-08-14;7.4;8;7.4
2001-08-15;7.1;8;7.1
2001-08-16;6.6;8;6.6
2001-08-17;6.3;8;6.3
2001-08-18;6.0;8;6.0
2001-08-19;5.7;8;5.7
2001-08-20;5.4;8;5.4
2001-08-21;5.1;8;5.1
2001-08-22;5.0;8;5.0
2001-08-23;5.0;8;5.0
2001-08-24;5.0;8;5.0
2001-08-25;5.7;8;5.7
2001-08-26;5.6;8;5.6
2001-08-27;6.2;8;6.2
2001-08-28;13.3;8;13.3
2001-08-29;11.7;8;11.7
2001-08-30;6.8;8;6.8
2001-08-31;6.7;8;6.7
2001-09-01;9.4;9;9.4
2001-09-02;6.8;9;6.8
2001-09-03;6.3;9;6.3
2001-09-04;6.2;9;6.2
2001-09-05;8.3;9;8.3
2001-09-06;9.0;9;9.0
2001-09-07;11.4;9;11.4
2001-09-08;10.1;9;10.1
2001-09-09;8.2;9;8.2
2001-09-10;7.0;9;7.0
2001-09-11;6.8;9;6.8
2001-09-12;12.4;9;12.4
2001-09-13;37.7;9;37.7
2001-09-14;51.7;9;51.7
2001-09-15;29.4;9;29.4
2001-09-16;22.6;9;22.6
2001-09-17;23.5;9;23.5
2001-09-18;28.0;9;28.0
2001-09-19;28.5;9;28.5
2001-09-20;25.2;9;25.2
2001-09-21;45.1;9;45.1
2001-09-22;61.8;9;61.8
2001-09-23;53.7;9;53.7
2001-09-24;51.6;9;51.6
2001-09-25;31.8;9;31.8
2001-09-26;32.1;9;32.1
2001-09-27;63.7;9;63.7
2001-09-28;82.6;9;82.6
2001-09-29;40.3;9;40.3
2001-09-30;36.4;9;36.4
2001-10-01;40.4;10;40.4
2001-10-02;26.7;10;26.7
2001-10-03;23.4;10;23.4
2001-10-04;26.4;10;26.4
2001-10-05;36.1;10;36.1
2001-10-06;26.4;10;26.4
2001-10-07;23.2;10;23.2
2001-10-08;19.1;10;19.1
2001-10-09;17.7;10;17.7
2001-10-10;19.8;10;19.8
2001-10-11;16.5;10;16.5
2001-10-12;14.5;10;14.5
2001-10-13;12.8;10;12.8
2001-10-14;12.0;10;12.0
2001-10-15;21.0;10;21.0
2001-10-16;16.8;10;16.8
2001-10-17;32.1;10;32.1
2001-10-18;30.1;10;30.1
2001-10-19;33.8;10;33.8
2001-10-20;91.5;10;91.5
2001-10-21;80.2;10;80.2
2001-10-22;108.8;10;108.8
2001-10-23;117.9;10;117.9
2001-10-24;78.6;10;78.6
2001-10-25;49.5;10;49.5
2001-10-26;53.3;10;53.3
2001-10-27;50.5;10;50.5
2001-10-28;38.3;10;38.3
2001-10-29;31.3;10;31.3
2001-10-30;25.7;10;25.7
2001-10-31;26.1;10;26.1
2001-11-01;23.3;11;23.3
2001-11-02;41.6;11;41.6
2001-11-03;50.0;11;50.0
2001-11-04;34.0;11;34.0
2001-11-05;28.0;11;28.0
2001-11-06;23.2;11;23.2
2001-11-07;21.7;11;21.7
2001-11-08;19.5;11;19.5
2001-11-09;21.2;11;21.2
2001-11-10;17.8;11;17.8
2001-11-11;22.0;11;22.0
2001-11-12;25.5;11;25.5
2001-11-13;37.3;11;37.3
2001-11-14;54.1;11;54.1
2001-11-15;35.3;11;35.3
2001-11-16;38.0;11;38.0
2001-11-17;33.8;11;33.8
2001-11-18;22.7;11;22.7
2001-11-19;21.4;11;21.4
2001-11-20;20.4;11;20.4
2001-11-21;21.3;11;21.3
2001-11-22;37.4;11;37.4
2001-11-23;22.8;11;22.8
2001-11-24;22.5;11;22.5
2001-11-25;20.5;11;20.5
2001-11-26;21.7;11;21.7
2001-11-27;44.0;11;44.0
2001-11-28;44.0;11;44.0
2001-11-29;43.3;11;43.3
2001-11-30;28.0;11;28.0
2001-12-01;22.0;12;22.0
2001-12-02;20.5;12;20.5
2001-12-03;19.4;12;19.4
2001-12-04;17.1;12;17.1
2001-12-05;16.5;12;16.5
2001-12-06;19.3;12;19.3
2001-12-07;22.8;12;22.8
2001-12-08;32.9;12;32.9
2001-12-09;35.7;12;35.7
2001-12-10;23.4;12;23.4
2001-12-11;19.8;12;19.8
2001-12-12;20.6;12;20.6
2001-12-13;17.8;12;17.8
2001-12-14;16.6;12;16.6
2001-12-15;15.1;12;15.1
2001-12-16;20.5;12;20.5
2001-12-17;25.9;12;25.9
2001-12-18;23.5;12;23.5
2001-12-19;24.7;12;24.7
2001-12-20;20.2;12;20.2
2001-12-21;18.4;12;18.4
2001-12-22;16.1;12;16.1
2001-12-23;14.8;12;14.8
2001-12-24;13.6;12;13.6
2001-12-25;13.0;12;13.0
2001-12-26;24.7;12;24.7
2001-12-27;21.3;12;21.3
2001-12-28;17.8;12;17.8
2001-12-29;16.3;12;16.3
2001-12-30;15.2;12;15.2
2001-12-31;12.5;12;12.5
2002-01-01;11.2;1;11.2
2002-01-02;10.2;1;10.2
2002-01-03;9.0;1;9.0
2002-01-04;8.2;1;8.2
2002-01-05;7.7;1;7.7
2002-01-06;7.4;1;7.4
2002-01-07;6.9;1;6.9
2002-01-08;6.8;1;6.8
2002-01-09;6.8;1;6.8
2002-01-10;6.5;1;6.5
2002-01-11;6.2;1;6.2
2002-01-12;6.2;1;6.2
2002-01-13;6.2;1;6.2
2002-01-14;6.7;1;6.7
2002-01-15;6.8;1;6.8
2002-01-16;8.2;1;8.2
2002-01-17;9.5;1;9.5
2002-01-18;7.3;1;7.3
2002-01-19;6.5;1;6.5
2002-01-20;5.9;1;5.9
2002-01-21;5.4;1;5.4
2002-01-22;6.7;1;6.7
2002-01-23;5.2;1;5.2
2002-01-24;4.8;1;4.8
2002-01-25;4.7;1;4.7
2002-01-26;4.3;1;4.3
2002-01-27;3.9;1;3.9
2002-01-28;3.8;1;3.8
2002-01-29;3.6;1;3.6
2002-01-30;3.7;1;3.7
2002-01-31;4.3;1;4.3
2002-02-01;4.9;2;4.9
2002-02-02;10.3;2;10.3
2002-02-03;6.6;2;6.6
2002-02-04;5.4;2;5.4
2002-02-05;5.1;2;5.1
2002-02-06;5.0;2;5.0
2002-02-07;4.8;2;4.8
2002-02-08;6.6;2;6.6
2002-02-09;10.0;2;10.0
2002-02-10;10.2;2;10.2
2002-02-11;6.8;2;6.8
2002-02-12;6.5;2;6.5
2002-02-13;5.6;2;5.6
2002-02-14;6.5;2;6.5
2002-02-15;5.2;2;5.2
2002-02-16;4.5;2;4.5
2002-02-17;4.1;2;4.1
2002-02-18;4.0;2;4.0
2002-02-19;4.9;2;4.9
2002-02-20;6.6;2;6.6
2002-02-21;4.9;2;4.9
2002-02-22;3.0;2;3.0
2002-02-23;7.4;2;7.4
2002-02-24;5.8;2;5.8
2002-02-25;-999.000;2;4.9
2002-02-26;3.0;2;3.0
2002-02-27;-999.000;2;5.4
2002-02-28;-999.000;2;1.394
2002-03-01;2.9;3;2.9
2002-03-02;2.5;3;2.5
2002-03-03;2.5;3;2.5
2002-03-04;2.0;3;2.0
2002-03-05;2.0;3;2.0
2002-03-06;-999.000;3;2.3
2002-03-07;2.0;3;2.0
2002-03-08;3.0;3;3.0
2002-03-09;2.4;3;2.4
2002-03-10;-999.000;3;3.901
2002-03-11;2.0;3;2.0
2002-03-12;2.0;3;2.0
2002-03-13;10.5;3;10.5
2002-03-14;6.2;3;6.2
2002-03-15;11.8;3;11.8
2002-03-16;10.3;3;10.3
2002-03-17;43.0;3;43.0
2002-03-18;29.0;3;29.0
2002-03-19;35.0;3;35.0
2002-03-20;44.0;3;44.0
2002-03-21;58.0;3;58.0
2002-03-22;98.5;3;98.5
2002-03-23;58.0;3;58.0
2002-03-24;38.0;3;38.0
2002-03-25;56.6;3;56.6
2002-03-26;40.0;3;40.0
2002-03-27;31.7;3;31.7
2002-03-28;36.5;3;36.5
2002-03-29;50.5;3;50.5
2002-03-30;36.5;3;36.5
2002-03-31;26.3;3;26.3
2002-04-01;24.9;4;24.9
2002-04-02;33.1;4;33.1
2002-04-03;53.9;4;53.9
2002-04-04;48.9;4;48.9
2002-04-05;37.2;4;37.2
2002-04-06;74.1;4;74.1
2002-04-07;49.0;4;49.0
2002-04-08;44.7;4;44.7
2002-04-09;63.2;4;63.2
2002-04-10;50.2;4;50.2
2002-04-11;38.7;4;38.7
2002-04-12;33.3;4;33.3
2002-04-13;33.0;4;33.0
2002-04-14;34.3;4;34.3
2002-04-15;50.2;4;50.2
2002-04-16;51.1;4;51.1
2002-04-17;74.5;4;74.5
2002-04-18;78.4;4;78.4
2002-04-19;57.4;4;57.4
2002-04-20;67.6;4;67.6
2002-04-21;63.0;4;63.0
2002-04-22;45.2;4;45.2
2002-04-23;56.2;4;56.2
2002-04-24;64.4;4;64.4
2002-04-25;99.8;4;99.8
2002-04-26;91.9;4;91.9
2002-04-27;77.6;4;77.6
2002-04-28;83.1;4;83.1
2002-04-29;80.3;4;80.3
2002-04-30;73.7;4;73.7
2002-05-01;77.4;5;77.4
2002-05-02;64.6;5;64.6
2002-05-03;62.2;5;62.2
2002-05-04;93.0;5;93.0
2002-05-05;50.2;5;50.2
2002-05-06;43.1;5;43.1
2002-05-07;38.2;5;38.2
2002-05-08;31.5;5;31.5
2002-05-09;26.5;5;26.5
2002-05-10;26.3;5;26.3
2002-05-11;25.8;5;25.8
2002-05-12;22.2;5;22.2
2002-05-13;20.7;5;20.7
2002-05-14;19.2;5;19.2
2002-05-15;15.0;5;15.0
2002-05-16;-999.000;5;76.1
2002-05-17;22.7;5;22.7
2002-05-18;29.0;5;29.0
2002-05-19;38.5;5;38.5
2002-05-20;31.4;5;31.4
2002-05-21;50.1;5;50.1
2002-05-22;38.9;5;38.9
2002-05-23;57.1;5;57.1
2002-05-24;45.0;5;45.0
2002-05-25;55.4;5;55.4
2002-05-26;93.4;5;93.4
2002-05-27;69.9;5;69.9
2002-05-28;66.6;5;66.6
2002-05-29;88.1;5;88.1
2002-05-30;113.9;5;113.9
2002-05-31;92.1;5;92.1
2002-06-01;79.0;6;79.0
2002-06-02;76.8;6;76.8
2002-06-03;91.6;6;91.6
2002-06-04;85.2;6;85.2
2002-06-05;100.4;6;100.4
2002-06-06;105.6;6;105.6
2002-06-07;112.6;6;112.6
2002-06-08;91.3;6;91.3
2002-06-09;92.9;6;92.9
2002-06-10;88.5;6;88.5
2002-06-11;80.5;6;80.5
2002-06-12;76.0;6;76.0
2002-06-13;95.7;6;95.7
2002-06-14;64.9;6;64.9
2002-06-15;57.1;6;57.1
2002-06-16;62.8;6;62.8
2002-06-17;47.8;6;47.8
2002-06-18;43.5;6;43.5
2002-06-19;40.6;6;40.6
2002-06-20;36.2;6;36.2
2002-06-21;34.8;6;34.8
2002-06-22;29.8;6;29.8
2002-06-23;28.0;6;28.0
2002-06-24;31.5;6;31.5
2002-06-25;29.1;6;29.1
2002-06-26;18.4;6;18.4
2002-06-27;18.9;6;18.9
2002-06-28;25.2;6;25.2
2002-06-29;23.5;6;23.5
2002-06-30;23.1;6;23.1
2002-07-01;21.7;7;21.7
2002-07-02;19.8;7;19.8
2002-07-03;18.3;7;18.3
2002-07-04;19.1;7;19.1
2002-07-05;28.4;7;28.4
2002-07-06;55.8;7;55.8
2002-07-07;39.9;7;39.9
2002-07-08;29.3;7;29.3
2002-07-09;24.6;7;24.6
2002-07-10;23.1;7;23.1
2002-07-11;21.2;7;21.2
2002-07-12;19.5;7;19.5
2002-07-13;18.1;7;18.1
2002-07-14;17.5;7;17.5
2002-07-15;16.7;7;16.7
2002-07-16;17.0;7;17.0
2002-07-17;18.9;7;18.9
2002-07-18;12.5;7;12.5
2002-07-19;10.7;7;10.7
2002-07-20;11.5;7;11.5
2002-07-21;12.9;7;12.9
2002-07-22;13.0;7;13.0
2002-07-23;10.8;7;10.8
2002-07-24;11.1;7;11.1
2002-07-25;19.9;7;19.9
2002-07-26;13.4;7;13.4
2002-07-27;11.1;7;11.1
2002-07-28;9.7;7;9.7
2002-07-29;8.6;7;8.6
2002-07-30;8.0;7;8.0
2002-07-31;10.1;7;10.1
2002-08-01;8.5;8;8.5
2002-08-02;7.7;8;7.7
2002-08-03;7.2;8;7.2
2002-08-04;7.1;8;7.1
2002-08-05;8.6;8;8.6
2002-08-06;9.5;8;9.5
2002-08-07;10.1;8;10.1
2002-08-08;7.6;8;7.6
2002-08-09;14.5;8;14.5
2002-08-10;10.9;8;10.9
2002-08-11;8.5;8;8.5
2002-08-12;7.5;8;7.5
2002-08-13;7.2;8;7.2
2002-08-14;6.9;8;6.9
2002-08-15;6.6;8;6.6
2002-08-16;6.3;8;6.3
2002-08-17;5.9;8;5.9
2002-08-18;5.6;8;5.6
2002-08-19;5.6;8;5.6
2002-08-20;6.4;8;6.4
2002-08-21;5.9;8;5.9
2002-08-22;5.4;8;5.4
2002-08-23;5.1;8;5.1
2002-08-24;5.0;8;5.0
2002-08-25;5.6;8;5.6
2002-08-26;9.2;8;9.2
2002-08-27;7.5;8;7.5
2002-08-28;5.5;8;5.5
2002-08-29;-999.000;8;22.1
2002-08-30;16.5;8;16.5
2002-08-31;13.5;8;13.5
2002-09-01;18.3;9;18.3
2002-09-02;21.3;9;21.3
2002-09-03;17.0;9;17.0
2002-09-04;13.0;9;13.0
2002-09-05;11.0;9;11.0
2002-09-06;-999.000;9;6.3
2002-09-07;-999.000;9;13.6
2002-09-08;9.3;9;9.3
2002-09-09;6.7;9;6.7
2002-09-10;6.3;9;6.3
2002-09-11;17.3;9;17.3
2002-09-12;10.8;9;10.8
2002-09-13;8.8;9;8.8
2002-09-14;12.5;9;12.5
2002-09-15;-999.000;9;35.648
2002-09-16;10.8;9;10.8
2002-09-17;6.7;9;6.7
2002-09-18;5.9;9;5.9
2002-09-19;11.8;9;11.8
2002-09-20;7.3;9;7.3
2002-09-21;6.3;9;6.3
2002-09-22;-999.000;9;59.4
2002-09-23;7.4;9;7.4
2002-09-24;7.8;9;7.8
2002-09-25;6.8;9;6.8
2002-09-26;21.9;9;21.9
2002-09-27;23.7;9;23.7
2002-09-28;79.2;9;79.2
2002-09-29;-999.000;9;41.8
2002-09-30;21.6;9;21.6
2002-10-01;-999.000;10;102.0
2002-10-02;-999.000;10;50.6
2002-10-03;-999.000;10;33.6
2002-10-04;8.8;10;8.8
2002-10-05;7.4;10;7.4
2002-10-06;14.3;10;14.3
2002-10-07;8.0;10;8.0
2002-10-08;6.8;10;6.8
2002-10-09;12.3;10;12.3
2002-10-10;9.3;10;9.3
2002-10-11;6.3;10;6.3
2002-10-12;5.6;10;5.6
2002-10-13;5.2;10;5.2
2002-10-14;-999.000;10;71.7
2002-10-15;-999.000;10;60.183
2002-10-16;6.8;10;6.8
2002-10-17;5.3;10;5.3
2002-10-18;21.6;10;21.6
2002-10-19;19.8;10;19.8
2002-10-20;18.9;10;18.9
2002-10-21;-999.000;10;23.4
2002-10-22;70.6;10;70.6
2002-10-23;-999.000;10;76.38
2002-10-24;45.4;10;45.4
2002-10-25;33.0;10;33.0
2002-10-26;23.7;10;23.7
2002-10-27;-999.000;10;49.79
2002-10-28;71.3;10;71.3
2002-10-29;39.0;10;39.0
2002-10-30;85.6;10;85.6
2002-10-31;45.4;10;45.4
2002-11-01;31.0;11;31.0
2002-11-02;-999.000;11;47.5
2002-11-03;-999.000;11;36.18
2002-11-04;-999.000;11;145.942
2002-11-05;55.9;11;55.9
2002-11-06;50.3;11;50.3
2002-11-07;44.0;11;44.0
2002-11-08;91.5;11;91.5
2002-11-09;-999.000;11;19.55
2002-11-10;-999.000;11;80.9
2002-11-11;-999.000;11;8.779
2002-11-12;38.0;11;38.0
2002-11-13;43.0;11;43.0
2002-11-14;91.5;11;91.5
2002-11-15;55.9;11;55.9
2002-11-16;40.5;11;40.5
2002-11-17;-999.000;11;48.4
2002-11-18;28.0;11;28.0
2002-11-19;-999.000;11;90.3
2002-11-20;24.5;11;24.5
2002-11-21;21.9;11;21.9
2002-11-22;19.8;11;19.8
2002-11-23;17.0;11;17.0
2002-11-24;-999.000;11;80.3
2002-11-25;18.9;11;18.9
2002-11-26;16.5;11;16.5
2002-11-27;-999.000;11;65.2
2002-11-28;14.5;11;14.5
2002-11-29;16.0;11;16.0
2002-11-30;-999.000;11;21.2
2002-12-01;33.5;12;33.5
2002-12-02;-999.000;12;28.3
2002-12-03;-999.000;12;66.8
2002-12-04;15.8;12;15.8
2002-12-05;13.0;12;13.0
2002-12-06;12.0;12;12.0
2002-12-07;-999.000;12;55.117
2002-12-08;-999.000;12;7.2
2002-12-09;8.5;12;8.5
2002-12-10;8.0;12;8.0
2002-12-11;-999.000;12;5.749
2002-12-12;-999.000;12;37.1
2002-12-13;6.5;12;6.5
2002-12-14;37.0;12;37.0
2002-12-15;-999.000;12;49.7
2002-12-16;-999.000;12;31.0
2002-12-17;-999.000;12;8.3
2002-12-18;-999.000;12;7.347
2002-12-19;-999.000;12;47.0
2002-12-20;-999.000;12;68.77
2002-12-21;-999.000;12;57.608
2002-12-22;-999.000;12;22.3
2002-12-23;-999.000;12;42.4
2002-12-24;-999.000;12;66.824
2002-12-25;-999.000;12;22.8
2002-12-26;-999.000;12;33.5
2002-12-27;-999.000;12;36.7
2002-12-28;-999.000;12;25.44
2002-12-29;-999.000;12;18.7
2002-12-30;-999.000;12;37.1
2002-12-31;-999.000;12;9.6
2003-01-01;-999.000;1;80.3
2003-01-02;-999.000;1;5.0
2003-01-03;-999.000;1;10.5
2003-01-04;-999.000;1;7.875
2003-01-05;-999.000;1;8.876
2003-01-06;-999.000;1;5.4
2003-01-07;-999.000;1;5.675
2003-01-08;-999.000;1;4.862
2003-01-09;-999.000;1;14.4
2003-01-10;-999.000;1;17.6
2003-01-11;-999.000;1;10.0
2003-01-12;-999.000;1;5.8
2003-01-13;-999.000;1;13.96
2003-01-14;-999.000;1;6.2
2003-01-15;-999.000;1;4.5
2003-01-16;-999.000;1;9.4
2003-01-17;-999.000;1;3.396
2003-01-18;-999.000;1;9.5
2003-01-19;-999.000;1;12.38
2003-01-20;-999.000;1;8.2
2003-01-21;-999.000;1;35.5
2003-01-22;-999.000;1;65.5
2003-01-23;-999.000;1;39.5
2003-01-24;-999.000;1;3.9
2003-01-25;-999.000;1;2.312
2003-01-26;-999.000;1;2.821
2003-01-27;-999.000;1;17.071
2003-01-28;-999.000;1;6.9
2003-01-29;-999.000;1;14.5
2003-01-30;-999.000;1;41.2
2003-01-31;-999.000;1;6.875
2003-02-01;-999.000;2;7.989
2003-02-02;-999.000;2;4.2
2003-02-03;-999.000;2;2.9
2003-02-04;-999.000;2;24.93
2003-02-05;-999.000;2;8.522
2003-02-06;-999.000;2;13.39
2003-02-07;-999.000;2;10.0
2003-02-08;-999.000;2;20.541
2003-02-09;-999.000;2;3.64
2003-02-10;-999.000;2;20.7
2003-02-11;-999.000;2;6.289
2003-02-12;-999.000;2;3.5
2003-02-13;-999.000;2;42.8
2003-02-14;-999.000;2;5.9
2003-02-15;-999.000;2;3.4
2003-02-16;-999.000;2;9.886
2003-02-17;-999.000;2;9.957
2003-02-18;-999.000;2;29.0
2003-02-19;-999.000;2;7.431
2003-02-20;-999.000;2;2.5
2003-02-21;-999.000;2;2.6
2003-02-22;-999.000;2;5.0
2003-02-23;-999.000;2;3.8
2003-02-24;-999.000;2;7.917
2003-02-25;-999.000;2;5.7
2003-02-26;-999.000;2;3.3
2003-02-27;-999.000;2;3.166
2003-02-28;-999.000;2;3.6
2003-03-01;-999.000;3;7.008
2003-03-02;-999.000;3;21.48
2003-03-03;-999.000;3;8.5
2003-03-04;-999.000;3;36.5
2003-03-05;-999.000;3;23.5
2003-03-06;-999.000;3;8.8
2003-03-07;-999.000;3;69.83
2003-03-08;-999.000;3;21.417
2003-03-09;-999.000;3;15.881
2003-03-10;2.0;3;2.0
2003-03-11;-999.000;3;4.2
2003-03-12;-999.000;3;24.1
2003-03-13;6.5;3;6.5
2003-03-14;-999.000;3;9.128
2003-03-15;-999.000;3;23.5
2003-03-16;-999.000;3;4.9
2003-03-17;-999.000;3;22.2
2003-03-18;-999.000;3;7.3
2003-03-19;2.2;3;2.2
2003-03-20;-999.000;3;3.8
2003-03-21;7.9;3;7.9
2003-03-22;3.0;3;3.0
2003-03-23;-999.000;3;28.5
2003-03-24;-999.000;3;3.3
2003-03-25;-999.000;3;54.7
2003-03-26;-999.000;3;6.7
2003-03-27;-999.000;3;9.3
2003-03-28;4.4;3;4.4
2003-03-29;5.9;3;5.9
2003-03-30;6.8;3;6.8
2003-03-31;4.2;3;4.2
2003-04-01;3.0;4;3.0
2003-04-02;2.6;4;2.6
2003-04-03;3.5;4;3.5
2003-04-04;4.0;4;4.0
2003-04-05;9.6;4;9.6
2003-04-06;9.8;4;9.8
2003-04-07;24.2;4;24.2
2003-04-08;22.9;4;22.9
2003-04-09;23.5;4;23.5
2003-04-10;32.3;4;32.3
2003-04-11;25.7;4;25.7
2003-04-12;58.1;4;58.1
2003-04-13;90.2;4;90.2
2003-04-14;81.7;4;81.7
2003-04-15;57.5;4;57.5
2003-04-16;70.1;4;70.1
2003-04-17;52.6;4;52.6
2003-04-18;68.9;4;68.9
2003-04-19;62.8;4;62.8
2003-04-20;84.2;4;84.2
2003-04-21;67.8;4;67.8
2003-04-22;54.1;4;54.1
2003-04-23;47.6;4;47.6
2003-04-24;52.7;4;52.7
2003-04-25;74.8;4;74.8
2003-04-26;69.3;4;69.3
2003-04-27;46.9;4;46.9
2003-04-28;55.1;4;55.1
2003-04-29;38.3;4;38.3
2003-04-30;33.9;4;33.9
2003-05-01;26.1;5;26.1
2003-05-02;29.0;5;29.0
2003-05-03;28.0;5;28.0
2003-05-04;39.6;5;39.6
2003-05-05;49.7;5;49.7
2003-05-06;50.4;5;50.4
2003-05-07;73.2;5;73.2
2003-05-08;79.0;5;79.0
2003-05-09;49.4;5;49.4
2003-05-10;35.5;5;35.5
2003-05-11;33.8;5;33.8
2003-05-12;45.5;5;45.5
2003-05-13;51.2;5;51.2
2003-05-14;41.4;5;41.4
2003-05-15;41.0;5;41.0
2003-05-16;34.4;5;34.4
2003-05-17;32.8;5;32.8
2003-05-18;28.9;5;28.9
2003-05-19;29.0;5;29.0
2003-05-20;30.6;5;30.6
2003-05-21;56.4;5;56.4
2003-05-22;39.6;5;39.6
2003-05-23;40.4;5;40.4
2003-05-24;57.8;5;57.8
2003-05-25;64.1;5;64.1
2003-05-26;43.3;5;43.3
2003-05-27;40.8;5;40.8
2003-05-28;37.6;5;37.6
2003-05-29;31.3;5;31.3
2003-05-30;32.6;5;32.6
2003-05-31;51.9;5;51.9
2003-06-01;67.7;6;67.7
2003-06-02;154.7;6;154.7
2003-06-03;62.7;6;62.7
2003-06-04;81.3;6;81.3
2003-06-05;63.6;6;63.6
2003-06-06;78.2;6;78.2
2003-06-07;47.4;6;47.4
2003-06-08;38.3;6;38.3
2003-06-09;35.1;6;35.1
2003-06-10;43.8;6;43.8
2003-06-11;34.2;6;34.2
2003-06-12;33.8;6;33.8
2003-06-13;24.4;6;24.4
2003-06-14;30.6;6;30.6
2003-06-15;29.3;6;29.3
2003-06-16;46.1;6;46.1
2003-06-17;80.3;6;80.3
2003-06-18;48.9;6;48.9
2003-06-19;42.6;6;42.6
2003-06-20;37.9;6;37.9
2003-06-21;38.2;6;38.2
2003-06-22;37.2;6;37.2
2003-06-23;29.0;6;29.0
2003-06-24;25.2;6;25.2
2003-06-25;24.3;6;24.3
2003-06-26;36.0;6;36.0
2003-06-27;22.3;6;22.3
2003-06-28;20.1;6;20.1
2003-06-29;19.4;6;19.4
2003-06-30;25.7;6;25.7
2003-07-01;19.0;7;19.0
2003-07-02;16.3;7;16.3
2003-07-03;31.2;7;31.2
2003-07-04;20.1;7;20.1
2003-07-05;20.1;7;20.1
2003-07-06;30.2;7;30.2
2003-07-07;19.9;7;19.9
2003-07-08;26.4;7;26.4
2003-07-09;38.3;7;38.3
2003-07-10;25.4;7;25.4
2003-07-11;20.8;7;20.8
2003-07-12;17.7;7;17.7
2003-07-13;15.5;7;15.5
2003-07-14;14.3;7;14.3
2003-07-15;13.4;7;13.4
2003-07-16;14.1;7;14.1
2003-07-17;15.0;7;15.0
2003-07-18;12.6;7;12.6
2003-07-19;11.0;7;11.0
2003-07-20;10.4;7;10.4
2003-07-21;9.9;7;9.9
2003-07-22;9.0;7;9.0
2003-07-23;8.7;7;8.7
2003-07-24;12.8;7;12.8
2003-07-25;8.6;7;8.6
2003-07-26;7.7;7;7.7
2003-07-27;7.2;7;7.2
2003-07-28;6.8;7;6.8
2003-07-29;6.6;7;6.6
2003-07-30;6.2;7;6.2
2003-07-31;12.6;7;12.6
2003-08-01;15.3;8;15.3
2003-08-02;25.8;8;25.8
2003-08-03;18.3;8;18.3
2003-08-04;12.4;8;12.4
2003-08-05;10.6;8;10.6
2003-08-06;15.6;8;15.6
2003-08-07;48.5;8;48.5
2003-08-08;28.1;8;28.1
2003-08-09;18.3;8;18.3
2003-08-10;14.6;8;14.6
2003-08-11;12.9;8;12.9
2003-08-12;22.1;8;22.1
2003-08-13;16.2;8;16.2
2003-08-14;12.7;8;12.7
2003-08-15;11.3;8;11.3
2003-08-16;11.2;8;11.2
2003-08-17;12.8;8;12.8
2003-08-18;35.5;8;35.5
2003-08-19;47.8;8;47.8
2003-08-20;35.9;8;35.9
2003-08-21;47.5;8;47.5
2003-08-22;34.4;8;34.4
2003-08-23;48.3;8;48.3
2003-08-24;38.5;8;38.5
2003-08-25;25.8;8;25.8
2003-08-26;21.1;8;21.1
2003-08-27;18.0;8;18.0
2003-08-28;15.2;8;15.2
2003-08-29;12.7;8;12.7
2003-08-30;11.1;8;11.1
2003-08-31;9.7;8;9.7
2003-09-01;8.4;9;8.4
2003-09-02;7.4;9;7.4
2003-09-03;6.8;9;6.8
2003-09-04;6.3;9;6.3
2003-09-05;5.7;9;5.7
2003-09-06;7.4;9;7.4
2003-09-07;7.4;9;7.4
2003-09-08;9.3;9;9.3
2003-09-09;16.1;9;16.1
2003-09-10;10.1;9;10.1
2003-09-11;13.0;9;13.0
2003-09-12;8.8;9;8.8
2003-09-13;9.7;9;9.7
2003-09-14;7.2;9;7.2
2003-09-15;-999.000;9;32.4
2003-09-16;5.7;9;5.7
2003-09-17;6.3;9;6.3
2003-09-18;-999.000;9;36.2
2003-09-19;-999.000;9;35.4
2003-09-20;16.1;9;16.1
2003-09-21;9.7;9;9.7
2003-09-22;16.1;9;16.1
2003-09-23;-999.000;9;7.26
2003-09-24;7.4;9;7.4
2003-09-25;12.7;9;12.7
2003-09-26;9.5;9;9.5
2003-09-27;-999.000;9;16.4
2003-09-28;40.2;9;40.2
2003-09-29;29.4;9;29.4
2003-09-30;23.5;9;23.5
2003-10-01;17.7;10;17.7
2003-10-02;14.9;10;14.9
2003-10-03;-999.000;10;14.18
2003-10-04;13.4;10;13.4
2003-10-05;21.7;10;21.7
2003-10-06;18.9;10;18.9
2003-10-07;25.2;10;25.2
2003-10-08;17.7;10;17.7
2003-10-09;20.8;10;20.8
2003-10-10;26.6;10;26.6
2003-10-11;42.5;10;42.5
2003-10-12;-999.000;10;13.47
2003-10-13;37.8;10;37.8
2003-10-14;33.6;10;33.6
2003-10-15;62.2;10;62.2
2003-10-16;75.1;10;75.1
2003-10-17;47.4;10;47.4
2003-10-18;45.0;10;45.0
2003-10-19;33.2;10;33.2
2003-10-20;36.0;10;36.0
2003-10-21;45.5;10;45.5
2003-10-22;34.1;10;34.1
2003-10-23;32.2;10;32.2
2003-10-24;26.6;10;26.6
2003-10-25;40.2;10;40.2
2003-10-26;32.2;10;32.2
2003-10-27;28.5;10;28.5
2003-10-28;23.8;10;23.8
2003-10-29;23.8;10;23.8
2003-10-30;22.9;10;22.9
2003-10-31;22.0;10;22.0
2003-11-01;22.0;11;22.0
2003-11-02;19.5;11;19.5
2003-11-03;-999.000;11;83.7
2003-11-04;-999.000;11;34.62
2003-11-05;18.3;11;18.3
2003-11-06;26.6;11;26.6
2003-11-07;38.8;11;38.8
2003-11-08;69.9;11;69.9
2003-11-09;-999.000;11;62.312
2003-11-10;40.2;11;40.2
2003-11-11;72.0;11;72.0
2003-11-12;54.8;11;54.8
2003-11-13;-999.000;11;30.0
2003-11-14;38.8;11;38.8
2003-11-15;45.5;11;45.5
2003-11-16;43.1;11;43.1
2003-11-17;34.6;11;34.6
2003-11-18;41.6;11;41.6
2003-11-19;32.2;11;32.2
2003-11-20;27.6;11;27.6
2003-11-21;39.7;11;39.7
2003-11-22;100.3;11;100.3
2003-11-23;80.7;11;80.7
2003-11-24;72.5;11;72.5
2003-11-25;68.9;11;68.9
2003-11-26;57.2;11;57.2
2003-11-27;67.3;11;67.3
2003-11-28;52.3;11;52.3
2003-11-29;57.2;11;57.2
2003-11-30;-999.000;11;44.28
2003-12-01;47.4;12;47.4
2003-12-02;49.4;12;49.4
2003-12-03;80.2;12;80.2
2003-12-04;58.7;12;58.7
2003-12-05;51.4;12;51.4
2003-12-06;-999.000;12;75.6
2003-12-07;45.5;12;45.5
2003-12-08;41.1;12;41.1
2003-12-09;39.7;12;39.7
2003-12-10;39.7;12;39.7
2003-12-11;42.5;12;42.5
2003-12-12;-999.000;12;21.9
2003-12-13;34.1;12;34.1
2003-12-14;-999.000;12;37.3
2003-12-15;35.0;12;35.0
2003-12-16;31.8;12;31.8
2003-12-17;25.2;12;25.2
2003-12-18;20.8;12;20.8
2003-12-19;17.7;12;17.7
2003-12-20;15.5;12;15.5
2003-12-21;12.4;12;12.4
2003-12-22;10.6;12;10.6
2003-12-23;14.9;12;14.9
2003-12-24;-999.000;12;12.88
2003-12-25;-999.000;12;13.3
2003-12-26;10.8;12;10.8
2003-12-27;8.8;12;8.8
2003-12-28;9.7;12;9.7
2003-12-29;8.4;12;8.4
2003-12-30;7.9;12;7.9
2003-12-31;7.9;12;7.9
2004-01-01;6.5;1;6.5
2004-01-02;6.1;1;6.1
2004-01-03;5.8;1;5.8
2004-01-04;5.8;1;5.8
2004-01-05;6.7;1;6.7
2004-01-06;9.0;1;9.0
2004-01-07;10.4;1;10.4
2004-01-08;14.1;1;14.1
2004-01-09;8.9;1;8.9
2004-01-10;13.9;1;13.9
2004-01-11;17.1;1;17.1
2004-01-12;17.0;1;17.0
2004-01-13;11.1;1;11.1
2004-01-14;8.1;1;8.1
2004-01-15;6.8;1;6.8
2004-01-16;6.1;1;6.1
2004-01-17;5.8;1;5.8
2004-01-18;5.2;1;5.2
2004-01-19;5.0;1;5.0
2004-01-20;4.6;1;4.6
2004-01-21;4.4;1;4.4
2004-01-22;4.5;1;4.5
2004-01-23;4.3;1;4.3
2004-01-24;4.1;1;4.1
2004-01-25;3.9;1;3.9
2004-01-26;3.8;1;3.8
2004-01-27;3.6;1;3.6
2004-01-28;3.5;1;3.5
2004-01-29;3.4;1;3.4
2004-01-30;3.4;1;3.4
2004-01-31;3.3;1;3.3
2004-02-01;3.3;2;3.3
2004-02-02;3.3;2;3.3
2004-02-03;3.3;2;3.3
2004-02-04;3.0;2;3.0
2004-02-05;2.9;2;2.9
2004-02-06;2.7;2;2.7
2004-02-07;2.7;2;2.7
2004-02-08;2.7;2;2.7
2004-02-09;2.6;2;2.6
2004-02-10;2.5;2;2.5
2004-02-11;3.1;2;3.1
2004-02-12;4.3;2;4.3
2004-02-13;3.3;2;3.3
2004-02-14;2.9;2;2.9
2004-02-15;3.4;2;3.4
2004-02-16;2.7;2;2.7
2004-02-17;2.5;2;2.5
2004-02-18;2.3;2;2.3
2004-02-19;2.9;2;2.9
2004-02-20;2.9;2;2.9
2004-02-21;2.7;2;2.7
2004-02-22;2.5;2;2.5
2004-02-23;3.4;2;3.4
2004-02-24;2.8;2;2.8
2004-02-25;2.5;2;2.5
2004-02-26;2.3;2;2.3
2004-02-27;2.3;2;2.3
2004-02-28;2.3;2;2.3
2004-02-29;3.9;2;3.9
2004-03-01;4.4;3;4.4
2004-03-02;4.5;3;4.5
2004-03-03;3.7;3;3.7
2004-03-04;9.2;3;9.2
2004-03-05;8.2;3;8.2
2004-03-06;5.9;3;5.9
2004-03-07;8.5;3;8.5
2004-03-08;14.2;3;14.2
2004-03-09;7.5;3;7.5
2004-03-10;4.9;3;4.9
2004-03-11;4.0;3;4.0
2004-03-12;5.5;3;5.5
2004-03-13;3.8;3;3.8
2004-03-14;3.1;3;3.1
2004-03-15;2.9;3;2.9
2004-03-16;3.1;3;3.1
2004-03-17;2.8;3;2.8
2004-03-18;2.9;3;2.9
2004-03-19;2.5;3;2.5
2004-03-20;2.2;3;2.2
2004-03-21;2.2;3;2.2
2004-03-22;2.1;3;2.1
2004-03-23;2.2;3;2.2
2004-03-24;3.8;3;3.8
2004-03-25;14.0;3;14.0
2004-03-26;17.9;3;17.9
2004-03-27;10.9;3;10.9
2004-03-28;34.0;3;34.0
2004-03-29;15.2;3;15.2
2004-03-30;9.3;3;9.3
2004-03-31;6.7;3;6.7
2004-04-01;11.5;4;11.5
2004-04-02;11.5;4;11.5
2004-04-03;10.9;4;10.9
2004-04-04;8.1;4;8.1
2004-04-05;6.5;4;6.5
2004-04-06;5.3;4;5.3
2004-04-07;17.2;4;17.2
2004-04-08;31.2;4;31.2
2004-04-09;24.6;4;24.6
2004-04-10;19.0;4;19.0
2004-04-11;22.2;4;22.2
2004-04-12;25.4;4;25.4
2004-04-13;21.4;4;21.4
2004-04-14;18.4;4;18.4
2004-04-15;29.1;4;29.1
2004-04-16;44.3;4;44.3
2004-04-17;61.2;4;61.2
2004-04-18;73.3;4;73.3
2004-04-19;53.2;4;53.2
2004-04-20;37.6;4;37.6
2004-04-21;112.2;4;112.2
2004-04-22;83.8;4;83.8
2004-04-23;55.3;4;55.3
2004-04-24;45.6;4;45.6
2004-04-25;68.0;4;68.0
2004-04-26;63.8;4;63.8
2004-04-27;51.0;4;51.0
2004-04-28;90.2;4;90.2
2004-04-29;61.2;4;61.2
2004-04-30;68.0;4;68.0
2004-05-01;89.0;5;89.0
2004-05-02;-999.000;5;176.2
2004-05-03;112.1;5;112.1
2004-05-04;86.9;5;86.9
2004-05-05;68.0;5;68.0
2004-05-06;148.9;5;148.9
2004-05-07;100.6;5;100.6
2004-05-08;89.0;5;89.0
2004-05-09;-999.000;5;24.45
2004-05-10;44.3;5;44.3
2004-05-11;59.5;5;59.5
2004-05-12;-999.000;5;76.3
2004-05-13;47.7;5;47.7
2004-05-14;34.9;5;34.9
2004-05-15;26.2;5;26.2
2004-05-16;23.0;5;23.0
2004-05-17;49.0;5;49.0
2004-05-18;-999.000;5;59.911
2004-05-19;110.8;5;110.8
2004-05-20;-999.000;5;82.66
2004-05-21;75.3;5;75.3
2004-05-22;-999.000;5;90.8
2004-05-23;-999.000;5;41.9
2004-05-24;-999.000;5;168.1
2004-05-25;49.0;5;49.0
2004-05-26;41.6;5;41.6
2004-05-27;36.0;5;36.0
2004-05-28;32.3;5;32.3
2004-05-29;59.5;5;59.5
2004-05-30;-999.000;5;41.66
2004-05-31;-999.000;5;34.1
2004-06-01;-999.000;6;72.18
2004-06-02;31.2;6;31.2
2004-06-03;26.2;6;26.2
2004-06-04;22.2;6;22.2
2004-06-05;49.0;6;49.0
2004-06-06;-999.000;6;15.11
2004-06-07;33.4;6;33.4
2004-06-08;29.1;6;29.1
2004-06-09;22.6;6;22.6
2004-06-10;19.4;6;19.4
2004-06-11;-999.000;6;72.7
2004-06-12;14.7;6;14.7
2004-06-13;-999.000;6;124.73
2004-06-14;-999.000;6;54.5
2004-06-15;16.6;6;16.6
2004-06-16;13.2;6;13.2
2004-06-17;11.1;6;11.1
2004-06-18;9.8;6;9.8
2004-06-19;-999.000;6;5.8
2004-06-20;-999.000;6;38.6
2004-06-21;-999.000;6;11.1
2004-06-22;-999.000;6;29.0
2004-06-23;-999.000;6;8.25
2004-06-24;5.3;6;5.3
2004-06-25;6.8;6;6.8
2004-06-26;-999.000;6;27.0
2004-06-27;-999.000;6;34.5
2004-06-28;-999.000;6;26.5
2004-06-29;5.3;6;5.3
2004-06-30;5.8;6;5.8
2004-07-01;5.3;7;5.3
2004-07-02;8.1;7;8.1
2004-07-03;-999.000;7;69.0
2004-07-04;-999.000;7;66.5
2004-07-05;4.4;7;4.4
2004-07-06;4.4;7;4.4
2004-07-07;10.2;7;10.2
2004-07-08;17.5;7;17.5
2004-07-09;11.8;7;11.8
2004-07-10;6.8;7;6.8
2004-07-11;18.4;7;18.4
2004-07-12;15.9;7;15.9
2004-07-13;22.2;7;22.2
2004-07-14;-999.000;7;4.1
2004-07-15;-999.000;7;40.382
2004-07-16;-999.000;7;12.4
2004-07-17;-999.000;7;11.451
2004-07-18;-999.000;7;10.5
2004-07-19;-999.000;7;9.84
2004-07-20;-999.000;7;5.0
2004-07-21;19.5;7;19.5
2004-07-22;10.6;7;10.6
2004-07-23;10.2;7;10.2
2004-07-24;17.8;7;17.8
2004-07-25;17.5;7;17.5
2004-07-26;15.3;7;15.3
2004-07-27;-999.000;7;36.9
2004-07-28;12.4;7;12.4
2004-07-29;11.1;7;11.1
2004-07-30;12.0;7;12.0
2004-07-31;9.1;7;9.1
2004-08-01;7.6;8;7.6
2004-08-02;6.8;8;6.8
2004-08-03;5.9;8;5.9
2004-08-04;8.1;8;8.1
2004-08-05;7.3;8;7.3
2004-08-06;6.8;8;6.8
2004-08-07;6.5;8;6.5
2004-08-08;-999.000;8;14.6
2004-08-09;-999.000;8;17.19
2004-08-10;5.0;8;5.0
2004-08-11;4.6;8;4.6
2004-08-12;4.4;8;4.4
2004-08-13;-999.000;8;48.16
2004-08-14;-999.000;8;19.03
2004-08-15;4.2;8;4.2
2004-08-16;-999.000;8;12.9
2004-08-17;-999.000;8;9.0
2004-08-18;4.0;8;4.0
2004-08-19;4.2;8;4.2
2004-08-20;4.2;8;4.2
2004-08-21;5.3;8;5.3
2004-08-22;5.9;8;5.9
2004-08-23;4.6;8;4.6
2004-08-24;4.9;8;4.9
2004-08-25;6.8;8;6.8
2004-08-26;5.6;8;5.6
2004-08-27;5.6;8;5.6
2004-08-28;23.8;8;23.8
2004-08-29;7.2;8;7.2
2004-08-30;5.1;8;5.1
2004-08-31;4.4;8;4.4
2004-09-01;-999.000;9;24.8
2004-09-02;3.8;9;3.8
2004-09-03;-999.000;9;8.069
2004-09-04;-999.000;9;31.813
2004-09-05;-999.000;9;12.41
2004-09-06;-999.000;9;13.9
2004-09-07;3.3;9;3.3
2004-09-08;-999.000;9;34.7
2004-09-09;12.9;9;12.9
2004-09-10;11.1;9;11.1
2004-09-11;29.6;9;29.6
2004-09-12;14.1;9;14.1
2004-09-13;10.0;9;10.0
2004-09-14;8.4;9;8.4
2004-09-15;21.0;9;21.0
2004-09-16;19.0;9;19.0
2004-09-17;-999.000;9;16.1
2004-09-18;-999.000;9;37.1
2004-09-19;-999.000;9;50.9
2004-09-20;16.3;9;16.3
2004-09-21;96.6;9;96.6
2004-09-22;25.4;9;25.4
2004-09-23;18.4;9;18.4
2004-09-24;-999.000;9;17.0
2004-09-25;59.5;9;59.5
2004-09-26;25.0;9;25.0
2004-09-27;21.8;9;21.8
2004-09-28;16.6;9;16.6
2004-09-29;19.3;9;19.3
2004-09-30;15.3;9;15.3
2004-10-01;-999.000;10;11.7
2004-10-02;23.8;10;23.8
2004-10-03;23.8;10;23.8
2004-10-04;38.5;10;38.5
2004-10-05;41.6;10;41.6
2004-10-06;45.6;10;45.6
2004-10-07;47.7;10;47.7
2004-10-08;112.2;10;112.2
2004-10-09;51.0;10;51.0
2004-10-10;49.0;10;49.0
2004-10-11;43.0;10;43.0
2004-10-12;49.7;10;49.7
2004-10-13;33.9;10;33.9
2004-10-14;27.0;10;27.0
2004-10-15;27.0;10;27.0
2004-10-16;-999.000;10;105.8
2004-10-17;-999.000;10;17.156
2004-10-18;-999.000;10;20.999
2004-10-19;-999.000;10;19.3
2004-10-20;85.8;10;85.8
2004-10-21;68.0;10;68.0
2004-10-22;95.4;10;95.4
2004-10-23;156.6;10;156.6
2004-10-24;101.8;10;101.8
2004-10-25;68.0;10;68.0
2004-10-26;81.7;10;81.7
2004-10-27;66.3;10;66.3
2004-10-28;66.3;10;66.3
2004-10-29;101.8;10;101.8
2004-10-30;109.6;10;109.6
2004-10-31;89.0;10;89.0
2004-11-01;115.5;11;115.5
2004-11-02;121.5;11;121.5
2004-11-03;141.7;11;141.7
2004-11-04;195.4;11;195.4
2004-11-05;250.6;11;250.6
2004-11-06;148.9;11;148.9
2004-11-07;101.8;11;101.8
2004-11-08;89.0;11;89.0
2004-11-09;89.0;11;89.0
2004-11-10;168.8;11;168.8
2004-11-11;108.3;11;108.3
2004-11-12;-999.000;11;91.6
2004-11-13;89.0;11;89.0
2004-11-14;-999.000;11;156.0
2004-11-15;-999.000;11;95.4
2004-11-16;-999.000;11;42.0
2004-11-17;68.0;11;68.0
2004-11-18;89.0;11;89.0
2004-11-19;108.3;11;108.3
2004-11-20;83.8;11;83.8
2004-11-21;63.8;11;63.8
2004-11-22;51.0;11;51.0
2004-11-23;62.0;11;62.0
2004-11-24;51.0;11;51.0
2004-11-25;59.5;11;59.5
2004-11-26;79.3;11;79.3
2004-11-27;62.0;11;62.0
2004-11-28;53.1;11;53.1
2004-11-29;45.8;11;45.8
2004-11-30;41.7;11;41.7
2004-12-01;43.9;12;43.9
2004-12-02;49.0;12;49.0
2004-12-03;48.3;12;48.3
2004-12-04;37.6;12;37.6
2004-12-05;38.0;12;38.0
2004-12-06;45.6;12;45.6
2004-12-07;54.6;12;54.6
2004-12-08;51.6;12;51.6
2004-12-09;54.6;12;54.6
2004-12-10;43.2;12;43.2
2004-12-11;38.3;12;38.3
2004-12-12;31.9;12;31.9
2004-12-13;29.9;12;29.9
2004-12-14;23.6;12;23.6
2004-12-15;23.5;12;23.5
2004-12-16;33.5;12;33.5
2004-12-17;25.1;12;25.1
2004-12-18;28.7;12;28.7
2004-12-19;24.8;12;24.8
2004-12-20;14.9;12;14.9
2004-12-21;15.5;12;15.5
2004-12-22;17.9;12;17.9
2004-12-23;15.8;12;15.8
2004-12-24;14.7;12;14.7
2004-12-25;13.8;12;13.8
2004-12-26;13.2;12;13.2
2004-12-27;12.3;12;12.3
2004-12-28;12.0;12;12.0
2004-12-29;9.6;12;9.6
2004-12-30;8.4;12;8.4
2004-12-31;8.0;12;8.0
2005-01-01;6.5;1;6.5
2005-01-02;7.3;1;7.3
2005-01-03;8.9;1;8.9
2005-01-04;7.3;1;7.3
2005-01-05;6.2;1;6.2
2005-01-06;6.5;1;6.5
2005-01-07;6.7;1;6.7
2005-01-08;8.7;1;8.7
2005-01-09;14.5;1;14.5
2005-01-10;17.2;1;17.2
2005-01-11;10.4;1;10.4
2005-01-12;12.8;1;12.8
2005-01-13;12.4;1;12.4
2005-01-14;16.7;1;16.7
2005-01-15;9.3;1;9.3
2005-01-16;9.3;1;9.3
2005-01-17;9.4;1;9.4
2005-01-18;11.7;1;11.7
2005-01-19;7.8;1;7.8
2005-01-20;6.9;1;6.9
2005-01-21;6.6;1;6.6
2005-01-22;6.2;1;6.2
2005-01-23;5.9;1;5.9
2005-01-24;5.8;1;5.8
2005-01-25;51.0;1;51.0
2005-01-26;5.4;1;5.4
2005-01-27;5.2;1;5.2
2005-01-28;5.4;1;5.4
2005-01-29;8.5;1;8.5
2005-01-30;9.3;1;9.3
2005-01-31;5.1;1;5.1
2005-02-01;6.6;2;6.6
2005-02-02;4.9;2;4.9
2005-02-03;5.1;2;5.1
2005-02-04;4.2;2;4.2
2005-02-05;3.8;2;3.8
2005-02-06;3.6;2;3.6
2005-02-07;4.7;2;4.7
2005-02-08;11.0;2;11.0
2005-02-09;8.7;2;8.7
2005-02-10;10.2;2;10.2
2005-02-11;31.6;2;31.6
2005-02-12;65.1;2;65.1
2005-02-13;29.4;2;29.4
2005-02-14;16.4;2;16.4
2005-02-15;13.5;2;13.5
2005-02-16;11.5;2;11.5
2005-02-17;9.5;2;9.5
2005-02-18;8.4;2;8.4
2005-02-19;7.5;2;7.5
2005-02-20;7.0;2;7.0
2005-02-21;6.8;2;6.8
2005-02-22;7.5;2;7.5
2005-02-23;6.4;2;6.4
2005-02-24;6.1;2;6.1
2005-02-25;5.8;2;5.8
2005-02-26;5.4;2;5.4
2005-02-27;5.4;2;5.4
2005-02-28;6.1;2;6.1
2005-03-01;9.6;3;9.6
2005-03-02;5.9;3;5.9
2005-03-03;8.8;3;8.8
2005-03-04;15.2;3;15.2
2005-03-05;10.5;3;10.5
2005-03-06;5.3;3;5.3
2005-03-07;5.6;3;5.6
2005-03-08;5.0;3;5.0
2005-03-09;5.6;3;5.6
2005-03-10;8.2;3;8.2
2005-03-11;5.0;3;5.0
2005-03-12;4.4;3;4.4
2005-03-13;4.0;3;4.0
2005-03-14;3.7;3;3.7
2005-03-15;3.6;3;3.6
2005-03-16;3.8;3;3.8
2005-03-17;3.4;3;3.4
2005-03-18;4.2;3;4.2
2005-03-19;3.6;3;3.6
2005-03-20;4.9;3;4.9
2005-03-21;3.6;3;3.6
2005-03-22;3.2;3;3.2
2005-03-23;3.1;3;3.1
2005-03-24;3.9;3;3.9
2005-03-25;4.2;3;4.2
2005-03-26;6.2;3;6.2
2005-03-27;4.1;3;4.1
2005-03-28;3.8;3;3.8
2005-03-29;4.9;3;4.9
2005-03-30;3.3;3;3.3
2005-03-31;3.1;3;3.1
2005-04-01;7.2;4;7.2
2005-04-02;5.3;4;5.3
2005-04-03;40.7;4;40.7
2005-04-04;15.0;4;15.0
2005-04-05;8.5;4;8.5
2005-04-06;5.6;4;5.6
2005-04-07;10.3;4;10.3
2005-04-08;10.9;4;10.9
2005-04-09;5.3;4;5.3
2005-04-10;36.7;4;36.7
2005-04-11;33.6;4;33.6
2005-04-12;23.8;4;23.8
2005-04-13;24.4;4;24.4
2005-04-14;13.3;4;13.3
2005-04-15;9.1;4;9.1
2005-04-16;7.8;4;7.8
2005-04-17;8.4;4;8.4
2005-04-18;11.4;4;11.4
2005-04-19;20.6;4;20.6
2005-04-20;54.2;4;54.2
2005-04-21;16.7;4;16.7
2005-04-22;22.2;4;22.2
2005-04-23;22.9;4;22.9
2005-04-24;35.0;4;35.0
2005-04-25;30.0;4;30.0
2005-04-26;20.7;4;20.7
2005-04-27;15.1;4;15.1
2005-04-28;14.4;4;14.4
2005-04-29;20.3;4;20.3
2005-04-30;29.5;4;29.5
2005-05-01;65.1;5;65.1
2005-05-02;81.4;5;81.4
2005-05-03;112.2;5;112.2
2005-05-04;82.3;5;82.3
2005-05-05;70.1;5;70.1
2005-05-06;67.7;5;67.7
2005-05-07;35.0;5;35.0
2005-05-08;58.9;5;58.9
2005-05-09;85.8;5;85.8
2005-05-10;45.4;5;45.4
2005-05-11;28.3;5;28.3
2005-05-12;22.2;5;22.2
2005-05-13;18.1;5;18.1
2005-05-14;15.9;5;15.9
2005-05-15;23.7;5;23.7
2005-05-16;35.6;5;35.6
2005-05-17;20.2;5;20.2
2005-05-18;19.6;5;19.6
2005-05-19;116.4;5;116.4
2005-05-20;48.3;5;48.3
2005-05-21;32.6;5;32.6
2005-05-22;30.4;5;30.4
2005-05-23;31.6;5;31.6
2005-05-24;32.4;5;32.4
2005-05-25;28.3;5;28.3
2005-05-26;33.8;5;33.8
2005-05-27;31.9;5;31.9
2005-05-28;19.1;5;19.1
2005-05-29;16.8;5;16.8
2005-05-30;15.0;5;15.0
2005-05-31;14.9;5;14.9
2005-06-01;18.8;6;18.8
2005-06-02;28.1;6;28.1
2005-06-03;79.1;6;79.1
2005-06-04;42.0;6;42.0
2005-06-05;30.3;6;30.3
2005-06-06;34.6;6;34.6
2005-06-07;131.6;6;131.6
2005-06-08;94.6;6;94.6
2005-06-09;56.4;6;56.4
2005-06-10;59.5;6;59.5
2005-06-11;60.5;6;60.5
2005-06-12;50.6;6;50.6
2005-06-13;25.4;6;25.4
2005-06-14;19.8;6;19.8
2005-06-15;15.9;6;15.9
2005-06-16;13.5;6;13.5
2005-06-17;11.3;6;11.3
2005-06-18;10.0;6;10.0
2005-06-19;9.5;6;9.5
2005-06-20;9.0;6;9.0
2005-06-21;8.3;6;8.3
2005-06-22;7.3;6;7.3
2005-06-23;6.7;6;6.7
2005-06-24;6.7;6;6.7
2005-06-25;5.9;6;5.9
2005-06-26;6.2;6;6.2
2005-06-27;7.2;6;7.2
2005-06-28;12.3;6;12.3
2005-06-29;5.9;6;5.9
2005-06-30;6.2;6;6.2
2005-07-01;6.1;7;6.1
2005-07-02;5.7;7;5.7
2005-07-03;6.6;7;6.6
2005-07-04;6.1;7;6.1
2005-07-05;13.5;7;13.5
2005-07-06;14.2;7;14.2
2005-07-07;7.0;7;7.0
2005-07-08;5.6;7;5.6
2005-07-09;5.3;7;5.3
2005-07-10;4.9;7;4.9
2005-07-11;4.5;7;4.5
2005-07-12;5.9;7;5.9
2005-07-13;6.0;7;6.0
2005-07-14;10.2;7;10.2
2005-07-15;12.1;7;12.1
2005-07-16;11.0;7;11.0
2005-07-17;9.0;7;9.0
2005-07-18;7.5;7;7.5
2005-07-19;7.1;7;7.1
2005-07-20;6.1;7;6.1
2005-07-21;5.2;7;5.2
2005-07-22;8.7;7;8.7
2005-07-23;6.1;7;6.1
2005-07-24;5.1;7;5.1
2005-07-25;5.3;7;5.3
2005-07-26;4.3;7;4.3
2005-07-27;3.9;7;3.9
2005-07-28;3.7;7;3.7
2005-07-29;3.5;7;3.5
2005-07-30;3.3;7;3.3
2005-07-31;3.2;7;3.2
2005-08-01;3.1;8;3.1
2005-08-02;3.1;8;3.1
2005-08-03;2.9;8;2.9
2005-08-04;2.8;8;2.8
2005-08-05;2.8;8;2.8
2005-08-06;2.7;8;2.7
2005-08-07;2.6;8;2.6
2005-08-08;2.8;8;2.8
2005-08-09;2.5;8;2.5
2005-08-10;2.5;8;2.5
2005-08-11;2.4;8;2.4
2005-08-12;2.4;8;2.4
2005-08-13;2.5;8;2.5
2005-08-14;2.6;8;2.6
2005-08-15;3.9;8;3.9
2005-08-16;4.1;8;4.1
2005-08-17;2.8;8;2.8
2005-08-18;2.5;8;2.5
2005-08-19;3.5;8;3.5
2005-08-20;2.6;8;2.6
2005-08-21;2.5;8;2.5
2005-08-22;13.4;8;13.4
2005-08-23;10.2;8;10.2
2005-08-24;7.0;8;7.0
2005-08-25;4.7;8;4.7
2005-08-26;3.9;8;3.9
2005-08-27;3.7;8;3.7
2005-08-28;4.3;8;4.3
2005-08-29;4.0;8;4.0
2005-08-30;7.9;8;7.9
2005-08-31;16.6;8;16.6
2005-09-01;12.3;9;12.3
2005-09-02;9.3;9;9.3
2005-09-03;8.5;9;8.5
2005-09-04;13.6;9;13.6
2005-09-05;9.3;9;9.3
2005-09-06;9.2;9;9.2
2005-09-07;15.3;9;15.3
2005-09-08;6.9;9;6.9
2005-09-09;5.8;9;5.8
2005-09-10;5.0;9;5.0
2005-09-11;4.5;9;4.5
2005-09-12;4.4;9;4.4
2005-09-13;3.6;9;3.6
2005-09-14;3.2;9;3.2
2005-09-15;5.8;9;5.8
2005-09-16;3.9;9;3.9
2005-09-17;3.1;9;3.1
2005-09-18;2.9;9;2.9
2005-09-19;2.7;9;2.7
2005-09-20;2.6;9;2.6
2005-09-21;2.6;9;2.6
2005-09-22;3.0;9;3.0
2005-09-23;5.8;9;5.8
2005-09-24;17.3;9;17.3
2005-09-25;8.9;9;8.9
2005-09-26;6.1;9;6.1
2005-09-27;18.5;9;18.5
2005-09-28;32.6;9;32.6
2005-09-29;14.2;9;14.2
2005-09-30;11.5;9;11.5
2005-10-01;16.3;10;16.3
2005-10-02;42.1;10;42.1
2005-10-03;15.8;10;15.8
2005-10-04;17.5;10;17.5
2005-10-05;17.1;10;17.1
2005-10-06;30.3;10;30.3
2005-10-07;51.1;10;51.1
2005-10-08;19.3;10;19.3
2005-10-09;18.6;10;18.6
2005-10-10;27.3;10;27.3
2005-10-11;28.1;10;28.1
2005-10-12;21.3;10;21.3
2005-10-13;19.8;10;19.8
2005-10-14;19.5;10;19.5
2005-10-15;16.1;10;16.1
2005-10-16;17.3;10;17.3
2005-10-17;37.5;10;37.5
2005-10-18;19.3;10;19.3
2005-10-19;32.5;10;32.5
2005-10-20;55.9;10;55.9
2005-10-21;91.7;10;91.7
2005-10-22;69.9;10;69.9
2005-10-23;137.2;10;137.2
2005-10-24;62.8;10;62.8
2005-10-25;63.9;10;63.9
2005-10-26;56.8;10;56.8
2005-10-27;56.8;10;56.8
2005-10-28;42.8;10;42.8
2005-10-29;41.4;10;41.4
2005-10-30;39.6;10;39.6
2005-10-31;51.3;10;51.3
2005-11-01;49.2;11;49.2
2005-11-02;56.4;11;56.4
2005-11-03;44.8;11;44.8
2005-11-04;86.6;11;86.6
2005-11-05;54.2;11;54.2
2005-11-06;134.1;11;134.1
2005-11-07;118.7;11;118.7
2005-11-08;71.0;11;71.0
2005-11-09;129.0;11;129.0
2005-11-10;223.3;11;223.3
2005-11-11;127.9;11;127.9
2005-11-12;119.9;11;119.9
2005-11-13;140.4;11;140.4
2005-11-14;96.5;11;96.5
2005-11-15;77.1;11;77.1
2005-11-16;63.1;11;63.1
2005-11-17;54.5;11;54.5
2005-11-18;47.7;11;47.7
2005-11-19;46.7;11;46.7
2005-11-20;40.6;11;40.6
2005-11-21;40.4;11;40.4
2005-11-22;53.1;11;53.1
2005-11-23;58.8;11;58.8
2005-11-24;96.0;11;96.0
2005-11-25;66.3;11;66.3
2005-11-26;60.4;11;60.4
2005-11-27;48.8;11;48.8
2005-11-28;40.9;11;40.9
2005-11-29;36.7;11;36.7
2005-11-30;32.9;11;32.9
2005-12-01;30.7;12;30.7
2005-12-02;28.1;12;28.1
2005-12-03;26.7;12;26.7
2005-12-04;28.2;12;28.2
2005-12-05;35.6;12;35.6
2005-12-06;25.8;12;25.8
2005-12-07;23.4;12;23.4
2005-12-08;22.8;12;22.8
2005-12-09;23.4;12;23.4
2005-12-10;20.6;12;20.6
2005-12-11;19.6;12;19.6
2005-12-12;16.8;12;16.8
2005-12-13;11.3;12;11.3
2005-12-14;20.4;12;20.4
2005-12-15;27.2;12;27.2
2005-12-16;34.7;12;34.7
2005-12-17;32.5;12;32.5
2005-12-18;30.0;12;30.0
2005-12-19;26.3;12;26.3
2005-12-20;24.6;12;24.6
2005-12-21;39.8;12;39.8
2005-12-22;42.0;12;42.0
2005-12-23;54.5;12;54.5
2005-12-24;29.7;12;29.7
2005-12-25;29.1;12;29.1
2005-12-26;24.2;12;24.2
2005-12-27;21.0;12;21.0
2005-12-28;18.7;12;18.7
2005-12-29;15.6;12;15.6
2005-12-30;13.2;12;13.2
2005-12-31;9.6;12;9.6
2006-01-01;7.18;1;7.18
2006-01-02;6.707;1;6.707
2006-01-03;7.022;1;7.022
2006-01-04;7.652;1;7.652
2006-01-05;8.755;1;8.755
2006-01-06;12.12;1;12.12
2006-01-07;12.44;1;12.44
2006-01-08;13.38;1;13.38
2006-01-09;18.57;1;18.57
2006-01-10;17.18;1;17.18
2006-01-11;12.69;1;12.69
2006-01-12;11.55;1;11.55
2006-01-13;10.88;1;10.88
2006-01-14;10.22;1;10.22
2006-01-15;9.994;1;9.994
2006-01-16;10.66;1;10.66
2006-01-17;13.96;1;13.96
2006-01-18;12.0;1;12.0
2006-01-19;9.328;1;9.328
2006-01-20;8.662;1;8.662
2006-01-21;8.282;1;8.282
2006-01-22;7.967;1;7.967
2006-01-23;7.874;1;7.874
2006-01-24;9.374;1;9.374
2006-01-25;5.93;1;5.93
2006-01-26;4.75;1;4.75
2006-01-27;4.426;1;4.426
2006-01-28;5.514;1;5.514
2006-01-29;9.881;1;9.881
2006-01-30;5.975;1;5.975
2006-01-31;15.55;1;15.55
2006-02-01;9.87;2;9.87
2006-02-02;8.819;2;8.819
2006-02-03;14.23;2;14.23
2006-02-04;15.3;2;15.3
2006-02-05;7.989;2;7.989
2006-02-06;6.156;2;6.156
2006-02-07;5.376;2;5.376
2006-02-08;4.912;2;4.912
2006-02-09;4.615;2;4.615
2006-02-10;4.399;2;4.399
2006-02-11;4.156;2;4.156
2006-02-12;3.994;2;3.994
2006-02-13;3.967;2;3.967
2006-02-14;3.589;2;3.589
2006-02-15;3.322;2;3.322
2006-02-16;3.139;2;3.139
2006-02-17;3.422;2;3.422
2006-02-18;3.535;2;3.535
2006-02-19;3.107;2;3.107
2006-02-20;2.99;2;2.99
2006-02-21;2.867;2;2.867
2006-02-22;3.061;2;3.061
2006-02-23;2.792;2;2.792
2006-02-24;2.354;2;2.354
2006-02-25;2.238;2;2.238
2006-02-26;2.261;2;2.261
2006-02-27;3.334;2;3.334
2006-02-28;2.996;2;2.996
2006-03-01;2.599;3;2.599
2006-03-02;2.663;3;2.663
2006-03-03;2.714;3;2.714
2006-03-04;2.22;3;2.22
2006-03-05;2.547;3;2.547
2006-03-06;2.424;3;2.424
2006-03-07;13.96;3;13.96
2006-03-08;15.4;3;15.4
2006-03-09;24.14;3;24.14
2006-03-10;38.63;3;38.63
2006-03-11;26.79;3;26.79
2006-03-12;26.53;3;26.53
2006-03-13;14.16;3;14.16
2006-03-14;11.36;3;11.36
2006-03-15;10.72;3;10.72
2006-03-16;13.89;3;13.89
2006-03-17;19.28;3;19.28
2006-03-18;19.43;3;19.43
2006-03-19;25.09;3;25.09
2006-03-20;28.98;3;28.98
2006-03-21;29.73;3;29.73
2006-03-22;27.85;3;27.85
2006-03-23;31.22;3;31.22
2006-03-24;73.52;3;73.52
2006-03-25;55.83;3;55.83
2006-03-26;46.44;3;46.44
2006-03-27;63.01;3;63.01
2006-03-28;55.41;3;55.41
2006-03-29;33.1;3;33.1
2006-03-30;28.69;3;28.69
2006-03-31;23.54;3;23.54
2006-04-01;25.83;4;25.83
2006-04-02;31.77;4;31.77
2006-04-03;26.0;4;26.0
2006-04-04;109.4;4;109.4
2006-04-05;173.8;4;173.8
2006-04-06;152.7;4;152.7
2006-04-07;107.7;4;107.7
2006-04-08;110.3;4;110.3
2006-04-09;112.4;4;112.4
2006-04-10;73.71;4;73.71
2006-04-11;111.5;4;111.5
2006-04-12;98.68;4;98.68
2006-04-13;87.85;4;87.85
2006-04-14;91.55;4;91.55
2006-04-15;76.04;4;76.04
2006-04-16;64.46;4;64.46
2006-04-17;58.89;4;58.89
2006-04-18;69.9;4;69.9
2006-04-19;80.93;4;80.93
2006-04-20;102.5;4;102.5
2006-04-21;103.4;4;103.4
2006-04-22;66.41;4;66.41
2006-04-23;54.87;4;54.87
2006-04-24;51.65;4;51.65
2006-04-25;117.3;4;117.3
2006-04-26;97.44;4;97.44
2006-04-27;189.6;4;189.6
2006-04-28;105.5;4;105.5
2006-04-29;90.53;4;90.53
2006-04-30;262.7;4;262.7
2006-05-01;169.5;5;169.5
2006-05-02;155.1;5;155.1
2006-05-03;158.0;5;158.0
2006-05-04;123.7;5;123.7
2006-05-05;141.5;5;141.5
2006-05-06;131.2;5;131.2
2006-05-07;105.7;5;105.7
2006-05-08;149.9;5;149.9
2006-05-09;209.5;5;209.5
2006-05-10;168.1;5;168.1
2006-05-11;151.6;5;151.6
2006-05-12;178.1;5;178.1
2006-05-13;143.5;5;143.5
2006-05-14;104.0;5;104.0
2006-05-15;90.51;5;90.51
2006-05-16;85.88;5;85.88
2006-05-17;94.17;5;94.17
2006-05-18;91.18;5;91.18
2006-05-19;103.2;5;103.2
2006-05-20;91.55;5;91.55
2006-05-21;74.8;5;74.8
2006-05-22;67.39;5;67.39
2006-05-23;60.22;5;60.22
2006-05-24;55.77;5;55.77
2006-05-25;51.3;5;51.3
2006-05-26;48.29;5;48.29
2006-05-27;45.99;5;45.99
2006-05-28;46.76;5;46.76
2006-05-29;52.61;5;52.61
2006-05-30;55.31;5;55.31
2006-05-31;50.74;5;50.74
2006-06-01;46.14;6;46.14
2006-06-02;50.53;6;50.53
2006-06-03;80.7;6;80.7
2006-06-04;62.92;6;62.92
2006-06-05;79.79;6;79.79
2006-06-06;74.01;6;74.01
2006-06-07;92.88;6;92.88
2006-06-08;98.07;6;98.07
2006-06-09;79.15;6;79.15
2006-06-10;90.62;6;90.62
2006-06-11;82.49;6;82.49
2006-06-12;93.99;6;93.99
2006-06-13;72.98;6;72.98
2006-06-14;92.6;6;92.6
2006-06-15;71.39;6;71.39
2006-06-16;60.64;6;60.64
2006-06-17;55.37;6;55.37
2006-06-18;47.68;6;47.68
2006-06-19;53.78;6;53.78
2006-06-20;61.04;6;61.04
2006-06-21;46.95;6;46.95
2006-06-22;42.29;6;42.29
2006-06-23;38.25;6;38.25
2006-06-24;34.95;6;34.95
2006-06-25;33.06;6;33.06
2006-06-26;31.35;6;31.35
2006-06-27;30.95;6;30.95
2006-06-28;28.37;6;28.37
2006-06-29;26.86;6;26.86
2006-06-30;25.5;6;25.5
2006-07-01;24.29;7;24.29
2006-07-02;23.17;7;23.17
2006-07-03;22.43;7;22.43
2006-07-04;21.45;7;21.45
2006-07-05;20.71;7;20.71
2006-07-06;20.27;7;20.27
2006-07-07;19.8;7;19.8
2006-07-08;18.61;7;18.61
2006-07-09;18.35;7;18.35
2006-07-10;17.72;7;17.72
2006-07-11;17.16;7;17.16
2006-07-12;16.3;7;16.3
2006-07-13;15.77;7;15.77
2006-07-14;13.31;7;13.31
2006-07-15;14.26;7;14.26
2006-07-16;12.18;7;12.18
2006-07-17;11.84;7;11.84
2006-07-18;12.4;7;12.4
2006-07-19;10.9;7;10.9
2006-07-20;10.25;7;10.25
2006-07-21;10.6;7;10.6
2006-07-22;13.55;7;13.55
2006-07-23;11.3;7;11.3
2006-07-24;10.22;7;10.22
2006-07-25;7.786;7;7.786
2006-07-26;11.2;7;11.2
2006-07-27;11.61;7;11.61
2006-07-28;15.04;7;15.04
2006-07-29;15.87;7;15.87
2006-07-30;12.22;7;12.22
2006-07-31;7.779;7;7.779
2006-08-01;8.099;8;8.099
2006-08-02;7.823;8;7.823
2006-08-03;7.482;8;7.482
2006-08-04;6.996;8;6.996
2006-08-05;6.957;8;6.957
2006-08-06;6.852;8;6.852
2006-08-07;7.564;8;7.564
2006-08-08;8.627;8;8.627
2006-08-09;8.333;8;8.333
2006-08-10;5.972;8;5.972
2006-08-11;5.789;8;5.789
2006-08-12;5.487;8;5.487
2006-08-13;5.579;8;5.579
2006-08-14;5.579;8;5.579
2006-08-15;5.47;8;5.47
2006-08-16;11.95;8;11.95
2006-08-17;10.22;8;10.22
2006-08-18;21.25;8;21.25
2006-08-19;11.21;8;11.21
2006-08-20;8.165;8;8.165
2006-08-21;6.708;8;6.708
2006-08-22;6.025;8;6.025
2006-08-23;5.946;8;5.946
2006-08-24;7.225;8;7.225
2006-08-25;5.908;8;5.908
2006-08-26;11.5;8;11.5
2006-08-27;9.345;8;9.345
2006-08-28;8.399;8;8.399
2006-08-29;12.88;8;12.88
2006-08-30;11.1;8;11.1
2006-08-31;9.328;8;9.328
2006-09-01;9.032;9;9.032
2006-09-02;8.461;9;8.461
2006-09-03;8.294;9;8.294
2006-09-04;8.564;9;8.564
2006-09-05;10.89;9;10.89
2006-09-06;7.338;9;7.338
2006-09-07;7.859;9;7.859
2006-09-08;9.458;9;9.458
2006-09-09;7.875;9;7.875
2006-09-10;6.093;9;6.093
2006-09-11;10.1;9;10.1
2006-09-12;16.94;9;16.94
2006-09-13;31.2;9;31.2
2006-09-14;14.58;9;14.58
2006-09-15;12.53;9;12.53
2006-09-16;9.772;9;9.772
2006-09-17;8.306;9;8.306
2006-09-18;8.063;9;8.063
2006-09-19;16.06;9;16.06
2006-09-20;33.39;9;33.39
2006-09-21;23.94;9;23.94
2006-09-22;17.89;9;17.89
2006-09-23;52.41;9;52.41
2006-09-24;77.68;9;77.68
2006-09-25;23.43;9;23.43
2006-09-26;22.14;9;22.14
2006-09-27;13.99;9;13.99
2006-09-28;11.1;9;11.1
2006-09-29;9.827;9;9.827
2006-09-30;11.55;9;11.55
2006-10-01;12.53;10;12.53
2006-10-02;49.76;10;49.76
2006-10-03;49.61;10;49.61
2006-10-04;22.46;10;22.46
2006-10-05;15.92;10;15.92
2006-10-06;11.77;10;11.77
2006-10-07;9.772;10;9.772
2006-10-08;8.628;10;8.628
2006-10-09;11.18;10;11.18
2006-10-10;15.87;10;15.87
2006-10-11;84.78;10;84.78
2006-10-12;72.58;10;72.58
2006-10-13;82.79;10;82.79
2006-10-14;36.01;10;36.01
2006-10-15;33.37;10;33.37
2006-10-16;-999.000;10;82.79
2006-10-17;-999.000;10;79.357
2006-10-18;40.27;10;40.27
2006-10-19;32.32;10;32.32
2006-10-20;25.43;10;25.43
2006-10-21;23.81;10;23.81
2006-10-22;26.24;10;26.24
2006-10-23;31.26;10;31.26
2006-10-24;33.37;10;33.37
2006-10-25;44.31;10;44.31
2006-10-26;31.26;10;31.26
2006-10-27;32.32;10;32.32
2006-10-28;78.48;10;78.48
2006-10-29;74.28;10;74.28
2006-10-30;76.38;10;76.38
2006-10-31;72.18;10;72.18
2006-11-01;57.82;11;57.82
2006-11-02;40.27;11;40.27
2006-11-03;40.94;11;40.94
2006-11-04;34.42;11;34.42
2006-11-05;29.16;11;29.16
2006-11-06;39.37;11;39.37
2006-11-07;47.68;11;47.68
2006-11-08;62.9;11;62.9
2006-11-09;-999.000;11;21.253
2006-11-10;76.38;11;76.38
2006-11-11;61.2;11;61.2
2006-11-12;94.11;11;94.11
2006-11-13;80.57;11;80.57
2006-11-14;120.9;11;120.9
2006-11-15;139.5;11;139.5
2006-11-16;153.2;11;153.2
2006-11-17;120.9;11;120.9
2006-11-18;104.4;11;104.4
2006-11-19;77.43;11;77.43
2006-11-20;64.59;11;64.59
2006-11-21;88.97;11;88.97
2006-11-22;80.57;11;80.57
2006-11-23;74.28;11;74.28
2006-11-24;82.67;11;82.67
2006-11-25;86.87;11;86.87
2006-11-26;-999.000;11;24.748
2006-11-27;64.59;11;64.59
2006-11-28;117.8;11;117.8
2006-11-29;94.11;11;94.11
2006-11-30;88.97;11;88.97
2006-12-01;67.98;12;67.98
2006-12-02;70.08;12;70.08
2006-12-03;64.59;12;64.59
2006-12-04;51.04;12;51.04
2006-12-05;50.04;12;50.04
2006-12-06;72.18;12;72.18
2006-12-07;76.38;12;76.38
2006-12-08;86.29;12;86.29
2006-12-09;67.98;12;67.98
2006-12-10;87.34;12;87.34
2006-12-11;67.98;12;67.98
2006-12-12;104.4;12;104.4
2006-12-13;99.25;12;99.25
2006-12-14;71.13;12;71.13
2006-12-15;59.51;12;59.51
2006-12-16;52.73;12;52.73
2006-12-17;47.0;12;47.0
2006-12-18;40.27;12;40.27
2006-12-19;44.31;12;44.31
2006-12-20;40.27;12;40.27
2006-12-21;54.43;12;54.43
2006-12-22;-999.000;12;10.01
2006-12-23;33.37;12;33.37
2006-12-24;28.1;12;28.1
2006-12-25;-999.000;12;23.5
2006-12-26;26.24;12;26.24
2006-12-27;27.05;12;27.05
2006-12-28;28.63;12;28.63
2006-12-29;22.2;12;22.2
2006-12-30;16.22;12;16.22
2006-12-31;8.884;12;8.884
2007-01-01;12.38;1;12.38
2007-01-02;11.23;1;11.23
2007-01-03;10.22;1;10.22
2007-01-04;8.903;1;8.903
2007-01-05;9.041;1;9.041
2007-01-06;9.384;1;9.384
2007-01-07;7.968;1;7.968
2007-01-08;7.337;1;7.337
2007-01-09;21.9;1;21.9
2007-01-10;12.35;1;12.35
2007-01-11;9.772;1;9.772
2007-01-12;11.37;1;11.37
2007-01-13;7.81;1;7.81
2007-01-14;7.518;1;7.518
2007-01-15;11.0;1;11.0
2007-01-16;9.739;1;9.739
2007-01-17;9.722;1;9.722
2007-01-18;9.602;1;9.602
2007-01-19;10.27;1;10.27
2007-01-20;17.45;1;17.45
2007-01-21;8.582;1;8.582
2007-01-22;20.24;1;20.24
2007-01-23;10.24;1;10.24
2007-01-24;7.023;1;7.023
2007-01-25;6.288;1;6.288
2007-01-26;6.708;1;6.708
2007-01-27;8.834;1;8.834
2007-01-28;6.235;1;6.235
2007-01-29;5.316;1;5.316
2007-01-30;4.858;1;4.858
2007-01-31;5.102;1;5.102
2007-02-01;4.978;2;4.978
2007-02-02;4.21;2;4.21
2007-02-03;3.886;2;3.886
2007-02-04;3.67;2;3.67
2007-02-05;3.454;2;3.454
2007-02-06;3.346;2;3.346
2007-02-07;3.238;2;3.238
2007-02-08;3.13;2;3.13
2007-02-09;3.781;2;3.781
2007-02-10;5.076;2;5.076
2007-02-11;4.355;2;4.355
2007-02-12;3.34;2;3.34
2007-02-13;3.22;2;3.22
2007-02-14;3.013;2;3.013
2007-02-15;3.922;2;3.922
2007-02-16;3.319;2;3.319
2007-02-17;3.081;2;3.081
2007-02-18;3.031;2;3.031
2007-02-19;2.873;2;2.873
2007-02-20;2.757;2;2.757
2007-02-21;2.71;2;2.71
2007-02-22;2.587;2;2.587
2007-02-23;2.57;2;2.57
2007-02-24;2.43;2;2.43
2007-02-25;2.418;2;2.418
2007-02-26;2.564;2;2.564
2007-02-27;2.43;2;2.43
2007-02-28;2.29;2;2.29
2007-03-01;2.232;3;2.232
2007-03-02;2.15;3;2.15
2007-03-03;2.132;3;2.132
2007-03-04;2.267;3;2.267
2007-03-05;2.699;3;2.699
2007-03-06;3.085;3;3.085
2007-03-07;2.76;3;2.76
2007-03-08;2.389;3;2.389
2007-03-09;7.309;3;7.309
2007-03-10;7.31;3;7.31
2007-03-11;8.191;3;8.191
2007-03-12;8.512;3;8.512
2007-03-13;4.946;3;4.946
2007-03-14;4.165;3;4.165
2007-03-15;20.39;3;20.39
2007-03-16;20.02;3;20.02
2007-03-17;12.05;3;12.05
2007-03-18;16.93;3;16.93
2007-03-19;10.13;3;10.13
2007-03-20;14.34;3;14.34
2007-03-21;24.42;3;24.42
2007-03-22;19.55;3;19.55
2007-03-23;17.44;3;17.44
2007-03-24;47.57;3;47.57
2007-03-25;48.45;3;48.45
2007-03-26;30.91;3;30.91
2007-03-27;45.02;3;45.02
2007-03-28;47.45;3;47.45
2007-03-29;48.35;3;48.35
2007-03-30;47.68;3;47.68
2007-03-31;46.1;3;46.1
2007-04-01;42.73;4;42.73
2007-04-02;42.95;4;42.95
2007-04-03;-999.000;4;37.0
2007-04-04;108.5;4;108.5
2007-04-05;133.1;4;133.1
2007-04-06;193.2;4;193.2
2007-04-07;100.5;4;100.5
2007-04-08;76.64;4;76.64
2007-04-09;66.65;4;66.65
2007-04-10;47.51;4;47.51
2007-04-11;56.56;4;56.56
2007-04-12;43.37;4;43.37
2007-04-13;36.3;4;36.3
2007-04-14;34.64;4;34.64
2007-04-15;30.75;4;30.75
2007-04-16;26.99;4;26.99
2007-04-17;23.81;4;23.81
2007-04-18;38.57;4;38.57
2007-04-19;55.96;4;55.96
2007-04-20;53.53;4;53.53
2007-04-21;63.94;4;63.94
2007-04-22;86.21;4;86.21
2007-04-23;51.03;4;51.03
2007-04-24;87.66;4;87.66
2007-04-25;79.53;4;79.53
2007-04-26;149.6;4;149.6
2007-04-27;84.71;4;84.71
2007-04-28;63.44;4;63.44
2007-04-29;78.79;4;78.79
2007-04-30;54.55;4;54.55
2007-05-01;78.1;5;78.1
2007-05-02;46.55;5;46.55
2007-05-03;71.23;5;71.23
2007-05-04;84.03;5;84.03
2007-05-05;70.49;5;70.49
2007-05-06;66.52;5;66.52
2007-05-07;93.21;5;93.21
2007-05-08;66.72;5;66.72
2007-05-09;87.96;5;87.96
2007-05-10;115.1;5;115.1
2007-05-11;63.09;5;63.09
2007-05-12;44.98;5;44.98
2007-05-13;42.31;5;42.31
2007-05-14;66.31;5;66.31
2007-05-15;55.85;5;55.85
2007-05-16;62.33;5;62.33
2007-05-17;159.2;5;159.2
2007-05-18;151.4;5;151.4
2007-05-19;94.37;5;94.37
2007-05-20;111.1;5;111.1
2007-05-21;125.2;5;125.2
2007-05-22;106.2;5;106.2
2007-05-23;70.28;5;70.28
2007-05-24;74.52;5;74.52
2007-05-25;54.85;5;54.85
2007-05-26;45.33;5;45.33
2007-05-27;37.14;5;37.14
2007-05-28;45.88;5;45.88
2007-05-29;116.7;5;116.7
2007-05-30;89.13;5;89.13
2007-05-31;94.97;5;94.97
2007-06-01;98.1;6;98.1
2007-06-02;96.74;6;96.74
2007-06-03;95.54;6;95.54
2007-06-04;67.35;6;67.35
2007-06-05;66.42;6;66.42
2007-06-06;46.77;6;46.77
2007-06-07;50.84;6;50.84
2007-06-08;41.36;6;41.36
2007-06-09;47.38;6;47.38
2007-06-10;31.77;6;31.77
2007-06-11;28.92;6;28.92
2007-06-12;24.1;6;24.1
2007-06-13;20.39;6;20.39
2007-06-14;21.55;6;21.55
2007-06-15;18.47;6;18.47
2007-06-16;16.88;6;16.88
2007-06-17;16.41;6;16.41
2007-06-18;15.08;6;15.08
2007-06-19;36.06;6;36.06
2007-06-20;20.33;6;20.33
2007-06-21;15.62;6;15.62
2007-06-22;13.79;6;13.79
2007-06-23;13.18;6;13.18
2007-06-24;23.99;6;23.99
2007-06-25;14.1;6;14.1
2007-06-26;19.03;6;19.03
2007-06-27;19.41;6;19.41
2007-06-28;14.03;6;14.03
2007-06-29;13.13;6;13.13
2007-06-30;10.44;6;10.44
2007-07-01;9.55;7;9.55
2007-07-02;8.45;7;8.45
2007-07-03;7.967;7;7.967
2007-07-04;7.652;7;7.652
2007-07-05;8.222;7;8.222
2007-07-06;10.0;7;10.0
2007-07-07;7.653;7;7.653
2007-07-08;9.118;7;9.118
2007-07-09;13.93;7;13.93
2007-07-10;9.613;7;9.613
2007-07-11;9.583;7;9.583
2007-07-12;7.777;7;7.777
2007-07-13;8.324;7;8.324
2007-07-14;9.878;7;9.878
2007-07-15;12.4;7;12.4
2007-07-16;13.94;7;13.94
2007-07-17;13.14;7;13.14
2007-07-18;17.25;7;17.25
2007-07-19;10.14;7;10.14
2007-07-20;18.59;7;18.59
2007-07-21;53.4;7;53.4
2007-07-22;82.54;7;82.54
2007-07-23;63.66;7;63.66
2007-07-24;56.12;7;56.12
2007-07-25;32.25;7;32.25
2007-07-26;33.36;7;33.36
2007-07-27;40.66;7;40.66
2007-07-28;76.02;7;76.02
2007-07-29;35.14;7;35.14
2007-07-30;25.8;7;25.8
2007-07-31;26.77;7;26.77
2007-08-01;18.07;8;18.07
2007-08-02;15.31;8;15.31
2007-08-03;14.53;8;14.53
2007-08-04;11.55;8;11.55
2007-08-05;10.68;8;10.68
2007-08-06;14.56;8;14.56
2007-08-07;18.88;8;18.88
2007-08-08;20.75;8;20.75
2007-08-09;22.99;8;22.99
2007-08-10;14.63;8;14.63
2007-08-11;15.66;8;15.66
2007-08-12;10.88;8;10.88
2007-08-13;9.55;8;9.55
2007-08-14;12.55;8;12.55
2007-08-15;20.2;8;20.2
2007-08-16;21.3;8;21.3
2007-08-17;26.06;8;26.06
2007-08-18;26.01;8;26.01
2007-08-19;37.4;8;37.4
2007-08-20;45.39;8;45.39
2007-08-21;23.41;8;23.41
2007-08-22;20.43;8;20.43
2007-08-23;17.31;8;17.31
2007-08-24;39.26;8;39.26
2007-08-25;64.86;8;64.86
2007-08-26;73.52;8;73.52
2007-08-27;61.52;8;61.52
2007-08-28;39.95;8;39.95
2007-08-29;71.67;8;71.67
2007-08-30;88.93;8;88.93
2007-08-31;57.52;8;57.52
2007-09-01;41.99;9;41.99
2007-09-02;45.66;9;45.66
2007-09-03;33.37;9;33.37
2007-09-04;27.97;9;27.97
2007-09-05;24.62;9;24.62
2007-09-06;26.07;9;26.07
2007-09-07;28.4;9;28.4
2007-09-08;19.06;9;19.06
2007-09-09;17.14;9;17.14
2007-09-10;15.73;9;15.73
2007-09-11;13.54;9;13.54
2007-09-12;13.58;9;13.58
2007-09-13;12.21;9;12.21
2007-09-14;29.28;9;29.28
2007-09-15;23.69;9;23.69
2007-09-16;13.55;9;13.55
2007-09-17;11.55;9;11.55
2007-09-18;21.65;9;21.65
2007-09-19;49.6;9;49.6
2007-09-20;24.24;9;24.24
2007-09-21;17.14;9;17.14
2007-09-22;14.38;9;14.38
2007-09-23;20.42;9;20.42
2007-09-24;23.74;9;23.74
2007-09-25;28.76;9;28.76
2007-09-26;80.96;9;80.96
2007-09-27;41.39;9;41.39
2007-09-28;24.64;9;24.64
2007-09-29;19.45;9;19.45
2007-09-30;23.65;9;23.65
2007-10-01;44.31;10;44.31
2007-10-02;22.2;10;22.2
2007-10-03;28.59;10;28.59
2007-10-04;51.04;10;51.04
2007-10-05;49.69;10;49.69
2007-10-06;74.28;10;74.28
2007-10-07;-999.000;10;17.7
2007-10-08;56.47;10;56.47
2007-10-09;95.99;10;95.99
2007-10-10;59.51;10;59.51
2007-10-11;124.0;10;124.0
2007-10-12;91.54;10;91.54
2007-10-13;51.04;10;51.04
2007-10-14;44.31;10;44.31
2007-10-15;-999.000;10;37.3
2007-10-16;45.66;10;45.66
2007-10-17;35.47;10;35.47
2007-10-18;186.8;10;186.8
2007-10-19;94.11;10;94.11
2007-10-20;104.4;10;104.4
2007-10-21;153.2;10;153.2
2007-10-22;139.5;10;139.5
2007-10-23;94.11;10;94.11
2007-10-24;88.97;10;88.97
2007-10-25;70.08;10;70.08
2007-10-26;62.9;10;62.9
2007-10-27;59.51;10;59.51
2007-10-28;-999.000;10;6.5
2007-10-29;153.5;10;153.5
2007-10-30;104.4;10;104.4
2007-10-31;80.57;10;80.57
2007-11-01;92.82;11;92.82
2007-11-02;80.57;11;80.57
2007-11-03;80.57;11;80.57
2007-11-04;78.48;11;78.48
2007-11-05;66.29;11;66.29
2007-11-06;51.04;11;51.04
2007-11-07;64.59;11;64.59
2007-11-08;69.03;11;69.03
2007-11-09;69.03;11;69.03
2007-11-10;65.44;11;65.44
2007-11-11;60.36;11;60.36
2007-11-12;53.76;11;53.76
2007-11-13;40.27;11;40.27
2007-11-14;41.62;11;41.62
2007-11-15;45.66;11;45.66
2007-11-16;-999.000;11;23.2
2007-11-17;56.85;11;56.85
2007-11-18;42.43;11;42.43
2007-11-19;31.31;11;31.31
2007-11-20;27.77;11;27.77
2007-11-21;26.22;11;26.22
2007-11-22;41.43;11;41.43
2007-11-23;46.95;11;46.95
2007-11-24;51.51;11;51.51
2007-11-25;71.26;11;71.26
2007-11-26;47.06;11;47.06
2007-11-27;31.6;11;31.6
2007-11-28;49.68;11;49.68
2007-11-29;46.81;11;46.81
2007-11-30;26.87;11;26.87
2007-12-01;20.63;12;20.63
2007-12-02;16.53;12;16.53
2007-12-03;14.4;12;14.4
2007-12-04;18.27;12;18.27
2007-12-05;18.56;12;18.56
2007-12-06;15.01;12;15.01
2007-12-07;12.21;12;12.21
2007-12-08;11.1;12;11.1
2007-12-09;11.05;12;11.05
2007-12-10;12.59;12;12.59
2007-12-11;13.63;12;13.63
2007-12-12;11.33;12;11.33
2007-12-13;12.88;12;12.88
2007-12-14;19.04;12;19.04
2007-12-15;21.72;12;21.72
2007-12-16;33.93;12;33.93
2007-12-17;23.23;12;23.23
2007-12-18;34.72;12;34.72
2007-12-19;45.56;12;45.56
2007-12-20;52.91;12;52.91
2007-12-21;37.23;12;37.23
2007-12-22;54.53;12;54.53
2007-12-23;68.95;12;68.95
2007-12-24;66.77;12;66.77
2007-12-25;76.57;12;76.57
2007-12-26;120.7;12;120.7
2007-12-27;99.98;12;99.98
2007-12-28;88.81;12;88.81
2007-12-29;73.44;12;73.44
2007-12-30;36.85;12;36.85
2007-12-31;28.63;12;28.63
2008-01-01;25.88;1;25.88
2008-01-02;20.72;1;20.72
2008-01-03;21.61;1;21.61
2008-01-04;20.13;1;20.13
2008-01-05;15.26;1;15.26
2008-01-06;15.9;1;15.9
2008-01-07;12.4;1;12.4
2008-01-08;52.4;1;52.4
2008-01-09;28.13;1;28.13
2008-01-10;27.16;1;27.16
2008-01-11;18.25;1;18.25
2008-01-12;17.97;1;17.97
2008-01-13;17.34;1;17.34
2008-01-14;25.72;1;25.72
2008-01-15;38.61;1;38.61
2008-01-16;40.38;1;40.38
2008-01-17;29.63;1;29.63
2008-01-18;23.32;1;23.32
2008-01-19;18.37;1;18.37
2008-01-20;13.76;1;13.76
2008-01-21;27.59;1;27.59
2008-01-22;20.79;1;20.79
2008-01-23;17.08;1;17.08
2008-01-24;17.74;1;17.74
2008-01-25;15.82;1;15.82
2008-01-26;17.3;1;17.3
2008-01-27;12.44;1;12.44
2008-01-28;12.07;1;12.07
2008-01-29;8.983;1;8.983
2008-01-30;7.206;1;7.206
2008-01-31;6.511;1;6.511
2008-02-01;6.209;2;6.209
2008-02-02;5.867;2;5.867
2008-02-03;5.592;2;5.592
2008-02-04;5.263;2;5.263
2008-02-05;5.056;2;5.056
2008-02-06;4.858;2;4.858
2008-02-07;4.813;2;4.813
2008-02-08;4.57;2;4.57
2008-02-09;4.426;2;4.426
2008-02-10;5.264;2;5.264
2008-02-11;15.58;2;15.58
2008-02-12;17.54;2;17.54
2008-02-13;8.798;2;8.798
2008-02-14;13.39;2;13.39
2008-02-15;30.24;2;30.24
2008-02-16;18.17;2;18.17
2008-02-17;13.93;2;13.93
2008-02-18;22.24;2;22.24
2008-02-19;23.23;2;23.23
2008-02-20;15.7;2;15.7
2008-02-21;15.16;2;15.16
2008-02-22;9.994;2;9.994
2008-02-23;8.552;2;8.552
2008-02-24;7.731;2;7.731
2008-02-25;8.937;2;8.937
2008-02-26;9.957;2;9.957
2008-02-27;10.05;2;10.05
2008-02-28;11.18;2;11.18
2008-02-29;11.37;2;11.37
2008-03-01;9.125;3;9.125
2008-03-02;8.409;3;8.409
2008-03-03;8.033;3;8.033
2008-03-04;8.925;3;8.925
2008-03-05;15.31;3;15.31
2008-03-06;12.97;3;12.97
2008-03-07;12.09;3;12.09
2008-03-08;11.49;3;11.49
2008-03-09;10.83;3;10.83
2008-03-10;8.537;3;8.537
2008-03-11;12.1;3;12.1
2008-03-12;14.43;3;14.43
2008-03-13;17.81;3;17.81
2008-03-14;42.65;3;42.65
2008-03-15;33.19;3;33.19
2008-03-16;28.07;3;28.07
2008-03-17;50.35;3;50.35
2008-03-18;25.66;3;25.66
2008-03-19;22.07;3;22.07
2008-03-20;22.03;3;22.03
2008-03-21;16.6;3;16.6
2008-03-22;17.49;3;17.49
2008-03-23;21.48;3;21.48
2008-03-24;17.5;3;17.5
2008-03-25;23.53;3;23.53
2008-03-26;21.63;3;21.63
2008-03-27;13.83;3;13.83
2008-03-28;11.36;3;11.36
2008-03-29;27.59;3;27.59
2008-03-30;32.95;3;32.95
2008-03-31;16.1;3;16.1
2008-04-01;28.44;4;28.44
2008-04-02;26.9;4;26.9
2008-04-03;18.09;4;18.09
2008-04-04;22.52;4;22.52
2008-04-05;51.54;4;51.54
2008-04-06;67.83;4;67.83
2008-04-07;44.91;4;44.91
2008-04-08;30.01;4;30.01
2008-04-09;28.54;4;28.54
2008-04-10;36.79;4;36.79
2008-04-11;39.29;4;39.29
2008-04-12;32.13;4;32.13
2008-04-13;40.41;4;40.41
2008-04-14;87.22;4;87.22
2008-04-15;57.28;4;57.28
2008-04-16;72.74;4;72.74
2008-04-17;32.7;4;32.7
2008-04-18;24.86;4;24.86
2008-04-19;24.95;4;24.95
2008-04-20;23.45;4;23.45
2008-04-21;28.47;4;28.47
2008-04-22;26.32;4;26.32
2008-04-23;27.86;4;27.86
2008-04-24;38.63;4;38.63
2008-04-25;25.93;4;25.93
2008-04-26;30.34;4;30.34
2008-04-27;65.12;4;65.12
2008-04-28;45.33;4;45.33
2008-04-29;31.67;4;31.67
2008-04-30;35.95;4;35.95
2008-05-01;60.06;5;60.06
2008-05-02;73.0;5;73.0
2008-05-03;157.2;5;157.2
2008-05-04;198.5;5;198.5
2008-05-05;152.0;5;152.0
2008-05-06;104.7;5;104.7
2008-05-07;80.56;5;80.56
2008-05-08;58.03;5;58.03
2008-05-09;53.3;5;53.3
2008-05-10;36.84;5;36.84
2008-05-11;40.04;5;40.04
2008-05-12;47.08;5;47.08
2008-05-13;30.47;5;30.47
2008-05-14;53.95;5;53.95
2008-05-15;40.56;5;40.56
2008-05-16;62.96;5;62.96
2008-05-17;46.55;5;46.55
2008-05-18;51.9;5;51.9
2008-05-19;62.99;5;62.99
2008-05-20;41.65;5;41.65
2008-05-21;57.28;5;57.28
2008-05-22;133.8;5;133.8
2008-05-23;103.6;5;103.6
2008-05-24;91.53;5;91.53
2008-05-25;171.4;5;171.4
2008-05-26;140.1;5;140.1
2008-05-27;227.2;5;227.2
2008-05-28;178.1;5;178.1
2008-05-29;156.1;5;156.1
2008-05-30;160.0;5;160.0
2008-05-31;128.1;5;128.1
2008-06-01;96.04;6;96.04
2008-06-02;105.3;6;105.3
2008-06-03;93.75;6;93.75
2008-06-04;75.27;6;75.27
2008-06-05;72.12;6;72.12
2008-06-06;76.21;6;76.21
2008-06-07;79.03;6;79.03
2008-06-08;60.53;6;60.53
2008-06-09;81.03;6;81.03
2008-06-10;70.88;6;70.88
2008-06-11;137.1;6;137.1
2008-06-12;72.18;6;72.18
2008-06-13;58.66;6;58.66
2008-06-14;78.75;6;78.75
2008-06-15;118.6;6;118.6
2008-06-16;77.11;6;77.11
2008-06-17;59.89;6;59.89
2008-06-18;117.4;6;117.4
2008-06-19;59.91;6;59.91
2008-06-20;52.42;6;52.42
2008-06-21;43.02;6;43.02
2008-06-22;74.92;6;74.92
2008-06-23;48.8;6;48.8
2008-06-24;48.74;6;48.74
2008-06-25;40.15;6;40.15
2008-06-26;36.92;6;36.92
2008-06-27;60.65;6;60.65
2008-06-28;38.86;6;38.86
2008-06-29;28.74;6;28.74
2008-06-30;25.88;6;25.88
2008-07-01;23.7;7;23.7
2008-07-02;21.42;7;21.42
2008-07-03;23.07;7;23.07
2008-07-04;19.88;7;19.88
2008-07-05;26.14;7;26.14
2008-07-06;57.54;7;57.54
2008-07-07;36.14;7;36.14
2008-07-08;34.15;7;34.15
2008-07-09;70.16;7;70.16
2008-07-10;30.21;7;30.21
2008-07-11;25.96;7;25.96
2008-07-12;21.79;7;21.79
2008-07-13;25.03;7;25.03
2008-07-14;22.2;7;22.2
2008-07-15;23.81;7;23.81
2008-07-16;20.98;7;20.98
2008-07-17;20.68;7;20.68
2008-07-18;61.25;7;61.25
2008-07-19;55.39;7;55.39
2008-07-20;32.45;7;32.45
2008-07-21;25.58;7;25.58
2008-07-22;22.47;7;22.47
2008-07-23;20.11;7;20.11
2008-07-24;18.75;7;18.75
2008-07-25;18.28;7;18.28
2008-07-26;31.67;7;31.67
2008-07-27;16.12;7;16.12
2008-07-28;35.18;7;35.18
2008-07-29;23.11;7;23.11
2008-07-30;27.98;7;27.98
2008-07-31;28.21;7;28.21
2008-08-01;30.93;8;30.93
2008-08-02;50.99;8;50.99
2008-08-03;80.25;8;80.25
2008-08-04;52.07;8;52.07
2008-08-05;36.12;8;36.12
2008-08-06;27.13;8;27.13
2008-08-07;20.88;8;20.88
2008-08-08;16.25;8;16.25
2008-08-09;23.94;8;23.94
2008-08-10;16.58;8;16.58
2008-08-11;30.78;8;30.78
2008-08-12;36.16;8;36.16
2008-08-13;26.03;8;26.03
2008-08-14;41.44;8;41.44
2008-08-15;40.17;8;40.17
2008-08-16;91.98;8;91.98
2008-08-17;62.58;8;62.58
2008-08-18;61.41;8;61.41
2008-08-19;60.42;8;60.42
2008-08-20;45.45;8;45.45
2008-08-21;46.61;8;46.61
2008-08-22;73.25;8;73.25
2008-08-23;181.4;8;181.4
2008-08-24;118.9;8;118.9
2008-08-25;77.65;8;77.65
2008-08-26;87.36;8;87.36
2008-08-27;68.23;8;68.23
2008-08-28;122.1;8;122.1
2008-08-29;74.11;8;74.11
2008-08-30;89.64;8;89.64
2008-08-31;59.93;8;59.93
2008-09-01;89.3;9;89.3
2008-09-02;118.4;9;118.4
2008-09-03;156.4;9;156.4
2008-09-04;136.0;9;136.0
2008-09-05;116.5;9;116.5
2008-09-06;110.3;9;110.3
2008-09-07;93.98;9;93.98
2008-09-08;59.23;9;59.23
2008-09-09;47.52;9;47.52
2008-09-10;30.61;9;30.61
2008-09-11;24.83;9;24.83
2008-09-12;25.41;9;25.41
2008-09-13;32.43;9;32.43
2008-09-14;27.74;9;27.74
2008-09-15;24.12;9;24.12
2008-09-16;25.63;9;25.63
2008-09-17;25.33;9;25.33
2008-09-18;21.93;9;21.93
2008-09-19;51.24;9;51.24
2008-09-20;38.02;9;38.02
2008-09-21;26.36;9;26.36
2008-09-22;22.06;9;22.06
2008-09-23;21.38;9;21.38
2008-09-24;25.61;9;25.61
2008-09-25;34.72;9;34.72
2008-09-26;29.63;9;29.63
2008-09-27;38.81;9;38.81
2008-09-28;45.1;9;45.1
2008-09-29;32.45;9;32.45
2008-09-30;29.39;9;29.39
2008-10-01;53.05;10;53.05
2008-10-02;36.78;10;36.78
2008-10-03;48.33;10;48.33
2008-10-04;55.19;10;55.19
2008-10-05;43.73;10;43.73
2008-10-06;45.55;10;45.55
2008-10-07;52.63;10;52.63
2008-10-08;35.02;10;35.02
2008-10-09;27.62;10;27.62
2008-10-10;79.64;10;79.64
2008-10-11;55.02;10;55.02
2008-10-12;121.3;10;121.3
2008-10-13;56.41;10;56.41
2008-10-14;64.85;10;64.85
2008-10-15;52.42;10;52.42
2008-10-16;56.87;10;56.87
2008-10-17;115.4;10;115.4
2008-10-18;155.5;10;155.5
2008-10-19;190.4;10;190.4
2008-10-20;246.5;10;246.5
2008-10-21;-999.000;10;7.052
2008-10-22;-999.000;10;38.8
2008-10-23;-999.000;10;23.4
2008-10-24;94.22;10;94.22
2008-10-25;95.3;10;95.3
2008-10-26;85.31;10;85.31
2008-10-27;110.5;10;110.5
2008-10-28;171.1;10;171.1
2008-10-29;110.3;10;110.3
2008-10-30;83.21;10;83.21
2008-10-31;59.9;10;59.9
2008-11-01;76.13;11;76.13
2008-11-02;78.51;11;78.51
2008-11-03;65.59;11;65.59
2008-11-04;86.79;11;86.79
2008-11-05;86.86;11;86.86
2008-11-06;106.4;11;106.4
2008-11-07;79.36;11;79.36
2008-11-08;80.7;11;80.7
2008-11-09;63.95;11;63.95
2008-11-10;58.61;11;58.61
2008-11-11;66.53;11;66.53
2008-11-12;71.48;11;71.48
2008-11-13;63.36;11;63.36
2008-11-14;56.9;11;56.9
2008-11-15;52.4;11;52.4
2008-11-16;48.45;11;48.45
2008-11-17;51.2;11;51.2
2008-11-18;45.43;11;45.43
2008-11-19;44.49;11;44.49
2008-11-20;42.07;11;42.07
2008-11-21;41.68;11;41.68
2008-11-22;46.98;11;46.98
2008-11-23;90.18;11;90.18
2008-11-24;218.3;11;218.3
2008-11-25;173.7;11;173.7
2008-11-26;269.7;11;269.7
2008-11-27;143.3;11;143.3
2008-11-28;207.8;11;207.8
2008-11-29;174.9;11;174.9
2008-11-30;155.5;11;155.5
2008-12-01;123.6;12;123.6
2008-12-02;101.6;12;101.6
2008-12-03;94.24;12;94.24
2008-12-04;87.2;12;87.2
2008-12-05;74.8;12;74.8
2008-12-06;66.14;12;66.14
2008-12-07;86.22;12;86.22
2008-12-08;104.7;12;104.7
2008-12-09;68.77;12;68.77
2008-12-10;60.85;12;60.85
2008-12-11;56.05;12;56.05
2008-12-12;58.17;12;58.17
2008-12-13;51.97;12;51.97
2008-12-14;49.86;12;49.86
2008-12-15;50.26;12;50.26
2008-12-16;46.39;12;46.39
2008-12-17;43.02;12;43.02
2008-12-18;41.28;12;41.28
2008-12-19;39.88;12;39.88
2008-12-20;38.93;12;38.93
2008-12-21;38.19;12;38.19
2008-12-22;43.91;12;43.91
2008-12-23;35.08;12;35.08
2008-12-24;31.17;12;31.17
2008-12-25;30.3;12;30.3
2008-12-26;29.43;12;29.43
2008-12-27;18.1;12;18.1
2008-12-28;18.05;12;18.05
2008-12-29;17.26;12;17.26
2008-12-30;16.65;12;16.65
2008-12-31;16.58;12;16.58
2009-01-01;20.35;1;20.35
2009-01-02;17.84;1;17.84
2009-01-03;19.2;1;19.2
2009-01-04;20.33;1;20.33
2009-01-05;17.5;1;17.5
2009-01-06;19.1;1;19.1
2009-01-07;17.6;1;17.6
2009-01-08;20.05;1;20.05
2009-01-09;18.31;1;18.31
2009-01-10;15.23;1;15.23
2009-01-11;17.06;1;17.06
2009-01-12;13.89;1;13.89
2009-01-13;20.59;1;20.59
2009-01-14;20.43;1;20.43
2009-01-15;10.53;1;10.53
2009-01-16;9.136;1;9.136
2009-01-17;14.89;1;14.89
2009-01-18;10.86;1;10.86
2009-01-19;9.639;1;9.639
2009-01-20;27.58;1;27.58
2009-01-21;21.76;1;21.76
2009-01-22;44.04;1;44.04
2009-01-23;32.82;1;32.82
2009-01-24;27.8;1;27.8
2009-01-25;22.48;1;22.48
2009-01-26;18.6;1;18.6
2009-01-27;14.08;1;14.08
2009-01-28;18.23;1;18.23
2009-01-29;27.84;1;27.84
2009-01-30;27.81;1;27.81
2009-01-31;50.38;1;50.38
2009-02-01;30.46;2;30.46
2009-02-02;24.35;2;24.35
2009-02-03;18.46;2;18.46
2009-02-04;14.38;2;14.38
2009-02-05;17.78;2;17.78
2009-02-06;21.22;2;21.22
2009-02-07;24.51;2;24.51
2009-02-08;27.84;2;27.84
2009-02-09;20.01;2;20.01
2009-02-10;18.68;2;18.68
2009-02-11;37.38;2;37.38
2009-02-12;57.49;2;57.49
2009-02-13;61.52;2;61.52
2009-02-14;78.7;2;78.7
2009-02-15;37.91;2;37.91
2009-02-16;29.8;2;29.8
2009-02-17;28.01;2;28.01
2009-02-18;27.73;2;27.73
2009-02-19;43.36;2;43.36
2009-02-20;37.68;2;37.68
2009-02-21;38.28;2;38.28
2009-02-22;33.9;2;33.9
2009-02-23;46.52;2;46.52
2009-02-24;29.15;2;29.15
2009-02-25;24.93;2;24.93
2009-02-26;42.09;2;42.09
2009-02-27;23.71;2;23.71
2009-02-28;17.13;2;17.13
2009-03-01;14.7;3;14.7
2009-03-02;15.71;3;15.71
2009-03-03;18.05;3;18.05
2009-03-04;39.65;3;39.65
2009-03-05;43.97;3;43.97
2009-03-06;34.63;3;34.63
2009-03-07;37.57;3;37.57
2009-03-08;25.65;3;25.65
2009-03-09;36.69;3;36.69
2009-03-10;26.78;3;26.78
2009-03-11;22.69;3;22.69
2009-03-12;22.21;3;22.21
2009-03-13;15.68;3;15.68
2009-03-14;20.69;3;20.69
2009-03-15;44.14;3;44.14
2009-03-16;81.03;3;81.03
2009-03-17;96.39;3;96.39
2009-03-18;100.9;3;100.9
2009-03-19;56.24;3;56.24
2009-03-20;114.4;3;114.4
2009-03-21;79.71;3;79.71
2009-03-22;159.8;3;159.8
2009-03-23;109.1;3;109.1
2009-03-24;107.0;3;107.0
2009-03-25;105.8;3;105.8
2009-03-26;84.93;3;84.93
2009-03-27;78.09;3;78.09
2009-03-28;87.22;3;87.22
2009-03-29;81.2;3;81.2
2009-03-30;73.85;3;73.85
2009-03-31;57.38;3;57.38
2009-04-01;59.42;4;59.42
2009-04-02;63.77;4;63.77
2009-04-03;46.07;4;46.07
2009-04-04;42.56;4;42.56
2009-04-05;35.75;4;35.75
2009-04-06;32.76;4;32.76
2009-04-07;33.01;4;33.01
2009-04-08;71.42;4;71.42
2009-04-09;65.5;4;65.5
2009-04-10;76.71;4;76.71
2009-04-11;78.15;4;78.15
2009-04-12;95.0;4;95.0
2009-04-13;60.15;4;60.15
2009-04-14;58.8;4;58.8
2009-04-15;73.62;4;73.62
2009-04-16;97.83;4;97.83
2009-04-17;82.02;4;82.02
2009-04-18;58.67;4;58.67
2009-04-19;46.42;4;46.42
2009-04-20;39.95;4;39.95
2009-04-21;36.44;4;36.44
2009-04-22;44.13;4;44.13
2009-04-23;52.63;4;52.63
2009-04-24;82.79;4;82.79
2009-04-25;69.12;4;69.12
2009-04-26;44.91;4;44.91
2009-04-27;34.84;4;34.84
2009-04-28;35.27;4;35.27
2009-04-29;54.83;4;54.83
2009-04-30;112.2;4;112.2
2009-05-01;79.07;5;79.07
2009-05-02;104.0;5;104.0
2009-05-03;137.1;5;137.1
2009-05-04;173.6;5;173.6
2009-05-05;82.66;5;82.66
2009-05-06;66.51;5;66.51
2009-05-07;56.14;5;56.14
2009-05-08;59.78;5;59.78
2009-05-09;50.02;5;50.02
2009-05-10;41.66;5;41.66
2009-05-11;38.55;5;38.55
2009-05-12;35.9;5;35.9
2009-05-13;28.8;5;28.8
2009-05-14;19.8;5;19.8
2009-05-15;23.98;5;23.98
2009-05-16;21.25;5;21.25
2009-05-17;39.64;5;39.64
2009-05-18;23.11;5;23.11
2009-05-19;17.14;5;17.14
2009-05-20;15.07;5;15.07
2009-05-21;13.56;5;13.56
2009-05-22;12.65;5;12.65
2009-05-23;12.05;5;12.05
2009-05-24;48.61;5;48.61
2009-05-25;49.85;5;49.85
2009-05-26;30.33;5;30.33
2009-05-27;52.92;5;52.92
2009-05-28;30.75;5;30.75
2009-05-29;26.34;5;26.34
2009-05-30;19.55;5;19.55
2009-05-31;29.98;5;29.98
2009-06-01;20.51;6;20.51
2009-06-02;14.97;6;14.97
2009-06-03;12.93;6;12.93
2009-06-04;11.26;6;11.26
2009-06-05;12.79;6;12.79
2009-06-06;12.42;6;12.42
2009-06-07;13.88;6;13.88
2009-06-08;14.86;6;14.86
2009-06-09;19.01;6;19.01
2009-06-10;57.61;6;57.61
2009-06-11;42.52;6;42.52
2009-06-12;19.68;6;19.68
2009-06-13;15.62;6;15.62
2009-06-14;18.1;6;18.1
2009-06-15;31.33;6;31.33
2009-06-16;16.52;6;16.52
2009-06-17;13.78;6;13.78
2009-06-18;11.59;6;11.59
2009-06-19;15.04;6;15.04
2009-06-20;20.54;6;20.54
2009-06-21;37.34;6;37.34
2009-06-22;88.21;6;88.21
2009-06-23;57.87;6;57.87
2009-06-24;41.63;6;41.63
2009-06-25;25.9;6;25.9
2009-06-26;18.74;6;18.74
2009-06-27;15.09;6;15.09
2009-06-28;13.14;6;13.14
2009-06-29;14.01;6;14.01
2009-06-30;19.6;6;19.6
2009-07-01;25.74;7;25.74
2009-07-02;37.63;7;37.63
2009-07-03;18.75;7;18.75
2009-07-04;15.28;7;15.28
2009-07-05;14.41;7;14.41
2009-07-06;11.8;7;11.8
2009-07-07;10.78;7;10.78
2009-07-08;18.78;7;18.78
2009-07-09;12.86;7;12.86
2009-07-10;16.46;7;16.46
2009-07-11;15.13;7;15.13
2009-07-12;17.14;7;17.14
2009-07-13;13.35;7;13.35
2009-07-14;10.04;7;10.04
2009-07-15;8.595;7;8.595
2009-07-16;8.943;7;8.943
2009-07-17;7.281;7;7.281
2009-07-18;6.947;7;6.947
2009-07-19;6.395;7;6.395
2009-07-20;7.561;7;7.561
2009-07-21;9.035;7;9.035
2009-07-22;17.32;7;17.32
2009-07-23;10.66;7;10.66
2009-07-24;8.305;7;8.305
2009-07-25;7.042;7;7.042
2009-07-26;6.176;7;6.176
2009-07-27;5.966;7;5.966
2009-07-28;5.509;7;5.509
2009-07-29;5.909;7;5.909
2009-07-30;5.614;7;5.614
2009-07-31;8.09;7;8.09
2009-08-01;11.13;8;11.13
2009-08-02;6.509;8;6.509
2009-08-03;5.49;8;5.49
2009-08-04;5.005;8;5.005
2009-08-05;4.767;8;4.767
2009-08-06;6.022;8;6.022
2009-08-07;8.731;8;8.731
2009-08-08;25.17;8;25.17
2009-08-09;21.03;8;21.03
2009-08-10;11.32;8;11.32
2009-08-11;8.614;8;8.614
2009-08-12;8.417;8;8.417
2009-08-13;16.47;8;16.47
2009-08-14;9.677;8;9.677
2009-08-15;7.918;8;7.918
2009-08-16;9.715;8;9.715
2009-08-17;12.57;8;12.57
2009-08-18;12.19;8;12.19
2009-08-19;16.01;8;16.01
2009-08-20;35.77;8;35.77
2009-08-21;88.68;8;88.68
2009-08-22;60.81;8;60.81
2009-08-23;43.41;8;43.41
2009-08-24;26.18;8;26.18
2009-08-25;21.46;8;21.46
2009-08-26;31.12;8;31.12
2009-08-27;13.93;8;13.93
2009-08-28;11.3;8;11.3
2009-08-29;9.349;8;9.349
2009-08-30;10.63;8;10.63
2009-08-31;21.92;8;21.92
2009-09-01;12.77;9;12.77
2009-09-02;13.29;9;13.29
2009-09-03;9.542;9;9.542
2009-09-04;7.445;9;7.445
2009-09-05;6.775;9;6.775
2009-09-06;6.337;9;6.337
2009-09-07;6.147;9;6.147
2009-09-08;19.84;9;19.84
2009-09-09;28.81;9;28.81
2009-09-10;28.4;9;28.4
2009-09-11;10.32;9;10.32
2009-09-12;10.8;9;10.8
2009-09-13;24.49;9;24.49
2009-09-14;40.0;9;40.0
2009-09-15;56.15;9;56.15
2009-09-16;48.67;9;48.67
2009-09-17;27.16;9;27.16
2009-09-18;19.94;9;19.94
2009-09-19;37.6;9;37.6
2009-09-20;55.13;9;55.13
2009-09-21;62.47;9;62.47
2009-09-22;88.19;9;88.19
2009-09-23;29.91;9;29.91
2009-09-24;21.07;9;21.07
2009-09-25;19.84;9;19.84
2009-09-26;18.2;9;18.2
2009-09-27;13.39;9;13.39
2009-09-28;11.38;9;11.38
2009-09-29;9.561;9;9.561
2009-09-30;7.86;9;7.86
2009-10-01;7.147;10;7.147
2009-10-02;6.785;10;6.785
2009-10-03;7.216;10;7.216
2009-10-04;6.871;10;6.871
2009-10-05;6.556;10;6.556
2009-10-06;8.809;10;8.809
2009-10-07;26.14;10;26.14
2009-10-08;10.24;10;10.24
2009-10-09;7.052;10;7.052
2009-10-10;7.149;10;7.149
2009-10-11;30.23;10;30.23
2009-10-12;44.82;10;44.82
2009-10-13;25.93;10;25.93
2009-10-14;69.44;10;69.44
2009-10-15;49.77;10;49.77
2009-10-16;27.27;10;27.27
2009-10-17;18.4;10;18.4
2009-10-18;18.5;10;18.5
2009-10-19;53.2;10;53.2
2009-10-20;47.53;10;47.53
2009-10-21;43.2;10;43.2
2009-10-22;27.92;10;27.92
2009-10-23;19.52;10;19.52
2009-10-24;45.62;10;45.62
2009-10-25;144.2;10;144.2
2009-10-26;39.94;10;39.94
2009-10-27;40.49;10;40.49
2009-10-28;29.79;10;29.79
2009-10-29;28.74;10;28.74
2009-10-30;35.16;10;35.16
2009-10-31;21.74;10;21.74
2009-11-01;56.81;11;56.81
2009-11-02;27.34;11;27.34
2009-11-03;24.84;11;24.84
2009-11-04;22.37;11;22.37
2009-11-05;21.18;11;21.18
2009-11-06;24.7;11;24.7
2009-11-07;20.05;11;20.05
2009-11-08;-999.000;11;66.6
2009-11-09;25.97;11;25.97
2009-11-10;30.96;11;30.96
2009-11-11;22.15;11;22.15
2009-11-12;49.86;11;49.86
2009-11-13;67.79;11;67.79
2009-11-14;60.93;11;60.93
2009-11-15;39.2;11;39.2
2009-11-16;38.01;11;38.01
2009-11-17;32.95;11;32.95
2009-11-18;31.63;11;31.63
2009-11-19;30.92;11;30.92
2009-11-20;19.55;11;19.55
2009-11-21;15.59;11;15.59
2009-11-22;23.97;11;23.97
2009-11-23;16.92;11;16.92
2009-11-24;14.92;11;14.92
2009-11-25;14.6;11;14.6
2009-11-26;11.86;11;11.86
2009-11-27;12.69;11;12.69
2009-11-28;13.09;11;13.09
2009-11-29;10.49;11;10.49
2009-11-30;10.97;11;10.97
2009-12-01;14.58;12;14.58
2009-12-02;9.658;12;9.658
2009-12-03;8.15;12;8.15
2009-12-04;7.3;12;7.3
2009-12-05;6.975;12;6.975
2009-12-06;6.709;12;6.709
2009-12-07;6.385;12;6.385
2009-12-08;6.843;12;6.843
2009-12-09;7.884;12;7.884
2009-12-10;16.08;12;16.08
2009-12-11;14.25;12;14.25
2009-12-12;14.97;12;14.97
2009-12-13;13.32;12;13.32
2009-12-14;8.315;12;8.315
2009-12-15;6.699;12;6.699
2009-12-16;6.452;12;6.452
2009-12-17;9.041;12;9.041
2009-12-18;6.99;12;6.99
2009-12-19;8.405;12;8.405
2009-12-20;12.03;12;12.03
2009-12-21;7.14;12;7.14
2009-12-22;6.128;12;6.128
2009-12-23;5.7;12;5.7
2009-12-24;5.614;12;5.614
2009-12-25;8.769;12;8.769
2009-12-26;15.44;12;15.44
2009-12-27;12.09;12;12.09
2009-12-28;8.789;12;8.789
2009-12-29;6.661;12;6.661
2009-12-30;5.852;12;5.852
2009-12-31;5.433;12;5.433
2010-01-01;5.176;1;5.176
2010-01-02;4.947;1;4.947
2010-01-03;4.719;1;4.719
2010-01-04;4.5;1;4.5
2010-01-05;4.31;1;4.31
2010-01-06;3.634;1;3.634
2010-01-07;3.624;1;3.624
2010-01-08;3.462;1;3.462
2010-01-09;3.396;1;3.396
2010-01-10;3.396;1;3.396
2010-01-11;3.291;1;3.291
2010-01-12;3.005;1;3.005
2010-01-13;2.938;1;2.938
2010-01-14;2.71;1;2.71
2010-01-15;2.618;1;2.618
2010-01-16;2.613;1;2.613
2010-01-17;2.613;1;2.613
2010-01-18;2.525;1;2.525
2010-01-19;2.517;1;2.517
2010-01-20;2.517;1;2.517
2010-01-21;2.445;1;2.445
2010-01-22;2.421;1;2.421
2010-01-23;2.437;1;2.437
2010-01-24;2.445;1;2.445
2010-01-25;2.445;1;2.445
2010-01-26;2.457;1;2.457
2010-01-27;2.284;1;2.284
2010-01-28;4.39;1;4.39
2010-01-29;4.386;1;4.386
2010-01-30;2.541;1;2.541
2010-01-31;2.32;1;2.32
2010-02-01;2.171;2;2.171
2010-02-02;2.087;2;2.087
2010-02-03;2.035;2;2.035
2010-02-04;2.035;2;2.035
2010-02-05;2.002;2;2.002
2010-02-06;2.28;2;2.28
2010-02-07;2.199;2;2.199
2010-02-08;2.035;2;2.035
2010-02-09;2.46;2;2.46
2010-02-10;2.8;2;2.8
2010-02-11;2.724;2;2.724
2010-02-12;2.264;2;2.264
2010-02-13;2.179;2;2.179
2010-02-14;2.131;2;2.131
2010-02-15;2.173;2;2.173
2010-02-16;2.912;2;2.912
2010-02-17;2.376;2;2.376
2010-02-18;2.328;2;2.328
2010-02-19;2.139;2;2.139
2010-02-20;2.131;2;2.131
2010-02-21;3.588;2;3.588
2010-02-22;3.877;2;3.877
2010-02-23;6.125;2;6.125
2010-02-24;2.58;2;2.58
2010-02-25;6.077;2;6.077
2010-02-26;4.138;2;4.138
2010-02-27;2.977;2;2.977
2010-02-28;2.634;2;2.634
2010-03-01;2.477;3;2.477
2010-03-02;3.017;3;3.017
2010-03-03;8.097;3;8.097
2010-03-04;8.57;3;8.57
2010-03-05;5.147;3;5.147
2010-03-06;3.605;3;3.605
2010-03-07;3.215;3;3.215
2010-03-08;4.272;3;4.272
2010-03-09;8.057;3;8.057
2010-03-10;10.67;3;10.67
2010-03-11;15.18;3;15.18
2010-03-12;7.008;3;7.008
2010-03-13;7.019;3;7.019
2010-03-14;6.386;3;6.386
2010-03-15;5.262;3;5.262
2010-03-16;4.129;3;4.129
2010-03-17;4.062;3;4.062
2010-03-18;27.58;3;27.58
2010-03-19;36.12;3;36.12
2010-03-20;12.77;3;12.77
2010-03-21;9.177;3;9.177
2010-03-22;10.16;3;10.16
2010-03-23;6.223;3;6.223
2010-03-24;5.176;3;5.176
2010-03-25;4.462;3;4.462
2010-03-26;4.29;3;4.29
2010-03-27;6.937;3;6.937
2010-03-28;4.557;3;4.557
2010-03-29;4.681;3;4.681
2010-03-30;5.395;3;5.395
2010-03-31;6.095;3;6.095
2010-04-01;7.71;4;7.71
2010-04-02;14.89;4;14.89
2010-04-03;26.02;4;26.02
2010-04-04;28.23;4;28.23
2010-04-05;54.35;4;54.35
2010-04-06;75.07;4;75.07
2010-04-07;64.75;4;64.75
2010-04-08;51.62;4;51.62
2010-04-09;54.8;4;54.8
2010-04-10;99.1;4;99.1
2010-04-11;70.08;4;70.08
2010-04-12;52.05;4;52.05
2010-04-13;63.04;4;63.04
2010-04-14;53.5;4;53.5
2010-04-15;33.38;4;33.38
2010-04-16;28.55;4;28.55
2010-04-17;24.8;4;24.8
2010-04-18;21.74;4;21.74
2010-04-19;21.21;4;21.21
2010-04-20;21.54;4;21.54
2010-04-21;21.74;4;21.74
2010-04-22;22.23;4;22.23
2010-04-23;15.14;4;15.14
2010-04-24;15.72;4;15.72
2010-04-25;21.37;4;21.37
2010-04-26;30.91;4;30.91
2010-04-27;80.88;4;80.88
2010-04-28;83.99;4;83.99
2010-04-29;61.54;4;61.54
2010-04-30;40.96;4;40.96
2010-05-01;31.5;5;31.5
2010-05-02;33.04;5;33.04
2010-05-03;27.78;5;27.78
2010-05-04;49.51;5;49.51
2010-05-05;61.34;5;61.34
2010-05-06;54.94;5;54.94
2010-05-07;82.25;5;82.25
2010-05-08;69.41;5;69.41
2010-05-09;76.85;5;76.85
2010-05-10;89.67;5;89.67
2010-05-11;60.62;5;60.62
2010-05-12;51.27;5;51.27
2010-05-13;33.72;5;33.72
2010-05-14;31.55;5;31.55
2010-05-15;25.12;5;25.12
2010-05-16;31.52;5;31.52
2010-05-17;33.12;5;33.12
2010-05-18;26.0;5;26.0
2010-05-19;61.33;5;61.33
2010-05-20;95.71;5;95.71
2010-05-21;95.28;5;95.28
2010-05-22;114.8;5;114.8
2010-05-23;101.2;5;101.2
2010-05-24;96.24;5;96.24
2010-05-25;116.3;5;116.3
2010-05-26;96.47;5;96.47
2010-05-27;152.8;5;152.8
2010-05-28;118.8;5;118.8
2010-05-29;79.58;5;79.58
2010-05-30;74.64;5;74.64
2010-05-31;101.8;5;101.8
2010-06-01;94.68;6;94.68
2010-06-02;74.07;6;74.07
2010-06-03;67.57;6;67.57
2010-06-04;55.28;6;55.28
2010-06-05;48.21;6;48.21
2010-06-06;42.14;6;42.14
2010-06-07;36.02;6;36.02
2010-06-08;32.48;6;32.48
2010-06-09;32.27;6;32.27
2010-06-10;31.25;6;31.25
2010-06-11;38.94;6;38.94
2010-06-12;61.67;6;61.67
2010-06-13;40.13;6;40.13
2010-06-14;46.77;6;46.77
2010-06-15;40.73;6;40.73
2010-06-16;51.18;6;51.18
2010-06-17;45.86;6;45.86
2010-06-18;48.22;6;48.22
2010-06-19;47.52;6;47.52
2010-06-20;48.75;6;48.75
2010-06-21;39.83;6;39.83
2010-06-22;29.98;6;29.98
2010-06-23;32.01;6;32.01
2010-06-24;30.64;6;30.64
2010-06-25;31.46;6;31.46
2010-06-26;22.14;6;22.14
2010-06-27;23.25;6;23.25
2010-06-28;57.17;6;57.17
2010-06-29;105.1;6;105.1
2010-06-30;60.99;6;60.99
2010-07-01;52.93;7;52.93
2010-07-02;54.47;7;54.47
2010-07-03;38.46;7;38.46
2010-07-04;39.23;7;39.23
2010-07-05;67.29;7;67.29
2010-07-06;110.3;7;110.3
2010-07-07;85.42;7;85.42
2010-07-08;90.17;7;90.17
2010-07-09;108.9;7;108.9
2010-07-10;80.88;7;80.88
2010-07-11;109.6;7;109.6
2010-07-12;99.15;7;99.15
2010-07-13;130.8;7;130.8
2010-07-14;133.2;7;133.2
2010-07-15;157.0;7;157.0
2010-07-16;222.3;7;222.3
2010-07-17;167.2;7;167.2
2010-07-18;143.2;7;143.2
2010-07-19;115.1;7;115.1
2010-07-20;96.74;7;96.74
2010-07-21;97.73;7;97.73
2010-07-22;79.5;7;79.5
2010-07-23;78.44;7;78.44
2010-07-24;69.74;7;69.74
2010-07-25;70.87;7;70.87
2010-07-26;85.27;7;85.27
2010-07-27;135.1;7;135.1
2010-07-28;98.66;7;98.66
2010-07-29;121.8;7;121.8
2010-07-30;85.43;7;85.43
2010-07-31;127.3;7;127.3
2010-08-01;94.82;8;94.82
2010-08-02;94.55;8;94.55
2010-08-03;103.8;8;103.8
2010-08-04;74.73;8;74.73
2010-08-05;60.35;8;60.35
2010-08-06;80.24;8;80.24
2010-08-07;94.03;8;94.03
2010-08-08;72.38;8;72.38
2010-08-09;60.83;8;60.83
2010-08-10;52.55;8;52.55
2010-08-11;43.49;8;43.49
2010-08-12;37.82;8;37.82
2010-08-13;40.99;8;40.99
2010-08-14;31.59;8;31.59
2010-08-15;32.66;8;32.66
2010-08-16;27.27;8;27.27
2010-08-17;30.49;8;30.49
2010-08-18;67.28;8;67.28
2010-08-19;61.99;8;61.99
2010-08-20;66.51;8;66.51
2010-08-21;38.11;8;38.11
2010-08-22;28.31;8;28.31
2010-08-23;23.04;8;23.04
2010-08-24;17.19;8;17.19
2010-08-25;34.45;8;34.45
2010-08-26;25.52;8;25.52
2010-08-27;37.21;8;37.21
2010-08-28;39.76;8;39.76
2010-08-29;37.53;8;37.53
2010-08-30;37.71;8;37.71
2010-08-31;28.85;8;28.85
2010-09-01;92.12;9;92.12
2010-09-02;89.49;9;89.49
2010-09-03;55.86;9;55.86
2010-09-04;77.4;9;77.4
2010-09-05;53.01;9;53.01
2010-09-06;50.33;9;50.33
2010-09-07;97.12;9;97.12
2010-09-08;47.18;9;47.18
2010-09-09;75.77;9;75.77
2010-09-10;40.27;9;40.27
2010-09-11;38.84;9;38.84
2010-09-12;112.4;9;112.4
2010-09-13;132.4;9;132.4
2010-09-14;63.55;9;63.55
2010-09-15;49.2;9;49.2
2010-09-16;53.87;9;53.87
2010-09-17;43.66;9;43.66
2010-09-18;39.71;9;39.71
2010-09-19;32.23;9;32.23
2010-09-20;58.21;9;58.21
2010-09-21;64.22;9;64.22
2010-09-22;64.61;9;64.61
2010-09-23;101.5;9;101.5
2010-09-24;72.75;9;72.75
2010-09-25;67.56;9;67.56
2010-09-26;75.4;9;75.4
2010-09-27;106.3;9;106.3
2010-09-28;105.5;9;105.5
2010-09-29;81.39;9;81.39
2010-09-30;77.53;9;77.53
2010-10-01;64.9;10;64.9
2010-10-02;57.44;10;57.44
2010-10-03;51.15;10;51.15
2010-10-04;73.41;10;73.41
2010-10-05;65.51;10;65.51
2010-10-06;66.83;10;66.83
2010-10-07;72.13;10;72.13
2010-10-08;79.4;10;79.4
2010-10-09;94.8;10;94.8
2010-10-10;47.98;10;47.98
2010-10-11;36.04;10;36.04
2010-10-12;36.89;10;36.89
2010-10-13;31.41;10;31.41
2010-10-14;33.03;10;33.03
2010-10-15;37.16;10;37.16
2010-10-16;25.7;10;25.7
2010-10-17;26.85;10;26.85
2010-10-18;39.13;10;39.13
2010-10-19;34.99;10;34.99
2010-10-20;28.53;10;28.53
2010-10-21;25.71;10;25.71
2010-10-22;26.41;10;26.41
2010-10-23;21.66;10;21.66
2010-10-24;30.14;10;30.14
2010-10-25;22.65;10;22.65
2010-10-26;24.16;10;24.16
2010-10-27;35.21;10;35.21
2010-10-28;49.79;10;49.79
2010-10-29;39.57;10;39.57
2010-10-30;37.57;10;37.57
2010-10-31;30.16;10;30.16
2010-11-01;36.33;11;36.33
2010-11-02;54.27;11;54.27
2010-11-03;52.4;11;52.4
2010-11-04;50.38;11;50.38
2010-11-05;36.18;11;36.18
2010-11-06;107.2;11;107.2
2010-11-07;88.44;11;88.44
2010-11-08;65.06;11;65.06
2010-11-09;80.54;11;80.54
2010-11-10;103.6;11;103.6
2010-11-11;74.88;11;74.88
2010-11-12;72.5;11;72.5
2010-11-13;106.2;11;106.2
2010-11-14;166.4;11;166.4
2010-11-15;128.1;11;128.1
2010-11-16;96.11;11;96.11
2010-11-17;109.1;11;109.1
2010-11-18;94.33;11;94.33
2010-11-19;78.15;11;78.15
2010-11-20;80.7;11;80.7
2010-11-21;80.75;11;80.75
2010-11-22;79.1;11;79.1
2010-11-23;77.02;11;77.02
2010-11-24;73.07;11;73.07
2010-11-25;78.94;11;78.94
2010-11-26;70.74;11;70.74
2010-11-27;67.29;11;67.29
2010-11-28;81.03;11;81.03
2010-11-29;111.1;11;111.1
2010-11-30;94.24;11;94.24
2010-12-01;107.9;12;107.9
2010-12-02;90.37;12;90.37
2010-12-03;77.79;12;77.79
2010-12-04;162.1;12;162.1
2010-12-05;107.9;12;107.9
2010-12-06;88.21;12;88.21
2010-12-07;79.42;12;79.42
2010-12-08;76.17;12;76.17
2010-12-09;77.7;12;77.7
2010-12-10;73.58;12;73.58
2010-12-11;65.85;12;65.85
2010-12-12;63.4;12;63.4
2010-12-13;63.08;12;63.08
2010-12-14;55.08;12;55.08
2010-12-15;50.42;12;50.42
2010-12-16;57.17;12;57.17
2010-12-17;52.92;12;52.92
2010-12-18;50.53;12;50.53
2010-12-19;52.31;12;52.31
2010-12-20;46.61;12;46.61
2010-12-21;45.79;12;45.79
2010-12-22;42.48;12;42.48
2010-12-23;38.35;12;38.35
2010-12-24;50.01;12;50.01
2010-12-25;73.98;12;73.98
2010-12-26;101.2;12;101.2
2010-12-27;50.73;12;50.73
2010-12-28;51.29;12;51.29
2010-12-29;42.73;12;42.73
2010-12-30;32.76;12;32.76
2010-12-31;28.09;12;28.09
2011-01-01;25.35;1;25.35
2011-01-02;24.18;1;24.18
2011-01-03;32.27;1;32.27
2011-01-04;48.51;1;48.51
2011-01-05;56.67;1;56.67
2011-01-06;42.01;1;42.01
2011-01-07;41.48;1;41.48
2011-01-08;61.16;1;61.16
2011-01-09;64.58;1;64.58
2011-01-10;37.67;1;37.67
2011-01-11;28.23;1;28.23
2011-01-12;25.97;1;25.97
2011-01-13;21.83;1;21.83
2011-01-14;19.48;1;19.48
2011-01-15;17.77;1;17.77
2011-01-16;16.59;1;16.59
2011-01-17;16.12;1;16.12
2011-01-18;16.12;1;16.12
2011-01-19;14.21;1;14.21
2011-01-20;12.24;1;12.24
2011-01-21;11.38;1;11.38
2011-01-22;10.45;1;10.45
2011-01-23;10.07;1;10.07
2011-01-24;10.03;1;10.03
2011-01-25;8.876;1;8.876
2011-01-26;8.111;1;8.111
2011-01-27;9.468;1;9.468
2011-01-28;7.819;1;7.819
2011-01-29;7.175;1;7.175
2011-01-30;7.01;1;7.01
2011-01-31;11.3;1;11.3
2011-02-01;7.683;2;7.683
2011-02-02;5.814;2;5.814
2011-02-03;4.857;2;4.857
2011-02-04;4.754;2;4.754
2011-02-05;5.092;2;5.092
2011-02-06;4.531;2;4.531
2011-02-07;4.417;2;4.417
2011-02-08;7.706;2;7.706
2011-02-09;8.485;2;8.485
2011-02-10;16.54;2;16.54
2011-02-11;13.05;2;13.05
2011-02-12;9.777;2;9.777
2011-02-13;12.16;2;12.16
2011-02-14;11.12;2;11.12
2011-02-15;8.928;2;8.928
2011-02-16;13.28;2;13.28
2011-02-17;19.87;2;19.87
2011-02-18;13.96;2;13.96
2011-02-19;10.7;2;10.7
2011-02-20;9.189;2;9.189
2011-02-21;9.886;2;9.886
2011-02-22;9.294;2;9.294
2011-02-23;10.33;2;10.33
2011-02-24;19.34;2;19.34
2011-02-25;14.15;2;14.15
2011-02-26;12.43;2;12.43
2011-02-27;12.44;2;12.44
2011-02-28;18.41;2;18.41
2011-03-01;57.83;3;57.83
2011-03-02;65.73;3;65.73
2011-03-03;146.7;3;146.7
2011-03-04;113.1;3;113.1
2011-03-05;83.0;3;83.0
2011-03-06;73.42;3;73.42
2011-03-07;66.82;3;66.82
2011-03-08;82.73;3;82.73
2011-03-09;86.89;3;86.89
2011-03-10;105.3;3;105.3
2011-03-11;83.81;3;83.81
2011-03-12;73.84;3;73.84
2011-03-13;64.33;3;64.33
2011-03-14;57.29;3;57.29
2011-03-15;51.98;3;51.98
2011-03-16;57.01;3;57.01
2011-03-17;55.38;3;55.38
2011-03-18;55.58;3;55.58
2011-03-19;82.76;3;82.76
2011-03-20;89.28;3;89.28
2011-03-21;84.32;3;84.32
2011-03-22;87.58;3;87.58
2011-03-23;100.2;3;100.2
2011-03-24;117.0;3;117.0
2011-03-25;113.5;3;113.5
2011-03-26;128.0;3;128.0
2011-03-27;99.14;3;99.14
2011-03-28;109.6;3;109.6
2011-03-29;106.1;3;106.1
2011-03-30;83.18;3;83.18
2011-03-31;102.5;3;102.5
2011-04-01;80.78;4;80.78
2011-04-02;79.75;4;79.75
2011-04-03;79.04;4;79.04
2011-04-04;96.17;4;96.17
2011-04-05;79.85;4;79.85
2011-04-06;75.45;4;75.45
2011-04-07;78.9;4;78.9
2011-04-08;130.1;4;130.1
2011-04-09;130.5;4;130.5
2011-04-10;186.4;4;186.4
2011-04-11;140.8;4;140.8
2011-04-12;191.1;4;191.1
2011-04-13;178.1;4;178.1
2011-04-14;150.2;4;150.2
2011-04-15;170.9;4;170.9
2011-04-16;160.4;4;160.4
2011-04-17;154.0;4;154.0
2011-04-18;189.3;4;189.3
2011-04-19;208.7;4;208.7
2011-04-20;239.4;4;239.4
2011-04-21;198.3;4;198.3
2011-04-22;216.8;4;216.8
2011-04-23;215.5;4;215.5
2011-04-24;157.5;4;157.5
2011-04-25;208.7;4;208.7
2011-04-26;173.5;4;173.5
2011-04-27;192.7;4;192.7
2011-04-28;168.9;4;168.9
2011-04-29;133.7;4;133.7
2011-04-30;122.9;4;122.9
2011-05-01;127.2;5;127.2
2011-05-02;166.9;5;166.9
2011-05-03;123.0;5;123.0
2011-05-04;115.9;5;115.9
2011-05-05;129.8;5;129.8
2011-05-06;123.0;5;123.0
2011-05-07;105.9;5;105.9
2011-05-08;103.4;5;103.4
2011-05-09;105.0;5;105.0
2011-05-10;106.7;5;106.7
2011-05-11;124.5;5;124.5
2011-05-12;142.4;5;142.4
2011-05-13;142.4;5;142.4
2011-05-14;180.3;5;180.3
2011-05-15;146.0;5;146.0
2011-05-16;168.2;5;168.2
2011-05-17;229.6;5;229.6
2011-05-18;176.2;5;176.2
2011-05-19;147.4;5;147.4
2011-05-20;133.9;5;133.9
2011-05-21;124.8;5;124.8
2011-05-22;121.0;5;121.0
2011-05-23;113.4;5;113.4
2011-05-24;124.1;5;124.1
2011-05-25;134.7;5;134.7
2011-05-26;141.5;5;141.5
2011-05-27;119.1;5;119.1
2011-05-28;107.5;5;107.5
2011-05-29;102.8;5;102.8
2011-05-30;98.08;5;98.08
2011-05-31;94.58;5;94.58
2011-06-01;80.57;6;80.57
2011-06-02;110.5;6;110.5
2011-06-03;132.6;6;132.6
2011-06-04;96.38;6;96.38
2011-06-05;88.21;6;88.21
2011-06-06;84.7;6;84.7
2011-06-07;82.64;6;82.64
2011-06-08;78.6;6;78.6
2011-06-09;74.2;6;74.2
2011-06-10;70.18;6;70.18
2011-06-11;66.99;6;66.99
2011-06-12;64.16;6;64.16
2011-06-13;61.64;6;61.64
2011-06-14;59.51;6;59.51
2011-06-15;57.6;6;57.6
2011-06-16;55.99;6;55.99
2011-06-17;55.38;6;55.38
2011-06-18;54.16;6;54.16
2011-06-19;52.02;6;52.02
2011-06-20;56.08;6;56.08
2011-06-21;57.29;6;57.29
2011-06-22;57.85;6;57.85
2011-06-23;66.35;6;66.35
2011-06-24;74.55;6;74.55
2011-06-25;102.5;6;102.5
2011-06-26;83.1;6;83.1
2011-06-27;73.97;6;73.97
2011-06-28;59.89;6;59.89
2011-06-29;70.06;6;70.06
2011-06-30;82.75;6;82.75
2011-07-01;66.5;7;66.5
2011-07-02;55.46;7;55.46
2011-07-03;51.48;7;51.48
2011-07-04;55.35;7;55.35
2011-07-05;52.66;7;52.66
2011-07-06;46.73;7;46.73
2011-07-07;43.78;7;43.78
2011-07-08;41.01;7;41.01
2011-07-09;39.12;7;39.12
2011-07-10;39.29;7;39.29
2011-07-11;36.02;7;36.02
2011-07-12;53.87;7;53.87
2011-07-13;74.97;7;74.97
2011-07-14;68.78;7;68.78
2011-07-15;115.4;7;115.4
2011-07-16;111.5;7;111.5
2011-07-17;69.57;7;69.57
2011-07-18;68.88;7;68.88
2011-07-19;58.13;7;58.13
2011-07-20;48.36;7;48.36
2011-07-21;42.6;7;42.6
2011-07-22;38.29;7;38.29
2011-07-23;34.65;7;34.65
2011-07-24;32.09;7;32.09
2011-07-25;29.44;7;29.44
2011-07-26;27.73;7;27.73
2011-07-27;26.56;7;26.56
2011-07-28;32.05;7;32.05
2011-07-29;35.38;7;35.38
2011-07-30;23.08;7;23.08
2011-07-31;40.58;7;40.58
2011-08-01;51.57;8;51.57
2011-08-02;44.79;8;44.79
2011-08-03;62.22;8;62.22
2011-08-04;37.58;8;37.58
2011-08-05;30.25;8;30.25
2011-08-06;25.98;8;25.98
2011-08-07;23.61;8;23.61
2011-08-08;21.06;8;21.06
2011-08-09;18.27;8;18.27
2011-08-10;17.6;8;17.6
2011-08-11;16.74;8;16.74
2011-08-12;16.44;8;16.44
2011-08-13;15.66;8;15.66
2011-08-14;16.98;8;16.98
2011-08-15;14.62;8;14.62
2011-08-16;16.79;8;16.79
2011-08-17;20.68;8;20.68
2011-08-18;21.92;8;21.92
2011-08-19;62.08;8;62.08
2011-08-20;56.27;8;56.27
2011-08-21;39.71;8;39.71
2011-08-22;44.94;8;44.94
2011-08-23;55.94;8;55.94
2011-08-24;57.42;8;57.42
2011-08-25;35.98;8;35.98
2011-08-26;27.37;8;27.37
2011-08-27;26.16;8;26.16
2011-08-28;45.8;8;45.8
2011-08-29;55.28;8;55.28
2011-08-30;26.1;8;26.1
2011-08-31;20.52;8;20.52
2011-09-01;18.36;9;18.36
2011-09-02;15.63;9;15.63
2011-09-03;15.34;9;15.34
2011-09-04;15.68;9;15.68
2011-09-05;13.3;9;13.3
2011-09-06;14.7;9;14.7
2011-09-07;25.65;9;25.65
2011-09-08;33.72;9;33.72
2011-09-09;25.81;9;25.81
2011-09-10;23.69;9;23.69
2011-09-11;22.67;9;22.67
2011-09-12;17.18;9;17.18
2011-09-13;12.55;9;12.55
2011-09-14;14.99;9;14.99
2011-09-15;12.61;9;12.61
2011-09-16;12.51;9;12.51
2011-09-17;68.57;9;68.57
2011-09-18;80.91;9;80.91
2011-09-19;37.33;9;37.33
2011-09-20;25.12;9;25.12
2011-09-21;48.86;9;48.86
2011-09-22;50.72;9;50.72
2011-09-23;22.5;9;22.5
2011-09-24;31.49;9;31.49
2011-09-25;20.15;9;20.15
2011-09-26;16.05;9;16.05
2011-09-27;13.74;9;13.74
2011-09-28;32.4;9;32.4
2011-09-29;27.96;9;27.96
2011-09-30;44.76;9;44.76
2011-10-01;51.88;10;51.88
2011-10-02;76.69;10;76.69
2011-10-03;67.5;10;67.5
2011-10-04;60.42;10;60.42
2011-10-05;48.43;10;48.43
2011-10-06;50.27;10;50.27
2011-10-07;45.3;10;45.3
2011-10-08;41.85;10;41.85
2011-10-09;39.33;10;39.33
2011-10-10;64.19;10;64.19
2011-10-11;60.52;10;60.52
2011-10-12;68.49;10;68.49
2011-10-13;99.45;10;99.45
2011-10-14;64.09;10;64.09
2011-10-15;79.32;10;79.32
2011-10-16;70.39;10;70.39
2011-10-17;80.58;10;80.58
2011-10-18;150.7;10;150.7
2011-10-19;132.2;10;132.2
2011-10-20;179.7;10;179.7
2011-10-21;112.8;10;112.8
2011-10-22;90.36;10;90.36
2011-10-23;74.04;10;74.04
2011-10-24;66.99;10;66.99
2011-10-25;70.68;10;70.68
2011-10-26;72.42;10;72.42
2011-10-27;64.66;10;64.66
2011-10-28;61.57;10;61.57
2011-10-29;55.0;10;55.0
2011-10-30;51.02;10;51.02
2011-10-31;47.66;10;47.66
2011-11-01;40.95;11;40.95
2011-11-02;36.11;11;36.11
2011-11-03;34.8;11;34.8
2011-11-04;33.7;11;33.7
2011-11-05;33.52;11;33.52
2011-11-06;44.36;11;44.36
2011-11-07;67.68;11;67.68
2011-11-08;73.82;11;73.82
2011-11-09;60.21;11;60.21
2011-11-10;59.83;11;59.83
2011-11-11;66.04;11;66.04
2011-11-12;91.01;11;91.01
2011-11-13;95.14;11;95.14
2011-11-14;87.95;11;87.95
2011-11-15;96.41;11;96.41
2011-11-16;91.53;11;91.53
2011-11-17;103.1;11;103.1
2011-11-18;172.5;11;172.5
2011-11-19;123.8;11;123.8
2011-11-20;112.0;11;112.0
2011-11-21;107.7;11;107.7
2011-11-22;115.4;11;115.4
2011-11-23;127.3;11;127.3
2011-11-24;103.8;11;103.8
2011-11-25;130.7;11;130.7
2011-11-26;117.8;11;117.8
2011-11-27;107.6;11;107.6
2011-11-28;98.26;11;98.26
2011-11-29;99.07;11;99.07
2011-11-30;108.3;11;108.3
2011-12-01;152.2;12;152.2
2011-12-02;111.0;12;111.0
2011-12-03;118.2;12;118.2
2011-12-04;112.7;12;112.7
2011-12-05;123.8;12;123.8
2011-12-06;125.4;12;125.4
2011-12-07;116.1;12;116.1
2011-12-08;120.7;12;120.7
2011-12-09;106.1;12;106.1
2011-12-10;97.03;12;97.03
2011-12-11;97.08;12;97.08
2011-12-12;114.9;12;114.9
2011-12-13;125.3;12;125.3
2011-12-14;134.4;12;134.4
2011-12-15;130.2;12;130.2
2011-12-16;160.3;12;160.3
2011-12-17;112.7;12;112.7
2011-12-18;119.8;12;119.8
2011-12-19;106.4;12;106.4
2011-12-20;97.78;12;97.78
2011-12-21;78.15;12;78.15
2011-12-22;71.08;12;71.08
2011-12-23;65.11;12;65.11
2011-12-24;60.5;12;60.5
2011-12-25;55.15;12;55.15
2011-12-26;51.69;12;51.69
2011-12-27;48.7;12;48.7
2011-12-28;47.24;12;47.24
2011-12-29;49.04;12;49.04
2011-12-30;63.98;12;63.98
2011-12-31;54.99;12;54.99
2012-01-01;42.07;1;42.07
2012-01-02;39.17;1;39.17
2012-01-03;40.87;1;40.87
2012-01-04;43.02;1;43.02
2012-01-05;48.97;1;48.97
2012-01-06;43.87;1;43.87
2012-01-07;37.06;1;37.06
2012-01-08;35.61;1;35.61
2012-01-09;35.54;1;35.54
2012-01-10;32.67;1;32.67
2012-01-11;31.91;1;31.91
2012-01-12;31.91;1;31.91
2012-01-13;30.06;1;30.06
2012-01-14;37.88;1;37.88
2012-01-15;37.15;1;37.15
2012-01-16;29.26;1;29.26
2012-01-17;28.52;1;28.52
2012-01-18;45.06;1;45.06
2012-01-19;40.56;1;40.56
2012-01-20;31.55;1;31.55
2012-01-21;28.88;1;28.88
2012-01-22;30.53;1;30.53
2012-01-23;27.46;1;27.46
2012-01-24;39.27;1;39.27
2012-01-25;26.7;1;26.7
2012-01-26;24.14;1;24.14
2012-01-27;27.82;1;27.82
2012-01-28;29.2;1;29.2
2012-01-29;37.94;1;37.94
2012-01-30;31.41;1;31.41
2012-01-31;43.44;1;43.44
2012-02-01;26.09;2;26.09
2012-02-02;25.09;2;25.09
2012-02-03;21.68;2;21.68
2012-02-04;17.69;2;17.69
2012-02-05;16.67;2;16.67
2012-02-06;31.77;2;31.77
2012-02-07;27.66;2;27.66
2012-02-08;35.84;2;35.84
2012-02-09;34.64;2;34.64
2012-02-10;33.09;2;33.09
2012-02-11;22.27;2;22.27
2012-02-12;17.66;2;17.66
2012-02-13;15.66;2;15.66
2012-02-14;13.89;2;13.89
2012-02-15;12.6;2;12.6
2012-02-16;10.16;2;10.16
2012-02-17;10.01;2;10.01
2012-02-18;9.851;2;9.851
2012-02-19;9.555;2;9.555
2012-02-20;9.102;2;9.102
2012-02-21;8.928;2;8.928
2012-02-22;7.813;2;7.813
2012-02-23;7.431;2;7.431
2012-02-24;7.203;2;7.203
2012-02-25;7.568;2;7.568
2012-02-26;9.61;2;9.61
2012-02-27;7.313;2;7.313
2012-02-28;8.096;2;8.096
2012-02-29;14.83;2;14.83
2012-03-01;7.147;3;7.147
2012-03-02;4.231;3;4.231
2012-03-03;6.705;3;6.705
2012-03-04;7.505;3;7.505
2012-03-05;14.67;3;14.67
2012-03-06;14.97;3;14.97
2012-03-07;14.01;3;14.01
2012-03-08;7.154;3;7.154
2012-03-09;8.03;3;8.03
2012-03-10;39.72;3;39.72
2012-03-11;29.03;3;29.03
2012-03-12;16.54;3;16.54
2012-03-13;13.04;3;13.04
2012-03-14;9.607;3;9.607
2012-03-15;7.487;3;7.487
2012-03-16;11.96;3;11.96
2012-03-17;14.29;3;14.29
2012-03-18;13.86;3;13.86
2012-03-19;23.09;3;23.09
2012-03-20;17.59;3;17.59
2012-03-21;56.82;3;56.82
2012-03-22;67.01;3;67.01
2012-03-23;29.52;3;29.52
2012-03-24;30.59;3;30.59
2012-03-25;27.67;3;27.67
2012-03-26;69.83;3;69.83
2012-03-27;48.05;3;48.05
2012-03-28;42.62;3;42.62
2012-03-29;35.54;3;35.54
2012-03-30;26.68;3;26.68
2012-03-31;21.53;3;21.53
2012-04-01;29.93;4;29.93
2012-04-02;25.09;4;25.09
2012-04-03;19.99;4;19.99
2012-04-04;35.01;4;35.01
2012-04-05;30.63;4;30.63
2012-04-06;73.15;4;73.15
2012-04-07;130.7;4;130.7
2012-04-08;98.51;4;98.51
2012-04-09;124.6;4;124.6
2012-04-10;87.13;4;87.13
2012-04-11;81.87;4;81.87
2012-04-12;209.9;4;209.9
2012-04-13;157.3;4;157.3
2012-04-14;145.6;4;145.6
2012-04-15;130.3;4;130.3
2012-04-16;114.1;4;114.1
2012-04-17;106.0;4;106.0
2012-04-18;100.2;4;100.2
2012-04-19;95.89;4;95.89
2012-04-20;99.53;4;99.53
2012-04-21;120.3;4;120.3
2012-04-22;122.9;4;122.9
2012-04-23;107.7;4;107.7
2012-04-24;109.3;4;109.3
2012-04-25;89.95;4;89.95
2012-04-26;96.53;4;96.53
2012-04-27;105.7;4;105.7
2012-04-28;115.8;4;115.8
2012-04-29;108.5;4;108.5
2012-04-30;104.9;4;104.9
2012-05-01;124.5;5;124.5
2012-05-02;107.2;5;107.2
2012-05-03;98.9;5;98.9
2012-05-04;112.7;5;112.7
2012-05-05;113.0;5;113.0
2012-05-06;95.6;5;95.6
2012-05-07;167.1;5;167.1
2012-05-08;111.7;5;111.7
2012-05-09;117.3;5;117.3
2012-05-10;97.16;5;97.16
2012-05-11;101.7;5;101.7
2012-05-12;112.8;5;112.8
2012-05-13;92.35;5;92.35
2012-05-14;87.53;5;87.53
2012-05-15;73.28;5;73.28
2012-05-16;80.51;5;80.51
2012-05-17;75.35;5;75.35
2012-05-18;78.72;5;78.72
2012-05-19;95.07;5;95.07
2012-05-20;65.29;5;65.29
2012-05-21;78.1;5;78.1
2012-05-22;72.8;5;72.8
2012-05-23;59.66;5;59.66
2012-05-24;59.74;5;59.74
2012-05-25;52.07;5;52.07
2012-05-26;63.37;5;63.37
2012-05-27;46.44;5;46.44
2012-05-28;35.67;5;35.67
2012-05-29;31.09;5;31.09
2012-05-30;26.33;5;26.33
2012-05-31;23.69;5;23.69
2012-06-01;21.98;6;21.98
2012-06-02;22.42;6;22.42
2012-06-03;21.09;6;21.09
2012-06-04;26.35;6;26.35
2012-06-05;25.08;6;25.08
2012-06-06;12.69;6;12.69
2012-06-07;13.09;6;13.09
2012-06-08;10.41;6;10.41
2012-06-09;9.67;6;9.67
2012-06-10;7.898;6;7.898
2012-06-11;7.898;6;7.898
2012-06-12;10.01;6;10.01
2012-06-13;10.99;6;10.99
2012-06-14;29.28;6;29.28
2012-06-15;21.14;6;21.14
2012-06-16;29.62;6;29.62
2012-06-17;31.11;6;31.11
2012-06-18;42.17;6;42.17
2012-06-19;38.33;6;38.33
2012-06-20;27.37;6;27.37
2012-06-21;38.94;6;38.94
2012-06-22;21.43;6;21.43
2012-06-23;17.74;6;17.74
2012-06-24;17.44;6;17.44
2012-06-25;15.59;6;15.59
2012-06-26;17.02;6;17.02
2012-06-27;12.01;6;12.01
2012-06-28;13.11;6;13.11
2012-06-29;11.13;6;11.13
2012-06-30;16.55;6;16.55
2012-07-01;16.23;7;16.23
2012-07-02;11.5;7;11.5
2012-07-03;15.87;7;15.87
2012-07-04;20.4;7;20.4
2012-07-05;32.15;7;32.15
2012-07-06;19.46;7;19.46
2012-07-07;14.0;7;14.0
2012-07-08;11.43;7;11.43
2012-07-09;10.03;7;10.03
2012-07-10;9.478;7;9.478
2012-07-11;26.75;7;26.75
2012-07-12;33.67;7;33.67
2012-07-13;27.38;7;27.38
2012-07-14;23.34;7;23.34
2012-07-15;18.33;7;18.33
2012-07-16;16.51;7;16.51
2012-07-17;13.53;7;13.53
2012-07-18;10.77;7;10.77
2012-07-19;9.419;7;9.419
2012-07-20;7.079;7;7.079
2012-07-21;7.898;7;7.898
2012-07-22;10.01;7;10.01
2012-07-23;9.5;7;9.5
2012-07-24;7.352;7;7.352
2012-07-25;5.442;7;5.442
2012-07-26;4.077;7;4.077
2012-07-27;3.531;7;3.531
2012-07-28;3.288;7;3.288
2012-07-29;4.379;7;4.379
2012-07-30;9.219;7;9.219
2012-07-31;10.35;7;10.35
2012-08-01;10.01;8;10.01
2012-08-02;6.871;8;6.871
2012-08-03;12.58;8;12.58
2012-08-04;32.58;8;32.58
2012-08-05;36.89;8;36.89
2012-08-06;19.03;8;19.03
2012-08-07;15.18;8;15.18
2012-08-08;28.58;8;28.58
2012-08-09;11.92;8;11.92
2012-08-10;9.032;8;9.032
2012-08-11;7.932;8;7.932
2012-08-12;15.49;8;15.49
2012-08-13;21.94;8;21.94
2012-08-14;19.48;8;19.48
2012-08-15;14.94;8;14.94
2012-08-16;10.43;8;10.43
2012-08-17;10.44;8;10.44
2012-08-18;10.18;8;10.18
2012-08-19;8.346;8;8.346
2012-08-20;11.02;8;11.02
2012-08-21;12.13;8;12.13
2012-08-22;38.2;8;38.2
2012-08-23;44.32;8;44.32
2012-08-24;38.87;8;38.87
2012-08-25;18.62;8;18.62
2012-08-26;21.45;8;21.45
2012-08-27;16.92;8;16.92
2012-08-28;12.77;8;12.77
2012-08-29;10.22;8;10.22
2012-08-30;8.774;8;8.774
2012-08-31;7.989;8;7.989
2012-09-01;12.56;9;12.56
2012-09-02;11.54;9;11.54
2012-09-03;11.03;9;11.03
2012-09-04;9.5;9;9.5
2012-09-05;8.444;9;8.444
2012-09-06;7.625;9;7.625
2012-09-07;7.352;9;7.352
2012-09-08;6.26;9;6.26
2012-09-09;5.715;9;5.715
2012-09-10;4.896;9;4.896
2012-09-11;4.316;9;4.316
2012-09-12;3.359;9;3.359
2012-09-13;3.085;9;3.085
2012-09-14;2.923;9;2.923
2012-09-15;2.821;9;2.821
2012-09-16;2.902;9;2.902
2012-09-17;2.715;9;2.715
2012-09-18;3.195;9;3.195
2012-09-19;6.17;9;6.17
2012-09-20;5.776;9;5.776
2012-09-21;10.61;9;10.61
2012-09-22;5.521;9;5.521
2012-09-23;6.492;9;6.492
2012-09-24;33.88;9;33.88
2012-09-25;34.39;9;34.39
2012-09-26;14.98;9;14.98
2012-09-27;10.84;9;10.84
2012-09-28;14.4;9;14.4
2012-09-29;16.81;9;16.81
2012-09-30;9.284;9;9.284
2012-10-01;8.762;10;8.762
2012-10-02;23.04;10;23.04
2012-10-03;12.54;10;12.54
2012-10-04;14.98;10;14.98
2012-10-05;36.38;10;36.38
2012-10-06;22.16;10;22.16
2012-10-07;54.46;10;54.46
2012-10-08;23.16;10;23.16
2012-10-09;16.72;10;16.72
2012-10-10;15.3;10;15.3
2012-10-11;13.13;10;13.13
2012-10-12;14.51;10;14.51
2012-10-13;19.03;10;19.03
2012-10-14;11.03;10;11.03
2012-10-15;16.1;10;16.1
2012-10-16;9.054;10;9.054
2012-10-17;19.48;10;19.48
2012-10-18;36.76;10;36.76
2012-10-19;30.69;10;30.69
2012-10-20;56.41;10;56.41
2012-10-21;28.3;10;28.3
2012-10-22;31.1;10;31.1
2012-10-23;31.43;10;31.43
2012-10-24;23.4;10;23.4
2012-10-25;23.64;10;23.64
2012-10-26;27.97;10;27.97
2012-10-27;13.13;10;13.13
2012-10-28;10.26;10;10.26
2012-10-29;9.331;10;9.331
2012-10-30;13.21;10;13.21
2012-10-31;21.79;10;21.79
2012-11-01;18.16;11;18.16
2012-11-02;14.58;11;14.58
2012-11-03;18.85;11;18.85
2012-11-04;20.0;11;20.0
2012-11-05;16.7;11;16.7
2012-11-06;11.05;11;11.05
2012-11-07;8.804;11;8.804
2012-11-08;8.779;11;8.779
2012-11-09;12.52;11;12.52
2012-11-10;11.94;11;11.94
2012-11-11;12.56;11;12.56
2012-11-12;12.39;11;12.39
2012-11-13;15.49;11;15.49
2012-11-14;13.35;11;13.35
2012-11-15;19.12;11;19.12
2012-11-16;20.2;11;20.2
2012-11-17;15.35;11;15.35
2012-11-18;46.96;11;46.96
2012-11-19;25.89;11;25.89
2012-11-20;14.72;11;14.72
2012-11-21;19.55;11;19.55
2012-11-22;14.83;11;14.83
2012-11-23;12.05;11;12.05
2012-11-24;10.37;11;10.37
2012-11-25;9.165;11;9.165
2012-11-26;9.182;11;9.182
2012-11-27;8.274;11;8.274
2012-11-28;7.739;11;7.739
2012-11-29;8.026;11;8.026
2012-11-30;8.371;11;8.371
2012-12-01;7.204;12;7.204
2012-12-02;6.795;12;6.795
2012-12-03;6.499;12;6.499
2012-12-04;6.204;12;6.204
2012-12-05;5.942;12;5.942
2012-12-06;5.669;12;5.669
2012-12-07;5.442;12;5.442
2012-12-08;5.305;12;5.305
2012-12-09;4.93;12;4.93
2012-12-10;4.759;12;4.759
2012-12-11;6.373;12;6.373
2012-12-12;7.483;12;7.483
2012-12-13;8.394;12;8.394
2012-12-14;6.602;12;6.602
2012-12-15;5.749;12;5.749
2012-12-16;5.214;12;5.214
2012-12-17;4.771;12;4.771
2012-12-18;5.794;12;5.794
2012-12-19;13.58;12;13.58
2012-12-20;10.52;12;10.52
2012-12-21;12.07;12;12.07
2012-12-22;10.09;12;10.09
2012-12-23;22.09;12;22.09
2012-12-24;9.961;12;9.961
2012-12-25;8.611;12;8.611
2012-12-26;15.08;12;15.08
2012-12-27;8.103;12;8.103
2012-12-28;7.045;12;7.045
2012-12-29;6.374;12;6.374
2012-12-30;5.862;12;5.862
2012-12-31;5.408;12;5.408
2013-01-01;5.135;1;5.135
2013-01-02;4.759;1;4.759
2013-01-03;4.464;1;4.464
2013-01-04;4.338;1;4.338
2013-01-05;4.066;1;4.066
2013-01-06;3.77;1;3.77
2013-01-07;3.511;1;3.511
2013-01-08;3.338;1;3.338
2013-01-09;3.283;1;3.283
2013-01-10;3.267;1;3.267
2013-01-11;3.272;1;3.272
2013-01-12;3.267;1;3.267
2013-01-13;3.166;1;3.166
2013-01-14;3.166;1;3.166
2013-01-15;3.044;1;3.044
2013-01-16;3.044;1;3.044
2013-01-17;3.044;1;3.044
2013-01-18;2.923;1;2.923
2013-01-19;3.044;1;3.044
2013-01-20;2.923;1;2.923
2013-01-21;2.801;1;2.801
2013-01-22;2.801;1;2.801
2013-01-23;2.923;1;2.923
2013-01-24;3.531;1;3.531
2013-01-25;3.044;1;3.044
2013-01-26;3.227;1;3.227
2013-01-27;2.984;1;2.984
2013-01-28;2.679;1;2.679
2013-01-29;2.558;1;2.558
2013-01-30;2.436;1;2.436
2013-01-31;2.436;1;2.436
2013-02-01;2.497;2;2.497
2013-02-02;3.166;2;3.166
2013-02-03;4.35;2;4.35
2013-02-04;4.213;2;4.213
2013-02-05;4.44;2;4.44
2013-02-06;10.52;2;10.52
2013-02-07;7.898;2;7.898
2013-02-08;5.169;2;5.169
2013-02-09;4.759;2;4.759
2013-02-10;4.759;2;4.759
2013-02-11;8.444;2;8.444
2013-02-12;7.898;2;7.898
2013-02-13;7.762;2;7.762
2013-02-14;11.79;2;11.79
2013-02-15;12.05;2;12.05
2013-02-16;7.352;2;7.352
2013-02-17;11.79;2;11.79
2013-02-18;14.6;2;14.6
2013-02-19;15.11;2;15.11
2013-02-20;18.8;2;18.8
2013-02-21;12.05;2;12.05
2013-02-22;5.715;2;5.715
2013-02-23;5.851;2;5.851
2013-02-24;5.442;2;5.442
2013-02-25;5.988;2;5.988
2013-02-26;8.171;2;8.171
2013-02-27;6.533;2;6.533
2013-02-28;-999.000;2;4.4
2013-03-01;20.14;3;20.14
2013-03-02;11.03;3;11.03
2013-03-03;10.77;3;10.77
2013-03-04;7.898;3;7.898
2013-03-05;7.625;3;7.625
2013-03-06;10.52;3;10.52
2013-03-07;10.65;3;10.65
2013-03-08;10.42;3;10.42
2013-03-09;7.5;3;7.5
2013-03-10;6.431;3;6.431
2013-03-11;6.688;3;6.688
2013-03-12;17.59;3;17.59
2013-03-13;34.78;3;34.78
2013-03-14;39.68;3;39.68
2013-03-15;60.47;3;60.47
2013-03-16;29.05;3;29.05
2013-03-17;46.26;3;46.26
2013-03-18;41.84;3;41.84
2013-03-19;62.86;3;62.86
2013-03-20;30.31;3;30.31
2013-03-21;20.58;3;20.58
2013-03-22;21.34;3;21.34
2013-03-23;22.73;3;22.73
2013-03-24;23.31;3;23.31
2013-03-25;17.91;3;17.91
2013-03-26;16.83;3;16.83
2013-03-27;14.81;3;14.81
2013-03-28;16.39;3;16.39
2013-03-29;47.55;3;47.55
2013-03-30;23.09;3;23.09
2013-03-31;17.87;3;17.87
2013-04-01;15.42;4;15.42
2013-04-02;14.89;4;14.89
2013-04-03;13.79;4;13.79
2013-04-04;11.45;4;11.45
2013-04-05;16.96;4;16.96
2013-04-06;11.77;4;11.77
2013-04-07;17.52;4;17.52
2013-04-08;52.26;4;52.26
2013-04-09;34.62;4;34.62
2013-04-10;22.11;4;22.11
2013-04-11;34.11;4;34.11
2013-04-12;20.47;4;20.47
2013-04-13;20.67;4;20.67
2013-04-14;16.95;4;16.95
2013-04-15;20.18;4;20.18
2013-04-16;19.36;4;19.36
2013-04-17;18.5;4;18.5
2013-04-18;25.42;4;25.42
2013-04-19;58.21;4;58.21
2013-04-20;46.36;4;46.36
2013-04-21;82.71;4;82.71
2013-04-22;45.33;4;45.33
2013-04-23;38.73;4;38.73
2013-04-24;38.11;4;38.11
2013-04-25;64.41;4;64.41
2013-04-26;100.4;4;100.4
2013-04-27;95.8;4;95.8
2013-04-28;59.45;4;59.45
2013-04-29;53.23;4;53.23
2013-04-30;67.81;4;67.81
2013-05-01;101.7;5;101.7
2013-05-02;117.9;5;117.9
2013-05-03;133.7;5;133.7
2013-05-04;80.6;5;80.6
2013-05-05;92.75;5;92.75
2013-05-06;75.56;5;75.56
2013-05-07;70.76;5;70.76
2013-05-08;57.51;5;57.51
2013-05-09;54.73;5;54.73
2013-05-10;73.69;5;73.69
2013-05-11;47.77;5;47.77
2013-05-12;51.5;5;51.5
2013-05-13;50.84;5;50.84
2013-05-14;51.61;5;51.61
2013-05-15;52.88;5;52.88
2013-05-16;102.9;5;102.9
2013-05-17;120.7;5;120.7
2013-05-18;60.44;5;60.44
2013-05-19;62.89;5;62.89
2013-05-20;69.8;5;69.8
2013-05-21;84.08;5;84.08
2013-05-22;101.2;5;101.2
2013-05-23;82.83;5;82.83
2013-05-24;77.01;5;77.01
2013-05-25;57.27;5;57.27
2013-05-26;54.99;5;54.99
2013-05-27;49.64;5;49.64
2013-05-28;53.13;5;53.13
2013-05-29;42.56;5;42.56
2013-05-30;40.7;5;40.7
2013-05-31;37.5;5;37.5
2013-06-01;36.44;6;36.44
2013-06-02;38.3;6;38.3
2013-06-03;33.02;6;33.02
2013-06-04;27.0;6;27.0
2013-06-05;20.31;6;20.31
2013-06-06;32.55;6;32.55
2013-06-07;20.94;6;20.94
2013-06-08;18.23;6;18.23
2013-06-09;26.33;6;26.33
2013-06-10;14.51;6;14.51
2013-06-11;19.32;6;19.32
2013-06-12;30.11;6;30.11
2013-06-13;23.64;6;23.64
2013-06-14;20.97;6;20.97
2013-06-15;17.4;6;17.4
2013-06-16;11.13;6;11.13
2013-06-17;16.15;6;16.15
2013-06-18;20.23;6;20.23
2013-06-19;13.03;6;13.03
2013-06-20;12.03;6;12.03
2013-06-21;12.49;6;12.49
2013-06-22;10.2;6;10.2
2013-06-23;15.87;6;15.87
2013-06-24;17.15;6;17.15
2013-06-25;19.18;6;19.18
2013-06-26;17.15;6;17.15
2013-06-27;15.11;6;15.11
2013-06-28;17.65;6;17.65
2013-06-29;22.31;6;22.31
2013-06-30;29.46;6;29.46
2013-07-01;24.54;7;24.54
2013-07-02;23.65;7;23.65
2013-07-03;28.12;7;28.12
2013-07-04;26.33;7;26.33
2013-07-05;21.44;7;21.44
2013-07-06;19.39;7;19.39
2013-07-07;17.29;7;17.29
2013-07-08;20.71;7;20.71
2013-07-09;15.42;7;15.42
2013-07-10;14.21;7;14.21
2013-07-11;12.64;7;12.64
2013-07-12;14.79;7;14.79
2013-07-13;11.43;7;11.43
2013-07-14;11.3;7;11.3
2013-07-15;11.07;7;11.07
2013-07-16;9.359;7;9.359
2013-07-17;8.478;7;8.478
2013-07-18;8.126;7;8.126
2013-07-19;7.853;7;7.853
2013-07-20;7.58;7;7.58
2013-07-21;7.295;7;7.295
2013-07-22;8.154;7;8.154
2013-07-23;11.19;7;11.19
2013-07-24;8.111;7;8.111
2013-07-25;7.159;7;7.159
2013-07-26;7.273;7;7.273
2013-07-27;6.624;7;6.624
2013-07-28;6.238;7;6.238
2013-07-29;5.965;7;5.965
2013-07-30;6.45;7;6.45
2013-07-31;9.074;7;9.074
2013-08-01;14.94;8;14.94
2013-08-02;21.44;8;21.44
2013-08-03;9.585;8;9.585
2013-08-04;8.08;8;8.08
2013-08-05;6.795;8;6.795
2013-08-06;6.499;8;6.499
2013-08-07;6.715;8;6.715
2013-08-08;11.28;8;11.28
2013-08-09;11.36;8;11.36
2013-08-10;8.588;8;8.588
2013-08-11;23.61;8;23.61
2013-08-12;41.84;8;41.84
2013-08-13;48.31;8;48.31
2013-08-14;29.01;8;29.01
2013-08-15;17.91;8;17.91
2013-08-16;14.62;8;14.62
2013-08-17;12.26;8;12.26
2013-08-18;11.5;8;11.5
2013-08-19;15.3;8;15.3
2013-08-20;16.55;8;16.55
2013-08-21;12.77;8;12.77
2013-08-22;12.54;8;12.54
2013-08-23;15.13;8;15.13
2013-08-24;35.68;8;35.68
2013-08-25;42.71;8;42.71
2013-08-26;48.16;8;48.16
2013-08-27;25.96;8;25.96
2013-08-28;18.13;8;18.13
2013-08-29;15.38;8;15.38
2013-08-30;13.32;8;13.32
2013-08-31;11.67;8;11.67
2013-09-01;10.09;9;10.09
2013-09-02;12.99;9;12.99
2013-09-03;15.76;9;15.76
2013-09-04;20.0;9;20.0
2013-09-05;20.08;9;20.08
2013-09-06;12.9;9;12.9
2013-09-07;11.54;9;11.54
2013-09-08;15.63;9;15.63
2013-09-09;15.69;9;15.69
2013-09-10;16.7;9;16.7
2013-09-11;13.24;9;13.24
2013-09-12;53.8;9;53.8
2013-09-13;26.04;9;26.04
2013-09-14;18.09;9;18.09
2013-09-15;15.4;9;15.4
2013-09-16;13.09;9;13.09
2013-09-17;13.94;9;13.94
2013-09-18;13.91;9;13.91
2013-09-19;16.48;9;16.48
2013-09-20;13.32;9;13.32
2013-09-21;11.45;9;11.45
2013-09-22;8.938;9;8.938
2013-09-23;8.126;9;8.126
2013-09-24;8.069;9;8.069
2013-09-25;7.739;9;7.739
2013-09-26;10.32;9;10.32
2013-09-27;15.64;9;15.64
2013-09-28;10.52;9;10.52
2013-09-29;16.78;9;16.78
2013-09-30;17.87;9;17.87
2013-10-01;24.77;10;24.77
2013-10-02;13.98;10;13.98
2013-10-03;10.99;10;10.99
2013-10-04;25.63;10;25.63
2013-10-05;20.32;10;20.32
2013-10-06;14.51;10;14.51
2013-10-07;12.71;10;12.71
2013-10-08;14.78;10;14.78
2013-10-09;9.655;10;9.655
2013-10-10;14.74;10;14.74
2013-10-11;17.89;10;17.89
2013-10-12;48.81;10;48.81
2013-10-13;58.2;10;58.2
2013-10-14;67.74;10;67.74
2013-10-15;52.54;10;52.54
2013-10-16;51.54;10;51.54
2013-10-17;68.96;10;68.96
2013-10-18;47.2;10;47.2
2013-10-19;41.13;10;41.13
2013-10-20;37.58;10;37.58
2013-10-21;44.8;10;44.8
2013-10-22;38.81;10;38.81
2013-10-23;39.29;10;39.29
2013-10-24;31.6;10;31.6
2013-10-25;22.46;10;22.46
2013-10-26;17.85;10;17.85
2013-10-27;24.01;10;24.01
2013-10-28;52.13;10;52.13
2013-10-29;39.36;10;39.36
2013-10-30;28.93;10;28.93
2013-10-31;30.0;10;30.0
2013-11-01;22.61;11;22.61
2013-11-02;17.8;11;17.8
2013-11-03;17.42;11;17.42
2013-11-04;17.23;11;17.23
2013-11-05;44.36;11;44.36
2013-11-06;36.34;11;36.34
2013-11-07;41.78;11;41.78
2013-11-08;34.44;11;34.44
2013-11-09;29.64;11;29.64
2013-11-10;51.74;11;51.74
2013-11-11;45.85;11;45.85
2013-11-12;40.99;11;40.99
2013-11-13;37.86;11;37.86
2013-11-14;48.15;11;48.15
2013-11-15;42.8;11;42.8
2013-11-16;32.96;11;32.96
2013-11-17;29.01;11;29.01
2013-11-18;24.69;11;24.69
2013-11-19;19.53;11;19.53
2013-11-20;28.12;11;28.12
2013-11-21;23.2;11;23.2
2013-11-22;25.88;11;25.88
2013-11-23;23.65;11;23.65
2013-11-24;22.31;11;22.31
2013-11-25;24.1;11;24.1
2013-11-26;22.76;11;22.76
2013-11-27;25.44;11;25.44
2013-11-28;21.86;11;21.86
2013-11-29;22.76;11;22.76
2013-11-30;29.01;11;29.01
2013-12-01;28.97;12;28.97
2013-12-02;25.7;12;25.7
2013-12-03;30.31;12;30.31
2013-12-04;28.62;12;28.62
2013-12-05;48.41;12;48.41
2013-12-06;35.04;12;35.04
2013-12-07;33.96;12;33.96
2013-12-08;66.56;12;66.56
2013-12-09;42.98;12;42.98
2013-12-10;48.37;12;48.37
2013-12-11;33.47;12;33.47
2013-12-12;49.15;12;49.15
2013-12-13;32.92;12;32.92
2013-12-14;27.5;12;27.5
2013-12-15;52.36;12;52.36
2013-12-16;46.86;12;46.86
2013-12-17;30.91;12;30.91
2013-12-18;28.28;12;28.28
2013-12-19;30.84;12;30.84
2013-12-20;25.81;12;25.81
2013-12-21;27.22;12;27.22
2013-12-22;33.57;12;33.57
2013-12-23;35.71;12;35.71
2013-12-24;27.61;12;27.61
2013-12-25;23.24;12;23.24
2013-12-26;23.54;12;23.54
2013-12-27;22.2;12;22.2
2013-12-28;24.22;12;24.22
2013-12-29;27.58;12;27.58
2013-12-30;25.62;12;25.62
2013-12-31;21.64;12;21.64
2014-01-01;12.52;1;12.52
2014-01-02;9.67;1;9.67
2014-01-03;8.626;1;8.626
2014-01-04;8.376;1;8.376
2014-01-05;8.934;1;8.934
2014-01-06;12.6;1;12.6
2014-01-07;13.34;1;13.34
2014-01-08;8.945;1;8.945
2014-01-09;8.308;1;8.308
2014-01-10;7.875;1;7.875
2014-01-11;7.523;1;7.523
2014-01-12;7.568;1;7.568
2014-01-13;7.125;1;7.125
2014-01-14;6.806;1;6.806
2014-01-15;8.266;1;8.266
2014-01-16;15.28;1;15.28
2014-01-17;7.754;1;7.754
2014-01-18;6.795;1;6.795
2014-01-19;6.875;1;6.875
2014-01-20;7.544;1;7.544
2014-01-21;7.941;1;7.941
2014-01-22;9.962;1;9.962
2014-01-23;13.13;1;13.13
2014-01-24;8.004;1;8.004
2014-01-25;6.761;1;6.761
2014-01-26;5.965;1;5.965
2014-01-27;5.715;1;5.715
2014-01-28;7.0;1;7.0
2014-01-29;7.318;1;7.318
2014-01-30;7.289;1;7.289
2014-01-31;5.794;1;5.794
2014-02-01;16.79;2;16.79
2014-02-02;9.657;2;9.657
2014-02-03;7.574;2;7.574
2014-02-04;6.971;2;6.971
2014-02-05;6.806;2;6.806
2014-02-06;7.494;2;7.494
2014-02-07;7.574;2;7.574
2014-02-08;7.21;2;7.21
2014-02-09;7.131;2;7.131
2014-02-10;11.03;2;11.03
2014-02-11;8.623;2;8.623
2014-02-12;8.019;2;8.019
2014-02-13;8.996;2;8.996
2014-02-14;8.762;2;8.762
2014-02-15;6.056;2;6.056
2014-02-16;5.1;2;5.1
2014-02-17;7.835;2;7.835
2014-02-18;8.159;2;8.159
2014-02-19;10.15;2;10.15
2014-02-20;22.72;2;22.72
2014-02-21;13.02;2;13.02
2014-02-22;18.6;2;18.6
2014-02-23;21.86;2;21.86
2014-02-24;34.27;2;34.27
2014-02-25;20.7;2;20.7
2014-02-26;19.91;2;19.91
2014-02-27;41.0;2;41.0
2014-02-28;45.18;2;45.18
2014-03-01;33.53;3;33.53
2014-03-02;25.77;3;25.77
2014-03-03;22.31;3;22.31
2014-03-04;21.95;3;21.95
2014-03-05;17.57;3;17.57
2014-03-06;27.44;3;27.44
2014-03-07;23.61;3;23.61
2014-03-08;65.18;3;65.18
2014-03-09;42.82;3;42.82
2014-03-10;18.33;3;18.33
2014-03-11;29.52;3;29.52
2014-03-12;52.44;3;52.44
2014-03-13;34.77;3;34.77
2014-03-14;26.58;3;26.58
2014-03-15;19.32;3;19.32
2014-03-16;23.15;3;23.15
2014-03-17;20.44;3;20.44
2014-03-18;33.24;3;33.24
2014-03-19;37.1;3;37.1
2014-03-20;20.24;3;20.24
2014-03-21;70.1;3;70.1
2014-03-22;31.25;3;31.25
2014-03-23;29.9;3;29.9
2014-03-24;42.55;3;42.55
2014-03-25;91.94;3;91.94
2014-03-26;119.1;3;119.1
2014-03-27;60.2;3;60.2
2014-03-28;40.49;3;40.49
2014-03-29;25.06;3;25.06
2014-03-30;20.23;3;20.23
2014-03-31;17.4;3;17.4
2014-04-01;28.02;4;28.02
2014-04-02;46.89;4;46.89
2014-04-03;26.63;4;26.63
2014-04-04;25.33;4;25.33
2014-04-05;33.09;4;33.09
2014-04-06;22.15;4;22.15
2014-04-07;15.98;4;15.98
2014-04-08;33.09;4;33.09
2014-04-09;15.28;4;15.28
2014-04-10;18.75;4;18.75
2014-04-11;15.17;4;15.17
2014-04-12;10.48;4;10.48
2014-04-13;8.797;4;8.797
2014-04-14;9.817;4;9.817
2014-04-15;26.88;4;26.88
2014-04-16;26.55;4;26.55
2014-04-17;49.85;4;49.85
2014-04-18;34.64;4;34.64
2014-04-19;39.9;4;39.9
2014-04-20;42.22;4;42.22
2014-04-21;25.82;4;25.82
2014-04-22;41.01;4;41.01
2014-04-23;50.84;4;50.84
2014-04-24;63.95;4;63.95
2014-04-25;42.48;4;42.48
2014-04-26;45.54;4;45.54
2014-04-27;51.25;4;51.25
2014-04-28;47.0;4;47.0
2014-04-29;56.56;4;56.56
2014-04-30;71.36;4;71.36
2014-05-01;145.1;5;145.1
2014-05-02;97.57;5;97.57
2014-05-03;74.82;5;74.82
2014-05-04;60.26;5;60.26
2014-05-05;131.1;5;131.1
2014-05-06;89.57;5;89.57
2014-05-07;93.52;5;93.52
2014-05-08;113.7;5;113.7
2014-05-09;143.4;5;143.4
2014-05-10;86.86;5;86.86
2014-05-11;90.87;5;90.87
2014-05-12;68.69;5;68.69
2014-05-13;55.36;5;55.36
2014-05-14;53.39;5;53.39
2014-05-15;58.19;5;58.19
2014-05-16;53.64;5;53.64
2014-05-17;52.2;5;52.2
2014-05-18;57.69;5;57.69
2014-05-19;49.67;5;49.67
2014-05-20;86.22;5;86.22
2014-05-21;66.17;5;66.17
2014-05-22;93.65;5;93.65
2014-05-23;61.04;5;61.04
2014-05-24;58.13;5;58.13
2014-05-25;33.73;5;33.73
2014-05-26;34.04;5;34.04
2014-05-27;44.6;5;44.6
2014-05-28;62.69;5;62.69
2014-05-29;49.96;5;49.96
2014-05-30;57.92;5;57.92
2014-05-31;83.89;5;83.89
2014-06-01;43.19;6;43.19
2014-06-02;34.81;6;34.81
2014-06-03;29.9;6;29.9
2014-06-04;29.08;6;29.08
2014-06-05;23.31;6;23.31
2014-06-06;19.73;6;19.73
2014-06-07;25.74;6;25.74
2014-06-08;18.91;6;18.91
2014-06-09;23.65;6;23.65
2014-06-10;25.75;6;25.75
2014-06-11;26.72;6;26.72
2014-06-12;23.2;6;23.2
2014-06-13;18.16;6;18.16
2014-06-14;20.08;6;20.08
2014-06-15;26.33;6;26.33
2014-06-16;19.18;6;19.18
2014-06-17;17.15;6;17.15
2014-06-18;15.11;6;15.11
2014-06-19;13.07;6;13.07
2014-06-20;11.54;6;11.54
2014-06-21;10.01;6;10.01
2014-06-22;8.444;6;8.444
2014-06-23;8.717;6;8.717
2014-06-24;15.11;6;15.11
2014-06-25;21.86;6;21.86
2014-06-26;19.18;6;19.18
2014-06-27;18.16;6;18.16
2014-06-28;16.64;6;16.64
2014-06-29;15.11;6;15.11
2014-06-30;13.07;6;13.07
2014-07-01;6.316;7;6.316
2014-07-02;8.685;7;8.685
2014-07-03;4.452;7;4.452
2014-07-04;13.43;7;13.43
2014-07-05;11.61;7;11.61
2014-07-06;6.838;7;6.838
2014-07-07;9.511;7;9.511
2014-07-08;7.247;7;7.247
2014-07-09;5.009;7;5.009
2014-07-10;4.671;7;4.671
2014-07-11;4.053;7;4.053
2014-07-12;3.049;7;3.049
2014-07-13;2.755;7;2.755
2014-07-14;2.527;7;2.527
2014-07-15;2.299;7;2.299
2014-07-16;2.168;7;2.168
2014-07-17;2.01;7;2.01
2014-07-18;1.818;7;1.818
2014-07-19;1.691;7;1.691
2014-07-20;1.569;7;1.569
2014-07-21;1.458;7;1.458
2014-07-22;1.382;7;1.382
2014-07-23;1.316;7;1.316
2014-07-24;1.215;7;1.215
2014-07-25;1.123;7;1.123
2014-07-26;2.863;7;2.863
2014-07-27;1.924;7;1.924
2014-07-28;1.387;7;1.387
2014-07-29;1.071;7;1.071
2014-07-30;1.028;7;1.028
2014-07-31;1.378;7;1.378
2014-08-01;5.175;8;5.175
2014-08-02;1.904;8;1.904
2014-08-03;5.169;8;5.169
2014-08-04;4.623;8;4.623
2014-08-05;4.077;8;4.077
2014-08-06;4.077;8;4.077
2014-08-07;4.35;8;4.35
2014-08-08;5.169;8;5.169
2014-08-09;7.079;8;7.079
2014-08-10;6.09;8;6.09
2014-08-11;14.6;8;14.6
2014-08-12;8.735;8;8.735
2014-08-13;6.966;8;6.966
2014-08-14;6.806;8;6.806
2014-08-15;6.26;8;6.26
2014-08-16;5.442;8;5.442
2014-08-17;4.623;8;4.623
2014-08-18;4.498;8;4.498
2014-08-19;4.145;8;4.145
2014-08-20;4.077;8;4.077
2014-08-21;4.262;8;4.262
2014-08-22;7.132;8;7.132
2014-08-23;7.693;8;7.693
2014-08-24;7.942;8;7.942
2014-08-25;16.74;8;16.74
2014-08-26;17.3;8;17.3
2014-08-27;13.58;8;13.58
2014-08-28;10.52;8;10.52
2014-08-29;9.346;8;9.346
2014-08-30;7.227;8;7.227
2014-08-31;6.351;8;6.351
2014-09-01;5.726;9;5.726
2014-09-02;5.373;9;5.373
2014-09-03;9.324;9;9.324
2014-09-04;11.75;9;11.75
2014-09-05;7.011;9;7.011
2014-09-06;6.022;9;6.022
2014-09-07;5.396;9;5.396
2014-09-08;4.918;9;4.918
2014-09-09;4.6;9;4.6
2014-09-10;4.646;9;4.646
2014-09-11;16.33;9;16.33
2014-09-12;20.2;9;20.2
2014-09-13;39.46;9;39.46
2014-09-14;16.02;9;16.02
2014-09-15;12.41;9;12.41
2014-09-16;11.47;9;11.47
2014-09-17;17.67;9;17.67
2014-09-18;26.04;9;26.04
2014-09-19;33.15;9;33.15
2014-09-20;46.29;9;46.29
2014-09-21;45.41;9;45.41
2014-09-22;95.33;9;95.33
2014-09-23;61.27;9;61.27
2014-09-24;50.36;9;50.36
2014-09-25;47.6;9;47.6
2014-09-26;55.0;9;55.0
2014-09-27;43.56;9;43.56
2014-09-28;28.97;9;28.97
2014-09-29;23.5;9;23.5
2014-09-30;17.8;9;17.8
2014-10-01;15.11;10;15.11
2014-10-02;13.0;10;13.0
2014-10-03;10.9;10;10.9
2014-10-04;20.01;10;20.01
2014-10-05;52.28;10;52.28
2014-10-06;34.35;10;34.35
2014-10-07;52.44;10;52.44
2014-10-08;92.15;10;92.15
2014-10-09;96.32;10;96.32
2014-10-10;46.87;10;46.87
2014-10-11;40.48;10;40.48
2014-10-12;47.76;10;47.76
2014-10-13;43.16;10;43.16
2014-10-14;29.9;10;29.9
2014-10-15;25.0;10;25.0
2014-10-16;63.97;10;63.97
2014-10-17;58.73;10;58.73
2014-10-18;71.82;10;71.82
2014-10-19;89.38;10;89.38
2014-10-20;81.58;10;81.58
2014-10-21;96.22;10;96.22
2014-10-22;71.09;10;71.09
2014-10-23;52.95;10;52.95
2014-10-24;45.72;10;45.72
2014-10-25;51.5;10;51.5
2014-10-26;38.49;10;38.49
2014-10-27;33.47;10;33.47
2014-10-28;29.01;10;29.01
2014-10-29;24.54;10;24.54
2014-10-30;21.86;10;21.86
2014-10-31;28.56;10;28.56
2014-11-01;44.28;11;44.28
2014-11-02;-999.000;11;44.0
2014-11-03;28.56;11;28.56
2014-11-04;26.78;11;26.78
2014-11-05;33.47;11;33.47
2014-11-06;50.78;11;50.78
2014-11-07;89.38;11;89.38
2014-11-08;89.38;11;89.38
2014-11-09;77.67;11;77.67
2014-11-10;81.58;11;81.58
2014-11-11;87.43;11;87.43
2014-11-12;54.39;11;54.39
2014-11-13;42.83;11;42.83
2014-11-14;35.26;11;35.26
2014-11-15;33.47;11;33.47
2014-11-16;33.47;11;33.47
2014-11-17;29.9;11;29.9
2014-11-18;32.58;11;32.58
2014-11-19;28.12;11;28.12
2014-11-20;26.33;11;26.33
2014-11-21;26.33;11;26.33
2014-11-22;35.26;11;35.26
2014-11-23;31.69;11;31.69
2014-11-24;28.12;11;28.12
2014-11-25;25.44;11;25.44
2014-11-26;21.86;11;21.86
2014-11-27;19.18;11;19.18
2014-11-28;17.65;11;17.65
2014-11-29;16.13;11;16.13
2014-11-30;15.11;11;15.11
2014-12-01;14.6;12;14.6
2014-12-02;16.13;12;16.13
2014-12-03;14.09;12;14.09
2014-12-04;14.6;12;14.6
2014-12-05;32.58;12;32.58
2014-12-06;28.12;12;28.12
2014-12-07;29.01;12;29.01
2014-12-08;31.69;12;31.69
2014-12-09;28.12;12;28.12
2014-12-10;34.2;12;34.2
2014-12-11;51.5;12;51.5
2014-12-12;51.5;12;51.5
2014-12-13;89.0;12;89.0
2014-12-14;60.18;12;60.18
2014-12-15;47.89;12;47.89
2014-12-16;33.47;12;33.47
2014-12-17;28.56;12;28.56
2014-12-18;25.44;12;25.44
2014-12-19;22.76;12;22.76
2014-12-20;19.18;12;19.18
2014-12-21;18.16;12;18.16
2014-12-22;16.64;12;16.64
2014-12-23;15.11;12;15.11
2014-12-24;12.56;12;12.56
2014-12-25;-999.000;12;11.6
2014-12-26;10.01;12;10.01
2014-12-27;8.444;12;8.444
2014-12-28;8.99;12;8.99
2014-12-29;8.444;12;8.444
2014-12-30;8.171;12;8.171
2014-12-31;8.171;12;8.171
2015-01-01;6.772;1;6.772
2015-01-02;6.306;1;6.306
2015-01-03;5.936;1;5.936
2015-01-04;5.607;1;5.607
2015-01-05;5.311;1;5.311
2015-01-06;5.027;1;5.027
2015-01-07;4.845;1;4.845
2015-01-08;4.623;1;4.623
2015-01-09;4.606;1;4.606
2015-01-10;4.429;1;4.429
2015-01-11;4.765;1;4.765
2015-01-12;4.27;1;4.27
2015-01-13;4.071;1;4.071
2015-01-14;3.804;1;3.804
2015-01-15;4.265;1;4.265
2015-01-16;4.553;1;4.553
2015-01-17;7.716;1;7.716
2015-01-18;5.123;1;5.123
2015-01-19;8.641;1;8.641
2015-01-20;5.294;1;5.294
2015-01-21;6.503;1;6.503
2015-01-22;18.215;1;18.215
2015-01-23;18.862;1;18.862
2015-01-24;8.891;1;8.891
2015-01-25;7.46;1;7.46
2015-01-26;6.334;1;6.334
2015-01-27;6.17;1;6.17
2015-01-28;5.408;1;5.408
2015-01-29;4.862;1;4.862
2015-01-30;4.464;1;4.464
2015-01-31;7.634;1;7.634
2015-02-01;13.666;2;13.666
2015-02-02;7.858;2;7.858
2015-02-03;6.403;2;6.403
2015-02-04;5.106;2;5.106
2015-02-05;4.435;2;4.435
2015-02-06;4.6;2;4.6
2015-02-07;6.503;2;6.503
2015-02-08;14.348;2;14.348
2015-02-09;14.183;2;14.183
2015-02-10;10.689;2;10.689
2015-02-11;9.49;2;9.49
2015-02-12;7.239;2;7.239
2015-02-13;9.25;2;9.25
2015-02-14;31.271;2;31.271
2015-02-15;25.223;2;25.223
2015-02-16;9.481;2;9.481
2015-02-17;7.546;2;7.546
2015-02-18;6.846;2;6.846
2015-02-19;6.363;2;6.363
2015-02-20;5.641;2;5.641
2015-02-21;5.214;2;5.214
2015-02-22;4.833;2;4.833
2015-02-23;4.39;2;4.39
2015-02-24;4.094;2;4.094
2015-02-25;4.077;2;4.077
2015-02-26;6.124;2;6.124
2015-02-27;4.174;2;4.174
2015-02-28;3.889;2;3.889
2015-03-01;9.571;3;9.571
2015-03-02;7.145;3;7.145
2015-03-03;4.737;3;4.737
2015-03-04;3.986;3;3.986
2015-03-05;5.959;3;5.959
2015-03-06;5.527;3;5.527
2015-03-07;6.943;3;6.943
2015-03-08;7.443;3;7.443
2015-03-09;4.924;3;4.924
2015-03-10;3.849;3;3.849
2015-03-11;3.901;3;3.901
2015-03-12;6.336;3;6.336
2015-03-13;6.317;3;6.317
2015-03-14;5.16;3;5.16
2015-03-15;6.532;3;6.532
2015-03-16;14.155;3;14.155
2015-03-17;12.425;3;12.425
2015-03-18;7.836;3;7.836
2015-03-19;11.298;3;11.298
2015-03-20;17.25;3;17.25
2015-03-21;14.254;3;14.254
2015-03-22;13.312;3;13.312
2015-03-23;9.194;3;9.194
2015-03-24;8.086;3;8.086
2015-03-25;7.534;3;7.534
2015-03-26;7.529;3;7.529
2015-03-27;9.128;3;9.128
2015-03-28;9.115;3;9.115
2015-03-29;19.757;3;19.757
2015-03-30;11.699;3;11.699
2015-03-31;10.085;3;10.085
2015-04-01;9.526;4;9.526
2015-04-02;26.213;4;26.213
2015-04-03;37.494;4;37.494
2015-04-04;46.209;4;46.209
2015-04-05;72.29;4;72.29
2015-04-06;43.901;4;43.901
2015-04-07;47.766;4;47.766
2015-04-08;41.344;4;41.344
2015-04-09;34.636;4;34.636
2015-04-10;22.98;4;22.98
2015-04-11;20.245;4;20.245
2015-04-12;31.349;4;31.349
2015-04-13;24.017;4;24.017
2015-04-14;43.609;4;43.609
2015-04-15;77.052;4;77.052
2015-04-16;122.048;4;122.048
2015-04-17;121.269;4;121.269
2015-04-18;78.363;4;78.363
2015-04-19;151.842;4;151.842
2015-04-20;131.095;4;131.095
2015-04-21;120.507;4;120.507
2015-04-22;110.112;4;110.112
2015-04-23;99.453;4;99.453
2015-04-24;69.808;4;69.808
2015-04-25;44.817;4;44.817
2015-04-26;33.979;4;33.979
2015-04-27;29.681;4;29.681
2015-04-28;30.957;4;30.957
2015-04-29;19.514;4;19.514
2015-04-30;17.3;4;17.3
2015-05-01;20.206;5;20.206
2015-05-02;14.183;5;14.183
2015-05-03;19.012;5;19.012
2015-05-04;13.588;5;13.588
2015-05-05;10.997;5;10.997
2015-05-06;9.507;5;9.507
2015-05-07;12.207;5;12.207
2015-05-08;8.455;5;8.455
2015-05-09;7.705;5;7.705
2015-05-10;7.079;5;7.079
2015-05-11;7.5;5;7.5
2015-05-12;8.33;5;8.33
2015-05-13;8.126;5;8.126
2015-05-14;8.052;5;8.052
2015-05-15;7.284;5;7.284
2015-05-16;7.04;5;7.04
2015-05-17;7.872;5;7.872
2015-05-18;9.159;5;9.159
2015-05-19;6.971;5;6.971
2015-05-20;6.818;5;6.818
2015-05-21;19.165;5;19.165
2015-05-22;17.369;5;17.369
2015-05-23;16.147;5;16.147
2015-05-24;13.724;5;13.724
2015-05-25;22.464;5;22.464
2015-05-26;13.429;5;13.429
2015-05-27;15.309;5;15.309
2015-05-28;23.339;5;23.339
2015-05-29;48.94;5;48.94
2015-05-30;38.297;5;38.297
2015-05-31;26.348;5;26.348
2015-06-01;19.764;6;19.764
2015-06-02;19.211;6;19.211
2015-06-03;20.547;6;20.547
2015-06-04;22.727;6;22.727
2015-06-05;18.24;6;18.24
2015-06-06;14.69;6;14.69
2015-06-07;20.333;6;20.333
2015-06-08;14.384;6;14.384
2015-06-09;16.41;6;16.41
2015-06-10;51.425;6;51.425
2015-06-11;26.646;6;26.646
2015-06-12;22.084;6;22.084
2015-06-13;17.336;6;17.336
2015-06-14;18.007;6;18.007
2015-06-15;19.726;6;19.726
2015-06-16;27.347;6;27.347
2015-06-17;15.064;6;15.064
2015-06-18;12.579;6;12.579
2015-06-19;10.625;6;10.625
2015-06-20;8.928;6;8.928
2015-06-21;8.507;6;8.507
2015-06-22;8.507;6;8.507
2015-06-23;7.614;6;7.614
2015-06-24;7.022;6;7.022
2015-06-25;6.653;6;6.653
2015-06-26;6.374;6;6.374
2015-06-27;5.959;6;5.959
2015-06-28;5.709;6;5.709
2015-06-29;5.413;6;5.413
2015-06-30;5.163;6;5.163
2015-07-01;4.896;7;4.896
2015-07-02;4.913;7;4.913
2015-07-03;4.93;7;4.93
2015-07-04;4.378;7;4.378
2015-07-05;7.11;7;7.11
2015-07-06;5.614;7;5.614
2015-07-07;-999.000;7;39.29
2015-07-08;-999.000;7;22.105
2015-07-09;-999.000;7;7.3
2015-07-10;-999.000;7;11.4
2015-07-11;-999.000;7;13.503
2015-07-12;-999.000;7;9.4
2015-07-13;-999.000;7;5.614
2015-07-14;-999.000;7;22.858
2015-07-15;-999.000;7;13.5
2015-07-16;-999.000;7;10.27
2015-07-17;-999.000;7;23.07
2015-07-18;3.839;7;3.839
2015-07-19;9.08;7;9.08
2015-07-20;13.542;7;13.542
2015-07-21;20.408;7;20.408
2015-07-22;17.248;7;17.248
2015-07-23;11.008;7;11.008
2015-07-24;9.784;7;9.784
2015-07-25;8.972;7;8.972
2015-07-26;7.113;7;7.113
2015-07-27;6.778;7;6.778
2015-07-28;8.188;7;8.188
2015-07-29;7.389;7;7.389
2015-07-30;20.107;7;20.107
2015-07-31;10.129;7;10.129
2015-08-01;8.109;8;8.109
2015-08-02;6.852;8;6.852
2015-08-03;5.976;8;5.976
2015-08-04;5.317;8;5.317
2015-08-05;4.85;8;4.85
2015-08-06;4.401;8;4.401
2015-08-07;5.504;8;5.504
2015-08-08;6.444;8;6.444
2015-08-09;34.179;8;34.179
2015-08-10;13.62;8;13.62
2015-08-11;15.123;8;15.123
2015-08-12;9.185;8;9.185
2015-08-13;7.489;8;7.489
2015-08-14;7.187;8;7.187
2015-08-15;6.522;8;6.522
2015-08-16;6.022;8;6.022
2015-08-17;6.732;8;6.732
2015-08-18;6.689;8;6.689
2015-08-19;8.906;8;8.906
2015-08-20;8.773;8;8.773
2015-08-21;8.998;8;8.998
2015-08-22;14.631;8;14.631
2015-08-23;21.144;8;21.144
2015-08-24;13.089;8;13.089
2015-08-25;8.695;8;8.695
2015-08-26;14.068;8;14.068
2015-08-27;34.211;8;34.211
2015-08-28;14.416;8;14.416
2015-08-29;9.878;8;9.878
2015-08-30;8.131;8;8.131
2015-08-31;7.388;8;7.388
2015-09-01;-999.000;9;15.5
2015-09-02;-999.000;9;7.551
2015-09-03;-999.000;9;91.4
2015-09-04;-999.000;9;14.2
2015-09-05;-999.000;9;56.1
2015-09-06;-999.000;9;20.3
2015-09-07;-999.000;9;6.2
2015-09-08;-999.000;9;13.1
2015-09-09;-999.000;9;77.3
2015-09-10;-999.000;9;7.426
2015-09-11;-999.000;9;8.8
2015-09-12;-999.000;9;58.0
2015-09-13;-999.000;9;34.0
2015-09-14;-999.000;9;4.4
2015-09-15;-999.000;9;55.0
2015-09-16;4.277;9;4.277
2015-09-17;14.199;9;14.199
2015-09-18;14.895;9;14.895
2015-09-19;31.813;9;31.813
2015-09-20;24.011;9;24.011
2015-09-21;9.876;9;9.876
2015-09-22;7.017;9;7.017
2015-09-23;5.823;9;5.823
2015-09-24;5.146;9;5.146
2015-09-25;4.623;9;4.623
2015-09-26;4.208;9;4.208
2015-09-27;3.878;9;3.878
2015-09-28;3.559;9;3.559
2015-09-29;3.857;9;3.857
2015-09-30;8.478;9;8.478
2015-10-01;-999.000;10;83.2
2015-10-02;10.501;10;10.501
2015-10-03;9.091;10;9.091
2015-10-04;6.181;10;6.181
2015-10-05;4.992;10;4.992
2015-10-06;4.27;10;4.27
2015-10-07;3.827;10;3.827
2015-10-08;3.588;10;3.588
2015-10-09;4.356;10;4.356
2015-10-10;5.842;10;5.842
2015-10-11;11.328;10;11.328
2015-10-12;7.943;10;7.943
2015-10-13;22.653;10;22.653
2015-10-14;16.66;10;16.66
2015-10-15;22.59;10;22.59
2015-10-16;23.67;10;23.67
2015-10-17;11.889;10;11.889
2015-10-18;8.438;10;8.438
2015-10-19;8.917;10;8.917
2015-10-20;7.102;10;7.102
2015-10-21;6.141;10;6.141
2015-10-22;5.743;10;5.743
2015-10-23;9.562;10;9.562
2015-10-24;21.096;10;21.096
2015-10-25;32.595;10;32.595
2015-10-26;13.609;10;13.609
2015-10-27;10.169;10;10.169
2015-10-28;15.78;10;15.78
2015-10-29;34.293;10;34.293
2015-10-30;35.883;10;35.883
2015-10-31;21.045;10;21.045
2015-11-01;37.903;11;37.903
2015-11-02;31.37;11;31.37
2015-11-03;19.669;11;19.669
2015-11-04;17.935;11;17.935
2015-11-05;49.669;11;49.669
2015-11-06;28.841;11;28.841
2015-11-07;38.712;11;38.712
2015-11-08;66.036;11;66.036
2015-11-09;34.442;11;34.442
2015-11-10;27.151;11;27.151
2015-11-11;18.972;11;18.972
2015-11-12;21.253;11;21.253
2015-11-13;41.68;11;41.68
2015-11-14;27.344;11;27.344
2015-11-15;17.951;11;17.951
2015-11-16;-999.000;11;24.93
2015-11-17;-999.000;11;91.83
2015-11-18;-999.000;11;56.9
2015-11-19;16.849;11;16.849
2015-11-20;12.855;11;12.855
2015-11-21;9.999;11;9.999
2015-11-22;8.772;11;8.772
2015-11-23;29.486;11;29.486
2015-11-24;15.807;11;15.807
2015-11-25;25.926;11;25.926
2015-11-26;12.834;11;12.834
2015-11-27;36.256;11;36.256
2015-11-28;15.085;11;15.085
2015-11-29;13.407;11;13.407
2015-11-30;10.583;11;10.583
2015-12-01;8.851;12;8.851
2015-12-02;8.074;12;8.074
2015-12-03;7.608;12;7.608
2015-12-04;8.501;12;8.501
2015-12-05;10.328;12;10.328
2015-12-06;13.662;12;13.662
2015-12-07;8.915;12;8.915
2015-12-08;7.33;12;7.33
2015-12-09;6.732;12;6.732
2015-12-10;7.347;12;7.347
2015-12-11;6.17;12;6.17
2015-12-12;5.612;12;5.612
2015-12-13;5.209;12;5.209
2015-12-14;10.392;12;10.392
2015-12-15;13.447;12;13.447
2015-12-16;6.727;12;6.727
2015-12-17;5.715;12;5.715
2015-12-18;7.191;12;7.191
2015-12-19;12.653;12;12.653
2015-12-20;8.941;12;8.941
2015-12-21;6.312;12;6.312
2015-12-22;5.453;12;5.453
2015-12-23;4.896;12;4.896
2015-12-24;4.583;12;4.583
2015-12-25;4.139;12;4.139
2015-12-26;3.878;12;3.878
2015-12-27;3.787;12;3.787
2015-12-28;3.531;12;3.531
2015-12-29;3.412;12;3.412
2015-12-30;3.305;12;3.305
2015-12-31;-999.000;12;24.8
2016-01-01;3.169;1;3.169
2016-01-02;3.164;1;3.164
2016-01-03;3.077;1;3.077
2016-01-04;3.324;1;3.324
2016-01-05;4.29;1;4.29
2016-01-06;4.379;1;4.379
2016-01-07;3.354;1;3.354
2016-01-08;3.133;1;3.133
2016-01-09;2.958;1;2.958
2016-01-10;2.92;1;2.92
2016-01-11;2.821;1;2.821
2016-01-12;2.799;1;2.799
2016-01-13;2.715;1;2.715
2016-01-14;2.679;1;2.679
2016-01-15;2.677;1;2.677
2016-01-16;2.568;1;2.568
2016-01-17;2.555;1;2.555
2016-01-18;2.456;1;2.456
2016-01-19;2.434;1;2.434
2016-01-20;2.34;1;2.34
2016-01-21;2.314;1;2.314
2016-01-22;2.312;1;2.312
2016-01-23;2.213;1;2.213
2016-01-24;2.193;1;2.193
2016-01-25;2.19;1;2.19
2016-01-26;2.112;1;2.112
2016-01-27;2.071;1;2.071
2016-01-28;2.084;1;2.084
2016-01-29;2.398;1;2.398
2016-01-30;2.431;1;2.431
2016-01-31;2.122;1;2.122
2016-02-01;2.071;2;2.071
2016-02-02;2.071;2;2.071
2016-02-03;2.071;2;2.071
2016-02-04;2.071;2;2.071
2016-02-05;2.071;2;2.071
2016-02-06;2.188;2;2.188
2016-02-07;2.071;2;2.071
2016-02-08;2.071;2;2.071
2016-02-09;2.031;2;2.031
2016-02-10;2.053;2;2.053
2016-02-11;2.558;2;2.558
2016-02-12;2.233;2;2.233
2016-02-13;2.094;2;2.094
2016-02-14;2.304;2;2.304
2016-02-15;2.178;2;2.178
2016-02-16;2.081;2;2.081
2016-02-17;2.778;2;2.778
2016-02-18;2.629;2;2.629
2016-02-19;2.408;2;2.408
2016-02-20;2.091;2;2.091
2016-02-21;2.086;2;2.086
2016-02-22;3.32;2;3.32
2016-02-23;6.231;2;6.231
2016-02-24;5.604;2;5.604
2016-02-25;7.757;2;7.757
2016-02-26;3.384;2;3.384
2016-02-27;2.745;2;2.745
2016-02-28;2.543;2;2.543
2016-02-29;2.251;2;2.251
2016-03-01;2.084;3;2.084
2016-03-02;1.985;3;1.985
2016-03-03;1.95;3;1.95
2016-03-04;1.965;3;1.965
2016-03-05;2.205;3;2.205
2016-03-06;6.173;3;6.173
2016-03-07;6.248;3;6.248
2016-03-08;3.118;3;3.118
2016-03-09;2.91;3;2.91
2016-03-10;4.423;3;4.423
2016-03-11;2.837;3;2.837
2016-03-12;2.416;3;2.416
2016-03-13;2.256;3;2.256
2016-03-14;5.874;3;5.874
2016-03-15;3.372;3;3.372
2016-03-16;5.289;3;5.289
2016-03-17;12.412;3;12.412
2016-03-18;9.49;3;9.49
2016-03-19;6.897;3;6.897
2016-03-20;7.0;3;7.0
2016-03-21;4.691;3;4.691
2016-03-22;4.702;3;4.702
2016-03-23;4.484;3;4.484
2016-03-24;3.365;3;3.365
2016-03-25;2.996;3;2.996
2016-03-26;2.849;3;2.849
2016-03-27;3.249;3;3.249
2016-03-28;5.891;3;5.891
2016-03-29;7.364;3;7.364
2016-03-30;5.806;3;5.806
2016-03-31;22.561;3;22.561
2016-04-01;20.571;4;20.571
2016-04-02;10.394;4;10.394
2016-04-03;8.072;4;8.072
2016-04-04;7.153;4;7.153
2016-04-05;9.376;4;9.376
2016-04-06;19.936;4;19.936
2016-04-07;12.568;4;12.568
2016-04-08;21.455;4;21.455
2016-04-09;25.706;4;25.706
2016-04-10;28.892;4;28.892
2016-04-11;24.096;4;24.096
2016-04-12;22.092;4;22.092
2016-04-13;17.581;4;17.581
2016-04-14;13.389;4;13.389
2016-04-15;10.723;4;10.723
2016-04-16;43.979;4;43.979
2016-04-17;59.683;4;59.683
2016-04-18;22.991;4;22.991
2016-04-19;15.998;4;15.998
2016-04-20;12.335;4;12.335
2016-04-21;10.205;4;10.205
2016-04-22;10.265;4;10.265
2016-04-23;11.422;4;11.422
2016-04-24;30.991;4;30.991
2016-04-25;33.673;4;33.673
2016-04-26;29.066;4;29.066
2016-04-27;47.017;4;47.017
2016-04-28;98.395;4;98.395
2016-04-29;142.006;4;142.006
2016-04-30;76.644;4;76.644
2016-05-01;72.821;5;72.821
2016-05-02;54.654;5;54.654
2016-05-03;64.522;5;64.522
2016-05-04;63.925;5;63.925
2016-05-05;40.927;5;40.927
2016-05-06;69.004;5;69.004
2016-05-07;57.994;5;57.994
2016-05-08;50.596;5;50.596
2016-05-09;107.574;5;107.574
2016-05-10;103.578;5;103.578
2016-05-11;60.915;5;60.915
2016-05-12;42.625;5;42.625
2016-05-13;33.487;5;33.487
2016-05-14;26.188;5;26.188
2016-05-15;20.869;5;20.869
2016-05-16;17.464;5;17.464
2016-05-17;16.631;5;16.631
2016-05-18;16.839;5;16.839
2016-05-19;18.852;5;18.852
2016-05-20;13.238;5;13.238
2016-05-21;11.199;5;11.199
2016-05-22;9.743;5;9.743
2016-05-23;8.762;5;8.762
2016-05-24;8.452;5;8.452
2016-05-25;8.981;5;8.981
2016-05-26;13.928;5;13.928
2016-05-27;14.213;5;14.213
2016-05-28;18.418;5;18.418
2016-05-29;35.395;5;35.395
2016-05-30;50.904;5;50.904
2016-05-31;42.533;5;42.533
2016-06-01;45.218;6;45.218
2016-06-02;30.941;6;30.941
2016-06-03;33.225;6;33.225
2016-06-04;41.502;6;41.502
2016-06-05;30.055;6;30.055
2016-06-06;28.023;6;28.023
2016-06-07;34.594;6;34.594
2016-06-08;28.923;6;28.923
2016-06-09;30.202;6;30.202
2016-06-10;30.163;6;30.163
2016-06-11;23.076;6;23.076
2016-06-12;19.207;6;19.207
2016-06-13;23.181;6;23.181
2016-06-14;16.359;6;16.359
2016-06-15;14.83;6;14.83
2016-06-16;13.652;6;13.652
2016-06-17;12.404;6;12.404
2016-06-18;15.182;6;15.182
2016-06-19;30.826;6;30.826
2016-06-20;24.449;6;24.449
2016-06-21;17.411;6;17.411
2016-06-22;15.021;6;15.021
2016-06-23;15.499;6;15.499
2016-06-24;15.003;6;15.003
2016-06-25;20.038;6;20.038
2016-06-26;18.659;6;18.659
2016-06-27;15.064;6;15.064
2016-06-28;12.579;6;12.579
2016-06-29;10.976;6;10.976
2016-06-30;9.589;6;9.589
2016-07-01;8.626;7;8.626
2016-07-02;8.369;7;8.369
2016-07-03;15.017;7;15.017
2016-07-04;12.473;7;12.473
2016-07-05;12.896;7;12.896
2016-07-06;40.958;7;40.958
2016-07-07;36.427;7;36.427
2016-07-08;20.981;7;20.981
2016-07-09;16.561;7;16.561
2016-07-10;14.767;7;14.767
2016-07-11;13.96;7;13.96
2016-07-12;11.39;7;11.39
2016-07-13;11.974;7;11.974
2016-07-14;10.753;7;10.753
2016-07-15;16.238;7;16.238
2016-07-16;25.183;7;25.183
2016-07-17;15.244;7;15.244
2016-07-18;12.704;7;12.704
2016-07-19;13.214;7;13.214
2016-07-20;20.244;7;20.244
2016-07-21;16.875;7;16.875
2016-07-22;14.107;7;14.107
2016-07-23;14.219;7;14.219
2016-07-24;21.936;7;21.936
2016-07-25;19.517;7;19.517
2016-07-26;18.861;7;18.861
2016-07-27;15.68;7;15.68
2016-07-28;13.503;7;13.503
2016-07-29;11.613;7;11.613
2016-07-30;10.317;7;10.317
2016-07-31;12.881;7;12.881
2016-08-01;9.341;8;9.341
2016-08-02;8.296;8;8.296
2016-08-03;7.688;8;7.688
2016-08-04;7.301;8;7.301
2016-08-05;7.091;8;7.091
2016-08-06;6.641;8;6.641
2016-08-07;6.152;8;6.152
2016-08-08;6.061;8;6.061
2016-08-09;9.572;8;9.572
2016-08-10;7.784;8;7.784
2016-08-11;6.909;8;6.909
2016-08-12;5.857;8;5.857
2016-08-13;11.532;8;11.532
2016-08-14;11.206;8;11.206
2016-08-15;6.681;8;6.681
2016-08-16;11.737;8;11.737
2016-08-17;13.79;8;13.79
2016-08-18;10.114;8;10.114
2016-08-19;12.753;8;12.753
2016-08-20;8.148;8;8.148
2016-08-21;7.091;8;7.091
2016-08-22;6.272;8;6.272
2016-08-23;5.891;8;5.891
2016-08-24;10.649;8;10.649
2016-08-25;12.482;8;12.482
2016-08-26;7.898;8;7.898
2016-08-27;6.965;8;6.965
2016-08-28;10.285;8;10.285
2016-08-29;7.619;8;7.619
2016-08-30;17.178;8;17.178
2016-08-31;9.107;8;9.107
2016-09-01;8.2;9;8.2
2016-09-02;8.576;9;8.576
2016-09-03;19.648;9;19.648
2016-09-04;30.509;9;30.509
2016-09-05;36.46;9;36.46
2016-09-06;18.521;9;18.521
2016-09-07;15.391;9;15.391
2016-09-08;18.188;9;18.188
2016-09-09;19.018;9;19.018
2016-09-10;20.72;9;20.72
2016-09-11;33.551;9;33.551
2016-09-12;45.212;9;45.212
2016-09-13;50.084;9;50.084
2016-09-14;32.607;9;32.607
2016-09-15;24.189;9;24.189
2016-09-16;21.386;9;21.386
2016-09-17;19.385;9;19.385
2016-09-18;23.26;9;23.26
2016-09-19;19.945;9;19.945
2016-09-20;15.202;9;15.202
2016-09-21;14.066;9;14.066
2016-09-22;14.19;9;14.19
2016-09-23;19.284;9;19.284
2016-09-24;42.854;9;42.854
2016-09-25;49.516;9;49.516
2016-09-26;20.45;9;20.45
2016-09-27;16.535;9;16.535
2016-09-28;30.981;9;30.981
2016-09-29;23.992;9;23.992
2016-09-30;17.629;9;17.629
2016-10-01;13.906;10;13.906
2016-10-02;12.027;10;12.027
2016-10-03;11.008;10;11.008
2016-10-04;10.54;10;10.54
2016-10-05;13.206;10;13.206
2016-10-06;12.239;10;12.239
2016-10-07;20.119;10;20.119
2016-10-08;20.999;10;20.999
2016-10-09;31.399;10;31.399
2016-10-10;28.208;10;28.208
2016-10-11;24.663;10;24.663
2016-10-12;38.5;10;38.5
2016-10-13;31.784;10;31.784
2016-10-14;76.311;10;76.311
2016-10-15;55.656;10;55.656
2016-10-16;41.729;10;41.729
2016-10-17;33.096;10;33.096
2016-10-18;33.484;10;33.484
2016-10-19;22.754;10;22.754
2016-10-20;21.387;10;21.387
2016-10-21;20.491;10;20.491
2016-10-22;43.399;10;43.399
2016-10-23;26.925;10;26.925
2016-10-24;23.333;10;23.333
2016-10-25;25.362;10;25.362
2016-10-26;45.513;10;45.513
2016-10-27;28.264;10;28.264
2016-10-28;22.105;10;22.105
2016-10-29;38.451;10;38.451
2016-10-30;26.467;10;26.467
2016-10-31;36.797;10;36.797
2016-11-01;50.691;11;50.691
2016-11-02;28.506;11;28.506
2016-11-03;24.748;11;24.748
2016-11-04;20.731;11;20.731
2016-11-05;18.131;11;18.131
2016-11-06;20.422;11;20.422
2016-11-07;40.73;11;40.73
2016-11-08;62.709;11;62.709
2016-11-09;49.901;11;49.901
2016-11-10;64.528;11;64.528
2016-11-11;50.337;11;50.337
2016-11-12;34.149;11;34.149
2016-11-13;27.855;11;27.855
2016-11-14;25.106;11;25.106
2016-11-15;45.778;11;45.778
2016-11-16;33.339;11;33.339
2016-11-17;30.394;11;30.394
2016-11-18;42.295;11;42.295
2016-11-19;118.496;11;118.496
2016-11-20;83.046;11;83.046
2016-11-21;54.672;11;54.672
2016-11-22;38.104;11;38.104
2016-11-23;31.502;11;31.502
2016-11-24;30.497;11;30.497
2016-11-25;35.455;11;35.455
2016-11-26;31.223;11;31.223
2016-11-27;28.897;11;28.897
2016-11-28;31.019;11;31.019
2016-11-29;41.918;11;41.918
2016-11-30;38.869;11;38.869
2016-12-01;67.105;12;67.105
2016-12-02;81.713;12;81.713
2016-12-03;110.234;12;110.234
2016-12-04;77.805;12;77.805
2016-12-05;58.547;12;58.547
2016-12-06;85.692;12;85.692
2016-12-07;90.845;12;90.845
2016-12-08;69.755;12;69.755
2016-12-09;72.294;12;72.294
2016-12-10;79.787;12;79.787
2016-12-11;56.704;12;56.704
2016-12-12;41.606;12;41.606
2016-12-13;37.387;12;37.387
2016-12-14;36.968;12;36.968
2016-12-15;28.934;12;28.934
2016-12-16;26.031;12;26.031
2016-12-17;25.808;12;25.808
2016-12-18;20.827;12;20.827
2016-12-19;18.43;12;18.43
2016-12-20;17.714;12;17.714
2016-12-21;30.684;12;30.684
2016-12-22;35.991;12;35.991
2016-12-23;27.919;12;27.919
2016-12-24;30.244;12;30.244
2016-12-25;35.007;12;35.007
2016-12-26;34.619;12;34.619
2016-12-27;67.776;12;67.776
2016-12-28;50.493;12;50.493
2016-12-29;34.185;12;34.185
2016-12-30;42.823;12;42.823
2016-12-31;113.548;12;113.548
2017-01-01;59.79;1;59.79
2017-01-02;67.67;1;67.67
2017-01-03;42.176;1;42.176
2017-01-04;53.225;1;53.225
2017-01-05;37.868;1;37.868
2017-01-06;38.064;1;38.064
2017-01-07;61.731;1;61.731
2017-01-08;75.23;1;75.23
2017-01-09;65.494;1;65.494
2017-01-10;59.856;1;59.856
2017-01-11;41.836;1;41.836
2017-01-12;34.286;1;34.286
2017-01-13;30.237;1;30.237
2017-01-14;25.864;1;25.864
2017-01-15;22.515;1;22.515
2017-01-16;19.801;1;19.801
2017-01-17;18.271;1;18.271
2017-01-18;17.597;1;17.597
2017-01-19;17.517;1;17.517
2017-01-20;16.317;1;16.317
2017-01-21;15.011;1;15.011
2017-01-22;13.747;1;13.747
2017-01-23;12.866;1;12.866
2017-01-24;12.08;1;12.08
2017-01-25;11.56;1;11.56
2017-01-26;11.029;1;11.029
2017-01-27;14.12;1;14.12
2017-01-28;17.241;1;17.241
2017-01-29;14.321;1;14.321
2017-01-30;15.001;1;15.001
2017-01-31;20.758;1;20.758
2017-02-01;20.541;2;20.541
2017-02-02;16.142;2;16.142
2017-02-03;15.138;2;15.138
2017-02-04;14.597;2;14.597
2017-02-05;13.514;2;13.514
2017-02-06;12.048;2;12.048
2017-02-07;11.093;2;11.093
2017-02-08;11.093;2;11.093
2017-02-09;11.921;2;11.921
2017-02-10;11.029;2;11.029
2017-02-11;10.009;2;10.009
2017-02-12;9.02;2;9.02
2017-02-13;8.478;2;8.478
2017-02-14;8.41;2;8.41
2017-02-15;7.932;2;7.932
2017-02-16;7.881;2;7.881
2017-02-17;7.642;2;7.642
2017-02-18;7.608;2;7.608
2017-02-19;7.369;2;7.369
2017-02-20;7.421;2;7.421
2017-02-21;8.342;2;8.342
2017-02-22;7.932;2;7.932
2017-02-23;7.864;2;7.864
2017-02-24;7.386;2;7.386
2017-02-25;7.964;2;7.964
2017-02-26;16.533;2;16.533
2017-02-27;17.081;2;17.081
2017-02-28;-999.000;2;11.9
2017-03-01;-999.000;3;20.9
2017-03-02;-999.000;3;28.3
2017-03-03;-999.000;3;8.9
2017-03-04;-999.000;3;26.6
2017-03-05;-999.000;3;4.28
2017-03-06;33.177;3;33.177
2017-03-07;30.125;3;30.125
2017-03-08;32.754;3;32.754
2017-03-09;41.195;3;41.195
2017-03-10;38.253;3;38.253
2017-03-11;50.057;3;50.057
2017-03-12;65.878;3;65.878
2017-03-13;87.757;3;87.757
2017-03-14;-999.000;3;11.5
2017-03-15;63.959;3;63.959
2017-03-16;53.31;3;53.31
2017-03-17;48.612;3;48.612
2017-03-18;44.034;3;44.034
2017-03-19;-999.000;3;2.64
2017-03-20;26.18;3;26.18
2017-03-21;24.431;3;24.431
2017-03-22;21.417;3;21.417
2017-03-23;24.655;3;24.655
2017-03-24;32.299;3;32.299
2017-03-25;54.434;3;54.434
2017-03-26;-999.000;3;15.2
2017-03-27;-999.000;3;6.9
2017-03-28;-999.000;3;58.0
2017-03-29;-999.000;3;3.5
2017-03-30;-999.000;3;46.1
2017-03-31;-999.000;3;48.6
2017-04-01;-999.000;4;48.921
2017-04-02;-999.000;4;33.0
2017-04-03;-999.000;4;17.1
2017-04-04;-999.000;4;25.09
2017-04-05;-999.000;4;62.053
2017-04-06;-999.000;4;81.9
2017-04-07;-999.000;4;10.4
2017-04-08;-999.000;4;26.8
2017-04-09;-999.000;4;3.6
2017-04-10;-999.000;4;80.78
2017-04-11;-999.000;4;39.6
2017-04-12;-999.000;4;41.3
2017-04-13;-999.000;4;42.48
2017-04-14;-999.000;4;112.2
2017-04-15;-999.000;4;54.55
2017-04-16;-999.000;4;55.2
2017-04-17;-999.000;4;62.062
2017-04-18;-999.000;4;27.2
2017-04-19;-999.000;4;58.67
2017-04-20;-999.000;4;31.77
2017-04-21;-999.000;4;68.0
2017-04-22;-999.000;4;19.514
2017-04-23;-999.000;4;75.122
2017-04-24;-999.000;4;5.3
2017-04-25;-999.000;4;52.771
2017-04-26;-999.000;4;21.2
2017-04-27;-999.000;4;46.36
2017-04-28;-999.000;4;37.494
2017-04-29;-999.000;4;20.1
2017-04-30;-999.000;4;60.531
2017-05-01;-999.000;5;8.126
2017-05-02;-999.000;5;75.1
2017-05-03;-999.000;5;144.8
2017-05-04;-999.000;5;35.6
2017-05-05;-999.000;5;44.271
2017-05-06;-999.000;5;47.7
2017-05-07;-999.000;5;39.364
2017-05-08;-999.000;5;65.2
2017-05-09;-999.000;5;62.33
2017-05-10;-999.000;5;168.1
2017-05-11;-999.000;5;149.9
2017-05-12;-999.000;5;16.4
2017-05-13;-999.000;5;81.1
2017-05-14;-999.000;5;72.7
2017-05-15;-999.000;5;80.803
2017-05-16;-999.000;5;56.8
2017-05-17;-999.000;5;110.366
2017-05-18;-999.000;5;198.5
2017-05-19;-999.000;5;147.4
2017-05-20;-999.000;5;42.4
2017-05-21;-999.000;5;76.132
2017-05-22;-999.000;5;40.8
2017-05-23;-999.000;5;82.1
2017-05-24;-999.000;5;59.6
2017-05-25;-999.000;5;59.911
2017-05-26;-999.000;5;19.8
2017-05-27;-999.000;5;58.2
2017-05-28;-999.000;5;63.09
2017-05-29;-999.000;5;64.2
2017-05-30;-999.000;5;52.9
2017-05-31;-999.000;5;39.4
2017-06-01;-999.000;6;53.798
2017-06-02;-999.000;6;80.3
2017-06-03;-999.000;6;51.5
2017-06-04;-999.000;6;51.8
2017-06-05;-999.000;6;57.764
2017-06-06;-999.000;6;29.46
2017-06-07;-999.000;6;21.5
2017-06-08;-999.000;6;29.1
2017-06-09;-999.000;6;70.06
2017-06-10;-999.000;6;48.21
2017-06-11;-999.000;6;24.9
2017-06-12;-999.000;6;38.5
2017-06-13;-999.000;6;5.7
2017-06-14;-999.000;6;16.359
2017-06-15;-999.000;6;12.05
2017-06-16;-999.000;6;57.9
2017-06-17;-999.000;6;26.3
2017-06-18;-999.000;6;22.14
2017-06-19;-999.000;6;19.726
2017-06-20;-999.000;6;34.2
2017-06-21;-999.000;6;22.6
2017-06-22;-999.000;6;35.6
2017-06-23;-999.000;6;87.2
2017-06-24;-999.000;6;18.1
2017-06-25;-999.000;6;40.0
2017-06-26;-999.000;6;21.9
2017-06-27;-999.000;6;66.99
2017-06-28;-999.000;6;22.6
2017-06-29;-999.000;6;39.5
2017-06-30;-999.000;6;7.2
2017-07-01;-999.000;7;20.1
2017-07-02;-999.000;7;7.98
2017-07-03;-999.000;7;56.12
2017-07-04;-999.000;7;69.74
2017-07-05;-999.000;7;7.9
2017-07-06;-999.000;7;48.2
2017-07-07;-999.000;7;5.442
2017-07-08;-999.000;7;4.8
2017-07-09;-999.000;7;6.2
2017-07-10;-999.000;7;12.8
2017-07-11;-999.000;7;10.26
2017-07-12;-999.000;7;33.3
2017-07-13;-999.000;7;6.0
2017-07-14;-999.000;7;39.8
2017-07-15;-999.000;7;28.7
2017-07-16;-999.000;7;7.652
2017-07-17;-999.000;7;33.0
2017-07-18;-999.000;7;19.0
2017-07-19;-999.000;7;25.0
2017-07-20;-999.000;7;5.1
2017-07-21;-999.000;7;43.0
2017-07-22;-999.000;7;13.5
2017-07-23;-999.000;7;17.491
2017-07-24;-999.000;7;16.4
2017-07-25;-999.000;7;8.685
2017-07-26;-999.000;7;15.13
2017-07-27;-999.000;7;36.3
2017-07-28;-999.000;7;6.0
2017-07-29;-999.000;7;4.9
2017-07-30;-999.000;7;13.214
2017-07-31;-999.000;7;4.7
2017-08-01;-999.000;8;48.5
2017-08-02;-999.000;8;9.032
2017-08-03;-999.000;8;4.7
2017-08-04;-999.000;8;5.2
2017-08-05;-999.000;8;9.0
2017-08-06;-999.000;8;17.6
2017-08-07;-999.000;8;18.1
2017-08-08;-999.000;8;9.5
2017-08-09;-999.000;8;6.0
2017-08-10;-999.000;8;7.619
2017-08-11;-999.000;8;24.2
2017-08-12;-999.000;8;6.7
2017-08-13;-999.000;8;3.421
2017-08-14;-999.000;8;5.47
2017-08-15;-999.000;8;7.3
2017-08-16;-999.000;8;21.8
2017-08-17;-999.000;8;12.8
2017-08-18;-999.000;8;37.5
2017-08-19;-999.000;8;68.9
2017-08-20;-999.000;8;7.2
2017-08-21;-999.000;8;6.8
2017-08-22;-999.000;8;4.0
2017-08-23;-999.000;8;4.623
2017-08-24;-999.000;8;25.52
2017-08-25;-999.000;8;21.5
2017-08-26;-999.000;8;14.0
2017-08-27;-999.000;8;14.5
2017-08-28;-999.000;8;17.1
2017-08-29;-999.000;8;15.3
2017-08-30;-999.000;8;6.54
2017-08-31;-999.000;8;10.081
2017-09-01;-999.000;9;8.2
2017-09-02;-999.000;9;50.1
2017-09-03;-999.000;9;25.12
2017-09-04;-999.000;9;8.8
2017-09-05;-999.000;9;21.9
2017-09-06;-999.000;9;5.771
2017-09-07;-999.000;9;46.2
2017-09-08;-999.000;9;25.6
2017-09-09;-999.000;9;43.3
2017-09-10;-999.000;9;6.17
2017-09-11;-999.000;9;10.52
2017-09-12;-999.000;9;7.445
2017-09-13;-999.000;9;7.4
2017-09-14;-999.000;9;27.5
2017-09-15;-999.000;9;49.6
2017-09-16;-999.000;9;25.12
2017-09-17;-999.000;9;10.384
2017-09-18;-999.000;9;19.191
2017-09-19;-999.000;9;14.9
2017-09-20;-999.000;9;4.9
2017-09-21;-999.000;9;18.5
2017-09-22;-999.000;9;90.1
2017-09-23;-999.000;9;14.1
2017-09-24;-999.000;9;15.64
2017-09-25;-999.000;9;16.358
2017-09-26;-999.000;9;31.0
2017-09-27;-999.000;9;34.0
2017-09-28;-999.000;9;91.4
2017-09-29;-999.000;9;16.7
2017-09-30;-999.000;9;98.0
2017-10-01;-999.000;10;38.7
2017-10-02;-999.000;10;7.943
2017-10-03;-999.000;10;25.9
2017-10-04;-999.000;10;18.4
2017-10-05;-999.000;10;25.8
2017-10-06;-999.000;10;40.669
2017-10-07;-999.000;10;37.56
2017-10-08;-999.000;10;46.2
2017-10-09;-999.000;10;78.0
2017-10-10;-999.000;10;149.641
2017-10-11;-999.000;10;39.29
2017-10-12;-999.000;10;65.8
2017-10-13;-999.000;10;152.8
2017-10-14;-999.000;10;43.0
2017-10-15;-999.000;10;11.2
2017-10-16;-999.000;10;22.2
2017-10-17;-999.000;10;29.01
2017-10-18;-999.000;10;11.8
2017-10-19;-999.000;10;44.6
2017-10-20;-999.000;10;36.1
2017-10-21;-999.000;10;12.239
2017-10-22;-999.000;10;77.9
2017-10-23;-999.000;10;48.38
2017-10-24;-999.000;10;30.0
2017-10-25;-999.000;10;94.11
2017-10-26;-999.000;10;56.87
2017-10-27;-999.000;10;79.0
2017-10-28;-999.000;10;88.6
2017-10-29;-999.000;10;54.909
2017-10-30;-999.000;10;64.85
2017-10-31;-999.000;10;101.8
2017-11-01;-999.000;11;134.5
2017-11-02;-999.000;11;123.0
2017-11-03;-999.000;11;93.0
2017-11-04;-999.000;11;39.0
2017-11-05;-999.000;11;86.79
2017-11-06;-999.000;11;14.0
2017-11-07;-999.000;11;52.4
2017-11-08;-999.000;11;38.8
2017-11-09;-999.000;11;74.855
2017-11-10;-999.000;11;41.7
2017-11-11;-999.000;11;28.831
2017-11-12;-999.000;11;79.8
2017-11-13;-999.000;11;69.6
2017-11-14;-999.000;11;20.9
2017-11-15;-999.000;11;80.0
2017-11-16;-999.000;11;35.27
2017-11-17;-999.000;11;50.2
2017-11-18;-999.000;11;122.6
2017-11-19;-999.000;11;8.804
2017-11-20;-999.000;11;76.0
2017-11-21;-999.000;11;33.5
2017-11-22;-999.000;11;39.1
2017-11-23;-999.000;11;55.666
2017-11-24;-999.000;11;41.0
2017-11-25;-999.000;11;28.831
2017-11-26;-999.000;11;32.0
2017-11-27;-999.000;11;67.3
2017-11-28;-999.000;11;34.0
2017-11-29;-999.000;11;42.43
2017-11-30;-999.000;11;40.254
2017-12-01;-999.000;12;50.2
2017-12-02;-999.000;12;32.4
2017-12-03;-999.000;12;39.5
2017-12-04;-999.000;12;13.7
2017-12-05;-999.000;12;10.0
2017-12-06;-999.000;12;62.3
2017-12-07;-999.000;12;12.03
2017-12-08;-999.000;12;42.0
2017-12-09;-999.000;12;8.5
2017-12-10;-999.000;12;9.8
2017-12-11;-999.000;12;21.721
2017-12-12;-999.000;12;28.12
2017-12-13;-999.000;12;49.5
2017-12-14;-999.000;12;16.4
2017-12-15;-999.000;12;19.6
2017-12-16;-999.000;12;31.0
2017-12-17;-999.000;12;55.117
2017-12-18;-999.000;12;12.5
2017-12-19;-999.000;12;65.85
2017-12-20;-999.000;12;62.9
2017-12-21;-999.000;12;41.0
2017-12-22;-999.000;12;18.1
2017-12-23;-999.000;12;37.7
2017-12-24;-999.000;12;82.1
2017-12-25;-999.000;12;28.4
2017-12-26;-999.000;12;11.732
2017-12-27;-999.000;12;30.8
2017-12-28;-999.000;12;34.8
2017-12-29;-999.000;12;12.31
2017-12-30;-999.000;12;23.5
2017-12-31;-999.000;12;33.9
2018-01-01;17.633;1;17.633
2018-01-02;18.881;1;18.881
2018-01-03;19.175;1;19.175
2018-01-04;16.018;1;16.018
2018-01-05;31.064;1;31.064
2018-01-06;17.283;1;17.283
2018-01-07;15.106;1;15.106
2018-01-08;13.577;1;13.577
2018-01-09;18.449;1;18.449
2018-01-10;18.173;1;18.173
2018-01-11;14.958;1;14.958
2018-01-12;14.607;1;14.607
2018-01-13;26.973;1;26.973
2018-01-14;22.042;1;22.042
2018-01-15;24.609;1;24.609
2018-01-16;24.679;1;24.679
2018-01-17;25.415;1;25.415
2018-01-18;31.543;1;31.543
2018-01-19;30.672;1;30.672
2018-01-20;20.758;1;20.758
2018-01-21;18.133;1;18.133
2018-01-22;17.071;1;17.071
2018-01-23;15.584;1;15.584
2018-01-24;13.11;1;13.11
2018-01-25;12.25;1;12.25
2018-01-26;11.719;1;11.719
2018-01-27;11.655;1;11.655
2018-01-28;10.721;1;10.721
2018-01-29;10.105;1;10.105
2018-01-30;8.901;1;8.901
2018-01-31;8.552;1;8.552
2018-02-01;8.086;2;8.086
2018-02-02;8.201;2;8.201
2018-02-03;10.505;2;10.505
2018-02-04;9.397;2;9.397
2018-02-05;8.205;2;8.205
2018-02-06;7.682;2;7.682
2018-02-07;7.472;2;7.472
2018-02-08;6.46;2;6.46
2018-02-09;6.158;2;6.158
2018-02-10;5.794;2;5.794
2018-02-11;5.55;2;5.55
2018-02-12;8.522;2;8.522
2018-02-13;9.857;2;9.857
2018-02-14;10.486;2;10.486
2018-02-15;11.253;2;11.253
2018-02-16;14.424;2;14.424
2018-02-17;14.639;2;14.639
2018-02-18;10.965;2;10.965
2018-02-19;8.99;2;8.99
2018-02-20;7.582;2;7.582
2018-02-21;7.017;2;7.017
2018-02-22;7.011;2;7.011
2018-02-23;6.681;2;6.681
2018-02-24;6.346;2;6.346
2018-02-25;6.249;2;6.249
2018-02-26;6.289;2;6.289
2018-02-27;6.124;2;6.124
2018-02-28;5.675;2;5.675
2018-03-01;5.635;3;5.635
2018-03-02;5.652;3;5.652
2018-03-03;5.732;3;5.732
2018-03-04;10.109;3;10.109
2018-03-05;8.692;3;8.692
2018-03-06;18.751;3;18.751
2018-03-07;15.572;3;15.572
2018-03-08;14.781;3;14.781
2018-03-09;8.416;3;8.416
2018-03-10;7.284;3;7.284
2018-03-11;6.255;3;6.255
2018-03-12;5.9;3;5.9
2018-03-13;5.631;3;5.631
2018-03-14;6.181;3;6.181
2018-03-15;5.669;3;5.669
2018-03-16;6.005;3;6.005
2018-03-17;8.19;3;8.19
2018-03-18;8.795;3;8.795
2018-03-19;7.079;3;7.079
2018-03-20;15.533;3;15.533
2018-03-21;27.152;3;27.152
2018-03-22;19.231;3;19.231
2018-03-23;21.347;3;21.347
2018-03-24;11.73;3;11.73
2018-03-25;11.029;3;11.029
2018-03-26;41.013;3;41.013
2018-03-27;70.949;3;70.949
2018-03-28;31.364;3;31.364
2018-03-29;34.927;3;34.927
2018-03-30;46.571;3;46.571
2018-03-31;76.01;3;76.01
2018-04-01;87.804;4;87.804
2018-04-02;60.466;4;60.466
2018-04-03;56.726;4;56.726
2018-04-04;56.896;4;56.896
2018-04-05;53.159;4;53.159
2018-04-06;58.625;4;58.625
2018-04-07;60.531;4;60.531
2018-04-08;50.66;4;50.66
2018-04-09;45.178;4;45.178
2018-04-10;49.184;4;49.184
2018-04-11;54.54;4;54.54
2018-04-12;101.421;4;101.421
2018-04-13;82.118;4;82.118
2018-04-14;92.675;4;92.675
2018-04-15;68.449;4;68.449
2018-04-16;60.11;4;60.11
2018-04-17;56.322;4;56.322
2018-04-18;53.671;4;53.671
2018-04-19;47.317;4;47.317
2018-04-20;41.866;4;41.866
2018-04-21;38.404;4;38.404
2018-04-22;60.898;4;60.898
2018-04-23;57.753;4;57.753
2018-04-24;61.007;4;61.007
2018-04-25;95.276;4;95.276
2018-04-26;113.739;4;113.739
2018-04-27;75.757;4;75.757
2018-04-28;89.87;4;89.87
2018-04-29;84.165;4;84.165
2018-04-30;62.904;4;62.904
2018-05-01;81.833;5;81.833
2018-05-02;150.504;5;150.504
2018-05-03;86.781;5;86.781
2018-05-04;124.454;5;124.454
2018-05-05;96.296;5;96.296
2018-05-06;90.679;5;90.679
2018-05-07;108.73;5;108.73
2018-05-08;114.713;5;114.713
2018-05-09;113.967;5;113.967
2018-05-10;107.466;5;107.466
2018-05-11;167.229;5;167.229
2018-05-12;124.615;5;124.615
2018-05-13;128.395;5;128.395
2018-05-14;126.322;5;126.322
2018-05-15;158.826;5;158.826
2018-05-16;126.569;5;126.569
2018-05-17;96.838;5;96.838
2018-05-18;119.497;5;119.497
2018-05-19;113.682;5;113.682
2018-05-20;98.432;5;98.432
2018-05-21;110.366;5;110.366
2018-05-22;98.386;5;98.386
2018-05-23;94.58;5;94.58
2018-05-24;70.78;5;70.78
2018-05-25;64.828;5;64.828
2018-05-26;57.647;5;57.647
2018-05-27;61.782;5;61.782
2018-05-28;60.108;5;60.108
2018-05-29;51.422;5;51.422
2018-05-30;73.73;5;73.73
2018-05-31;76.963;5;76.963
2018-06-01;66.34;6;66.34
2018-06-02;63.611;6;63.611
2018-06-03;71.979;6;71.979
2018-06-04;78.998;6;78.998
2018-06-05;50.871;6;50.871
2018-06-06;49.998;6;49.998
2018-06-07;40.609;6;40.609
2018-06-08;32.637;6;32.637
2018-06-09;25.771;6;25.771
2018-06-10;23.333;6;23.333
2018-06-11;33.26;6;33.26
2018-06-12;23.836;6;23.836
2018-06-13;21.029;6;21.029
2018-06-14;18.505;6;18.505
2018-06-15;16.349;6;16.349
2018-06-16;15.244;6;15.244
2018-06-17;14.14;6;14.14
2018-06-18;12.845;6;12.845
2018-06-19;11.9;6;11.9
2018-06-20;10.986;6;10.986
2018-06-21;10.923;6;10.923
2018-06-22;14.805;6;14.805
2018-06-23;21.291;6;21.291
2018-06-24;23.366;6;23.366
2018-06-25;18.524;6;18.524
2018-06-26;16.37;6;16.37
2018-06-27;19.679;6;19.679
2018-06-28;23.757;6;23.757
2018-06-29;21.017;6;21.017
2018-06-30;18.612;6;18.612
2018-07-01;15.308;7;15.308
2018-07-02;24.632;7;24.632
2018-07-03;41.023;7;41.023
2018-07-04;37.429;7;37.429
2018-07-05;33.631;7;33.631
2018-07-06;27.818;7;27.818
2018-07-07;29.528;7;29.528
2018-07-08;29.491;7;29.491
2018-07-09;32.923;7;32.923
2018-07-10;23.017;7;23.017
2018-07-11;23.398;7;23.398
2018-07-12;37.249;7;37.249
2018-07-13;24.096;7;24.096
2018-07-14;20.409;7;20.409
2018-07-15;18.388;7;18.388
2018-07-16;16.837;7;16.837
2018-07-17;22.126;7;22.126
2018-07-18;27.407;7;27.407
2018-07-19;27.735;7;27.735
2018-07-20;26.929;7;26.929
2018-07-21;22.829;7;22.829
2018-07-22;19.255;7;19.255
2018-07-23;16.667;7;16.667
2018-07-24;34.241;7;34.241
2018-07-25;26.132;7;26.132
2018-07-26;17.336;7;17.336
2018-07-27;15.807;7;15.807
2018-07-28;20.549;7;20.549
2018-07-29;36.804;7;36.804
2018-07-30;28.921;7;28.921
2018-07-31;24.487;7;24.487
2018-08-01;19.158;8;19.158
2018-08-02;17.007;8;17.007
2018-08-03;23.918;8;23.918
2018-08-04;31.825;8;31.825
2018-08-05;83.47;8;83.47
2018-08-06;32.222;8;32.222
2018-08-07;23.761;8;23.761
2018-08-08;19.522;8;19.522
2018-08-09;17.145;8;17.145
2018-08-10;15.287;8;15.287
2018-08-11;13.981;8;13.981
2018-08-12;13.004;8;13.004
2018-08-13;17.113;8;17.113
2018-08-14;23.115;8;23.115
2018-08-15;15.003;8;15.003
2018-08-16;10.562;8;10.562
2018-08-17;9.119;8;9.119
2018-08-18;8.564;8;8.564
2018-08-19;8.143;8;8.143
2018-08-20;7.716;8;7.716
2018-08-21;9.856;8;9.856
2018-08-22;7.767;8;7.767
2018-08-23;7.04;8;7.04
2018-08-24;7.068;8;7.068
2018-08-25;6.283;8;6.283
2018-08-26;6.283;8;6.283
2018-08-27;6.044;8;6.044
2018-08-28;5.601;8;5.601
2018-08-29;5.499;8;5.499
2018-08-30;8.863;8;8.863
2018-08-31;15.062;8;15.062
2018-09-01;7.074;9;7.074
2018-09-02;18.646;9;18.646
2018-09-03;16.063;9;16.063
2018-09-04;15.075;9;15.075
2018-09-05;10.888;9;10.888
2018-09-06;19.022;9;19.022
2018-09-07;16.127;9;16.127
2018-09-08;16.365;9;16.365
2018-09-09;11.634;9;11.634
2018-09-10;9.626;9;9.626
2018-09-11;8.903;9;8.903
2018-09-12;43.935;9;43.935
2018-09-13;23.828;9;23.828
2018-09-14;18.074;9;18.074
2018-09-15;18.046;9;18.046
2018-09-16;19.81;9;19.81
2018-09-17;14.777;9;14.777
2018-09-18;13.036;9;13.036
2018-09-19;10.859;9;10.859
2018-09-20;8.757;9;8.757
2018-09-21;9.448;9;9.448
2018-09-22;16.784;9;16.784
2018-09-23;8.49;9;8.49
2018-09-24;7.426;9;7.426
2018-09-25;6.772;9;6.772
2018-09-26;10.384;9;10.384
2018-09-27;10.294;9;10.294
2018-09-28;14.542;9;14.542
2018-09-29;21.992;9;21.992
2018-09-30;15.064;9;15.064
2018-10-01;10.954;10;10.954
2018-10-02;14.214;10;14.214
2018-10-03;12.94;10;12.94
2018-10-04;19.824;10;19.824
2018-10-05;23.895;10;23.895
2018-10-06;99.037;10;99.037
2018-10-07;75.378;10;75.378
2018-10-08;79.384;10;79.384
2018-10-09;85.332;10;85.332
2018-10-10;81.527;10;81.527
2018-10-11;55.539;10;55.539
2018-10-12;37.56;10;37.56
2018-10-13;30.944;10;30.944
2018-10-14;29.421;10;29.421
2018-10-15;59.2;10;59.2
2018-10-16;51.08;10;51.08
2018-10-17;59.587;10;59.587
2018-10-18;41.045;10;41.045
2018-10-19;36.072;10;36.072
2018-10-20;29.455;10;29.455
2018-10-21;24.896;10;24.896
2018-10-22;23.79;10;23.79
2018-10-23;48.578;10;48.578
2018-10-24;33.331;10;33.331
2018-10-25;27.874;10;27.874
2018-10-26;33.166;10;33.166
2018-10-27;30.291;10;30.291
2018-10-28;26.205;10;26.205
2018-10-29;65.593;10;65.593
2018-10-30;46.195;10;46.195
2018-10-31;44.539;10;44.539
2018-11-01;38.409;11;38.409
2018-11-02;63.869;11;63.869
2018-11-03;101.227;11;101.227
2018-11-04;64.023;11;64.023
2018-11-05;56.792;11;56.792
2018-11-06;45.901;11;45.901
2018-11-07;47.437;11;47.437
2018-11-08;35.152;11;35.152
2018-11-09;101.292;11;101.292
2018-11-10;68.318;11;68.318
2018-11-11;79.124;11;79.124
2018-11-12;95.227;11;95.227
2018-11-13;72.323;11;72.323
2018-11-14;63.541;11;63.541
2018-11-15;58.683;11;58.683
2018-11-16;53.279;11;53.279
2018-11-17;89.741;11;89.741
2018-11-18;81.194;11;81.194
2018-11-19;65.851;11;65.851
2018-11-20;63.194;11;63.194
2018-11-21;74.413;11;74.413
2018-11-22;71.525;11;71.525
2018-11-23;80.323;11;80.323
2018-11-24;39.487;11;39.487
2018-11-25;55.79;11;55.79
2018-11-26;70.31;11;70.31
2018-11-27;64.573;11;64.573
2018-11-28;46.202;11;46.202
2018-11-29;39.842;11;39.842
2018-11-30;37.809;11;37.809
2018-12-01;32.712;12;32.712
2018-12-02;29.474;12;29.474
2018-12-03;27.594;12;27.594
2018-12-04;24.431;12;24.431
2018-12-05;22.608;12;22.608
2018-12-06;19.219;12;19.219
2018-12-07;18.101;12;18.101
2018-12-08;17.793;12;17.793
2018-12-09;17.644;12;17.644
2018-12-10;16.423;12;16.423
2018-12-11;11.018;12;11.018
2018-12-12;9.818;12;9.818
2018-12-13;14.548;12;14.548
2018-12-14;21.721;12;21.721
2018-12-15;20.125;12;20.125
2018-12-16;12.993;12;12.993
2018-12-17;10.243;12;10.243
2018-12-18;12.101;12;12.101
2018-12-19;8.949;12;8.949
2018-12-20;8.341;12;8.341
2018-12-21;11.857;12;11.857
2018-12-22;10.293;12;10.293
2018-12-23;8.018;12;8.018
2018-12-24;7.568;12;7.568
2018-12-25;7.261;12;7.261
2018-12-26;6.573;12;6.573
2018-12-27;6.329;12;6.329
2018-12-28;6.016;12;6.016
2018-12-29;6.033;12;6.033
2018-12-30;5.919;12;5.919
2018-12-31;5.715;12;5.715
2019-01-01;5.504;1;5.504
2019-01-02;5.049;1;5.049
2019-01-03;4.816;1;4.816
2019-01-04;4.793;1;4.793
2019-01-05;4.481;1;4.481
2019-01-06;4.594;1;4.594
2019-01-07;8.193;1;8.193
2019-01-08;5.766;1;5.766
2019-01-09;4.936;1;4.936
2019-01-10;4.896;1;4.896
2019-01-11;4.748;1;4.748
2019-01-12;4.611;1;4.611
2019-01-13;7.581;1;7.581
2019-01-14;13.113;1;13.113
2019-01-15;8.96;1;8.96
2019-01-16;12.623;1;12.623
2019-01-17;9.438;1;9.438
2019-01-18;11.853;1;11.853
2019-01-19;7.108;1;7.108
2019-01-20;5.811;1;5.811
2019-01-21;5.163;1;5.163
2019-01-22;4.839;1;4.839
2019-01-23;4.401;1;4.401
2019-01-24;4.054;1;4.054
2019-01-25;3.669;1;3.669
2019-01-26;4.009;1;4.009
2019-01-27;3.586;1;3.586
2019-01-28;4.561;1;4.561
2019-01-29;4.247;1;4.247
2019-01-30;3.618;1;3.618
2019-01-31;3.509;1;3.509
2019-02-01;3.642;2;3.642
2019-02-02;3.351;2;3.351
2019-02-03;3.465;2;3.465
2019-02-04;3.318;2;3.318
2019-02-05;4.532;2;4.532
2019-02-06;4.785;2;4.785
2019-02-07;8.396;2;8.396
2019-02-08;11.387;2;11.387
2019-02-09;11.402;2;11.402
2019-02-10;22.28;2;22.28
2019-02-11;9.764;2;9.764
2019-02-12;15.885;2;15.885
2019-02-13;7.819;2;7.819
2019-02-14;9.662;2;9.662
2019-02-15;6.59;2;6.59
2019-02-16;5.288;2;5.288
2019-02-17;5.118;2;5.118
2019-02-18;5.982;2;5.982
2019-02-19;6.658;2;6.658
2019-02-20;12.575;2;12.575
2019-02-21;10.858;2;10.858
2019-02-22;13.636;2;13.636
2019-02-23;13.197;2;13.197
2019-02-24;8.777;2;8.777
2019-02-25;6.613;2;6.613
2019-02-26;5.442;2;5.442
2019-02-27;5.993;2;5.993
2019-02-28;5.214;2;5.214
2019-03-01;4.737;3;4.737
2019-03-02;4.617;3;4.617
2019-03-03;4.481;3;4.481
2019-03-04;5.021;3;5.021
2019-03-05;6.107;3;6.107
2019-03-06;13.305;3;13.305
2019-03-07;10.198;3;10.198
2019-03-08;12.343;3;12.343
2019-03-09;7.466;3;7.466
2019-03-10;8.076;3;8.076
2019-03-11;28.967;3;28.967
2019-03-12;24.105;3;24.105
2019-03-13;14.449;3;14.449
2019-03-14;13.153;3;13.153
2019-03-15;15.94;3;15.94
2019-03-16;17.417;3;17.417
2019-03-17;25.933;3;25.933
2019-03-18;34.162;3;34.162
2019-03-19;40.617;3;40.617
2019-03-20;33.417;3;33.417
2019-03-21;31.392;3;31.392
2019-03-22;42.945;3;42.945
2019-03-23;91.087;3;91.087
2019-03-24;51.389;3;51.389
2019-03-25;43.012;3;43.012
2019-03-26;43.823;3;43.823
2019-03-27;42.118;3;42.118
2019-03-28;27.706;3;27.706
2019-03-29;40.716;3;40.716
2019-03-30;42.546;3;42.546
2019-03-31;40.515;3;40.515
2019-04-01;43.904;4;43.904
2019-04-02;50.642;4;50.642
2019-04-03;41.731;4;41.731
2019-04-04;31.93;4;31.93
2019-04-05;25.473;4;25.473
2019-04-06;23.724;4;23.724
2019-04-07;26.159;4;26.159
2019-04-08;49.84;4;49.84
2019-04-09;46.301;4;46.301
2019-04-10;46.127;4;46.127
2019-04-11;43.528;4;43.528
2019-04-12;47.292;4;47.292
2019-04-13;38.273;4;38.273
2019-04-14;42.677;4;42.677
2019-04-15;55.976;4;55.976
2019-04-16;36.418;4;36.418
2019-04-17;52.227;4;52.227
2019-04-18;87.051;4;87.051
2019-04-19;74.567;4;74.567
2019-04-20;75.122;4;75.122
2019-04-21;112.839;4;112.839
2019-04-22;133.059;4;133.059
2019-04-23;103.171;4;103.171
2019-04-24;95.253;4;95.253
2019-04-25;75.516;4;75.516
2019-04-26;83.088;4;83.088
2019-04-27;81.495;4;81.495
2019-04-28;71.722;4;71.722
2019-04-29;57.767;4;57.767
2019-04-30;48.401;4;48.401
2019-05-01;41.478;5;41.478
2019-05-02;33.585;5;33.585
2019-05-03;36.764;5;36.764
2019-05-04;32.968;5;32.968
2019-05-05;27.967;5;27.967
2019-05-06;24.45;5;24.45
2019-05-07;22.384;5;22.384
2019-05-08;23.687;5;23.687
2019-05-09;53.74;5;53.74
2019-05-10;55.515;5;55.515
2019-05-11;68.821;5;68.821
2019-05-12;73.474;5;73.474
2019-05-13;59.186;5;59.186
2019-05-14;78.803;5;78.803
2019-05-15;59.911;5;59.911
2019-05-16;57.431;5;57.431
2019-05-17;53.148;5;53.148
2019-05-18;69.971;5;69.971
2019-05-19;92.548;5;92.548
2019-05-20;93.639;5;93.639
2019-05-21;64.633;5;64.633
2019-05-22;50.178;5;50.178
2019-05-23;49.794;5;49.794
2019-05-24;109.614;5;109.614
2019-05-25;81.64;5;81.64
2019-05-26;69.954;5;69.954
2019-05-27;58.316;5;58.316
2019-05-28;62.104;5;62.104
2019-05-29;65.453;5;65.453
2019-05-30;58.392;5;58.392
2019-05-31;70.263;5;70.263
2019-06-01;124.73;6;124.73
2019-06-02;76.739;6;76.739
2019-06-03;57.316;6;57.316
2019-06-04;48.792;6;48.792
2019-06-05;40.64;6;40.64
2019-06-06;33.642;6;33.642
2019-06-07;37.15;6;37.15
2019-06-08;35.85;6;35.85
2019-06-09;48.964;6;48.964
2019-06-10;40.739;6;40.739
2019-06-11;34.068;6;34.068
2019-06-12;30.441;6;30.441
2019-06-13;33.838;6;33.838
2019-06-14;46.234;6;46.234
2019-06-15;49.882;6;49.882
2019-06-16;34.741;6;34.741
2019-06-17;27.836;6;27.836
2019-06-18;24.301;6;24.301
2019-06-19;21.529;6;21.529
2019-06-20;18.956;6;18.956
2019-06-21;17.081;6;17.081
2019-06-22;16.359;6;16.359
2019-06-23;15.404;6;15.404
2019-06-24;15.552;6;15.552
2019-06-25;17.023;6;17.023
2019-06-26;14.406;6;14.406
2019-06-27;13.238;6;13.238
2019-06-28;12.494;6;12.494
2019-06-29;12.027;6;12.027
2019-06-30;12.515;6;12.515
2019-07-01;24.815;7;24.815
2019-07-02;24.238;7;24.238
2019-07-03;16.307;7;16.307
2019-07-04;17.189;7;17.189
2019-07-05;22.66;7;22.66
2019-07-06;21.33;7;21.33
2019-07-07;13.811;7;13.811
2019-07-08;10.551;7;10.551
2019-07-09;9.595;7;9.595
2019-07-10;9.457;7;9.457
2019-07-11;9.092;7;9.092
2019-07-12;17.432;7;17.432
2019-07-13;15.521;7;15.521
2019-07-14;13.084;7;13.084
2019-07-15;20.064;7;20.064
2019-07-16;18.119;7;18.119
2019-07-17;11.73;7;11.73
2019-07-18;9.343;7;9.343
2019-07-19;8.109;7;8.109
2019-07-20;7.096;7;7.096
2019-07-21;8.998;7;8.998
2019-07-22;6.744;7;6.744
2019-07-23;7.301;7;7.301
2019-07-24;8.179;7;8.179
2019-07-25;7.233;7;7.233
2019-07-26;6.798;7;6.798
2019-07-27;10.436;7;10.436
2019-07-28;6.664;7;6.664
2019-07-29;5.589;7;5.589
2019-07-30;5.328;7;5.328
2019-07-31;5.044;7;5.044
2019-08-01;4.941;8;4.941
2019-08-02;14.447;8;14.447
2019-08-03;13.933;8;13.933
2019-08-04;10.652;8;10.652
2019-08-05;7.028;8;7.028
2019-08-06;5.499;8;5.499
2019-08-07;5.1;8;5.1
2019-08-08;4.737;8;4.737
2019-08-09;4.691;8;4.691
2019-08-10;4.453;8;4.453
2019-08-11;4.253;8;4.253
2019-08-12;3.898;8;3.898
2019-08-13;3.573;8;3.573
2019-08-14;3.76;8;3.76
2019-08-15;3.528;8;3.528
2019-08-16;3.463;8;3.463
2019-08-17;7.099;8;7.099
2019-08-18;5.271;8;5.271
2019-08-19;4.234;8;4.234
2019-08-20;3.533;8;3.533
2019-08-21;3.421;8;3.421
2019-08-22;3.929;8;3.929
2019-08-23;6.418;8;6.418
2019-08-24;3.622;8;3.622
2019-08-25;3.318;8;3.318
2019-08-26;3.181;8;3.181
2019-08-27;3.741;8;3.741
2019-08-28;3.296;8;3.296
2019-08-29;3.599;8;3.599
2019-08-30;3.258;8;3.258
2019-08-31;4.011;8;4.011
2019-09-01;11.011;9;11.011
2019-09-02;7.211;9;7.211
2019-09-03;4.481;9;4.481
2019-09-04;5.426;9;5.426
2019-09-05;3.331;9;3.331
2019-09-06;3.133;9;3.133
2019-09-07;2.89;9;2.89
2019-09-08;2.829;9;2.829
2019-09-09;3.082;9;3.082
2019-09-10;2.912;9;2.912
2019-09-11;3.243;9;3.243
2019-09-12;2.87;9;2.87
2019-09-13;2.763;9;2.763
2019-09-14;3.162;9;3.162
2019-09-15;2.545;9;2.545
2019-09-16;2.968;9;2.968
2019-09-17;3.061;9;3.061
2019-09-18;3.097;9;3.097
2019-09-19;5.677;9;5.677
2019-09-20;8.302;9;8.302
2019-09-21;9.058;9;9.058
2019-09-22;6.455;9;6.455
2019-09-23;9.988;9;9.988
2019-09-24;7.941;9;7.941
2019-09-25;8.196;9;8.196
2019-09-26;5.959;9;5.959
2019-09-27;4.527;9;4.527
2019-09-28;17.631;9;17.631
2019-09-29;7.995;9;7.995
2019-09-30;5.771;9;5.771
2019-10-01;4.782;10;4.782
2019-10-02;4.799;10;4.799
2019-10-03;7.421;10;7.421
2019-10-04;6.676;10;6.676
2019-10-05;7.347;10;7.347
2019-10-06;6.261;10;6.261
2019-10-07;12.061;10;12.061
2019-10-08;10.101;10;10.101
2019-10-09;11.889;10;11.889
2019-10-10;8.105;10;8.105
2019-10-11;37.054;10;37.054
2019-10-12;44.917;10;44.917
2019-10-13;24.115;10;24.115
2019-10-14;15.351;10;15.351
2019-10-15;17.237;10;17.237
2019-10-16;24.657;10;24.657
2019-10-17;38.433;10;38.433
2019-10-18;66.741;10;66.741
2019-10-19;59.176;10;59.176
2019-10-20;29.753;10;29.753
2019-10-21;42.088;10;42.088
2019-10-22;46.84;10;46.84
2019-10-23;49.26;10;49.26
2019-10-24;44.734;10;44.734
2019-10-25;36.491;10;36.491
2019-10-26;37.426;10;37.426
2019-10-27;60.183;10;60.183
2019-10-28;37.132;10;37.132
2019-10-29;27.39;10;27.39
2019-10-30;35.683;10;35.683
2019-10-31;22.868;10;22.868
2019-11-01;30.825;11;30.825
2019-11-02;35.131;11;35.131
2019-11-03;43.047;11;43.047
2019-11-04;62.312;11;62.312
2019-11-05;39.07;11;39.07
2019-11-06;53.026;11;53.026
2019-11-07;44.417;11;44.417
2019-11-08;34.759;11;34.759
2019-11-09;48.59;11;48.59
2019-11-10;40.794;11;40.794
2019-11-11;39.333;11;39.333
2019-11-12;51.195;11;51.195
2019-11-13;119.456;11;119.456
2019-11-14;106.994;11;106.994
2019-11-15;76.346;11;76.346
2019-11-16;59.243;11;59.243
2019-11-17;47.949;11;47.949
2019-11-18;39.345;11;39.345
2019-11-19;32.265;11;32.265
2019-11-20;29.139;11;29.139
2019-11-21;27.018;11;27.018
2019-11-22;26.813;11;26.813
2019-11-23;26.441;11;26.441
2019-11-24;25.231;11;25.231
2019-11-25;21.77;11;21.77
2019-11-26;21.733;11;21.733
2019-11-27;19.618;11;19.618
2019-11-28;18.027;11;18.027
2019-11-29;17.039;11;17.039
2019-11-30;15.828;11;15.828
2019-12-01;15.011;12;15.011
2019-12-02;14.225;12;14.225
2019-12-03;12.579;12;12.579
2019-12-04;12.914;12;12.914
2019-12-05;14.023;12;14.023
2019-12-06;12.324;12;12.324
2019-12-07;13.015;12;13.015
2019-12-08;10.328;12;10.328
2019-12-09;9.488;12;9.488
2019-12-10;8.995;12;8.995
2019-12-11;18.101;12;18.101
2019-12-12;9.364;12;9.364
2019-12-13;7.961;12;7.961
2019-12-14;8.02;12;8.02
2019-12-15;11.464;12;11.464
2019-12-16;36.38;12;36.38
2019-12-17;27.634;12;27.634
2019-12-18;27.073;12;27.073
2019-12-19;20.726;12;20.726
2019-12-20;30.159;12;30.159
2019-12-21;19.815;12;19.815
2019-12-22;15.521;12;15.521
2019-12-23;12.653;12;12.653
2019-12-24;10.381;12;10.381
2019-12-25;11.29;12;11.29
2019-12-26;21.97;12;21.97
2019-12-27;12.961;12;12.961
2019-12-28;11.74;12;11.74
2019-12-29;15.615;12;15.615
2019-12-30;23.106;12;23.106
2019-12-31;17.459;12;17.459
2020-01-01;13.832;1;13.832
2020-01-02;11.177;1;11.177
2020-01-03;9.585;1;9.585
2020-01-04;8.717;1;8.717
2020-01-05;8.114;1;8.114
2020-01-06;7.705;1;7.705
2020-01-07;7.25;1;7.25
2020-01-08;6.767;1;6.767
2020-01-09;6.369;1;6.369
2020-01-10;6.073;1;6.073
2020-01-11;5.675;1;5.675
2020-01-12;5.47;1;5.47
2020-01-13;5.299;1;5.299
2020-01-14;4.958;1;4.958
2020-01-15;4.708;1;4.708
2020-01-16;4.356;1;4.356
2020-01-17;4.139;1;4.139
2020-01-18;3.855;1;3.855
2020-01-19;3.571;1;3.571
2020-01-20;3.531;1;3.531
2020-01-21;7.167;1;7.167
2020-01-22;5.55;1;5.55
2020-01-23;4.577;1;4.577
2020-01-24;4.066;1;4.066
2020-01-25;4.918;1;4.918
2020-01-26;4.719;1;4.719
2020-01-27;3.69;1;3.69
2020-01-28;3.672;1;3.672
2020-01-29;3.336;1;3.336
2020-01-30;3.224;1;3.224
2020-01-31;3.085;1;3.085
2020-02-01;2.971;2;2.971
2020-02-02;6.202;2;6.202
2020-02-03;3.913;2;3.913
2020-02-04;3.184;2;3.184
2020-02-05;2.971;2;2.971
2020-02-06;2.849;2;2.849
2020-02-07;2.733;2;2.733
2020-02-08;2.639;2;2.639
2020-02-09;2.581;2;2.581
2020-02-10;2.558;2;2.558
2020-02-11;2.588;2;2.588
2020-02-12;2.451;2;2.451
2020-02-13;2.978;2;2.978
2020-02-14;3.03;2;3.03
2020-02-15;2.532;2;2.532
2020-02-16;2.383;2;2.383
2020-02-17;2.309;2;2.309
2020-02-18;2.18;2;2.18
2020-02-19;2.112;2;2.112
2020-02-20;2.526;2;2.526
2020-02-21;3.713;2;3.713
2020-02-22;3.301;2;3.301
2020-02-23;4.884;2;4.884
2020-02-24;3.967;2;3.967
2020-02-25;2.885;2;2.885
2020-02-26;2.763;2;2.763
2020-02-27;2.614;2;2.614
2020-02-28;2.408;2;2.408
2020-02-29;2.256;2;2.256
2020-03-01;2.142;3;2.142
2020-03-02;2.327;3;2.327
2020-03-03;2.271;3;2.271
2020-03-04;2.53;3;2.53
2020-03-05;2.193;3;2.193
2020-03-06;1.929;3;1.929
2020-03-07;1.823;3;1.823
2020-03-08;1.993;3;1.993
2020-03-09;9.12;3;9.12
2020-03-10;5.282;3;5.282
2020-03-11;6.547;3;6.547
2020-03-12;3.443;3;3.443
2020-03-13;3.236;3;3.236
2020-03-14;3.146;3;3.146
2020-03-15;2.923;3;2.923
2020-03-16;2.728;3;2.728
2020-03-17;2.616;3;2.616
2020-03-18;2.332;3;2.332
2020-03-19;2.228;3;2.228
2020-03-20;3.762;3;3.762
2020-03-21;5.88;3;5.88
2020-03-22;6.46;3;6.46
2020-03-23;3.634;3;3.634
2020-03-24;3.293;3;3.293
2020-03-25;4.272;3;4.272
2020-03-26;4.356;3;4.356
2020-03-27;3.804;3;3.804
2020-03-28;3.138;3;3.138
2020-03-29;6.831;3;6.831
2020-03-30;3.935;3;3.935
2020-03-31;8.241;3;8.241
2020-04-01;13.97;4;13.97
2020-04-02;7.813;4;7.813
2020-04-03;5.447;4;5.447
2020-04-04;4.048;4;4.048
2020-04-05;4.213;4;4.213
2020-04-06;8.538;4;8.538
2020-04-07;16.318;4;16.318
2020-04-08;19.796;4;19.796
2020-04-09;27.794;4;27.794
2020-04-10;15.399;4;15.399
2020-04-11;20.547;4;20.547
2020-04-12;30.824;4;30.824
2020-04-13;25.875;4;25.875
2020-04-14;16.264;4;16.264
2020-04-15;12.664;4;12.664
2020-04-16;10.508;4;10.508
2020-04-17;8.194;4;8.194
2020-04-18;33.462;4;33.462
2020-04-19;65.596;4;65.596
2020-04-20;47.437;4;47.437
2020-04-21;36.869;4;36.869
2020-04-22;27.539;4;27.539
2020-04-23;32.269;4;32.269
2020-04-24;20.538;4;20.538
2020-04-25;16.253;4;16.253
2020-04-26;13.63;4;13.63
2020-04-27;11.687;4;11.687
2020-04-28;24.951;4;24.951
2020-04-29;48.921;4;48.921
2020-04-30;50.828;4;50.828
2020-05-01;69.945;5;69.945
2020-05-02;36.529;5;36.529
2020-05-03;44.271;5;44.271
2020-05-04;55.849;5;55.849
2020-05-05;60.674;5;60.674
2020-05-06;49.235;5;49.235
2020-05-07;46.18;5;46.18
2020-05-08;25.901;5;25.901
2020-05-09;19.546;5;19.546
2020-05-10;20.996;5;20.996
2020-05-11;20.28;5;20.28
2020-05-12;15.542;5;15.542
2020-05-13;13.991;5;13.991
2020-05-14;13.068;5;13.068
2020-05-15;21.655;5;21.655
2020-05-16;43.742;5;43.742
2020-05-17;18.053;5;18.053
2020-05-18;14.83;5;14.83
2020-05-19;12.845;5;12.845
2020-05-20;10.774;5;10.774
2020-05-21;11.273;5;11.273
2020-05-22;13.291;5;13.291
2020-05-23;15.717;5;15.717
2020-05-24;12.048;5;12.048
2020-05-25;9.321;5;9.321
2020-05-26;8.931;5;8.931
2020-05-27;10.126;5;10.126
2020-05-28;13.931;5;13.931
2020-05-29;25.616;5;25.616
2020-05-30;73.974;5;73.974
2020-05-31;85.658;5;85.658
2020-06-01;124.153;6;124.153
2020-06-02;56.218;6;56.218
2020-06-03;59.467;6;59.467
2020-06-04;38.764;6;38.764
2020-06-05;30.032;6;30.032
2020-06-06;28.841;6;28.841
2020-06-07;26.534;6;26.534
2020-06-08;23.203;6;23.203
2020-06-09;33.579;6;33.579
2020-06-10;47.515;6;47.515
2020-06-11;51.341;6;51.341
2020-06-12;74.8;6;74.8
2020-06-13;46.684;6;46.684
2020-06-14;33.684;6;33.684
2020-06-15;25.938;6;25.938
2020-06-16;29.592;6;29.592
2020-06-17;37.303;6;37.303
2020-06-18;47.654;6;47.654
2020-06-19;42.706;6;42.706
2020-06-20;33.119;6;33.119
2020-06-21;32.359;6;32.359
2020-06-22;29.39;6;29.39
2020-06-23;29.032;6;29.032
2020-06-24;27.112;6;27.112
2020-06-25;20.816;6;20.816
2020-06-26;23.259;6;23.259
2020-06-27;19.674;6;19.674
2020-06-28;38.232;6;38.232
2020-06-29;22.493;6;22.493
2020-06-30;17.984;6;17.984
2020-07-01;22.35;7;22.35
2020-07-02;30.533;7;30.533
2020-07-03;20.548;7;20.548
2020-07-04;36.844;7;36.844
2020-07-05;41.832;7;41.832
2020-07-06;36.698;7;36.698
2020-07-07;29.032;7;29.032
2020-07-08;34.853;7;34.853
2020-07-09;74.848;7;74.848
2020-07-10;53.799;7;53.799
2020-07-11;84.732;7;84.732
2020-07-12;50.892;7;50.892
2020-07-13;45.69;7;45.69
2020-07-14;43.899;7;43.899
2020-07-15;39.722;7;39.722
2020-07-16;40.119;7;40.119
2020-07-17;34.974;7;34.974
2020-07-18;25.845;7;25.845
2020-07-19;22.105;7;22.105
2020-07-20;18.483;7;18.483
2020-07-21;22.648;7;22.648
2020-07-22;34.541;7;34.541
2020-07-23;39.954;7;39.954
2020-07-24;49.848;7;49.848
2020-07-25;32.965;7;32.965
2020-07-26;28.302;7;28.302
2020-07-27;28.351;7;28.351
2020-07-28;48.652;7;48.652
2020-07-29;29.742;7;29.742
2020-07-30;32.193;7;32.193
2020-07-31;22.252;7;22.252
2020-08-01;18.26;8;18.26
2020-08-02;16.221;8;16.221
2020-08-03;14.363;8;14.363
2020-08-04;12.441;8;12.441
2020-08-05;11.114;8;11.114
2020-08-06;10.158;8;10.158
2020-08-07;9.34;8;9.34
2020-08-08;8.672;8;8.672
2020-08-09;8.256;8;8.256
2020-08-10;7.893;8;7.893
2020-08-11;10.534;8;10.534
2020-08-12;14.667;8;14.667
2020-08-13;22.883;8;22.883
2020-08-14;27.272;8;27.272
2020-08-15;28.615;8;28.615
2020-08-16;19.887;8;19.887
2020-08-17;19.377;8;19.377
2020-08-18;15.595;8;15.595
2020-08-19;23.863;8;23.863
2020-08-20;49.247;8;49.247
2020-08-21;37.15;8;37.15
2020-08-22;69.274;8;69.274
2020-08-23;56.36;8;56.36
2020-08-24;78.76;8;78.76
2020-08-25;64.8;8;64.8
2020-08-26;61.341;8;61.341
2020-08-27;52.994;8;52.994
2020-08-28;34.768;8;34.768
2020-08-29;27.315;8;27.315
2020-08-30;21.675;8;21.675
2020-08-31;18.536;8;18.536
2020-09-01;19.573;9;19.573
2020-09-02;41.37;9;41.37
2020-09-03;25.024;9;25.024
2020-09-04;17.713;9;17.713
2020-09-05;18.681;9;18.681
2020-09-06;43.958;9;43.958
2020-09-07;39.198;9;39.198
2020-09-08;75.561;9;75.561
2020-09-09;37.39;9;37.39
2020-09-10;38.954;9;38.954
2020-09-11;38.837;9;38.837
2020-09-12;68.018;9;68.018
2020-09-13;35.648;9;35.648
2020-09-14;27.278;9;27.278
2020-09-15;28.95;9;28.95
2020-09-16;59.087;9;59.087
2020-09-17;55.679;9;55.679
2020-09-18;60.429;9;60.429
2020-09-19;78.095;9;78.095
2020-09-20;51.955;9;51.955
2020-09-21;37.101;9;37.101
2020-09-22;28.841;9;28.841
2020-09-23;25.287;9;25.287
2020-09-24;20.213;9;20.213
2020-09-25;17.931;9;17.931
2020-09-26;19.466;9;19.466
2020-09-27;34.173;9;34.173
2020-09-28;18.213;9;18.213
2020-09-29;17.299;9;17.299
2020-09-30;14.491;9;14.491
2020-10-01;13.96;10;13.96
2020-10-02;12.144;10;12.144
2020-10-03;10.933;10;10.933
2020-10-04;10.54;10;10.54
2020-10-05;15.85;10;15.85
2020-10-06;13.71;10;13.71
2020-10-07;13.949;10;13.949
2020-10-08;15.038;10;15.038
2020-10-09;15.287;10;15.287
2020-10-10;19.243;10;19.243
2020-10-11;20.358;10;20.358
2020-10-12;21.385;10;21.385
2020-10-13;20.257;10;20.257
2020-10-14;14.183;10;14.183
2020-10-15;20.18;10;20.18
2020-10-16;18.5;10;18.5
2020-10-17;13.291;10;13.291
2020-10-18;10.647;10;10.647
2020-10-19;9.404;10;9.404
2020-10-20;15.489;10;15.489
2020-10-21;16.498;10;16.498
2020-10-22;14.018;10;14.018
2020-10-23;11.575;10;11.575
2020-10-24;33.06;10;33.06
2020-10-25;23.129;10;23.129
2020-10-26;30.316;10;30.316
2020-10-27;26.486;10;26.486
2020-10-28;16.933;10;16.933
2020-10-29;14.204;10;14.204
2020-10-30;15.022;10;15.022
2020-10-31;12.728;10;12.728
2020-11-01;12.855;11;12.855
2020-11-02;10.742;11;10.742
2020-11-03;9.553;11;9.553
2020-11-04;16.337;11;16.337
2020-11-05;33.521;11;33.521
2020-11-06;43.407;11;43.407
2020-11-07;34.702;11;34.702
2020-11-08;24.431;11;24.431
2020-11-09;19.573;11;19.573
2020-11-10;46.686;11;46.686
2020-11-11;81.29;11;81.29
2020-11-12;49.154;11;49.154
2020-11-13;50.178;11;50.178
2020-11-14;47.318;11;47.318
2020-11-15;56.101;11;56.101
2020-11-16;62.324;11;62.324
2020-11-17;66.257;11;66.257
2020-11-18;60.984;11;60.984
2020-11-19;52.678;11;52.678
2020-11-20;47.294;11;47.294
2020-11-21;61.151;11;61.151
2020-11-22;56.099;11;56.099
2020-11-23;71.624;11;71.624
2020-11-24;55.666;11;55.666
2020-11-25;62.818;11;62.818
2020-11-26;52.105;11;52.105
2020-11-27;75.055;11;75.055
2020-11-28;119.712;11;119.712
2020-11-29;98.029;11;98.029
2020-11-30;88.077;11;88.077
2020-12-01;126.35;12;126.35
2020-12-02;107.115;12;107.115
2020-12-03;108.005;12;108.005
2020-12-04;66.824;12;66.824
2020-12-05;56.834;12;56.834
2020-12-06;55.117;12;55.117
2020-12-07;51.634;12;51.634
2020-12-08;56.459;12;56.459
2020-12-09;50.732;12;50.732
2020-12-10;42.877;12;42.877
2020-12-11;39.907;12;39.907
2020-12-12;32.135;12;32.135
2020-12-13;26.98;12;26.98
2020-12-14;21.337;12;21.337
2020-12-15;17.857;12;17.857
2020-12-16;16.264;12;16.264
2020-12-17;14.862;12;14.862
2020-12-18;18.661;12;18.661
2020-12-19;18.373;12;18.373
2020-12-20;20.538;12;20.538
2020-12-21;15.765;12;15.765
2020-12-22;15.113;12;15.113
2020-12-23;17.295;12;17.295
2020-12-24;15.729;12;15.729
2020-12-25;35.13;12;35.13
2020-12-26;21.119;12;21.119
2020-12-27;18.526;12;18.526
2020-12-28;17.124;12;17.124
2020-12-29;11.432;12;11.432
2020-12-30;9.839;12;9.839
2020-12-31;15.246;12;15.246
2021-01-01;16.073;1;16.073
2021-01-02;35.629;1;35.629
2021-01-03;32.157;1;32.157
2021-01-04;17.071;1;17.071
2021-01-05;18.669;1;18.669
2021-01-06;17.13;1;17.13
2021-01-07;20.694;1;20.694
2021-01-08;26.602;1;26.602
2021-01-09;26.787;1;26.787
2021-01-10;26.527;1;26.527
2021-01-11;47.179;1;47.179
2021-01-12;29.944;1;29.944
2021-01-13;20.461;1;20.461
2021-01-14;15.276;1;15.276
2021-01-15;12.685;1;12.685
2021-01-16;11.071;1;11.071
2021-01-17;9.956;1;9.956
2021-01-18;9.195;1;9.195
2021-01-19;8.512;1;8.512
2021-01-20;8.001;1;8.001
2021-01-21;7.517;1;7.517
2021-01-22;7.119;1;7.119
2021-01-23;7.69;1;7.69
2021-01-24;11.415;1;11.415
2021-01-25;7.853;1;7.853
2021-01-26;6.721;1;6.721
2021-01-27;6.118;1;6.118
2021-01-28;5.965;1;5.965
2021-01-29;6.987;1;6.987
2021-01-30;5.521;1;5.521
2021-01-31;5.1;1;5.1
2021-02-01;4.754;2;4.754
2021-02-02;5.18;2;5.18
2021-02-03;7.057;2;7.057
2021-02-04;4.998;2;4.998
2021-02-05;6.33;2;6.33
2021-02-06;9.985;2;9.985
2021-02-07;6.843;2;6.843
2021-02-08;23.997;2;23.997
2021-02-09;19.676;2;19.676
2021-02-10;17.18;2;17.18
2021-02-11;10.323;2;10.323
2021-02-12;7.739;2;7.739
2021-02-13;8.686;2;8.686
2021-02-14;16.789;2;16.789
2021-02-15;16.3;2;16.3
2021-02-16;9.789;2;9.789
2021-02-17;8.12;2;8.12
2021-02-18;7.028;2;7.028
2021-02-19;6.448;2;6.448
2021-02-20;6.107;2;6.107
2021-02-21;5.851;2;5.851
2021-02-22;5.43;2;5.43
2021-02-23;6.68;2;6.68
2021-02-24;5.18;2;5.18
2021-02-25;4.941;2;4.941
2021-02-26;6.943;2;6.943
2021-02-27;11.284;2;11.284
2021-02-28;10.538;2;10.538
2021-03-01;7.477;3;7.477
2021-03-02;9.96;3;9.96
2021-03-03;7.824;3;7.824
2021-03-04;7.222;3;7.222
2021-03-05;6.477;3;6.477
2021-03-06;7.194;3;7.194
2021-03-07;26.997;3;26.997
2021-03-08;27.484;3;27.484
2021-03-09;13.184;3;13.184
2021-03-10;9.872;3;9.872
2021-03-11;8.137;3;8.137
2021-03-12;8.632;3;8.632
2021-03-13;9.901;3;9.901
2021-03-14;9.704;3;9.704
2021-03-15;12.728;3;12.728
2021-03-16;15.032;3;15.032
2021-03-17;26.294;3;26.294
2021-03-18;42.346;3;42.346
2021-03-19;37.905;3;37.905
2021-03-20;28.227;3;28.227
2021-03-21;28.985;3;28.985
2021-03-22;44.705;3;44.705
2021-03-23;27.14;3;27.14
2021-03-24;71.652;3;71.652
2021-03-25;48.611;3;48.611
2021-03-26;88.971;3;88.971
2021-03-27;67.749;3;67.749
2021-03-28;50.63;3;50.63
2021-03-29;41.194;3;41.194
2021-03-30;38.552;3;38.552
2021-03-31;32.575;3;32.575
2021-04-01;36.222;4;36.222
2021-04-02;67.606;4;67.606
2021-04-03;84.401;4;84.401
2021-04-04;69.524;4;69.524
2021-04-05;67.793;4;67.793
2021-04-06;74.128;4;74.128
2021-04-07;47.407;4;47.407
2021-04-08;62.257;4;62.257
2021-04-09;125.936;4;125.936
2021-04-10;79.237;4;79.237
2021-04-11;62.89;4;62.89
2021-04-12;50.815;4;50.815
2021-04-13;35.697;4;35.697
2021-04-14;36.296;4;36.296
2021-04-15;33.632;4;33.632
2021-04-16;26.218;4;26.218
2021-04-17;38.183;4;38.183
2021-04-18;40.069;4;40.069
2021-04-19;49.818;4;49.818
2021-04-20;26.922;4;26.922
2021-04-21;33.688;4;33.688
2021-04-22;22.831;4;22.831
2021-04-23;56.19;4;56.19
2021-04-24;30.46;4;30.46
2021-04-25;38.701;4;38.701
2021-04-26;27.652;4;27.652
2021-04-27;46.526;4;46.526
2021-04-28;60.377;4;60.377
2021-04-29;96.352;4;96.352
2021-04-30;115.578;4;115.578
2021-05-01;90.546;5;90.546
2021-05-02;99.426;5;99.426
2021-05-03;101.661;5;101.661
2021-05-04;101.157;5;101.157
2021-05-05;86.049;5;86.049
2021-05-06;82.521;5;82.521
2021-05-07;94.358;5;94.358
2021-05-08;94.297;5;94.297
2021-05-09;134.186;5;134.186
2021-05-10;89.758;5;89.758
2021-05-11;77.021;5;77.021
2021-05-12;73.929;5;73.929
2021-05-13;74.607;5;74.607
2021-05-14;61.402;5;61.402
2021-05-15;70.527;5;70.527
2021-05-16;88.078;5;88.078
2021-05-17;115.808;5;115.808
2021-05-18;107.153;5;107.153
2021-05-19;80.884;5;80.884
2021-05-20;66.068;5;66.068
2021-05-21;54.661;5;54.661
2021-05-22;59.158;5;59.158
2021-05-23;49.285;5;49.285
2021-05-24;48.003;5;48.003
2021-05-25;72.983;5;72.983
2021-05-26;63.707;5;63.707
2021-05-27;41.913;5;41.913
2021-05-28;36.898;5;36.898
2021-05-29;73.547;5;73.547
2021-05-30;93.463;5;93.463
2021-05-31;76.202;5;76.202
2021-06-01;118.967;6;118.967
2021-06-02;102.112;6;102.112
2021-06-03;63.005;6;63.005
2021-06-04;69.304;6;69.304
2021-06-05;92.89;6;92.89
2021-06-06;83.898;6;83.898
2021-06-07;70.542;6;70.542
2021-06-08;91.374;6;91.374
2021-06-09;76.162;6;76.162
2021-06-10;66.8;6;66.8
2021-06-11;57.764;6;57.764
2021-06-12;58.295;6;58.295
2021-06-13;106.327;6;106.327
2021-06-14;100.572;6;100.572
2021-06-15;109.688;6;109.688
2021-06-16;77.094;6;77.094
2021-06-17;60.668;6;60.668
2021-06-18;53.798;6;53.798
2021-06-19;49.702;6;49.702
2021-06-20;54.104;6;54.104
2021-06-21;47.674;6;47.674
2021-06-22;49.978;6;49.978
2021-06-23;61.051;6;61.051
2021-06-24;62.482;6;62.482
2021-06-25;49.945;6;49.945
2021-06-26;47.338;6;47.338
2021-06-27;44.186;6;44.186
2021-06-28;43.409;6;43.409
2021-06-29;35.715;6;35.715
2021-06-30;29.32;6;29.32
2021-07-01;27.473;7;27.473
2021-07-02;28.621;7;28.621
2021-07-03;20.432;7;20.432
2021-07-04;17.625;7;17.625
2021-07-05;17.81;7;17.81
2021-07-06;26.851;7;26.851
2021-07-07;22.471;7;22.471
2021-07-08;23.282;7;23.282
2021-07-09;23.223;7;23.223
2021-07-10;26.93;7;26.93
2021-07-11;51.207;7;51.207
2021-07-12;33.821;7;33.821
2021-07-13;26.994;7;26.994
2021-07-14;29.633;7;29.633
2021-07-15;35.577;7;35.577
2021-07-16;34.245;7;34.245
2021-07-17;27.358;7;27.358
2021-07-18;24.364;7;24.364
2021-07-19;19.356;7;19.356
2021-07-20;15.937;7;15.937
2021-07-21;12.936;7;12.936
2021-07-22;12.391;7;12.391
2021-07-23;11.399;7;11.399
2021-07-24;11.451;7;11.451
2021-07-25;24.898;7;24.898
2021-07-26;22.266;7;22.266
2021-07-27;23.433;7;23.433
2021-07-28;37.281;7;37.281
2021-07-29;17.514;7;17.514
2021-07-30;14.103;7;14.103
2021-07-31;12.164;7;12.164
2021-08-01;10.602;8;10.602
2021-08-02;9.422;8;9.422
2021-08-03;8.56;8;8.56
2021-08-04;7.925;8;7.925
2021-08-05;7.315;8;7.315
2021-08-06;6.952;8;6.952
2021-08-07;9.262;8;9.262
2021-08-08;12.295;8;12.295
2021-08-09;10.797;8;10.797
2021-08-10;7.896;8;7.896
2021-08-11;6.526;8;6.526
2021-08-12;7.423;8;7.423
2021-08-13;16.074;8;16.074
2021-08-14;18.1;8;18.1
2021-08-15;19.977;8;19.977
2021-08-16;21.363;8;21.363
2021-08-17;24.047;8;24.047
2021-08-18;27.577;8;27.577
2021-08-19;50.285;8;50.285
2021-08-20;51.627;8;51.627
2021-08-21;55.439;8;55.439
2021-08-22;33.723;8;33.723
2021-08-23;39.484;8;39.484
2021-08-24;39.8;8;39.8
2021-08-25;33.151;8;33.151
2021-08-26;30.885;8;30.885
2021-08-27;28.159;8;28.159
2021-08-28;24.03;8;24.03
2021-08-29;23.525;8;23.525
2021-08-30;21.863;8;21.863
2021-08-31;28.831;8;28.831
2021-09-01;58.211;9;58.211
2021-09-02;29.899;9;29.899
2021-09-03;24.84;9;24.84
2021-09-04;37.979;9;37.979
2021-09-05;56.239;9;56.239
2021-09-06;55.096;9;55.096
2021-09-07;50.198;9;50.198
2021-09-08;47.786;9;47.786
2021-09-09;37.616;9;37.616
2021-09-10;51.206;9;51.206
2021-09-11;54.32;9;54.32
2021-09-12;55.612;9;55.612
2021-09-13;29.037;9;29.037
2021-09-14;32.364;9;32.364
2021-09-15;30.632;9;30.632
2021-09-16;20.827;9;20.827
2021-09-17;16.794;9;16.794
2021-09-18;17.842;9;17.842
2021-09-19;36.695;9;36.695
2021-09-20;25.278;9;25.278
2021-09-21;23.353;9;23.353
2021-09-22;41.575;9;41.575
2021-09-23;62.751;9;62.751
2021-09-24;27.496;9;27.496
2021-09-25;20.841;9;20.841
2021-09-26;16.358;9;16.358
2021-09-27;16.208;9;16.208
2021-09-28;15.376;9;15.376
2021-09-29;35.887;9;35.887
2021-09-30;73.253;9;73.253
2021-10-01;29.825;10;29.825
2021-10-02;37.872;10;37.872
2021-10-03;27.826;10;27.826
2021-10-04;32.43;10;32.43
2021-10-05;23.812;10;23.812
2021-10-06;31.027;10;31.027
2021-10-07;32.881;10;32.881
2021-10-08;56.548;10;56.548
2021-10-09;59.435;10;59.435
2021-10-10;56.567;10;56.567
2021-10-11;76.88;10;76.88
2021-10-12;39.025;10;39.025
2021-10-13;29.961;10;29.961
2021-10-14;49.98;10;49.98
2021-10-15;39.857;10;39.857
2021-10-16;34.482;10;34.482
2021-10-17;54.909;10;54.909
2021-10-18;32.939;10;32.939
2021-10-19;48.401;10;48.401
2021-10-20;28.687;10;28.687
2021-10-21;35.142;10;35.142
2021-10-22;55.519;10;55.519
2021-10-23;41.184;10;41.184
2021-10-24;40.669;10;40.669
2021-10-25;30.712;10;30.712
2021-10-26;80.565;10;80.565
2021-10-27;89.581;10;89.581
2021-10-28;67.695;10;67.695
2021-10-29;67.592;10;67.592
2021-10-30;61.043;10;61.043
2021-10-31;71.627;10;71.627
2021-11-01;94.384;11;94.384
2021-11-02;62.23;11;62.23
2021-11-03;66.52;11;66.52
2021-11-04;75.242;11;75.242
2021-11-05;62.261;11;62.261
2021-11-06;50.545;11;50.545
2021-11-07;46.229;11;46.229
2021-11-08;48.382;11;48.382
2021-11-09;55.103;11;55.103
2021-11-10;51.826;11;51.826
2021-11-11;41.908;11;41.908
2021-11-12;37.837;11;37.837
2021-11-13;39.955;11;39.955
2021-11-14;48.043;11;48.043
2021-11-15;39.8;11;39.8
2021-11-16;34.72;11;34.72
2021-11-17;28.84;11;28.84
2021-11-18;25.91;11;25.91
2021-11-19;22.531;11;22.531
2021-11-20;17.043;11;17.043
2021-11-21;13.657;11;13.657
2021-11-22;12.722;11;12.722
2021-11-23;25.118;11;25.118
2021-11-24;57.792;11;57.792
2021-11-25;81.872;11;81.872
2021-11-26;88.665;11;88.665
2021-11-27;52.381;11;52.381
2021-11-28;58.839;11;58.839
2021-11-29;63.977;11;63.977
2021-11-30;68.872;11;68.872
2021-12-01;49.277;12;49.277
2021-12-02;47.239;12;47.239
2021-12-03;44.218;12;44.218
2021-12-04;39.364;12;39.364
2021-12-05;33.923;12;33.923
2021-12-06;28.147;12;28.147
2021-12-07;22.987;12;22.987
2021-12-08;17.503;12;17.503
2021-12-09;15.893;12;15.893
2021-12-10;13.941;12;13.941
2021-12-11;13.01;12;13.01
2021-12-12;12.31;12;12.31
2021-12-13;11.147;12;11.147
2021-12-14;10.374;12;10.374
2021-12-15;10.048;12;10.048
2021-12-16;13.229;12;13.229
2021-12-17;14.006;12;14.006
2021-12-18;15.225;12;15.225
2021-12-19;13.221;12;13.221
2021-12-20;11.732;12;11.732
2021-12-21;11.323;12;11.323
2021-12-22;13.262;12;13.262
2021-12-23;9.381;12;9.381
2021-12-24;9.031;12;9.031
2021-12-25;7.591;12;7.591
2021-12-26;8.852;12;8.852
2021-12-27;13.97;12;13.97
2021-12-28;14.39;12;14.39
2021-12-29;16.297;12;16.297
2021-12-30;15.568;12;15.568
2021-12-31;10.488;12;10.488
2022-01-01;9.853;1;9.853
2022-01-02;11.236;1;11.236
2022-01-03;9.666;1;9.666
2022-01-04;6.832;1;6.832
2022-01-05;5.592;1;5.592
2022-01-06;5.176;1;5.176
2022-01-07;5.171;1;5.171
2022-01-08;4.649;1;4.649
2022-01-09;4.369;1;4.369
2022-01-10;4.141;1;4.141
2022-01-11;4.132;1;4.132
2022-01-12;4.04;1;4.04
2022-01-13;3.882;1;3.882
2022-01-14;4.891;1;4.891
2022-01-15;3.895;1;3.895
2022-01-16;3.382;1;3.382
2022-01-17;3.211;1;3.211
2022-01-18;3.194;1;3.194
2022-01-19;3.422;1;3.422
2022-01-20;2.812;1;2.812
2022-01-21;2.725;1;2.725
2022-01-22;2.723;1;2.723
2022-01-23;2.717;1;2.717
2022-01-24;2.637;1;2.637
2022-01-25;2.654;1;2.654
2022-01-26;2.552;1;2.552
2022-01-27;2.431;1;2.431
2022-01-28;2.347;1;2.347
2022-01-29;2.236;1;2.236
2022-01-30;2.189;1;2.189
2022-01-31;2.13;1;2.13
2022-02-01;2.039;2;2.039
2022-02-02;1.99;2;1.99
2022-02-03;1.935;2;1.935
2022-02-04;1.984;2;1.984
2022-02-05;3.64;2;3.64
2022-02-06;2.884;2;2.884
2022-02-07;2.762;2;2.762
2022-02-08;4.341;2;4.341
2022-02-09;3.961;2;3.961
2022-02-10;7.718;2;7.718
2022-02-11;3.865;2;3.865
2022-02-12;2.856;2;2.856
2022-02-13;2.64;2;2.64
2022-02-14;19.04;2;19.04
2022-02-15;8.1;2;8.1
2022-02-16;5.47;2;5.47
2022-02-17;4.877;2;4.877
2022-02-18;4.176;2;4.176
2022-02-19;3.812;2;3.812
2022-02-20;3.742;2;3.742
2022-02-21;3.803;2;3.803
2022-02-22;4.573;2;4.573
2022-02-23;6.638;2;6.638
2022-02-24;4.378;2;4.378
2022-02-25;3.72;2;3.72
2022-02-26;3.242;2;3.242
2022-02-27;8.898;2;8.898
2022-02-28;28.708;2;28.708
2022-03-01;46.234;3;46.234
2022-03-02;48.824;3;48.824
2022-03-03;29.186;3;29.186
2022-03-04;27.929;3;27.929
2022-03-05;31.881;3;31.881
2022-03-06;39.07;3;39.07
2022-03-07;36.671;3;36.671
2022-03-08;30.138;3;30.138
2022-03-09;24.643;3;24.643
2022-03-10;22.217;3;22.217
2022-03-11;20.419;3;20.419
2022-03-12;15.881;3;15.881
2022-03-13;24.125;3;24.125
2022-03-14;23.847;3;23.847
2022-03-15;24.829;3;24.829
2022-03-16;27.082;3;27.082
2022-03-17;35.415;3;35.415
2022-03-18;33.641;3;33.641
2022-03-19;46.119;3;46.119
2022-03-20;42.864;3;42.864
2022-03-21;40.441;3;40.441
2022-03-22;66.186;3;66.186
2022-03-23;47.674;3;47.674
2022-03-24;56.838;3;56.838
2022-03-25;56.344;3;56.344
2022-03-26;52.765;3;52.765
2022-03-27;77.365;3;77.365
2022-03-28;72.853;3;72.853
2022-03-29;90.361;3;90.361
2022-03-30;96.721;3;96.721
2022-03-31;92.785;3;92.785
2022-04-01;62.053;4;62.053
2022-04-02;80.499;4;80.499
2022-04-03;66.102;4;66.102
2022-04-04;70.644;4;70.644
2022-04-05;66.773;4;66.773
2022-04-06;61.226;4;61.226
2022-04-07;60.079;4;60.079
2022-04-08;52.43;4;52.43
2022-04-09;42.46;4;42.46
2022-04-10;51.4;4;51.4
2022-04-11;80.343;4;80.343
2022-04-12;84.716;4;84.716
2022-04-13;49.119;4;49.119
2022-04-14;41.461;4;41.461
2022-04-15;34.105;4;34.105
2022-04-16;63.098;4;63.098
2022-04-17;60.145;4;60.145
2022-04-18;51.866;4;51.866
2022-04-19;79.609;4;79.609
2022-04-20;68.391;4;68.391
2022-04-21;62.23;4;62.23
2022-04-22;53.985;4;53.985
2022-04-23;48.814;4;48.814
2022-04-24;45.506;4;45.506
2022-04-25;50.683;4;50.683
2022-04-26;49.374;4;49.374
2022-04-27;55.23;4;55.23
2022-04-28;52.771;4;52.771
2022-04-29;45.545;4;45.545
2022-04-30;39.47;4;39.47
2022-05-01;35.695;5;35.695
2022-05-02;44.406;5;44.406
2022-05-03;30.331;5;30.331
2022-05-04;24.787;5;24.787
2022-05-05;29.402;5;29.402
2022-05-06;29.258;5;29.258
2022-05-07;56.787;5;56.787
2022-05-08;58.301;5;58.301
2022-05-09;49.709;5;49.709
2022-05-10;67.825;5;67.825
2022-05-11;77.613;5;77.613
2022-05-12;120.768;5;120.768
2022-05-13;110.202;5;110.202
2022-05-14;122.988;5;122.988
2022-05-15;85.971;5;85.971
2022-05-16;76.132;5;76.132
2022-05-17;103.874;5;103.874
2022-05-18;84.463;5;84.463
2022-05-19;76.441;5;76.441
2022-05-20;72.136;5;72.136
2022-05-21;81.935;5;81.935
2022-05-22;59.962;5;59.962
2022-05-23;68.461;5;68.461
2022-05-24;63.124;5;63.124
2022-05-25;67.023;5;67.023
2022-05-26;55.392;5;55.392
2022-05-27;76.431;5;76.431
2022-05-28;49.798;5;49.798
2022-05-29;44.603;5;44.603
2022-05-30;78.9;5;78.9
2022-05-31;80.803;5;80.803
2022-06-01;91.002;6;91.002
2022-06-02;65.214;6;65.214
2022-06-03;93.653;6;93.653
2022-06-04;81.684;6;81.684
2022-06-05;90.026;6;90.026
2022-06-06;100.001;6;100.001
2022-06-07;109.569;6;109.569
2022-06-08;108.653;6;108.653
2022-06-09;109.217;6;109.217
2022-06-10;92.931;6;92.931
2022-06-11;93.682;6;93.682
2022-06-12;83.141;6;83.141
2022-06-13;70.864;6;70.864
2022-06-14;63.979;6;63.979
2022-06-15;56.827;6;56.827
2022-06-16;54.949;6;54.949
2022-06-17;61.698;6;61.698
2022-06-18;70.277;6;70.277
2022-06-19;73.041;6;73.041
2022-06-20;83.728;6;83.728
2022-06-21;66.872;6;66.872
2022-06-22;64.288;6;64.288
2022-06-23;60.386;6;60.386
2022-06-24;59.584;6;59.584
2022-06-25;71.151;6;71.151
2022-06-26;55.103;6;55.103
2022-06-27;79.044;6;79.044
2022-06-28;126.768;6;126.768
2022-06-29;97.805;6;97.805
2022-06-30;82.768;6;82.768
2022-07-01;89.756;7;89.756
2022-07-02;77.313;7;77.313
2022-07-03;58.951;7;58.951
2022-07-04;48.052;7;48.052
2022-07-05;41.824;7;41.824
2022-07-06;35.78;7;35.78
2022-07-07;31.751;7;31.751
2022-07-08;26.768;7;26.768
2022-07-09;24.711;7;24.711
2022-07-10;22.858;7;22.858
2022-07-11;33.874;7;33.874
2022-07-12;38.145;7;38.145
2022-07-13;54.805;7;54.805
2022-07-14;42.592;7;42.592
2022-07-15;28.719;7;28.719
2022-07-16;25.818;7;25.818
2022-07-17;23.648;7;23.648
2022-07-18;23.512;7;23.512
2022-07-19;22.926;7;22.926
2022-07-20;22.612;7;22.612
2022-07-21;19.438;7;19.438
2022-07-22;17.653;7;17.653
2022-07-23;23.491;7;23.491
2022-07-24;57.304;7;57.304
2022-07-25;63.046;7;63.046
2022-07-26;47.452;7;47.452
2022-07-27;48.491;7;48.491
2022-07-28;49.785;7;49.785
2022-07-29;66.385;7;66.385
2022-07-30;62.44;7;62.44
2022-07-31;78.624;7;78.624
2022-08-01;108.803;8;108.803
2022-08-02;95.088;8;95.088
2022-08-03;67.012;8;67.012
2022-08-04;46.716;8;46.716
2022-08-05;92.943;8;92.943
2022-08-06;78.854;8;78.854
2022-08-07;44.577;8;44.577
2022-08-08;35.398;8;35.398
2022-08-09;27.068;8;27.068
2022-08-10;22.204;8;22.204
2022-08-11;18.947;8;18.947
2022-08-12;18.327;8;18.327
2022-08-13;30.613;8;30.613
2022-08-14;41.299;8;41.299
2022-08-15;33.563;8;33.563
2022-08-16;30.415;8;30.415
2022-08-17;36.742;8;36.742
2022-08-18;31.42;8;31.42
2022-08-19;25.835;8;25.835
2022-08-20;27.709;8;27.709
2022-08-21;23.021;8;23.021
2022-08-22;27.778;8;27.778
2022-08-23;21.277;8;21.277
2022-08-24;16.012;8;16.012
2022-08-25;14.059;8;14.059
2022-08-26;39.939;8;39.939
2022-08-27;40.73;8;40.73
2022-08-28;31.188;8;31.188
2022-08-29;22.83;8;22.83
2022-08-30;19.86;8;19.86
2022-08-31;19.143;8;19.143
2022-09-01;30.18;9;30.18
2022-09-02;31.424;9;31.424
2022-09-03;20.637;9;20.637
2022-09-04;19.097;9;19.097
2022-09-05;17.68;9;17.68
2022-09-06;14.6;9;14.6
2022-09-07;13.522;9;13.522
2022-09-08;19.191;9;19.191
2022-09-09;26.199;9;26.199
2022-09-10;17.429;9;17.429
2022-09-11;17.764;9;17.764
2022-09-12;15.804;9;15.804
2022-09-13;36.67;9;36.67
2022-09-14;45.119;9;45.119
2022-09-15;24.897;9;24.897
2022-09-16;93.909;9;93.909
2022-09-17;-999.000;9;4.5
2022-09-18;-999.000;9;50.9
2022-09-19;-999.000;9;18.6
2022-09-20;89.054;9;89.054
2022-09-21;60.106;9;60.106
2022-09-22;83.619;9;83.619
2022-09-23;62.812;9;62.812
2022-09-24;132.135;9;132.135
2022-09-25;112.068;9;112.068
2022-09-26;64.053;9;64.053
2022-09-27;47.392;9;47.392
2022-09-28;49.142;9;49.142
2022-09-29;47.524;9;47.524
2022-09-30;49.513;9;49.513
2022-10-01;88.079;10;88.079
2022-10-02;48.38;10;48.38
2022-10-03;46.808;10;46.808
2022-10-04;63.836;10;63.836
2022-10-05;86.258;10;86.258
2022-10-06;83.441;10;83.441
2022-10-07;78.425;10;78.425
2022-10-08;97.836;10;97.836
2022-10-09;135.166;10;135.166
2022-10-10;112.448;10;112.448
2022-10-11;70.792;10;70.792
2022-10-12;57.377;10;57.377
2022-10-13;98.335;10;98.335
2022-10-14;73.33;10;73.33
2022-10-15;88.16;10;88.16
2022-10-16;82.901;10;82.901
2022-10-17;97.904;10;97.904
2022-10-18;97.483;10;97.483
2022-10-19;118.424;10;118.424
2022-10-20;138.393;10;138.393
2022-10-21;89.575;10;89.575
2022-10-22;80.883;10;80.883
2022-10-23;166.45;10;166.45
2022-10-24;182.923;10;182.923
2022-10-25;160.229;10;160.229
2022-10-26;145.033;10;145.033
2022-10-27;149.641;10;149.641
2022-10-28;123.778;10;123.778
2022-10-29;123.169;10;123.169
2022-10-30;101.208;10;101.208
2022-10-31;91.249;10;91.249
2022-11-01;82.15;11;82.15
2022-11-02;88.761;11;88.761
2022-11-03;81.72;11;81.72
2022-11-04;72.622;11;72.622
2022-11-05;74.855;11;74.855
2022-11-06;95.767;11;95.767
2022-11-07;92.098;11;92.098
2022-11-08;145.942;11;145.942
2022-11-09;107.72;11;107.72
2022-11-10;105.341;11;105.341
2022-11-11;97.13;11;97.13
2022-11-12;90.368;11;90.368
2022-11-13;80.995;11;80.995
2022-11-14;88.187;11;88.187
2022-11-15;142.374;11;142.374
2022-11-16;109.09;11;109.09
2022-11-17;124.273;11;124.273
2022-11-18;252.224;11;252.224
2022-11-19;221.697;11;221.697
2022-11-20;149.363;11;149.363
2022-11-21;116.869;11;116.869
2022-11-22;103.058;11;103.058
2022-11-23;94.819;11;94.819
2022-11-24;88.694;11;88.694
2022-11-25;99.074;11;99.074
2022-11-26;91.609;11;91.609
2022-11-27;82.011;11;82.011
2022-11-28;119.083;11;119.083
2022-11-29;115.374;11;115.374
2022-11-30;104.277;11;104.277
2022-12-01;74.691;12;74.691
2022-12-02;68.663;12;68.663
2022-12-03;63.542;12;63.542
2022-12-04;60.575;12;60.575
2022-12-05;57.608;12;57.608
2022-12-06;59.95;12;59.95
2022-12-07;57.264;12;57.264
2022-12-08;59.325;12;59.325
2022-12-09;52.174;12;52.174
2022-12-10;49.564;12;49.564
2022-12-11;59.232;12;59.232
2022-12-12;65.915;12;65.915
2022-12-13;58.795;12;58.795
2022-12-14;52.818;12;52.818
2022-12-15;45.974;12;45.974
2022-12-16;41.548;12;41.548
2022-12-17;40.318;12;40.318
2022-12-18;41.951;12;41.951
2022-12-19;36.671;12;36.671
2022-12-20;28.982;12;28.982
2022-12-21;29.852;12;29.852
2022-12-22;28.327;12;28.327
2022-12-23;22.83;12;22.83
2022-12-24;21.386;12;21.386
2022-12-25;20.882;12;20.882
2022-12-26;18.675;12;18.675
2022-12-27;10.854;12;10.854
2022-12-28;10.683;12;10.683
2022-12-29;10.146;12;10.146
2022-12-30;-999.000;12;5.305
2022-12-31;-999.000;12;4.2
2023-01-01;7.803;1;7.803
2023-01-02;7.144;1;7.144
2023-01-03;8.047;1;8.047
2023-01-04;7.069;1;7.069
2023-01-05;6.727;1;6.727
2023-01-06;8.118;1;8.118
2023-01-07;9.441;1;9.441
2023-01-08;19.674;1;19.674
2023-01-09;56.996;1;56.996
2023-01-10;108.845;1;108.845
2023-01-11;54.735;1;54.735
2023-01-12;56.433;1;56.433
2023-01-13;103.627;1;103.627
2023-01-14;83.116;1;83.116
2023-01-15;60.37;1;60.37
2023-01-16;46.25;1;46.25
2023-01-17;40.827;1;40.827
2023-01-18;45.182;1;45.182
2023-01-19;43.903;1;43.903
2023-01-20;39.83;1;39.83
2023-01-21;39.47;1;39.47
2023-01-22;37.477;1;37.477
2023-01-23;31.624;1;31.624
2023-01-24;27.1;1;27.1
2023-01-25;24.779;1;24.779
2023-01-26;21.259;1;21.259
2023-01-27;11.065;1;11.065
2023-01-28;10.406;1;10.406
2023-01-29;9.894;1;9.894
2023-01-30;9.267;1;9.267
2023-01-31;8.779;1;8.779
2023-02-01;8.34;2;8.34
2023-02-02;7.722;2;7.722
2023-02-03;7.168;2;7.168
2023-02-04;11.025;2;11.025
2023-02-05;9.511;2;9.511
2023-02-06;7.917;2;7.917
2023-02-07;14.484;2;14.484
2023-02-08;14.564;2;14.564
2023-02-09;21.562;2;21.562
2023-02-10;17.927;2;17.927
2023-02-11;23.284;2;23.284
2023-02-12;14.112;2;14.112
2023-02-13;14.091;2;14.091
2023-02-14;11.147;2;11.147
2023-02-15;18.525;2;18.525
2023-02-16;33.952;2;33.952
2023-02-17;21.011;2;21.011
2023-02-18;17.062;2;17.062
2023-02-19;21.228;2;21.228
2023-02-20;42.674;2;42.674
2023-02-21;25.233;2;25.233
2023-02-22;25.996;2;25.996
2023-02-23;24.888;2;24.888
2023-02-24;23.553;2;23.553
2023-02-25;21.1;2;21.1
2023-02-26;17.993;2;17.993
2023-02-27;19.969;2;19.969
2023-02-28;21.299;2;21.299
2023-03-01;26.711;3;26.711
2023-03-02;28.498;3;28.498
2023-03-03;30.867;3;30.867
2023-03-04;24.363;3;24.363
2023-03-05;34.354;3;34.354
2023-03-06;62.12;3;62.12
2023-03-07;60.372;3;60.372
2023-03-08;54.119;3;54.119
2023-03-09;53.322;3;53.322
2023-03-10;44.275;3;44.275
2023-03-11;59.094;3;59.094
2023-03-12;68.973;3;68.973
2023-03-13;73.666;3;73.666
2023-03-14;72.642;3;72.642
2023-03-15;91.427;3;91.427
2023-03-16;62.792;3;62.792
2023-03-17;57.599;3;57.599
2023-03-18;50.001;3;50.001
2023-03-19;42.89;3;42.89
2023-03-20;38.164;3;38.164
2023-03-21;35.929;3;35.929
2023-03-22;32.748;3;32.748
2023-03-23;37.201;3;37.201
2023-03-24;30.203;3;30.203
2023-03-25;28.231;3;28.231
2023-03-26;30.648;3;30.648
2023-03-27;36.243;3;36.243
2023-03-28;45.351;3;45.351
2023-03-29;33.352;3;33.352
2023-03-30;30.012;3;30.012
2023-03-31;27.591;3;27.591
2023-04-01;22.967;4;22.967
2023-04-02;26.36;4;26.36
2023-04-03;25.297;4;25.297
2023-04-04;23.989;4;23.989
2023-04-05;23.789;4;23.789
2023-04-06;37.701;4;37.701
2023-04-07;38.791;4;38.791
2023-04-08;35.038;4;35.038
2023-04-09;31.921;4;31.921
2023-04-10;30.585;4;30.585
2023-04-11;37.837;4;37.837
2023-04-12;39.873;4;39.873
2023-04-13;38.537;4;38.537
2023-04-14;34.974;4;34.974
2023-04-15;30.076;4;30.076
2023-04-16;37.046;4;37.046
2023-04-17;62.062;4;62.062
2023-04-18;44.761;4;44.761
2023-04-19;39.237;4;39.237
2023-04-20;37.455;4;37.455
2023-04-21;41.018;4;41.018
2023-04-22;52.474;4;52.474
2023-04-23;69.106;4;69.106
2023-04-24;47.426;4;47.426
2023-04-25;51.235;4;51.235
2023-04-26;52.794;4;52.794
2023-04-27;45.082;4;45.082
2023-04-28;51.388;4;51.388
2023-04-29;59.513;4;59.513
2023-04-30;56.381;4;56.381
2023-05-01;39.29;5;39.29
2023-05-02;31.608;5;31.608
2023-05-03;24.806;5;24.806
2023-05-04;21.086;5;21.086
2023-05-05;16.575;5;16.575
2023-05-06;14.898;5;14.898
2023-05-07;13.538;5;13.538
2023-05-08;10.292;5;10.292
2023-05-09;9.633;5;9.633
2023-05-10;9.878;5;9.878
2023-05-11;11.366;5;11.366
2023-05-12;13.831;5;13.831
2023-05-13;12.05;5;12.05
2023-05-14;9.389;5;9.389
2023-05-15;8.657;5;8.657
2023-05-16;7.358;5;7.358
2023-05-17;13.699;5;13.699
2023-05-18;13.333;5;13.333
2023-05-19;35.185;5;35.185
2023-05-20;62.728;5;62.728
2023-05-21;279.075;5;279.075
2023-05-22;42.446;5;42.446
2023-05-23;36.621;5;36.621
2023-05-24;53.42;5;53.42
2023-05-25;48.727;5;48.727
2023-05-26;89.991;5;89.991
2023-05-27;66.864;5;66.864
2023-05-28;80.992;5;80.992
2023-05-29;64.146;5;64.146
2023-05-30;110.262;5;110.262
2023-05-31;48.794;5;48.794
2023-06-01;42.036;6;42.036
2023-06-02;34.702;6;34.702
2023-06-03;22.19;6;22.19
2023-06-04;26.796;6;26.796
2023-06-05;20.31;6;20.31
2023-06-06;18.429;6;18.429
2023-06-07;19.696;6;19.696
2023-06-08;19.983;6;19.983
2023-06-09;18.797;6;18.797
2023-06-10;15.854;6;15.854
2023-06-11;17.612;6;17.612
2023-06-12;19.778;6;19.778
2023-06-13;22.19;6;22.19
2023-06-14;22.231;6;22.231
2023-06-15;17.195;6;17.195
2023-06-16;13.352;6;13.352
2023-06-17;11.025;6;11.025
2023-06-18;10.878;6;10.878
2023-06-19;10.537;6;10.537
2023-06-20;10.146;6;10.146
2023-06-21;9.756;6;9.756
2023-06-22;9.316;6;9.316
2023-06-23;11.386;6;11.386
2023-06-24;20.36;6;20.36
2023-06-25;14.068;6;14.068
2023-06-26;11.025;6;11.025
2023-06-27;10.54;6;10.54
2023-06-28;23.974;6;23.974
2023-06-29;18.217;6;18.217
2023-06-30;14.23;6;14.23
2023-07-01;12.749;7;12.749
2023-07-02;12.302;7;12.302
2023-07-03;13.177;7;13.177
2023-07-04;27.893;7;27.893
2023-07-05;16.35;7;16.35
2023-07-06;15.388;7;15.388
2023-07-07;17.491;7;17.491
2023-07-08;18.212;7;18.212
2023-07-09;14.776;7;14.776
2023-07-10;12.692;7;12.692
2023-07-11;10.26;7;10.26
2023-07-12;8.869;7;8.869
2023-07-13;8.495;7;8.495
2023-07-14;12.362;7;12.362
2023-07-15;9.357;7;9.357
2023-07-16;10.528;7;10.528
2023-07-17;8.608;7;8.608
2023-07-18;7.252;7;7.252
2023-07-19;6.711;7;6.711
2023-07-20;6.443;7;6.443
2023-07-21;6.18;7;6.18
2023-07-22;6.114;7;6.114
2023-07-23;5.97;7;5.97
2023-07-24;6.158;7;6.158
2023-07-25;13.72;7;13.72
2023-07-26;15.409;7;15.409
2023-07-27;24.44;7;24.44
2023-07-28;11.659;7;11.659
2023-07-29;9.023;7;9.023
2023-07-30;6.89;7;6.89
2023-07-31;6.347;7;6.347
2023-08-01;6.11;8;6.11
2023-08-02;6.009;8;6.009
2023-08-03;11.614;8;11.614
2023-08-04;10.203;8;10.203
2023-08-05;9.266;8;9.266
2023-08-06;8.108;8;8.108
2023-08-07;6.018;8;6.018
2023-08-08;6.202;8;6.202
2023-08-09;5.864;8;5.864
2023-08-10;5.886;8;5.886
2023-08-11;6.338;8;6.338
2023-08-12;7.989;8;7.989
2023-08-13;15.845;8;15.845
2023-08-14;9.731;8;9.731
2023-08-15;23.403;8;23.403
2023-08-16;32.923;8;32.923
2023-08-17;21.862;8;21.862
2023-08-18;21.822;8;21.822
2023-08-19;20.186;8;20.186
2023-08-20;35.921;8;35.921
2023-08-21;59.788;8;59.788
2023-08-22;79.241;8;79.241
2023-08-23;28.71;8;28.71
2023-08-24;22.667;8;22.667
2023-08-25;18.429;8;18.429
2023-08-26;16.19;8;16.19
2023-08-27;12.424;8;12.424
2023-08-28;10.829;8;10.829
2023-08-29;10.081;8;10.081
2023-08-30;17.134;8;17.134
2023-08-31;10.162;8;10.162
2023-09-01;8.665;9;8.665
2023-09-02;11.946;9;11.946
2023-09-03;21.822;9;21.822
2023-09-04;17.058;9;17.058
2023-09-05;10.87;9;10.87
2023-09-06;9.276;9;9.276
2023-09-07;8.539;9;8.539
2023-09-08;12.909;9;12.909
2023-09-09;9.105;9;9.105
2023-09-10;7.445;9;7.445
2023-09-11;12.167;9;12.167
2023-09-12;10.804;9;10.804
2023-09-13;7.551;9;7.551
2023-09-14;12.322;9;12.322
2023-09-15;9.528;9;9.528
2023-09-16;7.302;9;7.302
2023-09-17;11.117;9;11.117
2023-09-18;7.538;9;7.538
2023-09-19;6.496;9;6.496
2023-09-20;6.062;9;6.062
2023-09-21;5.807;9;5.807
2023-09-22;15.618;9;15.618
2023-09-23;28.329;9;28.329
2023-09-24;12.88;9;12.88
2023-09-25;9.17;9;9.17
2023-09-26;7.281;9;7.281
2023-09-27;16.912;9;16.912
2023-09-28;10.089;9;10.089
2023-09-29;12.362;9;12.362
2023-09-30;8.413;9;8.413
2023-10-01;17.156;10;17.156
2023-10-02;12.926;10;12.926
2023-10-03;23.566;10;23.566
2023-10-04;18.038;10;18.038
2023-10-05;17.645;10;17.645
2023-10-06;24.397;10;24.397
2023-10-07;26.196;10;26.196
2023-10-08;20.04;10;20.04
2023-10-09;16.189;10;16.189
2023-10-10;30.298;10;30.298
2023-10-11;17.857;10;17.857
2023-10-12;15.077;10;15.077
2023-10-13;17.685;10;17.685
2023-10-14;31.531;10;31.531
2023-10-15;16.876;10;16.876
2023-10-16;18.593;10;18.593
2023-10-17;18.388;10;18.388
2023-10-18;17.326;10;17.326
2023-10-19;13.336;10;13.336
2023-10-20;9.756;10;9.756
2023-10-21;10.854;10;10.854
2023-10-22;18.086;10;18.086
2023-10-23;29.536;10;29.536
2023-10-24;38.982;10;38.982
2023-10-25;53.301;10;53.301
2023-10-26;74.855;10;74.855
2023-10-27;56.046;10;56.046
2023-10-28;79.357;10;79.357
2023-10-29;116.102;10;116.102
2023-10-30;61.21;10;61.21
2023-10-31;76.069;10;76.069
2023-11-01;39.082;11;39.082
2023-11-02;35.292;11;35.292
2023-11-03;38.091;11;38.091
2023-11-04;40.254;11;40.254
2023-11-05;53.629;11;53.629
2023-11-06;87.894;11;87.894
2023-11-07;107.322;11;107.322
2023-11-08;70.237;11;70.237
2023-11-09;63.448;11;63.448
2023-11-10;59.446;11;59.446
2023-11-11;45.075;11;45.075
2023-11-12;42.163;11;42.163
2023-11-13;42.732;11;42.732
2023-11-14;62.487;11;62.487
2023-11-15;72.245;11;72.245
2023-11-16;43.234;11;43.234
2023-11-17;28.831;11;28.831
2023-11-18;24.643;11;24.643
2023-11-19;24.743;11;24.743
2023-11-20;29.595;11;29.595
2023-11-21;19.002;11;19.002
2023-11-22;16.222;11;16.222
2023-11-23;14.816;11;14.816
2023-11-24;16.683;11;16.683
2023-11-25;23.825;11;23.825
2023-11-26;15.8;11;15.8
2023-11-27;11.171;11;11.171
2023-11-28;11.562;11;11.562
2023-11-29;10.146;11;10.146
2023-11-30;8.633;11;8.633
2023-12-01;7.852;12;7.852
2023-12-02;7.754;12;7.754
2023-12-03;7.031;12;7.031
2023-12-04;6.417;12;6.417
2023-12-05;5.93;12;5.93
2023-12-06;4.97;12;4.97
2023-12-07;5.146;12;5.146
2023-12-08;7.548;12;7.548
2023-12-09;6.627;12;6.627
2023-12-10;6.575;12;6.575
2023-12-11;6.18;12;6.18
2023-12-12;5.759;12;5.759
2023-12-13;5.338;12;5.338
2023-12-14;4.917;12;4.917
2023-12-15;4.496;12;4.496
2023-12-16;4.154;12;4.154
2023-12-17;4.364;12;4.364
2023-12-18;3.365;12;3.365
2023-12-19;4.601;12;4.601
2023-12-20;6.733;12;6.733
2023-12-21;4.601;12;4.601
2023-12-22;3.97;12;3.97
2023-12-23;5.009;12;5.009
2023-12-24;4.594;12;4.594
2023-12-25;12.461;12;12.461
2023-12-26;22.861;12;22.861
2023-12-27;14.899;12;14.899
2023-12-28;13.734;12;13.734
2023-12-29;8.779;12;8.779
2023-12-30;7.093;12;7.093
2023-12-31;6.61;12;6.61
2024-01-01;6.18;1;6.18
2024-01-02;5.75;1;5.75
2024-01-03;5.312;1;5.312
2024-01-04;4.522;1;4.522
2024-01-05;4.075;1;4.075
2024-01-06;3.47;1;3.47
2024-01-07;3.233;1;3.233
2024-01-08;3.207;1;3.207
2024-01-09;2.838;1;2.838
2024-01-10;2.812;1;2.812
2024-01-11;2.806;1;2.806
2024-01-12;2.715;1;2.715
2024-01-13;2.623;1;2.623
2024-01-14;2.617;1;2.617
2024-01-15;2.611;1;2.611
2024-01-16;2.52;1;2.52
2024-01-17;2.428;1;2.428
2024-01-18;2.422;1;2.422
2024-01-19;2.416;1;2.416
2024-01-20;2.331;1;2.331
2024-01-21;2.325;1;2.325
2024-01-22;2.319;1;2.319
2024-01-23;2.234;1;2.234
2024-01-24;2.228;1;2.228
2024-01-25;2.222;1;2.222
2024-01-26;2.136;1;2.136
2024-01-27;2.13;1;2.13
2024-01-28;2.13;1;2.13
2024-01-29;2.124;1;2.124
2024-01-30;2.039;1;2.039
2024-01-31;2.027;1;2.027
2024-02-01;1.941;2;1.941
2024-02-02;2.003;2;2.003
2024-02-03;2.849;2;2.849
2024-02-04;2.8;2;2.8
2024-02-05;2.623;2;2.623
2024-02-06;2.57;2;2.57
2024-02-07;2.954;2;2.954
2024-02-08;2.441;2;2.441
2024-02-09;2.313;2;2.313
2024-02-10;2.051;2;2.051
2024-02-11;2.027;2;2.027
2024-02-12;1.941;2;1.941
2024-02-13;1.917;2;1.917
2024-02-14;1.661;2;1.661
2024-02-15;1.637;2;1.637
2024-02-16;1.552;2;1.552
2024-02-17;1.54;2;1.54
2024-02-18;1.454;2;1.454
2024-02-19;1.442;2;1.442
2024-02-20;1.357;2;1.357
2024-02-21;1.394;2;1.394
2024-02-22;1.99;2;1.99
2024-02-23;2.027;2;2.027
2024-02-24;1.941;2;1.941
2024-02-25;1.917;2;1.917
2024-02-26;1.649;2;1.649
2024-02-27;1.448;2;1.448
2024-02-28;1.266;2;1.266
2024-02-29;1.241;2;1.241
2024-03-01;1.077;3;1.077
2024-03-02;1.15;3;1.15
2024-03-03;1.162;3;1.162
2024-03-04;1.26;3;1.26
2024-03-05;1.448;3;1.448
2024-03-06;1.637;3;1.637
2024-03-07;1.741;3;1.741
2024-03-08;3.254;3;3.254
2024-03-09;7.56;3;7.56
2024-03-10;3.268;3;3.268
2024-03-11;2.355;3;2.355
2024-03-12;2.319;3;2.319
2024-03-13;2.209;3;2.209
2024-03-14;1.838;3;1.838
2024-03-15;1.473;3;1.473
2024-03-16;1.454;3;1.454
2024-03-17;1.528;3;1.528
2024-03-18;1.635;3;1.635
2024-03-19;2.785;3;2.785
2024-03-20;1.765;3;1.765
2024-03-21;1.643;3;1.643
2024-03-22;1.546;3;1.546
2024-03-23;1.454;3;1.454
2024-03-24;1.436;3;1.436
2024-03-25;1.266;3;1.266
2024-03-26;1.241;3;1.241
2024-03-27;1.071;3;1.071
2024-03-28;1.057;3;1.057
2024-03-29;1.01;3;1.01
2024-03-30;0.963;3;0.963
2024-03-31;1.438;3;1.438
2024-04-01;7.274;4;7.274
2024-04-02;10.448;4;10.448
2024-04-03;23.401;4;23.401
2024-04-04;24.234;4;24.234
2024-04-05;19.124;4;19.124
2024-04-06;19.042;4;19.042
2024-04-07;14.939;4;14.939
2024-04-08;7.196;4;7.196
2024-04-09;5.075;4;5.075
2024-04-10;3.917;4;3.917
2024-04-11;3.641;4;3.641
2024-04-12;3.037;4;3.037
2024-04-13;3.214;4;3.214
2024-04-14;4.286;4;4.286
2024-04-15;3.161;4;3.161
2024-04-16;2.702;4;2.702
2024-04-17;2.441;4;2.441
2024-04-18;3.531;4;3.531
2024-04-19;11.233;4;11.233
2024-04-20;25.027;4;25.027
2024-04-21;37.883;4;37.883
2024-04-22;36.31;4;36.31
2024-04-23;40.509;4;40.509
2024-04-24;45.789;4;45.789
2024-04-25;54.72;4;54.72
2024-04-26;90.081;4;90.081
2024-04-27;102.045;4;102.045
2024-04-28;80.628;4;80.628
2024-04-29;46.207;4;46.207
2024-04-30;34.656;4;34.656
2024-05-01;35.801;5;35.801
2024-05-02;32.875;5;32.875
2024-05-03;29.058;5;29.058
2024-05-04;51.711;5;51.711
2024-05-05;74.949;5;74.949
2024-05-06;65.68;5;65.68
2024-05-07;83.957;5;83.957
2024-05-08;113.677;5;113.677
2024-05-09;113.425;5;113.425
2024-05-10;109.949;5;109.949
2024-05-11;70.783;5;70.783
2024-05-12;57.358;5;57.358
2024-05-13;46.288;5;46.288
2024-05-14;36.819;5;36.819
2024-05-15;38.537;5;38.537
2024-05-16;34.529;5;34.529
2024-05-17;40.573;5;40.573
2024-05-18;37.18;5;37.18
2024-05-19;62.812;5;62.812
2024-05-20;52.8;5;52.8
2024-05-21;32.212;5;32.212
2024-05-22;22.517;5;22.517
2024-05-23;20.228;5;20.228
2024-05-24;27.504;5;27.504
2024-05-25;25.46;5;25.46
2024-05-26;26.987;5;26.987
2024-05-27;38.466;5;38.466
2024-05-28;54.821;5;54.821
2024-05-29;67.383;5;67.383
2024-05-30;50.431;5;50.431
2024-05-31;39.364;5;39.364
2024-06-01;32.92;6;32.92
2024-06-02;27.214;6;27.214
2024-06-03;29.322;6;29.322
2024-06-04;23.907;6;23.907
2024-06-05;20.064;6;20.064
2024-06-06;17.53;6;17.53
2024-06-07;16.14;6;16.14
2024-06-08;15.077;6;15.077
2024-06-09;16.631;6;16.631
2024-06-10;15.486;6;15.486
2024-06-11;14.393;6;14.393
2024-06-12;17.143;6;17.143
2024-06-13;35.611;6;35.611
2024-06-14;62.348;6;62.348
2024-06-15;112.556;6;112.556
2024-06-16;99.364;6;99.364
2024-06-17;103.035;6;103.035
2024-06-18;87.305;6;87.305
2024-06-19;177.937;6;177.937
2024-06-20;151.643;6;151.643
2024-06-21;103.621;6;103.621
2024-06-22;71.703;6;71.703
2024-06-23;77.268;6;77.268
2024-06-24;58.74;6;58.74
2024-06-25;103.983;6;103.983
2024-06-26;93.782;6;93.782
2024-06-27;62.929;6;62.929
2024-06-28;70.662;6;70.662
2024-06-29;59.386;6;59.386
2024-06-30;78.767;6;78.767
2024-07-01;72.067;7;72.067
2024-07-02;67.008;7;67.008
2024-07-03;72.651;7;72.651
2024-07-04;80.09;7;80.09
2024-07-05;66.446;7;66.446
2024-07-06;57.264;7;57.264
2024-07-07;47.854;7;47.854
2024-07-08;40.382;7;40.382
2024-07-09;37.71;7;37.71
2024-07-10;28.495;7;28.495
2024-07-11;23.989;7;23.989
2024-07-12;21.373;7;21.373
2024-07-13;17.53;7;17.53
2024-07-14;14.865;7;14.865
2024-07-15;14.051;7;14.051
2024-07-16;13.27;7;13.27
2024-07-17;12.489;7;12.489
2024-07-18;11.708;7;11.708
2024-07-19;10.927;7;10.927
2024-07-20;10.146;7;10.146
2024-07-21;9.365;7;9.365
2024-07-22;8.584;7;8.584
2024-07-23;7.852;7;7.852
2024-07-24;7.754;7;7.754
2024-07-25;7.071;7;7.071
2024-07-26;7.217;7;7.217
2024-07-27;9.707;7;9.707
2024-07-28;11.122;7;11.122
2024-07-29;10.048;7;10.048
2024-07-30;7.874;7;7.874
2024-07-31;6.624;7;6.624
2024-08-01;5.785;8;5.785
2024-08-02;6.058;8;6.058
2024-08-03;10.224;8;10.224
2024-08-04;9.56;8;9.56
2024-08-05;8.673;8;8.673
2024-08-06;9.072;8;9.072
2024-08-07;10.683;8;10.683
2024-08-08;9.365;8;9.365
2024-08-09;9.121;8;9.121
2024-08-10;10.439;8;10.439
2024-08-11;9.316;8;9.316
2024-08-12;7.458;8;7.458
2024-08-13;6.206;8;6.206
2024-08-14;5.759;8;5.759
2024-08-15;5.338;8;5.338
2024-08-16;4.943;8;4.943
2024-08-17;4.891;8;4.891
2024-08-18;4.522;8;4.522
2024-08-19;4.47;8;4.47
2024-08-20;4.101;8;4.101
2024-08-21;4.59;8;4.59
2024-08-22;9.598;8;9.598
2024-08-23;11.464;8;11.464
2024-08-24;8.265;8;8.265
2024-08-25;6.575;8;6.575
2024-08-26;5.759;8;5.759
2024-08-27;4.996;8;4.996
2024-08-28;5.285;8;5.285
2024-08-29;4.93;8;4.93
2024-08-30;4.707;8;4.707
2024-08-31;4.514;8;4.514
