YYYY-MM-DD;Value;month;Value_imputed
1978-01-01;699.0;1;699.0
1978-01-02;627.0;1;627.0
1978-01-03;709.0;1;709.0
1978-01-04;657.0;1;657.0
1978-01-05;575.0;1;575.0
1978-01-06;575.0;1;575.0
1978-01-07;525.0;1;525.0
1978-01-08;488.0;1;488.0
1978-01-09;459.0;1;459.0
1978-01-10;570.0;1;570.0
1978-01-11;651.0;1;651.0
1978-01-12;634.0;1;634.0
1978-01-13;616.0;1;616.0
1978-01-14;618.0;1;618.0
1978-01-15;506.0;1;506.0
1978-01-16;484.0;1;484.0
1978-01-17;471.0;1;471.0
1978-01-18;409.0;1;409.0
1978-01-19;424.0;1;424.0
1978-01-20;425.0;1;425.0
1978-01-21;394.0;1;394.0
1978-01-22;374.0;1;374.0
1978-01-23;371.0;1;371.0
1978-01-24;371.0;1;371.0
1978-01-25;363.0;1;363.0
1978-01-26;364.0;1;364.0
1978-01-27;385.0;1;385.0
1978-01-28;425.0;1;425.0
1978-01-29;434.0;1;434.0
1978-01-30;499.0;1;499.0
1978-01-31;562.0;1;562.0
1978-02-01;716.0;2;716.0
1978-02-02;791.0;2;791.0
1978-02-03;763.0;2;763.0
1978-02-04;679.0;2;679.0
1978-02-05;558.0;2;558.0
1978-02-06;455.0;2;455.0
1978-02-07;504.0;2;504.0
1978-02-08;499.0;2;499.0
1978-02-09;579.0;2;579.0
1978-02-10;629.0;2;629.0
1978-02-11;575.0;2;575.0
1978-02-12;469.0;2;469.0
1978-02-13;400.0;2;400.0
1978-02-14;388.0;2;388.0
1978-02-15;410.0;2;410.0
1978-02-16;419.0;2;419.0
1978-02-17;388.0;2;388.0
1978-02-18;413.0;2;413.0
1978-02-19;444.0;2;444.0
1978-02-20;467.0;2;467.0
1978-02-21;373.0;2;373.0
1978-02-22;384.0;2;384.0
1978-02-23;364.0;2;364.0
1978-02-24;430.0;2;430.0
1978-02-25;444.0;2;444.0
1978-02-26;660.0;2;660.0
1978-02-27;388.0;2;388.0
1978-02-28;580.0;2;580.0
1978-03-01;381.0;3;381.0
1978-03-02;791.0;3;791.0
1978-03-03;566.0;3;566.0
1978-03-04;582.0;3;582.0
1978-03-05;456.0;3;456.0
1978-03-06;525.0;3;525.0
1978-03-07;461.0;3;461.0
1978-03-08;554.0;3;554.0
1978-03-09;651.0;3;651.0
1978-03-10;625.0;3;625.0
1978-03-11;699.0;3;699.0
1978-03-12;718.0;3;718.0
1978-03-13;499.0;3;499.0
1978-03-14;475.0;3;475.0
1978-03-15;341.0;3;341.0
1978-03-16;350.0;3;350.0
1978-03-17;346.0;3;346.0
1978-03-18;360.0;3;360.0
1978-03-19;448.0;3;448.0
1978-03-20;454.0;3;454.0
1978-03-21;509.0;3;509.0
1978-03-22;433.0;3;433.0
1978-03-23;463.0;3;463.0
1978-03-24;600.0;3;600.0
1978-03-25;591.0;3;591.0
1978-03-26;735.0;3;735.0
1978-03-27;644.0;3;644.0
1978-03-28;878.0;3;878.0
1978-03-29;1229.0;3;1229.0
1978-03-30;1560.0;3;1560.0
1978-03-31;1506.0;3;1506.0
1978-04-01;1907.0;4;1907.0
1978-04-02;2042.0;4;2042.0
1978-04-03;2099.0;4;2099.0
1978-04-04;1956.0;4;1956.0
1978-04-05;2002.0;4;2002.0
1978-04-06;1582.0;4;1582.0
1978-04-07;1647.0;4;1647.0
1978-04-08;1520.0;4;1520.0
1978-04-09;2278.0;4;2278.0
1978-04-10;2002.0;4;2002.0
1978-04-11;2139.0;4;2139.0
1978-04-12;1948.0;4;1948.0
1978-04-13;2153.0;4;2153.0
1978-04-14;1988.0;4;1988.0
1978-04-15;1961.0;4;1961.0
1978-04-16;2074.0;4;2074.0
1978-04-17;2015.0;4;2015.0
1978-04-18;2346.0;4;2346.0
1978-04-19;2771.0;4;2771.0
1978-04-20;2278.0;4;2278.0
1978-04-21;2816.0;4;2816.0
1978-04-22;2107.0;4;2107.0
1978-04-23;2489.0;4;2489.0
1978-04-24;1977.0;4;1977.0
1978-04-25;2095.0;4;2095.0
1978-04-26;2069.0;4;2069.0
1978-04-27;2101.0;4;2101.0
1978-04-28;1344.0;4;1344.0
1978-04-29;1359.0;4;1359.0
1978-04-30;1240.0;4;1240.0
1978-05-01;1100.0;5;1100.0
1978-05-02;894.0;5;894.0
1978-05-03;888.0;5;888.0
1978-05-04;850.0;5;850.0
1978-05-05;2259.0;5;2259.0
1978-05-06;1456.0;5;1456.0
1978-05-07;2140.0;5;2140.0
1978-05-08;1771.0;5;1771.0
1978-05-09;1444.0;5;1444.0
1978-05-10;878.0;5;878.0
1978-05-11;807.0;5;807.0
1978-05-12;838.0;5;838.0
1978-05-13;850.0;5;850.0
1978-05-14;797.0;5;797.0
1978-05-15;756.0;5;756.0
1978-05-16;769.0;5;769.0
1978-05-17;736.0;5;736.0
1978-05-18;777.0;5;777.0
1978-05-19;878.0;5;878.0
1978-05-20;716.0;5;716.0
1978-05-21;837.0;5;837.0
1978-05-22;698.0;5;698.0
1978-05-23;680.0;5;680.0
1978-05-24;676.0;5;676.0
1978-05-25;798.0;5;798.0
1978-05-26;1376.0;5;1376.0
1978-05-27;2096.0;5;2096.0
1978-05-28;2400.0;5;2400.0
1978-05-29;2537.0;5;2537.0
1978-05-30;2167.0;5;2167.0
1978-05-31;2069.0;5;2069.0
1978-06-01;2338.0;6;2338.0
1978-06-02;2362.0;6;2362.0
1978-06-03;2420.0;6;2420.0
1978-06-04;1988.0;6;1988.0
1978-06-05;888.0;6;888.0
1978-06-06;858.0;6;858.0
1978-06-07;807.0;6;807.0
1978-06-08;872.0;6;872.0
1978-06-09;797.0;6;797.0
1978-06-10;1116.0;6;1116.0
1978-06-11;863.0;6;863.0
1978-06-12;842.0;6;842.0
1978-06-13;877.0;6;877.0
1978-06-14;861.0;6;861.0
1978-06-15;885.0;6;885.0
1978-06-16;1131.0;6;1131.0
1978-06-17;1170.0;6;1170.0
1978-06-18;1146.0;6;1146.0
1978-06-19;953.0;6;953.0
1978-06-20;926.0;6;926.0
1978-06-21;938.0;6;938.0
1978-06-22;1244.0;6;1244.0
1978-06-23;1216.0;6;1216.0
1978-06-24;1039.0;6;1039.0
1978-06-25;1250.0;6;1250.0
1978-06-26;878.0;6;878.0
1978-06-27;858.0;6;858.0
1978-06-28;817.0;6;817.0
1978-06-29;817.0;6;817.0
1978-06-30;658.0;6;658.0
1978-07-01;756.0;7;756.0
1978-07-02;868.0;7;868.0
1978-07-03;797.0;7;797.0
1978-07-04;868.0;7;868.0
1978-07-05;777.0;7;777.0
1978-07-06;878.0;7;878.0
1978-07-07;848.0;7;848.0
1978-07-08;846.0;7;846.0
1978-07-09;1133.0;7;1133.0
1978-07-10;1192.0;7;1192.0
1978-07-11;1026.0;7;1026.0
1978-07-12;1081.0;7;1081.0
1978-07-13;999.0;7;999.0
1978-07-14;927.0;7;927.0
1978-07-15;1156.0;7;1156.0
1978-07-16;1036.0;7;1036.0
1978-07-17;862.0;7;862.0
1978-07-18;872.0;7;872.0
1978-07-19;858.0;7;858.0
1978-07-20;854.0;7;854.0
1978-07-21;748.0;7;748.0
1978-07-22;737.0;7;737.0
1978-07-23;698.0;7;698.0
1978-07-24;608.0;7;608.0
1978-07-25;567.0;7;567.0
1978-07-26;551.0;7;551.0
1978-07-27;541.0;7;541.0
1978-07-28;535.0;7;535.0
1978-07-29;549.0;7;549.0
1978-07-30;673.0;7;673.0
1978-07-31;625.0;7;625.0
1978-08-01;636.0;8;636.0
1978-08-02;817.0;8;817.0
1978-08-03;856.0;8;856.0
1978-08-04;837.0;8;837.0
1978-08-05;860.0;8;860.0
1978-08-06;837.0;8;837.0
1978-08-07;759.0;8;759.0
1978-08-08;789.0;8;789.0
1978-08-09;807.0;8;807.0
1978-08-10;888.0;8;888.0
1978-08-11;888.0;8;888.0
1978-08-12;868.0;8;868.0
1978-08-13;801.0;8;801.0
1978-08-14;797.0;8;797.0
1978-08-15;1075.0;8;1075.0
1978-08-16;2056.0;8;2056.0
1978-08-17;1961.0;8;1961.0
1978-08-18;848.0;8;848.0
1978-08-19;661.0;8;661.0
1978-08-20;558.0;8;558.0
1978-08-21;643.0;8;643.0
1978-08-22;688.0;8;688.0
1978-08-23;616.0;8;616.0
1978-08-24;591.0;8;591.0
1978-08-25;625.0;8;625.0
1978-08-26;585.0;8;585.0
1978-08-27;595.0;8;595.0
1978-08-28;584.0;8;584.0
1978-08-29;566.0;8;566.0
1978-08-30;506.0;8;506.0
1978-08-31;558.0;8;558.0
1978-09-01;593.0;9;593.0
1978-09-02;643.0;9;643.0
1978-09-03;582.0;9;582.0
1978-09-04;612.0;9;612.0
1978-09-05;728.0;9;728.0
1978-09-06;694.0;9;694.0
1978-09-07;713.0;9;713.0
1978-09-08;561.0;9;561.0
1978-09-09;644.0;9;644.0
1978-09-10;766.0;9;766.0
1978-09-11;878.0;9;878.0
1978-09-12;817.0;9;817.0
1978-09-13;807.0;9;807.0
1978-09-14;716.0;9;716.0
1978-09-15;679.0;9;679.0
1978-09-16;680.0;9;680.0
1978-09-17;777.0;9;777.0
1978-09-18;616.0;9;616.0
1978-09-19;679.0;9;679.0
1978-09-20;797.0;9;797.0
1978-09-21;669.0;9;669.0
1978-09-22;577.0;9;577.0
1978-09-23;611.0;9;611.0
1978-09-24;722.0;9;722.0
1978-09-25;898.0;9;898.0
1978-09-26;758.0;9;758.0
1978-09-27;809.0;9;809.0
1978-09-28;1175.0;9;1175.0
1978-09-29;1258.0;9;1258.0
1978-09-30;888.0;9;888.0
1978-10-01;929.0;10;929.0
1978-10-02;1218.0;10;1218.0
1978-10-03;997.0;10;997.0
1978-10-04;945.0;10;945.0
1978-10-05;888.0;10;888.0
1978-10-06;817.0;10;817.0
1978-10-07;651.0;10;651.0
1978-10-08;788.0;10;788.0
1978-10-09;878.0;10;878.0
1978-10-10;757.0;10;757.0
1978-10-11;805.0;10;805.0
1978-10-12;823.0;10;823.0
1978-10-13;716.0;10;716.0
1978-10-14;733.0;10;733.0
1978-10-15;830.0;10;830.0
1978-10-16;826.0;10;826.0
1978-10-17;858.0;10;858.0
1978-10-18;886.0;10;886.0
1978-10-19;967.0;10;967.0
1978-10-20;1073.0;10;1073.0
1978-10-21;993.0;10;993.0
1978-10-22;1362.0;10;1362.0
1978-10-23;1071.0;10;1071.0
1978-10-24;1328.0;10;1328.0
1978-10-25;995.0;10;995.0
1978-10-26;858.0;10;858.0
1978-10-27;828.0;10;828.0
1978-10-28;829.0;10;829.0
1978-10-29;809.0;10;809.0
1978-10-30;858.0;10;858.0
1978-10-31;838.0;10;838.0
1978-11-01;878.0;11;878.0
1978-11-02;805.0;11;805.0
1978-11-03;802.0;11;802.0
1978-11-04;782.0;11;782.0
1978-11-05;756.0;11;756.0
1978-11-06;636.0;11;636.0
1978-11-07;888.0;11;888.0
1978-11-08;1024.0;11;1024.0
1978-11-09;866.0;11;866.0
1978-11-10;1078.0;11;1078.0
1978-11-11;1103.0;11;1103.0
1978-11-12;1104.0;11;1104.0
1978-11-13;1493.0;11;1493.0
1978-11-14;1089.0;11;1089.0
1978-11-15;1045.0;11;1045.0
1978-11-16;1091.0;11;1091.0
1978-11-17;937.0;11;937.0
1978-11-18;1092.0;11;1092.0
1978-11-19;960.0;11;960.0
1978-11-20;897.0;11;897.0
1978-11-21;951.0;11;951.0
1978-11-22;1048.0;11;1048.0
1978-11-23;817.0;11;817.0
1978-11-24;977.0;11;977.0
1978-11-25;878.0;11;878.0
1978-11-26;968.0;11;968.0
1978-11-27;927.0;11;927.0
1978-11-28;858.0;11;858.0
1978-11-29;756.0;11;756.0
1978-11-30;625.0;11;625.0
1978-12-01;634.0;12;634.0
1978-12-02;828.0;12;828.0
1978-12-03;937.0;12;937.0
1978-12-04;1155.0;12;1155.0
1978-12-05;1640.0;12;1640.0
1978-12-06;1068.0;12;1068.0
1978-12-07;1022.0;12;1022.0
1978-12-08;1036.0;12;1036.0
1978-12-09;898.0;12;898.0
1978-12-10;1163.0;12;1163.0
1978-12-11;1764.0;12;1764.0
1978-12-12;1451.0;12;1451.0
1978-12-13;1246.0;12;1246.0
1978-12-14;1939.0;12;1939.0
1978-12-15;1390.0;12;1390.0
1978-12-16;1206.0;12;1206.0
1978-12-17;1181.0;12;1181.0
1978-12-18;998.0;12;998.0
1978-12-19;1154.0;12;1154.0
1978-12-20;983.0;12;983.0
1978-12-21;1288.0;12;1288.0
1978-12-22;1008.0;12;1008.0
1978-12-23;898.0;12;898.0
1978-12-24;870.0;12;870.0
1978-12-25;877.0;12;877.0
1978-12-26;860.0;12;860.0
1978-12-27;679.0;12;679.0
1978-12-28;687.0;12;687.0
1978-12-29;639.0;12;639.0
1978-12-30;567.0;12;567.0
1978-12-31;611.0;12;611.0
1979-01-01;549.0;1;549.0
1979-01-02;491.0;1;491.0
1979-01-03;523.0;1;523.0
1979-01-04;539.0;1;539.0
1979-01-05;482.0;1;482.0
1979-01-06;881.0;1;881.0
1979-01-07;644.0;1;644.0
1979-01-08;559.0;1;559.0
1979-01-09;554.0;1;554.0
1979-01-10;666.0;1;666.0
1979-01-11;646.0;1;646.0
1979-01-12;604.0;1;604.0
1979-01-13;551.0;1;551.0
1979-01-14;526.0;1;526.0
1979-01-15;486.0;1;486.0
1979-01-16;445.0;1;445.0
1979-01-17;449.0;1;449.0
1979-01-18;415.0;1;415.0
1979-01-19;405.0;1;405.0
1979-01-20;393.0;1;393.0
1979-01-21;388.0;1;388.0
1979-01-22;383.0;1;383.0
1979-01-23;568.0;1;568.0
1979-01-24;428.0;1;428.0
1979-01-25;469.0;1;469.0
1979-01-26;480.0;1;480.0
1979-01-27;475.0;1;475.0
1979-01-28;546.0;1;546.0
1979-01-29;692.0;1;692.0
1979-01-30;1205.0;1;1205.0
1979-01-31;850.0;1;850.0
1979-02-01;730.0;2;730.0
1979-02-02;633.0;2;633.0
1979-02-03;548.0;2;548.0
1979-02-04;491.0;2;491.0
1979-02-05;428.0;2;428.0
1979-02-06;420.0;2;420.0
1979-02-07;403.0;2;403.0
1979-02-08;383.0;2;383.0
1979-02-09;379.0;2;379.0
1979-02-10;373.0;2;373.0
1979-02-11;363.0;2;363.0
1979-02-12;483.0;2;483.0
1979-02-13;476.0;2;476.0
1979-02-14;366.0;2;366.0
1979-02-15;439.0;2;439.0
1979-02-16;418.0;2;418.0
1979-02-17;485.0;2;485.0
1979-02-18;438.0;2;438.0
1979-02-19;433.0;2;433.0
1979-02-20;442.0;2;442.0
1979-02-21;388.0;2;388.0
1979-02-22;375.0;2;375.0
1979-02-23;536.0;2;536.0
1979-02-24;379.0;2;379.0
1979-02-25;509.0;2;509.0
1979-02-26;484.0;2;484.0
1979-02-27;753.0;2;753.0
1979-02-28;565.0;2;565.0
1979-03-01;707.0;3;707.0
1979-03-02;643.0;3;643.0
1979-03-03;989.0;3;989.0
1979-03-04;891.0;3;891.0
1979-03-05;713.0;3;713.0
1979-03-06;888.0;3;888.0
1979-03-07;1457.0;3;1457.0
1979-03-08;1692.0;3;1692.0
1979-03-09;1657.0;3;1657.0
1979-03-10;1365.0;3;1365.0
1979-03-11;1047.0;3;1047.0
1979-03-12;882.0;3;882.0
1979-03-13;865.0;3;865.0
1979-03-14;758.0;3;758.0
1979-03-15;758.0;3;758.0
1979-03-16;743.0;3;743.0
1979-03-17;898.0;3;898.0
1979-03-18;870.0;3;870.0
1979-03-19;1353.0;3;1353.0
1979-03-20;1571.0;3;1571.0
1979-03-21;1419.0;3;1419.0
1979-03-22;1137.0;3;1137.0
1979-03-23;1257.0;3;1257.0
1979-03-24;1137.0;3;1137.0
1979-03-25;1907.0;3;1907.0
1979-03-26;1634.0;3;1634.0
1979-03-27;1179.0;3;1179.0
1979-03-28;1146.0;3;1146.0
1979-03-29;993.0;3;993.0
1979-03-30;1020.0;3;1020.0
1979-03-31;837.0;3;837.0
1979-04-01;717.0;4;717.0
1979-04-02;639.0;4;639.0
1979-04-03;794.0;4;794.0
1979-04-04;782.0;4;782.0
1979-04-05;954.0;4;954.0
1979-04-06;1035.0;4;1035.0
1979-04-07;917.0;4;917.0
1979-04-08;932.0;4;932.0
1979-04-09;797.0;4;797.0
1979-04-10;772.0;4;772.0
1979-04-11;829.0;4;829.0
1979-04-12;907.0;4;907.0
1979-04-13;1251.0;4;1251.0
1979-04-14;1224.0;4;1224.0
1979-04-15;1292.0;4;1292.0
1979-04-16;1351.0;4;1351.0
1979-04-17;1288.0;4;1288.0
1979-04-18;1133.0;4;1133.0
1979-04-19;856.0;4;856.0
1979-04-20;1205.0;4;1205.0
1979-04-21;1204.0;4;1204.0
1979-04-22;1274.0;4;1274.0
1979-04-23;2078.0;4;2078.0
1979-04-24;2357.0;4;2357.0
1979-04-25;2203.0;4;2203.0
1979-04-26;1916.0;4;1916.0
1979-04-27;1609.0;4;1609.0
1979-04-28;2780.0;4;2780.0
1979-04-29;3811.0;4;3811.0
1979-04-30;2451.0;4;2451.0
1979-05-01;2069.0;5;2069.0
1979-05-02;1881.0;5;1881.0
1979-05-03;1747.0;5;1747.0
1979-05-04;1478.0;5;1478.0
1979-05-05;1622.0;5;1622.0
1979-05-06;1308.0;5;1308.0
1979-05-07;1087.0;5;1087.0
1979-05-08;1019.0;5;1019.0
1979-05-09;991.0;5;991.0
1979-05-10;1054.0;5;1054.0
1979-05-11;872.0;5;872.0
1979-05-12;820.0;5;820.0
1979-05-13;897.0;5;897.0
1979-05-14;1029.0;5;1029.0
1979-05-15;1109.0;5;1109.0
1979-05-16;1474.0;5;1474.0
1979-05-17;1812.0;5;1812.0
1979-05-18;2059.0;5;2059.0
1979-05-19;1765.0;5;1765.0
1979-05-20;1957.0;5;1957.0
1979-05-21;1913.0;5;1913.0
1979-05-22;3222.0;5;3222.0
1979-05-23;2615.0;5;2615.0
1979-05-24;2646.0;5;2646.0
1979-05-25;1882.0;5;1882.0
1979-05-26;1358.0;5;1358.0
1979-05-27;1100.0;5;1100.0
1979-05-28;1377.0;5;1377.0
1979-05-29;1478.0;5;1478.0
1979-05-30;1468.0;5;1468.0
1979-05-31;1569.0;5;1569.0
1979-06-01;1519.0;6;1519.0
1979-06-02;1585.0;6;1585.0
1979-06-03;2107.0;6;2107.0
1979-06-04;1511.0;6;1511.0
1979-06-05;1251.0;6;1251.0
1979-06-06;1569.0;6;1569.0
1979-06-07;2421.0;6;2421.0
1979-06-08;2072.0;6;2072.0
1979-06-09;2203.0;6;2203.0
1979-06-10;2065.0;6;2065.0
1979-06-11;1560.0;6;1560.0
1979-06-12;1242.0;6;1242.0
1979-06-13;1240.0;6;1240.0
1979-06-14;1247.0;6;1247.0
1979-06-15;1386.0;6;1386.0
1979-06-16;1570.0;6;1570.0
1979-06-17;1790.0;6;1790.0
1979-06-18;1408.0;6;1408.0
1979-06-19;1251.0;6;1251.0
1979-06-20;1151.0;6;1151.0
1979-06-21;1045.0;6;1045.0
1979-06-22;1124.0;6;1124.0
1979-06-23;1306.0;6;1306.0
1979-06-24;1242.0;6;1242.0
1979-06-25;1055.0;6;1055.0
1979-06-26;1192.0;6;1192.0
1979-06-27;1656.0;6;1656.0
1979-06-28;1726.0;6;1726.0
1979-06-29;1533.0;6;1533.0
1979-06-30;1666.0;6;1666.0
1979-07-01;1085.0;7;1085.0
1979-07-02;848.0;7;848.0
1979-07-03;785.0;7;785.0
1979-07-04;745.0;7;745.0
1979-07-05;840.0;7;840.0
1979-07-06;976.0;7;976.0
1979-07-07;1473.0;7;1473.0
1979-07-08;1870.0;7;1870.0
1979-07-09;1356.0;7;1356.0
1979-07-10;1007.0;7;1007.0
1979-07-11;955.0;7;955.0
1979-07-12;917.0;7;917.0
1979-07-13;917.0;7;917.0
1979-07-14;926.0;7;926.0
1979-07-15;917.0;7;917.0
1979-07-16;1029.0;7;1029.0
1979-07-17;1131.0;7;1131.0
1979-07-18;1288.0;7;1288.0
1979-07-19;1462.0;7;1462.0
1979-07-20;983.0;7;983.0
1979-07-21;797.0;7;797.0
1979-07-22;873.0;7;873.0
1979-07-23;872.0;7;872.0
1979-07-24;740.0;7;740.0
1979-07-25;661.0;7;661.0
1979-07-26;741.0;7;741.0
1979-07-27;872.0;7;872.0
1979-07-28;814.0;7;814.0
1979-07-29;996.0;7;996.0
1979-07-30;762.0;7;762.0
1979-07-31;741.0;7;741.0
1979-08-01;709.0;8;709.0
1979-08-02;729.0;8;729.0
1979-08-03;705.0;8;705.0
1979-08-04;989.0;8;989.0
1979-08-05;1003.0;8;1003.0
1979-08-06;897.0;8;897.0
1979-08-07;809.0;8;809.0
1979-08-08;821.0;8;821.0
1979-08-09;822.0;8;822.0
1979-08-10;813.0;8;813.0
1979-08-11;743.0;8;743.0
1979-08-12;630.0;8;630.0
1979-08-13;625.0;8;625.0
1979-08-14;574.0;8;574.0
1979-08-15;588.0;8;588.0
1979-08-16;584.0;8;584.0
1979-08-17;587.0;8;587.0
1979-08-18;590.0;8;590.0
1979-08-19;611.0;8;611.0
1979-08-20;632.0;8;632.0
1979-08-21;694.0;8;694.0
1979-08-22;834.0;8;834.0
1979-08-23;828.0;8;828.0
1979-08-24;826.0;8;826.0
1979-08-25;937.0;8;937.0
1979-08-26;1142.0;8;1142.0
1979-08-27;1306.0;8;1306.0
1979-08-28;1371.0;8;1371.0
1979-08-29;1599.0;8;1599.0
1979-08-30;1347.0;8;1347.0
1979-08-31;1726.0;8;1726.0
1979-09-01;1622.0;9;1622.0
1979-09-02;1687.0;9;1687.0
1979-09-03;1549.0;9;1549.0
1979-09-04;1240.0;9;1240.0
1979-09-05;1118.0;9;1118.0
1979-09-06;898.0;9;898.0
1979-09-07;838.0;9;838.0
1979-09-08;971.0;9;971.0
1979-09-09;925.0;9;925.0
1979-09-10;998.0;9;998.0
1979-09-11;1040.0;9;1040.0
1979-09-12;985.0;9;985.0
1979-09-13;1026.0;9;1026.0
1979-09-14;984.0;9;984.0
1979-09-15;1010.0;9;1010.0
1979-09-16;1003.0;9;1003.0
1979-09-17;1082.0;9;1082.0
1979-09-18;1017.0;9;1017.0
1979-09-19;1528.0;9;1528.0
1979-09-20;1402.0;9;1402.0
1979-09-21;1190.0;9;1190.0
1979-09-22;1296.0;9;1296.0
1979-09-23;1283.0;9;1283.0
1979-09-24;1082.0;9;1082.0
1979-09-25;1089.0;9;1089.0
1979-09-26;1026.0;9;1026.0
1979-09-27;899.0;9;899.0
1979-09-28;909.0;9;909.0
1979-09-29;807.0;9;807.0
1979-09-30;731.0;9;731.0
1979-10-01;652.0;10;652.0
1979-10-02;650.0;10;650.0
1979-10-03;666.0;10;666.0
1979-10-04;707.0;10;707.0
1979-10-05;718.0;10;718.0
1979-10-06;646.0;10;646.0
1979-10-07;643.0;10;643.0
1979-10-08;629.0;10;629.0
1979-10-09;634.0;10;634.0
1979-10-10;629.0;10;629.0
1979-10-11;647.0;10;647.0
1979-10-12;608.0;10;608.0
1979-10-13;694.0;10;694.0
1979-10-14;754.0;10;754.0
1979-10-15;660.0;10;660.0
1979-10-16;747.0;10;747.0
1979-10-17;1259.0;10;1259.0
1979-10-18;1909.0;10;1909.0
1979-10-19;1604.0;10;1604.0
1979-10-20;1880.0;10;1880.0
1979-10-21;1368.0;10;1368.0
1979-10-22;1442.0;10;1442.0
1979-10-23;1591.0;10;1591.0
1979-10-24;1251.0;10;1251.0
1979-10-25;1092.0;10;1092.0
1979-10-26;1487.0;10;1487.0
1979-10-27;1366.0;10;1366.0
1979-10-28;1566.0;10;1566.0
1979-10-29;2345.0;10;2345.0
1979-10-30;1638.0;10;1638.0
1979-10-31;1215.0;10;1215.0
1979-11-01;951.0;11;951.0
1979-11-02;838.0;11;838.0
1979-11-03;1022.0;11;1022.0
1979-11-04;1040.0;11;1040.0
1979-11-05;1110.0;11;1110.0
1979-11-06;1385.0;11;1385.0
1979-11-07;1565.0;11;1565.0
1979-11-08;1582.0;11;1582.0
1979-11-09;2004.0;11;2004.0
1979-11-10;2068.0;11;2068.0
1979-11-11;1560.0;11;1560.0
1979-11-12;1645.0;11;1645.0
1979-11-13;1635.0;11;1635.0
1979-11-14;1369.0;11;1369.0
1979-11-15;2141.0;11;2141.0
1979-11-16;3255.0;11;3255.0
1979-11-17;3722.0;11;3722.0
1979-11-18;1747.0;11;1747.0
1979-11-19;1716.0;11;1716.0
1979-11-20;1902.0;11;1902.0
1979-11-21;2273.0;11;2273.0
1979-11-22;1889.0;11;1889.0
1979-11-23;1588.0;11;1588.0
1979-11-24;1744.0;11;1744.0
1979-11-25;2542.0;11;2542.0
1979-11-26;3660.0;11;3660.0
1979-11-27;3473.0;11;3473.0
1979-11-28;2628.0;11;2628.0
1979-11-29;1988.0;11;1988.0
1979-11-30;1495.0;11;1495.0
1979-12-01;1269.0;12;1269.0
1979-12-02;1306.0;12;1306.0
1979-12-03;1386.0;12;1386.0
1979-12-04;1153.0;12;1153.0
1979-12-05;1073.0;12;1073.0
1979-12-06;1028.0;12;1028.0
1979-12-07;1120.0;12;1120.0
1979-12-08;1183.0;12;1183.0
1979-12-09;1553.0;12;1553.0
1979-12-10;1197.0;12;1197.0
1979-12-11;1068.0;12;1068.0
1979-12-12;1092.0;12;1092.0
1979-12-13;915.0;12;915.0
1979-12-14;960.0;12;960.0
1979-12-15;967.0;12;967.0
1979-12-16;969.0;12;969.0
1979-12-17;1031.0;12;1031.0
1979-12-18;1187.0;12;1187.0
1979-12-19;1007.0;12;1007.0
1979-12-20;1022.0;12;1022.0
1979-12-21;1099.0;12;1099.0
1979-12-22;1114.0;12;1114.0
1979-12-23;1089.0;12;1089.0
1979-12-24;898.0;12;898.0
1979-12-25;813.0;12;813.0
1979-12-26;701.0;12;701.0
1979-12-27;706.0;12;706.0
1979-12-28;692.0;12;692.0
1979-12-29;668.0;12;668.0
1979-12-30;668.0;12;668.0
1979-12-31;671.0;12;671.0
1980-01-01;696.0;1;696.0
1980-01-02;762.0;1;762.0
1980-01-03;998.0;1;998.0
1980-01-04;1113.0;1;1113.0
1980-01-05;883.0;1;883.0
1980-01-06;766.0;1;766.0
1980-01-07;683.0;1;683.0
1980-01-08;627.0;1;627.0
1980-01-09;574.0;1;574.0
1980-01-10;545.0;1;545.0
1980-01-11;528.0;1;528.0
1980-01-12;600.0;1;600.0
1980-01-13;625.0;1;625.0
1980-01-14;554.0;1;554.0
1980-01-15;632.0;1;632.0
1980-01-16;757.0;1;757.0
1980-01-17;870.0;1;870.0
1980-01-18;988.0;1;988.0
1980-01-19;960.0;1;960.0
1980-01-20;1063.0;1;1063.0
1980-01-21;785.0;1;785.0
1980-01-22;672.0;1;672.0
1980-01-23;636.0;1;636.0
1980-01-24;611.0;1;611.0
1980-01-25;601.0;1;601.0
1980-01-26;615.0;1;615.0
1980-01-27;567.0;1;567.0
1980-01-28;506.0;1;506.0
1980-01-29;491.0;1;491.0
1980-01-30;593.0;1;593.0
1980-01-31;629.0;1;629.0
1980-02-01;567.0;2;567.0
1980-02-02;925.0;2;925.0
1980-02-03;1332.0;2;1332.0
1980-02-04;1628.0;2;1628.0
1980-02-05;1546.0;2;1546.0
1980-02-06;1091.0;2;1091.0
1980-02-07;1022.0;2;1022.0
1980-02-08;1026.0;2;1026.0
1980-02-09;903.0;2;903.0
1980-02-10;858.0;2;858.0
1980-02-11;694.0;2;694.0
1980-02-12;675.0;2;675.0
1980-02-13;604.0;2;604.0
1980-02-14;571.0;2;571.0
1980-02-15;535.0;2;535.0
1980-02-16;637.0;2;637.0
1980-02-17;541.0;2;541.0
1980-02-18;622.0;2;622.0
1980-02-19;785.0;2;785.0
1980-02-20;960.0;2;960.0
1980-02-21;1169.0;2;1169.0
1980-02-22;1091.0;2;1091.0
1980-02-23;952.0;2;952.0
1980-02-24;862.0;2;862.0
1980-02-25;828.0;2;828.0
1980-02-26;878.0;2;878.0
1980-02-27;876.0;2;876.0
1980-02-28;764.0;2;764.0
1980-02-29;688.0;2;688.0
1980-03-01;632.0;3;632.0
1980-03-02;639.0;3;639.0
1980-03-03;574.0;3;574.0
1980-03-04;738.0;3;738.0
1980-03-05;819.0;3;819.0
1980-03-06;714.0;3;714.0
1980-03-07;671.0;3;671.0
1980-03-08;664.0;3;664.0
1980-03-09;601.0;3;601.0
1980-03-10;548.0;3;548.0
1980-03-11;525.0;3;525.0
1980-03-12;495.0;3;495.0
1980-03-13;491.0;3;491.0
1980-03-14;471.0;3;471.0
1980-03-15;495.0;3;495.0
1980-03-16;580.0;3;580.0
1980-03-17;817.0;3;817.0
1980-03-18;650.0;3;650.0
1980-03-19;625.0;3;625.0
1980-03-20;803.0;3;803.0
1980-03-21;668.0;3;668.0
1980-03-22;620.0;3;620.0
1980-03-23;554.0;3;554.0
1980-03-24;781.0;3;781.0
1980-03-25;690.0;3;690.0
1980-03-26;690.0;3;690.0
1980-03-27;960.0;3;960.0
1980-03-28;898.0;3;898.0
1980-03-29;787.0;3;787.0
1980-03-30;877.0;3;877.0
1980-03-31;1120.0;3;1120.0
1980-04-01;1473.0;4;1473.0
1980-04-02;958.0;4;958.0
1980-04-03;844.0;4;844.0
1980-04-04;679.0;4;679.0
1980-04-05;838.0;4;838.0
1980-04-06;874.0;4;874.0
1980-04-07;842.0;4;842.0
1980-04-08;970.0;4;970.0
1980-04-09;815.0;4;815.0
1980-04-10;872.0;4;872.0
1980-04-11;1045.0;4;1045.0
1980-04-12;921.0;4;921.0
1980-04-13;921.0;4;921.0
1980-04-14;964.0;4;964.0
1980-04-15;963.0;4;963.0
1980-04-16;1001.0;4;1001.0
1980-04-17;935.0;4;935.0
1980-04-18;770.0;4;770.0
1980-04-19;881.0;4;881.0
1980-04-20;965.0;4;965.0
1980-04-21;1235.0;4;1235.0
1980-04-22;1431.0;4;1431.0
1980-04-23;1478.0;4;1478.0
1980-04-24;1192.0;4;1192.0
1980-04-25;1105.0;4;1105.0
1980-04-26;1095.0;4;1095.0
1980-04-27;1640.0;4;1640.0
1980-04-28;1748.0;4;1748.0
1980-04-29;1075.0;4;1075.0
1980-04-30;866.0;4;866.0
1980-05-01;841.0;5;841.0
1980-05-02;1103.0;5;1103.0
1980-05-03;1287.0;5;1287.0
1980-05-04;1087.0;5;1087.0
1980-05-05;1142.0;5;1142.0
1980-05-06;1251.0;5;1251.0
1980-05-07;1124.0;5;1124.0
1980-05-08;1210.0;5;1210.0
1980-05-09;1233.0;5;1233.0
1980-05-10;1087.0;5;1087.0
1980-05-11;954.0;5;954.0
1980-05-12;1059.0;5;1059.0
1980-05-13;783.0;5;783.0
1980-05-14;781.0;5;781.0
1980-05-15;1092.0;5;1092.0
1980-05-16;991.0;5;991.0
1980-05-17;917.0;5;917.0
1980-05-18;837.0;5;837.0
1980-05-19;1160.0;5;1160.0
1980-05-20;1608.0;5;1608.0
1980-05-21;1205.0;5;1205.0
1980-05-22;905.0;5;905.0
1980-05-23;885.0;5;885.0
1980-05-24;892.0;5;892.0
1980-05-25;948.0;5;948.0
1980-05-26;807.0;5;807.0
1980-05-27;808.0;5;808.0
1980-05-28;1071.0;5;1071.0
1980-05-29;901.0;5;901.0
1980-05-30;761.0;5;761.0
1980-05-31;721.0;5;721.0
1980-06-01;716.0;6;716.0
1980-06-02;1074.0;6;1074.0
1980-06-03;1591.0;6;1591.0
1980-06-04;1264.0;6;1264.0
1980-06-05;1124.0;6;1124.0
1980-06-06;1191.0;6;1191.0
1980-06-07;1156.0;6;1156.0
1980-06-08;1338.0;6;1338.0
1980-06-09;1689.0;6;1689.0
1980-06-10;1779.0;6;1779.0
1980-06-11;1993.0;6;1993.0
1980-06-12;2500.0;6;2500.0
1980-06-13;2862.0;6;2862.0
1980-06-14;2669.0;6;2669.0
1980-06-15;2002.0;6;2002.0
1980-06-16;1313.0;6;1313.0
1980-06-17;1124.0;6;1124.0
1980-06-18;1012.0;6;1012.0
1980-06-19;955.0;6;955.0
1980-06-20;898.0;6;898.0
1980-06-21;1064.0;6;1064.0
1980-06-22;1310.0;6;1310.0
1980-06-23;1210.0;6;1210.0
1980-06-24;1151.0;6;1151.0
1980-06-25;926.0;6;926.0
1980-06-26;932.0;6;932.0
1980-06-27;862.0;6;862.0
1980-06-28;1251.0;6;1251.0
1980-06-29;1206.0;6;1206.0
1980-06-30;1156.0;6;1156.0
1980-07-01;1059.0;7;1059.0
1980-07-02;1165.0;7;1165.0
1980-07-03;1110.0;7;1110.0
1980-07-04;1008.0;7;1008.0
1980-07-05;837.0;7;837.0
1980-07-06;1423.0;7;1423.0
1980-07-07;1124.0;7;1124.0
1980-07-08;936.0;7;936.0
1980-07-09;739.0;7;739.0
1980-07-10;698.0;7;698.0
1980-07-11;782.0;7;782.0
1980-07-12;984.0;7;984.0
1980-07-13;769.0;7;769.0
1980-07-14;793.0;7;793.0
1980-07-15;716.0;7;716.0
1980-07-16;821.0;7;821.0
1980-07-17;969.0;7;969.0
1980-07-18;1047.0;7;1047.0
1980-07-19;1096.0;7;1096.0
1980-07-20;874.0;7;874.0
1980-07-21;833.0;7;833.0
1980-07-22;1131.0;7;1131.0
1980-07-23;1339.0;7;1339.0
1980-07-24;1587.0;7;1587.0
1980-07-25;1811.0;7;1811.0
1980-07-26;1141.0;7;1141.0
1980-07-27;898.0;7;898.0
1980-07-28;745.0;7;745.0
1980-07-29;716.0;7;716.0
1980-07-30;714.0;7;714.0
1980-07-31;657.0;7;657.0
1980-08-01;692.0;8;692.0
1980-08-02;777.0;8;777.0
1980-08-03;888.0;8;888.0
1980-08-04;752.0;8;752.0
1980-08-05;787.0;8;787.0
1980-08-06;774.0;8;774.0
1980-08-07;686.0;8;686.0
1980-08-08;707.0;8;707.0
1980-08-09;789.0;8;789.0
1980-08-10;701.0;8;701.0
1980-08-11;774.0;8;774.0
1980-08-12;868.0;8;868.0
1980-08-13;650.0;8;650.0
1980-08-14;567.0;8;567.0
1980-08-15;549.0;8;549.0
1980-08-16;495.0;8;495.0
1980-08-17;565.0;8;565.0
1980-08-18;830.0;8;830.0
1980-08-19;830.0;8;830.0
1980-08-20;686.0;8;686.0
1980-08-21;728.0;8;728.0
1980-08-22;745.0;8;745.0
1980-08-23;660.0;8;660.0
1980-08-24;762.0;8;762.0
1980-08-25;660.0;8;660.0
1980-08-26;587.0;8;587.0
1980-08-27;488.0;8;488.0
1980-08-28;681.0;8;681.0
1980-08-29;1238.0;8;1238.0
1980-08-30;1493.0;8;1493.0
1980-08-31;979.0;8;979.0
1980-09-01;842.0;9;842.0
1980-09-02;756.0;9;756.0
1980-09-03;694.0;9;694.0
1980-09-04;589.0;9;589.0
1980-09-05;541.0;9;541.0
1980-09-06;536.0;9;536.0
1980-09-07;599.0;9;599.0
1980-09-08;736.0;9;736.0
1980-09-09;699.0;9;699.0
1980-09-10;833.0;9;833.0
1980-09-11;1040.0;9;1040.0
1980-09-12;860.0;9;860.0
1980-09-13;753.0;9;753.0
1980-09-14;752.0;9;752.0
1980-09-15;829.0;9;829.0
1980-09-16;663.0;9;663.0
1980-09-17;775.0;9;775.0
1980-09-18;892.0;9;892.0
1980-09-19;789.0;9;789.0
1980-09-20;826.0;9;826.0
1980-09-21;824.0;9;824.0
1980-09-22;848.0;9;848.0
1980-09-23;777.0;9;777.0
1980-09-24;679.0;9;679.0
1980-09-25;634.0;9;634.0
1980-09-26;584.0;9;584.0
1980-09-27;553.0;9;553.0
1980-09-28;562.0;9;562.0
1980-09-29;660.0;9;660.0
1980-09-30;657.0;9;657.0
1980-10-01;773.0;10;773.0
1980-10-02;668.0;10;668.0
1980-10-03;641.0;10;641.0
1980-10-04;760.0;10;760.0
1980-10-05;781.0;10;781.0
1980-10-06;1214.0;10;1214.0
1980-10-07;1841.0;10;1841.0
1980-10-08;2133.0;10;2133.0
1980-10-09;2286.0;10;2286.0
1980-10-10;1980.0;10;1980.0
1980-10-11;1684.0;10;1684.0
1980-10-12;1841.0;10;1841.0
1980-10-13;1323.0;10;1323.0
1980-10-14;1114.0;10;1114.0
1980-10-15;872.0;10;872.0
1980-10-16;781.0;10;781.0
1980-10-17;844.0;10;844.0
1980-10-18;1311.0;10;1311.0
1980-10-19;1261.0;10;1261.0
1980-10-20;1580.0;10;1580.0
1980-10-21;1185.0;10;1185.0
1980-10-22;955.0;10;955.0
1980-10-23;854.0;10;854.0
1980-10-24;737.0;10;737.0
1980-10-25;686.0;10;686.0
1980-10-26;720.0;10;720.0
1980-10-27;838.0;10;838.0
1980-10-28;1050.0;10;1050.0
1980-10-29;941.0;10;941.0
1980-10-30;866.0;10;866.0
1980-10-31;760.0;10;760.0
1980-11-01;799.0;11;799.0
1980-11-02;1143.0;11;1143.0
1980-11-03;836.0;11;836.0
1980-11-04;1399.0;11;1399.0
1980-11-05;1260.0;11;1260.0
1980-11-06;1480.0;11;1480.0
1980-11-07;1660.0;11;1660.0
1980-11-08;1133.0;11;1133.0
1980-11-09;937.0;11;937.0
1980-11-10;781.0;11;781.0
1980-11-11;677.0;11;677.0
1980-11-12;650.0;11;650.0
1980-11-13;672.0;11;672.0
1980-11-14;679.0;11;679.0
1980-11-15;709.0;11;709.0
1980-11-16;810.0;11;810.0
1980-11-17;805.0;11;805.0
1980-11-18;818.0;11;818.0
1980-11-19;797.0;11;797.0
1980-11-20;905.0;11;905.0
1980-11-21;1036.0;11;1036.0
1980-11-22;1188.0;11;1188.0
1980-11-23;1068.0;11;1068.0
1980-11-24;1247.0;11;1247.0
1980-11-25;850.0;11;850.0
1980-11-26;1068.0;11;1068.0
1980-11-27;1086.0;11;1086.0
1980-11-28;852.0;11;852.0
1980-11-29;818.0;11;818.0
1980-11-30;1064.0;11;1064.0
1980-12-01;1173.0;12;1173.0
1980-12-02;1128.0;12;1128.0
1980-12-03;994.0;12;994.0
1980-12-04;1268.0;12;1268.0
1980-12-05;1096.0;12;1096.0
1980-12-06;1095.0;12;1095.0
1980-12-07;1123.0;12;1123.0
1980-12-08;1105.0;12;1105.0
1980-12-09;817.0;12;817.0
1980-12-10;836.0;12;836.0
1980-12-11;801.0;12;801.0
1980-12-12;715.0;12;715.0
1980-12-13;867.0;12;867.0
1980-12-14;751.0;12;751.0
1980-12-15;817.0;12;817.0
1980-12-16;964.0;12;964.0
1980-12-17;937.0;12;937.0
1980-12-18;1233.0;12;1233.0
1980-12-19;998.0;12;998.0
1980-12-20;1104.0;12;1104.0
1980-12-21;1178.0;12;1178.0
1980-12-22;957.0;12;957.0
1980-12-23;864.0;12;864.0
1980-12-24;920.0;12;920.0
1980-12-25;818.0;12;818.0
1980-12-26;809.0;12;809.0
1980-12-27;971.0;12;971.0
1980-12-28;933.0;12;933.0
1980-12-29;1188.0;12;1188.0
1980-12-30;1087.0;12;1087.0
1980-12-31;1224.0;12;1224.0
1981-01-01;1422.0;1;1422.0
1981-01-02;1269.0;1;1269.0
1981-01-03;1007.0;1;1007.0
1981-01-04;878.0;1;878.0
1981-01-05;764.0;1;764.0
1981-01-06;687.0;1;687.0
1981-01-07;657.0;1;657.0
1981-01-08;699.0;1;699.0
1981-01-09;813.0;1;813.0
1981-01-10;793.0;1;793.0
1981-01-11;708.0;1;708.0
1981-01-12;957.0;1;957.0
1981-01-13;709.0;1;709.0
1981-01-14;655.0;1;655.0
1981-01-15;629.0;1;629.0
1981-01-16;574.0;1;574.0
1981-01-17;545.0;1;545.0
1981-01-18;482.0;1;482.0
1981-01-19;480.0;1;480.0
1981-01-20;443.0;1;443.0
1981-01-21;428.0;1;428.0
1981-01-22;425.0;1;425.0
1981-01-23;388.0;1;388.0
1981-01-24;341.0;1;341.0
1981-01-25;363.0;1;363.0
1981-01-26;334.0;1;334.0
1981-01-27;345.0;1;345.0
1981-01-28;394.0;1;394.0
1981-01-29;366.0;1;366.0
1981-01-30;413.0;1;413.0
1981-01-31;488.0;1;488.0
1981-02-01;469.0;2;469.0
1981-02-02;438.0;2;438.0
1981-02-03;363.0;2;363.0
1981-02-04;363.0;2;363.0
1981-02-05;426.0;2;426.0
1981-02-06;413.0;2;413.0
1981-02-07;440.0;2;440.0
1981-02-08;384.0;2;384.0
1981-02-09;395.0;2;395.0
1981-02-10;425.0;2;425.0
1981-02-11;375.0;2;375.0
1981-02-12;337.0;2;337.0
1981-02-13;499.0;2;499.0
1981-02-14;508.0;2;508.0
1981-02-15;577.0;2;577.0
1981-02-16;558.0;2;558.0
1981-02-17;913.0;2;913.0
1981-02-18;1169.0;2;1169.0
1981-02-19;830.0;2;830.0
1981-02-20;797.0;2;797.0
1981-02-21;686.0;2;686.0
1981-02-22;766.0;2;766.0
1981-02-23;830.0;2;830.0
1981-02-24;1054.0;2;1054.0
1981-02-25;1191.0;2;1191.0
1981-02-26;1642.0;2;1642.0
1981-02-27;1413.0;2;1413.0
1981-02-28;1047.0;2;1047.0
1981-03-01;1096.0;3;1096.0
1981-03-02;960.0;3;960.0
1981-03-03;968.0;3;968.0
1981-03-04;992.0;3;992.0
1981-03-05;791.0;3;791.0
1981-03-06;870.0;3;870.0
1981-03-07;1050.0;3;1050.0
1981-03-08;1073.0;3;1073.0
1981-03-09;1236.0;3;1236.0
1981-03-10;1761.0;3;1761.0
1981-03-11;1442.0;3;1442.0
1981-03-12;1073.0;3;1073.0
1981-03-13;917.0;3;917.0
1981-03-14;772.0;3;772.0
1981-03-15;740.0;3;740.0
1981-03-16;732.0;3;732.0
1981-03-17;748.0;3;748.0
1981-03-18;681.0;3;681.0
1981-03-19;625.0;3;625.0
1981-03-20;616.0;3;616.0
1981-03-21;571.0;3;571.0
1981-03-22;506.0;3;506.0
1981-03-23;484.0;3;484.0
1981-03-24;469.0;3;469.0
1981-03-25;476.0;3;476.0
1981-03-26;430.0;3;430.0
1981-03-27;484.0;3;484.0
1981-03-28;677.0;3;677.0
1981-03-29;530.0;3;530.0
1981-03-30;489.0;3;489.0
1981-03-31;584.0;3;584.0
1981-04-01;541.0;4;541.0
1981-04-02;451.0;4;451.0
1981-04-03;428.0;4;428.0
1981-04-04;469.0;4;469.0
1981-04-05;574.0;4;574.0
1981-04-06;758.0;4;758.0
1981-04-07;1118.0;4;1118.0
1981-04-08;1128.0;4;1128.0
1981-04-09;1304.0;4;1304.0
1981-04-10;1233.0;4;1233.0
1981-04-11;971.0;4;971.0
1981-04-12;987.0;4;987.0
1981-04-13;941.0;4;941.0
1981-04-14;1300.0;4;1300.0
1981-04-15;1746.0;4;1746.0
1981-04-16;1761.0;4;1761.0
1981-04-17;1429.0;4;1429.0
1981-04-18;1571.0;4;1571.0
1981-04-19;2988.0;4;2988.0
1981-04-20;2608.0;4;2608.0
1981-04-21;1565.0;4;1565.0
1981-04-22;1779.0;4;1779.0
1981-04-23;1577.0;4;1577.0
1981-04-24;1560.0;4;1560.0
1981-04-25;1790.0;4;1790.0
1981-04-26;1487.0;4;1487.0
1981-04-27;1297.0;4;1297.0
1981-04-28;1265.0;4;1265.0
1981-04-29;1516.0;4;1516.0
1981-04-30;1601.0;4;1601.0
1981-05-01;1901.0;5;1901.0
1981-05-02;1850.0;5;1850.0
1981-05-03;1569.0;5;1569.0
1981-05-04;1851.0;5;1851.0
1981-05-05;1948.0;5;1948.0
1981-05-06;2463.0;5;2463.0
1981-05-07;3354.0;5;3354.0
1981-05-08;2830.0;5;2830.0
1981-05-09;3155.0;5;3155.0
1981-05-10;2485.0;5;2485.0
1981-05-11;2621.0;5;2621.0
1981-05-12;2711.0;5;2711.0
1981-05-13;2659.0;5;2659.0
1981-05-14;2902.0;5;2902.0
1981-05-15;2805.0;5;2805.0
1981-05-16;3510.0;5;3510.0
1981-05-17;3402.0;5;3402.0
1981-05-18;2343.0;5;2343.0
1981-05-19;1825.0;5;1825.0
1981-05-20;1599.0;5;1599.0
1981-05-21;1420.0;5;1420.0
1981-05-22;1319.0;5;1319.0
1981-05-23;1236.0;5;1236.0
1981-05-24;1740.0;5;1740.0
1981-05-25;2135.0;5;2135.0
1981-05-26;2174.0;5;2174.0
1981-05-27;2277.0;5;2277.0
1981-05-28;1827.0;5;1827.0
1981-05-29;2697.0;5;2697.0
1981-05-30;2327.0;5;2327.0
1981-05-31;2500.0;5;2500.0
1981-06-01;3150.0;6;3150.0
1981-06-02;2339.0;6;2339.0
1981-06-03;1844.0;6;1844.0
1981-06-04;1549.0;6;1549.0
1981-06-05;1290.0;6;1290.0
1981-06-06;1096.0;6;1096.0
1981-06-07;1247.0;6;1247.0
1981-06-08;1522.0;6;1522.0
1981-06-09;1806.0;6;1806.0
1981-06-10;1587.0;6;1587.0
1981-06-11;1484.0;6;1484.0
1981-06-12;1723.0;6;1723.0
1981-06-13;1843.0;6;1843.0
1981-06-14;1838.0;6;1838.0
1981-06-15;1710.0;6;1710.0
1981-06-16;1506.0;6;1506.0
1981-06-17;1495.0;6;1495.0
1981-06-18;1484.0;6;1484.0
1981-06-19;1451.0;6;1451.0
1981-06-20;1500.0;6;1500.0
1981-06-21;1538.0;6;1538.0
1981-06-22;1424.0;6;1424.0
1981-06-23;1473.0;6;1473.0
1981-06-24;1156.0;6;1156.0
1981-06-25;1283.0;6;1283.0
1981-06-26;1247.0;6;1247.0
1981-06-27;1077.0;6;1077.0
1981-06-28;992.0;6;992.0
1981-06-29;1128.0;6;1128.0
1981-06-30;1176.0;6;1176.0
1981-07-01;1118.0;7;1118.0
1981-07-02;1358.0;7;1358.0
1981-07-03;1666.0;7;1666.0
1981-07-04;1528.0;7;1528.0
1981-07-05;1666.0;7;1666.0
1981-07-06;1843.0;7;1843.0
1981-07-07;1528.0;7;1528.0
1981-07-08;1544.0;7;1544.0
1981-07-09;1613.0;7;1613.0
1981-07-10;1631.0;7;1631.0
1981-07-11;1514.0;7;1514.0
1981-07-12;1689.0;7;1689.0
1981-07-13;1827.0;7;1827.0
1981-07-14;1908.0;7;1908.0
1981-07-15;1251.0;7;1251.0
1981-07-16;1319.0;7;1319.0
1981-07-17;1233.0;7;1233.0
1981-07-18;1306.0;7;1306.0
1981-07-19;1247.0;7;1247.0
1981-07-20;1657.0;7;1657.0
1981-07-21;1699.0;7;1699.0
1981-07-22;1210.0;7;1210.0
1981-07-23;974.0;7;974.0
1981-07-24;858.0;7;858.0
1981-07-25;797.0;7;797.0
1981-07-26;783.0;7;783.0
1981-07-27;740.0;7;740.0
1981-07-28;730.0;7;730.0
1981-07-29;701.0;7;701.0
1981-07-30;675.0;7;675.0
1981-07-31;679.0;7;679.0
1981-08-01;768.0;8;768.0
1981-08-02;801.0;8;801.0
1981-08-03;848.0;8;848.0
1981-08-04;850.0;8;850.0
1981-08-05;805.0;8;805.0
1981-08-06;698.0;8;698.0
1981-08-07;643.0;8;643.0
1981-08-08;629.0;8;629.0
1981-08-09;664.0;8;664.0
1981-08-10;829.0;8;829.0
1981-08-11;1016.0;8;1016.0
1981-08-12;803.0;8;803.0
1981-08-13;815.0;8;815.0
1981-08-14;954.0;8;954.0
1981-08-15;901.0;8;901.0
1981-08-16;717.0;8;717.0
1981-08-17;779.0;8;779.0
1981-08-18;769.0;8;769.0
1981-08-19;756.0;8;756.0
1981-08-20;750.0;8;750.0
1981-08-21;766.0;8;766.0
1981-08-22;705.0;8;705.0
1981-08-23;672.0;8;672.0
1981-08-24;817.0;8;817.0
1981-08-25;1082.0;8;1082.0
1981-08-26;1016.0;8;1016.0
1981-08-27;970.0;8;970.0
1981-08-28;870.0;8;870.0
1981-08-29;789.0;8;789.0
1981-08-30;803.0;8;803.0
1981-08-31;793.0;8;793.0
1981-09-01;921.0;9;921.0
1981-09-02;983.0;9;983.0
1981-09-03;880.0;9;880.0
1981-09-04;721.0;9;721.0
1981-09-05;657.0;9;657.0
1981-09-06;625.0;9;625.0
1981-09-07;597.0;9;597.0
1981-09-08;716.0;9;716.0
1981-09-09;744.0;9;744.0
1981-09-10;846.0;9;846.0
1981-09-11;870.0;9;870.0
1981-09-12;978.0;9;978.0
1981-09-13;890.0;9;890.0
1981-09-14;1052.0;9;1052.0
1981-09-15;809.0;9;809.0
1981-09-16;1109.0;9;1109.0
1981-09-17;1156.0;9;1156.0
1981-09-18;901.0;9;901.0
1981-09-19;1025.0;9;1025.0
1981-09-20;865.0;9;865.0
1981-09-21;905.0;9;905.0
1981-09-22;1002.0;9;1002.0
1981-09-23;846.0;9;846.0
1981-09-24;741.0;9;741.0
1981-09-25;655.0;9;655.0
1981-09-26;657.0;9;657.0
1981-09-27;720.0;9;720.0
1981-09-28;686.0;9;686.0
1981-09-29;615.0;9;615.0
1981-09-30;584.0;9;584.0
1981-10-01;636.0;10;636.0
1981-10-02;722.0;10;722.0
1981-10-03;675.0;10;675.0
1981-10-04;707.0;10;707.0
1981-10-05;813.0;10;813.0
1981-10-06;691.0;10;691.0
1981-10-07;806.0;10;806.0
1981-10-08;730.0;10;730.0
1981-10-09;706.0;10;706.0
1981-10-10;1034.0;10;1034.0
1981-10-11;1341.0;10;1341.0
1981-10-12;1205.0;10;1205.0
1981-10-13;969.0;10;969.0
1981-10-14;1032.0;10;1032.0
1981-10-15;1346.0;10;1346.0
1981-10-16;1618.0;10;1618.0
1981-10-17;1553.0;10;1553.0
1981-10-18;1297.0;10;1297.0
1981-10-19;1410.0;10;1410.0
1981-10-20;1317.0;10;1317.0
1981-10-21;1002.0;10;1002.0
1981-10-22;870.0;10;870.0
1981-10-23;1167.0;10;1167.0
1981-10-24;1488.0;10;1488.0
1981-10-25;1368.0;10;1368.0
1981-10-26;1192.0;10;1192.0
1981-10-27;965.0;10;965.0
1981-10-28;901.0;10;901.0
1981-10-29;923.0;10;923.0
1981-10-30;1153.0;10;1153.0
1981-10-31;1114.0;10;1114.0
1981-11-01;1127.0;11;1127.0
1981-11-02;1160.0;11;1160.0
1981-11-03;889.0;11;889.0
1981-11-04;936.0;11;936.0
1981-11-05;1418.0;11;1418.0
1981-11-06;1400.0;11;1400.0
1981-11-07;1249.0;11;1249.0
1981-11-08;1420.0;11;1420.0
1981-11-09;1642.0;11;1642.0
1981-11-10;1392.0;11;1392.0
1981-11-11;1091.0;11;1091.0
1981-11-12;1178.0;11;1178.0
1981-11-13;1689.0;11;1689.0
1981-11-14;1930.0;11;1930.0
1981-11-15;2381.0;11;2381.0
1981-11-16;2464.0;11;2464.0
1981-11-17;2092.0;11;2092.0
1981-11-18;1634.0;11;1634.0
1981-11-19;1498.0;11;1498.0
1981-11-20;1764.0;11;1764.0
1981-11-21;1898.0;11;1898.0
1981-11-22;2514.0;11;2514.0
1981-11-23;1918.0;11;1918.0
1981-11-24;1734.0;11;1734.0
1981-11-25;2285.0;11;2285.0
1981-11-26;1758.0;11;1758.0
1981-11-27;1555.0;11;1555.0
1981-11-28;1972.0;11;1972.0
1981-11-29;2140.0;11;2140.0
1981-11-30;2204.0;11;2204.0
1981-12-01;2640.0;12;2640.0
1981-12-02;2083.0;12;2083.0
1981-12-03;1634.0;12;1634.0
1981-12-04;1233.0;12;1233.0
1981-12-05;1115.0;12;1115.0
1981-12-06;1347.0;12;1347.0
1981-12-07;1492.0;12;1492.0
1981-12-08;1522.0;12;1522.0
1981-12-09;1268.0;12;1268.0
1981-12-10;1205.0;12;1205.0
1981-12-11;976.0;12;976.0
1981-12-12;1271.0;12;1271.0
1981-12-13;1197.0;12;1197.0
1981-12-14;1050.0;12;1050.0
1981-12-15;909.0;12;909.0
1981-12-16;982.0;12;982.0
1981-12-17;881.0;12;881.0
1981-12-18;893.0;12;893.0
1981-12-19;944.0;12;944.0
1981-12-20;893.0;12;893.0
1981-12-21;1133.0;12;1133.0
1981-12-22;1231.0;12;1231.0
1981-12-23;961.0;12;961.0
1981-12-24;857.0;12;857.0
1981-12-25;846.0;12;846.0
1981-12-26;989.0;12;989.0
1981-12-27;814.0;12;814.0
1981-12-28;793.0;12;793.0
1981-12-29;801.0;12;801.0
1981-12-30;733.0;12;733.0
1981-12-31;984.0;12;984.0
1982-01-01;889.0;1;889.0
1982-01-02;1354.0;1;1354.0
1982-01-03;1593.0;1;1593.0
1982-01-04;2083.0;1;2083.0
1982-01-05;2782.0;1;2782.0
1982-01-06;3075.0;1;3075.0
1982-01-07;3136.0;1;3136.0
1982-01-08;2947.0;1;2947.0
1982-01-09;2764.0;1;2764.0
1982-01-10;1976.0;1;1976.0
1982-01-11;1887.0;1;1887.0
1982-01-12;1971.0;1;1971.0
1982-01-13;1540.0;1;1540.0
1982-01-14;1264.0;1;1264.0
1982-01-15;1093.0;1;1093.0
1982-01-16;1125.0;1;1125.0
1982-01-17;1264.0;1;1264.0
1982-01-18;1022.0;1;1022.0
1982-01-19;1274.0;1;1274.0
1982-01-20;957.0;1;957.0
1982-01-21;813.0;1;813.0
1982-01-22;747.0;1;747.0
1982-01-23;687.0;1;687.0
1982-01-24;669.0;1;669.0
1982-01-25;621.0;1;621.0
1982-01-26;666.0;1;666.0
1982-01-27;634.0;1;634.0
1982-01-28;1035.0;1;1035.0
1982-01-29;1300.0;1;1300.0
1982-01-30;1435.0;1;1435.0
1982-01-31;1596.0;1;1596.0
1982-02-01;1079.0;2;1079.0
1982-02-02;957.0;2;957.0
1982-02-03;912.0;2;912.0
1982-02-04;939.0;2;939.0
1982-02-05;1177.0;2;1177.0
1982-02-06;1285.0;2;1285.0
1982-02-07;1250.0;2;1250.0
1982-02-08;1109.0;2;1109.0
1982-02-09;916.0;2;916.0
1982-02-10;813.0;2;813.0
1982-02-11;795.0;2;795.0
1982-02-12;781.0;2;781.0
1982-02-13;828.0;2;828.0
1982-02-14;1226.0;2;1226.0
1982-02-15;1461.0;2;1461.0
1982-02-16;2153.0;2;2153.0
1982-02-17;1723.0;2;1723.0
1982-02-18;1616.0;2;1616.0
1982-02-19;1901.0;2;1901.0
1982-02-20;1641.0;2;1641.0
1982-02-21;1684.0;2;1684.0
1982-02-22;1761.0;2;1761.0
1982-02-23;1387.0;2;1387.0
1982-02-24;1419.0;2;1419.0
1982-02-25;1584.0;2;1584.0
1982-02-26;1588.0;2;1588.0
1982-02-27;1231.0;2;1231.0
1982-02-28;1349.0;2;1349.0
1982-03-01;1146.0;3;1146.0
1982-03-02;1020.0;3;1020.0
1982-03-03;1723.0;3;1723.0
1982-03-04;2211.0;3;2211.0
1982-03-05;1557.0;3;1557.0
1982-03-06;1357.0;3;1357.0
1982-03-07;1603.0;3;1603.0
1982-03-08;1635.0;3;1635.0
1982-03-09;1381.0;3;1381.0
1982-03-10;1107.0;3;1107.0
1982-03-11;1540.0;3;1540.0
1982-03-12;1492.0;3;1492.0
1982-03-13;1181.0;3;1181.0
1982-03-14;925.0;3;925.0
1982-03-15;813.0;3;813.0
1982-03-16;1240.0;3;1240.0
1982-03-17;1829.0;3;1829.0
1982-03-18;2021.0;3;2021.0
1982-03-19;2139.0;3;2139.0
1982-03-20;1827.0;3;1827.0
1982-03-21;1972.0;3;1972.0
1982-03-22;1301.0;3;1301.0
1982-03-23;1042.0;3;1042.0
1982-03-24;1049.0;3;1049.0
1982-03-25;1433.0;3;1433.0
1982-03-26;1383.0;3;1383.0
1982-03-27;1084.0;3;1084.0
1982-03-28;1285.0;3;1285.0
1982-03-29;1859.0;3;1859.0
1982-03-30;1519.0;3;1519.0
1982-03-31;1566.0;3;1566.0
1982-04-01;1269.0;4;1269.0
1982-04-02;1187.0;4;1187.0
1982-04-03;1293.0;4;1293.0
1982-04-04;1963.0;4;1963.0
1982-04-05;2946.0;4;2946.0
1982-04-06;3314.0;4;3314.0
1982-04-07;3360.0;4;3360.0
1982-04-08;3461.0;4;3461.0
1982-04-09;3451.0;4;3451.0
1982-04-10;4226.0;4;4226.0
1982-04-11;4049.0;4;4049.0
1982-04-12;3947.0;4;3947.0
1982-04-13;2864.0;4;2864.0
1982-04-14;2560.0;4;2560.0
1982-04-15;2298.0;4;2298.0
1982-04-16;1965.0;4;1965.0
1982-04-17;2317.0;4;2317.0
1982-04-18;2522.0;4;2522.0
1982-04-19;2221.0;4;2221.0
1982-04-20;2900.0;4;2900.0
1982-04-21;2713.0;4;2713.0
1982-04-22;2368.0;4;2368.0
1982-04-23;2404.0;4;2404.0
1982-04-24;1871.0;4;1871.0
1982-04-25;1663.0;4;1663.0
1982-04-26;1374.0;4;1374.0
1982-04-27;1389.0;4;1389.0
1982-04-28;1181.0;4;1181.0
1982-04-29;1810.0;4;1810.0
1982-04-30;2228.0;4;2228.0
1982-05-01;3008.0;5;3008.0
1982-05-02;3283.0;5;3283.0
1982-05-03;2494.0;5;2494.0
1982-05-04;1788.0;5;1788.0
1982-05-05;1785.0;5;1785.0
1982-05-06;1706.0;5;1706.0
1982-05-07;1479.0;5;1479.0
1982-05-08;1307.0;5;1307.0
1982-05-09;1361.0;5;1361.0
1982-05-10;1541.0;5;1541.0
1982-05-11;1372.0;5;1372.0
1982-05-12;1440.0;5;1440.0
1982-05-13;1154.0;5;1154.0
1982-05-14;1011.0;5;1011.0
1982-05-15;1306.0;5;1306.0
1982-05-16;1450.0;5;1450.0
1982-05-17;1329.0;5;1329.0
1982-05-18;1317.0;5;1317.0
1982-05-19;1834.0;5;1834.0
1982-05-20;1893.0;5;1893.0
1982-05-21;2996.0;5;2996.0
1982-05-22;3501.0;5;3501.0
1982-05-23;3246.0;5;3246.0
1982-05-24;3932.0;5;3932.0
1982-05-25;4404.0;5;4404.0
1982-05-26;3455.0;5;3455.0
1982-05-27;2252.0;5;2252.0
1982-05-28;2478.0;5;2478.0
1982-05-29;2859.0;5;2859.0
1982-05-30;3159.0;5;3159.0
1982-05-31;2430.0;5;2430.0
1982-06-01;2463.0;6;2463.0
1982-06-02;2374.0;6;2374.0
1982-06-03;2016.0;6;2016.0
1982-06-04;1638.0;6;1638.0
1982-06-05;1550.0;6;1550.0
1982-06-06;1560.0;6;1560.0
1982-06-07;1615.0;6;1615.0
1982-06-08;1497.0;6;1497.0
1982-06-09;1345.0;6;1345.0
1982-06-10;1159.0;6;1159.0
1982-06-11;1059.0;6;1059.0
1982-06-12;961.0;6;961.0
1982-06-13;1297.0;6;1297.0
1982-06-14;1047.0;6;1047.0
1982-06-15;1192.0;6;1192.0
1982-06-16;970.0;6;970.0
1982-06-17;943.0;6;943.0
1982-06-18;1427.0;6;1427.0
1982-06-19;1728.0;6;1728.0
1982-06-20;1187.0;6;1187.0
1982-06-21;1024.0;6;1024.0
1982-06-22;970.0;6;970.0
1982-06-23;1143.0;6;1143.0
1982-06-24;1006.0;6;1006.0
1982-06-25;957.0;6;957.0
1982-06-26;853.0;6;853.0
1982-06-27;826.0;6;826.0
1982-06-28;858.0;6;858.0
1982-06-29;804.0;6;804.0
1982-06-30;898.0;6;898.0
1982-07-01;1063.0;7;1063.0
1982-07-02;1460.0;7;1460.0
1982-07-03;2557.0;7;2557.0
1982-07-04;2675.0;7;2675.0
1982-07-05;2339.0;7;2339.0
1982-07-06;1540.0;7;1540.0
1982-07-07;1477.0;7;1477.0
1982-07-08;1440.0;7;1440.0
1982-07-09;1170.0;7;1170.0
1982-07-10;1093.0;7;1093.0
1982-07-11;907.0;7;907.0
1982-07-12;824.0;7;824.0
1982-07-13;961.0;7;961.0
1982-07-14;1126.0;7;1126.0
1982-07-15;1020.0;7;1020.0
1982-07-16;876.0;7;876.0
1982-07-17;822.0;7;822.0
1982-07-18;792.0;7;792.0
1982-07-19;813.0;7;813.0
1982-07-20;1051.0;7;1051.0
1982-07-21;1553.0;7;1553.0
1982-07-22;1848.0;7;1848.0
1982-07-23;1219.0;7;1219.0
1982-07-24;963.0;7;963.0
1982-07-25;1027.0;7;1027.0
1982-07-26;1123.0;7;1123.0
1982-07-27;844.0;7;844.0
1982-07-28;1238.0;7;1238.0
1982-07-29;1774.0;7;1774.0
1982-07-30;1772.0;7;1772.0
1982-07-31;2016.0;7;2016.0
1982-08-01;1792.0;8;1792.0
1982-08-02;1256.0;8;1256.0
1982-08-03;1148.0;8;1148.0
1982-08-04;1126.0;8;1126.0
1982-08-05;1002.0;8;1002.0
1982-08-06;921.0;8;921.0
1982-08-07;804.0;8;804.0
1982-08-08;952.0;8;952.0
1982-08-09;1083.0;8;1083.0
1982-08-10;948.0;8;948.0
1982-08-11;1033.0;8;1033.0
1982-08-12;768.0;8;768.0
1982-08-13;954.0;8;954.0
1982-08-14;907.0;8;907.0
1982-08-15;799.0;8;799.0
1982-08-16;797.0;8;797.0
1982-08-17;864.0;8;864.0
1982-08-18;849.0;8;849.0
1982-08-19;894.0;8;894.0
1982-08-20;1086.0;8;1086.0
1982-08-21;1492.0;8;1492.0
1982-08-22;1419.0;8;1419.0
1982-08-23;1030.0;8;1030.0
1982-08-24;864.0;8;864.0
1982-08-25;972.0;8;972.0
1982-08-26;1173.0;8;1173.0
1982-08-27;1007.0;8;1007.0
1982-08-28;786.0;8;786.0
1982-08-29;797.0;8;797.0
1982-08-30;925.0;8;925.0
1982-08-31;934.0;8;934.0
1982-09-01;907.0;9;907.0
1982-09-02;1066.0;9;1066.0
1982-09-03;914.0;9;914.0
1982-09-04;1355.0;9;1355.0
1982-09-05;1073.0;9;1073.0
1982-09-06;1209.0;9;1209.0
1982-09-07;1309.0;9;1309.0
1982-09-08;1020.0;9;1020.0
1982-09-09;909.0;9;909.0
1982-09-10;835.0;9;835.0
1982-09-11;745.0;9;745.0
1982-09-12;741.0;9;741.0
1982-09-13;763.0;9;763.0
1982-09-14;745.0;9;745.0
1982-09-15;718.0;9;718.0
1982-09-16;759.0;9;759.0
1982-09-17;714.0;9;714.0
1982-09-18;882.0;9;882.0
1982-09-19;1056.0;9;1056.0
1982-09-20;1356.0;9;1356.0
1982-09-21;948.0;9;948.0
1982-09-22;781.0;9;781.0
1982-09-23;696.0;9;696.0
1982-09-24;591.0;9;591.0
1982-09-25;600.0;9;600.0
1982-09-26;604.0;9;604.0
1982-09-27;736.0;9;736.0
1982-09-28;1015.0;9;1015.0
1982-09-29;970.0;9;970.0
1982-09-30;993.0;9;993.0
1982-10-01;997.0;10;997.0
1982-10-02;871.0;10;871.0
1982-10-03;799.0;10;799.0
1982-10-04;1004.0;10;1004.0
1982-10-05;1345.0;10;1345.0
1982-10-06;1082.0;10;1082.0
1982-10-07;894.0;10;894.0
1982-10-08;1220.0;10;1220.0
1982-10-09;1570.0;10;1570.0
1982-10-10;2101.0;10;2101.0
1982-10-11;1997.0;10;1997.0
1982-10-12;1327.0;10;1327.0
1982-10-13;1093.0;10;1093.0
1982-10-14;930.0;10;930.0
1982-10-15;1570.0;10;1570.0
1982-10-16;1051.0;10;1051.0
1982-10-17;1245.0;10;1245.0
1982-10-18;1056.0;10;1056.0
1982-10-19;1431.0;10;1431.0
1982-10-20;1565.0;10;1565.0
1982-10-21;2315.0;10;2315.0
1982-10-22;2160.0;10;2160.0
1982-10-23;1965.0;10;1965.0
1982-10-24;2386.0;10;2386.0
1982-10-25;2505.0;10;2505.0
1982-10-26;2384.0;10;2384.0
1982-10-27;1757.0;10;1757.0
1982-10-28;1414.0;10;1414.0
1982-10-29;1198.0;10;1198.0
1982-10-30;1198.0;10;1198.0
1982-10-31;1043.0;10;1043.0
1982-11-01;1006.0;11;1006.0
1982-11-02;925.0;11;925.0
1982-11-03;1029.0;11;1029.0
1982-11-04;1275.0;11;1275.0
1982-11-05;1239.0;11;1239.0
1982-11-06;1132.0;11;1132.0
1982-11-07;1203.0;11;1203.0
1982-11-08;1054.0;11;1054.0
1982-11-09;1009.0;11;1009.0
1982-11-10;862.0;11;862.0
1982-11-11;822.0;11;822.0
1982-11-12;1108.0;11;1108.0
1982-11-13;1589.0;11;1589.0
1982-11-14;1240.0;11;1240.0
1982-11-15;1114.0;11;1114.0
1982-11-16;876.0;11;876.0
1982-11-17;826.0;11;826.0
1982-11-18;934.0;11;934.0
1982-11-19;894.0;11;894.0
1982-11-20;1077.0;11;1077.0
1982-11-21;1308.0;11;1308.0
1982-11-22;1319.0;11;1319.0
1982-11-23;1411.0;11;1411.0
1982-11-24;1617.0;11;1617.0
1982-11-25;1318.0;11;1318.0
1982-11-26;986.0;11;986.0
1982-11-27;894.0;11;894.0
1982-11-28;765.0;11;765.0
1982-11-29;790.0;11;790.0
1982-11-30;822.0;11;822.0
1982-12-01;817.0;12;817.0
1982-12-02;709.0;12;709.0
1982-12-03;679.0;12;679.0
1982-12-04;813.0;12;813.0
1982-12-05;979.0;12;979.0
1982-12-06;1572.0;12;1572.0
1982-12-07;1184.0;12;1184.0
1982-12-08;1377.0;12;1377.0
1982-12-09;1460.0;12;1460.0
1982-12-10;1264.0;12;1264.0
1982-12-11;1200.0;12;1200.0
1982-12-12;1101.0;12;1101.0
1982-12-13;1192.0;12;1192.0
1982-12-14;1456.0;12;1456.0
1982-12-15;1165.0;12;1165.0
1982-12-16;1006.0;12;1006.0
1982-12-17;1204.0;12;1204.0
1982-12-18;1280.0;12;1280.0
1982-12-19;1663.0;12;1663.0
1982-12-20;1680.0;12;1680.0
1982-12-21;1716.0;12;1716.0
1982-12-22;1927.0;12;1927.0
1982-12-23;1324.0;12;1324.0
1982-12-24;1225.0;12;1225.0
1982-12-25;1663.0;12;1663.0
1982-12-26;1305.0;12;1305.0
1982-12-27;1074.0;12;1074.0
1982-12-28;1140.0;12;1140.0
1982-12-29;1066.0;12;1066.0
1982-12-30;1108.0;12;1108.0
1982-12-31;1231.0;12;1231.0
1983-01-01;1198.0;1;1198.0
1983-01-02;948.0;1;948.0
1983-01-03;864.0;1;864.0
1983-01-04;1360.0;1;1360.0
1983-01-05;1654.0;1;1654.0
1983-01-06;1599.0;1;1599.0
1983-01-07;1361.0;1;1361.0
1983-01-08;1414.0;1;1414.0
1983-01-09;1115.0;1;1115.0
1983-01-10;941.0;1;941.0
1983-01-11;835.0;1;835.0
1983-01-12;948.0;1;948.0
1983-01-13;948.0;1;948.0
1983-01-14;835.0;1;835.0
1983-01-15;745.0;1;745.0
1983-01-16;678.0;1;678.0
1983-01-17;723.0;1;723.0
1983-01-18;634.0;1;634.0
1983-01-19;518.0;1;518.0
1983-01-20;518.0;1;518.0
1983-01-21;514.0;1;514.0
1983-01-22;492.0;1;492.0
1983-01-23;486.0;1;486.0
1983-01-24;486.0;1;486.0
1983-01-25;467.0;1;467.0
1983-01-26;449.0;1;449.0
1983-01-27;565.0;1;565.0
1983-01-28;732.0;1;732.0
1983-01-29;700.0;1;700.0
1983-01-30;556.0;1;556.0
1983-01-31;553.0;1;553.0
1983-02-01;768.0;2;768.0
1983-02-02;723.0;2;723.0
1983-02-03;623.0;2;623.0
1983-02-04;461.0;2;461.0
1983-02-05;454.0;2;454.0
1983-02-06;461.0;2;461.0
1983-02-07;802.0;2;802.0
1983-02-08;873.0;2;873.0
1983-02-09;867.0;2;867.0
1983-02-10;746.0;2;746.0
1983-02-11;723.0;2;723.0
1983-02-12;708.0;2;708.0
1983-02-13;768.0;2;768.0
1983-02-14;574.0;2;574.0
1983-02-15;523.0;2;523.0
1983-02-16;498.0;2;498.0
1983-02-17;471.0;2;471.0
1983-02-18;443.0;2;443.0
1983-02-19;543.0;2;543.0
1983-02-20;565.0;2;565.0
1983-02-21;670.0;2;670.0
1983-02-22;604.0;2;604.0
1983-02-23;542.0;2;542.0
1983-02-24;701.0;2;701.0
1983-02-25;875.0;2;875.0
1983-02-26;909.0;2;909.0
1983-02-27;1070.0;2;1070.0
1983-02-28;1130.0;2;1130.0
1983-03-01;940.0;3;940.0
1983-03-02;801.0;3;801.0
1983-03-03;914.0;3;914.0
1983-03-04;689.0;3;689.0
1983-03-05;687.0;3;687.0
1983-03-06;873.0;3;873.0
1983-03-07;846.0;3;846.0
1983-03-08;734.0;3;734.0
1983-03-09;875.0;3;875.0
1983-03-10;1235.0;3;1235.0
1983-03-11;1195.0;3;1195.0
1983-03-12;1130.0;3;1130.0
1983-03-13;859.0;3;859.0
1983-03-14;960.0;3;960.0
1983-03-15;1133.0;3;1133.0
1983-03-16;1358.0;3;1358.0
1983-03-17;1094.0;3;1094.0
1983-03-18;859.0;3;859.0
1983-03-19;878.0;3;878.0
1983-03-20;754.0;3;754.0
1983-03-21;606.0;3;606.0
1983-03-22;538.0;3;538.0
1983-03-23;510.0;3;510.0
1983-03-24;508.0;3;508.0
1983-03-25;596.0;3;596.0
1983-03-26;895.0;3;895.0
1983-03-27;1371.0;3;1371.0
1983-03-28;1612.0;3;1612.0
1983-03-29;1133.0;3;1133.0
1983-03-30;1167.0;3;1167.0
1983-03-31;1146.0;3;1146.0
1983-04-01;890.0;4;890.0
1983-04-02;708.0;4;708.0
1983-04-03;591.0;4;591.0
1983-04-04;545.0;4;545.0
1983-04-05;548.0;4;548.0
1983-04-06;708.0;4;708.0
1983-04-07;898.0;4;898.0
1983-04-08;987.0;4;987.0
1983-04-09;1580.0;4;1580.0
1983-04-10;2750.0;4;2750.0
1983-04-11;2991.0;4;2991.0
1983-04-12;2669.0;4;2669.0
1983-04-13;2267.0;4;2267.0
1983-04-14;3409.0;4;3409.0
1983-04-15;3423.0;4;3423.0
1983-04-16;2781.0;4;2781.0
1983-04-17;2292.0;4;2292.0
1983-04-18;2051.0;4;2051.0
1983-04-19;1825.0;4;1825.0
1983-04-20;1549.0;4;1549.0
1983-04-21;1562.0;4;1562.0
1983-04-22;1777.0;4;1777.0
1983-04-23;2231.0;4;2231.0
1983-04-24;2745.0;4;2745.0
1983-04-25;2030.0;4;2030.0
1983-04-26;1808.0;4;1808.0
1983-04-27;1894.0;4;1894.0
1983-04-28;2158.0;4;2158.0
1983-04-29;2630.0;4;2630.0
1983-04-30;2764.0;4;2764.0
1983-05-01;2675.0;5;2675.0
1983-05-02;2672.0;5;2672.0
1983-05-03;2321.0;5;2321.0
1983-05-04;1815.0;5;1815.0
1983-05-05;1458.0;5;1458.0
1983-05-06;1398.0;5;1398.0
1983-05-07;1321.0;5;1321.0
1983-05-08;1788.0;5;1788.0
1983-05-09;1766.0;5;1766.0
1983-05-10;1440.0;5;1440.0
1983-05-11;1299.0;5;1299.0
1983-05-12;1085.0;5;1085.0
1983-05-13;1115.0;5;1115.0
1983-05-14;1087.0;5;1087.0
1983-05-15;939.0;5;939.0
1983-05-16;1078.0;5;1078.0
1983-05-17;1027.0;5;1027.0
1983-05-18;1065.0;5;1065.0
1983-05-19;1861.0;5;1861.0
1983-05-20;1339.0;5;1339.0
1983-05-21;1775.0;5;1775.0
1983-05-22;2125.0;5;2125.0
1983-05-23;2066.0;5;2066.0
1983-05-24;1838.0;5;1838.0
1983-05-25;1308.0;5;1308.0
1983-05-26;1272.0;5;1272.0
1983-05-27;1772.0;5;1772.0
1983-05-28;1529.0;5;1529.0
1983-05-29;2038.0;5;2038.0
1983-05-30;1664.0;5;1664.0
1983-05-31;1229.0;5;1229.0
1983-06-01;1038.0;6;1038.0
1983-06-02;948.0;6;948.0
1983-06-03;925.0;6;925.0
1983-06-04;1093.0;6;1093.0
1983-06-05;1449.0;6;1449.0
1983-06-06;1622.0;6;1622.0
1983-06-07;1253.0;6;1253.0
1983-06-08;1140.0;6;1140.0
1983-06-09;1060.0;6;1060.0
1983-06-10;970.0;6;970.0
1983-06-11;934.0;6;934.0
1983-06-12;801.0;6;801.0
1983-06-13;765.0;6;765.0
1983-06-14;880.0;6;880.0
1983-06-15;914.0;6;914.0
1983-06-16;898.0;6;898.0
1983-06-17;1033.0;6;1033.0
1983-06-18;1390.0;6;1390.0
1983-06-19;1058.0;6;1058.0
1983-06-20;754.0;6;754.0
1983-06-21;687.0;6;687.0
1983-06-22;613.0;6;613.0
1983-06-23;636.0;6;636.0
1983-06-24;714.0;6;714.0
1983-06-25;957.0;6;957.0
1983-06-26;727.0;6;727.0
1983-06-27;669.0;6;669.0
1983-06-28;684.0;6;684.0
1983-06-29;600.0;6;600.0
1983-06-30;563.0;6;563.0
1983-07-01;589.0;7;589.0
1983-07-02;835.0;7;835.0
1983-07-03;993.0;7;993.0
1983-07-04;786.0;7;786.0
1983-07-05;671.0;7;671.0
1983-07-06;691.0;7;691.0
1983-07-07;782.0;7;782.0
1983-07-08;718.0;7;718.0
1983-07-09;880.0;7;880.0
1983-07-10;966.0;7;966.0
1983-07-11;1035.0;7;1035.0
1983-07-12;813.0;7;813.0
1983-07-13;686.0;7;686.0
1983-07-14;540.0;7;540.0
1983-07-15;630.0;7;630.0
1983-07-16;547.0;7;547.0
1983-07-17;539.0;7;539.0
1983-07-18;617.0;7;617.0
1983-07-19;835.0;7;835.0
1983-07-20;835.0;7;835.0
1983-07-21;880.0;7;880.0
1983-07-22;1361.0;7;1361.0
1983-07-23;1898.0;7;1898.0
1983-07-24;1713.0;7;1713.0
1983-07-25;1201.0;7;1201.0
1983-07-26;963.0;7;963.0
1983-07-27;792.0;7;792.0
1983-07-28;700.0;7;700.0
1983-07-29;723.0;7;723.0
1983-07-30;813.0;7;813.0
1983-07-31;693.0;7;693.0
1983-08-01;1205.0;8;1205.0
1983-08-02;1999.0;8;1999.0
1983-08-03;2253.0;8;2253.0
1983-08-04;1398.0;8;1398.0
1983-08-05;948.0;8;948.0
1983-08-06;1004.0;8;1004.0
1983-08-07;1011.0;8;1011.0
1983-08-08;1042.0;8;1042.0
1983-08-09;1154.0;8;1154.0
1983-08-10;880.0;8;880.0
1983-08-11;835.0;8;835.0
1983-08-12;858.0;8;858.0
1983-08-13;732.0;8;732.0
1983-08-14;750.0;8;750.0
1983-08-15;679.0;8;679.0
1983-08-16;587.0;8;587.0
1983-08-17;558.0;8;558.0
1983-08-18;595.0;8;595.0
1983-08-19;1140.0;8;1140.0
1983-08-20;1453.0;8;1453.0
1983-08-21;1211.0;8;1211.0
1983-08-22;905.0;8;905.0
1983-08-23;860.0;8;860.0
1983-08-24;880.0;8;880.0
1983-08-25;851.0;8;851.0
1983-08-26;835.0;8;835.0
1983-08-27;858.0;8;858.0
1983-08-28;745.0;8;745.0
1983-08-29;790.0;8;790.0
1983-08-30;790.0;8;790.0
1983-08-31;1020.0;8;1020.0
1983-09-01;790.0;9;790.0
1983-09-02;664.0;9;664.0
1983-09-03;565.0;9;565.0
1983-09-04;597.0;9;597.0
1983-09-05;710.0;9;710.0
1983-09-06;666.0;9;666.0
1983-09-07;711.0;9;711.0
1983-09-08;729.0;9;729.0
1983-09-09;709.0;9;709.0
1983-09-10;621.0;9;621.0
1983-09-11;516.0;9;516.0
1983-09-12;495.0;9;495.0
1983-09-13;489.0;9;489.0
1983-09-14;466.0;9;466.0
1983-09-15;541.0;9;541.0
1983-09-16;615.0;9;615.0
1983-09-17;619.0;9;619.0
1983-09-18;570.0;9;570.0
1983-09-19;709.0;9;709.0
1983-09-20;626.0;9;626.0
1983-09-21;596.0;9;596.0
1983-09-22;768.0;9;768.0
1983-09-23;889.0;9;889.0
1983-09-24;709.0;9;709.0
1983-09-25;656.0;9;656.0
1983-09-26;639.0;9;639.0
1983-09-27;598.0;9;598.0
1983-09-28;595.0;9;595.0
1983-09-29;596.0;9;596.0
1983-09-30;555.0;9;555.0
1983-10-01;591.0;10;591.0
1983-10-02;518.0;10;518.0
1983-10-03;554.0;10;554.0
1983-10-04;644.0;10;644.0
1983-10-05;724.0;10;724.0
1983-10-06;1175.0;10;1175.0
1983-10-07;1414.0;10;1414.0
1983-10-08;981.0;10;981.0
1983-10-09;656.0;10;656.0
1983-10-10;570.0;10;570.0
1983-10-11;540.0;10;540.0
1983-10-12;591.0;10;591.0
1983-10-13;553.0;10;553.0
1983-10-14;659.0;10;659.0
1983-10-15;644.0;10;644.0
1983-10-16;788.0;10;788.0
1983-10-17;912.0;10;912.0
1983-10-18;934.0;10;934.0
1983-10-19;768.0;10;768.0
1983-10-20;617.0;10;617.0
1983-10-21;813.0;10;813.0
1983-10-22;747.0;10;747.0
1983-10-23;813.0;10;813.0
1983-10-24;817.0;10;817.0
1983-10-25;664.0;10;664.0
1983-10-26;705.0;10;705.0
1983-10-27;768.0;10;768.0
1983-10-28;795.0;10;795.0
1983-10-29;858.0;10;858.0
1983-10-30;1211.0;10;1211.0
1983-10-31;1295.0;10;1295.0
1983-11-01;1054.0;11;1054.0
1983-11-02;997.0;11;997.0
1983-11-03;1058.0;11;1058.0
1983-11-04;932.0;11;932.0
1983-11-05;826.0;11;826.0
1983-11-06;673.0;11;673.0
1983-11-07;666.0;11;666.0
1983-11-08;621.0;11;621.0
1983-11-09;750.0;11;750.0
1983-11-10;871.0;11;871.0
1983-11-11;828.0;11;828.0
1983-11-12;1088.0;11;1088.0
1983-11-13;1162.0;11;1162.0
1983-11-14;1154.0;11;1154.0
1983-11-15;1198.0;11;1198.0
1983-11-16;1095.0;11;1095.0
1983-11-17;1006.0;11;1006.0
1983-11-18;1002.0;11;1002.0
1983-11-19;790.0;11;790.0
1983-11-20;732.0;11;732.0
1983-11-21;678.0;11;678.0
1983-11-22;670.0;11;670.0
1983-11-23;637.0;11;637.0
1983-11-24;908.0;11;908.0
1983-11-25;1052.0;11;1052.0
1983-11-26;840.0;11;840.0
1983-11-27;669.0;11;669.0
1983-11-28;666.0;11;666.0
1983-11-29;700.0;11;700.0
1983-11-30;945.0;11;945.0
1983-12-01;1005.0;12;1005.0
1983-12-02;1187.0;12;1187.0
1983-12-03;966.0;12;966.0
1983-12-04;1068.0;12;1068.0
1983-12-05;1277.0;12;1277.0
1983-12-06;1140.0;12;1140.0
1983-12-07;1280.0;12;1280.0
1983-12-08;1870.0;12;1870.0
1983-12-09;1698.0;12;1698.0
1983-12-10;2329.0;12;2329.0
1983-12-11;1780.0;12;1780.0
1983-12-12;1894.0;12;1894.0
1983-12-13;2537.0;12;2537.0
1983-12-14;2069.0;12;2069.0
1983-12-15;1624.0;12;1624.0
1983-12-16;1220.0;12;1220.0
1983-12-17;1430.0;12;1430.0
1983-12-18;1355.0;12;1355.0
1983-12-19;986.0;12;986.0
1983-12-20;1277.0;12;1277.0
1983-12-21;1471.0;12;1471.0
1983-12-22;1211.0;12;1211.0
1983-12-23;1095.0;12;1095.0
1983-12-24;959.0;12;959.0
1983-12-25;882.0;12;882.0
1983-12-26;826.0;12;826.0
1983-12-27;738.0;12;738.0
1983-12-28;723.0;12;723.0
1983-12-29;736.0;12;736.0
1983-12-30;627.0;12;627.0
1983-12-31;898.0;12;898.0
1984-01-01;1069.0;1;1069.0
1984-01-02;1053.0;1;1053.0
1984-01-03;1092.0;1;1092.0
1984-01-04;1502.0;1;1502.0
1984-01-05;1741.0;1;1741.0
1984-01-06;1879.0;1;1879.0
1984-01-07;2480.0;1;2480.0
1984-01-08;2478.0;1;2478.0
1984-01-09;2790.0;1;2790.0
1984-01-10;3161.0;1;3161.0
1984-01-11;2199.0;1;2199.0
1984-01-12;1934.0;1;1934.0
1984-01-13;1430.0;1;1430.0
1984-01-14;1104.0;1;1104.0
1984-01-15;987.0;1;987.0
1984-01-16;957.0;1;957.0
1984-01-17;1013.0;1;1013.0
1984-01-18;865.0;1;865.0
1984-01-19;877.0;1;877.0
1984-01-20;889.0;1;889.0
1984-01-21;914.0;1;914.0
1984-01-22;879.0;1;879.0
1984-01-23;952.0;1;952.0
1984-01-24;1206.0;1;1206.0
1984-01-25;1297.0;1;1297.0
1984-01-26;1304.0;1;1304.0
1984-01-27;1411.0;1;1411.0
1984-01-28;1403.0;1;1403.0
1984-01-29;1072.0;1;1072.0
1984-01-30;1127.0;1;1127.0
1984-01-31;1108.0;1;1108.0
1984-02-01;1018.0;2;1018.0
1984-02-02;889.0;2;889.0
1984-02-03;985.0;2;985.0
1984-02-04;1146.0;2;1146.0
1984-02-05;1228.0;2;1228.0
1984-02-06;1846.0;2;1846.0
1984-02-07;1712.0;2;1712.0
1984-02-08;1727.0;2;1727.0
1984-02-09;1815.0;2;1815.0
1984-02-10;1859.0;2;1859.0
1984-02-11;1349.0;2;1349.0
1984-02-12;1226.0;2;1226.0
1984-02-13;1032.0;2;1032.0
1984-02-14;877.0;2;877.0
1984-02-15;952.0;2;952.0
1984-02-16;1519.0;2;1519.0
1984-02-17;1218.0;2;1218.0
1984-02-18;1602.0;2;1602.0
1984-02-19;2016.0;2;2016.0
1984-02-20;1743.0;2;1743.0
1984-02-21;1260.0;2;1260.0
1984-02-22;1137.0;2;1137.0
1984-02-23;1167.0;2;1167.0
1984-02-24;1140.0;2;1140.0
1984-02-25;1297.0;2;1297.0
1984-02-26;1709.0;2;1709.0
1984-02-27;1249.0;2;1249.0
1984-02-28;1242.0;2;1242.0
1984-02-29;1006.0;2;1006.0
1984-03-01;1371.0;3;1371.0
1984-03-02;1105.0;3;1105.0
1984-03-03;1115.0;3;1115.0
1984-03-04;865.0;3;865.0
1984-03-05;898.0;3;898.0
1984-03-06;838.0;3;838.0
1984-03-07;802.0;3;802.0
1984-03-08;758.0;3;758.0
1984-03-09;914.0;3;914.0
1984-03-10;758.0;3;758.0
1984-03-11;827.0;3;827.0
1984-03-12;814.0;3;814.0
1984-03-13;733.0;3;733.0
1984-03-14;634.0;3;634.0
1984-03-15;592.0;3;592.0
1984-03-16;568.0;3;568.0
1984-03-17;550.0;3;550.0
1984-03-18;534.0;3;534.0
1984-03-19;553.0;3;553.0
1984-03-20;671.0;3;671.0
1984-03-21;772.0;3;772.0
1984-03-22;744.0;3;744.0
1984-03-23;919.0;3;919.0
1984-03-24;915.0;3;915.0
1984-03-25;895.0;3;895.0
1984-03-26;949.0;3;949.0
1984-03-27;936.0;3;936.0
1984-03-28;956.0;3;956.0
1984-03-29;964.0;3;964.0
1984-03-30;1617.0;3;1617.0
1984-03-31;1553.0;3;1553.0
1984-04-01;1633.0;4;1633.0
1984-04-02;1712.0;4;1712.0
1984-04-03;1524.0;4;1524.0
1984-04-04;1312.0;4;1312.0
1984-04-05;1133.0;4;1133.0
1984-04-06;1248.0;4;1248.0
1984-04-07;957.0;4;957.0
1984-04-08;1063.0;4;1063.0
1984-04-09;1075.0;4;1075.0
1984-04-10;1071.0;4;1071.0
1984-04-11;1009.0;4;1009.0
1984-04-12;935.0;4;935.0
1984-04-13;905.0;4;905.0
1984-04-14;953.0;4;953.0
1984-04-15;1001.0;4;1001.0
1984-04-16;1103.0;4;1103.0
1984-04-17;1205.0;4;1205.0
1984-04-18;1106.0;4;1106.0
1984-04-19;988.0;4;988.0
1984-04-20;830.0;4;830.0
1984-04-21;801.0;4;801.0
1984-04-22;882.0;4;882.0
1984-04-23;985.0;4;985.0
1984-04-24;1165.0;4;1165.0
1984-04-25;1542.0;4;1542.0
1984-04-26;1865.0;4;1865.0
1984-04-27;1918.0;4;1918.0
1984-04-28;1930.0;4;1930.0
1984-04-29;2183.0;4;2183.0
1984-04-30;3077.0;4;3077.0
1984-05-01;2548.0;5;2548.0
1984-05-02;2506.0;5;2506.0
1984-05-03;2517.0;5;2517.0
1984-05-04;2570.0;5;2570.0
1984-05-05;1831.0;5;1831.0
1984-05-06;1288.0;5;1288.0
1984-05-07;1080.0;5;1080.0
1984-05-08;1015.0;5;1015.0
1984-05-09;1385.0;5;1385.0
1984-05-10;1487.0;5;1487.0
1984-05-11;1507.0;5;1507.0
1984-05-12;1674.0;5;1674.0
1984-05-13;1309.0;5;1309.0
1984-05-14;1406.0;5;1406.0
1984-05-15;2173.0;5;2173.0
1984-05-16;2241.0;5;2241.0
1984-05-17;2096.0;5;2096.0
1984-05-18;1824.0;5;1824.0
1984-05-19;1719.0;5;1719.0
1984-05-20;1705.0;5;1705.0
1984-05-21;1634.0;5;1634.0
1984-05-22;1633.0;5;1633.0
1984-05-23;1953.0;5;1953.0
1984-05-24;1878.0;5;1878.0
1984-05-25;1930.0;5;1930.0
1984-05-26;2727.0;5;2727.0
1984-05-27;2305.0;5;2305.0
1984-05-28;2766.0;5;2766.0
1984-05-29;2159.0;5;2159.0
1984-05-30;1754.0;5;1754.0
1984-05-31;1413.0;5;1413.0
1984-06-01;1580.0;6;1580.0
1984-06-02;2073.0;6;2073.0
1984-06-03;2324.0;6;2324.0
1984-06-04;2137.0;6;2137.0
1984-06-05;1982.0;6;1982.0
1984-06-06;1758.0;6;1758.0
1984-06-07;1559.0;6;1559.0
1984-06-08;2061.0;6;2061.0
1984-06-09;2072.0;6;2072.0
1984-06-10;1686.0;6;1686.0
1984-06-11;1261.0;6;1261.0
1984-06-12;1221.0;6;1221.0
1984-06-13;1161.0;6;1161.0
1984-06-14;1308.0;6;1308.0
1984-06-15;1757.0;6;1757.0
1984-06-16;1885.0;6;1885.0
1984-06-17;1673.0;6;1673.0
1984-06-18;1297.0;6;1297.0
1984-06-19;1466.0;6;1466.0
1984-06-20;1234.0;6;1234.0
1984-06-21;1092.0;6;1092.0
1984-06-22;954.0;6;954.0
1984-06-23;881.0;6;881.0
1984-06-24;915.0;6;915.0
1984-06-25;1241.0;6;1241.0
1984-06-26;1256.0;6;1256.0
1984-06-27;1028.0;6;1028.0
1984-06-28;1009.0;6;1009.0
1984-06-29;1090.0;6;1090.0
1984-06-30;1340.0;6;1340.0
1984-07-01;1718.0;7;1718.0
1984-07-02;1785.0;7;1785.0
1984-07-03;1697.0;7;1697.0
1984-07-04;1536.0;7;1536.0
1984-07-05;1803.0;7;1803.0
1984-07-06;1786.0;7;1786.0
1984-07-07;1335.0;7;1335.0
1984-07-08;1148.0;7;1148.0
1984-07-09;1094.0;7;1094.0
1984-07-10;1208.0;7;1208.0
1984-07-11;1218.0;7;1218.0
1984-07-12;1100.0;7;1100.0
1984-07-13;1079.0;7;1079.0
1984-07-14;1200.0;7;1200.0
1984-07-15;1175.0;7;1175.0
1984-07-16;1265.0;7;1265.0
1984-07-17;1299.0;7;1299.0
1984-07-18;1189.0;7;1189.0
1984-07-19;1151.0;7;1151.0
1984-07-20;1469.0;7;1469.0
1984-07-21;1764.0;7;1764.0
1984-07-22;1731.0;7;1731.0
1984-07-23;1337.0;7;1337.0
1984-07-24;1086.0;7;1086.0
1984-07-25;973.0;7;973.0
1984-07-26;1074.0;7;1074.0
1984-07-27;1669.0;7;1669.0
1984-07-28;1629.0;7;1629.0
1984-07-29;1036.0;7;1036.0
1984-07-30;1048.0;7;1048.0
1984-07-31;1247.0;7;1247.0
1984-08-01;1352.0;8;1352.0
1984-08-02;1167.0;8;1167.0
1984-08-03;1008.0;8;1008.0
1984-08-04;1072.0;8;1072.0
1984-08-05;1248.0;8;1248.0
1984-08-06;1235.0;8;1235.0
1984-08-07;1083.0;8;1083.0
1984-08-08;907.0;8;907.0
1984-08-09;759.0;8;759.0
1984-08-10;789.0;8;789.0
1984-08-11;1039.0;8;1039.0
1984-08-12;1013.0;8;1013.0
1984-08-13;1219.0;8;1219.0
1984-08-14;1093.0;8;1093.0
1984-08-15;936.0;8;936.0
1984-08-16;834.0;8;834.0
1984-08-17;756.0;8;756.0
1984-08-18;768.0;8;768.0
1984-08-19;991.0;8;991.0
1984-08-20;1396.0;8;1396.0
1984-08-21;1597.0;8;1597.0
1984-08-22;1587.0;8;1587.0
1984-08-23;1596.0;8;1596.0
1984-08-24;1171.0;8;1171.0
1984-08-25;963.0;8;963.0
1984-08-26;1101.0;8;1101.0
1984-08-27;1183.0;8;1183.0
1984-08-28;1225.0;8;1225.0
1984-08-29;1156.0;8;1156.0
1984-08-30;1005.0;8;1005.0
1984-08-31;869.0;8;869.0
1984-09-01;726.0;9;726.0
1984-09-02;688.0;9;688.0
1984-09-03;672.0;9;672.0
1984-09-04;668.0;9;668.0
1984-09-05;602.0;9;602.0
1984-09-06;612.0;9;612.0
1984-09-07;646.0;9;646.0
1984-09-08;691.0;9;691.0
1984-09-09;799.0;9;799.0
1984-09-10;1080.0;9;1080.0
1984-09-11;1475.0;9;1475.0
1984-09-12;1231.0;9;1231.0
1984-09-13;1116.0;9;1116.0
1984-09-14;1171.0;9;1171.0
1984-09-15;1529.0;9;1529.0
1984-09-16;1103.0;9;1103.0
1984-09-17;874.0;9;874.0
1984-09-18;914.0;9;914.0
1984-09-19;1077.0;9;1077.0
1984-09-20;1187.0;9;1187.0
1984-09-21;1227.0;9;1227.0
1984-09-22;2045.0;9;2045.0
1984-09-23;2433.0;9;2433.0
1984-09-24;1856.0;9;1856.0
1984-09-25;1939.0;9;1939.0
1984-09-26;1691.0;9;1691.0
1984-09-27;2068.0;9;2068.0
1984-09-28;1857.0;9;1857.0
1984-09-29;1292.0;9;1292.0
1984-09-30;1140.0;9;1140.0
1984-10-01;1238.0;10;1238.0
1984-10-02;1572.0;10;1572.0
1984-10-03;1255.0;10;1255.0
1984-10-04;1059.0;10;1059.0
1984-10-05;1041.0;10;1041.0
1984-10-06;1469.0;10;1469.0
1984-10-07;1249.0;10;1249.0
1984-10-08;1379.0;10;1379.0
1984-10-09;1589.0;10;1589.0
1984-10-10;1236.0;10;1236.0
1984-10-11;1095.0;10;1095.0
1984-10-12;1077.0;10;1077.0
1984-10-13;1080.0;10;1080.0
1984-10-14;1070.0;10;1070.0
1984-10-15;1102.0;10;1102.0
1984-10-16;1380.0;10;1380.0
1984-10-17;1305.0;10;1305.0
1984-10-18;1397.0;10;1397.0
1984-10-19;1862.0;10;1862.0
1984-10-20;2400.0;10;2400.0
1984-10-21;2469.0;10;2469.0
1984-10-22;1953.0;10;1953.0
1984-10-23;1765.0;10;1765.0
1984-10-24;1849.0;10;1849.0
1984-10-25;1754.0;10;1754.0
1984-10-26;2468.0;10;2468.0
1984-10-27;2553.0;10;2553.0
1984-10-28;1981.0;10;1981.0
1984-10-29;2364.0;10;2364.0
1984-10-30;2584.0;10;2584.0
1984-10-31;2081.0;10;2081.0
1984-11-01;2186.0;11;2186.0
1984-11-02;2363.0;11;2363.0
1984-11-03;2053.0;11;2053.0
1984-11-04;1584.0;11;1584.0
1984-11-05;1344.0;11;1344.0
1984-11-06;1767.0;11;1767.0
1984-11-07;3077.0;11;3077.0
1984-11-08;4121.0;11;4121.0
1984-11-09;3411.0;11;3411.0
1984-11-10;2516.0;11;2516.0
1984-11-11;1772.0;11;1772.0
1984-11-12;1838.0;11;1838.0
1984-11-13;2076.0;11;2076.0
1984-11-14;2369.0;11;2369.0
1984-11-15;2500.0;11;2500.0
1984-11-16;2242.0;11;2242.0
1984-11-17;1812.0;11;1812.0
1984-11-18;1838.0;11;1838.0
1984-11-19;1601.0;11;1601.0
1984-11-20;1398.0;11;1398.0
1984-11-21;1459.0;11;1459.0
1984-11-22;1423.0;11;1423.0
1984-11-23;1611.0;11;1611.0
1984-11-24;1586.0;11;1586.0
1984-11-25;1863.0;11;1863.0
1984-11-26;2386.0;11;2386.0
1984-11-27;2665.0;11;2665.0
1984-11-28;2343.0;11;2343.0
1984-11-29;2382.0;11;2382.0
1984-11-30;2622.0;11;2622.0
1984-12-01;2331.0;12;2331.0
1984-12-02;1955.0;12;1955.0
1984-12-03;1724.0;12;1724.0
1984-12-04;1363.0;12;1363.0
1984-12-05;1173.0;12;1173.0
1984-12-06;1144.0;12;1144.0
1984-12-07;1048.0;12;1048.0
1984-12-08;940.0;12;940.0
1984-12-09;975.0;12;975.0
1984-12-10;1228.0;12;1228.0
1984-12-11;1143.0;12;1143.0
1984-12-12;1469.0;12;1469.0
1984-12-13;1245.0;12;1245.0
1984-12-14;1215.0;12;1215.0
1984-12-15;1161.0;12;1161.0
1984-12-16;1063.0;12;1063.0
1984-12-17;1083.0;12;1083.0
1984-12-18;1022.0;12;1022.0
1984-12-19;1511.0;12;1511.0
1984-12-20;1674.0;12;1674.0
1984-12-21;1632.0;12;1632.0
1984-12-22;1620.0;12;1620.0
1984-12-23;1615.0;12;1615.0
1984-12-24;1679.0;12;1679.0
1984-12-25;1531.0;12;1531.0
1984-12-26;1076.0;12;1076.0
1984-12-27;1145.0;12;1145.0
1984-12-28;985.0;12;985.0
1984-12-29;896.0;12;896.0
1984-12-30;959.0;12;959.0
1984-12-31;868.0;12;868.0
1985-01-01;853.0;1;853.0
1985-01-02;793.0;1;793.0
1985-01-03;753.0;1;753.0
1985-01-04;714.0;1;714.0
1985-01-05;711.0;1;711.0
1985-01-06;880.0;1;880.0
1985-01-07;1057.0;1;1057.0
1985-01-08;1036.0;1;1036.0
1985-01-09;995.0;1;995.0
1985-01-10;963.0;1;963.0
1985-01-11;1059.0;1;1059.0
1985-01-12;921.0;1;921.0
1985-01-13;866.0;1;866.0
1985-01-14;782.0;1;782.0
1985-01-15;723.0;1;723.0
1985-01-16;680.0;1;680.0
1985-01-17;658.0;1;658.0
1985-01-18;637.0;1;637.0
1985-01-19;605.0;1;605.0
1985-01-20;592.0;1;592.0
1985-01-21;569.0;1;569.0
1985-01-22;596.0;1;596.0
1985-01-23;673.0;1;673.0
1985-01-24;899.0;1;899.0
1985-01-25;995.0;1;995.0
1985-01-26;826.0;1;826.0
1985-01-27;707.0;1;707.0
1985-01-28;676.0;1;676.0
1985-01-29;673.0;1;673.0
1985-01-30;684.0;1;684.0
1985-01-31;611.0;1;611.0
1985-02-01;584.0;2;584.0
1985-02-02;551.0;2;551.0
1985-02-03;518.0;2;518.0
1985-02-04;497.0;2;497.0
1985-02-05;483.0;2;483.0
1985-02-06;469.0;2;469.0
1985-02-07;462.0;2;462.0
1985-02-08;453.0;2;453.0
1985-02-09;459.0;2;459.0
1985-02-10;503.0;2;503.0
1985-02-11;592.0;2;592.0
1985-02-12;647.0;2;647.0
1985-02-13;697.0;2;697.0
1985-02-14;592.0;2;592.0
1985-02-15;520.0;2;520.0
1985-02-16;482.0;2;482.0
1985-02-17;480.0;2;480.0
1985-02-18;459.0;2;459.0
1985-02-19;475.0;2;475.0
1985-02-20;418.0;2;418.0
1985-02-21;430.0;2;430.0
1985-02-22;412.0;2;412.0
1985-02-23;415.0;2;415.0
1985-02-24;424.0;2;424.0
1985-02-25;429.0;2;429.0
1985-02-26;453.0;2;453.0
1985-02-27;489.0;2;489.0
1985-02-28;516.0;2;516.0
1985-03-01;489.0;3;489.0
1985-03-02;447.0;3;447.0
1985-03-03;438.0;3;438.0
1985-03-04;432.0;3;432.0
1985-03-05;439.0;3;439.0
1985-03-06;536.0;3;536.0
1985-03-07;620.0;3;620.0
1985-03-08;590.0;3;590.0
1985-03-09;579.0;3;579.0
1985-03-10;532.0;3;532.0
1985-03-11;495.0;3;495.0
1985-03-12;494.0;3;494.0
1985-03-13;621.0;3;621.0
1985-03-14;584.0;3;584.0
1985-03-15;608.0;3;608.0
1985-03-16;519.0;3;519.0
1985-03-17;519.0;3;519.0
1985-03-18;489.0;3;489.0
1985-03-19;565.0;3;565.0
1985-03-20;497.0;3;497.0
1985-03-21;629.0;3;629.0
1985-03-22;602.0;3;602.0
1985-03-23;501.0;3;501.0
1985-03-24;446.0;3;446.0
1985-03-25;421.0;3;421.0
1985-03-26;386.0;3;386.0
1985-03-27;379.0;3;379.0
1985-03-28;383.0;3;383.0
1985-03-29;384.0;3;384.0
1985-03-30;457.0;3;457.0
1985-03-31;527.0;3;527.0
1985-04-01;733.0;4;733.0
1985-04-02;1115.0;4;1115.0
1985-04-03;1055.0;4;1055.0
1985-04-04;874.0;4;874.0
1985-04-05;726.0;4;726.0
1985-04-06;810.0;4;810.0
1985-04-07;746.0;4;746.0
1985-04-08;693.0;4;693.0
1985-04-09;728.0;4;728.0
1985-04-10;681.0;4;681.0
1985-04-11;842.0;4;842.0
1985-04-12;677.0;4;677.0
1985-04-13;588.0;4;588.0
1985-04-14;534.0;4;534.0
1985-04-15;513.0;4;513.0
1985-04-16;463.0;4;463.0
1985-04-17;439.0;4;439.0
1985-04-18;455.0;4;455.0
1985-04-19;643.0;4;643.0
1985-04-20;598.0;4;598.0
1985-04-21;532.0;4;532.0
1985-04-22;628.0;4;628.0
1985-04-23;796.0;4;796.0
1985-04-24;1326.0;4;1326.0
1985-04-25;1488.0;4;1488.0
1985-04-26;1705.0;4;1705.0
1985-04-27;1639.0;4;1639.0
1985-04-28;1432.0;4;1432.0
1985-04-29;1146.0;4;1146.0
1985-04-30;896.0;4;896.0
1985-05-01;1156.0;5;1156.0
1985-05-02;1042.0;5;1042.0
1985-05-03;896.0;5;896.0
1985-05-04;806.0;5;806.0
1985-05-05;914.0;5;914.0
1985-05-06;832.0;5;832.0
1985-05-07;755.0;5;755.0
1985-05-08;772.0;5;772.0
1985-05-09;842.0;5;842.0
1985-05-10;1079.0;5;1079.0
1985-05-11;965.0;5;965.0
1985-05-12;1663.0;5;1663.0
1985-05-13;2592.0;5;2592.0
1985-05-14;1785.0;5;1785.0
1985-05-15;1642.0;5;1642.0
1985-05-16;1401.0;5;1401.0
1985-05-17;1738.0;5;1738.0
1985-05-18;1551.0;5;1551.0
1985-05-19;1537.0;5;1537.0
1985-05-20;1588.0;5;1588.0
1985-05-21;1271.0;5;1271.0
1985-05-22;1106.0;5;1106.0
1985-05-23;1059.0;5;1059.0
1985-05-24;1109.0;5;1109.0
1985-05-25;1215.0;5;1215.0
1985-05-26;1225.0;5;1225.0
1985-05-27;1411.0;5;1411.0
1985-05-28;1413.0;5;1413.0
1985-05-29;1381.0;5;1381.0
1985-05-30;1624.0;5;1624.0
1985-05-31;1838.0;5;1838.0
1985-06-01;1777.0;6;1777.0
1985-06-02;2052.0;6;2052.0
1985-06-03;2330.0;6;2330.0
1985-06-04;2125.0;6;2125.0
1985-06-05;1929.0;6;1929.0
1985-06-06;1678.0;6;1678.0
1985-06-07;1403.0;6;1403.0
1985-06-08;1256.0;6;1256.0
1985-06-09;1333.0;6;1333.0
1985-06-10;1770.0;6;1770.0
1985-06-11;1733.0;6;1733.0
1985-06-12;1581.0;6;1581.0
1985-06-13;1175.0;6;1175.0
1985-06-14;928.0;6;928.0
1985-06-15;831.0;6;831.0
1985-06-16;765.0;6;765.0
1985-06-17;854.0;6;854.0
1985-06-18;960.0;6;960.0
1985-06-19;1051.0;6;1051.0
1985-06-20;1254.0;6;1254.0
1985-06-21;1236.0;6;1236.0
1985-06-22;962.0;6;962.0
1985-06-23;1102.0;6;1102.0
1985-06-24;1313.0;6;1313.0
1985-06-25;1338.0;6;1338.0
1985-06-26;1447.0;6;1447.0
1985-06-27;1522.0;6;1522.0
1985-06-28;1525.0;6;1525.0
1985-06-29;1340.0;6;1340.0
1985-06-30;1107.0;6;1107.0
1985-07-01;1140.0;7;1140.0
1985-07-02;1082.0;7;1082.0
1985-07-03;782.0;7;782.0
1985-07-04;801.0;7;801.0
1985-07-05;814.0;7;814.0
1985-07-06;874.0;7;874.0
1985-07-07;799.0;7;799.0
1985-07-08;801.0;7;801.0
1985-07-09;859.0;7;859.0
1985-07-10;857.0;7;857.0
1985-07-11;791.0;7;791.0
1985-07-12;825.0;7;825.0
1985-07-13;1224.0;7;1224.0
1985-07-14;1592.0;7;1592.0
1985-07-15;1921.0;7;1921.0
1985-07-16;1853.0;7;1853.0
1985-07-17;2058.0;7;2058.0
1985-07-18;2000.0;7;2000.0
1985-07-19;1605.0;7;1605.0
1985-07-20;1276.0;7;1276.0
1985-07-21;976.0;7;976.0
1985-07-22;1261.0;7;1261.0
1985-07-23;1314.0;7;1314.0
1985-07-24;1001.0;7;1001.0
1985-07-25;910.0;7;910.0
1985-07-26;957.0;7;957.0
1985-07-27;927.0;7;927.0
1985-07-28;929.0;7;929.0
1985-07-29;875.0;7;875.0
1985-07-30;1121.0;7;1121.0
1985-07-31;1139.0;7;1139.0
1985-08-01;1200.0;8;1200.0
1985-08-02;990.0;8;990.0
1985-08-03;916.0;8;916.0
1985-08-04;910.0;8;910.0
1985-08-05;1228.0;8;1228.0
1985-08-06;1386.0;8;1386.0
1985-08-07;1274.0;8;1274.0
1985-08-08;1184.0;8;1184.0
1985-08-09;1495.0;8;1495.0
1985-08-10;1530.0;8;1530.0
1985-08-11;1634.0;8;1634.0
1985-08-12;1322.0;8;1322.0
1985-08-13;980.0;8;980.0
1985-08-14;795.0;8;795.0
1985-08-15;837.0;8;837.0
1985-08-16;1031.0;8;1031.0
1985-08-17;897.0;8;897.0
1985-08-18;1038.0;8;1038.0
1985-08-19;1158.0;8;1158.0
1985-08-20;1212.0;8;1212.0
1985-08-21;1313.0;8;1313.0
1985-08-22;1802.0;8;1802.0
1985-08-23;1778.0;8;1778.0
1985-08-24;1476.0;8;1476.0
1985-08-25;1190.0;8;1190.0
1985-08-26;1059.0;8;1059.0
1985-08-27;1266.0;8;1266.0
1985-08-28;1231.0;8;1231.0
1985-08-29;1021.0;8;1021.0
1985-08-30;1054.0;8;1054.0
1985-08-31;1316.0;8;1316.0
1985-09-01;1254.0;9;1254.0
1985-09-02;930.0;9;930.0
1985-09-03;791.0;9;791.0
1985-09-04;937.0;9;937.0
1985-09-05;971.0;9;971.0
1985-09-06;982.0;9;982.0
1985-09-07;1002.0;9;1002.0
1985-09-08;1152.0;9;1152.0
1985-09-09;1253.0;9;1253.0
1985-09-10;1236.0;9;1236.0
1985-09-11;1150.0;9;1150.0
1985-09-12;1051.0;9;1051.0
1985-09-13;1017.0;9;1017.0
1985-09-14;955.0;9;955.0
1985-09-15;846.0;9;846.0
1985-09-16;965.0;9;965.0
1985-09-17;787.0;9;787.0
1985-09-18;730.0;9;730.0
1985-09-19;659.0;9;659.0
1985-09-20;665.0;9;665.0
1985-09-21;587.0;9;587.0
1985-09-22;699.0;9;699.0
1985-09-23;661.0;9;661.0
1985-09-24;650.0;9;650.0
1985-09-25;738.0;9;738.0
1985-09-26;924.0;9;924.0
1985-09-27;1346.0;9;1346.0
1985-09-28;1483.0;9;1483.0
1985-09-29;1383.0;9;1383.0
1985-09-30;1555.0;9;1555.0
1985-10-01;1388.0;10;1388.0
1985-10-02;1225.0;10;1225.0
1985-10-03;1239.0;10;1239.0
1985-10-04;1143.0;10;1143.0
1985-10-05;1083.0;10;1083.0
1985-10-06;1104.0;10;1104.0
1985-10-07;1300.0;10;1300.0
1985-10-08;1182.0;10;1182.0
1985-10-09;1286.0;10;1286.0
1985-10-10;1669.0;10;1669.0
1985-10-11;1735.0;10;1735.0
1985-10-12;1306.0;10;1306.0
1985-10-13;1003.0;10;1003.0
1985-10-14;821.0;10;821.0
1985-10-15;741.0;10;741.0
1985-10-16;710.0;10;710.0
1985-10-17;663.0;10;663.0
1985-10-18;673.0;10;673.0
1985-10-19;704.0;10;704.0
1985-10-20;1140.0;10;1140.0
1985-10-21;1639.0;10;1639.0
1985-10-22;1256.0;10;1256.0
1985-10-23;1525.0;10;1525.0
1985-10-24;1895.0;10;1895.0
1985-10-25;1946.0;10;1946.0
1985-10-26;1444.0;10;1444.0
1985-10-27;1201.0;10;1201.0
1985-10-28;1230.0;10;1230.0
1985-10-29;2130.0;10;2130.0
1985-10-30;2212.0;10;2212.0
1985-10-31;1681.0;10;1681.0
1985-11-01;1274.0;11;1274.0
1985-11-02;1001.0;11;1001.0
1985-11-03;813.0;11;813.0
1985-11-04;735.0;11;735.0
1985-11-05;737.0;11;737.0
1985-11-06;770.0;11;770.0
1985-11-07;961.0;11;961.0
1985-11-08;1157.0;11;1157.0
1985-11-09;1012.0;11;1012.0
1985-11-10;979.0;11;979.0
1985-11-11;963.0;11;963.0
1985-11-12;1067.0;11;1067.0
1985-11-13;1079.0;11;1079.0
1985-11-14;1685.0;11;1685.0
1985-11-15;2687.0;11;2687.0
1985-11-16;2125.0;11;2125.0
1985-11-17;2026.0;11;2026.0
1985-11-18;1407.0;11;1407.0
1985-11-19;1245.0;11;1245.0
1985-11-20;1111.0;11;1111.0
1985-11-21;1867.0;11;1867.0
1985-11-22;1822.0;11;1822.0
1985-11-23;1398.0;11;1398.0
1985-11-24;1554.0;11;1554.0
1985-11-25;1257.0;11;1257.0
1985-11-26;1044.0;11;1044.0
1985-11-27;930.0;11;930.0
1985-11-28;999.0;11;999.0
1985-11-29;1066.0;11;1066.0
1985-11-30;1603.0;11;1603.0
1985-12-01;1398.0;12;1398.0
1985-12-02;1048.0;12;1048.0
1985-12-03;1081.0;12;1081.0
1985-12-04;1123.0;12;1123.0
1985-12-05;1604.0;12;1604.0
1985-12-06;1347.0;12;1347.0
1985-12-07;1202.0;12;1202.0
1985-12-08;1455.0;12;1455.0
1985-12-09;1501.0;12;1501.0
1985-12-10;1483.0;12;1483.0
1985-12-11;1341.0;12;1341.0
1985-12-12;1430.0;12;1430.0
1985-12-13;1317.0;12;1317.0
1985-12-14;1028.0;12;1028.0
1985-12-15;1042.0;12;1042.0
1985-12-16;887.0;12;887.0
1985-12-17;810.0;12;810.0
1985-12-18;716.0;12;716.0
1985-12-19;646.0;12;646.0
1985-12-20;620.0;12;620.0
1985-12-21;646.0;12;646.0
1985-12-22;620.0;12;620.0
1985-12-23;584.0;12;584.0
1985-12-24;601.0;12;601.0
1985-12-25;586.0;12;586.0
1985-12-26;558.0;12;558.0
1985-12-27;570.0;12;570.0
1985-12-28;586.0;12;586.0
1985-12-29;773.0;12;773.0
1985-12-30;986.0;12;986.0
1985-12-31;881.0;12;881.0
1986-01-01;750.0;1;750.0
1986-01-02;618.0;1;618.0
1986-01-03;547.0;1;547.0
1986-01-04;511.0;1;511.0
1986-01-05;500.0;1;500.0
1986-01-06;486.0;1;486.0
1986-01-07;643.0;1;643.0
1986-01-08;549.0;1;549.0
1986-01-09;500.0;1;500.0
1986-01-10;484.0;1;484.0
1986-01-11;463.0;1;463.0
1986-01-12;495.0;1;495.0
1986-01-13;471.0;1;471.0
1986-01-14;471.0;1;471.0
1986-01-15;478.0;1;478.0
1986-01-16;691.0;1;691.0
1986-01-17;581.0;1;581.0
1986-01-18;664.0;1;664.0
1986-01-19;954.0;1;954.0
1986-01-20;1332.0;1;1332.0
1986-01-21;1428.0;1;1428.0
1986-01-22;1133.0;1;1133.0
1986-01-23;876.0;1;876.0
1986-01-24;1004.0;1;1004.0
1986-01-25;792.0;1;792.0
1986-01-26;804.0;1;804.0
1986-01-27;898.0;1;898.0
1986-01-28;876.0;1;876.0
1986-01-29;786.0;1;786.0
1986-01-30;782.0;1;782.0
1986-01-31;769.0;1;769.0
1986-02-01;817.0;2;817.0
1986-02-02;844.0;2;844.0
1986-02-03;735.0;2;735.0
1986-02-04;716.0;2;716.0
1986-02-05;713.0;2;713.0
1986-02-06;721.0;2;721.0
1986-02-07;722.0;2;722.0
1986-02-08;626.0;2;626.0
1986-02-09;555.0;2;555.0
1986-02-10;639.0;2;639.0
1986-02-11;569.0;2;569.0
1986-02-12;597.0;2;597.0
1986-02-13;756.0;2;756.0
1986-02-14;815.0;2;815.0
1986-02-15;748.0;2;748.0
1986-02-16;1128.0;2;1128.0
1986-02-17;1174.0;2;1174.0
1986-02-18;1275.0;2;1275.0
1986-02-19;1770.0;2;1770.0
1986-02-20;1411.0;2;1411.0
1986-02-21;1128.0;2;1128.0
1986-02-22;1112.0;2;1112.0
1986-02-23;1092.0;2;1092.0
1986-02-24;1673.0;2;1673.0
1986-02-25;1792.0;2;1792.0
1986-02-26;2183.0;2;2183.0
1986-02-27;1655.0;2;1655.0
1986-02-28;1647.0;2;1647.0
1986-03-01;2324.0;3;2324.0
1986-03-02;2331.0;3;2331.0
1986-03-03;2117.0;3;2117.0
1986-03-04;1951.0;3;1951.0
1986-03-05;2078.0;3;2078.0
1986-03-06;1779.0;3;1779.0
1986-03-07;1455.0;3;1455.0
1986-03-08;1449.0;3;1449.0
1986-03-09;1336.0;3;1336.0
1986-03-10;1232.0;3;1232.0
1986-03-11;1754.0;3;1754.0
1986-03-12;2258.0;3;2258.0
1986-03-13;2360.0;3;2360.0
1986-03-14;2497.0;3;2497.0
1986-03-15;2451.0;3;2451.0
1986-03-16;2363.0;3;2363.0
1986-03-17;2559.0;3;2559.0
1986-03-18;1882.0;3;1882.0
1986-03-19;1422.0;3;1422.0
1986-03-20;1299.0;3;1299.0
1986-03-21;1110.0;3;1110.0
1986-03-22;1235.0;3;1235.0
1986-03-23;1253.0;3;1253.0
1986-03-24;1199.0;3;1199.0
1986-03-25;1283.0;3;1283.0
1986-03-26;1161.0;3;1161.0
1986-03-27;1030.0;3;1030.0
1986-03-28;1073.0;3;1073.0
1986-03-29;1115.0;3;1115.0
1986-03-30;1002.0;3;1002.0
1986-03-31;938.0;3;938.0
1986-04-01;1016.0;4;1016.0
1986-04-02;938.0;4;938.0
1986-04-03;904.0;4;904.0
1986-04-04;938.0;4;938.0
1986-04-05;1362.0;4;1362.0
1986-04-06;1354.0;4;1354.0
1986-04-07;1647.0;4;1647.0
1986-04-08;2710.0;4;2710.0
1986-04-09;2514.0;4;2514.0
1986-04-10;2453.0;4;2453.0
1986-04-11;1631.0;4;1631.0
1986-04-12;1485.0;4;1485.0
1986-04-13;1232.0;4;1232.0
1986-04-14;1212.0;4;1212.0
1986-04-15;1018.0;4;1018.0
1986-04-16;1123.0;4;1123.0
1986-04-17;1118.0;4;1118.0
1986-04-18;1174.0;4;1174.0
1986-04-19;2109.0;4;2109.0
1986-04-20;1675.0;4;1675.0
1986-04-21;2829.0;4;2829.0
1986-04-22;2003.0;4;2003.0
1986-04-23;1774.0;4;1774.0
1986-04-24;1745.0;4;1745.0
1986-04-25;1327.0;4;1327.0
1986-04-26;2096.0;4;2096.0
1986-04-27;1804.0;4;1804.0
1986-04-28;1674.0;4;1674.0
1986-04-29;1802.0;4;1802.0
1986-04-30;1477.0;4;1477.0
1986-05-01;1443.0;5;1443.0
1986-05-02;1101.0;5;1101.0
1986-05-03;995.0;5;995.0
1986-05-04;918.0;5;918.0
1986-05-05;1104.0;5;1104.0
1986-05-06;1576.0;5;1576.0
1986-05-07;1534.0;5;1534.0
1986-05-08;1133.0;5;1133.0
1986-05-09;1009.0;5;1009.0
1986-05-10;1194.0;5;1194.0
1986-05-11;1080.0;5;1080.0
1986-05-12;999.0;5;999.0
1986-05-13;1144.0;5;1144.0
1986-05-14;933.0;5;933.0
1986-05-15;1121.0;5;1121.0
1986-05-16;1222.0;5;1222.0
1986-05-17;1132.0;5;1132.0
1986-05-18;1057.0;5;1057.0
1986-05-19;896.0;5;896.0
1986-05-20;990.0;5;990.0
1986-05-21;1019.0;5;1019.0
1986-05-22;930.0;5;930.0
1986-05-23;1022.0;5;1022.0
1986-05-24;1421.0;5;1421.0
1986-05-25;1512.0;5;1512.0
1986-05-26;2130.0;5;2130.0
1986-05-27;2490.0;5;2490.0
1986-05-28;1969.0;5;1969.0
1986-05-29;2704.0;5;2704.0
1986-05-30;1800.0;5;1800.0
1986-05-31;1300.0;5;1300.0
1986-06-01;1194.0;6;1194.0
1986-06-02;1445.0;6;1445.0
1986-06-03;1823.0;6;1823.0
1986-06-04;1819.0;6;1819.0
1986-06-05;1525.0;6;1525.0
1986-06-06;1728.0;6;1728.0
1986-06-07;1885.0;6;1885.0
1986-06-08;1504.0;6;1504.0
1986-06-09;1366.0;6;1366.0
1986-06-10;1448.0;6;1448.0
1986-06-11;1242.0;6;1242.0
1986-06-12;1128.0;6;1128.0
1986-06-13;1048.0;6;1048.0
1986-06-14;1078.0;6;1078.0
1986-06-15;1097.0;6;1097.0
1986-06-16;1117.0;6;1117.0
1986-06-17;1076.0;6;1076.0
1986-06-18;1154.0;6;1154.0
1986-06-19;1315.0;6;1315.0
1986-06-20;1574.0;6;1574.0
1986-06-21;2133.0;6;2133.0
1986-06-22;2720.0;6;2720.0
1986-06-23;2352.0;6;2352.0
1986-06-24;2211.0;6;2211.0
1986-06-25;2695.0;6;2695.0
1986-06-26;2153.0;6;2153.0
1986-06-27;2264.0;6;2264.0
1986-06-28;2433.0;6;2433.0
1986-06-29;2324.0;6;2324.0
1986-06-30;2627.0;6;2627.0
1986-07-01;2587.0;7;2587.0
1986-07-02;2436.0;7;2436.0
1986-07-03;2673.0;7;2673.0
1986-07-04;2692.0;7;2692.0
1986-07-05;2667.0;7;2667.0
1986-07-06;2603.0;7;2603.0
1986-07-07;2566.0;7;2566.0
1986-07-08;3011.0;7;3011.0
1986-07-09;2763.0;7;2763.0
1986-07-10;2421.0;7;2421.0
1986-07-11;2333.0;7;2333.0
1986-07-12;2291.0;7;2291.0
1986-07-13;2187.0;7;2187.0
1986-07-14;1988.0;7;1988.0
1986-07-15;1539.0;7;1539.0
1986-07-16;1725.0;7;1725.0
1986-07-17;1327.0;7;1327.0
1986-07-18;1469.0;7;1469.0
1986-07-19;1702.0;7;1702.0
1986-07-20;1499.0;7;1499.0
1986-07-21;1077.0;7;1077.0
1986-07-22;954.0;7;954.0
1986-07-23;1670.0;7;1670.0
1986-07-24;2181.0;7;2181.0
1986-07-25;2466.0;7;2466.0
1986-07-26;2124.0;7;2124.0
1986-07-27;1725.0;7;1725.0
1986-07-28;1408.0;7;1408.0
1986-07-29;1034.0;7;1034.0
1986-07-30;926.0;7;926.0
1986-07-31;917.0;7;917.0
1986-08-01;957.0;8;957.0
1986-08-02;1039.0;8;1039.0
1986-08-03;1316.0;8;1316.0
1986-08-04;1443.0;8;1443.0
1986-08-05;1283.0;8;1283.0
1986-08-06;1143.0;8;1143.0
1986-08-07;1337.0;8;1337.0
1986-08-08;1174.0;8;1174.0
1986-08-09;1181.0;8;1181.0
1986-08-10;1064.0;8;1064.0
1986-08-11;993.0;8;993.0
1986-08-12;755.0;8;755.0
1986-08-13;858.0;8;858.0
1986-08-14;949.0;8;949.0
1986-08-15;1007.0;8;1007.0
1986-08-16;810.0;8;810.0
1986-08-17;716.0;8;716.0
1986-08-18;868.0;8;868.0
1986-08-19;1105.0;8;1105.0
1986-08-20;1163.0;8;1163.0
1986-08-21;878.0;8;878.0
1986-08-22;806.0;8;806.0
1986-08-23;706.0;8;706.0
1986-08-24;654.0;8;654.0
1986-08-25;669.0;8;669.0
1986-08-26;659.0;8;659.0
1986-08-27;759.0;8;759.0
1986-08-28;688.0;8;688.0
1986-08-29;764.0;8;764.0
1986-08-30;731.0;8;731.0
1986-08-31;705.0;8;705.0
1986-09-01;659.0;9;659.0
1986-09-02;646.0;9;646.0
1986-09-03;622.0;9;622.0
1986-09-04;601.0;9;601.0
1986-09-05;605.0;9;605.0
1986-09-06;643.0;9;643.0
1986-09-07;670.0;9;670.0
1986-09-08;668.0;9;668.0
1986-09-09;709.0;9;709.0
1986-09-10;817.0;9;817.0
1986-09-11;866.0;9;866.0
1986-09-12;941.0;9;941.0
1986-09-13;914.0;9;914.0
1986-09-14;774.0;9;774.0
1986-09-15;744.0;9;744.0
1986-09-16;620.0;9;620.0
1986-09-17;631.0;9;631.0
1986-09-18;530.0;9;530.0
1986-09-19;497.0;9;497.0
1986-09-20;515.0;9;515.0
1986-09-21;599.0;9;599.0
1986-09-22;799.0;9;799.0
1986-09-23;945.0;9;945.0
1986-09-24;826.0;9;826.0
1986-09-25;857.0;9;857.0
1986-09-26;1068.0;9;1068.0
1986-09-27;1126.0;9;1126.0
1986-09-28;1244.0;9;1244.0
1986-09-29;1448.0;9;1448.0
1986-09-30;1729.0;9;1729.0
1986-10-01;1469.0;10;1469.0
1986-10-02;1520.0;10;1520.0
1986-10-03;1438.0;10;1438.0
1986-10-04;1306.0;10;1306.0
1986-10-05;1621.0;10;1621.0
1986-10-06;1528.0;10;1528.0
1986-10-07;1711.0;10;1711.0
1986-10-08;1731.0;10;1731.0
1986-10-09;1443.0;10;1443.0
1986-10-10;1460.0;10;1460.0
1986-10-11;1199.0;10;1199.0
1986-10-12;1250.0;10;1250.0
1986-10-13;1345.0;10;1345.0
1986-10-14;1992.0;10;1992.0
1986-10-15;2818.0;10;2818.0
1986-10-16;3210.0;10;3210.0
1986-10-17;3110.0;10;3110.0
1986-10-18;2307.0;10;2307.0
1986-10-19;2868.0;10;2868.0
1986-10-20;3077.0;10;3077.0
1986-10-21;2729.0;10;2729.0
1986-10-22;2618.0;10;2618.0
1986-10-23;2831.0;10;2831.0
1986-10-24;3077.0;10;3077.0
1986-10-25;2466.0;10;2466.0
1986-10-26;2430.0;10;2430.0
1986-10-27;2559.0;10;2559.0
1986-10-28;2774.0;10;2774.0
1986-10-29;2300.0;10;2300.0
1986-10-30;2004.0;10;2004.0
1986-10-31;2488.0;10;2488.0
1986-11-01;2952.0;11;2952.0
1986-11-02;-999.000;11;1441.0
1986-11-03;2886.0;11;2886.0
1986-11-04;2793.0;11;2793.0
1986-11-05;2299.0;11;2299.0
1986-11-06;2601.0;11;2601.0
1986-11-07;2358.0;11;2358.0
1986-11-08;1864.0;11;1864.0
1986-11-09;1685.0;11;1685.0
1986-11-10;1786.0;11;1786.0
1986-11-11;1842.0;11;1842.0
1986-11-12;1469.0;11;1469.0
1986-11-13;1424.0;11;1424.0
1986-11-14;1493.0;11;1493.0
1986-11-15;1237.0;11;1237.0
1986-11-16;1057.0;11;1057.0
1986-11-17;942.0;11;942.0
1986-11-18;950.0;11;950.0
1986-11-19;1164.0;11;1164.0
1986-11-20;1339.0;11;1339.0
1986-11-21;1129.0;11;1129.0
1986-11-22;1261.0;11;1261.0
1986-11-23;1324.0;11;1324.0
1986-11-24;1825.0;11;1825.0
1986-11-25;1674.0;11;1674.0
1986-11-26;1330.0;11;1330.0
1986-11-27;995.0;11;995.0
1986-11-28;1410.0;11;1410.0
1986-11-29;1127.0;11;1127.0
1986-11-30;942.0;11;942.0
1986-12-01;897.0;12;897.0
1986-12-02;823.0;12;823.0
1986-12-03;810.0;12;810.0
1986-12-04;780.0;12;780.0
1986-12-05;972.0;12;972.0
1986-12-06;1053.0;12;1053.0
1986-12-07;1100.0;12;1100.0
1986-12-08;987.0;12;987.0
1986-12-09;1046.0;12;1046.0
1986-12-10;967.0;12;967.0
1986-12-11;865.0;12;865.0
1986-12-12;791.0;12;791.0
1986-12-13;827.0;12;827.0
1986-12-14;787.0;12;787.0
1986-12-15;761.0;12;761.0
1986-12-16;945.0;12;945.0
1986-12-17;856.0;12;856.0
1986-12-18;847.0;12;847.0
1986-12-19;789.0;12;789.0
1986-12-20;682.0;12;682.0
1986-12-21;784.0;12;784.0
1986-12-22;731.0;12;731.0
1986-12-23;711.0;12;711.0
1986-12-24;736.0;12;736.0
1986-12-25;869.0;12;869.0
1986-12-26;718.0;12;718.0
1986-12-27;742.0;12;742.0
1986-12-28;682.0;12;682.0
1986-12-29;654.0;12;654.0
1986-12-30;746.0;12;746.0
1986-12-31;669.0;12;669.0
1987-01-01;821.0;1;821.0
1987-01-02;829.0;1;829.0
1987-01-03;709.0;1;709.0
1987-01-04;626.0;1;626.0
1987-01-05;598.0;1;598.0
1987-01-06;586.0;1;586.0
1987-01-07;588.0;1;588.0
1987-01-08;829.0;1;829.0
1987-01-09;861.0;1;861.0
1987-01-10;897.0;1;897.0
1987-01-11;800.0;1;800.0
1987-01-12;630.0;1;630.0
1987-01-13;572.0;1;572.0
1987-01-14;539.0;1;539.0
1987-01-15;518.0;1;518.0
1987-01-16;487.0;1;487.0
1987-01-17;472.0;1;472.0
1987-01-18;485.0;1;485.0
1987-01-19;483.0;1;483.0
1987-01-20;456.0;1;456.0
1987-01-21;462.0;1;462.0
1987-01-22;458.0;1;458.0
1987-01-23;492.0;1;492.0
1987-01-24;596.0;1;596.0
1987-01-25;512.0;1;512.0
1987-01-26;470.0;1;470.0
1987-01-27;523.0;1;523.0
1987-01-28;636.0;1;636.0
1987-01-29;668.0;1;668.0
1987-01-30;546.0;1;546.0
1987-01-31;515.0;1;515.0
1987-02-01;578.0;2;578.0
1987-02-02;618.0;2;618.0
1987-02-03;524.0;2;524.0
1987-02-04;536.0;2;536.0
1987-02-05;531.0;2;531.0
1987-02-06;516.0;2;516.0
1987-02-07;508.0;2;508.0
1987-02-08;518.0;2;518.0
1987-02-09;482.0;2;482.0
1987-02-10;476.0;2;476.0
1987-02-11;521.0;2;521.0
1987-02-12;640.0;2;640.0
1987-02-13;817.0;2;817.0
1987-02-14;797.0;2;797.0
1987-02-15;978.0;2;978.0
1987-02-16;759.0;2;759.0
1987-02-17;724.0;2;724.0
1987-02-18;642.0;2;642.0
1987-02-19;593.0;2;593.0
1987-02-20;604.0;2;604.0
1987-02-21;581.0;2;581.0
1987-02-22;528.0;2;528.0
1987-02-23;509.0;2;509.0
1987-02-24;496.0;2;496.0
1987-02-25;465.0;2;465.0
1987-02-26;412.0;2;412.0
1987-02-27;439.0;2;439.0
1987-02-28;434.0;2;434.0
1987-03-01;405.0;3;405.0
1987-03-02;397.0;3;397.0
1987-03-03;411.0;3;411.0
1987-03-04;449.0;3;449.0
1987-03-05;705.0;3;705.0
1987-03-06;670.0;3;670.0
1987-03-07;726.0;3;726.0
1987-03-08;621.0;3;621.0
1987-03-09;641.0;3;641.0
1987-03-10;531.0;3;531.0
1987-03-11;485.0;3;485.0
1987-03-12;488.0;3;488.0
1987-03-13;455.0;3;455.0
1987-03-14;478.0;3;478.0
1987-03-15;527.0;3;527.0
1987-03-16;584.0;3;584.0
1987-03-17;602.0;3;602.0
1987-03-18;624.0;3;624.0
1987-03-19;573.0;3;573.0
1987-03-20;499.0;3;499.0
1987-03-21;465.0;3;465.0
1987-03-22;419.0;3;419.0
1987-03-23;437.0;3;437.0
1987-03-24;435.0;3;435.0
1987-03-25;405.0;3;405.0
1987-03-26;397.0;3;397.0
1987-03-27;351.0;3;351.0
1987-03-28;514.0;3;514.0
1987-03-29;427.0;3;427.0
1987-03-30;465.0;3;465.0
1987-03-31;596.0;3;596.0
1987-04-01;648.0;4;648.0
1987-04-02;623.0;4;623.0
1987-04-03;1160.0;4;1160.0
1987-04-04;1580.0;4;1580.0
1987-04-05;1038.0;4;1038.0
1987-04-06;1009.0;4;1009.0
1987-04-07;802.0;4;802.0
1987-04-08;691.0;4;691.0
1987-04-09;744.0;4;744.0
1987-04-10;713.0;4;713.0
1987-04-11;614.0;4;614.0
1987-04-12;550.0;4;550.0
1987-04-13;534.0;4;534.0
1987-04-14;534.0;4;534.0
1987-04-15;523.0;4;523.0
1987-04-16;478.0;4;478.0
1987-04-17;481.0;4;481.0
1987-04-18;492.0;4;492.0
1987-04-19;502.0;4;502.0
1987-04-20;553.0;4;553.0
1987-04-21;562.0;4;562.0
1987-04-22;496.0;4;496.0
1987-04-23;518.0;4;518.0
1987-04-24;523.0;4;523.0
1987-04-25;876.0;4;876.0
1987-04-26;845.0;4;845.0
1987-04-27;850.0;4;850.0
1987-04-28;1015.0;4;1015.0
1987-04-29;1291.0;4;1291.0
1987-04-30;1175.0;4;1175.0
1987-05-01;917.0;5;917.0
1987-05-02;1435.0;5;1435.0
1987-05-03;935.0;5;935.0
1987-05-04;1342.0;5;1342.0
1987-05-05;1213.0;5;1213.0
1987-05-06;1374.0;5;1374.0
1987-05-07;2043.0;5;2043.0
1987-05-08;1994.0;5;1994.0
1987-05-09;1349.0;5;1349.0
1987-05-10;1155.0;5;1155.0
1987-05-11;1128.0;5;1128.0
1987-05-12;1054.0;5;1054.0
1987-05-13;1168.0;5;1168.0
1987-05-14;1434.0;5;1434.0
1987-05-15;1364.0;5;1364.0
1987-05-16;1531.0;5;1531.0
1987-05-17;1542.0;5;1542.0
1987-05-18;1449.0;5;1449.0
1987-05-19;1174.0;5;1174.0
1987-05-20;1064.0;5;1064.0
1987-05-21;1240.0;5;1240.0
1987-05-22;1275.0;5;1275.0
1987-05-23;1355.0;5;1355.0
1987-05-24;2217.0;5;2217.0
1987-05-25;2280.0;5;2280.0
1987-05-26;1613.0;5;1613.0
1987-05-27;1700.0;5;1700.0
1987-05-28;1420.0;5;1420.0
1987-05-29;1195.0;5;1195.0
1987-05-30;1032.0;5;1032.0
1987-05-31;984.0;5;984.0
1987-06-01;908.0;6;908.0
1987-06-02;1063.0;6;1063.0
1987-06-03;1035.0;6;1035.0
1987-06-04;930.0;6;930.0
1987-06-05;899.0;6;899.0
1987-06-06;938.0;6;938.0
1987-06-07;903.0;6;903.0
1987-06-08;877.0;6;877.0
1987-06-09;932.0;6;932.0
1987-06-10;1234.0;6;1234.0
1987-06-11;932.0;6;932.0
1987-06-12;954.0;6;954.0
1987-06-13;803.0;6;803.0
1987-06-14;768.0;6;768.0
1987-06-15;789.0;6;789.0
1987-06-16;800.0;6;800.0
1987-06-17;711.0;6;711.0
1987-06-18;679.0;6;679.0
1987-06-19;656.0;6;656.0
1987-06-20;655.0;6;655.0
1987-06-21;815.0;6;815.0
1987-06-22;1206.0;6;1206.0
1987-06-23;976.0;6;976.0
1987-06-24;872.0;6;872.0
1987-06-25;1118.0;6;1118.0
1987-06-26;1108.0;6;1108.0
1987-06-27;1111.0;6;1111.0
1987-06-28;1105.0;6;1105.0
1987-06-29;1022.0;6;1022.0
1987-06-30;982.0;6;982.0
1987-07-01;1054.0;7;1054.0
1987-07-02;902.0;7;902.0
1987-07-03;781.0;7;781.0
1987-07-04;643.0;7;643.0
1987-07-05;862.0;7;862.0
1987-07-06;1319.0;7;1319.0
1987-07-07;1087.0;7;1087.0
1987-07-08;1099.0;7;1099.0
1987-07-09;1064.0;7;1064.0
1987-07-10;986.0;7;986.0
1987-07-11;1155.0;7;1155.0
1987-07-12;1058.0;7;1058.0
1987-07-13;1129.0;7;1129.0
1987-07-14;1177.0;7;1177.0
1987-07-15;1179.0;7;1179.0
1987-07-16;1400.0;7;1400.0
1987-07-17;1232.0;7;1232.0
1987-07-18;1147.0;7;1147.0
1987-07-19;1128.0;7;1128.0
1987-07-20;980.0;7;980.0
1987-07-21;895.0;7;895.0
1987-07-22;793.0;7;793.0
1987-07-23;783.0;7;783.0
1987-07-24;801.0;7;801.0
1987-07-25;1083.0;7;1083.0
1987-07-26;1355.0;7;1355.0
1987-07-27;1128.0;7;1128.0
1987-07-28;967.0;7;967.0
1987-07-29;869.0;7;869.0
1987-07-30;1159.0;7;1159.0
1987-07-31;1541.0;7;1541.0
1987-08-01;1798.0;8;1798.0
1987-08-02;2029.0;8;2029.0
1987-08-03;1881.0;8;1881.0
1987-08-04;1540.0;8;1540.0
1987-08-05;1250.0;8;1250.0
1987-08-06;1178.0;8;1178.0
1987-08-07;1097.0;8;1097.0
1987-08-08;887.0;8;887.0
1987-08-09;920.0;8;920.0
1987-08-10;1058.0;8;1058.0
1987-08-11;1161.0;8;1161.0
1987-08-12;1451.0;8;1451.0
1987-08-13;1720.0;8;1720.0
1987-08-14;1225.0;8;1225.0
1987-08-15;1038.0;8;1038.0
1987-08-16;891.0;8;891.0
1987-08-17;815.0;8;815.0
1987-08-18;775.0;8;775.0
1987-08-19;784.0;8;784.0
1987-08-20;779.0;8;779.0
1987-08-21;775.0;8;775.0
1987-08-22;906.0;8;906.0
1987-08-23;1109.0;8;1109.0
1987-08-24;1681.0;8;1681.0
1987-08-25;1325.0;8;1325.0
1987-08-26;1042.0;8;1042.0
1987-08-27;963.0;8;963.0
1987-08-28;950.0;8;950.0
1987-08-29;922.0;8;922.0
1987-08-30;866.0;8;866.0
1987-08-31;764.0;8;764.0
1987-09-01;790.0;9;790.0
1987-09-02;849.0;9;849.0
1987-09-03;887.0;9;887.0
1987-09-04;770.0;9;770.0
1987-09-05;779.0;9;779.0
1987-09-06;772.0;9;772.0
1987-09-07;887.0;9;887.0
1987-09-08;931.0;9;931.0
1987-09-09;811.0;9;811.0
1987-09-10;776.0;9;776.0
1987-09-11;722.0;9;722.0
1987-09-12;681.0;9;681.0
1987-09-13;675.0;9;675.0
1987-09-14;661.0;9;661.0
1987-09-15;575.0;9;575.0
1987-09-16;579.0;9;579.0
1987-09-17;568.0;9;568.0
1987-09-18;569.0;9;569.0
1987-09-19;545.0;9;545.0
1987-09-20;538.0;9;538.0
1987-09-21;517.0;9;517.0
1987-09-22;579.0;9;579.0
1987-09-23;750.0;9;750.0
1987-09-24;645.0;9;645.0
1987-09-25;584.0;9;584.0
1987-09-26;703.0;9;703.0
1987-09-27;667.0;9;667.0
1987-09-28;629.0;9;629.0
1987-09-29;566.0;9;566.0
1987-09-30;598.0;9;598.0
1987-10-01;770.0;10;770.0
1987-10-02;717.0;10;717.0
1987-10-03;1002.0;10;1002.0
1987-10-04;1160.0;10;1160.0
1987-10-05;1223.0;10;1223.0
1987-10-06;1049.0;10;1049.0
1987-10-07;1021.0;10;1021.0
1987-10-08;951.0;10;951.0
1987-10-09;1193.0;10;1193.0
1987-10-10;1057.0;10;1057.0
1987-10-11;939.0;10;939.0
1987-10-12;825.0;10;825.0
1987-10-13;862.0;10;862.0
1987-10-14;1141.0;10;1141.0
1987-10-15;1228.0;10;1228.0
1987-10-16;1116.0;10;1116.0
1987-10-17;1131.0;10;1131.0
1987-10-18;1050.0;10;1050.0
1987-10-19;1072.0;10;1072.0
1987-10-20;1197.0;10;1197.0
1987-10-21;1463.0;10;1463.0
1987-10-22;1045.0;10;1045.0
1987-10-23;1182.0;10;1182.0
1987-10-24;1165.0;10;1165.0
1987-10-25;1202.0;10;1202.0
1987-10-26;1379.0;10;1379.0
1987-10-27;1151.0;10;1151.0
1987-10-28;2133.0;10;2133.0
1987-10-29;2574.0;10;2574.0
1987-10-30;2336.0;10;2336.0
1987-10-31;2500.0;10;2500.0
1987-11-01;2177.0;11;2177.0
1987-11-02;2057.0;11;2057.0
1987-11-03;1580.0;11;1580.0
1987-11-04;1499.0;11;1499.0
1987-11-05;1628.0;11;1628.0
1987-11-06;1282.0;11;1282.0
1987-11-07;1117.0;11;1117.0
1987-11-08;964.0;11;964.0
1987-11-09;912.0;11;912.0
1987-11-10;958.0;11;958.0
1987-11-11;939.0;11;939.0
1987-11-12;879.0;11;879.0
1987-11-13;879.0;11;879.0
1987-11-14;944.0;11;944.0
1987-11-15;931.0;11;931.0
1987-11-16;938.0;11;938.0
1987-11-17;932.0;11;932.0
1987-11-18;1008.0;11;1008.0
1987-11-19;1222.0;11;1222.0
1987-11-20;1258.0;11;1258.0
1987-11-21;1460.0;11;1460.0
1987-11-22;1730.0;11;1730.0
1987-11-23;1188.0;11;1188.0
1987-11-24;991.0;11;991.0
1987-11-25;1070.0;11;1070.0
1987-11-26;1085.0;11;1085.0
1987-11-27;1053.0;11;1053.0
1987-11-28;1162.0;11;1162.0
1987-11-29;1217.0;11;1217.0
1987-11-30;1329.0;11;1329.0
1987-12-01;1778.0;12;1778.0
1987-12-02;2079.0;12;2079.0
1987-12-03;1671.0;12;1671.0
1987-12-04;1534.0;12;1534.0
1987-12-05;1545.0;12;1545.0
1987-12-06;1789.0;12;1789.0
1987-12-07;1980.0;12;1980.0
1987-12-08;1329.0;12;1329.0
1987-12-09;1072.0;12;1072.0
1987-12-10;1055.0;12;1055.0
1987-12-11;1498.0;12;1498.0
1987-12-12;1247.0;12;1247.0
1987-12-13;1373.0;12;1373.0
1987-12-14;1161.0;12;1161.0
1987-12-15;1021.0;12;1021.0
1987-12-16;908.0;12;908.0
1987-12-17;935.0;12;935.0
1987-12-18;865.0;12;865.0
1987-12-19;869.0;12;869.0
1987-12-20;802.0;12;802.0
1987-12-21;781.0;12;781.0
1987-12-22;795.0;12;795.0
1987-12-23;740.0;12;740.0
1987-12-24;827.0;12;827.0
1987-12-25;783.0;12;783.0
1987-12-26;754.0;12;754.0
1987-12-27;714.0;12;714.0
1987-12-28;703.0;12;703.0
1987-12-29;725.0;12;725.0
1987-12-30;685.0;12;685.0
1987-12-31;714.0;12;714.0
1988-01-01;767.0;1;767.0
1988-01-02;650.0;1;650.0
1988-01-03;630.0;1;630.0
1988-01-04;671.0;1;671.0
1988-01-05;755.0;1;755.0
1988-01-06;645.0;1;645.0
1988-01-07;631.0;1;631.0
1988-01-08;701.0;1;701.0
1988-01-09;746.0;1;746.0
1988-01-10;659.0;1;659.0
1988-01-11;646.0;1;646.0
1988-01-12;620.0;1;620.0
1988-01-13;575.0;1;575.0
1988-01-14;579.0;1;579.0
1988-01-15;585.0;1;585.0
1988-01-16;598.0;1;598.0
1988-01-17;571.0;1;571.0
1988-01-18;828.0;1;828.0
1988-01-19;776.0;1;776.0
1988-01-20;797.0;1;797.0
1988-01-21;897.0;1;897.0
1988-01-22;828.0;1;828.0
1988-01-23;796.0;1;796.0
1988-01-24;796.0;1;796.0
1988-01-25;637.0;1;637.0
1988-01-26;562.0;1;562.0
1988-01-27;515.0;1;515.0
1988-01-28;562.0;1;562.0
1988-01-29;628.0;1;628.0
1988-01-30;693.0;1;693.0
1988-01-31;618.0;1;618.0
1988-02-01;573.0;2;573.0
1988-02-02;530.0;2;530.0
1988-02-03;686.0;2;686.0
1988-02-04;713.0;2;713.0
1988-02-05;616.0;2;616.0
1988-02-06;514.0;2;514.0
1988-02-07;573.0;2;573.0
1988-02-08;552.0;2;552.0
1988-02-09;545.0;2;545.0
1988-02-10;511.0;2;511.0
1988-02-11;686.0;2;686.0
1988-02-12;776.0;2;776.0
1988-02-13;709.0;2;709.0
1988-02-14;807.0;2;807.0
1988-02-15;630.0;2;630.0
1988-02-16;530.0;2;530.0
1988-02-17;585.0;2;585.0
1988-02-18;603.0;2;603.0
1988-02-19;554.0;2;554.0
1988-02-20;541.0;2;541.0
1988-02-21;488.0;2;488.0
1988-02-22;483.0;2;483.0
1988-02-23;791.0;2;791.0
1988-02-24;859.0;2;859.0
1988-02-25;794.0;2;794.0
1988-02-26;745.0;2;745.0
1988-02-27;855.0;2;855.0
1988-02-28;844.0;2;844.0
1988-02-29;739.0;2;739.0
1988-03-01;680.0;3;680.0
1988-03-02;595.0;3;595.0
1988-03-03;557.0;3;557.0
1988-03-04;561.0;3;561.0
1988-03-05;614.0;3;614.0
1988-03-06;528.0;3;528.0
1988-03-07;517.0;3;517.0
1988-03-08;462.0;3;462.0
1988-03-09;675.0;3;675.0
1988-03-10;1050.0;3;1050.0
1988-03-11;776.0;3;776.0
1988-03-12;649.0;3;649.0
1988-03-13;576.0;3;576.0
1988-03-14;498.0;3;498.0
1988-03-15;506.0;3;506.0
1988-03-16;499.0;3;499.0
1988-03-17;574.0;3;574.0
1988-03-18;572.0;3;572.0
1988-03-19;652.0;3;652.0
1988-03-20;604.0;3;604.0
1988-03-21;487.0;3;487.0
1988-03-22;466.0;3;466.0
1988-03-23;441.0;3;441.0
1988-03-24;431.0;3;431.0
1988-03-25;577.0;3;577.0
1988-03-26;573.0;3;573.0
1988-03-27;436.0;3;436.0
1988-03-28;445.0;3;445.0
1988-03-29;426.0;3;426.0
1988-03-30;422.0;3;422.0
1988-03-31;448.0;3;448.0
1988-04-01;440.0;4;440.0
1988-04-02;423.0;4;423.0
1988-04-03;418.0;4;418.0
1988-04-04;474.0;4;474.0
1988-04-05;527.0;4;527.0
1988-04-06;526.0;4;526.0
1988-04-07;735.0;4;735.0
1988-04-08;637.0;4;637.0
1988-04-09;616.0;4;616.0
1988-04-10;797.0;4;797.0
1988-04-11;1178.0;4;1178.0
1988-04-12;1015.0;4;1015.0
1988-04-13;1490.0;4;1490.0
1988-04-14;1657.0;4;1657.0
1988-04-15;1004.0;4;1004.0
1988-04-16;978.0;4;978.0
1988-04-17;786.0;4;786.0
1988-04-18;719.0;4;719.0
1988-04-19;685.0;4;685.0
1988-04-20;666.0;4;666.0
1988-04-21;975.0;4;975.0
1988-04-22;988.0;4;988.0
1988-04-23;891.0;4;891.0
1988-04-24;1097.0;4;1097.0
1988-04-25;1153.0;4;1153.0
1988-04-26;1157.0;4;1157.0
1988-04-27;1015.0;4;1015.0
1988-04-28;881.0;4;881.0
1988-04-29;811.0;4;811.0
1988-04-30;823.0;4;823.0
1988-05-01;887.0;5;887.0
1988-05-02;1152.0;5;1152.0
1988-05-03;1236.0;5;1236.0
1988-05-04;1132.0;5;1132.0
1988-05-05;1085.0;5;1085.0
1988-05-06;893.0;5;893.0
1988-05-07;788.0;5;788.0
1988-05-08;895.0;5;895.0
1988-05-09;1156.0;5;1156.0
1988-05-10;1013.0;5;1013.0
1988-05-11;946.0;5;946.0
1988-05-12;792.0;5;792.0
1988-05-13;806.0;5;806.0
1988-05-14;837.0;5;837.0
1988-05-15;809.0;5;809.0
1988-05-16;963.0;5;963.0
1988-05-17;691.0;5;691.0
1988-05-18;685.0;5;685.0
1988-05-19;777.0;5;777.0
1988-05-20;705.0;5;705.0
1988-05-21;776.0;5;776.0
1988-05-22;859.0;5;859.0
1988-05-23;760.0;5;760.0
1988-05-24;711.0;5;711.0
1988-05-25;831.0;5;831.0
1988-05-26;825.0;5;825.0
1988-05-27;925.0;5;925.0
1988-05-28;869.0;5;869.0
1988-05-29;812.0;5;812.0
1988-05-30;910.0;5;910.0
1988-05-31;881.0;5;881.0
1988-06-01;1266.0;6;1266.0
1988-06-02;1193.0;6;1193.0
1988-06-03;1149.0;6;1149.0
1988-06-04;1161.0;6;1161.0
1988-06-05;1110.0;6;1110.0
1988-06-06;1219.0;6;1219.0
1988-06-07;1068.0;6;1068.0
1988-06-08;988.0;6;988.0
1988-06-09;925.0;6;925.0
1988-06-10;921.0;6;921.0
1988-06-11;1440.0;6;1440.0
1988-06-12;1349.0;6;1349.0
1988-06-13;1208.0;6;1208.0
1988-06-14;1076.0;6;1076.0
1988-06-15;968.0;6;968.0
1988-06-16;1156.0;6;1156.0
1988-06-17;914.0;6;914.0
1988-06-18;1605.0;6;1605.0
1988-06-19;1868.0;6;1868.0
1988-06-20;2051.0;6;2051.0
1988-06-21;1625.0;6;1625.0
1988-06-22;1284.0;6;1284.0
1988-06-23;1337.0;6;1337.0
1988-06-24;1615.0;6;1615.0
1988-06-25;2002.0;6;2002.0
1988-06-26;2198.0;6;2198.0
1988-06-27;1516.0;6;1516.0
1988-06-28;1333.0;6;1333.0
1988-06-29;1154.0;6;1154.0
1988-06-30;1093.0;6;1093.0
1988-07-01;1266.0;7;1266.0
1988-07-02;1110.0;7;1110.0
1988-07-03;1443.0;7;1443.0
1988-07-04;1795.0;7;1795.0
1988-07-05;2198.0;7;2198.0
1988-07-06;2041.0;7;2041.0
1988-07-07;2066.0;7;2066.0
1988-07-08;2013.0;7;2013.0
1988-07-09;1787.0;7;1787.0
1988-07-10;1614.0;7;1614.0
1988-07-11;1389.0;7;1389.0
1988-07-12;1671.0;7;1671.0
1988-07-13;1755.0;7;1755.0
1988-07-14;2501.0;7;2501.0
1988-07-15;2432.0;7;2432.0
1988-07-16;1419.0;7;1419.0
1988-07-17;1303.0;7;1303.0
1988-07-18;1238.0;7;1238.0
1988-07-19;1143.0;7;1143.0
1988-07-20;1200.0;7;1200.0
1988-07-21;1368.0;7;1368.0
1988-07-22;1596.0;7;1596.0
1988-07-23;2007.0;7;2007.0
1988-07-24;1886.0;7;1886.0
1988-07-25;1783.0;7;1783.0
1988-07-26;2283.0;7;2283.0
1988-07-27;2610.0;7;2610.0
1988-07-28;2068.0;7;2068.0
1988-07-29;1349.0;7;1349.0
1988-07-30;1218.0;7;1218.0
1988-07-31;1234.0;7;1234.0
1988-08-01;1013.0;8;1013.0
1988-08-02;1128.0;8;1128.0
1988-08-03;1110.0;8;1110.0
1988-08-04;1156.0;8;1156.0
1988-08-05;1130.0;8;1130.0
1988-08-06;1017.0;8;1017.0
1988-08-07;1044.0;8;1044.0
1988-08-08;864.0;8;864.0
1988-08-09;850.0;8;850.0
1988-08-10;1146.0;8;1146.0
1988-08-11;1150.0;8;1150.0
1988-08-12;1090.0;8;1090.0
1988-08-13;977.0;8;977.0
1988-08-14;991.0;8;991.0
1988-08-15;819.0;8;819.0
1988-08-16;689.0;8;689.0
1988-08-17;777.0;8;777.0
1988-08-18;999.0;8;999.0
1988-08-19;1040.0;8;1040.0
1988-08-20;1157.0;8;1157.0
1988-08-21;1280.0;8;1280.0
1988-08-22;1728.0;8;1728.0
1988-08-23;1513.0;8;1513.0
1988-08-24;1471.0;8;1471.0
1988-08-25;1063.0;8;1063.0
1988-08-26;979.0;8;979.0
1988-08-27;1388.0;8;1388.0
1988-08-28;1161.0;8;1161.0
1988-08-29;1223.0;8;1223.0
1988-08-30;1400.0;8;1400.0
1988-08-31;2041.0;8;2041.0
1988-09-01;1873.0;9;1873.0
1988-09-02;1539.0;9;1539.0
1988-09-03;1447.0;9;1447.0
1988-09-04;1263.0;9;1263.0
1988-09-05;1126.0;9;1126.0
1988-09-06;1002.0;9;1002.0
1988-09-07;888.0;9;888.0
1988-09-08;1145.0;9;1145.0
1988-09-09;1091.0;9;1091.0
1988-09-10;1193.0;9;1193.0
1988-09-11;1729.0;9;1729.0
1988-09-12;1820.0;9;1820.0
1988-09-13;1863.0;9;1863.0
1988-09-14;1688.0;9;1688.0
1988-09-15;1480.0;9;1480.0
1988-09-16;1182.0;9;1182.0
1988-09-17;1051.0;9;1051.0
1988-09-18;881.0;9;881.0
1988-09-19;837.0;9;837.0
1988-09-20;971.0;9;971.0
1988-09-21;1066.0;9;1066.0
1988-09-22;1127.0;9;1127.0
1988-09-23;1009.0;9;1009.0
1988-09-24;977.0;9;977.0
1988-09-25;1005.0;9;1005.0
1988-09-26;890.0;9;890.0
1988-09-27;853.0;9;853.0
1988-09-28;821.0;9;821.0
1988-09-29;713.0;9;713.0
1988-09-30;695.0;9;695.0
1988-10-01;634.0;10;634.0
1988-10-02;1302.0;10;1302.0
1988-10-03;1438.0;10;1438.0
1988-10-04;1835.0;10;1835.0
1988-10-05;1126.0;10;1126.0
1988-10-06;1178.0;10;1178.0
1988-10-07;844.0;10;844.0
1988-10-08;903.0;10;903.0
1988-10-09;833.0;10;833.0
1988-10-10;818.0;10;818.0
1988-10-11;699.0;10;699.0
1988-10-12;655.0;10;655.0
1988-10-13;715.0;10;715.0
1988-10-14;830.0;10;830.0
1988-10-15;1075.0;10;1075.0
1988-10-16;1195.0;10;1195.0
1988-10-17;931.0;10;931.0
1988-10-18;1037.0;10;1037.0
1988-10-19;1322.0;10;1322.0
1988-10-20;1056.0;10;1056.0
1988-10-21;1385.0;10;1385.0
1988-10-22;1399.0;10;1399.0
1988-10-23;1253.0;10;1253.0
1988-10-24;1030.0;10;1030.0
1988-10-25;983.0;10;983.0
1988-10-26;956.0;10;956.0
1988-10-27;862.0;10;862.0
1988-10-28;1124.0;10;1124.0
1988-10-29;1327.0;10;1327.0
1988-10-30;972.0;10;972.0
1988-10-31;1147.0;10;1147.0
1988-11-01;1399.0;11;1399.0
1988-11-02;1205.0;11;1205.0
1988-11-03;1774.0;11;1774.0
1988-11-04;1683.0;11;1683.0
1988-11-05;991.0;11;991.0
1988-11-06;916.0;11;916.0
1988-11-07;1148.0;11;1148.0
1988-11-08;1294.0;11;1294.0
1988-11-09;1984.0;11;1984.0
1988-11-10;2042.0;11;2042.0
1988-11-11;2496.0;11;2496.0
1988-11-12;2640.0;11;2640.0
1988-11-13;2958.0;11;2958.0
1988-11-14;2278.0;11;2278.0
1988-11-15;2641.0;11;2641.0
1988-11-16;3348.0;11;3348.0
1988-11-17;2971.0;11;2971.0
1988-11-18;2893.0;11;2893.0
1988-11-19;2732.0;11;2732.0
1988-11-20;2558.0;11;2558.0
1988-11-21;1896.0;11;1896.0
1988-11-22;1882.0;11;1882.0
1988-11-23;2564.0;11;2564.0
1988-11-24;3017.0;11;3017.0
1988-11-25;3279.0;11;3279.0
1988-11-26;2771.0;11;2771.0
1988-11-27;3000.0;11;3000.0
1988-11-28;2824.0;11;2824.0
1988-11-29;2450.0;11;2450.0
1988-11-30;2620.0;11;2620.0
1988-12-01;2733.0;12;2733.0
1988-12-02;3234.0;12;3234.0
1988-12-03;3506.0;12;3506.0
1988-12-04;4403.0;12;4403.0
1988-12-05;4002.0;12;4002.0
1988-12-06;3933.0;12;3933.0
1988-12-07;3368.0;12;3368.0
1988-12-08;2893.0;12;2893.0
1988-12-09;2681.0;12;2681.0
1988-12-10;2374.0;12;2374.0
1988-12-11;2043.0;12;2043.0
1988-12-12;1954.0;12;1954.0
1988-12-13;1715.0;12;1715.0
1988-12-14;1896.0;12;1896.0
1988-12-15;1676.0;12;1676.0
1988-12-16;1403.0;12;1403.0
1988-12-17;1360.0;12;1360.0
1988-12-18;1219.0;12;1219.0
1988-12-19;1051.0;12;1051.0
1988-12-20;1015.0;12;1015.0
1988-12-21;1032.0;12;1032.0
1988-12-22;1025.0;12;1025.0
1988-12-23;998.0;12;998.0
1988-12-24;1042.0;12;1042.0
1988-12-25;958.0;12;958.0
1988-12-26;1272.0;12;1272.0
1988-12-27;1372.0;12;1372.0
1988-12-28;1366.0;12;1366.0
1988-12-29;1648.0;12;1648.0
1988-12-30;1252.0;12;1252.0
1988-12-31;1288.0;12;1288.0
1989-01-01;1728.0;1;1728.0
1989-01-02;2383.0;1;2383.0
1989-01-03;3154.0;1;3154.0
1989-01-04;2003.0;1;2003.0
1989-01-05;1721.0;1;1721.0
1989-01-06;2562.0;1;2562.0
1989-01-07;1861.0;1;1861.0
1989-01-08;1412.0;1;1412.0
1989-01-09;1476.0;1;1476.0
1989-01-10;1314.0;1;1314.0
1989-01-11;1195.0;1;1195.0
1989-01-12;1071.0;1;1071.0
1989-01-13;918.0;1;918.0
1989-01-14;866.0;1;866.0
1989-01-15;925.0;1;925.0
1989-01-16;851.0;1;851.0
1989-01-17;867.0;1;867.0
1989-01-18;830.0;1;830.0
1989-01-19;929.0;1;929.0
1989-01-20;966.0;1;966.0
1989-01-21;953.0;1;953.0
1989-01-22;916.0;1;916.0
1989-01-23;776.0;1;776.0
1989-01-24;759.0;1;759.0
1989-01-25;927.0;1;927.0
1989-01-26;907.0;1;907.0
1989-01-27;1007.0;1;1007.0
1989-01-28;1052.0;1;1052.0
1989-01-29;1189.0;1;1189.0
1989-01-30;1034.0;1;1034.0
1989-01-31;1063.0;1;1063.0
1989-02-01;1087.0;2;1087.0
1989-02-02;1319.0;2;1319.0
1989-02-03;1241.0;2;1241.0
1989-02-04;1565.0;2;1565.0
1989-02-05;2699.0;2;2699.0
1989-02-06;1399.0;2;1399.0
1989-02-07;1042.0;2;1042.0
1989-02-08;1037.0;2;1037.0
1989-02-09;1089.0;2;1089.0
1989-02-10;1403.0;2;1403.0
1989-02-11;1609.0;2;1609.0
1989-02-12;1083.0;2;1083.0
1989-02-13;893.0;2;893.0
1989-02-14;938.0;2;938.0
1989-02-15;1023.0;2;1023.0
1989-02-16;958.0;2;958.0
1989-02-17;818.0;2;818.0
1989-02-18;816.0;2;816.0
1989-02-19;761.0;2;761.0
1989-02-20;797.0;2;797.0
1989-02-21;785.0;2;785.0
1989-02-22;840.0;2;840.0
1989-02-23;957.0;2;957.0
1989-02-24;1118.0;2;1118.0
1989-02-25;998.0;2;998.0
1989-02-26;1051.0;2;1051.0
1989-02-27;859.0;2;859.0
1989-02-28;1013.0;2;1013.0
1989-03-01;833.0;3;833.0
1989-03-02;1010.0;3;1010.0
1989-03-03;665.0;3;665.0
1989-03-04;939.0;3;939.0
1989-03-05;1373.0;3;1373.0
1989-03-06;1113.0;3;1113.0
1989-03-07;919.0;3;919.0
1989-03-08;1807.0;3;1807.0
1989-03-09;1847.0;3;1847.0
1989-03-10;1423.0;3;1423.0
1989-03-11;1502.0;3;1502.0
1989-03-12;1437.0;3;1437.0
1989-03-13;1499.0;3;1499.0
1989-03-14;2047.0;3;2047.0
1989-03-15;2166.0;3;2166.0
1989-03-16;3019.0;3;3019.0
1989-03-17;3445.0;3;3445.0
1989-03-18;3061.0;3;3061.0
1989-03-19;2968.0;3;2968.0
1989-03-20;2553.0;3;2553.0
1989-03-21;3050.0;3;3050.0
1989-03-22;2678.0;3;2678.0
1989-03-23;2054.0;3;2054.0
1989-03-24;1865.0;3;1865.0
1989-03-25;1435.0;3;1435.0
1989-03-26;1272.0;3;1272.0
1989-03-27;1390.0;3;1390.0
1989-03-28;1491.0;3;1491.0
1989-03-29;1797.0;3;1797.0
1989-03-30;1482.0;3;1482.0
1989-03-31;1267.0;3;1267.0
1989-04-01;1418.0;4;1418.0
1989-04-02;1689.0;4;1689.0
1989-04-03;1769.0;4;1769.0
1989-04-04;1960.0;4;1960.0
1989-04-05;1432.0;4;1432.0
1989-04-06;1301.0;4;1301.0
1989-04-07;1313.0;4;1313.0
1989-04-08;1406.0;4;1406.0
1989-04-09;1138.0;4;1138.0
1989-04-10;1066.0;4;1066.0
1989-04-11;936.0;4;936.0
1989-04-12;910.0;4;910.0
1989-04-13;968.0;4;968.0
1989-04-14;998.0;4;998.0
1989-04-15;981.0;4;981.0
1989-04-16;991.0;4;991.0
1989-04-17;900.0;4;900.0
1989-04-18;894.0;4;894.0
1989-04-19;1038.0;4;1038.0
1989-04-20;969.0;4;969.0
1989-04-21;905.0;4;905.0
1989-04-22;806.0;4;806.0
1989-04-23;860.0;4;860.0
1989-04-24;932.0;4;932.0
1989-04-25;909.0;4;909.0
1989-04-26;872.0;4;872.0
1989-04-27;859.0;4;859.0
1989-04-28;848.0;4;848.0
1989-04-29;921.0;4;921.0
1989-04-30;1225.0;4;1225.0
1989-05-01;1054.0;5;1054.0
1989-05-02;1254.0;5;1254.0
1989-05-03;1277.0;5;1277.0
1989-05-04;1063.0;5;1063.0
1989-05-05;1194.0;5;1194.0
1989-05-06;1540.0;5;1540.0
1989-05-07;1698.0;5;1698.0
1989-05-08;1297.0;5;1297.0
1989-05-09;1703.0;5;1703.0
1989-05-10;1629.0;5;1629.0
1989-05-11;1336.0;5;1336.0
1989-05-12;1006.0;5;1006.0
1989-05-13;1105.0;5;1105.0
1989-05-14;1857.0;5;1857.0
1989-05-15;1813.0;5;1813.0
1989-05-16;1447.0;5;1447.0
1989-05-17;1148.0;5;1148.0
1989-05-18;1030.0;5;1030.0
1989-05-19;1111.0;5;1111.0
1989-05-20;1531.0;5;1531.0
1989-05-21;2052.0;5;2052.0
1989-05-22;2186.0;5;2186.0
1989-05-23;2280.0;5;2280.0
1989-05-24;2365.0;5;2365.0
1989-05-25;2272.0;5;2272.0
1989-05-26;2502.0;5;2502.0
1989-05-27;2228.0;5;2228.0
1989-05-28;1819.0;5;1819.0
1989-05-29;1483.0;5;1483.0
1989-05-30;1210.0;5;1210.0
1989-05-31;1130.0;5;1130.0
1989-06-01;1055.0;6;1055.0
1989-06-02;1019.0;6;1019.0
1989-06-03;1078.0;6;1078.0
1989-06-04;1279.0;6;1279.0
1989-06-05;1340.0;6;1340.0
1989-06-06;1382.0;6;1382.0
1989-06-07;1514.0;6;1514.0
1989-06-08;1415.0;6;1415.0
1989-06-09;1284.0;6;1284.0
1989-06-10;1201.0;6;1201.0
1989-06-11;1331.0;6;1331.0
1989-06-12;1683.0;6;1683.0
1989-06-13;2059.0;6;2059.0
1989-06-14;2444.0;6;2444.0
1989-06-15;2265.0;6;2265.0
1989-06-16;1743.0;6;1743.0
1989-06-17;1477.0;6;1477.0
1989-06-18;1160.0;6;1160.0
1989-06-19;1214.0;6;1214.0
1989-06-20;1293.0;6;1293.0
1989-06-21;1196.0;6;1196.0
1989-06-22;1414.0;6;1414.0
1989-06-23;1436.0;6;1436.0
1989-06-24;1418.0;6;1418.0
1989-06-25;1385.0;6;1385.0
1989-06-26;1421.0;6;1421.0
1989-06-27;1488.0;6;1488.0
1989-06-28;1575.0;6;1575.0
1989-06-29;1357.0;6;1357.0
1989-06-30;1124.0;6;1124.0
1989-07-01;1052.0;7;1052.0
1989-07-02;907.0;7;907.0
1989-07-03;1020.0;7;1020.0
1989-07-04;1253.0;7;1253.0
1989-07-05;1310.0;7;1310.0
1989-07-06;1110.0;7;1110.0
1989-07-07;1748.0;7;1748.0
1989-07-08;2647.0;7;2647.0
1989-07-09;2800.0;7;2800.0
1989-07-10;2412.0;7;2412.0
1989-07-11;1234.0;7;1234.0
1989-07-12;1275.0;7;1275.0
1989-07-13;1047.0;7;1047.0
1989-07-14;1090.0;7;1090.0
1989-07-15;1088.0;7;1088.0
1989-07-16;1061.0;7;1061.0
1989-07-17;1534.0;7;1534.0
1989-07-18;1758.0;7;1758.0
1989-07-19;1110.0;7;1110.0
1989-07-20;1071.0;7;1071.0
1989-07-21;1126.0;7;1126.0
1989-07-22;1123.0;7;1123.0
1989-07-23;1386.0;7;1386.0
1989-07-24;1530.0;7;1530.0
1989-07-25;1294.0;7;1294.0
1989-07-26;1366.0;7;1366.0
1989-07-27;1305.0;7;1305.0
1989-07-28;1239.0;7;1239.0
1989-07-29;1110.0;7;1110.0
1989-07-30;1023.0;7;1023.0
1989-07-31;963.0;7;963.0
1989-08-01;1044.0;8;1044.0
1989-08-02;1027.0;8;1027.0
1989-08-03;1000.0;8;1000.0
1989-08-04;959.0;8;959.0
1989-08-05;918.0;8;918.0
1989-08-06;860.0;8;860.0
1989-08-07;812.0;8;812.0
1989-08-08;731.0;8;731.0
1989-08-09;622.0;8;622.0
1989-08-10;556.0;8;556.0
1989-08-11;719.0;8;719.0
1989-08-12;940.0;8;940.0
1989-08-13;817.0;8;817.0
1989-08-14;814.0;8;814.0
1989-08-15;905.0;8;905.0
1989-08-16;975.0;8;975.0
1989-08-17;1025.0;8;1025.0
1989-08-18;910.0;8;910.0
1989-08-19;903.0;8;903.0
1989-08-20;904.0;8;904.0
1989-08-21;874.0;8;874.0
1989-08-22;904.0;8;904.0
1989-08-23;954.0;8;954.0
1989-08-24;1017.0;8;1017.0
1989-08-25;1081.0;8;1081.0
1989-08-26;1014.0;8;1014.0
1989-08-27;1011.0;8;1011.0
1989-08-28;969.0;8;969.0
1989-08-29;903.0;8;903.0
1989-08-30;951.0;8;951.0
1989-08-31;969.0;8;969.0
1989-09-01;1082.0;9;1082.0
1989-09-02;989.0;9;989.0
1989-09-03;918.0;9;918.0
1989-09-04;848.0;9;848.0
1989-09-05;756.0;9;756.0
1989-09-06;1034.0;9;1034.0
1989-09-07;942.0;9;942.0
1989-09-08;838.0;9;838.0
1989-09-09;803.0;9;803.0
1989-09-10;803.0;9;803.0
1989-09-11;800.0;9;800.0
1989-09-12;776.0;9;776.0
1989-09-13;831.0;9;831.0
1989-09-14;792.0;9;792.0
1989-09-15;838.0;9;838.0
1989-09-16;767.0;9;767.0
1989-09-17;812.0;9;812.0
1989-09-18;792.0;9;792.0
1989-09-19;779.0;9;779.0
1989-09-20;745.0;9;745.0
1989-09-21;897.0;9;897.0
1989-09-22;892.0;9;892.0
1989-09-23;1039.0;9;1039.0
1989-09-24;1050.0;9;1050.0
1989-09-25;1005.0;9;1005.0
1989-09-26;994.0;9;994.0
1989-09-27;1037.0;9;1037.0
1989-09-28;1048.0;9;1048.0
1989-09-29;1143.0;9;1143.0
1989-09-30;1078.0;9;1078.0
1989-10-01;970.0;10;970.0
1989-10-02;893.0;10;893.0
1989-10-03;913.0;10;913.0
1989-10-04;1087.0;10;1087.0
1989-10-05;1175.0;10;1175.0
1989-10-06;1125.0;10;1125.0
1989-10-07;1046.0;10;1046.0
1989-10-08;915.0;10;915.0
1989-10-09;805.0;10;805.0
1989-10-10;928.0;10;928.0
1989-10-11;1225.0;10;1225.0
1989-10-12;1649.0;10;1649.0
1989-10-13;1441.0;10;1441.0
1989-10-14;1744.0;10;1744.0
1989-10-15;1651.0;10;1651.0
1989-10-16;1244.0;10;1244.0
1989-10-17;1169.0;10;1169.0
1989-10-18;1202.0;10;1202.0
1989-10-19;1391.0;10;1391.0
1989-10-20;1513.0;10;1513.0
1989-10-21;1209.0;10;1209.0
1989-10-22;1124.0;10;1124.0
1989-10-23;1063.0;10;1063.0
1989-10-24;1070.0;10;1070.0
1989-10-25;1164.0;10;1164.0
1989-10-26;1115.0;10;1115.0
1989-10-27;1119.0;10;1119.0
1989-10-28;1731.0;10;1731.0
1989-10-29;1438.0;10;1438.0
1989-10-30;1238.0;10;1238.0
1989-10-31;1274.0;10;1274.0
1989-11-01;1166.0;11;1166.0
1989-11-02;1321.0;11;1321.0
1989-11-03;1623.0;11;1623.0
1989-11-04;1332.0;11;1332.0
1989-11-05;1333.0;11;1333.0
1989-11-06;1104.0;11;1104.0
1989-11-07;959.0;11;959.0
1989-11-08;1079.0;11;1079.0
1989-11-09;1175.0;11;1175.0
1989-11-10;1199.0;11;1199.0
1989-11-11;1078.0;11;1078.0
1989-11-12;1081.0;11;1081.0
1989-11-13;1157.0;11;1157.0
1989-11-14;1094.0;11;1094.0
1989-11-15;1027.0;11;1027.0
1989-11-16;943.0;11;943.0
1989-11-17;1537.0;11;1537.0
1989-11-18;1662.0;11;1662.0
1989-11-19;1262.0;11;1262.0
1989-11-20;1423.0;11;1423.0
1989-11-21;1114.0;11;1114.0
1989-11-22;1308.0;11;1308.0
1989-11-23;1461.0;11;1461.0
1989-11-24;1306.0;11;1306.0
1989-11-25;1560.0;11;1560.0
1989-11-26;1179.0;11;1179.0
1989-11-27;1022.0;11;1022.0
1989-11-28;955.0;11;955.0
1989-11-29;981.0;11;981.0
1989-11-30;1119.0;11;1119.0
1989-12-01;1151.0;12;1151.0
1989-12-02;1238.0;12;1238.0
1989-12-03;1289.0;12;1289.0
1989-12-04;1035.0;12;1035.0
1989-12-05;1075.0;12;1075.0
1989-12-06;1111.0;12;1111.0
1989-12-07;1130.0;12;1130.0
1989-12-08;1064.0;12;1064.0
1989-12-09;884.0;12;884.0
1989-12-10;767.0;12;767.0
1989-12-11;759.0;12;759.0
1989-12-12;781.0;12;781.0
1989-12-13;847.0;12;847.0
1989-12-14;903.0;12;903.0
1989-12-15;918.0;12;918.0
1989-12-16;880.0;12;880.0
1989-12-17;817.0;12;817.0
1989-12-18;755.0;12;755.0
1989-12-19;780.0;12;780.0
1989-12-20;739.0;12;739.0
1989-12-21;799.0;12;799.0
1989-12-22;756.0;12;756.0
1989-12-23;786.0;12;786.0
1989-12-24;753.0;12;753.0
1989-12-25;762.0;12;762.0
1989-12-26;749.0;12;749.0
1989-12-27;823.0;12;823.0
1989-12-28;827.0;12;827.0
1989-12-29;810.0;12;810.0
1989-12-30;826.0;12;826.0
1989-12-31;773.0;12;773.0
1990-01-01;712.0;1;712.0
1990-01-02;845.0;1;845.0
1990-01-03;798.0;1;798.0
1990-01-04;747.0;1;747.0
1990-01-05;736.0;1;736.0
1990-01-06;728.0;1;728.0
1990-01-07;769.0;1;769.0
1990-01-08;948.0;1;948.0
1990-01-09;780.0;1;780.0
1990-01-10;1045.0;1;1045.0
1990-01-11;1084.0;1;1084.0
1990-01-12;976.0;1;976.0
1990-01-13;952.0;1;952.0
1990-01-14;940.0;1;940.0
1990-01-15;837.0;1;837.0
1990-01-16;812.0;1;812.0
1990-01-17;679.0;1;679.0
1990-01-18;638.0;1;638.0
1990-01-19;612.0;1;612.0
1990-01-20;574.0;1;574.0
1990-01-21;552.0;1;552.0
1990-01-22;536.0;1;536.0
1990-01-23;545.0;1;545.0
1990-01-24;549.0;1;549.0
1990-01-25;543.0;1;543.0
1990-01-26;537.0;1;537.0
1990-01-27;736.0;1;736.0
1990-01-28;944.0;1;944.0
1990-01-29;656.0;1;656.0
1990-01-30;607.0;1;607.0
1990-01-31;574.0;1;574.0
1990-02-01;533.0;2;533.0
1990-02-02;518.0;2;518.0
1990-02-03;572.0;2;572.0
1990-02-04;628.0;2;628.0
1990-02-05;650.0;2;650.0
1990-02-06;868.0;2;868.0
1990-02-07;1033.0;2;1033.0
1990-02-08;760.0;2;760.0
1990-02-09;912.0;2;912.0
1990-02-10;1087.0;2;1087.0
1990-02-11;1035.0;2;1035.0
1990-02-12;872.0;2;872.0
1990-02-13;1114.0;2;1114.0
1990-02-14;950.0;2;950.0
1990-02-15;862.0;2;862.0
1990-02-16;1350.0;2;1350.0
1990-02-17;1012.0;2;1012.0
1990-02-18;871.0;2;871.0
1990-02-19;1055.0;2;1055.0
1990-02-20;1161.0;2;1161.0
1990-02-21;1061.0;2;1061.0
1990-02-22;1148.0;2;1148.0
1990-02-23;1187.0;2;1187.0
1990-02-24;907.0;2;907.0
1990-02-25;965.0;2;965.0
1990-02-26;866.0;2;866.0
1990-02-27;892.0;2;892.0
1990-02-28;893.0;2;893.0
1990-03-01;924.0;3;924.0
1990-03-02;910.0;3;910.0
1990-03-03;920.0;3;920.0
1990-03-04;917.0;3;917.0
1990-03-05;844.0;3;844.0
1990-03-06;760.0;3;760.0
1990-03-07;762.0;3;762.0
1990-03-08;758.0;3;758.0
1990-03-09;704.0;3;704.0
1990-03-10;745.0;3;745.0
1990-03-11;932.0;3;932.0
1990-03-12;915.0;3;915.0
1990-03-13;825.0;3;825.0
1990-03-14;787.0;3;787.0
1990-03-15;899.0;3;899.0
1990-03-16;930.0;3;930.0
1990-03-17;976.0;3;976.0
1990-03-18;782.0;3;782.0
1990-03-19;636.0;3;636.0
1990-03-20;715.0;3;715.0
1990-03-21;786.0;3;786.0
1990-03-22;614.0;3;614.0
1990-03-23;692.0;3;692.0
1990-03-24;976.0;3;976.0
1990-03-25;897.0;3;897.0
1990-03-26;1343.0;3;1343.0
1990-03-27;1674.0;3;1674.0
1990-03-28;1247.0;3;1247.0
1990-03-29;1049.0;3;1049.0
1990-03-30;1093.0;3;1093.0
1990-03-31;1015.0;3;1015.0
1990-04-01;1480.0;4;1480.0
1990-04-02;1474.0;4;1474.0
1990-04-03;998.0;4;998.0
1990-04-04;1154.0;4;1154.0
1990-04-05;1106.0;4;1106.0
1990-04-06;1383.0;4;1383.0
1990-04-07;1474.0;4;1474.0
1990-04-08;1345.0;4;1345.0
1990-04-09;1237.0;4;1237.0
1990-04-10;1130.0;4;1130.0
1990-04-11;1023.0;4;1023.0
1990-04-12;1028.0;4;1028.0
1990-04-13;779.0;4;779.0
1990-04-14;676.0;4;676.0
1990-04-15;772.0;4;772.0
1990-04-16;1216.0;4;1216.0
1990-04-17;1439.0;4;1439.0
1990-04-18;1154.0;4;1154.0
1990-04-19;1399.0;4;1399.0
1990-04-20;1279.0;4;1279.0
1990-04-21;1223.0;4;1223.0
1990-04-22;1227.0;4;1227.0
1990-04-23;1719.0;4;1719.0
1990-04-24;1769.0;4;1769.0
1990-04-25;2080.0;4;2080.0
1990-04-26;1728.0;4;1728.0
1990-04-27;1558.0;4;1558.0
1990-04-28;1441.0;4;1441.0
1990-04-29;1570.0;4;1570.0
1990-04-30;2082.0;4;2082.0
1990-05-01;1647.0;5;1647.0
1990-05-02;1567.0;5;1567.0
1990-05-03;2006.0;5;2006.0
1990-05-04;2389.0;5;2389.0
1990-05-05;2201.0;5;2201.0
1990-05-06;2518.0;5;2518.0
1990-05-07;2338.0;5;2338.0
1990-05-08;1646.0;5;1646.0
1990-05-09;1526.0;5;1526.0
1990-05-10;1581.0;5;1581.0
1990-05-11;1761.0;5;1761.0
1990-05-12;1795.0;5;1795.0
1990-05-13;1631.0;5;1631.0
1990-05-14;1666.0;5;1666.0
1990-05-15;1984.0;5;1984.0
1990-05-16;1849.0;5;1849.0
1990-05-17;1537.0;5;1537.0
1990-05-18;1479.0;5;1479.0
1990-05-19;1441.0;5;1441.0
1990-05-20;1589.0;5;1589.0
1990-05-21;1493.0;5;1493.0
1990-05-22;1232.0;5;1232.0
1990-05-23;2105.0;5;2105.0
1990-05-24;2023.0;5;2023.0
1990-05-25;2236.0;5;2236.0
1990-05-26;2167.0;5;2167.0
1990-05-27;1764.0;5;1764.0
1990-05-28;1481.0;5;1481.0
1990-05-29;1348.0;5;1348.0
1990-05-30;1483.0;5;1483.0
1990-05-31;1561.0;5;1561.0
1990-06-01;1296.0;6;1296.0
1990-06-02;1179.0;6;1179.0
1990-06-03;1096.0;6;1096.0
1990-06-04;887.0;6;887.0
1990-06-05;900.0;6;900.0
1990-06-06;935.0;6;935.0
1990-06-07;935.0;6;935.0
1990-06-08;1039.0;6;1039.0
1990-06-09;1059.0;6;1059.0
1990-06-10;1074.0;6;1074.0
1990-06-11;1238.0;6;1238.0
1990-06-12;1515.0;6;1515.0
1990-06-13;1586.0;6;1586.0
1990-06-14;1805.0;6;1805.0
1990-06-15;1804.0;6;1804.0
1990-06-16;1459.0;6;1459.0
1990-06-17;1481.0;6;1481.0
1990-06-18;1670.0;6;1670.0
1990-06-19;1991.0;6;1991.0
1990-06-20;1978.0;6;1978.0
1990-06-21;1658.0;6;1658.0
1990-06-22;1435.0;6;1435.0
1990-06-23;1285.0;6;1285.0
1990-06-24;1253.0;6;1253.0
1990-06-25;1155.0;6;1155.0
1990-06-26;1209.0;6;1209.0
1990-06-27;1131.0;6;1131.0
1990-06-28;1312.0;6;1312.0
1990-06-29;1270.0;6;1270.0
1990-06-30;1382.0;6;1382.0
1990-07-01;1340.0;7;1340.0
1990-07-02;1077.0;7;1077.0
1990-07-03;1161.0;7;1161.0
1990-07-04;1352.0;7;1352.0
1990-07-05;1634.0;7;1634.0
1990-07-06;1974.0;7;1974.0
1990-07-07;1976.0;7;1976.0
1990-07-08;1455.0;7;1455.0
1990-07-09;1254.0;7;1254.0
1990-07-10;1311.0;7;1311.0
1990-07-11;1647.0;7;1647.0
1990-07-12;1429.0;7;1429.0
1990-07-13;1535.0;7;1535.0
1990-07-14;1363.0;7;1363.0
1990-07-15;1131.0;7;1131.0
1990-07-16;1042.0;7;1042.0
1990-07-17;1173.0;7;1173.0
1990-07-18;1171.0;7;1171.0
1990-07-19;1173.0;7;1173.0
1990-07-20;1233.0;7;1233.0
1990-07-21;1034.0;7;1034.0
1990-07-22;993.0;7;993.0
1990-07-23;823.0;7;823.0
1990-07-24;758.0;7;758.0
1990-07-25;1290.0;7;1290.0
1990-07-26;1069.0;7;1069.0
1990-07-27;941.0;7;941.0
1990-07-28;927.0;7;927.0
1990-07-29;783.0;7;783.0
1990-07-30;1040.0;7;1040.0
1990-07-31;1025.0;7;1025.0
1990-08-01;1250.0;8;1250.0
1990-08-02;1069.0;8;1069.0
1990-08-03;1035.0;8;1035.0
1990-08-04;924.0;8;924.0
1990-08-05;836.0;8;836.0
1990-08-06;807.0;8;807.0
1990-08-07;854.0;8;854.0
1990-08-08;918.0;8;918.0
1990-08-09;948.0;8;948.0
1990-08-10;1018.0;8;1018.0
1990-08-11;1052.0;8;1052.0
1990-08-12;1120.0;8;1120.0
1990-08-13;1028.0;8;1028.0
1990-08-14;1000.0;8;1000.0
1990-08-15;1010.0;8;1010.0
1990-08-16;965.0;8;965.0
1990-08-17;970.0;8;970.0
1990-08-18;953.0;8;953.0
1990-08-19;902.0;8;902.0
1990-08-20;944.0;8;944.0
1990-08-21;871.0;8;871.0
1990-08-22;910.0;8;910.0
1990-08-23;909.0;8;909.0
1990-08-24;704.0;8;704.0
1990-08-25;726.0;8;726.0
1990-08-26;792.0;8;792.0
1990-08-27;780.0;8;780.0
1990-08-28;755.0;8;755.0
1990-08-29;878.0;8;878.0
1990-08-30;996.0;8;996.0
1990-08-31;1033.0;8;1033.0
1990-09-01;914.0;9;914.0
1990-09-02;1062.0;9;1062.0
1990-09-03;837.0;9;837.0
1990-09-04;717.0;9;717.0
1990-09-05;834.0;9;834.0
1990-09-06;874.0;9;874.0
1990-09-07;959.0;9;959.0
1990-09-08;974.0;9;974.0
1990-09-09;846.0;9;846.0
1990-09-10;764.0;9;764.0
1990-09-11;859.0;9;859.0
1990-09-12;863.0;9;863.0
1990-09-13;649.0;9;649.0
1990-09-14;613.0;9;613.0
1990-09-15;703.0;9;703.0
1990-09-16;716.0;9;716.0
1990-09-17;579.0;9;579.0
1990-09-18;514.0;9;514.0
1990-09-19;494.0;9;494.0
1990-09-20;558.0;9;558.0
1990-09-21;675.0;9;675.0
1990-09-22;650.0;9;650.0
1990-09-23;637.0;9;637.0
1990-09-24;621.0;9;621.0
1990-09-25;669.0;9;669.0
1990-09-26;681.0;9;681.0
1990-09-27;620.0;9;620.0
1990-09-28;703.0;9;703.0
1990-09-29;650.0;9;650.0
1990-09-30;621.0;9;621.0
1990-10-01;635.0;10;635.0
1990-10-02;495.0;10;495.0
1990-10-03;521.0;10;521.0
1990-10-04;626.0;10;626.0
1990-10-05;751.0;10;751.0
1990-10-06;749.0;10;749.0
1990-10-07;988.0;10;988.0
1990-10-08;1066.0;10;1066.0
1990-10-09;907.0;10;907.0
1990-10-10;984.0;10;984.0
1990-10-11;1358.0;10;1358.0
1990-10-12;993.0;10;993.0
1990-10-13;1214.0;10;1214.0
1990-10-14;1153.0;10;1153.0
1990-10-15;1094.0;10;1094.0
1990-10-16;888.0;10;888.0
1990-10-17;995.0;10;995.0
1990-10-18;970.0;10;970.0
1990-10-19;960.0;10;960.0
1990-10-20;1570.0;10;1570.0
1990-10-21;1067.0;10;1067.0
1990-10-22;1263.0;10;1263.0
1990-10-23;1084.0;10;1084.0
1990-10-24;1137.0;10;1137.0
1990-10-25;1359.0;10;1359.0
1990-10-26;1241.0;10;1241.0
1990-10-27;1190.0;10;1190.0
1990-10-28;1219.0;10;1219.0
1990-10-29;1099.0;10;1099.0
1990-10-30;1696.0;10;1696.0
1990-10-31;933.0;10;933.0
1990-11-01;1131.0;11;1131.0
1990-11-02;1151.0;11;1151.0
1990-11-03;1702.0;11;1702.0
1990-11-04;2205.0;11;2205.0
1990-11-05;3284.0;11;3284.0
1990-11-06;1678.0;11;1678.0
1990-11-07;1429.0;11;1429.0
1990-11-08;1158.0;11;1158.0
1990-11-09;1177.0;11;1177.0
1990-11-10;1044.0;11;1044.0
1990-11-11;1010.0;11;1010.0
1990-11-12;791.0;11;791.0
1990-11-13;691.0;11;691.0
1990-11-14;943.0;11;943.0
1990-11-15;870.0;11;870.0
1990-11-16;777.0;11;777.0
1990-11-17;951.0;11;951.0
1990-11-18;1022.0;11;1022.0
1990-11-19;1114.0;11;1114.0
1990-11-20;1099.0;11;1099.0
1990-11-21;881.0;11;881.0
1990-11-22;987.0;11;987.0
1990-11-23;1028.0;11;1028.0
1990-11-24;1411.0;11;1411.0
1990-11-25;1403.0;11;1403.0
1990-11-26;1095.0;11;1095.0
1990-11-27;1238.0;11;1238.0
1990-11-28;1300.0;11;1300.0
1990-11-29;971.0;11;971.0
1990-11-30;927.0;11;927.0
1990-12-01;1016.0;12;1016.0
1990-12-02;1120.0;12;1120.0
1990-12-03;1498.0;12;1498.0
1990-12-04;1796.0;12;1796.0
1990-12-05;1470.0;12;1470.0
1990-12-06;2228.0;12;2228.0
1990-12-07;1993.0;12;1993.0
1990-12-08;1876.0;12;1876.0
1990-12-09;1762.0;12;1762.0
1990-12-10;1304.0;12;1304.0
1990-12-11;1185.0;12;1185.0
1990-12-12;1201.0;12;1201.0
1990-12-13;1015.0;12;1015.0
1990-12-14;819.0;12;819.0
1990-12-15;840.0;12;840.0
1990-12-16;809.0;12;809.0
1990-12-17;736.0;12;736.0
1990-12-18;693.0;12;693.0
1990-12-19;648.0;12;648.0
1990-12-20;590.0;12;590.0
1990-12-21;566.0;12;566.0
1990-12-22;596.0;12;596.0
1990-12-23;824.0;12;824.0
1990-12-24;664.0;12;664.0
1990-12-25;924.0;12;924.0
1990-12-26;1029.0;12;1029.0
1990-12-27;900.0;12;900.0
1990-12-28;731.0;12;731.0
1990-12-29;872.0;12;872.0
1990-12-30;776.0;12;776.0
1990-12-31;1189.0;12;1189.0
1991-01-01;1447.0;1;1447.0
1991-01-02;1335.0;1;1335.0
1991-01-03;1334.0;1;1334.0
1991-01-04;1362.0;1;1362.0
1991-01-05;1176.0;1;1176.0
1991-01-06;1046.0;1;1046.0
1991-01-07;1060.0;1;1060.0
1991-01-08;1036.0;1;1036.0
1991-01-09;862.0;1;862.0
1991-01-10;823.0;1;823.0
1991-01-11;631.0;1;631.0
1991-01-12;817.0;1;817.0
1991-01-13;767.0;1;767.0
1991-01-14;615.0;1;615.0
1991-01-15;596.0;1;596.0
1991-01-16;596.0;1;596.0
1991-01-17;822.0;1;822.0
1991-01-18;913.0;1;913.0
1991-01-19;921.0;1;921.0
1991-01-20;942.0;1;942.0
1991-01-21;797.0;1;797.0
1991-01-22;763.0;1;763.0
1991-01-23;699.0;1;699.0
1991-01-24;854.0;1;854.0
1991-01-25;832.0;1;832.0
1991-01-26;625.0;1;625.0
1991-01-27;514.0;1;514.0
1991-01-28;482.0;1;482.0
1991-01-29;483.0;1;483.0
1991-01-30;475.0;1;475.0
1991-01-31;491.0;1;491.0
1991-02-01;510.0;2;510.0
1991-02-02;465.0;2;465.0
1991-02-03;464.0;2;464.0
1991-02-04;470.0;2;470.0
1991-02-05;639.0;2;639.0
1991-02-06;662.0;2;662.0
1991-02-07;771.0;2;771.0
1991-02-08;661.0;2;661.0
1991-02-09;621.0;2;621.0
1991-02-10;628.0;2;628.0
1991-02-11;647.0;2;647.0
1991-02-12;647.0;2;647.0
1991-02-13;713.0;2;713.0
1991-02-14;710.0;2;710.0
1991-02-15;681.0;2;681.0
1991-02-16;591.0;2;591.0
1991-02-17;555.0;2;555.0
1991-02-18;555.0;2;555.0
1991-02-19;549.0;2;549.0
1991-02-20;718.0;2;718.0
1991-02-21;876.0;2;876.0
1991-02-22;668.0;2;668.0
1991-02-23;630.0;2;630.0
1991-02-24;560.0;2;560.0
1991-02-25;555.0;2;555.0
1991-02-26;609.0;2;609.0
1991-02-27;711.0;2;711.0
1991-02-28;689.0;2;689.0
1991-03-01;619.0;3;619.0
1991-03-02;674.0;3;674.0
1991-03-03;755.0;3;755.0
1991-03-04;853.0;3;853.0
1991-03-05;796.0;3;796.0
1991-03-06;938.0;3;938.0
1991-03-07;1064.0;3;1064.0
1991-03-08;1470.0;3;1470.0
1991-03-09;1233.0;3;1233.0
1991-03-10;1195.0;3;1195.0
1991-03-11;1222.0;3;1222.0
1991-03-12;1362.0;3;1362.0
1991-03-13;1623.0;3;1623.0
1991-03-14;1585.0;3;1585.0
1991-03-15;1371.0;3;1371.0
1991-03-16;1234.0;3;1234.0
1991-03-17;1022.0;3;1022.0
1991-03-18;772.0;3;772.0
1991-03-19;818.0;3;818.0
1991-03-20;768.0;3;768.0
1991-03-21;759.0;3;759.0
1991-03-22;622.0;3;622.0
1991-03-23;609.0;3;609.0
1991-03-24;709.0;3;709.0
1991-03-25;812.0;3;812.0
1991-03-26;1217.0;3;1217.0
1991-03-27;1743.0;3;1743.0
1991-03-28;1550.0;3;1550.0
1991-03-29;2423.0;3;2423.0
1991-03-30;1629.0;3;1629.0
1991-03-31;1757.0;3;1757.0
1991-04-01;1487.0;4;1487.0
1991-04-02;1367.0;4;1367.0
1991-04-03;1217.0;4;1217.0
1991-04-04;1073.0;4;1073.0
1991-04-05;937.0;4;937.0
1991-04-06;963.0;4;963.0
1991-04-07;962.0;4;962.0
1991-04-08;783.0;4;783.0
1991-04-09;792.0;4;792.0
1991-04-10;1001.0;4;1001.0
1991-04-11;1316.0;4;1316.0
1991-04-12;1130.0;4;1130.0
1991-04-13;1657.0;4;1657.0
1991-04-14;1442.0;4;1442.0
1991-04-15;1697.0;4;1697.0
1991-04-16;1826.0;4;1826.0
1991-04-17;1559.0;4;1559.0
1991-04-18;1573.0;4;1573.0
1991-04-19;1659.0;4;1659.0
1991-04-20;1782.0;4;1782.0
1991-04-21;1471.0;4;1471.0
1991-04-22;1387.0;4;1387.0
1991-04-23;1161.0;4;1161.0
1991-04-24;1059.0;4;1059.0
1991-04-25;1005.0;4;1005.0
1991-04-26;905.0;4;905.0
1991-04-27;927.0;4;927.0
1991-04-28;948.0;4;948.0
1991-04-29;924.0;4;924.0
1991-04-30;1026.0;4;1026.0
1991-05-01;1067.0;5;1067.0
1991-05-02;990.0;5;990.0
1991-05-03;995.0;5;995.0
1991-05-04;1420.0;5;1420.0
1991-05-05;1404.0;5;1404.0
1991-05-06;1212.0;5;1212.0
1991-05-07;972.0;5;972.0
1991-05-08;852.0;5;852.0
1991-05-09;836.0;5;836.0
1991-05-10;897.0;5;897.0
1991-05-11;789.0;5;789.0
1991-05-12;816.0;5;816.0
1991-05-13;755.0;5;755.0
1991-05-14;846.0;5;846.0
1991-05-15;771.0;5;771.0
1991-05-16;924.0;5;924.0
1991-05-17;1066.0;5;1066.0
1991-05-18;1238.0;5;1238.0
1991-05-19;1524.0;5;1524.0
1991-05-20;1625.0;5;1625.0
1991-05-21;2343.0;5;2343.0
1991-05-22;2609.0;5;2609.0
1991-05-23;2291.0;5;2291.0
1991-05-24;1566.0;5;1566.0
1991-05-25;1382.0;5;1382.0
1991-05-26;1348.0;5;1348.0
1991-05-27;1135.0;5;1135.0
1991-05-28;862.0;5;862.0
1991-05-29;785.0;5;785.0
1991-05-30;742.0;5;742.0
1991-05-31;745.0;5;745.0
1991-06-01;960.0;6;960.0
1991-06-02;1165.0;6;1165.0
1991-06-03;1278.0;6;1278.0
1991-06-04;1042.0;6;1042.0
1991-06-05;955.0;6;955.0
1991-06-06;1013.0;6;1013.0
1991-06-07;978.0;6;978.0
1991-06-08;793.0;6;793.0
1991-06-09;848.0;6;848.0
1991-06-10;890.0;6;890.0
1991-06-11;1040.0;6;1040.0
1991-06-12;1035.0;6;1035.0
1991-06-13;1106.0;6;1106.0
1991-06-14;1137.0;6;1137.0
1991-06-15;866.0;6;866.0
1991-06-16;853.0;6;853.0
1991-06-17;902.0;6;902.0
1991-06-18;793.0;6;793.0
1991-06-19;731.0;6;731.0
1991-06-20;854.0;6;854.0
1991-06-21;821.0;6;821.0
1991-06-22;730.0;6;730.0
1991-06-23;811.0;6;811.0
1991-06-24;1042.0;6;1042.0
1991-06-25;999.0;6;999.0
1991-06-26;883.0;6;883.0
1991-06-27;946.0;6;946.0
1991-06-28;1304.0;6;1304.0
1991-06-29;1591.0;6;1591.0
1991-06-30;1591.0;6;1591.0
1991-07-01;1661.0;7;1661.0
1991-07-02;1831.0;7;1831.0
1991-07-03;1755.0;7;1755.0
1991-07-04;1506.0;7;1506.0
1991-07-05;1332.0;7;1332.0
1991-07-06;1415.0;7;1415.0
1991-07-07;1428.0;7;1428.0
1991-07-08;1339.0;7;1339.0
1991-07-09;1115.0;7;1115.0
1991-07-10;1016.0;7;1016.0
1991-07-11;1258.0;7;1258.0
1991-07-12;1183.0;7;1183.0
1991-07-13;1193.0;7;1193.0
1991-07-14;1161.0;7;1161.0
1991-07-15;1204.0;7;1204.0
1991-07-16;1307.0;7;1307.0
1991-07-17;1560.0;7;1560.0
1991-07-18;1296.0;7;1296.0
1991-07-19;1214.0;7;1214.0
1991-07-20;1287.0;7;1287.0
1991-07-21;1284.0;7;1284.0
1991-07-22;1272.0;7;1272.0
1991-07-23;1234.0;7;1234.0
1991-07-24;1235.0;7;1235.0
1991-07-25;1381.0;7;1381.0
1991-07-26;1424.0;7;1424.0
1991-07-27;1487.0;7;1487.0
1991-07-28;1425.0;7;1425.0
1991-07-29;1236.0;7;1236.0
1991-07-30;1313.0;7;1313.0
1991-07-31;1309.0;7;1309.0
1991-08-01;1579.0;8;1579.0
1991-08-02;1703.0;8;1703.0
1991-08-03;1788.0;8;1788.0
1991-08-04;2008.0;8;2008.0
1991-08-05;1591.0;8;1591.0
1991-08-06;1245.0;8;1245.0
1991-08-07;1104.0;8;1104.0
1991-08-08;1410.0;8;1410.0
1991-08-09;1751.0;8;1751.0
1991-08-10;1879.0;8;1879.0
1991-08-11;1771.0;8;1771.0
1991-08-12;1455.0;8;1455.0
1991-08-13;1198.0;8;1198.0
1991-08-14;1095.0;8;1095.0
1991-08-15;1286.0;8;1286.0
1991-08-16;1622.0;8;1622.0
1991-08-17;1591.0;8;1591.0
1991-08-18;1458.0;8;1458.0
1991-08-19;1281.0;8;1281.0
1991-08-20;1285.0;8;1285.0
1991-08-21;1218.0;8;1218.0
1991-08-22;1184.0;8;1184.0
1991-08-23;1105.0;8;1105.0
1991-08-24;976.0;8;976.0
1991-08-25;1089.0;8;1089.0
1991-08-26;1043.0;8;1043.0
1991-08-27;893.0;8;893.0
1991-08-28;771.0;8;771.0
1991-08-29;826.0;8;826.0
1991-08-30;959.0;8;959.0
1991-08-31;1045.0;8;1045.0
1991-09-01;1229.0;9;1229.0
1991-09-02;1133.0;9;1133.0
1991-09-03;1249.0;9;1249.0
1991-09-04;1066.0;9;1066.0
1991-09-05;996.0;9;996.0
1991-09-06;886.0;9;886.0
1991-09-07;779.0;9;779.0
1991-09-08;659.0;9;659.0
1991-09-09;620.0;9;620.0
1991-09-10;725.0;9;725.0
1991-09-11;940.0;9;940.0
1991-09-12;904.0;9;904.0
1991-09-13;862.0;9;862.0
1991-09-14;921.0;9;921.0
1991-09-15;855.0;9;855.0
1991-09-16;796.0;9;796.0
1991-09-17;800.0;9;800.0
1991-09-18;977.0;9;977.0
1991-09-19;968.0;9;968.0
1991-09-20;1014.0;9;1014.0
1991-09-21;988.0;9;988.0
1991-09-22;903.0;9;903.0
1991-09-23;954.0;9;954.0
1991-09-24;1277.0;9;1277.0
1991-09-25;1337.0;9;1337.0
1991-09-26;1151.0;9;1151.0
1991-09-27;1291.0;9;1291.0
1991-09-28;1233.0;9;1233.0
1991-09-29;1124.0;9;1124.0
1991-09-30;969.0;9;969.0
1991-10-01;1001.0;10;1001.0
1991-10-02;1262.0;10;1262.0
1991-10-03;1400.0;10;1400.0
1991-10-04;1366.0;10;1366.0
1991-10-05;1148.0;10;1148.0
1991-10-06;956.0;10;956.0
1991-10-07;832.0;10;832.0
1991-10-08;997.0;10;997.0
1991-10-09;1162.0;10;1162.0
1991-10-10;1231.0;10;1231.0
1991-10-11;1030.0;10;1030.0
1991-10-12;893.0;10;893.0
1991-10-13;664.0;10;664.0
1991-10-14;639.0;10;639.0
1991-10-15;574.0;10;574.0
1991-10-16;612.0;10;612.0
1991-10-17;805.0;10;805.0
1991-10-18;819.0;10;819.0
1991-10-19;832.0;10;832.0
1991-10-20;722.0;10;722.0
1991-10-21;563.0;10;563.0
1991-10-22;517.0;10;517.0
1991-10-23;595.0;10;595.0
1991-10-24;760.0;10;760.0
1991-10-25;736.0;10;736.0
1991-10-26;789.0;10;789.0
1991-10-27;834.0;10;834.0
1991-10-28;711.0;10;711.0
1991-10-29;666.0;10;666.0
1991-10-30;632.0;10;632.0
1991-10-31;652.0;10;652.0
1991-11-01;540.0;11;540.0
1991-11-02;651.0;11;651.0
1991-11-03;520.0;11;520.0
1991-11-04;494.0;11;494.0
1991-11-05;637.0;11;637.0
1991-11-06;659.0;11;659.0
1991-11-07;1062.0;11;1062.0
1991-11-08;1233.0;11;1233.0
1991-11-09;1409.0;11;1409.0
1991-11-10;1701.0;11;1701.0
1991-11-11;1189.0;11;1189.0
1991-11-12;1034.0;11;1034.0
1991-11-13;1088.0;11;1088.0
1991-11-14;1227.0;11;1227.0
1991-11-15;2088.0;11;2088.0
1991-11-16;2159.0;11;2159.0
1991-11-17;1467.0;11;1467.0
1991-11-18;1424.0;11;1424.0
1991-11-19;1683.0;11;1683.0
1991-11-20;1384.0;11;1384.0
1991-11-21;1614.0;11;1614.0
1991-11-22;1528.0;11;1528.0
1991-11-23;1286.0;11;1286.0
1991-11-24;1095.0;11;1095.0
1991-11-25;1103.0;11;1103.0
1991-11-26;1323.0;11;1323.0
1991-11-27;1075.0;11;1075.0
1991-11-28;955.0;11;955.0
1991-11-29;851.0;11;851.0
1991-11-30;816.0;11;816.0
1991-12-01;751.0;12;751.0
1991-12-02;717.0;12;717.0
1991-12-03;1009.0;12;1009.0
1991-12-04;1183.0;12;1183.0
1991-12-05;783.0;12;783.0
1991-12-06;906.0;12;906.0
1991-12-07;937.0;12;937.0
1991-12-08;900.0;12;900.0
1991-12-09;1012.0;12;1012.0
1991-12-10;1213.0;12;1213.0
1991-12-11;1226.0;12;1226.0
1991-12-12;1039.0;12;1039.0
1991-12-13;861.0;12;861.0
1991-12-14;1155.0;12;1155.0
1991-12-15;1136.0;12;1136.0
1991-12-16;1207.0;12;1207.0
1991-12-17;1170.0;12;1170.0
1991-12-18;1808.0;12;1808.0
1991-12-19;1395.0;12;1395.0
1991-12-20;1425.0;12;1425.0
1991-12-21;1407.0;12;1407.0
1991-12-22;1474.0;12;1474.0
1991-12-23;1310.0;12;1310.0
1991-12-24;1180.0;12;1180.0
1991-12-25;1136.0;12;1136.0
1991-12-26;967.0;12;967.0
1991-12-27;1091.0;12;1091.0
1991-12-28;891.0;12;891.0
1991-12-29;1091.0;12;1091.0
1991-12-30;973.0;12;973.0
1991-12-31;747.0;12;747.0
1992-01-01;797.0;1;797.0
1992-01-02;740.0;1;740.0
1992-01-03;710.0;1;710.0
1992-01-04;788.0;1;788.0
1992-01-05;889.0;1;889.0
1992-01-06;799.0;1;799.0
1992-01-07;867.0;1;867.0
1992-01-08;931.0;1;931.0
1992-01-09;987.0;1;987.0
1992-01-10;744.0;1;744.0
1992-01-11;689.0;1;689.0
1992-01-12;861.0;1;861.0
1992-01-13;826.0;1;826.0
1992-01-14;615.0;1;615.0
1992-01-15;634.0;1;634.0
1992-01-16;887.0;1;887.0
1992-01-17;733.0;1;733.0
1992-01-18;603.0;1;603.0
1992-01-19;549.0;1;549.0
1992-01-20;526.0;1;526.0
1992-01-21;519.0;1;519.0
1992-01-22;511.0;1;511.0
1992-01-23;536.0;1;536.0
1992-01-24;542.0;1;542.0
1992-01-25;738.0;1;738.0
1992-01-26;1059.0;1;1059.0
1992-01-27;624.0;1;624.0
1992-01-28;617.0;1;617.0
1992-01-29;871.0;1;871.0
1992-01-30;853.0;1;853.0
1992-01-31;856.0;1;856.0
1992-02-01;849.0;2;849.0
1992-02-02;847.0;2;847.0
1992-02-03;957.0;2;957.0
1992-02-04;773.0;2;773.0
1992-02-05;881.0;2;881.0
1992-02-06;766.0;2;766.0
1992-02-07;552.0;2;552.0
1992-02-08;533.0;2;533.0
1992-02-09;538.0;2;538.0
1992-02-10;522.0;2;522.0
1992-02-11;637.0;2;637.0
1992-02-12;853.0;2;853.0
1992-02-13;776.0;2;776.0
1992-02-14;804.0;2;804.0
1992-02-15;845.0;2;845.0
1992-02-16;859.0;2;859.0
1992-02-17;766.0;2;766.0
1992-02-18;634.0;2;634.0
1992-02-19;594.0;2;594.0
1992-02-20;554.0;2;554.0
1992-02-21;571.0;2;571.0
1992-02-22;760.0;2;760.0
1992-02-23;852.0;2;852.0
1992-02-24;791.0;2;791.0
1992-02-25;843.0;2;843.0
1992-02-26;670.0;2;670.0
1992-02-27;609.0;2;609.0
1992-02-28;713.0;2;713.0
1992-02-29;741.0;2;741.0
1992-03-01;654.0;3;654.0
1992-03-02;587.0;3;587.0
1992-03-03;539.0;3;539.0
1992-03-04;577.0;3;577.0
1992-03-05;675.0;3;675.0
1992-03-06;765.0;3;765.0
1992-03-07;635.0;3;635.0
1992-03-08;530.0;3;530.0
1992-03-09;556.0;3;556.0
1992-03-10;669.0;3;669.0
1992-03-11;610.0;3;610.0
1992-03-12;639.0;3;639.0
1992-03-13;562.0;3;562.0
1992-03-14;568.0;3;568.0
1992-03-15;692.0;3;692.0
1992-03-16;670.0;3;670.0
1992-03-17;608.0;3;608.0
1992-03-18;613.0;3;613.0
1992-03-19;551.0;3;551.0
1992-03-20;529.0;3;529.0
1992-03-21;564.0;3;564.0
1992-03-22;585.0;3;585.0
1992-03-23;562.0;3;562.0
1992-03-24;494.0;3;494.0
1992-03-25;518.0;3;518.0
1992-03-26;534.0;3;534.0
1992-03-27;496.0;3;496.0
1992-03-28;504.0;3;504.0
1992-03-29;501.0;3;501.0
1992-03-30;504.0;3;504.0
1992-03-31;510.0;3;510.0
1992-04-01;515.0;4;515.0
1992-04-02;480.0;4;480.0
1992-04-03;556.0;4;556.0
1992-04-04;488.0;4;488.0
1992-04-05;483.0;4;483.0
1992-04-06;509.0;4;509.0
1992-04-07;540.0;4;540.0
1992-04-08;498.0;4;498.0
1992-04-09;510.0;4;510.0
1992-04-10;471.0;4;471.0
1992-04-11;505.0;4;505.0
1992-04-12;525.0;4;525.0
1992-04-13;459.0;4;459.0
1992-04-14;482.0;4;482.0
1992-04-15;508.0;4;508.0
1992-04-16;691.0;4;691.0
1992-04-17;537.0;4;537.0
1992-04-18;498.0;4;498.0
1992-04-19;628.0;4;628.0
1992-04-20;556.0;4;556.0
1992-04-21;499.0;4;499.0
1992-04-22;686.0;4;686.0
1992-04-23;881.0;4;881.0
1992-04-24;880.0;4;880.0
1992-04-25;746.0;4;746.0
1992-04-26;782.0;4;782.0
1992-04-27;1138.0;4;1138.0
1992-04-28;1146.0;4;1146.0
1992-04-29;940.0;4;940.0
1992-04-30;787.0;4;787.0
1992-05-01;826.0;5;826.0
1992-05-02;824.0;5;824.0
1992-05-03;930.0;5;930.0
1992-05-04;994.0;5;994.0
1992-05-05;885.0;5;885.0
1992-05-06;953.0;5;953.0
1992-05-07;1165.0;5;1165.0
1992-05-08;1235.0;5;1235.0
1992-05-09;971.0;5;971.0
1992-05-10;860.0;5;860.0
1992-05-11;734.0;5;734.0
1992-05-12;728.0;5;728.0
1992-05-13;744.0;5;744.0
1992-05-14;655.0;5;655.0
1992-05-15;711.0;5;711.0
1992-05-16;589.0;5;589.0
1992-05-17;570.0;5;570.0
1992-05-18;606.0;5;606.0
1992-05-19;700.0;5;700.0
1992-05-20;812.0;5;812.0
1992-05-21;790.0;5;790.0
1992-05-22;734.0;5;734.0
1992-05-23;674.0;5;674.0
1992-05-24;716.0;5;716.0
1992-05-25;797.0;5;797.0
1992-05-26;791.0;5;791.0
1992-05-27;564.0;5;564.0
1992-05-28;624.0;5;624.0
1992-05-29;754.0;5;754.0
1992-05-30;817.0;5;817.0
1992-05-31;784.0;5;784.0
1992-06-01;893.0;6;893.0
1992-06-02;927.0;6;927.0
1992-06-03;818.0;6;818.0
1992-06-04;852.0;6;852.0
1992-06-05;837.0;6;837.0
1992-06-06;853.0;6;853.0
1992-06-07;822.0;6;822.0
1992-06-08;758.0;6;758.0
1992-06-09;762.0;6;762.0
1992-06-10;767.0;6;767.0
1992-06-11;671.0;6;671.0
1992-06-12;610.0;6;610.0
1992-06-13;733.0;6;733.0
1992-06-14;843.0;6;843.0
1992-06-15;719.0;6;719.0
1992-06-16;750.0;6;750.0
1992-06-17;747.0;6;747.0
1992-06-18;743.0;6;743.0
1992-06-19;758.0;6;758.0
1992-06-20;779.0;6;779.0
1992-06-21;854.0;6;854.0
1992-06-22;898.0;6;898.0
1992-06-23;725.0;6;725.0
1992-06-24;722.0;6;722.0
1992-06-25;760.0;6;760.0
1992-06-26;683.0;6;683.0
1992-06-27;639.0;6;639.0
1992-06-28;564.0;6;564.0
1992-06-29;603.0;6;603.0
1992-06-30;849.0;6;849.0
1992-07-01;689.0;7;689.0
1992-07-02;600.0;7;600.0
1992-07-03;643.0;7;643.0
1992-07-04;979.0;7;979.0
1992-07-05;916.0;7;916.0
1992-07-06;826.0;7;826.0
1992-07-07;870.0;7;870.0
1992-07-08;918.0;7;918.0
1992-07-09;906.0;7;906.0
1992-07-10;996.0;7;996.0
1992-07-11;999.0;7;999.0
1992-07-12;887.0;7;887.0
1992-07-13;876.0;7;876.0
1992-07-14;990.0;7;990.0
1992-07-15;978.0;7;978.0
1992-07-16;1146.0;7;1146.0
1992-07-17;1183.0;7;1183.0
1992-07-18;1136.0;7;1136.0
1992-07-19;976.0;7;976.0
1992-07-20;888.0;7;888.0
1992-07-21;1240.0;7;1240.0
1992-07-22;1542.0;7;1542.0
1992-07-23;1459.0;7;1459.0
1992-07-24;1826.0;7;1826.0
1992-07-25;1411.0;7;1411.0
1992-07-26;1283.0;7;1283.0
1992-07-27;1175.0;7;1175.0
1992-07-28;1056.0;7;1056.0
1992-07-29;1066.0;7;1066.0
1992-07-30;1031.0;7;1031.0
1992-07-31;1132.0;7;1132.0
1992-08-01;1183.0;8;1183.0
1992-08-02;1166.0;8;1166.0
1992-08-03;1280.0;8;1280.0
1992-08-04;1212.0;8;1212.0
1992-08-05;1128.0;8;1128.0
1992-08-06;1254.0;8;1254.0
1992-08-07;1411.0;8;1411.0
1992-08-08;1248.0;8;1248.0
1992-08-09;1194.0;8;1194.0
1992-08-10;1184.0;8;1184.0
1992-08-11;1190.0;8;1190.0
1992-08-12;1166.0;8;1166.0
1992-08-13;1200.0;8;1200.0
1992-08-14;1041.0;8;1041.0
1992-08-15;967.0;8;967.0
1992-08-16;962.0;8;962.0
1992-08-17;1136.0;8;1136.0
1992-08-18;984.0;8;984.0
1992-08-19;1116.0;8;1116.0
1992-08-20;921.0;8;921.0
1992-08-21;1048.0;8;1048.0
1992-08-22;1084.0;8;1084.0
1992-08-23;1059.0;8;1059.0
1992-08-24;857.0;8;857.0
1992-08-25;624.0;8;624.0
1992-08-26;939.0;8;939.0
1992-08-27;974.0;8;974.0
1992-08-28;977.0;8;977.0
1992-08-29;857.0;8;857.0
1992-08-30;898.0;8;898.0
1992-08-31;880.0;8;880.0
1992-09-01;880.0;9;880.0
1992-09-02;671.0;9;671.0
1992-09-03;520.0;9;520.0
1992-09-04;486.0;9;486.0
1992-09-05;461.0;9;461.0
1992-09-06;459.0;9;459.0
1992-09-07;476.0;9;476.0
1992-09-08;478.0;9;478.0
1992-09-09;551.0;9;551.0
1992-09-10;505.0;9;505.0
1992-09-11;477.0;9;477.0
1992-09-12;465.0;9;465.0
1992-09-13;652.0;9;652.0
1992-09-14;532.0;9;532.0
1992-09-15;564.0;9;564.0
1992-09-16;553.0;9;553.0
1992-09-17;536.0;9;536.0
1992-09-18;519.0;9;519.0
1992-09-19;467.0;9;467.0
1992-09-20;441.0;9;441.0
1992-09-21;517.0;9;517.0
1992-09-22;554.0;9;554.0
1992-09-23;618.0;9;618.0
1992-09-24;700.0;9;700.0
1992-09-25;677.0;9;677.0
1992-09-26;847.0;9;847.0
1992-09-27;916.0;9;916.0
1992-09-28;874.0;9;874.0
1992-09-29;668.0;9;668.0
1992-09-30;618.0;9;618.0
1992-10-01;711.0;10;711.0
1992-10-02;632.0;10;632.0
1992-10-03;516.0;10;516.0
1992-10-04;540.0;10;540.0
1992-10-05;503.0;10;503.0
1992-10-06;490.0;10;490.0
1992-10-07;442.0;10;442.0
1992-10-08;545.0;10;545.0
1992-10-09;483.0;10;483.0
1992-10-10;462.0;10;462.0
1992-10-11;472.0;10;472.0
1992-10-12;539.0;10;539.0
1992-10-13;580.0;10;580.0
1992-10-14;540.0;10;540.0
1992-10-15;636.0;10;636.0
1992-10-16;569.0;10;569.0
1992-10-17;689.0;10;689.0
1992-10-18;753.0;10;753.0
1992-10-19;613.0;10;613.0
1992-10-20;503.0;10;503.0
1992-10-21;530.0;10;530.0
1992-10-22;496.0;10;496.0
1992-10-23;477.0;10;477.0
1992-10-24;443.0;10;443.0
1992-10-25;545.0;10;545.0
1992-10-26;526.0;10;526.0
1992-10-27;488.0;10;488.0
1992-10-28;451.0;10;451.0
1992-10-29;533.0;10;533.0
1992-10-30;491.0;10;491.0
1992-10-31;494.0;10;494.0
1992-11-01;466.0;11;466.0
1992-11-02;527.0;11;527.0
1992-11-03;542.0;11;542.0
1992-11-04;492.0;11;492.0
1992-11-05;483.0;11;483.0
1992-11-06;495.0;11;495.0
1992-11-07;848.0;11;848.0
1992-11-08;688.0;11;688.0
1992-11-09;546.0;11;546.0
1992-11-10;474.0;11;474.0
1992-11-11;485.0;11;485.0
1992-11-12;453.0;11;453.0
1992-11-13;512.0;11;512.0
1992-11-14;713.0;11;713.0
1992-11-15;855.0;11;855.0
1992-11-16;1273.0;11;1273.0
1992-11-17;1019.0;11;1019.0
1992-11-18;1884.0;11;1884.0
1992-11-19;1196.0;11;1196.0
1992-11-20;1041.0;11;1041.0
1992-11-21;1252.0;11;1252.0
1992-11-22;1059.0;11;1059.0
1992-11-23;997.0;11;997.0
1992-11-24;1163.0;11;1163.0
1992-11-25;1190.0;11;1190.0
1992-11-26;1150.0;11;1150.0
1992-11-27;1068.0;11;1068.0
1992-11-28;1209.0;11;1209.0
1992-11-29;1415.0;11;1415.0
1992-11-30;1432.0;11;1432.0
1992-12-01;1334.0;12;1334.0
1992-12-02;1424.0;12;1424.0
1992-12-03;1695.0;12;1695.0
1992-12-04;1898.0;12;1898.0
1992-12-05;1628.0;12;1628.0
1992-12-06;1318.0;12;1318.0
1992-12-07;1435.0;12;1435.0
1992-12-08;1180.0;12;1180.0
1992-12-09;1350.0;12;1350.0
1992-12-10;1467.0;12;1467.0
1992-12-11;1125.0;12;1125.0
1992-12-12;1241.0;12;1241.0
1992-12-13;2038.0;12;2038.0
1992-12-14;1239.0;12;1239.0
1992-12-15;953.0;12;953.0
1992-12-16;920.0;12;920.0
1992-12-17;869.0;12;869.0
1992-12-18;795.0;12;795.0
1992-12-19;701.0;12;701.0
1992-12-20;630.0;12;630.0
1992-12-21;574.0;12;574.0
1992-12-22;539.0;12;539.0
1992-12-23;615.0;12;615.0
1992-12-24;566.0;12;566.0
1992-12-25;662.0;12;662.0
1992-12-26;664.0;12;664.0
1992-12-27;616.0;12;616.0
1992-12-28;542.0;12;542.0
1992-12-29;665.0;12;665.0
1992-12-30;549.0;12;549.0
1992-12-31;492.0;12;492.0
1993-01-01;540.0;1;540.0
1993-01-02;660.0;1;660.0
1993-01-03;799.0;1;799.0
1993-01-04;597.0;1;597.0
1993-01-05;581.0;1;581.0
1993-01-06;701.0;1;701.0
1993-01-07;946.0;1;946.0
1993-01-08;936.0;1;936.0
1993-01-09;710.0;1;710.0
1993-01-10;640.0;1;640.0
1993-01-11;635.0;1;635.0
1993-01-12;637.0;1;637.0
1993-01-13;767.0;1;767.0
1993-01-14;899.0;1;899.0
1993-01-15;801.0;1;801.0
1993-01-16;749.0;1;749.0
1993-01-17;755.0;1;755.0
1993-01-18;767.0;1;767.0
1993-01-19;729.0;1;729.0
1993-01-20;701.0;1;701.0
1993-01-21;624.0;1;624.0
1993-01-22;612.0;1;612.0
1993-01-23;558.0;1;558.0
1993-01-24;530.0;1;530.0
1993-01-25;625.0;1;625.0
1993-01-26;589.0;1;589.0
1993-01-27;539.0;1;539.0
1993-01-28;572.0;1;572.0
1993-01-29;663.0;1;663.0
1993-01-30;740.0;1;740.0
1993-01-31;770.0;1;770.0
1993-02-01;730.0;2;730.0
1993-02-02;855.0;2;855.0
1993-02-03;1108.0;2;1108.0
1993-02-04;1951.0;2;1951.0
1993-02-05;1410.0;2;1410.0
1993-02-06;1026.0;2;1026.0
1993-02-07;1075.0;2;1075.0
1993-02-08;1031.0;2;1031.0
1993-02-09;758.0;2;758.0
1993-02-10;761.0;2;761.0
1993-02-11;789.0;2;789.0
1993-02-12;700.0;2;700.0
1993-02-13;722.0;2;722.0
1993-02-14;758.0;2;758.0
1993-02-15;646.0;2;646.0
1993-02-16;576.0;2;576.0
1993-02-17;550.0;2;550.0
1993-02-18;605.0;2;605.0
1993-02-19;654.0;2;654.0
1993-02-20;574.0;2;574.0
1993-02-21;542.0;2;542.0
1993-02-22;536.0;2;536.0
1993-02-23;537.0;2;537.0
1993-02-24;505.0;2;505.0
1993-02-25;509.0;2;509.0
1993-02-26;597.0;2;597.0
1993-02-27;666.0;2;666.0
1993-02-28;665.0;2;665.0
1993-03-01;862.0;3;862.0
1993-03-02;1019.0;3;1019.0
1993-03-03;800.0;3;800.0
1993-03-04;943.0;3;943.0
1993-03-05;2313.0;3;2313.0
1993-03-06;1480.0;3;1480.0
1993-03-07;1311.0;3;1311.0
1993-03-08;1208.0;3;1208.0
1993-03-09;999.0;3;999.0
1993-03-10;1193.0;3;1193.0
1993-03-11;1207.0;3;1207.0
1993-03-12;1000.0;3;1000.0
1993-03-13;912.0;3;912.0
1993-03-14;945.0;3;945.0
1993-03-15;960.0;3;960.0
1993-03-16;1003.0;3;1003.0
1993-03-17;1042.0;3;1042.0
1993-03-18;1021.0;3;1021.0
1993-03-19;1143.0;3;1143.0
1993-03-20;1044.0;3;1044.0
1993-03-21;1252.0;3;1252.0
1993-03-22;1275.0;3;1275.0
1993-03-23;927.0;3;927.0
1993-03-24;985.0;3;985.0
1993-03-25;933.0;3;933.0
1993-03-26;1249.0;3;1249.0
1993-03-27;1405.0;3;1405.0
1993-03-28;2339.0;3;2339.0
1993-03-29;1255.0;3;1255.0
1993-03-30;1320.0;3;1320.0
1993-03-31;1205.0;3;1205.0
1993-04-01;1055.0;4;1055.0
1993-04-02;901.0;4;901.0
1993-04-03;807.0;4;807.0
1993-04-04;843.0;4;843.0
1993-04-05;711.0;4;711.0
1993-04-06;735.0;4;735.0
1993-04-07;827.0;4;827.0
1993-04-08;760.0;4;760.0
1993-04-09;779.0;4;779.0
1993-04-10;1251.0;4;1251.0
1993-04-11;1122.0;4;1122.0
1993-04-12;1125.0;4;1125.0
1993-04-13;820.0;4;820.0
1993-04-14;785.0;4;785.0
1993-04-15;1099.0;4;1099.0
1993-04-16;1621.0;4;1621.0
1993-04-17;1463.0;4;1463.0
1993-04-18;2502.0;4;2502.0
1993-04-19;2279.0;4;2279.0
1993-04-20;2234.0;4;2234.0
1993-04-21;2835.0;4;2835.0
1993-04-22;2733.0;4;2733.0
1993-04-23;2691.0;4;2691.0
1993-04-24;1804.0;4;1804.0
1993-04-25;1635.0;4;1635.0
1993-04-26;1382.0;4;1382.0
1993-04-27;1161.0;4;1161.0
1993-04-28;1864.0;4;1864.0
1993-04-29;3505.0;4;3505.0
1993-04-30;1463.0;4;1463.0
1993-05-01;1996.0;5;1996.0
1993-05-02;2856.0;5;2856.0
1993-05-03;3818.0;5;3818.0
1993-05-04;4073.0;5;4073.0
1993-05-05;2231.0;5;2231.0
1993-05-06;3826.0;5;3826.0
1993-05-07;2860.0;5;2860.0
1993-05-08;1932.0;5;1932.0
1993-05-09;1534.0;5;1534.0
1993-05-10;1182.0;5;1182.0
1993-05-11;1765.0;5;1765.0
1993-05-12;1947.0;5;1947.0
1993-05-13;1691.0;5;1691.0
1993-05-14;1508.0;5;1508.0
1993-05-15;1629.0;5;1629.0
1993-05-16;1485.0;5;1485.0
1993-05-17;1459.0;5;1459.0
1993-05-18;1327.0;5;1327.0
1993-05-19;1464.0;5;1464.0
1993-05-20;1542.0;5;1542.0
1993-05-21;1433.0;5;1433.0
1993-05-22;1454.0;5;1454.0
1993-05-23;1333.0;5;1333.0
1993-05-24;1396.0;5;1396.0
1993-05-25;1881.0;5;1881.0
1993-05-26;4140.0;5;4140.0
1993-05-27;3391.0;5;3391.0
1993-05-28;1694.0;5;1694.0
1993-05-29;2013.0;5;2013.0
1993-05-30;2136.0;5;2136.0
1993-05-31;1709.0;5;1709.0
1993-06-01;1435.0;6;1435.0
1993-06-02;1661.0;6;1661.0
1993-06-03;1475.0;6;1475.0
1993-06-04;1312.0;6;1312.0
1993-06-05;1205.0;6;1205.0
1993-06-06;1138.0;6;1138.0
1993-06-07;1150.0;6;1150.0
1993-06-08;1186.0;6;1186.0
1993-06-09;1150.0;6;1150.0
1993-06-10;1104.0;6;1104.0
1993-06-11;1123.0;6;1123.0
1993-06-12;1515.0;6;1515.0
1993-06-13;1977.0;6;1977.0
1993-06-14;1852.0;6;1852.0
1993-06-15;1353.0;6;1353.0
1993-06-16;1221.0;6;1221.0
1993-06-17;1186.0;6;1186.0
1993-06-18;1200.0;6;1200.0
1993-06-19;1405.0;6;1405.0
1993-06-20;1550.0;6;1550.0
1993-06-21;1555.0;6;1555.0
1993-06-22;1272.0;6;1272.0
1993-06-23;1173.0;6;1173.0
1993-06-24;1115.0;6;1115.0
1993-06-25;1117.0;6;1117.0
1993-06-26;1157.0;6;1157.0
1993-06-27;1166.0;6;1166.0
1993-06-28;1099.0;6;1099.0
1993-06-29;1192.0;6;1192.0
1993-06-30;1661.0;6;1661.0
1993-07-01;1203.0;7;1203.0
1993-07-02;1289.0;7;1289.0
1993-07-03;1318.0;7;1318.0
1993-07-04;946.0;7;946.0
1993-07-05;797.0;7;797.0
1993-07-06;1010.0;7;1010.0
1993-07-07;1058.0;7;1058.0
1993-07-08;1191.0;7;1191.0
1993-07-09;1062.0;7;1062.0
1993-07-10;1108.0;7;1108.0
1993-07-11;1044.0;7;1044.0
1993-07-12;1030.0;7;1030.0
1993-07-13;1219.0;7;1219.0
1993-07-14;1324.0;7;1324.0
1993-07-15;1550.0;7;1550.0
1993-07-16;1289.0;7;1289.0
1993-07-17;1223.0;7;1223.0
1993-07-18;1359.0;7;1359.0
1993-07-19;1081.0;7;1081.0
1993-07-20;1113.0;7;1113.0
1993-07-21;927.0;7;927.0
1993-07-22;1224.0;7;1224.0
1993-07-23;1094.0;7;1094.0
1993-07-24;1117.0;7;1117.0
1993-07-25;1261.0;7;1261.0
1993-07-26;1365.0;7;1365.0
1993-07-27;1099.0;7;1099.0
1993-07-28;1031.0;7;1031.0
1993-07-29;994.0;7;994.0
1993-07-30;1068.0;7;1068.0
1993-07-31;1038.0;7;1038.0
1993-08-01;1085.0;8;1085.0
1993-08-02;1015.0;8;1015.0
1993-08-03;863.0;8;863.0
1993-08-04;751.0;8;751.0
1993-08-05;851.0;8;851.0
1993-08-06;898.0;8;898.0
1993-08-07;1108.0;8;1108.0
1993-08-08;764.0;8;764.0
1993-08-09;649.0;8;649.0
1993-08-10;654.0;8;654.0
1993-08-11;835.0;8;835.0
1993-08-12;978.0;8;978.0
1993-08-13;863.0;8;863.0
1993-08-14;1086.0;8;1086.0
1993-08-15;955.0;8;955.0
1993-08-16;858.0;8;858.0
1993-08-17;940.0;8;940.0
1993-08-18;984.0;8;984.0
1993-08-19;1130.0;8;1130.0
1993-08-20;1076.0;8;1076.0
1993-08-21;986.0;8;986.0
1993-08-22;802.0;8;802.0
1993-08-23;625.0;8;625.0
1993-08-24;903.0;8;903.0
1993-08-25;1251.0;8;1251.0
1993-08-26;834.0;8;834.0
1993-08-27;678.0;8;678.0
1993-08-28;641.0;8;641.0
1993-08-29;776.0;8;776.0
1993-08-30;674.0;8;674.0
1993-08-31;713.0;8;713.0
1993-09-01;611.0;9;611.0
1993-09-02;613.0;9;613.0
1993-09-03;565.0;9;565.0
1993-09-04;620.0;9;620.0
1993-09-05;657.0;9;657.0
1993-09-06;679.0;9;679.0
1993-09-07;906.0;9;906.0
1993-09-08;760.0;9;760.0
1993-09-09;783.0;9;783.0
1993-09-10;852.0;9;852.0
1993-09-11;825.0;9;825.0
1993-09-12;744.0;9;744.0
1993-09-13;644.0;9;644.0
1993-09-14;686.0;9;686.0
1993-09-15;792.0;9;792.0
1993-09-16;718.0;9;718.0
1993-09-17;693.0;9;693.0
1993-09-18;658.0;9;658.0
1993-09-19;659.0;9;659.0
1993-09-20;651.0;9;651.0
1993-09-21;645.0;9;645.0
1993-09-22;645.0;9;645.0
1993-09-23;682.0;9;682.0
1993-09-24;645.0;9;645.0
1993-09-25;682.0;9;682.0
1993-09-26;687.0;9;687.0
1993-09-27;638.0;9;638.0
1993-09-28;569.0;9;569.0
1993-09-29;640.0;9;640.0
1993-09-30;701.0;9;701.0
1993-10-01;814.0;10;814.0
1993-10-02;762.0;10;762.0
1993-10-03;696.0;10;696.0
1993-10-04;702.0;10;702.0
1993-10-05;628.0;10;628.0
1993-10-06;621.0;10;621.0
1993-10-07;585.0;10;585.0
1993-10-08;551.0;10;551.0
1993-10-09;533.0;10;533.0
1993-10-10;517.0;10;517.0
1993-10-11;505.0;10;505.0
1993-10-12;616.0;10;616.0
1993-10-13;619.0;10;619.0
1993-10-14;618.0;10;618.0
1993-10-15;715.0;10;715.0
1993-10-16;670.0;10;670.0
1993-10-17;640.0;10;640.0
1993-10-18;653.0;10;653.0
1993-10-19;961.0;10;961.0
1993-10-20;905.0;10;905.0
1993-10-21;934.0;10;934.0
1993-10-22;992.0;10;992.0
1993-10-23;1115.0;10;1115.0
1993-10-24;1026.0;10;1026.0
1993-10-25;878.0;10;878.0
1993-10-26;740.0;10;740.0
1993-10-27;731.0;10;731.0
1993-10-28;764.0;10;764.0
1993-10-29;678.0;10;678.0
1993-10-30;808.0;10;808.0
1993-10-31;1031.0;10;1031.0
1993-11-01;898.0;11;898.0
1993-11-02;1350.0;11;1350.0
1993-11-03;1496.0;11;1496.0
1993-11-04;1448.0;11;1448.0
1993-11-05;2001.0;11;2001.0
1993-11-06;1775.0;11;1775.0
1993-11-07;1321.0;11;1321.0
1993-11-08;1115.0;11;1115.0
1993-11-09;1808.0;11;1808.0
1993-11-10;1490.0;11;1490.0
1993-11-11;1292.0;11;1292.0
1993-11-12;1675.0;11;1675.0
1993-11-13;1416.0;11;1416.0
1993-11-14;2106.0;11;2106.0
1993-11-15;1668.0;11;1668.0
1993-11-16;2407.0;11;2407.0
1993-11-17;2682.0;11;2682.0
1993-11-18;1689.0;11;1689.0
1993-11-19;1337.0;11;1337.0
1993-11-20;2042.0;11;2042.0
1993-11-21;2067.0;11;2067.0
1993-11-22;1345.0;11;1345.0
1993-11-23;1299.0;11;1299.0
1993-11-24;1248.0;11;1248.0
1993-11-25;1112.0;11;1112.0
1993-11-26;1201.0;11;1201.0
1993-11-27;1260.0;11;1260.0
1993-11-28;1470.0;11;1470.0
1993-11-29;3092.0;11;3092.0
1993-11-30;5286.0;11;5286.0
1993-12-01;3668.0;12;3668.0
1993-12-02;1737.0;12;1737.0
1993-12-03;1974.0;12;1974.0
1993-12-04;2100.0;12;2100.0
1993-12-05;2263.0;12;2263.0
1993-12-06;1470.0;12;1470.0
1993-12-07;1520.0;12;1520.0
1993-12-08;1352.0;12;1352.0
1993-12-09;1132.0;12;1132.0
1993-12-10;1309.0;12;1309.0
1993-12-11;1424.0;12;1424.0
1993-12-12;1309.0;12;1309.0
1993-12-13;1400.0;12;1400.0
1993-12-14;1439.0;12;1439.0
1993-12-15;1607.0;12;1607.0
1993-12-16;1817.0;12;1817.0
1993-12-17;1263.0;12;1263.0
1993-12-18;1311.0;12;1311.0
1993-12-19;1673.0;12;1673.0
1993-12-20;1619.0;12;1619.0
1993-12-21;1376.0;12;1376.0
1993-12-22;1070.0;12;1070.0
1993-12-23;991.0;12;991.0
1993-12-24;830.0;12;830.0
1993-12-25;771.0;12;771.0
1993-12-26;832.0;12;832.0
1993-12-27;910.0;12;910.0
1993-12-28;851.0;12;851.0
1993-12-29;819.0;12;819.0
1993-12-30;704.0;12;704.0
1993-12-31;617.0;12;617.0
1994-01-01;627.0;1;627.0
1994-01-02;603.0;1;603.0
1994-01-03;643.0;1;643.0
1994-01-04;695.0;1;695.0
1994-01-05;744.0;1;744.0
1994-01-06;798.0;1;798.0
1994-01-07;719.0;1;719.0
1994-01-08;685.0;1;685.0
1994-01-09;951.0;1;951.0
1994-01-10;1042.0;1;1042.0
1994-01-11;904.0;1;904.0
1994-01-12;1131.0;1;1131.0
1994-01-13;1012.0;1;1012.0
1994-01-14;893.0;1;893.0
1994-01-15;949.0;1;949.0
1994-01-16;1040.0;1;1040.0
1994-01-17;996.0;1;996.0
1994-01-18;1120.0;1;1120.0
1994-01-19;1081.0;1;1081.0
1994-01-20;1137.0;1;1137.0
1994-01-21;1046.0;1;1046.0
1994-01-22;872.0;1;872.0
1994-01-23;852.0;1;852.0
1994-01-24;800.0;1;800.0
1994-01-25;788.0;1;788.0
1994-01-26;792.0;1;792.0
1994-01-27;766.0;1;766.0
1994-01-28;782.0;1;782.0
1994-01-29;822.0;1;822.0
1994-01-30;1102.0;1;1102.0
1994-01-31;1133.0;1;1133.0
1994-02-01;1151.0;2;1151.0
1994-02-02;1053.0;2;1053.0
1994-02-03;917.0;2;917.0
1994-02-04;1261.0;2;1261.0
1994-02-05;1395.0;2;1395.0
1994-02-06;1166.0;2;1166.0
1994-02-07;1298.0;2;1298.0
1994-02-08;1046.0;2;1046.0
1994-02-09;1013.0;2;1013.0
1994-02-10;949.0;2;949.0
1994-02-11;932.0;2;932.0
1994-02-12;858.0;2;858.0
1994-02-13;810.0;2;810.0
1994-02-14;770.0;2;770.0
1994-02-15;812.0;2;812.0
1994-02-16;811.0;2;811.0
1994-02-17;830.0;2;830.0
1994-02-18;844.0;2;844.0
1994-02-19;833.0;2;833.0
1994-02-20;860.0;2;860.0
1994-02-21;889.0;2;889.0
1994-02-22;922.0;2;922.0
1994-02-23;1085.0;2;1085.0
1994-02-24;1133.0;2;1133.0
1994-02-25;1282.0;2;1282.0
1994-02-26;1347.0;2;1347.0
1994-02-27;1470.0;2;1470.0
1994-02-28;1677.0;2;1677.0
1994-03-01;1407.0;3;1407.0
1994-03-02;1408.0;3;1408.0
1994-03-03;1200.0;3;1200.0
1994-03-04;1184.0;3;1184.0
1994-03-05;1668.0;3;1668.0
1994-03-06;1296.0;3;1296.0
1994-03-07;1229.0;3;1229.0
1994-03-08;1266.0;3;1266.0
1994-03-09;1136.0;3;1136.0
1994-03-10;1004.0;3;1004.0
1994-03-11;1049.0;3;1049.0
1994-03-12;1013.0;3;1013.0
1994-03-13;1142.0;3;1142.0
1994-03-14;1428.0;3;1428.0
1994-03-15;1557.0;3;1557.0
1994-03-16;1568.0;3;1568.0
1994-03-17;1485.0;3;1485.0
1994-03-18;1462.0;3;1462.0
1994-03-19;1200.0;3;1200.0
1994-03-20;1102.0;3;1102.0
1994-03-21;1129.0;3;1129.0
1994-03-22;1079.0;3;1079.0
1994-03-23;1189.0;3;1189.0
1994-03-24;1243.0;3;1243.0
1994-03-25;1340.0;3;1340.0
1994-03-26;1030.0;3;1030.0
1994-03-27;880.0;3;880.0
1994-03-28;749.0;3;749.0
1994-03-29;1115.0;3;1115.0
1994-03-30;1500.0;3;1500.0
1994-03-31;2309.0;3;2309.0
1994-04-01;2585.0;4;2585.0
1994-04-02;2309.0;4;2309.0
1994-04-03;3315.0;4;3315.0
1994-04-04;3393.0;4;3393.0
1994-04-05;3828.0;4;3828.0
1994-04-06;2830.0;4;2830.0
1994-04-07;2263.0;4;2263.0
1994-04-08;2010.0;4;2010.0
1994-04-09;2031.0;4;2031.0
1994-04-10;2162.0;4;2162.0
1994-04-11;1974.0;4;1974.0
1994-04-12;1641.0;4;1641.0
1994-04-13;1704.0;4;1704.0
1994-04-14;1795.0;4;1795.0
1994-04-15;1874.0;4;1874.0
1994-04-16;1649.0;4;1649.0
1994-04-17;1428.0;4;1428.0
1994-04-18;1190.0;4;1190.0
1994-04-19;1284.0;4;1284.0
1994-04-20;1334.0;4;1334.0
1994-04-21;1383.0;4;1383.0
1994-04-22;1521.0;4;1521.0
1994-04-23;1435.0;4;1435.0
1994-04-24;1365.0;4;1365.0
1994-04-25;1326.0;4;1326.0
1994-04-26;1604.0;4;1604.0
1994-04-27;1878.0;4;1878.0
1994-04-28;1321.0;4;1321.0
1994-04-29;1456.0;4;1456.0
1994-04-30;2567.0;4;2567.0
1994-05-01;2374.0;5;2374.0
1994-05-02;2116.0;5;2116.0
1994-05-03;1791.0;5;1791.0
1994-05-04;1487.0;5;1487.0
1994-05-05;1453.0;5;1453.0
1994-05-06;1563.0;5;1563.0
1994-05-07;2379.0;5;2379.0
1994-05-08;3015.0;5;3015.0
1994-05-09;3114.0;5;3114.0
1994-05-10;2332.0;5;2332.0
1994-05-11;1926.0;5;1926.0
1994-05-12;2020.0;5;2020.0
1994-05-13;1747.0;5;1747.0
1994-05-14;1667.0;5;1667.0
1994-05-15;1595.0;5;1595.0
1994-05-16;1550.0;5;1550.0
1994-05-17;1515.0;5;1515.0
1994-05-18;1762.0;5;1762.0
1994-05-19;1812.0;5;1812.0
1994-05-20;2152.0;5;2152.0
1994-05-21;2024.0;5;2024.0
1994-05-22;1396.0;5;1396.0
1994-05-23;1270.0;5;1270.0
1994-05-24;1348.0;5;1348.0
1994-05-25;1378.0;5;1378.0
1994-05-26;2084.0;5;2084.0
1994-05-27;2502.0;5;2502.0
1994-05-28;2150.0;5;2150.0
1994-05-29;1895.0;5;1895.0
1994-05-30;1544.0;5;1544.0
1994-05-31;1853.0;5;1853.0
1994-06-01;2224.0;6;2224.0
1994-06-02;2068.0;6;2068.0
1994-06-03;1973.0;6;1973.0
1994-06-04;2009.0;6;2009.0
1994-06-05;2331.0;6;2331.0
1994-06-06;2565.0;6;2565.0
1994-06-07;1898.0;6;1898.0
1994-06-08;2002.0;6;2002.0
1994-06-09;1878.0;6;1878.0
1994-06-10;1613.0;6;1613.0
1994-06-11;1473.0;6;1473.0
1994-06-12;1546.0;6;1546.0
1994-06-13;1580.0;6;1580.0
1994-06-14;1620.0;6;1620.0
1994-06-15;1468.0;6;1468.0
1994-06-16;1443.0;6;1443.0
1994-06-17;1705.0;6;1705.0
1994-06-18;1673.0;6;1673.0
1994-06-19;1452.0;6;1452.0
1994-06-20;1325.0;6;1325.0
1994-06-21;1255.0;6;1255.0
1994-06-22;1227.0;6;1227.0
1994-06-23;1300.0;6;1300.0
1994-06-24;1305.0;6;1305.0
1994-06-25;1280.0;6;1280.0
1994-06-26;1420.0;6;1420.0
1994-06-27;1738.0;6;1738.0
1994-06-28;1992.0;6;1992.0
1994-06-29;1983.0;6;1983.0
1994-06-30;1536.0;6;1536.0
1994-07-01;1223.0;7;1223.0
1994-07-02;1068.0;7;1068.0
1994-07-03;1138.0;7;1138.0
1994-07-04;1214.0;7;1214.0
1994-07-05;1147.0;7;1147.0
1994-07-06;1503.0;7;1503.0
1994-07-07;1184.0;7;1184.0
1994-07-08;1071.0;7;1071.0
1994-07-09;1191.0;7;1191.0
1994-07-10;1427.0;7;1427.0
1994-07-11;2089.0;7;2089.0
1994-07-12;2668.0;7;2668.0
1994-07-13;2733.0;7;2733.0
1994-07-14;1946.0;7;1946.0
1994-07-15;1505.0;7;1505.0
1994-07-16;1323.0;7;1323.0
1994-07-17;1285.0;7;1285.0
1994-07-18;1173.0;7;1173.0
1994-07-19;1133.0;7;1133.0
1994-07-20;1164.0;7;1164.0
1994-07-21;1007.0;7;1007.0
1994-07-22;942.0;7;942.0
1994-07-23;938.0;7;938.0
1994-07-24;1069.0;7;1069.0
1994-07-25;909.0;7;909.0
1994-07-26;988.0;7;988.0
1994-07-27;1109.0;7;1109.0
1994-07-28;1243.0;7;1243.0
1994-07-29;1207.0;7;1207.0
1994-07-30;1062.0;7;1062.0
1994-07-31;946.0;7;946.0
1994-08-01;1137.0;8;1137.0
1994-08-02;1063.0;8;1063.0
1994-08-03;1059.0;8;1059.0
1994-08-04;978.0;8;978.0
1994-08-05;945.0;8;945.0
1994-08-06;1009.0;8;1009.0
1994-08-07;1091.0;8;1091.0
1994-08-08;1136.0;8;1136.0
1994-08-09;1228.0;8;1228.0
1994-08-10;1214.0;8;1214.0
1994-08-11;1123.0;8;1123.0
1994-08-12;1085.0;8;1085.0
1994-08-13;1406.0;8;1406.0
1994-08-14;1500.0;8;1500.0
1994-08-15;1203.0;8;1203.0
1994-08-16;1042.0;8;1042.0
1994-08-17;1072.0;8;1072.0
1994-08-18;999.0;8;999.0
1994-08-19;919.0;8;919.0
1994-08-20;984.0;8;984.0
1994-08-21;1090.0;8;1090.0
1994-08-22;1013.0;8;1013.0
1994-08-23;1156.0;8;1156.0
1994-08-24;1486.0;8;1486.0
1994-08-25;1232.0;8;1232.0
1994-08-26;1119.0;8;1119.0
1994-08-27;1074.0;8;1074.0
1994-08-28;924.0;8;924.0
1994-08-29;835.0;8;835.0
1994-08-30;737.0;8;737.0
1994-08-31;734.0;8;734.0
1994-09-01;733.0;9;733.0
1994-09-02;737.0;9;737.0
1994-09-03;728.0;9;728.0
1994-09-04;695.0;9;695.0
1994-09-05;751.0;9;751.0
1994-09-06;801.0;9;801.0
1994-09-07;844.0;9;844.0
1994-09-08;898.0;9;898.0
1994-09-09;761.0;9;761.0
1994-09-10;656.0;9;656.0
1994-09-11;659.0;9;659.0
1994-09-12;637.0;9;637.0
1994-09-13;652.0;9;652.0
1994-09-14;713.0;9;713.0
1994-09-15;648.0;9;648.0
1994-09-16;646.0;9;646.0
1994-09-17;734.0;9;734.0
1994-09-18;702.0;9;702.0
1994-09-19;749.0;9;749.0
1994-09-20;824.0;9;824.0
1994-09-21;797.0;9;797.0
1994-09-22;690.0;9;690.0
1994-09-23;666.0;9;666.0
1994-09-24;839.0;9;839.0
1994-09-25;975.0;9;975.0
1994-09-26;900.0;9;900.0
1994-09-27;1169.0;9;1169.0
1994-09-28;1412.0;9;1412.0
1994-09-29;1886.0;9;1886.0
1994-09-30;1689.0;9;1689.0
1994-10-01;1267.0;10;1267.0
1994-10-02;1041.0;10;1041.0
1994-10-03;821.0;10;821.0
1994-10-04;743.0;10;743.0
1994-10-05;681.0;10;681.0
1994-10-06;657.0;10;657.0
1994-10-07;655.0;10;655.0
1994-10-08;710.0;10;710.0
1994-10-09;1024.0;10;1024.0
1994-10-10;960.0;10;960.0
1994-10-11;1160.0;10;1160.0
1994-10-12;1149.0;10;1149.0
1994-10-13;1540.0;10;1540.0
1994-10-14;1588.0;10;1588.0
1994-10-15;1499.0;10;1499.0
1994-10-16;1220.0;10;1220.0
1994-10-17;968.0;10;968.0
1994-10-18;1162.0;10;1162.0
1994-10-19;1283.0;10;1283.0
1994-10-20;1168.0;10;1168.0
1994-10-21;953.0;10;953.0
1994-10-22;867.0;10;867.0
1994-10-23;1336.0;10;1336.0
1994-10-24;1431.0;10;1431.0
1994-10-25;1591.0;10;1591.0
1994-10-26;1627.0;10;1627.0
1994-10-27;1453.0;10;1453.0
1994-10-28;1492.0;10;1492.0
1994-10-29;1432.0;10;1432.0
1994-10-30;1515.0;10;1515.0
1994-10-31;1103.0;10;1103.0
1994-11-01;895.0;11;895.0
1994-11-02;931.0;11;931.0
1994-11-03;900.0;11;900.0
1994-11-04;918.0;11;918.0
1994-11-05;1781.0;11;1781.0
1994-11-06;1951.0;11;1951.0
1994-11-07;1440.0;11;1440.0
1994-11-08;1547.0;11;1547.0
1994-11-09;1560.0;11;1560.0
1994-11-10;1490.0;11;1490.0
1994-11-11;1278.0;11;1278.0
1994-11-12;1183.0;11;1183.0
1994-11-13;1162.0;11;1162.0
1994-11-14;1223.0;11;1223.0
1994-11-15;1367.0;11;1367.0
1994-11-16;1127.0;11;1127.0
1994-11-17;912.0;11;912.0
1994-11-18;971.0;11;971.0
1994-11-19;1052.0;11;1052.0
1994-11-20;1143.0;11;1143.0
1994-11-21;1256.0;11;1256.0
1994-11-22;1358.0;11;1358.0
1994-11-23;1430.0;11;1430.0
1994-11-24;1420.0;11;1420.0
1994-11-25;1298.0;11;1298.0
1994-11-26;2152.0;11;2152.0
1994-11-27;1977.0;11;1977.0
1994-11-28;1796.0;11;1796.0
1994-11-29;2271.0;11;2271.0
1994-11-30;1962.0;11;1962.0
1994-12-01;1983.0;12;1983.0
1994-12-02;1905.0;12;1905.0
1994-12-03;1772.0;12;1772.0
1994-12-04;1440.0;12;1440.0
1994-12-05;1308.0;12;1308.0
1994-12-06;1103.0;12;1103.0
1994-12-07;963.0;12;963.0
1994-12-08;904.0;12;904.0
1994-12-09;953.0;12;953.0
1994-12-10;866.0;12;866.0
1994-12-11;856.0;12;856.0
1994-12-12;896.0;12;896.0
1994-12-13;914.0;12;914.0
1994-12-14;872.0;12;872.0
1994-12-15;1113.0;12;1113.0
1994-12-16;916.0;12;916.0
1994-12-17;799.0;12;799.0
1994-12-18;746.0;12;746.0
1994-12-19;769.0;12;769.0
1994-12-20;1035.0;12;1035.0
1994-12-21;1207.0;12;1207.0
1994-12-22;922.0;12;922.0
1994-12-23;869.0;12;869.0
1994-12-24;832.0;12;832.0
1994-12-25;819.0;12;819.0
1994-12-26;1073.0;12;1073.0
1994-12-27;1185.0;12;1185.0
1994-12-28;1007.0;12;1007.0
1994-12-29;873.0;12;873.0
1994-12-30;769.0;12;769.0
1994-12-31;652.0;12;652.0
1995-01-01;616.0;1;616.0
1995-01-02;556.0;1;556.0
1995-01-03;575.0;1;575.0
1995-01-04;544.0;1;544.0
1995-01-05;580.0;1;580.0
1995-01-06;536.0;1;536.0
1995-01-07;521.0;1;521.0
1995-01-08;529.0;1;529.0
1995-01-09;546.0;1;546.0
1995-01-10;548.0;1;548.0
1995-01-11;549.0;1;549.0
1995-01-12;522.0;1;522.0
1995-01-13;526.0;1;526.0
1995-01-14;592.0;1;592.0
1995-01-15;582.0;1;582.0
1995-01-16;574.0;1;574.0
1995-01-17;657.0;1;657.0
1995-01-18;546.0;1;546.0
1995-01-19;531.0;1;531.0
1995-01-20;505.0;1;505.0
1995-01-21;531.0;1;531.0
1995-01-22;600.0;1;600.0
1995-01-23;684.0;1;684.0
1995-01-24;554.0;1;554.0
1995-01-25;552.0;1;552.0
1995-01-26;555.0;1;555.0
1995-01-27;552.0;1;552.0
1995-01-28;550.0;1;550.0
1995-01-29;544.0;1;544.0
1995-01-30;540.0;1;540.0
1995-01-31;561.0;1;561.0
1995-02-01;543.0;2;543.0
1995-02-02;565.0;2;565.0
1995-02-03;551.0;2;551.0
1995-02-04;508.0;2;508.0
1995-02-05;508.0;2;508.0
1995-02-06;505.0;2;505.0
1995-02-07;514.0;2;514.0
1995-02-08;498.0;2;498.0
1995-02-09;512.0;2;512.0
1995-02-10;540.0;2;540.0
1995-02-11;514.0;2;514.0
1995-02-12;508.0;2;508.0
1995-02-13;460.0;2;460.0
1995-02-14;463.0;2;463.0
1995-02-15;483.0;2;483.0
1995-02-16;481.0;2;481.0
1995-02-17;465.0;2;465.0
1995-02-18;469.0;2;469.0
1995-02-19;491.0;2;491.0
1995-02-20;465.0;2;465.0
1995-02-21;476.0;2;476.0
1995-02-22;541.0;2;541.0
1995-02-23;591.0;2;591.0
1995-02-24;546.0;2;546.0
1995-02-25;501.0;2;501.0
1995-02-26;513.0;2;513.0
1995-02-27;485.0;2;485.0
1995-02-28;499.0;2;499.0
1995-03-01;582.0;3;582.0
1995-03-02;585.0;3;585.0
1995-03-03;637.0;3;637.0
1995-03-04;578.0;3;578.0
1995-03-05;548.0;3;548.0
1995-03-06;517.0;3;517.0
1995-03-07;481.0;3;481.0
1995-03-08;561.0;3;561.0
1995-03-09;642.0;3;642.0
1995-03-10;693.0;3;693.0
1995-03-11;974.0;3;974.0
1995-03-12;1551.0;3;1551.0
1995-03-13;1086.0;3;1086.0
1995-03-14;800.0;3;800.0
1995-03-15;678.0;3;678.0
1995-03-16;635.0;3;635.0
1995-03-17;606.0;3;606.0
1995-03-18;607.0;3;607.0
1995-03-19;507.0;3;507.0
1995-03-20;557.0;3;557.0
1995-03-21;678.0;3;678.0
1995-03-22;739.0;3;739.0
1995-03-23;850.0;3;850.0
1995-03-24;1017.0;3;1017.0
1995-03-25;1329.0;3;1329.0
1995-03-26;1502.0;3;1502.0
1995-03-27;1067.0;3;1067.0
1995-03-28;917.0;3;917.0
1995-03-29;840.0;3;840.0
1995-03-30;872.0;3;872.0
1995-03-31;749.0;3;749.0
1995-04-01;696.0;4;696.0
1995-04-02;628.0;4;628.0
1995-04-03;626.0;4;626.0
1995-04-04;654.0;4;654.0
1995-04-05;601.0;4;601.0
1995-04-06;602.0;4;602.0
1995-04-07;570.0;4;570.0
1995-04-08;574.0;4;574.0
1995-04-09;678.0;4;678.0
1995-04-10;744.0;4;744.0
1995-04-11;732.0;4;732.0
1995-04-12;667.0;4;667.0
1995-04-13;641.0;4;641.0
1995-04-14;817.0;4;817.0
1995-04-15;1346.0;4;1346.0
1995-04-16;1152.0;4;1152.0
1995-04-17;1465.0;4;1465.0
1995-04-18;1321.0;4;1321.0
1995-04-19;1380.0;4;1380.0
1995-04-20;2122.0;4;2122.0
1995-04-21;2276.0;4;2276.0
1995-04-22;2500.0;4;2500.0
1995-04-23;2580.0;4;2580.0
1995-04-24;2201.0;4;2201.0
1995-04-25;2041.0;4;2041.0
1995-04-26;1972.0;4;1972.0
1995-04-27;1840.0;4;1840.0
1995-04-28;1655.0;4;1655.0
1995-04-29;1388.0;4;1388.0
1995-04-30;1612.0;4;1612.0
1995-05-01;1579.0;5;1579.0
1995-05-02;1772.0;5;1772.0
1995-05-03;1718.0;5;1718.0
1995-05-04;1478.0;5;1478.0
1995-05-05;1304.0;5;1304.0
1995-05-06;1480.0;5;1480.0
1995-05-07;2070.0;5;2070.0
1995-05-08;1720.0;5;1720.0
1995-05-09;1776.0;5;1776.0
1995-05-10;1695.0;5;1695.0
1995-05-11;1539.0;5;1539.0
1995-05-12;1359.0;5;1359.0
1995-05-13;1352.0;5;1352.0
1995-05-14;1377.0;5;1377.0
1995-05-15;1312.0;5;1312.0
1995-05-16;962.0;5;962.0
1995-05-17;1160.0;5;1160.0
1995-05-18;1307.0;5;1307.0
1995-05-19;1292.0;5;1292.0
1995-05-20;1119.0;5;1119.0
1995-05-21;982.0;5;982.0
1995-05-22;1112.0;5;1112.0
1995-05-23;1230.0;5;1230.0
1995-05-24;1291.0;5;1291.0
1995-05-25;1441.0;5;1441.0
1995-05-26;1334.0;5;1334.0
1995-05-27;1450.0;5;1450.0
1995-05-28;1407.0;5;1407.0
1995-05-29;1569.0;5;1569.0
1995-05-30;1544.0;5;1544.0
1995-05-31;1462.0;5;1462.0
1995-06-01;1193.0;6;1193.0
1995-06-02;947.0;6;947.0
1995-06-03;1049.0;6;1049.0
1995-06-04;1054.0;6;1054.0
1995-06-05;1137.0;6;1137.0
1995-06-06;1212.0;6;1212.0
1995-06-07;2009.0;6;2009.0
1995-06-08;2190.0;6;2190.0
1995-06-09;2123.0;6;2123.0
1995-06-10;1471.0;6;1471.0
1995-06-11;1343.0;6;1343.0
1995-06-12;1078.0;6;1078.0
1995-06-13;970.0;6;970.0
1995-06-14;961.0;6;961.0
1995-06-15;1091.0;6;1091.0
1995-06-16;1047.0;6;1047.0
1995-06-17;1273.0;6;1273.0
1995-06-18;1491.0;6;1491.0
1995-06-19;1329.0;6;1329.0
1995-06-20;1182.0;6;1182.0
1995-06-21;1099.0;6;1099.0
1995-06-22;1127.0;6;1127.0
1995-06-23;1033.0;6;1033.0
1995-06-24;1118.0;6;1118.0
1995-06-25;1293.0;6;1293.0
1995-06-26;1173.0;6;1173.0
1995-06-27;1120.0;6;1120.0
1995-06-28;1098.0;6;1098.0
1995-06-29;1020.0;6;1020.0
1995-06-30;1303.0;6;1303.0
1995-07-01;1367.0;7;1367.0
1995-07-02;1216.0;7;1216.0
1995-07-03;997.0;7;997.0
1995-07-04;1068.0;7;1068.0
1995-07-05;1240.0;7;1240.0
1995-07-06;1251.0;7;1251.0
1995-07-07;1102.0;7;1102.0
1995-07-08;1120.0;7;1120.0
1995-07-09;1037.0;7;1037.0
1995-07-10;910.0;7;910.0
1995-07-11;910.0;7;910.0
1995-07-12;866.0;7;866.0
1995-07-13;771.0;7;771.0
1995-07-14;745.0;7;745.0
1995-07-15;763.0;7;763.0
1995-07-16;789.0;7;789.0
1995-07-17;849.0;7;849.0
1995-07-18;1096.0;7;1096.0
1995-07-19;1117.0;7;1117.0
1995-07-20;1092.0;7;1092.0
1995-07-21;1187.0;7;1187.0
1995-07-22;1450.0;7;1450.0
1995-07-23;1233.0;7;1233.0
1995-07-24;1282.0;7;1282.0
1995-07-25;1382.0;7;1382.0
1995-07-26;1280.0;7;1280.0
1995-07-27;1419.0;7;1419.0
1995-07-28;1696.0;7;1696.0
1995-07-29;1482.0;7;1482.0
1995-07-30;1766.0;7;1766.0
1995-07-31;1313.0;7;1313.0
1995-08-01;1133.0;8;1133.0
1995-08-02;1113.0;8;1113.0
1995-08-03;1446.0;8;1446.0
1995-08-04;1189.0;8;1189.0
1995-08-05;1259.0;8;1259.0
1995-08-06;1226.0;8;1226.0
1995-08-07;1067.0;8;1067.0
1995-08-08;779.0;8;779.0
1995-08-09;863.0;8;863.0
1995-08-10;934.0;8;934.0
1995-08-11;1394.0;8;1394.0
1995-08-12;1292.0;8;1292.0
1995-08-13;1457.0;8;1457.0
1995-08-14;1431.0;8;1431.0
1995-08-15;1295.0;8;1295.0
1995-08-16;1240.0;8;1240.0
1995-08-17;1096.0;8;1096.0
1995-08-18;1007.0;8;1007.0
1995-08-19;939.0;8;939.0
1995-08-20;944.0;8;944.0
1995-08-21;1003.0;8;1003.0
1995-08-22;941.0;8;941.0
1995-08-23;843.0;8;843.0
1995-08-24;794.0;8;794.0
1995-08-25;774.0;8;774.0
1995-08-26;694.0;8;694.0
1995-08-27;777.0;8;777.0
1995-08-28;737.0;8;737.0
1995-08-29;665.0;8;665.0
1995-08-30;621.0;8;621.0
1995-08-31;577.0;8;577.0
1995-09-01;563.0;9;563.0
1995-09-02;568.0;9;568.0
1995-09-03;541.0;9;541.0
1995-09-04;547.0;9;547.0
1995-09-05;529.0;9;529.0
1995-09-06;564.0;9;564.0
1995-09-07;528.0;9;528.0
1995-09-08;519.0;9;519.0
1995-09-09;520.0;9;520.0
1995-09-10;519.0;9;519.0
1995-09-11;545.0;9;545.0
1995-09-12;622.0;9;622.0
1995-09-13;749.0;9;749.0
1995-09-14;1033.0;9;1033.0
1995-09-15;856.0;9;856.0
1995-09-16;743.0;9;743.0
1995-09-17;727.0;9;727.0
1995-09-18;610.0;9;610.0
1995-09-19;549.0;9;549.0
1995-09-20;549.0;9;549.0
1995-09-21;520.0;9;520.0
1995-09-22;521.0;9;521.0
1995-09-23;543.0;9;543.0
1995-09-24;663.0;9;663.0
1995-09-25;557.0;9;557.0
1995-09-26;506.0;9;506.0
1995-09-27;528.0;9;528.0
1995-09-28;520.0;9;520.0
1995-09-29;578.0;9;578.0
1995-09-30;689.0;9;689.0
1995-10-01;820.0;10;820.0
1995-10-02;831.0;10;831.0
1995-10-03;606.0;10;606.0
1995-10-04;595.0;10;595.0
1995-10-05;602.0;10;602.0
1995-10-06;591.0;10;591.0
1995-10-07;621.0;10;621.0
1995-10-08;630.0;10;630.0
1995-10-09;613.0;10;613.0
1995-10-10;762.0;10;762.0
1995-10-11;792.0;10;792.0
1995-10-12;937.0;10;937.0
1995-10-13;961.0;10;961.0
1995-10-14;1074.0;10;1074.0
1995-10-15;1019.0;10;1019.0
1995-10-16;854.0;10;854.0
1995-10-17;773.0;10;773.0
1995-10-18;798.0;10;798.0
1995-10-19;862.0;10;862.0
1995-10-20;1040.0;10;1040.0
1995-10-21;1297.0;10;1297.0
1995-10-22;1196.0;10;1196.0
1995-10-23;1496.0;10;1496.0
1995-10-24;952.0;10;952.0
1995-10-25;1066.0;10;1066.0
1995-10-26;1021.0;10;1021.0
1995-10-27;1405.0;10;1405.0
1995-10-28;1240.0;10;1240.0
1995-10-29;1187.0;10;1187.0
1995-10-30;969.0;10;969.0
1995-10-31;1119.0;10;1119.0
1995-11-01;965.0;11;965.0
1995-11-02;1166.0;11;1166.0
1995-11-03;1157.0;11;1157.0
1995-11-04;1259.0;11;1259.0
1995-11-05;1488.0;11;1488.0
1995-11-06;1366.0;11;1366.0
1995-11-07;987.0;11;987.0
1995-11-08;976.0;11;976.0
1995-11-09;1092.0;11;1092.0
1995-11-10;1275.0;11;1275.0
1995-11-11;1081.0;11;1081.0
1995-11-12;1033.0;11;1033.0
1995-11-13;1285.0;11;1285.0
1995-11-14;1313.0;11;1313.0
1995-11-15;1683.0;11;1683.0
1995-11-16;1533.0;11;1533.0
1995-11-17;1218.0;11;1218.0
1995-11-18;1167.0;11;1167.0
1995-11-19;1154.0;11;1154.0
1995-11-20;1331.0;11;1331.0
1995-11-21;1503.0;11;1503.0
1995-11-22;1531.0;11;1531.0
1995-11-23;1327.0;11;1327.0
1995-11-24;1290.0;11;1290.0
1995-11-25;989.0;11;989.0
1995-11-26;1144.0;11;1144.0
1995-11-27;962.0;11;962.0
1995-11-28;993.0;11;993.0
1995-11-29;941.0;11;941.0
1995-11-30;820.0;11;820.0
1995-12-01;793.0;12;793.0
1995-12-02;837.0;12;837.0
1995-12-03;918.0;12;918.0
1995-12-04;1414.0;12;1414.0
1995-12-05;1252.0;12;1252.0
1995-12-06;1087.0;12;1087.0
1995-12-07;921.0;12;921.0
1995-12-08;863.0;12;863.0
1995-12-09;783.0;12;783.0
1995-12-10;709.0;12;709.0
1995-12-11;771.0;12;771.0
1995-12-12;1438.0;12;1438.0
1995-12-13;1458.0;12;1458.0
1995-12-14;1564.0;12;1564.0
1995-12-15;1595.0;12;1595.0
1995-12-16;1508.0;12;1508.0
1995-12-17;1177.0;12;1177.0
1995-12-18;1326.0;12;1326.0
1995-12-19;1216.0;12;1216.0
1995-12-20;973.0;12;973.0
1995-12-21;1060.0;12;1060.0
1995-12-22;1391.0;12;1391.0
1995-12-23;1066.0;12;1066.0
1995-12-24;1065.0;12;1065.0
1995-12-25;1155.0;12;1155.0
1995-12-26;1090.0;12;1090.0
1995-12-27;894.0;12;894.0
1995-12-28;863.0;12;863.0
1995-12-29;894.0;12;894.0
1995-12-30;1063.0;12;1063.0
1995-12-31;772.0;12;772.0
1996-01-01;700.0;1;700.0
1996-01-02;660.0;1;660.0
1996-01-03;714.0;1;714.0
1996-01-04;806.0;1;806.0
1996-01-05;823.0;1;823.0
1996-01-06;880.0;1;880.0
1996-01-07;810.0;1;810.0
1996-01-08;684.0;1;684.0
1996-01-09;606.0;1;606.0
1996-01-10;586.0;1;586.0
1996-01-11;609.0;1;609.0
1996-01-12;632.0;1;632.0
1996-01-13;581.0;1;581.0
1996-01-14;936.0;1;936.0
1996-01-15;891.0;1;891.0
1996-01-16;794.0;1;794.0
1996-01-17;817.0;1;817.0
1996-01-18;875.0;1;875.0
1996-01-19;1154.0;1;1154.0
1996-01-20;876.0;1;876.0
1996-01-21;836.0;1;836.0
1996-01-22;1002.0;1;1002.0
1996-01-23;1126.0;1;1126.0
1996-01-24;880.0;1;880.0
1996-01-25;943.0;1;943.0
1996-01-26;1425.0;1;1425.0
1996-01-27;1031.0;1;1031.0
1996-01-28;803.0;1;803.0
1996-01-29;725.0;1;725.0
1996-01-30;834.0;1;834.0
1996-01-31;880.0;1;880.0
1996-02-01;1165.0;2;1165.0
1996-02-02;1159.0;2;1159.0
1996-02-03;936.0;2;936.0
1996-02-04;902.0;2;902.0
1996-02-05;977.0;2;977.0
1996-02-06;964.0;2;964.0
1996-02-07;1434.0;2;1434.0
1996-02-08;2117.0;2;2117.0
1996-02-09;2266.0;2;2266.0
1996-02-10;2205.0;2;2205.0
1996-02-11;1831.0;2;1831.0
1996-02-12;1948.0;2;1948.0
1996-02-13;1585.0;2;1585.0
1996-02-14;1511.0;2;1511.0
1996-02-15;1321.0;2;1321.0
1996-02-16;1215.0;2;1215.0
1996-02-17;1072.0;2;1072.0
1996-02-18;1014.0;2;1014.0
1996-02-19;1084.0;2;1084.0
1996-02-20;1229.0;2;1229.0
1996-02-21;1285.0;2;1285.0
1996-02-22;950.0;2;950.0
1996-02-23;857.0;2;857.0
1996-02-24;945.0;2;945.0
1996-02-25;1030.0;2;1030.0
1996-02-26;785.0;2;785.0
1996-02-27;775.0;2;775.0
1996-02-28;961.0;2;961.0
1996-02-29;985.0;2;985.0
1996-03-01;1144.0;3;1144.0
1996-03-02;1258.0;3;1258.0
1996-03-03;1466.0;3;1466.0
1996-03-04;1520.0;3;1520.0
1996-03-05;1510.0;3;1510.0
1996-03-06;1822.0;3;1822.0
1996-03-07;2453.0;3;2453.0
1996-03-08;2788.0;3;2788.0
1996-03-09;2834.0;3;2834.0
1996-03-10;2348.0;3;2348.0
1996-03-11;2437.0;3;2437.0
1996-03-12;2560.0;3;2560.0
1996-03-13;2135.0;3;2135.0
1996-03-14;1942.0;3;1942.0
1996-03-15;1713.0;3;1713.0
1996-03-16;1963.0;3;1963.0
1996-03-17;2334.0;3;2334.0
1996-03-18;2444.0;3;2444.0
1996-03-19;2083.0;3;2083.0
1996-03-20;1757.0;3;1757.0
1996-03-21;1820.0;3;1820.0
1996-03-22;2780.0;3;2780.0
1996-03-23;1652.0;3;1652.0
1996-03-24;1256.0;3;1256.0
1996-03-25;1381.0;3;1381.0
1996-03-26;1149.0;3;1149.0
1996-03-27;1028.0;3;1028.0
1996-03-28;898.0;3;898.0
1996-03-29;791.0;3;791.0
1996-03-30;1226.0;3;1226.0
1996-03-31;1360.0;3;1360.0
1996-04-01;1173.0;4;1173.0
1996-04-02;957.0;4;957.0
1996-04-03;919.0;4;919.0
1996-04-04;796.0;4;796.0
1996-04-05;831.0;4;831.0
1996-04-06;730.0;4;730.0
1996-04-07;759.0;4;759.0
1996-04-08;727.0;4;727.0
1996-04-09;734.0;4;734.0
1996-04-10;907.0;4;907.0
1996-04-11;876.0;4;876.0
1996-04-12;1042.0;4;1042.0
1996-04-13;1396.0;4;1396.0
1996-04-14;1414.0;4;1414.0
1996-04-15;1512.0;4;1512.0
1996-04-16;893.0;4;893.0
1996-04-17;994.0;4;994.0
1996-04-18;862.0;4;862.0
1996-04-19;1164.0;4;1164.0
1996-04-20;1526.0;4;1526.0
1996-04-21;1189.0;4;1189.0
1996-04-22;1155.0;4;1155.0
1996-04-23;1339.0;4;1339.0
1996-04-24;1376.0;4;1376.0
1996-04-25;2580.0;4;2580.0
1996-04-26;1394.0;4;1394.0
1996-04-27;1462.0;4;1462.0
1996-04-28;1506.0;4;1506.0
1996-04-29;1227.0;4;1227.0
1996-04-30;1343.0;4;1343.0
1996-05-01;1606.0;5;1606.0
1996-05-02;1414.0;5;1414.0
1996-05-03;1091.0;5;1091.0
1996-05-04;1268.0;5;1268.0
1996-05-05;1692.0;5;1692.0
1996-05-06;1775.0;5;1775.0
1996-05-07;1468.0;5;1468.0
1996-05-08;1447.0;5;1447.0
1996-05-09;1660.0;5;1660.0
1996-05-10;1369.0;5;1369.0
1996-05-11;1202.0;5;1202.0
1996-05-12;1167.0;5;1167.0
1996-05-13;1467.0;5;1467.0
1996-05-14;1945.0;5;1945.0
1996-05-15;2736.0;5;2736.0
1996-05-16;1858.0;5;1858.0
1996-05-17;1871.0;5;1871.0
1996-05-18;1480.0;5;1480.0
1996-05-19;1610.0;5;1610.0
1996-05-20;2014.0;5;2014.0
1996-05-21;2920.0;5;2920.0
1996-05-22;1915.0;5;1915.0
1996-05-23;1966.0;5;1966.0
1996-05-24;1753.0;5;1753.0
1996-05-25;1796.0;5;1796.0
1996-05-26;2565.0;5;2565.0
1996-05-27;2701.0;5;2701.0
1996-05-28;2166.0;5;2166.0
1996-05-29;2128.0;5;2128.0
1996-05-30;1950.0;5;1950.0
1996-05-31;1631.0;5;1631.0
1996-06-01;1733.0;6;1733.0
1996-06-02;2158.0;6;2158.0
1996-06-03;2205.0;6;2205.0
1996-06-04;1870.0;6;1870.0
1996-06-05;1838.0;6;1838.0
1996-06-06;1637.0;6;1637.0
1996-06-07;1377.0;6;1377.0
1996-06-08;1260.0;6;1260.0
1996-06-09;1323.0;6;1323.0
1996-06-10;1199.0;6;1199.0
1996-06-11;938.0;6;938.0
1996-06-12;1127.0;6;1127.0
1996-06-13;1309.0;6;1309.0
1996-06-14;1301.0;6;1301.0
1996-06-15;1367.0;6;1367.0
1996-06-16;1128.0;6;1128.0
1996-06-17;1000.0;6;1000.0
1996-06-18;1012.0;6;1012.0
1996-06-19;1230.0;6;1230.0
1996-06-20;1314.0;6;1314.0
1996-06-21;1161.0;6;1161.0
1996-06-22;925.0;6;925.0
1996-06-23;1225.0;6;1225.0
1996-06-24;1525.0;6;1525.0
1996-06-25;1426.0;6;1426.0
1996-06-26;1468.0;6;1468.0
1996-06-27;1573.0;6;1573.0
1996-06-28;1860.0;6;1860.0
1996-06-29;1770.0;6;1770.0
1996-06-30;1740.0;6;1740.0
1996-07-01;1557.0;7;1557.0
1996-07-02;1487.0;7;1487.0
1996-07-03;1371.0;7;1371.0
1996-07-04;1367.0;7;1367.0
1996-07-05;1407.0;7;1407.0
1996-07-06;1191.0;7;1191.0
1996-07-07;1124.0;7;1124.0
1996-07-08;1247.0;7;1247.0
1996-07-09;1501.0;7;1501.0
1996-07-10;1681.0;7;1681.0
1996-07-11;1365.0;7;1365.0
1996-07-12;1078.0;7;1078.0
1996-07-13;1123.0;7;1123.0
1996-07-14;1295.0;7;1295.0
1996-07-15;1249.0;7;1249.0
1996-07-16;1411.0;7;1411.0
1996-07-17;1988.0;7;1988.0
1996-07-18;1647.0;7;1647.0
1996-07-19;1895.0;7;1895.0
1996-07-20;2227.0;7;2227.0
1996-07-21;2522.0;7;2522.0
1996-07-22;2792.0;7;2792.0
1996-07-23;2729.0;7;2729.0
1996-07-24;2336.0;7;2336.0
1996-07-25;1540.0;7;1540.0
1996-07-26;1312.0;7;1312.0
1996-07-27;1027.0;7;1027.0
1996-07-28;881.0;7;881.0
1996-07-29;911.0;7;911.0
1996-07-30;885.0;7;885.0
1996-07-31;1195.0;7;1195.0
1996-08-01;1293.0;8;1293.0
1996-08-02;1507.0;8;1507.0
1996-08-03;1494.0;8;1494.0
1996-08-04;1230.0;8;1230.0
1996-08-05;977.0;8;977.0
1996-08-06;957.0;8;957.0
1996-08-07;971.0;8;971.0
1996-08-08;909.0;8;909.0
1996-08-09;978.0;8;978.0
1996-08-10;1157.0;8;1157.0
1996-08-11;1285.0;8;1285.0
1996-08-12;882.0;8;882.0
1996-08-13;951.0;8;951.0
1996-08-14;1029.0;8;1029.0
1996-08-15;864.0;8;864.0
1996-08-16;815.0;8;815.0
1996-08-17;791.0;8;791.0
1996-08-18;781.0;8;781.0
1996-08-19;760.0;8;760.0
1996-08-20;739.0;8;739.0
1996-08-21;719.0;8;719.0
1996-08-22;804.0;8;804.0
1996-08-23;767.0;8;767.0
1996-08-24;743.0;8;743.0
1996-08-25;723.0;8;723.0
1996-08-26;705.0;8;705.0
1996-08-27;692.0;8;692.0
1996-08-28;780.0;8;780.0
1996-08-29;768.0;8;768.0
1996-08-30;745.0;8;745.0
1996-08-31;725.0;8;725.0
1996-09-01;709.0;9;709.0
1996-09-02;700.0;9;700.0
1996-09-03;698.0;9;698.0
1996-09-04;950.0;9;950.0
1996-09-05;1049.0;9;1049.0
1996-09-06;831.0;9;831.0
1996-09-07;779.0;9;779.0
1996-09-08;759.0;9;759.0
1996-09-09;745.0;9;745.0
1996-09-10;829.0;9;829.0
1996-09-11;830.0;9;830.0
1996-09-12;846.0;9;846.0
1996-09-13;808.0;9;808.0
1996-09-14;770.0;9;770.0
1996-09-15;747.0;9;747.0
1996-09-16;724.0;9;724.0
1996-09-17;704.0;9;704.0
1996-09-18;688.0;9;688.0
1996-09-19;675.0;9;675.0
1996-09-20;730.0;9;730.0
1996-09-21;782.0;9;782.0
1996-09-22;805.0;9;805.0
1996-09-23;601.0;9;601.0
1996-09-24;537.0;9;537.0
1996-09-25;687.0;9;687.0
1996-09-26;746.0;9;746.0
1996-09-27;671.0;9;671.0
1996-09-28;584.0;9;584.0
1996-09-29;577.0;9;577.0
1996-09-30;575.0;9;575.0
1996-10-01;614.0;10;614.0
1996-10-02;756.0;10;756.0
1996-10-03;671.0;10;671.0
1996-10-04;684.0;10;684.0
1996-10-05;719.0;10;719.0
1996-10-06;895.0;10;895.0
1996-10-07;890.0;10;890.0
1996-10-08;904.0;10;904.0
1996-10-09;899.0;10;899.0
1996-10-10;943.0;10;943.0
1996-10-11;869.0;10;869.0
1996-10-12;852.0;10;852.0
1996-10-13;1091.0;10;1091.0
1996-10-14;882.0;10;882.0
1996-10-15;965.0;10;965.0
1996-10-16;2102.0;10;2102.0
1996-10-17;2435.0;10;2435.0
1996-10-18;2192.0;10;2192.0
1996-10-19;1454.0;10;1454.0
1996-10-20;1114.0;10;1114.0
1996-10-21;1653.0;10;1653.0
1996-10-22;1234.0;10;1234.0
1996-10-23;1642.0;10;1642.0
1996-10-24;1146.0;10;1146.0
1996-10-25;1385.0;10;1385.0
1996-10-26;1160.0;10;1160.0
1996-10-27;1008.0;10;1008.0
1996-10-28;1035.0;10;1035.0
1996-10-29;1514.0;10;1514.0
1996-10-30;1594.0;10;1594.0
1996-10-31;1894.0;10;1894.0
1996-11-01;1513.0;11;1513.0
1996-11-02;1475.0;11;1475.0
1996-11-03;1160.0;11;1160.0
1996-11-04;959.0;11;959.0
1996-11-05;793.0;11;793.0
1996-11-06;666.0;11;666.0
1996-11-07;882.0;11;882.0
1996-11-08;821.0;11;821.0
1996-11-09;719.0;11;719.0
1996-11-10;950.0;11;950.0
1996-11-11;991.0;11;991.0
1996-11-12;952.0;11;952.0
1996-11-13;760.0;11;760.0
1996-11-14;1095.0;11;1095.0
1996-11-15;1562.0;11;1562.0
1996-11-16;1524.0;11;1524.0
1996-11-17;1275.0;11;1275.0
1996-11-18;953.0;11;953.0
1996-11-19;882.0;11;882.0
1996-11-20;868.0;11;868.0
1996-11-21;742.0;11;742.0
1996-11-22;676.0;11;676.0
1996-11-23;679.0;11;679.0
1996-11-24;685.0;11;685.0
1996-11-25;672.0;11;672.0
1996-11-26;696.0;11;696.0
1996-11-27;802.0;11;802.0
1996-11-28;784.0;11;784.0
1996-11-29;1763.0;11;1763.0
1996-11-30;1560.0;11;1560.0
1996-12-01;1390.0;12;1390.0
1996-12-02;1326.0;12;1326.0
1996-12-03;1172.0;12;1172.0
1996-12-04;1460.0;12;1460.0
1996-12-05;1415.0;12;1415.0
1996-12-06;2055.0;12;2055.0
1996-12-07;2429.0;12;2429.0
1996-12-08;1792.0;12;1792.0
1996-12-09;1664.0;12;1664.0
1996-12-10;1947.0;12;1947.0
1996-12-11;1450.0;12;1450.0
1996-12-12;1517.0;12;1517.0
1996-12-13;1560.0;12;1560.0
1996-12-14;1541.0;12;1541.0
1996-12-15;1213.0;12;1213.0
1996-12-16;1111.0;12;1111.0
1996-12-17;1290.0;12;1290.0
1996-12-18;1159.0;12;1159.0
1996-12-19;946.0;12;946.0
1996-12-20;814.0;12;814.0
1996-12-21;740.0;12;740.0
1996-12-22;841.0;12;841.0
1996-12-23;887.0;12;887.0
1996-12-24;726.0;12;726.0
1996-12-25;795.0;12;795.0
1996-12-26;695.0;12;695.0
1996-12-27;649.0;12;649.0
1996-12-28;628.0;12;628.0
1996-12-29;644.0;12;644.0
1996-12-30;704.0;12;704.0
1996-12-31;876.0;12;876.0
1997-01-01;845.0;1;845.0
1997-01-02;933.0;1;933.0
1997-01-03;959.0;1;959.0
1997-01-04;908.0;1;908.0
1997-01-05;822.0;1;822.0
1997-01-06;868.0;1;868.0
1997-01-07;877.0;1;877.0
1997-01-08;847.0;1;847.0
1997-01-09;945.0;1;945.0
1997-01-10;1052.0;1;1052.0
1997-01-11;1222.0;1;1222.0
1997-01-12;1072.0;1;1072.0
1997-01-13;1082.0;1;1082.0
1997-01-14;1123.0;1;1123.0
1997-01-15;1258.0;1;1258.0
1997-01-16;1166.0;1;1166.0
1997-01-17;1406.0;1;1406.0
1997-01-18;1531.0;1;1531.0
1997-01-19;1685.0;1;1685.0
1997-01-20;1774.0;1;1774.0
1997-01-21;1733.0;1;1733.0
1997-01-22;2336.0;1;2336.0
1997-01-23;2467.0;1;2467.0
1997-01-24;3075.0;1;3075.0
1997-01-25;2616.0;1;2616.0
1997-01-26;2148.0;1;2148.0
1997-01-27;2409.0;1;2409.0
1997-01-28;2325.0;1;2325.0
1997-01-29;2095.0;1;2095.0
1997-01-30;1809.0;1;1809.0
1997-01-31;1590.0;1;1590.0
1997-02-01;1356.0;2;1356.0
1997-02-02;1226.0;2;1226.0
1997-02-03;1173.0;2;1173.0
1997-02-04;1112.0;2;1112.0
1997-02-05;1101.0;2;1101.0
1997-02-06;1411.0;2;1411.0
1997-02-07;1214.0;2;1214.0
1997-02-08;1342.0;2;1342.0
1997-02-09;1442.0;2;1442.0
1997-02-10;1395.0;2;1395.0
1997-02-11;1575.0;2;1575.0
1997-02-12;1507.0;2;1507.0
1997-02-13;1389.0;2;1389.0
1997-02-14;1336.0;2;1336.0
1997-02-15;1356.0;2;1356.0
1997-02-16;1373.0;2;1373.0
1997-02-17;1223.0;2;1223.0
1997-02-18;1513.0;2;1513.0
1997-02-19;1270.0;2;1270.0
1997-02-20;1182.0;2;1182.0
1997-02-21;1077.0;2;1077.0
1997-02-22;888.0;2;888.0
1997-02-23;975.0;2;975.0
1997-02-24;936.0;2;936.0
1997-02-25;919.0;2;919.0
1997-02-26;911.0;2;911.0
1997-02-27;958.0;2;958.0
1997-02-28;911.0;2;911.0
1997-03-01;885.0;3;885.0
1997-03-02;1119.0;3;1119.0
1997-03-03;847.0;3;847.0
1997-03-04;945.0;3;945.0
1997-03-05;1026.0;3;1026.0
1997-03-06;926.0;3;926.0
1997-03-07;1000.0;3;1000.0
1997-03-08;1258.0;3;1258.0
1997-03-09;1078.0;3;1078.0
1997-03-10;1052.0;3;1052.0
1997-03-11;1150.0;3;1150.0
1997-03-12;966.0;3;966.0
1997-03-13;919.0;3;919.0
1997-03-14;861.0;3;861.0
1997-03-15;732.0;3;732.0
1997-03-16;679.0;3;679.0
1997-03-17;727.0;3;727.0
1997-03-18;1025.0;3;1025.0
1997-03-19;1286.0;3;1286.0
1997-03-20;1602.0;3;1602.0
1997-03-21;1132.0;3;1132.0
1997-03-22;1116.0;3;1116.0
1997-03-23;1037.0;3;1037.0
1997-03-24;834.0;3;834.0
1997-03-25;671.0;3;671.0
1997-03-26;646.0;3;646.0
1997-03-27;889.0;3;889.0
1997-03-28;812.0;3;812.0
1997-03-29;785.0;3;785.0
1997-03-30;723.0;3;723.0
1997-03-31;787.0;3;787.0
1997-04-01;1147.0;4;1147.0
1997-04-02;1277.0;4;1277.0
1997-04-03;1132.0;4;1132.0
1997-04-04;1124.0;4;1124.0
1997-04-05;1155.0;4;1155.0
1997-04-06;1026.0;4;1026.0
1997-04-07;1243.0;4;1243.0
1997-04-08;1067.0;4;1067.0
1997-04-09;1026.0;4;1026.0
1997-04-10;1026.0;4;1026.0
1997-04-11;1012.0;4;1012.0
1997-04-12;976.0;4;976.0
1997-04-13;1007.0;4;1007.0
1997-04-14;902.0;4;902.0
1997-04-15;898.0;4;898.0
1997-04-16;1098.0;4;1098.0
1997-04-17;1086.0;4;1086.0
1997-04-18;1070.0;4;1070.0
1997-04-19;965.0;4;965.0
1997-04-20;1000.0;4;1000.0
1997-04-21;1118.0;4;1118.0
1997-04-22;1370.0;4;1370.0
1997-04-23;1376.0;4;1376.0
1997-04-24;1500.0;4;1500.0
1997-04-25;1606.0;4;1606.0
1997-04-26;2281.0;4;2281.0
1997-04-27;1571.0;4;1571.0
1997-04-28;1376.0;4;1376.0
1997-04-29;1342.0;4;1342.0
1997-04-30;1239.0;4;1239.0
1997-05-01;1181.0;5;1181.0
1997-05-02;997.0;5;997.0
1997-05-03;1017.0;5;1017.0
1997-05-04;1132.0;5;1132.0
1997-05-05;1533.0;5;1533.0
1997-05-06;1216.0;5;1216.0
1997-05-07;1282.0;5;1282.0
1997-05-08;1239.0;5;1239.0
1997-05-09;1123.0;5;1123.0
1997-05-10;1051.0;5;1051.0
1997-05-11;1236.0;5;1236.0
1997-05-12;1425.0;5;1425.0
1997-05-13;1350.0;5;1350.0
1997-05-14;1607.0;5;1607.0
1997-05-15;1348.0;5;1348.0
1997-05-16;1191.0;5;1191.0
1997-05-17;1022.0;5;1022.0
1997-05-18;1069.0;5;1069.0
1997-05-19;1067.0;5;1067.0
1997-05-20;1129.0;5;1129.0
1997-05-21;1399.0;5;1399.0
1997-05-22;1344.0;5;1344.0
1997-05-23;1546.0;5;1546.0
1997-05-24;1312.0;5;1312.0
1997-05-25;1223.0;5;1223.0
1997-05-26;1219.0;5;1219.0
1997-05-27;1541.0;5;1541.0
1997-05-28;1588.0;5;1588.0
1997-05-29;1228.0;5;1228.0
1997-05-30;1343.0;5;1343.0
1997-05-31;1225.0;5;1225.0
1997-06-01;1091.0;6;1091.0
1997-06-02;1045.0;6;1045.0
1997-06-03;989.0;6;989.0
1997-06-04;1091.0;6;1091.0
1997-06-05;1214.0;6;1214.0
1997-06-06;1452.0;6;1452.0
1997-06-07;1464.0;6;1464.0
1997-06-08;1529.0;6;1529.0
1997-06-09;1498.0;6;1498.0
1997-06-10;1295.0;6;1295.0
1997-06-11;1316.0;6;1316.0
1997-06-12;1284.0;6;1284.0
1997-06-13;1115.0;6;1115.0
1997-06-14;1209.0;6;1209.0
1997-06-15;1030.0;6;1030.0
1997-06-16;796.0;6;796.0
1997-06-17;819.0;6;819.0
1997-06-18;872.0;6;872.0
1997-06-19;966.0;6;966.0
1997-06-20;1145.0;6;1145.0
1997-06-21;1033.0;6;1033.0
1997-06-22;847.0;6;847.0
1997-06-23;727.0;6;727.0
1997-06-24;755.0;6;755.0
1997-06-25;894.0;6;894.0
1997-06-26;978.0;6;978.0
1997-06-27;1058.0;6;1058.0
1997-06-28;922.0;6;922.0
1997-06-29;791.0;6;791.0
1997-06-30;747.0;6;747.0
1997-07-01;650.0;7;650.0
1997-07-02;1241.0;7;1241.0
1997-07-03;972.0;7;972.0
1997-07-04;994.0;7;994.0
1997-07-05;1218.0;7;1218.0
1997-07-06;1249.0;7;1249.0
1997-07-07;1435.0;7;1435.0
1997-07-08;2158.0;7;2158.0
1997-07-09;2574.0;7;2574.0
1997-07-10;2614.0;7;2614.0
1997-07-11;2107.0;7;2107.0
1997-07-12;1476.0;7;1476.0
1997-07-13;2013.0;7;2013.0
1997-07-14;1936.0;7;1936.0
1997-07-15;1614.0;7;1614.0
1997-07-16;1402.0;7;1402.0
1997-07-17;1395.0;7;1395.0
1997-07-18;1309.0;7;1309.0
1997-07-19;1288.0;7;1288.0
1997-07-20;1202.0;7;1202.0
1997-07-21;1139.0;7;1139.0
1997-07-22;1163.0;7;1163.0
1997-07-23;1277.0;7;1277.0
1997-07-24;1402.0;7;1402.0
1997-07-25;1618.0;7;1618.0
1997-07-26;1658.0;7;1658.0
1997-07-27;1811.0;7;1811.0
1997-07-28;1359.0;7;1359.0
1997-07-29;1392.0;7;1392.0
1997-07-30;1238.0;7;1238.0
1997-07-31;1163.0;7;1163.0
1997-08-01;1120.0;8;1120.0
1997-08-02;1101.0;8;1101.0
1997-08-03;1083.0;8;1083.0
1997-08-04;1097.0;8;1097.0
1997-08-05;1120.0;8;1120.0
1997-08-06;1052.0;8;1052.0
1997-08-07;838.0;8;838.0
1997-08-08;739.0;8;739.0
1997-08-09;778.0;8;778.0
1997-08-10;1021.0;8;1021.0
1997-08-11;1118.0;8;1118.0
1997-08-12;1074.0;8;1074.0
1997-08-13;1047.0;8;1047.0
1997-08-14;1055.0;8;1055.0
1997-08-15;1200.0;8;1200.0
1997-08-16;968.0;8;968.0
1997-08-17;811.0;8;811.0
1997-08-18;870.0;8;870.0
1997-08-19;783.0;8;783.0
1997-08-20;835.0;8;835.0
1997-08-21;805.0;8;805.0
1997-08-22;817.0;8;817.0
1997-08-23;940.0;8;940.0
1997-08-24;817.0;8;817.0
1997-08-25;662.0;8;662.0
1997-08-26;588.0;8;588.0
1997-08-27;706.0;8;706.0
1997-08-28;829.0;8;829.0
1997-08-29;808.0;8;808.0
1997-08-30;740.0;8;740.0
1997-08-31;725.0;8;725.0
1997-09-01;606.0;9;606.0
1997-09-02;599.0;9;599.0
1997-09-03;786.0;9;786.0
1997-09-04;672.0;9;672.0
1997-09-05;645.0;9;645.0
1997-09-06;637.0;9;637.0
1997-09-07;555.0;9;555.0
1997-09-08;566.0;9;566.0
1997-09-09;601.0;9;601.0
1997-09-10;543.0;9;543.0
1997-09-11;503.0;9;503.0
1997-09-12;457.0;9;457.0
1997-09-13;438.0;9;438.0
1997-09-14;439.0;9;439.0
1997-09-15;376.0;9;376.0
1997-09-16;407.0;9;407.0
1997-09-17;530.0;9;530.0
1997-09-18;402.0;9;402.0
1997-09-19;382.0;9;382.0
1997-09-20;399.0;9;399.0
1997-09-21;426.0;9;426.0
1997-09-22;373.0;9;373.0
1997-09-23;358.0;9;358.0
1997-09-24;544.0;9;544.0
1997-09-25;597.0;9;597.0
1997-09-26;562.0;9;562.0
1997-09-27;497.0;9;497.0
1997-09-28;457.0;9;457.0
1997-09-29;393.0;9;393.0
1997-09-30;496.0;9;496.0
1997-10-01;399.0;10;399.0
1997-10-02;386.0;10;386.0
1997-10-03;397.0;10;397.0
1997-10-04;399.0;10;399.0
1997-10-05;376.0;10;376.0
1997-10-06;374.0;10;374.0
1997-10-07;322.0;10;322.0
1997-10-08;340.0;10;340.0
1997-10-09;341.0;10;341.0
1997-10-10;319.0;10;319.0
1997-10-11;334.0;10;334.0
1997-10-12;339.0;10;339.0
1997-10-13;518.0;10;518.0
1997-10-14;623.0;10;623.0
1997-10-15;427.0;10;427.0
1997-10-16;494.0;10;494.0
1997-10-17;495.0;10;495.0
1997-10-18;661.0;10;661.0
1997-10-19;839.0;10;839.0
1997-10-20;737.0;10;737.0
1997-10-21;645.0;10;645.0
1997-10-22;817.0;10;817.0
1997-10-23;585.0;10;585.0
1997-10-24;656.0;10;656.0
1997-10-25;652.0;10;652.0
1997-10-26;494.0;10;494.0
1997-10-27;400.0;10;400.0
1997-10-28;548.0;10;548.0
1997-10-29;651.0;10;651.0
1997-10-30;721.0;10;721.0
1997-10-31;588.0;10;588.0
1997-11-01;502.0;11;502.0
1997-11-02;557.0;11;557.0
1997-11-03;475.0;11;475.0
1997-11-04;373.0;11;373.0
1997-11-05;386.0;11;386.0
1997-11-06;446.0;11;446.0
1997-11-07;457.0;11;457.0
1997-11-08;524.0;11;524.0
1997-11-09;718.0;11;718.0
1997-11-10;689.0;11;689.0
1997-11-11;641.0;11;641.0
1997-11-12;709.0;11;709.0
1997-11-13;783.0;11;783.0
1997-11-14;961.0;11;961.0
1997-11-15;944.0;11;944.0
1997-11-16;815.0;11;815.0
1997-11-17;662.0;11;662.0
1997-11-18;569.0;11;569.0
1997-11-19;711.0;11;711.0
1997-11-20;728.0;11;728.0
1997-11-21;802.0;11;802.0
1997-11-22;895.0;11;895.0
1997-11-23;582.0;11;582.0
1997-11-24;487.0;11;487.0
1997-11-25;475.0;11;475.0
1997-11-26;640.0;11;640.0
1997-11-27;735.0;11;735.0
1997-11-28;637.0;11;637.0
1997-11-29;677.0;11;677.0
1997-11-30;621.0;11;621.0
1997-12-01;753.0;12;753.0
1997-12-02;815.0;12;815.0
1997-12-03;768.0;12;768.0
1997-12-04;793.0;12;793.0
1997-12-05;632.0;12;632.0
1997-12-06;666.0;12;666.0
1997-12-07;486.0;12;486.0
1997-12-08;646.0;12;646.0
1997-12-09;444.0;12;444.0
1997-12-10;414.0;12;414.0
1997-12-11;395.0;12;395.0
1997-12-12;515.0;12;515.0
1997-12-13;622.0;12;622.0
1997-12-14;567.0;12;567.0
1997-12-15;584.0;12;584.0
1997-12-16;665.0;12;665.0
1997-12-17;530.0;12;530.0
1997-12-18;483.0;12;483.0
1997-12-19;585.0;12;585.0
1997-12-20;572.0;12;572.0
1997-12-21;416.0;12;416.0
1997-12-22;375.0;12;375.0
1997-12-23;350.0;12;350.0
1997-12-24;369.0;12;369.0
1997-12-25;424.0;12;424.0
1997-12-26;350.0;12;350.0
1997-12-27;290.0;12;290.0
1997-12-28;289.0;12;289.0
1997-12-29;325.0;12;325.0
1997-12-30;350.0;12;350.0
1997-12-31;325.0;12;325.0
1998-01-01;361.0;1;361.0
1998-01-02;393.0;1;393.0
1998-01-03;303.0;1;303.0
1998-01-04;286.0;1;286.0
1998-01-05;282.0;1;282.0
1998-01-06;286.0;1;286.0
1998-01-07;270.0;1;270.0
1998-01-08;274.0;1;274.0
1998-01-09;593.0;1;593.0
1998-01-10;393.0;1;393.0
1998-01-11;328.0;1;328.0
1998-01-12;329.0;1;329.0
1998-01-13;311.0;1;311.0
1998-01-14;301.0;1;301.0
1998-01-15;306.0;1;306.0
1998-01-16;294.0;1;294.0
1998-01-17;292.0;1;292.0
1998-01-18;296.0;1;296.0
1998-01-19;312.0;1;312.0
1998-01-20;300.0;1;300.0
1998-01-21;330.0;1;330.0
1998-01-22;280.0;1;280.0
1998-01-23;309.0;1;309.0
1998-01-24;303.0;1;303.0
1998-01-25;280.0;1;280.0
1998-01-26;276.0;1;276.0
1998-01-27;288.0;1;288.0
1998-01-28;280.0;1;280.0
1998-01-29;276.0;1;276.0
1998-01-30;280.0;1;280.0
1998-01-31;315.0;1;315.0
1998-02-01;312.0;2;312.0
1998-02-02;319.0;2;319.0
1998-02-03;292.0;2;292.0
1998-02-04;315.0;2;315.0
1998-02-05;292.0;2;292.0
1998-02-06;277.0;2;277.0
1998-02-07;303.0;2;303.0
1998-02-08;495.0;2;495.0
1998-02-09;480.0;2;480.0
1998-02-10;639.0;2;639.0
1998-02-11;463.0;2;463.0
1998-02-12;447.0;2;447.0
1998-02-13;433.0;2;433.0
1998-02-14;386.0;2;386.0
1998-02-15;537.0;2;537.0
1998-02-16;621.0;2;621.0
1998-02-17;560.0;2;560.0
1998-02-18;571.0;2;571.0
1998-02-19;782.0;2;782.0
1998-02-20;527.0;2;527.0
1998-02-21;458.0;2;458.0
1998-02-22;462.0;2;462.0
1998-02-23;502.0;2;502.0
1998-02-24;633.0;2;633.0
1998-02-25;464.0;2;464.0
1998-02-26;437.0;2;437.0
1998-02-27;413.0;2;413.0
1998-02-28;336.0;2;336.0
1998-03-01;352.0;3;352.0
1998-03-02;449.0;3;449.0
1998-03-03;448.0;3;448.0
1998-03-04;451.0;3;451.0
1998-03-05;356.0;3;356.0
1998-03-06;333.0;3;333.0
1998-03-07;367.0;3;367.0
1998-03-08;373.0;3;373.0
1998-03-09;415.0;3;415.0
1998-03-10;376.0;3;376.0
1998-03-11;415.0;3;415.0
1998-03-12;1100.0;3;1100.0
1998-03-13;564.0;3;564.0
1998-03-14;563.0;3;563.0
1998-03-15;507.0;3;507.0
1998-03-16;415.0;3;415.0
1998-03-17;612.0;3;612.0
1998-03-18;632.0;3;632.0
1998-03-19;403.0;3;403.0
1998-03-20;409.0;3;409.0
1998-03-21;333.0;3;333.0
1998-03-22;354.0;3;354.0
1998-03-23;333.0;3;333.0
1998-03-24;328.0;3;328.0
1998-03-25;458.0;3;458.0
1998-03-26;412.0;3;412.0
1998-03-27;428.0;3;428.0
1998-03-28;648.0;3;648.0
1998-03-29;692.0;3;692.0
1998-03-30;976.0;3;976.0
1998-03-31;1170.0;3;1170.0
1998-04-01;1705.0;4;1705.0
1998-04-02;1685.0;4;1685.0
1998-04-03;1250.0;4;1250.0
1998-04-04;1725.0;4;1725.0
1998-04-05;1953.0;4;1953.0
1998-04-06;1570.0;4;1570.0
1998-04-07;1513.0;4;1513.0
1998-04-08;1188.0;4;1188.0
1998-04-09;1305.0;4;1305.0
1998-04-10;834.0;4;834.0
1998-04-11;787.0;4;787.0
1998-04-12;1014.0;4;1014.0
1998-04-13;1110.0;4;1110.0
1998-04-14;1450.0;4;1450.0
1998-04-15;1305.0;4;1305.0
1998-04-16;1295.0;4;1295.0
1998-04-17;1083.0;4;1083.0
1998-04-18;1368.0;4;1368.0
1998-04-19;1577.0;4;1577.0
1998-04-20;1500.0;4;1500.0
1998-04-21;1520.0;4;1520.0
1998-04-22;1635.0;4;1635.0
1998-04-23;1385.0;4;1385.0
1998-04-24;1345.0;4;1345.0
1998-04-25;1328.0;4;1328.0
1998-04-26;1490.0;4;1490.0
1998-04-27;1089.0;4;1089.0
1998-04-28;1280.0;4;1280.0
1998-04-29;1520.0;4;1520.0
1998-04-30;1513.0;4;1513.0
1998-05-01;1123.0;5;1123.0
1998-05-02;1308.0;5;1308.0
1998-05-03;1478.0;5;1478.0
1998-05-04;1699.0;5;1699.0
1998-05-05;2144.0;5;2144.0
1998-05-06;2251.0;5;2251.0
1998-05-07;2491.0;5;2491.0
1998-05-08;1513.0;5;1513.0
1998-05-09;1972.0;5;1972.0
1998-05-10;1761.0;5;1761.0
1998-05-11;1260.0;5;1260.0
1998-05-12;1345.0;5;1345.0
1998-05-13;1190.0;5;1190.0
1998-05-14;900.0;5;900.0
1998-05-15;924.0;5;924.0
1998-05-16;1138.0;5;1138.0
1998-05-17;1000.0;5;1000.0
1998-05-18;1014.0;5;1014.0
1998-05-19;1177.0;5;1177.0
1998-05-20;975.0;5;975.0
1998-05-21;942.0;5;942.0
1998-05-22;756.0;5;756.0
1998-05-23;944.0;5;944.0
1998-05-24;795.0;5;795.0
1998-05-25;803.0;5;803.0
1998-05-26;791.0;5;791.0
1998-05-27;1274.0;5;1274.0
1998-05-28;1842.0;5;1842.0
1998-05-29;2064.0;5;2064.0
1998-05-30;1821.0;5;1821.0
1998-05-31;1242.0;5;1242.0
1998-06-01;997.0;6;997.0
1998-06-02;1117.0;6;1117.0
1998-06-03;1201.0;6;1201.0
1998-06-04;1395.0;6;1395.0
1998-06-05;1394.0;6;1394.0
1998-06-06;1572.0;6;1572.0
1998-06-07;1755.0;6;1755.0
1998-06-08;1308.0;6;1308.0
1998-06-09;1239.0;6;1239.0
1998-06-10;1334.0;6;1334.0
1998-06-11;1204.0;6;1204.0
1998-06-12;1129.0;6;1129.0
1998-06-13;1212.0;6;1212.0
1998-06-14;1116.0;6;1116.0
1998-06-15;1067.0;6;1067.0
1998-06-16;1395.0;6;1395.0
1998-06-17;1430.0;6;1430.0
1998-06-18;1314.0;6;1314.0
1998-06-19;1211.0;6;1211.0
1998-06-20;1193.0;6;1193.0
1998-06-21;1233.0;6;1233.0
1998-06-22;1272.0;6;1272.0
1998-06-23;1426.0;6;1426.0
1998-06-24;1453.0;6;1453.0
1998-06-25;1388.0;6;1388.0
1998-06-26;1305.0;6;1305.0
1998-06-27;1294.0;6;1294.0
1998-06-28;1522.0;6;1522.0
1998-06-29;1783.0;6;1783.0
1998-06-30;1718.0;6;1718.0
1998-07-01;1332.0;7;1332.0
1998-07-02;1230.0;7;1230.0
1998-07-03;1216.0;7;1216.0
1998-07-04;1306.0;7;1306.0
1998-07-05;1312.0;7;1312.0
1998-07-06;1481.0;7;1481.0
1998-07-07;1372.0;7;1372.0
1998-07-08;1255.0;7;1255.0
1998-07-09;1148.0;7;1148.0
1998-07-10;1570.0;7;1570.0
1998-07-11;1481.0;7;1481.0
1998-07-12;1468.0;7;1468.0
1998-07-13;1332.0;7;1332.0
1998-07-14;1330.0;7;1330.0
1998-07-15;1267.0;7;1267.0
1998-07-16;1153.0;7;1153.0
1998-07-17;1180.0;7;1180.0
1998-07-18;1291.0;7;1291.0
1998-07-19;1451.0;7;1451.0
1998-07-20;1790.0;7;1790.0
1998-07-21;1729.0;7;1729.0
1998-07-22;1355.0;7;1355.0
1998-07-23;1316.0;7;1316.0
1998-07-24;1408.0;7;1408.0
1998-07-25;1378.0;7;1378.0
1998-07-26;1359.0;7;1359.0
1998-07-27;1209.0;7;1209.0
1998-07-28;1067.0;7;1067.0
1998-07-29;1079.0;7;1079.0
1998-07-30;1183.0;7;1183.0
1998-07-31;1835.0;7;1835.0
1998-08-01;1360.0;8;1360.0
1998-08-02;1135.0;8;1135.0
1998-08-03;935.0;8;935.0
1998-08-04;1011.0;8;1011.0
1998-08-05;1105.0;8;1105.0
1998-08-06;1095.0;8;1095.0
1998-08-07;1145.0;8;1145.0
1998-08-08;1080.0;8;1080.0
1998-08-09;873.0;8;873.0
1998-08-10;804.0;8;804.0
1998-08-11;874.0;8;874.0
1998-08-12;1185.0;8;1185.0
1998-08-13;1045.0;8;1045.0
1998-08-14;924.0;8;924.0
1998-08-15;945.0;8;945.0
1998-08-16;782.0;8;782.0
1998-08-17;643.0;8;643.0
1998-08-18;529.0;8;529.0
1998-08-19;606.0;8;606.0
1998-08-20;720.0;8;720.0
1998-08-21;613.0;8;613.0
1998-08-22;595.0;8;595.0
1998-08-23;636.0;8;636.0
1998-08-24;591.0;8;591.0
1998-08-25;524.0;8;524.0
1998-08-26;650.0;8;650.0
1998-08-27;701.0;8;701.0
1998-08-28;614.0;8;614.0
1998-08-29;534.0;8;534.0
1998-08-30;542.0;8;542.0
1998-08-31;575.0;8;575.0
1998-09-01;561.0;9;561.0
1998-09-02;722.0;9;722.0
1998-09-03;564.0;9;564.0
1998-09-04;697.0;9;697.0
1998-09-05;508.0;9;508.0
1998-09-06;555.0;9;555.0
1998-09-07;476.0;9;476.0
1998-09-08;449.0;9;449.0
1998-09-09;465.0;9;465.0
1998-09-10;523.0;9;523.0
1998-09-11;684.0;9;684.0
1998-09-12;640.0;9;640.0
1998-09-13;801.0;9;801.0
1998-09-14;668.0;9;668.0
1998-09-15;662.0;9;662.0
1998-09-16;787.0;9;787.0
1998-09-17;776.0;9;776.0
1998-09-18;583.0;9;583.0
1998-09-19;704.0;9;704.0
1998-09-20;787.0;9;787.0
1998-09-21;632.0;9;632.0
1998-09-22;599.0;9;599.0
1998-09-23;566.0;9;566.0
1998-09-24;745.0;9;745.0
1998-09-25;770.0;9;770.0
1998-09-26;630.0;9;630.0
1998-09-27;735.0;9;735.0
1998-09-28;953.0;9;953.0
1998-09-29;845.0;9;845.0
1998-09-30;772.0;9;772.0
1998-10-01;589.0;10;589.0
1998-10-02;594.0;10;594.0
1998-10-03;648.0;10;648.0
1998-10-04;623.0;10;623.0
1998-10-05;541.0;10;541.0
1998-10-06;697.0;10;697.0
1998-10-07;722.0;10;722.0
1998-10-08;785.0;10;785.0
1998-10-09;696.0;10;696.0
1998-10-10;681.0;10;681.0
1998-10-11;577.0;10;577.0
1998-10-12;619.0;10;619.0
1998-10-13;711.0;10;711.0
1998-10-14;759.0;10;759.0
1998-10-15;949.0;10;949.0
1998-10-16;1100.0;10;1100.0
1998-10-17;980.0;10;980.0
1998-10-18;911.0;10;911.0
1998-10-19;1162.0;10;1162.0
1998-10-20;997.0;10;997.0
1998-10-21;930.0;10;930.0
1998-10-22;926.0;10;926.0
1998-10-23;902.0;10;902.0
1998-10-24;1300.0;10;1300.0
1998-10-25;1830.0;10;1830.0
1998-10-26;1730.0;10;1730.0
1998-10-27;1790.0;10;1790.0
1998-10-28;1325.0;10;1325.0
1998-10-29;1821.0;10;1821.0
1998-10-30;2098.0;10;2098.0
1998-10-31;1775.0;10;1775.0
1998-11-01;1475.0;11;1475.0
1998-11-02;1175.0;11;1175.0
1998-11-03;1185.0;11;1185.0
1998-11-04;1788.0;11;1788.0
1998-11-05;1393.0;11;1393.0
1998-11-06;1465.0;11;1465.0
1998-11-07;2058.0;11;2058.0
1998-11-08;1205.0;11;1205.0
1998-11-09;1095.0;11;1095.0
1998-11-10;1679.0;11;1679.0
1998-11-11;1876.0;11;1876.0
1998-11-12;1758.0;11;1758.0
1998-11-13;1500.0;11;1500.0
1998-11-14;1849.0;11;1849.0
1998-11-15;1640.0;11;1640.0
1998-11-16;1395.0;11;1395.0
1998-11-17;1150.0;11;1150.0
1998-11-18;1380.0;11;1380.0
1998-11-19;1450.0;11;1450.0
1998-11-20;1607.0;11;1607.0
1998-11-21;1450.0;11;1450.0
1998-11-22;1525.0;11;1525.0
1998-11-23;2238.0;11;2238.0
1998-11-24;1580.0;11;1580.0
1998-11-25;1403.0;11;1403.0
1998-11-26;1333.0;11;1333.0
1998-11-27;1198.0;11;1198.0
1998-11-28;1245.0;11;1245.0
1998-11-29;1160.0;11;1160.0
1998-11-30;1650.0;11;1650.0
1998-12-01;1253.0;12;1253.0
1998-12-02;1033.0;12;1033.0
1998-12-03;1185.0;12;1185.0
1998-12-04;1390.0;12;1390.0
1998-12-05;1645.0;12;1645.0
1998-12-06;1420.0;12;1420.0
1998-12-07;2254.0;12;2254.0
1998-12-08;1902.0;12;1902.0
1998-12-09;1613.0;12;1613.0
1998-12-10;1678.0;12;1678.0
1998-12-11;1945.0;12;1945.0
1998-12-12;2363.0;12;2363.0
1998-12-13;2250.0;12;2250.0
1998-12-14;1807.0;12;1807.0
1998-12-15;1831.0;12;1831.0
1998-12-16;1678.0;12;1678.0
1998-12-17;1385.0;12;1385.0
1998-12-18;1370.0;12;1370.0
1998-12-19;1490.0;12;1490.0
1998-12-20;1493.0;12;1493.0
1998-12-21;1525.0;12;1525.0
1998-12-22;1190.0;12;1190.0
1998-12-23;992.0;12;992.0
1998-12-24;1395.0;12;1395.0
1998-12-25;1450.0;12;1450.0
1998-12-26;1165.0;12;1165.0
1998-12-27;958.0;12;958.0
1998-12-28;1120.0;12;1120.0
1998-12-29;1005.0;12;1005.0
1998-12-30;754.0;12;754.0
1998-12-31;736.0;12;736.0
1999-01-01;826.0;1;826.0
1999-01-02;827.0;1;827.0
1999-01-03;894.0;1;894.0
1999-01-04;853.0;1;853.0
1999-01-05;850.0;1;850.0
1999-01-06;1000.0;1;1000.0
1999-01-07;1225.0;1;1225.0
1999-01-08;1265.0;1;1265.0
1999-01-09;1280.0;1;1280.0
1999-01-10;1248.0;1;1248.0
1999-01-11;1650.0;1;1650.0
1999-01-12;2504.0;1;2504.0
1999-01-13;1625.0;1;1625.0
1999-01-14;1585.0;1;1585.0
1999-01-15;1685.0;1;1685.0
1999-01-16;1500.0;1;1500.0
1999-01-17;1375.0;1;1375.0
1999-01-18;1380.0;1;1380.0
1999-01-19;1368.0;1;1368.0
1999-01-20;1410.0;1;1410.0
1999-01-21;1160.0;1;1160.0
1999-01-22;1030.0;1;1030.0
1999-01-23;886.0;1;886.0
1999-01-24;818.0;1;818.0
1999-01-25;883.0;1;883.0
1999-01-26;955.0;1;955.0
1999-01-27;1240.0;1;1240.0
1999-01-28;1340.0;1;1340.0
1999-01-29;1305.0;1;1305.0
1999-01-30;1260.0;1;1260.0
1999-01-31;1228.0;1;1228.0
1999-02-01;1185.0;2;1185.0
1999-02-02;1220.0;2;1220.0
1999-02-03;1613.0;2;1613.0
1999-02-04;1520.0;2;1520.0
1999-02-05;1510.0;2;1510.0
1999-02-06;1275.0;2;1275.0
1999-02-07;1475.0;2;1475.0
1999-02-08;1630.0;2;1630.0
1999-02-09;1480.0;2;1480.0
1999-02-10;1375.0;2;1375.0
1999-02-11;1548.0;2;1548.0
1999-02-12;1263.0;2;1263.0
1999-02-13;1216.0;2;1216.0
1999-02-14;1273.0;2;1273.0
1999-02-15;1345.0;2;1345.0
1999-02-16;1683.0;2;1683.0
1999-02-17;2124.0;2;2124.0
1999-02-18;2337.0;2;2337.0
1999-02-19;2445.0;2;2445.0
1999-02-20;2837.0;2;2837.0
1999-02-21;2916.0;2;2916.0
1999-02-22;2494.0;2;2494.0
1999-02-23;3115.0;2;3115.0
1999-02-24;2689.0;2;2689.0
1999-02-25;3169.0;2;3169.0
1999-02-26;3575.0;2;3575.0
1999-02-27;3326.0;2;3326.0
1999-02-28;2641.0;2;2641.0
1999-03-01;3196.0;3;3196.0
1999-03-02;3196.0;3;3196.0
1999-03-03;2762.0;3;2762.0
1999-03-04;2748.0;3;2748.0
1999-03-05;2000.0;3;2000.0
1999-03-06;1698.0;3;1698.0
1999-03-07;1570.0;3;1570.0
1999-03-08;1590.0;3;1590.0
1999-03-09;1618.0;3;1618.0
1999-03-10;1685.0;3;1685.0
1999-03-11;1755.0;3;1755.0
1999-03-12;1410.0;3;1410.0
1999-03-13;1240.0;3;1240.0
1999-03-14;1240.0;3;1240.0
1999-03-15;1160.0;3;1160.0
1999-03-16;1496.0;3;1496.0
1999-03-17;1290.0;3;1290.0
1999-03-18;1607.0;3;1607.0
1999-03-19;1825.0;3;1825.0
1999-03-20;1675.0;3;1675.0
1999-03-21;1695.0;3;1695.0
1999-03-22;1493.0;3;1493.0
1999-03-23;1500.0;3;1500.0
1999-03-24;1490.0;3;1490.0
1999-03-25;1465.0;3;1465.0
1999-03-26;1358.0;3;1358.0
1999-03-27;1210.0;3;1210.0
1999-03-28;1075.0;3;1075.0
1999-03-29;1168.0;3;1168.0
1999-03-30;1595.0;3;1595.0
1999-03-31;1221.0;3;1221.0
1999-04-01;1435.0;4;1435.0
1999-04-02;1217.0;4;1217.0
1999-04-03;1222.0;4;1222.0
1999-04-04;1212.0;4;1212.0
1999-04-05;1924.0;4;1924.0
1999-04-06;2049.0;4;2049.0
1999-04-07;1940.0;4;1940.0
1999-04-08;2424.0;4;2424.0
1999-04-09;2846.0;4;2846.0
1999-04-10;3920.0;4;3920.0
1999-04-11;3509.0;4;3509.0
1999-04-12;2752.0;4;2752.0
1999-04-13;2771.0;4;2771.0
1999-04-14;2365.0;4;2365.0
1999-04-15;2352.0;4;2352.0
1999-04-16;2582.0;4;2582.0
1999-04-17;2032.0;4;2032.0
1999-04-18;1738.0;4;1738.0
1999-04-19;1527.0;4;1527.0
1999-04-20;1541.0;4;1541.0
1999-04-21;1640.0;4;1640.0
1999-04-22;1585.0;4;1585.0
1999-04-23;1752.0;4;1752.0
1999-04-24;1838.0;4;1838.0
1999-04-25;1917.0;4;1917.0
1999-04-26;2149.0;4;2149.0
1999-04-27;2619.0;4;2619.0
1999-04-28;2473.0;4;2473.0
1999-04-29;1846.0;4;1846.0
1999-04-30;1803.0;4;1803.0
1999-05-01;1645.0;5;1645.0
1999-05-02;1394.0;5;1394.0
1999-05-03;1140.0;5;1140.0
1999-05-04;1336.0;5;1336.0
1999-05-05;1517.0;5;1517.0
1999-05-06;1564.0;5;1564.0
1999-05-07;1968.0;5;1968.0
1999-05-08;1731.0;5;1731.0
1999-05-09;1645.0;5;1645.0
1999-05-10;1457.0;5;1457.0
1999-05-11;1695.0;5;1695.0
1999-05-12;2567.0;5;2567.0
1999-05-13;2287.0;5;2287.0
1999-05-14;2938.0;5;2938.0
1999-05-15;2189.0;5;2189.0
1999-05-16;1846.0;5;1846.0
1999-05-17;1806.0;5;1806.0
1999-05-18;1681.0;5;1681.0
1999-05-19;1394.0;5;1394.0
1999-05-20;1472.0;5;1472.0
1999-05-21;1730.0;5;1730.0
1999-05-22;1523.0;5;1523.0
1999-05-23;1508.0;5;1508.0
1999-05-24;1429.0;5;1429.0
1999-05-25;1340.0;5;1340.0
1999-05-26;1341.0;5;1341.0
1999-05-27;1295.0;5;1295.0
1999-05-28;1322.0;5;1322.0
1999-05-29;1255.0;5;1255.0
1999-05-30;1474.0;5;1474.0
1999-05-31;1215.0;5;1215.0
1999-06-01;1216.0;6;1216.0
1999-06-02;1446.0;6;1446.0
1999-06-03;1634.0;6;1634.0
1999-06-04;1265.0;6;1265.0
1999-06-05;1202.0;6;1202.0
1999-06-06;1430.0;6;1430.0
1999-06-07;1221.0;6;1221.0
1999-06-08;1427.0;6;1427.0
1999-06-09;1620.0;6;1620.0
1999-06-10;1369.0;6;1369.0
1999-06-11;1375.0;6;1375.0
1999-06-12;1197.0;6;1197.0
1999-06-13;1285.0;6;1285.0
1999-06-14;1427.0;6;1427.0
1999-06-15;1308.0;6;1308.0
1999-06-16;1279.0;6;1279.0
1999-06-17;1296.0;6;1296.0
1999-06-18;1337.0;6;1337.0
1999-06-19;1504.0;6;1504.0
1999-06-20;1498.0;6;1498.0
1999-06-21;1544.0;6;1544.0
1999-06-22;1544.0;6;1544.0
1999-06-23;1407.0;6;1407.0
1999-06-24;1372.0;6;1372.0
1999-06-25;1367.0;6;1367.0
1999-06-26;1630.0;6;1630.0
1999-06-27;1949.0;6;1949.0
1999-06-28;1941.0;6;1941.0
1999-06-29;1719.0;6;1719.0
1999-06-30;1606.0;6;1606.0
1999-07-01;1603.0;7;1603.0
1999-07-02;1569.0;7;1569.0
1999-07-03;1537.0;7;1537.0
1999-07-04;1778.0;7;1778.0
1999-07-05;1489.0;7;1489.0
1999-07-06;1238.0;7;1238.0
1999-07-07;1211.0;7;1211.0
1999-07-08;1145.0;7;1145.0
1999-07-09;1175.0;7;1175.0
1999-07-10;1165.0;7;1165.0
1999-07-11;960.0;7;960.0
1999-07-12;963.0;7;963.0
1999-07-13;993.0;7;993.0
1999-07-14;805.0;7;805.0
1999-07-15;838.0;7;838.0
1999-07-16;877.0;7;877.0
1999-07-17;758.0;7;758.0
1999-07-18;895.0;7;895.0
1999-07-19;897.0;7;897.0
1999-07-20;718.0;7;718.0
1999-07-21;625.0;7;625.0
1999-07-22;725.0;7;725.0
1999-07-23;880.0;7;880.0
1999-07-24;779.0;7;779.0
1999-07-25;825.0;7;825.0
1999-07-26;839.0;7;839.0
1999-07-27;738.0;7;738.0
1999-07-28;948.0;7;948.0
1999-07-29;1324.0;7;1324.0
1999-07-30;1306.0;7;1306.0
1999-07-31;1163.0;7;1163.0
1999-08-01;1348.0;8;1348.0
1999-08-02;1634.0;8;1634.0
1999-08-03;1400.0;8;1400.0
1999-08-04;1144.0;8;1144.0
1999-08-05;838.0;8;838.0
1999-08-06;787.0;8;787.0
1999-08-07;907.0;8;907.0
1999-08-08;892.0;8;892.0
1999-08-09;926.0;8;926.0
1999-08-10;1234.0;8;1234.0
1999-08-11;1048.0;8;1048.0
1999-08-12;949.0;8;949.0
1999-08-13;934.0;8;934.0
1999-08-14;994.0;8;994.0
1999-08-15;848.0;8;848.0
1999-08-16;939.0;8;939.0
1999-08-17;877.0;8;877.0
1999-08-18;947.0;8;947.0
1999-08-19;876.0;8;876.0
1999-08-20;857.0;8;857.0
1999-08-21;803.0;8;803.0
1999-08-22;797.0;8;797.0
1999-08-23;771.0;8;771.0
1999-08-24;855.0;8;855.0
1999-08-25;841.0;8;841.0
1999-08-26;960.0;8;960.0
1999-08-27;996.0;8;996.0
1999-08-28;874.0;8;874.0
1999-08-29;785.0;8;785.0
1999-08-30;1004.0;8;1004.0
1999-08-31;860.0;8;860.0
1999-09-01;734.0;9;734.0
1999-09-02;735.0;9;735.0
1999-09-03;779.0;9;779.0
1999-09-04;767.0;9;767.0
1999-09-05;795.0;9;795.0
1999-09-06;763.0;9;763.0
1999-09-07;683.0;9;683.0
1999-09-08;697.0;9;697.0
1999-09-09;725.0;9;725.0
1999-09-10;755.0;9;755.0
1999-09-11;1058.0;9;1058.0
1999-09-12;1006.0;9;1006.0
1999-09-13;1077.0;9;1077.0
1999-09-14;1203.0;9;1203.0
1999-09-15;1149.0;9;1149.0
1999-09-16;992.0;9;992.0
1999-09-17;1078.0;9;1078.0
1999-09-18;1344.0;9;1344.0
1999-09-19;983.0;9;983.0
1999-09-20;772.0;9;772.0
1999-09-21;801.0;9;801.0
1999-09-22;816.0;9;816.0
1999-09-23;908.0;9;908.0
1999-09-24;1061.0;9;1061.0
1999-09-25;1068.0;9;1068.0
1999-09-26;1291.0;9;1291.0
1999-09-27;1511.0;9;1511.0
1999-09-28;2322.0;9;2322.0
1999-09-29;1608.0;9;1608.0
1999-09-30;1478.0;9;1478.0
1999-10-01;1385.0;10;1385.0
1999-10-02;1475.0;10;1475.0
1999-10-03;1727.0;10;1727.0
1999-10-04;1329.0;10;1329.0
1999-10-05;1419.0;10;1419.0
1999-10-06;1339.0;10;1339.0
1999-10-07;1698.0;10;1698.0
1999-10-08;1688.0;10;1688.0
1999-10-09;1429.0;10;1429.0
1999-10-10;1320.0;10;1320.0
1999-10-11;1086.0;10;1086.0
1999-10-12;1151.0;10;1151.0
1999-10-13;1319.0;10;1319.0
1999-10-14;1195.0;10;1195.0
1999-10-15;1081.0;10;1081.0
1999-10-16;1018.0;10;1018.0
1999-10-17;1001.0;10;1001.0
1999-10-18;1142.0;10;1142.0
1999-10-19;1374.0;10;1374.0
1999-10-20;1409.0;10;1409.0
1999-10-21;1134.0;10;1134.0
1999-10-22;1391.0;10;1391.0
1999-10-23;1718.0;10;1718.0
1999-10-24;2043.0;10;2043.0
1999-10-25;1798.0;10;1798.0
1999-10-26;1715.0;10;1715.0
1999-10-27;1490.0;10;1490.0
1999-10-28;2214.0;10;2214.0
1999-10-29;2600.0;10;2600.0
1999-10-30;2957.0;10;2957.0
1999-10-31;3891.0;10;3891.0
1999-11-01;2126.0;11;2126.0
1999-11-02;1634.0;11;1634.0
1999-11-03;1680.0;11;1680.0
1999-11-04;1914.0;11;1914.0
1999-11-05;1802.0;11;1802.0
1999-11-06;1644.0;11;1644.0
1999-11-07;1498.0;11;1498.0
1999-11-08;1860.0;11;1860.0
1999-11-09;1771.0;11;1771.0
1999-11-10;1509.0;11;1509.0
1999-11-11;1457.0;11;1457.0
1999-11-12;1510.0;11;1510.0
1999-11-13;1504.0;11;1504.0
1999-11-14;1523.0;11;1523.0
1999-11-15;1557.0;11;1557.0
1999-11-16;1546.0;11;1546.0
1999-11-17;1246.0;11;1246.0
1999-11-18;1350.0;11;1350.0
1999-11-19;2383.0;11;2383.0
1999-11-20;1854.0;11;1854.0
1999-11-21;1573.0;11;1573.0
1999-11-22;1293.0;11;1293.0
1999-11-23;1355.0;11;1355.0
1999-11-24;1522.0;11;1522.0
1999-11-25;1617.0;11;1617.0
1999-11-26;1671.0;11;1671.0
1999-11-27;1724.0;11;1724.0
1999-11-28;1757.0;11;1757.0
1999-11-29;1457.0;11;1457.0
1999-11-30;1240.0;11;1240.0
1999-12-01;1790.0;12;1790.0
1999-12-02;1565.0;12;1565.0
1999-12-03;1772.0;12;1772.0
1999-12-04;2194.0;12;2194.0
1999-12-05;1816.0;12;1816.0
1999-12-06;1787.0;12;1787.0
1999-12-07;1750.0;12;1750.0
1999-12-08;1830.0;12;1830.0
1999-12-09;1668.0;12;1668.0
1999-12-10;1621.0;12;1621.0
1999-12-11;1570.0;12;1570.0
1999-12-12;1566.0;12;1566.0
1999-12-13;1817.0;12;1817.0
1999-12-14;2175.0;12;2175.0
1999-12-15;2530.0;12;2530.0
1999-12-16;2354.0;12;2354.0
1999-12-17;2659.0;12;2659.0
1999-12-18;2603.0;12;2603.0
1999-12-19;2772.0;12;2772.0
1999-12-20;2268.0;12;2268.0
1999-12-21;2106.0;12;2106.0
1999-12-22;1913.0;12;1913.0
1999-12-23;1914.0;12;1914.0
1999-12-24;1767.0;12;1767.0
1999-12-25;1927.0;12;1927.0
1999-12-26;1892.0;12;1892.0
1999-12-27;1649.0;12;1649.0
1999-12-28;1402.0;12;1402.0
1999-12-29;1358.0;12;1358.0
1999-12-30;1289.0;12;1289.0
1999-12-31;1245.0;12;1245.0
2000-01-01;1080.0;1;1080.0
2000-01-02;1078.0;1;1078.0
2000-01-03;1108.0;1;1108.0
2000-01-04;1128.0;1;1128.0
2000-01-05;992.0;1;992.0
2000-01-06;855.0;1;855.0
2000-01-07;885.0;1;885.0
2000-01-08;1117.0;1;1117.0
2000-01-09;1278.0;1;1278.0
2000-01-10;1178.0;1;1178.0
2000-01-11;1143.0;1;1143.0
2000-01-12;1243.0;1;1243.0
2000-01-13;1235.0;1;1235.0
2000-01-14;1064.0;1;1064.0
2000-01-15;999.0;1;999.0
2000-01-16;1013.0;1;1013.0
2000-01-17;1020.0;1;1020.0
2000-01-18;1078.0;1;1078.0
2000-01-19;1215.0;1;1215.0
2000-01-20;1123.0;1;1123.0
2000-01-21;1138.0;1;1138.0
2000-01-22;1180.0;1;1180.0
2000-01-23;1083.0;1;1083.0
2000-01-24;915.0;1;915.0
2000-01-25;851.0;1;851.0
2000-01-26;917.0;1;917.0
2000-01-27;1203.0;1;1203.0
2000-01-28;1005.0;1;1005.0
2000-01-29;1053.0;1;1053.0
2000-01-30;1165.0;1;1165.0
2000-01-31;1218.0;1;1218.0
2000-02-01;1460.0;2;1460.0
2000-02-02;1525.0;2;1525.0
2000-02-03;1443.0;2;1443.0
2000-02-04;1365.0;2;1365.0
2000-02-05;1190.0;2;1190.0
2000-02-06;1205.0;2;1205.0
2000-02-07;1195.0;2;1195.0
2000-02-08;952.0;2;952.0
2000-02-09;1005.0;2;1005.0
2000-02-10;971.0;2;971.0
2000-02-11;1191.0;2;1191.0
2000-02-12;1349.0;2;1349.0
2000-02-13;1388.0;2;1388.0
2000-02-14;1256.0;2;1256.0
2000-02-15;1105.0;2;1105.0
2000-02-16;1243.0;2;1243.0
2000-02-17;1024.0;2;1024.0
2000-02-18;1425.0;2;1425.0
2000-02-19;1257.0;2;1257.0
2000-02-20;1277.0;2;1277.0
2000-02-21;1145.0;2;1145.0
2000-02-22;1181.0;2;1181.0
2000-02-23;1502.0;2;1502.0
2000-02-24;1172.0;2;1172.0
2000-02-25;1654.0;2;1654.0
2000-02-26;1603.0;2;1603.0
2000-02-27;1948.0;2;1948.0
2000-02-28;2082.0;2;2082.0
2000-02-29;2455.0;2;2455.0
2000-03-01;2394.0;3;2394.0
2000-03-02;2359.0;3;2359.0
2000-03-03;1971.0;3;1971.0
2000-03-04;1729.0;3;1729.0
2000-03-05;1734.0;3;1734.0
2000-03-06;1605.0;3;1605.0
2000-03-07;1510.0;3;1510.0
2000-03-08;1285.0;3;1285.0
2000-03-09;1638.0;3;1638.0
2000-03-10;1585.0;3;1585.0
2000-03-11;1232.0;3;1232.0
2000-03-12;1118.0;3;1118.0
2000-03-13;1343.0;3;1343.0
2000-03-14;1439.0;3;1439.0
2000-03-15;1293.0;3;1293.0
2000-03-16;1154.0;3;1154.0
2000-03-17;989.0;3;989.0
2000-03-18;941.0;3;941.0
2000-03-19;1039.0;3;1039.0
2000-03-20;1086.0;3;1086.0
2000-03-21;1279.0;3;1279.0
2000-03-22;1431.0;3;1431.0
2000-03-23;1351.0;3;1351.0
2000-03-24;1562.0;3;1562.0
2000-03-25;1842.0;3;1842.0
2000-03-26;2776.0;3;2776.0
2000-03-27;1965.0;3;1965.0
2000-03-28;2755.0;3;2755.0
2000-03-29;2717.0;3;2717.0
2000-03-30;1836.0;3;1836.0
2000-03-31;1817.0;3;1817.0
2000-04-01;1608.0;4;1608.0
2000-04-02;1566.0;4;1566.0
2000-04-03;1396.0;4;1396.0
2000-04-04;1364.0;4;1364.0
2000-04-05;1487.0;4;1487.0
2000-04-06;1808.0;4;1808.0
2000-04-07;1525.0;4;1525.0
2000-04-08;1401.0;4;1401.0
2000-04-09;1291.0;4;1291.0
2000-04-10;1439.0;4;1439.0
2000-04-11;1414.0;4;1414.0
2000-04-12;1948.0;4;1948.0
2000-04-13;1990.0;4;1990.0
2000-04-14;1929.0;4;1929.0
2000-04-15;1745.0;4;1745.0
2000-04-16;1957.0;4;1957.0
2000-04-17;2030.0;4;2030.0
2000-04-18;2166.0;4;2166.0
2000-04-19;1777.0;4;1777.0
2000-04-20;1746.0;4;1746.0
2000-04-21;1588.0;4;1588.0
2000-04-22;1261.0;4;1261.0
2000-04-23;1502.0;4;1502.0
2000-04-24;1597.0;4;1597.0
2000-04-25;1488.0;4;1488.0
2000-04-26;1443.0;4;1443.0
2000-04-27;1300.0;4;1300.0
2000-04-28;1143.0;4;1143.0
2000-04-29;1005.0;4;1005.0
2000-04-30;1234.0;4;1234.0
2000-05-01;1169.0;5;1169.0
2000-05-02;1203.0;5;1203.0
2000-05-03;1485.0;5;1485.0
2000-05-04;1671.0;5;1671.0
2000-05-05;1595.0;5;1595.0
2000-05-06;1762.0;5;1762.0
2000-05-07;1925.0;5;1925.0
2000-05-08;1896.0;5;1896.0
2000-05-09;2114.0;5;2114.0
2000-05-10;1549.0;5;1549.0
2000-05-11;1396.0;5;1396.0
2000-05-12;1344.0;5;1344.0
2000-05-13;1457.0;5;1457.0
2000-05-14;1690.0;5;1690.0
2000-05-15;2107.0;5;2107.0
2000-05-16;2322.0;5;2322.0
2000-05-17;1819.0;5;1819.0
2000-05-18;1967.0;5;1967.0
2000-05-19;2441.0;5;2441.0
2000-05-20;2397.0;5;2397.0
2000-05-21;2514.0;5;2514.0
2000-05-22;2811.0;5;2811.0
2000-05-23;3036.0;5;3036.0
2000-05-24;3167.0;5;3167.0
2000-05-25;2557.0;5;2557.0
2000-05-26;2590.0;5;2590.0
2000-05-27;2578.0;5;2578.0
2000-05-28;2159.0;5;2159.0
2000-05-29;2152.0;5;2152.0
2000-05-30;2299.0;5;2299.0
2000-05-31;2410.0;5;2410.0
2000-06-01;2165.0;6;2165.0
2000-06-02;2142.0;6;2142.0
2000-06-03;1803.0;6;1803.0
2000-06-04;1658.0;6;1658.0
2000-06-05;1725.0;6;1725.0
2000-06-06;1570.0;6;1570.0
2000-06-07;1438.0;6;1438.0
2000-06-08;1548.0;6;1548.0
2000-06-09;1503.0;6;1503.0
2000-06-10;1543.0;6;1543.0
2000-06-11;1513.0;6;1513.0
2000-06-12;1250.0;6;1250.0
2000-06-13;1350.0;6;1350.0
2000-06-14;1138.0;6;1138.0
2000-06-15;1270.0;6;1270.0
2000-06-16;1610.0;6;1610.0
2000-06-17;1723.0;6;1723.0
2000-06-18;1763.0;6;1763.0
2000-06-19;1458.0;6;1458.0
2000-06-20;1250.0;6;1250.0
2000-06-21;1158.0;6;1158.0
2000-06-22;993.0;6;993.0
2000-06-23;1283.0;6;1283.0
2000-06-24;1418.0;6;1418.0
2000-06-25;1638.0;6;1638.0
2000-06-26;1553.0;6;1553.0
2000-06-27;1475.0;6;1475.0
2000-06-28;1560.0;6;1560.0
2000-06-29;1345.0;6;1345.0
2000-06-30;1304.0;6;1304.0
2000-07-01;1172.0;7;1172.0
2000-07-02;1156.0;7;1156.0
2000-07-03;1125.0;7;1125.0
2000-07-04;1235.0;7;1235.0
2000-07-05;1168.0;7;1168.0
2000-07-06;1226.0;7;1226.0
2000-07-07;1276.0;7;1276.0
2000-07-08;1246.0;7;1246.0
2000-07-09;1232.0;7;1232.0
2000-07-10;1147.0;7;1147.0
2000-07-11;1009.0;7;1009.0
2000-07-12;970.0;7;970.0
2000-07-13;959.0;7;959.0
2000-07-14;953.0;7;953.0
2000-07-15;1216.0;7;1216.0
2000-07-16;1240.0;7;1240.0
2000-07-17;1041.0;7;1041.0
2000-07-18;1025.0;7;1025.0
2000-07-19;978.0;7;978.0
2000-07-20;1045.0;7;1045.0
2000-07-21;952.0;7;952.0
2000-07-22;1043.0;7;1043.0
2000-07-23;1081.0;7;1081.0
2000-07-24;1008.0;7;1008.0
2000-07-25;897.0;7;897.0
2000-07-26;842.0;7;842.0
2000-07-27;1118.0;7;1118.0
2000-07-28;1045.0;7;1045.0
2000-07-29;1030.0;7;1030.0
2000-07-30;955.0;7;955.0
2000-07-31;957.0;7;957.0
2000-08-01;958.0;8;958.0
2000-08-02;958.0;8;958.0
2000-08-03;956.0;8;956.0
2000-08-04;1115.0;8;1115.0
2000-08-05;1130.0;8;1130.0
2000-08-06;1066.0;8;1066.0
2000-08-07;1040.0;8;1040.0
2000-08-08;1030.0;8;1030.0
2000-08-09;919.0;8;919.0
2000-08-10;943.0;8;943.0
2000-08-11;945.0;8;945.0
2000-08-12;1135.0;8;1135.0
2000-08-13;905.0;8;905.0
2000-08-14;932.0;8;932.0
2000-08-15;844.0;8;844.0
2000-08-16;806.0;8;806.0
2000-08-17;859.0;8;859.0
2000-08-18;1053.0;8;1053.0
2000-08-19;966.0;8;966.0
2000-08-20;867.0;8;867.0
2000-08-21;849.0;8;849.0
2000-08-22;729.0;8;729.0
2000-08-23;802.0;8;802.0
2000-08-24;888.0;8;888.0
2000-08-25;1001.0;8;1001.0
2000-08-26;1125.0;8;1125.0
2000-08-27;1430.0;8;1430.0
2000-08-28;1415.0;8;1415.0
2000-08-29;1505.0;8;1505.0
2000-08-30;1575.0;8;1575.0
2000-08-31;1388.0;8;1388.0
2000-09-01;1448.0;9;1448.0
2000-09-02;1164.0;9;1164.0
2000-09-03;1074.0;9;1074.0
2000-09-04;1088.0;9;1088.0
2000-09-05;1411.0;9;1411.0
2000-09-06;1156.0;9;1156.0
2000-09-07;1346.0;9;1346.0
2000-09-08;1375.0;9;1375.0
2000-09-09;1294.0;9;1294.0
2000-09-10;1215.0;9;1215.0
2000-09-11;1339.0;9;1339.0
2000-09-12;1072.0;9;1072.0
2000-09-13;1192.0;9;1192.0
2000-09-14;1201.0;9;1201.0
2000-09-15;1143.0;9;1143.0
2000-09-16;1060.0;9;1060.0
2000-09-17;1080.0;9;1080.0
2000-09-18;969.0;9;969.0
2000-09-19;1003.0;9;1003.0
2000-09-20;939.0;9;939.0
2000-09-21;959.0;9;959.0
2000-09-22;1139.0;9;1139.0
2000-09-23;1094.0;9;1094.0
2000-09-24;1370.0;9;1370.0
2000-09-25;1422.0;9;1422.0
2000-09-26;1415.0;9;1415.0
2000-09-27;1275.0;9;1275.0
2000-09-28;1345.0;9;1345.0
2000-09-29;1444.0;9;1444.0
2000-09-30;1193.0;9;1193.0
2000-10-01;1277.0;10;1277.0
2000-10-02;1389.0;10;1389.0
2000-10-03;1208.0;10;1208.0
2000-10-04;1333.0;10;1333.0
2000-10-05;1526.0;10;1526.0
2000-10-06;1253.0;10;1253.0
2000-10-07;1364.0;10;1364.0
2000-10-08;1002.0;10;1002.0
2000-10-09;919.0;10;919.0
2000-10-10;1186.0;10;1186.0
2000-10-11;975.0;10;975.0
2000-10-12;977.0;10;977.0
2000-10-13;957.0;10;957.0
2000-10-14;800.0;10;800.0
2000-10-15;871.0;10;871.0
2000-10-16;779.0;10;779.0
2000-10-17;821.0;10;821.0
2000-10-18;825.0;10;825.0
2000-10-19;754.0;10;754.0
2000-10-20;817.0;10;817.0
2000-10-21;826.0;10;826.0
2000-10-22;965.0;10;965.0
2000-10-23;909.0;10;909.0
2000-10-24;1183.0;10;1183.0
2000-10-25;1250.0;10;1250.0
2000-10-26;1722.0;10;1722.0
2000-10-27;1438.0;10;1438.0
2000-10-28;1324.0;10;1324.0
2000-10-29;1169.0;10;1169.0
2000-10-30;1570.0;10;1570.0
2000-10-31;1703.0;10;1703.0
2000-11-01;1589.0;11;1589.0
2000-11-02;1850.0;11;1850.0
2000-11-03;1535.0;11;1535.0
2000-11-04;1109.0;11;1109.0
2000-11-05;955.0;11;955.0
2000-11-06;1004.0;11;1004.0
2000-11-07;1030.0;11;1030.0
2000-11-08;1082.0;11;1082.0
2000-11-09;963.0;11;963.0
2000-11-10;898.0;11;898.0
2000-11-11;987.0;11;987.0
2000-11-12;932.0;11;932.0
2000-11-13;851.0;11;851.0
2000-11-14;851.0;11;851.0
2000-11-15;1023.0;11;1023.0
2000-11-16;1050.0;11;1050.0
2000-11-17;1020.0;11;1020.0
2000-11-18;1083.0;11;1083.0
2000-11-19;1582.0;11;1582.0
2000-11-20;2245.0;11;2245.0
2000-11-21;2246.0;11;2246.0
2000-11-22;1500.0;11;1500.0
2000-11-23;1225.0;11;1225.0
2000-11-24;1056.0;11;1056.0
2000-11-25;1067.0;11;1067.0
2000-11-26;937.0;11;937.0
2000-11-27;896.0;11;896.0
2000-11-28;987.0;11;987.0
2000-11-29;1104.0;11;1104.0
2000-11-30;915.0;11;915.0
2000-12-01;882.0;12;882.0
2000-12-02;978.0;12;978.0
2000-12-03;829.0;12;829.0
2000-12-04;781.0;12;781.0
2000-12-05;968.0;12;968.0
2000-12-06;1002.0;12;1002.0
2000-12-07;959.0;12;959.0
2000-12-08;1129.0;12;1129.0
2000-12-09;1576.0;12;1576.0
2000-12-10;1018.0;12;1018.0
2000-12-11;1041.0;12;1041.0
2000-12-12;1064.0;12;1064.0
2000-12-13;919.0;12;919.0
2000-12-14;1092.0;12;1092.0
2000-12-15;1062.0;12;1062.0
2000-12-16;977.0;12;977.0
2000-12-17;940.0;12;940.0
2000-12-18;1003.0;12;1003.0
2000-12-19;933.0;12;933.0
2000-12-20;1165.0;12;1165.0
2000-12-21;1328.0;12;1328.0
2000-12-22;1004.0;12;1004.0
2000-12-23;941.0;12;941.0
2000-12-24;938.0;12;938.0
2000-12-25;805.0;12;805.0
2000-12-26;968.0;12;968.0
2000-12-27;968.0;12;968.0
2000-12-28;848.0;12;848.0
2000-12-29;1060.0;12;1060.0
2000-12-30;1163.0;12;1163.0
2000-12-31;932.0;12;932.0
2001-01-01;783.0;1;783.0
2001-01-02;991.0;1;991.0
2001-01-03;720.0;1;720.0
2001-01-04;744.0;1;744.0
2001-01-05;598.0;1;598.0
2001-01-06;620.0;1;620.0
2001-01-07;682.0;1;682.0
2001-01-08;547.0;1;547.0
2001-01-09;494.0;1;494.0
2001-01-10;497.0;1;497.0
2001-01-11;554.0;1;554.0
2001-01-12;551.0;1;551.0
2001-01-13;560.0;1;560.0
2001-01-14;670.0;1;670.0
2001-01-15;658.0;1;658.0
2001-01-16;601.0;1;601.0
2001-01-17;640.0;1;640.0
2001-01-18;805.0;1;805.0
2001-01-19;637.0;1;637.0
2001-01-20;604.0;1;604.0
2001-01-21;572.0;1;572.0
2001-01-22;786.0;1;786.0
2001-01-23;947.0;1;947.0
2001-01-24;766.0;1;766.0
2001-01-25;597.0;1;597.0
2001-01-26;560.0;1;560.0
2001-01-27;689.0;1;689.0
2001-01-28;605.0;1;605.0
2001-01-29;654.0;1;654.0
2001-01-30;604.0;1;604.0
2001-01-31;463.0;1;463.0
2001-02-01;526.0;2;526.0
2001-02-02;590.0;2;590.0
2001-02-03;708.0;2;708.0
2001-02-04;806.0;2;806.0
2001-02-05;663.0;2;663.0
2001-02-06;538.0;2;538.0
2001-02-07;510.0;2;510.0
2001-02-08;475.0;2;475.0
2001-02-09;494.0;2;494.0
2001-02-10;528.0;2;528.0
2001-02-11;575.0;2;575.0
2001-02-12;602.0;2;602.0
2001-02-13;686.0;2;686.0
2001-02-14;698.0;2;698.0
2001-02-15;749.0;2;749.0
2001-02-16;755.0;2;755.0
2001-02-17;551.0;2;551.0
2001-02-18;507.0;2;507.0
2001-02-19;474.0;2;474.0
2001-02-20;434.0;2;434.0
2001-02-21;519.0;2;519.0
2001-02-22;554.0;2;554.0
2001-02-23;541.0;2;541.0
2001-02-24;642.0;2;642.0
2001-02-25;699.0;2;699.0
2001-02-26;576.0;2;576.0
2001-02-27;596.0;2;596.0
2001-02-28;604.0;2;604.0
2001-03-01;737.0;3;737.0
2001-03-02;905.0;3;905.0
2001-03-03;863.0;3;863.0
2001-03-04;634.0;3;634.0
2001-03-05;592.0;3;592.0
2001-03-06;1092.0;3;1092.0
2001-03-07;838.0;3;838.0
2001-03-08;689.0;3;689.0
2001-03-09;745.0;3;745.0
2001-03-10;726.0;3;726.0
2001-03-11;1050.0;3;1050.0
2001-03-12;870.0;3;870.0
2001-03-13;636.0;3;636.0
2001-03-14;628.0;3;628.0
2001-03-15;817.0;3;817.0
2001-03-16;1083.0;3;1083.0
2001-03-17;743.0;3;743.0
2001-03-18;885.0;3;885.0
2001-03-19;1099.0;3;1099.0
2001-03-20;1284.0;3;1284.0
2001-03-21;1215.0;3;1215.0
2001-03-22;1175.0;3;1175.0
2001-03-23;1726.0;3;1726.0
2001-03-24;1984.0;3;1984.0
2001-03-25;1313.0;3;1313.0
2001-03-26;1024.0;3;1024.0
2001-03-27;937.0;3;937.0
2001-03-28;1020.0;3;1020.0
2001-03-29;1088.0;3;1088.0
2001-03-30;885.0;3;885.0
2001-03-31;706.0;3;706.0
2001-04-01;730.0;4;730.0
2001-04-02;712.0;4;712.0
2001-04-03;1157.0;4;1157.0
2001-04-04;822.0;4;822.0
2001-04-05;932.0;4;932.0
2001-04-06;1100.0;4;1100.0
2001-04-07;789.0;4;789.0
2001-04-08;1141.0;4;1141.0
2001-04-09;874.0;4;874.0
2001-04-10;622.0;4;622.0
2001-04-11;576.0;4;576.0
2001-04-12;617.0;4;617.0
2001-04-13;774.0;4;774.0
2001-04-14;663.0;4;663.0
2001-04-15;519.0;4;519.0
2001-04-16;624.0;4;624.0
2001-04-17;593.0;4;593.0
2001-04-18;765.0;4;765.0
2001-04-19;682.0;4;682.0
2001-04-20;661.0;4;661.0
2001-04-21;831.0;4;831.0
2001-04-22;754.0;4;754.0
2001-04-23;587.0;4;587.0
2001-04-24;660.0;4;660.0
2001-04-25;867.0;4;867.0
2001-04-26;1064.0;4;1064.0
2001-04-27;954.0;4;954.0
2001-04-28;892.0;4;892.0
2001-04-29;961.0;4;961.0
2001-04-30;821.0;4;821.0
2001-05-01;736.0;5;736.0
2001-05-02;946.0;5;946.0
2001-05-03;1199.0;5;1199.0
2001-05-04;1129.0;5;1129.0
2001-05-05;1143.0;5;1143.0
2001-05-06;874.0;5;874.0
2001-05-07;1047.0;5;1047.0
2001-05-08;817.0;5;817.0
2001-05-09;1517.0;5;1517.0
2001-05-10;1155.0;5;1155.0
2001-05-11;1273.0;5;1273.0
2001-05-12;930.0;5;930.0
2001-05-13;686.0;5;686.0
2001-05-14;740.0;5;740.0
2001-05-15;1134.0;5;1134.0
2001-05-16;857.0;5;857.0
2001-05-17;621.0;5;621.0
2001-05-18;649.0;5;649.0
2001-05-19;978.0;5;978.0
2001-05-20;892.0;5;892.0
2001-05-21;854.0;5;854.0
2001-05-22;919.0;5;919.0
2001-05-23;670.0;5;670.0
2001-05-24;727.0;5;727.0
2001-05-25;890.0;5;890.0
2001-05-26;1151.0;5;1151.0
2001-05-27;1229.0;5;1229.0
2001-05-28;1610.0;5;1610.0
2001-05-29;1425.0;5;1425.0
2001-05-30;1111.0;5;1111.0
2001-05-31;1301.0;5;1301.0
2001-06-01;1169.0;6;1169.0
2001-06-02;1134.0;6;1134.0
2001-06-03;1448.0;6;1448.0
2001-06-04;1498.0;6;1498.0
2001-06-05;1150.0;6;1150.0
2001-06-06;1171.0;6;1171.0
2001-06-07;982.0;6;982.0
2001-06-08;1023.0;6;1023.0
2001-06-09;1136.0;6;1136.0
2001-06-10;1259.0;6;1259.0
2001-06-11;1270.0;6;1270.0
2001-06-12;1280.0;6;1280.0
2001-06-13;1099.0;6;1099.0
2001-06-14;1025.0;6;1025.0
2001-06-15;905.0;6;905.0
2001-06-16;758.0;6;758.0
2001-06-17;708.0;6;708.0
2001-06-18;969.0;6;969.0
2001-06-19;999.0;6;999.0
2001-06-20;1308.0;6;1308.0
2001-06-21;1118.0;6;1118.0
2001-06-22;1078.0;6;1078.0
2001-06-23;852.0;6;852.0
2001-06-24;1043.0;6;1043.0
2001-06-25;1030.0;6;1030.0
2001-06-26;936.0;6;936.0
2001-06-27;750.0;6;750.0
2001-06-28;691.0;6;691.0
2001-06-29;1047.0;6;1047.0
2001-06-30;1420.0;6;1420.0
2001-07-01;1324.0;7;1324.0
2001-07-02;1383.0;7;1383.0
2001-07-03;1362.0;7;1362.0
2001-07-04;1141.0;7;1141.0
2001-07-05;1115.0;7;1115.0
2001-07-06;1113.0;7;1113.0
2001-07-07;1425.0;7;1425.0
2001-07-08;1291.0;7;1291.0
2001-07-09;1210.0;7;1210.0
2001-07-10;1106.0;7;1106.0
2001-07-11;1019.0;7;1019.0
2001-07-12;833.0;7;833.0
2001-07-13;834.0;7;834.0
2001-07-14;789.0;7;789.0
2001-07-15;957.0;7;957.0
2001-07-16;872.0;7;872.0
2001-07-17;961.0;7;961.0
2001-07-18;1110.0;7;1110.0
2001-07-19;882.0;7;882.0
2001-07-20;1221.0;7;1221.0
2001-07-21;1189.0;7;1189.0
2001-07-22;979.0;7;979.0
2001-07-23;926.0;7;926.0
2001-07-24;938.0;7;938.0
2001-07-25;882.0;7;882.0
2001-07-26;997.0;7;997.0
2001-07-27;971.0;7;971.0
2001-07-28;1010.0;7;1010.0
2001-07-29;829.0;7;829.0
2001-07-30;761.0;7;761.0
2001-07-31;900.0;7;900.0
2001-08-01;1020.0;8;1020.0
2001-08-02;870.0;8;870.0
2001-08-03;994.0;8;994.0
2001-08-04;931.0;8;931.0
2001-08-05;839.0;8;839.0
2001-08-06;791.0;8;791.0
2001-08-07;905.0;8;905.0
2001-08-08;710.0;8;710.0
2001-08-09;691.0;8;691.0
2001-08-10;903.0;8;903.0
2001-08-11;728.0;8;728.0
2001-08-12;875.0;8;875.0
2001-08-13;971.0;8;971.0
2001-08-14;1192.0;8;1192.0
2001-08-15;1069.0;8;1069.0
2001-08-16;1067.0;8;1067.0
2001-08-17;1053.0;8;1053.0
2001-08-18;1106.0;8;1106.0
2001-08-19;1007.0;8;1007.0
2001-08-20;898.0;8;898.0
2001-08-21;720.0;8;720.0
2001-08-22;831.0;8;831.0
2001-08-23;1076.0;8;1076.0
2001-08-24;976.0;8;976.0
2001-08-25;1034.0;8;1034.0
2001-08-26;853.0;8;853.0
2001-08-27;706.0;8;706.0
2001-08-28;946.0;8;946.0
2001-08-29;995.0;8;995.0
2001-08-30;702.0;8;702.0
2001-08-31;495.0;8;495.0
2001-09-01;614.0;9;614.0
2001-09-02;908.0;9;908.0
2001-09-03;703.0;9;703.0
2001-09-04;870.0;9;870.0
2001-09-05;642.0;9;642.0
2001-09-06;764.0;9;764.0
2001-09-07;1206.0;9;1206.0
2001-09-08;800.0;9;800.0
2001-09-09;781.0;9;781.0
2001-09-10;778.0;9;778.0
2001-09-11;928.0;9;928.0
2001-09-12;1043.0;9;1043.0
2001-09-13;1140.0;9;1140.0
2001-09-14;1364.0;9;1364.0
2001-09-15;1582.0;9;1582.0
2001-09-16;971.0;9;971.0
2001-09-17;706.0;9;706.0
2001-09-18;587.0;9;587.0
2001-09-19;589.0;9;589.0
2001-09-20;653.0;9;653.0
2001-09-21;859.0;9;859.0
2001-09-22;775.0;9;775.0
2001-09-23;731.0;9;731.0
2001-09-24;710.0;9;710.0
2001-09-25;512.0;9;512.0
2001-09-26;857.0;9;857.0
2001-09-27;963.0;9;963.0
2001-09-28;806.0;9;806.0
2001-09-29;717.0;9;717.0
2001-09-30;597.0;9;597.0
2001-10-01;512.0;10;512.0
2001-10-02;590.0;10;590.0
2001-10-03;543.0;10;543.0
2001-10-04;576.0;10;576.0
2001-10-05;595.0;10;595.0
2001-10-06;554.0;10;554.0
2001-10-07;458.0;10;458.0
2001-10-08;446.0;10;446.0
2001-10-09;491.0;10;491.0
2001-10-10;560.0;10;560.0
2001-10-11;549.0;10;549.0
2001-10-12;682.0;10;682.0
2001-10-13;748.0;10;748.0
2001-10-14;549.0;10;549.0
2001-10-15;611.0;10;611.0
2001-10-16;634.0;10;634.0
2001-10-17;732.0;10;732.0
2001-10-18;766.0;10;766.0
2001-10-19;700.0;10;700.0
2001-10-20;659.0;10;659.0
2001-10-21;545.0;10;545.0
2001-10-22;483.0;10;483.0
2001-10-23;602.0;10;602.0
2001-10-24;839.0;10;839.0
2001-10-25;767.0;10;767.0
2001-10-26;644.0;10;644.0
2001-10-27;604.0;10;604.0
2001-10-28;673.0;10;673.0
2001-10-29;612.0;10;612.0
2001-10-30;452.0;10;452.0
2001-10-31;641.0;10;641.0
2001-11-01;839.0;11;839.0
2001-11-02;1064.0;11;1064.0
2001-11-03;1821.0;11;1821.0
2001-11-04;1017.0;11;1017.0
2001-11-05;780.0;11;780.0
2001-11-06;588.0;11;588.0
2001-11-07;601.0;11;601.0
2001-11-08;722.0;11;722.0
2001-11-09;595.0;11;595.0
2001-11-10;679.0;11;679.0
2001-11-11;609.0;11;609.0
2001-11-12;532.0;11;532.0
2001-11-13;715.0;11;715.0
2001-11-14;1133.0;11;1133.0
2001-11-15;833.0;11;833.0
2001-11-16;760.0;11;760.0
2001-11-17;923.0;11;923.0
2001-11-18;872.0;11;872.0
2001-11-19;761.0;11;761.0
2001-11-20;898.0;11;898.0
2001-11-21;1281.0;11;1281.0
2001-11-22;1273.0;11;1273.0
2001-11-23;1491.0;11;1491.0
2001-11-24;1217.0;11;1217.0
2001-11-25;781.0;11;781.0
2001-11-26;752.0;11;752.0
2001-11-27;1311.0;11;1311.0
2001-11-28;1591.0;11;1591.0
2001-11-29;1490.0;11;1490.0
2001-11-30;1352.0;11;1352.0
2001-12-01;1323.0;12;1323.0
2001-12-02;2432.0;12;2432.0
2001-12-03;2433.0;12;2433.0
2001-12-04;2146.0;12;2146.0
2001-12-05;1762.0;12;1762.0
2001-12-06;1088.0;12;1088.0
2001-12-07;1411.0;12;1411.0
2001-12-08;1026.0;12;1026.0
2001-12-09;1308.0;12;1308.0
2001-12-10;1498.0;12;1498.0
2001-12-11;1058.0;12;1058.0
2001-12-12;1450.0;12;1450.0
2001-12-13;1437.0;12;1437.0
2001-12-14;1285.0;12;1285.0
2001-12-15;1303.0;12;1303.0
2001-12-16;1226.0;12;1226.0
2001-12-17;1267.0;12;1267.0
2001-12-18;1475.0;12;1475.0
2001-12-19;1227.0;12;1227.0
2001-12-20;1599.0;12;1599.0
2001-12-21;1432.0;12;1432.0
2001-12-22;1576.0;12;1576.0
2001-12-23;1343.0;12;1343.0
2001-12-24;1271.0;12;1271.0
2001-12-25;1439.0;12;1439.0
2001-12-26;941.0;12;941.0
2001-12-27;1317.0;12;1317.0
2001-12-28;1528.0;12;1528.0
2001-12-29;1166.0;12;1166.0
2001-12-30;1278.0;12;1278.0
2001-12-31;1231.0;12;1231.0
2002-01-01;856.0;1;856.0
2002-01-02;641.0;1;641.0
2002-01-03;741.0;1;741.0
2002-01-04;561.0;1;561.0
2002-01-05;549.0;1;549.0
2002-01-06;517.0;1;517.0
2002-01-07;523.0;1;523.0
2002-01-08;523.0;1;523.0
2002-01-09;615.0;1;615.0
2002-01-10;648.0;1;648.0
2002-01-11;659.0;1;659.0
2002-01-12;703.0;1;703.0
2002-01-13;1114.0;1;1114.0
2002-01-14;823.0;1;823.0
2002-01-15;622.0;1;622.0
2002-01-16;678.0;1;678.0
2002-01-17;875.0;1;875.0
2002-01-18;859.0;1;859.0
2002-01-19;726.0;1;726.0
2002-01-20;568.0;1;568.0
2002-01-21;722.0;1;722.0
2002-01-22;862.0;1;862.0
2002-01-23;887.0;1;887.0
2002-01-24;620.0;1;620.0
2002-01-25;707.0;1;707.0
2002-01-26;798.0;1;798.0
2002-01-27;534.0;1;534.0
2002-01-28;539.0;1;539.0
2002-01-29;468.0;1;468.0
2002-01-30;569.0;1;569.0
2002-01-31;513.0;1;513.0
2002-02-01;531.0;2;531.0
2002-02-02;520.0;2;520.0
2002-02-03;506.0;2;506.0
2002-02-04;482.0;2;482.0
2002-02-05;406.0;2;406.0
2002-02-06;441.0;2;441.0
2002-02-07;456.0;2;456.0
2002-02-08;490.0;2;490.0
2002-02-09;473.0;2;473.0
2002-02-10;459.0;2;459.0
2002-02-11;588.0;2;588.0
2002-02-12;499.0;2;499.0
2002-02-13;468.0;2;468.0
2002-02-14;461.0;2;461.0
2002-02-15;550.0;2;550.0
2002-02-16;497.0;2;497.0
2002-02-17;413.0;2;413.0
2002-02-18;470.0;2;470.0
2002-02-19;403.0;2;403.0
2002-02-20;448.0;2;448.0
2002-02-21;416.0;2;416.0
2002-02-22;433.0;2;433.0
2002-02-23;599.0;2;599.0
2002-02-24;598.0;2;598.0
2002-02-25;385.0;2;385.0
2002-02-26;364.0;2;364.0
2002-02-27;532.0;2;532.0
2002-02-28;734.0;2;734.0
2002-03-01;568.0;3;568.0
2002-03-02;482.0;3;482.0
2002-03-03;510.0;3;510.0
2002-03-04;455.0;3;455.0
2002-03-05;481.0;3;481.0
2002-03-06;498.0;3;498.0
2002-03-07;495.0;3;495.0
2002-03-08;483.0;3;483.0
2002-03-09;433.0;3;433.0
2002-03-10;398.0;3;398.0
2002-03-11;366.0;3;366.0
2002-03-12;463.0;3;463.0
2002-03-13;525.0;3;525.0
2002-03-14;493.0;3;493.0
2002-03-15;531.0;3;531.0
2002-03-16;531.0;3;531.0
2002-03-17;628.0;3;628.0
2002-03-18;789.0;3;789.0
2002-03-19;1199.0;3;1199.0
2002-03-20;1418.0;3;1418.0
2002-03-21;1274.0;3;1274.0
2002-03-22;1357.0;3;1357.0
2002-03-23;1115.0;3;1115.0
2002-03-24;1686.0;3;1686.0
2002-03-25;1395.0;3;1395.0
2002-03-26;993.0;3;993.0
2002-03-27;751.0;3;751.0
2002-03-28;1046.0;3;1046.0
2002-03-29;945.0;3;945.0
2002-03-30;1043.0;3;1043.0
2002-03-31;936.0;3;936.0
2002-04-01;694.0;4;694.0
2002-04-02;707.0;4;707.0
2002-04-03;831.0;4;831.0
2002-04-04;719.0;4;719.0
2002-04-05;871.0;4;871.0
2002-04-06;999.0;4;999.0
2002-04-07;1436.0;4;1436.0
2002-04-08;1475.0;4;1475.0
2002-04-09;1898.0;4;1898.0
2002-04-10;1880.0;4;1880.0
2002-04-11;1537.0;4;1537.0
2002-04-12;1462.0;4;1462.0
2002-04-13;1491.0;4;1491.0
2002-04-14;1474.0;4;1474.0
2002-04-15;1268.0;4;1268.0
2002-04-16;1339.0;4;1339.0
2002-04-17;1167.0;4;1167.0
2002-04-18;1316.0;4;1316.0
2002-04-19;1131.0;4;1131.0
2002-04-20;1599.0;4;1599.0
2002-04-21;1518.0;4;1518.0
2002-04-22;1569.0;4;1569.0
2002-04-23;1324.0;4;1324.0
2002-04-24;1259.0;4;1259.0
2002-04-25;1896.0;4;1896.0
2002-04-26;1946.0;4;1946.0
2002-04-27;2077.0;4;2077.0
2002-04-28;2017.0;4;2017.0
2002-04-29;1933.0;4;1933.0
2002-04-30;1898.0;4;1898.0
2002-05-01;1423.0;5;1423.0
2002-05-02;1290.0;5;1290.0
2002-05-03;1131.0;5;1131.0
2002-05-04;994.0;5;994.0
2002-05-05;981.0;5;981.0
2002-05-06;838.0;5;838.0
2002-05-07;686.0;5;686.0
2002-05-08;915.0;5;915.0
2002-05-09;1060.0;5;1060.0
2002-05-10;1009.0;5;1009.0
2002-05-11;997.0;5;997.0
2002-05-12;1064.0;5;1064.0
2002-05-13;987.0;5;987.0
2002-05-14;1134.0;5;1134.0
2002-05-15;878.0;5;878.0
2002-05-16;759.0;5;759.0
2002-05-17;970.0;5;970.0
2002-05-18;1088.0;5;1088.0
2002-05-19;1051.0;5;1051.0
2002-05-20;889.0;5;889.0
2002-05-21;836.0;5;836.0
2002-05-22;960.0;5;960.0
2002-05-23;954.0;5;954.0
2002-05-24;880.0;5;880.0
2002-05-25;973.0;5;973.0
2002-05-26;1079.0;5;1079.0
2002-05-27;1500.0;5;1500.0
2002-05-28;1999.0;5;1999.0
2002-05-29;2678.0;5;2678.0
2002-05-30;2445.0;5;2445.0
2002-05-31;2157.0;5;2157.0
2002-06-01;2614.0;6;2614.0
2002-06-02;2105.0;6;2105.0
2002-06-03;1798.0;6;1798.0
2002-06-04;1449.0;6;1449.0
2002-06-05;1869.0;6;1869.0
2002-06-06;1781.0;6;1781.0
2002-06-07;2720.0;6;2720.0
2002-06-08;2631.0;6;2631.0
2002-06-09;2381.0;6;2381.0
2002-06-10;2755.0;6;2755.0
2002-06-11;2070.0;6;2070.0
2002-06-12;1978.0;6;1978.0
2002-06-13;2200.0;6;2200.0
2002-06-14;2218.0;6;2218.0
2002-06-15;1703.0;6;1703.0
2002-06-16;1732.0;6;1732.0
2002-06-17;1635.0;6;1635.0
2002-06-18;1643.0;6;1643.0
2002-06-19;1676.0;6;1676.0
2002-06-20;1593.0;6;1593.0
2002-06-21;1748.0;6;1748.0
2002-06-22;1664.0;6;1664.0
2002-06-23;1734.0;6;1734.0
2002-06-24;1774.0;6;1774.0
2002-06-25;1794.0;6;1794.0
2002-06-26;1883.0;6;1883.0
2002-06-27;1804.0;6;1804.0
2002-06-28;1737.0;6;1737.0
2002-06-29;1462.0;6;1462.0
2002-06-30;1472.0;6;1472.0
2002-07-01;1278.0;7;1278.0
2002-07-02;952.0;7;952.0
2002-07-03;1362.0;7;1362.0
2002-07-04;1434.0;7;1434.0
2002-07-05;1401.0;7;1401.0
2002-07-06;1641.0;7;1641.0
2002-07-07;1608.0;7;1608.0
2002-07-08;1489.0;7;1489.0
2002-07-09;1281.0;7;1281.0
2002-07-10;1140.0;7;1140.0
2002-07-11;1228.0;7;1228.0
2002-07-12;1262.0;7;1262.0
2002-07-13;957.0;7;957.0
2002-07-14;703.0;7;703.0
2002-07-15;617.0;7;617.0
2002-07-16;667.0;7;667.0
2002-07-17;579.0;7;579.0
2002-07-18;867.0;7;867.0
2002-07-19;1300.0;7;1300.0
2002-07-20;1349.0;7;1349.0
2002-07-21;1083.0;7;1083.0
2002-07-22;964.0;7;964.0
2002-07-23;786.0;7;786.0
2002-07-24;769.0;7;769.0
2002-07-25;924.0;7;924.0
2002-07-26;1077.0;7;1077.0
2002-07-27;1058.0;7;1058.0
2002-07-28;942.0;7;942.0
2002-07-29;977.0;7;977.0
2002-07-30;1239.0;7;1239.0
2002-07-31;1059.0;7;1059.0
2002-08-01;907.0;8;907.0
2002-08-02;677.0;8;677.0
2002-08-03;575.0;8;575.0
2002-08-04;728.0;8;728.0
2002-08-05;922.0;8;922.0
2002-08-06;814.0;8;814.0
2002-08-07;828.0;8;828.0
2002-08-08;807.0;8;807.0
2002-08-09;920.0;8;920.0
2002-08-10;986.0;8;986.0
2002-08-11;1300.0;8;1300.0
2002-08-12;1038.0;8;1038.0
2002-08-13;922.0;8;922.0
2002-08-14;887.0;8;887.0
2002-08-15;978.0;8;978.0
2002-08-16;1421.0;8;1421.0
2002-08-17;1771.0;8;1771.0
2002-08-18;1594.0;8;1594.0
2002-08-19;1392.0;8;1392.0
2002-08-20;1108.0;8;1108.0
2002-08-21;1096.0;8;1096.0
2002-08-22;1037.0;8;1037.0
2002-08-23;946.0;8;946.0
2002-08-24;941.0;8;941.0
2002-08-25;829.0;8;829.0
2002-08-26;695.0;8;695.0
2002-08-27;815.0;8;815.0
2002-08-28;833.0;8;833.0
2002-08-29;948.0;8;948.0
2002-08-30;833.0;8;833.0
2002-08-31;553.0;8;553.0
2002-09-01;511.0;9;511.0
2002-09-02;497.0;9;497.0
2002-09-03;556.0;9;556.0
2002-09-04;573.0;9;573.0
2002-09-05;696.0;9;696.0
2002-09-06;849.0;9;849.0
2002-09-07;869.0;9;869.0
2002-09-08;875.0;9;875.0
2002-09-09;853.0;9;853.0
2002-09-10;756.0;9;756.0
2002-09-11;616.0;9;616.0
2002-09-12;496.0;9;496.0
2002-09-13;561.0;9;561.0
2002-09-14;400.0;9;400.0
2002-09-15;370.0;9;370.0
2002-09-16;374.0;9;374.0
2002-09-17;380.0;9;380.0
2002-09-18;346.0;9;346.0
2002-09-19;471.0;9;471.0
2002-09-20;507.0;9;507.0
2002-09-21;460.0;9;460.0
2002-09-22;395.0;9;395.0
2002-09-23;402.0;9;402.0
2002-09-24;348.0;9;348.0
2002-09-25;573.0;9;573.0
2002-09-26;836.0;9;836.0
2002-09-27;980.0;9;980.0
2002-09-28;1034.0;9;1034.0
2002-09-29;718.0;9;718.0
2002-09-30;660.0;9;660.0
2002-10-01;607.0;10;607.0
2002-10-02;477.0;10;477.0
2002-10-03;461.0;10;461.0
2002-10-04;582.0;10;582.0
2002-10-05;558.0;10;558.0
2002-10-06;612.0;10;612.0
2002-10-07;679.0;10;679.0
2002-10-08;471.0;10;471.0
2002-10-09;516.0;10;516.0
2002-10-10;495.0;10;495.0
2002-10-11;456.0;10;456.0
2002-10-12;741.0;10;741.0
2002-10-13;650.0;10;650.0
2002-10-14;505.0;10;505.0
2002-10-15;431.0;10;431.0
2002-10-16;432.0;10;432.0
2002-10-17;468.0;10;468.0
2002-10-18;472.0;10;472.0
2002-10-19;482.0;10;482.0
2002-10-20;385.0;10;385.0
2002-10-21;539.0;10;539.0
2002-10-22;1090.0;10;1090.0
2002-10-23;898.0;10;898.0
2002-10-24;981.0;10;981.0
2002-10-25;1185.0;10;1185.0
2002-10-26;880.0;10;880.0
2002-10-27;2556.0;10;2556.0
2002-10-28;1893.0;10;1893.0
2002-10-29;974.0;10;974.0
2002-10-30;1473.0;10;1473.0
2002-10-31;1719.0;10;1719.0
2002-11-01;1568.0;11;1568.0
2002-11-02;1611.0;11;1611.0
2002-11-03;1383.0;11;1383.0
2002-11-04;1377.0;11;1377.0
2002-11-05;1274.0;11;1274.0
2002-11-06;1411.0;11;1411.0
2002-11-07;1387.0;11;1387.0
2002-11-08;1266.0;11;1266.0
2002-11-09;1766.0;11;1766.0
2002-11-10;1981.0;11;1981.0
2002-11-11;1612.0;11;1612.0
2002-11-12;1056.0;11;1056.0
2002-11-13;845.0;11;845.0
2002-11-14;1056.0;11;1056.0
2002-11-15;1095.0;11;1095.0
2002-11-16;755.0;11;755.0
2002-11-17;667.0;11;667.0
2002-11-18;623.0;11;623.0
2002-11-19;592.0;11;592.0
2002-11-20;873.0;11;873.0
2002-11-21;1118.0;11;1118.0
2002-11-22;1122.0;11;1122.0
2002-11-23;1111.0;11;1111.0
2002-11-24;989.0;11;989.0
2002-11-25;787.0;11;787.0
2002-11-26;505.0;11;505.0
2002-11-27;720.0;11;720.0
2002-11-28;524.0;11;524.0
2002-11-29;493.0;11;493.0
2002-11-30;483.0;11;483.0
2002-12-01;448.0;12;448.0
2002-12-02;519.0;12;519.0
2002-12-03;477.0;12;477.0
2002-12-04;473.0;12;473.0
2002-12-05;430.0;12;430.0
2002-12-06;466.0;12;466.0
2002-12-07;436.0;12;436.0
2002-12-08;508.0;12;508.0
2002-12-09;482.0;12;482.0
2002-12-10;718.0;12;718.0
2002-12-11;582.0;12;582.0
2002-12-12;555.0;12;555.0
2002-12-13;503.0;12;503.0
2002-12-14;568.0;12;568.0
2002-12-15;654.0;12;654.0
2002-12-16;724.0;12;724.0
2002-12-17;1515.0;12;1515.0
2002-12-18;1658.0;12;1658.0
2002-12-19;1052.0;12;1052.0
2002-12-20;885.0;12;885.0
2002-12-21;1598.0;12;1598.0
2002-12-22;1337.0;12;1337.0
2002-12-23;1266.0;12;1266.0
2002-12-24;783.0;12;783.0
2002-12-25;545.0;12;545.0
2002-12-26;615.0;12;615.0
2002-12-27;677.0;12;677.0
2002-12-28;660.0;12;660.0
2002-12-29;797.0;12;797.0
2002-12-30;654.0;12;654.0
2002-12-31;482.0;12;482.0
2003-01-01;451.0;1;451.0
2003-01-02;419.0;1;419.0
2003-01-03;409.0;1;409.0
2003-01-04;368.0;1;368.0
2003-01-05;365.0;1;365.0
2003-01-06;388.0;1;388.0
2003-01-07;537.0;1;537.0
2003-01-08;421.0;1;421.0
2003-01-09;378.0;1;378.0
2003-01-10;367.0;1;367.0
2003-01-11;330.0;1;330.0
2003-01-12;539.0;1;539.0
2003-01-13;750.0;1;750.0
2003-01-14;576.0;1;576.0
2003-01-15;387.0;1;387.0
2003-01-16;390.0;1;390.0
2003-01-17;419.0;1;419.0
2003-01-18;383.0;1;383.0
2003-01-19;400.0;1;400.0
2003-01-20;404.0;1;404.0
2003-01-21;473.0;1;473.0
2003-01-22;455.0;1;455.0
2003-01-23;552.0;1;552.0
2003-01-24;415.0;1;415.0
2003-01-25;541.0;1;541.0
2003-01-26;426.0;1;426.0
2003-01-27;598.0;1;598.0
2003-01-28;662.0;1;662.0
2003-01-29;434.0;1;434.0
2003-01-30;403.0;1;403.0
2003-01-31;416.0;1;416.0
2003-02-01;405.0;2;405.0
2003-02-02;441.0;2;441.0
2003-02-03;438.0;2;438.0
2003-02-04;461.0;2;461.0
2003-02-05;419.0;2;419.0
2003-02-06;414.0;2;414.0
2003-02-07;416.0;2;416.0
2003-02-08;410.0;2;410.0
2003-02-09;387.0;2;387.0
2003-02-10;385.0;2;385.0
2003-02-11;377.0;2;377.0
2003-02-12;412.0;2;412.0
2003-02-13;623.0;2;623.0
2003-02-14;941.0;2;941.0
2003-02-15;668.0;2;668.0
2003-02-16;531.0;2;531.0
2003-02-17;473.0;2;473.0
2003-02-18;479.0;2;479.0
2003-02-19;438.0;2;438.0
2003-02-20;468.0;2;468.0
2003-02-21;475.0;2;475.0
2003-02-22;436.0;2;436.0
2003-02-23;459.0;2;459.0
2003-02-24;415.0;2;415.0
2003-02-25;541.0;2;541.0
2003-02-26;658.0;2;658.0
2003-02-27;648.0;2;648.0
2003-02-28;547.0;2;547.0
2003-03-01;608.0;3;608.0
2003-03-02;687.0;3;687.0
2003-03-03;680.0;3;680.0
2003-03-04;730.0;3;730.0
2003-03-05;920.0;3;920.0
2003-03-06;531.0;3;531.0
2003-03-07;517.0;3;517.0
2003-03-08;446.0;3;446.0
2003-03-09;452.0;3;452.0
2003-03-10;430.0;3;430.0
2003-03-11;584.0;3;584.0
2003-03-12;456.0;3;456.0
2003-03-13;511.0;3;511.0
2003-03-14;760.0;3;760.0
2003-03-15;1080.0;3;1080.0
2003-03-16;653.0;3;653.0
2003-03-17;672.0;3;672.0
2003-03-18;854.0;3;854.0
2003-03-19;631.0;3;631.0
2003-03-20;665.0;3;665.0
2003-03-21;705.0;3;705.0
2003-03-22;959.0;3;959.0
2003-03-23;805.0;3;805.0
2003-03-24;749.0;3;749.0
2003-03-25;703.0;3;703.0
2003-03-26;900.0;3;900.0
2003-03-27;1462.0;3;1462.0
2003-03-28;1821.0;3;1821.0
2003-03-29;1199.0;3;1199.0
2003-03-30;862.0;3;862.0
2003-03-31;810.0;3;810.0
2003-04-01;816.0;4;816.0
2003-04-02;610.0;4;610.0
2003-04-03;576.0;4;576.0
2003-04-04;537.0;4;537.0
2003-04-05;545.0;4;545.0
2003-04-06;535.0;4;535.0
2003-04-07;514.0;4;514.0
2003-04-08;497.0;4;497.0
2003-04-09;410.0;4;410.0
2003-04-10;756.0;4;756.0
2003-04-11;769.0;4;769.0
2003-04-12;642.0;4;642.0
2003-04-13;906.0;4;906.0
2003-04-14;1187.0;4;1187.0
2003-04-15;1366.0;4;1366.0
2003-04-16;1627.0;4;1627.0
2003-04-17;1127.0;4;1127.0
2003-04-18;1996.0;4;1996.0
2003-04-19;1369.0;4;1369.0
2003-04-20;1602.0;4;1602.0
2003-04-21;1433.0;4;1433.0
2003-04-22;2588.0;4;2588.0
2003-04-23;2406.0;4;2406.0
2003-04-24;1962.0;4;1962.0
2003-04-25;1594.0;4;1594.0
2003-04-26;1373.0;4;1373.0
2003-04-27;1203.0;4;1203.0
2003-04-28;1113.0;4;1113.0
2003-04-29;1043.0;4;1043.0
2003-04-30;867.0;4;867.0
2003-05-01;979.0;5;979.0
2003-05-02;966.0;5;966.0
2003-05-03;870.0;5;870.0
2003-05-04;781.0;5;781.0
2003-05-05;892.0;5;892.0
2003-05-06;1017.0;5;1017.0
2003-05-07;920.0;5;920.0
2003-05-08;849.0;5;849.0
2003-05-09;930.0;5;930.0
2003-05-10;1320.0;5;1320.0
2003-05-11;976.0;5;976.0
2003-05-12;801.0;5;801.0
2003-05-13;959.0;5;959.0
2003-05-14;1001.0;5;1001.0
2003-05-15;974.0;5;974.0
2003-05-16;842.0;5;842.0
2003-05-17;1108.0;5;1108.0
2003-05-18;969.0;5;969.0
2003-05-19;1180.0;5;1180.0
2003-05-20;1285.0;5;1285.0
2003-05-21;1240.0;5;1240.0
2003-05-22;1000.0;5;1000.0
2003-05-23;720.0;5;720.0
2003-05-24;715.0;5;715.0
2003-05-25;675.0;5;675.0
2003-05-26;931.0;5;931.0
2003-05-27;959.0;5;959.0
2003-05-28;1301.0;5;1301.0
2003-05-29;1134.0;5;1134.0
2003-05-30;1092.0;5;1092.0
2003-05-31;1094.0;5;1094.0
2003-06-01;1001.0;6;1001.0
2003-06-02;1083.0;6;1083.0
2003-06-03;1083.0;6;1083.0
2003-06-04;867.0;6;867.0
2003-06-05;821.0;6;821.0
2003-06-06;737.0;6;737.0
2003-06-07;710.0;6;710.0
2003-06-08;795.0;6;795.0
2003-06-09;602.0;6;602.0
2003-06-10;554.0;6;554.0
2003-06-11;523.0;6;523.0
2003-06-12;614.0;6;614.0
2003-06-13;892.0;6;892.0
2003-06-14;938.0;6;938.0
2003-06-15;1194.0;6;1194.0
2003-06-16;1010.0;6;1010.0
2003-06-17;1262.0;6;1262.0
2003-06-18;1162.0;6;1162.0
2003-06-19;1048.0;6;1048.0
2003-06-20;1268.0;6;1268.0
2003-06-21;987.0;6;987.0
2003-06-22;867.0;6;867.0
2003-06-23;821.0;6;821.0
2003-06-24;993.0;6;993.0
2003-06-25;1094.0;6;1094.0
2003-06-26;907.0;6;907.0
2003-06-27;699.0;6;699.0
2003-06-28;749.0;6;749.0
2003-06-29;892.0;6;892.0
2003-06-30;674.0;6;674.0
2003-07-01;663.0;7;663.0
2003-07-02;660.0;7;660.0
2003-07-03;558.0;7;558.0
2003-07-04;522.0;7;522.0
2003-07-05;639.0;7;639.0
2003-07-06;831.0;7;831.0
2003-07-07;699.0;7;699.0
2003-07-08;825.0;7;825.0
2003-07-09;1002.0;7;1002.0
2003-07-10;778.0;7;778.0
2003-07-11;705.0;7;705.0
2003-07-12;778.0;7;778.0
2003-07-13;1169.0;7;1169.0
2003-07-14;1271.0;7;1271.0
2003-07-15;883.0;7;883.0
2003-07-16;857.0;7;857.0
2003-07-17;722.0;7;722.0
2003-07-18;689.0;7;689.0
2003-07-19;829.0;7;829.0
2003-07-20;801.0;7;801.0
2003-07-21;769.0;7;769.0
2003-07-22;845.0;7;845.0
2003-07-23;1016.0;7;1016.0
2003-07-24;1099.0;7;1099.0
2003-07-25;858.0;7;858.0
2003-07-26;855.0;7;855.0
2003-07-27;821.0;7;821.0
2003-07-28;857.0;7;857.0
2003-07-29;834.0;7;834.0
2003-07-30;796.0;7;796.0
2003-07-31;885.0;7;885.0
2003-08-01;1266.0;8;1266.0
2003-08-02;1568.0;8;1568.0
2003-08-03;1247.0;8;1247.0
2003-08-04;948.0;8;948.0
2003-08-05;766.0;8;766.0
2003-08-06;741.0;8;741.0
2003-08-07;771.0;8;771.0
2003-08-08;675.0;8;675.0
2003-08-09;698.0;8;698.0
2003-08-10;771.0;8;771.0
2003-08-11;646.0;8;646.0
2003-08-12;665.0;8;665.0
2003-08-13;642.0;8;642.0
2003-08-14;779.0;8;779.0
2003-08-15;673.0;8;673.0
2003-08-16;1002.0;8;1002.0
2003-08-17;867.0;8;867.0
2003-08-18;634.0;8;634.0
2003-08-19;746.0;8;746.0
2003-08-20;522.0;8;522.0
2003-08-21;550.0;8;550.0
2003-08-22;635.0;8;635.0
2003-08-23;576.0;8;576.0
2003-08-24;518.0;8;518.0
2003-08-25;614.0;8;614.0
2003-08-26;441.0;8;441.0
2003-08-27;408.0;8;408.0
2003-08-28;448.0;8;448.0
2003-08-29;478.0;8;478.0
2003-08-30;625.0;8;625.0
2003-08-31;550.0;8;550.0
2003-09-01;442.0;9;442.0
2003-09-02;396.0;9;396.0
2003-09-03;494.0;9;494.0
2003-09-04;538.0;9;538.0
2003-09-05;800.0;9;800.0
2003-09-06;789.0;9;789.0
2003-09-07;620.0;9;620.0
2003-09-08;721.0;9;721.0
2003-09-09;633.0;9;633.0
2003-09-10;669.0;9;669.0
2003-09-11;535.0;9;535.0
2003-09-12;667.0;9;667.0
2003-09-13;784.0;9;784.0
2003-09-14;694.0;9;694.0
2003-09-15;676.0;9;676.0
2003-09-16;562.0;9;562.0
2003-09-17;548.0;9;548.0
2003-09-18;600.0;9;600.0
2003-09-19;802.0;9;802.0
2003-09-20;808.0;9;808.0
2003-09-21;572.0;9;572.0
2003-09-22;544.0;9;544.0
2003-09-23;532.0;9;532.0
2003-09-24;498.0;9;498.0
2003-09-25;521.0;9;521.0
2003-09-26;719.0;9;719.0
2003-09-27;859.0;9;859.0
2003-09-28;1082.0;9;1082.0
2003-09-29;981.0;9;981.0
2003-09-30;756.0;9;756.0
2003-10-01;665.0;10;665.0
2003-10-02;695.0;10;695.0
2003-10-03;626.0;10;626.0
2003-10-04;533.0;10;533.0
2003-10-05;449.0;10;449.0
2003-10-06;625.0;10;625.0
2003-10-07;732.0;10;732.0
2003-10-08;774.0;10;774.0
2003-10-09;1059.0;10;1059.0
2003-10-10;1167.0;10;1167.0
2003-10-11;1004.0;10;1004.0
2003-10-12;1081.0;10;1081.0
2003-10-13;1105.0;10;1105.0
2003-10-14;1121.0;10;1121.0
2003-10-15;1026.0;10;1026.0
2003-10-16;796.0;10;796.0
2003-10-17;735.0;10;735.0
2003-10-18;835.0;10;835.0
2003-10-19;926.0;10;926.0
2003-10-20;747.0;10;747.0
2003-10-21;914.0;10;914.0
2003-10-22;943.0;10;943.0
2003-10-23;840.0;10;840.0
2003-10-24;1063.0;10;1063.0
2003-10-25;1049.0;10;1049.0
2003-10-26;797.0;10;797.0
2003-10-27;739.0;10;739.0
2003-10-28;995.0;10;995.0
2003-10-29;1194.0;10;1194.0
2003-10-30;2115.0;10;2115.0
2003-10-31;2456.0;10;2456.0
2003-11-01;2547.0;11;2547.0
2003-11-02;1574.0;11;1574.0
2003-11-03;1504.0;11;1504.0
2003-11-04;1816.0;11;1816.0
2003-11-05;1035.0;11;1035.0
2003-11-06;790.0;11;790.0
2003-11-07;722.0;11;722.0
2003-11-08;977.0;11;977.0
2003-11-09;1250.0;11;1250.0
2003-11-10;1486.0;11;1486.0
2003-11-11;1493.0;11;1493.0
2003-11-12;1153.0;11;1153.0
2003-11-13;1308.0;11;1308.0
2003-11-14;1375.0;11;1375.0
2003-11-15;1115.0;11;1115.0
2003-11-16;1001.0;11;1001.0
2003-11-17;810.0;11;810.0
2003-11-18;870.0;11;870.0
2003-11-19;763.0;11;763.0
2003-11-20;726.0;11;726.0
2003-11-21;1212.0;11;1212.0
2003-11-22;1442.0;11;1442.0
2003-11-23;1677.0;11;1677.0
2003-11-24;1319.0;11;1319.0
2003-11-25;1608.0;11;1608.0
2003-11-26;1398.0;11;1398.0
2003-11-27;1306.0;11;1306.0
2003-11-28;1327.0;11;1327.0
2003-11-29;1069.0;11;1069.0
2003-11-30;1314.0;11;1314.0
2003-12-01;1662.0;12;1662.0
2003-12-02;2051.0;12;2051.0
2003-12-03;2242.0;12;2242.0
2003-12-04;1379.0;12;1379.0
2003-12-05;1157.0;12;1157.0
2003-12-06;1290.0;12;1290.0
2003-12-07;1666.0;12;1666.0
2003-12-08;1236.0;12;1236.0
2003-12-09;1098.0;12;1098.0
2003-12-10;1225.0;12;1225.0
2003-12-11;1204.0;12;1204.0
2003-12-12;1061.0;12;1061.0
2003-12-13;863.0;12;863.0
2003-12-14;1055.0;12;1055.0
2003-12-15;1186.0;12;1186.0
2003-12-16;976.0;12;976.0
2003-12-17;769.0;12;769.0
2003-12-18;659.0;12;659.0
2003-12-19;655.0;12;655.0
2003-12-20;652.0;12;652.0
2003-12-21;976.0;12;976.0
2003-12-22;1123.0;12;1123.0
2003-12-23;813.0;12;813.0
2003-12-24;827.0;12;827.0
2003-12-25;1108.0;12;1108.0
2003-12-26;924.0;12;924.0
2003-12-27;755.0;12;755.0
2003-12-28;688.0;12;688.0
2003-12-29;917.0;12;917.0
2003-12-30;734.0;12;734.0
2003-12-31;635.0;12;635.0
2004-01-01;547.0;1;547.0
2004-01-02;511.0;1;511.0
2004-01-03;424.0;1;424.0
2004-01-04;530.0;1;530.0
2004-01-05;957.0;1;957.0
2004-01-06;819.0;1;819.0
2004-01-07;611.0;1;611.0
2004-01-08;855.0;1;855.0
2004-01-09;785.0;1;785.0
2004-01-10;687.0;1;687.0
2004-01-11;740.0;1;740.0
2004-01-12;987.0;1;987.0
2004-01-13;1077.0;1;1077.0
2004-01-14;793.0;1;793.0
2004-01-15;547.0;1;547.0
2004-01-16;547.0;1;547.0
2004-01-17;570.0;1;570.0
2004-01-18;1193.0;1;1193.0
2004-01-19;932.0;1;932.0
2004-01-20;764.0;1;764.0
2004-01-21;627.0;1;627.0
2004-01-22;580.0;1;580.0
2004-01-23;654.0;1;654.0
2004-01-24;645.0;1;645.0
2004-01-25;922.0;1;922.0
2004-01-26;1127.0;1;1127.0
2004-01-27;822.0;1;822.0
2004-01-28;576.0;1;576.0
2004-01-29;615.0;1;615.0
2004-01-30;-999.000;1;580.0
2004-01-31;-999.000;1;1133.0
2004-02-01;448.0;2;448.0
2004-02-02;470.0;2;470.0
2004-02-03;460.0;2;460.0
2004-02-04;415.0;2;415.0
2004-02-05;551.0;2;551.0
2004-02-06;619.0;2;619.0
2004-02-07;411.0;2;411.0
2004-02-08;471.0;2;471.0
2004-02-09;596.0;2;596.0
2004-02-10;626.0;2;626.0
2004-02-11;459.0;2;459.0
2004-02-12;400.0;2;400.0
2004-02-13;439.0;2;439.0
2004-02-14;388.0;2;388.0
2004-02-15;436.0;2;436.0
2004-02-16;593.0;2;593.0
2004-02-17;552.0;2;552.0
2004-02-18;516.0;2;516.0
2004-02-19;521.0;2;521.0
2004-02-20;606.0;2;606.0
2004-02-21;649.0;2;649.0
2004-02-22;968.0;2;968.0
2004-02-23;1119.0;2;1119.0
2004-02-24;1197.0;2;1197.0
2004-02-25;1350.0;2;1350.0
2004-02-26;1703.0;2;1703.0
2004-02-27;1181.0;2;1181.0
2004-02-28;1001.0;2;1001.0
2004-02-29;834.0;2;834.0
2004-03-01;727.0;3;727.0
2004-03-02;708.0;3;708.0
2004-03-03;680.0;3;680.0
2004-03-04;667.0;3;667.0
2004-03-05;590.0;3;590.0
2004-03-06;585.0;3;585.0
2004-03-07;620.0;3;620.0
2004-03-08;544.0;3;544.0
2004-03-09;522.0;3;522.0
2004-03-10;508.0;3;508.0
2004-03-11;491.0;3;491.0
2004-03-12;526.0;3;526.0
2004-03-13;573.0;3;573.0
2004-03-14;518.0;3;518.0
2004-03-15;400.0;3;400.0
2004-03-16;397.0;3;397.0
2004-03-17;468.0;3;468.0
2004-03-18;463.0;3;463.0
2004-03-19;448.0;3;448.0
2004-03-20;458.0;3;458.0
2004-03-21;427.0;3;427.0
2004-03-22;389.0;3;389.0
2004-03-23;443.0;3;443.0
2004-03-24;495.0;3;495.0
2004-03-25;501.0;3;501.0
2004-03-26;458.0;3;458.0
2004-03-27;483.0;3;483.0
2004-03-28;485.0;3;485.0
2004-03-29;570.0;3;570.0
2004-03-30;501.0;3;501.0
2004-03-31;457.0;3;457.0
2004-04-01;525.0;4;525.0
2004-04-02;529.0;4;529.0
2004-04-03;614.0;4;614.0
2004-04-04;941.0;4;941.0
2004-04-05;645.0;4;645.0
2004-04-06;533.0;4;533.0
2004-04-07;593.0;4;593.0
2004-04-08;482.0;4;482.0
2004-04-09;493.0;4;493.0
2004-04-10;670.0;4;670.0
2004-04-11;699.0;4;699.0
2004-04-12;568.0;4;568.0
2004-04-13;688.0;4;688.0
2004-04-14;678.0;4;678.0
2004-04-15;970.0;4;970.0
2004-04-16;1108.0;4;1108.0
2004-04-17;1463.0;4;1463.0
2004-04-18;1289.0;4;1289.0
2004-04-19;1352.0;4;1352.0
2004-04-20;946.0;4;946.0
2004-04-21;834.0;4;834.0
2004-04-22;1373.0;4;1373.0
2004-04-23;2229.0;4;2229.0
2004-04-24;2305.0;4;2305.0
2004-04-25;1930.0;4;1930.0
2004-04-26;1835.0;4;1835.0
2004-04-27;1571.0;4;1571.0
2004-04-28;1543.0;4;1543.0
2004-04-29;1404.0;4;1404.0
2004-04-30;1284.0;4;1284.0
2004-05-01;1219.0;5;1219.0
2004-05-02;1243.0;5;1243.0
2004-05-03;1461.0;5;1461.0
2004-05-04;1490.0;5;1490.0
2004-05-05;1622.0;5;1622.0
2004-05-06;1519.0;5;1519.0
2004-05-07;1456.0;5;1456.0
2004-05-08;1292.0;5;1292.0
2004-05-09;1266.0;5;1266.0
2004-05-10;1288.0;5;1288.0
2004-05-11;1104.0;5;1104.0
2004-05-12;1073.0;5;1073.0
2004-05-13;1096.0;5;1096.0
2004-05-14;1023.0;5;1023.0
2004-05-15;938.0;5;938.0
2004-05-16;885.0;5;885.0
2004-05-17;1124.0;5;1124.0
2004-05-18;1160.0;5;1160.0
2004-05-19;1387.0;5;1387.0
2004-05-20;1778.0;5;1778.0
2004-05-21;1683.0;5;1683.0
2004-05-22;1746.0;5;1746.0
2004-05-23;1537.0;5;1537.0
2004-05-24;1199.0;5;1199.0
2004-05-25;1099.0;5;1099.0
2004-05-26;1081.0;5;1081.0
2004-05-27;1106.0;5;1106.0
2004-05-28;1432.0;5;1432.0
2004-05-29;1364.0;5;1364.0
2004-05-30;1222.0;5;1222.0
2004-05-31;1236.0;5;1236.0
2004-06-01;1343.0;6;1343.0
2004-06-02;1073.0;6;1073.0
2004-06-03;1115.0;6;1115.0
2004-06-04;1369.0;6;1369.0
2004-06-05;1192.0;6;1192.0
2004-06-06;1482.0;6;1482.0
2004-06-07;1761.0;6;1761.0
2004-06-08;1496.0;6;1496.0
2004-06-09;1394.0;6;1394.0
2004-06-10;1334.0;6;1334.0
2004-06-11;1125.0;6;1125.0
2004-06-12;1175.0;6;1175.0
2004-06-13;1055.0;6;1055.0
2004-06-14;1027.0;6;1027.0
2004-06-15;1067.0;6;1067.0
2004-06-16;1164.0;6;1164.0
2004-06-17;1240.0;6;1240.0
2004-06-18;1217.0;6;1217.0
2004-06-19;1173.0;6;1173.0
2004-06-20;1310.0;6;1310.0
2004-06-21;1455.0;6;1455.0
2004-06-22;1387.0;6;1387.0
2004-06-23;1222.0;6;1222.0
2004-06-24;1076.0;6;1076.0
2004-06-25;1187.0;6;1187.0
2004-06-26;1052.0;6;1052.0
2004-06-27;1053.0;6;1053.0
2004-06-28;954.0;6;954.0
2004-06-29;966.0;6;966.0
2004-06-30;1148.0;6;1148.0
2004-07-01;669.0;7;669.0
2004-07-02;618.0;7;618.0
2004-07-03;538.0;7;538.0
2004-07-04;738.0;7;738.0
2004-07-05;720.0;7;720.0
2004-07-06;550.0;7;550.0
2004-07-07;620.0;7;620.0
2004-07-08;575.0;7;575.0
2004-07-09;563.0;7;563.0
2004-07-10;729.0;7;729.0
2004-07-11;598.0;7;598.0
2004-07-12;530.0;7;530.0
2004-07-13;748.0;7;748.0
2004-07-14;945.0;7;945.0
2004-07-15;1213.0;7;1213.0
2004-07-16;857.0;7;857.0
2004-07-17;1047.0;7;1047.0
2004-07-18;1145.0;7;1145.0
2004-07-19;1194.0;7;1194.0
2004-07-20;998.0;7;998.0
2004-07-21;989.0;7;989.0
2004-07-22;984.0;7;984.0
2004-07-23;898.0;7;898.0
2004-07-24;1040.0;7;1040.0
2004-07-25;829.0;7;829.0
2004-07-26;625.0;7;625.0
2004-07-27;599.0;7;599.0
2004-07-28;910.0;7;910.0
2004-07-29;1113.0;7;1113.0
2004-07-30;1385.0;7;1385.0
2004-07-31;1331.0;7;1331.0
2004-08-01;1411.0;8;1411.0
2004-08-02;800.0;8;800.0
2004-08-03;962.0;8;962.0
2004-08-04;1006.0;8;1006.0
2004-08-05;1140.0;8;1140.0
2004-08-06;1243.0;8;1243.0
2004-08-07;1189.0;8;1189.0
2004-08-08;1180.0;8;1180.0
2004-08-09;1264.0;8;1264.0
2004-08-10;988.0;8;988.0
2004-08-11;721.0;8;721.0
2004-08-12;1081.0;8;1081.0
2004-08-13;1243.0;8;1243.0
2004-08-14;1261.0;8;1261.0
2004-08-15;1028.0;8;1028.0
2004-08-16;764.0;8;764.0
2004-08-17;574.0;8;574.0
2004-08-18;570.0;8;570.0
2004-08-19;909.0;8;909.0
2004-08-20;793.0;8;793.0
2004-08-21;727.0;8;727.0
2004-08-22;681.0;8;681.0
2004-08-23;650.0;8;650.0
2004-08-24;824.0;8;824.0
2004-08-25;984.0;8;984.0
2004-08-26;800.0;8;800.0
2004-08-27;583.0;8;583.0
2004-08-28;759.0;8;759.0
2004-08-29;854.0;8;854.0
2004-08-30;698.0;8;698.0
2004-08-31;554.0;8;554.0
2004-09-01;541.0;9;541.0
2004-09-02;506.0;9;506.0
2004-09-03;499.0;9;499.0
2004-09-04;689.0;9;689.0
2004-09-05;480.0;9;480.0
2004-09-06;493.0;9;493.0
2004-09-07;494.0;9;494.0
2004-09-08;614.0;9;614.0
2004-09-09;1048.0;9;1048.0
2004-09-10;894.0;9;894.0
2004-09-11;931.0;9;931.0
2004-09-12;887.0;9;887.0
2004-09-13;955.0;9;955.0
2004-09-14;816.0;9;816.0
2004-09-15;558.0;9;558.0
2004-09-16;567.0;9;567.0
2004-09-17;731.0;9;731.0
2004-09-18;1044.0;9;1044.0
2004-09-19;732.0;9;732.0
2004-09-20;485.0;9;485.0
2004-09-21;548.0;9;548.0
2004-09-22;699.0;9;699.0
2004-09-23;757.0;9;757.0
2004-09-24;570.0;9;570.0
2004-09-25;825.0;9;825.0
2004-09-26;693.0;9;693.0
2004-09-27;510.0;9;510.0
2004-09-28;566.0;9;566.0
2004-09-29;547.0;9;547.0
2004-09-30;523.0;9;523.0
2004-10-01;729.0;10;729.0
2004-10-02;603.0;10;603.0
2004-10-03;604.0;10;604.0
2004-10-04;513.0;10;513.0
2004-10-05;523.0;10;523.0
2004-10-06;600.0;10;600.0
2004-10-07;741.0;10;741.0
2004-10-08;677.0;10;677.0
2004-10-09;725.0;10;725.0
2004-10-10;918.0;10;918.0
2004-10-11;716.0;10;716.0
2004-10-12;969.0;10;969.0
2004-10-13;843.0;10;843.0
2004-10-14;668.0;10;668.0
2004-10-15;666.0;10;666.0
2004-10-16;627.0;10;627.0
2004-10-17;588.0;10;588.0
2004-10-18;778.0;10;778.0
2004-10-19;611.0;10;611.0
2004-10-20;966.0;10;966.0
2004-10-21;1352.0;10;1352.0
2004-10-22;1166.0;10;1166.0
2004-10-23;1437.0;10;1437.0
2004-10-24;2029.0;10;2029.0
2004-10-25;1962.0;10;1962.0
2004-10-26;1656.0;10;1656.0
2004-10-27;1327.0;10;1327.0
2004-10-28;1348.0;10;1348.0
2004-10-29;1083.0;10;1083.0
2004-10-30;1313.0;10;1313.0
2004-10-31;1651.0;10;1651.0
2004-11-01;1324.0;11;1324.0
2004-11-02;966.0;11;966.0
2004-11-03;819.0;11;819.0
2004-11-04;846.0;11;846.0
2004-11-05;1298.0;11;1298.0
2004-11-06;959.0;11;959.0
2004-11-07;1480.0;11;1480.0
2004-11-08;1906.0;11;1906.0
2004-11-09;1431.0;11;1431.0
2004-11-10;1297.0;11;1297.0
2004-11-11;1394.0;11;1394.0
2004-11-12;1118.0;11;1118.0
2004-11-13;1180.0;11;1180.0
2004-11-14;1435.0;11;1435.0
2004-11-15;2160.0;11;2160.0
2004-11-16;1548.0;11;1548.0
2004-11-17;1329.0;11;1329.0
2004-11-18;2258.0;11;2258.0
2004-11-19;2775.0;11;2775.0
2004-11-20;3038.0;11;3038.0
2004-11-21;2777.0;11;2777.0
2004-11-22;1866.0;11;1866.0
2004-11-23;1656.0;11;1656.0
2004-11-24;1089.0;11;1089.0
2004-11-25;1027.0;11;1027.0
2004-11-26;1441.0;11;1441.0
2004-11-27;1185.0;11;1185.0
2004-11-28;1215.0;11;1215.0
2004-11-29;1041.0;11;1041.0
2004-11-30;1264.0;11;1264.0
2004-12-01;910.0;12;910.0
2004-12-02;1115.0;12;1115.0
2004-12-03;2047.0;12;2047.0
2004-12-04;1693.0;12;1693.0
2004-12-05;1331.0;12;1331.0
2004-12-06;1397.0;12;1397.0
2004-12-07;836.0;12;836.0
2004-12-08;731.0;12;731.0
2004-12-09;694.0;12;694.0
2004-12-10;1166.0;12;1166.0
2004-12-11;1078.0;12;1078.0
2004-12-12;769.0;12;769.0
2004-12-13;1145.0;12;1145.0
2004-12-14;1432.0;12;1432.0
2004-12-15;1394.0;12;1394.0
2004-12-16;1149.0;12;1149.0
2004-12-17;1215.0;12;1215.0
2004-12-18;1308.0;12;1308.0
2004-12-19;1252.0;12;1252.0
2004-12-20;1314.0;12;1314.0
2004-12-21;1032.0;12;1032.0
2004-12-22;997.0;12;997.0
2004-12-23;649.0;12;649.0
2004-12-24;1009.0;12;1009.0
2004-12-25;1164.0;12;1164.0
2004-12-26;764.0;12;764.0
2004-12-27;572.0;12;572.0
2004-12-28;583.0;12;583.0
2004-12-29;539.0;12;539.0
2004-12-30;623.0;12;623.0
2004-12-31;568.0;12;568.0
2005-01-01;538.2;1;538.2
2005-01-02;547.8;1;547.8
2005-01-03;531.1;1;531.1
2005-01-04;550.1;1;550.1
2005-01-05;1009.0;1;1009.0
2005-01-06;1143.0;1;1143.0
2005-01-07;996.3;1;996.3
2005-01-08;702.5;1;702.5
2005-01-09;711.5;1;711.5
2005-01-10;630.2;1;630.2
2005-01-11;613.8;1;613.8
2005-01-12;663.0;1;663.0
2005-01-13;722.5;1;722.5
2005-01-14;597.5;1;597.5
2005-01-15;1092.0;1;1092.0
2005-01-16;969.7;1;969.7
2005-01-17;605.3;1;605.3
2005-01-18;643.6;1;643.6
2005-01-19;619.8;1;619.8
2005-01-20;571.6;1;571.6
2005-01-21;553.7;1;553.7
2005-01-22;544.2;1;544.2
2005-01-23;550.1;1;550.1
2005-01-24;777.7;1;777.7
2005-01-25;665.7;1;665.7
2005-01-26;493.0;1;493.0
2005-01-27;444.5;1;444.5
2005-01-28;447.0;1;447.0
2005-01-29;426.3;1;426.3
2005-01-30;616.3;1;616.3
2005-01-31;673.4;1;673.4
2005-02-01;666.5;2;666.5
2005-02-02;553.7;2;553.7
2005-02-03;572.8;2;572.8
2005-02-04;729.6;2;729.6
2005-02-05;550.1;2;550.1
2005-02-06;515.6;2;515.6
2005-02-07;538.2;2;538.2
2005-02-08;868.1;2;868.1
2005-02-09;1172.0;2;1172.0
2005-02-10;1456.0;2;1456.0
2005-02-11;1555.0;2;1555.0
2005-02-12;1821.0;2;1821.0
2005-02-13;2901.0;2;2901.0
2005-02-14;2522.0;2;2522.0
2005-02-15;1867.0;2;1867.0
2005-02-16;1485.0;2;1485.0
2005-02-17;1350.0;2;1350.0
2005-02-18;1157.0;2;1157.0
2005-02-19;768.9;2;768.9
2005-02-20;668.2;2;668.2
2005-02-21;779.8;2;779.8
2005-02-22;602.8;2;602.8
2005-02-23;631.9;2;631.9
2005-02-24;861.2;2;861.2
2005-02-25;811.2;2;811.2
2005-02-26;499.0;2;499.0
2005-02-27;605.9;2;605.9
2005-02-28;684.2;2;684.2
2005-03-01;627.7;3;627.7
2005-03-02;649.2;3;649.2
2005-03-03;713.2;3;713.2
2005-03-04;882.3;3;882.3
2005-03-05;1408.0;3;1408.0
2005-03-06;1187.0;3;1187.0
2005-03-07;1254.0;3;1254.0
2005-03-08;1547.0;3;1547.0
2005-03-09;1067.0;3;1067.0
2005-03-10;1256.0;3;1256.0
2005-03-11;1108.0;3;1108.0
2005-03-12;1120.0;3;1120.0
2005-03-13;1192.0;3;1192.0
2005-03-14;1114.0;3;1114.0
2005-03-15;1145.0;3;1145.0
2005-03-16;1280.0;3;1280.0
2005-03-17;1355.0;3;1355.0
2005-03-18;1373.0;3;1373.0
2005-03-19;1243.0;3;1243.0
2005-03-20;753.1;3;753.1
2005-03-21;633.6;3;633.6
2005-03-22;666.5;3;666.5
2005-03-23;592.5;3;592.5
2005-03-24;545.4;3;545.4
2005-03-25;496.3;3;496.3
2005-03-26;563.2;3;563.2
2005-03-27;533.5;3;533.5
2005-03-28;544.2;3;544.2
2005-03-29;1151.0;3;1151.0
2005-03-30;1062.0;3;1062.0
2005-03-31;1062.0;3;1062.0
2005-04-01;1152.0;4;1152.0
2005-04-02;897.6;4;897.6
2005-04-03;673.4;4;673.4
2005-04-04;785.5;4;785.5
2005-04-05;758.1;4;758.1
2005-04-06;678.6;4;678.6
2005-04-07;721.9;4;721.9
2005-04-08;887.4;4;887.4
2005-04-09;925.5;4;925.5
2005-04-10;1023.0;4;1023.0
2005-04-11;1076.0;4;1076.0
2005-04-12;1014.0;4;1014.0
2005-04-13;938.3;4;938.3
2005-04-14;1129.0;4;1129.0
2005-04-15;1058.0;4;1058.0
2005-04-16;1243.0;4;1243.0
2005-04-17;1329.0;4;1329.0
2005-04-18;846.7;4;846.7
2005-04-19;736.5;4;736.5
2005-04-20;864.6;4;864.6
2005-04-21;851.8;4;851.8
2005-04-22;952.1;4;952.1
2005-04-23;851.8;4;851.8
2005-04-24;1058.0;4;1058.0
2005-04-25;910.3;4;910.3
2005-04-26;1013.0;4;1013.0
2005-04-27;1196.0;4;1196.0
2005-04-28;1208.0;4;1208.0
2005-04-29;1233.0;4;1233.0
2005-04-30;1206.0;4;1206.0
2005-05-01;1090.0;5;1090.0
2005-05-02;1083.0;5;1083.0
2005-05-03;1531.0;5;1531.0
2005-05-04;1607.0;5;1607.0
2005-05-05;2043.0;5;2043.0
2005-05-06;1682.0;5;1682.0
2005-05-07;1541.0;5;1541.0
2005-05-08;1484.0;5;1484.0
2005-05-09;1474.0;5;1474.0
2005-05-10;1136.0;5;1136.0
2005-05-11;981.5;5;981.5
2005-05-12;1063.0;5;1063.0
2005-05-13;1072.0;5;1072.0
2005-05-14;943.3;5;943.3
2005-05-15;1011.0;5;1011.0
2005-05-16;1430.0;5;1430.0
2005-05-17;2281.0;5;2281.0
2005-05-18;1800.0;5;1800.0
2005-05-19;2132.0;5;2132.0
2005-05-20;1968.0;5;1968.0
2005-05-21;1437.0;5;1437.0
2005-05-22;1033.0;5;1033.0
2005-05-23;1584.0;5;1584.0
2005-05-24;1447.0;5;1447.0
2005-05-25;1273.0;5;1273.0
2005-05-26;1113.0;5;1113.0
2005-05-27;1122.0;5;1122.0
2005-05-28;1261.0;5;1261.0
2005-05-29;1496.0;5;1496.0
2005-05-30;1125.0;5;1125.0
2005-05-31;879.8;5;879.8
2005-06-01;1233.0;6;1233.0
2005-06-02;1359.0;6;1359.0
2005-06-03;1397.0;6;1397.0
2005-06-04;1208.0;6;1208.0
2005-06-05;879.6;6;879.6
2005-06-06;1302.0;6;1302.0
2005-06-07;1555.0;6;1555.0
2005-06-08;1385.0;6;1385.0
2005-06-09;1411.0;6;1411.0
2005-06-10;1472.0;6;1472.0
2005-06-11;1322.0;6;1322.0
2005-06-12;1088.0;6;1088.0
2005-06-13;978.9;6;978.9
2005-06-14;705.4;6;705.4
2005-06-15;568.0;6;568.0
2005-06-16;563.2;6;563.2
2005-06-17;610.3;6;610.3
2005-06-18;591.2;6;591.2
2005-06-19;560.3;6;560.3
2005-06-20;662.4;6;662.4
2005-06-21;923.0;6;923.0
2005-06-22;656.2;6;656.2
2005-06-23;743.0;6;743.0
2005-06-24;718.1;6;718.1
2005-06-25;546.6;6;546.6
2005-06-26;762.0;6;762.0
2005-06-27;635.6;6;635.6
2005-06-28;668.5;6;668.5
2005-06-29;644.6;6;644.6
2005-06-30;1276.0;6;1276.0
2005-07-01;972.0;7;972.0
2005-07-02;979.2;7;979.2
2005-07-03;1129.0;7;1129.0
2005-07-04;1120.0;7;1120.0
2005-07-05;1138.0;7;1138.0
2005-07-06;1125.0;7;1125.0
2005-07-07;1271.0;7;1271.0
2005-07-08;1059.0;7;1059.0
2005-07-09;967.9;7;967.9
2005-07-10;707.1;7;707.1
2005-07-11;561.7;7;561.7
2005-07-12;495.5;7;495.5
2005-07-13;477.5;7;477.5
2005-07-14;609.5;7;609.5
2005-07-15;679.4;7;679.4
2005-07-16;734.7;7;734.7
2005-07-17;654.0;7;654.0
2005-07-18;757.6;7;757.6
2005-07-19;694.7;7;694.7
2005-07-20;699.2;7;699.2
2005-07-21;686.9;7;686.9
2005-07-22;602.2;7;602.2
2005-07-23;738.9;7;738.9
2005-07-24;984.2;7;984.2
2005-07-25;811.2;7;811.2
2005-07-26;629.6;7;629.6
2005-07-27;594.0;7;594.0
2005-07-28;666.0;7;666.0
2005-07-29;823.6;7;823.6
2005-07-30;747.3;7;747.3
2005-07-31;948.8;7;948.8
2005-08-01;1007.0;8;1007.0
2005-08-02;915.0;8;915.0
2005-08-03;910.9;8;910.9
2005-08-04;853.4;8;853.4
2005-08-05;1069.0;8;1069.0
2005-08-06;1104.0;8;1104.0
2005-08-07;778.5;8;778.5
2005-08-08;937.3;8;937.3
2005-08-09;1069.0;8;1069.0
2005-08-10;983.4;8;983.4
2005-08-11;737.5;8;737.5
2005-08-12;964.4;8;964.4
2005-08-13;989.1;8;989.1
2005-08-14;908.2;8;908.2
2005-08-15;666.8;8;666.8
2005-08-16;651.0;8;651.0
2005-08-17;645.8;8;645.8
2005-08-18;634.3;8;634.3
2005-08-19;579.6;8;579.6
2005-08-20;750.9;8;750.9
2005-08-21;916.3;8;916.3
2005-08-22;1127.0;8;1127.0
2005-08-23;1116.0;8;1116.0
2005-08-24;1023.0;8;1023.0
2005-08-25;1028.0;8;1028.0
2005-08-26;891.4;8;891.4
2005-08-27;708.1;8;708.1
2005-08-28;551.8;8;551.8
2005-08-29;504.4;8;504.4
2005-08-30;458.9;8;458.9
2005-08-31;597.8;8;597.8
2005-09-01;835.7;9;835.7
2005-09-02;652.4;9;652.4
2005-09-03;446.6;9;446.6
2005-09-04;526.2;9;526.2
2005-09-05;482.5;9;482.5
2005-09-06;442.9;9;442.9
2005-09-07;670.9;9;670.9
2005-09-08;848.2;9;848.2
2005-09-09;905.0;9;905.0
2005-09-10;607.3;9;607.3
2005-09-11;498.4;9;498.4
2005-09-12;560.5;9;560.5
2005-09-13;690.2;9;690.2
2005-09-14;642.1;9;642.1
2005-09-15;588.0;9;588.0
2005-09-16;632.4;9;632.4
2005-09-17;644.9;9;644.9
2005-09-18;629.4;9;629.4
2005-09-19;540.1;9;540.1
2005-09-20;532.6;9;532.6
2005-09-21;582.8;9;582.8
2005-09-22;486.5;9;486.5
2005-09-23;559.0;9;559.0
2005-09-24;736.4;9;736.4
2005-09-25;843.3;9;843.3
2005-09-26;544.4;9;544.4
2005-09-27;811.2;9;811.2
2005-09-28;818.4;9;818.4
2005-09-29;818.0;9;818.0
2005-09-30;700.7;9;700.7
2005-10-01;677.1;10;677.1
2005-10-02;653.6;10;653.6
2005-10-03;578.3;10;578.3
2005-10-04;561.6;10;561.6
2005-10-05;554.7;10;554.7
2005-10-06;693.0;10;693.0
2005-10-07;822.9;10;822.9
2005-10-08;795.4;10;795.4
2005-10-09;670.4;10;670.4
2005-10-10;774.3;10;774.3
2005-10-11;965.7;10;965.7
2005-10-12;1124.0;10;1124.0
2005-10-13;1447.0;10;1447.0
2005-10-14;1122.0;10;1122.0
2005-10-15;1144.0;10;1144.0
2005-10-16;1424.0;10;1424.0
2005-10-17;1100.0;10;1100.0
2005-10-18;1562.0;10;1562.0
2005-10-19;1340.0;10;1340.0
2005-10-20;1053.0;10;1053.0
2005-10-21;848.5;10;848.5
2005-10-22;1097.0;10;1097.0
2005-10-23;1099.0;10;1099.0
2005-10-24;1306.0;10;1306.0
2005-10-25;1733.0;10;1733.0
2005-10-26;2027.0;10;2027.0
2005-10-27;1379.0;10;1379.0
2005-10-28;1203.0;10;1203.0
2005-10-29;1737.0;10;1737.0
2005-10-30;1383.0;10;1383.0
2005-10-31;1429.0;10;1429.0
2005-11-01;1371.0;11;1371.0
2005-11-02;1189.0;11;1189.0
2005-11-03;1155.0;11;1155.0
2005-11-04;1296.0;11;1296.0
2005-11-05;1074.0;11;1074.0
2005-11-06;1012.0;11;1012.0
2005-11-07;1421.0;11;1421.0
2005-11-08;1446.0;11;1446.0
2005-11-09;1434.0;11;1434.0
2005-11-10;1858.0;11;1858.0
2005-11-11;1741.0;11;1741.0
2005-11-12;2072.0;11;2072.0
2005-11-13;2048.0;11;2048.0
2005-11-14;2450.0;11;2450.0
2005-11-15;1796.0;11;1796.0
2005-11-16;2057.0;11;2057.0
2005-11-17;2160.0;11;2160.0
2005-11-18;1711.0;11;1711.0
2005-11-19;1518.0;11;1518.0
2005-11-20;1192.0;11;1192.0
2005-11-21;1076.0;11;1076.0
2005-11-22;1548.0;11;1548.0
2005-11-23;1805.0;11;1805.0
2005-11-24;1331.0;11;1331.0
2005-11-25;1122.0;11;1122.0
2005-11-26;981.5;11;981.5
2005-11-27;958.6;11;958.6
2005-11-28;1045.0;11;1045.0
2005-11-29;802.5;11;802.5
2005-11-30;732.1;11;732.1
2005-12-01;697.7;12;697.7
2005-12-02;671.7;12;671.7
2005-12-03;663.0;12;663.0
2005-12-04;682.1;12;682.1
2005-12-05;1092.0;12;1092.0
2005-12-06;1076.0;12;1076.0
2005-12-07;1500.0;12;1500.0
2005-12-08;994.0;12;994.0
2005-12-09;1245.0;12;1245.0
2005-12-10;1500.0;12;1500.0
2005-12-11;1458.0;12;1458.0
2005-12-12;1465.0;12;1465.0
2005-12-13;1535.0;12;1535.0
2005-12-14;1390.0;12;1390.0
2005-12-15;2155.0;12;2155.0
2005-12-16;1560.0;12;1560.0
2005-12-17;1539.0;12;1539.0
2005-12-18;1743.0;12;1743.0
2005-12-19;1655.0;12;1655.0
2005-12-20;1755.0;12;1755.0
2005-12-21;1612.0;12;1612.0
2005-12-22;1448.0;12;1448.0
2005-12-23;2262.0;12;2262.0
2005-12-24;2280.0;12;2280.0
2005-12-25;1795.0;12;1795.0
2005-12-26;1451.0;12;1451.0
2005-12-27;1099.0;12;1099.0
2005-12-28;1273.0;12;1273.0
2005-12-29;1320.0;12;1320.0
2005-12-30;1233.0;12;1233.0
2005-12-31;1118.0;12;1118.0
2006-01-01;954.1;1;954.1
2006-01-02;852.6;1;852.6
2006-01-03;657.5;1;657.5
2006-01-04;1081.0;1;1081.0
2006-01-05;1112.0;1;1112.0
2006-01-06;997.3;1;997.3
2006-01-07;1319.0;1;1319.0
2006-01-08;1662.0;1;1662.0
2006-01-09;1698.0;1;1698.0
2006-01-10;1705.0;1;1705.0
2006-01-11;1641.0;1;1641.0
2006-01-12;1642.0;1;1642.0
2006-01-13;1484.0;1;1484.0
2006-01-14;1303.0;1;1303.0
2006-01-15;1557.0;1;1557.0
2006-01-16;1363.0;1;1363.0
2006-01-17;1516.0;1;1516.0
2006-01-18;1187.0;1;1187.0
2006-01-19;1125.0;1;1125.0
2006-01-20;1016.0;1;1016.0
2006-01-21;1213.0;1;1213.0
2006-01-22;1262.0;1;1262.0
2006-01-23;905.5;1;905.5
2006-01-24;790.0;1;790.0
2006-01-25;680.1;1;680.1
2006-01-26;613.9;1;613.9
2006-01-27;699.9;1;699.9
2006-01-28;740.7;1;740.7
2006-01-29;701.3;1;701.3
2006-01-30;724.0;1;724.0
2006-01-31;882.7;1;882.7
2006-02-01;1171.0;2;1171.0
2006-02-02;1085.0;2;1085.0
2006-02-03;1095.0;2;1095.0
2006-02-04;1098.0;2;1098.0
2006-02-05;1335.0;2;1335.0
2006-02-06;1292.0;2;1292.0
2006-02-07;1104.0;2;1104.0
2006-02-08;904.0;2;904.0
2006-02-09;726.8;2;726.8
2006-02-10;969.2;2;969.2
2006-02-11;890.1;2;890.1
2006-02-12;644.1;2;644.1
2006-02-13;784.7;2;784.7
2006-02-14;968.0;2;968.0
2006-02-15;737.9;2;737.9
2006-02-16;798.8;2;798.8
2006-02-17;697.4;2;697.4
2006-02-18;571.0;2;571.0
2006-02-19;707.2;2;707.2
2006-02-20;756.9;2;756.9
2006-02-21;806.3;2;806.3
2006-02-22;766.8;2;766.8
2006-02-23;619.7;2;619.7
2006-02-24;567.8;2;567.8
2006-02-25;586.8;2;586.8
2006-02-26;698.2;2;698.2
2006-02-27;613.5;2;613.5
2006-02-28;601.1;2;601.1
2006-03-01;658.0;3;658.0
2006-03-02;588.8;3;588.8
2006-03-03;529.7;3;529.7
2006-03-04;512.0;3;512.0
2006-03-05;514.9;3;514.9
2006-03-06;551.0;3;551.0
2006-03-07;602.0;3;602.0
2006-03-08;872.9;3;872.9
2006-03-09;912.1;3;912.1
2006-03-10;1265.0;3;1265.0
2006-03-11;1379.0;3;1379.0
2006-03-12;1017.0;3;1017.0
2006-03-13;1184.0;3;1184.0
2006-03-14;1294.0;3;1294.0
2006-03-15;1580.0;3;1580.0
2006-03-16;1920.0;3;1920.0
2006-03-17;1485.0;3;1485.0
2006-03-18;1482.0;3;1482.0
2006-03-19;1754.0;3;1754.0
2006-03-20;1728.0;3;1728.0
2006-03-21;1654.0;3;1654.0
2006-03-22;1531.0;3;1531.0
2006-03-23;1338.0;3;1338.0
2006-03-24;1458.0;3;1458.0
2006-03-25;1869.0;3;1869.0
2006-03-26;2209.0;3;2209.0
2006-03-27;1966.0;3;1966.0
2006-03-28;1631.0;3;1631.0
2006-03-29;1624.0;3;1624.0
2006-03-30;1482.0;3;1482.0
2006-03-31;1522.0;3;1522.0
2006-04-01;1289.0;4;1289.0
2006-04-02;1586.0;4;1586.0
2006-04-03;1293.0;4;1293.0
2006-04-04;1087.0;4;1087.0
2006-04-05;1599.0;4;1599.0
2006-04-06;2470.0;4;2470.0
2006-04-07;2078.0;4;2078.0
2006-04-08;1954.0;4;1954.0
2006-04-09;1661.0;4;1661.0
2006-04-10;1331.0;4;1331.0
2006-04-11;1480.0;4;1480.0
2006-04-12;2075.0;4;2075.0
2006-04-13;2458.0;4;2458.0
2006-04-14;3135.0;4;3135.0
2006-04-15;2801.0;4;2801.0
2006-04-16;1825.0;4;1825.0
2006-04-17;1771.0;4;1771.0
2006-04-18;1649.0;4;1649.0
2006-04-19;1712.0;4;1712.0
2006-04-20;2216.0;4;2216.0
2006-04-21;2305.0;4;2305.0
2006-04-22;1512.0;4;1512.0
2006-04-23;1299.0;4;1299.0
2006-04-24;1476.0;4;1476.0
2006-04-25;1533.0;4;1533.0
2006-04-26;1373.0;4;1373.0
2006-04-27;1566.0;4;1566.0
2006-04-28;1899.0;4;1899.0
2006-04-29;1768.0;4;1768.0
2006-04-30;2080.0;4;2080.0
2006-05-01;1926.0;5;1926.0
2006-05-02;1701.0;5;1701.0
2006-05-03;1569.0;5;1569.0
2006-05-04;1543.0;5;1543.0
2006-05-05;1989.0;5;1989.0
2006-05-06;1820.0;5;1820.0
2006-05-07;2235.0;5;2235.0
2006-05-08;2736.0;5;2736.0
2006-05-09;2218.0;5;2218.0
2006-05-10;2377.0;5;2377.0
2006-05-11;2352.0;5;2352.0
2006-05-12;2123.0;5;2123.0
2006-05-13;1780.0;5;1780.0
2006-05-14;1495.0;5;1495.0
2006-05-15;1336.0;5;1336.0
2006-05-16;1284.0;5;1284.0
2006-05-17;1218.0;5;1218.0
2006-05-18;1408.0;5;1408.0
2006-05-19;1455.0;5;1455.0
2006-05-20;1186.0;5;1186.0
2006-05-21;948.4;5;948.4
2006-05-22;921.5;5;921.5
2006-05-23;796.6;5;796.6
2006-05-24;696.1;5;696.1
2006-05-25;948.4;5;948.4
2006-05-26;1089.0;5;1089.0
2006-05-27;1096.0;5;1096.0
2006-05-28;866.0;5;866.0
2006-05-29;800.7;5;800.7
2006-05-30;817.8;5;817.8
2006-05-31;857.0;5;857.0
2006-06-01;933.0;6;933.0
2006-06-02;978.3;6;978.3
2006-06-03;840.3;6;840.3
2006-06-04;930.4;6;930.4
2006-06-05;983.8;6;983.8
2006-06-06;1387.0;6;1387.0
2006-06-07;1719.0;6;1719.0
2006-06-08;1833.0;6;1833.0
2006-06-09;1630.0;6;1630.0
2006-06-10;1481.0;6;1481.0
2006-06-11;1625.0;6;1625.0
2006-06-12;2172.0;6;2172.0
2006-06-13;1780.0;6;1780.0
2006-06-14;1505.0;6;1505.0
2006-06-15;1629.0;6;1629.0
2006-06-16;1628.0;6;1628.0
2006-06-17;1410.0;6;1410.0
2006-06-18;1220.0;6;1220.0
2006-06-19;1232.0;6;1232.0
2006-06-20;1114.0;6;1114.0
2006-06-21;1198.0;6;1198.0
2006-06-22;1157.0;6;1157.0
2006-06-23;1305.0;6;1305.0
2006-06-24;1505.0;6;1505.0
2006-06-25;1529.0;6;1529.0
2006-06-26;1285.0;6;1285.0
2006-06-27;1036.0;6;1036.0
2006-06-28;1136.0;6;1136.0
2006-06-29;1215.0;6;1215.0
2006-06-30;908.5;6;908.5
2006-07-01;909.0;7;909.0
2006-07-02;923.5;7;923.5
2006-07-03;1142.0;7;1142.0
2006-07-04;1348.0;7;1348.0
2006-07-05;1786.0;7;1786.0
2006-07-06;1701.0;7;1701.0
2006-07-07;1433.0;7;1433.0
2006-07-08;1268.0;7;1268.0
2006-07-09;1087.0;7;1087.0
2006-07-10;832.5;7;832.5
2006-07-11;785.7;7;785.7
2006-07-12;858.4;7;858.4
2006-07-13;855.4;7;855.4
2006-07-14;741.8;7;741.8
2006-07-15;818.5;7;818.5
2006-07-16;842.6;7;842.6
2006-07-17;987.9;7;987.9
2006-07-18;886.3;7;886.3
2006-07-19;928.8;7;928.8
2006-07-20;1049.0;7;1049.0
2006-07-21;833.8;7;833.8
2006-07-22;781.9;7;781.9
2006-07-23;691.3;7;691.3
2006-07-24;879.0;7;879.0
2006-07-25;903.1;7;903.1
2006-07-26;816.2;7;816.2
2006-07-27;994.8;7;994.8
2006-07-28;736.1;7;736.1
2006-07-29;1043.0;7;1043.0
2006-07-30;733.9;7;733.9
2006-07-31;699.4;7;699.4
2006-08-01;651.1;8;651.1
2006-08-02;689.1;8;689.1
2006-08-03;913.1;8;913.1
2006-08-04;753.8;8;753.8
2006-08-05;688.0;8;688.0
2006-08-06;644.0;8;644.0
2006-08-07;604.6;8;604.6
2006-08-08;577.4;8;577.4
2006-08-09;630.7;8;630.7
2006-08-10;703.8;8;703.8
2006-08-11;644.0;8;644.0
2006-08-12;552.7;8;552.7
2006-08-13;496.4;8;496.4
2006-08-14;451.3;8;451.3
2006-08-15;520.1;8;520.1
2006-08-16;733.1;8;733.1
2006-08-17;812.6;8;812.6
2006-08-18;855.9;8;855.9
2006-08-19;870.2;8;870.2
2006-08-20;850.2;8;850.2
2006-08-21;873.5;8;873.5
2006-08-22;999.3;8;999.3
2006-08-23;891.1;8;891.1
2006-08-24;989.3;8;989.3
2006-08-25;1096.0;8;1096.0
2006-08-26;999.1;8;999.1
2006-08-27;904.3;8;904.3
2006-08-28;883.8;8;883.8
2006-08-29;982.3;8;982.3
2006-08-30;1024.0;8;1024.0
2006-08-31;1063.0;8;1063.0
2006-09-01;966.1;9;966.1
2006-09-02;882.9;9;882.9
2006-09-03;863.6;9;863.6
2006-09-04;776.7;9;776.7
2006-09-05;819.8;9;819.8
2006-09-06;980.0;9;980.0
2006-09-07;983.1;9;983.1
2006-09-08;970.6;9;970.6
2006-09-09;961.9;9;961.9
2006-09-10;926.5;9;926.5
2006-09-11;924.6;9;924.6
2006-09-12;894.6;9;894.6
2006-09-13;774.5;9;774.5
2006-09-14;902.1;9;902.1
2006-09-15;813.1;9;813.1
2006-09-16;758.4;9;758.4
2006-09-17;743.3;9;743.3
2006-09-18;763.5;9;763.5
2006-09-19;922.5;9;922.5
2006-09-20;828.1;9;828.1
2006-09-21;752.0;9;752.0
2006-09-22;773.9;9;773.9
2006-09-23;831.6;9;831.6
2006-09-24;855.6;9;855.6
2006-09-25;945.2;9;945.2
2006-09-26;970.3;9;970.3
2006-09-27;996.0;9;996.0
2006-09-28;790.2;9;790.2
2006-09-29;679.6;9;679.6
2006-09-30;631.4;9;631.4
2006-10-01;534.5;10;534.5
2006-10-02;531.6;10;531.6
2006-10-03;523.5;10;523.5
2006-10-04;485.2;10;485.2
2006-10-05;524.3;10;524.3
2006-10-06;488.2;10;488.2
2006-10-07;456.4;10;456.4
2006-10-08;370.3;10;370.3
2006-10-09;387.9;10;387.9
2006-10-10;372.3;10;372.3
2006-10-11;771.1;10;771.1
2006-10-12;724.6;10;724.6
2006-10-13;641.0;10;641.0
2006-10-14;954.7;10;954.7
2006-10-15;1137.0;10;1137.0
2006-10-16;1189.0;10;1189.0
2006-10-17;994.0;10;994.0
2006-10-18;889.5;10;889.5
2006-10-19;877.2;10;877.2
2006-10-20;984.5;10;984.5
2006-10-21;1084.0;10;1084.0
2006-10-22;1246.0;10;1246.0
2006-10-23;1303.0;10;1303.0
2006-10-24;1238.0;10;1238.0
2006-10-25;909.7;10;909.7
2006-10-26;778.7;10;778.7
2006-10-27;878.6;10;878.6
2006-10-28;1021.0;10;1021.0
2006-10-29;878.3;10;878.3
2006-10-30;1061.0;10;1061.0
2006-10-31;1264.0;10;1264.0
2006-11-01;1059.0;11;1059.0
2006-11-02;1126.0;11;1126.0
2006-11-03;1236.0;11;1236.0
2006-11-04;1342.0;11;1342.0
2006-11-05;1179.0;11;1179.0
2006-11-06;1157.0;11;1157.0
2006-11-07;1045.0;11;1045.0
2006-11-08;1344.0;11;1344.0
2006-11-09;1822.0;11;1822.0
2006-11-10;1761.0;11;1761.0
2006-11-11;1634.0;11;1634.0
2006-11-12;1682.0;11;1682.0
2006-11-13;1476.0;11;1476.0
2006-11-14;1768.0;11;1768.0
2006-11-15;2598.0;11;2598.0
2006-11-16;2568.0;11;2568.0
2006-11-17;2283.0;11;2283.0
2006-11-18;1909.0;11;1909.0
2006-11-19;1820.0;11;1820.0
2006-11-20;1645.0;11;1645.0
2006-11-21;1461.0;11;1461.0
2006-11-22;1441.0;11;1441.0
2006-11-23;1423.0;11;1423.0
2006-11-24;1217.0;11;1217.0
2006-11-25;1517.0;11;1517.0
2006-11-26;1747.0;11;1747.0
2006-11-27;1539.0;11;1539.0
2006-11-28;1615.0;11;1615.0
2006-11-29;1410.0;11;1410.0
2006-11-30;1357.0;11;1357.0
2006-12-01;1124.0;12;1124.0
2006-12-02;1194.0;12;1194.0
2006-12-03;1281.0;12;1281.0
2006-12-04;1077.0;12;1077.0
2006-12-05;1314.0;12;1314.0
2006-12-06;1631.0;12;1631.0
2006-12-07;1904.0;12;1904.0
2006-12-08;1753.0;12;1753.0
2006-12-09;1712.0;12;1712.0
2006-12-10;1843.0;12;1843.0
2006-12-11;1524.0;12;1524.0
2006-12-12;1868.0;12;1868.0
2006-12-13;1968.0;12;1968.0
2006-12-14;1544.0;12;1544.0
2006-12-15;1464.0;12;1464.0
2006-12-16;1446.0;12;1446.0
2006-12-17;1593.0;12;1593.0
2006-12-18;1710.0;12;1710.0
2006-12-19;1339.0;12;1339.0
2006-12-20;1707.0;12;1707.0
2006-12-21;1719.0;12;1719.0
2006-12-22;1594.0;12;1594.0
2006-12-23;1223.0;12;1223.0
2006-12-24;1098.0;12;1098.0
2006-12-25;1166.0;12;1166.0
2006-12-26;1308.0;12;1308.0
2006-12-27;1238.0;12;1238.0
2006-12-28;1182.0;12;1182.0
2006-12-29;1013.0;12;1013.0
2006-12-30;905.0;12;905.0
2006-12-31;885.3;12;885.3
2007-01-01;828.5;1;828.5
2007-01-02;795.3;1;795.3
2007-01-03;691.6;1;691.6
2007-01-04;674.0;1;674.0
2007-01-05;648.0;1;648.0
2007-01-06;787.9;1;787.9
2007-01-07;794.5;1;794.5
2007-01-08;863.6;1;863.6
2007-01-09;926.1;1;926.1
2007-01-10;928.3;1;928.3
2007-01-11;854.9;1;854.9
2007-01-12;815.1;1;815.1
2007-01-13;772.7;1;772.7
2007-01-14;722.2;1;722.2
2007-01-15;679.4;1;679.4
2007-01-16;727.2;1;727.2
2007-01-17;656.1;1;656.1
2007-01-18;613.2;1;613.2
2007-01-19;719.5;1;719.5
2007-01-20;675.5;1;675.5
2007-01-21;613.6;1;613.6
2007-01-22;548.6;1;548.6
2007-01-23;515.3;1;515.3
2007-01-24;647.2;1;647.2
2007-01-25;615.9;1;615.9
2007-01-26;811.3;1;811.3
2007-01-27;993.3;1;993.3
2007-01-28;940.0;1;940.0
2007-01-29;769.1;1;769.1
2007-01-30;751.3;1;751.3
2007-01-31;695.3;1;695.3
2007-02-01;996.0;2;996.0
2007-02-02;704.8;2;704.8
2007-02-03;531.3;2;531.3
2007-02-04;451.3;2;451.3
2007-02-05;617.4;2;617.4
2007-02-06;576.8;2;576.8
2007-02-07;603.0;2;603.0
2007-02-08;591.9;2;591.9
2007-02-09;627.9;2;627.9
2007-02-10;667.9;2;667.9
2007-02-11;663.8;2;663.8
2007-02-12;673.9;2;673.9
2007-02-13;897.8;2;897.8
2007-02-14;723.9;2;723.9
2007-02-15;681.7;2;681.7
2007-02-16;645.1;2;645.1
2007-02-17;596.7;2;596.7
2007-02-18;553.3;2;553.3
2007-02-19;573.3;2;573.3
2007-02-20;609.5;2;609.5
2007-02-21;555.1;2;555.1
2007-02-22;418.7;2;418.7
2007-02-23;399.7;2;399.7
2007-02-24;460.5;2;460.5
2007-02-25;563.2;2;563.2
2007-02-26;340.7;2;340.7
2007-02-27;428.2;2;428.2
2007-02-28;443.4;2;443.4
2007-03-01;403.5;3;403.5
2007-03-02;270.8;3;270.8
2007-03-03;277.6;3;277.6
2007-03-04;294.6;3;294.6
2007-03-05;294.6;3;294.6
2007-03-06;326.9;3;326.9
2007-03-07;364.0;3;364.0
2007-03-08;410.6;3;410.6
2007-03-09;369.6;3;369.6
2007-03-10;394.6;3;394.6
2007-03-11;565.7;3;565.7
2007-03-12;466.5;3;466.5
2007-03-13;385.0;3;385.0
2007-03-14;454.9;3;454.9
2007-03-15;644.0;3;644.0
2007-03-16;709.0;3;709.0
2007-03-17;770.5;3;770.5
2007-03-18;649.1;3;649.1
2007-03-19;942.2;3;942.2
2007-03-20;701.4;3;701.4
2007-03-21;569.2;3;569.2
2007-03-22;523.7;3;523.7
2007-03-23;621.8;3;621.8
2007-03-24;1050.0;3;1050.0
2007-03-25;1327.0;3;1327.0
2007-03-26;1240.0;3;1240.0
2007-03-27;890.0;3;890.0
2007-03-28;999.2;3;999.2
2007-03-29;1232.0;3;1232.0
2007-03-30;1276.0;3;1276.0
2007-03-31;1211.0;3;1211.0
2007-04-01;965.9;4;965.9
2007-04-02;863.0;4;863.0
2007-04-03;796.3;4;796.3
2007-04-04;1005.0;4;1005.0
2007-04-05;1558.0;4;1558.0
2007-04-06;2022.0;4;2022.0
2007-04-07;2316.0;4;2316.0
2007-04-08;1549.0;4;1549.0
2007-04-09;1400.0;4;1400.0
2007-04-10;1411.0;4;1411.0
2007-04-11;1445.0;4;1445.0
2007-04-12;1152.0;4;1152.0
2007-04-13;1113.0;4;1113.0
2007-04-14;999.1;4;999.1
2007-04-15;898.7;4;898.7
2007-04-16;1366.0;4;1366.0
2007-04-17;1469.0;4;1469.0
2007-04-18;1298.0;4;1298.0
2007-04-19;1586.0;4;1586.0
2007-04-20;1989.0;4;1989.0
2007-04-21;2455.0;4;2455.0
2007-04-22;2585.0;4;2585.0
2007-04-23;1999.0;4;1999.0
2007-04-24;1627.0;4;1627.0
2007-04-25;2117.0;4;2117.0
2007-04-26;2573.0;4;2573.0
2007-04-27;3143.0;4;3143.0
2007-04-28;2758.0;4;2758.0
2007-04-29;2289.0;4;2289.0
2007-04-30;2066.0;4;2066.0
2007-05-01;1685.0;5;1685.0
2007-05-02;1640.0;5;1640.0
2007-05-03;1514.0;5;1514.0
2007-05-04;1334.0;5;1334.0
2007-05-05;1405.0;5;1405.0
2007-05-06;1285.0;5;1285.0
2007-05-07;1358.0;5;1358.0
2007-05-08;1732.0;5;1732.0
2007-05-09;1438.0;5;1438.0
2007-05-10;1658.0;5;1658.0
2007-05-11;1550.0;5;1550.0
2007-05-12;1732.0;5;1732.0
2007-05-13;1663.0;5;1663.0
2007-05-14;1410.0;5;1410.0
2007-05-15;1319.0;5;1319.0
2007-05-16;1292.0;5;1292.0
2007-05-17;1324.0;5;1324.0
2007-05-18;1707.0;5;1707.0
2007-05-19;1571.0;5;1571.0
2007-05-20;1308.0;5;1308.0
2007-05-21;1710.0;5;1710.0
2007-05-22;1733.0;5;1733.0
2007-05-23;1737.0;5;1737.0
2007-05-24;1572.0;5;1572.0
2007-05-25;1839.0;5;1839.0
2007-05-26;1714.0;5;1714.0
2007-05-27;1484.0;5;1484.0
2007-05-28;1542.0;5;1542.0
2007-05-29;1787.0;5;1787.0
2007-05-30;1708.0;5;1708.0
2007-05-31;1928.0;5;1928.0
2007-06-01;1762.0;6;1762.0
2007-06-02;1770.0;6;1770.0
2007-06-03;2098.0;6;2098.0
2007-06-04;2247.0;6;2247.0
2007-06-05;1850.0;6;1850.0
2007-06-06;1711.0;6;1711.0
2007-06-07;1687.0;6;1687.0
2007-06-08;1638.0;6;1638.0
2007-06-09;1624.0;6;1624.0
2007-06-10;1662.0;6;1662.0
2007-06-11;1892.0;6;1892.0
2007-06-12;1819.0;6;1819.0
2007-06-13;1533.0;6;1533.0
2007-06-14;1361.0;6;1361.0
2007-06-15;1477.0;6;1477.0
2007-06-16;1845.0;6;1845.0
2007-06-17;1934.0;6;1934.0
2007-06-18;1725.0;6;1725.0
2007-06-19;1511.0;6;1511.0
2007-06-20;1402.0;6;1402.0
2007-06-21;1339.0;6;1339.0
2007-06-22;1326.0;6;1326.0
2007-06-23;1405.0;6;1405.0
2007-06-24;1552.0;6;1552.0
2007-06-25;1709.0;6;1709.0
2007-06-26;2044.0;6;2044.0
2007-06-27;2227.0;6;2227.0
2007-06-28;2414.0;6;2414.0
2007-06-29;2194.0;6;2194.0
2007-06-30;1958.0;6;1958.0
2007-07-01;1653.0;7;1653.0
2007-07-02;1531.0;7;1531.0
2007-07-03;1426.0;7;1426.0
2007-07-04;1285.0;7;1285.0
2007-07-05;1118.0;7;1118.0
2007-07-06;1039.0;7;1039.0
2007-07-07;907.3;7;907.3
2007-07-08;715.4;7;715.4
2007-07-09;862.6;7;862.6
2007-07-10;1148.0;7;1148.0
2007-07-11;1098.0;7;1098.0
2007-07-12;982.0;7;982.0
2007-07-13;1212.0;7;1212.0
2007-07-14;1182.0;7;1182.0
2007-07-15;1008.0;7;1008.0
2007-07-16;914.4;7;914.4
2007-07-17;947.4;7;947.4
2007-07-18;1203.0;7;1203.0
2007-07-19;1165.0;7;1165.0
2007-07-20;1174.0;7;1174.0
2007-07-21;1178.0;7;1178.0
2007-07-22;1217.0;7;1217.0
2007-07-23;1271.0;7;1271.0
2007-07-24;1366.0;7;1366.0
2007-07-25;976.6;7;976.6
2007-07-26;835.7;7;835.7
2007-07-27;925.7;7;925.7
2007-07-28;974.0;7;974.0
2007-07-29;852.6;7;852.6
2007-07-30;727.5;7;727.5
2007-07-31;689.7;7;689.7
2007-08-01;705.5;8;705.5
2007-08-02;773.8;8;773.8
2007-08-03;769.8;8;769.8
2007-08-04;619.8;8;619.8
2007-08-05;767.9;8;767.9
2007-08-06;913.6;8;913.6
2007-08-07;1094.0;8;1094.0
2007-08-08;922.7;8;922.7
2007-08-09;998.0;8;998.0
2007-08-10;1046.0;8;1046.0
2007-08-11;791.5;8;791.5
2007-08-12;729.8;8;729.8
2007-08-13;891.6;8;891.6
2007-08-14;874.6;8;874.6
2007-08-15;783.2;8;783.2
2007-08-16;835.7;8;835.7
2007-08-17;747.5;8;747.5
2007-08-18;911.5;8;911.5
2007-08-19;698.2;8;698.2
2007-08-20;764.8;8;764.8
2007-08-21;884.5;8;884.5
2007-08-22;1145.0;8;1145.0
2007-08-23;1093.0;8;1093.0
2007-08-24;1010.0;8;1010.0
2007-08-25;994.2;8;994.2
2007-08-26;1141.0;8;1141.0
2007-08-27;1163.0;8;1163.0
2007-08-28;1142.0;8;1142.0
2007-08-29;993.4;8;993.4
2007-08-30;1080.0;8;1080.0
2007-08-31;1002.0;8;1002.0
2007-09-01;789.9;9;789.9
2007-09-02;695.8;9;695.8
2007-09-03;899.9;9;899.9
2007-09-04;1020.0;9;1020.0
2007-09-05;829.2;9;829.2
2007-09-06;688.0;9;688.0
2007-09-07;668.0;9;668.0
2007-09-08;734.0;9;734.0
2007-09-09;780.8;9;780.8
2007-09-10;1028.0;9;1028.0
2007-09-11;837.0;9;837.0
2007-09-12;760.5;9;760.5
2007-09-13;798.8;9;798.8
2007-09-14;775.9;9;775.9
2007-09-15;702.9;9;702.9
2007-09-16;786.3;9;786.3
2007-09-17;858.5;9;858.5
2007-09-18;966.0;9;966.0
2007-09-19;771.6;9;771.6
2007-09-20;819.2;9;819.2
2007-09-21;755.6;9;755.6
2007-09-22;718.1;9;718.1
2007-09-23;705.8;9;705.8
2007-09-24;675.8;9;675.8
2007-09-25;535.3;9;535.3
2007-09-26;624.3;9;624.3
2007-09-27;705.5;9;705.5
2007-09-28;751.0;9;751.0
2007-09-29;702.3;9;702.3
2007-09-30;688.4;9;688.4
2007-10-01;648.1;10;648.1
2007-10-02;543.2;10;543.2
2007-10-03;565.3;10;565.3
2007-10-04;549.3;10;549.3
2007-10-05;550.5;10;550.5
2007-10-06;542.2;10;542.2
2007-10-07;856.4;10;856.4
2007-10-08;796.9;10;796.9
2007-10-09;1115.0;10;1115.0
2007-10-10;1354.0;10;1354.0
2007-10-11;926.7;10;926.7
2007-10-12;948.1;10;948.1
2007-10-13;1038.0;10;1038.0
2007-10-14;1238.0;10;1238.0
2007-10-15;1721.0;10;1721.0
2007-10-16;1467.0;10;1467.0
2007-10-17;1277.0;10;1277.0
2007-10-18;978.5;10;978.5
2007-10-19;1168.0;10;1168.0
2007-10-20;1859.0;10;1859.0
2007-10-21;2098.0;10;2098.0
2007-10-22;2029.0;10;2029.0
2007-10-23;2163.0;10;2163.0
2007-10-24;1585.0;10;1585.0
2007-10-25;1592.0;10;1592.0
2007-10-26;1685.0;10;1685.0
2007-10-27;1724.0;10;1724.0
2007-10-28;1429.0;10;1429.0
2007-10-29;1751.0;10;1751.0
2007-10-30;1953.0;10;1953.0
2007-10-31;1710.0;10;1710.0
2007-11-01;1471.0;11;1471.0
2007-11-02;1700.0;11;1700.0
2007-11-03;1539.0;11;1539.0
2007-11-04;1605.0;11;1605.0
2007-11-05;1633.0;11;1633.0
2007-11-06;1693.0;11;1693.0
2007-11-07;2039.0;11;2039.0
2007-11-08;2294.0;11;2294.0
2007-11-09;2176.0;11;2176.0
2007-11-10;2076.0;11;2076.0
2007-11-11;1545.0;11;1545.0
2007-11-12;1539.0;11;1539.0
2007-11-13;1944.0;11;1944.0
2007-11-14;1900.0;11;1900.0
2007-11-15;1846.0;11;1846.0
2007-11-16;1645.0;11;1645.0
2007-11-17;1621.0;11;1621.0
2007-11-18;1668.0;11;1668.0
2007-11-19;1196.0;11;1196.0
2007-11-20;1142.0;11;1142.0
2007-11-21;1138.0;11;1138.0
2007-11-22;983.1;11;983.1
2007-11-23;856.9;11;856.9
2007-11-24;1073.0;11;1073.0
2007-11-25;1137.0;11;1137.0
2007-11-26;1147.0;11;1147.0
2007-11-27;1024.0;11;1024.0
2007-11-28;928.7;11;928.7
2007-11-29;963.8;11;963.8
2007-11-30;964.4;11;964.4
2007-12-01;888.2;12;888.2
2007-12-02;837.8;12;837.8
2007-12-03;833.7;12;833.7
2007-12-04;833.5;12;833.5
2007-12-05;829.3;12;829.3
2007-12-06;825.0;12;825.0
2007-12-07;816.9;12;816.9
2007-12-08;812.8;12;812.8
2007-12-09;895.8;12;895.8
2007-12-10;906.8;12;906.8
2007-12-11;857.8;12;857.8
2007-12-12;837.6;12;837.6
2007-12-13;834.5;12;834.5
2007-12-14;1040.0;12;1040.0
2007-12-15;1123.0;12;1123.0
2007-12-16;1050.0;12;1050.0
2007-12-17;1254.0;12;1254.0
2007-12-18;2019.0;12;2019.0
2007-12-19;2410.0;12;2410.0
2007-12-20;1887.0;12;1887.0
2007-12-21;1707.0;12;1707.0
2007-12-22;1593.0;12;1593.0
2007-12-23;1538.0;12;1538.0
2007-12-24;1559.0;12;1559.0
2007-12-25;1621.0;12;1621.0
2007-12-26;1715.0;12;1715.0
2007-12-27;1665.0;12;1665.0
2007-12-28;1832.0;12;1832.0
2007-12-29;1515.0;12;1515.0
2007-12-30;1445.0;12;1445.0
2007-12-31;1284.0;12;1284.0
2008-01-01;1805.0;1;1805.0
2008-01-02;1640.0;1;1640.0
2008-01-03;1176.0;1;1176.0
2008-01-04;1228.0;1;1228.0
2008-01-05;1145.0;1;1145.0
2008-01-06;1066.0;1;1066.0
2008-01-07;1040.0;1;1040.0
2008-01-08;1079.0;1;1079.0
2008-01-09;1217.0;1;1217.0
2008-01-10;1795.0;1;1795.0
2008-01-11;1216.0;1;1216.0
2008-01-12;1081.0;1;1081.0
2008-01-13;887.5;1;887.5
2008-01-14;1186.0;1;1186.0
2008-01-15;1281.0;1;1281.0
2008-01-16;1421.0;1;1421.0
2008-01-17;1592.0;1;1592.0
2008-01-18;1105.0;1;1105.0
2008-01-19;916.5;1;916.5
2008-01-20;752.2;1;752.2
2008-01-21;831.9;1;831.9
2008-01-22;810.1;1;810.1
2008-01-23;824.1;1;824.1
2008-01-24;746.0;1;746.0
2008-01-25;751.0;1;751.0
2008-01-26;1359.0;1;1359.0
2008-01-27;997.9;1;997.9
2008-01-28;854.4;1;854.4
2008-01-29;839.9;1;839.9
2008-01-30;1082.0;1;1082.0
2008-01-31;840.7;1;840.7
2008-02-01;665.9;2;665.9
2008-02-02;817.1;2;817.1
2008-02-03;756.8;2;756.8
2008-02-04;677.8;2;677.8
2008-02-05;776.6;2;776.6
2008-02-06;958.7;2;958.7
2008-02-07;818.4;2;818.4
2008-02-08;760.9;2;760.9
2008-02-09;790.9;2;790.9
2008-02-10;780.4;2;780.4
2008-02-11;681.7;2;681.7
2008-02-12;586.7;2;586.7
2008-02-13;700.5;2;700.5
2008-02-14;713.4;2;713.4
2008-02-15;790.7;2;790.7
2008-02-16;784.2;2;784.2
2008-02-17;833.7;2;833.7
2008-02-18;1143.0;2;1143.0
2008-02-19;1463.0;2;1463.0
2008-02-20;1568.0;2;1568.0
2008-02-21;1919.0;2;1919.0
2008-02-22;2320.0;2;2320.0
2008-02-23;2102.0;2;2102.0
2008-02-24;2006.0;2;2006.0
2008-02-25;1837.0;2;1837.0
2008-02-26;1514.0;2;1514.0
2008-02-27;1545.0;2;1545.0
2008-02-28;1491.0;2;1491.0
2008-02-29;1586.0;2;1586.0
2008-03-01;1302.0;3;1302.0
2008-03-02;1234.0;3;1234.0
2008-03-03;1090.0;3;1090.0
2008-03-04;1158.0;3;1158.0
2008-03-05;1308.0;3;1308.0
2008-03-06;1454.0;3;1454.0
2008-03-07;1360.0;3;1360.0
2008-03-08;1294.0;3;1294.0
2008-03-09;1605.0;3;1605.0
2008-03-10;1589.0;3;1589.0
2008-03-11;1545.0;3;1545.0
2008-03-12;1999.0;3;1999.0
2008-03-13;1952.0;3;1952.0
2008-03-14;2306.0;3;2306.0
2008-03-15;2468.0;3;2468.0
2008-03-16;2233.0;3;2233.0
2008-03-17;1950.0;3;1950.0
2008-03-18;1559.0;3;1559.0
2008-03-19;1270.0;3;1270.0
2008-03-20;1172.0;3;1172.0
2008-03-21;1211.0;3;1211.0
2008-03-22;1229.0;3;1229.0
2008-03-23;1142.0;3;1142.0
2008-03-24;1137.0;3;1137.0
2008-03-25;1116.0;3;1116.0
2008-03-26;1014.0;3;1014.0
2008-03-27;903.8;3;903.8
2008-03-28;867.0;3;867.0
2008-03-29;915.6;3;915.6
2008-03-30;1338.0;3;1338.0
2008-03-31;1235.0;3;1235.0
2008-04-01;1776.0;4;1776.0
2008-04-02;2462.0;4;2462.0
2008-04-03;1712.0;4;1712.0
2008-04-04;1418.0;4;1418.0
2008-04-05;1283.0;4;1283.0
2008-04-06;1482.0;4;1482.0
2008-04-07;1587.0;4;1587.0
2008-04-08;2043.0;4;2043.0
2008-04-09;1556.0;4;1556.0
2008-04-10;1751.0;4;1751.0
2008-04-11;1920.0;4;1920.0
2008-04-12;2011.0;4;2011.0
2008-04-13;1645.0;4;1645.0
2008-04-14;1951.0;4;1951.0
2008-04-15;1748.0;4;1748.0
2008-04-16;2153.0;4;2153.0
2008-04-17;1941.0;4;1941.0
2008-04-18;1551.0;4;1551.0
2008-04-19;1465.0;4;1465.0
2008-04-20;1373.0;4;1373.0
2008-04-21;1216.0;4;1216.0
2008-04-22;1404.0;4;1404.0
2008-04-23;1332.0;4;1332.0
2008-04-24;1259.0;4;1259.0
2008-04-25;1366.0;4;1366.0
2008-04-26;1591.0;4;1591.0
2008-04-27;2594.0;4;2594.0
2008-04-28;2382.0;4;2382.0
2008-04-29;1719.0;4;1719.0
2008-04-30;1477.0;4;1477.0
2008-05-01;1582.0;5;1582.0
2008-05-02;2492.0;5;2492.0
2008-05-03;2483.0;5;2483.0
2008-05-04;2199.0;5;2199.0
2008-05-05;1885.0;5;1885.0
2008-05-06;2028.0;5;2028.0
2008-05-07;1641.0;5;1641.0
2008-05-08;1435.0;5;1435.0
2008-05-09;1417.0;5;1417.0
2008-05-10;1469.0;5;1469.0
2008-05-11;1275.0;5;1275.0
2008-05-12;1024.0;5;1024.0
2008-05-13;942.0;5;942.0
2008-05-14;1096.0;5;1096.0
2008-05-15;1170.0;5;1170.0
2008-05-16;1160.0;5;1160.0
2008-05-17;1308.0;5;1308.0
2008-05-18;1370.0;5;1370.0
2008-05-19;1335.0;5;1335.0
2008-05-20;1378.0;5;1378.0
2008-05-21;1771.0;5;1771.0
2008-05-22;2134.0;5;2134.0
2008-05-23;2377.0;5;2377.0
2008-05-24;3205.0;5;3205.0
2008-05-25;3321.0;5;3321.0
2008-05-26;3828.0;5;3828.0
2008-05-27;3182.0;5;3182.0
2008-05-28;3217.0;5;3217.0
2008-05-29;3325.0;5;3325.0
2008-05-30;2811.0;5;2811.0
2008-05-31;2370.0;5;2370.0
2008-06-01;2057.0;6;2057.0
2008-06-02;1859.0;6;1859.0
2008-06-03;1839.0;6;1839.0
2008-06-04;1923.0;6;1923.0
2008-06-05;1912.0;6;1912.0
2008-06-06;1789.0;6;1789.0
2008-06-07;1756.0;6;1756.0
2008-06-08;1737.0;6;1737.0
2008-06-09;1777.0;6;1777.0
2008-06-10;1746.0;6;1746.0
2008-06-11;1824.0;6;1824.0
2008-06-12;1654.0;6;1654.0
2008-06-13;1408.0;6;1408.0
2008-06-14;1385.0;6;1385.0
2008-06-15;1448.0;6;1448.0
2008-06-16;1309.0;6;1309.0
2008-06-17;1369.0;6;1369.0
2008-06-18;1417.0;6;1417.0
2008-06-19;1567.0;6;1567.0
2008-06-20;1709.0;6;1709.0
2008-06-21;1597.0;6;1597.0
2008-06-22;1507.0;6;1507.0
2008-06-23;1642.0;6;1642.0
2008-06-24;1608.0;6;1608.0
2008-06-25;1537.0;6;1537.0
2008-06-26;1472.0;6;1472.0
2008-06-27;1771.0;6;1771.0
2008-06-28;1542.0;6;1542.0
2008-06-29;1547.0;6;1547.0
2008-06-30;1633.0;6;1633.0
2008-07-01;1538.0;7;1538.0
2008-07-02;1488.0;7;1488.0
2008-07-03;1690.0;7;1690.0
2008-07-04;1701.0;7;1701.0
2008-07-05;1639.0;7;1639.0
2008-07-06;1560.0;7;1560.0
2008-07-07;1521.0;7;1521.0
2008-07-08;1379.0;7;1379.0
2008-07-09;1598.0;7;1598.0
2008-07-10;1701.0;7;1701.0
2008-07-11;1730.0;7;1730.0
2008-07-12;1798.0;7;1798.0
2008-07-13;1736.0;7;1736.0
2008-07-14;1941.0;7;1941.0
2008-07-15;2240.0;7;2240.0
2008-07-16;1586.0;7;1586.0
2008-07-17;1579.0;7;1579.0
2008-07-18;1475.0;7;1475.0
2008-07-19;1949.0;7;1949.0
2008-07-20;1801.0;7;1801.0
2008-07-21;1431.0;7;1431.0
2008-07-22;1623.0;7;1623.0
2008-07-23;1530.0;7;1530.0
2008-07-24;1246.0;7;1246.0
2008-07-25;1216.0;7;1216.0
2008-07-26;1253.0;7;1253.0
2008-07-27;1441.0;7;1441.0
2008-07-28;1403.0;7;1403.0
2008-07-29;1431.0;7;1431.0
2008-07-30;1388.0;7;1388.0
2008-07-31;1456.0;7;1456.0
2008-08-01;1292.0;8;1292.0
2008-08-02;1307.0;8;1307.0
2008-08-03;1565.0;8;1565.0
2008-08-04;1317.0;8;1317.0
2008-08-05;1218.0;8;1218.0
2008-08-06;1300.0;8;1300.0
2008-08-07;1372.0;8;1372.0
2008-08-08;1244.0;8;1244.0
2008-08-09;1109.0;8;1109.0
2008-08-10;1027.0;8;1027.0
2008-08-11;973.5;8;973.5
2008-08-12;1056.0;8;1056.0
2008-08-13;1059.0;8;1059.0
2008-08-14;1026.0;8;1026.0
2008-08-15;995.2;8;995.2
2008-08-16;920.8;8;920.8
2008-08-17;987.8;8;987.8
2008-08-18;1221.0;8;1221.0
2008-08-19;944.0;8;944.0
2008-08-20;962.9;8;962.9
2008-08-21;1194.0;8;1194.0
2008-08-22;1413.0;8;1413.0
2008-08-23;1789.0;8;1789.0
2008-08-24;2028.0;8;2028.0
2008-08-25;1702.0;8;1702.0
2008-08-26;1359.0;8;1359.0
2008-08-27;1191.0;8;1191.0
2008-08-28;1109.0;8;1109.0
2008-08-29;1093.0;8;1093.0
2008-08-30;1362.0;8;1362.0
2008-08-31;1196.0;8;1196.0
2008-09-01;1358.0;9;1358.0
2008-09-02;1216.0;9;1216.0
2008-09-03;1041.0;9;1041.0
2008-09-04;1169.0;9;1169.0
2008-09-05;1626.0;9;1626.0
2008-09-06;1606.0;9;1606.0
2008-09-07;1463.0;9;1463.0
2008-09-08;1528.0;9;1528.0
2008-09-09;1186.0;9;1186.0
2008-09-10;1017.0;9;1017.0
2008-09-11;874.9;9;874.9
2008-09-12;857.3;9;857.3
2008-09-13;880.1;9;880.1
2008-09-14;727.0;9;727.0
2008-09-15;803.2;9;803.2
2008-09-16;854.2;9;854.2
2008-09-17;1176.0;9;1176.0
2008-09-18;1120.0;9;1120.0
2008-09-19;1133.0;9;1133.0
2008-09-20;1194.0;9;1194.0
2008-09-21;981.4;9;981.4
2008-09-22;941.4;9;941.4
2008-09-23;963.8;9;963.8
2008-09-24;1045.0;9;1045.0
2008-09-25;1484.0;9;1484.0
2008-09-26;1601.0;9;1601.0
2008-09-27;1136.0;9;1136.0
2008-09-28;869.8;9;869.8
2008-09-29;934.7;9;934.7
2008-09-30;902.5;9;902.5
2008-10-01;1037.0;10;1037.0
2008-10-02;1051.0;10;1051.0
2008-10-03;974.6;10;974.6
2008-10-04;1018.0;10;1018.0
2008-10-05;1002.0;10;1002.0
2008-10-06;1042.0;10;1042.0
2008-10-07;1204.0;10;1204.0
2008-10-08;1524.0;10;1524.0
2008-10-09;1174.0;10;1174.0
2008-10-10;997.5;10;997.5
2008-10-11;988.1;10;988.1
2008-10-12;1231.0;10;1231.0
2008-10-13;2035.0;10;2035.0
2008-10-14;1852.0;10;1852.0
2008-10-15;2069.0;10;2069.0
2008-10-16;1894.0;10;1894.0
2008-10-17;1953.0;10;1953.0
2008-10-18;1585.0;10;1585.0
2008-10-19;1261.0;10;1261.0
2008-10-20;1151.0;10;1151.0
2008-10-21;1076.0;10;1076.0
2008-10-22;1139.0;10;1139.0
2008-10-23;1085.0;10;1085.0
2008-10-24;1056.0;10;1056.0
2008-10-25;1002.0;10;1002.0
2008-10-26;843.8;10;843.8
2008-10-27;1039.0;10;1039.0
2008-10-28;1131.0;10;1131.0
2008-10-29;1843.0;10;1843.0
2008-10-30;1974.0;10;1974.0
2008-10-31;1407.0;10;1407.0
2008-11-01;1490.0;11;1490.0
2008-11-02;2267.0;11;2267.0
2008-11-03;2276.0;11;2276.0
2008-11-04;2671.0;11;2671.0
2008-11-05;2288.0;11;2288.0
2008-11-06;2027.0;11;2027.0
2008-11-07;1815.0;11;1815.0
2008-11-08;2076.0;11;2076.0
2008-11-09;2049.0;11;2049.0
2008-11-10;1692.0;11;1692.0
2008-11-11;1430.0;11;1430.0
2008-11-12;1323.0;11;1323.0
2008-11-13;1725.0;11;1725.0
2008-11-14;1775.0;11;1775.0
2008-11-15;2331.0;11;2331.0
2008-11-16;2896.0;11;2896.0
2008-11-17;2739.0;11;2739.0
2008-11-18;2298.0;11;2298.0
2008-11-19;2190.0;11;2190.0
2008-11-20;2071.0;11;2071.0
2008-11-21;2568.0;11;2568.0
2008-11-22;3156.0;11;3156.0
2008-11-23;3164.0;11;3164.0
2008-11-24;3296.0;11;3296.0
2008-11-25;2653.0;11;2653.0
2008-11-26;3134.0;11;3134.0
2008-11-27;4701.0;11;4701.0
2008-11-28;3749.0;11;3749.0
2008-11-29;-999.000;11;1335.743
2008-11-30;-999.000;11;1478.367
2008-12-01;3080.0;12;3080.0
2008-12-02;3117.0;12;3117.0
2008-12-03;4051.0;12;4051.0
2008-12-04;3928.0;12;3928.0
2008-12-05;3355.0;12;3355.0
2008-12-06;2529.0;12;2529.0
2008-12-07;2395.0;12;2395.0
2008-12-08;2172.0;12;2172.0
2008-12-09;2159.0;12;2159.0
2008-12-10;1777.0;12;1777.0
2008-12-11;1620.0;12;1620.0
2008-12-12;1572.0;12;1572.0
2008-12-13;1658.0;12;1658.0
2008-12-14;1566.0;12;1566.0
2008-12-15;1646.0;12;1646.0
2008-12-16;1831.0;12;1831.0
2008-12-17;1707.0;12;1707.0
2008-12-18;1496.0;12;1496.0
2008-12-19;1447.0;12;1447.0
2008-12-20;1502.0;12;1502.0
2008-12-21;1601.0;12;1601.0
2008-12-22;1590.0;12;1590.0
2008-12-23;1574.0;12;1574.0
2008-12-24;1563.0;12;1563.0
2008-12-25;1461.0;12;1461.0
2008-12-26;1311.0;12;1311.0
2008-12-27;1267.0;12;1267.0
2008-12-28;1284.0;12;1284.0
2008-12-29;1241.0;12;1241.0
2008-12-30;1234.0;12;1234.0
2008-12-31;1194.0;12;1194.0
2009-01-01;1202.0;1;1202.0
2009-01-02;1032.0;1;1032.0
2009-01-03;988.0;1;988.0
2009-01-04;1128.0;1;1128.0
2009-01-05;1154.0;1;1154.0
2009-01-06;1248.0;1;1248.0
2009-01-07;1146.0;1;1146.0
2009-01-08;1250.0;1;1250.0
2009-01-09;1311.0;1;1311.0
2009-01-10;1235.0;1;1235.0
2009-01-11;1136.0;1;1136.0
2009-01-12;1177.0;1;1177.0
2009-01-13;1203.0;1;1203.0
2009-01-14;1266.0;1;1266.0
2009-01-15;1177.0;1;1177.0
2009-01-16;1126.0;1;1126.0
2009-01-17;1414.0;1;1414.0
2009-01-18;1675.0;1;1675.0
2009-01-19;1465.0;1;1465.0
2009-01-20;1795.0;1;1795.0
2009-01-21;2134.0;1;2134.0
2009-01-22;1747.0;1;1747.0
2009-01-23;2017.0;1;2017.0
2009-01-24;2228.0;1;2228.0
2009-01-25;1736.0;1;1736.0
2009-01-26;1757.0;1;1757.0
2009-01-27;1569.0;1;1569.0
2009-01-28;1594.0;1;1594.0
2009-01-29;1471.0;1;1471.0
2009-01-30;1507.0;1;1507.0
2009-01-31;1313.0;1;1313.0
2009-02-01;1771.0;2;1771.0
2009-02-02;1537.0;2;1537.0
2009-02-03;1368.0;2;1368.0
2009-02-04;1367.0;2;1367.0
2009-02-05;1380.0;2;1380.0
2009-02-06;1324.0;2;1324.0
2009-02-07;1254.0;2;1254.0
2009-02-08;1389.0;2;1389.0
2009-02-09;1272.0;2;1272.0
2009-02-10;1270.0;2;1270.0
2009-02-11;1225.0;2;1225.0
2009-02-12;1215.0;2;1215.0
2009-02-13;1327.0;2;1327.0
2009-02-14;1347.0;2;1347.0
2009-02-15;1502.0;2;1502.0
2009-02-16;1315.0;2;1315.0
2009-02-17;1588.0;2;1588.0
2009-02-18;1520.0;2;1520.0
2009-02-19;1460.0;2;1460.0
2009-02-20;1432.0;2;1432.0
2009-02-21;1581.0;2;1581.0
2009-02-22;1200.0;2;1200.0
2009-02-23;1207.0;2;1207.0
2009-02-24;1366.0;2;1366.0
2009-02-25;1295.0;2;1295.0
2009-02-26;1256.0;2;1256.0
2009-02-27;1547.0;2;1547.0
2009-02-28;1726.0;2;1726.0
2009-03-01;1419.0;3;1419.0
2009-03-02;1238.0;3;1238.0
2009-03-03;1578.0;3;1578.0
2009-03-04;1880.0;3;1880.0
2009-03-05;1793.0;3;1793.0
2009-03-06;1396.0;3;1396.0
2009-03-07;1374.0;3;1374.0
2009-03-08;1284.0;3;1284.0
2009-03-09;1217.0;3;1217.0
2009-03-10;1340.0;3;1340.0
2009-03-11;1508.0;3;1508.0
2009-03-12;1470.0;3;1470.0
2009-03-13;1450.0;3;1450.0
2009-03-14;1718.0;3;1718.0
2009-03-15;1738.0;3;1738.0
2009-03-16;1569.0;3;1569.0
2009-03-17;1246.0;3;1246.0
2009-03-18;1645.0;3;1645.0
2009-03-19;2145.0;3;2145.0
2009-03-20;2468.0;3;2468.0
2009-03-21;1712.0;3;1712.0
2009-03-22;1745.0;3;1745.0
2009-03-23;2178.0;3;2178.0
2009-03-24;2023.0;3;2023.0
2009-03-25;2340.0;3;2340.0
2009-03-26;2795.0;3;2795.0
2009-03-27;2238.0;3;2238.0
2009-03-28;2467.0;3;2467.0
2009-03-29;2157.0;3;2157.0
2009-03-30;2498.0;3;2498.0
2009-03-31;2557.0;3;2557.0
2009-04-01;2638.0;4;2638.0
2009-04-02;3333.0;4;3333.0
2009-04-03;2930.0;4;2930.0
2009-04-04;2226.0;4;2226.0
2009-04-05;2271.0;4;2271.0
2009-04-06;1646.0;4;1646.0
2009-04-07;1490.0;4;1490.0
2009-04-08;1911.0;4;1911.0
2009-04-09;2965.0;4;2965.0
2009-04-10;2382.0;4;2382.0
2009-04-11;2239.0;4;2239.0
2009-04-12;2419.0;4;2419.0
2009-04-13;2811.0;4;2811.0
2009-04-14;1947.0;4;1947.0
2009-04-15;1759.0;4;1759.0
2009-04-16;1789.0;4;1789.0
2009-04-17;1571.0;4;1571.0
2009-04-18;1350.0;4;1350.0
2009-04-19;1235.0;4;1235.0
2009-04-20;1140.0;4;1140.0
2009-04-21;1516.0;4;1516.0
2009-04-22;1674.0;4;1674.0
2009-04-23;1400.0;4;1400.0
2009-04-24;1315.0;4;1315.0
2009-04-25;1175.0;4;1175.0
2009-04-26;1155.0;4;1155.0
2009-04-27;1131.0;4;1131.0
2009-04-28;1202.0;4;1202.0
2009-04-29;1103.0;4;1103.0
2009-04-30;1144.0;4;1144.0
2009-05-01;1386.0;5;1386.0
2009-05-02;1182.0;5;1182.0
2009-05-03;1436.0;5;1436.0
2009-05-04;1475.0;5;1475.0
2009-05-05;1982.0;5;1982.0
2009-05-06;1673.0;5;1673.0
2009-05-07;2047.0;5;2047.0
2009-05-08;1948.0;5;1948.0
2009-05-09;1466.0;5;1466.0
2009-05-10;1218.0;5;1218.0
2009-05-11;1111.0;5;1111.0
2009-05-12;1196.0;5;1196.0
2009-05-13;1256.0;5;1256.0
2009-05-14;1342.0;5;1342.0
2009-05-15;1235.0;5;1235.0
2009-05-16;1113.0;5;1113.0
2009-05-17;1291.0;5;1291.0
2009-05-18;1200.0;5;1200.0
2009-05-19;1172.0;5;1172.0
2009-05-20;1262.0;5;1262.0
2009-05-21;1263.0;5;1263.0
2009-05-22;1160.0;5;1160.0
2009-05-23;928.2;5;928.2
2009-05-24;833.7;5;833.7
2009-05-25;721.8;5;721.8
2009-05-26;741.2;5;741.2
2009-05-27;681.7;5;681.7
2009-05-28;901.4;5;901.4
2009-05-29;841.9;5;841.9
2009-05-30;835.7;5;835.7
2009-05-31;725.3;5;725.3
2009-06-01;725.3;6;725.3
2009-06-02;711.6;6;711.6
2009-06-03;723.3;6;723.3
2009-06-04;859.9;6;859.9
2009-06-05;766.8;6;766.8
2009-06-06;933.0;6;933.0
2009-06-07;1209.0;6;1209.0
2009-06-08;1232.0;6;1232.0
2009-06-09;1728.0;6;1728.0
2009-06-10;1545.0;6;1545.0
2009-06-11;1317.0;6;1317.0
2009-06-12;1454.0;6;1454.0
2009-06-13;1392.0;6;1392.0
2009-06-14;1334.0;6;1334.0
2009-06-15;1195.0;6;1195.0
2009-06-16;1225.0;6;1225.0
2009-06-17;1262.0;6;1262.0
2009-06-18;1247.0;6;1247.0
2009-06-19;1263.0;6;1263.0
2009-06-20;1263.0;6;1263.0
2009-06-21;948.6;6;948.6
2009-06-22;912.8;6;912.8
2009-06-23;1136.0;6;1136.0
2009-06-24;1122.0;6;1122.0
2009-06-25;1050.0;6;1050.0
2009-06-26;979.9;6;979.9
2009-06-27;1005.0;6;1005.0
2009-06-28;1211.0;6;1211.0
2009-06-29;999.0;6;999.0
2009-06-30;973.9;6;973.9
2009-07-01;1116.0;7;1116.0
2009-07-02;1366.0;7;1366.0
2009-07-03;1187.0;7;1187.0
2009-07-04;1133.0;7;1133.0
2009-07-05;1030.0;7;1030.0
2009-07-06;897.3;7;897.3
2009-07-07;1058.0;7;1058.0
2009-07-08;1156.0;7;1156.0
2009-07-09;1520.0;7;1520.0
2009-07-10;1247.0;7;1247.0
2009-07-11;1255.0;7;1255.0
2009-07-12;1344.0;7;1344.0
2009-07-13;1291.0;7;1291.0
2009-07-14;1162.0;7;1162.0
2009-07-15;1020.0;7;1020.0
2009-07-16;935.5;7;935.5
2009-07-17;1007.0;7;1007.0
2009-07-18;903.4;7;903.4
2009-07-19;1002.0;7;1002.0
2009-07-20;925.2;7;925.2
2009-07-21;1121.0;7;1121.0
2009-07-22;1139.0;7;1139.0
2009-07-23;1372.0;7;1372.0
2009-07-24;1320.0;7;1320.0
2009-07-25;1176.0;7;1176.0
2009-07-26;1263.0;7;1263.0
2009-07-27;996.4;7;996.4
2009-07-28;793.5;7;793.5
2009-07-29;949.5;7;949.5
2009-07-30;1124.0;7;1124.0
2009-07-31;1061.0;7;1061.0
2009-08-01;1145.0;8;1145.0
2009-08-02;947.7;8;947.7
2009-08-03;766.7;8;766.7
2009-08-04;946.8;8;946.8
2009-08-05;917.5;8;917.5
2009-08-06;1038.0;8;1038.0
2009-08-07;1045.0;8;1045.0
2009-08-08;1025.0;8;1025.0
2009-08-09;1110.0;8;1110.0
2009-08-10;1264.0;8;1264.0
2009-08-11;1246.0;8;1246.0
2009-08-12;1331.0;8;1331.0
2009-08-13;1292.0;8;1292.0
2009-08-14;1092.0;8;1092.0
2009-08-15;1085.0;8;1085.0
2009-08-16;933.3;8;933.3
2009-08-17;795.9;8;795.9
2009-08-18;1094.0;8;1094.0
2009-08-19;1005.0;8;1005.0
2009-08-20;969.5;8;969.5
2009-08-21;794.0;8;794.0
2009-08-22;976.6;8;976.6
2009-08-23;818.3;8;818.3
2009-08-24;782.4;8;782.4
2009-08-25;835.5;8;835.5
2009-08-26;876.8;8;876.8
2009-08-27;975.6;8;975.6
2009-08-28;916.7;8;916.7
2009-08-29;834.3;8;834.3
2009-08-30;933.4;8;933.4
2009-08-31;991.3;8;991.3
2009-09-01;1017.0;9;1017.0
2009-09-02;977.2;9;977.2
2009-09-03;888.2;9;888.2
2009-09-04;793.8;9;793.8
2009-09-05;702.4;9;702.4
2009-09-06;833.8;9;833.8
2009-09-07;677.1;9;677.1
2009-09-08;748.0;9;748.0
2009-09-09;1069.0;9;1069.0
2009-09-10;987.7;9;987.7
2009-09-11;867.8;9;867.8
2009-09-12;581.4;9;581.4
2009-09-13;488.8;9;488.8
2009-09-14;478.7;9;478.7
2009-09-15;520.4;9;520.4
2009-09-16;797.8;9;797.8
2009-09-17;797.6;9;797.6
2009-09-18;922.5;9;922.5
2009-09-19;760.3;9;760.3
2009-09-20;645.1;9;645.1
2009-09-21;520.0;9;520.0
2009-09-22;513.5;9;513.5
2009-09-23;806.5;9;806.5
2009-09-24;722.9;9;722.9
2009-09-25;482.8;9;482.8
2009-09-26;632.2;9;632.2
2009-09-27;675.4;9;675.4
2009-09-28;776.5;9;776.5
2009-09-29;775.9;9;775.9
2009-09-30;764.2;9;764.2
2009-10-01;694.3;10;694.3
2009-10-02;736.6;10;736.6
2009-10-03;670.4;10;670.4
2009-10-04;575.6;10;575.6
2009-10-05;574.1;10;574.1
2009-10-06;504.8;10;504.8
2009-10-07;580.5;10;580.5
2009-10-08;578.8;10;578.8
2009-10-09;565.9;10;565.9
2009-10-10;607.2;10;607.2
2009-10-11;422.1;10;422.1
2009-10-12;634.2;10;634.2
2009-10-13;547.0;10;547.0
2009-10-14;746.5;10;746.5
2009-10-15;1025.0;10;1025.0
2009-10-16;1097.0;10;1097.0
2009-10-17;878.4;10;878.4
2009-10-18;822.1;10;822.1
2009-10-19;637.6;10;637.6
2009-10-20;881.4;10;881.4
2009-10-21;833.7;10;833.7
2009-10-22;766.3;10;766.3
2009-10-23;1043.0;10;1043.0
2009-10-24;1158.0;10;1158.0
2009-10-25;1408.0;10;1408.0
2009-10-26;1501.0;10;1501.0
2009-10-27;953.8;10;953.8
2009-10-28;887.1;10;887.1
2009-10-29;1030.0;10;1030.0
2009-10-30;852.9;10;852.9
2009-10-31;674.5;10;674.5
2009-11-01;542.2;11;542.2
2009-11-02;767.5;11;767.5
2009-11-03;865.3;11;865.3
2009-11-04;882.2;11;882.2
2009-11-05;783.9;11;783.9
2009-11-06;867.4;11;867.4
2009-11-07;990.0;11;990.0
2009-11-08;931.3;11;931.3
2009-11-09;841.6;11;841.6
2009-11-10;888.6;11;888.6
2009-11-11;757.3;11;757.3
2009-11-12;963.7;11;963.7
2009-11-13;895.0;11;895.0
2009-11-14;675.6;11;675.6
2009-11-15;612.6;11;612.6
2009-11-16;624.7;11;624.7
2009-11-17;786.7;11;786.7
2009-11-18;1048.0;11;1048.0
2009-11-19;1134.0;11;1134.0
2009-11-20;1085.0;11;1085.0
2009-11-21;921.6;11;921.6
2009-11-22;851.3;11;851.3
2009-11-23;612.8;11;612.8
2009-11-24;576.3;11;576.3
2009-11-25;659.1;11;659.1
2009-11-26;645.8;11;645.8
2009-11-27;853.7;11;853.7
2009-11-28;829.7;11;829.7
2009-11-29;812.0;11;812.0
2009-11-30;839.8;11;839.8
2009-12-01;691.3;12;691.3
2009-12-02;746.5;12;746.5
2009-12-03;745.0;12;745.0
2009-12-04;967.9;12;967.9
2009-12-05;801.2;12;801.2
2009-12-06;543.2;12;543.2
2009-12-07;466.2;12;466.2
2009-12-08;438.0;12;438.0
2009-12-09;659.6;12;659.6
2009-12-10;493.9;12;493.9
2009-12-11;513.2;12;513.2
2009-12-12;629.9;12;629.9
2009-12-13;771.3;12;771.3
2009-12-14;538.7;12;538.7
2009-12-15;478.7;12;478.7
2009-12-16;358.5;12;358.5
2009-12-17;669.4;12;669.4
2009-12-18;684.3;12;684.3
2009-12-19;583.7;12;583.7
2009-12-20;800.9;12;800.9
2009-12-21;685.7;12;685.7
2009-12-22;698.1;12;698.1
2009-12-23;653.2;12;653.2
2009-12-24;579.2;12;579.2
2009-12-25;733.9;12;733.9
2009-12-26;991.7;12;991.7
2009-12-27;933.1;12;933.1
2009-12-28;917.3;12;917.3
2009-12-29;753.1;12;753.1
2009-12-30;606.3;12;606.3
2009-12-31;498.3;12;498.3
2010-01-01;439.6;1;439.6
2010-01-02;439.6;1;439.6
2010-01-03;633.2;1;633.2
2010-01-04;669.3;1;669.3
2010-01-05;364.4;1;364.4
2010-01-06;331.4;1;331.4
2010-01-07;287.8;1;287.8
2010-01-08;315.5;1;315.5
2010-01-09;314.4;1;314.4
2010-01-10;340.4;1;340.4
2010-01-11;354.5;1;354.5
2010-01-12;291.2;1;291.2
2010-01-13;-999.000;1;469.0
2010-01-14;287.8;1;287.8
2010-01-15;255.5;1;255.5
2010-01-16;-999.000;1;596.0
2010-01-17;334.8;1;334.8
2010-01-18;324.9;1;324.9
2010-01-19;-999.000;1;492.0
2010-01-20;-999.000;1;875.01
2010-01-21;257.2;1;257.2
2010-01-22;-999.000;1;523.0
2010-01-23;-999.000;1;1483.0
2010-01-24;328.8;1;328.8
2010-01-25;326.9;1;326.9
2010-01-26;368.3;1;368.3
2010-01-27;360.4;1;360.4
2010-01-28;633.8;1;633.8
2010-01-29;545.2;1;545.2
2010-01-30;326.8;1;326.8
2010-01-31;289.5;1;289.5
2010-02-01;-999.000;2;290.419
2010-02-02;-999.000;2;743.6
2010-02-03;-999.000;2;1177.0
2010-02-04;-999.000;2;1218.0
2010-02-05;-999.000;2;1321.0
2010-02-06;-999.000;2;505.0
2010-02-07;447.2;2;447.2
2010-02-08;433.9;2;433.9
2010-02-09;281.0;2;281.0
2010-02-10;742.8;2;742.8
2010-02-11;557.2;2;557.2
2010-02-12;517.8;2;517.8
2010-02-13;360.4;2;360.4
2010-02-14;300.5;2;300.5
2010-02-15;286.4;2;286.4
2010-02-16;196.2;2;196.2
2010-02-17;623.1;2;623.1
2010-02-18;657.3;2;657.3
2010-02-19;315.0;2;315.0
2010-02-20;253.5;2;253.5
2010-02-21;394.6;2;394.6
2010-02-22;670.5;2;670.5
2010-02-23;549.6;2;549.6
2010-02-24;572.0;2;572.0
2010-02-25;485.6;2;485.6
2010-02-26;497.7;2;497.7
2010-02-27;638.8;2;638.8
2010-02-28;647.3;2;647.3
2010-03-01;452.8;3;452.8
2010-03-02;547.3;3;547.3
2010-03-03;463.9;3;463.9
2010-03-04;558.7;3;558.7
2010-03-05;745.8;3;745.8
2010-03-06;591.7;3;591.7
2010-03-07;367.3;3;367.3
2010-03-08;354.5;3;354.5
2010-03-09;521.6;3;521.6
2010-03-10;531.3;3;531.3
2010-03-11;744.3;3;744.3
2010-03-12;1014.0;3;1014.0
2010-03-13;729.8;3;729.8
2010-03-14;859.1;3;859.1
2010-03-15;744.6;3;744.6
2010-03-16;570.8;3;570.8
2010-03-17;804.3;3;804.3
2010-03-18;718.4;3;718.4
2010-03-19;710.9;3;710.9
2010-03-20;602.9;3;602.9
2010-03-21;467.0;3;467.0
2010-03-22;474.9;3;474.9
2010-03-23;465.9;3;465.9
2010-03-24;422.5;3;422.5
2010-03-25;857.0;3;857.0
2010-03-26;809.9;3;809.9
2010-03-27;943.9;3;943.9
2010-03-28;948.2;3;948.2
2010-03-29;726.3;3;726.3
2010-03-30;389.7;3;389.7
2010-03-31;509.5;3;509.5
2010-04-01;585.1;4;585.1
2010-04-02;498.0;4;498.0
2010-04-03;702.1;4;702.1
2010-04-04;860.1;4;860.1
2010-04-05;792.6;4;792.6
2010-04-06;1098.0;4;1098.0
2010-04-07;1364.0;4;1364.0
2010-04-08;1819.0;4;1819.0
2010-04-09;2084.0;4;2084.0
2010-04-10;1711.0;4;1711.0
2010-04-11;2001.0;4;2001.0
2010-04-12;1676.0;4;1676.0
2010-04-13;1677.0;4;1677.0
2010-04-14;3140.0;4;3140.0
2010-04-15;2306.0;4;2306.0
2010-04-16;2122.0;4;2122.0
2010-04-17;2207.0;4;2207.0
2010-04-18;1582.0;4;1582.0
2010-04-19;1960.0;4;1960.0
2010-04-20;3085.0;4;3085.0
2010-04-21;2089.0;4;2089.0
2010-04-22;1752.0;4;1752.0
2010-04-23;1366.0;4;1366.0
2010-04-24;1176.0;4;1176.0
2010-04-25;1208.0;4;1208.0
2010-04-26;1456.0;4;1456.0
2010-04-27;1520.0;4;1520.0
2010-04-28;1565.0;4;1565.0
2010-04-29;1730.0;4;1730.0
2010-04-30;2323.0;4;2323.0
2010-05-01;2320.0;5;2320.0
2010-05-02;1828.0;5;1828.0
2010-05-03;1942.0;5;1942.0
2010-05-04;2710.0;5;2710.0
2010-05-05;2100.0;5;2100.0
2010-05-06;2168.0;5;2168.0
2010-05-07;2666.0;5;2666.0
2010-05-08;1862.0;5;1862.0
2010-05-09;1563.0;5;1563.0
2010-05-10;1397.0;5;1397.0
2010-05-11;1188.0;5;1188.0
2010-05-12;1065.0;5;1065.0
2010-05-13;1279.0;5;1279.0
2010-05-14;1296.0;5;1296.0
2010-05-15;1232.0;5;1232.0
2010-05-16;1249.0;5;1249.0
2010-05-17;977.7;5;977.7
2010-05-18;786.8;5;786.8
2010-05-19;769.8;5;769.8
2010-05-20;956.3;5;956.3
2010-05-21;1524.0;5;1524.0
2010-05-22;1562.0;5;1562.0
2010-05-23;1720.0;5;1720.0
2010-05-24;1371.0;5;1371.0
2010-05-25;2090.0;5;2090.0
2010-05-26;1825.0;5;1825.0
2010-05-27;2730.0;5;2730.0
2010-05-28;2593.0;5;2593.0
2010-05-29;1856.0;5;1856.0
2010-05-30;1675.0;5;1675.0
2010-05-31;1475.0;5;1475.0
2010-06-01;1526.0;6;1526.0
2010-06-02;1522.0;6;1522.0
2010-06-03;1846.0;6;1846.0
2010-06-04;2119.0;6;2119.0
2010-06-05;1739.0;6;1739.0
2010-06-06;1600.0;6;1600.0
2010-06-07;1613.0;6;1613.0
2010-06-08;1624.0;6;1624.0
2010-06-09;1316.0;6;1316.0
2010-06-10;1133.0;6;1133.0
2010-06-11;1126.0;6;1126.0
2010-06-12;1144.0;6;1144.0
2010-06-13;1435.0;6;1435.0
2010-06-14;1391.0;6;1391.0
2010-06-15;1320.0;6;1320.0
2010-06-16;1531.0;6;1531.0
2010-06-17;1769.0;6;1769.0
2010-06-18;1724.0;6;1724.0
2010-06-19;1690.0;6;1690.0
2010-06-20;1545.0;6;1545.0
2010-06-21;2049.0;6;2049.0
2010-06-22;1729.0;6;1729.0
2010-06-23;1615.0;6;1615.0
2010-06-24;1492.0;6;1492.0
2010-06-25;1211.0;6;1211.0
2010-06-26;1054.0;6;1054.0
2010-06-27;1108.0;6;1108.0
2010-06-28;1080.0;6;1080.0
2010-06-29;986.7;6;986.7
2010-06-30;1324.0;6;1324.0
2010-07-01;1483.0;7;1483.0
2010-07-02;1444.0;7;1444.0
2010-07-03;1435.0;7;1435.0
2010-07-04;1329.0;7;1329.0
2010-07-05;1598.0;7;1598.0
2010-07-06;1545.0;7;1545.0
2010-07-07;1951.0;7;1951.0
2010-07-08;2281.0;7;2281.0
2010-07-09;2290.0;7;2290.0
2010-07-10;2373.0;7;2373.0
2010-07-11;1855.0;7;1855.0
2010-07-12;1770.0;7;1770.0
2010-07-13;1910.0;7;1910.0
2010-07-14;1920.0;7;1920.0
2010-07-15;1702.0;7;1702.0
2010-07-16;2203.0;7;2203.0
2010-07-17;3029.0;7;3029.0
2010-07-18;2215.0;7;2215.0
2010-07-19;1966.0;7;1966.0
2010-07-20;1900.0;7;1900.0
2010-07-21;1696.0;7;1696.0
2010-07-22;1655.0;7;1655.0
2010-07-23;1689.0;7;1689.0
2010-07-24;1629.0;7;1629.0
2010-07-25;1386.0;7;1386.0
2010-07-26;1296.0;7;1296.0
2010-07-27;1492.0;7;1492.0
2010-07-28;1539.0;7;1539.0
2010-07-29;1340.0;7;1340.0
2010-07-30;1152.0;7;1152.0
2010-07-31;1108.0;7;1108.0
2010-08-01;1460.0;8;1460.0
2010-08-02;1473.0;8;1473.0
2010-08-03;1341.0;8;1341.0
2010-08-04;1203.0;8;1203.0
2010-08-05;1062.0;8;1062.0
2010-08-06;1040.0;8;1040.0
2010-08-07;1091.0;8;1091.0
2010-08-08;1209.0;8;1209.0
2010-08-09;1142.0;8;1142.0
2010-08-10;1080.0;8;1080.0
2010-08-11;1068.0;8;1068.0
2010-08-12;1013.0;8;1013.0
2010-08-13;856.3;8;856.3
2010-08-14;753.8;8;753.8
2010-08-15;750.9;8;750.9
2010-08-16;749.4;8;749.4
2010-08-17;688.4;8;688.4
2010-08-18;665.3;8;665.3
2010-08-19;684.2;8;684.2
2010-08-20;852.3;8;852.3
2010-08-21;803.0;8;803.0
2010-08-22;647.8;8;647.8
2010-08-23;607.8;8;607.8
2010-08-24;577.9;8;577.9
2010-08-25;672.5;8;672.5
2010-08-26;1004.0;8;1004.0
2010-08-27;849.1;8;849.1
2010-08-28;650.7;8;650.7
2010-08-29;740.5;8;740.5
2010-08-30;704.3;8;704.3
2010-08-31;602.4;8;602.4
2010-09-01;592.2;9;592.2
2010-09-02;1168.0;9;1168.0
2010-09-03;1451.0;9;1451.0
2010-09-04;1066.0;9;1066.0
2010-09-05;956.5;9;956.5
2010-09-06;866.3;9;866.3
2010-09-07;824.3;9;824.3
2010-09-08;1096.0;9;1096.0
2010-09-09;1178.0;9;1178.0
2010-09-10;891.3;9;891.3
2010-09-11;828.3;9;828.3
2010-09-12;1068.0;9;1068.0
2010-09-13;1235.0;9;1235.0
2010-09-14;915.1;9;915.1
2010-09-15;833.2;9;833.2
2010-09-16;768.3;9;768.3
2010-09-17;701.3;9;701.3
2010-09-18;701.9;9;701.9
2010-09-19;630.9;9;630.9
2010-09-20;689.3;9;689.3
2010-09-21;671.9;9;671.9
2010-09-22;855.1;9;855.1
2010-09-23;879.2;9;879.2
2010-09-24;905.0;9;905.0
2010-09-25;865.7;9;865.7
2010-09-26;975.5;9;975.5
2010-09-27;952.7;9;952.7
2010-09-28;959.8;9;959.8
2010-09-29;839.6;9;839.6
2010-09-30;1030.0;9;1030.0
2010-10-01;1034.0;10;1034.0
2010-10-02;972.0;10;972.0
2010-10-03;1025.0;10;1025.0
2010-10-04;1117.0;10;1117.0
2010-10-05;1360.0;10;1360.0
2010-10-06;1200.0;10;1200.0
2010-10-07;1308.0;10;1308.0
2010-10-08;1173.0;10;1173.0
2010-10-09;996.4;10;996.4
2010-10-10;894.7;10;894.7
2010-10-11;777.7;10;777.7
2010-10-12;698.6;10;698.6
2010-10-13;689.3;10;689.3
2010-10-14;643.7;10;643.7
2010-10-15;649.6;10;649.6
2010-10-16;648.2;10;648.2
2010-10-17;647.6;10;647.6
2010-10-18;548.2;10;548.2
2010-10-19;688.2;10;688.2
2010-10-20;887.0;10;887.0
2010-10-21;893.4;10;893.4
2010-10-22;852.5;10;852.5
2010-10-23;910.8;10;910.8
2010-10-24;808.0;10;808.0
2010-10-25;724.9;10;724.9
2010-10-26;807.9;10;807.9
2010-10-27;1067.0;10;1067.0
2010-10-28;1101.0;10;1101.0
2010-10-29;1433.0;10;1433.0
2010-10-30;1271.0;10;1271.0
2010-10-31;1215.0;10;1215.0
2010-11-01;1175.0;11;1175.0
2010-11-02;1349.0;11;1349.0
2010-11-03;1373.0;11;1373.0
2010-11-04;1615.0;11;1615.0
2010-11-05;1435.0;11;1435.0
2010-11-06;1732.0;11;1732.0
2010-11-07;2977.0;11;2977.0
2010-11-08;2201.0;11;2201.0
2010-11-09;1980.0;11;1980.0
2010-11-10;2308.0;11;2308.0
2010-11-11;3248.0;11;3248.0
2010-11-12;3319.0;11;3319.0
2010-11-13;2335.0;11;2335.0
2010-11-14;2581.0;11;2581.0
2010-11-15;2828.0;11;2828.0
2010-11-16;2576.0;11;2576.0
2010-11-17;2943.0;11;2943.0
2010-11-18;3436.0;11;3436.0
2010-11-19;2685.0;11;2685.0
2010-11-20;2606.0;11;2606.0
2010-11-21;2647.0;11;2647.0
2010-11-22;2519.0;11;2519.0
2010-11-23;2805.0;11;2805.0
2010-11-24;2542.0;11;2542.0
2010-11-25;2479.0;11;2479.0
2010-11-26;2271.0;11;2271.0
2010-11-27;1997.0;11;1997.0
2010-11-28;2296.0;11;2296.0
2010-11-29;2632.0;11;2632.0
2010-11-30;2677.0;11;2677.0
2010-12-01;2449.0;12;2449.0
2010-12-02;2533.0;12;2533.0
2010-12-03;2934.0;12;2934.0
2010-12-04;3442.0;12;3442.0
2010-12-05;3256.0;12;3256.0
2010-12-06;2342.0;12;2342.0
2010-12-07;2055.0;12;2055.0
2010-12-08;2144.0;12;2144.0
2010-12-09;2415.0;12;2415.0
2010-12-10;2154.0;12;2154.0
2010-12-11;1980.0;12;1980.0
2010-12-12;1585.0;12;1585.0
2010-12-13;1336.0;12;1336.0
2010-12-14;1337.0;12;1337.0
2010-12-15;1330.0;12;1330.0
2010-12-16;1780.0;12;1780.0
2010-12-17;2035.0;12;2035.0
2010-12-18;1606.0;12;1606.0
2010-12-19;1852.0;12;1852.0
2010-12-20;2073.0;12;2073.0
2010-12-21;1813.0;12;1813.0
2010-12-22;1666.0;12;1666.0
2010-12-23;1518.0;12;1518.0
2010-12-24;1963.0;12;1963.0
2010-12-25;1898.0;12;1898.0
2010-12-26;1508.0;12;1508.0
2010-12-27;1495.0;12;1495.0
2010-12-28;1359.0;12;1359.0
2010-12-29;1497.0;12;1497.0
2010-12-30;1268.0;12;1268.0
2010-12-31;1258.0;12;1258.0
2011-01-01;1267.0;1;1267.0
2011-01-02;1157.0;1;1157.0
2011-01-03;1129.0;1;1129.0
2011-01-04;1251.0;1;1251.0
2011-01-05;1806.0;1;1806.0
2011-01-06;1548.0;1;1548.0
2011-01-07;1508.0;1;1508.0
2011-01-08;1557.0;1;1557.0
2011-01-09;1417.0;1;1417.0
2011-01-10;1639.0;1;1639.0
2011-01-11;1368.0;1;1368.0
2011-01-12;1293.0;1;1293.0
2011-01-13;1483.0;1;1483.0
2011-01-14;1442.0;1;1442.0
2011-01-15;1221.0;1;1221.0
2011-01-16;1321.0;1;1321.0
2011-01-17;1215.0;1;1215.0
2011-01-18;1024.0;1;1024.0
2011-01-19;879.4;1;879.4
2011-01-20;866.9;1;866.9
2011-01-21;828.2;1;828.2
2011-01-22;866.6;1;866.6
2011-01-23;769.5;1;769.5
2011-01-24;737.8;1;737.8
2011-01-25;718.3;1;718.3
2011-01-26;712.9;1;712.9
2011-01-27;690.8;1;690.8
2011-01-28;770.3;1;770.3
2011-01-29;694.8;1;694.8
2011-01-30;753.4;1;753.4
2011-01-31;655.0;1;655.0
2011-02-01;703.5;2;703.5
2011-02-02;718.3;2;718.3
2011-02-03;655.0;2;655.0
2011-02-04;590.9;2;590.9
2011-02-05;626.7;2;626.7
2011-02-06;636.1;2;636.1
2011-02-07;731.0;2;731.0
2011-02-08;710.9;2;710.9
2011-02-09;964.9;2;964.9
2011-02-10;1099.0;2;1099.0
2011-02-11;1097.0;2;1097.0
2011-02-12;1138.0;2;1138.0
2011-02-13;1132.0;2;1132.0
2011-02-14;1417.0;2;1417.0
2011-02-15;1469.0;2;1469.0
2011-02-16;1419.0;2;1419.0
2011-02-17;1390.0;2;1390.0
2011-02-18;1225.0;2;1225.0
2011-02-19;1221.0;2;1221.0
2011-02-20;1273.0;2;1273.0
2011-02-21;1105.0;2;1105.0
2011-02-22;1023.0;2;1023.0
2011-02-23;989.6;2;989.6
2011-02-24;984.2;2;984.2
2011-02-25;1447.0;2;1447.0
2011-02-26;1687.0;2;1687.0
2011-02-27;1353.0;2;1353.0
2011-02-28;1225.0;2;1225.0
2011-03-01;1366.0;3;1366.0
2011-03-02;2086.0;3;2086.0
2011-03-03;2070.0;3;2070.0
2011-03-04;1880.0;3;1880.0
2011-03-05;1991.0;3;1991.0
2011-03-06;2325.0;3;2325.0
2011-03-07;2271.0;3;2271.0
2011-03-08;2308.0;3;2308.0
2011-03-09;2461.0;3;2461.0
2011-03-10;2826.0;3;2826.0
2011-03-11;2373.0;3;2373.0
2011-03-12;1760.0;3;1760.0
2011-03-13;1565.0;3;1565.0
2011-03-14;1260.0;3;1260.0
2011-03-15;1221.0;3;1221.0
2011-03-16;1169.0;3;1169.0
2011-03-17;1128.0;3;1128.0
2011-03-18;1221.0;3;1221.0
2011-03-19;1309.0;3;1309.0
2011-03-20;1334.0;3;1334.0
2011-03-21;1491.0;3;1491.0
2011-03-22;1793.0;3;1793.0
2011-03-23;1976.0;3;1976.0
2011-03-24;2360.0;3;2360.0
2011-03-25;2253.0;3;2253.0
2011-03-26;2700.0;3;2700.0
2011-03-27;2479.0;3;2479.0
2011-03-28;1923.0;3;1923.0
2011-03-29;1773.0;3;1773.0
2011-03-30;1558.0;3;1558.0
2011-03-31;1436.0;3;1436.0
2011-04-01;1497.0;4;1497.0
2011-04-02;1459.0;4;1459.0
2011-04-03;1344.0;4;1344.0
2011-04-04;1423.0;4;1423.0
2011-04-05;1596.0;4;1596.0
2011-04-06;1698.0;4;1698.0
2011-04-07;2125.0;4;2125.0
2011-04-08;1687.0;4;1687.0
2011-04-09;1913.0;4;1913.0
2011-04-10;3122.0;4;3122.0
2011-04-11;3079.0;4;3079.0
2011-04-12;3124.0;4;3124.0
2011-04-13;-999.000;4;747.8
2011-04-14;-999.000;4;681.0
2011-04-15;3407.0;4;3407.0
2011-04-16;3765.0;4;3765.0
2011-04-17;3797.0;4;3797.0
2011-04-18;-999.000;4;667.0
2011-04-19;-999.000;4;1689.0
2011-04-20;-999.000;4;1327.0
2011-04-21;-999.000;4;904.0
2011-04-22;4071.0;4;4071.0
2011-04-23;4276.0;4;4276.0
2011-04-24;4351.0;4;4351.0
2011-04-25;-999.000;4;1038.0
2011-04-26;4054.0;4;4054.0
2011-04-27;3399.0;4;3399.0
2011-04-28;3407.0;4;3407.0
2011-04-29;3006.0;4;3006.0
2011-04-30;2667.0;4;2667.0
2011-05-01;2687.0;5;2687.0
2011-05-02;3452.0;5;3452.0
2011-05-03;2524.0;5;2524.0
2011-05-04;3067.0;5;3067.0
2011-05-05;2982.0;5;2982.0
2011-05-06;2409.0;5;2409.0
2011-05-07;2194.0;5;2194.0
2011-05-08;2207.0;5;2207.0
2011-05-09;2260.0;5;2260.0
2011-05-10;2103.0;5;2103.0
2011-05-11;1936.0;5;1936.0
2011-05-12;1944.0;5;1944.0
2011-05-13;2314.0;5;2314.0
2011-05-14;2427.0;5;2427.0
2011-05-15;2824.0;5;2824.0
2011-05-16;2867.0;5;2867.0
2011-05-17;3037.0;5;3037.0
2011-05-18;3255.0;5;3255.0
2011-05-19;2536.0;5;2536.0
2011-05-20;2398.0;5;2398.0
2011-05-21;2000.0;5;2000.0
2011-05-22;2294.0;5;2294.0
2011-05-23;2029.0;5;2029.0
2011-05-24;1923.0;5;1923.0
2011-05-25;2004.0;5;2004.0
2011-05-26;2261.0;5;2261.0
2011-05-27;2448.0;5;2448.0
2011-05-28;2482.0;5;2482.0
2011-05-29;2087.0;5;2087.0
2011-05-30;2189.0;5;2189.0
2011-05-31;2307.0;5;2307.0
2011-06-01;2310.0;6;2310.0
2011-06-02;2474.0;6;2474.0
2011-06-03;2877.0;6;2877.0
2011-06-04;2916.0;6;2916.0
2011-06-05;2762.0;6;2762.0
2011-06-06;2404.0;6;2404.0
2011-06-07;2155.0;6;2155.0
2011-06-08;2174.0;6;2174.0
2011-06-09;2004.0;6;2004.0
2011-06-10;1687.0;6;1687.0
2011-06-11;1518.0;6;1518.0
2011-06-12;1478.0;6;1478.0
2011-06-13;1478.0;6;1478.0
2011-06-14;1704.0;6;1704.0
2011-06-15;2051.0;6;2051.0
2011-06-16;2032.0;6;2032.0
2011-06-17;2014.0;6;2014.0
2011-06-18;1731.0;6;1731.0
2011-06-19;1840.0;6;1840.0
2011-06-20;1707.0;6;1707.0
2011-06-21;1570.0;6;1570.0
2011-06-22;1471.0;6;1471.0
2011-06-23;1146.0;6;1146.0
2011-06-24;1215.0;6;1215.0
2011-06-25;1222.0;6;1222.0
2011-06-26;1203.0;6;1203.0
2011-06-27;1383.0;6;1383.0
2011-06-28;1652.0;6;1652.0
2011-06-29;1258.0;6;1258.0
2011-06-30;1064.0;6;1064.0
2011-07-01;1531.0;7;1531.0
2011-07-02;1611.0;7;1611.0
2011-07-03;1128.0;7;1128.0
2011-07-04;977.0;7;977.0
2011-07-05;1308.0;7;1308.0
2011-07-06;1144.0;7;1144.0
2011-07-07;1356.0;7;1356.0
2011-07-08;1479.0;7;1479.0
2011-07-09;1534.0;7;1534.0
2011-07-10;1547.0;7;1547.0
2011-07-11;1477.0;7;1477.0
2011-07-12;1532.0;7;1532.0
2011-07-13;1466.0;7;1466.0
2011-07-14;1538.0;7;1538.0
2011-07-15;1402.0;7;1402.0
2011-07-16;1605.0;7;1605.0
2011-07-17;1643.0;7;1643.0
2011-07-18;1468.0;7;1468.0
2011-07-19;1216.0;7;1216.0
2011-07-20;1053.0;7;1053.0
2011-07-21;936.2;7;936.2
2011-07-22;866.8;7;866.8
2011-07-23;984.9;7;984.9
2011-07-24;1255.0;7;1255.0
2011-07-25;1028.0;7;1028.0
2011-07-26;1034.0;7;1034.0
2011-07-27;1472.0;7;1472.0
2011-07-28;1369.0;7;1369.0
2011-07-29;1307.0;7;1307.0
2011-07-30;1301.0;7;1301.0
2011-07-31;1466.0;7;1466.0
2011-08-01;1768.0;8;1768.0
2011-08-02;1400.0;8;1400.0
2011-08-03;1292.0;8;1292.0
2011-08-04;1296.0;8;1296.0
2011-08-05;1253.0;8;1253.0
2011-08-06;1235.0;8;1235.0
2011-08-07;1248.0;8;1248.0
2011-08-08;1126.0;8;1126.0
2011-08-09;1141.0;8;1141.0
2011-08-10;1199.0;8;1199.0
2011-08-11;1119.0;8;1119.0
2011-08-12;886.4;8;886.4
2011-08-13;826.8;8;826.8
2011-08-14;837.5;8;837.5
2011-08-15;733.2;8;733.2
2011-08-16;720.8;8;720.8
2011-08-17;835.6;8;835.6
2011-08-18;796.0;8;796.0
2011-08-19;812.2;8;812.2
2011-08-20;959.5;8;959.5
2011-08-21;910.9;8;910.9
2011-08-22;833.3;8;833.3
2011-08-23;837.4;8;837.4
2011-08-24;869.1;8;869.1
2011-08-25;910.9;8;910.9
2011-08-26;760.7;8;760.7
2011-08-27;708.3;8;708.3
2011-08-28;785.2;8;785.2
2011-08-29;764.4;8;764.4
2011-08-30;816.4;8;816.4
2011-08-31;712.4;8;712.4
2011-09-01;670.9;9;670.9
2011-09-02;702.0;9;702.0
2011-09-03;683.3;9;683.3
2011-09-04;702.0;9;702.0
2011-09-05;605.6;9;605.6
2011-09-06;584.2;9;584.2
2011-09-07;673.8;9;673.8
2011-09-08;698.5;9;698.5
2011-09-09;710.4;9;710.4
2011-09-10;957.4;9;957.4
2011-09-11;858.3;9;858.3
2011-09-12;908.7;9;908.7
2011-09-13;1015.0;9;1015.0
2011-09-14;865.2;9;865.2
2011-09-15;596.6;9;596.6
2011-09-16;649.5;9;649.5
2011-09-17;708.3;9;708.3
2011-09-18;806.0;9;806.0
2011-09-19;896.1;9;896.1
2011-09-20;934.2;9;934.2
2011-09-21;779.0;9;779.0
2011-09-22;623.4;9;623.4
2011-09-23;697.9;9;697.9
2011-09-24;702.0;9;702.0
2011-09-25;928.8;9;928.8
2011-09-26;1156.0;9;1156.0
2011-09-27;1062.0;9;1062.0
2011-09-28;1108.0;9;1108.0
2011-09-29;972.3;9;972.3
2011-09-30;1008.0;9;1008.0
2011-10-01;940.5;10;940.5
2011-10-02;1015.0;10;1015.0
2011-10-03;1134.0;10;1134.0
2011-10-04;1040.0;10;1040.0
2011-10-05;1253.0;10;1253.0
2011-10-06;1208.0;10;1208.0
2011-10-07;1216.0;10;1216.0
2011-10-08;1119.0;10;1119.0
2011-10-09;1038.0;10;1038.0
2011-10-10;1448.0;10;1448.0
2011-10-11;1367.0;10;1367.0
2011-10-12;1311.0;10;1311.0
2011-10-13;1780.0;10;1780.0
2011-10-14;1352.0;10;1352.0
2011-10-15;1485.0;10;1485.0
2011-10-16;1422.0;10;1422.0
2011-10-17;1592.0;10;1592.0
2011-10-18;1854.0;10;1854.0
2011-10-19;1982.0;10;1982.0
2011-10-20;1813.0;10;1813.0
2011-10-21;1786.0;10;1786.0
2011-10-22;1363.0;10;1363.0
2011-10-23;1173.0;10;1173.0
2011-10-24;1236.0;10;1236.0
2011-10-25;1290.0;10;1290.0
2011-10-26;1333.0;10;1333.0
2011-10-27;1251.0;10;1251.0
2011-10-28;1207.0;10;1207.0
2011-10-29;1184.0;10;1184.0
2011-10-30;1151.0;10;1151.0
2011-10-31;1173.0;10;1173.0
2011-11-01;1106.0;11;1106.0
2011-11-02;1075.0;11;1075.0
2011-11-03;1043.0;11;1043.0
2011-11-04;1004.0;11;1004.0
2011-11-05;946.8;11;946.8
2011-11-06;1410.0;11;1410.0
2011-11-07;1330.0;11;1330.0
2011-11-08;1318.0;11;1318.0
2011-11-09;1770.0;11;1770.0
2011-11-10;1534.0;11;1534.0
2011-11-11;1406.0;11;1406.0
2011-11-12;1950.0;11;1950.0
2011-11-13;3131.0;11;3131.0
2011-11-14;2302.0;11;2302.0
2011-11-15;1808.0;11;1808.0
2011-11-16;2018.0;11;2018.0
2011-11-17;2033.0;11;2033.0
2011-11-18;2743.0;11;2743.0
2011-11-19;3014.0;11;3014.0
2011-11-20;2986.0;11;2986.0
2011-11-21;2799.0;11;2799.0
2011-11-22;2461.0;11;2461.0
2011-11-23;2902.0;11;2902.0
2011-11-24;2763.0;11;2763.0
2011-11-25;2738.0;11;2738.0
2011-11-26;2210.0;11;2210.0
2011-11-27;2227.0;11;2227.0
2011-11-28;2774.0;11;2774.0
2011-11-29;2849.0;11;2849.0
2011-11-30;2925.0;11;2925.0
2011-12-01;2809.0;12;2809.0
2011-12-02;3157.0;12;3157.0
2011-12-03;3373.0;12;3373.0
2011-12-04;2852.0;12;2852.0
2011-12-05;2370.0;12;2370.0
2011-12-06;2755.0;12;2755.0
2011-12-07;3460.0;12;3460.0
2011-12-08;3639.0;12;3639.0
2011-12-09;-999.000;12;1394.0
2011-12-10;-999.000;12;646.0
2011-12-11;3500.0;12;3500.0
2011-12-12;2849.0;12;2849.0
2011-12-13;3040.0;12;3040.0
2011-12-14;3021.0;12;3021.0
2011-12-15;3222.0;12;3222.0
2011-12-16;3381.0;12;3381.0
2011-12-17;3415.0;12;3415.0
2011-12-18;-999.000;12;2250.0
2011-12-19;3571.0;12;3571.0
2011-12-20;3381.0;12;3381.0
2011-12-21;3569.0;12;3569.0
2011-12-22;2726.0;12;2726.0
2011-12-23;2215.0;12;2215.0
2011-12-24;2046.0;12;2046.0
2011-12-25;2002.0;12;2002.0
2011-12-26;1570.0;12;1570.0
2011-12-27;1281.0;12;1281.0
2011-12-28;1177.0;12;1177.0
2011-12-29;1106.0;12;1106.0
2011-12-30;1418.0;12;1418.0
2011-12-31;1177.0;12;1177.0
2012-01-01;1076.0;1;1076.0
2012-01-02;1479.0;1;1479.0
2012-01-03;1157.0;1;1157.0
2012-01-04;1361.0;1;1361.0
2012-01-05;1702.0;1;1702.0
2012-01-06;1175.0;1;1175.0
2012-01-07;1741.0;1;1741.0
2012-01-08;1770.0;1;1770.0
2012-01-09;1655.0;1;1655.0
2012-01-10;1371.0;1;1371.0
2012-01-11;1483.0;1;1483.0
2012-01-12;1191.0;1;1191.0
2012-01-13;980.7;1;980.7
2012-01-14;1102.0;1;1102.0
2012-01-15;1145.0;1;1145.0
2012-01-16;1117.0;1;1117.0
2012-01-17;921.4;1;921.4
2012-01-18;1154.0;1;1154.0
2012-01-19;1371.0;1;1371.0
2012-01-20;1806.0;1;1806.0
2012-01-21;1616.0;1;1616.0
2012-01-22;1605.0;1;1605.0
2012-01-23;1871.0;1;1871.0
2012-01-24;2000.0;1;2000.0
2012-01-25;1893.0;1;1893.0
2012-01-26;1501.0;1;1501.0
2012-01-27;1626.0;1;1626.0
2012-01-28;1729.0;1;1729.0
2012-01-29;1650.0;1;1650.0
2012-01-30;1230.0;1;1230.0
2012-01-31;1154.0;1;1154.0
2012-02-01;1055.0;2;1055.0
2012-02-02;1017.0;2;1017.0
2012-02-03;1130.0;2;1130.0
2012-02-04;1147.0;2;1147.0
2012-02-05;1325.0;2;1325.0
2012-02-06;1528.0;2;1528.0
2012-02-07;1878.0;2;1878.0
2012-02-08;1472.0;2;1472.0
2012-02-09;1702.0;2;1702.0
2012-02-10;1678.0;2;1678.0
2012-02-11;1790.0;2;1790.0
2012-02-12;1376.0;2;1376.0
2012-02-13;1450.0;2;1450.0
2012-02-14;1205.0;2;1205.0
2012-02-15;1128.0;2;1128.0
2012-02-16;1063.0;2;1063.0
2012-02-17;1031.0;2;1031.0
2012-02-18;1029.0;2;1029.0
2012-02-19;1059.0;2;1059.0
2012-02-20;1042.0;2;1042.0
2012-02-21;1083.0;2;1083.0
2012-02-22;869.5;2;869.5
2012-02-23;785.2;2;785.2
2012-02-24;822.6;2;822.6
2012-02-25;799.8;2;799.8
2012-02-26;783.1;2;783.1
2012-02-27;816.6;2;816.6
2012-02-28;841.3;2;841.3
2012-02-29;791.4;2;791.4
2012-03-01;873.0;3;873.0
2012-03-02;957.4;3;957.4
2012-03-03;845.5;3;845.5
2012-03-04;893.9;3;893.9
2012-03-05;953.2;3;953.2
2012-03-06;1077.0;3;1077.0
2012-03-07;1188.0;3;1188.0
2012-03-08;1089.0;3;1089.0
2012-03-09;1070.0;3;1070.0
2012-03-10;1031.0;3;1031.0
2012-03-11;1204.0;3;1204.0
2012-03-12;1263.0;3;1263.0
2012-03-13;1197.0;3;1197.0
2012-03-14;1093.0;3;1093.0
2012-03-15;1044.0;3;1044.0
2012-03-16;1017.0;3;1017.0
2012-03-17;982.8;3;982.8
2012-03-18;1006.0;3;1006.0
2012-03-19;1107.0;3;1107.0
2012-03-20;1242.0;3;1242.0
2012-03-21;1149.0;3;1149.0
2012-03-22;1362.0;3;1362.0
2012-03-23;1804.0;3;1804.0
2012-03-24;1461.0;3;1461.0
2012-03-25;1510.0;3;1510.0
2012-03-26;1970.0;3;1970.0
2012-03-27;2093.0;3;2093.0
2012-03-28;2004.0;3;2004.0
2012-03-29;1805.0;3;1805.0
2012-03-30;1854.0;3;1854.0
2012-03-31;1494.0;3;1494.0
2012-04-01;1583.0;4;1583.0
2012-04-02;1466.0;4;1466.0
2012-04-03;1424.0;4;1424.0
2012-04-04;1318.0;4;1318.0
2012-04-05;1358.0;4;1358.0
2012-04-06;1285.0;4;1285.0
2012-04-07;1384.0;4;1384.0
2012-04-08;1745.0;4;1745.0
2012-04-09;1612.0;4;1612.0
2012-04-10;1598.0;4;1598.0
2012-04-11;1723.0;4;1723.0
2012-04-12;2353.0;4;2353.0
2012-04-13;2567.0;4;2567.0
2012-04-14;2061.0;4;2061.0
2012-04-15;1889.0;4;1889.0
2012-04-16;1816.0;4;1816.0
2012-04-17;1786.0;4;1786.0
2012-04-18;2080.0;4;2080.0
2012-04-19;2609.0;4;2609.0
2012-04-20;2422.0;4;2422.0
2012-04-21;2801.0;4;2801.0
2012-04-22;3466.0;4;3466.0
2012-04-23;2813.0;4;2813.0
2012-04-24;2016.0;4;2016.0
2012-04-25;1673.0;4;1673.0
2012-04-26;1488.0;4;1488.0
2012-04-27;1406.0;4;1406.0
2012-04-28;1646.0;4;1646.0
2012-04-29;1866.0;4;1866.0
2012-04-30;1901.0;4;1901.0
2012-05-01;1793.0;5;1793.0
2012-05-02;2145.0;5;2145.0
2012-05-03;1759.0;5;1759.0
2012-05-04;1622.0;5;1622.0
2012-05-05;1572.0;5;1572.0
2012-05-06;1521.0;5;1521.0
2012-05-07;1547.0;5;1547.0
2012-05-08;1516.0;5;1516.0
2012-05-09;1378.0;5;1378.0
2012-05-10;1212.0;5;1212.0
2012-05-11;1164.0;5;1164.0
2012-05-12;1048.0;5;1048.0
2012-05-13;1468.0;5;1468.0
2012-05-14;1329.0;5;1329.0
2012-05-15;1347.0;5;1347.0
2012-05-16;1212.0;5;1212.0
2012-05-17;1002.0;5;1002.0
2012-05-18;1034.0;5;1034.0
2012-05-19;989.1;5;989.1
2012-05-20;1156.0;5;1156.0
2012-05-21;1356.0;5;1356.0
2012-05-22;1387.0;5;1387.0
2012-05-23;1091.0;5;1091.0
2012-05-24;1099.0;5;1099.0
2012-05-25;942.6;5;942.6
2012-05-26;1006.0;5;1006.0
2012-05-27;1123.0;5;1123.0
2012-05-28;1164.0;5;1164.0
2012-05-29;733.2;5;733.2
2012-05-30;919.3;5;919.3
2012-05-31;760.3;5;760.3
2012-06-01;806.2;6;806.2
2012-06-02;1195.0;6;1195.0
2012-06-03;1330.0;6;1330.0
2012-06-04;1212.0;6;1212.0
2012-06-05;1193.0;6;1193.0
2012-06-06;1212.0;6;1212.0
2012-06-07;1182.0;6;1182.0
2012-06-08;1026.0;6;1026.0
2012-06-09;870.7;6;870.7
2012-06-10;854.2;6;854.2
2012-06-11;1004.0;6;1004.0
2012-06-12;970.1;6;970.1
2012-06-13;1329.0;6;1329.0
2012-06-14;1543.0;6;1543.0
2012-06-15;1523.0;6;1523.0
2012-06-16;1234.0;6;1234.0
2012-06-17;982.8;6;982.8
2012-06-18;1027.0;6;1027.0
2012-06-19;968.0;6;968.0
2012-06-20;915.3;6;915.3
2012-06-21;970.1;6;970.1
2012-06-22;1105.0;6;1105.0
2012-06-23;1075.0;6;1075.0
2012-06-24;934.1;6;934.1
2012-06-25;733.5;6;733.5
2012-06-26;527.2;6;527.2
2012-06-27;815.5;6;815.5
2012-06-28;642.1;6;642.1
2012-06-29;534.3;6;534.3
2012-06-30;659.6;6;659.6
2012-07-01;1092.0;7;1092.0
2012-07-02;1446.0;7;1446.0
2012-07-03;1356.0;7;1356.0
2012-07-04;1325.0;7;1325.0
2012-07-05;1235.0;7;1235.0
2012-07-06;1109.0;7;1109.0
2012-07-07;942.6;7;942.6
2012-07-08;808.1;7;808.1
2012-07-09;677.7;7;677.7
2012-07-10;1121.0;7;1121.0
2012-07-11;870.0;7;870.0
2012-07-12;694.1;7;694.1
2012-07-13;1082.0;7;1082.0
2012-07-14;1279.0;7;1279.0
2012-07-15;1450.0;7;1450.0
2012-07-16;1411.0;7;1411.0
2012-07-17;1204.0;7;1204.0
2012-07-18;814.3;7;814.3
2012-07-19;801.8;7;801.8
2012-07-20;754.0;7;754.0
2012-07-21;712.4;7;712.4
2012-07-22;575.3;7;575.3
2012-07-23;900.5;7;900.5
2012-07-24;1274.0;7;1274.0
2012-07-25;859.1;7;859.1
2012-07-26;697.9;7;697.9
2012-07-27;758.2;7;758.2
2012-07-28;831.0;7;831.0
2012-07-29;1115.0;7;1115.0
2012-07-30;1102.0;7;1102.0
2012-07-31;1329.0;7;1329.0
2012-08-01;1384.0;8;1384.0
2012-08-02;1554.0;8;1554.0
2012-08-03;1441.0;8;1441.0
2012-08-04;1559.0;8;1559.0
2012-08-05;1448.0;8;1448.0
2012-08-06;1184.0;8;1184.0
2012-08-07;821.6;8;821.6
2012-08-08;1094.0;8;1094.0
2012-08-09;946.8;8;946.8
2012-08-10;942.8;8;942.8
2012-08-11;970.1;8;970.1
2012-08-12;758.2;8;758.2
2012-08-13;820.6;8;820.6
2012-08-14;1038.0;8;1038.0
2012-08-15;1053.0;8;1053.0
2012-08-16;1046.0;8;1046.0
2012-08-17;938.4;8;938.4
2012-08-18;982.8;8;982.8
2012-08-19;1012.0;8;1012.0
2012-08-20;1006.0;8;1006.0
2012-08-21;921.4;8;921.4
2012-08-22;896.1;8;896.1
2012-08-23;939.4;8;939.4
2012-08-24;679.2;8;679.2
2012-08-25;626.3;8;626.3
2012-08-26;655.4;8;655.4
2012-08-27;720.8;8;720.8
2012-08-28;934.1;8;934.1
2012-08-29;837.4;8;837.4
2012-08-30;1049.0;8;1049.0
2012-08-31;1459.0;8;1459.0
2012-09-01;1605.0;9;1605.0
2012-09-02;1314.0;9;1314.0
2012-09-03;1117.0;9;1117.0
2012-09-04;1160.0;9;1160.0
2012-09-05;1179.0;9;1179.0
2012-09-06;1023.0;9;1023.0
2012-09-07;913.0;9;913.0
2012-09-08;1021.0;9;1021.0
2012-09-09;1023.0;9;1023.0
2012-09-10;999.7;9;999.7
2012-09-11;743.6;9;743.6
2012-09-12;642.7;9;642.7
2012-09-13;724.9;9;724.9
2012-09-14;783.5;9;783.5
2012-09-15;634.7;9;634.7
2012-09-16;678.0;9;678.0
2012-09-17;681.3;9;681.3
2012-09-18;587.7;9;587.7
2012-09-19;696.9;9;696.9
2012-09-20;698.2;9;698.2
2012-09-21;498.7;9;498.7
2012-09-22;586.0;9;586.0
2012-09-23;583.0;9;583.0
2012-09-24;458.8;9;458.8
2012-09-25;583.9;9;583.9
2012-09-26;618.0;9;618.0
2012-09-27;484.9;9;484.9
2012-09-28;546.9;9;546.9
2012-09-29;879.9;9;879.9
2012-09-30;877.0;9;877.0
2012-10-01;683.4;10;683.4
2012-10-02;481.7;10;481.7
2012-10-03;739.4;10;739.4
2012-10-04;907.2;10;907.2
2012-10-05;745.7;10;745.7
2012-10-06;681.3;10;681.3
2012-10-07;945.9;10;945.9
2012-10-08;909.3;10;909.3
2012-10-09;741.3;10;741.3
2012-10-10;870.6;10;870.6
2012-10-11;1021.0;10;1021.0
2012-10-12;1076.0;10;1076.0
2012-10-13;1092.0;10;1092.0
2012-10-14;1010.0;10;1010.0
2012-10-15;964.5;10;964.5
2012-10-16;829.1;10;829.1
2012-10-17;1204.0;10;1204.0
2012-10-18;934.1;10;934.1
2012-10-19;2346.0;10;2346.0
2012-10-20;1996.0;10;1996.0
2012-10-21;1330.0;10;1330.0
2012-10-22;1286.0;10;1286.0
2012-10-23;1692.0;10;1692.0
2012-10-24;1574.0;10;1574.0
2012-10-25;1324.0;10;1324.0
2012-10-26;1002.0;10;1002.0
2012-10-27;800.1;10;800.1
2012-10-28;867.5;10;867.5
2012-10-29;781.5;10;781.5
2012-10-30;1108.0;10;1108.0
2012-10-31;924.2;10;924.2
2012-11-01;909.8;11;909.8
2012-11-02;850.3;11;850.3
2012-11-03;998.3;11;998.3
2012-11-04;935.5;11;935.5
2012-11-05;672.9;11;672.9
2012-11-06;626.9;11;626.9
2012-11-07;557.5;11;557.5
2012-11-08;822.7;11;822.7
2012-11-09;1344.0;11;1344.0
2012-11-10;1197.0;11;1197.0
2012-11-11;1164.0;11;1164.0
2012-11-12;1162.0;11;1162.0
2012-11-13;1091.0;11;1091.0
2012-11-14;1288.0;11;1288.0
2012-11-15;1702.0;11;1702.0
2012-11-16;1585.0;11;1585.0
2012-11-17;1210.0;11;1210.0
2012-11-18;1669.0;11;1669.0
2012-11-19;2116.0;11;2116.0
2012-11-20;1573.0;11;1573.0
2012-11-21;1164.0;11;1164.0
2012-11-22;1134.0;11;1134.0
2012-11-23;1126.0;11;1126.0
2012-11-24;1182.0;11;1182.0
2012-11-25;1161.0;11;1161.0
2012-11-26;1043.0;11;1043.0
2012-11-27;1422.0;11;1422.0
2012-11-28;1139.0;11;1139.0
2012-11-29;934.1;11;934.1
2012-11-30;963.7;11;963.7
2012-12-01;965.9;12;965.9
2012-12-02;864.6;12;864.6
2012-12-03;875.5;12;875.5
2012-12-04;1043.0;12;1043.0
2012-12-05;1011.0;12;1011.0
2012-12-06;694.0;12;694.0
2012-12-07;521.9;12;521.9
2012-12-08;813.9;12;813.9
2012-12-09;1197.0;12;1197.0
2012-12-10;1098.0;12;1098.0
2012-12-11;870.2;12;870.2
2012-12-12;691.6;12;691.6
2012-12-13;764.4;12;764.4
2012-12-14;980.7;12;980.7
2012-12-15;948.9;12;948.9
2012-12-16;1045.0;12;1045.0
2012-12-17;1270.0;12;1270.0
2012-12-18;1557.0;12;1557.0
2012-12-19;1567.0;12;1567.0
2012-12-20;1141.0;12;1141.0
2012-12-21;963.7;12;963.7
2012-12-22;1004.0;12;1004.0
2012-12-23;1327.0;12;1327.0
2012-12-24;1798.0;12;1798.0
2012-12-25;1145.0;12;1145.0
2012-12-26;1132.0;12;1132.0
2012-12-27;1382.0;12;1382.0
2012-12-28;1206.0;12;1206.0
2012-12-29;974.3;12;974.3
2012-12-30;1206.0;12;1206.0
2012-12-31;1139.0;12;1139.0
2013-01-01;1182.0;1;1182.0
2013-01-02;936.9;1;936.9
2013-01-03;479.9;1;479.9
2013-01-04;467.3;1;467.3
2013-01-05;400.0;1;400.0
2013-01-06;455.2;1;455.2
2013-01-07;434.6;1;434.6
2013-01-08;348.8;1;348.8
2013-01-09;726.2;1;726.2
2013-01-10;773.0;1;773.0
2013-01-11;486.4;1;486.4
2013-01-12;355.7;1;355.7
2013-01-13;301.9;1;301.9
2013-01-14;272.7;1;272.7
2013-01-15;469.1;1;469.1
2013-01-16;496.9;1;496.9
2013-01-17;552.1;1;552.1
2013-01-18;665.3;1;665.3
2013-01-19;785.4;1;785.4
2013-01-20;504.2;1;504.2
2013-01-21;390.2;1;390.2
2013-01-22;403.8;1;403.8
2013-01-23;532.5;1;532.5
2013-01-24;494.3;1;494.3
2013-01-25;443.0;1;443.0
2013-01-26;781.0;1;781.0
2013-01-27;722.6;1;722.6
2013-01-28;566.4;1;566.4
2013-01-29;511.2;1;511.2
2013-01-30;481.6;1;481.6
2013-01-31;607.0;1;607.0
2013-02-01;622.5;2;622.5
2013-02-02;645.3;2;645.3
2013-02-03;593.1;2;593.1
2013-02-04;627.5;2;627.5
2013-02-05;925.9;2;925.9
2013-02-06;1158.0;2;1158.0
2013-02-07;1072.0;2;1072.0
2013-02-08;1025.0;2;1025.0
2013-02-09;1146.0;2;1146.0
2013-02-10;2123.0;2;2123.0
2013-02-11;1837.0;2;1837.0
2013-02-12;1787.0;2;1787.0
2013-02-13;2009.0;2;2009.0
2013-02-14;1931.0;2;1931.0
2013-02-15;1547.0;2;1547.0
2013-02-16;1263.0;2;1263.0
2013-02-17;1147.0;2;1147.0
2013-02-18;1227.0;2;1227.0
2013-02-19;1164.0;2;1164.0
2013-02-20;1134.0;2;1134.0
2013-02-21;1100.0;2;1100.0
2013-02-22;1162.0;2;1162.0
2013-02-23;1151.0;2;1151.0
2013-02-24;989.4;2;989.4
2013-02-25;1027.0;2;1027.0
2013-02-26;1145.0;2;1145.0
2013-02-27;1126.0;2;1126.0
2013-02-28;974.9;2;974.9
2013-03-01;1132.0;3;1132.0
2013-03-02;1043.0;3;1043.0
2013-03-03;1161.0;3;1161.0
2013-03-04;1134.0;3;1134.0
2013-03-05;936.6;3;936.6
2013-03-06;795.2;3;795.2
2013-03-07;806.2;3;806.2
2013-03-08;875.8;3;875.8
2013-03-09;722.8;3;722.8
2013-03-10;680.4;3;680.4
2013-03-11;591.0;3;591.0
2013-03-12;687.5;3;687.5
2013-03-13;816.9;3;816.9
2013-03-14;804.0;3;804.0
2013-03-15;1571.0;3;1571.0
2013-03-16;1521.0;3;1521.0
2013-03-17;1233.0;3;1233.0
2013-03-18;1128.0;3;1128.0
2013-03-19;1286.0;3;1286.0
2013-03-20;1702.0;3;1702.0
2013-03-21;1323.0;3;1323.0
2013-03-22;1369.0;3;1369.0
2013-03-23;1587.0;3;1587.0
2013-03-24;1596.0;3;1596.0
2013-03-25;1340.0;3;1340.0
2013-03-26;1364.0;3;1364.0
2013-03-27;1307.0;3;1307.0
2013-03-28;1227.0;3;1227.0
2013-03-29;921.0;3;921.0
2013-03-30;722.8;3;722.8
2013-03-31;804.1;3;804.1
2013-04-01;900.7;4;900.7
2013-04-02;708.0;4;708.0
2013-04-03;683.3;4;683.3
2013-04-04;657.5;4;657.5
2013-04-05;677.1;4;677.1
2013-04-06;747.8;4;747.8
2013-04-07;883.6;4;883.6
2013-04-08;819.0;4;819.0
2013-04-09;822.6;4;822.6
2013-04-10;688.4;4;688.4
2013-04-11;587.7;4;587.7
2013-04-12;637.3;4;637.3
2013-04-13;638.5;4;638.5
2013-04-14;533.4;4;533.4
2013-04-15;480.1;4;480.1
2013-04-16;830.0;4;830.0
2013-04-17;925.7;4;925.7
2013-04-18;968.0;4;968.0
2013-04-19;1247.0;4;1247.0
2013-04-20;1718.0;4;1718.0
2013-04-21;1657.0;4;1657.0
2013-04-22;1483.0;4;1483.0
2013-04-23;1231.0;4;1231.0
2013-04-24;1490.0;4;1490.0
2013-04-25;1214.0;4;1214.0
2013-04-26;951.1;4;951.1
2013-04-27;1117.0;4;1117.0
2013-04-28;1264.0;4;1264.0
2013-04-29;1246.0;4;1246.0
2013-04-30;1011.0;4;1011.0
2013-05-01;1053.0;5;1053.0
2013-05-02;1123.0;5;1123.0
2013-05-03;1812.0;5;1812.0
2013-05-04;1514.0;5;1514.0
2013-05-05;1557.0;5;1557.0
2013-05-06;1633.0;5;1633.0
2013-05-07;1613.0;5;1613.0
2013-05-08;2200.0;5;2200.0
2013-05-09;1613.0;5;1613.0
2013-05-10;1251.0;5;1251.0
2013-05-11;1320.0;5;1320.0
2013-05-12;1144.0;5;1144.0
2013-05-13;972.2;5;972.2
2013-05-14;944.7;5;944.7
2013-05-15;1270.0;5;1270.0
2013-05-16;1266.0;5;1266.0
2013-05-17;1400.0;5;1400.0
2013-05-18;1680.0;5;1680.0
2013-05-19;1325.0;5;1325.0
2013-05-20;1393.0;5;1393.0
2013-05-21;1461.0;5;1461.0
2013-05-22;1784.0;5;1784.0
2013-05-23;1734.0;5;1734.0
2013-05-24;1779.0;5;1779.0
2013-05-25;1902.0;5;1902.0
2013-05-26;1673.0;5;1673.0
2013-05-27;1779.0;5;1779.0
2013-05-28;1583.0;5;1583.0
2013-05-29;1597.0;5;1597.0
2013-05-30;1444.0;5;1444.0
2013-05-31;1556.0;5;1556.0
2013-06-01;1522.0;6;1522.0
2013-06-02;1483.0;6;1483.0
2013-06-03;1295.0;6;1295.0
2013-06-04;1068.0;6;1068.0
2013-06-05;1060.0;6;1060.0
2013-06-06;1285.0;6;1285.0
2013-06-07;1096.0;6;1096.0
2013-06-08;1108.0;6;1108.0
2013-06-09;1171.0;6;1171.0
2013-06-10;1160.0;6;1160.0
2013-06-11;1066.0;6;1066.0
2013-06-12;1066.0;6;1066.0
2013-06-13;1472.0;6;1472.0
2013-06-14;1384.0;6;1384.0
2013-06-15;1171.0;6;1171.0
2013-06-16;993.4;6;993.4
2013-06-17;980.9;6;980.9
2013-06-18;1158.0;6;1158.0
2013-06-19;1138.0;6;1138.0
2013-06-20;1130.0;6;1130.0
2013-06-21;1083.0;6;1083.0
2013-06-22;837.7;6;837.7
2013-06-23;585.4;6;585.4
2013-06-24;497.5;6;497.5
2013-06-25;548.6;6;548.6
2013-06-26;613.3;6;613.3
2013-06-27;524.3;6;524.3
2013-06-28;548.6;6;548.6
2013-06-29;698.2;6;698.2
2013-06-30;1159.0;6;1159.0
2013-07-01;1424.0;7;1424.0
2013-07-02;1028.0;7;1028.0
2013-07-03;737.4;7;737.4
2013-07-04;724.9;7;724.9
2013-07-05;847.7;7;847.7
2013-07-06;735.3;7;735.3
2013-07-07;854.1;7;854.1
2013-07-08;745.1;7;745.1
2013-07-09;666.4;7;666.4
2013-07-10;978.6;7;978.6
2013-07-11;1100.0;7;1100.0
2013-07-12;1382.0;7;1382.0
2013-07-13;1347.0;7;1347.0
2013-07-14;1327.0;7;1327.0
2013-07-15;1229.0;7;1229.0
2013-07-16;1238.0;7;1238.0
2013-07-17;1820.0;7;1820.0
2013-07-18;1494.0;7;1494.0
2013-07-19;1395.0;7;1395.0
2013-07-20;1474.0;7;1474.0
2013-07-21;1419.0;7;1419.0
2013-07-22;1290.0;7;1290.0
2013-07-23;1360.0;7;1360.0
2013-07-24;1488.0;7;1488.0
2013-07-25;1305.0;7;1305.0
2013-07-26;1244.0;7;1244.0
2013-07-27;1199.0;7;1199.0
2013-07-28;1192.0;7;1192.0
2013-07-29;1238.0;7;1238.0
2013-07-30;1214.0;7;1214.0
2013-07-31;1175.0;7;1175.0
2013-08-01;1192.0;8;1192.0
2013-08-02;1216.0;8;1216.0
2013-08-03;1177.0;8;1177.0
2013-08-04;1136.0;8;1136.0
2013-08-05;1207.0;8;1207.0
2013-08-06;1154.0;8;1154.0
2013-08-07;999.4;8;999.4
2013-08-08;573.5;8;573.5
2013-08-09;587.7;8;587.7
2013-08-10;700.0;8;700.0
2013-08-11;775.8;8;775.8
2013-08-12;816.6;8;816.6
2013-08-13;1183.0;8;1183.0
2013-08-14;991.2;8;991.2
2013-08-15;1274.0;8;1274.0
2013-08-16;1382.0;8;1382.0
2013-08-17;1380.0;8;1380.0
2013-08-18;1282.0;8;1282.0
2013-08-19;1351.0;8;1351.0
2013-08-20;1320.0;8;1320.0
2013-08-21;1353.0;8;1353.0
2013-08-22;1274.0;8;1274.0
2013-08-23;1205.0;8;1205.0
2013-08-24;842.8;8;842.8
2013-08-25;499.4;8;499.4
2013-08-26;613.6;8;613.6
2013-08-27;826.4;8;826.4
2013-08-28;571.7;8;571.7
2013-08-29;917.4;8;917.4
2013-08-30;1386.0;8;1386.0
2013-08-31;942.9;8;942.9
2013-09-01;923.5;9;923.5
2013-09-02;1128.0;9;1128.0
2013-09-03;972.2;9;972.2
2013-09-04;791.4;9;791.4
2013-09-05;875.3;9;875.3
2013-09-06;766.5;9;766.5
2013-09-07;1136.0;9;1136.0
2013-09-08;938.5;9;938.5
2013-09-09;485.6;9;485.6
2013-09-10;530.8;9;530.8
2013-09-11;575.3;9;575.3
2013-09-12;638.8;9;638.8
2013-09-13;735.6;9;735.6
2013-09-14;487.2;9;487.2
2013-09-15;587.8;9;587.8
2013-09-16;889.9;9;889.9
2013-09-17;930.2;9;930.2
2013-09-18;665.7;9;665.7
2013-09-19;624.3;9;624.3
2013-09-20;817.2;9;817.2
2013-09-21;766.5;9;766.5
2013-09-22;896.0;9;896.0
2013-09-23;972.2;9;972.2
2013-09-24;1036.0;9;1036.0
2013-09-25;1034.0;9;1034.0
2013-09-26;833.9;9;833.9
2013-09-27;476.6;9;476.6
2013-09-28;469.0;9;469.0
2013-09-29;637.0;9;637.0
2013-09-30;827.3;9;827.3
2013-10-01;913.3;10;913.3
2013-10-02;830.4;10;830.4
2013-10-03;747.8;10;747.8
2013-10-04;1089.0;10;1089.0
2013-10-05;1007.0;10;1007.0
2013-10-06;714.5;10;714.5
2013-10-07;927.6;10;927.6
2013-10-08;901.5;10;901.5
2013-10-09;625.1;10;625.1
2013-10-10;708.3;10;708.3
2013-10-11;879.8;10;879.8
2013-10-12;734.7;10;734.7
2013-10-13;518.3;10;518.3
2013-10-14;712.4;10;712.4
2013-10-15;693.7;10;693.7
2013-10-16;806.0;10;806.0
2013-10-17;1156.0;10;1156.0
2013-10-18;1110.0;10;1110.0
2013-10-19;1113.0;10;1113.0
2013-10-20;966.3;10;966.3
2013-10-21;665.3;10;665.3
2013-10-22;1098.0;10;1098.0
2013-10-23;974.4;10;974.4
2013-10-24;625.1;10;625.1
2013-10-25;772.7;10;772.7
2013-10-26;712.4;10;712.4
2013-10-27;754.0;10;754.0
2013-10-28;718.1;10;718.1
2013-10-29;710.7;10;710.7
2013-10-30;845.9;10;845.9
2013-10-31;980.7;10;980.7
2013-11-01;1192.0;11;1192.0
2013-11-02;968.0;11;968.0
2013-11-03;784.0;11;784.0
2013-11-04;815.7;11;815.7
2013-11-05;1340.0;11;1340.0
2013-11-06;1164.0;11;1164.0
2013-11-07;1441.0;11;1441.0
2013-11-08;1362.0;11;1362.0
2013-11-09;1138.0;11;1138.0
2013-11-10;1492.0;11;1492.0
2013-11-11;1271.0;11;1271.0
2013-11-12;936.2;11;936.2
2013-11-13;671.8;11;671.8
2013-11-14;928.8;11;928.8
2013-11-15;945.4;11;945.4
2013-11-16;611.5;11;611.5
2013-11-17;722.5;11;722.5
2013-11-18;692.2;11;692.2
2013-11-19;964.2;11;964.2
2013-11-20;1119.0;11;1119.0
2013-11-21;1445.0;11;1445.0
2013-11-22;2035.0;11;2035.0
2013-11-23;1680.0;11;1680.0
2013-11-24;1246.0;11;1246.0
2013-11-25;1191.0;11;1191.0
2013-11-26;1406.0;11;1406.0
2013-11-27;1293.0;11;1293.0
2013-11-28;1380.0;11;1380.0
2013-11-29;1664.0;11;1664.0
2013-11-30;1815.0;11;1815.0
2013-12-01;1626.0;12;1626.0
2013-12-02;2149.0;12;2149.0
2013-12-03;2582.0;12;2582.0
2013-12-04;1770.0;12;1770.0
2013-12-05;1537.0;12;1537.0
2013-12-06;1599.0;12;1599.0
2013-12-07;1967.0;12;1967.0
2013-12-08;2425.0;12;2425.0
2013-12-09;2222.0;12;2222.0
2013-12-10;1891.0;12;1891.0
2013-12-11;1566.0;12;1566.0
2013-12-12;1492.0;12;1492.0
2013-12-13;1590.0;12;1590.0
2013-12-14;1329.0;12;1329.0
2013-12-15;1113.0;12;1113.0
2013-12-16;1226.0;12;1226.0
2013-12-17;1251.0;12;1251.0
2013-12-18;1233.0;12;1233.0
2013-12-19;1184.0;12;1184.0
2013-12-20;1199.0;12;1199.0
2013-12-21;1147.0;12;1147.0
2013-12-22;1147.0;12;1147.0
2013-12-23;1641.0;12;1641.0
2013-12-24;2103.0;12;2103.0
2013-12-25;1747.0;12;1747.0
2013-12-26;1702.0;12;1702.0
2013-12-27;1666.0;12;1666.0
2013-12-28;1457.0;12;1457.0
2013-12-29;1071.0;12;1071.0
2013-12-30;810.6;12;810.6
2013-12-31;702.0;12;702.0
2014-01-01;997.1;1;997.1
2014-01-02;966.6;1;966.6
2014-01-03;602.0;1;602.0
2014-01-04;532.5;1;532.5
2014-01-05;481.9;1;481.9
2014-01-06;502.4;1;502.4
2014-01-07;545.6;1;545.6
2014-01-08;674.8;1;674.8
2014-01-09;1245.0;1;1245.0
2014-01-10;1547.0;1;1547.0
2014-01-11;1325.0;1;1325.0
2014-01-12;1677.0;1;1677.0
2014-01-13;1541.0;1;1541.0
2014-01-14;1400.0;1;1400.0
2014-01-15;1351.0;1;1351.0
2014-01-16;1058.0;1;1058.0
2014-01-17;681.6;1;681.6
2014-01-18;462.0;1;462.0
2014-01-19;524.5;1;524.5
2014-01-20;497.9;1;497.9
2014-01-21;809.8;1;809.8
2014-01-22;980.7;1;980.7
2014-01-23;747.8;1;747.8
2014-01-24;825.1;1;825.1
2014-01-25;662.6;1;662.6
2014-01-26;417.6;1;417.6
2014-01-27;401.6;1;401.6
2014-01-28;508.7;1;508.7
2014-01-29;681.3;1;681.3
2014-01-30;575.3;1;575.3
2014-01-31;605.6;1;605.6
2014-02-01;566.2;2;566.2
2014-02-02;505.8;2;505.8
2014-02-03;823.2;2;823.2
2014-02-04;743.6;2;743.6
2014-02-05;874.9;2;874.9
2014-02-06;902.4;2;902.4
2014-02-07;892.3;2;892.3
2014-02-08;775.8;2;775.8
2014-02-09;665.8;2;665.8
2014-02-10;693.9;2;693.9
2014-02-11;603.2;2;603.2
2014-02-12;605.6;2;605.6
2014-02-13;627.5;2;627.5
2014-02-14;718.7;2;718.7
2014-02-15;702.0;2;702.0
2014-02-16;867.8;2;867.8
2014-02-17;823.6;2;823.6
2014-02-18;634.4;2;634.4
2014-02-19;706.2;2;706.2
2014-02-20;760.3;2;760.3
2014-02-21;822.7;2;822.7
2014-02-22;1126.0;2;1126.0
2014-02-23;936.2;2;936.2
2014-02-24;1017.0;2;1017.0
2014-02-25;1002.0;2;1002.0
2014-02-26;1141.0;2;1141.0
2014-02-27;1117.0;2;1117.0
2014-02-28;1234.0;2;1234.0
2014-03-01;1164.0;3;1164.0
2014-03-02;1380.0;3;1380.0
2014-03-03;1516.0;3;1516.0
2014-03-04;1846.0;3;1846.0
2014-03-05;1677.0;3;1677.0
2014-03-06;1384.0;3;1384.0
2014-03-07;1441.0;3;1441.0
2014-03-08;1532.0;3;1532.0
2014-03-09;1662.0;3;1662.0
2014-03-10;1612.0;3;1612.0
2014-03-11;1729.0;3;1729.0
2014-03-12;1485.0;3;1485.0
2014-03-13;1494.0;3;1494.0
2014-03-14;1521.0;3;1521.0
2014-03-15;1570.0;3;1570.0
2014-03-16;1680.0;3;1680.0
2014-03-17;1492.0;3;1492.0
2014-03-18;1474.0;3;1474.0
2014-03-19;1358.0;3;1358.0
2014-03-20;1322.0;3;1322.0
2014-03-21;1259.0;3;1259.0
2014-03-22;1190.0;3;1190.0
2014-03-23;1126.0;3;1126.0
2014-03-24;1186.0;3;1186.0
2014-03-25;1171.0;3;1171.0
2014-03-26;1216.0;3;1216.0
2014-03-27;1246.0;3;1246.0
2014-03-28;1207.0;3;1207.0
2014-03-29;1117.0;3;1117.0
2014-03-30;1044.0;3;1044.0
2014-03-31;1078.0;3;1078.0
2014-04-01;1100.0;4;1100.0
2014-04-02;1053.0;4;1053.0
2014-04-03;993.4;4;993.4
2014-04-04;835.2;4;835.2
2014-04-05;908.8;4;908.8
2014-04-06;808.5;4;808.5
2014-04-07;571.7;4;571.7
2014-04-08;674.4;4;674.4
2014-04-09;722.8;4;722.8
2014-04-10;976.4;4;976.4
2014-04-11;1110.0;4;1110.0
2014-04-12;1162.0;4;1162.0
2014-04-13;1102.0;4;1102.0
2014-04-14;1015.0;4;1015.0
2014-04-15;1034.0;4;1034.0
2014-04-16;948.9;4;948.9
2014-04-17;827.3;4;827.3
2014-04-18;1087.0;4;1087.0
2014-04-19;1201.0;4;1201.0
2014-04-20;1128.0;4;1128.0
2014-04-21;957.4;4;957.4
2014-04-22;911.5;4;911.5
2014-04-23;951.5;4;951.5
2014-04-24;2088.0;4;2088.0
2014-04-25;1967.0;4;1967.0
2014-04-26;1608.0;4;1608.0
2014-04-27;2065.0;4;2065.0
2014-04-28;2086.0;4;2086.0
2014-04-29;2238.0;4;2238.0
2014-04-30;2114.0;4;2114.0
2014-05-01;1934.0;5;1934.0
2014-05-02;1589.0;5;1589.0
2014-05-03;1264.0;5;1264.0
2014-05-04;1328.0;5;1328.0
2014-05-05;1171.0;5;1171.0
2014-05-06;1115.0;5;1115.0
2014-05-07;1683.0;5;1683.0
2014-05-08;1485.0;5;1485.0
2014-05-09;1798.0;5;1798.0
2014-05-10;2401.0;5;2401.0
2014-05-11;2232.0;5;2232.0
2014-05-12;2589.0;5;2589.0
2014-05-13;2359.0;5;2359.0
2014-05-14;1935.0;5;1935.0
2014-05-15;1775.0;5;1775.0
2014-05-16;1777.0;5;1777.0
2014-05-17;1874.0;5;1874.0
2014-05-18;1868.0;5;1868.0
2014-05-19;1641.0;5;1641.0
2014-05-20;1479.0;5;1479.0
2014-05-21;1318.0;5;1318.0
2014-05-22;1846.0;5;1846.0
2014-05-23;1811.0;5;1811.0
2014-05-24;1413.0;5;1413.0
2014-05-25;1299.0;5;1299.0
2014-05-26;1021.0;5;1021.0
2014-05-27;871.0;5;871.0
2014-05-28;1204.0;5;1204.0
2014-05-29;1006.0;5;1006.0
2014-05-30;885.9;5;885.9
2014-05-31;1220.0;5;1220.0
2014-06-01;1477.0;6;1477.0
2014-06-02;1457.0;6;1457.0
2014-06-03;1223.0;6;1223.0
2014-06-04;1373.0;6;1373.0
2014-06-05;1220.0;6;1220.0
2014-06-06;1310.0;6;1310.0
2014-06-07;1477.0;6;1477.0
2014-06-08;1763.0;6;1763.0
2014-06-09;1716.0;6;1716.0
2014-06-10;1623.0;6;1623.0
2014-06-11;1673.0;6;1673.0
2014-06-12;1525.0;6;1525.0
2014-06-13;1441.0;6;1441.0
2014-06-14;1433.0;6;1433.0
2014-06-15;1624.0;6;1624.0
2014-06-16;1634.0;6;1634.0
2014-06-17;1455.0;6;1455.0
2014-06-18;1484.0;6;1484.0
2014-06-19;1714.0;6;1714.0
2014-06-20;1827.0;6;1827.0
2014-06-21;1772.0;6;1772.0
2014-06-22;1623.0;6;1623.0
2014-06-23;1523.0;6;1523.0
2014-06-24;1433.0;6;1433.0
2014-06-25;1309.0;6;1309.0
2014-06-26;1285.0;6;1285.0
2014-06-27;1197.0;6;1197.0
2014-06-28;1229.0;6;1229.0
2014-06-29;1538.0;6;1538.0
2014-06-30;1521.0;6;1521.0
2014-07-01;1177.0;7;1177.0
2014-07-02;1175.0;7;1175.0
2014-07-03;1524.0;7;1524.0
2014-07-04;1218.0;7;1218.0
2014-07-05;1143.0;7;1143.0
2014-07-06;1058.0;7;1058.0
2014-07-07;1045.0;7;1045.0
2014-07-08;923.5;7;923.5
2014-07-09;1039.0;7;1039.0
2014-07-10;1532.0;7;1532.0
2014-07-11;1606.0;7;1606.0
2014-07-12;1863.0;7;1863.0
2014-07-13;1825.0;7;1825.0
2014-07-14;2074.0;7;2074.0
2014-07-15;2246.0;7;2246.0
2014-07-16;2090.0;7;2090.0
2014-07-17;1940.0;7;1940.0
2014-07-18;1815.0;7;1815.0
2014-07-19;1549.0;7;1549.0
2014-07-20;1503.0;7;1503.0
2014-07-21;1446.0;7;1446.0
2014-07-22;1433.0;7;1433.0
2014-07-23;1505.0;7;1505.0
2014-07-24;1525.0;7;1525.0
2014-07-25;1450.0;7;1450.0
2014-07-26;1349.0;7;1349.0
2014-07-27;1233.0;7;1233.0
2014-07-28;1045.0;7;1045.0
2014-07-29;976.4;7;976.4
2014-07-30;932.0;7;932.0
2014-07-31;637.0;7;637.0
2014-08-01;556.5;8;556.5
2014-08-02;658.7;8;658.7
2014-08-03;1247.0;8;1247.0
2014-08-04;1192.0;8;1192.0
2014-08-05;1206.0;8;1206.0
2014-08-06;1233.0;8;1233.0
2014-08-07;1051.0;8;1051.0
2014-08-08;779.2;8;779.2
2014-08-09;859.1;8;859.1
2014-08-10;1305.0;8;1305.0
2014-08-11;900.7;8;900.7
2014-08-12;857.2;8;857.2
2014-08-13;1255.0;8;1255.0
2014-08-14;1293.0;8;1293.0
2014-08-15;1249.0;8;1249.0
2014-08-16;1102.0;8;1102.0
2014-08-17;1093.0;8;1093.0
2014-08-18;1214.0;8;1214.0
2014-08-19;1543.0;8;1543.0
2014-08-20;1693.0;8;1693.0
2014-08-21;1583.0;8;1583.0
2014-08-22;1305.0;8;1305.0
2014-08-23;1214.0;8;1214.0
2014-08-24;1162.0;8;1162.0
2014-08-25;1010.0;8;1010.0
2014-08-26;1065.0;8;1065.0
2014-08-27;1177.0;8;1177.0
2014-08-28;1034.0;8;1034.0
2014-08-29;925.7;8;925.7
2014-08-30;1042.0;8;1042.0
2014-08-31;1094.0;8;1094.0
2014-09-01;970.1;9;970.1
2014-09-02;926.6;9;926.6
2014-09-03;972.2;9;972.2
2014-09-04;835.3;9;835.3
2014-09-05;787.7;9;787.7
2014-09-06;686.6;9;686.6
2014-09-07;478.4;9;478.4
2014-09-08;444.2;9;444.2
2014-09-09;646.5;9;646.5
2014-09-10;687.2;9;687.2
2014-09-11;1257.0;9;1257.0
2014-09-12;1270.0;9;1270.0
2014-09-13;1406.0;9;1406.0
2014-09-14;892.0;9;892.0
2014-09-15;789.9;9;789.9
2014-09-16;1186.0;9;1186.0
2014-09-17;1249.0;9;1249.0
2014-09-18;1270.0;9;1270.0
2014-09-19;1151.0;9;1151.0
2014-09-20;1369.0;9;1369.0
2014-09-21;1137.0;9;1137.0
2014-09-22;936.2;9;936.2
2014-09-23;963.7;9;963.7
2014-09-24;1049.0;9;1049.0
2014-09-25;1113.0;9;1113.0
2014-09-26;1158.0;9;1158.0
2014-09-27;1000.0;9;1000.0
2014-09-28;659.6;9;659.6
2014-09-29;478.3;9;478.3
2014-09-30;717.1;9;717.1
2014-10-01;802.5;10;802.5
2014-10-02;471.2;10;471.2
2014-10-03;416.0;10;416.0
2014-10-04;445.1;10;445.1
2014-10-05;429.4;10;429.4
2014-10-06;435.6;10;435.6
2014-10-07;410.0;10;410.0
2014-10-08;519.2;10;519.2
2014-10-09;958.6;10;958.6
2014-10-10;1236.0;10;1236.0
2014-10-11;1105.0;10;1105.0
2014-10-12;1186.0;10;1186.0
2014-10-13;1360.0;10;1360.0
2014-10-14;1521.0;10;1521.0
2014-10-15;1371.0;10;1371.0
2014-10-16;1056.0;10;1056.0
2014-10-17;503.2;10;503.2
2014-10-18;688.1;10;688.1
2014-10-19;1404.0;10;1404.0
2014-10-20;1249.0;10;1249.0
2014-10-21;911.1;10;911.1
2014-10-22;626.9;10;626.9
2014-10-23;845.9;10;845.9
2014-10-24;1164.0;10;1164.0
2014-10-25;1400.0;10;1400.0
2014-10-26;1229.0;10;1229.0
2014-10-27;1074.0;10;1074.0
2014-10-28;869.0;10;869.0
2014-10-29;791.6;10;791.6
2014-10-30;829.4;10;829.4
2014-10-31;1386.0;10;1386.0
2014-11-01;1552.0;11;1552.0
2014-11-02;1378.0;11;1378.0
2014-11-03;1413.0;11;1413.0
2014-11-04;1347.0;11;1347.0
2014-11-05;1315.0;11;1315.0
2014-11-06;1406.0;11;1406.0
2014-11-07;1284.0;11;1284.0
2014-11-08;1425.0;11;1425.0
2014-11-09;1435.0;11;1435.0
2014-11-10;1552.0;11;1552.0
2014-11-11;1580.0;11;1580.0
2014-11-12;1869.0;11;1869.0
2014-11-13;1709.0;11;1709.0
2014-11-14;1666.0;11;1666.0
2014-11-15;1541.0;11;1541.0
2014-11-16;1461.0;11;1461.0
2014-11-17;997.8;11;997.8
2014-11-18;770.6;11;770.6
2014-11-19;679.8;11;679.8
2014-11-20;831.0;11;831.0
2014-11-21;801.8;11;801.8
2014-11-22;1240.0;11;1240.0
2014-11-23;1615.0;11;1615.0
2014-11-24;1369.0;11;1369.0
2014-11-25;1000.0;11;1000.0
2014-11-26;1126.0;11;1126.0
2014-11-27;1528.0;11;1528.0
2014-11-28;1341.0;11;1341.0
2014-11-29;826.9;11;826.9
2014-11-30;958.0;11;958.0
2014-12-01;1184.0;12;1184.0
2014-12-02;1126.0;12;1126.0
2014-12-03;762.3;12;762.3
2014-12-04;529.0;12;529.0
2014-12-05;481.9;12;481.9
2014-12-06;514.7;12;514.7
2014-12-07;735.3;12;735.3
2014-12-08;827.2;12;827.2
2014-12-09;954.0;12;954.0
2014-12-10;1548.0;12;1548.0
2014-12-11;1566.0;12;1566.0
2014-12-12;2098.0;12;2098.0
2014-12-13;1793.0;12;1793.0
2014-12-14;1727.0;12;1727.0
2014-12-15;1857.0;12;1857.0
2014-12-16;1537.0;12;1537.0
2014-12-17;1548.0;12;1548.0
2014-12-18;1548.0;12;1548.0
2014-12-19;1120.0;12;1120.0
2014-12-20;963.7;12;963.7
2014-12-21;1147.0;12;1147.0
2014-12-22;1521.0;12;1521.0
2014-12-23;1034.0;12;1034.0
2014-12-24;656.9;12;656.9
2014-12-25;594.9;12;594.9
2014-12-26;593.1;12;593.1
2014-12-27;548.6;12;548.6
2014-12-28;491.9;12;491.9
2014-12-29;460.6;12;460.6
2014-12-30;568.8;12;568.8
2014-12-31;932.2;12;932.2
2015-01-01;577.1;1;577.1
2015-01-02;423.3;1;423.3
2015-01-03;294.0;1;294.0
2015-01-04;342.0;1;342.0
2015-01-05;315.6;1;315.6
2015-01-06;308.2;1;308.2
2015-01-07;253.4;1;253.4
2015-01-08;228.3;1;228.3
2015-01-09;204.1;1;204.1
2015-01-10;317.1;1;317.1
2015-01-11;195.0;1;195.0
2015-01-12;322.5;1;322.5
2015-01-13;260.3;1;260.3
2015-01-14;309.4;1;309.4
2015-01-15;498.7;1;498.7
2015-01-16;489.9;1;489.9
2015-01-17;758.2;1;758.2
2015-01-18;626.9;1;626.9
2015-01-19;708.3;1;708.3
2015-01-20;704.1;1;704.1
2015-01-21;635.8;1;635.8
2015-01-22;775.1;1;775.1
2015-01-23;862.8;1;862.8
2015-01-24;852.1;1;852.1
2015-01-25;817.0;1;817.0
2015-01-26;1019.0;1;1019.0
2015-01-27;1025.0;1;1025.0
2015-01-28;931.3;1;931.3
2015-01-29;727.6;1;727.6
2015-01-30;648.0;1;648.0
2015-01-31;648.6;1;648.6
2015-02-01;696.7;2;696.7
2015-02-02;1060.0;2;1060.0
2015-02-03;705.0;2;705.0
2015-02-04;847.7;2;847.7
2015-02-05;990.0;2;990.0
2015-02-06;1100.0;2;1100.0
2015-02-07;1089.0;2;1089.0
2015-02-08;1059.0;2;1059.0
2015-02-09;1281.0;2;1281.0
2015-02-10;1565.0;2;1565.0
2015-02-11;1575.0;2;1575.0
2015-02-12;1501.0;2;1501.0
2015-02-13;1404.0;2;1404.0
2015-02-14;1260.0;2;1260.0
2015-02-15;1246.0;2;1246.0
2015-02-16;1212.0;2;1212.0
2015-02-17;1053.0;2;1053.0
2015-02-18;1010.0;2;1010.0
2015-02-19;889.7;2;889.7
2015-02-20;749.9;2;749.9
2015-02-21;640.3;2;640.3
2015-02-22;555.7;2;555.7
2015-02-23;480.2;2;480.2
2015-02-24;534.3;2;534.3
2015-02-25;600.2;2;600.2
2015-02-26;634.1;2;634.1
2015-02-27;670.0;2;670.0
2015-02-28;584.2;2;584.2
2015-03-01;676.5;3;676.5
2015-03-02;772.7;3;772.7
2015-03-03;906.6;3;906.6
2015-03-04;793.5;3;793.5
2015-03-05;826.9;3;826.9
2015-03-06;758.2;3;758.2
2015-03-07;675.9;3;675.9
2015-03-08;570.5;3;570.5
2015-03-09;447.9;3;447.9
2015-03-10;392.6;3;392.6
2015-03-11;451.6;3;451.6
2015-03-12;447.0;3;447.0
2015-03-13;511.2;3;511.2
2015-03-14;594.6;3;594.6
2015-03-15;844.0;3;844.0
2015-03-16;822.7;3;822.7
2015-03-17;932.0;3;932.0
2015-03-18;1134.0;3;1134.0
2015-03-19;1245.0;3;1245.0
2015-03-20;1274.0;3;1274.0
2015-03-21;1598.0;3;1598.0
2015-03-22;1843.0;3;1843.0
2015-03-23;1481.0;3;1481.0
2015-03-24;1621.0;3;1621.0
2015-03-25;1537.0;3;1537.0
2015-03-26;1417.0;3;1417.0
2015-03-27;1281.0;3;1281.0
2015-03-28;948.9;3;948.9
2015-03-29;1103.0;3;1103.0
2015-03-30;1358.0;3;1358.0
2015-03-31;1274.0;3;1274.0
2015-04-01;1277.0;4;1277.0
2015-04-02;1218.0;4;1218.0
2015-04-03;1137.0;4;1137.0
2015-04-04;1175.0;4;1175.0
2015-04-05;1216.0;4;1216.0
2015-04-06;1031.0;4;1031.0
2015-04-07;1223.0;4;1223.0
2015-04-08;1205.0;4;1205.0
2015-04-09;1214.0;4;1214.0
2015-04-10;1074.0;4;1074.0
2015-04-11;1104.0;4;1104.0
2015-04-12;963.7;4;963.7
2015-04-13;781.7;4;781.7
2015-04-14;683.3;4;683.3
2015-04-15;836.0;4;836.0
2015-04-16;871.7;4;871.7
2015-04-17;1530.0;4;1530.0
2015-04-18;1463.0;4;1463.0
2015-04-19;1138.0;4;1138.0
2015-04-20;1341.0;4;1341.0
2015-04-21;1640.0;4;1640.0
2015-04-22;1598.0;4;1598.0
2015-04-23;1275.0;4;1275.0
2015-04-24;1314.0;4;1314.0
2015-04-25;1223.0;4;1223.0
2015-04-26;1068.0;4;1068.0
2015-04-27;1060.0;4;1060.0
2015-04-28;1227.0;4;1227.0
2015-04-29;1289.0;4;1289.0
2015-04-30;1162.0;4;1162.0
2015-05-01;1100.0;5;1100.0
2015-05-02;1132.0;5;1132.0
2015-05-03;1078.0;5;1078.0
2015-05-04;1126.0;5;1126.0
2015-05-05;1077.0;5;1077.0
2015-05-06;1059.0;5;1059.0
2015-05-07;923.9;5;923.9
2015-05-08;943.6;5;943.6
2015-05-09;511.2;5;511.2
2015-05-10;557.5;5;557.5
2015-05-11;684.8;5;684.8
2015-05-12;718.7;5;718.7
2015-05-13;826.8;5;826.8
2015-05-14;684.2;5;684.2
2015-05-15;737.4;5;737.4
2015-05-16;1082.0;5;1082.0
2015-05-17;831.5;5;831.5
2015-05-18;756.1;5;756.1
2015-05-19;1054.0;5;1054.0
2015-05-20;993.8;5;993.8
2015-05-21;1026.0;5;1026.0
2015-05-22;1362.0;5;1362.0
2015-05-23;1126.0;5;1126.0
2015-05-24;804.6;5;804.6
2015-05-25;872.9;5;872.9
2015-05-26;1184.0;5;1184.0
2015-05-27;1091.0;5;1091.0
2015-05-28;1145.0;5;1145.0
2015-05-29;1197.0;5;1197.0
2015-05-30;1252.0;5;1252.0
2015-05-31;854.2;5;854.2
2015-06-01;944.4;6;944.4
2015-06-02;1279.0;6;1279.0
2015-06-03;1019.0;6;1019.0
2015-06-04;919.3;6;919.3
2015-06-05;1081.0;6;1081.0
2015-06-06;1417.0;6;1417.0
2015-06-07;1530.0;6;1530.0
2015-06-08;1523.0;6;1523.0
2015-06-09;1468.0;6;1468.0
2015-06-10;1505.0;6;1505.0
2015-06-11;1702.0;6;1702.0
2015-06-12;1340.0;6;1340.0
2015-06-13;1340.0;6;1340.0
2015-06-14;1320.0;6;1320.0
2015-06-15;1318.0;6;1318.0
2015-06-16;1173.0;6;1173.0
2015-06-17;1055.0;6;1055.0
2015-06-18;955.3;6;955.3
2015-06-19;1006.0;6;1006.0
2015-06-20;1301.0;6;1301.0
2015-06-21;1602.0;6;1602.0
2015-06-22;1331.0;6;1331.0
2015-06-23;1691.0;6;1691.0
2015-06-24;1720.0;6;1720.0
2015-06-25;1742.0;6;1742.0
2015-06-26;2091.0;6;2091.0
2015-06-27;2312.0;6;2312.0
2015-06-28;2193.0;6;2193.0
2015-06-29;2257.0;6;2257.0
2015-06-30;2522.0;6;2522.0
2015-07-01;1830.0;7;1830.0
2015-07-02;1441.0;7;1441.0
2015-07-03;1497.0;7;1497.0
2015-07-04;1356.0;7;1356.0
2015-07-05;1238.0;7;1238.0
2015-07-06;1227.0;7;1227.0
2015-07-07;956.1;7;956.1
2015-07-08;643.0;7;643.0
2015-07-09;545.0;7;545.0
2015-07-10;586.0;7;586.0
2015-07-11;829.0;7;829.0
2015-07-12;930.3;7;930.3
2015-07-13;662.5;7;662.5
2015-07-14;521.1;7;521.1
2015-07-15;507.6;7;507.6
2015-07-16;892.4;7;892.4
2015-07-17;1006.0;7;1006.0
2015-07-18;776.9;7;776.9
2015-07-19;604.8;7;604.8
2015-07-20;496.2;7;496.2
2015-07-21;575.3;7;575.3
2015-07-22;844.5;7;844.5
2015-07-23;1197.0;7;1197.0
2015-07-24;1115.0;7;1115.0
2015-07-25;974.3;7;974.3
2015-07-26;763.0;7;763.0
2015-07-27;485.5;7;485.5
2015-07-28;643.6;7;643.6
2015-07-29;1062.0;7;1062.0
2015-07-30;1064.0;7;1064.0
2015-07-31;1497.0;7;1497.0
2015-08-01;1201.0;8;1201.0
2015-08-02;1022.0;8;1022.0
2015-08-03;1115.0;8;1115.0
2015-08-04;955.3;8;955.3
2015-08-05;756.1;8;756.1
2015-08-06;621.8;8;621.8
2015-08-07;658.4;8;658.4
2015-08-08;662.3;8;662.3
2015-08-09;577.1;8;577.1
2015-08-10;562.8;8;562.8
2015-08-11;381.7;8;381.7
2015-08-12;345.4;8;345.4
2015-08-13;371.9;8;371.9
2015-08-14;353.0;8;353.0
2015-08-15;501.0;8;501.0
2015-08-16;936.6;8;936.6
2015-08-17;936.3;8;936.3
2015-08-18;881.9;8;881.9
2015-08-19;1052.0;8;1052.0
2015-08-20;1115.0;8;1115.0
2015-08-21;1004.0;8;1004.0
2015-08-22;736.7;8;736.7
2015-08-23;446.6;8;446.6
2015-08-24;438.0;8;438.0
2015-08-25;386.2;8;386.2
2015-08-26;575.0;8;575.0
2015-08-27;657.8;8;657.8
2015-08-28;477.6;8;477.6
2015-08-29;681.3;8;681.3
2015-08-30;747.8;8;747.8
2015-08-31;636.7;8;636.7
2015-09-01;486.5;9;486.5
2015-09-02;408.2;9;408.2
2015-09-03;591.7;9;591.7
2015-09-04;398.8;9;398.8
2015-09-05;712.4;9;712.4
2015-09-06;520.4;9;520.4
2015-09-07;429.5;9;429.5
2015-09-08;394.2;9;394.2
2015-09-09;329.7;9;329.7
2015-09-10;373.5;9;373.5
2015-09-11;562.8;9;562.8
2015-09-12;537.9;9;537.9
2015-09-13;496.2;9;496.2
2015-09-14;386.5;9;386.5
2015-09-15;338.9;9;338.9
2015-09-16;444.2;9;444.2
2015-09-17;640.9;9;640.9
2015-09-18;630.5;9;630.5
2015-09-19;645.6;9;645.6
2015-09-20;690.5;9;690.5
2015-09-21;498.7;9;498.7
2015-09-22;677.7;9;677.7
2015-09-23;618.6;9;618.6
2015-09-24;402.4;9;402.4
2015-09-25;401.2;9;401.2
2015-09-26;333.0;9;333.0
2015-09-27;193.6;9;193.6
2015-09-28;189.6;9;189.6
2015-09-29;263.4;9;263.4
2015-09-30;404.3;9;404.3
2015-10-01;612.7;10;612.7
2015-10-02;611.8;10;611.8
2015-10-03;637.3;10;637.3
2015-10-04;717.2;10;717.2
2015-10-05;428.7;10;428.7
2015-10-06;481.9;10;481.9
2015-10-07;618.9;10;618.9
2015-10-08;485.5;10;485.5
2015-10-09;346.8;10;346.8
2015-10-10;514.0;10;514.0
2015-10-11;572.3;10;572.3
2015-10-12;440.4;10;440.4
2015-10-13;530.8;10;530.8
2015-10-14;607.3;10;607.3
2015-10-15;890.1;10;890.1
2015-10-16;1011.0;10;1011.0
2015-10-17;787.3;10;787.3
2015-10-18;635.8;10;635.8
2015-10-19;559.3;10;559.3
2015-10-20;460.5;10;460.5
2015-10-21;392.6;10;392.6
2015-10-22;332.7;10;332.7
2015-10-23;358.3;10;358.3
2015-10-24;376.7;10;376.7
2015-10-25;434.5;10;434.5
2015-10-26;589.5;10;589.5
2015-10-27;495.8;10;495.8
2015-10-28;449.8;10;449.8
2015-10-29;408.9;10;408.9
2015-10-30;360.9;10;360.9
2015-10-31;351.4;10;351.4
2015-11-01;301.7;11;301.7
2015-11-02;374.6;11;374.6
2015-11-03;591.3;11;591.3
2015-11-04;571.7;11;571.7
2015-11-05;645.6;11;645.6
2015-11-06;685.4;11;685.4
2015-11-07;882.9;11;882.9
2015-11-08;1341.0;11;1341.0
2015-11-09;1008.0;11;1008.0
2015-11-10;693.7;11;693.7
2015-11-11;584.2;11;584.2
2015-11-12;472.1;11;472.1
2015-11-13;422.7;11;422.7
2015-11-14;360.8;11;360.8
2015-11-15;334.2;11;334.2
2015-11-16;346.6;11;346.6
2015-11-17;500.4;11;500.4
2015-11-18;768.6;11;768.6
2015-11-19;545.0;11;545.0
2015-11-20;484.7;11;484.7
2015-11-21;627.2;11;627.2
2015-11-22;1004.0;11;1004.0
2015-11-23;968.0;11;968.0
2015-11-24;951.1;11;951.1
2015-11-25;1038.0;11;1038.0
2015-11-26;1100.0;11;1100.0
2015-11-27;1058.0;11;1058.0
2015-11-28;700.3;11;700.3
2015-11-29;678.9;11;678.9
2015-11-30;708.3;11;708.3
2015-12-01;794.3;12;794.3
2015-12-02;783.2;12;783.2
2015-12-03;532.5;12;532.5
2015-12-04;648.6;12;648.6
2015-12-05;548.6;12;548.6
2015-12-06;446.5;12;446.5
2015-12-07;652.8;12;652.8
2015-12-08;573.5;12;573.5
2015-12-09;537.9;12;537.9
2015-12-10;605.6;12;605.6
2015-12-11;509.4;12;509.4
2015-12-12;498.7;12;498.7
2015-12-13;550.4;12;550.4
2015-12-14;486.2;12;486.2
2015-12-15;642.7;12;642.7
2015-12-16;745.7;12;745.7
2015-12-17;578.9;12;578.9
2015-12-18;297.1;12;297.1
2015-12-19;254.3;12;254.3
2015-12-20;300.1;12;300.1
2015-12-21;283.1;12;283.1
2015-12-22;257.3;12;257.3
2015-12-23;207.7;12;207.7
2015-12-24;143.7;12;143.7
2015-12-25;176.1;12;176.1
2015-12-26;237.7;12;237.7
2015-12-27;237.7;12;237.7
2015-12-28;350.8;12;350.8
2015-12-29;247.6;12;247.6
2015-12-30;604.1;12;604.1
2015-12-31;575.4;12;575.4
2016-01-01;202.933;1;202.933
2016-01-02;122.195;1;122.195
2016-01-03;98.261;1;98.261
2016-01-04;92.689;1;92.689
2016-01-05;99.398;1;99.398
2016-01-06;94.863;1;94.863
2016-01-07;183.133;1;183.133
2016-01-08;298.673;1;298.673
2016-01-09;390.636;1;390.636
2016-01-10;333.752;1;333.752
2016-01-11;258.293;1;258.293
2016-01-12;189.082;1;189.082
2016-01-13;166.739;1;166.739
2016-01-14;153.443;1;153.443
2016-01-15;123.989;1;123.989
2016-01-16;117.266;1;117.266
2016-01-17;117.712;1;117.712
2016-01-18;118.834;1;118.834
2016-01-19;141.95;1;141.95
2016-01-20;242.68;1;242.68
2016-01-21;470.381;1;470.381
2016-01-22;447.428;1;447.428
2016-01-23;539.344;1;539.344
2016-01-24;536.55;1;536.55
2016-01-25;537.886;1;537.886
2016-01-26;426.641;1;426.641
2016-01-27;421.169;1;421.169
2016-01-28;578.734;1;578.734
2016-01-29;654.436;1;654.436
2016-01-30;395.322;1;395.322
2016-01-31;243.962;1;243.962
2016-02-01;191.963;2;191.963
2016-02-02;163.54;2;163.54
2016-02-03;127.13;2;127.13
2016-02-04;290.419;2;290.419
2016-02-05;592.645;2;592.645
2016-02-06;421.052;2;421.052
2016-02-07;277.882;2;277.882
2016-02-08;234.919;2;234.919
2016-02-09;323.584;2;323.584
2016-02-10;452.371;2;452.371
2016-02-11;343.23;2;343.23
2016-02-12;565.569;2;565.569
2016-02-13;426.769;2;426.769
2016-02-14;186.286;2;186.286
2016-02-15;232.881;2;232.881
2016-02-16;217.645;2;217.645
2016-02-17;263.133;2;263.133
2016-02-18;313.893;2;313.893
2016-02-19;272.119;2;272.119
2016-02-20;449.105;2;449.105
2016-02-21;589.971;2;589.971
2016-02-22;486.036;2;486.036
2016-02-23;729.959;2;729.959
2016-02-24;792.215;2;792.215
2016-02-25;748.836;2;748.836
2016-02-26;794.942;2;794.942
2016-02-27;753.235;2;753.235
2016-02-28;663.661;2;663.661
2016-02-29;543.896;2;543.896
2016-03-01;660.695;3;660.695
2016-03-02;747.446;3;747.446
2016-03-03;638.389;3;638.389
2016-03-04;805.128;3;805.128
2016-03-05;969.609;3;969.609
2016-03-06;840.39;3;840.39
2016-03-07;709.743;3;709.743
2016-03-08;571.132;3;571.132
2016-03-09;726.103;3;726.103
2016-03-10;756.614;3;756.614
2016-03-11;785.978;3;785.978
2016-03-12;872.8;3;872.8
2016-03-13;777.619;3;777.619
2016-03-14;953.311;3;953.311
2016-03-15;678.632;3;678.632
2016-03-16;616.487;3;616.487
2016-03-17;587.055;3;587.055
2016-03-18;713.039;3;713.039
2016-03-19;1086.446;3;1086.446
2016-03-20;913.485;3;913.485
2016-03-21;975.391;3;975.391
2016-03-22;1034.307;3;1034.307
2016-03-23;1203.488;3;1203.488
2016-03-24;1192.46;3;1192.46
2016-03-25;1075.175;3;1075.175
2016-03-26;701.455;3;701.455
2016-03-27;412.644;3;412.644
2016-03-28;445.246;3;445.246
2016-03-29;488.398;3;488.398
2016-03-30;656.229;3;656.229
2016-03-31;819.886;3;819.886
2016-04-01;830.205;4;830.205
2016-04-02;1090.621;4;1090.621
2016-04-03;1128.8;4;1128.8
2016-04-04;1036.698;4;1036.698
2016-04-05;1161.301;4;1161.301
2016-04-06;874.159;4;874.159
2016-04-07;889.85;4;889.85
2016-04-08;654.651;4;654.651
2016-04-09;827.376;4;827.376
2016-04-10;831.037;4;831.037
2016-04-11;945.227;4;945.227
2016-04-12;1482.473;4;1482.473
2016-04-13;1713.564;4;1713.564
2016-04-14;1150.97;4;1150.97
2016-04-15;949.547;4;949.547
2016-04-16;1211.007;4;1211.007
2016-04-17;1561.15;4;1561.15
2016-04-18;1456.33;4;1456.33
2016-04-19;1090.004;4;1090.004
2016-04-20;902.815;4;902.815
2016-04-21;1018.127;4;1018.127
2016-04-22;1211.74;4;1211.74
2016-04-23;999.565;4;999.565
2016-04-24;756.391;4;756.391
2016-04-25;901.679;4;901.679
2016-04-26;1009.81;4;1009.81
2016-04-27;1495.708;4;1495.708
2016-04-28;1603.409;4;1603.409
2016-04-29;1704.909;4;1704.909
2016-04-30;1454.217;4;1454.217
2016-05-01;1327.135;5;1327.135
2016-05-02;1376.155;5;1376.155
2016-05-03;1427.378;5;1427.378
2016-05-04;1225.318;5;1225.318
2016-05-05;1026.045;5;1026.045
2016-05-06;1127.251;5;1127.251
2016-05-07;1006.113;5;1006.113
2016-05-08;1209.007;5;1209.007
2016-05-09;1371.275;5;1371.275
2016-05-10;1778.026;5;1778.026
2016-05-11;1522.247;5;1522.247
2016-05-12;1193.241;5;1193.241
2016-05-13;1248.933;5;1248.933
2016-05-14;1318.259;5;1318.259
2016-05-15;1291.038;5;1291.038
2016-05-16;1199.818;5;1199.818
2016-05-17;857.585;5;857.585
2016-05-18;957.28;5;957.28
2016-05-19;1251.454;5;1251.454
2016-05-20;1158.146;5;1158.146
2016-05-21;1153.294;5;1153.294
2016-05-22;1199.16;5;1199.16
2016-05-23;1226.027;5;1226.027
2016-05-24;977.301;5;977.301
2016-05-25;1031.596;5;1031.596
2016-05-26;1141.041;5;1141.041
2016-05-27;1197.769;5;1197.769
2016-05-28;1138.852;5;1138.852
2016-05-29;1073.774;5;1073.774
2016-05-30;1104.03;5;1104.03
2016-05-31;1511.497;5;1511.497
2016-06-01;1574.605;6;1574.605
2016-06-02;1409.512;6;1409.512
2016-06-03;1268.053;6;1268.053
2016-06-04;1233.215;6;1233.215
2016-06-05;1196.019;6;1196.019
2016-06-06;1100.666;6;1100.666
2016-06-07;841.0;6;841.0
2016-06-08;702.822;6;702.822
2016-06-09;731.407;6;731.407
2016-06-10;657.364;6;657.364
2016-06-11;863.982;6;863.982
2016-06-12;802.154;6;802.154
2016-06-13;689.866;6;689.866
2016-06-14;692.721;6;692.721
2016-06-15;876.666;6;876.666
2016-06-16;839.031;6;839.031
2016-06-17;870.266;6;870.266
2016-06-18;1042.896;6;1042.896
2016-06-19;890.882;6;890.882
2016-06-20;939.55;6;939.55
2016-06-21;1196.221;6;1196.221
2016-06-22;1164.882;6;1164.882
2016-06-23;1298.394;6;1298.394
2016-06-24;1310.378;6;1310.378
2016-06-25;1414.434;6;1414.434
2016-06-26;1651.103;6;1651.103
2016-06-27;1616.236;6;1616.236
2016-06-28;1336.187;6;1336.187
2016-06-29;1096.074;6;1096.074
2016-06-30;1035.679;6;1035.679
2016-07-01;1348.541;7;1348.541
2016-07-02;1796.593;7;1796.593
2016-07-03;1506.337;7;1506.337
2016-07-04;1567.19;7;1567.19
2016-07-05;1615.933;7;1615.933
2016-07-06;1675.739;7;1675.739
2016-07-07;1886.475;7;1886.475
2016-07-08;1397.932;7;1397.932
2016-07-09;1181.574;7;1181.574
2016-07-10;1140.366;7;1140.366
2016-07-11;1174.841;7;1174.841
2016-07-12;1153.294;7;1153.294
2016-07-13;1054.553;7;1054.553
2016-07-14;1073.241;7;1073.241
2016-07-15;1032.079;7;1032.079
2016-07-16;1216.428;7;1216.428
2016-07-17;1212.56;7;1212.56
2016-07-18;1197.196;7;1197.196
2016-07-19;1146.311;7;1146.311
2016-07-20;1042.892;7;1042.892
2016-07-21;1032.181;7;1032.181
2016-07-22;1138.48;7;1138.48
2016-07-23;1053.739;7;1053.739
2016-07-24;871.406;7;871.406
2016-07-25;986.308;7;986.308
2016-07-26;1252.649;7;1252.649
2016-07-27;1216.661;7;1216.661
2016-07-28;1217.793;7;1217.793
2016-07-29;1254.05;7;1254.05
2016-07-30;1245.988;7;1245.988
2016-07-31;1191.271;7;1191.271
2016-08-01;1182.113;8;1182.113
2016-08-02;1168.646;8;1168.646
2016-08-03;1198.812;8;1198.812
2016-08-04;1208.239;8;1208.239
2016-08-05;1057.176;8;1057.176
2016-08-06;914.291;8;914.291
2016-08-07;952.902;8;952.902
2016-08-08;1028.592;8;1028.592
2016-08-09;1130.944;8;1130.944
2016-08-10;1113.083;8;1113.083
2016-08-11;865.963;8;865.963
2016-08-12;754.544;8;754.544
2016-08-13;906.936;8;906.936
2016-08-14;959.291;8;959.291
2016-08-15;883.114;8;883.114
2016-08-16;944.736;8;944.736
2016-08-17;872.303;8;872.303
2016-08-18;686.043;8;686.043
2016-08-19;624.659;8;624.659
2016-08-20;528.76;8;528.76
2016-08-21;430.406;8;430.406
2016-08-22;368.15;8;368.15
2016-08-23;561.183;8;561.183
2016-08-24;602.001;8;602.001
2016-08-25;447.764;8;447.764
2016-08-26;543.324;8;543.324
2016-08-27;719.502;8;719.502
2016-08-28;622.185;8;622.185
2016-08-29;718.795;8;718.795
2016-08-30;523.834;8;523.834
2016-08-31;843.447;8;843.447
2016-09-01;1166.719;9;1166.719
2016-09-02;1513.575;9;1513.575
2016-09-03;1258.384;9;1258.384
2016-09-04;806.091;9;806.091
2016-09-05;461.825;9;461.825
2016-09-06;646.1;9;646.1
2016-09-07;820.645;9;820.645
2016-09-08;728.552;9;728.552
2016-09-09;701.003;9;701.003
2016-09-10;830.833;9;830.833
2016-09-11;845.611;9;845.611
2016-09-12;908.7;9;908.7
2016-09-13;1069.96;9;1069.96
2016-09-14;1137.267;9;1137.267
2016-09-15;1742.071;9;1742.071
2016-09-16;1677.25;9;1677.25
2016-09-17;968.138;9;968.138
2016-09-18;1117.858;9;1117.858
2016-09-19;1048.99;9;1048.99
2016-09-20;827.86;9;827.86
2016-09-21;542.116;9;542.116
2016-09-22;595.503;9;595.503
2016-09-23;638.042;9;638.042
2016-09-24;681.163;9;681.163
2016-09-25;912.609;9;912.609
2016-09-26;1021.701;9;1021.701
2016-09-27;1109.73;9;1109.73
2016-09-28;1101.85;9;1101.85
2016-09-29;1146.379;9;1146.379
2016-09-30;983.648;9;983.648
2016-10-01;994.824;10;994.824
2016-10-02;979.103;10;979.103
2016-10-03;936.749;10;936.749
2016-10-04;736.084;10;736.084
2016-10-05;923.832;10;923.832
2016-10-06;837.201;10;837.201
2016-10-07;1050.713;10;1050.713
2016-10-08;1318.504;10;1318.504
2016-10-09;1438.669;10;1438.669
2016-10-10;1137.517;10;1137.517
2016-10-11;768.655;10;768.655
2016-10-12;821.497;10;821.497
2016-10-13;1220.006;10;1220.006
2016-10-14;1358.853;10;1358.853
2016-10-15;1167.347;10;1167.347
2016-10-16;753.667;10;753.667
2016-10-17;859.136;10;859.136
2016-10-18;974.588;10;974.588
2016-10-19;824.801;10;824.801
2016-10-20;1008.792;10;1008.792
2016-10-21;1091.482;10;1091.482
2016-10-22;975.91;10;975.91
2016-10-23;1158.386;10;1158.386
2016-10-24;1107.065;10;1107.065
2016-10-25;1144.469;10;1144.469
2016-10-26;1255.842;10;1255.842
2016-10-27;807.583;10;807.583
2016-10-28;894.657;10;894.657
2016-10-29;1590.723;10;1590.723
2016-10-30;1464.695;10;1464.695
2016-10-31;722.239;10;722.239
2016-11-01;694.268;11;694.268
2016-11-02;705.015;11;705.015
2016-11-03;575.095;11;575.095
2016-11-04;640.134;11;640.134
2016-11-05;1050.572;11;1050.572
2016-11-06;931.066;11;931.066
2016-11-07;560.183;11;560.183
2016-11-08;685.209;11;685.209
2016-11-09;1142.31;11;1142.31
2016-11-10;1231.798;11;1231.798
2016-11-11;1864.689;11;1864.689
2016-11-12;1957.653;11;1957.653
2016-11-13;1158.988;11;1158.988
2016-11-14;937.299;11;937.299
2016-11-15;1017.322;11;1017.322
2016-11-16;1184.003;11;1184.003
2016-11-17;1210.209;11;1210.209
2016-11-18;1149.97;11;1149.97
2016-11-19;1452.89;11;1452.89
2016-11-20;1209.885;11;1209.885
2016-11-21;1144.166;11;1144.166
2016-11-22;944.936;11;944.936
2016-11-23;755.834;11;755.834
2016-11-24;844.507;11;844.507
2016-11-25;1268.969;11;1268.969
2016-11-26;1224.711;11;1224.711
2016-11-27;1212.548;11;1212.548
2016-11-28;1322.348;11;1322.348
2016-11-29;1446.335;11;1446.335
2016-11-30;1529.94;11;1529.94
2016-12-01;1118.774;12;1118.774
2016-12-02;1145.017;12;1145.017
2016-12-03;1416.447;12;1416.447
2016-12-04;1284.895;12;1284.895
2016-12-05;1544.597;12;1544.597
2016-12-06;1389.401;12;1389.401
2016-12-07;1387.064;12;1387.064
2016-12-08;1557.995;12;1557.995
2016-12-09;1340.629;12;1340.629
2016-12-10;1581.089;12;1581.089
2016-12-11;1505.32;12;1505.32
2016-12-12;1240.069;12;1240.069
2016-12-13;1162.99;12;1162.99
2016-12-14;953.483;12;953.483
2016-12-15;962.725;12;962.725
2016-12-16;1275.713;12;1275.713
2016-12-17;1222.623;12;1222.623
2016-12-18;1391.086;12;1391.086
2016-12-19;1495.124;12;1495.124
2016-12-20;1378.307;12;1378.307
2016-12-21;1209.586;12;1209.586
2016-12-22;1059.428;12;1059.428
2016-12-23;870.468;12;870.468
2016-12-24;769.351;12;769.351
2016-12-25;1117.821;12;1117.821
2016-12-26;1092.283;12;1092.283
2016-12-27;1286.09;12;1286.09
2016-12-28;1191.619;12;1191.619
2016-12-29;1028.965;12;1028.965
2016-12-30;736.4;12;736.4
2016-12-31;964.479;12;964.479
2017-01-01;1334.676;1;1334.676
2017-01-02;1465.971;1;1465.971
2017-01-03;1185.899;1;1185.899
2017-01-04;924.705;1;924.705
2017-01-05;1062.064;1;1062.064
2017-01-06;1215.78;1;1215.78
2017-01-07;1178.073;1;1178.073
2017-01-08;1127.506;1;1127.506
2017-01-09;1034.183;1;1034.183
2017-01-10;1358.523;1;1358.523
2017-01-11;1442.323;1;1442.323
2017-01-12;1446.384;1;1446.384
2017-01-13;1466.618;1;1466.618
2017-01-14;1612.163;1;1612.163
2017-01-15;2000.575;1;2000.575
2017-01-16;1483.69;1;1483.69
2017-01-17;1576.201;1;1576.201
2017-01-18;1514.328;1;1514.328
2017-01-19;2184.024;1;2184.024
2017-01-20;1620.519;1;1620.519
2017-01-21;1372.847;1;1372.847
2017-01-22;2020.221;1;2020.221
2017-01-23;1514.889;1;1514.889
2017-01-24;1136.99;1;1136.99
2017-01-25;1211.144;1;1211.144
2017-01-26;1056.376;1;1056.376
2017-01-27;1195.505;1;1195.505
2017-01-28;1332.719;1;1332.719
2017-01-29;1028.615;1;1028.615
2017-01-30;1033.359;1;1033.359
2017-01-31;1311.609;1;1311.609
2017-02-01;1559.659;2;1559.659
2017-02-02;1101.693;2;1101.693
2017-02-03;761.444;2;761.444
2017-02-04;990.091;2;990.091
2017-02-05;1369.362;2;1369.362
2017-02-06;1333.469;2;1333.469
2017-02-07;1320.801;2;1320.801
2017-02-08;1211.438;2;1211.438
2017-02-09;1197.272;2;1197.272
2017-02-10;1298.08;2;1298.08
2017-02-11;957.121;2;957.121
2017-02-12;636.311;2;636.311
2017-02-13;980.563;2;980.563
2017-02-14;1048.99;2;1048.99
2017-02-15;1005.618;2;1005.618
2017-02-16;840.103;2;840.103
2017-02-17;820.666;2;820.666
2017-02-18;975.225;2;975.225
2017-02-19;857.49;2;857.49
2017-02-20;672.515;2;672.515
2017-02-21;920.654;2;920.654
2017-02-22;983.844;2;983.844
2017-02-23;1202.984;2;1202.984
2017-02-24;1393.419;2;1393.419
2017-02-25;1411.039;2;1411.039
2017-02-26;1060.495;2;1060.495
2017-02-27;1507.343;2;1507.343
2017-02-28;1055.965;2;1055.965
2017-03-01;1108.446;3;1108.446
2017-03-02;1448.054;3;1448.054
2017-03-03;1835.227;3;1835.227
2017-03-04;1186.803;3;1186.803
2017-03-05;1249.598;3;1249.598
2017-03-06;1377.991;3;1377.991
2017-03-07;1072.379;3;1072.379
2017-03-08;1250.915;3;1250.915
2017-03-09;1467.207;3;1467.207
2017-03-10;1214.912;3;1214.912
2017-03-11;1220.324;3;1220.324
2017-03-12;2108.528;3;2108.528
2017-03-13;2509.649;3;2509.649
2017-03-14;2224.141;3;2224.141
2017-03-15;2495.395;3;2495.395
2017-03-16;3044.611;3;3044.611
2017-03-17;2360.654;3;2360.654
2017-03-18;1698.81;3;1698.81
2017-03-19;1926.879;3;1926.879
2017-03-20;1845.708;3;1845.708
2017-03-21;1873.781;3;1873.781
2017-03-22;2263.435;3;2263.435
2017-03-23;1709.646;3;1709.646
2017-03-24;1852.727;3;1852.727
2017-03-25;2693.738;3;2693.738
2017-03-26;2381.137;3;2381.137
2017-03-27;2669.897;3;2669.897
2017-03-28;2208.627;3;2208.627
2017-03-29;2316.639;3;2316.639
2017-03-30;3009.463;3;3009.463
2017-03-31;2794.384;3;2794.384
2017-04-01;3379.928;4;3379.928
2017-04-02;3099.758;4;3099.758
2017-04-03;2129.26;4;2129.26
2017-04-04;1788.122;4;1788.122
2017-04-05;1503.244;4;1503.244
2017-04-06;1500.632;4;1500.632
2017-04-07;1519.669;4;1519.669
2017-04-08;1582.472;4;1582.472
2017-04-09;1633.845;4;1633.845
2017-04-10;1962.69;4;1962.69
2017-04-11;1683.102;4;1683.102
2017-04-12;1922.986;4;1922.986
2017-04-13;2081.054;4;2081.054
2017-04-14;1766.223;4;1766.223
2017-04-15;1818.683;4;1818.683
2017-04-16;1511.302;4;1511.302
2017-04-17;1256.974;4;1256.974
2017-04-18;1414.662;4;1414.662
2017-04-19;1706.123;4;1706.123
2017-04-20;1672.219;4;1672.219
2017-04-21;2053.437;4;2053.437
2017-04-22;2038.43;4;2038.43
2017-04-23;1578.358;4;1578.358
2017-04-24;1394.331;4;1394.331
2017-04-25;1486.601;4;1486.601
2017-04-26;1980.994;4;1980.994
2017-04-27;1941.812;4;1941.812
2017-04-28;1363.341;4;1363.341
2017-04-29;1165.414;4;1165.414
2017-04-30;1311.71;4;1311.71
2017-05-01;1492.095;5;1492.095
2017-05-02;1551.106;5;1551.106
2017-05-03;1645.66;5;1645.66
2017-05-04;1398.124;5;1398.124
2017-05-05;1438.95;5;1438.95
2017-05-06;1801.556;5;1801.556
2017-05-07;2109.476;5;2109.476
2017-05-08;2439.756;5;2439.756
2017-05-09;2750.865;5;2750.865
2017-05-10;2853.851;5;2853.851
2017-05-11;3411.389;5;3411.389
2017-05-12;3018.783;5;3018.783
2017-05-13;2719.671;5;2719.671
2017-05-14;3285.344;5;3285.344
2017-05-15;3784.629;5;3784.629
2017-05-16;-999.000;5;2107.0
2017-05-17;3527.776;5;3527.776
2017-05-18;2894.132;5;2894.132
2017-05-19;2619.293;5;2619.293
2017-05-20;1940.136;5;1940.136
2017-05-21;1886.023;5;1886.023
2017-05-22;2159.294;5;2159.294
2017-05-23;3116.72;5;3116.72
2017-05-24;2198.692;5;2198.692
2017-05-25;1762.107;5;1762.107
2017-05-26;1586.149;5;1586.149
2017-05-27;1416.362;5;1416.362
2017-05-28;1434.598;5;1434.598
2017-05-29;1208.127;5;1208.127
2017-05-30;1243.362;5;1243.362
2017-05-31;1368.656;5;1368.656
2017-06-01;1293.722;6;1293.722
2017-06-02;1224.13;6;1224.13
2017-06-03;1184.576;6;1184.576
2017-06-04;1131.751;6;1131.751
2017-06-05;1355.988;6;1355.988
2017-06-06;1472.266;6;1472.266
2017-06-07;1287.781;6;1287.781
2017-06-08;1137.942;6;1137.942
2017-06-09;1081.684;6;1081.684
2017-06-10;1137.408;6;1137.408
2017-06-11;1247.408;6;1247.408
2017-06-12;1454.765;6;1454.765
2017-06-13;2239.648;6;2239.648
2017-06-14;2269.093;6;2269.093
2017-06-15;1804.872;6;1804.872
2017-06-16;1572.84;6;1572.84
2017-06-17;1421.361;6;1421.361
2017-06-18;1298.988;6;1298.988
2017-06-19;1384.171;6;1384.171
2017-06-20;1449.684;6;1449.684
2017-06-21;1509.329;6;1509.329
2017-06-22;1501.323;6;1501.323
2017-06-23;1412.506;6;1412.506
2017-06-24;1361.559;6;1361.559
2017-06-25;1371.473;6;1371.473
2017-06-26;1410.579;6;1410.579
2017-06-27;1389.709;6;1389.709
2017-06-28;1371.897;6;1371.897
2017-06-29;1471.716;6;1471.716
2017-06-30;1344.815;6;1344.815
2017-07-01;1323.416;7;1323.416
2017-07-02;1241.274;7;1241.274
2017-07-03;1243.462;7;1243.462
2017-07-04;1302.686;7;1302.686
2017-07-05;1056.274;7;1056.274
2017-07-06;738.446;7;738.446
2017-07-07;871.725;7;871.725
2017-07-08;1179.032;7;1179.032
2017-07-09;1260.817;7;1260.817
2017-07-10;1352.765;7;1352.765
2017-07-11;1225.531;7;1225.531
2017-07-12;1164.875;7;1164.875
2017-07-13;1152.486;7;1152.486
2017-07-14;1110.494;7;1110.494
2017-07-15;1086.4;7;1086.4
2017-07-16;1111.786;7;1111.786
2017-07-17;925.147;7;925.147
2017-07-18;965.927;7;965.927
2017-07-19;1242.734;7;1242.734
2017-07-20;1184.806;7;1184.806
2017-07-21;1097.854;7;1097.854
2017-07-22;1003.165;7;1003.165
2017-07-23;869.201;7;869.201
2017-07-24;912.446;7;912.446
2017-07-25;1072.217;7;1072.217
2017-07-26;981.464;7;981.464
2017-07-27;1176.795;7;1176.795
2017-07-28;1348.013;7;1348.013
2017-07-29;1139.856;7;1139.856
2017-07-30;1098.285;7;1098.285
2017-07-31;1112.687;7;1112.687
2017-08-01;990.553;8;990.553
2017-08-02;914.819;8;914.819
2017-08-03;860.729;8;860.729
2017-08-04;856.845;8;856.845
2017-08-05;1118.774;8;1118.774
2017-08-06;1089.054;8;1089.054
2017-08-07;956.869;8;956.869
2017-08-08;857.753;8;857.753
2017-08-09;998.71;8;998.71
2017-08-10;1059.284;8;1059.284
2017-08-11;967.986;8;967.986
2017-08-12;802.292;8;802.292
2017-08-13;871.369;8;871.369
2017-08-14;894.27;8;894.27
2017-08-15;835.681;8;835.681
2017-08-16;774.804;8;774.804
2017-08-17;774.887;8;774.887
2017-08-18;889.04;8;889.04
2017-08-19;831.953;8;831.953
2017-08-20;980.0;8;980.0
2017-08-21;1179.189;8;1179.189
2017-08-22;1087.594;8;1087.594
2017-08-23;1031.78;8;1031.78
2017-08-24;978.555;8;978.555
2017-08-25;940.472;8;940.472
2017-08-26;938.092;8;938.092
2017-08-27;978.29;8;978.29
2017-08-28;915.613;8;915.613
2017-08-29;952.373;8;952.373
2017-08-30;962.158;8;962.158
2017-08-31;886.828;8;886.828
2017-09-01;849.523;9;849.523
2017-09-02;876.838;9;876.838
2017-09-03;894.15;9;894.15
2017-09-04;979.613;9;979.613
2017-09-05;938.357;9;938.357
2017-09-06;885.729;9;885.729
2017-09-07;958.456;9;958.456
2017-09-08;962.687;9;962.687
2017-09-09;1050.821;9;1050.821
2017-09-10;976.449;9;976.449
2017-09-11;867.501;9;867.501
2017-09-12;798.192;9;798.192
2017-09-13;748.298;9;748.298
2017-09-14;683.592;9;683.592
2017-09-15;845.482;9;845.482
2017-09-16;817.495;9;817.495
2017-09-17;682.146;9;682.146
2017-09-18;874.9;9;874.9
2017-09-19;996.375;9;996.375
2017-09-20;825.815;9;825.815
2017-09-21;716.15;9;716.15
2017-09-22;660.505;9;660.505
2017-09-23;715.564;9;715.564
2017-09-24;737.904;9;737.904
2017-09-25;652.195;9;652.195
2017-09-26;517.288;9;517.288
2017-09-27;466.157;9;466.157
2017-09-28;548.587;9;548.587
2017-09-29;812.312;9;812.312
2017-09-30;834.524;9;834.524
2017-10-01;858.613;10;858.613
2017-10-02;882.3;10;882.3
2017-10-03;717.894;10;717.894
2017-10-04;728.056;10;728.056
2017-10-05;853.476;10;853.476
2017-10-06;737.125;10;737.125
2017-10-07;894.028;10;894.028
2017-10-08;1046.402;10;1046.402
2017-10-09;963.216;10;963.216
2017-10-10;981.248;10;981.248
2017-10-11;1043.689;10;1043.689
2017-10-12;848.007;10;848.007
2017-10-13;634.829;10;634.829
2017-10-14;524.667;10;524.667
2017-10-15;461.06;10;461.06
2017-10-16;405.203;10;405.203
2017-10-17;363.919;10;363.919
2017-10-18;533.809;10;533.809
2017-10-19;586.448;10;586.448
2017-10-20;576.876;10;576.876
2017-10-21;673.488;10;673.488
2017-10-22;1088.652;10;1088.652
2017-10-23;1053.323;10;1053.323
2017-10-24;910.597;10;910.597
2017-10-25;894.785;10;894.785
2017-10-26;1032.01;10;1032.01
2017-10-27;953.171;10;953.171
2017-10-28;835.764;10;835.764
2017-10-29;997.623;10;997.623
2017-10-30;987.879;10;987.879
2017-10-31;863.739;10;863.739
2017-11-01;897.531;11;897.531
2017-11-02;945.762;11;945.762
2017-11-03;991.204;11;991.204
2017-11-04;1272.481;11;1272.481
2017-11-05;1564.506;11;1564.506
2017-11-06;1380.316;11;1380.316
2017-11-07;1261.444;11;1261.444
2017-11-08;1444.794;11;1444.794
2017-11-09;1457.395;11;1457.395
2017-11-10;1223.455;11;1223.455
2017-11-11;1079.641;11;1079.641
2017-11-12;1287.082;11;1287.082
2017-11-13;1195.041;11;1195.041
2017-11-14;1104.275;11;1104.275
2017-11-15;1562.359;11;1562.359
2017-11-16;2460.019;11;2460.019
2017-11-17;2375.75;11;2375.75
2017-11-18;2231.283;11;2231.283
2017-11-19;1898.342;11;1898.342
2017-11-20;2047.84;11;2047.84
2017-11-21;2075.101;11;2075.101
2017-11-22;1745.39;11;1745.39
2017-11-23;1480.09;11;1480.09
2017-11-24;1490.167;11;1490.167
2017-11-25;1397.084;11;1397.084
2017-11-26;1329.62;11;1329.62
2017-11-27;1531.153;11;1531.153
2017-11-28;1565.134;11;1565.134
2017-11-29;1409.752;11;1409.752
2017-11-30;1322.686;11;1322.686
2017-12-01;1599.937;12;1599.937
2017-12-02;1628.842;12;1628.842
2017-12-03;1363.037;12;1363.037
2017-12-04;1133.363;12;1133.363
2017-12-05;1219.282;12;1219.282
2017-12-06;1180.497;12;1180.497
2017-12-07;1159.489;12;1159.489
2017-12-08;1205.815;12;1205.815
2017-12-09;1082.007;12;1082.007
2017-12-10;1133.708;12;1133.708
2017-12-11;1190.463;12;1190.463
2017-12-12;1161.374;12;1161.374
2017-12-13;1366.58;12;1366.58
2017-12-14;1409.807;12;1409.807
2017-12-15;1209.334;12;1209.334
2017-12-16;1207.237;12;1207.237
2017-12-17;1393.78;12;1393.78
2017-12-18;1228.312;12;1228.312
2017-12-19;1083.898;12;1083.898
2017-12-20;1024.63;12;1024.63
2017-12-21;1053.543;12;1053.543
2017-12-22;936.241;12;936.241
2017-12-23;851.105;12;851.105
2017-12-24;1039.291;12;1039.291
2017-12-25;1605.228;12;1605.228
2017-12-26;1548.649;12;1548.649
2017-12-27;1500.109;12;1500.109
2017-12-28;1578.765;12;1578.765
2017-12-29;1566.881;12;1566.881
2017-12-30;1719.132;12;1719.132
2017-12-31;1867.125;12;1867.125
2018-01-01;1669.753;1;1669.753
2018-01-02;1601.685;1;1601.685
2018-01-03;1686.459;1;1686.459
2018-01-04;1462.366;1;1462.366
2018-01-05;969.341;1;969.341
2018-01-06;909.53;1;909.53
2018-01-07;947.348;1;947.348
2018-01-08;876.307;1;876.307
2018-01-09;862.571;1;862.571
2018-01-10;1192.996;1;1192.996
2018-01-11;1560.534;1;1560.534
2018-01-12;1337.24;1;1337.24
2018-01-13;1380.603;1;1380.603
2018-01-14;1331.838;1;1331.838
2018-01-15;1511.647;1;1511.647
2018-01-16;1433.161;1;1433.161
2018-01-17;1387.721;1;1387.721
2018-01-18;1558.604;1;1558.604
2018-01-19;1472.64;1;1472.64
2018-01-20;1293.601;1;1293.601
2018-01-21;1270.468;1;1270.468
2018-01-22;1103.197;1;1103.197
2018-01-23;1162.451;1;1162.451
2018-01-24;1151.683;1;1151.683
2018-01-25;992.657;1;992.657
2018-01-26;917.161;1;917.161
2018-01-27;844.962;1;844.962
2018-01-28;626.339;1;626.339
2018-01-29;522.818;1;522.818
2018-01-30;541.479;1;541.479
2018-01-31;522.082;1;522.082
2018-02-01;579.771;2;579.771
2018-02-02;566.414;2;566.414
2018-02-03;493.948;2;493.948
2018-02-04;572.571;2;572.571
2018-02-05;880.4;2;880.4
2018-02-06;758.887;2;758.887
2018-02-07;555.991;2;555.991
2018-02-08;518.966;2;518.966
2018-02-09;866.429;2;866.429
2018-02-10;943.66;2;943.66
2018-02-11;600.155;2;600.155
2018-02-12;486.516;2;486.516
2018-02-13;524.188;2;524.188
2018-02-14;610.933;2;610.933
2018-02-15;969.25;2;969.25
2018-02-16;902.194;2;902.194
2018-02-17;605.927;2;605.927
2018-02-18;664.612;2;664.612
2018-02-19;798.846;2;798.846
2018-02-20;856.969;2;856.969
2018-02-21;997.067;2;997.067
2018-02-22;1073.353;2;1073.353
2018-02-23;1165.878;2;1165.878
2018-02-24;1022.475;2;1022.475
2018-02-25;1413.06;2;1413.06
2018-02-26;1447.829;2;1447.829
2018-02-27;1148.776;2;1148.776
2018-02-28;1071.927;2;1071.927
2018-03-01;811.613;3;811.613
2018-03-02;993.342;3;993.342
2018-03-03;1202.51;3;1202.51
2018-03-04;1119.582;3;1119.582
2018-03-05;889.289;3;889.289
2018-03-06;1168.696;3;1168.696
2018-03-07;923.742;3;923.742
2018-03-08;760.252;3;760.252
2018-03-09;675.871;3;675.871
2018-03-10;590.343;3;590.343
2018-03-11;556.806;3;556.806
2018-03-12;533.212;3;533.212
2018-03-13;506.501;3;506.501
2018-03-14;485.149;3;485.149
2018-03-15;601.199;3;601.199
2018-03-16;789.614;3;789.614
2018-03-17;899.529;3;899.529
2018-03-18;840.756;3;840.756
2018-03-19;1006.547;3;1006.547
2018-03-20;1037.623;3;1037.623
2018-03-21;860.869;3;860.869
2018-03-22;642.549;3;642.549
2018-03-23;828.509;3;828.509
2018-03-24;1475.037;3;1475.037
2018-03-25;1440.075;3;1440.075
2018-03-26;1091.49;3;1091.49
2018-03-27;1131.311;3;1131.311
2018-03-28;1167.045;3;1167.045
2018-03-29;1045.364;3;1045.364
2018-03-30;1099.073;3;1099.073
2018-03-31;1291.112;3;1291.112
2018-04-01;1781.707;4;1781.707
2018-04-02;1725.506;4;1725.506
2018-04-03;1680.485;4;1680.485
2018-04-04;2077.788;4;2077.788
2018-04-05;2138.491;4;2138.491
2018-04-06;2158.152;4;2158.152
2018-04-07;2385.568;4;2385.568
2018-04-08;1941.478;4;1941.478
2018-04-09;1658.547;4;1658.547
2018-04-10;1698.002;4;1698.002
2018-04-11;1680.331;4;1680.331
2018-04-12;1623.292;4;1623.292
2018-04-13;1949.711;4;1949.711
2018-04-14;2451.304;4;2451.304
2018-04-15;2159.144;4;2159.144
2018-04-16;1537.892;4;1537.892
2018-04-17;1607.382;4;1607.382
2018-04-18;1565.068;4;1565.068
2018-04-19;1246.45;4;1246.45
2018-04-20;1264.927;4;1264.927
2018-04-21;1300.295;4;1300.295
2018-04-22;1280.836;4;1280.836
2018-04-23;1330.531;4;1330.531
2018-04-24;1344.3;4;1344.3
2018-04-25;1098.23;4;1098.23
2018-04-26;1138.411;4;1138.411
2018-04-27;1390.793;4;1390.793
2018-04-28;1383.039;4;1383.039
2018-04-29;1667.262;4;1667.262
2018-04-30;1593.295;4;1593.295
2018-05-01;1435.921;5;1435.921
2018-05-02;1301.681;5;1301.681
2018-05-03;1256.423;5;1256.423
2018-05-04;1626.357;5;1626.357
2018-05-05;1655.665;5;1655.665
2018-05-06;1304.384;5;1304.384
2018-05-07;1205.101;5;1205.101
2018-05-08;1691.11;5;1691.11
2018-05-09;2356.344;5;2356.344
2018-05-10;2734.469;5;2734.469
2018-05-11;2653.016;5;2653.016
2018-05-12;1692.624;5;1692.624
2018-05-13;1709.294;5;1709.294
2018-05-14;1798.544;5;1798.544
2018-05-15;1899.398;5;1899.398
2018-05-16;2001.565;5;2001.565
2018-05-17;1533.103;5;1533.103
2018-05-18;1310.548;5;1310.548
2018-05-19;1300.486;5;1300.486
2018-05-20;1610.235;5;1610.235
2018-05-21;1943.578;5;1943.578
2018-05-22;1952.687;5;1952.687
2018-05-23;1700.369;5;1700.369
2018-05-24;1751.145;5;1751.145
2018-05-25;1752.063;5;1752.063
2018-05-26;1636.707;5;1636.707
2018-05-27;1724.263;5;1724.263
2018-05-28;1738.436;5;1738.436
2018-05-29;2148.444;5;2148.444
2018-05-30;1857.416;5;1857.416
2018-05-31;1513.977;5;1513.977
2018-06-01;1435.145;6;1435.145
2018-06-02;1402.592;6;1402.592
2018-06-03;1636.797;6;1636.797
2018-06-04;1714.378;6;1714.378
2018-06-05;1861.83;6;1861.83
2018-06-06;1807.625;6;1807.625
2018-06-07;1592.603;6;1592.603
2018-06-08;1336.901;6;1336.901
2018-06-09;1369.013;6;1369.013
2018-06-10;1545.668;6;1545.668
2018-06-11;1658.738;6;1658.738
2018-06-12;1886.331;6;1886.331
2018-06-13;1805.275;6;1805.275
2018-06-14;1630.903;6;1630.903
2018-06-15;1523.602;6;1523.602
2018-06-16;1536.396;6;1536.396
2018-06-17;1424.419;6;1424.419
2018-06-18;1621.434;6;1621.434
2018-06-19;1483.395;6;1483.395
2018-06-20;1483.282;6;1483.282
2018-06-21;1381.663;6;1381.663
2018-06-22;1419.667;6;1419.667
2018-06-23;1452.989;6;1452.989
2018-06-24;1393.229;6;1393.229
2018-06-25;1361.008;6;1361.008
2018-06-26;1411.956;6;1411.956
2018-06-27;1252.256;6;1252.256
2018-06-28;1257.41;6;1257.41
2018-06-29;1349.717;6;1349.717
2018-06-30;1405.071;6;1405.071
2018-07-01;1475.02;7;1475.02
2018-07-02;1440.321;7;1440.321
2018-07-03;1392.954;7;1392.954
2018-07-04;1449.409;7;1449.409
2018-07-05;1302.864;7;1302.864
2018-07-06;1153.833;7;1153.833
2018-07-07;1065.288;7;1065.288
2018-07-08;1002.621;7;1002.621
2018-07-09;1149.098;7;1149.098
2018-07-10;1209.667;7;1209.667
2018-07-11;1133.097;7;1133.097
2018-07-12;1125.822;7;1125.822
2018-07-13;1221.179;7;1221.179
2018-07-14;1300.01;7;1300.01
2018-07-15;1286.377;7;1286.377
2018-07-16;1380.286;7;1380.286
2018-07-17;1313.576;7;1313.576
2018-07-18;907.762;7;907.762
2018-07-19;1174.969;7;1174.969
2018-07-20;1111.058;7;1111.058
2018-07-21;941.001;7;941.001
2018-07-22;891.811;7;891.811
2018-07-23;1068.592;7;1068.592
2018-07-24;1072.834;7;1072.834
2018-07-25;1248.174;7;1248.174
2018-07-26;1110.529;7;1110.529
2018-07-27;1016.835;7;1016.835
2018-07-28;1254.653;7;1254.653
2018-07-29;1433.712;7;1433.712
2018-07-30;1505.396;7;1505.396
2018-07-31;1501.393;7;1501.393
2018-08-01;1710.028;8;1710.028
2018-08-02;1533.572;8;1533.572
2018-08-03;1273.975;8;1273.975
2018-08-04;1171.878;8;1171.878
2018-08-05;1716.92;8;1716.92
2018-08-06;1510.79;8;1510.79
2018-08-07;1118.378;8;1118.378
2018-08-08;899.356;8;899.356
2018-08-09;867.975;8;867.975
2018-08-10;962.496;8;962.496
2018-08-11;1089.083;8;1089.083
2018-08-12;933.215;8;933.215
2018-08-13;730.887;8;730.887
2018-08-14;696.066;8;696.066
2018-08-15;808.586;8;808.586
2018-08-16;893.571;8;893.571
2018-08-17;971.15;8;971.15
2018-08-18;878.846;8;878.846
2018-08-19;858.441;8;858.441
2018-08-20;727.787;8;727.787
2018-08-21;845.096;8;845.096
2018-08-22;754.015;8;754.015
2018-08-23;881.486;8;881.486
2018-08-24;885.752;8;885.752
2018-08-25;754.624;8;754.624
2018-08-26;661.254;8;661.254
2018-08-27;691.908;8;691.908
2018-08-28;745.699;8;745.699
2018-08-29;778.702;8;778.702
2018-08-30;932.1;8;932.1
2018-08-31;894.572;8;894.572
2018-09-01;754.535;9;754.535
2018-09-02;750.377;9;750.377
2018-09-03;718.158;9;718.158
2018-09-04;630.344;9;630.344
2018-09-05;546.344;9;546.344
2018-09-06;577.729;9;577.729
2018-09-07;581.102;9;581.102
2018-09-08;629.138;9;629.138
2018-09-09;1032.134;9;1032.134
2018-09-10;972.275;9;972.275
2018-09-11;682.936;9;682.936
2018-09-12;600.73;9;600.73
2018-09-13;733.746;9;733.746
2018-09-14;772.511;9;772.511
2018-09-15;1095.263;9;1095.263
2018-09-16;1622.191;9;1622.191
2018-09-17;1311.417;9;1311.417
2018-09-18;881.516;9;881.516
2018-09-19;905.855;9;905.855
2018-09-20;863.27;9;863.27
2018-09-21;684.075;9;684.075
2018-09-22;563.693;9;563.693
2018-09-23;830.588;9;830.588
2018-09-24;928.891;9;928.891
2018-09-25;835.43;9;835.43
2018-09-26;653.805;9;653.805
2018-09-27;409.665;9;409.665
2018-09-28;375.314;9;375.314
2018-09-29;378.593;9;378.593
2018-09-30;363.787;9;363.787
2018-10-01;353.082;10;353.082
2018-10-02;472.668;10;472.668
2018-10-03;549.425;10;549.425
2018-10-04;707.987;10;707.987
2018-10-05;722.499;10;722.499
2018-10-06;1057.986;10;1057.986
2018-10-07;968.128;10;968.128
2018-10-08;926.145;10;926.145
2018-10-09;1186.494;10;1186.494
2018-10-10;1159.496;10;1159.496
2018-10-11;1110.34;10;1110.34
2018-10-12;1122.663;10;1122.663
2018-10-13;1068.171;10;1068.171
2018-10-14;1159.322;10;1159.322
2018-10-15;1177.804;10;1177.804
2018-10-16;1112.403;10;1112.403
2018-10-17;1137.744;10;1137.744
2018-10-18;1147.922;10;1147.922
2018-10-19;1081.811;10;1081.811
2018-10-20;1046.335;10;1046.335
2018-10-21;1118.424;10;1118.424
2018-10-22;1064.768;10;1064.768
2018-10-23;988.328;10;988.328
2018-10-24;1148.985;10;1148.985
2018-10-25;1232.428;10;1232.428
2018-10-26;1460.155;10;1460.155
2018-10-27;1480.528;10;1480.528
2018-10-28;1372.084;10;1372.084
2018-10-29;1196.469;10;1196.469
2018-10-30;1443.075;10;1443.075
2018-10-31;1460.425;10;1460.425
2018-11-01;1246.916;11;1246.916
2018-11-02;1033.249;11;1033.249
2018-11-03;1305.142;11;1305.142
2018-11-04;1368.168;11;1368.168
2018-11-05;1262.309;11;1262.309
2018-11-06;1108.148;11;1108.148
2018-11-07;1058.162;11;1058.162
2018-11-08;1190.475;11;1190.475
2018-11-09;1343.468;11;1343.468
2018-11-10;1529.315;11;1529.315
2018-11-11;1622.211;11;1622.211
2018-11-12;1456.152;11;1456.152
2018-11-13;1244.179;11;1244.179
2018-11-14;979.759;11;979.759
2018-11-15;884.935;11;884.935
2018-11-16;947.084;11;947.084
2018-11-17;895.272;11;895.272
2018-11-18;969.385;11;969.385
2018-11-19;1478.115;11;1478.115
2018-11-20;1503.339;11;1503.339
2018-11-21;1610.857;11;1610.857
2018-11-22;1676.935;11;1676.935
2018-11-23;1296.53;11;1296.53
2018-11-24;1107.476;11;1107.476
2018-11-25;1148.596;11;1148.596
2018-11-26;1502.284;11;1502.284
2018-11-27;1372.451;11;1372.451
2018-11-28;1210.808;11;1210.808
2018-11-29;1379.735;11;1379.735
2018-11-30;1491.626;11;1491.626
2018-12-01;1561.938;12;1561.938
2018-12-02;1604.657;12;1604.657
2018-12-03;1495.125;12;1495.125
2018-12-04;1254.268;12;1254.268
2018-12-05;1086.09;12;1086.09
2018-12-06;988.481;12;988.481
2018-12-07;1192.896;12;1192.896
2018-12-08;1183.998;12;1183.998
2018-12-09;1209.585;12;1209.585
2018-12-10;1230.324;12;1230.324
2018-12-11;1139.303;12;1139.303
2018-12-12;1135.081;12;1135.081
2018-12-13;1201.256;12;1201.256
2018-12-14;1037.152;12;1037.152
2018-12-15;985.293;12;985.293
2018-12-16;732.189;12;732.189
2018-12-17;594.276;12;594.276
2018-12-18;563.261;12;563.261
2018-12-19;524.753;12;524.753
2018-12-20;599.335;12;599.335
2018-12-21;939.079;12;939.079
2018-12-22;785.744;12;785.744
2018-12-23;520.301;12;520.301
2018-12-24;491.673;12;491.673
2018-12-25;503.091;12;503.091
2018-12-26;541.361;12;541.361
2018-12-27;418.616;12;418.616
2018-12-28;361.457;12;361.457
2018-12-29;309.812;12;309.812
2018-12-30;363.671;12;363.671
2018-12-31;479.38;12;479.38
2019-01-01;617.745;1;617.745
2019-01-02;759.472;1;759.472
2019-01-03;565.276;1;565.276
2019-01-04;362.781;1;362.781
2019-01-05;312.153;1;312.153
2019-01-06;350.668;1;350.668
2019-01-07;358.492;1;358.492
2019-01-08;344.027;1;344.027
2019-01-09;402.585;1;402.585
2019-01-10;423.17;1;423.17
2019-01-11;376.692;1;376.692
2019-01-12;389.428;1;389.428
2019-01-13;394.802;1;394.802
2019-01-14;397.734;1;397.734
2019-01-15;488.912;1;488.912
2019-01-16;529.958;1;529.958
2019-01-17;645.211;1;645.211
2019-01-18;847.812;1;847.812
2019-01-19;785.605;1;785.605
2019-01-20;456.224;1;456.224
2019-01-21;554.861;1;554.861
2019-01-22;596.763;1;596.763
2019-01-23;466.821;1;466.821
2019-01-24;389.878;1;389.878
2019-01-25;409.511;1;409.511
2019-01-26;401.628;1;401.628
2019-01-27;406.187;1;406.187
2019-01-28;370.758;1;370.758
2019-01-29;625.916;1;625.916
2019-01-30;1158.972;1;1158.972
2019-01-31;1125.846;1;1125.846
2019-02-01;1060.063;2;1060.063
2019-02-02;876.161;2;876.161
2019-02-03;548.166;2;548.166
2019-02-04;541.67;2;541.67
2019-02-05;501.725;2;501.725
2019-02-06;648.956;2;648.956
2019-02-07;1132.577;2;1132.577
2019-02-08;1219.848;2;1219.848
2019-02-09;1223.364;2;1223.364
2019-02-10;1156.795;2;1156.795
2019-02-11;1145.214;2;1145.214
2019-02-12;1133.916;2;1133.916
2019-02-13;1029.64;2;1029.64
2019-02-14;983.878;2;983.878
2019-02-15;997.866;2;997.866
2019-02-16;956.35;2;956.35
2019-02-17;1024.375;2;1024.375
2019-02-18;1015.147;2;1015.147
2019-02-19;751.592;2;751.592
2019-02-20;613.012;2;613.012
2019-02-21;616.237;2;616.237
2019-02-22;691.686;2;691.686
2019-02-23;964.642;2;964.642
2019-02-24;1208.605;2;1208.605
2019-02-25;1188.563;2;1188.563
2019-02-26;929.514;2;929.514
2019-02-27;734.544;2;734.544
2019-02-28;679.271;2;679.271
2019-03-01;576.171;3;576.171
2019-03-02;749.46;3;749.46
2019-03-03;772.739;3;772.739
2019-03-04;623.695;3;623.695
2019-03-05;859.609;3;859.609
2019-03-06;815.46;3;815.46
2019-03-07;644.123;3;644.123
2019-03-08;660.696;3;660.696
2019-03-09;673.405;3;673.405
2019-03-10;696.326;3;696.326
2019-03-11;846.949;3;846.949
2019-03-12;907.49;3;907.49
2019-03-13;841.52;3;841.52
2019-03-14;848.736;3;848.736
2019-03-15;682.895;3;682.895
2019-03-16;704.589;3;704.589
2019-03-17;709.444;3;709.444
2019-03-18;705.902;3;705.902
2019-03-19;1086.298;3;1086.298
2019-03-20;1221.167;3;1221.167
2019-03-21;1230.067;3;1230.067
2019-03-22;1282.47;3;1282.47
2019-03-23;1328.805;3;1328.805
2019-03-24;1580.914;3;1580.914
2019-03-25;1520.481;3;1520.481
2019-03-26;1402.898;3;1402.898
2019-03-27;1319.085;3;1319.085
2019-03-28;1190.755;3;1190.755
2019-03-29;1169.434;3;1169.434
2019-03-30;1193.105;3;1193.105
2019-03-31;1234.438;3;1234.438
2019-04-01;1054.534;4;1054.534
2019-04-02;1205.73;4;1205.73
2019-04-03;1631.404;4;1631.404
2019-04-04;1277.816;4;1277.816
2019-04-05;1222.783;4;1222.783
2019-04-06;1220.09;4;1220.09
2019-04-07;1226.974;4;1226.974
2019-04-08;1367.984;4;1367.984
2019-04-09;1191.434;4;1191.434
2019-04-10;1150.87;4;1150.87
2019-04-11;1248.113;4;1248.113
2019-04-12;1281.045;4;1281.045
2019-04-13;1215.78;4;1215.78
2019-04-14;1115.703;4;1115.703
2019-04-15;1500.731;4;1500.731
2019-04-16;1675.046;4;1675.046
2019-04-17;1264.067;4;1264.067
2019-04-18;1272.099;4;1272.099
2019-04-19;1353.297;4;1353.297
2019-04-20;1802.097;4;1802.097
2019-04-21;1849.154;4;1849.154
2019-04-22;1997.884;4;1997.884
2019-04-23;1938.415;4;1938.415
2019-04-24;1923.425;4;1923.425
2019-04-25;2045.462;4;2045.462
2019-04-26;1676.05;4;1676.05
2019-04-27;1504.748;4;1504.748
2019-04-28;1348.616;4;1348.616
2019-04-29;1317.545;4;1317.545
2019-04-30;1228.236;4;1228.236
2019-05-01;1098.793;5;1098.793
2019-05-02;941.266;5;941.266
2019-05-03;946.819;5;946.819
2019-05-04;947.882;5;947.882
2019-05-05;873.067;5;873.067
2019-05-06;860.901;5;860.901
2019-05-07;845.779;5;845.779
2019-05-08;894.971;5;894.971
2019-05-09;1138.229;5;1138.229
2019-05-10;1297.502;5;1297.502
2019-05-11;1318.45;5;1318.45
2019-05-12;1466.483;5;1466.483
2019-05-13;1442.524;5;1442.524
2019-05-14;1600.412;5;1600.412
2019-05-15;1579.294;5;1579.294
2019-05-16;1460.149;5;1460.149
2019-05-17;1318.534;5;1318.534
2019-05-18;1317.251;5;1317.251
2019-05-19;1605.652;5;1605.652
2019-05-20;2021.091;5;2021.091
2019-05-21;1744.086;5;1744.086
2019-05-22;1295.78;5;1295.78
2019-05-23;1305.918;5;1305.918
2019-05-24;1332.918;5;1332.918
2019-05-25;1200.795;5;1200.795
2019-05-26;1109.164;5;1109.164
2019-05-27;1272.738;5;1272.738
2019-05-28;1219.03;5;1219.03
2019-05-29;1212.92;5;1212.92
2019-05-30;1362.984;5;1362.984
2019-05-31;1662.941;5;1662.941
2019-06-01;2584.107;6;2584.107
2019-06-02;2735.435;6;2735.435
2019-06-03;2234.226;6;2234.226
2019-06-04;1792.114;6;1792.114
2019-06-05;1619.182;6;1619.182
2019-06-06;1453.264;6;1453.264
2019-06-07;1322.789;6;1322.789
2019-06-08;1259.779;6;1259.779
2019-06-09;1111.015;6;1111.015
2019-06-10;944.704;6;944.704
2019-06-11;1037.255;6;1037.255
2019-06-12;1349.182;6;1349.182
2019-06-13;1216.116;6;1216.116
2019-06-14;1323.908;6;1323.908
2019-06-15;1552.29;6;1552.29
2019-06-16;1420.217;6;1420.217
2019-06-17;1526.243;6;1526.243
2019-06-18;1494.942;6;1494.942
2019-06-19;1914.974;6;1914.974
2019-06-20;1660.133;6;1660.133
2019-06-21;1741.315;6;1741.315
2019-06-22;1837.309;6;1837.309
2019-06-23;1692.275;6;1692.275
2019-06-24;1973.023;6;1973.023
2019-06-25;1823.989;6;1823.989
2019-06-26;1778.559;6;1778.559
2019-06-27;1597.63;6;1597.63
2019-06-28;1352.801;6;1352.801
2019-06-29;1258.354;6;1258.354
2019-06-30;1259.129;6;1259.129
2019-07-01;1391.45;7;1391.45
2019-07-02;1392.954;7;1392.954
2019-07-03;1175.047;7;1175.047
2019-07-04;936.241;7;936.241
2019-07-05;886.568;7;886.568
2019-07-06;781.611;7;781.611
2019-07-07;835.543;7;835.543
2019-07-08;907.753;7;907.753
2019-07-09;815.421;7;815.421
2019-07-10;881.38;7;881.38
2019-07-11;933.596;7;933.596
2019-07-12;862.826;7;862.826
2019-07-13;765.449;7;765.449
2019-07-14;968.827;7;968.827
2019-07-15;1167.838;7;1167.838
2019-07-16;1138.75;7;1138.75
2019-07-17;1116.708;7;1116.708
2019-07-18;1007.935;7;1007.935
2019-07-19;1045.199;7;1045.199
2019-07-20;968.241;7;968.241
2019-07-21;914.291;7;914.291
2019-07-22;1022.456;7;1022.456
2019-07-23;1001.568;7;1001.568
2019-07-24;1118.623;7;1118.623
2019-07-25;1117.516;7;1117.516
2019-07-26;1045.802;7;1045.802
2019-07-27;992.042;7;992.042
2019-07-28;921.167;7;921.167
2019-07-29;1061.808;7;1061.808
2019-07-30;1208.508;7;1208.508
2019-07-31;1142.79;7;1142.79
2019-08-01;1217.127;8;1217.127
2019-08-02;1109.156;8;1109.156
2019-08-03;1002.885;8;1002.885
2019-08-04;1155.92;8;1155.92
2019-08-05;1268.495;8;1268.495
2019-08-06;1193.156;8;1193.156
2019-08-07;1074.066;8;1074.066
2019-08-08;898.423;8;898.423
2019-08-09;872.013;8;872.013
2019-08-10;895.771;8;895.771
2019-08-11;935.712;8;935.712
2019-08-12;884.981;8;884.981
2019-08-13;825.231;8;825.231
2019-08-14;1056.502;8;1056.502
2019-08-15;1600.595;8;1600.595
2019-08-16;1400.269;8;1400.269
2019-08-17;1073.29;8;1073.29
2019-08-18;1023.518;8;1023.518
2019-08-19;925.662;8;925.662
2019-08-20;966.39;8;966.39
2019-08-21;897.374;8;897.374
2019-08-22;798.757;8;798.757
2019-08-23;663.967;8;663.967
2019-08-24;628.924;8;628.924
2019-08-25;709.906;8;709.906
2019-08-26;943.158;8;943.158
2019-08-27;862.088;8;862.088
2019-08-28;887.384;8;887.384
2019-08-29;875.472;8;875.472
2019-08-30;871.484;8;871.484
2019-08-31;819.765;8;819.765
2019-09-01;949.292;9;949.292
2019-09-02;1016.902;9;1016.902
2019-09-03;949.728;9;949.728
2019-09-04;994.952;9;994.952
2019-09-05;751.847;9;751.847
2019-09-06;474.78;9;474.78
2019-09-07;444.158;9;444.158
2019-09-08;537.271;9;537.271
2019-09-09;754.015;9;754.015
2019-09-10;731.667;9;731.667
2019-09-11;777.662;9;777.662
2019-09-12;762.869;9;762.869
2019-09-13;819.146;9;819.146
2019-09-14;900.384;9;900.384
2019-09-15;724.415;9;724.415
2019-09-16;656.016;9;656.016
2019-09-17;623.561;9;623.561
2019-09-18;391.633;9;391.633
2019-09-19;368.76;9;368.76
2019-09-20;441.42;9;441.42
2019-09-21;561.822;9;561.822
2019-09-22;737.182;9;737.182
2019-09-23;919.635;9;919.635
2019-09-24;634.989;9;634.989
2019-09-25;463.292;9;463.292
2019-09-26;413.636;9;413.636
2019-09-27;651.827;9;651.827
2019-09-28;739.071;9;739.071
2019-09-29;852.993;9;852.993
2019-09-30;957.398;9;957.398
2019-10-01;910.193;10;910.193
2019-10-02;705.477;10;705.477
2019-10-03;706.757;10;706.757
2019-10-04;793.774;10;793.774
2019-10-05;801.871;10;801.871
2019-10-06;809.136;10;809.136
2019-10-07;633.566;10;633.566
2019-10-08;679.291;10;679.291
2019-10-09;758.433;10;758.433
2019-10-10;623.921;10;623.921
2019-10-11;579.51;10;579.51
2019-10-12;542.115;10;542.115
2019-10-13;536.032;10;536.032
2019-10-14;624.626;10;624.626
2019-10-15;564.151;10;564.151
2019-10-16;637.943;10;637.943
2019-10-17;752.456;10;752.456
2019-10-18;802.214;10;802.214
2019-10-19;1021.89;10;1021.89
2019-10-20;1076.845;10;1076.845
2019-10-21;993.952;10;993.952
2019-10-22;939.414;10;939.414
2019-10-23;983.622;10;983.622
2019-10-24;1131.553;10;1131.553
2019-10-25;1181.574;10;1181.574
2019-10-26;1112.1;10;1112.1
2019-10-27;1133.735;10;1133.735
2019-10-28;1110.64;10;1110.64
2019-10-29;929.146;10;929.146
2019-10-30;834.591;10;834.591
2019-10-31;814.372;10;814.372
2019-11-01;896.348;11;896.348
2019-11-02;897.926;11;897.926
2019-11-03;732.198;11;732.198
2019-11-04;557.696;11;557.696
2019-11-05;494.84;11;494.84
2019-11-06;779.301;11;779.301
2019-11-07;1313.943;11;1313.943
2019-11-08;1215.599;11;1215.599
2019-11-09;894.806;11;894.806
2019-11-10;958.456;11;958.456
2019-11-11;1147.138;11;1147.138
2019-11-12;1384.607;11;1384.607
2019-11-13;1610.998;11;1610.998
2019-11-14;1665.628;11;1665.628
2019-11-15;1631.673;11;1631.673
2019-11-16;1478.367;11;1478.367
2019-11-17;1284.353;11;1284.353
2019-11-18;1194.772;11;1194.772
2019-11-19;1185.614;11;1185.614
2019-11-20;1523.375;11;1523.375
2019-11-21;1998.249;11;1998.249
2019-11-22;1658.042;11;1658.042
2019-11-23;1429.581;11;1429.581
2019-11-24;1282.235;11;1282.235
2019-11-25;968.712;11;968.712
2019-11-26;799.013;11;799.013
2019-11-27;691.798;11;691.798
2019-11-28;767.54;11;767.54
2019-11-29;959.733;11;959.733
2019-11-30;1210.721;11;1210.721
2019-12-01;1163.529;12;1163.529
2019-12-02;1239.482;12;1239.482
2019-12-03;1039.967;12;1039.967
2019-12-04;691.476;12;691.476
2019-12-05;778.316;12;778.316
2019-12-06;1119.675;12;1119.675
2019-12-07;1109.723;12;1109.723
2019-12-08;1126.398;12;1126.398
2019-12-09;1039.171;12;1039.171
2019-12-10;976.18;12;976.18
2019-12-11;1132.559;12;1132.559
2019-12-12;1256.332;12;1256.332
2019-12-13;1326.472;12;1326.472
2019-12-14;1159.366;12;1159.366
2019-12-15;1277.172;12;1277.172
2019-12-16;1325.501;12;1325.501
2019-12-17;1228.727;12;1228.727
2019-12-18;1205.673;12;1205.673
2019-12-19;1314.17;12;1314.17
2019-12-20;1229.105;12;1229.105
2019-12-21;1202.601;12;1202.601
2019-12-22;1174.572;12;1174.572
2019-12-23;1231.472;12;1231.472
2019-12-24;1192.396;12;1192.396
2019-12-25;1119.088;12;1119.088
2019-12-26;1098.618;12;1098.618
2019-12-27;1230.098;12;1230.098
2019-12-28;1195.317;12;1195.317
2019-12-29;1072.602;12;1072.602
2019-12-30;1104.226;12;1104.226
2019-12-31;1343.526;12;1343.526
2020-01-01;1307.364;1;1307.364
2020-01-02;1038.596;1;1038.596
2020-01-03;967.939;1;967.939
2020-01-04;1012.405;1;1012.405
2020-01-05;790.095;1;790.095
2020-01-06;704.406;1;704.406
2020-01-07;875.01;1;875.01
2020-01-08;801.101;1;801.101
2020-01-09;865.264;1;865.264
2020-01-10;937.299;1;937.299
2020-01-11;963.216;1;963.216
2020-01-12;951.844;1;951.844
2020-01-13;834.4;1;834.4
2020-01-14;738.163;1;738.163
2020-01-15;845.077;1;845.077
2020-01-16;909.006;1;909.006
2020-01-17;821.676;1;821.676
2020-01-18;729.588;1;729.588
2020-01-19;602.697;1;602.697
2020-01-20;455.716;1;455.716
2020-01-21;457.527;1;457.527
2020-01-22;584.852;1;584.852
2020-01-23;550.796;1;550.796
2020-01-24;483.169;1;483.169
2020-01-25;420.848;1;420.848
2020-01-26;581.318;1;581.318
2020-01-27;974.174;1;974.174
2020-01-28;727.265;1;727.265
2020-01-29;367.898;1;367.898
2020-01-30;330.971;1;330.971
2020-01-31;470.026;1;470.026
2020-02-01;634.116;2;634.116
2020-02-02;367.738;2;367.738
2020-02-03;402.135;2;402.135
2020-02-04;639.347;2;639.347
2020-02-05;703.956;2;703.956
2020-02-06;499.379;2;499.379
2020-02-07;566.652;2;566.652
2020-02-08;894.858;2;894.858
2020-02-09;880.996;2;880.996
2020-02-10;724.202;2;724.202
2020-02-11;771.354;2;771.354
2020-02-12;750.897;2;750.897
2020-02-13;732.187;2;732.187
2020-02-14;650.123;2;650.123
2020-02-15;609.259;2;609.259
2020-02-16;689.786;2;689.786
2020-02-17;420.658;2;420.658
2020-02-18;369.846;2;369.846
2020-02-19;324.56;2;324.56
2020-02-20;345.251;2;345.251
2020-02-21;459.219;2;459.219
2020-02-22;757.803;2;757.803
2020-02-23;705.94;2;705.94
2020-02-24;832.489;2;832.489
2020-02-25;778.812;2;778.812
2020-02-26;972.718;2;972.718
2020-02-27;1177.818;2;1177.818
2020-02-28;1110.2;2;1110.2
2020-02-29;999.542;2;999.542
2020-03-01;811.272;3;811.272
2020-03-02;881.507;3;881.507
2020-03-03;1020.34;3;1020.34
2020-03-04;895.691;3;895.691
2020-03-05;708.821;3;708.821
2020-03-06;467.632;3;467.632
2020-03-07;466.246;3;466.246
2020-03-08;503.537;3;503.537
2020-03-09;463.025;3;463.025
2020-03-10;497.729;3;497.729
2020-03-11;831.036;3;831.036
2020-03-12;996.71;3;996.71
2020-03-13;941.549;3;941.549
2020-03-14;1215.004;3;1215.004
2020-03-15;1262.781;3;1262.781
2020-03-16;1028.586;3;1028.586
2020-03-17;968.096;3;968.096
2020-03-18;1103.799;3;1103.799
2020-03-19;1072.295;3;1072.295
2020-03-20;1269.96;3;1269.96
2020-03-21;1388.178;3;1388.178
2020-03-22;989.428;3;989.428
2020-03-23;594.097;3;594.097
2020-03-24;683.681;3;683.681
2020-03-25;658.735;3;658.735
2020-03-26;631.534;3;631.534
2020-03-27;733.486;3;733.486
2020-03-28;646.927;3;646.927
2020-03-29;612.75;3;612.75
2020-03-30;638.795;3;638.795
2020-03-31;562.593;3;562.593
2020-04-01;693.113;4;693.113
2020-04-02;802.835;4;802.835
2020-04-03;802.014;4;802.014
2020-04-04;997.619;4;997.619
2020-04-05;962.916;4;962.916
2020-04-06;863.802;4;863.802
2020-04-07;834.393;4;834.393
2020-04-08;1053.253;4;1053.253
2020-04-09;565.434;4;565.434
2020-04-10;401.151;4;401.151
2020-04-11;375.55;4;375.55
2020-04-12;581.587;4;581.587
2020-04-13;1023.728;4;1023.728
2020-04-14;825.967;4;825.967
2020-04-15;686.118;4;686.118
2020-04-16;632.155;4;632.155
2020-04-17;687.418;4;687.418
2020-04-18;831.487;4;831.487
2020-04-19;1127.174;4;1127.174
2020-04-20;1175.504;4;1175.504
2020-04-21;770.024;4;770.024
2020-04-22;631.632;4;631.632
2020-04-23;776.883;4;776.883
2020-04-24;712.697;4;712.697
2020-04-25;639.799;4;639.799
2020-04-26;572.387;4;572.387
2020-04-27;533.657;4;533.657
2020-04-28;652.28;4;652.28
2020-04-29;604.183;4;604.183
2020-04-30;547.457;4;547.457
2020-05-01;703.988;5;703.988
2020-05-02;822.047;5;822.047
2020-05-03;583.071;5;583.071
2020-05-04;539.529;5;539.529
2020-05-05;577.487;5;577.487
2020-05-06;894.884;5;894.884
2020-05-07;1035.747;5;1035.747
2020-05-08;951.825;5;951.825
2020-05-09;611.198;5;611.198
2020-05-10;582.403;5;582.403
2020-05-11;576.171;5;576.171
2020-05-12;681.07;5;681.07
2020-05-13;1162.284;5;1162.284
2020-05-14;1523.051;5;1523.051
2020-05-15;1451.91;5;1451.91
2020-05-16;1028.804;5;1028.804
2020-05-17;992.904;5;992.904
2020-05-18;972.5;5;972.5
2020-05-19;803.198;5;803.198
2020-05-20;772.274;5;772.274
2020-05-21;864.148;5;864.148
2020-05-22;-999.000;5;1091.0
2020-05-23;-999.000;5;1709.294
2020-05-24;-999.000;5;836.0
2020-05-25;-999.000;5;2483.0
2020-05-26;519.828;5;519.828
2020-05-27;621.236;5;621.236
2020-05-28;923.931;5;923.931
2020-05-29;830.872;5;830.872
2020-05-30;955.44;5;955.44
2020-05-31;1214.264;5;1214.264
2020-06-01;1024.698;6;1024.698
2020-06-02;1159.792;6;1159.792
2020-06-03;1303.709;6;1303.709
2020-06-04;1427.378;6;1427.378
2020-06-05;1290.193;6;1290.193
2020-06-06;1202.583;6;1202.583
2020-06-07;1113.202;6;1113.202
2020-06-08;1000.275;6;1000.275
2020-06-09;833.554;6;833.554
2020-06-10;765.007;6;765.007
2020-06-11;964.38;6;964.38
2020-06-12;1045.003;6;1045.003
2020-06-13;933.861;6;933.861
2020-06-14;955.547;6;955.547
2020-06-15;855.755;6;855.755
2020-06-16;797.932;6;797.932
2020-06-17;850.285;6;850.285
2020-06-18;1035.517;6;1035.517
2020-06-19;940.472;6;940.472
2020-06-20;914.587;6;914.587
2020-06-21;821.927;6;821.927
2020-06-22;713.476;6;713.476
2020-06-23;851.892;6;851.892
2020-06-24;1139.092;6;1139.092
2020-06-25;1010.075;6;1010.075
2020-06-26;860.894;6;860.894
2020-06-27;956.646;6;956.646
2020-06-28;968.241;6;968.241
2020-06-29;883.928;6;883.928
2020-06-30;687.085;6;687.085
2020-07-01;628.787;7;628.787
2020-07-02;840.844;7;840.844
2020-07-03;1349.012;7;1349.012
2020-07-04;1825.005;7;1825.005
2020-07-05;1761.262;7;1761.262
2020-07-06;1643.592;7;1643.592
2020-07-07;1489.108;7;1489.108
2020-07-08;1342.832;7;1342.832
2020-07-09;1530.859;7;1530.859
2020-07-10;1728.5;7;1728.5
2020-07-11;1412.589;7;1412.589
2020-07-12;1068.76;7;1068.76
2020-07-13;1104.925;7;1104.925
2020-07-14;967.447;7;967.447
2020-07-15;839.885;7;839.885
2020-07-16;771.426;7;771.426
2020-07-17;815.336;7;815.336
2020-07-18;884.834;7;884.834
2020-07-19;720.233;7;720.233
2020-07-20;659.06;7;659.06
2020-07-21;509.78;7;509.78
2020-07-22;445.554;7;445.554
2020-07-23;422.328;7;422.328
2020-07-24;771.803;7;771.803
2020-07-25;928.061;7;928.061
2020-07-26;880.605;7;880.605
2020-07-27;762.404;7;762.404
2020-07-28;831.1;7;831.1
2020-07-29;1145.042;7;1145.042
2020-07-30;1055.443;7;1055.443
2020-07-31;780.125;7;780.125
2020-08-01;906.61;8;906.61
2020-08-02;1011.373;8;1011.373
2020-08-03;936.505;8;936.505
2020-08-04;739.0;8;739.0
2020-08-05;545.009;8;545.009
2020-08-06;607.111;8;607.111
2020-08-07;587.083;8;587.083
2020-08-08;813.832;8;813.832
2020-08-09;962.167;8;962.167
2020-08-10;763.454;8;763.454
2020-08-11;561.593;8;561.593
2020-08-12;772.861;8;772.861
2020-08-13;808.584;8;808.584
2020-08-14;637.358;8;637.358
2020-08-15;865.271;8;865.271
2020-08-16;1106.35;8;1106.35
2020-08-17;910.22;8;910.22
2020-08-18;803.354;8;803.354
2020-08-19;786.024;8;786.024
2020-08-20;729.809;8;729.809
2020-08-21;681.434;8;681.434
2020-08-22;1189.733;8;1189.733
2020-08-23;1227.631;8;1227.631
2020-08-24;1094.297;8;1094.297
2020-08-25;978.819;8;978.819
2020-08-26;1038.637;8;1038.637
2020-08-27;1164.366;8;1164.366
2020-08-28;907.284;8;907.284
2020-08-29;653.462;8;653.462
2020-08-30;1286.36;8;1286.36
2020-08-31;1316.749;8;1316.749
2020-09-01;971.303;9;971.303
2020-09-02;605.746;9;605.746
2020-09-03;727.17;9;727.17
2020-09-04;777.554;9;777.554
2020-09-05;701.523;9;701.523
2020-09-06;921.486;9;921.486
2020-09-07;994.423;9;994.423
2020-09-08;1030.5;9;1030.5
2020-09-09;928.032;9;928.032
2020-09-10;599.624;9;599.624
2020-09-11;498.779;9;498.779
2020-09-12;434.407;9;434.407
2020-09-13;409.691;9;409.691
2020-09-14;456.956;9;456.956
2020-09-15;422.863;9;422.863
2020-09-16;615.243;9;615.243
2020-09-17;857.109;9;857.109
2020-09-18;850.665;9;850.665
2020-09-19;622.141;9;622.141
2020-09-20;586.713;9;586.713
2020-09-21;800.82;9;800.82
2020-09-22;858.422;9;858.422
2020-09-23;824.201;9;824.201
2020-09-24;739.203;9;739.203
2020-09-25;716.855;9;716.855
2020-09-26;705.968;9;705.968
2020-09-27;835.933;9;835.933
2020-09-28;739.982;9;739.982
2020-09-29;765.189;9;765.189
2020-09-30;648.39;9;648.39
2020-10-01;740.539;10;740.539
2020-10-02;880.902;10;880.902
2020-10-03;674.848;10;674.848
2020-10-04;427.085;10;427.085
2020-10-05;560.475;10;560.475
2020-10-06;754.535;10;754.535
2020-10-07;696.744;10;696.744
2020-10-08;663.254;10;663.254
2020-10-09;771.166;10;771.166
2020-10-10;672.964;10;672.964
2020-10-11;530.986;10;530.986
2020-10-12;572.057;10;572.057
2020-10-13;750.489;10;750.489
2020-10-14;751.676;10;751.676
2020-10-15;704.641;10;704.641
2020-10-16;759.472;10;759.472
2020-10-17;722.016;10;722.016
2020-10-18;560.934;10;560.934
2020-10-19;408.151;10;408.151
2020-10-20;388.944;10;388.944
2020-10-21;618.042;10;618.042
2020-10-22;598.025;10;598.025
2020-10-23;610.735;10;610.735
2020-10-24;778.962;10;778.962
2020-10-25;558.645;10;558.645
2020-10-26;396.152;10;396.152
2020-10-27;533.105;10;533.105
2020-10-28;630.447;10;630.447
2020-10-29;763.37;10;763.37
2020-10-30;795.073;10;795.073
2020-10-31;771.946;10;771.946
2020-11-01;971.033;11;971.033
2020-11-02;901.13;11;901.13
2020-11-03;516.272;11;516.272
2020-11-04;519.736;11;519.736
2020-11-05;805.585;11;805.585
2020-11-06;932.009;11;932.009
2020-11-07;1064.593;11;1064.593
2020-11-08;1060.789;11;1060.789
2020-11-09;960.668;11;960.668
2020-11-10;1041.027;11;1041.027
2020-11-11;1174.586;11;1174.586
2020-11-12;1153.838;11;1153.838
2020-11-13;1137.437;11;1137.437
2020-11-14;1351.397;11;1351.397
2020-11-15;1283.263;11;1283.263
2020-11-16;1607.401;11;1607.401
2020-11-17;1840.414;11;1840.414
2020-11-18;1518.214;11;1518.214
2020-11-19;1574.33;11;1574.33
2020-11-20;1459.598;11;1459.598
2020-11-21;1409.783;11;1409.783
2020-11-22;1215.675;11;1215.675
2020-11-23;993.482;11;993.482
2020-11-24;841.039;11;841.039
2020-11-25;866.335;11;866.335
2020-11-26;1039.709;11;1039.709
2020-11-27;1393.889;11;1393.889
2020-11-28;1427.102;11;1427.102
2020-11-29;1673.421;11;1673.421
2020-11-30;1651.098;11;1651.098
2020-12-01;1374.227;12;1374.227
2020-12-02;1689.408;12;1689.408
2020-12-03;2352.43;12;2352.43
2020-12-04;2090.176;12;2090.176
2020-12-05;1539.327;12;1539.327
2020-12-06;1332.886;12;1332.886
2020-12-07;997.79;12;997.79
2020-12-08;922.121;12;922.121
2020-12-09;914.026;12;914.026
2020-12-10;827.708;12;827.708
2020-12-11;742.061;12;742.061
2020-12-12;864.291;12;864.291
2020-12-13;1100.631;12;1100.631
2020-12-14;1143.353;12;1143.353
2020-12-15;1219.292;12;1219.292
2020-12-16;1090.945;12;1090.945
2020-12-17;959.147;12;959.147
2020-12-18;978.31;12;978.31
2020-12-19;1059.194;12;1059.194
2020-12-20;1043.564;12;1043.564
2020-12-21;1015.711;12;1015.711
2020-12-22;1166.572;12;1166.572
2020-12-23;1127.646;12;1127.646
2020-12-24;1037.16;12;1037.16
2020-12-25;1135.972;12;1135.972
2020-12-26;1115.315;12;1115.315
2020-12-27;932.803;12;932.803
2020-12-28;1061.298;12;1061.298
2020-12-29;1225.746;12;1225.746
2020-12-30;1164.606;12;1164.606
2020-12-31;1039.325;12;1039.325
2021-01-01;925.662;1;925.662
2021-01-02;1079.939;1;1079.939
2021-01-03;1053.289;1;1053.289
2021-01-04;920.109;1;920.109
2021-01-05;930.687;1;930.687
2021-01-06;903.976;1;903.976
2021-01-07;894.191;1;894.191
2021-01-08;1099.793;1;1099.793
2021-01-09;1240.526;1;1240.526
2021-01-10;1179.75;1;1179.75
2021-01-11;1334.422;1;1334.422
2021-01-12;1477.223;1;1477.223
2021-01-13;1390.475;1;1390.475
2021-01-14;1096.915;1;1096.915
2021-01-15;722.182;1;722.182
2021-01-16;724.685;1;724.685
2021-01-17;970.998;1;970.998
2021-01-18;1027.75;1;1027.75
2021-01-19;970.357;1;970.357
2021-01-20;849.352;1;849.352
2021-01-21;747.778;1;747.778
2021-01-22;726.592;1;726.592
2021-01-23;553.467;1;553.467
2021-01-24;526.757;1;526.757
2021-01-25;559.032;1;559.032
2021-01-26;707.354;1;707.354
2021-01-27;853.99;1;853.99
2021-01-28;831.574;1;831.574
2021-01-29;954.224;1;954.224
2021-01-30;825.295;1;825.295
2021-01-31;708.033;1;708.033
2021-02-01;760.105;2;760.105
2021-02-02;766.658;2;766.658
2021-02-03;892.755;2;892.755
2021-02-04;624.811;2;624.811
2021-02-05;544.564;2;544.564
2021-02-06;491.861;2;491.861
2021-02-07;441.076;2;441.076
2021-02-08;427.199;2;427.199
2021-02-09;397.287;2;397.287
2021-02-10;754.795;2;754.795
2021-02-11;848.917;2;848.917
2021-02-12;620.88;2;620.88
2021-02-13;677.325;2;677.325
2021-02-14;737.978;2;737.978
2021-02-15;689.571;2;689.571
2021-02-16;781.689;2;781.689
2021-02-17;902.022;2;902.022
2021-02-18;924.605;2;924.605
2021-02-19;1035.184;2;1035.184
2021-02-20;1104.278;2;1104.278
2021-02-21;1191.821;2;1191.821
2021-02-22;1305.721;2;1305.721
2021-02-23;1314.298;2;1314.298
2021-02-24;1259.283;2;1259.283
2021-02-25;1233.923;2;1233.923
2021-02-26;1116.395;2;1116.395
2021-02-27;1184.268;2;1184.268
2021-02-28;1057.018;2;1057.018
2021-03-01;1076.005;3;1076.005
2021-03-02;1702.453;3;1702.453
2021-03-03;1781.331;3;1781.331
2021-03-04;1806.566;3;1806.566
2021-03-05;1731.324;3;1731.324
2021-03-06;1545.941;3;1545.941
2021-03-07;1288.459;3;1288.459
2021-03-08;1645.384;3;1645.384
2021-03-09;1869.262;3;1869.262
2021-03-10;1737.178;3;1737.178
2021-03-11;1689.373;3;1689.373
2021-03-12;2119.543;3;2119.543
2021-03-13;2496.732;3;2496.732
2021-03-14;2435.987;3;2435.987
2021-03-15;2297.3;3;2297.3
2021-03-16;2582.107;3;2582.107
2021-03-17;2519.454;3;2519.454
2021-03-18;1985.574;3;1985.574
2021-03-19;2087.428;3;2087.428
2021-03-20;1983.902;3;1983.902
2021-03-21;1992.648;3;1992.648
2021-03-22;2010.482;3;2010.482
2021-03-23;1705.161;3;1705.161
2021-03-24;1695.354;3;1695.354
2021-03-25;2009.794;3;2009.794
2021-03-26;1741.918;3;1741.918
2021-03-27;1675.119;3;1675.119
2021-03-28;1687.984;3;1687.984
2021-03-29;1289.387;3;1289.387
2021-03-30;1089.46;3;1089.46
2021-03-31;1375.773;3;1375.773
2021-04-01;1252.598;4;1252.598
2021-04-02;1233.045;4;1233.045
2021-04-03;1370.922;4;1370.922
2021-04-04;1333.194;4;1333.194
2021-04-05;1208.491;4;1208.491
2021-04-06;1099.021;4;1099.021
2021-04-07;1417.811;4;1417.811
2021-04-08;1314.982;4;1314.982
2021-04-09;1087.154;4;1087.154
2021-04-10;1045.772;4;1045.772
2021-04-11;1156.102;4;1156.102
2021-04-12;1438.118;4;1438.118
2021-04-13;1228.07;4;1228.07
2021-04-14;1105.357;4;1105.357
2021-04-15;1070.142;4;1070.142
2021-04-16;1087.041;4;1087.041
2021-04-17;1326.103;4;1326.103
2021-04-18;1307.376;4;1307.376
2021-04-19;1377.928;4;1377.928
2021-04-20;1438.669;4;1438.669
2021-04-21;1195.228;4;1195.228
2021-04-22;1055.437;4;1055.437
2021-04-23;1066.987;4;1066.987
2021-04-24;991.249;4;991.249
2021-04-25;939.943;4;939.943
2021-04-26;1069.747;4;1069.747
2021-04-27;1252.537;4;1252.537
2021-04-28;1362.746;4;1362.746
2021-04-29;1748.21;4;1748.21
2021-04-30;2749.418;4;2749.418
2021-05-01;3424.386;5;3424.386
2021-05-02;2898.551;5;2898.551
2021-05-03;2924.807;5;2924.807
2021-05-04;2682.631;5;2682.631
2021-05-05;2140.663;5;2140.663
2021-05-06;2156.271;5;2156.271
2021-05-07;2709.869;5;2709.869
2021-05-08;2592.322;5;2592.322
2021-05-09;2024.316;5;2024.316
2021-05-10;1918.395;5;1918.395
2021-05-11;2335.363;5;2335.363
2021-05-12;2028.062;5;2028.062
2021-05-13;1883.42;5;1883.42
2021-05-14;1755.896;5;1755.896
2021-05-15;1635.013;5;1635.013
2021-05-16;1654.325;5;1654.325
2021-05-17;2064.072;5;2064.072
2021-05-18;2238.986;5;2238.986
2021-05-19;1797.539;5;1797.539
2021-05-20;1448.048;5;1448.048
2021-05-21;1364.567;5;1364.567
2021-05-22;1422.157;5;1422.157
2021-05-23;1402.952;5;1402.952
2021-05-24;1490.442;5;1490.442
2021-05-25;1429.581;5;1429.581
2021-05-26;1323.316;5;1323.316
2021-05-27;1333.172;5;1333.172
2021-05-28;1284.304;5;1284.304
2021-05-29;1344.936;5;1344.936
2021-05-30;1726.741;5;1726.741
2021-05-31;1918.541;5;1918.541
2021-06-01;1810.891;6;1810.891
2021-06-02;1531.99;6;1531.99
2021-06-03;1442.249;6;1442.249
2021-06-04;1392.127;6;1392.127
2021-06-05;1445.8;6;1445.8
2021-06-06;1454.689;6;1454.689
2021-06-07;1286.631;6;1286.631
2021-06-08;1751.128;6;1751.128
2021-06-09;2094.433;6;2094.433
2021-06-10;2008.802;6;2008.802
2021-06-11;2037.882;6;2037.882
2021-06-12;1791.322;6;1791.322
2021-06-13;1888.446;6;1888.446
2021-06-14;1956.053;6;1956.053
2021-06-15;2112.591;6;2112.591
2021-06-16;2313.855;6;2313.855
2021-06-17;1997.115;6;1997.115
2021-06-18;1772.666;6;1772.666
2021-06-19;1635.973;6;1635.973
2021-06-20;1595.413;6;1595.413
2021-06-21;1914.767;6;1914.767
2021-06-22;1875.21;6;1875.21
2021-06-23;1623.539;6;1623.539
2021-06-24;1546.375;6;1546.375
2021-06-25;1667.448;6;1667.448
2021-06-26;1771.713;6;1771.713
2021-06-27;1659.924;6;1659.924
2021-06-28;1594.214;6;1594.214
2021-06-29;1492.476;6;1492.476
2021-06-30;1339.582;6;1339.582
2021-07-01;1234.664;7;1234.664
2021-07-02;1188.308;7;1188.308
2021-07-03;1102.717;7;1102.717
2021-07-04;1114.65;7;1114.65
2021-07-05;1146.291;7;1146.291
2021-07-06;1067.472;7;1067.472
2021-07-07;1089.61;7;1089.61
2021-07-08;1092.795;7;1092.795
2021-07-09;1143.882;7;1143.882
2021-07-10;1218.204;7;1218.204
2021-07-11;1340.278;7;1340.278
2021-07-12;1427.378;7;1427.378
2021-07-13;1283.647;7;1283.647
2021-07-14;1346.155;7;1346.155
2021-07-15;1381.95;7;1381.95
2021-07-16;1222.042;7;1222.042
2021-07-17;1164.606;7;1164.606
2021-07-18;1095.974;7;1095.974
2021-07-19;1044.68;7;1044.68
2021-07-20;1113.547;7;1113.547
2021-07-21;1241.948;7;1241.948
2021-07-22;1363.642;7;1363.642
2021-07-23;1775.067;7;1775.067
2021-07-24;1724.394;7;1724.394
2021-07-25;1422.258;7;1422.258
2021-07-26;1377.532;7;1377.532
2021-07-27;1518.808;7;1518.808
2021-07-28;1458.772;7;1458.772
2021-07-29;1293.226;7;1293.226
2021-07-30;1252.395;7;1252.395
2021-07-31;1261.065;7;1261.065
2021-08-01;1196.657;8;1196.657
2021-08-02;1196.119;8;1196.119
2021-08-03;1354.175;8;1354.175
2021-08-04;1452.163;8;1452.163
2021-08-05;1293.177;8;1293.177
2021-08-06;1182.652;8;1182.652
2021-08-07;1143.867;8;1143.867
2021-08-08;1171.878;8;1171.878
2021-08-09;1287.591;8;1287.591
2021-08-10;1165.744;8;1165.744
2021-08-11;966.919;8;966.919
2021-08-12;924.34;8;924.34
2021-08-13;933.87;8;933.87
2021-08-14;1126.193;8;1126.193
2021-08-15;1301.739;8;1301.739
2021-08-16;1495.371;8;1495.371
2021-08-17;1654.449;8;1654.449
2021-08-18;1912.086;8;1912.086
2021-08-19;1671.707;8;1671.707
2021-08-20;1331.351;8;1331.351
2021-08-21;1472.266;8;1472.266
2021-08-22;1203.121;8;1203.121
2021-08-23;1089.488;8;1089.488
2021-08-24;1058.909;8;1058.909
2021-08-25;1029.311;8;1029.311
2021-08-26;1361.388;8;1361.388
2021-08-27;1652.29;8;1652.29
2021-08-28;1632.952;8;1632.952
2021-08-29;1751.307;8;1751.307
2021-08-30;1183.547;8;1183.547
2021-08-31;1062.836;8;1062.836
2021-09-01;1494.915;9;1494.915
2021-09-02;1585.139;9;1585.139
2021-09-03;1281.623;9;1281.623
2021-09-04;1243.313;9;1243.313
2021-09-05;1250.105;9;1250.105
2021-09-06;1250.776;9;1250.776
2021-09-07;1270.628;9;1270.628
2021-09-08;1221.225;9;1221.225
2021-09-09;1427.653;9;1427.653
2021-09-10;1413.333;9;1413.333
2021-09-11;1344.209;9;1344.209
2021-09-12;1519.259;9;1519.259
2021-09-13;1594.121;9;1594.121
2021-09-14;1433.712;9;1433.712
2021-09-15;1379.459;9;1379.459
2021-09-16;1367.893;9;1367.893
2021-09-17;1331.559;9;1331.559
2021-09-18;1281.608;9;1281.608
2021-09-19;1254.038;9;1254.038
2021-09-20;1145.096;9;1145.096
2021-09-21;963.892;9;963.892
2021-09-22;1006.464;9;1006.464
2021-09-23;1258.59;9;1258.59
2021-09-24;1265.644;9;1265.644
2021-09-25;1167.3;9;1167.3
2021-09-26;990.442;9;990.442
2021-09-27;827.719;9;827.719
2021-09-28;862.166;9;862.166
2021-09-29;830.971;9;830.971
2021-09-30;949.88;9;949.88
2021-10-01;1018.899;10;1018.899
2021-10-02;818.061;10;818.061
2021-10-03;771.166;10;771.166
2021-10-04;798.451;10;798.451
2021-10-05;978.009;10;978.009
2021-10-06;1252.721;10;1252.721
2021-10-07;1439.233;10;1439.233
2021-10-08;1612.034;10;1612.034
2021-10-09;1419.116;10;1419.116
2021-10-10;1293.9;10;1293.9
2021-10-11;1656.171;10;1656.171
2021-10-12;1716.232;10;1716.232
2021-10-13;1372.139;10;1372.139
2021-10-14;1244.899;10;1244.899
2021-10-15;1177.534;10;1177.534
2021-10-16;1111.547;10;1111.547
2021-10-17;1410.846;10;1410.846
2021-10-18;1879.906;10;1879.906
2021-10-19;1497.672;10;1497.672
2021-10-20;1382.489;10;1382.489
2021-10-21;1544.83;10;1544.83
2021-10-22;1572.182;10;1572.182
2021-10-23;1418.29;10;1418.29
2021-10-24;1710.066;10;1710.066
2021-10-25;1735.809;10;1735.809
2021-10-26;1643.873;10;1643.873
2021-10-27;1896.851;10;1896.851
2021-10-28;1600.798;10;1600.798
2021-10-29;1349.745;10;1349.745
2021-10-30;1960.963;10;1960.963
2021-10-31;1996.559;10;1996.559
2021-11-01;1809.29;11;1809.29
2021-11-02;1518.027;11;1518.027
2021-11-03;1489.738;11;1489.738
2021-11-04;2279.882;11;2279.882
2021-11-05;2147.852;11;2147.852
2021-11-06;1858.117;11;1858.117
2021-11-07;1609.782;11;1609.782
2021-11-08;1601.83;11;1601.83
2021-11-09;1674.272;11;1674.272
2021-11-10;1679.638;11;1679.638
2021-11-11;1564.473;11;1564.473
2021-11-12;1636.69;11;1636.69
2021-11-13;1694.607;11;1694.607
2021-11-14;1610.158;11;1610.158
2021-11-15;1767.581;11;1767.581
2021-11-16;1826.584;11;1826.584
2021-11-17;1598.534;11;1598.534
2021-11-18;1353.878;11;1353.878
2021-11-19;1250.322;11;1250.322
2021-11-20;1422.266;11;1422.266
2021-11-21;1509.43;11;1509.43
2021-11-22;1331.417;11;1331.417
2021-11-23;1345.544;11;1345.544
2021-11-24;1544.41;11;1544.41
2021-11-25;1839.551;11;1839.551
2021-11-26;2194.262;11;2194.262
2021-11-27;2289.709;11;2289.709
2021-11-28;1995.75;11;1995.75
2021-11-29;1810.846;11;1810.846
2021-11-30;2029.426;11;2029.426
2021-12-01;2024.824;12;2024.824
2021-12-02;1731.684;12;1731.684
2021-12-03;1404.357;12;1404.357
2021-12-04;1394.606;12;1394.606
2021-12-05;1416.362;12;1416.362
2021-12-06;1301.914;12;1301.914
2021-12-07;1231.671;12;1231.671
2021-12-08;1070.735;12;1070.735
2021-12-09;829.842;12;829.842
2021-12-10;1209.208;12;1209.208
2021-12-11;1399.563;12;1399.563
2021-12-12;1264.216;12;1264.216
2021-12-13;1165.953;12;1165.953
2021-12-14;1072.177;12;1072.177
2021-12-15;1011.084;12;1011.084
2021-12-16;1050.854;12;1050.854
2021-12-17;1422.59;12;1422.59
2021-12-18;1509.132;12;1509.132
2021-12-19;1334.462;12;1334.462
2021-12-20;1311.268;12;1311.268
2021-12-21;1274.629;12;1274.629
2021-12-22;1269.391;12;1269.391
2021-12-23;1204.008;12;1204.008
2021-12-24;1070.743;12;1070.743
2021-12-25;960.307;12;960.307
2021-12-26;828.52;12;828.52
2021-12-27;724.91;12;724.91
2021-12-28;909.102;12;909.102
2021-12-29;926.72;12;926.72
2021-12-30;834.053;12;834.053
2021-12-31;766.488;12;766.488
2022-01-01;686.451;1;686.451
2022-01-02;763.37;1;763.37
2022-01-03;920.862;1;920.862
2022-01-04;927.551;1;927.551
2022-01-05;1002.609;1;1002.609
2022-01-06;1230.964;1;1230.964
2022-01-07;1199.245;1;1199.245
2022-01-08;1048.636;1;1048.636
2022-01-09;836.488;1;836.488
2022-01-10;863.194;1;863.194
2022-01-11;824.566;1;824.566
2022-01-12;760.968;1;760.968
2022-01-13;816.154;1;816.154
2022-01-14;991.297;1;991.297
2022-01-15;1285.869;1;1285.869
2022-01-16;1190.695;1;1190.695
2022-01-17;1103.264;1;1103.264
2022-01-18;1309.086;1;1309.086
2022-01-19;1242.311;1;1242.311
2022-01-20;930.429;1;930.429
2022-01-21;718.154;1;718.154
2022-01-22;884.264;1;884.264
2022-01-23;943.243;1;943.243
2022-01-24;765.399;1;765.399
2022-01-25;668.051;1;668.051
2022-01-26;869.118;1;869.118
2022-01-27;1065.449;1;1065.449
2022-01-28;1057.193;1;1057.193
2022-01-29;977.762;1;977.762
2022-01-30;906.134;1;906.134
2022-01-31;764.474;1;764.474
2022-02-01;690.09;2;690.09
2022-02-02;836.585;2;836.585
2022-02-03;683.116;2;683.116
2022-02-04;615.888;2;615.888
2022-02-05;663.291;2;663.291
2022-02-06;741.713;2;741.713
2022-02-07;1016.109;2;1016.109
2022-02-08;1232.604;2;1232.604
2022-02-09;1279.892;2;1279.892
2022-02-10;1063.255;2;1063.255
2022-02-11;923.328;2;923.328
2022-02-12;799.815;2;799.815
2022-02-13;920.484;2;920.484
2022-02-14;1123.539;2;1123.539
2022-02-15;1217.396;2;1217.396
2022-02-16;1050.232;2;1050.232
2022-02-17;863.417;2;863.417
2022-02-18;767.788;2;767.788
2022-02-19;806.767;2;806.767
2022-02-20;846.998;2;846.998
2022-02-21;1148.371;2;1148.371
2022-02-22;1274.665;2;1274.665
2022-02-23;1281.765;2;1281.765
2022-02-24;1284.334;2;1284.334
2022-02-25;1390.835;2;1390.835
2022-02-26;1415.536;2;1415.536
2022-02-27;1515.769;2;1515.769
2022-02-28;2009.262;2;2009.262
2022-03-01;2043.49;3;2043.49
2022-03-02;1889.931;3;1889.931
2022-03-03;2140.953;3;2140.953
2022-03-04;2322.905;3;2322.905
2022-03-05;2007.392;3;2007.392
2022-03-06;2011.46;3;2011.46
2022-03-07;2416.448;3;2416.448
2022-03-08;2320.65;3;2320.65
2022-03-09;1734.491;3;1734.491
2022-03-10;1478.989;3;1478.989
2022-03-11;1548.054;3;1548.054
2022-03-12;1785.87;3;1785.87
2022-03-13;1676.682;3;1676.682
2022-03-14;1475.571;3;1475.571
2022-03-15;1589.508;3;1589.508
2022-03-16;1826.683;3;1826.683
2022-03-17;1854.237;3;1854.237
2022-03-18;1953.153;3;1953.153
2022-03-19;2102.203;3;2102.203
2022-03-20;2090.071;3;2090.071
2022-03-21;2057.585;3;2057.585
2022-03-22;1823.415;3;1823.415
2022-03-23;1548.357;3;1548.357
2022-03-24;1399.288;3;1399.288
2022-03-25;1351.012;3;1351.012
2022-03-26;1673.632;3;1673.632
2022-03-27;2212.491;3;2212.491
2022-03-28;1853.089;3;1853.089
2022-03-29;1591.673;3;1591.673
2022-03-30;1498.429;3;1498.429
2022-03-31;1560.114;3;1560.114
2022-04-01;1735.843;4;1735.843
2022-04-02;1563.795;4;1563.795
2022-04-03;1321.425;4;1321.425
2022-04-04;1107.206;4;1107.206
2022-04-05;1162.347;4;1162.347
2022-04-06;1479.367;4;1479.367
2022-04-07;1458.122;4;1458.122
2022-04-08;1404.612;4;1404.612
2022-04-09;1698.497;4;1698.497
2022-04-10;1575.246;4;1575.246
2022-04-11;1620.583;4;1620.583
2022-04-12;1625.374;4;1625.374
2022-04-13;1646.147;4;1646.147
2022-04-14;1360.57;4;1360.57
2022-04-15;1305.104;4;1305.104
2022-04-16;1241.704;4;1241.704
2022-04-17;1080.701;4;1080.701
2022-04-18;1420.377;4;1420.377
2022-04-19;1939.036;4;1939.036
2022-04-20;2185.179;4;2185.179
2022-04-21;2806.715;4;2806.715
2022-04-22;2380.717;4;2380.717
2022-04-23;2318.007;4;2318.007
2022-04-24;2394.588;4;2394.588
2022-04-25;2416.226;4;2416.226
2022-04-26;2209.001;4;2209.001
2022-04-27;2157.207;4;2157.207
2022-04-28;2891.746;4;2891.746
2022-04-29;2619.513;4;2619.513
2022-04-30;1770.19;4;1770.19
2022-05-01;1627.161;5;1627.161
2022-05-02;1508.731;5;1508.731
2022-05-03;1510.546;5;1510.546
2022-05-04;1275.227;5;1275.227
2022-05-05;1270.3;5;1270.3
2022-05-06;1644.805;5;1644.805
2022-05-07;1334.364;5;1334.364
2022-05-08;1404.351;5;1404.351
2022-05-09;1353.53;5;1353.53
2022-05-10;1269.421;5;1269.421
2022-05-11;1635.499;5;1635.499
2022-05-12;2232.922;5;2232.922
2022-05-13;2152.051;5;2152.051
2022-05-14;1901.85;5;1901.85
2022-05-15;1667.776;5;1667.776
2022-05-16;1639.652;5;1639.652
2022-05-17;1758.232;5;1758.232
2022-05-18;2011.385;5;2011.385
2022-05-19;2206.201;5;2206.201
2022-05-20;1886.613;5;1886.613
2022-05-21;2074.353;5;2074.353
2022-05-22;2074.607;5;2074.607
2022-05-23;1814.07;5;1814.07
2022-05-24;1515.128;5;1515.128
2022-05-25;1613.44;5;1613.44
2022-05-26;1674.554;5;1674.554
2022-05-27;1629.371;5;1629.371
2022-05-28;1529.385;5;1529.385
2022-05-29;1519.399;5;1519.399
2022-05-30;1505.398;5;1505.398
2022-05-31;1247.996;5;1247.996
2022-06-01;1128.56;6;1128.56
2022-06-02;1259.001;6;1259.001
2022-06-03;1357.668;6;1357.668
2022-06-04;1688.991;6;1688.991
2022-06-05;1850.425;6;1850.425
2022-06-06;1846.895;6;1846.895
2022-06-07;1998.105;6;1998.105
2022-06-08;1859.029;6;1859.029
2022-06-09;1735.873;6;1735.873
2022-06-10;1569.097;6;1569.097
2022-06-11;1445.829;6;1445.829
2022-06-12;1669.986;6;1669.986
2022-06-13;1957.64;6;1957.64
2022-06-14;1800.071;6;1800.071
2022-06-15;1453.095;6;1453.095
2022-06-16;1147.759;6;1147.759
2022-06-17;1045.028;6;1045.028
2022-06-18;1092.886;6;1092.886
2022-06-19;1315.486;6;1315.486
2022-06-20;1430.487;6;1430.487
2022-06-21;1394.823;6;1394.823
2022-06-22;1527.534;6;1527.534
2022-06-23;1388.978;6;1388.978
2022-06-24;1596.324;6;1596.324
2022-06-25;1430.407;6;1430.407
2022-06-26;1738.36;6;1738.36
2022-06-27;1951.007;6;1951.007
2022-06-28;1634.097;6;1634.097
2022-06-29;1401.796;6;1401.796
2022-06-30;1467.554;6;1467.554
2022-07-01;1441.585;7;1441.585
2022-07-02;1411.737;7;1411.737
2022-07-03;1496.148;7;1496.148
2022-07-04;1191.177;7;1191.177
2022-07-05;1097.022;7;1097.022
2022-07-06;1111.414;7;1111.414
2022-07-07;1225.476;7;1225.476
2022-07-08;1321.652;7;1321.652
2022-07-09;1548.718;7;1548.718
2022-07-10;1527.583;7;1527.583
2022-07-11;1560.073;7;1560.073
2022-07-12;1445.61;7;1445.61
2022-07-13;1617.048;7;1617.048
2022-07-14;1713.208;7;1713.208
2022-07-15;1554.536;7;1554.536
2022-07-16;1633.989;7;1633.989
2022-07-17;1487.152;7;1487.152
2022-07-18;1417.739;7;1417.739
2022-07-19;1390.75;7;1390.75
2022-07-20;1311.217;7;1311.217
2022-07-21;1294.469;7;1294.469
2022-07-22;1281.16;7;1281.16
2022-07-23;1221.436;7;1221.436
2022-07-24;1287.385;7;1287.385
2022-07-25;1506.618;7;1506.618
2022-07-26;1611.877;7;1611.877
2022-07-27;1552.474;7;1552.474
2022-07-28;2036.188;7;2036.188
2022-07-29;1765.887;7;1765.887
2022-07-30;1638.12;7;1638.12
2022-07-31;1547.286;7;1547.286
2022-08-01;1464.28;8;1464.28
2022-08-02;1793.723;8;1793.723
2022-08-03;1748.37;8;1748.37
2022-08-04;1637.335;8;1637.335
2022-08-05;1647.158;8;1647.158
2022-08-06;1665.234;8;1665.234
2022-08-07;1510.018;8;1510.018
2022-08-08;1102.96;8;1102.96
2022-08-09;942.333;8;942.333
2022-08-10;824.238;8;824.238
2022-08-11;1023.741;8;1023.741
2022-08-12;1193.976;8;1193.976
2022-08-13;1292.59;8;1292.59
2022-08-14;1439.555;8;1439.555
2022-08-15;1233.714;8;1233.714
2022-08-16;1069.913;8;1069.913
2022-08-17;972.737;8;972.737
2022-08-18;1037.479;8;1037.479
2022-08-19;1051.615;8;1051.615
2022-08-20;896.383;8;896.383
2022-08-21;846.896;8;846.896
2022-08-22;830.371;8;830.371
2022-08-23;894.373;8;894.373
2022-08-24;997.337;8;997.337
2022-08-25;780.845;8;780.845
2022-08-26;573.464;8;573.464
2022-08-27;477.633;8;477.633
2022-08-28;655.928;8;655.928
2022-08-29;1035.713;8;1035.713
2022-08-30;839.469;8;839.469
2022-08-31;545.837;8;545.837
2022-09-01;529.595;9;529.595
2022-09-02;527.544;9;527.544
2022-09-03;637.115;9;637.115
2022-09-04;1022.431;9;1022.431
2022-09-05;832.243;9;832.243
2022-09-06;511.483;9;511.483
2022-09-07;489.068;9;489.068
2022-09-08;509.172;9;509.172
2022-09-09;603.419;9;603.419
2022-09-10;804.168;9;804.168
2022-09-11;686.286;9;686.286
2022-09-12;511.621;9;511.621
2022-09-13;671.411;9;671.411
2022-09-14;983.993;9;983.993
2022-09-15;1034.37;9;1034.37
2022-09-16;1208.458;9;1208.458
2022-09-17;1206.286;9;1206.286
2022-09-18;848.001;9;848.001
2022-09-19;615.573;9;615.573
2022-09-20;931.027;9;931.027
2022-09-21;1607.875;9;1607.875
2022-09-22;1195.908;9;1195.908
2022-09-23;963.001;9;963.001
2022-09-24;1186.961;9;1186.961
2022-09-25;1132.286;9;1132.286
2022-09-26;1073.176;9;1073.176
2022-09-27;1033.998;9;1033.998
2022-09-28;1006.353;9;1006.353
2022-09-29;1131.075;9;1131.075
2022-09-30;1246.512;9;1246.512
2022-10-01;1760.616;10;1760.616
2022-10-02;1735.201;10;1735.201
2022-10-03;854.643;10;854.643
2022-10-04;666.222;10;666.222
2022-10-05;716.076;10;716.076
2022-10-06;832.79;10;832.79
2022-10-07;862.617;10;862.617
2022-10-08;1120.623;10;1120.623
2022-10-09;1469.306;10;1469.306
2022-10-10;904.568;10;904.568
2022-10-11;711.622;10;711.622
2022-10-12;633.528;10;633.528
2022-10-13;608.781;10;608.781
2022-10-14;567.045;10;567.045
2022-10-15;793.753;10;793.753
2022-10-16;938.357;10;938.357
2022-10-17;891.839;10;891.839
2022-10-18;1001.533;10;1001.533
2022-10-19;1562.882;10;1562.882
2022-10-20;2037.753;10;2037.753
2022-10-21;1747.655;10;1747.655
2022-10-22;1428.386;10;1428.386
2022-10-23;1433.33;10;1433.33
2022-10-24;2055.802;10;2055.802
2022-10-25;2131.823;10;2131.823
2022-10-26;2094.668;10;2094.668
2022-10-27;2272.944;10;2272.944
2022-10-28;2251.219;10;2251.219
2022-10-29;2135.504;10;2135.504
2022-10-30;2162.777;10;2162.777
2022-10-31;1614.262;10;1614.262
2022-11-01;1439.495;11;1439.495
2022-11-02;1467.309;11;1467.309
2022-11-03;1567.868;11;1567.868
2022-11-04;1476.482;11;1476.482
2022-11-05;1335.684;11;1335.684
2022-11-06;1417.824;11;1417.824
2022-11-07;1557.855;11;1557.855
2022-11-08;1790.973;11;1790.973
2022-11-09;1855.741;11;1855.741
2022-11-10;1976.301;11;1976.301
2022-11-11;2408.532;11;2408.532
2022-11-12;1945.836;11;1945.836
2022-11-13;2026.816;11;2026.816
2022-11-14;1874.193;11;1874.193
2022-11-15;1820.665;11;1820.665
2022-11-16;1908.873;11;1908.873
2022-11-17;1779.757;11;1779.757
2022-11-18;1778.739;11;1778.739
2022-11-19;1800.032;11;1800.032
2022-11-20;1832.164;11;1832.164
2022-11-21;1769.664;11;1769.664
2022-11-22;1528.608;11;1528.608
2022-11-23;1580.423;11;1580.423
2022-11-24;1668.689;11;1668.689
2022-11-25;1888.219;11;1888.219
2022-11-26;1811.849;11;1811.849
2022-11-27;1899.158;11;1899.158
2022-11-28;2222.607;11;2222.607
2022-11-29;2309.231;11;2309.231
2022-11-30;2554.569;11;2554.569
2022-12-01;2254.714;12;2254.714
2022-12-02;1725.873;12;1725.873
2022-12-03;1562.376;12;1562.376
2022-12-04;1475.571;12;1475.571
2022-12-05;1418.014;12;1418.014
2022-12-06;1441.147;12;1441.147
2022-12-07;1441.423;12;1441.423
2022-12-08;1653.558;12;1653.558
2022-12-09;1786.853;12;1786.853
2022-12-10;1496.126;12;1496.126
2022-12-11;1368.994;12;1368.994
2022-12-12;1310.917;12;1310.917
2022-12-13;1210.18;12;1210.18
2022-12-14;1047.085;12;1047.085
2022-12-15;1245.713;12;1245.713
2022-12-16;1169.993;12;1169.993
2022-12-17;1187.23;12;1187.23
2022-12-18;1213.626;12;1213.626
2022-12-19;1252.407;12;1252.407
2022-12-20;1129.187;12;1129.187
2022-12-21;953.167;12;953.167
2022-12-22;1007.978;12;1007.978
2022-12-23;1002.895;12;1002.895
2022-12-24;972.208;12;972.208
2022-12-25;840.765;12;840.765
2022-12-26;651.384;12;651.384
2022-12-27;742.321;12;742.321
2022-12-28;737.496;12;737.496
2022-12-29;609.154;12;609.154
2022-12-30;642.028;12;642.028
2022-12-31;692.324;12;692.324
2023-01-01;970.434;1;970.434
2023-01-02;1254.402;1;1254.402
2023-01-03;1226.963;1;1226.963
2023-01-04;1364.737;1;1364.737
2023-01-05;1501.66;1;1501.66
2023-01-06;1227.867;1;1227.867
2023-01-07;1236.495;1;1236.495
2023-01-08;1502.403;1;1502.403
2023-01-09;1363.667;1;1363.667
2023-01-10;1378.497;1;1378.497
2023-01-11;1698.019;1;1698.019
2023-01-12;2099.812;1;2099.812
2023-01-13;2661.031;1;2661.031
2023-01-14;2588.733;1;2588.733
2023-01-15;2154.765;1;2154.765
2023-01-16;1938.706;1;1938.706
2023-01-17;1858.308;1;1858.308
2023-01-18;1729.98;1;1729.98
2023-01-19;1673.142;1;1673.142
2023-01-20;1856.074;1;1856.074
2023-01-21;2046.492;1;2046.492
2023-01-22;2001.825;1;2001.825
2023-01-23;1537.329;1;1537.329
2023-01-24;1419.391;1;1419.391
2023-01-25;1338.72;1;1338.72
2023-01-26;1166.418;1;1166.418
2023-01-27;1100.155;1;1100.155
2023-01-28;1356.439;1;1356.439
2023-01-29;1034.289;1;1034.289
2023-01-30;820.715;1;820.715
2023-01-31;951.687;1;951.687
2023-02-01;874.278;2;874.278
2023-02-02;701.101;2;701.101
2023-02-03;920.925;2;920.925
2023-02-04;906.886;2;906.886
2023-02-05;870.086;2;870.086
2023-02-06;823.918;2;823.918
2023-02-07;781.56;2;781.56
2023-02-08;749.078;2;749.078
2023-02-09;776.883;2;776.883
2023-02-10;710.586;2;710.586
2023-02-11;524.422;2;524.422
2023-02-12;500.936;2;500.936
2023-02-13;600.806;2;600.806
2023-02-14;709.394;2;709.394
2023-02-15;675.277;2;675.277
2023-02-16;609.462;2;609.462
2023-02-17;559.632;2;559.632
2023-02-18;1205.683;2;1205.683
2023-02-19;1390.636;2;1390.636
2023-02-20;1085.03;2;1085.03
2023-02-21;753.578;2;753.578
2023-02-22;1202.955;2;1202.955
2023-02-23;1198.958;2;1198.958
2023-02-24;845.781;2;845.781
2023-02-25;863.645;2;863.645
2023-02-26;986.27;2;986.27
2023-02-27;1094.215;2;1094.215
2023-02-28;1014.193;2;1014.193
2023-03-01;733.348;3;733.348
2023-03-02;665.942;3;665.942
2023-03-03;590.604;3;590.604
2023-03-04;693.134;3;693.134
2023-03-05;942.04;3;942.04
2023-03-06;1347.505;3;1347.505
2023-03-07;1435.385;3;1435.385
2023-03-08;1569.903;3;1569.903
2023-03-09;1727.812;3;1727.812
2023-03-10;2273.947;3;2273.947
2023-03-11;1966.239;3;1966.239
2023-03-12;2657.772;3;2657.772
2023-03-13;2856.688;3;2856.688
2023-03-14;2539.267;3;2539.267
2023-03-15;2183.353;3;2183.353
2023-03-16;1923.578;3;1923.578
2023-03-17;1714.95;3;1714.95
2023-03-18;1983.491;3;1983.491
2023-03-19;2427.234;3;2427.234
2023-03-20;2468.491;3;2468.491
2023-03-21;1957.939;3;1957.939
2023-03-22;1760.98;3;1760.98
2023-03-23;1786.594;3;1786.594
2023-03-24;1798.612;3;1798.612
2023-03-25;1843.495;3;1843.495
2023-03-26;1877.887;3;1877.887
2023-03-27;1635.865;3;1635.865
2023-03-28;1482.85;3;1482.85
2023-03-29;1858.004;3;1858.004
2023-03-30;1680.641;3;1680.641
2023-03-31;1163.063;3;1163.063
2023-04-01;1088.603;4;1088.603
2023-04-02;948.671;4;948.671
2023-04-03;933.332;4;933.332
2023-04-04;1081.812;4;1081.812
2023-04-05;1061.803;4;1061.803
2023-04-06;1425.741;4;1425.741
2023-04-07;1658.258;4;1658.258
2023-04-08;1464.28;4;1464.28
2023-04-09;1349.829;4;1349.829
2023-04-10;1137.942;4;1137.942
2023-04-11;1126.899;4;1126.899
2023-04-12;1355.705;4;1355.705
2023-04-13;1335.838;4;1335.838
2023-04-14;1341.413;4;1341.413
2023-04-15;1336.792;4;1336.792
2023-04-16;1347.641;4;1347.641
2023-04-17;1321.778;4;1321.778
2023-04-18;1377.765;4;1377.765
2023-04-19;1316.011;4;1316.011
2023-04-20;963.338;4;963.338
2023-04-21;1453.1;4;1453.1
2023-04-22;1536.068;4;1536.068
2023-04-23;1245.937;4;1245.937
2023-04-24;1458.824;4;1458.824
2023-04-25;1441.799;4;1441.799
2023-04-26;1558.884;4;1558.884
2023-04-27;1678.355;4;1678.355
2023-04-28;1865.659;4;1865.659
2023-04-29;1727.879;4;1727.879
2023-04-30;1340.348;4;1340.348
2023-05-01;1107.237;5;1107.237
2023-05-02;1269.672;5;1269.672
2023-05-03;1287.333;5;1287.333
2023-05-04;1254.181;5;1254.181
2023-05-05;1253.548;5;1253.548
2023-05-06;1165.145;5;1165.145
2023-05-07;1054.493;5;1054.493
2023-05-08;784.543;5;784.543
2023-05-09;895.687;5;895.687
2023-05-10;1092.52;5;1092.52
2023-05-11;1144.307;5;1144.307
2023-05-12;1120.753;5;1120.753
2023-05-13;975.981;5;975.981
2023-05-14;884.432;5;884.432
2023-05-15;1001.184;5;1001.184
2023-05-16;1168.108;5;1168.108
2023-05-17;998.805;5;998.805
2023-05-18;803.198;5;803.198
2023-05-19;671.088;5;671.088
2023-05-20;760.586;5;760.586
2023-05-21;1155.634;5;1155.634
2023-05-22;1233.905;5;1233.905
2023-05-23;1386.65;5;1386.65
2023-05-24;1594.701;5;1594.701
2023-05-25;1847.672;5;1847.672
2023-05-26;1958.087;5;1958.087
2023-05-27;1890.991;5;1890.991
2023-05-28;1898.217;5;1898.217
2023-05-29;1722.757;5;1722.757
2023-05-30;1409.329;5;1409.329
2023-05-31;1422.166;5;1422.166
2023-06-01;1310.648;6;1310.648
2023-06-02;1234.964;6;1234.964
2023-06-03;1126.091;6;1126.091
2023-06-04;1116.395;6;1116.395
2023-06-05;1105.939;6;1105.939
2023-06-06;998.659;6;998.659
2023-06-07;885.269;6;885.269
2023-06-08;714.306;6;714.306
2023-06-09;550.573;6;550.573
2023-06-10;749.939;6;749.939
2023-06-11;1125.135;6;1125.135
2023-06-12;941.674;6;941.674
2023-06-13;745.003;6;745.003
2023-06-14;764.542;6;764.542
2023-06-15;955.598;6;955.598
2023-06-16;917.871;6;917.871
2023-06-17;971.894;6;971.894
2023-06-18;990.836;6;990.836
2023-06-19;901.428;6;901.428
2023-06-20;844.719;6;844.719
2023-06-21;891.413;6;891.413
2023-06-22;957.398;6;957.398
2023-06-23;841.048;6;841.048
2023-06-24;833.236;6;833.236
2023-06-25;824.247;6;824.247
2023-06-26;709.393;6;709.393
2023-06-27;603.291;6;603.291
2023-06-28;479.754;6;479.754
2023-06-29;458.973;6;458.973
2023-06-30;673.961;6;673.961
2023-07-01;684.002;7;684.002
2023-07-02;577.099;7;577.099
2023-07-03;512.202;7;512.202
2023-07-04;576.733;7;576.733
2023-07-05;666.926;7;666.926
2023-07-06;609.632;7;609.632
2023-07-07;850.399;7;850.399
2023-07-08;889.132;7;889.132
2023-07-09;763.37;7;763.37
2023-07-10;706.98;7;706.98
2023-07-11;753.787;7;753.787
2023-07-12;859.577;7;859.577
2023-07-13;905.117;7;905.117
2023-07-14;890.843;7;890.843
2023-07-15;857.141;7;857.141
2023-07-16;759.472;7;759.472
2023-07-17;729.588;7;729.588
2023-07-18;922.077;7;922.077
2023-07-19;1100.956;7;1100.956
2023-07-20;1205.545;7;1205.545
2023-07-21;1130.713;7;1130.713
2023-07-22;1003.174;7;1003.174
2023-07-23;892.099;7;892.099
2023-07-24;923.972;7;923.972
2023-07-25;916.165;7;916.165
2023-07-26;902.578;7;902.578
2023-07-27;848.219;7;848.219
2023-07-28;772.725;7;772.725
2023-07-29;673.95;7;673.95
2023-07-30;675.172;7;675.172
2023-07-31;797.932;7;797.932
2023-08-01;829.396;8;829.396
2023-08-02;1022.259;8;1022.259
2023-08-03;813.523;8;813.523
2023-08-04;688.626;8;688.626
2023-08-05;922.896;8;922.896
2023-08-06;826.71;8;826.71
2023-08-07;859.191;8;859.191
2023-08-08;957.439;8;957.439
2023-08-09;808.807;8;808.807
2023-08-10;838.625;8;838.625
2023-08-11;845.388;8;845.388
2023-08-12;865.744;8;865.744
2023-08-13;849.483;8;849.483
2023-08-14;830.934;8;830.934
2023-08-15;749.337;8;749.337
2023-08-16;699.259;8;699.259
2023-08-17;644.101;8;644.101
2023-08-18;633.306;8;633.306
2023-08-19;715.815;8;715.815
2023-08-20;638.61;8;638.61
2023-08-21;646.492;8;646.492
2023-08-22;929.682;8;929.682
2023-08-23;1201.641;8;1201.641
2023-08-24;844.167;8;844.167
2023-08-25;788.443;8;788.443
2023-08-26;1214.854;8;1214.854
2023-08-27;1154.371;8;1154.371
2023-08-28;1105.939;8;1105.939
2023-08-29;1008.978;8;1008.978
2023-08-30;926.502;8;926.502
2023-08-31;839.825;8;839.825
2023-09-01;825.737;9;825.737
2023-09-02;844.305;9;844.305
2023-09-03;946.026;9;946.026
2023-09-04;952.109;9;952.109
2023-09-05;940.208;9;940.208
2023-09-06;845.921;9;845.921
2023-09-07;750.897;9;750.897
2023-09-08;711.138;9;711.138
2023-09-09;636.724;9;636.724
2023-09-10;559.699;9;559.699
2023-09-11;605.113;9;605.113
2023-09-12;716.669;9;716.669
2023-09-13;675.018;9;675.018
2023-09-14;694.024;9;694.024
2023-09-15;636.803;9;636.803
2023-09-16;521.209;9;521.209
2023-09-17;541.789;9;541.789
2023-09-18;566.739;9;566.739
2023-09-19;433.421;9;433.421
2023-09-20;478.972;9;478.972
2023-09-21;580.178;9;580.178
2023-09-22;528.588;9;528.588
2023-09-23;487.398;9;487.398
2023-09-24;541.563;9;541.563
2023-09-25;754.758;9;754.758
2023-09-26;738.423;9;738.423
2023-09-27;678.953;9;678.953
2023-09-28;637.05;9;637.05
2023-09-29;582.626;9;582.626
2023-09-30;596.656;9;596.656
2023-10-01;646.697;10;646.697
2023-10-02;654.721;10;654.721
2023-10-03;689.072;10;689.072
2023-10-04;609.31;10;609.31
2023-10-05;762.113;10;762.113
2023-10-06;736.084;10;736.084
2023-10-07;712.437;10;712.437
2023-10-08;846.751;10;846.751
2023-10-09;870.56;10;870.56
2023-10-10;913.297;10;913.297
2023-10-11;961.128;10;961.128
2023-10-12;821.133;10;821.133
2023-10-13;791.18;10;791.18
2023-10-14;812.256;10;812.256
2023-10-15;613.442;10;613.442
2023-10-16;387.881;10;387.881
2023-10-17;312.706;10;312.706
2023-10-18;356.274;10;356.274
2023-10-19;476.059;10;476.059
2023-10-20;372.776;10;372.776
2023-10-21;371.156;10;371.156
2023-10-22;332.76;10;332.76
2023-10-23;327.936;10;327.936
2023-10-24;442.782;10;442.782
2023-10-25;505.762;10;505.762
2023-10-26;574.725;10;574.725
2023-10-27;802.594;10;802.594
2023-10-28;954.317;10;954.317
2023-10-29;701.153;10;701.153
2023-10-30;580.254;10;580.254
2023-10-31;730.056;10;730.056
2023-11-01;1196.381;11;1196.381
2023-11-02;1154.91;11;1154.91
2023-11-03;1096.224;11;1096.224
2023-11-04;1112.021;11;1112.021
2023-11-05;1220.359;11;1220.359
2023-11-06;1136.864;11;1136.864
2023-11-07;1181.844;11;1181.844
2023-11-08;1137.427;11;1137.427
2023-11-09;1023.019;11;1023.019
2023-11-10;957.927;11;957.927
2023-11-11;908.751;11;908.751
2023-11-12;742.731;11;742.731
2023-11-13;500.285;11;500.285
2023-11-14;679.192;11;679.192
2023-11-15;676.919;11;676.919
2023-11-16;817.167;11;817.167
2023-11-17;1044.44;11;1044.44
2023-11-18;956.869;11;956.869
2023-11-19;854.125;11;854.125
2023-11-20;553.506;11;553.506
2023-11-21;680.144;11;680.144
2023-11-22;709.099;11;709.099
2023-11-23;543.279;11;543.279
2023-11-24;595.028;11;595.028
2023-11-25;639.618;11;639.618
2023-11-26;633.951;11;633.951
2023-11-27;659.095;11;659.095
2023-11-28;616.683;11;616.683
2023-11-29;707.594;11;707.594
2023-11-30;877.121;11;877.121
2023-12-01;865.39;12;865.39
2023-12-02;929.365;12;929.365
2023-12-03;696.462;12;696.462
2023-12-04;331.202;12;331.202
2023-12-05;302.148;12;302.148
2023-12-06;469.075;12;469.075
2023-12-07;680.748;12;680.748
2023-12-08;466.639;12;466.639
2023-12-09;233.426;12;233.426
2023-12-10;166.48;12;166.48
2023-12-11;147.068;12;147.068
2023-12-12;87.357;12;87.357
2023-12-13;88.138;12;88.138
2023-12-14;394.076;12;394.076
2023-12-15;873.337;12;873.337
2023-12-16;870.155;12;870.155
2023-12-17;1002.833;12;1002.833
2023-12-18;1175.862;12;1175.862
2023-12-19;691.774;12;691.774
2023-12-20;751.01;12;751.01
2023-12-21;790.405;12;790.405
2023-12-22;833.337;12;833.337
2023-12-23;693.029;12;693.029
2023-12-24;483.021;12;483.021
2023-12-25;328.821;12;328.821
2023-12-26;622.046;12;622.046
2023-12-27;819.618;12;819.618
2023-12-28;986.802;12;986.802
2023-12-29;1164.618;12;1164.618
2023-12-30;1010.887;12;1010.887
2023-12-31;871.248;12;871.248
2024-01-01;1091.75;1;1091.75
2024-01-02;1339.358;1;1339.358
2024-01-03;1099.755;1;1099.755
2024-01-04;1032.285;1;1032.285
2024-01-05;948.142;1;948.142
2024-01-06;828.738;1;828.738
2024-01-07;735.305;1;735.305
2024-01-08;709.838;1;709.838
2024-01-09;712.623;1;712.623
2024-01-10;651.229;1;651.229
2024-01-11;553.748;1;553.748
2024-01-12;413.377;1;413.377
2024-01-13;728.251;1;728.251
2024-01-14;1006.117;1;1006.117
2024-01-15;1004.472;1;1004.472
2024-01-16;762.096;1;762.096
2024-01-17;459.277;1;459.277
2024-01-18;619.704;1;619.704
2024-01-19;694.698;1;694.698
2024-01-20;557.696;1;557.696
2024-01-21;641.584;1;641.584
2024-01-22;839.278;1;839.278
2024-01-23;621.067;1;621.067
2024-01-24;511.398;1;511.398
2024-01-25;455.021;1;455.021
2024-01-26;292.244;1;292.244
2024-01-27;235.566;1;235.566
2024-01-28;162.542;1;162.542
2024-01-29;250.453;1;250.453
2024-01-30;618.965;1;618.965
2024-01-31;556.184;1;556.184
2024-02-01;571.59;2;571.59
2024-02-02;611.242;2;611.242
2024-02-03;457.989;2;457.989
2024-02-04;489.238;2;489.238
2024-02-05;753.126;2;753.126
2024-02-06;843.585;2;843.585
2024-02-07;840.844;2;840.844
2024-02-08;780.006;2;780.006
2024-02-09;799.263;2;799.263
2024-02-10;762.071;2;762.071
2024-02-11;735.319;2;735.319
2024-02-12;878.193;2;878.193
2024-02-13;804.484;2;804.484
2024-02-14;785.718;2;785.718
2024-02-15;713.664;2;713.664
2024-02-16;473.7;2;473.7
2024-02-17;224.557;2;224.557
2024-02-18;258.263;2;258.263
2024-02-19;304.514;2;304.514
2024-02-20;263.7;2;263.7
2024-02-21;194.536;2;194.536
2024-02-22;359.161;2;359.161
2024-02-23;668.199;2;668.199
2024-02-24;534.687;2;534.687
2024-02-25;426.124;2;426.124
2024-02-26;537.451;2;537.451
2024-02-27;657.64;2;657.64
2024-02-28;613.307;2;613.307
2024-02-29;637.797;2;637.797
2024-03-01;429.28;3;429.28
2024-03-02;91.668;3;91.668
2024-03-03;99.605;3;99.605
2024-03-04;184.699;3;184.699
2024-03-05;466.583;3;466.583
2024-03-06;603.779;3;603.779
2024-03-07;536.702;3;536.702
2024-03-08;469.992;3;469.992
2024-03-09;445.768;3;445.768
2024-03-10;520.147;3;520.147
2024-03-11;626.821;3;626.821
2024-03-12;543.818;3;543.818
2024-03-13;541.356;3;541.356
2024-03-14;568.294;3;568.294
2024-03-15;475.18;3;475.18
2024-03-16;494.629;3;494.629
2024-03-17;422.265;3;422.265
2024-03-18;447.054;3;447.054
2024-03-19;351.6;3;351.6
2024-03-20;520.883;3;520.883
2024-03-21;526.876;3;526.876
2024-03-22;439.673;3;439.673
2024-03-23;495.85;3;495.85
2024-03-24;601.733;3;601.733
2024-03-25;673.459;3;673.459
2024-03-26;814.494;3;814.494
2024-03-27;1046.198;3;1046.198
2024-03-28;725.688;3;725.688
2024-03-29;297.534;3;297.534
2024-03-30;238.544;3;238.544
2024-03-31;305.506;3;305.506
2024-04-01;707.443;4;707.443
2024-04-02;746.783;4;746.783
2024-04-03;1116.142;4;1116.142
2024-04-04;929.37;4;929.37
2024-04-05;1403.323;4;1403.323
2024-04-06;1366.912;4;1366.912
2024-04-07;1192.297;4;1192.297
2024-04-08;1153.833;4;1153.833
2024-04-09;1079.861;4;1079.861
2024-04-10;792.321;4;792.321
2024-04-11;673.523;4;673.523
2024-04-12;795.986;4;795.986
2024-04-13;651.125;4;651.125
2024-04-14;687.541;4;687.541
2024-04-15;659.578;4;659.578
2024-04-16;749.709;4;749.709
2024-04-17;670.09;4;670.09
2024-04-18;593.794;4;593.794
2024-04-19;636.509;4;636.509
2024-04-20;701.192;4;701.192
2024-04-21;864.373;4;864.373
2024-04-22;1465.695;4;1465.695
2024-04-23;1708.729;4;1708.729
2024-04-24;1399.924;4;1399.924
2024-04-25;1058.293;4;1058.293
2024-04-26;1184.571;4;1184.571
2024-04-27;1278.702;4;1278.702
2024-04-28;1472.505;4;1472.505
2024-04-29;1688.394;4;1688.394
2024-04-30;1478.989;4;1478.989
2024-05-01;1533.444;5;1533.444
2024-05-02;1468.22;5;1468.22
2024-05-03;1376.543;5;1376.543
2024-05-04;1657.332;5;1657.332
2024-05-05;1751.044;5;1751.044
2024-05-06;2185.165;5;2185.165
2024-05-07;2017.378;5;2017.378
2024-05-08;1740.728;5;1740.728
2024-05-09;2148.064;5;2148.064
2024-05-10;2549.81;5;2549.81
2024-05-11;1791.02;5;1791.02
2024-05-12;1206.692;5;1206.692
2024-05-13;1235.442;5;1235.442
2024-05-14;1227.9;5;1227.9
2024-05-15;1083.839;5;1083.839
2024-05-16;1274.815;5;1274.815
2024-05-17;1759.917;5;1759.917
2024-05-18;1576.998;5;1576.998
2024-05-19;1447.481;5;1447.481
2024-05-20;1346.485;5;1346.485
2024-05-21;1289.639;5;1289.639
2024-05-22;1336.547;5;1336.547
2024-05-23;1281.55;5;1281.55
2024-05-24;1224.693;5;1224.693
2024-05-25;1201.505;5;1201.505
2024-05-26;1392.411;5;1392.411
2024-05-27;1354.29;5;1354.29
2024-05-28;1176.2;5;1176.2
2024-05-29;1383.926;5;1383.926
2024-05-30;1620.23;5;1620.23
2024-05-31;1675.337;5;1675.337
2024-06-01;1413.188;6;1413.188
2024-06-02;1208.133;6;1208.133
2024-06-03;971.516;6;971.516
2024-06-04;799.286;6;799.286
2024-06-05;934.773;6;934.773
2024-06-06;1300.985;6;1300.985
2024-06-07;993.748;6;993.748
2024-06-08;902.596;6;902.596
2024-06-09;1106.204;6;1106.204
2024-06-10;1234.948;6;1234.948
2024-06-11;1264.845;6;1264.845
2024-06-12;1121.663;6;1121.663
2024-06-13;916.684;6;916.684
2024-06-14;1013.061;6;1013.061
2024-06-15;1467.679;6;1467.679
2024-06-16;1802.306;6;1802.306
2024-06-17;2304.59;6;2304.59
2024-06-18;1752.533;6;1752.533
2024-06-19;1023.744;6;1023.744
2024-06-20;1084.4;6;1084.4
2024-06-21;1262.136;6;1262.136
2024-06-22;1641.903;6;1641.903
2024-06-23;1465.163;6;1465.163
2024-06-24;1431.521;6;1431.521
2024-06-25;1247.199;6;1247.199
2024-06-26;1154.641;6;1154.641
2024-06-27;1104.02;6;1104.02
2024-06-28;1345.416;6;1345.416
2024-06-29;1442.361;6;1442.361
2024-06-30;1257.188;6;1257.188
2024-07-01;821.19;7;821.19
2024-07-02;485.368;7;485.368
2024-07-03;691.367;7;691.367
2024-07-04;1156.728;7;1156.728
2024-07-05;1264.515;7;1264.515
2024-07-06;1117.534;7;1117.534
2024-07-07;1138.536;7;1138.536
2024-07-08;1434.09;7;1434.09
2024-07-09;1297.838;7;1297.838
2024-07-10;1259.613;7;1259.613
2024-07-11;1157.873;7;1157.873
2024-07-12;1161.643;7;1161.643
2024-07-13;974.298;7;974.298
2024-07-14;785.992;7;785.992
2024-07-15;770.646;7;770.646
2024-07-16;656.698;7;656.698
2024-07-17;552.132;7;552.132
2024-07-18;607.459;7;607.459
2024-07-19;911.611;7;911.611
2024-07-20;790.023;7;790.023
2024-07-21;739.706;7;739.706
2024-07-22;473.391;7;473.391
2024-07-23;805.601;7;805.601
2024-07-24;983.58;7;983.58
2024-07-25;715.27;7;715.27
2024-07-26;461.646;7;461.646
2024-07-27;419.031;7;419.031
2024-07-28;377.038;7;377.038
2024-07-29;444.816;7;444.816
2024-07-30;397.461;7;397.461
2024-07-31;458.316;7;458.316
2024-08-01;726.4;8;726.4
2024-08-02;619.467;8;619.467
2024-08-03;539.444;8;539.444
2024-08-04;630.049;8;630.049
2024-08-05;844.771;8;844.771
2024-08-06;796.632;8;796.632
2024-08-07;959.152;8;959.152
2024-08-08;719.135;8;719.135
2024-08-09;630.001;8;630.001
2024-08-10;644.152;8;644.152
2024-08-11;671.898;8;671.898
2024-08-12;778.757;8;778.757
2024-08-13;967.526;8;967.526
2024-08-14;908.81;8;908.81
2024-08-15;734.288;8;734.288
2024-08-16;709.468;8;709.468
2024-08-17;631.708;8;631.708
2024-08-18;567.267;8;567.267
2024-08-19;630.498;8;630.498
2024-08-20;835.513;8;835.513
2024-08-21;729.625;8;729.625
2024-08-22;636.051;8;636.051
2024-08-23;664.292;8;664.292
2024-08-24;578.842;8;578.842
2024-08-25;464.137;8;464.137
2024-08-26;462.326;8;462.326
2024-08-27;447.065;8;447.065
2024-08-28;416.859;8;416.859
2024-08-29;415.243;8;415.243
2024-08-30;342.213;8;342.213
2024-08-31;340.743;8;340.743
2024-09-01;420.399;9;420.399
2024-09-02;635.33;9;635.33
2024-09-03;585.41;9;585.41
2024-09-04;542.338;9;542.338
2024-09-05;360.938;9;360.938
2024-09-06;309.731;9;309.731
2024-09-07;313.305;9;313.305
2024-09-08;337.582;9;337.582
2024-09-09;302.721;9;302.721
2024-09-10;273.153;9;273.153
2024-09-11;360.509;9;360.509
2024-09-12;332.73;9;332.73
2024-09-13;310.192;9;310.192
2024-09-14;268.775;9;268.775
2024-09-15;308.293;9;308.293
2024-09-16;358.068;9;358.068
2024-09-17;313.526;9;313.526
2024-09-18;271.759;9;271.759
2024-09-19;217.821;9;217.821
2024-09-20;192.89;9;192.89
2024-09-21;333.192;9;333.192
2024-09-22;377.561;9;377.561
2024-09-23;257.068;9;257.068
2024-09-24;219.075;9;219.075
2024-09-25;261.363;9;261.363
2024-09-26;300.399;9;300.399
2024-09-27;282.447;9;282.447
2024-09-28;284.169;9;284.169
2024-09-29;377.893;9;377.893
2024-09-30;437.275;9;437.275
2024-10-01;514.731;10;514.731
2024-10-02;671.791;10;671.791
2024-10-03;621.507;10;621.507
2024-10-04;675.168;10;675.168
2024-10-05;513.852;10;513.852
2024-10-06;538.676;10;538.676
2024-10-07;530.797;10;530.797
2024-10-08;794.946;10;794.946
2024-10-09;1267.336;10;1267.336
2024-10-10;1135.547;10;1135.547
2024-10-11;1282.616;10;1282.616
2024-10-12;1209.982;10;1209.982
2024-10-13;1217.684;10;1217.684
2024-10-14;1108.211;10;1108.211
2024-10-15;924.117;10;924.117
2024-10-16;911.407;10;911.407
2024-10-17;839.836;10;839.836
2024-10-18;797.276;10;797.276
2024-10-19;922.038;10;922.038
2024-10-20;822.96;10;822.96
2024-10-21;668.738;10;668.738
2024-10-22;608.268;10;608.268
2024-10-23;691.501;10;691.501
2024-10-24;595.845;10;595.845
2024-10-25;540.04;10;540.04
2024-10-26;666.319;10;666.319
2024-10-27;770.646;10;770.646
2024-10-28;652.155;10;652.155
2024-10-29;654.521;10;654.521
2024-10-30;516.963;10;516.963
2024-10-31;635.518;10;635.518
2024-11-01;835.219;11;835.219
2024-11-02;730.887;11;730.887
2024-11-03;681.069;11;681.069
2024-11-04;708.289;11;708.289
2024-11-05;664.482;11;664.482
2024-11-06;617.611;11;617.611
2024-11-07;683.104;11;683.104
2024-11-08;682.599;11;682.599
2024-11-09;629.78;11;629.78
2024-11-10;906.173;11;906.173
2024-11-11;963.534;11;963.534
2024-11-12;881.265;11;881.265
2024-11-13;853.954;11;853.954
2024-11-14;995.01;11;995.01
2024-11-15;1058.568;11;1058.568
2024-11-16;1061.093;11;1061.093
2024-11-17;1201.775;11;1201.775
2024-11-18;1155.179;11;1155.179
2024-11-19;1415.812;11;1415.812
2024-11-20;1731.515;11;1731.515
2024-11-21;1400.836;11;1400.836
2024-11-22;1335.743;11;1335.743
2024-11-23;1721.048;11;1721.048
2024-11-24;1987.158;11;1987.158
2024-11-25;1208.435;11;1208.435
2024-11-26;883.026;11;883.026
2024-11-27;959.681;11;959.681
2024-11-28;1385.251;11;1385.251
2024-11-29;1131.463;11;1131.463
2024-11-30;886.409;11;886.409
2024-12-01;731.494;12;731.494
2024-12-02;727.336;12;727.336
2024-12-03;956.883;12;956.883
2024-12-04;936.31;12;936.31
2024-12-05;976.327;12;976.327
2024-12-06;848.166;12;848.166
2024-12-07;1171.746;12;1171.746
2024-12-08;975.115;12;975.115
2024-12-09;707.71;12;707.71
2024-12-10;730.965;12;730.965
2024-12-11;809.619;12;809.619
2024-12-12;875.527;12;875.527
2024-12-13;810.613;12;810.613
2024-12-14;684.49;12;684.49
2024-12-15;520.198;12;520.198
2024-12-16;482.983;12;482.983
2024-12-17;464.381;12;464.381
2024-12-18;517.944;12;517.944
2024-12-19;741.099;12;741.099
2024-12-20;639.769;12;639.769
2024-12-21;628.702;12;628.702
2024-12-22;566.822;12;566.822
2024-12-23;845.81;12;845.81
2024-12-24;1086.424;12;1086.424
2024-12-25;830.856;12;830.856
2024-12-26;667.53;12;667.53
2024-12-27;1050.485;12;1050.485
2024-12-28;1442.615;12;1442.615
2024-12-29;1367.067;12;1367.067
2024-12-30;1491.544;12;1491.544
2024-12-31;1495.124;12;1495.124
