# River:                 RIO LA TETA
# Station:               BUENOS AIRES
# Latitude (DD):       3.05
# Longitude (DD):      -76.58

YYYY-MM-DD;Value;month;Value_imputed
1976-01-01;8.51;1;8.51
1976-01-02;7.78;1;7.78
1976-01-03;7.13;1;7.13
1976-01-04;7.3;1;7.3
1976-01-05;6.71;1;6.71
1976-01-06;5.85;1;5.85
1976-01-07;5.66;1;5.66
1976-01-08;5.07;1;5.07
1976-01-09;5.5;1;5.5
1976-01-10;4.61;1;4.61
1976-01-11;4.31;1;4.31
1976-01-12;4.1;1;4.1
1976-01-13;3.87;1;3.87
1976-01-14;3.87;1;3.87
1976-01-15;3.52;1;3.52
1976-01-16;3.43;1;3.43
1976-01-17;3.28;1;3.28
1976-01-18;3.18;1;3.18
1976-01-19;3.08;1;3.08
1976-01-20;2.97;1;2.97
1976-01-21;2.8;1;2.8
1976-01-22;3.45;1;3.45
1976-01-23;2.87;1;2.87
1976-01-24;2.75;1;2.75
1976-01-25;2.62;1;2.62
1976-01-26;2.55;1;2.55
1976-01-27;2.8;1;2.8
1976-01-28;2.87;1;2.87
1976-01-29;2.56;1;2.56
1976-01-30;4.86;1;4.86
1976-01-31;3.2;1;3.2
1976-02-01;2.63;2;2.63
1976-02-02;2.51;2;2.51
1976-02-03;2.36;2;2.36
1976-02-04;2.33;2;2.33
1976-02-05;2.27;2;2.27
1976-02-06;2.42;2;2.42
1976-02-07;3.57;2;3.57
1976-02-08;4.46;2;4.46
1976-02-09;2.86;2;2.86
1976-02-10;3.12;2;3.12
1976-02-11;3.79;2;3.79
1976-02-12;2.88;2;2.88
1976-02-13;2.47;2;2.47
1976-02-14;3.15;2;3.15
1976-02-15;3.38;2;3.38
1976-02-16;2.79;2;2.79
1976-02-17;3.82;2;3.82
1976-02-18;2.81;2;2.81
1976-02-19;3.14;2;3.14
1976-02-20;3.74;2;3.74
1976-02-21;3.12;2;3.12
1976-02-22;6.24;2;6.24
1976-02-23;5.44;2;5.44
1976-02-24;4.66;2;4.66
1976-02-25;4.83;2;4.83
1976-02-26;4.42;2;4.42
1976-02-27;3.91;2;3.91
1976-02-28;3.58;2;3.58
1976-02-29;4.19;2;4.19
1976-03-01;3.34;3;3.34
1976-03-02;3.12;3;3.12
1976-03-03;3.22;3;3.22
1976-03-04;3.12;3;3.12
1976-03-05;2.95;3;2.95
1976-03-06;2.82;3;2.82
1976-03-07;2.69;3;2.69
1976-03-08;2.61;3;2.61
1976-03-09;2.57;3;2.57
1976-03-10;2.48;3;2.48
1976-03-11;2.44;3;2.44
1976-03-12;3.85;3;3.85
1976-03-13;4.82;3;4.82
1976-03-14;3.88;3;3.88
1976-03-15;3.56;3;3.56
1976-03-16;2.61;3;2.61
1976-03-17;2.79;3;2.79
1976-03-18;2.41;3;2.41
1976-03-19;5.08;3;5.08
1976-03-20;4.82;3;4.82
1976-03-21;13.11;3;13.11
1976-03-22;19.88;3;19.88
1976-03-23;9.62;3;9.62
1976-03-24;6.42;3;6.42
1976-03-25;5.53;3;5.53
1976-03-26;5.39;3;5.39
1976-03-27;5.45;3;5.45
1976-03-28;5.02;3;5.02
1976-03-29;4.14;3;4.14
1976-03-30;4.71;3;4.71
1976-03-31;7.32;3;7.32
1976-04-01;5.31;4;5.31
1976-04-02;4.2;4;4.2
1976-04-03;3.91;4;3.91
1976-04-04;3.67;4;3.67
1976-04-05;3.43;4;3.43
1976-04-06;3.23;4;3.23
1976-04-07;3.18;4;3.18
1976-04-08;3.06;4;3.06
1976-04-09;4.18;4;4.18
1976-04-10;7.55;4;7.55
1976-04-11;10.93;4;10.93
1976-04-12;10.12;4;10.12
1976-04-13;16.92;4;16.92
1976-04-14;10.16;4;10.16
1976-04-15;6.6;4;6.6
1976-04-16;6.13;4;6.13
1976-04-17;12.9;4;12.9
1976-04-18;9.13;4;9.13
1976-04-19;6.38;4;6.38
1976-04-20;5.84;4;5.84
1976-04-21;5.71;4;5.71
1976-04-22;5.24;4;5.24
1976-04-23;5.08;4;5.08
1976-04-24;4.71;4;4.71
1976-04-25;4.61;4;4.61
1976-04-26;4.96;4;4.96
1976-04-27;4.82;4;4.82
1976-04-28;4.05;4;4.05
1976-04-29;6.11;4;6.11
1976-04-30;5.55;4;5.55
1976-05-01;4.57;5;4.57
1976-05-02;4.46;5;4.46
1976-05-03;4.34;5;4.34
1976-05-04;10.15;5;10.15
1976-05-05;5.21;5;5.21
1976-05-06;12.7;5;12.7
1976-05-07;10.07;5;10.07
1976-05-08;5.46;5;5.46
1976-05-09;4.76;5;4.76
1976-05-10;4.39;5;4.39
1976-05-11;4.14;5;4.14
1976-05-12;3.93;5;3.93
1976-05-13;3.78;5;3.78
1976-05-14;6.37;5;6.37
1976-05-15;11.09;5;11.09
1976-05-16;7.82;5;7.82
1976-05-17;17.1;5;17.1
1976-05-18;6.65;5;6.65
1976-05-19;5.25;5;5.25
1976-05-20;4.35;5;4.35
1976-05-21;3.98;5;3.98
1976-05-22;3.75;5;3.75
1976-05-23;3.6;5;3.6
1976-05-24;3.64;5;3.64
1976-05-25;3.67;5;3.67
1976-05-26;3.14;5;3.14
1976-05-27;3.02;5;3.02
1976-05-28;2.88;5;2.88
1976-05-29;4.94;5;4.94
1976-05-30;5.26;5;5.26
1976-05-31;4.06;5;4.06
1976-06-01;3.93;6;3.93
1976-06-02;9.07;6;9.07
1976-06-03;3.3;6;3.3
1976-06-04;2.97;6;2.97
1976-06-05;2.76;6;2.76
1976-06-06;2.6;6;2.6
1976-06-07;3.48;6;3.48
1976-06-08;4.19;6;4.19
1976-06-09;2.65;6;2.65
1976-06-10;2.54;6;2.54
1976-06-11;2.47;6;2.47
1976-06-12;2.7;6;2.7
1976-06-13;2.69;6;2.69
1976-06-14;2.29;6;2.29
1976-06-15;2.09;6;2.09
1976-06-16;1.97;6;1.97
1976-06-17;2.18;6;2.18
1976-06-18;1.86;6;1.86
1976-06-19;2.0;6;2.0
1976-06-20;2.09;6;2.09
1976-06-21;1.95;6;1.95
1976-06-22;2.27;6;2.27
1976-06-23;2.58;6;2.58
1976-06-24;2.11;6;2.11
1976-06-25;2.02;6;2.02
1976-06-26;2.11;6;2.11
1976-06-27;2.02;6;2.02
1976-06-28;1.66;6;1.66
1976-06-29;1.46;6;1.46
1976-06-30;1.39;6;1.39
1976-07-01;1.28;7;1.28
1976-07-02;1.28;7;1.28
1976-07-03;1.23;7;1.23
1976-07-04;1.18;7;1.18
1976-07-05;1.19;7;1.19
1976-07-06;1.18;7;1.18
1976-07-07;1.25;7;1.25
1976-07-08;1.14;7;1.14
1976-07-09;1.12;7;1.12
1976-07-10;1.19;7;1.19
1976-07-11;1.26;7;1.26
1976-07-12;1.19;7;1.19
1976-07-13;1.12;7;1.12
1976-07-14;1.12;7;1.12
1976-07-15;1.07;7;1.07
1976-07-16;1.05;7;1.05
1976-07-17;1.0;7;1.0
1976-07-18;0.95;7;0.95
1976-07-19;0.94;7;0.94
1976-07-20;0.9;7;0.9
1976-07-21;0.87;7;0.87
1976-07-22;0.86;7;0.86
1976-07-23;0.9;7;0.9
1976-07-24;0.88;7;0.88
1976-07-25;0.84;7;0.84
1976-07-26;0.86;7;0.86
1976-07-27;0.84;7;0.84
1976-07-28;0.86;7;0.86
1976-07-29;0.8;7;0.8
1976-07-30;0.79;7;0.79
1976-07-31;0.72;7;0.72
1976-08-01;0.73;8;0.73
1976-08-02;0.76;8;0.76
1976-08-03;0.76;8;0.76
1976-08-04;0.68;8;0.68
1976-08-05;0.68;8;0.68
1976-08-06;0.69;8;0.69
1976-08-07;0.69;8;0.69
1976-08-08;0.7;8;0.7
1976-08-09;0.69;8;0.69
1976-08-10;0.69;8;0.69
1976-08-11;0.73;8;0.73
1976-08-12;0.64;8;0.64
1976-08-13;0.56;8;0.56
1976-08-14;0.56;8;0.56
1976-08-15;0.56;8;0.56
1976-08-16;0.53;8;0.53
1976-08-17;0.52;8;0.52
1976-08-18;0.49;8;0.49
1976-08-19;0.51;8;0.51
1976-08-20;0.81;8;0.81
1976-08-21;0.73;8;0.73
1976-08-22;0.57;8;0.57
1976-08-23;0.52;8;0.52
1976-08-24;0.52;8;0.52
1976-08-25;0.56;8;0.56
1976-08-26;0.55;8;0.55
1976-08-27;0.54;8;0.54
1976-08-28;0.53;8;0.53
1976-08-29;0.51;8;0.51
1976-08-30;0.48;8;0.48
1976-08-31;0.45;8;0.45
1976-09-01;0.43;9;0.43
1976-09-02;0.42;9;0.42
1976-09-03;0.42;9;0.42
1976-09-04;0.44;9;0.44
1976-09-05;0.58;9;0.58
1976-09-06;0.71;9;0.71
1976-09-07;0.53;9;0.53
1976-09-08;0.49;9;0.49
1976-09-09;0.53;9;0.53
1976-09-10;0.43;9;0.43
1976-09-11;0.41;9;0.41
1976-09-12;0.41;9;0.41
1976-09-13;0.36;9;0.36
1976-09-14;0.36;9;0.36
1976-09-15;0.35;9;0.35
1976-09-16;0.34;9;0.34
1976-09-17;0.31;9;0.31
1976-09-18;0.31;9;0.31
1976-09-19;0.3;9;0.3
1976-09-20;0.3;9;0.3
1976-09-21;0.3;9;0.3
1976-09-22;0.29;9;0.29
1976-09-23;0.31;9;0.31
1976-09-24;0.32;9;0.32
1976-09-25;0.44;9;0.44
1976-09-26;0.42;9;0.42
1976-09-27;0.42;9;0.42
1976-09-28;0.61;9;0.61
1976-09-29;0.48;9;0.48
1976-09-30;0.4;9;0.4
1976-10-01;0.35;10;0.35
1976-10-02;0.58;10;0.58
1976-10-03;1.31;10;1.31
1976-10-04;0.69;10;0.69
1976-10-05;0.69;10;0.69
1976-10-06;0.58;10;0.58
1976-10-07;0.76;10;0.76
1976-10-08;1.45;10;1.45
1976-10-09;1.45;10;1.45
1976-10-10;0.81;10;0.81
1976-10-11;0.56;10;0.56
1976-10-12;0.5;10;0.5
1976-10-13;0.7;10;0.7
1976-10-14;2.14;10;2.14
1976-10-15;1.08;10;1.08
1976-10-16;3.84;10;3.84
1976-10-17;1.26;10;1.26
1976-10-18;0.83;10;0.83
1976-10-19;1.7;10;1.7
1976-10-20;1.54;10;1.54
1976-10-21;3.03;10;3.03
1976-10-22;4.67;10;4.67
1976-10-23;11.52;10;11.52
1976-10-24;7.7;10;7.7
1976-10-25;10.78;10;10.78
1976-10-26;5.64;10;5.64
1976-10-27;4.07;10;4.07
1976-10-28;3.36;10;3.36
1976-10-29;2.77;10;2.77
1976-10-30;2.38;10;2.38
1976-10-31;2.33;10;2.33
1976-11-01;2.02;11;2.02
1976-11-02;1.92;11;1.92
1976-11-03;5.68;11;5.68
1976-11-04;4.14;11;4.14
1976-11-05;3.3;11;3.3
1976-11-06;3.31;11;3.31
1976-11-07;2.84;11;2.84
1976-11-08;3.88;11;3.88
1976-11-09;2.89;11;2.89
1976-11-10;2.57;11;2.57
1976-11-11;3.19;11;3.19
1976-11-12;9.96;11;9.96
1976-11-13;7.08;11;7.08
1976-11-14;6.73;11;6.73
1976-11-15;5.07;11;5.07
1976-11-16;4.33;11;4.33
1976-11-17;4.0;11;4.0
1976-11-18;3.66;11;3.66
1976-11-19;3.26;11;3.26
1976-11-20;3.13;11;3.13
1976-11-21;3.94;11;3.94
1976-11-22;2.92;11;2.92
1976-11-23;2.72;11;2.72
1976-11-24;2.54;11;2.54
1976-11-25;2.45;11;2.45
1976-11-26;3.36;11;3.36
1976-11-27;2.38;11;2.38
1976-11-28;2.23;11;2.23
1976-11-29;10.59;11;10.59
1976-11-30;6.24;11;6.24
1976-12-01;4.23;12;4.23
1976-12-02;5.55;12;5.55
1976-12-03;4.04;12;4.04
1976-12-04;4.1;12;4.1
1976-12-05;4.42;12;4.42
1976-12-06;5.69;12;5.69
1976-12-07;4.37;12;4.37
1976-12-08;7.27;12;7.27
1976-12-09;4.71;12;4.71
1976-12-10;4.06;12;4.06
1976-12-11;3.6;12;3.6
1976-12-12;3.31;12;3.31
1976-12-13;3.54;12;3.54
1976-12-14;4.77;12;4.77
1976-12-15;8.34;12;8.34
1976-12-16;4.72;12;4.72
1976-12-17;4.16;12;4.16
1976-12-18;3.76;12;3.76
1976-12-19;3.47;12;3.47
1976-12-20;3.34;12;3.34
1976-12-21;4.14;12;4.14
1976-12-22;8.37;12;8.37
1976-12-23;4.63;12;4.63
1976-12-24;4.2;12;4.2
1976-12-25;3.97;12;3.97
1976-12-26;3.46;12;3.46
1976-12-27;3.26;12;3.26
1976-12-28;3.21;12;3.21
1976-12-29;3.19;12;3.19
1976-12-30;2.89;12;2.89
1976-12-31;2.74;12;2.74
1977-01-01;2.63;1;2.63
1977-01-02;2.52;1;2.52
1977-01-03;2.53;1;2.53
1977-01-04;2.35;1;2.35
1977-01-05;2.22;1;2.22
1977-01-06;2.12;1;2.12
1977-01-07;2.06;1;2.06
1977-01-08;2.06;1;2.06
1977-01-09;2.06;1;2.06
1977-01-10;2.02;1;2.02
1977-01-11;1.95;1;1.95
1977-01-12;1.92;1;1.92
1977-01-13;1.84;1;1.84
1977-01-14;1.83;1;1.83
1977-01-15;1.7;1;1.7
1977-01-16;1.69;1;1.69
1977-01-17;1.61;1;1.61
1977-01-18;1.6;1;1.6
1977-01-19;1.98;1;1.98
1977-01-20;1.73;1;1.73
1977-01-21;1.65;1;1.65
1977-01-22;1.5;1;1.5
1977-01-23;2.01;1;2.01
1977-01-24;1.89;1;1.89
1977-01-25;1.55;1;1.55
1977-01-26;3.66;1;3.66
1977-01-27;2.62;1;2.62
1977-01-28;1.94;1;1.94
1977-01-29;1.72;1;1.72
1977-01-30;1.53;1;1.53
1977-01-31;1.52;1;1.52
1977-02-01;1.54;2;1.54
1977-02-02;1.41;2;1.41
1977-02-03;1.32;2;1.32
1977-02-04;1.21;2;1.21
1977-02-05;1.14;2;1.14
1977-02-06;1.14;2;1.14
1977-02-07;1.16;2;1.16
1977-02-08;1.16;2;1.16
1977-02-09;1.05;2;1.05
1977-02-10;1.01;2;1.01
1977-02-11;0.97;2;0.97
1977-02-12;1.79;2;1.79
1977-02-13;1.19;2;1.19
1977-02-14;1.32;2;1.32
1977-02-15;1.07;2;1.07
1977-02-16;1.11;2;1.11
1977-02-17;1.02;2;1.02
1977-02-18;0.97;2;0.97
1977-02-19;1.09;2;1.09
1977-02-20;1.69;2;1.69
1977-02-21;1.47;2;1.47
1977-02-22;1.12;2;1.12
1977-02-23;1.0;2;1.0
1977-02-24;0.94;2;0.94
1977-02-25;1.44;2;1.44
1977-02-26;1.07;2;1.07
1977-02-27;0.95;2;0.95
1977-02-28;0.91;2;0.91
1977-03-01;0.92;3;0.92
1977-03-02;0.87;3;0.87
1977-03-03;0.83;3;0.83
1977-03-04;0.8;3;0.8
1977-03-05;0.79;3;0.79
1977-03-06;0.77;3;0.77
1977-03-07;0.75;3;0.75
1977-03-08;0.73;3;0.73
1977-03-09;0.69;3;0.69
1977-03-10;0.68;3;0.68
1977-03-11;0.68;3;0.68
1977-03-12;0.66;3;0.66
1977-03-13;0.83;3;0.83
1977-03-14;0.93;3;0.93
1977-03-15;0.76;3;0.76
1977-03-16;0.71;3;0.71
1977-03-17;0.69;3;0.69
1977-03-18;0.68;3;0.68
1977-03-19;2.77;3;2.77
1977-03-20;1.2;3;1.2
1977-03-21;0.86;3;0.86
1977-03-22;1.31;3;1.31
1977-03-23;2.62;3;2.62
1977-03-24;2.1;3;2.1
1977-03-25;1.82;3;1.82
1977-03-26;2.24;3;2.24
1977-03-27;1.64;3;1.64
1977-03-28;2.75;3;2.75
1977-03-29;5.21;3;5.21
1977-03-30;2.87;3;2.87
1977-03-31;2.66;3;2.66
1977-04-01;5.65;4;5.65
1977-04-02;3.39;4;3.39
1977-04-03;4.32;4;4.32
1977-04-04;4.67;4;4.67
1977-04-05;3.39;4;3.39
1977-04-06;2.91;4;2.91
1977-04-07;2.74;4;2.74
1977-04-08;2.64;4;2.64
1977-04-09;2.39;4;2.39
1977-04-10;2.21;4;2.21
1977-04-11;2.09;4;2.09
1977-04-12;2.18;4;2.18
1977-04-13;2.06;4;2.06
1977-04-14;1.9;4;1.9
1977-04-15;1.84;4;1.84
1977-04-16;1.7;4;1.7
1977-04-17;1.69;4;1.69
1977-04-18;1.61;4;1.61
1977-04-19;1.53;4;1.53
1977-04-20;1.43;4;1.43
1977-04-21;1.5;4;1.5
1977-04-22;1.47;4;1.47
1977-04-23;2.49;4;2.49
1977-04-24;2.05;4;2.05
1977-04-25;1.75;4;1.75
1977-04-26;1.61;4;1.61
1977-04-27;3.38;4;3.38
1977-04-28;5.34;4;5.34
1977-04-29;3.96;4;3.96
1977-04-30;2.93;4;2.93
1977-05-01;3.17;5;3.17
1977-05-02;2.49;5;2.49
1977-05-03;2.5;5;2.5
1977-05-04;9.01;5;9.01
1977-05-05;16.66;5;16.66
1977-05-06;8.32;5;8.32
1977-05-07;5.69;5;5.69
1977-05-08;4.57;5;4.57
1977-05-09;3.96;5;3.96
1977-05-10;3.78;5;3.78
1977-05-11;3.3;5;3.3
1977-05-12;3.01;5;3.01
1977-05-13;2.8;5;2.8
1977-05-14;5.86;5;5.86
1977-05-15;11.75;5;11.75
1977-05-16;5.71;5;5.71
1977-05-17;4.18;5;4.18
1977-05-18;3.71;5;3.71
1977-05-19;3.2;5;3.2
1977-05-20;2.98;5;2.98
1977-05-21;2.83;5;2.83
1977-05-22;2.64;5;2.64
1977-05-23;2.54;5;2.54
1977-05-24;2.52;5;2.52
1977-05-25;2.48;5;2.48
1977-05-26;2.64;5;2.64
1977-05-27;2.55;5;2.55
1977-05-28;4.24;5;4.24
1977-05-29;4.13;5;4.13
1977-05-30;2.52;5;2.52
1977-05-31;2.31;5;2.31
1977-06-01;2.17;6;2.17
1977-06-02;7.47;6;7.47
1977-06-03;4.44;6;4.44
1977-06-04;3.25;6;3.25
1977-06-05;2.86;6;2.86
1977-06-06;2.63;6;2.63
1977-06-07;2.66;6;2.66
1977-06-08;2.56;6;2.56
1977-06-09;2.41;6;2.41
1977-06-10;2.45;6;2.45
1977-06-11;3.21;6;3.21
1977-06-12;3.6;6;3.6
1977-06-13;4.15;6;4.15
1977-06-14;3.6;6;3.6
1977-06-15;2.73;6;2.73
1977-06-16;2.49;6;2.49
1977-06-17;2.38;6;2.38
1977-06-18;2.24;6;2.24
1977-06-19;2.15;6;2.15
1977-06-20;2.11;6;2.11
1977-06-21;2.13;6;2.13
1977-06-22;2.06;6;2.06
1977-06-23;2.01;6;2.01
1977-06-24;1.93;6;1.93
1977-06-25;1.91;6;1.91
1977-06-26;1.82;6;1.82
1977-06-27;1.79;6;1.79
1977-06-28;1.72;6;1.72
1977-06-29;1.68;6;1.68
1977-06-30;1.76;6;1.76
1977-07-01;1.78;7;1.78
1977-07-02;1.68;7;1.68
1977-07-03;1.52;7;1.52
1977-07-04;1.48;7;1.48
1977-07-05;1.3;7;1.3
1977-07-06;1.48;7;1.48
1977-07-07;1.75;7;1.75
1977-07-08;1.41;7;1.41
1977-07-09;1.35;7;1.35
1977-07-10;1.31;7;1.31
1977-07-11;1.28;7;1.28
1977-07-12;1.25;7;1.25
1977-07-13;1.23;7;1.23
1977-07-14;1.21;7;1.21
1977-07-15;1.18;7;1.18
1977-07-16;1.14;7;1.14
1977-07-17;1.12;7;1.12
1977-07-18;1.1;7;1.1
1977-07-19;1.0;7;1.0
1977-07-20;0.97;7;0.97
1977-07-21;0.95;7;0.95
1977-07-22;0.94;7;0.94
1977-07-23;0.9;7;0.9
1977-07-24;0.88;7;0.88
1977-07-25;0.87;7;0.87
1977-07-26;0.86;7;0.86
1977-07-27;2.87;7;2.87
1977-07-28;1.48;7;1.48
1977-07-29;1.04;7;1.04
1977-07-30;0.95;7;0.95
1977-07-31;1.22;7;1.22
1977-08-01;1.03;8;1.03
1977-08-02;0.94;8;0.94
1977-08-03;0.9;8;0.9
1977-08-04;0.9;8;0.9
1977-08-05;0.87;8;0.87
1977-08-06;0.86;8;0.86
1977-08-07;0.96;8;0.96
1977-08-08;0.92;8;0.92
1977-08-09;0.92;8;0.92
1977-08-10;0.86;8;0.86
1977-08-11;0.93;8;0.93
1977-08-12;0.82;8;0.82
1977-08-13;0.82;8;0.82
1977-08-14;1.45;8;1.45
1977-08-15;1.18;8;1.18
1977-08-16;0.84;8;0.84
1977-08-17;0.75;8;0.75
1977-08-18;0.71;8;0.71
1977-08-19;0.71;8;0.71
1977-08-20;0.72;8;0.72
1977-08-21;0.68;8;0.68
1977-08-22;0.65;8;0.65
1977-08-23;0.63;8;0.63
1977-08-24;0.6;8;0.6
1977-08-25;0.59;8;0.59
1977-08-26;0.63;8;0.63
1977-08-27;0.54;8;0.54
1977-08-28;0.54;8;0.54
1977-08-29;0.57;8;0.57
1977-08-30;0.56;8;0.56
1977-08-31;0.56;8;0.56
1977-09-01;0.54;9;0.54
1977-09-02;0.53;9;0.53
1977-09-03;0.51;9;0.51
1977-09-04;0.5;9;0.5
1977-09-05;0.48;9;0.48
1977-09-06;0.47;9;0.47
1977-09-07;0.47;9;0.47
1977-09-08;0.45;9;0.45
1977-09-09;0.44;9;0.44
1977-09-10;0.42;9;0.42
1977-09-11;0.41;9;0.41
1977-09-12;0.39;9;0.39
1977-09-13;0.42;9;0.42
1977-09-14;1.0;9;1.0
1977-09-15;0.71;9;0.71
1977-09-16;0.62;9;0.62
1977-09-17;0.6;9;0.6
1977-09-18;0.57;9;0.57
1977-09-19;0.54;9;0.54
1977-09-20;1.22;9;1.22
1977-09-21;0.99;9;0.99
1977-09-22;0.75;9;0.75
1977-09-23;0.66;9;0.66
1977-09-24;0.71;9;0.71
1977-09-25;0.69;9;0.69
1977-09-26;2.03;9;2.03
1977-09-27;2.16;9;2.16
1977-09-28;5.59;9;5.59
1977-09-29;3.49;9;3.49
1977-09-30;2.83;9;2.83
1977-10-01;2.3;10;2.3
1977-10-02;2.31;10;2.31
1977-10-03;1.65;10;1.65
1977-10-04;1.69;10;1.69
1977-10-05;1.4;10;1.4
1977-10-06;2.66;10;2.66
1977-10-07;5.2;10;5.2
1977-10-08;3.13;10;3.13
1977-10-09;2.73;10;2.73
1977-10-10;2.42;10;2.42
1977-10-11;4.61;10;4.61
1977-10-12;3.34;10;3.34
1977-10-13;2.86;10;2.86
1977-10-14;2.48;10;2.48
1977-10-15;3.15;10;3.15
1977-10-16;2.37;10;2.37
1977-10-17;3.27;10;3.27
1977-10-18;4.0;10;4.0
1977-10-19;2.41;10;2.41
1977-10-20;2.12;10;2.12
1977-10-21;1.93;10;1.93
1977-10-22;1.82;10;1.82
1977-10-23;1.7;10;1.7
1977-10-24;3.8;10;3.8
1977-10-25;2.18;10;2.18
1977-10-26;3.1;10;3.1
1977-10-27;3.68;10;3.68
1977-10-28;2.63;10;2.63
1977-10-29;2.85;10;2.85
1977-10-30;2.84;10;2.84
1977-10-31;2.41;10;2.41
1977-11-01;2.2;11;2.2
1977-11-02;2.22;11;2.22
1977-11-03;6.49;11;6.49
1977-11-04;10.85;11;10.85
1977-11-05;5.44;11;5.44
1977-11-06;13.71;11;13.71
1977-11-07;16.77;11;16.77
1977-11-08;15.06;11;15.06
1977-11-09;8.04;11;8.04
1977-11-10;8.04;11;8.04
1977-11-11;6.72;11;6.72
1977-11-12;6.91;11;6.91
1977-11-13;6.38;11;6.38
1977-11-14;6.75;11;6.75
1977-11-15;5.37;11;5.37
1977-11-16;4.82;11;4.82
1977-11-17;6.59;11;6.59
1977-11-18;15.7;11;15.7
1977-11-19;9.43;11;9.43
1977-11-20;6.91;11;6.91
1977-11-21;6.39;11;6.39
1977-11-22;5.48;11;5.48
1977-11-23;5.19;11;5.19
1977-11-24;4.93;11;4.93
1977-11-25;4.48;11;4.48
1977-11-26;10.26;11;10.26
1977-11-27;13.57;11;13.57
1977-11-28;7.19;11;7.19
1977-11-29;5.91;11;5.91
1977-11-30;5.32;11;5.32
1977-12-01;4.88;12;4.88
1977-12-02;4.5;12;4.5
1977-12-03;4.24;12;4.24
1977-12-04;3.97;12;3.97
1977-12-05;3.74;12;3.74
1977-12-06;3.52;12;3.52
1977-12-07;3.49;12;3.49
1977-12-08;3.33;12;3.33
1977-12-09;3.04;12;3.04
1977-12-10;2.93;12;2.93
1977-12-11;2.96;12;2.96
1977-12-12;3.14;12;3.14
1977-12-13;5.07;12;5.07
1977-12-14;3.39;12;3.39
1977-12-15;2.82;12;2.82
1977-12-16;2.65;12;2.65
1977-12-17;2.56;12;2.56
1977-12-18;2.45;12;2.45
1977-12-19;2.99;12;2.99
1977-12-20;2.4;12;2.4
1977-12-21;2.2;12;2.2
1977-12-22;2.11;12;2.11
1977-12-23;2.11;12;2.11
1977-12-24;2.06;12;2.06
1977-12-25;1.97;12;1.97
1977-12-26;1.94;12;1.94
1977-12-27;2.2;12;2.2
1977-12-28;2.78;12;2.78
1977-12-29;4.24;12;4.24
1977-12-30;2.52;12;2.52
1977-12-31;3.97;12;3.97
1978-01-01;3.328;1;3.328
1978-01-02;5.721;1;5.721
1978-01-03;3.979;1;3.979
1978-01-04;3.467;1;3.467
1978-01-05;3.198;1;3.198
1978-01-06;3.738;1;3.738
1978-01-07;3.124;1;3.124
1978-01-08;2.972;1;2.972
1978-01-09;2.853;1;2.853
1978-01-10;3.051;1;3.051
1978-01-11;3.352;1;3.352
1978-01-12;3.892;1;3.892
1978-01-13;3.149;1;3.149
1978-01-14;2.927;1;2.927
1978-01-15;2.816;1;2.816
1978-01-16;2.737;1;2.737
1978-01-17;2.702;1;2.702
1978-01-18;2.642;1;2.642
1978-01-19;2.62;1;2.62
1978-01-20;2.53;1;2.53
1978-01-21;2.462;1;2.462
1978-01-22;2.395;1;2.395
1978-01-23;2.35;1;2.35
1978-01-24;2.305;1;2.305
1978-01-25;2.215;1;2.215
1978-01-26;2.125;1;2.125
1978-01-27;2.102;1;2.102
1978-01-28;2.039;1;2.039
1978-01-29;2.086;1;2.086
1978-01-30;2.012;1;2.012
1978-01-31;1.967;1;1.967
1978-02-01;1.904;2;1.904
1978-02-02;1.945;2;1.945
1978-02-03;1.967;2;1.967
1978-02-04;1.84;2;1.84
1978-02-05;1.795;2;1.795
1978-02-06;1.765;2;1.765
1978-02-07;1.735;2;1.735
1978-02-08;1.748;2;1.748
1978-02-09;1.81;2;1.81
1978-02-10;1.795;2;1.795
1978-02-11;1.765;2;1.765
1978-02-12;1.735;2;1.735
1978-02-13;1.69;2;1.69
1978-02-14;1.615;2;1.615
1978-02-15;1.555;2;1.555
1978-02-16;1.525;2;1.525
1978-02-17;1.51;2;1.51
1978-02-18;1.495;2;1.495
1978-02-19;1.465;2;1.465
1978-02-20;1.45;2;1.45
1978-02-21;1.435;2;1.435
1978-02-22;1.405;2;1.405
1978-02-23;1.39;2;1.39
1978-02-24;1.409;2;1.409
1978-02-25;1.42;2;1.42
1978-02-26;1.405;2;1.405
1978-02-27;1.64;2;1.64
1978-02-28;1.525;2;1.525
1978-03-01;1.907;3;1.907
1978-03-02;2.19;3;2.19
1978-03-03;1.69;3;1.69
1978-03-04;1.48;3;1.48
1978-03-05;1.375;3;1.375
1978-03-06;1.315;3;1.315
1978-03-07;1.433;3;1.433
1978-03-08;2.619;3;2.619
1978-03-09;2.424;3;2.424
1978-03-10;2.17;3;2.17
1978-03-11;1.95;3;1.95
1978-03-12;1.75;3;1.75
1978-03-13;1.63;3;1.63
1978-03-14;1.555;3;1.555
1978-03-15;1.264;3;1.264
1978-03-16;1.1;3;1.1
1978-03-17;1.22;3;1.22
1978-03-18;1.22;3;1.22
1978-03-19;1.22;3;1.22
1978-03-20;1.22;3;1.22
1978-03-21;1.2;3;1.2
1978-03-22;1.58;3;1.58
1978-03-23;1.63;3;1.63
1978-03-24;1.22;3;1.22
1978-03-25;1.885;3;1.885
1978-03-26;1.32;3;1.32
1978-03-27;8.502;3;8.502
1978-03-28;4.794;3;4.794
1978-03-29;1.957;3;1.957
1978-03-30;1.519;3;1.519
1978-03-31;1.427;3;1.427
1978-04-01;1.425;4;1.425
1978-04-02;1.419;4;1.419
1978-04-03;2.131;4;2.131
1978-04-04;1.677;4;1.677
1978-04-05;1.658;4;1.658
1978-04-06;2.296;4;2.296
1978-04-07;5.935;4;5.935
1978-04-08;2.867;4;2.867
1978-04-09;5.942;4;5.942
1978-04-10;3.425;4;3.425
1978-04-11;2.755;4;2.755
1978-04-12;2.417;4;2.417
1978-04-13;2.215;4;2.215
1978-04-14;1.99;4;1.99
1978-04-15;2.122;4;2.122
1978-04-16;8.4;4;8.4
1978-04-17;4.892;4;4.892
1978-04-18;4.404;4;4.404
1978-04-19;3.226;4;3.226
1978-04-20;3.147;4;3.147
1978-04-21;2.902;4;2.902
1978-04-22;9.5;4;9.5
1978-04-23;6.452;4;6.452
1978-04-24;4.942;4;4.942
1978-04-25;6.28;4;6.28
1978-04-26;5.233;4;5.233
1978-04-27;5.148;4;5.148
1978-04-28;4.362;4;4.362
1978-04-29;6.261;4;6.261
1978-04-30;5.858;4;5.858
1978-05-01;4.285;5;4.285
1978-05-02;4.14;5;4.14
1978-05-03;9.08;5;9.08
1978-05-04;7.395;5;7.395
1978-05-05;5.553;5;5.553
1978-05-06;5.346;5;5.346
1978-05-07;4.871;5;4.871
1978-05-08;4.454;5;4.454
1978-05-09;4.224;5;4.224
1978-05-10;6.395;5;6.395
1978-05-11;4.535;5;4.535
1978-05-12;4.102;5;4.102
1978-05-13;3.898;5;3.898
1978-05-14;3.735;5;3.735
1978-05-15;3.556;5;3.556
1978-05-16;3.423;5;3.423
1978-05-17;3.3;5;3.3
1978-05-18;3.277;5;3.277
1978-05-19;3.136;5;3.136
1978-05-20;3.0;5;3.0
1978-05-21;2.877;5;2.877
1978-05-22;3.833;5;3.833
1978-05-23;2.942;5;2.942
1978-05-24;3.536;5;3.536
1978-05-25;3.277;5;3.277
1978-05-26;7.275;5;7.275
1978-05-27;4.175;5;4.175
1978-05-28;3.677;5;3.677
1978-05-29;3.157;5;3.157
1978-05-30;3.71;5;3.71
1978-05-31;3.094;5;3.094
1978-06-01;2.896;6;2.896
1978-06-02;3.685;6;3.685
1978-06-03;2.963;6;2.963
1978-06-04;2.8;6;2.8
1978-06-05;2.889;6;2.889
1978-06-06;2.639;6;2.639
1978-06-07;2.848;6;2.848
1978-06-08;2.87;6;2.87
1978-06-09;2.432;6;2.432
1978-06-10;2.305;6;2.305
1978-06-11;2.301;6;2.301
1978-06-12;2.272;6;2.272
1978-06-13;2.193;6;2.193
1978-06-14;2.147;6;2.147
1978-06-15;2.107;6;2.107
1978-06-16;2.107;6;2.107
1978-06-17;2.45;6;2.45
1978-06-18;2.037;6;2.037
1978-06-19;1.982;6;1.982
1978-06-20;2.05;6;2.05
1978-06-21;1.885;6;1.885
1978-06-22;1.864;6;1.864
1978-06-23;1.87;6;1.87
1978-06-24;1.789;6;1.789
1978-06-25;1.743;6;1.743
1978-06-26;1.712;6;1.712
1978-06-27;1.681;6;1.681
1978-06-28;1.671;6;1.671
1978-06-29;1.63;6;1.63
1978-06-30;1.596;6;1.596
1978-07-01;1.564;7;1.564
1978-07-02;1.536;7;1.536
1978-07-03;1.52;7;1.52
1978-07-04;1.509;7;1.509
1978-07-05;1.463;7;1.463
1978-07-06;1.474;7;1.474
1978-07-07;1.495;7;1.495
1978-07-08;1.492;7;1.492
1978-07-09;1.42;7;1.42
1978-07-10;1.411;7;1.411
1978-07-11;1.405;7;1.405
1978-07-12;1.921;7;1.921
1978-07-13;1.851;7;1.851
1978-07-14;2.255;7;2.255
1978-07-15;1.704;7;1.704
1978-07-16;1.504;7;1.504
1978-07-17;1.444;7;1.444
1978-07-18;1.997;7;1.997
1978-07-19;1.544;7;1.544
1978-07-20;1.435;7;1.435
1978-07-21;1.438;7;1.438
1978-07-22;4.08;7;4.08
1978-07-23;1.839;7;1.839
1978-07-24;1.576;7;1.576
1978-07-25;1.48;7;1.48
1978-07-26;1.405;7;1.405
1978-07-27;1.36;7;1.36
1978-07-28;1.315;7;1.315
1978-07-29;1.277;7;1.277
1978-07-30;1.24;7;1.24
1978-07-31;1.22;7;1.22
1978-08-01;1.207;8;1.207
1978-08-02;1.14;8;1.14
1978-08-03;1.14;8;1.14
1978-08-04;1.12;8;1.12
1978-08-05;1.129;8;1.129
1978-08-06;1.157;8;1.157
1978-08-07;1.06;8;1.06
1978-08-08;1.06;8;1.06
1978-08-09;1.06;8;1.06
1978-08-10;1.048;8;1.048
1978-08-11;1.0;8;1.0
1978-08-12;0.98;8;0.98
1978-08-13;0.96;8;0.96
1978-08-14;0.94;8;0.94
1978-08-15;0.911;8;0.911
1978-08-16;0.855;8;0.855
1978-08-17;0.84;8;0.84
1978-08-18;0.853;8;0.853
1978-08-19;0.855;8;0.855
1978-08-20;0.836;8;0.836
1978-08-21;0.796;8;0.796
1978-08-22;0.799;8;0.799
1978-08-23;0.796;8;0.796
1978-08-24;0.779;8;0.779
1978-08-25;0.764;8;0.764
1978-08-26;0.76;8;0.76
1978-08-27;0.769;8;0.769
1978-08-28;0.88;8;0.88
1978-08-29;2.803;8;2.803
1978-08-30;1.55;8;1.55
1978-08-31;1.124;8;1.124
1978-09-01;1.085;9;1.085
1978-09-02;1.375;9;1.375
1978-09-03;1.115;9;1.115
1978-09-04;1.001;9;1.001
1978-09-05;1.015;9;1.015
1978-09-06;0.92;9;0.92
1978-09-07;0.968;9;0.968
1978-09-08;2.011;9;2.011
1978-09-09;1.928;9;1.928
1978-09-10;1.461;9;1.461
1978-09-11;1.714;9;1.714
1978-09-12;1.339;9;1.339
1978-09-13;1.18;9;1.18
1978-09-14;1.346;9;1.346
1978-09-15;1.16;9;1.16
1978-09-16;1.28;9;1.28
1978-09-17;1.118;9;1.118
1978-09-18;1.029;9;1.029
1978-09-19;0.977;9;0.977
1978-09-20;0.94;9;0.94
1978-09-21;0.9;9;0.9
1978-09-22;0.932;9;0.932
1978-09-23;0.92;9;0.92
1978-09-24;0.914;9;0.914
1978-09-25;0.895;9;0.895
1978-09-26;0.99;9;0.99
1978-09-27;0.947;9;0.947
1978-09-28;0.867;9;0.867
1978-09-29;1.086;9;1.086
1978-09-30;0.93;9;0.93
1978-10-01;0.93;10;0.93
1978-10-02;0.861;10;0.861
1978-10-03;1.29;10;1.29
1978-10-04;0.895;10;0.895
1978-10-05;0.81;10;0.81
1978-10-06;0.781;10;0.781
1978-10-07;0.908;10;0.908
1978-10-08;0.838;10;0.838
1978-10-09;0.835;10;0.835
1978-10-10;0.84;10;0.84
1978-10-11;1.359;10;1.359
1978-10-12;1.051;10;1.051
1978-10-13;0.897;10;0.897
1978-10-14;0.814;10;0.814
1978-10-15;1.054;10;1.054
1978-10-16;1.099;10;1.099
1978-10-17;0.939;10;0.939
1978-10-18;5.076;10;5.076
1978-10-19;2.127;10;2.127
1978-10-20;1.558;10;1.558
1978-10-21;2.624;10;2.624
1978-10-22;2.372;10;2.372
1978-10-23;1.884;10;1.884
1978-10-24;1.712;10;1.712
1978-10-25;1.507;10;1.507
1978-10-26;1.422;10;1.422
1978-10-27;1.836;10;1.836
1978-10-28;2.355;10;2.355
1978-10-29;1.697;10;1.697
1978-10-30;2.933;10;2.933
1978-10-31;1.739;10;1.739
1978-11-01;1.888;11;1.888
1978-11-02;1.668;11;1.668
1978-11-03;1.693;11;1.693
1978-11-04;1.641;11;1.641
1978-11-05;1.482;11;1.482
1978-11-06;1.516;11;1.516
1978-11-07;5.238;11;5.238
1978-11-08;2.643;11;2.643
1978-11-09;2.321;11;2.321
1978-11-10;2.122;11;2.122
1978-11-11;2.157;11;2.157
1978-11-12;4.52;11;4.52
1978-11-13;3.632;11;3.632
1978-11-14;2.374;11;2.374
1978-11-15;2.023;11;2.023
1978-11-16;1.976;11;1.976
1978-11-17;3.129;11;3.129
1978-11-18;6.958;11;6.958
1978-11-19;4.473;11;4.473
1978-11-20;7.56;11;7.56
1978-11-21;5.339;11;5.339
1978-11-22;3.85;11;3.85
1978-11-23;3.29;11;3.29
1978-11-24;3.029;11;3.029
1978-11-25;3.186;11;3.186
1978-11-26;2.792;11;2.792
1978-11-27;2.558;11;2.558
1978-11-28;2.441;11;2.441
1978-11-29;2.391;11;2.391
1978-11-30;2.234;11;2.234
1978-12-01;2.534;12;2.534
1978-12-02;2.327;12;2.327
1978-12-03;2.929;12;2.929
1978-12-04;7.338;12;7.338
1978-12-05;11.6;12;11.6
1978-12-06;6.367;12;6.367
1978-12-07;4.695;12;4.695
1978-12-08;5.2;12;5.2
1978-12-09;18.3;12;18.3
1978-12-10;9.049;12;9.049
1978-12-11;6.335;12;6.335
1978-12-12;5.515;12;5.515
1978-12-13;4.968;12;4.968
1978-12-14;5.047;12;5.047
1978-12-15;4.966;12;4.966
1978-12-16;5.864;12;5.864
1978-12-17;8.08;12;8.08
1978-12-18;14.53;12;14.53
1978-12-19;17.55;12;17.55
1978-12-20;19.6;12;19.6
1978-12-21;17.54;12;17.54
1978-12-22;14.53;12;14.53
1978-12-23;15.74;12;15.74
1978-12-24;12.1;12;12.1
1978-12-25;8.816;12;8.816
1978-12-26;7.192;12;7.192
1978-12-27;6.289;12;6.289
1978-12-28;5.731;12;5.731
1978-12-29;5.201;12;5.201
1978-12-30;4.748;12;4.748
1978-12-31;4.466;12;4.466
1979-01-01;4.51;1;4.51
1979-01-02;4.04;1;4.04
1979-01-03;3.74;1;3.74
1979-01-04;3.53;1;3.53
1979-01-05;3.64;1;3.64
1979-01-06;4.09;1;4.09
1979-01-07;6.16;1;6.16
1979-01-08;3.45;1;3.45
1979-01-09;4.15;1;4.15
1979-01-10;3.58;1;3.58
1979-01-11;3.39;1;3.39
1979-01-12;3.38;1;3.38
1979-01-13;3.12;1;3.12
1979-01-14;2.98;1;2.98
1979-01-15;3.53;1;3.53
1979-01-16;4.13;1;4.13
1979-01-17;3.05;1;3.05
1979-01-18;2.87;1;2.87
1979-01-19;2.72;1;2.72
1979-01-20;2.71;1;2.71
1979-01-21;2.6;1;2.6
1979-01-22;3.94;1;3.94
1979-01-23;3.12;1;3.12
1979-01-24;2.65;1;2.65
1979-01-25;2.51;1;2.51
1979-01-26;2.48;1;2.48
1979-01-27;2.7;1;2.7
1979-01-28;2.55;1;2.55
1979-01-29;6.08;1;6.08
1979-01-30;3.14;1;3.14
1979-01-31;2.81;1;2.81
1979-02-01;2.65;2;2.65
1979-02-02;2.57;2;2.57
1979-02-03;2.48;2;2.48
1979-02-04;2.44;2;2.44
1979-02-05;2.37;2;2.37
1979-02-06;2.3;2;2.3
1979-02-07;2.24;2;2.24
1979-02-08;2.19;2;2.19
1979-02-09;2.15;2;2.15
1979-02-10;2.1;2;2.1
1979-02-11;2.06;2;2.06
1979-02-12;2.01;2;2.01
1979-02-13;2.0;2;2.0
1979-02-14;1.92;2;1.92
1979-02-15;1.88;2;1.88
1979-02-16;1.91;2;1.91
1979-02-17;2.61;2;2.61
1979-02-18;2.28;2;2.28
1979-02-19;2.03;2;2.03
1979-02-20;1.9;2;1.9
1979-02-21;1.85;2;1.85
1979-02-22;1.84;2;1.84
1979-02-23;2.08;2;2.08
1979-02-24;2.16;2;2.16
1979-02-25;3.11;2;3.11
1979-02-26;3.78;2;3.78
1979-02-27;2.26;2;2.26
1979-02-28;1.94;2;1.94
1979-03-01;1.97;3;1.97
1979-03-02;2.37;3;2.37
1979-03-03;8.73;3;8.73
1979-03-04;5.8;3;5.8
1979-03-05;12.89;3;12.89
1979-03-06;17.45;3;17.45
1979-03-07;12.44;3;12.44
1979-03-08;15.79;3;15.79
1979-03-09;11.14;3;11.14
1979-03-10;8.01;3;8.01
1979-03-11;6.88;3;6.88
1979-03-12;5.85;3;5.85
1979-03-13;5.65;3;5.65
1979-03-14;4.93;3;4.93
1979-03-15;4.55;3;4.55
1979-03-16;4.42;3;4.42
1979-03-17;4.83;3;4.83
1979-03-18;7.38;3;7.38
1979-03-19;4.94;3;4.94
1979-03-20;4.27;3;4.27
1979-03-21;4.48;3;4.48
1979-03-22;4.53;3;4.53
1979-03-23;6.8;3;6.8
1979-03-24;14.6;3;14.6
1979-03-25;18.26;3;18.26
1979-03-26;12.77;3;12.77
1979-03-27;16.85;3;16.85
1979-03-28;16.53;3;16.53
1979-03-29;10.55;3;10.55
1979-03-30;7.72;3;7.72
1979-03-31;6.52;3;6.52
1979-04-01;6.02;4;6.02
1979-04-02;5.48;4;5.48
1979-04-03;9.99;4;9.99
1979-04-04;6.84;4;6.84
1979-04-05;13.92;4;13.92
1979-04-06;9.48;4;9.48
1979-04-07;7.55;4;7.55
1979-04-08;6.82;4;6.82
1979-04-09;6.77;4;6.77
1979-04-10;6.1;4;6.1
1979-04-11;5.4;4;5.4
1979-04-12;5.03;4;5.03
1979-04-13;4.71;4;4.71
1979-04-14;4.49;4;4.49
1979-04-15;4.69;4;4.69
1979-04-16;4.21;4;4.21
1979-04-17;3.96;4;3.96
1979-04-18;5.51;4;5.51
1979-04-19;8.1;4;8.1
1979-04-20;6.96;4;6.96
1979-04-21;7.22;4;7.22
1979-04-22;20.64;4;20.64
1979-04-23;13.42;4;13.42
1979-04-24;8.37;4;8.37
1979-04-25;8.33;4;8.33
1979-04-26;9.72;4;9.72
1979-04-27;19.88;4;19.88
1979-04-28;20.01;4;20.01
1979-04-29;15.08;4;15.08
1979-04-30;11.55;4;11.55
1979-05-01;10.37;5;10.37
1979-05-02;8.04;5;8.04
1979-05-03;7.23;5;7.23
1979-05-04;6.55;5;6.55
1979-05-05;6.43;5;6.43
1979-05-06;6.24;5;6.24
1979-05-07;6.29;5;6.29
1979-05-08;4.87;5;4.87
1979-05-09;4.57;5;4.57
1979-05-10;4.35;5;4.35
1979-05-11;4.24;5;4.24
1979-05-12;4.05;5;4.05
1979-05-13;3.83;5;3.83
1979-05-14;3.85;5;3.85
1979-05-15;4.12;5;4.12
1979-05-16;4.43;5;4.43
1979-05-17;3.56;5;3.56
1979-05-18;3.35;5;3.35
1979-05-19;3.22;5;3.22
1979-05-20;7.55;5;7.55
1979-05-21;3.85;5;3.85
1979-05-22;4.44;5;4.44
1979-05-23;10.7;5;10.7
1979-05-24;4.64;5;4.64
1979-05-25;3.98;5;3.98
1979-05-26;16.49;5;16.49
1979-05-27;7.94;5;7.94
1979-05-28;5.48;5;5.48
1979-05-29;5.92;5;5.92
1979-05-30;6.86;5;6.86
1979-05-31;5.57;5;5.57
1979-06-01;5.13;6;5.13
1979-06-02;5.77;6;5.77
1979-06-03;4.86;6;4.86
1979-06-04;8.89;6;8.89
1979-06-05;9.09;6;9.09
1979-06-06;7.45;6;7.45
1979-06-07;6.25;6;6.25
1979-06-08;5.89;6;5.89
1979-06-09;5.43;6;5.43
1979-06-10;5.03;6;5.03
1979-06-11;4.75;6;4.75
1979-06-12;4.54;6;4.54
1979-06-13;4.47;6;4.47
1979-06-14;4.42;6;4.42
1979-06-15;4.06;6;4.06
1979-06-16;4.0;6;4.0
1979-06-17;3.77;6;3.77
1979-06-18;3.6;6;3.6
1979-06-19;3.48;6;3.48
1979-06-20;3.32;6;3.32
1979-06-21;3.27;6;3.27
1979-06-22;3.18;6;3.18
1979-06-23;3.1;6;3.1
1979-06-24;3.01;6;3.01
1979-06-25;2.92;6;2.92
1979-06-26;2.84;6;2.84
1979-06-27;2.8;6;2.8
1979-06-28;2.62;6;2.62
1979-06-29;2.51;6;2.51
1979-06-30;2.44;6;2.44
1979-07-01;2.39;7;2.39
1979-07-02;2.35;7;2.35
1979-07-03;2.35;7;2.35
1979-07-04;2.24;7;2.24
1979-07-05;2.19;7;2.19
1979-07-06;2.12;7;2.12
1979-07-07;2.12;7;2.12
1979-07-08;2.08;7;2.08
1979-07-09;1.97;7;1.97
1979-07-10;1.88;7;1.88
1979-07-11;1.85;7;1.85
1979-07-12;1.84;7;1.84
1979-07-13;1.87;7;1.87
1979-07-14;1.9;7;1.9
1979-07-15;1.9;7;1.9
1979-07-16;1.88;7;1.88
1979-07-17;1.88;7;1.88
1979-07-18;1.87;7;1.87
1979-07-19;1.75;7;1.75
1979-07-20;1.68;7;1.68
1979-07-21;1.76;7;1.76
1979-07-22;1.73;7;1.73
1979-07-23;1.7;7;1.7
1979-07-24;1.67;7;1.67
1979-07-25;1.6;7;1.6
1979-07-26;1.59;7;1.59
1979-07-27;1.55;7;1.55
1979-07-28;1.52;7;1.52
1979-07-29;1.49;7;1.49
1979-07-30;1.42;7;1.42
1979-07-31;1.42;7;1.42
1979-08-01;1.57;8;1.57
1979-08-02;1.59;8;1.59
1979-08-03;1.54;8;1.54
1979-08-04;1.48;8;1.48
1979-08-05;1.37;8;1.37
1979-08-06;1.37;8;1.37
1979-08-07;1.39;8;1.39
1979-08-08;1.34;8;1.34
1979-08-09;1.24;8;1.24
1979-08-10;1.22;8;1.22
1979-08-11;1.22;8;1.22
1979-08-12;1.22;8;1.22
1979-08-13;1.22;8;1.22
1979-08-14;1.22;8;1.22
1979-08-15;1.22;8;1.22
1979-08-16;1.22;8;1.22
1979-08-17;1.22;8;1.22
1979-08-18;1.22;8;1.22
1979-08-19;1.2;8;1.2
1979-08-20;1.18;8;1.18
1979-08-21;1.54;8;1.54
1979-08-22;1.42;8;1.42
1979-08-23;2.48;8;2.48
1979-08-24;4.3;8;4.3
1979-08-25;3.55;8;3.55
1979-08-26;2.98;8;2.98
1979-08-27;2.22;8;2.22
1979-08-28;2.51;8;2.51
1979-08-29;2.19;8;2.19
1979-08-30;2.8;8;2.8
1979-08-31;6.17;8;6.17
1979-09-01;4.85;9;4.85
1979-09-02;4.16;9;4.16
1979-09-03;3.5;9;3.5
1979-09-04;2.76;9;2.76
1979-09-05;2.26;9;2.26
1979-09-06;2.28;9;2.28
1979-09-07;2.89;9;2.89
1979-09-08;3.9;9;3.9
1979-09-09;4.55;9;4.55
1979-09-10;12.2;9;12.2
1979-09-11;8.04;9;8.04
1979-09-12;5.52;9;5.52
1979-09-13;7.56;9;7.56
1979-09-14;9.64;9;9.64
1979-09-15;7.37;9;7.37
1979-09-16;5.77;9;5.77
1979-09-17;5.24;9;5.24
1979-09-18;6.37;9;6.37
1979-09-19;12.79;9;12.79
1979-09-20;6.3;9;6.3
1979-09-21;5.82;9;5.82
1979-09-22;5.27;9;5.27
1979-09-23;4.89;9;4.89
1979-09-24;4.65;9;4.65
1979-09-25;4.25;9;4.25
1979-09-26;4.04;9;4.04
1979-09-27;3.81;9;3.81
1979-09-28;3.65;9;3.65
1979-09-29;3.37;9;3.37
1979-09-30;3.23;9;3.23
1979-10-01;3.11;10;3.11
1979-10-02;3.05;10;3.05
1979-10-03;2.93;10;2.93
1979-10-04;2.33;10;2.33
1979-10-05;2.69;10;2.69
1979-10-06;2.62;10;2.62
1979-10-07;2.51;10;2.51
1979-10-08;2.39;10;2.39
1979-10-09;2.35;10;2.35
1979-10-10;2.33;10;2.33
1979-10-11;4.92;10;4.92
1979-10-12;3.25;10;3.25
1979-10-13;3.89;10;3.89
1979-10-14;6.97;10;6.97
1979-10-15;4.79;10;4.79
1979-10-16;4.83;10;4.83
1979-10-17;8.49;10;8.49
1979-10-18;4.62;10;4.62
1979-10-19;5.76;10;5.76
1979-10-20;6.19;10;6.19
1979-10-21;6.89;10;6.89
1979-10-22;8.08;10;8.08
1979-10-23;7.56;10;7.56
1979-10-24;6.07;10;6.07
1979-10-25;5.52;10;5.52
1979-10-26;9.19;10;9.19
1979-10-27;7.18;10;7.18
1979-10-28;7.86;10;7.86
1979-10-29;6.29;10;6.29
1979-10-30;5.69;10;5.69
1979-10-31;5.19;10;5.19
1979-11-01;4.83;11;4.83
1979-11-02;4.5;11;4.5
1979-11-03;4.33;11;4.33
1979-11-04;4.18;11;4.18
1979-11-05;3.91;11;3.91
1979-11-06;4.74;11;4.74
1979-11-07;4.78;11;4.78
1979-11-08;4.31;11;4.31
1979-11-09;4.2;11;4.2
1979-11-10;3.86;11;3.86
1979-11-11;4.38;11;4.38
1979-11-12;3.73;11;3.73
1979-11-13;3.52;11;3.52
1979-11-14;3.47;11;3.47
1979-11-15;6.42;11;6.42
1979-11-16;5.98;11;5.98
1979-11-17;4.89;11;4.89
1979-11-18;5.01;11;5.01
1979-11-19;5.14;11;5.14
1979-11-20;4.58;11;4.58
1979-11-21;4.24;11;4.24
1979-11-22;4.77;11;4.77
1979-11-23;3.98;11;3.98
1979-11-24;4.03;11;4.03
1979-11-25;6.96;11;6.96
1979-11-26;7.66;11;7.66
1979-11-27;6.53;11;6.53
1979-11-28;4.98;11;4.98
1979-11-29;4.52;11;4.52
1979-11-30;4.43;11;4.43
1979-12-01;4.15;12;4.15
1979-12-02;3.89;12;3.89
1979-12-03;3.69;12;3.69
1979-12-04;3.59;12;3.59
1979-12-05;3.47;12;3.47
1979-12-06;3.32;12;3.32
1979-12-07;3.19;12;3.19
1979-12-08;3.11;12;3.11
1979-12-09;3.0;12;3.0
1979-12-10;2.91;12;2.91
1979-12-11;2.87;12;2.87
1979-12-12;2.73;12;2.73
1979-12-13;2.74;12;2.74
1979-12-14;2.69;12;2.69
1979-12-15;2.62;12;2.62
1979-12-16;4.33;12;4.33
1979-12-17;2.84;12;2.84
1979-12-18;2.6;12;2.6
1979-12-19;3.11;12;3.11
1979-12-20;2.55;12;2.55
1979-12-21;2.66;12;2.66
1979-12-22;2.35;12;2.35
1979-12-23;2.35;12;2.35
1979-12-24;2.35;12;2.35
1979-12-25;2.73;12;2.73
1979-12-26;2.69;12;2.69
1979-12-27;2.69;12;2.69
1979-12-28;2.51;12;2.51
1979-12-29;2.64;12;2.64
1979-12-30;2.62;12;2.62
1979-12-31;2.62;12;2.62
1980-01-01;1.915;1;1.915
1980-01-02;1.786;1;1.786
1980-01-03;1.765;1;1.765
1980-01-04;1.636;1;1.636
1980-01-05;1.55;1;1.55
1980-01-06;1.55;1;1.55
1980-01-07;1.55;1;1.55
1980-01-08;1.511;1;1.511
1980-01-09;1.472;1;1.472
1980-01-10;1.452;1;1.452
1980-01-11;1.55;1;1.55
1980-01-12;1.55;1;1.55
1980-01-13;1.55;1;1.55
1980-01-14;1.296;1;1.296
1980-01-15;1.355;1;1.355
1980-01-16;1.355;1;1.355
1980-01-17;1.491;1;1.491
1980-01-18;1.786;1;1.786
1980-01-19;1.472;1;1.472
1980-01-20;1.355;1;1.355
1980-01-21;1.218;1;1.218
1980-01-22;1.199;1;1.199
1980-01-23;1.16;1;1.16
1980-01-24;1.107;1;1.107
1980-01-25;1.037;1;1.037
1980-01-26;1.02;1;1.02
1980-01-27;0.985;1;0.985
1980-01-28;0.985;1;0.985
1980-01-29;2.749;1;2.749
1980-01-30;3.145;1;3.145
1980-01-31;2.8;1;2.8
1980-02-01;2.05;2;2.05
1980-02-02;2.168;2;2.168
1980-02-03;2.215;2;2.215
1980-02-04;5.393;2;5.393
1980-02-05;2.492;2;2.492
1980-02-06;1.939;2;1.939
1980-02-07;2.171;2;2.171
1980-02-08;1.842;2;1.842
1980-02-09;2.562;2;2.562
1980-02-10;2.45;2;2.45
1980-02-11;2.382;2;2.382
1980-02-12;2.168;2;2.168
1980-02-13;1.872;2;1.872
1980-02-14;1.786;2;1.786
1980-02-15;1.765;2;1.765
1980-02-16;1.743;2;1.743
1980-02-17;1.722;2;1.722
1980-02-18;1.657;2;1.657
1980-02-19;1.915;2;1.915
1980-02-20;2.623;2;2.623
1980-02-21;3.268;2;3.268
1980-02-22;4.572;2;4.572
1980-02-23;3.565;2;3.565
1980-02-24;2.426;2;2.426
1980-02-25;2.356;2;2.356
1980-02-26;2.285;2;2.285
1980-02-27;2.285;2;2.285
1980-02-28;2.215;2;2.215
1980-02-29;2.144;2;2.144
1980-03-01;1.98;3;1.98
1980-03-02;1.98;3;1.98
1980-03-03;1.98;3;1.98
1980-03-04;2.168;3;2.168
1980-03-05;1.472;3;1.472
1980-03-06;1.472;3;1.472
1980-03-07;1.472;3;1.472
1980-03-08;1.433;3;1.433
1980-03-09;1.433;3;1.433
1980-03-10;1.433;3;1.433
1980-03-11;1.433;3;1.433
1980-03-12;1.413;3;1.413
1980-03-13;1.374;3;1.374
1980-03-14;1.335;3;1.335
1980-03-15;1.934;3;1.934
1980-03-16;1.439;3;1.439
1980-03-17;1.296;3;1.296
1980-03-18;1.448;3;1.448
1980-03-19;1.355;3;1.355
1980-03-20;2.01;3;2.01
1980-03-21;1.355;3;1.355
1980-03-22;1.33;3;1.33
1980-03-23;1.225;3;1.225
1980-03-24;1.125;3;1.125
1980-03-25;1.072;3;1.072
1980-03-26;1.055;3;1.055
1980-03-27;1.037;3;1.037
1980-03-28;1.09;3;1.09
1980-03-29;1.02;3;1.02
1980-03-30;0.95;3;0.95
1980-03-31;0.95;3;0.95
1980-04-01;0.95;4;0.95
1980-04-02;0.985;4;0.985
1980-04-03;1.002;4;1.002
1980-04-04;1.055;4;1.055
1980-04-05;1.107;4;1.107
1980-04-06;1.16;4;1.16
1980-04-07;1.472;4;1.472
1980-04-08;1.511;4;1.511
1980-04-09;1.257;4;1.257
1980-04-10;1.055;4;1.055
1980-04-11;1.316;4;1.316
1980-04-12;1.125;4;1.125
1980-04-13;1.037;4;1.037
1980-04-14;0.985;4;0.985
1980-04-15;1.072;4;1.072
1980-04-16;1.037;4;1.037
1980-04-17;1.02;4;1.02
1980-04-18;0.915;4;0.915
1980-04-19;0.88;4;0.88
1980-04-20;0.845;4;0.845
1980-04-21;0.845;4;0.845
1980-04-22;0.845;4;0.845
1980-04-23;1.002;4;1.002
1980-04-24;1.277;4;1.277
1980-04-25;0.985;4;0.985
1980-04-26;0.932;4;0.932
1980-04-27;0.897;4;0.897
1980-04-28;0.81;4;0.81
1980-04-29;1.527;4;1.527
1980-04-30;1.072;4;1.072
1980-05-01;1.16;5;1.16
1980-05-02;1.491;5;1.491
1980-05-03;1.491;5;1.491
1980-05-04;1.55;5;1.55
1980-05-05;1.55;5;1.55
1980-05-06;1.55;5;1.55
1980-05-07;1.55;5;1.55
1980-05-08;1.55;5;1.55
1980-05-09;1.55;5;1.55
1980-05-10;1.55;5;1.55
1980-05-11;1.55;5;1.55
1980-05-12;1.571;5;1.571
1980-05-13;1.55;5;1.55
1980-05-14;2.454;5;2.454
1980-05-15;3.336;5;3.336
1980-05-16;2.015;5;2.015
1980-05-17;1.636;5;1.636
1980-05-18;2.022;5;2.022
1980-05-19;2.537;5;2.537
1980-05-20;1.531;5;1.531
1980-05-21;1.452;5;1.452
1980-05-22;1.394;5;1.394
1980-05-23;1.394;5;1.394
1980-05-24;1.335;5;1.335
1980-05-25;1.296;5;1.296
1980-05-26;1.257;5;1.257
1980-05-27;1.218;5;1.218
1980-05-28;1.179;5;1.179
1980-05-29;1.142;5;1.142
1980-05-30;1.355;5;1.355
1980-05-31;1.409;5;1.409
1980-06-01;2.451;6;2.451
1980-06-02;2.752;6;2.752
1980-06-03;1.763;6;1.763
1980-06-04;1.472;6;1.472
1980-06-05;1.355;6;1.355
1980-06-06;1.296;6;1.296
1980-06-07;1.218;6;1.218
1980-06-08;1.179;6;1.179
1980-06-09;1.171;6;1.171
1980-06-10;1.201;6;1.201
1980-06-11;1.276;6;1.276
1980-06-12;1.422;6;1.422
1980-06-13;4.066;6;4.066
1980-06-14;2.175;6;2.175
1980-06-15;1.616;6;1.616
1980-06-16;1.433;6;1.433
1980-06-17;1.335;6;1.335
1980-06-18;1.335;6;1.335
1980-06-19;1.257;6;1.257
1980-06-20;1.262;6;1.262
1980-06-21;1.255;6;1.255
1980-06-22;1.199;6;1.199
1980-06-23;1.153;6;1.153
1980-06-24;1.18;6;1.18
1980-06-25;1.238;6;1.238
1980-06-26;1.204;6;1.204
1980-06-27;1.056;6;1.056
1980-06-28;1.107;6;1.107
1980-06-29;1.107;6;1.107
1980-06-30;1.002;6;1.002
1980-07-01;0.932;7;0.932
1980-07-02;0.932;7;0.932
1980-07-03;0.915;7;0.915
1980-07-04;0.862;7;0.862
1980-07-05;0.827;7;0.827
1980-07-06;0.781;7;0.781
1980-07-07;0.752;7;0.752
1980-07-08;0.737;7;0.737
1980-07-09;0.723;7;0.723
1980-07-10;0.737;7;0.737
1980-07-11;0.752;7;0.752
1980-07-12;0.737;7;0.737
1980-07-13;0.723;7;0.723
1980-07-14;0.708;7;0.708
1980-07-15;0.679;7;0.679
1980-07-16;0.679;7;0.679
1980-07-17;0.702;7;0.702
1980-07-18;0.66;7;0.66
1980-07-19;0.636;7;0.636
1980-07-20;0.65;7;0.65
1980-07-21;0.65;7;0.65
1980-07-22;0.672;7;0.672
1980-07-23;0.679;7;0.679
1980-07-24;0.731;7;0.731
1980-07-25;0.653;7;0.653
1980-07-26;0.629;7;0.629
1980-07-27;0.622;7;0.622
1980-07-28;0.76;7;0.76
1980-07-29;0.71;7;0.71
1980-07-30;0.65;7;0.65
1980-07-31;0.68;7;0.68
1980-08-01;0.75;8;0.75
1980-08-02;0.92;8;0.92
1980-08-03;1.48;8;1.48
1980-08-04;0.72;8;0.72
1980-08-05;1.35;8;1.35
1980-08-06;0.81;8;0.81
1980-08-07;0.81;8;0.81
1980-08-08;0.75;8;0.75
1980-08-09;6.26;8;6.26
1980-08-10;1.73;8;1.73
1980-08-11;1.08;8;1.08
1980-08-12;0.78;8;0.78
1980-08-13;0.607;8;0.607
1980-08-14;0.592;8;0.592
1980-08-15;0.573;8;0.573
1980-08-16;0.563;8;0.563
1980-08-17;0.561;8;0.561
1980-08-18;0.534;8;0.534
1980-08-19;0.534;8;0.534
1980-08-20;0.567;8;0.567
1980-08-21;0.587;8;0.587
1980-08-22;0.534;8;0.534
1980-08-23;0.517;8;0.517
1980-08-24;0.474;8;0.474
1980-08-25;0.439;8;0.439
1980-08-26;0.436;8;0.436
1980-08-27;0.412;8;0.412
1980-08-28;0.398;8;0.398
1980-08-29;0.385;8;0.385
1980-08-30;0.385;8;0.385
1980-08-31;0.385;8;0.385
1980-09-01;1.125;9;1.125
1980-09-02;1.627;9;1.627
1980-09-03;1.09;9;1.09
1980-09-04;1.037;9;1.037
1980-09-05;0.95;9;0.95
1980-09-06;0.897;9;0.897
1980-09-07;0.862;9;0.862
1980-09-08;0.795;9;0.795
1980-09-09;0.781;9;0.781
1980-09-10;0.781;9;0.781
1980-09-11;0.723;9;0.723
1980-09-12;0.694;9;0.694
1980-09-13;0.665;9;0.665
1980-09-14;0.665;9;0.665
1980-09-15;0.65;9;0.65
1980-09-16;0.621;9;0.621
1980-09-17;0.607;9;0.607
1980-09-18;0.607;9;0.607
1980-09-19;1.052;9;1.052
1980-09-20;1.359;9;1.359
1980-09-21;0.708;9;0.708
1980-09-22;0.621;9;0.621
1980-09-23;0.549;9;0.549
1980-09-24;0.479;9;0.479
1980-09-25;0.475;9;0.475
1980-09-26;0.684;9;0.684
1980-09-27;0.493;9;0.493
1980-09-28;0.526;9;0.526
1980-09-29;0.479;9;0.479
1980-09-30;0.788;9;0.788
1980-10-01;1.133;10;1.133
1980-10-02;0.918;10;0.918
1980-10-03;0.708;10;0.708
1980-10-04;0.694;10;0.694
1980-10-05;1.474;10;1.474
1980-10-06;3.514;10;3.514
1980-10-07;5.116;10;5.116
1980-10-08;1.883;10;1.883
1980-10-09;1.48;10;1.48
1980-10-10;3.863;10;3.863
1980-10-11;2.669;10;2.669
1980-10-12;2.59;10;2.59
1980-10-13;2.11;10;2.11
1980-10-14;1.8;10;1.8
1980-10-15;1.72;10;1.72
1980-10-16;1.53;10;1.53
1980-10-17;2.4;10;2.4
1980-10-18;3.01;10;3.01
1980-10-19;2.526;10;2.526
1980-10-20;1.779;10;1.779
1980-10-21;1.572;10;1.572
1980-10-22;1.452;10;1.452
1980-10-23;3.306;10;3.306
1980-10-24;2.191;10;2.191
1980-10-25;1.938;10;1.938
1980-10-26;3.728;10;3.728
1980-10-27;2.311;10;2.311
1980-10-28;1.717;10;1.717
1980-10-29;1.572;10;1.572
1980-10-30;1.611;10;1.611
1980-10-31;1.631;10;1.631
1980-11-01;1.562;11;1.562
1980-11-02;3.454;11;3.454
1980-11-03;2.095;11;2.095
1980-11-04;8.19;11;8.19
1980-11-05;9.02;11;9.02
1980-11-06;5.544;11;5.544
1980-11-07;3.73;11;3.73
1980-11-08;5.18;11;5.18
1980-11-09;4.35;11;4.35
1980-11-10;3.71;11;3.71
1980-11-11;3.2;11;3.2
1980-11-12;3.06;11;3.06
1980-11-13;3.38;11;3.38
1980-11-14;3.23;11;3.23
1980-11-15;3.15;11;3.15
1980-11-16;2.94;11;2.94
1980-11-17;2.72;11;2.72
1980-11-18;2.6;11;2.6
1980-11-19;2.41;11;2.41
1980-11-20;2.86;11;2.86
1980-11-21;2.38;11;2.38
1980-11-22;2.4;11;2.4
1980-11-23;3.33;11;3.33
1980-11-24;2.51;11;2.51
1980-11-25;2.33;11;2.33
1980-11-26;2.65;11;2.65
1980-11-27;3.29;11;3.29
1980-11-28;3.71;11;3.71
1980-11-29;3.11;11;3.11
1980-11-30;2.61;11;2.61
1980-12-01;3.9;12;3.9
1980-12-02;2.73;12;2.73
1980-12-03;3.02;12;3.02
1980-12-04;9.63;12;9.63
1980-12-05;4.02;12;4.02
1980-12-06;3.19;12;3.19
1980-12-07;2.86;12;2.86
1980-12-08;2.87;12;2.87
1980-12-09;2.89;12;2.89
1980-12-10;2.47;12;2.47
1980-12-11;2.26;12;2.26
1980-12-12;2.22;12;2.22
1980-12-13;3.91;12;3.91
1980-12-14;2.73;12;2.73
1980-12-15;3.66;12;3.66
1980-12-16;2.76;12;2.76
1980-12-17;4.16;12;4.16
1980-12-18;2.89;12;2.89
1980-12-19;2.4;12;2.4
1980-12-20;4.09;12;4.09
1980-12-21;4.34;12;4.34
1980-12-22;2.86;12;2.86
1980-12-23;3.14;12;3.14
1980-12-24;2.82;12;2.82
1980-12-25;7.24;12;7.24
1980-12-26;6.88;12;6.88
1980-12-27;4.13;12;4.13
1980-12-28;4.51;12;4.51
1980-12-29;4.02;12;4.02
1980-12-30;3.49;12;3.49
1980-12-31;5.99;12;5.99
1981-01-01;0.79;1;0.79
1981-01-02;2.53;1;2.53
1981-01-03;2.31;1;2.31
1981-01-04;2.2;1;2.2
1981-01-05;2.1;1;2.1
1981-01-06;1.89;1;1.89
1981-01-07;1.89;1;1.89
1981-01-08;1.89;1;1.89
1981-01-09;2.11;1;2.11
1981-01-10;2.0;1;2.0
1981-01-11;1.68;1;1.68
1981-01-12;1.68;1;1.68
1981-01-13;1.68;1;1.68
1981-01-14;1.68;1;1.68
1981-01-15;1.68;1;1.68
1981-01-16;1.46;1;1.46
1981-01-17;1.46;1;1.46
1981-01-18;1.35;1;1.35
1981-01-19;1.35;1;1.35
1981-01-20;1.35;1;1.35
1981-01-21;1.35;1;1.35
1981-01-22;1.35;1;1.35
1981-01-23;1.24;1;1.24
1981-01-24;1.24;1;1.24
1981-01-25;1.24;1;1.24
1981-01-26;1.14;1;1.14
1981-01-27;1.14;1;1.14
1981-01-28;1.135;1;1.135
1981-01-29;1.24;1;1.24
1981-01-30;1.35;1;1.35
1981-01-31;1.35;1;1.35
1981-02-01;2.59;2;2.59
1981-02-02;1.99;2;1.99
1981-02-03;1.44;2;1.44
1981-02-04;2.68;2;2.68
1981-02-05;2.08;2;2.08
1981-02-06;1.51;2;1.51
1981-02-07;1.46;2;1.46
1981-02-08;1.73;2;1.73
1981-02-09;1.91;2;1.91
1981-02-10;1.81;2;1.81
1981-02-11;1.24;2;1.24
1981-02-12;9.92;2;9.92
1981-02-13;3.51;2;3.51
1981-02-14;4.34;2;4.34
1981-02-15;2.81;2;2.81
1981-02-16;2.33;2;2.33
1981-02-17;2.49;2;2.49
1981-02-18;2.83;2;2.83
1981-02-19;6.46;2;6.46
1981-02-20;7.12;2;7.12
1981-02-21;5.21;2;5.21
1981-02-22;4.49;2;4.49
1981-02-23;7.13;2;7.13
1981-02-24;11.37;2;11.37
1981-02-25;5.46;2;5.46
1981-02-26;4.29;2;4.29
1981-02-27;3.71;2;3.71
1981-02-28;3.35;2;3.35
1981-03-01;3.14;3;3.14
1981-03-02;2.9;3;2.9
1981-03-03;2.72;3;2.72
1981-03-04;2.59;3;2.59
1981-03-05;2.67;3;2.67
1981-03-06;3.55;3;3.55
1981-03-07;2.49;3;2.49
1981-03-08;2.37;3;2.37
1981-03-09;2.45;3;2.45
1981-03-10;3.02;3;3.02
1981-03-11;7.51;3;7.51
1981-03-12;2.87;3;2.87
1981-03-13;3.19;3;3.19
1981-03-14;2.75;3;2.75
1981-03-15;3.5;3;3.5
1981-03-16;3.23;3;3.23
1981-03-17;2.75;3;2.75
1981-03-18;2.57;3;2.57
1981-03-19;2.49;3;2.49
1981-03-20;2.34;3;2.34
1981-03-21;2.59;3;2.59
1981-03-22;2.36;3;2.36
1981-03-23;2.23;3;2.23
1981-03-24;2.17;3;2.17
1981-03-25;2.06;3;2.06
1981-03-26;3.8;3;3.8
1981-03-27;2.69;3;2.69
1981-03-28;2.3;3;2.3
1981-03-29;4.15;3;4.15
1981-03-30;4.37;3;4.37
1981-03-31;2.49;3;2.49
1981-04-01;2.26;4;2.26
1981-04-02;2.77;4;2.77
1981-04-03;2.63;4;2.63
1981-04-04;2.16;4;2.16
1981-04-05;2.73;4;2.73
1981-04-06;3.55;4;3.55
1981-04-07;2.53;4;2.53
1981-04-08;4.43;4;4.43
1981-04-09;8.6;4;8.6
1981-04-10;3.53;4;3.53
1981-04-11;2.9;4;2.9
1981-04-12;2.74;4;2.74
1981-04-13;2.85;4;2.85
1981-04-14;2.79;4;2.79
1981-04-15;2.8;4;2.8
1981-04-16;4.27;4;4.27
1981-04-17;3.05;4;3.05
1981-04-18;4.24;4;4.24
1981-04-19;16.58;4;16.58
1981-04-20;9.4;4;9.4
1981-04-21;5.87;4;5.87
1981-04-22;5.92;4;5.92
1981-04-23;6.05;4;6.05
1981-04-24;5.99;4;5.99
1981-04-25;4.65;4;4.65
1981-04-26;4.09;4;4.09
1981-04-27;4.09;4;4.09
1981-04-28;4.61;4;4.61
1981-04-29;4.03;4;4.03
1981-04-30;3.64;4;3.64
1981-05-01;5.5;5;5.5
1981-05-02;3.79;5;3.79
1981-05-03;3.59;5;3.59
1981-05-04;4.27;5;4.27
1981-05-05;5.39;5;5.39
1981-05-06;12.32;5;12.32
1981-05-07;7.67;5;7.67
1981-05-08;12.0;5;12.0
1981-05-09;7.02;5;7.02
1981-05-10;5.57;5;5.57
1981-05-11;5.95;5;5.95
1981-05-12;5.88;5;5.88
1981-05-13;5.23;5;5.23
1981-05-14;19.88;5;19.88
1981-05-15;16.94;5;16.94
1981-05-16;18.56;5;18.56
1981-05-17;17.12;5;17.12
1981-05-18;15.55;5;15.55
1981-05-19;12.12;5;12.12
1981-05-20;8.68;5;8.68
1981-05-21;7.29;5;7.29
1981-05-22;6.45;5;6.45
1981-05-23;6.27;5;6.27
1981-05-24;6.95;5;6.95
1981-05-25;13.51;5;13.51
1981-05-26;11.5;5;11.5
1981-05-27;8.81;5;8.81
1981-05-28;15.8;5;15.8
1981-05-29;10.06;5;10.06
1981-05-30;7.36;5;7.36
1981-05-31;13.5;5;13.5
1981-06-01;8.87;6;8.87
1981-06-02;7.13;6;7.13
1981-06-03;6.15;6;6.15
1981-06-04;5.45;6;5.45
1981-06-05;4.99;6;4.99
1981-06-06;4.65;6;4.65
1981-06-07;4.46;6;4.46
1981-06-08;4.53;6;4.53
1981-06-09;5.4;6;5.4
1981-06-10;4.25;6;4.25
1981-06-11;4.12;6;4.12
1981-06-12;9.96;6;9.96
1981-06-13;14.47;6;14.47
1981-06-14;5.26;6;5.26
1981-06-15;4.65;6;4.65
1981-06-16;6.2;6;6.2
1981-06-17;4.73;6;4.73
1981-06-18;4.35;6;4.35
1981-06-19;4.77;6;4.77
1981-06-20;3.91;6;3.91
1981-06-21;3.77;6;3.77
1981-06-22;3.65;6;3.65
1981-06-23;3.62;6;3.62
1981-06-24;3.51;6;3.51
1981-06-25;3.3;6;3.3
1981-06-26;3.2;6;3.2
1981-06-27;3.1;6;3.1
1981-06-28;3.02;6;3.02
1981-06-29;4.71;6;4.71
1981-06-30;9.15;6;9.15
1981-07-01;8.19;7;8.19
1981-07-02;7.32;7;7.32
1981-07-03;8.41;7;8.41
1981-07-04;11.73;7;11.73
1981-07-05;6.18;7;6.18
1981-07-06;5.06;7;5.06
1981-07-07;4.56;7;4.56
1981-07-08;4.45;7;4.45
1981-07-09;4.75;7;4.75
1981-07-10;3.95;7;3.95
1981-07-11;3.85;7;3.85
1981-07-12;3.71;7;3.71
1981-07-13;3.43;7;3.43
1981-07-14;3.3;7;3.3
1981-07-15;3.22;7;3.22
1981-07-16;3.42;7;3.42
1981-07-17;5.31;7;5.31
1981-07-18;3.43;7;3.43
1981-07-19;3.12;7;3.12
1981-07-20;2.97;7;2.97
1981-07-21;2.88;7;2.88
1981-07-22;2.79;7;2.79
1981-07-23;2.63;7;2.63
1981-07-24;2.36;7;2.36
1981-07-25;2.29;7;2.29
1981-07-26;2.26;7;2.26
1981-07-27;2.24;7;2.24
1981-07-28;2.14;7;2.14
1981-07-29;2.12;7;2.12
1981-07-30;2.12;7;2.12
1981-07-31;2.12;7;2.12
1981-08-01;1.92;8;1.92
1981-08-02;1.96;8;1.96
1981-08-03;1.89;8;1.89
1981-08-04;1.92;8;1.92
1981-08-05;2.0;8;2.0
1981-08-06;1.14;8;1.14
1981-08-07;1.79;8;1.79
1981-08-08;2.14;8;2.14
1981-08-09;1.14;8;1.14
1981-08-10;1.14;8;1.14
1981-08-11;0.92;8;0.92
1981-08-12;0.7;8;0.7
1981-08-13;0.81;8;0.81
1981-08-14;0.81;8;0.81
1981-08-15;0.7;8;0.7
1981-08-16;0.7;8;0.7
1981-08-17;1.14;8;1.14
1981-08-18;2.66;8;2.66
1981-08-19;1.35;8;1.35
1981-08-20;1.35;8;1.35
1981-08-21;1.46;8;1.46
1981-08-22;1.35;8;1.35
1981-08-23;1.99;8;1.99
1981-08-24;1.46;8;1.46
1981-08-25;1.46;8;1.46
1981-08-26;1.78;8;1.78
1981-08-27;1.57;8;1.57
1981-08-28;1.46;8;1.46
1981-08-29;1.57;8;1.57
1981-08-30;2.43;8;2.43
1981-08-31;2.12;8;2.12
1981-09-01;1.56;9;1.56
1981-09-02;0.81;9;0.81
1981-09-03;0.81;9;0.81
1981-09-04;0.81;9;0.81
1981-09-05;0.81;9;0.81
1981-09-06;0.81;9;0.81
1981-09-07;0.81;9;0.81
1981-09-08;0.87;9;0.87
1981-09-09;1.04;9;1.04
1981-09-10;1.16;9;1.16
1981-09-11;1.19;9;1.19
1981-09-12;0.93;9;0.93
1981-09-13;1.08;9;1.08
1981-09-14;1.04;9;1.04
1981-09-15;1.45;9;1.45
1981-09-16;1.0;9;1.0
1981-09-17;0.9;9;0.9
1981-09-18;0.81;9;0.81
1981-09-19;1.76;9;1.76
1981-09-20;1.02;9;1.02
1981-09-21;0.98;9;0.98
1981-09-22;0.8;9;0.8
1981-09-23;0.8;9;0.8
1981-09-24;0.74;9;0.74
1981-09-25;0.75;9;0.75
1981-09-26;0.77;9;0.77
1981-09-27;0.78;9;0.78
1981-09-28;0.78;9;0.78
1981-09-29;0.66;9;0.66
1981-09-30;0.75;9;0.75
1981-10-01;0.83;10;0.83
1981-10-02;0.74;10;0.74
1981-10-03;1.07;10;1.07
1981-10-04;1.2;10;1.2
1981-10-05;0.82;10;0.82
1981-10-06;0.74;10;0.74
1981-10-07;0.7;10;0.7
1981-10-08;3.04;10;3.04
1981-10-09;3.23;10;3.23
1981-10-10;2.27;10;2.27
1981-10-11;2.15;10;2.15
1981-10-12;3.94;10;3.94
1981-10-13;8.19;10;8.19
1981-10-14;3.45;10;3.45
1981-10-15;3.88;10;3.88
1981-10-16;2.96;10;2.96
1981-10-17;2.34;10;2.34
1981-10-18;1.96;10;1.96
1981-10-19;1.83;10;1.83
1981-10-20;1.66;10;1.66
1981-10-21;1.51;10;1.51
1981-10-22;1.49;10;1.49
1981-10-23;1.55;10;1.55
1981-10-24;1.51;10;1.51
1981-10-25;1.35;10;1.35
1981-10-26;1.35;10;1.35
1981-10-27;1.43;10;1.43
1981-10-28;2.77;10;2.77
1981-10-29;2.53;10;2.53
1981-10-30;4.28;10;4.28
1981-10-31;2.91;10;2.91
1981-11-01;5.93;11;5.93
1981-11-02;4.59;11;4.59
1981-11-03;2.98;11;2.98
1981-11-04;2.48;11;2.48
1981-11-05;2.23;11;2.23
1981-11-06;2.48;11;2.48
1981-11-07;2.12;11;2.12
1981-11-08;2.15;11;2.15
1981-11-09;5.12;11;5.12
1981-11-10;5.48;11;5.48
1981-11-11;3.65;11;3.65
1981-11-12;3.0;11;3.0
1981-11-13;3.2;11;3.2
1981-11-14;3.0;11;3.0
1981-11-15;2.74;11;2.74
1981-11-16;2.83;11;2.83
1981-11-17;2.93;11;2.93
1981-11-18;4.25;11;4.25
1981-11-19;7.76;11;7.76
1981-11-20;13.96;11;13.96
1981-11-21;9.33;11;9.33
1981-11-22;7.81;11;7.81
1981-11-23;6.64;11;6.64
1981-11-24;8.12;11;8.12
1981-11-25;19.58;11;19.58
1981-11-26;8.56;11;8.56
1981-11-27;8.61;11;8.61
1981-11-28;6.03;11;6.03
1981-11-29;7.04;11;7.04
1981-11-30;6.4;11;6.4
1981-12-01;5.39;12;5.39
1981-12-02;6.53;12;6.53
1981-12-03;5.21;12;5.21
1981-12-04;4.59;12;4.59
1981-12-05;5.58;12;5.58
1981-12-06;6.26;12;6.26
1981-12-07;5.46;12;5.46
1981-12-08;4.8;12;4.8
1981-12-09;4.47;12;4.47
1981-12-10;4.39;12;4.39
1981-12-11;4.26;12;4.26
1981-12-12;4.55;12;4.55
1981-12-13;3.8;12;3.8
1981-12-14;3.58;12;3.58
1981-12-15;3.79;12;3.79
1981-12-16;4.13;12;4.13
1981-12-17;3.32;12;3.32
1981-12-18;3.13;12;3.13
1981-12-19;3.0;12;3.0
1981-12-20;4.45;12;4.45
1981-12-21;3.58;12;3.58
1981-12-22;8.12;12;8.12
1981-12-23;4.1;12;4.1
1981-12-24;3.39;12;3.39
1981-12-25;3.2;12;3.2
1981-12-26;3.68;12;3.68
1981-12-27;2.97;12;2.97
1981-12-28;2.81;12;2.81
1981-12-29;2.75;12;2.75
1981-12-30;2.98;12;2.98
1981-12-31;2.67;12;2.67
1982-01-01;4.47;1;4.47
1982-01-02;5.81;1;5.81
1982-01-03;5.45;1;5.45
1982-01-04;7.61;1;7.61
1982-01-05;7.58;1;7.58
1982-01-06;5.64;1;5.64
1982-01-07;5.04;1;5.04
1982-01-08;13.61;1;13.61
1982-01-09;11.64;1;11.64
1982-01-10;8.46;1;8.46
1982-01-11;8.44;1;8.44
1982-01-12;6.66;1;6.66
1982-01-13;6.42;1;6.42
1982-01-14;5.55;1;5.55
1982-01-15;5.26;1;5.26
1982-01-16;5.14;1;5.14
1982-01-17;4.66;1;4.66
1982-01-18;4.26;1;4.26
1982-01-19;3.95;1;3.95
1982-01-20;3.75;1;3.75
1982-01-21;3.56;1;3.56
1982-01-22;3.42;1;3.42
1982-01-23;3.27;1;3.27
1982-01-24;3.12;1;3.12
1982-01-25;3.0;1;3.0
1982-01-26;4.58;1;4.58
1982-01-27;3.34;1;3.34
1982-01-28;4.85;1;4.85
1982-01-29;5.03;1;5.03
1982-01-30;3.55;1;3.55
1982-01-31;3.12;1;3.12
1982-02-01;2.95;2;2.95
1982-02-02;2.82;2;2.82
1982-02-03;2.77;2;2.77
1982-02-04;2.61;2;2.61
1982-02-05;2.65;2;2.65
1982-02-06;2.89;2;2.89
1982-02-07;8.93;2;8.93
1982-02-08;3.89;2;3.89
1982-02-09;3.72;2;3.72
1982-02-10;7.91;2;7.91
1982-02-11;4.79;2;4.79
1982-02-12;11.05;2;11.05
1982-02-13;8.76;2;8.76
1982-02-14;5.5;2;5.5
1982-02-15;8.73;2;8.73
1982-02-16;5.36;2;5.36
1982-02-17;4.77;2;4.77
1982-02-18;4.3;2;4.3
1982-02-19;4.1;2;4.1
1982-02-20;3.91;2;3.91
1982-02-21;3.73;2;3.73
1982-02-22;3.78;2;3.78
1982-02-23;3.47;2;3.47
1982-02-24;3.32;2;3.32
1982-02-25;3.17;2;3.17
1982-02-26;3.19;2;3.19
1982-02-27;3.17;2;3.17
1982-02-28;2.94;2;2.94
1982-03-01;2.84;3;2.84
1982-03-02;8.93;3;8.93
1982-03-03;4.69;3;4.69
1982-03-04;3.83;3;3.83
1982-03-05;4.4;3;4.4
1982-03-06;3.64;3;3.64
1982-03-07;3.46;3;3.46
1982-03-08;3.57;3;3.57
1982-03-09;3.6;3;3.6
1982-03-10;3.42;3;3.42
1982-03-11;6.45;3;6.45
1982-03-12;4.94;3;4.94
1982-03-13;4.2;3;4.2
1982-03-14;4.63;3;4.63
1982-03-15;4.77;3;4.77
1982-03-16;5.18;3;5.18
1982-03-17;4.64;3;4.64
1982-03-18;8.02;3;8.02
1982-03-19;7.41;3;7.41
1982-03-20;7.73;3;7.73
1982-03-21;5.89;3;5.89
1982-03-22;5.39;3;5.39
1982-03-23;6.0;3;6.0
1982-03-24;5.07;3;5.07
1982-03-25;8.94;3;8.94
1982-03-26;5.91;3;5.91
1982-03-27;5.61;3;5.61
1982-03-28;5.74;3;5.74
1982-03-29;8.23;3;8.23
1982-03-30;5.83;3;5.83
1982-03-31;5.6;3;5.6
1982-04-01;5.04;4;5.04
1982-04-02;4.83;4;4.83
1982-04-03;4.39;4;4.39
1982-04-04;14.51;4;14.51
1982-04-05;11.16;4;11.16
1982-04-06;7.72;4;7.72
1982-04-07;6.41;4;6.41
1982-04-08;5.86;4;5.86
1982-04-09;5.76;4;5.76
1982-04-10;6.28;4;6.28
1982-04-11;5.2;4;5.2
1982-04-12;13.66;4;13.66
1982-04-13;8.56;4;8.56
1982-04-14;6.22;4;6.22
1982-04-15;5.58;4;5.58
1982-04-16;4.98;4;4.98
1982-04-17;11.42;4;11.42
1982-04-18;8.58;4;8.58
1982-04-19;12.93;4;12.93
1982-04-20;12.51;4;12.51
1982-04-21;10.71;4;10.71
1982-04-22;9.09;4;9.09
1982-04-23;7.63;4;7.63
1982-04-24;6.81;4;6.81
1982-04-25;6.2;4;6.2
1982-04-26;6.16;4;6.16
1982-04-27;6.11;4;6.11
1982-04-28;12.31;4;12.31
1982-04-29;11.86;4;11.86
1982-04-30;8.82;4;8.82
1982-05-01;7.69;5;7.69
1982-05-02;10.03;5;10.03
1982-05-03;7.43;5;7.43
1982-05-04;6.59;5;6.59
1982-05-05;6.26;5;6.26
1982-05-06;6.03;5;6.03
1982-05-07;6.29;5;6.29
1982-05-08;5.37;5;5.37
1982-05-09;5.25;5;5.25
1982-05-10;6.03;5;6.03
1982-05-11;4.78;5;4.78
1982-05-12;4.76;5;4.76
1982-05-13;4.98;5;4.98
1982-05-14;6.48;5;6.48
1982-05-15;9.07;5;9.07
1982-05-16;13.61;5;13.61
1982-05-17;6.85;5;6.85
1982-05-18;14.12;5;14.12
1982-05-19;10.27;5;10.27
1982-05-20;7.37;5;7.37
1982-05-21;13.24;5;13.24
1982-05-22;11.38;5;11.38
1982-05-23;13.98;5;13.98
1982-05-24;10.03;5;10.03
1982-05-25;15.83;5;15.83
1982-05-26;17.49;5;17.49
1982-05-27;14.95;5;14.95
1982-05-28;12.12;5;12.12
1982-05-29;10.17;5;10.17
1982-05-30;8.98;5;8.98
1982-05-31;8.0;5;8.0
1982-06-01;7.25;6;7.25
1982-06-02;6.54;6;6.54
1982-06-03;6.14;6;6.14
1982-06-04;5.81;6;5.81
1982-06-05;5.63;6;5.63
1982-06-06;5.42;6;5.42
1982-06-07;4.98;6;4.98
1982-06-08;4.88;6;4.88
1982-06-09;4.53;6;4.53
1982-06-10;4.39;6;4.39
1982-06-11;4.17;6;4.17
1982-06-12;4.38;6;4.38
1982-06-13;3.95;6;3.95
1982-06-14;3.67;6;3.67
1982-06-15;3.5;6;3.5
1982-06-16;3.39;6;3.39
1982-06-17;3.28;6;3.28
1982-06-18;3.16;6;3.16
1982-06-19;3.05;6;3.05
1982-06-20;2.99;6;2.99
1982-06-21;2.88;6;2.88
1982-06-22;2.78;6;2.78
1982-06-23;2.69;6;2.69
1982-06-24;2.64;6;2.64
1982-06-25;2.62;6;2.62
1982-06-26;2.57;6;2.57
1982-06-27;2.46;6;2.46
1982-06-28;2.4;6;2.4
1982-06-29;2.4;6;2.4
1982-06-30;2.38;6;2.38
1982-07-01;2.33;7;2.33
1982-07-02;2.26;7;2.26
1982-07-03;2.24;7;2.24
1982-07-04;2.2;7;2.2
1982-07-05;2.15;7;2.15
1982-07-06;2.11;7;2.11
1982-07-07;2.08;7;2.08
1982-07-08;2.08;7;2.08
1982-07-09;2.04;7;2.04
1982-07-10;2.02;7;2.02
1982-07-11;1.97;7;1.97
1982-07-12;2.66;7;2.66
1982-07-13;1.87;7;1.87
1982-07-14;1.77;7;1.77
1982-07-15;1.67;7;1.67
1982-07-16;1.59;7;1.59
1982-07-17;1.51;7;1.51
1982-07-18;1.45;7;1.45
1982-07-19;1.41;7;1.41
1982-07-20;1.37;7;1.37
1982-07-21;1.33;7;1.33
1982-07-22;1.29;7;1.29
1982-07-23;1.25;7;1.25
1982-07-24;1.21;7;1.21
1982-07-25;1.17;7;1.17
1982-07-26;1.15;7;1.15
1982-07-27;1.66;7;1.66
1982-07-28;1.69;7;1.69
1982-07-29;1.57;7;1.57
1982-07-30;1.47;7;1.47
1982-07-31;1.39;7;1.39
1982-08-01;1.31;8;1.31
1982-08-02;1.06;8;1.06
1982-08-03;1.11;8;1.11
1982-08-04;1.11;8;1.11
1982-08-05;1.11;8;1.11
1982-08-06;1.11;8;1.11
1982-08-07;1.11;8;1.11
1982-08-08;1.1;8;1.1
1982-08-09;1.08;8;1.08
1982-08-10;1.08;8;1.08
1982-08-11;1.06;8;1.06
1982-08-12;1.04;8;1.04
1982-08-13;1.04;8;1.04
1982-08-14;1.04;8;1.04
1982-08-15;0.97;8;0.97
1982-08-16;0.97;8;0.97
1982-08-17;0.97;8;0.97
1982-08-18;0.77;8;0.77
1982-08-19;0.77;8;0.77
1982-08-20;0.72;8;0.72
1982-08-21;0.71;8;0.71
1982-08-22;0.68;8;0.68
1982-08-23;0.68;8;0.68
1982-08-24;0.68;8;0.68
1982-08-25;0.68;8;0.68
1982-08-26;0.68;8;0.68
1982-08-27;0.68;8;0.68
1982-08-28;0.68;8;0.68
1982-08-29;0.68;8;0.68
1982-08-30;0.68;8;0.68
1982-08-31;0.68;8;0.68
1982-09-01;0.68;9;0.68
1982-09-02;0.68;9;0.68
1982-09-03;0.65;9;0.65
1982-09-04;0.65;9;0.65
1982-09-05;0.65;9;0.65
1982-09-06;0.65;9;0.65
1982-09-07;0.62;9;0.62
1982-09-08;0.62;9;0.62
1982-09-09;0.62;9;0.62
1982-09-10;0.62;9;0.62
1982-09-11;0.62;9;0.62
1982-09-12;0.62;9;0.62
1982-09-13;0.62;9;0.62
1982-09-14;0.96;9;0.96
1982-09-15;1.35;9;1.35
1982-09-16;1.78;9;1.78
1982-09-17;1.55;9;1.55
1982-09-18;1.41;9;1.41
1982-09-19;2.6;9;2.6
1982-09-20;1.31;9;1.31
1982-09-21;0.99;9;0.99
1982-09-22;0.84;9;0.84
1982-09-23;0.82;9;0.82
1982-09-24;0.99;9;0.99
1982-09-25;1.03;9;1.03
1982-09-26;1.04;9;1.04
1982-09-27;1.01;9;1.01
1982-09-28;7.93;9;7.93
1982-09-29;1.91;9;1.91
1982-09-30;7.13;9;7.13
1982-10-01;3.91;10;3.91
1982-10-02;5.68;10;5.68
1982-10-03;4.78;10;4.78
1982-10-04;3.51;10;3.51
1982-10-05;5.54;10;5.54
1982-10-06;3.39;10;3.39
1982-10-07;11.3;10;11.3
1982-10-08;6.4;10;6.4
1982-10-09;4.38;10;4.38
1982-10-10;6.86;10;6.86
1982-10-11;5.01;10;5.01
1982-10-12;3.97;10;3.97
1982-10-13;3.36;10;3.36
1982-10-14;4.08;10;4.08
1982-10-15;5.74;10;5.74
1982-10-16;5.94;10;5.94
1982-10-17;4.98;10;4.98
1982-10-18;4.08;10;4.08
1982-10-19;12.08;10;12.08
1982-10-20;12.36;10;12.36
1982-10-21;9.32;10;9.32
1982-10-22;11.72;10;11.72
1982-10-23;14.29;10;14.29
1982-10-24;13.04;10;13.04
1982-10-25;10.16;10;10.16
1982-10-26;9.18;10;9.18
1982-10-27;7.5;10;7.5
1982-10-28;6.65;10;6.65
1982-10-29;5.96;10;5.96
1982-10-30;5.41;10;5.41
1982-10-31;4.88;10;4.88
1982-11-01;4.66;11;4.66
1982-11-02;4.83;11;4.83
1982-11-03;6.56;11;6.56
1982-11-04;12.75;11;12.75
1982-11-05;9.53;11;9.53
1982-11-06;7.59;11;7.59
1982-11-07;6.52;11;6.52
1982-11-08;5.85;11;5.85
1982-11-09;5.46;11;5.46
1982-11-10;5.36;11;5.36
1982-11-11;5.74;11;5.74
1982-11-12;6.02;11;6.02
1982-11-13;5.06;11;5.06
1982-11-14;4.58;11;4.58
1982-11-15;4.39;11;4.39
1982-11-16;5.24;11;5.24
1982-11-17;4.15;11;4.15
1982-11-18;4.61;11;4.61
1982-11-19;5.48;11;5.48
1982-11-20;4.93;11;4.93
1982-11-21;4.91;11;4.91
1982-11-22;6.4;11;6.4
1982-11-23;5.52;11;5.52
1982-11-24;4.78;11;4.78
1982-11-25;4.86;11;4.86
1982-11-26;4.59;11;4.59
1982-11-27;6.09;11;6.09
1982-11-28;4.45;11;4.45
1982-11-29;4.09;11;4.09
1982-11-30;4.06;11;4.06
1982-12-01;3.68;12;3.68
1982-12-02;3.47;12;3.47
1982-12-03;3.36;12;3.36
1982-12-04;3.35;12;3.35
1982-12-05;8.77;12;8.77
1982-12-06;5.9;12;5.9
1982-12-07;5.79;12;5.79
1982-12-08;6.0;12;6.0
1982-12-09;4.79;12;4.79
1982-12-10;6.78;12;6.78
1982-12-11;4.73;12;4.73
1982-12-12;4.77;12;4.77
1982-12-13;4.81;12;4.81
1982-12-14;4.53;12;4.53
1982-12-15;3.96;12;3.96
1982-12-16;10.11;12;10.11
1982-12-17;6.38;12;6.38
1982-12-18;5.39;12;5.39
1982-12-19;9.54;12;9.54
1982-12-20;5.9;12;5.9
1982-12-21;6.95;12;6.95
1982-12-22;6.81;12;6.81
1982-12-23;6.55;12;6.55
1982-12-24;5.24;12;5.24
1982-12-25;7.13;12;7.13
1982-12-26;4.97;12;4.97
1982-12-27;11.36;12;11.36
1982-12-28;8.83;12;8.83
1982-12-29;6.74;12;6.74
1982-12-30;6.02;12;6.02
1982-12-31;5.38;12;5.38
1983-01-01;4.93;1;4.93
1983-01-02;4.62;1;4.62
1983-01-03;5.51;1;5.51
1983-01-04;5.23;1;5.23
1983-01-05;4.33;1;4.33
1983-01-06;4.43;1;4.43
1983-01-07;3.94;1;3.94
1983-01-08;3.68;1;3.68
1983-01-09;3.44;1;3.44
1983-01-10;3.34;1;3.34
1983-01-11;3.79;1;3.79
1983-01-12;3.2;1;3.2
1983-01-13;3.1;1;3.1
1983-01-14;3.02;1;3.02
1983-01-15;2.84;1;2.84
1983-01-16;2.74;1;2.74
1983-01-17;3.01;1;3.01
1983-01-18;2.57;1;2.57
1983-01-19;2.47;1;2.47
1983-01-20;2.38;1;2.38
1983-01-21;2.35;1;2.35
1983-01-22;2.31;1;2.31
1983-01-23;1.91;1;1.91
1983-01-24;2.04;1;2.04
1983-01-25;2.11;1;2.11
1983-01-26;1.83;1;1.83
1983-01-27;2.62;1;2.62
1983-01-28;1.71;1;1.71
1983-01-29;1.63;1;1.63
1983-01-30;1.71;1;1.71
1983-01-31;2.72;1;2.72
1983-02-01;2.19;2;2.19
1983-02-02;1.75;2;1.75
1983-02-03;1.67;2;1.67
1983-02-04;2.72;2;2.72
1983-02-05;2.44;2;2.44
1983-02-06;1.65;2;1.65
1983-02-07;2.49;2;2.49
1983-02-08;3.36;2;3.36
1983-02-09;2.96;2;2.96
1983-02-10;2.1;2;2.1
1983-02-11;2.33;2;2.33
1983-02-12;1.91;2;1.91
1983-02-13;1.45;2;1.45
1983-02-14;1.45;2;1.45
1983-02-15;1.83;2;1.83
1983-02-16;1.61;2;1.61
1983-02-17;1.67;2;1.67
1983-02-18;1.55;2;1.55
1983-02-19;3.0;2;3.0
1983-02-20;2.17;2;2.17
1983-02-21;1.67;2;1.67
1983-02-22;1.87;2;1.87
1983-02-23;2.06;2;2.06
1983-02-24;1.91;2;1.91
1983-02-25;1.85;2;1.85
1983-02-26;1.55;2;1.55
1983-02-27;1.65;2;1.65
1983-02-28;1.31;2;1.31
1983-03-01;1.45;3;1.45
1983-03-02;1.35;3;1.35
1983-03-03;1.23;3;1.23
1983-03-04;1.17;3;1.17
1983-03-05;1.08;3;1.08
1983-03-06;2.32;3;2.32
1983-03-07;1.15;3;1.15
1983-03-08;2.96;3;2.96
1983-03-09;1.82;3;1.82
1983-03-10;2.05;3;2.05
1983-03-11;1.9;3;1.9
1983-03-12;2.3;3;2.3
1983-03-13;2.06;3;2.06
1983-03-14;2.17;3;2.17
1983-03-15;1.98;3;1.98
1983-03-16;1.71;3;1.71
1983-03-17;2.27;3;2.27
1983-03-18;1.7;3;1.7
1983-03-19;1.55;3;1.55
1983-03-20;1.59;3;1.59
1983-03-21;1.42;3;1.42
1983-03-22;1.38;3;1.38
1983-03-23;1.43;3;1.43
1983-03-24;1.43;3;1.43
1983-03-25;2.08;3;2.08
1983-03-26;2.36;3;2.36
1983-03-27;5.35;3;5.35
1983-03-28;2.86;3;2.86
1983-03-29;2.13;3;2.13
1983-03-30;2.03;3;2.03
1983-03-31;1.76;3;1.76
1983-04-01;9.4;4;9.4
1983-04-02;4.03;4;4.03
1983-04-03;3.29;4;3.29
1983-04-04;2.57;4;2.57
1983-04-05;2.34;4;2.34
1983-04-06;2.69;4;2.69
1983-04-07;4.47;4;4.47
1983-04-08;5.28;4;5.28
1983-04-09;3.66;4;3.66
1983-04-10;3.28;4;3.28
1983-04-11;3.7;4;3.7
1983-04-12;3.17;4;3.17
1983-04-13;3.97;4;3.97
1983-04-14;7.4;4;7.4
1983-04-15;5.24;4;5.24
1983-04-16;4.7;4;4.7
1983-04-17;5.85;4;5.85
1983-04-18;9.84;4;9.84
1983-04-19;6.6;4;6.6
1983-04-20;4.99;4;4.99
1983-04-21;6.92;4;6.92
1983-04-22;6.13;4;6.13
1983-04-23;5.34;4;5.34
1983-04-24;6.87;4;6.87
1983-04-25;5.08;4;5.08
1983-04-26;3.95;4;3.95
1983-04-27;4.17;4;4.17
1983-04-28;3.27;4;3.27
1983-04-29;3.35;4;3.35
1983-04-30;8.58;4;8.58
1983-05-01;5.82;5;5.82
1983-05-02;5.21;5;5.21
1983-05-03;5.03;5;5.03
1983-05-04;4.72;5;4.72
1983-05-05;4.44;5;4.44
1983-05-06;4.17;5;4.17
1983-05-07;4.02;5;4.02
1983-05-08;3.83;5;3.83
1983-05-09;3.54;5;3.54
1983-05-10;3.45;5;3.45
1983-05-11;3.21;5;3.21
1983-05-12;3.13;5;3.13
1983-05-13;3.02;5;3.02
1983-05-14;2.87;5;2.87
1983-05-15;3.2;5;3.2
1983-05-16;3.77;5;3.77
1983-05-17;3.2;5;3.2
1983-05-18;4.35;5;4.35
1983-05-19;3.89;5;3.89
1983-05-20;4.94;5;4.94
1983-05-21;3.42;5;3.42
1983-05-22;3.06;5;3.06
1983-05-23;3.32;5;3.32
1983-05-24;6.3;5;6.3
1983-05-25;3.83;5;3.83
1983-05-26;3.57;5;3.57
1983-05-27;11.89;5;11.89
1983-05-28;13.94;5;13.94
1983-05-29;13.11;5;13.11
1983-05-30;7.57;5;7.57
1983-05-31;6.18;5;6.18
1983-06-01;5.56;6;5.56
1983-06-02;5.14;6;5.14
1983-06-03;7.55;6;7.55
1983-06-04;7.97;6;7.97
1983-06-05;5.87;6;5.87
1983-06-06;5.19;6;5.19
1983-06-07;4.71;6;4.71
1983-06-08;8.66;6;8.66
1983-06-09;6.7;6;6.7
1983-06-10;5.69;6;5.69
1983-06-11;5.31;6;5.31
1983-06-12;5.02;6;5.02
1983-06-13;4.77;6;4.77
1983-06-14;4.55;6;4.55
1983-06-15;4.32;6;4.32
1983-06-16;4.07;6;4.07
1983-06-17;3.95;6;3.95
1983-06-18;3.71;6;3.71
1983-06-19;3.56;6;3.56
1983-06-20;3.41;6;3.41
1983-06-21;3.31;6;3.31
1983-06-22;3.13;6;3.13
1983-06-23;3.01;6;3.01
1983-06-24;2.91;6;2.91
1983-06-25;2.81;6;2.81
1983-06-26;2.71;6;2.71
1983-06-27;2.65;6;2.65
1983-06-28;2.56;6;2.56
1983-06-29;2.54;6;2.54
1983-06-30;2.44;6;2.44
1983-07-01;2.35;7;2.35
1983-07-02;2.35;7;2.35
1983-07-03;2.21;7;2.21
1983-07-04;2.12;7;2.12
1983-07-05;2.11;7;2.11
1983-07-06;2.11;7;2.11
1983-07-07;2.12;7;2.12
1983-07-08;2.13;7;2.13
1983-07-09;2.1;7;2.1
1983-07-10;1.94;7;1.94
1983-07-11;1.86;7;1.86
1983-07-12;1.8;7;1.8
1983-07-13;1.71;7;1.71
1983-07-14;1.68;7;1.68
1983-07-15;1.59;7;1.59
1983-07-16;1.57;7;1.57
1983-07-17;1.47;7;1.47
1983-07-18;1.51;7;1.51
1983-07-19;1.35;7;1.35
1983-07-20;1.37;7;1.37
1983-07-21;1.21;7;1.21
1983-07-22;1.23;7;1.23
1983-07-23;1.78;7;1.78
1983-07-24;1.31;7;1.31
1983-07-25;1.21;7;1.21
1983-07-26;1.23;7;1.23
1983-07-27;1.15;7;1.15
1983-07-28;1.23;7;1.23
1983-07-29;1.04;7;1.04
1983-07-30;0.92;7;0.92
1983-07-31;0.83;7;0.83
1983-08-01;0.89;8;0.89
1983-08-02;0.96;8;0.96
1983-08-03;0.8;8;0.8
1983-08-04;0.96;8;0.96
1983-08-05;1.35;8;1.35
1983-08-06;1.39;8;1.39
1983-08-07;0.97;8;0.97
1983-08-08;0.83;8;0.83
1983-08-09;0.9;8;0.9
1983-08-10;0.89;8;0.89
1983-08-11;0.9;8;0.9
1983-08-12;0.89;8;0.89
1983-08-13;0.77;8;0.77
1983-08-14;0.75;8;0.75
1983-08-15;0.84;8;0.84
1983-08-16;0.78;8;0.78
1983-08-17;0.85;8;0.85
1983-08-18;0.78;8;0.78
1983-08-19;0.75;8;0.75
1983-08-20;0.78;8;0.78
1983-08-21;0.84;8;0.84
1983-08-22;0.77;8;0.77
1983-08-23;0.71;8;0.71
1983-08-24;0.72;8;0.72
1983-08-25;0.72;8;0.72
1983-08-26;0.75;8;0.75
1983-08-27;0.8;8;0.8
1983-08-28;0.82;8;0.82
1983-08-29;1.31;8;1.31
1983-08-30;1.13;8;1.13
1983-08-31;0.96;8;0.96
1983-09-01;0.77;9;0.77
1983-09-02;0.74;9;0.74
1983-09-03;1.13;9;1.13
1983-09-04;0.86;9;0.86
1983-09-05;0.76;9;0.76
1983-09-06;0.9;9;0.9
1983-09-07;3.37;9;3.37
1983-09-08;1.36;9;1.36
1983-09-09;0.97;9;0.97
1983-09-10;0.83;9;0.83
1983-09-11;0.87;9;0.87
1983-09-12;0.83;9;0.83
1983-09-13;0.77;9;0.77
1983-09-14;0.69;9;0.69
1983-09-15;0.66;9;0.66
1983-09-16;0.71;9;0.71
1983-09-17;0.78;9;0.78
1983-09-18;0.8;9;0.8
1983-09-19;0.62;9;0.62
1983-09-20;0.66;9;0.66
1983-09-21;0.62;9;0.62
1983-09-22;0.61;9;0.61
1983-09-23;0.65;9;0.65
1983-09-24;0.62;9;0.62
1983-09-25;0.62;9;0.62
1983-09-26;0.65;9;0.65
1983-09-27;0.67;9;0.67
1983-09-28;0.77;9;0.77
1983-09-29;0.69;9;0.69
1983-09-30;0.63;9;0.63
1983-10-01;0.6;10;0.6
1983-10-02;0.64;10;0.64
1983-10-03;0.58;10;0.58
1983-10-04;0.55;10;0.55
1983-10-05;0.58;10;0.58
1983-10-06;0.6;10;0.6
1983-10-07;0.53;10;0.53
1983-10-08;0.51;10;0.51
1983-10-09;1.08;10;1.08
1983-10-10;0.82;10;0.82
1983-10-11;1.12;10;1.12
1983-10-12;0.95;10;0.95
1983-10-13;1.48;10;1.48
1983-10-14;1.82;10;1.82
1983-10-15;2.31;10;2.31
1983-10-16;2.35;10;2.35
1983-10-17;1.32;10;1.32
1983-10-18;1.01;10;1.01
1983-10-19;0.89;10;0.89
1983-10-20;0.9;10;0.9
1983-10-21;1.72;10;1.72
1983-10-22;1.16;10;1.16
1983-10-23;0.93;10;0.93
1983-10-24;0.8;10;0.8
1983-10-25;0.75;10;0.75
1983-10-26;0.86;10;0.86
1983-10-27;3.13;10;3.13
1983-10-28;13.03;10;13.03
1983-10-29;9.74;10;9.74
1983-10-30;8.91;10;8.91
1983-10-31;5.05;10;5.05
1983-11-01;3.95;11;3.95
1983-11-02;5.28;11;5.28
1983-11-03;3.29;11;3.29
1983-11-04;2.7;11;2.7
1983-11-05;2.34;11;2.34
1983-11-06;2.77;11;2.77
1983-11-07;3.29;11;3.29
1983-11-08;3.64;11;3.64
1983-11-09;3.02;11;3.02
1983-11-10;3.6;11;3.6
1983-11-11;2.78;11;2.78
1983-11-12;2.41;11;2.41
1983-11-13;2.2;11;2.2
1983-11-14;2.11;11;2.11
1983-11-15;1.99;11;1.99
1983-11-16;3.92;11;3.92
1983-11-17;4.47;11;4.47
1983-11-18;3.99;11;3.99
1983-11-19;3.14;11;3.14
1983-11-20;2.74;11;2.74
1983-11-21;2.49;11;2.49
1983-11-22;2.55;11;2.55
1983-11-23;2.25;11;2.25
1983-11-24;3.02;11;3.02
1983-11-25;3.0;11;3.0
1983-11-26;2.8;11;2.8
1983-11-27;3.11;11;3.11
1983-11-28;2.35;11;2.35
1983-11-29;2.22;11;2.22
1983-11-30;4.58;11;4.58
1983-12-01;2.77;12;2.77
1983-12-02;2.39;12;2.39
1983-12-03;3.04;12;3.04
1983-12-04;3.55;12;3.55
1983-12-05;5.44;12;5.44
1983-12-06;6.16;12;6.16
1983-12-07;5.63;12;5.63
1983-12-08;5.26;12;5.26
1983-12-09;4.91;12;4.91
1983-12-10;4.78;12;4.78
1983-12-11;6.31;12;6.31
1983-12-12;7.86;12;7.86
1983-12-13;6.53;12;6.53
1983-12-14;6.09;12;6.09
1983-12-15;5.12;12;5.12
1983-12-16;4.8;12;4.8
1983-12-17;6.25;12;6.25
1983-12-18;7.6;12;7.6
1983-12-19;5.87;12;5.87
1983-12-20;8.64;12;8.64
1983-12-21;7.64;12;7.64
1983-12-22;6.18;12;6.18
1983-12-23;5.39;12;5.39
1983-12-24;5.06;12;5.06
1983-12-25;4.58;12;4.58
1983-12-26;4.23;12;4.23
1983-12-27;3.97;12;3.97
1983-12-28;3.67;12;3.67
1983-12-29;3.92;12;3.92
1983-12-30;5.95;12;5.95
1983-12-31;6.72;12;6.72
1984-01-01;4.75;1;4.75
1984-01-02;7.17;1;7.17
1984-01-03;10.0;1;10.0
1984-01-04;9.48;1;9.48
1984-01-05;7.9;1;7.9
1984-01-06;8.91;1;8.91
1984-01-07;7.9;1;7.9
1984-01-08;12.39;1;12.39
1984-01-09;8.89;1;8.89
1984-01-10;7.58;1;7.58
1984-01-11;8.26;1;8.26
1984-01-12;7.78;1;7.78
1984-01-13;6.48;1;6.48
1984-01-14;5.93;1;5.93
1984-01-15;5.43;1;5.43
1984-01-16;5.07;1;5.07
1984-01-17;4.86;1;4.86
1984-01-18;4.97;1;4.97
1984-01-19;4.38;1;4.38
1984-01-20;6.37;1;6.37
1984-01-21;5.74;1;5.74
1984-01-22;7.68;1;7.68
1984-01-23;6.7;1;6.7
1984-01-24;5.5;1;5.5
1984-01-25;4.98;1;4.98
1984-01-26;4.66;1;4.66
1984-01-27;4.65;1;4.65
1984-01-28;4.78;1;4.78
1984-01-29;4.73;1;4.73
1984-01-30;4.24;1;4.24
1984-01-31;4.0;1;4.0
1984-02-01;3.84;2;3.84
1984-02-02;3.57;2;3.57
1984-02-03;3.78;2;3.78
1984-02-04;3.43;2;3.43
1984-02-05;9.62;2;9.62
1984-02-06;6.17;2;6.17
1984-02-07;5.38;2;5.38
1984-02-08;5.34;2;5.34
1984-02-09;5.52;2;5.52
1984-02-10;4.91;2;4.91
1984-02-11;4.51;2;4.51
1984-02-12;4.21;2;4.21
1984-02-13;4.66;2;4.66
1984-02-14;5.02;2;5.02
1984-02-15;5.18;2;5.18
1984-02-16;6.31;2;6.31
1984-02-17;5.95;2;5.95
1984-02-18;6.08;2;6.08
1984-02-19;5.66;2;5.66
1984-02-20;5.38;2;5.38
1984-02-21;11.65;2;11.65
1984-02-22;7.75;2;7.75
1984-02-23;10.29;2;10.29
1984-02-24;8.18;2;8.18
1984-02-25;7.46;2;7.46
1984-02-26;9.94;2;9.94
1984-02-27;7.98;2;7.98
1984-02-28;9.65;2;9.65
1984-02-29;8.9;2;8.9
1984-03-01;7.67;3;7.67
1984-03-02;7.6;3;7.6
1984-03-03;6.83;3;6.83
1984-03-04;6.22;3;6.22
1984-03-05;5.78;3;5.78
1984-03-06;5.49;3;5.49
1984-03-07;5.61;3;5.61
1984-03-08;5.48;3;5.48
1984-03-09;5.75;3;5.75
1984-03-10;5.16;3;5.16
1984-03-11;5.46;3;5.46
1984-03-12;4.65;3;4.65
1984-03-13;4.4;3;4.4
1984-03-14;4.21;3;4.21
1984-03-15;4.0;3;4.0
1984-03-16;3.87;3;3.87
1984-03-17;5.15;3;5.15
1984-03-18;6.0;3;6.0
1984-03-19;4.46;3;4.46
1984-03-20;4.15;3;4.15
1984-03-21;5.08;3;5.08
1984-03-22;4.66;3;4.66
1984-03-23;5.04;3;5.04
1984-03-24;4.6;3;4.6
1984-03-25;4.08;3;4.08
1984-03-26;3.9;3;3.9
1984-03-27;3.88;3;3.88
1984-03-28;4.07;3;4.07
1984-03-29;7.55;3;7.55
1984-03-30;8.11;3;8.11
1984-03-31;6.15;3;6.15
1984-04-01;6.84;4;6.84
1984-04-02;7.66;4;7.66
1984-04-03;6.47;4;6.47
1984-04-04;5.95;4;5.95
1984-04-05;5.63;4;5.63
1984-04-06;5.46;4;5.46
1984-04-07;5.46;4;5.46
1984-04-08;5.2;4;5.2
1984-04-09;5.82;4;5.82
1984-04-10;5.42;4;5.42
1984-04-11;5.52;4;5.52
1984-04-12;4.98;4;4.98
1984-04-13;5.37;4;5.37
1984-04-14;5.87;4;5.87
1984-04-15;5.91;4;5.91
1984-04-16;5.19;4;5.19
1984-04-17;4.71;4;4.71
1984-04-18;4.5;4;4.5
1984-04-19;4.3;4;4.3
1984-04-20;4.12;4;4.12
1984-04-21;5.05;4;5.05
1984-04-22;4.7;4;4.7
1984-04-23;4.63;4;4.63
1984-04-24;6.67;4;6.67
1984-04-25;6.09;4;6.09
1984-04-26;11.15;4;11.15
1984-04-27;11.67;4;11.67
1984-04-28;8.09;4;8.09
1984-04-29;12.52;4;12.52
1984-04-30;9.41;4;9.41
1984-05-01;9.54;5;9.54
1984-05-02;7.5;5;7.5
1984-05-03;9.42;5;9.42
1984-05-04;7.22;5;7.22
1984-05-05;6.49;5;6.49
1984-05-06;5.98;5;5.98
1984-05-07;5.68;5;5.68
1984-05-08;6.49;5;6.49
1984-05-09;6.01;5;6.01
1984-05-10;6.23;5;6.23
1984-05-11;7.09;5;7.09
1984-05-12;5.35;5;5.35
1984-05-13;5.04;5;5.04
1984-05-14;5.11;5;5.11
1984-05-15;4.47;5;4.47
1984-05-16;4.56;5;4.56
1984-05-17;5.44;5;5.44
1984-05-18;4.29;5;4.29
1984-05-19;6.73;5;6.73
1984-05-20;4.15;5;4.15
1984-05-21;3.98;5;3.98
1984-05-22;5.55;5;5.55
1984-05-23;5.65;5;5.65
1984-05-24;6.16;5;6.16
1984-05-25;8.41;5;8.41
1984-05-26;11.35;5;11.35
1984-05-27;11.42;5;11.42
1984-05-28;9.77;5;9.77
1984-05-29;6.42;5;6.42
1984-05-30;6.08;5;6.08
1984-05-31;6.09;5;6.09
1984-06-01;11.12;6;11.12
1984-06-02;8.18;6;8.18
1984-06-03;9.38;6;9.38
1984-06-04;12.86;6;12.86
1984-06-05;7.59;6;7.59
1984-06-06;6.49;6;6.49
1984-06-07;6.26;6;6.26
1984-06-08;5.52;6;5.52
1984-06-09;5.19;6;5.19
1984-06-10;4.89;6;4.89
1984-06-11;4.59;6;4.59
1984-06-12;4.35;6;4.35
1984-06-13;4.11;6;4.11
1984-06-14;3.94;6;3.94
1984-06-15;3.8;6;3.8
1984-06-16;3.62;6;3.62
1984-06-17;3.46;6;3.46
1984-06-18;3.32;6;3.32
1984-06-19;3.21;6;3.21
1984-06-20;3.06;6;3.06
1984-06-21;2.94;6;2.94
1984-06-22;2.92;6;2.92
1984-06-23;2.94;6;2.94
1984-06-24;3.26;6;3.26
1984-06-25;2.77;6;2.77
1984-06-26;2.77;6;2.77
1984-06-27;2.67;6;2.67
1984-06-28;2.51;6;2.51
1984-06-29;2.4;6;2.4
1984-06-30;2.43;6;2.43
1984-07-01;2.69;7;2.69
1984-07-02;2.73;7;2.73
1984-07-03;2.35;7;2.35
1984-07-04;2.34;7;2.34
1984-07-05;2.31;7;2.31
1984-07-06;2.3;7;2.3
1984-07-07;2.22;7;2.22
1984-07-08;2.16;7;2.16
1984-07-09;2.13;7;2.13
1984-07-10;2.08;7;2.08
1984-07-11;2.08;7;2.08
1984-07-12;2.92;7;2.92
1984-07-13;2.93;7;2.93
1984-07-14;2.62;7;2.62
1984-07-15;3.06;7;3.06
1984-07-16;2.39;7;2.39
1984-07-17;2.22;7;2.22
1984-07-18;2.07;7;2.07
1984-07-19;1.98;7;1.98
1984-07-20;1.88;7;1.88
1984-07-21;1.78;7;1.78
1984-07-22;1.71;7;1.71
1984-07-23;1.67;7;1.67
1984-07-24;1.63;7;1.63
1984-07-25;1.7;7;1.7
1984-07-26;1.59;7;1.59
1984-07-27;1.56;7;1.56
1984-07-28;1.44;7;1.44
1984-07-29;1.37;7;1.37
1984-07-30;1.34;7;1.34
1984-07-31;1.33;7;1.33
1984-08-01;1.47;8;1.47
1984-08-02;1.58;8;1.58
1984-08-03;1.77;8;1.77
1984-08-04;2.41;8;2.41
1984-08-05;1.67;8;1.67
1984-08-06;1.45;8;1.45
1984-08-07;1.38;8;1.38
1984-08-08;1.35;8;1.35
1984-08-09;1.3;8;1.3
1984-08-10;1.37;8;1.37
1984-08-11;1.3;8;1.3
1984-08-12;1.26;8;1.26
1984-08-13;1.18;8;1.18
1984-08-14;1.14;8;1.14
1984-08-15;1.31;8;1.31
1984-08-16;1.52;8;1.52
1984-08-17;1.33;8;1.33
1984-08-18;2.17;8;2.17
1984-08-19;1.34;8;1.34
1984-08-20;4.58;8;4.58
1984-08-21;1.91;8;1.91
1984-08-22;2.43;8;2.43
1984-08-23;1.86;8;1.86
1984-08-24;1.88;8;1.88
1984-08-25;1.54;8;1.54
1984-08-26;1.43;8;1.43
1984-08-27;1.67;8;1.67
1984-08-28;1.66;8;1.66
1984-08-29;1.32;8;1.32
1984-08-30;1.26;8;1.26
1984-08-31;1.19;8;1.19
1984-09-01;1.15;9;1.15
1984-09-02;1.15;9;1.15
1984-09-03;1.21;9;1.21
1984-09-04;1.06;9;1.06
1984-09-05;1.02;9;1.02
1984-09-06;1.1;9;1.1
1984-09-07;1.06;9;1.06
1984-09-08;1.15;9;1.15
1984-09-09;4.26;9;4.26
1984-09-10;2.17;9;2.17
1984-09-11;2.83;9;2.83
1984-09-12;1.83;9;1.83
1984-09-13;1.59;9;1.59
1984-09-14;1.41;9;1.41
1984-09-15;1.43;9;1.43
1984-09-16;1.56;9;1.56
1984-09-17;1.4;9;1.4
1984-09-18;4.21;9;4.21
1984-09-19;2.83;9;2.83
1984-09-20;3.23;9;3.23
1984-09-21;2.81;9;2.81
1984-09-22;6.42;9;6.42
1984-09-23;4.9;9;4.9
1984-09-24;5.09;9;5.09
1984-09-25;3.85;9;3.85
1984-09-26;4.63;9;4.63
1984-09-27;3.96;9;3.96
1984-09-28;3.33;9;3.33
1984-09-29;5.32;9;5.32
1984-09-30;3.31;9;3.31
1984-10-01;3.14;10;3.14
1984-10-02;2.91;10;2.91
1984-10-03;3.33;10;3.33
1984-10-04;2.94;10;2.94
1984-10-05;3.42;10;3.42
1984-10-06;6.37;10;6.37
1984-10-07;5.53;10;5.53
1984-10-08;8.85;10;8.85
1984-10-09;6.08;10;6.08
1984-10-10;4.8;10;4.8
1984-10-11;4.38;10;4.38
1984-10-12;4.15;10;4.15
1984-10-13;3.98;10;3.98
1984-10-14;3.59;10;3.59
1984-10-15;6.51;10;6.51
1984-10-16;4.82;10;4.82
1984-10-17;5.99;10;5.99
1984-10-18;9.94;10;9.94
1984-10-19;8.31;10;8.31
1984-10-20;13.58;10;13.58
1984-10-21;10.44;10;10.44
1984-10-22;12.35;10;12.35
1984-10-23;10.17;10;10.17
1984-10-24;11.32;10;11.32
1984-10-25;16.07;10;16.07
1984-10-26;17.87;10;17.87
1984-10-27;17.13;10;17.13
1984-10-28;15.0;10;15.0
1984-10-29;13.05;10;13.05
1984-10-30;15.83;10;15.83
1984-10-31;15.38;10;15.38
1984-11-01;12.33;11;12.33
1984-11-02;10.35;11;10.35
1984-11-03;8.94;11;8.94
1984-11-04;7.9;11;7.9
1984-11-05;7.2;11;7.2
1984-11-06;9.05;11;9.05
1984-11-07;8.27;11;8.27
1984-11-08;6.32;11;6.32
1984-11-09;5.56;11;5.56
1984-11-10;5.14;11;5.14
1984-11-11;4.82;11;4.82
1984-11-12;5.32;11;5.32
1984-11-13;5.63;11;5.63
1984-11-14;5.34;11;5.34
1984-11-15;4.38;11;4.38
1984-11-16;4.02;11;4.02
1984-11-17;3.79;11;3.79
1984-11-18;3.7;11;3.7
1984-11-19;4.69;11;4.69
1984-11-20;4.0;11;4.0
1984-11-21;3.46;11;3.46
1984-11-22;3.29;11;3.29
1984-11-23;5.79;11;5.79
1984-11-24;4.58;11;4.58
1984-11-25;5.37;11;5.37
1984-11-26;6.1;11;6.1
1984-11-27;7.32;11;7.32
1984-11-28;17.05;11;17.05
1984-11-29;16.87;11;16.87
1984-11-30;13.34;11;13.34
1984-12-01;10.52;12;10.52
1984-12-02;8.76;12;8.76
1984-12-03;7.85;12;7.85
1984-12-04;7.0;12;7.0
1984-12-05;6.32;12;6.32
1984-12-06;5.78;12;5.78
1984-12-07;6.46;12;6.46
1984-12-08;5.34;12;5.34
1984-12-09;4.87;12;4.87
1984-12-10;4.65;12;4.65
1984-12-11;4.32;12;4.32
1984-12-12;4.18;12;4.18
1984-12-13;6.09;12;6.09
1984-12-14;4.03;12;4.03
1984-12-15;3.9;12;3.9
1984-12-16;6.53;12;6.53
1984-12-17;7.96;12;7.96
1984-12-18;4.78;12;4.78
1984-12-19;5.16;12;5.16
1984-12-20;4.35;12;4.35
1984-12-21;3.96;12;3.96
1984-12-22;3.76;12;3.76
1984-12-23;4.37;12;4.37
1984-12-24;4.87;12;4.87
1984-12-25;3.64;12;3.64
1984-12-26;3.38;12;3.38
1984-12-27;3.22;12;3.22
1984-12-28;3.08;12;3.08
1984-12-29;2.98;12;2.98
1984-12-30;2.88;12;2.88
1984-12-31;2.77;12;2.77
1985-01-01;2.52;1;2.52
1985-01-02;2.43;1;2.43
1985-01-03;2.27;1;2.27
1985-01-04;3.21;1;3.21
1985-01-05;3.37;1;3.37
1985-01-06;2.88;1;2.88
1985-01-07;2.49;1;2.49
1985-01-08;3.8;1;3.8
1985-01-09;4.39;1;4.39
1985-01-10;3.26;1;3.26
1985-01-11;2.86;1;2.86
1985-01-12;2.71;1;2.71
1985-01-13;2.98;1;2.98
1985-01-14;4.4;1;4.4
1985-01-15;4.28;1;4.28
1985-01-16;3.67;1;3.67
1985-01-17;3.22;1;3.22
1985-01-18;3.11;1;3.11
1985-01-19;3.09;1;3.09
1985-01-20;2.86;1;2.86
1985-01-21;3.97;1;3.97
1985-01-22;5.8;1;5.8
1985-01-23;4.11;1;4.11
1985-01-24;3.6;1;3.6
1985-01-25;9.57;1;9.57
1985-01-26;5.71;1;5.71
1985-01-27;4.91;1;4.91
1985-01-28;5.04;1;5.04
1985-01-29;4.43;1;4.43
1985-01-30;4.09;1;4.09
1985-01-31;5.63;1;5.63
1985-02-01;4.69;2;4.69
1985-02-02;3.92;2;3.92
1985-02-03;3.64;2;3.64
1985-02-04;3.67;2;3.67
1985-02-05;3.34;2;3.34
1985-02-06;3.16;2;3.16
1985-02-07;3.07;2;3.07
1985-02-08;3.05;2;3.05
1985-02-09;4.32;2;4.32
1985-02-10;2.91;2;2.91
1985-02-11;2.73;2;2.73
1985-02-12;2.53;2;2.53
1985-02-13;2.35;2;2.35
1985-02-14;2.21;2;2.21
1985-02-15;2.15;2;2.15
1985-02-16;2.1;2;2.1
1985-02-17;2.08;2;2.08
1985-02-18;2.02;2;2.02
1985-02-19;1.99;2;1.99
1985-02-20;1.93;2;1.93
1985-02-21;1.91;2;1.91
1985-02-22;1.89;2;1.89
1985-02-23;6.36;2;6.36
1985-02-24;5.05;2;5.05
1985-02-25;3.14;2;3.14
1985-02-26;2.41;2;2.41
1985-02-27;2.32;2;2.32
1985-02-28;2.21;2;2.21
1985-03-01;2.02;3;2.02
1985-03-02;2.06;3;2.06
1985-03-03;2.37;3;2.37
1985-03-04;2.02;3;2.02
1985-03-05;1.97;3;1.97
1985-03-06;6.82;3;6.82
1985-03-07;8.55;3;8.55
1985-03-08;3.37;3;3.37
1985-03-09;2.58;3;2.58
1985-03-10;3.28;3;3.28
1985-03-11;2.25;3;2.25
1985-03-12;2.04;3;2.04
1985-03-13;2.01;3;2.01
1985-03-14;1.9;3;1.9
1985-03-15;1.85;3;1.85
1985-03-16;1.79;3;1.79
1985-03-17;1.72;3;1.72
1985-03-18;1.8;3;1.8
1985-03-19;2.09;3;2.09
1985-03-20;3.89;3;3.89
1985-03-21;2.8;3;2.8
1985-03-22;1.83;3;1.83
1985-03-23;1.68;3;1.68
1985-03-24;1.61;3;1.61
1985-03-25;1.55;3;1.55
1985-03-26;1.52;3;1.52
1985-03-27;1.5;3;1.5
1985-03-28;1.58;3;1.58
1985-03-29;1.48;3;1.48
1985-03-30;1.55;3;1.55
1985-03-31;2.78;3;2.78
1985-04-01;4.01;4;4.01
1985-04-02;2.66;4;2.66
1985-04-03;1.9;4;1.9
1985-04-04;1.68;4;1.68
1985-04-05;1.58;4;1.58
1985-04-06;3.24;4;3.24
1985-04-07;2.27;4;2.27
1985-04-08;1.91;4;1.91
1985-04-09;2.05;4;2.05
1985-04-10;2.0;4;2.0
1985-04-11;2.15;4;2.15
1985-04-12;1.96;4;1.96
1985-04-13;1.93;4;1.93
1985-04-14;1.66;4;1.66
1985-04-15;1.58;4;1.58
1985-04-16;1.54;4;1.54
1985-04-17;1.49;4;1.49
1985-04-18;1.48;4;1.48
1985-04-19;1.64;4;1.64
1985-04-20;7.84;4;7.84
1985-04-21;8.28;4;8.28
1985-04-22;2.93;4;2.93
1985-04-23;2.38;4;2.38
1985-04-24;3.2;4;3.2
1985-04-25;6.67;4;6.67
1985-04-26;8.98;4;8.98
1985-04-27;5.23;4;5.23
1985-04-28;4.2;4;4.2
1985-04-29;3.71;4;3.71
1985-04-30;3.42;4;3.42
1985-05-01;3.31;5;3.31
1985-05-02;2.96;5;2.96
1985-05-03;2.76;5;2.76
1985-05-04;2.49;5;2.49
1985-05-05;2.37;5;2.37
1985-05-06;2.95;5;2.95
1985-05-07;3.65;5;3.65
1985-05-08;7.29;5;7.29
1985-05-09;6.1;5;6.1
1985-05-10;3.56;5;3.56
1985-05-11;3.73;5;3.73
1985-05-12;3.67;5;3.67
1985-05-13;3.66;5;3.66
1985-05-14;3.0;5;3.0
1985-05-15;2.77;5;2.77
1985-05-16;12.54;5;12.54
1985-05-17;6.41;5;6.41
1985-05-18;5.41;5;5.41
1985-05-19;4.38;5;4.38
1985-05-20;3.99;5;3.99
1985-05-21;3.7;5;3.7
1985-05-22;3.47;5;3.47
1985-05-23;3.46;5;3.46
1985-05-24;3.29;5;3.29
1985-05-25;3.12;5;3.12
1985-05-26;2.97;5;2.97
1985-05-27;2.79;5;2.79
1985-05-28;2.61;5;2.61
1985-05-29;2.62;5;2.62
1985-05-30;2.6;5;2.6
1985-05-31;2.56;5;2.56
1985-06-01;3.4;6;3.4
1985-06-02;4.01;6;4.01
1985-06-03;4.1;6;4.1
1985-06-04;2.7;6;2.7
1985-06-05;2.35;6;2.35
1985-06-06;2.28;6;2.28
1985-06-07;2.17;6;2.17
1985-06-08;2.19;6;2.19
1985-06-09;3.02;6;3.02
1985-06-10;2.0;6;2.0
1985-06-11;1.86;6;1.86
1985-06-12;1.84;6;1.84
1985-06-13;1.89;6;1.89
1985-06-14;1.86;6;1.86
1985-06-15;1.83;6;1.83
1985-06-16;1.77;6;1.77
1985-06-17;1.72;6;1.72
1985-06-18;1.65;6;1.65
1985-06-19;1.63;6;1.63
1985-06-20;1.57;6;1.57
1985-06-21;1.52;6;1.52
1985-06-22;1.48;6;1.48
1985-06-23;1.44;6;1.44
1985-06-24;1.4;6;1.4
1985-06-25;1.37;6;1.37
1985-06-26;1.33;6;1.33
1985-06-27;1.32;6;1.32
1985-06-28;1.28;6;1.28
1985-06-29;1.26;6;1.26
1985-06-30;1.25;6;1.25
1985-07-01;1.18;7;1.18
1985-07-02;1.06;7;1.06
1985-07-03;1.08;7;1.08
1985-07-04;1.08;7;1.08
1985-07-05;1.05;7;1.05
1985-07-06;1.04;7;1.04
1985-07-07;1.01;7;1.01
1985-07-08;1.1;7;1.1
1985-07-09;1.75;7;1.75
1985-07-10;1.46;7;1.46
1985-07-11;1.36;7;1.36
1985-07-12;1.33;7;1.33
1985-07-13;1.33;7;1.33
1985-07-14;1.32;7;1.32
1985-07-15;1.29;7;1.29
1985-07-16;1.26;7;1.26
1985-07-17;1.26;7;1.26
1985-07-18;1.25;7;1.25
1985-07-19;1.22;7;1.22
1985-07-20;1.09;7;1.09
1985-07-21;1.05;7;1.05
1985-07-22;1.05;7;1.05
1985-07-23;1.05;7;1.05
1985-07-24;1.05;7;1.05
1985-07-25;1.35;7;1.35
1985-07-26;1.21;7;1.21
1985-07-27;2.05;7;2.05
1985-07-28;1.36;7;1.36
1985-07-29;1.16;7;1.16
1985-07-30;1.09;7;1.09
1985-07-31;1.05;7;1.05
1985-08-01;2.04;8;2.04
1985-08-02;1.41;8;1.41
1985-08-03;1.13;8;1.13
1985-08-04;1.0;8;1.0
1985-08-05;0.96;8;0.96
1985-08-06;2.35;8;2.35
1985-08-07;1.45;8;1.45
1985-08-08;1.27;8;1.27
1985-08-09;1.4;8;1.4
1985-08-10;1.36;8;1.36
1985-08-11;1.31;8;1.31
1985-08-12;1.27;8;1.27
1985-08-13;1.26;8;1.26
1985-08-14;3.71;8;3.71
1985-08-15;5.08;8;5.08
1985-08-16;1.7;8;1.7
1985-08-17;1.25;8;1.25
1985-08-18;1.1;8;1.1
1985-08-19;2.24;8;2.24
1985-08-20;1.66;8;1.66
1985-08-21;1.43;8;1.43
1985-08-22;1.28;8;1.28
1985-08-23;1.13;8;1.13
1985-08-24;1.04;8;1.04
1985-08-25;1.0;8;1.0
1985-08-26;3.37;8;3.37
1985-08-27;3.01;8;3.01
1985-08-28;1.95;8;1.95
1985-08-29;2.45;8;2.45
1985-08-30;4.19;8;4.19
1985-08-31;1.91;8;1.91
1985-09-01;1.51;9;1.51
1985-09-02;1.39;9;1.39
1985-09-03;1.32;9;1.32
1985-09-04;1.27;9;1.27
1985-09-05;1.22;9;1.22
1985-09-06;1.3;9;1.3
1985-09-07;1.53;9;1.53
1985-09-08;1.46;9;1.46
1985-09-09;1.92;9;1.92
1985-09-10;1.39;9;1.39
1985-09-11;1.28;9;1.28
1985-09-12;2.13;9;2.13
1985-09-13;2.29;9;2.29
1985-09-14;2.2;9;2.2
1985-09-15;1.51;9;1.51
1985-09-16;1.37;9;1.37
1985-09-17;1.28;9;1.28
1985-09-18;1.24;9;1.24
1985-09-19;1.23;9;1.23
1985-09-20;1.18;9;1.18
1985-09-21;1.12;9;1.12
1985-09-22;1.11;9;1.11
1985-09-23;1.13;9;1.13
1985-09-24;1.08;9;1.08
1985-09-25;1.93;9;1.93
1985-09-26;8.79;9;8.79
1985-09-27;6.31;9;6.31
1985-09-28;4.18;9;4.18
1985-09-29;3.39;9;3.39
1985-09-30;3.03;9;3.03
1985-10-01;3.35;10;3.35
1985-10-02;4.28;10;4.28
1985-10-03;2.8;10;2.8
1985-10-04;2.7;10;2.7
1985-10-05;3.04;10;3.04
1985-10-06;2.55;10;2.55
1985-10-07;2.23;10;2.23
1985-10-08;2.98;10;2.98
1985-10-09;4.35;10;4.35
1985-10-10;2.84;10;2.84
1985-10-11;2.42;10;2.42
1985-10-12;2.14;10;2.14
1985-10-13;2.03;10;2.03
1985-10-14;1.94;10;1.94
1985-10-15;1.9;10;1.9
1985-10-16;1.9;10;1.9
1985-10-17;7.41;10;7.41
1985-10-18;3.61;10;3.61
1985-10-19;2.87;10;2.87
1985-10-20;3.06;10;3.06
1985-10-21;2.44;10;2.44
1985-10-22;2.21;10;2.21
1985-10-23;4.9;10;4.9
1985-10-24;5.1;10;5.1
1985-10-25;3.83;10;3.83
1985-10-26;3.27;10;3.27
1985-10-27;3.61;10;3.61
1985-10-28;5.4;10;5.4
1985-10-29;5.97;10;5.97
1985-10-30;4.86;10;4.86
1985-10-31;4.31;10;4.31
1985-11-01;3.94;11;3.94
1985-11-02;3.68;11;3.68
1985-11-03;3.48;11;3.48
1985-11-04;3.3;11;3.3
1985-11-05;3.85;11;3.85
1985-11-06;4.17;11;4.17
1985-11-07;3.3;11;3.3
1985-11-08;3.05;11;3.05
1985-11-09;2.91;11;2.91
1985-11-10;3.1;11;3.1
1985-11-11;2.91;11;2.91
1985-11-12;2.93;11;2.93
1985-11-13;6.12;11;6.12
1985-11-14;6.27;11;6.27
1985-11-15;6.74;11;6.74
1985-11-16;8.67;11;8.67
1985-11-17;5.72;11;5.72
1985-11-18;4.94;11;4.94
1985-11-19;4.48;11;4.48
1985-11-20;7.43;11;7.43
1985-11-21;13.19;11;13.19
1985-11-22;10.32;11;10.32
1985-11-23;15.87;11;15.87
1985-11-24;12.9;11;12.9
1985-11-25;9.19;11;9.19
1985-11-26;7.31;11;7.31
1985-11-27;7.27;11;7.27
1985-11-28;6.94;11;6.94
1985-11-29;5.81;11;5.81
1985-11-30;6.82;11;6.82
1985-12-01;5.79;12;5.79
1985-12-02;5.52;12;5.52
1985-12-03;5.02;12;5.02
1985-12-04;4.65;12;4.65
1985-12-05;6.42;12;6.42
1985-12-06;8.72;12;8.72
1985-12-07;6.99;12;6.99
1985-12-08;5.69;12;5.69
1985-12-09;5.26;12;5.26
1985-12-10;4.96;12;4.96
1985-12-11;4.47;12;4.47
1985-12-12;4.41;12;4.41
1985-12-13;8.13;12;8.13
1985-12-14;5.25;12;5.25
1985-12-15;4.77;12;4.77
1985-12-16;8.8;12;8.8
1985-12-17;5.85;12;5.85
1985-12-18;4.95;12;4.95
1985-12-19;4.59;12;4.59
1985-12-20;4.38;12;4.38
1985-12-21;4.5;12;4.5
1985-12-22;4.09;12;4.09
1985-12-23;3.85;12;3.85
1985-12-24;3.68;12;3.68
1985-12-25;4.95;12;4.95
1985-12-26;3.87;12;3.87
1985-12-27;3.48;12;3.48
1985-12-28;3.38;12;3.38
1985-12-29;3.44;12;3.44
1985-12-30;3.23;12;3.23
1985-12-31;3.34;12;3.34
1986-01-01;2.97;1;2.97
1986-01-02;2.82;1;2.82
1986-01-03;2.72;1;2.72
1986-01-04;2.94;1;2.94
1986-01-05;6.02;1;6.02
1986-01-06;8.23;1;8.23
1986-01-07;4.79;1;4.79
1986-01-08;3.71;1;3.71
1986-01-09;3.54;1;3.54
1986-01-10;3.41;1;3.41
1986-01-11;4.03;1;4.03
1986-01-12;3.17;1;3.17
1986-01-13;3.05;1;3.05
1986-01-14;2.87;1;2.87
1986-01-15;2.76;1;2.76
1986-01-16;2.86;1;2.86
1986-01-17;4.85;1;4.85
1986-01-18;6.56;1;6.56
1986-01-19;6.72;1;6.72
1986-01-20;8.64;1;8.64
1986-01-21;7.32;1;7.32
1986-01-22;5.67;1;5.67
1986-01-23;7.27;1;7.27
1986-01-24;7.42;1;7.42
1986-01-25;6.37;1;6.37
1986-01-26;5.17;1;5.17
1986-01-27;5.97;1;5.97
1986-01-28;4.9;1;4.9
1986-01-29;4.51;1;4.51
1986-01-30;4.29;1;4.29
1986-01-31;5.29;1;5.29
1986-02-01;6.48;2;6.48
1986-02-02;4.78;2;4.78
1986-02-03;4.52;2;4.52
1986-02-04;4.4;2;4.4
1986-02-05;4.2;2;4.2
1986-02-06;3.97;2;3.97
1986-02-07;3.78;2;3.78
1986-02-08;3.61;2;3.61
1986-02-09;3.5;2;3.5
1986-02-10;4.56;2;4.56
1986-02-11;3.61;2;3.61
1986-02-12;4.1;2;4.1
1986-02-13;12.92;2;12.92
1986-02-14;10.76;2;10.76
1986-02-15;10.62;2;10.62
1986-02-16;10.18;2;10.18
1986-02-17;11.31;2;11.31
1986-02-18;10.05;2;10.05
1986-02-19;8.23;2;8.23
1986-02-20;7.26;2;7.26
1986-02-21;6.6;2;6.6
1986-02-22;6.13;2;6.13
1986-02-23;5.71;2;5.71
1986-02-24;6.21;2;6.21
1986-02-25;6.39;2;6.39
1986-02-26;5.35;2;5.35
1986-02-27;7.86;2;7.86
1986-02-28;5.85;2;5.85
1986-03-01;6.3;3;6.3
1986-03-02;5.35;3;5.35
1986-03-03;5.54;3;5.54
1986-03-04;8.34;3;8.34
1986-03-05;6.1;3;6.1
1986-03-06;5.33;3;5.33
1986-03-07;7.1;3;7.1
1986-03-08;7.8;3;7.8
1986-03-09;5.55;3;5.55
1986-03-10;5.61;3;5.61
1986-03-11;9.41;3;9.41
1986-03-12;8.5;3;8.5
1986-03-13;8.09;3;8.09
1986-03-14;8.44;3;8.44
1986-03-15;9.11;3;9.11
1986-03-16;9.3;3;9.3
1986-03-17;9.48;3;9.48
1986-03-18;9.5;3;9.5
1986-03-19;9.52;3;9.52
1986-03-20;8.45;3;8.45
1986-03-21;8.16;3;8.16
1986-03-22;6.96;3;6.96
1986-03-23;5.82;3;5.82
1986-03-24;5.67;3;5.67
1986-03-25;6.63;3;6.63
1986-03-26;3.15;3;3.15
1986-03-27;3.48;3;3.48
1986-03-28;3.02;3;3.02
1986-03-29;2.88;3;2.88
1986-03-30;2.76;3;2.76
1986-03-31;2.65;3;2.65
1986-04-01;3.03;4;3.03
1986-04-02;2.5;4;2.5
1986-04-03;2.34;4;2.34
1986-04-04;2.84;4;2.84
1986-04-05;3.91;4;3.91
1986-04-06;3.74;4;3.74
1986-04-07;8.64;4;8.64
1986-04-08;6.79;4;6.79
1986-04-09;7.81;4;7.81
1986-04-10;7.61;4;7.61
1986-04-11;7.41;4;7.41
1986-04-12;5.66;4;5.66
1986-04-13;5.43;4;5.43
1986-04-14;5.15;4;5.15
1986-04-15;2.92;4;2.92
1986-04-16;4.74;4;4.74
1986-04-17;3.91;4;3.91
1986-04-18;4.0;4;4.0
1986-04-19;4.2;4;4.2
1986-04-20;3.24;4;3.24
1986-04-21;5.4;4;5.4
1986-04-22;5.42;4;5.42
1986-04-23;5.54;4;5.54
1986-04-24;4.75;4;4.75
1986-04-25;5.06;4;5.06
1986-04-26;6.39;4;6.39
1986-04-27;5.17;4;5.17
1986-04-28;5.33;4;5.33
1986-04-29;5.75;4;5.75
1986-04-30;5.93;4;5.93
1986-05-01;4.45;5;4.45
1986-05-02;4.04;5;4.04
1986-05-03;3.99;5;3.99
1986-05-04;4.65;5;4.65
1986-05-05;5.58;5;5.58
1986-05-06;4.01;5;4.01
1986-05-07;3.95;5;3.95
1986-05-08;16.23;5;16.23
1986-05-09;7.14;5;7.14
1986-05-10;5.17;5;5.17
1986-05-11;4.53;5;4.53
1986-05-12;4.45;5;4.45
1986-05-13;4.07;5;4.07
1986-05-14;3.81;5;3.81
1986-05-15;3.62;5;3.62
1986-05-16;3.48;5;3.48
1986-05-17;3.39;5;3.39
1986-05-18;3.41;5;3.41
1986-05-19;3.15;5;3.15
1986-05-20;3.04;5;3.04
1986-05-21;2.93;5;2.93
1986-05-22;5.66;5;5.66
1986-05-23;8.08;5;8.08
1986-05-24;4.31;5;4.31
1986-05-25;3.76;5;3.76
1986-05-26;4.6;5;4.6
1986-05-27;4.62;5;4.62
1986-05-28;4.26;5;4.26
1986-05-29;3.75;5;3.75
1986-05-30;3.46;5;3.46
1986-05-31;3.44;5;3.44
1986-06-01;3.63;6;3.63
1986-06-02;3.31;6;3.31
1986-06-03;3.15;6;3.15
1986-06-04;4.06;6;4.06
1986-06-05;3.32;6;3.32
1986-06-06;3.1;6;3.1
1986-06-07;2.97;6;2.97
1986-06-08;2.84;6;2.84
1986-06-09;3.85;6;3.85
1986-06-10;3.73;6;3.73
1986-06-11;2.99;6;2.99
1986-06-12;2.72;6;2.72
1986-06-13;2.88;6;2.88
1986-06-14;2.55;6;2.55
1986-06-15;2.44;6;2.44
1986-06-16;2.28;6;2.28
1986-06-17;2.18;6;2.18
1986-06-18;2.1;6;2.1
1986-06-19;2.04;6;2.04
1986-06-20;2.0;6;2.0
1986-06-21;1.97;6;1.97
1986-06-22;1.93;6;1.93
1986-06-23;1.93;6;1.93
1986-06-24;1.9;6;1.9
1986-06-25;1.85;6;1.85
1986-06-26;1.78;6;1.78
1986-06-27;1.71;6;1.71
1986-06-28;1.69;6;1.69
1986-06-29;4.14;6;4.14
1986-06-30;7.39;6;7.39
1986-07-01;3.04;7;3.04
1986-07-02;2.29;7;2.29
1986-07-03;2.45;7;2.45
1986-07-04;2.41;7;2.41
1986-07-05;1.99;7;1.99
1986-07-06;1.94;7;1.94
1986-07-07;1.9;7;1.9
1986-07-08;1.86;7;1.86
1986-07-09;1.78;7;1.78
1986-07-10;1.72;7;1.72
1986-07-11;1.67;7;1.67
1986-07-12;1.64;7;1.64
1986-07-13;1.63;7;1.63
1986-07-14;1.57;7;1.57
1986-07-15;1.57;7;1.57
1986-07-16;1.52;7;1.52
1986-07-17;1.55;7;1.55
1986-07-18;1.52;7;1.52
1986-07-19;1.42;7;1.42
1986-07-20;1.35;7;1.35
1986-07-21;1.32;7;1.32
1986-07-22;1.31;7;1.31
1986-07-23;1.28;7;1.28
1986-07-24;1.21;7;1.21
1986-07-25;1.2;7;1.2
1986-07-26;1.18;7;1.18
1986-07-27;1.17;7;1.17
1986-07-28;1.16;7;1.16
1986-07-29;1.17;7;1.17
1986-07-30;1.17;7;1.17
1986-07-31;1.18;7;1.18
1986-08-01;1.14;8;1.14
1986-08-02;1.11;8;1.11
1986-08-03;1.06;8;1.06
1986-08-04;1.04;8;1.04
1986-08-05;1.07;8;1.07
1986-08-06;1.03;8;1.03
1986-08-07;0.98;8;0.98
1986-08-08;0.95;8;0.95
1986-08-09;0.93;8;0.93
1986-08-10;0.9;8;0.9
1986-08-11;0.9;8;0.9
1986-08-12;0.92;8;0.92
1986-08-13;0.99;8;0.99
1986-08-14;0.98;8;0.98
1986-08-15;0.93;8;0.93
1986-08-16;0.91;8;0.91
1986-08-17;1.17;8;1.17
1986-08-18;1.4;8;1.4
1986-08-19;1.44;8;1.44
1986-08-20;1.0;8;1.0
1986-08-21;0.92;8;0.92
1986-08-22;0.89;8;0.89
1986-08-23;0.83;8;0.83
1986-08-24;0.81;8;0.81
1986-08-25;1.16;8;1.16
1986-08-26;1.01;8;1.01
1986-08-27;0.84;8;0.84
1986-08-28;0.81;8;0.81
1986-08-29;1.21;8;1.21
1986-08-30;1.18;8;1.18
1986-08-31;0.92;8;0.92
1986-09-01;0.83;9;0.83
1986-09-02;0.79;9;0.79
1986-09-03;0.77;9;0.77
1986-09-04;1.13;9;1.13
1986-09-05;1.0;9;1.0
1986-09-06;1.05;9;1.05
1986-09-07;1.07;9;1.07
1986-09-08;0.76;9;0.76
1986-09-09;0.71;9;0.71
1986-09-10;0.68;9;0.68
1986-09-11;0.67;9;0.67
1986-09-12;0.63;9;0.63
1986-09-13;0.6;9;0.6
1986-09-14;0.61;9;0.61
1986-09-15;0.56;9;0.56
1986-09-16;0.53;9;0.53
1986-09-17;0.52;9;0.52
1986-09-18;0.5;9;0.5
1986-09-19;0.49;9;0.49
1986-09-20;0.48;9;0.48
1986-09-21;0.47;9;0.47
1986-09-22;0.54;9;0.54
1986-09-23;3.03;9;3.03
1986-09-24;3.03;9;3.03
1986-09-25;1.36;9;1.36
1986-09-26;1.18;9;1.18
1986-09-27;4.53;9;4.53
1986-09-28;3.57;9;3.57
1986-09-29;1.82;9;1.82
1986-09-30;1.28;9;1.28
1986-10-01;1.15;10;1.15
1986-10-02;4.27;10;4.27
1986-10-03;2.95;10;2.95
1986-10-04;2.02;10;2.02
1986-10-05;2.62;10;2.62
1986-10-06;6.07;10;6.07
1986-10-07;3.56;10;3.56
1986-10-08;5.7;10;5.7
1986-10-09;14.85;10;14.85
1986-10-10;10.43;10;10.43
1986-10-11;5.72;10;5.72
1986-10-12;4.46;10;4.46
1986-10-13;4.1;10;4.1
1986-10-14;6.44;10;6.44
1986-10-15;5.67;10;5.67
1986-10-16;7.19;10;7.19
1986-10-17;5.89;10;5.89
1986-10-18;5.3;10;5.3
1986-10-19;6.12;10;6.12
1986-10-20;7.18;10;7.18
1986-10-21;8.24;10;8.24
1986-10-22;7.5;10;7.5
1986-10-23;7.3;10;7.3
1986-10-24;7.88;10;7.88
1986-10-25;6.56;10;6.56
1986-10-26;6.8;10;6.8
1986-10-27;8.2;10;8.2
1986-10-28;8.28;10;8.28
1986-10-29;8.77;10;8.77
1986-10-30;4.87;10;4.87
1986-10-31;4.94;10;4.94
1986-11-01;5.63;11;5.63
1986-11-02;5.15;11;5.15
1986-11-03;5.77;11;5.77
1986-11-04;7.34;11;7.34
1986-11-05;6.95;11;6.95
1986-11-06;6.28;11;6.28
1986-11-07;5.39;11;5.39
1986-11-08;7.13;11;7.13
1986-11-09;14.47;11;14.47
1986-11-10;8.21;11;8.21
1986-11-11;6.01;11;6.01
1986-11-12;5.33;11;5.33
1986-11-13;4.9;11;4.9
1986-11-14;4.44;11;4.44
1986-11-15;5.15;11;5.15
1986-11-16;4.26;11;4.26
1986-11-17;4.12;11;4.12
1986-11-18;3.99;11;3.99
1986-11-19;3.68;11;3.68
1986-11-20;3.67;11;3.67
1986-11-21;10.12;11;10.12
1986-11-22;5.92;11;5.92
1986-11-23;7.48;11;7.48
1986-11-24;7.34;11;7.34
1986-11-25;5.34;11;5.34
1986-11-26;4.76;11;4.76
1986-11-27;9.8;11;9.8
1986-11-28;8.09;11;8.09
1986-11-29;6.33;11;6.33
1986-11-30;5.71;11;5.71
1986-12-01;5.17;12;5.17
1986-12-02;4.79;12;4.79
1986-12-03;4.55;12;4.55
1986-12-04;4.29;12;4.29
1986-12-05;4.85;12;4.85
1986-12-06;4.08;12;4.08
1986-12-07;3.82;12;3.82
1986-12-08;3.66;12;3.66
1986-12-09;3.6;12;3.6
1986-12-10;3.37;12;3.37
1986-12-11;3.18;12;3.18
1986-12-12;3.07;12;3.07
1986-12-13;3.58;12;3.58
1986-12-14;3.15;12;3.15
1986-12-15;3.23;12;3.23
1986-12-16;2.95;12;2.95
1986-12-17;2.71;12;2.71
1986-12-18;2.6;12;2.6
1986-12-19;2.48;12;2.48
1986-12-20;2.38;12;2.38
1986-12-21;2.23;12;2.23
1986-12-22;2.19;12;2.19
1986-12-23;2.78;12;2.78
1986-12-24;3.35;12;3.35
1986-12-25;2.39;12;2.39
1986-12-26;2.11;12;2.11
1986-12-27;3.57;12;3.57
1986-12-28;2.83;12;2.83
1986-12-29;2.33;12;2.33
1986-12-30;2.1;12;2.1
1986-12-31;4.31;12;4.31
1987-01-01;5.49;1;5.49
1987-01-02;2.9;1;2.9
1987-01-03;2.48;1;2.48
1987-01-04;3.22;1;3.22
1987-01-05;3.3;1;3.3
1987-01-06;2.47;1;2.47
1987-01-07;3.16;1;3.16
1987-01-08;4.67;1;4.67
1987-01-09;3.56;1;3.56
1987-01-10;2.86;1;2.86
1987-01-11;2.6;1;2.6
1987-01-12;2.54;1;2.54
1987-01-13;2.28;1;2.28
1987-01-14;2.14;1;2.14
1987-01-15;2.08;1;2.08
1987-01-16;2.03;1;2.03
1987-01-17;1.97;1;1.97
1987-01-18;1.96;1;1.96
1987-01-19;1.94;1;1.94
1987-01-20;1.87;1;1.87
1987-01-21;2.4;1;2.4
1987-01-22;2.21;1;2.21
1987-01-23;2.32;1;2.32
1987-01-24;1.89;1;1.89
1987-01-25;1.72;1;1.72
1987-01-26;1.62;1;1.62
1987-01-27;1.51;1;1.51
1987-01-28;1.48;1;1.48
1987-01-29;1.41;1;1.41
1987-01-30;1.34;1;1.34
1987-01-31;1.4;1;1.4
1987-02-01;1.62;2;1.62
1987-02-02;1.38;2;1.38
1987-02-03;1.33;2;1.33
1987-02-04;1.29;2;1.29
1987-02-05;1.32;2;1.32
1987-02-06;1.43;2;1.43
1987-02-07;1.34;2;1.34
1987-02-08;1.94;2;1.94
1987-02-09;1.34;2;1.34
1987-02-10;1.25;2;1.25
1987-02-11;1.24;2;1.24
1987-02-12;2.13;2;2.13
1987-02-13;3.27;2;3.27
1987-02-14;3.94;2;3.94
1987-02-15;2.24;2;2.24
1987-02-16;1.67;2;1.67
1987-02-17;1.51;2;1.51
1987-02-18;1.38;2;1.38
1987-02-19;1.35;2;1.35
1987-02-20;1.28;2;1.28
1987-02-21;1.25;2;1.25
1987-02-22;1.2;2;1.2
1987-02-23;1.14;2;1.14
1987-02-24;1.08;2;1.08
1987-02-25;0.99;2;0.99
1987-02-26;0.97;2;0.97
1987-02-27;1.0;2;1.0
1987-02-28;0.99;2;0.99
1987-03-01;0.97;3;0.97
1987-03-02;0.91;3;0.91
1987-03-03;0.83;3;0.83
1987-03-04;0.98;3;0.98
1987-03-05;1.06;3;1.06
1987-03-06;1.41;3;1.41
1987-03-07;1.11;3;1.11
1987-03-08;1.62;3;1.62
1987-03-09;1.6;3;1.6
1987-03-10;1.21;3;1.21
1987-03-11;1.1;3;1.1
1987-03-12;1.63;3;1.63
1987-03-13;2.65;3;2.65
1987-03-14;6.38;3;6.38
1987-03-15;2.42;3;2.42
1987-03-16;1.84;3;1.84
1987-03-17;1.56;3;1.56
1987-03-18;1.62;3;1.62
1987-03-19;1.44;3;1.44
1987-03-20;1.23;3;1.23
1987-03-21;1.21;3;1.21
1987-03-22;1.17;3;1.17
1987-03-23;1.1;3;1.1
1987-03-24;1.06;3;1.06
1987-03-25;1.02;3;1.02
1987-03-26;1.12;3;1.12
1987-03-27;1.98;3;1.98
1987-03-28;1.65;3;1.65
1987-03-29;1.15;3;1.15
1987-03-30;1.06;3;1.06
1987-03-31;1.02;3;1.02
1987-04-01;1.4;4;1.4
1987-04-02;2.43;4;2.43
1987-04-03;2.87;4;2.87
1987-04-04;2.08;4;2.08
1987-04-05;2.25;4;2.25
1987-04-06;1.66;4;1.66
1987-04-07;1.47;4;1.47
1987-04-08;1.66;4;1.66
1987-04-09;1.76;4;1.76
1987-04-10;1.41;4;1.41
1987-04-11;1.35;4;1.35
1987-04-12;1.29;4;1.29
1987-04-13;1.33;4;1.33
1987-04-14;1.26;4;1.26
1987-04-15;1.13;4;1.13
1987-04-16;1.08;4;1.08
1987-04-17;0.99;4;0.99
1987-04-18;0.96;4;0.96
1987-04-19;0.93;4;0.93
1987-04-20;0.9;4;0.9
1987-04-21;0.83;4;0.83
1987-04-22;1.04;4;1.04
1987-04-23;1.41;4;1.41
1987-04-24;1.25;4;1.25
1987-04-25;1.55;4;1.55
1987-04-26;1.17;4;1.17
1987-04-27;1.5;4;1.5
1987-04-28;1.84;4;1.84
1987-04-29;2.52;4;2.52
1987-04-30;4.82;4;4.82
1987-05-01;2.33;5;2.33
1987-05-02;1.73;5;1.73
1987-05-03;1.69;5;1.69
1987-05-04;5.63;5;5.63
1987-05-05;3.22;5;3.22
1987-05-06;10.42;5;10.42
1987-05-07;8.81;5;8.81
1987-05-08;5.2;5;5.2
1987-05-09;3.92;5;3.92
1987-05-10;3.35;5;3.35
1987-05-11;2.98;5;2.98
1987-05-12;2.64;5;2.64
1987-05-13;2.52;5;2.52
1987-05-14;2.54;5;2.54
1987-05-15;2.49;5;2.49
1987-05-16;3.47;5;3.47
1987-05-17;3.37;5;3.37
1987-05-18;2.32;5;2.32
1987-05-19;2.12;5;2.12
1987-05-20;2.09;5;2.09
1987-05-21;3.19;5;3.19
1987-05-22;4.31;5;4.31
1987-05-23;18.6;5;18.6
1987-05-24;13.75;5;13.75
1987-05-25;7.84;5;7.84
1987-05-26;5.3;5;5.3
1987-05-27;4.9;5;4.9
1987-05-28;4.12;5;4.12
1987-05-29;3.15;5;3.15
1987-05-30;2.98;5;2.98
1987-05-31;2.97;5;2.97
1987-06-01;3.17;6;3.17
1987-06-02;2.8;6;2.8
1987-06-03;2.5;6;2.5
1987-06-04;3.27;6;3.27
1987-06-05;5.1;6;5.1
1987-06-06;3.74;6;3.74
1987-06-07;2.94;6;2.94
1987-06-08;2.28;6;2.28
1987-06-09;2.41;6;2.41
1987-06-10;2.22;6;2.22
1987-06-11;2.09;6;2.09
1987-06-12;2.0;6;2.0
1987-06-13;1.93;6;1.93
1987-06-14;1.9;6;1.9
1987-06-15;1.85;6;1.85
1987-06-16;1.78;6;1.78
1987-06-17;1.7;6;1.7
1987-06-18;1.65;6;1.65
1987-06-19;1.58;6;1.58
1987-06-20;1.51;6;1.51
1987-06-21;1.47;6;1.47
1987-06-22;1.4;6;1.4
1987-06-23;1.36;6;1.36
1987-06-24;1.43;6;1.43
1987-06-25;1.48;6;1.48
1987-06-26;1.33;6;1.33
1987-06-27;1.28;6;1.28
1987-06-28;1.2;6;1.2
1987-06-29;1.18;6;1.18
1987-06-30;1.16;6;1.16
1987-07-01;1.14;7;1.14
1987-07-02;1.16;7;1.16
1987-07-03;1.08;7;1.08
1987-07-04;1.25;7;1.25
1987-07-05;1.2;7;1.2
1987-07-06;1.16;7;1.16
1987-07-07;1.05;7;1.05
1987-07-08;1.02;7;1.02
1987-07-09;1.0;7;1.0
1987-07-10;0.99;7;0.99
1987-07-11;0.98;7;0.98
1987-07-12;0.94;7;0.94
1987-07-13;0.92;7;0.92
1987-07-14;0.87;7;0.87
1987-07-15;0.88;7;0.88
1987-07-16;0.86;7;0.86
1987-07-17;0.96;7;0.96
1987-07-18;2.0;7;2.0
1987-07-19;1.06;7;1.06
1987-07-20;0.91;7;0.91
1987-07-21;0.86;7;0.86
1987-07-22;0.82;7;0.82
1987-07-23;0.82;7;0.82
1987-07-24;0.81;7;0.81
1987-07-25;1.97;7;1.97
1987-07-26;1.1;7;1.1
1987-07-27;0.91;7;0.91
1987-07-28;0.89;7;0.89
1987-07-29;0.88;7;0.88
1987-07-30;1.04;7;1.04
1987-07-31;1.98;7;1.98
1987-08-01;2.75;8;2.75
1987-08-02;2.69;8;2.69
1987-08-03;1.66;8;1.66
1987-08-04;1.33;8;1.33
1987-08-05;1.14;8;1.14
1987-08-06;1.05;8;1.05
1987-08-07;0.99;8;0.99
1987-08-08;0.94;8;0.94
1987-08-09;1.3;8;1.3
1987-08-10;0.98;8;0.98
1987-08-11;0.93;8;0.93
1987-08-12;0.94;8;0.94
1987-08-13;1.0;8;1.0
1987-08-14;0.92;8;0.92
1987-08-15;0.86;8;0.86
1987-08-16;0.81;8;0.81
1987-08-17;0.79;8;0.79
1987-08-18;0.78;8;0.78
1987-08-19;0.76;8;0.76
1987-08-20;0.72;8;0.72
1987-08-21;0.7;8;0.7
1987-08-22;0.7;8;0.7
1987-08-23;0.7;8;0.7
1987-08-24;0.65;8;0.65
1987-08-25;0.62;8;0.62
1987-08-26;0.6;8;0.6
1987-08-27;0.6;8;0.6
1987-08-28;0.6;8;0.6
1987-08-29;0.59;8;0.59
1987-08-30;0.56;8;0.56
1987-08-31;0.86;8;0.86
1987-09-01;0.71;9;0.71
1987-09-02;0.68;9;0.68
1987-09-03;0.61;9;0.61
1987-09-04;0.8;9;0.8
1987-09-05;0.69;9;0.69
1987-09-06;0.65;9;0.65
1987-09-07;0.59;9;0.59
1987-09-08;0.61;9;0.61
1987-09-09;0.86;9;0.86
1987-09-10;0.59;9;0.59
1987-09-11;0.56;9;0.56
1987-09-12;0.52;9;0.52
1987-09-13;0.52;9;0.52
1987-09-14;0.54;9;0.54
1987-09-15;0.73;9;0.73
1987-09-16;0.55;9;0.55
1987-09-17;0.52;9;0.52
1987-09-18;0.5;9;0.5
1987-09-19;0.48;9;0.48
1987-09-20;0.57;9;0.57
1987-09-21;1.04;9;1.04
1987-09-22;0.72;9;0.72
1987-09-23;0.68;9;0.68
1987-09-24;1.07;9;1.07
1987-09-25;0.8;9;0.8
1987-09-26;0.72;9;0.72
1987-09-27;0.69;9;0.69
1987-09-28;0.77;9;0.77
1987-09-29;1.34;9;1.34
1987-09-30;2.74;9;2.74
1987-10-01;1.54;10;1.54
1987-10-02;3.61;10;3.61
1987-10-03;2.31;10;2.31
1987-10-04;2.03;10;2.03
1987-10-05;1.43;10;1.43
1987-10-06;1.15;10;1.15
1987-10-07;1.0;10;1.0
1987-10-08;1.88;10;1.88
1987-10-09;2.53;10;2.53
1987-10-10;1.77;10;1.77
1987-10-11;1.46;10;1.46
1987-10-12;1.29;10;1.29
1987-10-13;2.42;10;2.42
1987-10-14;1.69;10;1.69
1987-10-15;1.48;10;1.48
1987-10-16;1.62;10;1.62
1987-10-17;3.86;10;3.86
1987-10-18;2.55;10;2.55
1987-10-19;2.33;10;2.33
1987-10-20;4.55;10;4.55
1987-10-21;5.09;10;5.09
1987-10-22;3.39;10;3.39
1987-10-23;2.68;10;2.68
1987-10-24;3.08;10;3.08
1987-10-25;3.74;10;3.74
1987-10-26;5.63;10;5.63
1987-10-27;4.56;10;4.56
1987-10-28;6.65;10;6.65
1987-10-29;5.0;10;5.0
1987-10-30;4.98;10;4.98
1987-10-31;4.34;10;4.34
1987-11-01;4.29;11;4.29
1987-11-02;3.53;11;3.53
1987-11-03;3.16;11;3.16
1987-11-04;3.89;11;3.89
1987-11-05;3.03;11;3.03
1987-11-06;2.83;11;2.83
1987-11-07;2.67;11;2.67
1987-11-08;2.54;11;2.54
1987-11-09;2.31;11;2.31
1987-11-10;2.17;11;2.17
1987-11-11;2.05;11;2.05
1987-11-12;1.97;11;1.97
1987-11-13;2.89;11;2.89
1987-11-14;4.01;11;4.01
1987-11-15;5.34;11;5.34
1987-11-16;6.62;11;6.62
1987-11-17;3.35;11;3.35
1987-11-18;4.3;11;4.3
1987-11-19;4.54;11;4.54
1987-11-20;4.01;11;4.01
1987-11-21;4.87;11;4.87
1987-11-22;3.55;11;3.55
1987-11-23;3.1;11;3.1
1987-11-24;2.97;11;2.97
1987-11-25;2.91;11;2.91
1987-11-26;2.69;11;2.69
1987-11-27;2.61;11;2.61
1987-11-28;2.36;11;2.36
1987-11-29;2.14;11;2.14
1987-11-30;2.91;11;2.91
1987-12-01;3.78;12;3.78
1987-12-02;3.31;12;3.31
1987-12-03;4.66;12;4.66
1987-12-04;9.57;12;9.57
1987-12-05;8.95;12;8.95
1987-12-06;5.44;12;5.44
1987-12-07;4.8;12;4.8
1987-12-08;4.14;12;4.14
1987-12-09;4.15;12;4.15
1987-12-10;3.62;12;3.62
1987-12-11;3.25;12;3.25
1987-12-12;3.19;12;3.19
1987-12-13;3.06;12;3.06
1987-12-14;2.9;12;2.9
1987-12-15;2.76;12;2.76
1987-12-16;2.59;12;2.59
1987-12-17;2.5;12;2.5
1987-12-18;2.37;12;2.37
1987-12-19;2.22;12;2.22
1987-12-20;2.15;12;2.15
1987-12-21;2.04;12;2.04
1987-12-22;1.97;12;1.97
1987-12-23;1.94;12;1.94
1987-12-24;1.83;12;1.83
1987-12-25;1.8;12;1.8
1987-12-26;1.74;12;1.74
1987-12-27;1.67;12;1.67
1987-12-28;1.99;12;1.99
1987-12-29;2.25;12;2.25
1987-12-30;2.07;12;2.07
1987-12-31;1.73;12;1.73
1988-01-01;2.15;1;2.15
1988-01-02;1.96;1;1.96
1988-01-03;1.92;1;1.92
1988-01-04;1.85;1;1.85
1988-01-05;1.74;1;1.74
1988-01-06;2.26;1;2.26
1988-01-07;2.38;1;2.38
1988-01-08;2.12;1;2.12
1988-01-09;1.79;1;1.79
1988-01-10;1.72;1;1.72
1988-01-11;1.73;1;1.73
1988-01-12;1.67;1;1.67
1988-01-13;1.57;1;1.57
1988-01-14;1.88;1;1.88
1988-01-15;1.89;1;1.89
1988-01-16;1.85;1;1.85
1988-01-17;2.26;1;2.26
1988-01-18;2.21;1;2.21
1988-01-19;1.67;1;1.67
1988-01-20;1.59;1;1.59
1988-01-21;1.53;1;1.53
1988-01-22;1.53;1;1.53
1988-01-23;1.51;1;1.51
1988-01-24;1.45;1;1.45
1988-01-25;1.4;1;1.4
1988-01-26;1.36;1;1.36
1988-01-27;1.32;1;1.32
1988-01-28;1.28;1;1.28
1988-01-29;1.3;1;1.3
1988-01-30;1.34;1;1.34
1988-01-31;1.32;1;1.32
1988-02-01;1.3;2;1.3
1988-02-02;1.29;2;1.29
1988-02-03;1.59;2;1.59
1988-02-04;1.44;2;1.44
1988-02-05;1.62;2;1.62
1988-02-06;1.36;2;1.36
1988-02-07;1.24;2;1.24
1988-02-08;1.19;2;1.19
1988-02-09;1.21;2;1.21
1988-02-10;1.21;2;1.21
1988-02-11;1.15;2;1.15
1988-02-12;1.58;2;1.58
1988-02-13;1.23;2;1.23
1988-02-14;1.75;2;1.75
1988-02-15;1.47;2;1.47
1988-02-16;1.3;2;1.3
1988-02-17;1.2;2;1.2
1988-02-18;1.18;2;1.18
1988-02-19;1.12;2;1.12
1988-02-20;1.12;2;1.12
1988-02-21;1.08;2;1.08
1988-02-22;1.06;2;1.06
1988-02-23;1.11;2;1.11
1988-02-24;1.13;2;1.13
1988-02-25;1.53;2;1.53
1988-02-26;1.82;2;1.82
1988-02-27;2.41;2;2.41
1988-02-28;1.49;2;1.49
1988-02-29;1.24;2;1.24
1988-03-01;1.14;3;1.14
1988-03-02;1.08;3;1.08
1988-03-03;1.03;3;1.03
1988-03-04;0.98;3;0.98
1988-03-05;0.91;3;0.91
1988-03-06;0.86;3;0.86
1988-03-07;0.84;3;0.84
1988-03-08;1.17;3;1.17
1988-03-09;2.16;3;2.16
1988-03-10;1.54;3;1.54
1988-03-11;1.2;3;1.2
1988-03-12;1.06;3;1.06
1988-03-13;1.03;3;1.03
1988-03-14;0.95;3;0.95
1988-03-15;0.89;3;0.89
1988-03-16;0.84;3;0.84
1988-03-17;0.84;3;0.84
1988-03-18;0.84;3;0.84
1988-03-19;0.79;3;0.79
1988-03-20;0.76;3;0.76
1988-03-21;0.72;3;0.72
1988-03-22;0.75;3;0.75
1988-03-23;0.74;3;0.74
1988-03-24;0.69;3;0.69
1988-03-25;0.63;3;0.63
1988-03-26;0.63;3;0.63
1988-03-27;0.69;3;0.69
1988-03-28;0.64;3;0.64
1988-03-29;0.6;3;0.6
1988-03-30;0.55;3;0.55
1988-03-31;0.54;3;0.54
1988-04-01;1.48;4;1.48
1988-04-02;0.78;4;0.78
1988-04-03;0.89;4;0.89
1988-04-04;1.54;4;1.54
1988-04-05;0.84;4;0.84
1988-04-06;2.02;4;2.02
1988-04-07;1.17;4;1.17
1988-04-08;0.83;4;0.83
1988-04-09;0.73;4;0.73
1988-04-10;3.24;4;3.24
1988-04-11;1.62;4;1.62
1988-04-12;1.79;4;1.79
1988-04-13;4.81;4;4.81
1988-04-14;2.75;4;2.75
1988-04-15;2.88;4;2.88
1988-04-16;2.31;4;2.31
1988-04-17;1.9;4;1.9
1988-04-18;1.83;4;1.83
1988-04-19;2.08;4;2.08
1988-04-20;1.8;4;1.8
1988-04-21;2.72;4;2.72
1988-04-22;4.29;4;4.29
1988-04-23;12.74;4;12.74
1988-04-24;5.45;4;5.45
1988-04-25;3.76;4;3.76
1988-04-26;3.57;4;3.57
1988-04-27;3.44;4;3.44
1988-04-28;2.95;4;2.95
1988-04-29;2.68;4;2.68
1988-04-30;2.74;4;2.74
1988-05-01;3.89;5;3.89
1988-05-02;3.14;5;3.14
1988-05-03;2.63;5;2.63
1988-05-04;2.87;5;2.87
1988-05-05;2.57;5;2.57
1988-05-06;2.36;5;2.36
1988-05-07;2.89;5;2.89
1988-05-08;2.41;5;2.41
1988-05-09;2.19;5;2.19
1988-05-10;2.05;5;2.05
1988-05-11;2.66;5;2.66
1988-05-12;2.06;5;2.06
1988-05-13;1.95;5;1.95
1988-05-14;1.99;5;1.99
1988-05-15;1.98;5;1.98
1988-05-16;1.95;5;1.95
1988-05-17;1.86;5;1.86
1988-05-18;2.29;5;2.29
1988-05-19;1.94;5;1.94
1988-05-20;2.18;5;2.18
1988-05-21;1.87;5;1.87
1988-05-22;1.75;5;1.75
1988-05-23;1.62;5;1.62
1988-05-24;1.53;5;1.53
1988-05-25;1.49;5;1.49
1988-05-26;2.48;5;2.48
1988-05-27;2.77;5;2.77
1988-05-28;4.15;5;4.15
1988-05-29;2.84;5;2.84
1988-05-30;2.8;5;2.8
1988-05-31;2.43;5;2.43
1988-06-01;2.32;6;2.32
1988-06-02;2.29;6;2.29
1988-06-03;2.15;6;2.15
1988-06-04;2.07;6;2.07
1988-06-05;2.0;6;2.0
1988-06-06;1.99;6;1.99
1988-06-07;1.85;6;1.85
1988-06-08;1.76;6;1.76
1988-06-09;1.76;6;1.76
1988-06-10;1.72;6;1.72
1988-06-11;1.6;6;1.6
1988-06-12;1.58;6;1.58
1988-06-13;1.54;6;1.54
1988-06-14;1.47;6;1.47
1988-06-15;2.04;6;2.04
1988-06-16;3.39;6;3.39
1988-06-17;3.8;6;3.8
1988-06-18;9.39;6;9.39
1988-06-19;5.18;6;5.18
1988-06-20;3.34;6;3.34
1988-06-21;2.65;6;2.65
1988-06-22;3.36;6;3.36
1988-06-23;3.65;6;3.65
1988-06-24;2.78;6;2.78
1988-06-25;3.51;6;3.51
1988-06-26;3.11;6;3.11
1988-06-27;2.73;6;2.73
1988-06-28;3.33;6;3.33
1988-06-29;8.27;6;8.27
1988-06-30;4.64;6;4.64
1988-07-01;4.56;7;4.56
1988-07-02;5.12;7;5.12
1988-07-03;5.6;7;5.6
1988-07-04;7.67;7;7.67
1988-07-05;7.42;7;7.42
1988-07-06;13.61;7;13.61
1988-07-07;9.16;7;9.16
1988-07-08;9.09;7;9.09
1988-07-09;7.37;7;7.37
1988-07-10;13.39;7;13.39
1988-07-11;5.6;7;5.6
1988-07-12;5.16;7;5.16
1988-07-13;4.8;7;4.8
1988-07-14;4.38;7;4.38
1988-07-15;4.14;7;4.14
1988-07-16;3.97;7;3.97
1988-07-17;3.84;7;3.84
1988-07-18;3.68;7;3.68
1988-07-19;3.45;7;3.45
1988-07-20;3.33;7;3.33
1988-07-21;3.18;7;3.18
1988-07-22;3.13;7;3.13
1988-07-23;2.7;7;2.7
1988-07-24;3.0;7;3.0
1988-07-25;2.87;7;2.87
1988-07-26;2.89;7;2.89
1988-07-27;3.03;7;3.03
1988-07-28;2.58;7;2.58
1988-07-29;2.35;7;2.35
1988-07-30;2.19;7;2.19
1988-07-31;2.48;7;2.48
1988-08-01;2.16;8;2.16
1988-08-02;3.8;8;3.8
1988-08-03;3.1;8;3.1
1988-08-04;2.9;8;2.9
1988-08-05;2.8;8;2.8
1988-08-06;1.83;8;1.83
1988-08-07;1.83;8;1.83
1988-08-08;2.05;8;2.05
1988-08-09;2.88;8;2.88
1988-08-10;2.07;8;2.07
1988-08-11;1.93;8;1.93
1988-08-12;1.82;8;1.82
1988-08-13;1.76;8;1.76
1988-08-14;2.71;8;2.71
1988-08-15;2.85;8;2.85
1988-08-16;3.79;8;3.79
1988-08-17;2.21;8;2.21
1988-08-18;1.98;8;1.98
1988-08-19;3.3;8;3.3
1988-08-20;3.81;8;3.81
1988-08-21;2.31;8;2.31
1988-08-22;2.39;8;2.39
1988-08-23;1.94;8;1.94
1988-08-24;2.72;8;2.72
1988-08-25;3.21;8;3.21
1988-08-26;2.31;8;2.31
1988-08-27;2.31;8;2.31
1988-08-28;2.11;8;2.11
1988-08-29;1.89;8;1.89
1988-08-30;2.3;8;2.3
1988-08-31;4.27;8;4.27
1988-09-01;2.84;9;2.84
1988-09-02;2.34;9;2.34
1988-09-03;2.14;9;2.14
1988-09-04;2.23;9;2.23
1988-09-05;2.45;9;2.45
1988-09-06;2.63;9;2.63
1988-09-07;2.12;9;2.12
1988-09-08;1.97;9;1.97
1988-09-09;1.89;9;1.89
1988-09-10;1.86;9;1.86
1988-09-11;5.54;9;5.54
1988-09-12;5.96;9;5.96
1988-09-13;6.08;9;6.08
1988-09-14;6.06;9;6.06
1988-09-15;4.95;9;4.95
1988-09-16;4.11;9;4.11
1988-09-17;3.56;9;3.56
1988-09-18;3.56;9;3.56
1988-09-19;3.45;9;3.45
1988-09-20;3.13;9;3.13
1988-09-21;5.65;9;5.65
1988-09-22;3.65;9;3.65
1988-09-23;3.1;9;3.1
1988-09-24;3.24;9;3.24
1988-09-25;4.81;9;4.81
1988-09-26;3.15;9;3.15
1988-09-27;3.05;9;3.05
1988-09-28;2.9;9;2.9
1988-09-29;2.77;9;2.77
1988-09-30;2.86;9;2.86
1988-10-01;2.93;10;2.93
1988-10-02;3.32;10;3.32
1988-10-03;3.88;10;3.88
1988-10-04;3.21;10;3.21
1988-10-05;3.22;10;3.22
1988-10-06;2.72;10;2.72
1988-10-07;2.67;10;2.67
1988-10-08;2.59;10;2.59
1988-10-09;2.48;10;2.48
1988-10-10;2.35;10;2.35
1988-10-11;2.14;10;2.14
1988-10-12;3.17;10;3.17
1988-10-13;2.83;10;2.83
1988-10-14;2.87;10;2.87
1988-10-15;3.57;10;3.57
1988-10-16;3.24;10;3.24
1988-10-17;3.82;10;3.82
1988-10-18;5.63;10;5.63
1988-10-19;3.87;10;3.87
1988-10-20;3.34;10;3.34
1988-10-21;3.11;10;3.11
1988-10-22;2.94;10;2.94
1988-10-23;2.86;10;2.86
1988-10-24;2.72;10;2.72
1988-10-25;2.79;10;2.79
1988-10-26;3.36;10;3.36
1988-10-27;3.5;10;3.5
1988-10-28;3.56;10;3.56
1988-10-29;2.97;10;2.97
1988-10-30;2.78;10;2.78
1988-10-31;2.71;10;2.71
1988-11-01;5.36;11;5.36
1988-11-02;4.29;11;4.29
1988-11-03;5.48;11;5.48
1988-11-04;3.84;11;3.84
1988-11-05;4.84;11;4.84
1988-11-06;7.62;11;7.62
1988-11-07;10.56;11;10.56
1988-11-08;11.62;11;11.62
1988-11-09;7.31;11;7.31
1988-11-10;10.15;11;10.15
1988-11-11;11.97;11;11.97
1988-11-12;17.33;11;17.33
1988-11-13;15.74;11;15.74
1988-11-14;14.1;11;14.1
1988-11-15;19.39;11;19.39
1988-11-16;19.24;11;19.24
1988-11-17;17.66;11;17.66
1988-11-18;15.71;11;15.71
1988-11-19;12.81;11;12.81
1988-11-20;14.71;11;14.71
1988-11-21;13.08;11;13.08
1988-11-22;13.29;11;13.29
1988-11-23;14.65;11;14.65
1988-11-24;11.08;11;11.08
1988-11-25;9.79;11;9.79
1988-11-26;16.14;11;16.14
1988-11-27;10.47;11;10.47
1988-11-28;10.14;11;10.14
1988-11-29;13.73;11;13.73
1988-11-30;20.09;11;20.09
1988-12-01;17.62;12;17.62
1988-12-02;16.05;12;16.05
1988-12-03;14.65;12;14.65
1988-12-04;14.28;12;14.28
1988-12-05;12.94;12;12.94
1988-12-06;10.86;12;10.86
1988-12-07;12.82;12;12.82
1988-12-08;14.33;12;14.33
1988-12-09;10.57;12;10.57
1988-12-10;9.21;12;9.21
1988-12-11;8.42;12;8.42
1988-12-12;7.95;12;7.95
1988-12-13;7.91;12;7.91
1988-12-14;8.75;12;8.75
1988-12-15;6.96;12;6.96
1988-12-16;6.3;12;6.3
1988-12-17;7.03;12;7.03
1988-12-18;5.87;12;5.87
1988-12-19;5.61;12;5.61
1988-12-20;5.25;12;5.25
1988-12-21;4.92;12;4.92
1988-12-22;5.51;12;5.51
1988-12-23;6.21;12;6.21
1988-12-24;4.7;12;4.7
1988-12-25;10.41;12;10.41
1988-12-26;9.13;12;9.13
1988-12-27;6.92;12;6.92
1988-12-28;11.31;12;11.31
1988-12-29;15.3;12;15.3
1988-12-30;10.09;12;10.09
1988-12-31;13.18;12;13.18
1989-01-01;5.64;1;5.64
1989-01-02;10.87;1;10.87
1989-01-03;10.28;1;10.28
1989-01-04;10.85;1;10.85
1989-01-05;17.9;1;17.9
1989-01-06;14.72;1;14.72
1989-01-07;14.21;1;14.21
1989-01-08;15.2;1;15.2
1989-01-09;14.8;1;14.8
1989-01-10;16.2;1;16.2
1989-01-11;13.17;1;13.17
1989-01-12;10.81;1;10.81
1989-01-13;10.52;1;10.52
1989-01-14;8.88;1;8.88
1989-01-15;8.41;1;8.41
1989-01-16;7.93;1;7.93
1989-01-17;6.94;1;6.94
1989-01-18;6.44;1;6.44
1989-01-19;6.06;1;6.06
1989-01-20;5.78;1;5.78
1989-01-21;5.43;1;5.43
1989-01-22;5.11;1;5.11
1989-01-23;5.3;1;5.3
1989-01-24;4.82;1;4.82
1989-01-25;4.68;1;4.68
1989-01-26;7.3;1;7.3
1989-01-27;12.08;1;12.08
1989-01-28;11.84;1;11.84
1989-01-29;8.47;1;8.47
1989-01-30;6.25;1;6.25
1989-01-31;6.34;1;6.34
1989-02-01;6.25;2;6.25
1989-02-02;5.38;2;5.38
1989-02-03;5.81;2;5.81
1989-02-04;7.87;2;7.87
1989-02-05;5.82;2;5.82
1989-02-06;5.36;2;5.36
1989-02-07;5.14;2;5.14
1989-02-08;5.03;2;5.03
1989-02-09;5.44;2;5.44
1989-02-10;5.36;2;5.36
1989-02-11;17.15;2;17.15
1989-02-12;10.12;2;10.12
1989-02-13;7.2;2;7.2
1989-02-14;6.67;2;6.67
1989-02-15;7.94;2;7.94
1989-02-16;8.23;2;8.23
1989-02-17;7.68;2;7.68
1989-02-18;6.56;2;6.56
1989-02-19;5.94;2;5.94
1989-02-20;5.65;2;5.65
1989-02-21;5.5;2;5.5
1989-02-22;5.51;2;5.51
1989-02-23;6.26;2;6.26
1989-02-24;5.57;2;5.57
1989-02-25;5.08;2;5.08
1989-02-26;5.01;2;5.01
1989-02-27;4.91;2;4.91
1989-02-28;4.61;2;4.61
1989-03-01;4.39;3;4.39
1989-03-02;4.21;3;4.21
1989-03-03;4.1;3;4.1
1989-03-04;5.57;3;5.57
1989-03-05;4.33;3;4.33
1989-03-06;4.04;3;4.04
1989-03-07;4.43;3;4.43
1989-03-08;3.88;3;3.88
1989-03-09;3.74;3;3.74
1989-03-10;3.64;3;3.64
1989-03-11;6.36;3;6.36
1989-03-12;5.33;3;5.33
1989-03-13;10.11;3;10.11
1989-03-14;10.96;3;10.96
1989-03-15;7.12;3;7.12
1989-03-16;10.09;3;10.09
1989-03-17;8.55;3;8.55
1989-03-18;6.36;3;6.36
1989-03-19;5.8;3;5.8
1989-03-20;5.43;3;5.43
1989-03-21;5.07;3;5.07
1989-03-22;4.83;3;4.83
1989-03-23;4.66;3;4.66
1989-03-24;4.48;3;4.48
1989-03-25;4.35;3;4.35
1989-03-26;4.2;3;4.2
1989-03-27;4.18;3;4.18
1989-03-28;10.54;3;10.54
1989-03-29;5.68;3;5.68
1989-03-30;4.98;3;4.98
1989-03-31;4.68;3;4.68
1989-04-01;4.48;4;4.48
1989-04-02;4.39;4;4.39
1989-04-03;4.64;4;4.64
1989-04-04;4.18;4;4.18
1989-04-05;4.02;4;4.02
1989-04-06;3.89;4;3.89
1989-04-07;3.77;4;3.77
1989-04-08;3.67;4;3.67
1989-04-09;3.58;4;3.58
1989-04-10;3.43;4;3.43
1989-04-11;3.28;4;3.28
1989-04-12;3.19;4;3.19
1989-04-13;3.15;4;3.15
1989-04-14;3.15;4;3.15
1989-04-15;3.13;4;3.13
1989-04-16;3.29;4;3.29
1989-04-17;2.93;4;2.93
1989-04-18;3.02;4;3.02
1989-04-19;3.19;4;3.19
1989-04-20;3.13;4;3.13
1989-04-21;2.84;4;2.84
1989-04-22;2.65;4;2.65
1989-04-23;3.5;4;3.5
1989-04-24;2.91;4;2.91
1989-04-25;2.72;4;2.72
1989-04-26;2.71;4;2.71
1989-04-27;2.7;4;2.7
1989-04-28;2.7;4;2.7
1989-04-29;3.23;4;3.23
1989-04-30;7.41;4;7.41
1989-05-01;3.71;5;3.71
1989-05-02;4.89;5;4.89
1989-05-03;3.61;5;3.61
1989-05-04;4.4;5;4.4
1989-05-05;4.58;5;4.58
1989-05-06;6.75;5;6.75
1989-05-07;4.36;5;4.36
1989-05-08;8.47;5;8.47
1989-05-09;6.13;5;6.13
1989-05-10;7.77;5;7.77
1989-05-11;5.98;5;5.98
1989-05-12;5.53;5;5.53
1989-05-13;9.86;5;9.86
1989-05-14;6.3;5;6.3
1989-05-15;5.31;5;5.31
1989-05-16;4.85;5;4.85
1989-05-17;4.63;5;4.63
1989-05-18;4.35;5;4.35
1989-05-19;4.25;5;4.25
1989-05-20;4.07;5;4.07
1989-05-21;3.86;5;3.86
1989-05-22;3.7;5;3.7
1989-05-23;3.63;5;3.63
1989-05-24;3.61;5;3.61
1989-05-25;3.68;5;3.68
1989-05-26;3.77;5;3.77
1989-05-27;4.49;5;4.49
1989-05-28;4.57;5;4.57
1989-05-29;3.49;5;3.49
1989-05-30;3.18;5;3.18
1989-05-31;3.09;5;3.09
1989-06-01;3.21;6;3.21
1989-06-02;3.64;6;3.64
1989-06-03;3.06;6;3.06
1989-06-04;2.94;6;2.94
1989-06-05;2.87;6;2.87
1989-06-06;2.74;6;2.74
1989-06-07;7.48;6;7.48
1989-06-08;3.42;6;3.42
1989-06-09;3.32;6;3.32
1989-06-10;3.61;6;3.61
1989-06-11;3.02;6;3.02
1989-06-12;2.79;6;2.79
1989-06-13;2.72;6;2.72
1989-06-14;3.0;6;3.0
1989-06-15;2.61;6;2.61
1989-06-16;2.57;6;2.57
1989-06-17;3.17;6;3.17
1989-06-18;4.41;6;4.41
1989-06-19;3.59;6;3.59
1989-06-20;2.83;6;2.83
1989-06-21;2.66;6;2.66
1989-06-22;2.45;6;2.45
1989-06-23;2.76;6;2.76
1989-06-24;3.1;6;3.1
1989-06-25;2.56;6;2.56
1989-06-26;2.53;6;2.53
1989-06-27;4.35;6;4.35
1989-06-28;3.37;6;3.37
1989-06-29;2.72;6;2.72
1989-06-30;2.49;6;2.49
1989-07-01;2.44;7;2.44
1989-07-02;2.42;7;2.42
1989-07-03;2.28;7;2.28
1989-07-04;2.19;7;2.19
1989-07-05;2.8;7;2.8
1989-07-06;2.8;7;2.8
1989-07-07;2.8;7;2.8
1989-07-08;2.8;7;2.8
1989-07-09;2.8;7;2.8
1989-07-10;2.8;7;2.8
1989-07-11;2.8;7;2.8
1989-07-12;2.8;7;2.8
1989-07-13;2.8;7;2.8
1989-07-14;2.7;7;2.7
1989-07-15;2.7;7;2.7
1989-07-16;2.7;7;2.7
1989-07-17;2.7;7;2.7
1989-07-18;1.79;7;1.79
1989-07-19;1.78;7;1.78
1989-07-20;2.08;7;2.08
1989-07-21;2.8;7;2.8
1989-07-22;2.41;7;2.41
1989-07-23;3.36;7;3.36
1989-07-24;4.0;7;4.0
1989-07-25;2.46;7;2.46
1989-07-26;2.38;7;2.38
1989-07-27;2.32;7;2.32
1989-07-28;2.1;7;2.1
1989-07-29;1.98;7;1.98
1989-07-30;1.88;7;1.88
1989-07-31;2.75;7;2.75
1989-08-01;2.47;8;2.47
1989-08-02;2.25;8;2.25
1989-08-03;2.11;8;2.11
1989-08-04;2.01;8;2.01
1989-08-05;1.93;8;1.93
1989-08-06;1.83;8;1.83
1989-08-07;1.77;8;1.77
1989-08-08;1.66;8;1.66
1989-08-09;1.54;8;1.54
1989-08-10;1.41;8;1.41
1989-08-11;1.44;8;1.44
1989-08-12;1.4;8;1.4
1989-08-13;1.35;8;1.35
1989-08-14;1.28;8;1.28
1989-08-15;1.23;8;1.23
1989-08-16;1.21;8;1.21
1989-08-17;1.22;8;1.22
1989-08-18;1.21;8;1.21
1989-08-19;1.22;8;1.22
1989-08-20;1.43;8;1.43
1989-08-21;1.81;8;1.81
1989-08-22;1.4;8;1.4
1989-08-23;1.3;8;1.3
1989-08-24;1.27;8;1.27
1989-08-25;1.24;8;1.24
1989-08-26;1.24;8;1.24
1989-08-27;1.16;8;1.16
1989-08-28;2.23;8;2.23
1989-08-29;1.75;8;1.75
1989-08-30;1.73;8;1.73
1989-08-31;1.59;8;1.59
1989-09-01;1.4;9;1.4
1989-09-02;1.33;9;1.33
1989-09-03;1.21;9;1.21
1989-09-04;2.67;9;2.67
1989-09-05;2.41;9;2.41
1989-09-06;3.56;9;3.56
1989-09-07;2.29;9;2.29
1989-09-08;2.14;9;2.14
1989-09-09;2.0;9;2.0
1989-09-10;1.83;9;1.83
1989-09-11;1.71;9;1.71
1989-09-12;1.7;9;1.7
1989-09-13;1.71;9;1.71
1989-09-14;1.69;9;1.69
1989-09-15;1.6;9;1.6
1989-09-16;1.53;9;1.53
1989-09-17;1.46;9;1.46
1989-09-18;1.41;9;1.41
1989-09-19;1.27;9;1.27
1989-09-20;1.24;9;1.24
1989-09-21;1.22;9;1.22
1989-09-22;2.84;9;2.84
1989-09-23;2.46;9;2.46
1989-09-24;2.22;9;2.22
1989-09-25;2.11;9;2.11
1989-09-26;3.05;9;3.05
1989-09-27;2.26;9;2.26
1989-09-28;2.27;9;2.27
1989-09-29;2.25;9;2.25
1989-09-30;2.15;9;2.15
1989-10-01;2.02;10;2.02
1989-10-02;1.93;10;1.93
1989-10-03;3.37;10;3.37
1989-10-04;7.94;10;7.94
1989-10-05;2.95;10;2.95
1989-10-06;2.37;10;2.37
1989-10-07;2.35;10;2.35
1989-10-08;2.34;10;2.34
1989-10-09;2.3;10;2.3
1989-10-10;2.36;10;2.36
1989-10-11;8.04;10;8.04
1989-10-12;3.96;10;3.96
1989-10-13;3.02;10;3.02
1989-10-14;2.58;10;2.58
1989-10-15;2.54;10;2.54
1989-10-16;2.66;10;2.66
1989-10-17;2.4;10;2.4
1989-10-18;2.4;10;2.4
1989-10-19;2.4;10;2.4
1989-10-20;2.4;10;2.4
1989-10-21;2.75;10;2.75
1989-10-22;2.98;10;2.98
1989-10-23;4.07;10;4.07
1989-10-24;4.53;10;4.53
1989-10-25;4.56;10;4.56
1989-10-26;4.01;10;4.01
1989-10-27;3.49;10;3.49
1989-10-28;5.99;10;5.99
1989-10-29;5.01;10;5.01
1989-10-30;4.27;10;4.27
1989-10-31;4.06;10;4.06
1989-11-01;5.37;11;5.37
1989-11-02;4.53;11;4.53
1989-11-03;4.12;11;4.12
1989-11-04;5.08;11;5.08
1989-11-05;4.21;11;4.21
1989-11-06;3.77;11;3.77
1989-11-07;4.82;11;4.82
1989-11-08;3.9;11;3.9
1989-11-09;3.65;11;3.65
1989-11-10;3.4;11;3.4
1989-11-11;3.33;11;3.33
1989-11-12;3.29;11;3.29
1989-11-13;3.34;11;3.34
1989-11-14;4.03;11;4.03
1989-11-15;3.28;11;3.28
1989-11-16;3.13;11;3.13
1989-11-17;3.52;11;3.52
1989-11-18;3.29;11;3.29
1989-11-19;3.13;11;3.13
1989-11-20;2.98;11;2.98
1989-11-21;7.38;11;7.38
1989-11-22;4.29;11;4.29
1989-11-23;3.69;11;3.69
1989-11-24;3.49;11;3.49
1989-11-25;3.33;11;3.33
1989-11-26;3.18;11;3.18
1989-11-27;3.1;11;3.1
1989-11-28;5.0;11;5.0
1989-11-29;7.18;11;7.18
1989-11-30;8.09;11;8.09
1989-12-01;11.22;12;11.22
1989-12-02;15.37;12;15.37
1989-12-03;11.47;12;11.47
1989-12-04;11.51;12;11.51
1989-12-05;9.6;12;9.6
1989-12-06;8.52;12;8.52
1989-12-07;7.03;12;7.03
1989-12-08;6.17;12;6.17
1989-12-09;5.77;12;5.77
1989-12-10;5.46;12;5.46
1989-12-11;5.05;12;5.05
1989-12-12;4.8;12;4.8
1989-12-13;5.12;12;5.12
1989-12-14;4.51;12;4.51
1989-12-15;4.28;12;4.28
1989-12-16;4.0;12;4.0
1989-12-17;3.9;12;3.9
1989-12-18;3.73;12;3.73
1989-12-19;3.56;12;3.56
1989-12-20;3.44;12;3.44
1989-12-21;3.31;12;3.31
1989-12-22;3.21;12;3.21
1989-12-23;3.12;12;3.12
1989-12-24;3.1;12;3.1
1989-12-25;3.08;12;3.08
1989-12-26;3.73;12;3.73
1989-12-27;3.2;12;3.2
1989-12-28;3.65;12;3.65
1989-12-29;4.53;12;4.53
1989-12-30;3.22;12;3.22
1989-12-31;2.94;12;2.94
1990-01-01;2.84;1;2.84
1990-01-02;3.37;1;3.37
1990-01-03;3.11;1;3.11
1990-01-04;2.78;1;2.78
1990-01-05;2.85;1;2.85
1990-01-06;3.78;1;3.78
1990-01-07;4.69;1;4.69
1990-01-08;9.11;1;9.11
1990-01-09;8.24;1;8.24
1990-01-10;8.15;1;8.15
1990-01-11;9.86;1;9.86
1990-01-12;18.75;1;18.75
1990-01-13;15.86;1;15.86
1990-01-14;10.18;1;10.18
1990-01-15;8.6;1;8.6
1990-01-16;6.63;1;6.63
1990-01-17;5.75;1;5.75
1990-01-18;5.13;1;5.13
1990-01-19;4.75;1;4.75
1990-01-20;4.4;1;4.4
1990-01-21;4.06;1;4.06
1990-01-22;3.84;1;3.84
1990-01-23;3.72;1;3.72
1990-01-24;3.53;1;3.53
1990-01-25;3.34;1;3.34
1990-01-26;3.24;1;3.24
1990-01-27;3.21;1;3.21
1990-01-28;3.03;1;3.03
1990-01-29;2.94;1;2.94
1990-01-30;2.86;1;2.86
1990-01-31;2.77;1;2.77
1990-02-01;2.69;2;2.69
1990-02-02;2.63;2;2.63
1990-02-03;2.62;2;2.62
1990-02-04;2.48;2;2.48
1990-02-05;4.76;2;4.76
1990-02-06;3.71;2;3.71
1990-02-07;2.74;2;2.74
1990-02-08;2.45;2;2.45
1990-02-09;3.8;2;3.8
1990-02-10;9.71;2;9.71
1990-02-11;4.76;2;4.76
1990-02-12;3.95;2;3.95
1990-02-13;3.49;2;3.49
1990-02-14;4.54;2;4.54
1990-02-15;4.32;2;4.32
1990-02-16;4.34;2;4.34
1990-02-17;3.87;2;3.87
1990-02-18;3.92;2;3.92
1990-02-19;5.27;2;5.27
1990-02-20;7.82;2;7.82
1990-02-21;5.04;2;5.04
1990-02-22;6.55;2;6.55
1990-02-23;4.52;2;4.52
1990-02-24;4.14;2;4.14
1990-02-25;3.98;2;3.98
1990-02-26;3.83;2;3.83
1990-02-27;3.83;2;3.83
1990-02-28;3.64;2;3.64
1990-03-01;4.65;3;4.65
1990-03-02;3.55;3;3.55
1990-03-03;4.53;3;4.53
1990-03-04;3.96;3;3.96
1990-03-05;3.55;3;3.55
1990-03-06;3.42;3;3.42
1990-03-07;3.34;3;3.34
1990-03-08;3.29;3;3.29
1990-03-09;3.16;3;3.16
1990-03-10;3.08;3;3.08
1990-03-11;3.02;3;3.02
1990-03-12;2.94;3;2.94
1990-03-13;2.89;3;2.89
1990-03-14;2.8;3;2.8
1990-03-15;2.71;3;2.71
1990-03-16;2.67;3;2.67
1990-03-17;2.54;3;2.54
1990-03-18;3.46;3;3.46
1990-03-19;2.89;3;2.89
1990-03-20;3.61;3;3.61
1990-03-21;4.09;3;4.09
1990-03-22;2.97;3;2.97
1990-03-23;4.9;3;4.9
1990-03-24;5.83;3;5.83
1990-03-25;18.26;3;18.26
1990-03-26;8.25;3;8.25
1990-03-27;5.53;3;5.53
1990-03-28;4.92;3;4.92
1990-03-29;4.1;3;4.1
1990-03-30;3.88;3;3.88
1990-03-31;3.96;3;3.96
1990-04-01;10.92;4;10.92
1990-04-02;5.72;4;5.72
1990-04-03;4.86;4;4.86
1990-04-04;5.34;4;5.34
1990-04-05;20.03;4;20.03
1990-04-06;12.26;4;12.26
1990-04-07;8.35;4;8.35
1990-04-08;6.96;4;6.96
1990-04-09;6.05;4;6.05
1990-04-10;5.44;4;5.44
1990-04-11;5.0;4;5.0
1990-04-12;4.73;4;4.73
1990-04-13;4.21;4;4.21
1990-04-14;4.17;4;4.17
1990-04-15;4.99;4;4.99
1990-04-16;7.36;4;7.36
1990-04-17;4.52;4;4.52
1990-04-18;6.0;4;6.0
1990-04-19;5.7;4;5.7
1990-04-20;5.9;4;5.9
1990-04-21;7.0;4;7.0
1990-04-22;6.0;4;6.0
1990-04-23;5.4;4;5.4
1990-04-24;11.6;4;11.6
1990-04-25;7.0;4;7.0
1990-04-26;6.5;4;6.5
1990-04-27;6.7;4;6.7
1990-04-28;6.2;4;6.2
1990-04-29;6.0;4;6.0
1990-04-30;5.7;4;5.7
1990-05-01;6.97;5;6.97
1990-05-02;6.71;5;6.71
1990-05-03;5.89;5;5.89
1990-05-04;6.13;5;6.13
1990-05-05;14.73;5;14.73
1990-05-06;8.12;5;8.12
1990-05-07;6.66;5;6.66
1990-05-08;6.11;5;6.11
1990-05-09;9.03;5;9.03
1990-05-10;5.96;5;5.96
1990-05-11;5.56;5;5.56
1990-05-12;5.83;5;5.83
1990-05-13;8.07;5;8.07
1990-05-14;7.15;5;7.15
1990-05-15;5.29;5;5.29
1990-05-16;4.73;5;4.73
1990-05-17;4.44;5;4.44
1990-05-18;4.16;5;4.16
1990-05-19;3.89;5;3.89
1990-05-20;3.78;5;3.78
1990-05-21;3.56;5;3.56
1990-05-22;3.4;5;3.4
1990-05-23;3.46;5;3.46
1990-05-24;3.58;5;3.58
1990-05-25;3.34;5;3.34
1990-05-26;3.14;5;3.14
1990-05-27;3.09;5;3.09
1990-05-28;2.97;5;2.97
1990-05-29;3.09;5;3.09
1990-05-30;3.03;5;3.03
1990-05-31;3.88;5;3.88
1990-06-01;3.6;6;3.6
1990-06-02;2.92;6;2.92
1990-06-03;2.78;6;2.78
1990-06-04;2.78;6;2.78
1990-06-05;2.72;6;2.72
1990-06-06;2.63;6;2.63
1990-06-07;2.57;6;2.57
1990-06-08;2.54;6;2.54
1990-06-09;2.54;6;2.54
1990-06-10;2.48;6;2.48
1990-06-11;2.48;6;2.48
1990-06-12;2.36;6;2.36
1990-06-13;2.36;6;2.36
1990-06-14;2.24;6;2.24
1990-06-15;2.62;6;2.62
1990-06-16;3.14;6;3.14
1990-06-17;2.33;6;2.33
1990-06-18;2.15;6;2.15
1990-06-19;2.09;6;2.09
1990-06-20;1.94;6;1.94
1990-06-21;1.94;6;1.94
1990-06-22;1.76;6;1.76
1990-06-23;1.7;6;1.7
1990-06-24;1.7;6;1.7
1990-06-25;1.75;6;1.75
1990-06-26;1.58;6;1.58
1990-06-27;1.63;6;1.63
1990-06-28;2.03;6;2.03
1990-06-29;1.56;6;1.56
1990-06-30;1.49;6;1.49
1990-07-01;1.49;7;1.49
1990-07-02;1.49;7;1.49
1990-07-03;1.49;7;1.49
1990-07-04;1.52;7;1.52
1990-07-05;1.63;7;1.63
1990-07-06;1.5;7;1.5
1990-07-07;1.4;7;1.4
1990-07-08;1.51;7;1.51
1990-07-09;2.29;7;2.29
1990-07-10;2.3;7;2.3
1990-07-11;1.56;7;1.56
1990-07-12;1.46;7;1.46
1990-07-13;1.4;7;1.4
1990-07-14;1.33;7;1.33
1990-07-15;1.3;7;1.3
1990-07-16;1.34;7;1.34
1990-07-17;1.32;7;1.32
1990-07-18;1.26;7;1.26
1990-07-19;1.28;7;1.28
1990-07-20;1.23;7;1.23
1990-07-21;1.22;7;1.22
1990-07-22;1.14;7;1.14
1990-07-23;1.14;7;1.14
1990-07-24;1.49;7;1.49
1990-07-25;1.14;7;1.14
1990-07-26;1.09;7;1.09
1990-07-27;0.98;7;0.98
1990-07-28;0.85;7;0.85
1990-07-29;0.85;7;0.85
1990-07-30;0.89;7;0.89
1990-07-31;0.86;7;0.86
1990-08-01;0.83;8;0.83
1990-08-02;0.8;8;0.8
1990-08-03;0.82;8;0.82
1990-08-04;0.8;8;0.8
1990-08-05;0.78;8;0.78
1990-08-06;0.75;8;0.75
1990-08-07;0.73;8;0.73
1990-08-08;0.73;8;0.73
1990-08-09;0.73;8;0.73
1990-08-10;0.73;8;0.73
1990-08-11;0.73;8;0.73
1990-08-12;0.71;8;0.71
1990-08-13;0.71;8;0.71
1990-08-14;0.7;8;0.7
1990-08-15;0.73;8;0.73
1990-08-16;0.73;8;0.73
1990-08-17;0.7;8;0.7
1990-08-18;0.7;8;0.7
1990-08-19;0.69;8;0.69
1990-08-20;0.66;8;0.66
1990-08-21;0.64;8;0.64
1990-08-22;0.61;8;0.61
1990-08-23;0.6;8;0.6
1990-08-24;0.58;8;0.58
1990-08-25;0.57;8;0.57
1990-08-26;0.86;8;0.86
1990-08-27;1.9;8;1.9
1990-08-28;1.08;8;1.08
1990-08-29;1.1;8;1.1
1990-08-30;0.94;8;0.94
1990-08-31;0.75;8;0.75
1990-09-01;0.79;9;0.79
1990-09-02;0.77;9;0.77
1990-09-03;0.73;9;0.73
1990-09-04;0.69;9;0.69
1990-09-05;0.66;9;0.66
1990-09-06;0.62;9;0.62
1990-09-07;1.04;9;1.04
1990-09-08;0.7;9;0.7
1990-09-09;0.66;9;0.66
1990-09-10;0.62;9;0.62
1990-09-11;1.13;9;1.13
1990-09-12;0.78;9;0.78
1990-09-13;0.69;9;0.69
1990-09-14;0.66;9;0.66
1990-09-15;0.66;9;0.66
1990-09-16;0.61;9;0.61
1990-09-17;0.56;9;0.56
1990-09-18;0.57;9;0.57
1990-09-19;0.6;9;0.6
1990-09-20;0.71;9;0.71
1990-09-21;0.76;9;0.76
1990-09-22;0.87;9;0.87
1990-09-23;0.84;9;0.84
1990-09-24;0.79;9;0.79
1990-09-25;0.69;9;0.69
1990-09-26;1.53;9;1.53
1990-09-27;0.96;9;0.96
1990-09-28;0.69;9;0.69
1990-09-29;0.61;9;0.61
1990-09-30;1.18;9;1.18
1990-10-01;2.58;10;2.58
1990-10-02;1.55;10;1.55
1990-10-03;0.94;10;0.94
1990-10-04;0.69;10;0.69
1990-10-05;1.65;10;1.65
1990-10-06;1.62;10;1.62
1990-10-07;1.66;10;1.66
1990-10-08;2.95;10;2.95
1990-10-09;2.61;10;2.61
1990-10-10;2.64;10;2.64
1990-10-11;3.17;10;3.17
1990-10-12;4.01;10;4.01
1990-10-13;2.3;10;2.3
1990-10-14;1.75;10;1.75
1990-10-15;1.46;10;1.46
1990-10-16;1.39;10;1.39
1990-10-17;2.27;10;2.27
1990-10-18;2.01;10;2.01
1990-10-19;2.03;10;2.03
1990-10-20;2.11;10;2.11
1990-10-21;1.88;10;1.88
1990-10-22;2.59;10;2.59
1990-10-23;1.73;10;1.73
1990-10-24;3.37;10;3.37
1990-10-25;2.41;10;2.41
1990-10-26;1.71;10;1.71
1990-10-27;1.48;10;1.48
1990-10-28;1.33;10;1.33
1990-10-29;1.91;10;1.91
1990-10-30;1.35;10;1.35
1990-10-31;1.14;10;1.14
1990-11-01;2.54;11;2.54
1990-11-02;3.02;11;3.02
1990-11-03;2.46;11;2.46
1990-11-04;9.92;11;9.92
1990-11-05;5.64;11;5.64
1990-11-06;9.37;11;9.37
1990-11-07;5.3;11;5.3
1990-11-08;4.07;11;4.07
1990-11-09;11.29;11;11.29
1990-11-10;5.18;11;5.18
1990-11-11;3.96;11;3.96
1990-11-12;3.44;11;3.44
1990-11-13;3.27;11;3.27
1990-11-14;3.03;11;3.03
1990-11-15;2.82;11;2.82
1990-11-16;2.6;11;2.6
1990-11-17;3.04;11;3.04
1990-11-18;7.88;11;7.88
1990-11-19;3.89;11;3.89
1990-11-20;3.08;11;3.08
1990-11-21;13.16;11;13.16
1990-11-22;10.58;11;10.58
1990-11-23;5.86;11;5.86
1990-11-24;4.7;11;4.7
1990-11-25;4.09;11;4.09
1990-11-26;3.63;11;3.63
1990-11-27;3.37;11;3.37
1990-11-28;3.23;11;3.23
1990-11-29;3.0;11;3.0
1990-11-30;2.8;11;2.8
1990-12-01;3.02;12;3.02
1990-12-02;3.08;12;3.08
1990-12-03;3.73;12;3.73
1990-12-04;3.14;12;3.14
1990-12-05;4.48;12;4.48
1990-12-06;3.53;12;3.53
1990-12-07;3.22;12;3.22
1990-12-08;3.61;12;3.61
1990-12-09;3.97;12;3.97
1990-12-10;3.19;12;3.19
1990-12-11;2.95;12;2.95
1990-12-12;2.77;12;2.77
1990-12-13;2.6;12;2.6
1990-12-14;2.51;12;2.51
1990-12-15;2.39;12;2.39
1990-12-16;2.27;12;2.27
1990-12-17;2.06;12;2.06
1990-12-18;1.97;12;1.97
1990-12-19;2.84;12;2.84
1990-12-20;3.7;12;3.7
1990-12-21;2.53;12;2.53
1990-12-22;9.71;12;9.71
1990-12-23;9.55;12;9.55
1990-12-24;5.22;12;5.22
1990-12-25;4.34;12;4.34
1990-12-26;3.81;12;3.81
1990-12-27;6.15;12;6.15
1990-12-28;4.57;12;4.57
1990-12-29;5.66;12;5.66
1990-12-30;4.47;12;4.47
1990-12-31;3.86;12;3.86
1991-01-01;3.54;1;3.54
1991-01-02;3.44;1;3.44
1991-01-03;3.25;1;3.25
1991-01-04;3.11;1;3.11
1991-01-05;2.98;1;2.98
1991-01-06;2.97;1;2.97
1991-01-07;2.87;1;2.87
1991-01-08;2.72;1;2.72
1991-01-09;2.55;1;2.55
1991-01-10;2.48;1;2.48
1991-01-11;2.46;1;2.46
1991-01-12;2.34;1;2.34
1991-01-13;2.18;1;2.18
1991-01-14;2.12;1;2.12
1991-01-15;2.09;1;2.09
1991-01-16;2.17;1;2.17
1991-01-17;1.92;1;1.92
1991-01-18;3.42;1;3.42
1991-01-19;2.32;1;2.32
1991-01-20;1.21;1;1.21
1991-01-21;1.02;1;1.02
1991-01-22;1.02;1;1.02
1991-01-23;1.02;1;1.02
1991-01-24;1.02;1;1.02
1991-01-25;1.02;1;1.02
1991-01-26;1.0;1;1.0
1991-01-27;1.15;1;1.15
1991-01-28;1.2;1;1.2
1991-01-29;1.25;1;1.25
1991-01-30;1.38;1;1.38
1991-01-31;1.41;1;1.41
1991-02-01;1.58;2;1.58
1991-02-02;1.57;2;1.57
1991-02-03;1.65;2;1.65
1991-02-04;1.65;2;1.65
1991-02-05;1.45;2;1.45
1991-02-06;1.38;2;1.38
1991-02-07;1.3;2;1.3
1991-02-08;1.3;2;1.3
1991-02-09;1.48;2;1.48
1991-02-10;1.25;2;1.25
1991-02-11;1.19;2;1.19
1991-02-12;1.3;2;1.3
1991-02-13;1.17;2;1.17
1991-02-14;1.2;2;1.2
1991-02-15;3.04;2;3.04
1991-02-16;1.76;2;1.76
1991-02-17;1.1;2;1.1
1991-02-18;5.37;2;5.37
1991-02-19;2.69;2;2.69
1991-02-20;3.79;2;3.79
1991-02-21;2.98;2;2.98
1991-02-22;2.07;2;2.07
1991-02-23;1.69;2;1.69
1991-02-24;1.48;2;1.48
1991-02-25;1.4;2;1.4
1991-02-26;1.54;2;1.54
1991-02-27;2.22;2;2.22
1991-02-28;1.46;2;1.46
1991-03-01;1.51;3;1.51
1991-03-02;3.22;3;3.22
1991-03-03;3.58;3;3.58
1991-03-04;2.31;3;2.31
1991-03-05;2.23;3;2.23
1991-03-06;1.89;3;1.89
1991-03-07;1.97;3;1.97
1991-03-08;1.81;3;1.81
1991-03-09;1.81;3;1.81
1991-03-10;1.82;3;1.82
1991-03-11;1.67;3;1.67
1991-03-12;2.22;3;2.22
1991-03-13;1.75;3;1.75
1991-03-14;3.15;3;3.15
1991-03-15;2.56;3;2.56
1991-03-16;3.89;3;3.89
1991-03-17;2.65;3;2.65
1991-03-18;2.14;3;2.14
1991-03-19;1.87;3;1.87
1991-03-20;1.68;3;1.68
1991-03-21;1.57;3;1.57
1991-03-22;1.49;3;1.49
1991-03-23;1.54;3;1.54
1991-03-24;2.03;3;2.03
1991-03-25;1.65;3;1.65
1991-03-26;1.83;3;1.83
1991-03-27;5.0;3;5.0
1991-03-28;5.67;3;5.67
1991-03-29;5.38;3;5.38
1991-03-30;3.83;3;3.83
1991-03-31;3.25;3;3.25
1991-04-01;-999.000;4;2.755
1991-04-02;-999.000;4;3.399
1991-04-03;-999.000;4;2.71
1991-04-04;-999.000;4;13.25
1991-04-05;-999.000;4;4.05
1991-04-06;-999.000;4;6.11
1991-04-07;-999.000;4;2.775
1991-04-08;-999.000;4;1.125
1991-04-09;-999.000;4;12.93
1991-04-10;-999.000;4;7.44
1991-04-11;-999.000;4;1.28
1991-04-12;-999.000;4;2.38
1991-04-13;-999.000;4;8.27
1991-04-14;-999.000;4;7.589
1991-04-15;-999.000;4;11.93
1991-04-16;-999.000;4;5.54
1991-04-17;-999.000;4;5.48
1991-04-18;-999.000;4;7.9
1991-04-19;-999.000;4;17.55
1991-04-20;-999.000;4;4.23
1991-04-21;-999.000;4;4.635
1991-04-22;-999.000;4;2.74
1991-04-23;-999.000;4;6.6
1991-04-24;-999.000;4;4.8
1991-04-25;-999.000;4;6.6
1991-04-26;-999.000;4;4.81
1991-04-27;-999.000;4;5.51
1991-04-28;-999.000;4;4.73
1991-04-29;-999.000;4;5.48
1991-04-30;-999.000;4;8.879
1991-05-01;7.3;5;7.3
1991-05-02;3.44;5;3.44
1991-05-03;3.47;5;3.47
1991-05-04;3.39;5;3.39
1991-05-05;3.04;5;3.04
1991-05-06;2.72;5;2.72
1991-05-07;3.36;5;3.36
1991-05-08;2.65;5;2.65
1991-05-09;2.45;5;2.45
1991-05-10;2.3;5;2.3
1991-05-11;2.36;5;2.36
1991-05-12;2.38;5;2.38
1991-05-13;2.98;5;2.98
1991-05-14;2.28;5;2.28
1991-05-15;2.24;5;2.24
1991-05-16;2.16;5;2.16
1991-05-17;7.75;5;7.75
1991-05-18;8.08;5;8.08
1991-05-19;9.62;5;9.62
1991-05-20;8.95;5;8.95
1991-05-21;8.3;5;8.3
1991-05-22;11.55;5;11.55
1991-05-23;9.02;5;9.02
1991-05-24;6.99;5;6.99
1991-05-25;5.97;5;5.97
1991-05-26;5.24;5;5.24
1991-05-27;6.56;5;6.56
1991-05-28;4.31;5;4.31
1991-05-29;3.98;5;3.98
1991-05-30;3.83;5;3.83
1991-05-31;5.65;5;5.65
1991-06-01;5.77;6;5.77
1991-06-02;3.84;6;3.84
1991-06-03;7.41;6;7.41
1991-06-04;4.76;6;4.76
1991-06-05;4.5;6;4.5
1991-06-06;3.8;6;3.8
1991-06-07;3.52;6;3.52
1991-06-08;3.36;6;3.36
1991-06-09;3.2;6;3.2
1991-06-10;3.1;6;3.1
1991-06-11;3.01;6;3.01
1991-06-12;2.92;6;2.92
1991-06-13;2.8;6;2.8
1991-06-14;2.68;6;2.68
1991-06-15;2.62;6;2.62
1991-06-16;2.95;6;2.95
1991-06-17;2.92;6;2.92
1991-06-18;2.52;6;2.52
1991-06-19;2.87;6;2.87
1991-06-20;2.51;6;2.51
1991-06-21;2.33;6;2.33
1991-06-22;2.3;6;2.3
1991-06-23;2.46;6;2.46
1991-06-24;3.06;6;3.06
1991-06-25;2.75;6;2.75
1991-06-26;2.21;6;2.21
1991-06-27;2.12;6;2.12
1991-06-28;2.12;6;2.12
1991-06-29;2.64;6;2.64
1991-06-30;2.23;6;2.23
1991-07-01;2.42;7;2.42
1991-07-02;2.36;7;2.36
1991-07-03;2.27;7;2.27
1991-07-04;2.27;7;2.27
1991-07-05;2.21;7;2.21
1991-07-06;2.18;7;2.18
1991-07-07;2.15;7;2.15
1991-07-08;2.09;7;2.09
1991-07-09;2.03;7;2.03
1991-07-10;1.97;7;1.97
1991-07-11;1.94;7;1.94
1991-07-12;1.91;7;1.91
1991-07-13;1.85;7;1.85
1991-07-14;1.79;7;1.79
1991-07-15;1.73;7;1.73
1991-07-16;1.7;7;1.7
1991-07-17;1.12;7;1.12
1991-07-18;1.12;7;1.12
1991-07-19;1.1;7;1.1
1991-07-20;1.05;7;1.05
1991-07-21;1.03;7;1.03
1991-07-22;1.0;7;1.0
1991-07-23;0.98;7;0.98
1991-07-24;0.98;7;0.98
1991-07-25;0.97;7;0.97
1991-07-26;0.93;7;0.93
1991-07-27;0.9;7;0.9
1991-07-28;0.86;7;0.86
1991-07-29;0.85;7;0.85
1991-07-30;1.05;7;1.05
1991-07-31;1.95;7;1.95
1991-08-01;1.8;8;1.8
1991-08-02;1.56;8;1.56
1991-08-03;1.4;8;1.4
1991-08-04;1.21;8;1.21
1991-08-05;1.14;8;1.14
1991-08-06;1.1;8;1.1
1991-08-07;1.07;8;1.07
1991-08-08;1.51;8;1.51
1991-08-09;1.7;8;1.7
1991-08-10;1.64;8;1.64
1991-08-11;1.53;8;1.53
1991-08-12;1.49;8;1.49
1991-08-13;0.9;8;0.9
1991-08-14;0.8;8;0.8
1991-08-15;0.73;8;0.73
1991-08-16;0.71;8;0.71
1991-08-17;0.69;8;0.69
1991-08-18;0.66;8;0.66
1991-08-19;0.64;8;0.64
1991-08-20;0.62;8;0.62
1991-08-21;0.61;8;0.61
1991-08-22;0.58;8;0.58
1991-08-23;0.53;8;0.53
1991-08-24;0.52;8;0.52
1991-08-25;0.51;8;0.51
1991-08-26;0.49;8;0.49
1991-08-27;0.47;8;0.47
1991-08-28;0.46;8;0.46
1991-08-29;0.45;8;0.45
1991-08-30;0.45;8;0.45
1991-08-31;0.48;8;0.48
1991-09-01;0.52;9;0.52
1991-09-02;0.52;9;0.52
1991-09-03;0.5;9;0.5
1991-09-04;0.48;9;0.48
1991-09-05;0.5;9;0.5
1991-09-06;0.5;9;0.5
1991-09-07;0.49;9;0.49
1991-09-08;0.47;9;0.47
1991-09-09;0.47;9;0.47
1991-09-10;0.47;9;0.47
1991-09-11;0.47;9;0.47
1991-09-12;0.45;9;0.45
1991-09-13;0.44;9;0.44
1991-09-14;0.43;9;0.43
1991-09-15;0.41;9;0.41
1991-09-16;1.73;9;1.73
1991-09-17;1.4;9;1.4
1991-09-18;1.33;9;1.33
1991-09-19;1.26;9;1.26
1991-09-20;1.27;9;1.27
1991-09-21;1.45;9;1.45
1991-09-22;1.8;9;1.8
1991-09-23;1.84;9;1.84
1991-09-24;1.3;9;1.3
1991-09-25;3.54;9;3.54
1991-09-26;4.22;9;4.22
1991-09-27;2.79;9;2.79
1991-09-28;1.56;9;1.56
1991-09-29;1.53;9;1.53
1991-09-30;1.53;9;1.53
1991-10-01;1.28;10;1.28
1991-10-02;1.09;10;1.09
1991-10-03;1.02;10;1.02
1991-10-04;0.92;10;0.92
1991-10-05;0.83;10;0.83
1991-10-06;0.77;10;0.77
1991-10-07;2.48;10;2.48
1991-10-08;2.49;10;2.49
1991-10-09;2.72;10;2.72
1991-10-10;2.12;10;2.12
1991-10-11;2.12;10;2.12
1991-10-12;1.44;10;1.44
1991-10-13;1.25;10;1.25
1991-10-14;1.12;10;1.12
1991-10-15;1.71;10;1.71
1991-10-16;1.13;10;1.13
1991-10-17;1.04;10;1.04
1991-10-18;1.08;10;1.08
1991-10-19;1.0;10;1.0
1991-10-20;0.93;10;0.93
1991-10-21;0.86;10;0.86
1991-10-22;0.8;10;0.8
1991-10-23;0.77;10;0.77
1991-10-24;0.89;10;0.89
1991-10-25;0.95;10;0.95
1991-10-26;0.97;10;0.97
1991-10-27;2.61;10;2.61
1991-10-28;1.39;10;1.39
1991-10-29;1.05;10;1.05
1991-10-30;1.69;10;1.69
1991-10-31;1.45;10;1.45
1991-11-01;1.22;11;1.22
1991-11-02;1.31;11;1.31
1991-11-03;1.09;11;1.09
1991-11-04;1.8;11;1.8
1991-11-05;1.79;11;1.79
1991-11-06;1.29;11;1.29
1991-11-07;1.38;11;1.38
1991-11-08;3.79;11;3.79
1991-11-09;4.66;11;4.66
1991-11-10;3.17;11;3.17
1991-11-11;2.39;11;2.39
1991-11-12;1.92;11;1.92
1991-11-13;1.87;11;1.87
1991-11-14;2.86;11;2.86
1991-11-15;4.37;11;4.37
1991-11-16;3.39;11;3.39
1991-11-17;2.84;11;2.84
1991-11-18;2.42;11;2.42
1991-11-19;3.33;11;3.33
1991-11-20;4.07;11;4.07
1991-11-21;3.01;11;3.01
1991-11-22;2.63;11;2.63
1991-11-23;2.46;11;2.46
1991-11-24;2.64;11;2.64
1991-11-25;2.5;11;2.5
1991-11-26;2.27;11;2.27
1991-11-27;2.0;11;2.0
1991-11-28;2.39;11;2.39
1991-11-29;1.94;11;1.94
1991-11-30;1.75;11;1.75
1991-12-01;1.65;12;1.65
1991-12-02;1.81;12;1.81
1991-12-03;2.13;12;2.13
1991-12-04;1.8;12;1.8
1991-12-05;3.76;12;3.76
1991-12-06;2.73;12;2.73
1991-12-07;2.23;12;2.23
1991-12-08;2.01;12;2.01
1991-12-09;3.26;12;3.26
1991-12-10;5.14;12;5.14
1991-12-11;2.99;12;2.99
1991-12-12;2.84;12;2.84
1991-12-13;5.17;12;5.17
1991-12-14;3.83;12;3.83
1991-12-15;3.44;12;3.44
1991-12-16;3.22;12;3.22
1991-12-17;4.68;12;4.68
1991-12-18;3.52;12;3.52
1991-12-19;3.48;12;3.48
1991-12-20;3.13;12;3.13
1991-12-21;3.0;12;3.0
1991-12-22;3.67;12;3.67
1991-12-23;3.39;12;3.39
1991-12-24;3.04;12;3.04
1991-12-25;2.91;12;2.91
1991-12-26;3.6;12;3.6
1991-12-27;2.9;12;2.9
1991-12-28;2.91;12;2.91
1991-12-29;3.87;12;3.87
1991-12-30;2.88;12;2.88
1991-12-31;2.71;12;2.71
1992-01-01;2.618;1;2.618
1992-01-02;2.542;1;2.542
1992-01-03;2.491;1;2.491
1992-01-04;2.491;1;2.491
1992-01-05;2.369;1;2.369
1992-01-06;2.345;1;2.345
1992-01-07;2.345;1;2.345
1992-01-08;2.298;1;2.298
1992-01-09;2.25;1;2.25
1992-01-10;2.084;1;2.084
1992-01-11;2.036;1;2.036
1992-01-12;1.965;1;1.965
1992-01-13;1.917;1;1.917
1992-01-14;1.87;1;1.87
1992-01-15;1.915;1;1.915
1992-01-16;2.293;1;2.293
1992-01-17;1.846;1;1.846
1992-01-18;1.585;1;1.585
1992-01-19;1.47;1;1.47
1992-01-20;1.411;1;1.411
1992-01-21;1.312;1;1.312
1992-01-22;1.292;1;1.292
1992-01-23;1.273;1;1.273
1992-01-24;2.57;1;2.57
1992-01-25;3.085;1;3.085
1992-01-26;1.822;1;1.822
1992-01-27;1.751;1;1.751
1992-01-28;2.232;1;2.232
1992-01-29;2.301;1;2.301
1992-01-30;1.728;1;1.728
1992-01-31;1.561;1;1.561
1992-02-01;1.47;2;1.47
1992-02-02;1.431;2;1.431
1992-02-03;1.372;2;1.372
1992-02-04;1.293;2;1.293
1992-02-05;1.233;2;1.233
1992-02-06;1.194;2;1.194
1992-02-07;1.174;2;1.174
1992-02-08;1.115;2;1.115
1992-02-09;5.603;2;5.603
1992-02-10;5.751;2;5.751
1992-02-11;9.971;2;9.971
1992-02-12;8.398;2;8.398
1992-02-13;5.011;2;5.011
1992-02-14;3.891;2;3.891
1992-02-15;3.354;2;3.354
1992-02-16;3.962;2;3.962
1992-02-17;3.08;2;3.08
1992-02-18;2.593;2;2.593
1992-02-19;2.491;2;2.491
1992-02-20;2.491;2;2.491
1992-02-21;3.213;2;3.213
1992-02-22;3.082;2;3.082
1992-02-23;2.345;2;2.345
1992-02-24;2.321;2;2.321
1992-02-25;2.203;2;2.203
1992-02-26;2.203;2;2.203
1992-02-27;2.203;2;2.203
1992-02-28;2.06;2;2.06
1992-02-29;2.06;2;2.06
1992-03-01;2.036;3;2.036
1992-03-02;1.87;3;1.87
1992-03-03;1.87;3;1.87
1992-03-04;1.846;3;1.846
1992-03-05;1.68;3;1.68
1992-03-06;2.089;3;2.089
1992-03-07;2.493;3;2.493
1992-03-08;1.632;3;1.632
1992-03-09;1.632;3;1.632
1992-03-10;1.609;3;1.609
1992-03-11;1.49;3;1.49
1992-03-12;1.49;3;1.49
1992-03-13;1.49;3;1.49
1992-03-14;1.352;3;1.352
1992-03-15;1.332;3;1.332
1992-03-16;1.332;3;1.332
1992-03-17;1.332;3;1.332
1992-03-18;1.332;3;1.332
1992-03-19;1.332;3;1.332
1992-03-20;1.332;3;1.332
1992-03-21;1.213;3;1.213
1992-03-22;1.174;3;1.174
1992-03-23;1.154;3;1.154
1992-03-24;1.095;3;1.095
1992-03-25;1.075;3;1.075
1992-03-26;0.937;3;0.937
1992-03-27;0.937;3;0.937
1992-03-28;0.917;3;0.917
1992-03-29;0.858;3;0.858
1992-03-30;0.927;3;0.927
1992-03-31;1.196;3;1.196
1992-04-01;1.095;4;1.095
1992-04-02;1.055;4;1.055
1992-04-03;0.977;4;0.977
1992-04-04;0.878;4;0.878
1992-04-05;0.858;4;0.858
1992-04-06;0.838;4;0.838
1992-04-07;0.799;4;0.799
1992-04-08;0.759;4;0.759
1992-04-09;0.72;4;0.72
1992-04-10;0.7;4;0.7
1992-04-11;0.7;4;0.7
1992-04-12;1.225;4;1.225
1992-04-13;1.16;4;1.16
1992-04-14;0.819;4;0.819
1992-04-15;3.18;4;3.18
1992-04-16;1.553;4;1.553
1992-04-17;2.208;4;2.208
1992-04-18;1.957;4;1.957
1992-04-19;2.771;4;2.771
1992-04-20;2.36;4;2.36
1992-04-21;1.86;4;1.86
1992-04-22;3.265;4;3.265
1992-04-23;2.541;4;2.541
1992-04-24;4.646;4;4.646
1992-04-25;9.322;4;9.322
1992-04-26;3.446;4;3.446
1992-04-27;2.695;4;2.695
1992-04-28;2.44;4;2.44
1992-04-29;2.44;4;2.44
1992-04-30;2.44;4;2.44
1992-05-01;2.648;5;2.648
1992-05-02;2.25;5;2.25
1992-05-03;2.302;5;2.302
1992-05-04;2.25;5;2.25
1992-05-05;2.239;5;2.239
1992-05-06;2.06;5;2.06
1992-05-07;2.06;5;2.06
1992-05-08;2.516;5;2.516
1992-05-09;2.223;5;2.223
1992-05-10;1.87;5;1.87
1992-05-11;1.87;5;1.87
1992-05-12;1.87;5;1.87
1992-05-13;1.87;5;1.87
1992-05-14;1.68;5;1.68
1992-05-15;1.68;5;1.68
1992-05-16;2.121;5;2.121
1992-05-17;2.737;5;2.737
1992-05-18;1.68;5;1.68
1992-05-19;1.68;5;1.68
1992-05-20;1.68;5;1.68
1992-05-21;1.68;5;1.68
1992-05-22;2.407;5;2.407
1992-05-23;6.842;5;6.842
1992-05-24;2.12;5;2.12
1992-05-25;1.775;5;1.775
1992-05-26;1.775;5;1.775
1992-05-27;2.593;5;2.593
1992-05-28;4.569;5;4.569
1992-05-29;9.55;5;9.55
1992-05-30;4.478;5;4.478
1992-05-31;3.506;5;3.506
1992-06-01;3.465;6;3.465
1992-06-02;4.855;6;4.855
1992-06-03;6.328;6;6.328
1992-06-04;4.197;6;4.197
1992-06-05;3.676;6;3.676
1992-06-06;3.359;6;3.359
1992-06-07;3.135;6;3.135
1992-06-08;2.988;6;2.988
1992-06-09;2.765;6;2.765
1992-06-10;2.695;6;2.695
1992-06-11;2.568;6;2.568
1992-06-12;2.441;6;2.441
1992-06-13;2.297;6;2.297
1992-06-14;2.131;6;2.131
1992-06-15;2.06;6;2.06
1992-06-16;1.965;6;1.965
1992-06-17;1.965;6;1.965
1992-06-18;1.941;6;1.941
1992-06-19;1.913;6;1.913
1992-06-20;1.869;6;1.869
1992-06-21;1.799;6;1.799
1992-06-22;1.775;6;1.775
1992-06-23;1.751;6;1.751
1992-06-24;1.704;6;1.704
1992-06-25;1.68;6;1.68
1992-06-26;1.656;6;1.656
1992-06-27;1.609;6;1.609
1992-06-28;1.585;6;1.585
1992-06-29;1.561;6;1.561
1992-06-30;1.514;6;1.514
1992-07-01;1.49;7;1.49
1992-07-02;1.431;7;1.431
1992-07-03;1.411;7;1.411
1992-07-04;1.391;7;1.391
1992-07-05;1.352;7;1.352
1992-07-06;1.332;7;1.332
1992-07-07;1.226;7;1.226
1992-07-08;1.154;7;1.154
1992-07-09;1.141;7;1.141
1992-07-10;1.232;7;1.232
1992-07-11;1.241;7;1.241
1992-07-12;1.195;7;1.195
1992-07-13;1.818;7;1.818
1992-07-14;1.983;7;1.983
1992-07-15;1.606;7;1.606
1992-07-16;1.413;7;1.413
1992-07-17;1.332;7;1.332
1992-07-18;1.257;7;1.257
1992-07-19;1.169;7;1.169
1992-07-20;1.158;7;1.158
1992-07-21;1.134;7;1.134
1992-07-22;1.153;7;1.153
1992-07-23;1.152;7;1.152
1992-07-24;1.079;7;1.079
1992-07-25;1.016;7;1.016
1992-07-26;1.016;7;1.016
1992-07-27;0.995;7;0.995
1992-07-28;0.963;7;0.963
1992-07-29;0.937;7;0.937
1992-07-30;0.941;7;0.941
1992-07-31;0.995;7;0.995
1992-08-01;0.85;8;0.85
1992-08-02;0.818;8;0.818
1992-08-03;0.822;8;0.822
1992-08-04;0.741;8;0.741
1992-08-05;0.713;8;0.713
1992-08-06;0.765;8;0.765
1992-08-07;0.735;8;0.735
1992-08-08;0.711;8;0.711
1992-08-09;0.69;8;0.69
1992-08-10;0.719;8;0.719
1992-08-11;0.698;8;0.698
1992-08-12;0.575;8;0.575
1992-08-13;0.576;8;0.576
1992-08-14;0.573;8;0.573
1992-08-15;0.767;8;0.767
1992-08-16;0.887;8;0.887
1992-08-17;0.784;8;0.784
1992-08-18;0.683;8;0.683
1992-08-19;0.772;8;0.772
1992-08-20;1.129;8;1.129
1992-08-21;0.678;8;0.678
1992-08-22;0.589;8;0.589
1992-08-23;0.583;8;0.583
1992-08-24;0.645;8;0.645
1992-08-25;0.516;8;0.516
1992-08-26;0.415;8;0.415
1992-08-27;0.405;8;0.405
1992-08-28;0.42;8;0.42
1992-08-29;0.401;8;0.401
1992-08-30;0.41;8;0.41
1992-08-31;0.468;8;0.468
1992-09-01;0.402;9;0.402
1992-09-02;0.393;9;0.393
1992-09-03;0.382;9;0.382
1992-09-04;0.434;9;0.434
1992-09-05;0.393;9;0.393
1992-09-06;0.389;9;0.389
1992-09-07;0.485;9;0.485
1992-09-08;0.401;9;0.401
1992-09-09;0.385;9;0.385
1992-09-10;0.339;9;0.339
1992-09-11;0.322;9;0.322
1992-09-12;0.295;9;0.295
1992-09-13;0.312;9;0.312
1992-09-14;0.748;9;0.748
1992-09-15;1.144;9;1.144
1992-09-16;0.976;9;0.976
1992-09-17;0.618;9;0.618
1992-09-18;1.579;9;1.579
1992-09-19;0.919;9;0.919
1992-09-20;0.53;9;0.53
1992-09-21;0.982;9;0.982
1992-09-22;0.798;9;0.798
1992-09-23;2.033;9;2.033
1992-09-24;1.609;9;1.609
1992-09-25;1.2;9;1.2
1992-09-26;0.743;9;0.743
1992-09-27;1.792;9;1.792
1992-09-28;1.686;9;1.686
1992-09-29;0.856;9;0.856
1992-09-30;0.659;9;0.659
1992-10-01;0.566;10;0.566
1992-10-02;1.204;10;1.204
1992-10-03;2.717;10;2.717
1992-10-04;0.999;10;0.999
1992-10-05;1.253;10;1.253
1992-10-06;4.3;10;4.3
1992-10-07;1.665;10;1.665
1992-10-08;1.053;10;1.053
1992-10-09;1.06;10;1.06
1992-10-10;1.047;10;1.047
1992-10-11;1.087;10;1.087
1992-10-12;2.926;10;2.926
1992-10-13;1.896;10;1.896
1992-10-14;1.282;10;1.282
1992-10-15;1.032;10;1.032
1992-10-16;0.896;10;0.896
1992-10-17;0.805;10;0.805
1992-10-18;0.81;10;0.81
1992-10-19;0.832;10;0.832
1992-10-20;0.925;10;0.925
1992-10-21;0.777;10;0.777
1992-10-22;0.766;10;0.766
1992-10-23;0.769;10;0.769
1992-10-24;2.474;10;2.474
1992-10-25;1.554;10;1.554
1992-10-26;1.062;10;1.062
1992-10-27;0.913;10;0.913
1992-10-28;1.968;10;1.968
1992-10-29;5.513;10;5.513
1992-10-30;3.794;10;3.794
1992-10-31;1.735;10;1.735
1992-11-01;1.397;11;1.397
1992-11-02;1.559;11;1.559
1992-11-03;1.218;11;1.218
1992-11-04;1.077;11;1.077
1992-11-05;1.223;11;1.223
1992-11-06;2.85;11;2.85
1992-11-07;1.753;11;1.753
1992-11-08;1.316;11;1.316
1992-11-09;1.197;11;1.197
1992-11-10;1.097;11;1.097
1992-11-11;1.314;11;1.314
1992-11-12;1.161;11;1.161
1992-11-13;3.816;11;3.816
1992-11-14;2.518;11;2.518
1992-11-15;6.751;11;6.751
1992-11-16;4.182;11;4.182
1992-11-17;3.852;11;3.852
1992-11-18;3.353;11;3.353
1992-11-19;2.67;11;2.67
1992-11-20;2.289;11;2.289
1992-11-21;2.427;11;2.427
1992-11-22;3.045;11;3.045
1992-11-23;3.874;11;3.874
1992-11-24;3.066;11;3.066
1992-11-25;2.443;11;2.443
1992-11-26;2.206;11;2.206
1992-11-27;2.2;11;2.2
1992-11-28;2.547;11;2.547
1992-11-29;3.129;11;3.129
1992-11-30;2.369;11;2.369
1992-12-01;2.112;12;2.112
1992-12-02;2.507;12;2.507
1992-12-03;2.371;12;2.371
1992-12-04;1.941;12;1.941
1992-12-05;2.787;12;2.787
1992-12-06;3.985;12;3.985
1992-12-07;2.935;12;2.935
1992-12-08;2.608;12;2.608
1992-12-09;5.944;12;5.944
1992-12-10;8.229;12;8.229
1992-12-11;4.846;12;4.846
1992-12-12;8.028;12;8.028
1992-12-13;5.835;12;5.835
1992-12-14;4.56;12;4.56
1992-12-15;4.327;12;4.327
1992-12-16;7.411;12;7.411
1992-12-17;4.189;12;4.189
1992-12-18;3.638;12;3.638
1992-12-19;3.314;12;3.314
1992-12-20;4.492;12;4.492
1992-12-21;9.29;12;9.29
1992-12-22;5.479;12;5.479
1992-12-23;4.369;12;4.369
1992-12-24;3.954;12;3.954
1992-12-25;3.648;12;3.648
1992-12-26;3.367;12;3.367
1992-12-27;3.106;12;3.106
1992-12-28;2.954;12;2.954
1992-12-29;3.633;12;3.633
1992-12-30;3.006;12;3.006
1992-12-31;3.318;12;3.318
1993-01-01;2.82;1;2.82
1993-01-02;2.62;1;2.62
1993-01-03;2.49;1;2.49
1993-01-04;2.34;1;2.34
1993-01-05;2.74;1;2.74
1993-01-06;4.92;1;4.92
1993-01-07;5.13;1;5.13
1993-01-08;3.88;1;3.88
1993-01-09;3.1;1;3.1
1993-01-10;2.75;1;2.75
1993-01-11;2.59;1;2.59
1993-01-12;2.53;1;2.53
1993-01-13;2.49;1;2.49
1993-01-14;4.34;1;4.34
1993-01-15;2.87;1;2.87
1993-01-16;3.35;1;3.35
1993-01-17;7.09;1;7.09
1993-01-18;3.93;1;3.93
1993-01-19;4.47;1;4.47
1993-01-20;6.02;1;6.02
1993-01-21;3.9;1;3.9
1993-01-22;3.46;1;3.46
1993-01-23;3.21;1;3.21
1993-01-24;3.02;1;3.02
1993-01-25;2.95;1;2.95
1993-01-26;2.8;1;2.8
1993-01-27;2.64;1;2.64
1993-01-28;2.49;1;2.49
1993-01-29;2.44;1;2.44
1993-01-30;2.45;1;2.45
1993-01-31;3.54;1;3.54
1993-02-01;5.83;2;5.83
1993-02-02;5.5;2;5.5
1993-02-03;5.62;2;5.62
1993-02-04;3.74;2;3.74
1993-02-05;3.16;2;3.16
1993-02-06;3.31;2;3.31
1993-02-07;4.22;2;4.22
1993-02-08;2.99;2;2.99
1993-02-09;2.8;2;2.8
1993-02-10;2.92;2;2.92
1993-02-11;3.54;2;3.54
1993-02-12;2.49;2;2.49
1993-02-13;2.3;2;2.3
1993-02-14;2.2;2;2.2
1993-02-15;2.14;2;2.14
1993-02-16;2.05;2;2.05
1993-02-17;1.99;2;1.99
1993-02-18;2.26;2;2.26
1993-02-19;2.23;2;2.23
1993-02-20;1.92;2;1.92
1993-02-21;1.77;2;1.77
1993-02-22;1.7;2;1.7
1993-02-23;1.66;2;1.66
1993-02-24;1.59;2;1.59
1993-02-25;3.01;2;3.01
1993-02-26;2.05;2;2.05
1993-02-27;6.79;2;6.79
1993-02-28;7.09;2;7.09
1993-03-01;4.68;3;4.68
1993-03-02;5.02;3;5.02
1993-03-03;4.08;3;4.08
1993-03-04;4.25;3;4.25
1993-03-05;3.68;3;3.68
1993-03-06;3.6;3;3.6
1993-03-07;3.26;3;3.26
1993-03-08;3.5;3;3.5
1993-03-09;3.99;3;3.99
1993-03-10;3.1;3;3.1
1993-03-11;2.87;3;2.87
1993-03-12;2.74;3;2.74
1993-03-13;2.57;3;2.57
1993-03-14;2.44;3;2.44
1993-03-15;2.41;3;2.41
1993-03-16;2.84;3;2.84
1993-03-17;2.6;3;2.6
1993-03-18;2.87;3;2.87
1993-03-19;2.23;3;2.23
1993-03-20;3.24;3;3.24
1993-03-21;2.98;3;2.98
1993-03-22;2.49;3;2.49
1993-03-23;2.99;3;2.99
1993-03-24;4.42;3;4.42
1993-03-25;5.81;3;5.81
1993-03-26;6.01;3;6.01
1993-03-27;4.75;3;4.75
1993-03-28;4.14;3;4.14
1993-03-29;4.23;3;4.23
1993-03-30;5.96;3;5.96
1993-03-31;4.62;3;4.62
1993-04-01;4.24;4;4.24
1993-04-02;3.95;4;3.95
1993-04-03;3.79;4;3.79
1993-04-04;4.04;4;4.04
1993-04-05;6.72;4;6.72
1993-04-06;5.18;4;5.18
1993-04-07;5.83;4;5.83
1993-04-08;7.9;4;7.9
1993-04-09;6.78;4;6.78
1993-04-10;5.54;4;5.54
1993-04-11;5.12;4;5.12
1993-04-12;6.17;4;6.17
1993-04-13;6.47;4;6.47
1993-04-14;12.6;4;12.6
1993-04-15;9.83;4;9.83
1993-04-16;15.13;4;15.13
1993-04-17;15.59;4;15.59
1993-04-18;12.89;4;12.89
1993-04-19;9.84;4;9.84
1993-04-20;8.33;4;8.33
1993-04-21;7.61;4;7.61
1993-04-22;6.81;4;6.81
1993-04-23;6.22;4;6.22
1993-04-24;6.33;4;6.33
1993-04-25;6.27;4;6.27
1993-04-26;5.63;4;5.63
1993-04-27;9.64;4;9.64
1993-04-28;6.4;4;6.4
1993-04-29;5.67;4;5.67
1993-04-30;5.2;4;5.2
1993-05-01;10.06;5;10.06
1993-05-02;8.05;5;8.05
1993-05-03;6.8;5;6.8
1993-05-04;16.42;5;16.42
1993-05-05;12.79;5;12.79
1993-05-06;14.26;5;14.26
1993-05-07;12.58;5;12.58
1993-05-08;9.68;5;9.68
1993-05-09;10.57;5;10.57
1993-05-10;9.58;5;9.58
1993-05-11;7.78;5;7.78
1993-05-12;7.3;5;7.3
1993-05-13;8.79;5;8.79
1993-05-14;7.4;5;7.4
1993-05-15;6.56;5;6.56
1993-05-16;6.1;5;6.1
1993-05-17;5.65;5;5.65
1993-05-18;5.32;5;5.32
1993-05-19;5.13;5;5.13
1993-05-20;5.39;5;5.39
1993-05-21;5.05;5;5.05
1993-05-22;4.52;5;4.52
1993-05-23;4.88;5;4.88
1993-05-24;4.38;5;4.38
1993-05-25;5.55;5;5.55
1993-05-26;6.67;5;6.67
1993-05-27;4.73;5;4.73
1993-05-28;6.29;5;6.29
1993-05-29;5.22;5;5.22
1993-05-30;4.42;5;4.42
1993-05-31;4.03;5;4.03
1993-06-01;3.83;6;3.83
1993-06-02;3.56;6;3.56
1993-06-03;3.44;6;3.44
1993-06-04;3.34;6;3.34
1993-06-05;3.26;6;3.26
1993-06-06;3.19;6;3.19
1993-06-07;3.19;6;3.19
1993-06-08;3.03;6;3.03
1993-06-09;3.0;6;3.0
1993-06-10;2.87;6;2.87
1993-06-11;2.85;6;2.85
1993-06-12;2.85;6;2.85
1993-06-13;2.8;6;2.8
1993-06-14;2.75;6;2.75
1993-06-15;2.7;6;2.7
1993-06-16;2.57;6;2.57
1993-06-17;2.44;6;2.44
1993-06-18;2.44;6;2.44
1993-06-19;2.44;6;2.44
1993-06-20;2.44;6;2.44
1993-06-21;2.44;6;2.44
1993-06-22;2.44;6;2.44
1993-06-23;2.39;6;2.39
1993-06-24;2.2;6;2.2
1993-06-25;2.23;6;2.23
1993-06-26;2.27;6;2.27
1993-06-27;2.77;6;2.77
1993-06-28;2.57;6;2.57
1993-06-29;2.2;6;2.2
1993-06-30;2.25;6;2.25
1993-07-01;3.73;7;3.73
1993-07-02;4.01;7;4.01
1993-07-03;2.27;7;2.27
1993-07-04;1.89;7;1.89
1993-07-05;1.87;7;1.87
1993-07-06;1.77;7;1.77
1993-07-07;1.7;7;1.7
1993-07-08;1.66;7;1.66
1993-07-09;3.37;7;3.37
1993-07-10;2.75;7;2.75
1993-07-11;1.87;7;1.87
1993-07-12;1.73;7;1.73
1993-07-13;1.57;7;1.57
1993-07-14;1.5;7;1.5
1993-07-15;1.96;7;1.96
1993-07-16;1.7;7;1.7
1993-07-17;1.49;7;1.49
1993-07-18;1.49;7;1.49
1993-07-19;1.39;7;1.39
1993-07-20;1.31;7;1.31
1993-07-21;1.28;7;1.28
1993-07-22;1.23;7;1.23
1993-07-23;1.19;7;1.19
1993-07-24;1.3;7;1.3
1993-07-25;1.39;7;1.39
1993-07-26;1.22;7;1.22
1993-07-27;1.2;7;1.2
1993-07-28;1.11;7;1.11
1993-07-29;1.11;7;1.11
1993-07-30;1.1;7;1.1
1993-07-31;1.02;7;1.02
1993-08-01;-999.000;8;1.08
1993-08-02;-999.000;8;1.5
1993-08-03;-999.000;8;1.52
1993-08-04;-999.000;8;1.88
1993-08-05;-999.000;8;1.28
1993-08-06;-999.000;8;1.57
1993-08-07;-999.000;8;3.309
1993-08-08;-999.000;8;1.35
1993-08-09;-999.000;8;1.68
1993-08-10;-999.000;8;1.568
1993-08-11;-999.000;8;1.988
1993-08-12;-999.000;8;1.42
1993-08-13;-999.000;8;1.47
1993-08-14;-999.000;8;1.48
1993-08-15;-999.000;8;3.3
1993-08-16;-999.000;8;0.972
1993-08-17;-999.000;8;2.45
1993-08-18;-999.000;8;2.931
1993-08-19;-999.000;8;1.4
1993-08-20;-999.000;8;1.96
1993-08-21;-999.000;8;1.26
1993-08-22;-999.000;8;6.495
1993-08-23;-999.000;8;0.57
1993-08-24;-999.000;8;0.607
1993-08-25;-999.000;8;0.57
1993-08-26;-999.000;8;1.86
1993-08-27;-999.000;8;1.822
1993-08-28;-999.000;8;1.4
1993-08-29;-999.000;8;0.52
1993-08-30;-999.000;8;1.81
1993-08-31;-999.000;8;2.98
1993-09-01;1.1;9;1.1
1993-09-02;1.1;9;1.1
1993-09-03;1.1;9;1.1
1993-09-04;1.1;9;1.1
1993-09-05;1.0;9;1.0
1993-09-06;1.0;9;1.0
1993-09-07;1.0;9;1.0
1993-09-08;1.0;9;1.0
1993-09-09;0.97;9;0.97
1993-09-10;0.88;9;0.88
1993-09-11;0.82;9;0.82
1993-09-12;0.84;9;0.84
1993-09-13;0.82;9;0.82
1993-09-14;0.9;9;0.9
1993-09-15;0.86;9;0.86
1993-09-16;0.82;9;0.82
1993-09-17;0.75;9;0.75
1993-09-18;0.7;9;0.7
1993-09-19;0.88;9;0.88
1993-09-20;0.88;9;0.88
1993-09-21;0.7;9;0.7
1993-09-22;0.68;9;0.68
1993-09-23;1.75;9;1.75
1993-09-24;3.04;9;3.04
1993-09-25;2.53;9;2.53
1993-09-26;1.16;9;1.16
1993-09-27;0.97;9;0.97
1993-09-28;1.31;9;1.31
1993-09-29;1.99;9;1.99
1993-09-30;1.35;9;1.35
1993-10-01;1.97;10;1.97
1993-10-02;1.32;10;1.32
1993-10-03;2.06;10;2.06
1993-10-04;1.91;10;1.91
1993-10-05;1.16;10;1.16
1993-10-06;1.0;10;1.0
1993-10-07;1.09;10;1.09
1993-10-08;0.89;10;0.89
1993-10-09;1.01;10;1.01
1993-10-10;0.84;10;0.84
1993-10-11;0.86;10;0.86
1993-10-12;0.96;10;0.96
1993-10-13;0.84;10;0.84
1993-10-14;0.81;10;0.81
1993-10-15;9.85;10;9.85
1993-10-16;6.01;10;6.01
1993-10-17;8.22;10;8.22
1993-10-18;5.26;10;5.26
1993-10-19;5.86;10;5.86
1993-10-20;3.75;10;3.75
1993-10-21;5.96;10;5.96
1993-10-22;3.89;10;3.89
1993-10-23;3.17;10;3.17
1993-10-24;2.84;10;2.84
1993-10-25;2.79;10;2.79
1993-10-26;6.0;10;6.0
1993-10-27;3.69;10;3.69
1993-10-28;3.14;10;3.14
1993-10-29;4.5;10;4.5
1993-10-30;6.1;10;6.1
1993-10-31;6.0;10;6.0
1993-11-01;-999.000;11;9.67
1993-11-02;-999.000;11;2.58
1993-11-03;-999.000;11;5.33
1993-11-04;-999.000;11;2.74
1993-11-05;-999.000;11;5.4
1993-11-06;-999.000;11;17.65
1993-11-07;-999.000;11;6.64
1993-11-08;-999.000;11;1.348
1993-11-09;-999.000;11;2.91
1993-11-10;-999.000;11;7.769
1993-11-11;-999.000;11;7.19
1993-11-12;-999.000;11;3.71
1993-11-13;-999.000;11;8.18
1993-11-14;-999.000;11;6.1
1993-11-15;-999.000;11;10.03
1993-11-16;-999.000;11;4.54
1993-11-17;-999.000;11;6.047
1993-11-18;-999.000;11;8.21
1993-11-19;-999.000;11;1.99
1993-11-20;-999.000;11;4.93
1993-11-21;-999.000;11;8.18
1993-11-22;-999.000;11;2.93
1993-11-23;-999.000;11;5.56
1993-11-24;-999.000;11;8.24
1993-11-25;-999.000;11;4.86
1993-11-26;-999.000;11;2.5
1993-11-27;-999.000;11;6.42
1993-11-28;-999.000;11;2.2
1993-11-29;-999.000;11;8.56
1993-11-30;-999.000;11;2.0
1993-12-01;-999.000;12;11.03
1993-12-02;-999.000;12;9.956
1993-12-03;-999.000;12;5.42
1993-12-04;-999.000;12;5.16
1993-12-05;-999.000;12;4.04
1993-12-06;-999.000;12;9.4
1993-12-07;-999.000;12;7.3
1993-12-08;-999.000;12;4.2
1993-12-09;-999.000;12;10.09
1993-12-10;-999.000;12;12.205
1993-12-11;-999.000;12;18.43
1993-12-12;-999.000;12;8.684
1993-12-13;-999.000;12;11.65
1993-12-14;-999.000;12;4.72
1993-12-15;-999.000;12;5.825
1993-12-16;-999.000;12;3.696
1993-12-17;-999.000;12;16.96
1993-12-18;-999.000;12;2.394
1993-12-19;-999.000;12;4.18
1993-12-20;-999.000;12;2.55
1993-12-21;-999.000;12;3.44
1993-12-22;-999.000;12;2.24
1993-12-23;-999.000;12;5.78
1993-12-24;-999.000;12;1.92
1993-12-25;-999.000;12;13.25
1993-12-26;-999.000;12;2.87
1993-12-27;-999.000;12;6.289
1993-12-28;-999.000;12;11.34
1993-12-29;-999.000;12;14.53
1993-12-30;-999.000;12;3.46
1993-12-31;-999.000;12;7.893
1994-01-01;10.47;1;10.47
1994-01-02;9.7;1;9.7
1994-01-03;9.77;1;9.77
1994-01-04;11.27;1;11.27
1994-01-05;9.19;1;9.19
1994-01-06;8.31;1;8.31
1994-01-07;10.81;1;10.81
1994-01-08;13.44;1;13.44
1994-01-09;15.95;1;15.95
1994-01-10;18.8;1;18.8
1994-01-11;17.92;1;17.92
1994-01-12;17.8;1;17.8
1994-01-13;16.87;1;16.87
1994-01-14;14.7;1;14.7
1994-01-15;14.25;1;14.25
1994-01-16;14.14;1;14.14
1994-01-17;14.74;1;14.74
1994-01-18;12.03;1;12.03
1994-01-19;10.58;1;10.58
1994-01-20;9.81;1;9.81
1994-01-21;9.12;1;9.12
1994-01-22;8.64;1;8.64
1994-01-23;8.28;1;8.28
1994-01-24;7.77;1;7.77
1994-01-25;7.36;1;7.36
1994-01-26;7.05;1;7.05
1994-01-27;6.65;1;6.65
1994-01-28;6.57;1;6.57
1994-01-29;6.5;1;6.5
1994-01-30;6.52;1;6.52
1994-01-31;6.55;1;6.55
1994-02-01;7.81;2;7.81
1994-02-02;6.61;2;6.61
1994-02-03;7.45;2;7.45
1994-02-04;6.59;2;6.59
1994-02-05;6.11;2;6.11
1994-02-06;8.72;2;8.72
1994-02-07;7.08;2;7.08
1994-02-08;6.93;2;6.93
1994-02-09;6.53;2;6.53
1994-02-10;6.28;2;6.28
1994-02-11;6.1;2;6.1
1994-02-12;5.89;2;5.89
1994-02-13;5.83;2;5.83
1994-02-14;5.71;2;5.71
1994-02-15;5.77;2;5.77
1994-02-16;5.52;2;5.52
1994-02-17;5.38;2;5.38
1994-02-18;5.25;2;5.25
1994-02-19;5.15;2;5.15
1994-02-20;5.08;2;5.08
1994-02-21;6.15;2;6.15
1994-02-22;5.19;2;5.19
1994-02-23;5.45;2;5.45
1994-02-24;5.74;2;5.74
1994-02-25;7.19;2;7.19
1994-02-26;5.78;2;5.78
1994-02-27;7.2;2;7.2
1994-02-28;5.05;2;5.05
1994-03-01;4.5;3;4.5
1994-03-02;6.5;3;6.5
1994-03-03;8.06;3;8.06
1994-03-04;8.95;3;8.95
1994-03-05;7.4;3;7.4
1994-03-06;6.12;3;6.12
1994-03-07;6.58;3;6.58
1994-03-08;5.71;3;5.71
1994-03-09;5.54;3;5.54
1994-03-10;5.21;3;5.21
1994-03-11;5.09;3;5.09
1994-03-12;8.04;3;8.04
1994-03-13;11.03;3;11.03
1994-03-14;9.19;3;9.19
1994-03-15;9.03;3;9.03
1994-03-16;8.1;3;8.1
1994-03-17;7.85;3;7.85
1994-03-18;7.04;3;7.04
1994-03-19;6.59;3;6.59
1994-03-20;6.64;3;6.64
1994-03-21;6.29;3;6.29
1994-03-22;6.03;3;6.03
1994-03-23;5.93;3;5.93
1994-03-24;6.29;3;6.29
1994-03-25;5.43;3;5.43
1994-03-26;5.25;3;5.25
1994-03-27;5.04;3;5.04
1994-03-28;5.37;3;5.37
1994-03-29;9.16;3;9.16
1994-03-30;7.49;3;7.49
1994-03-31;10.62;3;10.62
1994-04-01;9.28;4;9.28
1994-04-02;18.44;4;18.44
1994-04-03;14.81;4;14.81
1994-04-04;11.46;4;11.46
1994-04-05;14.17;4;14.17
1994-04-06;10.91;4;10.91
1994-04-07;12.15;4;12.15
1994-04-08;11.04;4;11.04
1994-04-09;10.14;4;10.14
1994-04-10;11.38;4;11.38
1994-04-11;9.91;4;9.91
1994-04-12;16.74;4;16.74
1994-04-13;11.99;4;11.99
1994-04-14;12.38;4;12.38
1994-04-15;9.46;4;9.46
1994-04-16;9.86;4;9.86
1994-04-17;11.57;4;11.57
1994-04-18;8.74;4;8.74
1994-04-19;9.33;4;9.33
1994-04-20;8.29;4;8.29
1994-04-21;7.66;4;7.66
1994-04-22;7.02;4;7.02
1994-04-23;6.72;4;6.72
1994-04-24;6.36;4;6.36
1994-04-25;6.23;4;6.23
1994-04-26;17.5;4;17.5
1994-04-27;11.09;4;11.09
1994-04-28;8.3;4;8.3
1994-04-29;8.73;4;8.73
1994-04-30;7.45;4;7.45
1994-05-01;5.77;5;5.77
1994-05-02;6.9;5;6.9
1994-05-03;6.59;5;6.59
1994-05-04;6.41;5;6.41
1994-05-05;6.16;5;6.16
1994-05-06;6.07;5;6.07
1994-05-07;6.04;5;6.04
1994-05-08;5.96;5;5.96
1994-05-09;5.68;5;5.68
1994-05-10;5.43;5;5.43
1994-05-11;5.31;5;5.31
1994-05-12;5.29;5;5.29
1994-05-13;7.46;5;7.46
1994-05-14;5.4;5;5.4
1994-05-15;5.23;5;5.23
1994-05-16;7.47;5;7.47
1994-05-17;10.93;5;10.93
1994-05-18;8.89;5;8.89
1994-05-19;8.04;5;8.04
1994-05-20;7.56;5;7.56
1994-05-21;6.59;5;6.59
1994-05-22;6.93;5;6.93
1994-05-23;6.43;5;6.43
1994-05-24;8.86;5;8.86
1994-05-25;12.58;5;12.58
1994-05-26;18.31;5;18.31
1994-05-27;15.52;5;15.52
1994-05-28;13.24;5;13.24
1994-05-29;11.55;5;11.55
1994-05-30;10.95;5;10.95
1994-05-31;15.73;5;15.73
1994-06-01;12.16;6;12.16
1994-06-02;10.91;6;10.91
1994-06-03;10.62;6;10.62
1994-06-04;9.17;6;9.17
1994-06-05;8.83;6;8.83
1994-06-06;8.51;6;8.51
1994-06-07;8.08;6;8.08
1994-06-08;8.08;6;8.08
1994-06-09;7.52;6;7.52
1994-06-10;7.24;6;7.24
1994-06-11;6.93;6;6.93
1994-06-12;6.72;6;6.72
1994-06-13;6.47;6;6.47
1994-06-14;6.32;6;6.32
1994-06-15;6.3;6;6.3
1994-06-16;6.07;6;6.07
1994-06-17;5.98;6;5.98
1994-06-18;5.97;6;5.97
1994-06-19;6.3;6;6.3
1994-06-20;6.94;6;6.94
1994-06-21;5.92;6;5.92
1994-06-22;5.71;6;5.71
1994-06-23;6.47;6;6.47
1994-06-24;6.74;6;6.74
1994-06-25;6.81;6;6.81
1994-06-26;6.04;6;6.04
1994-06-27;5.74;6;5.74
1994-06-28;5.43;6;5.43
1994-06-29;5.22;6;5.22
1994-06-30;5.04;6;5.04
1994-07-01;4.87;7;4.87
1994-07-02;4.82;7;4.82
1994-07-03;4.79;7;4.79
1994-07-04;4.89;7;4.89
1994-07-05;4.76;7;4.76
1994-07-06;4.67;7;4.67
1994-07-07;4.83;7;4.83
1994-07-08;4.5;7;4.5
1994-07-09;4.39;7;4.39
1994-07-10;4.28;7;4.28
1994-07-11;4.17;7;4.17
1994-07-12;4.11;7;4.11
1994-07-13;4.06;7;4.06
1994-07-14;3.98;7;3.98
1994-07-15;3.92;7;3.92
1994-07-16;3.87;7;3.87
1994-07-17;3.84;7;3.84
1994-07-18;3.79;7;3.79
1994-07-19;3.76;7;3.76
1994-07-20;3.71;7;3.71
1994-07-21;3.71;7;3.71
1994-07-22;5.2;7;5.2
1994-07-23;4.22;7;4.22
1994-07-24;3.98;7;3.98
1994-07-25;3.84;7;3.84
1994-07-26;6.24;7;6.24
1994-07-27;4.83;7;4.83
1994-07-28;4.56;7;4.56
1994-07-29;4.39;7;4.39
1994-07-30;4.28;7;4.28
1994-07-31;4.68;7;4.68
1994-08-01;4.2;8;4.2
1994-08-02;4.09;8;4.09
1994-08-03;4.09;8;4.09
1994-08-04;3.98;8;3.98
1994-08-05;3.92;8;3.92
1994-08-06;3.9;8;3.9
1994-08-07;4.09;8;4.09
1994-08-08;3.87;8;3.87
1994-08-09;3.89;8;3.89
1994-08-10;5.18;8;5.18
1994-08-11;5.7;8;5.7
1994-08-12;4.22;8;4.22
1994-08-13;4.14;8;4.14
1994-08-14;3.87;8;3.87
1994-08-15;3.73;8;3.73
1994-08-16;3.6;8;3.6
1994-08-17;3.49;8;3.49
1994-08-18;3.41;8;3.41
1994-08-19;3.36;8;3.36
1994-08-20;3.33;8;3.33
1994-08-21;3.28;8;3.28
1994-08-22;3.36;8;3.36
1994-08-23;3.47;8;3.47
1994-08-24;3.96;8;3.96
1994-08-25;4.18;8;4.18
1994-08-26;3.62;8;3.62
1994-08-27;3.41;8;3.41
1994-08-28;3.31;8;3.31
1994-08-29;3.26;8;3.26
1994-08-30;3.26;8;3.26
1994-08-31;3.23;8;3.23
1994-09-01;3.18;9;3.18
1994-09-02;3.18;9;3.18
1994-09-03;3.16;9;3.16
1994-09-04;3.18;9;3.18
1994-09-05;2.98;9;2.98
1994-09-06;2.7;9;2.7
1994-09-07;2.64;9;2.64
1994-09-08;2.64;9;2.64
1994-09-09;2.64;9;2.64
1994-09-10;2.62;9;2.62
1994-09-11;2.59;9;2.59
1994-09-12;2.57;9;2.57
1994-09-13;2.54;9;2.54
1994-09-14;2.54;9;2.54
1994-09-15;2.54;9;2.54
1994-09-16;2.52;9;2.52
1994-09-17;2.49;9;2.49
1994-09-18;2.47;9;2.47
1994-09-19;1.94;9;1.94
1994-09-20;1.45;9;1.45
1994-09-21;1.45;9;1.45
1994-09-22;1.41;9;1.41
1994-09-23;1.41;9;1.41
1994-09-24;1.41;9;1.41
1994-09-25;1.39;9;1.39
1994-09-26;1.37;9;1.37
1994-09-27;1.37;9;1.37
1994-09-28;1.35;9;1.35
1994-09-29;1.33;9;1.33
1994-09-30;1.33;9;1.33
1994-10-01;1.33;10;1.33
1994-10-02;1.33;10;1.33
1994-10-03;1.33;10;1.33
1994-10-04;1.34;10;1.34
1994-10-05;1.25;10;1.25
1994-10-06;1.23;10;1.23
1994-10-07;2.53;10;2.53
1994-10-08;2.2;10;2.2
1994-10-09;1.89;10;1.89
1994-10-10;1.89;10;1.89
1994-10-11;3.15;10;3.15
1994-10-12;3.33;10;3.33
1994-10-13;2.29;10;2.29
1994-10-14;1.82;10;1.82
1994-10-15;1.66;10;1.66
1994-10-16;1.54;10;1.54
1994-10-17;1.49;10;1.49
1994-10-18;1.99;10;1.99
1994-10-19;2.05;10;2.05
1994-10-20;2.46;10;2.46
1994-10-21;1.89;10;1.89
1994-10-22;1.9;10;1.9
1994-10-23;3.64;10;3.64
1994-10-24;2.55;10;2.55
1994-10-25;2.06;10;2.06
1994-10-26;1.85;10;1.85
1994-10-27;2.29;10;2.29
1994-10-28;1.97;10;1.97
1994-10-29;1.91;10;1.91
1994-10-30;1.73;10;1.73
1994-10-31;1.96;10;1.96
1994-11-01;1.87;11;1.87
1994-11-02;1.78;11;1.78
1994-11-03;3.45;11;3.45
1994-11-04;2.65;11;2.65
1994-11-05;3.49;11;3.49
1994-11-06;2.74;11;2.74
1994-11-07;2.4;11;2.4
1994-11-08;3.93;11;3.93
1994-11-09;2.65;11;2.65
1994-11-10;2.81;11;2.81
1994-11-11;2.71;11;2.71
1994-11-12;2.5;11;2.5
1994-11-13;2.16;11;2.16
1994-11-14;2.06;11;2.06
1994-11-15;2.57;11;2.57
1994-11-16;2.17;11;2.17
1994-11-17;2.12;11;2.12
1994-11-18;4.44;11;4.44
1994-11-19;3.09;11;3.09
1994-11-20;6.5;11;6.5
1994-11-21;7.22;11;7.22
1994-11-22;6.87;11;6.87
1994-11-23;6.59;11;6.59
1994-11-24;5.41;11;5.41
1994-11-25;10.1;11;10.1
1994-11-26;7.28;11;7.28
1994-11-27;10.55;11;10.55
1994-11-28;10.09;11;10.09
1994-11-29;7.99;11;7.99
1994-11-30;6.72;11;6.72
1994-12-01;11.25;12;11.25
1994-12-02;8.99;12;8.99
1994-12-03;7.25;12;7.25
1994-12-04;6.56;12;6.56
1994-12-05;6.01;12;6.01
1994-12-06;5.62;12;5.62
1994-12-07;5.22;12;5.22
1994-12-08;4.89;12;4.89
1994-12-09;4.61;12;4.61
1994-12-10;4.33;12;4.33
1994-12-11;4.17;12;4.17
1994-12-12;4.01;12;4.01
1994-12-13;3.81;12;3.81
1994-12-14;3.71;12;3.71
1994-12-15;4.32;12;4.32
1994-12-16;3.95;12;3.95
1994-12-17;3.44;12;3.44
1994-12-18;3.31;12;3.31
1994-12-19;3.41;12;3.41
1994-12-20;6.15;12;6.15
1994-12-21;5.37;12;5.37
1994-12-22;3.95;12;3.95
1994-12-23;3.64;12;3.64
1994-12-24;3.82;12;3.82
1994-12-25;4.48;12;4.48
1994-12-26;4.31;12;4.31
1994-12-27;3.79;12;3.79
1994-12-28;3.57;12;3.57
1994-12-29;3.41;12;3.41
1994-12-30;3.58;12;3.58
1994-12-31;3.26;12;3.26
1995-01-01;3.13;1;3.13
1995-01-02;3.05;1;3.05
1995-01-03;3.0;1;3.0
1995-01-04;2.92;1;2.92
1995-01-05;2.85;1;2.85
1995-01-06;2.8;1;2.8
1995-01-07;2.78;1;2.78
1995-01-08;3.11;1;3.11
1995-01-09;3.64;1;3.64
1995-01-10;2.82;1;2.82
1995-01-11;2.69;1;2.69
1995-01-12;2.8;1;2.8
1995-01-13;2.72;1;2.72
1995-01-14;2.8;1;2.8
1995-01-15;2.59;1;2.59
1995-01-16;2.49;1;2.49
1995-01-17;3.17;1;3.17
1995-01-18;2.57;1;2.57
1995-01-19;2.47;1;2.47
1995-01-20;2.95;1;2.95
1995-01-21;2.44;1;2.44
1995-01-22;2.42;1;2.42
1995-01-23;2.37;1;2.37
1995-01-24;2.3;1;2.3
1995-01-25;2.25;1;2.25
1995-01-26;2.25;1;2.25
1995-01-27;2.2;1;2.2
1995-01-28;2.11;1;2.11
1995-01-29;2.06;1;2.06
1995-01-30;2.06;1;2.06
1995-01-31;2.06;1;2.06
1995-02-01;2.28;2;2.28
1995-02-02;2.13;2;2.13
1995-02-03;2.01;2;2.01
1995-02-04;1.92;2;1.92
1995-02-05;1.87;2;1.87
1995-02-06;1.87;2;1.87
1995-02-07;1.85;2;1.85
1995-02-08;1.8;2;1.8
1995-02-09;1.78;2;1.78
1995-02-10;1.73;2;1.73
1995-02-11;1.68;2;1.68
1995-02-12;1.68;2;1.68
1995-02-13;1.68;2;1.68
1995-02-14;1.68;2;1.68
1995-02-15;1.68;2;1.68
1995-02-16;1.63;2;1.63
1995-02-17;1.56;2;1.56
1995-02-18;1.51;2;1.51
1995-02-19;1.49;2;1.49
1995-02-20;1.6;2;1.6
1995-02-21;1.74;2;1.74
1995-02-22;1.8;2;1.8
1995-02-23;1.59;2;1.59
1995-02-24;1.49;2;1.49
1995-02-25;1.49;2;1.49
1995-02-26;1.49;2;1.49
1995-02-27;1.47;2;1.47
1995-02-28;1.45;2;1.45
1995-03-01;1.45;3;1.45
1995-03-02;1.45;3;1.45
1995-03-03;1.45;3;1.45
1995-03-04;1.5;3;1.5
1995-03-05;1.45;3;1.45
1995-03-06;1.49;3;1.49
1995-03-07;1.66;3;1.66
1995-03-08;2.3;3;2.3
1995-03-09;3.29;3;3.29
1995-03-10;2.24;3;2.24
1995-03-11;3.01;3;3.01
1995-03-12;2.35;3;2.35
1995-03-13;1.78;3;1.78
1995-03-14;1.63;3;1.63
1995-03-15;1.54;3;1.54
1995-03-16;1.49;3;1.49
1995-03-17;1.49;3;1.49
1995-03-18;1.49;3;1.49
1995-03-19;1.49;3;1.49
1995-03-20;1.61;3;1.61
1995-03-21;1.63;3;1.63
1995-03-22;2.58;3;2.58
1995-03-23;2.09;3;2.09
1995-03-24;2.31;3;2.31
1995-03-25;2.01;3;2.01
1995-03-26;2.13;3;2.13
1995-03-27;1.87;3;1.87
1995-03-28;1.78;3;1.78
1995-03-29;1.74;3;1.74
1995-03-30;1.68;3;1.68
1995-03-31;1.63;3;1.63
1995-04-01;3.96;4;3.96
1995-04-02;2.65;4;2.65
1995-04-03;2.06;4;2.06
1995-04-04;1.87;4;1.87
1995-04-05;1.78;4;1.78
1995-04-06;1.68;4;1.68
1995-04-07;4.76;4;4.76
1995-04-08;5.68;4;5.68
1995-04-09;4.48;4;4.48
1995-04-10;4.35;4;4.35
1995-04-11;3.1;4;3.1
1995-04-12;3.41;4;3.41
1995-04-13;4.48;4;4.48
1995-04-14;4.13;4;4.13
1995-04-15;4.03;4;4.03
1995-04-16;6.21;4;6.21
1995-04-17;5.16;4;5.16
1995-04-18;5.77;4;5.77
1995-04-19;4.97;4;4.97
1995-04-20;4.34;4;4.34
1995-04-21;10.63;4;10.63
1995-04-22;8.71;4;8.71
1995-04-23;9.01;4;9.01
1995-04-24;7.72;4;7.72
1995-04-25;9.16;4;9.16
1995-04-26;6.26;4;6.26
1995-04-27;11.93;4;11.93
1995-04-28;10.16;4;10.16
1995-04-29;11.35;4;11.35
1995-04-30;8.27;4;8.27
1995-05-01;16.98;5;16.98
1995-05-02;13.53;5;13.53
1995-05-03;9.0;5;9.0
1995-05-04;7.57;5;7.57
1995-05-05;8.89;5;8.89
1995-05-06;10.08;5;10.08
1995-05-07;12.47;5;12.47
1995-05-08;9.0;5;9.0
1995-05-09;7.45;5;7.45
1995-05-10;6.67;5;6.67
1995-05-11;6.01;5;6.01
1995-05-12;5.62;5;5.62
1995-05-13;5.31;5;5.31
1995-05-14;5.26;5;5.26
1995-05-15;5.12;5;5.12
1995-05-16;4.81;5;4.81
1995-05-17;4.92;5;4.92
1995-05-18;4.44;5;4.44
1995-05-19;4.33;5;4.33
1995-05-20;4.17;5;4.17
1995-05-21;4.3;5;4.3
1995-05-22;4.01;5;4.01
1995-05-23;7.0;5;7.0
1995-05-24;6.86;5;6.86
1995-05-25;6.14;5;6.14
1995-05-26;5.47;5;5.47
1995-05-27;5.22;5;5.22
1995-05-28;6.31;5;6.31
1995-05-29;6.38;5;6.38
1995-05-30;5.4;5;5.4
1995-05-31;5.21;5;5.21
1995-06-01;5.23;6;5.23
1995-06-02;4.85;6;4.85
1995-06-03;4.88;6;4.88
1995-06-04;4.67;6;4.67
1995-06-05;4.79;6;4.79
1995-06-06;4.75;6;4.75
1995-06-07;9.56;6;9.56
1995-06-08;6.01;6;6.01
1995-06-09;5.77;6;5.77
1995-06-10;5.53;6;5.53
1995-06-11;5.28;6;5.28
1995-06-12;4.92;6;4.92
1995-06-13;4.79;6;4.79
1995-06-14;6.19;6;6.19
1995-06-15;6.11;6;6.11
1995-06-16;5.2;6;5.2
1995-06-17;4.7;6;4.7
1995-06-18;4.7;6;4.7
1995-06-19;4.44;6;4.44
1995-06-20;4.28;6;4.28
1995-06-21;4.17;6;4.17
1995-06-22;4.11;6;4.11
1995-06-23;4.18;6;4.18
1995-06-24;4.0;6;4.0
1995-06-25;3.95;6;3.95
1995-06-26;3.84;6;3.84
1995-06-27;3.73;6;3.73
1995-06-28;4.87;6;4.87
1995-06-29;4.12;6;4.12
1995-06-30;4.02;6;4.02
1995-07-01;4.06;7;4.06
1995-07-02;3.62;7;3.62
1995-07-03;3.57;7;3.57
1995-07-04;3.62;7;3.62
1995-07-05;3.65;7;3.65
1995-07-06;3.46;7;3.46
1995-07-07;3.46;7;3.46
1995-07-08;3.41;7;3.41
1995-07-09;3.31;7;3.31
1995-07-10;3.26;7;3.26
1995-07-11;3.2;7;3.2
1995-07-12;3.08;7;3.08
1995-07-13;3.08;7;3.08
1995-07-14;3.08;7;3.08
1995-07-15;3.0;7;3.0
1995-07-16;3.0;7;3.0
1995-07-17;3.15;7;3.15
1995-07-18;3.08;7;3.08
1995-07-19;3.1;7;3.1
1995-07-20;4.38;7;4.38
1995-07-21;3.52;7;3.52
1995-07-22;3.05;7;3.05
1995-07-23;3.69;7;3.69
1995-07-24;4.55;7;4.55
1995-07-25;3.86;7;3.86
1995-07-26;4.38;7;4.38
1995-07-27;4.8;7;4.8
1995-07-28;4.57;7;4.57
1995-07-29;3.84;7;3.84
1995-07-30;3.57;7;3.57
1995-07-31;3.31;7;3.31
1995-08-01;6.09;8;6.09
1995-08-02;4.11;8;4.11
1995-08-03;3.46;8;3.46
1995-08-04;3.52;8;3.52
1995-08-05;4.1;8;4.1
1995-08-06;3.48;8;3.48
1995-08-07;3.15;8;3.15
1995-08-08;3.0;8;3.0
1995-08-09;2.9;8;2.9
1995-08-10;2.88;8;2.88
1995-08-11;4.15;8;4.15
1995-08-12;3.41;8;3.41
1995-08-13;3.1;8;3.1
1995-08-14;2.98;8;2.98
1995-08-15;3.0;8;3.0
1995-08-16;3.22;8;3.22
1995-08-17;2.9;8;2.9
1995-08-18;2.75;8;2.75
1995-08-19;2.81;8;2.81
1995-08-20;2.99;8;2.99
1995-08-21;2.67;8;2.67
1995-08-22;2.62;8;2.62
1995-08-23;2.54;8;2.54
1995-08-24;2.74;8;2.74
1995-08-25;3.77;8;3.77
1995-08-26;2.65;8;2.65
1995-08-27;3.49;8;3.49
1995-08-28;2.67;8;2.67
1995-08-29;2.49;8;2.49
1995-08-30;2.44;8;2.44
1995-08-31;2.54;8;2.54
1995-09-01;2.23;9;2.23
1995-09-02;2.23;9;2.23
1995-09-03;2.2;9;2.2
1995-09-04;2.2;9;2.2
1995-09-05;2.2;9;2.2
1995-09-06;2.15;9;2.15
1995-09-07;2.13;9;2.13
1995-09-08;2.13;9;2.13
1995-09-09;2.11;9;2.11
1995-09-10;2.08;9;2.08
1995-09-11;2.23;9;2.23
1995-09-12;3.26;9;3.26
1995-09-13;2.38;9;2.38
1995-09-14;2.2;9;2.2
1995-09-15;2.23;9;2.23
1995-09-16;2.52;9;2.52
1995-09-17;2.06;9;2.06
1995-09-18;1.82;9;1.82
1995-09-19;1.75;9;1.75
1995-09-20;1.7;9;1.7
1995-09-21;1.68;9;1.68
1995-09-22;2.08;9;2.08
1995-09-23;3.33;9;3.33
1995-09-24;3.43;9;3.43
1995-09-25;2.2;9;2.2
1995-09-26;2.13;9;2.13
1995-09-27;2.15;9;2.15
1995-09-28;1.87;9;1.87
1995-09-29;1.92;9;1.92
1995-09-30;1.94;9;1.94
1995-10-01;1.8;10;1.8
1995-10-02;1.7;10;1.7
1995-10-03;1.63;10;1.63
1995-10-04;1.54;10;1.54
1995-10-05;1.49;10;1.49
1995-10-06;1.54;10;1.54
1995-10-07;1.56;10;1.56
1995-10-08;1.98;10;1.98
1995-10-09;5.4;10;5.4
1995-10-10;3.21;10;3.21
1995-10-11;2.69;10;2.69
1995-10-12;2.44;10;2.44
1995-10-13;2.32;10;2.32
1995-10-14;4.49;10;4.49
1995-10-15;3.39;10;3.39
1995-10-16;4.37;10;4.37
1995-10-17;5.1;10;5.1
1995-10-18;3.23;10;3.23
1995-10-19;2.82;10;2.82
1995-10-20;3.84;10;3.84
1995-10-21;5.21;10;5.21
1995-10-22;3.53;10;3.53
1995-10-23;3.31;10;3.31
1995-10-24;3.11;10;3.11
1995-10-25;3.12;10;3.12
1995-10-26;3.72;10;3.72
1995-10-27;3.65;10;3.65
1995-10-28;3.62;10;3.62
1995-10-29;3.2;10;3.2
1995-10-30;3.3;10;3.3
1995-10-31;10.91;10;10.91
1995-11-01;8.54;11;8.54
1995-11-02;7.69;11;7.69
1995-11-03;10.69;11;10.69
1995-11-04;7.65;11;7.65
1995-11-05;10.36;11;10.36
1995-11-06;7.31;11;7.31
1995-11-07;6.82;11;6.82
1995-11-08;10.31;11;10.31
1995-11-09;12.8;11;12.8
1995-11-10;10.63;11;10.63
1995-11-11;16.03;11;16.03
1995-11-12;16.47;11;16.47
1995-11-13;15.75;11;15.75
1995-11-14;14.05;11;14.05
1995-11-15;10.97;11;10.97
1995-11-16;13.57;11;13.57
1995-11-17;14.81;11;14.81
1995-11-18;9.33;11;9.33
1995-11-19;6.7;11;6.7
1995-11-20;6.28;11;6.28
1995-11-21;6.53;11;6.53
1995-11-22;6.57;11;6.57
1995-11-23;5.5;11;5.5
1995-11-24;5.81;11;5.81
1995-11-25;7.63;11;7.63
1995-11-26;8.54;11;8.54
1995-11-27;7.33;11;7.33
1995-11-28;6.44;11;6.44
1995-11-29;6.05;11;6.05
1995-11-30;5.73;11;5.73
1995-12-01;5.48;12;5.48
1995-12-02;5.35;12;5.35
1995-12-03;5.19;12;5.19
1995-12-04;5.4;12;5.4
1995-12-05;5.07;12;5.07
1995-12-06;4.88;12;4.88
1995-12-07;4.92;12;4.92
1995-12-08;4.64;12;4.64
1995-12-09;4.47;12;4.47
1995-12-10;4.28;12;4.28
1995-12-11;4.62;12;4.62
1995-12-12;4.72;12;4.72
1995-12-13;10.14;12;10.14
1995-12-14;8.89;12;8.89
1995-12-15;6.89;12;6.89
1995-12-16;6.11;12;6.11
1995-12-17;5.69;12;5.69
1995-12-18;5.7;12;5.7
1995-12-19;5.42;12;5.42
1995-12-20;6.22;12;6.22
1995-12-21;5.66;12;5.66
1995-12-22;5.1;12;5.1
1995-12-23;5.02;12;5.02
1995-12-24;6.54;12;6.54
1995-12-25;5.72;12;5.72
1995-12-26;5.25;12;5.25
1995-12-27;4.97;12;4.97
1995-12-28;4.9;12;4.9
1995-12-29;6.12;12;6.12
1995-12-30;5.38;12;5.38
1995-12-31;4.92;12;4.92
1996-01-01;4.7;1;4.7
1996-01-02;4.55;1;4.55
1996-01-03;4.45;1;4.45
1996-01-04;6.07;1;6.07
1996-01-05;5.0;1;5.0
1996-01-06;4.64;1;4.64
1996-01-07;4.41;1;4.41
1996-01-08;4.28;1;4.28
1996-01-09;4.2;1;4.2
1996-01-10;4.11;1;4.11
1996-01-11;4.05;1;4.05
1996-01-12;3.95;1;3.95
1996-01-13;3.9;1;3.9
1996-01-14;4.1;1;4.1
1996-01-15;5.05;1;5.05
1996-01-16;5.01;1;5.01
1996-01-17;4.57;1;4.57
1996-01-18;4.68;1;4.68
1996-01-19;4.71;1;4.71
1996-01-20;4.55;1;4.55
1996-01-21;4.59;1;4.59
1996-01-22;4.76;1;4.76
1996-01-23;4.58;1;4.58
1996-01-24;4.41;1;4.41
1996-01-25;4.3;1;4.3
1996-01-26;4.28;1;4.28
1996-01-27;4.2;1;4.2
1996-01-28;5.02;1;5.02
1996-01-29;4.22;1;4.22
1996-01-30;4.16;1;4.16
1996-01-31;7.41;1;7.41
1996-02-01;6.59;2;6.59
1996-02-02;6.44;2;6.44
1996-02-03;10.06;2;10.06
1996-02-04;8.88;2;8.88
1996-02-05;9.22;2;9.22
1996-02-06;13.67;2;13.67
1996-02-07;8.73;2;8.73
1996-02-08;12.82;2;12.82
1996-02-09;12.66;2;12.66
1996-02-10;9.33;2;9.33
1996-02-11;7.68;2;7.68
1996-02-12;6.92;2;6.92
1996-02-13;6.25;2;6.25
1996-02-14;5.89;2;5.89
1996-02-15;5.62;2;5.62
1996-02-16;5.42;2;5.42
1996-02-17;5.67;2;5.67
1996-02-18;5.53;2;5.53
1996-02-19;5.47;2;5.47
1996-02-20;5.34;2;5.34
1996-02-21;4.82;2;4.82
1996-02-22;4.73;2;4.73
1996-02-23;4.97;2;4.97
1996-02-24;4.61;2;4.61
1996-02-25;4.33;2;4.33
1996-02-26;4.28;2;4.28
1996-02-27;4.31;2;4.31
1996-02-28;4.03;2;4.03
1996-02-29;3.95;2;3.95
1996-03-01;4.26;3;4.26
1996-03-02;5.65;3;5.65
1996-03-03;4.5;3;4.5
1996-03-04;4.5;3;4.5
1996-03-05;5.33;3;5.33
1996-03-06;8.32;3;8.32
1996-03-07;7.07;3;7.07
1996-03-08;6.96;3;6.96
1996-03-09;6.23;3;6.23
1996-03-10;6.95;3;6.95
1996-03-11;7.82;3;7.82
1996-03-12;9.28;3;9.28
1996-03-13;7.93;3;7.93
1996-03-14;7.05;3;7.05
1996-03-15;6.82;3;6.82
1996-03-16;9.6;3;9.6
1996-03-17;11.57;3;11.57
1996-03-18;8.36;3;8.36
1996-03-19;7.39;3;7.39
1996-03-20;6.86;3;6.86
1996-03-21;8.17;3;8.17
1996-03-22;7.13;3;7.13
1996-03-23;8.74;3;8.74
1996-03-24;7.09;3;7.09
1996-03-25;6.81;3;6.81
1996-03-26;-999.000;3;1.42
1996-03-27;10.92;3;10.92
1996-03-28;8.16;3;8.16
1996-03-29;7.39;3;7.39
1996-03-30;7.17;3;7.17
1996-03-31;6.46;3;6.46
1996-04-01;6.36;4;6.36
1996-04-02;6.17;4;6.17
1996-04-03;12.42;4;12.42
1996-04-04;7.63;4;7.63
1996-04-05;7.17;4;7.17
1996-04-06;8.78;4;8.78
1996-04-07;10.45;4;10.45
1996-04-08;12.95;4;12.95
1996-04-09;7.9;4;7.9
1996-04-10;8.48;4;8.48
1996-04-11;11.03;4;11.03
1996-04-12;8.0;4;8.0
1996-04-13;7.02;4;7.02
1996-04-14;8.82;4;8.82
1996-04-15;7.19;4;7.19
1996-04-16;7.4;4;7.4
1996-04-17;6.45;4;6.45
1996-04-18;6.47;4;6.47
1996-04-19;6.4;4;6.4
1996-04-20;6.13;4;6.13
1996-04-21;6.15;4;6.15
1996-04-22;6.15;4;6.15
1996-04-23;5.71;4;5.71
1996-04-24;6.01;4;6.01
1996-04-25;5.6;4;5.6
1996-04-26;5.42;4;5.42
1996-04-27;5.1;4;5.1
1996-04-28;5.01;4;5.01
1996-04-29;5.13;4;5.13
1996-04-30;5.28;4;5.28
1996-05-01;4.97;5;4.97
1996-05-02;4.65;5;4.65
1996-05-03;5.3;5;5.3
1996-05-04;5.4;5;5.4
1996-05-05;5.13;5;5.13
1996-05-06;4.55;5;4.55
1996-05-07;4.9;5;4.9
1996-05-08;4.67;5;4.67
1996-05-09;4.32;5;4.32
1996-05-10;4.22;5;4.22
1996-05-11;4.06;5;4.06
1996-05-12;4.08;5;4.08
1996-05-13;4.14;5;4.14
1996-05-14;4.08;5;4.08
1996-05-15;7.19;5;7.19
1996-05-16;5.3;5;5.3
1996-05-17;4.33;5;4.33
1996-05-18;8.48;5;8.48
1996-05-19;8.35;5;8.35
1996-05-20;7.09;5;7.09
1996-05-21;5.65;5;5.65
1996-05-22;5.61;5;5.61
1996-05-23;5.63;5;5.63
1996-05-24;5.34;5;5.34
1996-05-25;5.5;5;5.5
1996-05-26;6.26;5;6.26
1996-05-27;5.69;5;5.69
1996-05-28;9.97;5;9.97
1996-05-29;7.47;5;7.47
1996-05-30;14.35;5;14.35
1996-05-31;9.16;5;9.16
1996-06-01;10.04;6;10.04
1996-06-02;7.66;6;7.66
1996-06-03;7.47;6;7.47
1996-06-04;7.01;6;7.01
1996-06-05;6.45;6;6.45
1996-06-06;6.01;6;6.01
1996-06-07;-999.000;6;4.87
1996-06-08;-999.000;6;3.0
1996-06-09;-999.000;6;3.38
1996-06-10;-999.000;6;2.98
1996-06-11;-999.000;6;4.2
1996-06-12;-999.000;6;4.17
1996-06-13;-999.000;6;4.753
1996-06-14;-999.000;6;3.886
1996-06-15;-999.000;6;3.004
1996-06-16;-999.000;6;8.89
1996-06-17;-999.000;6;3.189
1996-06-18;-999.000;6;10.17
1996-06-19;-999.000;6;3.71
1996-06-20;-999.000;6;3.119
1996-06-21;-999.000;6;3.84
1996-06-22;-999.000;6;4.7
1996-06-23;-999.000;6;5.825
1996-06-24;-999.000;6;5.35
1996-06-25;-999.000;6;5.91
1996-06-26;-999.000;6;8.27
1996-06-27;-999.000;6;4.813
1996-06-28;-999.000;6;2.197
1996-06-29;-999.000;6;14.47
1996-06-30;-999.000;6;6.505
1996-07-01;-999.000;7;1.78
1996-07-02;-999.000;7;0.9
1996-07-03;-999.000;7;1.706
1996-07-04;-999.000;7;1.57
1996-07-05;-999.000;7;1.226
1996-07-06;-999.000;7;1.32
1996-07-07;-999.000;7;5.713
1996-07-08;-999.000;7;3.84
1996-07-09;-999.000;7;1.32
1996-07-10;-999.000;7;2.728
1996-07-11;-999.000;7;2.57
1996-07-12;-999.000;7;7.432
1996-07-13;-999.000;7;0.752
1996-07-14;-999.000;7;1.1
1996-07-15;-999.000;7;2.313
1996-07-16;-999.000;7;1.8
1996-07-17;-999.000;7;1.98
1996-07-18;-999.000;7;1.154
1996-07-19;-999.000;7;1.98
1996-07-20;-999.000;7;2.08
1996-07-21;-999.000;7;4.46
1996-07-22;-999.000;7;1.64
1996-07-23;-999.000;7;1.4
1996-07-24;-999.000;7;1.84
1996-07-25;-999.000;7;2.82
1996-07-26;-999.000;7;1.651
1996-07-27;-999.000;7;3.85
1996-07-28;-999.000;7;1.08
1996-07-29;-999.000;7;0.915
1996-07-30;-999.000;7;2.464
1996-07-31;-999.000;7;1.37
1996-08-01;-999.000;8;0.798
1996-08-02;-999.000;8;1.41
1996-08-03;-999.000;8;1.08
1996-08-04;-999.000;8;2.49
1996-08-05;-999.000;8;2.48
1996-08-06;-999.000;8;2.28
1996-08-07;-999.000;8;2.28
1996-08-08;-999.000;8;1.62
1996-08-09;-999.000;8;0.73
1996-08-10;-999.000;8;2.47
1996-08-11;-999.000;8;1.124
1996-08-12;-999.000;8;3.87
1996-08-13;-999.000;8;1.27
1996-08-14;-999.000;8;1.78
1996-08-15;-999.000;8;2.1
1996-08-16;-999.000;8;1.46
1996-08-17;-999.000;8;0.56
1996-08-18;-999.000;8;1.72
1996-08-19;-999.000;8;0.8
1996-08-20;-999.000;8;0.9
1996-08-21;-999.000;8;2.1
1996-08-22;-999.000;8;4.16
1996-08-23;-999.000;8;1.97
1996-08-24;-999.000;8;1.44
1996-08-25;-999.000;8;2.726
1996-08-26;-999.000;8;1.18
1996-08-27;-999.000;8;2.54
1996-08-28;-999.000;8;3.498
1996-08-29;-999.000;8;2.397
1996-08-30;-999.000;8;1.4
1996-08-31;-999.000;8;1.24
1996-09-01;-999.000;9;1.02
1996-09-02;-999.000;9;0.788
1996-09-03;-999.000;9;0.5
1996-09-04;-999.000;9;1.58
1996-09-05;-999.000;9;1.222
1996-09-06;-999.000;9;1.58
1996-09-07;-999.000;9;2.45
1996-09-08;-999.000;9;0.65
1996-09-09;-999.000;9;0.57
1996-09-10;-999.000;9;1.55
1996-09-11;-999.000;9;1.15
1996-09-12;-999.000;9;1.64
1996-09-13;-999.000;9;0.8
1996-09-14;-999.000;9;1.375
1996-09-15;-999.000;9;1.75
1996-09-16;-999.000;9;1.86
1996-09-17;-999.000;9;2.06
1996-09-18;-999.000;9;0.68
1996-09-19;-999.000;9;1.51
1996-09-20;-999.000;9;1.33
1996-09-21;-999.000;9;1.217
1996-09-22;-999.000;9;2.53
1996-09-23;-999.000;9;1.6
1996-09-24;-999.000;9;7.46
1996-09-25;-999.000;9;0.52
1996-09-26;-999.000;9;2.84
1996-09-27;-999.000;9;2.62
1996-09-28;-999.000;9;0.39
1996-09-29;-999.000;9;1.6
1996-09-30;-999.000;9;1.14
1996-10-01;-999.000;10;2.95
1996-10-02;-999.000;10;1.204
1996-10-03;-999.000;10;0.69
1996-10-04;-999.000;10;1.55
1996-10-05;-999.000;10;1.865
1996-10-06;-999.000;10;1.572
1996-10-07;-999.000;10;2.84
1996-10-08;-999.000;10;1.7
1996-10-09;-999.000;10;4.49
1996-10-10;-999.000;10;8.24
1996-10-11;-999.000;10;1.75
1996-10-12;-999.000;10;3.84
1996-10-13;-999.000;10;5.01
1996-10-14;-999.000;10;5.513
1996-10-15;-999.000;10;1.411
1996-10-16;-999.000;10;3.819
1996-10-17;-999.000;10;1.45
1996-10-18;-999.000;10;1.053
1996-10-19;-999.000;10;2.556
1996-10-20;-999.000;10;5.69
1996-10-21;-999.000;10;17.87
1996-10-22;-999.000;10;0.88
1996-10-23;-999.000;10;6.4
1996-10-24;-999.000;10;2.38
1996-10-25;-999.000;10;2.3
1996-10-26;-999.000;10;4.23
1996-10-27;-999.000;10;1.645
1996-10-28;-999.000;10;1.71
1996-10-29;-999.000;10;3.251
1996-10-30;-999.000;10;1.34
1996-10-31;-999.000;10;5.498
1996-11-01;-999.000;11;3.73
1996-11-02;-999.000;11;2.095
1996-11-03;-999.000;11;9.248
1996-11-04;-999.000;11;2.26
1996-11-05;-999.000;11;7.088
1996-11-06;-999.000;11;3.13
1996-11-07;-999.000;11;10.59
1996-11-08;-999.000;11;1.159
1996-11-09;-999.000;11;2.24
1996-11-10;-999.000;11;5.33
1996-11-11;-999.000;11;16.28
1996-11-12;-999.000;11;5.94
1996-11-13;-999.000;11;2.14
1996-11-14;-999.000;11;8.653
1996-11-15;-999.000;11;3.722
1996-11-16;-999.000;11;23.76
1996-11-17;-999.000;11;6.69
1996-11-18;-999.000;11;2.17
1996-11-19;-999.000;11;6.083
1996-11-20;-999.000;11;1.705
1996-11-21;-999.000;11;1.217
1996-11-22;-999.000;11;8.83
1996-11-23;-999.000;11;4.93
1996-11-24;-999.000;11;1.92
1996-11-25;-999.000;11;6.53
1996-11-26;-999.000;11;12.555
1996-11-27;-999.000;11;7.8
1996-11-28;-999.000;11;7.09
1996-11-29;-999.000;11;9.53
1996-11-30;-999.000;11;8.883
1996-12-01;-999.000;12;2.95
1996-12-02;-999.000;12;2.64
1996-12-03;-999.000;12;5.994
1996-12-04;-999.000;12;7.0
1996-12-05;-999.000;12;8.37
1996-12-06;-999.000;12;2.91
1996-12-07;-999.000;12;4.0
1996-12-08;-999.000;12;3.91
1996-12-09;-999.000;12;9.42
1996-12-10;7.45;12;7.45
1996-12-11;7.86;12;7.86
1996-12-12;6.69;12;6.69
1996-12-13;5.83;12;5.83
1996-12-14;5.3;12;5.3
1996-12-15;4.95;12;4.95
1996-12-16;4.67;12;4.67
1996-12-17;4.4;12;4.4
1996-12-18;4.21;12;4.21
1996-12-19;4.0;12;4.0
1996-12-20;3.91;12;3.91
1996-12-21;3.77;12;3.77
1996-12-22;3.65;12;3.65
1996-12-23;3.55;12;3.55
1996-12-24;3.45;12;3.45
1996-12-25;3.3;12;3.3
1996-12-26;3.28;12;3.28
1996-12-27;3.22;12;3.22
1996-12-28;3.16;12;3.16
1996-12-29;3.32;12;3.32
1996-12-30;4.17;12;4.17
1996-12-31;3.98;12;3.98
1997-01-01;7.65;1;7.65
1997-01-02;4.88;1;4.88
1997-01-03;4.07;1;4.07
1997-01-04;3.75;1;3.75
1997-01-05;3.69;1;3.69
1997-01-06;3.6;1;3.6
1997-01-07;3.98;1;3.98
1997-01-08;7.35;1;7.35
1997-01-09;4.75;1;4.75
1997-01-10;7.02;1;7.02
1997-01-11;6.16;1;6.16
1997-01-12;5.27;1;5.27
1997-01-13;5.82;1;5.82
1997-01-14;5.05;1;5.05
1997-01-15;4.93;1;4.93
1997-01-16;4.99;1;4.99
1997-01-17;5.06;1;5.06
1997-01-18;8.62;1;8.62
1997-01-19;11.27;1;11.27
1997-01-20;16.11;1;16.11
1997-01-21;11.97;1;11.97
1997-01-22;10.34;1;10.34
1997-01-23;8.76;1;8.76
1997-01-24;8.02;1;8.02
1997-01-25;11.08;1;11.08
1997-01-26;10.8;1;10.8
1997-01-27;9.22;1;9.22
1997-01-28;7.83;1;7.83
1997-01-29;8.02;1;8.02
1997-01-30;11.61;1;11.61
1997-01-31;10.83;1;10.83
1997-02-01;10.22;2;10.22
1997-02-02;11.49;2;11.49
1997-02-03;8.53;2;8.53
1997-02-04;12.02;2;12.02
1997-02-05;8.77;2;8.77
1997-02-06;8.41;2;8.41
1997-02-07;10.74;2;10.74
1997-02-08;8.77;2;8.77
1997-02-09;7.51;2;7.51
1997-02-10;6.96;2;6.96
1997-02-11;6.66;2;6.66
1997-02-12;6.17;2;6.17
1997-02-13;5.76;2;5.76
1997-02-14;5.52;2;5.52
1997-02-15;5.27;2;5.27
1997-02-16;7.92;2;7.92
1997-02-17;6.15;2;6.15
1997-02-18;5.44;2;5.44
1997-02-19;4.99;2;4.99
1997-02-20;4.71;2;4.71
1997-02-21;4.4;2;4.4
1997-02-22;4.27;2;4.27
1997-02-23;4.16;2;4.16
1997-02-24;4.07;2;4.07
1997-02-25;3.95;2;3.95
1997-02-26;3.83;2;3.83
1997-02-27;3.71;2;3.71
1997-02-28;3.64;2;3.64
1997-03-01;3.48;3;3.48
1997-03-02;3.43;3;3.43
1997-03-03;3.96;3;3.96
1997-03-04;6.23;3;6.23
1997-03-05;12.08;3;12.08
1997-03-06;6.24;3;6.24
1997-03-07;4.95;3;4.95
1997-03-08;4.44;3;4.44
1997-03-09;4.22;3;4.22
1997-03-10;4.1;3;4.1
1997-03-11;3.95;3;3.95
1997-03-12;4.17;3;4.17
1997-03-13;5.13;3;5.13
1997-03-14;4.07;3;4.07
1997-03-15;4.93;3;4.93
1997-03-16;5.46;3;5.46
1997-03-17;9.54;3;9.54
1997-03-18;7.37;3;7.37
1997-03-19;11.07;3;11.07
1997-03-20;7.99;3;7.99
1997-03-21;6.85;3;6.85
1997-03-22;6.03;3;6.03
1997-03-23;5.59;3;5.59
1997-03-24;5.28;3;5.28
1997-03-25;5.04;3;5.04
1997-03-26;4.86;3;4.86
1997-03-27;4.63;3;4.63
1997-03-28;4.42;3;4.42
1997-03-29;4.26;3;4.26
1997-03-30;4.77;3;4.77
1997-03-31;4.93;3;4.93
1997-04-01;6.3;4;6.3
1997-04-02;5.33;4;5.33
1997-04-03;4.5;4;4.5
1997-04-04;5.55;4;5.55
1997-04-05;4.99;4;4.99
1997-04-06;4.83;4;4.83
1997-04-07;6.06;4;6.06
1997-04-08;4.87;4;4.87
1997-04-09;4.44;4;4.44
1997-04-10;7.08;4;7.08
1997-04-11;11.21;4;11.21
1997-04-12;6.61;4;6.61
1997-04-13;5.9;4;5.9
1997-04-14;5.28;4;5.28
1997-04-15;6.09;4;6.09
1997-04-16;5.23;4;5.23
1997-04-17;5.85;4;5.85
1997-04-18;5.35;4;5.35
1997-04-19;4.87;4;4.87
1997-04-20;4.98;4;4.98
1997-04-21;-999.000;4;8.83
1997-04-22;-999.000;4;2.72
1997-04-23;-999.000;4;3.43
1997-04-24;-999.000;4;6.09
1997-04-25;-999.000;4;6.22
1997-04-26;-999.000;4;4.569
1997-04-27;-999.000;4;4.81
1997-04-28;-999.000;4;4.87
1997-04-29;-999.000;4;4.71
1997-04-30;-999.000;4;4.24
1997-05-01;-999.000;5;6.42
1997-05-02;-999.000;5;4.871
1997-05-03;-999.000;5;6.15
1997-05-04;-999.000;5;9.14
1997-05-05;-999.000;5;2.466
1997-05-06;-999.000;5;2.54
1997-05-07;-999.000;5;3.4
1997-05-08;-999.000;5;4.38
1997-05-09;-999.000;5;2.31
1997-05-10;-999.000;5;5.48
1997-05-11;-999.000;5;6.27
1997-05-12;-999.000;5;6.04
1997-05-13;-999.000;5;3.93
1997-05-14;-999.000;5;12.582
1997-05-15;-999.000;5;4.879
1997-05-16;-999.000;5;4.93
1997-05-17;-999.000;5;2.174
1997-05-18;-999.000;5;3.534
1997-05-19;-999.000;5;4.613
1997-05-20;-999.000;5;5.63
1997-05-21;-999.000;5;4.88
1997-05-22;-999.000;5;4.13
1997-05-23;-999.000;5;6.15
1997-05-24;-999.000;5;7.954
1997-05-25;-999.000;5;5.82
1997-05-26;-999.000;5;7.45
1997-05-27;-999.000;5;17.12
1997-05-28;-999.000;5;3.89
1997-05-29;-999.000;5;4.38
1997-05-30;-999.000;5;6.35
1997-05-31;-999.000;5;6.262
1997-06-01;-999.000;6;3.676
1997-06-02;-999.000;6;2.83
1997-06-03;-999.000;6;3.96
1997-06-04;-999.000;6;2.753
1997-06-05;-999.000;6;7.322
1997-06-06;-999.000;6;1.84
1997-06-07;-999.000;6;3.13
1997-06-08;-999.000;6;3.373
1997-06-09;-999.000;6;2.04
1997-06-10;-999.000;6;5.19
1997-06-11;-999.000;6;2.41
1997-06-12;-999.000;6;1.775
1997-06-13;-999.000;6;2.988
1997-06-14;-999.000;6;2.63
1997-06-15;-999.000;6;5.19
1997-06-16;-999.000;6;7.775
1997-06-17;-999.000;6;2.692
1997-06-18;-999.000;6;4.79
1997-06-19;-999.000;6;4.07
1997-06-20;-999.000;6;6.6
1997-06-21;-999.000;6;3.797
1997-06-22;-999.000;6;2.68
1997-06-23;-999.000;6;1.69
1997-06-24;-999.000;6;8.07
1997-06-25;-999.000;6;1.76
1997-06-26;-999.000;6;1.941
1997-06-27;-999.000;6;2.24
1997-06-28;-999.000;6;9.39
1997-06-29;-999.000;6;6.628
1997-06-30;-999.000;6;4.88
1997-07-01;3.43;7;3.43
1997-07-02;3.33;7;3.33
1997-07-03;3.31;7;3.31
1997-07-04;3.18;7;3.18
1997-07-05;3.15;7;3.15
1997-07-06;3.15;7;3.15
1997-07-07;3.18;7;3.18
1997-07-08;3.03;7;3.03
1997-07-09;3.0;7;3.0
1997-07-10;2.98;7;2.98
1997-07-11;2.95;7;2.95
1997-07-12;2.95;7;2.95
1997-07-13;2.92;7;2.92
1997-07-14;2.9;7;2.9
1997-07-15;2.87;7;2.87
1997-07-16;2.82;7;2.82
1997-07-17;2.85;7;2.85
1997-07-18;2.82;7;2.82
1997-07-19;2.8;7;2.8
1997-07-20;2.77;7;2.77
1997-07-21;2.75;7;2.75
1997-07-22;2.72;7;2.72
1997-07-23;2.67;7;2.67
1997-07-24;2.64;7;2.64
1997-07-25;2.62;7;2.62
1997-07-26;2.59;7;2.59
1997-07-27;2.57;7;2.57
1997-07-28;2.49;7;2.49
1997-07-29;2.44;7;2.44
1997-07-30;2.42;7;2.42
1997-07-31;2.39;7;2.39
1997-08-01;2.37;8;2.37
1997-08-02;2.35;8;2.35
1997-08-03;2.32;8;2.32
1997-08-04;2.27;8;2.27
1997-08-05;2.23;8;2.23
1997-08-06;2.18;8;2.18
1997-08-07;2.06;8;2.06
1997-08-08;1.96;8;1.96
1997-08-09;1.87;8;1.87
1997-08-10;1.8;8;1.8
1997-08-11;1.75;8;1.75
1997-08-12;1.7;8;1.7
1997-08-13;1.63;8;1.63
1997-08-14;1.56;8;1.56
1997-08-15;1.51;8;1.51
1997-08-16;1.49;8;1.49
1997-08-17;1.49;8;1.49
1997-08-18;1.49;8;1.49
1997-08-19;1.47;8;1.47
1997-08-20;1.43;8;1.43
1997-08-21;1.41;8;1.41
1997-08-22;1.41;8;1.41
1997-08-23;1.41;8;1.41
1997-08-24;1.39;8;1.39
1997-08-25;1.35;8;1.35
1997-08-26;1.33;8;1.33
1997-08-27;1.29;8;1.29
1997-08-28;1.29;8;1.29
1997-08-29;1.29;8;1.29
1997-08-30;1.27;8;1.27
1997-08-31;1.25;8;1.25
1997-09-01;1.25;9;1.25
1997-09-02;1.25;9;1.25
1997-09-03;1.25;9;1.25
1997-09-04;1.25;9;1.25
1997-09-05;1.25;9;1.25
1997-09-06;1.23;9;1.23
1997-09-07;1.21;9;1.21
1997-09-08;1.21;9;1.21
1997-09-09;1.27;9;1.27
1997-09-10;1.29;9;1.29
1997-09-11;1.31;9;1.31
1997-09-12;1.33;9;1.33
1997-09-13;1.33;9;1.33
1997-09-14;1.79;9;1.79
1997-09-15;1.68;9;1.68
1997-09-16;1.54;9;1.54
1997-09-17;1.45;9;1.45
1997-09-18;1.37;9;1.37
1997-09-19;1.33;9;1.33
1997-09-20;2.3;9;2.3
1997-09-21;2.54;9;2.54
1997-09-22;4.25;9;4.25
1997-09-23;2.79;9;2.79
1997-09-24;7.04;9;7.04
1997-09-25;4.27;9;4.27
1997-09-26;2.92;9;2.92
1997-09-27;2.97;9;2.97
1997-09-28;2.77;9;2.77
1997-09-29;2.75;9;2.75
1997-09-30;2.75;9;2.75
1997-10-01;2.62;10;2.62
1997-10-02;2.54;10;2.54
1997-10-03;2.75;10;2.75
1997-10-04;2.8;10;2.8
1997-10-05;2.72;10;2.72
1997-10-06;2.64;10;2.64
1997-10-07;2.59;10;2.59
1997-10-08;2.52;10;2.52
1997-10-09;2.44;10;2.44
1997-10-10;3.3;10;3.3
1997-10-11;2.98;10;2.98
1997-10-12;5.43;10;5.43
1997-10-13;4.76;10;4.76
1997-10-14;3.19;10;3.19
1997-10-15;2.79;10;2.79
1997-10-16;3.02;10;3.02
1997-10-17;3.03;10;3.03
1997-10-18;2.77;10;2.77
1997-10-19;4.65;10;4.65
1997-10-20;3.47;10;3.47
1997-10-21;6.32;10;6.32
1997-10-22;5.16;10;5.16
1997-10-23;4.13;10;4.13
1997-10-24;3.57;10;3.57
1997-10-25;3.26;10;3.26
1997-10-26;3.03;10;3.03
1997-10-27;4.79;10;4.79
1997-10-28;8.04;10;8.04
1997-10-29;11.51;10;11.51
1997-10-30;7.91;10;7.91
1997-10-31;6.43;10;6.43
1997-11-01;5.3;11;5.3
1997-11-02;4.8;11;4.8
1997-11-03;8.24;11;8.24
1997-11-04;8.69;11;8.69
1997-11-05;6.28;11;6.28
1997-11-06;6.56;11;6.56
1997-11-07;9.34;11;9.34
1997-11-08;15.44;11;15.44
1997-11-09;-999.000;11;10.72
1997-11-10;13.0;11;13.0
1997-11-11;10.24;11;10.24
1997-11-12;8.66;11;8.66
1997-11-13;7.61;11;7.61
1997-11-14;7.06;11;7.06
1997-11-15;7.01;11;7.01
1997-11-16;6.96;11;6.96
1997-11-17;7.72;11;7.72
1997-11-18;7.53;11;7.53
1997-11-19;10.72;11;10.72
1997-11-20;12.55;11;12.55
1997-11-21;9.2;11;9.2
1997-11-22;7.65;11;7.65
1997-11-23;6.91;11;6.91
1997-11-24;7.17;11;7.17
1997-11-25;8.73;11;8.73
1997-11-26;8.13;11;8.13
1997-11-27;7.43;11;7.43
1997-11-28;6.83;11;6.83
1997-11-29;6.49;11;6.49
1997-11-30;6.1;11;6.1
1997-12-01;5.84;12;5.84
1997-12-02;6.6;12;6.6
1997-12-03;6.76;12;6.76
1997-12-04;5.82;12;5.82
1997-12-05;5.37;12;5.37
1997-12-06;5.1;12;5.1
1997-12-07;4.85;12;4.85
1997-12-08;4.77;12;4.77
1997-12-09;4.52;12;4.52
1997-12-10;4.3;12;4.3
1997-12-11;4.2;12;4.2
1997-12-12;4.06;12;4.06
1997-12-13;3.96;12;3.96
1997-12-14;3.95;12;3.95
1997-12-15;4.23;12;4.23
1997-12-16;3.92;12;3.92
1997-12-17;4.35;12;4.35
1997-12-18;3.85;12;3.85
1997-12-19;3.76;12;3.76
1997-12-20;3.65;12;3.65
1997-12-21;4.04;12;4.04
1997-12-22;3.46;12;3.46
1997-12-23;3.36;12;3.36
1997-12-24;3.26;12;3.26
1997-12-25;3.13;12;3.13
1997-12-26;3.08;12;3.08
1997-12-27;3.05;12;3.05
1997-12-28;3.03;12;3.03
1997-12-29;2.98;12;2.98
1997-12-30;2.95;12;2.95
1997-12-31;2.95;12;2.95
1998-01-01;-999.000;1;2.77
1998-01-02;-999.000;1;2.34
1998-01-03;-999.000;1;1.452
1998-01-04;-999.000;1;1.427
1998-01-05;-999.000;1;3.892
1998-01-06;-999.000;1;2.57
1998-01-07;-999.000;1;2.86
1998-01-08;-999.000;1;2.27
1998-01-09;-999.000;1;1.55
1998-01-10;-999.000;1;4.145
1998-01-11;-999.000;1;13.44
1998-01-12;-999.000;1;5.13
1998-01-13;-999.000;1;5.173
1998-01-14;-999.000;1;1.65
1998-01-15;-999.000;1;2.22
1998-01-16;-999.000;1;7.65
1998-01-17;-999.000;1;6.73
1998-01-18;-999.000;1;2.11
1998-01-19;-999.000;1;4.91
1998-01-20;-999.000;1;6.02
1998-01-21;-999.000;1;5.526
1998-01-22;-999.000;1;5.6
1998-01-23;-999.000;1;4.4
1998-01-24;-999.000;1;1.35
1998-01-25;-999.000;1;1.59
1998-01-26;-999.000;1;4.291
1998-01-27;-999.000;1;1.71
1998-01-28;-999.000;1;8.24
1998-01-29;-999.000;1;2.86
1998-01-30;-999.000;1;1.9
1998-01-31;-999.000;1;5.55
1998-02-01;0.65;2;0.65
1998-02-02;0.66;2;0.66
1998-02-03;0.65;2;0.65
1998-02-04;0.62;2;0.62
1998-02-05;0.63;2;0.63
1998-02-06;1.76;2;1.76
1998-02-07;1.35;2;1.35
1998-02-08;2.25;2;2.25
1998-02-09;3.77;2;3.77
1998-02-10;2.25;2;2.25
1998-02-11;1.68;2;1.68
1998-02-12;1.35;2;1.35
1998-02-13;1.14;2;1.14
1998-02-14;1.39;2;1.39
1998-02-15;1.53;2;1.53
1998-02-16;1.23;2;1.23
1998-02-17;1.06;2;1.06
1998-02-18;0.99;2;0.99
1998-02-19;0.98;2;0.98
1998-02-20;0.93;2;0.93
1998-02-21;1.16;2;1.16
1998-02-22;1.09;2;1.09
1998-02-23;1.77;2;1.77
1998-02-24;1.35;2;1.35
1998-02-25;1.22;2;1.22
1998-02-26;1.13;2;1.13
1998-02-27;1.28;2;1.28
1998-02-28;1.56;2;1.56
1998-03-01;1.54;3;1.54
1998-03-02;1.8;3;1.8
1998-03-03;1.3;3;1.3
1998-03-04;1.6;3;1.6
1998-03-05;1.6;3;1.6
1998-03-06;1.89;3;1.89
1998-03-07;1.75;3;1.75
1998-03-08;1.31;3;1.31
1998-03-09;1.2;3;1.2
1998-03-10;1.67;3;1.67
1998-03-11;1.96;3;1.96
1998-03-12;1.69;3;1.69
1998-03-13;1.73;3;1.73
1998-03-14;3.03;3;3.03
1998-03-15;5.5;3;5.5
1998-03-16;1.65;3;1.65
1998-03-17;1.32;3;1.32
1998-03-18;1.26;3;1.26
1998-03-19;1.32;3;1.32
1998-03-20;1.53;3;1.53
1998-03-21;1.33;3;1.33
1998-03-22;1.53;3;1.53
1998-03-23;2.26;3;2.26
1998-03-24;1.92;3;1.92
1998-03-25;1.14;3;1.14
1998-03-26;3.5;3;3.5
1998-03-27;2.59;3;2.59
1998-03-28;3.2;3;3.2
1998-03-29;2.62;3;2.62
1998-03-30;6.53;3;6.53
1998-03-31;4.91;3;4.91
1998-04-01;4.25;4;4.25
1998-04-02;2.93;4;2.93
1998-04-03;2.46;4;2.46
1998-04-04;2.93;4;2.93
1998-04-05;3.5;4;3.5
1998-04-06;5.77;4;5.77
1998-04-07;5.81;4;5.81
1998-04-08;3.75;4;3.75
1998-04-09;3.59;4;3.59
1998-04-10;3.08;4;3.08
1998-04-11;5.33;4;5.33
1998-04-12;5.16;4;5.16
1998-04-13;4.8;4;4.8
1998-04-14;5.51;4;5.51
1998-04-15;4.94;4;4.94
1998-04-16;5.22;4;5.22
1998-04-17;5.61;4;5.61
1998-04-18;9.35;4;9.35
1998-04-19;11.06;4;11.06
1998-04-20;19.75;4;19.75
1998-04-21;14.01;4;14.01
1998-04-22;10.96;4;10.96
1998-04-23;8.82;4;8.82
1998-04-24;7.6;4;7.6
1998-04-25;7.14;4;7.14
1998-04-26;8.16;4;8.16
1998-04-27;8.98;4;8.98
1998-04-28;8.13;4;8.13
1998-04-29;9.51;4;9.51
1998-04-30;7.88;4;7.88
1998-05-01;9.64;5;9.64
1998-05-02;8.2;5;8.2
1998-05-03;14.3;5;14.3
1998-05-04;18.1;5;18.1
1998-05-05;14.05;5;14.05
1998-05-06;11.87;5;11.87
1998-05-07;10.11;5;10.11
1998-05-08;8.89;5;8.89
1998-05-09;11.32;5;11.32
1998-05-10;8.51;5;8.51
1998-05-11;8.55;5;8.55
1998-05-12;9.02;5;9.02
1998-05-13;7.47;5;7.47
1998-05-14;6.9;5;6.9
1998-05-15;6.36;5;6.36
1998-05-16;6.0;5;6.0
1998-05-17;5.61;5;5.61
1998-05-18;5.21;5;5.21
1998-05-19;4.93;5;4.93
1998-05-20;4.67;5;4.67
1998-05-21;4.38;5;4.38
1998-05-22;4.13;5;4.13
1998-05-23;3.98;5;3.98
1998-05-24;3.74;5;3.74
1998-05-25;3.77;5;3.77
1998-05-26;4.38;5;4.38
1998-05-27;6.61;5;6.61
1998-05-28;8.19;5;8.19
1998-05-29;11.06;5;11.06
1998-05-30;6.71;5;6.71
1998-05-31;6.93;5;6.93
1998-06-01;8.07;6;8.07
1998-06-02;7.18;6;7.18
1998-06-03;5.93;6;5.93
1998-06-04;5.55;6;5.55
1998-06-05;5.28;6;5.28
1998-06-06;4.76;6;4.76
1998-06-07;4.46;6;4.46
1998-06-08;4.26;6;4.26
1998-06-09;10.66;6;10.66
1998-06-10;7.62;6;7.62
1998-06-11;7.88;6;7.88
1998-06-12;5.98;6;5.98
1998-06-13;5.3;6;5.3
1998-06-14;5.01;6;5.01
1998-06-15;5.18;6;5.18
1998-06-16;5.04;6;5.04
1998-06-17;4.51;6;4.51
1998-06-18;4.2;6;4.2
1998-06-19;3.97;6;3.97
1998-06-20;3.77;6;3.77
1998-06-21;4.47;6;4.47
1998-06-22;21.72;6;21.72
1998-06-23;12.29;6;12.29
1998-06-24;8.07;6;8.07
1998-06-25;6.6;6;6.6
1998-06-26;5.84;6;5.84
1998-06-27;5.81;6;5.81
1998-06-28;5.35;6;5.35
1998-06-29;4.74;6;4.74
1998-06-30;4.33;6;4.33
1998-07-01;3.99;7;3.99
1998-07-02;3.81;7;3.81
1998-07-03;3.66;7;3.66
1998-07-04;6.0;7;6.0
1998-07-05;7.74;7;7.74
1998-07-06;6.01;7;6.01
1998-07-07;4.69;7;4.69
1998-07-08;4.21;7;4.21
1998-07-09;4.21;7;4.21
1998-07-10;3.95;7;3.95
1998-07-11;3.69;7;3.69
1998-07-12;3.53;7;3.53
1998-07-13;3.4;7;3.4
1998-07-14;3.22;7;3.22
1998-07-15;3.08;7;3.08
1998-07-16;2.96;7;2.96
1998-07-17;2.98;7;2.98
1998-07-18;3.83;7;3.83
1998-07-19;3.75;7;3.75
1998-07-20;3.25;7;3.25
1998-07-21;3.19;7;3.19
1998-07-22;2.9;7;2.9
1998-07-23;2.85;7;2.85
1998-07-24;3.03;7;3.03
1998-07-25;2.89;7;2.89
1998-07-26;2.62;7;2.62
1998-07-27;2.6;7;2.6
1998-07-28;2.57;7;2.57
1998-07-29;2.57;7;2.57
1998-07-30;2.52;7;2.52
1998-07-31;2.47;7;2.47
1998-08-01;2.45;8;2.45
1998-08-02;2.4;8;2.4
1998-08-03;2.44;8;2.44
1998-08-04;2.36;8;2.36
1998-08-05;2.25;8;2.25
1998-08-06;2.1;8;2.1
1998-08-07;1.98;8;1.98
1998-08-08;1.86;8;1.86
1998-08-09;1.79;8;1.79
1998-08-10;1.67;8;1.67
1998-08-11;1.56;8;1.56
1998-08-12;1.47;8;1.47
1998-08-13;1.36;8;1.36
1998-08-14;1.23;8;1.23
1998-08-15;1.11;8;1.11
1998-08-16;1.08;8;1.08
1998-08-17;1.13;8;1.13
1998-08-18;1.19;8;1.19
1998-08-19;1.26;8;1.26
1998-08-20;1.34;8;1.34
1998-08-21;1.36;8;1.36
1998-08-22;1.41;8;1.41
1998-08-23;1.47;8;1.47
1998-08-24;1.49;8;1.49
1998-08-25;1.49;8;1.49
1998-08-26;1.49;8;1.49
1998-08-27;1.49;8;1.49
1998-08-28;1.52;8;1.52
1998-08-29;1.53;8;1.53
1998-08-30;1.64;8;1.64
1998-08-31;1.64;8;1.64
1998-09-01;1.54;9;1.54
1998-09-02;1.58;9;1.58
1998-09-03;1.64;9;1.64
1998-09-04;1.54;9;1.54
1998-09-05;1.52;9;1.52
1998-09-06;1.51;9;1.51
1998-09-07;1.47;9;1.47
1998-09-08;1.45;9;1.45
1998-09-09;3.0;9;3.0
1998-09-10;1.58;9;1.58
1998-09-11;1.52;9;1.52
1998-09-12;1.52;9;1.52
1998-09-13;6.91;9;6.91
1998-09-14;2.49;9;2.49
1998-09-15;1.82;9;1.82
1998-09-16;1.71;9;1.71
1998-09-17;1.67;9;1.67
1998-09-18;1.66;9;1.66
1998-09-19;2.04;9;2.04
1998-09-20;1.81;9;1.81
1998-09-21;1.67;9;1.67
1998-09-22;1.85;9;1.85
1998-09-23;3.32;9;3.32
1998-09-24;2.02;9;2.02
1998-09-25;1.73;9;1.73
1998-09-26;4.09;9;4.09
1998-09-27;4.5;9;4.5
1998-09-28;3.14;9;3.14
1998-09-29;2.48;9;2.48
1998-09-30;2.2;9;2.2
1998-10-01;2.05;10;2.05
1998-10-02;1.97;10;1.97
1998-10-03;1.95;10;1.95
1998-10-04;2.35;10;2.35
1998-10-05;1.96;10;1.96
1998-10-06;5.63;10;5.63
1998-10-07;4.6;10;4.6
1998-10-08;3.63;10;3.63
1998-10-09;2.55;10;2.55
1998-10-10;2.42;10;2.42
1998-10-11;2.17;10;2.17
1998-10-12;2.04;10;2.04
1998-10-13;2.98;10;2.98
1998-10-14;2.07;10;2.07
1998-10-15;2.16;10;2.16
1998-10-16;2.37;10;2.37
1998-10-17;2.37;10;2.37
1998-10-18;2.83;10;2.83
1998-10-19;4.77;10;4.77
1998-10-20;4.73;10;4.73
1998-10-21;2.85;10;2.85
1998-10-22;4.26;10;4.26
1998-10-23;7.48;10;7.48
1998-10-24;6.1;10;6.1
1998-10-25;4.84;10;4.84
1998-10-26;4.39;10;4.39
1998-10-27;4.67;10;4.67
1998-10-28;3.7;10;3.7
1998-10-29;3.76;10;3.76
1998-10-30;4.96;10;4.96
1998-10-31;3.85;10;3.85
1998-11-01;6.13;11;6.13
1998-11-02;13.25;11;13.25
1998-11-03;16.39;11;16.39
1998-11-04;11.31;11;11.31
1998-11-05;12.23;11;12.23
1998-11-06;12.68;11;12.68
1998-11-07;11.26;11;11.26
1998-11-08;9.9;11;9.9
1998-11-09;8.71;11;8.71
1998-11-10;14.5;11;14.5
1998-11-11;11.11;11;11.11
1998-11-12;10.43;11;10.43
1998-11-13;10.49;11;10.49
1998-11-14;11.48;11;11.48
1998-11-15;10.2;11;10.2
1998-11-16;14.64;11;14.64
1998-11-17;17.24;11;17.24
1998-11-18;17.47;11;17.47
1998-11-19;12.89;11;12.89
1998-11-20;15.1;11;15.1
1998-11-21;13.86;11;13.86
1998-11-22;17.7;11;17.7
1998-11-23;15.02;11;15.02
1998-11-24;13.4;11;13.4
1998-11-25;18.47;11;18.47
1998-11-26;14.11;11;14.11
1998-11-27;11.9;11;11.9
1998-11-28;10.49;11;10.49
1998-11-29;9.12;11;9.12
1998-11-30;8.09;11;8.09
1998-12-01;7.41;12;7.41
1998-12-02;6.88;12;6.88
1998-12-03;6.2;12;6.2
1998-12-04;6.03;12;6.03
1998-12-05;5.46;12;5.46
1998-12-06;5.32;12;5.32
1998-12-07;5.26;12;5.26
1998-12-08;4.64;12;4.64
1998-12-09;4.34;12;4.34
1998-12-10;4.47;12;4.47
1998-12-11;7.74;12;7.74
1998-12-12;5.55;12;5.55
1998-12-13;7.56;12;7.56
1998-12-14;5.11;12;5.11
1998-12-15;4.62;12;4.62
1998-12-16;4.3;12;4.3
1998-12-17;5.16;12;5.16
1998-12-18;4.88;12;4.88
1998-12-19;4.16;12;4.16
1998-12-20;4.16;12;4.16
1998-12-21;4.61;12;4.61
1998-12-22;3.82;12;3.82
1998-12-23;3.6;12;3.6
1998-12-24;3.38;12;3.38
1998-12-25;3.33;12;3.33
1998-12-26;3.23;12;3.23
1998-12-27;3.22;12;3.22
1998-12-28;3.25;12;3.25
1998-12-29;4.81;12;4.81
1998-12-30;3.61;12;3.61
1998-12-31;5.09;12;5.09
1999-01-01;4.01;1;4.01
1999-01-02;3.85;1;3.85
1999-01-03;4.0;1;4.0
1999-01-04;8.68;1;8.68
1999-01-05;14.16;1;14.16
1999-01-06;13.93;1;13.93
1999-01-07;8.94;1;8.94
1999-01-08;9.19;1;9.19
1999-01-09;8.97;1;8.97
1999-01-10;8.97;1;8.97
1999-01-11;9.93;1;9.93
1999-01-12;8.82;1;8.82
1999-01-13;8.43;1;8.43
1999-01-14;7.58;1;7.58
1999-01-15;8.01;1;8.01
1999-01-16;6.86;1;6.86
1999-01-17;6.43;1;6.43
1999-01-18;7.14;1;7.14
1999-01-19;17.75;1;17.75
1999-01-20;13.94;1;13.94
1999-01-21;10.45;1;10.45
1999-01-22;9.16;1;9.16
1999-01-23;9.44;1;9.44
1999-01-24;9.02;1;9.02
1999-01-25;7.23;1;7.23
1999-01-26;14.27;1;14.27
1999-01-27;14.11;1;14.11
1999-01-28;14.18;1;14.18
1999-01-29;16.2;1;16.2
1999-01-30;12.99;1;12.99
1999-01-31;10.93;1;10.93
1999-02-01;-999.000;2;4.633
1999-02-02;-999.000;2;3.01
1999-02-03;-999.000;2;4.104
1999-02-04;-999.000;2;5.208
1999-02-05;-999.000;2;1.245
1999-02-06;-999.000;2;3.95
1999-02-07;-999.000;2;5.27
1999-02-08;-999.000;2;0.98
1999-02-09;-999.000;2;2.94
1999-02-10;-999.000;2;3.565
1999-02-11;-999.000;2;3.77
1999-02-12;-999.000;2;7.605
1999-02-13;-999.000;2;1.13
1999-02-14;-999.000;2;1.458
1999-02-15;-999.000;2;3.0
1999-02-16;-999.000;2;1.73
1999-02-17;-999.000;2;1.14
1999-02-18;-999.000;2;3.83
1999-02-19;-999.000;2;2.81
1999-02-20;-999.000;2;2.37
1999-02-21;-999.000;2;1.719
1999-02-22;-999.000;2;1.41
1999-02-23;-999.000;2;1.24
1999-02-24;-999.000;2;1.29
1999-02-25;-999.000;2;1.69
1999-02-26;-999.000;2;2.663
1999-02-27;-999.000;2;1.915
1999-02-28;-999.000;2;6.548
1999-03-01;-999.000;3;8.44
1999-03-02;-999.000;3;3.46
1999-03-03;-999.000;3;1.65
1999-03-04;-999.000;3;4.966
1999-03-05;-999.000;3;0.93
1999-03-06;-999.000;3;1.82
1999-03-07;-999.000;3;0.91
1999-03-08;-999.000;3;1.98
1999-03-09;-999.000;3;4.65
1999-03-10;-999.000;3;3.282
1999-03-11;-999.000;3;1.352
1999-03-12;-999.000;3;7.4
1999-03-13;-999.000;3;1.154
1999-03-14;-999.000;3;2.605
1999-03-15;-999.000;3;4.9
1999-03-16;-999.000;3;8.25
1999-03-17;-999.000;3;3.29
1999-03-18;13.28;3;13.28
1999-03-19;8.43;3;8.43
1999-03-20;5.98;3;5.98
1999-03-21;13.86;3;13.86
1999-03-22;11.64;3;11.64
1999-03-23;8.17;3;8.17
1999-03-24;8.08;3;8.08
1999-03-25;7.0;3;7.0
1999-03-26;6.37;3;6.37
1999-03-27;5.92;3;5.92
1999-03-28;11.59;3;11.59
1999-03-29;16.26;3;16.26
1999-03-30;14.32;3;14.32
1999-03-31;14.32;3;14.32
1999-04-01;9.65;4;9.65
1999-04-02;8.29;4;8.29
1999-04-03;7.42;4;7.42
1999-04-04;6.97;4;6.97
1999-04-05;7.98;4;7.98
1999-04-06;8.83;4;8.83
1999-04-07;6.65;4;6.65
1999-04-08;12.83;4;12.83
1999-04-09;12.34;4;12.34
1999-04-10;10.88;4;10.88
1999-04-11;12.9;4;12.9
1999-04-12;9.35;4;9.35
1999-04-13;8.35;4;8.35
1999-04-14;9.26;4;9.26
1999-04-15;7.44;4;7.44
1999-04-16;6.82;4;6.82
1999-04-17;6.21;4;6.21
1999-04-18;5.8;4;5.8
1999-04-19;5.51;4;5.51
1999-04-20;5.37;4;5.37
1999-04-21;5.06;4;5.06
1999-04-22;4.76;4;4.76
1999-04-23;4.57;4;4.57
1999-04-24;4.61;4;4.61
1999-04-25;4.97;4;4.97
1999-04-26;6.35;4;6.35
1999-04-27;5.3;4;5.3
1999-04-28;5.44;4;5.44
1999-04-29;4.88;4;4.88
1999-04-30;12.34;4;12.34
1999-05-01;7.71;5;7.71
1999-05-02;6.9;5;6.9
1999-05-03;6.15;5;6.15
1999-05-04;5.68;5;5.68
1999-05-05;5.55;5;5.55
1999-05-06;6.09;5;6.09
1999-05-07;5.38;5;5.38
1999-05-08;5.53;5;5.53
1999-05-09;5.86;5;5.86
1999-05-10;5.77;5;5.77
1999-05-11;6.26;5;6.26
1999-05-12;5.43;5;5.43
1999-05-13;5.61;5;5.61
1999-05-14;5.18;5;5.18
1999-05-15;4.81;5;4.81
1999-05-16;5.56;5;5.56
1999-05-17;4.64;5;4.64
1999-05-18;4.41;5;4.41
1999-05-19;4.28;5;4.28
1999-05-20;5.74;5;5.74
1999-05-21;5.36;5;5.36
1999-05-22;4.2;5;4.2
1999-05-23;4.01;5;4.01
1999-05-24;3.69;5;3.69
1999-05-25;3.59;5;3.59
1999-05-26;3.47;5;3.47
1999-05-27;3.38;5;3.38
1999-05-28;3.33;5;3.33
1999-05-29;3.25;5;3.25
1999-05-30;3.17;5;3.17
1999-05-31;3.0;5;3.0
1999-06-01;2.87;6;2.87
1999-06-02;2.86;6;2.86
1999-06-03;2.81;6;2.81
1999-06-04;3.16;6;3.16
1999-06-05;3.11;6;3.11
1999-06-06;2.81;6;2.81
1999-06-07;2.7;6;2.7
1999-06-08;-999.000;6;3.17
1999-06-09;-999.000;6;3.18
1999-06-10;-999.000;6;6.51
1999-06-11;-999.000;6;7.47
1999-06-12;-999.000;6;1.86
1999-06-13;-999.000;6;4.35
1999-06-14;-999.000;6;2.15
1999-06-15;-999.000;6;3.4
1999-06-16;-999.000;6;3.32
1999-06-17;-999.000;6;2.635
1999-06-18;-999.000;6;2.33
1999-06-19;-999.000;6;4.216
1999-06-20;-999.000;6;1.82
1999-06-21;-999.000;6;4.47
1999-06-22;-999.000;6;3.921
1999-06-23;-999.000;6;8.45
1999-06-24;-999.000;6;5.255
1999-06-25;-999.000;6;3.64
1999-06-26;-999.000;6;3.6
1999-06-27;-999.000;6;13.03
1999-06-28;-999.000;6;1.743
1999-06-29;-999.000;6;3.15
1999-06-30;2.97;6;2.97
1999-07-01;2.96;7;2.96
1999-07-02;2.85;7;2.85
1999-07-03;2.9;7;2.9
1999-07-04;2.75;7;2.75
1999-07-05;2.61;7;2.61
1999-07-06;2.57;7;2.57
1999-07-07;2.5;7;2.5
1999-07-08;2.47;7;2.47
1999-07-09;2.43;7;2.43
1999-07-10;2.41;7;2.41
1999-07-11;2.5;7;2.5
1999-07-12;2.55;7;2.55
1999-07-13;2.57;7;2.57
1999-07-14;2.5;7;2.5
1999-07-15;2.42;7;2.42
1999-07-16;2.69;7;2.69
1999-07-17;2.48;7;2.48
1999-07-18;2.32;7;2.32
1999-07-19;2.27;7;2.27
1999-07-20;2.32;7;2.32
1999-07-21;2.52;7;2.52
1999-07-22;2.38;7;2.38
1999-07-23;3.36;7;3.36
1999-07-24;3.77;7;3.77
1999-07-25;2.29;7;2.29
1999-07-26;2.04;7;2.04
1999-07-27;2.07;7;2.07
1999-07-28;1.98;7;1.98
1999-07-29;1.95;7;1.95
1999-07-30;1.99;7;1.99
1999-07-31;1.89;7;1.89
1999-08-01;1.84;8;1.84
1999-08-02;1.77;8;1.77
1999-08-03;1.7;8;1.7
1999-08-04;1.68;8;1.68
1999-08-05;1.68;8;1.68
1999-08-06;1.68;8;1.68
1999-08-07;1.93;8;1.93
1999-08-08;3.66;8;3.66
1999-08-09;1.98;8;1.98
1999-08-10;1.7;8;1.7
1999-08-11;1.68;8;1.68
1999-08-12;1.68;8;1.68
1999-08-13;1.68;8;1.68
1999-08-14;2.05;8;2.05
1999-08-15;1.72;8;1.72
1999-08-16;1.68;8;1.68
1999-08-17;1.68;8;1.68
1999-08-18;1.68;8;1.68
1999-08-19;1.66;8;1.66
1999-08-20;1.62;8;1.62
1999-08-21;1.6;8;1.6
1999-08-22;1.6;8;1.6
1999-08-23;1.6;8;1.6
1999-08-24;1.6;8;1.6
1999-08-25;1.67;8;1.67
1999-08-26;1.97;8;1.97
1999-08-27;2.6;8;2.6
1999-08-28;3.25;8;3.25
1999-08-29;1.7;8;1.7
1999-08-30;1.64;8;1.64
1999-08-31;1.62;8;1.62
1999-09-01;1.6;9;1.6
1999-09-02;2.33;9;2.33
1999-09-03;1.69;9;1.69
1999-09-04;1.68;9;1.68
1999-09-05;1.62;9;1.62
1999-09-06;1.6;9;1.6
1999-09-07;1.6;9;1.6
1999-09-08;1.78;9;1.78
1999-09-09;6.47;9;6.47
1999-09-10;5.77;9;5.77
1999-09-11;3.23;9;3.23
1999-09-12;5.53;9;5.53
1999-09-13;4.75;9;4.75
1999-09-14;7.46;9;7.46
1999-09-15;4.48;9;4.48
1999-09-16;4.56;9;4.56
1999-09-17;18.49;9;18.49
1999-09-18;10.24;9;10.24
1999-09-19;6.54;9;6.54
1999-09-20;5.76;9;5.76
1999-09-21;7.08;9;7.08
1999-09-22;9.86;9;9.86
1999-09-23;6.22;9;6.22
1999-09-24;5.34;9;5.34
1999-09-25;5.03;9;5.03
1999-09-26;4.72;9;4.72
1999-09-27;5.14;9;5.14
1999-09-28;7.5;9;7.5
1999-09-29;8.54;9;8.54
1999-09-30;5.69;9;5.69
1999-10-01;5.15;10;5.15
1999-10-02;4.6;10;4.6
1999-10-03;4.69;10;4.69
1999-10-04;5.01;10;5.01
1999-10-05;4.23;10;4.23
1999-10-06;4.7;10;4.7
1999-10-07;5.6;10;5.6
1999-10-08;5.65;10;5.65
1999-10-09;7.1;10;7.1
1999-10-10;5.89;10;5.89
1999-10-11;5.39;10;5.39
1999-10-12;4.47;10;4.47
1999-10-13;4.42;10;4.42
1999-10-14;4.02;10;4.02
1999-10-15;3.88;10;3.88
1999-10-16;3.7;10;3.7
1999-10-17;3.53;10;3.53
1999-10-18;4.35;10;4.35
1999-10-19;4.31;10;4.31
1999-10-20;3.49;10;3.49
1999-10-21;3.32;10;3.32
1999-10-22;3.49;10;3.49
1999-10-23;4.32;10;4.32
1999-10-24;3.48;10;3.48
1999-10-25;5.69;10;5.69
1999-10-26;6.31;10;6.31
1999-10-27;20.84;10;20.84
1999-10-28;18.34;10;18.34
1999-10-29;13.26;10;13.26
1999-10-30;18.16;10;18.16
1999-10-31;13.33;10;13.33
1999-11-01;10.45;11;10.45
1999-11-02;10.55;11;10.55
1999-11-03;23.76;11;23.76
1999-11-04;17.83;11;17.83
1999-11-05;13.72;11;13.72
1999-11-06;11.54;11;11.54
1999-11-07;12.54;11;12.54
1999-11-08;10.74;11;10.74
1999-11-09;9.98;11;9.98
1999-11-10;8.48;11;8.48
1999-11-11;7.29;11;7.29
1999-11-12;6.62;11;6.62
1999-11-13;7.13;11;7.13
1999-11-14;6.0;11;6.0
1999-11-15;14.37;11;14.37
1999-11-16;12.1;11;12.1
1999-11-17;9.09;11;9.09
1999-11-18;8.57;11;8.57
1999-11-19;12.97;11;12.97
1999-11-20;18.7;11;18.7
1999-11-21;12.96;11;12.96
1999-11-22;13.39;11;13.39
1999-11-23;11.61;11;11.61
1999-11-24;10.03;11;10.03
1999-11-25;8.88;11;8.88
1999-11-26;7.75;11;7.75
1999-11-27;9.11;11;9.11
1999-11-28;7.75;11;7.75
1999-11-29;6.64;11;6.64
1999-11-30;6.89;11;6.89
1999-12-01;11.65;12;11.65
1999-12-02;13.57;12;13.57
1999-12-03;8.83;12;8.83
1999-12-04;7.6;12;7.6
1999-12-05;14.26;12;14.26
1999-12-06;12.94;12;12.94
1999-12-07;9.96;12;9.96
1999-12-08;8.78;12;8.78
1999-12-09;8.31;12;8.31
1999-12-10;11.52;12;11.52
1999-12-11;11.19;12;11.19
1999-12-12;9.83;12;9.83
1999-12-13;18.43;12;18.43
1999-12-14;15.87;12;15.87
1999-12-15;14.17;12;14.17
1999-12-16;16.56;12;16.56
1999-12-17;17.1;12;17.1
1999-12-18;17.05;12;17.05
1999-12-19;18.99;12;18.99
1999-12-20;18.45;12;18.45
1999-12-21;15.02;12;15.02
1999-12-22;14.67;12;14.67
1999-12-23;21.14;12;21.14
1999-12-24;15.27;12;15.27
1999-12-25;15.15;12;15.15
1999-12-26;11.66;12;11.66
1999-12-27;10.02;12;10.02
1999-12-28;8.7;12;8.7
1999-12-29;7.9;12;7.9
1999-12-30;7.0;12;7.0
1999-12-31;6.42;12;6.42
2000-01-01;6.11;1;6.11
2000-01-02;5.72;1;5.72
2000-01-03;5.61;1;5.61
2000-01-04;-999.000;1;5.839
2000-01-05;-999.000;1;1.49
2000-01-06;-999.000;1;3.95
2000-01-07;-999.000;1;4.015
2000-01-08;-999.000;1;3.94
2000-01-09;-999.000;1;14.25
2000-01-10;-999.000;1;1.89
2000-01-11;-999.000;1;2.14
2000-01-12;-999.000;1;20.86
2000-01-13;-999.000;1;4.397
2000-01-14;-999.000;1;13.23
2000-01-15;-999.000;1;10.85
2000-01-16;-999.000;1;2.039
2000-01-17;-999.000;1;1.069
2000-01-18;12.57;1;12.57
2000-01-19;7.82;1;7.82
2000-01-20;5.97;1;5.97
2000-01-21;5.49;1;5.49
2000-01-22;5.16;1;5.16
2000-01-23;4.82;1;4.82
2000-01-24;4.62;1;4.62
2000-01-25;4.87;1;4.87
2000-01-26;4.6;1;4.6
2000-01-27;6.69;1;6.69
2000-01-28;6.3;1;6.3
2000-01-29;5.26;1;5.26
2000-01-30;6.42;1;6.42
2000-01-31;6.73;1;6.73
2000-02-01;5.1;2;5.1
2000-02-02;8.62;2;8.62
2000-02-03;5.66;2;5.66
2000-02-04;5.16;2;5.16
2000-02-05;4.91;2;4.91
2000-02-06;5.3;2;5.3
2000-02-07;4.69;2;4.69
2000-02-08;4.41;2;4.41
2000-02-09;4.47;2;4.47
2000-02-10;4.58;2;4.58
2000-02-11;4.05;2;4.05
2000-02-12;4.3;2;4.3
2000-02-13;4.32;2;4.32
2000-02-14;3.69;2;3.69
2000-02-15;3.65;2;3.65
2000-02-16;3.55;2;3.55
2000-02-17;4.32;2;4.32
2000-02-18;3.62;2;3.62
2000-02-19;3.38;2;3.38
2000-02-20;8.46;2;8.46
2000-02-21;7.35;2;7.35
2000-02-22;5.33;2;5.33
2000-02-23;5.19;2;5.19
2000-02-24;5.68;2;5.68
2000-02-25;10.63;2;10.63
2000-02-26;17.31;2;17.31
2000-02-27;15.22;2;15.22
2000-02-28;16.83;2;16.83
2000-02-29;13.02;2;13.02
2000-03-01;20.15;3;20.15
2000-03-02;14.06;3;14.06
2000-03-03;12.6;3;12.6
2000-03-04;13.39;3;13.39
2000-03-05;11.11;3;11.11
2000-03-06;10.94;3;10.94
2000-03-07;11.43;3;11.43
2000-03-08;11.03;3;11.03
2000-03-09;11.31;3;11.31
2000-03-10;16.03;3;16.03
2000-03-11;10.16;3;10.16
2000-03-12;8.74;3;8.74
2000-03-13;8.39;3;8.39
2000-03-14;10.01;3;10.01
2000-03-15;11.69;3;11.69
2000-03-16;8.51;3;8.51
2000-03-17;8.39;3;8.39
2000-03-18;7.24;3;7.24
2000-03-19;7.03;3;7.03
2000-03-20;7.19;3;7.19
2000-03-21;6.49;3;6.49
2000-03-22;6.07;3;6.07
2000-03-23;19.88;3;19.88
2000-03-24;10.81;3;10.81
2000-03-25;16.04;3;16.04
2000-03-26;11.7;3;11.7
2000-03-27;11.33;3;11.33
2000-03-28;13.4;3;13.4
2000-03-29;8.98;3;8.98
2000-03-30;8.04;3;8.04
2000-03-31;7.2;3;7.2
2000-04-01;6.65;4;6.65
2000-04-02;6.15;4;6.15
2000-04-03;6.55;4;6.55
2000-04-04;7.3;4;7.3
2000-04-05;9.23;4;9.23
2000-04-06;6.57;4;6.57
2000-04-07;5.97;4;5.97
2000-04-08;5.8;4;5.8
2000-04-09;5.42;4;5.42
2000-04-10;6.28;4;6.28
2000-04-11;6.77;4;6.77
2000-04-12;9.89;4;9.89
2000-04-13;9.76;4;9.76
2000-04-14;8.82;4;8.82
2000-04-15;6.99;4;6.99
2000-04-16;6.12;4;6.12
2000-04-17;6.16;4;6.16
2000-04-18;5.84;4;5.84
2000-04-19;5.98;4;5.98
2000-04-20;6.3;4;6.3
2000-04-21;5.61;4;5.61
2000-04-22;4.8;4;4.8
2000-04-23;6.08;4;6.08
2000-04-24;5.48;4;5.48
2000-04-25;5.64;4;5.64
2000-04-26;8.83;4;8.83
2000-04-27;15.5;4;15.5
2000-04-28;14.81;4;14.81
2000-04-29;14.08;4;14.08
2000-04-30;13.7;4;13.7
2000-05-01;4.6;5;4.6
2000-05-02;6.05;5;6.05
2000-05-03;4.08;5;4.08
2000-05-04;6.15;5;6.15
2000-05-05;4.83;5;4.83
2000-05-06;4.41;5;4.41
2000-05-07;8.2;5;8.2
2000-05-08;12.65;5;12.65
2000-05-09;7.24;5;7.24
2000-05-10;6.03;5;6.03
2000-05-11;5.49;5;5.49
2000-05-12;5.86;5;5.86
2000-05-13;5.82;5;5.82
2000-05-14;15.79;5;15.79
2000-05-15;7.81;5;7.81
2000-05-16;5.77;5;5.77
2000-05-17;6.27;5;6.27
2000-05-18;5.48;5;5.48
2000-05-19;10.56;5;10.56
2000-05-20;8.03;5;8.03
2000-05-21;9.91;5;9.91
2000-05-22;8.27;5;8.27
2000-05-23;6.6;5;6.6
2000-05-24;6.02;5;6.02
2000-05-25;5.65;5;5.65
2000-05-26;5.27;5;5.27
2000-05-27;4.92;5;4.92
2000-05-28;5.34;5;5.34
2000-05-29;7.62;5;7.62
2000-05-30;5.63;5;5.63
2000-05-31;4.84;5;4.84
2000-06-01;4.62;6;4.62
2000-06-02;4.98;6;4.98
2000-06-03;5.2;6;5.2
2000-06-04;4.97;6;4.97
2000-06-05;4.1;6;4.1
2000-06-06;4.01;6;4.01
2000-06-07;3.94;6;3.94
2000-06-08;3.84;6;3.84
2000-06-09;3.61;6;3.61
2000-06-10;3.41;6;3.41
2000-06-11;3.34;6;3.34
2000-06-12;3.21;6;3.21
2000-06-13;3.15;6;3.15
2000-06-14;3.14;6;3.14
2000-06-15;3.14;6;3.14
2000-06-16;3.96;6;3.96
2000-06-17;14.27;6;14.27
2000-06-18;8.45;6;8.45
2000-06-19;5.43;6;5.43
2000-06-20;4.25;6;4.25
2000-06-21;3.93;6;3.93
2000-06-22;4.47;6;4.47
2000-06-23;4.13;6;4.13
2000-06-24;9.45;6;9.45
2000-06-25;5.24;6;5.24
2000-06-26;4.45;6;4.45
2000-06-27;4.18;6;4.18
2000-06-28;3.89;6;3.89
2000-06-29;3.79;6;3.79
2000-06-30;3.55;6;3.55
2000-07-01;3.54;7;3.54
2000-07-02;4.08;7;4.08
2000-07-03;3.47;7;3.47
2000-07-04;3.46;7;3.46
2000-07-05;5.15;7;5.15
2000-07-06;4.72;7;4.72
2000-07-07;5.8;7;5.8
2000-07-08;3.38;7;3.38
2000-07-09;3.22;7;3.22
2000-07-10;3.01;7;3.01
2000-07-11;2.9;7;2.9
2000-07-12;2.83;7;2.83
2000-07-13;2.64;7;2.64
2000-07-14;2.71;7;2.71
2000-07-15;2.62;7;2.62
2000-07-16;2.68;7;2.68
2000-07-17;2.57;7;2.57
2000-07-18;2.57;7;2.57
2000-07-19;2.55;7;2.55
2000-07-20;5.05;7;5.05
2000-07-21;4.38;7;4.38
2000-07-22;3.84;7;3.84
2000-07-23;2.76;7;2.76
2000-07-24;2.5;7;2.5
2000-07-25;2.34;7;2.34
2000-07-26;2.3;7;2.3
2000-07-27;2.27;7;2.27
2000-07-28;2.28;7;2.28
2000-07-29;2.69;7;2.69
2000-07-30;2.5;7;2.5
2000-07-31;2.11;7;2.11
2000-08-01;2.12;8;2.12
2000-08-02;2.13;8;2.13
2000-08-03;2.09;8;2.09
2000-08-04;2.12;8;2.12
2000-08-05;2.39;8;2.39
2000-08-06;2.23;8;2.23
2000-08-07;1.96;8;1.96
2000-08-08;1.92;8;1.92
2000-08-09;1.92;8;1.92
2000-08-10;1.88;8;1.88
2000-08-11;1.82;8;1.82
2000-08-12;1.78;8;1.78
2000-08-13;1.76;8;1.76
2000-08-14;1.72;8;1.72
2000-08-15;1.76;8;1.76
2000-08-16;1.68;8;1.68
2000-08-17;1.73;8;1.73
2000-08-18;1.71;8;1.71
2000-08-19;1.65;8;1.65
2000-08-20;1.64;8;1.64
2000-08-21;1.58;8;1.58
2000-08-22;1.52;8;1.52
2000-08-23;1.54;8;1.54
2000-08-24;1.41;8;1.41
2000-08-25;2.44;8;2.44
2000-08-26;1.85;8;1.85
2000-08-27;1.66;8;1.66
2000-08-28;1.64;8;1.64
2000-08-29;1.97;8;1.97
2000-08-30;2.42;8;2.42
2000-08-31;1.72;8;1.72
2000-09-01;1.88;9;1.88
2000-09-02;2.15;9;2.15
2000-09-03;1.93;9;1.93
2000-09-04;2.1;9;2.1
2000-09-05;2.12;9;2.12
2000-09-06;1.93;9;1.93
2000-09-07;1.68;9;1.68
2000-09-08;1.6;9;1.6
2000-09-09;1.6;9;1.6
2000-09-10;1.75;9;1.75
2000-09-11;1.66;9;1.66
2000-09-12;1.6;9;1.6
2000-09-13;1.59;9;1.59
2000-09-14;1.58;9;1.58
2000-09-15;1.6;9;1.6
2000-09-16;1.54;9;1.54
2000-09-17;1.52;9;1.52
2000-09-18;1.52;9;1.52
2000-09-19;1.46;9;1.46
2000-09-20;1.82;9;1.82
2000-09-21;1.56;9;1.56
2000-09-22;1.5;9;1.5
2000-09-23;2.01;9;2.01
2000-09-24;2.36;9;2.36
2000-09-25;2.46;9;2.46
2000-09-26;1.85;9;1.85
2000-09-27;1.95;9;1.95
2000-09-28;2.45;9;2.45
2000-09-29;1.89;9;1.89
2000-09-30;1.92;9;1.92
2000-10-01;1.95;10;1.95
2000-10-02;2.27;10;2.27
2000-10-03;3.76;10;3.76
2000-10-04;3.27;10;3.27
2000-10-05;2.17;10;2.17
2000-10-06;1.95;10;1.95
2000-10-07;1.85;10;1.85
2000-10-08;2.16;10;2.16
2000-10-09;2.12;10;2.12
2000-10-10;1.82;10;1.82
2000-10-11;1.88;10;1.88
2000-10-12;1.66;10;1.66
2000-10-13;1.6;10;1.6
2000-10-14;1.56;10;1.56
2000-10-15;1.62;10;1.62
2000-10-16;1.56;10;1.56
2000-10-17;1.56;10;1.56
2000-10-18;1.5;10;1.5
2000-10-19;1.52;10;1.52
2000-10-20;1.68;10;1.68
2000-10-21;3.66;10;3.66
2000-10-22;3.63;10;3.63
2000-10-23;2.59;10;2.59
2000-10-24;3.44;10;3.44
2000-10-25;3.06;10;3.06
2000-10-26;3.47;10;3.47
2000-10-27;3.7;10;3.7
2000-10-28;3.28;10;3.28
2000-10-29;8.16;10;8.16
2000-10-30;5.3;10;5.3
2000-10-31;8.4;10;8.4
2000-11-01;10.54;11;10.54
2000-11-02;14.29;11;14.29
2000-11-03;13.09;11;13.09
2000-11-04;10.55;11;10.55
2000-11-05;9.37;11;9.37
2000-11-06;8.41;11;8.41
2000-11-07;8.27;11;8.27
2000-11-08;7.34;11;7.34
2000-11-09;7.04;11;7.04
2000-11-10;7.25;11;7.25
2000-11-11;6.77;11;6.77
2000-11-12;6.58;11;6.58
2000-11-13;6.77;11;6.77
2000-11-14;6.8;11;6.8
2000-11-15;6.89;11;6.89
2000-11-16;6.86;11;6.86
2000-11-17;7.09;11;7.09
2000-11-18;12.8;11;12.8
2000-11-19;12.76;11;12.76
2000-11-20;24.95;11;24.95
2000-11-21;20.89;11;20.89
2000-11-22;15.96;11;15.96
2000-11-23;13.27;11;13.27
2000-11-24;11.47;11;11.47
2000-11-25;10.48;11;10.48
2000-11-26;9.67;11;9.67
2000-11-27;9.04;11;9.04
2000-11-28;8.5;11;8.5
2000-11-29;8.12;11;8.12
2000-11-30;7.8;11;7.8
2000-12-01;7.3;12;7.3
2000-12-02;5.36;12;5.36
2000-12-03;3.6;12;3.6
2000-12-04;3.43;12;3.43
2000-12-05;3.28;12;3.28
2000-12-06;3.33;12;3.33
2000-12-07;3.06;12;3.06
2000-12-08;5.11;12;5.11
2000-12-09;3.16;12;3.16
2000-12-10;2.83;12;2.83
2000-12-11;3.67;12;3.67
2000-12-12;3.22;12;3.22
2000-12-13;2.69;12;2.69
2000-12-14;2.57;12;2.57
2000-12-15;2.5;12;2.5
2000-12-16;2.44;12;2.44
2000-12-17;2.32;12;2.32
2000-12-18;2.26;12;2.26
2000-12-19;2.33;12;2.33
2000-12-20;2.29;12;2.29
2000-12-21;2.17;12;2.17
2000-12-22;2.07;12;2.07
2000-12-23;2.0;12;2.0
2000-12-24;1.94;12;1.94
2000-12-25;1.92;12;1.92
2000-12-26;1.9;12;1.9
2000-12-27;4.64;12;4.64
2000-12-28;6.04;12;6.04
2000-12-29;11.42;12;11.42
2000-12-30;5.94;12;5.94
2000-12-31;4.27;12;4.27
2001-01-01;3.74;1;3.74
2001-01-02;3.88;1;3.88
2001-01-03;3.16;1;3.16
2001-01-04;2.96;1;2.96
2001-01-05;3.0;1;3.0
2001-01-06;3.0;1;3.0
2001-01-07;2.75;1;2.75
2001-01-08;2.65;1;2.65
2001-01-09;2.58;1;2.58
2001-01-10;2.7;1;2.7
2001-01-11;2.59;1;2.59
2001-01-12;3.23;1;3.23
2001-01-13;2.47;1;2.47
2001-01-14;2.33;1;2.33
2001-01-15;2.22;1;2.22
2001-01-16;2.24;1;2.24
2001-01-17;2.4;1;2.4
2001-01-18;2.26;1;2.26
2001-01-19;2.31;1;2.31
2001-01-20;2.89;1;2.89
2001-01-21;2.4;1;2.4
2001-01-22;3.68;1;3.68
2001-01-23;3.21;1;3.21
2001-01-24;2.57;1;2.57
2001-01-25;2.33;1;2.33
2001-01-26;2.24;1;2.24
2001-01-27;2.14;1;2.14
2001-01-28;2.07;1;2.07
2001-01-29;2.0;1;2.0
2001-01-30;2.21;1;2.21
2001-01-31;2.4;1;2.4
2001-02-01;1.88;2;1.88
2001-02-02;2.34;2;2.34
2001-02-03;2.24;2;2.24
2001-02-04;3.11;2;3.11
2001-02-05;2.43;2;2.43
2001-02-06;2.09;2;2.09
2001-02-07;1.97;2;1.97
2001-02-08;1.87;2;1.87
2001-02-09;1.84;2;1.84
2001-02-10;1.83;2;1.83
2001-02-11;1.74;2;1.74
2001-02-12;1.68;2;1.68
2001-02-13;1.7;2;1.7
2001-02-14;1.66;2;1.66
2001-02-15;1.62;2;1.62
2001-02-16;1.74;2;1.74
2001-02-17;1.88;2;1.88
2001-02-18;1.74;2;1.74
2001-02-19;1.62;2;1.62
2001-02-20;1.67;2;1.67
2001-02-21;4.11;2;4.11
2001-02-22;2.48;2;2.48
2001-02-23;2.74;2;2.74
2001-02-24;3.23;2;3.23
2001-02-25;2.3;2;2.3
2001-02-26;3.07;2;3.07
2001-02-27;6.28;2;6.28
2001-02-28;3.36;2;3.36
2001-03-01;3.04;3;3.04
2001-03-02;2.63;3;2.63
2001-03-03;2.53;3;2.53
2001-03-04;2.82;3;2.82
2001-03-05;4.41;3;4.41
2001-03-06;16.52;3;16.52
2001-03-07;7.07;3;7.07
2001-03-08;5.65;3;5.65
2001-03-09;5.09;3;5.09
2001-03-10;14.91;3;14.91
2001-03-11;9.52;3;9.52
2001-03-12;6.54;3;6.54
2001-03-13;5.44;3;5.44
2001-03-14;6.6;3;6.6
2001-03-15;12.24;3;12.24
2001-03-16;9.07;3;9.07
2001-03-17;7.26;3;7.26
2001-03-18;7.1;3;7.1
2001-03-19;9.16;3;9.16
2001-03-20;8.04;3;8.04
2001-03-21;9.83;3;9.83
2001-03-22;8.47;3;8.47
2001-03-23;6.73;3;6.73
2001-03-24;9.81;3;9.81
2001-03-25;12.05;3;12.05
2001-03-26;8.54;3;8.54
2001-03-27;7.3;3;7.3
2001-03-28;6.63;3;6.63
2001-03-29;6.4;3;6.4
2001-03-30;6.66;3;6.66
2001-03-31;5.73;3;5.73
2001-04-01;5.3;4;5.3
2001-04-02;5.0;4;5.0
2001-04-03;4.9;4;4.9
2001-04-04;5.36;4;5.36
2001-04-05;4.71;4;4.71
2001-04-06;4.61;4;4.61
2001-04-07;4.5;4;4.5
2001-04-08;5.32;4;5.32
2001-04-09;4.4;4;4.4
2001-04-10;4.02;4;4.02
2001-04-11;3.86;4;3.86
2001-04-12;3.86;4;3.86
2001-04-13;8.73;4;8.73
2001-04-14;4.15;4;4.15
2001-04-15;5.58;4;5.58
2001-04-16;3.86;4;3.86
2001-04-17;3.6;4;3.6
2001-04-18;4.27;4;4.27
2001-04-19;3.5;4;3.5
2001-04-20;3.31;4;3.31
2001-04-21;3.28;4;3.28
2001-04-22;3.08;4;3.08
2001-04-23;3.18;4;3.18
2001-04-24;3.66;4;3.66
2001-04-25;3.08;4;3.08
2001-04-26;2.88;4;2.88
2001-04-27;2.81;4;2.81
2001-04-28;2.69;4;2.69
2001-04-29;2.69;4;2.69
2001-04-30;2.64;4;2.64
2001-05-01;2.52;5;2.52
2001-05-02;2.62;5;2.62
2001-05-03;2.47;5;2.47
2001-05-04;2.4;5;2.4
2001-05-05;2.29;5;2.29
2001-05-06;2.26;5;2.26
2001-05-07;2.81;5;2.81
2001-05-08;3.1;5;3.1
2001-05-09;2.66;5;2.66
2001-05-10;4.64;5;4.64
2001-05-11;2.5;5;2.5
2001-05-12;2.24;5;2.24
2001-05-13;2.14;5;2.14
2001-05-14;2.24;5;2.24
2001-05-15;2.12;5;2.12
2001-05-16;4.36;5;4.36
2001-05-17;3.6;5;3.6
2001-05-18;3.08;5;3.08
2001-05-19;2.93;5;2.93
2001-05-20;2.86;5;2.86
2001-05-21;2.76;5;2.76
2001-05-22;2.81;5;2.81
2001-05-23;2.69;5;2.69
2001-05-24;9.7;5;9.7
2001-05-25;4.81;5;4.81
2001-05-26;3.93;5;3.93
2001-05-27;3.63;5;3.63
2001-05-28;3.44;5;3.44
2001-05-29;3.24;5;3.24
2001-05-30;3.08;5;3.08
2001-05-31;3.83;5;3.83
2001-06-01;3.28;6;3.28
2001-06-02;6.15;6;6.15
2001-06-03;11.04;6;11.04
2001-06-04;5.91;6;5.91
2001-06-05;4.95;6;4.95
2001-06-06;4.6;6;4.6
2001-06-07;4.28;6;4.28
2001-06-08;4.12;6;4.12
2001-06-09;4.02;6;4.02
2001-06-10;3.89;6;3.89
2001-06-11;5.72;6;5.72
2001-06-12;3.8;6;3.8
2001-06-13;5.19;6;5.19
2001-06-14;4.27;6;4.27
2001-06-15;3.73;6;3.73
2001-06-16;3.55;6;3.55
2001-06-17;3.47;6;3.47
2001-06-18;3.29;6;3.29
2001-06-19;3.18;6;3.18
2001-06-20;3.11;6;3.11
2001-06-21;2.88;6;2.88
2001-06-22;2.68;6;2.68
2001-06-23;2.62;6;2.62
2001-06-24;2.59;6;2.59
2001-06-25;2.62;6;2.62
2001-06-26;2.63;6;2.63
2001-06-27;2.67;6;2.67
2001-06-28;2.52;6;2.52
2001-06-29;2.5;6;2.5
2001-06-30;2.4;6;2.4
2001-07-01;2.38;7;2.38
2001-07-02;2.44;7;2.44
2001-07-03;2.31;7;2.31
2001-07-04;2.29;7;2.29
2001-07-05;2.3;7;2.3
2001-07-06;2.26;7;2.26
2001-07-07;2.26;7;2.26
2001-07-08;2.21;7;2.21
2001-07-09;2.19;7;2.19
2001-07-10;2.14;7;2.14
2001-07-11;2.09;7;2.09
2001-07-12;2.05;7;2.05
2001-07-13;2.42;7;2.42
2001-07-14;2.3;7;2.3
2001-07-15;2.12;7;2.12
2001-07-16;2.58;7;2.58
2001-07-17;2.15;7;2.15
2001-07-18;2.38;7;2.38
2001-07-19;2.22;7;2.22
2001-07-20;1.9;7;1.9
2001-07-21;1.84;7;1.84
2001-07-22;1.88;7;1.88
2001-07-23;1.82;7;1.82
2001-07-24;1.8;7;1.8
2001-07-25;1.79;7;1.79
2001-07-26;2.07;7;2.07
2001-07-27;1.91;7;1.91
2001-07-28;1.76;7;1.76
2001-07-29;1.76;7;1.76
2001-07-30;1.78;7;1.78
2001-07-31;1.74;7;1.74
2001-08-01;1.7;8;1.7
2001-08-02;1.64;8;1.64
2001-08-03;1.8;8;1.8
2001-08-04;1.64;8;1.64
2001-08-05;1.66;8;1.66
2001-08-06;1.58;8;1.58
2001-08-07;1.54;8;1.54
2001-08-08;1.54;8;1.54
2001-08-09;1.56;8;1.56
2001-08-10;1.52;8;1.52
2001-08-11;1.52;8;1.52
2001-08-12;1.52;8;1.52
2001-08-13;1.46;8;1.46
2001-08-14;1.5;8;1.5
2001-08-15;1.48;8;1.48
2001-08-16;1.46;8;1.46
2001-08-17;1.46;8;1.46
2001-08-18;1.44;8;1.44
2001-08-19;1.44;8;1.44
2001-08-20;1.4;8;1.4
2001-08-21;1.36;8;1.36
2001-08-22;1.34;8;1.34
2001-08-23;1.34;8;1.34
2001-08-24;1.36;8;1.36
2001-08-25;1.34;8;1.34
2001-08-26;1.56;8;1.56
2001-08-27;1.38;8;1.38
2001-08-28;1.3;8;1.3
2001-08-29;1.26;8;1.26
2001-08-30;1.24;8;1.24
2001-08-31;1.18;8;1.18
2001-09-01;1.2;9;1.2
2001-09-02;1.2;9;1.2
2001-09-03;1.22;9;1.22
2001-09-04;1.22;9;1.22
2001-09-05;1.3;9;1.3
2001-09-06;1.2;9;1.2
2001-09-07;1.38;9;1.38
2001-09-08;1.34;9;1.34
2001-09-09;1.42;9;1.42
2001-09-10;1.42;9;1.42
2001-09-11;1.64;9;1.64
2001-09-12;2.3;9;2.3
2001-09-13;1.72;9;1.72
2001-09-14;5.12;9;5.12
2001-09-15;2.36;9;2.36
2001-09-16;1.58;9;1.58
2001-09-17;1.32;9;1.32
2001-09-18;2.08;9;2.08
2001-09-19;2.26;9;2.26
2001-09-20;1.54;9;1.54
2001-09-21;1.4;9;1.4
2001-09-22;1.74;9;1.74
2001-09-23;1.99;9;1.99
2001-09-24;1.68;9;1.68
2001-09-25;1.38;9;1.38
2001-09-26;1.26;9;1.26
2001-09-27;1.4;9;1.4
2001-09-28;4.27;9;4.27
2001-09-29;2.72;9;2.72
2001-09-30;1.72;9;1.72
2001-10-01;1.56;10;1.56
2001-10-02;1.4;10;1.4
2001-10-03;1.3;10;1.3
2001-10-04;1.26;10;1.26
2001-10-05;1.2;10;1.2
2001-10-06;1.15;10;1.15
2001-10-07;1.15;10;1.15
2001-10-08;1.22;10;1.22
2001-10-09;1.15;10;1.15
2001-10-10;1.07;10;1.07
2001-10-11;0.97;10;0.97
2001-10-12;1.09;10;1.09
2001-10-13;1.07;10;1.07
2001-10-14;1.42;10;1.42
2001-10-15;1.13;10;1.13
2001-10-16;1.1;10;1.1
2001-10-17;2.14;10;2.14
2001-10-18;1.42;10;1.42
2001-10-19;1.17;10;1.17
2001-10-20;1.23;10;1.23
2001-10-21;1.58;10;1.58
2001-10-22;1.28;10;1.28
2001-10-23;4.07;10;4.07
2001-10-24;3.47;10;3.47
2001-10-25;2.1;10;2.1
2001-10-26;4.27;10;4.27
2001-10-27;3.45;10;3.45
2001-10-28;2.57;10;2.57
2001-10-29;2.03;10;2.03
2001-10-30;2.39;10;2.39
2001-10-31;4.09;10;4.09
2001-11-01;3.04;11;3.04
2001-11-02;2.4;11;2.4
2001-11-03;2.14;11;2.14
2001-11-04;1.98;11;1.98
2001-11-05;1.86;11;1.86
2001-11-06;1.9;11;1.9
2001-11-07;1.84;11;1.84
2001-11-08;1.72;11;1.72
2001-11-09;1.68;11;1.68
2001-11-10;1.62;11;1.62
2001-11-11;1.58;11;1.58
2001-11-12;2.92;11;2.92
2001-11-13;17.66;11;17.66
2001-11-14;12.24;11;12.24
2001-11-15;7.19;11;7.19
2001-11-16;4.95;11;4.95
2001-11-17;4.16;11;4.16
2001-11-18;8.1;11;8.1
2001-11-19;6.61;11;6.61
2001-11-20;8.98;11;8.98
2001-11-21;11.41;11;11.41
2001-11-22;7.72;11;7.72
2001-11-23;6.1;11;6.1
2001-11-24;5.8;11;5.8
2001-11-25;6.44;11;6.44
2001-11-26;9.05;11;9.05
2001-11-27;8.01;11;8.01
2001-11-28;13.68;11;13.68
2001-11-29;11.83;11;11.83
2001-11-30;8.95;11;8.95
2001-12-01;13.93;12;13.93
2001-12-02;12.31;12;12.31
2001-12-03;9.6;12;9.6
2001-12-04;8.85;12;8.85
2001-12-05;19.95;12;19.95
2001-12-06;11.93;12;11.93
2001-12-07;9.5;12;9.5
2001-12-08;8.05;12;8.05
2001-12-09;13.99;12;13.99
2001-12-10;10.97;12;10.97
2001-12-11;8.6;12;8.6
2001-12-12;10.71;12;10.71
2001-12-13;17.91;12;17.91
2001-12-14;14.08;12;14.08
2001-12-15;13.47;12;13.47
2001-12-16;11.03;12;11.03
2001-12-17;10.91;12;10.91
2001-12-18;15.11;12;15.11
2001-12-19;11.64;12;11.64
2001-12-20;8.9;12;8.9
2001-12-21;8.09;12;8.09
2001-12-22;23.62;12;23.62
2001-12-23;13.83;12;13.83
2001-12-24;10.31;12;10.31
2001-12-25;8.52;12;8.52
2001-12-26;9.05;12;9.05
2001-12-27;14.52;12;14.52
2001-12-28;8.21;12;8.21
2001-12-29;7.51;12;7.51
2001-12-30;7.11;12;7.11
2001-12-31;6.26;12;6.26
2002-01-01;5.61;1;5.61
2002-01-02;5.61;1;5.61
2002-01-03;5.07;1;5.07
2002-01-04;4.87;1;4.87
2002-01-05;4.55;1;4.55
2002-01-06;4.27;1;4.27
2002-01-07;6.99;1;6.99
2002-01-08;4.68;1;4.68
2002-01-09;4.23;1;4.23
2002-01-10;4.15;1;4.15
2002-01-11;3.83;1;3.83
2002-01-12;3.64;1;3.64
2002-01-13;6.07;1;6.07
2002-01-14;7.0;1;7.0
2002-01-15;4.84;1;4.84
2002-01-16;4.27;1;4.27
2002-01-17;4.0;1;4.0
2002-01-18;3.88;1;3.88
2002-01-19;3.66;1;3.66
2002-01-20;3.49;1;3.49
2002-01-21;5.78;1;5.78
2002-01-22;4.36;1;4.36
2002-01-23;3.68;1;3.68
2002-01-24;3.47;1;3.47
2002-01-25;3.35;1;3.35
2002-01-26;3.23;1;3.23
2002-01-27;3.1;1;3.1
2002-01-28;2.95;1;2.95
2002-01-29;2.83;1;2.83
2002-01-30;2.77;1;2.77
2002-01-31;2.74;1;2.74
2002-02-01;2.6;2;2.6
2002-02-02;2.55;2;2.55
2002-02-03;2.46;2;2.46
2002-02-04;2.48;2;2.48
2002-02-05;2.44;2;2.44
2002-02-06;2.36;2;2.36
2002-02-07;2.28;2;2.28
2002-02-08;2.24;2;2.24
2002-02-09;2.13;2;2.13
2002-02-10;2.1;2;2.1
2002-02-11;2.02;2;2.02
2002-02-12;2.0;2;2.0
2002-02-13;2.32;2;2.32
2002-02-14;2.0;2;2.0
2002-02-15;1.96;2;1.96
2002-02-16;1.94;2;1.94
2002-02-17;1.9;2;1.9
2002-02-18;1.82;2;1.82
2002-02-19;1.77;2;1.77
2002-02-20;1.81;2;1.81
2002-02-21;1.82;2;1.82
2002-02-22;1.76;2;1.76
2002-02-23;1.86;2;1.86
2002-02-24;1.85;2;1.85
2002-02-25;1.82;2;1.82
2002-02-26;1.76;2;1.76
2002-02-27;1.76;2;1.76
2002-02-28;1.88;2;1.88
2002-03-01;2.04;3;2.04
2002-03-02;1.84;3;1.84
2002-03-03;1.8;3;1.8
2002-03-04;1.78;3;1.78
2002-03-05;1.76;3;1.76
2002-03-06;1.76;3;1.76
2002-03-07;3.38;3;3.38
2002-03-08;3.8;3;3.8
2002-03-09;1.48;3;1.48
2002-03-10;1.46;3;1.46
2002-03-11;1.48;3;1.48
2002-03-12;1.42;3;1.42
2002-03-13;4.85;3;4.85
2002-03-14;2.86;3;2.86
2002-03-15;1.92;3;1.92
2002-03-16;2.36;3;2.36
2002-03-17;2.24;3;2.24
2002-03-18;1.84;3;1.84
2002-03-19;2.06;3;2.06
2002-03-20;2.55;3;2.55
2002-03-21;5.06;3;5.06
2002-03-22;3.08;3;3.08
2002-03-23;3.28;3;3.28
2002-03-24;2.71;3;2.71
2002-03-25;2.66;3;2.66
2002-03-26;2.4;3;2.4
2002-03-27;2.33;3;2.33
2002-03-28;2.71;3;2.71
2002-03-29;2.47;3;2.47
2002-03-30;2.64;3;2.64
2002-03-31;2.24;3;2.24
2002-04-01;2.1;4;2.1
2002-04-02;2.91;4;2.91
2002-04-03;2.29;4;2.29
2002-04-04;5.28;4;5.28
2002-04-05;2.71;4;2.71
2002-04-06;2.69;4;2.69
2002-04-07;15.18;4;15.18
2002-04-08;4.78;4;4.78
2002-04-09;3.63;4;3.63
2002-04-10;3.08;4;3.08
2002-04-11;2.78;4;2.78
2002-04-12;2.62;4;2.62
2002-04-13;2.45;4;2.45
2002-04-14;2.36;4;2.36
2002-04-15;8.22;4;8.22
2002-04-16;2.9;4;2.9
2002-04-17;2.82;4;2.82
2002-04-18;4.75;4;4.75
2002-04-19;4.16;4;4.16
2002-04-20;7.55;4;7.55
2002-04-21;4.81;4;4.81
2002-04-22;4.02;4;4.02
2002-04-23;3.63;4;3.63
2002-04-24;7.59;4;7.59
2002-04-25;6.4;4;6.4
2002-04-26;20.12;4;20.12
2002-04-27;18.37;4;18.37
2002-04-28;17.52;4;17.52
2002-04-29;19.36;4;19.36
2002-04-30;20.03;4;20.03
2002-05-01;15.61;5;15.61
2002-05-02;12.13;5;12.13
2002-05-03;9.88;5;9.88
2002-05-04;8.45;5;8.45
2002-05-05;7.35;5;7.35
2002-05-06;6.59;5;6.59
2002-05-07;6.06;5;6.06
2002-05-08;5.65;5;5.65
2002-05-09;5.34;5;5.34
2002-05-10;5.1;5;5.1
2002-05-11;4.85;5;4.85
2002-05-12;4.6;5;4.6
2002-05-13;4.35;5;4.35
2002-05-14;4.19;5;4.19
2002-05-15;4.02;5;4.02
2002-05-16;3.92;5;3.92
2002-05-17;3.83;5;3.83
2002-05-18;3.98;5;3.98
2002-05-19;3.67;5;3.67
2002-05-20;3.76;5;3.76
2002-05-21;3.71;5;3.71
2002-05-22;3.45;5;3.45
2002-05-23;3.64;5;3.64
2002-05-24;3.49;5;3.49
2002-05-25;5.05;5;5.05
2002-05-26;4.28;5;4.28
2002-05-27;3.77;5;3.77
2002-05-28;3.57;5;3.57
2002-05-29;3.5;5;3.5
2002-05-30;3.4;5;3.4
2002-05-31;3.34;5;3.34
2002-06-01;3.28;6;3.28
2002-06-02;3.24;6;3.24
2002-06-03;3.46;6;3.46
2002-06-04;4.55;6;4.55
2002-06-05;4.31;6;4.31
2002-06-06;4.06;6;4.06
2002-06-07;2.98;6;2.98
2002-06-08;2.78;6;2.78
2002-06-09;6.36;6;6.36
2002-06-10;6.49;6;6.49
2002-06-11;5.41;6;5.41
2002-06-12;2.24;6;2.24
2002-06-13;2.14;6;2.14
2002-06-14;3.17;6;3.17
2002-06-15;2.33;6;2.33
2002-06-16;2.21;6;2.21
2002-06-17;2.1;6;2.1
2002-06-18;2.0;6;2.0
2002-06-19;2.0;6;2.0
2002-06-20;1.94;6;1.94
2002-06-21;1.9;6;1.9
2002-06-22;1.88;6;1.88
2002-06-23;1.82;6;1.82
2002-06-24;1.76;6;1.76
2002-06-25;1.64;6;1.64
2002-06-26;1.52;6;1.52
2002-06-27;1.48;6;1.48
2002-06-28;1.46;6;1.46
2002-06-29;1.46;6;1.46
2002-06-30;1.44;6;1.44
2002-07-01;1.4;7;1.4
2002-07-02;1.36;7;1.36
2002-07-03;1.36;7;1.36
2002-07-04;1.42;7;1.42
2002-07-05;1.64;7;1.64
2002-07-06;3.04;7;3.04
2002-07-07;1.72;7;1.72
2002-07-08;1.56;7;1.56
2002-07-09;1.48;7;1.48
2002-07-10;1.44;7;1.44
2002-07-11;1.4;7;1.4
2002-07-12;1.4;7;1.4
2002-07-13;1.38;7;1.38
2002-07-14;1.36;7;1.36
2002-07-15;1.32;7;1.32
2002-07-16;1.32;7;1.32
2002-07-17;1.28;7;1.28
2002-07-18;1.24;7;1.24
2002-07-19;1.2;7;1.2
2002-07-20;1.28;7;1.28
2002-07-21;1.34;7;1.34
2002-07-22;1.28;7;1.28
2002-07-23;1.2;7;1.2
2002-07-24;1.26;7;1.26
2002-07-25;1.17;7;1.17
2002-07-26;1.17;7;1.17
2002-07-27;1.1;7;1.1
2002-07-28;1.09;7;1.09
2002-07-29;1.07;7;1.07
2002-07-30;1.07;7;1.07
2002-07-31;1.04;7;1.04
2002-08-01;1.04;8;1.04
2002-08-02;1.02;8;1.02
2002-08-03;1.07;8;1.07
2002-08-04;0.97;8;0.97
2002-08-05;0.96;8;0.96
2002-08-06;0.97;8;0.97
2002-08-07;0.94;8;0.94
2002-08-08;0.97;8;0.97
2002-08-09;0.97;8;0.97
2002-08-10;0.94;8;0.94
2002-08-11;0.91;8;0.91
2002-08-12;0.92;8;0.92
2002-08-13;0.92;8;0.92
2002-08-14;0.91;8;0.91
2002-08-15;0.89;8;0.89
2002-08-16;0.88;8;0.88
2002-08-17;0.84;8;0.84
2002-08-18;0.81;8;0.81
2002-08-19;0.81;8;0.81
2002-08-20;0.78;8;0.78
2002-08-21;0.79;8;0.79
2002-08-22;0.78;8;0.78
2002-08-23;0.78;8;0.78
2002-08-24;0.76;8;0.76
2002-08-25;0.75;8;0.75
2002-08-26;0.78;8;0.78
2002-08-27;1.15;8;1.15
2002-08-28;1.02;8;1.02
2002-08-29;1.86;8;1.86
2002-08-30;1.09;8;1.09
2002-08-31;0.89;8;0.89
2002-09-01;0.86;9;0.86
2002-09-02;1.53;9;1.53
2002-09-03;1.28;9;1.28
2002-09-04;0.97;9;0.97
2002-09-05;0.86;9;0.86
2002-09-06;0.84;9;0.84
2002-09-07;0.81;9;0.81
2002-09-08;0.79;9;0.79
2002-09-09;0.78;9;0.78
2002-09-10;0.75;9;0.75
2002-09-11;0.75;9;0.75
2002-09-12;0.83;9;0.83
2002-09-13;0.85;9;0.85
2002-09-14;0.83;9;0.83
2002-09-15;0.86;9;0.86
2002-09-16;0.84;9;0.84
2002-09-17;0.85;9;0.85
2002-09-18;0.96;9;0.96
2002-09-19;1.16;9;1.16
2002-09-20;0.93;9;0.93
2002-09-21;0.9;9;0.9
2002-09-22;0.97;9;0.97
2002-09-23;0.86;9;0.86
2002-09-24;0.84;9;0.84
2002-09-25;1.01;9;1.01
2002-09-26;1.02;9;1.02
2002-09-27;1.01;9;1.01
2002-09-28;3.78;9;3.78
2002-09-29;1.37;9;1.37
2002-09-30;1.1;9;1.1
2002-10-01;0.99;10;0.99
2002-10-02;0.92;10;0.92
2002-10-03;0.88;10;0.88
2002-10-04;0.87;10;0.87
2002-10-05;0.83;10;0.83
2002-10-06;0.81;10;0.81
2002-10-07;0.81;10;0.81
2002-10-08;1.01;10;1.01
2002-10-09;0.94;10;0.94
2002-10-10;0.88;10;0.88
2002-10-11;1.49;10;1.49
2002-10-12;1.16;10;1.16
2002-10-13;1.03;10;1.03
2002-10-14;0.94;10;0.94
2002-10-15;0.88;10;0.88
2002-10-16;0.88;10;0.88
2002-10-17;0.86;10;0.86
2002-10-18;1.07;10;1.07
2002-10-19;0.96;10;0.96
2002-10-20;2.84;10;2.84
2002-10-21;2.25;10;2.25
2002-10-22;2.07;10;2.07
2002-10-23;1.56;10;1.56
2002-10-24;1.73;10;1.73
2002-10-25;1.66;10;1.66
2002-10-26;1.41;10;1.41
2002-10-27;1.52;10;1.52
2002-10-28;1.33;10;1.33
2002-10-29;1.6;10;1.6
2002-10-30;1.91;10;1.91
2002-10-31;1.57;10;1.57
2002-11-01;1.94;11;1.94
2002-11-02;3.27;11;3.27
2002-11-03;5.03;11;5.03
2002-11-04;3.99;11;3.99
2002-11-05;9.47;11;9.47
2002-11-06;5.56;11;5.56
2002-11-07;3.93;11;3.93
2002-11-08;3.32;11;3.32
2002-11-09;2.92;11;2.92
2002-11-10;2.87;11;2.87
2002-11-11;2.41;11;2.41
2002-11-12;2.21;11;2.21
2002-11-13;4.05;11;4.05
2002-11-14;3.2;11;3.2
2002-11-15;2.68;11;2.68
2002-11-16;2.47;11;2.47
2002-11-17;2.31;11;2.31
2002-11-18;2.19;11;2.19
2002-11-19;2.16;11;2.16
2002-11-20;2.03;11;2.03
2002-11-21;1.94;11;1.94
2002-11-22;1.9;11;1.9
2002-11-23;1.84;11;1.84
2002-11-24;1.76;11;1.76
2002-11-25;1.72;11;1.72
2002-11-26;1.67;11;1.67
2002-11-27;1.62;11;1.62
2002-11-28;1.56;11;1.56
2002-11-29;2.27;11;2.27
2002-11-30;2.06;11;2.06
2002-12-01;1.6;12;1.6
2002-12-02;1.54;12;1.54
2002-12-03;1.48;12;1.48
2002-12-04;1.44;12;1.44
2002-12-05;1.56;12;1.56
2002-12-06;1.89;12;1.89
2002-12-07;1.58;12;1.58
2002-12-08;1.52;12;1.52
2002-12-09;1.73;12;1.73
2002-12-10;1.5;12;1.5
2002-12-11;1.61;12;1.61
2002-12-12;1.58;12;1.58
2002-12-13;2.15;12;2.15
2002-12-14;1.81;12;1.81
2002-12-15;6.88;12;6.88
2002-12-16;6.15;12;6.15
2002-12-17;5.87;12;5.87
2002-12-18;4.79;12;4.79
2002-12-19;3.68;12;3.68
2002-12-20;4.45;12;4.45
2002-12-21;5.45;12;5.45
2002-12-22;4.06;12;4.06
2002-12-23;3.56;12;3.56
2002-12-24;3.22;12;3.22
2002-12-25;2.97;12;2.97
2002-12-26;2.79;12;2.79
2002-12-27;2.64;12;2.64
2002-12-28;2.65;12;2.65
2002-12-29;2.63;12;2.63
2002-12-30;2.45;12;2.45
2002-12-31;2.49;12;2.49
2003-01-01;3.36;1;3.36
2003-01-02;2.43;1;2.43
2003-01-03;2.28;1;2.28
2003-01-04;2.19;1;2.19
2003-01-05;2.07;1;2.07
2003-01-06;2.0;1;2.0
2003-01-07;1.94;1;1.94
2003-01-08;1.9;1;1.9
2003-01-09;1.86;1;1.86
2003-01-10;1.74;1;1.74
2003-01-11;1.7;1;1.7
2003-01-12;1.66;1;1.66
2003-01-13;1.62;1;1.62
2003-01-14;1.64;1;1.64
2003-01-15;1.73;1;1.73
2003-01-16;1.64;1;1.64
2003-01-17;1.99;1;1.99
2003-01-18;2.8;1;2.8
2003-01-19;3.32;1;3.32
2003-01-20;3.06;1;3.06
2003-01-21;1.98;1;1.98
2003-01-22;1.78;1;1.78
2003-01-23;1.66;1;1.66
2003-01-24;1.62;1;1.62
2003-01-25;1.56;1;1.56
2003-01-26;1.5;1;1.5
2003-01-27;1.44;1;1.44
2003-01-28;1.41;1;1.41
2003-01-29;1.36;1;1.36
2003-01-30;1.34;1;1.34
2003-01-31;1.32;1;1.32
2003-02-01;1.41;2;1.41
2003-02-02;1.38;2;1.38
2003-02-03;1.29;2;1.29
2003-02-04;1.22;2;1.22
2003-02-05;1.16;2;1.16
2003-02-06;1.14;2;1.14
2003-02-07;1.14;2;1.14
2003-02-08;1.2;2;1.2
2003-02-09;1.14;2;1.14
2003-02-10;1.14;2;1.14
2003-02-11;1.14;2;1.14
2003-02-12;1.29;2;1.29
2003-02-13;1.14;2;1.14
2003-02-14;1.14;2;1.14
2003-02-15;1.39;2;1.39
2003-02-16;1.17;2;1.17
2003-02-17;1.18;2;1.18
2003-02-18;2.28;2;2.28
2003-02-19;4.29;2;4.29
2003-02-20;1.69;2;1.69
2003-02-21;1.36;2;1.36
2003-02-22;1.24;2;1.24
2003-02-23;1.18;2;1.18
2003-02-24;1.15;2;1.15
2003-02-25;1.52;2;1.52
2003-02-26;5.54;2;5.54
2003-02-27;2.44;2;2.44
2003-02-28;3.66;2;3.66
2003-03-01;2.53;3;2.53
2003-03-02;2.08;3;2.08
2003-03-03;1.97;3;1.97
2003-03-04;1.93;3;1.93
2003-03-05;1.7;3;1.7
2003-03-06;1.58;3;1.58
2003-03-07;1.48;3;1.48
2003-03-08;1.44;3;1.44
2003-03-09;1.42;3;1.42
2003-03-10;1.36;3;1.36
2003-03-11;1.34;3;1.34
2003-03-12;1.3;3;1.3
2003-03-13;1.49;3;1.49
2003-03-14;2.19;3;2.19
2003-03-15;2.55;3;2.55
2003-03-16;4.01;3;4.01
2003-03-17;2.33;3;2.33
2003-03-18;1.87;3;1.87
2003-03-19;1.66;3;1.66
2003-03-20;1.64;3;1.64
2003-03-21;1.84;3;1.84
2003-03-22;1.59;3;1.59
2003-03-23;2.51;3;2.51
2003-03-24;2.07;3;2.07
2003-03-25;1.6;3;1.6
2003-03-26;2.12;3;2.12
2003-03-27;1.88;3;1.88
2003-03-28;1.6;3;1.6
2003-03-29;1.52;3;1.52
2003-03-30;1.52;3;1.52
2003-03-31;1.76;3;1.76
2003-04-01;2.04;4;2.04
2003-04-02;1.56;4;1.56
2003-04-03;1.44;4;1.44
2003-04-04;1.4;4;1.4
2003-04-05;1.36;4;1.36
2003-04-06;1.3;4;1.3
2003-04-07;1.28;4;1.28
2003-04-08;1.52;4;1.52
2003-04-09;3.62;4;3.62
2003-04-10;6.37;4;6.37
2003-04-11;3.28;4;3.28
2003-04-12;4.01;4;4.01
2003-04-13;5.88;4;5.88
2003-04-14;4.17;4;4.17
2003-04-15;4.11;4;4.11
2003-04-16;3.64;4;3.64
2003-04-17;6.42;4;6.42
2003-04-18;4.34;4;4.34
2003-04-19;4.25;4;4.25
2003-04-20;3.78;4;3.78
2003-04-21;4.33;4;4.33
2003-04-22;4.99;4;4.99
2003-04-23;4.16;4;4.16
2003-04-24;4.22;4;4.22
2003-04-25;5.54;4;5.54
2003-04-26;4.82;4;4.82
2003-04-27;3.88;4;3.88
2003-04-28;3.92;4;3.92
2003-04-29;3.62;4;3.62
2003-04-30;3.48;4;3.48
2003-05-01;2.95;5;2.95
2003-05-02;2.72;5;2.72
2003-05-03;2.72;5;2.72
2003-05-04;2.53;5;2.53
2003-05-05;2.46;5;2.46
2003-05-06;2.4;5;2.4
2003-05-07;2.37;5;2.37
2003-05-08;2.42;5;2.42
2003-05-09;2.29;5;2.29
2003-05-10;2.42;5;2.42
2003-05-11;2.14;5;2.14
2003-05-12;2.07;5;2.07
2003-05-13;1.97;5;1.97
2003-05-14;1.9;5;1.9
2003-05-15;1.84;5;1.84
2003-05-16;1.82;5;1.82
2003-05-17;1.76;5;1.76
2003-05-18;1.9;5;1.9
2003-05-19;2.24;5;2.24
2003-05-20;1.9;5;1.9
2003-05-21;5.1;5;5.1
2003-05-22;5.33;5;5.33
2003-05-23;2.48;5;2.48
2003-05-24;2.27;5;2.27
2003-05-25;2.08;5;2.08
2003-05-26;3.78;5;3.78
2003-05-27;3.71;5;3.71
2003-05-28;2.52;5;2.52
2003-05-29;2.27;5;2.27
2003-05-30;2.1;5;2.1
2003-05-31;1.97;5;1.97
2003-06-01;1.92;6;1.92
2003-06-02;2.81;6;2.81
2003-06-03;3.49;6;3.49
2003-06-04;2.67;6;2.67
2003-06-05;3.69;6;3.69
2003-06-06;5.0;6;5.0
2003-06-07;6.47;6;6.47
2003-06-08;3.88;6;3.88
2003-06-09;3.27;6;3.27
2003-06-10;2.95;6;2.95
2003-06-11;5.0;6;5.0
2003-06-12;3.32;6;3.32
2003-06-13;3.28;6;3.28
2003-06-14;3.11;6;3.11
2003-06-15;5.72;6;5.72
2003-06-16;7.12;6;7.12
2003-06-17;7.33;6;7.33
2003-06-18;6.51;6;6.51
2003-06-19;4.97;6;4.97
2003-06-20;4.17;6;4.17
2003-06-21;3.8;6;3.8
2003-06-22;3.52;6;3.52
2003-06-23;3.4;6;3.4
2003-06-24;3.25;6;3.25
2003-06-25;2.93;6;2.93
2003-06-26;2.82;6;2.82
2003-06-27;2.7;6;2.7
2003-06-28;3.0;6;3.0
2003-06-29;3.02;6;3.02
2003-06-30;2.62;6;2.62
2003-07-01;3.97;7;3.97
2003-07-02;3.4;7;3.4
2003-07-03;2.6;7;2.6
2003-07-04;2.51;7;2.51
2003-07-05;2.71;7;2.71
2003-07-06;2.4;7;2.4
2003-07-07;2.77;7;2.77
2003-07-08;3.21;7;3.21
2003-07-09;2.47;7;2.47
2003-07-10;2.35;7;2.35
2003-07-11;2.38;7;2.38
2003-07-12;2.27;7;2.27
2003-07-13;2.14;7;2.14
2003-07-14;2.05;7;2.05
2003-07-15;1.96;7;1.96
2003-07-16;1.91;7;1.91
2003-07-17;1.92;7;1.92
2003-07-18;1.86;7;1.86
2003-07-19;1.84;7;1.84
2003-07-20;1.82;7;1.82
2003-07-21;1.78;7;1.78
2003-07-22;1.76;7;1.76
2003-07-23;1.76;7;1.76
2003-07-24;1.76;7;1.76
2003-07-25;1.76;7;1.76
2003-07-26;1.74;7;1.74
2003-07-27;1.38;7;1.38
2003-07-28;1.32;7;1.32
2003-07-29;1.3;7;1.3
2003-07-30;1.32;7;1.32
2003-07-31;1.32;7;1.32
2003-08-01;-999.000;8;1.41
2003-08-02;2.32;8;2.32
2003-08-03;1.72;8;1.72
2003-08-04;1.72;8;1.72
2003-08-05;1.7;8;1.7
2003-08-06;1.68;8;1.68
2003-08-07;1.62;8;1.62
2003-08-08;3.1;8;3.1
2003-08-09;2.31;8;2.31
2003-08-10;1.69;8;1.69
2003-08-11;1.64;8;1.64
2003-08-12;1.64;8;1.64
2003-08-13;1.62;8;1.62
2003-08-14;1.6;8;1.6
2003-08-15;1.54;8;1.54
2003-08-16;1.52;8;1.52
2003-08-17;1.52;8;1.52
2003-08-18;1.5;8;1.5
2003-08-19;1.44;8;1.44
2003-08-20;1.42;8;1.42
2003-08-21;1.56;8;1.56
2003-08-22;1.69;8;1.69
2003-08-23;1.48;8;1.48
2003-08-24;1.48;8;1.48
2003-08-25;1.46;8;1.46
2003-08-26;1.46;8;1.46
2003-08-27;1.79;8;1.79
2003-08-28;1.44;8;1.44
2003-08-29;1.44;8;1.44
2003-08-30;1.42;8;1.42
2003-08-31;1.36;8;1.36
2003-09-01;1.36;9;1.36
2003-09-02;1.34;9;1.34
2003-09-03;1.28;9;1.28
2003-09-04;1.24;9;1.24
2003-09-05;1.24;9;1.24
2003-09-06;1.18;9;1.18
2003-09-07;2.95;9;2.95
2003-09-08;1.45;9;1.45
2003-09-09;1.32;9;1.32
2003-09-10;1.48;9;1.48
2003-09-11;1.31;9;1.31
2003-09-12;1.14;9;1.14
2003-09-13;1.14;9;1.14
2003-09-14;1.05;9;1.05
2003-09-15;1.0;9;1.0
2003-09-16;0.97;9;0.97
2003-09-17;0.97;9;0.97
2003-09-18;0.97;9;0.97
2003-09-19;0.97;9;0.97
2003-09-20;0.99;9;0.99
2003-09-21;0.94;9;0.94
2003-09-22;0.91;9;0.91
2003-09-23;0.91;9;0.91
2003-09-24;0.91;9;0.91
2003-09-25;1.39;9;1.39
2003-09-26;1.2;9;1.2
2003-09-27;1.22;9;1.22
2003-09-28;2.04;9;2.04
2003-09-29;2.21;9;2.21
2003-09-30;1.29;9;1.29
2003-10-01;1.15;10;1.15
2003-10-02;1.05;10;1.05
2003-10-03;1.0;10;1.0
2003-10-04;0.96;10;0.96
2003-10-05;1.32;10;1.32
2003-10-06;2.87;10;2.87
2003-10-07;1.76;10;1.76
2003-10-08;8.81;10;8.81
2003-10-09;3.11;10;3.11
2003-10-10;2.13;10;2.13
2003-10-11;1.84;10;1.84
2003-10-12;1.84;10;1.84
2003-10-13;2.0;10;2.0
2003-10-14;1.91;10;1.91
2003-10-15;2.0;10;2.0
2003-10-16;2.68;10;2.68
2003-10-17;2.01;10;2.01
2003-10-18;2.11;10;2.11
2003-10-19;3.91;10;3.91
2003-10-20;6.24;10;6.24
2003-10-21;13.66;10;13.66
2003-10-22;6.57;10;6.57
2003-10-23;4.56;10;4.56
2003-10-24;3.64;10;3.64
2003-10-25;3.13;10;3.13
2003-10-26;3.98;10;3.98
2003-10-27;5.51;10;5.51
2003-10-28;3.97;10;3.97
2003-10-29;4.56;10;4.56
2003-10-30;4.41;10;4.41
2003-10-31;3.81;10;3.81
2003-11-01;3.2;11;3.2
2003-11-02;2.83;11;2.83
2003-11-03;2.6;11;2.6
2003-11-04;2.45;11;2.45
2003-11-05;2.43;11;2.43
2003-11-06;2.29;11;2.29
2003-11-07;2.29;11;2.29
2003-11-08;2.58;11;2.58
2003-11-09;2.24;11;2.24
2003-11-10;2.25;11;2.25
2003-11-11;4.54;11;4.54
2003-11-12;7.2;11;7.2
2003-11-13;3.78;11;3.78
2003-11-14;4.5;11;4.5
2003-11-15;4.9;11;4.9
2003-11-16;3.5;11;3.5
2003-11-17;2.99;11;2.99
2003-11-18;2.76;11;2.76
2003-11-19;2.59;11;2.59
2003-11-20;2.74;11;2.74
2003-11-21;8.44;11;8.44
2003-11-22;4.63;11;4.63
2003-11-23;3.78;11;3.78
2003-11-24;8.33;11;8.33
2003-11-25;10.98;11;10.98
2003-11-26;6.53;11;6.53
2003-11-27;5.42;11;5.42
2003-11-28;4.97;11;4.97
2003-11-29;7.91;11;7.91
2003-11-30;8.13;11;8.13
2003-12-01;9.69;12;9.69
2003-12-02;7.86;12;7.86
2003-12-03;6.76;12;6.76
2003-12-04;6.33;12;6.33
2003-12-05;5.19;12;5.19
2003-12-06;4.94;12;4.94
2003-12-07;4.61;12;4.61
2003-12-08;5.03;12;5.03
2003-12-09;4.04;12;4.04
2003-12-10;3.74;12;3.74
2003-12-11;4.81;12;4.81
2003-12-12;4.45;12;4.45
2003-12-13;4.51;12;4.51
2003-12-14;4.28;12;4.28
2003-12-15;3.75;12;3.75
2003-12-16;3.46;12;3.46
2003-12-17;3.23;12;3.23
2003-12-18;3.05;12;3.05
2003-12-19;2.94;12;2.94
2003-12-20;2.84;12;2.84
2003-12-21;2.73;12;2.73
2003-12-22;2.64;12;2.64
2003-12-23;2.59;12;2.59
2003-12-24;2.53;12;2.53
2003-12-25;2.43;12;2.43
2003-12-26;3.54;12;3.54
2003-12-27;6.54;12;6.54
2003-12-28;3.3;12;3.3
2003-12-29;2.65;12;2.65
2003-12-30;2.5;12;2.5
2003-12-31;2.33;12;2.33
2004-01-01;2.22;1;2.22
2004-01-02;2.17;1;2.17
2004-01-03;2.12;1;2.12
2004-01-04;2.06;1;2.06
2004-01-05;2.5;1;2.5
2004-01-06;3.39;1;3.39
2004-01-07;9.2;1;9.2
2004-01-08;6.55;1;6.55
2004-01-09;6.81;1;6.81
2004-01-10;10.44;1;10.44
2004-01-11;7.58;1;7.58
2004-01-12;5.44;1;5.44
2004-01-13;4.59;1;4.59
2004-01-14;4.06;1;4.06
2004-01-15;4.53;1;4.53
2004-01-16;5.23;1;5.23
2004-01-17;3.96;1;3.96
2004-01-18;3.48;1;3.48
2004-01-19;3.16;1;3.16
2004-01-20;2.94;1;2.94
2004-01-21;2.98;1;2.98
2004-01-22;3.79;1;3.79
2004-01-23;2.87;1;2.87
2004-01-24;2.64;1;2.64
2004-01-25;2.49;1;2.49
2004-01-26;2.39;1;2.39
2004-01-27;2.26;1;2.26
2004-01-28;2.17;1;2.17
2004-01-29;2.11;1;2.11
2004-01-30;2.07;1;2.07
2004-01-31;2.03;1;2.03
2004-02-01;1.97;2;1.97
2004-02-02;1.91;2;1.91
2004-02-03;1.85;2;1.85
2004-02-04;1.81;2;1.81
2004-02-05;1.75;2;1.75
2004-02-06;1.71;2;1.71
2004-02-07;1.64;2;1.64
2004-02-08;1.6;2;1.6
2004-02-09;1.6;2;1.6
2004-02-10;1.56;2;1.56
2004-02-11;1.56;2;1.56
2004-02-12;1.61;2;1.61
2004-02-13;1.56;2;1.56
2004-02-14;1.56;2;1.56
2004-02-15;1.56;2;1.56
2004-02-16;1.53;2;1.53
2004-02-17;1.52;2;1.52
2004-02-18;1.52;2;1.52
2004-02-19;1.52;2;1.52
2004-02-20;1.72;2;1.72
2004-02-21;1.4;2;1.4
2004-02-22;1.36;2;1.36
2004-02-23;1.99;2;1.99
2004-02-24;1.93;2;1.93
2004-02-25;1.53;2;1.53
2004-02-26;1.36;2;1.36
2004-02-27;1.28;2;1.28
2004-02-28;1.26;2;1.26
2004-02-29;1.3;2;1.3
2004-03-01;1.49;3;1.49
2004-03-02;1.48;3;1.48
2004-03-03;1.48;3;1.48
2004-03-04;1.48;3;1.48
2004-03-05;1.48;3;1.48
2004-03-06;2.6;3;2.6
2004-03-07;1.52;3;1.52
2004-03-08;1.52;3;1.52
2004-03-09;1.49;3;1.49
2004-03-10;1.48;3;1.48
2004-03-11;1.48;3;1.48
2004-03-12;1.49;3;1.49
2004-03-13;1.46;3;1.46
2004-03-14;1.45;3;1.45
2004-03-15;1.45;3;1.45
2004-03-16;1.48;3;1.48
2004-03-17;1.47;3;1.47
2004-03-18;1.44;3;1.44
2004-03-19;1.44;3;1.44
2004-03-20;1.44;3;1.44
2004-03-21;1.44;3;1.44
2004-03-22;1.44;3;1.44
2004-03-23;1.44;3;1.44
2004-03-24;1.44;3;1.44
2004-03-25;1.41;3;1.41
2004-03-26;1.4;3;1.4
2004-03-27;1.4;3;1.4
2004-03-28;1.51;3;1.51
2004-03-29;1.52;3;1.52
2004-03-30;1.52;3;1.52
2004-03-31;1.52;3;1.52
2004-04-01;1.67;4;1.67
2004-04-02;1.5;4;1.5
2004-04-03;4.23;4;4.23
2004-04-04;2.15;4;2.15
2004-04-05;1.52;4;1.52
2004-04-06;1.52;4;1.52
2004-04-07;1.52;4;1.52
2004-04-08;1.52;4;1.52
2004-04-09;1.52;4;1.52
2004-04-10;1.52;4;1.52
2004-04-11;1.52;4;1.52
2004-04-12;1.52;4;1.52
2004-04-13;1.51;4;1.51
2004-04-14;1.69;4;1.69
2004-04-15;2.72;4;2.72
2004-04-16;2.03;4;2.03
2004-04-17;3.5;4;3.5
2004-04-18;11.45;4;11.45
2004-04-19;5.01;4;5.01
2004-04-20;3.16;4;3.16
2004-04-21;2.45;4;2.45
2004-04-22;4.06;4;4.06
2004-04-23;3.07;4;3.07
2004-04-24;2.86;4;2.86
2004-04-25;2.19;4;2.19
2004-04-26;1.98;4;1.98
2004-04-27;1.87;4;1.87
2004-04-28;1.76;4;1.76
2004-04-29;1.67;4;1.67
2004-04-30;1.82;4;1.82
2004-05-01;1.64;5;1.64
2004-05-02;1.58;5;1.58
2004-05-03;1.8;5;1.8
2004-05-04;1.67;5;1.67
2004-05-05;1.77;5;1.77
2004-05-06;1.53;5;1.53
2004-05-07;1.48;5;1.48
2004-05-08;2.08;5;2.08
2004-05-09;2.5;5;2.5
2004-05-10;1.83;5;1.83
2004-05-11;1.55;5;1.55
2004-05-12;1.5;5;1.5
2004-05-13;1.93;5;1.93
2004-05-14;1.49;5;1.49
2004-05-15;1.48;5;1.48
2004-05-16;1.63;5;1.63
2004-05-17;-999.000;5;1.491
2004-05-18;4.09;5;4.09
2004-05-19;3.49;5;3.49
2004-05-20;2.71;5;2.71
2004-05-21;2.93;5;2.93
2004-05-22;7.7;5;7.7
2004-05-23;4.08;5;4.08
2004-05-24;3.29;5;3.29
2004-05-25;3.56;5;3.56
2004-05-26;3.3;5;3.3
2004-05-27;2.83;5;2.83
2004-05-28;2.6;5;2.6
2004-05-29;2.43;5;2.43
2004-05-30;2.27;5;2.27
2004-05-31;2.21;5;2.21
2004-06-01;2.26;6;2.26
2004-06-02;2.05;6;2.05
2004-06-03;1.96;6;1.96
2004-06-04;1.9;6;1.9
2004-06-05;2.55;6;2.55
2004-06-06;2.62;6;2.62
2004-06-07;1.96;6;1.96
2004-06-08;1.82;6;1.82
2004-06-09;1.76;6;1.76
2004-06-10;1.71;6;1.71
2004-06-11;1.65;6;1.65
2004-06-12;1.62;6;1.62
2004-06-13;1.6;6;1.6
2004-06-14;1.59;6;1.59
2004-06-15;1.56;6;1.56
2004-06-16;1.56;6;1.56
2004-06-17;1.56;6;1.56
2004-06-18;1.53;6;1.53
2004-06-19;1.52;6;1.52
2004-06-20;-999.000;6;2.354
2004-06-21;1.52;6;1.52
2004-06-22;1.51;6;1.51
2004-06-23;1.48;6;1.48
2004-06-24;1.48;6;1.48
2004-06-25;1.83;6;1.83
2004-06-26;1.76;6;1.76
2004-06-27;1.65;6;1.65
2004-06-28;1.58;6;1.58
2004-06-29;1.56;6;1.56
2004-06-30;1.52;6;1.52
2004-07-01;1.52;7;1.52
2004-07-02;1.5;7;1.5
2004-07-03;2.22;7;2.22
2004-07-04;1.79;7;1.79
2004-07-05;-999.000;7;1.486
2004-07-06;1.48;7;1.48
2004-07-07;1.48;7;1.48
2004-07-08;1.44;7;1.44
2004-07-09;1.44;7;1.44
2004-07-10;1.43;7;1.43
2004-07-11;1.4;7;1.4
2004-07-12;1.4;7;1.4
2004-07-13;1.72;7;1.72
2004-07-14;1.52;7;1.52
2004-07-15;1.52;7;1.52
2004-07-16;1.48;7;1.48
2004-07-17;1.48;7;1.48
2004-07-18;1.46;7;1.46
2004-07-19;1.44;7;1.44
2004-07-20;1.41;7;1.41
2004-07-21;1.4;7;1.4
2004-07-22;1.37;7;1.37
2004-07-23;1.36;7;1.36
2004-07-24;1.49;7;1.49
2004-07-25;1.5;7;1.5
2004-07-26;1.48;7;1.48
2004-07-27;1.46;7;1.46
2004-07-28;1.13;7;1.13
2004-07-29;1.07;7;1.07
2004-07-30;1.02;7;1.02
2004-07-31;0.9;7;0.9
2004-08-01;0.84;8;0.84
2004-08-02;0.81;8;0.81
2004-08-03;0.8;8;0.8
2004-08-04;0.79;8;0.79
2004-08-05;0.78;8;0.78
2004-08-06;0.76;8;0.76
2004-08-07;0.74;8;0.74
2004-08-08;0.69;8;0.69
2004-08-09;0.67;8;0.67
2004-08-10;0.66;8;0.66
2004-08-11;0.66;8;0.66
2004-08-12;0.64;8;0.64
2004-08-13;0.63;8;0.63
2004-08-14;0.62;8;0.62
2004-08-15;0.61;8;0.61
2004-08-16;0.59;8;0.59
2004-08-17;0.59;8;0.59
2004-08-18;0.63;8;0.63
2004-08-19;0.59;8;0.59
2004-08-20;0.61;8;0.61
2004-08-21;0.57;8;0.57
2004-08-22;0.55;8;0.55
2004-08-23;0.53;8;0.53
2004-08-24;0.54;8;0.54
2004-08-25;0.56;8;0.56
2004-08-26;0.91;8;0.91
2004-08-27;0.65;8;0.65
2004-08-28;0.77;8;0.77
2004-08-29;0.83;8;0.83
2004-08-30;0.72;8;0.72
2004-08-31;0.67;8;0.67
2004-09-01;0.61;9;0.61
2004-09-02;0.57;9;0.57
2004-09-03;0.55;9;0.55
2004-09-04;0.55;9;0.55
2004-09-05;1.16;9;1.16
2004-09-06;0.69;9;0.69
2004-09-07;0.7;9;0.7
2004-09-08;1.11;9;1.11
2004-09-09;0.94;9;0.94
2004-09-10;1.79;9;1.79
2004-09-11;0.91;9;0.91
2004-09-12;0.79;9;0.79
2004-09-13;0.74;9;0.74
2004-09-14;0.71;9;0.71
2004-09-15;0.74;9;0.74
2004-09-16;0.65;9;0.65
2004-09-17;0.62;9;0.62
2004-09-18;0.61;9;0.61
2004-09-19;1.74;9;1.74
2004-09-20;2.32;9;2.32
2004-09-21;1.52;9;1.52
2004-09-22;1.52;9;1.52
2004-09-23;0.84;9;0.84
2004-09-24;0.8;9;0.8
2004-09-25;0.82;9;0.82
2004-09-26;1.04;9;1.04
2004-09-27;0.83;9;0.83
2004-09-28;0.77;9;0.77
2004-09-29;0.77;9;0.77
2004-09-30;1.32;9;1.32
2004-10-01;-999.000;10;1.49
2004-10-02;0.86;10;0.86
2004-10-03;0.76;10;0.76
2004-10-04;0.71;10;0.71
2004-10-05;0.75;10;0.75
2004-10-06;1.11;10;1.11
2004-10-07;2.3;10;2.3
2004-10-08;1.07;10;1.07
2004-10-09;0.91;10;0.91
2004-10-10;2.75;10;2.75
2004-10-11;1.75;10;1.75
2004-10-12;1.19;10;1.19
2004-10-13;1.01;10;1.01
2004-10-14;0.93;10;0.93
2004-10-15;0.92;10;0.92
2004-10-16;1.19;10;1.19
2004-10-17;3.37;10;3.37
2004-10-18;2.23;10;2.23
2004-10-19;4.52;10;4.52
2004-10-20;5.67;10;5.67
2004-10-21;4.01;10;4.01
2004-10-22;2.4;10;2.4
2004-10-23;5.14;10;5.14
2004-10-24;4.99;10;4.99
2004-10-25;2.83;10;2.83
2004-10-26;2.23;10;2.23
2004-10-27;1.94;10;1.94
2004-10-28;1.8;10;1.8
2004-10-29;1.92;10;1.92
2004-10-30;1.95;10;1.95
2004-10-31;2.54;10;2.54
2004-11-01;2.01;11;2.01
2004-11-02;3.62;11;3.62
2004-11-03;10.03;11;10.03
2004-11-04;4.56;11;4.56
2004-11-05;11.73;11;11.73
2004-11-06;6.58;11;6.58
2004-11-07;4.36;11;4.36
2004-11-08;7.13;11;7.13
2004-11-09;19.57;11;19.57
2004-11-10;13.96;11;13.96
2004-11-11;8.38;11;8.38
2004-11-12;13.8;11;13.8
2004-11-13;8.97;11;8.97
2004-11-14;8.62;11;8.62
2004-11-15;6.95;11;6.95
2004-11-16;6.42;11;6.42
2004-11-17;5.4;11;5.4
2004-11-18;6.69;11;6.69
2004-11-19;5.7;11;5.7
2004-11-20;6.03;11;6.03
2004-11-21;4.95;11;4.95
2004-11-22;4.25;11;4.25
2004-11-23;3.82;11;3.82
2004-11-24;3.57;11;3.57
2004-11-25;11.94;11;11.94
2004-11-26;9.98;11;9.98
2004-11-27;7.61;11;7.61
2004-11-28;11.52;11;11.52
2004-11-29;6.83;11;6.83
2004-11-30;7.01;11;7.01
2004-12-01;8.81;12;8.81
2004-12-02;5.89;12;5.89
2004-12-03;6.01;12;6.01
2004-12-04;4.88;12;4.88
2004-12-05;4.35;12;4.35
2004-12-06;4.98;12;4.98
2004-12-07;4.43;12;4.43
2004-12-08;4.17;12;4.17
2004-12-09;3.73;12;3.73
2004-12-10;4.58;12;4.58
2004-12-11;-999.000;12;11.13
2004-12-12;9.9;12;9.9
2004-12-13;11.16;12;11.16
2004-12-14;7.44;12;7.44
2004-12-15;7.79;12;7.79
2004-12-16;7.96;12;7.96
2004-12-17;9.6;12;9.6
2004-12-18;8.7;12;8.7
2004-12-19;6.63;12;6.63
2004-12-20;5.85;12;5.85
2004-12-21;5.28;12;5.28
2004-12-22;4.84;12;4.84
2004-12-23;4.46;12;4.46
2004-12-24;4.14;12;4.14
2004-12-25;3.84;12;3.84
2004-12-26;3.54;12;3.54
2004-12-27;3.33;12;3.33
2004-12-28;3.19;12;3.19
2004-12-29;3.03;12;3.03
2004-12-30;3.89;12;3.89
2004-12-31;3.2;12;3.2
2005-01-01;3.33;1;3.33
2005-01-02;3.13;1;3.13
2005-01-03;3.0;1;3.0
2005-01-04;2.89;1;2.89
2005-01-05;2.94;1;2.94
2005-01-06;3.56;1;3.56
2005-01-07;2.77;1;2.77
2005-01-08;2.9;1;2.9
2005-01-09;16.73;1;16.73
2005-01-10;18.63;1;18.63
2005-01-11;7.67;1;7.67
2005-01-12;7.78;1;7.78
2005-01-13;5.91;1;5.91
2005-01-14;5.11;1;5.11
2005-01-15;6.74;1;6.74
2005-01-16;5.3;1;5.3
2005-01-17;5.07;1;5.07
2005-01-18;4.9;1;4.9
2005-01-19;4.42;1;4.42
2005-01-20;4.96;1;4.96
2005-01-21;4.57;1;4.57
2005-01-22;4.17;1;4.17
2005-01-23;4.12;1;4.12
2005-01-24;4.08;1;4.08
2005-01-25;3.72;1;3.72
2005-01-26;3.57;1;3.57
2005-01-27;3.43;1;3.43
2005-01-28;3.35;1;3.35
2005-01-29;3.29;1;3.29
2005-01-30;3.91;1;3.91
2005-01-31;3.39;1;3.39
2005-02-01;3.18;2;3.18
2005-02-02;2.92;2;2.92
2005-02-03;2.9;2;2.9
2005-02-04;2.75;2;2.75
2005-02-05;2.69;2;2.69
2005-02-06;2.53;2;2.53
2005-02-07;2.84;2;2.84
2005-02-08;2.94;2;2.94
2005-02-09;3.74;2;3.74
2005-02-10;3.45;2;3.45
2005-02-11;7.0;2;7.0
2005-02-12;19.42;2;19.42
2005-02-13;12.73;2;12.73
2005-02-14;6.96;2;6.96
2005-02-15;5.51;2;5.51
2005-02-16;5.49;2;5.49
2005-02-17;5.27;2;5.27
2005-02-18;4.47;2;4.47
2005-02-19;4.14;2;4.14
2005-02-20;3.93;2;3.93
2005-02-21;3.79;2;3.79
2005-02-22;3.65;2;3.65
2005-02-23;3.42;2;3.42
2005-02-24;3.24;2;3.24
2005-02-25;3.1;2;3.1
2005-02-26;2.95;2;2.95
2005-02-27;2.83;2;2.83
2005-02-28;5.29;2;5.29
2005-03-01;7.72;3;7.72
2005-03-02;3.89;3;3.89
2005-03-03;3.54;3;3.54
2005-03-04;4.15;3;4.15
2005-03-05;3.92;3;3.92
2005-03-06;3.44;3;3.44
2005-03-07;10.49;3;10.49
2005-03-08;14.35;3;14.35
2005-03-09;10.71;3;10.71
2005-03-10;10.58;3;10.58
2005-03-11;7.7;3;7.7
2005-03-12;6.45;3;6.45
2005-03-13;6.42;3;6.42
2005-03-14;5.58;3;5.58
2005-03-15;5.28;3;5.28
2005-03-16;5.09;3;5.09
2005-03-17;4.75;3;4.75
2005-03-18;6.58;3;6.58
2005-03-19;5.45;3;5.45
2005-03-20;5.94;3;5.94
2005-03-21;7.35;3;7.35
2005-03-22;5.56;3;5.56
2005-03-23;5.05;3;5.05
2005-03-24;4.81;3;4.81
2005-03-25;4.71;3;4.71
2005-03-26;4.69;3;4.69
2005-03-27;8.73;3;8.73
2005-03-28;6.61;3;6.61
2005-03-29;22.22;3;22.22
2005-03-30;20.89;3;20.89
2005-03-31;12.62;3;12.62
2005-04-01;9.96;4;9.96
2005-04-02;11.46;4;11.46
2005-04-03;8.6;4;8.6
2005-04-04;7.46;4;7.46
2005-04-05;6.51;4;6.51
2005-04-06;5.95;4;5.95
2005-04-07;5.53;4;5.53
2005-04-08;5.13;4;5.13
2005-04-09;4.79;4;4.79
2005-04-10;4.51;4;4.51
2005-04-11;4.27;4;4.27
2005-04-12;4.09;4;4.09
2005-04-13;3.93;4;3.93
2005-04-14;3.75;4;3.75
2005-04-15;3.57;4;3.57
2005-04-16;3.4;4;3.4
2005-04-17;3.38;4;3.38
2005-04-18;3.49;4;3.49
2005-04-19;3.28;4;3.28
2005-04-20;15.76;4;15.76
2005-04-21;6.32;4;6.32
2005-04-22;4.19;4;4.19
2005-04-23;4.31;4;4.31
2005-04-24;4.69;4;4.69
2005-04-25;3.55;4;3.55
2005-04-26;3.51;4;3.51
2005-04-27;3.21;4;3.21
2005-04-28;3.06;4;3.06
2005-04-29;3.36;4;3.36
2005-04-30;7.64;4;7.64
2005-05-01;3.84;5;3.84
2005-05-02;4.14;5;4.14
2005-05-03;6.59;5;6.59
2005-05-04;4.08;5;4.08
2005-05-05;4.93;5;4.93
2005-05-06;8.93;5;8.93
2005-05-07;5.47;5;5.47
2005-05-08;5.14;5;5.14
2005-05-09;5.6;5;5.6
2005-05-10;4.62;5;4.62
2005-05-11;4.2;5;4.2
2005-05-12;3.98;5;3.98
2005-05-13;3.76;5;3.76
2005-05-14;7.98;5;7.98
2005-05-15;8.83;5;8.83
2005-05-16;8.65;5;8.65
2005-05-17;7.81;5;7.81
2005-05-18;7.36;5;7.36
2005-05-19;6.14;5;6.14
2005-05-20;5.55;5;5.55
2005-05-21;5.13;5;5.13
2005-05-22;4.85;5;4.85
2005-05-23;5.16;5;5.16
2005-05-24;4.65;5;4.65
2005-05-25;4.36;5;4.36
2005-05-26;4.31;5;4.31
2005-05-27;4.27;5;4.27
2005-05-28;3.88;5;3.88
2005-05-29;3.67;5;3.67
2005-05-30;3.5;5;3.5
2005-05-31;3.37;5;3.37
2005-06-01;3.38;6;3.38
2005-06-02;3.55;6;3.55
2005-06-03;3.1;6;3.1
2005-06-04;2.95;6;2.95
2005-06-05;3.39;6;3.39
2005-06-06;4.17;6;4.17
2005-06-07;4.63;6;4.63
2005-06-08;3.07;6;3.07
2005-06-09;2.81;6;2.81
2005-06-10;2.66;6;2.66
2005-06-11;3.88;6;3.88
2005-06-12;5.07;6;5.07
2005-06-13;3.79;6;3.79
2005-06-14;3.32;6;3.32
2005-06-15;2.7;6;2.7
2005-06-16;2.58;6;2.58
2005-06-17;2.53;6;2.53
2005-06-18;2.52;6;2.52
2005-06-19;2.47;6;2.47
2005-06-20;10.29;6;10.29
2005-06-21;3.24;6;3.24
2005-06-22;2.84;6;2.84
2005-06-23;2.38;6;2.38
2005-06-24;2.28;6;2.28
2005-06-25;2.18;6;2.18
2005-06-26;2.1;6;2.1
2005-06-27;2.06;6;2.06
2005-06-28;3.61;6;3.61
2005-06-29;6.65;6;6.65
2005-06-30;3.65;6;3.65
2005-07-01;2.59;7;2.59
2005-07-02;2.32;7;2.32
2005-07-03;2.2;7;2.2
2005-07-04;2.5;7;2.5
2005-07-05;2.28;7;2.28
2005-07-06;2.1;7;2.1
2005-07-07;2.02;7;2.02
2005-07-08;1.98;7;1.98
2005-07-09;1.9;7;1.9
2005-07-10;2.0;7;2.0
2005-07-11;1.86;7;1.86
2005-07-12;1.78;7;1.78
2005-07-13;1.76;7;1.76
2005-07-14;1.84;7;1.84
2005-07-15;2.02;7;2.02
2005-07-16;1.82;7;1.82
2005-07-17;1.9;7;1.9
2005-07-18;1.8;7;1.8
2005-07-19;2.04;7;2.04
2005-07-20;1.98;7;1.98
2005-07-21;1.78;7;1.78
2005-07-22;1.68;7;1.68
2005-07-23;1.66;7;1.66
2005-07-24;1.6;7;1.6
2005-07-25;1.55;7;1.55
2005-07-26;1.54;7;1.54
2005-07-27;1.51;7;1.51
2005-07-28;1.47;7;1.47
2005-07-29;1.44;7;1.44
2005-07-30;1.41;7;1.41
2005-07-31;1.41;7;1.41
2005-08-01;1.4;8;1.4
2005-08-02;1.38;8;1.38
2005-08-03;1.36;8;1.36
2005-08-04;1.35;8;1.35
2005-08-05;1.32;8;1.32
2005-08-06;1.29;8;1.29
2005-08-07;1.29;8;1.29
2005-08-08;1.27;8;1.27
2005-08-09;1.4;8;1.4
2005-08-10;1.3;8;1.3
2005-08-11;1.24;8;1.24
2005-08-12;1.22;8;1.22
2005-08-13;1.22;8;1.22
2005-08-14;1.29;8;1.29
2005-08-15;1.24;8;1.24
2005-08-16;1.24;8;1.24
2005-08-17;1.3;8;1.3
2005-08-18;1.33;8;1.33
2005-08-19;1.25;8;1.25
2005-08-20;1.17;8;1.17
2005-08-21;1.13;8;1.13
2005-08-22;1.16;8;1.16
2005-08-23;1.28;8;1.28
2005-08-24;1.41;8;1.41
2005-08-25;1.28;8;1.28
2005-08-26;1.18;8;1.18
2005-08-27;1.12;8;1.12
2005-08-28;1.1;8;1.1
2005-08-29;1.09;8;1.09
2005-08-30;1.08;8;1.08
2005-08-31;1.06;8;1.06
2005-09-01;1.2;9;1.2
2005-09-02;1.12;9;1.12
2005-09-03;1.06;9;1.06
2005-09-04;1.03;9;1.03
2005-09-05;1.07;9;1.07
2005-09-06;1.04;9;1.04
2005-09-07;1.02;9;1.02
2005-09-08;1.03;9;1.03
2005-09-09;0.97;9;0.97
2005-09-10;0.97;9;0.97
2005-09-11;0.95;9;0.95
2005-09-12;0.94;9;0.94
2005-09-13;0.94;9;0.94
2005-09-14;0.93;9;0.93
2005-09-15;0.92;9;0.92
2005-09-16;0.91;9;0.91
2005-09-17;0.91;9;0.91
2005-09-18;0.89;9;0.89
2005-09-19;0.88;9;0.88
2005-09-20;0.9;9;0.9
2005-09-21;1.08;9;1.08
2005-09-22;1.57;9;1.57
2005-09-23;3.86;9;3.86
2005-09-24;1.93;9;1.93
2005-09-25;1.41;9;1.41
2005-09-26;3.95;9;3.95
2005-09-27;2.12;9;2.12
2005-09-28;1.44;9;1.44
2005-09-29;1.27;9;1.27
2005-09-30;2.51;9;2.51
2005-10-01;1.55;10;1.55
2005-10-02;1.38;10;1.38
2005-10-03;4.9;10;4.9
2005-10-04;1.79;10;1.79
2005-10-05;2.24;10;2.24
2005-10-06;4.73;10;4.73
2005-10-07;2.18;10;2.18
2005-10-08;1.88;10;1.88
2005-10-09;3.69;10;3.69
2005-10-10;4.43;10;4.43
2005-10-11;3.14;10;3.14
2005-10-12;4.21;10;4.21
2005-10-13;3.03;10;3.03
2005-10-14;2.39;10;2.39
2005-10-15;2.31;10;2.31
2005-10-16;2.08;10;2.08
2005-10-17;1.95;10;1.95
2005-10-18;2.03;10;2.03
2005-10-19;1.86;10;1.86
2005-10-20;1.95;10;1.95
2005-10-21;2.48;10;2.48
2005-10-22;3.13;10;3.13
2005-10-23;4.87;10;4.87
2005-10-24;5.46;10;5.46
2005-10-25;5.8;10;5.8
2005-10-26;4.87;10;4.87
2005-10-27;3.78;10;3.78
2005-10-28;3.84;10;3.84
2005-10-29;3.32;10;3.32
2005-10-30;2.94;10;2.94
2005-10-31;2.71;10;2.71
2005-11-01;2.67;11;2.67
2005-11-02;2.58;11;2.58
2005-11-03;2.38;11;2.38
2005-11-04;3.44;11;3.44
2005-11-05;2.59;11;2.59
2005-11-06;3.27;11;3.27
2005-11-07;3.0;11;3.0
2005-11-08;4.85;11;4.85
2005-11-09;10.35;11;10.35
2005-11-10;6.28;11;6.28
2005-11-11;8.23;11;8.23
2005-11-12;7.01;11;7.01
2005-11-13;5.12;11;5.12
2005-11-14;4.34;11;4.34
2005-11-15;4.58;11;4.58
2005-11-16;4.24;11;4.24
2005-11-17;4.38;11;4.38
2005-11-18;4.15;11;4.15
2005-11-19;3.78;11;3.78
2005-11-20;3.59;11;3.59
2005-11-21;5.06;11;5.06
2005-11-22;9.15;11;9.15
2005-11-23;8.17;11;8.17
2005-11-24;6.58;11;6.58
2005-11-25;5.77;11;5.77
2005-11-26;5.24;11;5.24
2005-11-27;4.87;11;4.87
2005-11-28;4.67;11;4.67
2005-11-29;4.35;11;4.35
2005-11-30;4.08;11;4.08
2005-12-01;3.95;12;3.95
2005-12-02;3.62;12;3.62
2005-12-03;3.8;12;3.8
2005-12-04;5.29;12;5.29
2005-12-05;4.05;12;4.05
2005-12-06;3.77;12;3.77
2005-12-07;3.34;12;3.34
2005-12-08;4.02;12;4.02
2005-12-09;3.98;12;3.98
2005-12-10;3.22;12;3.22
2005-12-11;3.02;12;3.02
2005-12-12;2.92;12;2.92
2005-12-13;2.94;12;2.94
2005-12-14;5.76;12;5.76
2005-12-15;10.88;12;10.88
2005-12-16;12.07;12;12.07
2005-12-17;9.49;12;9.49
2005-12-18;8.43;12;8.43
2005-12-19;8.43;12;8.43
2005-12-20;7.11;12;7.11
2005-12-21;7.41;12;7.41
2005-12-22;11.05;12;11.05
2005-12-23;9.19;12;9.19
2005-12-24;11.79;12;11.79
2005-12-25;14.3;12;14.3
2005-12-26;12.51;12;12.51
2005-12-27;9.81;12;9.81
2005-12-28;8.32;12;8.32
2005-12-29;10.54;12;10.54
2005-12-30;7.61;12;7.61
2005-12-31;6.78;12;6.78
2006-01-01;6.172;1;6.172
2006-01-02;5.772;1;5.772
2006-01-03;5.853;1;5.853
2006-01-04;6.982;1;6.982
2006-01-05;7.616;1;7.616
2006-01-06;6.76;1;6.76
2006-01-07;6.318;1;6.318
2006-01-08;6.561;1;6.561
2006-01-09;5.816;1;5.816
2006-01-10;5.526;1;5.526
2006-01-11;10.27;1;10.27
2006-01-12;7.827;1;7.827
2006-01-13;6.472;1;6.472
2006-01-14;6.042;1;6.042
2006-01-15;8.497;1;8.497
2006-01-16;11.69;1;11.69
2006-01-17;9.251;1;9.251
2006-01-18;7.389;1;7.389
2006-01-19;6.702;1;6.702
2006-01-20;6.244;1;6.244
2006-01-21;5.778;1;5.778
2006-01-22;5.334;1;5.334
2006-01-23;5.007;1;5.007
2006-01-24;4.834;1;4.834
2006-01-25;4.556;1;4.556
2006-01-26;4.266;1;4.266
2006-01-27;4.274;1;4.274
2006-01-28;4.378;1;4.378
2006-01-29;17.84;1;17.84
2006-01-30;11.47;1;11.47
2006-01-31;6.699;1;6.699
2006-02-01;6.654;2;6.654
2006-02-02;5.763;2;5.763
2006-02-03;5.088;2;5.088
2006-02-04;5.322;2;5.322
2006-02-05;7.297;2;7.297
2006-02-06;5.853;2;5.853
2006-02-07;6.92;2;6.92
2006-02-08;5.912;2;5.912
2006-02-09;5.356;2;5.356
2006-02-10;5.031;2;5.031
2006-02-11;4.868;2;4.868
2006-02-12;4.595;2;4.595
2006-02-13;5.208;2;5.208
2006-02-14;4.525;2;4.525
2006-02-15;4.488;2;4.488
2006-02-16;4.075;2;4.075
2006-02-17;3.954;2;3.954
2006-02-18;3.959;2;3.959
2006-02-19;3.659;2;3.659
2006-02-20;3.577;2;3.577
2006-02-21;3.559;2;3.559
2006-02-22;3.431;2;3.431
2006-02-23;3.236;2;3.236
2006-02-24;3.108;2;3.108
2006-02-25;3.046;2;3.046
2006-02-26;3.054;2;3.054
2006-02-27;4.095;2;4.095
2006-02-28;3.108;2;3.108
2006-03-01;3.022;3;3.022
2006-03-02;5.478;3;5.478
2006-03-03;2.929;3;2.929
2006-03-04;2.705;3;2.705
2006-03-05;2.535;3;2.535
2006-03-06;2.606;3;2.606
2006-03-07;2.791;3;2.791
2006-03-08;6.009;3;6.009
2006-03-09;12.44;3;12.44
2006-03-10;6.281;3;6.281
2006-03-11;6.389;3;6.389
2006-03-12;8.984;3;8.984
2006-03-13;7.057;3;7.057
2006-03-14;5.0;3;5.0
2006-03-15;4.483;3;4.483
2006-03-16;4.089;3;4.089
2006-03-17;4.581;3;4.581
2006-03-18;5.175;3;5.175
2006-03-19;4.353;3;4.353
2006-03-20;3.864;3;3.864
2006-03-21;3.685;3;3.685
2006-03-22;4.131;3;4.131
2006-03-23;4.159;3;4.159
2006-03-24;13.81;3;13.81
2006-03-25;8.012;3;8.012
2006-03-26;5.659;3;5.659
2006-03-27;5.195;3;5.195
2006-03-28;4.887;3;4.887
2006-03-29;4.412;3;4.412
2006-03-30;6.924;3;6.924
2006-03-31;5.201;3;5.201
2006-04-01;5.193;4;5.193
2006-04-02;4.831;4;4.831
2006-04-03;4.407;4;4.407
2006-04-04;7.589;4;7.589
2006-04-05;15.71;4;15.71
2006-04-06;9.592;4;9.592
2006-04-07;14.85;4;14.85
2006-04-08;23.79;4;23.79
2006-04-09;14.37;4;14.37
2006-04-10;9.988;4;9.988
2006-04-11;11.12;4;11.12
2006-04-12;9.0;4;9.0
2006-04-13;8.879;4;8.879
2006-04-14;7.938;4;7.938
2006-04-15;6.708;4;6.708
2006-04-16;6.081;4;6.081
2006-04-17;5.728;4;5.728
2006-04-18;5.4;4;5.4
2006-04-19;5.096;4;5.096
2006-04-20;5.002;4;5.002
2006-04-21;5.376;4;5.376
2006-04-22;4.756;4;4.756
2006-04-23;4.894;4;4.894
2006-04-24;4.811;4;4.811
2006-04-25;6.582;4;6.582
2006-04-26;12.7;4;12.7
2006-04-27;9.054;4;9.054
2006-04-28;5.148;4;5.148
2006-04-29;4.533;4;4.533
2006-04-30;5.759;4;5.759
2006-05-01;4.632;5;4.632
2006-05-02;4.249;5;4.249
2006-05-03;3.996;5;3.996
2006-05-04;4.332;5;4.332
2006-05-05;15.37;5;15.37
2006-05-06;7.169;5;7.169
2006-05-07;6.909;5;6.909
2006-05-08;5.55;5;5.55
2006-05-09;5.087;5;5.087
2006-05-10;7.478;5;7.478
2006-05-11;10.51;5;10.51
2006-05-12;6.221;5;6.221
2006-05-13;5.503;5;5.503
2006-05-14;5.038;5;5.038
2006-05-15;4.716;5;4.716
2006-05-16;4.926;5;4.926
2006-05-17;7.24;5;7.24
2006-05-18;5.725;5;5.725
2006-05-19;9.7;5;9.7
2006-05-20;4.926;5;4.926
2006-05-21;4.558;5;4.558
2006-05-22;4.151;5;4.151
2006-05-23;3.912;5;3.912
2006-05-24;3.718;5;3.718
2006-05-25;3.933;5;3.933
2006-05-26;3.742;5;3.742
2006-05-27;3.377;5;3.377
2006-05-28;3.233;5;3.233
2006-05-29;4.224;5;4.224
2006-05-30;3.356;5;3.356
2006-05-31;3.248;5;3.248
2006-06-01;4.753;6;4.753
2006-06-02;3.88;6;3.88
2006-06-03;3.205;6;3.205
2006-06-04;3.496;6;3.496
2006-06-05;3.341;6;3.341
2006-06-06;3.213;6;3.213
2006-06-07;3.658;6;3.658
2006-06-08;4.929;6;4.929
2006-06-09;16.13;6;16.13
2006-06-10;8.206;6;8.206
2006-06-11;8.004;6;8.004
2006-06-12;6.356;6;6.356
2006-06-13;4.906;6;4.906
2006-06-14;4.581;6;4.581
2006-06-15;3.909;6;3.909
2006-06-16;3.797;6;3.797
2006-06-17;3.528;6;3.528
2006-06-18;3.298;6;3.298
2006-06-19;3.171;6;3.171
2006-06-20;3.124;6;3.124
2006-06-21;3.035;6;3.035
2006-06-22;2.819;6;2.819
2006-06-23;2.692;6;2.692
2006-06-24;2.564;6;2.564
2006-06-25;2.478;6;2.478
2006-06-26;2.4;6;2.4
2006-06-27;2.4;6;2.4
2006-06-28;2.398;6;2.398
2006-06-29;2.357;6;2.357
2006-06-30;2.32;6;2.32
2006-07-01;2.315;7;2.315
2006-07-02;2.27;7;2.27
2006-07-03;2.24;7;2.24
2006-07-04;2.24;7;2.24
2006-07-05;2.24;7;2.24
2006-07-06;2.24;7;2.24
2006-07-07;2.24;7;2.24
2006-07-08;2.24;7;2.24
2006-07-09;2.24;7;2.24
2006-07-10;2.24;7;2.24
2006-07-11;2.132;7;2.132
2006-07-12;2.177;7;2.177
2006-07-13;2.227;7;2.227
2006-07-14;2.255;7;2.255
2006-07-15;2.28;7;2.28
2006-07-16;2.292;7;2.292
2006-07-17;2.32;7;2.32
2006-07-18;2.32;7;2.32
2006-07-19;2.32;7;2.32
2006-07-20;2.32;7;2.32
2006-07-21;2.32;7;2.32
2006-07-22;2.32;7;2.32
2006-07-23;2.297;7;2.297
2006-07-24;2.372;7;2.372
2006-07-25;2.464;7;2.464
2006-07-26;3.986;7;3.986
2006-07-27;2.319;7;2.319
2006-07-28;4.136;7;4.136
2006-07-29;2.643;7;2.643
2006-07-30;2.28;7;2.28
2006-07-31;2.28;7;2.28
2006-08-01;2.28;8;2.28
2006-08-02;2.28;8;2.28
2006-08-03;2.28;8;2.28
2006-08-04;2.28;8;2.28
2006-08-05;2.28;8;2.28
2006-08-06;2.28;8;2.28
2006-08-07;2.28;8;2.28
2006-08-08;2.28;8;2.28
2006-08-09;2.28;8;2.28
2006-08-10;2.28;8;2.28
2006-08-11;2.28;8;2.28
2006-08-12;2.28;8;2.28
2006-08-13;2.28;8;2.28
2006-08-14;2.28;8;2.28
2006-08-15;2.28;8;2.28
2006-08-16;2.28;8;2.28
2006-08-17;2.28;8;2.28
2006-08-18;2.26;8;2.26
2006-08-19;2.298;8;2.298
2006-08-20;2.28;8;2.28
2006-08-21;2.28;8;2.28
2006-08-22;2.28;8;2.28
2006-08-23;1.784;8;1.784
2006-08-24;1.316;8;1.316
2006-08-25;1.345;8;1.345
2006-08-26;1.348;8;1.348
2006-08-27;1.369;8;1.369
2006-08-28;1.379;8;1.379
2006-08-29;1.379;8;1.379
2006-08-30;1.617;8;1.617
2006-08-31;1.602;8;1.602
2006-09-01;1.582;9;1.582
2006-09-02;1.553;9;1.553
2006-09-03;1.532;9;1.532
2006-09-04;1.506;9;1.506
2006-09-05;1.488;9;1.488
2006-09-06;1.474;9;1.474
2006-09-07;1.474;9;1.474
2006-09-08;1.45;9;1.45
2006-09-09;1.442;9;1.442
2006-09-10;1.442;9;1.442
2006-09-11;1.442;9;1.442
2006-09-12;1.557;9;1.557
2006-09-13;1.6;9;1.6
2006-09-14;1.6;9;1.6
2006-09-15;1.6;9;1.6
2006-09-16;1.6;9;1.6
2006-09-17;1.64;9;1.64
2006-09-18;1.467;9;1.467
2006-09-19;1.248;9;1.248
2006-09-20;1.222;9;1.222
2006-09-21;1.217;9;1.217
2006-09-22;1.175;9;1.175
2006-09-23;1.411;9;1.411
2006-09-24;1.927;9;1.927
2006-09-25;1.508;9;1.508
2006-09-26;1.305;9;1.305
2006-09-27;1.235;9;1.235
2006-09-28;1.187;9;1.187
2006-09-29;1.107;9;1.107
2006-09-30;1.11;9;1.11
2006-10-01;1.1;10;1.1
2006-10-02;1.142;10;1.142
2006-10-03;1.158;10;1.158
2006-10-04;1.087;10;1.087
2006-10-05;1.05;10;1.05
2006-10-06;1.024;10;1.024
2006-10-07;1.032;10;1.032
2006-10-08;1.033;10;1.033
2006-10-09;1.033;10;1.033
2006-10-10;1.103;10;1.103
2006-10-11;2.436;10;2.436
2006-10-12;1.842;10;1.842
2006-10-13;2.624;10;2.624
2006-10-14;3.82;10;3.82
2006-10-15;1.973;10;1.973
2006-10-16;1.813;10;1.813
2006-10-17;1.537;10;1.537
2006-10-18;1.44;10;1.44
2006-10-19;1.349;10;1.349
2006-10-20;1.297;10;1.297
2006-10-21;1.259;10;1.259
2006-10-22;1.223;10;1.223
2006-10-23;1.196;10;1.196
2006-10-24;1.2;10;1.2
2006-10-25;1.189;10;1.189
2006-10-26;1.159;10;1.159
2006-10-27;1.179;10;1.179
2006-10-28;1.711;10;1.711
2006-10-29;1.766;10;1.766
2006-10-30;3.703;10;3.703
2006-10-31;2.556;10;2.556
2006-11-01;4.68;11;4.68
2006-11-02;2.182;11;2.182
2006-11-03;1.93;11;1.93
2006-11-04;1.728;11;1.728
2006-11-05;3.151;11;3.151
2006-11-06;2.91;11;2.91
2006-11-07;4.846;11;4.846
2006-11-08;4.664;11;4.664
2006-11-09;7.997;11;7.997
2006-11-10;4.34;11;4.34
2006-11-11;3.314;11;3.314
2006-11-12;6.731;11;6.731
2006-11-13;8.179;11;8.179
2006-11-14;5.928;11;5.928
2006-11-15;4.752;11;4.752
2006-11-16;4.055;11;4.055
2006-11-17;3.601;11;3.601
2006-11-18;3.431;11;3.431
2006-11-19;3.15;11;3.15
2006-11-20;5.592;11;5.592
2006-11-21;4.178;11;4.178
2006-11-22;7.941;11;7.941
2006-11-23;5.405;11;5.405
2006-11-24;5.339;11;5.339
2006-11-25;4.925;11;4.925
2006-11-26;11.99;11;11.99
2006-11-27;6.44;11;6.44
2006-11-28;7.745;11;7.745
2006-11-29;8.351;11;8.351
2006-11-30;6.35;11;6.35
2006-12-01;5.344;12;5.344
2006-12-02;4.767;12;4.767
2006-12-03;5.298;12;5.298
2006-12-04;4.539;12;4.539
2006-12-05;11.14;12;11.14
2006-12-06;9.474;12;9.474
2006-12-07;14.96;12;14.96
2006-12-08;8.849;12;8.849
2006-12-09;8.544;12;8.544
2006-12-10;7.717;12;7.717
2006-12-11;6.179;12;6.179
2006-12-12;9.611;12;9.611
2006-12-13;7.529;12;7.529
2006-12-14;6.936;12;6.936
2006-12-15;7.251;12;7.251
2006-12-16;8.896;12;8.896
2006-12-17;6.955;12;6.955
2006-12-18;6.072;12;6.072
2006-12-19;7.673;12;7.673
2006-12-20;11.05;12;11.05
2006-12-21;11.77;12;11.77
2006-12-22;8.304;12;8.304
2006-12-23;7.01;12;7.01
2006-12-24;6.375;12;6.375
2006-12-25;6.53;12;6.53
2006-12-26;11.17;12;11.17
2006-12-27;7.386;12;7.386
2006-12-28;6.25;12;6.25
2006-12-29;5.691;12;5.691
2006-12-30;5.209;12;5.209
2006-12-31;4.873;12;4.873
2007-01-01;4.654;1;4.654
2007-01-02;4.288;1;4.288
2007-01-03;4.033;1;4.033
2007-01-04;3.796;1;3.796
2007-01-05;3.585;1;3.585
2007-01-06;3.356;1;3.356
2007-01-07;3.241;1;3.241
2007-01-08;3.446;1;3.446
2007-01-09;5.508;1;5.508
2007-01-10;4.154;1;4.154
2007-01-11;3.543;1;3.543
2007-01-12;3.028;1;3.028
2007-01-13;2.903;1;2.903
2007-01-14;3.02;1;3.02
2007-01-15;2.791;1;2.791
2007-01-16;3.105;1;3.105
2007-01-17;2.765;1;2.765
2007-01-18;3.074;1;3.074
2007-01-19;6.662;1;6.662
2007-01-20;7.218;1;7.218
2007-01-21;4.578;1;4.578
2007-01-22;3.979;1;3.979
2007-01-23;3.534;1;3.534
2007-01-24;3.241;1;3.241
2007-01-25;4.042;1;4.042
2007-01-26;20.86;1;20.86
2007-01-27;11.32;1;11.32
2007-01-28;7.56;1;7.56
2007-01-29;6.302;1;6.302
2007-01-30;5.641;1;5.641
2007-01-31;5.161;1;5.161
2007-02-01;4.792;2;4.792
2007-02-02;4.449;2;4.449
2007-02-03;4.142;2;4.142
2007-02-04;3.934;2;3.934
2007-02-05;3.685;2;3.685
2007-02-06;3.53;2;3.53
2007-02-07;3.371;2;3.371
2007-02-08;3.283;2;3.283
2007-02-09;3.231;2;3.231
2007-02-10;3.231;2;3.231
2007-02-11;3.265;2;3.265
2007-02-12;3.15;2;3.15
2007-02-13;3.054;2;3.054
2007-02-14;3.022;2;3.022
2007-02-15;3.242;2;3.242
2007-02-16;4.633;2;4.633
2007-02-17;3.223;2;3.223
2007-02-18;3.082;2;3.082
2007-02-19;4.609;2;4.609
2007-02-20;4.104;2;4.104
2007-02-21;5.551;2;5.551
2007-02-22;3.257;2;3.257
2007-02-23;2.666;2;2.666
2007-02-24;2.487;2;2.487
2007-02-25;2.352;2;2.352
2007-02-26;2.312;2;2.312
2007-02-27;2.228;2;2.228
2007-02-28;2.157;2;2.157
2007-03-01;2.113;3;2.113
2007-03-02;2.105;3;2.105
2007-03-03;2.072;3;2.072
2007-03-04;2.137;3;2.137
2007-03-05;2.446;3;2.446
2007-03-06;2.337;3;2.337
2007-03-07;2.062;3;2.062
2007-03-08;2.012;3;2.012
2007-03-09;1.953;3;1.953
2007-03-10;1.95;3;1.95
2007-03-11;3.052;3;3.052
2007-03-12;2.193;3;2.193
2007-03-13;1.985;3;1.985
2007-03-14;1.877;3;1.877
2007-03-15;2.352;3;2.352
2007-03-16;7.541;3;7.541
2007-03-17;4.432;3;4.432
2007-03-18;3.142;3;3.142
2007-03-19;2.541;3;2.541
2007-03-20;2.332;3;2.332
2007-03-21;3.096;3;3.096
2007-03-22;9.668;3;9.668
2007-03-23;19.6;3;19.6
2007-03-24;9.285;3;9.285
2007-03-25;14.66;3;14.66
2007-03-26;9.53;3;9.53
2007-03-27;9.576;3;9.576
2007-03-28;7.839;3;7.839
2007-03-29;6.817;3;6.817
2007-03-30;7.751;3;7.751
2007-03-31;7.497;3;7.497
2007-04-01;5.972;4;5.972
2007-04-02;5.727;4;5.727
2007-04-03;5.983;4;5.983
2007-04-04;8.33;4;8.33
2007-04-05;9.4;4;9.4
2007-04-06;6.645;4;6.645
2007-04-07;6.297;4;6.297
2007-04-08;7.474;4;7.474
2007-04-09;8.747;4;8.747
2007-04-10;6.89;4;6.89
2007-04-11;6.551;4;6.551
2007-04-12;5.881;4;5.881
2007-04-13;5.772;4;5.772
2007-04-14;5.319;4;5.319
2007-04-15;5.34;4;5.34
2007-04-16;5.718;4;5.718
2007-04-17;6.48;4;6.48
2007-04-18;6.675;4;6.675
2007-04-19;14.44;4;14.44
2007-04-20;21.51;4;21.51
2007-04-21;22.98;4;22.98
2007-04-22;22.78;4;22.78
2007-04-23;16.26;4;16.26
2007-04-24;14.48;4;14.48
2007-04-25;15.32;4;15.32
2007-04-26;23.62;4;23.62
2007-04-27;17.24;4;17.24
2007-04-28;16.45;4;16.45
2007-04-29;12.93;4;12.93
2007-04-30;10.42;4;10.42
2007-05-01;9.34;5;9.34
2007-05-02;8.409;5;8.409
2007-05-03;7.407;5;7.407
2007-05-04;6.749;5;6.749
2007-05-05;6.216;5;6.216
2007-05-06;6.711;5;6.711
2007-05-07;8.068;5;8.068
2007-05-08;8.009;5;8.009
2007-05-09;5.909;5;5.909
2007-05-10;5.544;5;5.544
2007-05-11;5.142;5;5.142
2007-05-12;4.857;5;4.857
2007-05-13;4.691;5;4.691
2007-05-14;4.556;5;4.556
2007-05-15;4.212;5;4.212
2007-05-16;4.061;5;4.061
2007-05-17;4.072;5;4.072
2007-05-18;7.367;5;7.367
2007-05-19;5.007;5;5.007
2007-05-20;5.5;5;5.5
2007-05-21;7.827;5;7.827
2007-05-22;9.343;5;9.343
2007-05-23;6.315;5;6.315
2007-05-24;5.995;5;5.995
2007-05-25;11.31;5;11.31
2007-05-26;11.23;5;11.23
2007-05-27;10.47;5;10.47
2007-05-28;11.88;5;11.88
2007-05-29;9.221;5;9.221
2007-05-30;7.915;5;7.915
2007-05-31;8.262;5;8.262
2007-06-01;7.539;6;7.539
2007-06-02;8.004;6;8.004
2007-06-03;6.834;6;6.834
2007-06-04;7.119;6;7.119
2007-06-05;6.954;6;6.954
2007-06-06;5.956;6;5.956
2007-06-07;5.634;6;5.634
2007-06-08;5.725;6;5.725
2007-06-09;5.322;6;5.322
2007-06-10;4.885;6;4.885
2007-06-11;4.679;6;4.679
2007-06-12;4.477;6;4.477
2007-06-13;4.801;6;4.801
2007-06-14;4.153;6;4.153
2007-06-15;4.193;6;4.193
2007-06-16;3.822;6;3.822
2007-06-17;3.682;6;3.682
2007-06-18;3.548;6;3.548
2007-06-19;3.465;6;3.465
2007-06-20;3.504;6;3.504
2007-06-21;3.189;6;3.189
2007-06-22;3.101;6;3.101
2007-06-23;7.648;6;7.648
2007-06-24;3.653;6;3.653
2007-06-25;3.267;6;3.267
2007-06-26;3.373;6;3.373
2007-06-27;3.503;6;3.503
2007-06-28;3.072;6;3.072
2007-06-29;3.004;6;3.004
2007-06-30;2.861;6;2.861
2007-07-01;2.78;7;2.78
2007-07-02;2.713;7;2.713
2007-07-03;2.66;7;2.66
2007-07-04;2.601;7;2.601
2007-07-05;2.533;7;2.533
2007-07-06;2.465;7;2.465
2007-07-07;2.403;7;2.403
2007-07-08;2.367;7;2.367
2007-07-09;2.4;7;2.4
2007-07-10;2.431;7;2.431
2007-07-11;2.548;7;2.548
2007-07-12;2.312;7;2.312
2007-07-13;2.158;7;2.158
2007-07-14;2.097;7;2.097
2007-07-15;2.187;7;2.187
2007-07-16;2.741;7;2.741
2007-07-17;8.063;7;8.063
2007-07-18;3.025;7;3.025
2007-07-19;2.702;7;2.702
2007-07-20;2.363;7;2.363
2007-07-21;2.212;7;2.212
2007-07-22;2.16;7;2.16
2007-07-23;5.845;7;5.845
2007-07-24;2.942;7;2.942
2007-07-25;4.277;7;4.277
2007-07-26;3.229;7;3.229
2007-07-27;2.658;7;2.658
2007-07-28;2.429;7;2.429
2007-07-29;2.33;7;2.33
2007-07-30;2.297;7;2.297
2007-07-31;2.247;7;2.247
2007-08-01;2.077;8;2.077
2007-08-02;1.955;8;1.955
2007-08-03;1.92;8;1.92
2007-08-04;1.92;8;1.92
2007-08-05;1.915;8;1.915
2007-08-06;1.88;8;1.88
2007-08-07;1.867;8;1.867
2007-08-08;1.993;8;1.993
2007-08-09;2.303;8;2.303
2007-08-10;1.91;8;1.91
2007-08-11;1.84;8;1.84
2007-08-12;1.812;8;1.812
2007-08-13;1.8;8;1.8
2007-08-14;1.8;8;1.8
2007-08-15;1.822;8;1.822
2007-08-16;1.84;8;1.84
2007-08-17;1.84;8;1.84
2007-08-18;1.902;8;1.902
2007-08-19;1.853;8;1.853
2007-08-20;1.84;8;1.84
2007-08-21;1.808;8;1.808
2007-08-22;1.8;8;1.8
2007-08-23;1.8;8;1.8
2007-08-24;1.8;8;1.8
2007-08-25;1.773;8;1.773
2007-08-26;1.992;8;1.992
2007-08-27;1.89;8;1.89
2007-08-28;1.822;8;1.822
2007-08-29;1.8;8;1.8
2007-08-30;1.8;8;1.8
2007-08-31;1.763;8;1.763
2007-09-01;1.748;9;1.748
2007-09-02;1.72;9;1.72
2007-09-03;1.72;9;1.72
2007-09-04;1.72;9;1.72
2007-09-05;1.72;9;1.72
2007-09-06;1.682;9;1.682
2007-09-07;1.68;9;1.68
2007-09-08;1.68;9;1.68
2007-09-09;1.68;9;1.68
2007-09-10;1.657;9;1.657
2007-09-11;1.64;9;1.64
2007-09-12;1.64;9;1.64
2007-09-13;1.63;9;1.63
2007-09-14;1.6;9;1.6
2007-09-15;2.981;9;2.981
2007-09-16;2.663;9;2.663
2007-09-17;1.885;9;1.885
2007-09-18;1.802;9;1.802
2007-09-19;1.763;9;1.763
2007-09-20;1.554;9;1.554
2007-09-21;1.295;9;1.295
2007-09-22;1.297;9;1.297
2007-09-23;1.432;9;1.432
2007-09-24;1.424;9;1.424
2007-09-25;1.465;9;1.465
2007-09-26;1.381;9;1.381
2007-09-27;1.337;9;1.337
2007-09-28;1.223;9;1.223
2007-09-29;1.191;9;1.191
2007-09-30;1.175;9;1.175
2007-10-01;1.29;10;1.29
2007-10-02;1.302;10;1.302
2007-10-03;1.291;10;1.291
2007-10-04;1.408;10;1.408
2007-10-05;1.654;10;1.654
2007-10-06;3.304;10;3.304
2007-10-07;3.737;10;3.737
2007-10-08;2.031;10;2.031
2007-10-09;8.756;10;8.756
2007-10-10;3.889;10;3.889
2007-10-11;3.242;10;3.242
2007-10-12;4.791;10;4.791
2007-10-13;4.793;10;4.793
2007-10-14;5.776;10;5.776
2007-10-15;5.255;10;5.255
2007-10-16;9.142;10;9.142
2007-10-17;5.044;10;5.044
2007-10-18;5.264;10;5.264
2007-10-19;5.744;10;5.744
2007-10-20;7.202;10;7.202
2007-10-21;7.059;10;7.059
2007-10-22;6.367;10;6.367
2007-10-23;5.217;10;5.217
2007-10-24;4.615;10;4.615
2007-10-25;4.024;10;4.024
2007-10-26;3.708;10;3.708
2007-10-27;6.063;10;6.063
2007-10-28;6.07;10;6.07
2007-10-29;5.259;10;5.259
2007-10-30;5.781;10;5.781
2007-10-31;5.128;10;5.128
2007-11-01;12.88;11;12.88
2007-11-02;18.2;11;18.2
2007-11-03;10.87;11;10.87
2007-11-04;8.007;11;8.007
2007-11-05;6.902;11;6.902
2007-11-06;6.047;11;6.047
2007-11-07;6.981;11;6.981
2007-11-08;9.332;11;9.332
2007-11-09;13.07;11;13.07
2007-11-10;13.18;11;13.18
2007-11-11;10.38;11;10.38
2007-11-12;7.891;11;7.891
2007-11-13;7.245;11;7.245
2007-11-14;8.384;11;8.384
2007-11-15;6.421;11;6.421
2007-11-16;5.819;11;5.819
2007-11-17;5.578;11;5.578
2007-11-18;5.127;11;5.127
2007-11-19;4.764;11;4.764
2007-11-20;4.44;11;4.44
2007-11-21;4.688;11;4.688
2007-11-22;4.88;11;4.88
2007-11-23;10.41;11;10.41
2007-11-24;7.487;11;7.487
2007-11-25;5.756;11;5.756
2007-11-26;5.21;11;5.21
2007-11-27;5.156;11;5.156
2007-11-28;7.769;11;7.769
2007-11-29;8.617;11;8.617
2007-11-30;9.415;11;9.415
2007-12-01;8.064;12;8.064
2007-12-02;7.292;12;7.292
2007-12-03;7.294;12;7.294
2007-12-04;6.425;12;6.425
2007-12-05;6.044;12;6.044
2007-12-06;5.372;12;5.372
2007-12-07;5.021;12;5.021
2007-12-08;4.831;12;4.831
2007-12-09;4.623;12;4.623
2007-12-10;5.345;12;5.345
2007-12-11;4.656;12;4.656
2007-12-12;4.608;12;4.608
2007-12-13;4.528;12;4.528
2007-12-14;6.469;12;6.469
2007-12-15;12.59;12;12.59
2007-12-16;27.0;12;27.0
2007-12-17;21.95;12;21.95
2007-12-18;17.82;12;17.82
2007-12-19;13.51;12;13.51
2007-12-20;19.64;12;19.64
2007-12-21;15.67;12;15.67
2007-12-22;16.22;12;16.22
2007-12-23;13.03;12;13.03
2007-12-24;13.2;12;13.2
2007-12-25;10.02;12;10.02
2007-12-26;12.34;12;12.34
2007-12-27;16.96;12;16.96
2007-12-28;11.32;12;11.32
2007-12-29;9.168;12;9.168
2007-12-30;8.115;12;8.115
2007-12-31;7.421;12;7.421
2008-01-01;7.439;1;7.439
2008-01-02;11.27;1;11.27
2008-01-03;8.439;1;8.439
2008-01-04;6.944;1;6.944
2008-01-05;6.231;1;6.231
2008-01-06;5.787;1;5.787
2008-01-07;5.513;1;5.513
2008-01-08;6.685;1;6.685
2008-01-09;14.0;1;14.0
2008-01-10;15.0;1;15.0
2008-01-11;8.68;1;8.68
2008-01-12;7.194;1;7.194
2008-01-13;7.301;1;7.301
2008-01-14;8.76;1;8.76
2008-01-15;7.346;1;7.346
2008-01-16;6.412;1;6.412
2008-01-17;7.279;1;7.279
2008-01-18;6.434;1;6.434
2008-01-19;5.5;1;5.5
2008-01-20;5.839;1;5.839
2008-01-21;5.423;1;5.423
2008-01-22;4.831;1;4.831
2008-01-23;4.544;1;4.544
2008-01-24;4.608;1;4.608
2008-01-25;7.666;1;7.666
2008-01-26;6.467;1;6.467
2008-01-27;5.537;1;5.537
2008-01-28;6.52;1;6.52
2008-01-29;6.534;1;6.534
2008-01-30;5.173;1;5.173
2008-01-31;4.696;1;4.696
2008-02-01;5.696;2;5.696
2008-02-02;4.716;2;4.716
2008-02-03;4.409;2;4.409
2008-02-04;4.221;2;4.221
2008-02-05;4.066;2;4.066
2008-02-06;3.889;2;3.889
2008-02-07;3.594;2;3.594
2008-02-08;3.567;2;3.567
2008-02-09;3.429;2;3.429
2008-02-10;5.652;2;5.652
2008-02-11;6.46;2;6.46
2008-02-12;3.736;2;3.736
2008-02-13;3.429;2;3.429
2008-02-14;7.804;2;7.804
2008-02-15;5.318;2;5.318
2008-02-16;15.46;2;15.46
2008-02-17;14.51;2;14.51
2008-02-18;10.11;2;10.11
2008-02-19;9.621;2;9.621
2008-02-20;9.514;2;9.514
2008-02-21;12.35;2;12.35
2008-02-22;13.06;2;13.06
2008-02-23;13.68;2;13.68
2008-02-24;9.931;2;9.931
2008-02-25;23.2;2;23.2
2008-02-26;18.61;2;18.61
2008-02-27;17.39;2;17.39
2008-02-28;24.73;2;24.73
2008-02-29;19.73;2;19.73
2008-03-01;13.56;3;13.56
2008-03-02;13.86;3;13.86
2008-03-03;11.23;3;11.23
2008-03-04;11.96;3;11.96
2008-03-05;9.784;3;9.784
2008-03-06;11.3;3;11.3
2008-03-07;10.21;3;10.21
2008-03-08;8.965;3;8.965
2008-03-09;8.438;3;8.438
2008-03-10;10.24;3;10.24
2008-03-11;9.725;3;9.725
2008-03-12;9.233;3;9.233
2008-03-13;8.826;3;8.826
2008-03-14;7.566;3;7.566
2008-03-15;7.166;3;7.166
2008-03-16;6.61;3;6.61
2008-03-17;6.558;3;6.558
2008-03-18;6.016;3;6.016
2008-03-19;6.136;3;6.136
2008-03-20;5.864;3;5.864
2008-03-21;5.303;3;5.303
2008-03-22;5.07;3;5.07
2008-03-23;4.862;3;4.862
2008-03-24;4.724;3;4.724
2008-03-25;5.124;3;5.124
2008-03-26;5.249;3;5.249
2008-03-27;6.853;3;6.853
2008-03-28;7.924;3;7.924
2008-03-29;5.278;3;5.278
2008-03-30;7.469;3;7.469
2008-03-31;9.227;3;9.227
2008-04-01;6.33;4;6.33
2008-04-02;5.889;4;5.889
2008-04-03;5.004;4;5.004
2008-04-04;4.741;4;4.741
2008-04-05;4.522;4;4.522
2008-04-06;4.863;4;4.863
2008-04-07;5.473;4;5.473
2008-04-08;4.704;4;4.704
2008-04-09;5.049;4;5.049
2008-04-10;4.662;4;4.662
2008-04-11;5.103;4;5.103
2008-04-12;11.61;4;11.61
2008-04-13;11.53;4;11.53
2008-04-14;10.53;4;10.53
2008-04-15;10.28;4;10.28
2008-04-16;7.424;4;7.424
2008-04-17;6.622;4;6.622
2008-04-18;6.191;4;6.191
2008-04-19;5.897;4;5.897
2008-04-20;6.349;4;6.349
2008-04-21;6.641;4;6.641
2008-04-22;5.497;4;5.497
2008-04-23;7.695;4;7.695
2008-04-24;5.728;4;5.728
2008-04-25;5.219;4;5.219
2008-04-26;5.214;4;5.214
2008-04-27;6.403;4;6.403
2008-04-28;5.513;4;5.513
2008-04-29;4.733;4;4.733
2008-04-30;4.525;4;4.525
2008-05-01;9.926;5;9.926
2008-05-02;7.233;5;7.233
2008-05-03;6.157;5;6.157
2008-05-04;10.14;5;10.14
2008-05-05;12.42;5;12.42
2008-05-06;14.35;5;14.35
2008-05-07;7.552;5;7.552
2008-05-08;6.15;5;6.15
2008-05-09;5.812;5;5.812
2008-05-10;5.259;5;5.259
2008-05-11;5.854;5;5.854
2008-05-12;6.101;5;6.101
2008-05-13;4.879;5;4.879
2008-05-14;5.038;5;5.038
2008-05-15;4.863;5;4.863
2008-05-16;4.939;5;4.939
2008-05-17;6.469;5;6.469
2008-05-18;7.677;5;7.677
2008-05-19;5.999;5;5.999
2008-05-20;10.5;5;10.5
2008-05-21;6.805;5;6.805
2008-05-22;10.85;5;10.85
2008-05-23;16.37;5;16.37
2008-05-24;16.4;5;16.4
2008-05-25;16.8;5;16.8
2008-05-26;10.53;5;10.53
2008-05-27;21.74;5;21.74
2008-05-28;22.75;5;22.75
2008-05-29;21.19;5;21.19
2008-05-30;15.55;5;15.55
2008-05-31;12.9;5;12.9
2008-06-01;11.0;6;11.0
2008-06-02;10.15;6;10.15
2008-06-03;9.1;6;9.1
2008-06-04;8.38;6;8.38
2008-06-05;7.775;6;7.775
2008-06-06;7.307;6;7.307
2008-06-07;7.653;6;7.653
2008-06-08;6.628;6;6.628
2008-06-09;6.163;6;6.163
2008-06-10;6.05;6;6.05
2008-06-11;6.882;6;6.882
2008-06-12;5.712;6;5.712
2008-06-13;6.837;6;6.837
2008-06-14;12.55;6;12.55
2008-06-15;9.323;6;9.323
2008-06-16;5.825;6;5.825
2008-06-17;5.337;6;5.337
2008-06-18;5.004;6;5.004
2008-06-19;9.965;6;9.965
2008-06-20;6.605;6;6.605
2008-06-21;6.247;6;6.247
2008-06-22;6.398;6;6.398
2008-06-23;16.47;6;16.47
2008-06-24;8.83;6;8.83
2008-06-25;10.17;6;10.17
2008-06-26;8.032;6;8.032
2008-06-27;7.955;6;7.955
2008-06-28;6.882;6;6.882
2008-06-29;6.505;6;6.505
2008-06-30;6.2;6;6.2
2008-07-01;5.938;7;5.938
2008-07-02;5.712;7;5.712
2008-07-03;5.75;7;5.75
2008-07-04;5.45;7;5.45
2008-07-05;5.075;7;5.075
2008-07-06;4.932;7;4.932
2008-07-07;4.797;7;4.797
2008-07-08;4.865;7;4.865
2008-07-09;14.63;7;14.63
2008-07-10;5.713;7;5.713
2008-07-11;5.637;7;5.637
2008-07-12;4.865;7;4.865
2008-07-13;4.294;7;4.294
2008-07-14;7.477;7;7.477
2008-07-15;6.597;7;6.597
2008-07-16;5.262;7;5.262
2008-07-17;4.932;7;4.932
2008-07-18;7.432;7;7.432
2008-07-19;5.041;7;5.041
2008-07-20;4.73;7;4.73
2008-07-21;4.494;7;4.494
2008-07-22;4.359;7;4.359
2008-07-23;4.207;7;4.207
2008-07-24;3.968;7;3.968
2008-07-25;3.841;7;3.841
2008-07-26;4.041;7;4.041
2008-07-27;4.216;7;4.216
2008-07-28;3.799;7;3.799
2008-07-29;3.712;7;3.712
2008-07-30;9.618;7;9.618
2008-07-31;6.109;7;6.109
2008-08-01;4.407;8;4.407
2008-08-02;4.227;8;4.227
2008-08-03;3.836;8;3.836
2008-08-04;4.206;8;4.206
2008-08-05;4.697;8;4.697
2008-08-06;3.687;8;3.687
2008-08-07;3.582;8;3.582
2008-08-08;3.447;8;3.447
2008-08-09;3.309;8;3.309
2008-08-10;3.239;8;3.239
2008-08-11;3.272;8;3.272
2008-08-12;3.664;8;3.664
2008-08-13;3.132;8;3.132
2008-08-14;3.309;8;3.309
2008-08-15;3.038;8;3.038
2008-08-16;3.051;8;3.051
2008-08-17;3.119;8;3.119
2008-08-18;3.341;8;3.341
2008-08-19;4.0;8;4.0
2008-08-20;3.108;8;3.108
2008-08-21;3.478;8;3.478
2008-08-22;3.65;8;3.65
2008-08-23;4.16;8;4.16
2008-08-24;3.936;8;3.936
2008-08-25;11.33;8;11.33
2008-08-26;6.495;8;6.495
2008-08-27;4.722;8;4.722
2008-08-28;6.581;8;6.581
2008-08-29;19.98;8;19.98
2008-08-30;15.81;8;15.81
2008-08-31;9.203;8;9.203
2008-09-01;7.941;9;7.941
2008-09-02;7.762;9;7.762
2008-09-03;13.71;9;13.71
2008-09-04;9.141;9;9.141
2008-09-05;7.669;9;7.669
2008-09-06;6.936;9;6.936
2008-09-07;6.466;9;6.466
2008-09-08;6.219;9;6.219
2008-09-09;5.906;9;5.906
2008-09-10;5.691;9;5.691
2008-09-11;5.356;9;5.356
2008-09-12;5.12;9;5.12
2008-09-13;4.876;9;4.876
2008-09-14;4.665;9;4.665
2008-09-15;4.519;9;4.519
2008-09-16;4.703;9;4.703
2008-09-17;4.928;9;4.928
2008-09-18;4.212;9;4.212
2008-09-19;8.145;9;8.145
2008-09-20;5.016;9;5.016
2008-09-21;5.541;9;5.541
2008-09-22;5.576;9;5.576
2008-09-23;4.763;9;4.763
2008-09-24;4.449;9;4.449
2008-09-25;6.125;9;6.125
2008-09-26;6.441;9;6.441
2008-09-27;6.25;9;6.25
2008-09-28;4.508;9;4.508
2008-09-29;4.342;9;4.342
2008-09-30;4.893;9;4.893
2008-10-01;6.008;10;6.008
2008-10-02;7.256;10;7.256
2008-10-03;6.733;10;6.733
2008-10-04;5.075;10;5.075
2008-10-05;4.66;10;4.66
2008-10-06;5.329;10;5.329
2008-10-07;4.901;10;4.901
2008-10-08;4.46;10;4.46
2008-10-09;4.482;10;4.482
2008-10-10;5.569;10;5.569
2008-10-11;5.083;10;5.083
2008-10-12;4.452;10;4.452
2008-10-13;4.404;10;4.404
2008-10-14;4.319;10;4.319
2008-10-15;3.954;10;3.954
2008-10-16;8.776;10;8.776
2008-10-17;4.94;10;4.94
2008-10-18;6.14;10;6.14
2008-10-19;6.076;10;6.076
2008-10-20;4.373;10;4.373
2008-10-21;3.982;10;3.982
2008-10-22;3.738;10;3.738
2008-10-23;4.464;10;4.464
2008-10-24;5.498;10;5.498
2008-10-25;3.895;10;3.895
2008-10-26;4.488;10;4.488
2008-10-27;5.559;10;5.559
2008-10-28;5.554;10;5.554
2008-10-29;5.041;10;5.041
2008-10-30;4.291;10;4.291
2008-10-31;5.997;10;5.997
2008-11-01;11.83;11;11.83
2008-11-02;7.18;11;7.18
2008-11-03;5.975;11;5.975
2008-11-04;7.575;11;7.575
2008-11-05;6.125;11;6.125
2008-11-06;5.45;11;5.45
2008-11-07;5.113;11;5.113
2008-11-08;4.865;11;4.865
2008-11-09;4.764;11;4.764
2008-11-10;4.426;11;4.426
2008-11-11;4.291;11;4.291
2008-11-12;4.257;11;4.257
2008-11-13;7.88;11;7.88
2008-11-14;8.887;11;8.887
2008-11-15;7.435;11;7.435
2008-11-16;6.35;11;6.35
2008-11-17;7.03;11;7.03
2008-11-18;8.47;11;8.47
2008-11-19;6.798;11;6.798
2008-11-20;8.28;11;8.28
2008-11-21;10.42;11;10.42
2008-11-22;6.755;11;6.755
2008-11-23;10.64;11;10.64
2008-11-24;7.69;11;7.69
2008-11-25;26.9;11;26.9
2008-11-26;22.96;11;22.96
2008-11-27;16.46;11;16.46
2008-11-28;11.28;11;11.28
2008-11-29;9.958;11;9.958
2008-11-30;8.83;11;8.83
2008-12-01;8.605;12;8.605
2008-12-02;12.46;12;12.46
2008-12-03;8.425;12;8.425
2008-12-04;15.1;12;15.1
2008-12-05;8.92;12;8.92
2008-12-06;7.86;12;7.86
2008-12-07;7.222;12;7.222
2008-12-08;6.882;12;6.882
2008-12-09;6.467;12;6.467
2008-12-10;6.125;12;6.125
2008-12-11;6.837;12;6.837
2008-12-12;7.148;12;7.148
2008-12-13;6.775;12;6.775
2008-12-14;6.403;12;6.403
2008-12-15;7.65;12;7.65
2008-12-16;6.96;12;6.96
2008-12-17;5.6;12;5.6
2008-12-18;5.563;12;5.563
2008-12-19;5.113;12;5.113
2008-12-20;4.97;12;4.97
2008-12-21;4.764;12;4.764
2008-12-22;4.629;12;4.629
2008-12-23;4.46;12;4.46
2008-12-24;4.257;12;4.257
2008-12-25;4.528;12;4.528
2008-12-26;4.156;12;4.156
2008-12-27;4.021;12;4.021
2008-12-28;4.224;12;4.224
2008-12-29;3.886;12;3.886
2008-12-30;15.65;12;15.65
2008-12-31;6.238;12;6.238
2009-01-01;5.225;1;5.225
2009-01-02;4.73;1;4.73
2009-01-03;4.46;1;4.46
2009-01-04;4.257;1;4.257
2009-01-05;4.325;1;4.325
2009-01-06;5.675;1;5.675
2009-01-07;5.6;1;5.6
2009-01-08;9.93;1;9.93
2009-01-09;6.76;1;6.76
2009-01-10;5.675;1;5.675
2009-01-11;5.262;1;5.262
2009-01-12;5.037;1;5.037
2009-01-13;4.899;1;4.899
2009-01-14;5.6;1;5.6
2009-01-15;6.815;1;6.815
2009-01-16;7.945;1;7.945
2009-01-17;9.757;1;9.757
2009-01-18;7.392;1;7.392
2009-01-19;6.713;1;6.713
2009-01-20;10.81;1;10.81
2009-01-21;6.882;1;6.882
2009-01-22;17.69;1;17.69
2009-01-23;11.78;1;11.78
2009-01-24;14.7;1;14.7
2009-01-25;9.915;1;9.915
2009-01-26;10.45;1;10.45
2009-01-27;8.425;1;8.425
2009-01-28;7.818;1;7.818
2009-01-29;8.565;1;8.565
2009-01-30;13.23;1;13.23
2009-01-31;7.86;1;7.86
2009-02-01;8.208;2;8.208
2009-02-02;13.68;2;13.68
2009-02-03;7.563;2;7.563
2009-02-04;6.755;2;6.755
2009-02-05;6.505;2;6.505
2009-02-06;6.087;2;6.087
2009-02-07;6.413;2;6.413
2009-02-08;5.675;2;5.675
2009-02-09;5.45;2;5.45
2009-02-10;5.262;2;5.262
2009-02-11;5.004;2;5.004
2009-02-12;6.335;2;6.335
2009-02-13;5.15;2;5.15
2009-02-14;27.07;2;27.07
2009-02-15;13.24;2;13.24
2009-02-16;8.837;2;8.837
2009-02-17;7.095;2;7.095
2009-02-18;6.548;2;6.548
2009-02-19;6.887;2;6.887
2009-02-20;6.275;2;6.275
2009-02-21;5.788;2;5.788
2009-02-22;5.488;2;5.488
2009-02-23;5.488;2;5.488
2009-02-24;7.74;2;7.74
2009-02-25;5.488;2;5.488
2009-02-26;11.06;2;11.06
2009-02-27;12.34;2;12.34
2009-02-28;7.435;2;7.435
2009-03-01;6.313;3;6.313
2009-03-02;5.938;3;5.938
2009-03-03;5.637;3;5.637
2009-03-04;5.412;3;5.412
2009-03-05;5.113;3;5.113
2009-03-06;5.863;3;5.863
2009-03-07;6.975;3;6.975
2009-03-08;4.899;3;4.899
2009-03-09;4.595;3;4.595
2009-03-10;4.392;3;4.392
2009-03-11;4.224;3;4.224
2009-03-12;4.73;3;4.73
2009-03-13;5.615;3;5.615
2009-03-14;4.156;3;4.156
2009-03-15;3.92;3;3.92
2009-03-16;4.392;3;4.392
2009-03-17;5.315;3;5.315
2009-03-18;4.359;3;4.359
2009-03-19;5.262;3;5.262
2009-03-20;5.675;3;5.675
2009-03-21;4.595;3;4.595
2009-03-22;4.813;3;4.813
2009-03-23;13.89;3;13.89
2009-03-24;6.087;3;6.087
2009-03-25;11.73;3;11.73
2009-03-26;15.0;3;15.0
2009-03-27;9.01;3;9.01
2009-03-28;10.05;3;10.05
2009-03-29;17.34;3;17.34
2009-03-30;10.81;3;10.81
2009-03-31;10.63;3;10.63
2009-04-01;8.425;4;8.425
2009-04-02;7.563;4;7.563
2009-04-03;6.925;4;6.925
2009-04-04;6.43;4;6.43
2009-04-05;6.012;4;6.012
2009-04-06;5.675;4;5.675
2009-04-07;9.0;4;9.0
2009-04-08;18.76;4;18.76
2009-04-09;16.5;4;16.5
2009-04-10;13.02;4;13.02
2009-04-11;18.85;4;18.85
2009-04-12;28.39;4;28.39
2009-04-13;20.96;4;20.96
2009-04-14;22.35;4;22.35
2009-04-15;27.36;4;27.36
2009-04-16;17.15;4;17.15
2009-04-17;12.22;4;12.22
2009-04-18;10.15;4;10.15
2009-04-19;9.01;4;9.01
2009-04-20;8.205;4;8.205
2009-04-21;9.083;4;9.083
2009-04-22;7.52;4;7.52
2009-04-23;7.435;4;7.435
2009-04-24;6.633;4;6.633
2009-04-25;8.515;4;8.515
2009-04-26;6.313;4;6.313
2009-04-27;5.863;4;5.863
2009-04-28;5.525;4;5.525
2009-04-29;5.188;4;5.188
2009-04-30;7.825;4;7.825
2009-05-01;5.637;5;5.637
2009-05-02;10.96;5;10.96
2009-05-03;12.64;5;12.64
2009-05-04;10.55;5;10.55
2009-05-05;7.95;5;7.95
2009-05-06;6.84;5;6.84
2009-05-07;6.312;5;6.312
2009-05-08;7.488;5;7.488
2009-05-09;5.975;5;5.975
2009-05-10;5.781;5;5.781
2009-05-11;6.863;5;6.863
2009-05-12;5.45;5;5.45
2009-05-13;6.937;5;6.937
2009-05-14;5.6;5;5.6
2009-05-15;5.188;5;5.188
2009-05-16;5.002;5;5.002
2009-05-17;5.356;5;5.356
2009-05-18;4.764;5;4.764
2009-05-19;4.595;5;4.595
2009-05-20;4.46;5;4.46
2009-05-21;4.257;5;4.257
2009-05-22;4.122;5;4.122
2009-05-23;4.055;5;4.055
2009-05-24;4.266;5;4.266
2009-05-25;5.375;5;5.375
2009-05-26;4.19;5;4.19
2009-05-27;4.089;5;4.089
2009-05-28;8.832;5;8.832
2009-05-29;16.94;5;16.94
2009-05-30;6.76;5;6.76
2009-05-31;5.337;5;5.337
2009-06-01;4.775;6;4.775
2009-06-02;4.392;6;4.392
2009-06-03;4.257;6;4.257
2009-06-04;4.021;6;4.021
2009-06-05;4.632;6;4.632
2009-06-06;4.291;6;4.291
2009-06-07;3.886;6;3.886
2009-06-08;3.751;6;3.751
2009-06-09;3.588;6;3.588
2009-06-10;6.119;6;6.119
2009-06-11;4.19;6;4.19
2009-06-12;3.954;6;3.954
2009-06-13;3.684;6;3.684
2009-06-14;3.886;6;3.886
2009-06-15;3.92;6;3.92
2009-06-16;3.463;6;3.463
2009-06-17;3.338;6;3.338
2009-06-18;3.213;6;3.213
2009-06-19;3.088;6;3.088
2009-06-20;3.056;6;3.056
2009-06-21;2.963;6;2.963
2009-06-22;14.69;6;14.69
2009-06-23;6.65;6;6.65
2009-06-24;5.794;6;5.794
2009-06-25;4.595;6;4.595
2009-06-26;4.055;6;4.055
2009-06-27;3.621;6;3.621
2009-06-28;3.4;6;3.4
2009-06-29;3.244;6;3.244
2009-06-30;3.213;6;3.213
2009-07-01;3.119;7;3.119
2009-07-02;3.025;7;3.025
2009-07-03;3.088;7;3.088
2009-07-04;3.275;7;3.275
2009-07-05;3.15;7;3.15
2009-07-06;2.838;7;2.838
2009-07-07;2.775;7;2.775
2009-07-08;2.681;7;2.681
2009-07-09;2.619;7;2.619
2009-07-10;2.556;7;2.556
2009-07-11;2.494;7;2.494
2009-07-12;2.463;7;2.463
2009-07-13;2.4;7;2.4
2009-07-14;2.36;7;2.36
2009-07-15;2.36;7;2.36
2009-07-16;2.3;7;2.3
2009-07-17;2.28;7;2.28
2009-07-18;2.28;7;2.28
2009-07-19;2.2;7;2.2
2009-07-20;2.34;7;2.34
2009-07-21;2.26;7;2.26
2009-07-22;3.594;7;3.594
2009-07-23;2.496;7;2.496
2009-07-24;2.24;7;2.24
2009-07-25;2.14;7;2.14
2009-07-26;2.12;7;2.12
2009-07-27;2.1;7;2.1
2009-07-28;2.1;7;2.1
2009-07-29;2.06;7;2.06
2009-07-30;2.1;7;2.1
2009-07-31;2.04;7;2.04
2009-08-01;1.96;8;1.96
2009-08-02;1.9;8;1.9
2009-08-03;2.02;8;2.02
2009-08-04;1.96;8;1.96
2009-08-05;1.92;8;1.92
2009-08-06;2.494;8;2.494
2009-08-07;2.06;8;2.06
2009-08-08;2.0;8;2.0
2009-08-09;2.02;8;2.02
2009-08-10;1.88;8;1.88
2009-08-11;1.86;8;1.86
2009-08-12;1.86;8;1.86
2009-08-13;1.84;8;1.84
2009-08-14;1.68;8;1.68
2009-08-15;1.74;8;1.74
2009-08-16;2.114;8;2.114
2009-08-17;2.12;8;2.12
2009-08-18;2.06;8;2.06
2009-08-19;1.84;8;1.84
2009-08-20;1.82;8;1.82
2009-08-21;2.1;8;2.1
2009-08-22;1.78;8;1.78
2009-08-23;1.96;8;1.96
2009-08-24;1.78;8;1.78
2009-08-25;1.8;8;1.8
2009-08-26;1.6;8;1.6
2009-08-27;1.6;8;1.6
2009-08-28;1.64;8;1.64
2009-08-29;1.6;8;1.6
2009-08-30;1.569;8;1.569
2009-08-31;1.537;8;1.537
2009-09-01;1.458;9;1.458
2009-09-02;1.458;9;1.458
2009-09-03;1.49;9;1.49
2009-09-04;1.78;9;1.78
2009-09-05;1.553;9;1.553
2009-09-06;1.442;9;1.442
2009-09-07;1.427;9;1.427
2009-09-08;1.442;9;1.442
2009-09-09;1.474;9;1.474
2009-09-10;1.474;9;1.474
2009-09-11;1.423;9;1.423
2009-09-12;1.343;9;1.343
2009-09-13;1.325;9;1.325
2009-09-14;1.334;9;1.334
2009-09-15;3.604;9;3.604
2009-09-16;3.003;9;3.003
2009-09-17;2.07;9;2.07
2009-09-18;2.314;9;2.314
2009-09-19;1.647;9;1.647
2009-09-20;1.556;9;1.556
2009-09-21;1.531;9;1.531
2009-09-22;1.625;9;1.625
2009-09-23;1.568;9;1.568
2009-09-24;1.521;9;1.521
2009-09-25;1.49;9;1.49
2009-09-26;1.474;9;1.474
2009-09-27;1.442;9;1.442
2009-09-28;1.411;9;1.411
2009-09-29;1.395;9;1.395
2009-09-30;1.348;9;1.348
2009-10-01;1.295;10;1.295
2009-10-02;1.324;10;1.324
2009-10-03;1.291;10;1.291
2009-10-04;1.316;10;1.316
2009-10-05;1.33;10;1.33
2009-10-06;1.228;10;1.228
2009-10-07;1.246;10;1.246
2009-10-08;1.221;10;1.221
2009-10-09;1.159;10;1.159
2009-10-10;1.206;10;1.206
2009-10-11;1.218;10;1.218
2009-10-12;2.032;10;2.032
2009-10-13;2.087;10;2.087
2009-10-14;1.767;10;1.767
2009-10-15;2.266;10;2.266
2009-10-16;1.803;10;1.803
2009-10-17;1.645;10;1.645
2009-10-18;1.553;10;1.553
2009-10-19;1.719;10;1.719
2009-10-20;2.019;10;2.019
2009-10-21;1.865;10;1.865
2009-10-22;1.568;10;1.568
2009-10-23;1.474;10;1.474
2009-10-24;1.427;10;1.427
2009-10-25;1.411;10;1.411
2009-10-26;1.411;10;1.411
2009-10-27;1.508;10;1.508
2009-10-28;1.411;10;1.411
2009-10-29;1.348;10;1.348
2009-10-30;1.366;10;1.366
2009-10-31;1.409;10;1.409
2009-11-01;2.313;11;2.313
2009-11-02;1.942;11;1.942
2009-11-03;1.537;11;1.537
2009-11-04;1.442;11;1.442
2009-11-05;1.533;11;1.533
2009-11-06;1.442;11;1.442
2009-11-07;1.439;11;1.439
2009-11-08;1.385;11;1.385
2009-11-09;1.379;11;1.379
2009-11-10;1.308;11;1.308
2009-11-11;1.582;11;1.582
2009-11-12;2.139;11;2.139
2009-11-13;2.342;11;2.342
2009-11-14;2.165;11;2.165
2009-11-15;1.658;11;1.658
2009-11-16;1.602;11;1.602
2009-11-17;3.108;11;3.108
2009-11-18;2.18;11;2.18
2009-11-19;1.912;11;1.912
2009-11-20;1.7;11;1.7
2009-11-21;1.568;11;1.568
2009-11-22;1.505;11;1.505
2009-11-23;1.458;11;1.458
2009-11-24;1.775;11;1.775
2009-11-25;2.264;11;2.264
2009-11-26;1.506;11;1.506
2009-11-27;1.442;11;1.442
2009-11-28;5.142;11;5.142
2009-11-29;4.561;11;4.561
2009-11-30;5.236;11;5.236
2009-12-01;2.963;12;2.963
2009-12-02;2.18;12;2.18
2009-12-03;2.06;12;2.06
2009-12-04;1.92;12;1.92
2009-12-05;2.12;12;2.12
2009-12-06;1.72;12;1.72
2009-12-07;2.22;12;2.22
2009-12-08;2.1;12;2.1
2009-12-09;2.02;12;2.02
2009-12-10;1.88;12;1.88
2009-12-11;1.98;12;1.98
2009-12-12;1.82;12;1.82
2009-12-13;1.94;12;1.94
2009-12-14;1.64;12;1.64
2009-12-15;1.584;12;1.584
2009-12-16;1.537;12;1.537
2009-12-17;1.506;12;1.506
2009-12-18;5.963;12;5.963
2009-12-19;2.595;12;2.595
2009-12-20;2.16;12;2.16
2009-12-21;1.94;12;1.94
2009-12-22;1.98;12;1.98
2009-12-23;1.84;12;1.84
2009-12-24;1.72;12;1.72
2009-12-25;1.68;12;1.68
2009-12-26;2.865;12;2.865
2009-12-27;8.658;12;8.658
2009-12-28;3.696;12;3.696
2009-12-29;3.056;12;3.056
2009-12-30;2.588;12;2.588
2009-12-31;2.36;12;2.36
2010-01-01;2.22;1;2.22
2010-01-02;2.14;1;2.14
2010-01-03;2.04;1;2.04
2010-01-04;2.0;1;2.0
2010-01-05;1.9;1;1.9
2010-01-06;1.88;1;1.88
2010-01-07;1.86;1;1.86
2010-01-08;1.84;1;1.84
2010-01-09;1.8;1;1.8
2010-01-10;1.8;1;1.8
2010-01-11;3.717;1;3.717
2010-01-12;1.96;1;1.96
2010-01-13;1.82;1;1.82
2010-01-14;1.72;1;1.72
2010-01-15;1.64;1;1.64
2010-01-16;1.64;1;1.64
2010-01-17;1.6;1;1.6
2010-01-18;1.569;1;1.569
2010-01-19;1.553;1;1.553
2010-01-20;1.521;1;1.521
2010-01-21;1.506;1;1.506
2010-01-22;1.474;1;1.474
2010-01-23;1.458;1;1.458
2010-01-24;1.442;1;1.442
2010-01-25;1.82;1;1.82
2010-01-26;1.704;1;1.704
2010-01-27;1.553;1;1.553
2010-01-28;1.49;1;1.49
2010-01-29;1.569;1;1.569
2010-01-30;1.458;1;1.458
2010-01-31;1.411;1;1.411
2010-02-01;1.38;2;1.38
2010-02-02;1.348;2;1.348
2010-02-03;1.317;2;1.317
2010-02-04;1.301;2;1.301
2010-02-05;1.285;2;1.285
2010-02-06;3.121;2;3.121
2010-02-07;2.906;2;2.906
2010-02-08;1.553;2;1.553
2010-02-09;1.877;2;1.877
2010-02-10;1.82;2;1.82
2010-02-11;1.569;2;1.569
2010-02-12;1.458;2;1.458
2010-02-13;2.43;2;2.43
2010-02-14;1.553;2;1.553
2010-02-15;1.49;2;1.49
2010-02-16;2.267;2;2.267
2010-02-17;1.569;2;1.569
2010-02-18;1.458;2;1.458
2010-02-19;1.395;2;1.395
2010-02-20;1.38;2;1.38
2010-02-21;1.364;2;1.364
2010-02-22;1.332;2;1.332
2010-02-23;2.499;2;2.499
2010-02-24;2.12;2;2.12
2010-02-25;1.553;2;1.553
2010-02-26;1.733;2;1.733
2010-02-27;1.553;2;1.553
2010-02-28;1.427;2;1.427
2010-03-01;1.38;3;1.38
2010-03-02;1.395;3;1.395
2010-03-03;1.395;3;1.395
2010-03-04;1.38;3;1.38
2010-03-05;1.332;3;1.332
2010-03-06;1.301;3;1.301
2010-03-07;1.285;3;1.285
2010-03-08;1.269;3;1.269
2010-03-09;1.253;3;1.253
2010-03-10;1.285;3;1.285
2010-03-11;1.8;3;1.8
2010-03-12;1.395;3;1.395
2010-03-13;1.269;3;1.269
2010-03-14;1.238;3;1.238
2010-03-15;1.191;3;1.191
2010-03-16;1.175;3;1.175
2010-03-17;1.697;3;1.697
2010-03-18;1.7;3;1.7
2010-03-19;1.411;3;1.411
2010-03-20;1.269;3;1.269
2010-03-21;1.206;3;1.206
2010-03-22;1.175;3;1.175
2010-03-23;1.159;3;1.159
2010-03-24;1.143;3;1.143
2010-03-25;1.175;3;1.175
2010-03-26;1.595;3;1.595
2010-03-27;1.364;3;1.364
2010-03-28;1.191;3;1.191
2010-03-29;1.159;3;1.159
2010-03-30;1.128;3;1.128
2010-03-31;2.479;3;2.479
2010-04-01;2.08;4;2.08
2010-04-02;1.474;4;1.474
2010-04-03;1.657;4;1.657
2010-04-04;1.537;4;1.537
2010-04-05;2.365;4;2.365
2010-04-06;3.928;4;3.928
2010-04-07;2.798;4;2.798
2010-04-08;6.43;4;6.43
2010-04-09;3.431;4;3.431
2010-04-10;3.338;4;3.338
2010-04-11;8.944;4;8.944
2010-04-12;7.675;4;7.675
2010-04-13;4.73;4;4.73
2010-04-14;4.224;4;4.224
2010-04-15;5.525;4;5.525
2010-04-16;4.055;4;4.055
2010-04-17;3.431;4;3.431
2010-04-18;3.181;4;3.181
2010-04-19;2.869;4;2.869
2010-04-20;2.713;4;2.713
2010-04-21;2.556;4;2.556
2010-04-22;2.38;4;2.38
2010-04-23;2.28;4;2.28
2010-04-24;2.2;4;2.2
2010-04-25;3.841;4;3.841
2010-04-26;24.13;4;24.13
2010-04-27;18.04;4;18.04
2010-04-28;13.65;4;13.65
2010-04-29;13.0;4;13.0
2010-04-30;10.72;4;10.72
2010-05-01;9.01;5;9.01
2010-05-02;9.568;5;9.568
2010-05-03;12.98;5;12.98
2010-05-04;11.92;5;11.92
2010-05-05;9.37;5;9.37
2010-05-06;24.07;5;24.07
2010-05-07;16.84;5;16.84
2010-05-08;11.77;5;11.77
2010-05-09;9.505;5;9.505
2010-05-10;8.208;5;8.208
2010-05-11;7.435;5;7.435
2010-05-12;6.67;5;6.67
2010-05-13;5.975;5;5.975
2010-05-14;6.79;5;6.79
2010-05-15;5.488;5;5.488
2010-05-16;4.97;5;4.97
2010-05-17;4.561;5;4.561
2010-05-18;4.291;5;4.291
2010-05-19;4.021;5;4.021
2010-05-20;3.852;5;3.852
2010-05-21;4.325;5;4.325
2010-05-22;3.853;5;3.853
2010-05-23;3.65;5;3.65
2010-05-24;3.4;5;3.4
2010-05-25;3.923;5;3.923
2010-05-26;7.52;5;7.52
2010-05-27;4.595;5;4.595
2010-05-28;3.785;5;3.785
2010-05-29;3.4;5;3.4
2010-05-30;3.119;5;3.119
2010-05-31;2.963;5;2.963
2010-06-01;4.719;6;4.719
2010-06-02;8.41;6;8.41
2010-06-03;6.31;6;6.31
2010-06-04;4.629;6;4.629
2010-06-05;3.987;6;3.987
2010-06-06;3.621;6;3.621
2010-06-07;3.338;6;3.338
2010-06-08;3.15;6;3.15
2010-06-09;3.025;6;3.025
2010-06-10;3.119;6;3.119
2010-06-11;2.838;6;2.838
2010-06-12;2.65;6;2.65
2010-06-13;2.556;6;2.556
2010-06-14;2.869;6;2.869
2010-06-15;2.494;6;2.494
2010-06-16;2.525;6;2.525
2010-06-17;2.525;6;2.525
2010-06-18;2.38;6;2.38
2010-06-19;13.98;6;13.98
2010-06-20;13.03;6;13.03
2010-06-21;10.79;6;10.79
2010-06-22;7.095;6;7.095
2010-06-23;5.825;6;5.825
2010-06-24;5.045;6;5.045
2010-06-25;4.561;6;4.561
2010-06-26;4.325;6;4.325
2010-06-27;4.985;6;4.985
2010-06-28;4.089;6;4.089
2010-06-29;3.785;6;3.785
2010-06-30;4.156;6;4.156
2010-07-01;4.195;7;4.195
2010-07-02;3.621;7;3.621
2010-07-03;3.338;7;3.338
2010-07-04;5.1;7;5.1
2010-07-05;4.528;7;4.528
2010-07-06;9.235;7;9.235
2010-07-07;8.36;7;8.36
2010-07-08;5.863;7;5.863
2010-07-09;6.275;7;6.275
2010-07-10;5.675;7;5.675
2010-07-11;4.865;7;4.865
2010-07-12;9.608;7;9.608
2010-07-13;7.392;7;7.392
2010-07-14;6.798;7;6.798
2010-07-15;7.435;7;7.435
2010-07-16;8.032;7;8.032
2010-07-17;7.137;7;7.137
2010-07-18;6.633;7;6.633
2010-07-19;6.125;7;6.125
2010-07-20;5.788;7;5.788
2010-07-21;5.45;7;5.45
2010-07-22;5.113;7;5.113
2010-07-23;4.899;7;4.899
2010-07-24;4.629;7;4.629
2010-07-25;4.46;7;4.46
2010-07-26;4.291;7;4.291
2010-07-27;4.089;7;4.089
2010-07-28;4.258;7;4.258
2010-07-29;3.954;7;3.954
2010-07-30;4.089;7;4.089
2010-07-31;4.055;7;4.055
2010-08-01;5.49;8;5.49
2010-08-02;4.696;8;4.696
2010-08-03;4.224;8;4.224
2010-08-04;6.707;8;6.707
2010-08-05;4.561;8;4.561
2010-08-06;4.156;8;4.156
2010-08-07;3.853;8;3.853
2010-08-08;3.653;8;3.653
2010-08-09;3.494;8;3.494
2010-08-10;3.244;8;3.244
2010-08-11;3.119;8;3.119
2010-08-12;2.994;8;2.994
2010-08-13;2.931;8;2.931
2010-08-14;2.869;8;2.869
2010-08-15;2.806;8;2.806
2010-08-16;2.744;8;2.744
2010-08-17;2.619;8;2.619
2010-08-18;2.494;8;2.494
2010-08-19;2.494;8;2.494
2010-08-20;2.431;8;2.431
2010-08-21;2.411;8;2.411
2010-08-22;2.3;8;2.3
2010-08-23;2.28;8;2.28
2010-08-24;2.32;8;2.32
2010-08-25;2.2;8;2.2
2010-08-26;2.18;8;2.18
2010-08-27;2.24;8;2.24
2010-08-28;2.16;8;2.16
2010-08-29;2.08;8;2.08
2010-08-30;2.1;8;2.1
2010-08-31;2.16;8;2.16
2010-09-01;2.86;9;2.86
2010-09-02;3.088;9;3.088
2010-09-03;2.26;9;2.26
2010-09-04;2.1;9;2.1
2010-09-05;2.08;9;2.08
2010-09-06;2.912;9;2.912
2010-09-07;3.283;9;3.283
2010-09-08;2.3;9;2.3
2010-09-09;2.12;9;2.12
2010-09-10;2.02;9;2.02
2010-09-11;2.323;9;2.323
2010-09-12;2.1;9;2.1
2010-09-13;1.94;9;1.94
2010-09-14;1.86;9;1.86
2010-09-15;1.84;9;1.84
2010-09-16;1.8;9;1.8
2010-09-17;1.76;9;1.76
2010-09-18;2.243;9;2.243
2010-09-19;1.74;9;1.74
2010-09-20;1.82;9;1.82
2010-09-21;1.76;9;1.76
2010-09-22;2.433;9;2.433
2010-09-23;2.18;9;2.18
2010-09-24;2.1;9;2.1
2010-09-25;1.82;9;1.82
2010-09-26;1.78;9;1.78
2010-09-27;1.72;9;1.72
2010-09-28;3.706;9;3.706
2010-09-29;2.12;9;2.12
2010-09-30;1.94;9;1.94
2010-10-01;2.02;10;2.02
2010-10-02;1.86;10;1.86
2010-10-03;2.16;10;2.16
2010-10-04;5.109;10;5.109
2010-10-05;2.63;10;2.63
2010-10-06;2.963;10;2.963
2010-10-07;2.28;10;2.28
2010-10-08;2.18;10;2.18
2010-10-09;2.04;10;2.04
2010-10-10;1.96;10;1.96
2010-10-11;1.9;10;1.9
2010-10-12;1.82;10;1.82
2010-10-13;1.76;10;1.76
2010-10-14;1.7;10;1.7
2010-10-15;1.76;10;1.76
2010-10-16;1.76;10;1.76
2010-10-17;1.74;10;1.74
2010-10-18;4.007;10;4.007
2010-10-19;2.311;10;2.311
2010-10-20;2.16;10;2.16
2010-10-21;1.96;10;1.96
2010-10-22;3.961;10;3.961
2010-10-23;4.704;10;4.704
2010-10-24;6.278;10;6.278
2010-10-25;10.26;10;10.26
2010-10-26;5.99;10;5.99
2010-10-27;5.248;10;5.248
2010-10-28;7.11;10;7.11
2010-10-29;5.262;10;5.262
2010-10-30;4.696;10;4.696
2010-10-31;4.775;10;4.775
2010-11-01;14.28;11;14.28
2010-11-02;9.952;11;9.952
2010-11-03;16.28;11;16.28
2010-11-04;11.3;11;11.3
2010-11-05;8.17;11;8.17
2010-11-06;6.797;11;6.797
2010-11-07;9.19;11;9.19
2010-11-08;11.88;11;11.88
2010-11-09;9.655;11;9.655
2010-11-10;11.27;11;11.27
2010-11-11;8.653;11;8.653
2010-11-12;8.073;11;8.073
2010-11-13;10.3;11;10.3
2010-11-14;17.82;11;17.82
2010-11-15;17.51;11;17.51
2010-11-16;15.64;11;15.64
2010-11-17;21.42;11;21.42
2010-11-18;16.84;11;16.84
2010-11-19;17.65;11;17.65
2010-11-20;17.91;11;17.91
2010-11-21;14.94;11;14.94
2010-11-22;12.37;11;12.37
2010-11-23;10.84;11;10.84
2010-11-24;15.41;11;15.41
2010-11-25;11.7;11;11.7
2010-11-26;10.09;11;10.09
2010-11-27;9.248;11;9.248
2010-11-28;18.1;11;18.1
2010-11-29;11.98;11;11.98
2010-11-30;10.15;11;10.15
2010-12-01;15.9;12;15.9
2010-12-02;14.79;12;14.79
2010-12-03;18.21;12;18.21
2010-12-04;14.62;12;14.62
2010-12-05;12.35;12;12.35
2010-12-06;11.13;12;11.13
2010-12-07;19.57;12;19.57
2010-12-08;13.86;12;13.86
2010-12-09;11.5;12;11.5
2010-12-10;10.22;12;10.22
2010-12-11;9.674;12;9.674
2010-12-12;9.22;12;9.22
2010-12-13;11.95;12;11.95
2010-12-14;9.324;12;9.324
2010-12-15;10.24;12;10.24
2010-12-16;9.978;12;9.978
2010-12-17;8.482;12;8.482
2010-12-18;9.452;12;9.452
2010-12-19;10.67;12;10.67
2010-12-20;11.87;12;11.87
2010-12-21;10.35;12;10.35
2010-12-22;9.488;12;9.488
2010-12-23;10.69;12;10.69
2010-12-24;11.12;12;11.12
2010-12-25;9.085;12;9.085
2010-12-26;8.43;12;8.43
2010-12-27;20.52;12;20.52
2010-12-28;14.97;12;14.97
2010-12-29;10.73;12;10.73
2010-12-30;11.63;12;11.63
2010-12-31;9.051;12;9.051
2011-01-01;6.957;1;6.957
2011-01-02;8.514;1;8.514
2011-01-03;9.946;1;9.946
2011-01-04;9.287;1;9.287
2011-01-05;16.28;1;16.28
2011-01-06;21.52;1;21.52
2011-01-07;16.62;1;16.62
2011-01-08;12.58;1;12.58
2011-01-09;10.75;1;10.75
2011-01-10;9.813;1;9.813
2011-01-11;8.901;1;8.901
2011-01-12;8.118;1;8.118
2011-01-13;7.502;1;7.502
2011-01-14;6.964;1;6.964
2011-01-15;6.407;1;6.407
2011-01-16;6.05;1;6.05
2011-01-17;6.021;1;6.021
2011-01-18;5.906;1;5.906
2011-01-19;5.827;1;5.827
2011-01-20;5.432;1;5.432
2011-01-21;4.809;1;4.809
2011-01-22;4.564;1;4.564
2011-01-23;4.397;1;4.397
2011-01-24;4.291;1;4.291
2011-01-25;4.044;1;4.044
2011-01-26;6.304;1;6.304
2011-01-27;8.731;1;8.731
2011-01-28;12.25;1;12.25
2011-01-29;9.046;1;9.046
2011-01-30;10.88;1;10.88
2011-01-31;7.297;1;7.297
2011-02-01;6.488;2;6.488
2011-02-02;6.125;2;6.125
2011-02-03;5.577;2;5.577
2011-02-04;6.001;2;6.001
2011-02-05;5.281;2;5.281
2011-02-06;8.808;2;8.808
2011-02-07;7.254;2;7.254
2011-02-08;7.911;2;7.911
2011-02-09;7.519;2;7.519
2011-02-10;9.801;2;9.801
2011-02-11;9.35;2;9.35
2011-02-12;10.28;2;10.28
2011-02-13;12.65;2;12.65
2011-02-14;10.69;2;10.69
2011-02-15;10.14;2;10.14
2011-02-16;14.21;2;14.21
2011-02-17;11.72;2;11.72
2011-02-18;10.06;2;10.06
2011-02-19;10.56;2;10.56
2011-02-20;9.454;2;9.454
2011-02-21;8.629;2;8.629
2011-02-22;7.835;2;7.835
2011-02-23;7.721;2;7.721
2011-02-24;12.94;2;12.94
2011-02-25;9.295;2;9.295
2011-02-26;7.647;2;7.647
2011-02-27;6.96;2;6.96
2011-02-28;6.665;2;6.665
2011-03-01;6.398;3;6.398
2011-03-02;6.967;3;6.967
2011-03-03;6.05;3;6.05
2011-03-04;5.563;3;5.563
2011-03-05;5.525;3;5.525
2011-03-06;5.075;3;5.075
2011-03-07;4.831;3;4.831
2011-03-08;4.595;3;4.595
2011-03-09;9.063;3;9.063
2011-03-10;6.488;3;6.488
2011-03-11;5.563;3;5.563
2011-03-12;5.079;3;5.079
2011-03-13;4.764;3;4.764
2011-03-14;4.528;3;4.528
2011-03-15;4.359;3;4.359
2011-03-16;4.224;3;4.224
2011-03-17;4.561;3;4.561
2011-03-18;4.089;3;4.089
2011-03-19;4.7;3;4.7
2011-03-20;6.262;3;6.262
2011-03-21;7.095;3;7.095
2011-03-22;4.595;3;4.595
2011-03-23;7.245;3;7.245
2011-03-24;4.764;3;4.764
2011-03-25;6.983;3;6.983
2011-03-26;4.629;3;4.629
2011-03-27;8.335;3;8.335
2011-03-28;5.788;3;5.788
2011-03-29;7.045;3;7.045
2011-03-30;5.15;3;5.15
2011-03-31;5.082;3;5.082
2011-04-01;14.9;4;14.9
2011-04-02;9.37;4;9.37
2011-04-03;7.307;4;7.307
2011-04-04;25.6;4;25.6
2011-04-05;18.1;4;18.1
2011-04-06;11.09;4;11.09
2011-04-07;9.28;4;9.28
2011-04-08;8.252;4;8.252
2011-04-09;9.067;4;9.067
2011-04-10;25.01;4;25.01
2011-04-11;11.89;4;11.89
2011-04-12;12.16;4;12.16
2011-04-13;22.15;4;22.15
2011-04-14;16.4;4;16.4
2011-04-15;19.17;4;19.17
2011-04-16;17.39;4;17.39
2011-04-17;17.16;4;17.16
2011-04-18;17.55;4;17.55
2011-04-19;14.7;4;14.7
2011-04-20;20.17;4;20.17
2011-04-21;13.25;4;13.25
2011-04-22;11.14;4;11.14
2011-04-23;9.64;4;9.64
2011-04-24;13.56;4;13.56
2011-04-25;9.415;4;9.415
2011-04-26;8.34;4;8.34
2011-04-27;14.35;4;14.35
2011-04-28;20.83;4;20.83
2011-04-29;12.52;4;12.52
2011-04-30;10.19;4;10.19
2011-05-01;9.645;5;9.645
2011-05-02;6.915;5;6.915
2011-05-03;9.35;5;9.35
2011-05-04;8.292;5;8.292
2011-05-05;7.513;5;7.513
2011-05-06;6.976;5;6.976
2011-05-07;6.542;5;6.542
2011-05-08;6.233;5;6.233
2011-05-09;6.243;5;6.243
2011-05-10;5.609;5;5.609
2011-05-11;5.341;5;5.341
2011-05-12;6.031;5;6.031
2011-05-13;9.434;5;9.434
2011-05-14;7.615;5;7.615
2011-05-15;7.447;5;7.447
2011-05-16;5.906;5;5.906
2011-05-17;5.52;5;5.52
2011-05-18;5.141;5;5.141
2011-05-19;5.047;5;5.047
2011-05-20;4.767;5;4.767
2011-05-21;4.823;5;4.823
2011-05-22;7.467;5;7.467
2011-05-23;10.94;5;10.94
2011-05-24;6.126;5;6.126
2011-05-25;5.648;5;5.648
2011-05-26;4.937;5;4.937
2011-05-27;4.819;5;4.819
2011-05-28;4.563;5;4.563
2011-05-29;4.391;5;4.391
2011-05-30;4.64;5;4.64
2011-05-31;5.181;5;5.181
2011-06-01;5.805;6;5.805
2011-06-02;14.23;6;14.23
2011-06-03;7.926;6;7.926
2011-06-04;12.58;6;12.58
2011-06-05;8.711;6;8.711
2011-06-06;7.435;6;7.435
2011-06-07;6.662;6;6.662
2011-06-08;6.106;6;6.106
2011-06-09;5.783;6;5.783
2011-06-10;5.487;6;5.487
2011-06-11;5.213;6;5.213
2011-06-12;5.0;6;5.0
2011-06-13;4.834;6;4.834
2011-06-14;4.651;6;4.651
2011-06-15;4.494;6;4.494
2011-06-16;4.392;6;4.392
2011-06-17;4.257;6;4.257
2011-06-18;4.245;6;4.245
2011-06-19;4.089;6;4.089
2011-06-20;3.921;6;3.921
2011-06-21;3.733;6;3.733
2011-06-22;3.627;6;3.627
2011-06-23;3.537;6;3.537
2011-06-24;4.018;6;4.018
2011-06-25;4.352;6;4.352
2011-06-26;3.671;6;3.671
2011-06-27;3.377;6;3.377
2011-06-28;3.212;6;3.212
2011-06-29;3.15;6;3.15
2011-06-30;4.641;6;4.641
2011-07-01;4.708;7;4.708
2011-07-02;4.488;7;4.488
2011-07-03;3.396;7;3.396
2011-07-04;2.9;7;2.9
2011-07-05;2.806;7;2.806
2011-07-06;3.213;7;3.213
2011-07-07;2.931;7;2.931
2011-07-08;2.681;7;2.681
2011-07-09;2.556;7;2.556
2011-07-10;2.4;7;2.4
2011-07-11;2.38;7;2.38
2011-07-12;2.568;7;2.568
2011-07-13;8.083;7;8.083
2011-07-14;5.811;7;5.811
2011-07-15;5.725;7;5.725
2011-07-16;5.909;7;5.909
2011-07-17;4.451;7;4.451
2011-07-18;3.719;7;3.719
2011-07-19;3.4;7;3.4
2011-07-20;3.197;7;3.197
2011-07-21;2.869;7;2.869
2011-07-22;2.713;7;2.713
2011-07-23;2.556;7;2.556
2011-07-24;2.431;7;2.431
2011-07-25;2.4;7;2.4
2011-07-26;2.38;7;2.38
2011-07-27;2.423;7;2.423
2011-07-28;2.911;7;2.911
2011-07-29;3.77;7;3.77
2011-07-30;4.485;7;4.485
2011-07-31;3.286;7;3.286
2011-08-01;2.619;8;2.619
2011-08-02;2.463;8;2.463
2011-08-03;2.12;8;2.12
2011-08-04;2.1;8;2.1
2011-08-05;2.22;8;2.22
2011-08-06;2.14;8;2.14
2011-08-07;2.08;8;2.08
2011-08-08;2.02;8;2.02
2011-08-09;2.0;8;2.0
2011-08-10;1.98;8;1.98
2011-08-11;1.92;8;1.92
2011-08-12;1.88;8;1.88
2011-08-13;1.84;8;1.84
2011-08-14;1.82;8;1.82
2011-08-15;1.8;8;1.8
2011-08-16;1.8;8;1.8
2011-08-17;1.78;8;1.78
2011-08-18;1.78;8;1.78
2011-08-19;1.82;8;1.82
2011-08-20;1.9;8;1.9
2011-08-21;3.498;8;3.498
2011-08-22;2.02;8;2.02
2011-08-23;3.09;8;3.09
2011-08-24;4.169;8;4.169
2011-08-25;2.403;8;2.403
2011-08-26;2.1;8;2.1
2011-08-27;1.98;8;1.98
2011-08-28;1.9;8;1.9
2011-08-29;1.84;8;1.84
2011-08-30;1.88;8;1.88
2011-08-31;1.78;8;1.78
2011-09-01;1.72;9;1.72
2011-09-02;1.68;9;1.68
2011-09-03;1.7;9;1.7
2011-09-04;1.74;9;1.74
2011-09-05;1.7;9;1.7
2011-09-06;1.64;9;1.64
2011-09-07;1.62;9;1.62
2011-09-08;3.025;9;3.025
2011-09-09;4.669;9;4.669
2011-09-10;2.26;9;2.26
2011-09-11;5.035;9;5.035
2011-09-12;2.536;9;2.536
2011-09-13;2.08;9;2.08
2011-09-14;1.98;9;1.98
2011-09-15;1.94;9;1.94
2011-09-16;1.92;9;1.92
2011-09-17;1.84;9;1.84
2011-09-18;2.32;9;2.32
2011-09-19;2.0;9;2.0
2011-09-20;1.92;9;1.92
2011-09-21;1.88;9;1.88
2011-09-22;1.78;9;1.78
2011-09-23;1.82;9;1.82
2011-09-24;1.64;9;1.64
2011-09-25;1.88;9;1.88
2011-09-26;1.92;9;1.92
2011-09-27;1.72;9;1.72
2011-09-28;1.66;9;1.66
2011-09-29;1.64;9;1.64
2011-09-30;1.6;9;1.6
2011-10-01;1.96;10;1.96
2011-10-02;2.549;10;2.549
2011-10-03;6.701;10;6.701
2011-10-04;8.425;10;8.425
2011-10-05;4.745;10;4.745
2011-10-06;3.4;10;3.4
2011-10-07;5.173;10;5.173
2011-10-08;3.306;10;3.306
2011-10-09;2.9;10;2.9
2011-10-10;8.375;10;8.375
2011-10-11;11.23;10;11.23
2011-10-12;19.26;10;19.26
2011-10-13;10.78;10;10.78
2011-10-14;7.605;10;7.605
2011-10-15;6.595;10;6.595
2011-10-16;6.967;10;6.967
2011-10-17;7.648;10;7.648
2011-10-18;6.125;10;6.125
2011-10-19;5.525;10;5.525
2011-10-20;5.075;10;5.075
2011-10-21;4.73;10;4.73
2011-10-22;4.494;10;4.494
2011-10-23;4.19;10;4.19
2011-10-24;3.954;10;3.954
2011-10-25;4.325;10;4.325
2011-10-26;3.954;10;3.954
2011-10-27;3.819;10;3.819
2011-10-28;3.851;10;3.851
2011-10-29;3.871;10;3.871
2011-10-30;6.568;10;6.568
2011-10-31;6.222;10;6.222
2011-11-01;4.139;11;4.139
2011-11-02;3.737;11;3.737
2011-11-03;3.722;11;3.722
2011-11-04;4.748;11;4.748
2011-11-05;3.898;11;3.898
2011-11-06;3.587;11;3.587
2011-11-07;3.812;11;3.812
2011-11-08;4.977;11;4.977
2011-11-09;4.996;11;4.996
2011-11-10;4.65;11;4.65
2011-11-11;8.883;11;8.883
2011-11-12;10.1;11;10.1
2011-11-13;7.61;11;7.61
2011-11-14;6.444;11;6.444
2011-11-15;5.859;11;5.859
2011-11-16;7.579;11;7.579
2011-11-17;10.11;11;10.11
2011-11-18;7.245;11;7.245
2011-11-19;6.346;11;6.346
2011-11-20;5.906;11;5.906
2011-11-21;5.675;11;5.675
2011-11-22;5.895;11;5.895
2011-11-23;5.3;11;5.3
2011-11-24;7.059;11;7.059
2011-11-25;5.423;11;5.423
2011-11-26;5.167;11;5.167
2011-11-27;6.961;11;6.961
2011-11-28;6.32;11;6.32
2011-11-29;17.76;11;17.76
2011-11-30;20.04;11;20.04
2011-12-01;13.25;12;13.25
2011-12-02;18.58;12;18.58
2011-12-03;22.59;12;22.59
2011-12-04;17.34;12;17.34
2011-12-05;12.8;12;12.8
2011-12-06;13.67;12;13.67
2011-12-07;17.89;12;17.89
2011-12-08;17.91;12;17.91
2011-12-09;14.02;12;14.02
2011-12-10;14.01;12;14.01
2011-12-11;17.18;12;17.18
2011-12-12;26.89;12;26.89
2011-12-13;27.66;12;27.66
2011-12-14;26.64;12;26.64
2011-12-15;22.96;12;22.96
2011-12-16;20.85;12;20.85
2011-12-17;18.17;12;18.17
2011-12-18;15.62;12;15.62
2011-12-19;15.04;12;15.04
2011-12-20;13.14;12;13.14
2011-12-21;11.23;12;11.23
2011-12-22;10.17;12;10.17
2011-12-23;9.25;12;9.25
2011-12-24;13.36;12;13.36
2011-12-25;15.47;12;15.47
2011-12-26;9.438;12;9.438
2011-12-27;8.296;12;8.296
2011-12-28;7.775;12;7.775
2011-12-29;8.142;12;8.142
2011-12-30;8.591;12;8.591
2011-12-31;6.936;12;6.936
2012-01-01;6.353;1;6.353
2012-01-02;6.013;1;6.013
2012-01-03;7.912;1;7.912
2012-01-04;18.07;1;18.07
2012-01-05;10.17;1;10.17
2012-01-06;14.9;1;14.9
2012-01-07;18.63;1;18.63
2012-01-08;11.91;1;11.91
2012-01-09;10.13;1;10.13
2012-01-10;9.265;1;9.265
2012-01-11;8.558;1;8.558
2012-01-12;7.86;1;7.86
2012-01-13;7.318;1;7.318
2012-01-14;6.755;1;6.755
2012-01-15;6.392;1;6.392
2012-01-16;6.472;1;6.472
2012-01-17;7.537;1;7.537
2012-01-18;9.663;1;9.663
2012-01-19;17.37;1;17.37
2012-01-20;9.46;1;9.46
2012-01-21;8.432;1;8.432
2012-01-22;17.54;1;17.54
2012-01-23;-999.000;1;1.61
2012-01-24;26.9;1;26.9
2012-01-25;24.63;1;24.63
2012-01-26;19.35;1;19.35
2012-01-27;18.72;1;18.72
2012-01-28;11.66;1;11.66
2012-01-29;4.291;1;4.291
2012-01-30;17.05;1;17.05
2012-01-31;12.61;1;12.61
2012-02-01;10.24;2;10.24
2012-02-02;17.6;2;17.6
2012-02-03;10.77;2;10.77
2012-02-04;8.785;2;8.785
2012-02-05;8.2;2;8.2
2012-02-06;7.902;2;7.902
2012-02-07;7.18;2;7.18
2012-02-08;12.02;2;12.02
2012-02-09;17.91;2;17.91
2012-02-10;9.74;2;9.74
2012-02-11;11.6;2;11.6
2012-02-12;8.92;2;8.92
2012-02-13;8.205;2;8.205
2012-02-14;7.605;2;7.605
2012-02-15;10.01;2;10.01
2012-02-16;7.818;2;7.818
2012-02-17;7.18;2;7.18
2012-02-18;7.307;2;7.307
2012-02-19;7.01;2;7.01
2012-02-20;6.35;2;6.35
2012-02-21;6.012;2;6.012
2012-02-22;5.825;2;5.825
2012-02-23;5.675;2;5.675
2012-02-24;5.525;2;5.525
2012-02-25;5.188;2;5.188
2012-02-26;7.868;2;7.868
2012-02-27;6.635;2;6.635
2012-02-28;7.117;2;7.117
2012-02-29;8.895;2;8.895
2012-03-01;6.238;3;6.238
2012-03-02;5.788;3;5.788
2012-03-03;5.675;3;5.675
2012-03-04;5.3;3;5.3
2012-03-05;6.932;3;6.932
2012-03-06;8.87;3;8.87
2012-03-07;6.705;3;6.705
2012-03-08;5.45;3;5.45
2012-03-09;5.15;3;5.15
2012-03-10;7.5;3;7.5
2012-03-11;5.3;3;5.3
2012-03-12;4.966;3;4.966
2012-03-13;5.3;3;5.3
2012-03-14;4.797;3;4.797
2012-03-15;4.359;3;4.359
2012-03-16;4.257;3;4.257
2012-03-17;13.27;3;13.27
2012-03-18;8.35;3;8.35
2012-03-19;21.03;3;21.03
2012-03-20;11.84;3;11.84
2012-03-21;5.787;3;5.787
2012-03-22;7.18;3;7.18
2012-03-23;5.3;3;5.3
2012-03-24;8.72;3;8.72
2012-03-25;5.938;3;5.938
2012-03-26;5.113;3;5.113
2012-03-27;5.488;3;5.488
2012-03-28;4.595;3;4.595
2012-03-29;4.561;3;4.561
2012-03-30;4.595;3;4.595
2012-03-31;4.359;3;4.359
2012-04-01;4.021;4;4.021
2012-04-02;3.92;4;3.92
2012-04-03;4.985;4;4.985
2012-04-04;4.392;4;4.392
2012-04-05;16.52;4;16.52
2012-04-06;18.93;4;18.93
2012-04-07;10.2;4;10.2
2012-04-08;7.852;4;7.852
2012-04-09;10.02;4;10.02
2012-04-10;8.035;4;8.035
2012-04-11;7.137;4;7.137
2012-04-12;6.967;4;6.967
2012-04-13;6.2;4;6.2
2012-04-14;6.238;4;6.238
2012-04-15;5.75;4;5.75
2012-04-16;5.825;4;5.825
2012-04-17;5.3;4;5.3
2012-04-18;10.54;4;10.54
2012-04-19;7.04;4;7.04
2012-04-20;9.835;4;9.835
2012-04-21;19.63;4;19.63
2012-04-22;11.43;4;11.43
2012-04-23;7.69;4;7.69
2012-04-24;8.038;4;8.038
2012-04-25;6.67;4;6.67
2012-04-26;7.35;4;7.35
2012-04-27;6.313;4;6.313
2012-04-28;7.265;4;7.265
2012-04-29;6.162;4;6.162
2012-04-30;5.75;4;5.75
2012-05-01;11.6;5;11.6
2012-05-02;7.523;5;7.523
2012-05-03;6.36;5;6.36
2012-05-04;5.863;5;5.863
2012-05-05;8.202;5;8.202
2012-05-06;5.975;5;5.975
2012-05-07;6.445;5;6.445
2012-05-08;6.997;5;6.997
2012-05-09;5.6;5;5.6
2012-05-10;5.412;5;5.412
2012-05-11;4.985;5;4.985
2012-05-12;4.966;5;4.966
2012-05-13;4.831;5;4.831
2012-05-14;5.75;5;5.75
2012-05-15;5.041;5;5.041
2012-05-16;4.663;5;4.663
2012-05-17;4.359;5;4.359
2012-05-18;4.325;5;4.325
2012-05-19;4.528;5;4.528
2012-05-20;6.345;5;6.345
2012-05-21;4.494;5;4.494
2012-05-22;4.19;5;4.19
2012-05-23;3.988;5;3.988
2012-05-24;3.785;5;3.785
2012-05-25;3.785;5;3.785
2012-05-26;3.684;5;3.684
2012-05-27;3.619;5;3.619
2012-05-28;3.494;5;3.494
2012-05-29;3.369;5;3.369
2012-05-30;3.244;5;3.244
2012-05-31;3.15;5;3.15
2012-06-01;3.056;6;3.056
2012-06-02;3.025;6;3.025
2012-06-03;3.564;6;3.564
2012-06-04;3.119;6;3.119
2012-06-05;3.056;6;3.056
2012-06-06;2.963;6;2.963
2012-06-07;2.931;6;2.931
2012-06-08;2.713;6;2.713
2012-06-09;3.306;6;3.306
2012-06-10;2.838;6;2.838
2012-06-11;2.681;6;2.681
2012-06-12;2.681;6;2.681
2012-06-13;2.556;6;2.556
2012-06-14;2.525;6;2.525
2012-06-15;2.4;6;2.4
2012-06-16;2.619;6;2.619
2012-06-17;2.4;6;2.4
2012-06-18;2.36;6;2.36
2012-06-19;2.798;6;2.798
2012-06-20;2.525;6;2.525
2012-06-21;2.36;6;2.36
2012-06-22;2.32;6;2.32
2012-06-23;2.2;6;2.2
2012-06-24;2.16;6;2.16
2012-06-25;2.12;6;2.12
2012-06-26;2.3;6;2.3
2012-06-27;2.14;6;2.14
2012-06-28;2.1;6;2.1
2012-06-29;2.04;6;2.04
2012-06-30;3.555;6;3.555
2012-07-01;2.505;7;2.505
2012-07-02;2.3;7;2.3
2012-07-03;2.12;7;2.12
2012-07-04;2.04;7;2.04
2012-07-05;2.0;7;2.0
2012-07-06;2.1;7;2.1
2012-07-07;1.78;7;1.78
2012-07-08;1.86;7;1.86
2012-07-09;1.94;7;1.94
2012-07-10;1.88;7;1.88
2012-07-11;1.84;7;1.84
2012-07-12;1.82;7;1.82
2012-07-13;1.7;7;1.7
2012-07-14;1.76;7;1.76
2012-07-15;1.78;7;1.78
2012-07-16;1.74;7;1.74
2012-07-17;1.7;7;1.7
2012-07-18;1.64;7;1.64
2012-07-19;1.584;7;1.584
2012-07-20;1.537;7;1.537
2012-07-21;1.521;7;1.521
2012-07-22;1.521;7;1.521
2012-07-23;1.553;7;1.553
2012-07-24;1.506;7;1.506
2012-07-25;1.49;7;1.49
2012-07-26;1.442;7;1.442
2012-07-27;1.442;7;1.442
2012-07-28;1.442;7;1.442
2012-07-29;1.442;7;1.442
2012-07-30;1.458;7;1.458
2012-07-31;1.427;7;1.427
2012-08-01;1.442;8;1.442
2012-08-02;1.411;8;1.411
2012-08-03;1.427;8;1.427
2012-08-04;1.38;8;1.38
2012-08-05;1.601;8;1.601
2012-08-06;1.411;8;1.411
2012-08-07;1.411;8;1.411
2012-08-08;1.348;8;1.348
2012-08-09;1.301;8;1.301
2012-08-10;1.269;8;1.269
2012-08-11;1.269;8;1.269
2012-08-12;1.222;8;1.222
2012-08-13;1.253;8;1.253
2012-08-14;1.317;8;1.317
2012-08-15;1.285;8;1.285
2012-08-16;1.222;8;1.222
2012-08-17;1.253;8;1.253
2012-08-18;1.269;8;1.269
2012-08-19;1.238;8;1.238
2012-08-20;1.159;8;1.159
2012-08-21;1.143;8;1.143
2012-08-22;1.112;8;1.112
2012-08-23;1.112;8;1.112
2012-08-24;1.112;8;1.112
2012-08-25;1.064;8;1.064
2012-08-26;1.08;8;1.08
2012-08-27;1.128;8;1.128
2012-08-28;1.096;8;1.096
2012-08-29;1.096;8;1.096
2012-08-30;1.08;8;1.08
2012-08-31;1.064;8;1.064
2012-09-01;1.049;9;1.049
2012-09-02;1.017;9;1.017
2012-09-03;1.002;9;1.002
2012-09-04;1.017;9;1.017
2012-09-05;1.049;9;1.049
2012-09-06;1.033;9;1.033
2012-09-07;0.97;9;0.97
2012-09-08;0.96;9;0.96
2012-09-09;0.939;9;0.939
2012-09-10;0.918;9;0.918
2012-09-11;0.928;9;0.928
2012-09-12;0.928;9;0.928
2012-09-13;0.918;9;0.918
2012-09-14;0.907;9;0.907
2012-09-15;0.907;9;0.907
2012-09-16;0.886;9;0.886
2012-09-17;0.896;9;0.896
2012-09-18;0.896;9;0.896
2012-09-19;0.965;9;0.965
2012-09-20;0.918;9;0.918
2012-09-21;0.896;9;0.896
2012-09-22;0.844;9;0.844
2012-09-23;0.907;9;0.907
2012-09-24;0.996;9;0.996
2012-09-25;1.049;9;1.049
2012-09-26;0.896;9;0.896
2012-09-27;0.928;9;0.928
2012-09-28;0.844;9;0.844
2012-09-29;0.876;9;0.876
2012-09-30;0.75;9;0.75
2012-10-01;0.813;10;0.813
2012-10-02;0.739;10;0.739
2012-10-03;1.952;10;1.952
2012-10-04;0.896;10;0.896
2012-10-05;1.059;10;1.059
2012-10-06;1.8;10;1.8
2012-10-07;1.609;10;1.609
2012-10-08;1.143;10;1.143
2012-10-09;1.128;10;1.128
2012-10-10;0.991;10;0.991
2012-10-11;0.939;10;0.939
2012-10-12;0.928;10;0.928
2012-10-13;1.101;10;1.101
2012-10-14;1.175;10;1.175
2012-10-15;1.191;10;1.191
2012-10-16;1.588;10;1.588
2012-10-17;1.648;10;1.648
2012-10-18;5.452;10;5.452
2012-10-19;2.02;10;2.02
2012-10-20;1.506;10;1.506
2012-10-21;1.317;10;1.317
2012-10-22;1.238;10;1.238
2012-10-23;1.206;10;1.206
2012-10-24;1.364;10;1.364
2012-10-25;2.06;10;2.06
2012-10-26;1.458;10;1.458
2012-10-27;1.253;10;1.253
2012-10-28;1.175;10;1.175
2012-10-29;1.128;10;1.128
2012-10-30;1.159;10;1.159
2012-10-31;1.874;10;1.874
2012-11-01;1.689;11;1.689
2012-11-02;1.348;11;1.348
2012-11-03;1.269;11;1.269
2012-11-04;1.431;11;1.431
2012-11-05;1.395;11;1.395
2012-11-06;1.586;11;1.586
2012-11-07;1.514;11;1.514
2012-11-08;1.49;11;1.49
2012-11-09;1.301;11;1.301
2012-11-10;1.269;11;1.269
2012-11-11;1.301;11;1.301
2012-11-12;1.285;11;1.285
2012-11-13;2.838;11;2.838
2012-11-14;6.055;11;6.055
2012-11-15;5.173;11;5.173
2012-11-16;3.463;11;3.463
2012-11-17;2.474;11;2.474
2012-11-18;2.16;11;2.16
2012-11-19;2.0;11;2.0
2012-11-20;1.82;11;1.82
2012-11-21;1.78;11;1.78
2012-11-22;2.431;11;2.431
2012-11-23;2.2;11;2.2
2012-11-24;1.86;11;1.86
2012-11-25;1.74;11;1.74
2012-11-26;2.14;11;2.14
2012-11-27;2.02;11;2.02
2012-11-28;4.325;11;4.325
2012-11-29;3.213;11;3.213
2012-11-30;2.806;11;2.806
2012-12-01;3.353;12;3.353
2012-12-02;3.181;12;3.181
2012-12-03;2.775;12;2.775
2012-12-04;2.775;12;2.775
2012-12-05;3.119;12;3.119
2012-12-06;2.525;12;2.525
2012-12-07;2.36;12;2.36
2012-12-08;2.2;12;2.2
2012-12-09;2.1;12;2.1
2012-12-10;2.02;12;2.02
2012-12-11;2.06;12;2.06
2012-12-12;2.744;12;2.744
2012-12-13;3.956;12;3.956
2012-12-14;4.561;12;4.561
2012-12-15;3.619;12;3.619
2012-12-16;2.994;12;2.994
2012-12-17;2.681;12;2.681
2012-12-18;3.841;12;3.841
2012-12-19;2.681;12;2.681
2012-12-20;2.431;12;2.431
2012-12-21;2.2;12;2.2
2012-12-22;2.26;12;2.26
2012-12-23;2.2;12;2.2
2012-12-24;2.16;12;2.16
2012-12-25;2.16;12;2.16
2012-12-26;2.14;12;2.14
2012-12-27;2.08;12;2.08
2012-12-28;2.0;12;2.0
2012-12-29;1.94;12;1.94
2012-12-30;1.86;12;1.86
2012-12-31;1.82;12;1.82
2013-01-01;1.8;1;1.8
2013-01-02;1.76;1;1.76
2013-01-03;1.72;1;1.72
2013-01-04;1.7;1;1.7
2013-01-05;1.64;1;1.64
2013-01-06;1.6;1;1.6
2013-01-07;1.584;1;1.584
2013-01-08;1.569;1;1.569
2013-01-09;1.569;1;1.569
2013-01-10;1.521;1;1.521
2013-01-11;1.506;1;1.506
2013-01-12;1.49;1;1.49
2013-01-13;1.474;1;1.474
2013-01-14;2.109;1;2.109
2013-01-15;2.234;1;2.234
2013-01-16;2.18;1;2.18
2013-01-17;1.7;1;1.7
2013-01-18;1.84;1;1.84
2013-01-19;2.02;1;2.02
2013-01-20;1.62;1;1.62
2013-01-21;1.553;1;1.553
2013-01-22;1.521;1;1.521
2013-01-23;1.427;1;1.427
2013-01-24;1.72;1;1.72
2013-01-25;1.553;1;1.553
2013-01-26;1.49;1;1.49
2013-01-27;1.411;1;1.411
2013-01-28;1.395;1;1.395
2013-01-29;1.364;1;1.364
2013-01-30;1.395;1;1.395
2013-01-31;1.348;1;1.348
2013-02-01;1.332;2;1.332
2013-02-02;1.569;2;1.569
2013-02-03;2.966;2;2.966
2013-02-04;2.515;2;2.515
2013-02-05;3.15;2;3.15
2013-02-06;2.383;2;2.383
2013-02-07;1.96;2;1.96
2013-02-08;3.122;2;3.122
2013-02-09;8.65;2;8.65
2013-02-10;4.786;2;4.786
2013-02-11;3.463;2;3.463
2013-02-12;4.258;2;4.258
2013-02-13;4.089;2;4.089
2013-02-14;4.262;2;4.262
2013-02-15;3.988;2;3.988
2013-02-16;3.275;2;3.275
2013-02-17;5.341;2;5.341
2013-02-18;5.637;2;5.637
2013-02-19;4.528;2;4.528
2013-02-20;4.325;2;4.325
2013-02-21;3.751;2;3.751
2013-02-22;3.463;2;3.463
2013-02-23;3.244;2;3.244
2013-02-24;7.082;2;7.082
2013-02-25;4.734;2;4.734
2013-02-26;3.988;2;3.988
2013-02-27;3.525;2;3.525
2013-02-28;3.65;2;3.65
2013-03-01;4.543;3;4.543
2013-03-02;6.983;3;6.983
2013-03-03;4.224;3;4.224
2013-03-04;3.886;3;3.886
2013-03-05;3.588;3;3.588
2013-03-06;3.306;3;3.306
2013-03-07;3.925;3;3.925
2013-03-08;3.15;3;3.15
2013-03-09;2.931;3;2.931
2013-03-10;2.806;3;2.806
2013-03-11;2.681;3;2.681
2013-03-12;2.619;3;2.619
2013-03-13;4.113;3;4.113
2013-03-14;3.959;3;3.959
2013-03-15;6.325;3;6.325
2013-03-16;4.711;3;4.711
2013-03-17;4.055;3;4.055
2013-03-18;4.291;3;4.291
2013-03-19;6.4;3;6.4
2013-03-20;7.755;3;7.755
2013-03-21;10.43;3;10.43
2013-03-22;8.515;3;8.515
2013-03-23;6.087;3;6.087
2013-03-24;5.113;3;5.113
2013-03-25;5.225;3;5.225
2013-03-26;4.629;3;4.629
2013-03-27;4.426;3;4.426
2013-03-28;4.055;3;4.055
2013-03-29;3.886;3;3.886
2013-03-30;3.619;3;3.619
2013-03-31;4.021;3;4.021
2013-04-01;3.494;4;3.494
2013-04-02;3.369;4;3.369
2013-04-03;3.629;4;3.629
2013-04-04;3.15;4;3.15
2013-04-05;3.181;4;3.181
2013-04-06;3.244;4;3.244
2013-04-07;3.025;4;3.025
2013-04-08;2.838;4;2.838
2013-04-09;2.869;4;2.869
2013-04-10;2.65;4;2.65
2013-04-11;3.15;4;3.15
2013-04-12;2.994;4;2.994
2013-04-13;2.65;4;2.65
2013-04-14;2.463;4;2.463
2013-04-15;2.525;4;2.525
2013-04-16;2.463;4;2.463
2013-04-17;2.775;4;2.775
2013-04-18;5.026;4;5.026
2013-04-19;17.7;4;17.7
2013-04-20;9.195;4;9.195
2013-04-21;6.7;4;6.7
2013-04-22;8.917;4;8.917
2013-04-23;7.742;4;7.742
2013-04-24;6.168;4;6.168
2013-04-25;5.488;4;5.488
2013-04-26;5.037;4;5.037
2013-04-27;6.188;4;6.188
2013-04-28;6.81;4;6.81
2013-04-29;7.18;4;7.18
2013-04-30;7.392;4;7.392
2013-05-01;6.125;5;6.125
2013-05-02;10.8;5;10.8
2013-05-03;8.222;5;8.222
2013-05-04;6.543;5;6.543
2013-05-05;6.685;5;6.685
2013-05-06;10.52;5;10.52
2013-05-07;9.1;5;9.1
2013-05-08;7.563;5;7.563
2013-05-09;8.727;5;8.727
2013-05-10;6.472;5;6.472
2013-05-11;6.525;5;6.525
2013-05-12;6.087;5;6.087
2013-05-13;5.45;5;5.45
2013-05-14;5.15;5;5.15
2013-05-15;4.764;5;4.764
2013-05-16;10.68;5;10.68
2013-05-17;6.628;5;6.628
2013-05-18;5.863;5;5.863
2013-05-19;10.48;5;10.48
2013-05-20;5.037;5;5.037
2013-05-21;14.29;5;14.29
2013-05-22;7.52;5;7.52
2013-05-23;8.102;5;8.102
2013-05-24;7.18;5;7.18
2013-05-25;6.35;5;6.35
2013-05-26;6.695;5;6.695
2013-05-27;6.68;5;6.68
2013-05-28;5.975;5;5.975
2013-05-29;9.344;5;9.344
2013-05-30;7.954;5;7.954
2013-05-31;10.55;5;10.55
2013-06-01;15.96;6;15.96
2013-06-02;9.97;6;9.97
2013-06-03;8.56;6;8.56
2013-06-04;7.818;6;7.818
2013-06-05;7.18;6;7.18
2013-06-06;6.628;6;6.628
2013-06-07;6.2;6;6.2
2013-06-08;5.825;6;5.825
2013-06-09;5.413;6;5.413
2013-06-10;5.037;6;5.037
2013-06-11;4.797;6;4.797
2013-06-12;4.595;6;4.595
2013-06-13;4.359;6;4.359
2013-06-14;4.291;6;4.291
2013-06-15;5.6;6;5.6
2013-06-16;4.055;6;4.055
2013-06-17;3.819;6;3.819
2013-06-18;3.751;6;3.751
2013-06-19;3.619;6;3.619
2013-06-20;3.463;6;3.463
2013-06-21;3.306;6;3.306
2013-06-22;3.213;6;3.213
2013-06-23;3.119;6;3.119
2013-06-24;3.088;6;3.088
2013-06-25;3.119;6;3.119
2013-06-26;2.994;6;2.994
2013-06-27;2.806;6;2.806
2013-06-28;3.619;6;3.619
2013-06-29;3.213;6;3.213
2013-06-30;3.59;6;3.59
2013-07-01;4.193;7;4.193
2013-07-02;3.275;7;3.275
2013-07-03;2.931;7;2.931
2013-07-04;2.806;7;2.806
2013-07-05;2.681;7;2.681
2013-07-06;3.025;7;3.025
2013-07-07;2.619;7;2.619
2013-07-08;2.588;7;2.588
2013-07-09;3.088;7;3.088
2013-07-10;2.4;7;2.4
2013-07-11;2.36;7;2.36
2013-07-12;2.36;7;2.36
2013-07-13;2.724;7;2.724
2013-07-14;2.32;7;2.32
2013-07-15;2.26;7;2.26
2013-07-16;2.18;7;2.18
2013-07-17;2.1;7;2.1
2013-07-18;2.04;7;2.04
2013-07-19;2.06;7;2.06
2013-07-20;2.08;7;2.08
2013-07-21;2.02;7;2.02
2013-07-22;2.02;7;2.02
2013-07-23;2.14;7;2.14
2013-07-24;2.02;7;2.02
2013-07-25;1.98;7;1.98
2013-07-26;1.92;7;1.92
2013-07-27;1.86;7;1.86
2013-07-28;1.82;7;1.82
2013-07-29;1.82;7;1.82
2013-07-30;1.8;7;1.8
2013-07-31;1.82;7;1.82
2013-08-01;1.74;8;1.74
2013-08-02;1.78;8;1.78
2013-08-03;1.72;8;1.72
2013-08-04;1.64;8;1.64
2013-08-05;1.68;8;1.68
2013-08-06;1.64;8;1.64
2013-08-07;1.78;8;1.78
2013-08-08;5.471;8;5.471
2013-08-09;2.331;8;2.331
2013-08-10;3.419;8;3.419
2013-08-11;2.65;8;2.65
2013-08-12;2.494;8;2.494
2013-08-13;2.726;8;2.726
2013-08-14;2.371;8;2.371
2013-08-15;2.2;8;2.2
2013-08-16;2.766;8;2.766
2013-08-17;2.1;8;2.1
2013-08-18;2.06;8;2.06
2013-08-19;2.04;8;2.04
2013-08-20;1.94;8;1.94
2013-08-21;1.9;8;1.9
2013-08-22;1.86;8;1.86
2013-08-23;1.82;8;1.82
2013-08-24;1.88;8;1.88
2013-08-25;2.12;8;2.12
2013-08-26;2.2;8;2.2
2013-08-27;1.92;8;1.92
2013-08-28;1.8;8;1.8
2013-08-29;1.74;8;1.74
2013-08-30;1.64;8;1.64
2013-08-31;1.6;8;1.6
2013-09-01;1.6;9;1.6
2013-09-02;1.584;9;1.584
2013-09-03;1.72;9;1.72
2013-09-04;1.6;9;1.6
2013-09-05;1.62;9;1.62
2013-09-06;1.72;9;1.72
2013-09-07;1.78;9;1.78
2013-09-08;1.6;9;1.6
2013-09-09;1.569;9;1.569
2013-09-10;1.7;9;1.7
2013-09-11;1.68;9;1.68
2013-09-12;1.624;9;1.624
2013-09-13;1.74;9;1.74
2013-09-14;1.569;9;1.569
2013-09-15;2.06;9;2.06
2013-09-16;1.88;9;1.88
2013-09-17;1.74;9;1.74
2013-09-18;2.114;9;2.114
2013-09-19;1.74;9;1.74
2013-09-20;1.62;9;1.62
2013-09-21;1.553;9;1.553
2013-09-22;1.49;9;1.49
2013-09-23;1.442;9;1.442
2013-09-24;1.395;9;1.395
2013-09-25;1.364;9;1.364
2013-09-26;1.364;9;1.364
2013-09-27;1.534;9;1.534
2013-09-28;1.664;9;1.664
2013-09-29;1.72;9;1.72
2013-09-30;1.84;9;1.84
2013-10-01;1.458;10;1.458
2013-10-02;1.411;10;1.411
2013-10-03;1.38;10;1.38
2013-10-04;1.458;10;1.458
2013-10-05;1.348;10;1.348
2013-10-06;1.285;10;1.285
2013-10-07;1.238;10;1.238
2013-10-08;1.206;10;1.206
2013-10-09;1.191;10;1.191
2013-10-10;1.191;10;1.191
2013-10-11;2.18;10;2.18
2013-10-12;1.82;10;1.82
2013-10-13;1.92;10;1.92
2013-10-14;2.556;10;2.556
2013-10-15;8.785;10;8.785
2013-10-16;2.305;10;2.305
2013-10-17;1.7;10;1.7
2013-10-18;1.537;10;1.537
2013-10-19;1.442;10;1.442
2013-10-20;1.427;10;1.427
2013-10-21;4.06;10;4.06
2013-10-22;9.287;10;9.287
2013-10-23;3.251;10;3.251
2013-10-24;2.363;10;2.363
2013-10-25;2.1;10;2.1
2013-10-26;1.66;10;1.66
2013-10-27;1.84;10;1.84
2013-10-28;2.28;10;2.28
2013-10-29;2.08;10;2.08
2013-10-30;2.28;10;2.28
2013-10-31;2.26;10;2.26
2013-11-01;2.26;11;2.26
2013-11-02;2.08;11;2.08
2013-11-03;2.0;11;2.0
2013-11-04;2.02;11;2.02
2013-11-05;2.1;11;2.1
2013-11-06;2.02;11;2.02
2013-11-07;1.98;11;1.98
2013-11-08;1.92;11;1.92
2013-11-09;2.16;11;2.16
2013-11-10;2.24;11;2.24
2013-11-11;2.08;11;2.08
2013-11-12;1.96;11;1.96
2013-11-13;1.9;11;1.9
2013-11-14;1.86;11;1.86
2013-11-15;1.84;11;1.84
2013-11-16;1.82;11;1.82
2013-11-17;2.463;11;2.463
2013-11-18;2.28;11;2.28
2013-11-19;2.65;11;2.65
2013-11-20;2.16;11;2.16
2013-11-21;2.463;11;2.463
2013-11-22;4.96;11;4.96
2013-11-23;2.931;11;2.931
2013-11-24;3.431;11;3.431
2013-11-25;16.12;11;16.12
2013-11-26;8.755;11;8.755
2013-11-27;5.975;11;5.975
2013-11-28;4.906;11;4.906
2013-11-29;4.46;11;4.46
2013-11-30;4.089;11;4.089
2013-12-01;3.686;12;3.686
2013-12-02;6.193;12;6.193
2013-12-03;4.257;12;4.257
2013-12-04;4.325;12;4.325
2013-12-05;3.819;12;3.819
2013-12-06;6.983;12;6.983
2013-12-07;12.25;12;12.25
2013-12-08;12.16;12;12.16
2013-12-09;9.42;12;9.42
2013-12-10;7.563;12;7.563
2013-12-11;6.355;12;6.355
2013-12-12;5.6;12;5.6
2013-12-13;4.696;12;4.696
2013-12-14;6.645;12;6.645
2013-12-15;5.188;12;5.188
2013-12-16;5.3;12;5.3
2013-12-17;6.497;12;6.497
2013-12-18;7.52;12;7.52
2013-12-19;11.34;12;11.34
2013-12-20;8.337;12;8.337
2013-12-21;7.307;12;7.307
2013-12-22;8.063;12;8.063
2013-12-23;20.61;12;20.61
2013-12-24;13.61;12;13.61
2013-12-25;9.927;12;9.927
2013-12-26;8.427;12;8.427
2013-12-27;7.435;12;7.435
2013-12-28;6.633;12;6.633
2013-12-29;6.05;12;6.05
2013-12-30;5.6;12;5.6
2013-12-31;5.262;12;5.262
2014-01-01;8.18;1;8.18
2014-01-02;6.278;1;6.278
2014-01-03;5.02;1;5.02
2014-01-04;4.74;1;4.74
2014-01-05;4.438;1;4.438
2014-01-06;4.925;1;4.925
2014-01-07;14.62;1;14.62
2014-01-08;9.915;1;9.915
2014-01-09;7.275;1;7.275
2014-01-10;20.17;1;20.17
2014-01-11;13.91;1;13.91
2014-01-12;10.06;1;10.06
2014-01-13;8.563;1;8.563
2014-01-14;7.718;1;7.718
2014-01-15;6.975;1;6.975
2014-01-16;6.825;1;6.825
2014-01-17;6.005;1;6.005
2014-01-18;5.545;1;5.545
2014-01-19;5.3;1;5.3
2014-01-20;5.02;1;5.02
2014-01-21;5.475;1;5.475
2014-01-22;5.02;1;5.02
2014-01-23;4.81;1;4.81
2014-01-24;4.438;1;4.438
2014-01-25;4.21;1;4.21
2014-01-26;4.44;1;4.44
2014-01-27;3.885;1;3.885
2014-01-28;3.787;1;3.787
2014-01-29;4.872;1;4.872
2014-01-30;6.703;1;6.703
2014-01-31;5.59;1;5.59
2014-02-01;4.34;2;4.34
2014-02-02;3.95;2;3.95
2014-02-03;4.827;2;4.827
2014-02-04;3.885;2;3.885
2014-02-05;8.18;2;8.18
2014-02-06;5.3;2;5.3
2014-02-07;4.438;2;4.438
2014-02-08;4.145;2;4.145
2014-02-09;4.015;2;4.015
2014-02-10;3.885;2;3.885
2014-02-11;3.69;2;3.69
2014-02-12;4.21;2;4.21
2014-02-13;7.922;2;7.922
2014-02-14;6.095;2;6.095
2014-02-15;4.672;2;4.672
2014-02-16;4.372;2;4.372
2014-02-17;4.275;2;4.275
2014-02-18;4.177;2;4.177
2014-02-19;3.918;2;3.918
2014-02-20;3.885;2;3.885
2014-02-21;3.95;2;3.95
2014-02-22;3.95;2;3.95
2014-02-23;4.313;2;4.313
2014-02-24;4.71;2;4.71
2014-02-25;3.658;2;3.658
2014-02-26;3.722;2;3.722
2014-02-27;3.527;2;3.527
2014-02-28;4.08;2;4.08
2014-03-01;5.622;3;5.622
2014-03-02;5.063;3;5.063
2014-03-03;7.0;3;7.0
2014-03-04;5.475;3;5.475
2014-03-05;4.845;3;4.845
2014-03-06;4.6;3;4.6
2014-03-07;4.502;3;4.502
2014-03-08;6.14;3;6.14
2014-03-09;5.685;3;5.685
2014-03-10;5.265;3;5.265
2014-03-11;5.055;3;5.055
2014-03-12;4.775;3;4.775
2014-03-13;4.535;3;4.535
2014-03-14;4.372;3;4.372
2014-03-15;4.275;3;4.275
2014-03-16;4.307;3;4.307
2014-03-17;12.44;3;12.44
2014-03-18;10.78;3;10.78
2014-03-19;9.958;3;9.958
2014-03-20;7.633;3;7.633
2014-03-21;6.938;3;6.938
2014-03-22;6.525;3;6.525
2014-03-23;5.967;3;5.967
2014-03-24;5.65;3;5.65
2014-03-25;5.51;3;5.51
2014-03-26;6.028;3;6.028
2014-03-27;5.977;3;5.977
2014-03-28;5.195;3;5.195
2014-03-29;4.845;3;4.845
2014-03-30;4.602;3;4.602
2014-03-31;4.47;3;4.47
2014-04-01;4.243;4;4.243
2014-04-02;4.015;4;4.015
2014-04-03;3.982;4;3.982
2014-04-04;3.95;4;3.95
2014-04-05;3.755;4;3.755
2014-04-06;3.69;4;3.69
2014-04-07;3.592;4;3.592
2014-04-08;4.225;4;4.225
2014-04-09;3.918;4;3.918
2014-04-10;3.657;4;3.657
2014-04-11;3.365;4;3.365
2014-04-12;3.303;4;3.303
2014-04-13;3.56;4;3.56
2014-04-14;3.09;4;3.09
2014-04-15;3.09;4;3.09
2014-04-16;3.66;4;3.66
2014-04-17;3.0;4;3.0
2014-04-18;3.41;4;3.41
2014-04-19;3.852;4;3.852
2014-04-20;3.15;4;3.15
2014-04-21;3.28;4;3.28
2014-04-22;3.21;4;3.21
2014-04-23;3.885;4;3.885
2014-04-24;3.722;4;3.722
2014-04-25;3.305;4;3.305
2014-04-26;11.46;4;11.46
2014-04-27;10.99;4;10.99
2014-04-28;9.503;4;9.503
2014-04-29;9.202;4;9.202
2014-04-30;6.262;4;6.262
2014-05-01;5.545;5;5.545
2014-05-02;6.83;5;6.83
2014-05-03;8.885;5;8.885
2014-05-04;6.262;5;6.262
2014-05-05;5.685;5;5.685
2014-05-06;5.51;5;5.51
2014-05-07;6.342;5;6.342
2014-05-08;5.524;5;5.524
2014-05-09;7.017;5;7.017
2014-05-10;8.427;5;8.427
2014-05-11;6.788;5;6.788
2014-05-12;5.93;5;5.93
2014-05-13;6.118;5;6.118
2014-05-14;5.615;5;5.615
2014-05-15;5.37;5;5.37
2014-05-16;13.46;5;13.46
2014-05-17;7.413;5;7.413
2014-05-18;6.412;5;6.412
2014-05-19;6.002;5;6.002
2014-05-20;5.685;5;5.685
2014-05-21;5.757;5;5.757
2014-05-22;5.335;5;5.335
2014-05-23;5.09;5;5.09
2014-05-24;6.213;5;6.213
2014-05-25;6.165;5;6.165
2014-05-26;5.16;5;5.16
2014-05-27;4.88;5;4.88
2014-05-28;4.88;5;4.88
2014-05-29;6.79;5;6.79
2014-05-30;9.24;5;9.24
2014-05-31;5.79;5;5.79
2014-06-01;5.265;6;5.265
2014-06-02;5.335;6;5.335
2014-06-03;5.16;6;5.16
2014-06-04;4.81;6;4.81
2014-06-05;4.535;6;4.535
2014-06-06;4.372;6;4.372
2014-06-07;4.85;6;4.85
2014-06-08;4.637;6;4.637
2014-06-09;4.21;6;4.21
2014-06-10;3.95;6;3.95
2014-06-11;4.177;6;4.177
2014-06-12;3.755;6;3.755
2014-06-13;3.625;6;3.625
2014-06-14;3.625;6;3.625
2014-06-15;4.217;6;4.217
2014-06-16;3.495;6;3.495
2014-06-17;3.398;6;3.398
2014-06-18;3.27;6;3.27
2014-06-19;3.24;6;3.24
2014-06-20;3.15;6;3.15
2014-06-21;3.03;6;3.03
2014-06-22;2.97;6;2.97
2014-06-23;3.0;6;3.0
2014-06-24;2.97;6;2.97
2014-06-25;3.06;6;3.06
2014-06-26;2.94;6;2.94
2014-06-27;2.91;6;2.91
2014-06-28;2.82;6;2.82
2014-06-29;2.67;6;2.67
2014-06-30;2.61;6;2.61
2014-07-01;2.58;7;2.58
2014-07-02;4.275;7;4.275
2014-07-03;3.15;7;3.15
2014-07-04;2.85;7;2.85
2014-07-05;2.61;7;2.61
2014-07-06;2.49;7;2.49
2014-07-07;2.43;7;2.43
2014-07-08;2.4;7;2.4
2014-07-09;2.28;7;2.28
2014-07-10;2.13;7;2.13
2014-07-11;2.08;7;2.08
2014-07-12;2.1;7;2.1
2014-07-13;2.08;7;2.08
2014-07-14;2.14;7;2.14
2014-07-15;2.08;7;2.08
2014-07-16;2.04;7;2.04
2014-07-17;2.06;7;2.06
2014-07-18;2.02;7;2.02
2014-07-19;1.96;7;1.96
2014-07-20;1.92;7;1.92
2014-07-21;1.94;7;1.94
2014-07-22;1.86;7;1.86
2014-07-23;1.86;7;1.86
2014-07-24;1.82;7;1.82
2014-07-25;1.78;7;1.78
2014-07-26;1.8;7;1.8
2014-07-27;1.74;7;1.74
2014-07-28;1.76;7;1.76
2014-07-29;1.7;7;1.7
2014-07-30;1.7;7;1.7
2014-07-31;1.66;7;1.66
2014-08-01;1.62;8;1.62
2014-08-02;1.66;8;1.66
2014-08-03;1.6;8;1.6
2014-08-04;1.52;8;1.52
2014-08-05;1.66;8;1.66
2014-08-06;1.66;8;1.66
2014-08-07;1.5;8;1.5
2014-08-08;1.66;8;1.66
2014-08-09;1.6;8;1.6
2014-08-10;1.56;8;1.56
2014-08-11;1.72;8;1.72
2014-08-12;1.58;8;1.58
2014-08-13;1.64;8;1.64
2014-08-14;1.56;8;1.56
2014-08-15;1.5;8;1.5
2014-08-16;1.46;8;1.46
2014-08-17;1.46;8;1.46
2014-08-18;1.36;8;1.36
2014-08-19;1.42;8;1.42
2014-08-20;1.46;8;1.46
2014-08-21;1.44;8;1.44
2014-08-22;1.42;8;1.42
2014-08-23;1.44;8;1.44
2014-08-24;1.7;8;1.7
2014-08-25;1.52;8;1.52
2014-08-26;1.82;8;1.82
2014-08-27;1.66;8;1.66
2014-08-28;1.66;8;1.66
2014-08-29;1.62;8;1.62
2014-08-30;1.56;8;1.56
2014-08-31;1.46;8;1.46
2014-09-01;1.68;9;1.68
2014-09-02;1.56;9;1.56
2014-09-03;1.58;9;1.58
2014-09-04;1.54;9;1.54
2014-09-05;1.5;9;1.5
2014-09-06;1.46;9;1.46
2014-09-07;1.44;9;1.44
2014-09-08;1.4;9;1.4
2014-09-09;1.46;9;1.46
2014-09-10;1.46;9;1.46
2014-09-11;1.342;9;1.342
2014-09-12;1.54;9;1.54
2014-09-13;1.64;9;1.64
2014-09-14;1.6;9;1.6
2014-09-15;1.44;9;1.44
2014-09-16;1.86;9;1.86
2014-09-17;1.74;9;1.74
2014-09-18;1.54;9;1.54
2014-09-19;1.96;9;1.96
2014-09-20;1.82;9;1.82
2014-09-21;2.02;9;2.02
2014-09-22;2.09;9;2.09
2014-09-23;2.912;9;2.912
2014-09-24;2.0;9;2.0
2014-09-25;1.84;9;1.84
2014-09-26;1.7;9;1.7
2014-09-27;1.64;9;1.64
2014-09-28;1.62;9;1.62
2014-09-29;1.64;9;1.64
2014-09-30;1.54;9;1.54
2014-10-01;1.62;10;1.62
2014-10-02;1.572;10;1.572
2014-10-03;1.54;10;1.54
2014-10-04;1.54;10;1.54
2014-10-05;2.18;10;2.18
2014-10-06;3.5;10;3.5
2014-10-07;2.58;10;2.58
2014-10-08;2.88;10;2.88
2014-10-09;5.55;10;5.55
2014-10-10;3.885;10;3.885
2014-10-11;4.605;10;4.605
2014-10-12;3.918;10;3.918
2014-10-13;2.58;10;2.58
2014-10-14;2.37;10;2.37
2014-10-15;2.61;10;2.61
2014-10-16;2.08;10;2.08
2014-10-17;2.06;10;2.06
2014-10-18;2.4;10;2.4
2014-10-19;4.47;10;4.47
2014-10-20;2.52;10;2.52
2014-10-21;2.22;10;2.22
2014-10-22;1.98;10;1.98
2014-10-23;4.593;10;4.593
2014-10-24;2.82;10;2.82
2014-10-25;2.76;10;2.76
2014-10-26;2.79;10;2.79
2014-10-27;2.7;10;2.7
2014-10-28;2.37;10;2.37
2014-10-29;2.61;10;2.61
2014-10-30;3.56;10;3.56
2014-10-31;2.61;10;2.61
2014-11-01;2.76;11;2.76
2014-11-02;3.69;11;3.69
2014-11-03;2.73;11;2.73
2014-11-04;3.072;11;3.072
2014-11-05;5.51;11;5.51
2014-11-06;4.015;11;4.015
2014-11-07;3.918;11;3.918
2014-11-08;6.363;11;6.363
2014-11-09;4.845;11;4.845
2014-11-10;8.18;11;8.18
2014-11-11;7.028;11;7.028
2014-11-12;5.51;11;5.51
2014-11-13;4.74;11;4.74
2014-11-14;4.275;11;4.275
2014-11-15;4.767;11;4.767
2014-11-16;4.918;11;4.918
2014-11-17;4.015;11;4.015
2014-11-18;5.662;11;5.662
2014-11-19;6.6;11;6.6
2014-11-20;5.72;11;5.72
2014-11-21;5.055;11;5.055
2014-11-22;8.775;11;8.775
2014-11-23;6.637;11;6.637
2014-11-24;5.405;11;5.405
2014-11-25;5.605;11;5.605
2014-11-26;16.24;11;16.24
2014-11-27;11.17;11;11.17
2014-11-28;8.35;11;8.35
2014-11-29;7.2;11;7.2
2014-11-30;6.488;11;6.488
2014-12-01;6.075;12;6.075
2014-12-02;5.58;12;5.58
2014-12-03;5.265;12;5.265
2014-12-04;5.02;12;5.02
2014-12-05;5.405;12;5.405
2014-12-06;5.16;12;5.16
2014-12-07;5.475;12;5.475
2014-12-08;4.67;12;4.67
2014-12-09;7.568;12;7.568
2014-12-10;6.125;12;6.125
2014-12-11;5.3;12;5.3
2014-12-12;4.95;12;4.95
2014-12-13;12.89;12;12.89
2014-12-14;9.477;12;9.477
2014-12-15;7.557;12;7.557
2014-12-16;6.75;12;6.75
2014-12-17;6.375;12;6.375
2014-12-18;6.262;12;6.262
2014-12-19;5.825;12;5.825
2014-12-20;5.51;12;5.51
2014-12-21;7.455;12;7.455
2014-12-22;6.565;12;6.565
2014-12-23;5.44;12;5.44
2014-12-24;5.16;12;5.16
2014-12-25;4.985;12;4.985
2014-12-26;4.775;12;4.775
2014-12-27;4.637;12;4.637
2014-12-28;4.535;12;4.535
2014-12-29;4.672;12;4.672
2014-12-30;4.6;12;4.6
2014-12-31;4.21;12;4.21
2015-01-01;4.047;1;4.047
2015-01-02;3.982;1;3.982
2015-01-03;3.852;1;3.852
2015-01-04;3.787;1;3.787
2015-01-05;3.625;1;3.625
2015-01-06;3.495;1;3.495
2015-01-07;3.365;1;3.365
2015-01-08;3.398;1;3.398
2015-01-09;3.27;1;3.27
2015-01-10;3.21;1;3.21
2015-01-11;3.18;1;3.18
2015-01-12;3.09;1;3.09
2015-01-13;3.03;1;3.03
2015-01-14;3.755;1;3.755
2015-01-15;3.657;1;3.657
2015-01-16;3.12;1;3.12
2015-01-17;4.182;1;4.182
2015-01-18;4.015;1;4.015
2015-01-19;3.43;1;3.43
2015-01-20;3.12;1;3.12
2015-01-21;4.418;1;4.418
2015-01-22;5.16;1;5.16
2015-01-23;4.775;1;4.775
2015-01-24;4.145;1;4.145
2015-01-25;3.69;1;3.69
2015-01-26;3.56;1;3.56
2015-01-27;3.722;1;3.722
2015-01-28;3.398;1;3.398
2015-01-29;3.24;1;3.24
2015-01-30;3.18;1;3.18
2015-01-31;3.57;1;3.57
2015-02-01;3.658;2;3.658
2015-02-02;3.527;2;3.527
2015-02-03;4.555;2;4.555
2015-02-04;3.527;2;3.527
2015-02-05;3.3;2;3.3
2015-02-06;3.24;2;3.24
2015-02-07;5.755;2;5.755
2015-02-08;7.658;2;7.658
2015-02-09;6.24;2;6.24
2015-02-10;5.16;2;5.16
2015-02-11;4.74;2;4.74
2015-02-12;4.405;2;4.405
2015-02-13;3.56;2;3.56
2015-02-14;3.657;2;3.657
2015-02-15;3.95;2;3.95
2015-02-16;3.885;2;3.885
2015-02-17;3.658;2;3.658
2015-02-18;3.56;2;3.56
2015-02-19;3.43;2;3.43
2015-02-20;3.365;2;3.365
2015-02-21;3.398;2;3.398
2015-02-22;3.398;2;3.398
2015-02-23;3.27;2;3.27
2015-02-24;3.18;2;3.18
2015-02-25;3.15;2;3.15
2015-02-26;3.03;2;3.03
2015-02-27;3.18;2;3.18
2015-02-28;3.24;2;3.24
2015-03-01;3.27;3;3.27
2015-03-02;3.21;3;3.21
2015-03-03;3.15;3;3.15
2015-03-04;4.113;3;4.113
2015-03-05;3.5;3;3.5
2015-03-06;3.12;3;3.12
2015-03-07;3.0;3;3.0
2015-03-08;2.88;3;2.88
2015-03-09;2.79;3;2.79
2015-03-10;2.79;3;2.79
2015-03-11;2.7;3;2.7
2015-03-12;2.67;3;2.67
2015-03-13;3.225;3;3.225
2015-03-14;3.918;3;3.918
2015-03-15;4.625;3;4.625
2015-03-16;4.58;3;4.58
2015-03-17;7.282;3;7.282
2015-03-18;8.227;3;8.227
2015-03-19;6.565;3;6.565
2015-03-20;5.79;3;5.79
2015-03-21;5.125;3;5.125
2015-03-22;4.707;3;4.707
2015-03-23;4.275;3;4.275
2015-03-24;4.34;3;4.34
2015-03-25;4.34;3;4.34
2015-03-26;4.177;3;4.177
2015-03-27;4.015;3;4.015
2015-03-28;6.622;3;6.622
2015-03-29;11.27;3;11.27
2015-03-30;7.275;3;7.275
2015-03-31;6.047;3;6.047
2015-04-01;6.6;4;6.6
2015-04-02;8.605;4;8.605
2015-04-03;7.387;4;7.387
2015-04-04;7.465;4;7.465
2015-04-05;6.787;4;6.787
2015-04-06;6.037;4;6.037
2015-04-07;6.262;4;6.262
2015-04-08;5.825;4;5.825
2015-04-09;5.615;4;5.615
2015-04-10;5.23;4;5.23
2015-04-11;5.265;4;5.265
2015-04-12;5.615;4;5.615
2015-04-13;4.985;4;4.985
2015-04-14;4.635;4;4.635
2015-04-15;7.358;4;7.358
2015-04-16;7.543;4;7.543
2015-04-17;8.563;4;8.563
2015-04-18;7.935;4;7.935
2015-04-19;17.04;4;17.04
2015-04-20;8.35;4;8.35
2015-04-21;7.563;4;7.563
2015-04-22;6.6;4;6.6
2015-04-23;6.375;4;6.375
2015-04-24;5.967;4;5.967
2015-04-25;6.15;4;6.15
2015-04-26;5.755;4;5.755
2015-04-27;5.51;4;5.51
2015-04-28;5.055;4;5.055
2015-04-29;4.6;4;4.6
2015-04-30;4.88;4;4.88
2015-05-01;6.563;5;6.563
2015-05-02;5.58;5;5.58
2015-05-03;5.265;5;5.265
2015-05-04;4.88;5;4.88
2015-05-05;4.882;5;4.882
2015-05-06;4.502;5;4.502
2015-05-07;4.372;5;4.372
2015-05-08;4.307;5;4.307
2015-05-09;4.177;5;4.177
2015-05-10;3.95;5;3.95
2015-05-11;3.885;5;3.885
2015-05-12;3.787;5;3.787
2015-05-13;3.82;5;3.82
2015-05-14;3.826;5;3.826
2015-05-15;3.885;5;3.885
2015-05-16;3.787;5;3.787
2015-05-17;3.722;5;3.722
2015-05-18;3.722;5;3.722
2015-05-19;3.722;5;3.722
2015-05-20;3.335;5;3.335
2015-05-21;3.27;5;3.27
2015-05-22;3.24;5;3.24
2015-05-23;3.27;5;3.27
2015-05-24;3.21;5;3.21
2015-05-25;3.497;5;3.497
2015-05-26;3.27;5;3.27
2015-05-27;3.852;5;3.852
2015-05-28;3.852;5;3.852
2015-05-29;11.65;5;11.65
2015-05-30;6.14;5;6.14
2015-05-31;5.77;5;5.77
2015-06-01;3.983;6;3.983
2015-06-02;3.885;6;3.885
2015-06-03;3.56;6;3.56
2015-06-04;3.495;6;3.495
2015-06-05;3.43;6;3.43
2015-06-06;3.24;6;3.24
2015-06-07;3.21;6;3.21
2015-06-08;3.365;6;3.365
2015-06-09;3.463;6;3.463
2015-06-10;3.27;6;3.27
2015-06-11;3.21;6;3.21
2015-06-12;3.03;6;3.03
2015-06-13;2.85;6;2.85
2015-06-14;2.73;6;2.73
2015-06-15;2.73;6;2.73
2015-06-16;2.88;6;2.88
2015-06-17;2.85;6;2.85
2015-06-18;2.73;6;2.73
2015-06-19;2.64;6;2.64
2015-06-20;2.4;6;2.4
2015-06-21;2.31;6;2.31
2015-06-22;2.37;6;2.37
2015-06-23;2.52;6;2.52
2015-06-24;2.43;6;2.43
2015-06-25;2.25;6;2.25
2015-06-26;2.28;6;2.28
2015-06-27;2.19;6;2.19
2015-06-28;2.19;6;2.19
2015-06-29;2.19;6;2.19
2015-06-30;2.08;6;2.08
2015-07-01;2.08;7;2.08
2015-07-02;2.08;7;2.08
2015-07-03;2.08;7;2.08
2015-07-04;2.06;7;2.06
2015-07-05;2.02;7;2.02
2015-07-06;2.04;7;2.04
2015-07-07;2.16;7;2.16
2015-07-08;2.1;7;2.1
2015-07-09;2.04;7;2.04
2015-07-10;2.04;7;2.04
2015-07-11;1.96;7;1.96
2015-07-12;1.96;7;1.96
2015-07-13;2.06;7;2.06
2015-07-14;1.96;7;1.96
2015-07-15;1.98;7;1.98
2015-07-16;2.02;7;2.02
2015-07-17;1.94;7;1.94
2015-07-18;1.82;7;1.82
2015-07-19;6.555;7;6.555
2015-07-20;3.47;7;3.47
2015-07-21;2.73;7;2.73
2015-07-22;2.22;7;2.22
2015-07-23;3.985;7;3.985
2015-07-24;2.76;7;2.76
2015-07-25;2.52;7;2.52
2015-07-26;2.31;7;2.31
2015-07-27;2.07;7;2.07
2015-07-28;2.22;7;2.22
2015-07-29;2.2;7;2.2
2015-07-30;2.06;7;2.06
2015-07-31;2.1;7;2.1
2015-08-01;1.94;8;1.94
2015-08-02;1.94;8;1.94
2015-08-03;1.88;8;1.88
2015-08-04;1.84;8;1.84
2015-08-05;1.74;8;1.74
2015-08-06;1.72;8;1.72
2015-08-07;1.82;8;1.82
2015-08-08;1.84;8;1.84
2015-08-09;1.76;8;1.76
2015-08-10;1.7;8;1.7
2015-08-11;1.74;8;1.74
2015-08-12;1.74;8;1.74
2015-08-13;1.68;8;1.68
2015-08-14;1.64;8;1.64
2015-08-15;1.64;8;1.64
2015-08-16;1.54;8;1.54
2015-08-17;1.56;8;1.56
2015-08-18;1.68;8;1.68
2015-08-19;1.64;8;1.64
2015-08-20;1.62;8;1.62
2015-08-21;1.54;8;1.54
2015-08-22;1.5;8;1.5
2015-08-23;1.56;8;1.56
2015-08-24;1.48;8;1.48
2015-08-25;1.52;8;1.52
2015-08-26;1.52;8;1.52
2015-08-27;1.54;8;1.54
2015-08-28;1.48;8;1.48
2015-08-29;1.72;8;1.72
2015-08-30;1.68;8;1.68
2015-08-31;1.56;8;1.56
2015-09-01;1.54;9;1.54
2015-09-02;1.58;9;1.58
2015-09-03;1.56;9;1.56
2015-09-04;1.5;9;1.5
2015-09-05;1.5;9;1.5
2015-09-06;1.52;9;1.52
2015-09-07;1.58;9;1.58
2015-09-08;1.56;9;1.56
2015-09-09;1.5;9;1.5
2015-09-10;1.48;9;1.48
2015-09-11;1.58;9;1.58
2015-09-12;1.52;9;1.52
2015-09-13;1.44;9;1.44
2015-09-14;1.46;9;1.46
2015-09-15;1.4;9;1.4
2015-09-16;1.44;9;1.44
2015-09-17;1.54;9;1.54
2015-09-18;1.97;9;1.97
2015-09-19;1.68;9;1.68
2015-09-20;2.21;9;2.21
2015-09-21;1.6;9;1.6
2015-09-22;1.38;9;1.38
2015-09-23;1.3;9;1.3
2015-09-24;1.3;9;1.3
2015-09-25;1.3;9;1.3
2015-09-26;1.3;9;1.3
2015-09-27;1.3;9;1.3
2015-09-28;1.283;9;1.283
2015-09-29;1.178;9;1.178
2015-09-30;1.642;9;1.642
2015-10-01;1.62;10;1.62
2015-10-02;1.62;10;1.62
2015-10-03;1.46;10;1.46
2015-10-04;1.46;10;1.46
2015-10-05;1.32;10;1.32
2015-10-06;1.34;10;1.34
2015-10-07;1.3;10;1.3
2015-10-08;1.38;10;1.38
2015-10-09;1.42;10;1.42
2015-10-10;1.342;10;1.342
2015-10-11;1.44;10;1.44
2015-10-12;1.44;10;1.44
2015-10-13;1.48;10;1.48
2015-10-14;6.392;10;6.392
2015-10-15;2.52;10;2.52
2015-10-16;2.61;10;2.61
2015-10-17;1.94;10;1.94
2015-10-18;1.84;10;1.84
2015-10-19;1.72;10;1.72
2015-10-20;1.62;10;1.62
2015-10-21;1.56;10;1.56
2015-10-22;1.68;10;1.68
2015-10-23;1.64;10;1.64
2015-10-24;2.31;10;2.31
2015-10-25;2.19;10;2.19
2015-10-26;2.16;10;2.16
2015-10-27;2.04;10;2.04
2015-10-28;1.94;10;1.94
2015-10-29;2.88;10;2.88
2015-10-30;2.09;10;2.09
2015-10-31;2.22;10;2.22
2015-11-01;3.597;11;3.597
2015-11-02;2.88;11;2.88
2015-11-03;2.58;11;2.58
2015-11-04;4.35;11;4.35
2015-11-05;3.787;11;3.787
2015-11-06;6.14;11;6.14
2015-11-07;4.537;11;4.537
2015-11-08;5.305;11;5.305
2015-11-09;3.787;11;3.787
2015-11-10;3.755;11;3.755
2015-11-11;3.18;11;3.18
2015-11-12;2.97;11;2.97
2015-11-13;2.79;11;2.79
2015-11-14;2.64;11;2.64
2015-11-15;2.46;11;2.46
2015-11-16;2.43;11;2.43
2015-11-17;3.852;11;3.852
2015-11-18;3.463;11;3.463
2015-11-19;13.32;11;13.32
2015-11-20;6.457;11;6.457
2015-11-21;9.77;11;9.77
2015-11-22;15.18;11;15.18
2015-11-23;11.26;11;11.26
2015-11-24;12.12;11;12.12
2015-11-25;14.7;11;14.7
2015-11-26;9.547;11;9.547
2015-11-27;8.817;11;8.817
2015-11-28;7.807;11;7.807
2015-11-29;6.825;11;6.825
2015-11-30;5.94;11;5.94
2015-12-01;5.615;12;5.615
2015-12-02;5.195;12;5.195
2015-12-03;4.81;12;4.81
2015-12-04;4.635;12;4.635
2015-12-05;4.405;12;4.405
2015-12-06;4.177;12;4.177
2015-12-07;4.047;12;4.047
2015-12-08;3.885;12;3.885
2015-12-09;3.722;12;3.722
2015-12-10;7.915;12;7.915
2015-12-11;4.34;12;4.34
2015-12-12;3.982;12;3.982
2015-12-13;3.852;12;3.852
2015-12-14;3.658;12;3.658
2015-12-15;3.885;12;3.885
2015-12-16;3.56;12;3.56
2015-12-17;3.43;12;3.43
2015-12-18;3.398;12;3.398
2015-12-19;3.365;12;3.365
2015-12-20;3.27;12;3.27
2015-12-21;3.24;12;3.24
2015-12-22;3.06;12;3.06
2015-12-23;3.0;12;3.0
2015-12-24;2.97;12;2.97
2015-12-25;2.91;12;2.91
2015-12-26;2.85;12;2.85
2015-12-27;2.79;12;2.79
2015-12-28;2.7;12;2.7
2015-12-29;2.67;12;2.67
2015-12-30;2.58;12;2.58
2015-12-31;2.55;12;2.55
2016-01-01;1.71;1;1.71
2016-01-02;1.702;1;1.702
2016-01-03;1.726;1;1.726
2016-01-04;1.579;1;1.579
2016-01-05;1.831;1;1.831
2016-01-06;1.843;1;1.843
2016-01-07;1.869;1;1.869
2016-01-08;1.788;1;1.788
2016-01-09;1.8;1;1.8
2016-01-10;2.075;1;2.075
2016-01-11;2.272;1;2.272
2016-01-12;2.187;1;2.187
2016-01-13;1.822;1;1.822
2016-01-14;1.718;1;1.718
2016-01-15;1.611;1;1.611
2016-01-16;1.635;1;1.635
2016-01-17;1.597;1;1.597
2016-01-18;1.651;1;1.651
2016-01-19;1.415;1;1.415
2016-01-20;1.346;1;1.346
2016-01-21;1.297;1;1.297
2016-01-22;1.337;1;1.337
2016-01-23;1.256;1;1.256
2016-01-24;1.235;1;1.235
2016-01-25;1.23;1;1.23
2016-01-26;1.267;1;1.267
2016-01-27;1.196;1;1.196
2016-01-28;1.154;1;1.154
2016-01-29;1.087;1;1.087
2016-01-30;1.105;1;1.105
2016-01-31;1.069;1;1.069
2016-02-01;1.034;2;1.034
2016-02-02;1.006;2;1.006
2016-02-03;0.97;2;0.97
2016-02-04;0.96;2;0.96
2016-02-05;1.176;2;1.176
2016-02-06;1.083;2;1.083
2016-02-07;0.974;2;0.974
2016-02-08;0.996;2;0.996
2016-02-09;0.958;2;0.958
2016-02-10;0.922;2;0.922
2016-02-11;0.944;2;0.944
2016-02-12;1.088;2;1.088
2016-02-13;1.365;2;1.365
2016-02-14;1.085;2;1.085
2016-02-15;1.032;2;1.032
2016-02-16;0.974;2;0.974
2016-02-17;0.95;2;0.95
2016-02-18;0.922;2;0.922
2016-02-19;0.95;2;0.95
2016-02-20;0.962;2;0.962
2016-02-21;2.468;2;2.468
2016-02-22;3.214;2;3.214
2016-02-23;1.557;2;1.557
2016-02-24;1.223;2;1.223
2016-02-25;1.155;2;1.155
2016-02-26;1.719;2;1.719
2016-02-27;1.442;2;1.442
2016-02-28;1.378;2;1.378
2016-02-29;1.297;2;1.297
2016-03-01;1.33;3;1.33
2016-03-02;1.524;3;1.524
2016-03-03;1.365;3;1.365
2016-03-04;1.378;3;1.378
2016-03-05;1.573;3;1.573
2016-03-06;2.06;3;2.06
2016-03-07;3.282;3;3.282
2016-03-08;1.648;3;1.648
2016-03-09;1.713;3;1.713
2016-03-10;2.694;3;2.694
2016-03-11;2.084;3;2.084
2016-03-12;2.276;3;2.276
2016-03-13;2.193;3;2.193
2016-03-14;1.997;3;1.997
2016-03-15;2.02;3;2.02
2016-03-16;1.806;3;1.806
2016-03-17;4.795;3;4.795
2016-03-18;16.761;3;16.761
2016-03-19;4.377;3;4.377
2016-03-20;2.968;3;2.968
2016-03-21;2.571;3;2.571
2016-03-22;2.289;3;2.289
2016-03-23;2.478;3;2.478
2016-03-24;2.342;3;2.342
2016-03-25;1.997;3;1.997
2016-03-26;1.832;3;1.832
2016-03-27;1.764;3;1.764
2016-03-28;1.862;3;1.862
2016-03-29;2.087;3;2.087
2016-03-30;2.021;3;2.021
2016-03-31;3.724;3;3.724
2016-04-01;2.281;4;2.281
2016-04-02;5.568;4;5.568
2016-04-03;6.297;4;6.297
2016-04-04;4.201;4;4.201
2016-04-05;3.346;4;3.346
2016-04-06;3.058;4;3.058
2016-04-07;2.966;4;2.966
2016-04-08;2.687;4;2.687
2016-04-09;2.787;4;2.787
2016-04-10;4.031;4;4.031
2016-04-11;17.881;4;17.881
2016-04-12;20.141;4;20.141
2016-04-13;12.177;4;12.177
2016-04-14;7.07;4;7.07
2016-04-15;6.064;4;6.064
2016-04-16;5.759;4;5.759
2016-04-17;5.281;4;5.281
2016-04-18;4.321;4;4.321
2016-04-19;3.94;4;3.94
2016-04-20;3.68;4;3.68
2016-04-21;3.626;4;3.626
2016-04-22;3.399;4;3.399
2016-04-23;2.695;4;2.695
2016-04-24;3.666;4;3.666
2016-04-25;4.405;4;4.405
2016-04-26;4.951;4;4.951
2016-04-27;9.2;4;9.2
2016-04-28;9.307;4;9.307
2016-04-29;8.632;4;8.632
2016-04-30;16.839;4;16.839
2016-05-01;22.11;5;22.11
2016-05-02;24.951;5;24.951
2016-05-03;17.806;5;17.806
2016-05-04;11.582;5;11.582
2016-05-05;8.665;5;8.665
2016-05-06;12.194;5;12.194
2016-05-07;24.312;5;24.312
2016-05-08;30.858;5;30.858
2016-05-09;32.564;5;32.564
2016-05-10;26.333;5;26.333
2016-05-11;21.043;5;21.043
2016-05-12;12.982;5;12.982
2016-05-13;9.727;5;9.727
2016-05-14;7.988;5;7.988
2016-05-15;6.989;5;6.989
2016-05-16;6.142;5;6.142
2016-05-17;5.506;5;5.506
2016-05-18;5.21;5;5.21
2016-05-19;5.103;5;5.103
2016-05-20;4.378;5;4.378
2016-05-21;4.135;5;4.135
2016-05-22;3.902;5;3.902
2016-05-23;3.697;5;3.697
2016-05-24;3.484;5;3.484
2016-05-25;3.572;5;3.572
2016-05-26;3.332;5;3.332
2016-05-27;3.18;5;3.18
2016-05-28;3.023;5;3.023
2016-05-29;3.06;5;3.06
2016-05-30;4.431;5;4.431
2016-05-31;12.582;5;12.582
2016-06-01;4.283;6;4.283
2016-06-02;3.33;6;3.33
2016-06-03;3.149;6;3.149
2016-06-04;3.881;6;3.881
2016-06-05;3.857;6;3.857
2016-06-06;3.13;6;3.13
2016-06-07;3.214;6;3.214
2016-06-08;4.032;6;4.032
2016-06-09;3.142;6;3.142
2016-06-10;2.897;6;2.897
2016-06-11;2.753;6;2.753
2016-06-12;2.643;6;2.643
2016-06-13;2.704;6;2.704
2016-06-14;2.746;6;2.746
2016-06-15;2.502;6;2.502
2016-06-16;2.347;6;2.347
2016-06-17;2.316;6;2.316
2016-06-18;2.3;6;2.3
2016-06-19;2.453;6;2.453
2016-06-20;2.36;6;2.36
2016-06-21;2.35;6;2.35
2016-06-22;2.221;6;2.221
2016-06-23;2.095;6;2.095
2016-06-24;2.01;6;2.01
2016-06-25;5.399;6;5.399
2016-06-26;3.714;6;3.714
2016-06-27;2.805;6;2.805
2016-06-28;2.563;6;2.563
2016-06-29;2.45;6;2.45
2016-06-30;2.354;6;2.354
2016-07-01;2.358;7;2.358
2016-07-02;2.279;7;2.279
2016-07-03;2.726;7;2.726
2016-07-04;2.273;7;2.273
2016-07-05;2.172;7;2.172
2016-07-06;2.141;7;2.141
2016-07-07;2.116;7;2.116
2016-07-08;2.028;7;2.028
2016-07-09;1.994;7;1.994
2016-07-10;1.927;7;1.927
2016-07-11;1.893;7;1.893
2016-07-12;1.862;7;1.862
2016-07-13;2.067;7;2.067
2016-07-14;2.062;7;2.062
2016-07-15;1.816;7;1.816
2016-07-16;1.764;7;1.764
2016-07-17;1.729;7;1.729
2016-07-18;1.796;7;1.796
2016-07-19;1.726;7;1.726
2016-07-20;1.741;7;1.741
2016-07-21;1.925;7;1.925
2016-07-22;1.783;7;1.783
2016-07-23;1.635;7;1.635
2016-07-24;1.564;7;1.564
2016-07-25;1.842;7;1.842
2016-07-26;1.605;7;1.605
2016-07-27;1.651;7;1.651
2016-07-28;1.63;7;1.63
2016-07-29;1.533;7;1.533
2016-07-30;1.482;7;1.482
2016-07-31;1.42;7;1.42
2016-08-01;1.39;8;1.39
2016-08-02;1.432;8;1.432
2016-08-03;1.534;8;1.534
2016-08-04;1.386;8;1.386
2016-08-05;1.311;8;1.311
2016-08-06;1.288;8;1.288
2016-08-07;1.235;8;1.235
2016-08-08;1.166;8;1.166
2016-08-09;1.145;8;1.145
2016-08-10;1.126;8;1.126
2016-08-11;1.105;8;1.105
2016-08-12;1.054;8;1.054
2016-08-13;1.046;8;1.046
2016-08-14;1.032;8;1.032
2016-08-15;1.02;8;1.02
2016-08-16;1.052;8;1.052
2016-08-17;1.038;8;1.038
2016-08-18;1.034;8;1.034
2016-08-19;1.062;8;1.062
2016-08-20;1.018;8;1.018
2016-08-21;0.986;8;0.986
2016-08-22;0.972;8;0.972
2016-08-23;0.982;8;0.982
2016-08-24;0.926;8;0.926
2016-08-25;0.92;8;0.92
2016-08-26;0.932;8;0.932
2016-08-27;0.996;8;0.996
2016-08-28;0.972;8;0.972
2016-08-29;1.322;8;1.322
2016-08-30;1.032;8;1.032
2016-08-31;1.189;8;1.189
2016-09-01;1.608;9;1.608
2016-09-02;1.183;9;1.183
2016-09-03;1.035;9;1.035
2016-09-04;0.99;9;0.99
2016-09-05;1.078;9;1.078
2016-09-06;0.983;9;0.983
2016-09-07;1.022;9;1.022
2016-09-08;0.942;9;0.942
2016-09-09;0.914;9;0.914
2016-09-10;0.962;9;0.962
2016-09-11;0.977;9;0.977
2016-09-12;1.046;9;1.046
2016-09-13;0.976;9;0.976
2016-09-14;1.477;9;1.477
2016-09-15;1.417;9;1.417
2016-09-16;1.078;9;1.078
2016-09-17;0.968;9;0.968
2016-09-18;0.909;9;0.909
2016-09-19;1.048;9;1.048
2016-09-20;0.912;9;0.912
2016-09-21;0.874;9;0.874
2016-09-22;0.836;9;0.836
2016-09-23;0.984;9;0.984
2016-09-24;0.886;9;0.886
2016-09-25;0.898;9;0.898
2016-09-26;0.844;9;0.844
2016-09-27;0.782;9;0.782
2016-09-28;0.764;9;0.764
2016-09-29;1.01;9;1.01
2016-09-30;1.101;9;1.101
2016-10-01;1.152;10;1.152
2016-10-02;1.092;10;1.092
2016-10-03;0.993;10;0.993
2016-10-04;2.874;10;2.874
2016-10-05;1.886;10;1.886
2016-10-06;1.331;10;1.331
2016-10-07;1.356;10;1.356
2016-10-08;1.45;10;1.45
2016-10-09;4.545;10;4.545
2016-10-10;2.646;10;2.646
2016-10-11;2.271;10;2.271
2016-10-12;2.244;10;2.244
2016-10-13;2.077;10;2.077
2016-10-14;5.001;10;5.001
2016-10-15;3.064;10;3.064
2016-10-16;3.352;10;3.352
2016-10-17;2.436;10;2.436
2016-10-18;2.405;10;2.405
2016-10-19;1.951;10;1.951
2016-10-20;1.767;10;1.767
2016-10-21;1.638;10;1.638
2016-10-22;1.743;10;1.743
2016-10-23;4.317;10;4.317
2016-10-24;3.1;10;3.1
2016-10-25;5.22;10;5.22
2016-10-26;3.545;10;3.545
2016-10-27;3.744;10;3.744
2016-10-28;17.284;10;17.284
2016-10-29;18.892;10;18.892
2016-10-30;10.193;10;10.193
2016-10-31;5.67;10;5.67
2016-11-01;4.885;11;4.885
2016-11-02;4.185;11;4.185
2016-11-03;5.398;11;5.398
2016-11-04;6.858;11;6.858
2016-11-05;5.277;11;5.277
2016-11-06;4.701;11;4.701
2016-11-07;6.743;11;6.743
2016-11-08;7.043;11;7.043
2016-11-09;5.809;11;5.809
2016-11-10;6.316;11;6.316
2016-11-11;6.46;11;6.46
2016-11-12;5.117;11;5.117
2016-11-13;10.628;11;10.628
2016-11-14;7.878;11;7.878
2016-11-15;19.966;11;19.966
2016-11-16;13.582;11;13.582
2016-11-17;8.931;11;8.931
2016-11-18;7.295;11;7.295
2016-11-19;11.111;11;11.111
2016-11-20;12.555;11;12.555
2016-11-21;8.509;11;8.509
2016-11-22;7.142;11;7.142
2016-11-23;6.322;11;6.322
2016-11-24;5.748;11;5.748
2016-11-25;5.413;11;5.413
2016-11-26;6.792;11;6.792
2016-11-27;6.95;11;6.95
2016-11-28;5.428;11;5.428
2016-11-29;5.521;11;5.521
2016-11-30;4.737;11;4.737
2016-12-01;4.53;12;4.53
2016-12-02;4.526;12;4.526
2016-12-03;6.985;12;6.985
2016-12-04;5.888;12;5.888
2016-12-05;6.881;12;6.881
2016-12-06;5.626;12;5.626
2016-12-07;5.565;12;5.565
2016-12-08;5.205;12;5.205
2016-12-09;5.673;12;5.673
2016-12-10;5.081;12;5.081
2016-12-11;4.681;12;4.681
2016-12-12;4.426;12;4.426
2016-12-13;4.333;12;4.333
2016-12-14;5.124;12;5.124
2016-12-15;6.473;12;6.473
2016-12-16;30.768;12;30.768
2016-12-17;15.674;12;15.674
2016-12-18;9.52;12;9.52
2016-12-19;7.195;12;7.195
2016-12-20;8.7;12;8.7
2016-12-21;17.824;12;17.824
2016-12-22;17.658;12;17.658
2016-12-23;11.931;12;11.931
2016-12-24;10.094;12;10.094
2016-12-25;12.205;12;12.205
2016-12-26;9.956;12;9.956
2016-12-27;9.169;12;9.169
2016-12-28;8.318;12;8.318
2016-12-29;7.983;12;7.983
2016-12-30;11.602;12;11.602
2016-12-31;9.4;12;9.4
2017-01-01;7.594;1;7.594
2017-01-02;6.941;1;6.941
2017-01-03;6.321;1;6.321
2017-01-04;5.874;1;5.874
2017-01-05;5.645;1;5.645
2017-01-06;5.27;1;5.27
2017-01-07;4.932;1;4.932
2017-01-08;5.6;1;5.6
2017-01-09;5.679;1;5.679
2017-01-10;8.24;1;8.24
2017-01-11;14.285;1;14.285
2017-01-12;12.577;1;12.577
2017-01-13;8.695;1;8.695
2017-01-14;10.396;1;10.396
2017-01-15;10.025;1;10.025
2017-01-16;12.983;1;12.983
2017-01-17;10.311;1;10.311
2017-01-18;8.878;1;8.878
2017-01-19;8.569;1;8.569
2017-01-20;15.758;1;15.758
2017-01-21;18.867;1;18.867
2017-01-22;12.774;1;12.774
2017-01-23;9.476;1;9.476
2017-01-24;8.085;1;8.085
2017-01-25;7.329;1;7.329
2017-01-26;6.934;1;6.934
2017-01-27;6.479;1;6.479
2017-01-28;5.848;1;5.848
2017-01-29;5.425;1;5.425
2017-01-30;5.135;1;5.135
2017-01-31;4.91;1;4.91
2017-02-01;4.749;2;4.749
2017-02-02;4.467;2;4.467
2017-02-03;4.302;2;4.302
2017-02-04;4.275;2;4.275
2017-02-05;3.818;2;3.818
2017-02-06;3.705;2;3.705
2017-02-07;3.593;2;3.593
2017-02-08;3.443;2;3.443
2017-02-09;3.348;2;3.348
2017-02-10;3.26;2;3.26
2017-02-11;3.18;2;3.18
2017-02-12;3.21;2;3.21
2017-02-13;3.065;2;3.065
2017-02-14;2.894;2;2.894
2017-02-15;2.835;2;2.835
2017-02-16;2.728;2;2.728
2017-02-17;2.663;2;2.663
2017-02-18;2.588;2;2.588
2017-02-19;2.508;2;2.508
2017-02-20;2.667;2;2.667
2017-02-21;2.67;2;2.67
2017-02-22;2.46;2;2.46
2017-02-23;2.443;2;2.443
2017-02-24;2.319;2;2.319
2017-02-25;2.57;2;2.57
2017-02-26;2.796;2;2.796
2017-02-27;2.477;2;2.477
2017-02-28;2.791;2;2.791
2017-03-01;3.932;3;3.932
2017-03-02;9.629;3;9.629
2017-03-03;4.742;3;4.742
2017-03-04;3.49;3;3.49
2017-03-05;3.118;3;3.118
2017-03-06;3.88;3;3.88
2017-03-07;6.792;3;6.792
2017-03-08;5.232;3;5.232
2017-03-09;4.978;3;4.978
2017-03-10;14.113;3;14.113
2017-03-11;9.461;3;9.461
2017-03-12;34.144;3;34.144
2017-03-13;28.258;3;28.258
2017-03-14;19.024;3;19.024
2017-03-15;13.627;3;13.627
2017-03-16;9.463;3;9.463
2017-03-17;10.821;3;10.821
2017-03-18;8.306;3;8.306
2017-03-19;7.597;3;7.597
2017-03-20;6.97;3;6.97
2017-03-21;6.64;3;6.64
2017-03-22;6.331;3;6.331
2017-03-23;7.02;3;7.02
2017-03-24;16.659;3;16.659
2017-03-25;9.725;3;9.725
2017-03-26;16.035;3;16.035
2017-03-27;11.986;3;11.986
2017-03-28;8.701;3;8.701
2017-03-29;8.997;3;8.997
2017-03-30;9.541;3;9.541
2017-03-31;19.788;3;19.788
2017-04-01;13.781;4;13.781
2017-04-02;10.034;4;10.034
2017-04-03;8.323;4;8.323
2017-04-04;7.254;4;7.254
2017-04-05;6.611;4;6.611
2017-04-06;5.972;4;5.972
2017-04-07;5.53;4;5.53
2017-04-08;6.704;4;6.704
2017-04-09;32.146;4;32.146
2017-04-10;42.692;4;42.692
2017-04-11;24.451;4;24.451
2017-04-12;15.487;4;15.487
2017-04-13;11.089;4;11.089
2017-04-14;19.149;4;19.149
2017-04-15;11.44;4;11.44
2017-04-16;7.696;4;7.696
2017-04-17;8.428;4;8.428
2017-04-18;16.982;4;16.982
2017-04-19;18.691;4;18.691
2017-04-20;15.819;4;15.819
2017-04-21;24.945;4;24.945
2017-04-22;16.445;4;16.445
2017-04-23;11.798;4;11.798
2017-04-24;9.636;4;9.636
2017-04-25;8.789;4;8.789
2017-04-26;13.366;4;13.366
2017-04-27;8.89;4;8.89
2017-04-28;7.519;4;7.519
2017-04-29;6.407;4;6.407
2017-04-30;7.5;4;7.5
2017-05-01;6.895;5;6.895
2017-05-02;6.135;5;6.135
2017-05-03;5.591;5;5.591
2017-05-04;5.955;5;5.955
2017-05-05;6.865;5;6.865
2017-05-06;16.697;5;16.697
2017-05-07;8.028;5;8.028
2017-05-08;7.099;5;7.099
2017-05-09;7.816;5;7.816
2017-05-10;16.234;5;16.234
2017-05-11;20.204;5;20.204
2017-05-12;20.639;5;20.639
2017-05-13;34.108;5;34.108
2017-05-14;22.823;5;22.823
2017-05-15;20.535;5;20.535
2017-05-16;24.647;5;24.647
2017-05-17;20.293;5;20.293
2017-05-18;14.981;5;14.981
2017-05-19;11.894;5;11.894
2017-05-20;9.939;5;9.939
2017-05-21;9.14;5;9.14
2017-05-22;12.264;5;12.264
2017-05-23;8.338;5;8.338
2017-05-24;7.159;5;7.159
2017-05-25;6.516;5;6.516
2017-05-26;6.113;5;6.113
2017-05-27;5.624;5;5.624
2017-05-28;5.23;5;5.23
2017-05-29;5.005;5;5.005
2017-05-30;4.438;5;4.438
2017-05-31;4.533;5;4.533
2017-06-01;4.813;6;4.813
2017-06-02;4.216;6;4.216
2017-06-03;5.31;6;5.31
2017-06-04;15.396;6;15.396
2017-06-05;6.004;6;6.004
2017-06-06;4.733;6;4.733
2017-06-07;4.481;6;4.481
2017-06-08;5.255;6;5.255
2017-06-09;4.344;6;4.344
2017-06-10;3.94;6;3.94
2017-06-11;4.614;6;4.614
2017-06-12;6.715;6;6.715
2017-06-13;5.324;6;5.324
2017-06-14;4.545;6;4.545
2017-06-15;4.249;6;4.249
2017-06-16;4.065;6;4.065
2017-06-17;4.196;6;4.196
2017-06-18;5.91;6;5.91
2017-06-19;5.351;6;5.351
2017-06-20;5.389;6;5.389
2017-06-21;17.911;6;17.911
2017-06-22;8.03;6;8.03
2017-06-23;6.556;6;6.556
2017-06-24;5.826;6;5.826
2017-06-25;5.505;6;5.505
2017-06-26;5.322;6;5.322
2017-06-27;6.437;6;6.437
2017-06-28;5.534;6;5.534
2017-06-29;4.963;6;4.963
2017-06-30;4.841;6;4.841
2017-07-01;4.517;7;4.517
2017-07-02;4.457;7;4.457
2017-07-03;4.242;7;4.242
2017-07-04;3.94;7;3.94
2017-07-05;3.797;7;3.797
2017-07-06;3.634;7;3.634
2017-07-07;3.474;7;3.474
2017-07-08;3.378;7;3.378
2017-07-09;3.287;7;3.287
2017-07-10;3.226;7;3.226
2017-07-11;3.165;7;3.165
2017-07-12;3.039;7;3.039
2017-07-13;2.894;7;2.894
2017-07-14;2.835;7;2.835
2017-07-15;2.806;7;2.806
2017-07-16;2.956;7;2.956
2017-07-17;2.728;7;2.728
2017-07-18;2.646;7;2.646
2017-07-19;2.605;7;2.605
2017-07-20;2.601;7;2.601
2017-07-21;2.505;7;2.505
2017-07-22;2.495;7;2.495
2017-07-23;2.313;7;2.313
2017-07-24;2.267;7;2.267
2017-07-25;2.242;7;2.242
2017-07-26;2.178;7;2.178
2017-07-27;2.19;7;2.19
2017-07-28;2.123;7;2.123
2017-07-29;2.092;7;2.092
2017-07-30;2.046;7;2.046
2017-07-31;1.973;7;1.973
2017-08-01;1.902;8;1.902
2017-08-02;1.899;8;1.899
2017-08-03;1.875;8;1.875
2017-08-04;1.85;8;1.85
2017-08-05;1.847;8;1.847
2017-08-06;1.788;8;1.788
2017-08-07;1.745;8;1.745
2017-08-08;1.759;8;1.759
2017-08-09;1.738;8;1.738
2017-08-10;1.804;8;1.804
2017-08-11;2.191;8;2.191
2017-08-12;1.886;8;1.886
2017-08-13;1.74;8;1.74
2017-08-14;1.697;8;1.697
2017-08-15;1.616;8;1.616
2017-08-16;1.568;8;1.568
2017-08-17;1.509;8;1.509
2017-08-18;2.15;8;2.15
2017-08-19;3.192;8;3.192
2017-08-20;2.366;8;2.366
2017-08-21;2.141;8;2.141
2017-08-22;1.832;8;1.832
2017-08-23;1.683;8;1.683
2017-08-24;1.616;8;1.616
2017-08-25;1.608;8;1.608
2017-08-26;1.561;8;1.561
2017-08-27;1.615;8;1.615
2017-08-28;2.627;8;2.627
2017-08-29;1.929;8;1.929
2017-08-30;1.705;8;1.705
2017-08-31;1.614;8;1.614
2017-09-01;1.528;9;1.528
2017-09-02;1.444;9;1.444
2017-09-03;1.418;9;1.418
2017-09-04;1.385;9;1.385
2017-09-05;1.383;9;1.383
2017-09-06;1.381;9;1.381
2017-09-07;1.367;9;1.367
2017-09-08;1.513;9;1.513
2017-09-09;1.767;9;1.767
2017-09-10;1.485;9;1.485
2017-09-11;1.381;9;1.381
2017-09-12;1.314;9;1.314
2017-09-13;1.344;9;1.344
2017-09-14;1.334;9;1.334
2017-09-15;1.341;9;1.341
2017-09-16;1.307;9;1.307
2017-09-17;1.274;9;1.274
2017-09-18;1.251;9;1.251
2017-09-19;1.217;9;1.217
2017-09-20;1.182;9;1.182
2017-09-21;1.161;9;1.161
2017-09-22;1.156;9;1.156
2017-09-23;1.101;9;1.101
2017-09-24;1.205;9;1.205
2017-09-25;1.168;9;1.168
2017-09-26;1.173;9;1.173
2017-09-27;1.071;9;1.071
2017-09-28;1.073;9;1.073
2017-09-29;1.156;9;1.156
2017-09-30;1.321;9;1.321
2017-10-01;1.381;10;1.381
2017-10-02;3.105;10;3.105
2017-10-03;2.21;10;2.21
2017-10-04;5.648;10;5.648
2017-10-05;5.986;10;5.986
2017-10-06;2.792;10;2.792
2017-10-07;2.158;10;2.158
2017-10-08;1.906;10;1.906
2017-10-09;1.812;10;1.812
2017-10-10;2.121;10;2.121
2017-10-11;1.689;10;1.689
2017-10-12;1.63;10;1.63
2017-10-13;1.595;10;1.595
2017-10-14;1.589;10;1.589
2017-10-15;1.549;10;1.549
2017-10-16;1.506;10;1.506
2017-10-17;1.444;10;1.444
2017-10-18;1.402;10;1.402
2017-10-19;1.569;10;1.569
2017-10-20;1.41;10;1.41
2017-10-21;1.742;10;1.742
2017-10-22;2.249;10;2.249
2017-10-23;2.597;10;2.597
2017-10-24;3.538;10;3.538
2017-10-25;2.542;10;2.542
2017-10-26;3.295;10;3.295
2017-10-27;2.927;10;2.927
2017-10-28;3.838;10;3.838
2017-10-29;2.606;10;2.606
2017-10-30;3.485;10;3.485
2017-10-31;13.658;10;13.658
2017-11-01;6.083;11;6.083
2017-11-02;10.28;11;10.28
2017-11-03;5.161;11;5.161
2017-11-04;5.268;11;5.268
2017-11-05;5.606;11;5.606
2017-11-06;4.232;11;4.232
2017-11-07;3.709;11;3.709
2017-11-08;3.443;11;3.443
2017-11-09;3.502;11;3.502
2017-11-10;3.435;11;3.435
2017-11-11;3.081;11;3.081
2017-11-12;3.549;11;3.549
2017-11-13;4.563;11;4.563
2017-11-14;6.515;11;6.515
2017-11-15;5.315;11;5.315
2017-11-16;6.216;11;6.216
2017-11-17;14.162;11;14.162
2017-11-18;7.088;11;7.088
2017-11-19;7.542;11;7.542
2017-11-20;19.751;11;19.751
2017-11-21;14.837;11;14.837
2017-11-22;9.076;11;9.076
2017-11-23;7.536;11;7.536
2017-11-24;7.985;11;7.985
2017-11-25;7.56;11;7.56
2017-11-26;6.12;11;6.12
2017-11-27;5.614;11;5.614
2017-11-28;5.145;11;5.145
2017-11-29;4.87;11;4.87
2017-11-30;5.083;11;5.083
2017-12-01;12.196;12;12.196
2017-12-02;21.383;12;21.383
2017-12-03;14.526;12;14.526
2017-12-04;9.41;12;9.41
2017-12-05;7.488;12;7.488
2017-12-06;6.456;12;6.456
2017-12-07;5.517;12;5.517
2017-12-08;5.295;12;5.295
2017-12-09;7.467;12;7.467
2017-12-10;8.616;12;8.616
2017-12-11;7.324;12;7.324
2017-12-12;7.893;12;7.893
2017-12-13;6.415;12;6.415
2017-12-14;5.754;12;5.754
2017-12-15;5.265;12;5.265
2017-12-16;4.891;12;4.891
2017-12-17;4.567;12;4.567
2017-12-18;4.253;12;4.253
2017-12-19;4.036;12;4.036
2017-12-20;3.831;12;3.831
2017-12-21;3.613;12;3.613
2017-12-22;3.539;12;3.539
2017-12-23;3.595;12;3.595
2017-12-24;3.72;12;3.72
2017-12-25;5.586;12;5.586
2017-12-26;4.049;12;4.049
2017-12-27;6.556;12;6.556
2017-12-28;7.367;12;7.367
2017-12-29;9.182;12;9.182
2017-12-30;8.684;12;8.684
2017-12-31;8.015;12;8.015
2018-01-01;7.456;1;7.456
2018-01-02;7.195;1;7.195
2018-01-03;7.273;1;7.273
2018-01-04;6.509;1;6.509
2018-01-05;5.875;1;5.875
2018-01-06;5.63;1;5.63
2018-01-07;7.257;1;7.257
2018-01-08;7.496;1;7.496
2018-01-09;8.559;1;8.559
2018-01-10;12.75;1;12.75
2018-01-11;8.597;1;8.597
2018-01-12;7.694;1;7.694
2018-01-13;15.53;1;15.53
2018-01-14;11.919;1;11.919
2018-01-15;9.099;1;9.099
2018-01-16;9.121;1;9.121
2018-01-17;8.487;1;8.487
2018-01-18;9.952;1;9.952
2018-01-19;7.594;1;7.594
2018-01-20;6.946;1;6.946
2018-01-21;6.446;1;6.446
2018-01-22;5.939;1;5.939
2018-01-23;4.133;1;4.133
2018-01-24;4.095;1;4.095
2018-01-25;3.566;1;3.566
2018-01-26;3.433;1;3.433
2018-01-27;3.29;1;3.29
2018-01-28;3.157;1;3.157
2018-01-29;3.111;1;3.111
2018-01-30;3.15;1;3.15
2018-01-31;2.827;1;2.827
2018-02-01;2.726;2;2.726
2018-02-02;2.712;2;2.712
2018-02-03;2.8;2;2.8
2018-02-04;2.92;2;2.92
2018-02-05;5.446;2;5.446
2018-02-06;5.424;2;5.424
2018-02-07;5.492;2;5.492
2018-02-08;3.727;2;3.727
2018-02-09;3.36;2;3.36
2018-02-10;3.925;2;3.925
2018-02-11;5.977;2;5.977
2018-02-12;4.399;2;4.399
2018-02-13;3.86;2;3.86
2018-02-14;3.786;2;3.786
2018-02-15;5.448;2;5.448
2018-02-16;4.05;2;4.05
2018-02-17;4.215;2;4.215
2018-02-18;9.413;2;9.413
2018-02-19;9.946;2;9.946
2018-02-20;6.531;2;6.531
2018-02-21;6.252;2;6.252
2018-02-22;6.017;2;6.017
2018-02-23;5.43;2;5.43
2018-02-24;5.05;2;5.05
2018-02-25;4.824;2;4.824
2018-02-26;4.414;2;4.414
2018-02-27;4.158;2;4.158
2018-02-28;3.96;2;3.96
2018-03-01;3.777;3;3.777
2018-03-02;3.768;3;3.768
2018-03-03;3.66;3;3.66
2018-03-04;3.598;3;3.598
2018-03-05;3.693;3;3.693
2018-03-06;3.787;3;3.787
2018-03-07;3.336;3;3.336
2018-03-08;3.175;3;3.175
2018-03-09;3.122;3;3.122
2018-03-10;2.97;3;2.97
2018-03-11;2.833;3;2.833
2018-03-12;2.764;3;2.764
2018-03-13;2.698;3;2.698
2018-03-14;2.61;3;2.61
2018-03-15;2.6;3;2.6
2018-03-16;2.837;3;2.837
2018-03-17;2.665;3;2.665
2018-03-18;2.585;3;2.585
2018-03-19;3.043;3;3.043
2018-03-20;2.709;3;2.709
2018-03-21;2.542;3;2.542
2018-03-22;2.488;3;2.488
2018-03-23;2.534;3;2.534
2018-03-24;3.247;3;3.247
2018-03-25;3.296;3;3.296
2018-03-26;2.634;3;2.634
2018-03-27;3.853;3;3.853
2018-03-28;2.964;3;2.964
2018-03-29;2.88;3;2.88
2018-03-30;4.436;3;4.436
2018-03-31;9.718;3;9.718
2018-04-01;4.624;4;4.624
2018-04-02;4.811;4;4.811
2018-04-03;4.616;4;4.616
2018-04-04;3.749;4;3.749
2018-04-05;3.268;4;3.268
2018-04-06;3.14;4;3.14
2018-04-07;2.923;4;2.923
2018-04-08;2.745;4;2.745
2018-04-09;2.632;4;2.632
2018-04-10;2.549;4;2.549
2018-04-11;2.558;4;2.558
2018-04-12;2.46;4;2.46
2018-04-13;5.565;4;5.565
2018-04-14;4.05;4;4.05
2018-04-15;2.726;4;2.726
2018-04-16;2.693;4;2.693
2018-04-17;2.569;4;2.569
2018-04-18;2.48;4;2.48
2018-04-19;2.403;4;2.403
2018-04-20;2.375;4;2.375
2018-04-21;2.305;4;2.305
2018-04-22;2.28;4;2.28
2018-04-23;2.382;4;2.382
2018-04-24;3.399;4;3.399
2018-04-25;4.087;4;4.087
2018-04-26;2.551;4;2.551
2018-04-27;2.316;4;2.316
2018-04-28;2.769;4;2.769
2018-04-29;2.285;4;2.285
2018-04-30;2.213;4;2.213
2018-05-01;2.976;5;2.976
2018-05-02;2.443;5;2.443
2018-05-03;2.445;5;2.445
2018-05-04;3.935;5;3.935
2018-05-05;2.984;5;2.984
2018-05-06;3.433;5;3.433
2018-05-07;4.913;5;4.913
2018-05-08;6.354;5;6.354
2018-05-09;4.122;5;4.122
2018-05-10;4.395;5;4.395
2018-05-11;3.727;5;3.727
2018-05-12;3.37;5;3.37
2018-05-13;5.046;5;5.046
2018-05-14;4.637;5;4.637
2018-05-15;4.484;5;4.484
2018-05-16;3.71;5;3.71
2018-05-17;3.832;5;3.832
2018-05-18;6.028;5;6.028
2018-05-19;4.14;5;4.14
2018-05-20;4.658;5;4.658
2018-05-21;3.87;5;3.87
2018-05-22;3.679;5;3.679
2018-05-23;3.998;5;3.998
2018-05-24;3.534;5;3.534
2018-05-25;3.298;5;3.298
2018-05-26;3.304;5;3.304
2018-05-27;4.027;5;4.027
2018-05-28;4.613;5;4.613
2018-05-29;3.618;5;3.618
2018-05-30;4.556;5;4.556
2018-05-31;4.029;5;4.029
2018-06-01;4.403;6;4.403
2018-06-02;3.605;6;3.605
2018-06-03;3.79;6;3.79
2018-06-04;3.518;6;3.518
2018-06-05;3.33;6;3.33
2018-06-06;3.835;6;3.835
2018-06-07;3.237;6;3.237
2018-06-08;3.184;6;3.184
2018-06-09;2.97;6;2.97
2018-06-10;2.891;6;2.891
2018-06-11;3.009;6;3.009
2018-06-12;2.792;6;2.792
2018-06-13;2.66;6;2.66
2018-06-14;2.691;6;2.691
2018-06-15;3.315;6;3.315
2018-06-16;2.687;6;2.687
2018-06-17;2.547;6;2.547
2018-06-18;2.478;6;2.478
2018-06-19;2.403;6;2.403
2018-06-20;2.358;6;2.358
2018-06-21;2.305;6;2.305
2018-06-22;2.278;6;2.278
2018-06-23;2.197;6;2.197
2018-06-24;2.315;6;2.315
2018-06-25;2.11;6;2.11
2018-06-26;2.064;6;2.064
2018-06-27;2.129;6;2.129
2018-06-28;3.317;6;3.317
2018-06-29;2.536;6;2.536
2018-06-30;5.141;6;5.141
2018-07-01;3.803;7;3.803
2018-07-02;2.723;7;2.723
2018-07-03;2.483;7;2.483
2018-07-04;2.343;7;2.343
2018-07-05;2.225;7;2.225
2018-07-06;2.195;7;2.195
2018-07-07;2.211;7;2.211
2018-07-08;2.942;7;2.942
2018-07-09;2.256;7;2.256
2018-07-10;2.123;7;2.123
2018-07-11;2.048;7;2.048
2018-07-12;2.01;7;2.01
2018-07-13;1.972;7;1.972
2018-07-14;1.92;7;1.92
2018-07-15;1.868;7;1.868
2018-07-16;1.83;7;1.83
2018-07-17;1.798;7;1.798
2018-07-18;1.841;7;1.841
2018-07-19;1.832;7;1.832
2018-07-20;1.828;7;1.828
2018-07-21;1.776;7;1.776
2018-07-22;1.726;7;1.726
2018-07-23;1.706;7;1.706
2018-07-24;1.71;7;1.71
2018-07-25;1.728;7;1.728
2018-07-26;1.763;7;1.763
2018-07-27;1.773;7;1.773
2018-07-28;1.674;7;1.674
2018-07-29;1.672;7;1.672
2018-07-30;2.356;7;2.356
2018-07-31;4.277;7;4.277
2018-08-01;2.397;8;2.397
2018-08-02;1.988;8;1.988
2018-08-03;2.014;8;2.014
2018-08-04;2.526;8;2.526
2018-08-05;2.176;8;2.176
2018-08-06;1.877;8;1.877
2018-08-07;1.792;8;1.792
2018-08-08;1.708;8;1.708
2018-08-09;1.644;8;1.644
2018-08-10;1.568;8;1.568
2018-08-11;1.532;8;1.532
2018-08-12;1.5;8;1.5
2018-08-13;1.482;8;1.482
2018-08-14;1.755;8;1.755
2018-08-15;2.299;8;2.299
2018-08-16;1.481;8;1.481
2018-08-17;1.349;8;1.349
2018-08-18;1.306;8;1.306
2018-08-19;1.302;8;1.302
2018-08-20;1.275;8;1.275
2018-08-21;1.246;8;1.246
2018-08-22;1.216;8;1.216
2018-08-23;1.174;8;1.174
2018-08-24;1.168;8;1.168
2018-08-25;1.322;8;1.322
2018-08-26;1.163;8;1.163
2018-08-27;1.344;8;1.344
2018-08-28;1.096;8;1.096
2018-08-29;1.076;8;1.076
2018-08-30;1.065;8;1.065
2018-08-31;1.055;8;1.055
2018-09-01;1.076;9;1.076
2018-09-02;1.051;9;1.051
2018-09-03;1.185;9;1.185
2018-09-04;1.099;9;1.099
2018-09-05;1.075;9;1.075
2018-09-06;1.015;9;1.015
2018-09-07;1.157;9;1.157
2018-09-08;1.089;9;1.089
2018-09-09;1.026;9;1.026
2018-09-10;0.967;9;0.967
2018-09-11;0.938;9;0.938
2018-09-12;1.005;9;1.005
2018-09-13;2.882;9;2.882
2018-09-14;3.032;9;3.032
2018-09-15;3.947;9;3.947
2018-09-16;3.656;9;3.656
2018-09-17;2.328;9;2.328
2018-09-18;2.944;9;2.944
2018-09-19;4.076;9;4.076
2018-09-20;3.561;9;3.561
2018-09-21;2.067;9;2.067
2018-09-22;1.886;9;1.886
2018-09-23;1.776;9;1.776
2018-09-24;1.692;9;1.692
2018-09-25;1.63;9;1.63
2018-09-26;1.626;9;1.626
2018-09-27;1.986;9;1.986
2018-09-28;1.938;9;1.938
2018-09-29;1.931;9;1.931
2018-09-30;1.67;9;1.67
2018-10-01;1.7;10;1.7
2018-10-02;1.648;10;1.648
2018-10-03;2.193;10;2.193
2018-10-04;2.129;10;2.129
2018-10-05;3.637;10;3.637
2018-10-06;1.852;10;1.852
2018-10-07;2.154;10;2.154
2018-10-08;8.521;10;8.521
2018-10-09;3.411;10;3.411
2018-10-10;4.794;10;4.794
2018-10-11;4.138;10;4.138
2018-10-12;3.098;10;3.098
2018-10-13;2.674;10;2.674
2018-10-14;2.346;10;2.346
2018-10-15;2.127;10;2.127
2018-10-16;2.028;10;2.028
2018-10-17;1.938;10;1.938
2018-10-18;2.852;10;2.852
2018-10-19;5.653;10;5.653
2018-10-20;2.883;10;2.883
2018-10-21;2.316;10;2.316
2018-10-22;2.198;10;2.198
2018-10-23;2.083;10;2.083
2018-10-24;1.922;10;1.922
2018-10-25;1.796;10;1.796
2018-10-26;1.756;10;1.756
2018-10-27;2.694;10;2.694
2018-10-28;4.32;10;4.32
2018-10-29;2.948;10;2.948
2018-10-30;3.19;10;3.19
2018-10-31;9.286;10;9.286
2018-11-01;5.05;11;5.05
2018-11-02;10.874;11;10.874
2018-11-03;13.093;11;13.093
2018-11-04;11.888;11;11.888
2018-11-05;9.679;11;9.679
2018-11-06;7.263;11;7.263
2018-11-07;5.602;11;5.602
2018-11-08;4.852;11;4.852
2018-11-09;5.582;11;5.582
2018-11-10;12.555;11;12.555
2018-11-11;7.696;11;7.696
2018-11-12;11.187;11;11.187
2018-11-13;6.663;11;6.663
2018-11-14;5.865;11;5.865
2018-11-15;4.651;11;4.651
2018-11-16;4.099;11;4.099
2018-11-17;3.879;11;3.879
2018-11-18;4.508;11;4.508
2018-11-19;5.643;11;5.643
2018-11-20;7.059;11;7.059
2018-11-21;10.566;11;10.566
2018-11-22;6.958;11;6.958
2018-11-23;5.622;11;5.622
2018-11-24;4.754;11;4.754
2018-11-25;5.873;11;5.873
2018-11-26;9.135;11;9.135
2018-11-27;18.24;11;18.24
2018-11-28;20.22;11;20.22
2018-11-29;13.688;11;13.688
2018-11-30;12.621;11;12.621
2018-12-01;13.425;12;13.425
2018-12-02;10.132;12;10.132
2018-12-03;8.243;12;8.243
2018-12-04;7.252;12;7.252
2018-12-05;6.893;12;6.893
2018-12-06;10.561;12;10.561
2018-12-07;6.423;12;6.423
2018-12-08;5.533;12;5.533
2018-12-09;4.945;12;4.945
2018-12-10;4.523;12;4.523
2018-12-11;4.186;12;4.186
2018-12-12;3.91;12;3.91
2018-12-13;3.719;12;3.719
2018-12-14;3.514;12;3.514
2018-12-15;3.293;12;3.293
2018-12-16;3.081;12;3.081
2018-12-17;2.899;12;2.899
2018-12-18;2.783;12;2.783
2018-12-19;2.657;12;2.657
2018-12-20;2.544;12;2.544
2018-12-21;2.639;12;2.639
2018-12-22;2.765;12;2.765
2018-12-23;2.394;12;2.394
2018-12-24;2.24;12;2.24
2018-12-25;2.123;12;2.123
2018-12-26;2.078;12;2.078
2018-12-27;1.979;12;1.979
2018-12-28;1.902;12;1.902
2018-12-29;1.83;12;1.83
2018-12-30;1.76;12;1.76
2018-12-31;1.722;12;1.722
2019-01-01;1.664;1;1.664
2019-01-02;1.654;1;1.654
2019-01-03;1.58;1;1.58
2019-01-04;1.518;1;1.518
2019-01-05;1.47;1;1.47
2019-01-06;1.436;1;1.436
2019-01-07;1.502;1;1.502
2019-01-08;1.558;1;1.558
2019-01-09;1.584;1;1.584
2019-01-10;1.94;1;1.94
2019-01-11;1.474;1;1.474
2019-01-12;1.409;1;1.409
2019-01-13;1.539;1;1.539
2019-01-14;2.321;1;2.321
2019-01-15;1.666;1;1.666
2019-01-16;1.456;1;1.456
2019-01-17;1.404;1;1.404
2019-01-18;1.349;1;1.349
2019-01-19;1.317;1;1.317
2019-01-20;1.277;1;1.277
2019-01-21;1.259;1;1.259
2019-01-22;1.217;1;1.217
2019-01-23;1.201;1;1.201
2019-01-24;1.163;1;1.163
2019-01-25;1.145;1;1.145
2019-01-26;1.128;1;1.128
2019-01-27;1.106;1;1.106
2019-01-28;1.35;1;1.35
2019-01-29;1.532;1;1.532
2019-01-30;1.263;1;1.263
2019-01-31;1.655;1;1.655
2019-02-01;1.85;2;1.85
2019-02-02;1.382;2;1.382
2019-02-03;1.233;2;1.233
2019-02-04;1.174;2;1.174
2019-02-05;1.143;2;1.143
2019-02-06;1.113;2;1.113
2019-02-07;1.422;2;1.422
2019-02-08;3.494;2;3.494
2019-02-09;1.813;2;1.813
2019-02-10;1.295;2;1.295
2019-02-11;1.302;2;1.302
2019-02-12;1.154;2;1.154
2019-02-13;1.117;2;1.117
2019-02-14;1.089;2;1.089
2019-02-15;1.042;2;1.042
2019-02-16;1.024;2;1.024
2019-02-17;0.972;2;0.972
2019-02-18;1.04;2;1.04
2019-02-19;1.341;2;1.341
2019-02-20;1.245;2;1.245
2019-02-21;1.084;2;1.084
2019-02-22;1.34;2;1.34
2019-02-23;1.37;2;1.37
2019-02-24;1.416;2;1.416
2019-02-25;1.361;2;1.361
2019-02-26;3.387;2;3.387
2019-02-27;8.023;2;8.023
2019-02-28;5.123;2;5.123
2019-03-01;2.656;3;2.656
2019-03-02;2.062;3;2.062
2019-03-03;2.019;3;2.019
2019-03-04;2.607;3;2.607
2019-03-05;2.605;3;2.605
2019-03-06;2.081;3;2.081
2019-03-07;1.877;3;1.877
2019-03-08;1.945;3;1.945
2019-03-09;1.868;3;1.868
2019-03-10;1.796;3;1.796
2019-03-11;2.3;3;2.3
2019-03-12;1.883;3;1.883
2019-03-13;1.718;3;1.718
2019-03-14;1.686;3;1.686
2019-03-15;1.903;3;1.903
2019-03-16;1.591;3;1.591
2019-03-17;1.504;3;1.504
2019-03-18;1.5;3;1.5
2019-03-19;3.862;3;3.862
2019-03-20;3.208;3;3.208
2019-03-21;2.066;3;2.066
2019-03-22;4.285;3;4.285
2019-03-23;3.289;3;3.289
2019-03-24;4.782;3;4.782
2019-03-25;3.349;3;3.349
2019-03-26;2.575;3;2.575
2019-03-27;2.308;3;2.308
2019-03-28;2.338;3;2.338
2019-03-29;5.081;3;5.081
2019-03-30;4.494;3;4.494
2019-03-31;2.915;3;2.915
2019-04-01;3.932;4;3.932
2019-04-02;4.569;4;4.569
2019-04-03;3.837;4;3.837
2019-04-04;3.405;4;3.405
2019-04-05;3.223;4;3.223
2019-04-06;5.364;4;5.364
2019-04-07;4.01;4;4.01
2019-04-08;3.569;4;3.569
2019-04-09;3.732;4;3.732
2019-04-10;4.992;4;4.992
2019-04-11;3.899;4;3.899
2019-04-12;3.625;4;3.625
2019-04-13;3.208;4;3.208
2019-04-14;3.263;4;3.263
2019-04-15;5.921;4;5.921
2019-04-16;4.628;4;4.628
2019-04-17;3.96;4;3.96
2019-04-18;7.652;4;7.652
2019-04-19;6.666;4;6.666
2019-04-20;5.257;4;5.257
2019-04-21;6.998;4;6.998
2019-04-22;6.261;4;6.261
2019-04-23;6.786;4;6.786
2019-04-24;5.616;4;5.616
2019-04-25;4.543;4;4.543
2019-04-26;4.172;4;4.172
2019-04-27;4.354;4;4.354
2019-04-28;3.886;4;3.886
2019-04-29;3.592;4;3.592
2019-04-30;3.296;4;3.296
2019-05-01;3.081;5;3.081
2019-05-02;2.896;5;2.896
2019-05-03;2.742;5;2.742
2019-05-04;2.61;5;2.61
2019-05-05;2.483;5;2.483
2019-05-06;2.398;5;2.398
2019-05-07;2.285;5;2.285
2019-05-08;2.24;5;2.24
2019-05-09;2.598;5;2.598
2019-05-10;3.25;5;3.25
2019-05-11;2.289;5;2.289
2019-05-12;2.466;5;2.466
2019-05-13;2.124;5;2.124
2019-05-14;2.174;5;2.174
2019-05-15;2.008;5;2.008
2019-05-16;2.455;5;2.455
2019-05-17;2.031;5;2.031
2019-05-18;2.597;5;2.597
2019-05-19;5.886;5;5.886
2019-05-20;4.562;5;4.562
2019-05-21;2.969;5;2.969
2019-05-22;2.611;5;2.611
2019-05-23;2.745;5;2.745
2019-05-24;3.59;5;3.59
2019-05-25;5.04;5;5.04
2019-05-26;6.538;5;6.538
2019-05-27;4.807;5;4.807
2019-05-28;3.998;5;3.998
2019-05-29;8.938;5;8.938
2019-05-30;5.407;5;5.407
2019-05-31;8.809;5;8.809
2019-06-01;7.322;6;7.322
2019-06-02;6.113;6;6.113
2019-06-03;6.268;6;6.268
2019-06-04;4.954;6;4.954
2019-06-05;4.651;6;4.651
2019-06-06;5.147;6;5.147
2019-06-07;11.24;6;11.24
2019-06-08;8.792;6;8.792
2019-06-09;6.059;6;6.059
2019-06-10;4.84;6;4.84
2019-06-11;4.471;6;4.471
2019-06-12;3.907;6;3.907
2019-06-13;3.585;6;3.585
2019-06-14;3.49;6;3.49
2019-06-15;3.346;6;3.346
2019-06-16;3.403;6;3.403
2019-06-17;2.945;6;2.945
2019-06-18;2.745;6;2.745
2019-06-19;2.635;6;2.635
2019-06-20;2.524;6;2.524
2019-06-21;2.328;6;2.328
2019-06-22;2.273;6;2.273
2019-06-23;2.183;6;2.183
2019-06-24;2.12;6;2.12
2019-06-25;2.583;6;2.583
2019-06-26;2.272;6;2.272
2019-06-27;2.064;6;2.064
2019-06-28;1.956;6;1.956
2019-06-29;1.882;6;1.882
2019-06-30;1.799;6;1.799
2019-07-01;1.776;7;1.776
2019-07-02;1.744;7;1.744
2019-07-03;1.72;7;1.72
2019-07-04;1.728;7;1.728
2019-07-05;2.094;7;2.094
2019-07-06;2.666;7;2.666
2019-07-07;1.648;7;1.648
2019-07-08;1.592;7;1.592
2019-07-09;1.51;7;1.51
2019-07-10;1.524;7;1.524
2019-07-11;1.452;7;1.452
2019-07-12;1.42;7;1.42
2019-07-13;1.393;7;1.393
2019-07-14;1.391;7;1.391
2019-07-15;1.396;7;1.396
2019-07-16;1.541;7;1.541
2019-07-17;1.379;7;1.379
2019-07-18;1.333;7;1.333
2019-07-19;1.291;7;1.291
2019-07-20;1.246;7;1.246
2019-07-21;1.217;7;1.217
2019-07-22;1.226;7;1.226
2019-07-23;1.33;7;1.33
2019-07-24;1.486;7;1.486
2019-07-25;1.455;7;1.455
2019-07-26;2.642;7;2.642
2019-07-27;1.362;7;1.362
2019-07-28;1.248;7;1.248
2019-07-29;1.179;7;1.179
2019-07-30;1.195;7;1.195
2019-07-31;1.132;7;1.132
2019-08-01;1.093;8;1.093
2019-08-02;1.076;8;1.076
2019-08-03;1.054;8;1.054
2019-08-04;1.039;8;1.039
2019-08-05;1.01;8;1.01
2019-08-06;0.963;8;0.963
2019-08-07;0.95;8;0.95
2019-08-08;0.935;8;0.935
2019-08-09;0.909;8;0.909
2019-08-10;0.894;8;0.894
2019-08-11;0.883;8;0.883
2019-08-12;0.883;8;0.883
2019-08-13;0.872;8;0.872
2019-08-14;0.857;8;0.857
2019-08-15;0.798;8;0.798
2019-08-16;0.79;8;0.79
2019-08-17;0.846;8;0.846
2019-08-18;0.828;8;0.828
2019-08-19;0.808;8;0.808
2019-08-20;0.806;8;0.806
2019-08-21;0.776;8;0.776
2019-08-22;0.774;8;0.774
2019-08-23;0.766;8;0.766
2019-08-24;0.765;8;0.765
2019-08-25;0.765;8;0.765
2019-08-26;0.765;8;0.765
2019-08-27;0.764;8;0.764
2019-08-28;0.755;8;0.755
2019-08-29;0.745;8;0.745
2019-08-30;0.744;8;0.744
2019-08-31;0.743;8;0.743
2019-09-01;0.735;9;0.735
2019-09-02;0.723;9;0.723
2019-09-03;0.694;9;0.694
2019-09-04;0.744;9;0.744
2019-09-05;0.67;9;0.67
2019-09-06;0.69;9;0.69
2019-09-07;0.699;9;0.699
2019-09-08;0.653;9;0.653
2019-09-09;0.641;9;0.641
2019-09-10;0.643;9;0.643
2019-09-11;0.658;9;0.658
2019-09-12;0.714;9;0.714
2019-09-13;0.741;9;0.741
2019-09-14;0.693;9;0.693
2019-09-15;0.701;9;0.701
2019-09-16;0.682;9;0.682
2019-09-17;0.718;9;0.718
2019-09-18;1.42;9;1.42
2019-09-19;1.483;9;1.483
2019-09-20;2.093;9;2.093
2019-09-21;1.308;9;1.308
2019-09-22;0.94;9;0.94
2019-09-23;0.848;9;0.848
2019-09-24;0.789;9;0.789
2019-09-25;0.854;9;0.854
2019-09-26;1.598;9;1.598
2019-09-27;1.031;9;1.031
2019-09-28;1.023;9;1.023
2019-09-29;0.891;9;0.891
2019-09-30;1.229;9;1.229
2019-10-01;3.129;10;3.129
2019-10-02;1.382;10;1.382
2019-10-03;1.41;10;1.41
2019-10-04;1.26;10;1.26
2019-10-05;1.056;10;1.056
2019-10-06;1.172;10;1.172
2019-10-07;1.59;10;1.59
2019-10-08;1.133;10;1.133
2019-10-09;1.059;10;1.059
2019-10-10;0.977;10;0.977
2019-10-11;1.112;10;1.112
2019-10-12;0.982;10;0.982
2019-10-13;0.922;10;0.922
2019-10-14;0.896;10;0.896
2019-10-15;0.891;10;0.891
2019-10-16;0.942;10;0.942
2019-10-17;0.901;10;0.901
2019-10-18;1.193;10;1.193
2019-10-19;1.189;10;1.189
2019-10-20;1.337;10;1.337
2019-10-21;1.097;10;1.097
2019-10-22;1.219;10;1.219
2019-10-23;1.641;10;1.641
2019-10-24;1.183;10;1.183
2019-10-25;1.081;10;1.081
2019-10-26;1.063;10;1.063
2019-10-27;1.0;10;1.0
2019-10-28;0.98;10;0.98
2019-10-29;1.026;10;1.026
2019-10-30;1.054;10;1.054
2019-10-31;0.966;10;0.966
2019-11-01;1.736;11;1.736
2019-11-02;2.853;11;2.853
2019-11-03;1.654;11;1.654
2019-11-04;1.272;11;1.272
2019-11-05;1.159;11;1.159
2019-11-06;1.107;11;1.107
2019-11-07;1.217;11;1.217
2019-11-08;1.137;11;1.137
2019-11-09;1.705;11;1.705
2019-11-10;1.233;11;1.233
2019-11-11;1.102;11;1.102
2019-11-12;2.157;11;2.157
2019-11-13;4.369;11;4.369
2019-11-14;2.949;11;2.949
2019-11-15;6.211;11;6.211
2019-11-16;6.06;11;6.06
2019-11-17;3.889;11;3.889
2019-11-18;3.368;11;3.368
2019-11-19;2.97;11;2.97
2019-11-20;3.316;11;3.316
2019-11-21;3.619;11;3.619
2019-11-22;5.395;11;5.395
2019-11-23;7.821;11;7.821
2019-11-24;6.972;11;6.972
2019-11-25;4.614;11;4.614
2019-11-26;3.825;11;3.825
2019-11-27;3.324;11;3.324
2019-11-28;2.985;11;2.985
2019-11-29;2.9;11;2.9
2019-11-30;2.789;11;2.789
2019-12-01;2.446;12;2.446
2019-12-02;2.26;12;2.26
2019-12-03;2.302;12;2.302
2019-12-04;4.707;12;4.707
2019-12-05;4.376;12;4.376
2019-12-06;5.027;12;5.027
2019-12-07;9.767;12;9.767
2019-12-08;7.547;12;7.547
2019-12-09;5.157;12;5.157
2019-12-10;4.247;12;4.247
2019-12-11;4.563;12;4.563
2019-12-12;5.267;12;5.267
2019-12-13;6.338;12;6.338
2019-12-14;6.037;12;6.037
2019-12-15;5.994;12;5.994
2019-12-16;5.421;12;5.421
2019-12-17;8.171;12;8.171
2019-12-18;15.299;12;15.299
2019-12-19;10.429;12;10.429
2019-12-20;7.497;12;7.497
2019-12-21;6.12;12;6.12
2019-12-22;5.257;12;5.257
2019-12-23;4.675;12;4.675
2019-12-24;4.214;12;4.214
2019-12-25;3.827;12;3.827
2019-12-26;3.495;12;3.495
2019-12-27;3.266;12;3.266
2019-12-28;3.011;12;3.011
2019-12-29;2.936;12;2.936
2019-12-30;4.441;12;4.441
2019-12-31;7.687;12;7.687
