YYYY-MM-DD;Value;month;Value_imputed
1959-01-01;11.6;1;11.6
1959-01-02;8.1;1;8.1
1959-01-03;8.3;1;8.3
1959-01-04;7.3;1;7.3
1959-01-05;6.3;1;6.3
1959-01-06;6.1;1;6.1
1959-01-07;5.1;1;5.1
1959-01-08;4.6;1;4.6
1959-01-09;4.2;1;4.2
1959-01-10;4.0;1;4.0
1959-01-11;3.9;1;3.9
1959-01-12;3.7;1;3.7
1959-01-13;3.6;1;3.6
1959-01-14;3.6;1;3.6
1959-01-15;3.5;1;3.5
1959-01-16;3.3;1;3.3
1959-01-17;3.3;1;3.3
1959-01-18;3.4;1;3.4
1959-01-19;5.0;1;5.0
1959-01-20;4.4;1;4.4
1959-01-21;7.0;1;7.0
1959-01-22;6.2;1;6.2
1959-01-23;5.3;1;5.3
1959-01-24;4.6;1;4.6
1959-01-25;4.4;1;4.4
1959-01-26;3.7;1;3.7
1959-01-27;4.0;1;4.0
1959-01-28;3.7;1;3.7
1959-01-29;3.7;1;3.7
1959-01-30;3.6;1;3.6
1959-01-31;3.6;1;3.6
1959-02-01;3.4;2;3.4
1959-02-02;3.2;2;3.2
1959-02-03;3.8;2;3.8
1959-02-04;3.8;2;3.8
1959-02-05;4.0;2;4.0
1959-02-06;3.8;2;3.8
1959-02-07;3.6;2;3.6
1959-02-08;3.4;2;3.4
1959-02-09;3.3;2;3.3
1959-02-10;3.2;2;3.2
1959-02-11;3.2;2;3.2
1959-02-12;3.2;2;3.2
1959-02-13;3.1;2;3.1
1959-02-14;3.0;2;3.0
1959-02-15;3.0;2;3.0
1959-02-16;3.0;2;3.0
1959-02-17;3.0;2;3.0
1959-02-18;2.9;2;2.9
1959-02-19;3.1;2;3.1
1959-02-20;3.1;2;3.1
1959-02-21;3.0;2;3.0
1959-02-22;3.2;2;3.2
1959-02-23;3.5;2;3.5
1959-02-24;3.2;2;3.2
1959-02-25;5.0;2;5.0
1959-02-26;4.2;2;4.2
1959-02-27;3.5;2;3.5
1959-02-28;3.2;2;3.2
1959-03-01;3.1;3;3.1
1959-03-02;27.6;3;27.6
1959-03-03;14.5;3;14.5
1959-03-04;7.9;3;7.9
1959-03-05;14.4;3;14.4
1959-03-06;8.3;3;8.3
1959-03-07;6.3;3;6.3
1959-03-08;4.6;3;4.6
1959-03-09;3.8;3;3.8
1959-03-10;3.4;3;3.4
1959-03-11;3.2;3;3.2
1959-03-12;3.1;3;3.1
1959-03-13;4.3;3;4.3
1959-03-14;3.8;3;3.8
1959-03-15;3.2;3;3.2
1959-03-16;3.2;3;3.2
1959-03-17;3.2;3;3.2
1959-03-18;3.8;3;3.8
1959-03-19;3.3;3;3.3
1959-03-20;6.1;3;6.1
1959-03-21;6.4;3;6.4
1959-03-22;5.9;3;5.9
1959-03-23;4.7;3;4.7
1959-03-24;3.8;3;3.8
1959-03-25;7.0;3;7.0
1959-03-26;5.9;3;5.9
1959-03-27;4.9;3;4.9
1959-03-28;4.4;3;4.4
1959-03-29;7.0;3;7.0
1959-03-30;7.5;3;7.5
1959-03-31;5.8;3;5.8
1959-04-01;5.0;4;5.0
1959-04-02;4.2;4;4.2
1959-04-03;3.8;4;3.8
1959-04-04;3.4;4;3.4
1959-04-05;24.2;4;24.2
1959-04-06;11.2;4;11.2
1959-04-07;10.4;4;10.4
1959-04-08;7.5;4;7.5
1959-04-09;10.6;4;10.6
1959-04-10;6.6;4;6.6
1959-04-11;5.4;4;5.4
1959-04-12;6.6;4;6.6
1959-04-13;5.3;4;5.3
1959-04-14;5.6;4;5.6
1959-04-15;6.7;4;6.7
1959-04-16;43.8;4;43.8
1959-04-17;19.2;4;19.2
1959-04-18;16.2;4;16.2
1959-04-19;21.2;4;21.2
1959-04-20;17.5;4;17.5
1959-04-21;19.2;4;19.2
1959-04-22;17.5;4;17.5
1959-04-23;14.2;4;14.2
1959-04-24;20.1;4;20.1
1959-04-25;11.5;4;11.5
1959-04-26;13.0;4;13.0
1959-04-27;10.5;4;10.5
1959-04-28;7.5;4;7.5
1959-04-29;7.0;4;7.0
1959-04-30;6.1;4;6.1
1959-05-01;5.5;5;5.5
1959-05-02;6.4;5;6.4
1959-05-03;21.2;5;21.2
1959-05-04;35.9;5;35.9
1959-05-05;79.8;5;79.8
1959-05-06;38.0;5;38.0
1959-05-07;47.3;5;47.3
1959-05-08;147.0;5;147.0
1959-05-09;96.0;5;96.0
1959-05-10;86.2;5;86.2
1959-05-11;55.0;5;55.0
1959-05-12;28.8;5;28.8
1959-05-13;29.6;5;29.6
1959-05-14;22.8;5;22.8
1959-05-15;15.8;5;15.8
1959-05-16;12.6;5;12.6
1959-05-17;9.6;5;9.6
1959-05-18;8.9;5;8.9
1959-05-19;7.8;5;7.8
1959-05-20;7.3;5;7.3
1959-05-21;12.3;5;12.3
1959-05-22;15.4;5;15.4
1959-05-23;33.2;5;33.2
1959-05-24;27.5;5;27.5
1959-05-25;16.6;5;16.6
1959-05-26;10.5;5;10.5
1959-05-27;8.9;5;8.9
1959-05-28;7.5;5;7.5
1959-05-29;6.8;5;6.8
1959-05-30;10.9;5;10.9
1959-05-31;10.9;5;10.9
1959-06-01;8.1;6;8.1
1959-06-02;8.4;6;8.4
1959-06-03;6.8;6;6.8
1959-06-04;6.8;6;6.8
1959-06-05;7.8;6;7.8
1959-06-06;33.2;6;33.2
1959-06-07;46.4;6;46.4
1959-06-08;47.3;6;47.3
1959-06-09;38.7;6;38.7
1959-06-10;320.0;6;320.0
1959-06-11;182.0;6;182.0
1959-06-12;54.0;6;54.0
1959-06-13;34.6;6;34.6
1959-06-14;33.2;6;33.2
1959-06-15;44.8;6;44.8
1959-06-16;41.3;6;41.3
1959-06-17;43.8;6;43.8
1959-06-18;42.1;6;42.1
1959-06-19;31.8;6;31.8
1959-06-20;53.0;6;53.0
1959-06-21;35.9;6;35.9
1959-06-22;26.2;6;26.2
1959-06-23;19.6;6;19.6
1959-06-24;15.4;6;15.4
1959-06-25;15.8;6;15.8
1959-06-26;35.9;6;35.9
1959-06-27;37.3;6;37.3
1959-06-28;47.3;6;47.3
1959-06-29;26.2;6;26.2
1959-06-30;22.8;6;22.8
1959-07-01;282.4;7;282.4
1959-07-02;121.0;7;121.0
1959-07-03;44.8;7;44.8
1959-07-04;26.2;7;26.2
1959-07-05;27.5;7;27.5
1959-07-06;28.1;7;28.1
1959-07-07;24.6;7;24.6
1959-07-08;38.0;7;38.0
1959-07-09;23.4;7;23.4
1959-07-10;19.2;7;19.2
1959-07-11;16.6;7;16.6
1959-07-12;16.6;7;16.6
1959-07-13;24.0;7;24.0
1959-07-14;43.8;7;43.8
1959-07-15;28.1;7;28.1
1959-07-16;26.2;7;26.2
1959-07-17;165.4;7;165.4
1959-07-18;38.0;7;38.0
1959-07-19;29.6;7;29.6
1959-07-20;26.8;7;26.8
1959-07-21;46.4;7;46.4
1959-07-22;48.2;7;48.2
1959-07-23;33.9;7;33.9
1959-07-24;23.4;7;23.4
1959-07-25;22.8;7;22.8
1959-07-26;18.3;7;18.3
1959-07-27;14.6;7;14.6
1959-07-28;12.6;7;12.6
1959-07-29;15.4;7;15.4
1959-07-30;15.4;7;15.4
1959-07-31;16.6;7;16.6
1959-08-01;21.2;8;21.2
1959-08-02;13.8;8;13.8
1959-08-03;10.2;8;10.2
1959-08-04;38.0;8;38.0
1959-08-05;19.2;8;19.2
1959-08-06;39.6;8;39.6
1959-08-07;20.6;8;20.6
1959-08-08;10.5;8;10.5
1959-08-09;9.6;8;9.6
1959-08-10;9.6;8;9.6
1959-08-11;10.2;8;10.2
1959-08-12;13.0;8;13.0
1959-08-13;15.4;8;15.4
1959-08-14;9.6;8;9.6
1959-08-15;7.8;8;7.8
1959-08-16;18.3;8;18.3
1959-08-17;10.2;8;10.2
1959-08-18;10.5;8;10.5
1959-08-19;14.2;8;14.2
1959-08-20;9.9;8;9.9
1959-08-21;8.1;8;8.1
1959-08-22;7.8;8;7.8
1959-08-23;7.5;8;7.5
1959-08-24;7.5;8;7.5
1959-08-25;6.8;8;6.8
1959-08-26;5.7;8;5.7
1959-08-27;6.4;8;6.4
1959-08-28;27.5;8;27.5
1959-08-29;25.6;8;25.6
1959-08-30;22.3;8;22.3
1959-08-31;31.8;8;31.8
1959-09-01;26.2;9;26.2
1959-09-02;17.5;9;17.5
1959-09-03;22.3;9;22.3
1959-09-04;17.0;9;17.0
1959-09-05;18.3;9;18.3
1959-09-06;15.4;9;15.4
1959-09-07;14.2;9;14.2
1959-09-08;27.5;9;27.5
1959-09-09;22.3;9;22.3
1959-09-10;30.5;9;30.5
1959-09-11;22.3;9;22.3
1959-09-12;19.2;9;19.2
1959-09-13;16.2;9;16.2
1959-09-14;13.8;9;13.8
1959-09-15;11.2;9;11.2
1959-09-16;26.2;9;26.2
1959-09-17;19.6;9;19.6
1959-09-18;15.4;9;15.4
1959-09-19;12.3;9;12.3
1959-09-20;10.5;9;10.5
1959-09-21;10.2;9;10.2
1959-09-22;8.1;9;8.1
1959-09-23;17.0;9;17.0
1959-09-24;35.2;9;35.2
1959-09-25;29.6;9;29.6
1959-09-26;25.0;9;25.0
1959-09-27;21.2;9;21.2
1959-09-28;29.6;9;29.6
1959-09-29;45.5;9;45.5
1959-09-30;34.6;9;34.6
1959-10-01;26.2;10;26.2
1959-10-02;22.3;10;22.3
1959-10-03;18.3;10;18.3
1959-10-04;15.0;10;15.0
1959-10-05;35.2;10;35.2
1959-10-06;28.8;10;28.8
1959-10-07;25.6;10;25.6
1959-10-08;22.3;10;22.3
1959-10-09;19.2;10;19.2
1959-10-10;17.0;10;17.0
1959-10-11;14.2;10;14.2
1959-10-12;12.3;10;12.3
1959-10-13;9.9;10;9.9
1959-10-14;7.8;10;7.8
1959-10-15;20.6;10;20.6
1959-10-16;20.1;10;20.1
1959-10-17;17.5;10;17.5
1959-10-18;13.8;10;13.8
1959-10-19;86.2;10;86.2
1959-10-20;71.0;10;71.0
1959-10-21;60.2;10;60.2
1959-10-22;52.0;10;52.0
1959-10-23;43.8;10;43.8
1959-10-24;38.0;10;38.0
1959-10-25;33.2;10;33.2
1959-10-26;27.5;10;27.5
1959-10-27;22.3;10;22.3
1959-10-28;19.2;10;19.2
1959-10-29;17.5;10;17.5
1959-10-30;15.0;10;15.0
1959-10-31;35.2;10;35.2
1959-11-01;10.0;11;10.0
1959-11-02;8.3;11;8.3
1959-11-03;9.5;11;9.5
1959-11-04;8.3;11;8.3
1959-11-05;6.3;11;6.3
1959-11-06;4.9;11;4.9
1959-11-07;3.9;11;3.9
1959-11-08;6.0;11;6.0
1959-11-09;7.8;11;7.8
1959-11-10;7.5;11;7.5
1959-11-11;8.6;11;8.6
1959-11-12;19.3;11;19.3
1959-11-13;66.0;11;66.0
1959-11-14;31.3;11;31.3
1959-11-15;31.0;11;31.0
1959-11-16;14.5;11;14.5
1959-11-17;29.4;11;29.4
1959-11-18;22.6;11;22.6
1959-11-19;31.3;11;31.3
1959-11-20;48.6;11;48.6
1959-11-21;27.4;11;27.4
1959-11-22;25.3;11;25.3
1959-11-23;18.4;11;18.4
1959-11-24;28.2;11;28.2
1959-11-25;21.3;11;21.3
1959-11-26;44.8;11;44.8
1959-11-27;17.7;11;17.7
1959-11-28;13.8;11;13.8
1959-11-29;13.3;11;13.3
1959-11-30;24.9;11;24.9
1959-12-01;21.3;12;21.3
1959-12-02;17.8;12;17.8
1959-12-03;14.2;12;14.2
1959-12-04;10.6;12;10.6
1959-12-05;14.4;12;14.4
1959-12-06;26.4;12;26.4
1959-12-07;10.8;12;10.8
1959-12-08;10.6;12;10.6
1959-12-09;13.8;12;13.8
1959-12-10;15.6;12;15.6
1959-12-11;14.5;12;14.5
1959-12-12;15.2;12;15.2
1959-12-13;16.8;12;16.8
1959-12-14;8.9;12;8.9
1959-12-15;10.0;12;10.0
1959-12-16;7.2;12;7.2
1959-12-17;7.0;12;7.0
1959-12-18;7.6;12;7.6
1959-12-19;7.6;12;7.6
1959-12-20;7.4;12;7.4
1959-12-21;7.3;12;7.3
1959-12-22;7.2;12;7.2
1959-12-23;7.0;12;7.0
1959-12-24;7.0;12;7.0
1959-12-25;6.9;12;6.9
1959-12-26;6.8;12;6.8
1959-12-27;6.6;12;6.6
1959-12-28;6.6;12;6.6
1959-12-29;6.5;12;6.5
1959-12-30;6.4;12;6.4
1959-12-31;6.2;12;6.2
1960-01-01;6.1;1;6.1
1960-01-02;6.0;1;6.0
1960-01-03;5.9;1;5.9
1960-01-04;5.8;1;5.8
1960-01-05;5.7;1;5.7
1960-01-06;5.6;1;5.6
1960-01-07;5.5;1;5.5
1960-01-08;5.4;1;5.4
1960-01-09;5.1;1;5.1
1960-01-10;5.3;1;5.3
1960-01-11;5.1;1;5.1
1960-01-12;4.5;1;4.5
1960-01-13;4.2;1;4.2
1960-01-14;4.0;1;4.0
1960-01-15;3.8;1;3.8
1960-01-16;4.4;1;4.4
1960-01-17;4.6;1;4.6
1960-01-18;4.5;1;4.5
1960-01-19;4.5;1;4.5
1960-01-20;4.4;1;4.4
1960-01-21;4.0;1;4.0
1960-01-22;3.2;1;3.2
1960-01-23;3.2;1;3.2
1960-01-24;3.1;1;3.1
1960-01-25;3.1;1;3.1
1960-01-26;3.0;1;3.0
1960-01-27;3.0;1;3.0
1960-01-28;2.9;1;2.9
1960-01-29;5.6;1;5.6
1960-01-30;22.8;1;22.8
1960-01-31;27.4;1;27.4
1960-02-01;47.5;2;47.5
1960-02-02;22.0;2;22.0
1960-02-03;12.3;2;12.3
1960-02-04;8.1;2;8.1
1960-02-05;20.9;2;20.9
1960-02-06;15.8;2;15.8
1960-02-07;8.4;2;8.4
1960-02-08;7.3;2;7.3
1960-02-09;7.8;2;7.8
1960-02-10;6.2;2;6.2
1960-02-11;5.4;2;5.4
1960-02-12;4.6;2;4.6
1960-02-13;4.3;2;4.3
1960-02-14;4.6;2;4.6
1960-02-15;8.4;2;8.4
1960-02-16;8.1;2;8.1
1960-02-17;20.4;2;20.4
1960-02-18;9.2;2;9.2
1960-02-19;10.1;2;10.1
1960-02-20;19.9;2;19.9
1960-02-21;9.6;2;9.6
1960-02-22;7.0;2;7.0
1960-02-23;5.0;2;5.0
1960-02-24;4.5;2;4.5
1960-02-25;4.0;2;4.0
1960-02-26;3.6;2;3.6
1960-02-27;3.5;2;3.5
1960-02-28;3.3;2;3.3
1960-02-29;3.0;2;3.0
1960-03-01;3.0;3;3.0
1960-03-02;2.9;3;2.9
1960-03-03;2.7;3;2.7
1960-03-04;2.5;3;2.5
1960-03-05;2.7;3;2.7
1960-03-06;2.4;3;2.4
1960-03-07;3.2;3;3.2
1960-03-08;4.1;3;4.1
1960-03-09;5.9;3;5.9
1960-03-10;9.6;3;9.6
1960-03-11;12.6;3;12.6
1960-03-12;9.6;3;9.6
1960-03-13;8.7;3;8.7
1960-03-14;8.9;3;8.9
1960-03-15;10.5;3;10.5
1960-03-16;10.5;3;10.5
1960-03-17;10.2;3;10.2
1960-03-18;10.5;3;10.5
1960-03-19;10.5;3;10.5
1960-03-20;9.9;3;9.9
1960-03-21;9.3;3;9.3
1960-03-22;9.9;3;9.9
1960-03-23;9.9;3;9.9
1960-03-24;8.7;3;8.7
1960-03-25;8.4;3;8.4
1960-03-26;6.8;3;6.8
1960-03-27;7.5;3;7.5
1960-03-28;6.6;3;6.6
1960-03-29;5.3;3;5.3
1960-03-30;4.1;3;4.1
1960-03-31;4.9;3;4.9
1960-04-01;4.9;4;4.9
1960-04-02;5.5;4;5.5
1960-04-03;4.5;4;4.5
1960-04-04;3.8;4;3.8
1960-04-05;5.7;4;5.7
1960-04-06;6.8;4;6.8
1960-04-07;7.0;4;7.0
1960-04-08;5.7;4;5.7
1960-04-09;4.3;4;4.3
1960-04-10;3.8;4;3.8
1960-04-11;3.3;4;3.3
1960-04-12;2.7;4;2.7
1960-04-13;4.1;4;4.1
1960-04-14;4.5;4;4.5
1960-04-15;4.9;4;4.9
1960-04-16;6.8;4;6.8
1960-04-17;12.3;4;12.3
1960-04-18;32.5;4;32.5
1960-04-19;36.6;4;36.6
1960-04-20;47.3;4;47.3
1960-04-21;44.8;4;44.8
1960-04-22;28.1;4;28.1
1960-04-23;20.1;4;20.1
1960-04-24;15.8;4;15.8
1960-04-25;42.1;4;42.1
1960-04-26;56.0;4;56.0
1960-04-27;51.0;4;51.0
1960-04-28;40.4;4;40.4
1960-04-29;30.5;4;30.5
1960-04-30;22.8;4;22.8
1960-05-01;17.0;5;17.0
1960-05-02;12.6;5;12.6
1960-05-03;8.1;5;8.1
1960-05-04;5.3;5;5.3
1960-05-05;3.6;5;3.6
1960-05-06;2.5;5;2.5
1960-05-07;25.6;5;25.6
1960-05-08;67.2;5;67.2
1960-05-09;81.0;5;81.0
1960-05-10;93.0;5;93.0
1960-05-11;81.0;5;81.0
1960-05-12;71.0;5;71.0
1960-05-13;62.5;5;62.5
1960-05-14;52.0;5;52.0
1960-05-15;42.1;5;42.1
1960-05-16;34.6;5;34.6
1960-05-17;26.8;5;26.8
1960-05-18;20.6;5;20.6
1960-05-19;15.0;5;15.0
1960-05-20;11.2;5;11.2
1960-05-21;6.8;5;6.8
1960-05-22;7.3;5;7.3
1960-05-23;11.2;5;11.2
1960-05-24;16.6;5;16.6
1960-05-25;20.6;5;20.6
1960-05-26;20.1;5;20.1
1960-05-27;18.3;5;18.3
1960-05-28;14.2;5;14.2
1960-05-29;11.2;5;11.2
1960-05-30;8.7;5;8.7
1960-05-31;7.0;5;7.0
1960-06-01;8.9;6;8.9
1960-06-02;8.7;6;8.7
1960-06-03;8.9;6;8.9
1960-06-04;7.8;6;7.8
1960-06-05;10.5;6;10.5
1960-06-06;14.2;6;14.2
1960-06-07;15.0;6;15.0
1960-06-08;31.8;6;31.8
1960-06-09;79.7;6;79.7
1960-06-10;78.4;6;78.4
1960-06-11;61.3;6;61.3
1960-06-12;44.8;6;44.8
1960-06-13;30.5;6;30.5
1960-06-14;21.7;6;21.7
1960-06-15;57.0;6;57.0
1960-06-16;112.0;6;112.0
1960-06-17;116.0;6;116.0
1960-06-18;100.0;6;100.0
1960-06-19;62.5;6;62.5
1960-06-20;46.4;6;46.4
1960-06-21;37.3;6;37.3
1960-06-22;14.2;6;14.2
1960-06-23;7.5;6;7.5
1960-06-24;6.4;6;6.4
1960-06-25;8.4;6;8.4
1960-06-26;22.3;6;22.3
1960-06-27;76.0;6;76.0
1960-06-28;100.0;6;100.0
1960-06-29;72.0;6;72.0
1960-06-30;56.0;6;56.0
1960-07-01;42.1;7;42.1
1960-07-02;31.8;7;31.8
1960-07-03;24.6;7;24.6
1960-07-04;21.2;7;21.2
1960-07-05;15.0;7;15.0
1960-07-06;11.2;7;11.2
1960-07-07;8.9;7;8.9
1960-07-08;18.3;7;18.3
1960-07-09;12.3;7;12.3
1960-07-10;8.7;7;8.7
1960-07-11;15.8;7;15.8
1960-07-12;40.4;7;40.4
1960-07-13;69.6;7;69.6
1960-07-14;55.0;7;55.0
1960-07-15;50.0;7;50.0
1960-07-16;49.2;7;49.2
1960-07-17;37.3;7;37.3
1960-07-18;22.8;7;22.8
1960-07-19;20.1;7;20.1
1960-07-20;11.2;7;11.2
1960-07-21;10.9;7;10.9
1960-07-22;10.9;7;10.9
1960-07-23;19.5;7;19.5
1960-07-24;92.0;7;92.0
1960-07-25;87.5;7;87.5
1960-07-26;73.6;7;73.6
1960-07-27;61.3;7;61.3
1960-07-28;52.0;7;52.0
1960-07-29;44.8;7;44.8
1960-07-30;36.6;7;36.6
1960-07-31;29.6;7;29.6
1960-08-01;38.0;8;38.0
1960-08-02;31.8;8;31.8
1960-08-03;26.2;8;26.2
1960-08-04;19.6;8;19.6
1960-08-05;333.0;8;333.0
1960-08-06;213.0;8;213.0
1960-08-07;128.0;8;128.0
1960-08-08;79.7;8;79.7
1960-08-09;57.0;8;57.0
1960-08-10;36.6;8;36.6
1960-08-11;15.0;8;15.0
1960-08-12;14.2;8;14.2
1960-08-13;13.0;8;13.0
1960-08-14;10.2;8;10.2
1960-08-15;8.7;8;8.7
1960-08-16;6.8;8;6.8
1960-08-17;5.0;8;5.0
1960-08-18;4.0;8;4.0
1960-08-19;3.3;8;3.3
1960-08-20;2.4;8;2.4
1960-08-21;1.5;8;1.5
1960-08-22;3.6;8;3.6
1960-08-23;6.4;8;6.4
1960-08-24;8.4;8;8.4
1960-08-25;17.5;8;17.5
1960-08-26;15.0;8;15.0
1960-08-27;19.6;8;19.6
1960-08-28;19.2;8;19.2
1960-08-29;13.4;8;13.4
1960-08-30;13.8;8;13.8
1960-08-31;10.5;8;10.5
1960-09-01;12.3;9;12.3
1960-09-02;9.6;9;9.6
1960-09-03;17.0;9;17.0
1960-09-04;11.5;9;11.5
1960-09-05;8.7;9;8.7
1960-09-06;6.6;9;6.6
1960-09-07;4.3;9;4.3
1960-09-08;3.6;9;3.6
1960-09-09;2.7;9;2.7
1960-09-10;13.4;9;13.4
1960-09-11;12.3;9;12.3
1960-09-12;16.6;9;16.6
1960-09-13;15.0;9;15.0
1960-09-14;11.2;9;11.2
1960-09-15;8.7;9;8.7
1960-09-16;7.0;9;7.0
1960-09-17;5.7;9;5.7
1960-09-18;4.1;9;4.1
1960-09-19;6.4;9;6.4
1960-09-20;9.6;9;9.6
1960-09-21;13.4;9;13.4
1960-09-22;15.4;9;15.4
1960-09-23;20.6;9;20.6
1960-09-24;19.2;9;19.2
1960-09-25;15.8;9;15.8
1960-09-26;12.3;9;12.3
1960-09-27;8.9;9;8.9
1960-09-28;7.0;9;7.0
1960-09-29;5.3;9;5.3
1960-09-30;4.3;9;4.3
1960-10-01;6.4;10;6.4
1960-10-02;7.8;10;7.8
1960-10-03;6.8;10;6.8
1960-10-04;6.8;10;6.8
1960-10-05;5.5;10;5.5
1960-10-06;15.4;10;15.4
1960-10-07;12.3;10;12.3
1960-10-08;8.1;10;8.1
1960-10-09;5.7;10;5.7
1960-10-10;4.3;10;4.3
1960-10-11;3.8;10;3.8
1960-10-12;15.4;10;15.4
1960-10-13;12.3;10;12.3
1960-10-14;12.6;10;12.6
1960-10-15;18.3;10;18.3
1960-10-16;14.2;10;14.2
1960-10-17;14.6;10;14.6
1960-10-18;16.2;10;16.2
1960-10-19;15.4;10;15.4
1960-10-20;17.5;10;17.5
1960-10-21;20.6;10;20.6
1960-10-22;30.5;10;30.5
1960-10-23;58.0;10;58.0
1960-10-24;85.0;10;85.0
1960-10-25;38.0;10;38.0
1960-10-26;41.3;10;41.3
1960-10-27;34.6;10;34.6
1960-10-28;32.5;10;32.5
1960-10-29;29.6;10;29.6
1960-10-30;31.8;10;31.8
1960-10-31;37.3;10;37.3
1960-11-01;41.3;11;41.3
1960-11-02;37.3;11;37.3
1960-11-03;41.3;11;41.3
1960-11-04;38.0;11;38.0
1960-11-05;31.0;11;31.0
1960-11-06;13.8;11;13.8
1960-11-07;19.2;11;19.2
1960-11-08;26.8;11;26.8
1960-11-09;7.0;11;7.0
1960-11-10;11.9;11;11.9
1960-11-11;6.6;11;6.6
1960-11-12;25.6;11;25.6
1960-11-13;22.3;11;22.3
1960-11-14;21.7;11;21.7
1960-11-15;16.2;11;16.2
1960-11-16;8.4;11;8.4
1960-11-17;10.2;11;10.2
1960-11-18;18.7;11;18.7
1960-11-19;12.6;11;12.6
1960-11-20;9.9;11;9.9
1960-11-21;9.9;11;9.9
1960-11-22;7.8;11;7.8
1960-11-23;8.1;11;8.1
1960-11-24;6.6;11;6.6
1960-11-25;5.9;11;5.9
1960-11-26;4.9;11;4.9
1960-11-27;4.9;11;4.9
1960-11-28;4.1;11;4.1
1960-11-29;7.5;11;7.5
1960-11-30;6.6;11;6.6
1960-12-01;8.4;12;8.4
1960-12-02;130.0;12;130.0
1960-12-03;187.0;12;187.0
1960-12-04;130.0;12;130.0
1960-12-05;31.0;12;31.0
1960-12-06;12.3;12;12.3
1960-12-07;9.6;12;9.6
1960-12-08;10.2;12;10.2
1960-12-09;9.3;12;9.3
1960-12-10;9.6;12;9.6
1960-12-11;7.0;12;7.0
1960-12-12;16.6;12;16.6
1960-12-13;94.6;12;94.6
1960-12-14;33.9;12;33.9
1960-12-15;17.0;12;17.0
1960-12-16;12.6;12;12.6
1960-12-17;12.3;12;12.3
1960-12-18;9.6;12;9.6
1960-12-19;8.1;12;8.1
1960-12-20;7.8;12;7.8
1960-12-21;5.9;12;5.9
1960-12-22;5.9;12;5.9
1960-12-23;5.3;12;5.3
1960-12-24;4.9;12;4.9
1960-12-25;3.6;12;3.6
1960-12-26;4.3;12;4.3
1960-12-27;3.6;12;3.6
1960-12-28;3.3;12;3.3
1960-12-29;3.0;12;3.0
1960-12-30;3.8;12;3.8
1960-12-31;3.3;12;3.3
1961-01-01;3.2;1;3.2
1961-01-02;3.2;1;3.2
1961-01-03;3.3;1;3.3
1961-01-04;3.0;1;3.0
1961-01-05;3.0;1;3.0
1961-01-06;3.0;1;3.0
1961-01-07;2.9;1;2.9
1961-01-08;2.9;1;2.9
1961-01-09;2.6;1;2.6
1961-01-10;2.5;1;2.5
1961-01-11;2.5;1;2.5
1961-01-12;2.4;1;2.4
1961-01-13;2.2;1;2.2
1961-01-14;2.2;1;2.2
1961-01-15;2.1;1;2.1
1961-01-16;2.2;1;2.2
1961-01-17;2.4;1;2.4
1961-01-18;2.1;1;2.1
1961-01-19;2.4;1;2.4
1961-01-20;2.4;1;2.4
1961-01-21;2.1;1;2.1
1961-01-22;2.0;1;2.0
1961-01-23;2.1;1;2.1
1961-01-24;2.0;1;2.0
1961-01-25;1.9;1;1.9
1961-01-26;2.1;1;2.1
1961-01-27;2.5;1;2.5
1961-01-28;2.1;1;2.1
1961-01-29;2.0;1;2.0
1961-01-30;2.2;1;2.2
1961-01-31;2.9;1;2.9
1961-02-01;3.6;2;3.6
1961-02-02;3.6;2;3.6
1961-02-03;4.5;2;4.5
1961-02-04;5.7;2;5.7
1961-02-05;4.3;2;4.3
1961-02-06;4.7;2;4.7
1961-02-07;4.3;2;4.3
1961-02-08;6.4;2;6.4
1961-02-09;4.1;2;4.1
1961-02-10;3.2;2;3.2
1961-02-11;3.5;2;3.5
1961-02-12;3.3;2;3.3
1961-02-13;5.3;2;5.3
1961-02-14;7.8;2;7.8
1961-02-15;7.0;2;7.0
1961-02-16;7.8;2;7.8
1961-02-17;9.6;2;9.6
1961-02-18;8.1;2;8.1
1961-02-19;4.9;2;4.9
1961-02-20;3.0;2;3.0
1961-02-21;2.0;2;2.0
1961-02-22;1.5;2;1.5
1961-02-23;1.4;2;1.4
1961-02-24;2.0;2;2.0
1961-02-25;1.5;2;1.5
1961-02-26;1.5;2;1.5
1961-02-27;1.4;2;1.4
1961-02-28;1.3;2;1.3
1961-03-01;1.3;3;1.3
1961-03-02;1.2;3;1.2
1961-03-03;1.5;3;1.5
1961-03-04;1.3;3;1.3
1961-03-05;1.3;3;1.3
1961-03-06;1.2;3;1.2
1961-03-07;1.4;3;1.4
1961-03-08;1.4;3;1.4
1961-03-09;1.2;3;1.2
1961-03-10;1.3;3;1.3
1961-03-11;1.4;3;1.4
1961-03-12;1.3;3;1.3
1961-03-13;1.3;3;1.3
1961-03-14;5.5;3;5.5
1961-03-15;6.6;3;6.6
1961-03-16;7.0;3;7.0
1961-03-17;6.8;3;6.8
1961-03-18;4.1;3;4.1
1961-03-19;5.0;3;5.0
1961-03-20;4.9;3;4.9
1961-03-21;7.0;3;7.0
1961-03-22;7.8;3;7.8
1961-03-23;8.1;3;8.1
1961-03-24;13.0;3;13.0
1961-03-25;9.3;3;9.3
1961-03-26;7.0;3;7.0
1961-03-27;5.3;3;5.3
1961-03-28;4.7;3;4.7
1961-03-29;5.9;3;5.9
1961-03-30;4.5;3;4.5
1961-03-31;4.7;3;4.7
1961-04-01;10.5;4;10.5
1961-04-02;11.2;4;11.2
1961-04-03;9.3;4;9.3
1961-04-04;7.5;4;7.5
1961-04-05;15.4;4;15.4
1961-04-06;10.5;4;10.5
1961-04-07;10.9;4;10.9
1961-04-08;10.2;4;10.2
1961-04-09;8.1;4;8.1
1961-04-10;7.0;4;7.0
1961-04-11;5.9;4;5.9
1961-04-12;5.0;4;5.0
1961-04-13;4.5;4;4.5
1961-04-14;5.0;4;5.0
1961-04-15;5.0;4;5.0
1961-04-16;4.5;4;4.5
1961-04-17;7.0;4;7.0
1961-04-18;17.9;4;17.9
1961-04-19;17.5;4;17.5
1961-04-20;17.0;4;17.0
1961-04-21;22.8;4;22.8
1961-04-22;63.1;4;63.1
1961-04-23;21.2;4;21.2
1961-04-24;198.0;4;198.0
1961-04-25;51.0;4;51.0
1961-04-26;42.9;4;42.9
1961-04-27;42.9;4;42.9
1961-04-28;28.1;4;28.1
1961-04-29;16.6;4;16.6
1961-04-30;11.9;4;11.9
1961-05-01;19.2;5;19.2
1961-05-02;9.9;5;9.9
1961-05-03;7.8;5;7.8
1961-05-04;9.3;5;9.3
1961-05-05;11.5;5;11.5
1961-05-06;17.5;5;17.5
1961-05-07;14.6;5;14.6
1961-05-08;11.2;5;11.2
1961-05-09;8.9;5;8.9
1961-05-10;7.0;5;7.0
1961-05-11;5.7;5;5.7
1961-05-12;5.0;5;5.0
1961-05-13;4.3;5;4.3
1961-05-14;3.6;5;3.6
1961-05-15;2.9;5;2.9
1961-05-16;2.4;5;2.4
1961-05-17;10.9;5;10.9
1961-05-18;22.3;5;22.3
1961-05-19;30.5;5;30.5
1961-05-20;43.8;5;43.8
1961-05-21;86.2;5;86.2
1961-05-22;72.0;5;72.0
1961-05-23;59.1;5;59.1
1961-05-24;55.0;5;55.0
1961-05-25;49.2;5;49.2
1961-05-26;42.9;5;42.9
1961-05-27;35.9;5;35.9
1961-05-28;31.8;5;31.8
1961-05-29;27.5;5;27.5
1961-05-30;23.4;5;23.4
1961-05-31;19.2;5;19.2
1961-06-01;15.0;6;15.0
1961-06-02;9.9;6;9.9
1961-06-03;7.3;6;7.3
1961-06-04;4.7;6;4.7
1961-06-05;3.5;6;3.5
1961-06-06;2.5;6;2.5
1961-06-07;9.3;6;9.3
1961-06-08;11.9;6;11.9
1961-06-09;19.2;6;19.2
1961-06-10;28.8;6;28.8
1961-06-11;20.6;6;20.6
1961-06-12;17.5;6;17.5
1961-06-13;15.4;6;15.4
1961-06-14;13.0;6;13.0
1961-06-15;9.6;6;9.6
1961-06-16;7.0;6;7.0
1961-06-17;5.7;6;5.7
1961-06-18;4.3;6;4.3
1961-06-19;2.9;6;2.9
1961-06-20;16.2;6;16.2
1961-06-21;21.2;6;21.2
1961-06-22;17.5;6;17.5
1961-06-23;14.2;6;14.2
1961-06-24;11.2;6;11.2
1961-06-25;8.4;6;8.4
1961-06-26;6.6;6;6.6
1961-06-27;5.5;6;5.5
1961-06-28;10.9;6;10.9
1961-06-29;55.0;6;55.0
1961-06-30;81.0;6;81.0
1961-07-01;67.2;7;67.2
1961-07-02;61.3;7;61.3
1961-07-03;54.0;7;54.0
1961-07-04;49.2;7;49.2
1961-07-05;42.9;7;42.9
1961-07-06;38.0;7;38.0
1961-07-07;34.6;7;34.6
1961-07-08;26.2;7;26.2
1961-07-09;18.3;7;18.3
1961-07-10;16.2;7;16.2
1961-07-11;13.8;7;13.8
1961-07-12;13.0;7;13.0
1961-07-13;13.8;7;13.8
1961-07-14;11.2;7;11.2
1961-07-15;90.2;7;90.2
1961-07-16;77.0;7;77.0
1961-07-17;71.0;7;71.0
1961-07-18;64.9;7;64.9
1961-07-19;61.3;7;61.3
1961-07-20;54.0;7;54.0
1961-07-21;36.6;7;36.6
1961-07-22;35.2;7;35.2
1961-07-23;27.5;7;27.5
1961-07-24;23.4;7;23.4
1961-07-25;26.8;7;26.8
1961-07-26;23.4;7;23.4
1961-07-27;20.1;7;20.1
1961-07-28;18.3;7;18.3
1961-07-29;22.3;7;22.3
1961-07-30;23.4;7;23.4
1961-07-31;17.5;7;17.5
1961-08-01;15.8;8;15.8
1961-08-02;13.4;8;13.4
1961-08-03;12.3;8;12.3
1961-08-04;13.0;8;13.0
1961-08-05;10.9;8;10.9
1961-08-06;8.7;8;8.7
1961-08-07;7.0;8;7.0
1961-08-08;5.7;8;5.7
1961-08-09;7.5;8;7.5
1961-08-10;7.0;8;7.0
1961-08-11;5.7;8;5.7
1961-08-12;4.7;8;4.7
1961-08-13;3.6;8;3.6
1961-08-14;3.3;8;3.3
1961-08-15;3.6;8;3.6
1961-08-16;2.7;8;2.7
1961-08-17;3.3;8;3.3
1961-08-18;4.1;8;4.1
1961-08-19;4.3;8;4.3
1961-08-20;4.7;8;4.7
1961-08-21;2.7;8;2.7
1961-08-22;1.9;8;1.9
1961-08-23;3.8;8;3.8
1961-08-24;5.7;8;5.7
1961-08-25;3.2;8;3.2
1961-08-26;2.6;8;2.6
1961-08-27;2.6;8;2.6
1961-08-28;4.1;8;4.1
1961-08-29;6.1;8;6.1
1961-08-30;5.5;8;5.5
1961-08-31;4.7;8;4.7
1961-09-01;5.0;9;5.0
1961-09-02;3.5;9;3.5
1961-09-03;2.9;9;2.9
1961-09-04;3.8;9;3.8
1961-09-05;5.5;9;5.5
1961-09-06;4.7;9;4.7
1961-09-07;3.6;9;3.6
1961-09-08;4.5;9;4.5
1961-09-09;4.9;9;4.9
1961-09-10;5.5;9;5.5
1961-09-11;3.6;9;3.6
1961-09-12;3.2;9;3.2
1961-09-13;5.5;9;5.5
1961-09-14;7.0;9;7.0
1961-09-15;8.7;9;8.7
1961-09-16;10.9;9;10.9
1961-09-17;12.3;9;12.3
1961-09-18;9.6;9;9.6
1961-09-19;7.3;9;7.3
1961-09-20;6.4;9;6.4
1961-09-21;13.8;9;13.8
1961-09-22;10.2;9;10.2
1961-09-23;9.3;9;9.3
1961-09-24;9.9;9;9.9
1961-09-25;8.1;9;8.1
1961-09-26;7.0;9;7.0
1961-09-27;5.9;9;5.9
1961-09-28;5.3;9;5.3
1961-09-29;4.9;9;4.9
1961-09-30;4.1;9;4.1
1961-10-01;2.4;10;2.4
1961-10-02;2.0;10;2.0
1961-10-03;1.6;10;1.6
1961-10-04;1.5;10;1.5
1961-10-05;1.5;10;1.5
1961-10-06;2.0;10;2.0
1961-10-07;2.9;10;2.9
1961-10-08;2.7;10;2.7
1961-10-09;2.0;10;2.0
1961-10-10;2.0;10;2.0
1961-10-11;49.2;10;49.2
1961-10-12;117.0;10;117.0
1961-10-13;76.0;10;76.0
1961-10-14;73.6;10;73.6
1961-10-15;64.9;10;64.9
1961-10-16;57.0;10;57.0
1961-10-17;49.2;10;49.2
1961-10-18;43.8;10;43.8
1961-10-19;38.0;10;38.0
1961-10-20;62.5;10;62.5
1961-10-21;61.3;10;61.3
1961-10-22;54.0;10;54.0
1961-10-23;47.3;10;47.3
1961-10-24;49.2;10;49.2
1961-10-25;58.0;10;58.0
1961-10-26;81.0;10;81.0
1961-10-27;108.0;10;108.0
1961-10-28;103.0;10;103.0
1961-10-29;89.0;10;89.0
1961-10-30;17.5;10;17.5
1961-10-31;28.1;10;28.1
1961-11-01;31.8;11;31.8
1961-11-02;26.8;11;26.8
1961-11-03;19.6;11;19.6
1961-11-04;16.6;11;16.6
1961-11-05;12.6;11;12.6
1961-11-06;28.1;11;28.1
1961-11-07;76.0;11;76.0
1961-11-08;67.2;11;67.2
1961-11-09;57.0;11;57.0
1961-11-10;48.2;11;48.2
1961-11-11;43.8;11;43.8
1961-11-12;37.3;11;37.3
1961-11-13;46.4;11;46.4
1961-11-14;38.7;11;38.7
1961-11-15;33.2;11;33.2
1961-11-16;29.6;11;29.6
1961-11-17;182.0;11;182.0
1961-11-18;143.0;11;143.0
1961-11-19;125.0;11;125.0
1961-11-20;102.0;11;102.0
1961-11-21;85.0;11;85.0
1961-11-22;64.9;11;64.9
1961-11-23;51.0;11;51.0
1961-11-24;46.4;11;46.4
1961-11-25;41.3;11;41.3
1961-11-26;33.9;11;33.9
1961-11-27;28.1;11;28.1
1961-11-28;24.6;11;24.6
1961-11-29;21.7;11;21.7
1961-11-30;18.3;11;18.3
1961-12-01;17.5;12;17.5
1961-12-02;15.0;12;15.0
1961-12-03;16.2;12;16.2
1961-12-04;16.6;12;16.6
1961-12-05;15.4;12;15.4
1961-12-06;13.8;12;13.8
1961-12-07;13.0;12;13.0
1961-12-08;13.8;12;13.8
1961-12-09;12.3;12;12.3
1961-12-10;11.2;12;11.2
1961-12-11;37.8;12;37.8
1961-12-12;9.3;12;9.3
1961-12-13;8.1;12;8.1
1961-12-14;7.8;12;7.8
1961-12-15;5.7;12;5.7
1961-12-16;5.9;12;5.9
1961-12-17;4.9;12;4.9
1961-12-18;4.5;12;4.5
1961-12-19;4.5;12;4.5
1961-12-20;4.7;12;4.7
1961-12-21;5.0;12;5.0
1961-12-22;4.0;12;4.0
1961-12-23;4.1;12;4.1
1961-12-24;3.3;12;3.3
1961-12-25;2.9;12;2.9
1961-12-26;3.3;12;3.3
1961-12-27;3.5;12;3.5
1961-12-28;4.3;12;4.3
1961-12-29;4.9;12;4.9
1961-12-30;4.5;12;4.5
1961-12-31;3.8;12;3.8
1962-01-01;3.3;1;3.3
1962-01-02;2.9;1;2.9
1962-01-03;2.5;1;2.5
1962-01-04;2.6;1;2.6
1962-01-05;2.2;1;2.2
1962-01-06;2.1;1;2.1
1962-01-07;2.6;1;2.6
1962-01-08;2.4;1;2.4
1962-01-09;2.9;1;2.9
1962-01-10;2.7;1;2.7
1962-01-11;3.3;1;3.3
1962-01-12;3.2;1;3.2
1962-01-13;2.7;1;2.7
1962-01-14;2.4;1;2.4
1962-01-15;2.6;1;2.6
1962-01-16;2.0;1;2.0
1962-01-17;1.9;1;1.9
1962-01-18;1.8;1;1.8
1962-01-19;2.4;1;2.4
1962-01-20;4.3;1;4.3
1962-01-21;3.5;1;3.5
1962-01-22;2.9;1;2.9
1962-01-23;2.1;1;2.1
1962-01-24;4.9;1;4.9
1962-01-25;3.8;1;3.8
1962-01-26;3.3;1;3.3
1962-01-27;2.5;1;2.5
1962-01-28;4.5;1;4.5
1962-01-29;4.3;1;4.3
1962-01-30;5.7;1;5.7
1962-01-31;5.9;1;5.9
1962-02-01;9.5;2;9.5
1962-02-02;5.0;2;5.0
1962-02-03;4.0;2;4.0
1962-02-04;2.9;2;2.9
1962-02-05;2.4;2;2.4
1962-02-06;4.3;2;4.3
1962-02-07;3.0;2;3.0
1962-02-08;2.2;2;2.2
1962-02-09;2.0;2;2.0
1962-02-10;1.8;2;1.8
1962-02-11;4.5;2;4.5
1962-02-12;7.5;2;7.5
1962-02-13;7.0;2;7.0
1962-02-14;6.4;2;6.4
1962-02-15;6.6;2;6.6
1962-02-16;5.9;2;5.9
1962-02-17;4.9;2;4.9
1962-02-18;4.1;2;4.1
1962-02-19;3.5;2;3.5
1962-02-20;2.9;2;2.9
1962-02-21;2.4;2;2.4
1962-02-22;3.3;2;3.3
1962-02-23;5.0;2;5.0
1962-02-24;5.0;2;5.0
1962-02-25;4.3;2;4.3
1962-02-26;4.0;2;4.0
1962-02-27;3.8;2;3.8
1962-02-28;3.3;2;3.3
1962-03-01;2.7;3;2.7
1962-03-02;5.6;3;5.6
1962-03-03;8.9;3;8.9
1962-03-04;10.2;3;10.2
1962-03-05;8.7;3;8.7
1962-03-06;7.5;3;7.5
1962-03-07;6.6;3;6.6
1962-03-08;13.4;3;13.4
1962-03-09;10.5;3;10.5
1962-03-10;8.7;3;8.7
1962-03-11;7.0;3;7.0
1962-03-12;18.3;3;18.3
1962-03-13;23.4;3;23.4
1962-03-14;20.1;3;20.1
1962-03-15;15.0;3;15.0
1962-03-16;10.2;3;10.2
1962-03-17;6.6;3;6.6
1962-03-18;7.8;3;7.8
1962-03-19;9.3;3;9.3
1962-03-20;12.3;3;12.3
1962-03-21;17.0;3;17.0
1962-03-22;22.3;3;22.3
1962-03-23;22.8;3;22.8
1962-03-24;31.8;3;31.8
1962-03-25;36.6;3;36.6
1962-03-26;28.8;3;28.8
1962-03-27;24.0;3;24.0
1962-03-28;14.2;3;14.2
1962-03-29;7.8;3;7.8
1962-03-30;7.3;3;7.3
1962-03-31;6.4;3;6.4
1962-04-01;4.0;4;4.0
1962-04-02;3.8;4;3.8
1962-04-03;3.3;4;3.3
1962-04-04;3.3;4;3.3
1962-04-05;3.8;4;3.8
1962-04-06;5.3;4;5.3
1962-04-07;5.7;4;5.7
1962-04-08;4.9;4;4.9
1962-04-09;4.7;4;4.7
1962-04-10;4.5;4;4.5
1962-04-11;3.2;4;3.2
1962-04-12;2.7;4;2.7
1962-04-13;3.2;4;3.2
1962-04-14;4.9;4;4.9
1962-04-15;4.0;4;4.0
1962-04-16;3.3;4;3.3
1962-04-17;2.9;4;2.9
1962-04-18;2.6;4;2.6
1962-04-19;3.0;4;3.0
1962-04-20;5.3;4;5.3
1962-04-21;6.8;4;6.8
1962-04-22;8.1;4;8.1
1962-04-23;85.0;4;85.0
1962-04-24;67.2;4;67.2
1962-04-25;59.1;4;59.1
1962-04-26;51.0;4;51.0
1962-04-27;42.1;4;42.1
1962-04-28;28.8;4;28.8
1962-04-29;20.1;4;20.1
1962-04-30;26.2;4;26.2
1962-05-01;48.2;5;48.2
1962-05-02;47.3;5;47.3
1962-05-03;49.2;5;49.2
1962-05-04;51.0;5;51.0
1962-05-05;67.2;5;67.2
1962-05-06;77.0;5;77.0
1962-05-07;60.2;5;60.2
1962-05-08;57.0;5;57.0
1962-05-09;46.4;5;46.4
1962-05-10;33.9;5;33.9
1962-05-11;54.0;5;54.0
1962-05-12;62.5;5;62.5
1962-05-13;59.1;5;59.1
1962-05-14;57.0;5;57.0
1962-05-15;68.3;5;68.3
1962-05-16;59.1;5;59.1
1962-05-17;71.0;5;71.0
1962-05-18;76.0;5;76.0
1962-05-19;178.4;5;178.4
1962-05-20;53.0;5;53.0
1962-05-21;71.0;5;71.0
1962-05-22;62.5;5;62.5
1962-05-23;51.0;5;51.0
1962-05-24;36.6;5;36.6
1962-05-25;33.2;5;33.2
1962-05-26;22.3;5;22.3
1962-05-27;10.9;5;10.9
1962-05-28;8.9;5;8.9
1962-05-29;7.0;5;7.0
1962-05-30;5.3;5;5.3
1962-05-31;3.6;5;3.6
1962-06-01;4.1;6;4.1
1962-06-02;8.1;6;8.1
1962-06-03;626.7;6;626.7
1962-06-04;46.3;6;46.3
1962-06-05;20.6;6;20.6
1962-06-06;21.2;6;21.2
1962-06-07;21.7;6;21.7
1962-06-08;18.7;6;18.7
1962-06-09;20.1;6;20.1
1962-06-10;17.0;6;17.0
1962-06-11;18.3;6;18.3
1962-06-12;22.3;6;22.3
1962-06-13;27.5;6;27.5
1962-06-14;23.4;6;23.4
1962-06-15;17.5;6;17.5
1962-06-16;13.0;6;13.0
1962-06-17;8.9;6;8.9
1962-06-18;7.3;6;7.3
1962-06-19;6.6;6;6.6
1962-06-20;79.7;6;79.7
1962-06-21;51.0;6;51.0
1962-06-22;31.0;6;31.0
1962-06-23;18.7;6;18.7
1962-06-24;15.4;6;15.4
1962-06-25;12.3;6;12.3
1962-06-26;14.2;6;14.2
1962-06-27;13.0;6;13.0
1962-06-28;10.2;6;10.2
1962-06-29;9.3;6;9.3
1962-06-30;8.1;6;8.1
1962-07-01;7.5;7;7.5
1962-07-02;7.8;7;7.8
1962-07-03;8.1;7;8.1
1962-07-04;15.8;7;15.8
1962-07-05;63.8;7;63.8
1962-07-06;44.8;7;44.8
1962-07-07;33.2;7;33.2
1962-07-08;28.8;7;28.8
1962-07-09;28.8;7;28.8
1962-07-10;31.0;7;31.0
1962-07-11;27.5;7;27.5
1962-07-12;26.2;7;26.2
1962-07-13;28.1;7;28.1
1962-07-14;35.2;7;35.2
1962-07-15;29.6;7;29.6
1962-07-16;28.1;7;28.1
1962-07-17;28.8;7;28.8
1962-07-18;26.2;7;26.2
1962-07-19;29.6;7;29.6
1962-07-20;98.8;7;98.8
1962-07-21;116.0;7;116.0
1962-07-22;52.0;7;52.0
1962-07-23;47.3;7;47.3
1962-07-24;44.8;7;44.8
1962-07-25;38.0;7;38.0
1962-07-26;35.9;7;35.9
1962-07-27;37.3;7;37.3
1962-07-28;35.9;7;35.9
1962-07-29;33.2;7;33.2
1962-07-30;35.2;7;35.2
1962-07-31;32.5;7;32.5
1962-08-01;36.6;8;36.6
1962-08-02;35.9;8;35.9
1962-08-03;36.6;8;36.6
1962-08-04;27.5;8;27.5
1962-08-05;21.7;8;21.7
1962-08-06;15.4;8;15.4
1962-08-07;11.5;8;11.5
1962-08-08;8.4;8;8.4
1962-08-09;15.0;8;15.0
1962-08-10;13.4;8;13.4
1962-08-11;10.9;8;10.9
1962-08-12;16.6;8;16.6
1962-08-13;21.2;8;21.2
1962-08-14;23.4;8;23.4
1962-08-15;19.6;8;19.6
1962-08-16;16.6;8;16.6
1962-08-17;13.0;8;13.0
1962-08-18;9.9;8;9.9
1962-08-19;8.1;8;8.1
1962-08-20;6.8;8;6.8
1962-08-21;5.9;8;5.9
1962-08-22;5.0;8;5.0
1962-08-23;8.4;8;8.4
1962-08-24;10.2;8;10.2
1962-08-25;12.6;8;12.6
1962-08-26;11.5;8;11.5
1962-08-27;8.7;8;8.7
1962-08-28;7.5;8;7.5
1962-08-29;6.8;8;6.8
1962-08-30;6.1;8;6.1
1962-08-31;5.3;8;5.3
1962-09-01;8.9;9;8.9
1962-09-02;21.7;9;21.7
1962-09-03;18.3;9;18.3
1962-09-04;13.4;9;13.4
1962-09-05;10.5;9;10.5
1962-09-06;8.4;9;8.4
1962-09-07;6.6;9;6.6
1962-09-08;4.3;9;4.3
1962-09-09;17.9;9;17.9
1962-09-10;16.6;9;16.6
1962-09-11;11.9;9;11.9
1962-09-12;9.9;9;9.9
1962-09-13;7.8;9;7.8
1962-09-14;6.1;9;6.1
1962-09-15;12.6;9;12.6
1962-09-16;25.6;9;25.6
1962-09-17;26.8;9;26.8
1962-09-18;21.7;9;21.7
1962-09-19;17.9;9;17.9
1962-09-20;15.0;9;15.0
1962-09-21;11.2;9;11.2
1962-09-22;8.1;9;8.1
1962-09-23;5.7;9;5.7
1962-09-24;7.8;9;7.8
1962-09-25;7.3;9;7.3
1962-09-26;15.0;9;15.0
1962-09-27;10.2;9;10.2
1962-09-28;8.7;9;8.7
1962-09-29;7.0;9;7.0
1962-09-30;14.6;9;14.6
1962-10-01;14.2;10;14.2
1962-10-02;11.9;10;11.9
1962-10-03;25.0;10;25.0
1962-10-04;69.6;10;69.6
1962-10-05;86.2;10;86.2
1962-10-06;38.0;10;38.0
1962-10-07;28.1;10;28.1
1962-10-08;23.4;10;23.4
1962-10-09;17.0;10;17.0
1962-10-10;12.6;10;12.6
1962-10-11;134.0;10;134.0
1962-10-12;134.0;10;134.0
1962-10-13;109.0;10;109.0
1962-10-14;92.0;10;92.0
1962-10-15;139.0;10;139.0
1962-10-16;124.3;10;124.3
1962-10-17;67.2;10;67.2
1962-10-18;57.0;10;57.0
1962-10-19;49.2;10;49.2
1962-10-20;41.3;10;41.3
1962-10-21;34.6;10;34.6
1962-10-22;27.5;10;27.5
1962-10-23;19.6;10;19.6
1962-10-24;15.4;10;15.4
1962-10-25;10.5;10;10.5
1962-10-26;7.0;10;7.0
1962-10-27;79.7;10;79.7
1962-10-28;58.0;10;58.0
1962-10-29;38.0;10;38.0
1962-10-30;25.6;10;25.6
1962-10-31;31.0;10;31.0
1962-11-01;23.4;11;23.4
1962-11-02;19.2;11;19.2
1962-11-03;14.6;11;14.6
1962-11-04;10.5;11;10.5
1962-11-05;21.7;11;21.7
1962-11-06;74.6;11;74.6
1962-11-07;59.1;11;59.1
1962-11-08;52.0;11;52.0
1962-11-09;45.5;11;45.5
1962-11-10;40.4;11;40.4
1962-11-11;35.2;11;35.2
1962-11-12;30.5;11;30.5
1962-11-13;24.0;11;24.0
1962-11-14;19.2;11;19.2
1962-11-15;16.6;11;16.6
1962-11-16;14.6;11;14.6
1962-11-17;12.3;11;12.3
1962-11-18;9.9;11;9.9
1962-11-19;8.1;11;8.1
1962-11-20;6.6;11;6.6
1962-11-21;4.5;11;4.5
1962-11-22;14.6;11;14.6
1962-11-23;21.2;11;21.2
1962-11-24;16.2;11;16.2
1962-11-25;13.8;11;13.8
1962-11-26;11.2;11;11.2
1962-11-27;7.8;11;7.8
1962-11-28;15.4;11;15.4
1962-11-29;13.0;11;13.0
1962-11-30;11.2;11;11.2
1962-12-01;7.8;12;7.8
1962-12-02;9.9;12;9.9
1962-12-03;55.0;12;55.0
1962-12-04;58.0;12;58.0
1962-12-05;52.0;12;52.0
1962-12-06;43.8;12;43.8
1962-12-07;36.6;12;36.6
1962-12-08;33.9;12;33.9
1962-12-09;28.1;12;28.1
1962-12-10;23.4;12;23.4
1962-12-11;20.6;12;20.6
1962-12-12;16.6;12;16.6
1962-12-13;13.8;12;13.8
1962-12-14;11.5;12;11.5
1962-12-15;9.3;12;9.3
1962-12-16;7.5;12;7.5
1962-12-17;6.1;12;6.1
1962-12-18;18.7;12;18.7
1962-12-19;28.8;12;28.8
1962-12-20;76.0;12;76.0
1962-12-21;67.2;12;67.2
1962-12-22;59.1;12;59.1
1962-12-23;50.0;12;50.0
1962-12-24;43.8;12;43.8
1962-12-25;36.6;12;36.6
1962-12-26;32.5;12;32.5
1962-12-27;28.1;12;28.1
1962-12-28;24.0;12;24.0
1962-12-29;19.6;12;19.6
1962-12-30;16.6;12;16.6
1962-12-31;14.2;12;14.2
1963-01-01;12.3;1;12.3
1963-01-02;9.6;1;9.6
1963-01-03;7.5;1;7.5
1963-01-04;6.1;1;6.1
1963-01-05;4.3;1;4.3
1963-01-06;9.3;1;9.3
1963-01-07;17.0;1;17.0
1963-01-08;11.9;1;11.9
1963-01-09;9.9;1;9.9
1963-01-10;7.8;1;7.8
1963-01-11;6.1;1;6.1
1963-01-12;11.2;1;11.2
1963-01-13;12.6;1;12.6
1963-01-14;17.5;1;17.5
1963-01-15;11.5;1;11.5
1963-01-16;8.9;1;8.9
1963-01-17;7.0;1;7.0
1963-01-18;6.4;1;6.4
1963-01-19;5.0;1;5.0
1963-01-20;6.8;1;6.8
1963-01-21;7.8;1;7.8
1963-01-22;7.8;1;7.8
1963-01-23;8.4;1;8.4
1963-01-24;8.4;1;8.4
1963-01-25;7.0;1;7.0
1963-01-26;6.4;1;6.4
1963-01-27;8.1;1;8.1
1963-01-28;39.6;1;39.6
1963-01-29;34.6;1;34.6
1963-01-30;29.6;1;29.6
1963-01-31;26.2;1;26.2
1963-02-01;21.7;2;21.7
1963-02-02;15.4;2;15.4
1963-02-03;11.2;2;11.2
1963-02-04;35.9;2;35.9
1963-02-05;27.5;2;27.5
1963-02-06;18.7;2;18.7
1963-02-07;12.6;2;12.6
1963-02-08;8.1;2;8.1
1963-02-09;7.0;2;7.0
1963-02-10;5.9;2;5.9
1963-02-11;10.2;2;10.2
1963-02-12;10.2;2;10.2
1963-02-13;8.1;2;8.1
1963-02-14;6.6;2;6.6
1963-02-15;5.7;2;5.7
1963-02-16;5.5;2;5.5
1963-02-17;3.8;2;3.8
1963-02-18;5.3;2;5.3
1963-02-19;4.1;2;4.1
1963-02-20;3.2;2;3.2
1963-02-21;2.2;2;2.2
1963-02-22;9.3;2;9.3
1963-02-23;9.6;2;9.6
1963-02-24;9.3;2;9.3
1963-02-25;11.2;2;11.2
1963-02-26;6.4;2;6.4
1963-02-27;5.3;2;5.3
1963-02-28;3.6;2;3.6
1963-03-01;3.5;3;3.5
1963-03-02;2.9;3;2.9
1963-03-03;2.7;3;2.7
1963-03-04;2.5;3;2.5
1963-03-05;2.5;3;2.5
1963-03-06;2.4;3;2.4
1963-03-07;2.2;3;2.2
1963-03-08;2.5;3;2.5
1963-03-09;2.2;3;2.2
1963-03-10;2.5;3;2.5
1963-03-11;2.4;3;2.4
1963-03-12;2.4;3;2.4
1963-03-13;2.1;3;2.1
1963-03-14;1.9;3;1.9
1963-03-15;1.8;3;1.8
1963-03-16;2.0;3;2.0
1963-03-17;2.5;3;2.5
1963-03-18;2.6;3;2.6
1963-03-19;6.6;3;6.6
1963-03-20;6.1;3;6.1
1963-03-21;6.8;3;6.8
1963-03-22;7.0;3;7.0
1963-03-23;7.3;3;7.3
1963-03-24;7.3;3;7.3
1963-03-25;7.8;3;7.8
1963-03-26;7.5;3;7.5
1963-03-27;7.8;3;7.8
1963-03-28;7.8;3;7.8
1963-03-29;8.9;3;8.9
1963-03-30;9.3;3;9.3
1963-03-31;6.8;3;6.8
1963-04-01;12.3;4;12.3
1963-04-02;77.0;4;77.0
1963-04-03;72.0;4;72.0
1963-04-04;35.2;4;35.2
1963-04-05;37.3;4;37.3
1963-04-06;26.8;4;26.8
1963-04-07;26.8;4;26.8
1963-04-08;22.8;4;22.8
1963-04-09;12.3;4;12.3
1963-04-10;11.9;4;11.9
1963-04-11;13.4;4;13.4
1963-04-12;15.4;4;15.4
1963-04-13;16.6;4;16.6
1963-04-14;19.6;4;19.6
1963-04-15;24.0;4;24.0
1963-04-16;22.8;4;22.8
1963-04-17;20.1;4;20.1
1963-04-18;18.7;4;18.7
1963-04-19;13.0;4;13.0
1963-04-20;31.0;4;31.0
1963-04-21;21.2;4;21.2
1963-04-22;19.6;4;19.6
1963-04-23;19.2;4;19.2
1963-04-24;15.4;4;15.4
1963-04-25;12.3;4;12.3
1963-04-26;10.9;4;10.9
1963-04-27;10.2;4;10.2
1963-04-28;13.0;4;13.0
1963-04-29;13.8;4;13.8
1963-04-30;19.6;4;19.6
1963-05-01;22.8;5;22.8
1963-05-02;28.1;5;28.1
1963-05-03;62.5;5;62.5
1963-05-04;221.0;5;221.0
1963-05-05;139.0;5;139.0
1963-05-06;44.8;5;44.8
1963-05-07;96.0;5;96.0
1963-05-08;108.0;5;108.0
1963-05-09;87.5;5;87.5
1963-05-10;68.3;5;68.3
1963-05-11;40.4;5;40.4
1963-05-12;31.8;5;31.8
1963-05-13;29.6;5;29.6
1963-05-14;29.6;5;29.6
1963-05-15;41.3;5;41.3
1963-05-16;69.6;5;69.6
1963-05-17;71.0;5;71.0
1963-05-18;83.4;5;83.4
1963-05-19;83.4;5;83.4
1963-05-20;108.0;5;108.0
1963-05-21;63.8;5;63.8
1963-05-22;51.0;5;51.0
1963-05-23;44.8;5;44.8
1963-05-24;96.0;5;96.0
1963-05-25;289.0;5;289.0
1963-05-26;229.0;5;229.0
1963-05-27;39.6;5;39.6
1963-05-28;28.1;5;28.1
1963-05-29;18.7;5;18.7
1963-05-30;9.6;5;9.6
1963-05-31;5.3;5;5.3
1963-06-01;7.5;6;7.5
1963-06-02;10.2;6;10.2
1963-06-03;9.3;6;9.3
1963-06-04;7.0;6;7.0
1963-06-05;6.1;6;6.1
1963-06-06;5.0;6;5.0
1963-06-07;4.1;6;4.1
1963-06-08;9.9;6;9.9
1963-06-09;28.8;6;28.8
1963-06-10;27.5;6;27.5
1963-06-11;23.4;6;23.4
1963-06-12;18.3;6;18.3
1963-06-13;15.0;6;15.0
1963-06-14;12.6;6;12.6
1963-06-15;11.2;6;11.2
1963-06-16;9.9;6;9.9
1963-06-17;12.6;6;12.6
1963-06-18;11.2;6;11.2
1963-06-19;8.9;6;8.9
1963-06-20;6.8;6;6.8
1963-06-21;24.6;6;24.6
1963-06-22;36.6;6;36.6
1963-06-23;32.5;6;32.5
1963-06-24;29.6;6;29.6
1963-06-25;29.6;6;29.6
1963-06-26;31.8;6;31.8
1963-06-27;28.8;6;28.8
1963-06-28;17.0;6;17.0
1963-06-29;13.0;6;13.0
1963-06-30;13.0;6;13.0
1963-07-01;14.0;7;14.0
1963-07-02;9.3;7;9.3
1963-07-03;11.8;7;11.8
1963-07-04;9.9;7;9.9
1963-07-05;8.6;7;8.6
1963-07-06;12.5;7;12.5
1963-07-07;10.8;7;10.8
1963-07-08;7.9;7;7.9
1963-07-09;15.9;7;15.9
1963-07-10;15.7;7;15.7
1963-07-11;12.8;7;12.8
1963-07-12;8.7;7;8.7
1963-07-13;12.1;7;12.1
1963-07-14;10.7;7;10.7
1963-07-15;12.5;7;12.5
1963-07-16;20.3;7;20.3
1963-07-17;14.3;7;14.3
1963-07-18;10.0;7;10.0
1963-07-19;10.9;7;10.9
1963-07-20;20.3;7;20.3
1963-07-21;12.0;7;12.0
1963-07-22;10.0;7;10.0
1963-07-23;32.4;7;32.4
1963-07-24;27.7;7;27.7
1963-07-25;15.5;7;15.5
1963-07-26;13.4;7;13.4
1963-07-27;11.3;7;11.3
1963-07-28;11.0;7;11.0
1963-07-29;9.6;7;9.6
1963-07-30;9.4;7;9.4
1963-07-31;9.1;7;9.1
1963-08-01;9.0;8;9.0
1963-08-02;8.4;8;8.4
1963-08-03;12.7;8;12.7
1963-08-04;15.5;8;15.5
1963-08-05;15.1;8;15.1
1963-08-06;23.2;8;23.2
1963-08-07;34.5;8;34.5
1963-08-08;28.3;8;28.3
1963-08-09;16.3;8;16.3
1963-08-10;11.8;8;11.8
1963-08-11;14.6;8;14.6
1963-08-12;12.7;8;12.7
1963-08-13;57.0;8;57.0
1963-08-14;23.4;8;23.4
1963-08-15;18.0;8;18.0
1963-08-16;81.1;8;81.1
1963-08-17;46.8;8;46.8
1963-08-18;24.2;8;24.2
1963-08-19;20.0;8;20.0
1963-08-20;15.8;8;15.8
1963-08-21;23.4;8;23.4
1963-08-22;11.1;8;11.1
1963-08-23;8.6;8;8.6
1963-08-24;4.0;8;4.0
1963-08-25;4.0;8;4.0
1963-08-26;5.2;8;5.2
1963-08-27;6.7;8;6.7
1963-08-28;5.2;8;5.2
1963-08-29;4.3;8;4.3
1963-08-30;3.8;8;3.8
1963-08-31;4.0;8;4.0
1963-09-01;4.3;9;4.3
1963-09-02;5.0;9;5.0
1963-09-03;4.0;9;4.0
1963-09-04;3.9;9;3.9
1963-09-05;3.5;9;3.5
1963-09-06;3.7;9;3.7
1963-09-07;3.0;9;3.0
1963-09-08;3.9;9;3.9
1963-09-09;8.8;9;8.8
1963-09-10;6.0;9;6.0
1963-09-11;4.8;9;4.8
1963-09-12;4.0;9;4.0
1963-09-13;10.9;9;10.9
1963-09-14;8.3;9;8.3
1963-09-15;10.9;9;10.9
1963-09-16;12.2;9;12.2
1963-09-17;12.2;9;12.2
1963-09-18;12.3;9;12.3
1963-09-19;11.5;9;11.5
1963-09-20;13.1;9;13.1
1963-09-21;11.2;9;11.2
1963-09-22;10.9;9;10.9
1963-09-23;10.0;9;10.0
1963-09-24;8.0;9;8.0
1963-09-25;6.6;9;6.6
1963-09-26;6.8;9;6.8
1963-09-27;7.9;9;7.9
1963-09-28;5.5;9;5.5
1963-09-29;7.1;9;7.1
1963-09-30;6.7;9;6.7
1963-10-01;11.1;10;11.1
1963-10-02;20.2;10;20.2
1963-10-03;33.6;10;33.6
1963-10-04;17.8;10;17.8
1963-10-05;13.5;10;13.5
1963-10-06;13.5;10;13.5
1963-10-07;12.6;10;12.6
1963-10-08;11.9;10;11.9
1963-10-09;12.6;10;12.6
1963-10-10;11.6;10;11.6
1963-10-11;9.3;10;9.3
1963-10-12;7.8;10;7.8
1963-10-13;6.7;10;6.7
1963-10-14;8.7;10;8.7
1963-10-15;42.5;10;42.5
1963-10-16;45.2;10;45.2
1963-10-17;19.8;10;19.8
1963-10-18;18.0;10;18.0
1963-10-19;19.5;10;19.5
1963-10-20;14.4;10;14.4
1963-10-21;12.0;10;12.0
1963-10-22;9.5;10;9.5
1963-10-23;27.9;10;27.9
1963-10-24;61.9;10;61.9
1963-10-25;22.4;10;22.4
1963-10-26;24.0;10;24.0
1963-10-27;19.4;10;19.4
1963-10-28;88.3;10;88.3
1963-10-29;45.8;10;45.8
1963-10-30;53.4;10;53.4
1963-10-31;67.6;10;67.6
1963-11-01;75.9;11;75.9
1963-11-02;25.3;11;25.3
1963-11-03;15.8;11;15.8
1963-11-04;13.3;11;13.3
1963-11-05;34.4;11;34.4
1963-11-06;13.4;11;13.4
1963-11-07;10.8;11;10.8
1963-11-08;33.4;11;33.4
1963-11-09;92.3;11;92.3
1963-11-10;35.7;11;35.7
1963-11-11;70.1;11;70.1
1963-11-12;91.4;11;91.4
1963-11-13;28.8;11;28.8
1963-11-14;133.2;11;133.2
1963-11-15;242.2;11;242.2
1963-11-16;44.6;11;44.6
1963-11-17;21.4;11;21.4
1963-11-18;14.3;11;14.3
1963-11-19;11.4;11;11.4
1963-11-20;12.8;11;12.8
1963-11-21;8.5;11;8.5
1963-11-22;11.8;11;11.8
1963-11-23;21.2;11;21.2
1963-11-24;75.9;11;75.9
1963-11-25;61.2;11;61.2
1963-11-26;57.4;11;57.4
1963-11-27;24.7;11;24.7
1963-11-28;10.2;11;10.2
1963-11-29;8.5;11;8.5
1963-11-30;7.6;11;7.6
1963-12-01;16.7;12;16.7
1963-12-02;11.9;12;11.9
1963-12-03;11.0;12;11.0
1963-12-04;14.4;12;14.4
1963-12-05;10.7;12;10.7
1963-12-06;8.9;12;8.9
1963-12-07;8.2;12;8.2
1963-12-08;8.6;12;8.6
1963-12-09;17.0;12;17.0
1963-12-10;24.7;12;24.7
1963-12-11;11.0;12;11.0
1963-12-12;9.3;12;9.3
1963-12-13;10.4;12;10.4
1963-12-14;11.8;12;11.8
1963-12-15;8.7;12;8.7
1963-12-16;5.7;12;5.7
1963-12-17;6.7;12;6.7
1963-12-18;8.5;12;8.5
1963-12-19;9.9;12;9.9
1963-12-20;33.0;12;33.0
1963-12-21;10.1;12;10.1
1963-12-22;8.4;12;8.4
1963-12-23;7.5;12;7.5
1963-12-24;7.2;12;7.2
1963-12-25;7.0;12;7.0
1963-12-26;5.6;12;5.6
1963-12-27;5.2;12;5.2
1963-12-28;4.8;12;4.8
1963-12-29;4.6;12;4.6
1963-12-30;4.8;12;4.8
1963-12-31;60.4;12;60.4
1964-01-01;18.1;1;18.1
1964-01-02;14.5;1;14.5
1964-01-03;9.1;1;9.1
1964-01-04;6.6;1;6.6
1964-01-05;5.9;1;5.9
1964-01-06;5.1;1;5.1
1964-01-07;4.4;1;4.4
1964-01-08;3.8;1;3.8
1964-01-09;3.2;1;3.2
1964-01-10;3.6;1;3.6
1964-01-11;3.6;1;3.6
1964-01-12;3.7;1;3.7
1964-01-13;4.0;1;4.0
1964-01-14;5.6;1;5.6
1964-01-15;4.4;1;4.4
1964-01-16;3.9;1;3.9
1964-01-17;3.7;1;3.7
1964-01-18;3.4;1;3.4
1964-01-19;3.1;1;3.1
1964-01-20;3.1;1;3.1
1964-01-21;2.8;1;2.8
1964-01-22;2.6;1;2.6
1964-01-23;2.5;1;2.5
1964-01-24;2.5;1;2.5
1964-01-25;2.5;1;2.5
1964-01-26;2.4;1;2.4
1964-01-27;2.2;1;2.2
1964-01-28;2.2;1;2.2
1964-01-29;2.1;1;2.1
1964-01-30;2.0;1;2.0
1964-01-31;2.0;1;2.0
1964-02-01;2.2;2;2.2
1964-02-02;2.4;2;2.4
1964-02-03;2.5;2;2.5
1964-02-04;2.5;2;2.5
1964-02-05;2.6;2;2.6
1964-02-06;2.7;2;2.7
1964-02-07;2.9;2;2.9
1964-02-08;3.1;2;3.1
1964-02-09;3.2;2;3.2
1964-02-10;3.2;2;3.2
1964-02-11;3.2;2;3.2
1964-02-12;3.0;2;3.0
1964-02-13;2.7;2;2.7
1964-02-14;2.8;2;2.8
1964-02-15;2.6;2;2.6
1964-02-16;2.5;2;2.5
1964-02-17;2.5;2;2.5
1964-02-18;5.7;2;5.7
1964-02-19;5.1;2;5.1
1964-02-20;6.3;2;6.3
1964-02-21;5.6;2;5.6
1964-02-22;6.1;2;6.1
1964-02-23;7.5;2;7.5
1964-02-24;7.0;2;7.0
1964-02-25;6.7;2;6.7
1964-02-26;6.4;2;6.4
1964-02-27;5.9;2;5.9
1964-02-28;5.6;2;5.6
1964-02-29;4.6;2;4.6
1964-03-01;3.1;3;3.1
1964-03-02;2.6;3;2.6
1964-03-03;2.9;3;2.9
1964-03-04;3.7;3;3.7
1964-03-05;3.7;3;3.7
1964-03-06;2.4;3;2.4
1964-03-07;2.5;3;2.5
1964-03-08;3.8;3;3.8
1964-03-09;3.2;3;3.2
1964-03-10;2.6;3;2.6
1964-03-11;3.2;3;3.2
1964-03-12;2.6;3;2.6
1964-03-13;3.0;3;3.0
1964-03-14;3.2;3;3.2
1964-03-15;4.3;3;4.3
1964-03-16;6.1;3;6.1
1964-03-17;5.3;3;5.3
1964-03-18;3.8;3;3.8
1964-03-19;3.2;3;3.2
1964-03-20;3.0;3;3.0
1964-03-21;3.5;3;3.5
1964-03-22;4.7;3;4.7
1964-03-23;2.6;3;2.6
1964-03-24;2.6;3;2.6
1964-03-25;2.9;3;2.9
1964-03-26;4.0;3;4.0
1964-03-27;5.7;3;5.7
1964-03-28;6.2;3;6.2
1964-03-29;5.1;3;5.1
1964-03-30;2.6;3;2.6
1964-03-31;2.6;3;2.6
1964-04-01;2.6;4;2.6
1964-04-02;2.6;4;2.6
1964-04-03;2.6;4;2.6
1964-04-04;2.6;4;2.6
1964-04-05;2.6;4;2.6
1964-04-06;3.2;4;3.2
1964-04-07;3.1;4;3.1
1964-04-08;3.9;4;3.9
1964-04-09;9.1;4;9.1
1964-04-10;6.6;4;6.6
1964-04-11;5.6;4;5.6
1964-04-12;6.6;4;6.6
1964-04-13;7.8;4;7.8
1964-04-14;20.8;4;20.8
1964-04-15;17.7;4;17.7
1964-04-16;16.1;4;16.1
1964-04-17;9.1;4;9.1
1964-04-18;33.9;4;33.9
1964-04-19;25.3;4;25.3
1964-04-20;15.4;4;15.4
1964-04-21;7.8;4;7.8
1964-04-22;5.6;4;5.6
1964-04-23;5.6;4;5.6
1964-04-24;3.9;4;3.9
1964-04-25;3.9;4;3.9
1964-04-26;33.9;4;33.9
1964-04-27;43.6;4;43.6
1964-04-28;32.5;4;32.5
1964-04-29;18.3;4;18.3
1964-04-30;13.4;4;13.4
1964-05-01;15.4;5;15.4
1964-05-02;12.3;5;12.3
1964-05-03;8.6;5;8.6
1964-05-04;7.8;5;7.8
1964-05-05;6.6;5;6.6
1964-05-06;6.6;5;6.6
1964-05-07;5.9;5;5.9
1964-05-08;5.6;5;5.6
1964-05-09;5.6;5;5.6
1964-05-10;6.6;5;6.6
1964-05-11;5.8;5;5.8
1964-05-12;6.0;5;6.0
1964-05-13;11.0;5;11.0
1964-05-14;9.7;5;9.7
1964-05-15;10.3;5;10.3
1964-05-16;13.4;5;13.4
1964-05-17;9.1;5;9.1
1964-05-18;12.0;5;12.0
1964-05-19;9.4;5;9.4
1964-05-20;7.5;5;7.5
1964-05-21;6.7;5;6.7
1964-05-22;6.2;5;6.2
1964-05-23;5.3;5;5.3
1964-05-24;6.0;5;6.0
1964-05-25;13.8;5;13.8
1964-05-26;17.0;5;17.0
1964-05-27;20.7;5;20.7
1964-05-28;33.6;5;33.6
1964-05-29;32.2;5;32.2
1964-05-30;121.0;5;121.0
1964-05-31;80.2;5;80.2
1964-06-01;87.6;6;87.6
1964-06-02;43.1;6;43.1
1964-06-03;37.0;6;37.0
1964-06-04;45.4;6;45.4
1964-06-05;36.3;6;36.3
1964-06-06;167.5;6;167.5
1964-06-07;47.9;6;47.9
1964-06-08;40.0;6;40.0
1964-06-09;24.4;6;24.4
1964-06-10;23.8;6;23.8
1964-06-11;20.7;6;20.7
1964-06-12;38.5;6;38.5
1964-06-13;24.9;6;24.9
1964-06-14;17.4;6;17.4
1964-06-15;26.1;6;26.1
1964-06-16;16.2;6;16.2
1964-06-17;13.8;6;13.8
1964-06-18;15.3;6;15.3
1964-06-19;13.8;6;13.8
1964-06-20;22.8;6;22.8
1964-06-21;19.8;6;19.8
1964-06-22;18.4;6;18.4
1964-06-23;12.3;6;12.3
1964-06-24;13.0;6;13.0
1964-06-25;12.3;6;12.3
1964-06-26;41.5;6;41.5
1964-06-27;29.7;6;29.7
1964-06-28;32.2;6;32.2
1964-06-29;71.2;6;71.2
1964-06-30;35.6;6;35.6
1964-07-01;20.7;7;20.7
1964-07-02;25.5;7;25.5
1964-07-03;43.8;7;43.8
1964-07-04;28.4;7;28.4
1964-07-05;17.9;7;17.9
1964-07-06;15.8;7;15.8
1964-07-07;13.0;7;13.0
1964-07-08;17.4;7;17.4
1964-07-09;46.2;7;46.2
1964-07-10;28.4;7;28.4
1964-07-11;28.4;7;28.4
1964-07-12;27.2;7;27.2
1964-07-13;24.4;7;24.4
1964-07-14;17.9;7;17.9
1964-07-15;13.4;7;13.4
1964-07-16;12.7;7;12.7
1964-07-17;12.7;7;12.7
1964-07-18;19.3;7;19.3
1964-07-19;21.2;7;21.2
1964-07-20;15.3;7;15.3
1964-07-21;17.0;7;17.0
1964-07-22;14.6;7;14.6
1964-07-23;13.4;7;13.4
1964-07-24;19.3;7;19.3
1964-07-25;12.7;7;12.7
1964-07-26;9.1;7;9.1
1964-07-27;7.7;7;7.7
1964-07-28;22.2;7;22.2
1964-07-29;24.9;7;24.9
1964-07-30;20.2;7;20.2
1964-07-31;14.2;7;14.2
1964-08-01;11.6;8;11.6
1964-08-02;23.8;8;23.8
1964-08-03;22.2;8;22.2
1964-08-04;18.8;8;18.8
1964-08-05;37.0;8;37.0
1964-08-06;29.0;8;29.0
1964-08-07;22.8;8;22.8
1964-08-08;15.0;8;15.0
1964-08-09;14.2;8;14.2
1964-08-10;18.4;8;18.4
1964-08-11;17.9;8;17.9
1964-08-12;26.1;8;26.1
1964-08-13;22.8;8;22.8
1964-08-14;22.8;8;22.8
1964-08-15;22.8;8;22.8
1964-08-16;21.7;8;21.7
1964-08-17;24.9;8;24.9
1964-08-18;24.4;8;24.4
1964-08-19;20.7;8;20.7
1964-08-20;15.0;8;15.0
1964-08-21;12.3;8;12.3
1964-08-22;17.9;8;17.9
1964-08-23;9.1;8;9.1
1964-08-24;10.3;8;10.3
1964-08-25;11.0;8;11.0
1964-08-26;9.4;8;9.4
1964-08-27;10.6;8;10.6
1964-08-28;13.4;8;13.4
1964-08-29;17.0;8;17.0
1964-08-30;17.0;8;17.0
1964-08-31;15.3;8;15.3
1964-09-01;14.6;9;14.6
1964-09-02;10.3;9;10.3
1964-09-03;15.8;9;15.8
1964-09-04;17.0;9;17.0
1964-09-05;19.8;9;19.8
1964-09-06;41.5;9;41.5
1964-09-07;43.1;9;43.1
1964-09-08;31.6;9;31.6
1964-09-09;19.3;9;19.3
1964-09-10;15.0;9;15.0
1964-09-11;12.7;9;12.7
1964-09-12;18.4;9;18.4
1964-09-13;16.2;9;16.2
1964-09-14;13.0;9;13.0
1964-09-15;12.7;9;12.7
1964-09-16;11.3;9;11.3
1964-09-17;10.6;9;10.6
1964-09-18;12.3;9;12.3
1964-09-19;10.6;9;10.6
1964-09-20;12.0;9;12.0
1964-09-21;14.2;9;14.2
1964-09-22;9.1;9;9.1
1964-09-23;22.8;9;22.8
1964-09-24;28.4;9;28.4
1964-09-25;23.3;9;23.3
1964-09-26;15.8;9;15.8
1964-09-27;14.2;9;14.2
1964-09-28;12.7;9;12.7
1964-09-29;8.0;9;8.0
1964-09-30;15.0;9;15.0
1964-10-01;13.0;10;13.0
1964-10-02;10.6;10;10.6
1964-10-03;7.7;10;7.7
1964-10-04;7.5;10;7.5
1964-10-05;10.6;10;10.6
1964-10-06;8.8;10;8.8
1964-10-07;7.5;10;7.5
1964-10-08;8.5;10;8.5
1964-10-09;9.7;10;9.7
1964-10-10;8.2;10;8.2
1964-10-11;8.0;10;8.0
1964-10-12;10.6;10;10.6
1964-10-13;9.7;10;9.7
1964-10-14;12.0;10;12.0
1964-10-15;43.8;10;43.8
1964-10-16;33.5;10;33.5
1964-10-17;43.8;10;43.8
1964-10-18;34.9;10;34.9
1964-10-19;37.0;10;37.0
1964-10-20;35.6;10;35.6
1964-10-21;30.3;10;30.3
1964-10-22;20.2;10;20.2
1964-10-23;21.7;10;21.7
1964-10-24;23.8;10;23.8
1964-10-25;18.4;10;18.4
1964-10-26;13.4;10;13.4
1964-10-27;11.3;10;11.3
1964-10-28;12.7;10;12.7
1964-10-29;10.6;10;10.6
1964-10-30;9.1;10;9.1
1964-10-31;9.4;10;9.4
1964-11-01;13.8;11;13.8
1964-11-02;29.0;11;29.0
1964-11-03;15.8;11;15.8
1964-11-04;13.4;11;13.4
1964-11-05;17.0;11;17.0
1964-11-06;13.0;11;13.0
1964-11-07;16.6;11;16.6
1964-11-08;12.3;11;12.3
1964-11-09;14.6;11;14.6
1964-11-10;13.0;11;13.0
1964-11-11;15.3;11;15.3
1964-11-12;11.6;11;11.6
1964-11-13;19.8;11;19.8
1964-11-14;20.7;11;20.7
1964-11-15;20.7;11;20.7
1964-11-16;12.0;11;12.0
1964-11-17;14.2;11;14.2
1964-11-18;22.8;11;22.8
1964-11-19;29.7;11;29.7
1964-11-20;20.7;11;20.7
1964-11-21;29.7;11;29.7
1964-11-22;12.3;11;12.3
1964-11-23;9.1;11;9.1
1964-11-24;9.7;11;9.7
1964-11-25;10.6;11;10.6
1964-11-26;11.6;11;11.6
1964-11-27;10.6;11;10.6
1964-11-28;10.6;11;10.6
1964-11-29;10.0;11;10.0
1964-11-30;9.1;11;9.1
1964-12-01;9.4;12;9.4
1964-12-02;8.2;12;8.2
1964-12-03;13.8;12;13.8
1964-12-04;16.6;12;16.6
1964-12-05;16.2;12;16.2
1964-12-06;20.7;12;20.7
1964-12-07;27.2;12;27.2
1964-12-08;32.9;12;32.9
1964-12-09;43.1;12;43.1
1964-12-10;32.9;12;32.9
1964-12-11;17.4;12;17.4
1964-12-12;14.2;12;14.2
1964-12-13;12.3;12;12.3
1964-12-14;9.1;12;9.1
1964-12-15;8.0;12;8.0
1964-12-16;7.0;12;7.0
1964-12-17;10.3;12;10.3
1964-12-18;8.2;12;8.2
1964-12-19;7.7;12;7.7
1964-12-20;7.7;12;7.7
1964-12-21;6.2;12;6.2
1964-12-22;6.7;12;6.7
1964-12-23;5.3;12;5.3
1964-12-24;5.8;12;5.8
1964-12-25;7.5;12;7.5
1964-12-26;7.0;12;7.0
1964-12-27;7.2;12;7.2
1964-12-28;11.3;12;11.3
1964-12-29;10.0;12;10.0
1964-12-30;7.0;12;7.0
1964-12-31;4.7;12;4.7
1965-01-01;7.0;1;7.0
1965-01-02;6.0;1;6.0
1965-01-03;5.6;1;5.6
1965-01-04;4.9;1;4.9
1965-01-05;4.5;1;4.5
1965-01-06;5.1;1;5.1
1965-01-07;5.1;1;5.1
1965-01-08;7.0;1;7.0
1965-01-09;13.0;1;13.0
1965-01-10;14.6;1;14.6
1965-01-11;11.6;1;11.6
1965-01-12;8.2;1;8.2
1965-01-13;8.2;1;8.2
1965-01-14;13.4;1;13.4
1965-01-15;12.0;1;12.0
1965-01-16;10.0;1;10.0
1965-01-17;9.7;1;9.7
1965-01-18;8.8;1;8.8
1965-01-19;8.0;1;8.0
1965-01-20;7.0;1;7.0
1965-01-21;6.0;1;6.0
1965-01-22;5.6;1;5.6
1965-01-23;5.3;1;5.3
1965-01-24;4.9;1;4.9
1965-01-25;4.4;1;4.4
1965-01-26;4.0;1;4.0
1965-01-27;3.7;1;3.7
1965-01-28;3.4;1;3.4
1965-01-29;3.1;1;3.1
1965-01-30;2.8;1;2.8
1965-01-31;2.6;1;2.6
1965-02-01;2.5;2;2.5
1965-02-02;2.3;2;2.3
1965-02-03;2.5;2;2.5
1965-02-04;2.4;2;2.4
1965-02-05;2.4;2;2.4
1965-02-06;2.9;2;2.9
1965-02-07;2.5;2;2.5
1965-02-08;2.5;2;2.5
1965-02-09;2.3;2;2.3
1965-02-10;2.1;2;2.1
1965-02-11;2.0;2;2.0
1965-02-12;2.0;2;2.0
1965-02-13;2.0;2;2.0
1965-02-14;1.9;2;1.9
1965-02-15;2.3;2;2.3
1965-02-16;1.8;2;1.8
1965-02-17;1.7;2;1.7
1965-02-18;2.6;2;2.6
1965-02-19;3.1;2;3.1
1965-02-20;2.8;2;2.8
1965-02-21;2.5;2;2.5
1965-02-22;2.3;2;2.3
1965-02-23;2.3;2;2.3
1965-02-24;2.3;2;2.3
1965-02-25;2.3;2;2.3
1965-02-26;2.3;2;2.3
1965-02-27;2.3;2;2.3
1965-02-28;2.3;2;2.3
1965-03-01;1.6;3;1.6
1965-03-02;1.6;3;1.6
1965-03-03;1.6;3;1.6
1965-03-04;1.6;3;1.6
1965-03-05;1.6;3;1.6
1965-03-06;1.6;3;1.6
1965-03-07;1.6;3;1.6
1965-03-08;1.6;3;1.6
1965-03-09;1.6;3;1.6
1965-03-10;1.6;3;1.6
1965-03-11;1.6;3;1.6
1965-03-12;1.6;3;1.6
1965-03-13;1.6;3;1.6
1965-03-14;1.6;3;1.6
1965-03-15;1.6;3;1.6
1965-03-16;1.6;3;1.6
1965-03-17;1.6;3;1.6
1965-03-18;1.7;3;1.7
1965-03-19;1.4;3;1.4
1965-03-20;1.6;3;1.6
1965-03-21;1.7;3;1.7
1965-03-22;1.5;3;1.5
1965-03-23;1.4;3;1.4
1965-03-24;1.6;3;1.6
1965-03-25;1.5;3;1.5
1965-03-26;1.4;3;1.4
1965-03-27;1.5;3;1.5
1965-03-28;1.7;3;1.7
1965-03-29;1.7;3;1.7
1965-03-30;1.5;3;1.5
1965-03-31;1.7;3;1.7
1965-04-01;1.6;4;1.6
1965-04-02;1.7;4;1.7
1965-04-03;1.5;4;1.5
1965-04-04;2.0;4;2.0
1965-04-05;5.6;4;5.6
1965-04-06;15.0;4;15.0
1965-04-07;82.6;4;82.6
1965-04-08;44.6;4;44.6
1965-04-09;23.8;4;23.8
1965-04-10;43.8;4;43.8
1965-04-11;34.9;4;34.9
1965-04-12;26.6;4;26.6
1965-04-13;37.0;4;37.0
1965-04-14;71.2;4;71.2
1965-04-15;61.8;4;61.8
1965-04-16;47.1;4;47.1
1965-04-17;32.2;4;32.2
1965-04-18;27.2;4;27.2
1965-04-19;22.8;4;22.8
1965-04-20;19.8;4;19.8
1965-04-21;17.0;4;17.0
1965-04-22;38.5;4;38.5
1965-04-23;66.9;4;66.9
1965-04-24;54.1;4;54.1
1965-04-25;43.1;4;43.1
1965-04-26;40.0;4;40.0
1965-04-27;30.3;4;30.3
1965-04-28;22.8;4;22.8
1965-04-29;29.7;4;29.7
1965-04-30;27.8;4;27.8
1965-05-01;21.6;5;21.6
1965-05-02;39.3;5;39.3
1965-05-03;60.8;5;60.8
1965-05-04;71.5;5;71.5
1965-05-05;118.0;5;118.0
1965-05-06;105.0;5;105.0
1965-05-07;88.9;5;88.9
1965-05-08;71.5;5;71.5
1965-05-09;73.6;5;73.6
1965-05-10;62.7;5;62.7
1965-05-11;52.9;5;52.9
1965-05-12;45.7;5;45.7
1965-05-13;41.2;5;41.2
1965-05-14;37.1;5;37.1
1965-05-15;34.4;5;34.4
1965-05-16;30.1;5;30.1
1965-05-17;27.8;5;27.8
1965-05-18;25.1;5;25.1
1965-05-19;75.6;5;75.6
1965-05-20;59.0;5;59.0
1965-05-21;51.2;5;51.2
1965-05-22;48.8;5;48.8
1965-05-23;44.2;5;44.2
1965-05-24;40.5;5;40.5
1965-05-25;32.6;5;32.6
1965-05-26;29.5;5;29.5
1965-05-27;26.2;5;26.2
1965-05-28;19.7;5;19.7
1965-05-29;15.2;5;15.2
1965-05-30;12.0;5;12.0
1965-05-31;26.2;5;26.2
1965-06-01;15.9;6;15.9
1965-06-02;12.0;6;12.0
1965-06-03;9.52;6;9.52
1965-06-04;19.2;6;19.2
1965-06-05;18.0;6;18.0
1965-06-06;17.6;6;17.6
1965-06-07;13.4;6;13.4
1965-06-08;10.1;6;10.1
1965-06-09;8.96;6;8.96
1965-06-10;7.9;6;7.9
1965-06-11;6.94;6;6.94
1965-06-12;6.26;6;6.26
1965-06-13;5.62;6;5.62
1965-06-14;10.1;6;10.1
1965-06-15;9.23;6;9.23
1965-06-16;8.16;6;8.16
1965-06-17;18.4;6;18.4
1965-06-18;19.7;6;19.7
1965-06-19;16.3;6;16.3
1965-06-20;13.4;6;13.4
1965-06-21;11.3;6;11.3
1965-06-22;10.4;6;10.4
1965-06-23;9.23;6;9.23
1965-06-24;8.42;6;8.42
1965-06-25;7.41;6;7.41
1965-06-26;5.22;6;5.22
1965-06-27;11.6;6;11.6
1965-06-28;18.4;6;18.4
1965-06-29;15.2;6;15.2
1965-06-30;13.0;6;13.0
1965-07-01;12.0;7;12.0
1965-07-02;11.0;7;11.0
1965-07-03;8.96;7;8.96
1965-07-04;7.9;7;7.9
1965-07-05;7.17;7;7.17
1965-07-06;13.4;7;13.4
1965-07-07;10.1;7;10.1
1965-07-08;8.16;7;8.16
1965-07-09;7.65;7;7.65
1965-07-10;5.62;7;5.62
1965-07-11;5.03;7;5.03
1965-07-12;8.16;7;8.16
1965-07-13;12.0;7;12.0
1965-07-14;11.6;7;11.6
1965-07-15;9.8;7;9.8
1965-07-16;10.7;7;10.7
1965-07-17;11.6;7;11.6
1965-07-18;11.3;7;11.3
1965-07-19;15.2;7;15.2
1965-07-20;11.3;7;11.3
1965-07-21;11.6;7;11.6
1965-07-22;11.3;7;11.3
1965-07-23;12.6;7;12.6
1965-07-24;12.0;7;12.0
1965-07-25;16.7;7;16.7
1965-07-26;13.0;7;13.0
1965-07-27;11.0;7;11.0
1965-07-28;9.52;7;9.52
1965-07-29;8.42;7;8.42
1965-07-30;10.4;7;10.4
1965-07-31;9.52;7;9.52
1965-08-01;8.69;8;8.69
1965-08-02;7.17;8;7.17
1965-08-03;11.0;8;11.0
1965-08-04;67.4;8;67.4
1965-08-05;44.9;8;44.9
1965-08-06;21.6;8;21.6
1965-08-07;23.5;8;23.5
1965-08-08;15.9;8;15.9
1965-08-09;12.3;8;12.3
1965-08-10;14.0;8;14.0
1965-08-11;13.7;8;13.7
1965-08-12;20.6;8;20.6
1965-08-13;19.7;8;19.7
1965-08-14;12.3;8;12.3
1965-08-15;9.52;8;9.52
1965-08-16;8.69;8;8.69
1965-08-17;7.9;8;7.9
1965-08-18;13.4;8;13.4
1965-08-19;8.42;8;8.42
1965-08-20;9.23;8;9.23
1965-08-21;8.69;8;8.69
1965-08-22;8.42;8;8.42
1965-08-23;6.48;8;6.48
1965-08-24;26.2;8;26.2
1965-08-25;21.1;8;21.1
1965-08-26;11.6;8;11.6
1965-08-27;9.52;8;9.52
1965-08-28;15.0;8;15.0
1965-08-29;33.4;8;33.4
1965-08-30;16.7;8;16.7
1965-08-31;16.9;8;16.9
1965-09-01;12.6;9;12.6
1965-09-02;9.23;9;9.23
1965-09-03;7.9;9;7.9
1965-09-04;7.17;9;7.17
1965-09-05;11.6;9;11.6
1965-09-06;12.0;9;12.0
1965-09-07;15.2;9;15.2
1965-09-08;13.0;9;13.0
1965-09-09;11.0;9;11.0
1965-09-10;6.94;9;6.94
1965-09-11;6.04;9;6.04
1965-09-12;5.83;9;5.83
1965-09-13;5.62;9;5.62
1965-09-14;4.82;9;4.82
1965-09-15;4.46;9;4.46
1965-09-16;4.14;9;4.14
1965-09-17;3.97;9;3.97
1965-09-18;3.81;9;3.81
1965-09-19;3.81;9;3.81
1965-09-20;5.08;9;5.08
1965-09-21;4.31;9;4.31
1965-09-22;3.81;9;3.81
1965-09-23;3.97;9;3.97
1965-09-24;3.81;9;3.81
1965-09-25;3.81;9;3.81
1965-09-26;3.81;9;3.81
1965-09-27;4.14;9;4.14
1965-09-28;3.97;9;3.97
1965-09-29;4.14;9;4.14
1965-09-30;3.97;9;3.97
1965-10-01;4.62;10;4.62
1965-10-02;4.82;10;4.82
1965-10-03;4.82;10;4.82
1965-10-04;4.46;10;4.46
1965-10-05;4.14;10;4.14
1965-10-06;3.06;10;3.06
1965-10-07;2.8;10;2.8
1965-10-08;2.93;10;2.93
1965-10-09;2.93;10;2.93
1965-10-10;2.8;10;2.8
1965-10-11;25.6;10;25.6
1965-10-12;12.0;10;12.0
1965-10-13;26.8;10;26.8
1965-10-14;71.5;10;71.5
1965-10-15;30.7;10;30.7
1965-10-16;96.0;10;96.0
1965-10-17;154.0;10;154.0
1965-10-18;169.0;10;169.0
1965-10-19;229.0;10;229.0
1965-10-20;200.0;10;200.0
1965-10-21;127.0;10;127.0
1965-10-22;10.5;10;10.5
1965-10-23;93.8;10;93.8
1965-10-24;9.52;10;9.52
1965-10-25;8.69;10;8.69
1965-10-26;10.1;10;10.1
1965-10-27;42.7;10;42.7
1965-10-28;31.3;10;31.3
1965-10-29;24.6;10;24.6
1965-10-30;20.2;10;20.2
1965-10-31;17.2;10;17.2
1965-11-01;33.9;11;33.9
1965-11-02;36.4;11;36.4
1965-11-03;30.7;11;30.7
1965-11-04;27.3;11;27.3
1965-11-05;17.2;11;17.2
1965-11-06;17.6;11;17.6
1965-11-07;70.5;11;70.5
1965-11-08;204.0;11;204.0
1965-11-09;107.0;11;107.0
1965-11-10;65.6;11;65.6
1965-11-11;31.9;11;31.9
1965-11-12;21.1;11;21.1
1965-11-13;23.6;11;23.6
1965-11-14;21.1;11;21.1
1965-11-15;22.1;11;22.1
1965-11-16;37.8;11;37.8
1965-11-17;39.1;11;39.1
1965-11-18;58.1;11;58.1
1965-11-19;45.7;11;45.7
1965-11-20;57.2;11;57.2
1965-11-21;37.1;11;37.1
1965-11-22;66.5;11;66.5
1965-11-23;81.1;11;81.1
1965-11-24;186.0;11;186.0
1965-11-25;45.7;11;45.7
1965-11-26;28.9;11;28.9
1965-11-27;38.4;11;38.4
1965-11-28;35.0;11;35.0
1965-11-29;31.9;11;31.9
1965-11-30;27.8;11;27.8
1965-12-01;18.0;12;18.0
1965-12-02;15.6;12;15.6
1965-12-03;16.3;12;16.3
1965-12-04;16.7;12;16.7
1965-12-05;15.6;12;15.6
1965-12-06;14.8;12;14.8
1965-12-07;15.2;12;15.2
1965-12-08;14.4;12;14.4
1965-12-09;13.7;12;13.7
1965-12-10;11.3;12;11.3
1965-12-11;11.6;12;11.6
1965-12-12;21.6;12;21.6
1965-12-13;19.2;12;19.2
1965-12-14;17.6;12;17.6
1965-12-15;15.6;12;15.6
1965-12-16;14.4;12;14.4
1965-12-17;11.6;12;11.6
1965-12-18;10.4;12;10.4
1965-12-19;9.8;12;9.8
1965-12-20;9.23;12;9.23
1965-12-21;9.23;12;9.23
1965-12-22;8.69;12;8.69
1965-12-23;8.42;12;8.42
1965-12-24;7.65;12;7.65
1965-12-25;7.41;12;7.41
1965-12-26;6.94;12;6.94
1965-12-27;6.7;12;6.7
1965-12-28;6.26;12;6.26
1965-12-29;5.83;12;5.83
1965-12-30;5.42;12;5.42
1965-12-31;5.62;12;5.62
1966-01-01;5.83;1;5.83
1966-01-02;5.42;1;5.42
1966-01-03;5.22;1;5.22
1966-01-04;4.62;1;4.62
1966-01-05;4.14;1;4.14
1966-01-06;3.18;1;3.18
1966-01-07;4.14;1;4.14
1966-01-08;3.97;1;3.97
1966-01-09;4.14;1;4.14
1966-01-10;3.81;1;3.81
1966-01-11;4.14;1;4.14
1966-01-12;4.82;1;4.82
1966-01-13;3.97;1;3.97
1966-01-14;3.35;1;3.35
1966-01-15;2.54;1;2.54
1966-01-16;2.8;1;2.8
1966-01-17;2.42;1;2.42
1966-01-18;1.98;1;1.98
1966-01-19;2.3;1;2.3
1966-01-20;2.19;1;2.19
1966-01-21;2.08;1;2.08
1966-01-22;2.42;1;2.42
1966-01-23;2.08;1;2.08
1966-01-24;3.2;1;3.2
1966-01-25;3.35;1;3.35
1966-01-26;3.06;1;3.06
1966-01-27;2.54;1;2.54
1966-01-28;2.19;1;2.19
1966-01-29;1.88;1;1.88
1966-01-30;1.98;1;1.98
1966-01-31;1.98;1;1.98
1966-02-01;1.98;2;1.98
1966-02-02;2.19;2;2.19
1966-02-03;1.98;2;1.98
1966-02-04;2.08;2;2.08
1966-02-05;2.19;2;2.19
1966-02-06;2.19;2;2.19
1966-02-07;2.08;2;2.08
1966-02-08;1.88;2;1.88
1966-02-09;1.67;2;1.67
1966-02-10;1.98;2;1.98
1966-02-11;3.5;2;3.5
1966-02-12;3.06;2;3.06
1966-02-13;2.8;2;2.8
1966-02-14;2.42;2;2.42
1966-02-15;2.08;2;2.08
1966-02-16;1.78;2;1.78
1966-02-17;1.67;2;1.67
1966-02-18;1.4;2;1.4
1966-02-19;2.3;2;2.3
1966-02-20;2.19;2;2.19
1966-02-21;1.98;2;1.98
1966-02-22;2.42;2;2.42
1966-02-23;2.19;2;2.19
1966-02-24;1.98;2;1.98
1966-02-25;1.88;2;1.88
1966-02-26;1.67;2;1.67
1966-02-27;1.78;2;1.78
1966-02-28;1.67;2;1.67
1966-03-01;1.58;3;1.58
1966-03-02;1.4;3;1.4
1966-03-03;2.3;3;2.3
1966-03-04;2.08;3;2.08
1966-03-05;1.67;3;1.67
1966-03-06;11.0;3;11.0
1966-03-07;21.5;3;21.5
1966-03-08;12.0;3;12.0
1966-03-09;11.6;3;11.6
1966-03-10;31.9;3;31.9
1966-03-11;18.4;3;18.4
1966-03-12;12.6;3;12.6
1966-03-13;7.65;3;7.65
1966-03-14;5.22;3;5.22
1966-03-15;4.82;3;4.82
1966-03-16;4.62;3;4.62
1966-03-17;4.31;3;4.31
1966-03-18;3.81;3;3.81
1966-03-19;3.97;3;3.97
1966-03-20;4.14;3;4.14
1966-03-21;5.42;3;5.42
1966-03-22;3.81;3;3.81
1966-03-23;3.06;3;3.06
1966-03-24;3.35;3;3.35
1966-03-25;2.93;3;2.93
1966-03-26;2.54;3;2.54
1966-03-27;24.1;3;24.1
1966-03-28;19.2;3;19.2
1966-03-29;8.42;3;8.42
1966-03-30;6.26;3;6.26
1966-03-31;7.41;3;7.41
1966-04-01;15.6;4;15.6
1966-04-02;9.52;4;9.52
1966-04-03;8.42;4;8.42
1966-04-04;6.04;4;6.04
1966-04-05;4.82;4;4.82
1966-04-06;3.06;4;3.06
1966-04-07;2.93;4;2.93
1966-04-08;2.42;4;2.42
1966-04-09;2.93;4;2.93
1966-04-10;3.35;4;3.35
1966-04-11;17.6;4;17.6
1966-04-12;10.7;4;10.7
1966-04-13;8.42;4;8.42
1966-04-14;7.9;4;7.9
1966-04-15;18.0;4;18.0
1966-04-16;12.6;4;12.6
1966-04-17;7.41;4;7.41
1966-04-18;7.65;4;7.65
1966-04-19;7.65;4;7.65
1966-04-20;7.65;4;7.65
1966-04-21;6.48;4;6.48
1966-04-22;6.94;4;6.94
1966-04-23;6.94;4;6.94
1966-04-24;6.94;4;6.94
1966-04-25;5.62;4;5.62
1966-04-26;4.62;4;4.62
1966-04-27;4.82;4;4.82
1966-04-28;5.62;4;5.62
1966-04-29;17.2;4;17.2
1966-04-30;11.3;4;11.3
1966-05-01;7.17;5;7.17
1966-05-02;6.26;5;6.26
1966-05-03;5.22;5;5.22
1966-05-04;4.82;5;4.82
1966-05-05;6.26;5;6.26
1966-05-06;4.62;5;4.62
1966-05-07;15.6;5;15.6
1966-05-08;12.6;5;12.6
1966-05-09;7.65;5;7.65
1966-05-10;8.42;5;8.42
1966-05-11;12.3;5;12.3
1966-05-12;9.52;5;9.52
1966-05-13;17.6;5;17.6
1966-05-14;8.42;5;8.42
1966-05-15;5.83;5;5.83
1966-05-16;5.42;5;5.42
1966-05-17;5.83;5;5.83
1966-05-18;6.04;5;6.04
1966-05-19;5.83;5;5.83
1966-05-20;11.3;5;11.3
1966-05-21;8.42;5;8.42
1966-05-22;6.48;5;6.48
1966-05-23;9.23;5;9.23
1966-05-24;12.6;5;12.6
1966-05-25;11.3;5;11.3
1966-05-26;21.1;5;21.1
1966-05-27;24.6;5;24.6
1966-05-28;22.1;5;22.1
1966-05-29;12.6;5;12.6
1966-05-30;14.4;5;14.4
1966-05-31;12.6;5;12.6
1966-06-01;14.4;6;14.4
1966-06-02;23.6;6;23.6
1966-06-03;130.0;6;130.0
1966-06-04;54.7;6;54.7
1966-06-05;22.6;6;22.6
1966-06-06;15.9;6;15.9
1966-06-07;11.3;6;11.3
1966-06-08;9.23;6;9.23
1966-06-09;7.9;6;7.9
1966-06-10;8.96;6;8.96
1966-06-11;9.23;6;9.23
1966-06-12;7.65;6;7.65
1966-06-13;9.52;6;9.52
1966-06-14;6.26;6;6.26
1966-06-15;5.83;6;5.83
1966-06-16;5.42;6;5.42
1966-06-17;4.82;6;4.82
1966-06-18;4.82;6;4.82
1966-06-19;16.3;6;16.3
1966-06-20;12.6;6;12.6
1966-06-21;16.3;6;16.3
1966-06-22;15.2;6;15.2
1966-06-23;13.0;6;13.0
1966-06-24;13.7;6;13.7
1966-06-25;11.6;6;11.6
1966-06-26;9.23;6;9.23
1966-06-27;9.23;6;9.23
1966-06-28;8.69;6;8.69
1966-06-29;8.69;6;8.69
1966-06-30;7.9;6;7.9
1966-07-01;11.6;7;11.6
1966-07-02;25.6;7;25.6
1966-07-03;30.1;7;30.1
1966-07-04;29.5;7;29.5
1966-07-05;28.9;7;28.9
1966-07-06;25.1;7;25.1
1966-07-07;25.1;7;25.1
1966-07-08;22.1;7;22.1
1966-07-09;21.1;7;21.1
1966-07-10;20.6;7;20.6
1966-07-11;18.8;7;18.8
1966-07-12;19.2;7;19.2
1966-07-13;18.8;7;18.8
1966-07-14;19.7;7;19.7
1966-07-15;16.7;7;16.7
1966-07-16;18.0;7;18.0
1966-07-17;17.2;7;17.2
1966-07-18;16.3;7;16.3
1966-07-19;15.6;7;15.6
1966-07-20;14.4;7;14.4
1966-07-21;13.7;7;13.7
1966-07-22;12.6;7;12.6
1966-07-23;11.6;7;11.6
1966-07-24;11.0;7;11.0
1966-07-25;10.7;7;10.7
1966-07-26;9.8;7;9.8
1966-07-27;9.8;7;9.8
1966-07-28;8.96;7;8.96
1966-07-29;7.9;7;7.9
1966-07-30;7.9;7;7.9
1966-07-31;7.41;7;7.41
1966-08-01;10.4;8;10.4
1966-08-02;8.96;8;8.96
1966-08-03;6.26;8;6.26
1966-08-04;5.83;8;5.83
1966-08-05;20.2;8;20.2
1966-08-06;18.0;8;18.0
1966-08-07;22.6;8;22.6
1966-08-08;21.6;8;21.6
1966-08-09;18.4;8;18.4
1966-08-10;20.2;8;20.2
1966-08-11;17.6;8;17.6
1966-08-12;14.4;8;14.4
1966-08-13;12.0;8;12.0
1966-08-14;12.0;8;12.0
1966-08-15;13.0;8;13.0
1966-08-16;17.6;8;17.6
1966-08-17;18.8;8;18.8
1966-08-18;15.9;8;15.9
1966-08-19;18.8;8;18.8
1966-08-20;15.2;8;15.2
1966-08-21;15.9;8;15.9
1966-08-22;13.4;8;13.4
1966-08-23;9.8;8;9.8
1966-08-24;8.69;8;8.69
1966-08-25;69.4;8;69.4
1966-08-26;32.6;8;32.6
1966-08-27;32.6;8;32.6
1966-08-28;28.9;8;28.9
1966-08-29;27.9;8;27.9
1966-08-30;24.1;8;24.1
1966-08-31;21.6;8;21.6
1966-09-01;18.4;9;18.4
1966-09-02;21.1;9;21.1
1966-09-03;18.4;9;18.4
1966-09-04;15.2;9;15.2
1966-09-05;11.6;9;11.6
1966-09-06;10.1;9;10.1
1966-09-07;8.42;9;8.42
1966-09-08;18.8;9;18.8
1966-09-09;15.2;9;15.2
1966-09-10;12.0;9;12.0
1966-09-11;11.0;9;11.0
1966-09-12;9.8;9;9.8
1966-09-13;10.4;9;10.4
1966-09-14;8.96;9;8.96
1966-09-15;8.69;9;8.69
1966-09-16;9.23;9;9.23
1966-09-17;22.6;9;22.6
1966-09-18;21.6;9;21.6
1966-09-19;20.2;9;20.2
1966-09-20;13.4;9;13.4
1966-09-21;15.6;9;15.6
1966-09-22;18.0;9;18.0
1966-09-23;11.6;9;11.6
1966-09-24;9.8;9;9.8
1966-09-25;10.4;9;10.4
1966-09-26;17.2;9;17.2
1966-09-27;12.6;9;12.6
1966-09-28;8.42;9;8.42
1966-09-29;18.4;9;18.4
1966-09-30;8.69;9;8.69
1966-10-01;8.16;10;8.16
1966-10-02;42.7;10;42.7
1966-10-03;57.7;10;57.7
1966-10-04;49.6;10;49.6
1966-10-05;29.6;10;29.6
1966-10-06;25.1;10;25.1
1966-10-07;17.2;10;17.2
1966-10-08;18.0;10;18.0
1966-10-09;22.1;10;22.1
1966-10-10;37.8;10;37.8
1966-10-11;34.4;10;34.4
1966-10-12;29.5;10;29.5
1966-10-13;26.8;10;26.8
1966-10-14;28.4;10;28.4
1966-10-15;26.8;10;26.8
1966-10-16;25.1;10;25.1
1966-10-17;22.1;10;22.1
1966-10-18;27.3;10;27.3
1966-10-19;28.4;10;28.4
1966-10-20;29.5;10;29.5
1966-10-21;30.1;10;30.1
1966-10-22;31.3;10;31.3
1966-10-23;26.2;10;26.2
1966-10-24;27.3;10;27.3
1966-10-25;34.4;10;34.4
1966-10-26;34.4;10;34.4
1966-10-27;34.4;10;34.4
1966-10-28;27.3;10;27.3
1966-10-29;18.0;10;18.0
1966-10-30;8.42;10;8.42
1966-10-31;8.16;10;8.16
1966-11-01;10.1;11;10.1
1966-11-02;11.3;11;11.3
1966-11-03;23.1;11;23.1
1966-11-04;25.1;11;25.1
1966-11-05;31.9;11;31.9
1966-11-06;41.2;11;41.2
1966-11-07;35.7;11;35.7
1966-11-08;63.8;11;63.8
1966-11-09;43.4;11;43.4
1966-11-10;75.5;11;75.5
1966-11-11;58.1;11;58.1
1966-11-12;124.0;11;124.0
1966-11-13;95.4;11;95.4
1966-11-14;42.0;11;42.0
1966-11-15;30.1;11;30.1
1966-11-16;49.6;11;49.6
1966-11-17;35.0;11;35.0
1966-11-18;24.6;11;24.6
1966-11-19;19.7;11;19.7
1966-11-20;20.2;11;20.2
1966-11-21;26.8;11;26.8
1966-11-22;24.1;11;24.1
1966-11-23;49.6;11;49.6
1966-11-24;30.7;11;30.7
1966-11-25;25.1;11;25.1
1966-11-26;34.4;11;34.4
1966-11-27;151.0;11;151.0
1966-11-28;65.6;11;65.6
1966-11-29;69.4;11;69.4
1966-11-30;42.0;11;42.0
1966-12-01;35.0;12;35.0
1966-12-02;28.4;12;28.4
1966-12-03;29.5;12;29.5
1966-12-04;27.8;12;27.8
1966-12-05;42.7;12;42.7
1966-12-06;48.0;12;48.0
1966-12-07;47.2;12;47.2
1966-12-08;52.9;12;52.9
1966-12-09;56.4;12;56.4
1966-12-10;47.2;12;47.2
1966-12-11;24.1;12;24.1
1966-12-12;30.1;12;30.1
1966-12-13;31.3;12;31.3
1966-12-14;42.0;12;42.0
1966-12-15;28.9;12;28.9
1966-12-16;21.6;12;21.6
1966-12-17;20.6;12;20.6
1966-12-18;23.6;12;23.6
1966-12-19;12.6;12;12.6
1966-12-20;19.2;12;19.2
1966-12-21;14.4;12;14.4
1966-12-22;18.4;12;18.4
1966-12-23;16.7;12;16.7
1966-12-24;12.6;12;12.6
1966-12-25;14.8;12;14.8
1966-12-26;15.6;12;15.6
1966-12-27;14.4;12;14.4
1966-12-28;10.4;12;10.4
1966-12-29;11.6;12;11.6
1966-12-30;23.1;12;23.1
1966-12-31;22.1;12;22.1
1967-01-01;19.2;1;19.2
1967-01-02;15.9;1;15.9
1967-01-03;13.4;1;13.4
1967-01-04;10.7;1;10.7
1967-01-05;8.69;1;8.69
1967-01-06;7.41;1;7.41
1967-01-07;6.94;1;6.94
1967-01-08;6.26;1;6.26
1967-01-09;5.42;1;5.42
1967-01-10;4.82;1;4.82
1967-01-11;5.42;1;5.42
1967-01-12;5.22;1;5.22
1967-01-13;5.03;1;5.03
1967-01-14;6.26;1;6.26
1967-01-15;5.03;1;5.03
1967-01-16;13.7;1;13.7
1967-01-17;15.6;1;15.6
1967-01-18;13.4;1;13.4
1967-01-19;10.4;1;10.4
1967-01-20;10.4;1;10.4
1967-01-21;11.0;1;11.0
1967-01-22;9.23;1;9.23
1967-01-23;7.9;1;7.9
1967-01-24;4.31;1;4.31
1967-01-25;3.97;1;3.97
1967-01-26;12.3;1;12.3
1967-01-27;15.2;1;15.2
1967-01-28;12.3;1;12.3
1967-01-29;11.0;1;11.0
1967-01-30;12.0;1;12.0
1967-01-31;11.05;1;11.05
1967-02-01;10.1;2;10.1
1967-02-02;8.42;2;8.42
1967-02-03;7.17;2;7.17
1967-02-04;8.42;2;8.42
1967-02-05;8.96;2;8.96
1967-02-06;62.7;2;62.7
1967-02-07;28.4;2;28.4
1967-02-08;16.3;2;16.3
1967-02-09;12.6;2;12.6
1967-02-10;9.8;2;9.8
1967-02-11;10.4;2;10.4
1967-02-12;9.23;2;9.23
1967-02-13;7.41;2;7.41
1967-02-14;6.26;2;6.26
1967-02-15;5.42;2;5.42
1967-02-16;4.46;2;4.46
1967-02-17;4.82;2;4.82
1967-02-18;5.83;2;5.83
1967-02-19;4.82;2;4.82
1967-02-20;6.7;2;6.7
1967-02-21;6.04;2;6.04
1967-02-22;5.83;2;5.83
1967-02-23;4.82;2;4.82
1967-02-24;4.46;2;4.46
1967-02-25;3.81;2;3.81
1967-02-26;3.35;2;3.35
1967-02-27;3.06;2;3.06
1967-02-28;4.62;2;4.62
1967-03-01;7.9;3;7.9
1967-03-02;7.9;3;7.9
1967-03-03;6.26;3;6.26
1967-03-04;5.22;3;5.22
1967-03-05;4.62;3;4.62
1967-03-06;4.14;3;4.14
1967-03-07;3.97;3;3.97
1967-03-08;4.31;3;4.31
1967-03-09;4.14;3;4.14
1967-03-10;3.81;3;3.81
1967-03-11;4.31;3;4.31
1967-03-12;3.81;3;3.81
1967-03-13;3.5;3;3.5
1967-03-14;4.46;3;4.46
1967-03-15;4.14;3;4.14
1967-03-16;4.14;3;4.14
1967-03-17;4.14;3;4.14
1967-03-18;3.65;3;3.65
1967-03-19;4.14;3;4.14
1967-03-20;4.31;3;4.31
1967-03-21;5.22;3;5.22
1967-03-22;4.31;3;4.31
1967-03-23;4.62;3;4.62
1967-03-24;7.41;3;7.41
1967-03-25;7.17;3;7.17
1967-03-26;11.0;3;11.0
1967-03-27;7.65;3;7.65
1967-03-28;6.26;3;6.26
1967-03-29;11.0;3;11.0
1967-03-30;28.4;3;28.4
1967-03-31;19.8;3;19.8
1967-04-01;13.4;4;13.4
1967-04-02;11.6;4;11.6
1967-04-03;11.0;4;11.0
1967-04-04;11.0;4;11.0
1967-04-05;10.1;4;10.1
1967-04-06;8.96;4;8.96
1967-04-07;8.69;4;8.69
1967-04-08;9.52;4;9.52
1967-04-09;7.9;4;7.9
1967-04-10;5.62;4;5.62
1967-04-11;5.03;4;5.03
1967-04-12;4.62;4;4.62
1967-04-13;10.0;4;10.0
1967-04-14;33.6;4;33.6
1967-04-15;15.5;4;15.5
1967-04-16;10.7;4;10.7
1967-04-17;12.6;4;12.6
1967-04-18;31.9;4;31.9
1967-04-19;30.7;4;30.7
1967-04-20;143.0;4;143.0
1967-04-21;50.6;4;50.6
1967-04-22;22.1;4;22.1
1967-04-23;26.8;4;26.8
1967-04-24;52.1;4;52.1
1967-04-25;51.2;4;51.2
1967-04-26;49.6;4;49.6
1967-04-27;22.6;4;22.6
1967-04-28;24.1;4;24.1
1967-04-29;171.0;4;171.0
1967-04-30;109.0;4;109.0
1967-05-01;35.0;5;35.0
1967-05-02;34.4;5;34.4
1967-05-03;66.5;5;66.5
1967-05-04;44.4;5;44.4
1967-05-05;31.3;5;31.3
1967-05-06;22.6;5;22.6
1967-05-07;36.6;5;36.6
1967-05-08;57.2;5;57.2
1967-05-09;42.7;5;42.7
1967-05-10;35.7;5;35.7
1967-05-11;33.4;5;33.4
1967-05-12;28.4;5;28.4
1967-05-13;24.6;5;24.6
1967-05-14;22.6;5;22.6
1967-05-15;20.2;5;20.2
1967-05-16;17.2;5;17.2
1967-05-17;28.4;5;28.4
1967-05-18;63.6;5;63.6
1967-05-19;45.7;5;45.7
1967-05-20;37.8;5;37.8
1967-05-21;23.1;5;23.1
1967-05-22;20.6;5;20.6
1967-05-23;15.9;5;15.9
1967-05-24;24.9;5;24.9
1967-05-25;57.9;5;57.9
1967-05-26;53.8;5;53.8
1967-05-27;30.1;5;30.1
1967-05-28;28.9;5;28.9
1967-05-29;30.1;5;30.1
1967-05-30;27.8;5;27.8
1967-05-31;27.8;5;27.8
1967-06-01;26.2;6;26.2
1967-06-02;33.4;6;33.4
1967-06-03;30.1;6;30.1
1967-06-04;29.5;6;29.5
1967-06-05;55.5;6;55.5
1967-06-06;31.1;6;31.1
1967-06-07;30.1;6;30.1
1967-06-08;219.0;6;219.0
1967-06-09;67.4;6;67.4
1967-06-10;43.4;6;43.4
1967-06-11;26.2;6;26.2
1967-06-12;40.5;6;40.5
1967-06-13;37.8;6;37.8
1967-06-14;40.8;6;40.8
1967-06-15;37.8;6;37.8
1967-06-16;27.8;6;27.8
1967-06-17;29.5;6;29.5
1967-06-18;26.8;6;26.8
1967-06-19;20.6;6;20.6
1967-06-20;19.7;6;19.7
1967-06-21;25.1;6;25.1
1967-06-22;27.8;6;27.8
1967-06-23;23.6;6;23.6
1967-06-24;78.1;6;78.1
1967-06-25;43.4;6;43.4
1967-06-26;24.6;6;24.6
1967-06-27;43.1;6;43.1
1967-06-28;54.5;6;54.5
1967-06-29;39.1;6;39.1
1967-06-30;27.8;6;27.8
1967-07-01;47.7;7;47.7
1967-07-02;36.4;7;36.4
1967-07-03;34.4;7;34.4
1967-07-04;29.5;7;29.5
1967-07-05;22.6;7;22.6
1967-07-06;18.8;7;18.8
1967-07-07;16.7;7;16.7
1967-07-08;17.6;7;17.6
1967-07-09;19.2;7;19.2
1967-07-10;18.8;7;18.8
1967-07-11;17.2;7;17.2
1967-07-12;13.4;7;13.4
1967-07-13;10.4;7;10.4
1967-07-14;12.0;7;12.0
1967-07-15;25.8;7;25.8
1967-07-16;31.9;7;31.9
1967-07-17;18.4;7;18.4
1967-07-18;19.2;7;19.2
1967-07-19;21.6;7;21.6
1967-07-20;22.6;7;22.6
1967-07-21;17.6;7;17.6
1967-07-22;12.3;7;12.3
1967-07-23;26.0;7;26.0
1967-07-24;9.52;7;9.52
1967-07-25;12.3;7;12.3
1967-07-26;44.1;7;44.1
1967-07-27;24.1;7;24.1
1967-07-28;25.1;7;25.1
1967-07-29;23.6;7;23.6
1967-07-30;51.2;7;51.2
1967-07-31;38.4;7;38.4
1967-08-01;26.8;8;26.8
1967-08-02;24.1;8;24.1
1967-08-03;23.1;8;23.1
1967-08-04;31.5;8;31.5
1967-08-05;64.6;8;64.6
1967-08-06;47.2;8;47.2
1967-08-07;23.6;8;23.6
1967-08-08;25.1;8;25.1
1967-08-09;48.0;8;48.0
1967-08-10;24.1;8;24.1
1967-08-11;21.6;8;21.6
1967-08-12;24.1;8;24.1
1967-08-13;21.6;8;21.6
1967-08-14;16.3;8;16.3
1967-08-15;10.1;8;10.1
1967-08-16;11.3;8;11.3
1967-08-17;11.6;8;11.6
1967-08-18;9.52;8;9.52
1967-08-19;11.0;8;11.0
1967-08-20;11.6;8;11.6
1967-08-21;12.0;8;12.0
1967-08-22;11.3;8;11.3
1967-08-23;7.9;8;7.9
1967-08-24;8.42;8;8.42
1967-08-25;15.6;8;15.6
1967-08-26;15.6;8;15.6
1967-08-27;14.8;8;14.8
1967-08-28;14.4;8;14.4
1967-08-29;10.4;8;10.4
1967-08-30;8.69;8;8.69
1967-08-31;9.52;8;9.52
1967-09-01;27.8;9;27.8
1967-09-02;12.0;9;12.0
1967-09-03;14.0;9;14.0
1967-09-04;46.4;9;46.4
1967-09-05;40.5;9;40.5
1967-09-06;23.6;9;23.6
1967-09-07;15.6;9;15.6
1967-09-08;17.6;9;17.6
1967-09-09;19.2;9;19.2
1967-09-10;17.2;9;17.2
1967-09-11;11.0;9;11.0
1967-09-12;11.0;9;11.0
1967-09-13;13.4;9;13.4
1967-09-14;9.8;9;9.8
1967-09-15;8.42;9;8.42
1967-09-16;8.42;9;8.42
1967-09-17;8.42;9;8.42
1967-09-18;6.7;9;6.7
1967-09-19;8.96;9;8.96
1967-09-20;8.69;9;8.69
1967-09-21;7.17;9;7.17
1967-09-22;6.48;9;6.48
1967-09-23;6.26;9;6.26
1967-09-24;7.9;9;7.9
1967-09-25;7.9;9;7.9
1967-09-26;6.94;9;6.94
1967-09-27;6.48;9;6.48
1967-09-28;6.7;9;6.7
1967-09-29;13.0;9;13.0
1967-09-30;23.9;9;23.9
1967-10-01;32.6;10;32.6
1967-10-02;26.2;10;26.2
1967-10-03;10.7;10;10.7
1967-10-04;9.8;10;9.8
1967-10-05;10.4;10;10.4
1967-10-06;9.52;10;9.52
1967-10-07;11.3;10;11.3
1967-10-08;13.0;10;13.0
1967-10-09;11.0;10;11.0
1967-10-10;19.2;10;19.2
1967-10-11;42.0;10;42.0
1967-10-12;32.6;10;32.6
1967-10-13;26.2;10;26.2
1967-10-14;20.2;10;20.2
1967-10-15;16.3;10;16.3
1967-10-16;12.0;10;12.0
1967-10-17;11.0;10;11.0
1967-10-18;10.4;10;10.4
1967-10-19;10.7;10;10.7
1967-10-20;10.7;10;10.7
1967-10-21;17.6;10;17.6
1967-10-22;12.6;10;12.6
1967-10-23;9.8;10;9.8
1967-10-24;12.0;10;12.0
1967-10-25;11.0;10;11.0
1967-10-26;10.4;10;10.4
1967-10-27;11.3;10;11.3
1967-10-28;17.1;10;17.1
1967-10-29;28.9;10;28.9
1967-10-30;26.2;10;26.2
1967-10-31;26.8;10;26.8
1967-11-01;32.6;11;32.6
1967-11-02;35.7;11;35.7
1967-11-03;18.8;11;18.8
1967-11-04;11.6;11;11.6
1967-11-05;11.0;11;11.0
1967-11-06;22.1;11;22.1
1967-11-07;15.6;11;15.6
1967-11-08;13.4;11;13.4
1967-11-09;12.0;11;12.0
1967-11-10;16.3;11;16.3
1967-11-11;11.3;11;11.3
1967-11-12;10.4;11;10.4
1967-11-13;11.0;11;11.0
1967-11-14;9.52;11;9.52
1967-11-15;13.0;11;13.0
1967-11-16;11.6;11;11.6
1967-11-17;9.52;11;9.52
1967-11-18;7.9;11;7.9
1967-11-19;13.7;11;13.7
1967-11-20;39.1;11;39.1
1967-11-21;52.1;11;52.1
1967-11-22;48.0;11;48.0
1967-11-23;47.9;11;47.9
1967-11-24;52.9;11;52.9
1967-11-25;35.7;11;35.7
1967-11-26;27.3;11;27.3
1967-11-27;45.7;11;45.7
1967-11-28;37.1;11;37.1
1967-11-29;23.6;11;23.6
1967-11-30;17.6;11;17.6
1967-12-01;13.4;12;13.4
1967-12-02;12.0;12;12.0
1967-12-03;13.0;12;13.0
1967-12-04;10.7;12;10.7
1967-12-05;8.69;12;8.69
1967-12-06;8.96;12;8.96
1967-12-07;8.16;12;8.16
1967-12-08;14.4;12;14.4
1967-12-09;11.6;12;11.6
1967-12-10;10.4;12;10.4
1967-12-11;13.0;12;13.0
1967-12-12;10.7;12;10.7
1967-12-13;10.4;12;10.4
1967-12-14;7.41;12;7.41
1967-12-15;6.48;12;6.48
1967-12-16;5.42;12;5.42
1967-12-17;5.83;12;5.83
1967-12-18;6.04;12;6.04
1967-12-19;5.22;12;5.22
1967-12-20;6.48;12;6.48
1967-12-21;4.31;12;4.31
1967-12-22;8.69;12;8.69
1967-12-23;7.17;12;7.17
1967-12-24;15.9;12;15.9
1967-12-25;27.3;12;27.3
1967-12-26;20.6;12;20.6
1967-12-27;17.2;12;17.2
1967-12-28;14.0;12;14.0
1967-12-29;11.0;12;11.0
1967-12-30;11.0;12;11.0
1967-12-31;11.3;12;11.3
1968-01-01;5.62;1;5.62
1968-01-02;5.42;1;5.42
1968-01-03;5.22;1;5.22
1968-01-04;4.82;1;4.82
1968-01-05;4.46;1;4.46
1968-01-06;4.31;1;4.31
1968-01-07;4.14;1;4.14
1968-01-08;4.14;1;4.14
1968-01-09;3.97;1;3.97
1968-01-10;3.81;1;3.81
1968-01-11;3.81;1;3.81
1968-01-12;3.81;1;3.81
1968-01-13;3.5;1;3.5
1968-01-14;3.06;1;3.06
1968-01-15;3.06;1;3.06
1968-01-16;3.06;1;3.06
1968-01-17;2.92;1;2.92
1968-01-18;2.93;1;2.93
1968-01-19;2.93;1;2.93
1968-01-20;2.93;1;2.93
1968-01-21;3.06;1;3.06
1968-01-22;3.06;1;3.06
1968-01-23;2.8;1;2.8
1968-01-24;3.06;1;3.06
1968-01-25;3.06;1;3.06
1968-01-26;3.06;1;3.06
1968-01-27;2.93;1;2.93
1968-01-28;3.06;1;3.06
1968-01-29;2.8;1;2.8
1968-01-30;3.35;1;3.35
1968-01-31;3.65;1;3.65
1968-02-01;3.81;2;3.81
1968-02-02;8.16;2;8.16
1968-02-03;8.96;2;8.96
1968-02-04;8.16;2;8.16
1968-02-05;7.9;2;7.9
1968-02-06;5.03;2;5.03
1968-02-07;4.31;2;4.31
1968-02-08;3.2;2;3.2
1968-02-09;3.5;2;3.5
1968-02-10;3.06;2;3.06
1968-02-11;3.06;2;3.06
1968-02-12;3.2;2;3.2
1968-02-13;2.8;2;2.8
1968-02-14;2.54;2;2.54
1968-02-15;2.42;2;2.42
1968-02-16;2.19;2;2.19
1968-02-17;2.08;2;2.08
1968-02-18;2.42;2;2.42
1968-02-19;2.42;2;2.42
1968-02-20;2.42;2;2.42
1968-02-21;2.67;2;2.67
1968-02-22;3.06;2;3.06
1968-02-23;2.67;2;2.67
1968-02-24;2.19;2;2.19
1968-02-25;1.98;2;1.98
1968-02-26;2.19;2;2.19
1968-02-27;1.88;2;1.88
1968-02-28;1.88;2;1.88
1968-02-29;2.42;2;2.42
1968-03-01;1.88;3;1.88
1968-03-02;1.88;3;1.88
1968-03-03;1.67;3;1.67
1968-03-04;1.88;3;1.88
1968-03-05;1.88;3;1.88
1968-03-06;1.88;3;1.88
1968-03-07;1.88;3;1.88
1968-03-08;1.78;3;1.78
1968-03-09;1.78;3;1.78
1968-03-10;1.78;3;1.78
1968-03-11;1.78;3;1.78
1968-03-12;1.78;3;1.78
1968-03-13;1.67;3;1.67
1968-03-14;1.67;3;1.67
1968-03-15;1.67;3;1.67
1968-03-16;1.88;3;1.88
1968-03-17;1.88;3;1.88
1968-03-18;1.88;3;1.88
1968-03-19;2.42;3;2.42
1968-03-20;2.67;3;2.67
1968-03-21;2.67;3;2.67
1968-03-22;2.42;3;2.42
1968-03-23;2.54;3;2.54
1968-03-24;2.54;3;2.54
1968-03-25;2.3;3;2.3
1968-03-26;2.3;3;2.3
1968-03-27;2.3;3;2.3
1968-03-28;2.19;3;2.19
1968-03-29;2.19;3;2.19
1968-03-30;2.19;3;2.19
1968-03-31;2.19;3;2.19
1968-04-01;2.19;4;2.19
1968-04-02;2.08;4;2.08
1968-04-03;1.98;4;1.98
1968-04-04;1.88;4;1.88
1968-04-05;1.88;4;1.88
1968-04-06;2.08;4;2.08
1968-04-07;2.08;4;2.08
1968-04-08;2.42;4;2.42
1968-04-09;2.19;4;2.19
1968-04-10;2.42;4;2.42
1968-04-11;2.19;4;2.19
1968-04-12;2.19;4;2.19
1968-04-13;2.19;4;2.19
1968-04-14;46.4;4;46.4
1968-04-15;8.4;4;8.4
1968-04-16;12.6;4;12.6
1968-04-17;61.2;4;61.2
1968-04-18;118.0;4;118.0
1968-04-19;149.0;4;149.0
1968-04-20;211.0;4;211.0
1968-04-21;210.0;4;210.0
1968-04-22;187.0;4;187.0
1968-04-23;156.0;4;156.0
1968-04-24;142.0;4;142.0
1968-04-25;55.6;4;55.6
1968-04-26;28.4;4;28.4
1968-04-27;40.4;4;40.4
1968-04-28;70.5;4;70.5
1968-04-29;138.0;4;138.0
1968-04-30;42.7;4;42.7
1968-05-01;42.0;5;42.0
1968-05-02;30.1;5;30.1
1968-05-03;22.1;5;22.1
1968-05-04;19.2;5;19.2
1968-05-05;17.6;5;17.6
1968-05-06;15.2;5;15.2
1968-05-07;14.0;5;14.0
1968-05-08;14.0;5;14.0
1968-05-09;15.2;5;15.2
1968-05-10;14.4;5;14.4
1968-05-11;15.6;5;15.6
1968-05-12;15.6;5;15.6
1968-05-13;14.4;5;14.4
1968-05-14;15.2;5;15.2
1968-05-15;15.6;5;15.6
1968-05-16;14.0;5;14.0
1968-05-17;12.3;5;12.3
1968-05-18;11.3;5;11.3
1968-05-19;11.0;5;11.0
1968-05-20;9.8;5;9.8
1968-05-21;10.7;5;10.7
1968-05-22;9.52;5;9.52
1968-05-23;10.4;5;10.4
1968-05-24;11.6;5;11.6
1968-05-25;11.6;5;11.6
1968-05-26;11.0;5;11.0
1968-05-27;36.4;5;36.4
1968-05-28;32.6;5;32.6
1968-05-29;35.7;5;35.7
1968-05-30;35.0;5;35.0
1968-05-31;36.4;5;36.4
1968-06-01;35.2;6;35.2
1968-06-02;110.0;6;110.0
1968-06-03;191.0;6;191.0
1968-06-04;44.2;6;44.2
1968-06-05;54.9;6;54.9
1968-06-06;157.0;6;157.0
1968-06-07;115.0;6;115.0
1968-06-08;108.0;6;108.0
1968-06-09;37.8;6;37.8
1968-06-10;44.2;6;44.2
1968-06-11;33.9;6;33.9
1968-06-12;23.1;6;23.1
1968-06-13;18.8;6;18.8
1968-06-14;13.4;6;13.4
1968-06-15;12.0;6;12.0
1968-06-16;11.3;6;11.3
1968-06-17;9.8;6;9.8
1968-06-18;10.4;6;10.4
1968-06-19;8.69;6;8.69
1968-06-20;11.0;6;11.0
1968-06-21;32.6;6;32.6
1968-06-22;32.6;6;32.6
1968-06-23;165.0;6;165.0
1968-06-24;38.4;6;38.4
1968-06-25;24.6;6;24.6
1968-06-26;26.2;6;26.2
1968-06-27;23.1;6;23.1
1968-06-28;18.0;6;18.0
1968-06-29;18.8;6;18.8
1968-06-30;18.0;6;18.0
1968-07-01;39.1;7;39.1
1968-07-02;41.2;7;41.2
1968-07-03;37.1;7;37.1
1968-07-04;32.6;7;32.6
1968-07-05;30.7;7;30.7
1968-07-06;30.7;7;30.7
1968-07-07;28.9;7;28.9
1968-07-08;23.6;7;23.6
1968-07-09;20.6;7;20.6
1968-07-10;19.7;7;19.7
1968-07-11;19.7;7;19.7
1968-07-12;19.7;7;19.7
1968-07-13;20.6;7;20.6
1968-07-14;21.6;7;21.6
1968-07-15;23.1;7;23.1
1968-07-16;24.1;7;24.1
1968-07-17;22.1;7;22.1
1968-07-18;20.2;7;20.2
1968-07-19;20.6;7;20.6
1968-07-20;19.7;7;19.7
1968-07-21;24.1;7;24.1
1968-07-22;23.1;7;23.1
1968-07-23;23.1;7;23.1
1968-07-24;21.1;7;21.1
1968-07-25;16.7;7;16.7
1968-07-26;15.9;7;15.9
1968-07-27;24.1;7;24.1
1968-07-28;56.4;7;56.4
1968-07-29;79.9;7;79.9
1968-07-30;72.5;7;72.5
1968-07-31;49.6;7;49.6
1968-08-01;59.0;8;59.0
1968-08-02;59.0;8;59.0
1968-08-03;47.2;8;47.2
1968-08-04;23.6;8;23.6
1968-08-05;23.6;8;23.6
1968-08-06;35.7;8;35.7
1968-08-07;24.6;8;24.6
1968-08-08;18.0;8;18.0
1968-08-09;15.9;8;15.9
1968-08-10;13.7;8;13.7
1968-08-11;11.3;8;11.3
1968-08-12;10.1;8;10.1
1968-08-13;10.7;8;10.7
1968-08-14;10.4;8;10.4
1968-08-15;10.1;8;10.1
1968-08-16;10.1;8;10.1
1968-08-17;9.8;8;9.8
1968-08-18;11.3;8;11.3
1968-08-19;7.41;8;7.41
1968-08-20;7.17;8;7.17
1968-08-21;7.17;8;7.17
1968-08-22;6.94;8;6.94
1968-08-23;8.42;8;8.42
1968-08-24;9.23;8;9.23
1968-08-25;8.69;8;8.69
1968-08-26;8.42;8;8.42
1968-08-27;7.9;8;7.9
1968-08-28;7.9;8;7.9
1968-08-29;8.42;8;8.42
1968-08-30;7.65;8;7.65
1968-08-31;8.69;8;8.69
1968-09-01;9.23;9;9.23
1968-09-02;26.8;9;26.8
1968-09-03;19.7;9;19.7
1968-09-04;21.6;9;21.6
1968-09-05;30.1;9;30.1
1968-09-06;18.8;9;18.8
1968-09-07;13.7;9;13.7
1968-09-08;12.0;9;12.0
1968-09-09;10.7;9;10.7
1968-09-10;11.6;9;11.6
1968-09-11;11.3;9;11.3
1968-09-12;11.0;9;11.0
1968-09-13;10.7;9;10.7
1968-09-14;10.7;9;10.7
1968-09-15;11.3;9;11.3
1968-09-16;11.3;9;11.3
1968-09-17;14.4;9;14.4
1968-09-18;11.3;9;11.3
1968-09-19;10.4;9;10.4
1968-09-20;10.4;9;10.4
1968-09-21;9.23;9;9.23
1968-09-22;10.7;9;10.7
1968-09-23;10.7;9;10.7
1968-09-24;10.7;9;10.7
1968-09-25;10.7;9;10.7
1968-09-26;15.6;9;15.6
1968-09-27;14.8;9;14.8
1968-09-28;17.6;9;17.6
1968-09-29;17.6;9;17.6
1968-09-30;18.4;9;18.4
1968-10-01;11.3;10;11.3
1968-10-02;11.3;10;11.3
1968-10-03;10.7;10;10.7
1968-10-04;10.7;10;10.7
1968-10-05;11.6;10;11.6
1968-10-06;15.6;10;15.6
1968-10-07;14.0;10;14.0
1968-10-08;16.7;10;16.7
1968-10-09;43.4;10;43.4
1968-10-10;42.0;10;42.0
1968-10-11;36.4;10;36.4
1968-10-12;38.4;10;38.4
1968-10-13;57.2;10;57.2
1968-10-14;53.8;10;53.8
1968-10-15;44.9;10;44.9
1968-10-16;44.2;10;44.2
1968-10-17;40.5;10;40.5
1968-10-18;38.4;10;38.4
1968-10-19;37.8;10;37.8
1968-10-20;48.8;10;48.8
1968-10-21;31.9;10;31.9
1968-10-22;25.1;10;25.1
1968-10-23;24.1;10;24.1
1968-10-24;22.6;10;22.6
1968-10-25;23.6;10;23.6
1968-10-26;24.1;10;24.1
1968-10-27;21.6;10;21.6
1968-10-28;26.8;10;26.8
1968-10-29;29.5;10;29.5
1968-10-30;34.4;10;34.4
1968-10-31;59.4;10;59.4
1968-11-01;22.1;11;22.1
1968-11-02;17.2;11;17.2
1968-11-03;16.7;11;16.7
1968-11-04;18.0;11;18.0
1968-11-05;15.9;11;15.9
1968-11-06;16.7;11;16.7
1968-11-07;36.9;11;36.9
1968-11-08;33.9;11;33.9
1968-11-09;27.8;11;27.8
1968-11-10;21.6;11;21.6
1968-11-11;18.4;11;18.4
1968-11-12;18.0;11;18.0
1968-11-13;29.4;11;29.4
1968-11-14;30.7;11;30.7
1968-11-15;45.7;11;45.7
1968-11-16;42.0;11;42.0
1968-11-17;32.6;11;32.6
1968-11-18;32.6;11;32.6
1968-11-19;28.9;11;28.9
1968-11-20;45.2;11;45.2
1968-11-21;49.6;11;49.6
1968-11-22;74.6;11;74.6
1968-11-23;44.0;11;44.0
1968-11-24;33.3;11;33.3
1968-11-25;137.0;11;137.0
1968-11-26;50.7;11;50.7
1968-11-27;39.8;11;39.8
1968-11-28;42.7;11;42.7
1968-11-29;37.1;11;37.1
1968-11-30;30.7;11;30.7
1968-12-01;25.1;12;25.1
1968-12-02;24.6;12;24.6
1968-12-03;22.6;12;22.6
1968-12-04;22.6;12;22.6
1968-12-05;22.6;12;22.6
1968-12-06;18.4;12;18.4
1968-12-07;21.6;12;21.6
1968-12-08;19.2;12;19.2
1968-12-09;18.0;12;18.0
1968-12-10;18.0;12;18.0
1968-12-11;18.0;12;18.0
1968-12-12;15.9;12;15.9
1968-12-13;14.4;12;14.4
1968-12-14;14.0;12;14.0
1968-12-15;14.0;12;14.0
1968-12-16;13.7;12;13.7
1968-12-17;13.7;12;13.7
1968-12-18;13.7;12;13.7
1968-12-19;12.3;12;12.3
1968-12-20;11.3;12;11.3
1968-12-21;10.7;12;10.7
1968-12-22;9.8;12;9.8
1968-12-23;7.65;12;7.65
1968-12-24;7.65;12;7.65
1968-12-25;6.7;12;6.7
1968-12-26;6.26;12;6.26
1968-12-27;5.42;12;5.42
1968-12-28;5.03;12;5.03
1968-12-29;4.62;12;4.62
1968-12-30;4.31;12;4.31
1968-12-31;4.31;12;4.31
1969-01-01;5.6;1;5.6
1969-01-02;5.6;1;5.6
1969-01-03;5.2;1;5.2
1969-01-04;5.0;1;5.0
1969-01-05;5.1;1;5.1
1969-01-06;5.0;1;5.0
1969-01-07;5.0;1;5.0
1969-01-08;5.0;1;5.0
1969-01-09;4.7;1;4.7
1969-01-10;4.9;1;4.9
1969-01-11;5.1;1;5.1
1969-01-12;5.2;1;5.2
1969-01-13;5.4;1;5.4
1969-01-14;5.1;1;5.1
1969-01-15;5.0;1;5.0
1969-01-16;6.0;1;6.0
1969-01-17;5.7;1;5.7
1969-01-18;5.7;1;5.7
1969-01-19;5.3;1;5.3
1969-01-20;5.4;1;5.4
1969-01-21;5.1;1;5.1
1969-01-22;5.1;1;5.1
1969-01-23;4.9;1;4.9
1969-01-24;4.7;1;4.7
1969-01-25;4.8;1;4.8
1969-01-26;4.7;1;4.7
1969-01-27;5.2;1;5.2
1969-01-28;7.8;1;7.8
1969-01-29;7.2;1;7.2
1969-01-30;7.2;1;7.2
1969-01-31;7.2;1;7.2
1969-02-01;7.1;2;7.1
1969-02-02;7.1;2;7.1
1969-02-03;7.1;2;7.1
1969-02-04;6.7;2;6.7
1969-02-05;6.9;2;6.9
1969-02-06;7.8;2;7.8
1969-02-07;7.8;2;7.8
1969-02-08;7.8;2;7.8
1969-02-09;7.3;2;7.3
1969-02-10;7.1;2;7.1
1969-02-11;7.1;2;7.1
1969-02-12;7.1;2;7.1
1969-02-13;7.1;2;7.1
1969-02-14;7.1;2;7.1
1969-02-15;6.0;2;6.0
1969-02-16;6.0;2;6.0
1969-02-17;5.4;2;5.4
1969-02-18;5.4;2;5.4
1969-02-19;5.4;2;5.4
1969-02-20;5.0;2;5.0
1969-02-21;5.0;2;5.0
1969-02-22;5.0;2;5.0
1969-02-23;5.0;2;5.0
1969-02-24;5.0;2;5.0
1969-02-25;5.0;2;5.0
1969-02-26;4.0;2;4.0
1969-02-27;4.0;2;4.0
1969-02-28;4.0;2;4.0
1969-03-01;4.0;3;4.0
1969-03-02;4.0;3;4.0
1969-03-03;4.0;3;4.0
1969-03-04;4.3;3;4.3
1969-03-05;4.6;3;4.6
1969-03-06;4.0;3;4.0
1969-03-07;4.1;3;4.1
1969-03-08;4.0;3;4.0
1969-03-09;4.0;3;4.0
1969-03-10;4.0;3;4.0
1969-03-11;4.0;3;4.0
1969-03-12;4.0;3;4.0
1969-03-13;4.0;3;4.0
1969-03-14;3.6;3;3.6
1969-03-15;3.6;3;3.6
1969-03-16;3.6;3;3.6
1969-03-17;3.2;3;3.2
1969-03-18;3.0;3;3.0
1969-03-19;3.0;3;3.0
1969-03-20;3.0;3;3.0
1969-03-21;3.0;3;3.0
1969-03-22;3.0;3;3.0
1969-03-23;3.0;3;3.0
1969-03-24;2.9;3;2.9
1969-03-25;3.1;3;3.1
1969-03-26;3.6;3;3.6
1969-03-27;4.0;3;4.0
1969-03-28;3.7;3;3.7
1969-03-29;3.7;3;3.7
1969-03-30;3.7;3;3.7
1969-03-31;4.4;3;4.4
1969-04-01;4.4;4;4.4
1969-04-02;4.4;4;4.4
1969-04-03;4.4;4;4.4
1969-04-04;5.0;4;5.0
1969-04-05;5.6;4;5.6
1969-04-06;6.2;4;6.2
1969-04-07;6.2;4;6.2
1969-04-08;7.1;4;7.1
1969-04-09;18.5;4;18.5
1969-04-10;12.9;4;12.9
1969-04-11;10.4;4;10.4
1969-04-12;48.8;4;48.8
1969-04-13;54.1;4;54.1
1969-04-14;45.6;4;45.6
1969-04-15;58.2;4;58.2
1969-04-16;49.3;4;49.3
1969-04-17;30.4;4;30.4
1969-04-18;27.4;4;27.4
1969-04-19;31.7;4;31.7
1969-04-20;51.8;4;51.8
1969-04-21;38.4;4;38.4
1969-04-22;37.2;4;37.2
1969-04-23;43.6;4;43.6
1969-04-24;67.9;4;67.9
1969-04-25;45.0;4;45.0
1969-04-26;27.4;4;27.4
1969-04-27;27.4;4;27.4
1969-04-28;28.0;4;28.0
1969-04-29;28.6;4;28.6
1969-04-30;37.9;4;37.9
1969-05-01;43.3;5;43.3
1969-05-02;45.6;5;45.6
1969-05-03;46.0;5;46.0
1969-05-04;46.3;5;46.3
1969-05-05;44.3;5;44.3
1969-05-06;44.3;5;44.3
1969-05-07;50.2;5;50.2
1969-05-08;52.6;5;52.6
1969-05-09;60.3;5;60.3
1969-05-10;58.2;5;58.2
1969-05-11;54.3;5;54.3
1969-05-12;47.6;5;47.6
1969-05-13;58.2;5;58.2
1969-05-14;87.0;5;87.0
1969-05-15;72.2;5;72.2
1969-05-16;87.4;5;87.4
1969-05-17;76.0;5;76.0
1969-05-18;69.0;5;69.0
1969-05-19;66.8;5;66.8
1969-05-20;62.0;5;62.0
1969-05-21;60.8;5;60.8
1969-05-22;60.8;5;60.8
1969-05-23;47.6;5;47.6
1969-05-24;47.6;5;47.6
1969-05-25;43.6;5;43.6
1969-05-26;43.0;5;43.0
1969-05-27;41.0;5;41.0
1969-05-28;38.0;5;38.0
1969-05-29;29.8;5;29.8
1969-05-30;23.4;5;23.4
1969-05-31;17.4;5;17.4
1969-06-01;12.6;6;12.6
1969-06-02;17.4;6;17.4
1969-06-03;33.2;6;33.2
1969-06-04;51.8;6;51.8
1969-06-05;37.2;6;37.2
1969-06-06;32.0;6;32.0
1969-06-07;22.2;6;22.2
1969-06-08;14.6;6;14.6
1969-06-09;16.9;6;16.9
1969-06-10;16.2;6;16.2
1969-06-11;15.2;6;15.2
1969-06-12;24.3;6;24.3
1969-06-13;20.4;6;20.4
1969-06-14;18.3;6;18.3
1969-06-15;16.9;6;16.9
1969-06-16;15.7;6;15.7
1969-06-17;16.7;6;16.7
1969-06-18;18.3;6;18.3
1969-06-19;19.5;6;19.5
1969-06-20;21.8;6;21.8
1969-06-21;23.7;6;23.7
1969-06-22;20.7;6;20.7
1969-06-23;22.2;6;22.2
1969-06-24;22.8;6;22.8
1969-06-25;21.0;6;21.0
1969-06-26;19.0;6;19.0
1969-06-27;16.6;6;16.6
1969-06-28;14.1;6;14.1
1969-06-29;12.6;6;12.6
1969-06-30;11.0;6;11.0
1969-07-01;28.0;7;28.0
1969-07-02;61.7;7;61.7
1969-07-03;27.4;7;27.4
1969-07-04;23.7;7;23.7
1969-07-05;32.0;7;32.0
1969-07-06;58.8;7;58.8
1969-07-07;49.7;7;49.7
1969-07-08;34.6;7;34.6
1969-07-09;21.2;7;21.2
1969-07-10;20.7;7;20.7
1969-07-11;20.2;7;20.2
1969-07-12;18.8;7;18.8
1969-07-13;18.8;7;18.8
1969-07-14;20.2;7;20.2
1969-07-15;20.2;7;20.2
1969-07-16;20.2;7;20.2
1969-07-17;20.2;7;20.2
1969-07-18;19.3;7;19.3
1969-07-19;19.3;7;19.3
1969-07-20;18.8;7;18.8
1969-07-21;18.8;7;18.8
1969-07-22;17.4;7;17.4
1969-07-23;17.4;7;17.4
1969-07-24;17.4;7;17.4
1969-07-25;19.8;7;19.8
1969-07-26;18.6;7;18.6
1969-07-27;18.3;7;18.3
1969-07-28;18.3;7;18.3
1969-07-29;17.4;7;17.4
1969-07-30;18.8;7;18.8
1969-07-31;17.8;7;17.8
1969-08-01;18.8;8;18.8
1969-08-02;18.3;8;18.3
1969-08-03;18.8;8;18.8
1969-08-04;18.3;8;18.3
1969-08-05;18.3;8;18.3
1969-08-06;15.9;8;15.9
1969-08-07;17.4;8;17.4
1969-08-08;14.8;8;14.8
1969-08-09;13.8;8;13.8
1969-08-10;15.5;8;15.5
1969-08-11;12.6;8;12.6
1969-08-12;12.4;8;12.4
1969-08-13;11.5;8;11.5
1969-08-14;9.8;8;9.8
1969-08-15;29.2;8;29.2
1969-08-16;34.6;8;34.6
1969-08-17;31.1;8;31.1
1969-08-18;21.8;8;21.8
1969-08-19;16.8;8;16.8
1969-08-20;18.3;8;18.3
1969-08-21;23.7;8;23.7
1969-08-22;19.0;8;19.0
1969-08-23;15.7;8;15.7
1969-08-24;13.8;8;13.8
1969-08-25;12.2;8;12.2
1969-08-26;11.2;8;11.2
1969-08-27;11.8;8;11.8
1969-08-28;11.4;8;11.4
1969-08-29;12.0;8;12.0
1969-08-30;11.0;8;11.0
1969-08-31;10.2;8;10.2
1969-09-01;15.6;9;15.6
1969-09-02;19.0;9;19.0
1969-09-03;19.0;9;19.0
1969-09-04;19.0;9;19.0
1969-09-05;18.4;9;18.4
1969-09-06;20.2;9;20.2
1969-09-07;18.1;9;18.1
1969-09-08;15.2;9;15.2
1969-09-09;16.9;9;16.9
1969-09-10;14.6;9;14.6
1969-09-11;12.6;9;12.6
1969-09-12;12.2;9;12.2
1969-09-13;11.0;9;11.0
1969-09-14;9.8;9;9.8
1969-09-15;28.1;9;28.1
1969-09-16;34.6;9;34.6
1969-09-17;31.1;9;31.1
1969-09-18;21.8;9;21.8
1969-09-19;16.8;9;16.8
1969-09-20;18.3;9;18.3
1969-09-21;25.2;9;25.2
1969-09-22;19.0;9;19.0
1969-09-23;15.7;9;15.7
1969-09-24;13.8;9;13.8
1969-09-25;12.0;9;12.0
1969-09-26;11.2;9;11.2
1969-09-27;11.8;9;11.8
1969-09-28;11.0;9;11.0
1969-09-29;11.6;9;11.6
1969-09-30;11.2;9;11.2
1969-10-01;-999.000;10;14.266
1969-10-02;-999.000;10;11.7
1969-10-03;-999.000;10;2.779
1969-10-04;-999.000;10;4.08
1969-10-05;-999.000;10;57.3
1969-10-06;-999.000;10;17.6
1969-10-07;-999.000;10;126.0
1969-10-08;-999.000;10;31.9
1969-10-09;-999.000;10;9.939
1969-10-10;-999.000;10;17.6
1969-10-11;-999.000;10;4.3
1969-10-12;-999.000;10;20.4
1969-10-13;-999.000;10;37.2
1969-10-14;-999.000;10;91.1
1969-10-15;-999.000;10;8.764
1969-10-16;-999.000;10;7.39
1969-10-17;-999.000;10;4.739
1969-10-18;-999.000;10;78.1
1969-10-19;-999.000;10;30.33
1969-10-20;-999.000;10;124.0
1969-10-21;-999.000;10;6.096
1969-10-22;-999.000;10;4.8
1969-10-23;-999.000;10;49.6
1969-10-24;-999.000;10;5.926
1969-10-25;-999.000;10;15.0
1969-10-26;-999.000;10;10.7
1969-10-27;-999.000;10;6.315
1969-10-28;-999.000;10;20.2
1969-10-29;-999.000;10;11.9
1969-10-30;-999.000;10;10.531
1969-10-31;-999.000;10;16.8
1969-11-01;23.8;11;23.8
1969-11-02;20.2;11;20.2
1969-11-03;18.8;11;18.8
1969-11-04;18.3;11;18.3
1969-11-05;17.6;11;17.6
1969-11-06;16.4;11;16.4
1969-11-07;18.3;11;18.3
1969-11-08;19.2;11;19.2
1969-11-09;21.2;11;21.2
1969-11-10;20.2;11;20.2
1969-11-11;18.8;11;18.8
1969-11-12;19.5;11;19.5
1969-11-13;21.8;11;21.8
1969-11-14;23.7;11;23.7
1969-11-15;19.8;11;19.8
1969-11-16;16.9;11;16.9
1969-11-17;15.7;11;15.7
1969-11-18;15.7;11;15.7
1969-11-19;15.7;11;15.7
1969-11-20;17.4;11;17.4
1969-11-21;20.7;11;20.7
1969-11-22;18.8;11;18.8
1969-11-23;21.0;11;21.0
1969-11-24;52.8;11;52.8
1969-11-25;37.0;11;37.0
1969-11-26;29.8;11;29.8
1969-11-27;28.6;11;28.6
1969-11-28;22.8;11;22.8
1969-11-29;18.8;11;18.8
1969-11-30;18.0;11;18.0
1969-12-01;16.4;12;16.4
1969-12-02;16.4;12;16.4
1969-12-03;17.4;12;17.4
1969-12-04;17.4;12;17.4
1969-12-05;17.4;12;17.4
1969-12-06;17.8;12;17.8
1969-12-07;19.3;12;19.3
1969-12-08;17.6;12;17.6
1969-12-09;17.8;12;17.8
1969-12-10;18.3;12;18.3
1969-12-11;17.4;12;17.4
1969-12-12;16.9;12;16.9
1969-12-13;16.9;12;16.9
1969-12-14;19.5;12;19.5
1969-12-15;17.1;12;17.1
1969-12-16;16.0;12;16.0
1969-12-17;15.2;12;15.2
1969-12-18;14.0;12;14.0
1969-12-19;13.4;12;13.4
1969-12-20;12.0;12;12.0
1969-12-21;11.4;12;11.4
1969-12-22;10.0;12;10.0
1969-12-23;9.3;12;9.3
1969-12-24;8.6;12;8.6
1969-12-25;7.3;12;7.3
1969-12-26;7.1;12;7.1
1969-12-27;6.4;12;6.4
1969-12-28;5.9;12;5.9
1969-12-29;5.2;12;5.2
1969-12-30;5.5;12;5.5
1969-12-31;4.9;12;4.9
1970-01-01;5.0;1;5.0
1970-01-02;4.8;1;4.8
1970-01-03;4.0;1;4.0
1970-01-04;4.0;1;4.0
1970-01-05;3.7;1;3.7
1970-01-06;3.6;1;3.6
1970-01-07;3.4;1;3.4
1970-01-08;3.0;1;3.0
1970-01-09;3.0;1;3.0
1970-01-10;3.4;1;3.4
1970-01-11;4.6;1;4.6
1970-01-12;3.7;1;3.7
1970-01-13;3.7;1;3.7
1970-01-14;3.7;1;3.7
1970-01-15;3.7;1;3.7
1970-01-16;3.7;1;3.7
1970-01-17;3.6;1;3.6
1970-01-18;3.6;1;3.6
1970-01-19;3.4;1;3.4
1970-01-20;3.2;1;3.2
1970-01-21;3.2;1;3.2
1970-01-22;3.7;1;3.7
1970-01-23;3.7;1;3.7
1970-01-24;3.4;1;3.4
1970-01-25;3.4;1;3.4
1970-01-26;3.2;1;3.2
1970-01-27;3.2;1;3.2
1970-01-28;3.0;1;3.0
1970-01-29;3.0;1;3.0
1970-01-30;3.0;1;3.0
1970-01-31;2.5;1;2.5
1970-02-01;2.6;2;2.6
1970-02-02;2.7;2;2.7
1970-02-03;3.4;2;3.4
1970-02-04;4.1;2;4.1
1970-02-05;4.3;2;4.3
1970-02-06;4.6;2;4.6
1970-02-07;4.9;2;4.9
1970-02-08;5.1;2;5.1
1970-02-09;5.4;2;5.4
1970-02-10;5.5;2;5.5
1970-02-11;6.0;2;6.0
1970-02-12;7.8;2;7.8
1970-02-13;6.1;2;6.1
1970-02-14;6.0;2;6.0
1970-02-15;5.6;2;5.6
1970-02-16;5.6;2;5.6
1970-02-17;5.0;2;5.0
1970-02-18;5.0;2;5.0
1970-02-19;5.4;2;5.4
1970-02-20;5.4;2;5.4
1970-02-21;5.0;2;5.0
1970-02-22;4.6;2;4.6
1970-02-23;4.8;2;4.8
1970-02-24;5.2;2;5.2
1970-02-25;4.7;2;4.7
1970-02-26;4.0;2;4.0
1970-02-27;4.4;2;4.4
1970-02-28;3.7;2;3.7
1970-03-01;2.5;3;2.5
1970-03-02;2.5;3;2.5
1970-03-03;2.8;3;2.8
1970-03-04;3.0;3;3.0
1970-03-05;3.6;3;3.6
1970-03-06;3.8;3;3.8
1970-03-07;8.5;3;8.5
1970-03-08;8.6;3;8.6
1970-03-09;8.2;3;8.2
1970-03-10;7.5;3;7.5
1970-03-11;11.6;3;11.6
1970-03-12;11.6;3;11.6
1970-03-13;10.6;3;10.6
1970-03-14;9.8;3;9.8
1970-03-15;9.3;3;9.3
1970-03-16;8.6;3;8.6
1970-03-17;8.0;3;8.0
1970-03-18;7.3;3;7.3
1970-03-19;7.6;3;7.6
1970-03-20;8.3;3;8.3
1970-03-21;8.1;3;8.1
1970-03-22;7.2;3;7.2
1970-03-23;6.8;3;6.8
1970-03-24;6.1;3;6.1
1970-03-25;5.7;3;5.7
1970-03-26;5.3;3;5.3
1970-03-27;5.1;3;5.1
1970-03-28;4.7;3;4.7
1970-03-29;4.2;3;4.2
1970-03-30;4.4;3;4.4
1970-03-31;3.6;3;3.6
1970-04-01;4.2;4;4.2
1970-04-02;4.6;4;4.6
1970-04-03;5.4;4;5.4
1970-04-04;5.5;4;5.5
1970-04-05;6.8;4;6.8
1970-04-06;7.9;4;7.9
1970-04-07;9.6;4;9.6
1970-04-08;12.2;4;12.2
1970-04-09;32.0;4;32.0
1970-04-10;23.1;4;23.1
1970-04-11;28.9;4;28.9
1970-04-12;24.9;4;24.9
1970-04-13;20.5;4;20.5
1970-04-14;15.0;4;15.0
1970-04-15;15.4;4;15.4
1970-04-16;16.9;4;16.9
1970-04-17;19.0;4;19.0
1970-04-18;19.0;4;19.0
1970-04-19;18.3;4;18.3
1970-04-20;17.8;4;17.8
1970-04-21;19.6;4;19.6
1970-04-22;17.8;4;17.8
1970-04-23;16.4;4;16.4
1970-04-24;16.4;4;16.4
1970-04-25;16.0;4;16.0
1970-04-26;15.0;4;15.0
1970-04-27;14.0;4;14.0
1970-04-28;17.6;4;17.6
1970-04-29;15.5;4;15.5
1970-04-30;15.7;4;15.7
1970-05-01;4.5;5;4.5
1970-05-02;5.6;5;5.6
1970-05-03;6.4;5;6.4
1970-05-04;8.2;5;8.2
1970-05-05;8.6;5;8.6
1970-05-06;10.2;5;10.2
1970-05-07;11.0;5;11.0
1970-05-08;12.6;5;12.6
1970-05-09;15.2;5;15.2
1970-05-10;34.2;5;34.2
1970-05-11;24.0;5;24.0
1970-05-12;21.2;5;21.2
1970-05-13;18.8;5;18.8
1970-05-14;20.0;5;20.0
1970-05-15;23.7;5;23.7
1970-05-16;23.2;5;23.2
1970-05-17;18.3;5;18.3
1970-05-18;16.9;5;16.9
1970-05-19;15.6;5;15.6
1970-05-20;14.8;5;14.8
1970-05-21;21.3;5;21.3
1970-05-22;28.6;5;28.6
1970-05-23;40.6;5;40.6
1970-05-24;38.0;5;38.0
1970-05-25;30.8;5;30.8
1970-05-26;22.2;5;22.2
1970-05-27;24.6;5;24.6
1970-05-28;19.8;5;19.8
1970-05-29;23.4;5;23.4
1970-05-30;40.6;5;40.6
1970-05-31;86.9;5;86.9
1970-06-01;42.9;6;42.9
1970-06-02;40.6;6;40.6
1970-06-03;180.5;6;180.5
1970-06-04;62.6;6;62.6
1970-06-05;38.0;6;38.0
1970-06-06;28.0;6;28.0
1970-06-07;21.2;6;21.2
1970-06-08;24.3;6;24.3
1970-06-09;24.6;6;24.6
1970-06-10;28.9;6;28.9
1970-06-11;26.5;6;26.5
1970-06-12;24.3;6;24.3
1970-06-13;23.1;6;23.1
1970-06-14;50.6;6;50.6
1970-06-15;92.4;6;92.4
1970-06-16;42.0;6;42.0
1970-06-17;42.6;6;42.6
1970-06-18;28.0;6;28.0
1970-06-19;20.7;6;20.7
1970-06-20;17.2;6;17.2
1970-06-21;16.0;6;16.0
1970-06-22;21.8;6;21.8
1970-06-23;23.7;6;23.7
1970-06-24;20.7;6;20.7
1970-06-25;17.1;6;17.1
1970-06-26;15.2;6;15.2
1970-06-27;11.6;6;11.6
1970-06-28;11.1;6;11.1
1970-06-29;8.4;6;8.4
1970-06-30;8.4;6;8.4
1970-07-01;7.1;7;7.1
1970-07-02;5.6;7;5.6
1970-07-03;4.6;7;4.6
1970-07-04;5.4;7;5.4
1970-07-05;6.1;7;6.1
1970-07-06;7.3;7;7.3
1970-07-07;8.4;7;8.4
1970-07-08;9.3;7;9.3
1970-07-09;10.1;7;10.1
1970-07-10;12.9;7;12.9
1970-07-11;14.3;7;14.3
1970-07-12;14.3;7;14.3
1970-07-13;11.4;7;11.4
1970-07-14;10.6;7;10.6
1970-07-15;9.6;7;9.6
1970-07-16;9.3;7;9.3
1970-07-17;8.1;7;8.1
1970-07-18;6.6;7;6.6
1970-07-19;5.0;7;5.0
1970-07-20;4.6;7;4.6
1970-07-21;4.6;7;4.6
1970-07-22;4.5;7;4.5
1970-07-23;4.2;7;4.2
1970-07-24;4.1;7;4.1
1970-07-25;4.9;7;4.9
1970-07-26;4.8;7;4.8
1970-07-27;5.1;7;5.1
1970-07-28;5.3;7;5.3
1970-07-29;23.0;7;23.0
1970-07-30;26.8;7;26.8
1970-07-31;28.9;7;28.9
1970-08-01;25.6;8;25.6
1970-08-02;22.8;8;22.8
1970-08-03;16.4;8;16.4
1970-08-04;15.5;8;15.5
1970-08-05;21.0;8;21.0
1970-08-06;20.0;8;20.0
1970-08-07;25.5;8;25.5
1970-08-08;21.6;8;21.6
1970-08-09;18.1;8;18.1
1970-08-10;16.9;8;16.9
1970-08-11;23.4;8;23.4
1970-08-12;17.8;8;17.8
1970-08-13;11.3;8;11.3
1970-08-14;11.8;8;11.8
1970-08-15;13.2;8;13.2
1970-08-16;13.3;8;13.3
1970-08-17;13.4;8;13.4
1970-08-18;14.0;8;14.0
1970-08-19;14.4;8;14.4
1970-08-20;13.2;8;13.2
1970-08-21;14.2;8;14.2
1970-08-22;15.7;8;15.7
1970-08-23;19.8;8;19.8
1970-08-24;19.0;8;19.0
1970-08-25;16.9;8;16.9
1970-08-26;20.7;8;20.7
1970-08-27;18.8;8;18.8
1970-08-28;17.1;8;17.1
1970-08-29;13.6;8;13.6
1970-08-30;14.2;8;14.2
1970-08-31;15.0;8;15.0
1970-09-01;16.0;9;16.0
1970-09-02;18.6;9;18.6
1970-09-03;21.1;9;21.1
1970-09-04;20.4;9;20.4
1970-09-05;18.6;9;18.6
1970-09-06;15.0;9;15.0
1970-09-07;13.2;9;13.2
1970-09-08;14.3;9;14.3
1970-09-09;20.5;9;20.5
1970-09-10;23.7;9;23.7
1970-09-11;24.6;9;24.6
1970-09-12;22.2;9;22.2
1970-09-13;15.9;9;15.9
1970-09-14;11.5;9;11.5
1970-09-15;12.0;9;12.0
1970-09-16;12.6;9;12.6
1970-09-17;11.5;9;11.5
1970-09-18;10.2;9;10.2
1970-09-19;6.2;9;6.2
1970-09-20;11.2;9;11.2
1970-09-21;17.6;9;17.6
1970-09-22;54.0;9;54.0
1970-09-23;32.8;9;32.8
1970-09-24;46.8;9;46.8
1970-09-25;21.9;9;21.9
1970-09-26;18.3;9;18.3
1970-09-27;20.8;9;20.8
1970-09-28;19.5;9;19.5
1970-09-29;38.8;9;38.8
1970-09-30;105.2;9;105.2
1970-10-01;64.7;10;64.7
1970-10-02;65.1;10;65.1
1970-10-03;41.9;10;41.9
1970-10-04;38.0;10;38.0
1970-10-05;50.2;10;50.2
1970-10-06;81.7;10;81.7
1970-10-07;82.0;10;82.0
1970-10-08;59.4;10;59.4
1970-10-09;47.0;10;47.0
1970-10-10;28.0;10;28.0
1970-10-11;17.1;10;17.1
1970-10-12;19.5;10;19.5
1970-10-13;20.0;10;20.0
1970-10-14;16.7;10;16.7
1970-10-15;14.4;10;14.4
1970-10-16;12.6;10;12.6
1970-10-17;12.0;10;12.0
1970-10-18;11.6;10;11.6
1970-10-19;9.3;10;9.3
1970-10-20;9.3;10;9.3
1970-10-21;33.9;10;33.9
1970-10-22;32.4;10;32.4
1970-10-23;26.8;10;26.8
1970-10-24;26.2;10;26.2
1970-10-25;49.2;10;49.2
1970-10-26;50.6;10;50.6
1970-10-27;80.3;10;80.3
1970-10-28;36.2;10;36.2
1970-10-29;43.6;10;43.6
1970-10-30;119.7;10;119.7
1970-10-31;57.0;10;57.0
1970-11-01;58.3;11;58.3
1970-11-02;92.4;11;92.4
1970-11-03;42.2;11;42.2
1970-11-04;59.8;11;59.8
1970-11-05;49.0;11;49.0
1970-11-06;50.2;11;50.2
1970-11-07;51.0;11;51.0
1970-11-08;51.4;11;51.4
1970-11-09;50.8;11;50.8
1970-11-10;52.6;11;52.6
1970-11-11;54.4;11;54.4
1970-11-12;46.3;11;46.3
1970-11-13;36.5;11;36.5
1970-11-14;29.0;11;29.0
1970-11-15;22.2;11;22.2
1970-11-16;19.0;11;19.0
1970-11-17;15.2;11;15.2
1970-11-18;25.5;11;25.5
1970-11-19;29.2;11;29.2
1970-11-20;28.3;11;28.3
1970-11-21;26.8;11;26.8
1970-11-22;24.9;11;24.9
1970-11-23;21.6;11;21.6
1970-11-24;18.3;11;18.3
1970-11-25;16.4;11;16.4
1970-11-26;20.0;11;20.0
1970-11-27;20.0;11;20.0
1970-11-28;15.2;11;15.2
1970-11-29;13.2;11;13.2
1970-11-30;22.8;11;22.8
1970-12-01;22.8;12;22.8
1970-12-02;16.0;12;16.0
1970-12-03;14.1;12;14.1
1970-12-04;16.0;12;16.0
1970-12-05;16.6;12;16.6
1970-12-06;14.0;12;14.0
1970-12-07;12.2;12;12.2
1970-12-08;10.2;12;10.2
1970-12-09;11.9;12;11.9
1970-12-10;11.9;12;11.9
1970-12-11;9.6;12;9.6
1970-12-12;12.2;12;12.2
1970-12-13;10.3;12;10.3
1970-12-14;9.4;12;9.4
1970-12-15;9.1;12;9.1
1970-12-16;9.0;12;9.0
1970-12-17;7.6;12;7.6
1970-12-18;6.8;12;6.8
1970-12-19;6.4;12;6.4
1970-12-20;11.4;12;11.4
1970-12-21;11.8;12;11.8
1970-12-22;11.8;12;11.8
1970-12-23;12.0;12;12.0
1970-12-24;7.2;12;7.2
1970-12-25;6.1;12;6.1
1970-12-26;6.6;12;6.6
1970-12-27;8.0;12;8.0
1970-12-28;11.8;12;11.8
1970-12-29;8.0;12;8.0
1970-12-30;6.6;12;6.6
1970-12-31;5.4;12;5.4
1971-01-01;4.5;1;4.5
1971-01-02;3.8;1;3.8
1971-01-03;3.7;1;3.7
1971-01-04;4.2;1;4.2
1971-01-05;5.6;1;5.6
1971-01-06;8.0;1;8.0
1971-01-07;22.8;1;22.8
1971-01-08;30.4;1;30.4
1971-01-09;39.1;1;39.1
1971-01-10;79.5;1;79.5
1971-01-11;34.8;1;34.8
1971-01-12;22.2;1;22.2
1971-01-13;26.4;1;26.4
1971-01-14;30.2;1;30.2
1971-01-15;28.5;1;28.5
1971-01-16;26.8;1;26.8
1971-01-17;19.3;1;19.3
1971-01-18;17.1;1;17.1
1971-01-19;23.0;1;23.0
1971-01-20;40.8;1;40.8
1971-01-21;20.0;1;20.0
1971-01-22;12.5;1;12.5
1971-01-23;13.6;1;13.6
1971-01-24;18.0;1;18.0
1971-01-25;16.2;1;16.2
1971-01-26;17.8;1;17.8
1971-01-27;55.0;1;55.0
1971-01-28;99.0;1;99.0
1971-01-29;48.9;1;48.9
1971-01-30;24.2;1;24.2
1971-01-31;17.1;1;17.1
1971-02-01;14.0;2;14.0
1971-02-02;15.5;2;15.5
1971-02-03;16.0;2;16.0
1971-02-04;16.4;2;16.4
1971-02-05;20.0;2;20.0
1971-02-06;29.8;2;29.8
1971-02-07;24.4;2;24.4
1971-02-08;16.6;2;16.6
1971-02-09;12.6;2;12.6
1971-02-10;10.4;2;10.4
1971-02-11;12.6;2;12.6
1971-02-12;10.4;2;10.4
1971-02-13;9.5;2;9.5
1971-02-14;12.7;2;12.7
1971-02-15;12.0;2;12.0
1971-02-16;11.4;2;11.4
1971-02-17;9.8;2;9.8
1971-02-18;10.5;2;10.5
1971-02-19;11.8;2;11.8
1971-02-20;16.2;2;16.2
1971-02-21;13.4;2;13.4
1971-02-22;10.8;2;10.8
1971-02-23;9.0;2;9.0
1971-02-24;9.0;2;9.0
1971-02-25;9.0;2;9.0
1971-02-26;9.0;2;9.0
1971-02-27;8.5;2;8.5
1971-02-28;9.0;2;9.0
1971-03-01;20.0;3;20.0
1971-03-02;22.0;3;22.0
1971-03-03;20.2;3;20.2
1971-03-04;23.0;3;23.0
1971-03-05;41.8;3;41.8
1971-03-06;24.9;3;24.9
1971-03-07;17.4;3;17.4
1971-03-08;13.4;3;13.4
1971-03-09;14.6;3;14.6
1971-03-10;13.4;3;13.4
1971-03-11;11.2;3;11.2
1971-03-12;10.3;3;10.3
1971-03-13;10.0;3;10.0
1971-03-14;11.6;3;11.6
1971-03-15;10.7;3;10.7
1971-03-16;8.4;3;8.4
1971-03-17;9.2;3;9.2
1971-03-18;24.8;3;24.8
1971-03-19;20.7;3;20.7
1971-03-20;28.6;3;28.6
1971-03-21;22.6;3;22.6
1971-03-22;15.2;3;15.2
1971-03-23;20.0;3;20.0
1971-03-24;48.1;3;48.1
1971-03-25;36.2;3;36.2
1971-03-26;32.0;3;32.0
1971-03-27;15.9;3;15.9
1971-03-28;17.4;3;17.4
1971-03-29;26.8;3;26.8
1971-03-30;35.0;3;35.0
1971-03-31;25.0;3;25.0
1971-04-01;87.4;4;87.4
1971-04-02;54.9;4;54.9
1971-04-03;39.9;4;39.9
1971-04-04;42.2;4;42.2
1971-04-05;29.6;4;29.6
1971-04-06;21.1;4;21.1
1971-04-07;16.3;4;16.3
1971-04-08;18.6;4;18.6
1971-04-09;25.5;4;25.5
1971-04-10;16.8;4;16.8
1971-04-11;13.8;4;13.8
1971-04-12;12.9;4;12.9
1971-04-13;11.4;4;11.4
1971-04-14;11.3;4;11.3
1971-04-15;19.3;4;19.3
1971-04-16;16.0;4;16.0
1971-04-17;12.6;4;12.6
1971-04-18;49.8;4;49.8
1971-04-19;89.2;4;89.2
1971-04-20;50.6;4;50.6
1971-04-21;45.4;4;45.4
1971-04-22;25.2;4;25.2
1971-04-23;52.8;4;52.8
1971-04-24;29.6;4;29.6
1971-04-25;25.0;4;25.0
1971-04-26;23.4;4;23.4
1971-04-27;27.0;4;27.0
1971-04-28;38.0;4;38.0
1971-04-29;25.6;4;25.6
1971-04-30;21.0;4;21.0
1971-05-01;28.0;5;28.0
1971-05-02;24.3;5;24.3
1971-05-03;22.5;5;22.5
1971-05-04;17.6;5;17.6
1971-05-05;25.0;5;25.0
1971-05-06;84.9;5;84.9
1971-05-07;52.5;5;52.5
1971-05-08;33.6;5;33.6
1971-05-09;20.3;5;20.3
1971-05-10;15.2;5;15.2
1971-05-11;35.0;5;35.0
1971-05-12;27.6;5;27.6
1971-05-13;21.8;5;21.8
1971-05-14;23.4;5;23.4
1971-05-15;22.4;5;22.4
1971-05-16;27.0;5;27.0
1971-05-17;50.0;5;50.0
1971-05-18;81.7;5;81.7
1971-05-19;61.2;5;61.2
1971-05-20;40.0;5;40.0
1971-05-21;38.5;5;38.5
1971-05-22;57.0;5;57.0
1971-05-23;58.8;5;58.8
1971-05-24;44.6;5;44.6
1971-05-25;118.5;5;118.5
1971-05-26;58.6;5;58.6
1971-05-27;36.5;5;36.5
1971-05-28;28.9;5;28.9
1971-05-29;28.0;5;28.0
1971-05-30;25.6;5;25.6
1971-05-31;34.4;5;34.4
1971-06-01;85.5;6;85.5
1971-06-02;25.2;6;25.2
1971-06-03;40.2;6;40.2
1971-06-04;27.4;6;27.4
1971-06-05;82.6;6;82.6
1971-06-06;99.3;6;99.3
1971-06-07;91.5;6;91.5
1971-06-08;34.8;6;34.8
1971-06-09;21.9;6;21.9
1971-06-10;18.8;6;18.8
1971-06-11;17.1;6;17.1
1971-06-12;50.2;6;50.2
1971-06-13;31.1;6;31.1
1971-06-14;20.5;6;20.5
1971-06-15;18.1;6;18.1
1971-06-16;23.7;6;23.7
1971-06-17;31.0;6;31.0
1971-06-18;23.0;6;23.0
1971-06-19;20.0;6;20.0
1971-06-20;17.1;6;17.1
1971-06-21;15.5;6;15.5
1971-06-22;14.8;6;14.8
1971-06-23;14.5;6;14.5
1971-06-24;12.6;6;12.6
1971-06-25;11.4;6;11.4
1971-06-26;58.5;6;58.5
1971-06-27;30.8;6;30.8
1971-06-28;25.8;6;25.8
1971-06-29;24.3;6;24.3
1971-06-30;22.2;6;22.2
1971-07-01;17.8;7;17.8
1971-07-02;155.0;7;155.0
1971-07-03;130.0;7;130.0
1971-07-04;78.0;7;78.0
1971-07-05;52.8;7;52.8
1971-07-06;34.0;7;34.0
1971-07-07;18.1;7;18.1
1971-07-08;15.4;7;15.4
1971-07-09;37.1;7;37.1
1971-07-10;38.0;7;38.0
1971-07-11;28.0;7;28.0
1971-07-12;19.8;7;19.8
1971-07-13;31.0;7;31.0
1971-07-14;64.8;7;64.8
1971-07-15;29.8;7;29.8
1971-07-16;29.6;7;29.6
1971-07-17;18.3;7;18.3
1971-07-18;16.0;7;16.0
1971-07-19;18.1;7;18.1
1971-07-20;38.1;7;38.1
1971-07-21;15.1;7;15.1
1971-07-22;15.9;7;15.9
1971-07-23;23.0;7;23.0
1971-07-24;41.3;7;41.3
1971-07-25;22.8;7;22.8
1971-07-26;15.5;7;15.5
1971-07-27;29.6;7;29.6
1971-07-28;14.8;7;14.8
1971-07-29;24.9;7;24.9
1971-07-30;27.6;7;27.6
1971-07-31;30.3;7;30.3
1971-08-01;16.9;8;16.9
1971-08-02;17.4;8;17.4
1971-08-03;15.0;8;15.0
1971-08-04;25.2;8;25.2
1971-08-05;22.4;8;22.4
1971-08-06;35.4;8;35.4
1971-08-07;23.7;8;23.7
1971-08-08;24.2;8;24.2
1971-08-09;18.1;8;18.1
1971-08-10;14.8;8;14.8
1971-08-11;15.2;8;15.2
1971-08-12;14.1;8;14.1
1971-08-13;15.7;8;15.7
1971-08-14;12.4;8;12.4
1971-08-15;11.9;8;11.9
1971-08-16;12.8;8;12.8
1971-08-17;13.6;8;13.6
1971-08-18;14.8;8;14.8
1971-08-19;13.2;8;13.2
1971-08-20;14.5;8;14.5
1971-08-21;13.8;8;13.8
1971-08-22;22.5;8;22.5
1971-08-23;14.3;8;14.3
1971-08-24;13.0;8;13.0
1971-08-25;24.9;8;24.9
1971-08-26;43.2;8;43.2
1971-08-27;59.8;8;59.8
1971-08-28;25.8;8;25.8
1971-08-29;42.9;8;42.9
1971-08-30;34.8;8;34.8
1971-08-31;26.4;8;26.4
1971-09-01;17.4;9;17.4
1971-09-02;17.8;9;17.8
1971-09-03;16.6;9;16.6
1971-09-04;15.2;9;15.2
1971-09-05;14.8;9;14.8
1971-09-06;19.3;9;19.3
1971-09-07;19.8;9;19.8
1971-09-08;16.7;9;16.7
1971-09-09;16.9;9;16.9
1971-09-10;14.3;9;14.3
1971-09-11;14.2;9;14.2
1971-09-12;14.2;9;14.2
1971-09-13;108.2;9;108.2
1971-09-14;24.1;9;24.1
1971-09-15;15.5;9;15.5
1971-09-16;13.8;9;13.8
1971-09-17;11.6;9;11.6
1971-09-18;12.4;9;12.4
1971-09-19;13.4;9;13.4
1971-09-20;12.5;9;12.5
1971-09-21;13.8;9;13.8
1971-09-22;11.6;9;11.6
1971-09-23;12.0;9;12.0
1971-09-24;10.2;9;10.2
1971-09-25;9.2;9;9.2
1971-09-26;8.4;9;8.4
1971-09-27;7.4;9;7.4
1971-09-28;6.6;9;6.6
1971-09-29;9.6;9;9.6
1971-09-30;17.6;9;17.6
1971-10-01;8.8;10;8.8
1971-10-02;15.9;10;15.9
1971-10-03;42.6;10;42.6
1971-10-04;54.4;10;54.4
1971-10-05;27.1;10;27.1
1971-10-06;24.0;10;24.0
1971-10-07;27.6;10;27.6
1971-10-08;25.8;10;25.8
1971-10-09;21.6;10;21.6
1971-10-10;14.6;10;14.6
1971-10-11;42.5;10;42.5
1971-10-12;23.4;10;23.4
1971-10-13;15.4;10;15.4
1971-10-14;14.0;10;14.0
1971-10-15;12.6;10;12.6
1971-10-16;11.9;10;11.9
1971-10-17;16.0;10;16.0
1971-10-18;20.0;10;20.0
1971-10-19;124.0;10;124.0
1971-10-20;24.0;10;24.0
1971-10-21;16.0;10;16.0
1971-10-22;14.3;10;14.3
1971-10-23;18.0;10;18.0
1971-10-24;26.4;10;26.4
1971-10-25;22.8;10;22.8
1971-10-26;30.2;10;30.2
1971-10-27;32.0;10;32.0
1971-10-28;57.3;10;57.3
1971-10-29;31.4;10;31.4
1971-10-30;27.0;10;27.0
1971-10-31;28.3;10;28.3
1971-11-01;37.6;11;37.6
1971-11-02;117.4;11;117.4
1971-11-03;106.0;11;106.0
1971-11-04;94.2;11;94.2
1971-11-05;76.0;11;76.0
1971-11-06;51.8;11;51.8
1971-11-07;40.0;11;40.0
1971-11-08;23.7;11;23.7
1971-11-09;22.4;11;22.4
1971-11-10;21.8;11;21.8
1971-11-11;16.7;11;16.7
1971-11-12;15.0;11;15.0
1971-11-13;15.2;11;15.2
1971-11-14;12.6;11;12.6
1971-11-15;13.4;11;13.4
1971-11-16;11.8;11;11.8
1971-11-17;10.6;11;10.6
1971-11-18;14.8;11;14.8
1971-11-19;13.8;11;13.8
1971-11-20;11.0;11;11.0
1971-11-21;11.3;11;11.3
1971-11-22;14.0;11;14.0
1971-11-23;21.2;11;21.2
1971-11-24;15.5;11;15.5
1971-11-25;13.8;11;13.8
1971-11-26;15.2;11;15.2
1971-11-27;10.0;11;10.0
1971-11-28;24.3;11;24.3
1971-11-29;18.2;11;18.2
1971-11-30;13.7;11;13.7
1971-12-01;14.1;12;14.1
1971-12-02;11.8;12;11.8
1971-12-03;12.6;12;12.6
1971-12-04;16.5;12;16.5
1971-12-05;16.2;12;16.2
1971-12-06;11.6;12;11.6
1971-12-07;11.4;12;11.4
1971-12-08;11.7;12;11.7
1971-12-09;10.2;12;10.2
1971-12-10;10.1;12;10.1
1971-12-11;11.9;12;11.9
1971-12-12;9.8;12;9.8
1971-12-13;9.1;12;9.1
1971-12-14;8.6;12;8.6
1971-12-15;8.1;12;8.1
1971-12-16;7.5;12;7.5
1971-12-17;7.6;12;7.6
1971-12-18;14.4;12;14.4
1971-12-19;15.9;12;15.9
1971-12-20;10.6;12;10.6
1971-12-21;10.0;12;10.0
1971-12-22;14.3;12;14.3
1971-12-23;60.4;12;60.4
1971-12-24;47.5;12;47.5
1971-12-25;58.3;12;58.3
1971-12-26;50.5;12;50.5
1971-12-27;38.9;12;38.9
1971-12-28;23.5;12;23.5
1971-12-29;24.6;12;24.6
1971-12-30;21.6;12;21.6
1971-12-31;14.5;12;14.5
1972-01-01;13.3;1;13.3
1972-01-02;11.9;1;11.9
1972-01-03;11.2;1;11.2
1972-01-04;12.1;1;12.1
1972-01-05;10.5;1;10.5
1972-01-06;10.3;1;10.3
1972-01-07;9.2;1;9.2
1972-01-08;8.7;1;8.7
1972-01-09;10.9;1;10.9
1972-01-10;11.6;1;11.6
1972-01-11;12.9;1;12.9
1972-01-12;11.2;1;11.2
1972-01-13;9.6;1;9.6
1972-01-14;21.3;1;21.3
1972-01-15;40.3;1;40.3
1972-01-16;130.8;1;130.8
1972-01-17;88.3;1;88.3
1972-01-18;86.2;1;86.2
1972-01-19;58.6;1;58.6
1972-01-20;40.3;1;40.3
1972-01-21;27.1;1;27.1
1972-01-22;37.8;1;37.8
1972-01-23;30.8;1;30.8
1972-01-24;20.3;1;20.3
1972-01-25;18.0;1;18.0
1972-01-26;17.6;1;17.6
1972-01-27;19.4;1;19.4
1972-01-28;20.2;1;20.2
1972-01-29;26.3;1;26.3
1972-01-30;15.1;1;15.1
1972-01-31;12.7;1;12.7
1972-02-01;12.1;2;12.1
1972-02-02;14.0;2;14.0
1972-02-03;10.8;2;10.8
1972-02-04;10.1;2;10.1
1972-02-05;11.6;2;11.6
1972-02-06;11.2;2;11.2
1972-02-07;13.6;2;13.6
1972-02-08;16.3;2;16.3
1972-02-09;21.5;2;21.5
1972-02-10;30.7;2;30.7
1972-02-11;22.4;2;22.4
1972-02-12;13.9;2;13.9
1972-02-13;11.9;2;11.9
1972-02-14;10.7;2;10.7
1972-02-15;9.5;2;9.5
1972-02-16;8.7;2;8.7
1972-02-17;8.7;2;8.7
1972-02-18;9.5;2;9.5
1972-02-19;8.5;2;8.5
1972-02-20;7.4;2;7.4
1972-02-21;7.0;2;7.0
1972-02-22;6.5;2;6.5
1972-02-23;5.9;2;5.9
1972-02-24;5.5;2;5.5
1972-02-25;5.4;2;5.4
1972-02-26;5.2;2;5.2
1972-02-27;4.8;2;4.8
1972-02-28;4.7;2;4.7
1972-02-29;4.9;2;4.9
1972-03-01;9.9;3;9.9
1972-03-02;11.0;3;11.0
1972-03-03;8.8;3;8.8
1972-03-04;10.5;3;10.5
1972-03-05;6.9;3;6.9
1972-03-06;8.4;3;8.4
1972-03-07;9.3;3;9.3
1972-03-08;12.7;3;12.7
1972-03-09;8.4;3;8.4
1972-03-10;7.4;3;7.4
1972-03-11;9.4;3;9.4
1972-03-12;7.6;3;7.6
1972-03-13;7.4;3;7.4
1972-03-14;7.1;3;7.1
1972-03-15;7.9;3;7.9
1972-03-16;6.3;3;6.3
1972-03-17;6.1;3;6.1
1972-03-18;9.8;3;9.8
1972-03-19;9.2;3;9.2
1972-03-20;12.6;3;12.6
1972-03-21;15.5;3;15.5
1972-03-22;15.1;3;15.1
1972-03-23;22.0;3;22.0
1972-03-24;19.1;3;19.1
1972-03-25;37.3;3;37.3
1972-03-26;21.3;3;21.3
1972-03-27;16.4;3;16.4
1972-03-28;40.0;3;40.0
1972-03-29;60.2;3;60.2
1972-03-30;43.5;3;43.5
1972-03-31;22.1;3;22.1
1972-04-01;21.2;4;21.2
1972-04-02;16.8;4;16.8
1972-04-03;13.5;4;13.5
1972-04-04;11.0;4;11.0
1972-04-05;9.5;4;9.5
1972-04-06;8.5;4;8.5
1972-04-07;7.5;4;7.5
1972-04-08;7.0;4;7.0
1972-04-09;11.4;4;11.4
1972-04-10;15.6;4;15.6
1972-04-11;19.8;4;19.8
1972-04-12;14.2;4;14.2
1972-04-13;12.2;4;12.2
1972-04-14;17.0;4;17.0
1972-04-15;21.7;4;21.7
1972-04-16;29.1;4;29.1
1972-04-17;45.8;4;45.8
1972-04-18;90.4;4;90.4
1972-04-19;85.0;4;85.0
1972-04-20;122.8;4;122.8
1972-04-21;39.0;4;39.0
1972-04-22;44.7;4;44.7
1972-04-23;32.0;4;32.0
1972-04-24;71.2;4;71.2
1972-04-25;27.6;4;27.6
1972-04-26;23.0;4;23.0
1972-04-27;43.6;4;43.6
1972-04-28;77.1;4;77.1
1972-04-29;149.8;4;149.8
1972-04-30;111.9;4;111.9
1972-05-01;53.8;5;53.8
1972-05-02;97.4;5;97.4
1972-05-03;101.8;5;101.8
1972-05-04;68.6;5;68.6
1972-05-05;69.6;5;69.6
1972-05-06;53.8;5;53.8
1972-05-07;48.2;5;48.2
1972-05-08;26.6;5;26.6
1972-05-09;20.3;5;20.3
1972-05-10;18.7;5;18.7
1972-05-11;50.3;5;50.3
1972-05-12;27.1;5;27.1
1972-05-13;25.5;5;25.5
1972-05-14;26.4;5;26.4
1972-05-15;35.6;5;35.6
1972-05-16;32.9;5;32.9
1972-05-17;106.8;5;106.8
1972-05-18;86.6;5;86.6
1972-05-19;36.9;5;36.9
1972-05-20;307.5;5;307.5
1972-05-21;53.9;5;53.9
1972-05-22;45.9;5;45.9
1972-05-23;107.3;5;107.3
1972-05-24;48.8;5;48.8
1972-05-25;33.2;5;33.2
1972-05-26;26.9;5;26.9
1972-05-27;75.4;5;75.4
1972-05-28;114.6;5;114.6
1972-05-29;50.5;5;50.5
1972-05-30;24.0;5;24.0
1972-05-31;21.2;5;21.2
1972-06-01;14.7;6;14.7
1972-06-02;14.2;6;14.2
1972-06-03;13.5;6;13.5
1972-06-04;14.7;6;14.7
1972-06-05;13.0;6;13.0
1972-06-06;11.1;6;11.1
1972-06-07;9.6;6;9.6
1972-06-08;9.3;6;9.3
1972-06-09;8.8;6;8.8
1972-06-10;11.6;6;11.6
1972-06-11;39.8;6;39.8
1972-06-12;49.7;6;49.7
1972-06-13;31.0;6;31.0
1972-06-14;63.8;6;63.8
1972-06-15;38.6;6;38.6
1972-06-16;38.6;6;38.6
1972-06-17;20.2;6;20.2
1972-06-18;13.8;6;13.8
1972-06-19;12.4;6;12.4
1972-06-20;11.0;6;11.0
1972-06-21;25.4;6;25.4
1972-06-22;13.4;6;13.4
1972-06-23;11.9;6;11.9
1972-06-24;14.3;6;14.3
1972-06-25;22.2;6;22.2
1972-06-26;18.2;6;18.2
1972-06-27;22.9;6;22.9
1972-06-28;14.1;6;14.1
1972-06-29;85.7;6;85.7
1972-06-30;77.2;6;77.2
1972-07-01;52.8;7;52.8
1972-07-02;92.1;7;92.1
1972-07-03;40.1;7;40.1
1972-07-04;19.5;7;19.5
1972-07-05;22.8;7;22.8
1972-07-06;76.4;7;76.4
1972-07-07;52.6;7;52.6
1972-07-08;24.0;7;24.0
1972-07-09;17.8;7;17.8
1972-07-10;13.7;7;13.7
1972-07-11;25.9;7;25.9
1972-07-12;32.3;7;32.3
1972-07-13;24.9;7;24.9
1972-07-14;13.2;7;13.2
1972-07-15;46.8;7;46.8
1972-07-16;30.6;7;30.6
1972-07-17;22.0;7;22.0
1972-07-18;25.7;7;25.7
1972-07-19;17.5;7;17.5
1972-07-20;13.1;7;13.1
1972-07-21;11.4;7;11.4
1972-07-22;12.2;7;12.2
1972-07-23;9.5;7;9.5
1972-07-24;9.1;7;9.1
1972-07-25;9.5;7;9.5
1972-07-26;16.6;7;16.6
1972-07-27;17.9;7;17.9
1972-07-28;13.5;7;13.5
1972-07-29;11.9;7;11.9
1972-07-30;10.2;7;10.2
1972-07-31;7.3;7;7.3
1972-08-01;6.1;8;6.1
1972-08-02;6.1;8;6.1
1972-08-03;7.0;8;7.0
1972-08-04;5.6;8;5.6
1972-08-05;4.9;8;4.9
1972-08-06;4.7;8;4.7
1972-08-07;4.5;8;4.5
1972-08-08;4.2;8;4.2
1972-08-09;6.7;8;6.7
1972-08-10;29.5;8;29.5
1972-08-11;18.1;8;18.1
1972-08-12;8.9;8;8.9
1972-08-13;7.8;8;7.8
1972-08-14;12.6;8;12.6
1972-08-15;9.7;8;9.7
1972-08-16;7.7;8;7.7
1972-08-17;8.7;8;8.7
1972-08-18;9.4;8;9.4
1972-08-19;16.1;8;16.1
1972-08-20;24.2;8;24.2
1972-08-21;21.7;8;21.7
1972-08-22;16.0;8;16.0
1972-08-23;14.2;8;14.2
1972-08-24;8.9;8;8.9
1972-08-25;6.8;8;6.8
1972-08-26;7.1;8;7.1
1972-08-27;6.2;8;6.2
1972-08-28;7.3;8;7.3
1972-08-29;5.8;8;5.8
1972-08-30;5.5;8;5.5
1972-08-31;5.3;8;5.3
1972-09-01;5.5;9;5.5
1972-09-02;11.6;9;11.6
1972-09-03;9.2;9;9.2
1972-09-04;14.8;9;14.8
1972-09-05;15.6;9;15.6
1972-09-06;11.6;9;11.6
1972-09-07;8.8;9;8.8
1972-09-08;10.0;9;10.0
1972-09-09;16.7;9;16.7
1972-09-10;11.8;9;11.8
1972-09-11;9.7;9;9.7
1972-09-12;8.4;9;8.4
1972-09-13;23.4;9;23.4
1972-09-14;14.8;9;14.8
1972-09-15;10.1;9;10.1
1972-09-16;8.8;9;8.8
1972-09-17;9.0;9;9.0
1972-09-18;7.2;9;7.2
1972-09-19;6.3;9;6.3
1972-09-20;8.8;9;8.8
1972-09-21;9.6;9;9.6
1972-09-22;7.9;9;7.9
1972-09-23;6.1;9;6.1
1972-09-24;5.6;9;5.6
1972-09-25;5.7;9;5.7
1972-09-26;6.6;9;6.6
1972-09-27;7.7;9;7.7
1972-09-28;5.6;9;5.6
1972-09-29;5.2;9;5.2
1972-09-30;4.7;9;4.7
1972-10-01;4.3;10;4.3
1972-10-02;4.0;10;4.0
1972-10-03;4.0;10;4.0
1972-10-04;4.0;10;4.0
1972-10-05;4.7;10;4.7
1972-10-06;4.4;10;4.4
1972-10-07;4.8;10;4.8
1972-10-08;4.7;10;4.7
1972-10-09;4.4;10;4.4
1972-10-10;4.2;10;4.2
1972-10-11;4.2;10;4.2
1972-10-12;4.3;10;4.3
1972-10-13;7.8;10;7.8
1972-10-14;72.3;10;72.3
1972-10-15;26.6;10;26.6
1972-10-16;11.1;10;11.1
1972-10-17;7.0;10;7.0
1972-10-18;6.8;10;6.8
1972-10-19;8.6;10;8.6
1972-10-20;6.3;10;6.3
1972-10-21;6.5;10;6.5
1972-10-22;8.8;10;8.8
1972-10-23;21.5;10;21.5
1972-10-24;18.7;10;18.7
1972-10-25;12.0;10;12.0
1972-10-26;7.7;10;7.7
1972-10-27;6.1;10;6.1
1972-10-28;5.6;10;5.6
1972-10-29;5.8;10;5.8
1972-10-30;5.8;10;5.8
1972-10-31;14.8;10;14.8
1972-11-01;26.1;11;26.1
1972-11-02;21.1;11;21.1
1972-11-03;49.8;11;49.8
1972-11-04;76.0;11;76.0
1972-11-05;60.3;11;60.3
1972-11-06;62.5;11;62.5
1972-11-07;42.1;11;42.1
1972-11-08;23.9;11;23.9
1972-11-09;15.0;11;15.0
1972-11-10;11.1;11;11.1
1972-11-11;9.3;11;9.3
1972-11-12;8.7;11;8.7
1972-11-13;10.1;11;10.1
1972-11-14;11.7;11;11.7
1972-11-15;35.4;11;35.4
1972-11-16;75.3;11;75.3
1972-11-17;57.7;11;57.7
1972-11-18;37.0;11;37.0
1972-11-19;17.7;11;17.7
1972-11-20;21.7;11;21.7
1972-11-21;27.7;11;27.7
1972-11-22;45.0;11;45.0
1972-11-23;43.8;11;43.8
1972-11-24;58.0;11;58.0
1972-11-25;30.5;11;30.5
1972-11-26;20.0;11;20.0
1972-11-27;14.7;11;14.7
1972-11-28;12.0;11;12.0
1972-11-29;11.0;11;11.0
1972-11-30;11.9;11;11.9
1972-12-01;33.8;12;33.8
1972-12-02;39.6;12;39.6
1972-12-03;18.4;12;18.4
1972-12-04;16.6;12;16.6
1972-12-05;11.4;12;11.4
1972-12-06;9.4;12;9.4
1972-12-07;10.0;12;10.0
1972-12-08;16.8;12;16.8
1972-12-09;21.9;12;21.9
1972-12-10;24.2;12;24.2
1972-12-11;13.7;12;13.7
1972-12-12;11.9;12;11.9
1972-12-13;10.3;12;10.3
1972-12-14;9.8;12;9.8
1972-12-15;11.1;12;11.1
1972-12-16;8.9;12;8.9
1972-12-17;9.4;12;9.4
1972-12-18;9.4;12;9.4
1972-12-19;9.9;12;9.9
1972-12-20;23.6;12;23.6
1972-12-21;10.1;12;10.1
1972-12-22;10.0;12;10.0
1972-12-23;7.9;12;7.9
1972-12-24;6.7;12;6.7
1972-12-25;6.0;12;6.0
1972-12-26;5.5;12;5.5
1972-12-27;5.3;12;5.3
1972-12-28;3.8;12;3.8
1972-12-29;3.7;12;3.7
1972-12-30;3.6;12;3.6
1972-12-31;3.5;12;3.5
1973-01-01;3.1;1;3.1
1973-01-02;3.1;1;3.1
1973-01-03;3.0;1;3.0
1973-01-04;2.8;1;2.8
1973-01-05;4.2;1;4.2
1973-01-06;4.2;1;4.2
1973-01-07;4.2;1;4.2
1973-01-08;4.2;1;4.2
1973-01-09;4.2;1;4.2
1973-01-10;3.4;1;3.4
1973-01-11;2.5;1;2.5
1973-01-12;2.4;1;2.4
1973-01-13;2.3;1;2.3
1973-01-14;2.6;1;2.6
1973-01-15;3.1;1;3.1
1973-01-16;2.7;1;2.7
1973-01-17;2.6;1;2.6
1973-01-18;2.4;1;2.4
1973-01-19;2.4;1;2.4
1973-01-20;2.3;1;2.3
1973-01-21;2.0;1;2.0
1973-01-22;2.3;1;2.3
1973-01-23;2.0;1;2.0
1973-01-24;2.0;1;2.0
1973-01-25;2.0;1;2.0
1973-01-26;1.9;1;1.9
1973-01-27;1.9;1;1.9
1973-01-28;1.9;1;1.9
1973-01-29;1.9;1;1.9
1973-01-30;1.8;1;1.8
1973-01-31;1.9;1;1.9
1973-02-01;2.5;2;2.5
1973-02-02;2.6;2;2.6
1973-02-03;2.3;2;2.3
1973-02-04;2.2;2;2.2
1973-02-05;2.2;2;2.2
1973-02-06;2.3;2;2.3
1973-02-07;2.2;2;2.2
1973-02-08;2.1;2;2.1
1973-02-09;2.0;2;2.0
1973-02-10;2.6;2;2.6
1973-02-11;2.4;2;2.4
1973-02-12;2.2;2;2.2
1973-02-13;1.8;2;1.8
1973-02-14;1.8;2;1.8
1973-02-15;2.0;2;2.0
1973-02-16;2.0;2;2.0
1973-02-17;1.9;2;1.9
1973-02-18;2.0;2;2.0
1973-02-19;2.3;2;2.3
1973-02-20;2.1;2;2.1
1973-02-21;2.1;2;2.1
1973-02-22;2.0;2;2.0
1973-02-23;2.1;2;2.1
1973-02-24;2.0;2;2.0
1973-02-25;2.0;2;2.0
1973-02-26;1.8;2;1.8
1973-02-27;1.8;2;1.8
1973-02-28;2.0;2;2.0
1973-03-01;2.0;3;2.0
1973-03-02;3.0;3;3.0
1973-03-03;3.5;3;3.5
1973-03-04;4.1;3;4.1
1973-03-05;2.5;3;2.5
1973-03-06;2.0;3;2.0
1973-03-07;2.0;3;2.0
1973-03-08;2.7;3;2.7
1973-03-09;4.4;3;4.4
1973-03-10;5.2;3;5.2
1973-03-11;8.1;3;8.1
1973-03-12;6.0;3;6.0
1973-03-13;5.0;3;5.0
1973-03-14;6.6;3;6.6
1973-03-15;5.6;3;5.6
1973-03-16;3.9;3;3.9
1973-03-17;3.2;3;3.2
1973-03-18;2.7;3;2.7
1973-03-19;2.6;3;2.6
1973-03-20;2.3;3;2.3
1973-03-21;2.2;3;2.2
1973-03-22;2.1;3;2.1
1973-03-23;2.0;3;2.0
1973-03-24;2.1;3;2.1
1973-03-25;2.2;3;2.2
1973-03-26;2.1;3;2.1
1973-03-27;2.0;3;2.0
1973-03-28;1.9;3;1.9
1973-03-29;1.8;3;1.8
1973-03-30;1.8;3;1.8
1973-03-31;1.8;3;1.8
1973-04-01;1.8;4;1.8
1973-04-02;1.7;4;1.7
1973-04-03;1.6;4;1.6
1973-04-04;1.7;4;1.7
1973-04-05;2.0;4;2.0
1973-04-06;2.4;4;2.4
1973-04-07;2.3;4;2.3
1973-04-08;2.2;4;2.2
1973-04-09;2.2;4;2.2
1973-04-10;3.8;4;3.8
1973-04-11;4.2;4;4.2
1973-04-12;4.4;4;4.4
1973-04-13;3.3;4;3.3
1973-04-14;2.8;4;2.8
1973-04-15;2.7;4;2.7
1973-04-16;2.7;4;2.7
1973-04-17;3.5;4;3.5
1973-04-18;3.0;4;3.0
1973-04-19;2.9;4;2.9
1973-04-20;2.9;4;2.9
1973-04-21;2.8;4;2.8
1973-04-22;4.7;4;4.7
1973-04-23;13.7;4;13.7
1973-04-24;11.5;4;11.5
1973-04-25;12.5;4;12.5
1973-04-26;27.4;4;27.4
1973-04-27;10.7;4;10.7
1973-04-28;8.1;4;8.1
1973-04-29;9.7;4;9.7
1973-04-30;7.3;4;7.3
1973-05-01;6.0;5;6.0
1973-05-02;5.9;5;5.9
1973-05-03;6.1;5;6.1
1973-05-04;6.4;5;6.4
1973-05-05;6.2;5;6.2
1973-05-06;6.0;5;6.0
1973-05-07;28.8;5;28.8
1973-05-08;34.4;5;34.4
1973-05-09;13.2;5;13.2
1973-05-10;8.7;5;8.7
1973-05-11;6.5;5;6.5
1973-05-12;5.2;5;5.2
1973-05-13;4.9;5;4.9
1973-05-14;4.5;5;4.5
1973-05-15;6.1;5;6.1
1973-05-16;15.9;5;15.9
1973-05-17;14.0;5;14.0
1973-05-18;11.8;5;11.8
1973-05-19;135.5;5;135.5
1973-05-20;28.4;5;28.4
1973-05-21;14.6;5;14.6
1973-05-22;15.1;5;15.1
1973-05-23;12.8;5;12.8
1973-05-24;41.8;5;41.8
1973-05-25;28.9;5;28.9
1973-05-26;15.3;5;15.3
1973-05-27;12.3;5;12.3
1973-05-28;12.2;5;12.2
1973-05-29;10.0;5;10.0
1973-05-30;10.1;5;10.1
1973-05-31;8.4;5;8.4
1973-06-01;9.0;6;9.0
1973-06-02;7.9;6;7.9
1973-06-03;8.5;6;8.5
1973-06-04;8.9;6;8.9
1973-06-05;8.6;6;8.6
1973-06-06;9.4;6;9.4
1973-06-07;8.8;6;8.8
1973-06-08;11.9;6;11.9
1973-06-09;8.9;6;8.9
1973-06-10;10.4;6;10.4
1973-06-11;24.1;6;24.1
1973-06-12;41.3;6;41.3
1973-06-13;31.2;6;31.2
1973-06-14;21.8;6;21.8
1973-06-15;19.6;6;19.6
1973-06-16;108.2;6;108.2
1973-06-17;36.7;6;36.7
1973-06-18;38.4;6;38.4
1973-06-19;29.0;6;29.0
1973-06-20;19.8;6;19.8
1973-06-21;13.1;6;13.1
1973-06-22;11.2;6;11.2
1973-06-23;10.7;6;10.7
1973-06-24;10.4;6;10.4
1973-06-25;8.8;6;8.8
1973-06-26;30.5;6;30.5
1973-06-27;25.1;6;25.1
1973-06-28;46.9;6;46.9
1973-06-29;18.1;6;18.1
1973-06-30;29.1;6;29.1
1973-07-01;23.0;7;23.0
1973-07-02;15.5;7;15.5
1973-07-03;14.6;7;14.6
1973-07-04;12.7;7;12.7
1973-07-05;11.1;7;11.1
1973-07-06;23.5;7;23.5
1973-07-07;25.3;7;25.3
1973-07-08;17.8;7;17.8
1973-07-09;65.4;7;65.4
1973-07-10;34.7;7;34.7
1973-07-11;21.0;7;21.0
1973-07-12;15.7;7;15.7
1973-07-13;14.8;7;14.8
1973-07-14;13.2;7;13.2
1973-07-15;10.8;7;10.8
1973-07-16;8.8;7;8.8
1973-07-17;8.4;7;8.4
1973-07-18;7.9;7;7.9
1973-07-19;7.2;7;7.2
1973-07-20;6.5;7;6.5
1973-07-21;7.5;7;7.5
1973-07-22;9.6;7;9.6
1973-07-23;22.9;7;22.9
1973-07-24;24.2;7;24.2
1973-07-25;37.9;7;37.9
1973-07-26;48.5;7;48.5
1973-07-27;32.4;7;32.4
1973-07-28;27.6;7;27.6
1973-07-29;15.5;7;15.5
1973-07-30;13.6;7;13.6
1973-07-31;12.0;7;12.0
1973-08-01;21.1;8;21.1
1973-08-02;75.5;8;75.5
1973-08-03;38.0;8;38.0
1973-08-04;19.6;8;19.6
1973-08-05;13.7;8;13.7
1973-08-06;12.3;8;12.3
1973-08-07;56.8;8;56.8
1973-08-08;32.4;8;32.4
1973-08-09;19.1;8;19.1
1973-08-10;15.1;8;15.1
1973-08-11;12.1;8;12.1
1973-08-12;10.2;8;10.2
1973-08-13;9.8;8;9.8
1973-08-14;9.3;8;9.3
1973-08-15;8.9;8;8.9
1973-08-16;9.3;8;9.3
1973-08-17;18.5;8;18.5
1973-08-18;14.8;8;14.8
1973-08-19;10.3;8;10.3
1973-08-20;17.9;8;17.9
1973-08-21;14.9;8;14.9
1973-08-22;14.1;8;14.1
1973-08-23;11.0;8;11.0
1973-08-24;12.0;8;12.0
1973-08-25;12.7;8;12.7
1973-08-26;10.0;8;10.0
1973-08-27;72.3;8;72.3
1973-08-28;53.4;8;53.4
1973-08-29;28.9;8;28.9
1973-08-30;26.5;8;26.5
1973-08-31;64.5;8;64.5
1973-09-01;52.9;9;52.9
1973-09-02;32.3;9;32.3
1973-09-03;20.5;9;20.5
1973-09-04;19.7;9;19.7
1973-09-05;55.9;9;55.9
1973-09-06;45.2;9;45.2
1973-09-07;32.1;9;32.1
1973-09-08;80.2;9;80.2
1973-09-09;35.4;9;35.4
1973-09-10;30.7;9;30.7
1973-09-11;29.1;9;29.1
1973-09-12;21.3;9;21.3
1973-09-13;54.8;9;54.8
1973-09-14;48.9;9;48.9
1973-09-15;58.2;9;58.2
1973-09-16;97.5;9;97.5
1973-09-17;115.8;9;115.8
1973-09-18;80.1;9;80.1
1973-09-19;36.2;9;36.2
1973-09-20;30.7;9;30.7
1973-09-21;30.3;9;30.3
1973-09-22;71.7;9;71.7
1973-09-23;59.3;9;59.3
1973-09-24;61.1;9;61.1
1973-09-25;52.2;9;52.2
1973-09-26;31.1;9;31.1
1973-09-27;26.0;9;26.0
1973-09-28;35.2;9;35.2
1973-09-29;22.5;9;22.5
1973-09-30;15.7;9;15.7
1973-10-01;13.4;10;13.4
1973-10-02;15.5;10;15.5
1973-10-03;15.3;10;15.3
1973-10-04;18.2;10;18.2
1973-10-05;26.0;10;26.0
1973-10-06;37.1;10;37.1
1973-10-07;31.2;10;31.2
1973-10-08;24.6;10;24.6
1973-10-09;17.6;10;17.6
1973-10-10;16.7;10;16.7
1973-10-11;14.8;10;14.8
1973-10-12;12.5;10;12.5
1973-10-13;11.1;10;11.1
1973-10-14;10.8;10;10.8
1973-10-15;10.3;10;10.3
1973-10-16;14.0;10;14.0
1973-10-17;36.7;10;36.7
1973-10-18;27.2;10;27.2
1973-10-19;29.1;10;29.1
1973-10-20;54.2;10;54.2
1973-10-21;36.8;10;36.8
1973-10-22;50.1;10;50.1
1973-10-23;62.3;10;62.3
1973-10-24;36.0;10;36.0
1973-10-25;28.7;10;28.7
1973-10-26;30.4;10;30.4
1973-10-27;34.0;10;34.0
1973-10-28;20.3;10;20.3
1973-10-29;16.8;10;16.8
1973-10-30;17.5;10;17.5
1973-10-31;16.8;10;16.8
1973-11-01;13.1;11;13.1
1973-11-02;13.0;11;13.0
1973-11-03;11.1;11;11.1
1973-11-04;10.6;11;10.6
1973-11-05;10.2;11;10.2
1973-11-06;10.1;11;10.1
1973-11-07;10.9;11;10.9
1973-11-08;16.0;11;16.0
1973-11-09;30.0;11;30.0
1973-11-10;30.3;11;30.3
1973-11-11;16.0;11;16.0
1973-11-12;17.8;11;17.8
1973-11-13;21.2;11;21.2
1973-11-14;33.7;11;33.7
1973-11-15;124.3;11;124.3
1973-11-16;113.9;11;113.9
1973-11-17;56.7;11;56.7
1973-11-18;40.7;11;40.7
1973-11-19;35.7;11;35.7
1973-11-20;30.1;11;30.1
1973-11-21;23.3;11;23.3
1973-11-22;16.6;11;16.6
1973-11-23;14.9;11;14.9
1973-11-24;14.0;11;14.0
1973-11-25;15.2;11;15.2
1973-11-26;12.4;11;12.4
1973-11-27;11.3;11;11.3
1973-11-28;10.3;11;10.3
1973-11-29;12.4;11;12.4
1973-11-30;23.8;11;23.8
1973-12-01;33.5;12;33.5
1973-12-02;60.1;12;60.1
1973-12-03;59.7;12;59.7
1973-12-04;21.8;12;21.8
1973-12-05;36.8;12;36.8
1973-12-06;56.0;12;56.0
1973-12-07;53.5;12;53.5
1973-12-08;45.5;12;45.5
1973-12-09;65.5;12;65.5
1973-12-10;40.7;12;40.7
1973-12-11;28.6;12;28.6
1973-12-12;34.4;12;34.4
1973-12-13;28.3;12;28.3
1973-12-14;43.7;12;43.7
1973-12-15;44.6;12;44.6
1973-12-16;27.2;12;27.2
1973-12-17;21.1;12;21.1
1973-12-18;17.2;12;17.2
1973-12-19;15.0;12;15.0
1973-12-20;13.9;12;13.9
1973-12-21;12.3;12;12.3
1973-12-22;13.6;12;13.6
1973-12-23;17.7;12;17.7
1973-12-24;13.7;12;13.7
1973-12-25;11.6;12;11.6
1973-12-26;11.0;12;11.0
1973-12-27;13.5;12;13.5
1973-12-28;15.8;12;15.8
1973-12-29;20.9;12;20.9
1973-12-30;20.9;12;20.9
1973-12-31;21.4;12;21.4
1974-01-01;13.8;1;13.8
1974-01-02;13.9;1;13.9
1974-01-03;13.4;1;13.4
1974-01-04;12.9;1;12.9
1974-01-05;8.0;1;8.0
1974-01-06;7.4;1;7.4
1974-01-07;6.9;1;6.9
1974-01-08;6.6;1;6.6
1974-01-09;5.7;1;5.7
1974-01-10;7.1;1;7.1
1974-01-11;6.0;1;6.0
1974-01-12;9.4;1;9.4
1974-01-13;13.0;1;13.0
1974-01-14;109.4;1;109.4
1974-01-15;66.9;1;66.9
1974-01-16;56.4;1;56.4
1974-01-17;38.3;1;38.3
1974-01-18;31.7;1;31.7
1974-01-19;78.5;1;78.5
1974-01-20;75.7;1;75.7
1974-01-21;33.3;1;33.3
1974-01-22;24.6;1;24.6
1974-01-23;36.0;1;36.0
1974-01-24;29.1;1;29.1
1974-01-25;21.7;1;21.7
1974-01-26;30.0;1;30.0
1974-01-27;20.0;1;20.0
1974-01-28;15.0;1;15.0
1974-01-29;12.9;1;12.9
1974-01-30;13.6;1;13.6
1974-01-31;13.3;1;13.3
1974-02-01;13.6;2;13.6
1974-02-02;22.0;2;22.0
1974-02-03;30.4;2;30.4
1974-02-04;35.6;2;35.6
1974-02-05;32.9;2;32.9
1974-02-06;21.0;2;21.0
1974-02-07;20.1;2;20.1
1974-02-08;17.7;2;17.7
1974-02-09;15.2;2;15.2
1974-02-10;15.6;2;15.6
1974-02-11;27.9;2;27.9
1974-02-12;29.3;2;29.3
1974-02-13;26.6;2;26.6
1974-02-14;31.0;2;31.0
1974-02-15;30.6;2;30.6
1974-02-16;25.4;2;25.4
1974-02-17;23.5;2;23.5
1974-02-18;34.0;2;34.0
1974-02-19;19.8;2;19.8
1974-02-20;19.0;2;19.0
1974-02-21;18.5;2;18.5
1974-02-22;15.2;2;15.2
1974-02-23;13.6;2;13.6
1974-02-24;13.3;2;13.3
1974-02-25;11.6;2;11.6
1974-02-26;10.7;2;10.7
1974-02-27;9.7;2;9.7
1974-02-28;9.5;2;9.5
1974-03-01;9.5;3;9.5
1974-03-02;7.8;3;7.8
1974-03-03;8.1;3;8.1
1974-03-04;14.6;3;14.6
1974-03-05;11.4;3;11.4
1974-03-06;8.1;3;8.1
1974-03-07;26.0;3;26.0
1974-03-08;32.7;3;32.7
1974-03-09;60.6;3;60.6
1974-03-10;108.4;3;108.4
1974-03-11;44.8;3;44.8
1974-03-12;39.3;3;39.3
1974-03-13;22.6;3;22.6
1974-03-14;25.6;3;25.6
1974-03-15;21.4;3;21.4
1974-03-16;13.0;3;13.0
1974-03-17;10.1;3;10.1
1974-03-18;8.9;3;8.9
1974-03-19;8.3;3;8.3
1974-03-20;7.8;3;7.8
1974-03-21;7.4;3;7.4
1974-03-22;7.2;3;7.2
1974-03-23;8.8;3;8.8
1974-03-24;9.4;3;9.4
1974-03-25;8.8;3;8.8
1974-03-26;8.8;3;8.8
1974-03-27;7.9;3;7.9
1974-03-28;10.2;3;10.2
1974-03-29;9.8;3;9.8
1974-03-30;8.4;3;8.4
1974-03-31;7.7;3;7.7
1974-04-01;7.8;4;7.8
1974-04-02;8.4;4;8.4
1974-04-03;60.5;4;60.5
1974-04-04;34.9;4;34.9
1974-04-05;25.4;4;25.4
1974-04-06;15.3;4;15.3
1974-04-07;26.4;4;26.4
1974-04-08;14.0;4;14.0
1974-04-09;19.5;4;19.5
1974-04-10;95.0;4;95.0
1974-04-11;43.7;4;43.7
1974-04-12;29.4;4;29.4
1974-04-13;20.2;4;20.2
1974-04-14;14.0;4;14.0
1974-04-15;10.9;4;10.9
1974-04-16;10.9;4;10.9
1974-04-17;11.4;4;11.4
1974-04-18;10.7;4;10.7
1974-04-19;9.4;4;9.4
1974-04-20;8.3;4;8.3
1974-04-21;8.0;4;8.0
1974-04-22;8.8;4;8.8
1974-04-23;23.1;4;23.1
1974-04-24;19.2;4;19.2
1974-04-25;19.0;4;19.0
1974-04-26;31.4;4;31.4
1974-04-27;48.1;4;48.1
1974-04-28;60.1;4;60.1
1974-04-29;46.3;4;46.3
1974-04-30;54.5;4;54.5
1974-05-01;82.6;5;82.6
1974-05-02;119.9;5;119.9
1974-05-03;50.8;5;50.8
1974-05-04;134.9;5;134.9
1974-05-05;110.5;5;110.5
1974-05-06;77.3;5;77.3
1974-05-07;64.0;5;64.0
1974-05-08;31.5;5;31.5
1974-05-09;15.3;5;15.3
1974-05-10;20.9;5;20.9
1974-05-11;20.4;5;20.4
1974-05-12;16.8;5;16.8
1974-05-13;14.8;5;14.8
1974-05-14;13.6;5;13.6
1974-05-15;15.0;5;15.0
1974-05-16;20.4;5;20.4
1974-05-17;15.6;5;15.6
1974-05-18;12.1;5;12.1
1974-05-19;10.0;5;10.0
1974-05-20;8.6;5;8.6
1974-05-21;8.1;5;8.1
1974-05-22;8.4;5;8.4
1974-05-23;7.7;5;7.7
1974-05-24;9.8;5;9.8
1974-05-25;8.0;5;8.0
1974-05-26;7.4;5;7.4
1974-05-27;5.8;5;5.8
1974-05-28;9.8;5;9.8
1974-05-29;30.3;5;30.3
1974-05-30;19.2;5;19.2
1974-05-31;31.8;5;31.8
1974-06-01;23.0;6;23.0
1974-06-02;16.0;6;16.0
1974-06-03;13.1;6;13.1
1974-06-04;11.0;6;11.0
1974-06-05;8.3;6;8.3
1974-06-06;102.7;6;102.7
1974-06-07;25.1;6;25.1
1974-06-08;17.0;6;17.0
1974-06-09;13.1;6;13.1
1974-06-10;10.9;6;10.9
1974-06-11;32.7;6;32.7
1974-06-12;22.9;6;22.9
1974-06-13;27.8;6;27.8
1974-06-14;28.7;6;28.7
1974-06-15;24.9;6;24.9
1974-06-16;16.6;6;16.6
1974-06-17;13.1;6;13.1
1974-06-18;13.6;6;13.6
1974-06-19;19.7;6;19.7
1974-06-20;15.0;6;15.0
1974-06-21;19.2;6;19.2
1974-06-22;41.3;6;41.3
1974-06-23;29.4;6;29.4
1974-06-24;22.3;6;22.3
1974-06-25;19.0;6;19.0
1974-06-26;16.8;6;16.8
1974-06-27;16.1;6;16.1
1974-06-28;13.7;6;13.7
1974-06-29;13.2;6;13.2
1974-06-30;12.6;6;12.6
1974-07-01;14.4;7;14.4
1974-07-02;21.2;7;21.2
1974-07-03;55.7;7;55.7
1974-07-04;27.3;7;27.3
1974-07-05;16.1;7;16.1
1974-07-06;14.6;7;14.6
1974-07-07;34.3;7;34.3
1974-07-08;47.9;7;47.9
1974-07-09;30.2;7;30.2
1974-07-10;25.2;7;25.2
1974-07-11;31.1;7;31.1
1974-07-12;26.4;7;26.4
1974-07-13;17.9;7;17.9
1974-07-14;14.3;7;14.3
1974-07-15;13.5;7;13.5
1974-07-16;11.8;7;11.8
1974-07-17;8.3;7;8.3
1974-07-18;7.0;7;7.0
1974-07-19;8.5;7;8.5
1974-07-20;29.5;7;29.5
1974-07-21;21.3;7;21.3
1974-07-22;15.1;7;15.1
1974-07-23;26.3;7;26.3
1974-07-24;18.1;7;18.1
1974-07-25;19.6;7;19.6
1974-07-26;25.4;7;25.4
1974-07-27;25.1;7;25.1
1974-07-28;37.7;7;37.7
1974-07-29;26.3;7;26.3
1974-07-30;22.7;7;22.7
1974-07-31;22.0;7;22.0
1974-08-01;19.5;8;19.5
1974-08-02;16.9;8;16.9
1974-08-03;17.3;8;17.3
1974-08-04;15.6;8;15.6
1974-08-05;14.0;8;14.0
1974-08-06;24.7;8;24.7
1974-08-07;14.8;8;14.8
1974-08-08;15.2;8;15.2
1974-08-09;20.3;8;20.3
1974-08-10;20.2;8;20.2
1974-08-11;27.8;8;27.8
1974-08-12;22.5;8;22.5
1974-08-13;25.3;8;25.3
1974-08-14;24.3;8;24.3
1974-08-15;14.7;8;14.7
1974-08-16;11.4;8;11.4
1974-08-17;9.6;8;9.6
1974-08-18;9.1;8;9.1
1974-08-19;9.8;8;9.8
1974-08-20;8.9;8;8.9
1974-08-21;8.4;8;8.4
1974-08-22;8.9;8;8.9
1974-08-23;17.0;8;17.0
1974-08-24;12.2;8;12.2
1974-08-25;9.6;8;9.6
1974-08-26;8.3;8;8.3
1974-08-27;9.4;8;9.4
1974-08-28;9.3;8;9.3
1974-08-29;10.4;8;10.4
1974-08-30;13.8;8;13.8
1974-08-31;24.3;8;24.3
1974-09-01;15.6;9;15.6
1974-09-02;10.7;9;10.7
1974-09-03;10.1;9;10.1
1974-09-04;10.0;9;10.0
1974-09-05;8.1;9;8.1
1974-09-06;7.7;9;7.7
1974-09-07;13.2;9;13.2
1974-09-08;18.5;9;18.5
1974-09-09;10.4;9;10.4
1974-09-10;10.8;9;10.8
1974-09-11;9.1;9;9.1
1974-09-12;9.9;9;9.9
1974-09-13;19.5;9;19.5
1974-09-14;54.4;9;54.4
1974-09-15;16.0;9;16.0
1974-09-16;13.3;9;13.3
1974-09-17;17.2;9;17.2
1974-09-18;26.0;9;26.0
1974-09-19;31.5;9;31.5
1974-09-20;29.3;9;29.3
1974-09-21;17.4;9;17.4
1974-09-22;17.0;9;17.0
1974-09-23;16.5;9;16.5
1974-09-24;16.1;9;16.1
1974-09-25;15.7;9;15.7
1974-09-26;15.3;9;15.3
1974-09-27;14.8;9;14.8
1974-09-28;14.4;9;14.4
1974-09-29;14.0;9;14.0
1974-09-30;13.5;9;13.5
1974-10-01;13.1;10;13.1
1974-10-02;11.4;10;11.4
1974-10-03;28.3;10;28.3
1974-10-04;39.7;10;39.7
1974-10-05;22.8;10;22.8
1974-10-06;25.9;10;25.9
1974-10-07;20.4;10;20.4
1974-10-08;19.0;10;19.0
1974-10-09;37.9;10;37.9
1974-10-10;29.3;10;29.3
1974-10-11;15.8;10;15.8
1974-10-12;12.4;10;12.4
1974-10-13;11.5;10;11.5
1974-10-14;20.9;10;20.9
1974-10-15;41.3;10;41.3
1974-10-16;30.7;10;30.7
1974-10-17;21.5;10;21.5
1974-10-18;19.9;10;19.9
1974-10-19;17.6;10;17.6
1974-10-20;12.2;10;12.2
1974-10-21;10.3;10;10.3
1974-10-22;9.2;10;9.2
1974-10-23;8.8;10;8.8
1974-10-24;11.2;10;11.2
1974-10-25;13.3;10;13.3
1974-10-26;59.7;10;59.7
1974-10-27;42.6;10;42.6
1974-10-28;26.0;10;26.0
1974-10-29;34.5;10;34.5
1974-10-30;32.2;10;32.2
1974-10-31;30.9;10;30.9
1974-11-01;105.3;11;105.3
1974-11-02;27.8;11;27.8
1974-11-03;18.5;11;18.5
1974-11-04;23.4;11;23.4
1974-11-05;86.3;11;86.3
1974-11-06;36.8;11;36.8
1974-11-07;21.2;11;21.2
1974-11-08;36.4;11;36.4
1974-11-09;55.9;11;55.9
1974-11-10;41.5;11;41.5
1974-11-11;83.3;11;83.3
1974-11-12;69.6;11;69.6
1974-11-13;48.3;11;48.3
1974-11-14;33.6;11;33.6
1974-11-15;21.1;11;21.1
1974-11-16;14.0;11;14.0
1974-11-17;14.2;11;14.2
1974-11-18;21.5;11;21.5
1974-11-19;29.5;11;29.5
1974-11-20;35.3;11;35.3
1974-11-21;26.1;11;26.1
1974-11-22;32.8;11;32.8
1974-11-23;57.2;11;57.2
1974-11-24;47.8;11;47.8
1974-11-25;23.7;11;23.7
1974-11-26;33.9;11;33.9
1974-11-27;25.1;11;25.1
1974-11-28;14.2;11;14.2
1974-11-29;9.4;11;9.4
1974-11-30;7.7;11;7.7
1974-12-01;16.7;12;16.7
1974-12-02;18.5;12;18.5
1974-12-03;8.5;12;8.5
1974-12-04;7.1;12;7.1
1974-12-05;6.5;12;6.5
1974-12-06;6.2;12;6.2
1974-12-07;6.4;12;6.4
1974-12-08;6.2;12;6.2
1974-12-09;6.3;12;6.3
1974-12-10;5.7;12;5.7
1974-12-11;5.1;12;5.1
1974-12-12;4.7;12;4.7
1974-12-13;4.3;12;4.3
1974-12-14;3.9;12;3.9
1974-12-15;3.6;12;3.6
1974-12-16;3.4;12;3.4
1974-12-17;3.4;12;3.4
1974-12-18;3.4;12;3.4
1974-12-19;3.2;12;3.2
1974-12-20;3.0;12;3.0
1974-12-21;3.0;12;3.0
1974-12-22;2.9;12;2.9
1974-12-23;2.8;12;2.8
1974-12-24;2.7;12;2.7
1974-12-25;2.7;12;2.7
1974-12-26;2.7;12;2.7
1974-12-27;2.8;12;2.8
1974-12-28;2.6;12;2.6
1974-12-29;2.6;12;2.6
1974-12-30;2.5;12;2.5
1974-12-31;2.4;12;2.4
1975-01-01;2.1;1;2.1
1975-01-02;2.1;1;2.1
1975-01-03;3.3;1;3.3
1975-01-04;2.7;1;2.7
1975-01-05;2.5;1;2.5
1975-01-06;2.3;1;2.3
1975-01-07;2.3;1;2.3
1975-01-08;2.2;1;2.2
1975-01-09;2.0;1;2.0
1975-01-10;1.9;1;1.9
1975-01-11;1.9;1;1.9
1975-01-12;1.8;1;1.8
1975-01-13;1.7;1;1.7
1975-01-14;1.6;1;1.6
1975-01-15;1.8;1;1.8
1975-01-16;1.8;1;1.8
1975-01-17;1.9;1;1.9
1975-01-18;2.3;1;2.3
1975-01-19;1.9;1;1.9
1975-01-20;1.7;1;1.7
1975-01-21;1.6;1;1.6
1975-01-22;1.6;1;1.6
1975-01-23;1.5;1;1.5
1975-01-24;1.5;1;1.5
1975-01-25;1.5;1;1.5
1975-01-26;1.4;1;1.4
1975-01-27;1.4;1;1.4
1975-01-28;1.4;1;1.4
1975-01-29;1.4;1;1.4
1975-01-30;1.4;1;1.4
1975-01-31;1.4;1;1.4
1975-02-01;1.4;2;1.4
1975-02-02;1.5;2;1.5
1975-02-03;2.2;2;2.2
1975-02-04;3.1;2;3.1
1975-02-05;2.8;2;2.8
1975-02-06;4.7;2;4.7
1975-02-07;3.4;2;3.4
1975-02-08;4.1;2;4.1
1975-02-09;3.4;2;3.4
1975-02-10;2.6;2;2.6
1975-02-11;2.2;2;2.2
1975-02-12;2.0;2;2.0
1975-02-13;1.9;2;1.9
1975-02-14;1.7;2;1.7
1975-02-15;1.6;2;1.6
1975-02-16;1.6;2;1.6
1975-02-17;1.5;2;1.5
1975-02-18;4.6;2;4.6
1975-02-19;5.3;2;5.3
1975-02-20;6.5;2;6.5
1975-02-21;5.7;2;5.7
1975-02-22;3.5;2;3.5
1975-02-23;2.8;2;2.8
1975-02-24;4.5;2;4.5
1975-02-25;14.1;2;14.1
1975-02-26;11.1;2;11.1
1975-02-27;8.6;2;8.6
1975-02-28;21.8;2;21.8
1975-03-01;24.7;3;24.7
1975-03-02;28.4;3;28.4
1975-03-03;19.0;3;19.0
1975-03-04;12.1;3;12.1
1975-03-05;16.2;3;16.2
1975-03-06;13.3;3;13.3
1975-03-07;8.9;3;8.9
1975-03-08;6.7;3;6.7
1975-03-09;5.6;3;5.6
1975-03-10;4.6;3;4.6
1975-03-11;3.8;3;3.8
1975-03-12;3.2;3;3.2
1975-03-13;3.0;3;3.0
1975-03-14;6.4;3;6.4
1975-03-15;9.3;3;9.3
1975-03-16;7.8;3;7.8
1975-03-17;7.9;3;7.9
1975-03-18;6.1;3;6.1
1975-03-19;8.2;3;8.2
1975-03-20;6.9;3;6.9
1975-03-21;13.2;3;13.2
1975-03-22;15.0;3;15.0
1975-03-23;10.9;3;10.9
1975-03-24;8.7;3;8.7
1975-03-25;9.1;3;9.1
1975-03-26;9.6;3;9.6
1975-03-27;8.7;3;8.7
1975-03-28;7.3;3;7.3
1975-03-29;6.1;3;6.1
1975-03-30;6.1;3;6.1
1975-03-31;27.1;3;27.1
1975-04-01;16.8;4;16.8
1975-04-02;27.0;4;27.0
1975-04-03;33.5;4;33.5
1975-04-04;26.7;4;26.7
1975-04-05;14.3;4;14.3
1975-04-06;10.1;4;10.1
1975-04-07;9.7;4;9.7
1975-04-08;9.6;4;9.6
1975-04-09;9.0;4;9.0
1975-04-10;8.2;4;8.2
1975-04-11;7.0;4;7.0
1975-04-12;6.0;4;6.0
1975-04-13;5.1;4;5.1
1975-04-14;4.6;4;4.6
1975-04-15;4.5;4;4.5
1975-04-16;4.4;4;4.4
1975-04-17;5.6;4;5.6
1975-04-18;4.5;4;4.5
1975-04-19;4.3;4;4.3
1975-04-20;4.3;4;4.3
1975-04-21;4.4;4;4.4
1975-04-22;4.9;4;4.9
1975-04-23;5.9;4;5.9
1975-04-24;4.6;4;4.6
1975-04-25;4.7;4;4.7
1975-04-26;12.0;4;12.0
1975-04-27;13.5;4;13.5
1975-04-28;53.3;4;53.3
1975-04-29;43.2;4;43.2
1975-04-30;36.6;4;36.6
1975-05-01;41.5;5;41.5
1975-05-02;28.3;5;28.3
1975-05-03;48.1;5;48.1
1975-05-04;115.1;5;115.1
1975-05-05;93.5;5;93.5
1975-05-06;116.8;5;116.8
1975-05-07;56.7;5;56.7
1975-05-08;41.6;5;41.6
1975-05-09;44.2;5;44.2
1975-05-10;29.3;5;29.3
1975-05-11;17.4;5;17.4
1975-05-12;14.8;5;14.8
1975-05-13;13.7;5;13.7
1975-05-14;14.5;5;14.5
1975-05-15;13.7;5;13.7
1975-05-16;12.3;5;12.3
1975-05-17;14.9;5;14.9
1975-05-18;27.5;5;27.5
1975-05-19;15.2;5;15.2
1975-05-20;12.3;5;12.3
1975-05-21;12.5;5;12.5
1975-05-22;12.9;5;12.9
1975-05-23;12.0;5;12.0
1975-05-24;11.3;5;11.3
1975-05-25;27.4;5;27.4
1975-05-26;21.5;5;21.5
1975-05-27;25.3;5;25.3
1975-05-28;25.1;5;25.1
1975-05-29;30.1;5;30.1
1975-05-30;19.0;5;19.0
1975-05-31;24.2;5;24.2
1975-06-01;31.6;6;31.6
1975-06-02;37.5;6;37.5
1975-06-03;18.3;6;18.3
1975-06-04;14.5;6;14.5
1975-06-05;25.5;6;25.5
1975-06-06;26.3;6;26.3
1975-06-07;29.7;6;29.7
1975-06-08;100.3;6;100.3
1975-06-09;41.3;6;41.3
1975-06-10;30.2;6;30.2
1975-06-11;27.8;6;27.8
1975-06-12;40.4;6;40.4
1975-06-13;32.2;6;32.2
1975-06-14;34.9;6;34.9
1975-06-15;23.8;6;23.8
1975-06-16;31.0;6;31.0
1975-06-17;41.3;6;41.3
1975-06-18;23.2;6;23.2
1975-06-19;15.0;6;15.0
1975-06-20;48.3;6;48.3
1975-06-21;36.4;6;36.4
1975-06-22;34.9;6;34.9
1975-06-23;30.7;6;30.7
1975-06-24;28.2;6;28.2
1975-06-25;21.1;6;21.1
1975-06-26;18.8;6;18.8
1975-06-27;27.7;6;27.7
1975-06-28;25.1;6;25.1
1975-06-29;17.4;6;17.4
1975-06-30;13.9;6;13.9
1975-07-01;28.3;7;28.3
1975-07-02;21.6;7;21.6
1975-07-03;36.6;7;36.6
1975-07-04;34.1;7;34.1
1975-07-05;33.8;7;33.8
1975-07-06;31.6;7;31.6
1975-07-07;39.6;7;39.6
1975-07-08;34.4;7;34.4
1975-07-09;31.1;7;31.1
1975-07-10;26.9;7;26.9
1975-07-11;17.7;7;17.7
1975-07-12;19.5;7;19.5
1975-07-13;43.4;7;43.4
1975-07-14;60.8;7;60.8
1975-07-15;64.4;7;64.4
1975-07-16;41.2;7;41.2
1975-07-17;22.6;7;22.6
1975-07-18;42.8;7;42.8
1975-07-19;45.2;7;45.2
1975-07-20;34.5;7;34.5
1975-07-21;21.0;7;21.0
1975-07-22;26.3;7;26.3
1975-07-23;28.2;7;28.2
1975-07-24;18.2;7;18.2
1975-07-25;16.1;7;16.1
1975-07-26;14.9;7;14.9
1975-07-27;16.9;7;16.9
1975-07-28;15.0;7;15.0
1975-07-29;14.9;7;14.9
1975-07-30;13.6;7;13.6
1975-07-31;24.7;7;24.7
1975-08-01;29.9;8;29.9
1975-08-02;18.0;8;18.0
1975-08-03;17.6;8;17.6
1975-08-04;25.8;8;25.8
1975-08-05;51.9;8;51.9
1975-08-06;30.2;8;30.2
1975-08-07;17.2;8;17.2
1975-08-08;12.6;8;12.6
1975-08-09;11.4;8;11.4
1975-08-10;11.5;8;11.5
1975-08-11;10.1;8;10.1
1975-08-12;9.1;8;9.1
1975-08-13;9.6;8;9.6
1975-08-14;10.9;8;10.9
1975-08-15;15.5;8;15.5
1975-08-16;27.7;8;27.7
1975-08-17;42.6;8;42.6
1975-08-18;30.8;8;30.8
1975-08-19;16.5;8;16.5
1975-08-20;23.4;8;23.4
1975-08-21;29.1;8;29.1
1975-08-22;30.3;8;30.3
1975-08-23;20.7;8;20.7
1975-08-24;14.6;8;14.6
1975-08-25;11.6;8;11.6
1975-08-26;19.5;8;19.5
1975-08-27;19.8;8;19.8
1975-08-28;25.2;8;25.2
1975-08-29;14.6;8;14.6
1975-08-30;32.4;8;32.4
1975-08-31;24.6;8;24.6
1975-09-01;34.9;9;34.9
1975-09-02;40.7;9;40.7
1975-09-03;31.3;9;31.3
1975-09-04;35.6;9;35.6
1975-09-05;35.0;9;35.0
1975-09-06;19.7;9;19.7
1975-09-07;12.0;9;12.0
1975-09-08;10.3;9;10.3
1975-09-09;11.6;9;11.6
1975-09-10;15.7;9;15.7
1975-09-11;12.3;9;12.3
1975-09-12;8.9;9;8.9
1975-09-13;8.7;9;8.7
1975-09-14;9.6;9;9.6
1975-09-15;12.9;9;12.9
1975-09-16;11.6;9;11.6
1975-09-17;15.5;9;15.5
1975-09-18;35.4;9;35.4
1975-09-19;33.1;9;33.1
1975-09-20;51.0;9;51.0
1975-09-21;36.0;9;36.0
1975-09-22;23.7;9;23.7
1975-09-23;28.6;9;28.6
1975-09-24;28.5;9;28.5
1975-09-25;14.9;9;14.9
1975-09-26;13.9;9;13.9
1975-09-27;18.8;9;18.8
1975-09-28;12.7;9;12.7
1975-09-29;10.1;9;10.1
1975-09-30;8.8;9;8.8
1975-10-01;7.9;10;7.9
1975-10-02;12.0;10;12.0
1975-10-03;23.1;10;23.1
1975-10-04;22.8;10;22.8
1975-10-05;11.9;10;11.9
1975-10-06;12.9;10;12.9
1975-10-07;15.3;10;15.3
1975-10-08;10.9;10;10.9
1975-10-09;9.4;10;9.4
1975-10-10;8.6;10;8.6
1975-10-11;8.9;10;8.9
1975-10-12;10.9;10;10.9
1975-10-13;11.9;10;11.9
1975-10-14;33.6;10;33.6
1975-10-15;72.3;10;72.3
1975-10-16;73.0;10;73.0
1975-10-17;105.6;10;105.6
1975-10-18;39.4;10;39.4
1975-10-19;20.7;10;20.7
1975-10-20;13.5;10;13.5
1975-10-21;11.7;10;11.7
1975-10-22;12.5;10;12.5
1975-10-23;9.9;10;9.9
1975-10-24;9.2;10;9.2
1975-10-25;16.0;10;16.0
1975-10-26;25.4;10;25.4
1975-10-27;60.0;10;60.0
1975-10-28;45.7;10;45.7
1975-10-29;82.1;10;82.1
1975-10-30;57.1;10;57.1
1975-10-31;59.8;10;59.8
1975-11-01;100.0;11;100.0
1975-11-02;71.0;11;71.0
1975-11-03;49.4;11;49.4
1975-11-04;32.9;11;32.9
1975-11-05;23.9;11;23.9
1975-11-06;23.3;11;23.3
1975-11-07;37.1;11;37.1
1975-11-08;29.3;11;29.3
1975-11-09;34.8;11;34.8
1975-11-10;56.2;11;56.2
1975-11-11;108.0;11;108.0
1975-11-12;66.7;11;66.7
1975-11-13;56.2;11;56.2
1975-11-14;39.8;11;39.8
1975-11-15;33.1;11;33.1
1975-11-16;24.8;11;24.8
1975-11-17;20.3;11;20.3
1975-11-18;22.4;11;22.4
1975-11-19;20.8;11;20.8
1975-11-20;16.4;11;16.4
1975-11-21;13.3;11;13.3
1975-11-22;10.9;11;10.9
1975-11-23;10.2;11;10.2
1975-11-24;14.7;11;14.7
1975-11-25;28.0;11;28.0
1975-11-26;32.4;11;32.4
1975-11-27;25.8;11;25.8
1975-11-28;25.1;11;25.1
1975-11-29;27.4;11;27.4
1975-11-30;13.8;11;13.8
1975-12-01;63.1;12;63.1
1975-12-02;159.1;12;159.1
1975-12-03;96.9;12;96.9
1975-12-04;81.3;12;81.3
1975-12-05;48.9;12;48.9
1975-12-06;46.5;12;46.5
1975-12-07;93.3;12;93.3
1975-12-08;53.1;12;53.1
1975-12-09;31.7;12;31.7
1975-12-10;26.3;12;26.3
1975-12-11;21.0;12;21.0
1975-12-12;15.9;12;15.9
1975-12-13;13.3;12;13.3
1975-12-14;11.4;12;11.4
1975-12-15;10.8;12;10.8
1975-12-16;19.5;12;19.5
1975-12-17;81.9;12;81.9
1975-12-18;156.7;12;156.7
1975-12-19;92.5;12;92.5
1975-12-20;62.5;12;62.5
1975-12-21;75.5;12;75.5
1975-12-22;60.4;12;60.4
1975-12-23;37.8;12;37.8
1975-12-24;31.1;12;31.1
1975-12-25;26.2;12;26.2
1975-12-26;21.5;12;21.5
1975-12-27;21.0;12;21.0
1975-12-28;28.4;12;28.4
1975-12-29;16.1;12;16.1
1975-12-30;15.8;12;15.8
1975-12-31;12.6;12;12.6
1976-01-01;10.7;1;10.7
1976-01-02;11.8;1;11.8
1976-01-03;11.4;1;11.4
1976-01-04;9.1;1;9.1
1976-01-05;13.1;1;13.1
1976-01-06;11.0;1;11.0
1976-01-07;8.9;1;8.9
1976-01-08;7.6;1;7.6
1976-01-09;7.1;1;7.1
1976-01-10;6.7;1;6.7
1976-01-11;6.4;1;6.4
1976-01-12;5.2;1;5.2
1976-01-13;4.9;1;4.9
1976-01-14;4.9;1;4.9
1976-01-15;9.7;1;9.7
1976-01-16;7.3;1;7.3
1976-01-17;5.3;1;5.3
1976-01-18;4.9;1;4.9
1976-01-19;4.8;1;4.8
1976-01-20;4.6;1;4.6
1976-01-21;4.3;1;4.3
1976-01-22;4.4;1;4.4
1976-01-23;4.4;1;4.4
1976-01-24;5.1;1;5.1
1976-01-25;4.5;1;4.5
1976-01-26;4.8;1;4.8
1976-01-27;6.1;1;6.1
1976-01-28;5.8;1;5.8
1976-01-29;4.8;1;4.8
1976-01-30;35.8;1;35.8
1976-01-31;30.7;1;30.7
1976-02-01;9.9;2;9.9
1976-02-02;7.4;2;7.4
1976-02-03;7.0;2;7.0
1976-02-04;6.3;2;6.3
1976-02-05;6.0;2;6.0
1976-02-06;5.5;2;5.5
1976-02-07;5.1;2;5.1
1976-02-08;4.9;2;4.9
1976-02-09;5.8;2;5.8
1976-02-10;5.1;2;5.1
1976-02-11;5.9;2;5.9
1976-02-12;49.5;2;49.5
1976-02-13;42.8;2;42.8
1976-02-14;35.2;2;35.2
1976-02-15;19.3;2;19.3
1976-02-16;16.5;2;16.5
1976-02-17;10.6;2;10.6
1976-02-18;9.1;2;9.1
1976-02-19;8.2;2;8.2
1976-02-20;8.2;2;8.2
1976-02-21;9.1;2;9.1
1976-02-22;8.3;2;8.3
1976-02-23;9.3;2;9.3
1976-02-24;13.3;2;13.3
1976-02-25;15.7;2;15.7
1976-02-26;12.7;2;12.7
1976-02-27;12.3;2;12.3
1976-02-28;12.0;2;12.0
1976-02-29;12.5;2;12.5
1976-03-01;9.3;3;9.3
1976-03-02;9.4;3;9.4
1976-03-03;19.2;3;19.2
1976-03-04;23.3;3;23.3
1976-03-05;28.6;3;28.6
1976-03-06;32.2;3;32.2
1976-03-07;37.2;3;37.2
1976-03-08;31.0;3;31.0
1976-03-09;18.2;3;18.2
1976-03-10;19.8;3;19.8
1976-03-11;17.6;3;17.6
1976-03-12;28.6;3;28.6
1976-03-13;24.5;3;24.5
1976-03-14;19.6;3;19.6
1976-03-15;14.4;3;14.4
1976-03-16;11.5;3;11.5
1976-03-17;10.4;3;10.4
1976-03-18;9.8;3;9.8
1976-03-19;9.5;3;9.5
1976-03-20;21.0;3;21.0
1976-03-21;45.7;3;45.7
1976-03-22;26.8;3;26.8
1976-03-23;19.9;3;19.9
1976-03-24;24.1;3;24.1
1976-03-25;27.2;3;27.2
1976-03-26;25.4;3;25.4
1976-03-27;27.3;3;27.3
1976-03-28;87.5;3;87.5
1976-03-29;63.4;3;63.4
1976-03-30;44.8;3;44.8
1976-03-31;36.2;3;36.2
1976-04-01;26.8;4;26.8
1976-04-02;18.0;4;18.0
1976-04-03;13.3;4;13.3
1976-04-04;12.0;4;12.0
1976-04-05;12.6;4;12.6
1976-04-06;11.7;4;11.7
1976-04-07;12.4;4;12.4
1976-04-08;11.6;4;11.6
1976-04-09;14.9;4;14.9
1976-04-10;21.1;4;21.1
1976-04-11;47.6;4;47.6
1976-04-12;76.4;4;76.4
1976-04-13;71.4;4;71.4
1976-04-14;46.8;4;46.8
1976-04-15;61.5;4;61.5
1976-04-16;72.6;4;72.6
1976-04-17;90.3;4;90.3
1976-04-18;84.5;4;84.5
1976-04-19;126.9;4;126.9
1976-04-20;78.6;4;78.6
1976-04-21;107.5;4;107.5
1976-04-22;43.5;4;43.5
1976-04-23;30.8;4;30.8
1976-04-24;47.0;4;47.0
1976-04-25;40.4;4;40.4
1976-04-26;37.3;4;37.3
1976-04-27;48.0;4;48.0
1976-04-28;48.0;4;48.0
1976-04-29;44.5;4;44.5
1976-04-30;56.5;4;56.5
1976-05-01;67.3;5;67.3
1976-05-02;174.0;5;174.0
1976-05-03;72.1;5;72.1
1976-05-04;58.4;5;58.4
1976-05-05;55.7;5;55.7
1976-05-06;48.0;5;48.0
1976-05-07;30.8;5;30.8
1976-05-08;25.9;5;25.9
1976-05-09;26.0;5;26.0
1976-05-10;21.3;5;21.3
1976-05-11;22.2;5;22.2
1976-05-12;47.4;5;47.4
1976-05-13;36.7;5;36.7
1976-05-14;31.7;5;31.7
1976-05-15;44.5;5;44.5
1976-05-16;51.4;5;51.4
1976-05-17;46.4;5;46.4
1976-05-18;128.6;5;128.6
1976-05-19;41.1;5;41.1
1976-05-20;65.2;5;65.2
1976-05-21;38.9;5;38.9
1976-05-22;26.6;5;26.6
1976-05-23;19.7;5;19.7
1976-05-24;16.5;5;16.5
1976-05-25;63.4;5;63.4
1976-05-26;26.6;5;26.6
1976-05-27;80.5;5;80.5
1976-05-28;32.0;5;32.0
1976-05-29;22.0;5;22.0
1976-05-30;32.7;5;32.7
1976-05-31;25.0;5;25.0
1976-06-01;45.6;6;45.6
1976-06-02;22.9;6;22.9
1976-06-03;21.1;6;21.1
1976-06-04;25.2;6;25.2
1976-06-05;19.2;6;19.2
1976-06-06;15.7;6;15.7
1976-06-07;20.7;6;20.7
1976-06-08;28.7;6;28.7
1976-06-09;58.4;6;58.4
1976-06-10;51.2;6;51.2
1976-06-11;31.4;6;31.4
1976-06-12;39.3;6;39.3
1976-06-13;39.1;6;39.1
1976-06-14;52.1;6;52.1
1976-06-15;37.9;6;37.9
1976-06-16;18.9;6;18.9
1976-06-17;15.9;6;15.9
1976-06-18;15.0;6;15.0
1976-06-19;13.9;6;13.9
1976-06-20;41.3;6;41.3
1976-06-21;65.6;6;65.6
1976-06-22;49.7;6;49.7
1976-06-23;44.8;6;44.8
1976-06-24;31.8;6;31.8
1976-06-25;26.4;6;26.4
1976-06-26;20.3;6;20.3
1976-06-27;20.5;6;20.5
1976-06-28;33.7;6;33.7
1976-06-29;32.3;6;32.3
1976-06-30;25.1;6;25.1
1976-07-01;19.2;7;19.2
1976-07-02;33.3;7;33.3
1976-07-03;38.6;7;38.6
1976-07-04;25.9;7;25.9
1976-07-05;38.6;7;38.6
1976-07-06;48.1;7;48.1
1976-07-07;27.9;7;27.9
1976-07-08;80.2;7;80.2
1976-07-09;51.5;7;51.5
1976-07-10;67.6;7;67.6
1976-07-11;64.4;7;64.4
1976-07-12;109.7;7;109.7
1976-07-13;49.2;7;49.2
1976-07-14;30.2;7;30.2
1976-07-15;29.9;7;29.9
1976-07-16;26.6;7;26.6
1976-07-17;17.1;7;17.1
1976-07-18;19.6;7;19.6
1976-07-19;39.4;7;39.4
1976-07-20;36.9;7;36.9
1976-07-21;22.6;7;22.6
1976-07-22;18.2;7;18.2
1976-07-23;24.0;7;24.0
1976-07-24;18.4;7;18.4
1976-07-25;18.8;7;18.8
1976-07-26;20.2;7;20.2
1976-07-27;12.7;7;12.7
1976-07-28;16.8;7;16.8
1976-07-29;21.8;7;21.8
1976-07-30;18.3;7;18.3
1976-07-31;12.8;7;12.8
1976-08-01;26.7;8;26.7
1976-08-02;27.0;8;27.0
1976-08-03;17.9;8;17.9
1976-08-04;15.3;8;15.3
1976-08-05;12.1;8;12.1
1976-08-06;11.0;8;11.0
1976-08-07;10.5;8;10.5
1976-08-08;9.8;8;9.8
1976-08-09;9.4;8;9.4
1976-08-10;8.7;8;8.7
1976-08-11;8.7;8;8.7
1976-08-12;9.0;8;9.0
1976-08-13;8.2;8;8.2
1976-08-14;7.1;8;7.1
1976-08-15;34.1;8;34.1
1976-08-16;23.2;8;23.2
1976-08-17;10.4;8;10.4
1976-08-18;8.9;8;8.9
1976-08-19;7.8;8;7.8
1976-08-20;12.3;8;12.3
1976-08-21;21.6;8;21.6
1976-08-22;19.0;8;19.0
1976-08-23;10.3;8;10.3
1976-08-24;8.7;8;8.7
1976-08-25;11.3;8;11.3
1976-08-26;13.2;8;13.2
1976-08-27;11.9;8;11.9
1976-08-28;9.6;8;9.6
1976-08-29;10.2;8;10.2
1976-08-30;10.1;8;10.1
1976-08-31;11.3;8;11.3
1976-09-01;12.8;9;12.8
1976-09-02;13.1;9;13.1
1976-09-03;9.2;9;9.2
1976-09-04;7.7;9;7.7
1976-09-05;7.5;9;7.5
1976-09-06;6.7;9;6.7
1976-09-07;6.6;9;6.6
1976-09-08;6.0;9;6.0
1976-09-09;4.8;9;4.8
1976-09-10;4.3;9;4.3
1976-09-11;4.1;9;4.1
1976-09-12;3.9;9;3.9
1976-09-13;6.2;9;6.2
1976-09-14;6.3;9;6.3
1976-09-15;4.6;9;4.6
1976-09-16;4.4;9;4.4
1976-09-17;4.0;9;4.0
1976-09-18;4.0;9;4.0
1976-09-19;3.9;9;3.9
1976-09-20;6.1;9;6.1
1976-09-21;7.6;9;7.6
1976-09-22;5.8;9;5.8
1976-09-23;7.8;9;7.8
1976-09-24;6.2;9;6.2
1976-09-25;5.6;9;5.6
1976-09-26;14.3;9;14.3
1976-09-27;21.5;9;21.5
1976-09-28;44.8;9;44.8
1976-09-29;69.7;9;69.7
1976-09-30;14.7;9;14.7
1976-10-01;9.3;10;9.3
1976-10-02;11.4;10;11.4
1976-10-03;26.4;10;26.4
1976-10-04;51.1;10;51.1
1976-10-05;30.0;10;30.0
1976-10-06;24.9;10;24.9
1976-10-07;32.3;10;32.3
1976-10-08;29.6;10;29.6
1976-10-09;36.0;10;36.0
1976-10-10;25.5;10;25.5
1976-10-11;39.0;10;39.0
1976-10-12;45.6;10;45.6
1976-10-13;30.9;10;30.9
1976-10-14;32.7;10;32.7
1976-10-15;29.0;10;29.0
1976-10-16;16.4;10;16.4
1976-10-17;11.3;10;11.3
1976-10-18;20.5;10;20.5
1976-10-19;20.1;10;20.1
1976-10-20;15.0;10;15.0
1976-10-21;14.7;10;14.7
1976-10-22;15.3;10;15.3
1976-10-23;31.4;10;31.4
1976-10-24;47.4;10;47.4
1976-10-25;151.7;10;151.7
1976-10-26;82.5;10;82.5
1976-10-27;56.8;10;56.8
1976-10-28;46.2;10;46.2
1976-10-29;30.3;10;30.3
1976-10-30;37.1;10;37.1
1976-10-31;39.3;10;39.3
1976-11-01;34.7;11;34.7
1976-11-02;30.4;11;30.4
1976-11-03;49.6;11;49.6
1976-11-04;58.1;11;58.1
1976-11-05;58.3;11;58.3
1976-11-06;51.8;11;51.8
1976-11-07;23.5;11;23.5
1976-11-08;17.4;11;17.4
1976-11-09;20.1;11;20.1
1976-11-10;23.4;11;23.4
1976-11-11;14.5;11;14.5
1976-11-12;13.7;11;13.7
1976-11-13;34.4;11;34.4
1976-11-14;56.8;11;56.8
1976-11-15;30.9;11;30.9
1976-11-16;23.1;11;23.1
1976-11-17;14.9;11;14.9
1976-11-18;16.8;11;16.8
1976-11-19;11.6;11;11.6
1976-11-20;10.0;11;10.0
1976-11-21;10.0;11;10.0
1976-11-22;9.2;11;9.2
1976-11-23;9.4;11;9.4
1976-11-24;8.1;11;8.1
1976-11-25;7.0;11;7.0
1976-11-26;6.8;11;6.8
1976-11-27;6.9;11;6.9
1976-11-28;6.9;11;6.9
1976-11-29;6.3;11;6.3
1976-11-30;6.5;11;6.5
1976-12-01;9.3;12;9.3
1976-12-02;10.5;12;10.5
1976-12-03;12.6;12;12.6
1976-12-04;22.0;12;22.0
1976-12-05;21.5;12;21.5
1976-12-06;10.9;12;10.9
1976-12-07;8.9;12;8.9
1976-12-08;8.6;12;8.6
1976-12-09;8.9;12;8.9
1976-12-10;9.4;12;9.4
1976-12-11;8.9;12;8.9
1976-12-12;7.7;12;7.7
1976-12-13;6.7;12;6.7
1976-12-14;6.2;12;6.2
1976-12-15;6.2;12;6.2
1976-12-16;6.8;12;6.8
1976-12-17;6.3;12;6.3
1976-12-18;6.4;12;6.4
1976-12-19;6.2;12;6.2
1976-12-20;6.0;12;6.0
1976-12-21;7.6;12;7.6
1976-12-22;14.7;12;14.7
1976-12-23;8.9;12;8.9
1976-12-24;6.4;12;6.4
1976-12-25;5.4;12;5.4
1976-12-26;5.0;12;5.0
1976-12-27;4.7;12;4.7
1976-12-28;4.5;12;4.5
1976-12-29;4.4;12;4.4
1976-12-30;4.3;12;4.3
1976-12-31;4.2;12;4.2
1977-01-01;4.3;1;4.3
1977-01-02;4.5;1;4.5
1977-01-03;4.2;1;4.2
1977-01-04;4.3;1;4.3
1977-01-05;4.2;1;4.2
1977-01-06;4.3;1;4.3
1977-01-07;4.3;1;4.3
1977-01-08;4.2;1;4.2
1977-01-09;4.1;1;4.1
1977-01-10;3.7;1;3.7
1977-01-11;3.2;1;3.2
1977-01-12;3.0;1;3.0
1977-01-13;2.8;1;2.8
1977-01-14;2.7;1;2.7
1977-01-15;2.7;1;2.7
1977-01-16;2.7;1;2.7
1977-01-17;2.4;1;2.4
1977-01-18;2.1;1;2.1
1977-01-19;2.1;1;2.1
1977-01-20;2.4;1;2.4
1977-01-21;2.1;1;2.1
1977-01-22;2.5;1;2.5
1977-01-23;2.5;1;2.5
1977-01-24;2.1;1;2.1
1977-01-25;2.2;1;2.2
1977-01-26;2.4;1;2.4
1977-01-27;2.1;1;2.1
1977-01-28;2.1;1;2.1
1977-01-29;2.2;1;2.2
1977-01-30;1.9;1;1.9
1977-01-31;1.8;1;1.8
1977-02-01;2.1;2;2.1
1977-02-02;2.2;2;2.2
1977-02-03;2.2;2;2.2
1977-02-04;1.9;2;1.9
1977-02-05;1.9;2;1.9
1977-02-06;1.9;2;1.9
1977-02-07;1.6;2;1.6
1977-02-08;1.6;2;1.6
1977-02-09;1.5;2;1.5
1977-02-10;1.5;2;1.5
1977-02-11;1.4;2;1.4
1977-02-12;1.6;2;1.6
1977-02-13;2.9;2;2.9
1977-02-14;2.8;2;2.8
1977-02-15;2.5;2;2.5
1977-02-16;2.9;2;2.9
1977-02-17;5.3;2;5.3
1977-02-18;5.7;2;5.7
1977-02-19;4.0;2;4.0
1977-02-20;3.1;2;3.1
1977-02-21;2.8;2;2.8
1977-02-22;2.8;2;2.8
1977-02-23;2.5;2;2.5
1977-02-24;2.4;2;2.4
1977-02-25;2.1;2;2.1
1977-02-26;2.1;2;2.1
1977-02-27;1.9;2;1.9
1977-02-28;1.8;2;1.8
1977-03-01;1.6;3;1.6
1977-03-02;1.6;3;1.6
1977-03-03;1.5;3;1.5
1977-03-04;1.6;3;1.6
1977-03-05;1.6;3;1.6
1977-03-06;1.5;3;1.5
1977-03-07;1.5;3;1.5
1977-03-08;1.5;3;1.5
1977-03-09;1.6;3;1.6
1977-03-10;1.8;3;1.8
1977-03-11;2.5;3;2.5
1977-03-12;2.4;3;2.4
1977-03-13;2.0;3;2.0
1977-03-14;1.9;3;1.9
1977-03-15;1.8;3;1.8
1977-03-16;2.1;3;2.1
1977-03-17;2.1;3;2.1
1977-03-18;2.7;3;2.7
1977-03-19;4.1;3;4.1
1977-03-20;3.2;3;3.2
1977-03-21;2.7;3;2.7
1977-03-22;2.5;3;2.5
1977-03-23;2.4;3;2.4
1977-03-24;2.4;3;2.4
1977-03-25;3.3;3;3.3
1977-03-26;4.6;3;4.6
1977-03-27;3.3;3;3.3
1977-03-28;4.5;3;4.5
1977-03-29;5.5;3;5.5
1977-03-30;4.8;3;4.8
1977-03-31;5.7;3;5.7
1977-04-01;6.0;4;6.0
1977-04-02;5.8;4;5.8
1977-04-03;4.3;4;4.3
1977-04-04;25.5;4;25.5
1977-04-05;16.8;4;16.8
1977-04-06;9.3;4;9.3
1977-04-07;10.0;4;10.0
1977-04-08;9.1;4;9.1
1977-04-09;9.3;4;9.3
1977-04-10;7.1;4;7.1
1977-04-11;5.8;4;5.8
1977-04-12;5.4;4;5.4
1977-04-13;5.9;4;5.9
1977-04-14;6.0;4;6.0
1977-04-15;7.5;4;7.5
1977-04-16;5.9;4;5.9
1977-04-17;6.0;4;6.0
1977-04-18;6.8;4;6.8
1977-04-19;7.7;4;7.7
1977-04-20;6.7;4;6.7
1977-04-21;5.0;4;5.0
1977-04-22;3.6;4;3.6
1977-04-23;4.2;4;4.2
1977-04-24;3.9;4;3.9
1977-04-25;4.2;4;4.2
1977-04-26;7.4;4;7.4
1977-04-27;11.9;4;11.9
1977-04-28;40.1;4;40.1
1977-04-29;39.7;4;39.7
1977-04-30;32.0;4;32.0
1977-05-01;20.9;5;20.9
1977-05-02;15.2;5;15.2
1977-05-03;12.1;5;12.1
1977-05-04;11.4;5;11.4
1977-05-05;11.7;5;11.7
1977-05-06;12.6;5;12.6
1977-05-07;10.7;5;10.7
1977-05-08;8.0;5;8.0
1977-05-09;7.0;5;7.0
1977-05-10;9.6;5;9.6
1977-05-11;13.7;5;13.7
1977-05-12;13.6;5;13.6
1977-05-13;11.1;5;11.1
1977-05-14;8.5;5;8.5
1977-05-15;11.3;5;11.3
1977-05-16;12.5;5;12.5
1977-05-17;22.9;5;22.9
1977-05-18;18.9;5;18.9
1977-05-19;21.5;5;21.5
1977-05-20;16.4;5;16.4
1977-05-21;12.9;5;12.9
1977-05-22;16.9;5;16.9
1977-05-23;16.0;5;16.0
1977-05-24;16.0;5;16.0
1977-05-25;15.9;5;15.9
1977-05-26;15.8;5;15.8
1977-05-27;15.7;5;15.7
1977-05-28;18.5;5;18.5
1977-05-29;16.6;5;16.6
1977-05-30;18.3;5;18.3
1977-05-31;14.9;5;14.9
1977-06-01;14.4;6;14.4
1977-06-02;21.0;6;21.0
1977-06-03;25.1;6;25.1
1977-06-04;15.2;6;15.2
1977-06-05;12.1;6;12.1
1977-06-06;10.5;6;10.5
1977-06-07;10.1;6;10.1
1977-06-08;20.6;6;20.6
1977-06-09;19.9;6;19.9
1977-06-10;18.0;6;18.0
1977-06-11;21.7;6;21.7
1977-06-12;50.8;6;50.8
1977-06-13;77.7;6;77.7
1977-06-14;43.0;6;43.0
1977-06-15;24.9;6;24.9
1977-06-16;17.3;6;17.3
1977-06-17;24.6;6;24.6
1977-06-18;19.5;6;19.5
1977-06-19;15.8;6;15.8
1977-06-20;14.2;6;14.2
1977-06-21;21.2;6;21.2
1977-06-22;20.6;6;20.6
1977-06-23;15.4;6;15.4
1977-06-24;13.7;6;13.7
1977-06-25;20.5;6;20.5
1977-06-26;17.2;6;17.2
1977-06-27;15.1;6;15.1
1977-06-28;12.9;6;12.9
1977-06-29;15.8;6;15.8
1977-06-30;14.1;6;14.1
1977-07-01;23.5;7;23.5
1977-07-02;33.7;7;33.7
1977-07-03;19.7;7;19.7
1977-07-04;18.0;7;18.0
1977-07-05;20.9;7;20.9
1977-07-06;15.8;7;15.8
1977-07-07;23.3;7;23.3
1977-07-08;25.1;7;25.1
1977-07-09;36.4;7;36.4
1977-07-10;49.7;7;49.7
1977-07-11;24.9;7;24.9
1977-07-12;22.0;7;22.0
1977-07-13;19.4;7;19.4
1977-07-14;34.9;7;34.9
1977-07-15;28.6;7;28.6
1977-07-16;38.5;7;38.5
1977-07-17;20.0;7;20.0
1977-07-18;14.5;7;14.5
1977-07-19;11.3;7;11.3
1977-07-20;10.3;7;10.3
1977-07-21;9.5;7;9.5
1977-07-22;8.2;7;8.2
1977-07-23;7.3;7;7.3
1977-07-24;14.4;7;14.4
1977-07-25;17.9;7;17.9
1977-07-26;12.2;7;12.2
1977-07-27;13.4;7;13.4
1977-07-28;37.7;7;37.7
1977-07-29;19.7;7;19.7
1977-07-30;13.8;7;13.8
1977-07-31;13.0;7;13.0
1977-08-01;8.6;8;8.6
1977-08-02;8.5;8;8.5
1977-08-03;8.9;8;8.9
1977-08-04;15.1;8;15.1
1977-08-05;15.2;8;15.2
1977-08-06;14.7;8;14.7
1977-08-07;14.9;8;14.9
1977-08-08;19.2;8;19.2
1977-08-09;18.8;8;18.8
1977-08-10;13.5;8;13.5
1977-08-11;12.2;8;12.2
1977-08-12;12.7;8;12.7
1977-08-13;13.2;8;13.2
1977-08-14;19.0;8;19.0
1977-08-15;12.5;8;12.5
1977-08-16;32.6;8;32.6
1977-08-17;23.2;8;23.2
1977-08-18;13.3;8;13.3
1977-08-19;10.3;8;10.3
1977-08-20;10.5;8;10.5
1977-08-21;33.9;8;33.9
1977-08-22;31.3;8;31.3
1977-08-23;14.6;8;14.6
1977-08-24;10.4;8;10.4
1977-08-25;8.9;8;8.9
1977-08-26;10.2;8;10.2
1977-08-27;11.7;8;11.7
1977-08-28;13.6;8;13.6
1977-08-29;11.5;8;11.5
1977-08-30;9.5;8;9.5
1977-08-31;9.9;8;9.9
1977-09-01;11.9;9;11.9
1977-09-02;17.4;9;17.4
1977-09-03;13.8;9;13.8
1977-09-04;11.2;9;11.2
1977-09-05;12.8;9;12.8
1977-09-06;12.3;9;12.3
1977-09-07;9.9;9;9.9
1977-09-08;12.3;9;12.3
1977-09-09;14.4;9;14.4
1977-09-10;26.0;9;26.0
1977-09-11;21.2;9;21.2
1977-09-12;11.4;9;11.4
1977-09-13;9.9;9;9.9
1977-09-14;8.5;9;8.5
1977-09-15;8.6;9;8.6
1977-09-16;8.6;9;8.6
1977-09-17;8.1;9;8.1
1977-09-18;7.3;9;7.3
1977-09-19;8.0;9;8.0
1977-09-20;8.7;9;8.7
1977-09-21;7.6;9;7.6
1977-09-22;10.8;9;10.8
1977-09-23;12.6;9;12.6
1977-09-24;12.6;9;12.6
1977-09-25;7.8;9;7.8
1977-09-26;8.9;9;8.9
1977-09-27;27.5;9;27.5
1977-09-28;46.6;9;46.6
1977-09-29;37.9;9;37.9
1977-09-30;28.8;9;28.8
1977-10-01;26.5;10;26.5
1977-10-02;29.0;10;29.0
1977-10-03;15.8;10;15.8
1977-10-04;11.8;10;11.8
1977-10-05;11.8;10;11.8
1977-10-06;13.1;10;13.1
1977-10-07;18.7;10;18.7
1977-10-08;19.4;10;19.4
1977-10-09;36.1;10;36.1
1977-10-10;55.6;10;55.6
1977-10-11;70.0;10;70.0
1977-10-12;36.1;10;36.1
1977-10-13;20.8;10;20.8
1977-10-14;15.6;10;15.6
1977-10-15;12.2;10;12.2
1977-10-16;12.2;10;12.2
1977-10-17;16.4;10;16.4
1977-10-18;54.3;10;54.3
1977-10-19;48.4;10;48.4
1977-10-20;35.0;10;35.0
1977-10-21;25.1;10;25.1
1977-10-22;15.6;10;15.6
1977-10-23;12.3;10;12.3
1977-10-24;13.2;10;13.2
1977-10-25;15.1;10;15.1
1977-10-26;11.1;10;11.1
1977-10-27;10.9;10;10.9
1977-10-28;43.9;10;43.9
1977-10-29;46.7;10;46.7
1977-10-30;29.9;10;29.9
1977-10-31;25.2;10;25.2
1977-11-01;26.3;11;26.3
1977-11-02;32.2;11;32.2
1977-11-03;51.1;11;51.1
1977-11-04;69.1;11;69.1
1977-11-05;42.0;11;42.0
1977-11-06;27.1;11;27.1
1977-11-07;53.9;11;53.9
1977-11-08;71.1;11;71.1
1977-11-09;40.9;11;40.9
1977-11-10;47.7;11;47.7
1977-11-11;64.1;11;64.1
1977-11-12;47.8;11;47.8
1977-11-13;46.1;11;46.1
1977-11-14;90.2;11;90.2
1977-11-15;76.0;11;76.0
1977-11-16;61.3;11;61.3
1977-11-17;41.5;11;41.5
1977-11-18;37.8;11;37.8
1977-11-19;24.0;11;24.0
1977-11-20;17.7;11;17.7
1977-11-21;14.7;11;14.7
1977-11-22;13.8;11;13.8
1977-11-23;15.0;11;15.0
1977-11-24;11.6;11;11.6
1977-11-25;10.1;11;10.1
1977-11-26;9.7;11;9.7
1977-11-27;9.8;11;9.8
1977-11-28;8.9;11;8.9
1977-11-29;8.0;11;8.0
1977-11-30;7.0;11;7.0
1977-12-01;6.3;12;6.3
1977-12-02;6.1;12;6.1
1977-12-03;6.6;12;6.6
1977-12-04;6.0;12;6.0
1977-12-05;5.9;12;5.9
1977-12-06;5.5;12;5.5
1977-12-07;6.2;12;6.2
1977-12-08;5.3;12;5.3
1977-12-09;5.0;12;5.0
1977-12-10;5.6;12;5.6
1977-12-11;9.2;12;9.2
1977-12-12;9.1;12;9.1
1977-12-13;12.6;12;12.6
1977-12-14;10.7;12;10.7
1977-12-15;7.7;12;7.7
1977-12-16;6.3;12;6.3
1977-12-17;5.5;12;5.5
1977-12-18;4.9;12;4.9
1977-12-19;4.6;12;4.6
1977-12-20;4.6;12;4.6
1977-12-21;4.6;12;4.6
1977-12-22;4.3;12;4.3
1977-12-23;4.2;12;4.2
1977-12-24;4.2;12;4.2
1977-12-25;4.1;12;4.1
1977-12-26;3.9;12;3.9
1977-12-27;3.8;12;3.8
1977-12-28;6.8;12;6.8
1977-12-29;7.5;12;7.5
1977-12-30;15.0;12;15.0
1977-12-31;10.8;12;10.8
1978-01-01;6.87;1;6.87
1978-01-02;5.64;1;5.64
1978-01-03;4.86;1;4.86
1978-01-04;4.44;1;4.44
1978-01-05;4.17;1;4.17
1978-01-06;3.99;1;3.99
1978-01-07;3.81;1;3.81
1978-01-08;3.79;1;3.79
1978-01-09;3.69;1;3.69
1978-01-10;6.95;1;6.95
1978-01-11;5.93;1;5.93
1978-01-12;4.44;1;4.44
1978-01-13;3.99;1;3.99
1978-01-14;3.81;1;3.81
1978-01-15;3.54;1;3.54
1978-01-16;3.27;1;3.27
1978-01-17;3.09;1;3.09
1978-01-18;3.0;1;3.0
1978-01-19;2.85;1;2.85
1978-01-20;2.7;1;2.7
1978-01-21;2.7;1;2.7
1978-01-22;2.7;1;2.7
1978-01-23;2.7;1;2.7
1978-01-24;2.62;1;2.62
1978-01-25;2.55;1;2.55
1978-01-26;2.55;1;2.55
1978-01-27;2.55;1;2.55
1978-01-28;2.55;1;2.55
1978-01-29;3.73;1;3.73
1978-01-30;3.25;1;3.25
1978-01-31;2.92;1;2.92
1978-02-01;2.97;2;2.97
1978-02-02;3.33;2;3.33
1978-02-03;4.33;2;4.33
1978-02-04;3.37;2;3.37
1978-02-05;2.85;2;2.85
1978-02-06;2.7;2;2.7
1978-02-07;2.83;2;2.83
1978-02-08;3.29;2;3.29
1978-02-09;7.78;2;7.78
1978-02-10;6.1;2;6.1
1978-02-11;4.11;2;4.11
1978-02-12;3.45;2;3.45
1978-02-13;3.09;2;3.09
1978-02-14;2.7;2;2.7
1978-02-15;2.55;2;2.55
1978-02-16;2.47;2;2.47
1978-02-17;2.32;2;2.32
1978-02-18;2.25;2;2.25
1978-02-19;2.25;2;2.25
1978-02-20;2.17;2;2.17
1978-02-21;2.02;2;2.02
1978-02-22;1.95;2;1.95
1978-02-23;1.95;2;1.95
1978-02-24;1.95;2;1.95
1978-02-25;1.95;2;1.95
1978-02-26;1.96;2;1.96
1978-02-27;2.81;2;2.81
1978-02-28;2.04;2;2.04
1978-03-01;2.1;3;2.1
1978-03-02;4.94;3;4.94
1978-03-03;3.73;3;3.73
1978-03-04;3.55;3;3.55
1978-03-05;7.62;3;7.62
1978-03-06;6.07;3;6.07
1978-03-07;4.16;3;4.16
1978-03-08;5.97;3;5.97
1978-03-09;7.93;3;7.93
1978-03-10;4.94;3;4.94
1978-03-11;4.0;3;4.0
1978-03-12;3.47;3;3.47
1978-03-13;2.93;3;2.93
1978-03-14;2.47;3;2.47
1978-03-15;2.32;3;2.32
1978-03-16;2.25;3;2.25
1978-03-17;2.17;3;2.17
1978-03-18;2.1;3;2.1
1978-03-19;2.1;3;2.1
1978-03-20;1.87;3;1.87
1978-03-21;1.8;3;1.8
1978-03-22;1.8;3;1.8
1978-03-23;2.02;3;2.02
1978-03-24;2.25;3;2.25
1978-03-25;2.4;3;2.4
1978-03-26;9.4;3;9.4
1978-03-27;6.74;3;6.74
1978-03-28;6.78;3;6.78
1978-03-29;20.15;3;20.15
1978-03-30;22.87;3;22.87
1978-03-31;66.5;3;66.5
1978-04-01;55.95;4;55.95
1978-04-02;49.75;4;49.75
1978-04-03;49.05;4;49.05
1978-04-04;38.5;4;38.5
1978-04-05;35.27;4;35.27
1978-04-06;70.5;4;70.5
1978-04-07;28.37;4;28.37
1978-04-08;19.02;4;19.02
1978-04-09;44.75;4;44.75
1978-04-10;44.4;4;44.4
1978-04-11;24.8;4;24.8
1978-04-12;19.8;4;19.8
1978-04-13;12.8;4;12.8
1978-04-14;13.15;4;13.15
1978-04-15;16.12;4;16.12
1978-04-16;31.12;4;31.12
1978-04-17;21.87;4;21.87
1978-04-18;92.2;4;92.2
1978-04-19;90.57;4;90.57
1978-04-20;69.75;4;69.75
1978-04-21;43.2;4;43.2
1978-04-22;42.87;4;42.87
1978-04-23;36.35;4;36.35
1978-04-24;31.4;4;31.4
1978-04-25;28.65;4;28.65
1978-04-26;36.07;4;36.07
1978-04-27;31.95;4;31.95
1978-04-28;25.9;4;25.9
1978-04-29;17.77;4;17.77
1978-04-30;13.5;4;13.5
1978-05-01;13.15;5;13.15
1978-05-02;13.85;5;13.85
1978-05-03;15.25;5;15.25
1978-05-04;15.25;5;15.25
1978-05-05;15.25;5;15.25
1978-05-06;13.85;5;13.85
1978-05-07;13.32;5;13.32
1978-05-08;14.9;5;14.9
1978-05-09;16.3;5;16.3
1978-05-10;25.9;5;25.9
1978-05-11;19.7;5;19.7
1978-05-12;18.12;5;18.12
1978-05-13;15.77;5;15.77
1978-05-14;15.42;5;15.42
1978-05-15;14.37;5;14.37
1978-05-16;12.45;5;12.45
1978-05-17;12.27;5;12.27
1978-05-18;17.15;5;17.15
1978-05-19;16.82;5;16.82
1978-05-20;15.77;5;15.77
1978-05-21;13.15;5;13.15
1978-05-22;10.35;5;10.35
1978-05-23;9.55;5;9.55
1978-05-24;9.1;5;9.1
1978-05-25;9.55;5;9.55
1978-05-26;15.6;5;15.6
1978-05-27;16.12;5;16.12
1978-05-28;17.67;5;17.67
1978-05-29;40.62;5;40.62
1978-05-30;32.22;5;32.22
1978-05-31;27.0;5;27.0
1978-06-01;48.7;6;48.7
1978-06-02;49.05;6;49.05
1978-06-03;46.25;6;46.25
1978-06-04;38.57;6;38.57
1978-06-05;24.8;6;24.8
1978-06-06;16.6;6;16.6
1978-06-07;18.37;6;18.37
1978-06-08;15.7;6;15.7
1978-06-09;14.55;6;14.55
1978-06-10;19.47;6;19.47
1978-06-11;21.05;6;21.05
1978-06-12;20.37;6;20.37
1978-06-13;35.52;6;35.52
1978-06-14;21.77;6;21.77
1978-06-15;33.0;6;33.0
1978-06-16;75.17;6;75.17
1978-06-17;33.87;6;33.87
1978-06-18;20.15;6;20.15
1978-06-19;15.6;6;15.6
1978-06-20;17.45;6;17.45
1978-06-21;26.45;6;26.45
1978-06-22;23.15;6;23.15
1978-06-23;17.45;6;17.45
1978-06-24;23.12;6;23.12
1978-06-25;24.8;6;24.8
1978-06-26;21.05;6;21.05
1978-06-27;17.77;6;17.77
1978-06-28;18.12;6;18.12
1978-06-29;15.77;6;15.77
1978-06-30;13.32;6;13.32
1978-07-01;41.62;7;41.62
1978-07-02;29.75;7;29.75
1978-07-03;21.5;7;21.5
1978-07-04;20.37;7;20.37
1978-07-05;15.6;7;15.6
1978-07-06;11.92;7;11.92
1978-07-07;11.05;7;11.05
1978-07-08;12.27;7;12.27
1978-07-09;16.82;7;16.82
1978-07-10;16.82;7;16.82
1978-07-11;14.9;7;14.9
1978-07-12;12.62;7;12.62
1978-07-13;14.9;7;14.9
1978-07-14;26.72;7;26.72
1978-07-15;19.25;7;19.25
1978-07-16;9.1;7;9.1
1978-07-17;9.7;7;9.7
1978-07-18;14.37;7;14.37
1978-07-19;14.55;7;14.55
1978-07-20;12.27;7;12.27
1978-07-21;8.95;7;8.95
1978-07-22;8.2;7;8.2
1978-07-23;6.34;7;6.34
1978-07-24;5.13;7;5.13
1978-07-25;4.44;7;4.44
1978-07-26;4.71;7;4.71
1978-07-27;5.24;7;5.24
1978-07-28;5.57;7;5.57
1978-07-29;5.68;7;5.68
1978-07-30;4.91;7;4.91
1978-07-31;5.68;7;5.68
1978-08-01;5.46;8;5.46
1978-08-02;6.67;8;6.67
1978-08-03;7.3;8;7.3
1978-08-04;7.19;8;7.19
1978-08-05;7.6;8;7.6
1978-08-06;9.7;8;9.7
1978-08-07;8.5;8;8.5
1978-08-08;8.05;8;8.05
1978-08-09;27.0;8;27.0
1978-08-10;22.32;8;22.32
1978-08-11;22.32;8;22.32
1978-08-12;12.16;8;12.16
1978-08-13;14.72;8;14.72
1978-08-14;31.35;8;31.35
1978-08-15;60.55;8;60.55
1978-08-16;32.6;8;32.6
1978-08-17;14.43;8;14.43
1978-08-18;10.5;8;10.5
1978-08-19;9.37;8;9.37
1978-08-20;15.78;8;15.78
1978-08-21;16.53;8;16.53
1978-08-22;15.2;8;15.2
1978-08-23;17.94;8;17.94
1978-08-24;16.09;8;16.09
1978-08-25;15.02;8;15.02
1978-08-26;11.24;8;11.24
1978-08-27;23.93;8;23.93
1978-08-28;14.8;8;14.8
1978-08-29;16.48;8;16.48
1978-08-30;44.05;8;44.05
1978-08-31;25.1;8;25.1
1978-09-01;15.46;9;15.46
1978-09-02;15.04;9;15.04
1978-09-03;15.4;9;15.4
1978-09-04;14.81;9;14.81
1978-09-05;11.57;9;11.57
1978-09-06;9.78;9;9.78
1978-09-07;9.61;9;9.61
1978-09-08;15.35;9;15.35
1978-09-09;18.24;9;18.24
1978-09-10;21.07;9;21.07
1978-09-11;16.93;9;16.93
1978-09-12;12.42;9;12.42
1978-09-13;11.12;9;11.12
1978-09-14;10.41;9;10.41
1978-09-15;11.68;9;11.68
1978-09-16;11.12;9;11.12
1978-09-17;9.09;9;9.09
1978-09-18;8.52;9;8.52
1978-09-19;8.46;9;8.46
1978-09-20;6.74;9;6.74
1978-09-21;6.14;9;6.14
1978-09-22;5.69;9;5.69
1978-09-23;6.61;9;6.61
1978-09-24;5.72;9;5.72
1978-09-25;8.24;9;8.24
1978-09-26;20.26;9;20.26
1978-09-27;62.71;9;62.71
1978-09-28;56.72;9;56.72
1978-09-29;24.6;9;24.6
1978-09-30;23.29;9;23.29
1978-10-01;28.62;10;28.62
1978-10-02;22.86;10;22.86
1978-10-03;16.03;10;16.03
1978-10-04;13.88;10;13.88
1978-10-05;10.29;10;10.29
1978-10-06;9.24;10;9.24
1978-10-07;8.96;10;8.96
1978-10-08;13.83;10;13.83
1978-10-09;13.57;10;13.57
1978-10-10;15.41;10;15.41
1978-10-11;12.24;10;12.24
1978-10-12;9.65;10;9.65
1978-10-13;12.6;10;12.6
1978-10-14;17.17;10;17.17
1978-10-15;47.9;10;47.9
1978-10-16;30.7;10;30.7
1978-10-17;34.66;10;34.66
1978-10-18;29.57;10;29.57
1978-10-19;51.23;10;51.23
1978-10-20;36.17;10;36.17
1978-10-21;25.5;10;25.5
1978-10-22;20.32;10;20.32
1978-10-23;34.91;10;34.91
1978-10-24;29.02;10;29.02
1978-10-25;28.36;10;28.36
1978-10-26;27.34;10;27.34
1978-10-27;51.2;10;51.2
1978-10-28;27.67;10;27.67
1978-10-29;17.71;10;17.71
1978-10-30;13.01;10;13.01
1978-10-31;11.71;10;11.71
1978-11-01;10.69;11;10.69
1978-11-02;9.78;11;9.78
1978-11-03;8.84;11;8.84
1978-11-04;8.01;11;8.01
1978-11-05;7.66;11;7.66
1978-11-06;7.26;11;7.26
1978-11-07;7.04;11;7.04
1978-11-08;7.05;11;7.05
1978-11-09;19.28;11;19.28
1978-11-10;29.96;11;29.96
1978-11-11;37.24;11;37.24
1978-11-12;29.07;11;29.07
1978-11-13;21.57;11;21.57
1978-11-14;31.16;11;31.16
1978-11-15;40.87;11;40.87
1978-11-16;39.8;11;39.8
1978-11-17;31.95;11;31.95
1978-11-18;48.97;11;48.97
1978-11-19;22.45;11;22.45
1978-11-20;14.9;11;14.9
1978-11-21;13.08;11;13.08
1978-11-22;12.34;11;12.34
1978-11-23;10.29;11;10.29
1978-11-24;16.99;11;16.99
1978-11-25;15.86;11;15.86
1978-11-26;13.25;11;13.25
1978-11-27;10.9;11;10.9
1978-11-28;8.78;11;8.78
1978-11-29;9.15;11;9.15
1978-11-30;10.11;11;10.11
1978-12-01;16.84;12;16.84
1978-12-02;50.55;12;50.55
1978-12-03;20.6;12;20.6
1978-12-04;59.57;12;59.57
1978-12-05;50.49;12;50.49
1978-12-06;27.71;12;27.71
1978-12-07;16.79;12;16.79
1978-12-08;15.65;12;15.65
1978-12-09;16.75;12;16.75
1978-12-10;23.88;12;23.88
1978-12-11;15.5;12;15.5
1978-12-12;16.06;12;16.06
1978-12-13;12.52;12;12.52
1978-12-14;36.66;12;36.66
1978-12-15;34.33;12;34.33
1978-12-16;17.26;12;17.26
1978-12-17;12.49;12;12.49
1978-12-18;16.12;12;16.12
1978-12-19;13.67;12;13.67
1978-12-20;14.37;12;14.37
1978-12-21;11.92;12;11.92
1978-12-22;10.35;12;10.35
1978-12-23;9.85;12;9.85
1978-12-24;10.35;12;10.35
1978-12-25;8.8;12;8.8
1978-12-26;7.75;12;7.75
1978-12-27;8.35;12;8.35
1978-12-28;9.25;12;9.25
1978-12-29;8.8;12;8.8
1978-12-30;7.6;12;7.6
1978-12-31;7.15;12;7.15
1979-01-01;2.9;1;2.9
1979-01-02;2.6;1;2.6
1979-01-03;2.5;1;2.5
1979-01-04;2.4;1;2.4
1979-01-05;2.4;1;2.4
1979-01-06;2.3;1;2.3
1979-01-07;2.2;1;2.2
1979-01-08;2.1;1;2.1
1979-01-09;2.1;1;2.1
1979-01-10;2.1;1;2.1
1979-01-11;2.1;1;2.1
1979-01-12;2.0;1;2.0
1979-01-13;2.0;1;2.0
1979-01-14;2.1;1;2.1
1979-01-15;2.0;1;2.0
1979-01-16;1.8;1;1.8
1979-01-17;1.7;1;1.7
1979-01-18;1.7;1;1.7
1979-01-19;1.7;1;1.7
1979-01-20;1.6;1;1.6
1979-01-21;1.7;1;1.7
1979-01-22;1.7;1;1.7
1979-01-23;1.6;1;1.6
1979-01-24;1.5;1;1.5
1979-01-25;1.6;1;1.6
1979-01-26;1.6;1;1.6
1979-01-27;1.7;1;1.7
1979-01-28;1.7;1;1.7
1979-01-29;2.1;1;2.1
1979-01-30;1.8;1;1.8
1979-01-31;1.7;1;1.7
1979-02-01;1.7;2;1.7
1979-02-02;1.8;2;1.8
1979-02-03;1.7;2;1.7
1979-02-04;1.5;2;1.5
1979-02-05;1.5;2;1.5
1979-02-06;1.4;2;1.4
1979-02-07;1.4;2;1.4
1979-02-08;1.4;2;1.4
1979-02-09;1.4;2;1.4
1979-02-10;1.4;2;1.4
1979-02-11;1.4;2;1.4
1979-02-12;1.4;2;1.4
1979-02-13;1.4;2;1.4
1979-02-14;1.3;2;1.3
1979-02-15;1.4;2;1.4
1979-02-16;1.4;2;1.4
1979-02-17;1.4;2;1.4
1979-02-18;1.6;2;1.6
1979-02-19;1.4;2;1.4
1979-02-20;1.4;2;1.4
1979-02-21;1.3;2;1.3
1979-02-22;1.3;2;1.3
1979-02-23;1.3;2;1.3
1979-02-24;1.3;2;1.3
1979-02-25;1.4;2;1.4
1979-02-26;1.6;2;1.6
1979-02-27;1.4;2;1.4
1979-02-28;1.7;2;1.7
1979-03-01;3.1;3;3.1
1979-03-02;8.6;3;8.6
1979-03-03;3.7;3;3.7
1979-03-04;2.6;3;2.6
1979-03-05;4.3;3;4.3
1979-03-06;71.4;3;71.4
1979-03-07;9.1;3;9.1
1979-03-08;4.1;3;4.1
1979-03-09;3.1;3;3.1
1979-03-10;2.5;3;2.5
1979-03-11;2.1;3;2.1
1979-03-12;1.9;3;1.9
1979-03-13;1.8;3;1.8
1979-03-14;1.8;3;1.8
1979-03-15;1.8;3;1.8
1979-03-16;1.9;3;1.9
1979-03-17;1.8;3;1.8
1979-03-18;4.1;3;4.1
1979-03-19;2.9;3;2.9
1979-03-20;3.0;3;3.0
1979-03-21;5.1;3;5.1
1979-03-22;4.6;3;4.6
1979-03-23;8.7;3;8.7
1979-03-24;20.5;3;20.5
1979-03-25;5.4;3;5.4
1979-03-26;3.7;3;3.7
1979-03-27;3.0;3;3.0
1979-03-28;7.4;3;7.4
1979-03-29;2.7;3;2.7
1979-03-30;2.2;3;2.2
1979-03-31;2.0;3;2.0
1979-04-01;2.1;4;2.1
1979-04-02;2.1;4;2.1
1979-04-03;1.8;4;1.8
1979-04-04;1.8;4;1.8
1979-04-05;1.9;4;1.9
1979-04-06;2.0;4;2.0
1979-04-07;3.3;4;3.3
1979-04-08;4.5;4;4.5
1979-04-09;3.1;4;3.1
1979-04-10;2.4;4;2.4
1979-04-11;2.9;4;2.9
1979-04-12;2.9;4;2.9
1979-04-13;4.2;4;4.2
1979-04-14;4.0;4;4.0
1979-04-15;3.3;4;3.3
1979-04-16;3.9;4;3.9
1979-04-17;5.1;4;5.1
1979-04-18;5.8;4;5.8
1979-04-19;8.8;4;8.8
1979-04-20;7.0;4;7.0
1979-04-21;7.7;4;7.7
1979-04-22;15.2;4;15.2
1979-04-23;655.0;4;655.0
1979-04-24;307.5;4;307.5
1979-04-25;208.7;4;208.7
1979-04-26;174.0;4;174.0
1979-04-27;95.0;4;95.0
1979-04-28;46.0;4;46.0
1979-04-29;41.0;4;41.0
1979-04-30;30.8;4;30.8
1979-05-01;5.6;5;5.6
1979-05-02;5.9;5;5.9
1979-05-03;4.1;5;4.1
1979-05-04;3.6;5;3.6
1979-05-05;2.9;5;2.9
1979-05-06;2.5;5;2.5
1979-05-07;2.7;5;2.7
1979-05-08;2.4;5;2.4
1979-05-09;2.8;5;2.8
1979-05-10;4.4;5;4.4
1979-05-11;23.3;5;23.3
1979-05-12;31.4;5;31.4
1979-05-13;29.1;5;29.1
1979-05-14;23.9;5;23.9
1979-05-15;20.0;5;20.0
1979-05-16;17.6;5;17.6
1979-05-17;12.5;5;12.5
1979-05-18;7.0;5;7.0
1979-05-19;6.0;5;6.0
1979-05-20;4.7;5;4.7
1979-05-21;5.7;5;5.7
1979-05-22;4.7;5;4.7
1979-05-23;4.1;5;4.1
1979-05-24;5.2;5;5.2
1979-05-25;6.5;5;6.5
1979-05-26;200.0;5;200.0
1979-05-27;235.0;5;235.0
1979-05-28;142.0;5;142.0
1979-05-29;82.5;5;82.5
1979-05-30;67.5;5;67.5
1979-05-31;55.2;5;55.2
1979-06-01;67.5;6;67.5
1979-06-02;73.5;6;73.5
1979-06-03;71.5;6;71.5
1979-06-04;81.7;6;81.7
1979-06-05;101.0;6;101.0
1979-06-06;95.5;6;95.5
1979-06-07;73.0;6;73.0
1979-06-08;54.2;6;54.2
1979-06-09;29.5;6;29.5
1979-06-10;25.8;6;25.8
1979-06-11;35.1;6;35.1
1979-06-12;46.5;6;46.5
1979-06-13;73.0;6;73.0
1979-06-14;58.2;6;58.2
1979-06-15;66.5;6;66.5
1979-06-16;201.2;6;201.2
1979-06-17;124.6;6;124.6
1979-06-18;97.7;6;97.7
1979-06-19;47.6;6;47.6
1979-06-20;8.9;6;8.9
1979-06-21;8.1;6;8.1
1979-06-22;34.0;6;34.0
1979-06-23;31.8;6;31.8
1979-06-24;18.2;6;18.2
1979-06-25;20.1;6;20.1
1979-06-26;28.2;6;28.2
1979-06-27;17.6;6;17.6
1979-06-28;17.8;6;17.8
1979-06-29;15.2;6;15.2
1979-06-30;11.2;6;11.2
1979-07-01;10.3;7;10.3
1979-07-02;7.4;7;7.4
1979-07-03;7.3;7;7.3
1979-07-04;7.0;7;7.0
1979-07-05;6.5;7;6.5
1979-07-06;7.4;7;7.4
1979-07-07;9.2;7;9.2
1979-07-08;7.1;7;7.1
1979-07-09;5.8;7;5.8
1979-07-10;6.1;7;6.1
1979-07-11;5.1;7;5.1
1979-07-12;6.4;7;6.4
1979-07-13;6.0;7;6.0
1979-07-14;9.9;7;9.9
1979-07-15;12.3;7;12.3
1979-07-16;25.8;7;25.8
1979-07-17;21.1;7;21.1
1979-07-18;13.8;7;13.8
1979-07-19;10.2;7;10.2
1979-07-20;8.0;7;8.0
1979-07-21;7.8;7;7.8
1979-07-22;21.2;7;21.2
1979-07-23;15.2;7;15.2
1979-07-24;9.0;7;9.0
1979-07-25;7.3;7;7.3
1979-07-26;6.7;7;6.7
1979-07-27;8.2;7;8.2
1979-07-28;6.5;7;6.5
1979-07-29;8.4;7;8.4
1979-07-30;7.7;7;7.7
1979-07-31;7.0;7;7.0
1979-08-01;6.6;8;6.6
1979-08-02;13.2;8;13.2
1979-08-03;12.3;8;12.3
1979-08-04;11.8;8;11.8
1979-08-05;8.9;8;8.9
1979-08-06;13.4;8;13.4
1979-08-07;11.2;8;11.2
1979-08-08;8.9;8;8.9
1979-08-09;7.8;8;7.8
1979-08-10;6.5;8;6.5
1979-08-11;6.7;8;6.7
1979-08-12;7.1;8;7.1
1979-08-13;6.6;8;6.6
1979-08-14;6.5;8;6.5
1979-08-15;5.6;8;5.6
1979-08-16;5.1;8;5.1
1979-08-17;5.7;8;5.7
1979-08-18;6.0;8;6.0
1979-08-19;7.0;8;7.0
1979-08-20;6.5;8;6.5
1979-08-21;11.4;8;11.4
1979-08-22;8.9;8;8.9
1979-08-23;9.5;8;9.5
1979-08-24;18.7;8;18.7
1979-08-25;28.0;8;28.0
1979-08-26;28.5;8;28.5
1979-08-27;16.2;8;16.2
1979-08-28;43.5;8;43.5
1979-08-29;32.2;8;32.2
1979-08-30;33.1;8;33.1
1979-08-31;16.7;8;16.7
1979-09-01;14.5;9;14.5
1979-09-02;15.2;9;15.2
1979-09-03;19.2;9;19.2
1979-09-04;16.9;9;16.9
1979-09-05;23.3;9;23.3
1979-09-06;19.5;9;19.5
1979-09-07;14.3;9;14.3
1979-09-08;12.6;9;12.6
1979-09-09;12.3;9;12.3
1979-09-10;11.8;9;11.8
1979-09-11;10.4;9;10.4
1979-09-12;8.0;9;8.0
1979-09-13;8.1;9;8.1
1979-09-14;9.6;9;9.6
1979-09-15;16.4;9;16.4
1979-09-16;15.2;9;15.2
1979-09-17;11.1;9;11.1
1979-09-18;29.6;9;29.6
1979-09-19;24.3;9;24.3
1979-09-20;14.1;9;14.1
1979-09-21;10.0;9;10.0
1979-09-22;8.8;9;8.8
1979-09-23;9.6;9;9.6
1979-09-24;17.4;9;17.4
1979-09-25;15.6;9;15.6
1979-09-26;20.3;9;20.3
1979-09-27;8.7;9;8.7
1979-09-28;8.2;9;8.2
1979-09-29;7.0;9;7.0
1979-09-30;6.4;9;6.4
1979-10-01;6.4;10;6.4
1979-10-02;6.2;10;6.2
1979-10-03;7.2;10;7.2
1979-10-04;5.9;10;5.9
1979-10-05;7.5;10;7.5
1979-10-06;8.4;10;8.4
1979-10-07;10.6;10;10.6
1979-10-08;7.4;10;7.4
1979-10-09;7.3;10;7.3
1979-10-10;7.3;10;7.3
1979-10-11;7.6;10;7.6
1979-10-12;14.2;10;14.2
1979-10-13;17.1;10;17.1
1979-10-14;23.2;10;23.2
1979-10-15;22.8;10;22.8
1979-10-16;26.6;10;26.6
1979-10-17;56.3;10;56.3
1979-10-18;51.1;10;51.1
1979-10-19;126.0;10;126.0
1979-10-20;63.3;10;63.3
1979-10-21;37.8;10;37.8
1979-10-22;52.4;10;52.4
1979-10-23;172.7;10;172.7
1979-10-24;35.5;10;35.5
1979-10-25;27.4;10;27.4
1979-10-26;46.7;10;46.7
1979-10-27;87.6;10;87.6
1979-10-28;144.2;10;144.2
1979-10-29;250.4;10;250.4
1979-10-30;58.9;10;58.9
1979-10-31;24.1;10;24.1
1979-11-01;16.7;11;16.7
1979-11-02;13.9;11;13.9
1979-11-03;14.1;11;14.1
1979-11-04;10.9;11;10.9
1979-11-05;11.4;11;11.4
1979-11-06;47.3;11;47.3
1979-11-07;53.2;11;53.2
1979-11-08;56.3;11;56.3
1979-11-09;47.3;11;47.3
1979-11-10;47.5;11;47.5
1979-11-11;47.0;11;47.0
1979-11-12;51.7;11;51.7
1979-11-13;31.7;11;31.7
1979-11-14;59.9;11;59.9
1979-11-15;186.2;11;186.2
1979-11-16;248.4;11;248.4
1979-11-17;95.7;11;95.7
1979-11-18;33.1;11;33.1
1979-11-19;19.5;11;19.5
1979-11-20;16.0;11;16.0
1979-11-21;38.7;11;38.7
1979-11-22;15.7;11;15.7
1979-11-23;15.7;11;15.7
1979-11-24;28.4;11;28.4
1979-11-25;16.8;11;16.8
1979-11-26;83.0;11;83.0
1979-11-27;30.4;11;30.4
1979-11-28;21.5;11;21.5
1979-11-29;16.0;11;16.0
1979-11-30;13.6;11;13.6
1979-12-01;14.6;12;14.6
1979-12-02;12.4;12;12.4
1979-12-03;10.6;12;10.6
1979-12-04;9.8;12;9.8
1979-12-05;9.0;12;9.0
1979-12-06;8.5;12;8.5
1979-12-07;9.0;12;9.0
1979-12-08;9.5;12;9.5
1979-12-09;8.1;12;8.1
1979-12-10;7.8;12;7.8
1979-12-11;8.1;12;8.1
1979-12-12;7.5;12;7.5
1979-12-13;7.0;12;7.0
1979-12-14;6.7;12;6.7
1979-12-15;6.9;12;6.9
1979-12-16;7.5;12;7.5
1979-12-17;10.1;12;10.1
1979-12-18;8.2;12;8.2
1979-12-19;14.1;12;14.1
1979-12-20;19.2;12;19.2
1979-12-21;11.0;12;11.0
1979-12-22;10.6;12;10.6
1979-12-23;70.8;12;70.8
1979-12-24;21.0;12;21.0
1979-12-25;13.9;12;13.9
1979-12-26;13.1;12;13.1
1979-12-27;9.9;12;9.9
1979-12-28;9.1;12;9.1
1979-12-29;8.4;12;8.4
1979-12-30;8.0;12;8.0
1979-12-31;8.1;12;8.1
1980-01-01;8.4;1;8.4
1980-01-02;9.6;1;9.6
1980-01-03;8.9;1;8.9
1980-01-04;7.8;1;7.8
1980-01-05;7.2;1;7.2
1980-01-06;6.9;1;6.9
1980-01-07;6.5;1;6.5
1980-01-08;6.2;1;6.2
1980-01-09;6.0;1;6.0
1980-01-10;5.9;1;5.9
1980-01-11;5.8;1;5.8
1980-01-12;6.6;1;6.6
1980-01-13;6.0;1;6.0
1980-01-14;5.7;1;5.7
1980-01-15;6.3;1;6.3
1980-01-16;6.6;1;6.6
1980-01-17;6.7;1;6.7
1980-01-18;6.3;1;6.3
1980-01-19;5.9;1;5.9
1980-01-20;5.9;1;5.9
1980-01-21;5.9;1;5.9
1980-01-22;5.6;1;5.6
1980-01-23;5.3;1;5.3
1980-01-24;5.2;1;5.2
1980-01-25;6.4;1;6.4
1980-01-26;5.4;1;5.4
1980-01-27;4.8;1;4.8
1980-01-28;4.6;1;4.6
1980-01-29;4.8;1;4.8
1980-01-30;5.9;1;5.9
1980-01-31;7.3;1;7.3
1980-02-01;25.1;2;25.1
1980-02-02;105.4;2;105.4
1980-02-03;171.6;2;171.6
1980-02-04;55.3;2;55.3
1980-02-05;22.0;2;22.0
1980-02-06;17.9;2;17.9
1980-02-07;14.5;2;14.5
1980-02-08;11.7;2;11.7
1980-02-09;9.6;2;9.6
1980-02-10;7.3;2;7.3
1980-02-11;5.8;2;5.8
1980-02-12;4.7;2;4.7
1980-02-13;4.4;2;4.4
1980-02-14;6.6;2;6.6
1980-02-15;6.6;2;6.6
1980-02-16;6.3;2;6.3
1980-02-17;5.8;2;5.8
1980-02-18;5.9;2;5.9
1980-02-19;6.0;2;6.0
1980-02-20;6.0;2;6.0
1980-02-21;8.9;2;8.9
1980-02-22;8.8;2;8.8
1980-02-23;6.3;2;6.3
1980-02-24;5.8;2;5.8
1980-02-25;5.2;2;5.2
1980-02-26;5.4;2;5.4
1980-02-27;5.8;2;5.8
1980-02-28;5.6;2;5.6
1980-02-29;4.8;2;4.8
1980-03-01;5.3;3;5.3
1980-03-02;5.7;3;5.7
1980-03-03;5.3;3;5.3
1980-03-04;6.3;3;6.3
1980-03-05;3.9;3;3.9
1980-03-06;3.2;3;3.2
1980-03-07;3.4;3;3.4
1980-03-08;2.9;3;2.9
1980-03-09;7.1;3;7.1
1980-03-10;4.5;3;4.5
1980-03-11;3.6;3;3.6
1980-03-12;3.0;3;3.0
1980-03-13;3.3;3;3.3
1980-03-14;3.0;3;3.0
1980-03-15;3.2;3;3.2
1980-03-16;3.4;3;3.4
1980-03-17;6.4;3;6.4
1980-03-18;5.7;3;5.7
1980-03-19;5.2;3;5.2
1980-03-20;4.3;3;4.3
1980-03-21;4.0;3;4.0
1980-03-22;2.3;3;2.3
1980-03-23;2.8;3;2.8
1980-03-24;2.8;3;2.8
1980-03-25;2.6;3;2.6
1980-03-26;2.4;3;2.4
1980-03-27;2.8;3;2.8
1980-03-28;2.9;3;2.9
1980-03-29;3.6;3;3.6
1980-03-30;4.8;3;4.8
1980-03-31;7.0;3;7.0
1980-04-01;5.6;4;5.6
1980-04-02;4.2;4;4.2
1980-04-03;3.9;4;3.9
1980-04-04;3.7;4;3.7
1980-04-05;5.3;4;5.3
1980-04-06;13.5;4;13.5
1980-04-07;11.5;4;11.5
1980-04-08;8.0;4;8.0
1980-04-09;13.5;4;13.5
1980-04-10;13.3;4;13.3
1980-04-11;8.5;4;8.5
1980-04-12;6.7;4;6.7
1980-04-13;6.5;4;6.5
1980-04-14;6.2;4;6.2
1980-04-15;13.1;4;13.1
1980-04-16;9.3;4;9.3
1980-04-17;8.5;4;8.5
1980-04-18;8.9;4;8.9
1980-04-19;21.9;4;21.9
1980-04-20;16.8;4;16.8
1980-04-21;16.0;4;16.0
1980-04-22;11.7;4;11.7
1980-04-23;10.0;4;10.0
1980-04-24;11.8;4;11.8
1980-04-25;18.1;4;18.1
1980-04-26;58.3;4;58.3
1980-04-27;21.7;4;21.7
1980-04-28;16.6;4;16.6
1980-04-29;16.1;4;16.1
1980-04-30;12.4;4;12.4
1980-05-01;13.1;5;13.1
1980-05-02;11.5;5;11.5
1980-05-03;8.8;5;8.8
1980-05-04;9.9;5;9.9
1980-05-05;8.9;5;8.9
1980-05-06;9.6;5;9.6
1980-05-07;8.8;5;8.8
1980-05-08;10.2;5;10.2
1980-05-09;11.1;5;11.1
1980-05-10;9.5;5;9.5
1980-05-11;12.8;5;12.8
1980-05-12;12.8;5;12.8
1980-05-13;8.6;5;8.6
1980-05-14;7.5;5;7.5
1980-05-15;7.0;5;7.0
1980-05-16;13.5;5;13.5
1980-05-17;9.6;5;9.6
1980-05-18;14.5;5;14.5
1980-05-19;24.2;5;24.2
1980-05-20;14.9;5;14.9
1980-05-21;12.2;5;12.2
1980-05-22;8.8;5;8.8
1980-05-23;9.3;5;9.3
1980-05-24;10.9;5;10.9
1980-05-25;14.8;5;14.8
1980-05-26;20.3;5;20.3
1980-05-27;20.8;5;20.8
1980-05-28;16.9;5;16.9
1980-05-29;10.9;5;10.9
1980-05-30;12.2;5;12.2
1980-05-31;10.1;5;10.1
1980-06-01;10.6;6;10.6
1980-06-02;53.9;6;53.9
1980-06-03;23.7;6;23.7
1980-06-04;22.3;6;22.3
1980-06-05;22.8;6;22.8
1980-06-06;17.9;6;17.9
1980-06-07;14.0;6;14.0
1980-06-08;22.8;6;22.8
1980-06-09;18.8;6;18.8
1980-06-10;47.2;6;47.2
1980-06-11;49.4;6;49.4
1980-06-12;45.9;6;45.9
1980-06-13;311.5;6;311.5
1980-06-14;43.6;6;43.6
1980-06-15;24.0;6;24.0
1980-06-16;18.6;6;18.6
1980-06-17;15.0;6;15.0
1980-06-18;17.2;6;17.2
1980-06-19;14.4;6;14.4
1980-06-20;13.4;6;13.4
1980-06-21;16.2;6;16.2
1980-06-22;14.6;6;14.6
1980-06-23;14.9;6;14.9
1980-06-24;11.3;6;11.3
1980-06-25;8.8;6;8.8
1980-06-26;12.4;6;12.4
1980-06-27;17.4;6;17.4
1980-06-28;20.8;6;20.8
1980-06-29;30.1;6;30.1
1980-06-30;25.9;6;25.9
1980-07-01;20.8;7;20.8
1980-07-02;18.6;7;18.6
1980-07-03;13.4;7;13.4
1980-07-04;11.1;7;11.1
1980-07-05;11.8;7;11.8
1980-07-06;25.0;7;25.0
1980-07-07;12.2;7;12.2
1980-07-08;12.0;7;12.0
1980-07-09;11.2;7;11.2
1980-07-10;11.4;7;11.4
1980-07-11;11.9;7;11.9
1980-07-12;8.0;7;8.0
1980-07-13;7.7;7;7.7
1980-07-14;7.0;7;7.0
1980-07-15;7.6;7;7.6
1980-07-16;8.9;7;8.9
1980-07-17;8.1;7;8.1
1980-07-18;9.6;7;9.6
1980-07-19;10.2;7;10.2
1980-07-20;8.5;7;8.5
1980-07-21;10.2;7;10.2
1980-07-22;19.8;7;19.8
1980-07-23;15.2;7;15.2
1980-07-24;13.2;7;13.2
1980-07-25;10.6;7;10.6
1980-07-26;9.9;7;9.9
1980-07-27;8.2;7;8.2
1980-07-28;7.5;7;7.5
1980-07-29;8.6;7;8.6
1980-07-30;7.0;7;7.0
1980-07-31;5.9;7;5.9
1980-08-01;7.8;8;7.8
1980-08-02;12.5;8;12.5
1980-08-03;11.7;8;11.7
1980-08-04;14.9;8;14.9
1980-08-05;25.5;8;25.5
1980-08-06;21.7;8;21.7
1980-08-07;12.9;8;12.9
1980-08-08;9.8;8;9.8
1980-08-09;8.8;8;8.8
1980-08-10;5.7;8;5.7
1980-08-11;7.0;8;7.0
1980-08-12;7.3;8;7.3
1980-08-13;6.2;8;6.2
1980-08-14;5.0;8;5.0
1980-08-15;4.4;8;4.4
1980-08-16;4.5;8;4.5
1980-08-17;4.9;8;4.9
1980-08-18;5.9;8;5.9
1980-08-19;11.4;8;11.4
1980-08-20;13.2;8;13.2
1980-08-21;15.8;8;15.8
1980-08-22;8.9;8;8.9
1980-08-23;27.7;8;27.7
1980-08-24;11.9;8;11.9
1980-08-25;8.3;8;8.3
1980-08-26;9.8;8;9.8
1980-08-27;19.6;8;19.6
1980-08-28;18.3;8;18.3
1980-08-29;13.5;8;13.5
1980-08-30;20.7;8;20.7
1980-08-31;12.7;8;12.7
1980-09-01;14.1;9;14.1
1980-09-02;16.9;9;16.9
1980-09-03;10.9;9;10.9
1980-09-04;9.3;9;9.3
1980-09-05;9.8;9;9.8
1980-09-06;15.6;9;15.6
1980-09-07;11.2;9;11.2
1980-09-08;8.9;9;8.9
1980-09-09;34.9;9;34.9
1980-09-10;22.0;9;22.0
1980-09-11;19.6;9;19.6
1980-09-12;13.2;9;13.2
1980-09-13;16.4;9;16.4
1980-09-14;9.9;9;9.9
1980-09-15;8.8;9;8.8
1980-09-16;7.7;9;7.7
1980-09-17;10.6;9;10.6
1980-09-18;15.9;9;15.9
1980-09-19;23.0;9;23.0
1980-09-20;18.3;9;18.3
1980-09-21;11.1;9;11.1
1980-09-22;8.6;9;8.6
1980-09-23;9.9;9;9.9
1980-09-24;7.6;9;7.6
1980-09-25;4.4;9;4.4
1980-09-26;6.2;9;6.2
1980-09-27;5.8;9;5.8
1980-09-28;12.0;9;12.0
1980-09-29;9.8;9;9.8
1980-09-30;14.3;9;14.3
1980-10-01;12.8;10;12.8
1980-10-02;13.6;10;13.6
1980-10-03;6.9;10;6.9
1980-10-04;11.9;10;11.9
1980-10-05;8.8;10;8.8
1980-10-06;45.7;10;45.7
1980-10-07;380.5;10;380.5
1980-10-08;175.5;10;175.5
1980-10-09;56.0;10;56.0
1980-10-10;33.5;10;33.5
1980-10-11;23.2;10;23.2
1980-10-12;26.7;10;26.7
1980-10-13;17.1;10;17.1
1980-10-14;12.2;10;12.2
1980-10-15;10.6;10;10.6
1980-10-16;9.9;10;9.9
1980-10-17;11.4;10;11.4
1980-10-18;24.6;10;24.6
1980-10-19;33.4;10;33.4
1980-10-20;30.1;10;30.1
1980-10-21;19.6;10;19.6
1980-10-22;12.7;10;12.7
1980-10-23;11.2;10;11.2
1980-10-24;10.1;10;10.1
1980-10-25;9.9;10;9.9
1980-10-26;8.9;10;8.9
1980-10-27;8.6;10;8.6
1980-10-28;7.8;10;7.8
1980-10-29;6.8;10;6.8
1980-10-30;5.9;10;5.9
1980-10-31;5.6;10;5.6
1980-11-01;5.3;11;5.3
1980-11-02;10.2;11;10.2
1980-11-03;7.5;11;7.5
1980-11-04;45.7;11;45.7
1980-11-05;33.5;11;33.5
1980-11-06;35.3;11;35.3
1980-11-07;23.3;11;23.3
1980-11-08;19.8;11;19.8
1980-11-09;15.6;11;15.6
1980-11-10;10.7;11;10.7
1980-11-11;8.9;11;8.9
1980-11-12;10.6;11;10.6
1980-11-13;11.2;11;11.2
1980-11-14;13.5;11;13.5
1980-11-15;14.3;11;14.3
1980-11-16;10.7;11;10.7
1980-11-17;8.9;11;8.9
1980-11-18;9.9;11;9.9
1980-11-19;16.9;11;16.9
1980-11-20;12.2;11;12.2
1980-11-21;10.4;11;10.4
1980-11-22;9.3;11;9.3
1980-11-23;7.5;11;7.5
1980-11-24;7.3;11;7.3
1980-11-25;9.8;11;9.8
1980-11-26;7.2;11;7.2
1980-11-27;6.9;11;6.9
1980-11-28;6.8;11;6.8
1980-11-29;6.0;11;6.0
1980-11-30;5.6;11;5.6
1980-12-01;5.8;12;5.8
1980-12-02;6.8;12;6.8
1980-12-03;6.3;12;6.3
1980-12-04;14.0;12;14.0
1980-12-05;12.5;12;12.5
1980-12-06;7.6;12;7.6
1980-12-07;7.0;12;7.0
1980-12-08;6.3;12;6.3
1980-12-09;6.8;12;6.8
1980-12-10;7.8;12;7.8
1980-12-11;5.9;12;5.9
1980-12-12;5.0;12;5.0
1980-12-13;5.1;12;5.1
1980-12-14;5.1;12;5.1
1980-12-15;5.8;12;5.8
1980-12-16;5.1;12;5.1
1980-12-17;5.9;12;5.9
1980-12-18;8.5;12;8.5
1980-12-19;6.4;12;6.4
1980-12-20;5.3;12;5.3
1980-12-21;4.8;12;4.8
1980-12-22;4.7;12;4.7
1980-12-23;4.4;12;4.4
1980-12-24;5.7;12;5.7
1980-12-25;7.4;12;7.4
1980-12-26;9.5;12;9.5
1980-12-27;9.3;12;9.3
1980-12-28;32.5;12;32.5
1980-12-29;18.4;12;18.4
1980-12-30;15.0;12;15.0
1980-12-31;22.7;12;22.7
1981-01-01;19.2;1;19.2
1981-01-02;15.4;1;15.4
1981-01-03;10.2;1;10.2
1981-01-04;7.6;1;7.6
1981-01-05;6.4;1;6.4
1981-01-06;5.6;1;5.6
1981-01-07;5.2;1;5.2
1981-01-08;5.0;1;5.0
1981-01-09;4.7;1;4.7
1981-01-10;4.4;1;4.4
1981-01-11;4.0;1;4.0
1981-01-12;3.6;1;3.6
1981-01-13;2.8;1;2.8
1981-01-14;2.6;1;2.6
1981-01-15;2.4;1;2.4
1981-01-16;2.2;1;2.2
1981-01-17;2.2;1;2.2
1981-01-18;2.2;1;2.2
1981-01-19;2.2;1;2.2
1981-01-20;2.2;1;2.2
1981-01-21;2.2;1;2.2
1981-01-22;2.1;1;2.1
1981-01-23;2.1;1;2.1
1981-01-24;2.1;1;2.1
1981-01-25;2.1;1;2.1
1981-01-26;2.1;1;2.1
1981-01-27;2.1;1;2.1
1981-01-28;2.1;1;2.1
1981-01-29;2.1;1;2.1
1981-01-30;2.1;1;2.1
1981-01-31;2.1;1;2.1
1981-02-01;2.1;2;2.1
1981-02-02;2.1;2;2.1
1981-02-03;2.1;2;2.1
1981-02-04;2.1;2;2.1
1981-02-05;2.1;2;2.1
1981-02-06;2.1;2;2.1
1981-02-07;2.1;2;2.1
1981-02-08;2.1;2;2.1
1981-02-09;2.1;2;2.1
1981-02-10;2.1;2;2.1
1981-02-11;2.1;2;2.1
1981-02-12;2.1;2;2.1
1981-02-13;2.1;2;2.1
1981-02-14;2.1;2;2.1
1981-02-15;5.6;2;5.6
1981-02-16;2.7;2;2.7
1981-02-17;5.7;2;5.7
1981-02-18;4.6;2;4.6
1981-02-19;2.4;2;2.4
1981-02-20;4.0;2;4.0
1981-02-21;6.9;2;6.9
1981-02-22;4.8;2;4.8
1981-02-23;6.3;2;6.3
1981-02-24;27.4;2;27.4
1981-02-25;12.4;2;12.4
1981-02-26;8.0;2;8.0
1981-02-27;5.4;2;5.4
1981-02-28;4.2;2;4.2
1981-03-01;4.2;3;4.2
1981-03-02;3.9;3;3.9
1981-03-03;12.9;3;12.9
1981-03-04;5.7;3;5.7
1981-03-05;4.4;3;4.4
1981-03-06;11.7;3;11.7
1981-03-07;16.4;3;16.4
1981-03-08;15.0;3;15.0
1981-03-09;7.6;3;7.6
1981-03-10;6.4;3;6.4
1981-03-11;7.7;3;7.7
1981-03-12;5.2;3;5.2
1981-03-13;4.2;3;4.2
1981-03-14;3.5;3;3.5
1981-03-15;4.1;3;4.1
1981-03-16;4.5;3;4.5
1981-03-17;3.5;3;3.5
1981-03-18;2.7;3;2.7
1981-03-19;2.2;3;2.2
1981-03-20;2.2;3;2.2
1981-03-21;2.2;3;2.2
1981-03-22;2.1;3;2.1
1981-03-23;2.1;3;2.1
1981-03-24;2.1;3;2.1
1981-03-25;2.1;3;2.1
1981-03-26;2.1;3;2.1
1981-03-27;2.1;3;2.1
1981-03-28;2.1;3;2.1
1981-03-29;2.1;3;2.1
1981-03-30;7.4;3;7.4
1981-03-31;3.3;3;3.3
1981-04-01;2.2;4;2.2
1981-04-02;2.2;4;2.2
1981-04-03;2.1;4;2.1
1981-04-04;2.1;4;2.1
1981-04-05;2.2;4;2.2
1981-04-06;10.2;4;10.2
1981-04-07;14.9;4;14.9
1981-04-08;11.2;4;11.2
1981-04-09;9.9;4;9.9
1981-04-10;8.9;4;8.9
1981-04-11;5.3;4;5.3
1981-04-12;4.5;4;4.5
1981-04-13;5.3;4;5.3
1981-04-14;43.7;4;43.7
1981-04-15;52.3;4;52.3
1981-04-16;62.1;4;62.1
1981-04-17;66.1;4;66.1
1981-04-18;149.9;4;149.9
1981-04-19;142.0;4;142.0
1981-04-20;48.1;4;48.1
1981-04-21;26.6;4;26.6
1981-04-22;22.2;4;22.2
1981-04-23;51.4;4;51.4
1981-04-24;63.6;4;63.6
1981-04-25;33.4;4;33.4
1981-04-26;19.8;4;19.8
1981-04-27;18.1;4;18.1
1981-04-28;14.0;4;14.0
1981-04-29;18.6;4;18.6
1981-04-30;33.6;4;33.6
1981-05-01;38.3;5;38.3
1981-05-02;38.4;5;38.4
1981-05-03;28.7;5;28.7
1981-05-04;27.7;5;27.7
1981-05-05;24.9;5;24.9
1981-05-06;131.1;5;131.1
1981-05-07;58.5;5;58.5
1981-05-08;195.7;5;195.7
1981-05-09;78.6;5;78.6
1981-05-10;72.0;5;72.0
1981-05-11;107.6;5;107.6
1981-05-12;79.5;5;79.5
1981-05-13;64.5;5;64.5
1981-05-14;51.4;5;51.4
1981-05-15;106.6;5;106.6
1981-05-16;58.0;5;58.0
1981-05-17;47.4;5;47.4
1981-05-18;31.5;5;31.5
1981-05-19;26.6;5;26.6
1981-05-20;22.4;5;22.4
1981-05-21;17.1;5;17.1
1981-05-22;16.2;5;16.2
1981-05-23;23.4;5;23.4
1981-05-24;20.0;5;20.0
1981-05-25;23.6;5;23.6
1981-05-26;31.8;5;31.8
1981-05-27;23.1;5;23.1
1981-05-28;20.0;5;20.0
1981-05-29;36.9;5;36.9
1981-05-30;142.0;5;142.0
1981-05-31;104.1;5;104.1
1981-06-01;62.7;6;62.7
1981-06-02;56.0;6;56.0
1981-06-03;33.5;6;33.5
1981-06-04;30.8;6;30.8
1981-06-05;21.5;6;21.5
1981-06-06;15.7;6;15.7
1981-06-07;13.2;6;13.2
1981-06-08;13.6;6;13.6
1981-06-09;15.0;6;15.0
1981-06-10;12.8;6;12.8
1981-06-11;22.5;6;22.5
1981-06-12;21.0;6;21.0
1981-06-13;21.0;6;21.0
1981-06-14;17.4;6;17.4
1981-06-15;15.0;6;15.0
1981-06-16;28.7;6;28.7
1981-06-17;36.8;6;36.8
1981-06-18;19.1;6;19.1
1981-06-19;14.5;6;14.5
1981-06-20;13.3;6;13.3
1981-06-21;46.6;6;46.6
1981-06-22;23.5;6;23.5
1981-06-23;25.4;6;25.4
1981-06-24;36.4;6;36.4
1981-06-25;36.0;6;36.0
1981-06-26;21.1;6;21.1
1981-06-27;21.7;6;21.7
1981-06-28;19.6;6;19.6
1981-06-29;17.9;6;17.9
1981-06-30;19.8;6;19.8
1981-07-01;21.9;7;21.9
1981-07-02;22.5;7;22.5
1981-07-03;33.1;7;33.1
1981-07-04;29.1;7;29.1
1981-07-05;27.3;7;27.3
1981-07-06;25.3;7;25.3
1981-07-07;20.3;7;20.3
1981-07-08;18.6;7;18.6
1981-07-09;17.6;7;17.6
1981-07-10;24.0;7;24.0
1981-07-11;23.9;7;23.9
1981-07-12;21.5;7;21.5
1981-07-13;16.4;7;16.4
1981-07-14;14.7;7;14.7
1981-07-15;19.1;7;19.1
1981-07-16;20.0;7;20.0
1981-07-17;26.6;7;26.6
1981-07-18;35.1;7;35.1
1981-07-19;24.5;7;24.5
1981-07-20;31.6;7;31.6
1981-07-21;30.1;7;30.1
1981-07-22;18.8;7;18.8
1981-07-23;15.3;7;15.3
1981-07-24;14.2;7;14.2
1981-07-25;12.9;7;12.9
1981-07-26;12.7;7;12.7
1981-07-27;12.4;7;12.4
1981-07-28;12.2;7;12.2
1981-07-29;12.2;7;12.2
1981-07-30;12.2;7;12.2
1981-07-31;8.5;7;8.5
1981-08-01;9.8;8;9.8
1981-08-02;13.0;8;13.0
1981-08-03;9.4;8;9.4
1981-08-04;8.1;8;8.1
1981-08-05;6.8;8;6.8
1981-08-06;6.0;8;6.0
1981-08-07;5.7;8;5.7
1981-08-08;6.4;8;6.4
1981-08-09;11.2;8;11.2
1981-08-10;7.2;8;7.2
1981-08-11;5.9;8;5.9
1981-08-12;5.6;8;5.6
1981-08-13;6.4;8;6.4
1981-08-14;8.3;8;8.3
1981-08-15;8.9;8;8.9
1981-08-16;6.2;8;6.2
1981-08-17;5.2;8;5.2
1981-08-18;5.0;8;5.0
1981-08-19;4.5;8;4.5
1981-08-20;5.0;8;5.0
1981-08-21;4.5;8;4.5
1981-08-22;5.2;8;5.2
1981-08-23;6.6;8;6.6
1981-08-24;22.7;8;22.7
1981-08-25;21.3;8;21.3
1981-08-26;24.6;8;24.6
1981-08-27;11.9;8;11.9
1981-08-28;14.1;8;14.1
1981-08-29;11.5;8;11.5
1981-08-30;19.1;8;19.1
1981-08-31;14.5;8;14.5
1981-09-01;19.3;9;19.3
1981-09-02;13.5;9;13.5
1981-09-03;14.7;9;14.7
1981-09-04;11.1;9;11.1
1981-09-05;9.9;9;9.9
1981-09-06;9.8;9;9.8
1981-09-07;10.2;9;10.2
1981-09-08;9.9;9;9.9
1981-09-09;10.4;9;10.4
1981-09-10;11.4;9;11.4
1981-09-11;10.4;9;10.4
1981-09-12;10.4;9;10.4
1981-09-13;10.6;9;10.6
1981-09-14;11.9;9;11.9
1981-09-15;12.4;9;12.4
1981-09-16;15.9;9;15.9
1981-09-17;9.8;9;9.8
1981-09-18;9.3;9;9.3
1981-09-19;14.5;9;14.5
1981-09-20;15.7;9;15.7
1981-09-21;16.7;9;16.7
1981-09-22;14.3;9;14.3
1981-09-23;8.8;9;8.8
1981-09-24;7.2;9;7.2
1981-09-25;8.8;9;8.8
1981-09-26;8.1;9;8.1
1981-09-27;8.0;9;8.0
1981-09-28;6.8;9;6.8
1981-09-29;5.9;9;5.9
1981-09-30;5.4;9;5.4
1981-10-01;5.0;10;5.0
1981-10-02;10.1;10;10.1
1981-10-03;6.9;10;6.9
1981-10-04;5.8;10;5.8
1981-10-05;6.0;10;6.0
1981-10-06;8.0;10;8.0
1981-10-07;20.3;10;20.3
1981-10-08;21.3;10;21.3
1981-10-09;17.6;10;17.6
1981-10-10;12.2;10;12.2
1981-10-11;11.9;10;11.9
1981-10-12;22.4;10;22.4
1981-10-13;31.1;10;31.1
1981-10-14;52.5;10;52.5
1981-10-15;37.1;10;37.1
1981-10-16;48.9;10;48.9
1981-10-17;36.3;10;36.3
1981-10-18;37.6;10;37.6
1981-10-19;21.7;10;21.7
1981-10-20;14.1;10;14.1
1981-10-21;11.2;10;11.2
1981-10-22;12.8;10;12.8
1981-10-23;15.4;10;15.4
1981-10-24;12.5;10;12.5
1981-10-25;13.5;10;13.5
1981-10-26;19.3;10;19.3
1981-10-27;19.3;10;19.3
1981-10-28;25.0;10;25.0
1981-10-29;37.1;10;37.1
1981-10-30;43.0;10;43.0
1981-10-31;29.8;10;29.8
1981-11-01;30.8;11;30.8
1981-11-02;21.8;11;21.8
1981-11-03;13.6;11;13.6
1981-11-04;13.8;11;13.8
1981-11-05;104.2;11;104.2
1981-11-06;22.1;11;22.1
1981-11-07;15.0;11;15.0
1981-11-08;13.3;11;13.3
1981-11-09;101.3;11;101.3
1981-11-10;24.5;11;24.5
1981-11-11;20.8;11;20.8
1981-11-12;20.3;11;20.3
1981-11-13;29.5;11;29.5
1981-11-14;43.3;11;43.3
1981-11-15;37.7;11;37.7
1981-11-16;30.8;11;30.8
1981-11-17;26.6;11;26.6
1981-11-18;19.6;11;19.6
1981-11-19;21.4;11;21.4
1981-11-20;27.1;11;27.1
1981-11-21;44.0;11;44.0
1981-11-22;25.3;11;25.3
1981-11-23;54.5;11;54.5
1981-11-24;37.9;11;37.9
1981-11-25;28.6;11;28.6
1981-11-26;21.6;11;21.6
1981-11-27;21.1;11;21.1
1981-11-28;39.3;11;39.3
1981-11-29;52.1;11;52.1
1981-11-30;36.9;11;36.9
1981-12-01;22.0;12;22.0
1981-12-02;18.4;12;18.4
1981-12-03;13.9;12;13.9
1981-12-04;12.8;12;12.8
1981-12-05;12.8;12;12.8
1981-12-06;23.8;12;23.8
1981-12-07;17.6;12;17.6
1981-12-08;11.9;12;11.9
1981-12-09;10.9;12;10.9
1981-12-10;8.8;12;8.8
1981-12-11;8.0;12;8.0
1981-12-12;7.5;12;7.5
1981-12-13;7.2;12;7.2
1981-12-14;7.0;12;7.0
1981-12-15;6.6;12;6.6
1981-12-16;6.2;12;6.2
1981-12-17;5.8;12;5.8
1981-12-18;5.3;12;5.3
1981-12-19;4.6;12;4.6
1981-12-20;8.1;12;8.1
1981-12-21;6.2;12;6.2
1981-12-22;9.4;12;9.4
1981-12-23;7.6;12;7.6
1981-12-24;6.0;12;6.0
1981-12-25;5.0;12;5.0
1981-12-26;8.5;12;8.5
1981-12-27;7.5;12;7.5
1981-12-28;6.0;12;6.0
1981-12-29;5.1;12;5.1
1981-12-30;4.6;12;4.6
1981-12-31;5.1;12;5.1
1982-01-01;31.2;1;31.2
1982-01-02;71.9;1;71.9
1982-01-03;57.5;1;57.5
1982-01-04;53.2;1;53.2
1982-01-05;53.3;1;53.3
1982-01-06;32.2;1;32.2
1982-01-07;20.6;1;20.6
1982-01-08;26.1;1;26.1
1982-01-09;15.0;1;15.0
1982-01-10;15.3;1;15.3
1982-01-11;10.6;1;10.6
1982-01-12;11.1;1;11.1
1982-01-13;8.2;1;8.2
1982-01-14;6.8;1;6.8
1982-01-15;6.1;1;6.1
1982-01-16;6.2;1;6.2
1982-01-17;5.3;1;5.3
1982-01-18;5.0;1;5.0
1982-01-19;4.4;1;4.4
1982-01-20;4.0;1;4.0
1982-01-21;3.8;1;3.8
1982-01-22;3.6;1;3.6
1982-01-23;3.4;1;3.4
1982-01-24;3.3;1;3.3
1982-01-25;3.1;1;3.1
1982-01-26;2.8;1;2.8
1982-01-27;5.4;1;5.4
1982-01-28;6.9;1;6.9
1982-01-29;5.4;1;5.4
1982-01-30;5.6;1;5.6
1982-01-31;4.8;1;4.8
1982-02-01;4.0;2;4.0
1982-02-02;3.7;2;3.7
1982-02-03;4.0;2;4.0
1982-02-04;6.3;2;6.3
1982-02-05;4.9;2;4.9
1982-02-06;5.3;2;5.3
1982-02-07;7.0;2;7.0
1982-02-08;8.5;2;8.5
1982-02-09;6.9;2;6.9
1982-02-10;8.4;2;8.4
1982-02-11;7.9;2;7.9
1982-02-12;8.0;2;8.0
1982-02-13;16.1;2;16.1
1982-02-14;17.3;2;17.3
1982-02-15;65.5;2;65.5
1982-02-16;17.5;2;17.5
1982-02-17;5.7;2;5.7
1982-02-18;8.2;2;8.2
1982-02-19;8.2;2;8.2
1982-02-20;7.4;2;7.4
1982-02-21;4.4;2;4.4
1982-02-22;17.2;2;17.2
1982-02-23;12.3;2;12.3
1982-02-24;10.8;2;10.8
1982-02-25;8.6;2;8.6
1982-02-26;7.7;2;7.7
1982-02-27;7.3;2;7.3
1982-02-28;9.0;2;9.0
1982-03-01;6.9;3;6.9
1982-03-02;5.6;3;5.6
1982-03-03;9.3;3;9.3
1982-03-04;5.8;3;5.8
1982-03-05;4.8;3;4.8
1982-03-06;4.4;3;4.4
1982-03-07;4.1;3;4.1
1982-03-08;4.9;3;4.9
1982-03-09;3.9;3;3.9
1982-03-10;3.7;3;3.7
1982-03-11;3.5;3;3.5
1982-03-12;6.2;3;6.2
1982-03-13;4.4;3;4.4
1982-03-14;4.0;3;4.0
1982-03-15;4.9;3;4.9
1982-03-16;27.6;3;27.6
1982-03-17;66.1;3;66.1
1982-03-18;50.0;3;50.0
1982-03-19;20.8;3;20.8
1982-03-20;39.3;3;39.3
1982-03-21;19.1;3;19.1
1982-03-22;12.3;3;12.3
1982-03-23;13.2;3;13.2
1982-03-24;14.4;3;14.4
1982-03-25;40.3;3;40.3
1982-03-26;20.0;3;20.0
1982-03-27;22.8;3;22.8
1982-03-28;74.3;3;74.3
1982-03-29;25.9;3;25.9
1982-03-30;17.6;3;17.6
1982-03-31;15.4;3;15.4
1982-04-01;15.6;4;15.6
1982-04-02;14.8;4;14.8
1982-04-03;20.1;4;20.1
1982-04-04;88.0;4;88.0
1982-04-05;57.3;4;57.3
1982-04-06;75.0;4;75.0
1982-04-07;84.8;4;84.8
1982-04-08;58.5;4;58.5
1982-04-09;98.2;4;98.2
1982-04-10;26.9;4;26.9
1982-04-11;80.7;4;80.7
1982-04-12;86.6;4;86.6
1982-04-13;55.2;4;55.2
1982-04-14;45.3;4;45.3
1982-04-15;30.4;4;30.4
1982-04-16;42.1;4;42.1
1982-04-17;45.3;4;45.3
1982-04-18;25.3;4;25.3
1982-04-19;56.1;4;56.1
1982-04-20;46.6;4;46.6
1982-04-21;29.2;4;29.2
1982-04-22;29.6;4;29.6
1982-04-23;30.1;4;30.1
1982-04-24;30.9;4;30.9
1982-04-25;22.3;4;22.3
1982-04-26;36.6;4;36.6
1982-04-27;37.7;4;37.7
1982-04-28;35.0;4;35.0
1982-04-29;27.8;4;27.8
1982-04-30;37.0;4;37.0
1982-05-01;81.2;5;81.2
1982-05-02;143.0;5;143.0
1982-05-03;72.7;5;72.7
1982-05-04;55.5;5;55.5
1982-05-05;37.4;5;37.4
1982-05-06;37.0;5;37.0
1982-05-07;35.9;5;35.9
1982-05-08;25.0;5;25.0
1982-05-09;25.1;5;25.1
1982-05-10;18.6;5;18.6
1982-05-11;17.2;5;17.2
1982-05-12;15.0;5;15.0
1982-05-13;11.6;5;11.6
1982-05-14;9.3;5;9.3
1982-05-15;10.0;5;10.0
1982-05-16;11.2;5;11.2
1982-05-17;11.9;5;11.9
1982-05-18;13.6;5;13.6
1982-05-19;30.4;5;30.4
1982-05-20;18.6;5;18.6
1982-05-21;62.0;5;62.0
1982-05-22;35.0;5;35.0
1982-05-23;41.2;5;41.2
1982-05-24;23.0;5;23.0
1982-05-25;18.1;5;18.1
1982-05-26;24.2;5;24.2
1982-05-27;26.7;5;26.7
1982-05-28;27.4;5;27.4
1982-05-29;35.1;5;35.1
1982-05-30;25.0;5;25.0
1982-05-31;39.1;5;39.1
1982-06-01;44.4;6;44.4
1982-06-02;22.2;6;22.2
1982-06-03;20.8;6;20.8
1982-06-04;16.5;6;16.5
1982-06-05;12.6;6;12.6
1982-06-06;15.0;6;15.0
1982-06-07;20.3;6;20.3
1982-06-08;20.8;6;20.8
1982-06-09;17.2;6;17.2
1982-06-10;12.6;6;12.6
1982-06-11;9.5;6;9.5
1982-06-12;9.8;6;9.8
1982-06-13;10.8;6;10.8
1982-06-14;8.2;6;8.2
1982-06-15;8.2;6;8.2
1982-06-16;6.8;6;6.8
1982-06-17;11.7;6;11.7
1982-06-18;12.6;6;12.6
1982-06-19;10.6;6;10.6
1982-06-20;10.4;6;10.4
1982-06-21;9.5;6;9.5
1982-06-22;12.0;6;12.0
1982-06-23;8.9;6;8.9
1982-06-24;7.7;6;7.7
1982-06-25;6.8;6;6.8
1982-06-26;6.1;6;6.1
1982-06-27;6.1;6;6.1
1982-06-28;6.3;6;6.3
1982-06-29;6.3;6;6.3
1982-06-30;6.1;6;6.1
1982-07-01;26.1;7;26.1
1982-07-02;111.7;7;111.7
1982-07-03;59.9;7;59.9
1982-07-04;26.7;7;26.7
1982-07-05;25.1;7;25.1
1982-07-06;16.1;7;16.1
1982-07-07;13.5;7;13.5
1982-07-08;12.7;7;12.7
1982-07-09;15.3;7;15.3
1982-07-10;9.6;7;9.6
1982-07-11;8.4;7;8.4
1982-07-12;12.2;7;12.2
1982-07-13;14.8;7;14.8
1982-07-14;8.9;7;8.9
1982-07-15;7.1;7;7.1
1982-07-16;6.3;7;6.3
1982-07-17;6.1;7;6.1
1982-07-18;14.8;7;14.8
1982-07-19;28.4;7;28.4
1982-07-20;22.7;7;22.7
1982-07-21;15.0;7;15.0
1982-07-22;28.0;7;28.0
1982-07-23;55.9;7;55.9
1982-07-24;20.5;7;20.5
1982-07-25;12.0;7;12.0
1982-07-26;9.4;7;9.4
1982-07-27;19.3;7;19.3
1982-07-28;49.0;7;49.0
1982-07-29;34.8;7;34.8
1982-07-30;36.9;7;36.9
1982-07-31;26.0;7;26.0
1982-08-01;16.8;8;16.8
1982-08-02;46.1;8;46.1
1982-08-03;23.0;8;23.0
1982-08-04;16.0;8;16.0
1982-08-05;11.0;8;11.0
1982-08-06;11.4;8;11.4
1982-08-07;14.6;8;14.6
1982-08-08;16.1;8;16.1
1982-08-09;10.0;8;10.0
1982-08-10;9.1;8;9.1
1982-08-11;8.2;8;8.2
1982-08-12;7.2;8;7.2
1982-08-13;6.6;8;6.6
1982-08-14;6.3;8;6.3
1982-08-15;6.5;8;6.5
1982-08-16;6.5;8;6.5
1982-08-17;6.5;8;6.5
1982-08-18;6.4;8;6.4
1982-08-19;10.0;8;10.0
1982-08-20;23.5;8;23.5
1982-08-21;17.9;8;17.9
1982-08-22;9.4;8;9.4
1982-08-23;7.4;8;7.4
1982-08-24;8.1;8;8.1
1982-08-25;10.3;8;10.3
1982-08-26;8.2;8;8.2
1982-08-27;6.9;8;6.9
1982-08-28;10.5;8;10.5
1982-08-29;9.3;8;9.3
1982-08-30;13.7;8;13.7
1982-08-31;16.0;8;16.0
1982-09-01;17.1;9;17.1
1982-09-02;12.7;9;12.7
1982-09-03;10.2;9;10.2
1982-09-04;10.3;9;10.3
1982-09-05;13.1;9;13.1
1982-09-06;17.9;9;17.9
1982-09-07;9.3;9;9.3
1982-09-08;7.4;9;7.4
1982-09-09;6.1;9;6.1
1982-09-10;5.8;9;5.8
1982-09-11;5.9;9;5.9
1982-09-12;6.1;9;6.1
1982-09-13;5.6;9;5.6
1982-09-14;5.3;9;5.3
1982-09-15;8.4;9;8.4
1982-09-16;5.7;9;5.7
1982-09-17;16.1;9;16.1
1982-09-18;13.0;9;13.0
1982-09-19;7.1;9;7.1
1982-09-20;5.8;9;5.8
1982-09-21;5.2;9;5.2
1982-09-22;4.7;9;4.7
1982-09-23;4.3;9;4.3
1982-09-24;4.6;9;4.6
1982-09-25;5.3;9;5.3
1982-09-26;8.6;9;8.6
1982-09-27;11.6;9;11.6
1982-09-28;16.5;9;16.5
1982-09-29;40.0;9;40.0
1982-09-30;14.3;9;14.3
1982-10-01;10.7;10;10.7
1982-10-02;7.4;10;7.4
1982-10-03;7.9;10;7.9
1982-10-04;7.3;10;7.3
1982-10-05;8.5;10;8.5
1982-10-06;14.3;10;14.3
1982-10-07;22.9;10;22.9
1982-10-08;27.9;10;27.9
1982-10-09;34.8;10;34.8
1982-10-10;100.2;10;100.2
1982-10-11;66.6;10;66.6
1982-10-12;24.5;10;24.5
1982-10-13;17.5;10;17.5
1982-10-14;15.3;10;15.3
1982-10-15;14.0;10;14.0
1982-10-16;10.2;10;10.2
1982-10-17;9.3;10;9.3
1982-10-18;14.6;10;14.6
1982-10-19;17.9;10;17.9
1982-10-20;40.3;10;40.3
1982-10-21;24.4;10;24.4
1982-10-22;54.5;10;54.5
1982-10-23;30.1;10;30.1
1982-10-24;58.8;10;58.8
1982-10-25;36.5;10;36.5
1982-10-26;20.2;10;20.2
1982-10-27;13.9;10;13.9
1982-10-28;42.0;10;42.0
1982-10-29;48.0;10;48.0
1982-10-30;56.4;10;56.4
1982-10-31;25.0;10;25.0
1982-11-01;17.2;11;17.2
1982-11-02;31.4;11;31.4
1982-11-03;94.7;11;94.7
1982-11-04;40.1;11;40.1
1982-11-05;24.6;11;24.6
1982-11-06;80.6;11;80.6
1982-11-07;45.7;11;45.7
1982-11-08;27.7;11;27.7
1982-11-09;17.5;11;17.5
1982-11-10;14.1;11;14.1
1982-11-11;17.2;11;17.2
1982-11-12;24.2;11;24.2
1982-11-13;23.2;11;23.2
1982-11-14;16.5;11;16.5
1982-11-15;18.8;11;18.8
1982-11-16;28.7;11;28.7
1982-11-17;18.9;11;18.9
1982-11-18;12.9;11;12.9
1982-11-19;18.2;11;18.2
1982-11-20;24.2;11;24.2
1982-11-21;40.9;11;40.9
1982-11-22;25.7;11;25.7
1982-11-23;39.0;11;39.0
1982-11-24;28.7;11;28.7
1982-11-25;15.9;11;15.9
1982-11-26;15.2;11;15.2
1982-11-27;15.3;11;15.3
1982-11-28;11.1;11;11.1
1982-11-29;10.9;11;10.9
1982-11-30;15.0;11;15.0
1982-12-01;13.6;12;13.6
1982-12-02;11.3;12;11.3
1982-12-03;11.0;12;11.0
1982-12-04;11.2;12;11.2
1982-12-05;10.2;12;10.2
1982-12-06;16.8;12;16.8
1982-12-07;26.8;12;26.8
1982-12-08;23.1;12;23.1
1982-12-09;17.5;12;17.5
1982-12-10;21.3;12;21.3
1982-12-11;23.5;12;23.5
1982-12-12;14.7;12;14.7
1982-12-13;13.6;12;13.6
1982-12-14;10.0;12;10.0
1982-12-15;8.0;12;8.0
1982-12-16;7.4;12;7.4
1982-12-17;6.6;12;6.6
1982-12-18;17.6;12;17.6
1982-12-19;22.0;12;22.0
1982-12-20;32.7;12;32.7
1982-12-21;24.5;12;24.5
1982-12-22;17.4;12;17.4
1982-12-23;19.6;12;19.6
1982-12-24;18.1;12;18.1
1982-12-25;24.7;12;24.7
1982-12-26;14.0;12;14.0
1982-12-27;10.4;12;10.4
1982-12-28;70.5;12;70.5
1982-12-29;21.4;12;21.4
1982-12-30;37.6;12;37.6
1982-12-31;28.1;12;28.1
1983-01-01;15.2;1;15.2
1983-01-02;12.0;1;12.0
1983-01-03;15.6;1;15.6
1983-01-04;16.4;1;16.4
1983-01-05;18.0;1;18.0
1983-01-06;11.2;1;11.2
1983-01-07;9.7;1;9.7
1983-01-08;9.0;1;9.0
1983-01-09;7.7;1;7.7
1983-01-10;6.8;1;6.8
1983-01-11;9.6;1;9.6
1983-01-12;15.5;1;15.5
1983-01-13;9.2;1;9.2
1983-01-14;7.0;1;7.0
1983-01-15;6.0;1;6.0
1983-01-16;5.3;1;5.3
1983-01-17;4.9;1;4.9
1983-01-18;4.6;1;4.6
1983-01-19;4.6;1;4.6
1983-01-20;4.2;1;4.2
1983-01-21;3.9;1;3.9
1983-01-22;3.9;1;3.9
1983-01-23;3.7;1;3.7
1983-01-24;3.5;1;3.5
1983-01-25;3.4;1;3.4
1983-01-26;3.4;1;3.4
1983-01-27;3.9;1;3.9
1983-01-28;3.3;1;3.3
1983-01-29;3.1;1;3.1
1983-01-30;3.5;1;3.5
1983-01-31;3.6;1;3.6
1983-02-01;3.3;2;3.3
1983-02-02;3.1;2;3.1
1983-02-03;2.9;2;2.9
1983-02-04;2.8;2;2.8
1983-02-05;2.8;2;2.8
1983-02-06;3.2;2;3.2
1983-02-07;4.1;2;4.1
1983-02-08;4.9;2;4.9
1983-02-09;7.6;2;7.6
1983-02-10;5.3;2;5.3
1983-02-11;3.9;2;3.9
1983-02-12;3.4;2;3.4
1983-02-13;3.2;2;3.2
1983-02-14;2.9;2;2.9
1983-02-15;2.8;2;2.8
1983-02-16;2.6;2;2.6
1983-02-17;2.5;2;2.5
1983-02-18;2.5;2;2.5
1983-02-19;2.5;2;2.5
1983-02-20;2.5;2;2.5
1983-02-21;2.5;2;2.5
1983-02-22;2.7;2;2.7
1983-02-23;4.6;2;4.6
1983-02-24;5.4;2;5.4
1983-02-25;8.2;2;8.2
1983-02-26;6.9;2;6.9
1983-02-27;15.1;2;15.1
1983-02-28;17.5;2;17.5
1983-03-01;16.2;3;16.2
1983-03-02;8.3;3;8.3
1983-03-03;6.3;3;6.3
1983-03-04;5.7;3;5.7
1983-03-05;11.6;3;11.6
1983-03-06;10.5;3;10.5
1983-03-07;7.42;3;7.42
1983-03-08;4.7;3;4.7
1983-03-09;7.3;3;7.3
1983-03-10;18.2;3;18.2
1983-03-11;16.3;3;16.3
1983-03-12;7.3;3;7.3
1983-03-13;7.7;3;7.7
1983-03-14;6.85;3;6.85
1983-03-15;10.6;3;10.6
1983-03-16;7.2;3;7.2
1983-03-17;5.0;3;5.0
1983-03-18;5.7;3;5.7
1983-03-19;4.6;3;4.6
1983-03-20;4.6;3;4.6
1983-03-21;3.3;3;3.3
1983-03-22;3.4;3;3.4
1983-03-23;3.5;3;3.5
1983-03-24;3.5;3;3.5
1983-03-25;11.8;3;11.8
1983-03-26;28.4;3;28.4
1983-03-27;32.5;3;32.5
1983-03-28;25.5;3;25.5
1983-03-29;20.9;3;20.9
1983-03-30;18.0;3;18.0
1983-03-31;8.0;3;8.0
1983-04-01;5.9;4;5.9
1983-04-02;5.0;4;5.0
1983-04-03;5.2;4;5.2
1983-04-04;8.1;4;8.1
1983-04-05;6.0;4;6.0
1983-04-06;9.0;4;9.0
1983-04-07;19.6;4;19.6
1983-04-08;80.0;4;80.0
1983-04-09;61.5;4;61.5
1983-04-10;104.7;4;104.7
1983-04-11;59.8;4;59.8
1983-04-12;51.4;4;51.4
1983-04-13;38.0;4;38.0
1983-04-14;133.9;4;133.9
1983-04-15;38.1;4;38.1
1983-04-16;36.9;4;36.9
1983-04-17;32.2;4;32.2
1983-04-18;37.7;4;37.7
1983-04-19;29.0;4;29.0
1983-04-20;17.3;4;17.3
1983-04-21;17.4;4;17.4
1983-04-22;36.5;4;36.5
1983-04-23;17.7;4;17.7
1983-04-24;21.7;4;21.7
1983-04-25;21.9;4;21.9
1983-04-26;19.1;4;19.1
1983-04-27;28.1;4;28.1
1983-04-28;30.2;4;30.2
1983-04-29;42.4;4;42.4
1983-04-30;57.5;4;57.5
1983-05-01;-999.000;5;12.2
1983-05-02;-999.000;5;15.48
1983-05-03;-999.000;5;11.9
1983-05-04;-999.000;5;8.33
1983-05-05;-999.000;5;16.383
1983-05-06;-999.000;5;13.4
1983-05-07;-999.000;5;30.112
1983-05-08;-999.000;5;24.2
1983-05-09;-999.000;5;13.2
1983-05-10;-999.000;5;12.5
1983-05-11;-999.000;5;18.9
1983-05-12;-999.000;5;23.3
1983-05-13;-999.000;5;12.3
1983-05-14;-999.000;5;10.25
1983-05-15;-999.000;5;6.26
1983-05-16;-999.000;5;18.7
1983-05-17;-999.000;5;16.51
1983-05-18;-999.000;5;11.24
1983-05-19;-999.000;5;26.437
1983-05-20;-999.000;5;8.9
1983-05-21;-999.000;5;104.1
1983-05-22;-999.000;5;32.3
1983-05-23;-999.000;5;18.6
1983-05-24;-999.000;5;2.9
1983-05-25;-999.000;5;28.3
1983-05-26;-999.000;5;9.997
1983-05-27;-999.000;5;41.8
1983-05-28;-999.000;5;224.334
1983-05-29;-999.000;5;5.7
1983-05-30;-999.000;5;61.5
1983-05-31;-999.000;5;11.4
1983-06-01;11.1;6;11.1
1983-06-02;14.0;6;14.0
1983-06-03;11.9;6;11.9
1983-06-04;10.9;6;10.9
1983-06-05;15.2;6;15.2
1983-06-06;12.6;6;12.6
1983-06-07;16.8;6;16.8
1983-06-08;17.0;6;17.0
1983-06-09;15.4;6;15.4
1983-06-10;12.0;6;12.0
1983-06-11;13.9;6;13.9
1983-06-12;11.6;6;11.6
1983-06-13;12.0;6;12.0
1983-06-14;11.4;6;11.4
1983-06-15;10.6;6;10.6
1983-06-16;10.0;6;10.0
1983-06-17;9.2;6;9.2
1983-06-18;8.6;6;8.6
1983-06-19;7.9;6;7.9
1983-06-20;8.3;6;8.3
1983-06-21;8.3;6;8.3
1983-06-22;8.6;6;8.6
1983-06-23;10.1;6;10.1
1983-06-24;10.4;6;10.4
1983-06-25;9.5;6;9.5
1983-06-26;7.7;6;7.7
1983-06-27;8.5;6;8.5
1983-06-28;10.8;6;10.8
1983-06-29;10.0;6;10.0
1983-06-30;9.6;6;9.6
1983-07-01;11.2;7;11.2
1983-07-02;10.4;7;10.4
1983-07-03;9.5;7;9.5
1983-07-04;8.4;7;8.4
1983-07-05;10.3;7;10.3
1983-07-06;8.3;7;8.3
1983-07-07;7.2;7;7.2
1983-07-08;10.5;7;10.5
1983-07-09;13.2;7;13.2
1983-07-10;17.6;7;17.6
1983-07-11;12.8;7;12.8
1983-07-12;11.9;7;11.9
1983-07-13;12.0;7;12.0
1983-07-14;11.6;7;11.6
1983-07-15;11.6;7;11.6
1983-07-16;11.6;7;11.6
1983-07-17;15.7;7;15.7
1983-07-18;15.6;7;15.6
1983-07-19;14.4;7;14.4
1983-07-20;13.6;7;13.6
1983-07-21;15.2;7;15.2
1983-07-22;16.4;7;16.4
1983-07-23;15.9;7;15.9
1983-07-24;13.4;7;13.4
1983-07-25;11.4;7;11.4
1983-07-26;9.3;7;9.3
1983-07-27;8.2;7;8.2
1983-07-28;9.3;7;9.3
1983-07-29;10.4;7;10.4
1983-07-30;10.6;7;10.6
1983-07-31;9.8;7;9.8
1983-08-01;26.4;8;26.4
1983-08-02;22.2;8;22.2
1983-08-03;14.4;8;14.4
1983-08-04;12.6;8;12.6
1983-08-05;11.9;8;11.9
1983-08-06;12.8;8;12.8
1983-08-07;14.6;8;14.6
1983-08-08;12.0;8;12.0
1983-08-09;10.8;8;10.8
1983-08-10;14.0;8;14.0
1983-08-11;11.9;8;11.9
1983-08-12;14.4;8;14.4
1983-08-13;12.5;8;12.5
1983-08-14;12.7;8;12.7
1983-08-15;10.3;8;10.3
1983-08-16;8.3;8;8.3
1983-08-17;6.8;8;6.8
1983-08-18;6.2;8;6.2
1983-08-19;13.6;8;13.6
1983-08-20;10.3;8;10.3
1983-08-21;8.7;8;8.7
1983-08-22;9.8;8;9.8
1983-08-23;10.8;8;10.8
1983-08-24;10.1;8;10.1
1983-08-25;9.3;8;9.3
1983-08-26;9.0;8;9.0
1983-08-27;8.0;8;8.0
1983-08-28;7.6;8;7.6
1983-08-29;8.4;8;8.4
1983-08-30;10.0;8;10.0
1983-08-31;7.7;8;7.7
1983-09-01;6.9;9;6.9
1983-09-02;6.9;9;6.9
1983-09-03;7.0;9;7.0
1983-09-04;7.5;9;7.5
1983-09-05;5.9;9;5.9
1983-09-06;12.4;9;12.4
1983-09-07;10.0;9;10.0
1983-09-08;9.2;9;9.2
1983-09-09;7.6;9;7.6
1983-09-10;6.9;9;6.9
1983-09-11;6.9;9;6.9
1983-09-12;6.76;9;6.76
1983-09-13;6.5;9;6.5
1983-09-14;6.6;9;6.6
1983-09-15;7.5;9;7.5
1983-09-16;8.6;9;8.6
1983-09-17;8.4;9;8.4
1983-09-18;9.0;9;9.0
1983-09-19;7.5;9;7.5
1983-09-20;6.9;9;6.9
1983-09-21;7.2;9;7.2
1983-09-22;30.2;9;30.2
1983-09-23;12.3;9;12.3
1983-09-24;8.2;9;8.2
1983-09-25;7.9;9;7.9
1983-09-26;9.8;9;9.8
1983-09-27;7.6;9;7.6
1983-09-28;8.0;9;8.0
1983-09-29;8.2;9;8.2
1983-09-30;16.4;9;16.4
1983-10-01;11.6;10;11.6
1983-10-02;9.5;10;9.5
1983-10-03;9.2;10;9.2
1983-10-04;10.1;10;10.1
1983-10-05;9.5;10;9.5
1983-10-06;8.2;10;8.2
1983-10-07;7.7;10;7.7
1983-10-08;7.3;10;7.3
1983-10-09;7.6;10;7.6
1983-10-10;8.0;10;8.0
1983-10-11;7.2;10;7.2
1983-10-12;7.9;10;7.9
1983-10-13;7.6;10;7.6
1983-10-14;7.9;10;7.9
1983-10-15;7.5;10;7.5
1983-10-16;7.2;10;7.2
1983-10-17;7.3;10;7.3
1983-10-18;7.3;10;7.3
1983-10-19;7.2;10;7.2
1983-10-20;11.2;10;11.2
1983-10-21;16.3;10;16.3
1983-10-22;14.2;10;14.2
1983-10-23;12.7;10;12.7
1983-10-24;11.8;10;11.8
1983-10-25;13.1;10;13.1
1983-10-26;14.2;10;14.2
1983-10-27;14.2;10;14.2
1983-10-28;11.9;10;11.9
1983-10-29;11.6;10;11.6
1983-10-30;30.9;10;30.9
1983-10-31;24.1;10;24.1
1983-11-01;18.1;11;18.1
1983-11-02;12.2;11;12.2
1983-11-03;14.4;11;14.4
1983-11-04;15.0;11;15.0
1983-11-05;11.1;11;11.1
1983-11-06;9.3;11;9.3
1983-11-07;8.6;11;8.6
1983-11-08;7.6;11;7.6
1983-11-09;7.9;11;7.9
1983-11-10;7.6;11;7.6
1983-11-11;11.6;11;11.6
1983-11-12;10.1;11;10.1
1983-11-13;11.6;11;11.6
1983-11-14;12.8;11;12.8
1983-11-15;13.2;11;13.2
1983-11-16;12.9;11;12.9
1983-11-17;12.0;11;12.0
1983-11-18;10.9;11;10.9
1983-11-19;8.7;11;8.7
1983-11-20;11.9;11;11.9
1983-11-21;8.3;11;8.3
1983-11-22;7.2;11;7.2
1983-11-23;6.6;11;6.6
1983-11-24;7.9;11;7.9
1983-11-25;7.5;11;7.5
1983-11-26;6.8;11;6.8
1983-11-27;7.0;11;7.0
1983-11-28;6.6;11;6.6
1983-11-29;7.3;11;7.3
1983-11-30;8.7;11;8.7
1983-12-01;8.4;12;8.4
1983-12-02;14.2;12;14.2
1983-12-03;10.8;12;10.8
1983-12-04;11.4;12;11.4
1983-12-05;13.4;12;13.4
1983-12-06;17.2;12;17.2
1983-12-07;14.4;12;14.4
1983-12-08;11.7;12;11.7
1983-12-09;13.0;12;13.0
1983-12-10;20.5;12;20.5
1983-12-11;23.7;12;23.7
1983-12-12;16.8;12;16.8
1983-12-13;19.8;12;19.8
1983-12-14;17.4;12;17.4
1983-12-15;15.04;12;15.04
1983-12-16;13.7;12;13.7
1983-12-17;13.5;12;13.5
1983-12-18;16.0;12;16.0
1983-12-19;12.8;12;12.8
1983-12-20;14.6;12;14.6
1983-12-21;35.9;12;35.9
1983-12-22;31.2;12;31.2
1983-12-23;21.5;12;21.5
1983-12-24;18.4;12;18.4
1983-12-25;40.8;12;40.8
1983-12-26;16.4;12;16.4
1983-12-27;13.8;12;13.8
1983-12-28;13.2;12;13.2
1983-12-29;11.9;12;11.9
1983-12-30;12.4;12;12.4
1983-12-31;15.5;12;15.5
1984-01-01;16.0;1;16.0
1984-01-02;14.2;1;14.2
1984-01-03;17.2;1;17.2
1984-01-04;15.2;1;15.2
1984-01-05;22.2;1;22.2
1984-01-06;19.1;1;19.1
1984-01-07;18.6;1;18.6
1984-01-08;18.4;1;18.4
1984-01-09;23.7;1;23.7
1984-01-10;21.7;1;21.7
1984-01-11;22.5;1;22.5
1984-01-12;12.6;1;12.6
1984-01-13;11.4;1;11.4
1984-01-14;10.6;1;10.6
1984-01-15;10.0;1;10.0
1984-01-16;9.3;1;9.3
1984-01-17;9.8;1;9.8
1984-01-18;9.0;1;9.0
1984-01-19;9.2;1;9.2
1984-01-20;10.0;1;10.0
1984-01-21;10.8;1;10.8
1984-01-22;11.4;1;11.4
1984-01-23;13.2;1;13.2
1984-01-24;13.8;1;13.8
1984-01-25;15.3;1;15.3
1984-01-26;10.9;1;10.9
1984-01-27;10.9;1;10.9
1984-01-28;10.6;1;10.6
1984-01-29;10.6;1;10.6
1984-01-30;10.4;1;10.4
1984-01-31;10.6;1;10.6
1984-02-01;8.9;2;8.9
1984-02-02;10.0;2;10.0
1984-02-03;11.4;2;11.4
1984-02-04;14.6;2;14.6
1984-02-05;10.9;2;10.9
1984-02-06;15.8;2;15.8
1984-02-07;12.4;2;12.4
1984-02-08;12.6;2;12.6
1984-02-09;11.9;2;11.9
1984-02-10;12.4;2;12.4
1984-02-11;11.6;2;11.6
1984-02-12;10.0;2;10.0
1984-02-13;9.6;2;9.6
1984-02-14;9.3;2;9.3
1984-02-15;9.2;2;9.2
1984-02-16;11.0;2;11.0
1984-02-17;16.9;2;16.9
1984-02-18;28.6;2;28.6
1984-02-19;26.9;2;26.9
1984-02-20;12.6;2;12.6
1984-02-21;12.2;2;12.2
1984-02-22;50.0;2;50.0
1984-02-23;28.9;2;28.9
1984-02-24;21.0;2;21.0
1984-02-25;17.6;2;17.6
1984-02-26;18.2;2;18.2
1984-02-27;15.3;2;15.3
1984-02-28;12.4;2;12.4
1984-02-29;11.7;2;11.7
1984-03-01;11.4;3;11.4
1984-03-02;10.0;3;10.0
1984-03-03;8.9;3;8.9
1984-03-04;9.0;3;9.0
1984-03-05;8.6;3;8.6
1984-03-06;7.7;3;7.7
1984-03-07;7.2;3;7.2
1984-03-08;7.3;3;7.3
1984-03-09;7.7;3;7.7
1984-03-10;7.7;3;7.7
1984-03-11;6.3;3;6.3
1984-03-12;6.1;3;6.1
1984-03-13;5.7;3;5.7
1984-03-14;5.5;3;5.5
1984-03-15;5.4;3;5.4
1984-03-16;5.4;3;5.4
1984-03-17;5.4;3;5.4
1984-03-18;5.3;3;5.3
1984-03-19;5.3;3;5.3
1984-03-20;5.5;3;5.5
1984-03-21;5.5;3;5.5
1984-03-22;5.4;3;5.4
1984-03-23;5.8;3;5.8
1984-03-24;7.3;3;7.3
1984-03-25;7.5;3;7.5
1984-03-26;7.2;3;7.2
1984-03-27;6.8;3;6.8
1984-03-28;7.5;3;7.5
1984-03-29;8.2;3;8.2
1984-03-30;7.9;3;7.9
1984-03-31;7.6;3;7.6
1984-04-01;7.9;4;7.9
1984-04-02;6.9;4;6.9
1984-04-03;8.2;4;8.2
1984-04-04;6.9;4;6.9
1984-04-05;6.3;4;6.3
1984-04-06;5.9;4;5.9
1984-04-07;5.6;4;5.6
1984-04-08;5.9;4;5.9
1984-04-09;5.8;4;5.8
1984-04-10;5.9;4;5.9
1984-04-11;6.2;4;6.2
1984-04-12;5.6;4;5.6
1984-04-13;6.0;4;6.0
1984-04-14;5.9;4;5.9
1984-04-15;6.1;4;6.1
1984-04-16;7.2;4;7.2
1984-04-17;17.5;4;17.5
1984-04-18;8.7;4;8.7
1984-04-19;8.3;4;8.3
1984-04-20;6.8;4;6.8
1984-04-21;6.3;4;6.3
1984-04-22;9.5;4;9.5
1984-04-23;13.4;4;13.4
1984-04-24;25.4;4;25.4
1984-04-25;20.8;4;20.8
1984-04-26;15.1;4;15.1
1984-04-27;29.6;4;29.6
1984-04-28;35.3;4;35.3
1984-04-29;27.7;4;27.7
1984-04-30;20.1;4;20.1
1984-05-01;30.5;5;30.5
1984-05-02;23.2;5;23.2
1984-05-03;21.8;5;21.8
1984-05-04;19.5;5;19.5
1984-05-05;11.8;5;11.8
1984-05-06;10.2;5;10.2
1984-05-07;7.8;5;7.8
1984-05-08;6.9;5;6.9
1984-05-09;7.5;5;7.5
1984-05-10;12.7;5;12.7
1984-05-11;32.6;5;32.6
1984-05-12;26.2;5;26.2
1984-05-13;17.5;5;17.5
1984-05-14;33.7;5;33.7
1984-05-15;29.2;5;29.2
1984-05-16;27.7;5;27.7
1984-05-17;28.9;5;28.9
1984-05-18;27.9;5;27.9
1984-05-19;32.4;5;32.4
1984-05-20;27.2;5;27.2
1984-05-21;22.5;5;22.5
1984-05-22;16.1;5;16.1
1984-05-23;23.3;5;23.3
1984-05-24;48.1;5;48.1
1984-05-25;44.2;5;44.2
1984-05-26;47.6;5;47.6
1984-05-27;52.4;5;52.4
1984-05-28;72.7;5;72.7
1984-05-29;41.9;5;41.9
1984-05-30;29.2;5;29.2
1984-05-31;16.6;5;16.6
1984-06-01;38.1;6;38.1
1984-06-02;41.3;6;41.3
1984-06-03;21.1;6;21.1
1984-06-04;23.8;6;23.8
1984-06-05;19.3;6;19.3
1984-06-06;25.1;6;25.1
1984-06-07;16.6;6;16.6
1984-06-08;36.9;6;36.9
1984-06-09;114.5;6;114.5
1984-06-10;37.0;6;37.0
1984-06-11;40.3;6;40.3
1984-06-12;52.3;6;52.3
1984-06-13;36.2;6;36.2
1984-06-14;145.5;6;145.5
1984-06-15;44.3;6;44.3
1984-06-16;38.7;6;38.7
1984-06-17;21.5;6;21.5
1984-06-18;20.6;6;20.6
1984-06-19;17.5;6;17.5
1984-06-20;18.6;6;18.6
1984-06-21;17.5;6;17.5
1984-06-22;17.9;6;17.9
1984-06-23;16.8;6;16.8
1984-06-24;31.2;6;31.2
1984-06-25;27.9;6;27.9
1984-06-26;16.5;6;16.5
1984-06-27;13.8;6;13.8
1984-06-28;36.7;6;36.7
1984-06-29;51.0;6;51.0
1984-06-30;24.7;6;24.7
1984-07-01;23.5;7;23.5
1984-07-02;23.7;7;23.7
1984-07-03;23.7;7;23.7
1984-07-04;29.9;7;29.9
1984-07-05;27.3;7;27.3
1984-07-06;20.1;7;20.1
1984-07-07;19.4;7;19.4
1984-07-08;18.4;7;18.4
1984-07-09;17.2;7;17.2
1984-07-10;16.3;7;16.3
1984-07-11;15.2;7;15.2
1984-07-12;15.9;7;15.9
1984-07-13;16.8;7;16.8
1984-07-14;22.7;7;22.7
1984-07-15;14.4;7;14.4
1984-07-16;19.6;7;19.6
1984-07-17;14.1;7;14.1
1984-07-18;14.9;7;14.9
1984-07-19;13.5;7;13.5
1984-07-20;12.7;7;12.7
1984-07-21;21.0;7;21.0
1984-07-22;15.4;7;15.4
1984-07-23;13.8;7;13.8
1984-07-24;10.1;7;10.1
1984-07-25;10.5;7;10.5
1984-07-26;58.6;7;58.6
1984-07-27;30.1;7;30.1
1984-07-28;15.6;7;15.6
1984-07-29;18.9;7;18.9
1984-07-30;17.9;7;17.9
1984-07-31;16.6;7;16.6
1984-08-01;14.2;8;14.2
1984-08-02;16.8;8;16.8
1984-08-03;21.5;8;21.5
1984-08-04;21.2;8;21.2
1984-08-05;15.6;8;15.6
1984-08-06;14.2;8;14.2
1984-08-07;12.9;8;12.9
1984-08-08;10.7;8;10.7
1984-08-09;8.3;8;8.3
1984-08-10;7.3;8;7.3
1984-08-11;7.5;8;7.5
1984-08-12;7.8;8;7.8
1984-08-13;8.1;8;8.1
1984-08-14;8.3;8;8.3
1984-08-15;7.9;8;7.9
1984-08-16;8.1;8;8.1
1984-08-17;8.7;8;8.7
1984-08-18;34.9;8;34.9
1984-08-19;25.3;8;25.3
1984-08-20;21.9;8;21.9
1984-08-21;18.9;8;18.9
1984-08-22;17.0;8;17.0
1984-08-23;16.5;8;16.5
1984-08-24;16.1;8;16.1
1984-08-25;16.1;8;16.1
1984-08-26;32.5;8;32.5
1984-08-27;28.9;8;28.9
1984-08-28;19.7;8;19.7
1984-08-29;15.6;8;15.6
1984-08-30;14.5;8;14.5
1984-08-31;10.5;8;10.5
1984-09-01;9.9;9;9.9
1984-09-02;9.0;9;9.0
1984-09-03;8.0;9;8.0
1984-09-04;7.4;9;7.4
1984-09-05;8.1;9;8.1
1984-09-06;6.5;9;6.5
1984-09-07;6.6;9;6.6
1984-09-08;6.9;9;6.9
1984-09-09;15.8;9;15.8
1984-09-10;32.0;9;32.0
1984-09-11;22.6;9;22.6
1984-09-12;31.2;9;31.2
1984-09-13;17.2;9;17.2
1984-09-14;12.0;9;12.0
1984-09-15;11.4;9;11.4
1984-09-16;12.0;9;12.0
1984-09-17;11.1;9;11.1
1984-09-18;12.7;9;12.7
1984-09-19;41.0;9;41.0
1984-09-20;58.5;9;58.5
1984-09-21;38.8;9;38.8
1984-09-22;70.4;9;70.4
1984-09-23;29.1;9;29.1
1984-09-24;27.2;9;27.2
1984-09-25;56.7;9;56.7
1984-09-26;30.7;9;30.7
1984-09-27;67.5;9;67.5
1984-09-28;27.4;9;27.4
1984-09-29;18.2;9;18.2
1984-09-30;16.6;9;16.6
1984-10-01;13.0;10;13.0
1984-10-02;15.6;10;15.6
1984-10-03;15.8;10;15.8
1984-10-04;11.1;10;11.1
1984-10-05;10.5;10;10.5
1984-10-06;11.4;10;11.4
1984-10-07;19.8;10;19.8
1984-10-08;20.7;10;20.7
1984-10-09;25.0;10;25.0
1984-10-10;15.6;10;15.6
1984-10-11;31.0;10;31.0
1984-10-12;20.6;10;20.6
1984-10-13;16.6;10;16.6
1984-10-14;17.9;10;17.9
1984-10-15;21.7;10;21.7
1984-10-16;16.3;10;16.3
1984-10-17;21.4;10;21.4
1984-10-18;19.9;10;19.9
1984-10-19;19.3;10;19.3
1984-10-20;16.3;10;16.3
1984-10-21;17.0;10;17.0
1984-10-22;15.4;10;15.4
1984-10-23;17.9;10;17.9
1984-10-24;15.2;10;15.2
1984-10-25;18.0;10;18.0
1984-10-26;17.2;10;17.2
1984-10-27;16.6;10;16.6
1984-10-28;19.2;10;19.2
1984-10-29;37.5;10;37.5
1984-10-30;34.6;10;34.6
1984-10-31;45.0;10;45.0
1984-11-01;44.0;11;44.0
1984-11-02;29.9;11;29.9
1984-11-03;23.5;11;23.5
1984-11-04;16.8;11;16.8
1984-11-05;17.5;11;17.5
1984-11-06;84.7;11;84.7
1984-11-07;73.7;11;73.7
1984-11-08;231.0;11;231.0
1984-11-09;59.4;11;59.4
1984-11-10;25.2;11;25.2
1984-11-11;22.1;11;22.1
1984-11-12;24.4;11;24.4
1984-11-13;36.3;11;36.3
1984-11-14;40.0;11;40.0
1984-11-15;27.9;11;27.9
1984-11-16;21.3;11;21.3
1984-11-17;16.8;11;16.8
1984-11-18;14.7;11;14.7
1984-11-19;13.4;11;13.4
1984-11-20;12.9;11;12.9
1984-11-21;12.2;11;12.2
1984-11-22;11.4;11;11.4
1984-11-23;10.9;11;10.9
1984-11-24;12.7;11;12.7
1984-11-25;21.0;11;21.0
1984-11-26;16.8;11;16.8
1984-11-27;14.4;11;14.4
1984-11-28;21.9;11;21.9
1984-11-29;58.5;11;58.5
1984-11-30;22.4;11;22.4
1984-12-01;15.8;12;15.8
1984-12-02;15.2;12;15.2
1984-12-03;12.4;12;12.4
1984-12-04;9.8;12;9.8
1984-12-05;7.5;12;7.5
1984-12-06;6.6;12;6.6
1984-12-07;6.4;12;6.4
1984-12-08;6.3;12;6.3
1984-12-09;6.1;12;6.1
1984-12-10;6.3;12;6.3
1984-12-11;6.6;12;6.6
1984-12-12;7.0;12;7.0
1984-12-13;6.6;12;6.6
1984-12-14;6.1;12;6.1
1984-12-15;7.0;12;7.0
1984-12-16;7.6;12;7.6
1984-12-17;6.3;12;6.3
1984-12-18;18.7;12;18.7
1984-12-19;26.3;12;26.3
1984-12-20;13.7;12;13.7
1984-12-21;9.8;12;9.8
1984-12-22;5.7;12;5.7
1984-12-23;5.0;12;5.0
1984-12-24;18.0;12;18.0
1984-12-25;7.2;12;7.2
1984-12-26;7.8;12;7.8
1984-12-27;7.5;12;7.5
1984-12-28;6.6;12;6.6
1984-12-29;7.5;12;7.5
1984-12-30;7.2;12;7.2
1984-12-31;7.2;12;7.2
1985-01-01;7.2;1;7.2
1985-01-02;6.1;1;6.1
1985-01-03;4.6;1;4.6
1985-01-04;6.1;1;6.1
1985-01-05;8.3;1;8.3
1985-01-06;28.6;1;28.6
1985-01-07;33.8;1;33.8
1985-01-08;12.6;1;12.6
1985-01-09;10.5;1;10.5
1985-01-10;7.8;1;7.8
1985-01-11;6.3;1;6.3
1985-01-12;5.4;1;5.4
1985-01-13;5.1;1;5.1
1985-01-14;5.3;1;5.3
1985-01-15;5.1;1;5.1
1985-01-16;4.8;1;4.8
1985-01-17;4.2;1;4.2
1985-01-18;3.7;1;3.7
1985-01-19;3.5;1;3.5
1985-01-20;3.4;1;3.4
1985-01-21;4.5;1;4.5
1985-01-22;6.2;1;6.2
1985-01-23;4.1;1;4.1
1985-01-24;6.9;1;6.9
1985-01-25;5.4;1;5.4
1985-01-26;7.5;1;7.5
1985-01-27;4.6;1;4.6
1985-01-28;4.1;1;4.1
1985-01-29;3.6;1;3.6
1985-01-30;3.2;1;3.2
1985-01-31;3.1;1;3.1
1985-02-01;3.3;2;3.3
1985-02-02;2.5;2;2.5
1985-02-03;2.4;2;2.4
1985-02-04;2.3;2;2.3
1985-02-05;2.4;2;2.4
1985-02-06;2.3;2;2.3
1985-02-07;2.2;2;2.2
1985-02-08;2.3;2;2.3
1985-02-09;2.2;2;2.2
1985-02-10;2.3;2;2.3
1985-02-11;2.3;2;2.3
1985-02-12;2.2;2;2.2
1985-02-13;2.2;2;2.2
1985-02-14;2.2;2;2.2
1985-02-15;2.3;2;2.3
1985-02-16;2.2;2;2.2
1985-02-17;2.2;2;2.2
1985-02-18;2.1;2;2.1
1985-02-19;2.1;2;2.1
1985-02-20;2.1;2;2.1
1985-02-21;2.1;2;2.1
1985-02-22;2.2;2;2.2
1985-02-23;2.1;2;2.1
1985-02-24;2.2;2;2.2
1985-02-25;3.1;2;3.1
1985-02-26;2.8;2;2.8
1985-02-27;2.6;2;2.6
1985-02-28;2.7;2;2.7
1985-03-01;2.8;3;2.8
1985-03-02;2.5;3;2.5
1985-03-03;2.3;3;2.3
1985-03-04;2.2;3;2.2
1985-03-05;2.1;3;2.1
1985-03-06;2.9;3;2.9
1985-03-07;2.8;3;2.8
1985-03-08;2.4;3;2.4
1985-03-09;2.2;3;2.2
1985-03-10;2.1;3;2.1
1985-03-11;6.3;3;6.3
1985-03-12;6.4;3;6.4
1985-03-13;3.9;3;3.9
1985-03-14;3.2;3;3.2
1985-03-15;3.1;3;3.1
1985-03-16;5.7;3;5.7
1985-03-17;2.7;3;2.7
1985-03-18;2.5;3;2.5
1985-03-19;3.8;3;3.8
1985-03-20;26.2;3;26.2
1985-03-21;12.2;3;12.2
1985-03-22;8.9;3;8.9
1985-03-23;4.8;3;4.8
1985-03-24;3.1;3;3.1
1985-03-25;2.6;3;2.6
1985-03-26;2.4;3;2.4
1985-03-27;2.3;3;2.3
1985-03-28;2.2;3;2.2
1985-03-29;2.2;3;2.2
1985-03-30;5.9;3;5.9
1985-03-31;4.1;3;4.1
1985-04-01;13.0;4;13.0
1985-04-02;30.0;4;30.0
1985-04-03;12.2;4;12.2
1985-04-04;11.1;4;11.1
1985-04-05;9.6;4;9.6
1985-04-06;7.1;4;7.1
1985-04-07;6.4;4;6.4
1985-04-08;7.4;4;7.4
1985-04-09;6.9;4;6.9
1985-04-10;6.0;4;6.0
1985-04-11;11.4;4;11.4
1985-04-12;7.6;4;7.6
1985-04-13;5.7;4;5.7
1985-04-14;3.8;4;3.8
1985-04-15;2.9;4;2.9
1985-04-16;2.6;4;2.6
1985-04-17;2.5;4;2.5
1985-04-18;2.4;4;2.4
1985-04-19;2.4;4;2.4
1985-04-20;2.4;4;2.4
1985-04-21;2.4;4;2.4
1985-04-22;2.4;4;2.4
1985-04-23;2.4;4;2.4
1985-04-24;131.9;4;131.9
1985-04-25;36.2;4;36.2
1985-04-26;72.1;4;72.1
1985-04-27;31.2;4;31.2
1985-04-28;15.2;4;15.2
1985-04-29;11.7;4;11.7
1985-04-30;12.7;4;12.7
1985-05-01;16.5;5;16.5
1985-05-02;12.2;5;12.2
1985-05-03;8.9;5;8.9
1985-05-04;7.5;5;7.5
1985-05-05;9.8;5;9.8
1985-05-06;7.2;5;7.2
1985-05-07;9.3;5;9.3
1985-05-08;7.2;5;7.2
1985-05-09;36.6;5;36.6
1985-05-10;46.6;5;46.6
1985-05-11;65.0;5;65.0
1985-05-12;109.8;5;109.8
1985-05-13;44.6;5;44.6
1985-05-14;22.7;5;22.7
1985-05-15;25.0;5;25.0
1985-05-16;25.1;5;25.1
1985-05-17;43.7;5;43.7
1985-05-18;25.8;5;25.8
1985-05-19;68.7;5;68.7
1985-05-20;24.6;5;24.6
1985-05-21;14.4;5;14.4
1985-05-22;11.6;5;11.6
1985-05-23;10.5;5;10.5
1985-05-24;11.0;5;11.0
1985-05-25;11.1;5;11.1
1985-05-26;10.5;5;10.5
1985-05-27;16.1;5;16.1
1985-05-28;12.9;5;12.9
1985-05-29;13.4;5;13.4
1985-05-30;38.3;5;38.3
1985-05-31;27.5;5;27.5
1985-06-01;14.0;6;14.0
1985-06-02;60.1;6;60.1
1985-06-03;48.7;6;48.7
1985-06-04;30.3;6;30.3
1985-06-05;16.5;6;16.5
1985-06-06;28.5;6;28.5
1985-06-07;29.0;6;29.0
1985-06-08;31.3;6;31.3
1985-06-09;33.5;6;33.5
1985-06-10;37.0;6;37.0
1985-06-11;29.7;6;29.7
1985-06-12;25.4;6;25.4
1985-06-13;20.8;6;20.8
1985-06-14;17.0;6;17.0
1985-06-15;12.9;6;12.9
1985-06-16;10.5;6;10.5
1985-06-17;10.5;6;10.5
1985-06-18;14.4;6;14.4
1985-06-19;11.4;6;11.4
1985-06-20;9.9;6;9.9
1985-06-21;8.1;6;8.1
1985-06-22;6.6;6;6.6
1985-06-23;6.3;6;6.3
1985-06-24;7.2;6;7.2
1985-06-25;7.3;6;7.3
1985-06-26;7.1;6;7.1
1985-06-27;7.6;6;7.6
1985-06-28;12.0;6;12.0
1985-06-29;19.3;6;19.3
1985-06-30;19.4;6;19.4
1985-07-01;6.7;7;6.7
1985-07-02;9.2;7;9.2
1985-07-03;11.1;7;11.1
1985-07-04;13.1;7;13.1
1985-07-05;11.9;7;11.9
1985-07-06;11.1;7;11.1
1985-07-07;8.2;7;8.2
1985-07-08;9.9;7;9.9
1985-07-09;7.5;7;7.5
1985-07-10;7.7;7;7.7
1985-07-11;12.9;7;12.9
1985-07-12;11.7;7;11.7
1985-07-13;13.8;7;13.8
1985-07-14;12.4;7;12.4
1985-07-15;22.2;7;22.2
1985-07-16;21.1;7;21.1
1985-07-17;12.2;7;12.2
1985-07-18;8.3;7;8.3
1985-07-19;8.3;7;8.3
1985-07-20;13.9;7;13.9
1985-07-21;14.0;7;14.0
1985-07-22;17.6;7;17.6
1985-07-23;10.9;7;10.9
1985-07-24;10.5;7;10.5
1985-07-25;27.2;7;27.2
1985-07-26;39.5;7;39.5
1985-07-27;21.6;7;21.6
1985-07-28;14.4;7;14.4
1985-07-29;20.2;7;20.2
1985-07-30;25.1;7;25.1
1985-07-31;14.7;7;14.7
1985-08-01;19.1;8;19.1
1985-08-02;10.4;8;10.4
1985-08-03;8.1;8;8.1
1985-08-04;12.3;8;12.3
1985-08-05;11.2;8;11.2
1985-08-06;15.7;8;15.7
1985-08-07;20.3;8;20.3
1985-08-08;31.2;8;31.2
1985-08-09;20.3;8;20.3
1985-08-10;14.0;8;14.0
1985-08-11;16.5;8;16.5
1985-08-12;10.2;8;10.2
1985-08-13;11.5;8;11.5
1985-08-14;11.0;8;11.0
1985-08-15;70.2;8;70.2
1985-08-16;41.4;8;41.4
1985-08-17;31.7;8;31.7
1985-08-18;31.1;8;31.1
1985-08-19;33.5;8;33.5
1985-08-20;20.4;8;20.4
1985-08-21;27.0;8;27.0
1985-08-22;27.5;8;27.5
1985-08-23;21.7;8;21.7
1985-08-24;15.8;8;15.8
1985-08-25;14.0;8;14.0
1985-08-26;24.9;8;24.9
1985-08-27;16.5;8;16.5
1985-08-28;13.8;8;13.8
1985-08-29;11.5;8;11.5
1985-08-30;10.8;8;10.8
1985-08-31;10.8;8;10.8
1985-09-01;11.0;9;11.0
1985-09-02;10.9;9;10.9
1985-09-03;24.7;9;24.7
1985-09-04;23.0;9;23.0
1985-09-05;13.5;9;13.5
1985-09-06;11.7;9;11.7
1985-09-07;29.5;9;29.5
1985-09-08;33.0;9;33.0
1985-09-09;22.9;9;22.9
1985-09-10;16.6;9;16.6
1985-09-11;39.5;9;39.5
1985-09-12;46.2;9;46.2
1985-09-13;34.7;9;34.7
1985-09-14;25.2;9;25.2
1985-09-15;20.6;9;20.6
1985-09-16;22.6;9;22.6
1985-09-17;12.6;9;12.6
1985-09-18;11.0;9;11.0
1985-09-19;10.7;9;10.7
1985-09-20;10.7;9;10.7
1985-09-21;10.7;9;10.7
1985-09-22;9.6;9;9.6
1985-09-23;14.9;9;14.9
1985-09-24;17.1;9;17.1
1985-09-25;40.1;9;40.1
1985-09-26;32.3;9;32.3
1985-09-27;29.4;9;29.4
1985-09-28;22.3;9;22.3
1985-09-29;36.2;9;36.2
1985-09-30;43.9;9;43.9
1985-10-01;19.9;10;19.9
1985-10-02;30.4;10;30.4
1985-10-03;28.1;10;28.1
1985-10-04;13.4;10;13.4
1985-10-05;14.5;10;14.5
1985-10-06;15.8;10;15.8
1985-10-07;17.8;10;17.8
1985-10-08;20.6;10;20.6
1985-10-09;48.7;10;48.7
1985-10-10;43.3;10;43.3
1985-10-11;57.9;10;57.9
1985-10-12;37.8;10;37.8
1985-10-13;23.3;10;23.3
1985-10-14;13.4;10;13.4
1985-10-15;10.6;10;10.6
1985-10-16;9.0;10;9.0
1985-10-17;9.3;10;9.3
1985-10-18;10.5;10;10.5
1985-10-19;25.5;10;25.5
1985-10-20;37.3;10;37.3
1985-10-21;21.7;10;21.7
1985-10-22;18.4;10;18.4
1985-10-23;28.4;10;28.4
1985-10-24;62.8;10;62.8
1985-10-25;23.7;10;23.7
1985-10-26;17.2;10;17.2
1985-10-27;22.4;10;22.4
1985-10-28;63.9;10;63.9
1985-10-29;247.1;10;247.1
1985-10-30;103.5;10;103.5
1985-10-31;57.9;10;57.9
1985-11-01;32.4;11;32.4
1985-11-02;24.8;11;24.8
1985-11-03;21.7;11;21.7
1985-11-04;19.3;11;19.3
1985-11-05;18.0;11;18.0
1985-11-06;16.8;11;16.8
1985-11-07;13.8;11;13.8
1985-11-08;12.2;11;12.2
1985-11-09;13.8;11;13.8
1985-11-10;19.2;11;19.2
1985-11-11;22.1;11;22.1
1985-11-12;19.6;11;19.6
1985-11-13;24.1;11;24.1
1985-11-14;31.5;11;31.5
1985-11-15;63.3;11;63.3
1985-11-16;34.0;11;34.0
1985-11-17;26.3;11;26.3
1985-11-18;19.1;11;19.1
1985-11-19;21.9;11;21.9
1985-11-20;27.4;11;27.4
1985-11-21;21.2;11;21.2
1985-11-22;34.4;11;34.4
1985-11-23;37.3;11;37.3
1985-11-24;28.2;11;28.2
1985-11-25;22.7;11;22.7
1985-11-26;17.2;11;17.2
1985-11-27;21.9;11;21.9
1985-11-28;19.1;11;19.1
1985-11-29;12.6;11;12.6
1985-11-30;10.8;11;10.8
1985-12-01;10.5;12;10.5
1985-12-02;11.1;12;11.1
1985-12-03;15.8;12;15.8
1985-12-04;15.2;12;15.2
1985-12-05;17.7;12;17.7
1985-12-06;17.2;12;17.2
1985-12-07;17.7;12;17.7
1985-12-08;13.2;12;13.2
1985-12-09;13.7;12;13.7
1985-12-10;13.7;12;13.7
1985-12-11;11.5;12;11.5
1985-12-12;10.5;12;10.5
1985-12-13;13.1;12;13.1
1985-12-14;9.0;12;9.0
1985-12-15;6.6;12;6.6
1985-12-16;6.2;12;6.2
1985-12-17;5.4;12;5.4
1985-12-18;5.0;12;5.0
1985-12-19;4.5;12;4.5
1985-12-20;4.2;12;4.2
1985-12-21;4.1;12;4.1
1985-12-22;3.9;12;3.9
1985-12-23;3.8;12;3.8
1985-12-24;3.6;12;3.6
1985-12-25;3.3;12;3.3
1985-12-26;3.2;12;3.2
1985-12-27;3.1;12;3.1
1985-12-28;3.0;12;3.0
1985-12-29;3.9;12;3.9
1985-12-30;3.3;12;3.3
1985-12-31;2.9;12;2.9
1986-01-01;4.2;1;4.2
1986-01-02;4.3;1;4.3
1986-01-03;4.1;1;4.1
1986-01-04;4.3;1;4.3
1986-01-05;4.9;1;4.9
1986-01-06;4.2;1;4.2
1986-01-07;5.2;1;5.2
1986-01-08;4.2;1;4.2
1986-01-09;4.0;1;4.0
1986-01-10;4.0;1;4.0
1986-01-11;3.9;1;3.9
1986-01-12;3.9;1;3.9
1986-01-13;3.8;1;3.8
1986-01-14;3.8;1;3.8
1986-01-15;4.0;1;4.0
1986-01-16;3.8;1;3.8
1986-01-17;3.7;1;3.7
1986-01-18;3.9;1;3.9
1986-01-19;10.7;1;10.7
1986-01-20;12.4;1;12.4
1986-01-21;8.3;1;8.3
1986-01-22;5.2;1;5.2
1986-01-23;7.2;1;7.2
1986-01-24;11.5;1;11.5
1986-01-25;16.0;1;16.0
1986-01-26;11.2;1;11.2
1986-01-27;7.2;1;7.2
1986-01-28;7.6;1;7.6
1986-01-29;6.7;1;6.7
1986-01-30;7.7;1;7.7
1986-01-31;7.6;1;7.6
1986-02-01;18.7;2;18.7
1986-02-02;7.9;2;7.9
1986-02-03;7.4;2;7.4
1986-02-04;5.9;2;5.9
1986-02-05;4.7;2;4.7
1986-02-06;5.0;2;5.0
1986-02-07;5.1;2;5.1
1986-02-08;4.6;2;4.6
1986-02-09;4.3;2;4.3
1986-02-10;4.7;2;4.7
1986-02-11;4.4;2;4.4
1986-02-12;4.3;2;4.3
1986-02-13;4.4;2;4.4
1986-02-14;4.5;2;4.5
1986-02-15;5.2;2;5.2
1986-02-16;17.5;2;17.5
1986-02-17;25.5;2;25.5
1986-02-18;44.4;2;44.4
1986-02-19;30.0;2;30.0
1986-02-20;13.0;2;13.0
1986-02-21;9.0;2;9.0
1986-02-22;9.0;2;9.0
1986-02-23;9.9;2;9.9
1986-02-24;30.6;2;30.6
1986-02-25;61.8;2;61.8
1986-02-26;28.9;2;28.9
1986-02-27;22.7;2;22.7
1986-02-28;49.3;2;49.3
1986-03-01;184.2;3;184.2
1986-03-02;163.6;3;163.6
1986-03-03;68.1;3;68.1
1986-03-04;48.7;3;48.7
1986-03-05;26.3;3;26.3
1986-03-06;18.4;3;18.4
1986-03-07;13.4;3;13.4
1986-03-08;12.0;3;12.0
1986-03-09;11.4;3;11.4
1986-03-10;10.4;3;10.4
1986-03-11;20.7;3;20.7
1986-03-12;22.3;3;22.3
1986-03-13;18.0;3;18.0
1986-03-14;41.8;3;41.8
1986-03-15;30.0;3;30.0
1986-03-16;21.5;3;21.5
1986-03-17;15.3;3;15.3
1986-03-18;26.0;3;26.0
1986-03-19;13.5;3;13.5
1986-03-20;12.6;3;12.6
1986-03-21;18.5;3;18.5
1986-03-22;11.9;3;11.9
1986-03-23;10.4;3;10.4
1986-03-24;9.6;3;9.6
1986-03-25;8.4;3;8.4
1986-03-26;7.4;3;7.4
1986-03-27;7.6;3;7.6
1986-03-28;7.4;3;7.4
1986-03-29;7.6;3;7.6
1986-03-30;7.6;3;7.6
1986-03-31;8.5;3;8.5
1986-04-01;8.0;4;8.0
1986-04-02;7.5;4;7.5
1986-04-03;11.1;4;11.1
1986-04-04;7.8;4;7.8
1986-04-05;21.4;4;21.4
1986-04-06;12.1;4;12.1
1986-04-07;52.6;4;52.6
1986-04-08;42.8;4;42.8
1986-04-09;66.2;4;66.2
1986-04-10;34.7;4;34.7
1986-04-11;18.6;4;18.6
1986-04-12;13.7;4;13.7
1986-04-13;12.1;4;12.1
1986-04-14;10.6;4;10.6
1986-04-15;9.6;4;9.6
1986-04-16;8.7;4;8.7
1986-04-17;9.5;4;9.5
1986-04-18;8.5;4;8.5
1986-04-19;18.2;4;18.2
1986-04-20;24.1;4;24.1
1986-04-21;29.7;4;29.7
1986-04-22;16.8;4;16.8
1986-04-23;20.0;4;20.0
1986-04-24;15.0;4;15.0
1986-04-25;11.1;4;11.1
1986-04-26;10.6;4;10.6
1986-04-27;9.7;4;9.7
1986-04-28;8.4;4;8.4
1986-04-29;7.6;4;7.6
1986-04-30;7.0;4;7.0
1986-05-01;6.0;5;6.0
1986-05-02;5.4;5;5.4
1986-05-03;5.1;5;5.1
1986-05-04;4.9;5;4.9
1986-05-05;6.7;5;6.7
1986-05-06;15.5;5;15.5
1986-05-07;11.0;5;11.0
1986-05-08;7.2;5;7.2
1986-05-09;11.1;5;11.1
1986-05-10;12.6;5;12.6
1986-05-11;8.9;5;8.9
1986-05-12;16.6;5;16.6
1986-05-13;15.4;5;15.4
1986-05-14;13.2;5;13.2
1986-05-15;12.4;5;12.4
1986-05-16;19.6;5;19.6
1986-05-17;11.2;5;11.2
1986-05-18;9.5;5;9.5
1986-05-19;8.1;5;8.1
1986-05-20;6.4;5;6.4
1986-05-21;7.0;5;7.0
1986-05-22;7.2;5;7.2
1986-05-23;8.9;5;8.9
1986-05-24;9.4;5;9.4
1986-05-25;21.0;5;21.0
1986-05-26;61.5;5;61.5
1986-05-27;49.6;5;49.6
1986-05-28;62.5;5;62.5
1986-05-29;55.7;5;55.7
1986-05-30;26.9;5;26.9
1986-05-31;32.2;5;32.2
1986-06-01;27.1;6;27.1
1986-06-02;82.8;6;82.8
1986-06-03;50.5;6;50.5
1986-06-04;34.1;6;34.1
1986-06-05;32.7;6;32.7
1986-06-06;33.6;6;33.6
1986-06-07;35.8;6;35.8
1986-06-08;29.6;6;29.6
1986-06-09;28.1;6;28.1
1986-06-10;27.6;6;27.6
1986-06-11;25.9;6;25.9
1986-06-12;22.1;6;22.1
1986-06-13;16.0;6;16.0
1986-06-14;14.4;6;14.4
1986-06-15;14.4;6;14.4
1986-06-16;12.4;6;12.4
1986-06-17;11.4;6;11.4
1986-06-18;11.4;6;11.4
1986-06-19;11.6;6;11.6
1986-06-20;58.9;6;58.9
1986-06-21;64.2;6;64.2
1986-06-22;38.9;6;38.9
1986-06-23;26.6;6;26.6
1986-06-24;46.0;6;46.0
1986-06-25;44.8;6;44.8
1986-06-26;44.9;6;44.9
1986-06-27;28.6;6;28.6
1986-06-28;15.1;6;15.1
1986-06-29;59.3;6;59.3
1986-06-30;56.6;6;56.6
1986-07-01;49.0;7;49.0
1986-07-02;76.9;7;76.9
1986-07-03;50.2;7;50.2
1986-07-04;33.3;7;33.3
1986-07-05;32.7;7;32.7
1986-07-06;28.1;7;28.1
1986-07-07;29.5;7;29.5
1986-07-08;34.6;7;34.6
1986-07-09;23.9;7;23.9
1986-07-10;19.6;7;19.6
1986-07-11;23.4;7;23.4
1986-07-12;27.8;7;27.8
1986-07-13;19.2;7;19.2
1986-07-14;16.2;7;16.2
1986-07-15;14.8;7;14.8
1986-07-16;12.2;7;12.2
1986-07-17;28.1;7;28.1
1986-07-18;31.1;7;31.1
1986-07-19;17.8;7;17.8
1986-07-20;13.2;7;13.2
1986-07-21;10.4;7;10.4
1986-07-22;31.4;7;31.4
1986-07-23;46.1;7;46.1
1986-07-24;27.4;7;27.4
1986-07-25;18.8;7;18.8
1986-07-26;27.7;7;27.7
1986-07-27;31.9;7;31.9
1986-07-28;23.2;7;23.2
1986-07-29;13.3;7;13.3
1986-07-30;11.4;7;11.4
1986-07-31;11.2;7;11.2
1986-08-01;26.9;8;26.9
1986-08-02;15.1;8;15.1
1986-08-03;15.1;8;15.1
1986-08-04;15.3;8;15.3
1986-08-05;13.9;8;13.9
1986-08-06;12.5;8;12.5
1986-08-07;13.9;8;13.9
1986-08-08;12.4;8;12.4
1986-08-09;11.4;8;11.4
1986-08-10;9.4;8;9.4
1986-08-11;7.4;8;7.4
1986-08-12;6.7;8;6.7
1986-08-13;7.4;8;7.4
1986-08-14;7.6;8;7.6
1986-08-15;7.4;8;7.4
1986-08-16;6.5;8;6.5
1986-08-17;11.1;8;11.1
1986-08-18;12.3;8;12.3
1986-08-19;9.4;8;9.4
1986-08-20;6.8;8;6.8
1986-08-21;8.7;8;8.7
1986-08-22;32.6;8;32.6
1986-08-23;13.4;8;13.4
1986-08-24;8.4;8;8.4
1986-08-25;6.6;8;6.6
1986-08-26;5.8;8;5.8
1986-08-27;7.7;8;7.7
1986-08-28;8.5;8;8.5
1986-08-29;13.4;8;13.4
1986-08-30;9.6;8;9.6
1986-08-31;6.9;8;6.9
1986-09-01;5.9;9;5.9
1986-09-02;5.5;9;5.5
1986-09-03;5.3;9;5.3
1986-09-04;5.0;9;5.0
1986-09-05;4.8;9;4.8
1986-09-06;4.7;9;4.7
1986-09-07;4.5;9;4.5
1986-09-08;4.5;9;4.5
1986-09-09;4.5;9;4.5
1986-09-10;4.3;9;4.3
1986-09-11;6.7;9;6.7
1986-09-12;10.6;9;10.6
1986-09-13;7.9;9;7.9
1986-09-14;5.5;9;5.5
1986-09-15;4.8;9;4.8
1986-09-16;4.3;9;4.3
1986-09-17;4.1;9;4.1
1986-09-18;4.0;9;4.0
1986-09-19;4.0;9;4.0
1986-09-20;4.0;9;4.0
1986-09-21;4.6;9;4.6
1986-09-22;4.5;9;4.5
1986-09-23;4.4;9;4.4
1986-09-24;6.4;9;6.4
1986-09-25;17.5;9;17.5
1986-09-26;19.3;9;19.3
1986-09-27;25.7;9;25.7
1986-09-28;33.2;9;33.2
1986-09-29;22.7;9;22.7
1986-09-30;13.9;9;13.9
1986-10-01;11.8;10;11.8
1986-10-02;20.8;10;20.8
1986-10-03;33.1;10;33.1
1986-10-04;59.2;10;59.2
1986-10-05;54.0;10;54.0
1986-10-06;55.9;10;55.9
1986-10-07;32.9;10;32.9
1986-10-08;27.3;10;27.3
1986-10-09;16.1;10;16.1
1986-10-10;18.8;10;18.8
1986-10-11;40.4;10;40.4
1986-10-12;22.5;10;22.5
1986-10-13;115.8;10;115.8
1986-10-14;110.4;10;110.4
1986-10-15;136.3;10;136.3
1986-10-16;116.8;10;116.8
1986-10-17;63.4;10;63.4
1986-10-18;54.4;10;54.4
1986-10-19;107.4;10;107.4
1986-10-20;39.2;10;39.2
1986-10-21;43.2;10;43.2
1986-10-22;48.3;10;48.3
1986-10-23;23.9;10;23.9
1986-10-24;43.8;10;43.8
1986-10-25;78.0;10;78.0
1986-10-26;85.4;10;85.4
1986-10-27;85.0;10;85.0
1986-10-28;147.7;10;147.7
1986-10-29;138.4;10;138.4
1986-10-30;92.1;10;92.1
1986-10-31;100.6;10;100.6
1986-11-01;38.4;11;38.4
1986-11-02;34.4;11;34.4
1986-11-03;66.6;11;66.6
1986-11-04;53.9;11;53.9
1986-11-05;48.4;11;48.4
1986-11-06;31.3;11;31.3
1986-11-07;21.3;11;21.3
1986-11-08;19.2;11;19.2
1986-11-09;16.8;11;16.8
1986-11-10;29.8;11;29.8
1986-11-11;47.0;11;47.0
1986-11-12;20.2;11;20.2
1986-11-13;19.0;11;19.0
1986-11-14;14.4;11;14.4
1986-11-15;11.6;11;11.6
1986-11-16;9.9;11;9.9
1986-11-17;8.6;11;8.6
1986-11-18;7.4;11;7.4
1986-11-19;8.4;11;8.4
1986-11-20;7.5;11;7.5
1986-11-21;6.3;11;6.3
1986-11-22;7.0;11;7.0
1986-11-23;15.6;11;15.6
1986-11-24;39.5;11;39.5
1986-11-25;25.0;11;25.0
1986-11-26;13.3;11;13.3
1986-11-27;17.1;11;17.1
1986-11-28;163.9;11;163.9
1986-11-29;19.5;11;19.5
1986-11-30;13.5;11;13.5
1986-12-01;11.2;12;11.2
1986-12-02;9.5;12;9.5
1986-12-03;8.0;12;8.0
1986-12-04;7.0;12;7.0
1986-12-05;6.5;12;6.5
1986-12-06;6.4;12;6.4
1986-12-07;7.7;12;7.7
1986-12-08;8.2;12;8.2
1986-12-09;7.7;12;7.7
1986-12-10;6.7;12;6.7
1986-12-11;6.3;12;6.3
1986-12-12;5.7;12;5.7
1986-12-13;5.3;12;5.3
1986-12-14;6.2;12;6.2
1986-12-15;10.2;12;10.2
1986-12-16;32.9;12;32.9
1986-12-17;12.2;12;12.2
1986-12-18;9.5;12;9.5
1986-12-19;8.6;12;8.6
1986-12-20;5.6;12;5.6
1986-12-21;6.9;12;6.9
1986-12-22;5.7;12;5.7
1986-12-23;5.2;12;5.2
1986-12-24;5.0;12;5.0
1986-12-25;4.8;12;4.8
1986-12-26;4.5;12;4.5
1986-12-27;4.3;12;4.3
1986-12-28;5.3;12;5.3
1986-12-29;4.9;12;4.9
1986-12-30;4.6;12;4.6
1986-12-31;4.6;12;4.6
1987-01-01;8.1;1;8.1
1987-01-02;7.4;1;7.4
1987-01-03;4.9;1;4.9
1987-01-04;4.4;1;4.4
1987-01-05;4.3;1;4.3
1987-01-06;4.3;1;4.3
1987-01-07;5.5;1;5.5
1987-01-08;5.2;1;5.2
1987-01-09;9.1;1;9.1
1987-01-10;13.0;1;13.0
1987-01-11;7.0;1;7.0
1987-01-12;5.0;1;5.0
1987-01-13;4.5;1;4.5
1987-01-14;4.3;1;4.3
1987-01-15;4.3;1;4.3
1987-01-16;4.2;1;4.2
1987-01-17;4.2;1;4.2
1987-01-18;4.1;1;4.1
1987-01-19;4.1;1;4.1
1987-01-20;4.1;1;4.1
1987-01-21;4.0;1;4.0
1987-01-22;3.9;1;3.9
1987-01-23;4.2;1;4.2
1987-01-24;4.5;1;4.5
1987-01-25;4.2;1;4.2
1987-01-26;3.9;1;3.9
1987-01-27;3.8;1;3.8
1987-01-28;4.0;1;4.0
1987-01-29;3.7;1;3.7
1987-01-30;3.6;1;3.6
1987-01-31;3.6;1;3.6
1987-02-01;4.1;2;4.1
1987-02-02;3.8;2;3.8
1987-02-03;3.9;2;3.9
1987-02-04;5.1;2;5.1
1987-02-05;4.1;2;4.1
1987-02-06;3.9;2;3.9
1987-02-07;3.7;2;3.7
1987-02-08;3.7;2;3.7
1987-02-09;3.7;2;3.7
1987-02-10;3.7;2;3.7
1987-02-11;3.8;2;3.8
1987-02-12;5.5;2;5.5
1987-02-13;16.2;2;16.2
1987-02-14;18.2;2;18.2
1987-02-15;18.0;2;18.0
1987-02-16;9.9;2;9.9
1987-02-17;6.3;2;6.3
1987-02-18;5.0;2;5.0
1987-02-19;5.7;2;5.7
1987-02-20;5.2;2;5.2
1987-02-21;4.7;2;4.7
1987-02-22;4.4;2;4.4
1987-02-23;4.4;2;4.4
1987-02-24;4.3;2;4.3
1987-02-25;3.8;2;3.8
1987-02-26;3.7;2;3.7
1987-02-27;3.8;2;3.8
1987-02-28;3.8;2;3.8
1987-03-01;3.8;3;3.8
1987-03-02;3.7;3;3.7
1987-03-03;3.6;3;3.6
1987-03-04;3.5;3;3.5
1987-03-05;3.5;3;3.5
1987-03-06;5.5;3;5.5
1987-03-07;5.6;3;5.6
1987-03-08;4.1;3;4.1
1987-03-09;4.0;3;4.0
1987-03-10;4.0;3;4.0
1987-03-11;3.8;3;3.8
1987-03-12;4.0;3;4.0
1987-03-13;3.8;3;3.8
1987-03-14;3.6;3;3.6
1987-03-15;3.6;3;3.6
1987-03-16;3.6;3;3.6
1987-03-17;3.7;3;3.7
1987-03-18;3.6;3;3.6
1987-03-19;3.7;3;3.7
1987-03-20;3.7;3;3.7
1987-03-21;3.7;3;3.7
1987-03-22;3.7;3;3.7
1987-03-23;3.7;3;3.7
1987-03-24;3.7;3;3.7
1987-03-25;3.6;3;3.6
1987-03-26;3.6;3;3.6
1987-03-27;3.5;3;3.5
1987-03-28;3.6;3;3.6
1987-03-29;3.6;3;3.6
1987-03-30;3.6;3;3.6
1987-03-31;8.6;3;8.6
1987-04-01;5.9;4;5.9
1987-04-02;10.4;4;10.4
1987-04-03;44.6;4;44.6
1987-04-04;46.5;4;46.5
1987-04-05;26.5;4;26.5
1987-04-06;23.4;4;23.4
1987-04-07;14.3;4;14.3
1987-04-08;9.9;4;9.9
1987-04-09;8.8;4;8.8
1987-04-10;7.0;4;7.0
1987-04-11;6.5;4;6.5
1987-04-12;10.0;4;10.0
1987-04-13;9.0;4;9.0
1987-04-14;9.7;4;9.7
1987-04-15;6.1;4;6.1
1987-04-16;5.2;4;5.2
1987-04-17;4.6;4;4.6
1987-04-18;4.4;4;4.4
1987-04-19;6.1;4;6.1
1987-04-20;7.4;4;7.4
1987-04-21;4.6;4;4.6
1987-04-22;4.7;4;4.7
1987-04-23;4.6;4;4.6
1987-04-24;4.4;4;4.4
1987-04-25;13.5;4;13.5
1987-04-26;12.0;4;12.0
1987-04-27;33.0;4;33.0
1987-04-28;41.4;4;41.4
1987-04-29;34.1;4;34.1
1987-04-30;28.4;4;28.4
1987-05-01;15.1;5;15.1
1987-05-02;25.2;5;25.2
1987-05-03;28.7;5;28.7
1987-05-04;32.3;5;32.3
1987-05-05;40.4;5;40.4
1987-05-06;70.3;5;70.3
1987-05-07;93.7;5;93.7
1987-05-08;29.5;5;29.5
1987-05-09;16.0;5;16.0
1987-05-10;13.6;5;13.6
1987-05-11;16.4;5;16.4
1987-05-12;15.5;5;15.5
1987-05-13;11.6;5;11.6
1987-05-14;8.8;5;8.8
1987-05-15;25.6;5;25.6
1987-05-16;14.4;5;14.4
1987-05-17;13.1;5;13.1
1987-05-18;19.8;5;19.8
1987-05-19;11.6;5;11.6
1987-05-20;11.2;5;11.2
1987-05-21;16.0;5;16.0
1987-05-22;26.6;5;26.6
1987-05-23;57.3;5;57.3
1987-05-24;114.9;5;114.9
1987-05-25;60.4;5;60.4
1987-05-26;26.6;5;26.6
1987-05-27;40.2;5;40.2
1987-05-28;32.0;5;32.0
1987-05-29;15.9;5;15.9
1987-05-30;11.9;5;11.9
1987-05-31;10.1;5;10.1
1987-06-01;9.9;6;9.9
1987-06-02;10.2;6;10.2
1987-06-03;8.2;6;8.2
1987-06-04;7.0;6;7.0
1987-06-05;7.3;6;7.3
1987-06-06;7.8;6;7.8
1987-06-07;12.8;6;12.8
1987-06-08;8.9;6;8.9
1987-06-09;9.9;6;9.9
1987-06-10;9.6;6;9.6
1987-06-11;9.7;6;9.7
1987-06-12;13.1;6;13.1
1987-06-13;8.6;6;8.6
1987-06-14;6.7;6;6.7
1987-06-15;13.4;6;13.4
1987-06-16;10.9;6;10.9
1987-06-17;7.3;6;7.3
1987-06-18;5.9;6;5.9
1987-06-19;5.2;6;5.2
1987-06-20;5.6;6;5.6
1987-06-21;6.8;6;6.8
1987-06-22;5.3;6;5.3
1987-06-23;9.1;6;9.1
1987-06-24;53.7;6;53.7
1987-06-25;18.1;6;18.1
1987-06-26;19.8;6;19.8
1987-06-27;19.7;6;19.7
1987-06-28;13.2;6;13.2
1987-06-29;9.4;6;9.4
1987-06-30;7.2;6;7.2
1987-07-01;8.1;7;8.1
1987-07-02;7.0;7;7.0
1987-07-03;14.0;7;14.0
1987-07-04;18.5;7;18.5
1987-07-05;32.4;7;32.4
1987-07-06;30.9;7;30.9
1987-07-07;13.5;7;13.5
1987-07-08;9.6;7;9.6
1987-07-09;11.0;7;11.0
1987-07-10;72.1;7;72.1
1987-07-11;55.1;7;55.1
1987-07-12;48.6;7;48.6
1987-07-13;39.2;7;39.2
1987-07-14;38.9;7;38.9
1987-07-15;31.0;7;31.0
1987-07-16;22.8;7;22.8
1987-07-17;18.6;7;18.6
1987-07-18;15.9;7;15.9
1987-07-19;16.6;7;16.6
1987-07-20;15.3;7;15.3
1987-07-21;10.9;7;10.9
1987-07-22;9.4;7;9.4
1987-07-23;7.5;7;7.5
1987-07-24;7.2;7;7.2
1987-07-25;6.7;7;6.7
1987-07-26;12.6;7;12.6
1987-07-27;8.0;7;8.0
1987-07-28;7.2;7;7.2
1987-07-29;6.8;7;6.8
1987-07-30;7.2;7;7.2
1987-07-31;10.9;7;10.9
1987-08-01;50.6;8;50.6
1987-08-02;34.4;8;34.4
1987-08-03;21.7;8;21.7
1987-08-04;17.6;8;17.6
1987-08-05;11.3;8;11.3
1987-08-06;8.8;8;8.8
1987-08-07;9.0;8;9.0
1987-08-08;8.8;8;8.8
1987-08-09;10.9;8;10.9
1987-08-10;150.4;8;150.4
1987-08-11;24.0;8;24.0
1987-08-12;26.9;8;26.9
1987-08-13;20.6;8;20.6
1987-08-14;16.3;8;16.3
1987-08-15;12.3;8;12.3
1987-08-16;11.1;8;11.1
1987-08-17;17.2;8;17.2
1987-08-18;13.4;8;13.4
1987-08-19;11.5;8;11.5
1987-08-20;10.8;8;10.8
1987-08-21;11.0;8;11.0
1987-08-22;11.0;8;11.0
1987-08-23;12.8;8;12.8
1987-08-24;12.9;8;12.9
1987-08-25;17.1;8;17.1
1987-08-26;16.1;8;16.1
1987-08-27;18.7;8;18.7
1987-08-28;18.0;8;18.0
1987-08-29;11.7;8;11.7
1987-08-30;9.5;8;9.5
1987-08-31;10.2;8;10.2
1987-09-01;10.3;9;10.3
1987-09-02;8.2;9;8.2
1987-09-03;6.6;9;6.6
1987-09-04;8.3;9;8.3
1987-09-05;11.6;9;11.6
1987-09-06;13.6;9;13.6
1987-09-07;24.5;9;24.5
1987-09-08;14.6;9;14.6
1987-09-09;10.8;9;10.8
1987-09-10;9.6;9;9.6
1987-09-11;7.0;9;7.0
1987-09-12;6.3;9;6.3
1987-09-13;5.4;9;5.4
1987-09-14;5.5;9;5.5
1987-09-15;9.6;9;9.6
1987-09-16;6.4;9;6.4
1987-09-17;6.4;9;6.4
1987-09-18;6.4;9;6.4
1987-09-19;4.9;9;4.9
1987-09-20;4.8;9;4.8
1987-09-21;5.3;9;5.3
1987-09-22;5.6;9;5.6
1987-09-23;4.9;9;4.9
1987-09-24;5.4;9;5.4
1987-09-25;5.6;9;5.6
1987-09-26;8.1;9;8.1
1987-09-27;6.0;9;6.0
1987-09-28;8.7;9;8.7
1987-09-29;12.0;9;12.0
1987-09-30;17.6;9;17.6
1987-10-01;18.6;10;18.6
1987-10-02;14.7;10;14.7
1987-10-03;49.7;10;49.7
1987-10-04;75.1;10;75.1
1987-10-05;55.4;10;55.4
1987-10-06;18.2;10;18.2
1987-10-07;11.6;10;11.6
1987-10-08;10.4;10;10.4
1987-10-09;37.8;10;37.8
1987-10-10;23.6;10;23.6
1987-10-11;18.0;10;18.0
1987-10-12;18.6;10;18.6
1987-10-13;21.2;10;21.2
1987-10-14;30.1;10;30.1
1987-10-15;17.2;10;17.2
1987-10-16;29.9;10;29.9
1987-10-17;27.5;10;27.5
1987-10-18;28.8;10;28.8
1987-10-19;37.6;10;37.6
1987-10-20;19.2;10;19.2
1987-10-21;15.6;10;15.6
1987-10-22;12.0;10;12.0
1987-10-23;10.8;10;10.8
1987-10-24;10.8;10;10.8
1987-10-25;19.0;10;19.0
1987-10-26;19.1;10;19.1
1987-10-27;13.5;10;13.5
1987-10-28;48.0;10;48.0
1987-10-29;52.9;10;52.9
1987-10-30;88.2;10;88.2
1987-10-31;72.8;10;72.8
1987-11-01;113.1;11;113.1
1987-11-02;68.1;11;68.1
1987-11-03;41.0;11;41.0
1987-11-04;26.7;11;26.7
1987-11-05;19.2;11;19.2
1987-11-06;15.4;11;15.4
1987-11-07;13.0;11;13.0
1987-11-08;10.7;11;10.7
1987-11-09;9.6;11;9.6
1987-11-10;8.0;11;8.0
1987-11-11;7.3;11;7.3
1987-11-12;6.8;11;6.8
1987-11-13;6.1;11;6.1
1987-11-14;5.5;11;5.5
1987-11-15;5.4;11;5.4
1987-11-16;5.6;11;5.6
1987-11-17;6.0;11;6.0
1987-11-18;5.6;11;5.6
1987-11-19;5.5;11;5.5
1987-11-20;6.7;11;6.7
1987-11-21;20.4;11;20.4
1987-11-22;20.4;11;20.4
1987-11-23;12.3;11;12.3
1987-11-24;9.4;11;9.4
1987-11-25;8.6;11;8.6
1987-11-26;23.6;11;23.6
1987-11-27;45.1;11;45.1
1987-11-28;20.0;11;20.0
1987-11-29;16.5;11;16.5
1987-11-30;15.8;11;15.8
1987-12-01;18.6;12;18.6
1987-12-02;30.7;12;30.7
1987-12-03;13.8;12;13.8
1987-12-04;31.6;12;31.6
1987-12-05;22.0;12;22.0
1987-12-06;20.6;12;20.6
1987-12-07;17.7;12;17.7
1987-12-08;16.3;12;16.3
1987-12-09;10.7;12;10.7
1987-12-10;8.9;12;8.9
1987-12-11;8.0;12;8.0
1987-12-12;7.6;12;7.6
1987-12-13;7.1;12;7.1
1987-12-14;20.1;12;20.1
1987-12-15;12.7;12;12.7
1987-12-16;8.5;12;8.5
1987-12-17;6.7;12;6.7
1987-12-18;5.4;12;5.4
1987-12-19;4.9;12;4.9
1987-12-20;4.8;12;4.8
1987-12-21;6.2;12;6.2
1987-12-22;6.8;12;6.8
1987-12-23;4.9;12;4.9
1987-12-24;4.4;12;4.4
1987-12-25;4.3;12;4.3
1987-12-26;4.2;12;4.2
1987-12-27;4.1;12;4.1
1987-12-28;4.0;12;4.0
1987-12-29;4.0;12;4.0
1987-12-30;4.0;12;4.0
1987-12-31;4.1;12;4.1
1988-01-01;4.1;1;4.1
1988-01-02;4.3;1;4.3
1988-01-03;4.1;1;4.1
1988-01-04;3.9;1;3.9
1988-01-05;3.8;1;3.8
1988-01-06;3.8;1;3.8
1988-01-07;3.7;1;3.7
1988-01-08;3.7;1;3.7
1988-01-09;3.6;1;3.6
1988-01-10;3.6;1;3.6
1988-01-11;3.5;1;3.5
1988-01-12;3.5;1;3.5
1988-01-13;3.5;1;3.5
1988-01-14;3.4;1;3.4
1988-01-15;3.4;1;3.4
1988-01-16;3.4;1;3.4
1988-01-17;3.4;1;3.4
1988-01-18;4.4;1;4.4
1988-01-19;6.8;1;6.8
1988-01-20;4.6;1;4.6
1988-01-21;4.1;1;4.1
1988-01-22;3.8;1;3.8
1988-01-23;3.6;1;3.6
1988-01-24;3.6;1;3.6
1988-01-25;3.7;1;3.7
1988-01-26;3.7;1;3.7
1988-01-27;3.7;1;3.7
1988-01-28;3.7;1;3.7
1988-01-29;3.7;1;3.7
1988-01-30;3.7;1;3.7
1988-01-31;3.7;1;3.7
1988-02-01;3.7;2;3.7
1988-02-02;3.6;2;3.6
1988-02-03;3.4;2;3.4
1988-02-04;3.3;2;3.3
1988-02-05;3.4;2;3.4
1988-02-06;3.5;2;3.5
1988-02-07;3.5;2;3.5
1988-02-08;3.5;2;3.5
1988-02-09;3.5;2;3.5
1988-02-10;4.3;2;4.3
1988-02-11;4.4;2;4.4
1988-02-12;3.9;2;3.9
1988-02-13;3.9;2;3.9
1988-02-14;3.8;2;3.8
1988-02-15;3.7;2;3.7
1988-02-16;3.6;2;3.6
1988-02-17;3.4;2;3.4
1988-02-18;3.4;2;3.4
1988-02-19;3.3;2;3.3
1988-02-20;3.3;2;3.3
1988-02-21;3.2;2;3.2
1988-02-22;3.2;2;3.2
1988-02-23;3.2;2;3.2
1988-02-24;3.2;2;3.2
1988-02-25;3.5;2;3.5
1988-02-26;4.6;2;4.6
1988-02-27;12.7;2;12.7
1988-02-28;24.4;2;24.4
1988-02-29;7.0;2;7.0
1988-03-01;7.2;3;7.2
1988-03-02;4.9;3;4.9
1988-03-03;4.2;3;4.2
1988-03-04;3.9;3;3.9
1988-03-05;3.7;3;3.7
1988-03-06;3.6;3;3.6
1988-03-07;3.5;3;3.5
1988-03-08;3.5;3;3.5
1988-03-09;4.6;3;4.6
1988-03-10;74.1;3;74.1
1988-03-11;9.0;3;9.0
1988-03-12;4.6;3;4.6
1988-03-13;4.2;3;4.2
1988-03-14;4.0;3;4.0
1988-03-15;3.9;3;3.9
1988-03-16;3.7;3;3.7
1988-03-17;3.6;3;3.6
1988-03-18;3.7;3;3.7
1988-03-19;3.6;3;3.6
1988-03-20;3.5;3;3.5
1988-03-21;3.3;3;3.3
1988-03-22;3.5;3;3.5
1988-03-23;3.6;3;3.6
1988-03-24;3.5;3;3.5
1988-03-25;3.4;3;3.4
1988-03-26;3.3;3;3.3
1988-03-27;3.3;3;3.3
1988-03-28;3.2;3;3.2
1988-03-29;3.2;3;3.2
1988-03-30;3.2;3;3.2
1988-03-31;3.2;3;3.2
1988-04-01;3.2;4;3.2
1988-04-02;3.2;4;3.2
1988-04-03;3.8;4;3.8
1988-04-04;4.0;4;4.0
1988-04-05;3.9;4;3.9
1988-04-06;15.6;4;15.6
1988-04-07;9.9;4;9.9
1988-04-08;11.3;4;11.3
1988-04-09;5.3;4;5.3
1988-04-10;4.6;4;4.6
1988-04-11;11.0;4;11.0
1988-04-12;9.3;4;9.3
1988-04-13;30.5;4;30.5
1988-04-14;15.2;4;15.2
1988-04-15;8.7;4;8.7
1988-04-16;9.6;4;9.6
1988-04-17;6.8;4;6.8
1988-04-18;5.2;4;5.2
1988-04-19;4.5;4;4.5
1988-04-20;4.3;4;4.3
1988-04-21;4.2;4;4.2
1988-04-22;7.5;4;7.5
1988-04-23;9.2;4;9.2
1988-04-24;5.6;4;5.6
1988-04-25;4.6;4;4.6
1988-04-26;4.2;4;4.2
1988-04-27;4.1;4;4.1
1988-04-28;4.0;4;4.0
1988-04-29;3.9;4;3.9
1988-04-30;5.5;4;5.5
1988-05-01;11.3;5;11.3
1988-05-02;16.9;5;16.9
1988-05-03;14.0;5;14.0
1988-05-04;10.0;5;10.0
1988-05-05;10.8;5;10.8
1988-05-06;7.2;5;7.2
1988-05-07;6.9;5;6.9
1988-05-08;5.7;5;5.7
1988-05-09;5.1;5;5.1
1988-05-10;4.7;5;4.7
1988-05-11;4.6;5;4.6
1988-05-12;4.4;5;4.4
1988-05-13;4.2;5;4.2
1988-05-14;4.1;5;4.1
1988-05-15;6.4;5;6.4
1988-05-16;5.1;5;5.1
1988-05-17;9.1;5;9.1
1988-05-18;18.1;5;18.1
1988-05-19;10.8;5;10.8
1988-05-20;7.9;5;7.9
1988-05-21;7.1;5;7.1
1988-05-22;7.1;5;7.1
1988-05-23;7.1;5;7.1
1988-05-24;6.8;5;6.8
1988-05-25;5.6;5;5.6
1988-05-26;11.2;5;11.2
1988-05-27;10.5;5;10.5
1988-05-28;7.2;5;7.2
1988-05-29;6.7;5;6.7
1988-05-30;11.8;5;11.8
1988-05-31;20.8;5;20.8
1988-06-01;60.1;6;60.1
1988-06-02;52.2;6;52.2
1988-06-03;54.0;6;54.0
1988-06-04;42.7;6;42.7
1988-06-05;41.7;6;41.7
1988-06-06;27.2;6;27.2
1988-06-07;15.9;6;15.9
1988-06-08;11.3;6;11.3
1988-06-09;9.6;6;9.6
1988-06-10;66.7;6;66.7
1988-06-11;61.8;6;61.8
1988-06-12;45.9;6;45.9
1988-06-13;26.6;6;26.6
1988-06-14;22.6;6;22.6
1988-06-15;19.6;6;19.6
1988-06-16;27.0;6;27.0
1988-06-17;36.1;6;36.1
1988-06-18;37.7;6;37.7
1988-06-19;40.8;6;40.8
1988-06-20;31.4;6;31.4
1988-06-21;21.0;6;21.0
1988-06-22;19.1;6;19.1
1988-06-23;14.2;6;14.2
1988-06-24;13.6;6;13.6
1988-06-25;64.3;6;64.3
1988-06-26;47.3;6;47.3
1988-06-27;24.7;6;24.7
1988-06-28;16.1;6;16.1
1988-06-29;18.2;6;18.2
1988-06-30;20.9;6;20.9
1988-07-01;21.7;7;21.7
1988-07-02;17.7;7;17.7
1988-07-03;17.5;7;17.5
1988-07-04;22.1;7;22.1
1988-07-05;32.0;7;32.0
1988-07-06;39.9;7;39.9
1988-07-07;36.2;7;36.2
1988-07-08;37.0;7;37.0
1988-07-09;32.9;7;32.9
1988-07-10;27.8;7;27.8
1988-07-11;46.0;7;46.0
1988-07-12;60.6;7;60.6
1988-07-13;59.1;7;59.1
1988-07-14;28.3;7;28.3
1988-07-15;18.5;7;18.5
1988-07-16;15.3;7;15.3
1988-07-17;15.1;7;15.1
1988-07-18;16.6;7;16.6
1988-07-19;24.9;7;24.9
1988-07-20;27.2;7;27.2
1988-07-21;44.5;7;44.5
1988-07-22;33.7;7;33.7
1988-07-23;31.0;7;31.0
1988-07-24;23.6;7;23.6
1988-07-25;63.6;7;63.6
1988-07-26;81.5;7;81.5
1988-07-27;47.5;7;47.5
1988-07-28;22.5;7;22.5
1988-07-29;16.2;7;16.2
1988-07-30;13.9;7;13.9
1988-07-31;15.5;7;15.5
1988-08-01;13.6;8;13.6
1988-08-02;15.8;8;15.8
1988-08-03;24.7;8;24.7
1988-08-04;15.3;8;15.3
1988-08-05;12.6;8;12.6
1988-08-06;10.8;8;10.8
1988-08-07;9.7;8;9.7
1988-08-08;9.1;8;9.1
1988-08-09;10.1;8;10.1
1988-08-10;12.5;8;12.5
1988-08-11;11.2;8;11.2
1988-08-12;18.0;8;18.0
1988-08-13;12.7;8;12.7
1988-08-14;16.7;8;16.7
1988-08-15;14.5;8;14.5
1988-08-16;23.6;8;23.6
1988-08-17;13.6;8;13.6
1988-08-18;42.6;8;42.6
1988-08-19;19.8;8;19.8
1988-08-20;20.2;8;20.2
1988-08-21;29.5;8;29.5
1988-08-22;102.8;8;102.8
1988-08-23;54.7;8;54.7
1988-08-24;28.1;8;28.1
1988-08-25;21.6;8;21.6
1988-08-26;18.6;8;18.6
1988-08-27;20.8;8;20.8
1988-08-28;36.6;8;36.6
1988-08-29;27.0;8;27.0
1988-08-30;104.3;8;104.3
1988-08-31;95.7;8;95.7
1988-09-01;121.6;9;121.6
1988-09-02;72.2;9;72.2
1988-09-03;47.2;9;47.2
1988-09-04;34.9;9;34.9
1988-09-05;25.7;9;25.7
1988-09-06;22.7;9;22.7
1988-09-07;22.0;9;22.0
1988-09-08;18.9;9;18.9
1988-09-09;23.0;9;23.0
1988-09-10;27.7;9;27.7
1988-09-11;24.3;9;24.3
1988-09-12;61.1;9;61.1
1988-09-13;67.8;9;67.8
1988-09-14;39.8;9;39.8
1988-09-15;25.0;9;25.0
1988-09-16;23.5;9;23.5
1988-09-17;15.5;9;15.5
1988-09-18;14.0;9;14.0
1988-09-19;15.4;9;15.4
1988-09-20;15.7;9;15.7
1988-09-21;26.7;9;26.7
1988-09-22;17.9;9;17.9
1988-09-23;13.2;9;13.2
1988-09-24;24.7;9;24.7
1988-09-25;17.6;9;17.6
1988-09-26;14.4;9;14.4
1988-09-27;14.1;9;14.1
1988-09-28;11.3;9;11.3
1988-09-29;10.5;9;10.5
1988-09-30;19.1;9;19.1
1988-10-01;33.2;10;33.2
1988-10-02;50.3;10;50.3
1988-10-03;114.2;10;114.2
1988-10-04;42.1;10;42.1
1988-10-05;25.4;10;25.4
1988-10-06;18.4;10;18.4
1988-10-07;13.3;10;13.3
1988-10-08;12.1;10;12.1
1988-10-09;11.4;10;11.4
1988-10-10;9.7;10;9.7
1988-10-11;9.2;10;9.2
1988-10-12;12.6;10;12.6
1988-10-13;13.5;10;13.5
1988-10-14;18.2;10;18.2
1988-10-15;26.4;10;26.4
1988-10-16;15.0;10;15.0
1988-10-17;12.3;10;12.3
1988-10-18;24.2;10;24.2
1988-10-19;18.2;10;18.2
1988-10-20;19.8;10;19.8
1988-10-21;34.4;10;34.4
1988-10-22;78.1;10;78.1
1988-10-23;29.0;10;29.0
1988-10-24;18.4;10;18.4
1988-10-25;25.3;10;25.3
1988-10-26;39.5;10;39.5
1988-10-27;22.9;10;22.9
1988-10-28;18.0;10;18.0
1988-10-29;14.4;10;14.4
1988-10-30;20.2;10;20.2
1988-10-31;36.4;10;36.4
1988-11-01;46.8;11;46.8
1988-11-02;25.7;11;25.7
1988-11-03;24.4;11;24.4
1988-11-04;15.5;11;15.5
1988-11-05;12.9;11;12.9
1988-11-06;24.4;11;24.4
1988-11-07;50.1;11;50.1
1988-11-08;52.3;11;52.3
1988-11-09;136.9;11;136.9
1988-11-10;62.1;11;62.1
1988-11-11;54.7;11;54.7
1988-11-12;59.8;11;59.8
1988-11-13;56.3;11;56.3
1988-11-14;37.9;11;37.9
1988-11-15;76.0;11;76.0
1988-11-16;74.7;11;74.7
1988-11-17;56.5;11;56.5
1988-11-18;49.7;11;49.7
1988-11-19;29.6;11;29.6
1988-11-20;39.7;11;39.7
1988-11-21;36.1;11;36.1
1988-11-22;32.0;11;32.0
1988-11-23;33.3;11;33.3
1988-11-24;42.4;11;42.4
1988-11-25;50.4;11;50.4
1988-11-26;46.9;11;46.9
1988-11-27;27.9;11;27.9
1988-11-28;22.1;11;22.1
1988-11-29;18.0;11;18.0
1988-11-30;24.4;11;24.4
1988-12-01;47.4;12;47.4
1988-12-02;41.8;12;41.8
1988-12-03;30.1;12;30.1
1988-12-04;48.3;12;48.3
1988-12-05;80.9;12;80.9
1988-12-06;44.9;12;44.9
1988-12-07;96.0;12;96.0
1988-12-08;47.1;12;47.1
1988-12-09;41.7;12;41.7
1988-12-10;32.2;12;32.2
1988-12-11;21.0;12;21.0
1988-12-12;17.2;12;17.2
1988-12-13;16.1;12;16.1
1988-12-14;17.2;12;17.2
1988-12-15;13.7;12;13.7
1988-12-16;11.3;12;11.3
1988-12-17;10.1;12;10.1
1988-12-18;10.3;12;10.3
1988-12-19;8.7;12;8.7
1988-12-20;7.8;12;7.8
1988-12-21;6.8;12;6.8
1988-12-22;6.1;12;6.1
1988-12-23;7.7;12;7.7
1988-12-24;9.8;12;9.8
1988-12-25;11.1;12;11.1
1988-12-26;12.8;12;12.8
1988-12-27;12.1;12;12.1
1988-12-28;8.2;12;8.2
1988-12-29;7.6;12;7.6
1988-12-30;7.9;12;7.9
1988-12-31;11.5;12;11.5
1989-01-01;22.1;1;22.1
1989-01-02;19.8;1;19.8
1989-01-03;13.8;1;13.8
1989-01-04;11.4;1;11.4
1989-01-05;8.9;1;8.9
1989-01-06;9.2;1;9.2
1989-01-07;7.9;1;7.9
1989-01-08;6.6;1;6.6
1989-01-09;5.8;1;5.8
1989-01-10;5.4;1;5.4
1989-01-11;5.3;1;5.3
1989-01-12;4.9;1;4.9
1989-01-13;4.7;1;4.7
1989-01-14;4.7;1;4.7
1989-01-15;4.6;1;4.6
1989-01-16;4.5;1;4.5
1989-01-17;4.4;1;4.4
1989-01-18;4.3;1;4.3
1989-01-19;4.3;1;4.3
1989-01-20;4.2;1;4.2
1989-01-21;4.2;1;4.2
1989-01-22;4.2;1;4.2
1989-01-23;4.2;1;4.2
1989-01-24;4.2;1;4.2
1989-01-25;4.1;1;4.1
1989-01-26;4.1;1;4.1
1989-01-27;4.3;1;4.3
1989-01-28;4.4;1;4.4
1989-01-29;4.3;1;4.3
1989-01-30;4.1;1;4.1
1989-01-31;4.3;1;4.3
1989-02-01;5.5;2;5.5
1989-02-02;5.2;2;5.2
1989-02-03;6.2;2;6.2
1989-02-04;11.7;2;11.7
1989-02-05;15.6;2;15.6
1989-02-06;8.1;2;8.1
1989-02-07;6.1;2;6.1
1989-02-08;9.7;2;9.7
1989-02-09;11.2;2;11.2
1989-02-10;9.1;2;9.1
1989-02-11;10.3;2;10.3
1989-02-12;8.4;2;8.4
1989-02-13;6.0;2;6.0
1989-02-14;4.9;2;4.9
1989-02-15;4.7;2;4.7
1989-02-16;4.4;2;4.4
1989-02-17;4.2;2;4.2
1989-02-18;4.4;2;4.4
1989-02-19;5.0;2;5.0
1989-02-20;4.7;2;4.7
1989-02-21;4.5;2;4.5
1989-02-22;4.4;2;4.4
1989-02-23;5.0;2;5.0
1989-02-24;9.6;2;9.6
1989-02-25;8.1;2;8.1
1989-02-26;7.9;2;7.9
1989-02-27;7.5;2;7.5
1989-02-28;7.5;2;7.5
1989-03-01;-999.000;3;41.924
1989-03-02;-999.000;3;2.179
1989-03-03;-999.000;3;4.4
1989-03-04;-999.000;3;3.168
1989-03-05;-999.000;3;1.8
1989-03-06;-999.000;3;6.572
1989-03-07;-999.000;3;8.715
1989-03-08;20.4;3;20.4
1989-03-09;24.5;3;24.5
1989-03-10;17.7;3;17.7
1989-03-11;16.1;3;16.1
1989-03-12;18.2;3;18.2
1989-03-13;70.3;3;70.3
1989-03-14;45.1;3;45.1
1989-03-15;38.4;3;38.4
1989-03-16;77.7;3;77.7
1989-03-17;74.9;3;74.9
1989-03-18;28.5;3;28.5
1989-03-19;19.4;3;19.4
1989-03-20;29.3;3;29.3
1989-03-21;36.6;3;36.6
1989-03-22;30.5;3;30.5
1989-03-23;21.0;3;21.0
1989-03-24;15.1;3;15.1
1989-03-25;12.4;3;12.4
1989-03-26;10.4;3;10.4
1989-03-27;9.6;3;9.6
1989-03-28;7.5;3;7.5
1989-03-29;8.6;3;8.6
1989-03-30;7.2;3;7.2
1989-03-31;6.0;3;6.0
1989-04-01;13.2;4;13.2
1989-04-02;18.4;4;18.4
1989-04-03;16.2;4;16.2
1989-04-04;13.0;4;13.0
1989-04-05;9.6;4;9.6
1989-04-06;13.8;4;13.8
1989-04-07;12.0;4;12.0
1989-04-08;9.0;4;9.0
1989-04-09;7.4;4;7.4
1989-04-10;6.2;4;6.2
1989-04-11;5.4;4;5.4
1989-04-12;5.0;4;5.0
1989-04-13;4.8;4;4.8
1989-04-14;4.6;4;4.6
1989-04-15;4.9;4;4.9
1989-04-16;5.1;4;5.1
1989-04-17;5.0;4;5.0
1989-04-18;7.1;4;7.1
1989-04-19;10.3;4;10.3
1989-04-20;8.8;4;8.8
1989-04-21;5.2;4;5.2
1989-04-22;4.8;4;4.8
1989-04-23;4.5;4;4.5
1989-04-24;5.0;4;5.0
1989-04-25;9.9;4;9.9
1989-04-26;8.0;4;8.0
1989-04-27;6.7;4;6.7
1989-04-28;6.2;4;6.2
1989-04-29;6.0;4;6.0
1989-04-30;6.1;4;6.1
1989-05-01;8.7;5;8.7
1989-05-02;8.7;5;8.7
1989-05-03;7.3;5;7.3
1989-05-04;6.6;5;6.6
1989-05-05;14.1;5;14.1
1989-05-06;44.2;5;44.2
1989-05-07;42.7;5;42.7
1989-05-08;22.8;5;22.8
1989-05-09;79.5;5;79.5
1989-05-10;54.4;5;54.4
1989-05-11;52.4;5;52.4
1989-05-12;56.7;5;56.7
1989-05-13;110.4;5;110.4
1989-05-14;42.6;5;42.6
1989-05-15;16.4;5;16.4
1989-05-16;11.0;5;11.0
1989-05-17;9.5;5;9.5
1989-05-18;30.5;5;30.5
1989-05-19;32.6;5;32.6
1989-05-20;26.6;5;26.6
1989-05-21;23.7;5;23.7
1989-05-22;27.5;5;27.5
1989-05-23;44.7;5;44.7
1989-05-24;54.7;5;54.7
1989-05-25;55.3;5;55.3
1989-05-26;118.1;5;118.1
1989-05-27;123.5;5;123.5
1989-05-28;35.8;5;35.8
1989-05-29;23.0;5;23.0
1989-05-30;15.9;5;15.9
1989-05-31;11.2;5;11.2
1989-06-01;30.3;6;30.3
1989-06-02;39.1;6;39.1
1989-06-03;31.0;6;31.0
1989-06-04;25.7;6;25.7
1989-06-05;21.0;6;21.0
1989-06-06;19.2;6;19.2
1989-06-07;17.4;6;17.4
1989-06-08;21.0;6;21.0
1989-06-09;25.9;6;25.9
1989-06-10;25.7;6;25.7
1989-06-11;21.8;6;21.8
1989-06-12;35.2;6;35.2
1989-06-13;106.0;6;106.0
1989-06-14;50.0;6;50.0
1989-06-15;54.7;6;54.7
1989-06-16;41.3;6;41.3
1989-06-17;32.2;6;32.2
1989-06-18;34.8;6;34.8
1989-06-19;19.6;6;19.6
1989-06-20;14.1;6;14.1
1989-06-21;37.2;6;37.2
1989-06-22;29.0;6;29.0
1989-06-23;14.7;6;14.7
1989-06-24;13.8;6;13.8
1989-06-25;14.7;6;14.7
1989-06-26;20.6;6;20.6
1989-06-27;13.9;6;13.9
1989-06-28;10.7;6;10.7
1989-06-29;9.2;6;9.2
1989-06-30;8.4;6;8.4
1989-07-01;12.6;7;12.6
1989-07-02;14.4;7;14.4
1989-07-03;12.7;7;12.7
1989-07-04;11.6;7;11.6
1989-07-05;10.4;7;10.4
1989-07-06;21.1;7;21.1
1989-07-07;50.0;7;50.0
1989-07-08;34.7;7;34.7
1989-07-09;16.5;7;16.5
1989-07-10;12.6;7;12.6
1989-07-11;12.4;7;12.4
1989-07-12;11.6;7;11.6
1989-07-13;14.4;7;14.4
1989-07-14;15.1;7;15.1
1989-07-15;21.9;7;21.9
1989-07-16;58.3;7;58.3
1989-07-17;34.5;7;34.5
1989-07-18;19.4;7;19.4
1989-07-19;20.2;7;20.2
1989-07-20;14.7;7;14.7
1989-07-21;23.1;7;23.1
1989-07-22;28.5;7;28.5
1989-07-23;24.3;7;24.3
1989-07-24;13.8;7;13.8
1989-07-25;18.6;7;18.6
1989-07-26;26.2;7;26.2
1989-07-27;29.9;7;29.9
1989-07-28;14.9;7;14.9
1989-07-29;10.6;7;10.6
1989-07-30;8.5;7;8.5
1989-07-31;7.6;7;7.6
1989-08-01;6.9;8;6.9
1989-08-02;6.6;8;6.6
1989-08-03;7.2;8;7.2
1989-08-04;8.1;8;8.1
1989-08-05;9.5;8;9.5
1989-08-06;10.6;8;10.6
1989-08-07;10.7;8;10.7
1989-08-08;13.5;8;13.5
1989-08-09;10.5;8;10.5
1989-08-10;9.4;8;9.4
1989-08-11;8.0;8;8.0
1989-08-12;8.5;8;8.5
1989-08-13;9.0;8;9.0
1989-08-14;10.7;8;10.7
1989-08-15;14.1;8;14.1
1989-08-16;10.9;8;10.9
1989-08-17;7.9;8;7.9
1989-08-18;6.6;8;6.6
1989-08-19;6.2;8;6.2
1989-08-20;5.5;8;5.5
1989-08-21;5.4;8;5.4
1989-08-22;7.2;8;7.2
1989-08-23;5.4;8;5.4
1989-08-24;8.3;8;8.3
1989-08-25;6.0;8;6.0
1989-08-26;4.8;8;4.8
1989-08-27;5.6;8;5.6
1989-08-28;5.7;8;5.7
1989-08-29;7.3;8;7.3
1989-08-30;9.6;8;9.6
1989-08-31;9.3;8;9.3
1989-09-01;7.7;9;7.7
1989-09-02;9.1;9;9.1
1989-09-03;6.9;9;6.9
1989-09-04;6.3;9;6.3
1989-09-05;17.8;9;17.8
1989-09-06;38.8;9;38.8
1989-09-07;18.0;9;18.0
1989-09-08;10.2;9;10.2
1989-09-09;12.4;9;12.4
1989-09-10;11.8;9;11.8
1989-09-11;9.1;9;9.1
1989-09-12;8.0;9;8.0
1989-09-13;7.9;9;7.9
1989-09-14;6.2;9;6.2
1989-09-15;5.2;9;5.2
1989-09-16;8.0;9;8.0
1989-09-17;7.0;9;7.0
1989-09-18;6.4;9;6.4
1989-09-19;8.0;9;8.0
1989-09-20;8.3;9;8.3
1989-09-21;14.1;9;14.1
1989-09-22;15.2;9;15.2
1989-09-23;14.5;9;14.5
1989-09-24;10.7;9;10.7
1989-09-25;6.8;9;6.8
1989-09-26;7.3;9;7.3
1989-09-27;7.9;9;7.9
1989-09-28;18.8;9;18.8
1989-09-29;18.7;9;18.7
1989-09-30;11.0;9;11.0
1989-10-01;7.6;10;7.6
1989-10-02;6.4;10;6.4
1989-10-03;8.3;10;8.3
1989-10-04;16.9;10;16.9
1989-10-05;14.8;10;14.8
1989-10-06;12.2;10;12.2
1989-10-07;31.7;10;31.7
1989-10-08;15.0;10;15.0
1989-10-09;18.1;10;18.1
1989-10-10;24.4;10;24.4
1989-10-11;40.6;10;40.6
1989-10-12;44.0;10;44.0
1989-10-13;36.5;10;36.5
1989-10-14;42.3;10;42.3
1989-10-15;39.5;10;39.5
1989-10-16;20.8;10;20.8
1989-10-17;16.0;10;16.0
1989-10-18;16.6;10;16.6
1989-10-19;31.0;10;31.0
1989-10-20;18.4;10;18.4
1989-10-21;11.9;10;11.9
1989-10-22;12.3;10;12.3
1989-10-23;9.8;10;9.8
1989-10-24;25.4;10;25.4
1989-10-25;14.1;10;14.1
1989-10-26;14.2;10;14.2
1989-10-27;13.0;10;13.0
1989-10-28;12.8;10;12.8
1989-10-29;15.7;10;15.7
1989-10-30;20.3;10;20.3
1989-10-31;18.0;10;18.0
1989-11-01;12.0;11;12.0
1989-11-02;23.9;11;23.9
1989-11-03;47.1;11;47.1
1989-11-04;45.6;11;45.6
1989-11-05;27.9;11;27.9
1989-11-06;17.7;11;17.7
1989-11-07;11.6;11;11.6
1989-11-08;11.0;11;11.0
1989-11-09;9.7;11;9.7
1989-11-10;9.4;11;9.4
1989-11-11;8.6;11;8.6
1989-11-12;18.2;11;18.2
1989-11-13;40.5;11;40.5
1989-11-14;25.7;11;25.7
1989-11-15;19.7;11;19.7
1989-11-16;23.5;11;23.5
1989-11-17;21.6;11;21.6
1989-11-18;15.9;11;15.9
1989-11-19;13.2;11;13.2
1989-11-20;11.3;11;11.3
1989-11-21;11.4;11;11.4
1989-11-22;10.2;11;10.2
1989-11-23;10.3;11;10.3
1989-11-24;9.5;11;9.5
1989-11-25;8.6;11;8.6
1989-11-26;7.9;11;7.9
1989-11-27;6.5;11;6.5
1989-11-28;6.1;11;6.1
1989-11-29;5.7;11;5.7
1989-11-30;9.0;11;9.0
1989-12-01;13.8;12;13.8
1989-12-02;-999.000;12;11.6
1989-12-03;11.2;12;11.2
1989-12-04;9.9;12;9.9
1989-12-05;-999.000;12;8.5
1989-12-06;29.4;12;29.4
1989-12-07;19.1;12;19.1
1989-12-08;-999.000;12;16.78
1989-12-09;-999.000;12;22.084
1989-12-10;7.0;12;7.0
1989-12-11;6.9;12;6.9
1989-12-12;6.2;12;6.2
1989-12-13;5.6;12;5.6
1989-12-14;5.1;12;5.1
1989-12-15;4.8;12;4.8
1989-12-16;-999.000;12;4.1
1989-12-17;-999.000;12;5.3
1989-12-18;4.2;12;4.2
1989-12-19;4.1;12;4.1
1989-12-20;4.0;12;4.0
1989-12-21;4.0;12;4.0
1989-12-22;3.9;12;3.9
1989-12-23;-999.000;12;31.2
1989-12-24;3.9;12;3.9
1989-12-25;4.1;12;4.1
1989-12-26;4.2;12;4.2
1989-12-27;6.1;12;6.1
1989-12-28;4.6;12;4.6
1989-12-29;4.2;12;4.2
1989-12-30;4.1;12;4.1
1989-12-31;4.0;12;4.0
1990-01-01;3.9;1;3.9
1990-01-02;4.2;1;4.2
1990-01-03;4.0;1;4.0
1990-01-04;3.9;1;3.9
1990-01-05;3.8;1;3.8
1990-01-06;4.3;1;4.3
1990-01-07;4.9;1;4.9
1990-01-08;7.4;1;7.4
1990-01-09;4.6;1;4.6
1990-01-10;5.1;1;5.1
1990-01-11;4.9;1;4.9
1990-01-12;4.8;1;4.8
1990-01-13;4.8;1;4.8
1990-01-14;4.7;1;4.7
1990-01-15;4.2;1;4.2
1990-01-16;4.0;1;4.0
1990-01-17;3.9;1;3.9
1990-01-18;3.8;1;3.8
1990-01-19;3.7;1;3.7
1990-01-20;3.7;1;3.7
1990-01-21;3.8;1;3.8
1990-01-22;3.9;1;3.9
1990-01-23;3.9;1;3.9
1990-01-24;3.8;1;3.8
1990-01-25;3.7;1;3.7
1990-01-26;3.8;1;3.8
1990-01-27;3.9;1;3.9
1990-01-28;4.1;1;4.1
1990-01-29;4.1;1;4.1
1990-01-30;3.8;1;3.8
1990-01-31;3.6;1;3.6
1990-02-01;3.6;2;3.6
1990-02-02;3.4;2;3.4
1990-02-03;20.6;2;20.6
1990-02-04;4.6;2;4.6
1990-02-05;10.1;2;10.1
1990-02-06;14.4;2;14.4
1990-02-07;8.5;2;8.5
1990-02-08;5.3;2;5.3
1990-02-09;7.1;2;7.1
1990-02-10;9.41;2;9.41
1990-02-11;7.93;2;7.93
1990-02-12;5.0;2;5.0
1990-02-13;5.0;2;5.0
1990-02-14;9.7;2;9.7
1990-02-15;4.9;2;4.9
1990-02-16;4.6;2;4.6
1990-02-17;7.41;2;7.41
1990-02-18;4.2;2;4.2
1990-02-19;19.1;2;19.1
1990-02-20;50.9;2;50.9
1990-02-21;18.82;2;18.82
1990-02-22;10.9;2;10.9
1990-02-23;17.2;2;17.2
1990-02-24;10.82;2;10.82
1990-02-25;7.2;2;7.2
1990-02-26;5.8;2;5.8
1990-02-27;5.1;2;5.1
1990-02-28;4.7;2;4.7
1990-03-01;4.4;3;4.4
1990-03-02;4.3;3;4.3
1990-03-03;5.4;3;5.4
1990-03-04;5.2;3;5.2
1990-03-05;4.9;3;4.9
1990-03-06;6.4;3;6.4
1990-03-07;5.5;3;5.5
1990-03-08;4.8;3;4.8
1990-03-09;4.5;3;4.5
1990-03-10;6.4;3;6.4
1990-03-11;12.4;3;12.4
1990-03-12;10.6;3;10.6
1990-03-13;7.3;3;7.3
1990-03-14;5.5;3;5.5
1990-03-15;5.5;3;5.5
1990-03-16;6.0;3;6.0
1990-03-17;6.5;3;6.5
1990-03-18;6.1;3;6.1
1990-03-19;6.4;3;6.4
1990-03-20;4.8;3;4.8
1990-03-21;4.4;3;4.4
1990-03-22;4.3;3;4.3
1990-03-23;4.6;3;4.6
1990-03-24;13.1;3;13.1
1990-03-25;21.4;3;21.4
1990-03-26;26.0;3;26.0
1990-03-27;17.0;3;17.0
1990-03-28;9.3;3;9.3
1990-03-29;6.2;3;6.2
1990-03-30;5.7;3;5.7
1990-03-31;8.4;3;8.4
1990-04-01;47.0;4;47.0
1990-04-02;27.2;4;27.2
1990-04-03;27.2;4;27.2
1990-04-04;21.3;4;21.3
1990-04-05;15.3;4;15.3
1990-04-06;15.5;4;15.5
1990-04-07;19.3;4;19.3
1990-04-08;12.9;4;12.9
1990-04-09;9.4;4;9.4
1990-04-10;7.0;4;7.0
1990-04-11;5.8;4;5.8
1990-04-12;5.4;4;5.4
1990-04-13;5.3;4;5.3
1990-04-14;6.6;4;6.6
1990-04-15;18.4;4;18.4
1990-04-16;26.9;4;26.9
1990-04-17;26.8;4;26.8
1990-04-18;27.9;4;27.9
1990-04-19;17.2;4;17.2
1990-04-20;16.3;4;16.3
1990-04-21;34.3;4;34.3
1990-04-22;34.4;4;34.4
1990-04-23;36.1;4;36.1
1990-04-24;31.0;4;31.0
1990-04-25;23.8;4;23.8
1990-04-26;35.8;4;35.8
1990-04-27;26.8;4;26.8
1990-04-28;53.6;4;53.6
1990-04-29;140.8;4;140.8
1990-04-30;179.0;4;179.0
1990-05-01;73.5;5;73.5
1990-05-02;59.5;5;59.5
1990-05-03;51.9;5;51.9
1990-05-04;42.5;5;42.5
1990-05-05;48.8;5;48.8
1990-05-06;41.9;5;41.9
1990-05-07;24.6;5;24.6
1990-05-08;20.1;5;20.1
1990-05-09;19.0;5;19.0
1990-05-10;13.8;5;13.8
1990-05-11;17.1;5;17.1
1990-05-12;21.6;5;21.6
1990-05-13;17.6;5;17.6
1990-05-14;14.6;5;14.6
1990-05-15;14.0;5;14.0
1990-05-16;11.0;5;11.0
1990-05-17;9.5;5;9.5
1990-05-18;11.5;5;11.5
1990-05-19;32.9;5;32.9
1990-05-20;31.3;5;31.3
1990-05-21;28.9;5;28.9
1990-05-22;63.7;5;63.7
1990-05-23;50.9;5;50.9
1990-05-24;47.3;5;47.3
1990-05-25;38.3;5;38.3
1990-05-26;50.8;5;50.8
1990-05-27;32.2;5;32.2
1990-05-28;19.5;5;19.5
1990-05-29;45.9;5;45.9
1990-05-30;109.4;5;109.4
1990-05-31;37.0;5;37.0
1990-06-01;23.8;6;23.8
1990-06-02;20.9;6;20.9
1990-06-03;14.7;6;14.7
1990-06-04;11.5;6;11.5
1990-06-05;10.5;6;10.5
1990-06-06;20.1;6;20.1
1990-06-07;11.3;6;11.3
1990-06-08;8.7;6;8.7
1990-06-09;7.8;6;7.8
1990-06-10;21.6;6;21.6
1990-06-11;68.9;6;68.9
1990-06-12;23.4;6;23.4
1990-06-13;13.9;6;13.9
1990-06-14;11.8;6;11.8
1990-06-15;10.5;6;10.5
1990-06-16;9.6;6;9.6
1990-06-17;16.6;6;16.6
1990-06-18;13.0;6;13.0
1990-06-19;9.2;6;9.2
1990-06-20;10.4;6;10.4
1990-06-21;14.7;6;14.7
1990-06-22;19.3;6;19.3
1990-06-23;16.0;6;16.0
1990-06-24;11.7;6;11.7
1990-06-25;10.8;6;10.8
1990-06-26;8.1;6;8.1
1990-06-27;7.8;6;7.8
1990-06-28;8.7;6;8.7
1990-06-29;9.4;6;9.4
1990-06-30;11.9;6;11.9
1990-07-01;10.3;7;10.3
1990-07-02;8.4;7;8.4
1990-07-03;7.9;7;7.9
1990-07-04;9.7;7;9.7
1990-07-05;12.3;7;12.3
1990-07-06;12.0;7;12.0
1990-07-07;10.8;7;10.8
1990-07-08;7.3;7;7.3
1990-07-09;5.6;7;5.6
1990-07-10;9.4;7;9.4
1990-07-11;8.3;7;8.3
1990-07-12;29.1;7;29.1
1990-07-13;16.0;7;16.0
1990-07-14;12.6;7;12.6
1990-07-15;11.6;7;11.6
1990-07-16;34.7;7;34.7
1990-07-17;21.1;7;21.1
1990-07-18;14.2;7;14.2
1990-07-19;23.6;7;23.6
1990-07-20;17.0;7;17.0
1990-07-21;11.2;7;11.2
1990-07-22;10.0;7;10.0
1990-07-23;10.3;7;10.3
1990-07-24;12.1;7;12.1
1990-07-25;8.0;7;8.0
1990-07-26;6.0;7;6.0
1990-07-27;5.1;7;5.1
1990-07-28;6.9;7;6.9
1990-07-29;24.2;7;24.2
1990-07-30;20.7;7;20.7
1990-07-31;43.9;7;43.9
1990-08-01;18.1;8;18.1
1990-08-02;10.2;8;10.2
1990-08-03;10.2;8;10.2
1990-08-04;13.3;8;13.3
1990-08-05;9.6;8;9.6
1990-08-06;7.2;8;7.2
1990-08-07;8.7;8;8.7
1990-08-08;12.0;8;12.0
1990-08-09;10.0;8;10.0
1990-08-10;22.7;8;22.7
1990-08-11;18.9;8;18.9
1990-08-12;12.0;8;12.0
1990-08-13;12.6;8;12.6
1990-08-14;16.9;8;16.9
1990-08-15;12.6;8;12.6
1990-08-16;8.6;8;8.6
1990-08-17;7.3;8;7.3
1990-08-18;8.3;8;8.3
1990-08-19;8.2;8;8.2
1990-08-20;6.7;8;6.7
1990-08-21;11.7;8;11.7
1990-08-22;9.3;8;9.3
1990-08-23;6.3;8;6.3
1990-08-24;5.7;8;5.7
1990-08-25;5.5;8;5.5
1990-08-26;5.4;8;5.4
1990-08-27;6.2;8;6.2
1990-08-28;6.7;8;6.7
1990-08-29;11.4;8;11.4
1990-08-30;10.5;8;10.5
1990-08-31;7.0;8;7.0
1990-09-01;6.4;9;6.4
1990-09-02;6.2;9;6.2
1990-09-03;5.6;9;5.6
1990-09-04;11.8;9;11.8
1990-09-05;9.5;9;9.5
1990-09-06;5.9;9;5.9
1990-09-07;5.1;9;5.1
1990-09-08;4.8;9;4.8
1990-09-09;7.6;9;7.6
1990-09-10;10.3;9;10.3
1990-09-11;7.6;9;7.6
1990-09-12;7.0;9;7.0
1990-09-13;6.8;9;6.8
1990-09-14;10.4;9;10.4
1990-09-15;14.1;9;14.1
1990-09-16;8.6;9;8.6
1990-09-17;5.7;9;5.7
1990-09-18;4.7;9;4.7
1990-09-19;4.4;9;4.4
1990-09-20;4.3;9;4.3
1990-09-21;4.3;9;4.3
1990-09-22;4.3;9;4.3
1990-09-23;4.4;9;4.4
1990-09-24;8.1;9;8.1
1990-09-25;10.8;9;10.8
1990-09-26;8.5;9;8.5
1990-09-27;5.1;9;5.1
1990-09-28;4.4;9;4.4
1990-09-29;4.3;9;4.3
1990-09-30;4.3;9;4.3
1990-10-01;4.3;10;4.3
1990-10-02;4.3;10;4.3
1990-10-03;5.5;10;5.5
1990-10-04;6.6;10;6.6
1990-10-05;9.4;10;9.4
1990-10-06;6.7;10;6.7
1990-10-07;9.2;10;9.2
1990-10-08;9.1;10;9.1
1990-10-09;7.2;10;7.2
1990-10-10;13.0;10;13.0
1990-10-11;15.0;10;15.0
1990-10-12;28.5;10;28.5
1990-10-13;23.9;10;23.9
1990-10-14;15.8;10;15.8
1990-10-15;12.1;10;12.1
1990-10-16;10.2;10;10.2
1990-10-17;8.6;10;8.6
1990-10-18;9.3;10;9.3
1990-10-19;10.7;10;10.7
1990-10-20;42.4;10;42.4
1990-10-21;23.6;10;23.6
1990-10-22;12.7;10;12.7
1990-10-23;26.9;10;26.9
1990-10-24;21.0;10;21.0
1990-10-25;13.7;10;13.7
1990-10-26;13.9;10;13.9
1990-10-27;14.7;10;14.7
1990-10-28;13.8;10;13.8
1990-10-29;24.0;10;24.0
1990-10-30;17.4;10;17.4
1990-10-31;23.7;10;23.7
1990-11-01;29.6;11;29.6
1990-11-02;22.3;11;22.3
1990-11-03;50.2;11;50.2
1990-11-04;35.2;11;35.2
1990-11-05;19.6;11;19.6
1990-11-06;15.4;11;15.4
1990-11-07;11.2;11;11.2
1990-11-08;15.9;11;15.9
1990-11-09;11.3;11;11.3
1990-11-10;10.0;11;10.0
1990-11-11;9.6;11;9.6
1990-11-12;9.8;11;9.8
1990-11-13;9.0;11;9.0
1990-11-14;7.3;11;7.3
1990-11-15;6.9;11;6.9
1990-11-16;6.3;11;6.3
1990-11-17;5.7;11;5.7
1990-11-18;11.7;11;11.7
1990-11-19;13.6;11;13.6
1990-11-20;10.7;11;10.7
1990-11-21;12.2;11;12.2
1990-11-22;16.4;11;16.4
1990-11-23;14.2;11;14.2
1990-11-24;132.1;11;132.1
1990-11-25;25.4;11;25.4
1990-11-26;15.8;11;15.8
1990-11-27;22.3;11;22.3
1990-11-28;13.3;11;13.3
1990-11-29;10.5;11;10.5
1990-11-30;16.2;11;16.2
1990-12-01;13.9;12;13.9
1990-12-02;9.5;12;9.5
1990-12-03;35.5;12;35.5
1990-12-04;18.8;12;18.8
1990-12-05;53.0;12;53.0
1990-12-06;49.4;12;49.4
1990-12-07;43.5;12;43.5
1990-12-08;51.5;12;51.5
1990-12-09;48.1;12;48.1
1990-12-10;19.7;12;19.7
1990-12-11;13.8;12;13.8
1990-12-12;11.9;12;11.9
1990-12-13;9.7;12;9.7
1990-12-14;8.4;12;8.4
1990-12-15;7.9;12;7.9
1990-12-16;7.7;12;7.7
1990-12-17;7.8;12;7.8
1990-12-18;6.3;12;6.3
1990-12-19;5.6;12;5.6
1990-12-20;5.4;12;5.4
1990-12-21;5.2;12;5.2
1990-12-22;4.9;12;4.9
1990-12-23;4.7;12;4.7
1990-12-24;9.6;12;9.6
1990-12-25;16.5;12;16.5
1990-12-26;7.1;12;7.1
1990-12-27;5.6;12;5.6
1990-12-28;7.3;12;7.3
1990-12-29;9.3;12;9.3
1990-12-30;16.7;12;16.7
1990-12-31;42.6;12;42.6
1991-01-01;12.1;1;12.1
1991-01-02;11.3;1;11.3
1991-01-03;16.2;1;16.2
1991-01-04;10.3;1;10.3
1991-01-05;7.8;1;7.8
1991-01-06;6.1;1;6.1
1991-01-07;5.6;1;5.6
1991-01-08;9.1;1;9.1
1991-01-09;5.9;1;5.9
1991-01-10;5.0;1;5.0
1991-01-11;4.7;1;4.7
1991-01-12;4.6;1;4.6
1991-01-13;4.4;1;4.4
1991-01-14;4.3;1;4.3
1991-01-15;4.2;1;4.2
1991-01-16;4.3;1;4.3
1991-01-17;4.2;1;4.2
1991-01-18;4.0;1;4.0
1991-01-19;4.0;1;4.0
1991-01-20;3.9;1;3.9
1991-01-21;3.9;1;3.9
1991-01-22;3.8;1;3.8
1991-01-23;3.7;1;3.7
1991-01-24;3.7;1;3.7
1991-01-25;3.6;1;3.6
1991-01-26;3.5;1;3.5
1991-01-27;3.5;1;3.5
1991-01-28;3.5;1;3.5
1991-01-29;3.5;1;3.5
1991-01-30;3.5;1;3.5
1991-01-31;3.4;1;3.4
1991-02-01;3.4;2;3.4
1991-02-02;3.3;2;3.3
1991-02-03;3.4;2;3.4
1991-02-04;3.8;2;3.8
1991-02-05;3.8;2;3.8
1991-02-06;3.8;2;3.8
1991-02-07;3.6;2;3.6
1991-02-08;3.5;2;3.5
1991-02-09;3.5;2;3.5
1991-02-10;3.4;2;3.4
1991-02-11;3.4;2;3.4
1991-02-12;3.5;2;3.5
1991-02-13;3.5;2;3.5
1991-02-14;3.5;2;3.5
1991-02-15;3.7;2;3.7
1991-02-16;3.5;2;3.5
1991-02-17;3.4;2;3.4
1991-02-18;3.4;2;3.4
1991-02-19;3.3;2;3.3
1991-02-20;3.4;2;3.4
1991-02-21;3.6;2;3.6
1991-02-22;3.5;2;3.5
1991-02-23;3.4;2;3.4
1991-02-24;3.3;2;3.3
1991-02-25;3.4;2;3.4
1991-02-26;3.8;2;3.8
1991-02-27;4.2;2;4.2
1991-02-28;4.0;2;4.0
1991-03-01;3.9;3;3.9
1991-03-02;4.2;3;4.2
1991-03-03;26.1;3;26.1
1991-03-04;19.5;3;19.5
1991-03-05;8.4;3;8.4
1991-03-06;6.5;3;6.5
1991-03-07;16.9;3;16.9
1991-03-08;27.6;3;27.6
1991-03-09;25.7;3;25.7
1991-03-10;20.0;3;20.0
1991-03-11;26.1;3;26.1
1991-03-12;50.1;3;50.1
1991-03-13;94.6;3;94.6
1991-03-14;59.1;3;59.1
1991-03-15;23.4;3;23.4
1991-03-16;12.8;3;12.8
1991-03-17;8.4;3;8.4
1991-03-18;7.4;3;7.4
1991-03-19;6.0;3;6.0
1991-03-20;5.0;3;5.0
1991-03-21;4.3;3;4.3
1991-03-22;4.3;3;4.3
1991-03-23;6.6;3;6.6
1991-03-24;9.4;3;9.4
1991-03-25;6.9;3;6.9
1991-03-26;32.6;3;32.6
1991-03-27;24.2;3;24.2
1991-03-28;180.5;3;180.5
1991-03-29;48.2;3;48.2
1991-03-30;48.8;3;48.8
1991-03-31;56.8;3;56.8
1991-04-01;37.5;4;37.5
1991-04-02;27.9;4;27.9
1991-04-03;27.4;4;27.4
1991-04-04;19.6;4;19.6
1991-04-05;12.7;4;12.7
1991-04-06;15.5;4;15.5
1991-04-07;15.0;4;15.0
1991-04-08;15.0;4;15.0
1991-04-09;15.1;4;15.1
1991-04-10;17.5;4;17.5
1991-04-11;21.1;4;21.1
1991-04-12;45.9;4;45.9
1991-04-13;77.7;4;77.7
1991-04-14;49.1;4;49.1
1991-04-15;139.6;4;139.6
1991-04-16;53.1;4;53.1
1991-04-17;33.4;4;33.4
1991-04-18;26.1;4;26.1
1991-04-19;24.9;4;24.9
1991-04-20;19.7;4;19.7
1991-04-21;14.6;4;14.6
1991-04-22;12.5;4;12.5
1991-04-23;12.8;4;12.8
1991-04-24;15.7;4;15.7
1991-04-25;11.1;4;11.1
1991-04-26;8.9;4;8.9
1991-04-27;7.9;4;7.9
1991-04-28;11.3;4;11.3
1991-04-29;11.0;4;11.0
1991-04-30;8.3;4;8.3
1991-05-01;11.3;5;11.3
1991-05-02;12.0;5;12.0
1991-05-03;11.8;5;11.8
1991-05-04;10.0;5;10.0
1991-05-05;10.3;5;10.3
1991-05-06;8.9;5;8.9
1991-05-07;7.4;5;7.4
1991-05-08;7.6;5;7.6
1991-05-09;6.3;5;6.3
1991-05-10;5.5;5;5.5
1991-05-11;8.0;5;8.0
1991-05-12;8.6;5;8.6
1991-05-13;10.5;5;10.5
1991-05-14;9.5;5;9.5
1991-05-15;14.9;5;14.9
1991-05-16;14.2;5;14.2
1991-05-17;13.7;5;13.7
1991-05-18;13.0;5;13.0
1991-05-19;54.1;5;54.1
1991-05-20;61.7;5;61.7
1991-05-21;59.7;5;59.7
1991-05-22;84.4;5;84.4
1991-05-23;53.8;5;53.8
1991-05-24;45.3;5;45.3
1991-05-25;24.1;5;24.1
1991-05-26;25.6;5;25.6
1991-05-27;20.5;5;20.5
1991-05-28;12.5;5;12.5
1991-05-29;10.6;5;10.6
1991-05-30;26.8;5;26.8
1991-05-31;16.3;5;16.3
1991-06-01;14.6;6;14.6
1991-06-02;13.2;6;13.2
1991-06-03;14.2;6;14.2
1991-06-04;13.7;6;13.7
1991-06-05;9.7;6;9.7
1991-06-06;9.1;6;9.1
1991-06-07;9.1;6;9.1
1991-06-08;7.5;6;7.5
1991-06-09;9.1;6;9.1
1991-06-10;8.8;6;8.8
1991-06-11;17.4;6;17.4
1991-06-12;10.6;6;10.6
1991-06-13;10.4;6;10.4
1991-06-14;12.6;6;12.6
1991-06-15;8.7;6;8.7
1991-06-16;6.8;6;6.8
1991-06-17;6.5;6;6.5
1991-06-18;6.6;6;6.6
1991-06-19;5.7;6;5.7
1991-06-20;5.1;6;5.1
1991-06-21;4.8;6;4.8
1991-06-22;5.0;6;5.0
1991-06-23;19.5;6;19.5
1991-06-24;13.5;6;13.5
1991-06-25;10.0;6;10.0
1991-06-26;9.6;6;9.6
1991-06-27;9.6;6;9.6
1991-06-28;16.8;6;16.8
1991-06-29;14.2;6;14.2
1991-06-30;24.9;6;24.9
1991-07-01;45.0;7;45.0
1991-07-02;33.6;7;33.6
1991-07-03;18.4;7;18.4
1991-07-04;14.7;7;14.7
1991-07-05;16.3;7;16.3
1991-07-06;26.6;7;26.6
1991-07-07;27.5;7;27.5
1991-07-08;19.4;7;19.4
1991-07-09;18.1;7;18.1
1991-07-10;19.7;7;19.7
1991-07-11;39.8;7;39.8
1991-07-12;57.5;7;57.5
1991-07-13;25.9;7;25.9
1991-07-14;14.3;7;14.3
1991-07-15;13.0;7;13.0
1991-07-16;21.4;7;21.4
1991-07-17;18.2;7;18.2
1991-07-18;19.3;7;19.3
1991-07-19;26.2;7;26.2
1991-07-20;30.8;7;30.8
1991-07-21;25.6;7;25.6
1991-07-22;16.6;7;16.6
1991-07-23;12.0;7;12.0
1991-07-24;10.4;7;10.4
1991-07-25;13.0;7;13.0
1991-07-26;25.9;7;25.9
1991-07-27;25.1;7;25.1
1991-07-28;15.1;7;15.1
1991-07-29;16.5;7;16.5
1991-07-30;13.3;7;13.3
1991-07-31;19.6;7;19.6
1991-08-01;14.1;8;14.1
1991-08-02;13.8;8;13.8
1991-08-03;26.4;8;26.4
1991-08-04;16.8;8;16.8
1991-08-05;10.5;8;10.5
1991-08-06;9.2;8;9.2
1991-08-07;49.6;8;49.6
1991-08-08;126.6;8;126.6
1991-08-09;75.2;8;75.2
1991-08-10;29.7;8;29.7
1991-08-11;19.4;8;19.4
1991-08-12;12.9;8;12.9
1991-08-13;10.5;8;10.5
1991-08-14;43.8;8;43.8
1991-08-15;71.0;8;71.0
1991-08-16;49.8;8;49.8
1991-08-17;36.9;8;36.9
1991-08-18;30.7;8;30.7
1991-08-19;30.3;8;30.3
1991-08-20;32.4;8;32.4
1991-08-21;24.0;8;24.0
1991-08-22;18.7;8;18.7
1991-08-23;14.1;8;14.1
1991-08-24;30.4;8;30.4
1991-08-25;27.8;8;27.8
1991-08-26;15.6;8;15.6
1991-08-27;11.2;8;11.2
1991-08-28;16.3;8;16.3
1991-08-29;14.5;8;14.5
1991-08-30;15.2;8;15.2
1991-08-31;23.0;8;23.0
1991-09-01;17.4;9;17.4
1991-09-02;14.4;9;14.4
1991-09-03;10.0;9;10.0
1991-09-04;8.2;9;8.2
1991-09-05;7.5;9;7.5
1991-09-06;6.7;9;6.7
1991-09-07;7.3;9;7.3
1991-09-08;6.3;9;6.3
1991-09-09;5.3;9;5.3
1991-09-10;5.4;9;5.4
1991-09-11;5.9;9;5.9
1991-09-12;8.2;9;8.2
1991-09-13;6.2;9;6.2
1991-09-14;5.3;9;5.3
1991-09-15;5.0;9;5.0
1991-09-16;5.8;9;5.8
1991-09-17;14.0;9;14.0
1991-09-18;9.3;9;9.3
1991-09-19;6.6;9;6.6
1991-09-20;9.4;9;9.4
1991-09-21;13.7;9;13.7
1991-09-22;10.1;9;10.1
1991-09-23;21.7;9;21.7
1991-09-24;25.6;9;25.6
1991-09-25;18.8;9;18.8
1991-09-26;19.3;9;19.3
1991-09-27;19.2;9;19.2
1991-09-28;10.7;9;10.7
1991-09-29;8.0;9;8.0
1991-09-30;6.6;9;6.6
1991-10-01;6.0;10;6.0
1991-10-02;8.5;10;8.5
1991-10-03;6.9;10;6.9
1991-10-04;13.1;10;13.1
1991-10-05;12.0;10;12.0
1991-10-06;14.2;10;14.2
1991-10-07;11.7;10;11.7
1991-10-08;23.1;10;23.1
1991-10-09;78.5;10;78.5
1991-10-10;101.8;10;101.8
1991-10-11;28.6;10;28.6
1991-10-12;16.5;10;16.5
1991-10-13;14.6;10;14.6
1991-10-14;12.2;10;12.2
1991-10-15;15.5;10;15.5
1991-10-16;16.7;10;16.7
1991-10-17;10.4;10;10.4
1991-10-18;10.1;10;10.1
1991-10-19;9.7;10;9.7
1991-10-20;7.7;10;7.7
1991-10-21;6.3;10;6.3
1991-10-22;5.4;10;5.4
1991-10-23;5.4;10;5.4
1991-10-24;5.1;10;5.1
1991-10-25;4.8;10;4.8
1991-10-26;5.4;10;5.4
1991-10-27;4.8;10;4.8
1991-10-28;4.7;10;4.7
1991-10-29;4.5;10;4.5
1991-10-30;5.7;10;5.7
1991-10-31;11.1;10;11.1
1991-11-01;6.3;11;6.3
1991-11-02;5.4;11;5.4
1991-11-03;4.9;11;4.9
1991-11-04;6.5;11;6.5
1991-11-05;24.7;11;24.7
1991-11-06;20.8;11;20.8
1991-11-07;20.1;11;20.1
1991-11-08;38.3;11;38.3
1991-11-09;92.7;11;92.7
1991-11-10;49.4;11;49.4
1991-11-11;44.3;11;44.3
1991-11-12;34.0;11;34.0
1991-11-13;27.9;11;27.9
1991-11-14;33.4;11;33.4
1991-11-15;54.4;11;54.4
1991-11-16;53.8;11;53.8
1991-11-17;46.4;11;46.4
1991-11-18;48.9;11;48.9
1991-11-19;32.2;11;32.2
1991-11-20;20.9;11;20.9
1991-11-21;18.2;11;18.2
1991-11-22;17.2;11;17.2
1991-11-23;13.2;11;13.2
1991-11-24;31.6;11;31.6
1991-11-25;27.4;11;27.4
1991-11-26;39.0;11;39.0
1991-11-27;21.6;11;21.6
1991-11-28;14.1;11;14.1
1991-11-29;11.8;11;11.8
1991-11-30;11.8;11;11.8
1991-12-01;11.1;12;11.1
1991-12-02;9.0;12;9.0
1991-12-03;9.9;12;9.9
1991-12-04;12.7;12;12.7
1991-12-05;10.7;12;10.7
1991-12-06;15.9;12;15.9
1991-12-07;11.8;12;11.8
1991-12-08;8.7;12;8.7
1991-12-09;7.9;12;7.9
1991-12-10;8.6;12;8.6
1991-12-11;9.5;12;9.5
1991-12-12;9.8;12;9.8
1991-12-13;6.3;12;6.3
1991-12-14;5.5;12;5.5
1991-12-15;19.3;12;19.3
1991-12-16;40.9;12;40.9
1991-12-17;137.9;12;137.9
1991-12-18;54.6;12;54.6
1991-12-19;25.6;12;25.6
1991-12-20;14.6;12;14.6
1991-12-21;7.5;12;7.5
1991-12-22;5.4;12;5.4
1991-12-23;9.9;12;9.9
1991-12-24;8.1;12;8.1
1991-12-25;5.2;12;5.2
1991-12-26;4.3;12;4.3
1991-12-27;4.1;12;4.1
1991-12-28;3.9;12;3.9
1991-12-29;4.7;12;4.7
1991-12-30;5.2;12;5.2
1991-12-31;3.9;12;3.9
1992-01-01;3.58;1;3.58
1992-01-02;3.4;1;3.4
1992-01-03;3.3;1;3.3
1992-01-04;3.2;1;3.2
1992-01-05;3.13;1;3.13
1992-01-06;3.24;1;3.24
1992-01-07;3.15;1;3.15
1992-01-08;3.19;1;3.19
1992-01-09;3.02;1;3.02
1992-01-10;2.83;1;2.83
1992-01-11;2.7;1;2.7
1992-01-12;2.62;1;2.62
1992-01-13;2.55;1;2.55
1992-01-14;2.48;1;2.48
1992-01-15;2.44;1;2.44
1992-01-16;2.58;1;2.58
1992-01-17;2.62;1;2.62
1992-01-18;2.57;1;2.57
1992-01-19;2.5;1;2.5
1992-01-20;2.44;1;2.44
1992-01-21;2.42;1;2.42
1992-01-22;2.4;1;2.4
1992-01-23;2.36;1;2.36
1992-01-24;2.73;1;2.73
1992-01-25;3.45;1;3.45
1992-01-26;3.06;1;3.06
1992-01-27;2.71;1;2.71
1992-01-28;2.57;1;2.57
1992-01-29;5.07;1;5.07
1992-01-30;5.11;1;5.11
1992-01-31;4.68;1;4.68
1992-02-01;4.54;2;4.54
1992-02-02;4.25;2;4.25
1992-02-03;4.04;2;4.04
1992-02-04;3.9;2;3.9
1992-02-05;3.79;2;3.79
1992-02-06;3.7;2;3.7
1992-02-07;3.65;2;3.65
1992-02-08;3.6;2;3.6
1992-02-09;3.6;2;3.6
1992-02-10;3.59;2;3.59
1992-02-11;3.57;2;3.57
1992-02-12;6.87;2;6.87
1992-02-13;4.78;2;4.78
1992-02-14;4.11;2;4.11
1992-02-15;3.94;2;3.94
1992-02-16;4.46;2;4.46
1992-02-17;5.24;2;5.24
1992-02-18;3.97;2;3.97
1992-02-19;3.82;2;3.82
1992-02-20;3.88;2;3.88
1992-02-21;3.93;2;3.93
1992-02-22;4.81;2;4.81
1992-02-23;4.39;2;4.39
1992-02-24;4.16;2;4.16
1992-02-25;3.9;2;3.9
1992-02-26;3.78;2;3.78
1992-02-27;3.89;2;3.89
1992-02-28;3.98;2;3.98
1992-02-29;3.81;2;3.81
1992-03-01;3.88;3;3.88
1992-03-02;3.98;3;3.98
1992-03-03;3.96;3;3.96
1992-03-04;3.79;3;3.79
1992-03-05;3.73;3;3.73
1992-03-06;4.07;3;4.07
1992-03-07;6.31;3;6.31
1992-03-08;7.46;3;7.46
1992-03-09;5.94;3;5.94
1992-03-10;4.18;3;4.18
1992-03-11;3.9;3;3.9
1992-03-12;3.76;3;3.76
1992-03-13;3.77;3;3.77
1992-03-14;3.87;3;3.87
1992-03-15;4.05;3;4.05
1992-03-16;4.01;3;4.01
1992-03-17;3.85;3;3.85
1992-03-18;3.72;3;3.72
1992-03-19;3.61;3;3.61
1992-03-20;3.61;3;3.61
1992-03-21;3.58;3;3.58
1992-03-22;3.58;3;3.58
1992-03-23;3.45;3;3.45
1992-03-24;3.35;3;3.35
1992-03-25;3.28;3;3.28
1992-03-26;3.25;3;3.25
1992-03-27;3.25;3;3.25
1992-03-28;3.25;3;3.25
1992-03-29;3.51;3;3.51
1992-03-30;3.3;3;3.3
1992-03-31;3.26;3;3.26
1992-04-01;4.97;4;4.97
1992-04-02;6.11;4;6.11
1992-04-03;4.35;4;4.35
1992-04-04;3.92;4;3.92
1992-04-05;3.7;4;3.7
1992-04-06;3.63;4;3.63
1992-04-07;4.18;4;4.18
1992-04-08;12.59;4;12.59
1992-04-09;17.82;4;17.82
1992-04-10;13.08;4;13.08
1992-04-11;9.65;4;9.65
1992-04-12;6.22;4;6.22
1992-04-13;4.95;4;4.95
1992-04-14;4.43;4;4.43
1992-04-15;4.69;4;4.69
1992-04-16;4.41;4;4.41
1992-04-17;4.23;4;4.23
1992-04-18;4.29;4;4.29
1992-04-19;4.82;4;4.82
1992-04-20;4.61;4;4.61
1992-04-21;5.63;4;5.63
1992-04-22;10.77;4;10.77
1992-04-23;8.7;4;8.7
1992-04-24;5.78;4;5.78
1992-04-25;6.72;4;6.72
1992-04-26;24.01;4;24.01
1992-04-27;50.6;4;50.6
1992-04-28;20.02;4;20.02
1992-04-29;10.79;4;10.79
1992-04-30;9.96;4;9.96
1992-05-01;9.2;5;9.2
1992-05-02;6.17;5;6.17
1992-05-03;5.99;5;5.99
1992-05-04;13.32;5;13.32
1992-05-05;18.67;5;18.67
1992-05-06;18.45;5;18.45
1992-05-07;24.2;5;24.2
1992-05-08;11.35;5;11.35
1992-05-09;8.87;5;8.87
1992-05-10;9.47;5;9.47
1992-05-11;9.6;5;9.6
1992-05-12;33.97;5;33.97
1992-05-13;17.14;5;17.14
1992-05-14;11.16;5;11.16
1992-05-15;10.84;5;10.84
1992-05-16;8.75;5;8.75
1992-05-17;8.25;5;8.25
1992-05-18;8.29;5;8.29
1992-05-19;8.62;5;8.62
1992-05-20;8.47;5;8.47
1992-05-21;7.48;5;7.48
1992-05-22;7.54;5;7.54
1992-05-23;10.41;5;10.41
1992-05-24;8.67;5;8.67
1992-05-25;10.84;5;10.84
1992-05-26;11.26;5;11.26
1992-05-27;12.48;5;12.48
1992-05-28;8.67;5;8.67
1992-05-29;7.51;5;7.51
1992-05-30;8.33;5;8.33
1992-05-31;8.27;5;8.27
1992-06-01;6.68;6;6.68
1992-06-02;12.25;6;12.25
1992-06-03;13.65;6;13.65
1992-06-04;10.0;6;10.0
1992-06-05;8.68;6;8.68
1992-06-06;7.11;6;7.11
1992-06-07;5.44;6;5.44
1992-06-08;5.07;6;5.07
1992-06-09;5.0;6;5.0
1992-06-10;5.14;6;5.14
1992-06-11;5.09;6;5.09
1992-06-12;5.16;6;5.16
1992-06-13;9.4;6;9.4
1992-06-14;7.12;6;7.12
1992-06-15;5.8;6;5.8
1992-06-16;5.15;6;5.15
1992-06-17;5.0;6;5.0
1992-06-18;5.37;6;5.37
1992-06-19;8.69;6;8.69
1992-06-20;14.09;6;14.09
1992-06-21;12.51;6;12.51
1992-06-22;7.6;6;7.6
1992-06-23;5.67;6;5.67
1992-06-24;5.1;6;5.1
1992-06-25;4.85;6;4.85
1992-06-26;4.6;6;4.6
1992-06-27;4.6;6;4.6
1992-06-28;7.48;6;7.48
1992-06-29;10.39;6;10.39
1992-06-30;9.01;6;9.01
1992-07-01;7.2;7;7.2
1992-07-02;4.95;7;4.95
1992-07-03;7.6;7;7.6
1992-07-04;9.94;7;9.94
1992-07-05;11.63;7;11.63
1992-07-06;15.26;7;15.26
1992-07-07;16.35;7;16.35
1992-07-08;26.3;7;26.3
1992-07-09;36.13;7;36.13
1992-07-10;42.24;7;42.24
1992-07-11;29.15;7;29.15
1992-07-12;17.7;7;17.7
1992-07-13;32.43;7;32.43
1992-07-14;33.73;7;33.73
1992-07-15;18.11;7;18.11
1992-07-16;42.47;7;42.47
1992-07-17;23.61;7;23.61
1992-07-18;16.26;7;16.26
1992-07-19;10.65;7;10.65
1992-07-20;9.75;7;9.75
1992-07-21;22.84;7;22.84
1992-07-22;38.89;7;38.89
1992-07-23;93.15;7;93.15
1992-07-24;58.47;7;58.47
1992-07-25;32.17;7;32.17
1992-07-26;37.12;7;37.12
1992-07-27;23.85;7;23.85
1992-07-28;26.92;7;26.92
1992-07-29;20.77;7;20.77
1992-07-30;20.12;7;20.12
1992-07-31;20.78;7;20.78
1992-08-01;24.29;8;24.29
1992-08-02;36.06;8;36.06
1992-08-03;30.7;8;30.7
1992-08-04;15.11;8;15.11
1992-08-05;11.75;8;11.75
1992-08-06;11.55;8;11.55
1992-08-07;17.74;8;17.74
1992-08-08;14.69;8;14.69
1992-08-09;10.77;8;10.77
1992-08-10;13.8;8;13.8
1992-08-11;16.47;8;16.47
1992-08-12;21.42;8;21.42
1992-08-13;16.78;8;16.78
1992-08-14;12.56;8;12.56
1992-08-15;9.65;8;9.65
1992-08-16;10.81;8;10.81
1992-08-17;14.63;8;14.63
1992-08-18;9.12;8;9.12
1992-08-19;7.05;8;7.05
1992-08-20;11.49;8;11.49
1992-08-21;12.86;8;12.86
1992-08-22;10.01;8;10.01
1992-08-23;10.27;8;10.27
1992-08-24;10.69;8;10.69
1992-08-25;10.27;8;10.27
1992-08-26;8.74;8;8.74
1992-08-27;7.31;8;7.31
1992-08-28;9.73;8;9.73
1992-08-29;8.67;8;8.67
1992-08-30;6.46;8;6.46
1992-08-31;7.41;8;7.41
1992-09-01;6.6;9;6.6
1992-09-02;6.09;9;6.09
1992-09-03;4.95;9;4.95
1992-09-04;5.56;9;5.56
1992-09-05;5.96;9;5.96
1992-09-06;5.25;9;5.25
1992-09-07;4.9;9;4.9
1992-09-08;5.0;9;5.0
1992-09-09;4.85;9;4.85
1992-09-10;5.66;9;5.66
1992-09-11;5.78;9;5.78
1992-09-12;4.82;9;4.82
1992-09-13;4.5;9;4.5
1992-09-14;4.31;9;4.31
1992-09-15;4.36;9;4.36
1992-09-16;4.31;9;4.31
1992-09-17;4.25;9;4.25
1992-09-18;4.13;9;4.13
1992-09-19;4.0;9;4.0
1992-09-20;3.93;9;3.93
1992-09-21;3.88;9;3.88
1992-09-22;4.77;9;4.77
1992-09-23;13.29;9;13.29
1992-09-24;13.5;9;13.5
1992-09-25;22.6;9;22.6
1992-09-26;19.54;9;19.54
1992-09-27;10.83;9;10.83
1992-09-28;8.38;9;8.38
1992-09-29;18.42;9;18.42
1992-09-30;14.96;9;14.96
1992-10-01;7.83;10;7.83
1992-10-02;5.7;10;5.7
1992-10-03;5.3;10;5.3
1992-10-04;4.75;10;4.75
1992-10-05;4.48;10;4.48
1992-10-06;4.74;10;4.74
1992-10-07;4.71;10;4.71
1992-10-08;7.19;10;7.19
1992-10-09;14.43;10;14.43
1992-10-10;11.65;10;11.65
1992-10-11;12.56;10;12.56
1992-10-12;12.75;10;12.75
1992-10-13;9.47;10;9.47
1992-10-14;6.47;10;6.47
1992-10-15;5.11;10;5.11
1992-10-16;4.54;10;4.54
1992-10-17;4.55;10;4.55
1992-10-18;4.29;10;4.29
1992-10-19;4.18;10;4.18
1992-10-20;4.13;10;4.13
1992-10-21;4.1;10;4.1
1992-10-22;4.08;10;4.08
1992-10-23;4.0;10;4.0
1992-10-24;4.26;10;4.26
1992-10-25;4.4;10;4.4
1992-10-26;4.15;10;4.15
1992-10-27;4.03;10;4.03
1992-10-28;4.1;10;4.1
1992-10-29;5.39;10;5.39
1992-10-30;4.38;10;4.38
1992-10-31;4.08;10;4.08
1992-11-01;3.9;11;3.9
1992-11-02;3.9;11;3.9
1992-11-03;3.83;11;3.83
1992-11-04;3.73;11;3.73
1992-11-05;3.65;11;3.65
1992-11-06;20.51;11;20.51
1992-11-07;12.73;11;12.73
1992-11-08;6.39;11;6.39
1992-11-09;5.59;11;5.59
1992-11-10;5.1;11;5.1
1992-11-11;4.37;11;4.37
1992-11-12;5.16;11;5.16
1992-11-13;17.3;11;17.3
1992-11-14;25.49;11;25.49
1992-11-15;74.51;11;74.51
1992-11-16;32.39;11;32.39
1992-11-17;46.41;11;46.41
1992-11-18;38.1;11;38.1
1992-11-19;19.94;11;19.94
1992-11-20;13.75;11;13.75
1992-11-21;14.94;11;14.94
1992-11-22;13.97;11;13.97
1992-11-23;22.03;11;22.03
1992-11-24;32.52;11;32.52
1992-11-25;19.93;11;19.93
1992-11-26;14.54;11;14.54
1992-11-27;14.73;11;14.73
1992-11-28;31.04;11;31.04
1992-11-29;61.85;11;61.85
1992-11-30;41.88;11;41.88
1992-12-01;54.5;12;54.5
1992-12-02;28.74;12;28.74
1992-12-03;57.94;12;57.94
1992-12-04;96.09;12;96.09
1992-12-05;36.21;12;36.21
1992-12-06;23.4;12;23.4
1992-12-07;19.03;12;19.03
1992-12-08;19.93;12;19.93
1992-12-09;15.63;12;15.63
1992-12-10;12.98;12;12.98
1992-12-11;24.07;12;24.07
1992-12-12;64.45;12;64.45
1992-12-13;53.69;12;53.69
1992-12-14;26.34;12;26.34
1992-12-15;16.47;12;16.47
1992-12-16;13.64;12;13.64
1992-12-17;12.7;12;12.7
1992-12-18;10.63;12;10.63
1992-12-19;8.68;12;8.68
1992-12-20;9.64;12;9.64
1992-12-21;7.5;12;7.5
1992-12-22;8.66;12;8.66
1992-12-23;6.2;12;6.2
1992-12-24;5.35;12;5.35
1992-12-25;5.05;12;5.05
1992-12-26;4.8;12;4.8
1992-12-27;4.7;12;4.7
1992-12-28;4.6;12;4.6
1992-12-29;4.5;12;4.5
1992-12-30;4.53;12;4.53
1992-12-31;6.86;12;6.86
1993-01-01;5.0;1;5.0
1993-01-02;4.5;1;4.5
1993-01-03;4.3;1;4.3
1993-01-04;4.2;1;4.2
1993-01-05;4.2;1;4.2
1993-01-06;12.3;1;12.3
1993-01-07;21.7;1;21.7
1993-01-08;13.0;1;13.0
1993-01-09;8.0;1;8.0
1993-01-10;5.7;1;5.7
1993-01-11;5.1;1;5.1
1993-01-12;4.8;1;4.8
1993-01-13;5.2;1;5.2
1993-01-14;14.2;1;14.2
1993-01-15;12.9;1;12.9
1993-01-16;9.0;1;9.0
1993-01-17;10.4;1;10.4
1993-01-18;10.6;1;10.6
1993-01-19;11.6;1;11.6
1993-01-20;7.1;1;7.1
1993-01-21;5.6;1;5.6
1993-01-22;6.5;1;6.5
1993-01-23;5.0;1;5.0
1993-01-24;4.6;1;4.6
1993-01-25;4.3;1;4.3
1993-01-26;4.2;1;4.2
1993-01-27;4.1;1;4.1
1993-01-28;4.0;1;4.0
1993-01-29;4.1;1;4.1
1993-01-30;4.1;1;4.1
1993-01-31;4.9;1;4.9
1993-02-01;10.1;2;10.1
1993-02-02;17.1;2;17.1
1993-02-03;77.4;2;77.4
1993-02-04;35.1;2;35.1
1993-02-05;18.6;2;18.6
1993-02-06;11.9;2;11.9
1993-02-07;11.5;2;11.5
1993-02-08;8.5;2;8.5
1993-02-09;6.9;2;6.9
1993-02-10;5.5;2;5.5
1993-02-11;4.9;2;4.9
1993-02-12;4.6;2;4.6
1993-02-13;4.4;2;4.4
1993-02-14;4.3;2;4.3
1993-02-15;4.2;2;4.2
1993-02-16;4.1;2;4.1
1993-02-17;4.0;2;4.0
1993-02-18;3.9;2;3.9
1993-02-19;3.8;2;3.8
1993-02-20;3.8;2;3.8
1993-02-21;3.8;2;3.8
1993-02-22;3.8;2;3.8
1993-02-23;3.7;2;3.7
1993-02-24;3.7;2;3.7
1993-02-25;3.8;2;3.8
1993-02-26;4.8;2;4.8
1993-02-27;4.9;2;4.9
1993-02-28;4.2;2;4.2
1993-03-01;4.0;3;4.0
1993-03-02;3.8;3;3.8
1993-03-03;3.7;3;3.7
1993-03-04;3.7;3;3.7
1993-03-05;3.7;3;3.7
1993-03-06;3.8;3;3.8
1993-03-07;5.3;3;5.3
1993-03-08;6.6;3;6.6
1993-03-09;24.9;3;24.9
1993-03-10;20.2;3;20.2
1993-03-11;9.7;3;9.7
1993-03-12;8.2;3;8.2
1993-03-13;6.8;3;6.8
1993-03-14;9.2;3;9.2
1993-03-15;10.7;3;10.7
1993-03-16;7.5;3;7.5
1993-03-17;6.3;3;6.3
1993-03-18;9.8;3;9.8
1993-03-19;6.9;3;6.9
1993-03-20;6.5;3;6.5
1993-03-21;10.9;3;10.9
1993-03-22;7.7;3;7.7
1993-03-23;22.9;3;22.9
1993-03-24;18.9;3;18.9
1993-03-25;16.1;3;16.1
1993-03-26;14.9;3;14.9
1993-03-27;50.5;3;50.5
1993-03-28;29.4;3;29.4
1993-03-29;24.0;3;24.0
1993-03-30;21.0;3;21.0
1993-03-31;24.6;3;24.6
1993-04-01;15.2;4;15.2
1993-04-02;10.9;4;10.9
1993-04-03;11.4;4;11.4
1993-04-04;12.2;4;12.2
1993-04-05;11.2;4;11.2
1993-04-06;12.3;4;12.3
1993-04-07;9.7;4;9.7
1993-04-08;11.9;4;11.9
1993-04-09;22.7;4;22.7
1993-04-10;28.3;4;28.3
1993-04-11;24.5;4;24.5
1993-04-12;21.1;4;21.1
1993-04-13;26.4;4;26.4
1993-04-14;83.0;4;83.0
1993-04-15;70.7;4;70.7
1993-04-16;60.9;4;60.9
1993-04-17;58.8;4;58.8
1993-04-18;75.8;4;75.8
1993-04-19;90.4;4;90.4
1993-04-20;52.6;4;52.6
1993-04-21;111.0;4;111.0
1993-04-22;86.7;4;86.7
1993-04-23;50.3;4;50.3
1993-04-24;31.7;4;31.7
1993-04-25;25.2;4;25.2
1993-04-26;20.9;4;20.9
1993-04-27;22.7;4;22.7
1993-04-28;31.6;4;31.6
1993-04-29;42.2;4;42.2
1993-04-30;87.7;4;87.7
1993-05-01;74.3;5;74.3
1993-05-02;76.5;5;76.5
1993-05-03;107.1;5;107.1
1993-05-04;51.5;5;51.5
1993-05-05;59.9;5;59.9
1993-05-06;40.1;5;40.1
1993-05-07;26.8;5;26.8
1993-05-08;18.2;5;18.2
1993-05-09;13.6;5;13.6
1993-05-10;14.5;5;14.5
1993-05-11;13.2;5;13.2
1993-05-12;129.3;5;129.3
1993-05-13;52.3;5;52.3
1993-05-14;103.7;5;103.7
1993-05-15;54.2;5;54.2
1993-05-16;54.7;5;54.7
1993-05-17;37.0;5;37.0
1993-05-18;33.0;5;33.0
1993-05-19;42.4;5;42.4
1993-05-20;28.5;5;28.5
1993-05-21;21.0;5;21.0
1993-05-22;22.5;5;22.5
1993-05-23;26.5;5;26.5
1993-05-24;33.0;5;33.0
1993-05-25;39.6;5;39.6
1993-05-26;74.9;5;74.9
1993-05-27;54.3;5;54.3
1993-05-28;26.2;5;26.2
1993-05-29;22.6;5;22.6
1993-05-30;18.6;5;18.6
1993-05-31;13.2;5;13.2
1993-06-01;19.6;6;19.6
1993-06-02;13.5;6;13.5
1993-06-03;10.7;6;10.7
1993-06-04;8.7;6;8.7
1993-06-05;8.6;6;8.6
1993-06-06;8.1;6;8.1
1993-06-07;8.8;6;8.8
1993-06-08;7.6;6;7.6
1993-06-09;6.6;6;6.6
1993-06-10;5.9;6;5.9
1993-06-11;15.3;6;15.3
1993-06-12;52.3;6;52.3
1993-06-13;66.5;6;66.5
1993-06-14;34.2;6;34.2
1993-06-15;20.6;6;20.6
1993-06-16;17.0;6;17.0
1993-06-17;10.8;6;10.8
1993-06-18;13.5;6;13.5
1993-06-19;14.3;6;14.3
1993-06-20;12.7;6;12.7
1993-06-21;11.9;6;11.9
1993-06-22;9.1;6;9.1
1993-06-23;7.7;6;7.7
1993-06-24;13.5;6;13.5
1993-06-25;29.4;6;29.4
1993-06-26;16.6;6;16.6
1993-06-27;11.8;6;11.8
1993-06-28;10.5;6;10.5
1993-06-29;23.9;6;23.9
1993-06-30;28.5;6;28.5
1993-07-01;12.0;7;12.0
1993-07-02;8.7;7;8.7
1993-07-03;9.5;7;9.5
1993-07-04;12.6;7;12.6
1993-07-05;21.5;7;21.5
1993-07-06;21.9;7;21.9
1993-07-07;11.0;7;11.0
1993-07-08;17.5;7;17.5
1993-07-09;18.9;7;18.9
1993-07-10;24.8;7;24.8
1993-07-11;27.7;7;27.7
1993-07-12;17.7;7;17.7
1993-07-13;11.8;7;11.8
1993-07-14;17.9;7;17.9
1993-07-15;37.0;7;37.0
1993-07-16;18.8;7;18.8
1993-07-17;14.2;7;14.2
1993-07-18;10.9;7;10.9
1993-07-19;13.0;7;13.0
1993-07-20;37.4;7;37.4
1993-07-21;58.6;7;58.6
1993-07-22;21.9;7;21.9
1993-07-23;14.0;7;14.0
1993-07-24;20.2;7;20.2
1993-07-25;44.5;7;44.5
1993-07-26;17.1;7;17.1
1993-07-27;11.5;7;11.5
1993-07-28;9.0;7;9.0
1993-07-29;8.0;7;8.0
1993-07-30;17.8;7;17.8
1993-07-31;12.8;7;12.8
1993-08-01;20.0;8;20.0
1993-08-02;12.3;8;12.3
1993-08-03;8.7;8;8.7
1993-08-04;9.1;8;9.1
1993-08-05;9.2;8;9.2
1993-08-06;12.2;8;12.2
1993-08-07;8.4;8;8.4
1993-08-08;6.6;8;6.6
1993-08-09;5.8;8;5.8
1993-08-10;6.3;8;6.3
1993-08-11;6.2;8;6.2
1993-08-12;6.5;8;6.5
1993-08-13;7.9;8;7.9
1993-08-14;10.8;8;10.8
1993-08-15;9.7;8;9.7
1993-08-16;8.2;8;8.2
1993-08-17;7.4;8;7.4
1993-08-18;9.1;8;9.1
1993-08-19;9.4;8;9.4
1993-08-20;11.4;8;11.4
1993-08-21;7.2;8;7.2
1993-08-22;5.7;8;5.7
1993-08-23;5.3;8;5.3
1993-08-24;5.3;8;5.3
1993-08-25;5.4;8;5.4
1993-08-26;6.5;8;6.5
1993-08-27;6.7;8;6.7
1993-08-28;66.3;8;66.3
1993-08-29;19.3;8;19.3
1993-08-30;9.5;8;9.5
1993-08-31;7.8;8;7.8
1993-09-01;8.2;9;8.2
1993-09-02;6.7;9;6.7
1993-09-03;7.0;9;7.0
1993-09-04;6.1;9;6.1
1993-09-05;6.6;9;6.6
1993-09-06;11.2;9;11.2
1993-09-07;8.2;9;8.2
1993-09-08;6.9;9;6.9
1993-09-09;5.7;9;5.7
1993-09-10;12.2;9;12.2
1993-09-11;19.3;9;19.3
1993-09-12;8.9;9;8.9
1993-09-13;12.6;9;12.6
1993-09-14;16.2;9;16.2
1993-09-15;11.6;9;11.6
1993-09-16;11.1;9;11.1
1993-09-17;12.9;9;12.9
1993-09-18;8.9;9;8.9
1993-09-19;7.1;9;7.1
1993-09-20;5.6;9;5.6
1993-09-21;4.8;9;4.8
1993-09-22;4.5;9;4.5
1993-09-23;4.7;9;4.7
1993-09-24;5.6;9;5.6
1993-09-25;6.4;9;6.4
1993-09-26;9.7;9;9.7
1993-09-27;7.6;9;7.6
1993-09-28;7.9;9;7.9
1993-09-29;20.4;9;20.4
1993-09-30;17.1;9;17.1
1993-10-01;8.8;10;8.8
1993-10-02;6.6;10;6.6
1993-10-03;5.5;10;5.5
1993-10-04;6.7;10;6.7
1993-10-05;5.2;10;5.2
1993-10-06;4.5;10;4.5
1993-10-07;4.3;10;4.3
1993-10-08;4.5;10;4.5
1993-10-09;4.3;10;4.3
1993-10-10;4.5;10;4.5
1993-10-11;4.5;10;4.5
1993-10-12;5.0;10;5.0
1993-10-13;4.4;10;4.4
1993-10-14;10.0;10;10.0
1993-10-15;6.1;10;6.1
1993-10-16;6.4;10;6.4
1993-10-17;7.6;10;7.6
1993-10-18;25.2;10;25.2
1993-10-19;58.8;10;58.8
1993-10-20;37.2;10;37.2
1993-10-21;38.2;10;38.2
1993-10-22;51.4;10;51.4
1993-10-23;23.7;10;23.7
1993-10-24;14.8;10;14.8
1993-10-25;11.9;10;11.9
1993-10-26;8.3;10;8.3
1993-10-27;14.6;10;14.6
1993-10-28;12.5;10;12.5
1993-10-29;14.1;10;14.1
1993-10-30;30.9;10;30.9
1993-10-31;34.7;10;34.7
1993-11-01;49.3;11;49.3
1993-11-02;60.5;11;60.5
1993-11-03;31.0;11;31.0
1993-11-04;51.3;11;51.3
1993-11-05;70.3;11;70.3
1993-11-06;37.6;11;37.6
1993-11-07;21.9;11;21.9
1993-11-08;15.1;11;15.1
1993-11-09;17.1;11;17.1
1993-11-10;28.8;11;28.8
1993-11-11;69.4;11;69.4
1993-11-12;75.9;11;75.9
1993-11-13;49.3;11;49.3
1993-11-14;50.1;11;50.1
1993-11-15;55.6;11;55.6
1993-11-16;60.0;11;60.0
1993-11-17;31.3;11;31.3
1993-11-18;21.0;11;21.0
1993-11-19;18.0;11;18.0
1993-11-20;19.6;11;19.6
1993-11-21;23.5;11;23.5
1993-11-22;13.8;11;13.8
1993-11-23;16.0;11;16.0
1993-11-24;15.3;11;15.3
1993-11-25;14.1;11;14.1
1993-11-26;31.7;11;31.7
1993-11-27;40.5;11;40.5
1993-11-28;29.0;11;29.0
1993-11-29;83.6;11;83.6
1993-11-30;45.3;11;45.3
1993-12-01;31.2;12;31.2
1993-12-02;26.3;12;26.3
1993-12-03;33.8;12;33.8
1993-12-04;24.6;12;24.6
1993-12-05;17.9;12;17.9
1993-12-06;13.1;12;13.1
1993-12-07;11.0;12;11.0
1993-12-08;9.5;12;9.5
1993-12-09;8.1;12;8.1
1993-12-10;7.8;12;7.8
1993-12-11;10.1;12;10.1
1993-12-12;13.0;12;13.0
1993-12-13;13.5;12;13.5
1993-12-14;11.0;12;11.0
1993-12-15;12.6;12;12.6
1993-12-16;10.5;12;10.5
1993-12-17;10.0;12;10.0
1993-12-18;17.2;12;17.2
1993-12-19;10.2;12;10.2
1993-12-20;7.9;12;7.9
1993-12-21;6.4;12;6.4
1993-12-22;5.7;12;5.7
1993-12-23;5.1;12;5.1
1993-12-24;4.8;12;4.8
1993-12-25;4.6;12;4.6
1993-12-26;4.5;12;4.5
1993-12-27;4.4;12;4.4
1993-12-28;4.6;12;4.6
1993-12-29;4.7;12;4.7
1993-12-30;5.7;12;5.7
1993-12-31;4.3;12;4.3
1994-01-01;4.2;1;4.2
1994-01-02;4.1;1;4.1
1994-01-03;4.2;1;4.2
1994-01-04;5.7;1;5.7
1994-01-05;5.7;1;5.7
1994-01-06;4.7;1;4.7
1994-01-07;4.4;1;4.4
1994-01-08;5.4;1;5.4
1994-01-09;11.4;1;11.4
1994-01-10;15.8;1;15.8
1994-01-11;6.5;1;6.5
1994-01-12;8.2;1;8.2
1994-01-13;5.5;1;5.5
1994-01-14;5.6;1;5.6
1994-01-15;11.9;1;11.9
1994-01-16;17.2;1;17.2
1994-01-17;20.2;1;20.2
1994-01-18;14.0;1;14.0
1994-01-19;8.2;1;8.2
1994-01-20;6.2;1;6.2
1994-01-21;5.2;1;5.2
1994-01-22;4.8;1;4.8
1994-01-23;4.4;1;4.4
1994-01-24;4.3;1;4.3
1994-01-25;4.2;1;4.2
1994-01-26;4.1;1;4.1
1994-01-27;4.1;1;4.1
1994-01-28;4.0;1;4.0
1994-01-29;4.1;1;4.1
1994-01-30;4.3;1;4.3
1994-01-31;31.3;1;31.3
1994-02-01;46.9;2;46.9
1994-02-02;36.9;2;36.9
1994-02-03;23.9;2;23.9
1994-02-04;26.9;2;26.9
1994-02-05;38.4;2;38.4
1994-02-06;34.8;2;34.8
1994-02-07;16.5;2;16.5
1994-02-08;10.9;2;10.9
1994-02-09;8.9;2;8.9
1994-02-10;7.2;2;7.2
1994-02-11;5.9;2;5.9
1994-02-12;5.3;2;5.3
1994-02-13;5.1;2;5.1
1994-02-14;4.8;2;4.8
1994-02-15;4.6;2;4.6
1994-02-16;4.4;2;4.4
1994-02-17;4.4;2;4.4
1994-02-18;4.3;2;4.3
1994-02-19;4.2;2;4.2
1994-02-20;4.2;2;4.2
1994-02-21;4.2;2;4.2
1994-02-22;5.7;2;5.7
1994-02-23;16.7;2;16.7
1994-02-24;20.4;2;20.4
1994-02-25;44.2;2;44.2
1994-02-26;28.2;2;28.2
1994-02-27;38.7;2;38.7
1994-02-28;31.1;2;31.1
1994-03-01;21.0;3;21.0
1994-03-02;12.5;3;12.5
1994-03-03;10.4;3;10.4
1994-03-04;9.3;3;9.3
1994-03-05;7.5;3;7.5
1994-03-06;6.7;3;6.7
1994-03-07;6.0;3;6.0
1994-03-08;5.8;3;5.8
1994-03-09;6.4;3;6.4
1994-03-10;6.1;3;6.1
1994-03-11;6.6;3;6.6
1994-03-12;12.7;3;12.7
1994-03-13;22.8;3;22.8
1994-03-14;36.0;3;36.0
1994-03-15;35.7;3;35.7
1994-03-16;22.0;3;22.0
1994-03-17;15.2;3;15.2
1994-03-18;10.8;3;10.8
1994-03-19;9.5;3;9.5
1994-03-20;8.4;3;8.4
1994-03-21;7.0;3;7.0
1994-03-22;12.4;3;12.4
1994-03-23;28.8;3;28.8
1994-03-24;50.9;3;50.9
1994-03-25;24.8;3;24.8
1994-03-26;13.1;3;13.1
1994-03-27;12.1;3;12.1
1994-03-28;18.5;3;18.5
1994-03-29;22.4;3;22.4
1994-03-30;36.3;3;36.3
1994-03-31;46.0;3;46.0
1994-04-01;76.0;4;76.0
1994-04-02;41.3;4;41.3
1994-04-03;40.1;4;40.1
1994-04-04;55.2;4;55.2
1994-04-05;75.2;4;75.2
1994-04-06;46.8;4;46.8
1994-04-07;23.6;4;23.6
1994-04-08;21.4;4;21.4
1994-04-09;18.9;4;18.9
1994-04-10;13.2;4;13.2
1994-04-11;11.3;4;11.3
1994-04-12;11.2;4;11.2
1994-04-13;22.3;4;22.3
1994-04-14;43.9;4;43.9
1994-04-15;39.4;4;39.4
1994-04-16;25.4;4;25.4
1994-04-17;18.6;4;18.6
1994-04-18;23.1;4;23.1
1994-04-19;19.8;4;19.8
1994-04-20;20.8;4;20.8
1994-04-21;12.1;4;12.1
1994-04-22;10.1;4;10.1
1994-04-23;8.5;4;8.5
1994-04-24;7.6;4;7.6
1994-04-25;7.4;4;7.4
1994-04-26;29.3;4;29.3
1994-04-27;23.0;4;23.0
1994-04-28;41.1;4;41.1
1994-04-29;81.3;4;81.3
1994-04-30;84.0;4;84.0
1994-05-01;68.7;5;68.7
1994-05-02;47.7;5;47.7
1994-05-03;31.0;5;31.0
1994-05-04;18.8;5;18.8
1994-05-05;33.4;5;33.4
1994-05-06;95.6;5;95.6
1994-05-07;36.0;5;36.0
1994-05-08;27.1;5;27.1
1994-05-09;26.3;5;26.3
1994-05-10;20.7;5;20.7
1994-05-11;29.8;5;29.8
1994-05-12;20.3;5;20.3
1994-05-13;18.3;5;18.3
1994-05-14;17.8;5;17.8
1994-05-15;22.8;5;22.8
1994-05-16;15.0;5;15.0
1994-05-17;15.4;5;15.4
1994-05-18;25.1;5;25.1
1994-05-19;83.1;5;83.1
1994-05-20;86.5;5;86.5
1994-05-21;24.8;5;24.8
1994-05-22;19.5;5;19.5
1994-05-23;35.2;5;35.2
1994-05-24;17.7;5;17.7
1994-05-25;15.3;5;15.3
1994-05-26;109.3;5;109.3
1994-05-27;100.8;5;100.8
1994-05-28;74.0;5;74.0
1994-05-29;41.3;5;41.3
1994-05-30;30.0;5;30.0
1994-05-31;34.7;5;34.7
1994-06-01;37.3;6;37.3
1994-06-02;53.3;6;53.3
1994-06-03;33.0;6;33.0
1994-06-04;72.0;6;72.0
1994-06-05;72.3;6;72.3
1994-06-06;42.3;6;42.3
1994-06-07;27.8;6;27.8
1994-06-08;40.5;6;40.5
1994-06-09;39.3;6;39.3
1994-06-10;24.6;6;24.6
1994-06-11;18.9;6;18.9
1994-06-12;15.3;6;15.3
1994-06-13;12.6;6;12.6
1994-06-14;12.3;6;12.3
1994-06-15;15.4;6;15.4
1994-06-16;15.7;6;15.7
1994-06-17;10.9;6;10.9
1994-06-18;10.1;6;10.1
1994-06-19;10.4;6;10.4
1994-06-20;10.3;6;10.3
1994-06-21;8.4;6;8.4
1994-06-22;7.6;6;7.6
1994-06-23;7.6;6;7.6
1994-06-24;6.9;6;6.9
1994-06-25;5.8;6;5.8
1994-06-26;9.6;6;9.6
1994-06-27;40.8;6;40.8
1994-06-28;20.0;6;20.0
1994-06-29;13.3;6;13.3
1994-06-30;13.9;6;13.9
1994-07-01;13.6;7;13.6
1994-07-02;24.9;7;24.9
1994-07-03;46.2;7;46.2
1994-07-04;19.9;7;19.9
1994-07-05;25.2;7;25.2
1994-07-06;25.9;7;25.9
1994-07-07;18.1;7;18.1
1994-07-08;16.8;7;16.8
1994-07-09;14.4;7;14.4
1994-07-10;36.3;7;36.3
1994-07-11;110.7;7;110.7
1994-07-12;92.6;7;92.6
1994-07-13;60.6;7;60.6
1994-07-14;25.0;7;25.0
1994-07-15;19.6;7;19.6
1994-07-16;17.8;7;17.8
1994-07-17;20.0;7;20.0
1994-07-18;16.8;7;16.8
1994-07-19;15.3;7;15.3
1994-07-20;12.5;7;12.5
1994-07-21;11.1;7;11.1
1994-07-22;11.4;7;11.4
1994-07-23;8.8;7;8.8
1994-07-24;7.8;7;7.8
1994-07-25;7.5;7;7.5
1994-07-26;6.4;7;6.4
1994-07-27;52.7;7;52.7
1994-07-28;18.5;7;18.5
1994-07-29;10.2;7;10.2
1994-07-30;8.6;7;8.6
1994-07-31;12.0;7;12.0
1994-08-01;10.4;8;10.4
1994-08-02;9.2;8;9.2
1994-08-03;13.5;8;13.5
1994-08-04;12.0;8;12.0
1994-08-05;9.8;8;9.8
1994-08-06;11.8;8;11.8
1994-08-07;14.3;8;14.3
1994-08-08;16.2;8;16.2
1994-08-09;9.0;8;9.0
1994-08-10;11.3;8;11.3
1994-08-11;10.4;8;10.4
1994-08-12;13.5;8;13.5
1994-08-13;13.9;8;13.9
1994-08-14;15.7;8;15.7
1994-08-15;15.7;8;15.7
1994-08-16;23.2;8;23.2
1994-08-17;13.4;8;13.4
1994-08-18;11.7;8;11.7
1994-08-19;9.4;8;9.4
1994-08-20;19.9;8;19.9
1994-08-21;57.2;8;57.2
1994-08-22;37.4;8;37.4
1994-08-23;20.8;8;20.8
1994-08-24;17.4;8;17.4
1994-08-25;13.2;8;13.2
1994-08-26;11.3;8;11.3
1994-08-27;11.7;8;11.7
1994-08-28;19.9;8;19.9
1994-08-29;15.6;8;15.6
1994-08-30;13.3;8;13.3
1994-08-31;19.0;8;19.0
1994-09-01;13.7;9;13.7
1994-09-02;14.1;9;14.1
1994-09-03;10.5;9;10.5
1994-09-04;8.8;9;8.8
1994-09-05;7.8;9;7.8
1994-09-06;6.8;9;6.8
1994-09-07;6.0;9;6.0
1994-09-08;5.6;9;5.6
1994-09-09;5.1;9;5.1
1994-09-10;5.2;9;5.2
1994-09-11;5.8;9;5.8
1994-09-12;5.8;9;5.8
1994-09-13;14.4;9;14.4
1994-09-14;10.6;9;10.6
1994-09-15;7.2;9;7.2
1994-09-16;5.8;9;5.8
1994-09-17;5.4;9;5.4
1994-09-18;6.0;9;6.0
1994-09-19;7.2;9;7.2
1994-09-20;5.8;9;5.8
1994-09-21;5.0;9;5.0
1994-09-22;4.7;9;4.7
1994-09-23;6.4;9;6.4
1994-09-24;19.5;9;19.5
1994-09-25;28.9;9;28.9
1994-09-26;34.5;9;34.5
1994-09-27;28.9;9;28.9
1994-09-28;21.3;9;21.3
1994-09-29;12.1;9;12.1
1994-09-30;8.9;9;8.9
1994-10-01;8.3;10;8.3
1994-10-02;8.5;10;8.5
1994-10-03;8.6;10;8.6
1994-10-04;6.3;10;6.3
1994-10-05;5.3;10;5.3
1994-10-06;5.0;10;5.0
1994-10-07;5.6;10;5.6
1994-10-08;15.5;10;15.5
1994-10-09;92.4;10;92.4
1994-10-10;46.5;10;46.5
1994-10-11;131.3;10;131.3
1994-10-12;43.2;10;43.2
1994-10-13;46.2;10;46.2
1994-10-14;125.7;10;125.7
1994-10-15;60.6;10;60.6
1994-10-16;24.1;10;24.1
1994-10-17;15.6;10;15.6
1994-10-18;34.1;10;34.1
1994-10-19;19.0;10;19.0
1994-10-20;38.0;10;38.0
1994-10-21;17.9;10;17.9
1994-10-22;11.9;10;11.9
1994-10-23;15.2;10;15.2
1994-10-24;37.5;10;37.5
1994-10-25;44.1;10;44.1
1994-10-26;16.9;10;16.9
1994-10-27;12.5;10;12.5
1994-10-28;10.3;10;10.3
1994-10-29;10.3;10;10.3
1994-10-30;17.4;10;17.4
1994-10-31;9.2;10;9.2
1994-11-01;11.1;11;11.1
1994-11-02;11.1;11;11.1
1994-11-03;9.5;11;9.5
1994-11-04;55.4;11;55.4
1994-11-05;171.0;11;171.0
1994-11-06;83.4;11;83.4
1994-11-07;50.3;11;50.3
1994-11-08;35.3;11;35.3
1994-11-09;50.4;11;50.4
1994-11-10;51.3;11;51.3
1994-11-11;37.4;11;37.4
1994-11-12;25.5;11;25.5
1994-11-13;18.0;11;18.0
1994-11-14;14.8;11;14.8
1994-11-15;11.3;11;11.3
1994-11-16;9.9;11;9.9
1994-11-17;13.0;11;13.0
1994-11-18;12.6;11;12.6
1994-11-19;22.1;11;22.1
1994-11-20;16.0;11;16.0
1994-11-21;18.3;11;18.3
1994-11-22;19.5;11;19.5
1994-11-23;21.8;11;21.8
1994-11-24;44.6;11;44.6
1994-11-25;100.1;11;100.1
1994-11-26;101.6;11;101.6
1994-11-27;48.8;11;48.8
1994-11-28;59.2;11;59.2
1994-11-29;41.7;11;41.7
1994-11-30;20.4;11;20.4
1994-12-01;20.3;12;20.3
1994-12-02;24.1;12;24.1
1994-12-03;17.6;12;17.6
1994-12-04;18.7;12;18.7
1994-12-05;12.4;12;12.4
1994-12-06;10.4;12;10.4
1994-12-07;8.8;12;8.8
1994-12-08;8.1;12;8.1
1994-12-09;7.9;12;7.9
1994-12-10;9.5;12;9.5
1994-12-11;7.7;12;7.7
1994-12-12;6.2;12;6.2
1994-12-13;5.5;12;5.5
1994-12-14;5.5;12;5.5
1994-12-15;5.5;12;5.5
1994-12-16;5.3;12;5.3
1994-12-17;5.0;12;5.0
1994-12-18;4.9;12;4.9
1994-12-19;4.9;12;4.9
1994-12-20;5.5;12;5.5
1994-12-21;5.1;12;5.1
1994-12-22;5.0;12;5.0
1994-12-23;5.1;12;5.1
1994-12-24;4.7;12;4.7
1994-12-25;4.5;12;4.5
1994-12-26;8.8;12;8.8
1994-12-27;6.1;12;6.1
1994-12-28;5.0;12;5.0
1994-12-29;4.6;12;4.6
1994-12-30;4.4;12;4.4
1994-12-31;4.4;12;4.4
1995-01-01;4.2;1;4.2
1995-01-02;4.2;1;4.2
1995-01-03;4.1;1;4.1
1995-01-04;4.1;1;4.1
1995-01-05;4.0;1;4.0
1995-01-06;4.0;1;4.0
1995-01-07;3.9;1;3.9
1995-01-08;3.9;1;3.9
1995-01-09;3.9;1;3.9
1995-01-10;3.9;1;3.9
1995-01-11;3.8;1;3.8
1995-01-12;3.8;1;3.8
1995-01-13;3.7;1;3.7
1995-01-14;3.7;1;3.7
1995-01-15;3.7;1;3.7
1995-01-16;3.7;1;3.7
1995-01-17;3.8;1;3.8
1995-01-18;3.7;1;3.7
1995-01-19;3.6;1;3.6
1995-01-20;3.6;1;3.6
1995-01-21;3.6;1;3.6
1995-01-22;3.6;1;3.6
1995-01-23;3.6;1;3.6
1995-01-24;3.6;1;3.6
1995-01-25;3.5;1;3.5
1995-01-26;3.5;1;3.5
1995-01-27;3.5;1;3.5
1995-01-28;3.4;1;3.4
1995-01-29;3.4;1;3.4
1995-01-30;3.4;1;3.4
1995-01-31;3.4;1;3.4
1995-02-01;3.4;2;3.4
1995-02-02;3.3;2;3.3
1995-02-03;3.3;2;3.3
1995-02-04;3.3;2;3.3
1995-02-05;3.3;2;3.3
1995-02-06;3.3;2;3.3
1995-02-07;3.6;2;3.6
1995-02-08;3.6;2;3.6
1995-02-09;3.4;2;3.4
1995-02-10;3.3;2;3.3
1995-02-11;3.3;2;3.3
1995-02-12;3.2;2;3.2
1995-02-13;3.2;2;3.2
1995-02-14;3.2;2;3.2
1995-02-15;3.1;2;3.1
1995-02-16;3.1;2;3.1
1995-02-17;3.1;2;3.1
1995-02-18;3.1;2;3.1
1995-02-19;3.3;2;3.3
1995-02-20;3.3;2;3.3
1995-02-21;5.1;2;5.1
1995-02-22;6.6;2;6.6
1995-02-23;4.2;2;4.2
1995-02-24;3.7;2;3.7
1995-02-25;3.5;2;3.5
1995-02-26;3.4;2;3.4
1995-02-27;3.5;2;3.5
1995-02-28;3.5;2;3.5
1995-03-01;3.5;3;3.5
1995-03-02;3.4;3;3.4
1995-03-03;3.4;3;3.4
1995-03-04;3.5;3;3.5
1995-03-05;3.6;3;3.6
1995-03-06;3.6;3;3.6
1995-03-07;3.7;3;3.7
1995-03-08;4.4;3;4.4
1995-03-09;4.1;3;4.1
1995-03-10;11.9;3;11.9
1995-03-11;17.2;3;17.2
1995-03-12;17.4;3;17.4
1995-03-13;8.1;3;8.1
1995-03-14;5.1;3;5.1
1995-03-15;4.3;3;4.3
1995-03-16;4.0;3;4.0
1995-03-17;3.8;3;3.8
1995-03-18;3.6;3;3.6
1995-03-19;3.6;3;3.6
1995-03-20;3.6;3;3.6
1995-03-21;3.6;3;3.6
1995-03-22;3.9;3;3.9
1995-03-23;4.0;3;4.0
1995-03-24;9.4;3;9.4
1995-03-25;15.7;3;15.7
1995-03-26;14.5;3;14.5
1995-03-27;6.8;3;6.8
1995-03-28;4.9;3;4.9
1995-03-29;4.8;3;4.8
1995-03-30;5.4;3;5.4
1995-03-31;4.9;3;4.9
1995-04-01;3.9;4;3.9
1995-04-02;3.9;4;3.9
1995-04-03;3.7;4;3.7
1995-04-04;3.5;4;3.5
1995-04-05;3.5;4;3.5
1995-04-06;3.4;4;3.4
1995-04-07;3.4;4;3.4
1995-04-08;4.0;4;4.0
1995-04-09;10.4;4;10.4
1995-04-10;5.9;4;5.9
1995-04-11;4.8;4;4.8
1995-04-12;4.1;4;4.1
1995-04-13;4.4;4;4.4
1995-04-14;34.7;4;34.7
1995-04-15;33.3;4;33.3
1995-04-16;47.5;4;47.5
1995-04-17;56.0;4;56.0
1995-04-18;91.5;4;91.5
1995-04-19;134.5;4;134.5
1995-04-20;59.8;4;59.8
1995-04-21;45.3;4;45.3
1995-04-22;66.3;4;66.3
1995-04-23;30.5;4;30.5
1995-04-24;53.5;4;53.5
1995-04-25;70.0;4;70.0
1995-04-26;34.4;4;34.4
1995-04-27;47.0;4;47.0
1995-04-28;30.0;4;30.0
1995-04-29;32.8;4;32.8
1995-04-30;51.6;4;51.6
1995-05-01;30.5;5;30.5
1995-05-02;20.0;5;20.0
1995-05-03;17.6;5;17.6
1995-05-04;14.1;5;14.1
1995-05-05;12.4;5;12.4
1995-05-06;20.0;5;20.0
1995-05-07;46.5;5;46.5
1995-05-08;32.8;5;32.8
1995-05-09;18.0;5;18.0
1995-05-10;13.2;5;13.2
1995-05-11;11.3;5;11.3
1995-05-12;12.8;5;12.8
1995-05-13;12.4;5;12.4
1995-05-14;12.3;5;12.3
1995-05-15;10.7;5;10.7
1995-05-16;10.5;5;10.5
1995-05-17;12.6;5;12.6
1995-05-18;10.9;5;10.9
1995-05-19;16.4;5;16.4
1995-05-20;26.2;5;26.2
1995-05-21;38.5;5;38.5
1995-05-22;56.8;5;56.8
1995-05-23;29.5;5;29.5
1995-05-24;24.6;5;24.6
1995-05-25;26.9;5;26.9
1995-05-26;127.7;5;127.7
1995-05-27;66.6;5;66.6
1995-05-28;57.3;5;57.3
1995-05-29;43.2;5;43.2
1995-05-30;34.0;5;34.0
1995-05-31;25.8;5;25.8
1995-06-01;48.6;6;48.6
1995-06-02;28.3;6;28.3
1995-06-03;21.6;6;21.6
1995-06-04;26.6;6;26.6
1995-06-05;26.5;6;26.5
1995-06-06;23.5;6;23.5
1995-06-07;50.8;6;50.8
1995-06-08;52.8;6;52.8
1995-06-09;79.5;6;79.5
1995-06-10;32.8;6;32.8
1995-06-11;16.0;6;16.0
1995-06-12;13.5;6;13.5
1995-06-13;12.3;6;12.3
1995-06-14;14.7;6;14.7
1995-06-15;28.8;6;28.8
1995-06-16;25.3;6;25.3
1995-06-17;22.0;6;22.0
1995-06-18;18.2;6;18.2
1995-06-19;16.4;6;16.4
1995-06-20;18.6;6;18.6
1995-06-21;18.0;6;18.0
1995-06-22;14.7;6;14.7
1995-06-23;16.4;6;16.4
1995-06-24;15.4;6;15.4
1995-06-25;13.9;6;13.9
1995-06-26;11.5;6;11.5
1995-06-27;10.5;6;10.5
1995-06-28;9.1;6;9.1
1995-06-29;9.8;6;9.8
1995-06-30;16.0;6;16.0
1995-07-01;15.4;7;15.4
1995-07-02;13.2;7;13.2
1995-07-03;24.2;7;24.2
1995-07-04;26.0;7;26.0
1995-07-05;24.1;7;24.1
1995-07-06;12.9;7;12.9
1995-07-07;12.1;7;12.1
1995-07-08;10.5;7;10.5
1995-07-09;13.1;7;13.1
1995-07-10;13.9;7;13.9
1995-07-11;12.2;7;12.2
1995-07-12;9.8;7;9.8
1995-07-13;8.6;7;8.6
1995-07-14;8.3;7;8.3
1995-07-15;8.6;7;8.6
1995-07-16;8.9;7;8.9
1995-07-17;18.0;7;18.0
1995-07-18;14.7;7;14.7
1995-07-19;12.1;7;12.1
1995-07-20;14.1;7;14.1
1995-07-21;20.0;7;20.0
1995-07-22;22.0;7;22.0
1995-07-23;19.0;7;19.0
1995-07-24;16.8;7;16.8
1995-07-25;16.0;7;16.0
1995-07-26;15.4;7;15.4
1995-07-27;13.5;7;13.5
1995-07-28;15.2;7;15.2
1995-07-29;56.0;7;56.0
1995-07-30;39.5;7;39.5
1995-07-31;20.0;7;20.0
1995-08-01;18.0;8;18.0
1995-08-02;15.4;8;15.4
1995-08-03;14.7;8;14.7
1995-08-04;16.4;8;16.4
1995-08-05;21.0;8;21.0
1995-08-06;20.0;8;20.0
1995-08-07;19.0;8;19.0
1995-08-08;15.4;8;15.4
1995-08-09;20.8;8;20.8
1995-08-10;18.6;8;18.6
1995-08-11;21.8;8;21.8
1995-08-12;24.1;8;24.1
1995-08-13;64.4;8;64.4
1995-08-14;32.8;8;32.8
1995-08-15;22.0;8;22.0
1995-08-16;21.8;8;21.8
1995-08-17;23.7;8;23.7
1995-08-18;21.4;8;21.4
1995-08-19;21.8;8;21.8
1995-08-20;26.4;8;26.4
1995-08-21;22.6;8;22.6
1995-08-22;25.5;8;25.5
1995-08-23;18.8;8;18.8
1995-08-24;18.0;8;18.0
1995-08-25;15.4;8;15.4
1995-08-26;24.0;8;24.0
1995-08-27;16.0;8;16.0
1995-08-28;12.3;8;12.3
1995-08-29;11.3;8;11.3
1995-08-30;10.2;8;10.2
1995-08-31;8.4;8;8.4
1995-09-01;8.0;9;8.0
1995-09-02;8.8;9;8.8
1995-09-03;8.9;9;8.9
1995-09-04;9.6;9;9.6
1995-09-05;7.8;9;7.8
1995-09-06;6.6;9;6.6
1995-09-07;6.1;9;6.1
1995-09-08;7.3;9;7.3
1995-09-09;8.0;9;8.0
1995-09-10;8.4;9;8.4
1995-09-11;11.0;9;11.0
1995-09-12;11.1;9;11.1
1995-09-13;10.9;9;10.9
1995-09-14;11.8;9;11.8
1995-09-15;10.8;9;10.8
1995-09-16;10.9;9;10.9
1995-09-17;10.2;9;10.2
1995-09-18;8.4;9;8.4
1995-09-19;9.4;9;9.4
1995-09-20;8.1;9;8.1
1995-09-21;7.6;9;7.6
1995-09-22;9.9;9;9.9
1995-09-23;8.5;9;8.5
1995-09-24;6.7;9;6.7
1995-09-25;5.4;9;5.4
1995-09-26;7.4;9;7.4
1995-09-27;6.7;9;6.7
1995-09-28;8.4;9;8.4
1995-09-29;8.3;9;8.3
1995-09-30;9.4;9;9.4
1995-10-01;6.8;10;6.8
1995-10-02;6.4;10;6.4
1995-10-03;5.4;10;5.4
1995-10-04;5.4;10;5.4
1995-10-05;4.6;10;4.6
1995-10-06;4.9;10;4.9
1995-10-07;5.1;10;5.1
1995-10-08;7.8;10;7.8
1995-10-09;11.0;10;11.0
1995-10-10;13.7;10;13.7
1995-10-11;14.5;10;14.5
1995-10-12;12.6;10;12.6
1995-10-13;19.0;10;19.0
1995-10-14;39.5;10;39.5
1995-10-15;25.9;10;25.9
1995-10-16;17.4;10;17.4
1995-10-17;12.6;10;12.6
1995-10-18;20.0;10;20.0
1995-10-19;17.8;10;17.8
1995-10-20;20.4;10;20.4
1995-10-21;23.8;10;23.8
1995-10-22;24.1;10;24.1
1995-10-23;17.4;10;17.4
1995-10-24;13.4;10;13.4
1995-10-25;18.0;10;18.0
1995-10-26;21.0;10;21.0
1995-10-27;57.5;10;57.5
1995-10-28;28.8;10;28.8
1995-10-29;19.2;10;19.2
1995-10-30;13.8;10;13.8
1995-10-31;12.3;10;12.3
1995-11-01;12.2;11;12.2
1995-11-02;12.8;11;12.8
1995-11-03;11.3;11;11.3
1995-11-04;12.6;11;12.6
1995-11-05;14.1;11;14.1
1995-11-06;11.2;11;11.2
1995-11-07;19.0;11;19.0
1995-11-08;25.3;11;25.3
1995-11-09;41.1;11;41.1
1995-11-10;43.8;11;43.8
1995-11-11;17.4;11;17.4
1995-11-12;12.8;11;12.8
1995-11-13;35.5;11;35.5
1995-11-14;20.0;11;20.0
1995-11-15;14.7;11;14.7
1995-11-16;12.8;11;12.8
1995-11-17;12.6;11;12.6
1995-11-18;13.9;11;13.9
1995-11-19;13.2;11;13.2
1995-11-20;12.3;11;12.3
1995-11-21;12.0;11;12.0
1995-11-22;13.8;11;13.8
1995-11-23;19.0;11;19.0
1995-11-24;11.7;11;11.7
1995-11-25;15.3;11;15.3
1995-11-26;11.0;11;11.0
1995-11-27;8.4;11;8.4
1995-11-28;9.6;11;9.6
1995-11-29;10.4;11;10.4
1995-11-30;12.0;11;12.0
1995-12-01;4.4;12;4.4
1995-12-02;7.3;12;7.3
1995-12-03;7.0;12;7.0
1995-12-04;21.4;12;21.4
1995-12-05;14.5;12;14.5
1995-12-06;14.3;12;14.3
1995-12-07;10.7;12;10.7
1995-12-08;13.8;12;13.8
1995-12-09;9.3;12;9.3
1995-12-10;7.8;12;7.8
1995-12-11;12.4;12;12.4
1995-12-12;15.8;12;15.8
1995-12-13;18.0;12;18.0
1995-12-14;15.7;12;15.7
1995-12-15;21.0;12;21.0
1995-12-16;14.3;12;14.3
1995-12-17;12.8;12;12.8
1995-12-18;10.2;12;10.2
1995-12-19;9.1;12;9.1
1995-12-20;11.9;12;11.9
1995-12-21;12.3;12;12.3
1995-12-22;12.6;12;12.6
1995-12-23;10.7;12;10.7
1995-12-24;9.4;12;9.4
1995-12-25;11.9;12;11.9
1995-12-26;11.8;12;11.8
1995-12-27;10.3;12;10.3
1995-12-28;7.3;12;7.3
1995-12-29;6.5;12;6.5
1995-12-30;5.8;12;5.8
1995-12-31;4.9;12;4.9
1996-01-01;4.9;1;4.9
1996-01-02;4.9;1;4.9
1996-01-03;4.8;1;4.8
1996-01-04;5.1;1;5.1
1996-01-05;4.9;1;4.9
1996-01-06;4.5;1;4.5
1996-01-07;4.3;1;4.3
1996-01-08;4.2;1;4.2
1996-01-09;4.2;1;4.2
1996-01-10;4.0;1;4.0
1996-01-11;3.9;1;3.9
1996-01-12;3.8;1;3.8
1996-01-13;3.9;1;3.9
1996-01-14;3.8;1;3.8
1996-01-15;11.8;1;11.8
1996-01-16;12.7;1;12.7
1996-01-17;9.4;1;9.4
1996-01-18;11.6;1;11.6
1996-01-19;11.3;1;11.3
1996-01-20;8.1;1;8.1
1996-01-21;10.0;1;10.0
1996-01-22;54.9;1;54.9
1996-01-23;15.3;1;15.3
1996-01-24;7.8;1;7.8
1996-01-25;6.7;1;6.7
1996-01-26;5.7;1;5.7
1996-01-27;5.3;1;5.3
1996-01-28;5.0;1;5.0
1996-01-29;6.7;1;6.7
1996-01-30;4.6;1;4.6
1996-01-31;4.3;1;4.3
1996-02-01;4.4;2;4.4
1996-02-02;4.9;2;4.9
1996-02-03;4.6;2;4.6
1996-02-04;7.6;2;7.6
1996-02-05;11.1;2;11.1
1996-02-06;26.5;2;26.5
1996-02-07;24.8;2;24.8
1996-02-08;18.1;2;18.1
1996-02-09;14.4;2;14.4
1996-02-10;12.3;2;12.3
1996-02-11;10.5;2;10.5
1996-02-12;21.9;2;21.9
1996-02-13;24.1;2;24.1
1996-02-14;39.0;2;39.0
1996-02-15;22.2;2;22.2
1996-02-16;15.6;2;15.6
1996-02-17;11.2;2;11.2
1996-02-18;9.4;2;9.4
1996-02-19;8.5;2;8.5
1996-02-20;9.6;2;9.6
1996-02-21;10.2;2;10.2
1996-02-22;8.9;2;8.9
1996-02-23;10.4;2;10.4
1996-02-24;8.4;2;8.4
1996-02-25;8.6;2;8.6
1996-02-26;6.5;2;6.5
1996-02-27;5.6;2;5.6
1996-02-28;5.2;2;5.2
1996-02-29;6.5;2;6.5
1996-03-01;5.2;3;5.2
1996-03-02;5.4;3;5.4
1996-03-03;7.1;3;7.1
1996-03-04;5.8;3;5.8
1996-03-05;7.0;3;7.0
1996-03-06;17.2;3;17.2
1996-03-07;28.8;3;28.8
1996-03-08;58.1;3;58.1
1996-03-09;37.2;3;37.2
1996-03-10;34.7;3;34.7
1996-03-11;37.1;3;37.1
1996-03-12;116.9;3;116.9
1996-03-13;90.6;3;90.6
1996-03-14;67.8;3;67.8
1996-03-15;30.7;3;30.7
1996-03-16;21.5;3;21.5
1996-03-17;16.2;3;16.2
1996-03-18;11.6;3;11.6
1996-03-19;8.6;3;8.6
1996-03-20;7.1;3;7.1
1996-03-21;6.7;3;6.7
1996-03-22;6.4;3;6.4
1996-03-23;6.5;3;6.5
1996-03-24;11.9;3;11.9
1996-03-25;10.8;3;10.8
1996-03-26;8.0;3;8.0
1996-03-27;5.6;3;5.6
1996-03-28;5.1;3;5.1
1996-03-29;4.8;3;4.8
1996-03-30;4.6;3;4.6
1996-03-31;7.1;3;7.1
1996-04-01;8.8;4;8.8
1996-04-02;7.1;4;7.1
1996-04-03;6.8;4;6.8
1996-04-04;7.7;4;7.7
1996-04-05;7.1;4;7.1
1996-04-06;6.5;4;6.5
1996-04-07;11.9;4;11.9
1996-04-08;9.8;4;9.8
1996-04-09;8.0;4;8.0
1996-04-10;9.6;4;9.6
1996-04-11;6.9;4;6.9
1996-04-12;5.6;4;5.6
1996-04-13;5.2;4;5.2
1996-04-14;5.1;4;5.1
1996-04-15;5.4;4;5.4
1996-04-16;5.6;4;5.6
1996-04-17;10.5;4;10.5
1996-04-18;9.0;4;9.0
1996-04-19;6.2;4;6.2
1996-04-20;5.4;4;5.4
1996-04-21;5.1;4;5.1
1996-04-22;4.9;4;4.9
1996-04-23;5.3;4;5.3
1996-04-24;8.8;4;8.8
1996-04-25;13.8;4;13.8
1996-04-26;14.6;4;14.6
1996-04-27;12.3;4;12.3
1996-04-28;19.3;4;19.3
1996-04-29;11.4;4;11.4
1996-04-30;9.0;4;9.0
1996-05-01;9.0;5;9.0
1996-05-02;9.6;5;9.6
1996-05-03;11.4;5;11.4
1996-05-04;16.9;5;16.9
1996-05-05;43.3;5;43.3
1996-05-06;67.0;5;67.0
1996-05-07;38.2;5;38.2
1996-05-08;42.7;5;42.7
1996-05-09;32.5;5;32.5
1996-05-10;20.1;5;20.1
1996-05-11;20.6;5;20.6
1996-05-12;24.0;5;24.0
1996-05-13;36.3;5;36.3
1996-05-14;119.5;5;119.5
1996-05-15;96.4;5;96.4
1996-05-16;33.4;5;33.4
1996-05-17;24.2;5;24.2
1996-05-18;21.1;5;21.1
1996-05-19;22.6;5;22.6
1996-05-20;16.7;5;16.7
1996-05-21;85.6;5;85.6
1996-05-22;71.6;5;71.6
1996-05-23;29.5;5;29.5
1996-05-24;29.1;5;29.1
1996-05-25;30.9;5;30.9
1996-05-26;66.8;5;66.8
1996-05-27;102.7;5;102.7
1996-05-28;73.9;5;73.9
1996-05-29;35.6;5;35.6
1996-05-30;26.6;5;26.6
1996-05-31;22.3;5;22.3
1996-06-01;24.2;6;24.2
1996-06-02;29.5;6;29.5
1996-06-03;33.8;6;33.8
1996-06-04;29.5;6;29.5
1996-06-05;39.6;6;39.6
1996-06-06;29.9;6;29.9
1996-06-07;21.3;6;21.3
1996-06-08;17.0;6;17.0
1996-06-09;14.4;6;14.4
1996-06-10;14.0;6;14.0
1996-06-11;14.6;6;14.6
1996-06-12;12.1;6;12.1
1996-06-13;11.3;6;11.3
1996-06-14;10.7;6;10.7
1996-06-15;10.6;6;10.6
1996-06-16;9.2;6;9.2
1996-06-17;9.4;6;9.4
1996-06-18;12.9;6;12.9
1996-06-19;13.3;6;13.3
1996-06-20;15.9;6;15.9
1996-06-21;21.8;6;21.8
1996-06-22;23.1;6;23.1
1996-06-23;26.9;6;26.9
1996-06-24;30.7;6;30.7
1996-06-25;29.9;6;29.9
1996-06-26;25.6;6;25.6
1996-06-27;26.4;6;26.4
1996-06-28;51.0;6;51.0
1996-06-29;35.4;6;35.4
1996-06-30;25.8;6;25.8
1996-07-01;24.7;7;24.7
1996-07-02;30.1;7;30.1
1996-07-03;30.5;7;30.5
1996-07-04;23.3;7;23.3
1996-07-05;41.5;7;41.5
1996-07-06;30.7;7;30.7
1996-07-07;29.2;7;29.2
1996-07-08;50.1;7;50.1
1996-07-09;56.4;7;56.4
1996-07-10;72.3;7;72.3
1996-07-11;50.8;7;50.8
1996-07-12;46.6;7;46.6
1996-07-13;49.0;7;49.0
1996-07-14;35.1;7;35.1
1996-07-15;26.3;7;26.3
1996-07-16;21.4;7;21.4
1996-07-17;26.5;7;26.5
1996-07-18;70.5;7;70.5
1996-07-19;87.7;7;87.7
1996-07-20;51.8;7;51.8
1996-07-21;43.7;7;43.7
1996-07-22;41.7;7;41.7
1996-07-23;66.1;7;66.1
1996-07-24;57.7;7;57.7
1996-07-25;28.0;7;28.0
1996-07-26;19.0;7;19.0
1996-07-27;18.2;7;18.2
1996-07-28;18.2;7;18.2
1996-07-29;19.1;7;19.1
1996-07-30;126.9;7;126.9
1996-07-31;38.5;7;38.5
1996-08-01;29.7;8;29.7
1996-08-02;23.3;8;23.3
1996-08-03;22.2;8;22.2
1996-08-04;22.7;8;22.7
1996-08-05;16.0;8;16.0
1996-08-06;21.8;8;21.8
1996-08-07;23.9;8;23.9
1996-08-08;14.5;8;14.5
1996-08-09;19.1;8;19.1
1996-08-10;67.3;8;67.3
1996-08-11;27.7;8;27.7
1996-08-12;17.5;8;17.5
1996-08-13;13.0;8;13.0
1996-08-14;11.6;8;11.6
1996-08-15;11.2;8;11.2
1996-08-16;12.6;8;12.6
1996-08-17;12.2;8;12.2
1996-08-18;10.4;8;10.4
1996-08-19;11.1;8;11.1
1996-08-20;11.9;8;11.9
1996-08-21;9.7;8;9.7
1996-08-22;14.8;8;14.8
1996-08-23;12.1;8;12.1
1996-08-24;9.7;8;9.7
1996-08-25;9.3;8;9.3
1996-08-26;14.6;8;14.6
1996-08-27;30.7;8;30.7
1996-08-28;26.5;8;26.5
1996-08-29;14.8;8;14.8
1996-08-30;12.8;8;12.8
1996-08-31;16.4;8;16.4
1996-09-01;13.2;9;13.2
1996-09-02;10.5;9;10.5
1996-09-03;10.0;9;10.0
1996-09-04;8.2;9;8.2
1996-09-05;7.0;9;7.0
1996-09-06;6.6;9;6.6
1996-09-07;6.3;9;6.3
1996-09-08;6.8;9;6.8
1996-09-09;16.6;9;16.6
1996-09-10;10.8;9;10.8
1996-09-11;9.0;9;9.0
1996-09-12;6.9;9;6.9
1996-09-13;5.9;9;5.9
1996-09-14;5.4;9;5.4
1996-09-15;5.4;9;5.4
1996-09-16;6.8;9;6.8
1996-09-17;7.1;9;7.1
1996-09-18;11.9;9;11.9
1996-09-19;20.3;9;20.3
1996-09-20;14.9;9;14.9
1996-09-21;23.6;9;23.6
1996-09-22;12.5;9;12.5
1996-09-23;8.2;9;8.2
1996-09-24;6.5;9;6.5
1996-09-25;8.1;9;8.1
1996-09-26;6.5;9;6.5
1996-09-27;6.5;9;6.5
1996-09-28;18.2;9;18.2
1996-09-29;13.0;9;13.0
1996-09-30;10.5;9;10.5
1996-10-01;22.6;10;22.6
1996-10-02;16.1;10;16.1
1996-10-03;11.6;10;11.6
1996-10-04;29.9;10;29.9
1996-10-05;45.1;10;45.1
1996-10-06;66.1;10;66.1
1996-10-07;65.3;10;65.3
1996-10-08;86.8;10;86.8
1996-10-09;32.2;10;32.2
1996-10-10;29.7;10;29.7
1996-10-11;39.7;10;39.7
1996-10-12;44.6;10;44.6
1996-10-13;21.3;10;21.3
1996-10-14;19.0;10;19.0
1996-10-15;40.5;10;40.5
1996-10-16;41.1;10;41.1
1996-10-17;28.3;10;28.3
1996-10-18;20.2;10;20.2
1996-10-19;49.8;10;49.8
1996-10-20;86.5;10;86.5
1996-10-21;54.7;10;54.7
1996-10-22;29.7;10;29.7
1996-10-23;21.0;10;21.0
1996-10-24;24.2;10;24.2
1996-10-25;19.7;10;19.7
1996-10-26;17.3;10;17.3
1996-10-27;14.8;10;14.8
1996-10-28;30.9;10;30.9
1996-10-29;42.4;10;42.4
1996-10-30;50.9;10;50.9
1996-10-31;31.8;10;31.8
1996-11-01;21.5;11;21.5
1996-11-02;24.2;11;24.2
1996-11-03;13.5;11;13.5
1996-11-04;11.9;11;11.9
1996-11-05;10.0;11;10.0
1996-11-06;8.7;11;8.7
1996-11-07;8.2;11;8.2
1996-11-08;10.9;11;10.9
1996-11-09;32.3;11;32.3
1996-11-10;30.0;11;30.0
1996-11-11;13.5;11;13.5
1996-11-12;13.1;11;13.1
1996-11-13;11.2;11;11.2
1996-11-14;21.2;11;21.2
1996-11-15;39.1;11;39.1
1996-11-16;64.9;11;64.9
1996-11-17;25.6;11;25.6
1996-11-18;17.3;11;17.3
1996-11-19;18.3;11;18.3
1996-11-20;16.9;11;16.9
1996-11-21;11.6;11;11.6
1996-11-22;11.0;11;11.0
1996-11-23;33.6;11;33.6
1996-11-24;10.0;11;10.0
1996-11-25;11.3;11;11.3
1996-11-26;81.0;11;81.0
1996-11-27;19.0;11;19.0
1996-11-28;12.9;11;12.9
1996-11-29;68.6;11;68.6
1996-11-30;23.0;11;23.0
1996-12-01;32.5;12;32.5
1996-12-02;26.5;12;26.5
1996-12-03;16.0;12;16.0
1996-12-04;25.8;12;25.8
1996-12-05;27.9;12;27.9
1996-12-06;42.1;12;42.1
1996-12-07;31.4;12;31.4
1996-12-08;18.5;12;18.5
1996-12-09;14.4;12;14.4
1996-12-10;16.2;12;16.2
1996-12-11;12.6;12;12.6
1996-12-12;11.1;12;11.1
1996-12-13;10.9;12;10.9
1996-12-14;10.8;12;10.8
1996-12-15;10.4;12;10.4
1996-12-16;10.3;12;10.3
1996-12-17;9.0;12;9.0
1996-12-18;7.5;12;7.5
1996-12-19;7.1;12;7.1
1996-12-20;7.1;12;7.1
1996-12-21;6.5;12;6.5
1996-12-22;5.8;12;5.8
1996-12-23;5.5;12;5.5
1996-12-24;5.3;12;5.3
1996-12-25;5.0;12;5.0
1996-12-26;4.9;12;4.9
1996-12-27;4.7;12;4.7
1996-12-28;4.5;12;4.5
1996-12-29;4.4;12;4.4
1996-12-30;4.7;12;4.7
1996-12-31;23.4;12;23.4
1997-01-01;15.6;1;15.6
1997-01-02;22.6;1;22.6
1997-01-03;9.7;1;9.7
1997-01-04;7.1;1;7.1
1997-01-05;5.9;1;5.9
1997-01-06;5.5;1;5.5
1997-01-07;10.4;1;10.4
1997-01-08;9.0;1;9.0
1997-01-09;7.5;1;7.5
1997-01-10;19.8;1;19.8
1997-01-11;48.0;1;48.0
1997-01-12;31.6;1;31.6
1997-01-13;13.5;1;13.5
1997-01-14;17.5;1;17.5
1997-01-15;23.1;1;23.1
1997-01-16;15.0;1;15.0
1997-01-17;29.8;1;29.8
1997-01-18;40.8;1;40.8
1997-01-19;17.6;1;17.6
1997-01-20;40.8;1;40.8
1997-01-21;49.8;1;49.8
1997-01-22;41.5;1;41.5
1997-01-23;36.6;1;36.6
1997-01-24;30.0;1;30.0
1997-01-25;26.2;1;26.2
1997-01-26;29.5;1;29.5
1997-01-27;34.7;1;34.7
1997-01-28;22.8;1;22.8
1997-01-29;13.8;1;13.8
1997-01-30;12.3;1;12.3
1997-01-31;15.0;1;15.0
1997-02-01;13.5;2;13.5
1997-02-02;10.9;2;10.9
1997-02-03;9.5;2;9.5
1997-02-04;8.8;2;8.8
1997-02-05;8.3;2;8.3
1997-02-06;16.3;2;16.3
1997-02-07;11.8;2;11.8
1997-02-08;12.2;2;12.2
1997-02-09;11.4;2;11.4
1997-02-10;7.8;2;7.8
1997-02-11;34.7;2;34.7
1997-02-12;22.2;2;22.2
1997-02-13;17.0;2;17.0
1997-02-14;12.3;2;12.3
1997-02-15;11.8;2;11.8
1997-02-16;11.0;2;11.0
1997-02-17;10.2;2;10.2
1997-02-18;17.0;2;17.0
1997-02-19;14.2;2;14.2
1997-02-20;12.1;2;12.1
1997-02-21;9.5;2;9.5
1997-02-22;9.5;2;9.5
1997-02-23;8.3;2;8.3
1997-02-24;5.5;2;5.5
1997-02-25;5.5;2;5.5
1997-02-26;5.4;2;5.4
1997-02-27;5.5;2;5.5
1997-02-28;5.5;2;5.5
1997-03-01;5.0;3;5.0
1997-03-02;5.1;3;5.1
1997-03-03;13.5;3;13.5
1997-03-04;9.4;3;9.4
1997-03-05;7.1;3;7.1
1997-03-06;5.3;3;5.3
1997-03-07;4.9;3;4.9
1997-03-08;4.6;3;4.6
1997-03-09;4.5;3;4.5
1997-03-10;4.4;3;4.4
1997-03-11;4.4;3;4.4
1997-03-12;4.3;3;4.3
1997-03-13;6.4;3;6.4
1997-03-14;8.6;3;8.6
1997-03-15;6.8;3;6.8
1997-03-16;64.7;3;64.7
1997-03-17;31.5;3;31.5
1997-03-18;123.8;3;123.8
1997-03-19;88.3;3;88.3
1997-03-20;26.4;3;26.4
1997-03-21;20.6;3;20.6
1997-03-22;11.8;3;11.8
1997-03-23;10.2;3;10.2
1997-03-24;9.0;3;9.0
1997-03-25;7.0;3;7.0
1997-03-26;5.7;3;5.7
1997-03-27;5.4;3;5.4
1997-03-28;5.1;3;5.1
1997-03-29;4.9;3;4.9
1997-03-30;4.6;3;4.6
1997-03-31;4.6;3;4.6
1997-04-01;12.6;4;12.6
1997-04-02;9.5;4;9.5
1997-04-03;7.3;4;7.3
1997-04-04;6.5;4;6.5
1997-04-05;5.7;4;5.7
1997-04-06;5.3;4;5.3
1997-04-07;30.0;4;30.0
1997-04-08;19.0;4;19.0
1997-04-09;14.7;4;14.7
1997-04-10;46.5;4;46.5
1997-04-11;67.0;4;67.0
1997-04-12;28.4;4;28.4
1997-04-13;12.3;4;12.3
1997-04-14;9.8;4;9.8
1997-04-15;11.6;4;11.6
1997-04-16;10.6;4;10.6
1997-04-17;10.6;4;10.6
1997-04-18;11.0;4;11.0
1997-04-19;12.6;4;12.6
1997-04-20;12.9;4;12.9
1997-04-21;51.0;4;51.0
1997-04-22;113.4;4;113.4
1997-04-23;85.5;4;85.5
1997-04-24;59.3;4;59.3
1997-04-25;89.3;4;89.3
1997-04-26;36.6;4;36.6
1997-04-27;25.1;4;25.1
1997-04-28;16.7;4;16.7
1997-04-29;12.8;4;12.8
1997-04-30;10.9;4;10.9
1997-05-01;9.8;5;9.8
1997-05-02;8.8;5;8.8
1997-05-03;7.8;5;7.8
1997-05-04;78.0;5;78.0
1997-05-05;21.6;5;21.6
1997-05-06;16.1;5;16.1
1997-05-07;11.8;5;11.8
1997-05-08;10.4;5;10.4
1997-05-09;8.8;5;8.8
1997-05-10;7.8;5;7.8
1997-05-11;18.8;5;18.8
1997-05-12;23.5;5;23.5
1997-05-13;23.5;5;23.5
1997-05-14;31.3;5;31.3
1997-05-15;18.2;5;18.2
1997-05-16;15.4;5;15.4
1997-05-17;11.4;5;11.4
1997-05-18;9.8;5;9.8
1997-05-19;8.8;5;8.8
1997-05-20;296.3;5;296.3
1997-05-21;23.3;5;23.3
1997-05-22;12.3;5;12.3
1997-05-23;11.9;5;11.9
1997-05-24;10.6;5;10.6
1997-05-25;10.0;5;10.0
1997-05-26;20.5;5;20.5
1997-05-27;86.1;5;86.1
1997-05-28;66.8;5;66.8
1997-05-29;19.4;5;19.4
1997-05-30;16.2;5;16.2
1997-05-31;14.4;5;14.4
1997-06-01;12.6;6;12.6
1997-06-02;22.4;6;22.4
1997-06-03;18.2;6;18.2
1997-06-04;39.0;6;39.0
1997-06-05;64.4;6;64.4
1997-06-06;71.9;6;71.9
1997-06-07;37.5;6;37.5
1997-06-08;19.4;6;19.4
1997-06-09;18.2;6;18.2
1997-06-10;17.0;6;17.0
1997-06-11;12.6;6;12.6
1997-06-12;11.4;6;11.4
1997-06-13;13.9;6;13.9
1997-06-14;11.3;6;11.3
1997-06-15;9.9;6;9.9
1997-06-16;8.4;6;8.4
1997-06-17;7.2;6;7.2
1997-06-18;6.5;6;6.5
1997-06-19;14.3;6;14.3
1997-06-20;25.0;6;25.0
1997-06-21;9.5;6;9.5
1997-06-22;6.9;6;6.9
1997-06-23;6.1;6;6.1
1997-06-24;5.4;6;5.4
1997-06-25;65.7;6;65.7
1997-06-26;41.4;6;41.4
1997-06-27;28.4;6;28.4
1997-06-28;18.6;6;18.6
1997-06-29;13.1;6;13.1
1997-06-30;12.8;6;12.8
1997-07-01;53.2;7;53.2
1997-07-02;32.3;7;32.3
1997-07-03;40.1;7;40.1
1997-07-04;32.0;7;32.0
1997-07-05;57.4;7;57.4
1997-07-06;55.3;7;55.3
1997-07-07;68.7;7;68.7
1997-07-08;92.4;7;92.4
1997-07-09;47.3;7;47.3
1997-07-10;47.5;7;47.5
1997-07-11;46.3;7;46.3
1997-07-12;155.3;7;155.3
1997-07-13;43.0;7;43.0
1997-07-14;57.5;7;57.5
1997-07-15;39.9;7;39.9
1997-07-16;34.6;7;34.6
1997-07-17;26.1;7;26.1
1997-07-18;27.4;7;27.4
1997-07-19;17.5;7;17.5
1997-07-20;12.9;7;12.9
1997-07-21;12.6;7;12.6
1997-07-22;28.0;7;28.0
1997-07-23;30.5;7;30.5
1997-07-24;24.6;7;24.6
1997-07-25;15.8;7;15.8
1997-07-26;29.5;7;29.5
1997-07-27;21.2;7;21.2
1997-07-28;13.0;7;13.0
1997-07-29;11.0;7;11.0
1997-07-30;9.0;7;9.0
1997-07-31;7.5;7;7.5
1997-08-01;6.3;8;6.3
1997-08-02;6.3;8;6.3
1997-08-03;6.4;8;6.4
1997-08-04;6.5;8;6.5
1997-08-05;6.5;8;6.5
1997-08-06;9.2;8;9.2
1997-08-07;9.1;8;9.1
1997-08-08;6.8;8;6.8
1997-08-09;27.5;8;27.5
1997-08-10;46.2;8;46.2
1997-08-11;18.0;8;18.0
1997-08-12;10.2;8;10.2
1997-08-13;11.0;8;11.0
1997-08-14;46.0;8;46.0
1997-08-15;19.2;8;19.2
1997-08-16;14.7;8;14.7
1997-08-17;53.5;8;53.5
1997-08-18;13.2;8;13.2
1997-08-19;17.2;8;17.2
1997-08-20;17.4;8;17.4
1997-08-21;15.8;8;15.8
1997-08-22;15.0;8;15.0
1997-08-23;14.4;8;14.4
1997-08-24;10.2;8;10.2
1997-08-25;7.3;8;7.3
1997-08-26;6.3;8;6.3
1997-08-27;7.5;8;7.5
1997-08-28;15.5;8;15.5
1997-08-29;31.7;8;31.7
1997-08-30;6.9;8;6.9
1997-08-31;6.4;8;6.4
1997-09-01;5.0;9;5.0
1997-09-02;5.2;9;5.2
1997-09-03;9.0;9;9.0
1997-09-04;6.2;9;6.2
1997-09-05;5.1;9;5.1
1997-09-06;6.1;9;6.1
1997-09-07;5.0;9;5.0
1997-09-08;5.3;9;5.3
1997-09-09;5.1;9;5.1
1997-09-10;4.5;9;4.5
1997-09-11;4.3;9;4.3
1997-09-12;4.3;9;4.3
1997-09-13;4.3;9;4.3
1997-09-14;4.2;9;4.2
1997-09-15;4.1;9;4.1
1997-09-16;3.9;9;3.9
1997-09-17;3.9;9;3.9
1997-09-18;3.9;9;3.9
1997-09-19;3.8;9;3.8
1997-09-20;3.8;9;3.8
1997-09-21;3.9;9;3.9
1997-09-22;4.0;9;4.0
1997-09-23;7.8;9;7.8
1997-09-24;9.6;9;9.6
1997-09-25;6.9;9;6.9
1997-09-26;4.9;9;4.9
1997-09-27;4.3;9;4.3
1997-09-28;4.0;9;4.0
1997-09-29;3.9;9;3.9
1997-09-30;3.8;9;3.8
1997-10-01;4.0;10;4.0
1997-10-02;3.9;10;3.9
1997-10-03;3.9;10;3.9
1997-10-04;4.1;10;4.1
1997-10-05;4.1;10;4.1
1997-10-06;4.0;10;4.0
1997-10-07;4.3;10;4.3
1997-10-08;4.1;10;4.1
1997-10-09;3.9;10;3.9
1997-10-10;4.7;10;4.7
1997-10-11;4.3;10;4.3
1997-10-12;4.3;10;4.3
1997-10-13;4.3;10;4.3
1997-10-14;6.5;10;6.5
1997-10-15;7.8;10;7.8
1997-10-16;14.6;10;14.6
1997-10-17;15.0;10;15.0
1997-10-18;47.6;10;47.6
1997-10-19;19.2;10;19.2
1997-10-20;13.0;10;13.0
1997-10-21;10.9;10;10.9
1997-10-22;11.7;10;11.7
1997-10-23;8.5;10;8.5
1997-10-24;7.5;10;7.5
1997-10-25;5.5;10;5.5
1997-10-26;4.9;10;4.9
1997-10-27;4.9;10;4.9
1997-10-28;4.7;10;4.7
1997-10-29;4.7;10;4.7
1997-10-30;4.7;10;4.7
1997-10-31;5.3;10;5.3
1997-11-01;4.9;11;4.9
1997-11-02;4.4;11;4.4
1997-11-03;5.9;11;5.9
1997-11-04;5.7;11;5.7
1997-11-05;7.1;11;7.1
1997-11-06;6.7;11;6.7
1997-11-07;17.8;11;17.8
1997-11-08;46.7;11;46.7
1997-11-09;28.0;11;28.0
1997-11-10;29.4;11;29.4
1997-11-11;24.3;11;24.3
1997-11-12;19.8;11;19.8
1997-11-13;15.8;11;15.8
1997-11-14;21.0;11;21.0
1997-11-15;17.2;11;17.2
1997-11-16;12.6;11;12.6
1997-11-17;8.8;11;8.8
1997-11-18;9.5;11;9.5
1997-11-19;11.0;11;11.0
1997-11-20;12.6;11;12.6
1997-11-21;15.9;11;15.9
1997-11-22;10.1;11;10.1
1997-11-23;6.9;11;6.9
1997-11-24;5.5;11;5.5
1997-11-25;6.1;11;6.1
1997-11-26;10.1;11;10.1
1997-11-27;9.6;11;9.6
1997-11-28;10.4;11;10.4
1997-11-29;11.3;11;11.3
1997-11-30;16.2;11;16.2
1997-12-01;19.3;12;19.3
1997-12-02;13.3;12;13.3
1997-12-03;7.1;12;7.1
1997-12-04;5.7;12;5.7
1997-12-05;5.2;12;5.2
1997-12-06;5.0;12;5.0
1997-12-07;4.7;12;4.7
1997-12-08;4.5;12;4.5
1997-12-09;4.4;12;4.4
1997-12-10;4.2;12;4.2
1997-12-11;3.6;12;3.6
1997-12-12;4.1;12;4.1
1997-12-13;4.0;12;4.0
1997-12-14;3.9;12;3.9
1997-12-15;4.1;12;4.1
1997-12-16;4.1;12;4.1
1997-12-17;4.0;12;4.0
1997-12-18;3.9;12;3.9
1997-12-19;3.8;12;3.8
1997-12-20;3.8;12;3.8
1997-12-21;3.7;12;3.7
1997-12-22;3.8;12;3.8
1997-12-23;3.7;12;3.7
1997-12-24;3.7;12;3.7
1997-12-25;3.7;12;3.7
1997-12-26;3.6;12;3.6
1997-12-27;3.5;12;3.5
1997-12-28;3.5;12;3.5
1997-12-29;3.4;12;3.4
1997-12-30;3.4;12;3.4
1997-12-31;3.5;12;3.5
1998-01-01;3.7;1;3.7
1998-01-02;3.9;1;3.9
1998-01-03;3.6;1;3.6
1998-01-04;3.5;1;3.5
1998-01-05;3.4;1;3.4
1998-01-06;3.3;1;3.3
1998-01-07;3.3;1;3.3
1998-01-08;3.5;1;3.5
1998-01-09;3.8;1;3.8
1998-01-10;5.3;1;5.3
1998-01-11;4.3;1;4.3
1998-01-12;4.0;1;4.0
1998-01-13;3.8;1;3.8
1998-01-14;3.7;1;3.7
1998-01-15;3.6;1;3.6
1998-01-16;3.5;1;3.5
1998-01-17;3.4;1;3.4
1998-01-18;3.3;1;3.3
1998-01-19;3.3;1;3.3
1998-01-20;3.3;1;3.3
1998-01-21;3.3;1;3.3
1998-01-22;3.2;1;3.2
1998-01-23;3.2;1;3.2
1998-01-24;3.2;1;3.2
1998-01-25;3.1;1;3.1
1998-01-26;3.1;1;3.1
1998-01-27;3.1;1;3.1
1998-01-28;3.1;1;3.1
1998-01-29;3.1;1;3.1
1998-01-30;3.1;1;3.1
1998-01-31;3.1;1;3.1
1998-02-01;3.1;2;3.1
1998-02-02;3.2;2;3.2
1998-02-03;3.4;2;3.4
1998-02-04;3.3;2;3.3
1998-02-05;3.2;2;3.2
1998-02-06;3.2;2;3.2
1998-02-07;3.2;2;3.2
1998-02-08;5.8;2;5.8
1998-02-09;6.4;2;6.4
1998-02-10;4.4;2;4.4
1998-02-11;4.0;2;4.0
1998-02-12;3.7;2;3.7
1998-02-13;3.8;2;3.8
1998-02-14;4.5;2;4.5
1998-02-15;8.0;2;8.0
1998-02-16;15.1;2;15.1
1998-02-17;6.2;2;6.2
1998-02-18;4.3;2;4.3
1998-02-19;3.8;2;3.8
1998-02-20;3.6;2;3.6
1998-02-21;3.6;2;3.6
1998-02-22;3.5;2;3.5
1998-02-23;3.4;2;3.4
1998-02-24;3.3;2;3.3
1998-02-25;3.3;2;3.3
1998-02-26;3.3;2;3.3
1998-02-27;3.2;2;3.2
1998-02-28;3.1;2;3.1
1998-03-01;3.2;3;3.2
1998-03-02;3.2;3;3.2
1998-03-03;3.2;3;3.2
1998-03-04;3.2;3;3.2
1998-03-05;3.2;3;3.2
1998-03-06;3.2;3;3.2
1998-03-07;3.3;3;3.3
1998-03-08;3.3;3;3.3
1998-03-09;3.3;3;3.3
1998-03-10;3.3;3;3.3
1998-03-11;3.2;3;3.2
1998-03-12;3.2;3;3.2
1998-03-13;3.2;3;3.2
1998-03-14;3.3;3;3.3
1998-03-15;3.3;3;3.3
1998-03-16;3.3;3;3.3
1998-03-17;3.3;3;3.3
1998-03-18;3.2;3;3.2
1998-03-19;3.1;3;3.1
1998-03-20;3.1;3;3.1
1998-03-21;3.2;3;3.2
1998-03-22;3.2;3;3.2
1998-03-23;3.3;3;3.3
1998-03-24;4.0;3;4.0
1998-03-25;4.1;3;4.1
1998-03-26;4.3;3;4.3
1998-03-27;4.9;3;4.9
1998-03-28;5.6;3;5.6
1998-03-29;8.1;3;8.1
1998-03-30;43.8;3;43.8
1998-03-31;111.9;3;111.9
1998-04-01;41.0;4;41.0
1998-04-02;19.0;4;19.0
1998-04-03;21.3;4;21.3
1998-04-04;21.2;4;21.2
1998-04-05;37.3;4;37.3
1998-04-06;24.9;4;24.9
1998-04-07;16.7;4;16.7
1998-04-08;10.1;4;10.1
1998-04-09;7.8;4;7.8
1998-04-10;8.8;4;8.8
1998-04-11;11.3;4;11.3
1998-04-12;21.0;4;21.0
1998-04-13;19.4;4;19.4
1998-04-14;20.0;4;20.0
1998-04-15;24.8;4;24.8
1998-04-16;22.5;4;22.5
1998-04-17;12.0;4;12.0
1998-04-18;10.1;4;10.1
1998-04-19;6.7;4;6.7
1998-04-20;15.5;4;15.5
1998-04-21;27.0;4;27.0
1998-04-22;23.0;4;23.0
1998-04-23;12.7;4;12.7
1998-04-24;10.6;4;10.6
1998-04-25;10.8;4;10.8
1998-04-26;10.1;4;10.1
1998-04-27;16.4;4;16.4
1998-04-28;15.7;4;15.7
1998-04-29;11.6;4;11.6
1998-04-30;11.0;4;11.0
1998-05-01;9.5;5;9.5
1998-05-02;27.2;5;27.2
1998-05-03;45.3;5;45.3
1998-05-04;94.4;5;94.4
1998-05-05;174.3;5;174.3
1998-05-06;186.1;5;186.1
1998-05-07;116.2;5;116.2
1998-05-08;149.7;5;149.7
1998-05-09;84.5;5;84.5
1998-05-10;63.7;5;63.7
1998-05-11;42.4;5;42.4
1998-05-12;34.1;5;34.1
1998-05-13;22.8;5;22.8
1998-05-14;16.1;5;16.1
1998-05-15;13.0;5;13.0
1998-05-16;11.9;5;11.9
1998-05-17;10.7;5;10.7
1998-05-18;26.1;5;26.1
1998-05-19;8.8;5;8.8
1998-05-20;11.4;5;11.4
1998-05-21;12.8;5;12.8
1998-05-22;11.1;5;11.1
1998-05-23;11.2;5;11.2
1998-05-24;26.5;5;26.5
1998-05-25;33.7;5;33.7
1998-05-26;36.3;5;36.3
1998-05-27;38.5;5;38.5
1998-05-28;69.4;5;69.4
1998-05-29;180.2;5;180.2
1998-05-30;59.2;5;59.2
1998-05-31;51.1;5;51.1
1998-06-01;64.6;6;64.6
1998-06-02;36.2;6;36.2
1998-06-03;27.6;6;27.6
1998-06-04;29.3;6;29.3
1998-06-05;31.3;6;31.3
1998-06-06;26.2;6;26.2
1998-06-07;15.7;6;15.7
1998-06-08;15.0;6;15.0
1998-06-09;18.2;6;18.2
1998-06-10;12.7;6;12.7
1998-06-11;12.0;6;12.0
1998-06-12;18.0;6;18.0
1998-06-13;19.0;6;19.0
1998-06-14;23.9;6;23.9
1998-06-15;70.8;6;70.8
1998-06-16;36.3;6;36.3
1998-06-17;20.2;6;20.2
1998-06-18;13.1;6;13.1
1998-06-19;11.4;6;11.4
1998-06-20;13.1;6;13.1
1998-06-21;18.5;6;18.5
1998-06-22;40.6;6;40.6
1998-06-23;52.4;6;52.4
1998-06-24;34.6;6;34.6
1998-06-25;23.1;6;23.1
1998-06-26;15.6;6;15.6
1998-06-27;17.0;6;17.0
1998-06-28;57.8;6;57.8
1998-06-29;64.8;6;64.8
1998-06-30;32.6;6;32.6
1998-07-01;19.8;7;19.8
1998-07-02;15.5;7;15.5
1998-07-03;22.3;7;22.3
1998-07-04;20.6;7;20.6
1998-07-05;22.1;7;22.1
1998-07-06;35.2;7;35.2
1998-07-07;30.1;7;30.1
1998-07-08;26.8;7;26.8
1998-07-09;21.6;7;21.6
1998-07-10;71.3;7;71.3
1998-07-11;54.8;7;54.8
1998-07-12;39.4;7;39.4
1998-07-13;22.8;7;22.8
1998-07-14;14.8;7;14.8
1998-07-15;13.4;7;13.4
1998-07-16;37.7;7;37.7
1998-07-17;26.8;7;26.8
1998-07-18;43.6;7;43.6
1998-07-19;162.9;7;162.9
1998-07-20;84.1;7;84.1
1998-07-21;32.4;7;32.4
1998-07-22;33.0;7;33.0
1998-07-23;34.7;7;34.7
1998-07-24;60.2;7;60.2
1998-07-25;37.5;7;37.5
1998-07-26;31.1;7;31.1
1998-07-27;23.9;7;23.9
1998-07-28;18.7;7;18.7
1998-07-29;20.3;7;20.3
1998-07-30;26.0;7;26.0
1998-07-31;27.1;7;27.1
1998-08-01;20.4;8;20.4
1998-08-02;21.0;8;21.0
1998-08-03;18.7;8;18.7
1998-08-04;13.6;8;13.6
1998-08-05;22.6;8;22.6
1998-08-06;25.5;8;25.5
1998-08-07;36.1;8;36.1
1998-08-08;21.4;8;21.4
1998-08-09;13.7;8;13.7
1998-08-10;11.1;8;11.1
1998-08-11;33.5;8;33.5
1998-08-12;19.8;8;19.8
1998-08-13;14.4;8;14.4
1998-08-14;17.3;8;17.3
1998-08-15;20.1;8;20.1
1998-08-16;34.9;8;34.9
1998-08-17;17.2;8;17.2
1998-08-18;12.9;8;12.9
1998-08-19;10.9;8;10.9
1998-08-20;13.7;8;13.7
1998-08-21;12.9;8;12.9
1998-08-22;15.1;8;15.1
1998-08-23;14.4;8;14.4
1998-08-24;12.5;8;12.5
1998-08-25;10.8;8;10.8
1998-08-26;12.3;8;12.3
1998-08-27;10.0;8;10.0
1998-08-28;8.9;8;8.9
1998-08-29;7.3;8;7.3
1998-08-30;9.3;8;9.3
1998-08-31;13.5;8;13.5
1998-09-01;12.0;9;12.0
1998-09-02;9.5;9;9.5
1998-09-03;7.8;9;7.8
1998-09-04;9.2;9;9.2
1998-09-05;8.5;9;8.5
1998-09-06;7.3;9;7.3
1998-09-07;7.1;9;7.1
1998-09-08;6.0;9;6.0
1998-09-09;5.9;9;5.9
1998-09-10;5.5;9;5.5
1998-09-11;6.1;9;6.1
1998-09-12;6.3;9;6.3
1998-09-13;8.5;9;8.5
1998-09-14;20.9;9;20.9
1998-09-15;19.8;9;19.8
1998-09-16;21.3;9;21.3
1998-09-17;38.0;9;38.0
1998-09-18;34.3;9;34.3
1998-09-19;23.9;9;23.9
1998-09-20;20.4;9;20.4
1998-09-21;16.6;9;16.6
1998-09-22;16.4;9;16.4
1998-09-23;51.4;9;51.4
1998-09-24;31.2;9;31.2
1998-09-25;17.2;9;17.2
1998-09-26;17.3;9;17.3
1998-09-27;24.4;9;24.4
1998-09-28;21.2;9;21.2
1998-09-29;12.4;9;12.4
1998-09-30;9.6;9;9.6
1998-10-01;8.1;10;8.1
1998-10-02;12.1;10;12.1
1998-10-03;9.4;10;9.4
1998-10-04;9.3;10;9.3
1998-10-05;10.1;10;10.1
1998-10-06;11.9;10;11.9
1998-10-07;14.1;10;14.1
1998-10-08;16.0;10;16.0
1998-10-09;13.5;10;13.5
1998-10-10;9.8;10;9.8
1998-10-11;8.1;10;8.1
1998-10-12;6.6;10;6.6
1998-10-13;7.9;10;7.9
1998-10-14;11.2;10;11.2
1998-10-15;12.6;10;12.6
1998-10-16;47.3;10;47.3
1998-10-17;25.3;10;25.3
1998-10-18;14.5;10;14.5
1998-10-19;21.0;10;21.0
1998-10-20;17.7;10;17.7
1998-10-21;37.4;10;37.4
1998-10-22;72.1;10;72.1
1998-10-23;52.4;10;52.4
1998-10-24;33.3;10;33.3
1998-10-25;74.2;10;74.2
1998-10-26;49.7;10;49.7
1998-10-27;30.8;10;30.8
1998-10-28;31.6;10;31.6
1998-10-29;52.9;10;52.9
1998-10-30;63.1;10;63.1
1998-10-31;40.3;10;40.3
1998-11-01;25.2;11;25.2
1998-11-02;17.0;11;17.0
1998-11-03;24.1;11;24.1
1998-11-04;25.9;11;25.9
1998-11-05;23.9;11;23.9
1998-11-06;27.5;11;27.5
1998-11-07;22.9;11;22.9
1998-11-08;31.7;11;31.7
1998-11-09;31.7;11;31.7
1998-11-10;36.1;11;36.1
1998-11-11;24.5;11;24.5
1998-11-12;22.1;11;22.1
1998-11-13;33.8;11;33.8
1998-11-14;40.5;11;40.5
1998-11-15;27.7;11;27.7
1998-11-16;19.0;11;19.0
1998-11-17;13.8;11;13.8
1998-11-18;20.2;11;20.2
1998-11-19;12.9;11;12.9
1998-11-20;11.2;11;11.2
1998-11-21;16.9;11;16.9
1998-11-22;73.9;11;73.9
1998-11-23;37.5;11;37.5
1998-11-24;20.4;11;20.4
1998-11-25;57.9;11;57.9
1998-11-26;37.7;11;37.7
1998-11-27;54.2;11;54.2
1998-11-28;50.3;11;50.3
1998-11-29;161.2;11;161.2
1998-11-30;56.3;11;56.3
1998-12-01;33.2;12;33.2
1998-12-02;22.5;12;22.5
1998-12-03;50.1;12;50.1
1998-12-04;68.1;12;68.1
1998-12-05;51.1;12;51.1
1998-12-06;60.5;12;60.5
1998-12-07;59.1;12;59.1
1998-12-08;52.1;12;52.1
1998-12-09;63.9;12;63.9
1998-12-10;80.4;12;80.4
1998-12-11;44.4;12;44.4
1998-12-12;40.9;12;40.9
1998-12-13;28.3;12;28.3
1998-12-14;21.5;12;21.5
1998-12-15;19.6;12;19.6
1998-12-16;15.5;12;15.5
1998-12-17;12.7;12;12.7
1998-12-18;12.1;12;12.1
1998-12-19;12.0;12;12.0
1998-12-20;12.2;12;12.2
1998-12-21;11.8;12;11.8
1998-12-22;9.2;12;9.2
1998-12-23;7.9;12;7.9
1998-12-24;7.5;12;7.5
1998-12-25;7.0;12;7.0
1998-12-26;6.9;12;6.9
1998-12-27;9.6;12;9.6
1998-12-28;37.7;12;37.7
1998-12-29;16.9;12;16.9
1998-12-30;19.6;12;19.6
1998-12-31;13.2;12;13.2
1999-01-01;10.0;1;10.0
1999-01-02;9.4;1;9.4
1999-01-03;10.0;1;10.0
1999-01-04;9.6;1;9.6
1999-01-05;11.5;1;11.5
1999-01-06;11.0;1;11.0
1999-01-07;13.4;1;13.4
1999-01-08;23.2;1;23.2
1999-01-09;30.8;1;30.8
1999-01-10;33.7;1;33.7
1999-01-11;98.7;1;98.7
1999-01-12;33.4;1;33.4
1999-01-13;19.9;1;19.9
1999-01-14;21.4;1;21.4
1999-01-15;20.6;1;20.6
1999-01-16;14.6;1;14.6
1999-01-17;11.7;1;11.7
1999-01-18;11.3;1;11.3
1999-01-19;12.3;1;12.3
1999-01-20;10.7;1;10.7
1999-01-21;8.9;1;8.9
1999-01-22;8.1;1;8.1
1999-01-23;8.3;1;8.3
1999-01-24;10.0;1;10.0
1999-01-25;13.5;1;13.5
1999-01-26;21.7;1;21.7
1999-01-27;11.2;1;11.2
1999-01-28;10.0;1;10.0
1999-01-29;9.6;1;9.6
1999-01-30;8.0;1;8.0
1999-01-31;6.7;1;6.7
1999-02-01;6.4;2;6.4
1999-02-02;7.9;2;7.9
1999-02-03;8.9;2;8.9
1999-02-04;22.3;2;22.3
1999-02-05;22.1;2;22.1
1999-02-06;19.7;2;19.7
1999-02-07;48.2;2;48.2
1999-02-08;25.2;2;25.2
1999-02-09;12.7;2;12.7
1999-02-10;11.0;2;11.0
1999-02-11;12.2;2;12.2
1999-02-12;12.0;2;12.0
1999-02-13;11.0;2;11.0
1999-02-14;10.8;2;10.8
1999-02-15;9.6;2;9.6
1999-02-16;17.4;2;17.4
1999-02-17;31.5;2;31.5
1999-02-18;75.0;2;75.0
1999-02-19;41.4;2;41.4
1999-02-20;45.4;2;45.4
1999-02-21;71.7;2;71.7
1999-02-22;108.7;2;108.7
1999-02-23;69.1;2;69.1
1999-02-24;69.7;2;69.7
1999-02-25;65.5;2;65.5
1999-02-26;42.3;2;42.3
1999-02-27;28.5;2;28.5
1999-02-28;24.6;2;24.6
1999-03-01;24.9;3;24.9
1999-03-02;34.9;3;34.9
1999-03-03;42.3;3;42.3
1999-03-04;19.6;3;19.6
1999-03-05;12.7;3;12.7
1999-03-06;11.0;3;11.0
1999-03-07;9.5;3;9.5
1999-03-08;8.9;3;8.9
1999-03-09;11.7;3;11.7
1999-03-10;15.8;3;15.8
1999-03-11;14.4;3;14.4
1999-03-12;14.3;3;14.3
1999-03-13;13.8;3;13.8
1999-03-14;11.2;3;11.2
1999-03-15;11.0;3;11.0
1999-03-16;10.1;3;10.1
1999-03-17;13.8;3;13.8
1999-03-18;26.7;3;26.7
1999-03-19;23.4;3;23.4
1999-03-20;22.0;3;22.0
1999-03-21;16.8;3;16.8
1999-03-22;16.1;3;16.1
1999-03-23;13.2;3;13.2
1999-03-24;11.6;3;11.6
1999-03-25;11.0;3;11.0
1999-03-26;8.0;3;8.0
1999-03-27;7.5;3;7.5
1999-03-28;9.9;3;9.9
1999-03-29;10.4;3;10.4
1999-03-30;12.4;3;12.4
1999-03-31;11.2;3;11.2
1999-04-01;9.3;4;9.3
1999-04-02;11.8;4;11.8
1999-04-03;22.5;4;22.5
1999-04-04;20.6;4;20.6
1999-04-05;90.7;4;90.7
1999-04-06;34.3;4;34.3
1999-04-07;129.2;4;129.2
1999-04-08;97.3;4;97.3
1999-04-09;319.6;4;319.6
1999-04-10;100.0;4;100.0
1999-04-11;80.7;4;80.7
1999-04-12;76.8;4;76.8
1999-04-13;76.0;4;76.0
1999-04-14;27.5;4;27.5
1999-04-15;23.5;4;23.5
1999-04-16;27.5;4;27.5
1999-04-17;20.6;4;20.6
1999-04-18;14.1;4;14.1
1999-04-19;13.8;4;13.8
1999-04-20;14.4;4;14.4
1999-04-21;11.6;4;11.6
1999-04-22;12.3;4;12.3
1999-04-23;17.7;4;17.7
1999-04-24;17.0;4;17.0
1999-04-25;68.4;4;68.4
1999-04-26;86.4;4;86.4
1999-04-27;63.6;4;63.6
1999-04-28;62.6;4;62.6
1999-04-29;63.1;4;63.1
1999-04-30;38.9;4;38.9
1999-05-01;26.3;5;26.3
1999-05-02;28.0;5;28.0
1999-05-03;20.5;5;20.5
1999-05-04;16.6;5;16.6
1999-05-05;19.5;5;19.5
1999-05-06;26.5;5;26.5
1999-05-07;24.8;5;24.8
1999-05-08;17.8;5;17.8
1999-05-09;21.2;5;21.2
1999-05-10;31.7;5;31.7
1999-05-11;127.9;5;127.9
1999-05-12;51.9;5;51.9
1999-05-13;34.6;5;34.6
1999-05-14;45.7;5;45.7
1999-05-15;13.2;5;13.2
1999-05-16;49.0;5;49.0
1999-05-17;22.4;5;22.4
1999-05-18;14.8;5;14.8
1999-05-19;14.3;5;14.3
1999-05-20;14.1;5;14.1
1999-05-21;13.2;5;13.2
1999-05-22;14.1;5;14.1
1999-05-23;13.4;5;13.4
1999-05-24;12.3;5;12.3
1999-05-25;40.8;5;40.8
1999-05-26;22.9;5;22.9
1999-05-27;11.8;5;11.8
1999-05-28;10.8;5;10.8
1999-05-29;18.1;5;18.1
1999-05-30;30.7;5;30.7
1999-05-31;18.4;5;18.4
1999-06-01;14.9;6;14.9
1999-06-02;25.3;6;25.3
1999-06-03;18.6;6;18.6
1999-06-04;17.5;6;17.5
1999-06-05;28.7;6;28.7
1999-06-06;41.1;6;41.1
1999-06-07;43.8;6;43.8
1999-06-08;36.5;6;36.5
1999-06-09;31.4;6;31.4
1999-06-10;34.0;6;34.0
1999-06-11;18.7;6;18.7
1999-06-12;22.5;6;22.5
1999-06-13;30.4;6;30.4
1999-06-14;26.3;6;26.3
1999-06-15;48.3;6;48.3
1999-06-16;40.0;6;40.0
1999-06-17;31.0;6;31.0
1999-06-18;47.1;6;47.1
1999-06-19;26.9;6;26.9
1999-06-20;17.0;6;17.0
1999-06-21;89.5;6;89.5
1999-06-22;39.3;6;39.3
1999-06-23;39.6;6;39.6
1999-06-24;27.7;6;27.7
1999-06-25;17.7;6;17.7
1999-06-26;13.6;6;13.6
1999-06-27;62.4;6;62.4
1999-06-28;41.6;6;41.6
1999-06-29;21.3;6;21.3
1999-06-30;15.0;6;15.0
1999-07-01;26.2;7;26.2
1999-07-02;24.5;7;24.5
1999-07-03;16.7;7;16.7
1999-07-04;14.8;7;14.8
1999-07-05;11.3;7;11.3
1999-07-06;9.7;7;9.7
1999-07-07;9.2;7;9.2
1999-07-08;13.9;7;13.9
1999-07-09;16.6;7;16.6
1999-07-10;11.6;7;11.6
1999-07-11;10.1;7;10.1
1999-07-12;9.6;7;9.6
1999-07-13;10.2;7;10.2
1999-07-14;20.3;7;20.3
1999-07-15;14.5;7;14.5
1999-07-16;10.5;7;10.5
1999-07-17;9.6;7;9.6
1999-07-18;8.1;7;8.1
1999-07-19;7.4;7;7.4
1999-07-20;8.2;7;8.2
1999-07-21;9.1;7;9.1
1999-07-22;13.1;7;13.1
1999-07-23;17.0;7;17.0
1999-07-24;15.7;7;15.7
1999-07-25;11.8;7;11.8
1999-07-26;10.4;7;10.4
1999-07-27;9.4;7;9.4
1999-07-28;16.7;7;16.7
1999-07-29;20.7;7;20.7
1999-07-30;18.2;7;18.2
1999-07-31;24.9;7;24.9
1999-08-01;37.8;8;37.8
1999-08-02;19.2;8;19.2
1999-08-03;16.0;8;16.0
1999-08-04;15.2;8;15.2
1999-08-05;11.5;8;11.5
1999-08-06;10.2;8;10.2
1999-08-07;9.4;8;9.4
1999-08-08;7.8;8;7.8
1999-08-09;30.1;8;30.1
1999-08-10;23.9;8;23.9
1999-08-11;12.5;8;12.5
1999-08-12;10.6;8;10.6
1999-08-13;10.7;8;10.7
1999-08-14;13.3;8;13.3
1999-08-15;23.6;8;23.6
1999-08-16;18.5;8;18.5
1999-08-17;12.9;8;12.9
1999-08-18;9.9;8;9.9
1999-08-19;8.5;8;8.5
1999-08-20;7.6;8;7.6
1999-08-21;7.8;8;7.8
1999-08-22;15.9;8;15.9
1999-08-23;23.1;8;23.1
1999-08-24;63.5;8;63.5
1999-08-25;50.4;8;50.4
1999-08-26;119.0;8;119.0
1999-08-27;72.8;8;72.8
1999-08-28;48.9;8;48.9
1999-08-29;29.4;8;29.4
1999-08-30;17.4;8;17.4
1999-08-31;13.5;8;13.5
1999-09-01;11.2;9;11.2
1999-09-02;11.6;9;11.6
1999-09-03;14.1;9;14.1
1999-09-04;11.8;9;11.8
1999-09-05;10.8;9;10.8
1999-09-06;10.6;9;10.6
1999-09-07;9.6;9;9.6
1999-09-08;8.3;9;8.3
1999-09-09;8.0;9;8.0
1999-09-10;9.5;9;9.5
1999-09-11;42.6;9;42.6
1999-09-12;27.7;9;27.7
1999-09-13;42.2;9;42.2
1999-09-14;43.8;9;43.8
1999-09-15;37.0;9;37.0
1999-09-16;48.0;9;48.0
1999-09-17;34.2;9;34.2
1999-09-18;20.2;9;20.2
1999-09-19;14.0;9;14.0
1999-09-20;12.2;9;12.2
1999-09-21;11.2;9;11.2
1999-09-22;10.5;9;10.5
1999-09-23;32.3;9;32.3
1999-09-24;19.8;9;19.8
1999-09-25;12.9;9;12.9
1999-09-26;15.2;9;15.2
1999-09-27;48.1;9;48.1
1999-09-28;60.9;9;60.9
1999-09-29;76.1;9;76.1
1999-09-30;32.2;9;32.2
1999-10-01;34.3;10;34.3
1999-10-02;35.3;10;35.3
1999-10-03;74.5;10;74.5
1999-10-04;78.0;10;78.0
1999-10-05;56.8;10;56.8
1999-10-06;91.1;10;91.1
1999-10-07;89.9;10;89.9
1999-10-08;51.5;10;51.5
1999-10-09;50.7;10;50.7
1999-10-10;37.4;10;37.4
1999-10-11;26.6;10;26.6
1999-10-12;20.6;10;20.6
1999-10-13;15.9;10;15.9
1999-10-14;15.0;10;15.0
1999-10-15;14.5;10;14.5
1999-10-16;13.1;10;13.1
1999-10-17;13.0;10;13.0
1999-10-18;16.0;10;16.0
1999-10-19;23.4;10;23.4
1999-10-20;16.6;10;16.6
1999-10-21;14.6;10;14.6
1999-10-22;19.7;10;19.7
1999-10-23;49.0;10;49.0
1999-10-24;65.9;10;65.9
1999-10-25;76.2;10;76.2
1999-10-26;41.6;10;41.6
1999-10-27;46.4;10;46.4
1999-10-28;54.7;10;54.7
1999-10-29;53.0;10;53.0
1999-10-30;83.0;10;83.0
1999-10-31;42.3;10;42.3
1999-11-01;28.4;11;28.4
1999-11-02;31.5;11;31.5
1999-11-03;52.9;11;52.9
1999-11-04;52.4;11;52.4
1999-11-05;25.0;11;25.0
1999-11-06;18.0;11;18.0
1999-11-07;16.4;11;16.4
1999-11-08;32.0;11;32.0
1999-11-09;35.1;11;35.1
1999-11-10;17.6;11;17.6
1999-11-11;13.7;11;13.7
1999-11-12;13.8;11;13.8
1999-11-13;19.0;11;19.0
1999-11-14;21.1;11;21.1
1999-11-15;23.6;11;23.6
1999-11-16;13.4;11;13.4
1999-11-17;15.2;11;15.2
1999-11-18;36.8;11;36.8
1999-11-19;100.3;11;100.3
1999-11-20;46.2;11;46.2
1999-11-21;39.9;11;39.9
1999-11-22;26.5;11;26.5
1999-11-23;22.5;11;22.5
1999-11-24;40.0;11;40.0
1999-11-25;35.7;11;35.7
1999-11-26;29.9;11;29.9
1999-11-27;19.5;11;19.5
1999-11-28;14.9;11;14.9
1999-11-29;12.1;11;12.1
1999-11-30;10.8;11;10.8
1999-12-01;14.1;12;14.1
1999-12-02;12.3;12;12.3
1999-12-03;12.6;12;12.6
1999-12-04;12.3;12;12.3
1999-12-05;12.0;12;12.0
1999-12-06;15.6;12;15.6
1999-12-07;38.0;12;38.0
1999-12-08;32.5;12;32.5
1999-12-09;16.3;12;16.3
1999-12-10;16.0;12;16.0
1999-12-11;14.5;12;14.5
1999-12-12;13.2;12;13.2
1999-12-13;27.8;12;27.8
1999-12-14;19.2;12;19.2
1999-12-15;13.5;12;13.5
1999-12-16;20.6;12;20.6
1999-12-17;30.8;12;30.8
1999-12-18;21.0;12;21.0
1999-12-19;15.9;12;15.9
1999-12-20;12.3;12;12.3
1999-12-21;12.9;12;12.9
1999-12-22;10.2;12;10.2
1999-12-23;9.2;12;9.2
1999-12-24;12.7;12;12.7
1999-12-25;42.1;12;42.1
1999-12-26;14.7;12;14.7
1999-12-27;10.0;12;10.0
1999-12-28;8.3;12;8.3
1999-12-29;7.1;12;7.1
1999-12-30;6.5;12;6.5
1999-12-31;5.9;12;5.9
2000-01-01;5.529;1;5.529
2000-01-02;5.298;1;5.298
2000-01-03;4.998;1;4.998
2000-01-04;5.085;1;5.085
2000-01-05;5.375;1;5.375
2000-01-06;6.875;1;6.875
2000-01-07;23.19;1;23.19
2000-01-08;31.8;1;31.8
2000-01-09;14.47;1;14.47
2000-01-10;17.66;1;17.66
2000-01-11;19.0;1;19.0
2000-01-12;22.97;1;22.97
2000-01-13;14.47;1;14.47
2000-01-14;9.444;1;9.444
2000-01-15;7.603;1;7.603
2000-01-16;8.56;1;8.56
2000-01-17;7.054;1;7.054
2000-01-18;7.017;1;7.017
2000-01-19;6.275;1;6.275
2000-01-20;5.75;1;5.75
2000-01-21;5.7;1;5.7
2000-01-22;7.468;1;7.468
2000-01-23;9.404;1;9.404
2000-01-24;6.317;1;6.317
2000-01-25;6.701;1;6.701
2000-01-26;16.43;1;16.43
2000-01-27;20.95;1;20.95
2000-01-28;16.87;1;16.87
2000-01-29;11.37;1;11.37
2000-01-30;15.35;1;15.35
2000-01-31;15.58;1;15.58
2000-02-01;12.01;2;12.01
2000-02-02;16.84;2;16.84
2000-02-03;23.01;2;23.01
2000-02-04;14.52;2;14.52
2000-02-05;9.474;2;9.474
2000-02-06;8.422;2;8.422
2000-02-07;7.037;2;7.037
2000-02-08;5.892;2;5.892
2000-02-09;5.5;2;5.5
2000-02-10;5.558;2;5.558
2000-02-11;5.325;2;5.325
2000-02-12;5.198;2;5.198
2000-02-13;4.963;2;4.963
2000-02-14;4.798;2;4.798
2000-02-15;4.808;2;4.808
2000-02-16;5.453;2;5.453
2000-02-17;4.781;2;4.781
2000-02-18;4.81;2;4.81
2000-02-19;5.3;2;5.3
2000-02-20;4.85;2;4.85
2000-02-21;13.9;2;13.9
2000-02-22;15.4;2;15.4
2000-02-23;13.2;2;13.2
2000-02-24;12.0;2;12.0
2000-02-25;50.15;2;50.15
2000-02-26;48.3;2;48.3
2000-02-27;45.78;2;45.78
2000-02-28;30.5;2;30.5
2000-02-29;23.0;2;23.0
2000-03-01;21.0;3;21.0
2000-03-02;18.2;3;18.2
2000-03-03;12.9;3;12.9
2000-03-04;11.8;3;11.8
2000-03-05;10.8;3;10.8
2000-03-06;9.75;3;9.75
2000-03-07;9.0;3;9.0
2000-03-08;8.5;3;8.5
2000-03-09;7.3;3;7.3
2000-03-10;6.9;3;6.9
2000-03-11;6.1;3;6.1
2000-03-12;5.5;3;5.5
2000-03-13;5.2;3;5.2
2000-03-14;4.8;3;4.8
2000-03-15;5.1;3;5.1
2000-03-16;5.1;3;5.1
2000-03-17;5.3;3;5.3
2000-03-18;5.5;3;5.5
2000-03-19;5.9;3;5.9
2000-03-20;6.3;3;6.3
2000-03-21;6.1;3;6.1
2000-03-22;7.1;3;7.1
2000-03-23;7.5;3;7.5
2000-03-24;8.0;3;8.0
2000-03-25;6.1;3;6.1
2000-03-26;5.3;3;5.3
2000-03-27;45.78;3;45.78
2000-03-28;94.65;3;94.65
2000-03-29;56.65;3;56.65
2000-03-30;24.8;3;24.8
2000-03-31;16.5;3;16.5
2000-04-01;11.8;4;11.8
2000-04-02;12.5;4;12.5
2000-04-03;17.5;4;17.5
2000-04-04;11.8;4;11.8
2000-04-05;46.61;4;46.61
2000-04-06;37.39;4;37.39
2000-04-07;27.17;4;27.17
2000-04-08;17.29;4;17.29
2000-04-09;11.49;4;11.49
2000-04-10;9.619;4;9.619
2000-04-11;8.974;4;8.974
2000-04-12;23.86;4;23.86
2000-04-13;48.18;4;48.18
2000-04-14;25.16;4;25.16
2000-04-15;18.28;4;18.28
2000-04-16;14.82;4;14.82
2000-04-17;21.03;4;21.03
2000-04-18;23.11;4;23.11
2000-04-19;19.1;4;19.1
2000-04-20;13.24;4;13.24
2000-04-21;10.6;4;10.6
2000-04-22;16.22;4;16.22
2000-04-23;19.71;4;19.71
2000-04-24;29.87;4;29.87
2000-04-25;16.73;4;16.73
2000-04-26;16.89;4;16.89
2000-04-27;-999.000;4;10.72
2000-04-28;-999.000;4;6.9
2000-04-29;-999.000;4;49.8
2000-04-30;16.16;4;16.16
2000-05-01;21.78;5;21.78
2000-05-02;20.71;5;20.71
2000-05-03;17.12;5;17.12
2000-05-04;16.05;5;16.05
2000-05-05;17.77;5;17.77
2000-05-06;72.83;5;72.83
2000-05-07;30.27;5;30.27
2000-05-08;23.32;5;23.32
2000-05-09;36.49;5;36.49
2000-05-10;104.2;5;104.2
2000-05-11;54.65;5;54.65
2000-05-12;30.84;5;30.84
2000-05-13;26.86;5;26.86
2000-05-14;23.42;5;23.42
2000-05-15;113.1;5;113.1
2000-05-16;55.81;5;55.81
2000-05-17;60.02;5;60.02
2000-05-18;117.6;5;117.6
2000-05-19;105.1;5;105.1
2000-05-20;50.76;5;50.76
2000-05-21;37.45;5;37.45
2000-05-22;34.55;5;34.55
2000-05-23;117.1;5;117.1
2000-05-24;38.47;5;38.47
2000-05-25;25.48;5;25.48
2000-05-26;24.84;5;24.84
2000-05-27;19.6;5;19.6
2000-05-28;46.77;5;46.77
2000-05-29;32.38;5;32.38
2000-05-30;36.07;5;36.07
2000-05-31;29.78;5;29.78
2000-06-01;23.36;6;23.36
2000-06-02;17.81;6;17.81
2000-06-03;13.35;6;13.35
2000-06-04;17.11;6;17.11
2000-06-05;24.25;6;24.25
2000-06-06;15.37;6;15.37
2000-06-07;15.2;6;15.2
2000-06-08;56.74;6;56.74
2000-06-09;39.95;6;39.95
2000-06-10;25.79;6;25.79
2000-06-11;15.51;6;15.51
2000-06-12;13.2;6;13.2
2000-06-13;54.34;6;54.34
2000-06-14;39.63;6;39.63
2000-06-15;28.23;6;28.23
2000-06-16;34.97;6;34.97
2000-06-17;50.19;6;50.19
2000-06-18;29.3;6;29.3
2000-06-19;25.77;6;25.77
2000-06-20;19.4;6;19.4
2000-06-21;14.12;6;14.12
2000-06-22;12.17;6;12.17
2000-06-23;14.32;6;14.32
2000-06-24;15.78;6;15.78
2000-06-25;22.21;6;22.21
2000-06-26;18.92;6;18.92
2000-06-27;16.41;6;16.41
2000-06-28;15.08;6;15.08
2000-06-29;12.5;6;12.5
2000-06-30;10.7;6;10.7
2000-07-01;9.375;7;9.375
2000-07-02;8.25;7;8.25
2000-07-03;9.282;7;9.282
2000-07-04;11.25;7;11.25
2000-07-05;11.2;7;11.2
2000-07-06;16.42;7;16.42
2000-07-07;21.21;7;21.21
2000-07-08;12.79;7;12.79
2000-07-09;9.362;7;9.362
2000-07-10;7.434;7;7.434
2000-07-11;6.3;7;6.3
2000-07-12;5.8;7;5.8
2000-07-13;14.91;7;14.91
2000-07-14;37.06;7;37.06
2000-07-15;38.72;7;38.72
2000-07-16;25.9;7;25.9
2000-07-17;12.86;7;12.86
2000-07-18;15.53;7;15.53
2000-07-19;24.35;7;24.35
2000-07-20;22.53;7;22.53
2000-07-21;28.18;7;28.18
2000-07-22;19.03;7;19.03
2000-07-23;11.22;7;11.22
2000-07-24;9.125;7;9.125
2000-07-25;9.071;7;9.071
2000-07-26;24.63;7;24.63
2000-07-27;33.5;7;33.5
2000-07-28;21.47;7;21.47
2000-07-29;26.4;7;26.4
2000-07-30;20.72;7;20.72
2000-07-31;13.82;7;13.82
2000-08-01;13.06;8;13.06
2000-08-02;10.7;8;10.7
2000-08-03;9.0;8;9.0
2000-08-04;28.93;8;28.93
2000-08-05;19.79;8;19.79
2000-08-06;13.2;8;13.2
2000-08-07;16.28;8;16.28
2000-08-08;13.92;8;13.92
2000-08-09;10.9;8;10.9
2000-08-10;10.8;8;10.8
2000-08-11;29.63;8;29.63
2000-08-12;18.99;8;18.99
2000-08-13;11.27;8;11.27
2000-08-14;9.486;8;9.486
2000-08-15;7.641;8;7.641
2000-08-16;10.25;8;10.25
2000-08-17;19.27;8;19.27
2000-08-18;14.22;8;14.22
2000-08-19;11.84;8;11.84
2000-08-20;8.198;8;8.198
2000-08-21;7.1;8;7.1
2000-08-22;6.3;8;6.3
2000-08-23;5.9;8;5.9
2000-08-24;6.304;8;6.304
2000-08-25;8.592;8;8.592
2000-08-26;12.59;8;12.59
2000-08-27;9.39;8;9.39
2000-08-28;19.7;8;19.7
2000-08-29;61.93;8;61.93
2000-08-30;21.94;8;21.94
2000-08-31;37.55;8;37.55
2000-09-01;22.93;9;22.93
2000-09-02;13.11;9;13.11
2000-09-03;10.87;9;10.87
2000-09-04;-999.000;9;13.8
2000-09-05;-999.000;9;15.5
2000-09-06;-999.000;9;26.7
2000-09-07;-999.000;9;24.5
2000-09-08;-999.000;9;5.7
2000-09-09;-999.000;9;45.822
2000-09-10;-999.000;9;13.45
2000-09-11;-999.000;9;10.5
2000-09-12;-999.000;9;17.9
2000-09-13;-999.000;9;10.6
2000-09-14;-999.000;9;36.905
2000-09-15;-999.000;9;12.3
2000-09-16;-999.000;9;9.9
2000-09-17;-999.000;9;21.7
2000-09-18;-999.000;9;7.4
2000-09-19;-999.000;9;3.9
2000-09-20;-999.000;9;5.4
2000-09-21;-999.000;9;14.06
2000-09-22;-999.000;9;42.141
2000-09-23;-999.000;9;15.7
2000-09-24;-999.000;9;8.097
2000-09-25;-999.000;9;15.6
2000-09-26;-999.000;9;23.29
2000-09-27;-999.000;9;3.8
2000-09-28;-999.000;9;16.46
2000-09-29;-999.000;9;8.3
2000-09-30;-999.000;9;6.94
2000-10-01;-999.000;10;37.3
2000-10-02;-999.000;10;11.1
2000-10-03;-999.000;10;19.2
2000-10-04;-999.000;10;49.2
2000-10-05;-999.000;10;50.3
2000-10-06;-999.000;10;2.93
2000-10-07;-999.000;10;29.74
2000-10-08;-999.000;10;124.3
2000-10-09;-999.000;10;9.2
2000-10-10;-999.000;10;14.474
2000-10-11;12.75;10;12.75
2000-10-12;11.45;10;11.45
2000-10-13;11.16;10;11.16
2000-10-14;21.18;10;21.18
2000-10-15;14.17;10;14.17
2000-10-16;10.7;10;10.7
2000-10-17;15.29;10;15.29
2000-10-18;16.98;10;16.98
2000-10-19;9.828;10;9.828
2000-10-20;8.125;10;8.125
2000-10-21;7.2;10;7.2
2000-10-22;6.9;10;6.9
2000-10-23;30.34;10;30.34
2000-10-24;72.64;10;72.64
2000-10-25;84.95;10;84.95
2000-10-26;63.16;10;63.16
2000-10-27;56.43;10;56.43
2000-10-28;45.39;10;45.39
2000-10-29;33.13;10;33.13
2000-10-30;33.79;10;33.79
2000-10-31;52.46;10;52.46
2000-11-01;67.3;11;67.3
2000-11-02;56.15;11;56.15
2000-11-03;43.33;11;43.33
2000-11-04;21.15;11;21.15
2000-11-05;17.19;11;17.19
2000-11-06;13.43;11;13.43
2000-11-07;14.16;11;14.16
2000-11-08;15.76;11;15.76
2000-11-09;17.55;11;17.55
2000-11-10;12.93;11;12.93
2000-11-11;16.67;11;16.67
2000-11-12;15.7;11;15.7
2000-11-13;10.34;11;10.34
2000-11-14;10.43;11;10.43
2000-11-15;12.9;11;12.9
2000-11-16;15.47;11;15.47
2000-11-17;12.06;11;12.06
2000-11-18;22.44;11;22.44
2000-11-19;21.22;11;21.22
2000-11-20;18.85;11;18.85
2000-11-21;12.27;11;12.27
2000-11-22;10.5;11;10.5
2000-11-23;12.6;11;12.6
2000-11-24;12.44;11;12.44
2000-11-25;9.657;11;9.657
2000-11-26;8.234;11;8.234
2000-11-27;7.092;11;7.092
2000-11-28;6.288;11;6.288
2000-11-29;6.258;11;6.258
2000-11-30;6.183;11;6.183
2000-12-01;5.587;12;5.587
2000-12-02;5.3;12;5.3
2000-12-03;5.737;12;5.737
2000-12-04;5.388;12;5.388
2000-12-05;5.446;12;5.446
2000-12-06;5.3;12;5.3
2000-12-07;5.331;12;5.331
2000-12-08;5.331;12;5.331
2000-12-09;6.569;12;6.569
2000-12-10;6.067;12;6.067
2000-12-11;7.004;12;7.004
2000-12-12;5.427;12;5.427
2000-12-13;4.933;12;4.933
2000-12-14;4.823;12;4.823
2000-12-15;5.821;12;5.821
2000-12-16;10.96;12;10.96
2000-12-17;14.76;12;14.76
2000-12-18;12.9;12;12.9
2000-12-19;11.58;12;11.58
2000-12-20;16.84;12;16.84
2000-12-21;12.54;12;12.54
2000-12-22;7.968;12;7.968
2000-12-23;6.446;12;6.446
2000-12-24;5.527;12;5.527
2000-12-25;10.18;12;10.18
2000-12-26;9.897;12;9.897
2000-12-27;7.307;12;7.307
2000-12-28;6.417;12;6.417
2000-12-29;5.7;12;5.7
2000-12-30;13.56;12;13.56
2000-12-31;12.47;12;12.47
2001-01-01;11.73;1;11.73
2001-01-02;8.649;1;8.649
2001-01-03;6.083;1;6.083
2001-01-04;5.179;1;5.179
2001-01-05;4.888;1;4.888
2001-01-06;4.65;1;4.65
2001-01-07;4.493;1;4.493
2001-01-08;4.371;1;4.371
2001-01-09;4.248;1;4.248
2001-01-10;4.712;1;4.712
2001-01-11;6.638;1;6.638
2001-01-12;4.829;1;4.829
2001-01-13;4.374;1;4.374
2001-01-14;4.225;1;4.225
2001-01-15;4.125;1;4.125
2001-01-16;4.05;1;4.05
2001-01-17;4.0;1;4.0
2001-01-18;4.216;1;4.216
2001-01-19;4.3;1;4.3
2001-01-20;4.3;1;4.3
2001-01-21;4.3;1;4.3
2001-01-22;4.577;1;4.577
2001-01-23;5.406;1;5.406
2001-01-24;5.376;1;5.376
2001-01-25;4.351;1;4.351
2001-01-26;4.3;1;4.3
2001-01-27;-999.000;1;3.239
2001-01-28;-999.000;1;4.1
2001-01-29;-999.000;1;3.6
2001-01-30;-999.000;1;2.1
2001-01-31;-999.000;1;29.678
2001-02-01;4.3;2;4.3
2001-02-02;4.367;2;4.367
2001-02-03;5.021;2;5.021
2001-02-04;4.867;2;4.867
2001-02-05;4.018;2;4.018
2001-02-06;3.85;2;3.85
2001-02-07;3.722;2;3.722
2001-02-08;4.74;2;4.74
2001-02-09;6.638;2;6.638
2001-02-10;4.571;2;4.571
2001-02-11;4.15;2;4.15
2001-02-12;3.9;2;3.9
2001-02-13;3.75;2;3.75
2001-02-14;3.65;2;3.65
2001-02-15;3.541;2;3.541
2001-02-16;3.575;2;3.575
2001-02-17;3.519;2;3.519
2001-02-18;3.504;2;3.504
2001-02-19;3.698;2;3.698
2001-02-20;3.512;2;3.512
2001-02-21;3.656;2;3.656
2001-02-22;4.046;2;4.046
2001-02-23;7.876;2;7.876
2001-02-24;9.836;2;9.836
2001-02-25;4.719;2;4.719
2001-02-26;5.967;2;5.967
2001-02-27;8.258;2;8.258
2001-02-28;8.543;2;8.543
2001-03-01;16.25;3;16.25
2001-03-02;10.37;3;10.37
2001-03-03;6.658;3;6.658
2001-03-04;6.159;3;6.159
2001-03-05;6.875;3;6.875
2001-03-06;11.25;3;11.25
2001-03-07;7.256;3;7.256
2001-03-08;5.485;3;5.485
2001-03-09;6.079;3;6.079
2001-03-10;6.131;3;6.131
2001-03-11;5.747;3;5.747
2001-03-12;4.559;3;4.559
2001-03-13;4.2;3;4.2
2001-03-14;4.644;3;4.644
2001-03-15;6.458;3;6.458
2001-03-16;4.44;3;4.44
2001-03-17;5.4;3;5.4
2001-03-18;12.26;3;12.26
2001-03-19;23.79;3;23.79
2001-03-20;39.88;3;39.88
2001-03-21;24.97;3;24.97
2001-03-22;46.15;3;46.15
2001-03-23;41.68;3;41.68
2001-03-24;22.06;3;22.06
2001-03-25;16.34;3;16.34
2001-03-26;10.86;3;10.86
2001-03-27;8.056;3;8.056
2001-03-28;6.813;3;6.813
2001-03-29;6.067;3;6.067
2001-03-30;6.092;3;6.092
2001-03-31;5.359;3;5.359
2001-04-01;4.869;4;4.869
2001-04-02;4.623;4;4.623
2001-04-03;4.265;4;4.265
2001-04-04;4.275;4;4.275
2001-04-05;4.292;4;4.292
2001-04-06;4.3;4;4.3
2001-04-07;17.77;4;17.77
2001-04-08;14.42;4;14.42
2001-04-09;6.519;4;6.519
2001-04-10;5.1;4;5.1
2001-04-11;-999.000;4;12.72
2001-04-12;-999.000;4;21.74
2001-04-13;13.86;4;13.86
2001-04-14;11.35;4;11.35
2001-04-15;7.013;4;7.013
2001-04-16;6.866;4;6.866
2001-04-17;7.635;4;7.635
2001-04-18;7.711;4;7.711
2001-04-19;5.57;4;5.57
2001-04-20;4.656;4;4.656
2001-04-21;4.275;4;4.275
2001-04-22;6.306;4;6.306
2001-04-23;4.573;4;4.573
2001-04-24;4.164;4;4.164
2001-04-25;4.089;4;4.089
2001-04-26;3.95;4;3.95
2001-04-27;4.308;4;4.308
2001-04-28;4.924;4;4.924
2001-04-29;5.876;4;5.876
2001-04-30;9.794;4;9.794
2001-05-01;11.79;5;11.79
2001-05-02;11.36;5;11.36
2001-05-03;93.5;5;93.5
2001-05-04;22.17;5;22.17
2001-05-05;17.83;5;17.83
2001-05-06;23.15;5;23.15
2001-05-07;16.28;5;16.28
2001-05-08;51.63;5;51.63
2001-05-09;40.68;5;40.68
2001-05-10;28.02;5;28.02
2001-05-11;14.59;5;14.59
2001-05-12;10.5;5;10.5
2001-05-13;9.333;5;9.333
2001-05-14;8.878;5;8.878
2001-05-15;8.605;5;8.605
2001-05-16;10.02;5;10.02
2001-05-17;8.692;5;8.692
2001-05-18;7.594;5;7.594
2001-05-19;7.225;5;7.225
2001-05-20;11.55;5;11.55
2001-05-21;10.75;5;10.75
2001-05-22;10.06;5;10.06
2001-05-23;8.218;5;8.218
2001-05-24;15.91;5;15.91
2001-05-25;13.61;5;13.61
2001-05-26;13.7;5;13.7
2001-05-27;14.73;5;14.73
2001-05-28;58.65;5;58.65
2001-05-29;24.99;5;24.99
2001-05-30;18.7;5;18.7
2001-05-31;16.84;5;16.84
2001-06-01;13.91;6;13.91
2001-06-02;19.08;6;19.08
2001-06-03;31.6;6;31.6
2001-06-04;17.22;6;17.22
2001-06-05;13.54;6;13.54
2001-06-06;24.38;6;24.38
2001-06-07;17.48;6;17.48
2001-06-08;12.54;6;12.54
2001-06-09;13.92;6;13.92
2001-06-10;17.87;6;17.87
2001-06-11;20.27;6;20.27
2001-06-12;15.49;6;15.49
2001-06-13;13.56;6;13.56
2001-06-14;11.75;6;11.75
2001-06-15;13.43;6;13.43
2001-06-16;10.18;6;10.18
2001-06-17;7.818;6;7.818
2001-06-18;8.315;6;8.315
2001-06-19;9.124;6;9.124
2001-06-20;12.12;6;12.12
2001-06-21;23.72;6;23.72
2001-06-22;14.08;6;14.08
2001-06-23;8.656;6;8.656
2001-06-24;7.669;6;7.669
2001-06-25;7.213;6;7.213
2001-06-26;11.58;6;11.58
2001-06-27;16.5;6;16.5
2001-06-28;13.64;6;13.64
2001-06-29;14.18;6;14.18
2001-06-30;13.25;6;13.25
2001-07-01;14.2;7;14.2
2001-07-02;10.83;7;10.83
2001-07-03;10.56;7;10.56
2001-07-04;8.81;7;8.81
2001-07-05;7.824;7;7.824
2001-07-06;9.379;7;9.379
2001-07-07;12.9;7;12.9
2001-07-08;9.06;7;9.06
2001-07-09;8.218;7;8.218
2001-07-10;7.394;7;7.394
2001-07-11;7.256;7;7.256
2001-07-12;18.24;7;18.24
2001-07-13;23.13;7;23.13
2001-07-14;13.57;7;13.57
2001-07-15;10.5;7;10.5
2001-07-16;11.86;7;11.86
2001-07-17;9.06;7;9.06
2001-07-18;7.6;7;7.6
2001-07-19;6.798;7;6.798
2001-07-20;10.89;7;10.89
2001-07-21;11.89;7;11.89
2001-07-22;15.74;7;15.74
2001-07-23;20.31;7;20.31
2001-07-24;13.28;7;13.28
2001-07-25;9.788;7;9.788
2001-07-26;7.848;7;7.848
2001-07-27;7.256;7;7.256
2001-07-28;7.068;7;7.068
2001-07-29;8.315;7;8.315
2001-07-30;6.913;7;6.913
2001-07-31;7.016;7;7.016
2001-08-01;13.15;8;13.15
2001-08-02;20.9;8;20.9
2001-08-03;25.61;8;25.61
2001-08-04;17.15;8;17.15
2001-08-05;15.48;8;15.48
2001-08-06;15.26;8;15.26
2001-08-07;11.46;8;11.46
2001-08-08;12.47;8;12.47
2001-08-09;15.52;8;15.52
2001-08-10;28.1;8;28.1
2001-08-11;41.25;8;41.25
2001-08-12;28.17;8;28.17
2001-08-13;19.78;8;19.78
2001-08-14;14.08;8;14.08
2001-08-15;11.62;8;11.62
2001-08-16;15.08;8;15.08
2001-08-17;14.97;8;14.97
2001-08-18;11.29;8;11.29
2001-08-19;10.52;8;10.52
2001-08-20;11.65;8;11.65
2001-08-21;12.06;8;12.06
2001-08-22;11.81;8;11.81
2001-08-23;11.35;8;11.35
2001-08-24;8.22;8;8.22
2001-08-25;7.188;8;7.188
2001-08-26;6.775;8;6.775
2001-08-27;7.021;8;7.021
2001-08-28;6.357;8;6.357
2001-08-29;6.827;8;6.827
2001-08-30;6.5;8;6.5
2001-08-31;5.365;8;5.365
2001-09-01;4.946;9;4.946
2001-09-02;4.895;9;4.895
2001-09-03;6.181;9;6.181
2001-09-04;6.327;9;6.327
2001-09-05;13.45;9;13.45
2001-09-06;24.32;9;24.32
2001-09-07;11.51;9;11.51
2001-09-08;17.47;9;17.47
2001-09-09;14.43;9;14.43
2001-09-10;20.54;9;20.54
2001-09-11;17.46;9;17.46
2001-09-12;41.85;9;41.85
2001-09-13;46.4;9;46.4
2001-09-14;93.56;9;93.56
2001-09-15;50.79;9;50.79
2001-09-16;18.21;9;18.21
2001-09-17;-999.000;9;12.35
2001-09-18;-999.000;9;18.3
2001-09-19;-999.000;9;15.0
2001-09-20;-999.000;9;17.6
2001-09-21;-999.000;9;24.95
2001-09-22;-999.000;9;11.7
2001-09-23;-999.000;9;5.924
2001-09-24;-999.000;9;6.563
2001-09-25;-999.000;9;14.281
2001-09-26;-999.000;9;8.2
2001-09-27;-999.000;9;6.1
2001-09-28;-999.000;9;3.9
2001-09-29;-999.000;9;4.3
2001-09-30;-999.000;9;9.2
2001-10-01;-999.000;10;26.26
2001-10-02;-999.000;10;24.0
2001-10-03;-999.000;10;15.8
2001-10-04;-999.000;10;21.09
2001-10-05;6.637;10;6.637
2001-10-06;6.087;10;6.087
2001-10-07;5.4;10;5.4
2001-10-08;5.299;10;5.299
2001-10-09;5.097;10;5.097
2001-10-10;4.794;10;4.794
2001-10-11;4.794;10;4.794
2001-10-12;4.794;10;4.794
2001-10-13;4.693;10;4.693
2001-10-14;4.592;10;4.592
2001-10-15;4.996;10;4.996
2001-10-16;-999.000;10;11.659
2001-10-17;16.86;10;16.86
2001-10-18;16.51;10;16.51
2001-10-19;9.97;10;9.97
2001-10-20;18.15;10;18.15
2001-10-21;27.2;10;27.2
2001-10-22;8.15;10;8.15
2001-10-23;13.29;10;13.29
2001-10-24;32.35;10;32.35
2001-10-25;39.74;10;39.74
2001-10-26;23.59;10;23.59
2001-10-27;10.52;10;10.52
2001-10-28;8.878;10;8.878
2001-10-29;6.775;10;6.775
2001-10-30;6.225;10;6.225
2001-10-31;6.225;10;6.225
2001-11-01;6.225;11;6.225
2001-11-02;10.06;11;10.06
2001-11-03;37.61;11;37.61
2001-11-04;18.48;11;18.48
2001-11-05;20.97;11;20.97
2001-11-06;14.59;11;14.59
2001-11-07;11.84;11;11.84
2001-11-08;10.52;11;10.52
2001-11-09;10.52;11;10.52
2001-11-10;11.61;11;11.61
2001-11-11;11.43;11;11.43
2001-11-12;11.43;11;11.43
2001-11-13;11.61;11;11.61
2001-11-14;11.79;11;11.79
2001-11-15;11.35;11;11.35
2001-11-16;10.15;11;10.15
2001-11-17;8.514;11;8.514
2001-11-18;-999.000;11;27.7
2001-11-19;7.737;11;7.737
2001-11-20;6.775;11;6.775
2001-11-21;6.5;11;6.5
2001-11-22;7.05;11;7.05
2001-11-23;6.775;11;6.775
2001-11-24;6.156;11;6.156
2001-11-25;5.881;11;5.881
2001-11-26;5.4;11;5.4
2001-11-27;5.675;11;5.675
2001-11-28;12.26;11;12.26
2001-11-29;13.42;11;13.42
2001-11-30;14.7;11;14.7
2001-12-01;15.98;12;15.98
2001-12-02;12.49;12;12.49
2001-12-03;10.33;12;10.33
2001-12-04;9.06;12;9.06
2001-12-05;8.012;12;8.012
2001-12-06;11.35;12;11.35
2001-12-07;8.514;12;8.514
2001-12-08;8.283;12;8.283
2001-12-09;7.462;12;7.462
2001-12-10;6.363;12;6.363
2001-12-11;6.019;12;6.019
2001-12-12;5.675;12;5.675
2001-12-13;12.82;12;12.82
2001-12-14;22.9;12;22.9
2001-12-15;20.45;12;20.45
2001-12-16;17.77;12;17.77
2001-12-17;11.11;12;11.11
2001-12-18;9.242;12;9.242
2001-12-19;17.63;12;17.63
2001-12-20;12.82;12;12.82
2001-12-21;9.424;12;9.424
2001-12-22;9.242;12;9.242
2001-12-23;22.18;12;22.18
2001-12-24;10.7;12;10.7
2001-12-25;-999.000;12;5.616
2001-12-26;9.606;12;9.606
2001-12-27;8.696;12;8.696
2001-12-28;7.325;12;7.325
2001-12-29;6.637;12;6.637
2001-12-30;6.087;12;6.087
2001-12-31;5.4;12;5.4
2002-01-01;5.198;1;5.198
2002-01-02;4.946;1;4.946
2002-01-03;4.693;1;4.693
2002-01-04;4.592;1;4.592
2002-01-05;4.491;1;4.491
2002-01-06;5.675;1;5.675
2002-01-07;4.491;1;4.491
2002-01-08;4.188;1;4.188
2002-01-09;-999.000;1;3.588
2002-01-10;-999.000;1;6.9
2002-01-11;-999.000;1;6.701
2002-01-12;-999.000;1;5.9
2002-01-13;4.794;1;4.794
2002-01-14;4.491;1;4.491
2002-01-15;3.986;1;3.986
2002-01-16;3.784;1;3.784
2002-01-17;3.582;1;3.582
2002-01-18;5.041;1;5.041
2002-01-19;4.289;1;4.289
2002-01-20;3.885;1;3.885
2002-01-21;-999.000;1;12.3
2002-01-22;-999.000;1;48.9
2002-01-23;6.087;1;6.087
2002-01-24;5.813;1;5.813
2002-01-25;5.198;1;5.198
2002-01-26;4.996;1;4.996
2002-01-27;4.794;1;4.794
2002-01-28;4.794;1;4.794
2002-01-29;4.289;1;4.289
2002-01-30;4.693;1;4.693
2002-01-31;-999.000;1;5.6
2002-02-01;-999.000;2;5.967
2002-02-02;-999.000;2;6.616
2002-02-03;-999.000;2;13.233
2002-02-04;-999.000;2;1.505
2002-02-05;-999.000;2;8.9
2002-02-06;-999.000;2;3.135
2002-02-07;-999.000;2;2.8
2002-02-08;6.5;2;6.5
2002-02-09;5.748;2;5.748
2002-02-10;4.996;2;4.996
2002-02-11;5.299;2;5.299
2002-02-12;5.538;2;5.538
2002-02-13;4.239;2;4.239
2002-02-14;4.188;2;4.188
2002-02-15;4.188;2;4.188
2002-02-16;4.495;2;4.495
2002-02-17;4.619;2;4.619
2002-02-18;-999.000;2;26.729
2002-02-19;-999.000;2;9.0
2002-02-20;-999.000;2;9.2
2002-02-21;-999.000;2;4.186
2002-02-22;-999.000;2;5.717
2002-02-23;-999.000;2;10.28
2002-02-24;-999.000;2;1.536
2002-02-25;-999.000;2;5.2
2002-02-26;-999.000;2;4.0
2002-02-27;-999.000;2;27.574
2002-02-28;-999.000;2;48.2
2002-03-01;4.26;3;4.26
2002-03-02;-999.000;3;6.658
2002-03-03;4.405;3;4.405
2002-03-04;4.445;3;4.445
2002-03-05;4.348;3;4.348
2002-03-06;4.568;3;4.568
2002-03-07;-999.000;3;2.6
2002-03-08;3.239;3;3.239
2002-03-09;3.204;3;3.204
2002-03-10;3.133;3;3.133
2002-03-11;3.063;3;3.063
2002-03-12;7.348;3;7.348
2002-03-13;13.03;3;13.03
2002-03-14;7.739;3;7.739
2002-03-15;10.38;3;10.38
2002-03-16;8.97;3;8.97
2002-03-17;11.36;3;11.36
2002-03-18;14.71;3;14.71
2002-03-19;20.97;3;20.97
2002-03-20;13.05;3;13.05
2002-03-21;14.05;3;14.05
2002-03-22;24.08;3;24.08
2002-03-23;33.87;3;33.87
2002-03-24;32.24;3;32.24
2002-03-25;19.18;3;19.18
2002-03-26;11.82;3;11.82
2002-03-27;15.35;3;15.35
2002-03-28;27.31;3;27.31
2002-03-29;27.05;3;27.05
2002-03-30;22.93;3;22.93
2002-03-31;14.58;3;14.58
2002-04-01;20.05;4;20.05
2002-04-02;31.55;4;31.55
2002-04-03;23.9;4;23.9
2002-04-04;20.04;4;20.04
2002-04-05;23.34;4;23.34
2002-04-06;33.17;4;33.17
2002-04-07;49.36;4;49.36
2002-04-08;37.48;4;37.48
2002-04-09;65.06;4;65.06
2002-04-10;82.61;4;82.61
2002-04-11;28.57;4;28.57
2002-04-12;21.24;4;21.24
2002-04-13;22.2;4;22.2
2002-04-14;30.32;4;30.32
2002-04-15;25.3;4;25.3
2002-04-16;16.95;4;16.95
2002-04-17;25.77;4;25.77
2002-04-18;22.95;4;22.95
2002-04-19;19.17;4;19.17
2002-04-20;30.4;4;30.4
2002-04-21;23.08;4;23.08
2002-04-22;15.35;4;15.35
2002-04-23;14.54;4;14.54
2002-04-24;17.75;4;17.75
2002-04-25;74.7;4;74.7
2002-04-26;61.75;4;61.75
2002-04-27;62.58;4;62.58
2002-04-28;47.1;4;47.1
2002-04-29;42.22;4;42.22
2002-04-30;30.17;4;30.17
2002-05-01;19.96;5;19.96
2002-05-02;16.03;5;16.03
2002-05-03;13.89;5;13.89
2002-05-04;12.16;5;12.16
2002-05-05;10.56;5;10.56
2002-05-06;10.12;5;10.12
2002-05-07;10.75;5;10.75
2002-05-08;11.18;5;11.18
2002-05-09;11.06;5;11.06
2002-05-10;11.06;5;11.06
2002-05-11;11.06;5;11.06
2002-05-12;11.06;5;11.06
2002-05-13;17.09;5;17.09
2002-05-14;15.26;5;15.26
2002-05-15;14.08;5;14.08
2002-05-16;12.8;5;12.8
2002-05-17;16.61;5;16.61
2002-05-18;13.58;5;13.58
2002-05-19;12.77;5;12.77
2002-05-20;11.12;5;11.12
2002-05-21;9.022;5;9.022
2002-05-22;8.317;5;8.317
2002-05-23;11.84;5;11.84
2002-05-24;14.49;5;14.49
2002-05-25;13.87;5;13.87
2002-05-26;22.23;5;22.23
2002-05-27;35.64;5;35.64
2002-05-28;83.17;5;83.17
2002-05-29;51.19;5;51.19
2002-05-30;65.89;5;65.89
2002-05-31;130.9;5;130.9
2002-06-01;39.63;6;39.63
2002-06-02;42.27;6;42.27
2002-06-03;35.66;6;35.66
2002-06-04;116.4;6;116.4
2002-06-05;56.85;6;56.85
2002-06-06;54.2;6;54.2
2002-06-07;52.14;6;52.14
2002-06-08;46.4;6;46.4
2002-06-09;257.7;6;257.7
2002-06-10;48.87;6;48.87
2002-06-11;29.51;6;29.51
2002-06-12;23.91;6;23.91
2002-06-13;36.59;6;36.59
2002-06-14;21.24;6;21.24
2002-06-15;37.55;6;37.55
2002-06-16;26.81;6;26.81
2002-06-17;21.41;6;21.41
2002-06-18;19.85;6;19.85
2002-06-19;22.67;6;22.67
2002-06-20;49.8;6;49.8
2002-06-21;26.77;6;26.77
2002-06-22;75.72;6;75.72
2002-06-23;62.31;6;62.31
2002-06-24;72.36;6;72.36
2002-06-25;74.79;6;74.79
2002-06-26;43.96;6;43.96
2002-06-27;23.97;6;23.97
2002-06-28;20.25;6;20.25
2002-06-29;21.13;6;21.13
2002-06-30;21.72;6;21.72
2002-07-01;16.74;7;16.74
2002-07-02;16.22;7;16.22
2002-07-03;15.52;7;15.52
2002-07-04;15.52;7;15.52
2002-07-05;15.29;7;15.29
2002-07-06;15.29;7;15.29
2002-07-07;16.22;7;16.22
2002-07-08;15.98;7;15.98
2002-07-09;15.98;7;15.98
2002-07-10;15.52;7;15.52
2002-07-11;15.52;7;15.52
2002-07-12;15.4;7;15.4
2002-07-13;15.17;7;15.17
2002-07-14;14.59;7;14.59
2002-07-15;14.59;7;14.59
2002-07-16;14.24;7;14.24
2002-07-17;13.65;7;13.65
2002-07-18;12.72;7;12.72
2002-07-19;11.86;7;11.86
2002-07-20;9.515;7;9.515
2002-07-21;7.879;7;7.879
2002-07-22;7.325;7;7.325
2002-07-23;6.431;7;6.431
2002-07-24;5.715;7;5.715
2002-07-25;6.391;7;6.391
2002-07-26;8.997;7;8.997
2002-07-27;6.781;7;6.781
2002-07-28;6.225;7;6.225
2002-07-29;20.93;7;20.93
2002-07-30;12.82;7;12.82
2002-07-31;46.68;7;46.68
2002-08-01;23.17;8;23.17
2002-08-02;13.12;8;13.12
2002-08-03;12.52;8;12.52
2002-08-04;19.9;8;19.9
2002-08-05;17.48;8;17.48
2002-08-06;10.91;8;10.91
2002-08-07;9.121;8;9.121
2002-08-08;13.28;8;13.28
2002-08-09;16.48;8;16.48
2002-08-10;21.66;8;21.66
2002-08-11;31.71;8;31.71
2002-08-12;23.36;8;23.36
2002-08-13;15.14;8;15.14
2002-08-14;17.83;8;17.83
2002-08-15;59.74;8;59.74
2002-08-16;69.43;8;69.43
2002-08-17;25.4;8;25.4
2002-08-18;18.73;8;18.73
2002-08-19;13.24;8;13.24
2002-08-20;15.5;8;15.5
2002-08-21;13.67;8;13.67
2002-08-22;9.727;8;9.727
2002-08-23;10.48;8;10.48
2002-08-24;10.41;8;10.41
2002-08-25;8.006;8;8.006
2002-08-26;7.371;8;7.371
2002-08-27;6.998;8;6.998
2002-08-28;6.758;8;6.758
2002-08-29;6.66;8;6.66
2002-08-30;6.004;8;6.004
2002-08-31;6.546;8;6.546
2002-09-01;5.358;9;5.358
2002-09-02;6.34;9;6.34
2002-09-03;6.609;9;6.609
2002-09-04;11.44;9;11.44
2002-09-05;8.025;9;8.025
2002-09-06;5.753;9;5.753
2002-09-07;4.844;9;4.844
2002-09-08;4.245;9;4.245
2002-09-09;3.733;9;3.733
2002-09-10;3.388;9;3.388
2002-09-11;3.38;9;3.38
2002-09-12;3.489;9;3.489
2002-09-13;3.443;9;3.443
2002-09-14;3.168;9;3.168
2002-09-15;3.098;9;3.098
2002-09-16;3.027;9;3.027
2002-09-17;2.957;9;2.957
2002-09-18;3.151;9;3.151
2002-09-19;3.174;9;3.174
2002-09-20;3.311;9;3.311
2002-09-21;3.219;9;3.219
2002-09-22;-999.000;9;29.91
2002-09-23;3.31;9;3.31
2002-09-24;4.337;9;4.337
2002-09-25;3.61;9;3.61
2002-09-26;24.49;9;24.49
2002-09-27;23.92;9;23.92
2002-09-28;22.71;9;22.71
2002-09-29;15.87;9;15.87
2002-09-30;9.554;9;9.554
2002-10-01;6.637;10;6.637
2002-10-02;6.722;10;6.722
2002-10-03;6.846;10;6.846
2002-10-04;4.642;10;4.642
2002-10-05;3.935;10;3.935
2002-10-06;7.767;10;7.767
2002-10-07;6.405;10;6.405
2002-10-08;4.807;10;4.807
2002-10-09;4.384;10;4.384
2002-10-10;4.352;10;4.352
2002-10-11;3.776;10;3.776
2002-10-12;3.481;10;3.481
2002-10-13;3.239;10;3.239
2002-10-14;2.992;10;2.992
2002-10-15;2.851;10;2.851
2002-10-16;2.741;10;2.741
2002-10-17;2.751;10;2.751
2002-10-18;3.985;10;3.985
2002-10-19;3.456;10;3.456
2002-10-20;3.21;10;3.21
2002-10-21;8.223;10;8.223
2002-10-22;20.27;10;20.27
2002-10-23;15.74;10;15.74
2002-10-24;19.61;10;19.61
2002-10-25;13.41;10;13.41
2002-10-26;15.04;10;15.04
2002-10-27;28.0;10;28.0
2002-10-28;26.87;10;26.87
2002-10-29;30.1;10;30.1
2002-10-30;53.81;10;53.81
2002-10-31;39.6;10;39.6
2002-11-01;31.44;11;31.44
2002-11-02;25.45;11;25.45
2002-11-03;19.88;11;19.88
2002-11-04;13.85;11;13.85
2002-11-05;20.46;11;20.46
2002-11-06;18.92;11;18.92
2002-11-07;50.71;11;50.71
2002-11-08;57.09;11;57.09
2002-11-09;51.7;11;51.7
2002-11-10;29.9;11;29.9
2002-11-11;17.28;11;17.28
2002-11-12;13.19;11;13.19
2002-11-13;10.82;11;10.82
2002-11-14;10.68;11;10.68
2002-11-15;10.85;11;10.85
2002-11-16;8.969;11;8.969
2002-11-17;8.021;11;8.021
2002-11-18;7.885;11;7.885
2002-11-19;11.15;11;11.15
2002-11-20;9.007;11;9.007
2002-11-21;7.589;11;7.589
2002-11-22;7.394;11;7.394
2002-11-23;6.921;11;6.921
2002-11-24;7.076;11;7.076
2002-11-25;6.045;11;6.045
2002-11-26;5.625;11;5.625
2002-11-27;5.148;11;5.148
2002-11-28;4.895;11;4.895
2002-11-29;4.63;11;4.63
2002-11-30;4.245;11;4.245
2002-12-01;3.847;12;3.847
2002-12-02;4.223;12;4.223
2002-12-03;4.706;12;4.706
2002-12-04;3.834;12;3.834
2002-12-05;3.371;12;3.371
2002-12-06;3.343;12;3.343
2002-12-07;3.426;12;3.426
2002-12-08;4.67;12;4.67
2002-12-09;4.567;12;4.567
2002-12-10;4.483;12;4.483
2002-12-11;3.929;12;3.929
2002-12-12;3.303;12;3.303
2002-12-13;2.928;12;2.928
2002-12-14;2.816;12;2.816
2002-12-15;13.44;12;13.44
2002-12-16;15.97;12;15.97
2002-12-17;26.76;12;26.76
2002-12-18;18.94;12;18.94
2002-12-19;19.84;12;19.84
2002-12-20;16.17;12;16.17
2002-12-21;23.92;12;23.92
2002-12-22;12.66;12;12.66
2002-12-23;8.469;12;8.469
2002-12-24;6.775;12;6.775
2002-12-25;5.813;12;5.813
2002-12-26;5.147;12;5.147
2002-12-27;4.642;12;4.642
2002-12-28;4.239;12;4.239
2002-12-29;3.986;12;3.986
2002-12-30;4.624;12;4.624
2002-12-31;4.411;12;4.411
2003-01-01;3.683;1;3.683
2003-01-02;3.274;1;3.274
2003-01-03;3.063;1;3.063
2003-01-04;2.922;1;2.922
2003-01-05;2.71;1;2.71
2003-01-06;2.499;1;2.499
2003-01-07;2.322;1;2.322
2003-01-08;2.181;1;2.181
2003-01-09;2.076;1;2.076
2003-01-10;2.005;1;2.005
2003-01-11;1.919;1;1.919
2003-01-12;1.868;1;1.868
2003-01-13;1.868;1;1.868
2003-01-14;1.868;1;1.868
2003-01-15;1.953;1;1.953
2003-01-16;2.124;1;2.124
2003-01-17;2.691;1;2.691
2003-01-18;2.605;1;2.605
2003-01-19;2.325;1;2.325
2003-01-20;5.564;1;5.564
2003-01-21;3.716;1;3.716
2003-01-22;2.569;1;2.569
2003-01-23;2.111;1;2.111
2003-01-24;1.97;1;1.97
2003-01-25;1.919;1;1.919
2003-01-26;1.817;1;1.817
2003-01-27;1.766;1;1.766
2003-01-28;1.715;1;1.715
2003-01-29;1.638;1;1.638
2003-01-30;1.587;1;1.587
2003-01-31;1.562;1;1.562
2003-02-01;1.562;2;1.562
2003-02-02;1.562;2;1.562
2003-02-03;1.562;2;1.562
2003-02-04;1.536;2;1.536
2003-02-05;1.485;2;1.485
2003-02-06;1.46;2;1.46
2003-02-07;1.46;2;1.46
2003-02-08;1.46;2;1.46
2003-02-09;1.611;2;1.611
2003-02-10;2.079;2;2.079
2003-02-11;1.926;2;1.926
2003-02-12;1.69;2;1.69
2003-02-13;1.647;2;1.647
2003-02-14;1.562;2;1.562
2003-02-15;1.915;2;1.915
2003-02-16;4.415;2;4.415
2003-02-17;7.094;2;7.094
2003-02-18;7.079;2;7.079
2003-02-19;3.34;2;3.34
2003-02-20;2.669;2;2.669
2003-02-21;2.183;2;2.183
2003-02-22;2.084;2;2.084
2003-02-23;1.692;2;1.692
2003-02-24;1.562;2;1.562
2003-02-25;1.838;2;1.838
2003-02-26;4.493;2;4.493
2003-02-27;5.658;2;5.658
2003-02-28;5.526;2;5.526
2003-03-01;3.643;3;3.643
2003-03-02;2.74;3;2.74
2003-03-03;2.362;3;2.362
2003-03-04;2.023;3;2.023
2003-03-05;1.868;3;1.868
2003-03-06;1.807;3;1.807
2003-03-07;1.649;3;1.649
2003-03-08;1.511;3;1.511
2003-03-09;1.418;3;1.418
2003-03-10;1.376;3;1.376
2003-03-11;1.35;3;1.35
2003-03-12;1.308;3;1.308
2003-03-13;1.289;3;1.289
2003-03-14;3.698;3;3.698
2003-03-15;12.13;3;12.13
2003-03-16;6.633;3;6.633
2003-03-17;10.57;3;10.57
2003-03-18;7.434;3;7.434
2003-03-19;19.26;3;19.26
2003-03-20;14.89;3;14.89
2003-03-21;15.07;3;15.07
2003-03-22;17.29;3;17.29
2003-03-23;10.03;3;10.03
2003-03-24;8.68;3;8.68
2003-03-25;6.246;3;6.246
2003-03-26;8.0;3;8.0
2003-03-27;20.08;3;20.08
2003-03-28;10.66;3;10.66
2003-03-29;8.548;3;8.548
2003-03-30;6.609;3;6.609
2003-03-31;5.807;3;5.807
2003-04-01;4.823;4;4.823
2003-04-02;4.177;4;4.177
2003-04-03;3.712;4;3.712
2003-04-04;3.506;4;3.506
2003-04-05;4.403;4;4.403
2003-04-06;4.112;4;4.112
2003-04-07;3.299;4;3.299
2003-04-08;3.215;4;3.215
2003-04-09;4.251;4;4.251
2003-04-10;16.57;4;16.57
2003-04-11;18.57;4;18.57
2003-04-12;9.131;4;9.131
2003-04-13;50.62;4;50.62
2003-04-14;80.2;4;80.2
2003-04-15;92.8;4;92.8
2003-04-16;29.39;4;29.39
2003-04-17;20.25;4;20.25
2003-04-18;25.9;4;25.9
2003-04-19;53.25;4;53.25
2003-04-20;27.63;4;27.63
2003-04-21;36.33;4;36.33
2003-04-22;81.56;4;81.56
2003-04-23;46.68;4;46.68
2003-04-24;35.53;4;35.53
2003-04-25;29.46;4;29.46
2003-04-26;22.71;4;22.71
2003-04-27;26.34;4;26.34
2003-04-28;21.32;4;21.32
2003-04-29;13.45;4;13.45
2003-04-30;12.11;4;12.11
2003-05-01;16.71;5;16.71
2003-05-02;12.79;5;12.79
2003-05-03;9.568;5;9.568
2003-05-04;10.19;5;10.19
2003-05-05;11.82;5;11.82
2003-05-06;13.58;5;13.58
2003-05-07;15.24;5;15.24
2003-05-08;15.78;5;15.78
2003-05-09;16.22;5;16.22
2003-05-10;12.38;5;12.38
2003-05-11;14.53;5;14.53
2003-05-12;11.9;5;11.9
2003-05-13;10.17;5;10.17
2003-05-14;8.428;5;8.428
2003-05-15;9.201;5;9.201
2003-05-16;9.526;5;9.526
2003-05-17;19.38;5;19.38
2003-05-18;15.05;5;15.05
2003-05-19;11.24;5;11.24
2003-05-20;9.788;5;9.788
2003-05-21;20.29;5;20.29
2003-05-22;52.55;5;52.55
2003-05-23;6.912;5;6.912
2003-05-24;5.537;5;5.537
2003-05-25;12.49;5;12.49
2003-05-26;8.051;5;8.051
2003-05-27;11.32;5;11.32
2003-05-28;68.08;5;68.08
2003-05-29;9.142;5;9.142
2003-05-30;56.96;5;56.96
2003-05-31;53.43;5;53.43
2003-06-01;11.23;6;11.23
2003-06-02;7.998;6;7.998
2003-06-03;7.941;6;7.941
2003-06-04;22.02;6;22.02
2003-06-05;18.75;6;18.75
2003-06-06;14.39;6;14.39
2003-06-07;24.05;6;24.05
2003-06-08;13.24;6;13.24
2003-06-09;9.242;6;9.242
2003-06-10;7.365;6;7.365
2003-06-11;8.908;6;8.908
2003-06-12;9.282;6;9.282
2003-06-13;14.37;6;14.37
2003-06-14;25.66;6;25.66
2003-06-15;16.65;6;16.65
2003-06-16;24.32;6;24.32
2003-06-17;27.22;6;27.22
2003-06-18;23.81;6;23.81
2003-06-19;15.25;6;15.25
2003-06-20;12.68;6;12.68
2003-06-21;11.68;6;11.68
2003-06-22;9.788;6;9.788
2003-06-23;13.42;6;13.42
2003-06-24;15.98;6;15.98
2003-06-25;19.38;6;19.38
2003-06-26;18.35;6;18.35
2003-06-27;17.62;6;17.62
2003-06-28;15.29;6;15.29
2003-06-29;10.8;6;10.8
2003-06-30;9.97;6;9.97
2003-07-01;15.29;7;15.29
2003-07-02;12.26;7;12.26
2003-07-03;11.06;7;11.06
2003-07-04;11.27;7;11.27
2003-07-05;10.12;7;10.12
2003-07-06;8.383;7;8.383
2003-07-07;6.987;7;6.987
2003-07-08;7.119;7;7.119
2003-07-09;7.697;7;7.697
2003-07-10;8.304;7;8.304
2003-07-11;8.724;7;8.724
2003-07-12;19.44;7;19.44
2003-07-13;22.41;7;22.41
2003-07-14;20.56;7;20.56
2003-07-15;12.8;7;12.8
2003-07-16;9.587;7;9.587
2003-07-17;19.61;7;19.61
2003-07-18;19.55;7;19.55
2003-07-19;11.66;7;11.66
2003-07-20;17.15;7;17.15
2003-07-21;19.67;7;19.67
2003-07-22;27.85;7;27.85
2003-07-23;21.05;7;21.05
2003-07-24;19.41;7;19.41
2003-07-25;20.47;7;20.47
2003-07-26;30.38;7;30.38
2003-07-27;42.42;7;42.42
2003-07-28;21.34;7;21.34
2003-07-29;12.79;7;12.79
2003-07-30;12.82;7;12.82
2003-07-31;34.19;7;34.19
2003-08-01;41.19;8;41.19
2003-08-02;28.72;8;28.72
2003-08-03;25.19;8;25.19
2003-08-04;19.39;8;19.39
2003-08-05;12.95;8;12.95
2003-08-06;11.37;8;11.37
2003-08-07;13.8;8;13.8
2003-08-08;14.44;8;14.44
2003-08-09;15.16;8;15.16
2003-08-10;14.81;8;14.81
2003-08-11;7.975;8;7.975
2003-08-12;7.325;8;7.325
2003-08-13;6.569;8;6.569
2003-08-14;6.741;8;6.741
2003-08-15;9.475;8;9.475
2003-08-16;8.928;8;8.928
2003-08-17;7.119;8;7.119
2003-08-18;7.689;8;7.689
2003-08-19;6.872;8;6.872
2003-08-20;7.546;8;7.546
2003-08-21;7.179;8;7.179
2003-08-22;14.44;8;14.44
2003-08-23;9.525;8;9.525
2003-08-24;7.165;8;7.165
2003-08-25;6.632;8;6.632
2003-08-26;6.108;8;6.108
2003-08-27;6.506;8;6.506
2003-08-28;8.757;8;8.757
2003-08-29;10.93;8;10.93
2003-08-30;12.42;8;12.42
2003-08-31;8.168;8;8.168
2003-09-01;8.113;9;8.113
2003-09-02;6.89;9;6.89
2003-09-03;11.01;9;11.01
2003-09-04;7.827;9;7.827
2003-09-05;6.844;9;6.844
2003-09-06;7.273;9;7.273
2003-09-07;11.82;9;11.82
2003-09-08;13.2;9;13.2
2003-09-09;20.51;9;20.51
2003-09-10;15.83;9;15.83
2003-09-11;35.78;9;35.78
2003-09-12;16.46;9;16.46
2003-09-13;10.25;9;10.25
2003-09-14;10.59;9;10.59
2003-09-15;12.41;9;12.41
2003-09-16;10.35;9;10.35
2003-09-17;10.22;9;10.22
2003-09-18;36.03;9;36.03
2003-09-19;10.94;9;10.94
2003-09-20;10.89;9;10.89
2003-09-21;12.22;9;12.22
2003-09-22;9.075;9;9.075
2003-09-23;7.901;9;7.901
2003-09-24;6.927;9;6.927
2003-09-25;6.03;9;6.03
2003-09-26;6.163;9;6.163
2003-09-27;15.01;9;15.01
2003-09-28;26.04;9;26.04
2003-09-29;36.04;9;36.04
2003-09-30;24.32;9;24.32
2003-10-01;21.42;10;21.42
2003-10-02;12.61;10;12.61
2003-10-03;9.196;10;9.196
2003-10-04;7.859;10;7.859
2003-10-05;8.333;10;8.333
2003-10-06;16.5;10;16.5
2003-10-07;18.35;10;18.35
2003-10-08;58.61;10;58.61
2003-10-09;77.32;10;77.32
2003-10-10;56.42;10;56.42
2003-10-11;40.47;10;40.47
2003-10-12;32.08;10;32.08
2003-10-13;44.74;10;44.74
2003-10-14;62.91;10;62.91
2003-10-15;44.62;10;44.62
2003-10-16;31.86;10;31.86
2003-10-17;27.85;10;27.85
2003-10-18;22.39;10;22.39
2003-10-19;21.35;10;21.35
2003-10-20;18.01;10;18.01
2003-10-21;14.31;10;14.31
2003-10-22;21.09;10;21.09
2003-10-23;28.24;10;28.24
2003-10-24;28.42;10;28.42
2003-10-25;28.24;10;28.24
2003-10-26;28.06;10;28.06
2003-10-27;30.96;10;30.96
2003-10-28;29.95;10;29.95
2003-10-29;31.84;10;31.84
2003-10-30;69.36;10;69.36
2003-10-31;-999.000;10;42.1
2003-11-01;-999.000;11;94.2
2003-11-02;-999.000;11;29.0
2003-11-03;-999.000;11;13.3
2003-11-04;-999.000;11;45.5
2003-11-05;16.94;11;16.94
2003-11-06;14.0;11;14.0
2003-11-07;14.79;11;14.79
2003-11-08;28.72;11;28.72
2003-11-09;26.64;11;26.64
2003-11-10;23.4;11;23.4
2003-11-11;24.25;11;24.25
2003-11-12;25.81;11;25.81
2003-11-13;42.12;11;42.12
2003-11-14;18.49;11;18.49
2003-11-15;17.84;11;17.84
2003-11-16;17.48;11;17.48
2003-11-17;11.88;11;11.88
2003-11-18;9.788;11;9.788
2003-11-19;13.3;11;13.3
2003-11-20;22.86;11;22.86
2003-11-21;26.65;11;26.65
2003-11-22;15.54;11;15.54
2003-11-23;17.11;11;17.11
2003-11-24;38.64;11;38.64
2003-11-25;33.55;11;33.55
2003-11-26;79.24;11;79.24
2003-11-27;29.04;11;29.04
2003-11-28;17.52;11;17.52
2003-11-29;38.89;11;38.89
2003-11-30;53.12;11;53.12
2003-12-01;50.71;12;50.71
2003-12-02;60.11;12;60.11
2003-12-03;31.09;12;31.09
2003-12-04;23.71;12;23.71
2003-12-05;20.82;12;20.82
2003-12-06;27.11;12;27.11
2003-12-07;25.15;12;25.15
2003-12-08;15.68;12;15.68
2003-12-09;14.24;12;14.24
2003-12-10;10.79;12;10.79
2003-12-11;9.333;12;9.333
2003-12-12;8.514;12;8.514
2003-12-13;7.875;12;7.875
2003-12-14;7.325;12;7.325
2003-12-15;6.569;12;6.569
2003-12-16;5.744;12;5.744
2003-12-17;5.148;12;5.148
2003-12-18;4.895;12;4.895
2003-12-19;4.744;12;4.744
2003-12-20;4.725;12;4.725
2003-12-21;4.845;12;4.845
2003-12-22;5.148;12;5.148
2003-12-23;5.675;12;5.675
2003-12-24;6.225;12;6.225
2003-12-25;6.638;12;6.638
2003-12-26;6.706;12;6.706
2003-12-27;6.363;12;6.363
2003-12-28;6.569;12;6.569
2003-12-29;5.4;12;5.4
2003-12-30;5.813;12;5.813
2003-12-31;-999.000;12;39.6
2004-01-01;-999.000;1;7.995
2004-01-02;7.6;1;7.6
2004-01-03;7.394;1;7.394
2004-01-04;6.637;1;6.637
2004-01-05;5.813;1;5.813
2004-01-06;5.4;1;5.4
2004-01-07;5.4;1;5.4
2004-01-08;5.4;1;5.4
2004-01-09;5.63;1;5.63
2004-01-10;8.821;1;8.821
2004-01-11;7.995;1;7.995
2004-01-12;5.32;1;5.32
2004-01-13;6.99;1;6.99
2004-01-14;4.845;1;4.845
2004-01-15;4.188;1;4.188
2004-01-16;3.986;1;3.986
2004-01-17;17.4;1;17.4
2004-01-18;13.22;1;13.22
2004-01-19;6.569;1;6.569
2004-01-20;4.975;1;4.975
2004-01-21;4.643;1;4.643
2004-01-22;9.264;1;9.264
2004-01-23;7.868;1;7.868
2004-01-24;5.522;1;5.522
2004-01-25;4.491;1;4.491
2004-01-26;3.733;1;3.733
2004-01-27;3.278;1;3.278
2004-01-28;2.914;1;2.914
2004-01-29;2.675;1;2.675
2004-01-30;2.463;1;2.463
2004-01-31;2.322;1;2.322
2004-02-01;2.217;2;2.217
2004-02-02;2.146;2;2.146
2004-02-03;2.04;2;2.04
2004-02-04;1.944;2;1.944
2004-02-05;1.843;2;1.843
2004-02-06;1.766;2;1.766
2004-02-07;1.74;2;1.74
2004-02-08;1.715;2;1.715
2004-02-09;1.715;2;1.715
2004-02-10;1.689;2;1.689
2004-02-11;1.638;2;1.638
2004-02-12;1.613;2;1.613
2004-02-13;1.587;2;1.587
2004-02-14;1.562;2;1.562
2004-02-15;1.562;2;1.562
2004-02-16;1.562;2;1.562
2004-02-17;1.562;2;1.562
2004-02-18;1.562;2;1.562
2004-02-19;1.562;2;1.562
2004-02-20;1.562;2;1.562
2004-02-21;3.185;2;3.185
2004-02-22;3.193;2;3.193
2004-02-23;6.287;2;6.287
2004-02-24;11.36;2;11.36
2004-02-25;18.33;2;18.33
2004-02-26;8.489;2;8.489
2004-02-27;5.717;2;5.717
2004-02-28;7.488;2;7.488
2004-02-29;5.828;2;5.828
2004-03-01;5.025;3;5.025
2004-03-02;6.159;3;6.159
2004-03-03;5.684;3;5.684
2004-03-04;4.491;3;4.491
2004-03-05;3.759;3;3.759
2004-03-06;4.166;3;4.166
2004-03-07;6.044;3;6.044
2004-03-08;5.093;3;5.093
2004-03-09;3.459;3;3.459
2004-03-10;2.957;3;2.957
2004-03-11;4.796;3;4.796
2004-03-12;9.356;3;9.356
2004-03-13;6.847;3;6.847
2004-03-14;4.693;3;4.693
2004-03-15;3.632;3;3.632
2004-03-16;3.485;3;3.485
2004-03-17;3.136;3;3.136
2004-03-18;2.649;3;2.649
2004-03-19;2.181;3;2.181
2004-03-20;1.891;3;1.891
2004-03-21;1.69;3;1.69
2004-03-22;1.587;3;1.587
2004-03-23;1.596;3;1.596
2004-03-24;1.743;3;1.743
2004-03-25;2.222;3;2.222
2004-03-26;3.309;3;3.309
2004-03-27;9.157;3;9.157
2004-03-28;16.62;3;16.62
2004-03-29;14.04;3;14.04
2004-03-30;8.079;3;8.079
2004-03-31;6.291;3;6.291
2004-04-01;7.739;4;7.739
2004-04-02;5.857;4;5.857
2004-04-03;5.887;4;5.887
2004-04-04;9.036;4;9.036
2004-04-05;6.746;4;6.746
2004-04-06;4.948;4;4.948
2004-04-07;3.948;4;3.948
2004-04-08;3.389;4;3.389
2004-04-09;3.097;4;3.097
2004-04-10;3.349;4;3.349
2004-04-11;3.618;4;3.618
2004-04-12;14.53;4;14.53
2004-04-13;14.69;4;14.69
2004-04-14;14.09;4;14.09
2004-04-15;10.4;4;10.4
2004-04-16;30.17;4;30.17
2004-04-17;40.28;4;40.28
2004-04-18;21.94;4;21.94
2004-04-19;15.3;4;15.3
2004-04-20;13.28;4;13.28
2004-04-21;23.65;4;23.65
2004-04-22;30.28;4;30.28
2004-04-23;117.5;4;117.5
2004-04-24;85.85;4;85.85
2004-04-25;65.92;4;65.92
2004-04-26;51.39;4;51.39
2004-04-27;29.63;4;29.63
2004-04-28;40.35;4;40.35
2004-04-29;24.41;4;24.41
2004-04-30;15.09;4;15.09
2004-05-01;18.68;5;18.68
2004-05-02;21.61;5;21.61
2004-05-03;27.29;5;27.29
2004-05-04;66.23;5;66.23
2004-05-05;34.33;5;34.33
2004-05-06;28.21;5;28.21
2004-05-07;20.54;5;20.54
2004-05-08;14.12;5;14.12
2004-05-09;23.7;5;23.7
2004-05-10;25.35;5;25.35
2004-05-11;18.56;5;18.56
2004-05-12;13.89;5;13.89
2004-05-13;11.95;5;11.95
2004-05-14;9.655;5;9.655
2004-05-15;8.783;5;8.783
2004-05-16;8.004;5;8.004
2004-05-17;13.99;5;13.99
2004-05-18;18.14;5;18.14
2004-05-19;36.97;5;36.97
2004-05-20;42.97;5;42.97
2004-05-21;27.08;5;27.08
2004-05-22;45.48;5;45.48
2004-05-23;27.89;5;27.89
2004-05-24;38.25;5;38.25
2004-05-25;29.16;5;29.16
2004-05-26;16.6;5;16.6
2004-05-27;34.46;5;34.46
2004-05-28;19.72;5;19.72
2004-05-29;16.29;5;16.29
2004-05-30;17.26;5;17.26
2004-05-31;41.62;5;41.62
2004-06-01;18.93;6;18.93
2004-06-02;17.28;6;17.28
2004-06-03;23.88;6;23.88
2004-06-04;26.47;6;26.47
2004-06-05;23.51;6;23.51
2004-06-06;33.76;6;33.76
2004-06-07;27.61;6;27.61
2004-06-08;17.96;6;17.96
2004-06-09;16.59;6;16.59
2004-06-10;12.97;6;12.97
2004-06-11;9.879;6;9.879
2004-06-12;8.707;6;8.707
2004-06-13;17.79;6;17.79
2004-06-14;14.26;6;14.26
2004-06-15;10.14;6;10.14
2004-06-16;15.12;6;15.12
2004-06-17;16.93;6;16.93
2004-06-18;18.66;6;18.66
2004-06-19;22.86;6;22.86
2004-06-20;16.39;6;16.39
2004-06-21;-999.000;6;22.908
2004-06-22;13.48;6;13.48
2004-06-23;54.19;6;54.19
2004-06-24;27.99;6;27.99
2004-06-25;18.12;6;18.12
2004-06-26;10.99;6;10.99
2004-06-27;8.601;6;8.601
2004-06-28;10.17;6;10.17
2004-06-29;13.19;6;13.19
2004-06-30;9.014;6;9.014
2004-07-01;9.553;7;9.553
2004-07-02;12.91;7;12.91
2004-07-03;8.695;7;8.695
2004-07-04;10.36;7;10.36
2004-07-05;11.81;7;11.81
2004-07-06;13.81;7;13.81
2004-07-07;9.109;7;9.109
2004-07-08;9.438;7;9.438
2004-07-09;10.63;7;10.63
2004-07-10;9.054;7;9.054
2004-07-11;7.529;7;7.529
2004-07-12;9.7;7;9.7
2004-07-13;12.03;7;12.03
2004-07-14;10.51;7;10.51
2004-07-15;9.991;7;9.991
2004-07-16;8.302;7;8.302
2004-07-17;8.435;7;8.435
2004-07-18;9.6;7;9.6
2004-07-19;7.276;7;7.276
2004-07-20;7.165;7;7.165
2004-07-21;12.04;7;12.04
2004-07-22;12.72;7;12.72
2004-07-23;-999.000;7;17.7
2004-07-24;-999.000;7;32.679
2004-07-25;-999.000;7;23.7
2004-07-26;-999.000;7;6.7
2004-07-27;-999.000;7;8.6
2004-07-28;-999.000;7;26.7
2004-07-29;-999.000;7;9.8
2004-07-30;-999.000;7;16.6
2004-07-31;-999.000;7;8.6
2004-08-01;-999.000;8;5.6
2004-08-02;-999.000;8;13.7
2004-08-03;13.65;8;13.65
2004-08-04;14.12;8;14.12
2004-08-05;20.9;8;20.9
2004-08-06;13.19;8;13.19
2004-08-07;17.03;8;17.03
2004-08-08;20.65;8;20.65
2004-08-09;31.34;8;31.34
2004-08-10;19.38;8;19.38
2004-08-11;40.82;8;40.82
2004-08-12;30.37;8;30.37
2004-08-13;18.64;8;18.64
2004-08-14;15.52;8;15.52
2004-08-15;13.3;8;13.3
2004-08-16;12.49;8;12.49
2004-08-17;13.19;8;13.19
2004-08-18;12.72;8;12.72
2004-08-19;-999.000;8;13.8
2004-08-20;-999.000;8;17.713
2004-08-21;-999.000;8;6.7
2004-08-22;-999.000;8;15.8
2004-08-23;-999.000;8;16.8
2004-08-24;-999.000;8;14.7
2004-08-25;-999.000;8;10.3
2004-08-26;-999.000;8;28.99
2004-08-27;-999.000;8;10.8
2004-08-28;-999.000;8;7.4
2004-08-29;-999.000;8;15.5
2004-08-30;-999.000;8;17.713
2004-08-31;-999.000;8;9.4
2004-09-01;-999.000;9;8.69
2004-09-02;-999.000;9;11.2
2004-09-03;-999.000;9;10.2
2004-09-04;-999.000;9;3.215
2004-09-05;-999.000;9;15.0
2004-09-06;9.333;9;9.333
2004-09-07;6.345;9;6.345
2004-09-08;6.102;9;6.102
2004-09-09;8.086;9;8.086
2004-09-10;27.28;9;27.28
2004-09-11;43.96;9;43.96
2004-09-12;24.95;9;24.95
2004-09-13;17.33;9;17.33
2004-09-14;16.68;9;16.68
2004-09-15;14.85;9;14.85
2004-09-16;9.423;9;9.423
2004-09-17;7.273;9;7.273
2004-09-18;6.942;9;6.942
2004-09-19;6.637;9;6.637
2004-09-20;5.827;9;5.827
2004-09-21;27.55;9;27.55
2004-09-22;14.28;9;14.28
2004-09-23;8.599;9;8.599
2004-09-24;6.938;9;6.938
2004-09-25;8.639;9;8.639
2004-09-26;8.097;9;8.097
2004-09-27;14.4;9;14.4
2004-09-28;13.4;9;13.4
2004-09-29;7.674;9;7.674
2004-09-30;6.219;9;6.219
2004-10-01;14.08;10;14.08
2004-10-02;13.98;10;13.98
2004-10-03;7.841;10;7.841
2004-10-04;6.225;10;6.225
2004-10-05;7.325;10;7.325
2004-10-06;16.76;10;16.76
2004-10-07;27.54;10;27.54
2004-10-08;26.56;10;26.56
2004-10-09;38.84;10;38.84
2004-10-10;28.99;10;28.99
2004-10-11;17.42;10;17.42
2004-10-12;12.88;10;12.88
2004-10-13;14.0;10;14.0
2004-10-14;9.093;10;9.093
2004-10-15;7.508;10;7.508
2004-10-16;6.706;10;6.706
2004-10-17;6.047;10;6.047
2004-10-18;7.412;10;7.412
2004-10-19;17.87;10;17.87
2004-10-20;36.31;10;36.31
2004-10-21;82.77;10;82.77
2004-10-22;83.71;10;83.71
2004-10-23;64.39;10;64.39
2004-10-24;49.23;10;49.23
2004-10-25;85.42;10;85.42
2004-10-26;47.45;10;47.45
2004-10-27;30.37;10;30.37
2004-10-28;20.81;10;20.81
2004-10-29;24.02;10;24.02
2004-10-30;30.16;10;30.16
2004-10-31;28.03;10;28.03
2004-11-01;19.72;11;19.72
2004-11-02;20.06;11;20.06
2004-11-03;17.57;11;17.57
2004-11-04;12.48;11;12.48
2004-11-05;32.1;11;32.1
2004-11-06;34.36;11;34.36
2004-11-07;77.76;11;77.76
2004-11-08;59.33;11;59.33
2004-11-09;49.2;11;49.2
2004-11-10;35.44;11;35.44
2004-11-11;21.49;11;21.49
2004-11-12;27.81;11;27.81
2004-11-13;24.42;11;24.42
2004-11-14;49.34;11;49.34
2004-11-15;40.29;11;40.29
2004-11-16;41.69;11;41.69
2004-11-17;32.57;11;32.57
2004-11-18;72.31;11;72.31
2004-11-19;40.96;11;40.96
2004-11-20;26.89;11;26.89
2004-11-21;17.2;11;17.2
2004-11-22;14.57;11;14.57
2004-11-23;11.47;11;11.47
2004-11-24;9.735;11;9.735
2004-11-25;14.16;11;14.16
2004-11-26;32.23;11;32.23
2004-11-27;25.72;11;25.72
2004-11-28;21.64;11;21.64
2004-11-29;20.19;11;20.19
2004-11-30;14.75;11;14.75
2004-12-01;11.93;12;11.93
2004-12-02;16.75;12;16.75
2004-12-03;16.46;12;16.46
2004-12-04;13.94;12;13.94
2004-12-05;10.49;12;10.49
2004-12-06;8.771;12;8.771
2004-12-07;7.563;12;7.563
2004-12-08;7.588;12;7.588
2004-12-09;9.721;12;9.721
2004-12-10;13.06;12;13.06
2004-12-11;11.15;12;11.15
2004-12-12;8.758;12;8.758
2004-12-13;10.18;12;10.18
2004-12-14;9.868;12;9.868
2004-12-15;8.262;12;8.262
2004-12-16;8.054;12;8.054
2004-12-17;7.7;12;7.7
2004-12-18;6.766;12;6.766
2004-12-19;5.907;12;5.907
2004-12-20;5.198;12;5.198
2004-12-21;4.794;12;4.794
2004-12-22;4.491;12;4.491
2004-12-23;4.138;12;4.138
2004-12-24;3.885;12;3.885
2004-12-25;3.683;12;3.683
2004-12-26;3.43;12;3.43
2004-12-27;3.274;12;3.274
2004-12-28;3.239;12;3.239
2004-12-29;4.066;12;4.066
2004-12-30;3.511;12;3.511
2004-12-31;3.205;12;3.205
2005-01-01;3.239;1;3.239
2005-01-02;3.027;1;3.027
2005-01-03;2.851;1;2.851
2005-01-04;2.745;1;2.745
2005-01-05;3.636;1;3.636
2005-01-06;3.191;1;3.191
2005-01-07;2.922;1;2.922
2005-01-08;2.71;1;2.71
2005-01-09;3.145;1;3.145
2005-01-10;3.726;1;3.726
2005-01-11;3.673;1;3.673
2005-01-12;3.276;1;3.276
2005-01-13;2.992;1;2.992
2005-01-14;2.781;1;2.781
2005-01-15;14.05;1;14.05
2005-01-16;6.958;1;6.958
2005-01-17;15.57;1;15.57
2005-01-18;11.02;1;11.02
2005-01-19;6.509;1;6.509
2005-01-20;4.939;1;4.939
2005-01-21;7.733;1;7.733
2005-01-22;7.309;1;7.309
2005-01-23;4.991;1;4.991
2005-01-24;4.007;1;4.007
2005-01-25;3.465;1;3.465
2005-01-26;3.167;1;3.167
2005-01-27;2.922;1;2.922
2005-01-28;2.745;1;2.745
2005-01-29;2.861;1;2.861
2005-01-30;4.574;1;4.574
2005-01-31;4.761;1;4.761
2005-02-01;5.388;2;5.388
2005-02-02;3.729;2;3.729
2005-02-03;3.058;2;3.058
2005-02-04;2.795;2;2.795
2005-02-05;2.675;2;2.675
2005-02-06;2.713;2;2.713
2005-02-07;2.781;2;2.781
2005-02-08;2.712;2;2.712
2005-02-09;3.092;2;3.092
2005-02-10;3.233;2;3.233
2005-02-11;9.824;2;9.824
2005-02-12;-999.000;2;1.4
2005-02-13;-999.000;2;5.1
2005-02-14;-999.000;2;4.9
2005-02-15;-999.000;2;4.887
2005-02-16;-999.000;2;3.751
2005-02-17;8.599;2;8.599
2005-02-18;9.97;2;9.97
2005-02-19;6.981;2;6.981
2005-02-20;5.813;2;5.813
2005-02-21;5.538;2;5.538
2005-02-22;5.299;2;5.299
2005-02-23;4.996;2;4.996
2005-02-24;4.693;2;4.693
2005-02-25;4.592;2;4.592
2005-02-26;3.885;2;3.885
2005-02-27;3.168;2;3.168
2005-02-28;2.886;2;2.886
2005-03-01;2.605;3;2.605
2005-03-02;2.569;3;2.569
2005-03-03;2.534;3;2.534
2005-03-04;3.573;3;3.573
2005-03-05;4.39;3;4.39
2005-03-06;4.626;3;4.626
2005-03-07;3.551;3;3.551
2005-03-08;2.957;3;2.957
2005-03-09;2.957;3;2.957
2005-03-10;2.904;3;2.904
2005-03-11;2.975;3;2.975
2005-03-12;2.534;3;2.534
2005-03-13;2.211;3;2.211
2005-03-14;2.111;3;2.111
2005-03-15;1.868;3;1.868
2005-03-16;1.766;3;1.766
2005-03-17;1.766;3;1.766
2005-03-18;1.766;3;1.766
2005-03-19;1.766;3;1.766
2005-03-20;1.766;3;1.766
2005-03-21;1.766;3;1.766
2005-03-22;1.766;3;1.766
2005-03-23;1.752;3;1.752
2005-03-24;1.715;3;1.715
2005-03-25;1.891;3;1.891
2005-03-26;3.885;3;3.885
2005-03-27;2.812;3;2.812
2005-03-28;2.779;3;2.779
2005-03-29;2.03;3;2.03
2005-03-30;1.562;3;1.562
2005-03-31;1.575;3;1.575
2005-04-01;1.587;4;1.587
2005-04-02;1.562;4;1.562
2005-04-03;1.562;4;1.562
2005-04-04;1.655;4;1.655
2005-04-05;1.84;4;1.84
2005-04-06;3.873;4;3.873
2005-04-07;6.44;4;6.44
2005-04-08;5.422;4;5.422
2005-04-09;11.18;4;11.18
2005-04-10;9.932;4;9.932
2005-04-11;6.477;4;6.477
2005-04-12;6.373;4;6.373
2005-04-13;9.115;4;9.115
2005-04-14;6.792;4;6.792
2005-04-15;6.139;4;6.139
2005-04-16;8.36;4;8.36
2005-04-17;11.96;4;11.96
2005-04-18;14.38;4;14.38
2005-04-19;10.56;4;10.56
2005-04-20;7.926;4;7.926
2005-04-21;7.794;4;7.794
2005-04-22;22.98;4;22.98
2005-04-23;31.61;4;31.61
2005-04-24;45.92;4;45.92
2005-04-25;33.6;4;33.6
2005-04-26;38.67;4;38.67
2005-04-27;34.72;4;34.72
2005-04-28;15.72;4;15.72
2005-04-29;10.8;4;10.8
2005-04-30;9.469;4;9.469
2005-05-01;8.294;5;8.294
2005-05-02;17.69;5;17.69
2005-05-03;48.58;5;48.58
2005-05-04;34.52;5;34.52
2005-05-05;24.48;5;24.48
2005-05-06;19.48;5;19.48
2005-05-07;14.15;5;14.15
2005-05-08;9.947;5;9.947
2005-05-09;8.795;5;8.795
2005-05-10;9.242;5;9.242
2005-05-11;7.417;5;7.417
2005-05-12;11.08;5;11.08
2005-05-13;9.515;5;9.515
2005-05-14;9.727;5;9.727
2005-05-15;8.831;5;8.831
2005-05-16;42.99;5;42.99
2005-05-17;41.07;5;41.07
2005-05-18;60.37;5;60.37
2005-05-19;40.8;5;40.8
2005-05-20;19.71;5;19.71
2005-05-21;15.25;5;15.25
2005-05-22;20.24;5;20.24
2005-05-23;159.3;5;159.3
2005-05-24;45.86;5;45.86
2005-05-25;27.05;5;27.05
2005-05-26;17.57;5;17.57
2005-05-27;15.86;5;15.86
2005-05-28;16.6;5;16.6
2005-05-29;39.4;5;39.4
2005-05-30;17.59;5;17.59
2005-05-31;27.29;5;27.29
2005-06-01;18.79;6;18.79
2005-06-02;14.93;6;14.93
2005-06-03;12.27;6;12.27
2005-06-04;10.52;6;10.52
2005-06-05;19.54;6;19.54
2005-06-06;23.85;6;23.85
2005-06-07;80.2;6;80.2
2005-06-08;54.08;6;54.08
2005-06-09;30.94;6;30.94
2005-06-10;20.95;6;20.95
2005-06-11;18.55;6;18.55
2005-06-12;14.62;6;14.62
2005-06-13;10.7;6;10.7
2005-06-14;8.878;6;8.878
2005-06-15;8.117;6;8.117
2005-06-16;8.178;6;8.178
2005-06-17;6.838;6;6.838
2005-06-18;6.156;6;6.156
2005-06-19;5.606;6;5.606
2005-06-20;5.299;6;5.299
2005-06-21;5.506;6;5.506
2005-06-22;5.967;6;5.967
2005-06-23;6.66;6;6.66
2005-06-24;5.406;6;5.406
2005-06-25;5.35;6;5.35
2005-06-26;5.198;6;5.198
2005-06-27;-999.000;6;11.75
2005-06-28;-999.000;6;16.2
2005-06-29;-999.000;6;26.3
2005-06-30;-999.000;6;26.9
2005-07-01;-999.000;7;18.3
2005-07-02;-999.000;7;36.9
2005-07-03;-999.000;7;30.494
2005-07-04;-999.000;7;14.0
2005-07-05;-999.000;7;15.1
2005-07-06;17.98;7;17.98
2005-07-07;12.26;7;12.26
2005-07-08;11.02;7;11.02
2005-07-09;10.52;7;10.52
2005-07-10;7.531;7;7.531
2005-07-11;6.087;7;6.087
2005-07-12;5.299;7;5.299
2005-07-13;5.299;7;5.299
2005-07-14;9.209;7;9.209
2005-07-15;11.63;7;11.63
2005-07-16;12.81;7;12.81
2005-07-17;10.15;7;10.15
2005-07-18;25.58;7;25.58
2005-07-19;11.53;7;11.53
2005-07-20;13.65;7;13.65
2005-07-21;11.77;7;11.77
2005-07-22;9.913;7;9.913
2005-07-23;10.05;7;10.05
2005-07-24;7.889;7;7.889
2005-07-25;10.18;7;10.18
2005-07-26;9.794;7;9.794
2005-07-27;7.107;7;7.107
2005-07-28;7.848;7;7.848
2005-07-29;9.568;7;9.568
2005-07-30;9.492;7;9.492
2005-07-31;10.16;7;10.16
2005-08-01;10.66;8;10.66
2005-08-02;12.93;8;12.93
2005-08-03;12.49;8;12.49
2005-08-04;12.19;8;12.19
2005-08-05;10.68;8;10.68
2005-08-06;9.898;8;9.898
2005-08-07;8.635;8;8.635
2005-08-08;6.912;8;6.912
2005-08-09;6.708;8;6.708
2005-08-10;9.06;8;9.06
2005-08-11;6.592;8;6.592
2005-08-12;6.208;8;6.208
2005-08-13;5.626;8;5.626
2005-08-14;4.946;8;4.946
2005-08-15;6.213;8;6.213
2005-08-16;8.668;8;8.668
2005-08-17;11.2;8;11.2
2005-08-18;7.466;8;7.466
2005-08-19;17.51;8;17.51
2005-08-20;15.47;8;15.47
2005-08-21;13.31;8;13.31
2005-08-22;11.12;8;11.12
2005-08-23;9.801;8;9.801
2005-08-24;19.97;8;19.97
2005-08-25;16.8;8;16.8
2005-08-26;14.84;8;14.84
2005-08-27;9.26;8;9.26
2005-08-28;7.359;8;7.359
2005-08-29;6.483;8;6.483
2005-08-30;6.264;8;6.264
2005-08-31;10.72;8;10.72
2005-09-01;7.744;9;7.744
2005-09-02;6.145;9;6.145
2005-09-03;10.69;9;10.69
2005-09-04;8.674;9;8.674
2005-09-05;6.878;9;6.878
2005-09-06;7.188;9;7.188
2005-09-07;10.93;9;10.93
2005-09-08;11.16;9;11.16
2005-09-09;7.421;9;7.421
2005-09-10;6.583;9;6.583
2005-09-11;5.363;9;5.363
2005-09-12;6.823;9;6.823
2005-09-13;7.42;9;7.42
2005-09-14;6.712;9;6.712
2005-09-15;6.122;9;6.122
2005-09-16;12.4;9;12.4
2005-09-17;11.91;9;11.91
2005-09-18;7.737;9;7.737
2005-09-19;6.912;9;6.912
2005-09-20;7.188;9;7.188
2005-09-21;6.912;9;6.912
2005-09-22;6.087;9;6.087
2005-09-23;5.299;9;5.299
2005-09-24;5.95;9;5.95
2005-09-25;5.047;9;5.047
2005-09-26;7.188;9;7.188
2005-09-27;7.462;9;7.462
2005-09-28;12.64;9;12.64
2005-09-29;15.98;9;15.98
2005-09-30;14.82;9;14.82
2005-10-01;12.72;10;12.72
2005-10-02;12.26;10;12.26
2005-10-03;11.19;10;11.19
2005-10-04;8.467;10;8.467
2005-10-05;8.101;10;8.101
2005-10-06;8.878;10;8.878
2005-10-07;9.97;10;9.97
2005-10-08;7.531;10;7.531
2005-10-09;13.76;10;13.76
2005-10-10;19.96;10;19.96
2005-10-11;26.62;10;26.62
2005-10-12;52.62;10;52.62
2005-10-13;26.62;10;26.62
2005-10-14;26.33;10;26.33
2005-10-15;22.79;10;22.79
2005-10-16;26.04;10;26.04
2005-10-17;25.54;10;25.54
2005-10-18;15.81;10;15.81
2005-10-19;17.51;10;17.51
2005-10-20;14.7;10;14.7
2005-10-21;25.01;10;25.01
2005-10-22;17.45;10;17.45
2005-10-23;47.71;10;47.71
2005-10-24;26.26;10;26.26
2005-10-25;51.92;10;51.92
2005-10-26;-999.000;10;9.743
2005-10-27;-999.000;10;14.7
2005-10-28;29.88;10;29.88
2005-10-29;33.86;10;33.86
2005-10-30;23.22;10;23.22
2005-10-31;30.33;10;30.33
2005-11-01;19.67;11;19.67
2005-11-02;17.91;11;17.91
2005-11-03;18.5;11;18.5
2005-11-04;10.88;11;10.88
2005-11-05;10.15;11;10.15
2005-11-06;11.24;11;11.24
2005-11-07;16.22;11;16.22
2005-11-08;10.52;11;10.52
2005-11-09;9.97;11;9.97
2005-11-10;42.9;11;42.9
2005-11-11;36.48;11;36.48
2005-11-12;32.64;11;32.64
2005-11-13;47.76;11;47.76
2005-11-14;29.68;11;29.68
2005-11-15;19.38;11;19.38
2005-11-16;27.79;11;27.79
2005-11-17;15.29;11;15.29
2005-11-18;12.72;11;12.72
2005-11-19;16.92;11;16.92
2005-11-20;11.48;11;11.48
2005-11-21;11.76;11;11.76
2005-11-22;28.57;11;28.57
2005-11-23;22.66;11;22.66
2005-11-24;17.74;11;17.74
2005-11-25;11.66;11;11.66
2005-11-26;10.52;11;10.52
2005-11-27;10.61;11;10.61
2005-11-28;8.696;11;8.696
2005-11-29;7.325;11;7.325
2005-11-30;6.5;11;6.5
2005-12-01;5.813;12;5.813
2005-12-02;5.538;12;5.538
2005-12-03;5.4;12;5.4
2005-12-04;5.198;12;5.198
2005-12-05;5.799;12;5.799
2005-12-06;11.81;12;11.81
2005-12-07;10.15;12;10.15
2005-12-08;-999.000;12;3.7
2005-12-09;-999.000;12;66.868
2005-12-10;-999.000;12;16.53
2005-12-11;-999.000;12;3.2
2005-12-12;-999.000;12;14.797
2005-12-13;-999.000;12;17.6
2005-12-14;-999.000;12;4.706
2005-12-15;-999.000;12;13.0
2005-12-16;-999.000;12;5.744
2005-12-17;12.28;12;12.28
2005-12-18;8.967;12;8.967
2005-12-19;7.05;12;7.05
2005-12-20;7.827;12;7.827
2005-12-21;11.4;12;11.4
2005-12-22;15.29;12;15.29
2005-12-23;13.76;12;13.76
2005-12-24;8.514;12;8.514
2005-12-25;7.05;12;7.05
2005-12-26;6.087;12;6.087
2005-12-27;5.299;12;5.299
2005-12-28;4.794;12;4.794
2005-12-29;4.289;12;4.289
2005-12-30;4.087;12;4.087
2005-12-31;3.784;12;3.784
2006-01-01;3.481;1;3.481
2006-01-02;3.38;1;3.38
2006-01-03;3.38;1;3.38
2006-01-04;4.39;1;4.39
2006-01-05;8.194;1;8.194
2006-01-06;11.11;1;11.11
2006-01-07;-999.000;1;3.7
2006-01-08;-999.000;1;38.3
2006-01-09;-999.000;1;4.577
2006-01-10;-999.000;1;8.7
2006-01-11;-999.000;1;4.2
2006-01-12;-999.000;1;6.879
2006-01-13;-999.000;1;14.733
2006-01-14;8.627;1;8.627
2006-01-15;7.188;1;7.188
2006-01-16;8.194;1;8.194
2006-01-17;8.922;1;8.922
2006-01-18;6.431;1;6.431
2006-01-19;4.895;1;4.895
2006-01-20;4.895;1;4.895
2006-01-21;4.491;1;4.491
2006-01-22;4.087;1;4.087
2006-01-23;3.835;1;3.835
2006-01-24;3.784;1;3.784
2006-01-25;3.683;1;3.683
2006-01-26;3.481;1;3.481
2006-01-27;3.582;1;3.582
2006-01-28;4.693;1;4.693
2006-01-29;6.5;1;6.5
2006-01-30;5.881;1;5.881
2006-01-31;6.5;1;6.5
2006-02-01;5.538;2;5.538
2006-02-02;6.087;2;6.087
2006-02-03;5.4;2;5.4
2006-02-04;4.895;2;4.895
2006-02-05;-999.000;2;3.8
2006-02-06;-999.000;2;3.2
2006-02-07;-999.000;2;1.9
2006-02-08;-999.000;2;5.4
2006-02-09;-999.000;2;9.6
2006-02-10;-999.000;2;2.795
2006-02-11;-999.000;2;5.587
2006-02-12;-999.000;2;3.2
2006-02-13;-999.000;2;4.5
2006-02-14;-999.000;2;4.11
2006-02-15;-999.000;2;4.6
2006-02-16;2.534;2;2.534
2006-02-17;2.323;2;2.323
2006-02-18;2.675;2;2.675
2006-02-19;2.428;2;2.428
2006-02-20;2.887;2;2.887
2006-02-21;2.886;2;2.886
2006-02-22;2.499;2;2.499
2006-02-23;2.252;2;2.252
2006-02-24;2.181;2;2.181
2006-02-25;2.015;2;2.015
2006-02-26;1.792;2;1.792
2006-02-27;2.15;2;2.15
2006-02-28;3.986;2;3.986
2006-03-01;4.592;3;4.592
2006-03-02;3.063;3;3.063
2006-03-03;5.922;3;5.922
2006-03-04;3.683;3;3.683
2006-03-05;3.168;3;3.168
2006-03-06;2.957;3;2.957
2006-03-07;3.643;3;3.643
2006-03-08;9.331;3;9.331
2006-03-09;22.7;3;22.7
2006-03-10;21.17;3;21.17
2006-03-11;13.98;3;13.98
2006-03-12;11.22;3;11.22
2006-03-13;22.74;3;22.74
2006-03-14;10.88;3;10.88
2006-03-15;8.696;3;8.696
2006-03-16;12.46;3;12.46
2006-03-17;-999.000;3;5.1
2006-03-18;-999.000;3;12.504
2006-03-19;-999.000;3;10.38
2006-03-20;-999.000;3;22.74
2006-03-21;-999.000;3;18.49
2006-03-22;16.69;3;16.69
2006-03-23;13.65;3;13.65
2006-03-24;44.46;3;44.46
2006-03-25;32.06;3;32.06
2006-03-26;34.74;3;34.74
2006-03-27;30.37;3;30.37
2006-03-28;18.5;3;18.5
2006-03-29;12.72;3;12.72
2006-03-30;11.06;3;11.06
2006-03-31;10.79;3;10.79
2006-04-01;-999.000;4;9.0
2006-04-02;-999.000;4;30.8
2006-04-03;7.188;4;7.188
2006-04-04;20.5;4;20.5
2006-04-05;11.79;4;11.79
2006-04-06;61.08;4;61.08
2006-04-07;-999.000;4;29.589
2006-04-08;-999.000;4;4.6
2006-04-09;22.72;4;22.72
2006-04-10;24.15;4;24.15
2006-04-11;21.11;4;21.11
2006-04-12;19.14;4;19.14
2006-04-13;44.54;4;44.54
2006-04-14;42.52;4;42.52
2006-04-15;26.77;4;26.77
2006-04-16;16.63;4;16.63
2006-04-17;13.42;4;13.42
2006-04-18;23.15;4;23.15
2006-04-19;44.42;4;44.42
2006-04-20;28.96;4;28.96
2006-04-21;17.15;4;17.15
2006-04-22;12.31;4;12.31
2006-04-23;10.7;4;10.7
2006-04-24;12.13;4;12.13
2006-04-25;9.606;4;9.606
2006-04-26;8.332;4;8.332
2006-04-27;26.37;4;26.37
2006-04-28;37.54;4;37.54
2006-04-29;36.03;4;36.03
2006-04-30;59.22;4;59.22
2006-05-01;51.92;5;51.92
2006-05-02;50.4;5;50.4
2006-05-03;96.17;5;96.17
2006-05-04;-999.000;5;19.96
2006-05-05;108.9;5;108.9
2006-05-06;82.85;5;82.85
2006-05-07;73.57;5;73.57
2006-05-08;59.44;5;59.44
2006-05-09;58.18;5;58.18
2006-05-10;74.45;5;74.45
2006-05-11;-999.000;5;104.2
2006-05-12;-999.000;5;21.1
2006-05-13;-999.000;5;40.62
2006-05-14;25.9;5;25.9
2006-05-15;19.38;5;19.38
2006-05-16;18.06;5;18.06
2006-05-17;20.4;5;20.4
2006-05-18;25.75;5;25.75
2006-05-19;19.08;5;19.08
2006-05-20;19.96;5;19.96
2006-05-21;14.59;5;14.59
2006-05-22;15.29;5;15.29
2006-05-23;11.24;5;11.24
2006-05-24;11.81;5;11.81
2006-05-25;12.95;5;12.95
2006-05-26;11.06;5;11.06
2006-05-27;10.33;5;10.33
2006-05-28;11.22;5;11.22
2006-05-29;12.13;5;12.13
2006-05-30;14.7;5;14.7
2006-05-31;14.12;5;14.12
2006-06-01;14.74;6;14.74
2006-06-02;13.19;6;13.19
2006-06-03;13.89;6;13.89
2006-06-04;18.2;6;18.2
2006-06-05;17.91;6;17.91
2006-06-06;34.74;6;34.74
2006-06-07;20.82;6;20.82
2006-06-08;33.87;6;33.87
2006-06-09;34.94;6;34.94
2006-06-10;39.34;6;39.34
2006-06-11;69.29;6;69.29
2006-06-12;89.88;6;89.88
2006-06-13;37.77;6;37.77
2006-06-14;25.9;6;25.9
2006-06-15;-999.000;6;23.7
2006-06-16;25.9;6;25.9
2006-06-17;19.67;6;19.67
2006-06-18;23.29;6;23.29
2006-06-19;21.99;6;21.99
2006-06-20;15.98;6;15.98
2006-06-21;13.89;6;13.89
2006-06-22;16.6;6;16.6
2006-06-23;14.35;6;14.35
2006-06-24;12.31;6;12.31
2006-06-25;10.33;6;10.33
2006-06-26;-999.000;6;42.6
2006-06-27;-999.000;6;7.48
2006-06-28;-999.000;6;54.855
2006-06-29;10.33;6;10.33
2006-06-30;8.878;6;8.878
2006-07-01;9.515;7;9.515
2006-07-02;8.878;7;8.878
2006-07-03;13.54;7;13.54
2006-07-04;15.58;7;15.58
2006-07-05;12.95;7;12.95
2006-07-06;12.95;7;12.95
2006-07-07;12.79;7;12.79
2006-07-08;8.897;7;8.897
2006-07-09;7.357;7;7.357
2006-07-10;6.434;7;6.434
2006-07-11;6.957;7;6.957
2006-07-12;7.219;7;7.219
2006-07-13;7.723;7;7.723
2006-07-14;9.225;7;9.225
2006-07-15;12.97;7;12.97
2006-07-16;13.55;7;13.55
2006-07-17;11.96;7;11.96
2006-07-18;9.318;7;9.318
2006-07-19;11.26;7;11.26
2006-07-20;14.36;7;14.36
2006-07-21;16.48;7;16.48
2006-07-22;13.3;7;13.3
2006-07-23;15.75;7;15.75
2006-07-24;21.39;7;21.39
2006-07-25;22.14;7;22.14
2006-07-26;12.63;7;12.63
2006-07-27;8.517;7;8.517
2006-07-28;21.49;7;21.49
2006-07-29;19.96;7;19.96
2006-07-30;12.34;7;12.34
2006-07-31;8.369;7;8.369
2006-08-01;7.6;8;7.6
2006-08-02;25.21;8;25.21
2006-08-03;14.86;8;14.86
2006-08-04;9.045;8;9.045
2006-08-05;9.957;8;9.957
2006-08-06;9.799;8;9.799
2006-08-07;8.075;8;8.075
2006-08-08;7.901;8;7.901
2006-08-09;10.16;8;10.16
2006-08-10;7.414;8;7.414
2006-08-11;6.603;8;6.603
2006-08-12;8.823;8;8.823
2006-08-13;6.113;8;6.113
2006-08-14;5.091;8;5.091
2006-08-15;5.1;8;5.1
2006-08-16;5.821;8;5.821
2006-08-17;5.615;8;5.615
2006-08-18;7.435;8;7.435
2006-08-19;9.277;8;9.277
2006-08-20;7.551;8;7.551
2006-08-21;12.52;8;12.52
2006-08-22;8.814;8;8.814
2006-08-23;6.185;8;6.185
2006-08-24;5.004;8;5.004
2006-08-25;9.981;8;9.981
2006-08-26;11.49;8;11.49
2006-08-27;9.931;8;9.931
2006-08-28;10.37;8;10.37
2006-08-29;7.547;8;7.547
2006-08-30;6.839;8;6.839
2006-08-31;7.769;8;7.769
2006-09-01;8.734;9;8.734
2006-09-02;6.592;9;6.592
2006-09-03;4.872;9;4.872
2006-09-04;4.727;9;4.727
2006-09-05;4.735;9;4.735
2006-09-06;6.477;9;6.477
2006-09-07;5.924;9;5.924
2006-09-08;7.774;9;7.774
2006-09-09;5.656;9;5.656
2006-09-10;4.611;9;4.611
2006-09-11;4.005;9;4.005
2006-09-12;4.127;9;4.127
2006-09-13;22.96;9;22.96
2006-09-14;10.85;9;10.85
2006-09-15;15.11;9;15.11
2006-09-16;12.24;9;12.24
2006-09-17;8.924;9;8.924
2006-09-18;44.78;9;44.78
2006-09-19;23.35;9;23.35
2006-09-20;14.14;9;14.14
2006-09-21;9.257;9;9.257
2006-09-22;8.038;9;8.038
2006-09-23;10.98;9;10.98
2006-09-24;7.714;9;7.714
2006-09-25;6.546;9;6.546
2006-09-26;10.95;9;10.95
2006-09-27;8.032;9;8.032
2006-09-28;5.721;9;5.721
2006-09-29;5.454;9;5.454
2006-09-30;6.494;9;6.494
2006-10-01;5.767;10;5.767
2006-10-02;5.166;10;5.166
2006-10-03;6.77;10;6.77
2006-10-04;8.342;10;8.342
2006-10-05;6.122;10;6.122
2006-10-06;5.122;10;5.122
2006-10-07;4.647;10;4.647
2006-10-08;4.041;10;4.041
2006-10-09;3.538;10;3.538
2006-10-10;3.491;10;3.491
2006-10-11;10.52;10;10.52
2006-10-12;21.98;10;21.98
2006-10-13;30.07;10;30.07
2006-10-14;56.4;10;56.4
2006-10-15;88.55;10;88.55
2006-10-16;43.29;10;43.29
2006-10-17;36.53;10;36.53
2006-10-18;19.24;10;19.24
2006-10-19;13.71;10;13.71
2006-10-20;12.34;10;12.34
2006-10-21;17.33;10;17.33
2006-10-22;29.74;10;29.74
2006-10-23;73.54;10;73.54
2006-10-24;44.05;10;44.05
2006-10-25;17.13;10;17.13
2006-10-26;12.56;10;12.56
2006-10-27;13.03;10;13.03
2006-10-28;10.6;10;10.6
2006-10-29;11.38;10;11.38
2006-10-30;10.16;10;10.16
2006-10-31;14.35;10;14.35
2006-11-01;14.12;11;14.12
2006-11-02;13.19;11;13.19
2006-11-03;11.43;11;11.43
2006-11-04;11.06;11;11.06
2006-11-05;9.788;11;9.788
2006-11-06;9.606;11;9.606
2006-11-07;8.696;11;8.696
2006-11-08;47.56;11;47.56
2006-11-09;35.07;11;35.07
2006-11-10;20.98;11;20.98
2006-11-11;25.24;11;25.24
2006-11-12;45.23;11;45.23
2006-11-13;42.55;11;42.55
2006-11-14;58.82;11;58.82
2006-11-15;131.9;11;131.9
2006-11-16;76.76;11;76.76
2006-11-17;45.5;11;45.5
2006-11-18;51.75;11;51.75
2006-11-19;33.57;11;33.57
2006-11-20;31.93;11;31.93
2006-11-21;34.0;11;34.0
2006-11-22;24.57;11;24.57
2006-11-23;15.56;11;15.56
2006-11-24;15.98;11;15.98
2006-11-25;19.04;11;19.04
2006-11-26;17.49;11;17.49
2006-11-27;12.48;11;12.48
2006-11-28;13.96;11;13.96
2006-11-29;13.52;11;13.52
2006-11-30;9.924;11;9.924
2006-12-01;8.249;12;8.249
2006-12-02;8.855;12;8.855
2006-12-03;8.07;12;8.07
2006-12-04;8.575;12;8.575
2006-12-05;8.618;12;8.618
2006-12-06;16.29;12;16.29
2006-12-07;16.44;12;16.44
2006-12-08;27.4;12;27.4
2006-12-09;29.78;12;29.78
2006-12-10;19.63;12;19.63
2006-12-11;24.0;12;24.0
2006-12-12;17.78;12;17.78
2006-12-13;17.05;12;17.05
2006-12-14;16.68;12;16.68
2006-12-15;16.01;12;16.01
2006-12-16;13.04;12;13.04
2006-12-17;10.06;12;10.06
2006-12-18;9.909;12;9.909
2006-12-19;10.94;12;10.94
2006-12-20;12.53;12;12.53
2006-12-21;12.29;12;12.29
2006-12-22;8.343;12;8.343
2006-12-23;7.061;12;7.061
2006-12-24;7.84;12;7.84
2006-12-25;7.543;12;7.543
2006-12-26;9.81;12;9.81
2006-12-27;7.19;12;7.19
2006-12-28;6.116;12;6.116
2006-12-29;5.414;12;5.414
2006-12-30;4.891;12;4.891
2006-12-31;4.468;12;4.468
2007-01-01;4.142;1;4.142
2007-01-02;4.154;1;4.154
2007-01-03;3.738;1;3.738
2007-01-04;3.358;1;3.358
2007-01-05;3.192;1;3.192
2007-01-06;3.06;1;3.06
2007-01-07;3.028;1;3.028
2007-01-08;2.978;1;2.978
2007-01-09;3.876;1;3.876
2007-01-10;4.323;1;4.323
2007-01-11;3.532;1;3.532
2007-01-12;3.06;1;3.06
2007-01-13;2.81;1;2.81
2007-01-14;4.83;1;4.83
2007-01-15;4.612;1;4.612
2007-01-16;4.311;1;4.311
2007-01-17;3.104;1;3.104
2007-01-18;3.974;1;3.974
2007-01-19;9.174;1;9.174
2007-01-20;10.5;1;10.5
2007-01-21;7.317;1;7.317
2007-01-22;4.542;1;4.542
2007-01-23;6.331;1;6.331
2007-01-24;3.969;1;3.969
2007-01-25;3.269;1;3.269
2007-01-26;5.718;1;5.718
2007-01-27;7.265;1;7.265
2007-01-28;4.723;1;4.723
2007-01-29;3.53;1;3.53
2007-01-30;3.019;1;3.019
2007-01-31;2.737;1;2.737
2007-02-01;2.513;2;2.513
2007-02-02;2.293;2;2.293
2007-02-03;2.088;2;2.088
2007-02-04;1.917;2;1.917
2007-02-05;1.832;2;1.832
2007-02-06;1.764;2;1.764
2007-02-07;1.715;2;1.715
2007-02-08;1.666;2;1.666
2007-02-09;1.66;2;1.66
2007-02-10;1.634;2;1.634
2007-02-11;1.836;2;1.836
2007-02-12;1.649;2;1.649
2007-02-13;1.592;2;1.592
2007-02-14;1.566;2;1.566
2007-02-15;4.271;2;4.271
2007-02-16;2.807;2;2.807
2007-02-17;4.418;2;4.418
2007-02-18;2.975;2;2.975
2007-02-19;3.111;2;3.111
2007-02-20;4.773;2;4.773
2007-02-21;3.751;2;3.751
2007-02-22;2.675;2;2.675
2007-02-23;2.146;2;2.146
2007-02-24;1.866;2;1.866
2007-02-25;1.749;2;1.749
2007-02-26;1.73;2;1.73
2007-02-27;1.791;2;1.791
2007-02-28;1.785;2;1.785
2007-03-01;1.76;3;1.76
2007-03-02;1.672;3;1.672
2007-03-03;1.585;3;1.585
2007-03-04;1.562;3;1.562
2007-03-05;1.581;3;1.581
2007-03-06;1.668;3;1.668
2007-03-07;2.915;3;2.915
2007-03-08;2.402;3;2.402
2007-03-09;2.202;3;2.202
2007-03-10;2.038;3;2.038
2007-03-11;2.179;3;2.179
2007-03-12;2.007;3;2.007
2007-03-13;1.789;3;1.789
2007-03-14;1.734;3;1.734
2007-03-15;1.738;3;1.738
2007-03-16;2.481;3;2.481
2007-03-17;6.011;3;6.011
2007-03-18;3.189;3;3.189
2007-03-19;3.265;3;3.265
2007-03-20;2.74;3;2.74
2007-03-21;3.669;3;3.669
2007-03-22;6.554;3;6.554
2007-03-23;9.067;3;9.067
2007-03-24;15.16;3;15.16
2007-03-25;23.24;3;23.24
2007-03-26;20.35;3;20.35
2007-03-27;32.22;3;32.22
2007-03-28;19.66;3;19.66
2007-03-29;18.37;3;18.37
2007-03-30;14.62;3;14.62
2007-03-31;8.715;3;8.715
2007-04-01;7.643;4;7.643
2007-04-02;8.82;4;8.82
2007-04-03;14.39;4;14.39
2007-04-04;20.24;4;20.24
2007-04-05;23.37;4;23.37
2007-04-06;44.12;4;44.12
2007-04-07;55.11;4;55.11
2007-04-08;30.63;4;30.63
2007-04-09;18.19;4;18.19
2007-04-10;12.1;4;12.1
2007-04-11;10.17;4;10.17
2007-04-12;9.219;4;9.219
2007-04-13;7.268;4;7.268
2007-04-14;6.265;4;6.265
2007-04-15;6.615;4;6.615
2007-04-16;9.4;4;9.4
2007-04-17;15.57;4;15.57
2007-04-18;9.107;4;9.107
2007-04-19;18.16;4;18.16
2007-04-20;55.32;4;55.32
2007-04-21;84.73;4;84.73
2007-04-22;100.4;4;100.4
2007-04-23;50.96;4;50.96
2007-04-24;30.9;4;30.9
2007-04-25;44.26;4;44.26
2007-04-26;23.22;4;23.22
2007-04-27;28.85;4;28.85
2007-04-28;17.16;4;17.16
2007-04-29;49.28;4;49.28
2007-04-30;34.65;4;34.65
2007-05-01;27.52;5;27.52
2007-05-02;18.18;5;18.18
2007-05-03;14.72;5;14.72
2007-05-04;12.6;5;12.6
2007-05-05;12.0;5;12.0
2007-05-06;10.54;5;10.54
2007-05-07;13.44;5;13.44
2007-05-08;20.18;5;20.18
2007-05-09;28.97;5;28.97
2007-05-10;36.13;5;36.13
2007-05-11;26.55;5;26.55
2007-05-12;14.77;5;14.77
2007-05-13;11.61;5;11.61
2007-05-14;10.86;5;10.86
2007-05-15;13.25;5;13.25
2007-05-16;12.86;5;12.86
2007-05-17;10.86;5;10.86
2007-05-18;16.12;5;16.12
2007-05-19;22.54;5;22.54
2007-05-20;19.72;5;19.72
2007-05-21;36.22;5;36.22
2007-05-22;34.84;5;34.84
2007-05-23;17.36;5;17.36
2007-05-24;22.48;5;22.48
2007-05-25;19.75;5;19.75
2007-05-26;22.24;5;22.24
2007-05-27;25.35;5;25.35
2007-05-28;25.89;5;25.89
2007-05-29;22.02;5;22.02
2007-05-30;20.63;5;20.63
2007-05-31;30.48;5;30.48
2007-06-01;34.0;6;34.0
2007-06-02;45.55;6;45.55
2007-06-03;113.9;6;113.9
2007-06-04;55.12;6;55.12
2007-06-05;42.1;6;42.1
2007-06-06;32.14;6;32.14
2007-06-07;26.83;6;26.83
2007-06-08;20.76;6;20.76
2007-06-09;44.36;6;44.36
2007-06-10;23.33;6;23.33
2007-06-11;19.29;6;19.29
2007-06-12;21.47;6;21.47
2007-06-13;13.48;6;13.48
2007-06-14;22.2;6;22.2
2007-06-15;21.34;6;21.34
2007-06-16;21.21;6;21.21
2007-06-17;22.35;6;22.35
2007-06-18;13.41;6;13.41
2007-06-19;11.0;6;11.0
2007-06-20;11.6;6;11.6
2007-06-21;13.73;6;13.73
2007-06-22;40.17;6;40.17
2007-06-23;36.69;6;36.69
2007-06-24;40.21;6;40.21
2007-06-25;70.12;6;70.12
2007-06-26;69.05;6;69.05
2007-06-27;34.45;6;34.45
2007-06-28;25.48;6;25.48
2007-06-29;38.89;6;38.89
2007-06-30;40.75;6;40.75
2007-07-01;41.46;7;41.46
2007-07-02;28.37;7;28.37
2007-07-03;18.82;7;18.82
2007-07-04;13.55;7;13.55
2007-07-05;10.47;7;10.47
2007-07-06;8.705;7;8.705
2007-07-07;7.537;7;7.537
2007-07-08;7.336;7;7.336
2007-07-09;8.931;7;8.931
2007-07-10;8.14;7;8.14
2007-07-11;7.669;7;7.669
2007-07-12;6.552;7;6.552
2007-07-13;6.013;7;6.013
2007-07-14;5.419;7;5.419
2007-07-15;4.958;7;4.958
2007-07-16;4.882;7;4.882
2007-07-17;9.0;7;9.0
2007-07-18;7.416;7;7.416
2007-07-19;5.389;7;5.389
2007-07-20;5.355;7;5.355
2007-07-21;7.571;7;7.571
2007-07-22;8.581;7;8.581
2007-07-23;11.96;7;11.96
2007-07-24;12.65;7;12.65
2007-07-25;8.46;7;8.46
2007-07-26;9.093;7;9.093
2007-07-27;8.101;7;8.101
2007-07-28;8.337;7;8.337
2007-07-29;6.827;7;6.827
2007-07-30;5.492;7;5.492
2007-07-31;4.781;7;4.781
2007-08-01;5.341;8;5.341
2007-08-02;4.588;8;4.588
2007-08-03;4.323;8;4.323
2007-08-04;11.44;8;11.44
2007-08-05;15.23;8;15.23
2007-08-06;16.0;8;16.0
2007-08-07;8.437;8;8.437
2007-08-08;13.7;8;13.7
2007-08-09;22.96;8;22.96
2007-08-10;12.96;8;12.96
2007-08-11;26.76;8;26.76
2007-08-12;30.5;8;30.5
2007-08-13;23.29;8;23.29
2007-08-14;18.1;8;18.1
2007-08-15;25.7;8;25.7
2007-08-16;20.44;8;20.44
2007-08-17;20.53;8;20.53
2007-08-18;18.93;8;18.93
2007-08-19;13.89;8;13.89
2007-08-20;13.14;8;13.14
2007-08-21;22.89;8;22.89
2007-08-22;26.97;8;26.97
2007-08-23;18.46;8;18.46
2007-08-24;12.25;8;12.25
2007-08-25;37.78;8;37.78
2007-08-26;96.91;8;96.91
2007-08-27;43.11;8;43.11
2007-08-28;19.27;8;19.27
2007-08-29;14.72;8;14.72
2007-08-30;16.5;8;16.5
2007-08-31;13.31;8;13.31
2007-09-01;11.02;9;11.02
2007-09-02;17.81;9;17.81
2007-09-03;13.62;9;13.62
2007-09-04;11.97;9;11.97
2007-09-05;11.54;9;11.54
2007-09-06;10.46;9;10.46
2007-09-07;10.17;9;10.17
2007-09-08;10.26;9;10.26
2007-09-09;9.287;9;9.287
2007-09-10;9.962;9;9.962
2007-09-11;8.529;9;8.529
2007-09-12;10.39;9;10.39
2007-09-13;8.623;9;8.623
2007-09-14;7.543;9;7.543
2007-09-15;8.859;9;8.859
2007-09-16;18.33;9;18.33
2007-09-17;11.82;9;11.82
2007-09-18;8.367;9;8.367
2007-09-19;7.067;9;7.067
2007-09-20;8.929;9;8.929
2007-09-21;7.354;9;7.354
2007-09-22;6.047;9;6.047
2007-09-23;5.537;9;5.537
2007-09-24;5.194;9;5.194
2007-09-25;7.81;9;7.81
2007-09-26;12.01;9;12.01
2007-09-27;12.57;9;12.57
2007-09-28;6.489;9;6.489
2007-09-29;5.152;9;5.152
2007-09-30;7.412;9;7.412
2007-10-01;8.374;10;8.374
2007-10-02;9.849;10;9.849
2007-10-03;13.74;10;13.74
2007-10-04;10.29;10;10.29
2007-10-05;7.016;10;7.016
2007-10-06;10.8;10;10.8
2007-10-07;24.9;10;24.9
2007-10-08;59.09;10;59.09
2007-10-09;54.73;10;54.73
2007-10-10;27.09;10;27.09
2007-10-11;15.34;10;15.34
2007-10-12;27.14;10;27.14
2007-10-13;24.65;10;24.65
2007-10-14;54.52;10;54.52
2007-10-15;44.36;10;44.36
2007-10-16;22.34;10;22.34
2007-10-17;18.66;10;18.66
2007-10-18;52.18;10;52.18
2007-10-19;48.53;10;48.53
2007-10-20;70.64;10;70.64
2007-10-21;51.54;10;51.54
2007-10-22;122.6;10;122.6
2007-10-23;41.17;10;41.17
2007-10-24;28.35;10;28.35
2007-10-25;21.6;10;21.6
2007-10-26;21.02;10;21.02
2007-10-27;15.0;10;15.0
2007-10-28;34.21;10;34.21
2007-10-29;80.23;10;80.23
2007-10-30;50.09;10;50.09
2007-10-31;28.55;10;28.55
2007-11-01;46.86;11;46.86
2007-11-02;45.6;11;45.6
2007-11-03;27.69;11;27.69
2007-11-04;25.33;11;25.33
2007-11-05;22.42;11;22.42
2007-11-06;22.21;11;22.21
2007-11-07;18.85;11;18.85
2007-11-08;17.14;11;17.14
2007-11-09;36.0;11;36.0
2007-11-10;27.18;11;27.18
2007-11-11;21.48;11;21.48
2007-11-12;14.67;11;14.67
2007-11-13;14.89;11;14.89
2007-11-14;15.2;11;15.2
2007-11-15;10.85;11;10.85
2007-11-16;9.143;11;9.143
2007-11-17;10.48;11;10.48
2007-11-18;10.96;11;10.96
2007-11-19;8.442;11;8.442
2007-11-20;7.296;11;7.296
2007-11-21;6.288;11;6.288
2007-11-22;5.83;11;5.83
2007-11-23;7.183;11;7.183
2007-11-24;12.63;11;12.63
2007-11-25;9.379;11;9.379
2007-11-26;7.405;11;7.405
2007-11-27;6.219;11;6.219
2007-11-28;6.499;11;6.499
2007-11-29;10.08;11;10.08
2007-11-30;11.41;11;11.41
2007-12-01;7.514;12;7.514
2007-12-02;20.78;12;20.78
2007-12-03;23.73;12;23.73
2007-12-04;49.71;12;49.71
2007-12-05;15.22;12;15.22
2007-12-06;10.55;12;10.55
2007-12-07;11.37;12;11.37
2007-12-08;14.82;12;14.82
2007-12-09;11.16;12;11.16
2007-12-10;14.37;12;14.37
2007-12-11;11.92;12;11.92
2007-12-12;15.93;12;15.93
2007-12-13;16.39;12;16.39
2007-12-14;37.87;12;37.87
2007-12-15;33.07;12;33.07
2007-12-16;39.1;12;39.1
2007-12-17;38.49;12;38.49
2007-12-18;51.43;12;51.43
2007-12-19;73.44;12;73.44
2007-12-20;46.65;12;46.65
2007-12-21;22.2;12;22.2
2007-12-22;22.13;12;22.13
2007-12-23;16.88;12;16.88
2007-12-24;18.55;12;18.55
2007-12-25;14.14;12;14.14
2007-12-26;13.56;12;13.56
2007-12-27;14.37;12;14.37
2007-12-28;13.4;12;13.4
2007-12-29;11.66;12;11.66
2007-12-30;8.84;12;8.84
2007-12-31;7.583;12;7.583
2008-01-01;6.798;1;6.798
2008-01-02;6.173;1;6.173
2008-01-03;9.784;1;9.784
2008-01-04;10.34;1;10.34
2008-01-05;6.683;1;6.683
2008-01-06;5.979;1;5.979
2008-01-07;5.357;1;5.357
2008-01-08;4.983;1;4.983
2008-01-09;9.354;1;9.354
2008-01-10;10.18;1;10.18
2008-01-11;7.325;1;7.325
2008-01-12;6.403;1;6.403
2008-01-13;5.916;1;5.916
2008-01-14;5.4;1;5.4
2008-01-15;4.983;1;4.983
2008-01-16;4.718;1;4.718
2008-01-17;8.16;1;8.16
2008-01-18;10.5;1;10.5
2008-01-19;5.766;1;5.766
2008-01-20;4.689;1;4.689
2008-01-21;4.361;1;4.361
2008-01-22;3.99;1;3.99
2008-01-23;3.687;1;3.687
2008-01-24;3.557;1;3.557
2008-01-25;3.401;1;3.401
2008-01-26;12.07;1;12.07
2008-01-27;7.607;1;7.607
2008-01-28;8.365;1;8.365
2008-01-29;5.756;1;5.756
2008-01-30;4.579;1;4.579
2008-01-31;3.919;1;3.919
2008-02-01;3.482;2;3.482
2008-02-02;3.227;2;3.227
2008-02-03;3.025;2;3.025
2008-02-04;2.851;2;2.851
2008-02-05;2.666;2;2.666
2008-02-06;2.581;2;2.581
2008-02-07;2.569;2;2.569
2008-02-08;2.469;2;2.469
2008-02-09;2.372;2;2.372
2008-02-10;3.684;2;3.684
2008-02-11;4.38;2;4.38
2008-02-12;3.513;2;3.513
2008-02-13;3.066;2;3.066
2008-02-14;2.79;2;2.79
2008-02-15;2.678;2;2.678
2008-02-16;3.067;2;3.067
2008-02-17;6.046;2;6.046
2008-02-18;11.09;2;11.09
2008-02-19;23.9;2;23.9
2008-02-20;18.01;2;18.01
2008-02-21;23.02;2;23.02
2008-02-22;14.17;2;14.17
2008-02-23;9.226;2;9.226
2008-02-24;6.466;2;6.466
2008-02-25;5.207;2;5.207
2008-02-26;4.579;2;4.579
2008-02-27;4.226;2;4.226
2008-02-28;4.003;2;4.003
2008-02-29;4.104;2;4.104
2008-03-01;3.607;3;3.607
2008-03-02;3.403;3;3.403
2008-03-03;7.78;3;7.78
2008-03-04;6.285;3;6.285
2008-03-05;8.076;3;8.076
2008-03-06;6.019;3;6.019
2008-03-07;5.469;3;5.469
2008-03-08;4.828;3;4.828
2008-03-09;4.276;3;4.276
2008-03-10;6.217;3;6.217
2008-03-11;28.67;3;28.67
2008-03-12;16.96;3;16.96
2008-03-13;13.09;3;13.09
2008-03-14;42.51;3;42.51
2008-03-15;53.12;3;53.12
2008-03-16;16.63;3;16.63
2008-03-17;10.98;3;10.98
2008-03-18;8.976;3;8.976
2008-03-19;7.153;3;7.153
2008-03-20;6.07;3;6.07
2008-03-21;5.32;3;5.32
2008-03-22;5.548;3;5.548
2008-03-23;9.061;3;9.061
2008-03-24;5.732;3;5.732
2008-03-25;5.089;3;5.089
2008-03-26;4.696;3;4.696
2008-03-27;6.57;3;6.57
2008-03-28;5.247;3;5.247
2008-03-29;4.352;3;4.352
2008-03-30;5.024;3;5.024
2008-03-31;10.45;3;10.45
2008-04-01;22.84;4;22.84
2008-04-02;22.2;4;22.2
2008-04-03;9.494;4;9.494
2008-04-04;8.526;4;8.526
2008-04-05;6.706;4;6.706
2008-04-06;9.243;4;9.243
2008-04-07;6.54;4;6.54
2008-04-08;9.985;4;9.985
2008-04-09;7.508;4;7.508
2008-04-10;7.731;4;7.731
2008-04-11;6.116;4;6.116
2008-04-12;15.09;4;15.09
2008-04-13;20.59;4;20.59
2008-04-14;17.38;4;17.38
2008-04-15;14.77;4;14.77
2008-04-16;12.03;4;12.03
2008-04-17;8.277;4;8.277
2008-04-18;6.511;4;6.511
2008-04-19;6.653;4;6.653
2008-04-20;6.11;4;6.11
2008-04-21;15.11;4;15.11
2008-04-22;13.28;4;13.28
2008-04-23;9.523;4;9.523
2008-04-24;10.61;4;10.61
2008-04-25;16.92;4;16.92
2008-04-26;45.85;4;45.85
2008-04-27;51.76;4;51.76
2008-04-28;27.3;4;27.3
2008-04-29;14.31;4;14.31
2008-04-30;10.72;4;10.72
2008-05-01;9.252;5;9.252
2008-05-02;22.52;5;22.52
2008-05-03;31.86;5;31.86
2008-05-04;47.42;5;47.42
2008-05-05;71.96;5;71.96
2008-05-06;41.05;5;41.05
2008-05-07;18.3;5;18.3
2008-05-08;13.54;5;13.54
2008-05-09;13.09;5;13.09
2008-05-10;11.08;5;11.08
2008-05-11;8.377;5;8.377
2008-05-12;7.411;5;7.411
2008-05-13;6.638;5;6.638
2008-05-14;6.019;5;6.019
2008-05-15;6.116;5;6.116
2008-05-16;5.56;5;5.56
2008-05-17;7.315;5;7.315
2008-05-18;12.83;5;12.83
2008-05-19;8.275;5;8.275
2008-05-20;8.92;5;8.92
2008-05-21;53.48;5;53.48
2008-05-22;48.69;5;48.69
2008-05-23;52.52;5;52.52
2008-05-24;100.9;5;100.9
2008-05-25;119.4;5;119.4
2008-05-26;59.32;5;59.32
2008-05-27;72.86;5;72.86
2008-05-28;56.5;5;56.5
2008-05-29;38.13;5;38.13
2008-05-30;24.64;5;24.64
2008-05-31;44.72;5;44.72
2008-06-01;26.26;6;26.26
2008-06-02;38.84;6;38.84
2008-06-03;56.36;6;56.36
2008-06-04;35.97;6;35.97
2008-06-05;22.15;6;22.15
2008-06-06;20.65;6;20.65
2008-06-07;29.62;6;29.62
2008-06-08;24.14;6;24.14
2008-06-09;20.42;6;20.42
2008-06-10;17.12;6;17.12
2008-06-11;61.34;6;61.34
2008-06-12;39.35;6;39.35
2008-06-13;21.74;6;21.74
2008-06-14;17.13;6;17.13
2008-06-15;14.48;6;14.48
2008-06-16;15.62;6;15.62
2008-06-17;18.14;6;18.14
2008-06-18;19.3;6;19.3
2008-06-19;15.02;6;15.02
2008-06-20;58.42;6;58.42
2008-06-21;25.36;6;25.36
2008-06-22;31.61;6;31.61
2008-06-23;22.77;6;22.77
2008-06-24;17.76;6;17.76
2008-06-25;24.39;6;24.39
2008-06-26;34.99;6;34.99
2008-06-27;35.51;6;35.51
2008-06-28;19.34;6;19.34
2008-06-29;35.75;6;35.75
2008-06-30;31.2;6;31.2
2008-07-01;22.72;7;22.72
2008-07-02;24.33;7;24.33
2008-07-03;29.91;7;29.91
2008-07-04;23.91;7;23.91
2008-07-05;15.52;7;15.52
2008-07-06;16.74;7;16.74
2008-07-07;20.99;7;20.99
2008-07-08;13.53;7;13.53
2008-07-09;37.82;7;37.82
2008-07-10;29.09;7;29.09
2008-07-11;24.97;7;24.97
2008-07-12;19.07;7;19.07
2008-07-13;14.45;7;14.45
2008-07-14;19.93;7;19.93
2008-07-15;20.81;7;20.81
2008-07-16;17.09;7;17.09
2008-07-17;22.84;7;22.84
2008-07-18;30.72;7;30.72
2008-07-19;72.69;7;72.69
2008-07-20;24.76;7;24.76
2008-07-21;21.57;7;21.57
2008-07-22;26.44;7;26.44
2008-07-23;16.62;7;16.62
2008-07-24;17.92;7;17.92
2008-07-25;16.61;7;16.61
2008-07-26;25.78;7;25.78
2008-07-27;22.98;7;22.98
2008-07-28;15.21;7;15.21
2008-07-29;14.91;7;14.91
2008-07-30;14.91;7;14.91
2008-07-31;12.34;7;12.34
2008-08-01;10.77;8;10.77
2008-08-02;47.96;8;47.96
2008-08-03;17.93;8;17.93
2008-08-04;12.37;8;12.37
2008-08-05;10.08;8;10.08
2008-08-06;8.635;8;8.635
2008-08-07;9.212;8;9.212
2008-08-08;7.602;8;7.602
2008-08-09;6.792;8;6.792
2008-08-10;6.282;8;6.282
2008-08-11;17.2;8;17.2
2008-08-12;17.18;8;17.18
2008-08-13;11.18;8;11.18
2008-08-14;9.454;8;9.454
2008-08-15;11.42;8;11.42
2008-08-16;10.42;8;10.42
2008-08-17;8.293;8;8.293
2008-08-18;10.27;8;10.27
2008-08-19;13.51;8;13.51
2008-08-20;10.76;8;10.76
2008-08-21;9.879;8;9.879
2008-08-22;23.52;8;23.52
2008-08-23;65.87;8;65.87
2008-08-24;103.4;8;103.4
2008-08-25;54.9;8;54.9
2008-08-26;23.68;8;23.68
2008-08-27;16.95;8;16.95
2008-08-28;14.48;8;14.48
2008-08-29;15.95;8;15.95
2008-08-30;36.21;8;36.21
2008-08-31;21.79;8;21.79
2008-09-01;20.9;9;20.9
2008-09-02;15.44;9;15.44
2008-09-03;36.3;9;36.3
2008-09-04;41.25;9;41.25
2008-09-05;57.38;9;57.38
2008-09-06;23.71;9;23.71
2008-09-07;16.25;9;16.25
2008-09-08;13.49;9;13.49
2008-09-09;11.89;9;11.89
2008-09-10;12.17;9;12.17
2008-09-11;11.92;9;11.92
2008-09-12;10.88;9;10.88
2008-09-13;9.052;9;9.052
2008-09-14;7.64;9;7.64
2008-09-15;7.308;9;7.308
2008-09-16;8.709;9;8.709
2008-09-17;8.388;9;8.388
2008-09-18;6.987;9;6.987
2008-09-19;6.615;9;6.615
2008-09-20;9.773;9;9.773
2008-09-21;11.04;9;11.04
2008-09-22;28.04;9;28.04
2008-09-23;17.27;9;17.27
2008-09-24;14.39;9;14.39
2008-09-25;11.5;9;11.5
2008-09-26;9.045;9;9.045
2008-09-27;9.927;9;9.927
2008-09-28;14.61;9;14.61
2008-09-29;15.28;9;15.28
2008-09-30;13.1;9;13.1
2008-10-01;8.893;10;8.893
2008-10-02;11.08;10;11.08
2008-10-03;9.285;10;9.285
2008-10-04;7.319;10;7.319
2008-10-05;7.875;10;7.875
2008-10-06;29.84;10;29.84
2008-10-07;99.88;10;99.88
2008-10-08;38.97;10;38.97
2008-10-09;19.87;10;19.87
2008-10-10;19.96;10;19.96
2008-10-11;26.14;10;26.14
2008-10-12;20.95;10;20.95
2008-10-13;19.6;10;19.6
2008-10-14;49.84;10;49.84
2008-10-15;34.32;10;34.32
2008-10-16;39.62;10;39.62
2008-10-17;49.21;10;49.21
2008-10-18;26.36;10;26.36
2008-10-19;16.5;10;16.5
2008-10-20;13.36;10;13.36
2008-10-21;25.62;10;25.62
2008-10-22;15.94;10;15.94
2008-10-23;12.06;10;12.06
2008-10-24;9.803;10;9.803
2008-10-25;9.113;10;9.113
2008-10-26;11.51;10;11.51
2008-10-27;14.88;10;14.88
2008-10-28;19.45;10;19.45
2008-10-29;20.93;10;20.93
2008-10-30;11.14;10;11.14
2008-10-31;9.128;10;9.128
2008-11-01;11.72;11;11.72
2008-11-02;52.54;11;52.54
2008-11-03;141.3;11;141.3
2008-11-04;149.9;11;149.9
2008-11-05;61.54;11;61.54
2008-11-06;25.43;11;25.43
2008-11-07;18.21;11;18.21
2008-11-08;19.62;11;19.62
2008-11-09;17.08;11;17.08
2008-11-10;12.1;11;12.1
2008-11-11;10.18;11;10.18
2008-11-12;10.02;11;10.02
2008-11-13;10.29;11;10.29
2008-11-14;15.16;11;15.16
2008-11-15;37.4;11;37.4
2008-11-16;98.79;11;98.79
2008-11-17;53.47;11;53.47
2008-11-18;37.47;11;37.47
2008-11-19;21.67;11;21.67
2008-11-20;45.25;11;45.25
2008-11-21;50.79;11;50.79
2008-11-22;64.09;11;64.09
2008-11-23;53.15;11;53.15
2008-11-24;26.53;11;26.53
2008-11-25;34.0;11;34.0
2008-11-26;107.7;11;107.7
2008-11-27;44.1;11;44.1
2008-11-28;26.36;11;26.36
2008-11-29;39.4;11;39.4
2008-11-30;45.11;11;45.11
2008-12-01;27.5;12;27.5
2008-12-02;27.98;12;27.98
2008-12-03;20.67;12;20.67
2008-12-04;17.77;12;17.77
2008-12-05;16.98;12;16.98
2008-12-06;13.16;12;13.16
2008-12-07;12.65;12;12.65
2008-12-08;20.64;12;20.64
2008-12-09;13.35;12;13.35
2008-12-10;10.18;12;10.18
2008-12-11;12.2;12;12.2
2008-12-12;14.08;12;14.08
2008-12-13;18.3;12;18.3
2008-12-14;43.42;12;43.42
2008-12-15;32.91;12;32.91
2008-12-16;25.66;12;25.66
2008-12-17;13.7;12;13.7
2008-12-18;10.89;12;10.89
2008-12-19;9.333;12;9.333
2008-12-20;9.816;12;9.816
2008-12-21;18.68;12;18.68
2008-12-22;13.8;12;13.8
2008-12-23;17.39;12;17.39
2008-12-24;10.76;12;10.76
2008-12-25;8.764;12;8.764
2008-12-26;7.686;12;7.686
2008-12-27;7.136;12;7.136
2008-12-28;7.096;12;7.096
2008-12-29;7.348;12;7.348
2008-12-30;6.231;12;6.231
2008-12-31;6.093;12;6.093
2009-01-01;5.635;1;5.635
2009-01-02;5.274;1;5.274
2009-01-03;5.333;1;5.333
2009-01-04;5.0;1;5.0
2009-01-05;5.306;1;5.306
2009-01-06;5.62;1;5.62
2009-01-07;5.046;1;5.046
2009-01-08;5.367;1;5.367
2009-01-09;5.605;1;5.605
2009-01-10;4.664;1;4.664
2009-01-11;4.516;1;4.516
2009-01-12;4.142;1;4.142
2009-01-13;3.986;1;3.986
2009-01-14;4.024;1;4.024
2009-01-15;3.792;1;3.792
2009-01-16;4.394;1;4.394
2009-01-17;5.68;1;5.68
2009-01-18;11.62;1;11.62
2009-01-19;11.74;1;11.74
2009-01-20;47.28;1;47.28
2009-01-21;30.3;1;30.3
2009-01-22;20.87;1;20.87
2009-01-23;22.21;1;22.21
2009-01-24;24.1;1;24.1
2009-01-25;22.37;1;22.37
2009-01-26;11.27;1;11.27
2009-01-27;9.5;1;9.5
2009-01-28;7.482;1;7.482
2009-01-29;6.878;1;6.878
2009-01-30;6.38;1;6.38
2009-01-31;5.709;1;5.709
2009-02-01;6.603;2;6.603
2009-02-02;6.534;2;6.534
2009-02-03;5.405;2;5.405
2009-02-04;4.781;2;4.781
2009-02-05;4.39;2;4.39
2009-02-06;4.184;2;4.184
2009-02-07;4.113;2;4.113
2009-02-08;5.199;2;5.199
2009-02-09;4.276;2;4.276
2009-02-10;3.822;2;3.822
2009-02-11;3.536;2;3.536
2009-02-12;4.846;2;4.846
2009-02-13;10.44;2;10.44
2009-02-14;13.98;2;13.98
2009-02-15;25.17;2;25.17
2009-02-16;27.22;2;27.22
2009-02-17;31.19;2;31.19
2009-02-18;22.01;2;22.01
2009-02-19;12.18;2;12.18
2009-02-20;13.41;2;13.41
2009-02-21;14.34;2;14.34
2009-02-22;8.568;2;8.568
2009-02-23;8.582;2;8.582
2009-02-24;9.463;2;9.463
2009-02-25;7.609;2;7.609
2009-02-26;8.805;2;8.805
2009-02-27;9.54;2;9.54
2009-02-28;12.93;2;12.93
2009-03-01;7.407;3;7.407
2009-03-02;5.961;3;5.961
2009-03-03;5.48;3;5.48
2009-03-04;6.317;3;6.317
2009-03-05;7.119;3;7.119
2009-03-06;5.649;3;5.649
2009-03-07;6.188;3;6.188
2009-03-08;6.987;3;6.987
2009-03-09;9.915;3;9.915
2009-03-10;9.35;3;9.35
2009-03-11;6.088;3;6.088
2009-03-12;8.319;3;8.319
2009-03-13;5.235;3;5.235
2009-03-14;8.616;3;8.616
2009-03-15;5.942;3;5.942
2009-03-16;4.912;3;4.912
2009-03-17;5.46;3;5.46
2009-03-18;10.26;3;10.26
2009-03-19;8.319;3;8.319
2009-03-20;8.718;3;8.718
2009-03-21;9.051;3;9.051
2009-03-22;25.17;3;25.17
2009-03-23;34.72;3;34.72
2009-03-24;38.09;3;38.09
2009-03-25;80.21;3;80.21
2009-03-26;39.01;3;39.01
2009-03-27;47.82;3;47.82
2009-03-28;34.17;3;34.17
2009-03-29;22.39;3;22.39
2009-03-30;22.09;3;22.09
2009-03-31;32.34;3;32.34
2009-04-01;39.06;4;39.06
2009-04-02;116.4;4;116.4
2009-04-03;-999.000;4;12.519
2009-04-04;-999.000;4;29.6
2009-04-05;17.74;4;17.74
2009-04-06;12.95;4;12.95
2009-04-07;10.33;4;10.33
2009-04-08;10.52;4;10.52
2009-04-09;-999.000;4;10.4
2009-04-10;12.72;4;12.72
2009-04-11;-999.000;4;2.7
2009-04-12;-999.000;4;28.8
2009-04-13;-999.000;4;12.6
2009-04-14;-999.000;4;3.795
2009-04-15;-999.000;4;12.3
2009-04-16;22.57;4;22.57
2009-04-17;17.74;4;17.74
2009-04-18;12.54;4;12.54
2009-04-19;9.97;4;9.97
2009-04-20;10.57;4;10.57
2009-04-21;14.59;4;14.59
2009-04-22;14.38;4;14.38
2009-04-23;10.16;4;10.16
2009-04-24;8.916;4;8.916
2009-04-25;7.881;4;7.881
2009-04-26;7.09;4;7.09
2009-04-27;6.403;4;6.403
2009-04-28;5.898;4;5.898
2009-04-29;7.752;4;7.752
2009-04-30;6.534;4;6.534
2009-05-01;9.319;5;9.319
2009-05-02;9.255;5;9.255
2009-05-03;15.77;5;15.77
2009-05-04;63.96;5;63.96
2009-05-05;33.63;5;33.63
2009-05-06;22.08;5;22.08
2009-05-07;42.65;5;42.65
2009-05-08;30.98;5;30.98
2009-05-09;15.86;5;15.86
2009-05-10;12.4;5;12.4
2009-05-11;9.826;5;9.826
2009-05-12;8.603;5;8.603
2009-05-13;7.428;5;7.428
2009-05-14;6.981;5;6.981
2009-05-15;6.351;5;6.351
2009-05-16;6.546;5;6.546
2009-05-17;10.62;5;10.62
2009-05-18;8.723;5;8.723
2009-05-19;9.126;5;9.126
2009-05-20;6.592;5;6.592
2009-05-21;6.483;5;6.483
2009-05-22;5.853;5;5.853
2009-05-23;5.174;5;5.174
2009-05-24;4.933;5;4.933
2009-05-25;4.563;5;4.563
2009-05-26;4.188;5;4.188
2009-05-27;3.864;5;3.864
2009-05-28;3.658;5;3.658
2009-05-29;4.688;5;4.688
2009-05-30;5.615;5;5.615
2009-05-31;4.626;5;4.626
2009-06-01;3.839;6;3.839
2009-06-02;3.371;6;3.371
2009-06-03;3.133;6;3.133
2009-06-04;3.13;6;3.13
2009-06-05;3.853;6;3.853
2009-06-06;22.36;6;22.36
2009-06-07;14.58;6;14.58
2009-06-08;25.86;6;25.86
2009-06-09;12.66;6;12.66
2009-06-10;11.5;6;11.5
2009-06-11;28.96;6;28.96
2009-06-12;15.61;6;15.61
2009-06-13;20.2;6;20.2
2009-06-14;27.9;6;27.9
2009-06-15;17.46;6;17.46
2009-06-16;18.57;6;18.57
2009-06-17;10.87;6;10.87
2009-06-18;8.565;6;8.565
2009-06-19;7.48;6;7.48
2009-06-20;6.838;6;6.838
2009-06-21;6.804;6;6.804
2009-06-22;6.271;6;6.271
2009-06-23;16.64;6;16.64
2009-06-24;15.59;6;15.59
2009-06-25;8.338;6;8.338
2009-06-26;9.261;6;9.261
2009-06-27;37.99;6;37.99
2009-06-28;18.36;6;18.36
2009-06-29;13.47;6;13.47
2009-06-30;9.978;6;9.978
2009-07-01;30.96;7;30.96
2009-07-02;33.3;7;33.3
2009-07-03;25.82;7;25.82
2009-07-04;17.06;7;17.06
2009-07-05;18.16;7;18.16
2009-07-06;14.09;7;14.09
2009-07-07;13.9;7;13.9
2009-07-08;48.37;7;48.37
2009-07-09;27.13;7;27.13
2009-07-10;18.97;7;18.97
2009-07-11;27.91;7;27.91
2009-07-12;17.95;7;17.95
2009-07-13;10.78;7;10.78
2009-07-14;16.43;7;16.43
2009-07-15;37.99;7;37.99
2009-07-16;14.93;7;14.93
2009-07-17;12.21;7;12.21
2009-07-18;13.8;7;13.8
2009-07-19;12.38;7;12.38
2009-07-20;11.17;7;11.17
2009-07-21;8.382;7;8.382
2009-07-22;9.103;7;9.103
2009-07-23;10.38;7;10.38
2009-07-24;7.573;7;7.573
2009-07-25;6.609;7;6.609
2009-07-26;6.437;7;6.437
2009-07-27;6.752;7;6.752
2009-07-28;6.523;7;6.523
2009-07-29;5.395;7;5.395
2009-07-30;10.03;7;10.03
2009-07-31;10.46;7;10.46
2009-08-01;7.039;8;7.039
2009-08-02;7.947;8;7.947
2009-08-03;5.755;8;5.755
2009-08-04;6.362;8;6.362
2009-08-05;7.493;8;7.493
2009-08-06;9.743;8;9.743
2009-08-07;10.44;8;10.44
2009-08-08;12.23;8;12.23
2009-08-09;10.71;8;10.71
2009-08-10;9.61;8;9.61
2009-08-11;11.76;8;11.76
2009-08-12;14.57;8;14.57
2009-08-13;8.253;8;8.253
2009-08-14;13.09;8;13.09
2009-08-15;10.75;8;10.75
2009-08-16;7.102;8;7.102
2009-08-17;7.618;8;7.618
2009-08-18;8.566;8;8.566
2009-08-19;13.54;8;13.54
2009-08-20;8.19;8;8.19
2009-08-21;7.669;8;7.669
2009-08-22;11.1;8;11.1
2009-08-23;6.643;8;6.643
2009-08-24;7.746;8;7.746
2009-08-25;5.658;8;5.658
2009-08-26;10.21;8;10.21
2009-08-27;11.44;8;11.44
2009-08-28;6.248;8;6.248
2009-08-29;6.162;8;6.162
2009-08-30;6.351;8;6.351
2009-08-31;6.918;8;6.918
2009-09-01;6.031;9;6.031
2009-09-02;4.642;9;4.642
2009-09-03;4.142;9;4.142
2009-09-04;3.792;9;3.792
2009-09-05;10.11;9;10.11
2009-09-06;7.06;9;7.06
2009-09-07;5.075;9;5.075
2009-09-08;6.895;9;6.895
2009-09-09;5.017;9;5.017
2009-09-10;4.373;9;4.373
2009-09-11;3.994;9;3.994
2009-09-12;4.124;9;4.124
2009-09-13;4.718;9;4.718
2009-09-14;5.596;9;5.596
2009-09-15;7.48;9;7.48
2009-09-16;12.42;9;12.42
2009-09-17;15.01;9;15.01
2009-09-18;17.43;9;17.43
2009-09-19;7.754;9;7.754
2009-09-20;5.529;9;5.529
2009-09-21;5.156;9;5.156
2009-09-22;4.609;9;4.609
2009-09-23;4.011;9;4.011
2009-09-24;3.338;9;3.338
2009-09-25;2.901;9;2.901
2009-09-26;2.875;9;2.875
2009-09-27;3.224;9;3.224
2009-09-28;2.857;9;2.857
2009-09-29;2.983;9;2.983
2009-09-30;3.215;9;3.215
2009-10-01;2.84;10;2.84
2009-10-02;2.593;10;2.593
2009-10-03;2.549;10;2.549
2009-10-04;2.779;10;2.779
2009-10-05;3.94;10;3.94
2009-10-06;3.221;10;3.221
2009-10-07;2.707;10;2.707
2009-10-08;2.43;10;2.43
2009-10-09;2.414;10;2.414
2009-10-10;2.408;10;2.408
2009-10-11;2.04;10;2.04
2009-10-12;2.654;10;2.654
2009-10-13;5.12;10;5.12
2009-10-14;8.728;10;8.728
2009-10-15;65.74;10;65.74
2009-10-16;28.73;10;28.73
2009-10-17;16.7;10;16.7
2009-10-18;11.27;10;11.27
2009-10-19;13.94;10;13.94
2009-10-20;23.79;10;23.79
2009-10-21;23.86;10;23.86
2009-10-22;47.13;10;47.13
2009-10-23;13.71;10;13.71
2009-10-24;9.784;10;9.784
2009-10-25;25.19;10;25.19
2009-10-26;16.67;10;16.67
2009-10-27;9.39;10;9.39
2009-10-28;7.098;10;7.098
2009-10-29;5.756;10;5.756
2009-10-30;5.097;10;5.097
2009-10-31;5.194;10;5.194
2009-11-01;8.296;11;8.296
2009-11-02;7.932;11;7.932
2009-11-03;10.63;11;10.63
2009-11-04;10.91;11;10.91
2009-11-05;17.02;11;17.02
2009-11-06;19.44;11;19.44
2009-11-07;-999.000;11;29.9
2009-11-08;27.44;11;27.44
2009-11-09;14.34;11;14.34
2009-11-10;10.2;11;10.2
2009-11-11;9.212;11;9.212
2009-11-12;8.46;11;8.46
2009-11-13;7.119;11;7.119
2009-11-14;6.193;11;6.193
2009-11-15;5.461;11;5.461
2009-11-16;5.283;11;5.283
2009-11-17;6.173;11;6.173
2009-11-18;65.48;11;65.48
2009-11-19;25.6;11;25.6
2009-11-20;13.74;11;13.74
2009-11-21;10.17;11;10.17
2009-11-22;9.238;11;9.238
2009-11-23;8.374;11;8.374
2009-11-24;7.018;11;7.018
2009-11-25;6.294;11;6.294
2009-11-26;5.484;11;5.484
2009-11-27;5.384;11;5.384
2009-11-28;6.299;11;6.299
2009-11-29;5.67;11;5.67
2009-11-30;4.996;11;4.996
2009-12-01;4.624;12;4.624
2009-12-02;4.289;12;4.289
2009-12-03;3.986;12;3.986
2009-12-04;3.582;12;3.582
2009-12-05;3.309;12;3.309
2009-12-06;3.168;12;3.168
2009-12-07;3.563;12;3.563
2009-12-08;4.569;12;4.569
2009-12-09;3.954;12;3.954
2009-12-10;3.396;12;3.396
2009-12-11;4.377;12;4.377
2009-12-12;5.402;12;5.402
2009-12-13;3.742;12;3.742
2009-12-14;3.069;12;3.069
2009-12-15;2.778;12;2.778
2009-12-16;2.634;12;2.634
2009-12-17;3.542;12;3.542
2009-12-18;2.869;12;2.869
2009-12-19;8.621;12;8.621
2009-12-20;13.17;12;13.17
2009-12-21;9.02;12;9.02
2009-12-22;5.677;12;5.677
2009-12-23;4.447;12;4.447
2009-12-24;7.185;12;7.185
2009-12-25;10.94;12;10.94
2009-12-26;8.694;12;8.694
2009-12-27;6.231;12;6.231
2009-12-28;7.375;12;7.375
2009-12-29;4.798;12;4.798
2009-12-30;3.868;12;3.868
2009-12-31;3.218;12;3.218
2010-01-01;2.816;1;2.816
2010-01-02;2.555;1;2.555
2010-01-03;2.352;1;2.352
2010-01-04;2.187;1;2.187
2010-01-05;2.004;1;2.004
2010-01-06;1.908;1;1.908
2010-01-07;1.893;1;1.893
2010-01-08;1.868;1;1.868
2010-01-09;1.792;1;1.792
2010-01-10;1.766;1;1.766
2010-01-11;1.74;1;1.74
2010-01-12;1.677;1;1.677
2010-01-13;1.641;1;1.641
2010-01-14;1.577;1;1.577
2010-01-15;1.541;1;1.541
2010-01-16;1.496;1;1.496
2010-01-17;1.511;1;1.511
2010-01-18;1.462;1;1.462
2010-01-19;1.453;1;1.453
2010-01-20;1.418;1;1.418
2010-01-21;1.402;1;1.402
2010-01-22;1.343;1;1.343
2010-01-23;1.368;1;1.368
2010-01-24;2.413;1;2.413
2010-01-25;3.275;1;3.275
2010-01-26;2.299;1;2.299
2010-01-27;3.478;1;3.478
2010-01-28;6.084;1;6.084
2010-01-29;3.76;1;3.76
2010-01-30;2.513;1;2.513
2010-01-31;1.959;1;1.959
2010-02-01;1.692;2;1.692
2010-02-02;1.524;2;1.524
2010-02-03;1.444;2;1.444
2010-02-04;1.379;2;1.379
2010-02-05;1.334;2;1.334
2010-02-06;1.304;2;1.304
2010-02-07;1.278;2;1.278
2010-02-08;1.25;2;1.25
2010-02-09;1.25;2;1.25
2010-02-10;1.273;2;1.273
2010-02-11;1.873;2;1.873
2010-02-12;1.36;2;1.36
2010-02-13;1.247;2;1.247
2010-02-14;1.17;2;1.17
2010-02-15;1.166;2;1.166
2010-02-16;1.136;2;1.136
2010-02-17;1.124;2;1.124
2010-02-18;1.124;2;1.124
2010-02-19;1.089;2;1.089
2010-02-20;1.113;2;1.113
2010-02-21;1.635;2;1.635
2010-02-22;2.547;2;2.547
2010-02-23;1.767;2;1.767
2010-02-24;1.505;2;1.505
2010-02-25;2.084;2;2.084
2010-02-26;2.241;2;2.241
2010-02-27;4.834;2;4.834
2010-02-28;3.282;2;3.282
2010-03-01;2.276;3;2.276
2010-03-02;1.823;3;1.823
2010-03-03;1.666;3;1.666
2010-03-04;1.757;3;1.757
2010-03-05;1.904;3;1.904
2010-03-06;1.755;3;1.755
2010-03-07;1.626;3;1.626
2010-03-08;1.566;3;1.566
2010-03-09;2.237;3;2.237
2010-03-10;1.931;3;1.931
2010-03-11;1.73;3;1.73
2010-03-12;2.218;3;2.218
2010-03-13;2.099;3;2.099
2010-03-14;1.796;3;1.796
2010-03-15;1.619;3;1.619
2010-03-16;1.474;3;1.474
2010-03-17;1.418;3;1.418
2010-03-18;1.483;3;1.483
2010-03-19;1.63;3;1.63
2010-03-20;1.664;3;1.664
2010-03-21;4.138;3;4.138
2010-03-22;3.225;3;3.225
2010-03-23;2.446;3;2.446
2010-03-24;1.992;3;1.992
2010-03-25;1.679;3;1.679
2010-03-26;1.49;3;1.49
2010-03-27;1.418;3;1.418
2010-03-28;1.735;3;1.735
2010-03-29;3.474;3;3.474
2010-03-30;1.743;3;1.743
2010-03-31;2.669;3;2.669
2010-04-01;3.844;4;3.844
2010-04-02;3.704;4;3.704
2010-04-03;10.86;4;10.86
2010-04-04;4.919;4;4.919
2010-04-05;3.797;4;3.797
2010-04-06;18.23;4;18.23
2010-04-07;35.35;4;35.35
2010-04-08;23.23;4;23.23
2010-04-09;24.19;4;24.19
2010-04-10;22.07;4;22.07
2010-04-11;88.6;4;88.6
2010-04-12;90.53;4;90.53
2010-04-13;73.46;4;73.46
2010-04-14;68.53;4;68.53
2010-04-15;55.89;4;55.89
2010-04-16;61.32;4;61.32
2010-04-17;34.95;4;34.95
2010-04-18;28.36;4;28.36
2010-04-19;28.84;4;28.84
2010-04-20;30.83;4;30.83
2010-04-21;16.57;4;16.57
2010-04-22;12.72;4;12.72
2010-04-23;9.069;4;9.069
2010-04-24;7.566;4;7.566
2010-04-25;8.523;4;8.523
2010-04-26;15.28;4;15.28
2010-04-27;22.15;4;22.15
2010-04-28;27.39;4;27.39
2010-04-29;20.94;4;20.94
2010-04-30;26.23;4;26.23
2010-05-01;28.05;5;28.05
2010-05-02;14.84;5;14.84
2010-05-03;25.88;5;25.88
2010-05-04;41.33;5;41.33
2010-05-05;47.39;5;47.39
2010-05-06;80.67;5;80.67
2010-05-07;38.21;5;38.21
2010-05-08;20.41;5;20.41
2010-05-09;20.11;5;20.11
2010-05-10;20.88;5;20.88
2010-05-11;25.6;5;25.6
2010-05-12;28.02;5;28.02
2010-05-13;25.66;5;25.66
2010-05-14;18.84;5;18.84
2010-05-15;15.48;5;15.48
2010-05-16;13.86;5;13.86
2010-05-17;27.15;5;27.15
2010-05-18;40.31;5;40.31
2010-05-19;17.48;5;17.48
2010-05-20;16.33;5;16.33
2010-05-21;56.76;5;56.76
2010-05-22;39.04;5;39.04
2010-05-23;46.56;5;46.56
2010-05-24;54.57;5;54.57
2010-05-25;59.85;5;59.85
2010-05-26;71.04;5;71.04
2010-05-27;96.88;5;96.88
2010-05-28;84.62;5;84.62
2010-05-29;58.12;5;58.12
2010-05-30;29.35;5;29.35
2010-05-31;38.16;5;38.16
2010-06-01;43.57;6;43.57
2010-06-02;34.83;6;34.83
2010-06-03;52.79;6;52.79
2010-06-04;34.17;6;34.17
2010-06-05;28.97;6;28.97
2010-06-06;33.08;6;33.08
2010-06-07;25.99;6;25.99
2010-06-08;17.03;6;17.03
2010-06-09;18.58;6;18.58
2010-06-10;15.69;6;15.69
2010-06-11;16.86;6;16.86
2010-06-12;29.17;6;29.17
2010-06-13;25.73;6;25.73
2010-06-14;17.26;6;17.26
2010-06-15;19.7;6;19.7
2010-06-16;14.96;6;14.96
2010-06-17;20.05;6;20.05
2010-06-18;14.44;6;14.44
2010-06-19;29.34;6;29.34
2010-06-20;66.02;6;66.02
2010-06-21;117.9;6;117.9
2010-06-22;59.26;6;59.26
2010-06-23;37.95;6;37.95
2010-06-24;21.78;6;21.78
2010-06-25;35.8;6;35.8
2010-06-26;25.2;6;25.2
2010-06-27;19.23;6;19.23
2010-06-28;20.35;6;20.35
2010-06-29;39.77;6;39.77
2010-06-30;32.44;6;32.44
2010-07-01;20.79;7;20.79
2010-07-02;24.34;7;24.34
2010-07-03;19.74;7;19.74
2010-07-04;20.73;7;20.73
2010-07-05;29.5;7;29.5
2010-07-06;43.0;7;43.0
2010-07-07;84.74;7;84.74
2010-07-08;77.21;7;77.21
2010-07-09;67.42;7;67.42
2010-07-10;33.85;7;33.85
2010-07-11;38.24;7;38.24
2010-07-12;35.26;7;35.26
2010-07-13;30.45;7;30.45
2010-07-14;29.47;7;29.47
2010-07-15;31.31;7;31.31
2010-07-16;84.96;7;84.96
2010-07-17;123.9;7;123.9
2010-07-18;75.23;7;75.23
2010-07-19;45.39;7;45.39
2010-07-20;24.18;7;24.18
2010-07-21;18.07;7;18.07
2010-07-22;13.98;7;13.98
2010-07-23;11.56;7;11.56
2010-07-24;11.29;7;11.29
2010-07-25;9.568;7;9.568
2010-07-26;30.65;7;30.65
2010-07-27;26.82;7;26.82
2010-07-28;28.09;7;28.09
2010-07-29;17.31;7;17.31
2010-07-30;17.15;7;17.15
2010-07-31;22.07;7;22.07
2010-08-01;25.01;8;25.01
2010-08-02;16.97;8;16.97
2010-08-03;17.62;8;17.62
2010-08-04;22.01;8;22.01
2010-08-05;13.51;8;13.51
2010-08-06;11.74;8;11.74
2010-08-07;15.08;8;15.08
2010-08-08;17.43;8;17.43
2010-08-09;14.92;8;14.92
2010-08-10;11.08;8;11.08
2010-08-11;9.371;8;9.371
2010-08-12;9.257;8;9.257
2010-08-13;9.348;8;9.348
2010-08-14;9.285;8;9.285
2010-08-15;20.42;8;20.42
2010-08-16;20.91;8;20.91
2010-08-17;12.43;8;12.43
2010-08-18;9.576;8;9.576
2010-08-19;15.53;8;15.53
2010-08-20;27.02;8;27.02
2010-08-21;17.69;8;17.69
2010-08-22;11.87;8;11.87
2010-08-23;9.849;8;9.849
2010-08-24;8.263;8;8.263
2010-08-25;8.772;8;8.772
2010-08-26;14.39;8;14.39
2010-08-27;11.63;8;11.63
2010-08-28;11.75;8;11.75
2010-08-29;11.57;8;11.57
2010-08-30;11.42;8;11.42
2010-08-31;8.681;8;8.681
2010-09-01;12.72;9;12.72
2010-09-02;40.49;9;40.49
2010-09-03;29.17;9;29.17
2010-09-04;39.43;9;39.43
2010-09-05;17.91;9;17.91
2010-09-06;12.96;9;12.96
2010-09-07;13.39;9;13.39
2010-09-08;36.83;9;36.83
2010-09-09;33.11;9;33.11
2010-09-10;21.78;9;21.78
2010-09-11;16.08;9;16.08
2010-09-12;13.18;9;13.18
2010-09-13;10.21;9;10.21
2010-09-14;8.643;9;8.643
2010-09-15;7.657;9;7.657
2010-09-16;7.107;9;7.107
2010-09-17;7.228;9;7.228
2010-09-18;7.325;9;7.325
2010-09-19;6.128;9;6.128
2010-09-20;16.49;9;16.49
2010-09-21;31.76;9;31.76
2010-09-22;22.61;9;22.61
2010-09-23;22.55;9;22.55
2010-09-24;14.6;9;14.6
2010-09-25;11.17;9;11.17
2010-09-26;42.32;9;42.32
2010-09-27;27.67;9;27.67
2010-09-28;28.8;9;28.8
2010-09-29;27.55;9;27.55
2010-09-30;20.49;9;20.49
2010-10-01;20.06;10;20.06
2010-10-02;20.94;10;20.94
2010-10-03;17.29;10;17.29
2010-10-04;18.72;10;18.72
2010-10-05;28.65;10;28.65
2010-10-06;33.03;10;33.03
2010-10-07;27.25;10;27.25
2010-10-08;14.91;10;14.91
2010-10-09;11.79;10;11.79
2010-10-10;9.743;10;9.743
2010-10-11;8.408;10;8.408
2010-10-12;7.842;10;7.842
2010-10-13;6.907;10;6.907
2010-10-14;6.46;10;6.46
2010-10-15;5.933;10;5.933
2010-10-16;5.847;10;5.847
2010-10-17;5.887;10;5.887
2010-10-18;6.265;10;6.265
2010-10-19;20.56;10;20.56
2010-10-20;28.9;10;28.9
2010-10-21;25.09;10;25.09
2010-10-22;21.38;10;21.38
2010-10-23;14.77;10;14.77
2010-10-24;11.81;10;11.81
2010-10-25;13.36;10;13.36
2010-10-26;16.0;10;16.0
2010-10-27;18.7;10;18.7
2010-10-28;31.04;10;31.04
2010-10-29;21.24;10;21.24
2010-10-30;27.14;10;27.14
2010-10-31;22.11;10;22.11
2010-11-01;18.71;11;18.71
2010-11-02;15.97;11;15.97
2010-11-03;22.12;11;22.12
2010-11-04;21.93;11;21.93
2010-11-05;12.94;11;12.94
2010-11-06;19.43;11;19.43
2010-11-07;60.62;11;60.62
2010-11-08;61.25;11;61.25
2010-11-09;39.86;11;39.86
2010-11-10;128.0;11;128.0
2010-11-11;50.12;11;50.12
2010-11-12;30.67;11;30.67
2010-11-13;36.16;11;36.16
2010-11-14;51.83;11;51.83
2010-11-15;50.11;11;50.11
2010-11-16;55.31;11;55.31
2010-11-17;173.8;11;173.8
2010-11-18;45.58;11;45.58
2010-11-19;40.24;11;40.24
2010-11-20;41.85;11;41.85
2010-11-21;40.88;11;40.88
2010-11-22;27.04;11;27.04
2010-11-23;31.77;11;31.77
2010-11-24;52.95;11;52.95
2010-11-25;48.12;11;48.12
2010-11-26;30.37;11;30.37
2010-11-27;30.6;11;30.6
2010-11-28;50.46;11;50.46
2010-11-29;45.82;11;45.82
2010-11-30;38.21;11;38.21
2010-12-01;30.87;12;30.87
2010-12-02;47.83;12;47.83
2010-12-03;60.9;12;60.9
2010-12-04;89.4;12;89.4
2010-12-05;65.85;12;65.85
2010-12-06;31.09;12;31.09
2010-12-07;26.88;12;26.88
2010-12-08;20.18;12;20.18
2010-12-09;19.48;12;19.48
2010-12-10;15.24;12;15.24
2010-12-11;13.45;12;13.45
2010-12-12;13.2;12;13.2
2010-12-13;17.41;12;17.41
2010-12-14;20.26;12;20.26
2010-12-15;14.97;12;14.97
2010-12-16;22.12;12;22.12
2010-12-17;16.53;12;16.53
2010-12-18;13.2;12;13.2
2010-12-19;13.76;12;13.76
2010-12-20;21.33;12;21.33
2010-12-21;21.19;12;21.19
2010-12-22;12.32;12;12.32
2010-12-23;11.06;12;11.06
2010-12-24;14.85;12;14.85
2010-12-25;13.62;12;13.62
2010-12-26;36.18;12;36.18
2010-12-27;24.22;12;24.22
2010-12-28;15.23;12;15.23
2010-12-29;12.29;12;12.29
2010-12-30;9.978;12;9.978
2010-12-31;8.485;12;8.485
2011-01-01;9.265;1;9.265
2011-01-02;8.348;1;8.348
2011-01-03;7.796;1;7.796
2011-01-04;10.8;1;10.8
2011-01-05;21.21;1;21.21
2011-01-06;13.41;1;13.41
2011-01-07;11.12;1;11.12
2011-01-08;22.24;1;22.24
2011-01-09;14.35;1;14.35
2011-01-10;14.51;1;14.51
2011-01-11;11.91;1;11.91
2011-01-12;9.674;1;9.674
2011-01-13;8.269;1;8.269
2011-01-14;7.388;1;7.388
2011-01-15;6.603;1;6.603
2011-01-16;6.152;1;6.152
2011-01-17;6.068;1;6.068
2011-01-18;5.516;1;5.516
2011-01-19;5.096;1;5.096
2011-01-20;4.855;1;4.855
2011-01-21;4.918;1;4.918
2011-01-22;4.829;1;4.829
2011-01-23;4.577;1;4.577
2011-01-24;4.314;1;4.314
2011-01-25;4.101;1;4.101
2011-01-26;4.102;1;4.102
2011-01-27;5.464;1;5.464
2011-01-28;5.936;1;5.936
2011-01-29;5.569;1;5.569
2011-01-30;5.811;1;5.811
2011-01-31;9.3;1;9.3
2011-02-01;5.616;2;5.616
2011-02-02;4.697;2;4.697
2011-02-03;4.146;2;4.146
2011-02-04;3.891;2;3.891
2011-02-05;4.433;2;4.433
2011-02-06;7.697;2;7.697
2011-02-07;8.038;2;8.038
2011-02-08;14.86;2;14.86
2011-02-09;15.69;2;15.69
2011-02-10;20.03;2;20.03
2011-02-11;13.95;2;13.95
2011-02-12;54.6;2;54.6
2011-02-13;28.96;2;28.96
2011-02-14;27.39;2;27.39
2011-02-15;22.16;2;22.16
2011-02-16;19.2;2;19.2
2011-02-17;22.79;2;22.79
2011-02-18;18.48;2;18.48
2011-02-19;20.16;2;20.16
2011-02-20;16.59;2;16.59
2011-02-21;11.35;2;11.35
2011-02-22;8.943;2;8.943
2011-02-23;13.0;2;13.0
2011-02-24;62.59;2;62.59
2011-02-25;57.97;2;57.97
2011-02-26;45.93;2;45.93
2011-02-27;25.05;2;25.05
2011-02-28;21.77;2;21.77
2011-03-01;35.61;3;35.61
2011-03-02;61.61;3;61.61
2011-03-03;58.78;3;58.78
2011-03-04;85.73;3;85.73
2011-03-05;46.5;3;46.5
2011-03-06;62.19;3;62.19
2011-03-07;66.37;3;66.37
2011-03-08;60.58;3;60.58
2011-03-09;82.31;3;82.31
2011-03-10;157.5;3;157.5
2011-03-11;53.4;3;53.4
2011-03-12;36.33;3;36.33
2011-03-13;24.76;3;24.76
2011-03-14;21.51;3;21.51
2011-03-15;17.25;3;17.25
2011-03-16;14.76;3;14.76
2011-03-17;12.61;3;12.61
2011-03-18;11.55;3;11.55
2011-03-19;16.07;3;16.07
2011-03-20;19.1;3;19.1
2011-03-21;43.57;3;43.57
2011-03-22;57.2;3;57.2
2011-03-23;73.17;3;73.17
2011-03-24;41.57;3;41.57
2011-03-25;31.77;3;31.77
2011-03-26;28.61;3;28.61
2011-03-27;20.08;3;20.08
2011-03-28;15.59;3;15.59
2011-03-29;13.1;3;13.1
2011-03-30;11.11;3;11.11
2011-03-31;9.872;3;9.872
2011-04-01;9.545;4;9.545
2011-04-02;10.07;4;10.07
2011-04-03;8.793;4;8.793
2011-04-04;8.843;4;8.843
2011-04-05;10.31;4;10.31
2011-04-06;12.28;4;12.28
2011-04-07;15.1;4;15.1
2011-04-08;20.78;4;20.78
2011-04-09;38.53;4;38.53
2011-04-10;53.55;4;53.55
2011-04-11;47.38;4;47.38
2011-04-12;107.4;4;107.4
2011-04-13;97.65;4;97.65
2011-04-14;81.77;4;81.77
2011-04-15;87.75;4;87.75
2011-04-16;55.58;4;55.58
2011-04-17;154.9;4;154.9
2011-04-18;93.8;4;93.8
2011-04-19;110.2;4;110.2
2011-04-20;128.1;4;128.1
2011-04-21;64.52;4;64.52
2011-04-22;107.6;4;107.6
2011-04-23;153.2;4;153.2
2011-04-24;65.21;4;65.21
2011-04-25;49.67;4;49.67
2011-04-26;47.07;4;47.07
2011-04-27;33.98;4;33.98
2011-04-28;38.56;4;38.56
2011-04-29;53.04;4;53.04
2011-04-30;50.63;4;50.63
2011-05-01;115.1;5;115.1
2011-05-02;80.34;5;80.34
2011-05-03;63.44;5;63.44
2011-05-04;65.93;5;65.93
2011-05-05;43.57;5;43.57
2011-05-06;32.88;5;32.88
2011-05-07;26.45;5;26.45
2011-05-08;27.77;5;27.77
2011-05-09;25.89;5;25.89
2011-05-10;19.42;5;19.42
2011-05-11;24.31;5;24.31
2011-05-12;27.71;5;27.71
2011-05-13;84.27;5;84.27
2011-05-14;75.35;5;75.35
2011-05-15;80.1;5;80.1
2011-05-16;84.84;5;84.84
2011-05-17;57.49;5;57.49
2011-05-18;32.26;5;32.26
2011-05-19;50.34;5;50.34
2011-05-20;46.47;5;46.47
2011-05-21;32.87;5;32.87
2011-05-22;27.29;5;27.29
2011-05-23;21.89;5;21.89
2011-05-24;16.95;5;16.95
2011-05-25;33.88;5;33.88
2011-05-26;45.97;5;45.97
2011-05-27;38.57;5;38.57
2011-05-28;45.59;5;45.59
2011-05-29;35.79;5;35.79
2011-05-30;38.92;5;38.92
2011-05-31;31.32;5;31.32
2011-06-01;27.36;6;27.36
2011-06-02;35.59;6;35.59
2011-06-03;53.98;6;53.98
2011-06-04;84.37;6;84.37
2011-06-05;63.79;6;63.79
2011-06-06;32.01;6;32.01
2011-06-07;27.63;6;27.63
2011-06-08;19.25;6;19.25
2011-06-09;16.78;6;16.78
2011-06-10;14.02;6;14.02
2011-06-11;12.75;6;12.75
2011-06-12;11.78;6;11.78
2011-06-13;12.48;6;12.48
2011-06-14;66.55;6;66.55
2011-06-15;29.51;6;29.51
2011-06-16;15.88;6;15.88
2011-06-17;12.66;6;12.66
2011-06-18;11.23;6;11.23
2011-06-19;10.3;6;10.3
2011-06-20;9.906;6;9.906
2011-06-21;8.793;6;8.793
2011-06-22;8.054;6;8.054
2011-06-23;7.696;6;7.696
2011-06-24;9.029;6;9.029
2011-06-25;15.75;6;15.75
2011-06-26;16.31;6;16.31
2011-06-27;46.19;6;46.19
2011-06-28;19.96;6;19.96
2011-06-29;12.85;6;12.85
2011-06-30;12.33;6;12.33
2011-07-01;15.11;7;15.11
2011-07-02;10.5;7;10.5
2011-07-03;9.344;7;9.344
2011-07-04;17.61;7;17.61
2011-07-05;15.14;7;15.14
2011-07-06;9.843;7;9.843
2011-07-07;15.14;7;15.14
2011-07-08;12.98;7;12.98
2011-07-09;10.44;7;10.44
2011-07-10;9.158;7;9.158
2011-07-11;16.45;7;16.45
2011-07-12;13.73;7;13.73
2011-07-13;26.34;7;26.34
2011-07-14;20.24;7;20.24
2011-07-15;29.78;7;29.78
2011-07-16;36.18;7;36.18
2011-07-17;16.6;7;16.6
2011-07-18;15.88;7;15.88
2011-07-19;16.37;7;16.37
2011-07-20;12.34;7;12.34
2011-07-21;12.55;7;12.55
2011-07-22;11.07;7;11.07
2011-07-23;32.24;7;32.24
2011-07-24;25.19;7;25.19
2011-07-25;33.03;7;33.03
2011-07-26;20.28;7;20.28
2011-07-27;13.93;7;13.93
2011-07-28;14.62;7;14.62
2011-07-29;19.56;7;19.56
2011-07-30;44.02;7;44.02
2011-07-31;52.81;7;52.81
2011-08-01;24.27;8;24.27
2011-08-02;19.51;8;19.51
2011-08-03;24.61;8;24.61
2011-08-04;13.91;8;13.91
2011-08-05;11.35;8;11.35
2011-08-06;9.339;8;9.339
2011-08-07;8.14;8;8.14
2011-08-08;7.753;8;7.753
2011-08-09;7.381;8;7.381
2011-08-10;11.49;8;11.49
2011-08-11;11.27;8;11.27
2011-08-12;11.42;8;11.42
2011-08-13;12.58;8;12.58
2011-08-14;11.7;8;11.7
2011-08-15;11.89;8;11.89
2011-08-16;14.25;8;14.25
2011-08-17;13.51;8;13.51
2011-08-18;9.958;8;9.958
2011-08-19;9.015;8;9.015
2011-08-20;14.1;8;14.1
2011-08-21;14.81;8;14.81
2011-08-22;15.94;8;15.94
2011-08-23;23.09;8;23.09
2011-08-24;33.88;8;33.88
2011-08-25;17.16;8;17.16
2011-08-26;11.99;8;11.99
2011-08-27;16.77;8;16.77
2011-08-28;11.95;8;11.95
2011-08-29;13.29;8;13.29
2011-08-30;10.93;8;10.93
2011-08-31;8.821;8;8.821
2011-09-01;10.04;9;10.04
2011-09-02;8.793;9;8.793
2011-09-03;7.811;9;7.811
2011-09-04;7.775;9;7.775
2011-09-05;7.567;9;7.567
2011-09-06;7.384;9;7.384
2011-09-07;11.66;9;11.66
2011-09-08;9.998;9;9.998
2011-09-09;25.42;9;25.42
2011-09-10;28.81;9;28.81
2011-09-11;23.41;9;23.41
2011-09-12;23.15;9;23.15
2011-09-13;16.33;9;16.33
2011-09-14;11.7;9;11.7
2011-09-15;9.547;9;9.547
2011-09-16;9.545;9;9.545
2011-09-17;15.0;9;15.0
2011-09-18;18.47;9;18.47
2011-09-19;34.88;9;34.88
2011-09-20;19.34;9;19.34
2011-09-21;12.28;9;12.28
2011-09-22;12.35;9;12.35
2011-09-23;11.93;9;11.93
2011-09-24;11.32;9;11.32
2011-09-25;23.94;9;23.94
2011-09-26;27.25;9;27.25
2011-09-27;15.01;9;15.01
2011-09-28;10.24;9;10.24
2011-09-29;9.33;9;9.33
2011-09-30;7.911;9;7.911
2011-10-01;7.553;10;7.553
2011-10-02;7.431;10;7.431
2011-10-03;7.739;10;7.739
2011-10-04;12.12;10;12.12
2011-10-05;40.89;10;40.89
2011-10-06;62.39;10;62.39
2011-10-07;53.36;10;53.36
2011-10-08;48.01;10;48.01
2011-10-09;24.32;10;24.32
2011-10-10;26.27;10;26.27
2011-10-11;39.9;10;39.9
2011-10-12;59.65;10;59.65
2011-10-13;119.9;10;119.9
2011-10-14;45.25;10;45.25
2011-10-15;132.8;10;132.8
2011-10-16;87.04;10;87.04
2011-10-17;93.97;10;93.97
2011-10-18;190.2;10;190.2
2011-10-19;64.32;10;64.32
2011-10-20;47.6;10;47.6
2011-10-21;37.51;10;37.51
2011-10-22;38.6;10;38.6
2011-10-23;26.6;10;26.6
2011-10-24;161.4;10;161.4
2011-10-25;113.7;10;113.7
2011-10-26;42.5;10;42.5
2011-10-27;28.35;10;28.35
2011-10-28;27.35;10;27.35
2011-10-29;35.82;10;35.82
2011-10-30;65.2;10;65.2
2011-10-31;28.99;10;28.99
2011-11-01;18.81;11;18.81
2011-11-02;15.47;11;15.47
2011-11-03;13.94;11;13.94
2011-11-04;12.69;11;12.69
2011-11-05;-999.000;11;12.6
2011-11-06;-999.000;11;30.63
2011-11-07;-999.000;11;15.8
2011-11-08;-999.000;11;7.0
2011-11-09;-999.000;11;34.4
2011-11-10;55.13;11;55.13
2011-11-11;47.14;11;47.14
2011-11-12;99.44;11;99.44
2011-11-13;50.67;11;50.67
2011-11-14;33.56;11;33.56
2011-11-15;44.92;11;44.92
2011-11-16;44.11;11;44.11
2011-11-17;196.5;11;196.5
2011-11-18;266.1;11;266.1
2011-11-19;100.2;11;100.2
2011-11-20;82.73;11;82.73
2011-11-21;58.17;11;58.17
2011-11-22;63.74;11;63.74
2011-11-23;77.01;11;77.01
2011-11-24;72.65;11;72.65
2011-11-25;43.43;11;43.43
2011-11-26;37.45;11;37.45
2011-11-27;33.16;11;33.16
2011-11-28;53.93;11;53.93
2011-11-29;68.16;11;68.16
2011-11-30;48.54;11;48.54
2011-12-01;65.7;12;65.7
2011-12-02;55.37;12;55.37
2011-12-03;38.78;12;38.78
2011-12-04;67.97;12;67.97
2011-12-05;60.99;12;60.99
2011-12-06;81.79;12;81.79
2011-12-07;156.9;12;156.9
2011-12-08;88.54;12;88.54
2011-12-09;54.0;12;54.0
2011-12-10;33.97;12;33.97
2011-12-11;27.37;12;27.37
2011-12-12;29.91;12;29.91
2011-12-13;24.59;12;24.59
2011-12-14;19.1;12;19.1
2011-12-15;22.1;12;22.1
2011-12-16;23.16;12;23.16
2011-12-17;19.98;12;19.98
2011-12-18;21.0;12;21.0
2011-12-19;26.66;12;26.66
2011-12-20;21.99;12;21.99
2011-12-21;16.78;12;16.78
2011-12-22;13.15;12;13.15
2011-12-23;12.24;12;12.24
2011-12-24;10.87;12;10.87
2011-12-25;12.01;12;12.01
2011-12-26;10.64;12;10.64
2011-12-27;11.33;12;11.33
2011-12-28;9.502;12;9.502
2011-12-29;8.642;12;8.642
2011-12-30;9.33;12;9.33
2011-12-31;9.987;12;9.987
2012-01-01;7.954;1;7.954
2012-01-02;7.266;1;7.266
2012-01-03;6.372;1;6.372
2012-01-04;11.67;1;11.67
2012-01-05;11.78;1;11.78
2012-01-06;9.158;1;9.158
2012-01-07;8.556;1;8.556
2012-01-08;7.61;1;7.61
2012-01-09;11.21;1;11.21
2012-01-10;9.557;1;9.557
2012-01-11;7.438;1;7.438
2012-01-12;6.922;1;6.922
2012-01-13;7.14;1;7.14
2012-01-14;5.868;1;5.868
2012-01-15;5.301;1;5.301
2012-01-16;4.923;1;4.923
2012-01-17;9.042;1;9.042
2012-01-18;12.47;1;12.47
2012-01-19;22.32;1;22.32
2012-01-20;33.71;1;33.71
2012-01-21;26.62;1;26.62
2012-01-22;22.94;1;22.94
2012-01-23;31.74;1;31.74
2012-01-24;24.22;1;24.22
2012-01-25;37.88;1;37.88
2012-01-26;21.59;1;21.59
2012-01-27;15.9;1;15.9
2012-01-28;15.21;1;15.21
2012-01-29;14.43;1;14.43
2012-01-30;11.56;1;11.56
2012-01-31;11.1;1;11.1
2012-02-01;9.816;2;9.816
2012-02-02;8.642;2;8.642
2012-02-03;7.524;2;7.524
2012-02-04;6.435;2;6.435
2012-02-05;6.12;2;6.12
2012-02-06;10.81;2;10.81
2012-02-07;23.17;2;23.17
2012-02-08;21.6;2;21.6
2012-02-09;20.02;2;20.02
2012-02-10;14.12;2;14.12
2012-02-11;18.09;2;18.09
2012-02-12;11.24;2;11.24
2012-02-13;8.986;2;8.986
2012-02-14;7.484;2;7.484
2012-02-15;6.922;2;6.922
2012-02-16;6.859;2;6.859
2012-02-17;6.309;2;6.309
2012-02-18;6.057;2;6.057
2012-02-19;5.427;2;5.427
2012-02-20;5.364;2;5.364
2012-02-21;4.86;2;4.86
2012-02-22;4.482;2;4.482
2012-02-23;4.249;2;4.249
2012-02-24;4.141;2;4.141
2012-02-25;4.097;2;4.097
2012-02-26;4.545;2;4.545
2012-02-27;4.293;2;4.293
2012-02-28;4.356;2;4.356
2012-02-29;14.9;2;14.9
2012-03-01;10.09;3;10.09
2012-03-02;5.994;3;5.994
2012-03-03;5.427;3;5.427
2012-03-04;10.76;3;10.76
2012-03-05;9.785;3;9.785
2012-03-06;7.266;3;7.266
2012-03-07;9.76;3;9.76
2012-03-08;7.524;3;7.524
2012-03-09;6.183;3;6.183
2012-03-10;7.496;3;7.496
2012-03-11;7.868;3;7.868
2012-03-12;9.497;3;9.497
2012-03-13;8.9;3;8.9
2012-03-14;8.47;3;8.47
2012-03-15;6.309;3;6.309
2012-03-16;6.355;3;6.355
2012-03-17;7.61;3;7.61
2012-03-18;19.25;3;19.25
2012-03-19;17.8;3;17.8
2012-03-20;16.34;3;16.34
2012-03-21;15.61;3;15.61
2012-03-22;30.12;3;30.12
2012-03-23;31.33;3;31.33
2012-03-24;30.72;3;30.72
2012-03-25;115.1;3;115.1
2012-03-26;268.1;3;268.1
2012-03-27;125.1;3;125.1
2012-03-28;37.36;3;37.36
2012-03-29;39.21;3;39.21
2012-03-30;73.57;3;73.57
2012-03-31;30.81;3;30.81
2012-04-01;19.4;4;19.4
2012-04-02;17.36;4;17.36
2012-04-03;13.72;4;13.72
2012-04-04;12.58;4;12.58
2012-04-05;12.01;4;12.01
2012-04-06;10.42;4;10.42
2012-04-07;31.53;4;31.53
2012-04-08;28.29;4;28.29
2012-04-09;45.83;4;45.83
2012-04-10;71.36;4;71.36
2012-04-11;58.16;4;58.16
2012-04-12;110.2;4;110.2
2012-04-13;50.63;4;50.63
2012-04-14;43.88;4;43.88
2012-04-15;52.27;4;52.27
2012-04-16;97.39;4;97.39
2012-04-17;53.6;4;53.6
2012-04-18;41.8;4;41.8
2012-04-19;68.12;4;68.12
2012-04-20;49.0;4;49.0
2012-04-21;53.57;4;53.57
2012-04-22;54.3;4;54.3
2012-04-23;38.09;4;38.09
2012-04-24;33.71;4;33.71
2012-04-25;20.46;4;20.46
2012-04-26;16.92;4;16.92
2012-04-27;15.18;4;15.18
2012-04-28;15.24;4;15.24
2012-04-29;48.85;4;48.85
2012-04-30;29.75;4;29.75
2012-05-01;61.92;5;61.92
2012-05-02;66.46;5;66.46
2012-05-03;52.8;5;52.8
2012-05-04;62.78;5;62.78
2012-05-05;44.64;5;44.64
2012-05-06;61.5;5;61.5
2012-05-07;88.33;5;88.33
2012-05-08;91.62;5;91.62
2012-05-09;53.86;5;53.86
2012-05-10;31.94;5;31.94
2012-05-11;33.79;5;33.79
2012-05-12;54.85;5;54.85
2012-05-13;24.22;5;24.22
2012-05-14;20.67;5;20.67
2012-05-15;17.5;5;17.5
2012-05-16;14.06;5;14.06
2012-05-17;15.24;5;15.24
2012-05-18;13.49;5;13.49
2012-05-19;14.51;5;14.51
2012-05-20;15.63;5;15.63
2012-05-21;13.83;5;13.83
2012-05-22;13.26;5;13.26
2012-05-23;13.38;5;13.38
2012-05-24;29.91;5;29.91
2012-05-25;40.23;5;40.23
2012-05-26;20.46;5;20.46
2012-05-27;15.47;5;15.47
2012-05-28;13.38;5;13.38
2012-05-29;14.2;5;14.2
2012-05-30;12.01;5;12.01
2012-05-31;10.53;5;10.53
2012-06-01;-999.000;6;11.4
2012-06-02;-999.000;6;38.9
2012-06-03;-999.000;6;11.8
2012-06-04;13.03;6;13.03
2012-06-05;10.47;6;10.47
2012-06-06;8.986;6;8.986
2012-06-07;7.782;6;7.782
2012-06-08;8.212;6;8.212
2012-06-09;8.04;6;8.04
2012-06-10;8.556;6;8.556
2012-06-11;21.53;6;21.53
2012-06-12;28.2;6;28.2
2012-06-13;26.05;6;26.05
2012-06-14;29.61;6;29.61
2012-06-15;24.04;6;24.04
2012-06-16;25.96;6;25.96
2012-06-17;21.81;6;21.81
2012-06-18;26.8;6;26.8
2012-06-19;14.41;6;14.41
2012-06-20;10.67;6;10.67
2012-06-21;13.65;6;13.65
2012-06-22;11.33;6;11.33
2012-06-23;8.642;6;8.642
2012-06-24;7.696;6;7.696
2012-06-25;6.859;6;6.859
2012-06-26;6.922;6;6.922
2012-06-27;12.53;6;12.53
2012-06-28;11.78;6;11.78
2012-06-29;10.02;6;10.02
2012-06-30;8.642;6;8.642
2012-07-01;15.97;7;15.97
2012-07-02;9.785;7;9.785
2012-07-03;8.298;7;8.298
2012-07-04;8.642;7;8.642
2012-07-05;8.642;7;8.642
2012-07-06;8.126;7;8.126
2012-07-07;7.438;7;7.438
2012-07-08;7.352;7;7.352
2012-07-09;6.372;7;6.372
2012-07-10;11.89;7;11.89
2012-07-11;14.67;7;14.67
2012-07-12;13.49;7;13.49
2012-07-13;49.24;7;49.24
2012-07-14;64.07;7;64.07
2012-07-15;71.7;7;71.7
2012-07-16;36.58;7;36.58
2012-07-17;17.5;7;17.5
2012-07-18;13.38;7;13.38
2012-07-19;13.62;7;13.62
2012-07-20;14.05;7;14.05
2012-07-21;10.53;7;10.53
2012-07-22;14.99;7;14.99
2012-07-23;11.55;7;11.55
2012-07-24;28.32;7;28.32
2012-07-25;18.67;7;18.67
2012-07-26;11.9;7;11.9
2012-07-27;16.05;7;16.05
2012-07-28;57.76;7;57.76
2012-07-29;38.78;7;38.78
2012-07-30;30.11;7;30.11
2012-07-31;40.64;7;40.64
2012-08-01;44.81;8;44.81
2012-08-02;33.01;8;33.01
2012-08-03;17.21;8;17.21
2012-08-04;208.0;8;208.0
2012-08-05;56.73;8;56.73
2012-08-06;29.54;8;29.54
2012-08-07;20.75;8;20.75
2012-08-08;16.78;8;16.78
2012-08-09;14.17;8;14.17
2012-08-10;13.94;8;13.94
2012-08-11;22.76;8;22.76
2012-08-12;16.19;8;16.19
2012-08-13;18.09;8;18.09
2012-08-14;22.76;8;22.76
2012-08-15;22.97;8;22.97
2012-08-16;14.4;8;14.4
2012-08-17;48.7;8;48.7
2012-08-18;34.65;8;34.65
2012-08-19;22.1;8;22.1
2012-08-20;15.5;8;15.5
2012-08-21;13.72;8;13.72
2012-08-22;13.6;8;13.6
2012-08-23;13.38;8;13.38
2012-08-24;23.17;8;23.17
2012-08-25;15.01;8;15.01
2012-08-26;16.78;8;16.78
2012-08-27;41.6;8;41.6
2012-08-28;18.81;8;18.81
2012-08-29;16.58;8;16.58
2012-08-30;28.73;8;28.73
2012-08-31;17.94;8;17.94
2012-09-01;24.59;9;24.59
2012-09-02;16.49;9;16.49
2012-09-03;19.7;9;19.7
2012-09-04;20.64;9;20.64
2012-09-05;20.93;9;20.93
2012-09-06;18.09;9;18.09
2012-09-07;14.12;9;14.12
2012-09-08;11.33;9;11.33
2012-09-09;13.6;9;13.6
2012-09-10;20.86;9;20.86
2012-09-11;15.68;9;15.68
2012-09-12;14.06;9;14.06
2012-09-13;17.11;9;17.11
2012-09-14;14.06;9;14.06
2012-09-15;9.757;9;9.757
2012-09-16;7.398;9;7.398
2012-09-17;9.527;9;9.527
2012-09-18;7.438;9;7.438
2012-09-19;7.375;9;7.375
2012-09-20;7.352;9;7.352
2012-09-21;7.868;9;7.868
2012-09-22;7.117;9;7.117
2012-09-23;7.438;9;7.438
2012-09-24;5.553;9;5.553
2012-09-25;16.09;9;16.09
2012-09-26;12.12;9;12.12
2012-09-27;8.04;9;8.04
2012-09-28;7.266;9;7.266
2012-09-29;8.212;9;8.212
2012-09-30;6.246;9;6.246
2012-10-01;6.115;10;6.115
2012-10-02;6.157;10;6.157
2012-10-03;5.894;10;5.894
2012-10-04;6.083;10;6.083
2012-10-05;7.301;10;7.301
2012-10-06;11.33;10;11.33
2012-10-07;14.3;10;14.3
2012-10-08;9.046;10;9.046
2012-10-09;7.399;10;7.399
2012-10-10;5.926;10;5.926
2012-10-11;6.906;10;6.906
2012-10-12;10.48;10;10.48
2012-10-13;24.11;10;24.11
2012-10-14;14.82;10;14.82
2012-10-15;28.03;10;28.03
2012-10-16;34.19;10;34.19
2012-10-17;38.71;10;38.71
2012-10-18;114.1;10;114.1
2012-10-19;94.05;10;94.05
2012-10-20;35.37;10;35.37
2012-10-21;25.77;10;25.77
2012-10-22;23.02;10;23.02
2012-10-23;24.38;10;24.38
2012-10-24;18.78;10;18.78
2012-10-25;17.4;10;17.4
2012-10-26;12.46;10;12.46
2012-10-27;10.67;10;10.67
2012-10-28;8.742;10;8.742
2012-10-29;7.646;10;7.646
2012-10-30;10.14;10;10.14
2012-10-31;12.68;10;12.68
2012-11-01;9.106;11;9.106
2012-11-02;7.266;11;7.266
2012-11-03;8.99;11;8.99
2012-11-04;9.281;11;9.281
2012-11-05;17.06;11;17.06
2012-11-06;14.85;11;14.85
2012-11-07;9.115;11;9.115
2012-11-08;7.983;11;7.983
2012-11-09;7.682;11;7.682
2012-11-10;6.603;11;6.603
2012-11-11;6.343;11;6.343
2012-11-12;5.674;11;5.674
2012-11-13;9.33;11;9.33
2012-11-14;20.91;11;20.91
2012-11-15;15.68;11;15.68
2012-11-16;19.1;11;19.1
2012-11-17;63.28;11;63.28
2012-11-18;72.04;11;72.04
2012-11-19;33.55;11;33.55
2012-11-20;17.04;11;17.04
2012-11-21;13.64;11;13.64
2012-11-22;13.91;11;13.91
2012-11-23;10.61;11;10.61
2012-11-24;9.015;11;9.015
2012-11-25;7.725;11;7.725
2012-11-26;6.872;11;6.872
2012-11-27;6.551;11;6.551
2012-11-28;6.304;11;6.304
2012-11-29;6.466;11;6.466
2012-11-30;7.517;11;7.517
2012-12-01;9.357;12;9.357
2012-12-02;10.44;12;10.44
2012-12-03;7.204;12;7.204
2012-12-04;6.479;12;6.479
2012-12-05;6.28;12;6.28
2012-12-06;8.291;12;8.291
2012-12-07;8.14;12;8.14
2012-12-08;6.199;12;6.199
2012-12-09;5.416;12;5.416
2012-12-10;4.844;12;4.844
2012-12-11;4.598;12;4.598
2012-12-12;7.835;12;7.835
2012-12-13;8.461;12;8.461
2012-12-14;10.31;12;10.31
2012-12-15;7.617;12;7.617
2012-12-16;6.771;12;6.771
2012-12-17;5.647;12;5.647
2012-12-18;7.243;12;7.243
2012-12-19;16.64;12;16.64
2012-12-20;8.458;12;8.458
2012-12-21;6.406;12;6.406
2012-12-22;5.747;12;5.747
2012-12-23;29.56;12;29.56
2012-12-24;27.38;12;27.38
2012-12-25;18.05;12;18.05
2012-12-26;17.65;12;17.65
2012-12-27;11.92;12;11.92
2012-12-28;10.3;12;10.3
2012-12-29;8.319;12;8.319
2012-12-30;6.941;12;6.941
2012-12-31;6.115;12;6.115
2013-01-01;5.548;1;5.548
2013-01-02;5.038;1;5.038
2013-01-03;4.587;1;4.587
2013-01-04;4.293;1;4.293
2013-01-05;4.031;1;4.031
2013-01-06;3.81;1;3.81
2013-01-07;3.588;1;3.588
2013-01-08;3.375;1;3.375
2013-01-09;3.194;1;3.194
2013-01-10;3.098;1;3.098
2013-01-11;2.976;1;2.976
2013-01-12;2.77;1;2.77
2013-01-13;2.726;1;2.726
2013-01-14;18.03;1;18.03
2013-01-15;10.52;1;10.52
2013-01-16;6.172;1;6.172
2013-01-17;4.928;1;4.928
2013-01-18;7.211;1;7.211
2013-01-19;5.88;1;5.88
2013-01-20;4.437;1;4.437
2013-01-21;3.861;1;3.861
2013-01-22;3.533;1;3.533
2013-01-23;3.367;1;3.367
2013-01-24;3.146;1;3.146
2013-01-25;9.724;1;9.724
2013-01-26;7.043;1;7.043
2013-01-27;4.598;1;4.598
2013-01-28;3.78;1;3.78
2013-01-29;3.36;1;3.36
2013-01-30;3.087;1;3.087
2013-01-31;2.858;1;2.858
2013-02-01;3.151;2;3.151
2013-02-02;4.809;2;4.809
2013-02-03;3.859;2;3.859
2013-02-04;4.611;2;4.611
2013-02-05;9.341;2;9.341
2013-02-06;8.61;2;8.61
2013-02-07;5.668;2;5.668
2013-02-08;5.169;2;5.169
2013-02-09;32.87;2;32.87
2013-02-10;34.23;2;34.23
2013-02-11;41.94;2;41.94
2013-02-12;54.58;2;54.58
2013-02-13;53.71;2;53.71
2013-02-14;28.08;2;28.08
2013-02-15;17.51;2;17.51
2013-02-16;11.99;2;11.99
2013-02-17;9.499;2;9.499
2013-02-18;9.165;2;9.165
2013-02-19;8.427;2;8.427
2013-02-20;7.531;2;7.531
2013-02-21;6.528;2;6.528
2013-02-22;6.036;2;6.036
2013-02-23;5.789;2;5.789
2013-02-24;6.397;2;6.397
2013-02-25;10.28;2;10.28
2013-02-26;7.371;2;7.371
2013-02-27;6.104;2;6.104
2013-02-28;6.062;2;6.062
2013-03-01;7.425;3;7.425
2013-03-02;11.23;3;11.23
2013-03-03;7.353;3;7.353
2013-03-04;6.046;3;6.046
2013-03-05;19.79;3;19.79
2013-03-06;10.15;3;10.15
2013-03-07;9.096;3;9.096
2013-03-08;6.934;3;6.934
2013-03-09;5.92;3;5.92
2013-03-10;6.572;3;6.572
2013-03-11;10.04;3;10.04
2013-03-12;7.101;3;7.101
2013-03-13;6.131;3;6.131
2013-03-14;6.136;3;6.136
2013-03-15;17.36;3;17.36
2013-03-16;18.49;3;18.49
2013-03-17;22.42;3;22.42
2013-03-18;31.41;3;31.41
2013-03-19;22.92;3;22.92
2013-03-20;16.74;3;16.74
2013-03-21;17.3;3;17.3
2013-03-22;18.47;3;18.47
2013-03-23;17.08;3;17.08
2013-03-24;11.96;3;11.96
2013-03-25;8.879;3;8.879
2013-03-26;8.456;3;8.456
2013-03-27;7.181;3;7.181
2013-03-28;5.957;3;5.957
2013-03-29;5.663;3;5.663
2013-03-30;5.149;3;5.149
2013-03-31;4.808;3;4.808
2013-04-01;4.703;4;4.703
2013-04-02;4.466;4;4.466
2013-04-03;4.284;4;4.284
2013-04-04;4.053;4;4.053
2013-04-05;4.126;4;4.126
2013-04-06;4.656;4;4.656
2013-04-07;3.95;4;3.95
2013-04-08;3.795;4;3.795
2013-04-09;3.979;4;3.979
2013-04-10;3.769;4;3.769
2013-04-11;5.388;4;5.388
2013-04-12;11.18;4;11.18
2013-04-13;8.691;4;8.691
2013-04-14;17.97;4;17.97
2013-04-15;20.07;4;20.07
2013-04-16;17.68;4;17.68
2013-04-17;15.84;4;15.84
2013-04-18;34.78;4;34.78
2013-04-19;122.6;4;122.6
2013-04-20;92.75;4;92.75
2013-04-21;42.09;4;42.09
2013-04-22;29.07;4;29.07
2013-04-23;29.92;4;29.92
2013-04-24;60.21;4;60.21
2013-04-25;36.68;4;36.68
2013-04-26;25.96;4;25.96
2013-04-27;28.94;4;28.94
2013-04-28;27.25;4;27.25
2013-04-29;42.78;4;42.78
2013-04-30;52.54;4;52.54
2013-05-01;44.51;5;44.51
2013-05-02;41.34;5;41.34
2013-05-03;34.45;5;34.45
2013-05-04;26.58;5;26.58
2013-05-05;42.29;5;42.29
2013-05-06;25.54;5;25.54
2013-05-07;56.27;5;56.27
2013-05-08;45.22;5;45.22
2013-05-09;34.65;5;34.65
2013-05-10;23.69;5;23.69
2013-05-11;18.79;5;18.79
2013-05-12;17.11;5;17.11
2013-05-13;13.16;5;13.16
2013-05-14;11.47;5;11.47
2013-05-15;16.18;5;16.18
2013-05-16;18.12;5;18.12
2013-05-17;41.85;5;41.85
2013-05-18;29.97;5;29.97
2013-05-19;16.45;5;16.45
2013-05-20;13.62;5;13.62
2013-05-21;41.71;5;41.71
2013-05-22;52.28;5;52.28
2013-05-23;45.21;5;45.21
2013-05-24;70.56;5;70.56
2013-05-25;34.56;5;34.56
2013-05-26;57.11;5;57.11
2013-05-27;36.61;5;36.61
2013-05-28;28.37;5;28.37
2013-05-29;27.79;5;27.79
2013-05-30;28.36;5;28.36
2013-05-31;94.35;5;94.35
2013-06-01;34.9;6;34.9
2013-06-02;53.18;6;53.18
2013-06-03;36.12;6;36.12
2013-06-04;33.49;6;33.49
2013-06-05;20.23;6;20.23
2013-06-06;15.61;6;15.61
2013-06-07;15.8;6;15.8
2013-06-08;16.65;6;16.65
2013-06-09;12.92;6;12.92
2013-06-10;10.78;6;10.78
2013-06-11;10.39;6;10.39
2013-06-12;96.97;6;96.97
2013-06-13;26.85;6;26.85
2013-06-14;16.91;6;16.91
2013-06-15;19.98;6;19.98
2013-06-16;21.47;6;21.47
2013-06-17;14.32;6;14.32
2013-06-18;12.78;6;12.78
2013-06-19;11.73;6;11.73
2013-06-20;10.47;6;10.47
2013-06-21;9.495;6;9.495
2013-06-22;8.14;6;8.14
2013-06-23;7.302;6;7.302
2013-06-24;7.402;6;7.402
2013-06-25;6.707;6;6.707
2013-06-26;7.655;6;7.655
2013-06-27;6.13;6;6.13
2013-06-28;6.765;6;6.765
2013-06-29;6.948;6;6.948
2013-06-30;8.87;6;8.87
2013-07-01;24.65;7;24.65
2013-07-02;19.03;7;19.03
2013-07-03;12.69;7;12.69
2013-07-04;8.914;7;8.914
2013-07-05;7.796;7;7.796
2013-07-06;6.951;7;6.951
2013-07-07;6.341;7;6.341
2013-07-08;8.805;7;8.805
2013-07-09;9.976;7;9.976
2013-07-10;12.44;7;12.44
2013-07-11;34.7;7;34.7
2013-07-12;39.24;7;39.24
2013-07-13;16.95;7;16.95
2013-07-14;11.62;7;11.62
2013-07-15;23.04;7;23.04
2013-07-16;45.96;7;45.96
2013-07-17;31.17;7;31.17
2013-07-18;28.02;7;28.02
2013-07-19;16.41;7;16.41
2013-07-20;14.77;7;14.77
2013-07-21;14.34;7;14.34
2013-07-22;12.46;7;12.46
2013-07-23;27.39;7;27.39
2013-07-24;15.69;7;15.69
2013-07-25;10.3;7;10.3
2013-07-26;8.707;7;8.707
2013-07-27;11.75;7;11.75
2013-07-28;24.75;7;24.75
2013-07-29;69.18;7;69.18
2013-07-30;34.45;7;34.45
2013-07-31;29.09;7;29.09
2013-08-01;16.75;8;16.75
2013-08-02;12.86;8;12.86
2013-08-03;12.38;8;12.38
2013-08-04;11.02;8;11.02
2013-08-05;20.36;8;20.36
2013-08-06;12.69;8;12.69
2013-08-07;9.657;8;9.657
2013-08-08;9.459;8;9.459
2013-08-09;8.95;8;8.95
2013-08-10;12.98;8;12.98
2013-08-11;45.55;8;45.55
2013-08-12;46.26;8;46.26
2013-08-13;27.09;8;27.09
2013-08-14;28.31;8;28.31
2013-08-15;16.62;8;16.62
2013-08-16;19.13;8;19.13
2013-08-17;18.75;8;18.75
2013-08-18;36.04;8;36.04
2013-08-19;39.19;8;39.19
2013-08-20;37.1;8;37.1
2013-08-21;35.81;8;35.81
2013-08-22;30.89;8;30.89
2013-08-23;19.84;8;19.84
2013-08-24;12.77;8;12.77
2013-08-25;10.55;8;10.55
2013-08-26;10.84;8;10.84
2013-08-27;12.61;8;12.61
2013-08-28;12.52;8;12.52
2013-08-29;19.81;8;19.81
2013-08-30;24.73;8;24.73
2013-08-31;38.68;8;38.68
2013-09-01;27.7;9;27.7
2013-09-02;13.72;9;13.72
2013-09-03;10.67;9;10.67
2013-09-04;10.84;9;10.84
2013-09-05;14.35;9;14.35
2013-09-06;22.12;9;22.12
2013-09-07;13.78;9;13.78
2013-09-08;12.81;9;12.81
2013-09-09;12.54;9;12.54
2013-09-10;12.96;9;12.96
2013-09-11;13.04;9;13.04
2013-09-12;14.29;9;14.29
2013-09-13;11.2;9;11.2
2013-09-14;12.91;9;12.91
2013-09-15;9.585;9;9.585
2013-09-16;9.953;9;9.953
2013-09-17;8.212;9;8.212
2013-09-18;13.84;9;13.84
2013-09-19;25.79;9;25.79
2013-09-20;20.65;9;20.65
2013-09-21;12.27;9;12.27
2013-09-22;8.907;9;8.907
2013-09-23;7.56;9;7.56
2013-09-24;6.768;9;6.768
2013-09-25;6.131;9;6.131
2013-09-26;6.563;9;6.563
2013-09-27;17.62;9;17.62
2013-09-28;12.02;9;12.02
2013-09-29;8.363;9;8.363
2013-09-30;7.404;9;7.404
2013-10-01;6.716;10;6.716
2013-10-02;13.17;10;13.17
2013-10-03;13.43;10;13.43
2013-10-04;23.12;10;23.12
2013-10-05;18.53;10;18.53
2013-10-06;10.14;10;10.14
2013-10-07;7.481;10;7.481
2013-10-08;6.943;10;6.943
2013-10-09;7.287;10;7.287
2013-10-10;6.388;10;6.388
2013-10-11;5.863;10;5.863
2013-10-12;10.9;10;10.9
2013-10-13;13.51;10;13.51
2013-10-14;12.47;10;12.47
2013-10-15;10.93;10;10.93
2013-10-16;8.993;10;8.993
2013-10-17;37.19;10;37.19
2013-10-18;15.61;10;15.61
2013-10-19;9.949;10;9.949
2013-10-20;8.255;10;8.255
2013-10-21;10.27;10;10.27
2013-10-22;10.98;10;10.98
2013-10-23;10.9;10;10.9
2013-10-24;21.06;10;21.06
2013-10-25;11.68;10;11.68
2013-10-26;8.513;10;8.513
2013-10-27;7.115;10;7.115
2013-10-28;6.383;10;6.383
2013-10-29;10.54;10;10.54
2013-10-30;35.78;10;35.78
2013-10-31;56.29;10;56.29
2013-11-01;30.63;11;30.63
2013-11-02;20.58;11;20.58
2013-11-03;16.48;11;16.48
2013-11-04;83.05;11;83.05
2013-11-05;87.5;11;87.5
2013-11-06;67.73;11;67.73
2013-11-07;63.94;11;63.94
2013-11-08;51.39;11;51.39
2013-11-09;41.45;11;41.45
2013-11-10;38.21;11;38.21
2013-11-11;30.75;11;30.75
2013-11-12;19.66;11;19.66
2013-11-13;15.39;11;15.39
2013-11-14;13.04;11;13.04
2013-11-15;12.61;11;12.61
2013-11-16;12.31;11;12.31
2013-11-17;10.71;11;10.71
2013-11-18;10.26;11;10.26
2013-11-19;9.48;11;9.48
2013-11-20;11.11;11;11.11
2013-11-21;13.74;11;13.74
2013-11-22;14.39;11;14.39
2013-11-23;13.56;11;13.56
2013-11-24;23.88;11;23.88
2013-11-25;27.49;11;27.49
2013-11-26;20.1;11;20.1
2013-11-27;26.78;11;26.78
2013-11-28;20.71;11;20.71
2013-11-29;18.35;11;18.35
2013-11-30;22.92;11;22.92
2013-12-01;71.65;12;71.65
2013-12-02;132.6;12;132.6
2013-12-03;46.54;12;46.54
2013-12-04;38.21;12;38.21
2013-12-05;24.2;12;24.2
2013-12-06;18.46;12;18.46
2013-12-07;15.5;12;15.5
2013-12-08;32.8;12;32.8
2013-12-09;18.01;12;18.01
2013-12-10;13.09;12;13.09
2013-12-11;10.62;12;10.62
2013-12-12;9.921;12;9.921
2013-12-13;10.93;12;10.93
2013-12-14;9.663;12;9.663
2013-12-15;7.983;12;7.983
2013-12-16;7.409;12;7.409
2013-12-17;9.884;12;9.884
2013-12-18;12.84;12;12.84
2013-12-19;25.19;12;25.19
2013-12-20;13.53;12;13.53
2013-12-21;21.84;12;21.84
2013-12-22;36.31;12;36.31
2013-12-23;59.26;12;59.26
2013-12-24;36.91;12;36.91
2013-12-25;19.57;12;19.57
2013-12-26;17.08;12;17.08
2013-12-27;14.99;12;14.99
2013-12-28;11.76;12;11.76
2013-12-29;9.562;12;9.562
2013-12-30;8.291;12;8.291
2013-12-31;7.259;12;7.259
2014-01-01;6.701;1;6.701
2014-01-02;6.062;1;6.062
2014-01-03;5.773;1;5.773
2014-01-04;5.448;1;5.448
2014-01-05;5.091;1;5.091
2014-01-06;6.201;1;6.201
2014-01-07;21.92;1;21.92
2014-01-08;30.52;1;30.52
2014-01-09;54.89;1;54.89
2014-01-10;18.78;1;18.78
2014-01-11;12.04;1;12.04
2014-01-12;13.53;1;13.53
2014-01-13;12.28;1;12.28
2014-01-14;8.592;1;8.592
2014-01-15;7.302;1;7.302
2014-01-16;6.605;1;6.605
2014-01-17;6.152;1;6.152
2014-01-18;5.668;1;5.668
2014-01-19;5.506;1;5.506
2014-01-20;5.894;1;5.894
2014-01-21;5.495;1;5.495
2014-01-22;5.432;1;5.432
2014-01-23;7.777;1;7.777
2014-01-24;5.301;1;5.301
2014-01-25;4.514;1;4.514
2014-01-26;7.796;1;7.796
2014-01-27;19.53;1;19.53
2014-01-28;13.9;1;13.9
2014-01-29;17.18;1;17.18
2014-01-30;19.97;1;19.97
2014-01-31;15.63;1;15.63
2014-02-01;8.673;2;8.673
2014-02-02;6.665;2;6.665
2014-02-03;5.884;2;5.884
2014-02-04;5.296;2;5.296
2014-02-05;9.594;2;9.594
2014-02-06;6.978;2;6.978
2014-02-07;6.334;2;6.334
2014-02-08;6.921;2;6.921
2014-02-09;6.255;2;6.255
2014-02-10;7.31;2;7.31
2014-02-11;5.915;2;5.915
2014-02-12;8.214;2;8.214
2014-02-13;10.01;2;10.01
2014-02-14;8.387;2;8.387
2014-02-15;6.678;2;6.678
2014-02-16;6.031;2;6.031
2014-02-17;7.545;2;7.545
2014-02-18;7.753;2;7.753
2014-02-19;7.904;2;7.904
2014-02-20;8.653;2;8.653
2014-02-21;27.66;2;27.66
2014-02-22;17.33;2;17.33
2014-02-23;14.54;2;14.54
2014-02-24;15.63;2;15.63
2014-02-25;11.89;2;11.89
2014-02-26;14.69;2;14.69
2014-02-27;12.07;2;12.07
2014-02-28;18.01;2;18.01
2014-03-01;41.83;3;41.83
2014-03-02;39.35;3;39.35
2014-03-03;37.44;3;37.44
2014-03-04;69.97;3;69.97
2014-03-05;34.29;3;34.29
2014-03-06;32.32;3;32.32
2014-03-07;26.98;3;26.98
2014-03-08;24.09;3;24.09
2014-03-09;19.53;3;19.53
2014-03-10;14.71;3;14.71
2014-03-11;12.12;3;12.12
2014-03-12;12.12;3;12.12
2014-03-13;18.86;3;18.86
2014-03-14;15.2;3;15.2
2014-03-15;12.74;3;12.74
2014-03-16;11.49;3;11.49
2014-03-17;19.38;3;19.38
2014-03-18;11.97;3;11.97
2014-03-19;9.547;3;9.547
2014-03-20;9.301;3;9.301
2014-03-21;8.284;3;8.284
2014-03-22;7.639;3;7.639
2014-03-23;8.307;3;8.307
2014-03-24;10.39;3;10.39
2014-03-25;12.51;3;12.51
2014-03-26;10.94;3;10.94
2014-03-27;11.71;3;11.71
2014-03-28;7.99;3;7.99
2014-03-29;6.469;3;6.469
2014-03-30;5.805;3;5.805
2014-03-31;5.259;3;5.259
2014-04-01;4.886;4;4.886
2014-04-02;4.608;4;4.608
2014-04-03;4.529;4;4.529
2014-04-04;14.54;4;14.54
2014-04-05;14.76;4;14.76
2014-04-06;9.795;4;9.795
2014-04-07;7.418;4;7.418
2014-04-08;10.58;4;10.58
2014-04-09;15.83;4;15.83
2014-04-10;8.921;4;8.921
2014-04-11;6.844;4;6.844
2014-04-12;5.947;4;5.947
2014-04-13;5.259;4;5.259
2014-04-14;6.262;4;6.262
2014-04-15;8.694;4;8.694
2014-04-16;12.49;4;12.49
2014-04-17;23.14;4;23.14
2014-04-18;19.33;4;19.33
2014-04-19;17.58;4;17.58
2014-04-20;23.26;4;23.26
2014-04-21;13.93;4;13.93
2014-04-22;22.47;4;22.47
2014-04-23;32.27;4;32.27
2014-04-24;126.4;4;126.4
2014-04-25;43.12;4;43.12
2014-04-26;25.15;4;25.15
2014-04-27;21.82;4;21.82
2014-04-28;23.22;4;23.22
2014-04-29;102.4;4;102.4
2014-04-30;34.13;4;34.13
2014-05-01;20.97;5;20.97
2014-05-02;16.92;5;16.92
2014-05-03;13.48;5;13.48
2014-05-04;10.87;5;10.87
2014-05-05;9.997;5;9.997
2014-05-06;16.37;5;16.37
2014-05-07;20.85;5;20.85
2014-05-08;36.84;5;36.84
2014-05-09;112.6;5;112.6
2014-05-10;37.93;5;37.93
2014-05-11;217.9;5;217.9
2014-05-12;107.1;5;107.1
2014-05-13;49.12;5;49.12
2014-05-14;25.5;5;25.5
2014-05-15;18.38;5;18.38
2014-05-16;15.32;5;15.32
2014-05-17;13.72;5;13.72
2014-05-18;14.66;5;14.66
2014-05-19;30.73;5;30.73
2014-05-20;23.36;5;23.36
2014-05-21;16.51;5;16.51
2014-05-22;80.95;5;80.95
2014-05-23;57.62;5;57.62
2014-05-24;31.26;5;31.26
2014-05-25;17.02;5;17.02
2014-05-26;13.26;5;13.26
2014-05-27;15.14;5;15.14
2014-05-28;15.44;5;15.44
2014-05-29;17.5;5;17.5
2014-05-30;17.65;5;17.65
2014-05-31;22.5;5;22.5
2014-06-01;14.49;6;14.49
2014-06-02;27.58;6;27.58
2014-06-03;39.27;6;39.27
2014-06-04;32.05;6;32.05
2014-06-05;21.64;6;21.64
2014-06-06;30.98;6;30.98
2014-06-07;98.32;6;98.32
2014-06-08;58.32;6;58.32
2014-06-09;28.64;6;28.64
2014-06-10;47.91;6;47.91
2014-06-11;36.75;6;36.75
2014-06-12;19.42;6;19.42
2014-06-13;52.45;6;52.45
2014-06-14;67.44;6;67.44
2014-06-15;56.14;6;56.14
2014-06-16;33.8;6;33.8
2014-06-17;40.02;6;40.02
2014-06-18;49.26;6;49.26
2014-06-19;62.37;6;62.37
2014-06-20;86.02;6;86.02
2014-06-21;51.53;6;51.53
2014-06-22;63.48;6;63.48
2014-06-23;42.23;6;42.23
2014-06-24;55.07;6;55.07
2014-06-25;74.46;6;74.46
2014-06-26;51.99;6;51.99
2014-06-27;30.42;6;30.42
2014-06-28;19.77;6;19.77
2014-06-29;30.7;6;30.7
2014-06-30;18.36;6;18.36
2014-07-01;15.42;7;15.42
2014-07-02;16.87;7;16.87
2014-07-03;14.9;7;14.9
2014-07-04;12.02;7;12.02
2014-07-05;19.53;7;19.53
2014-07-06;14.03;7;14.03
2014-07-07;27.89;7;27.89
2014-07-08;44.3;7;44.3
2014-07-09;27.27;7;27.27
2014-07-10;17.78;7;17.78
2014-07-11;33.97;7;33.97
2014-07-12;32.22;7;32.22
2014-07-13;94.36;7;94.36
2014-07-14;67.47;7;67.47
2014-07-15;47.22;7;47.22
2014-07-16;29.79;7;29.79
2014-07-17;20.99;7;20.99
2014-07-18;27.37;7;27.37
2014-07-19;16.98;7;16.98
2014-07-20;17.98;7;17.98
2014-07-21;19.35;7;19.35
2014-07-22;43.75;7;43.75
2014-07-23;27.12;7;27.12
2014-07-24;25.54;7;25.54
2014-07-25;21.47;7;21.47
2014-07-26;16.53;7;16.53
2014-07-27;12.45;7;12.45
2014-07-28;13.09;7;13.09
2014-07-29;11.03;7;11.03
2014-07-30;10.67;7;10.67
2014-07-31;11.58;7;11.58
2014-08-01;10.18;8;10.18
2014-08-02;13.8;8;13.8
2014-08-03;19.93;8;19.93
2014-08-04;13.27;8;13.27
2014-08-05;13.51;8;13.51
2014-08-06;45.11;8;45.11
2014-08-07;23.5;8;23.5
2014-08-08;15.56;8;15.56
2014-08-09;23.6;8;23.6
2014-08-10;15.87;8;15.87
2014-08-11;12.0;8;12.0
2014-08-12;13.35;8;13.35
2014-08-13;15.03;8;15.03
2014-08-14;22.78;8;22.78
2014-08-15;14.13;8;14.13
2014-08-16;11.57;8;11.57
2014-08-17;17.88;8;17.88
2014-08-18;22.75;8;22.75
2014-08-19;35.9;8;35.9
2014-08-20;16.11;8;16.11
2014-08-21;11.84;8;11.84
2014-08-22;9.913;8;9.913
2014-08-23;8.8;8;8.8
2014-08-24;7.825;8;7.825
2014-08-25;11.45;8;11.45
2014-08-26;15.23;8;15.23
2014-08-27;19.47;8;19.47
2014-08-28;14.57;8;14.57
2014-08-29;21.38;8;21.38
2014-08-30;13.71;8;13.71
2014-08-31;8.816;8;8.816
2014-09-01;6.982;9;6.982
2014-09-02;6.141;9;6.141
2014-09-03;6.073;9;6.073
2014-09-04;10.83;9;10.83
2014-09-05;10.26;9;10.26
2014-09-06;10.46;9;10.46
2014-09-07;8.541;9;8.541
2014-09-08;17.42;9;17.42
2014-09-09;9.834;9;9.834
2014-09-10;7.402;9;7.402
2014-09-11;7.273;9;7.273
2014-09-12;8.377;9;8.377
2014-09-13;15.06;9;15.06
2014-09-14;13.52;9;13.52
2014-09-15;10.34;9;10.34
2014-09-16;9.752;9;9.752
2014-09-17;9.308;9;9.308
2014-09-18;11.73;9;11.73
2014-09-19;18.39;9;18.39
2014-09-20;16.59;9;16.59
2014-09-21;17.58;9;17.58
2014-09-22;19.28;9;19.28
2014-09-23;16.43;9;16.43
2014-09-24;9.903;9;9.903
2014-09-25;7.646;9;7.646
2014-09-26;7.021;9;7.021
2014-09-27;8.746;9;8.746
2014-09-28;7.954;9;7.954
2014-09-29;6.789;9;6.789
2014-09-30;5.595;9;5.595
2014-10-01;4.703;10;4.703
2014-10-02;4.645;10;4.645
2014-10-03;10.75;10;10.75
2014-10-04;13.37;10;13.37
2014-10-05;18.63;10;18.63
2014-10-06;16.09;10;16.09
2014-10-07;17.19;10;17.19
2014-10-08;42.85;10;42.85
2014-10-09;82.26;10;82.26
2014-10-10;53.67;10;53.67
2014-10-11;57.19;10;57.19
2014-10-12;47.14;10;47.14
2014-10-13;85.53;10;85.53
2014-10-14;43.72;10;43.72
2014-10-15;24.06;10;24.06
2014-10-16;17.99;10;17.99
2014-10-17;15.89;10;15.89
2014-10-18;24.15;10;24.15
2014-10-19;38.59;10;38.59
2014-10-20;34.38;10;34.38
2014-10-21;22.42;10;22.42
2014-10-22;19.29;10;19.29
2014-10-23;27.99;10;27.99
2014-10-24;16.05;10;16.05
2014-10-25;16.88;10;16.88
2014-10-26;27.33;10;27.33
2014-10-27;23.54;10;23.54
2014-10-28;15.59;10;15.59
2014-10-29;17.83;10;17.83
2014-10-30;37.09;10;37.09
2014-10-31;33.28;10;33.28
2014-11-01;28.73;11;28.73
2014-11-02;25.4;11;25.4
2014-11-03;15.51;11;15.51
2014-11-04;18.14;11;18.14
2014-11-05;27.64;11;27.64
2014-11-06;39.76;11;39.76
2014-11-07;31.06;11;31.06
2014-11-08;25.38;11;25.38
2014-11-09;73.25;11;73.25
2014-11-10;65.3;11;65.3
2014-11-11;53.89;11;53.89
2014-11-12;40.75;11;40.75
2014-11-13;37.75;11;37.75
2014-11-14;35.29;11;35.29
2014-11-15;35.86;11;35.86
2014-11-16;39.41;11;39.41
2014-11-17;25.47;11;25.47
2014-11-18;24.9;11;24.9
2014-11-19;55.64;11;55.64
2014-11-20;51.49;11;51.49
2014-11-21;47.26;11;47.26
2014-11-22;44.46;11;44.46
2014-11-23;37.48;11;37.48
2014-11-24;20.25;11;20.25
2014-11-25;15.7;11;15.7
2014-11-26;14.25;11;14.25
2014-11-27;16.18;11;16.18
2014-11-28;13.02;11;13.02
2014-11-29;10.76;11;10.76
2014-11-30;9.724;11;9.724
2014-12-01;9.244;12;9.244
2014-12-02;8.434;12;8.434
2014-12-03;7.581;12;7.581
2014-12-04;6.836;12;6.836
2014-12-05;8.924;12;8.924
2014-12-06;12.0;12;12.0
2014-12-07;21.27;12;21.27
2014-12-08;23.66;12;23.66
2014-12-09;88.9;12;88.9
2014-12-10;60.27;12;60.27
2014-12-11;72.51;12;72.51
2014-12-12;53.76;12;53.76
2014-12-13;47.89;12;47.89
2014-12-14;86.45;12;86.45
2014-12-15;51.0;12;51.0
2014-12-16;39.99;12;39.99
2014-12-17;24.16;12;24.16
2014-12-18;18.13;12;18.13
2014-12-19;17.04;12;17.04
2014-12-20;18.45;12;18.45
2014-12-21;17.36;12;17.36
2014-12-22;12.36;12;12.36
2014-12-23;10.08;12;10.08
2014-12-24;8.764;12;8.764
2014-12-25;8.09;12;8.09
2014-12-26;8.262;12;8.262
2014-12-27;7.244;12;7.244
2014-12-28;6.446;12;6.446
2014-12-29;5.941;12;5.941
2014-12-30;5.574;12;5.574
2014-12-31;5.416;12;5.416
2015-01-01;5.044;1;5.044
2015-01-02;4.671;1;4.671
2015-01-03;4.351;1;4.351
2015-01-04;4.119;1;4.119
2015-01-05;3.92;1;3.92
2015-01-06;3.74;1;3.74
2015-01-07;3.555;1;3.555
2015-01-08;3.437;1;3.437
2015-01-09;3.371;1;3.371
2015-01-10;3.349;1;3.349
2015-01-11;3.249;1;3.249
2015-01-12;3.168;1;3.168
2015-01-13;3.157;1;3.157
2015-01-14;3.079;1;3.079
2015-01-15;3.448;1;3.448
2015-01-16;4.866;1;4.866
2015-01-17;4.671;1;4.671
2015-01-18;4.807;1;4.807
2015-01-19;4.855;1;4.855
2015-01-20;7.173;1;7.173
2015-01-21;10.01;1;10.01
2015-01-22;13.44;1;13.44
2015-01-23;10.09;1;10.09
2015-01-24;8.85;1;8.85
2015-01-25;8.241;1;8.241
2015-01-26;6.033;1;6.033
2015-01-27;5.017;1;5.017
2015-01-28;6.898;1;6.898
2015-01-29;5.406;1;5.406
2015-01-30;4.393;1;4.393
2015-01-31;4.097;1;4.097
2015-02-01;4.555;2;4.555
2015-02-02;5.726;2;5.726
2015-02-03;5.06;2;5.06
2015-02-04;4.556;2;4.556
2015-02-05;4.603;2;4.603
2015-02-06;4.949;2;4.949
2015-02-07;7.807;2;7.807
2015-02-08;23.18;2;23.18
2015-02-09;45.83;2;45.83
2015-02-10;24.13;2;24.13
2015-02-11;26.24;2;26.24
2015-02-12;11.93;2;11.93
2015-02-13;9.215;2;9.215
2015-02-14;8.678;2;8.678
2015-02-15;7.533;2;7.533
2015-02-16;6.225;2;6.225
2015-02-17;5.39;2;5.39
2015-02-18;4.603;2;4.603
2015-02-19;4.152;2;4.152
2015-02-20;3.905;2;3.905
2015-02-21;3.633;2;3.633
2015-02-22;3.463;2;3.463
2015-02-23;3.297;2;3.297
2015-02-24;3.079;2;3.079
2015-02-25;3.087;2;3.087
2015-02-26;3.083;2;3.083
2015-02-27;3.67;2;3.67
2015-02-28;3.135;2;3.135
2015-03-01;2.999;3;2.999
2015-03-02;5.089;3;5.089
2015-03-03;5.481;3;5.481
2015-03-04;7.425;3;7.425
2015-03-05;14.18;3;14.18
2015-03-06;20.62;3;20.62
2015-03-07;15.09;3;15.09
2015-03-08;8.239;3;8.239
2015-03-09;5.663;3;5.663
2015-03-10;4.52;3;4.52
2015-03-11;4.042;3;4.042
2015-03-12;4.686;3;4.686
2015-03-13;7.195;3;7.195
2015-03-14;7.163;3;7.163
2015-03-15;7.6;3;7.6
2015-03-16;6.768;3;6.768
2015-03-17;10.32;3;10.32
2015-03-18;101.3;3;101.3
2015-03-19;28.18;3;28.18
2015-03-20;52.3;3;52.3
2015-03-21;93.6;3;93.6
2015-03-22;32.93;3;32.93
2015-03-23;19.31;3;19.31
2015-03-24;23.44;3;23.44
2015-03-25;13.93;3;13.93
2015-03-26;10.54;3;10.54
2015-03-27;8.793;3;8.793
2015-03-28;7.517;3;7.517
2015-03-29;7.682;3;7.682
2015-03-30;14.24;3;14.24
2015-03-31;28.09;3;28.09
2015-04-01;28.7;4;28.7
2015-04-02;13.67;4;13.67
2015-04-03;24.32;4;24.32
2015-04-04;40.65;4;40.65
2015-04-05;36.76;4;36.76
2015-04-06;21.12;4;21.12
2015-04-07;12.96;4;12.96
2015-04-08;11.71;4;11.71
2015-04-09;11.23;4;11.23
2015-04-10;10.82;4;10.82
2015-04-11;12.66;4;12.66
2015-04-12;11.39;4;11.39
2015-04-13;11.27;4;11.27
2015-04-14;9.101;4;9.101
2015-04-15;10.86;4;10.86
2015-04-16;23.4;4;23.4
2015-04-17;22.66;4;22.66
2015-04-18;43.47;4;43.47
2015-04-19;39.58;4;39.58
2015-04-20;27.94;4;27.94
2015-04-21;23.72;4;23.72
2015-04-22;16.23;4;16.23
2015-04-23;11.86;4;11.86
2015-04-24;10.42;4;10.42
2015-04-25;8.807;4;8.807
2015-04-26;10.16;4;10.16
2015-04-27;14.63;4;14.63
2015-04-28;22.0;4;22.0
2015-04-29;14.89;4;14.89
2015-04-30;9.468;4;9.468
2015-05-01;7.875;5;7.875
2015-05-02;7.244;5;7.244
2015-05-03;11.1;5;11.1
2015-05-04;6.96;5;6.96
2015-05-05;10.55;5;10.55
2015-05-06;6.706;5;6.706
2015-05-07;5.742;5;5.742
2015-05-08;5.18;5;5.18
2015-05-09;5.926;5;5.926
2015-05-10;8.744;5;8.744
2015-05-11;10.92;5;10.92
2015-05-12;6.946;5;6.946
2015-05-13;8.367;5;8.367
2015-05-14;13.16;5;13.16
2015-05-15;12.15;5;12.15
2015-05-16;10.99;5;10.99
2015-05-17;10.58;5;10.58
2015-05-18;11.01;5;11.01
2015-05-19;10.88;5;10.88
2015-05-20;8.37;5;8.37
2015-05-21;9.273;5;9.273
2015-05-22;12.23;5;12.23
2015-05-23;13.56;5;13.56
2015-05-24;10.25;5;10.25
2015-05-25;20.45;5;20.45
2015-05-26;17.3;5;17.3
2015-05-27;18.85;5;18.85
2015-05-28;14.44;5;14.44
2015-05-29;12.19;5;12.19
2015-05-30;13.71;5;13.71
2015-05-31;13.34;5;13.34
2015-06-01;89.0;6;89.0
2015-06-02;38.52;6;38.52
2015-06-03;29.51;6;29.51
2015-06-04;38.55;6;38.55
2015-06-05;63.84;6;63.84
2015-06-06;34.94;6;34.94
2015-06-07;19.17;6;19.17
2015-06-08;15.49;6;15.49
2015-06-09;12.44;6;12.44
2015-06-10;18.13;6;18.13
2015-06-11;16.81;6;16.81
2015-06-12;16.43;6;16.43
2015-06-13;29.46;6;29.46
2015-06-14;23.56;6;23.56
2015-06-15;18.82;6;18.82
2015-06-16;19.12;6;19.12
2015-06-17;12.92;6;12.92
2015-06-18;24.06;6;24.06
2015-06-19;30.89;6;30.89
2015-06-20;37.75;6;37.75
2015-06-21;17.59;6;17.59
2015-06-22;40.03;6;40.03
2015-06-23;40.5;6;40.5
2015-06-24;36.86;6;36.86
2015-06-25;53.32;6;53.32
2015-06-26;66.18;6;66.18
2015-06-27;51.32;6;51.32
2015-06-28;59.51;6;59.51
2015-06-29;58.15;6;58.15
2015-06-30;28.06;6;28.06
2015-07-01;20.37;7;20.37
2015-07-02;20.74;7;20.74
2015-07-03;14.52;7;14.52
2015-07-04;12.98;7;12.98
2015-07-05;19.15;7;19.15
2015-07-06;14.58;7;14.58
2015-07-07;11.56;7;11.56
2015-07-08;9.617;7;9.617
2015-07-09;7.868;7;7.868
2015-07-10;16.69;7;16.69
2015-07-11;13.8;7;13.8
2015-07-12;10.47;7;10.47
2015-07-13;9.488;7;9.488
2015-07-14;7.545;7;7.545
2015-07-15;16.45;7;16.45
2015-07-16;31.37;7;31.37
2015-07-17;19.02;7;19.02
2015-07-18;12.99;7;12.99
2015-07-19;13.26;7;13.26
2015-07-20;12.15;7;12.15
2015-07-21;36.56;7;36.56
2015-07-22;44.72;7;44.72
2015-07-23;63.24;7;63.24
2015-07-24;40.65;7;40.65
2015-07-25;24.19;7;24.19
2015-07-26;14.75;7;14.75
2015-07-27;21.86;7;21.86
2015-07-28;25.44;7;25.44
2015-07-29;19.99;7;19.99
2015-07-30;34.7;7;34.7
2015-07-31;28.72;7;28.72
2015-08-01;19.34;8;19.34
2015-08-02;16.1;8;16.1
2015-08-03;13.47;8;13.47
2015-08-04;10.4;8;10.4
2015-08-05;10.26;8;10.26
2015-08-06;9.855;8;9.855
2015-08-07;8.8;8;8.8
2015-08-08;10.06;8;10.06
2015-08-09;10.09;8;10.09
2015-08-10;7.861;8;7.861
2015-08-11;6.879;8;6.879
2015-08-12;6.33;8;6.33
2015-08-13;5.679;8;5.679
2015-08-14;5.899;8;5.899
2015-08-15;23.85;8;23.85
2015-08-16;41.36;8;41.36
2015-08-17;25.32;8;25.32
2015-08-18;16.45;8;16.45
2015-08-19;13.66;8;13.66
2015-08-20;16.36;8;16.36
2015-08-21;12.1;8;12.1
2015-08-22;9.425;8;9.425
2015-08-23;10.37;8;10.37
2015-08-24;15.33;8;15.33
2015-08-25;28.99;8;28.99
2015-08-26;19.81;8;19.81
2015-08-27;12.79;8;12.79
2015-08-28;10.42;8;10.42
2015-08-29;8.714;8;8.714
2015-08-30;8.527;8;8.527
2015-08-31;7.847;8;7.847
2015-09-01;9.681;9;9.681
2015-09-02;8.162;9;8.162
2015-09-03;7.025;9;7.025
2015-09-04;6.131;9;6.131
2015-09-05;5.579;9;5.579
2015-09-06;9.56;9;9.56
2015-09-07;16.91;9;16.91
2015-09-08;12.11;9;12.11
2015-09-09;8.477;9;8.477
2015-09-10;8.599;9;8.599
2015-09-11;11.38;9;11.38
2015-09-12;12.18;9;12.18
2015-09-13;8.229;9;8.229
2015-09-14;6.088;9;6.088
2015-09-15;5.369;9;5.369
2015-09-16;5.248;9;5.248
2015-09-17;4.676;9;4.676
2015-09-18;8.885;9;8.885
2015-09-19;7.461;9;7.461
2015-09-20;11.78;9;11.78
2015-09-21;7.549;9;7.549
2015-09-22;6.574;9;6.574
2015-09-23;4.808;9;4.808
2015-09-24;4.219;9;4.219
2015-09-25;3.784;9;3.784
2015-09-26;3.378;9;3.378
2015-09-27;3.19;9;3.19
2015-09-28;3.113;9;3.113
2015-09-29;2.855;9;2.855
2015-09-30;2.692;9;2.692
2015-10-01;4.821;10;4.821
2015-10-02;10.85;10;10.85
2015-10-03;11.72;10;11.72
2015-10-04;6.484;10;6.484
2015-10-05;4.739;10;4.739
2015-10-06;4.078;10;4.078
2015-10-07;3.504;10;3.504
2015-10-08;3.356;10;3.356
2015-10-09;3.161;10;3.161
2015-10-10;3.068;10;3.068
2015-10-11;2.947;10;2.947
2015-10-12;3.389;10;3.389
2015-10-13;5.364;10;5.364
2015-10-14;13.03;10;13.03
2015-10-15;10.18;10;10.18
2015-10-16;8.986;10;8.986
2015-10-17;10.13;10;10.13
2015-10-18;7.696;10;7.696
2015-10-19;8.312;10;8.312
2015-10-20;9.438;10;9.438
2015-10-21;6.096;10;6.096
2015-10-22;4.661;10;4.661
2015-10-23;4.83;10;4.83
2015-10-24;9.003;10;9.003
2015-10-25;12.14;10;12.14
2015-10-26;9.041;10;9.041
2015-10-27;5.569;10;5.569
2015-10-28;4.697;10;4.697
2015-10-29;4.944;10;4.944
2015-10-30;4.276;10;4.276
2015-10-31;3.695;10;3.695
2015-11-01;4.736;11;4.736
2015-11-02;33.78;11;33.78
2015-11-03;14.77;11;14.77
2015-11-04;9.093;11;9.093
2015-11-05;14.37;11;14.37
2015-11-06;16.03;11;16.03
2015-11-07;71.42;11;71.42
2015-11-08;63.98;11;63.98
2015-11-09;33.09;11;33.09
2015-11-10;15.72;11;15.72
2015-11-11;11.18;11;11.18
2015-11-12;8.656;11;8.656
2015-11-13;7.459;11;7.459
2015-11-14;7.714;11;7.714
2015-11-15;6.335;11;6.335
2015-11-16;7.374;11;7.374
2015-11-17;7.041;11;7.041
2015-11-18;6.188;11;6.188
2015-11-19;6.312;11;6.312
2015-11-20;24.45;11;24.45
2015-11-21;29.41;11;29.41
2015-11-22;49.96;11;49.96
2015-11-23;19.51;11;19.51
2015-11-24;16.51;11;16.51
2015-11-25;18.62;11;18.62
2015-11-26;13.59;11;13.59
2015-11-27;14.67;11;14.67
2015-11-28;12.16;11;12.16
2015-11-29;14.86;11;14.86
2015-11-30;13.38;11;13.38
2015-12-01;9.576;12;9.576
2015-12-02;8.176;12;8.176
2015-12-03;6.932;12;6.932
2015-12-04;13.82;12;13.82
2015-12-05;13.78;12;13.78
2015-12-06;9.778;12;9.778
2015-12-07;7.976;12;7.976
2015-12-08;6.629;12;6.629
2015-12-09;6.01;12;6.01
2015-12-10;5.411;12;5.411
2015-12-11;4.871;12;4.871
2015-12-12;4.363;12;4.363
2015-12-13;4.009;12;4.009
2015-12-14;3.835;12;3.835
2015-12-15;4.333;12;4.333
2015-12-16;4.718;12;4.718
2015-12-17;4.713;12;4.713
2015-12-18;4.923;12;4.923
2015-12-19;5.044;12;5.044
2015-12-20;4.403;12;4.403
2015-12-21;3.939;12;3.939
2015-12-22;3.463;12;3.463
2015-12-23;3.127;12;3.127
2015-12-24;2.847;12;2.847
2015-12-25;2.615;12;2.615
2015-12-26;2.46;12;2.46
2015-12-27;2.35;12;2.35
2015-12-28;2.303;12;2.303
2015-12-29;2.229;12;2.229
2015-12-30;2.145;12;2.145
2015-12-31;2.124;12;2.124
2016-01-01;2.082;1;2.082
2016-01-02;2.039;1;2.039
2016-01-03;2.062;1;2.062
2016-01-04;2.627;1;2.627
2016-01-05;3.732;1;3.732
2016-01-06;8.123;1;8.123
2016-01-07;6.76;1;6.76
2016-01-08;5.332;1;5.332
2016-01-09;4.365;1;4.365
2016-01-10;3.841;1;3.841
2016-01-11;3.437;1;3.437
2016-01-12;2.954;1;2.954
2016-01-13;2.588;1;2.588
2016-01-14;2.322;1;2.322
2016-01-15;2.18;1;2.18
2016-01-16;2.061;1;2.061
2016-01-17;1.951;1;1.951
2016-01-18;1.863;1;1.863
2016-01-19;1.767;1;1.767
2016-01-20;1.724;1;1.724
2016-01-21;1.704;1;1.704
2016-01-22;1.694;1;1.694
2016-01-23;1.671;1;1.671
2016-01-24;1.652;1;1.652
2016-01-25;1.618;1;1.618
2016-01-26;1.601;1;1.601
2016-01-27;1.58;1;1.58
2016-01-28;1.548;1;1.548
2016-01-29;2.226;1;2.226
2016-01-30;7.411;1;7.411
2016-01-31;6.274;1;6.274
2016-02-01;6.199;2;6.199
2016-02-02;4.482;2;4.482
2016-02-03;4.055;2;4.055
2016-02-04;3.579;2;3.579
2016-02-05;3.074;2;3.074
2016-02-06;2.722;2;2.722
2016-02-07;2.391;2;2.391
2016-02-08;2.221;2;2.221
2016-02-09;2.103;2;2.103
2016-02-10;1.981;2;1.981
2016-02-11;1.903;2;1.903
2016-02-12;1.786;2;1.786
2016-02-13;1.733;2;1.733
2016-02-14;1.705;2;1.705
2016-02-15;1.711;2;1.711
2016-02-16;1.671;2;1.671
2016-02-17;1.67;2;1.67
2016-02-18;1.618;2;1.618
2016-02-19;1.618;2;1.618
2016-02-20;1.58;2;1.58
2016-02-21;1.566;2;1.566
2016-02-22;4.956;2;4.956
2016-02-23;6.457;2;6.457
2016-02-24;7.251;2;7.251
2016-02-25;8.771;2;8.771
2016-02-26;11.328;2;11.328
2016-02-27;6.091;2;6.091
2016-02-28;4.327;2;4.327
2016-02-29;3.162;2;3.162
2016-03-01;2.527;3;2.527
2016-03-02;2.211;3;2.211
2016-03-03;2.033;3;2.033
2016-03-04;1.965;3;1.965
2016-03-05;2.438;3;2.438
2016-03-06;2.207;3;2.207
2016-03-07;1.94;3;1.94
2016-03-08;2.073;3;2.073
2016-03-09;1.969;3;1.969
2016-03-10;2.542;3;2.542
2016-03-11;10.005;3;10.005
2016-03-12;14.944;3;14.944
2016-03-13;8.826;3;8.826
2016-03-14;5.598;3;5.598
2016-03-15;5.992;3;5.992
2016-03-16;4.051;3;4.051
2016-03-17;3.45;3;3.45
2016-03-18;6.798;3;6.798
2016-03-19;4.507;3;4.507
2016-03-20;3.819;3;3.819
2016-03-21;3.765;3;3.765
2016-03-22;4.568;3;4.568
2016-03-23;4.627;3;4.627
2016-03-24;7.544;3;7.544
2016-03-25;4.821;3;4.821
2016-03-26;3.456;3;3.456
2016-03-27;2.842;3;2.842
2016-03-28;3.873;3;3.873
2016-03-29;3.277;3;3.277
2016-03-30;3.237;3;3.237
2016-03-31;9.422;3;9.422
2016-04-01;8.54;4;8.54
2016-04-02;11.708;4;11.708
2016-04-03;18.527;4;18.527
2016-04-04;43.846;4;43.846
2016-04-05;32.82;4;32.82
2016-04-06;28.615;4;28.615
2016-04-07;23.828;4;23.828
2016-04-08;11.418;4;11.418
2016-04-09;9.031;4;9.031
2016-04-10;11.356;4;11.356
2016-04-11;14.542;4;14.542
2016-04-12;21.428;4;21.428
2016-04-13;19.445;4;19.445
2016-04-14;16.734;4;16.734
2016-04-15;15.404;4;15.404
2016-04-16;17.896;4;17.896
2016-04-17;18.222;4;18.222
2016-04-18;16.364;4;16.364
2016-04-19;10.384;4;10.384
2016-04-20;8.438;4;8.438
2016-04-21;8.094;4;8.094
2016-04-22;7.441;4;7.441
2016-04-23;16.745;4;16.745
2016-04-24;10.816;4;10.816
2016-04-25;14.334;4;14.334
2016-04-26;15.726;4;15.726
2016-04-27;22.463;4;22.463
2016-04-28;25.084;4;25.084
2016-04-29;49.754;4;49.754
2016-04-30;57.391;4;57.391
2016-05-01;63.391;5;63.391
2016-05-02;60.982;5;60.982
2016-05-03;50.396;5;50.396
2016-05-04;41.362;5;41.362
2016-05-05;24.828;5;24.828
2016-05-06;32.106;5;32.106
2016-05-07;55.293;5;55.293
2016-05-08;32.185;5;32.185
2016-05-09;52.982;5;52.982
2016-05-10;47.871;5;47.871
2016-05-11;36.621;5;36.621
2016-05-12;24.128;5;24.128
2016-05-13;18.997;5;18.997
2016-05-14;18.294;5;18.294
2016-05-15;15.413;5;15.413
2016-05-16;14.505;5;14.505
2016-05-17;23.588;5;23.588
2016-05-18;23.052;5;23.052
2016-05-19;23.058;5;23.058
2016-05-20;17.085;5;17.085
2016-05-21;13.199;5;13.199
2016-05-22;10.837;5;10.837
2016-05-23;9.766;5;9.766
2016-05-24;10.938;5;10.938
2016-05-25;11.347;5;11.347
2016-05-26;11.037;5;11.037
2016-05-27;19.322;5;19.322
2016-05-28;23.872;5;23.872
2016-05-29;22.881;5;22.881
2016-05-30;22.658;5;22.658
2016-05-31;26.056;5;26.056
2016-06-01;22.604;6;22.604
2016-06-02;14.675;6;14.675
2016-06-03;12.763;6;12.763
2016-06-04;10.612;6;10.612
2016-06-05;8.968;6;8.968
2016-06-06;7.739;6;7.739
2016-06-07;9.369;6;9.369
2016-06-08;11.475;6;11.475
2016-06-09;9.683;6;9.683
2016-06-10;14.634;6;14.634
2016-06-11;20.011;6;20.011
2016-06-12;12.586;6;12.586
2016-06-13;9.824;6;9.824
2016-06-14;15.725;6;15.725
2016-06-15;44.345;6;44.345
2016-06-16;29.655;6;29.655
2016-06-17;18.151;6;18.151
2016-06-18;14.452;6;14.452
2016-06-19;16.6;6;16.6
2016-06-20;28.394;6;28.394
2016-06-21;27.508;6;27.508
2016-06-22;22.426;6;22.426
2016-06-23;20.775;6;20.775
2016-06-24;24.952;6;24.952
2016-06-25;32.128;6;32.128
2016-06-26;21.951;6;21.951
2016-06-27;17.119;6;17.119
2016-06-28;12.562;6;12.562
2016-06-29;11.503;6;11.503
2016-06-30;12.769;6;12.769
2016-07-01;55.812;7;55.812
2016-07-02;38.325;7;38.325
2016-07-03;22.646;7;22.646
2016-07-04;24.768;7;24.768
2016-07-05;41.643;7;41.643
2016-07-06;114.503;7;114.503
2016-07-07;73.999;7;73.999
2016-07-08;32.918;7;32.918
2016-07-09;19.898;7;19.898
2016-07-10;14.646;7;14.646
2016-07-11;13.3;7;13.3
2016-07-12;24.391;7;24.391
2016-07-13;18.366;7;18.366
2016-07-14;14.823;7;14.823
2016-07-15;12.546;7;12.546
2016-07-16;14.228;7;14.228
2016-07-17;16.87;7;16.87
2016-07-18;19.137;7;19.137
2016-07-19;17.888;7;17.888
2016-07-20;28.506;7;28.506
2016-07-21;24.166;7;24.166
2016-07-22;26.513;7;26.513
2016-07-23;23.85;7;23.85
2016-07-24;18.138;7;18.138
2016-07-25;17.368;7;17.368
2016-07-26;15.895;7;15.895
2016-07-27;15.847;7;15.847
2016-07-28;20.061;7;20.061
2016-07-29;19.732;7;19.732
2016-07-30;15.548;7;15.548
2016-07-31;14.019;7;14.019
2016-08-01;14.675;8;14.675
2016-08-02;27.133;8;27.133
2016-08-03;31.46;8;31.46
2016-08-04;37.694;8;37.694
2016-08-05;27.779;8;27.779
2016-08-06;18.529;8;18.529
2016-08-07;12.404;8;12.404
2016-08-08;31.811;8;31.811
2016-08-09;20.34;8;20.34
2016-08-10;19.685;8;19.685
2016-08-11;17.713;8;17.713
2016-08-12;14.714;8;14.714
2016-08-13;17.806;8;17.806
2016-08-14;17.186;8;17.186
2016-08-15;13.171;8;13.171
2016-08-16;15.652;8;15.652
2016-08-17;25.386;8;25.386
2016-08-18;97.739;8;97.739
2016-08-19;40.035;8;40.035
2016-08-20;19.728;8;19.728
2016-08-21;14.145;8;14.145
2016-08-22;21.318;8;21.318
2016-08-23;18.27;8;18.27
2016-08-24;12.413;8;12.413
2016-08-25;10.607;8;10.607
2016-08-26;9.887;8;9.887
2016-08-27;12.806;8;12.806
2016-08-28;10.775;8;10.775
2016-08-29;9.64;8;9.64
2016-08-30;12.665;8;12.665
2016-08-31;12.35;8;12.35
2016-09-01;55.256;9;55.256
2016-09-02;22.656;9;22.656
2016-09-03;13.899;9;13.899
2016-09-04;10.681;9;10.681
2016-09-05;11.426;9;11.426
2016-09-06;11.273;9;11.273
2016-09-07;14.169;9;14.169
2016-09-08;20.596;9;20.596
2016-09-09;14.654;9;14.654
2016-09-10;12.691;9;12.691
2016-09-11;29.177;9;29.177
2016-09-12;36.308;9;36.308
2016-09-13;40.907;9;40.907
2016-09-14;32.342;9;32.342
2016-09-15;99.439;9;99.439
2016-09-16;28.473;9;28.473
2016-09-17;18.88;9;18.88
2016-09-18;18.872;9;18.872
2016-09-19;14.841;9;14.841
2016-09-20;14.317;9;14.317
2016-09-21;12.255;9;12.255
2016-09-22;11.661;9;11.661
2016-09-23;9.528;9;9.528
2016-09-24;14.369;9;14.369
2016-09-25;39.072;9;39.072
2016-09-26;17.591;9;17.591
2016-09-27;12.121;9;12.121
2016-09-28;9.88;9;9.88
2016-09-29;9.362;9;9.362
2016-09-30;12.729;9;12.729
2016-10-01;18.709;10;18.709
2016-10-02;78.891;10;78.891
2016-10-03;69.95;10;69.95
2016-10-04;46.985;10;46.985
2016-10-05;73.553;10;73.553
2016-10-06;28.202;10;28.202
2016-10-07;31.492;10;31.492
2016-10-08;37.209;10;37.209
2016-10-09;27.629;10;27.629
2016-10-10;22.909;10;22.909
2016-10-11;20.73;10;20.73
2016-10-12;21.193;10;21.193
2016-10-13;24.879;10;24.879
2016-10-14;22.661;10;22.661
2016-10-15;24.803;10;24.803
2016-10-16;23.753;10;23.753
2016-10-17;30.438;10;30.438
2016-10-18;24.396;10;24.396
2016-10-19;14.452;10;14.452
2016-10-20;12.001;10;12.001
2016-10-21;10.268;10;10.268
2016-10-22;9.367;10;9.367
2016-10-23;9.899;10;9.899
2016-10-24;9.338;10;9.338
2016-10-25;14.266;10;14.266
2016-10-26;17.622;10;17.622
2016-10-27;13.638;10;13.638
2016-10-28;22.001;10;22.001
2016-10-29;40.154;10;40.154
2016-10-30;26.327;10;26.327
2016-10-31;24.235;10;24.235
2016-11-01;35.729;11;35.729
2016-11-02;36.263;11;36.263
2016-11-03;19.152;11;19.152
2016-11-04;16.917;11;16.917
2016-11-05;20.04;11;20.04
2016-11-06;17.206;11;17.206
2016-11-07;26.461;11;26.461
2016-11-08;44.261;11;44.261
2016-11-09;48.897;11;48.897
2016-11-10;33.455;11;33.455
2016-11-11;103.643;11;103.643
2016-11-12;62.635;11;62.635
2016-11-13;40.448;11;40.448
2016-11-14;33.59;11;33.59
2016-11-15;32.346;11;32.346
2016-11-16;24.448;11;24.448
2016-11-17;19.52;11;19.52
2016-11-18;45.688;11;45.688
2016-11-19;94.164;11;94.164
2016-11-20;53.476;11;53.476
2016-11-21;32.655;11;32.655
2016-11-22;26.249;11;26.249
2016-11-23;35.255;11;35.255
2016-11-24;20.145;11;20.145
2016-11-25;21.74;11;21.74
2016-11-26;31.317;11;31.317
2016-11-27;49.056;11;49.056
2016-11-28;67.452;11;67.452
2016-11-29;41.744;11;41.744
2016-11-30;40.481;11;40.481
2016-12-01;42.595;12;42.595
2016-12-02;65.556;12;65.556
2016-12-03;73.391;12;73.391
2016-12-04;61.039;12;61.039
2016-12-05;37.011;12;37.011
2016-12-06;30.389;12;30.389
2016-12-07;24.15;12;24.15
2016-12-08;17.807;12;17.807
2016-12-09;17.01;12;17.01
2016-12-10;23.821;12;23.821
2016-12-11;20.937;12;20.937
2016-12-12;13.79;12;13.79
2016-12-13;11.508;12;11.508
2016-12-14;10.272;12;10.272
2016-12-15;9.398;12;9.398
2016-12-16;9.237;12;9.237
2016-12-17;8.194;12;8.194
2016-12-18;7.596;12;7.596
2016-12-19;7.037;12;7.037
2016-12-20;7.008;12;7.008
2016-12-21;12.035;12;12.035
2016-12-22;16.351;12;16.351
2016-12-23;14.708;12;14.708
2016-12-24;18.328;12;18.328
2016-12-25;11.248;12;11.248
2016-12-26;9.703;12;9.703
2016-12-27;9.776;12;9.776
2016-12-28;12.742;12;12.742
2016-12-29;11.03;12;11.03
2016-12-30;8.456;12;8.456
2016-12-31;7.862;12;7.862
2017-01-01;10.81;1;10.81
2017-01-02;8.33;1;8.33
2017-01-03;7.252;1;7.252
2017-01-04;7.338;1;7.338
2017-01-05;7.105;1;7.105
2017-01-06;7.18;1;7.18
2017-01-07;6.868;1;6.868
2017-01-08;9.703;1;9.703
2017-01-09;24.258;1;24.258
2017-01-10;20.558;1;20.558
2017-01-11;29.507;1;29.507
2017-01-12;32.183;1;32.183
2017-01-13;18.2;1;18.2
2017-01-14;13.99;1;13.99
2017-01-15;11.207;1;11.207
2017-01-16;9.62;1;9.62
2017-01-17;15.993;1;15.993
2017-01-18;33.271;1;33.271
2017-01-19;46.484;1;46.484
2017-01-20;28.972;1;28.972
2017-01-21;18.13;1;18.13
2017-01-22;13.41;1;13.41
2017-01-23;10.489;1;10.489
2017-01-24;9.33;1;9.33
2017-01-25;9.104;1;9.104
2017-01-26;9.194;1;9.194
2017-01-27;10.966;1;10.966
2017-01-28;9.649;1;9.649
2017-01-29;8.746;1;8.746
2017-01-30;7.563;1;7.563
2017-01-31;7.761;1;7.761
2017-02-01;8.509;2;8.509
2017-02-02;7.309;2;7.309
2017-02-03;6.335;2;6.335
2017-02-04;5.753;2;5.753
2017-02-05;5.233;2;5.233
2017-02-06;4.681;2;4.681
2017-02-07;4.288;2;4.288
2017-02-08;4.158;2;4.158
2017-02-09;4.141;2;4.141
2017-02-10;5.176;2;5.176
2017-02-11;6.022;2;6.022
2017-02-12;12.312;2;12.312
2017-02-13;9.871;2;9.871
2017-02-14;5.902;2;5.902
2017-02-15;4.553;2;4.553
2017-02-16;4.186;2;4.186
2017-02-17;-999.000;2;6.057
2017-02-18;-999.000;2;27.574
2017-02-19;-999.000;2;5.9
2017-02-20;-999.000;2;14.395
2017-02-21;-999.000;2;18.7
2017-02-22;-999.000;2;2.42
2017-02-23;-999.000;2;5.6
2017-02-24;-999.000;2;3.092
2017-02-25;-999.000;2;4.33
2017-02-26;-999.000;2;18.1
2017-02-27;-999.000;2;4.7
2017-02-28;-999.000;2;7.9
2017-03-01;-999.000;3;10.5
2017-03-02;-999.000;3;3.1
2017-03-03;-999.000;3;3.3
2017-03-04;-999.000;3;7.544
2017-03-05;-999.000;3;18.2
2017-03-06;-999.000;3;3.3
2017-03-07;-999.000;3;5.9
2017-03-08;-999.000;3;1.87
2017-03-09;-999.000;3;5.805
2017-03-10;-999.000;3;4.042
2017-03-11;-999.000;3;38.581
2017-03-12;-999.000;3;7.8
2017-03-13;-999.000;3;17.36
2017-03-14;-999.000;3;8.7
2017-03-15;-999.000;3;3.1
2017-03-16;-999.000;3;2.9
2017-03-17;-999.000;3;21.17
2017-03-18;-999.000;3;37.2
2017-03-19;-999.000;3;3.5
2017-03-20;-999.000;3;8.284
2017-03-21;-999.000;3;6.2
2017-03-22;-999.000;3;2.4
2017-03-23;-999.000;3;10.201
2017-03-24;-999.000;3;5.3
2017-03-25;-999.000;3;3.403
2017-03-26;-999.000;3;3.96
2017-03-27;-999.000;3;1.88
2017-03-28;-999.000;3;48.8
2017-03-29;-999.000;3;39.756
2017-03-30;-999.000;3;12.6
2017-03-31;-999.000;3;19.2
2017-04-01;-999.000;4;16.8
2017-04-02;-999.000;4;10.0
2017-04-03;-999.000;4;10.1
2017-04-04;-999.000;4;70.5
2017-04-05;-999.000;4;37.761
2017-04-06;-999.000;4;2.19
2017-04-07;-999.000;4;19.3
2017-04-08;-999.000;4;12.49
2017-04-09;-999.000;4;42.1
2017-04-10;-999.000;4;10.1
2017-04-11;-999.000;4;21.4
2017-04-12;-999.000;4;10.1
2017-04-13;-999.000;4;16.3
2017-04-14;-999.000;4;30.9
2017-04-15;-999.000;4;17.5
2017-04-16;-999.000;4;7.418
2017-04-17;-999.000;4;16.9
2017-04-18;-999.000;4;15.726
2017-04-19;-999.000;4;14.227
2017-04-20;-999.000;4;9.269
2017-04-21;-999.000;4;14.4
2017-04-22;-999.000;4;43.846
2017-04-23;-999.000;4;3.95
2017-04-24;-999.000;4;16.4
2017-04-25;-999.000;4;11.71
2017-04-26;-999.000;4;6.7
2017-04-27;-999.000;4;64.52
2017-04-28;-999.000;4;35.94
2017-04-29;-999.000;4;15.5
2017-04-30;-999.000;4;7.65
2017-05-01;-999.000;5;86.6
2017-05-02;-999.000;5;60.8
2017-05-03;-999.000;5;39.6
2017-05-04;-999.000;5;14.4
2017-05-05;-999.000;5;13.49
2017-05-06;-999.000;5;25.0
2017-05-07;-999.000;5;87.4
2017-05-08;-999.000;5;26.3
2017-05-09;-999.000;5;53.8
2017-05-10;-999.000;5;11.992
2017-05-11;-999.000;5;6.6
2017-05-12;-999.000;5;10.0
2017-05-13;-999.000;5;26.393
2017-05-14;141.456;5;141.456
2017-05-15;122.948;5;122.948
2017-05-16;71.633;5;71.633
2017-05-17;43.506;5;43.506
2017-05-18;31.611;5;31.611
2017-05-19;25.021;5;25.021
2017-05-20;20.974;5;20.974
2017-05-21;19.261;5;19.261
2017-05-22;77.745;5;77.745
2017-05-23;34.81;5;34.81
2017-05-24;29.091;5;29.091
2017-05-25;22.665;5;22.665
2017-05-26;17.158;5;17.158
2017-05-27;14.705;5;14.705
2017-05-28;13.18;5;13.18
2017-05-29;11.992;5;11.992
2017-05-30;11.0;5;11.0
2017-05-31;10.118;5;10.118
2017-06-01;10.768;6;10.768
2017-06-02;10.925;6;10.925
2017-06-03;9.136;6;9.136
2017-06-04;11.328;6;11.328
2017-06-05;25.213;6;25.213
2017-06-06;31.219;6;31.219
2017-06-07;48.938;6;48.938
2017-06-08;27.286;6;27.286
2017-06-09;29.595;6;29.595
2017-06-10;25.79;6;25.79
2017-06-11;41.193;6;41.193
2017-06-12;110.026;6;110.026
2017-06-13;84.717;6;84.717
2017-06-14;35.702;6;35.702
2017-06-15;33.73;6;33.73
2017-06-16;39.142;6;39.142
2017-06-17;30.995;6;30.995
2017-06-18;35.163;6;35.163
2017-06-19;40.257;6;40.257
2017-06-20;28.683;6;28.683
2017-06-21;28.084;6;28.084
2017-06-22;31.41;6;31.41
2017-06-23;59.55;6;59.55
2017-06-24;27.088;6;27.088
2017-06-25;24.647;6;24.647
2017-06-26;25.352;6;25.352
2017-06-27;38.359;6;38.359
2017-06-28;29.093;6;29.093
2017-06-29;21.661;6;21.661
2017-06-30;19.636;6;19.636
2017-07-01;39.945;7;39.945
2017-07-02;35.423;7;35.423
2017-07-03;25.104;7;25.104
2017-07-04;19.389;7;19.389
2017-07-05;16.07;7;16.07
2017-07-06;16.028;7;16.028
2017-07-07;15.788;7;15.788
2017-07-08;17.783;7;17.783
2017-07-09;28.893;7;28.893
2017-07-10;28.491;7;28.491
2017-07-11;43.863;7;43.863
2017-07-12;51.879;7;51.879
2017-07-13;25.7;7;25.7
2017-07-14;17.429;7;17.429
2017-07-15;19.172;7;19.172
2017-07-16;30.243;7;30.243
2017-07-17;25.866;7;25.866
2017-07-18;21.412;7;21.412
2017-07-19;21.467;7;21.467
2017-07-20;20.754;7;20.754
2017-07-21;15.93;7;15.93
2017-07-22;14.839;7;14.839
2017-07-23;29.807;7;29.807
2017-07-24;24.857;7;24.857
2017-07-25;59.795;7;59.795
2017-07-26;40.976;7;40.976
2017-07-27;48.007;7;48.007
2017-07-28;42.072;7;42.072
2017-07-29;43.337;7;43.337
2017-07-30;48.142;7;48.142
2017-07-31;41.735;7;41.735
2017-08-01;23.193;8;23.193
2017-08-02;17.068;8;17.068
2017-08-03;13.836;8;13.836
2017-08-04;18.507;8;18.507
2017-08-05;17.868;8;17.868
2017-08-06;14.022;8;14.022
2017-08-07;21.146;8;21.146
2017-08-08;16.437;8;16.437
2017-08-09;28.273;8;28.273
2017-08-10;16.959;8;16.959
2017-08-11;13.089;8;13.089
2017-08-12;11.503;8;11.503
2017-08-13;10.703;8;10.703
2017-08-14;9.556;8;9.556
2017-08-15;8.323;8;8.323
2017-08-16;8.015;8;8.015
2017-08-17;7.61;8;7.61
2017-08-18;7.467;8;7.467
2017-08-19;11.918;8;11.918
2017-08-20;24.443;8;24.443
2017-08-21;12.988;8;12.988
2017-08-22;13.242;8;13.242
2017-08-23;9.866;8;9.866
2017-08-24;12.456;8;12.456
2017-08-25;13.941;8;13.941
2017-08-26;11.284;8;11.284
2017-08-27;10.415;8;10.415
2017-08-28;12.782;8;12.782
2017-08-29;10.391;8;10.391
2017-08-30;30.344;8;30.344
2017-08-31;61.498;8;61.498
2017-09-01;20.167;9;20.167
2017-09-02;14.21;9;14.21
2017-09-03;22.423;9;22.423
2017-09-04;14.676;9;14.676
2017-09-05;11.14;9;11.14
2017-09-06;9.678;9;9.678
2017-09-07;9.083;9;9.083
2017-09-08;11.821;9;11.821
2017-09-09;14.69;9;14.69
2017-09-10;12.059;9;12.059
2017-09-11;10.214;9;10.214
2017-09-12;8.341;9;8.341
2017-09-13;7.574;9;7.574
2017-09-14;7.485;9;7.485
2017-09-15;7.205;9;7.205
2017-09-16;7.015;9;7.015
2017-09-17;6.729;9;6.729
2017-09-18;6.873;9;6.873
2017-09-19;8.015;9;8.015
2017-09-20;6.6;9;6.6
2017-09-21;6.383;9;6.383
2017-09-22;5.839;9;5.839
2017-09-23;5.411;9;5.411
2017-09-24;6.318;9;6.318
2017-09-25;11.261;9;11.261
2017-09-26;7.306;9;7.306
2017-09-27;6.165;9;6.165
2017-09-28;10.216;9;10.216
2017-09-29;19.268;9;19.268
2017-09-30;13.773;9;13.773
2017-10-01;13.383;10;13.383
2017-10-02;17.27;10;17.27
2017-10-03;13.213;10;13.213
2017-10-04;9.457;10;9.457
2017-10-05;8.739;10;8.739
2017-10-06;8.112;10;8.112
2017-10-07;6.965;10;6.965
2017-10-08;8.946;10;8.946
2017-10-09;15.191;10;15.191
2017-10-10;22.361;10;22.361
2017-10-11;36.447;10;36.447
2017-10-12;19.687;10;19.687
2017-10-13;17.243;10;17.243
2017-10-14;14.888;10;14.888
2017-10-15;11.915;10;11.915
2017-10-16;12.878;10;12.878
2017-10-17;12.265;10;12.265
2017-10-18;9.999;10;9.999
2017-10-19;9.71;10;9.71
2017-10-20;10.333;10;10.333
2017-10-21;11.259;10;11.259
2017-10-22;10.295;10;10.295
2017-10-23;8.764;10;8.764
2017-10-24;7.52;10;7.52
2017-10-25;8.809;10;8.809
2017-10-26;14.444;10;14.444
2017-10-27;15.917;10;15.917
2017-10-28;23.653;10;23.653
2017-10-29;81.796;10;81.796
2017-10-30;47.917;10;47.917
2017-10-31;29.329;10;29.329
2017-11-01;23.425;11;23.425
2017-11-02;21.115;11;21.115
2017-11-03;53.391;11;53.391
2017-11-04;118.13;11;118.13
2017-11-05;46.213;11;46.213
2017-11-06;30.328;11;30.328
2017-11-07;25.17;11;25.17
2017-11-08;32.711;11;32.711
2017-11-09;40.41;11;40.41
2017-11-10;37.723;11;37.723
2017-11-11;69.257;11;69.257
2017-11-12;30.344;11;30.344
2017-11-13;25.205;11;25.205
2017-11-14;43.12;11;43.12
2017-11-15;61.234;11;61.234
2017-11-16;39.809;11;39.809
2017-11-17;37.385;11;37.385
2017-11-18;38.765;11;38.765
2017-11-19;76.133;11;76.133
2017-11-20;50.843;11;50.843
2017-11-21;29.781;11;29.781
2017-11-22;21.575;11;21.575
2017-11-23;19.057;11;19.057
2017-11-24;19.136;11;19.136
2017-11-25;22.48;11;22.48
2017-11-26;18.396;11;18.396
2017-11-27;17.567;11;17.567
2017-11-28;15.558;11;15.558
2017-11-29;13.867;11;13.867
2017-11-30;13.521;11;13.521
2017-12-01;36.79;12;36.79
2017-12-02;64.246;12;64.246
2017-12-03;26.993;12;26.993
2017-12-04;18.474;12;18.474
2017-12-05;15.443;12;15.443
2017-12-06;12.811;12;12.811
2017-12-07;11.201;12;11.201
2017-12-08;10.391;12;10.391
2017-12-09;12.314;12;12.314
2017-12-10;13.454;12;13.454
2017-12-11;15.362;12;15.362
2017-12-12;27.178;12;27.178
2017-12-13;25.09;12;25.09
2017-12-14;15.163;12;15.163
2017-12-15;12.476;12;12.476
2017-12-16;11.417;12;11.417
2017-12-17;10.145;12;10.145
2017-12-18;9.119;12;9.119
2017-12-19;8.416;12;8.416
2017-12-20;7.907;12;7.907
2017-12-21;7.517;12;7.517
2017-12-22;7.162;12;7.162
2017-12-23;7.216;12;7.216
2017-12-24;7.811;12;7.811
2017-12-25;8.492;12;8.492
2017-12-26;18.184;12;18.184
2017-12-27;29.102;12;29.102
2017-12-28;18.1;12;18.1
2017-12-29;14.106;12;14.106
2017-12-30;21.422;12;21.422
2017-12-31;22.084;12;22.084
2018-01-01;48.765;1;48.765
2018-01-02;43.016;1;43.016
2018-01-03;29.678;1;29.678
2018-01-04;22.379;1;22.379
2018-01-05;18.201;1;18.201
2018-01-06;17.867;1;17.867
2018-01-07;17.573;1;17.573
2018-01-08;14.424;1;14.424
2018-01-09;17.215;1;17.215
2018-01-10;20.723;1;20.723
2018-01-11;13.953;1;13.953
2018-01-12;13.579;1;13.579
2018-01-13;15.686;1;15.686
2018-01-14;17.947;1;17.947
2018-01-15;20.219;1;20.219
2018-01-16;18.833;1;18.833
2018-01-17;15.156;1;15.156
2018-01-18;15.746;1;15.746
2018-01-19;16.828;1;16.828
2018-01-20;22.953;1;22.953
2018-01-21;16.688;1;16.688
2018-01-22;12.682;1;12.682
2018-01-23;10.64;1;10.64
2018-01-24;9.366;1;9.366
2018-01-25;8.448;1;8.448
2018-01-26;7.775;1;7.775
2018-01-27;7.273;1;7.273
2018-01-28;6.879;1;6.879
2018-01-29;6.57;1;6.57
2018-01-30;6.237;1;6.237
2018-01-31;6.002;1;6.002
2018-02-01;5.768;2;5.768
2018-02-02;13.257;2;13.257
2018-02-03;23.51;2;23.51
2018-02-04;17.585;2;17.585
2018-02-05;10.949;2;10.949
2018-02-06;8.341;2;8.341
2018-02-07;12.638;2;12.638
2018-02-08;11.642;2;11.642
2018-02-09;8.785;2;8.785
2018-02-10;7.585;2;7.585
2018-02-11;6.616;2;6.616
2018-02-12;7.238;2;7.238
2018-02-13;6.236;2;6.236
2018-02-14;6.005;2;6.005
2018-02-15;6.251;2;6.251
2018-02-16;5.789;2;5.789
2018-02-17;5.545;2;5.545
2018-02-18;7.402;2;7.402
2018-02-19;8.617;2;8.617
2018-02-20;22.765;2;22.765
2018-02-21;36.266;2;36.266
2018-02-22;27.023;2;27.023
2018-02-23;37.169;2;37.169
2018-02-24;63.008;2;63.008
2018-02-25;36.726;2;36.726
2018-02-26;26.431;2;26.431
2018-02-27;17.332;2;17.332
2018-02-28;14.395;2;14.395
2018-03-01;11.484;3;11.484
2018-03-02;10.842;3;10.842
2018-03-03;10.885;3;10.885
2018-03-04;10.128;3;10.128
2018-03-05;13.084;3;13.084
2018-03-06;10.751;3;10.751
2018-03-07;10.121;3;10.121
2018-03-08;9.825;3;9.825
2018-03-09;9.889;3;9.889
2018-03-10;8.864;3;8.864
2018-03-11;7.671;3;7.671
2018-03-12;6.67;3;6.67
2018-03-13;6.052;3;6.052
2018-03-14;5.603;3;5.603
2018-03-15;5.283;3;5.283
2018-03-16;5.101;3;5.101
2018-03-17;4.86;3;4.86
2018-03-18;4.611;3;4.611
2018-03-19;5.742;3;5.742
2018-03-20;6.015;3;6.015
2018-03-21;4.786;3;4.786
2018-03-22;3.752;3;3.752
2018-03-23;3.756;3;3.756
2018-03-24;8.167;3;8.167
2018-03-25;12.504;3;12.504
2018-03-26;8.384;3;8.384
2018-03-27;10.201;3;10.201
2018-03-28;12.836;3;12.836
2018-03-29;8.947;3;8.947
2018-03-30;14.702;3;14.702
2018-03-31;35.406;3;35.406
2018-04-01;61.694;4;61.694
2018-04-02;54.844;4;54.844
2018-04-03;60.448;4;60.448
2018-04-04;137.932;4;137.932
2018-04-05;62.14;4;62.14
2018-04-06;69.745;4;69.745
2018-04-07;73.435;4;73.435
2018-04-08;43.297;4;43.297
2018-04-09;23.873;4;23.873
2018-04-10;19.307;4;19.307
2018-04-11;35.94;4;35.94
2018-04-12;60.335;4;60.335
2018-04-13;55.101;4;55.101
2018-04-14;79.041;4;79.041
2018-04-15;40.783;4;40.783
2018-04-16;25.977;4;25.977
2018-04-17;24.222;4;24.222
2018-04-18;29.277;4;29.277
2018-04-19;23.609;4;23.609
2018-04-20;15.566;4;15.566
2018-04-21;13.554;4;13.554
2018-04-22;10.875;4;10.875
2018-04-23;10.227;4;10.227
2018-04-24;8.979;4;8.979
2018-04-25;9.269;4;9.269
2018-04-26;8.584;4;8.584
2018-04-27;37.761;4;37.761
2018-04-28;30.093;4;30.093
2018-04-29;40.602;4;40.602
2018-04-30;38.545;4;38.545
2018-05-01;17.503;5;17.503
2018-05-02;98.876;5;98.876
2018-05-03;59.819;5;59.819
2018-05-04;64.56;5;64.56
2018-05-05;64.416;5;64.416
2018-05-06;54.104;5;54.104
2018-05-07;52.72;5;52.72
2018-05-08;72.784;5;72.784
2018-05-09;99.691;5;99.691
2018-05-10;62.404;5;62.404
2018-05-11;41.427;5;41.427
2018-05-12;42.412;5;42.412
2018-05-13;37.705;5;37.705
2018-05-14;38.786;5;38.786
2018-05-15;49.712;5;49.712
2018-05-16;35.618;5;35.618
2018-05-17;18.909;5;18.909
2018-05-18;14.11;5;14.11
2018-05-19;12.109;5;12.109
2018-05-20;12.569;5;12.569
2018-05-21;41.472;5;41.472
2018-05-22;23.146;5;23.146
2018-05-23;68.745;5;68.745
2018-05-24;62.065;5;62.065
2018-05-25;56.185;5;56.185
2018-05-26;50.305;5;50.305
2018-05-27;44.424;5;44.424
2018-05-28;38.544;5;38.544
2018-05-29;32.664;5;32.664
2018-05-30;26.784;5;26.784
2018-05-31;20.904;5;20.904
2018-06-01;28.98;6;28.98
2018-06-02;24.251;6;24.251
2018-06-03;27.343;6;27.343
2018-06-04;58.809;6;58.809
2018-06-05;23.739;6;23.739
2018-06-06;68.262;6;68.262
2018-06-07;24.07;6;24.07
2018-06-08;19.137;6;19.137
2018-06-09;16.616;6;16.616
2018-06-10;13.899;6;13.899
2018-06-11;20.49;6;20.49
2018-06-12;19.894;6;19.894
2018-06-13;10.658;6;10.658
2018-06-14;17.158;6;17.158
2018-06-15;16.852;6;16.852
2018-06-16;20.958;6;20.958
2018-06-17;21.33;6;21.33
2018-06-18;20.465;6;20.465
2018-06-19;48.799;6;48.799
2018-06-20;56.684;6;56.684
2018-06-21;30.475;6;30.475
2018-06-22;15.443;6;15.443
2018-06-23;14.957;6;14.957
2018-06-24;31.125;6;31.125
2018-06-25;27.877;6;27.877
2018-06-26;27.587;6;27.587
2018-06-27;38.999;6;38.999
2018-06-28;47.37;6;47.37
2018-06-29;46.466;6;46.466
2018-06-30;31.867;6;31.867
2018-07-01;20.607;7;20.607
2018-07-02;18.036;7;18.036
2018-07-03;24.076;7;24.076
2018-07-04;32.295;7;32.295
2018-07-05;36.278;7;36.278
2018-07-06;32.915;7;32.915
2018-07-07;27.552;7;27.552
2018-07-08;21.757;7;21.757
2018-07-09;17.405;7;17.405
2018-07-10;19.622;7;19.622
2018-07-11;20.127;7;20.127
2018-07-12;20.272;7;20.272
2018-07-13;19.983;7;19.983
2018-07-14;17.945;7;17.945
2018-07-15;18.703;7;18.703
2018-07-16;18.108;7;18.108
2018-07-17;19.009;7;19.009
2018-07-18;19.334;7;19.334
2018-07-19;19.568;7;19.568
2018-07-20;18.414;7;18.414
2018-07-21;15.277;7;15.277
2018-07-22;13.108;7;13.108
2018-07-23;12.332;7;12.332
2018-07-24;16.092;7;16.092
2018-07-25;16.081;7;16.081
2018-07-26;14.104;7;14.104
2018-07-27;14.1;7;14.1
2018-07-28;14.215;7;14.215
2018-07-29;13.999;7;13.999
2018-07-30;14.201;7;14.201
2018-07-31;14.359;7;14.359
2018-08-01;15.046;8;15.046
2018-08-02;14.823;8;14.823
2018-08-03;14.229;8;14.229
2018-08-04;14.028;8;14.028
2018-08-05;14.503;8;14.503
2018-08-06;14.215;8;14.215
2018-08-07;13.755;8;13.755
2018-08-08;13.18;8;13.18
2018-08-09;57.256;8;57.256
2018-08-10;76.546;8;76.546
2018-08-11;19.788;8;19.788
2018-08-12;13.999;8;13.999
2018-08-13;10.323;8;10.323
2018-08-14;10.23;8;10.23
2018-08-15;10.765;8;10.765
2018-08-16;11.455;8;11.455
2018-08-17;12.044;8;12.044
2018-08-18;14.802;8;14.802
2018-08-19;17.386;8;17.386
2018-08-20;20.195;8;20.195
2018-08-21;20.949;8;20.949
2018-08-22;22.619;8;22.619
2018-08-23;37.058;8;37.058
2018-08-24;18.482;8;18.482
2018-08-25;14.459;8;14.459
2018-08-26;31.061;8;31.061
2018-08-27;54.086;8;54.086
2018-08-28;37.398;8;37.398
2018-08-29;19.593;8;19.593
2018-08-30;13.211;8;13.211
2018-08-31;12.53;8;12.53
2018-09-01;9.612;9;9.612
2018-09-02;8.217;9;8.217
2018-09-03;7.601;9;7.601
2018-09-04;7.106;9;7.106
2018-09-05;7.705;9;7.705
2018-09-06;9.746;9;9.746
2018-09-07;13.106;9;13.106
2018-09-08;17.474;9;17.474
2018-09-09;16.904;9;16.904
2018-09-10;11.707;9;11.707
2018-09-11;12.842;9;12.842
2018-09-12;19.39;9;19.39
2018-09-13;21.413;9;21.413
2018-09-14;41.014;9;41.014
2018-09-15;56.484;9;56.484
2018-09-16;52.509;9;52.509
2018-09-17;21.723;9;21.723
2018-09-18;15.825;9;15.825
2018-09-19;12.37;9;12.37
2018-09-20;10.075;9;10.075
2018-09-21;8.681;9;8.681
2018-09-22;7.821;9;7.821
2018-09-23;7.606;9;7.606
2018-09-24;7.187;9;7.187
2018-09-25;6.699;9;6.699
2018-09-26;6.34;9;6.34
2018-09-27;6.078;9;6.078
2018-09-28;6.27;9;6.27
2018-09-29;6.586;9;6.586
2018-09-30;6.818;9;6.818
2018-10-01;5.949;10;5.949
2018-10-02;7.639;10;7.639
2018-10-03;11.659;10;11.659
2018-10-04;18.736;10;18.736
2018-10-05;15.067;10;15.067
2018-10-06;10.431;10;10.431
2018-10-07;13.702;10;13.702
2018-10-08;15.01;10;15.01
2018-10-09;17.822;10;17.822
2018-10-10;31.198;10;31.198
2018-10-11;38.491;10;38.491
2018-10-12;23.368;10;23.368
2018-10-13;18.548;10;18.548
2018-10-14;15.027;10;15.027
2018-10-15;13.925;10;13.925
2018-10-16;16.594;10;16.594
2018-10-17;11.843;10;11.843
2018-10-18;10.675;10;10.675
2018-10-19;14.428;10;14.428
2018-10-20;35.513;10;35.513
2018-10-21;54.696;10;54.696
2018-10-22;16.977;10;16.977
2018-10-23;42.641;10;42.641
2018-10-24;23.57;10;23.57
2018-10-25;21.432;10;21.432
2018-10-26;35.369;10;35.369
2018-10-27;35.849;10;35.849
2018-10-28;17.704;10;17.704
2018-10-29;47.467;10;47.467
2018-10-30;26.47;10;26.47
2018-10-31;27.412;10;27.412
2018-11-01;16.11;11;16.11
2018-11-02;13.089;11;13.089
2018-11-03;18.025;11;18.025
2018-11-04;32.796;11;32.796
2018-11-05;68.241;11;68.241
2018-11-06;38.192;11;38.192
2018-11-07;27.379;11;27.379
2018-11-08;19.429;11;19.429
2018-11-09;45.679;11;45.679
2018-11-10;51.753;11;51.753
2018-11-11;45.736;11;45.736
2018-11-12;31.35;11;31.35
2018-11-13;19.172;11;19.172
2018-11-14;15.932;11;15.932
2018-11-15;14.429;11;14.429
2018-11-16;13.143;11;13.143
2018-11-17;19.139;11;19.139
2018-11-18;38.241;11;38.241
2018-11-19;32.5;11;32.5
2018-11-20;26.166;11;26.166
2018-11-21;18.496;11;18.496
2018-11-22;19.234;11;19.234
2018-11-23;18.951;11;18.951
2018-11-24;13.617;11;13.617
2018-11-25;15.482;11;15.482
2018-11-26;31.264;11;31.264
2018-11-27;16.372;11;16.372
2018-11-28;16.506;11;16.506
2018-11-29;35.827;11;35.827
2018-11-30;34.112;11;34.112
2018-12-01;27.875;12;27.875
2018-12-02;18.09;12;18.09
2018-12-03;14.987;12;14.987
2018-12-04;12.634;12;12.634
2018-12-05;12.456;12;12.456
2018-12-06;27.543;12;27.543
2018-12-07;31.017;12;31.017
2018-12-08;15.59;12;15.59
2018-12-09;12.389;12;12.389
2018-12-10;11.206;12;11.206
2018-12-11;9.725;12;9.725
2018-12-12;8.843;12;8.843
2018-12-13;8.291;12;8.291
2018-12-14;7.832;12;7.832
2018-12-15;7.793;12;7.793
2018-12-16;6.973;12;6.973
2018-12-17;6.377;12;6.377
2018-12-18;6.075;12;6.075
2018-12-19;5.867;12;5.867
2018-12-20;5.775;12;5.775
2018-12-21;5.69;12;5.69
2018-12-22;5.621;12;5.621
2018-12-23;5.574;12;5.574
2018-12-24;5.502;12;5.502
2018-12-25;5.427;12;5.427
2018-12-26;5.348;12;5.348
2018-12-27;5.265;12;5.265
2018-12-28;5.184;12;5.184
2018-12-29;5.104;12;5.104
2018-12-30;5.018;12;5.018
2018-12-31;4.904;12;4.904
2019-01-01;4.707;1;4.707
2019-01-02;4.517;1;4.517
2019-01-03;4.391;1;4.391
2019-01-04;4.207;1;4.207
2019-01-05;3.956;1;3.956
2019-01-06;4.151;1;4.151
2019-01-07;4.454;1;4.454
2019-01-08;4.446;1;4.446
2019-01-09;4.191;1;4.191
2019-01-10;4.972;1;4.972
2019-01-11;5.336;1;5.336
2019-01-12;5.659;1;5.659
2019-01-13;7.611;1;7.611
2019-01-14;11.114;1;11.114
2019-01-15;11.356;1;11.356
2019-01-16;6.211;1;6.211
2019-01-17;6.179;1;6.179
2019-01-18;6.35;1;6.35
2019-01-19;6.52;1;6.52
2019-01-20;6.691;1;6.691
2019-01-21;6.862;1;6.862
2019-01-22;7.033;1;7.033
2019-01-23;7.203;1;7.203
2019-01-24;7.374;1;7.374
2019-01-25;7.545;1;7.545
2019-01-26;7.716;1;7.716
2019-01-27;7.886;1;7.886
2019-01-28;8.057;1;8.057
2019-01-29;8.228;1;8.228
2019-01-30;8.399;1;8.399
2019-01-31;8.569;1;8.569
2019-02-01;10.629;2;10.629
2019-02-02;8.558;2;8.558
2019-02-03;7.923;2;7.923
2019-02-04;7.687;2;7.687
2019-02-05;7.644;2;7.644
2019-02-06;7.244;2;7.244
2019-02-07;7.095;2;7.095
2019-02-08;7.023;2;7.023
2019-02-09;6.8;2;6.8
2019-02-10;6.288;2;6.288
2019-02-11;5.965;2;5.965
2019-02-12;5.713;2;5.713
2019-02-13;5.461;2;5.461
2019-02-14;5.209;2;5.209
2019-02-15;4.957;2;4.957
2019-02-16;4.705;2;4.705
2019-02-17;4.508;2;4.508
2019-02-18;5.154;2;5.154
2019-02-19;8.623;2;8.623
2019-02-20;10.508;2;10.508
2019-02-21;5.999;2;5.999
2019-02-22;7.46;2;7.46
2019-02-23;9.187;2;9.187
2019-02-24;31.137;2;31.137
2019-02-25;16.034;2;16.034
2019-02-26;8.377;2;8.377
2019-02-27;9.732;2;9.732
2019-02-28;9.007;2;9.007
2019-03-01;11.041;3;11.041
2019-03-02;9.719;3;9.719
2019-03-03;7.081;3;7.081
2019-03-04;6.76;3;6.76
2019-03-05;9.756;3;9.756
2019-03-06;6.041;3;6.041
2019-03-07;5.965;3;5.965
2019-03-08;7.218;3;7.218
2019-03-09;5.335;3;5.335
2019-03-10;5.529;3;5.529
2019-03-11;5.647;3;5.647
2019-03-12;6.262;3;6.262
2019-03-13;6.403;3;6.403
2019-03-14;6.906;3;6.906
2019-03-15;7.047;3;7.047
2019-03-16;9.874;3;9.874
2019-03-17;5.892;3;5.892
2019-03-18;7.036;3;7.036
2019-03-19;37.003;3;37.003
2019-03-20;22.694;3;22.694
2019-03-21;29.105;3;29.105
2019-03-22;37.184;3;37.184
2019-03-23;36.775;3;36.775
2019-03-24;29.586;3;29.586
2019-03-25;20.709;3;20.709
2019-03-26;19.448;3;19.448
2019-03-27;15.466;3;15.466
2019-03-28;9.678;3;9.678
2019-03-29;8.123;3;8.123
2019-03-30;21.445;3;21.445
2019-03-31;13.577;3;13.577
2019-04-01;14.731;4;14.731
2019-04-02;49.213;4;49.213
2019-04-03;34.569;4;34.569
2019-04-04;18.292;4;18.292
2019-04-05;39.267;4;39.267
2019-04-06;48.907;4;48.907
2019-04-07;25.937;4;25.937
2019-04-08;14.419;4;14.419
2019-04-09;11.292;4;11.292
2019-04-10;14.725;4;14.725
2019-04-11;13.133;4;13.133
2019-04-12;10.589;4;10.589
2019-04-13;9.241;4;9.241
2019-04-14;9.27;4;9.27
2019-04-15;12.071;4;12.071
2019-04-16;15.612;4;15.612
2019-04-17;16.983;4;16.983
2019-04-18;19.02;4;19.02
2019-04-19;20.355;4;20.355
2019-04-20;21.237;4;21.237
2019-04-21;25.008;4;25.008
2019-04-22;45.728;4;45.728
2019-04-23;94.966;4;94.966
2019-04-24;95.308;4;95.308
2019-04-25;43.356;4;43.356
2019-04-26;29.156;4;29.156
2019-04-27;21.74;4;21.74
2019-04-28;18.499;4;18.499
2019-04-29;15.629;4;15.629
2019-04-30;12.808;4;12.808
2019-05-01;11.714;5;11.714
2019-05-02;9.698;5;9.698
2019-05-03;8.707;5;8.707
2019-05-04;8.302;5;8.302
2019-05-05;8.513;5;8.513
2019-05-06;8.939;5;8.939
2019-05-07;8.767;5;8.767
2019-05-08;30.112;5;30.112
2019-05-09;53.627;5;53.627
2019-05-10;46.261;5;46.261
2019-05-11;23.66;5;23.66
2019-05-12;20.741;5;20.741
2019-05-13;143.229;5;143.229
2019-05-14;92.95;5;92.95
2019-05-15;44.263;5;44.263
2019-05-16;34.801;5;34.801
2019-05-17;61.064;5;61.064
2019-05-18;52.282;5;52.282
2019-05-19;62.144;5;62.144
2019-05-20;49.891;5;49.891
2019-05-21;26.544;5;26.544
2019-05-22;19.857;5;19.857
2019-05-23;29.031;5;29.031
2019-05-24;36.819;5;36.819
2019-05-25;31.511;5;31.511
2019-05-26;25.747;5;25.747
2019-05-27;19.345;5;19.345
2019-05-28;19.639;5;19.639
2019-05-29;15.605;5;15.605
2019-05-30;14.766;5;14.766
2019-05-31;57.383;5;57.383
2019-06-01;66.612;6;66.612
2019-06-02;44.574;6;44.574
2019-06-03;30.433;6;30.433
2019-06-04;24.485;6;24.485
2019-06-05;51.953;6;51.953
2019-06-06;31.284;6;31.284
2019-06-07;36.253;6;36.253
2019-06-08;25.215;6;25.215
2019-06-09;18.36;6;18.36
2019-06-10;39.577;6;39.577
2019-06-11;48.127;6;48.127
2019-06-12;69.681;6;69.681
2019-06-13;39.219;6;39.219
2019-06-14;42.49;6;42.49
2019-06-15;31.9;6;31.9
2019-06-16;28.964;6;28.964
2019-06-17;40.402;6;40.402
2019-06-18;48.004;6;48.004
2019-06-19;28.324;6;28.324
2019-06-20;52.159;6;52.159
2019-06-21;38.824;6;38.824
2019-06-22;30.281;6;30.281
2019-06-23;34.587;6;34.587
2019-06-24;21.446;6;21.446
2019-06-25;18.564;6;18.564
2019-06-26;16.151;6;16.151
2019-06-27;18.347;6;18.347
2019-06-28;16.375;6;16.375
2019-06-29;18.326;6;18.326
2019-06-30;19.835;6;19.835
2019-07-01;15.385;7;15.385
2019-07-02;18.587;7;18.587
2019-07-03;19.339;7;19.339
2019-07-04;20.03;7;20.03
2019-07-05;21.938;7;21.938
2019-07-06;14.716;7;14.716
2019-07-07;8.094;7;8.094
2019-07-08;7.035;7;7.035
2019-07-09;7.005;7;7.005
2019-07-10;12.567;7;12.567
2019-07-11;19.728;7;19.728
2019-07-12;23.579;7;23.579
2019-07-13;25.661;7;25.661
2019-07-14;27.539;7;27.539
2019-07-15;32.65;7;32.65
2019-07-16;32.777;7;32.777
2019-07-17;31.712;7;31.712
2019-07-18;30.494;7;30.494
2019-07-19;35.147;7;35.147
2019-07-20;42.083;7;42.083
2019-07-21;38.296;7;38.296
2019-07-22;33.488;7;33.488
2019-07-23;28.953;7;28.953
2019-07-24;25.455;7;25.455
2019-07-25;21.319;7;21.319
2019-07-26;15.437;7;15.437
2019-07-27;12.778;7;12.778
2019-07-28;11.297;7;11.297
2019-07-29;11.265;7;11.265
2019-07-30;9.09;7;9.09
2019-07-31;7.363;7;7.363
2019-08-01;7.352;8;7.352
2019-08-02;6.704;8;6.704
2019-08-03;6.609;8;6.609
2019-08-04;7.943;8;7.943
2019-08-05;9.964;8;9.964
2019-08-06;8.986;8;8.986
2019-08-07;7.61;8;7.61
2019-08-08;6.633;8;6.633
2019-08-09;5.852;8;5.852
2019-08-10;5.884;8;5.884
2019-08-11;5.687;8;5.687
2019-08-12;6.075;8;6.075
2019-08-13;34.347;8;34.347
2019-08-14;26.738;8;26.738
2019-08-15;18.33;8;18.33
2019-08-16;17.819;8;17.819
2019-08-17;18.266;8;18.266
2019-08-18;18.92;8;18.92
2019-08-19;31.664;8;31.664
2019-08-20;26.892;8;26.892
2019-08-21;23.761;8;23.761
2019-08-22;16.972;8;16.972
2019-08-23;12.993;8;12.993
2019-08-24;9.85;8;9.85
2019-08-25;6.927;8;6.927
2019-08-26;5.884;8;5.884
2019-08-27;5.427;8;5.427
2019-08-28;4.962;8;4.962
2019-08-29;4.876;8;4.876
2019-08-30;4.324;8;4.324
2019-08-31;4.907;8;4.907
2019-09-01;5.293;9;5.293
2019-09-02;5.285;9;5.285
2019-09-03;4.789;9;4.789
2019-09-04;4.805;9;4.805
2019-09-05;5.608;9;5.608
2019-09-06;5.466;9;5.466
2019-09-07;5.222;9;5.222
2019-09-08;4.907;9;4.907
2019-09-09;4.76;9;4.76
2019-09-10;4.047;9;4.047
2019-09-11;4.689;9;4.689
2019-09-12;6.449;9;6.449
2019-09-13;8.04;9;8.04
2019-09-14;9.631;9;9.631
2019-09-15;11.2;9;11.2
2019-09-16;12.375;9;12.375
2019-09-17;17.035;9;17.035
2019-09-18;19.37;9;19.37
2019-09-19;17.313;9;17.313
2019-09-20;17.876;9;17.876
2019-09-21;18.625;9;18.625
2019-09-22;18.167;9;18.167
2019-09-23;18.973;9;18.973
2019-09-24;16.238;9;16.238
2019-09-25;23.266;9;23.266
2019-09-26;25.059;9;25.059
2019-09-27;12.256;9;12.256
2019-09-28;9.804;9;9.804
2019-09-29;11.6;9;11.6
2019-09-30;11.891;9;11.891
2019-10-01;9.939;10;9.939
2019-10-02;8.638;10;8.638
2019-10-03;24.423;10;24.423
2019-10-04;24.906;10;24.906
2019-10-05;14.624;10;14.624
2019-10-06;11.608;10;11.608
2019-10-07;17.178;10;17.178
2019-10-08;17.963;10;17.963
2019-10-09;34.441;10;34.441
2019-10-10;16.809;10;16.809
2019-10-11;21.492;10;21.492
2019-10-12;14.818;10;14.818
2019-10-13;12.361;10;12.361
2019-10-14;8.939;10;8.939
2019-10-15;7.585;10;7.585
2019-10-16;7.393;10;7.393
2019-10-17;11.098;10;11.098
2019-10-18;10.972;10;10.972
2019-10-19;23.94;10;23.94
2019-10-20;18.117;10;18.117
2019-10-21;11.124;10;11.124
2019-10-22;11.934;10;11.934
2019-10-23;31.808;10;31.808
2019-10-24;39.702;10;39.702
2019-10-25;37.678;10;37.678
2019-10-26;22.822;10;22.822
2019-10-27;14.482;10;14.482
2019-10-28;12.73;10;12.73
2019-10-29;10.806;10;10.806
2019-10-30;9.208;10;9.208
2019-10-31;9.079;10;9.079
2019-11-01;8.348;11;8.348
2019-11-02;10.136;11;10.136
2019-11-03;24.358;11;24.358
2019-11-04;19.771;11;19.771
2019-11-05;12.639;11;12.639
2019-11-06;19.044;11;19.044
2019-11-07;19.331;11;19.331
2019-11-08;10.677;11;10.677
2019-11-09;13.11;11;13.11
2019-11-10;20.416;11;20.416
2019-11-11;69.35;11;69.35
2019-11-12;138.341;11;138.341
2019-11-13;83.836;11;83.836
2019-11-14;139.789;11;139.789
2019-11-15;67.066;11;67.066
2019-11-16;33.82;11;33.82
2019-11-17;24.71;11;24.71
2019-11-18;20.147;11;20.147
2019-11-19;24.162;11;24.162
2019-11-20;38.94;11;38.94
2019-11-21;39.237;11;39.237
2019-11-22;39.023;11;39.023
2019-11-23;34.062;11;34.062
2019-11-24;20.651;11;20.651
2019-11-25;16.497;11;16.497
2019-11-26;13.951;11;13.951
2019-11-27;13.022;11;13.022
2019-11-28;12.677;11;12.677
2019-11-29;10.99;11;10.99
2019-11-30;12.916;11;12.916
2019-12-01;26.516;12;26.516
2019-12-02;16.252;12;16.252
2019-12-03;11.905;12;11.905
2019-12-04;9.857;12;9.857
2019-12-05;8.918;12;8.918
2019-12-06;8.044;12;8.044
2019-12-07;7.452;12;7.452
2019-12-08;8.71;12;8.71
2019-12-09;12.556;12;12.556
2019-12-10;8.869;12;8.869
2019-12-11;8.968;12;8.968
2019-12-12;12.158;12;12.158
2019-12-13;9.249;12;9.249
2019-12-14;34.883;12;34.883
2019-12-15;42.957;12;42.957
2019-12-16;31.481;12;31.481
2019-12-17;17.053;12;17.053
2019-12-18;18.782;12;18.782
2019-12-19;14.797;12;14.797
2019-12-20;11.8;12;11.8
2019-12-21;11.527;12;11.527
2019-12-22;10.196;12;10.196
2019-12-23;9.527;12;9.527
2019-12-24;9.463;12;9.463
2019-12-25;9.172;12;9.172
2019-12-26;8.739;12;8.739
2019-12-27;7.56;12;7.56
2019-12-28;7.044;12;7.044
2019-12-29;6.657;12;6.657
2019-12-30;7.228;12;7.228
2019-12-31;11.219;12;11.219
2020-01-01;22.416;1;22.416
2020-01-02;22.249;1;22.249
2020-01-03;20.237;1;20.237
2020-01-04;18.592;1;18.592
2020-01-05;17.149;1;17.149
2020-01-06;18.279;1;18.279
2020-01-07;18.805;1;18.805
2020-01-08;18.042;1;18.042
2020-01-09;17.507;1;17.507
2020-01-10;16.996;1;16.996
2020-01-11;16.425;1;16.425
2020-01-12;16.094;1;16.094
2020-01-13;15.944;1;15.944
2020-01-14;15.493;1;15.493
2020-01-15;15.079;1;15.079
2020-01-16;14.904;1;14.904
2020-01-17;14.79;1;14.79
2020-01-18;14.796;1;14.796
2020-01-19;15.205;1;15.205
2020-01-20;15.409;1;15.409
2020-01-21;16.022;1;16.022
2020-01-22;17.296;1;17.296
2020-01-23;19.099;1;19.099
2020-01-24;17.939;1;17.939
2020-01-25;16.864;1;16.864
2020-01-26;19.447;1;19.447
2020-01-27;20.85;1;20.85
2020-01-28;18.462;1;18.462
2020-01-29;17.801;1;17.801
2020-01-30;17.909;1;17.909
2020-01-31;18.132;1;18.132
2020-02-01;16.605;2;16.605
2020-02-02;16.731;2;16.731
2020-02-03;16.623;2;16.623
2020-02-04;15.301;2;15.301
2020-02-05;14.301;2;14.301
2020-02-06;13.697;2;13.697
2020-02-07;13.233;2;13.233
2020-02-08;13.405;2;13.405
2020-02-09;13.458;2;13.458
2020-02-10;13.721;2;13.721
2020-02-11;14.052;2;14.052
2020-02-12;13.103;2;13.103
2020-02-13;12.447;2;12.447
2020-02-14;12.164;2;12.164
2020-02-15;12.437;2;12.437
2020-02-16;12.236;2;12.236
2020-02-17;10.875;2;10.875
2020-02-18;10.324;2;10.324
2020-02-19;9.966;2;9.966
2020-02-20;9.772;2;9.772
2020-02-21;16.229;2;16.229
2020-02-22;27.281;2;27.281
2020-02-23;91.375;2;91.375
2020-02-24;112.095;2;112.095
2020-02-25;86.205;2;86.205
2020-02-26;70.795;2;70.795
2020-02-27;70.072;2;70.072
2020-02-28;52.867;2;52.867
2020-02-29;45.739;2;45.739
2020-03-01;53.357;3;53.357
2020-03-02;49.273;3;49.273
2020-03-03;52.633;3;52.633
2020-03-04;43.051;3;43.051
2020-03-05;35.362;3;35.362
2020-03-06;31.179;3;31.179
2020-03-07;28.76;3;28.76
2020-03-08;27.788;3;27.788
2020-03-09;32.236;3;32.236
2020-03-10;40.775;3;40.775
2020-03-11;62.254;3;62.254
2020-03-12;66.08;3;66.08
2020-03-13;45.306;3;45.306
2020-03-14;52.116;3;52.116
2020-03-15;58.848;3;58.848
2020-03-16;51.325;3;51.325
2020-03-17;46.602;3;46.602
2020-03-18;53.158;3;53.158
2020-03-19;39.795;3;39.795
2020-03-20;78.089;3;78.089
2020-03-21;69.272;3;69.272
2020-03-22;46.481;3;46.481
2020-03-23;38.366;3;38.366
2020-03-24;45.743;3;45.743
2020-03-25;38.598;3;38.598
2020-03-26;39.756;3;39.756
2020-03-27;48.878;3;48.878
2020-03-28;39.949;3;39.949
2020-03-29;34.098;3;34.098
2020-03-30;31.526;3;31.526
2020-03-31;30.282;3;30.282
2020-04-01;33.799;4;33.799
2020-04-02;39.773;4;39.773
2020-04-03;30.301;4;30.301
2020-04-04;26.006;4;26.006
2020-04-05;23.711;4;23.711
2020-04-06;21.84;4;21.84
2020-04-07;20.141;4;20.141
2020-04-08;18.717;4;18.717
2020-04-09;15.76;4;15.76
2020-04-10;16.305;4;16.305
2020-04-11;16.683;4;16.683
2020-04-12;14.751;4;14.751
2020-04-13;14.086;4;14.086
2020-04-14;12.95;4;12.95
2020-04-15;11.901;4;11.901
2020-04-16;10.682;4;10.682
2020-04-17;9.814;4;9.814
2020-04-18;10.981;4;10.981
2020-04-19;12.964;4;12.964
2020-04-20;14.227;4;14.227
2020-04-21;14.065;4;14.065
2020-04-22;13.852;4;13.852
2020-04-23;13.64;4;13.64
2020-04-24;13.428;4;13.428
2020-04-25;13.215;4;13.215
2020-04-26;12.981;4;12.981
2020-04-27;12.519;4;12.519
2020-04-28;12.49;4;12.49
2020-04-29;12.49;4;12.49
2020-04-30;12.49;4;12.49
2020-05-01;12.361;5;12.361
2020-05-02;11.915;5;11.915
2020-05-03;11.455;5;11.455
2020-05-04;11.886;5;11.886
2020-05-05;20.086;5;20.086
2020-05-06;162.176;5;162.176
2020-05-07;298.692;5;298.692
2020-05-08;67.587;5;67.587
2020-05-09;33.564;5;33.564
2020-05-10;30.747;5;30.747
2020-05-11;31.026;5;31.026
2020-05-12;33.539;5;33.539
2020-05-13;34.884;5;34.884
2020-05-14;33.742;5;33.742
2020-05-15;31.559;5;31.559
2020-05-16;30.519;5;30.519
2020-05-17;30.95;5;30.95
2020-05-18;31.103;5;31.103
2020-05-19;29.479;5;29.479
2020-05-20;28.111;5;28.111
2020-05-21;27.356;5;27.356
2020-05-22;26.393;5;26.393
2020-05-23;24.792;5;24.792
2020-05-24;23.503;5;23.503
2020-05-25;22.953;5;22.953
2020-05-26;23.146;5;23.146
2020-05-27;23.901;5;23.901
2020-05-28;24.372;5;24.372
2020-05-29;26.411;5;26.411
2020-05-30;28.359;5;28.359
2020-05-31;32.719;5;32.719
2020-06-01;39.087;6;39.087
2020-06-02;42.692;6;42.692
2020-06-03;42.981;6;42.981
2020-06-04;43.88;6;43.88
2020-06-05;39.129;6;39.129
2020-06-06;34.876;6;34.876
2020-06-07;32.447;6;32.447
2020-06-08;46.454;6;46.454
2020-06-09;64.005;6;64.005
2020-06-10;70.195;6;70.195
2020-06-11;83.337;6;83.337
2020-06-12;131.337;6;131.337
2020-06-13;91.5;6;91.5
2020-06-14;97.52;6;97.52
2020-06-15;105.348;6;105.348
2020-06-16;104.229;6;104.229
2020-06-17;124.794;6;124.794
2020-06-18;192.8;6;192.8
2020-06-19;145.072;6;145.072
2020-06-20;132.772;6;132.772
2020-06-21;135.177;6;135.177
2020-06-22;139.992;6;139.992
2020-06-23;172.45;6;172.45
2020-06-24;170.182;6;170.182
2020-06-25;86.042;6;86.042
2020-06-26;78.345;6;78.345
2020-06-27;73.082;6;73.082
2020-06-28;67.466;6;67.466
2020-06-29;61.256;6;61.256
2020-06-30;56.024;6;56.024
2020-07-01;48.983;7;48.983
2020-07-02;164.048;7;164.048
2020-07-03;119.71;7;119.71
2020-07-04;88.434;7;88.434
2020-07-05;60.885;7;60.885
2020-07-06;54.977;7;54.977
2020-07-07;56.135;7;56.135
2020-07-08;51.189;7;51.189
2020-07-09;45.013;7;45.013
2020-07-10;40.751;7;40.751
2020-07-11;37.854;7;37.854
2020-07-12;35.63;7;35.63
2020-07-13;33.919;7;33.919
2020-07-14;31.559;7;31.559
2020-07-15;31.483;7;31.483
2020-07-16;33.437;7;33.437
2020-07-17;32.168;7;32.168
2020-07-18;31.103;7;31.103
2020-07-19;29.479;7;29.479
2020-07-20;28.92;7;28.92
2020-07-21;28.494;7;28.494
2020-07-22;26.53;7;26.53
2020-07-23;24.106;7;24.106
2020-07-24;22.687;7;22.687
2020-07-25;247.684;7;247.684
2020-07-26;249.358;7;249.358
2020-07-27;94.08;7;94.08
2020-07-28;38.043;7;38.043
2020-07-29;32.803;7;32.803
2020-07-30;30.697;7;30.697
2020-07-31;28.519;7;28.519
2020-08-01;26.691;8;26.691
2020-08-02;24.129;8;24.129
2020-08-03;22.687;8;22.687
2020-08-04;20.332;8;20.332
2020-08-05;18.829;8;18.829
2020-08-06;17.296;8;17.296
2020-08-07;14.762;8;14.762
2020-08-08;12.749;8;12.749
2020-08-09;33.332;8;33.332
2020-08-10;47.376;8;47.376
2020-08-11;31.509;8;31.509
2020-08-12;28.722;8;28.722
2020-08-13;33.648;8;33.648
2020-08-14;35.605;8;35.605
2020-08-15;33.539;8;33.539
2020-08-16;31.991;8;31.991
2020-08-17;30.037;8;30.037
2020-08-18;23.956;8;23.956
2020-08-19;22.001;8;22.001
2020-08-20;20.286;8;20.286
2020-08-21;18.829;8;18.829
2020-08-22;39.686;8;39.686
2020-08-23;49.855;8;49.855
2020-08-24;41.725;8;41.725
2020-08-25;55.416;8;55.416
2020-08-26;37.084;8;37.084
2020-08-27;35.899;8;35.899
2020-08-28;40.954;8;40.954
2020-08-29;35.445;8;35.445
2020-08-30;43.331;8;43.331
2020-08-31;50.258;8;50.258
2020-09-01;39.564;9;39.564
2020-09-02;40.171;9;40.171
2020-09-03;42.141;9;42.141
2020-09-04;39.998;9;39.998
2020-09-05;177.305;9;177.305
2020-09-06;336.477;9;336.477
2020-09-07;161.562;9;161.562
2020-09-08;122.302;9;122.302
2020-09-09;107.636;9;107.636
2020-09-10;80.68;9;80.68
2020-09-11;65.212;9;65.212
2020-09-12;45.822;9;45.822
2020-09-13;37.633;9;37.633
2020-09-14;33.361;9;33.361
2020-09-15;30.265;9;30.265
2020-09-16;28.793;9;28.793
2020-09-17;32.727;9;32.727
2020-09-18;34.071;9;34.071
2020-09-19;34.884;9;34.884
2020-09-20;33.158;9;33.158
2020-09-21;32.562;9;32.562
2020-09-22;34.008;9;34.008
2020-09-23;32.448;9;32.448
2020-09-24;31.483;9;31.483
2020-09-25;29.91;9;29.91
2020-09-26;21.777;9;21.777
2020-09-27;14.143;9;14.143
2020-09-28;12.246;9;12.246
2020-09-29;10.384;9;10.384
2020-09-30;9.588;9;9.588
2020-10-01;8.739;10;8.739
2020-10-02;7.922;10;7.922
2020-10-03;7.158;10;7.158
2020-10-04;7.135;10;7.135
2020-10-05;6.12;10;6.12
2020-10-06;5.645;10;5.645
2020-10-07;8.91;10;8.91
2020-10-08;10.531;10;10.531
2020-10-09;11.038;10;11.038
2020-10-10;10.179;10;10.179
2020-10-11;8.922;10;8.922
2020-10-12;7.782;10;7.782
2020-10-13;6.844;10;6.844
2020-10-14;6.459;10;6.459
2020-10-15;5.758;10;5.758
2020-10-16;5.419;10;5.419
2020-10-17;4.986;10;4.986
2020-10-18;5.104;10;5.104
2020-10-19;6.222;10;6.222
2020-10-20;6.341;10;6.341
2020-10-21;5.687;10;5.687
2020-10-22;5.23;10;5.23
2020-10-23;4.915;10;4.915
2020-10-24;5.655;10;5.655
2020-10-25;5.844;10;5.844
2020-10-26;5.734;10;5.734
2020-10-27;6.315;10;6.315
2020-10-28;7.825;10;7.825
2020-10-29;7.922;10;7.922
2020-10-30;7.056;10;7.056
2020-10-31;7.39;10;7.39
2020-11-01;8.298;11;8.298
2020-11-02;9.48;11;9.48
2020-11-03;10.348;11;10.348
2020-11-04;11.139;11;11.139
2020-11-05;12.26;11;12.26
2020-11-06;13.396;11;13.396
2020-11-07;14.143;11;14.143
2020-11-08;13.942;11;13.942
2020-11-09;14.736;11;14.736
2020-11-10;35.892;11;35.892
2020-11-11;55.647;11;55.647
2020-11-12;44.819;11;44.819
2020-11-13;61.259;11;61.259
2020-11-14;68.916;11;68.916
2020-11-15;81.797;11;81.797
2020-11-16;102.638;11;102.638
2020-11-17;144.351;11;144.351
2020-11-18;231.56;11;231.56
2020-11-19;293.259;11;293.259
2020-11-20;187.994;11;187.994
2020-11-21;63.176;11;63.176
2020-11-22;39.95;11;39.95
2020-11-23;30.613;11;30.613
2020-11-24;33.539;11;33.539
2020-11-25;40.705;11;40.705
2020-11-26;51.122;11;51.122
2020-11-27;57.895;11;57.895
2020-11-28;60.657;11;60.657
2020-11-29;50.181;11;50.181
2020-11-30;45.945;11;45.945
2020-12-01;44.79;12;44.79
2020-12-02;46.837;12;46.837
2020-12-03;58.415;12;58.415
2020-12-04;53.854;12;53.854
2020-12-05;53.638;12;53.638
2020-12-06;51.509;12;51.509
2020-12-07;39.517;12;39.517
2020-12-08;31.762;12;31.762
2020-12-09;30.316;12;30.316
2020-12-10;30.62;12;30.62
2020-12-11;32.473;12;32.473
2020-12-12;31.306;12;31.306
2020-12-13;29.504;12;29.504
2020-12-14;28.065;12;28.065
2020-12-15;26.37;12;26.37
2020-12-16;23.74;12;23.74
2020-12-17;21.841;12;21.841
2020-12-18;21.566;12;21.566
2020-12-19;23.305;12;23.305
2020-12-20;23.145;12;23.145
2020-12-21;22.001;12;22.001
2020-12-22;23.031;12;23.031
2020-12-23;22.276;12;22.276
2020-12-24;20.378;12;20.378
2020-12-25;22.459;12;22.459
2020-12-26;34.122;12;34.122
2020-12-27;32.727;12;32.727
2020-12-28;32.777;12;32.777
2020-12-29;28.908;12;28.908
2020-12-30;29.584;12;29.584
2020-12-31;29.094;12;29.094
2021-01-01;30.341;1;30.341
2021-01-02;26.12;1;26.12
2021-01-03;14.733;1;14.733
2021-01-04;12.188;1;12.188
2021-01-05;11.096;1;11.096
2021-01-06;12.03;1;12.03
2021-01-07;16.287;1;16.287
2021-01-08;19.827;1;19.827
2021-01-09;20.715;1;20.715
2021-01-10;13.439;1;13.439
2021-01-11;13.773;1;13.773
2021-01-12;15.148;1;15.148
2021-01-13;13.065;1;13.065
2021-01-14;11.584;1;11.584
2021-01-15;10.779;1;10.779
2021-01-16;12.778;1;12.778
2021-01-17;11.139;1;11.139
2021-01-18;10.05;1;10.05
2021-01-19;9.663;1;9.663
2021-01-20;9.298;1;9.298
2021-01-21;8.406;1;8.406
2021-01-22;7.524;1;7.524
2021-01-23;6.704;1;6.704
2021-01-24;6.246;1;6.246
2021-01-25;5.805;1;5.805
2021-01-26;5.435;1;5.435
2021-01-27;5.175;1;5.175
2021-01-28;4.923;1;4.923
2021-01-29;4.655;1;4.655
2021-01-30;4.215;1;4.215
2021-01-31;4.175;1;4.175
2021-02-01;4.009;2;4.009
2021-02-02;3.92;2;3.92
2021-02-03;4.887;2;4.887
2021-02-04;4.49;2;4.49
2021-02-05;4.188;2;4.188
2021-02-06;4.009;2;4.009
2021-02-07;4.022;2;4.022
2021-02-08;6.812;2;6.812
2021-02-09;7.008;2;7.008
2021-02-10;6.627;2;6.627
2021-02-11;6.262;2;6.262
2021-02-12;6.104;2;6.104
2021-02-13;6.144;2;6.144
2021-02-14;7.159;2;7.159
2021-02-15;13.813;2;13.813
2021-02-16;13.396;2;13.396
2021-02-17;9.043;2;9.043
2021-02-18;10.53;2;10.53
2021-02-19;26.431;2;26.431
2021-02-20;40.192;2;40.192
2021-02-21;29.408;2;29.408
2021-02-22;54.832;2;54.832
2021-02-23;27.016;2;27.016
2021-02-24;13.514;2;13.514
2021-02-25;11.987;2;11.987
2021-02-26;13.022;2;13.022
2021-02-27;18.307;2;18.307
2021-02-28;32.901;2;32.901
2021-03-01;37.64;3;37.64
2021-03-02;83.557;3;83.557
2021-03-03;73.012;3;73.012
2021-03-04;39.604;3;39.604
2021-03-05;38.528;3;38.528
2021-03-06;54.36;3;54.36
2021-03-07;26.733;3;26.733
2021-03-08;20.869;3;20.869
2021-03-09;17.32;3;17.32
2021-03-10;19.705;3;19.705
2021-03-11;27.612;3;27.612
2021-03-12;41.924;3;41.924
2021-03-13;130.329;3;130.329
2021-03-14;74.037;3;74.037
2021-03-15;72.412;3;72.412
2021-03-16;113.547;3;113.547
2021-03-17;54.884;3;54.884
2021-03-18;97.888;3;97.888
2021-03-19;72.155;3;72.155
2021-03-20;57.654;3;57.654
2021-03-21;38.581;3;38.581
2021-03-22;34.743;3;34.743
2021-03-23;51.779;3;51.779
2021-03-24;58.047;3;58.047
2021-03-25;43.64;3;43.64
2021-03-26;33.02;3;33.02
2021-03-27;37.552;3;37.552
2021-03-28;35.474;3;35.474
2021-03-29;22.409;3;22.409
2021-03-30;20.51;3;20.51
2021-03-31;19.951;3;19.951
2021-04-01;18.284;4;18.284
2021-04-02;58.369;4;58.369
2021-04-03;48.494;4;48.494
2021-04-04;29.589;4;29.589
2021-04-05;19.838;4;19.838
2021-04-06;20.645;4;20.645
2021-04-07;100.623;4;100.623
2021-04-08;63.825;4;63.825
2021-04-09;40.3;4;40.3
2021-04-10;30.898;4;30.898
2021-04-11;26.781;4;26.781
2021-04-12;32.623;4;32.623
2021-04-13;31.671;4;31.671
2021-04-14;19.779;4;19.779
2021-04-15;17.819;4;17.819
2021-04-16;15.535;4;15.535
2021-04-17;14.197;4;14.197
2021-04-18;17.384;4;17.384
2021-04-19;18.493;4;18.493
2021-04-20;14.059;4;14.059
2021-04-21;15.578;4;15.578
2021-04-22;16.101;4;16.101
2021-04-23;19.451;4;19.451
2021-04-24;16.63;4;16.63
2021-04-25;12.279;4;12.279
2021-04-26;11.834;4;11.834
2021-04-27;39.727;4;39.727
2021-04-28;63.892;4;63.892
2021-04-29;87.368;4;87.368
2021-04-30;225.44;4;225.44
2021-05-01;224.334;5;224.334
2021-05-02;124.119;5;124.119
2021-05-03;117.133;5;117.133
2021-05-04;114.38;5;114.38
2021-05-05;119.594;5;119.594
2021-05-06;117.007;5;117.007
2021-05-07;98.431;5;98.431
2021-05-08;76.61;5;76.61
2021-05-09;65.549;5;65.549
2021-05-10;125.311;5;125.311
2021-05-11;172.432;5;172.432
2021-05-12;130.978;5;130.978
2021-05-13;95.216;5;95.216
2021-05-14;65.142;5;65.142
2021-05-15;46.729;5;46.729
2021-05-16;41.446;5;41.446
2021-05-17;77.261;5;77.261
2021-05-18;70.089;5;70.089
2021-05-19;58.614;5;58.614
2021-05-20;51.101;5;51.101
2021-05-21;47.194;5;47.194
2021-05-22;44.807;5;44.807
2021-05-23;42.489;5;42.489
2021-05-24;39.969;5;39.969
2021-05-25;37.419;5;37.419
2021-05-26;34.481;5;34.481
2021-05-27;33.234;5;33.234
2021-05-28;33.056;5;33.056
2021-05-29;34.858;5;34.858
2021-05-30;33.564;5;33.564
2021-05-31;120.869;5;120.869
2021-06-01;200.006;6;200.006
2021-06-02;135.036;6;135.036
2021-06-03;67.793;6;67.793
2021-06-04;48.595;6;48.595
2021-06-05;41.997;6;41.997
2021-06-06;37.836;6;37.836
2021-06-07;34.488;6;34.488
2021-06-08;33.143;6;33.143
2021-06-09;42.311;6;42.311
2021-06-10;51.366;6;51.366
2021-06-11;58.328;6;58.328
2021-06-12;54.161;6;54.161
2021-06-13;35.04;6;35.04
2021-06-14;62.037;6;62.037
2021-06-15;57.763;6;57.763
2021-06-16;49.919;6;49.919
2021-06-17;42.435;6;42.435
2021-06-18;40.027;6;40.027
2021-06-19;37.452;6;37.452
2021-06-20;46.022;6;46.022
2021-06-21;54.453;6;54.453
2021-06-22;52.177;6;52.177
2021-06-23;64.187;6;64.187
2021-06-24;73.158;6;73.158
2021-06-25;54.855;6;54.855
2021-06-26;44.829;6;44.829
2021-06-27;34.965;6;34.965
2021-06-28;36.82;6;36.82
2021-06-29;41.536;6;41.536
2021-06-30;41.678;6;41.678
2021-07-01;42.257;7;42.257
2021-07-02;37.43;7;37.43
2021-07-03;34.401;7;34.401
2021-07-04;32.777;7;32.777
2021-07-05;31.509;7;31.509
2021-07-06;30.113;7;30.113
2021-07-07;28.517;7;28.517
2021-07-08;27.125;7;27.125
2021-07-09;29.599;7;29.599
2021-07-10;32.118;7;32.118
2021-07-11;30.341;7;30.341
2021-07-12;28.494;7;28.494
2021-07-13;26.805;7;26.805
2021-07-14;33.597;7;33.597
2021-07-15;42.112;7;42.112
2021-07-16;37.126;7;37.126
2021-07-17;32.676;7;32.676
2021-07-18;30.747;7;30.747
2021-07-19;28.806;7;28.806
2021-07-20;25.181;7;25.181
2021-07-21;22.71;7;22.71
2021-07-22;20.332;7;20.332
2021-07-23;18.829;7;18.829
2021-07-24;16.918;7;16.918
2021-07-25;14.621;7;14.621
2021-07-26;13.755;7;13.755
2021-07-27;12.964;7;12.964
2021-07-28;14.015;7;14.015
2021-07-29;19.388;7;19.388
2021-07-30;16.954;7;16.954
2021-07-31;14.736;7;14.736
2021-08-01;13.87;8;13.87
2021-08-02;12.964;8;12.964
2021-08-03;12.246;8;12.246
2021-08-04;11.469;8;11.469
2021-08-05;10.866;8;10.866
2021-08-06;10.208;8;10.208
2021-08-07;9.835;8;9.835
2021-08-08;9.542;8;9.542
2021-08-09;15.834;8;15.834
2021-08-10;21.858;8;21.858
2021-08-11;51.948;8;51.948
2021-08-12;42.939;8;42.939
2021-08-13;37.52;8;37.52
2021-08-14;31.534;8;31.534
2021-08-15;29.479;8;29.479
2021-08-16;27.91;8;27.91
2021-08-17;26.805;8;26.805
2021-08-18;25.867;8;25.867
2021-08-19;39.69;8;39.69
2021-08-20;56.719;8;56.719
2021-08-21;60.778;8;60.778
2021-08-22;51.268;8;51.268
2021-08-23;46.495;8;46.495
2021-08-24;42.199;8;42.199
2021-08-25;37.912;8;37.912
2021-08-26;35.63;8;35.63
2021-08-27;33.919;8;33.919
2021-08-28;31.991;8;31.991
2021-08-29;30.747;8;30.747
2021-08-30;29.707;8;29.707
2021-08-31;29.199;8;29.199
2021-09-01;36.619;9;36.619
2021-09-02;36.905;9;36.905
2021-09-03;34.633;9;34.633
2021-09-04;33.31;9;33.31
2021-09-05;31.94;9;31.94
2021-09-06;30.265;9;30.265
2021-09-07;27.961;9;27.961
2021-09-08;26.553;9;26.553
2021-09-09;24.426;9;24.426
2021-09-10;22.779;9;22.779
2021-09-11;21.119;9;21.119
2021-09-12;43.916;9;43.916
2021-09-13;62.435;9;62.435
2021-09-14;47.255;9;47.255
2021-09-15;35.166;9;35.166
2021-09-16;32.549;9;32.549
2021-09-17;30.722;9;30.722
2021-09-18;29.098;9;29.098
2021-09-19;27.702;9;27.702
2021-09-20;26.416;9;26.416
2021-09-21;24.975;9;24.975
2021-09-22;24.014;9;24.014
2021-09-23;22.756;9;22.756
2021-09-24;23.145;9;23.145
2021-09-25;23.831;9;23.831
2021-09-26;22.39;9;22.39
2021-09-27;20.936;9;20.936
2021-09-28;19.839;9;19.839
2021-09-29;19.009;9;19.009
2021-09-30;18.504;9;18.504
2021-10-01;17.368;10;17.368
2021-10-02;17.27;10;17.27
2021-10-03;24.095;10;24.095
2021-10-04;14.114;10;14.114
2021-10-05;14.825;10;14.825
2021-10-06;33.432;10;33.432
2021-10-07;31.433;10;31.433
2021-10-08;33.877;10;33.877
2021-10-09;51.896;10;51.896
2021-10-10;65.789;10;65.789
2021-10-11;67.703;10;67.703
2021-10-12;45.902;10;45.902
2021-10-13;35.978;10;35.978
2021-10-14;34.604;10;34.604
2021-10-15;33.564;10;33.564
2021-10-16;37.242;10;37.242
2021-10-17;46.063;10;46.063
2021-10-18;39.436;10;39.436
2021-10-19;33.666;10;33.666
2021-10-20;32.549;10;32.549
2021-10-21;36.516;10;36.516
2021-10-22;43.068;10;43.068
2021-10-23;72.95;10;72.95
2021-10-24;109.513;10;109.513
2021-10-25;172.469;10;172.469
2021-10-26;256.079;10;256.079
2021-10-27;214.893;10;214.893
2021-10-28;152.548;10;152.548
2021-10-29;112.431;10;112.431
2021-10-30;88.178;10;88.178
2021-10-31;98.614;10;98.614
2021-11-01;197.167;11;197.167
2021-11-02;218.649;11;218.649
2021-11-03;180.977;11;180.977
2021-11-04;139.629;11;139.629
2021-11-05;88.588;11;88.588
2021-11-06;51.562;11;51.562
2021-11-07;38.961;11;38.961
2021-11-08;33.539;11;33.539
2021-11-09;31.559;11;31.559
2021-11-10;30.519;11;30.519
2021-11-11;30.798;11;30.798
2021-11-12;32.853;11;32.853
2021-11-13;32.346;11;32.346
2021-11-14;30.519;11;30.519
2021-11-15;31.585;11;31.585
2021-11-16;30.9;11;30.9
2021-11-17;29.479;11;29.479
2021-11-18;27.727;11;27.727
2021-11-19;26.416;11;26.416
2021-11-20;24.769;11;24.769
2021-11-21;32.397;11;32.397
2021-11-22;43.387;11;43.387
2021-11-23;35.952;11;35.952
2021-11-24;33.564;11;33.564
2021-11-25;31.559;11;31.559
2021-11-26;30.113;11;30.113
2021-11-27;28.717;11;28.717
2021-11-28;37.912;11;37.912
2021-11-29;48.477;11;48.477
2021-11-30;44.865;11;44.865
2021-12-01;42.489;12;42.489
2021-12-02;39.505;12;39.505
2021-12-03;36.626;12;36.626
2021-12-04;33.615;12;33.615
2021-12-05;31.356;12;31.356
2021-12-06;29.479;12;29.479
2021-12-07;27.522;12;27.522
2021-12-08;25.684;12;25.684
2021-12-09;15.015;12;15.015
2021-12-10;7.545;12;7.545
2021-12-11;8.919;12;8.919
2021-12-12;10.727;12;10.727
2021-12-13;14.743;12;14.743
2021-12-14;9.546;12;9.546
2021-12-15;7.922;12;7.922
2021-12-16;7.32;12;7.32
2021-12-17;6.651;12;6.651
2021-12-18;6.291;12;6.291
2021-12-19;6.228;12;6.228
2021-12-20;6.099;12;6.099
2021-12-21;5.776;12;5.776
2021-12-22;5.616;12;5.616
2021-12-23;5.616;12;5.616
2021-12-24;5.592;12;5.592
2021-12-25;5.495;12;5.495
2021-12-26;6.064;12;6.064
2021-12-27;5.932;12;5.932
2021-12-28;14.337;12;14.337
2021-12-29;17.767;12;17.767
2021-12-30;13.55;12;13.55
2021-12-31;9.033;12;9.033
2022-01-01;7.699;1;7.699
2022-01-02;6.924;1;6.924
2022-01-03;5.855;1;5.855
2022-01-04;8.92;1;8.92
2022-01-05;7.081;1;7.081
2022-01-06;21.465;1;21.465
2022-01-07;9.476;1;9.476
2022-01-08;6.78;1;6.78
2022-01-09;5.8;1;5.8
2022-01-10;5.508;1;5.508
2022-01-11;7.666;1;7.666
2022-01-12;7.118;1;7.118
2022-01-13;6.021;1;6.021
2022-01-14;10.69;1;10.69
2022-01-15;15.066;1;15.066
2022-01-16;8.42;1;8.42
2022-01-17;6.466;1;6.466
2022-01-18;5.731;1;5.731
2022-01-19;5.49;1;5.49
2022-01-20;5.49;1;5.49
2022-01-21;5.49;1;5.49
2022-01-22;5.49;1;5.49
2022-01-23;6.274;1;6.274
2022-01-24;5.608;1;5.608
2022-01-25;6.061;1;6.061
2022-01-26;5.514;1;5.514
2022-01-27;5.49;1;5.49
2022-01-28;5.49;1;5.49
2022-01-29;5.49;1;5.49
2022-01-30;5.49;1;5.49
2022-01-31;5.49;1;5.49
2022-02-01;5.49;2;5.49
2022-02-02;5.49;2;5.49
2022-02-03;-999.000;2;4.2
2022-02-04;-999.000;2;14.86
2022-02-05;-999.000;2;2.1
2022-02-06;-999.000;2;1.73
2022-02-07;-999.000;2;1.638
2022-02-08;5.844;2;5.844
2022-02-09;10.637;2;10.637
2022-02-10;9.011;2;9.011
2022-02-11;9.23;2;9.23
2022-02-12;7.127;2;7.127
2022-02-13;6.653;2;6.653
2022-02-14;6.845;2;6.845
2022-02-15;5.713;2;5.713
2022-02-16;5.49;2;5.49
2022-02-17;5.49;2;5.49
2022-02-18;5.49;2;5.49
2022-02-19;5.532;2;5.532
2022-02-20;6.054;2;6.054
2022-02-21;39.758;2;39.758
2022-02-22;21.329;2;21.329
2022-02-23;19.093;2;19.093
2022-02-24;12.288;2;12.288
2022-02-25;26.169;2;26.169
2022-02-26;18.999;2;18.999
2022-02-27;14.959;2;14.959
2022-02-28;43.586;2;43.586
2022-03-01;36.967;3;36.967
2022-03-02;23.928;3;23.928
2022-03-03;25.823;3;25.823
2022-03-04;38.677;3;38.677
2022-03-05;49.119;3;49.119
2022-03-06;-999.000;3;50.1
2022-03-07;-999.000;3;1.6
2022-03-08;-999.000;3;20.869
2022-03-09;-999.000;3;5.6
2022-03-10;-999.000;3;7.7
2022-03-11;-999.000;3;14.3
2022-03-12;-999.000;3;3.265
2022-03-13;-999.000;3;3.45
2022-03-14;-999.000;3;9.0
2022-03-15;-999.000;3;5.4
2022-03-16;-999.000;3;54.884
2022-03-17;-999.000;3;2.7
2022-03-18;-999.000;3;73.57
2022-03-19;-999.000;3;13.4
2022-03-20;-999.000;3;5.1
2022-03-21;-999.000;3;10.86
2022-03-22;-999.000;3;5.4
2022-03-23;-999.000;3;3.9
2022-03-24;-999.000;3;11.36
2022-03-25;-999.000;3;7.4
2022-03-26;-999.000;3;90.6
2022-03-27;-999.000;3;7.195
2022-03-28;-999.000;3;5.747
2022-03-29;-999.000;3;1.868
2022-03-30;-999.000;3;39.604
2022-03-31;-999.000;3;22.0
2022-04-01;-999.000;4;66.3
2022-04-02;-999.000;4;11.8
2022-04-03;-999.000;4;22.95
2022-04-04;-999.000;4;9.52
2022-04-05;-999.000;4;10.7
2022-04-06;-999.000;4;42.2
2022-04-07;-999.000;4;17.5
2022-04-08;-999.000;4;46.68
2022-04-09;-999.000;4;5.1
2022-04-10;-999.000;4;4.62
2022-04-11;-999.000;4;14.42
2022-04-12;-999.000;4;61.5
2022-04-13;-999.000;4;10.31
2022-04-14;-999.000;4;27.94
2022-04-15;-999.000;4;58.3
2022-04-16;-999.000;4;5.422
2022-04-17;-999.000;4;111.9
2022-04-18;-999.000;4;29.277
2022-04-19;-999.000;4;43.7
2022-04-20;-999.000;4;17.58
2022-04-21;-999.000;4;20.59
2022-04-22;-999.000;4;31.12
2022-04-23;-999.000;4;10.07
2022-04-24;-999.000;4;24.8
2022-04-25;-999.000;4;16.73
2022-04-26;-999.000;4;46.6
2022-04-27;-999.000;4;2.9
2022-04-28;-999.000;4;23.08
2022-04-29;-999.000;4;4.9
2022-04-30;-999.000;4;10.0
2022-05-01;-999.000;5;27.8
2022-05-02;-999.000;5;21.2
2022-05-03;14.576;5;14.576
2022-05-04;11.944;5;11.944
2022-05-05;60.923;5;60.923
2022-05-06;43.098;5;43.098
2022-05-07;73.492;5;73.492
2022-05-08;61.751;5;61.751
2022-05-09;66.964;5;66.964
2022-05-10;68.06;5;68.06
2022-05-11;65.999;5;65.999
2022-05-12;71.191;5;71.191
2022-05-13;43.449;5;43.449
2022-05-14;39.03;5;39.03
2022-05-15;36.893;5;36.893
2022-05-16;91.309;5;91.309
2022-05-17;131.019;5;131.019
2022-05-18;93.891;5;93.891
2022-05-19;94.158;5;94.158
2022-05-20;64.669;5;64.669
2022-05-21;43.689;5;43.689
2022-05-22;32.24;5;32.24
2022-05-23;26.437;5;26.437
2022-05-24;30.541;5;30.541
2022-05-25;23.982;5;23.982
2022-05-26;19.063;5;19.063
2022-05-27;23.654;5;23.654
2022-05-28;19.751;5;19.751
2022-05-29;18.472;5;18.472
2022-05-30;29.444;5;29.444
2022-05-31;24.587;5;24.587
2022-06-01;18.838;6;18.838
2022-06-02;27.045;6;27.045
2022-06-03;48.526;6;48.526
2022-06-04;107.148;6;107.148
2022-06-05;89.213;6;89.213
2022-06-06;58.715;6;58.715
2022-06-07;119.65;6;119.65
2022-06-08;66.751;6;66.751
2022-06-09;54.657;6;54.657
2022-06-10;42.755;6;42.755
2022-06-11;28.248;6;28.248
2022-06-12;40.738;6;40.738
2022-06-13;53.958;6;53.958
2022-06-14;52.26;6;52.26
2022-06-15;34.553;6;34.553
2022-06-16;25.248;6;25.248
2022-06-17;26.214;6;26.214
2022-06-18;32.771;6;32.771
2022-06-19;30.033;6;30.033
2022-06-20;35.609;6;35.609
2022-06-21;44.76;6;44.76
2022-06-22;38.169;6;38.169
2022-06-23;71.263;6;71.263
2022-06-24;47.671;6;47.671
2022-06-25;64.359;6;64.359
2022-06-26;74.993;6;74.993
2022-06-27;66.432;6;66.432
2022-06-28;57.69;6;57.69
2022-06-29;71.047;6;71.047
2022-06-30;48.139;6;48.139
2022-07-01;55.118;7;55.118
2022-07-02;42.223;7;42.223
2022-07-03;32.679;7;32.679
2022-07-04;41.985;7;41.985
2022-07-05;34.176;7;34.176
2022-07-06;23.564;7;23.564
2022-07-07;18.919;7;18.919
2022-07-08;131.849;7;131.849
2022-07-09;51.697;7;51.697
2022-07-10;28.694;7;28.694
2022-07-11;89.637;7;89.637
2022-07-12;46.481;7;46.481
2022-07-13;71.607;7;71.607
2022-07-14;35.224;7;35.224
2022-07-15;25.032;7;25.032
2022-07-16;19.587;7;19.587
2022-07-17;16.816;7;16.816
2022-07-18;18.21;7;18.21
2022-07-19;22.024;7;22.024
2022-07-20;22.54;7;22.54
2022-07-21;21.915;7;21.915
2022-07-22;21.965;7;21.965
2022-07-23;22.874;7;22.874
2022-07-24;32.9;7;32.9
2022-07-25;45.85;7;45.85
2022-07-26;38.67;7;38.67
2022-07-27;32.484;7;32.484
2022-07-28;91.263;7;91.263
2022-07-29;45.805;7;45.805
2022-07-30;29.422;7;29.422
2022-07-31;33.065;7;33.065
2022-08-01;23.811;8;23.811
2022-08-02;27.559;8;27.559
2022-08-03;29.041;8;29.041
2022-08-04;33.679;8;33.679
2022-08-05;27.118;8;27.118
2022-08-06;52.388;8;52.388
2022-08-07;30.522;8;30.522
2022-08-08;20.303;8;20.303
2022-08-09;17.236;8;17.236
2022-08-10;30.321;8;30.321
2022-08-11;27.082;8;27.082
2022-08-12;19.041;8;19.041
2022-08-13;19.316;8;19.316
2022-08-14;32.473;8;32.473
2022-08-15;23.728;8;23.728
2022-08-16;20.439;8;20.439
2022-08-17;15.191;8;15.191
2022-08-18;12.835;8;12.835
2022-08-19;11.249;8;11.249
2022-08-20;11.445;8;11.445
2022-08-21;14.955;8;14.955
2022-08-22;11.762;8;11.762
2022-08-23;10.334;8;10.334
2022-08-24;9.541;8;9.541
2022-08-25;8.947;8;8.947
2022-08-26;8.495;8;8.495
2022-08-27;8.302;8;8.302
2022-08-28;7.843;8;7.843
2022-08-29;8.22;8;8.22
2022-08-30;11.218;8;11.218
2022-08-31;12.049;8;12.049
2022-09-01;12.95;9;12.95
2022-09-02;60.885;9;60.885
2022-09-03;35.218;9;35.218
2022-09-04;35.092;9;35.092
2022-09-05;24.531;9;24.531
2022-09-06;16.419;9;16.419
2022-09-07;15.523;9;15.523
2022-09-08;14.281;9;14.281
2022-09-09;12.509;9;12.509
2022-09-10;11.283;9;11.283
2022-09-11;18.233;9;18.233
2022-09-12;12.84;9;12.84
2022-09-13;12.241;9;12.241
2022-09-14;11.766;9;11.766
2022-09-15;17.405;9;17.405
2022-09-16;22.225;9;22.225
2022-09-17;21.943;9;21.943
2022-09-18;13.806;9;13.806
2022-09-19;12.102;9;12.102
2022-09-20;62.075;9;62.075
2022-09-21;20.077;9;20.077
2022-09-22;22.056;9;22.056
2022-09-23;26.071;9;26.071
2022-09-24;30.201;9;30.201
2022-09-25;21.784;9;21.784
2022-09-26;14.84;9;14.84
2022-09-27;11.627;9;11.627
2022-09-28;11.282;9;11.282
2022-09-29;26.303;9;26.303
2022-09-30;41.907;9;41.907
2022-10-01;66.52;10;66.52
2022-10-02;26.385;10;26.385
2022-10-03;17.657;10;17.657
2022-10-04;14.474;10;14.474
2022-10-05;22.232;10;22.232
2022-10-06;41.269;10;41.269
2022-10-07;53.385;10;53.385
2022-10-08;43.749;10;43.749
2022-10-09;28.31;10;28.31
2022-10-10;18.107;10;18.107
2022-10-11;14.362;10;14.362
2022-10-12;13.362;10;13.362
2022-10-13;11.973;10;11.973
2022-10-14;24.726;10;24.726
2022-10-15;24.129;10;24.129
2022-10-16;37.009;10;37.009
2022-10-17;47.268;10;47.268
2022-10-18;71.074;10;71.074
2022-10-19;83.393;10;83.393
2022-10-20;136.788;10;136.788
2022-10-21;64.447;10;64.447
2022-10-22;60.684;10;60.684
2022-10-23;97.924;10;97.924
2022-10-24;95.638;10;95.638
2022-10-25;52.174;10;52.174
2022-10-26;77.939;10;77.939
2022-10-27;85.559;10;85.559
2022-10-28;49.076;10;49.076
2022-10-29;140.425;10;140.425
2022-10-30;51.723;10;51.723
2022-10-31;39.634;10;39.634
2022-11-01;38.412;11;38.412
2022-11-02;34.583;11;34.583
2022-11-03;46.915;11;46.915
2022-11-04;28.961;11;28.961
2022-11-05;37.596;11;37.596
2022-11-06;37.566;11;37.566
2022-11-07;51.564;11;51.564
2022-11-08;47.179;11;47.179
2022-11-09;65.605;11;65.605
2022-11-10;100.817;11;100.817
2022-11-11;61.48;11;61.48
2022-11-12;70.23;11;70.23
2022-11-13;66.644;11;66.644
2022-11-14;52.594;11;52.594
2022-11-15;50.279;11;50.279
2022-11-16;40.661;11;40.661
2022-11-17;40.673;11;40.673
2022-11-18;74.608;11;74.608
2022-11-19;79.298;11;79.298
2022-11-20;68.935;11;68.935
2022-11-21;49.585;11;49.585
2022-11-22;35.646;11;35.646
2022-11-23;55.303;11;55.303
2022-11-24;45.054;11;45.054
2022-11-25;56.036;11;56.036
2022-11-26;49.652;11;49.652
2022-11-27;48.6;11;48.6
2022-11-28;67.121;11;67.121
2022-11-29;86.218;11;86.218
2022-11-30;41.794;11;41.794
2022-12-01;28.991;12;28.991
2022-12-02;22.032;12;22.032
2022-12-03;19.19;12;19.19
2022-12-04;22.04;12;22.04
2022-12-05;39.242;12;39.242
2022-12-06;36.45;12;36.45
2022-12-07;66.868;12;66.868
2022-12-08;58.134;12;58.134
2022-12-09;38.709;12;38.709
2022-12-10;24.655;12;24.655
2022-12-11;21.269;12;21.269
2022-12-12;18.709;12;18.709
2022-12-13;16.996;12;16.996
2022-12-14;15.992;12;15.992
2022-12-15;16.689;12;16.689
2022-12-16;13.894;12;13.894
2022-12-17;13.226;12;13.226
2022-12-18;15.062;12;15.062
2022-12-19;16.473;12;16.473
2022-12-20;12.476;12;12.476
2022-12-21;10.755;12;10.755
2022-12-22;10.822;12;10.822
2022-12-23;9.753;12;9.753
2022-12-24;11.467;12;11.467
2022-12-25;10.462;12;10.462
2022-12-26;9.287;12;9.287
2022-12-27;9.169;12;9.169
2022-12-28;8.054;12;8.054
2022-12-29;7.682;12;7.682
2022-12-30;8.316;12;8.316
2022-12-31;8.865;12;8.865
2023-01-01;8.054;1;8.054
2023-01-02;7.976;1;7.976
2023-01-03;10.946;1;10.946
2023-01-04;14.238;1;14.238
2023-01-05;13.015;1;13.015
2023-01-06;18.806;1;18.806
2023-01-07;28.118;1;28.118
2023-01-08;50.081;1;50.081
2023-01-09;36.833;1;36.833
2023-01-10;43.489;1;43.489
2023-01-11;50.918;1;50.918
2023-01-12;177.548;1;177.548
2023-01-13;50.785;1;50.785
2023-01-14;34.014;1;34.014
2023-01-15;31.7;1;31.7
2023-01-16;22.119;1;22.119
2023-01-17;22.223;1;22.223
2023-01-18;31.183;1;31.183
2023-01-19;32.302;1;32.302
2023-01-20;48.17;1;48.17
2023-01-21;34.273;1;34.273
2023-01-22;29.012;1;29.012
2023-01-23;17.537;1;17.537
2023-01-24;15.385;1;15.385
2023-01-25;13.797;1;13.797
2023-01-26;11.872;1;11.872
2023-01-27;10.486;1;10.486
2023-01-28;9.617;1;9.617
2023-01-29;9.04;1;9.04
2023-01-30;8.917;1;8.917
2023-01-31;9.853;1;9.853
2023-02-01;8.377;2;8.377
2023-02-02;7.839;2;7.839
2023-02-03;7.259;2;7.259
2023-02-04;6.754;2;6.754
2023-02-05;6.508;2;6.508
2023-02-06;6.306;2;6.306
2023-02-07;6.146;2;6.146
2023-02-08;5.928;2;5.928
2023-02-09;5.7;2;5.7
2023-02-10;5.653;2;5.653
2023-02-11;5.49;2;5.49
2023-02-12;5.676;2;5.676
2023-02-13;5.361;2;5.361
2023-02-14;5.894;2;5.894
2023-02-15;5.587;2;5.587
2023-02-16;6.38;2;6.38
2023-02-17;8.047;2;8.047
2023-02-18;44.481;2;44.481
2023-02-19;25.566;2;25.566
2023-02-20;22.452;2;22.452
2023-02-21;26.729;2;26.729
2023-02-22;27.574;2;27.574
2023-02-23;13.583;2;13.583
2023-02-24;10.18;2;10.18
2023-02-25;8.732;2;8.732
2023-02-26;7.714;2;7.714
2023-02-27;7.227;2;7.227
2023-02-28;9.089;2;9.089
2023-03-01;8.484;3;8.484
2023-03-02;7.051;3;7.051
2023-03-03;6.7;3;6.7
2023-03-04;6.535;3;6.535
2023-03-05;8.821;3;8.821
2023-03-06;11.906;3;11.906
2023-03-07;19.061;3;19.061
2023-03-08;40.092;3;40.092
2023-03-09;86.39;3;86.39
2023-03-10;47.615;3;47.615
2023-03-11;104.229;3;104.229
2023-03-12;102.124;3;102.124
2023-03-13;125.69;3;125.69
2023-03-14;75.808;3;75.808
2023-03-15;45.801;3;45.801
2023-03-16;38.082;3;38.082
2023-03-17;35.905;3;35.905
2023-03-18;-999.000;3;3.2
2023-03-19;-999.000;3;6.2
2023-03-20;-999.000;3;5.335
2023-03-21;-999.000;3;9.067
2023-03-22;-999.000;3;40.092
2023-03-23;-999.000;3;3.2
2023-03-24;-999.000;3;1.397
2023-03-25;-999.000;3;11.9
2023-03-26;-999.000;3;5.649
2023-03-27;-999.000;3;19.79
2023-03-28;-999.000;3;3.0
2023-03-29;-999.000;3;1.766
2023-03-30;-999.000;3;11.6
2023-03-31;-999.000;3;7.5
2023-04-01;-999.000;4;4.8
2023-04-02;-999.000;4;21.2
2023-04-03;-999.000;4;19.0
2023-04-04;-999.000;4;62.14
2023-04-05;-999.000;4;51.39
2023-04-06;-999.000;4;11.3
2023-04-07;-999.000;4;16.95
2023-04-08;-999.000;4;5.9
2023-04-09;-999.000;4;9.4
2023-04-10;-999.000;4;10.589
2023-04-11;-999.000;4;3.944
2023-04-12;-999.000;4;12.2
2023-04-13;-999.000;4;10.57
2023-04-14;-999.000;4;18.2
2023-04-15;-999.000;4;9.131
2023-04-16;-999.000;4;54.1
2023-04-17;-999.000;4;3.9
2023-04-18;-999.000;4;6.94
2023-04-19;-999.000;4;73.46
2023-04-20;-999.000;4;28.1
2023-04-21;-999.000;4;4.6
2023-04-22;-999.000;4;61.75
2023-04-23;-999.000;4;21.84
2023-04-24;-999.000;4;5.3
2023-04-25;-999.000;4;12.11
2023-04-26;-999.000;4;49.36
2023-04-27;-999.000;4;7.1
2023-04-28;-999.000;4;7.09
2023-04-29;-999.000;4;11.3
2023-04-30;-999.000;4;6.844
2023-05-01;-999.000;5;24.6
2023-05-02;-999.000;5;42.9
2023-05-03;-999.000;5;43.06
2023-05-04;-999.000;5;22.08
2023-05-05;-999.000;5;38.57
2023-05-06;-999.000;5;15.6
2023-05-07;-999.000;5;34.84
2023-05-08;-999.000;5;23.7
2023-05-09;-999.000;5;29.091
2023-05-10;-999.000;5;13.6
2023-05-11;-999.000;5;23.66
2023-05-12;-999.000;5;34.46
2023-05-13;-999.000;5;48.1
2023-05-14;-999.000;5;86.6
2023-05-15;-999.000;5;22.665
2023-05-16;-999.000;5;46.77
2023-05-17;-999.000;5;5.42
2023-05-18;-999.000;5;14.4
2023-05-19;-999.000;5;14.51
2023-05-20;-999.000;5;47.6
2023-05-21;-999.000;5;114.6
2023-05-22;-999.000;5;59.2
2023-05-23;-999.000;5;15.14
2023-05-24;-999.000;5;12.8
2023-05-25;-999.000;5;10.75
2023-05-26;-999.000;5;36.97
2023-05-27;-999.000;5;27.2
2023-05-28;-999.000;5;8.428
2023-05-29;-999.000;5;4.5
2023-05-30;-999.000;5;34.6
2023-05-31;-999.000;5;47.3
2023-06-01;-999.000;6;69.29
2023-06-02;-999.000;6;19.7
2023-06-03;-999.000;6;14.44
2023-06-04;-999.000;6;100.0
2023-06-05;-999.000;6;16.616
2023-06-06;-999.000;6;8.2
2023-06-07;-999.000;6;47.9
2023-06-08;-999.000;6;17.0
2023-06-09;-999.000;6;9.1
2023-06-10;-999.000;6;24.7
2023-06-11;-999.000;6;13.73
2023-06-12;-999.000;6;72.0
2023-06-13;-999.000;6;9.0
2023-06-14;-999.000;6;25.3
2023-06-15;-999.000;6;45.6
2023-06-16;-999.000;6;16.3
2023-06-17;-999.000;6;28.7
2023-06-18;-999.000;6;38.359
2023-06-19;-999.000;6;16.0
2023-06-20;-999.000;6;201.2
2023-06-21;-999.000;6;10.4
2023-06-22;-999.000;6;30.7
2023-06-23;-999.000;6;39.63
2023-06-24;-999.000;6;12.66
2023-06-25;-999.000;6;19.0
2023-06-26;-999.000;6;36.965
2023-06-27;-999.000;6;11.75
2023-06-28;-999.000;6;16.5
2023-06-29;-999.000;6;41.3
2023-06-30;-999.000;6;81.0
2023-07-01;-999.000;7;12.34
2023-07-02;-999.000;7;38.296
2023-07-03;-999.000;7;7.256
2023-07-04;-999.000;7;12.6
2023-07-05;-999.000;7;12.0
2023-07-06;-999.000;7;15.53
2023-07-07;-999.000;7;24.9
2023-07-08;-999.000;7;11.3
2023-07-09;-999.000;7;26.72
2023-07-10;-999.000;7;13.8
2023-07-11;-999.000;7;11.297
2023-07-12;-999.000;7;27.3
2023-07-13;-999.000;7;13.4
2023-07-14;-999.000;7;14.201
2023-07-15;-999.000;7;12.3
2023-07-16;-999.000;7;29.15
2023-07-17;-999.000;7;30.7
2023-07-18;-999.000;7;11.4
2023-07-19;-999.000;7;54.0
2023-07-20;-999.000;7;37.1
2023-07-21;-999.000;7;6.7
2023-07-22;-999.000;7;35.9
2023-07-23;-999.000;7;17.31
2023-07-24;-999.000;7;72.3
2023-07-25;-999.000;7;17.5
2023-07-26;-999.000;7;58.3
2023-07-27;-999.000;7;16.41
2023-07-28;-999.000;7;15.42
2023-07-29;-999.000;7;8.1
2023-07-30;-999.000;7;7.119
2023-07-31;-999.000;7;12.6
2023-08-01;-999.000;8;11.44
2023-08-02;-999.000;8;13.51
2023-08-03;-999.000;8;12.49
2023-08-04;-999.000;8;17.83
2023-08-05;-999.000;8;24.2
2023-08-06;-999.000;8;13.35
2023-08-07;-999.000;8;13.19
2023-08-08;-999.000;8;12.3
2023-08-09;-999.000;8;64.5
2023-08-10;-999.000;8;126.6
2023-08-11;-999.000;8;13.0
2023-08-12;-999.000;8;18.73
2023-08-13;-999.000;8;11.2
2023-08-14;-999.000;8;11.8
2023-08-15;-999.000;8;8.3
2023-08-16;-999.000;8;8.821
2023-08-17;-999.000;8;28.73
2023-08-18;-999.000;8;13.2
2023-08-19;-999.000;8;11.87
2023-08-20;-999.000;8;8.69
2023-08-21;-999.000;8;8.495
2023-08-22;-999.000;8;103.4
2023-08-23;-999.000;8;4.7
2023-08-24;-999.000;8;15.52
2023-08-25;-999.000;8;5.5
2023-08-26;-999.000;8;17.713
2023-08-27;-999.000;8;24.3
2023-08-28;-999.000;8;10.775
2023-08-29;-999.000;8;41.36
2023-08-30;-999.000;8;10.2
2023-08-31;-999.000;8;5.8
2023-09-01;-999.000;9;20.2
2023-09-02;-999.000;9;13.2
2023-09-03;-999.000;9;1.317
2023-09-04;-999.000;9;16.6
2023-09-05;-999.000;9;19.5
2023-09-06;-999.000;9;4.3
2023-09-07;-999.000;9;11.3
2023-09-08;-999.000;9;8.4
2023-09-09;-999.000;9;9.746
2023-09-10;-999.000;9;13.2
2023-09-11;-999.000;9;4.14
2023-09-12;-999.000;9;19.3
2023-09-13;-999.000;9;4.047
2023-09-14;-999.000;9;18.3
2023-09-15;-999.000;9;18.8
2023-09-16;-999.000;9;13.106
2023-09-17;-999.000;9;22.423
2023-09-18;-999.000;9;12.0
2023-09-19;-999.000;9;5.5
2023-09-20;-999.000;9;9.585
2023-09-21;-999.000;9;22.71
2023-09-22;-999.000;9;18.21
2023-09-23;-999.000;9;7.48
2023-09-24;-999.000;9;5.3
2023-09-25;-999.000;9;3.9
2023-09-26;-999.000;9;37.0
2023-09-27;-999.000;9;51.4
2023-09-28;-999.000;9;13.52
2023-09-29;-999.000;9;5.285
2023-09-30;-999.000;9;13.2
2023-10-01;-999.000;10;11.038
2023-10-02;-999.000;10;71.0
2023-10-03;-999.000;10;17.368
2023-10-04;-999.000;10;10.4
2023-10-05;-999.000;10;8.125
2023-10-06;-999.000;10;8.333
2023-10-07;-999.000;10;13.0
2023-10-08;-999.000;10;24.726
2023-10-09;-999.000;10;24.1
2023-10-10;-999.000;10;11.3
2023-10-11;-999.000;10;4.7
2023-10-12;-999.000;10;10.29
2023-10-13;-999.000;10;14.1
2023-10-14;-999.000;10;11.8
2023-10-15;-999.000;10;61.3
2023-10-16;-999.000;10;76.2
2023-10-17;-999.000;10;43.8
2023-10-18;-999.000;10;10.6
2023-10-19;-999.000;10;37.4
2023-10-20;-999.000;10;8.312
2023-10-21;-999.000;10;63.3
2023-10-22;-999.000;10;36.17
2023-10-23;-999.000;10;27.34
2023-10-24;-999.000;10;28.8
2023-10-25;-999.000;10;4.0
2023-10-26;-999.000;10;4.1
2023-10-27;-999.000;10;20.56
2023-10-28;-999.000;10;10.6
2023-10-29;-999.000;10;5.655
2023-10-30;-999.000;10;4.3
2023-10-31;-999.000;10;91.1
2023-11-01;-999.000;11;31.7
2023-11-02;-999.000;11;33.82
2023-11-03;-999.000;11;10.52
2023-11-04;-999.000;11;6.312
2023-11-05;-999.000;11;27.1
2023-11-06;-999.000;11;14.7
2023-11-07;-999.000;11;12.1
2023-11-08;-999.000;11;33.3
2023-11-09;-999.000;11;23.1
2023-11-10;-999.000;11;11.7
2023-11-11;-999.000;11;17.4
2023-11-12;-999.000;11;27.3
2023-11-13;-999.000;11;15.29
2023-11-14;-999.000;11;13.5
2023-11-15;-999.000;11;21.2
2023-11-16;-999.000;11;6.5
2023-11-17;-999.000;11;13.143
2023-11-18;-999.000;11;43.12
2023-11-19;-999.000;11;34.4
2023-11-20;-999.000;11;25.2
2023-11-21;-999.000;11;95.7
2023-11-22;-999.000;11;21.1
2023-11-23;-999.000;11;6.7
2023-11-24;-999.000;11;38.412
2023-11-25;-999.000;11;13.5
2023-11-26;-999.000;11;8.298
2023-11-27;-999.000;11;266.1
2023-11-28;-999.000;11;64.09
2023-11-29;-999.000;11;5.461
2023-11-30;-999.000;11;65.48
2023-12-01;-999.000;12;46.5
2023-12-02;-999.000;12;6.291
2023-12-03;-999.000;12;18.184
2023-12-04;-999.000;12;4.2
2023-12-05;-999.000;12;10.18
2023-12-06;-999.000;12;4.009
2023-12-07;-999.000;12;9.8
2023-12-08;-999.000;12;14.4
2023-12-09;-999.000;12;9.753
2023-12-10;-999.000;12;6.2
2023-12-11;-999.000;12;5.4
2023-12-12;-999.000;12;9.9
2023-12-13;-999.000;12;28.74
2023-12-14;-999.000;12;8.1
2023-12-15;-999.000;12;9.1
2023-12-16;-999.000;12;7.0
2023-12-17;-999.000;12;5.3
2023-12-18;-999.000;12;16.6
2023-12-19;-999.000;12;14.97
2023-12-20;-999.000;12;4.6
2023-12-21;-999.000;12;10.94
2023-12-22;-999.000;12;13.8
2023-12-23;-999.000;12;16.6
2023-12-24;-999.000;12;3.2
2023-12-25;-999.000;12;2.869
2023-12-26;-999.000;12;67.97
2023-12-27;-999.000;12;4.8
2023-12-28;-999.000;12;51.1
2023-12-29;-999.000;12;4.624
2023-12-30;-999.000;12;5.4
2023-12-31;-999.000;12;10.94
2024-01-01;-999.000;1;3.2
2024-01-02;-999.000;1;10.7
2024-01-03;-999.000;1;3.861
2024-01-04;-999.000;1;13.0
2024-01-05;-999.000;1;3.5
2024-01-06;-999.000;1;4.3
2024-01-07;-999.000;1;3.54
2024-01-08;-999.000;1;3.5
2024-01-09;-999.000;1;3.02
2024-01-10;-999.000;1;5.4
2024-01-11;-999.000;1;6.211
2024-01-12;-999.000;1;7.6
2024-01-13;-999.000;1;9.617
2024-01-14;-999.000;1;5.5
2024-01-15;-999.000;1;2.816
2024-01-16;-999.000;1;4.6
2024-01-17;-999.000;1;6.431
2024-01-18;-999.000;1;3.9
2024-01-19;-999.000;1;5.11
2024-01-20;-999.000;1;5.6
2024-01-21;-999.000;1;4.3
2024-01-22;-999.000;1;15.1
2024-01-23;-999.000;1;3.81
2024-01-24;-999.000;1;9.1
2024-01-25;-999.000;1;6.4
2024-01-26;-999.000;1;13.065
2024-01-27;-999.000;1;8.054
2024-01-28;-999.000;1;5.1
2024-01-29;-999.000;1;5.49
2024-01-30;-999.000;1;5.7
2024-01-31;-999.000;1;1.6
2024-02-01;-999.000;2;13.697
2024-02-02;-999.000;2;20.1
2024-02-03;-999.000;2;6.0
2024-02-04;-999.000;2;1.8
2024-02-05;-999.000;2;4.31
2024-02-06;-999.000;2;4.4
2024-02-07;-999.000;2;3.81
2024-02-08;-999.000;2;2.2
2024-02-09;-999.000;2;16.1
2024-02-10;-999.000;2;24.6
2024-02-11;-999.000;2;8.214
2024-02-12;-999.000;2;2.2
2024-02-13;-999.000;2;3.3
2024-02-14;-999.000;2;1.8
2024-02-15;-999.000;2;5.676
2024-02-16;-999.000;2;19.3
2024-02-17;-999.000;2;7.31
2024-02-18;-999.000;2;4.276
2024-02-19;-999.000;2;1.3
2024-02-20;-999.000;2;1.4
2024-02-21;-999.000;2;1.8
2024-02-22;-999.000;2;3.2
2024-02-23;-999.000;2;22.7
2024-02-24;-999.000;2;4.808
2024-02-25;-999.000;2;4.3
2024-02-26;-999.000;2;1.692
2024-02-27;-999.000;2;3.8
2024-02-28;-999.000;2;3.45
2024-02-29;-999.000;2;1.4
2024-03-01;-999.000;3;2.569
2024-03-02;-999.000;3;7.17
2024-03-03;-999.000;3;63.4
2024-03-04;-999.000;3;2.25
2024-03-05;-999.000;3;26.7
2024-03-06;-999.000;3;6.26
2024-03-07;-999.000;3;4.1
2024-03-08;-999.000;3;6.458
2024-03-09;-999.000;3;5.283
2024-03-10;-999.000;3;18.0
2024-03-11;-999.000;3;20.51
2024-03-12;-999.000;3;4.5
2024-03-13;-999.000;3;18.37
2024-03-14;2.14;3;2.14
2024-03-15;2.129;3;2.129
2024-03-16;2.33;3;2.33
2024-03-17;2.258;3;2.258
2024-03-18;1.525;3;1.525
2024-03-19;-999.000;3;26.0
2024-03-20;-999.000;3;7.544
2024-03-21;-999.000;3;6.7
2024-03-22;-999.000;3;4.14
2024-03-23;-999.000;3;9.3
2024-03-24;-999.000;3;9.0
2024-03-25;1.397;3;1.397
2024-03-26;2.17;3;2.17
2024-03-27;-999.000;3;3.2
2024-03-28;3.375;3;3.375
2024-03-29;4.686;3;4.686
2024-03-30;3.168;3;3.168
2024-03-31;3.485;3;3.485
2024-04-01;7.911;4;7.911
2024-04-02;8.925;4;8.925
2024-04-03;8.535;4;8.535
2024-04-04;10.536;4;10.536
2024-04-05;7.965;4;7.965
2024-04-06;7.313;4;7.313
2024-04-07;10.401;4;10.401
2024-04-08;6.632;4;6.632
2024-04-09;5.451;4;5.451
2024-04-10;4.841;4;4.841
2024-04-11;3.944;4;3.944
2024-04-12;3.384;4;3.384
2024-04-13;2.814;4;2.814
2024-04-14;2.482;4;2.482
2024-04-15;2.491;4;2.491
2024-04-16;2.338;4;2.338
2024-04-17;2.271;4;2.271
2024-04-18;3.125;4;3.125
2024-04-19;15.699;4;15.699
2024-04-20;17.603;4;17.603
2024-04-21;19.817;4;19.817
2024-04-22;55.806;4;55.806
2024-04-23;53.05;4;53.05
2024-04-24;33.661;4;33.661
2024-04-25;20.04;4;20.04
2024-04-26;16.273;4;16.273
2024-04-27;24.863;4;24.863
2024-04-28;25.668;4;25.668
2024-04-29;63.712;4;63.712
2024-04-30;67.009;4;67.009
2024-05-01;65.373;5;65.373
2024-05-02;27.511;5;27.511
2024-05-03;22.446;5;22.446
2024-05-04;22.516;5;22.516
2024-05-05;52.068;5;52.068
2024-05-06;42.419;5;42.419
2024-05-07;24.221;5;24.221
2024-05-08;16.383;5;16.383
2024-05-09;21.373;5;21.373
2024-05-10;51.233;5;51.233
2024-05-11;43.06;5;43.06
2024-05-12;36.764;5;36.764
2024-05-13;71.031;5;71.031
2024-05-14;53.583;5;53.583
2024-05-15;109.652;5;109.652
2024-05-16;71.126;5;71.126
2024-05-17;48.931;5;48.931
2024-05-18;30.059;5;30.059
2024-05-19;43.019;5;43.019
2024-05-20;25.188;5;25.188
2024-05-21;23.706;5;23.706
2024-05-22;19.31;5;19.31
2024-05-23;15.896;5;15.896
2024-05-24;13.814;5;13.814
2024-05-25;76.15;5;76.15
2024-05-26;55.042;5;55.042
2024-05-27;25.018;5;25.018
2024-05-28;17.921;5;17.921
2024-05-29;35.089;5;35.089
2024-05-30;33.427;5;33.427
2024-05-31;33.036;5;33.036
2024-06-01;35.043;6;35.043
2024-06-02;19.712;6;19.712
2024-06-03;15.234;6;15.234
2024-06-04;35.311;6;35.311
2024-06-05;42.069;6;42.069
2024-06-06;32.441;6;32.441
2024-06-07;27.469;6;27.469
2024-06-08;29.81;6;29.81
2024-06-09;36.447;6;36.447
2024-06-10;36.784;6;36.784
2024-06-11;33.754;6;33.754
2024-06-12;33.807;6;33.807
2024-06-13;21.642;6;21.642
2024-06-14;26.036;6;26.036
2024-06-15;36.965;6;36.965
2024-06-16;100.036;6;100.036
2024-06-17;43.778;6;43.778
2024-06-18;32.567;6;32.567
2024-06-19;34.901;6;34.901
2024-06-20;34.132;6;34.132
2024-06-21;28.755;6;28.755
2024-06-22;22.809;6;22.809
2024-06-23;32.657;6;32.657
2024-06-24;41.446;6;41.446
2024-06-25;29.539;6;29.539
2024-06-26;22.908;6;22.908
2024-06-27;22.719;6;22.719
2024-06-28;27.663;6;27.663
2024-06-29;26.834;6;26.834
2024-06-30;30.86;6;30.86
2024-07-01;31.708;7;31.708
2024-07-02;24.548;7;24.548
2024-07-03;26.279;7;26.279
2024-07-04;24.243;7;24.243
2024-07-05;24.043;7;24.043
2024-07-06;43.583;7;43.583
2024-07-07;38.078;7;38.078
2024-07-08;34.615;7;34.615
2024-07-09;27.582;7;27.582
2024-07-10;21.437;7;21.437
2024-07-11;15.282;7;15.282
2024-07-12;13.123;7;13.123
2024-07-13;16.121;7;16.121
2024-07-14;25.088;7;25.088
2024-07-15;17.003;7;17.003
2024-07-16;14.733;7;14.733
2024-07-17;13.238;7;13.238
2024-07-18;12.619;7;12.619
2024-07-19;11.915;7;11.915
2024-07-20;11.074;7;11.074
2024-07-21;19.77;7;19.77
2024-07-22;26.291;7;26.291
2024-07-23;24.083;7;24.083
2024-07-24;21.822;7;21.822
2024-07-25;18.054;7;18.054
2024-07-26;16.665;7;16.665
2024-07-27;15.356;7;15.356
2024-07-28;14.533;7;14.533
2024-07-29;18.535;7;18.535
2024-07-30;13.795;7;13.795
2024-07-31;14.244;7;14.244
2024-08-01;16.413;8;16.413
2024-08-02;14.102;8;14.102
2024-08-03;9.105;8;9.105
2024-08-04;7.879;8;7.879
2024-08-05;7.212;8;7.212
2024-08-06;8.531;8;8.531
2024-08-07;11.664;8;11.664
2024-08-08;8.158;8;8.158
2024-08-09;7.062;8;7.062
2024-08-10;8.266;8;8.266
2024-08-11;8.527;8;8.527
2024-08-12;5.891;8;5.891
2024-08-13;5.41;8;5.41
2024-08-14;12.245;8;12.245
2024-08-15;-999.000;8;13.0
2024-08-16;-999.000;8;14.675
2024-08-17;-999.000;8;13.2
2024-08-18;-999.000;8;21.4
2024-08-19;-999.000;8;12.86
2024-08-20;5.522;8;5.522
2024-08-21;5.301;8;5.301
2024-08-22;5.033;8;5.033
2024-08-23;4.773;8;4.773
2024-08-24;5.907;8;5.907
2024-08-25;7.765;8;7.765
2024-08-26;22.45;8;22.45
2024-08-27;12.466;8;12.466
2024-08-28;8.904;8;8.904
2024-08-29;7.804;8;7.804
2024-08-30;7.065;8;7.065
2024-08-31;6.01;8;6.01
2024-09-01;5.364;9;5.364
2024-09-02;5.199;9;5.199
2024-09-03;5.474;9;5.474
2024-09-04;5.175;9;5.175
2024-09-05;4.986;9;4.986
2024-09-06;4.805;9;4.805
2024-09-07;4.545;9;4.545
2024-09-08;4.356;9;4.356
2024-09-09;4.227;9;4.227
2024-09-10;4.009;9;4.009
2024-09-11;3.655;9;3.655
2024-09-12;3.622;9;3.622
2024-09-13;3.948;9;3.948
2024-09-14;3.66;9;3.66
2024-09-15;3.306;9;3.306
2024-09-16;3.19;9;3.19
2024-09-17;3.638;9;3.638
2024-09-18;3.295;9;3.295
2024-09-19;3.118;9;3.118
2024-09-20;2.618;9;2.618
2024-09-21;2.054;9;2.054
2024-09-22;1.831;9;1.831
2024-09-23;1.635;9;1.635
2024-09-24;1.317;9;1.317
2024-09-25;1.317;9;1.317
2024-09-26;1.499;9;1.499
