# River:                 RIO PRADO
# Station:               BOQUERON
# Latitude (DD):       3.75
# Longitude (DD):      -74.9

YYYY-MM-DD;Value;month;Value_imputed
1959-03-01;8.0;3;8.0
1959-03-02;50.0;3;50.0
1959-03-03;38.0;3;38.0
1959-03-04;18.0;3;18.0
1959-03-05;14.0;3;14.0
1959-03-06;12.0;3;12.0
1959-03-07;11.0;3;11.0
1959-03-08;9.0;3;9.0
1959-03-09;12.0;3;12.0
1959-03-10;12.0;3;12.0
1959-03-11;8.0;3;8.0
1959-03-12;31.0;3;31.0
1959-03-13;14.0;3;14.0
1959-03-14;14.0;3;14.0
1959-03-15;17.0;3;17.0
1959-03-16;15.0;3;15.0
1959-03-17;13.0;3;13.0
1959-03-18;9.0;3;9.0
1959-03-19;15.0;3;15.0
1959-03-20;38.0;3;38.0
1959-03-21;22.0;3;22.0
1959-03-22;14.0;3;14.0
1959-03-23;11.0;3;11.0
1959-03-24;9.0;3;9.0
1959-03-25;8.0;3;8.0
1959-03-26;12.0;3;12.0
1959-03-27;11.0;3;11.0
1959-03-28;12.0;3;12.0
1959-03-29;36.0;3;36.0
1959-03-30;34.0;3;34.0
1959-03-31;35.0;3;35.0
1959-04-01;19.0;4;19.0
1959-04-02;25.0;4;25.0
1959-04-03;21.0;4;21.0
1959-04-04;30.0;4;30.0
1959-04-05;37.0;4;37.0
1959-04-06;27.0;4;27.0
1959-04-07;20.0;4;20.0
1959-04-08;14.0;4;14.0
1959-04-09;12.0;4;12.0
1959-04-10;12.0;4;12.0
1959-04-11;11.0;4;11.0
1959-04-12;17.0;4;17.0
1959-04-13;18.0;4;18.0
1959-04-14;26.0;4;26.0
1959-04-15;18.0;4;18.0
1959-04-16;16.0;4;16.0
1959-04-17;18.0;4;18.0
1959-04-18;14.0;4;14.0
1959-04-19;12.0;4;12.0
1959-04-20;16.0;4;16.0
1959-04-21;27.0;4;27.0
1959-04-22;30.0;4;30.0
1959-04-23;95.0;4;95.0
1959-04-24;37.0;4;37.0
1959-04-25;53.0;4;53.0
1959-04-26;151.0;4;151.0
1959-04-27;89.0;4;89.0
1959-04-28;54.0;4;54.0
1959-04-29;30.0;4;30.0
1959-04-30;22.0;4;22.0
1959-05-01;18.0;5;18.0
1959-05-02;79.0;5;79.0
1959-05-03;65.0;5;65.0
1959-05-04;216.0;5;216.0
1959-05-05;257.0;5;257.0
1959-05-06;115.0;5;115.0
1959-05-07;124.0;5;124.0
1959-05-08;90.0;5;90.0
1959-05-09;129.0;5;129.0
1959-05-10;162.0;5;162.0
1959-05-11;82.0;5;82.0
1959-05-12;53.0;5;53.0
1959-05-13;42.0;5;42.0
1959-05-14;41.0;5;41.0
1959-05-15;33.0;5;33.0
1959-05-16;29.0;5;29.0
1959-05-17;26.0;5;26.0
1959-05-18;23.0;5;23.0
1959-05-19;27.0;5;27.0
1959-05-20;26.0;5;26.0
1959-05-21;33.0;5;33.0
1959-05-22;56.0;5;56.0
1959-05-23;62.0;5;62.0
1959-05-24;38.0;5;38.0
1959-05-25;28.0;5;28.0
1959-05-26;22.0;5;22.0
1959-05-27;18.0;5;18.0
1959-05-28;16.0;5;16.0
1959-05-29;18.0;5;18.0
1959-05-30;20.0;5;20.0
1959-05-31;28.0;5;28.0
1959-06-01;28.0;6;28.0
1959-06-02;30.0;6;30.0
1959-06-03;24.0;6;24.0
1959-06-04;24.0;6;24.0
1959-06-05;41.0;6;41.0
1959-06-06;50.0;6;50.0
1959-06-07;124.0;6;124.0
1959-06-08;79.0;6;79.0
1959-06-09;62.0;6;62.0
1959-06-10;79.0;6;79.0
1959-06-11;64.0;6;64.0
1959-06-12;48.0;6;48.0
1959-06-13;35.0;6;35.0
1959-06-14;47.0;6;47.0
1959-06-15;42.0;6;42.0
1959-06-16;49.0;6;49.0
1959-06-17;37.0;6;37.0
1959-06-18;31.0;6;31.0
1959-06-19;37.0;6;37.0
1959-06-20;43.0;6;43.0
1959-06-21;48.0;6;48.0
1959-06-22;51.0;6;51.0
1959-06-23;36.0;6;36.0
1959-06-24;29.0;6;29.0
1959-06-25;23.0;6;23.0
1959-06-26;22.0;6;22.0
1959-06-27;20.0;6;20.0
1959-06-28;20.0;6;20.0
1959-06-29;30.0;6;30.0
1959-06-30;37.0;6;37.0
1959-07-01;24.0;7;24.0
1959-07-02;22.0;7;22.0
1959-07-03;26.0;7;26.0
1959-07-04;25.0;7;25.0
1959-07-05;23.0;7;23.0
1959-07-06;20.0;7;20.0
1959-07-07;22.0;7;22.0
1959-07-08;43.0;7;43.0
1959-07-09;27.0;7;27.0
1959-07-10;24.0;7;24.0
1959-07-11;21.0;7;21.0
1959-07-12;25.0;7;25.0
1959-07-13;49.0;7;49.0
1959-07-14;27.0;7;27.0
1959-07-15;26.0;7;26.0
1959-07-16;24.0;7;24.0
1959-07-17;23.0;7;23.0
1959-07-18;26.0;7;26.0
1959-07-19;28.0;7;28.0
1959-07-20;25.0;7;25.0
1959-07-21;19.0;7;19.0
1959-07-22;18.0;7;18.0
1959-07-23;26.0;7;26.0
1959-07-24;21.0;7;21.0
1959-07-25;19.0;7;19.0
1959-07-26;14.0;7;14.0
1959-07-27;12.0;7;12.0
1959-07-28;11.0;7;11.0
1959-07-29;11.0;7;11.0
1959-07-30;14.0;7;14.0
1959-07-31;13.0;7;13.0
1959-08-01;16.0;8;16.0
1959-08-02;12.0;8;12.0
1959-08-03;12.0;8;12.0
1959-08-04;12.0;8;12.0
1959-08-05;18.0;8;18.0
1959-08-06;30.0;8;30.0
1959-08-07;226.0;8;226.0
1959-08-08;20.0;8;20.0
1959-08-09;14.0;8;14.0
1959-08-10;11.0;8;11.0
1959-08-11;10.0;8;10.0
1959-08-12;11.0;8;11.0
1959-08-13;12.0;8;12.0
1959-08-14;12.0;8;12.0
1959-08-15;12.0;8;12.0
1959-08-16;15.0;8;15.0
1959-08-17;18.0;8;18.0
1959-08-18;12.0;8;12.0
1959-08-19;12.0;8;12.0
1959-08-20;12.0;8;12.0
1959-08-21;9.0;8;9.0
1959-08-22;8.0;8;8.0
1959-08-23;8.0;8;8.0
1959-08-24;8.0;8;8.0
1959-08-25;8.0;8;8.0
1959-08-26;8.0;8;8.0
1959-08-27;8.0;8;8.0
1959-08-28;17.0;8;17.0
1959-08-29;18.0;8;18.0
1959-08-30;15.0;8;15.0
1959-08-31;12.0;8;12.0
1959-09-01;17.0;9;17.0
1959-09-02;17.0;9;17.0
1959-09-03;19.0;9;19.0
1959-09-04;12.0;9;12.0
1959-09-05;10.0;9;10.0
1959-09-06;9.0;9;9.0
1959-09-07;7.0;9;7.0
1959-09-08;7.0;9;7.0
1959-09-09;6.0;9;6.0
1959-09-10;6.0;9;6.0
1959-09-11;9.0;9;9.0
1959-09-12;8.0;9;8.0
1959-09-13;8.0;9;8.0
1959-09-14;11.0;9;11.0
1959-09-15;10.0;9;10.0
1959-09-16;8.0;9;8.0
1959-09-17;28.0;9;28.0
1959-09-18;16.0;9;16.0
1959-09-19;12.0;9;12.0
1959-09-20;26.0;9;26.0
1959-09-21;14.0;9;14.0
1959-09-22;9.0;9;9.0
1959-09-23;7.0;9;7.0
1959-09-24;6.0;9;6.0
1959-09-25;5.0;9;5.0
1959-09-26;5.0;9;5.0
1959-09-27;6.0;9;6.0
1959-09-28;9.0;9;9.0
1959-09-29;7.0;9;7.0
1959-09-30;11.0;9;11.0
1959-10-01;11.0;10;11.0
1959-10-02;29.0;10;29.0
1959-10-03;22.0;10;22.0
1959-10-04;16.0;10;16.0
1959-10-05;12.0;10;12.0
1959-10-06;14.0;10;14.0
1959-10-07;32.0;10;32.0
1959-10-08;28.0;10;28.0
1959-10-09;24.0;10;24.0
1959-10-10;16.0;10;16.0
1959-10-11;12.0;10;12.0
1959-10-12;28.0;10;28.0
1959-10-13;83.0;10;83.0
1959-10-14;102.0;10;102.0
1959-10-15;98.0;10;98.0
1959-10-16;42.0;10;42.0
1959-10-17;34.0;10;34.0
1959-10-18;28.0;10;28.0
1959-10-19;66.0;10;66.0
1959-10-20;24.0;10;24.0
1959-10-21;98.0;10;98.0
1959-10-22;105.0;10;105.0
1959-10-23;249.0;10;249.0
1959-10-24;106.0;10;106.0
1959-10-25;235.0;10;235.0
1959-10-26;115.0;10;115.0
1959-10-27;82.0;10;82.0
1959-10-28;109.0;10;109.0
1959-10-29;79.0;10;79.0
1959-10-30;47.0;10;47.0
1959-10-31;38.0;10;38.0
1959-11-01;33.0;11;33.0
1959-11-02;43.0;11;43.0
1959-11-03;38.0;11;38.0
1959-11-04;28.0;11;28.0
1959-11-05;24.0;11;24.0
1959-11-06;20.0;11;20.0
1959-11-07;18.0;11;18.0
1959-11-08;20.0;11;20.0
1959-11-09;21.0;11;21.0
1959-11-10;37.0;11;37.0
1959-11-11;50.0;11;50.0
1959-11-12;56.0;11;56.0
1959-11-13;297.0;11;297.0
1959-11-14;86.0;11;86.0
1959-11-15;521.0;11;521.0
1959-11-16;114.0;11;114.0
1959-11-17;92.0;11;92.0
1959-11-18;58.0;11;58.0
1959-11-19;61.0;11;61.0
1959-11-20;508.0;11;508.0
1959-11-21;112.0;11;112.0
1959-11-22;71.0;11;71.0
1959-11-23;59.0;11;59.0
1959-11-24;48.0;11;48.0
1959-11-25;56.0;11;56.0
1959-11-26;88.0;11;88.0
1959-11-27;48.0;11;48.0
1959-11-28;44.0;11;44.0
1959-11-29;117.0;11;117.0
1959-11-30;148.0;11;148.0
1959-12-01;102.0;12;102.0
1959-12-02;55.0;12;55.0
1959-12-03;35.0;12;35.0
1959-12-04;58.0;12;58.0
1959-12-05;83.0;12;83.0
1959-12-06;53.0;12;53.0
1959-12-07;72.0;12;72.0
1959-12-08;102.0;12;102.0
1959-12-09;53.0;12;53.0
1959-12-10;54.0;12;54.0
1959-12-11;52.0;12;52.0
1959-12-12;61.0;12;61.0
1959-12-13;216.0;12;216.0
1959-12-14;98.0;12;98.0
1959-12-15;67.0;12;67.0
1959-12-16;46.0;12;46.0
1959-12-17;62.0;12;62.0
1959-12-18;44.0;12;44.0
1959-12-19;35.0;12;35.0
1959-12-20;107.0;12;107.0
1959-12-21;52.0;12;52.0
1959-12-22;64.0;12;64.0
1959-12-23;46.0;12;46.0
1959-12-24;40.0;12;40.0
1959-12-25;34.0;12;34.0
1959-12-26;54.0;12;54.0
1959-12-27;33.0;12;33.0
1959-12-28;27.0;12;27.0
1959-12-29;29.0;12;29.0
1959-12-30;46.0;12;46.0
1959-12-31;56.0;12;56.0
1960-01-01;331.0;1;331.0
1960-01-02;297.0;1;297.0
1960-01-03;187.0;1;187.0
1960-01-04;113.0;1;113.0
1960-01-05;83.0;1;83.0
1960-01-06;49.0;1;49.0
1960-01-07;42.0;1;42.0
1960-01-08;44.0;1;44.0
1960-01-09;65.0;1;65.0
1960-01-10;70.0;1;70.0
1960-01-11;41.0;1;41.0
1960-01-12;34.0;1;34.0
1960-01-13;40.0;1;40.0
1960-01-14;34.0;1;34.0
1960-01-15;30.0;1;30.0
1960-01-16;38.0;1;38.0
1960-01-17;29.0;1;29.0
1960-01-18;54.0;1;54.0
1960-01-19;40.0;1;40.0
1960-01-20;24.0;1;24.0
1960-01-21;21.0;1;21.0
1960-01-22;23.0;1;23.0
1960-01-23;20.0;1;20.0
1960-01-24;18.0;1;18.0
1960-01-25;16.0;1;16.0
1960-01-26;16.0;1;16.0
1960-01-27;16.0;1;16.0
1960-01-28;43.0;1;43.0
1960-01-29;28.0;1;28.0
1960-01-30;143.0;1;143.0
1960-01-31;156.0;1;156.0
1960-02-01;101.0;2;101.0
1960-02-02;180.0;2;180.0
1960-02-03;64.0;2;64.0
1960-02-04;53.0;2;53.0
1960-02-05;123.0;2;123.0
1960-02-06;75.0;2;75.0
1960-02-07;75.0;2;75.0
1960-02-08;88.0;2;88.0
1960-02-09;83.0;2;83.0
1960-02-10;48.0;2;48.0
1960-02-11;51.0;2;51.0
1960-02-12;38.0;2;38.0
1960-02-13;115.0;2;115.0
1960-02-14;157.0;2;157.0
1960-02-15;167.0;2;167.0
1960-02-16;72.0;2;72.0
1960-02-17;142.0;2;142.0
1960-02-18;54.0;2;54.0
1960-02-19;49.0;2;49.0
1960-02-20;36.0;2;36.0
1960-02-21;32.0;2;32.0
1960-02-22;28.0;2;28.0
1960-02-23;24.0;2;24.0
1960-02-24;24.0;2;24.0
1960-02-25;22.0;2;22.0
1960-02-26;21.0;2;21.0
1960-02-27;24.0;2;24.0
1960-02-28;22.0;2;22.0
1960-02-29;18.0;2;18.0
1960-03-01;16.0;3;16.0
1960-03-02;16.0;3;16.0
1960-03-03;15.0;3;15.0
1960-03-04;14.0;3;14.0
1960-03-05;14.0;3;14.0
1960-03-06;30.0;3;30.0
1960-03-07;18.0;3;18.0
1960-03-08;24.0;3;24.0
1960-03-09;43.0;3;43.0
1960-03-10;28.0;3;28.0
1960-03-11;39.0;3;39.0
1960-03-12;34.0;3;34.0
1960-03-13;27.0;3;27.0
1960-03-14;26.0;3;26.0
1960-03-15;32.0;3;32.0
1960-03-16;20.0;3;20.0
1960-03-17;16.0;3;16.0
1960-03-18;22.0;3;22.0
1960-03-19;81.0;3;81.0
1960-03-20;39.0;3;39.0
1960-03-21;59.0;3;59.0
1960-03-22;84.0;3;84.0
1960-03-23;44.0;3;44.0
1960-03-24;96.0;3;96.0
1960-03-25;155.0;3;155.0
1960-03-26;59.0;3;59.0
1960-03-27;39.0;3;39.0
1960-03-28;31.0;3;31.0
1960-03-29;30.0;3;30.0
1960-03-30;26.0;3;26.0
1960-03-31;64.0;3;64.0
1960-04-01;35.0;4;35.0
1960-04-02;28.0;4;28.0
1960-04-03;28.0;4;28.0
1960-04-04;76.0;4;76.0
1960-04-05;34.0;4;34.0
1960-04-06;42.0;4;42.0
1960-04-07;29.0;4;29.0
1960-04-08;30.0;4;30.0
1960-04-09;31.0;4;31.0
1960-04-10;28.0;4;28.0
1960-04-11;37.0;4;37.0
1960-04-12;50.0;4;50.0
1960-04-13;80.0;4;80.0
1960-04-14;40.0;4;40.0
1960-04-15;42.0;4;42.0
1960-04-16;62.0;4;62.0
1960-04-17;106.0;4;106.0
1960-04-18;121.0;4;121.0
1960-04-19;91.0;4;91.0
1960-04-20;68.0;4;68.0
1960-04-21;46.0;4;46.0
1960-04-22;54.0;4;54.0
1960-04-23;34.0;4;34.0
1960-04-24;33.0;4;33.0
1960-04-25;58.0;4;58.0
1960-04-26;49.0;4;49.0
1960-04-27;30.0;4;30.0
1960-04-28;29.0;4;29.0
1960-04-29;29.0;4;29.0
1960-04-30;28.0;4;28.0
1960-05-01;33.0;5;33.0
1960-05-02;81.0;5;81.0
1960-05-03;51.0;5;51.0
1960-05-04;94.0;5;94.0
1960-05-05;58.0;5;58.0
1960-05-06;88.0;5;88.0
1960-05-07;208.0;5;208.0
1960-05-08;56.0;5;56.0
1960-05-09;169.0;5;169.0
1960-05-10;145.0;5;145.0
1960-05-11;79.0;5;79.0
1960-05-12;59.0;5;59.0
1960-05-13;45.0;5;45.0
1960-05-14;59.0;5;59.0
1960-05-15;44.0;5;44.0
1960-05-16;34.0;5;34.0
1960-05-17;37.0;5;37.0
1960-05-18;39.0;5;39.0
1960-05-19;34.0;5;34.0
1960-05-20;32.0;5;32.0
1960-05-21;30.0;5;30.0
1960-05-22;26.0;5;26.0
1960-05-23;25.0;5;25.0
1960-05-24;40.0;5;40.0
1960-05-25;50.0;5;50.0
1960-05-26;30.0;5;30.0
1960-05-27;38.0;5;38.0
1960-05-28;25.0;5;25.0
1960-05-29;21.0;5;21.0
1960-05-30;22.0;5;22.0
1960-05-31;21.0;5;21.0
1960-06-01;28.0;6;28.0
1960-06-02;23.0;6;23.0
1960-06-03;17.0;6;17.0
1960-06-04;15.0;6;15.0
1960-06-05;18.0;6;18.0
1960-06-06;19.0;6;19.0
1960-06-07;55.0;6;55.0
1960-06-08;150.0;6;150.0
1960-06-09;66.0;6;66.0
1960-06-10;72.0;6;72.0
1960-06-11;51.0;6;51.0
1960-06-12;46.0;6;46.0
1960-06-13;36.0;6;36.0
1960-06-14;70.0;6;70.0
1960-06-15;41.0;6;41.0
1960-06-16;38.0;6;38.0
1960-06-17;30.0;6;30.0
1960-06-18;29.0;6;29.0
1960-06-19;31.0;6;31.0
1960-06-20;44.0;6;44.0
1960-06-21;49.0;6;49.0
1960-06-22;29.0;6;29.0
1960-06-23;24.0;6;24.0
1960-06-24;20.0;6;20.0
1960-06-25;22.0;6;22.0
1960-06-26;18.0;6;18.0
1960-06-27;16.0;6;16.0
1960-06-28;15.0;6;15.0
1960-06-29;18.0;6;18.0
1960-06-30;28.0;6;28.0
1960-07-01;20.0;7;20.0
1960-07-02;23.0;7;23.0
1960-07-03;19.0;7;19.0
1960-07-04;17.0;7;17.0
1960-07-05;16.0;7;16.0
1960-07-06;18.0;7;18.0
1960-07-07;17.0;7;17.0
1960-07-08;20.0;7;20.0
1960-07-09;17.0;7;17.0
1960-07-10;17.0;7;17.0
1960-07-11;30.0;7;30.0
1960-07-12;46.0;7;46.0
1960-07-13;73.0;7;73.0
1960-07-14;58.0;7;58.0
1960-07-15;45.0;7;45.0
1960-07-16;76.0;7;76.0
1960-07-17;44.0;7;44.0
1960-07-18;43.0;7;43.0
1960-07-19;39.0;7;39.0
1960-07-20;30.0;7;30.0
1960-07-21;24.0;7;24.0
1960-07-22;22.0;7;22.0
1960-07-23;23.0;7;23.0
1960-07-24;31.0;7;31.0
1960-07-25;35.0;7;35.0
1960-07-26;29.0;7;29.0
1960-07-27;41.0;7;41.0
1960-07-28;26.0;7;26.0
1960-07-29;20.0;7;20.0
1960-07-30;16.0;7;16.0
1960-07-31;14.0;7;14.0
1960-08-01;12.0;8;12.0
1960-08-02;12.0;8;12.0
1960-08-03;11.0;8;11.0
1960-08-04;12.0;8;12.0
1960-08-05;13.0;8;13.0
1960-08-06;11.0;8;11.0
1960-08-07;10.0;8;10.0
1960-08-08;11.0;8;11.0
1960-08-09;10.0;8;10.0
1960-08-10;9.0;8;9.0
1960-08-11;8.0;8;8.0
1960-08-12;8.0;8;8.0
1960-08-13;19.0;8;19.0
1960-08-14;16.0;8;16.0
1960-08-15;17.0;8;17.0
1960-08-16;12.0;8;12.0
1960-08-17;9.0;8;9.0
1960-08-18;14.0;8;14.0
1960-08-19;22.0;8;22.0
1960-08-20;16.0;8;16.0
1960-08-21;13.0;8;13.0
1960-08-22;11.0;8;11.0
1960-08-23;10.0;8;10.0
1960-08-24;9.0;8;9.0
1960-08-25;18.0;8;18.0
1960-08-26;28.0;8;28.0
1960-08-27;24.0;8;24.0
1960-08-28;48.0;8;48.0
1960-08-29;28.0;8;28.0
1960-08-30;28.0;8;28.0
1960-08-31;18.0;8;18.0
1960-09-01;15.0;9;15.0
1960-09-02;14.0;9;14.0
1960-09-03;18.0;9;18.0
1960-09-04;15.0;9;15.0
1960-09-05;14.0;9;14.0
1960-09-06;15.0;9;15.0
1960-09-07;17.0;9;17.0
1960-09-08;15.0;9;15.0
1960-09-09;11.0;9;11.0
1960-09-10;12.0;9;12.0
1960-09-11;14.0;9;14.0
1960-09-12;12.0;9;12.0
1960-09-13;11.0;9;11.0
1960-09-14;15.0;9;15.0
1960-09-15;16.0;9;16.0
1960-09-16;11.0;9;11.0
1960-09-17;8.0;9;8.0
1960-09-18;8.0;9;8.0
1960-09-19;8.0;9;8.0
1960-09-20;7.0;9;7.0
1960-09-21;8.0;9;8.0
1960-09-22;7.0;9;7.0
1960-09-23;6.0;9;6.0
1960-09-24;57.0;9;57.0
1960-09-25;14.0;9;14.0
1960-09-26;9.0;9;9.0
1960-09-27;13.0;9;13.0
1960-09-28;30.0;9;30.0
1960-09-29;20.0;9;20.0
1960-09-30;13.0;9;13.0
1960-10-01;9.0;10;9.0
1960-10-02;8.0;10;8.0
1960-10-03;6.0;10;6.0
1960-10-04;6.0;10;6.0
1960-10-05;16.0;10;16.0
1960-10-06;8.0;10;8.0
1960-10-07;6.0;10;6.0
1960-10-08;5.0;10;5.0
1960-10-09;7.0;10;7.0
1960-10-10;22.0;10;22.0
1960-10-11;12.0;10;12.0
1960-10-12;18.0;10;18.0
1960-10-13;22.0;10;22.0
1960-10-14;24.0;10;24.0
1960-10-15;34.0;10;34.0
1960-10-16;26.0;10;26.0
1960-10-17;71.0;10;71.0
1960-10-18;61.0;10;61.0
1960-10-19;90.0;10;90.0
1960-10-20;51.0;10;51.0
1960-10-21;69.0;10;69.0
1960-10-22;149.0;10;149.0
1960-10-23;212.0;10;212.0
1960-10-24;314.0;10;314.0
1960-10-25;105.0;10;105.0
1960-10-26;134.0;10;134.0
1960-10-27;153.0;10;153.0
1960-10-28;168.0;10;168.0
1960-10-29;100.0;10;100.0
1960-10-30;185.0;10;185.0
1960-10-31;126.0;10;126.0
1960-11-01;295.0;11;295.0
1960-11-02;134.0;11;134.0
1960-11-03;185.0;11;185.0
1960-11-04;175.0;11;175.0
1960-11-05;81.0;11;81.0
1960-11-06;54.0;11;54.0
1960-11-07;365.0;11;365.0
1960-11-08;81.0;11;81.0
1960-11-09;49.0;11;49.0
1960-11-10;40.0;11;40.0
1960-11-11;71.0;11;71.0
1960-11-12;50.0;11;50.0
1960-11-13;98.0;11;98.0
1960-11-14;67.0;11;67.0
1960-11-15;58.0;11;58.0
1960-11-16;72.0;11;72.0
1960-11-17;58.0;11;58.0
1960-11-18;47.0;11;47.0
1960-11-19;176.0;11;176.0
1960-11-20;117.0;11;117.0
1960-11-21;118.0;11;118.0
1960-11-22;60.0;11;60.0
1960-11-23;50.0;11;50.0
1960-11-24;41.0;11;41.0
1960-11-25;35.0;11;35.0
1960-11-26;54.0;11;54.0
1960-11-27;56.0;11;56.0
1960-11-28;53.0;11;53.0
1960-11-29;75.0;11;75.0
1960-11-30;54.0;11;54.0
1960-12-01;70.0;12;70.0
1960-12-02;748.0;12;748.0
1960-12-03;750.0;12;750.0
1960-12-04;224.0;12;224.0
1960-12-05;264.0;12;264.0
1960-12-06;108.0;12;108.0
1960-12-07;158.0;12;158.0
1960-12-08;149.0;12;149.0
1960-12-09;83.0;12;83.0
1960-12-10;250.0;12;250.0
1960-12-11;294.0;12;294.0
1960-12-12;146.0;12;146.0
1960-12-13;278.0;12;278.0
1960-12-14;91.0;12;91.0
1960-12-15;76.0;12;76.0
1960-12-16;56.0;12;56.0
1960-12-17;46.0;12;46.0
1960-12-18;41.0;12;41.0
1960-12-19;36.0;12;36.0
1960-12-20;33.0;12;33.0
1960-12-21;44.0;12;44.0
1960-12-22;34.0;12;34.0
1960-12-23;28.0;12;28.0
1960-12-24;26.0;12;26.0
1960-12-25;24.0;12;24.0
1960-12-26;23.0;12;23.0
1960-12-27;22.0;12;22.0
1960-12-28;24.0;12;24.0
1960-12-29;22.0;12;22.0
1960-12-30;20.0;12;20.0
1960-12-31;20.0;12;20.0
1961-01-01;18.0;1;18.0
1961-01-02;19.0;1;19.0
1961-01-03;32.0;1;32.0
1961-01-04;20.0;1;20.0
1961-01-05;21.0;1;21.0
1961-01-06;21.0;1;21.0
1961-01-07;18.0;1;18.0
1961-01-08;16.0;1;16.0
1961-01-09;15.0;1;15.0
1961-01-10;14.0;1;14.0
1961-01-11;14.0;1;14.0
1961-01-12;15.0;1;15.0
1961-01-13;13.0;1;13.0
1961-01-14;35.0;1;35.0
1961-01-15;30.0;1;30.0
1961-01-16;32.0;1;32.0
1961-01-17;37.0;1;37.0
1961-01-18;20.0;1;20.0
1961-01-19;17.0;1;17.0
1961-01-20;14.0;1;14.0
1961-01-21;25.0;1;25.0
1961-01-22;51.0;1;51.0
1961-01-23;27.0;1;27.0
1961-01-24;20.0;1;20.0
1961-01-25;35.0;1;35.0
1961-01-26;26.0;1;26.0
1961-01-27;41.0;1;41.0
1961-01-28;63.0;1;63.0
1961-01-29;66.0;1;66.0
1961-01-30;152.0;1;152.0
1961-01-31;47.0;1;47.0
1961-02-01;56.0;2;56.0
1961-02-02;33.0;2;33.0
1961-02-03;88.0;2;88.0
1961-02-04;105.0;2;105.0
1961-02-05;122.0;2;122.0
1961-02-06;72.0;2;72.0
1961-02-07;70.0;2;70.0
1961-02-08;45.0;2;45.0
1961-02-09;39.0;2;39.0
1961-02-10;44.0;2;44.0
1961-02-11;31.0;2;31.0
1961-02-12;24.0;2;24.0
1961-02-13;21.0;2;21.0
1961-02-14;19.0;2;19.0
1961-02-15;17.0;2;17.0
1961-02-16;16.0;2;16.0
1961-02-17;15.0;2;15.0
1961-02-18;14.0;2;14.0
1961-02-19;13.0;2;13.0
1961-02-20;12.0;2;12.0
1961-02-21;11.0;2;11.0
1961-02-22;11.0;2;11.0
1961-02-23;10.0;2;10.0
1961-02-24;10.0;2;10.0
1961-02-25;9.0;2;9.0
1961-02-26;10.0;2;10.0
1961-02-27;10.0;2;10.0
1961-02-28;9.0;2;9.0
1961-03-01;9.0;3;9.0
1961-03-02;9.0;3;9.0
1961-03-03;8.0;3;8.0
1961-03-04;9.0;3;9.0
1961-03-05;8.0;3;8.0
1961-03-06;7.0;3;7.0
1961-03-07;7.0;3;7.0
1961-03-08;7.0;3;7.0
1961-03-09;10.0;3;10.0
1961-03-10;39.0;3;39.0
1961-03-11;24.0;3;24.0
1961-03-12;50.0;3;50.0
1961-03-13;24.0;3;24.0
1961-03-14;20.0;3;20.0
1961-03-15;14.0;3;14.0
1961-03-16;40.0;3;40.0
1961-03-17;31.0;3;31.0
1961-03-18;27.0;3;27.0
1961-03-19;40.0;3;40.0
1961-03-20;56.0;3;56.0
1961-03-21;50.0;3;50.0
1961-03-22;47.0;3;47.0
1961-03-23;40.0;3;40.0
1961-03-24;40.0;3;40.0
1961-03-25;110.0;3;110.0
1961-03-26;67.0;3;67.0
1961-03-27;37.0;3;37.0
1961-03-28;28.0;3;28.0
1961-03-29;29.0;3;29.0
1961-03-30;23.0;3;23.0
1961-03-31;49.0;3;49.0
1961-04-01;67.0;4;67.0
1961-04-02;151.0;4;151.0
1961-04-03;100.0;4;100.0
1961-04-04;104.0;4;104.0
1961-04-05;420.0;4;420.0
1961-04-06;137.0;4;137.0
1961-04-07;59.0;4;59.0
1961-04-08;46.0;4;46.0
1961-04-09;37.0;4;37.0
1961-04-10;30.0;4;30.0
1961-04-11;37.0;4;37.0
1961-04-12;31.0;4;31.0
1961-04-13;27.0;4;27.0
1961-04-14;28.0;4;28.0
1961-04-15;22.0;4;22.0
1961-04-16;22.0;4;22.0
1961-04-17;20.0;4;20.0
1961-04-18;49.0;4;49.0
1961-04-19;32.0;4;32.0
1961-04-20;24.0;4;24.0
1961-04-21;194.0;4;194.0
1961-04-22;365.0;4;365.0
1961-04-23;127.0;4;127.0
1961-04-24;132.0;4;132.0
1961-04-25;129.0;4;129.0
1961-04-26;92.0;4;92.0
1961-04-27;372.0;4;372.0
1961-04-28;98.0;4;98.0
1961-04-29;82.0;4;82.0
1961-04-30;77.0;4;77.0
1961-05-01;50.0;5;50.0
1961-05-02;42.0;5;42.0
1961-05-03;34.0;5;34.0
1961-05-04;31.0;5;31.0
1961-05-05;28.0;5;28.0
1961-05-06;36.0;5;36.0
1961-05-07;30.0;5;30.0
1961-05-08;25.0;5;25.0
1961-05-09;32.0;5;32.0
1961-05-10;28.0;5;28.0
1961-05-11;36.0;5;36.0
1961-05-12;30.0;5;30.0
1961-05-13;64.0;5;64.0
1961-05-14;44.0;5;44.0
1961-05-15;51.0;5;51.0
1961-05-16;54.0;5;54.0
1961-05-17;45.0;5;45.0
1961-05-18;44.0;5;44.0
1961-05-19;31.0;5;31.0
1961-05-20;30.0;5;30.0
1961-05-21;31.0;5;31.0
1961-05-22;29.0;5;29.0
1961-05-23;25.0;5;25.0
1961-05-24;22.0;5;22.0
1961-05-25;20.0;5;20.0
1961-05-26;20.0;5;20.0
1961-05-27;23.0;5;23.0
1961-05-28;29.0;5;29.0
1961-05-29;22.0;5;22.0
1961-05-30;31.0;5;31.0
1961-05-31;22.0;5;22.0
1961-06-01;20.0;6;20.0
1961-06-02;18.0;6;18.0
1961-06-03;16.0;6;16.0
1961-06-04;15.0;6;15.0
1961-06-05;18.0;6;18.0
1961-06-06;17.0;6;17.0
1961-06-07;16.0;6;16.0
1961-06-08;40.0;6;40.0
1961-06-09;34.0;6;34.0
1961-06-10;60.0;6;60.0
1961-06-11;170.0;6;170.0
1961-06-12;52.0;6;52.0
1961-06-13;167.0;6;167.0
1961-06-14;50.0;6;50.0
1961-06-15;38.0;6;38.0
1961-06-16;37.0;6;37.0
1961-06-17;34.0;6;34.0
1961-06-18;54.0;6;54.0
1961-06-19;56.0;6;56.0
1961-06-20;30.0;6;30.0
1961-06-21;25.0;6;25.0
1961-06-22;21.0;6;21.0
1961-06-23;19.0;6;19.0
1961-06-24;18.0;6;18.0
1961-06-25;21.0;6;21.0
1961-06-26;26.0;6;26.0
1961-06-27;24.0;6;24.0
1961-06-28;23.0;6;23.0
1961-06-29;20.0;6;20.0
1961-06-30;21.0;6;21.0
1961-07-01;22.0;7;22.0
1961-07-02;22.0;7;22.0
1961-07-03;17.0;7;17.0
1961-07-04;14.0;7;14.0
1961-07-05;15.0;7;15.0
1961-07-06;53.0;7;53.0
1961-07-07;50.0;7;50.0
1961-07-08;40.0;7;40.0
1961-07-09;34.0;7;34.0
1961-07-10;29.0;7;29.0
1961-07-11;24.0;7;24.0
1961-07-12;32.0;7;32.0
1961-07-13;44.0;7;44.0
1961-07-14;26.0;7;26.0
1961-07-15;28.0;7;28.0
1961-07-16;25.0;7;25.0
1961-07-17;22.0;7;22.0
1961-07-18;21.0;7;21.0
1961-07-19;19.0;7;19.0
1961-07-20;19.0;7;19.0
1961-07-21;27.0;7;27.0
1961-07-22;24.0;7;24.0
1961-07-23;20.0;7;20.0
1961-07-24;16.0;7;16.0
1961-07-25;13.0;7;13.0
1961-07-26;11.0;7;11.0
1961-07-27;13.0;7;13.0
1961-07-28;14.0;7;14.0
1961-07-29;15.0;7;15.0
1961-07-30;21.0;7;21.0
1961-07-31;16.0;7;16.0
1961-08-01;15.0;8;15.0
1961-08-02;13.0;8;13.0
1961-08-03;11.0;8;11.0
1961-08-04;11.0;8;11.0
1961-08-05;9.0;8;9.0
1961-08-06;8.0;8;8.0
1961-08-07;8.0;8;8.0
1961-08-08;8.0;8;8.0
1961-08-09;12.0;8;12.0
1961-08-10;11.0;8;11.0
1961-08-11;11.0;8;11.0
1961-08-12;8.0;8;8.0
1961-08-13;7.0;8;7.0
1961-08-14;7.0;8;7.0
1961-08-15;7.0;8;7.0
1961-08-16;6.0;8;6.0
1961-08-17;7.0;8;7.0
1961-08-18;7.0;8;7.0
1961-08-19;7.0;8;7.0
1961-08-20;7.0;8;7.0
1961-08-21;6.0;8;6.0
1961-08-22;6.0;8;6.0
1961-08-23;6.0;8;6.0
1961-08-24;5.0;8;5.0
1961-08-25;7.0;8;7.0
1961-08-26;8.0;8;8.0
1961-08-27;9.0;8;9.0
1961-08-28;9.0;8;9.0
1961-08-29;7.0;8;7.0
1961-08-30;5.0;8;5.0
1961-08-31;5.0;8;5.0
1961-09-01;7.0;9;7.0
1961-09-02;6.0;9;6.0
1961-09-03;8.0;9;8.0
1961-09-04;11.0;9;11.0
1961-09-05;10.0;9;10.0
1961-09-06;8.0;9;8.0
1961-09-07;10.0;9;10.0
1961-09-08;9.0;9;9.0
1961-09-09;7.0;9;7.0
1961-09-10;6.0;9;6.0
1961-09-11;7.0;9;7.0
1961-09-12;5.0;9;5.0
1961-09-13;12.0;9;12.0
1961-09-14;9.0;9;9.0
1961-09-15;8.0;9;8.0
1961-09-16;8.0;9;8.0
1961-09-17;7.0;9;7.0
1961-09-18;8.0;9;8.0
1961-09-19;20.0;9;20.0
1961-09-20;15.0;9;15.0
1961-09-21;8.0;9;8.0
1961-09-22;7.0;9;7.0
1961-09-23;7.0;9;7.0
1961-09-24;18.0;9;18.0
1961-09-25;12.0;9;12.0
1961-09-26;12.0;9;12.0
1961-09-27;6.0;9;6.0
1961-09-28;6.0;9;6.0
1961-09-29;7.0;9;7.0
1961-09-30;7.0;9;7.0
1961-10-01;6.0;10;6.0
1961-10-02;5.0;10;5.0
1961-10-03;5.0;10;5.0
1961-10-04;11.0;10;11.0
1961-10-05;8.0;10;8.0
1961-10-06;6.0;10;6.0
1961-10-07;6.0;10;6.0
1961-10-08;5.0;10;5.0
1961-10-09;5.0;10;5.0
1961-10-10;10.0;10;10.0
1961-10-11;18.0;10;18.0
1961-10-12;31.0;10;31.0
1961-10-13;57.0;10;57.0
1961-10-14;44.0;10;44.0
1961-10-15;65.0;10;65.0
1961-10-16;34.0;10;34.0
1961-10-17;37.0;10;37.0
1961-10-18;30.0;10;30.0
1961-10-19;30.0;10;30.0
1961-10-20;20.0;10;20.0
1961-10-21;29.0;10;29.0
1961-10-22;50.0;10;50.0
1961-10-23;42.0;10;42.0
1961-10-24;74.0;10;74.0
1961-10-25;83.0;10;83.0
1961-10-26;55.0;10;55.0
1961-10-27;63.0;10;63.0
1961-10-28;49.0;10;49.0
1961-10-29;47.0;10;47.0
1961-10-30;28.0;10;28.0
1961-10-31;50.0;10;50.0
1961-11-01;31.0;11;31.0
1961-11-02;28.0;11;28.0
1961-11-03;128.0;11;128.0
1961-11-04;109.0;11;109.0
1961-11-05;94.0;11;94.0
1961-11-06;81.0;11;81.0
1961-11-07;91.0;11;91.0
1961-11-08;42.0;11;42.0
1961-11-09;63.0;11;63.0
1961-11-10;76.0;11;76.0
1961-11-11;51.0;11;51.0
1961-11-12;44.0;11;44.0
1961-11-13;46.0;11;46.0
1961-11-14;39.0;11;39.0
1961-11-15;139.0;11;139.0
1961-11-16;213.0;11;213.0
1961-11-17;174.0;11;174.0
1961-11-18;108.0;11;108.0
1961-11-19;104.0;11;104.0
1961-11-20;93.0;11;93.0
1961-11-21;72.0;11;72.0
1961-11-22;62.0;11;62.0
1961-11-23;69.0;11;69.0
1961-11-24;162.0;11;162.0
1961-11-25;74.0;11;74.0
1961-11-26;53.0;11;53.0
1961-11-27;43.0;11;43.0
1961-11-28;64.0;11;64.0
1961-11-29;34.0;11;34.0
1961-11-30;32.0;11;32.0
1961-12-01;30.0;12;30.0
1961-12-02;28.0;12;28.0
1961-12-03;25.0;12;25.0
1961-12-04;32.0;12;32.0
1961-12-05;86.0;12;86.0
1961-12-06;44.0;12;44.0
1961-12-07;50.0;12;50.0
1961-12-08;36.0;12;36.0
1961-12-09;110.0;12;110.0
1961-12-10;37.0;12;37.0
1961-12-11;59.0;12;59.0
1961-12-12;40.0;12;40.0
1961-12-13;35.0;12;35.0
1961-12-14;28.0;12;28.0
1961-12-15;24.0;12;24.0
1961-12-16;22.0;12;22.0
1961-12-17;20.0;12;20.0
1961-12-18;21.0;12;21.0
1961-12-19;18.0;12;18.0
1961-12-20;19.0;12;19.0
1961-12-21;18.0;12;18.0
1961-12-22;15.0;12;15.0
1961-12-23;18.0;12;18.0
1961-12-24;16.0;12;16.0
1961-12-25;16.0;12;16.0
1961-12-26;14.0;12;14.0
1961-12-27;12.0;12;12.0
1961-12-28;11.0;12;11.0
1961-12-29;14.0;12;14.0
1961-12-30;20.0;12;20.0
1961-12-31;17.0;12;17.0
1962-01-01;23.0;1;23.0
1962-01-02;87.0;1;87.0
1962-01-03;107.0;1;107.0
1962-01-04;26.0;1;26.0
1962-01-05;20.0;1;20.0
1962-01-06;16.0;1;16.0
1962-01-07;20.0;1;20.0
1962-01-08;20.0;1;20.0
1962-01-09;16.0;1;16.0
1962-01-10;12.0;1;12.0
1962-01-11;11.0;1;11.0
1962-01-12;11.0;1;11.0
1962-01-13;15.0;1;15.0
1962-01-14;34.0;1;34.0
1962-01-15;31.0;1;31.0
1962-01-16;47.0;1;47.0
1962-01-17;28.0;1;28.0
1962-01-18;22.0;1;22.0
1962-01-19;16.0;1;16.0
1962-01-20;14.0;1;14.0
1962-01-21;13.0;1;13.0
1962-01-22;13.0;1;13.0
1962-01-23;16.0;1;16.0
1962-01-24;45.0;1;45.0
1962-01-25;27.0;1;27.0
1962-01-26;18.0;1;18.0
1962-01-27;13.0;1;13.0
1962-01-28;11.0;1;11.0
1962-01-29;11.0;1;11.0
1962-01-30;12.0;1;12.0
1962-01-31;24.0;1;24.0
1962-02-01;28.0;2;28.0
1962-02-02;25.0;2;25.0
1962-02-03;21.0;2;21.0
1962-02-04;18.0;2;18.0
1962-02-05;30.0;2;30.0
1962-02-06;21.0;2;21.0
1962-02-07;43.0;2;43.0
1962-02-08;30.0;2;30.0
1962-02-09;40.0;2;40.0
1962-02-10;23.0;2;23.0
1962-02-11;22.0;2;22.0
1962-02-12;28.0;2;28.0
1962-02-13;41.0;2;41.0
1962-02-14;50.0;2;50.0
1962-02-15;44.0;2;44.0
1962-02-16;27.0;2;27.0
1962-02-17;20.0;2;20.0
1962-02-18;18.0;2;18.0
1962-02-19;22.0;2;22.0
1962-02-20;19.0;2;19.0
1962-02-21;16.0;2;16.0
1962-02-22;12.0;2;12.0
1962-02-23;9.0;2;9.0
1962-02-24;9.0;2;9.0
1962-02-25;9.0;2;9.0
1962-02-26;10.0;2;10.0
1962-02-27;13.0;2;13.0
1962-02-28;40.0;2;40.0
1962-03-01;83.0;3;83.0
1962-03-02;32.0;3;32.0
1962-03-03;20.0;3;20.0
1962-03-04;14.0;3;14.0
1962-03-05;37.0;3;37.0
1962-03-06;231.0;3;231.0
1962-03-07;63.0;3;63.0
1962-03-08;324.0;3;324.0
1962-03-09;69.0;3;69.0
1962-03-10;42.0;3;42.0
1962-03-11;43.0;3;43.0
1962-03-12;35.0;3;35.0
1962-03-13;26.0;3;26.0
1962-03-14;21.0;3;21.0
1962-03-15;19.0;3;19.0
1962-03-16;18.0;3;18.0
1962-03-17;16.0;3;16.0
1962-03-18;16.0;3;16.0
1962-03-19;22.0;3;22.0
1962-03-20;35.0;3;35.0
1962-03-21;32.0;3;32.0
1962-03-22;48.0;3;48.0
1962-03-23;31.0;3;31.0
1962-03-24;139.0;3;139.0
1962-03-25;65.0;3;65.0
1962-03-26;44.0;3;44.0
1962-03-27;47.0;3;47.0
1962-03-28;57.0;3;57.0
1962-03-29;37.0;3;37.0
1962-03-30;29.0;3;29.0
1962-03-31;31.0;3;31.0
1962-04-01;24.0;4;24.0
1962-04-02;236.0;4;236.0
1962-04-03;46.0;4;46.0
1962-04-04;88.0;4;88.0
1962-04-05;48.0;4;48.0
1962-04-06;47.0;4;47.0
1962-04-07;39.0;4;39.0
1962-04-08;32.0;4;32.0
1962-04-09;30.0;4;30.0
1962-04-10;24.0;4;24.0
1962-04-11;23.0;4;23.0
1962-04-12;19.0;4;19.0
1962-04-13;16.0;4;16.0
1962-04-14;16.0;4;16.0
1962-04-15;14.0;4;14.0
1962-04-16;14.0;4;14.0
1962-04-17;14.0;4;14.0
1962-04-18;17.0;4;17.0
1962-04-19;18.0;4;18.0
1962-04-20;18.0;4;18.0
1962-04-21;45.0;4;45.0
1962-04-22;58.0;4;58.0
1962-04-23;49.0;4;49.0
1962-04-24;90.0;4;90.0
1962-04-25;109.0;4;109.0
1962-04-26;68.0;4;68.0
1962-04-27;54.0;4;54.0
1962-04-28;131.0;4;131.0
1962-04-29;66.0;4;66.0
1962-04-30;171.0;4;171.0
1962-05-01;174.0;5;174.0
1962-05-02;106.0;5;106.0
1962-05-03;163.0;5;163.0
1962-05-04;99.0;5;99.0
1962-05-05;161.0;5;161.0
1962-05-06;75.0;5;75.0
1962-05-07;89.0;5;89.0
1962-05-08;60.0;5;60.0
1962-05-09;44.0;5;44.0
1962-05-10;78.0;5;78.0
1962-05-11;44.0;5;44.0
1962-05-12;38.0;5;38.0
1962-05-13;36.0;5;36.0
1962-05-14;76.0;5;76.0
1962-05-15;45.0;5;45.0
1962-05-16;157.0;5;157.0
1962-05-17;66.0;5;66.0
1962-05-18;60.0;5;60.0
1962-05-19;91.0;5;91.0
1962-05-20;90.0;5;90.0
1962-05-21;51.0;5;51.0
1962-05-22;54.0;5;54.0
1962-05-23;38.0;5;38.0
1962-05-24;34.0;5;34.0
1962-05-25;83.0;5;83.0
1962-05-26;146.0;5;146.0
1962-05-27;84.0;5;84.0
1962-05-28;301.0;5;301.0
1962-05-29;105.0;5;105.0
1962-05-30;59.0;5;59.0
1962-05-31;49.0;5;49.0
1962-06-01;44.0;6;44.0
1962-06-02;36.0;6;36.0
1962-06-03;44.0;6;44.0
1962-06-04;94.0;6;94.0
1962-06-05;44.0;6;44.0
1962-06-06;38.0;6;38.0
1962-06-07;52.0;6;52.0
1962-06-08;100.0;6;100.0
1962-06-09;97.0;6;97.0
1962-06-10;128.0;6;128.0
1962-06-11;260.0;6;260.0
1962-06-12;89.0;6;89.0
1962-06-13;67.0;6;67.0
1962-06-14;73.0;6;73.0
1962-06-15;72.0;6;72.0
1962-06-16;64.0;6;64.0
1962-06-17;58.0;6;58.0
1962-06-18;57.0;6;57.0
1962-06-19;44.0;6;44.0
1962-06-20;46.0;6;46.0
1962-06-21;35.0;6;35.0
1962-06-22;50.0;6;50.0
1962-06-23;36.0;6;36.0
1962-06-24;30.0;6;30.0
1962-06-25;26.0;6;26.0
1962-06-26;104.0;6;104.0
1962-06-27;66.0;6;66.0
1962-06-28;59.0;6;59.0
1962-06-29;38.0;6;38.0
1962-06-30;31.0;6;31.0
1962-07-01;29.0;7;29.0
1962-07-02;28.0;7;28.0
1962-07-03;24.0;7;24.0
1962-07-04;23.0;7;23.0
1962-07-05;24.0;7;24.0
1962-07-06;25.0;7;25.0
1962-07-07;22.0;7;22.0
1962-07-08;21.0;7;21.0
1962-07-09;18.0;7;18.0
1962-07-10;16.0;7;16.0
1962-07-11;15.0;7;15.0
1962-07-12;14.0;7;14.0
1962-07-13;13.0;7;13.0
1962-07-14;14.0;7;14.0
1962-07-15;14.0;7;14.0
1962-07-16;18.0;7;18.0
1962-07-17;20.0;7;20.0
1962-07-18;17.0;7;17.0
1962-07-19;15.0;7;15.0
1962-07-20;18.0;7;18.0
1962-07-21;22.0;7;22.0
1962-07-22;18.0;7;18.0
1962-07-23;14.0;7;14.0
1962-07-24;13.0;7;13.0
1962-07-25;14.0;7;14.0
1962-07-26;18.0;7;18.0
1962-07-27;18.0;7;18.0
1962-07-28;18.0;7;18.0
1962-07-29;15.0;7;15.0
1962-07-30;15.0;7;15.0
1962-07-31;16.0;7;16.0
1962-08-01;12.0;8;12.0
1962-08-02;10.0;8;10.0
1962-08-03;9.0;8;9.0
1962-08-04;10.0;8;10.0
1962-08-05;13.0;8;13.0
1962-08-06;15.0;8;15.0
1962-08-07;16.0;8;16.0
1962-08-08;11.0;8;11.0
1962-08-09;11.0;8;11.0
1962-08-10;12.0;8;12.0
1962-08-11;12.0;8;12.0
1962-08-12;13.0;8;13.0
1962-08-13;24.0;8;24.0
1962-08-14;34.0;8;34.0
1962-08-15;55.0;8;55.0
1962-08-16;38.0;8;38.0
1962-08-17;31.0;8;31.0
1962-08-18;22.0;8;22.0
1962-08-19;18.0;8;18.0
1962-08-20;17.0;8;17.0
1962-08-21;15.0;8;15.0
1962-08-22;12.0;8;12.0
1962-08-23;11.0;8;11.0
1962-08-24;9.0;8;9.0
1962-08-25;9.0;8;9.0
1962-08-26;9.0;8;9.0
1962-08-27;9.0;8;9.0
1962-08-28;11.0;8;11.0
1962-08-29;39.0;8;39.0
1962-08-30;19.0;8;19.0
1962-08-31;14.0;8;14.0
1962-09-01;12.0;9;12.0
1962-09-02;9.0;9;9.0
1962-09-03;8.0;9;8.0
1962-09-04;8.0;9;8.0
1962-09-05;7.0;9;7.0
1962-09-06;6.0;9;6.0
1962-09-07;6.0;9;6.0
1962-09-08;6.0;9;6.0
1962-09-09;6.0;9;6.0
1962-09-10;6.0;9;6.0
1962-09-11;9.0;9;9.0
1962-09-12;8.0;9;8.0
1962-09-13;7.0;9;7.0
1962-09-14;7.0;9;7.0
1962-09-15;6.0;9;6.0
1962-09-16;6.0;9;6.0
1962-09-17;7.0;9;7.0
1962-09-18;8.0;9;8.0
1962-09-19;7.0;9;7.0
1962-09-20;6.0;9;6.0
1962-09-21;7.0;9;7.0
1962-09-22;16.0;9;16.0
1962-09-23;14.0;9;14.0
1962-09-24;9.0;9;9.0
1962-09-25;6.0;9;6.0
1962-09-26;5.0;9;5.0
1962-09-27;4.0;9;4.0
1962-09-28;6.0;9;6.0
1962-09-29;7.0;9;7.0
1962-09-30;14.0;9;14.0
1962-10-01;28.0;10;28.0
1962-10-02;50.0;10;50.0
1962-10-03;41.0;10;41.0
1962-10-04;53.0;10;53.0
1962-10-05;40.0;10;40.0
1962-10-06;38.0;10;38.0
1962-10-07;24.0;10;24.0
1962-10-08;20.0;10;20.0
1962-10-09;184.0;10;184.0
1962-10-10;146.0;10;146.0
1962-10-11;138.0;10;138.0
1962-10-12;219.0;10;219.0
1962-10-13;472.0;10;472.0
1962-10-14;100.0;10;100.0
1962-10-15;82.0;10;82.0
1962-10-16;86.0;10;86.0
1962-10-17;67.0;10;67.0
1962-10-18;61.0;10;61.0
1962-10-19;36.0;10;36.0
1962-10-20;46.0;10;46.0
1962-10-21;31.0;10;31.0
1962-10-22;26.0;10;26.0
1962-10-23;22.0;10;22.0
1962-10-24;19.0;10;19.0
1962-10-25;18.0;10;18.0
1962-10-26;23.0;10;23.0
1962-10-27;24.0;10;24.0
1962-10-28;34.0;10;34.0
1962-10-29;22.0;10;22.0
1962-10-30;18.0;10;18.0
1962-10-31;26.0;10;26.0
1962-11-01;131.0;11;131.0
1962-11-02;42.0;11;42.0
1962-11-03;112.0;11;112.0
1962-11-04;125.0;11;125.0
1962-11-05;122.0;11;122.0
1962-11-06;166.0;11;166.0
1962-11-07;72.0;11;72.0
1962-11-08;54.0;11;54.0
1962-11-09;65.0;11;65.0
1962-11-10;68.0;11;68.0
1962-11-11;78.0;11;78.0
1962-11-12;33.0;11;33.0
1962-11-13;34.0;11;34.0
1962-11-14;58.0;11;58.0
1962-11-15;103.0;11;103.0
1962-11-16;86.0;11;86.0
1962-11-17;333.0;11;333.0
1962-11-18;111.0;11;111.0
1962-11-19;63.0;11;63.0
1962-11-20;47.0;11;47.0
1962-11-21;54.0;11;54.0
1962-11-22;43.0;11;43.0
1962-11-23;228.0;11;228.0
1962-11-24;139.0;11;139.0
1962-11-25;120.0;11;120.0
1962-11-26;57.0;11;57.0
1962-11-27;162.0;11;162.0
1962-11-28;85.0;11;85.0
1962-11-29;70.0;11;70.0
1962-11-30;64.0;11;64.0
1962-12-01;46.0;12;46.0
1962-12-02;37.0;12;37.0
1962-12-03;32.0;12;32.0
1962-12-04;30.0;12;30.0
1962-12-05;26.0;12;26.0
1962-12-06;23.0;12;23.0
1962-12-07;22.0;12;22.0
1962-12-08;19.0;12;19.0
1962-12-09;19.0;12;19.0
1962-12-10;18.0;12;18.0
1962-12-11;18.0;12;18.0
1962-12-12;27.0;12;27.0
1962-12-13;36.0;12;36.0
1962-12-14;36.0;12;36.0
1962-12-15;24.0;12;24.0
1962-12-16;29.0;12;29.0
1962-12-17;30.0;12;30.0
1962-12-18;24.0;12;24.0
1962-12-19;27.0;12;27.0
1962-12-20;120.0;12;120.0
1962-12-21;214.0;12;214.0
1962-12-22;70.0;12;70.0
1962-12-23;42.0;12;42.0
1962-12-24;34.0;12;34.0
1962-12-25;30.0;12;30.0
1962-12-26;35.0;12;35.0
1962-12-27;65.0;12;65.0
1962-12-28;90.0;12;90.0
1962-12-29;65.0;12;65.0
1962-12-30;70.0;12;70.0
1962-12-31;117.0;12;117.0
1963-01-01;86.0;1;86.0
1963-01-02;80.0;1;80.0
1963-01-03;47.0;1;47.0
1963-01-04;37.0;1;37.0
1963-01-05;32.0;1;32.0
1963-01-06;29.0;1;29.0
1963-01-07;69.0;1;69.0
1963-01-08;49.0;1;49.0
1963-01-09;39.0;1;39.0
1963-01-10;31.0;1;31.0
1963-01-11;72.0;1;72.0
1963-01-12;39.0;1;39.0
1963-01-13;31.0;1;31.0
1963-01-14;52.0;1;52.0
1963-01-15;30.0;1;30.0
1963-01-16;24.0;1;24.0
1963-01-17;21.0;1;21.0
1963-01-18;18.0;1;18.0
1963-01-19;17.0;1;17.0
1963-01-20;16.0;1;16.0
1963-01-21;16.0;1;16.0
1963-01-22;18.0;1;18.0
1963-01-23;17.0;1;17.0
1963-01-24;46.0;1;46.0
1963-01-25;18.0;1;18.0
1963-01-26;19.0;1;19.0
1963-01-27;16.0;1;16.0
1963-01-28;124.0;1;124.0
1963-01-29;32.0;1;32.0
1963-01-30;24.0;1;24.0
1963-01-31;20.0;1;20.0
1963-02-01;19.0;2;19.0
1963-02-02;374.0;2;374.0
1963-02-03;63.0;2;63.0
1963-02-04;142.0;2;142.0
1963-02-05;91.0;2;91.0
1963-02-06;63.0;2;63.0
1963-02-07;75.0;2;75.0
1963-02-08;101.0;2;101.0
1963-02-09;57.0;2;57.0
1963-02-10;81.0;2;81.0
1963-02-11;56.0;2;56.0
1963-02-12;37.0;2;37.0
1963-02-13;50.0;2;50.0
1963-02-14;31.0;2;31.0
1963-02-15;26.0;2;26.0
1963-02-16;22.0;2;22.0
1963-02-17;20.0;2;20.0
1963-02-18;24.0;2;24.0
1963-02-19;43.0;2;43.0
1963-02-20;166.0;2;166.0
1963-02-21;63.0;2;63.0
1963-02-22;56.0;2;56.0
1963-02-23;79.0;2;79.0
1963-02-24;77.0;2;77.0
1963-02-25;56.0;2;56.0
1963-02-26;45.0;2;45.0
1963-02-27;57.0;2;57.0
1963-02-28;37.0;2;37.0
1963-03-01;29.0;3;29.0
1963-03-02;30.0;3;30.0
1963-03-03;22.0;3;22.0
1963-03-04;20.0;3;20.0
1963-03-05;18.0;3;18.0
1963-03-06;17.0;3;17.0
1963-03-07;16.0;3;16.0
1963-03-08;15.0;3;15.0
1963-03-09;49.0;3;49.0
1963-03-10;28.0;3;28.0
1963-03-11;30.0;3;30.0
1963-03-12;32.0;3;32.0
1963-03-13;30.0;3;30.0
1963-03-14;53.0;3;53.0
1963-03-15;65.0;3;65.0
1963-03-16;80.0;3;80.0
1963-03-17;51.0;3;51.0
1963-03-18;43.0;3;43.0
1963-03-19;50.0;3;50.0
1963-03-20;42.0;3;42.0
1963-03-21;26.0;3;26.0
1963-03-22;22.0;3;22.0
1963-03-23;28.0;3;28.0
1963-03-24;46.0;3;46.0
1963-03-25;87.0;3;87.0
1963-03-26;38.0;3;38.0
1963-03-27;128.0;3;128.0
1963-03-28;55.0;3;55.0
1963-03-29;67.0;3;67.0
1963-03-30;42.0;3;42.0
1963-03-31;38.0;3;38.0
1963-04-01;178.0;4;178.0
1963-04-02;162.0;4;162.0
1963-04-03;98.0;4;98.0
1963-04-04;128.0;4;128.0
1963-04-05;122.0;4;122.0
1963-04-06;154.0;4;154.0
1963-04-07;91.0;4;91.0
1963-04-08;90.0;4;90.0
1963-04-09;60.0;4;60.0
1963-04-10;190.0;4;190.0
1963-04-11;119.0;4;119.0
1963-04-12;230.0;4;230.0
1963-04-13;108.0;4;108.0
1963-04-14;88.0;4;88.0
1963-04-15;58.0;4;58.0
1963-04-16;90.0;4;90.0
1963-04-17;47.0;4;47.0
1963-04-18;61.0;4;61.0
1963-04-19;42.0;4;42.0
1963-04-20;125.0;4;125.0
1963-04-21;169.0;4;169.0
1963-04-22;104.0;4;104.0
1963-04-23;53.0;4;53.0
1963-04-24;66.0;4;66.0
1963-04-25;73.0;4;73.0
1963-04-26;49.0;4;49.0
1963-04-27;41.0;4;41.0
1963-04-28;39.0;4;39.0
1963-04-29;39.0;4;39.0
1963-04-30;129.0;4;129.0
1963-05-01;128.0;5;128.0
1963-05-02;279.0;5;279.0
1963-05-03;505.0;5;505.0
1963-05-04;156.0;5;156.0
1963-05-05;88.0;5;88.0
1963-05-06;149.0;5;149.0
1963-05-07;75.0;5;75.0
1963-05-08;106.0;5;106.0
1963-05-09;261.0;5;261.0
1963-05-10;86.0;5;86.0
1963-05-11;188.0;5;188.0
1963-05-12;141.0;5;141.0
1963-05-13;143.0;5;143.0
1963-05-14;116.0;5;116.0
1963-05-15;153.0;5;153.0
1963-05-16;190.0;5;190.0
1963-05-17;65.0;5;65.0
1963-05-18;126.0;5;126.0
1963-05-19;112.0;5;112.0
1963-05-20;72.0;5;72.0
1963-05-21;53.0;5;53.0
1963-05-22;55.0;5;55.0
1963-05-23;42.0;5;42.0
1963-05-24;36.0;5;36.0
1963-05-25;36.0;5;36.0
1963-05-26;37.0;5;37.0
1963-05-27;32.0;5;32.0
1963-05-28;39.0;5;39.0
1963-05-29;33.0;5;33.0
1963-05-30;35.0;5;35.0
1963-05-31;33.0;5;33.0
1963-06-01;34.0;6;34.0
1963-06-02;57.0;6;57.0
1963-06-03;44.0;6;44.0
1963-06-04;35.0;6;35.0
1963-06-05;29.0;6;29.0
1963-06-06;24.0;6;24.0
1963-06-07;22.0;6;22.0
1963-06-08;20.0;6;20.0
1963-06-09;19.0;6;19.0
1963-06-10;34.0;6;34.0
1963-06-11;27.0;6;27.0
1963-06-12;30.0;6;30.0
1963-06-13;65.0;6;65.0
1963-06-14;59.0;6;59.0
1963-06-15;35.0;6;35.0
1963-06-16;31.0;6;31.0
1963-06-17;31.0;6;31.0
1963-06-18;30.0;6;30.0
1963-06-19;24.0;6;24.0
1963-06-20;21.0;6;21.0
1963-06-21;19.0;6;19.0
1963-06-22;18.0;6;18.0
1963-06-23;16.0;6;16.0
1963-06-24;15.0;6;15.0
1963-06-25;23.0;6;23.0
1963-06-26;23.0;6;23.0
1963-06-27;18.0;6;18.0
1963-06-28;16.0;6;16.0
1963-06-29;14.0;6;14.0
1963-06-30;13.0;6;13.0
1963-07-01;15.0;7;15.0
1963-07-02;23.0;7;23.0
1963-07-03;19.0;7;19.0
1963-07-04;17.0;7;17.0
1963-07-05;15.0;7;15.0
1963-07-06;14.0;7;14.0
1963-07-07;16.0;7;16.0
1963-07-08;19.0;7;19.0
1963-07-09;20.0;7;20.0
1963-07-10;17.0;7;17.0
1963-07-11;17.0;7;17.0
1963-07-12;19.0;7;19.0
1963-07-13;19.0;7;19.0
1963-07-14;16.0;7;16.0
1963-07-15;15.0;7;15.0
1963-07-16;15.0;7;15.0
1963-07-17;20.0;7;20.0
1963-07-18;23.0;7;23.0
1963-07-19;18.0;7;18.0
1963-07-20;16.0;7;16.0
1963-07-21;16.0;7;16.0
1963-07-22;17.0;7;17.0
1963-07-23;19.0;7;19.0
1963-07-24;33.0;7;33.0
1963-07-25;18.0;7;18.0
1963-07-26;14.0;7;14.0
1963-07-27;14.0;7;14.0
1963-07-28;18.0;7;18.0
1963-07-29;20.0;7;20.0
1963-07-30;21.0;7;21.0
1963-07-31;12.0;7;12.0
1963-08-01;14.0;8;14.0
1963-08-02;14.0;8;14.0
1963-08-03;29.0;8;29.0
1963-08-04;31.0;8;31.0
1963-08-05;18.0;8;18.0
1963-08-06;14.0;8;14.0
1963-08-07;12.0;8;12.0
1963-08-08;13.0;8;13.0
1963-08-09;24.0;8;24.0
1963-08-10;16.0;8;16.0
1963-08-11;13.0;8;13.0
1963-08-12;14.0;8;14.0
1963-08-13;8.0;8;8.0
1963-08-14;7.0;8;7.0
1963-08-15;12.0;8;12.0
1963-08-16;14.0;8;14.0
1963-08-17;12.0;8;12.0
1963-08-18;10.0;8;10.0
1963-08-19;15.0;8;15.0
1963-08-20;14.0;8;14.0
1963-08-21;14.0;8;14.0
1963-08-22;15.0;8;15.0
1963-08-23;14.0;8;14.0
1963-08-24;15.0;8;15.0
1963-08-25;9.0;8;9.0
1963-08-26;6.0;8;6.0
1963-08-27;6.0;8;6.0
1963-08-28;12.0;8;12.0
1963-08-29;7.0;8;7.0
1963-08-30;6.0;8;6.0
1963-08-31;5.0;8;5.0
1963-09-01;6.0;9;6.0
1963-09-02;5.0;9;5.0
1963-09-03;4.0;9;4.0
1963-09-04;4.0;9;4.0
1963-09-05;4.0;9;4.0
1963-09-06;4.0;9;4.0
1963-09-07;4.0;9;4.0
1963-09-08;4.0;9;4.0
1963-09-09;4.0;9;4.0
1963-09-10;4.0;9;4.0
1963-09-11;4.0;9;4.0
1963-09-12;8.0;9;8.0
1963-09-13;6.0;9;6.0
1963-09-14;6.0;9;6.0
1963-09-15;5.0;9;5.0
1963-09-16;6.0;9;6.0
1963-09-17;5.0;9;5.0
1963-09-18;8.0;9;8.0
1963-09-19;16.0;9;16.0
1963-09-20;14.0;9;14.0
1963-09-21;12.0;9;12.0
1963-09-22;10.0;9;10.0
1963-09-23;7.0;9;7.0
1963-09-24;12.0;9;12.0
1963-09-25;7.0;9;7.0
1963-09-26;7.0;9;7.0
1963-09-27;11.0;9;11.0
1963-09-28;8.0;9;8.0
1963-09-29;7.0;9;7.0
1963-09-30;14.0;9;14.0
1963-10-01;14.0;10;14.0
1963-10-02;16.0;10;16.0
1963-10-03;23.0;10;23.0
1963-10-04;20.0;10;20.0
1963-10-05;20.0;10;20.0
1963-10-06;15.0;10;15.0
1963-10-07;9.0;10;9.0
1963-10-08;11.0;10;11.0
1963-10-09;20.0;10;20.0
1963-10-10;13.0;10;13.0
1963-10-11;8.0;10;8.0
1963-10-12;7.0;10;7.0
1963-10-13;11.0;10;11.0
1963-10-14;26.0;10;26.0
1963-10-15;56.0;10;56.0
1963-10-16;44.0;10;44.0
1963-10-17;42.0;10;42.0
1963-10-18;32.0;10;32.0
1963-10-19;20.0;10;20.0
1963-10-20;13.0;10;13.0
1963-10-21;9.0;10;9.0
1963-10-22;7.0;10;7.0
1963-10-23;7.0;10;7.0
1963-10-24;12.0;10;12.0
1963-10-25;14.0;10;14.0
1963-10-26;65.0;10;65.0
1963-10-27;35.0;10;35.0
1963-10-28;301.0;10;301.0
1963-10-29;61.0;10;61.0
1963-10-30;301.0;10;301.0
1963-10-31;121.0;10;121.0
1963-11-01;68.0;11;68.0
1963-11-02;55.0;11;55.0
1963-11-03;45.0;11;45.0
1963-11-04;91.0;11;91.0
1963-11-05;85.0;11;85.0
1963-11-06;258.0;11;258.0
1963-11-07;82.0;11;82.0
1963-11-08;186.0;11;186.0
1963-11-09;116.0;11;116.0
1963-11-10;63.0;11;63.0
1963-11-11;106.0;11;106.0
1963-11-12;263.0;11;263.0
1963-11-13;154.0;11;154.0
1963-11-14;156.0;11;156.0
1963-11-15;671.0;11;671.0
1963-11-16;140.0;11;140.0
1963-11-17;85.0;11;85.0
1963-11-18;59.0;11;59.0
1963-11-19;56.0;11;56.0
1963-11-20;47.0;11;47.0
1963-11-21;37.0;11;37.0
1963-11-22;108.0;11;108.0
1963-11-23;137.0;11;137.0
1963-11-24;257.0;11;257.0
1963-11-25;116.0;11;116.0
1963-11-26;113.0;11;113.0
1963-11-27;177.0;11;177.0
1963-11-28;72.0;11;72.0
1963-11-29;41.0;11;41.0
1963-11-30;41.0;11;41.0
1963-12-01;-999.000;12;23.0
1963-12-02;-999.000;12;69.8
1963-12-03;-999.000;12;73.7
1963-12-04;-999.000;12;22.0
1963-12-05;-999.000;12;64.6
1963-12-06;-999.000;12;11.7
1963-12-07;-999.000;12;43.23
1963-12-08;-999.000;12;53.3
1963-12-09;-999.000;12;48.54
1963-12-10;-999.000;12;479.0
1963-12-11;-999.000;12;68.9
1963-12-12;-999.000;12;31.4
1963-12-13;-999.000;12;32.91
1963-12-14;-999.000;12;47.25
1963-12-15;-999.000;12;95.2
1963-12-16;-999.000;12;522.0
1963-12-17;-999.000;12;48.25
1963-12-18;-999.000;12;27.86
1963-12-19;-999.000;12;20.2
1963-12-20;-999.000;12;54.2
1963-12-21;-999.000;12;30.0
1963-12-22;-999.000;12;55.6
1963-12-23;-999.000;12;21.0
1963-12-24;-999.000;12;45.5
1963-12-25;-999.000;12;42.3
1963-12-26;-999.000;12;53.0
1963-12-27;-999.000;12;50.1
1963-12-28;-999.000;12;66.5
1963-12-29;-999.000;12;16.9
1963-12-30;-999.000;12;48.6
1963-12-31;-999.000;12;93.0
1964-01-01;33.0;1;33.0
1964-01-02;34.0;1;34.0
1964-01-03;22.0;1;22.0
1964-01-04;18.0;1;18.0
1964-01-05;14.0;1;14.0
1964-01-06;12.0;1;12.0
1964-01-07;12.0;1;12.0
1964-01-08;11.0;1;11.0
1964-01-09;10.0;1;10.0
1964-01-10;9.0;1;9.0
1964-01-11;9.0;1;9.0
1964-01-12;10.0;1;10.0
1964-01-13;24.0;1;24.0
1964-01-14;77.0;1;77.0
1964-01-15;23.0;1;23.0
1964-01-16;16.0;1;16.0
1964-01-17;11.0;1;11.0
1964-01-18;11.0;1;11.0
1964-01-19;9.0;1;9.0
1964-01-20;8.0;1;8.0
1964-01-21;8.0;1;8.0
1964-01-22;7.0;1;7.0
1964-01-23;7.0;1;7.0
1964-01-24;7.0;1;7.0
1964-01-25;8.0;1;8.0
1964-01-26;7.0;1;7.0
1964-01-27;6.0;1;6.0
1964-01-28;6.0;1;6.0
1964-01-29;6.0;1;6.0
1964-01-30;6.0;1;6.0
1964-01-31;5.0;1;5.0
1964-02-01;5.0;2;5.0
1964-02-02;5.0;2;5.0
1964-02-03;5.0;2;5.0
1964-02-04;6.0;2;6.0
1964-02-05;5.0;2;5.0
1964-02-06;5.0;2;5.0
1964-02-07;4.0;2;4.0
1964-02-08;5.0;2;5.0
1964-02-09;5.0;2;5.0
1964-02-10;4.0;2;4.0
1964-02-11;4.0;2;4.0
1964-02-12;4.0;2;4.0
1964-02-13;12.0;2;12.0
1964-02-14;12.0;2;12.0
1964-02-15;10.0;2;10.0
1964-02-16;10.0;2;10.0
1964-02-17;8.0;2;8.0
1964-02-18;55.0;2;55.0
1964-02-19;24.0;2;24.0
1964-02-20;75.0;2;75.0
1964-02-21;25.0;2;25.0
1964-02-22;18.0;2;18.0
1964-02-23;15.0;2;15.0
1964-02-24;29.0;2;29.0
1964-02-25;24.0;2;24.0
1964-02-26;18.0;2;18.0
1964-02-27;14.0;2;14.0
1964-02-28;9.0;2;9.0
1964-02-29;8.0;2;8.0
1964-03-01;7.0;3;7.0
1964-03-02;6.0;3;6.0
1964-03-03;5.0;3;5.0
1964-03-04;11.0;3;11.0
1964-03-05;5.0;3;5.0
1964-03-06;5.0;3;5.0
1964-03-07;5.0;3;5.0
1964-03-08;4.0;3;4.0
1964-03-09;4.0;3;4.0
1964-03-10;4.0;3;4.0
1964-03-11;7.0;3;7.0
1964-03-12;7.0;3;7.0
1964-03-13;7.0;3;7.0
1964-03-14;6.0;3;6.0
1964-03-15;5.0;3;5.0
1964-03-16;4.0;3;4.0
1964-03-17;5.0;3;5.0
1964-03-18;28.0;3;28.0
1964-03-19;11.0;3;11.0
1964-03-20;7.0;3;7.0
1964-03-21;6.0;3;6.0
1964-03-22;9.0;3;9.0
1964-03-23;10.0;3;10.0
1964-03-24;9.0;3;9.0
1964-03-25;8.0;3;8.0
1964-03-26;6.0;3;6.0
1964-03-27;4.0;3;4.0
1964-03-28;4.0;3;4.0
1964-03-29;3.0;3;3.0
1964-03-30;20.0;3;20.0
1964-03-31;7.0;3;7.0
1964-04-01;8.0;4;8.0
1964-04-02;8.0;4;8.0
1964-04-03;6.0;4;6.0
1964-04-04;9.0;4;9.0
1964-04-05;12.0;4;12.0
1964-04-06;15.0;4;15.0
1964-04-07;56.0;4;56.0
1964-04-08;72.0;4;72.0
1964-04-09;88.0;4;88.0
1964-04-10;52.0;4;52.0
1964-04-11;46.0;4;46.0
1964-04-12;25.0;4;25.0
1964-04-13;139.0;4;139.0
1964-04-14;88.0;4;88.0
1964-04-15;106.0;4;106.0
1964-04-16;46.0;4;46.0
1964-04-17;65.0;4;65.0
1964-04-18;63.0;4;63.0
1964-04-19;46.0;4;46.0
1964-04-20;45.0;4;45.0
1964-04-21;36.0;4;36.0
1964-04-22;25.0;4;25.0
1964-04-23;20.0;4;20.0
1964-04-24;18.0;4;18.0
1964-04-25;33.0;4;33.0
1964-04-26;205.0;4;205.0
1964-04-27;88.0;4;88.0
1964-04-28;54.0;4;54.0
1964-04-29;41.0;4;41.0
1964-04-30;37.0;4;37.0
1964-05-01;86.0;5;86.0
1964-05-02;48.0;5;48.0
1964-05-03;86.0;5;86.0
1964-05-04;39.0;5;39.0
1964-05-05;96.0;5;96.0
1964-05-06;42.0;5;42.0
1964-05-07;41.0;5;41.0
1964-05-08;36.0;5;36.0
1964-05-09;68.0;5;68.0
1964-05-10;32.0;5;32.0
1964-05-11;24.0;5;24.0
1964-05-12;21.0;5;21.0
1964-05-13;20.0;5;20.0
1964-05-14;18.0;5;18.0
1964-05-15;16.0;5;16.0
1964-05-16;14.0;5;14.0
1964-05-17;13.0;5;13.0
1964-05-18;11.0;5;11.0
1964-05-19;11.0;5;11.0
1964-05-20;14.0;5;14.0
1964-05-21;23.0;5;23.0
1964-05-22;27.0;5;27.0
1964-05-23;18.0;5;18.0
1964-05-24;14.0;5;14.0
1964-05-25;22.0;5;22.0
1964-05-26;28.0;5;28.0
1964-05-27;131.0;5;131.0
1964-05-28;37.0;5;37.0
1964-05-29;39.0;5;39.0
1964-05-30;45.0;5;45.0
1964-05-31;51.0;5;51.0
1964-06-01;15.0;6;15.0
1964-06-02;83.0;6;83.0
1964-06-03;97.0;6;97.0
1964-06-04;107.0;6;107.0
1964-06-05;70.0;6;70.0
1964-06-06;157.0;6;157.0
1964-06-07;79.0;6;79.0
1964-06-08;72.0;6;72.0
1964-06-09;58.0;6;58.0
1964-06-10;61.0;6;61.0
1964-06-11;53.0;6;53.0
1964-06-12;96.0;6;96.0
1964-06-13;47.0;6;47.0
1964-06-14;38.0;6;38.0
1964-06-15;102.0;6;102.0
1964-06-16;63.0;6;63.0
1964-06-17;50.0;6;50.0
1964-06-18;39.0;6;39.0
1964-06-19;32.0;6;32.0
1964-06-20;35.0;6;35.0
1964-06-21;44.0;6;44.0
1964-06-22;38.0;6;38.0
1964-06-23;34.0;6;34.0
1964-06-24;33.0;6;33.0
1964-06-25;36.0;6;36.0
1964-06-26;32.0;6;32.0
1964-06-27;29.0;6;29.0
1964-06-28;37.0;6;37.0
1964-06-29;32.0;6;32.0
1964-06-30;49.0;6;49.0
1964-07-01;35.0;7;35.0
1964-07-02;33.0;7;33.0
1964-07-03;50.0;7;50.0
1964-07-04;62.0;7;62.0
1964-07-05;49.0;7;49.0
1964-07-06;24.0;7;24.0
1964-07-07;28.0;7;28.0
1964-07-08;34.0;7;34.0
1964-07-09;32.0;7;32.0
1964-07-10;33.0;7;33.0
1964-07-11;34.0;7;34.0
1964-07-12;29.0;7;29.0
1964-07-13;21.0;7;21.0
1964-07-14;20.0;7;20.0
1964-07-15;19.0;7;19.0
1964-07-16;36.0;7;36.0
1964-07-17;44.0;7;44.0
1964-07-18;44.0;7;44.0
1964-07-19;38.0;7;38.0
1964-07-20;40.0;7;40.0
1964-07-21;36.0;7;36.0
1964-07-22;25.0;7;25.0
1964-07-23;23.0;7;23.0
1964-07-24;22.0;7;22.0
1964-07-25;22.0;7;22.0
1964-07-26;19.0;7;19.0
1964-07-27;16.0;7;16.0
1964-07-28;18.0;7;18.0
1964-07-29;49.0;7;49.0
1964-07-30;30.0;7;30.0
1964-07-31;28.0;7;28.0
1964-08-01;31.0;8;31.0
1964-08-02;22.0;8;22.0
1964-08-03;20.0;8;20.0
1964-08-04;18.0;8;18.0
1964-08-05;16.0;8;16.0
1964-08-06;27.0;8;27.0
1964-08-07;22.0;8;22.0
1964-08-08;22.0;8;22.0
1964-08-09;22.0;8;22.0
1964-08-10;19.0;8;19.0
1964-08-11;16.0;8;16.0
1964-08-12;15.0;8;15.0
1964-08-13;18.0;8;18.0
1964-08-14;16.0;8;16.0
1964-08-15;23.0;8;23.0
1964-08-16;71.0;8;71.0
1964-08-17;30.0;8;30.0
1964-08-18;25.0;8;25.0
1964-08-19;25.0;8;25.0
1964-08-20;20.0;8;20.0
1964-08-21;14.0;8;14.0
1964-08-22;15.0;8;15.0
1964-08-23;14.0;8;14.0
1964-08-24;14.0;8;14.0
1964-08-25;14.0;8;14.0
1964-08-26;33.0;8;33.0
1964-08-27;25.0;8;25.0
1964-08-28;23.0;8;23.0
1964-08-29;15.0;8;15.0
1964-08-30;15.0;8;15.0
1964-08-31;21.0;8;21.0
1964-09-01;20.0;9;20.0
1964-09-02;18.0;9;18.0
1964-09-03;30.0;9;30.0
1964-09-04;24.0;9;24.0
1964-09-05;20.0;9;20.0
1964-09-06;17.0;9;17.0
1964-09-07;20.0;9;20.0
1964-09-08;38.0;9;38.0
1964-09-09;21.0;9;21.0
1964-09-10;16.0;9;16.0
1964-09-11;14.0;9;14.0
1964-09-12;15.0;9;15.0
1964-09-13;16.0;9;16.0
1964-09-14;14.0;9;14.0
1964-09-15;11.0;9;11.0
1964-09-16;12.0;9;12.0
1964-09-17;11.0;9;11.0
1964-09-18;12.0;9;12.0
1964-09-19;12.0;9;12.0
1964-09-20;12.0;9;12.0
1964-09-21;18.0;9;18.0
1964-09-22;30.0;9;30.0
1964-09-23;22.0;9;22.0
1964-09-24;14.0;9;14.0
1964-09-25;10.0;9;10.0
1964-09-26;10.0;9;10.0
1964-09-27;14.0;9;14.0
1964-09-28;15.0;9;15.0
1964-09-29;14.0;9;14.0
1964-09-30;14.0;9;14.0
1964-10-01;22.0;10;22.0
1964-10-02;25.0;10;25.0
1964-10-03;12.0;10;12.0
1964-10-04;8.0;10;8.0
1964-10-05;11.0;10;11.0
1964-10-06;19.0;10;19.0
1964-10-07;22.0;10;22.0
1964-10-08;20.0;10;20.0
1964-10-09;24.0;10;24.0
1964-10-10;20.0;10;20.0
1964-10-11;18.0;10;18.0
1964-10-12;17.0;10;17.0
1964-10-13;16.0;10;16.0
1964-10-14;20.0;10;20.0
1964-10-15;15.0;10;15.0
1964-10-16;19.0;10;19.0
1964-10-17;20.0;10;20.0
1964-10-18;81.0;10;81.0
1964-10-19;38.0;10;38.0
1964-10-20;34.0;10;34.0
1964-10-21;52.0;10;52.0
1964-10-22;27.0;10;27.0
1964-10-23;20.0;10;20.0
1964-10-24;21.0;10;21.0
1964-10-25;19.0;10;19.0
1964-10-26;16.0;10;16.0
1964-10-27;12.0;10;12.0
1964-10-28;24.0;10;24.0
1964-10-29;19.0;10;19.0
1964-10-30;50.0;10;50.0
1964-10-31;50.0;10;50.0
1964-11-01;29.0;11;29.0
1964-11-02;22.0;11;22.0
1964-11-03;18.0;11;18.0
1964-11-04;34.0;11;34.0
1964-11-05;85.0;11;85.0
1964-11-06;56.0;11;56.0
1964-11-07;50.0;11;50.0
1964-11-08;47.0;11;47.0
1964-11-09;42.0;11;42.0
1964-11-10;28.0;11;28.0
1964-11-11;22.0;11;22.0
1964-11-12;19.0;11;19.0
1964-11-13;44.0;11;44.0
1964-11-14;58.0;11;58.0
1964-11-15;43.0;11;43.0
1964-11-16;46.0;11;46.0
1964-11-17;100.0;11;100.0
1964-11-18;85.0;11;85.0
1964-11-19;72.0;11;72.0
1964-11-20;38.0;11;38.0
1964-11-21;26.0;11;26.0
1964-11-22;27.0;11;27.0
1964-11-23;28.0;11;28.0
1964-11-24;115.0;11;115.0
1964-11-25;72.0;11;72.0
1964-11-26;50.0;11;50.0
1964-11-27;39.0;11;39.0
1964-11-28;84.0;11;84.0
1964-11-29;48.0;11;48.0
1964-11-30;47.0;11;47.0
1964-12-01;49.0;12;49.0
1964-12-02;45.0;12;45.0
1964-12-03;50.0;12;50.0
1964-12-04;30.0;12;30.0
1964-12-05;26.0;12;26.0
1964-12-06;23.0;12;23.0
1964-12-07;54.0;12;54.0
1964-12-08;71.0;12;71.0
1964-12-09;101.0;12;101.0
1964-12-10;58.0;12;58.0
1964-12-11;60.0;12;60.0
1964-12-12;53.0;12;53.0
1964-12-13;35.0;12;35.0
1964-12-14;27.0;12;27.0
1964-12-15;36.0;12;36.0
1964-12-16;30.0;12;30.0
1964-12-17;20.0;12;20.0
1964-12-18;23.0;12;23.0
1964-12-19;19.0;12;19.0
1964-12-20;18.0;12;18.0
1964-12-21;16.0;12;16.0
1964-12-22;16.0;12;16.0
1964-12-23;15.0;12;15.0
1964-12-24;12.0;12;12.0
1964-12-25;30.0;12;30.0
1964-12-26;30.0;12;30.0
1964-12-27;83.0;12;83.0
1964-12-28;51.0;12;51.0
1964-12-29;48.0;12;48.0
1964-12-30;31.0;12;31.0
1964-12-31;27.0;12;27.0
1965-01-01;22.0;1;22.0
1965-01-02;15.0;1;15.0
1965-01-03;16.0;1;16.0
1965-01-04;16.0;1;16.0
1965-01-05;18.0;1;18.0
1965-01-06;27.0;1;27.0
1965-01-07;41.0;1;41.0
1965-01-08;37.0;1;37.0
1965-01-09;79.0;1;79.0
1965-01-10;36.0;1;36.0
1965-01-11;25.0;1;25.0
1965-01-12;26.0;1;26.0
1965-01-13;23.0;1;23.0
1965-01-14;30.0;1;30.0
1965-01-15;37.0;1;37.0
1965-01-16;24.0;1;24.0
1965-01-17;19.0;1;19.0
1965-01-18;16.0;1;16.0
1965-01-19;14.0;1;14.0
1965-01-20;16.0;1;16.0
1965-01-21;15.0;1;15.0
1965-01-22;12.0;1;12.0
1965-01-23;11.0;1;11.0
1965-01-24;18.0;1;18.0
1965-01-25;16.0;1;16.0
1965-01-26;14.0;1;14.0
1965-01-27;11.0;1;11.0
1965-01-28;9.0;1;9.0
1965-01-29;14.0;1;14.0
1965-01-30;13.0;1;13.0
1965-01-31;12.0;1;12.0
1965-02-01;7.0;2;7.0
1965-02-02;6.0;2;6.0
1965-02-03;6.0;2;6.0
1965-02-04;6.0;2;6.0
1965-02-05;7.0;2;7.0
1965-02-06;6.0;2;6.0
1965-02-07;5.0;2;5.0
1965-02-08;4.0;2;4.0
1965-02-09;4.0;2;4.0
1965-02-10;4.0;2;4.0
1965-02-11;4.0;2;4.0
1965-02-12;4.0;2;4.0
1965-02-13;4.0;2;4.0
1965-02-14;7.0;2;7.0
1965-02-15;5.0;2;5.0
1965-02-16;4.0;2;4.0
1965-02-17;4.0;2;4.0
1965-02-18;3.0;2;3.0
1965-02-19;8.0;2;8.0
1965-02-20;9.0;2;9.0
1965-02-21;13.0;2;13.0
1965-02-22;11.0;2;11.0
1965-02-23;9.0;2;9.0
1965-02-24;4.0;2;4.0
1965-02-25;3.0;2;3.0
1965-02-26;6.0;2;6.0
1965-02-27;4.0;2;4.0
1965-02-28;7.0;2;7.0
1965-03-01;7.0;3;7.0
1965-03-02;4.0;3;4.0
1965-03-03;3.0;3;3.0
1965-03-04;27.0;3;27.0
1965-03-05;11.0;3;11.0
1965-03-06;9.0;3;9.0
1965-03-07;18.0;3;18.0
1965-03-08;73.0;3;73.0
1965-03-09;22.0;3;22.0
1965-03-10;10.0;3;10.0
1965-03-11;7.0;3;7.0
1965-03-12;7.0;3;7.0
1965-03-13;18.0;3;18.0
1965-03-14;15.0;3;15.0
1965-03-15;13.0;3;13.0
1965-03-16;10.0;3;10.0
1965-03-17;9.0;3;9.0
1965-03-18;7.0;3;7.0
1965-03-19;5.0;3;5.0
1965-03-20;9.0;3;9.0
1965-03-21;6.0;3;6.0
1965-03-22;21.0;3;21.0
1965-03-23;11.0;3;11.0
1965-03-24;8.0;3;8.0
1965-03-25;5.0;3;5.0
1965-03-26;4.0;3;4.0
1965-03-27;3.0;3;3.0
1965-03-28;4.0;3;4.0
1965-03-29;42.0;3;42.0
1965-03-30;18.0;3;18.0
1965-03-31;12.0;3;12.0
1965-04-01;14.0;4;14.0
1965-04-02;11.0;4;11.0
1965-04-03;12.0;4;12.0
1965-04-04;31.0;4;31.0
1965-04-05;151.0;4;151.0
1965-04-06;149.0;4;149.0
1965-04-07;9.0;4;9.0
1965-04-08;96.0;4;96.0
1965-04-09;297.0;4;297.0
1965-04-10;85.0;4;85.0
1965-04-11;213.0;4;213.0
1965-04-12;207.0;4;207.0
1965-04-13;80.0;4;80.0
1965-04-14;77.0;4;77.0
1965-04-15;114.0;4;114.0
1965-04-16;260.0;4;260.0
1965-04-17;154.0;4;154.0
1965-04-18;79.0;4;79.0
1965-04-19;178.0;4;178.0
1965-04-20;156.0;4;156.0
1965-04-21;66.0;4;66.0
1965-04-22;49.0;4;49.0
1965-04-23;38.0;4;38.0
1965-04-24;34.0;4;34.0
1965-04-25;98.0;4;98.0
1965-04-26;55.0;4;55.0
1965-04-27;74.0;4;74.0
1965-04-28;82.0;4;82.0
1965-04-29;59.0;4;59.0
1965-04-30;177.0;4;177.0
1965-05-01;120.0;5;120.0
1965-05-02;61.0;5;61.0
1965-05-03;46.0;5;46.0
1965-05-04;40.0;5;40.0
1965-05-05;34.0;5;34.0
1965-05-06;24.0;5;24.0
1965-05-07;24.0;5;24.0
1965-05-08;27.0;5;27.0
1965-05-09;28.0;5;28.0
1965-05-10;334.0;5;334.0
1965-05-11;57.0;5;57.0
1965-05-12;149.0;5;149.0
1965-05-13;32.0;5;32.0
1965-05-14;166.0;5;166.0
1965-05-15;53.0;5;53.0
1965-05-16;69.0;5;69.0
1965-05-17;58.0;5;58.0
1965-05-18;42.0;5;42.0
1965-05-19;34.0;5;34.0
1965-05-20;46.0;5;46.0
1965-05-21;38.0;5;38.0
1965-05-22;30.0;5;30.0
1965-05-23;26.0;5;26.0
1965-05-24;28.0;5;28.0
1965-05-25;26.0;5;26.0
1965-05-26;34.0;5;34.0
1965-05-27;34.0;5;34.0
1965-05-28;55.0;5;55.0
1965-05-29;32.0;5;32.0
1965-05-30;32.0;5;32.0
1965-05-31;32.0;5;32.0
1965-06-01;38.0;6;38.0
1965-06-02;26.0;6;26.0
1965-06-03;21.0;6;21.0
1965-06-04;20.0;6;20.0
1965-06-05;30.0;6;30.0
1965-06-06;24.0;6;24.0
1965-06-07;22.0;6;22.0
1965-06-08;19.0;6;19.0
1965-06-09;14.0;6;14.0
1965-06-10;12.0;6;12.0
1965-06-11;12.0;6;12.0
1965-06-12;11.0;6;11.0
1965-06-13;6.0;6;6.0
1965-06-14;14.0;6;14.0
1965-06-15;12.0;6;12.0
1965-06-16;11.0;6;11.0
1965-06-17;11.0;6;11.0
1965-06-18;11.0;6;11.0
1965-06-19;9.0;6;9.0
1965-06-20;8.0;6;8.0
1965-06-21;7.0;6;7.0
1965-06-22;12.0;6;12.0
1965-06-23;12.0;6;12.0
1965-06-24;9.0;6;9.0
1965-06-25;46.0;6;46.0
1965-06-26;12.0;6;12.0
1965-06-27;9.0;6;9.0
1965-06-28;7.0;6;7.0
1965-06-29;6.0;6;6.0
1965-06-30;6.0;6;6.0
1965-07-01;6.0;7;6.0
1965-07-02;6.0;7;6.0
1965-07-03;6.0;7;6.0
1965-07-04;6.0;7;6.0
1965-07-05;6.0;7;6.0
1965-07-06;6.0;7;6.0
1965-07-07;6.0;7;6.0
1965-07-08;6.0;7;6.0
1965-07-09;5.0;7;5.0
1965-07-10;5.0;7;5.0
1965-07-11;4.0;7;4.0
1965-07-12;4.0;7;4.0
1965-07-13;2.0;7;2.0
1965-07-14;5.0;7;5.0
1965-07-15;4.0;7;4.0
1965-07-16;4.0;7;4.0
1965-07-17;5.0;7;5.0
1965-07-18;12.0;7;12.0
1965-07-19;11.0;7;11.0
1965-07-20;5.0;7;5.0
1965-07-21;4.0;7;4.0
1965-07-22;4.0;7;4.0
1965-07-23;4.0;7;4.0
1965-07-24;4.0;7;4.0
1965-07-25;4.0;7;4.0
1965-07-26;3.0;7;3.0
1965-07-27;3.0;7;3.0
1965-07-28;2.0;7;2.0
1965-07-29;2.0;7;2.0
1965-07-30;2.0;7;2.0
1965-07-31;2.0;7;2.0
1965-08-01;2.0;8;2.0
1965-08-02;2.0;8;2.0
1965-08-03;2.0;8;2.0
1965-08-04;3.0;8;3.0
1965-08-05;2.0;8;2.0
1965-08-06;2.0;8;2.0
1965-08-07;2.0;8;2.0
1965-08-08;6.0;8;6.0
1965-08-09;5.0;8;5.0
1965-08-10;3.0;8;3.0
1965-08-11;3.0;8;3.0
1965-08-12;2.0;8;2.0
1965-08-13;2.0;8;2.0
1965-08-14;2.0;8;2.0
1965-08-15;2.0;8;2.0
1965-08-16;2.0;8;2.0
1965-08-17;2.0;8;2.0
1965-08-18;5.0;8;5.0
1965-08-19;5.0;8;5.0
1965-08-20;5.0;8;5.0
1965-08-21;4.0;8;4.0
1965-08-22;3.0;8;3.0
1965-08-23;3.0;8;3.0
1965-08-24;2.0;8;2.0
1965-08-25;2.0;8;2.0
1965-08-26;3.0;8;3.0
1965-08-27;3.0;8;3.0
1965-08-28;6.0;8;6.0
1965-08-29;3.0;8;3.0
1965-08-30;2.0;8;2.0
1965-08-31;3.0;8;3.0
1965-09-01;3.0;9;3.0
1965-09-02;2.0;9;2.0
1965-09-03;3.0;9;3.0
1965-09-04;4.0;9;4.0
1965-09-05;11.0;9;11.0
1965-09-06;11.0;9;11.0
1965-09-07;9.0;9;9.0
1965-09-08;16.0;9;16.0
1965-09-09;7.0;9;7.0
1965-09-10;14.0;9;14.0
1965-09-11;14.0;9;14.0
1965-09-12;6.0;9;6.0
1965-09-13;36.0;9;36.0
1965-09-14;4.0;9;4.0
1965-09-15;4.0;9;4.0
1965-09-16;5.0;9;5.0
1965-09-17;3.0;9;3.0
1965-09-18;2.0;9;2.0
1965-09-19;2.0;9;2.0
1965-09-20;1.0;9;1.0
1965-09-21;2.0;9;2.0
1965-09-22;3.0;9;3.0
1965-09-23;4.0;9;4.0
1965-09-24;3.0;9;3.0
1965-09-25;2.0;9;2.0
1965-09-26;5.0;9;5.0
1965-09-27;4.0;9;4.0
1965-09-28;18.0;9;18.0
1965-09-29;23.0;9;23.0
1965-09-30;36.0;9;36.0
1965-10-01;24.0;10;24.0
1965-10-02;21.0;10;21.0
1965-10-03;17.0;10;17.0
1965-10-04;24.0;10;24.0
1965-10-05;12.0;10;12.0
1965-10-06;7.0;10;7.0
1965-10-07;4.0;10;4.0
1965-10-08;3.0;10;3.0
1965-10-09;3.0;10;3.0
1965-10-10;3.0;10;3.0
1965-10-11;5.0;10;5.0
1965-10-12;6.0;10;6.0
1965-10-13;27.0;10;27.0
1965-10-14;54.0;10;54.0
1965-10-15;46.0;10;46.0
1965-10-16;60.0;10;60.0
1965-10-17;50.0;10;50.0
1965-10-18;65.0;10;65.0
1965-10-19;120.0;10;120.0
1965-10-20;77.0;10;77.0
1965-10-21;83.0;10;83.0
1965-10-22;57.0;10;57.0
1965-10-23;38.0;10;38.0
1965-10-24;25.0;10;25.0
1965-10-25;28.0;10;28.0
1965-10-26;28.0;10;28.0
1965-10-27;106.0;10;106.0
1965-10-28;51.0;10;51.0
1965-10-29;77.0;10;77.0
1965-10-30;108.0;10;108.0
1965-10-31;48.0;10;48.0
1965-11-01;43.0;11;43.0
1965-11-02;42.0;11;42.0
1965-11-03;59.0;11;59.0
1965-11-04;69.0;11;69.0
1965-11-05;40.0;11;40.0
1965-11-06;54.0;11;54.0
1965-11-07;78.0;11;78.0
1965-11-08;83.0;11;83.0
1965-11-09;210.0;11;210.0
1965-11-10;193.0;11;193.0
1965-11-11;109.0;11;109.0
1965-11-12;57.0;11;57.0
1965-11-13;95.0;11;95.0
1965-11-14;65.0;11;65.0
1965-11-15;68.0;11;68.0
1965-11-16;265.0;11;265.0
1965-11-17;89.0;11;89.0
1965-11-18;503.0;11;503.0
1965-11-19;118.0;11;118.0
1965-11-20;157.0;11;157.0
1965-11-21;85.0;11;85.0
1965-11-22;144.0;11;144.0
1965-11-23;125.0;11;125.0
1965-11-24;140.0;11;140.0
1965-11-25;242.0;11;242.0
1965-11-26;90.0;11;90.0
1965-11-27;992.0;11;992.0
1965-11-28;874.5;11;874.5
1965-11-29;757.0;11;757.0
1965-11-30;640.0;11;640.0
1965-12-01;522.0;12;522.0
1965-12-02;405.0;12;405.0
1965-12-03;287.0;12;287.0
1965-12-04;170.0;12;170.0
1965-12-05;52.0;12;52.0
1965-12-06;46.0;12;46.0
1965-12-07;46.0;12;46.0
1965-12-08;45.0;12;45.0
1965-12-09;89.0;12;89.0
1965-12-10;57.0;12;57.0
1965-12-11;205.0;12;205.0
1965-12-12;174.0;12;174.0
1965-12-13;121.0;12;121.0
1965-12-14;188.0;12;188.0
1965-12-15;81.0;12;81.0
1965-12-16;58.0;12;58.0
1965-12-17;54.0;12;54.0
1965-12-18;47.0;12;47.0
1965-12-19;41.0;12;41.0
1965-12-20;37.0;12;37.0
1965-12-21;36.0;12;36.0
1965-12-22;34.0;12;34.0
1965-12-23;30.0;12;30.0
1965-12-24;27.0;12;27.0
1965-12-25;33.0;12;33.0
1965-12-26;59.0;12;59.0
1965-12-27;70.0;12;70.0
1965-12-28;45.0;12;45.0
1965-12-29;41.0;12;41.0
1965-12-30;38.0;12;38.0
1965-12-31;38.0;12;38.0
1966-01-01;318.0;1;318.0
1966-01-02;68.0;1;68.0
1966-01-03;48.0;1;48.0
1966-01-04;40.0;1;40.0
1966-01-05;34.0;1;34.0
1966-01-06;30.0;1;30.0
1966-01-07;28.0;1;28.0
1966-01-08;26.0;1;26.0
1966-01-09;24.0;1;24.0
1966-01-10;33.0;1;33.0
1966-01-11;30.0;1;30.0
1966-01-12;26.0;1;26.0
1966-01-13;24.0;1;24.0
1966-01-14;42.0;1;42.0
1966-01-15;30.0;1;30.0
1966-01-16;24.0;1;24.0
1966-01-17;24.0;1;24.0
1966-01-18;22.0;1;22.0
1966-01-19;24.0;1;24.0
1966-01-20;22.0;1;22.0
1966-01-21;20.0;1;20.0
1966-01-22;18.0;1;18.0
1966-01-23;16.0;1;16.0
1966-01-24;14.0;1;14.0
1966-01-25;13.0;1;13.0
1966-01-26;12.0;1;12.0
1966-01-27;12.0;1;12.0
1966-01-28;14.0;1;14.0
1966-01-29;12.0;1;12.0
1966-01-30;11.0;1;11.0
1966-01-31;14.0;1;14.0
1966-02-01;15.0;2;15.0
1966-02-02;11.0;2;11.0
1966-02-03;10.0;2;10.0
1966-02-04;18.0;2;18.0
1966-02-05;18.0;2;18.0
1966-02-06;30.0;2;30.0
1966-02-07;44.0;2;44.0
1966-02-08;32.0;2;32.0
1966-02-09;28.0;2;28.0
1966-02-10;20.0;2;20.0
1966-02-11;14.0;2;14.0
1966-02-12;13.0;2;13.0
1966-02-13;12.0;2;12.0
1966-02-14;12.0;2;12.0
1966-02-15;11.0;2;11.0
1966-02-16;9.0;2;9.0
1966-02-17;9.0;2;9.0
1966-02-18;9.0;2;9.0
1966-02-19;8.0;2;8.0
1966-02-20;9.0;2;9.0
1966-02-21;9.0;2;9.0
1966-02-22;10.0;2;10.0
1966-02-23;9.0;2;9.0
1966-02-24;9.0;2;9.0
1966-02-25;8.0;2;8.0
1966-02-26;8.0;2;8.0
1966-02-27;8.0;2;8.0
1966-02-28;9.0;2;9.0
1966-03-01;8.0;3;8.0
1966-03-02;8.0;3;8.0
1966-03-03;14.0;3;14.0
1966-03-04;8.0;3;8.0
1966-03-05;9.0;3;9.0
1966-03-06;14.0;3;14.0
1966-03-07;178.0;3;178.0
1966-03-08;46.0;3;46.0
1966-03-09;112.0;3;112.0
1966-03-10;134.0;3;134.0
1966-03-11;87.0;3;87.0
1966-03-12;65.0;3;65.0
1966-03-13;51.0;3;51.0
1966-03-14;31.0;3;31.0
1966-03-15;29.0;3;29.0
1966-03-16;26.0;3;26.0
1966-03-17;23.0;3;23.0
1966-03-18;21.0;3;21.0
1966-03-19;31.0;3;31.0
1966-03-20;28.0;3;28.0
1966-03-21;58.0;3;58.0
1966-03-22;74.0;3;74.0
1966-03-23;38.0;3;38.0
1966-03-24;44.0;3;44.0
1966-03-25;26.0;3;26.0
1966-03-26;43.0;3;43.0
1966-03-27;28.0;3;28.0
1966-03-28;37.0;3;37.0
1966-03-29;26.0;3;26.0
1966-03-30;21.0;3;21.0
1966-03-31;18.0;3;18.0
1966-04-01;18.0;4;18.0
1966-04-02;17.0;4;17.0
1966-04-03;14.0;4;14.0
1966-04-04;12.0;4;12.0
1966-04-05;12.0;4;12.0
1966-04-06;10.0;4;10.0
1966-04-07;13.0;4;13.0
1966-04-08;11.0;4;11.0
1966-04-09;11.0;4;11.0
1966-04-10;16.0;4;16.0
1966-04-11;87.0;4;87.0
1966-04-12;93.0;4;93.0
1966-04-13;37.0;4;37.0
1966-04-14;114.0;4;114.0
1966-04-15;47.0;4;47.0
1966-04-16;54.0;4;54.0
1966-04-17;52.0;4;52.0
1966-04-18;50.0;4;50.0
1966-04-19;53.0;4;53.0
1966-04-20;31.0;4;31.0
1966-04-21;16.0;4;16.0
1966-04-22;21.0;4;21.0
1966-04-23;88.0;4;88.0
1966-04-24;74.0;4;74.0
1966-04-25;75.0;4;75.0
1966-04-26;143.0;4;143.0
1966-04-27;65.0;4;65.0
1966-04-28;44.0;4;44.0
1966-04-29;32.0;4;32.0
1966-04-30;26.0;4;26.0
1966-05-01;21.0;5;21.0
1966-05-02;22.0;5;22.0
1966-05-03;33.0;5;33.0
1966-05-04;28.0;5;28.0
1966-05-05;28.0;5;28.0
1966-05-06;36.0;5;36.0
1966-05-07;59.0;5;59.0
1966-05-08;39.0;5;39.0
1966-05-09;31.0;5;31.0
1966-05-10;66.0;5;66.0
1966-05-11;74.0;5;74.0
1966-05-12;53.0;5;53.0
1966-05-13;60.0;5;60.0
1966-05-14;51.0;5;51.0
1966-05-15;42.0;5;42.0
1966-05-16;60.0;5;60.0
1966-05-17;45.0;5;45.0
1966-05-18;34.0;5;34.0
1966-05-19;32.0;5;32.0
1966-05-20;27.0;5;27.0
1966-05-21;50.0;5;50.0
1966-05-22;35.0;5;35.0
1966-05-23;62.0;5;62.0
1966-05-24;140.0;5;140.0
1966-05-25;175.0;5;175.0
1966-05-26;71.0;5;71.0
1966-05-27;51.0;5;51.0
1966-05-28;40.0;5;40.0
1966-05-29;44.0;5;44.0
1966-05-30;56.0;5;56.0
1966-05-31;38.0;5;38.0
1966-06-01;41.0;6;41.0
1966-06-02;44.0;6;44.0
1966-06-03;53.0;6;53.0
1966-06-04;29.0;6;29.0
1966-06-05;23.0;6;23.0
1966-06-06;20.0;6;20.0
1966-06-07;16.0;6;16.0
1966-06-08;22.0;6;22.0
1966-06-09;19.0;6;19.0
1966-06-10;23.0;6;23.0
1966-06-11;19.0;6;19.0
1966-06-12;34.0;6;34.0
1966-06-13;24.0;6;24.0
1966-06-14;22.0;6;22.0
1966-06-15;18.0;6;18.0
1966-06-16;17.0;6;17.0
1966-06-17;27.0;6;27.0
1966-06-18;26.0;6;26.0
1966-06-19;31.0;6;31.0
1966-06-20;47.0;6;47.0
1966-06-21;135.0;6;135.0
1966-06-22;72.0;6;72.0
1966-06-23;78.0;6;78.0
1966-06-24;84.0;6;84.0
1966-06-25;63.0;6;63.0
1966-06-26;50.0;6;50.0
1966-06-27;32.0;6;32.0
1966-06-28;153.0;6;153.0
1966-06-29;39.0;6;39.0
1966-06-30;161.0;6;161.0
1966-07-01;82.0;7;82.0
1966-07-02;58.0;7;58.0
1966-07-03;43.0;7;43.0
1966-07-04;34.0;7;34.0
1966-07-05;26.0;7;26.0
1966-07-06;22.0;7;22.0
1966-07-07;23.0;7;23.0
1966-07-08;34.0;7;34.0
1966-07-09;28.0;7;28.0
1966-07-10;20.0;7;20.0
1966-07-11;18.0;7;18.0
1966-07-12;21.0;7;21.0
1966-07-13;24.0;7;24.0
1966-07-14;40.0;7;40.0
1966-07-15;23.0;7;23.0
1966-07-16;20.0;7;20.0
1966-07-17;16.0;7;16.0
1966-07-18;20.0;7;20.0
1966-07-19;18.0;7;18.0
1966-07-20;16.0;7;16.0
1966-07-21;14.0;7;14.0
1966-07-22;13.0;7;13.0
1966-07-23;11.0;7;11.0
1966-07-24;10.0;7;10.0
1966-07-25;10.0;7;10.0
1966-07-26;10.0;7;10.0
1966-07-27;11.0;7;11.0
1966-07-28;10.0;7;10.0
1966-07-29;11.0;7;11.0
1966-07-30;11.0;7;11.0
1966-07-31;12.0;7;12.0
1966-08-01;16.0;8;16.0
1966-08-02;11.0;8;11.0
1966-08-03;9.0;8;9.0
1966-08-04;12.0;8;12.0
1966-08-05;9.0;8;9.0
1966-08-06;11.0;8;11.0
1966-08-07;18.0;8;18.0
1966-08-08;18.0;8;18.0
1966-08-09;50.0;8;50.0
1966-08-10;38.0;8;38.0
1966-08-11;20.0;8;20.0
1966-08-12;15.0;8;15.0
1966-08-13;10.0;8;10.0
1966-08-14;9.0;8;9.0
1966-08-15;10.0;8;10.0
1966-08-16;35.0;8;35.0
1966-08-17;15.0;8;15.0
1966-08-18;11.0;8;11.0
1966-08-19;8.0;8;8.0
1966-08-20;14.0;8;14.0
1966-08-21;8.0;8;8.0
1966-08-22;7.0;8;7.0
1966-08-23;6.0;8;6.0
1966-08-24;9.0;8;9.0
1966-08-25;14.0;8;14.0
1966-08-26;18.0;8;18.0
1966-08-27;28.0;8;28.0
1966-08-28;16.0;8;16.0
1966-08-29;35.0;8;35.0
1966-08-30;24.0;8;24.0
1966-08-31;18.0;8;18.0
1966-09-01;18.0;9;18.0
1966-09-02;18.0;9;18.0
1966-09-03;24.0;9;24.0
1966-09-04;17.0;9;17.0
1966-09-05;12.0;9;12.0
1966-09-06;9.0;9;9.0
1966-09-07;7.0;9;7.0
1966-09-08;6.0;9;6.0
1966-09-09;7.0;9;7.0
1966-09-10;7.0;9;7.0
1966-09-11;5.0;9;5.0
1966-09-12;6.0;9;6.0
1966-09-13;5.0;9;5.0
1966-09-14;8.0;9;8.0
1966-09-15;9.0;9;9.0
1966-09-16;31.0;9;31.0
1966-09-17;20.0;9;20.0
1966-09-18;14.0;9;14.0
1966-09-19;11.0;9;11.0
1966-09-20;10.0;9;10.0
1966-09-21;12.0;9;12.0
1966-09-22;22.0;9;22.0
1966-09-23;15.0;9;15.0
1966-09-24;8.0;9;8.0
1966-09-25;7.0;9;7.0
1966-09-26;6.0;9;6.0
1966-09-27;6.0;9;6.0
1966-09-28;4.0;9;4.0
1966-09-29;4.0;9;4.0
1966-09-30;20.0;9;20.0
1966-10-01;30.0;10;30.0
1966-10-02;157.0;10;157.0
1966-10-03;69.0;10;69.0
1966-10-04;54.0;10;54.0
1966-10-05;36.0;10;36.0
1966-10-06;30.0;10;30.0
1966-10-07;29.0;10;29.0
1966-10-08;28.0;10;28.0
1966-10-09;72.0;10;72.0
1966-10-10;52.0;10;52.0
1966-10-11;142.0;10;142.0
1966-10-12;122.0;10;122.0
1966-10-13;77.0;10;77.0
1966-10-14;114.0;10;114.0
1966-10-15;52.0;10;52.0
1966-10-16;34.0;10;34.0
1966-10-17;39.0;10;39.0
1966-10-18;74.0;10;74.0
1966-10-19;148.0;10;148.0
1966-10-20;52.0;10;52.0
1966-10-21;34.0;10;34.0
1966-10-22;101.0;10;101.0
1966-10-23;154.0;10;154.0
1966-10-24;99.0;10;99.0
1966-10-25;86.0;10;86.0
1966-10-26;43.0;10;43.0
1966-10-27;60.0;10;60.0
1966-10-28;132.0;10;132.0
1966-10-29;39.0;10;39.0
1966-10-30;31.0;10;31.0
1966-10-31;26.0;10;26.0
1966-11-01;22.0;11;22.0
1966-11-02;140.0;11;140.0
1966-11-03;58.0;11;58.0
1966-11-04;38.0;11;38.0
1966-11-05;66.0;11;66.0
1966-11-06;89.0;11;89.0
1966-11-07;98.0;11;98.0
1966-11-08;520.0;11;520.0
1966-11-09;233.0;11;233.0
1966-11-10;468.0;11;468.0
1966-11-11;276.0;11;276.0
1966-11-12;123.0;11;123.0
1966-11-13;356.0;11;356.0
1966-11-14;107.0;11;107.0
1966-11-15;147.0;11;147.0
1966-11-16;87.0;11;87.0
1966-11-17;132.0;11;132.0
1966-11-18;165.0;11;165.0
1966-11-19;123.0;11;123.0
1966-11-20;64.0;11;64.0
1966-11-21;76.0;11;76.0
1966-11-22;118.0;11;118.0
1966-11-23;56.0;11;56.0
1966-11-24;74.0;11;74.0
1966-11-25;296.0;11;296.0
1966-11-26;121.0;11;121.0
1966-11-27;208.0;11;208.0
1966-11-28;165.0;11;165.0
1966-11-29;158.0;11;158.0
1966-11-30;86.0;11;86.0
1966-12-01;96.0;12;96.0
1966-12-02;81.0;12;81.0
1966-12-03;56.0;12;56.0
1966-12-04;131.0;12;131.0
1966-12-05;241.0;12;241.0
1966-12-06;275.0;12;275.0
1966-12-07;141.0;12;141.0
1966-12-08;351.0;12;351.0
1966-12-09;155.0;12;155.0
1966-12-10;190.0;12;190.0
1966-12-11;221.0;12;221.0
1966-12-12;188.0;12;188.0
1966-12-13;162.0;12;162.0
1966-12-14;137.0;12;137.0
1966-12-15;88.0;12;88.0
1966-12-16;67.0;12;67.0
1966-12-17;81.0;12;81.0
1966-12-18;80.0;12;80.0
1966-12-19;78.0;12;78.0
1966-12-20;56.0;12;56.0
1966-12-21;62.0;12;62.0
1966-12-22;107.0;12;107.0
1966-12-23;59.0;12;59.0
1966-12-24;147.0;12;147.0
1966-12-25;84.0;12;84.0
1966-12-26;54.0;12;54.0
1966-12-27;40.0;12;40.0
1966-12-28;44.0;12;44.0
1966-12-29;38.0;12;38.0
1966-12-30;58.0;12;58.0
1966-12-31;40.0;12;40.0
1967-01-01;-999.000;1;98.5
1967-01-02;-999.000;1;29.0
1967-01-03;-999.000;1;25.78
1967-01-04;-999.000;1;19.8
1967-01-05;-999.000;1;93.0
1967-01-06;-999.000;1;17.9
1967-01-07;-999.000;1;31.0
1967-01-08;-999.000;1;81.5
1967-01-09;-999.000;1;27.7
1967-01-10;-999.000;1;94.0
1967-01-11;-999.000;1;16.0
1967-01-12;-999.000;1;11.0
1967-01-13;-999.000;1;37.6
1967-01-14;-999.000;1;50.0
1967-01-15;-999.000;1;22.0
1967-01-16;-999.000;1;7.0
1967-01-17;-999.000;1;21.0
1967-01-18;-999.000;1;50.08
1967-01-19;-999.000;1;30.0
1967-01-20;-999.000;1;36.4
1967-01-21;-999.000;1;22.0
1967-01-22;-999.000;1;28.26
1967-01-23;-999.000;1;19.45
1967-01-24;-999.000;1;41.54
1967-01-25;-999.000;1;85.5
1967-01-26;-999.000;1;43.5
1967-01-27;-999.000;1;69.32
1967-01-28;-999.000;1;85.5
1967-01-29;-999.000;1;23.4
1967-01-30;-999.000;1;11.0
1967-01-31;-999.000;1;16.0
1967-02-01;39.8;2;39.8
1967-02-02;50.6;2;50.6
1967-02-03;39.3;2;39.3
1967-02-04;44.1;2;44.1
1967-02-05;43.1;2;43.1
1967-02-06;40.7;2;40.7
1967-02-07;49.6;2;49.6
1967-02-08;62.4;2;62.4
1967-02-09;62.4;2;62.4
1967-02-10;37.3;2;37.3
1967-02-11;32.9;2;32.9
1967-02-12;29.1;2;29.1
1967-02-13;26.8;2;26.8
1967-02-14;27.5;2;27.5
1967-02-15;32.1;2;32.1
1967-02-16;78.2;2;78.2
1967-02-17;44.3;2;44.3
1967-02-18;36.1;2;36.1
1967-02-19;27.5;2;27.5
1967-02-20;36.1;2;36.1
1967-02-21;28.7;2;28.7
1967-02-22;49.2;2;49.2
1967-02-23;54.9;2;54.9
1967-02-24;66.9;2;66.9
1967-02-25;55.3;2;55.3
1967-02-26;85.8;2;85.8
1967-02-27;41.8;2;41.8
1967-02-28;33.7;2;33.7
1967-03-01;27.5;3;27.5
1967-03-02;23.8;3;23.8
1967-03-03;22.7;3;22.7
1967-03-04;21.3;3;21.3
1967-03-05;21.3;3;21.3
1967-03-06;20.3;3;20.3
1967-03-07;21.7;3;21.7
1967-03-08;27.3;3;27.3
1967-03-09;33.1;3;33.1
1967-03-10;60.1;3;60.1
1967-03-11;83.5;3;83.5
1967-03-12;43.9;3;43.9
1967-03-13;37.3;3;37.3
1967-03-14;28.3;3;28.3
1967-03-15;63.2;3;63.2
1967-03-16;117.4;3;117.4
1967-03-17;171.9;3;171.9
1967-03-18;81.7;3;81.7
1967-03-19;88.8;3;88.8
1967-03-20;54.4;3;54.4
1967-03-21;42.6;3;42.6
1967-03-22;37.3;3;37.3
1967-03-23;40.3;3;40.3
1967-03-24;62.5;3;62.5
1967-03-25;59.4;3;59.4
1967-03-26;42.6;3;42.6
1967-03-27;37.3;3;37.3
1967-03-28;38.5;3;38.5
1967-03-29;82.2;3;82.2
1967-03-30;126.0;3;126.0
1967-03-31;80.3;3;80.3
1967-04-01;89.1;4;89.1
1967-04-02;47.7;4;47.7
1967-04-03;42.6;4;42.6
1967-04-04;35.7;4;35.7
1967-04-05;31.3;4;31.3
1967-04-06;29.1;4;29.1
1967-04-07;28.3;4;28.3
1967-04-08;27.1;4;27.1
1967-04-09;35.3;4;35.3
1967-04-10;29.3;4;29.3
1967-04-11;23.8;4;23.8
1967-04-12;23.6;4;23.6
1967-04-13;21.9;4;21.9
1967-04-14;100.2;4;100.2
1967-04-15;119.6;4;119.6
1967-04-16;84.1;4;84.1
1967-04-17;48.5;4;48.5
1967-04-18;127.6;4;127.6
1967-04-19;206.8;4;206.8
1967-04-20;167.7;4;167.7
1967-04-21;128.6;4;128.6
1967-04-22;155.1;4;155.1
1967-04-23;119.7;4;119.7
1967-04-24;84.3;4;84.3
1967-04-25;99.6;4;99.6
1967-04-26;66.2;4;66.2
1967-04-27;136.2;4;136.2
1967-04-28;121.0;4;121.0
1967-04-29;105.7;4;105.7
1967-04-30;83.4;4;83.4
1967-05-01;63.7;5;63.7
1967-05-02;97.8;5;97.8
1967-05-03;129.7;5;129.7
1967-05-04;73.8;5;73.8
1967-05-05;67.8;5;67.8
1967-05-06;46.9;5;46.9
1967-05-07;47.2;5;47.2
1967-05-08;44.6;5;44.6
1967-05-09;116.7;5;116.7
1967-05-10;136.3;5;136.3
1967-05-11;88.0;5;88.0
1967-05-12;130.5;5;130.5
1967-05-13;80.0;5;80.0
1967-05-14;125.2;5;125.2
1967-05-15;78.4;5;78.4
1967-05-16;71.3;5;71.3
1967-05-17;116.6;5;116.6
1967-05-18;75.5;5;75.5
1967-05-19;107.4;5;107.4
1967-05-20;87.8;5;87.8
1967-05-21;70.7;5;70.7
1967-05-22;67.0;5;67.0
1967-05-23;61.2;5;61.2
1967-05-24;46.6;5;46.6
1967-05-25;49.2;5;49.2
1967-05-26;42.9;5;42.9
1967-05-27;39.3;5;39.3
1967-05-28;36.4;5;36.4
1967-05-29;35.3;5;35.3
1967-05-30;37.4;5;37.4
1967-05-31;46.9;5;46.9
1967-06-01;39.6;6;39.6
1967-06-02;49.8;6;49.8
1967-06-03;65.1;6;65.1
1967-06-04;77.7;6;77.7
1967-06-05;96.5;6;96.5
1967-06-06;55.8;6;55.8
1967-06-07;45.8;6;45.8
1967-06-08;75.2;6;75.2
1967-06-09;66.9;6;66.9
1967-06-10;48.6;6;48.6
1967-06-11;42.9;6;42.9
1967-06-12;49.9;6;49.9
1967-06-13;43.5;6;43.5
1967-06-14;36.9;6;36.9
1967-06-15;49.3;6;49.3
1967-06-16;35.8;6;35.8
1967-06-17;34.8;6;34.8
1967-06-18;42.9;6;42.9
1967-06-19;38.5;6;38.5
1967-06-20;41.8;6;41.8
1967-06-21;31.6;6;31.6
1967-06-22;30.3;6;30.3
1967-06-23;28.6;6;28.6
1967-06-24;29.1;6;29.1
1967-06-25;34.3;6;34.3
1967-06-26;32.4;6;32.4
1967-06-27;29.3;6;29.3
1967-06-28;39.8;6;39.8
1967-06-29;54.1;6;54.1
1967-06-30;32.4;6;32.4
1967-07-01;28.3;7;28.3
1967-07-02;29.6;7;29.6
1967-07-03;26.8;7;26.8
1967-07-04;26.8;7;26.8
1967-07-05;23.8;7;23.8
1967-07-06;24.6;7;24.6
1967-07-07;21.7;7;21.7
1967-07-08;28.4;7;28.4
1967-07-09;36.7;7;36.7
1967-07-10;24.8;7;24.8
1967-07-11;21.2;7;21.2
1967-07-12;29.6;7;29.6
1967-07-13;22.2;7;22.2
1967-07-14;20.8;7;20.8
1967-07-15;25.0;7;25.0
1967-07-16;34.8;7;34.8
1967-07-17;22.7;7;22.7
1967-07-18;23.1;7;23.1
1967-07-19;33.3;7;33.3
1967-07-20;23.3;7;23.3
1967-07-21;23.6;7;23.6
1967-07-22;21.7;7;21.7
1967-07-23;18.9;7;18.9
1967-07-24;21.0;7;21.0
1967-07-25;19.6;7;19.6
1967-07-26;21.0;7;21.0
1967-07-27;21.7;7;21.7
1967-07-28;17.5;7;17.5
1967-07-29;16.0;7;16.0
1967-07-30;15.2;7;15.2
1967-07-31;17.5;7;17.5
1967-08-01;19.4;8;19.4
1967-08-02;18.7;8;18.7
1967-08-03;17.3;8;17.3
1967-08-04;15.8;8;15.8
1967-08-05;13.9;8;13.9
1967-08-06;12.7;8;12.7
1967-08-07;11.5;8;11.5
1967-08-08;11.8;8;11.8
1967-08-09;11.2;8;11.2
1967-08-10;11.6;8;11.6
1967-08-11;12.5;8;12.5
1967-08-12;12.5;8;12.5
1967-08-13;18.2;8;18.2
1967-08-14;17.5;8;17.5
1967-08-15;15.8;8;15.8
1967-08-16;16.2;8;16.2
1967-08-17;16.0;8;16.0
1967-08-18;18.0;8;18.0
1967-08-19;15.6;8;15.6
1967-08-20;15.0;8;15.0
1967-08-21;12.2;8;12.2
1967-08-22;11.2;8;11.2
1967-08-23;12.0;8;12.0
1967-08-24;12.0;8;12.0
1967-08-25;11.2;8;11.2
1967-08-26;10.6;8;10.6
1967-08-27;10.6;8;10.6
1967-08-28;10.1;8;10.1
1967-08-29;9.9;8;9.9
1967-08-30;9.0;8;9.0
1967-08-31;8.4;8;8.4
1967-09-01;9.9;9;9.9
1967-09-02;10.1;9;10.1
1967-09-03;10.1;9;10.1
1967-09-04;8.8;9;8.8
1967-09-05;10.3;9;10.3
1967-09-06;11.0;9;11.0
1967-09-07;9.9;9;9.9
1967-09-08;9.3;9;9.3
1967-09-09;8.8;9;8.8
1967-09-10;11.8;9;11.8
1967-09-11;17.8;9;17.8
1967-09-12;14.6;9;14.6
1967-09-13;13.7;9;13.7
1967-09-14;16.4;9;16.4
1967-09-15;11.6;9;11.6
1967-09-16;9.5;9;9.5
1967-09-17;9.2;9;9.2
1967-09-18;8.0;9;8.0
1967-09-19;8.0;9;8.0
1967-09-20;6.5;9;6.5
1967-09-21;6.5;9;6.5
1967-09-22;7.3;9;7.3
1967-09-23;7.1;9;7.1
1967-09-24;6.2;9;6.2
1967-09-25;5.6;9;5.6
1967-09-26;8.1;9;8.1
1967-09-27;9.3;9;9.3
1967-09-28;10.7;9;10.7
1967-09-29;14.6;9;14.6
1967-09-30;26.8;9;26.8
1967-10-01;36.7;10;36.7
1967-10-02;35.1;10;35.1
1967-10-03;45.0;10;45.0
1967-10-04;23.6;10;23.6
1967-10-05;16.2;10;16.2
1967-10-06;12.2;10;12.2
1967-10-07;11.4;10;11.4
1967-10-08;10.5;10;10.5
1967-10-09;17.2;10;17.2
1967-10-10;17.2;10;17.2
1967-10-11;21.5;10;21.5
1967-10-12;54.5;10;54.5
1967-10-13;35.9;10;35.9
1967-10-14;36.0;10;36.0
1967-10-15;21.2;10;21.2
1967-10-16;17.1;10;17.1
1967-10-17;16.4;10;16.4
1967-10-18;15.2;10;15.2
1967-10-19;15.0;10;15.0
1967-10-20;19.0;10;19.0
1967-10-21;34.8;10;34.8
1967-10-22;29.1;10;29.1
1967-10-23;39.2;10;39.2
1967-10-24;22.6;10;22.6
1967-10-25;58.2;10;58.2
1967-10-26;20.8;10;20.8
1967-10-27;217.3;10;217.3
1967-10-28;182.4;10;182.4
1967-10-29;90.5;10;90.5
1967-10-30;72.4;10;72.4
1967-10-31;257.5;10;257.5
1967-11-01;259.7;11;259.7
1967-11-02;109.2;11;109.2
1967-11-03;179.1;11;179.1
1967-11-04;184.9;11;184.9
1967-11-05;103.1;11;103.1
1967-11-06;61.2;11;61.2
1967-11-07;52.5;11;52.5
1967-11-08;50.4;11;50.4
1967-11-09;81.6;11;81.6
1967-11-10;48.9;11;48.9
1967-11-11;47.6;11;47.6
1967-11-12;40.4;11;40.4
1967-11-13;31.1;11;31.1
1967-11-14;161.9;11;161.9
1967-11-15;83.2;11;83.2
1967-11-16;75.9;11;75.9
1967-11-17;55.8;11;55.8
1967-11-18;63.2;11;63.2
1967-11-19;110.5;11;110.5
1967-11-20;506.5;11;506.5
1967-11-21;135.7;11;135.7
1967-11-22;81.4;11;81.4
1967-11-23;53.9;11;53.9
1967-11-24;104.4;11;104.4
1967-11-25;61.8;11;61.8
1967-11-26;46.6;11;46.6
1967-11-27;41.8;11;41.8
1967-11-28;74.4;11;74.4
1967-11-29;50.4;11;50.4
1967-11-30;39.6;11;39.6
1967-12-01;32.4;12;32.4
1967-12-02;28.6;12;28.6
1967-12-03;24.3;12;24.3
1967-12-04;22.6;12;22.6
1967-12-05;20.3;12;20.3
1967-12-06;18.0;12;18.0
1967-12-07;16.7;12;16.7
1967-12-08;21.3;12;21.3
1967-12-09;27.5;12;27.5
1967-12-10;25.5;12;25.5
1967-12-11;26.0;12;26.0
1967-12-12;27.4;12;27.4
1967-12-13;26.3;12;26.3
1967-12-14;21.9;12;21.9
1967-12-15;17.5;12;17.5
1967-12-16;16.2;12;16.2
1967-12-17;15.6;12;15.6
1967-12-18;28.8;12;28.8
1967-12-19;22.4;12;22.4
1967-12-20;17.8;12;17.8
1967-12-21;15.2;12;15.2
1967-12-22;18.6;12;18.6
1967-12-23;21.2;12;21.2
1967-12-24;212.7;12;212.7
1967-12-25;83.3;12;83.3
1967-12-26;253.4;12;253.4
1967-12-27;118.0;12;118.0
1967-12-28;128.1;12;128.1
1967-12-29;176.6;12;176.6
1967-12-30;78.4;12;78.4
1967-12-31;48.7;12;48.7
1968-01-01;39.0;1;39.0
1968-01-02;34.0;1;34.0
1968-01-03;28.0;1;28.0
1968-01-04;24.0;1;24.0
1968-01-05;22.0;1;22.0
1968-01-06;21.0;1;21.0
1968-01-07;20.0;1;20.0
1968-01-08;20.0;1;20.0
1968-01-09;15.0;1;15.0
1968-01-10;17.0;1;17.0
1968-01-11;15.0;1;15.0
1968-01-12;14.0;1;14.0
1968-01-13;16.0;1;16.0
1968-01-14;17.0;1;17.0
1968-01-15;18.0;1;18.0
1968-01-16;16.0;1;16.0
1968-01-17;14.0;1;14.0
1968-01-18;12.0;1;12.0
1968-01-19;12.0;1;12.0
1968-01-20;11.0;1;11.0
1968-01-21;11.0;1;11.0
1968-01-22;30.0;1;30.0
1968-01-23;66.0;1;66.0
1968-01-24;37.0;1;37.0
1968-01-25;178.0;1;178.0
1968-01-26;72.0;1;72.0
1968-01-27;38.0;1;38.0
1968-01-28;30.0;1;30.0
1968-01-29;66.0;1;66.0
1968-01-30;46.0;1;46.0
1968-01-31;283.0;1;283.0
1968-02-01;171.0;2;171.0
1968-02-02;521.0;2;521.0
1968-02-03;190.0;2;190.0
1968-02-04;96.0;2;96.0
1968-02-05;79.0;2;79.0
1968-02-06;57.0;2;57.0
1968-02-07;45.0;2;45.0
1968-02-08;24.0;2;24.0
1968-02-09;33.0;2;33.0
1968-02-10;31.0;2;31.0
1968-02-11;28.0;2;28.0
1968-02-12;26.0;2;26.0
1968-02-13;24.0;2;24.0
1968-02-14;52.0;2;52.0
1968-02-15;21.0;2;21.0
1968-02-16;19.0;2;19.0
1968-02-17;18.0;2;18.0
1968-02-18;18.0;2;18.0
1968-02-19;16.0;2;16.0
1968-02-20;17.0;2;17.0
1968-02-21;20.0;2;20.0
1968-02-22;17.0;2;17.0
1968-02-23;17.0;2;17.0
1968-02-24;20.0;2;20.0
1968-02-25;16.0;2;16.0
1968-02-26;14.0;2;14.0
1968-02-27;38.0;2;38.0
1968-02-28;146.0;2;146.0
1968-02-29;109.0;2;109.0
1968-03-01;34.0;3;34.0
1968-03-02;28.0;3;28.0
1968-03-03;112.0;3;112.0
1968-03-04;80.0;3;80.0
1968-03-05;36.0;3;36.0
1968-03-06;26.0;3;26.0
1968-03-07;22.0;3;22.0
1968-03-08;22.0;3;22.0
1968-03-09;22.0;3;22.0
1968-03-10;85.0;3;85.0
1968-03-11;24.0;3;24.0
1968-03-12;82.0;3;82.0
1968-03-13;25.0;3;25.0
1968-03-14;52.0;3;52.0
1968-03-15;68.0;3;68.0
1968-03-16;186.0;3;186.0
1968-03-17;88.0;3;88.0
1968-03-18;127.0;3;127.0
1968-03-19;81.0;3;81.0
1968-03-20;54.0;3;54.0
1968-03-21;39.0;3;39.0
1968-03-22;31.0;3;31.0
1968-03-23;26.0;3;26.0
1968-03-24;24.0;3;24.0
1968-03-25;38.0;3;38.0
1968-03-26;26.0;3;26.0
1968-03-27;30.0;3;30.0
1968-03-28;22.0;3;22.0
1968-03-29;21.0;3;21.0
1968-03-30;20.0;3;20.0
1968-03-31;20.0;3;20.0
1968-04-01;19.0;4;19.0
1968-04-02;20.0;4;20.0
1968-04-03;18.0;4;18.0
1968-04-04;22.0;4;22.0
1968-04-05;25.0;4;25.0
1968-04-06;41.0;4;41.0
1968-04-07;30.0;4;30.0
1968-04-08;50.0;4;50.0
1968-04-09;65.0;4;65.0
1968-04-10;322.0;4;322.0
1968-04-11;89.0;4;89.0
1968-04-12;121.0;4;121.0
1968-04-13;531.0;4;531.0
1968-04-14;225.0;4;225.0
1968-04-15;95.0;4;95.0
1968-04-16;432.0;4;432.0
1968-04-17;114.0;4;114.0
1968-04-18;360.0;4;360.0
1968-04-19;115.0;4;115.0
1968-04-20;95.0;4;95.0
1968-04-21;123.0;4;123.0
1968-04-22;464.0;4;464.0
1968-04-23;209.0;4;209.0
1968-04-24;183.0;4;183.0
1968-04-25;185.0;4;185.0
1968-04-26;103.0;4;103.0
1968-04-27;138.0;4;138.0
1968-04-28;87.0;4;87.0
1968-04-29;71.0;4;71.0
1968-04-30;176.0;4;176.0
1968-05-01;84.0;5;84.0
1968-05-02;66.0;5;66.0
1968-05-03;58.0;5;58.0
1968-05-04;48.0;5;48.0
1968-05-05;44.0;5;44.0
1968-05-06;39.0;5;39.0
1968-05-07;36.0;5;36.0
1968-05-08;120.0;5;120.0
1968-05-09;105.0;5;105.0
1968-05-10;108.0;5;108.0
1968-05-11;128.0;5;128.0
1968-05-12;69.0;5;69.0
1968-05-13;72.0;5;72.0
1968-05-14;50.0;5;50.0
1968-05-15;76.0;5;76.0
1968-05-16;151.0;5;151.0
1968-05-17;180.0;5;180.0
1968-05-18;71.0;5;71.0
1968-05-19;57.0;5;57.0
1968-05-20;69.0;5;69.0
1968-05-21;57.0;5;57.0
1968-05-22;118.0;5;118.0
1968-05-23;73.0;5;73.0
1968-05-24;71.0;5;71.0
1968-05-25;64.0;5;64.0
1968-05-26;60.0;5;60.0
1968-05-27;84.0;5;84.0
1968-05-28;77.0;5;77.0
1968-05-29;58.0;5;58.0
1968-05-30;47.0;5;47.0
1968-05-31;51.0;5;51.0
1968-06-01;73.0;6;73.0
1968-06-02;116.0;6;116.0
1968-06-03;93.0;6;93.0
1968-06-04;70.0;6;70.0
1968-06-05;85.0;6;85.0
1968-06-06;115.0;6;115.0
1968-06-07;96.0;6;96.0
1968-06-08;85.0;6;85.0
1968-06-09;68.0;6;68.0
1968-06-10;59.0;6;59.0
1968-06-11;48.0;6;48.0
1968-06-12;77.0;6;77.0
1968-06-13;85.0;6;85.0
1968-06-14;83.0;6;83.0
1968-06-15;38.0;6;38.0
1968-06-16;39.0;6;39.0
1968-06-17;55.0;6;55.0
1968-06-18;49.0;6;49.0
1968-06-19;46.0;6;46.0
1968-06-20;46.0;6;46.0
1968-06-21;40.0;6;40.0
1968-06-22;33.0;6;33.0
1968-06-23;33.0;6;33.0
1968-06-24;46.0;6;46.0
1968-06-25;38.0;6;38.0
1968-06-26;56.0;6;56.0
1968-06-27;51.0;6;51.0
1968-06-28;39.0;6;39.0
1968-06-29;36.0;6;36.0
1968-06-30;41.0;6;41.0
1968-07-01;36.0;7;36.0
1968-07-02;36.0;7;36.0
1968-07-03;32.0;7;32.0
1968-07-04;34.0;7;34.0
1968-07-05;38.0;7;38.0
1968-07-06;34.0;7;34.0
1968-07-07;30.0;7;30.0
1968-07-08;30.0;7;30.0
1968-07-09;28.0;7;28.0
1968-07-10;24.0;7;24.0
1968-07-11;19.0;7;19.0
1968-07-12;16.0;7;16.0
1968-07-13;16.0;7;16.0
1968-07-14;14.0;7;14.0
1968-07-15;14.0;7;14.0
1968-07-16;14.0;7;14.0
1968-07-17;48.0;7;48.0
1968-07-18;41.0;7;41.0
1968-07-19;33.0;7;33.0
1968-07-20;24.0;7;24.0
1968-07-21;21.0;7;21.0
1968-07-22;44.0;7;44.0
1968-07-23;30.0;7;30.0
1968-07-24;26.0;7;26.0
1968-07-25;24.0;7;24.0
1968-07-26;21.0;7;21.0
1968-07-27;21.0;7;21.0
1968-07-28;22.0;7;22.0
1968-07-29;23.0;7;23.0
1968-07-30;21.0;7;21.0
1968-07-31;18.0;7;18.0
1968-08-01;16.0;8;16.0
1968-08-02;27.0;8;27.0
1968-08-03;18.0;8;18.0
1968-08-04;17.0;8;17.0
1968-08-05;15.0;8;15.0
1968-08-06;15.0;8;15.0
1968-08-07;14.0;8;14.0
1968-08-08;13.0;8;13.0
1968-08-09;12.0;8;12.0
1968-08-10;11.0;8;11.0
1968-08-11;12.0;8;12.0
1968-08-12;9.0;8;9.0
1968-08-13;8.0;8;8.0
1968-08-14;8.0;8;8.0
1968-08-15;7.0;8;7.0
1968-08-16;8.0;8;8.0
1968-08-17;8.0;8;8.0
1968-08-18;8.0;8;8.0
1968-08-19;10.0;8;10.0
1968-08-20;8.0;8;8.0
1968-08-21;8.0;8;8.0
1968-08-22;9.0;8;9.0
1968-08-23;8.0;8;8.0
1968-08-24;8.0;8;8.0
1968-08-25;10.0;8;10.0
1968-08-26;9.0;8;9.0
1968-08-27;12.0;8;12.0
1968-08-28;13.0;8;13.0
1968-08-29;12.0;8;12.0
1968-08-30;13.0;8;13.0
1968-08-31;14.0;8;14.0
1968-09-01;20.0;9;20.0
1968-09-02;44.0;9;44.0
1968-09-03;40.0;9;40.0
1968-09-04;51.0;9;51.0
1968-09-05;25.0;9;25.0
1968-09-06;19.0;9;19.0
1968-09-07;14.0;9;14.0
1968-09-08;11.0;9;11.0
1968-09-09;9.0;9;9.0
1968-09-10;9.0;9;9.0
1968-09-11;10.0;9;10.0
1968-09-12;19.0;9;19.0
1968-09-13;18.0;9;18.0
1968-09-14;12.0;9;12.0
1968-09-15;12.0;9;12.0
1968-09-16;11.0;9;11.0
1968-09-17;9.0;9;9.0
1968-09-18;11.0;9;11.0
1968-09-19;12.0;9;12.0
1968-09-20;14.0;9;14.0
1968-09-21;14.0;9;14.0
1968-09-22;12.0;9;12.0
1968-09-23;11.0;9;11.0
1968-09-24;12.0;9;12.0
1968-09-25;14.0;9;14.0
1968-09-26;16.0;9;16.0
1968-09-27;16.0;9;16.0
1968-09-28;47.0;9;47.0
1968-09-29;55.0;9;55.0
1968-09-30;56.0;9;56.0
1968-10-01;47.0;10;47.0
1968-10-02;44.0;10;44.0
1968-10-03;26.0;10;26.0
1968-10-04;20.0;10;20.0
1968-10-05;16.0;10;16.0
1968-10-06;11.0;10;11.0
1968-10-07;18.0;10;18.0
1968-10-08;30.0;10;30.0
1968-10-09;28.0;10;28.0
1968-10-10;153.0;10;153.0
1968-10-11;128.0;10;128.0
1968-10-12;80.0;10;80.0
1968-10-13;277.0;10;277.0
1968-10-14;70.0;10;70.0
1968-10-15;119.0;10;119.0
1968-10-16;79.0;10;79.0
1968-10-17;187.0;10;187.0
1968-10-18;145.0;10;145.0
1968-10-19;144.0;10;144.0
1968-10-20;347.0;10;347.0
1968-10-21;328.0;10;328.0
1968-10-22;309.0;10;309.0
1968-10-23;290.0;10;290.0
1968-10-24;271.0;10;271.0
1968-10-25;252.0;10;252.0
1968-10-26;233.0;10;233.0
1968-10-27;214.0;10;214.0
1968-10-28;195.0;10;195.0
1968-10-29;177.0;10;177.0
1968-10-30;157.0;10;157.0
1968-10-31;139.0;10;139.0
1968-11-01;119.0;11;119.0
1968-11-02;100.0;11;100.0
1968-11-03;82.0;11;82.0
1968-11-04;63.0;11;63.0
1968-11-05;44.0;11;44.0
1968-11-06;25.0;11;25.0
1968-11-07;25.0;11;25.0
1968-11-08;25.0;11;25.0
1968-11-09;26.0;11;26.0
1968-11-10;29.0;11;29.0
1968-11-11;42.0;11;42.0
1968-11-12;37.0;11;37.0
1968-11-13;82.0;11;82.0
1968-11-14;81.0;11;81.0
1968-11-15;260.0;11;260.0
1968-11-16;62.0;11;62.0
1968-11-17;57.0;11;57.0
1968-11-18;217.0;11;217.0
1968-11-19;260.0;11;260.0
1968-11-20;272.0;11;272.0
1968-11-21;147.0;11;147.0
1968-11-22;212.0;11;212.0
1968-11-23;137.0;11;137.0
1968-11-24;87.0;11;87.0
1968-11-25;458.0;11;458.0
1968-11-26;116.0;11;116.0
1968-11-27;58.0;11;58.0
1968-11-28;80.0;11;80.0
1968-11-29;60.0;11;60.0
1968-11-30;75.0;11;75.0
1968-12-01;103.0;12;103.0
1968-12-02;168.0;12;168.0
1968-12-03;75.0;12;75.0
1968-12-04;51.0;12;51.0
1968-12-05;297.0;12;297.0
1968-12-06;83.0;12;83.0
1968-12-07;57.0;12;57.0
1968-12-08;57.0;12;57.0
1968-12-09;42.0;12;42.0
1968-12-10;38.0;12;38.0
1968-12-11;44.0;12;44.0
1968-12-12;41.0;12;41.0
1968-12-13;34.0;12;34.0
1968-12-14;30.0;12;30.0
1968-12-15;34.0;12;34.0
1968-12-16;27.0;12;27.0
1968-12-17;24.0;12;24.0
1968-12-18;30.0;12;30.0
1968-12-19;28.0;12;28.0
1968-12-20;30.0;12;30.0
1968-12-21;22.0;12;22.0
1968-12-22;20.0;12;20.0
1968-12-23;22.0;12;22.0
1968-12-24;52.0;12;52.0
1968-12-25;57.0;12;57.0
1968-12-26;33.0;12;33.0
1968-12-27;24.0;12;24.0
1968-12-28;22.0;12;22.0
1968-12-29;20.0;12;20.0
1968-12-30;17.0;12;17.0
1968-12-31;16.0;12;16.0
1969-01-01;15.0;1;15.0
1969-01-02;17.0;1;17.0
1969-01-03;20.0;1;20.0
1969-01-04;16.0;1;16.0
1969-01-05;15.0;1;15.0
1969-01-06;12.0;1;12.0
1969-01-07;12.0;1;12.0
1969-01-08;12.0;1;12.0
1969-01-09;11.0;1;11.0
1969-01-10;11.0;1;11.0
1969-01-11;12.0;1;12.0
1969-01-12;12.0;1;12.0
1969-01-13;14.0;1;14.0
1969-01-14;17.0;1;17.0
1969-01-15;27.0;1;27.0
1969-01-16;23.0;1;23.0
1969-01-17;21.0;1;21.0
1969-01-18;74.0;1;74.0
1969-01-19;35.0;1;35.0
1969-01-20;52.0;1;52.0
1969-01-21;22.0;1;22.0
1969-01-22;19.0;1;19.0
1969-01-23;17.0;1;17.0
1969-01-24;33.0;1;33.0
1969-01-25;31.0;1;31.0
1969-01-26;35.0;1;35.0
1969-01-27;26.0;1;26.0
1969-01-28;53.0;1;53.0
1969-01-29;22.0;1;22.0
1969-01-30;19.0;1;19.0
1969-01-31;33.0;1;33.0
1969-02-01;19.0;2;19.0
1969-02-02;21.0;2;21.0
1969-02-03;17.0;2;17.0
1969-02-04;15.0;2;15.0
1969-02-05;27.0;2;27.0
1969-02-06;25.0;2;25.0
1969-02-07;31.0;2;31.0
1969-02-08;23.0;2;23.0
1969-02-09;33.0;2;33.0
1969-02-10;29.0;2;29.0
1969-02-11;30.0;2;30.0
1969-02-12;24.0;2;24.0
1969-02-13;22.0;2;22.0
1969-02-14;19.0;2;19.0
1969-02-15;15.0;2;15.0
1969-02-16;16.0;2;16.0
1969-02-17;16.0;2;16.0
1969-02-18;18.0;2;18.0
1969-02-19;21.0;2;21.0
1969-02-20;15.0;2;15.0
1969-02-21;13.0;2;13.0
1969-02-22;12.0;2;12.0
1969-02-23;12.0;2;12.0
1969-02-24;85.0;2;85.0
1969-02-25;28.0;2;28.0
1969-02-26;19.0;2;19.0
1969-02-27;27.0;2;27.0
1969-02-28;26.0;2;26.0
1969-03-01;39.0;3;39.0
1969-03-02;20.0;3;20.0
1969-03-03;21.0;3;21.0
1969-03-04;19.0;3;19.0
1969-03-05;34.0;3;34.0
1969-03-06;27.0;3;27.0
1969-03-07;19.0;3;19.0
1969-03-08;15.0;3;15.0
1969-03-09;12.0;3;12.0
1969-03-10;11.0;3;11.0
1969-03-11;10.0;3;10.0
1969-03-12;11.0;3;11.0
1969-03-13;24.0;3;24.0
1969-03-14;28.0;3;28.0
1969-03-15;19.0;3;19.0
1969-03-16;13.0;3;13.0
1969-03-17;11.0;3;11.0
1969-03-18;16.0;3;16.0
1969-03-19;10.0;3;10.0
1969-03-20;9.0;3;9.0
1969-03-21;9.0;3;9.0
1969-03-22;9.0;3;9.0
1969-03-23;9.0;3;9.0
1969-03-24;10.0;3;10.0
1969-03-25;9.0;3;9.0
1969-03-26;9.0;3;9.0
1969-03-27;11.0;3;11.0
1969-03-28;11.0;3;11.0
1969-03-29;23.0;3;23.0
1969-03-30;90.0;3;90.0
1969-03-31;22.0;3;22.0
1969-04-01;17.0;4;17.0
1969-04-02;18.0;4;18.0
1969-04-03;17.0;4;17.0
1969-04-04;16.0;4;16.0
1969-04-05;98.0;4;98.0
1969-04-06;21.0;4;21.0
1969-04-07;26.0;4;26.0
1969-04-08;25.0;4;25.0
1969-04-09;37.0;4;37.0
1969-04-10;51.0;4;51.0
1969-04-11;59.0;4;59.0
1969-04-12;77.0;4;77.0
1969-04-13;124.0;4;124.0
1969-04-14;195.0;4;195.0
1969-04-15;102.0;4;102.0
1969-04-16;184.0;4;184.0
1969-04-17;260.0;4;260.0
1969-04-18;120.0;4;120.0
1969-04-19;221.0;4;221.0
1969-04-20;114.0;4;114.0
1969-04-21;56.0;4;56.0
1969-04-22;46.0;4;46.0
1969-04-23;60.0;4;60.0
1969-04-24;77.0;4;77.0
1969-04-25;206.0;4;206.0
1969-04-26;182.0;4;182.0
1969-04-27;63.0;4;63.0
1969-04-28;46.0;4;46.0
1969-04-29;41.0;4;41.0
1969-04-30;62.0;4;62.0
1969-05-01;124.0;5;124.0
1969-05-02;151.0;5;151.0
1969-05-03;118.0;5;118.0
1969-05-04;379.0;5;379.0
1969-05-05;586.0;5;586.0
1969-05-06;114.0;5;114.0
1969-05-07;66.0;5;66.0
1969-05-08;89.0;5;89.0
1969-05-09;81.0;5;81.0
1969-05-10;125.0;5;125.0
1969-05-11;88.0;5;88.0
1969-05-12;58.0;5;58.0
1969-05-13;78.0;5;78.0
1969-05-14;62.0;5;62.0
1969-05-15;92.0;5;92.0
1969-05-16;56.0;5;56.0
1969-05-17;70.0;5;70.0
1969-05-18;65.0;5;65.0
1969-05-19;46.0;5;46.0
1969-05-20;70.0;5;70.0
1969-05-21;35.0;5;35.0
1969-05-22;32.0;5;32.0
1969-05-23;32.0;5;32.0
1969-05-24;59.0;5;59.0
1969-05-25;34.0;5;34.0
1969-05-26;29.0;5;29.0
1969-05-27;26.0;5;26.0
1969-05-28;25.0;5;25.0
1969-05-29;23.0;5;23.0
1969-05-30;22.0;5;22.0
1969-05-31;19.0;5;19.0
1969-06-01;23.0;6;23.0
1969-06-02;23.0;6;23.0
1969-06-03;44.0;6;44.0
1969-06-04;47.0;6;47.0
1969-06-05;141.0;6;141.0
1969-06-06;200.0;6;200.0
1969-06-07;37.0;6;37.0
1969-06-08;31.0;6;31.0
1969-06-09;30.0;6;30.0
1969-06-10;30.0;6;30.0
1969-06-11;25.0;6;25.0
1969-06-12;24.0;6;24.0
1969-06-13;23.0;6;23.0
1969-06-14;31.0;6;31.0
1969-06-15;28.0;6;28.0
1969-06-16;24.0;6;24.0
1969-06-17;18.0;6;18.0
1969-06-18;16.0;6;16.0
1969-06-19;20.0;6;20.0
1969-06-20;21.0;6;21.0
1969-06-21;20.0;6;20.0
1969-06-22;34.0;6;34.0
1969-06-23;34.0;6;34.0
1969-06-24;25.0;6;25.0
1969-06-25;30.0;6;30.0
1969-06-26;26.0;6;26.0
1969-06-27;22.0;6;22.0
1969-06-28;50.0;6;50.0
1969-06-29;24.0;6;24.0
1969-06-30;22.0;6;22.0
1969-07-01;20.0;7;20.0
1969-07-02;19.0;7;19.0
1969-07-03;17.0;7;17.0
1969-07-04;31.0;7;31.0
1969-07-05;17.0;7;17.0
1969-07-06;13.0;7;13.0
1969-07-07;13.0;7;13.0
1969-07-08;13.0;7;13.0
1969-07-09;12.0;7;12.0
1969-07-10;13.0;7;13.0
1969-07-11;13.0;7;13.0
1969-07-12;15.0;7;15.0
1969-07-13;13.0;7;13.0
1969-07-14;13.0;7;13.0
1969-07-15;11.0;7;11.0
1969-07-16;10.0;7;10.0
1969-07-17;14.0;7;14.0
1969-07-18;15.0;7;15.0
1969-07-19;15.0;7;15.0
1969-07-20;14.0;7;14.0
1969-07-21;12.0;7;12.0
1969-07-22;10.0;7;10.0
1969-07-23;9.0;7;9.0
1969-07-24;8.0;7;8.0
1969-07-25;7.0;7;7.0
1969-07-26;7.0;7;7.0
1969-07-27;8.0;7;8.0
1969-07-28;8.0;7;8.0
1969-07-29;7.0;7;7.0
1969-07-30;7.0;7;7.0
1969-07-31;7.0;7;7.0
1969-08-01;9.0;8;9.0
1969-08-02;10.0;8;10.0
1969-08-03;10.0;8;10.0
1969-08-04;9.0;8;9.0
1969-08-05;6.0;8;6.0
1969-08-06;7.0;8;7.0
1969-08-07;7.0;8;7.0
1969-08-08;7.0;8;7.0
1969-08-09;8.0;8;8.0
1969-08-10;9.0;8;9.0
1969-08-11;12.0;8;12.0
1969-08-12;9.0;8;9.0
1969-08-13;9.0;8;9.0
1969-08-14;9.0;8;9.0
1969-08-15;9.0;8;9.0
1969-08-16;10.0;8;10.0
1969-08-17;14.0;8;14.0
1969-08-18;11.0;8;11.0
1969-08-19;13.0;8;13.0
1969-08-20;11.0;8;11.0
1969-08-21;13.0;8;13.0
1969-08-22;14.0;8;14.0
1969-08-23;14.0;8;14.0
1969-08-24;10.0;8;10.0
1969-08-25;10.0;8;10.0
1969-08-26;9.0;8;9.0
1969-08-27;11.0;8;11.0
1969-08-28;13.0;8;13.0
1969-08-29;25.0;8;25.0
1969-08-30;15.0;8;15.0
1969-08-31;17.0;8;17.0
1969-09-01;13.0;9;13.0
1969-09-02;11.0;9;11.0
1969-09-03;9.0;9;9.0
1969-09-04;8.0;9;8.0
1969-09-05;8.0;9;8.0
1969-09-06;7.0;9;7.0
1969-09-07;7.0;9;7.0
1969-09-08;7.0;9;7.0
1969-09-09;6.0;9;6.0
1969-09-10;6.0;9;6.0
1969-09-11;6.0;9;6.0
1969-09-12;6.0;9;6.0
1969-09-13;6.0;9;6.0
1969-09-14;6.0;9;6.0
1969-09-15;6.0;9;6.0
1969-09-16;5.0;9;5.0
1969-09-17;6.0;9;6.0
1969-09-18;7.0;9;7.0
1969-09-19;30.0;9;30.0
1969-09-20;21.0;9;21.0
1969-09-21;13.0;9;13.0
1969-09-22;12.0;9;12.0
1969-09-23;16.0;9;16.0
1969-09-24;18.0;9;18.0
1969-09-25;17.0;9;17.0
1969-09-26;16.0;9;16.0
1969-09-27;77.0;9;77.0
1969-09-28;51.0;9;51.0
1969-09-29;49.0;9;49.0
1969-09-30;120.0;9;120.0
1969-10-01;220.0;10;220.0
1969-10-02;160.0;10;160.0
1969-10-03;153.0;10;153.0
1969-10-04;98.0;10;98.0
1969-10-05;92.0;10;92.0
1969-10-06;72.0;10;72.0
1969-10-07;211.0;10;211.0
1969-10-08;347.0;10;347.0
1969-10-09;297.0;10;297.0
1969-10-10;99.0;10;99.0
1969-10-11;50.0;10;50.0
1969-10-12;101.0;10;101.0
1969-10-13;247.0;10;247.0
1969-10-14;207.0;10;207.0
1969-10-15;165.0;10;165.0
1969-10-16;171.0;10;171.0
1969-10-17;152.0;10;152.0
1969-10-18;54.0;10;54.0
1969-10-19;52.0;10;52.0
1969-10-20;38.0;10;38.0
1969-10-21;32.0;10;32.0
1969-10-22;55.0;10;55.0
1969-10-23;48.0;10;48.0
1969-10-24;339.0;10;339.0
1969-10-25;386.0;10;386.0
1969-10-26;221.0;10;221.0
1969-10-27;87.0;10;87.0
1969-10-28;45.0;10;45.0
1969-10-29;94.0;10;94.0
1969-10-30;73.0;10;73.0
1969-10-31;58.0;10;58.0
1969-11-01;60.0;11;60.0
1969-11-02;58.0;11;58.0
1969-11-03;40.0;11;40.0
1969-11-04;37.0;11;37.0
1969-11-05;55.0;11;55.0
1969-11-06;48.0;11;48.0
1969-11-07;176.0;11;176.0
1969-11-08;311.0;11;311.0
1969-11-09;216.0;11;216.0
1969-11-10;110.0;11;110.0
1969-11-11;72.0;11;72.0
1969-11-12;77.0;11;77.0
1969-11-13;55.0;11;55.0
1969-11-14;94.0;11;94.0
1969-11-15;67.0;11;67.0
1969-11-16;237.0;11;237.0
1969-11-17;124.0;11;124.0
1969-11-18;92.0;11;92.0
1969-11-19;100.0;11;100.0
1969-11-20;219.0;11;219.0
1969-11-21;95.0;11;95.0
1969-11-22;177.0;11;177.0
1969-11-23;118.0;11;118.0
1969-11-24;155.0;11;155.0
1969-11-25;156.0;11;156.0
1969-11-26;71.0;11;71.0
1969-11-27;56.0;11;56.0
1969-11-28;60.0;11;60.0
1969-11-29;50.0;11;50.0
1969-11-30;46.0;11;46.0
1969-12-01;107.0;12;107.0
1969-12-02;45.0;12;45.0
1969-12-03;94.0;12;94.0
1969-12-04;48.0;12;48.0
1969-12-05;45.0;12;45.0
1969-12-06;192.0;12;192.0
1969-12-07;79.0;12;79.0
1969-12-08;68.0;12;68.0
1969-12-09;53.0;12;53.0
1969-12-10;52.0;12;52.0
1969-12-11;45.0;12;45.0
1969-12-12;43.0;12;43.0
1969-12-13;179.0;12;179.0
1969-12-14;89.0;12;89.0
1969-12-15;56.0;12;56.0
1969-12-16;39.0;12;39.0
1969-12-17;34.0;12;34.0
1969-12-18;30.0;12;30.0
1969-12-19;28.0;12;28.0
1969-12-20;28.0;12;28.0
1969-12-21;28.0;12;28.0
1969-12-22;31.0;12;31.0
1969-12-23;43.0;12;43.0
1969-12-24;29.0;12;29.0
1969-12-25;26.0;12;26.0
1969-12-26;25.0;12;25.0
1969-12-27;23.0;12;23.0
1969-12-28;36.0;12;36.0
1969-12-29;30.0;12;30.0
1969-12-30;23.0;12;23.0
1969-12-31;19.0;12;19.0
1970-01-01;25.6;1;25.6
1970-01-02;19.8;1;19.8
1970-01-03;18.0;1;18.0
1970-01-04;18.9;1;18.9
1970-01-05;18.0;1;18.0
1970-01-06;16.6;1;16.6
1970-01-07;15.2;1;15.2
1970-01-08;16.6;1;16.6
1970-01-09;16.2;1;16.2
1970-01-10;17.0;1;17.0
1970-01-11;15.9;1;15.9
1970-01-12;15.2;1;15.2
1970-01-13;75.5;1;75.5
1970-01-14;36.4;1;36.4
1970-01-15;48.7;1;48.7
1970-01-16;52.8;1;52.8
1970-01-17;28.8;1;28.8
1970-01-18;22.2;1;22.2
1970-01-19;18.9;1;18.9
1970-01-20;27.9;1;27.9
1970-01-21;26.4;1;26.4
1970-01-22;22.8;1;22.8
1970-01-23;19.2;1;19.2
1970-01-24;17.3;1;17.3
1970-01-25;17.2;1;17.2
1970-01-26;15.2;1;15.2
1970-01-27;15.9;1;15.9
1970-01-28;15.2;1;15.2
1970-01-29;13.1;1;13.1
1970-01-30;13.8;1;13.8
1970-01-31;18.2;1;18.2
1970-02-01;17.3;2;17.3
1970-02-02;22.8;2;22.8
1970-02-03;18.0;2;18.0
1970-02-04;22.8;2;22.8
1970-02-05;23.4;2;23.4
1970-02-06;19.5;2;19.5
1970-02-07;21.6;2;21.6
1970-02-08;41.6;2;41.6
1970-02-09;20.7;2;20.7
1970-02-10;20.7;2;20.7
1970-02-11;19.8;2;19.8
1970-02-12;20.4;2;20.4
1970-02-13;12.7;2;12.7
1970-02-14;11.0;2;11.0
1970-02-15;10.6;2;10.6
1970-02-16;10.6;2;10.6
1970-02-17;10.6;2;10.6
1970-02-18;14.5;2;14.5
1970-02-19;15.2;2;15.2
1970-02-20;15.2;2;15.2
1970-02-21;58.0;2;58.0
1970-02-22;40.0;2;40.0
1970-02-23;44.2;2;44.2
1970-02-24;75.0;2;75.0
1970-02-25;169.0;2;169.0
1970-02-26;135.0;2;135.0
1970-02-27;47.0;2;47.0
1970-02-28;32.0;2;32.0
1970-03-01;22.2;3;22.2
1970-03-02;19.5;3;19.5
1970-03-03;18.0;3;18.0
1970-03-04;24.6;3;24.6
1970-03-05;28.0;3;28.0
1970-03-06;32.8;3;32.8
1970-03-07;29.6;3;29.6
1970-03-08;44.8;3;44.8
1970-03-09;24.4;3;24.4
1970-03-10;34.8;3;34.8
1970-03-11;31.2;3;31.2
1970-03-12;31.2;3;31.2
1970-03-13;24.0;3;24.0
1970-03-14;21.0;3;21.0
1970-03-15;18.3;3;18.3
1970-03-16;21.0;3;21.0
1970-03-17;14.5;3;14.5
1970-03-18;12.4;3;12.4
1970-03-19;11.0;3;11.0
1970-03-20;11.0;3;11.0
1970-03-21;11.0;3;11.0
1970-03-22;11.0;3;11.0
1970-03-23;10.8;3;10.8
1970-03-24;10.8;3;10.8
1970-03-25;11.7;3;11.7
1970-03-26;11.0;3;11.0
1970-03-27;10.6;3;10.6
1970-03-28;9.8;3;9.8
1970-03-29;9.6;3;9.6
1970-03-30;13.4;3;13.4
1970-03-31;15.2;3;15.2
1970-04-01;13.1;4;13.1
1970-04-02;11.0;4;11.0
1970-04-03;10.2;4;10.2
1970-04-04;11.0;4;11.0
1970-04-05;11.0;4;11.0
1970-04-06;10.6;4;10.6
1970-04-07;12.0;4;12.0
1970-04-08;15.8;4;15.8
1970-04-09;22.6;4;22.6
1970-04-10;82.2;4;82.2
1970-04-11;41.2;4;41.2
1970-04-12;116.8;4;116.8
1970-04-13;28.8;4;28.8
1970-04-14;49.0;4;49.0
1970-04-15;69.2;4;69.2
1970-04-16;54.0;4;54.0
1970-04-17;55.5;4;55.5
1970-04-18;34.4;4;34.4
1970-04-19;58.7;4;58.7
1970-04-20;31.2;4;31.2
1970-04-21;47.0;4;47.0
1970-04-22;61.1;4;61.1
1970-04-23;31.6;4;31.6
1970-04-24;27.6;4;27.6
1970-04-25;33.8;4;33.8
1970-04-26;34.4;4;34.4
1970-04-27;31.2;4;31.2
1970-04-28;39.0;4;39.0
1970-04-29;82.2;4;82.2
1970-04-30;102.7;4;102.7
1970-05-01;63.6;5;63.6
1970-05-02;89.2;5;89.2
1970-05-03;37.8;5;37.8
1970-05-04;30.4;5;30.4
1970-05-05;32.2;5;32.2
1970-05-06;32.0;5;32.0
1970-05-07;49.0;5;49.0
1970-05-08;30.8;5;30.8
1970-05-09;172.0;5;172.0
1970-05-10;88.5;5;88.5
1970-05-11;35.2;5;35.2
1970-05-12;66.2;5;66.2
1970-05-13;41.4;5;41.4
1970-05-14;44.0;5;44.0
1970-05-15;58.9;5;58.9
1970-05-16;66.7;5;66.7
1970-05-17;127.3;5;127.3
1970-05-18;103.0;5;103.0
1970-05-19;260.3;5;260.3
1970-05-20;113.5;5;113.5
1970-05-21;239.9;5;239.9
1970-05-22;133.1;5;133.1
1970-05-23;75.7;5;75.7
1970-05-24;54.5;5;54.5
1970-05-25;39.2;5;39.2
1970-05-26;35.2;5;35.2
1970-05-27;59.2;5;59.2
1970-05-28;39.3;5;39.3
1970-05-29;93.1;5;93.1
1970-05-30;42.0;5;42.0
1970-05-31;36.8;5;36.8
1970-06-01;29.6;6;29.6
1970-06-02;27.2;6;27.2
1970-06-03;24.4;6;24.4
1970-06-04;23.4;6;23.4
1970-06-05;24.2;6;24.2
1970-06-06;24.8;6;24.8
1970-06-07;24.2;6;24.2
1970-06-08;30.0;6;30.0
1970-06-09;27.2;6;27.2
1970-06-10;27.2;6;27.2
1970-06-11;33.0;6;33.0
1970-06-12;30.4;6;30.4
1970-06-13;30.8;6;30.8
1970-06-14;38.0;6;38.0
1970-06-15;79.9;6;79.9
1970-06-16;52.0;6;52.0
1970-06-17;39.6;6;39.6
1970-06-18;28.0;6;28.0
1970-06-19;23.1;6;23.1
1970-06-20;19.2;6;19.2
1970-06-21;18.0;6;18.0
1970-06-22;17.0;6;17.0
1970-06-23;18.0;6;18.0
1970-06-24;19.2;6;19.2
1970-06-25;18.0;6;18.0
1970-06-26;18.0;6;18.0
1970-06-27;19.5;6;19.5
1970-06-28;17.3;6;17.3
1970-06-29;13.8;6;13.8
1970-06-30;11.7;6;11.7
1970-07-01;11.0;7;11.0
1970-07-02;18.2;7;18.2
1970-07-03;20.4;7;20.4
1970-07-04;18.6;7;18.6
1970-07-05;14.5;7;14.5
1970-07-06;14.2;7;14.2
1970-07-07;13.1;7;13.1
1970-07-08;13.8;7;13.8
1970-07-09;18.9;7;18.9
1970-07-10;21.9;7;21.9
1970-07-11;19.2;7;19.2
1970-07-12;16.6;7;16.6
1970-07-13;17.3;7;17.3
1970-07-14;14.5;7;14.5
1970-07-15;13.1;7;13.1
1970-07-16;11.0;7;11.0
1970-07-17;14.2;7;14.2
1970-07-18;10.8;7;10.8
1970-07-19;9.6;7;9.6
1970-07-20;10.2;7;10.2
1970-07-21;10.0;7;10.0
1970-07-22;13.8;7;13.8
1970-07-23;10.6;7;10.6
1970-07-24;10.0;7;10.0
1970-07-25;9.0;7;9.0
1970-07-26;7.4;7;7.4
1970-07-27;72.7;7;72.7
1970-07-28;22.2;7;22.2
1970-07-29;27.6;7;27.6
1970-07-30;20.3;7;20.3
1970-07-31;18.6;7;18.6
1970-08-01;15.2;8;15.2
1970-08-02;16.5;8;16.5
1970-08-03;18.0;8;18.0
1970-08-04;15.9;8;15.9
1970-08-05;11.7;8;11.7
1970-08-06;21.0;8;21.0
1970-08-07;13.8;8;13.8
1970-08-08;13.8;8;13.8
1970-08-09;12.4;8;12.4
1970-08-10;11.0;8;11.0
1970-08-11;9.2;8;9.2
1970-08-12;9.4;8;9.4
1970-08-13;8.8;8;8.8
1970-08-14;7.4;8;7.4
1970-08-15;10.2;8;10.2
1970-08-16;10.8;8;10.8
1970-08-17;10.4;8;10.4
1970-08-18;9.8;8;9.8
1970-08-19;10.2;8;10.2
1970-08-20;13.8;8;13.8
1970-08-21;10.0;8;10.0
1970-08-22;10.6;8;10.6
1970-08-23;10.6;8;10.6
1970-08-24;9.4;8;9.4
1970-08-25;8.4;8;8.4
1970-08-26;11.0;8;11.0
1970-08-27;10.2;8;10.2
1970-08-28;9.8;8;9.8
1970-08-29;11.0;8;11.0
1970-08-30;12.7;8;12.7
1970-08-31;22.2;8;22.2
1970-09-01;15.1;9;15.1
1970-09-02;17.3;9;17.3
1970-09-03;12.3;9;12.3
1970-09-04;21.0;9;21.0
1970-09-05;25.2;9;25.2
1970-09-06;18.6;9;18.6
1970-09-07;13.8;9;13.8
1970-09-08;15.2;9;15.2
1970-09-09;13.1;9;13.1
1970-09-10;13.1;9;13.1
1970-09-11;11.7;9;11.7
1970-09-12;11.0;9;11.0
1970-09-13;11.4;9;11.4
1970-09-14;10.2;9;10.2
1970-09-15;11.0;9;11.0
1970-09-16;16.0;9;16.0
1970-09-17;14.8;9;14.8
1970-09-18;22.7;9;22.7
1970-09-19;11.0;9;11.0
1970-09-20;11.0;9;11.0
1970-09-21;8.4;9;8.4
1970-09-22;25.8;9;25.8
1970-09-23;23.0;9;23.0
1970-09-24;40.2;9;40.2
1970-09-25;29.2;9;29.2
1970-09-26;31.6;9;31.6
1970-09-27;22.0;9;22.0
1970-09-28;24.0;9;24.0
1970-09-29;53.0;9;53.0
1970-09-30;48.4;9;48.4
1970-10-01;63.4;10;63.4
1970-10-02;34.5;10;34.5
1970-10-03;87.4;10;87.4
1970-10-04;72.0;10;72.0
1970-10-05;74.0;10;74.0
1970-10-06;48.2;10;48.2
1970-10-07;108.0;10;108.0
1970-10-08;104.8;10;104.8
1970-10-09;161.2;10;161.2
1970-10-10;112.3;10;112.3
1970-10-11;78.0;10;78.0
1970-10-12;51.5;10;51.5
1970-10-13;42.0;10;42.0
1970-10-14;32.0;10;32.0
1970-10-15;28.4;10;28.4
1970-10-16;24.8;10;24.8
1970-10-17;22.2;10;22.2
1970-10-18;19.2;10;19.2
1970-10-19;18.0;10;18.0
1970-10-20;19.2;10;19.2
1970-10-21;21.6;10;21.6
1970-10-22;40.2;10;40.2
1970-10-23;39.2;10;39.2
1970-10-24;48.2;10;48.2
1970-10-25;33.6;10;33.6
1970-10-26;62.7;10;62.7
1970-10-27;223.2;10;223.2
1970-10-28;127.0;10;127.0
1970-10-29;173.2;10;173.2
1970-10-30;138.2;10;138.2
1970-10-31;80.7;10;80.7
1970-11-01;86.6;11;86.6
1970-11-02;138.2;11;138.2
1970-11-03;66.6;11;66.6
1970-11-04;150.7;11;150.7
1970-11-05;92.4;11;92.4
1970-11-06;132.7;11;132.7
1970-11-07;103.5;11;103.5
1970-11-08;298.4;11;298.4
1970-11-09;174.5;11;174.5
1970-11-10;133.9;11;133.9
1970-11-11;78.4;11;78.4
1970-11-12;167.2;11;167.2
1970-11-13;192.3;11;192.3
1970-11-14;126.1;11;126.1
1970-11-15;62.5;11;62.5
1970-11-16;89.5;11;89.5
1970-11-17;86.6;11;86.6
1970-11-18;148.8;11;148.8
1970-11-19;159.1;11;159.1
1970-11-20;132.0;11;132.0
1970-11-21;58.0;11;58.0
1970-11-22;50.0;11;50.0
1970-11-23;82.0;11;82.0
1970-11-24;166.8;11;166.8
1970-11-25;197.0;11;197.0
1970-11-26;163.3;11;163.3
1970-11-27;69.3;11;69.3
1970-11-28;79.4;11;79.4
1970-11-29;76.0;11;76.0
1970-11-30;219.1;11;219.1
1970-12-01;96.3;12;96.3
1970-12-02;178.5;12;178.5
1970-12-03;135.0;12;135.0
1970-12-04;168.1;12;168.1
1970-12-05;71.9;12;71.9
1970-12-06;61.8;12;61.8
1970-12-07;48.0;12;48.0
1970-12-08;41.0;12;41.0
1970-12-09;39.0;12;39.0
1970-12-10;86.1;12;86.1
1970-12-11;53.0;12;53.0
1970-12-12;50.0;12;50.0
1970-12-13;52.0;12;52.0
1970-12-14;34.4;12;34.4
1970-12-15;59.8;12;59.8
1970-12-16;37.2;12;37.2
1970-12-17;89.4;12;89.4
1970-12-18;33.6;12;33.6
1970-12-19;30.4;12;30.4
1970-12-20;51.2;12;51.2
1970-12-21;128.5;12;128.5
1970-12-22;278.9;12;278.9
1970-12-23;219.3;12;219.3
1970-12-24;55.0;12;55.0
1970-12-25;42.0;12;42.0
1970-12-26;51.9;12;51.9
1970-12-27;130.4;12;130.4
1970-12-28;39.4;12;39.4
1970-12-29;40.2;12;40.2
1970-12-30;35.2;12;35.2
1970-12-31;30.0;12;30.0
1971-01-01;28.0;1;28.0
1971-01-02;23.4;1;23.4
1971-01-03;23.1;1;23.1
1971-01-04;30.8;1;30.8
1971-01-05;31.6;1;31.6
1971-01-06;82.5;1;82.5
1971-01-07;246.0;1;246.0
1971-01-08;389.1;1;389.1
1971-01-09;342.0;1;342.0
1971-01-10;307.5;1;307.5
1971-01-11;152.5;1;152.5
1971-01-12;126.4;1;126.4
1971-01-13;168.4;1;168.4
1971-01-14;91.1;1;91.1
1971-01-15;154.0;1;154.0
1971-01-16;73.8;1;73.8
1971-01-17;78.4;1;78.4
1971-01-18;143.0;1;143.0
1971-01-19;271.9;1;271.9
1971-01-20;207.6;1;207.6
1971-01-21;124.6;1;124.6
1971-01-22;86.3;1;86.3
1971-01-23;65.1;1;65.1
1971-01-24;48.0;1;48.0
1971-01-25;45.5;1;45.5
1971-01-26;73.8;1;73.8
1971-01-27;97.8;1;97.8
1971-01-28;93.7;1;93.7
1971-01-29;86.5;1;86.5
1971-01-30;80.2;1;80.2
1971-01-31;55.0;1;55.0
1971-02-01;56.5;2;56.5
1971-02-02;62.2;2;62.2
1971-02-03;88.5;2;88.5
1971-02-04;67.2;2;67.2
1971-02-05;152.0;2;152.0
1971-02-06;157.0;2;157.0
1971-02-07;199.6;2;199.6
1971-02-08;144.0;2;144.0
1971-02-09;111.0;2;111.0
1971-02-10;56.0;2;56.0
1971-02-11;46.0;2;46.0
1971-02-12;39.2;2;39.2
1971-02-13;118.4;2;118.4
1971-02-14;100.0;2;100.0
1971-02-15;53.0;2;53.0
1971-02-16;64.5;2;64.5
1971-02-17;57.0;2;57.0
1971-02-18;48.0;2;48.0
1971-02-19;148.1;2;148.1
1971-02-20;82.0;2;82.0
1971-02-21;128.0;2;128.0
1971-02-22;56.4;2;56.4
1971-02-23;54.0;2;54.0
1971-02-24;40.6;2;40.6
1971-02-25;36.0;2;36.0
1971-02-26;32.4;2;32.4
1971-02-27;29.6;2;29.6
1971-02-28;41.6;2;41.6
1971-03-01;57.7;3;57.7
1971-03-02;62.5;3;62.5
1971-03-03;58.0;3;58.0
1971-03-04;172.0;3;172.0
1971-03-05;110.6;3;110.6
1971-03-06;62.7;3;62.7
1971-03-07;47.0;3;47.0
1971-03-08;36.0;3;36.0
1971-03-09;67.0;3;67.0
1971-03-10;59.5;3;59.5
1971-03-11;34.4;3;34.4
1971-03-12;243.3;3;243.3
1971-03-13;226.8;3;226.8
1971-03-14;80.2;3;80.2
1971-03-15;244.3;3;244.3
1971-03-16;83.0;3;83.0
1971-03-17;62.6;3;62.6
1971-03-18;84.1;3;84.1
1971-03-19;96.3;3;96.3
1971-03-20;174.0;3;174.0
1971-03-21;182.0;3;182.0
1971-03-22;98.9;3;98.9
1971-03-23;180.6;3;180.6
1971-03-24;111.3;3;111.3
1971-03-25;232.8;3;232.8
1971-03-26;297.5;3;297.5
1971-03-27;201.2;3;201.2
1971-03-28;172.4;3;172.4
1971-03-29;253.8;3;253.8
1971-03-30;159.0;3;159.0
1971-03-31;210.0;3;210.0
1971-04-01;193.4;4;193.4
1971-04-02;342.2;4;342.2
1971-04-03;358.4;4;358.4
1971-04-04;362.1;4;362.1
1971-04-05;242.0;4;242.0
1971-04-06;99.7;4;99.7
1971-04-07;59.5;4;59.5
1971-04-08;128.8;4;128.8
1971-04-09;87.2;4;87.2
1971-04-10;55.0;4;55.0
1971-04-11;45.0;4;45.0
1971-04-12;46.5;4;46.5
1971-04-13;127.5;4;127.5
1971-04-14;48.0;4;48.0
1971-04-15;198.0;4;198.0
1971-04-16;78.3;4;78.3
1971-04-17;55.0;4;55.0
1971-04-18;291.2;4;291.2
1971-04-19;247.0;4;247.0
1971-04-20;79.5;4;79.5
1971-04-21;172.0;4;172.0
1971-04-22;78.0;4;78.0
1971-04-23;55.0;4;55.0
1971-04-24;47.0;4;47.0
1971-04-25;38.4;4;38.4
1971-04-26;34.0;4;34.0
1971-04-27;35.2;4;35.2
1971-04-28;84.7;4;84.7
1971-04-29;56.6;4;56.6
1971-04-30;50.0;4;50.0
1971-05-01;55.2;5;55.2
1971-05-02;65.8;5;65.8
1971-05-03;100.4;5;100.4
1971-05-04;56.6;5;56.6
1971-05-05;108.8;5;108.8
1971-05-06;302.3;5;302.3
1971-05-07;348.6;5;348.6
1971-05-08;153.3;5;153.3
1971-05-09;55.7;5;55.7
1971-05-10;58.4;5;58.4
1971-05-11;55.0;5;55.0
1971-05-12;91.4;5;91.4
1971-05-13;55.0;5;55.0
1971-05-14;49.0;5;49.0
1971-05-15;55.0;5;55.0
1971-05-16;245.2;5;245.2
1971-05-17;94.4;5;94.4
1971-05-18;60.0;5;60.0
1971-05-19;210.0;5;210.0
1971-05-20;302.5;5;302.5
1971-05-21;293.2;5;293.2
1971-05-22;216.0;5;216.0
1971-05-23;328.7;5;328.7
1971-05-24;293.2;5;293.2
1971-05-25;207.2;5;207.2
1971-05-26;86.7;5;86.7
1971-05-27;55.0;5;55.0
1971-05-28;48.0;5;48.0
1971-05-29;57.2;5;57.2
1971-05-30;78.0;5;78.0
1971-05-31;115.0;5;115.0
1971-06-01;46.5;6;46.5
1971-06-02;42.0;6;42.0
1971-06-03;39.2;6;39.2
1971-06-04;32.0;6;32.0
1971-06-05;36.0;6;36.0
1971-06-06;48.0;6;48.0
1971-06-07;42.0;6;42.0
1971-06-08;44.2;6;44.2
1971-06-09;31.2;6;31.2
1971-06-10;40.0;6;40.0
1971-06-11;33.6;6;33.6
1971-06-12;31.2;6;31.2
1971-06-13;31.2;6;31.2
1971-06-14;28.4;6;28.4
1971-06-15;29.6;6;29.6
1971-06-16;26.4;6;26.4
1971-06-17;25.2;6;25.2
1971-06-18;24.0;6;24.0
1971-06-19;24.8;6;24.8
1971-06-20;23.7;6;23.7
1971-06-21;22.8;6;22.8
1971-06-22;21.6;6;21.6
1971-06-23;28.4;6;28.4
1971-06-24;23.7;6;23.7
1971-06-25;40.6;6;40.6
1971-06-26;32.0;6;32.0
1971-06-27;27.2;6;27.2
1971-06-28;26.8;6;26.8
1971-06-29;35.2;6;35.2
1971-06-30;24.8;6;24.8
1971-07-01;22.2;7;22.2
1971-07-02;24.4;7;24.4
1971-07-03;24.8;7;24.8
1971-07-04;24.2;7;24.2
1971-07-05;24.8;7;24.8
1971-07-06;23.1;7;23.1
1971-07-07;21.0;7;21.0
1971-07-08;19.8;7;19.8
1971-07-09;17.3;7;17.3
1971-07-10;17.3;7;17.3
1971-07-11;17.3;7;17.3
1971-07-12;14.5;7;14.5
1971-07-13;15.6;7;15.6
1971-07-14;23.0;7;23.0
1971-07-15;48.0;7;48.0
1971-07-16;22.8;7;22.8
1971-07-17;17.3;7;17.3
1971-07-18;14.5;7;14.5
1971-07-19;15.2;7;15.2
1971-07-20;11.7;7;11.7
1971-07-21;10.8;7;10.8
1971-07-22;10.0;7;10.0
1971-07-23;9.8;7;9.8
1971-07-24;17.7;7;17.7
1971-07-25;11.0;7;11.0
1971-07-26;10.4;7;10.4
1971-07-27;12.8;7;12.8
1971-07-28;13.8;7;13.8
1971-07-29;15.2;7;15.2
1971-07-30;11.7;7;11.7
1971-07-31;9.2;7;9.2
1971-08-01;9.0;8;9.0
1971-08-02;9.8;8;9.8
1971-08-03;8.8;8;8.8
1971-08-04;8.2;8;8.2
1971-08-05;11.2;8;11.2
1971-08-06;19.0;8;19.0
1971-08-07;21.0;8;21.0
1971-08-08;19.8;8;19.8
1971-08-09;19.8;8;19.8
1971-08-10;18.6;8;18.6
1971-08-11;16.2;8;16.2
1971-08-12;24.2;8;24.2
1971-08-13;31.2;8;31.2
1971-08-14;26.8;8;26.8
1971-08-15;42.5;8;42.5
1971-08-16;33.6;8;33.6
1971-08-17;25.6;8;25.6
1971-08-18;30.8;8;30.8
1971-08-19;26.4;8;26.4
1971-08-20;32.8;8;32.8
1971-08-21;33.6;8;33.6
1971-08-22;32.0;8;32.0
1971-08-23;35.2;8;35.2
1971-08-24;56.6;8;56.6
1971-08-25;48.0;8;48.0
1971-08-26;46.5;8;46.5
1971-08-27;76.1;8;76.1
1971-08-28;50.9;8;50.9
1971-08-29;36.4;8;36.4
1971-08-30;30.4;8;30.4
1971-08-31;28.4;8;28.4
1971-09-01;28.0;9;28.0
1971-09-02;21.8;9;21.8
1971-09-03;22.7;9;22.7
1971-09-04;27.2;9;27.2
1971-09-05;28.0;9;28.0
1971-09-06;24.8;9;24.8
1971-09-07;26.0;9;26.0
1971-09-08;63.4;9;63.4
1971-09-09;40.5;9;40.5
1971-09-10;44.6;9;44.6
1971-09-11;41.0;9;41.0
1971-09-12;28.8;9;28.8
1971-09-13;21.0;9;21.0
1971-09-14;26.8;9;26.8
1971-09-15;22.8;9;22.8
1971-09-16;19.8;9;19.8
1971-09-17;26.3;9;26.3
1971-09-18;24.2;9;24.2
1971-09-19;21.0;9;21.0
1971-09-20;18.6;9;18.6
1971-09-21;19.8;9;19.8
1971-09-22;21.6;9;21.6
1971-09-23;24.4;9;24.4
1971-09-24;21.6;9;21.6
1971-09-25;18.6;9;18.6
1971-09-26;15.9;9;15.9
1971-09-27;14.8;9;14.8
1971-09-28;15.9;9;15.9
1971-09-29;15.9;9;15.9
1971-09-30;22.3;9;22.3
1971-10-01;-999.000;10;36.0
1971-10-02;-999.000;10;71.0
1971-10-03;-999.000;10;105.0
1971-10-04;-999.000;10;6.0
1971-10-05;-999.000;10;54.0
1971-10-06;-999.000;10;54.0
1971-10-07;-999.000;10;214.0
1971-10-08;-999.000;10;82.39
1971-10-09;-999.000;10;50.0
1971-10-10;-999.000;10;39.31
1971-10-11;-999.000;10;53.9
1971-10-12;-999.000;10;59.6
1971-10-13;-999.000;10;42.0
1971-10-14;-999.000;10;70.35
1971-10-15;-999.000;10;9.58
1971-10-16;-999.000;10;22.84
1971-10-17;-999.000;10;73.6
1971-10-18;-999.000;10;56.2
1971-10-19;-999.000;10;100.0
1971-10-20;-999.000;10;49.4
1971-10-21;-999.000;10;16.2
1971-10-22;-999.000;10;78.0
1971-10-23;-999.000;10;1.4
1971-10-24;-999.000;10;55.0
1971-10-25;-999.000;10;99.0
1971-10-26;-999.000;10;55.0
1971-10-27;-999.000;10;28.0
1971-10-28;-999.000;10;32.8
1971-10-29;-999.000;10;4.9
1971-10-30;-999.000;10;72.7
1971-10-31;-999.000;10;11.3
1971-11-01;-999.000;11;42.0
1971-11-02;-999.000;11;61.0
1971-11-03;-999.000;11;98.0
1971-11-04;-999.000;11;37.0
1971-11-05;-999.000;11;60.2
1971-11-06;-999.000;11;82.0
1971-11-07;-999.000;11;48.5
1971-11-08;-999.000;11;210.0
1971-11-09;-999.000;11;97.0
1971-11-10;-999.000;11;41.66
1971-11-11;-999.000;11;75.0
1971-11-12;-999.000;11;42.0
1971-11-13;49.6;11;49.6
1971-11-14;72.4;11;72.4
1971-11-15;154.9;11;154.9
1971-11-16;65.1;11;65.1
1971-11-17;45.8;11;45.8
1971-11-18;96.1;11;96.1
1971-11-19;67.4;11;67.4
1971-11-20;43.6;11;43.6
1971-11-21;38.4;11;38.4
1971-11-22;60.5;11;60.5
1971-11-23;94.1;11;94.1
1971-11-24;56.4;11;56.4
1971-11-25;52.1;11;52.1
1971-11-26;49.0;11;49.0
1971-11-27;52.2;11;52.2
1971-11-28;56.8;11;56.8
1971-11-29;55.8;11;55.8
1971-11-30;41.4;11;41.4
1971-12-01;36.8;12;36.8
1971-12-02;34.8;12;34.8
1971-12-03;33.2;12;33.2
1971-12-04;97.1;12;97.1
1971-12-05;60.7;12;60.7
1971-12-06;39.2;12;39.2
1971-12-07;30.2;12;30.2
1971-12-08;26.4;12;26.4
1971-12-09;23.4;12;23.4
1971-12-10;22.2;12;22.2
1971-12-11;21.9;12;21.9
1971-12-12;22.8;12;22.8
1971-12-13;22.8;12;22.8
1971-12-14;22.2;12;22.2
1971-12-15;21.6;12;21.6
1971-12-16;22.5;12;22.5
1971-12-17;22.8;12;22.8
1971-12-18;35.8;12;35.8
1971-12-19;50.6;12;50.6
1971-12-20;32.3;12;32.3
1971-12-21;29.3;12;29.3
1971-12-22;33.8;12;33.8
1971-12-23;116.2;12;116.2
1971-12-24;76.6;12;76.6
1971-12-25;86.0;12;86.0
1971-12-26;90.9;12;90.9
1971-12-27;91.3;12;91.3
1971-12-28;82.0;12;82.0
1971-12-29;64.5;12;64.5
1971-12-30;66.8;12;66.8
1971-12-31;50.5;12;50.5
1972-01-01;37.6;1;37.6
1972-01-02;36.0;1;36.0
1972-01-03;72.4;1;72.4
1972-01-04;61.7;1;61.7
1972-01-05;34.8;1;34.8
1972-01-06;32.0;1;32.0
1972-01-07;33.6;1;33.6
1972-01-08;27.6;1;27.6
1972-01-09;27.6;1;27.6
1972-01-10;26.0;1;26.0
1972-01-11;23.4;1;23.4
1972-01-12;21.0;1;21.0
1972-01-13;19.2;1;19.2
1972-01-14;92.8;1;92.8
1972-01-15;57.5;1;57.5
1972-01-16;317.2;1;317.2
1972-01-17;302.9;1;302.9
1972-01-18;247.2;1;247.2
1972-01-19;195.7;1;195.7
1972-01-20;209.2;1;209.2
1972-01-21;59.5;1;59.5
1972-01-22;135.2;1;135.2
1972-01-23;165.0;1;165.0
1972-01-24;162.9;1;162.9
1972-01-25;204.0;1;204.0
1972-01-26;174.4;1;174.4
1972-01-27;94.3;1;94.3
1972-01-28;75.5;1;75.5
1972-01-29;58.6;1;58.6
1972-01-30;56.0;1;56.0
1972-01-31;95.0;1;95.0
1972-02-01;54.1;2;54.1
1972-02-02;37.0;2;37.0
1972-02-03;28.0;2;28.0
1972-02-04;32.8;2;32.8
1972-02-05;44.2;2;44.2
1972-02-06;27.2;2;27.2
1972-02-07;17.3;2;17.3
1972-02-08;60.5;2;60.5
1972-02-09;45.0;2;45.0
1972-02-10;65.1;2;65.1
1972-02-11;74.2;2;74.2
1972-02-12;67.6;2;67.6
1972-02-13;37.0;2;37.0
1972-02-14;45.0;2;45.0
1972-02-15;28.6;2;28.6
1972-02-16;26.8;2;26.8
1972-02-17;23.4;2;23.4
1972-02-18;27.4;2;27.4
1972-02-19;23.7;2;23.7
1972-02-20;20.4;2;20.4
1972-02-21;19.8;2;19.8
1972-02-22;7.1;2;7.1
1972-02-23;7.8;2;7.8
1972-02-24;7.8;2;7.8
1972-02-25;8.2;2;8.2
1972-02-26;9.8;2;9.8
1972-02-27;7.0;2;7.0
1972-02-28;15.2;2;15.2
1972-02-29;21.0;2;21.0
1972-03-01;30.0;3;30.0
1972-03-02;20.1;3;20.1
1972-03-03;28.0;3;28.0
1972-03-04;21.0;3;21.0
1972-03-05;14.5;3;14.5
1972-03-06;35.0;3;35.0
1972-03-07;71.0;3;71.0
1972-03-08;67.8;3;67.8
1972-03-09;38.0;3;38.0
1972-03-10;28.0;3;28.0
1972-03-11;32.0;3;32.0
1972-03-12;36.5;3;36.5
1972-03-13;21.0;3;21.0
1972-03-14;12.8;3;12.8
1972-03-15;82.5;3;82.5
1972-03-16;78.4;3;78.4
1972-03-17;91.8;3;91.8
1972-03-18;52.2;3;52.2
1972-03-19;74.5;3;74.5
1972-03-20;69.5;3;69.5
1972-03-21;117.0;3;117.0
1972-03-22;175.0;3;175.0
1972-03-23;216.0;3;216.0
1972-03-24;210.0;3;210.0
1972-03-25;259.5;3;259.5
1972-03-26;194.0;3;194.0
1972-03-27;84.8;3;84.8
1972-03-28;57.5;3;57.5
1972-03-29;198.0;3;198.0
1972-03-30;84.8;3;84.8
1972-03-31;66.7;3;66.7
1972-04-01;57.0;4;57.0
1972-04-02;43.5;4;43.5
1972-04-03;38.3;4;38.3
1972-04-04;-999.000;4;66.2
1972-04-05;-999.000;4;81.86
1972-04-06;-999.000;4;98.1
1972-04-07;-999.000;4;6.1
1972-04-08;-999.000;4;47.0
1972-04-09;-999.000;4;62.3
1972-04-10;-999.000;4;6.4
1972-04-11;-999.000;4;39.0
1972-04-12;-999.000;4;56.0
1972-04-13;-999.000;4;69.7
1972-04-14;-999.000;4;47.0
1972-04-15;-999.000;4;119.7
1972-04-16;-999.000;4;93.0
1972-04-17;-999.000;4;81.86
1972-04-18;-999.000;4;37.0
1972-04-19;-999.000;4;83.96
1972-04-20;-999.000;4;32.7
1972-04-21;-999.000;4;81.3
1972-04-22;-999.000;4;92.47
1972-04-23;-999.000;4;3.2
1972-04-24;-999.000;4;66.9
1972-04-25;-999.000;4;83.42
1972-04-26;-999.000;4;21.0
1972-04-27;-999.000;4;46.0
1972-04-28;-999.000;4;33.0
1972-04-29;-999.000;4;56.6
1972-04-30;-999.000;4;23.0
1972-05-01;-999.000;5;41.8
1972-05-02;-999.000;5;63.2
1972-05-03;-999.000;5;46.0
1972-05-04;-999.000;5;26.0
1972-05-05;-999.000;5;32.0
1972-05-06;-999.000;5;32.0
1972-05-07;-999.000;5;46.85
1972-05-08;-999.000;5;19.8
1972-05-09;-999.000;5;66.3
1972-05-10;-999.000;5;59.21
1972-05-11;-999.000;5;75.1
1972-05-12;-999.000;5;31.2
1972-05-13;-999.000;5;62.88
1972-05-14;-999.000;5;33.0
1972-05-15;-999.000;5;53.0
1972-05-16;-999.000;5;58.0
1972-05-17;-999.000;5;166.0
1972-05-18;-999.000;5;73.2
1972-05-19;-999.000;5;81.5
1972-05-20;-999.000;5;63.99
1972-05-21;-999.000;5;18.0
1972-05-22;-999.000;5;88.73
1972-05-23;-999.000;5;70.9
1972-05-24;-999.000;5;77.1
1972-05-25;-999.000;5;76.0
1972-05-26;-999.000;5;32.0
1972-05-27;-999.000;5;97.8
1972-05-28;-999.000;5;55.7
1972-05-29;-999.000;5;260.3
1972-05-30;-999.000;5;66.7
1972-05-31;-999.000;5;60.5
1972-06-01;-999.000;6;70.67
1972-06-02;-999.000;6;60.9
1972-06-03;-999.000;6;16.0
1972-06-04;-999.000;6;167.0
1972-06-05;-999.000;6;39.61
1972-06-06;-999.000;6;16.3
1972-06-07;-999.000;6;49.42
1972-06-08;-999.000;6;61.9
1972-06-09;-999.000;6;56.0
1972-06-10;-999.000;6;56.2
1972-06-11;-999.000;6;98.3
1972-06-12;-999.000;6;34.0
1972-06-13;-999.000;6;27.0
1972-06-14;-999.000;6;25.53
1972-06-15;-999.000;6;24.8
1972-06-16;-999.000;6;53.96
1972-06-17;-999.000;6;71.2
1972-06-18;-999.000;6;37.0
1972-06-19;-999.000;6;33.0
1972-06-20;-999.000;6;6.4
1972-06-21;-999.000;6;60.2
1972-06-22;-999.000;6;50.0
1972-06-23;-999.000;6;23.1
1972-06-24;-999.000;6;4.0
1972-06-25;-999.000;6;35.7
1972-06-26;-999.000;6;21.0
1972-06-27;-999.000;6;15.8
1972-06-28;-999.000;6;41.0
1972-06-29;-999.000;6;30.0
1972-06-30;-999.000;6;39.0
1972-07-01;-999.000;7;57.5
1972-07-02;-999.000;7;22.0
1972-07-03;-999.000;7;34.0
1972-07-04;-999.000;7;10.0
1972-07-05;-999.000;7;5.0
1972-07-06;-999.000;7;26.0
1972-07-07;-999.000;7;64.1
1972-07-08;-999.000;7;58.4
1972-07-09;-999.000;7;75.6
1972-07-10;-999.000;7;43.0
1972-07-11;-999.000;7;3.8
1972-07-12;-999.000;7;59.2
1972-07-13;-999.000;7;3.0
1972-07-14;-999.000;7;42.94
1972-07-15;-999.000;7;41.55
1972-07-16;-999.000;7;80.5
1972-07-17;-999.000;7;27.0
1972-07-18;-999.000;7;60.3
1972-07-19;-999.000;7;44.49
1972-07-20;-999.000;7;15.2
1972-07-21;-999.000;7;27.16
1972-07-22;-999.000;7;3.0
1972-07-23;-999.000;7;42.24
1972-07-24;-999.000;7;14.0
1972-07-25;-999.000;7;16.0
1972-07-26;-999.000;7;85.3
1972-07-27;-999.000;7;58.5
1972-07-28;-999.000;7;48.28
1972-07-29;-999.000;7;59.23
1972-07-30;-999.000;7;61.0
1972-07-31;-999.000;7;57.5
1972-08-01;-999.000;8;1.0
1972-08-02;-999.000;8;13.8
1972-08-03;-999.000;8;46.08
1972-08-04;-999.000;8;12.0
1972-08-05;-999.000;8;72.0
1972-08-06;-999.000;8;11.0
1972-08-07;-999.000;8;18.0
1972-08-08;-999.000;8;9.0
1972-08-09;-999.000;8;14.0
1972-08-10;-999.000;8;12.0
1972-08-11;-999.000;8;10.67
1972-08-12;-999.000;8;9.8
1972-08-13;-999.000;8;46.08
1972-08-14;-999.000;8;47.81
1972-08-15;-999.000;8;46.88
1972-08-16;-999.000;8;6.0
1972-08-17;-999.000;8;41.5
1972-08-18;-999.000;8;25.6
1972-08-19;-999.000;8;43.0
1972-08-20;-999.000;8;7.0
1972-08-21;-999.000;8;3.5
1972-08-22;-999.000;8;40.77
1972-08-23;-999.000;8;57.0
1972-08-24;-999.000;8;84.1
1972-08-25;-999.000;8;32.9
1972-08-26;-999.000;8;3.3
1972-08-27;-999.000;8;66.3
1972-08-28;-999.000;8;44.9
1972-08-29;-999.000;8;25.0
1972-08-30;-999.000;8;6.0
1972-08-31;-999.000;8;11.7
1972-09-01;-999.000;9;51.45
1972-09-02;-999.000;9;21.6
1972-09-03;-999.000;9;47.0
1972-09-04;-999.000;9;7.0
1972-09-05;-999.000;9;18.0
1972-09-06;-999.000;9;34.0
1972-09-07;-999.000;9;27.98
1972-09-08;-999.000;9;14.0
1972-09-09;-999.000;9;49.64
1972-09-10;-999.000;9;49.0
1972-09-11;-999.000;9;50.4
1972-09-12;-999.000;9;33.7
1972-09-13;-999.000;9;46.0
1972-09-14;-999.000;9;17.5
1972-09-15;-999.000;9;2.3
1972-09-16;-999.000;9;10.62
1972-09-17;-999.000;9;1.9
1972-09-18;-999.000;9;13.9
1972-09-19;-999.000;9;44.0
1972-09-20;-999.000;9;14.0
1972-09-21;-999.000;9;1.2
1972-09-22;-999.000;9;1.2
1972-09-23;-999.000;9;17.6
1972-09-24;-999.000;9;5.0
1972-09-25;-999.000;9;41.98
1972-09-26;-999.000;9;11.7
1972-09-27;-999.000;9;7.0
1972-09-28;-999.000;9;45.3
1972-09-29;-999.000;9;50.8
1972-09-30;-999.000;9;29.9
1972-10-01;-999.000;10;9.0
1972-10-02;-999.000;10;38.6
1972-10-03;-999.000;10;33.7
1972-10-04;-999.000;10;18.8
1972-10-05;-999.000;10;78.3
1972-10-06;-999.000;10;2.0
1972-10-07;-999.000;10;45.0
1972-10-08;-999.000;10;69.5
1972-10-09;-999.000;10;53.0
1972-10-10;-999.000;10;3.6
1972-10-11;-999.000;10;39.5
1972-10-12;-999.000;10;105.0
1972-10-13;-999.000;10;43.0
1972-10-14;-999.000;10;31.9
1972-10-15;-999.000;10;11.0
1972-10-16;-999.000;10;70.3
1972-10-17;-999.000;10;42.02
1972-10-18;-999.000;10;63.9
1972-10-19;-999.000;10;13.6
1972-10-20;-999.000;10;24.04
1972-10-21;-999.000;10;78.4
1972-10-22;-999.000;10;23.1
1972-10-23;-999.000;10;69.0
1972-10-24;-999.000;10;55.7
1972-10-25;-999.000;10;62.4
1972-10-26;-999.000;10;7.6
1972-10-27;-999.000;10;30.0
1972-10-28;-999.000;10;60.87
1972-10-29;-999.000;10;12.0
1972-10-30;-999.000;10;17.5
1972-10-31;-999.000;10;67.6
1972-11-01;-999.000;11;82.6
1972-11-02;-999.000;11;118.0
1972-11-03;-999.000;11;28.7
1972-11-04;-999.000;11;27.97
1972-11-05;-999.000;11;23.25
1972-11-06;-999.000;11;95.0
1972-11-07;-999.000;11;140.0
1972-11-08;-999.000;11;9.6
1972-11-09;-999.000;11;35.0
1972-11-10;-999.000;11;59.9
1972-11-11;-999.000;11;42.0
1972-11-12;-999.000;11;84.6
1972-11-13;-999.000;11;63.2
1972-11-14;-999.000;11;49.6
1972-11-15;-999.000;11;54.4
1972-11-16;-999.000;11;68.0
1972-11-17;-999.000;11;55.0
1972-11-18;-999.000;11;67.82
1972-11-19;-999.000;11;50.0
1972-11-20;-999.000;11;66.5
1972-11-21;-999.000;11;22.7
1972-11-22;-999.000;11;101.0
1972-11-23;-999.000;11;42.3
1972-11-24;-999.000;11;47.1
1972-11-25;-999.000;11;72.0
1972-11-26;-999.000;11;20.0
1972-11-27;-999.000;11;58.0
1972-11-28;-999.000;11;39.0
1972-11-29;-999.000;11;72.0
1972-11-30;-999.000;11;87.0
1972-12-01;64.1;12;64.1
1972-12-02;56.2;12;56.2
1972-12-03;188.7;12;188.7
1972-12-04;225.4;12;225.4
1972-12-05;108.9;12;108.9
1972-12-06;89.7;12;89.7
1972-12-07;113.7;12;113.7
1972-12-08;121.5;12;121.5
1972-12-09;142.3;12;142.3
1972-12-10;148.6;12;148.6
1972-12-11;128.9;12;128.9
1972-12-12;127.3;12;127.3
1972-12-13;106.9;12;106.9
1972-12-14;124.5;12;124.5
1972-12-15;211.1;12;211.1
1972-12-16;205.9;12;205.9
1972-12-17;179.4;12;179.4
1972-12-18;146.9;12;146.9
1972-12-19;128.4;12;128.4
1972-12-20;100.7;12;100.7
1972-12-21;148.7;12;148.7
1972-12-22;154.4;12;154.4
1972-12-23;150.0;12;150.0
1972-12-24;142.4;12;142.4
1972-12-25;127.4;12;127.4
1972-12-26;-999.000;12;46.0
1972-12-27;-999.000;12;36.0
1972-12-28;-999.000;12;16.9
1972-12-29;-999.000;12;67.8
1972-12-30;-999.000;12;30.0
1972-12-31;-999.000;12;69.8
1973-01-01;-999.000;1;18.73
1973-01-02;-999.000;1;94.0
1973-01-03;-999.000;1;11.0
1973-01-04;-999.000;1;94.0
1973-01-05;-999.000;1;98.5
1973-01-06;-999.000;1;28.8
1973-01-07;-999.000;1;85.31
1973-01-08;-999.000;1;64.9
1973-01-09;-999.000;1;52.5
1973-01-10;-999.000;1;2.5
1973-01-11;-999.000;1;37.0
1973-01-12;-999.000;1;47.0
1973-01-13;-999.000;1;18.0
1973-01-14;-999.000;1;86.3
1973-01-15;-999.000;1;77.7
1973-01-16;-999.000;1;40.8
1973-01-17;-999.000;1;94.0
1973-01-18;-999.000;1;7.0
1973-01-19;-999.000;1;65.0
1973-01-20;-999.000;1;31.4
1973-01-21;-999.000;1;46.5
1973-01-22;-999.000;1;56.0
1973-01-23;-999.000;1;86.5
1973-01-24;-999.000;1;15.9
1973-01-25;-999.000;1;61.0
1973-01-26;-999.000;1;143.0
1973-01-27;-999.000;1;86.5
1973-01-28;-999.000;1;42.37
1973-01-29;-999.000;1;19.0
1973-01-30;-999.000;1;84.4
1973-01-31;-999.000;1;74.7
1973-02-01;-999.000;2;36.0
1973-02-02;-999.000;2;45.0
1973-02-03;-999.000;2;97.2
1973-02-04;-999.000;2;38.09
1973-02-05;-999.000;2;87.29
1973-02-06;-999.000;2;54.8
1973-02-07;-999.000;2;53.0
1973-02-08;-999.000;2;47.7
1973-02-09;-999.000;2;6.1
1973-02-10;-999.000;2;96.6
1973-02-11;-999.000;2;28.0
1973-02-12;-999.000;2;13.0
1973-02-13;-999.000;2;41.69
1973-02-14;-999.000;2;9.0
1973-02-15;-999.000;2;54.9
1973-02-16;-999.000;2;30.16
1973-02-17;-999.000;2;59.5
1973-02-18;-999.000;2;14.0
1973-02-19;-999.000;2;96.0
1973-02-20;-999.000;2;7.0
1973-02-21;-999.000;2;50.45
1973-02-22;-999.000;2;94.0
1973-02-23;-999.000;2;10.9
1973-02-24;-999.000;2;57.73
1973-02-25;-999.000;2;32.0
1973-02-26;-999.000;2;9.0
1973-02-27;-999.000;2;98.5
1973-02-28;-999.000;2;93.3
1973-03-01;-999.000;3;5.0
1973-03-02;-999.000;3;82.5
1973-03-03;-999.000;3;74.88
1973-03-04;-999.000;3;2.3
1973-03-05;-999.000;3;59.0
1973-03-06;-999.000;3;15.2
1973-03-07;-999.000;3;51.7
1973-03-08;-999.000;3;68.15
1973-03-09;-999.000;3;75.0
1973-03-10;-999.000;3;92.3
1973-03-11;-999.000;3;73.6
1973-03-12;-999.000;3;22.75
1973-03-13;-999.000;3;94.1
1973-03-14;-999.000;3;75.0
1973-03-15;-999.000;3;32.8
1973-03-16;-999.000;3;93.4
1973-03-17;-999.000;3;98.9
1973-03-18;-999.000;3;71.29
1973-03-19;-999.000;3;60.7
1973-03-20;-999.000;3;80.86
1973-03-21;-999.000;3;59.4
1973-03-22;-999.000;3;19.0
1973-03-23;-999.000;3;52.7
1973-03-24;-999.000;3;11.0
1973-03-25;-999.000;3;46.0
1973-03-26;-999.000;3;5.8
1973-03-27;-999.000;3;19.0
1973-03-28;-999.000;3;68.2
1973-03-29;-999.000;3;178.0
1973-03-30;-999.000;3;8.0
1973-03-31;-999.000;3;92.0
1973-04-01;4.4;4;4.4
1973-04-02;2.3;4;2.3
1973-04-03;3.1;4;3.1
1973-04-04;3.2;4;3.2
1973-04-05;2.7;4;2.7
1973-04-06;9.5;4;9.5
1973-04-07;20.2;4;20.2
1973-04-08;27.6;4;27.6
1973-04-09;28.7;4;28.7
1973-04-10;28.6;4;28.6
1973-04-11;29.8;4;29.8
1973-04-12;27.8;4;27.8
1973-04-13;30.0;4;30.0
1973-04-14;29.4;4;29.4
1973-04-15;28.3;4;28.3
1973-04-16;27.3;4;27.3
1973-04-17;26.7;4;26.7
1973-04-18;27.0;4;27.0
1973-04-19;25.0;4;25.0
1973-04-20;26.4;4;26.4
1973-04-21;26.4;4;26.4
1973-04-22;26.4;4;26.4
1973-04-23;26.4;4;26.4
1973-04-24;26.4;4;26.4
1973-04-25;27.5;4;27.5
1973-04-26;27.6;4;27.6
1973-04-27;27.3;4;27.3
1973-04-28;26.8;4;26.8
1973-04-29;27.0;4;27.0
1973-04-30;20.0;4;20.0
1973-05-01;27.6;5;27.6
1973-05-02;26.8;5;26.8
1973-05-03;29.4;5;29.4
1973-05-04;31.8;5;31.8
1973-05-05;29.8;5;29.8
1973-05-06;26.5;5;26.5
1973-05-07;25.1;5;25.1
1973-05-08;29.0;5;29.0
1973-05-09;36.9;5;36.9
1973-05-10;33.5;5;33.5
1973-05-11;33.3;5;33.3
1973-05-12;34.2;5;34.2
1973-05-13;30.4;5;30.4
1973-05-14;33.6;5;33.6
1973-05-15;32.0;5;32.0
1973-05-16;16.2;5;16.2
1973-05-17;30.5;5;30.5
1973-05-18;29.5;5;29.5
1973-05-19;34.3;5;34.3
1973-05-20;32.6;5;32.6
1973-05-21;36.3;5;36.3
1973-05-22;31.4;5;31.4
1973-05-23;38.9;5;38.9
1973-05-24;45.3;5;45.3
1973-05-25;45.1;5;45.1
1973-05-26;45.2;5;45.2
1973-05-27;44.3;5;44.3
1973-05-28;44.9;5;44.9
1973-05-29;44.8;5;44.8
1973-05-30;46.2;5;46.2
1973-05-31;44.0;5;44.0
1973-06-01;45.5;6;45.5
1973-06-02;43.8;6;43.8
1973-06-03;44.5;6;44.5
1973-06-04;45.2;6;45.2
1973-06-05;31.0;6;31.0
1973-06-06;37.6;6;37.6
1973-06-07;45.6;6;45.6
1973-06-08;41.4;6;41.4
1973-06-09;45.6;6;45.6
1973-06-10;36.2;6;36.2
1973-06-11;40.3;6;40.3
1973-06-12;35.7;6;35.7
1973-06-13;38.4;6;38.4
1973-06-14;31.6;6;31.6
1973-06-15;31.2;6;31.2
1973-06-16;29.4;6;29.4
1973-06-17;30.8;6;30.8
1973-06-18;33.7;6;33.7
1973-06-19;35.7;6;35.7
1973-06-20;41.0;6;41.0
1973-06-21;25.6;6;25.6
1973-06-22;33.0;6;33.0
1973-06-23;31.5;6;31.5
1973-06-24;29.6;6;29.6
1973-06-25;30.2;6;30.2
1973-06-26;30.4;6;30.4
1973-06-27;40.1;6;40.1
1973-06-28;44.0;6;44.0
1973-06-29;26.6;6;26.6
1973-06-30;29.7;6;29.7
1973-07-01;25.5;7;25.5
1973-07-02;30.0;7;30.0
1973-07-03;28.5;7;28.5
1973-07-04;31.3;7;31.3
1973-07-05;31.6;7;31.6
1973-07-06;30.6;7;30.6
1973-07-07;31.3;7;31.3
1973-07-08;27.3;7;27.3
1973-07-09;30.5;7;30.5
1973-07-10;26.7;7;26.7
1973-07-11;31.8;7;31.8
1973-07-12;32.2;7;32.2
1973-07-13;32.5;7;32.5
1973-07-14;32.6;7;32.6
1973-07-15;30.2;7;30.2
1973-07-16;32.3;7;32.3
1973-07-17;32.7;7;32.7
1973-07-18;32.1;7;32.1
1973-07-19;36.5;7;36.5
1973-07-20;34.1;7;34.1
1973-07-21;34.2;7;34.2
1973-07-22;28.4;7;28.4
1973-07-23;32.1;7;32.1
1973-07-24;32.8;7;32.8
1973-07-25;33.9;7;33.9
1973-07-26;32.9;7;32.9
1973-07-27;32.8;7;32.8
1973-07-28;33.9;7;33.9
1973-07-29;28.4;7;28.4
1973-07-30;33.0;7;33.0
1973-07-31;33.5;7;33.5
1973-08-01;33.1;8;33.1
1973-08-02;34.1;8;34.1
1973-08-03;34.2;8;34.2
1973-08-04;32.0;8;32.0
1973-08-05;31.3;8;31.3
1973-08-06;34.3;8;34.3
1973-08-07;33.7;8;33.7
1973-08-08;32.9;8;32.9
1973-08-09;34.7;8;34.7
1973-08-10;34.5;8;34.5
1973-08-11;33.1;8;33.1
1973-08-12;33.3;8;33.3
1973-08-13;33.6;8;33.6
1973-08-14;36.1;8;36.1
1973-08-15;33.6;8;33.6
1973-08-16;34.3;8;34.3
1973-08-17;33.6;8;33.6
1973-08-18;34.0;8;34.0
1973-08-19;33.3;8;33.3
1973-08-20;31.7;8;31.7
1973-08-21;33.4;8;33.4
1973-08-22;31.5;8;31.5
1973-08-23;33.8;8;33.8
1973-08-24;33.8;8;33.8
1973-08-25;33.6;8;33.6
1973-08-26;33.0;8;33.0
1973-08-27;34.8;8;34.8
1973-08-28;33.7;8;33.7
1973-08-29;33.4;8;33.4
1973-08-30;34.1;8;34.1
1973-08-31;34.6;8;34.6
1973-09-01;34.5;9;34.5
1973-09-02;33.7;9;33.7
1973-09-03;33.7;9;33.7
1973-09-04;33.5;9;33.5
1973-09-05;34.3;9;34.3
1973-09-06;33.5;9;33.5
1973-09-07;34.9;9;34.9
1973-09-08;33.4;9;33.4
1973-09-09;32.5;9;32.5
1973-09-10;33.7;9;33.7
1973-09-11;33.7;9;33.7
1973-09-12;35.0;9;35.0
1973-09-13;35.7;9;35.7
1973-09-14;33.6;9;33.6
1973-09-15;33.0;9;33.0
1973-09-16;32.3;9;32.3
1973-09-17;32.5;9;32.5
1973-09-18;32.6;9;32.6
1973-09-19;33.5;9;33.5
1973-09-20;33.8;9;33.8
1973-09-21;32.9;9;32.9
1973-09-22;32.9;9;32.9
1973-09-23;32.2;9;32.2
1973-09-24;31.6;9;31.6
1973-09-25;32.8;9;32.8
1973-09-26;34.7;9;34.7
1973-09-27;32.4;9;32.4
1973-09-28;32.3;9;32.3
1973-09-29;32.0;9;32.0
1973-09-30;29.2;9;29.2
1973-10-01;29.1;10;29.1
1973-10-02;29.4;10;29.4
1973-10-03;32.5;10;32.5
1973-10-04;32.0;10;32.0
1973-10-05;32.8;10;32.8
1973-10-06;32.8;10;32.8
1973-10-07;31.2;10;31.2
1973-10-08;32.2;10;32.2
1973-10-09;31.8;10;31.8
1973-10-10;32.0;10;32.0
1973-10-11;32.3;10;32.3
1973-10-12;31.7;10;31.7
1973-10-13;31.7;10;31.7
1973-10-14;27.3;10;27.3
1973-10-15;32.6;10;32.6
1973-10-16;30.6;10;30.6
1973-10-17;31.0;10;31.0
1973-10-18;31.8;10;31.8
1973-10-19;31.4;10;31.4
1973-10-20;31.7;10;31.7
1973-10-21;31.3;10;31.3
1973-10-22;31.6;10;31.6
1973-10-23;32.1;10;32.1
1973-10-24;29.8;10;29.8
1973-10-25;30.9;10;30.9
1973-10-26;30.5;10;30.5
1973-10-27;31.1;10;31.1
1973-10-28;31.1;10;31.1
1973-10-29;31.6;10;31.6
1973-10-30;30.6;10;30.6
1973-10-31;30.1;10;30.1
1973-11-01;28.5;11;28.5
1973-11-02;29.8;11;29.8
1973-11-03;29.7;11;29.7
1973-11-04;31.0;11;31.0
1973-11-05;30.8;11;30.8
1973-11-06;30.0;11;30.0
1973-11-07;30.2;11;30.2
1973-11-08;31.3;11;31.3
1973-11-09;30.5;11;30.5
1973-11-10;29.1;11;29.1
1973-11-11;27.8;11;27.8
1973-11-12;37.2;11;37.2
1973-11-13;37.7;11;37.7
1973-11-14;57.5;11;57.5
1973-11-15;535.1;11;535.1
1973-11-16;156.8;11;156.8
1973-11-17;54.1;11;54.1
1973-11-18;490.6;11;490.6
1973-11-19;586.8;11;586.8
1973-11-20;113.3;11;113.3
1973-11-21;80.4;11;80.4
1973-11-22;79.6;11;79.6
1973-11-23;61.3;11;61.3
1973-11-24;186.4;11;186.4
1973-11-25;42.1;11;42.1
1973-11-26;51.4;11;51.4
1973-11-27;145.7;11;145.7
1973-11-28;199.9;11;199.9
1973-11-29;60.4;11;60.4
1973-11-30;61.0;11;61.0
1973-12-01;226.8;12;226.8
1973-12-02;496.2;12;496.2
1973-12-03;223.8;12;223.8
1973-12-04;52.6;12;52.6
1973-12-05;173.5;12;173.5
1973-12-06;239.1;12;239.1
1973-12-07;263.7;12;263.7
1973-12-08;90.8;12;90.8
1973-12-09;190.5;12;190.5
1973-12-10;343.4;12;343.4
1973-12-11;61.5;12;61.5
1973-12-12;339.4;12;339.4
1973-12-13;227.1;12;227.1
1973-12-14;247.5;12;247.5
1973-12-15;272.0;12;272.0
1973-12-16;70.4;12;70.4
1973-12-17;316.0;12;316.0
1973-12-18;64.3;12;64.3
1973-12-19;66.8;12;66.8
1973-12-20;65.5;12;65.5
1973-12-21;65.0;12;65.0
1973-12-22;65.4;12;65.4
1973-12-23;428.6;12;428.6
1973-12-24;212.7;12;212.7
1973-12-25;49.8;12;49.8
1973-12-26;58.4;12;58.4
1973-12-27;52.9;12;52.9
1973-12-28;59.0;12;59.0
1973-12-29;59.3;12;59.3
1973-12-30;53.6;12;53.6
1973-12-31;248.2;12;248.2
1974-01-01;50.2;1;50.2
1974-01-02;53.0;1;53.0
1974-01-03;58.4;1;58.4
1974-01-04;58.6;1;58.6
1974-01-05;59.2;1;59.2
1974-01-06;53.8;1;53.8
1974-01-07;52.5;1;52.5
1974-01-08;57.9;1;57.9
1974-01-09;59.4;1;59.4
1974-01-10;54.4;1;54.4
1974-01-11;54.7;1;54.7
1974-01-12;56.4;1;56.4
1974-01-13;50.1;1;50.1
1974-01-14;53.5;1;53.5
1974-01-15;58.3;1;58.3
1974-01-16;58.4;1;58.4
1974-01-17;57.1;1;57.1
1974-01-18;57.0;1;57.0
1974-01-19;54.1;1;54.1
1974-01-20;54.2;1;54.2
1974-01-21;55.3;1;55.3
1974-01-22;55.8;1;55.8
1974-01-23;56.9;1;56.9
1974-01-24;55.5;1;55.5
1974-01-25;57.4;1;57.4
1974-01-26;55.3;1;55.3
1974-01-27;128.8;1;128.8
1974-01-28;95.5;1;95.5
1974-01-29;51.2;1;51.2
1974-01-30;54.2;1;54.2
1974-01-31;52.3;1;52.3
1974-02-01;54.0;2;54.0
1974-02-02;55.1;2;55.1
1974-02-03;320.3;2;320.3
1974-02-04;103.8;2;103.8
1974-02-05;404.0;2;404.0
1974-02-06;56.5;2;56.5
1974-02-07;370.8;2;370.8
1974-02-08;568.6;2;568.6
1974-02-09;368.2;2;368.2
1974-02-10;67.1;2;67.1
1974-02-11;537.4;2;537.4
1974-02-12;278.3;2;278.3
1974-02-13;245.3;2;245.3
1974-02-14;425.9;2;425.9
1974-02-15;466.3;2;466.3
1974-02-16;112.1;2;112.1
1974-02-17;48.1;2;48.1
1974-02-18;625.7;2;625.7
1974-02-19;250.3;2;250.3
1974-02-20;121.6;2;121.6
1974-02-21;57.1;2;57.1
1974-02-22;56.4;2;56.4
1974-02-23;58.0;2;58.0
1974-02-24;119.2;2;119.2
1974-02-25;120.5;2;120.5
1974-02-26;59.5;2;59.5
1974-02-27;59.6;2;59.6
1974-02-28;59.2;2;59.2
1974-03-01;58.7;3;58.7
1974-03-02;53.3;3;53.3
1974-03-03;23.7;3;23.7
1974-03-04;52.1;3;52.1
1974-03-05;59.1;3;59.1
1974-03-06;58.8;3;58.8
1974-03-07;147.9;3;147.9
1974-03-08;189.8;3;189.8
1974-03-09;148.4;3;148.4
1974-03-10;775.1;3;775.1
1974-03-11;191.8;3;191.8
1974-03-12;124.7;3;124.7
1974-03-13;77.0;3;77.0
1974-03-14;80.9;3;80.9
1974-03-15;83.5;3;83.5
1974-03-16;82.9;3;82.9
1974-03-17;59.4;3;59.4
1974-03-18;68.9;3;68.9
1974-03-19;58.3;3;58.3
1974-03-20;61.3;3;61.3
1974-03-21;72.4;3;72.4
1974-03-22;84.3;3;84.3
1974-03-23;94.3;3;94.3
1974-03-24;29.2;3;29.2
1974-03-25;160.9;3;160.9
1974-03-26;404.8;3;404.8
1974-03-27;64.7;3;64.7
1974-03-28;65.6;3;65.6
1974-03-29;66.7;3;66.7
1974-03-30;64.8;3;64.8
1974-03-31;55.0;3;55.0
1974-04-01;58.1;4;58.1
1974-04-02;59.1;4;59.1
1974-04-03;73.5;4;73.5
1974-04-04;71.4;4;71.4
1974-04-05;82.0;4;82.0
1974-04-06;79.7;4;79.7
1974-04-07;470.5;4;470.5
1974-04-08;71.1;4;71.1
1974-04-09;83.6;4;83.6
1974-04-10;365.7;4;365.7
1974-04-11;63.8;4;63.8
1974-04-12;58.4;4;58.4
1974-04-13;60.6;4;60.6
1974-04-14;55.7;4;55.7
1974-04-15;61.0;4;61.0
1974-04-16;59.7;4;59.7
1974-04-17;58.6;4;58.6
1974-04-18;66.2;4;66.2
1974-04-19;66.1;4;66.1
1974-04-20;52.6;4;52.6
1974-04-21;58.2;4;58.2
1974-04-22;63.1;4;63.1
1974-04-23;58.9;4;58.9
1974-04-24;66.6;4;66.6
1974-04-25;62.5;4;62.5
1974-04-26;65.2;4;65.2
1974-04-27;64.1;4;64.1
1974-04-28;53.0;4;53.0
1974-04-29;56.7;4;56.7
1974-04-30;464.2;4;464.2
1974-05-01;66.6;5;66.6
1974-05-02;69.9;5;69.9
1974-05-03;71.0;5;71.0
1974-05-04;457.5;5;457.5
1974-05-05;69.8;5;69.8
1974-05-06;489.4;5;489.4
1974-05-07;78.5;5;78.5
1974-05-08;82.9;5;82.9
1974-05-09;50.3;5;50.3
1974-05-10;47.4;5;47.4
1974-05-11;50.6;5;50.6
1974-05-12;67.7;5;67.7
1974-05-13;76.7;5;76.7
1974-05-14;83.3;5;83.3
1974-05-15;75.9;5;75.9
1974-05-16;371.4;5;371.4
1974-05-17;72.4;5;72.4
1974-05-18;71.3;5;71.3
1974-05-19;71.2;5;71.2
1974-05-20;72.3;5;72.3
1974-05-21;70.0;5;70.0
1974-05-22;64.2;5;64.2
1974-05-23;55.7;5;55.7
1974-05-24;66.7;5;66.7
1974-05-25;58.1;5;58.1
1974-05-26;52.0;5;52.0
1974-05-27;57.1;5;57.1
1974-05-28;58.0;5;58.0
1974-05-29;64.7;5;64.7
1974-05-30;58.2;5;58.2
1974-05-31;60.5;5;60.5
1974-06-01;59.9;6;59.9
1974-06-02;54.0;6;54.0
1974-06-03;59.1;6;59.1
1974-06-04;60.9;6;60.9
1974-06-05;61.8;6;61.8
1974-06-06;66.0;6;66.0
1974-06-07;71.9;6;71.9
1974-06-08;71.2;6;71.2
1974-06-09;55.9;6;55.9
1974-06-10;60.2;6;60.2
1974-06-11;61.4;6;61.4
1974-06-12;72.0;6;72.0
1974-06-13;68.5;6;68.5
1974-06-14;65.1;6;65.1
1974-06-15;70.1;6;70.1
1974-06-16;57.4;6;57.4
1974-06-17;60.1;6;60.1
1974-06-18;66.2;6;66.2
1974-06-19;72.9;6;72.9
1974-06-20;70.1;6;70.1
1974-06-21;65.7;6;65.7
1974-06-22;64.0;6;64.0
1974-06-23;56.8;6;56.8
1974-06-24;64.1;6;64.1
1974-06-25;63.6;6;63.6
1974-06-26;62.2;6;62.2
1974-06-27;64.9;6;64.9
1974-06-28;63.3;6;63.3
1974-06-29;56.4;6;56.4
1974-06-30;55.5;6;55.5
1974-07-01;57.8;7;57.8
1974-07-02;62.2;7;62.2
1974-07-03;65.3;7;65.3
1974-07-04;66.6;7;66.6
1974-07-05;68.6;7;68.6
1974-07-06;62.7;7;62.7
1974-07-07;57.5;7;57.5
1974-07-08;59.0;7;59.0
1974-07-09;60.8;7;60.8
1974-07-10;64.4;7;64.4
1974-07-11;61.7;7;61.7
1974-07-12;63.7;7;63.7
1974-07-13;61.0;7;61.0
1974-07-14;56.1;7;56.1
1974-07-15;65.3;7;65.3
1974-07-16;65.6;7;65.6
1974-07-17;64.0;7;64.0
1974-07-18;63.1;7;63.1
1974-07-19;66.3;7;66.3
1974-07-20;64.2;7;64.2
1974-07-21;56.9;7;56.9
1974-07-22;63.2;7;63.2
1974-07-23;64.3;7;64.3
1974-07-24;64.3;7;64.3
1974-07-25;65.5;7;65.5
1974-07-26;66.2;7;66.2
1974-07-27;74.1;7;74.1
1974-07-28;66.5;7;66.5
1974-07-29;72.3;7;72.3
1974-07-30;71.9;7;71.9
1974-07-31;725.0;7;725.0
1974-08-01;70.5;8;70.5
1974-08-02;71.3;8;71.3
1974-08-03;68.5;8;68.5
1974-08-04;66.5;8;66.5
1974-08-05;68.0;8;68.0
1974-08-06;72.5;8;72.5
1974-08-07;65.5;8;65.5
1974-08-08;68.5;8;68.5
1974-08-09;67.5;8;67.5
1974-08-10;65.5;8;65.5
1974-08-11;55.0;8;55.0
1974-08-12;67.5;8;67.5
1974-08-13;72.5;8;72.5
1974-08-14;72.3;8;72.3
1974-08-15;57.0;8;57.0
1974-08-16;72.5;8;72.5
1974-08-17;67.5;8;67.5
1974-08-18;59.0;8;59.0
1974-08-19;70.0;8;70.0
1974-08-20;69.8;8;69.8
1974-08-21;68.0;8;68.0
1974-08-22;70.0;8;70.0
1974-08-23;77.0;8;77.0
1974-08-24;61.0;8;61.0
1974-08-25;59.0;8;59.0
1974-08-26;67.5;8;67.5
1974-08-27;76.0;8;76.0
1974-08-28;65.3;8;65.3
1974-08-29;65.5;8;65.5
1974-08-30;74.8;8;74.8
1974-08-31;70.5;8;70.5
1974-09-01;59.0;9;59.0
1974-09-02;53.0;9;53.0
1974-09-03;66.0;9;66.0
1974-09-04;55.0;9;55.0
1974-09-05;66.5;9;66.5
1974-09-06;74.5;9;74.5
1974-09-07;67.5;9;67.5
1974-09-08;58.2;9;58.2
1974-09-09;66.0;9;66.0
1974-09-10;57.0;9;57.0
1974-09-11;55.0;9;55.0
1974-09-12;71.3;9;71.3
1974-09-13;70.0;9;70.0
1974-09-14;75.0;9;75.0
1974-09-15;59.0;9;59.0
1974-09-16;58.2;9;58.2
1974-09-17;56.6;9;56.6
1974-09-18;57.8;9;57.8
1974-09-19;53.5;9;53.5
1974-09-20;57.5;9;57.5
1974-09-21;64.6;9;64.6
1974-09-22;51.9;9;51.9
1974-09-23;58.7;9;58.7
1974-09-24;64.3;9;64.3
1974-09-25;66.0;9;66.0
1974-09-26;71.1;9;71.1
1974-09-27;73.6;9;73.6
1974-09-28;66.4;9;66.4
1974-09-29;58.6;9;58.6
1974-09-30;67.1;9;67.1
1974-10-01;68.8;10;68.8
1974-10-02;65.4;10;65.4
1974-10-03;62.0;10;62.0
1974-10-04;67.0;10;67.0
1974-10-05;67.7;10;67.7
1974-10-06;55.8;10;55.8
1974-10-07;57.9;10;57.9
1974-10-08;55.6;10;55.6
1974-10-09;55.2;10;55.2
1974-10-10;56.3;10;56.3
1974-10-11;56.1;10;56.1
1974-10-12;50.5;10;50.5
1974-10-13;47.6;10;47.6
1974-10-14;47.8;10;47.8
1974-10-15;51.2;10;51.2
1974-10-16;60.2;10;60.2
1974-10-17;56.6;10;56.6
1974-10-18;54.3;10;54.3
1974-10-19;61.0;10;61.0
1974-10-20;50.6;10;50.6
1974-10-21;56.2;10;56.2
1974-10-22;59.2;10;59.2
1974-10-23;55.6;10;55.6
1974-10-24;55.7;10;55.7
1974-10-25;52.9;10;52.9
1974-10-26;62.4;10;62.4
1974-10-27;49.4;10;49.4
1974-10-28;56.2;10;56.2
1974-10-29;52.7;10;52.7
1974-10-30;49.5;10;49.5
1974-10-31;48.4;10;48.4
1974-11-01;42.6;11;42.6
1974-11-02;48.6;11;48.6
1974-11-03;38.8;11;38.8
1974-11-04;47.4;11;47.4
1974-11-05;49.6;11;49.6
1974-11-06;47.4;11;47.4
1974-11-07;47.5;11;47.5
1974-11-08;48.8;11;48.8
1974-11-09;49.1;11;49.1
1974-11-10;45.7;11;45.7
1974-11-11;44.4;11;44.4
1974-11-12;51.6;11;51.6
1974-11-13;52.4;11;52.4
1974-11-14;47.2;11;47.2
1974-11-15;49.6;11;49.6
1974-11-16;51.0;11;51.0
1974-11-17;44.1;11;44.1
1974-11-18;61.1;11;61.1
1974-11-19;65.6;11;65.6
1974-11-20;64.5;11;64.5
1974-11-21;76.5;11;76.5
1974-11-22;68.5;11;68.5
1974-11-23;57.0;11;57.0
1974-11-24;31.9;11;31.9
1974-11-25;65.8;11;65.8
1974-11-26;61.7;11;61.7
1974-11-27;59.7;11;59.7
1974-11-28;75.5;11;75.5
1974-11-29;75.5;11;75.5
1974-11-30;72.0;11;72.0
1974-12-01;46.0;12;46.0
1974-12-02;41.2;12;41.2
1974-12-03;30.6;12;30.6
1974-12-04;14.2;12;14.2
1974-12-05;16.5;12;16.5
1974-12-06;20.2;12;20.2
1974-12-07;11.7;12;11.7
1974-12-08;11.7;12;11.7
1974-12-09;54.2;12;54.2
1974-12-10;71.3;12;71.3
1974-12-11;59.5;12;59.5
1974-12-12;79.5;12;79.5
1974-12-13;67.9;12;67.9
1974-12-14;68.3;12;68.3
1974-12-15;54.6;12;54.6
1974-12-16;58.6;12;58.6
1974-12-17;55.2;12;55.2
1974-12-18;55.3;12;55.3
1974-12-19;60.8;12;60.8
1974-12-20;66.1;12;66.1
1974-12-21;45.8;12;45.8
1974-12-22;43.5;12;43.5
1974-12-23;49.5;12;49.5
1974-12-24;49.8;12;49.8
1974-12-25;42.1;12;42.1
1974-12-26;50.8;12;50.8
1974-12-27;45.0;12;45.0
1974-12-28;61.5;12;61.5
1974-12-29;68.0;12;68.0
1974-12-30;63.0;12;63.0
1974-12-31;70.0;12;70.0
1975-01-01;41.8;1;41.8
1975-01-02;42.1;1;42.1
1975-01-03;59.5;1;59.5
1975-01-04;51.5;1;51.5
1975-01-05;53.9;1;53.9
1975-01-06;46.5;1;46.5
1975-01-07;19.0;1;19.0
1975-01-08;46.5;1;46.5
1975-01-09;45.0;1;45.0
1975-01-10;59.9;1;59.9
1975-01-11;57.0;1;57.0
1975-01-12;56.0;1;56.0
1975-01-13;61.8;1;61.8
1975-01-14;56.3;1;56.3
1975-01-15;59.5;1;59.5
1975-01-16;56.3;1;56.3
1975-01-17;63.8;1;63.8
1975-01-18;55.8;1;55.8
1975-01-19;47.3;1;47.3
1975-01-20;62.3;1;62.3
1975-01-21;64.3;1;64.3
1975-01-22;67.4;1;67.4
1975-01-23;68.1;1;68.1
1975-01-24;68.6;1;68.6
1975-01-25;68.3;1;68.3
1975-01-26;54.4;1;54.4
1975-01-27;65.6;1;65.6
1975-01-28;67.4;1;67.4
1975-01-29;69.9;1;69.9
1975-01-30;69.5;1;69.5
1975-01-31;70.3;1;70.3
1975-02-01;72.2;2;72.2
1975-02-02;68.3;2;68.3
1975-02-03;68.1;2;68.1
1975-02-04;67.7;2;67.7
1975-02-05;70.7;2;70.7
1975-02-06;69.0;2;69.0
1975-02-07;69.1;2;69.1
1975-02-08;62.4;2;62.4
1975-02-09;53.2;2;53.2
1975-02-10;64.1;2;64.1
1975-02-11;65.8;2;65.8
1975-02-12;63.0;2;63.0
1975-02-13;70.5;2;70.5
1975-02-14;73.3;2;73.3
1975-02-15;71.8;2;71.8
1975-02-16;59.5;2;59.5
1975-02-17;67.3;2;67.3
1975-02-18;71.6;2;71.6
1975-02-19;69.1;2;69.1
1975-02-20;67.9;2;67.9
1975-02-21;68.7;2;68.7
1975-02-22;63.2;2;63.2
1975-02-23;56.1;2;56.1
1975-02-24;65.5;2;65.5
1975-02-25;68.4;2;68.4
1975-02-26;67.6;2;67.6
1975-02-27;68.9;2;68.9
1975-02-28;67.9;2;67.9
1975-03-01;65.8;3;65.8
1975-03-02;45.5;3;45.5
1975-03-03;61.8;3;61.8
1975-03-04;72.9;3;72.9
1975-03-05;73.7;3;73.7
1975-03-06;75.4;3;75.4
1975-03-07;78.2;3;78.2
1975-03-08;67.5;3;67.5
1975-03-09;45.3;3;45.3
1975-03-10;67.7;3;67.7
1975-03-11;71.9;3;71.9
1975-03-12;68.7;3;68.7
1975-03-13;68.5;3;68.5
1975-03-14;67.6;3;67.6
1975-03-15;70.1;3;70.1
1975-03-16;56.6;3;56.6
1975-03-17;66.7;3;66.7
1975-03-18;69.7;3;69.7
1975-03-19;56.2;3;56.2
1975-03-20;66.6;3;66.6
1975-03-21;61.8;3;61.8
1975-03-22;48.0;3;48.0
1975-03-23;44.9;3;44.9
1975-03-24;83.5;3;83.5
1975-03-25;92.3;3;92.3
1975-03-26;94.3;3;94.3
1975-03-27;58.2;3;58.2
1975-03-28;54.7;3;54.7
1975-03-29;68.7;3;68.7
1975-03-30;62.9;3;62.9
1975-03-31;67.0;3;67.0
1975-04-01;72.9;4;72.9
1975-04-02;49.6;4;49.6
1975-04-03;71.7;4;71.7
1975-04-04;70.3;4;70.3
1975-04-05;68.8;4;68.8
1975-04-06;57.0;4;57.0
1975-04-07;66.1;4;66.1
1975-04-08;71.5;4;71.5
1975-04-09;70.2;4;70.2
1975-04-10;66.6;4;66.6
1975-04-11;71.9;4;71.9
1975-04-12;78.1;4;78.1
1975-04-13;63.8;4;63.8
1975-04-14;69.3;4;69.3
1975-04-15;63.3;4;63.3
1975-04-16;62.6;4;62.6
1975-04-17;67.4;4;67.4
1975-04-18;68.3;4;68.3
1975-04-19;80.8;4;80.8
1975-04-20;55.9;4;55.9
1975-04-21;64.4;4;64.4
1975-04-22;66.3;4;66.3
1975-04-23;71.1;4;71.1
1975-04-24;69.9;4;69.9
1975-04-25;70.4;4;70.4
1975-04-26;66.9;4;66.9
1975-04-27;56.0;4;56.0
1975-04-28;66.6;4;66.6
1975-04-29;65.6;4;65.6
1975-04-30;63.7;4;63.7
1975-05-01;54.1;5;54.1
1975-05-02;65.5;5;65.5
1975-05-03;62.9;5;62.9
1975-05-04;47.7;5;47.7
1975-05-05;57.7;5;57.7
1975-05-06;57.4;5;57.4
1975-05-07;63.7;5;63.7
1975-05-08;53.9;5;53.9
1975-05-09;68.5;5;68.5
1975-05-10;71.9;5;71.9
1975-05-11;71.0;5;71.0
1975-05-12;74.5;5;74.5
1975-05-13;101.3;5;101.3
1975-05-14;76.3;5;76.3
1975-05-15;64.0;5;64.0
1975-05-16;72.0;5;72.0
1975-05-17;78.6;5;78.6
1975-05-18;64.4;5;64.4
1975-05-19;69.9;5;69.9
1975-05-20;79.7;5;79.7
1975-05-21;77.8;5;77.8
1975-05-22;71.8;5;71.8
1975-05-23;78.7;5;78.7
1975-05-24;77.2;5;77.2
1975-05-25;74.8;5;74.8
1975-05-26;76.6;5;76.6
1975-05-27;81.6;5;81.6
1975-05-28;83.4;5;83.4
1975-05-29;77.3;5;77.3
1975-05-30;84.8;5;84.8
1975-05-31;84.8;5;84.8
1975-06-01;60.4;6;60.4
1975-06-02;69.1;6;69.1
1975-06-03;59.4;6;59.4
1975-06-04;60.6;6;60.6
1975-06-05;59.5;6;59.5
1975-06-06;54.0;6;54.0
1975-06-07;59.3;6;59.3
1975-06-08;52.9;6;52.9
1975-06-09;55.0;6;55.0
1975-06-10;55.8;6;55.8
1975-06-11;59.4;6;59.4
1975-06-12;58.8;6;58.8
1975-06-13;58.4;6;58.4
1975-06-14;58.2;6;58.2
1975-06-15;51.2;6;51.2
1975-06-16;58.7;6;58.7
1975-06-17;60.1;6;60.1
1975-06-18;61.8;6;61.8
1975-06-19;61.1;6;61.1
1975-06-20;64.9;6;64.9
1975-06-21;64.6;6;64.6
1975-06-22;50.0;6;50.0
1975-06-23;59.8;6;59.8
1975-06-24;59.9;6;59.9
1975-06-25;62.6;6;62.6
1975-06-26;64.7;6;64.7
1975-06-27;63.6;6;63.6
1975-06-28;61.6;6;61.6
1975-06-29;49.5;6;49.5
1975-06-30;58.0;6;58.0
1975-07-01;61.7;7;61.7
1975-07-02;62.8;7;62.8
1975-07-03;64.3;7;64.3
1975-07-04;64.3;7;64.3
1975-07-05;69.3;7;69.3
1975-07-06;56.7;7;56.7
1975-07-07;63.6;7;63.6
1975-07-08;66.2;7;66.2
1975-07-09;65.1;7;65.1
1975-07-10;65.5;7;65.5
1975-07-11;67.5;7;67.5
1975-07-12;63.8;7;63.8
1975-07-13;51.8;7;51.8
1975-07-14;56.9;7;56.9
1975-07-15;64.1;7;64.1
1975-07-16;63.5;7;63.5
1975-07-17;64.9;7;64.9
1975-07-18;64.1;7;64.1
1975-07-19;63.2;7;63.2
1975-07-20;51.1;7;51.1
1975-07-21;60.5;7;60.5
1975-07-22;63.6;7;63.6
1975-07-23;65.0;7;65.0
1975-07-24;60.3;7;60.3
1975-07-25;62.5;7;62.5
1975-07-26;63.4;7;63.4
1975-07-27;51.9;7;51.9
1975-07-28;68.4;7;68.4
1975-07-29;69.7;7;69.7
1975-07-30;55.0;7;55.0
1975-07-31;43.0;7;43.0
1975-08-01;86.2;8;86.2
1975-08-02;84.1;8;84.1
1975-08-03;59.8;8;59.8
1975-08-04;65.6;8;65.6
1975-08-05;67.8;8;67.8
1975-08-06;71.2;8;71.2
1975-08-07;60.4;8;60.4
1975-08-08;69.9;8;69.9
1975-08-09;69.2;8;69.2
1975-08-10;57.3;8;57.3
1975-08-11;69.7;8;69.7
1975-08-12;70.6;8;70.6
1975-08-13;74.5;8;74.5
1975-08-14;78.2;8;78.2
1975-08-15;69.1;8;69.1
1975-08-16;75.1;8;75.1
1975-08-17;61.8;8;61.8
1975-08-18;68.7;8;68.7
1975-08-19;71.8;8;71.8
1975-08-20;74.4;8;74.4
1975-08-21;73.3;8;73.3
1975-08-22;74.0;8;74.0
1975-08-23;70.8;8;70.8
1975-08-24;62.2;8;62.2
1975-08-25;73.0;8;73.0
1975-08-26;71.6;8;71.6
1975-08-27;74.8;8;74.8
1975-08-28;70.4;8;70.4
1975-08-29;73.9;8;73.9
1975-08-30;74.9;8;74.9
1975-08-31;60.6;8;60.6
1975-09-01;73.5;9;73.5
1975-09-02;75.8;9;75.8
1975-09-03;73.9;9;73.9
1975-09-04;74.6;9;74.6
1975-09-05;72.4;9;72.4
1975-09-06;71.9;9;71.9
1975-09-07;62.1;9;62.1
1975-09-08;69.4;9;69.4
1975-09-09;72.6;9;72.6
1975-09-10;74.2;9;74.2
1975-09-11;76.0;9;76.0
1975-09-12;77.7;9;77.7
1975-09-13;74.3;9;74.3
1975-09-14;62.7;9;62.7
1975-09-15;70.2;9;70.2
1975-09-16;73.2;9;73.2
1975-09-17;72.6;9;72.6
1975-09-18;69.4;9;69.4
1975-09-19;74.0;9;74.0
1975-09-20;68.4;9;68.4
1975-09-21;61.5;9;61.5
1975-09-22;70.7;9;70.7
1975-09-23;73.3;9;73.3
1975-09-24;74.5;9;74.5
1975-09-25;76.4;9;76.4
1975-09-26;77.3;9;77.3
1975-09-27;75.0;9;75.0
1975-09-28;66.3;9;66.3
1975-09-29;78.8;9;78.8
1975-09-30;79.1;9;79.1
1975-10-01;74.3;10;74.3
1975-10-02;73.0;10;73.0
1975-10-03;78.0;10;78.0
1975-10-04;74.8;10;74.8
1975-10-05;64.8;10;64.8
1975-10-06;73.6;10;73.6
1975-10-07;75.6;10;75.6
1975-10-08;70.3;10;70.3
1975-10-09;59.9;10;59.9
1975-10-10;69.5;10;69.5
1975-10-11;72.6;10;72.6
1975-10-12;56.5;10;56.5
1975-10-13;69.3;10;69.3
1975-10-14;69.4;10;69.4
1975-10-15;72.8;10;72.8
1975-10-16;72.9;10;72.9
1975-10-17;71.1;10;71.1
1975-10-18;68.0;10;68.0
1975-10-19;53.9;10;53.9
1975-10-20;67.3;10;67.3
1975-10-21;67.2;10;67.2
1975-10-22;70.3;10;70.3
1975-10-23;98.9;10;98.9
1975-10-24;70.6;10;70.6
1975-10-25;70.6;10;70.6
1975-10-26;56.2;10;56.2
1975-10-27;65.2;10;65.2
1975-10-28;65.3;10;65.3
1975-10-29;65.6;10;65.6
1975-10-30;63.9;10;63.9
1975-10-31;61.5;10;61.5
1975-11-01;55.5;11;55.5
1975-11-02;50.5;11;50.5
1975-11-03;64.3;11;64.3
1975-11-04;65.2;11;65.2
1975-11-05;65.8;11;65.8
1975-11-06;64.2;11;64.2
1975-11-07;62.1;11;62.1
1975-11-08;64.8;11;64.8
1975-11-09;58.7;11;58.7
1975-11-10;66.0;11;66.0
1975-11-11;56.3;11;56.3
1975-11-12;61.6;11;61.6
1975-11-13;64.6;11;64.6
1975-11-14;59.2;11;59.2
1975-11-15;67.0;11;67.0
1975-11-16;53.6;11;53.6
1975-11-17;64.6;11;64.6
1975-11-18;67.1;11;67.1
1975-11-19;68.4;11;68.4
1975-11-20;68.2;11;68.2
1975-11-21;71.0;11;71.0
1975-11-22;63.3;11;63.3
1975-11-23;54.8;11;54.8
1975-11-24;65.5;11;65.5
1975-11-25;70.4;11;70.4
1975-11-26;74.5;11;74.5
1975-11-27;74.3;11;74.3
1975-11-28;68.4;11;68.4
1975-11-29;71.8;11;71.8
1975-11-30;56.5;11;56.5
1975-12-01;64.6;12;64.6
1975-12-02;68.7;12;68.7
1975-12-03;63.3;12;63.3
1975-12-04;67.8;12;67.8
1975-12-05;80.4;12;80.4
1975-12-06;76.7;12;76.7
1975-12-07;68.9;12;68.9
1975-12-08;64.3;12;64.3
1975-12-09;76.6;12;76.6
1975-12-10;74.2;12;74.2
1975-12-11;70.0;12;70.0
1975-12-12;73.7;12;73.7
1975-12-13;75.4;12;75.4
1975-12-14;64.7;12;64.7
1975-12-15;72.3;12;72.3
1975-12-16;73.1;12;73.1
1975-12-17;74.2;12;74.2
1975-12-18;89.6;12;89.6
1975-12-19;775.2;12;775.2
1975-12-20;509.2;12;509.2
1975-12-21;89.9;12;89.9
1975-12-22;103.0;12;103.0
1975-12-23;99.3;12;99.3
1975-12-24;110.6;12;110.6
1975-12-25;104.8;12;104.8
1975-12-26;100.2;12;100.2
1975-12-27;84.7;12;84.7
1975-12-28;79.1;12;79.1
1975-12-29;80.3;12;80.3
1975-12-30;81.9;12;81.9
1975-12-31;83.2;12;83.2
1976-01-01;69.5;1;69.5
1976-01-02;75.4;1;75.4
1976-01-03;79.5;1;79.5
1976-01-04;69.6;1;69.6
1976-01-05;77.7;1;77.7
1976-01-06;70.9;1;70.9
1976-01-07;75.2;1;75.2
1976-01-08;78.9;1;78.9
1976-01-09;75.1;1;75.1
1976-01-10;77.7;1;77.7
1976-01-11;65.3;1;65.3
1976-01-12;74.7;1;74.7
1976-01-13;77.6;1;77.6
1976-01-14;79.1;1;79.1
1976-01-15;80.4;1;80.4
1976-01-16;81.0;1;81.0
1976-01-17;77.1;1;77.1
1976-01-18;74.3;1;74.3
1976-01-19;80.2;1;80.2
1976-01-20;80.0;1;80.0
1976-01-21;81.9;1;81.9
1976-01-22;83.9;1;83.9
1976-01-23;86.8;1;86.8
1976-01-24;81.2;1;81.2
1976-01-25;70.5;1;70.5
1976-01-26;81.4;1;81.4
1976-01-27;82.5;1;82.5
1976-01-28;87.5;1;87.5
1976-01-29;86.7;1;86.7
1976-01-30;88.7;1;88.7
1976-01-31;84.6;1;84.6
1976-02-01;77.1;2;77.1
1976-02-02;83.3;2;83.3
1976-02-03;86.4;2;86.4
1976-02-04;86.2;2;86.2
1976-02-05;88.3;2;88.3
1976-02-06;86.9;2;86.9
1976-02-07;82.6;2;82.6
1976-02-08;66.9;2;66.9
1976-02-09;85.2;2;85.2
1976-02-10;89.3;2;89.3
1976-02-11;89.0;2;89.0
1976-02-12;87.4;2;87.4
1976-02-13;84.8;2;84.8
1976-02-14;81.9;2;81.9
1976-02-15;75.9;2;75.9
1976-02-16;83.1;2;83.1
1976-02-17;85.4;2;85.4
1976-02-18;84.5;2;84.5
1976-02-19;78.8;2;78.8
1976-02-20;82.1;2;82.1
1976-02-21;77.1;2;77.1
1976-02-22;59.5;2;59.5
1976-02-23;71.6;2;71.6
1976-02-24;73.1;2;73.1
1976-02-25;72.0;2;72.0
1976-02-26;71.9;2;71.9
1976-02-27;72.9;2;72.9
1976-02-28;70.7;2;70.7
1976-02-29;61.0;2;61.0
1976-03-01;69.6;3;69.6
1976-03-02;77.6;3;77.6
1976-03-03;77.5;3;77.5
1976-03-04;78.4;3;78.4
1976-03-05;78.1;3;78.1
1976-03-06;80.7;3;80.7
1976-03-07;65.0;3;65.0
1976-03-08;77.1;3;77.1
1976-03-09;78.8;3;78.8
1976-03-10;75.8;3;75.8
1976-03-11;77.9;3;77.9
1976-03-12;76.6;3;76.6
1976-03-13;78.9;3;78.9
1976-03-14;71.9;3;71.9
1976-03-15;79.6;3;79.6
1976-03-16;79.4;3;79.4
1976-03-17;83.6;3;83.6
1976-03-18;81.4;3;81.4
1976-03-19;70.0;3;70.0
1976-03-20;79.4;3;79.4
1976-03-21;71.0;3;71.0
1976-03-22;74.5;3;74.5
1976-03-23;77.7;3;77.7
1976-03-24;76.1;3;76.1
1976-03-25;77.2;3;77.2
1976-03-26;75.2;3;75.2
1976-03-27;74.7;3;74.7
1976-03-28;64.2;3;64.2
1976-03-29;76.9;3;76.9
1976-03-30;78.7;3;78.7
1976-03-31;89.9;3;89.9
1976-04-01;90.6;4;90.6
1976-04-02;92.5;4;92.5
1976-04-03;82.2;4;82.2
1976-04-04;63.9;4;63.9
1976-04-05;75.0;4;75.0
1976-04-06;81.1;4;81.1
1976-04-07;79.3;4;79.3
1976-04-08;79.9;4;79.9
1976-04-09;79.1;4;79.1
1976-04-10;76.8;4;76.8
1976-04-11;68.2;4;68.2
1976-04-12;75.9;4;75.9
1976-04-13;82.4;4;82.4
1976-04-14;88.5;4;88.5
1976-04-15;61.1;4;61.1
1976-04-16;67.5;4;67.5
1976-04-17;63.1;4;63.1
1976-04-18;66.2;4;66.2
1976-04-19;83.1;4;83.1
1976-04-20;86.7;4;86.7
1976-04-21;82.0;4;82.0
1976-04-22;91.2;4;91.2
1976-04-23;88.5;4;88.5
1976-04-24;82.5;4;82.5
1976-04-25;88.3;4;88.3
1976-04-26;81.0;4;81.0
1976-04-27;92.0;4;92.0
1976-04-28;92.8;4;92.8
1976-04-29;99.0;4;99.0
1976-04-30;98.0;4;98.0
1976-05-01;80.0;5;80.0
1976-05-02;881.9;5;881.9
1976-05-03;569.8;5;569.8
1976-05-04;90.7;5;90.7
1976-05-05;88.6;5;88.6
1976-05-06;90.9;5;90.9
1976-05-07;92.1;5;92.1
1976-05-08;88.3;5;88.3
1976-05-09;75.1;5;75.1
1976-05-10;83.1;5;83.1
1976-05-11;72.9;5;72.9
1976-05-12;75.9;5;75.9
1976-05-13;74.5;5;74.5
1976-05-14;74.1;5;74.1
1976-05-15;75.6;5;75.6
1976-05-16;61.8;5;61.8
1976-05-17;74.6;5;74.6
1976-05-18;75.4;5;75.4
1976-05-19;85.8;5;85.8
1976-05-20;94.3;5;94.3
1976-05-21;94.9;5;94.9
1976-05-22;67.1;5;67.1
1976-05-23;66.3;5;66.3
1976-05-24;73.2;5;73.2
1976-05-25;74.5;5;74.5
1976-05-26;85.7;5;85.7
1976-05-27;70.8;5;70.8
1976-05-28;79.7;5;79.7
1976-05-29;77.4;5;77.4
1976-05-30;65.1;5;65.1
1976-05-31;77.1;5;77.1
1976-06-01;75.9;6;75.9
1976-06-02;78.9;6;78.9
1976-06-03;76.8;6;76.8
1976-06-04;77.0;6;77.0
1976-06-05;77.4;6;77.4
1976-06-06;63.2;6;63.2
1976-06-07;75.4;6;75.4
1976-06-08;78.1;6;78.1
1976-06-09;77.3;6;77.3
1976-06-10;75.0;6;75.0
1976-06-11;76.3;6;76.3
1976-06-12;78.2;6;78.2
1976-06-13;66.7;6;66.7
1976-06-14;79.0;6;79.0
1976-06-15;77.7;6;77.7
1976-06-16;79.8;6;79.8
1976-06-17;70.2;6;70.2
1976-06-18;80.2;6;80.2
1976-06-19;78.8;6;78.8
1976-06-20;67.5;6;67.5
1976-06-21;76.1;6;76.1
1976-06-22;80.0;6;80.0
1976-06-23;83.8;6;83.8
1976-06-24;82.7;6;82.7
1976-06-25;74.0;6;74.0
1976-06-26;77.8;6;77.8
1976-06-27;70.3;6;70.3
1976-06-28;77.9;6;77.9
1976-06-29;65.7;6;65.7
1976-06-30;79.8;6;79.8
1976-07-01;80.4;7;80.4
1976-07-02;84.0;7;84.0
1976-07-03;78.1;7;78.1
1976-07-04;76.0;7;76.0
1976-07-05;79.0;7;79.0
1976-07-06;80.5;7;80.5
1976-07-07;81.2;7;81.2
1976-07-08;83.0;7;83.0
1976-07-09;83.8;7;83.8
1976-07-10;82.3;7;82.3
1976-07-11;73.0;7;73.0
1976-07-12;82.0;7;82.0
1976-07-13;83.6;7;83.6
1976-07-14;84.5;7;84.5
1976-07-15;85.4;7;85.4
1976-07-16;89.9;7;89.9
1976-07-17;83.1;7;83.1
1976-07-18;74.0;7;74.0
1976-07-19;85.6;7;85.6
1976-07-20;75.6;7;75.6
1976-07-21;84.8;7;84.8
1976-07-22;86.7;7;86.7
1976-07-23;89.5;7;89.5
1976-07-24;84.6;7;84.6
1976-07-25;75.8;7;75.8
1976-07-26;81.0;7;81.0
1976-07-27;85.4;7;85.4
1976-07-28;85.8;7;85.8
1976-07-29;87.2;7;87.2
1976-07-30;84.3;7;84.3
1976-07-31;88.1;7;88.1
1976-08-01;79.6;8;79.6
1976-08-02;81.3;8;81.3
1976-08-03;86.2;8;86.2
1976-08-04;88.0;8;88.0
1976-08-05;89.8;8;89.8
1976-08-06;89.8;8;89.8
1976-08-07;73.8;8;73.8
1976-08-08;65.2;8;65.2
1976-08-09;74.3;8;74.3
1976-08-10;80.5;8;80.5
1976-08-11;83.2;8;83.2
1976-08-12;82.2;8;82.2
1976-08-13;85.0;8;85.0
1976-08-14;40.5;8;40.5
1976-08-15;32.7;8;32.7
1976-08-16;38.7;8;38.7
1976-08-17;40.4;8;40.4
1976-08-18;44.2;8;44.2
1976-08-19;39.7;8;39.7
1976-08-20;42.6;8;42.6
1976-08-21;43.6;8;43.6
1976-08-22;30.2;8;30.2
1976-08-23;42.0;8;42.0
1976-08-24;32.9;8;32.9
1976-08-25;31.8;8;31.8
1976-08-26;34.8;8;34.8
1976-08-27;33.2;8;33.2
1976-08-28;27.2;8;27.2
1976-08-29;25.3;8;25.3
1976-08-30;30.5;8;30.5
1976-08-31;32.5;8;32.5
1976-09-01;28.6;9;28.6
1976-09-02;19.9;9;19.9
1976-09-03;20.6;9;20.6
1976-09-04;22.5;9;22.5
1976-09-05;10.1;9;10.1
1976-09-06;18.2;9;18.2
1976-09-07;16.6;9;16.6
1976-09-08;23.1;9;23.1
1976-09-09;19.7;9;19.7
1976-09-10;19.9;9;19.9
1976-09-11;25.3;9;25.3
1976-09-12;13.3;9;13.3
1976-09-13;19.0;9;19.0
1976-09-14;24.7;9;24.7
1976-09-15;23.7;9;23.7
1976-09-16;19.6;9;19.6
1976-09-17;27.4;9;27.4
1976-09-18;28.5;9;28.5
1976-09-19;11.2;9;11.2
1976-09-20;29.1;9;29.1
1976-09-21;29.9;9;29.9
1976-09-22;27.2;9;27.2
1976-09-23;29.1;9;29.1
1976-09-24;32.7;9;32.7
1976-09-25;32.8;9;32.8
1976-09-26;12.9;9;12.9
1976-09-27;15.2;9;15.2
1976-09-28;22.5;9;22.5
1976-09-29;26.5;9;26.5
1976-09-30;23.2;9;23.2
1976-10-01;22.3;10;22.3
1976-10-02;20.1;10;20.1
1976-10-03;20.8;10;20.8
1976-10-04;20.5;10;20.5
1976-10-05;19.3;10;19.3
1976-10-06;20.6;10;20.6
1976-10-07;19.5;10;19.5
1976-10-08;21.3;10;21.3
1976-10-09;11.3;10;11.3
1976-10-10;9.3;10;9.3
1976-10-11;14.4;10;14.4
1976-10-12;9.9;10;9.9
1976-10-13;16.1;10;16.1
1976-10-14;14.8;10;14.8
1976-10-15;15.8;10;15.8
1976-10-16;12.7;10;12.7
1976-10-17;8.2;10;8.2
1976-10-18;20.3;10;20.3
1976-10-19;18.2;10;18.2
1976-10-20;18.8;10;18.8
1976-10-21;19.7;10;19.7
1976-10-22;26.6;10;26.6
1976-10-23;22.9;10;22.9
1976-10-24;20.5;10;20.5
1976-10-25;23.0;10;23.0
1976-10-26;23.1;10;23.1
1976-10-27;22.9;10;22.9
1976-10-28;20.2;10;20.2
1976-10-29;23.1;10;23.1
1976-10-30;24.0;10;24.0
1976-10-31;19.4;10;19.4
1976-11-01;20.1;11;20.1
1976-11-02;27.9;11;27.9
1976-11-03;28.7;11;28.7
1976-11-04;39.7;11;39.7
1976-11-05;40.2;11;40.2
1976-11-06;36.0;11;36.0
1976-11-07;23.8;11;23.8
1976-11-08;33.3;11;33.3
1976-11-09;36.2;11;36.2
1976-11-10;36.5;11;36.5
1976-11-11;25.6;11;25.6
1976-11-12;34.2;11;34.2
1976-11-13;35.0;11;35.0
1976-11-14;25.5;11;25.5
1976-11-15;32.5;11;32.5
1976-11-16;33.5;11;33.5
1976-11-17;33.9;11;33.9
1976-11-18;35.0;11;35.0
1976-11-19;35.2;11;35.2
1976-11-20;34.5;11;34.5
1976-11-21;20.6;11;20.6
1976-11-22;33.9;11;33.9
1976-11-23;32.9;11;32.9
1976-11-24;33.9;11;33.9
1976-11-25;42.2;11;42.2
1976-11-26;46.4;11;46.4
1976-11-27;44.2;11;44.2
1976-11-28;31.9;11;31.9
1976-11-29;47.7;11;47.7
1976-11-30;53.3;11;53.3
1976-12-01;54.4;12;54.4
1976-12-02;33.8;12;33.8
1976-12-03;30.1;12;30.1
1976-12-04;19.0;12;19.0
1976-12-05;13.4;12;13.4
1976-12-06;16.1;12;16.1
1976-12-07;24.9;12;24.9
1976-12-08;12.4;12;12.4
1976-12-09;15.1;12;15.1
1976-12-10;29.9;12;29.9
1976-12-11;52.2;12;52.2
1976-12-12;18.0;12;18.0
1976-12-13;30.0;12;30.0
1976-12-14;36.1;12;36.1
1976-12-15;21.4;12;21.4
1976-12-16;15.9;12;15.9
1976-12-17;17.6;12;17.6
1976-12-18;40.5;12;40.5
1976-12-19;30.7;12;30.7
1976-12-20;41.2;12;41.2
1976-12-21;43.9;12;43.9
1976-12-22;31.4;12;31.4
1976-12-23;31.4;12;31.4
1976-12-24;31.8;12;31.8
1976-12-25;22.6;12;22.6
1976-12-26;6.3;12;6.3
1976-12-27;25.4;12;25.4
1976-12-28;27.3;12;27.3
1976-12-29;30.7;12;30.7
1976-12-30;31.0;12;31.0
1976-12-31;30.6;12;30.6
1977-01-01;38.06;1;38.06
1977-01-02;19.63;1;19.63
1977-01-03;46.25;1;46.25
1977-01-04;46.12;1;46.12
1977-01-05;53.1;1;53.1
1977-01-06;34.06;1;34.06
1977-01-07;48.1;1;48.1
1977-01-08;44.27;1;44.27
1977-01-09;39.22;1;39.22
1977-01-10;51.88;1;51.88
1977-01-11;60.59;1;60.59
1977-01-12;44.39;1;44.39
1977-01-13;40.2;1;40.2
1977-01-14;42.37;1;42.37
1977-01-15;43.78;1;43.78
1977-01-16;27.1;1;27.1
1977-01-17;41.12;1;41.12
1977-01-18;39.36;1;39.36
1977-01-19;39.29;1;39.29
1977-01-20;39.96;1;39.96
1977-01-21;35.9;1;35.9
1977-01-22;39.44;1;39.44
1977-01-23;28.5;1;28.5
1977-01-24;31.71;1;31.71
1977-01-25;32.55;1;32.55
1977-01-26;43.5;1;43.5
1977-01-27;42.8;1;42.8
1977-01-28;42.0;1;42.0
1977-01-29;22.4;1;22.4
1977-01-30;20.84;1;20.84
1977-01-31;40.0;1;40.0
1977-02-01;32.0;2;32.0
1977-02-02;9.0;2;9.0
1977-02-03;5.42;2;5.42
1977-02-04;20.84;2;20.84
1977-02-05;14.34;2;14.34
1977-02-06;24.34;2;24.34
1977-02-07;28.34;2;28.34
1977-02-08;49.0;2;49.0
1977-02-09;53.0;2;53.0
1977-02-10;33.5;2;33.5
1977-02-11;35.0;2;35.0
1977-02-12;32.3;2;32.3
1977-02-13;13.75;2;13.75
1977-02-14;2.45;2;2.45
1977-02-15;10.7;2;10.7
1977-02-16;5.34;2;5.34
1977-02-17;11.5;2;11.5
1977-02-18;55.0;2;55.0
1977-02-19;27.54;2;27.54
1977-02-20;35.94;2;35.94
1977-02-21;56.0;2;56.0
1977-02-22;35.0;2;35.0
1977-02-23;20.84;2;20.84
1977-02-24;44.0;2;44.0
1977-02-25;46.0;2;46.0
1977-02-26;24.34;2;24.34
1977-02-27;1.44;2;1.44
1977-02-28;40.0;2;40.0
1977-03-01;11.34;3;11.34
1977-03-02;29.34;3;29.34
1977-03-03;24.34;3;24.34
1977-03-04;37.2;3;37.2
1977-03-05;36.5;3;36.5
1977-03-06;27.0;3;27.0
1977-03-07;24.1;3;24.1
1977-03-08;45.0;3;45.0
1977-03-09;40.0;3;40.0
1977-03-10;41.0;3;41.0
1977-03-11;25.25;3;25.25
1977-03-12;47.0;3;47.0
1977-03-13;47.0;3;47.0
1977-03-14;27.62;3;27.62
1977-03-15;5.9;3;5.9
1977-03-16;38.4;3;38.4
1977-03-17;18.77;3;18.77
1977-03-18;39.6;3;39.6
1977-03-19;4.0;3;4.0
1977-03-20;11.5;3;11.5
1977-03-21;25.94;3;25.94
1977-03-22;28.0;3;28.0
1977-03-23;31.0;3;31.0
1977-03-24;33.5;3;33.5
1977-03-25;20.3;3;20.3
1977-03-26;14.8;3;14.8
1977-03-27;25.7;3;25.7
1977-03-28;17.8;3;17.8
1977-03-29;14.42;3;14.42
1977-03-30;14.05;3;14.05
1977-03-31;52.7;3;52.7
1977-04-01;23.7;4;23.7
1977-04-02;27.6;4;27.6
1977-04-03;3.3;4;3.3
1977-04-04;12.3;4;12.3
1977-04-05;67.6;4;67.6
1977-04-06;75.9;4;75.9
1977-04-07;25.8;4;25.8
1977-04-08;27.0;4;27.0
1977-04-09;24.0;4;24.0
1977-04-10;13.3;4;13.3
1977-04-11;55.5;4;55.5
1977-04-12;61.5;4;61.5
1977-04-13;75.8;4;75.8
1977-04-14;78.7;4;78.7
1977-04-15;73.9;4;73.9
1977-04-16;86.4;4;86.4
1977-04-17;59.2;4;59.2
1977-04-18;72.0;4;72.0
1977-04-19;82.5;4;82.5
1977-04-20;78.4;4;78.4
1977-04-21;86.5;4;86.5
1977-04-22;60.6;4;60.6
1977-04-23;57.4;4;57.4
1977-04-24;54.2;4;54.2
1977-04-25;61.4;4;61.4
1977-04-26;60.6;4;60.6
1977-04-27;65.0;4;65.0
1977-04-28;62.5;4;62.5
1977-04-29;63.9;4;63.9
1977-04-30;37.0;4;37.0
1977-05-01;13.06;5;13.06
1977-05-02;40.2;5;40.2
1977-05-03;50.7;5;50.7
1977-05-04;69.6;5;69.6
1977-05-05;31.06;5;31.06
1977-05-06;50.3;5;50.3
1977-05-07;35.6;5;35.6
1977-05-08;33.5;5;33.5
1977-05-09;41.0;5;41.0
1977-05-10;44.2;5;44.2
1977-05-11;53.6;5;53.6
1977-05-12;44.8;5;44.8
1977-05-13;47.5;5;47.5
1977-05-14;65.7;5;65.7
1977-05-15;38.0;5;38.0
1977-05-16;25.77;5;25.77
1977-05-17;53.5;5;53.5
1977-05-18;37.8;5;37.8
1977-05-19;24.6;5;24.6
1977-05-20;46.1;5;46.1
1977-05-21;47.7;5;47.7
1977-05-22;41.0;5;41.0
1977-05-23;44.6;5;44.6
1977-05-24;59.5;5;59.5
1977-05-25;74.5;5;74.5
1977-05-26;49.9;5;49.9
1977-05-27;41.6;5;41.6
1977-05-28;11.95;5;11.95
1977-05-29;2.37;5;2.37
1977-05-30;21.6;5;21.6
1977-05-31;41.8;5;41.8
1977-06-01;46.6;6;46.6
1977-06-02;47.5;6;47.5
1977-06-03;44.2;6;44.2
1977-06-04;32.0;6;32.0
1977-06-05;6.92;6;6.92
1977-06-06;50.5;6;50.5
1977-06-07;35.2;6;35.2
1977-06-08;18.6;6;18.6
1977-06-09;29.9;6;29.9
1977-06-10;51.8;6;51.8
1977-06-11;20.3;6;20.3
1977-06-12;17.5;6;17.5
1977-06-13;23.1;6;23.1
1977-06-14;33.2;6;33.2
1977-06-15;32.6;6;32.6
1977-06-16;63.2;6;63.2
1977-06-17;3.2;6;3.2
1977-06-18;40.92;6;40.92
1977-06-19;6.6;6;6.6
1977-06-20;30.38;6;30.38
1977-06-21;35.6;6;35.6
1977-06-22;24.5;6;24.5
1977-06-23;26.8;6;26.8
1977-06-24;21.75;6;21.75
1977-06-25;13.82;6;13.82
1977-06-26;9.42;6;9.42
1977-06-27;30.4;6;30.4
1977-06-28;28.0;6;28.0
1977-06-29;26.02;6;26.02
1977-06-30;19.52;6;19.52
1977-07-01;28.8;7;28.8
1977-07-02;18.9;7;18.9
1977-07-03;2.0;7;2.0
1977-07-04;26.34;7;26.34
1977-07-05;46.4;7;46.4
1977-07-06;31.0;7;31.0
1977-07-07;33.1;7;33.1
1977-07-08;47.0;7;47.0
1977-07-09;17.5;7;17.5
1977-07-10;1.4;7;1.4
1977-07-11;23.55;7;23.55
1977-07-12;24.8;7;24.8
1977-07-13;28.8;7;28.8
1977-07-14;52.38;7;52.38
1977-07-15;37.2;7;37.2
1977-07-16;12.98;7;12.98
1977-07-17;1.52;7;1.52
1977-07-18;52.38;7;52.38
1977-07-19;26.02;7;26.02
1977-07-20;1.6;7;1.6
1977-07-21;32.42;7;32.42
1977-07-22;54.2;7;54.2
1977-07-23;17.34;7;17.34
1977-07-24;1.4;7;1.4
1977-07-25;1.76;7;1.76
1977-07-26;1.84;7;1.84
1977-07-27;1.92;7;1.92
1977-07-28;1.6;7;1.6
1977-07-29;1.84;7;1.84
1977-07-30;1.7;7;1.7
1977-07-31;1.4;7;1.4
1977-08-01;1.99;8;1.99
1977-08-02;1.84;8;1.84
1977-08-03;1.84;8;1.84
1977-08-04;1.68;8;1.68
1977-08-05;1.99;8;1.99
1977-08-06;1.2;8;1.2
1977-08-07;14.5;8;14.5
1977-08-08;1.84;8;1.84
1977-08-09;1.68;8;1.68
1977-08-10;14.26;8;14.26
1977-08-11;14.34;8;14.34
1977-08-12;14.5;8;14.5
1977-08-13;19.28;8;19.28
1977-08-14;17.34;8;17.34
1977-08-15;14.26;8;14.26
1977-08-16;23.02;8;23.02
1977-08-17;4.7;8;4.7
1977-08-18;14.4;8;14.4
1977-08-19;20.84;8;20.84
1977-08-20;11.42;8;11.42
1977-08-21;20.84;8;20.84
1977-08-22;24.42;8;24.42
1977-08-23;13.3;8;13.3
1977-08-24;13.82;8;13.82
1977-08-25;12.7;8;12.7
1977-08-26;14.5;8;14.5
1977-08-27;18.0;8;18.0
1977-08-28;22.8;8;22.8
1977-08-29;13.3;8;13.3
1977-08-30;11.5;8;11.5
1977-08-31;14.42;8;14.42
1977-09-01;13.82;9;13.82
1977-09-02;14.5;9;14.5
1977-09-03;18.2;9;18.2
1977-09-04;24.6;9;24.6
1977-09-05;13.82;9;13.82
1977-09-06;12.62;9;12.62
1977-09-07;14.34;9;14.34
1977-09-08;17.5;9;17.5
1977-09-09;14.42;9;14.42
1977-09-10;14.34;9;14.34
1977-09-11;13.9;9;13.9
1977-09-12;18.04;9;18.04
1977-09-13;17.42;9;17.42
1977-09-14;14.42;9;14.42
1977-09-15;13.82;9;13.82
1977-09-16;17.5;9;17.5
1977-09-17;1.36;9;1.36
1977-09-18;1.08;9;1.08
1977-09-19;1.3;9;1.3
1977-09-20;13.06;9;13.06
1977-09-21;14.34;9;14.34
1977-09-22;14.18;9;14.18
1977-09-23;12.98;9;12.98
1977-09-24;14.34;9;14.34
1977-09-25;1.24;9;1.24
1977-09-26;24.5;9;24.5
1977-09-27;28.5;9;28.5
1977-09-28;32.42;9;32.42
1977-09-29;28.5;9;28.5
1977-09-30;11.5;9;11.5
1977-10-01;2.0;10;2.0
1977-10-02;1.4;10;1.4
1977-10-03;11.42;10;11.42
1977-10-04;2.0;10;2.0
1977-10-05;11.5;10;11.5
1977-10-06;17.5;10;17.5
1977-10-07;2.0;10;2.0
1977-10-08;2.0;10;2.0
1977-10-09;1.6;10;1.6
1977-10-10;2.0;10;2.0
1977-10-11;2.5;10;2.5
1977-10-12;10.1;10;10.1
1977-10-13;23.1;10;23.1
1977-10-14;28.65;10;28.65
1977-10-15;22.84;10;22.84
1977-10-16;13.3;10;13.3
1977-10-17;46.1;10;46.1
1977-10-18;56.0;10;56.0
1977-10-19;81.3;10;81.3
1977-10-20;88.9;10;88.9
1977-10-21;74.0;10;74.0
1977-10-22;69.6;10;69.6
1977-10-23;55.0;10;55.0
1977-10-24;84.9;10;84.9
1977-10-25;66.3;10;66.3
1977-10-26;57.9;10;57.9
1977-10-27;54.5;10;54.5
1977-10-28;73.2;10;73.2
1977-10-29;59.5;10;59.5
1977-10-30;47.0;10;47.0
1977-10-31;56.0;10;56.0
1977-11-01;12.77;11;12.77
1977-11-02;41.0;11;41.0
1977-11-03;74.0;11;74.0
1977-11-04;63.8;11;63.8
1977-11-05;49.5;11;49.5
1977-11-06;33.5;11;33.5
1977-11-07;60.0;11;60.0
1977-11-08;60.3;11;60.3
1977-11-09;56.0;11;56.0
1977-11-10;68.5;11;68.5
1977-11-11;68.0;11;68.0
1977-11-12;81.0;11;81.0
1977-11-13;44.5;11;44.5
1977-11-14;23.6;11;23.6
1977-11-15;57.0;11;57.0
1977-11-16;59.0;11;59.0
1977-11-17;70.5;11;70.5
1977-11-18;67.5;11;67.5
1977-11-19;28.5;11;28.5
1977-11-20;72.5;11;72.5
1977-11-21;63.5;11;63.5
1977-11-22;77.0;11;77.0
1977-11-23;78.0;11;78.0
1977-11-24;89.0;11;89.0
1977-11-25;99.5;11;99.5
1977-11-26;80.5;11;80.5
1977-11-27;74.0;11;74.0
1977-11-28;74.0;11;74.0
1977-11-29;72.5;11;72.5
1977-11-30;68.5;11;68.5
1977-12-01;73.9;12;73.9
1977-12-02;68.5;12;68.5
1977-12-03;37.5;12;37.5
1977-12-04;5.9;12;5.9
1977-12-05;8.4;12;8.4
1977-12-06;28.0;12;28.0
1977-12-07;47.0;12;47.0
1977-12-08;9.5;12;9.5
1977-12-09;34.45;12;34.45
1977-12-10;31.0;12;31.0
1977-12-11;32.5;12;32.5
1977-12-12;49.5;12;49.5
1977-12-13;52.5;12;52.5
1977-12-14;45.5;12;45.5
1977-12-15;52.5;12;52.5
1977-12-16;49.5;12;49.5
1977-12-17;40.5;12;40.5
1977-12-18;42.0;12;42.0
1977-12-19;48.25;12;48.25
1977-12-20;45.5;12;45.5
1977-12-21;48.25;12;48.25
1977-12-22;47.0;12;47.0
1977-12-23;47.5;12;47.5
1977-12-24;38.4;12;38.4
1977-12-25;52.5;12;52.5
1977-12-26;40.0;12;40.0
1977-12-27;57.0;12;57.0
1977-12-28;47.0;12;47.0
1977-12-29;51.0;12;51.0
1977-12-30;39.5;12;39.5
1977-12-31;52.5;12;52.5
1978-01-01;19.24;1;19.24
1978-01-02;35.38;1;35.38
1978-01-03;38.34;1;38.34
1978-01-04;41.42;1;41.42
1978-01-05;45.16;1;45.16
1978-01-06;34.22;1;34.22
1978-01-07;32.66;1;32.66
1978-01-08;20.99;1;20.99
1978-01-09;33.9;1;33.9
1978-01-10;40.78;1;40.78
1978-01-11;42.62;1;42.62
1978-01-12;48.97;1;48.97
1978-01-13;40.28;1;40.28
1978-01-14;36.73;1;36.73
1978-01-15;30.59;1;30.59
1978-01-16;35.77;1;35.77
1978-01-17;35.3;1;35.3
1978-01-18;37.72;1;37.72
1978-01-19;40.61;1;40.61
1978-01-20;41.54;1;41.54
1978-01-21;40.58;1;40.58
1978-01-22;27.2;1;27.2
1978-01-23;36.02;1;36.02
1978-01-24;40.99;1;40.99
1978-01-25;37.78;1;37.78
1978-01-26;36.1;1;36.1
1978-01-27;38.93;1;38.93
1978-01-28;36.06;1;36.06
1978-01-29;24.84;1;24.84
1978-01-30;33.15;1;33.15
1978-01-31;35.84;1;35.84
1978-02-01;36.51;2;36.51
1978-02-02;42.95;2;42.95
1978-02-03;41.02;2;41.02
1978-02-04;38.74;2;38.74
1978-02-05;26.58;2;26.58
1978-02-06;32.45;2;32.45
1978-02-07;43.99;2;43.99
1978-02-08;38.09;2;38.09
1978-02-09;36.98;2;36.98
1978-02-10;40.3;2;40.3
1978-02-11;36.2;2;36.2
1978-02-12;23.87;2;23.87
1978-02-13;36.73;2;36.73
1978-02-14;36.22;2;36.22
1978-02-15;38.2;2;38.2
1978-02-16;40.06;2;40.06
1978-02-17;36.55;2;36.55
1978-02-18;30.78;2;30.78
1978-02-19;22.01;2;22.01
1978-02-20;32.5;2;32.5
1978-02-21;35.82;2;35.82
1978-02-22;36.72;2;36.72
1978-02-23;37.45;2;37.45
1978-02-24;36.95;2;36.95
1978-02-25;34.88;2;34.88
1978-02-26;23.14;2;23.14
1978-02-27;29.45;2;29.45
1978-02-28;32.53;2;32.53
1978-03-01;31.71;3;31.71
1978-03-02;31.43;3;31.43
1978-03-03;28.72;3;28.72
1978-03-04;24.59;3;24.59
1978-03-05;25.31;3;25.31
1978-03-06;31.11;3;31.11
1978-03-07;32.03;3;32.03
1978-03-08;42.41;3;42.41
1978-03-09;44.62;3;44.62
1978-03-10;41.68;3;41.68
1978-03-11;42.01;3;42.01
1978-03-12;35.47;3;35.47
1978-03-13;48.16;3;48.16
1978-03-14;44.58;3;44.58
1978-03-15;44.82;3;44.82
1978-03-16;45.31;3;45.31
1978-03-17;45.21;3;45.21
1978-03-18;56.9;3;56.9
1978-03-19;34.48;3;34.48
1978-03-20;51.14;3;51.14
1978-03-21;54.84;3;54.84
1978-03-22;65.13;3;65.13
1978-03-23;41.13;3;41.13
1978-03-24;36.49;3;36.49
1978-03-25;54.27;3;54.27
1978-03-26;42.73;3;42.73
1978-03-27;56.96;3;56.96
1978-03-28;60.35;3;60.35
1978-03-29;62.32;3;62.32
1978-03-30;67.93;3;67.93
1978-03-31;70.94;3;70.94
1978-04-01;75.62;4;75.62
1978-04-02;59.13;4;59.13
1978-04-03;78.11;4;78.11
1978-04-04;83.4;4;83.4
1978-04-05;83.18;4;83.18
1978-04-06;84.62;4;84.62
1978-04-07;81.29;4;81.29
1978-04-08;73.03;4;73.03
1978-04-09;65.09;4;65.09
1978-04-10;74.3;4;74.3
1978-04-11;82.14;4;82.14
1978-04-12;79.49;4;79.49
1978-04-13;82.79;4;82.79
1978-04-14;81.11;4;81.11
1978-04-15;76.77;4;76.77
1978-04-16;66.06;4;66.06
1978-04-17;76.83;4;76.83
1978-04-18;80.83;4;80.83
1978-04-19;83.57;4;83.57
1978-04-20;79.33;4;79.33
1978-04-21;80.63;4;80.63
1978-04-22;71.41;4;71.41
1978-04-23;51.95;4;51.95
1978-04-24;77.09;4;77.09
1978-04-25;76.19;4;76.19
1978-04-26;83.33;4;83.33
1978-04-27;84.46;4;84.46
1978-04-28;84.45;4;84.45
1978-04-29;81.75;4;81.75
1978-04-30;68.67;4;68.67
1978-05-01;67.47;5;67.47
1978-05-02;80.34;5;80.34
1978-05-03;82.57;5;82.57
1978-05-04;70.44;5;70.44
1978-05-05;86.4;5;86.4
1978-05-06;69.62;5;69.62
1978-05-07;53.17;5;53.17
1978-05-08;74.63;5;74.63
1978-05-09;80.16;5;80.16
1978-05-10;77.41;5;77.41
1978-05-11;75.57;5;75.57
1978-05-12;71.01;5;71.01
1978-05-13;63.76;5;63.76
1978-05-14;34.01;5;34.01
1978-05-15;47.56;5;47.56
1978-05-16;52.66;5;52.66
1978-05-17;51.22;5;51.22
1978-05-18;46.67;5;46.67
1978-05-19;48.53;5;48.53
1978-05-20;30.88;5;30.88
1978-05-21;21.06;5;21.06
1978-05-22;41.47;5;41.47
1978-05-23;41.05;5;41.05
1978-05-24;35.02;5;35.02
1978-05-25;21.11;5;21.11
1978-05-26;36.34;5;36.34
1978-05-27;28.42;5;28.42
1978-05-28;18.43;5;18.43
1978-05-29;27.81;5;27.81
1978-05-30;28.92;5;28.92
1978-05-31;31.43;5;31.43
1978-06-01;43.17;6;43.17
1978-06-02;63.64;6;63.64
1978-06-03;72.96;6;72.96
1978-06-04;64.89;6;64.89
1978-06-05;72.09;6;72.09
1978-06-06;78.73;6;78.73
1978-06-07;79.84;6;79.84
1978-06-08;75.51;6;75.51
1978-06-09;80.97;6;80.97
1978-06-10;74.17;6;74.17
1978-06-11;61.41;6;61.41
1978-06-12;78.66;6;78.66
1978-06-13;80.29;6;80.29
1978-06-14;82.04;6;82.04
1978-06-15;78.24;6;78.24
1978-06-16;83.47;6;83.47
1978-06-17;82.63;6;82.63
1978-06-18;70.71;6;70.71
1978-06-19;58.68;6;58.68
1978-06-20;56.4;6;56.4
1978-06-21;58.55;6;58.55
1978-06-22;60.2;6;60.2
1978-06-23;55.8;6;55.8
1978-06-24;48.84;6;48.84
1978-06-25;42.66;6;42.66
1978-06-26;50.22;6;50.22
1978-06-27;55.12;6;55.12
1978-06-28;53.67;6;53.67
1978-06-29;41.39;6;41.39
1978-06-30;44.57;6;44.57
1978-07-01;47.69;7;47.69
1978-07-02;37.3;7;37.3
1978-07-03;39.5;7;39.5
1978-07-04;44.16;7;44.16
1978-07-05;47.1;7;47.1
1978-07-06;46.62;7;46.62
1978-07-07;53.0;7;53.0
1978-07-08;43.86;7;43.86
1978-07-09;38.3;7;38.3
1978-07-10;43.13;7;43.13
1978-07-11;46.78;7;46.78
1978-07-12;46.95;7;46.95
1978-07-13;48.9;7;48.9
1978-07-14;49.17;7;49.17
1978-07-15;41.08;7;41.08
1978-07-16;35.13;7;35.13
1978-07-17;46.18;7;46.18
1978-07-18;44.49;7;44.49
1978-07-19;49.94;7;49.94
1978-07-20;36.36;7;36.36
1978-07-21;44.74;7;44.74
1978-07-22;39.19;7;39.19
1978-07-23;28.55;7;28.55
1978-07-24;45.48;7;45.48
1978-07-25;47.37;7;47.37
1978-07-26;49.12;7;49.12
1978-07-27;45.39;7;45.39
1978-07-28;46.62;7;46.62
1978-07-29;49.54;7;49.54
1978-07-30;33.9;7;33.9
1978-07-31;42.5;7;42.5
1978-08-01;44.62;8;44.62
1978-08-02;47.83;8;47.83
1978-08-03;51.67;8;51.67
1978-08-04;54.74;8;54.74
1978-08-05;44.92;8;44.92
1978-08-06;34.52;8;34.52
1978-08-07;31.35;8;31.35
1978-08-08;45.52;8;45.52
1978-08-09;47.6;8;47.6
1978-08-10;49.86;8;49.86
1978-08-11;46.88;8;46.88
1978-08-12;45.73;8;45.73
1978-08-13;32.59;8;32.59
1978-08-14;38.11;8;38.11
1978-08-15;27.7;8;27.7
1978-08-16;45.1;8;45.1
1978-08-17;47.59;8;47.59
1978-08-18;47.81;8;47.81
1978-08-19;41.2;8;41.2
1978-08-20;30.31;8;30.31
1978-08-21;40.6;8;40.6
1978-08-22;41.78;8;41.78
1978-08-23;47.81;8;47.81
1978-08-24;47.36;8;47.36
1978-08-25;45.67;8;45.67
1978-08-26;55.24;8;55.24
1978-08-27;29.53;8;29.53
1978-08-28;42.25;8;42.25
1978-08-29;46.91;8;46.91
1978-08-30;37.61;8;37.61
1978-08-31;46.08;8;46.08
1978-09-01;51.31;9;51.31
1978-09-02;48.07;9;48.07
1978-09-03;29.9;9;29.9
1978-09-04;44.93;9;44.93
1978-09-05;54.26;9;54.26
1978-09-06;48.34;9;48.34
1978-09-07;49.87;9;49.87
1978-09-08;36.91;9;36.91
1978-09-09;45.03;9;45.03
1978-09-10;30.77;9;30.77
1978-09-11;45.59;9;45.59
1978-09-12;47.75;9;47.75
1978-09-13;46.12;9;46.12
1978-09-14;48.06;9;48.06
1978-09-15;50.35;9;50.35
1978-09-16;46.53;9;46.53
1978-09-17;32.93;9;32.93
1978-09-18;41.92;9;41.92
1978-09-19;48.41;9;48.41
1978-09-20;50.57;9;50.57
1978-09-21;55.98;9;55.98
1978-09-22;48.37;9;48.37
1978-09-23;44.98;9;44.98
1978-09-24;31.87;9;31.87
1978-09-25;26.57;9;26.57
1978-09-26;41.98;9;41.98
1978-09-27;47.11;9;47.11
1978-09-28;52.32;9;52.32
1978-09-29;51.99;9;51.99
1978-09-30;48.25;9;48.25
1978-10-01;39.02;10;39.02
1978-10-02;51.32;10;51.32
1978-10-03;57.44;10;57.44
1978-10-04;52.16;10;52.16
1978-10-05;61.98;10;61.98
1978-10-06;56.21;10;56.21
1978-10-07;41.5;10;41.5
1978-10-08;39.44;10;39.44
1978-10-09;51.23;10;51.23
1978-10-10;55.24;10;55.24
1978-10-11;64.72;10;64.72
1978-10-12;75.08;10;75.08
1978-10-13;56.84;10;56.84
1978-10-14;56.92;10;56.92
1978-10-15;44.3;10;44.3
1978-10-16;54.25;10;54.25
1978-10-17;53.38;10;53.38
1978-10-18;55.04;10;55.04
1978-10-19;47.82;10;47.82
1978-10-20;52.03;10;52.03
1978-10-21;44.84;10;44.84
1978-10-22;33.48;10;33.48
1978-10-23;54.48;10;54.48
1978-10-24;52.04;10;52.04
1978-10-25;53.79;10;53.79
1978-10-26;60.53;10;60.53
1978-10-27;55.93;10;55.93
1978-10-28;50.76;10;50.76
1978-10-29;32.71;10;32.71
1978-10-30;53.09;10;53.09
1978-10-31;57.68;10;57.68
1978-11-01;36.42;11;36.42
1978-11-02;52.19;11;52.19
1978-11-03;54.45;11;54.45
1978-11-04;54.04;11;54.04
1978-11-05;33.04;11;33.04
1978-11-06;52.56;11;52.56
1978-11-07;43.92;11;43.92
1978-11-08;45.72;11;45.72
1978-11-09;47.87;11;47.87
1978-11-10;41.35;11;41.35
1978-11-11;35.86;11;35.86
1978-11-12;21.46;11;21.46
1978-11-13;41.1;11;41.1
1978-11-14;44.12;11;44.12
1978-11-15;43.45;11;43.45
1978-11-16;43.06;11;43.06
1978-11-17;45.38;11;45.38
1978-11-18;45.44;11;45.44
1978-11-19;28.71;11;28.71
1978-11-20;37.07;11;37.07
1978-11-21;39.96;11;39.96
1978-11-22;38.07;11;38.07
1978-11-23;36.99;11;36.99
1978-11-24;26.72;11;26.72
1978-11-25;25.0;11;25.0
1978-11-26;15.06;11;15.06
1978-11-27;27.53;11;27.53
1978-11-28;29.63;11;29.63
1978-11-29;29.79;11;29.79
1978-11-30;33.39;11;33.39
1978-12-01;31.56;12;31.56
1978-12-02;24.87;12;24.87
1978-12-03;16.0;12;16.0
1978-12-04;27.68;12;27.68
1978-12-05;25.31;12;25.31
1978-12-06;27.61;12;27.61
1978-12-07;28.03;12;28.03
1978-12-08;17.59;12;17.59
1978-12-09;24.35;12;24.35
1978-12-10;16.9;12;16.9
1978-12-11;26.01;12;26.01
1978-12-12;26.31;12;26.31
1978-12-13;28.15;12;28.15
1978-12-14;30.4;12;30.4
1978-12-15;29.13;12;29.13
1978-12-16;26.52;12;26.52
1978-12-17;17.86;12;17.86
1978-12-18;29.36;12;29.36
1978-12-19;31.32;12;31.32
1978-12-20;25.25;12;25.25
1978-12-21;30.15;12;30.15
1978-12-22;28.98;12;28.98
1978-12-23;30.16;12;30.16
1978-12-24;24.28;12;24.28
1978-12-25;19.24;12;19.24
1978-12-26;28.16;12;28.16
1978-12-27;36.87;12;36.87
1978-12-28;35.8;12;35.8
1978-12-29;34.56;12;34.56
1978-12-30;29.22;12;29.22
1978-12-31;27.82;12;27.82
1979-01-01;30.0;1;30.0
1979-01-02;44.8;1;44.8
1979-01-03;51.5;1;51.5
1979-01-04;59.3;1;59.3
1979-01-05;59.1;1;59.1
1979-01-06;43.8;1;43.8
1979-01-07;32.9;1;32.9
1979-01-08;44.9;1;44.9
1979-01-09;47.1;1;47.1
1979-01-10;53.3;1;53.3
1979-01-11;52.4;1;52.4
1979-01-12;50.5;1;50.5
1979-01-13;47.2;1;47.2
1979-01-14;33.3;1;33.3
1979-01-15;44.9;1;44.9
1979-01-16;45.0;1;45.0
1979-01-17;51.8;1;51.8
1979-01-18;52.4;1;52.4
1979-01-19;52.0;1;52.0
1979-01-20;51.4;1;51.4
1979-01-21;32.3;1;32.3
1979-01-22;49.9;1;49.9
1979-01-23;52.8;1;52.8
1979-01-24;52.7;1;52.7
1979-01-25;51.6;1;51.6
1979-01-26;55.5;1;55.5
1979-01-27;48.0;1;48.0
1979-01-28;34.5;1;34.5
1979-01-29;44.8;1;44.8
1979-01-30;48.0;1;48.0
1979-01-31;53.6;1;53.6
1979-02-01;52.0;2;52.0
1979-02-02;53.7;2;53.7
1979-02-03;51.1;2;51.1
1979-02-04;39.8;2;39.8
1979-02-05;50.4;2;50.4
1979-02-06;53.7;2;53.7
1979-02-07;53.6;2;53.6
1979-02-08;54.3;2;54.3
1979-02-09;57.3;2;57.3
1979-02-10;66.1;2;66.1
1979-02-11;94.0;2;94.0
1979-02-12;94.0;2;94.0
1979-02-13;44.5;2;44.5
1979-02-14;19.0;2;19.0
1979-02-15;73.0;2;73.0
1979-02-16;52.5;2;52.5
1979-02-17;61.5;2;61.5
1979-02-18;42.0;2;42.0
1979-02-19;51.5;2;51.5
1979-02-20;94.0;2;94.0
1979-02-21;105.0;2;105.0
1979-02-22;49.5;2;49.5
1979-02-23;36.0;2;36.0
1979-02-24;30.5;2;30.5
1979-02-25;77.0;2;77.0
1979-02-26;44.0;2;44.0
1979-02-27;82.5;2;82.5
1979-02-28;42.0;2;42.0
1979-03-01;9.5;3;9.5
1979-03-02;12.0;3;12.0
1979-03-03;68.5;3;68.5
1979-03-04;111.5;3;111.5
1979-03-05;44.5;3;44.5
1979-03-06;61.5;3;61.5
1979-03-07;70.0;3;70.0
1979-03-08;109.8;3;109.8
1979-03-09;66.6;3;66.6
1979-03-10;73.1;3;73.1
1979-03-11;58.6;3;58.6
1979-03-12;70.5;3;70.5
1979-03-13;75.0;3;75.0
1979-03-14;63.0;3;63.0
1979-03-15;59.2;3;59.2
1979-03-16;57.8;3;57.8
1979-03-17;60.7;3;60.7
1979-03-18;49.0;3;49.0
1979-03-19;39.2;3;39.2
1979-03-20;55.5;3;55.5
1979-03-21;53.4;3;53.4
1979-03-22;52.2;3;52.2
1979-03-23;56.7;3;56.7
1979-03-24;51.6;3;51.6
1979-03-25;33.0;3;33.0
1979-03-26;47.2;3;47.2
1979-03-27;53.6;3;53.6
1979-03-28;65.6;3;65.6
1979-03-29;71.5;3;71.5
1979-03-30;70.7;3;70.7
1979-03-31;71.3;3;71.3
1979-04-01;54.0;4;54.0
1979-04-02;72.8;4;72.8
1979-04-03;71.8;4;71.8
1979-04-04;75.0;4;75.0
1979-04-05;92.0;4;92.0
1979-04-06;85.4;4;85.4
1979-04-07;86.4;4;86.4
1979-04-08;65.2;4;65.2
1979-04-09;86.5;4;86.5
1979-04-10;94.2;4;94.2
1979-04-11;92.1;4;92.1
1979-04-12;70.8;4;70.8
1979-04-13;63.0;4;63.0
1979-04-14;88.1;4;88.1
1979-04-15;71.4;4;71.4
1979-04-16;93.6;4;93.6
1979-04-17;97.3;4;97.3
1979-04-18;101.7;4;101.7
1979-04-19;101.4;4;101.4
1979-04-20;95.5;4;95.5
1979-04-21;90.7;4;90.7
1979-04-22;68.4;4;68.4
1979-04-23;84.1;4;84.1
1979-04-24;86.1;4;86.1
1979-04-25;87.5;4;87.5
1979-04-26;88.8;4;88.8
1979-04-27;92.8;4;92.8
1979-04-28;80.7;4;80.7
1979-04-29;64.7;4;64.7
1979-04-30;81.3;4;81.3
1979-05-01;64.1;5;64.1
1979-05-02;82.1;5;82.1
1979-05-03;49.9;5;49.9
1979-05-04;49.6;5;49.6
1979-05-05;41.0;5;41.0
1979-05-06;27.1;5;27.1
1979-05-07;42.6;5;42.6
1979-05-08;46.4;5;46.4
1979-05-09;50.0;5;50.0
1979-05-10;48.0;5;48.0
1979-05-11;52.1;5;52.1
1979-05-12;49.1;5;49.1
1979-05-13;31.1;5;31.1
1979-05-14;30.4;5;30.4
1979-05-15;31.3;5;31.3
1979-05-16;29.7;5;29.7
1979-05-17;29.3;5;29.3
1979-05-18;27.8;5;27.8
1979-05-19;29.4;5;29.4
1979-05-20;19.8;5;19.8
1979-05-21;26.5;5;26.5
1979-05-22;32.7;5;32.7
1979-05-23;30.4;5;30.4
1979-05-24;22.4;5;22.4
1979-05-25;29.8;5;29.8
1979-05-26;29.0;5;29.0
1979-05-27;21.5;5;21.5
1979-05-28;24.2;5;24.2
1979-05-29;34.2;5;34.2
1979-05-30;30.5;5;30.5
1979-05-31;30.6;5;30.6
1979-06-01;30.6;6;30.6
1979-06-02;27.5;6;27.5
1979-06-03;21.1;6;21.1
1979-06-04;28.8;6;28.8
1979-06-05;30.9;6;30.9
1979-06-06;31.2;6;31.2
1979-06-07;30.7;6;30.7
1979-06-08;31.8;6;31.8
1979-06-09;27.5;6;27.5
1979-06-10;17.8;6;17.8
1979-06-11;32.5;6;32.5
1979-06-12;49.2;6;49.2
1979-06-13;47.1;6;47.1
1979-06-14;31.4;6;31.4
1979-06-15;49.4;6;49.4
1979-06-16;51.8;6;51.8
1979-06-17;35.2;6;35.2
1979-06-18;43.4;6;43.4
1979-06-19;46.9;6;46.9
1979-06-20;49.1;6;49.1
1979-06-21;51.9;6;51.9
1979-06-22;40.5;6;40.5
1979-06-23;49.9;6;49.9
1979-06-24;37.5;6;37.5
1979-06-25;49.3;6;49.3
1979-06-26;52.1;6;52.1
1979-06-27;53.1;6;53.1
1979-06-28;53.8;6;53.8
1979-06-29;33.7;6;33.7
1979-06-30;44.1;6;44.1
1979-07-01;37.6;7;37.6
1979-07-02;49.8;7;49.8
1979-07-03;52.4;7;52.4
1979-07-04;56.9;7;56.9
1979-07-05;58.2;7;58.2
1979-07-06;56.9;7;56.9
1979-07-07;49.8;7;49.8
1979-07-08;35.9;7;35.9
1979-07-09;47.5;7;47.5
1979-07-10;49.1;7;49.1
1979-07-11;44.9;7;44.9
1979-07-12;48.7;7;48.7
1979-07-13;47.4;7;47.4
1979-07-14;40.1;7;40.1
1979-07-15;27.9;7;27.9
1979-07-16;40.0;7;40.0
1979-07-17;45.2;7;45.2
1979-07-18;47.3;7;47.3
1979-07-19;48.6;7;48.6
1979-07-20;38.9;7;38.9
1979-07-21;43.6;7;43.6
1979-07-22;31.6;7;31.6
1979-07-23;45.2;7;45.2
1979-07-24;48.3;7;48.3
1979-07-25;46.1;7;46.1
1979-07-26;46.7;7;46.7
1979-07-27;47.1;7;47.1
1979-07-28;46.8;7;46.8
1979-07-29;31.9;7;31.9
1979-07-30;45.3;7;45.3
1979-07-31;50.3;7;50.3
1979-08-01;47.9;8;47.9
1979-08-02;49.4;8;49.4
1979-08-03;49.4;8;49.4
1979-08-04;46.1;8;46.1
1979-08-05;36.1;8;36.1
1979-08-06;50.4;8;50.4
1979-08-07;37.4;8;37.4
1979-08-08;44.9;8;44.9
1979-08-09;50.6;8;50.6
1979-08-10;51.4;8;51.4
1979-08-11;43.6;8;43.6
1979-08-12;33.6;8;33.6
1979-08-13;50.4;8;50.4
1979-08-14;50.9;8;50.9
1979-08-15;35.3;8;35.3
1979-08-16;47.8;8;47.8
1979-08-17;53.5;8;53.5
1979-08-18;47.9;8;47.9
1979-08-19;35.5;8;35.5
1979-08-20;50.2;8;50.2
1979-08-21;51.8;8;51.8
1979-08-22;51.0;8;51.0
1979-08-23;50.1;8;50.1
1979-08-24;48.3;8;48.3
1979-08-25;46.5;8;46.5
1979-08-26;31.8;8;31.8
1979-08-27;45.1;8;45.1
1979-08-28;40.7;8;40.7
1979-08-29;46.7;8;46.7
1979-08-30;43.0;8;43.0
1979-08-31;49.1;8;49.1
1979-09-01;46.9;9;46.9
1979-09-02;33.8;9;33.8
1979-09-03;47.2;9;47.2
1979-09-04;44.8;9;44.8
1979-09-05;49.0;9;49.0
1979-09-06;49.1;9;49.1
1979-09-07;50.8;9;50.8
1979-09-08;48.1;9;48.1
1979-09-09;35.0;9;35.0
1979-09-10;46.6;9;46.6
1979-09-11;48.4;9;48.4
1979-09-12;54.1;9;54.1
1979-09-13;52.3;9;52.3
1979-09-14;51.4;9;51.4
1979-09-15;49.8;9;49.8
1979-09-16;38.3;9;38.3
1979-09-17;39.2;9;39.2
1979-09-18;47.5;9;47.5
1979-09-19;48.7;9;48.7
1979-09-20;51.6;9;51.6
1979-09-21;56.3;9;56.3
1979-09-22;56.4;9;56.4
1979-09-23;39.8;9;39.8
1979-09-24;54.8;9;54.8
1979-09-25;57.0;9;57.0
1979-09-26;57.4;9;57.4
1979-09-27;61.8;9;61.8
1979-09-28;62.6;9;62.6
1979-09-29;58.9;9;58.9
1979-09-30;40.5;9;40.5
1979-10-01;57.4;10;57.4
1979-10-02;57.4;10;57.4
1979-10-03;59.6;10;59.6
1979-10-04;62.2;10;62.2
1979-10-05;63.8;10;63.8
1979-10-06;57.1;10;57.1
1979-10-07;33.1;10;33.1
1979-10-08;63.0;10;63.0
1979-10-09;60.2;10;60.2
1979-10-10;68.1;10;68.1
1979-10-11;65.6;10;65.6
1979-10-12;49.8;10;49.8
1979-10-13;52.8;10;52.8
1979-10-14;41.8;10;41.8
1979-10-15;59.0;10;59.0
1979-10-16;57.1;10;57.1
1979-10-17;47.4;10;47.4
1979-10-18;48.8;10;48.8
1979-10-19;44.6;10;44.6
1979-10-20;50.3;10;50.3
1979-10-21;33.2;10;33.2
1979-10-22;50.1;10;50.1
1979-10-23;51.0;10;51.0
1979-10-24;53.3;10;53.3
1979-10-25;53.7;10;53.7
1979-10-26;49.9;10;49.9
1979-10-27;42.8;10;42.8
1979-10-28;30.6;10;30.6
1979-10-29;45.5;10;45.5
1979-10-30;50.5;10;50.5
1979-10-31;51.6;10;51.6
1979-11-01;34.2;11;34.2
1979-11-02;44.7;11;44.7
1979-11-03;41.7;11;41.7
1979-11-04;34.2;11;34.2
1979-11-05;39.1;11;39.1
1979-11-06;40.1;11;40.1
1979-11-07;40.0;11;40.0
1979-11-08;49.3;11;49.3
1979-11-09;39.1;11;39.1
1979-11-10;48.0;11;48.0
1979-11-11;32.4;11;32.4
1979-11-12;51.3;11;51.3
1979-11-13;53.6;11;53.6
1979-11-14;87.1;11;87.1
1979-11-15;87.4;11;87.4
1979-11-16;91.0;11;91.0
1979-11-17;96.2;11;96.2
1979-11-18;93.5;11;93.5
1979-11-19;89.7;11;89.7
1979-11-20;91.9;11;91.9
1979-11-21;92.4;11;92.4
1979-11-22;91.6;11;91.6
1979-11-23;92.5;11;92.5
1979-11-24;96.0;11;96.0
1979-11-25;96.6;11;96.6
1979-11-26;412.7;11;412.7
1979-11-27;352.0;11;352.0
1979-11-28;101.2;11;101.2
1979-11-29;98.6;11;98.6
1979-11-30;95.3;11;95.3
1979-12-01;98.1;12;98.1
1979-12-02;90.2;12;90.2
1979-12-03;94.8;12;94.8
1979-12-04;94.3;12;94.3
1979-12-05;94.6;12;94.6
1979-12-06;98.8;12;98.8
1979-12-07;97.5;12;97.5
1979-12-08;90.9;12;90.9
1979-12-09;76.5;12;76.5
1979-12-10;91.6;12;91.6
1979-12-11;96.3;12;96.3
1979-12-12;95.8;12;95.8
1979-12-13;94.7;12;94.7
1979-12-14;96.3;12;96.3
1979-12-15;94.4;12;94.4
1979-12-16;77.1;12;77.1
1979-12-17;74.5;12;74.5
1979-12-18;73.4;12;73.4
1979-12-19;53.3;12;53.3
1979-12-20;81.5;12;81.5
1979-12-21;81.2;12;81.2
1979-12-22;82.8;12;82.8
1979-12-23;72.3;12;72.3
1979-12-24;75.8;12;75.8
1979-12-25;58.9;12;58.9
1979-12-26;81.2;12;81.2
1979-12-27;79.8;12;79.8
1979-12-28;60.6;12;60.6
1979-12-29;83.8;12;83.8
1979-12-30;77.4;12;77.4
1979-12-31;82.7;12;82.7
1980-01-01;58.65;1;58.65
1980-01-02;64.09;1;64.09
1980-01-03;72.42;1;72.42
1980-01-04;75.0;1;75.0
1980-01-05;73.4;1;73.4
1980-01-06;58.66;1;58.66
1980-01-07;69.32;1;69.32
1980-01-08;60.23;1;60.23
1980-01-09;61.22;1;61.22
1980-01-10;65.71;1;65.71
1980-01-11;64.07;1;64.07
1980-01-12;61.54;1;61.54
1980-01-13;38.46;1;38.46
1980-01-14;62.01;1;62.01
1980-01-15;46.79;1;46.79
1980-01-16;45.58;1;45.58
1980-01-17;42.96;1;42.96
1980-01-18;45.02;1;45.02
1980-01-19;43.19;1;43.19
1980-01-20;37.09;1;37.09
1980-01-21;44.91;1;44.91
1980-01-22;44.39;1;44.39
1980-01-23;46.59;1;46.59
1980-01-24;47.21;1;47.21
1980-01-25;48.56;1;48.56
1980-01-26;45.08;1;45.08
1980-01-27;36.56;1;36.56
1980-01-28;36.3;1;36.3
1980-01-29;43.53;1;43.53
1980-01-30;44.58;1;44.58
1980-01-31;40.99;1;40.99
1980-02-01;42.08;2;42.08
1980-02-02;40.79;2;40.79
1980-02-03;26.98;2;26.98
1980-02-04;40.58;2;40.58
1980-02-05;40.37;2;40.37
1980-02-06;45.69;2;45.69
1980-02-07;56.39;2;56.39
1980-02-08;63.85;2;63.85
1980-02-09;58.33;2;58.33
1980-02-10;45.76;2;45.76
1980-02-11;62.79;2;62.79
1980-02-12;62.25;2;62.25
1980-02-13;65.37;2;65.37
1980-02-14;67.41;2;67.41
1980-02-15;66.01;2;66.01
1980-02-16;63.99;2;63.99
1980-02-17;49.77;2;49.77
1980-02-18;63.26;2;63.26
1980-02-19;60.26;2;60.26
1980-02-20;79.09;2;79.09
1980-02-21;79.32;2;79.32
1980-02-22;81.69;2;81.69
1980-02-23;78.45;2;78.45
1980-02-24;60.16;2;60.16
1980-02-25;79.55;2;79.55
1980-02-26;82.09;2;82.09
1980-02-27;83.1;2;83.1
1980-02-28;83.7;2;83.7
1980-02-29;84.1;2;84.1
1980-03-01;81.48;3;81.48
1980-03-02;65.91;3;65.91
1980-03-03;75.28;3;75.28
1980-03-04;65.12;3;65.12
1980-03-05;72.93;3;72.93
1980-03-06;89.17;3;89.17
1980-03-07;91.03;3;91.03
1980-03-08;83.41;3;83.41
1980-03-09;72.63;3;72.63
1980-03-10;82.04;3;82.04
1980-03-11;85.2;3;85.2
1980-03-12;84.06;3;84.06
1980-03-13;79.89;3;79.89
1980-03-14;87.65;3;87.65
1980-03-15;85.59;3;85.59
1980-03-16;46.88;3;46.88
1980-03-17;80.37;3;80.37
1980-03-18;82.2;3;82.2
1980-03-19;74.19;3;74.19
1980-03-20;84.53;3;84.53
1980-03-21;87.67;3;87.67
1980-03-22;80.29;3;80.29
1980-03-23;60.56;3;60.56
1980-03-24;84.7;3;84.7
1980-03-25;87.23;3;87.23
1980-03-26;86.38;3;86.38
1980-03-27;86.4;3;86.4
1980-03-28;87.88;3;87.88
1980-03-29;89.22;3;89.22
1980-03-30;81.98;3;81.98
1980-03-31;87.48;3;87.48
1980-04-01;90.45;4;90.45
1980-04-02;87.88;4;87.88
1980-04-03;40.96;4;40.96
1980-04-04;37.12;4;37.12
1980-04-05;50.65;4;50.65
1980-04-06;38.05;4;38.05
1980-04-07;51.76;4;51.76
1980-04-08;55.43;4;55.43
1980-04-09;53.98;4;53.98
1980-04-10;43.1;4;43.1
1980-04-11;48.07;4;48.07
1980-04-12;44.58;4;44.58
1980-04-13;69.08;4;69.08
1980-04-14;47.57;4;47.57
1980-04-15;44.29;4;44.29
1980-04-16;44.0;4;44.0
1980-04-17;40.5;4;40.5
1980-04-18;50.21;4;50.21
1980-04-19;49.1;4;49.1
1980-04-20;35.68;4;35.68
1980-04-21;44.94;4;44.94
1980-04-22;46.57;4;46.57
1980-04-23;53.84;4;53.84
1980-04-24;52.82;4;52.82
1980-04-25;54.06;4;54.06
1980-04-26;47.09;4;47.09
1980-04-27;32.65;4;32.65
1980-04-28;47.69;4;47.69
1980-04-29;50.29;4;50.29
1980-04-30;54.41;4;54.41
1980-05-01;37.42;5;37.42
1980-05-02;49.6;5;49.6
1980-05-03;48.98;5;48.98
1980-05-04;34.54;5;34.54
1980-05-05;50.89;5;50.89
1980-05-06;52.65;5;52.65
1980-05-07;48.91;5;48.91
1980-05-08;55.03;5;55.03
1980-05-09;56.21;5;56.21
1980-05-10;56.36;5;56.36
1980-05-11;36.86;5;36.86
1980-05-12;53.66;5;53.66
1980-05-13;45.8;5;45.8
1980-05-14;49.13;5;49.13
1980-05-15;32.11;5;32.11
1980-05-16;48.79;5;48.79
1980-05-17;45.17;5;45.17
1980-05-18;32.46;5;32.46
1980-05-19;47.84;5;47.84
1980-05-20;48.21;5;48.21
1980-05-21;48.02;5;48.02
1980-05-22;55.07;5;55.07
1980-05-23;44.7;5;44.7
1980-05-24;49.96;5;49.96
1980-05-25;32.1;5;32.1
1980-05-26;37.55;5;37.55
1980-05-27;39.09;5;39.09
1980-05-28;42.9;5;42.9
1980-05-29;40.6;5;40.6
1980-05-30;42.16;5;42.16
1980-05-31;37.58;5;37.58
1980-06-01;26.25;6;26.25
1980-06-02;38.48;6;38.48
1980-06-03;39.61;6;39.61
1980-06-04;40.92;6;40.92
1980-06-05;27.67;6;27.67
1980-06-06;39.39;6;39.39
1980-06-07;38.61;6;38.61
1980-06-08;26.16;6;26.16
1980-06-09;38.6;6;38.6
1980-06-10;39.36;6;39.36
1980-06-11;40.01;6;40.01
1980-06-12;37.37;6;37.37
1980-06-13;31.68;6;31.68
1980-06-14;38.54;6;38.54
1980-06-15;27.35;6;27.35
1980-06-16;37.39;6;37.39
1980-06-17;42.1;6;42.1
1980-06-18;44.26;6;44.26
1980-06-19;42.74;6;42.74
1980-06-20;42.12;6;42.12
1980-06-21;42.88;6;42.88
1980-06-22;28.86;6;28.86
1980-06-23;38.05;6;38.05
1980-06-24;39.2;6;39.2
1980-06-25;38.13;6;38.13
1980-06-26;39.28;6;39.28
1980-06-27;40.0;6;40.0
1980-06-28;41.46;6;41.46
1980-06-29;27.38;6;27.38
1980-06-30;38.77;6;38.77
1980-07-01;40.82;7;40.82
1980-07-02;41.55;7;41.55
1980-07-03;42.24;7;42.24
1980-07-04;39.47;7;39.47
1980-07-05;36.8;7;36.8
1980-07-06;27.46;7;27.46
1980-07-07;38.71;7;38.71
1980-07-08;40.67;7;40.67
1980-07-09;39.44;7;39.44
1980-07-10;29.23;7;29.23
1980-07-11;28.74;7;28.74
1980-07-12;25.07;7;25.07
1980-07-13;21.56;7;21.56
1980-07-14;22.82;7;22.82
1980-07-15;22.74;7;22.74
1980-07-16;19.81;7;19.81
1980-07-17;19.84;7;19.84
1980-07-18;19.65;7;19.65
1980-07-19;16.98;7;16.98
1980-07-20;16.86;7;16.86
1980-07-21;18.8;7;18.8
1980-07-22;17.4;7;17.4
1980-07-23;18.47;7;18.47
1980-07-24;16.84;7;16.84
1980-07-25;19.09;7;19.09
1980-07-26;16.89;7;16.89
1980-07-27;16.73;7;16.73
1980-07-28;18.42;7;18.42
1980-07-29;17.15;7;17.15
1980-07-30;16.93;7;16.93
1980-07-31;18.63;7;18.63
1980-08-01;17.35;8;17.35
1980-08-02;16.05;8;16.05
1980-08-03;16.15;8;16.15
1980-08-04;16.37;8;16.37
1980-08-05;16.33;8;16.33
1980-08-06;14.2;8;14.2
1980-08-07;16.47;8;16.47
1980-08-08;12.93;8;12.93
1980-08-09;14.47;8;14.47
1980-08-10;11.13;8;11.13
1980-08-11;12.4;8;12.4
1980-08-12;17.67;8;17.67
1980-08-13;15.73;8;15.73
1980-08-14;13.97;8;13.97
1980-08-15;14.8;8;14.8
1980-08-16;11.73;8;11.73
1980-08-17;10.67;8;10.67
1980-08-18;13.67;8;13.67
1980-08-19;19.0;8;19.0
1980-08-20;17.17;8;17.17
1980-08-21;21.33;8;21.33
1980-08-22;18.83;8;18.83
1980-08-23;18.8;8;18.8
1980-08-24;13.8;8;13.8
1980-08-25;18.5;8;18.5
1980-08-26;21.8;8;21.8
1980-08-27;23.5;8;23.5
1980-08-28;28.23;8;28.23
1980-08-29;31.33;8;31.33
1980-08-30;19.5;8;19.5
1980-08-31;11.13;8;11.13
1980-09-01;19.23;9;19.23
1980-09-02;18.33;9;18.33
1980-09-03;21.0;9;21.0
1980-09-04;22.83;9;22.83
1980-09-05;30.23;9;30.23
1980-09-06;11.83;9;11.83
1980-09-07;15.3;9;15.3
1980-09-08;18.0;9;18.0
1980-09-09;23.0;9;23.0
1980-09-10;18.5;9;18.5
1980-09-11;18.67;9;18.67
1980-09-12;24.0;9;24.0
1980-09-13;19.57;9;19.57
1980-09-14;11.63;9;11.63
1980-09-15;22.83;9;22.83
1980-09-16;15.2;9;15.2
1980-09-17;21.17;9;21.17
1980-09-18;18.83;9;18.83
1980-09-19;21.33;9;21.33
1980-09-20;19.0;9;19.0
1980-09-21;11.7;9;11.7
1980-09-22;18.33;9;18.33
1980-09-23;27.07;9;27.07
1980-09-24;22.83;9;22.83
1980-09-25;24.33;9;24.33
1980-09-26;18.67;9;18.67
1980-09-27;22.0;9;22.0
1980-09-28;19.0;9;19.0
1980-09-29;28.0;9;28.0
1980-09-30;19.0;9;19.0
1980-10-01;12.5;10;12.5
1980-10-02;35.75;10;35.75
1980-10-03;22.0;10;22.0
1980-10-04;16.0;10;16.0
1980-10-05;8.0;10;8.0
1980-10-06;14.0;10;14.0
1980-10-07;15.5;10;15.5
1980-10-08;8.5;10;8.5
1980-10-09;11.5;10;11.5
1980-10-10;28.0;10;28.0
1980-10-11;16.5;10;16.5
1980-10-12;14.25;10;14.25
1980-10-13;15.5;10;15.5
1980-10-14;36.0;10;36.0
1980-10-15;36.0;10;36.0
1980-10-16;36.0;10;36.0
1980-10-17;31.0;10;31.0
1980-10-18;31.0;10;31.0
1980-10-19;31.0;10;31.0
1980-10-20;31.0;10;31.0
1980-10-21;36.0;10;36.0
1980-10-22;38.8;10;38.8
1980-10-23;36.0;10;36.0
1980-10-24;37.75;10;37.75
1980-10-25;36.0;10;36.0
1980-10-26;39.15;10;39.15
1980-10-27;39.5;10;39.5
1980-10-28;38.45;10;38.45
1980-10-29;36.0;10;36.0
1980-10-30;35.5;10;35.5
1980-10-31;36.0;10;36.0
1980-11-01;36.0;11;36.0
1980-11-02;31.0;11;31.0
1980-11-03;36.0;11;36.0
1980-11-04;35.5;11;35.5
1980-11-05;36.35;11;36.35
1980-11-06;35.75;11;35.75
1980-11-07;35.25;11;35.25
1980-11-08;34.75;11;34.75
1980-11-09;31.0;11;31.0
1980-11-10;31.0;11;31.0
1980-11-11;31.0;11;31.0
1980-11-12;42.3;11;42.3
1980-11-13;42.65;11;42.65
1980-11-14;31.0;11;31.0
1980-11-15;31.0;11;31.0
1980-11-16;31.0;11;31.0
1980-11-17;39.5;11;39.5
1980-11-18;40.45;11;40.45
1980-11-19;31.0;11;31.0
1980-11-20;37.75;11;37.75
1980-11-21;46.82;11;46.82
1980-11-22;38.8;11;38.8
1980-11-23;39.5;11;39.5
1980-11-24;45.12;11;45.12
1980-11-25;45.97;11;45.97
1980-11-26;46.4;11;46.4
1980-11-27;41.25;11;41.25
1980-11-28;45.55;11;45.55
1980-11-29;37.75;11;37.75
1980-11-30;37.75;11;37.75
1980-12-01;43.0;12;43.0
1980-12-02;42.3;12;42.3
1980-12-03;46.82;12;46.82
1980-12-04;40.2;12;40.2
1980-12-05;39.15;12;39.15
1980-12-06;47.67;12;47.67
1980-12-07;47.25;12;47.25
1980-12-08;46.4;12;46.4
1980-12-09;44.27;12;44.27
1980-12-10;39.5;12;39.5
1980-12-11;43.43;12;43.43
1980-12-12;36.0;12;36.0
1980-12-13;40.2;12;40.2
1980-12-14;43.85;12;43.85
1980-12-15;31.0;12;31.0
1980-12-16;41.25;12;41.25
1980-12-17;43.0;12;43.0
1980-12-18;47.25;12;47.25
1980-12-19;20.0;12;20.0
1980-12-20;42.5;12;42.5
1980-12-21;47.25;12;47.25
1980-12-22;39.5;12;39.5
1980-12-23;55.5;12;55.5
1980-12-24;55.5;12;55.5
1980-12-25;47.25;12;47.25
1980-12-26;37.75;12;37.75
1980-12-27;36.7;12;36.7
1980-12-28;37.75;12;37.75
1980-12-29;54.3;12;54.3
1980-12-30;51.5;12;51.5
1980-12-31;50.22;12;50.22
1981-01-01;63.0;1;63.0
1981-01-02;27.6;1;27.6
1981-01-03;30.8;1;30.8
1981-01-04;30.6;1;30.6
1981-01-05;32.4;1;32.4
1981-01-06;30.6;1;30.6
1981-01-07;29.9;1;29.9
1981-01-08;35.2;1;35.2
1981-01-09;34.3;1;34.3
1981-01-10;37.1;1;37.1
1981-01-11;35.3;1;35.3
1981-01-12;35.3;1;35.3
1981-01-13;35.9;1;35.9
1981-01-14;35.1;1;35.1
1981-01-15;35.0;1;35.0
1981-01-16;36.2;1;36.2
1981-01-17;36.8;1;36.8
1981-01-18;35.9;1;35.9
1981-01-19;35.5;1;35.5
1981-01-20;37.1;1;37.1
1981-01-21;36.8;1;36.8
1981-01-22;36.4;1;36.4
1981-01-23;35.7;1;35.7
1981-01-24;41.6;1;41.6
1981-01-25;42.0;1;42.0
1981-01-26;41.8;1;41.8
1981-01-27;41.9;1;41.9
1981-01-28;43.1;1;43.1
1981-01-29;48.4;1;48.4
1981-01-30;30.6;1;30.6
1981-01-31;37.0;1;37.0
1981-02-01;67.1;2;67.1
1981-02-02;31.3;2;31.3
1981-02-03;22.4;2;22.4
1981-02-04;31.9;2;31.9
1981-02-05;33.0;2;33.0
1981-02-06;28.9;2;28.9
1981-02-07;28.5;2;28.5
1981-02-08;31.3;2;31.3
1981-02-09;32.0;2;32.0
1981-02-10;28.9;2;28.9
1981-02-11;51.5;2;51.5
1981-02-12;37.0;2;37.0
1981-02-13;33.5;2;33.5
1981-02-14;37.8;2;37.8
1981-02-15;44.5;2;44.5
1981-02-16;30.5;2;30.5
1981-02-17;34.0;2;34.0
1981-02-18;31.8;2;31.8
1981-02-19;31.9;2;31.9
1981-02-20;33.2;2;33.2
1981-02-21;30.2;2;30.2
1981-02-22;32.4;2;32.4
1981-02-23;57.1;2;57.1
1981-02-24;48.3;2;48.3
1981-02-25;44.6;2;44.6
1981-02-26;45.9;2;45.9
1981-02-27;45.4;2;45.4
1981-02-28;45.6;2;45.6
1981-03-01;44.7;3;44.7
1981-03-02;45.2;3;45.2
1981-03-03;45.3;3;45.3
1981-03-04;45.4;3;45.4
1981-03-05;46.6;3;46.6
1981-03-06;45.8;3;45.8
1981-03-07;44.6;3;44.6
1981-03-08;44.0;3;44.0
1981-03-09;44.1;3;44.1
1981-03-10;48.5;3;48.5
1981-03-11;56.2;3;56.2
1981-03-12;60.7;3;60.7
1981-03-13;60.2;3;60.2
1981-03-14;59.9;3;59.9
1981-03-15;60.7;3;60.7
1981-03-16;56.9;3;56.9
1981-03-17;59.6;3;59.6
1981-03-18;62.3;3;62.3
1981-03-19;62.6;3;62.6
1981-03-20;61.8;3;61.8
1981-03-21;60.1;3;60.1
1981-03-22;60.2;3;60.2
1981-03-23;60.8;3;60.8
1981-03-24;62.2;3;62.2
1981-03-25;61.8;3;61.8
1981-03-26;61.9;3;61.9
1981-03-27;62.0;3;62.0
1981-03-28;61.4;3;61.4
1981-03-29;61.7;3;61.7
1981-03-30;62.8;3;62.8
1981-03-31;61.9;3;61.9
1981-04-01;59.9;4;59.9
1981-04-02;61.7;4;61.7
1981-04-03;63.1;4;63.1
1981-04-04;62.3;4;62.3
1981-04-05;62.3;4;62.3
1981-04-06;57.1;4;57.1
1981-04-07;61.6;4;61.6
1981-04-08;63.9;4;63.9
1981-04-09;62.7;4;62.7
1981-04-10;63.7;4;63.7
1981-04-11;64.8;4;64.8
1981-04-12;65.0;4;65.0
1981-04-13;58.1;4;58.1
1981-04-14;43.5;4;43.5
1981-04-15;37.6;4;37.6
1981-04-16;43.0;4;43.0
1981-04-17;42.6;4;42.6
1981-04-18;42.6;4;42.6
1981-04-19;31.4;4;31.4
1981-04-20;38.2;4;38.2
1981-04-21;35.6;4;35.6
1981-04-22;34.4;4;34.4
1981-04-23;41.8;4;41.8
1981-04-24;41.7;4;41.7
1981-04-25;41.7;4;41.7
1981-04-26;46.6;4;46.6
1981-04-27;43.7;4;43.7
1981-04-28;37.7;4;37.7
1981-04-29;32.7;4;32.7
1981-04-30;33.7;4;33.7
1981-05-01;41.8;5;41.8
1981-05-02;40.8;5;40.8
1981-05-03;30.7;5;30.7
1981-05-04;40.0;5;40.0
1981-05-05;38.1;5;38.1
1981-05-06;39.9;5;39.9
1981-05-07;38.9;5;38.9
1981-05-08;42.3;5;42.3
1981-05-09;39.5;5;39.5
1981-05-10;37.1;5;37.1
1981-05-11;39.9;5;39.9
1981-05-12;40.6;5;40.6
1981-05-13;40.9;5;40.9
1981-05-14;57.5;5;57.5
1981-05-15;63.1;5;63.1
1981-05-16;66.4;5;66.4
1981-05-17;52.3;5;52.3
1981-05-18;65.7;5;65.7
1981-05-19;66.3;5;66.3
1981-05-20;67.2;5;67.2
1981-05-21;67.4;5;67.4
1981-05-22;65.6;5;65.6
1981-05-23;53.3;5;53.3
1981-05-24;52.2;5;52.2
1981-05-25;51.5;5;51.5
1981-05-26;58.7;5;58.7
1981-05-27;92.8;5;92.8
1981-05-28;93.1;5;93.1
1981-05-29;93.6;5;93.6
1981-05-30;92.5;5;92.5
1981-05-31;94.0;5;94.0
1981-06-01;106.0;6;106.0
1981-06-02;106.0;6;106.0
1981-06-03;106.0;6;106.0
1981-06-04;106.0;6;106.0
1981-06-05;106.0;6;106.0
1981-06-06;106.0;6;106.0
1981-06-07;106.0;6;106.0
1981-06-08;106.0;6;106.0
1981-06-09;106.0;6;106.0
1981-06-10;106.0;6;106.0
1981-06-11;106.0;6;106.0
1981-06-12;106.0;6;106.0
1981-06-13;106.0;6;106.0
1981-06-14;106.0;6;106.0
1981-06-15;106.0;6;106.0
1981-06-16;106.0;6;106.0
1981-06-17;106.0;6;106.0
1981-06-18;89.0;6;89.0
1981-06-19;89.0;6;89.0
1981-06-20;106.0;6;106.0
1981-06-21;106.0;6;106.0
1981-06-22;106.0;6;106.0
1981-06-23;106.0;6;106.0
1981-06-24;99.5;6;99.5
1981-06-25;99.5;6;99.5
1981-06-26;99.5;6;99.5
1981-06-27;99.5;6;99.5
1981-06-28;99.5;6;99.5
1981-06-29;99.5;6;99.5
1981-06-30;99.5;6;99.5
1981-07-01;93.9;7;93.9
1981-07-02;61.2;7;61.2
1981-07-03;61.5;7;61.5
1981-07-04;78.6;7;78.6
1981-07-05;68.2;7;68.2
1981-07-06;62.5;7;62.5
1981-07-07;70.0;7;70.0
1981-07-08;63.1;7;63.1
1981-07-09;78.8;7;78.8
1981-07-10;76.5;7;76.5
1981-07-11;80.5;7;80.5
1981-07-12;80.5;7;80.5
1981-07-13;80.5;7;80.5
1981-07-14;70.0;7;70.0
1981-07-15;80.5;7;80.5
1981-07-16;76.5;7;76.5
1981-07-17;70.5;7;70.5
1981-07-18;66.8;7;66.8
1981-07-19;65.2;7;65.2
1981-07-20;65.0;7;65.0
1981-07-21;65.4;7;65.4
1981-07-22;66.8;7;66.8
1981-07-23;67.6;7;67.6
1981-07-24;65.1;7;65.1
1981-07-25;59.6;7;59.6
1981-07-26;65.4;7;65.4
1981-07-27;70.0;7;70.0
1981-07-28;68.7;7;68.7
1981-07-29;68.3;7;68.3
1981-07-30;68.7;7;68.7
1981-07-31;69.0;7;69.0
1981-08-01;47.7;8;47.7
1981-08-02;47.6;8;47.6
1981-08-03;46.1;8;46.1
1981-08-04;47.0;8;47.0
1981-08-05;47.1;8;47.1
1981-08-06;47.1;8;47.1
1981-08-07;47.2;8;47.2
1981-08-08;46.8;8;46.8
1981-08-09;47.3;8;47.3
1981-08-10;52.1;8;52.1
1981-08-11;47.3;8;47.3
1981-08-12;47.9;8;47.9
1981-08-13;47.3;8;47.3
1981-08-14;47.2;8;47.2
1981-08-15;53.6;8;53.6
1981-08-16;47.8;8;47.8
1981-08-17;48.1;8;48.1
1981-08-18;45.5;8;45.5
1981-08-19;51.8;8;51.8
1981-08-20;47.1;8;47.1
1981-08-21;47.9;8;47.9
1981-08-22;48.4;8;48.4
1981-08-23;48.7;8;48.7
1981-08-24;41.3;8;41.3
1981-08-25;40.6;8;40.6
1981-08-26;40.7;8;40.7
1981-08-27;41.9;8;41.9
1981-08-28;41.0;8;41.0
1981-08-29;41.6;8;41.6
1981-08-30;41.6;8;41.6
1981-08-31;41.4;8;41.4
1981-09-01;39.8;9;39.8
1981-09-02;36.7;9;36.7
1981-09-03;38.3;9;38.3
1981-09-04;36.9;9;36.9
1981-09-05;37.5;9;37.5
1981-09-06;37.7;9;37.7
1981-09-07;37.3;9;37.3
1981-09-08;42.2;9;42.2
1981-09-09;42.7;9;42.7
1981-09-10;43.2;9;43.2
1981-09-11;44.9;9;44.9
1981-09-12;47.2;9;47.2
1981-09-13;48.5;9;48.5
1981-09-14;48.1;9;48.1
1981-09-15;50.4;9;50.4
1981-09-16;30.3;9;30.3
1981-09-17;50.5;9;50.5
1981-09-18;49.6;9;49.6
1981-09-19;49.8;9;49.8
1981-09-20;47.3;9;47.3
1981-09-21;49.8;9;49.8
1981-09-22;49.0;9;49.0
1981-09-23;50.4;9;50.4
1981-09-24;46.7;9;46.7
1981-09-25;50.5;9;50.5
1981-09-26;51.0;9;51.0
1981-09-27;48.9;9;48.9
1981-09-28;50.8;9;50.8
1981-09-29;50.7;9;50.7
1981-09-30;50.6;9;50.6
1981-10-01;45.7;10;45.7
1981-10-02;51.3;10;51.3
1981-10-03;49.5;10;49.5
1981-10-04;44.0;10;44.0
1981-10-05;48.9;10;48.9
1981-10-06;50.7;10;50.7
1981-10-07;50.8;10;50.8
1981-10-08;58.6;10;58.6
1981-10-09;51.8;10;51.8
1981-10-10;53.8;10;53.8
1981-10-11;52.0;10;52.0
1981-10-12;50.9;10;50.9
1981-10-13;44.3;10;44.3
1981-10-14;49.9;10;49.9
1981-10-15;51.5;10;51.5
1981-10-16;51.3;10;51.3
1981-10-17;49.8;10;49.8
1981-10-18;50.7;10;50.7
1981-10-19;49.5;10;49.5
1981-10-20;49.4;10;49.4
1981-10-21;51.9;10;51.9
1981-10-22;50.3;10;50.3
1981-10-23;50.1;10;50.1
1981-10-24;49.7;10;49.7
1981-10-25;50.0;10;50.0
1981-10-26;52.0;10;52.0
1981-10-27;49.6;10;49.6
1981-10-28;50.2;10;50.2
1981-10-29;50.1;10;50.1
1981-10-30;50.0;10;50.0
1981-10-31;50.6;10;50.6
1981-11-01;41.2;11;41.2
1981-11-02;41.9;11;41.9
1981-11-03;41.4;11;41.4
1981-11-04;49.9;11;49.9
1981-11-05;48.5;11;48.5
1981-11-06;47.4;11;47.4
1981-11-07;48.9;11;48.9
1981-11-08;48.8;11;48.8
1981-11-09;49.3;11;49.3
1981-11-10;48.1;11;48.1
1981-11-11;47.1;11;47.1
1981-11-12;48.1;11;48.1
1981-11-13;53.9;11;53.9
1981-11-14;48.1;11;48.1
1981-11-15;48.7;11;48.7
1981-11-16;56.2;11;56.2
1981-11-17;43.6;11;43.6
1981-11-18;43.1;11;43.1
1981-11-19;46.8;11;46.8
1981-11-20;41.5;11;41.5
1981-11-21;45.5;11;45.5
1981-11-22;45.9;11;45.9
1981-11-23;43.0;11;43.0
1981-11-24;43.8;11;43.8
1981-11-25;42.3;11;42.3
1981-11-26;42.8;11;42.8
1981-11-27;42.0;11;42.0
1981-11-28;42.9;11;42.9
1981-11-29;42.4;11;42.4
1981-11-30;42.0;11;42.0
1981-12-01;41.8;12;41.8
1981-12-02;42.7;12;42.7
1981-12-03;42.9;12;42.9
1981-12-04;43.2;12;43.2
1981-12-05;44.6;12;44.6
1981-12-06;43.3;12;43.3
1981-12-07;44.1;12;44.1
1981-12-08;43.8;12;43.8
1981-12-09;42.3;12;42.3
1981-12-10;44.6;12;44.6
1981-12-11;45.6;12;45.6
1981-12-12;45.8;12;45.8
1981-12-13;46.3;12;46.3
1981-12-14;46.4;12;46.4
1981-12-15;46.1;12;46.1
1981-12-16;47.1;12;47.1
1981-12-17;45.7;12;45.7
1981-12-18;47.3;12;47.3
1981-12-19;45.9;12;45.9
1981-12-20;45.9;12;45.9
1981-12-21;46.9;12;46.9
1981-12-22;45.4;12;45.4
1981-12-23;46.5;12;46.5
1981-12-24;49.0;12;49.0
1981-12-25;47.8;12;47.8
1981-12-26;45.8;12;45.8
1981-12-27;46.9;12;46.9
1981-12-28;45.0;12;45.0
1981-12-29;48.3;12;48.3
1981-12-30;58.9;12;58.9
1981-12-31;45.5;12;45.5
1982-01-01;53.2;1;53.2
1982-01-02;51.7;1;51.7
1982-01-03;52.2;1;52.2
1982-01-04;49.5;1;49.5
1982-01-05;54.5;1;54.5
1982-01-06;54.5;1;54.5
1982-01-07;59.0;1;59.0
1982-01-08;60.0;1;60.0
1982-01-09;105.0;1;105.0
1982-01-10;99.5;1;99.5
1982-01-11;94.0;1;94.0
1982-01-12;94.0;1;94.0
1982-01-13;94.0;1;94.0
1982-01-14;94.0;1;94.0
1982-01-15;94.0;1;94.0
1982-01-16;94.0;1;94.0
1982-01-17;94.0;1;94.0
1982-01-18;94.0;1;94.0
1982-01-19;94.0;1;94.0
1982-01-20;94.0;1;94.0
1982-01-21;94.0;1;94.0
1982-01-22;94.0;1;94.0
1982-01-23;94.0;1;94.0
1982-01-24;94.0;1;94.0
1982-01-25;94.0;1;94.0
1982-01-26;94.0;1;94.0
1982-01-27;94.0;1;94.0
1982-01-28;94.0;1;94.0
1982-01-29;94.0;1;94.0
1982-01-30;94.0;1;94.0
1982-01-31;94.0;1;94.0
1982-02-01;94.0;2;94.0
1982-02-02;94.0;2;94.0
1982-02-03;94.0;2;94.0
1982-02-04;94.0;2;94.0
1982-02-05;94.0;2;94.0
1982-02-06;94.0;2;94.0
1982-02-07;94.0;2;94.0
1982-02-08;94.0;2;94.0
1982-02-09;94.0;2;94.0
1982-02-10;94.0;2;94.0
1982-02-11;94.0;2;94.0
1982-02-12;94.0;2;94.0
1982-02-13;94.0;2;94.0
1982-02-14;94.0;2;94.0
1982-02-15;94.0;2;94.0
1982-02-16;94.0;2;94.0
1982-02-17;94.0;2;94.0
1982-02-18;94.0;2;94.0
1982-02-19;94.0;2;94.0
1982-02-20;94.0;2;94.0
1982-02-21;94.0;2;94.0
1982-02-22;94.0;2;94.0
1982-02-23;94.0;2;94.0
1982-02-24;94.0;2;94.0
1982-02-25;94.0;2;94.0
1982-02-26;94.0;2;94.0
1982-02-27;94.0;2;94.0
1982-02-28;94.0;2;94.0
1982-03-01;94.0;3;94.0
1982-03-02;94.0;3;94.0
1982-03-03;94.0;3;94.0
1982-03-04;94.0;3;94.0
1982-03-05;94.0;3;94.0
1982-03-06;94.0;3;94.0
1982-03-07;94.0;3;94.0
1982-03-08;94.0;3;94.0
1982-03-09;94.0;3;94.0
1982-03-10;94.0;3;94.0
1982-03-11;94.0;3;94.0
1982-03-12;94.0;3;94.0
1982-03-13;94.0;3;94.0
1982-03-14;94.0;3;94.0
1982-03-15;94.0;3;94.0
1982-03-16;94.0;3;94.0
1982-03-17;94.0;3;94.0
1982-03-18;94.0;3;94.0
1982-03-19;94.0;3;94.0
1982-03-20;94.0;3;94.0
1982-03-21;94.0;3;94.0
1982-03-22;94.0;3;94.0
1982-03-23;94.0;3;94.0
1982-03-24;94.0;3;94.0
1982-03-25;94.0;3;94.0
1982-03-26;94.0;3;94.0
1982-03-27;94.0;3;94.0
1982-03-28;94.0;3;94.0
1982-03-29;94.0;3;94.0
1982-03-30;94.0;3;94.0
1982-03-31;94.0;3;94.0
1982-04-01;94.0;4;94.0
1982-04-02;94.0;4;94.0
1982-04-03;94.0;4;94.0
1982-04-04;94.0;4;94.0
1982-04-05;94.0;4;94.0
1982-04-06;94.0;4;94.0
1982-04-07;94.0;4;94.0
1982-04-08;94.0;4;94.0
1982-04-09;94.0;4;94.0
1982-04-10;94.0;4;94.0
1982-04-11;94.0;4;94.0
1982-04-12;94.0;4;94.0
1982-04-13;94.0;4;94.0
1982-04-14;94.0;4;94.0
1982-04-15;94.0;4;94.0
1982-04-16;94.0;4;94.0
1982-04-17;94.0;4;94.0
1982-04-18;94.0;4;94.0
1982-04-19;514.0;4;514.0
1982-04-20;934.0;4;934.0
1982-04-21;161.9;4;161.9
1982-04-22;104.3;4;104.3
1982-04-23;103.5;4;103.5
1982-04-24;103.8;4;103.8
1982-04-25;104.1;4;104.1
1982-04-26;98.1;4;98.1
1982-04-27;98.3;4;98.3
1982-04-28;77.0;4;77.0
1982-04-29;81.8;4;81.8
1982-04-30;98.4;4;98.4
1982-05-01;97.8;5;97.8
1982-05-02;91.4;5;91.4
1982-05-03;93.7;5;93.7
1982-05-04;96.1;5;96.1
1982-05-05;96.1;5;96.1
1982-05-06;93.1;5;93.1
1982-05-07;94.3;5;94.3
1982-05-08;95.7;5;95.7
1982-05-09;96.8;5;96.8
1982-05-10;94.3;5;94.3
1982-05-11;94.3;5;94.3
1982-05-12;95.7;5;95.7
1982-05-13;94.0;5;94.0
1982-05-14;94.4;5;94.4
1982-05-15;95.3;5;95.3
1982-05-16;95.9;5;95.9
1982-05-17;95.1;5;95.1
1982-05-18;94.9;5;94.9
1982-05-19;93.1;5;93.1
1982-05-20;98.2;5;98.2
1982-05-21;100.3;5;100.3
1982-05-22;100.2;5;100.2
1982-05-23;187.3;5;187.3
1982-05-24;727.2;5;727.2
1982-05-25;103.9;5;103.9
1982-05-26;101.9;5;101.9
1982-05-27;100.4;5;100.4
1982-05-28;100.1;5;100.1
1982-05-29;98.3;5;98.3
1982-05-30;99.6;5;99.6
1982-05-31;98.9;5;98.9
1982-06-01;98.4;6;98.4
1982-06-02;96.1;6;96.1
1982-06-03;97.0;6;97.0
1982-06-04;97.1;6;97.1
1982-06-05;97.8;6;97.8
1982-06-06;98.2;6;98.2
1982-06-07;96.5;6;96.5
1982-06-08;96.3;6;96.3
1982-06-09;96.2;6;96.2
1982-06-10;98.0;6;98.0
1982-06-11;97.1;6;97.1
1982-06-12;97.5;6;97.5
1982-06-13;98.4;6;98.4
1982-06-14;96.7;6;96.7
1982-06-15;96.4;6;96.4
1982-06-16;96.1;6;96.1
1982-06-17;96.7;6;96.7
1982-06-18;98.2;6;98.2
1982-06-19;98.3;6;98.3
1982-06-20;98.7;6;98.7
1982-06-21;98.1;6;98.1
1982-06-22;94.2;6;94.2
1982-06-23;97.3;6;97.3
1982-06-24;98.6;6;98.6
1982-06-25;98.5;6;98.5
1982-06-26;99.7;6;99.7
1982-06-27;100.6;6;100.6
1982-06-28;99.2;6;99.2
1982-06-29;100.6;6;100.6
1982-06-30;97.3;6;97.3
1982-07-01;83.5;7;83.5
1982-07-02;82.8;7;82.8
1982-07-03;83.9;7;83.9
1982-07-04;83.6;7;83.6
1982-07-05;81.6;7;81.6
1982-07-06;85.1;7;85.1
1982-07-07;86.3;7;86.3
1982-07-08;83.5;7;83.5
1982-07-09;69.6;7;69.6
1982-07-10;57.7;7;57.7
1982-07-11;58.4;7;58.4
1982-07-12;56.6;7;56.6
1982-07-13;57.4;7;57.4
1982-07-14;57.5;7;57.5
1982-07-15;57.4;7;57.4
1982-07-16;57.4;7;57.4
1982-07-17;57.7;7;57.7
1982-07-18;57.7;7;57.7
1982-07-19;57.8;7;57.8
1982-07-20;57.6;7;57.6
1982-07-21;57.3;7;57.3
1982-07-22;56.9;7;56.9
1982-07-23;57.8;7;57.8
1982-07-24;57.5;7;57.5
1982-07-25;58.4;7;58.4
1982-07-26;58.2;7;58.2
1982-07-27;57.9;7;57.9
1982-07-28;59.3;7;59.3
1982-07-29;58.8;7;58.8
1982-07-30;58.7;7;58.7
1982-07-31;58.6;7;58.6
1982-08-01;49.5;8;49.5
1982-08-02;44.6;8;44.6
1982-08-03;43.9;8;43.9
1982-08-04;44.5;8;44.5
1982-08-05;43.4;8;43.4
1982-08-06;43.3;8;43.3
1982-08-07;43.7;8;43.7
1982-08-08;44.0;8;44.0
1982-08-09;43.3;8;43.3
1982-08-10;43.1;8;43.1
1982-08-11;43.2;8;43.2
1982-08-12;42.2;8;42.2
1982-08-13;43.8;8;43.8
1982-08-14;44.2;8;44.2
1982-08-15;41.5;8;41.5
1982-08-16;42.8;8;42.8
1982-08-17;43.0;8;43.0
1982-08-18;41.2;8;41.2
1982-08-19;42.7;8;42.7
1982-08-20;43.0;8;43.0
1982-08-21;43.6;8;43.6
1982-08-22;41.0;8;41.0
1982-08-23;42.2;8;42.2
1982-08-24;43.5;8;43.5
1982-08-25;46.9;8;46.9
1982-08-26;46.5;8;46.5
1982-08-27;48.0;8;48.0
1982-08-28;47.3;8;47.3
1982-08-29;46.5;8;46.5
1982-08-30;48.0;8;48.0
1982-08-31;47.0;8;47.0
1982-09-01;45.8;9;45.8
1982-09-02;43.8;9;43.8
1982-09-03;43.8;9;43.8
1982-09-04;44.3;9;44.3
1982-09-05;45.1;9;45.1
1982-09-06;44.0;9;44.0
1982-09-07;43.7;9;43.7
1982-09-08;45.3;9;45.3
1982-09-09;44.4;9;44.4
1982-09-10;44.2;9;44.2
1982-09-11;43.3;9;43.3
1982-09-12;44.9;9;44.9
1982-09-13;46.7;9;46.7
1982-09-14;44.3;9;44.3
1982-09-15;41.0;9;41.0
1982-09-16;40.1;9;40.1
1982-09-17;39.3;9;39.3
1982-09-18;39.1;9;39.1
1982-09-19;41.4;9;41.4
1982-09-20;40.7;9;40.7
1982-09-21;41.4;9;41.4
1982-09-22;38.2;9;38.2
1982-09-23;37.8;9;37.8
1982-09-24;17.5;9;17.5
1982-09-25;17.5;9;17.5
1982-09-26;17.5;9;17.5
1982-09-27;17.5;9;17.5
1982-09-28;17.5;9;17.5
1982-09-29;17.5;9;17.5
1982-09-30;17.5;9;17.5
1982-10-01;17.5;10;17.5
1982-10-02;17.5;10;17.5
1982-10-03;17.5;10;17.5
1982-10-04;17.5;10;17.5
1982-10-05;17.5;10;17.5
1982-10-06;17.5;10;17.5
1982-10-07;17.5;10;17.5
1982-10-08;17.5;10;17.5
1982-10-09;17.5;10;17.5
1982-10-10;17.5;10;17.5
1982-10-11;17.5;10;17.5
1982-10-12;17.5;10;17.5
1982-10-13;17.5;10;17.5
1982-10-14;17.5;10;17.5
1982-10-15;17.5;10;17.5
1982-10-16;17.5;10;17.5
1982-10-17;17.5;10;17.5
1982-10-18;17.5;10;17.5
1982-10-19;17.5;10;17.5
1982-10-20;17.5;10;17.5
1982-10-21;17.5;10;17.5
1982-10-22;17.5;10;17.5
1982-10-23;17.5;10;17.5
1982-10-24;18.7;10;18.7
1982-10-25;49.5;10;49.5
1982-10-26;49.5;10;49.5
1982-10-27;49.5;10;49.5
1982-10-28;49.5;10;49.5
1982-10-29;50.7;10;50.7
1982-10-30;50.7;10;50.7
1982-10-31;49.5;10;49.5
1982-11-01;50.7;11;50.7
1982-11-02;49.5;11;49.5
1982-11-03;49.5;11;49.5
1982-11-04;49.5;11;49.5
1982-11-05;78.5;11;78.5
1982-11-06;60.2;11;60.2
1982-11-07;61.2;11;61.2
1982-11-08;60.1;11;60.1
1982-11-09;60.8;11;60.8
1982-11-10;60.0;11;60.0
1982-11-11;60.6;11;60.6
1982-11-12;60.3;11;60.3
1982-11-13;61.7;11;61.7
1982-11-14;59.4;11;59.4
1982-11-15;59.6;11;59.6
1982-11-16;60.9;11;60.9
1982-11-17;61.1;11;61.1
1982-11-18;62.0;11;62.0
1982-11-19;60.3;11;60.3
1982-11-20;60.2;11;60.2
1982-11-21;58.3;11;58.3
1982-11-22;60.4;11;60.4
1982-11-23;61.6;11;61.6
1982-11-24;59.0;11;59.0
1982-11-25;60.8;11;60.8
1982-11-26;61.9;11;61.9
1982-11-27;61.8;11;61.8
1982-11-28;61.2;11;61.2
1982-11-29;75.7;11;75.7
1982-11-30;66.1;11;66.1
1982-12-01;61.7;12;61.7
1982-12-02;56.7;12;56.7
1982-12-03;58.8;12;58.8
1982-12-04;49.4;12;49.4
1982-12-05;49.8;12;49.8
1982-12-06;48.6;12;48.6
1982-12-07;50.1;12;50.1
1982-12-08;49.0;12;49.0
1982-12-09;49.1;12;49.1
1982-12-10;48.9;12;48.9
1982-12-11;45.6;12;45.6
1982-12-12;48.7;12;48.7
1982-12-13;51.0;12;51.0
1982-12-14;49.4;12;49.4
1982-12-15;50.2;12;50.2
1982-12-16;48.0;12;48.0
1982-12-17;48.3;12;48.3
1982-12-18;42.7;12;42.7
1982-12-19;47.3;12;47.3
1982-12-20;42.7;12;42.7
1982-12-21;54.5;12;54.5
1982-12-22;55.6;12;55.6
1982-12-23;49.2;12;49.2
1982-12-24;49.4;12;49.4
1982-12-25;49.0;12;49.0
1982-12-26;46.5;12;46.5
1982-12-27;47.6;12;47.6
1982-12-28;46.7;12;46.7
1982-12-29;46.7;12;46.7
1982-12-30;56.2;12;56.2
1982-12-31;63.9;12;63.9
1983-01-01;84.0;1;84.0
1983-01-02;84.0;1;84.0
1983-01-03;84.0;1;84.0
1983-01-04;83.13;1;83.13
1983-01-05;82.07;1;82.07
1983-01-06;84.0;1;84.0
1983-01-07;86.0;1;86.0
1983-01-08;86.96;1;86.96
1983-01-09;86.85;1;86.85
1983-01-10;86.62;1;86.62
1983-01-11;85.5;1;85.5
1983-01-12;85.0;1;85.0
1983-01-13;84.89;1;84.89
1983-01-14;84.56;1;84.56
1983-01-15;87.69;1;87.69
1983-01-16;86.15;1;86.15
1983-01-17;83.43;1;83.43
1983-01-18;84.0;1;84.0
1983-01-19;85.0;1;85.0
1983-01-20;85.31;1;85.31
1983-01-21;84.5;1;84.5
1983-01-22;85.67;1;85.67
1983-01-23;86.0;1;86.0
1983-01-24;86.4;1;86.4
1983-01-25;86.62;1;86.62
1983-01-26;63.19;1;63.19
1983-01-27;63.17;1;63.17
1983-01-28;63.21;1;63.21
1983-01-29;62.99;1;62.99
1983-01-30;63.19;1;63.19
1983-01-31;63.41;1;63.41
1983-02-01;62.09;2;62.09
1983-02-02;63.09;2;63.09
1983-02-03;5.0;2;5.0
1983-02-04;64.88;2;64.88
1983-02-05;62.79;2;62.79
1983-02-06;62.28;2;62.28
1983-02-07;63.09;2;63.09
1983-02-08;61.67;2;61.67
1983-02-09;56.27;2;56.27
1983-02-10;63.09;2;63.09
1983-02-11;62.55;2;62.55
1983-02-12;62.69;2;62.69
1983-02-13;63.36;2;63.36
1983-02-14;62.82;2;62.82
1983-02-15;63.22;2;63.22
1983-02-16;63.22;2;63.22
1983-02-17;63.09;2;63.09
1983-02-18;63.09;2;63.09
1983-02-19;63.66;2;63.66
1983-02-20;63.26;2;63.26
1983-02-21;63.9;2;63.9
1983-02-22;64.09;2;64.09
1983-02-23;64.61;2;64.61
1983-02-24;64.71;2;64.71
1983-02-25;65.3;2;65.3
1983-02-26;57.03;2;57.03
1983-02-27;56.56;2;56.56
1983-02-28;58.07;2;58.07
1983-03-01;57.99;3;57.99
1983-03-02;62.75;3;62.75
1983-03-03;54.79;3;54.79
1983-03-04;50.89;3;50.89
1983-03-05;50.47;3;50.47
1983-03-06;50.97;3;50.97
1983-03-07;51.26;3;51.26
1983-03-08;48.62;3;48.62
1983-03-09;50.42;3;50.42
1983-03-10;50.59;3;50.59
1983-03-11;49.77;3;49.77
1983-03-12;50.09;3;50.09
1983-03-13;47.53;3;47.53
1983-03-14;50.03;3;50.03
1983-03-15;50.41;3;50.41
1983-03-16;49.82;3;49.82
1983-03-17;52.41;3;52.41
1983-03-18;52.6;3;52.6
1983-03-19;48.03;3;48.03
1983-03-20;45.72;3;45.72
1983-03-21;46.92;3;46.92
1983-03-22;46.71;3;46.71
1983-03-23;47.61;3;47.61
1983-03-24;47.27;3;47.27
1983-03-25;48.23;3;48.23
1983-03-26;48.02;3;48.02
1983-03-27;45.56;3;45.56
1983-03-28;48.03;3;48.03
1983-03-29;47.93;3;47.93
1983-03-30;49.54;3;49.54
1983-03-31;47.81;3;47.81
1983-04-01;47.94;4;47.94
1983-04-02;52.15;4;52.15
1983-04-03;52.27;4;52.27
1983-04-04;39.63;4;39.63
1983-04-05;38.38;4;38.38
1983-04-06;38.38;4;38.38
1983-04-07;41.03;4;41.03
1983-04-08;38.77;4;38.77
1983-04-09;37.43;4;37.43
1983-04-10;37.62;4;37.62
1983-04-11;37.59;4;37.59
1983-04-12;37.87;4;37.87
1983-04-13;38.54;4;38.54
1983-04-14;38.67;4;38.67
1983-04-15;37.18;4;37.18
1983-04-16;39.02;4;39.02
1983-04-17;38.43;4;38.43
1983-04-18;45.37;4;45.37
1983-04-19;62.5;4;62.5
1983-04-20;61.62;4;61.62
1983-04-21;62.03;4;62.03
1983-04-22;60.82;4;60.82
1983-04-23;61.02;4;61.02
1983-04-24;55.02;4;55.02
1983-04-25;68.2;4;68.2
1983-04-26;63.65;4;63.65
1983-04-27;64.12;4;64.12
1983-04-28;63.72;4;63.72
1983-04-29;64.37;4;64.37
1983-04-30;63.42;4;63.42
1983-05-01;61.74;5;61.74
1983-05-02;65.28;5;65.28
1983-05-03;61.03;5;61.03
1983-05-04;64.36;5;64.36
1983-05-05;63.54;5;63.54
1983-05-06;62.68;5;62.68
1983-05-07;63.96;5;63.96
1983-05-08;63.32;5;63.32
1983-05-09;63.28;5;63.28
1983-05-10;63.4;5;63.4
1983-05-11;63.99;5;63.99
1983-05-12;63.43;5;63.43
1983-05-13;63.67;5;63.67
1983-05-14;64.51;5;64.51
1983-05-15;64.62;5;64.62
1983-05-16;65.32;5;65.32
1983-05-17;64.88;5;64.88
1983-05-18;64.52;5;64.52
1983-05-19;60.88;5;60.88
1983-05-20;59.03;5;59.03
1983-05-21;63.12;5;63.12
1983-05-22;65.92;5;65.92
1983-05-23;65.91;5;65.91
1983-05-24;67.96;5;67.96
1983-05-25;72.12;5;72.12
1983-05-26;72.24;5;72.24
1983-05-27;72.26;5;72.26
1983-05-28;73.26;5;73.26
1983-05-29;74.27;5;74.27
1983-05-30;73.65;5;73.65
1983-05-31;75.48;5;75.48
1983-06-01;74.3;6;74.3
1983-06-02;69.44;6;69.44
1983-06-03;51.02;6;51.02
1983-06-04;54.69;6;54.69
1983-06-05;53.4;6;53.4
1983-06-06;54.35;6;54.35
1983-06-07;51.8;6;51.8
1983-06-08;54.5;6;54.5
1983-06-09;52.32;6;52.32
1983-06-10;52.37;6;52.37
1983-06-11;52.42;6;52.42
1983-06-12;52.8;6;52.8
1983-06-13;53.69;6;53.69
1983-06-14;51.77;6;51.77
1983-06-15;48.17;6;48.17
1983-06-16;49.17;6;49.17
1983-06-17;49.42;6;49.42
1983-06-18;47.8;6;47.8
1983-06-19;49.86;6;49.86
1983-06-20;50.25;6;50.25
1983-06-21;49.47;6;49.47
1983-06-22;50.03;6;50.03
1983-06-23;49.55;6;49.55
1983-06-24;48.53;6;48.53
1983-06-25;49.08;6;49.08
1983-06-26;50.7;6;50.7
1983-06-27;44.75;6;44.75
1983-06-28;43.0;6;43.0
1983-06-29;41.79;6;41.79
1983-06-30;41.98;6;41.98
1983-07-01;43.16;7;43.16
1983-07-02;44.9;7;44.9
1983-07-03;43.87;7;43.87
1983-07-04;43.2;7;43.2
1983-07-05;42.84;7;42.84
1983-07-06;43.37;7;43.37
1983-07-07;40.47;7;40.47
1983-07-08;36.57;7;36.57
1983-07-09;36.07;7;36.07
1983-07-10;36.78;7;36.78
1983-07-11;36.96;7;36.96
1983-07-12;32.4;7;32.4
1983-07-13;38.35;7;38.35
1983-07-14;36.23;7;36.23
1983-07-15;38.92;7;38.92
1983-07-16;40.86;7;40.86
1983-07-17;38.0;7;38.0
1983-07-18;37.9;7;37.9
1983-07-19;37.01;7;37.01
1983-07-20;28.2;7;28.2
1983-07-21;34.63;7;34.63
1983-07-22;37.24;7;37.24
1983-07-23;36.38;7;36.38
1983-07-24;33.54;7;33.54
1983-07-25;39.52;7;39.52
1983-07-26;40.07;7;40.07
1983-07-27;38.79;7;38.79
1983-07-28;38.27;7;38.27
1983-07-29;39.15;7;39.15
1983-07-30;54.94;7;54.94
1983-07-31;31.46;7;31.46
1983-08-01;38.72;8;38.72
1983-08-02;39.9;8;39.9
1983-08-03;38.7;8;38.7
1983-08-04;36.59;8;36.59
1983-08-05;35.66;8;35.66
1983-08-06;40.47;8;40.47
1983-08-07;29.92;8;29.92
1983-08-08;38.0;8;38.0
1983-08-09;35.9;8;35.9
1983-08-10;38.12;8;38.12
1983-08-11;32.7;8;32.7
1983-08-12;34.45;8;34.45
1983-08-13;31.21;8;31.21
1983-08-14;30.8;8;30.8
1983-08-15;30.19;8;30.19
1983-08-16;28.67;8;28.67
1983-08-17;44.12;8;44.12
1983-08-18;33.24;8;33.24
1983-08-19;31.41;8;31.41
1983-08-20;27.97;8;27.97
1983-08-21;23.83;8;23.83
1983-08-22;23.73;8;23.73
1983-08-23;24.42;8;24.42
1983-08-24;24.3;8;24.3
1983-08-25;24.67;8;24.67
1983-08-26;23.07;8;23.07
1983-08-27;23.72;8;23.72
1983-08-28;23.31;8;23.31
1983-08-29;24.08;8;24.08
1983-08-30;24.22;8;24.22
1983-08-31;26.12;8;26.12
1983-09-01;23.75;9;23.75
1983-09-02;23.87;9;23.87
1983-09-03;17.9;9;17.9
1983-09-04;17.88;9;17.88
1983-09-05;17.97;9;17.97
1983-09-06;23.13;9;23.13
1983-09-07;19.5;9;19.5
1983-09-08;19.73;9;19.73
1983-09-09;19.78;9;19.78
1983-09-10;19.27;9;19.27
1983-09-11;19.77;9;19.77
1983-09-12;19.1;9;19.1
1983-09-13;18.84;9;18.84
1983-09-14;18.11;9;18.11
1983-09-15;18.83;9;18.83
1983-09-16;18.93;9;18.93
1983-09-17;19.27;9;19.27
1983-09-18;19.73;9;19.73
1983-09-19;19.5;9;19.5
1983-09-20;19.83;9;19.83
1983-09-21;19.37;9;19.37
1983-09-22;20.57;9;20.57
1983-09-23;17.53;9;17.53
1983-09-24;16.2;9;16.2
1983-09-25;17.21;9;17.21
1983-09-26;16.82;9;16.82
1983-09-27;17.72;9;17.72
1983-09-28;16.13;9;16.13
1983-09-29;17.7;9;17.7
1983-09-30;17.75;9;17.75
1983-10-01;17.57;10;17.57
1983-10-02;19.32;10;19.32
1983-10-03;17.32;10;17.32
1983-10-04;18.18;10;18.18
1983-10-05;17.3;10;17.3
1983-10-06;18.27;10;18.27
1983-10-07;19.28;10;19.28
1983-10-08;18.68;10;18.68
1983-10-09;19.31;10;19.31
1983-10-10;18.52;10;18.52
1983-10-11;19.5;10;19.5
1983-10-12;19.5;10;19.5
1983-10-13;22.5;10;22.5
1983-10-14;20.0;10;20.0
1983-10-15;20.0;10;20.0
1983-10-16;16.5;10;16.5
1983-10-17;17.0;10;17.0
1983-10-18;20.0;10;20.0
1983-10-19;20.0;10;20.0
1983-10-20;19.5;10;19.5
1983-10-21;20.0;10;20.0
1983-10-22;20.55;10;20.55
1983-10-23;20.72;10;20.72
1983-10-24;20.42;10;20.42
1983-10-25;20.17;10;20.17
1983-10-26;19.97;10;19.97
1983-10-27;21.08;10;21.08
1983-10-28;19.48;10;19.48
1983-10-29;19.87;10;19.87
1983-10-30;19.97;10;19.97
1983-10-31;28.18;10;28.18
1983-11-01;22.6;11;22.6
1983-11-02;19.84;11;19.84
1983-11-03;18.19;11;18.19
1983-11-04;18.63;11;18.63
1983-11-05;20.74;11;20.74
1983-11-06;19.37;11;19.37
1983-11-07;19.12;11;19.12
1983-11-08;19.18;11;19.18
1983-11-09;20.31;11;20.31
1983-11-10;20.67;11;20.67
1983-11-11;20.57;11;20.57
1983-11-12;20.45;11;20.45
1983-11-13;20.62;11;20.62
1983-11-14;19.58;11;19.58
1983-11-15;23.12;11;23.12
1983-11-16;22.18;11;22.18
1983-11-17;21.01;11;21.01
1983-11-18;23.42;11;23.42
1983-11-19;23.14;11;23.14
1983-11-20;18.37;11;18.37
1983-11-21;23.09;11;23.09
1983-11-22;23.17;11;23.17
1983-11-23;23.57;11;23.57
1983-11-24;23.94;11;23.94
1983-11-25;25.91;11;25.91
1983-11-26;25.9;11;25.9
1983-11-27;21.33;11;21.33
1983-11-28;24.11;11;24.11
1983-11-29;25.65;11;25.65
1983-11-30;26.39;11;26.39
1983-12-01;29.37;12;29.37
1983-12-02;26.91;12;26.91
1983-12-03;29.61;12;29.61
1983-12-04;21.2;12;21.2
1983-12-05;25.35;12;25.35
1983-12-06;25.04;12;25.04
1983-12-07;28.35;12;28.35
1983-12-08;27.3;12;27.3
1983-12-09;34.99;12;34.99
1983-12-10;35.63;12;35.63
1983-12-11;23.19;12;23.19
1983-12-12;28.14;12;28.14
1983-12-13;28.71;12;28.71
1983-12-14;28.42;12;28.42
1983-12-15;27.39;12;27.39
1983-12-16;27.1;12;27.1
1983-12-17;27.35;12;27.35
1983-12-18;18.02;12;18.02
1983-12-19;29.9;12;29.9
1983-12-20;28.86;12;28.86
1983-12-21;28.57;12;28.57
1983-12-22;27.64;12;27.64
1983-12-23;27.86;12;27.86
1983-12-24;29.27;12;29.27
1983-12-25;17.64;12;17.64
1983-12-26;29.47;12;29.47
1983-12-27;29.32;12;29.32
1983-12-28;27.39;12;27.39
1983-12-29;28.75;12;28.75
1983-12-30;29.42;12;29.42
1983-12-31;29.28;12;29.28
1984-01-01;19.88;1;19.88
1984-01-02;27.78;1;27.78
1984-01-03;28.35;1;28.35
1984-01-04;25.97;1;25.97
1984-01-05;26.61;1;26.61
1984-01-06;28.26;1;28.26
1984-01-07;45.93;1;45.93
1984-01-08;66.0;1;66.0
1984-01-09;65.9;1;65.9
1984-01-10;64.95;1;64.95
1984-01-11;64.4;1;64.4
1984-01-12;64.17;1;64.17
1984-01-13;64.8;1;64.8
1984-01-14;65.08;1;65.08
1984-01-15;65.17;1;65.17
1984-01-16;66.03;1;66.03
1984-01-17;65.07;1;65.07
1984-01-18;64.9;1;64.9
1984-01-19;62.75;1;62.75
1984-01-20;65.35;1;65.35
1984-01-21;67.23;1;67.23
1984-01-22;65.2;1;65.2
1984-01-23;65.58;1;65.58
1984-01-24;65.42;1;65.42
1984-01-25;64.68;1;64.68
1984-01-26;65.1;1;65.1
1984-01-27;65.1;1;65.1
1984-01-28;67.05;1;67.05
1984-01-29;63.47;1;63.47
1984-01-30;67.85;1;67.85
1984-01-31;67.5;1;67.5
1984-02-01;67.47;2;67.47
1984-02-02;67.62;2;67.62
1984-02-03;67.72;2;67.72
1984-02-04;68.1;2;68.1
1984-02-05;66.63;2;66.63
1984-02-06;66.65;2;66.65
1984-02-07;67.97;2;67.97
1984-02-08;64.01;2;64.01
1984-02-09;64.95;2;64.95
1984-02-10;67.37;2;67.37
1984-02-11;67.53;2;67.53
1984-02-12;69.17;2;69.17
1984-02-13;68.6;2;68.6
1984-02-14;68.6;2;68.6
1984-02-15;69.0;2;69.0
1984-02-16;68.93;2;68.93
1984-02-17;68.93;2;68.93
1984-02-18;69.83;2;69.83
1984-02-19;70.47;2;70.47
1984-02-20;69.27;2;69.27
1984-02-21;68.77;2;68.77
1984-02-22;68.55;2;68.55
1984-02-23;68.83;2;68.83
1984-02-24;68.77;2;68.77
1984-02-25;65.97;2;65.97
1984-02-26;47.52;2;47.52
1984-02-27;44.73;2;44.73
1984-02-28;44.57;2;44.57
1984-02-29;45.07;2;45.07
1984-03-01;45.77;3;45.77
1984-03-02;44.15;3;44.15
1984-03-03;43.65;3;43.65
1984-03-04;44.45;3;44.45
1984-03-05;45.51;3;45.51
1984-03-06;58.43;3;58.43
1984-03-07;58.2;3;58.2
1984-03-08;54.34;3;54.34
1984-03-09;45.3;3;45.3
1984-03-10;52.1;3;52.1
1984-03-11;62.0;3;62.0
1984-03-12;69.2;3;69.2
1984-03-13;66.1;3;66.1
1984-03-14;67.37;3;67.37
1984-03-15;74.88;3;74.88
1984-03-16;79.56;3;79.56
1984-03-17;71.55;3;71.55
1984-03-18;80.86;3;80.86
1984-03-19;78.01;3;78.01
1984-03-20;82.81;3;82.81
1984-03-21;79.25;3;79.25
1984-03-22;78.18;3;78.18
1984-03-23;81.53;3;81.53
1984-03-24;83.79;3;83.79
1984-03-25;83.14;3;83.14
1984-03-26;82.83;3;82.83
1984-03-27;82.79;3;82.79
1984-03-28;82.62;3;82.62
1984-03-29;82.07;3;82.07
1984-03-30;85.46;3;85.46
1984-03-31;81.37;3;81.37
1984-04-01;82.33;4;82.33
1984-04-02;83.0;4;83.0
1984-04-03;83.02;4;83.02
1984-04-04;83.42;4;83.42
1984-04-05;84.12;4;84.12
1984-04-06;78.25;4;78.25
1984-04-07;83.5;4;83.5
1984-04-08;84.0;4;84.0
1984-04-09;83.25;4;83.25
1984-04-10;82.5;4;82.5
1984-04-11;81.94;4;81.94
1984-04-12;81.86;4;81.86
1984-04-13;76.87;4;76.87
1984-04-14;86.37;4;86.37
1984-04-15;85.0;4;85.0
1984-04-16;83.56;4;83.56
1984-04-17;83.69;4;83.69
1984-04-18;83.04;4;83.04
1984-04-19;82.73;4;82.73
1984-04-20;83.0;4;83.0
1984-04-21;80.6;4;80.6
1984-04-22;83.96;4;83.96
1984-04-23;84.15;4;84.15
1984-04-24;83.9;4;83.9
1984-04-25;48.32;4;48.32
1984-04-26;47.31;4;47.31
1984-04-27;46.74;4;46.74
1984-04-28;47.22;4;47.22
1984-04-29;24.93;4;24.93
1984-04-30;46.16;4;46.16
1984-05-01;47.05;5;47.05
1984-05-02;46.13;5;46.13
1984-05-03;47.03;5;47.03
1984-05-04;47.38;5;47.38
1984-05-05;45.34;5;45.34
1984-05-06;47.96;5;47.96
1984-05-07;49.0;5;49.0
1984-05-08;50.35;5;50.35
1984-05-09;46.76;5;46.76
1984-05-10;46.53;5;46.53
1984-05-11;45.17;5;45.17
1984-05-12;45.59;5;45.59
1984-05-13;46.85;5;46.85
1984-05-14;46.98;5;46.98
1984-05-15;47.47;5;47.47
1984-05-16;44.26;5;44.26
1984-05-17;46.76;5;46.76
1984-05-18;45.04;5;45.04
1984-05-19;40.99;5;40.99
1984-05-20;46.68;5;46.68
1984-05-21;45.72;5;45.72
1984-05-22;46.38;5;46.38
1984-05-23;46.9;5;46.9
1984-05-24;45.34;5;45.34
1984-05-25;46.56;5;46.56
1984-05-26;51.37;5;51.37
1984-05-27;53.35;5;53.35
1984-05-28;53.51;5;53.51
1984-05-29;52.84;5;52.84
1984-05-30;52.61;5;52.61
1984-05-31;51.74;5;51.74
1984-06-01;51.84;6;51.84
1984-06-02;51.21;6;51.21
1984-06-03;55.33;6;55.33
1984-06-04;51.59;6;51.59
1984-06-05;51.88;6;51.88
1984-06-06;50.51;6;50.51
1984-06-07;52.17;6;52.17
1984-06-08;51.91;6;51.91
1984-06-09;52.56;6;52.56
1984-06-10;54.3;6;54.3
1984-06-11;52.33;6;52.33
1984-06-12;53.41;6;53.41
1984-06-13;51.71;6;51.71
1984-06-14;50.97;6;50.97
1984-06-15;55.76;6;55.76
1984-06-16;52.94;6;52.94
1984-06-17;64.15;6;64.15
1984-06-18;52.23;6;52.23
1984-06-19;51.85;6;51.85
1984-06-20;51.5;6;51.5
1984-06-21;51.84;6;51.84
1984-06-22;52.02;6;52.02
1984-06-23;52.38;6;52.38
1984-06-24;53.49;6;53.49
1984-06-25;52.72;6;52.72
1984-06-26;51.47;6;51.47
1984-06-27;52.3;6;52.3
1984-06-28;52.42;6;52.42
1984-06-29;51.6;6;51.6
1984-06-30;52.37;6;52.37
1984-07-01;45.62;7;45.62
1984-07-02;44.73;7;44.73
1984-07-03;42.33;7;42.33
1984-07-04;41.18;7;41.18
1984-07-05;43.92;7;43.92
1984-07-06;45.06;7;45.06
1984-07-07;42.63;7;42.63
1984-07-08;42.32;7;42.32
1984-07-09;44.57;7;44.57
1984-07-10;44.18;7;44.18
1984-07-11;42.78;7;42.78
1984-07-12;42.7;7;42.7
1984-07-13;38.1;7;38.1
1984-07-14;42.8;7;42.8
1984-07-15;42.94;7;42.94
1984-07-16;42.01;7;42.01
1984-07-17;38.51;7;38.51
1984-07-18;61.0;7;61.0
1984-07-19;43.54;7;43.54
1984-07-20;45.46;7;45.46
1984-07-21;43.14;7;43.14
1984-07-22;45.73;7;45.73
1984-07-23;43.84;7;43.84
1984-07-24;44.2;7;44.2
1984-07-25;57.84;7;57.84
1984-07-26;57.87;7;57.87
1984-07-27;57.42;7;57.42
1984-07-28;58.06;7;58.06
1984-07-29;57.56;7;57.56
1984-07-30;59.73;7;59.73
1984-07-31;59.23;7;59.23
1984-08-01;59.54;8;59.54
1984-08-02;58.01;8;58.01
1984-08-03;58.74;8;58.74
1984-08-04;59.87;8;59.87
1984-08-05;57.62;8;57.62
1984-08-06;58.16;8;58.16
1984-08-07;55.19;8;55.19
1984-08-08;57.14;8;57.14
1984-08-09;55.78;8;55.78
1984-08-10;54.6;8;54.6
1984-08-11;58.22;8;58.22
1984-08-12;56.72;8;56.72
1984-08-13;55.31;8;55.31
1984-08-14;55.55;8;55.55
1984-08-15;53.97;8;53.97
1984-08-16;55.48;8;55.48
1984-08-17;56.16;8;56.16
1984-08-18;57.34;8;57.34
1984-08-19;24.27;8;24.27
1984-08-20;26.39;8;26.39
1984-08-21;56.72;8;56.72
1984-08-22;56.49;8;56.49
1984-08-23;56.5;8;56.5
1984-08-24;57.93;8;57.93
1984-08-25;58.33;8;58.33
1984-08-26;74.0;8;74.0
1984-08-27;74.08;8;74.08
1984-08-28;74.0;8;74.0
1984-08-29;75.0;8;75.0
1984-08-30;74.5;8;74.5
1984-08-31;74.0;8;74.0
1984-09-01;74.0;9;74.0
1984-09-02;83.12;9;83.12
1984-09-03;89.5;9;89.5
1984-09-04;89.48;9;89.48
1984-09-05;53.06;9;53.06
1984-09-06;49.52;9;49.52
1984-09-07;49.65;9;49.65
1984-09-08;50.61;9;50.61
1984-09-09;45.11;9;45.11
1984-09-10;49.55;9;49.55
1984-09-11;50.82;9;50.82
1984-09-12;49.64;9;49.64
1984-09-13;21.65;9;21.65
1984-09-14;72.65;9;72.65
1984-09-15;63.67;9;63.67
1984-09-16;50.65;9;50.65
1984-09-17;51.83;9;51.83
1984-09-18;52.32;9;52.32
1984-09-19;51.45;9;51.45
1984-09-20;50.8;9;50.8
1984-09-21;49.14;9;49.14
1984-09-22;50.48;9;50.48
1984-09-23;48.29;9;48.29
1984-09-24;51.52;9;51.52
1984-09-25;51.67;9;51.67
1984-09-26;50.37;9;50.37
1984-09-27;48.82;9;48.82
1984-09-28;50.67;9;50.67
1984-09-29;41.07;9;41.07
1984-09-30;43.15;9;43.15
1984-10-01;41.59;10;41.59
1984-10-02;41.7;10;41.7
1984-10-03;40.8;10;40.8
1984-10-04;40.86;10;40.86
1984-10-05;42.02;10;42.02
1984-10-06;46.69;10;46.69
1984-10-07;48.32;10;48.32
1984-10-08;49.22;10;49.22
1984-10-09;47.43;10;47.43
1984-10-10;49.71;10;49.71
1984-10-11;48.76;10;48.76
1984-10-12;49.69;10;49.69
1984-10-13;42.68;10;42.68
1984-10-14;49.79;10;49.79
1984-10-15;49.21;10;49.21
1984-10-16;41.96;10;41.96
1984-10-17;41.09;10;41.09
1984-10-18;41.55;10;41.55
1984-10-19;41.7;10;41.7
1984-10-20;42.22;10;42.22
1984-10-21;41.25;10;41.25
1984-10-22;40.1;10;40.1
1984-10-23;45.46;10;45.46
1984-10-24;48.77;10;48.77
1984-10-25;49.45;10;49.45
1984-10-26;61.47;10;61.47
1984-10-27;79.24;10;79.24
1984-10-28;72.4;10;72.4
1984-10-29;77.11;10;77.11
1984-10-30;82.39;10;82.39
1984-10-31;84.58;10;84.58
1984-11-01;85.02;11;85.02
1984-11-02;84.62;11;84.62
1984-11-03;83.5;11;83.5
1984-11-04;84.0;11;84.0
1984-11-05;83.67;11;83.67
1984-11-06;82.67;11;82.67
1984-11-07;83.0;11;83.0
1984-11-08;82.5;11;82.5
1984-11-09;83.0;11;83.0
1984-11-10;82.5;11;82.5
1984-11-11;81.42;11;81.42
1984-11-12;84.46;11;84.46
1984-11-13;82.37;11;82.37
1984-11-14;82.4;11;82.4
1984-11-15;82.06;11;82.06
1984-11-16;82.75;11;82.75
1984-11-17;82.0;11;82.0
1984-11-18;79.72;11;79.72
1984-11-19;82.0;11;82.0
1984-11-20;83.29;11;83.29
1984-11-21;83.5;11;83.5
1984-11-22;67.82;11;67.82
1984-11-23;82.5;11;82.5
1984-11-24;83.12;11;83.12
1984-11-25;84.77;11;84.77
1984-11-26;82.5;11;82.5
1984-11-27;82.0;11;82.0
1984-11-28;82.5;11;82.5
1984-11-29;82.17;11;82.17
1984-11-30;82.5;11;82.5
1984-12-01;81.83;12;81.83
1984-12-02;82.0;12;82.0
1984-12-03;82.0;12;82.0
1984-12-04;82.0;12;82.0
1984-12-05;79.37;12;79.37
1984-12-06;60.83;12;60.83
1984-12-07;55.66;12;55.66
1984-12-08;54.42;12;54.42
1984-12-09;54.87;12;54.87
1984-12-10;54.16;12;54.16
1984-12-11;53.73;12;53.73
1984-12-12;55.28;12;55.28
1984-12-13;55.06;12;55.06
1984-12-14;53.96;12;53.96
1984-12-15;54.82;12;54.82
1984-12-16;48.62;12;48.62
1984-12-17;47.83;12;47.83
1984-12-18;50.51;12;50.51
1984-12-19;54.85;12;54.85
1984-12-20;54.52;12;54.52
1984-12-21;54.42;12;54.42
1984-12-22;55.07;12;55.07
1984-12-23;53.78;12;53.78
1984-12-24;54.61;12;54.61
1984-12-25;55.07;12;55.07
1984-12-26;54.09;12;54.09
1984-12-27;55.07;12;55.07
1984-12-28;54.44;12;54.44
1984-12-29;54.45;12;54.45
1984-12-30;54.01;12;54.01
1984-12-31;53.77;12;53.77
1985-01-01;65.0;1;65.0
1985-01-02;65.1;1;65.1
1985-01-03;65.3;1;65.3
1985-01-04;66.1;1;66.1
1985-01-05;66.9;1;66.9
1985-01-06;67.5;1;67.5
1985-01-07;66.7;1;66.7
1985-01-08;67.6;1;67.6
1985-01-09;67.8;1;67.8
1985-01-10;67.9;1;67.9
1985-01-11;67.8;1;67.8
1985-01-12;68.8;1;68.8
1985-01-13;69.5;1;69.5
1985-01-14;70.0;1;70.0
1985-01-15;71.8;1;71.8
1985-01-16;71.4;1;71.4
1985-01-17;71.2;1;71.2
1985-01-18;72.0;1;72.0
1985-01-19;71.8;1;71.8
1985-01-20;73.4;1;73.4
1985-01-21;74.5;1;74.5
1985-01-22;74.0;1;74.0
1985-01-23;65.7;1;65.7
1985-01-24;71.6;1;71.6
1985-01-25;66.6;1;66.6
1985-01-26;66.9;1;66.9
1985-01-27;66.7;1;66.7
1985-01-28;66.8;1;66.8
1985-01-29;66.4;1;66.4
1985-01-30;65.5;1;65.5
1985-01-31;66.8;1;66.8
1985-02-01;67.1;2;67.1
1985-02-02;66.8;2;66.8
1985-02-03;66.9;2;66.9
1985-02-04;65.9;2;65.9
1985-02-05;59.9;2;59.9
1985-02-06;60.9;2;60.9
1985-02-07;60.5;2;60.5
1985-02-08;61.6;2;61.6
1985-02-09;55.4;2;55.4
1985-02-10;53.8;2;53.8
1985-02-11;56.5;2;56.5
1985-02-12;56.6;2;56.6
1985-02-13;55.4;2;55.4
1985-02-14;57.2;2;57.2
1985-02-15;57.3;2;57.3
1985-02-16;59.9;2;59.9
1985-02-17;57.5;2;57.5
1985-02-18;62.2;2;62.2
1985-02-19;47.0;2;47.0
1985-02-20;47.3;2;47.3
1985-02-21;47.7;2;47.7
1985-02-22;47.3;2;47.3
1985-02-23;49.6;2;49.6
1985-02-24;48.4;2;48.4
1985-02-25;48.2;2;48.2
1985-02-26;48.5;2;48.5
1985-02-27;48.9;2;48.9
1985-02-28;48.4;2;48.4
1985-03-01;48.4;3;48.4
1985-03-02;48.7;3;48.7
1985-03-03;48.8;3;48.8
1985-03-04;48.7;3;48.7
1985-03-05;48.9;3;48.9
1985-03-06;59.2;3;59.2
1985-03-07;57.1;3;57.1
1985-03-08;49.2;3;49.2
1985-03-09;48.3;3;48.3
1985-03-10;45.4;3;45.4
1985-03-11;48.5;3;48.5
1985-03-12;49.2;3;49.2
1985-03-13;47.8;3;47.8
1985-03-14;50.9;3;50.9
1985-03-15;49.4;3;49.4
1985-03-16;48.2;3;48.2
1985-03-17;48.8;3;48.8
1985-03-18;46.3;3;46.3
1985-03-19;46.3;3;46.3
1985-03-20;46.2;3;46.2
1985-03-21;45.2;3;45.2
1985-03-22;38.1;3;38.1
1985-03-23;37.8;3;37.8
1985-03-24;39.4;3;39.4
1985-03-25;34.8;3;34.8
1985-03-26;35.0;3;35.0
1985-03-27;35.5;3;35.5
1985-03-28;38.9;3;38.9
1985-03-29;33.2;3;33.2
1985-03-30;33.0;3;33.0
1985-03-31;33.2;3;33.2
1985-04-01;33.2;4;33.2
1985-04-02;32.7;4;32.7
1985-04-03;33.7;4;33.7
1985-04-04;33.3;4;33.3
1985-04-05;33.1;4;33.1
1985-04-06;33.0;4;33.0
1985-04-07;33.3;4;33.3
1985-04-08;33.7;4;33.7
1985-04-09;42.5;4;42.5
1985-04-10;33.1;4;33.1
1985-04-11;32.7;4;32.7
1985-04-12;31.7;4;31.7
1985-04-13;31.8;4;31.8
1985-04-14;36.4;4;36.4
1985-04-15;33.6;4;33.6
1985-04-16;38.6;4;38.6
1985-04-17;41.0;4;41.0
1985-04-18;30.9;4;30.9
1985-04-19;32.7;4;32.7
1985-04-20;33.0;4;33.0
1985-04-21;32.4;4;32.4
1985-04-22;32.4;4;32.4
1985-04-23;32.8;4;32.8
1985-04-24;32.4;4;32.4
1985-04-25;32.8;4;32.8
1985-04-26;32.9;4;32.9
1985-04-27;32.6;4;32.6
1985-04-28;32.0;4;32.0
1985-04-29;32.0;4;32.0
1985-04-30;31.6;4;31.6
1985-05-01;31.4;5;31.4
1985-05-02;31.6;5;31.6
1985-05-03;31.5;5;31.5
1985-05-04;32.1;5;32.1
1985-05-05;31.6;5;31.6
1985-05-06;32.1;5;32.1
1985-05-07;31.7;5;31.7
1985-05-08;31.8;5;31.8
1985-05-09;32.8;5;32.8
1985-05-10;32.5;5;32.5
1985-05-11;32.0;5;32.0
1985-05-12;30.4;5;30.4
1985-05-13;31.5;5;31.5
1985-05-14;30.2;5;30.2
1985-05-15;30.4;5;30.4
1985-05-16;31.2;5;31.2
1985-05-17;31.4;5;31.4
1985-05-18;31.1;5;31.1
1985-05-19;30.7;5;30.7
1985-05-20;36.7;5;36.7
1985-05-21;30.6;5;30.6
1985-05-22;31.2;5;31.2
1985-05-23;30.1;5;30.1
1985-05-24;30.8;5;30.8
1985-05-25;31.5;5;31.5
1985-05-26;40.2;5;40.2
1985-05-27;85.3;5;85.3
1985-05-28;85.3;5;85.3
1985-05-29;85.3;5;85.3
1985-05-30;85.7;5;85.7
1985-05-31;87.4;5;87.4
1985-06-01;87.1;6;87.1
1985-06-02;86.2;6;86.2
1985-06-03;88.1;6;88.1
1985-06-04;89.5;6;89.5
1985-06-05;90.3;6;90.3
1985-06-06;48.5;6;48.5
1985-06-07;34.3;6;34.3
1985-06-08;33.9;6;33.9
1985-06-09;30.9;6;30.9
1985-06-10;31.0;6;31.0
1985-06-11;34.2;6;34.2
1985-06-12;34.7;6;34.7
1985-06-13;31.2;6;31.2
1985-06-14;34.1;6;34.1
1985-06-15;35.4;6;35.4
1985-06-16;27.6;6;27.6
1985-06-17;33.2;6;33.2
1985-06-18;34.6;6;34.6
1985-06-19;31.1;6;31.1
1985-06-20;28.1;6;28.1
1985-06-21;41.8;6;41.8
1985-06-22;30.8;6;30.8
1985-06-23;31.8;6;31.8
1985-06-24;31.8;6;31.8
1985-06-25;31.8;6;31.8
1985-06-26;30.3;6;30.3
1985-06-27;31.0;6;31.0
1985-06-28;32.4;6;32.4
1985-06-29;33.8;6;33.8
1985-06-30;29.1;6;29.1
1985-07-01;31.2;7;31.2
1985-07-02;33.2;7;33.2
1985-07-03;33.6;7;33.6
1985-07-04;35.3;7;35.3
1985-07-05;28.4;7;28.4
1985-07-06;5.2;7;5.2
1985-07-07;5.2;7;5.2
1985-07-08;5.2;7;5.2
1985-07-09;24.9;7;24.9
1985-07-10;30.0;7;30.0
1985-07-11;34.0;7;34.0
1985-07-12;33.8;7;33.8
1985-07-13;34.2;7;34.2
1985-07-14;28.4;7;28.4
1985-07-15;27.6;7;27.6
1985-07-16;32.3;7;32.3
1985-07-17;46.4;7;46.4
1985-07-18;34.3;7;34.3
1985-07-19;32.7;7;32.7
1985-07-20;31.7;7;31.7
1985-07-21;30.8;7;30.8
1985-07-22;31.5;7;31.5
1985-07-23;41.2;7;41.2
1985-07-24;32.4;7;32.4
1985-07-25;33.5;7;33.5
1985-07-26;33.9;7;33.9
1985-07-27;39.0;7;39.0
1985-07-28;39.8;7;39.8
1985-07-29;35.7;7;35.7
1985-07-30;36.9;7;36.9
1985-07-31;36.8;7;36.8
1985-08-01;37.7;8;37.7
1985-08-02;37.4;8;37.4
1985-08-03;38.9;8;38.9
1985-08-04;32.9;8;32.9
1985-08-05;38.2;8;38.2
1985-08-06;38.2;8;38.2
1985-08-07;39.5;8;39.5
1985-08-08;36.8;8;36.8
1985-08-09;35.4;8;35.4
1985-08-10;32.3;8;32.3
1985-08-11;32.4;8;32.4
1985-08-12;37.9;8;37.9
1985-08-13;36.7;8;36.7
1985-08-14;36.5;8;36.5
1985-08-15;37.7;8;37.7
1985-08-16;37.8;8;37.8
1985-08-17;37.6;8;37.6
1985-08-18;22.6;8;22.6
1985-08-19;22.0;8;22.0
1985-08-20;38.6;8;38.6
1985-08-21;38.7;8;38.7
1985-08-22;39.0;8;39.0
1985-08-23;34.7;8;34.7
1985-08-24;30.2;8;30.2
1985-08-25;32.0;8;32.0
1985-08-26;30.5;8;30.5
1985-08-27;30.7;8;30.7
1985-08-28;30.3;8;30.3
1985-08-29;35.0;8;35.0
1985-08-30;36.7;8;36.7
1985-08-31;37.2;8;37.2
1985-09-01;33.2;9;33.2
1985-09-02;37.7;9;37.7
1985-09-03;42.8;9;42.8
1985-09-04;48.2;9;48.2
1985-09-05;49.4;9;49.4
1985-09-06;48.8;9;48.8
1985-09-07;50.0;9;50.0
1985-09-08;50.0;9;50.0
1985-09-09;50.8;9;50.8
1985-09-10;51.0;9;51.0
1985-09-11;52.5;9;52.5
1985-09-12;51.2;9;51.2
1985-09-13;51.0;9;51.0
1985-09-14;48.6;9;48.6
1985-09-15;47.5;9;47.5
1985-09-16;50.3;9;50.3
1985-09-17;65.6;9;65.6
1985-09-18;49.6;9;49.6
1985-09-19;49.3;9;49.3
1985-09-20;51.1;9;51.1
1985-09-21;54.1;9;54.1
1985-09-22;57.3;9;57.3
1985-09-23;52.2;9;52.2
1985-09-24;51.7;9;51.7
1985-09-25;52.5;9;52.5
1985-09-26;53.3;9;53.3
1985-09-27;53.9;9;53.9
1985-09-28;53.1;9;53.1
1985-09-29;55.9;9;55.9
1985-09-30;72.6;9;72.6
1985-10-01;72.7;10;72.7
1985-10-02;71.6;10;71.6
1985-10-03;73.8;10;73.8
1985-10-04;72.0;10;72.0
1985-10-05;72.9;10;72.9
1985-10-06;72.7;10;72.7
1985-10-07;73.7;10;73.7
1985-10-08;74.4;10;74.4
1985-10-09;73.9;10;73.9
1985-10-10;74.1;10;74.1
1985-10-11;77.6;10;77.6
1985-10-12;73.7;10;73.7
1985-10-13;72.6;10;72.6
1985-10-14;71.5;10;71.5
1985-10-15;72.5;10;72.5
1985-10-16;50.1;10;50.1
1985-10-17;55.7;10;55.7
1985-10-18;52.8;10;52.8
1985-10-19;67.6;10;67.6
1985-10-20;51.6;10;51.6
1985-10-21;49.1;10;49.1
1985-10-22;54.5;10;54.5
1985-10-23;58.9;10;58.9
1985-10-24;50.2;10;50.2
1985-10-25;53.3;10;53.3
1985-10-26;80.4;10;80.4
1985-10-27;85.0;10;85.0
1985-10-28;82.9;10;82.9
1985-10-29;82.9;10;82.9
1985-10-30;81.6;10;81.6
1985-10-31;101.5;10;101.5
1985-11-01;101.8;11;101.8
1985-11-02;76.3;11;76.3
1985-11-03;75.9;11;75.9
1985-11-04;87.5;11;87.5
1985-11-05;102.1;11;102.1
1985-11-06;102.0;11;102.0
1985-11-07;62.2;11;62.2
1985-11-08;62.5;11;62.5
1985-11-09;48.5;11;48.5
1985-11-10;47.1;11;47.1
1985-11-11;55.2;11;55.2
1985-11-12;60.6;11;60.6
1985-11-13;59.7;11;59.7
1985-11-14;60.4;11;60.4
1985-11-15;50.5;11;50.5
1985-11-16;51.5;11;51.5
1985-11-17;50.4;11;50.4
1985-11-18;51.3;11;51.3
1985-11-19;52.4;11;52.4
1985-11-20;52.0;11;52.0
1985-11-21;51.2;11;51.2
1985-11-22;57.9;11;57.9
1985-11-23;51.9;11;51.9
1985-11-24;51.4;11;51.4
1985-11-25;52.0;11;52.0
1985-11-26;51.4;11;51.4
1985-11-27;51.6;11;51.6
1985-11-28;51.7;11;51.7
1985-11-29;51.2;11;51.2
1985-11-30;50.6;11;50.6
1985-12-01;50.9;12;50.9
1985-12-02;50.3;12;50.3
1985-12-03;51.5;12;51.5
1985-12-04;51.8;12;51.8
1985-12-05;53.0;12;53.0
1985-12-06;52.7;12;52.7
1985-12-07;49.2;12;49.2
1985-12-08;44.7;12;44.7
1985-12-09;51.1;12;51.1
1985-12-10;48.9;12;48.9
1985-12-11;53.2;12;53.2
1985-12-12;74.8;12;74.8
1985-12-13;74.2;12;74.2
1985-12-14;74.4;12;74.4
1985-12-15;74.2;12;74.2
1985-12-16;76.6;12;76.6
1985-12-17;50.3;12;50.3
1985-12-18;48.8;12;48.8
1985-12-19;73.0;12;73.0
1985-12-20;75.7;12;75.7
1985-12-21;77.3;12;77.3
1985-12-22;75.8;12;75.8
1985-12-23;75.0;12;75.0
1985-12-24;74.4;12;74.4
1985-12-25;74.9;12;74.9
1985-12-26;52.9;12;52.9
1985-12-27;51.1;12;51.1
1985-12-28;50.0;12;50.0
1985-12-29;48.1;12;48.1
1985-12-30;51.2;12;51.2
1985-12-31;49.1;12;49.1
1986-01-01;50.9;1;50.9
1986-01-02;50.9;1;50.9
1986-01-03;50.5;1;50.5
1986-01-04;51.3;1;51.3
1986-01-05;47.6;1;47.6
1986-01-06;47.0;1;47.0
1986-01-07;48.5;1;48.5
1986-01-08;55.7;1;55.7
1986-01-09;55.9;1;55.9
1986-01-10;53.6;1;53.6
1986-01-11;56.5;1;56.5
1986-01-12;56.7;1;56.7
1986-01-13;56.7;1;56.7
1986-01-14;57.1;1;57.1
1986-01-15;56.6;1;56.6
1986-01-16;57.5;1;57.5
1986-01-17;56.5;1;56.5
1986-01-18;56.3;1;56.3
1986-01-19;52.5;1;52.5
1986-01-20;56.5;1;56.5
1986-01-21;57.0;1;57.0
1986-01-22;55.5;1;55.5
1986-01-23;56.4;1;56.4
1986-01-24;56.1;1;56.1
1986-01-25;57.3;1;57.3
1986-01-26;52.6;1;52.6
1986-01-27;53.6;1;53.6
1986-01-28;53.1;1;53.1
1986-01-29;45.0;1;45.0
1986-01-30;58.0;1;58.0
1986-01-31;55.9;1;55.9
1986-02-01;57.7;2;57.7
1986-02-02;57.2;2;57.2
1986-02-03;56.8;2;56.8
1986-02-04;56.9;2;56.9
1986-02-05;57.1;2;57.1
1986-02-06;56.1;2;56.1
1986-02-07;55.4;2;55.4
1986-02-08;55.8;2;55.8
1986-02-09;55.9;2;55.9
1986-02-10;55.9;2;55.9
1986-02-11;54.5;2;54.5
1986-02-12;55.4;2;55.4
1986-02-13;55.6;2;55.6
1986-02-14;57.0;2;57.0
1986-02-15;56.6;2;56.6
1986-02-16;54.8;2;54.8
1986-02-17;51.2;2;51.2
1986-02-18;51.2;2;51.2
1986-02-19;68.0;2;68.0
1986-02-20;70.9;2;70.9
1986-02-21;70.8;2;70.8
1986-02-22;70.9;2;70.9
1986-02-23;71.8;2;71.8
1986-02-24;71.3;2;71.3
1986-02-25;72.7;2;72.7
1986-02-26;71.3;2;71.3
1986-02-27;71.1;2;71.1
1986-02-28;72.1;2;72.1
1986-03-01;72.5;3;72.5
1986-03-02;73.7;3;73.7
1986-03-03;73.2;3;73.2
1986-03-04;72.7;3;72.7
1986-03-05;72.4;3;72.4
1986-03-06;71.4;3;71.4
1986-03-07;90.1;3;90.1
1986-03-08;96.3;3;96.3
1986-03-09;95.1;3;95.1
1986-03-10;95.4;3;95.4
1986-03-11;98.5;3;98.5
1986-03-12;95.3;3;95.3
1986-03-13;95.1;3;95.1
1986-03-14;94.8;3;94.8
1986-03-15;95.1;3;95.1
1986-03-16;95.4;3;95.4
1986-03-17;94.9;3;94.9
1986-03-18;94.5;3;94.5
1986-03-19;77.9;3;77.9
1986-03-20;78.0;3;78.0
1986-03-21;94.9;3;94.9
1986-03-22;95.0;3;95.0
1986-03-23;95.7;3;95.7
1986-03-24;96.0;3;96.0
1986-03-25;95.5;3;95.5
1986-03-26;95.2;3;95.2
1986-03-27;95.2;3;95.2
1986-03-28;96.0;3;96.0
1986-03-29;95.6;3;95.6
1986-03-30;95.2;3;95.2
1986-03-31;93.6;3;93.6
1986-04-01;95.2;4;95.2
1986-04-02;95.6;4;95.6
1986-04-03;96.1;4;96.1
1986-04-04;96.5;4;96.5
1986-04-05;96.5;4;96.5
1986-04-06;97.0;4;97.0
1986-04-07;99.4;4;99.4
1986-04-08;97.0;4;97.0
1986-04-09;97.9;4;97.9
1986-04-10;98.7;4;98.7
1986-04-11;97.9;4;97.9
1986-04-12;98.3;4;98.3
1986-04-13;98.3;4;98.3
1986-04-14;98.3;4;98.3
1986-04-15;97.1;4;97.1
1986-04-16;95.0;4;95.0
1986-04-17;85.6;4;85.6
1986-04-18;96.5;4;96.5
1986-04-19;96.7;4;96.7
1986-04-20;98.8;4;98.8
1986-04-21;97.7;4;97.7
1986-04-22;98.6;4;98.6
1986-04-23;97.9;4;97.9
1986-04-24;99.3;4;99.3
1986-04-25;97.3;4;97.3
1986-04-26;93.2;4;93.2
1986-04-27;97.0;4;97.0
1986-04-28;325.9;4;325.9
1986-04-29;476.9;4;476.9
1986-04-30;102.4;4;102.4
1986-05-01;101.9;5;101.9
1986-05-02;101.5;5;101.5
1986-05-03;93.2;5;93.2
1986-05-04;73.0;5;73.0
1986-05-05;72.5;5;72.5
1986-05-06;69.8;5;69.8
1986-05-07;97.6;5;97.6
1986-05-08;91.7;5;91.7
1986-05-09;101.3;5;101.3
1986-05-10;101.3;5;101.3
1986-05-11;101.9;5;101.9
1986-05-12;94.7;5;94.7
1986-05-13;96.1;5;96.1
1986-05-14;84.3;5;84.3
1986-05-15;69.1;5;69.1
1986-05-16;98.0;5;98.0
1986-05-17;99.0;5;99.0
1986-05-18;99.9;5;99.9
1986-05-19;88.3;5;88.3
1986-05-20;90.5;5;90.5
1986-05-21;101.8;5;101.8
1986-05-22;100.5;5;100.5
1986-05-23;101.7;5;101.7
1986-05-24;95.5;5;95.5
1986-05-25;101.8;5;101.8
1986-05-26;100.0;5;100.0
1986-05-27;100.2;5;100.2
1986-05-28;99.0;5;99.0
1986-05-29;91.3;5;91.3
1986-05-30;101.9;5;101.9
1986-05-31;102.4;5;102.4
1986-06-01;102.4;6;102.4
1986-06-02;102.8;6;102.8
1986-06-03;103.0;6;103.0
1986-06-04;102.5;6;102.5
1986-06-05;101.9;6;101.9
1986-06-06;102.2;6;102.2
1986-06-07;100.4;6;100.4
1986-06-08;102.8;6;102.8
1986-06-09;102.4;6;102.4
1986-06-10;96.8;6;96.8
1986-06-11;74.3;6;74.3
1986-06-12;59.5;6;59.5
1986-06-13;63.6;6;63.6
1986-06-14;61.3;6;61.3
1986-06-15;56.0;6;56.0
1986-06-16;59.7;6;59.7
1986-06-17;59.7;6;59.7
1986-06-18;59.9;6;59.9
1986-06-19;59.1;6;59.1
1986-06-20;57.6;6;57.6
1986-06-21;65.8;6;65.8
1986-06-22;56.9;6;56.9
1986-06-23;63.3;6;63.3
1986-06-24;59.4;6;59.4
1986-06-25;54.8;6;54.8
1986-06-26;55.3;6;55.3
1986-06-27;52.3;6;52.3
1986-06-28;62.0;6;62.0
1986-06-29;59.7;6;59.7
1986-06-30;60.6;6;60.6
1986-07-01;59.0;7;59.0
1986-07-02;59.3;7;59.3
1986-07-03;55.1;7;55.1
1986-07-04;60.0;7;60.0
1986-07-05;59.0;7;59.0
1986-07-06;60.1;7;60.1
1986-07-07;60.8;7;60.8
1986-07-08;60.4;7;60.4
1986-07-09;59.5;7;59.5
1986-07-10;60.0;7;60.0
1986-07-11;60.6;7;60.6
1986-07-12;59.4;7;59.4
1986-07-13;59.7;7;59.7
1986-07-14;63.7;7;63.7
1986-07-15;67.9;7;67.9
1986-07-16;75.4;7;75.4
1986-07-17;75.8;7;75.8
1986-07-18;59.2;7;59.2
1986-07-19;60.6;7;60.6
1986-07-20;60.2;7;60.2
1986-07-21;60.0;7;60.0
1986-07-22;63.4;7;63.4
1986-07-23;59.9;7;59.9
1986-07-24;66.3;7;66.3
1986-07-25;60.4;7;60.4
1986-07-26;60.9;7;60.9
1986-07-27;61.1;7;61.1
1986-07-28;60.7;7;60.7
1986-07-29;61.3;7;61.3
1986-07-30;61.2;7;61.2
1986-07-31;63.9;7;63.9
1986-08-01;56.6;8;56.6
1986-08-02;55.8;8;55.8
1986-08-03;55.5;8;55.5
1986-08-04;56.8;8;56.8
1986-08-05;57.4;8;57.4
1986-08-06;58.2;8;58.2
1986-08-07;56.3;8;56.3
1986-08-08;56.9;8;56.9
1986-08-09;55.8;8;55.8
1986-08-10;56.6;8;56.6
1986-08-11;56.0;8;56.0
1986-08-12;55.8;8;55.8
1986-08-13;59.3;8;59.3
1986-08-14;59.7;8;59.7
1986-08-15;59.3;8;59.3
1986-08-16;59.9;8;59.9
1986-08-17;61.1;8;61.1
1986-08-18;60.2;8;60.2
1986-08-19;59.0;8;59.0
1986-08-20;61.0;8;61.0
1986-08-21;60.9;8;60.9
1986-08-22;60.4;8;60.4
1986-08-23;43.0;8;43.0
1986-08-24;39.7;8;39.7
1986-08-25;39.7;8;39.7
1986-08-26;39.0;8;39.0
1986-08-27;39.3;8;39.3
1986-08-28;39.5;8;39.5
1986-08-29;39.3;8;39.3
1986-08-30;37.7;8;37.7
1986-08-31;38.8;8;38.8
1986-09-01;46.1;9;46.1
1986-09-02;38.2;9;38.2
1986-09-03;35.6;9;35.6
1986-09-04;37.7;9;37.7
1986-09-05;36.9;9;36.9
1986-09-06;37.0;9;37.0
1986-09-07;37.1;9;37.1
1986-09-08;36.9;9;36.9
1986-09-09;37.0;9;37.0
1986-09-10;37.0;9;37.0
1986-09-11;39.9;9;39.9
1986-09-12;37.1;9;37.1
1986-09-13;39.2;9;39.2
1986-09-14;38.0;9;38.0
1986-09-15;35.8;9;35.8
1986-09-16;41.9;9;41.9
1986-09-17;30.9;9;30.9
1986-09-18;32.2;9;32.2
1986-09-19;28.4;9;28.4
1986-09-20;27.5;9;27.5
1986-09-21;29.2;9;29.2
1986-09-22;28.7;9;28.7
1986-09-23;27.3;9;27.3
1986-09-24;30.1;9;30.1
1986-09-25;30.1;9;30.1
1986-09-26;30.1;9;30.1
1986-09-27;27.4;9;27.4
1986-09-28;27.6;9;27.6
1986-09-29;28.2;9;28.2
1986-09-30;29.8;9;29.8
1986-10-01;28.8;10;28.8
1986-10-02;33.7;10;33.7
1986-10-03;31.2;10;31.2
1986-10-04;55.7;10;55.7
1986-10-05;55.7;10;55.7
1986-10-06;55.7;10;55.7
1986-10-07;68.5;10;68.5
1986-10-08;55.7;10;55.7
1986-10-09;55.7;10;55.7
1986-10-10;68.6;10;68.6
1986-10-11;37.4;10;37.4
1986-10-12;36.9;10;36.9
1986-10-13;35.8;10;35.8
1986-10-14;38.6;10;38.6
1986-10-15;33.5;10;33.5
1986-10-16;49.3;10;49.3
1986-10-17;68.7;10;68.7
1986-10-18;63.5;10;63.5
1986-10-19;70.9;10;70.9
1986-10-20;78.4;10;78.4
1986-10-21;70.4;10;70.4
1986-10-22;78.5;10;78.5
1986-10-23;76.0;10;76.0
1986-10-24;80.2;10;80.2
1986-10-25;79.4;10;79.4
1986-10-26;78.3;10;78.3
1986-10-27;80.3;10;80.3
1986-10-28;80.7;10;80.7
1986-10-29;73.6;10;73.6
1986-10-30;55.4;10;55.4
1986-10-31;54.0;10;54.0
1986-11-01;81.1;11;81.1
1986-11-02;79.8;11;79.8
1986-11-03;79.1;11;79.1
1986-11-04;79.7;11;79.7
1986-11-05;71.3;11;71.3
1986-11-06;79.4;11;79.4
1986-11-07;79.4;11;79.4
1986-11-08;79.3;11;79.3
1986-11-09;77.3;11;77.3
1986-11-10;77.3;11;77.3
1986-11-11;77.1;11;77.1
1986-11-12;80.6;11;80.6
1986-11-13;80.4;11;80.4
1986-11-14;79.3;11;79.3
1986-11-15;73.1;11;73.1
1986-11-16;62.9;11;62.9
1986-11-17;62.3;11;62.3
1986-11-18;77.3;11;77.3
1986-11-19;64.7;11;64.7
1986-11-20;69.5;11;69.5
1986-11-21;69.0;11;69.0
1986-11-22;68.9;11;68.9
1986-11-23;67.0;11;67.0
1986-11-24;67.7;11;67.7
1986-11-25;65.7;11;65.7
1986-11-26;64.1;11;64.1
1986-11-27;62.3;11;62.3
1986-11-28;67.5;11;67.5
1986-11-29;84.6;11;84.6
1986-11-30;73.4;11;73.4
1986-12-01;60.4;12;60.4
1986-12-02;54.1;12;54.1
1986-12-03;55.7;12;55.7
1986-12-04;59.8;12;59.8
1986-12-05;53.5;12;53.5
1986-12-06;53.5;12;53.5
1986-12-07;54.4;12;54.4
1986-12-08;48.8;12;48.8
1986-12-09;56.7;12;56.7
1986-12-10;61.2;12;61.2
1986-12-11;55.1;12;55.1
1986-12-12;58.4;12;58.4
1986-12-13;53.9;12;53.9
1986-12-14;67.7;12;67.7
1986-12-15;50.6;12;50.6
1986-12-16;68.1;12;68.1
1986-12-17;52.3;12;52.3
1986-12-18;67.7;12;67.7
1986-12-19;67.9;12;67.9
1986-12-20;60.8;12;60.8
1986-12-21;46.8;12;46.8
1986-12-22;63.3;12;63.3
1986-12-23;74.9;12;74.9
1986-12-24;65.0;12;65.0
1986-12-25;32.6;12;32.6
1986-12-26;45.1;12;45.1
1986-12-27;51.1;12;51.1
1986-12-28;42.1;12;42.1
1986-12-29;64.2;12;64.2
1986-12-30;64.0;12;64.0
1986-12-31;68.9;12;68.9
1987-01-01;45.0;1;45.0
1987-01-02;59.7;1;59.7
1987-01-03;48.2;1;48.2
1987-01-04;46.7;1;46.7
1987-01-05;44.2;1;44.2
1987-01-06;46.1;1;46.1
1987-01-07;50.3;1;50.3
1987-01-08;52.0;1;52.0
1987-01-09;46.7;1;46.7
1987-01-10;47.3;1;47.3
1987-01-11;47.5;1;47.5
1987-01-12;48.2;1;48.2
1987-01-13;44.3;1;44.3
1987-01-14;42.2;1;42.2
1987-01-15;41.6;1;41.6
1987-01-16;39.3;1;39.3
1987-01-17;42.7;1;42.7
1987-01-18;40.8;1;40.8
1987-01-19;43.5;1;43.5
1987-01-20;44.4;1;44.4
1987-01-21;43.5;1;43.5
1987-01-22;43.1;1;43.1
1987-01-23;43.0;1;43.0
1987-01-24;43.3;1;43.3
1987-01-25;43.5;1;43.5
1987-01-26;44.5;1;44.5
1987-01-27;43.3;1;43.3
1987-01-28;43.3;1;43.3
1987-01-29;43.0;1;43.0
1987-01-30;48.7;1;48.7
1987-01-31;46.7;1;46.7
1987-02-01;55.4;2;55.4
1987-02-02;47.9;2;47.9
1987-02-03;58.4;2;58.4
1987-02-04;58.4;2;58.4
1987-02-05;31.6;2;31.6
1987-02-06;46.5;2;46.5
1987-02-07;46.7;2;46.7
1987-02-08;44.9;2;44.9
1987-02-09;47.1;2;47.1
1987-02-10;47.9;2;47.9
1987-02-11;49.5;2;49.5
1987-02-12;67.8;2;67.8
1987-02-13;47.6;2;47.6
1987-02-14;47.2;2;47.2
1987-02-15;42.1;2;42.1
1987-02-16;44.3;2;44.3
1987-02-17;43.9;2;43.9
1987-02-18;50.5;2;50.5
1987-02-19;82.6;2;82.6
1987-02-20;90.4;2;90.4
1987-02-21;53.4;2;53.4
1987-02-22;51.8;2;51.8
1987-02-23;56.4;2;56.4
1987-02-24;61.1;2;61.1
1987-02-25;60.0;2;60.0
1987-02-26;49.5;2;49.5
1987-02-27;47.5;2;47.5
1987-02-28;35.4;2;35.4
1987-03-01;38.5;3;38.5
1987-03-02;42.3;3;42.3
1987-03-03;45.3;3;45.3
1987-03-04;50.0;3;50.0
1987-03-05;43.3;3;43.3
1987-03-06;51.1;3;51.1
1987-03-07;48.5;3;48.5
1987-03-08;44.3;3;44.3
1987-03-09;54.0;3;54.0
1987-03-10;48.0;3;48.0
1987-03-11;72.8;3;72.8
1987-03-12;52.7;3;52.7
1987-03-13;67.2;3;67.2
1987-03-14;44.8;3;44.8
1987-03-15;44.4;3;44.4
1987-03-16;61.3;3;61.3
1987-03-17;58.2;3;58.2
1987-03-18;57.7;3;57.7
1987-03-19;57.2;3;57.2
1987-03-20;57.9;3;57.9
1987-03-21;52.9;3;52.9
1987-03-22;50.5;3;50.5
1987-03-23;54.2;3;54.2
1987-03-24;59.8;3;59.8
1987-03-25;58.0;3;58.0
1987-03-26;61.4;3;61.4
1987-03-27;60.9;3;60.9
1987-03-28;43.1;3;43.1
1987-03-29;42.3;3;42.3
1987-03-30;58.6;3;58.6
1987-03-31;54.4;3;54.4
1987-04-01;62.2;4;62.2
1987-04-02;53.2;4;53.2
1987-04-03;61.8;4;61.8
1987-04-04;43.5;4;43.5
1987-04-05;50.5;4;50.5
1987-04-06;64.8;4;64.8
1987-04-07;54.0;4;54.0
1987-04-08;53.6;4;53.6
1987-04-09;52.6;4;52.6
1987-04-10;51.4;4;51.4
1987-04-11;58.2;4;58.2
1987-04-12;41.5;4;41.5
1987-04-13;51.7;4;51.7
1987-04-14;61.3;4;61.3
1987-04-15;57.4;4;57.4
1987-04-16;41.8;4;41.8
1987-04-17;59.5;4;59.5
1987-04-18;65.7;4;65.7
1987-04-19;42.5;4;42.5
1987-04-20;49.2;4;49.2
1987-04-21;45.6;4;45.6
1987-04-22;47.5;4;47.5
1987-04-23;51.9;4;51.9
1987-04-24;59.2;4;59.2
1987-04-25;104.0;4;104.0
1987-04-26;102.5;4;102.5
1987-04-27;85.6;4;85.6
1987-04-28;94.7;4;94.7
1987-04-29;83.7;4;83.7
1987-04-30;83.5;4;83.5
1987-05-01;60.2;5;60.2
1987-05-02;59.4;5;59.4
1987-05-03;51.1;5;51.1
1987-05-04;59.4;5;59.4
1987-05-05;56.9;5;56.9
1987-05-06;57.4;5;57.4
1987-05-07;65.5;5;65.5
1987-05-08;78.2;5;78.2
1987-05-09;67.8;5;67.8
1987-05-10;60.6;5;60.6
1987-05-11;59.5;5;59.5
1987-05-12;81.0;5;81.0
1987-05-13;58.5;5;58.5
1987-05-14;73.3;5;73.3
1987-05-15;48.7;5;48.7
1987-05-16;48.1;5;48.1
1987-05-17;33.8;5;33.8
1987-05-18;50.3;5;50.3
1987-05-19;36.4;5;36.4
1987-05-20;39.2;5;39.2
1987-05-21;34.9;5;34.9
1987-05-22;32.1;5;32.1
1987-05-23;37.6;5;37.6
1987-05-24;33.6;5;33.6
1987-05-25;37.9;5;37.9
1987-05-26;32.3;5;32.3
1987-05-27;42.5;5;42.5
1987-05-28;46.5;5;46.5
1987-05-29;45.7;5;45.7
1987-05-30;47.0;5;47.0
1987-05-31;46.6;5;46.6
1987-06-01;41.7;6;41.7
1987-06-02;57.4;6;57.4
1987-06-03;51.7;6;51.7
1987-06-04;44.1;6;44.1
1987-06-05;41.5;6;41.5
1987-06-06;38.3;6;38.3
1987-06-07;29.4;6;29.4
1987-06-08;26.4;6;26.4
1987-06-09;28.4;6;28.4
1987-06-10;45.5;6;45.5
1987-06-11;48.2;6;48.2
1987-06-12;31.5;6;31.5
1987-06-13;32.0;6;32.0
1987-06-14;21.3;6;21.3
1987-06-15;28.6;6;28.6
1987-06-16;29.1;6;29.1
1987-06-17;33.6;6;33.6
1987-06-18;33.7;6;33.7
1987-06-19;27.5;6;27.5
1987-06-20;34.4;6;34.4
1987-06-21;25.0;6;25.0
1987-06-22;27.1;6;27.1
1987-06-23;26.6;6;26.6
1987-06-24;28.1;6;28.1
1987-06-25;29.4;6;29.4
1987-06-26;29.5;6;29.5
1987-06-27;27.4;6;27.4
1987-06-28;31.4;6;31.4
1987-06-29;26.4;6;26.4
1987-06-30;30.9;6;30.9
1987-07-01;25.5;7;25.5
1987-07-02;26.1;7;26.1
1987-07-03;25.9;7;25.9
1987-07-04;23.9;7;23.9
1987-07-05;28.3;7;28.3
1987-07-06;30.8;7;30.8
1987-07-07;27.1;7;27.1
1987-07-08;29.1;7;29.1
1987-07-09;27.2;7;27.2
1987-07-10;27.2;7;27.2
1987-07-11;28.8;7;28.8
1987-07-12;27.7;7;27.7
1987-07-13;28.5;7;28.5
1987-07-14;32.9;7;32.9
1987-07-15;23.5;7;23.5
1987-07-16;23.8;7;23.8
1987-07-17;24.8;7;24.8
1987-07-18;24.5;7;24.5
1987-07-19;14.8;7;14.8
1987-07-20;15.9;7;15.9
1987-07-21;24.5;7;24.5
1987-07-22;23.9;7;23.9
1987-07-23;29.9;7;29.9
1987-07-24;24.1;7;24.1
1987-07-25;24.4;7;24.4
1987-07-26;14.3;7;14.3
1987-07-27;27.0;7;27.0
1987-07-28;25.3;7;25.3
1987-07-29;25.6;7;25.6
1987-07-30;25.5;7;25.5
1987-07-31;25.1;7;25.1
1987-08-01;14.5;8;14.5
1987-08-02;14.9;8;14.9
1987-08-03;23.4;8;23.4
1987-08-04;25.3;8;25.3
1987-08-05;25.0;8;25.0
1987-08-06;23.4;8;23.4
1987-08-07;53.0;8;53.0
1987-08-08;53.5;8;53.5
1987-08-09;53.5;8;53.5
1987-08-10;53.0;8;53.0
1987-08-11;53.5;8;53.5
1987-08-12;53.5;8;53.5
1987-08-13;13.8;8;13.8
1987-08-14;24.6;8;24.6
1987-08-15;24.3;8;24.3
1987-08-16;13.1;8;13.1
1987-08-17;13.1;8;13.1
1987-08-18;13.1;8;13.1
1987-08-19;13.1;8;13.1
1987-08-20;24.7;8;24.7
1987-08-21;21.7;8;21.7
1987-08-22;22.4;8;22.4
1987-08-23;13.8;8;13.8
1987-08-24;24.1;8;24.1
1987-08-25;23.6;8;23.6
1987-08-26;22.9;8;22.9
1987-08-27;23.4;8;23.4
1987-08-28;21.2;8;21.2
1987-08-29;22.5;8;22.5
1987-08-30;13.8;8;13.8
1987-08-31;23.7;8;23.7
1987-09-01;20.5;9;20.5
1987-09-02;21.3;9;21.3
1987-09-03;22.2;9;22.2
1987-09-04;23.9;9;23.9
1987-09-05;13.8;9;13.8
1987-09-06;14.2;9;14.2
1987-09-07;21.5;9;21.5
1987-09-08;20.7;9;20.7
1987-09-09;20.5;9;20.5
1987-09-10;17.6;9;17.6
1987-09-11;18.9;9;18.9
1987-09-12;18.7;9;18.7
1987-09-13;17.4;9;17.4
1987-09-14;17.7;9;17.7
1987-09-15;18.6;9;18.6
1987-09-16;19.5;9;19.5
1987-09-17;18.7;9;18.7
1987-09-18;17.6;9;17.6
1987-09-19;13.6;9;13.6
1987-09-20;14.5;9;14.5
1987-09-21;22.9;9;22.9
1987-09-22;23.1;9;23.1
1987-09-23;23.6;9;23.6
1987-09-24;23.0;9;23.0
1987-09-25;23.9;9;23.9
1987-09-26;15.5;9;15.5
1987-09-27;15.5;9;15.5
1987-09-28;22.7;9;22.7
1987-09-29;23.2;9;23.2
1987-09-30;23.4;9;23.4
1987-10-01;22.9;10;22.9
1987-10-02;23.3;10;23.3
1987-10-03;14.3;10;14.3
1987-10-04;14.0;10;14.0
1987-10-05;23.3;10;23.3
1987-10-06;26.3;10;26.3
1987-10-07;24.7;10;24.7
1987-10-08;21.9;10;21.9
1987-10-09;22.0;10;22.0
1987-10-10;14.2;10;14.2
1987-10-11;14.1;10;14.1
1987-10-12;13.9;10;13.9
1987-10-13;21.6;10;21.6
1987-10-14;21.4;10;21.4
1987-10-15;23.6;10;23.6
1987-10-16;21.2;10;21.2
1987-10-17;12.8;10;12.8
1987-10-18;12.9;10;12.9
1987-10-19;20.9;10;20.9
1987-10-20;22.2;10;22.2
1987-10-21;23.2;10;23.2
1987-10-22;23.5;10;23.5
1987-10-23;22.9;10;22.9
1987-10-24;25.9;10;25.9
1987-10-25;15.8;10;15.8
1987-10-26;23.6;10;23.6
1987-10-27;24.8;10;24.8
1987-10-28;32.6;10;32.6
1987-10-29;22.2;10;22.2
1987-10-30;3.0;10;3.0
1987-10-31;3.0;10;3.0
1987-11-01;3.0;11;3.0
1987-11-02;3.0;11;3.0
1987-11-03;3.0;11;3.0
1987-11-04;3.0;11;3.0
1987-11-05;3.0;11;3.0
1987-11-06;3.0;11;3.0
1987-11-07;52.3;11;52.3
1987-11-08;15.0;11;15.0
1987-11-09;16.8;11;16.8
1987-11-10;28.4;11;28.4
1987-11-11;24.6;11;24.6
1987-11-12;22.7;11;22.7
1987-11-13;21.3;11;21.3
1987-11-14;58.3;11;58.3
1987-11-15;16.7;11;16.7
1987-11-16;16.7;11;16.7
1987-11-17;21.7;11;21.7
1987-11-18;25.2;11;25.2
1987-11-19;31.2;11;31.2
1987-11-20;24.9;11;24.9
1987-11-21;38.5;11;38.5
1987-11-22;50.6;11;50.6
1987-11-23;28.0;11;28.0
1987-11-24;63.3;11;63.3
1987-11-25;42.6;11;42.6
1987-11-26;31.3;11;31.3
1987-11-27;43.4;11;43.4
1987-11-28;49.5;11;49.5
1987-11-29;50.4;11;50.4
1987-11-30;48.5;11;48.5
1987-12-01;56.8;12;56.8
1987-12-02;65.5;12;65.5
1987-12-03;65.5;12;65.5
1987-12-04;67.8;12;67.8
1987-12-05;56.7;12;56.7
1987-12-06;88.5;12;88.5
1987-12-07;85.8;12;85.8
1987-12-08;73.4;12;73.4
1987-12-09;56.0;12;56.0
1987-12-10;53.2;12;53.2
1987-12-11;63.2;12;63.2
1987-12-12;54.5;12;54.5
1987-12-13;57.7;12;57.7
1987-12-14;57.9;12;57.9
1987-12-15;57.2;12;57.2
1987-12-16;72.0;12;72.0
1987-12-17;52.9;12;52.9
1987-12-18;82.0;12;82.0
1987-12-19;56.0;12;56.0
1987-12-20;62.8;12;62.8
1987-12-21;49.4;12;49.4
1987-12-22;49.7;12;49.7
1987-12-23;65.9;12;65.9
1987-12-24;53.2;12;53.2
1987-12-25;60.3;12;60.3
1987-12-26;98.8;12;98.8
1987-12-27;97.1;12;97.1
1987-12-28;99.3;12;99.3
1987-12-29;99.1;12;99.1
1987-12-30;95.2;12;95.2
1987-12-31;59.8;12;59.8
1988-01-01;72.0;1;72.0
1988-01-02;87.0;1;87.0
1988-01-03;94.0;1;94.0
1988-01-04;84.0;1;84.0
1988-01-05;91.0;1;91.0
1988-01-06;98.0;1;98.0
1988-01-07;81.0;1;81.0
1988-01-08;88.0;1;88.0
1988-01-09;101.0;1;101.0
1988-01-10;95.0;1;95.0
1988-01-11;73.0;1;73.0
1988-01-12;97.0;1;97.0
1988-01-13;92.0;1;92.0
1988-01-14;95.0;1;95.0
1988-01-15;95.0;1;95.0
1988-01-16;94.0;1;94.0
1988-01-17;68.0;1;68.0
1988-01-18;63.0;1;63.0
1988-01-19;72.0;1;72.0
1988-01-20;58.0;1;58.0
1988-01-21;100.0;1;100.0
1988-01-22;96.0;1;96.0
1988-01-23;101.0;1;101.0
1988-01-24;56.0;1;56.0
1988-01-25;53.0;1;53.0
1988-01-26;48.0;1;48.0
1988-01-27;54.0;1;54.0
1988-01-28;74.0;1;74.0
1988-01-29;77.0;1;77.0
1988-01-30;57.0;1;57.0
1988-01-31;85.0;1;85.0
1988-02-01;88.0;2;88.0
1988-02-02;83.0;2;83.0
1988-02-03;90.0;2;90.0
1988-02-04;61.0;2;61.0
1988-02-05;48.0;2;48.0
1988-02-06;70.0;2;70.0
1988-02-07;71.0;2;71.0
1988-02-08;51.0;2;51.0
1988-02-09;50.0;2;50.0
1988-02-10;50.0;2;50.0
1988-02-11;52.0;2;52.0
1988-02-12;47.0;2;47.0
1988-02-13;47.0;2;47.0
1988-02-14;47.0;2;47.0
1988-02-15;35.0;2;35.0
1988-02-16;35.0;2;35.0
1988-02-17;62.0;2;62.0
1988-02-18;34.0;2;34.0
1988-02-19;91.0;2;91.0
1988-02-20;47.0;2;47.0
1988-02-21;33.0;2;33.0
1988-02-22;36.0;2;36.0
1988-02-23;45.0;2;45.0
1988-02-24;75.0;2;75.0
1988-02-25;71.0;2;71.0
1988-02-26;50.0;2;50.0
1988-02-27;41.0;2;41.0
1988-02-28;35.0;2;35.0
1988-02-29;35.0;2;35.0
1988-03-01;36.0;3;36.0
1988-03-02;46.0;3;46.0
1988-03-03;65.0;3;65.0
1988-03-04;16.0;3;16.0
1988-03-05;61.0;3;61.0
1988-03-06;36.0;3;36.0
1988-03-07;36.0;3;36.0
1988-03-08;36.0;3;36.0
1988-03-09;62.0;3;62.0
1988-03-10;68.0;3;68.0
1988-03-11;47.0;3;47.0
1988-03-12;101.0;3;101.0
1988-03-13;67.0;3;67.0
1988-03-14;72.0;3;72.0
1988-03-15;74.0;3;74.0
1988-03-16;44.0;3;44.0
1988-03-17;82.0;3;82.0
1988-03-18;48.0;3;48.0
1988-03-19;91.0;3;91.0
1988-03-20;46.0;3;46.0
1988-03-21;59.0;3;59.0
1988-03-22;88.0;3;88.0
1988-03-23;86.0;3;86.0
1988-03-24;46.0;3;46.0
1988-03-25;44.0;3;44.0
1988-03-26;41.0;3;41.0
1988-03-27;35.0;3;35.0
1988-03-28;35.0;3;35.0
1988-03-29;34.0;3;34.0
1988-03-30;37.0;3;37.0
1988-03-31;30.0;3;30.0
1988-04-01;31.0;4;31.0
1988-04-02;36.0;4;36.0
1988-04-03;35.0;4;35.0
1988-04-04;41.0;4;41.0
1988-04-05;36.0;4;36.0
1988-04-06;30.0;4;30.0
1988-04-07;31.0;4;31.0
1988-04-08;31.0;4;31.0
1988-04-09;31.0;4;31.0
1988-04-10;23.0;4;23.0
1988-04-11;31.0;4;31.0
1988-04-12;32.0;4;32.0
1988-04-13;29.0;4;29.0
1988-04-14;35.0;4;35.0
1988-04-15;30.0;4;30.0
1988-04-16;33.0;4;33.0
1988-04-17;38.0;4;38.0
1988-04-18;35.0;4;35.0
1988-04-19;35.0;4;35.0
1988-04-20;36.0;4;36.0
1988-04-21;34.0;4;34.0
1988-04-22;44.0;4;44.0
1988-04-23;84.0;4;84.0
1988-04-24;87.0;4;87.0
1988-04-25;67.0;4;67.0
1988-04-26;41.0;4;41.0
1988-04-27;60.0;4;60.0
1988-04-28;41.0;4;41.0
1988-04-29;66.0;4;66.0
1988-04-30;54.0;4;54.0
1988-05-01;76.0;5;76.0
1988-05-02;74.0;5;74.0
1988-05-03;53.0;5;53.0
1988-05-04;38.0;5;38.0
1988-05-05;40.0;5;40.0
1988-05-06;45.0;5;45.0
1988-05-07;34.0;5;34.0
1988-05-08;34.0;5;34.0
1988-05-09;34.0;5;34.0
1988-05-10;34.0;5;34.0
1988-05-11;34.0;5;34.0
1988-05-12;34.0;5;34.0
1988-05-13;34.0;5;34.0
1988-05-14;33.0;5;33.0
1988-05-15;33.0;5;33.0
1988-05-16;34.0;5;34.0
1988-05-17;32.0;5;32.0
1988-05-18;54.0;5;54.0
1988-05-19;37.0;5;37.0
1988-05-20;41.0;5;41.0
1988-05-21;39.0;5;39.0
1988-05-22;33.0;5;33.0
1988-05-23;33.0;5;33.0
1988-05-24;37.0;5;37.0
1988-05-25;36.0;5;36.0
1988-05-26;30.0;5;30.0
1988-05-27;32.0;5;32.0
1988-05-28;31.0;5;31.0
1988-05-29;27.0;5;27.0
1988-05-30;26.0;5;26.0
1988-05-31;27.0;5;27.0
1988-06-01;25.0;6;25.0
1988-06-02;26.0;6;26.0
1988-06-03;36.0;6;36.0
1988-06-04;36.0;6;36.0
1988-06-05;40.0;6;40.0
1988-06-06;41.0;6;41.0
1988-06-07;40.0;6;40.0
1988-06-08;37.0;6;37.0
1988-06-09;41.0;6;41.0
1988-06-10;45.0;6;45.0
1988-06-11;41.0;6;41.0
1988-06-12;39.0;6;39.0
1988-06-13;33.0;6;33.0
1988-06-14;39.0;6;39.0
1988-06-15;39.0;6;39.0
1988-06-16;39.0;6;39.0
1988-06-17;46.0;6;46.0
1988-06-18;40.0;6;40.0
1988-06-19;46.0;6;46.0
1988-06-20;45.0;6;45.0
1988-06-21;40.0;6;40.0
1988-06-22;38.0;6;38.0
1988-06-23;41.0;6;41.0
1988-06-24;41.0;6;41.0
1988-06-25;34.0;6;34.0
1988-06-26;36.0;6;36.0
1988-06-27;40.0;6;40.0
1988-06-28;40.0;6;40.0
1988-06-29;39.0;6;39.0
1988-06-30;39.0;6;39.0
1988-07-01;37.0;7;37.0
1988-07-02;38.0;7;38.0
1988-07-03;39.0;7;39.0
1988-07-04;40.0;7;40.0
1988-07-05;39.0;7;39.0
1988-07-06;40.0;7;40.0
1988-07-07;40.0;7;40.0
1988-07-08;40.0;7;40.0
1988-07-09;39.0;7;39.0
1988-07-10;40.0;7;40.0
1988-07-11;42.0;7;42.0
1988-07-12;42.0;7;42.0
1988-07-13;40.0;7;40.0
1988-07-14;39.0;7;39.0
1988-07-15;40.0;7;40.0
1988-07-16;41.0;7;41.0
1988-07-17;36.0;7;36.0
1988-07-18;40.0;7;40.0
1988-07-19;40.0;7;40.0
1988-07-20;41.0;7;41.0
1988-07-21;39.0;7;39.0
1988-07-22;40.0;7;40.0
1988-07-23;39.0;7;39.0
1988-07-24;46.0;7;46.0
1988-07-25;44.0;7;44.0
1988-07-26;42.0;7;42.0
1988-07-27;40.0;7;40.0
1988-07-28;40.0;7;40.0
1988-07-29;43.0;7;43.0
1988-07-30;39.0;7;39.0
1988-07-31;43.0;7;43.0
1988-08-01;41.0;8;41.0
1988-08-02;43.0;8;43.0
1988-08-03;41.0;8;41.0
1988-08-04;41.0;8;41.0
1988-08-05;43.0;8;43.0
1988-08-06;43.0;8;43.0
1988-08-07;44.0;8;44.0
1988-08-08;44.0;8;44.0
1988-08-09;43.0;8;43.0
1988-08-10;43.0;8;43.0
1988-08-11;44.0;8;44.0
1988-08-12;39.0;8;39.0
1988-08-13;39.0;8;39.0
1988-08-14;39.0;8;39.0
1988-08-15;40.0;8;40.0
1988-08-16;41.0;8;41.0
1988-08-17;39.0;8;39.0
1988-08-18;39.0;8;39.0
1988-08-19;40.0;8;40.0
1988-08-20;42.0;8;42.0
1988-08-21;38.0;8;38.0
1988-08-22;52.0;8;52.0
1988-08-23;51.0;8;51.0
1988-08-24;52.0;8;52.0
1988-08-25;51.0;8;51.0
1988-08-26;51.0;8;51.0
1988-08-27;51.0;8;51.0
1988-08-28;48.0;8;48.0
1988-08-29;46.0;8;46.0
1988-08-30;45.0;8;45.0
1988-08-31;48.0;8;48.0
1988-09-01;44.0;9;44.0
1988-09-02;46.0;9;46.0
1988-09-03;46.0;9;46.0
1988-09-04;49.0;9;49.0
1988-09-05;47.0;9;47.0
1988-09-06;45.0;9;45.0
1988-09-07;48.0;9;48.0
1988-09-08;44.0;9;44.0
1988-09-09;47.0;9;47.0
1988-09-10;48.0;9;48.0
1988-09-11;44.0;9;44.0
1988-09-12;46.0;9;46.0
1988-09-13;51.0;9;51.0
1988-09-14;46.0;9;46.0
1988-09-15;48.0;9;48.0
1988-09-16;47.0;9;47.0
1988-09-17;48.0;9;48.0
1988-09-18;47.0;9;47.0
1988-09-19;46.0;9;46.0
1988-09-20;47.0;9;47.0
1988-09-21;48.0;9;48.0
1988-09-22;47.0;9;47.0
1988-09-23;45.0;9;45.0
1988-09-24;46.0;9;46.0
1988-09-25;44.0;9;44.0
1988-09-26;45.0;9;45.0
1988-09-27;45.0;9;45.0
1988-09-28;47.0;9;47.0
1988-09-29;46.0;9;46.0
1988-09-30;44.0;9;44.0
1988-10-01;47.0;10;47.0
1988-10-02;44.0;10;44.0
1988-10-03;45.0;10;45.0
1988-10-04;44.0;10;44.0
1988-10-05;43.0;10;43.0
1988-10-06;45.0;10;45.0
1988-10-07;43.0;10;43.0
1988-10-08;42.0;10;42.0
1988-10-09;45.0;10;45.0
1988-10-10;44.0;10;44.0
1988-10-11;43.0;10;43.0
1988-10-12;42.0;10;42.0
1988-10-13;41.0;10;41.0
1988-10-14;43.0;10;43.0
1988-10-15;44.0;10;44.0
1988-10-16;42.0;10;42.0
1988-10-17;44.0;10;44.0
1988-10-18;41.0;10;41.0
1988-10-19;42.0;10;42.0
1988-10-20;40.0;10;40.0
1988-10-21;39.0;10;39.0
1988-10-22;42.0;10;42.0
1988-10-23;42.0;10;42.0
1988-10-24;42.0;10;42.0
1988-10-25;41.0;10;41.0
1988-10-26;41.0;10;41.0
1988-10-27;73.0;10;73.0
1988-10-28;43.0;10;43.0
1988-10-29;43.0;10;43.0
1988-10-30;43.0;10;43.0
1988-10-31;42.0;10;42.0
1988-11-01;41.0;11;41.0
1988-11-02;41.0;11;41.0
1988-11-03;42.0;11;42.0
1988-11-04;42.0;11;42.0
1988-11-05;39.0;11;39.0
1988-11-06;39.0;11;39.0
1988-11-07;38.0;11;38.0
1988-11-08;39.0;11;39.0
1988-11-09;38.0;11;38.0
1988-11-10;39.0;11;39.0
1988-11-11;39.0;11;39.0
1988-11-12;40.0;11;40.0
1988-11-13;43.0;11;43.0
1988-11-14;43.0;11;43.0
1988-11-15;45.0;11;45.0
1988-11-16;46.0;11;46.0
1988-11-17;46.0;11;46.0
1988-11-18;48.0;11;48.0
1988-11-19;49.0;11;49.0
1988-11-20;46.0;11;46.0
1988-11-21;43.0;11;43.0
1988-11-22;40.0;11;40.0
1988-11-23;63.0;11;63.0
1988-11-24;48.0;11;48.0
1988-11-25;43.0;11;43.0
1988-11-26;269.0;11;269.0
1988-11-27;348.0;11;348.0
1988-11-28;101.0;11;101.0
1988-11-29;100.0;11;100.0
1988-11-30;96.0;11;96.0
1988-12-01;95.0;12;95.0
1988-12-02;75.0;12;75.0
1988-12-03;1032.0;12;1032.0
1988-12-04;611.0;12;611.0
1988-12-05;843.0;12;843.0
1988-12-06;121.0;12;121.0
1988-12-07;237.0;12;237.0
1988-12-08;479.0;12;479.0
1988-12-09;111.0;12;111.0
1988-12-10;102.0;12;102.0
1988-12-11;117.0;12;117.0
1988-12-12;117.0;12;117.0
1988-12-13;86.0;12;86.0
1988-12-14;97.0;12;97.0
1988-12-15;90.0;12;90.0
1988-12-16;102.0;12;102.0
1988-12-17;62.0;12;62.0
1988-12-18;61.0;12;61.0
1988-12-19;61.0;12;61.0
1988-12-20;62.0;12;62.0
1988-12-21;61.0;12;61.0
1988-12-22;61.0;12;61.0
1988-12-23;63.0;12;63.0
1988-12-24;64.0;12;64.0
1988-12-25;64.0;12;64.0
1988-12-26;64.0;12;64.0
1988-12-27;64.0;12;64.0
1988-12-28;65.0;12;65.0
1988-12-29;57.0;12;57.0
1988-12-30;64.0;12;64.0
1988-12-31;56.0;12;56.0
1989-01-01;58.0;1;58.0
1989-01-02;60.0;1;60.0
1989-01-03;43.2;1;43.2
1989-01-04;65.3;1;65.3
1989-01-05;86.2;1;86.2
1989-01-06;88.1;1;88.1
1989-01-07;95.2;1;95.2
1989-01-08;53.5;1;53.5
1989-01-09;53.1;1;53.1
1989-01-10;67.8;1;67.8
1989-01-11;85.6;1;85.6
1989-01-12;51.3;1;51.3
1989-01-13;49.5;1;49.5
1989-01-14;50.3;1;50.3
1989-01-15;51.8;1;51.8
1989-01-16;49.2;1;49.2
1989-01-17;51.6;1;51.6
1989-01-18;48.8;1;48.8
1989-01-19;48.5;1;48.5
1989-01-20;49.1;1;49.1
1989-01-21;51.6;1;51.6
1989-01-22;51.2;1;51.2
1989-01-23;49.7;1;49.7
1989-01-24;48.7;1;48.7
1989-01-25;50.1;1;50.1
1989-01-26;51.5;1;51.5
1989-01-27;52.5;1;52.5
1989-01-28;53.9;1;53.9
1989-01-29;55.4;1;55.4
1989-01-30;52.6;1;52.6
1989-01-31;54.5;1;54.5
1989-02-01;53.7;2;53.7
1989-02-02;54.4;2;54.4
1989-02-03;80.6;2;80.6
1989-02-04;211.2;2;211.2
1989-02-05;419.3;2;419.3
1989-02-06;97.6;2;97.6
1989-02-07;96.1;2;96.1
1989-02-08;93.1;2;93.1
1989-02-09;97.3;2;97.3
1989-02-10;92.9;2;92.9
1989-02-11;92.2;2;92.2
1989-02-12;91.1;2;91.1
1989-02-13;95.2;2;95.2
1989-02-14;94.1;2;94.1
1989-02-15;95.9;2;95.9
1989-02-16;96.5;2;96.5
1989-02-17;95.2;2;95.2
1989-02-18;96.6;2;96.6
1989-02-19;97.0;2;97.0
1989-02-20;95.2;2;95.2
1989-02-21;57.2;2;57.2
1989-02-22;58.1;2;58.1
1989-02-23;58.5;2;58.5
1989-02-24;59.1;2;59.1
1989-02-25;58.6;2;58.6
1989-02-26;59.5;2;59.5
1989-02-27;59.4;2;59.4
1989-02-28;52.4;2;52.4
1989-03-01;57.1;3;57.1
1989-03-02;55.9;3;55.9
1989-03-03;77.1;3;77.1
1989-03-04;65.4;3;65.4
1989-03-05;56.2;3;56.2
1989-03-06;57.5;3;57.5
1989-03-07;56.4;3;56.4
1989-03-08;56.3;3;56.3
1989-03-09;73.4;3;73.4
1989-03-10;85.8;3;85.8
1989-03-11;98.8;3;98.8
1989-03-12;98.8;3;98.8
1989-03-13;99.1;3;99.1
1989-03-14;98.8;3;98.8
1989-03-15;98.8;3;98.8
1989-03-16;800.5;3;800.5
1989-03-17;567.5;3;567.5
1989-03-18;101.2;3;101.2
1989-03-19;99.8;3;99.8
1989-03-20;484.1;3;484.1
1989-03-21;811.5;3;811.5
1989-03-22;104.0;3;104.0
1989-03-23;101.5;3;101.5
1989-03-24;101.3;3;101.3
1989-03-25;100.9;3;100.9
1989-03-26;101.2;3;101.2
1989-03-27;95.4;3;95.4
1989-03-28;100.5;3;100.5
1989-03-29;100.1;3;100.1
1989-03-30;100.0;3;100.0
1989-03-31;89.5;3;89.5
1989-04-01;96.1;4;96.1
1989-04-02;96.1;4;96.1
1989-04-03;96.4;4;96.4
1989-04-04;96.1;4;96.1
1989-04-05;96.2;4;96.2
1989-04-06;96.1;4;96.1
1989-04-07;96.1;4;96.1
1989-04-08;96.1;4;96.1
1989-04-09;96.1;4;96.1
1989-04-10;96.1;4;96.1
1989-04-11;95.8;4;95.8
1989-04-12;95.9;4;95.9
1989-04-13;96.5;4;96.5
1989-04-14;93.1;4;93.1
1989-04-15;97.0;4;97.0
1989-04-16;97.0;4;97.0
1989-04-17;66.8;4;66.8
1989-04-18;55.5;4;55.5
1989-04-19;55.1;4;55.1
1989-04-20;55.2;4;55.2
1989-04-21;54.2;4;54.2
1989-04-22;53.7;4;53.7
1989-04-23;55.4;4;55.4
1989-04-24;53.8;4;53.8
1989-04-25;53.7;4;53.7
1989-04-26;55.4;4;55.4
1989-04-27;51.0;4;51.0
1989-04-28;51.3;4;51.3
1989-04-29;54.6;4;54.6
1989-04-30;55.2;4;55.2
1989-05-01;56.5;5;56.5
1989-05-02;55.9;5;55.9
1989-05-03;55.9;5;55.9
1989-05-04;56.6;5;56.6
1989-05-05;74.5;5;74.5
1989-05-06;83.6;5;83.6
1989-05-07;99.4;5;99.4
1989-05-08;102.4;5;102.4
1989-05-09;100.6;5;100.6
1989-05-10;98.8;5;98.8
1989-05-11;57.7;5;57.7
1989-05-12;62.6;5;62.6
1989-05-13;91.1;5;91.1
1989-05-14;91.6;5;91.6
1989-05-15;50.3;5;50.3
1989-05-16;77.6;5;77.6
1989-05-17;56.6;5;56.6
1989-05-18;55.7;5;55.7
1989-05-19;57.4;5;57.4
1989-05-20;57.2;5;57.2
1989-05-21;56.3;5;56.3
1989-05-22;62.9;5;62.9
1989-05-23;67.0;5;67.0
1989-05-24;55.3;5;55.3
1989-05-25;54.8;5;54.8
1989-05-26;57.6;5;57.6
1989-05-27;57.2;5;57.2
1989-05-28;60.7;5;60.7
1989-05-29;53.4;5;53.4
1989-05-30;50.3;5;50.3
1989-05-31;53.5;5;53.5
1989-06-01;57.3;6;57.3
1989-06-02;55.6;6;55.6
1989-06-03;57.3;6;57.3
1989-06-04;57.9;6;57.9
1989-06-05;57.0;6;57.0
1989-06-06;57.5;6;57.5
1989-06-07;57.7;6;57.7
1989-06-08;57.2;6;57.2
1989-06-09;58.3;6;58.3
1989-06-10;58.0;6;58.0
1989-06-11;56.4;6;56.4
1989-06-12;58.4;6;58.4
1989-06-13;56.1;6;56.1
1989-06-14;55.5;6;55.5
1989-06-15;55.5;6;55.5
1989-06-16;55.8;6;55.8
1989-06-17;55.8;6;55.8
1989-06-18;56.8;6;56.8
1989-06-19;55.6;6;55.6
1989-06-20;56.2;6;56.2
1989-06-21;55.7;6;55.7
1989-06-22;56.1;6;56.1
1989-06-23;55.2;6;55.2
1989-06-24;56.6;6;56.6
1989-06-25;58.5;6;58.5
1989-06-26;57.1;6;57.1
1989-06-27;57.3;6;57.3
1989-06-28;56.7;6;56.7
1989-06-29;57.3;6;57.3
1989-06-30;56.0;6;56.0
1989-07-01;55.7;7;55.7
1989-07-02;55.5;7;55.5
1989-07-03;54.8;7;54.8
1989-07-04;53.8;7;53.8
1989-07-05;57.3;7;57.3
1989-07-06;55.4;7;55.4
1989-07-07;58.3;7;58.3
1989-07-08;57.7;7;57.7
1989-07-09;57.7;7;57.7
1989-07-10;56.1;7;56.1
1989-07-11;56.1;7;56.1
1989-07-12;55.9;7;55.9
1989-07-13;58.0;7;58.0
1989-07-14;58.5;7;58.5
1989-07-15;59.8;7;59.8
1989-07-16;59.0;7;59.0
1989-07-17;58.5;7;58.5
1989-07-18;14.5;7;14.5
1989-07-19;14.5;7;14.5
1989-07-20;14.5;7;14.5
1989-07-21;66.6;7;66.6
1989-07-22;67.1;7;67.1
1989-07-23;66.3;7;66.3
1989-07-24;66.5;7;66.5
1989-07-25;66.5;7;66.5
1989-07-26;66.5;7;66.5
1989-07-27;67.1;7;67.1
1989-07-28;66.9;7;66.9
1989-07-29;67.4;7;67.4
1989-07-30;66.6;7;66.6
1989-07-31;66.3;7;66.3
1989-08-01;66.3;8;66.3
1989-08-02;67.1;8;67.1
1989-08-03;66.6;8;66.6
1989-08-04;66.6;8;66.6
1989-08-05;66.6;8;66.6
1989-08-06;66.7;8;66.7
1989-08-07;66.6;8;66.6
1989-08-08;66.6;8;66.6
1989-08-09;66.6;8;66.6
1989-08-10;66.3;8;66.3
1989-08-11;66.3;8;66.3
1989-08-12;66.3;8;66.3
1989-08-13;66.6;8;66.6
1989-08-14;66.1;8;66.1
1989-08-15;66.9;8;66.9
1989-08-16;66.6;8;66.6
1989-08-17;66.6;8;66.6
1989-08-18;66.9;8;66.9
1989-08-19;66.9;8;66.9
1989-08-20;67.4;8;67.4
1989-08-21;67.1;8;67.1
1989-08-22;67.1;8;67.1
1989-08-23;67.1;8;67.1
1989-08-24;66.9;8;66.9
1989-08-25;66.6;8;66.6
1989-08-26;6.5;8;6.5
1989-08-27;6.2;8;6.2
1989-08-28;6.2;8;6.2
1989-08-29;6.1;8;6.1
1989-08-30;6.1;8;6.1
1989-08-31;6.1;8;6.1
1989-09-01;6.1;9;6.1
1989-09-02;6.1;9;6.1
1989-09-03;6.1;9;6.1
1989-09-04;6.1;9;6.1
1989-09-05;6.1;9;6.1
1989-09-06;6.1;9;6.1
1989-09-07;6.1;9;6.1
1989-09-08;6.1;9;6.1
1989-09-09;6.1;9;6.1
1989-09-10;6.1;9;6.1
1989-09-11;6.1;9;6.1
1989-09-12;6.1;9;6.1
1989-09-13;66.9;9;66.9
1989-09-14;77.3;9;77.3
1989-09-15;77.3;9;77.3
1989-09-16;66.9;9;66.9
1989-09-17;66.9;9;66.9
1989-09-18;67.2;9;67.2
1989-09-19;67.2;9;67.2
1989-09-20;59.7;9;59.7
1989-09-21;60.5;9;60.5
1989-09-22;59.7;9;59.7
1989-09-23;60.3;9;60.3
1989-09-24;60.0;9;60.0
1989-09-25;63.9;9;63.9
1989-09-26;62.0;9;62.0
1989-09-27;59.9;9;59.9
1989-09-28;63.2;9;63.2
1989-09-29;60.2;9;60.2
1989-09-30;60.3;9;60.3
1989-10-01;59.4;10;59.4
1989-10-02;58.3;10;58.3
1989-10-03;57.8;10;57.8
1989-10-04;58.9;10;58.9
1989-10-05;58.9;10;58.9
1989-10-06;58.8;10;58.8
1989-10-07;59.4;10;59.4
1989-10-08;58.8;10;58.8
1989-10-09;59.6;10;59.6
1989-10-10;59.4;10;59.4
1989-10-11;60.2;10;60.2
1989-10-12;59.7;10;59.7
1989-10-13;59.7;10;59.7
1989-10-14;60.4;10;60.4
1989-10-15;59.2;10;59.2
1989-10-16;63.2;10;63.2
1989-10-17;59.3;10;59.3
1989-10-18;59.3;10;59.3
1989-10-19;59.2;10;59.2
1989-10-20;59.9;10;59.9
1989-10-21;57.4;10;57.4
1989-10-22;59.0;10;59.0
1989-10-23;56.4;10;56.4
1989-10-24;60.9;10;60.9
1989-10-25;73.2;10;73.2
1989-10-26;74.1;10;74.1
1989-10-27;75.7;10;75.7
1989-10-28;58.3;10;58.3
1989-10-29;59.6;10;59.6
1989-10-30;57.2;10;57.2
1989-10-31;60.2;10;60.2
1989-11-01;82.6;11;82.6
1989-11-02;81.5;11;81.5
1989-11-03;57.3;11;57.3
1989-11-04;56.4;11;56.4
1989-11-05;47.2;11;47.2
1989-11-06;50.4;11;50.4
1989-11-07;51.4;11;51.4
1989-11-08;50.0;11;50.0
1989-11-09;50.6;11;50.6
1989-11-10;53.7;11;53.7
1989-11-11;51.2;11;51.2
1989-11-12;53.5;11;53.5
1989-11-13;52.1;11;52.1
1989-11-14;52.0;11;52.0
1989-11-15;50.3;11;50.3
1989-11-16;54.4;11;54.4
1989-11-17;51.7;11;51.7
1989-11-18;50.2;11;50.2
1989-11-19;50.5;11;50.5
1989-11-20;49.0;11;49.0
1989-11-21;49.7;11;49.7
1989-11-22;50.7;11;50.7
1989-11-23;50.7;11;50.7
1989-11-24;51.8;11;51.8
1989-11-25;52.8;11;52.8
1989-11-26;53.8;11;53.8
1989-11-27;55.4;11;55.4
1989-11-28;55.9;11;55.9
1989-11-29;56.6;11;56.6
1989-11-30;57.6;11;57.6
1989-12-01;56.8;12;56.8
1989-12-02;57.4;12;57.4
1989-12-03;56.6;12;56.6
1989-12-04;57.8;12;57.8
1989-12-05;57.7;12;57.7
1989-12-06;56.6;12;56.6
1989-12-07;56.9;12;56.9
1989-12-08;57.9;12;57.9
1989-12-09;57.5;12;57.5
1989-12-10;58.8;12;58.8
1989-12-11;59.4;12;59.4
1989-12-12;59.1;12;59.1
1989-12-13;60.8;12;60.8
1989-12-14;83.1;12;83.1
1989-12-15;79.6;12;79.6
1989-12-16;73.7;12;73.7
1989-12-17;62.9;12;62.9
1989-12-18;61.7;12;61.7
1989-12-19;62.7;12;62.7
1989-12-20;62.2;12;62.2
1989-12-21;62.2;12;62.2
1989-12-22;62.5;12;62.5
1989-12-23;62.6;12;62.6
1989-12-24;63.6;12;63.6
1989-12-25;58.4;12;58.4
1989-12-26;58.1;12;58.1
1989-12-27;57.5;12;57.5
1989-12-28;57.8;12;57.8
1989-12-29;58.1;12;58.1
1989-12-30;57.0;12;57.0
1989-12-31;57.4;12;57.4
1990-01-01;57.62;1;57.62
1990-01-02;58.21;1;58.21
1990-01-03;58.83;1;58.83
1990-01-04;58.97;1;58.97
1990-01-05;59.39;1;59.39
1990-01-06;61.11;1;61.11
1990-01-07;61.48;1;61.48
1990-01-08;61.89;1;61.89
1990-01-09;62.08;1;62.08
1990-01-10;59.1;1;59.1
1990-01-11;58.79;1;58.79
1990-01-12;51.91;1;51.91
1990-01-13;49.67;1;49.67
1990-01-14;73.47;1;73.47
1990-01-15;54.56;1;54.56
1990-01-16;51.75;1;51.75
1990-01-17;42.49;1;42.49
1990-01-18;55.42;1;55.42
1990-01-19;54.42;1;54.42
1990-01-20;55.53;1;55.53
1990-01-21;54.73;1;54.73
1990-01-22;54.36;1;54.36
1990-01-23;57.12;1;57.12
1990-01-24;59.53;1;59.53
1990-01-25;58.07;1;58.07
1990-01-26;58.31;1;58.31
1990-01-27;58.49;1;58.49
1990-01-28;58.21;1;58.21
1990-01-29;57.57;1;57.57
1990-01-30;56.77;1;56.77
1990-01-31;56.54;1;56.54
1990-02-01;57.7;2;57.7
1990-02-02;58.65;2;58.65
1990-02-03;57.73;2;57.73
1990-02-04;58.2;2;58.2
1990-02-05;58.7;2;58.7
1990-02-06;58.97;2;58.97
1990-02-07;58.89;2;58.89
1990-02-08;57.01;2;57.01
1990-02-09;57.69;2;57.69
1990-02-10;57.89;2;57.89
1990-02-11;57.73;2;57.73
1990-02-12;56.79;2;56.79
1990-02-13;57.97;2;57.97
1990-02-14;57.46;2;57.46
1990-02-15;57.28;2;57.28
1990-02-16;55.7;2;55.7
1990-02-17;57.63;2;57.63
1990-02-18;60.12;2;60.12
1990-02-19;57.29;2;57.29
1990-02-20;58.28;2;58.28
1990-02-21;59.08;2;59.08
1990-02-22;59.9;2;59.9
1990-02-23;60.36;2;60.36
1990-02-24;59.39;2;59.39
1990-02-25;58.2;2;58.2
1990-02-26;58.01;2;58.01
1990-02-27;57.51;2;57.51
1990-02-28;57.01;2;57.01
1990-03-01;57.14;3;57.14
1990-03-02;58.27;3;58.27
1990-03-03;59.03;3;59.03
1990-03-04;58.03;3;58.03
1990-03-05;54.87;3;54.87
1990-03-06;55.75;3;55.75
1990-03-07;60.2;3;60.2
1990-03-08;67.5;3;67.5
1990-03-09;68.15;3;68.15
1990-03-10;68.15;3;68.15
1990-03-11;68.15;3;68.15
1990-03-12;68.15;3;68.15
1990-03-13;68.15;3;68.15
1990-03-14;68.15;3;68.15
1990-03-15;68.15;3;68.15
1990-03-16;68.15;3;68.15
1990-03-17;51.1;3;51.1
1990-03-18;68.15;3;68.15
1990-03-19;68.15;3;68.15
1990-03-20;68.15;3;68.15
1990-03-21;68.15;3;68.15
1990-03-22;68.15;3;68.15
1990-03-23;68.8;3;68.8
1990-03-24;69.7;3;69.7
1990-03-25;68.8;3;68.8
1990-03-26;68.8;3;68.8
1990-03-27;68.15;3;68.15
1990-03-28;68.15;3;68.15
1990-03-29;68.15;3;68.15
1990-03-30;68.15;3;68.15
1990-03-31;68.15;3;68.15
1990-04-01;71.0;4;71.0
1990-04-02;68.15;4;68.15
1990-04-03;68.15;4;68.15
1990-04-04;68.15;4;68.15
1990-04-05;69.7;4;69.7
1990-04-06;71.0;4;71.0
1990-04-07;68.15;4;68.15
1990-04-08;68.15;4;68.15
1990-04-09;68.15;4;68.15
1990-04-10;67.25;4;67.25
1990-04-11;71.4;4;71.4
1990-04-12;71.65;4;71.65
1990-04-13;74.85;4;74.85
1990-04-14;74.75;4;74.75
1990-04-15;74.75;4;74.75
1990-04-16;74.8;4;74.8
1990-04-17;74.8;4;74.8
1990-04-18;77.3;4;77.3
1990-04-19;73.9;4;73.9
1990-04-20;77.2;4;77.2
1990-04-21;78.1;4;78.1
1990-04-22;75.5;4;75.5
1990-04-23;64.73;4;64.73
1990-04-24;63.1;4;63.1
1990-04-25;66.6;4;66.6
1990-04-26;66.6;4;66.6
1990-04-27;66.85;4;66.85
1990-04-28;62.2;4;62.2
1990-04-29;62.85;4;62.85
1990-04-30;64.0;4;64.0
1990-05-01;66.2;5;66.2
1990-05-02;64.9;5;64.9
1990-05-03;82.6;5;82.6
1990-05-04;66.2;5;66.2
1990-05-05;67.1;5;67.1
1990-05-06;92.5;5;92.5
1990-05-07;93.4;5;93.4
1990-05-08;93.4;5;93.4
1990-05-09;93.4;5;93.4
1990-05-10;93.4;5;93.4
1990-05-11;94.3;5;94.3
1990-05-12;94.3;5;94.3
1990-05-13;79.62;5;79.62
1990-05-14;79.83;5;79.83
1990-05-15;80.51;5;80.51
1990-05-16;87.91;5;87.91
1990-05-17;90.45;5;90.45
1990-05-18;89.89;5;89.89
1990-05-19;80.28;5;80.28
1990-05-20;62.78;5;62.78
1990-05-21;81.53;5;81.53
1990-05-22;99.44;5;99.44
1990-05-23;73.93;5;73.93
1990-05-24;84.04;5;84.04
1990-05-25;79.4;5;79.4
1990-05-26;59.46;5;59.46
1990-05-27;61.15;5;61.15
1990-05-28;58.54;5;58.54
1990-05-29;68.04;5;68.04
1990-05-30;57.68;5;57.68
1990-05-31;65.47;5;65.47
1990-06-01;55.07;6;55.07
1990-06-02;53.81;6;53.81
1990-06-03;49.25;6;49.25
1990-06-04;49.82;6;49.82
1990-06-05;53.6;6;53.6
1990-06-06;54.66;6;54.66
1990-06-07;52.77;6;52.77
1990-06-08;52.69;6;52.69
1990-06-09;54.58;6;54.58
1990-06-10;54.0;6;54.0
1990-06-11;54.67;6;54.67
1990-06-12;53.96;6;53.96
1990-06-13;54.2;6;54.2
1990-06-14;54.51;6;54.51
1990-06-15;58.53;6;58.53
1990-06-16;60.01;6;60.01
1990-06-17;61.57;6;61.57
1990-06-18;58.76;6;58.76
1990-06-19;61.6;6;61.6
1990-06-20;60.8;6;60.8
1990-06-21;60.93;6;60.93
1990-06-22;62.1;6;62.1
1990-06-23;62.15;6;62.15
1990-06-24;62.65;6;62.65
1990-06-25;62.4;6;62.4
1990-06-26;61.66;6;61.66
1990-06-27;61.39;6;61.39
1990-06-28;62.26;6;62.26
1990-06-29;62.17;6;62.17
1990-06-30;62.3;6;62.3
1990-07-01;62.88;7;62.88
1990-07-02;65.66;7;65.66
1990-07-03;62.73;7;62.73
1990-07-04;62.25;7;62.25
1990-07-05;63.55;7;63.55
1990-07-06;62.1;7;62.1
1990-07-07;62.47;7;62.47
1990-07-08;58.82;7;58.82
1990-07-09;59.46;7;59.46
1990-07-10;63.37;7;63.37
1990-07-11;64.37;7;64.37
1990-07-12;63.73;7;63.73
1990-07-13;66.96;7;66.96
1990-07-14;67.32;7;67.32
1990-07-15;56.69;7;56.69
1990-07-16;49.34;7;49.34
1990-07-17;51.58;7;51.58
1990-07-18;50.73;7;50.73
1990-07-19;33.54;7;33.54
1990-07-20;34.47;7;34.47
1990-07-21;37.78;7;37.78
1990-07-22;37.2;7;37.2
1990-07-23;38.2;7;38.2
1990-07-24;37.82;7;37.82
1990-07-25;37.83;7;37.83
1990-07-26;48.28;7;48.28
1990-07-27;40.16;7;40.16
1990-07-28;38.05;7;38.05
1990-07-29;40.41;7;40.41
1990-07-30;40.22;7;40.22
1990-07-31;43.25;7;43.25
1990-08-01;44.65;8;44.65
1990-08-02;40.48;8;40.48
1990-08-03;39.71;8;39.71
1990-08-04;42.05;8;42.05
1990-08-05;40.69;8;40.69
1990-08-06;40.83;8;40.83
1990-08-07;40.77;8;40.77
1990-08-08;40.58;8;40.58
1990-08-09;40.28;8;40.28
1990-08-10;48.12;8;48.12
1990-08-11;37.42;8;37.42
1990-08-12;38.02;8;38.02
1990-08-13;38.62;8;38.62
1990-08-14;37.8;8;37.8
1990-08-15;38.54;8;38.54
1990-08-16;33.17;8;33.17
1990-08-17;32.24;8;32.24
1990-08-18;33.94;8;33.94
1990-08-19;33.38;8;33.38
1990-08-20;33.6;8;33.6
1990-08-21;32.61;8;32.61
1990-08-22;31.61;8;31.61
1990-08-23;33.92;8;33.92
1990-08-24;33.37;8;33.37
1990-08-25;32.49;8;32.49
1990-08-26;35.64;8;35.64
1990-08-27;33.05;8;33.05
1990-08-28;33.73;8;33.73
1990-08-29;33.13;8;33.13
1990-08-30;33.58;8;33.58
1990-08-31;32.85;8;32.85
1990-09-01;33.58;9;33.58
1990-09-02;34.16;9;34.16
1990-09-03;33.51;9;33.51
1990-09-04;34.32;9;34.32
1990-09-05;27.66;9;27.66
1990-09-06;26.63;9;26.63
1990-09-07;26.67;9;26.67
1990-09-08;26.21;9;26.21
1990-09-09;27.32;9;27.32
1990-09-10;26.48;9;26.48
1990-09-11;18.93;9;18.93
1990-09-12;11.35;9;11.35
1990-09-13;14.8;9;14.8
1990-09-14;14.41;9;14.41
1990-09-15;15.45;9;15.45
1990-09-16;15.28;9;15.28
1990-09-17;13.77;9;13.77
1990-09-18;15.15;9;15.15
1990-09-19;15.18;9;15.18
1990-09-20;14.73;9;14.73
1990-09-21;14.78;9;14.78
1990-09-22;15.27;9;15.27
1990-09-23;15.1;9;15.1
1990-09-24;14.87;9;14.87
1990-09-25;15.03;9;15.03
1990-09-26;14.74;9;14.74
1990-09-27;15.07;9;15.07
1990-09-28;14.91;9;14.91
1990-09-29;15.07;9;15.07
1990-09-30;16.0;9;16.0
1990-10-01;21.82;10;21.82
1990-10-02;25.93;10;25.93
1990-10-03;18.92;10;18.92
1990-10-04;11.0;10;11.0
1990-10-05;11.0;10;11.0
1990-10-06;14.33;10;14.33
1990-10-07;14.39;10;14.39
1990-10-08;13.99;10;13.99
1990-10-09;13.27;10;13.27
1990-10-10;13.42;10;13.42
1990-10-11;10.75;10;10.75
1990-10-12;24.51;10;24.51
1990-10-13;22.83;10;22.83
1990-10-14;22.75;10;22.75
1990-10-15;25.79;10;25.79
1990-10-16;31.98;10;31.98
1990-10-17;33.09;10;33.09
1990-10-18;37.79;10;37.79
1990-10-19;29.17;10;29.17
1990-10-20;27.53;10;27.53
1990-10-21;27.54;10;27.54
1990-10-22;27.67;10;27.67
1990-10-23;25.16;10;25.16
1990-10-24;24.04;10;24.04
1990-10-25;29.36;10;29.36
1990-10-26;36.08;10;36.08
1990-10-27;34.78;10;34.78
1990-10-28;34.54;10;34.54
1990-10-29;34.33;10;34.33
1990-10-30;34.75;10;34.75
1990-10-31;35.62;10;35.62
1990-11-01;34.9;11;34.9
1990-11-02;51.89;11;51.89
1990-11-03;36.04;11;36.04
1990-11-04;38.51;11;38.51
1990-11-05;34.02;11;34.02
1990-11-06;33.87;11;33.87
1990-11-07;33.44;11;33.44
1990-11-08;33.75;11;33.75
1990-11-09;34.29;11;34.29
1990-11-10;37.68;11;37.68
1990-11-11;33.32;11;33.32
1990-11-12;32.98;11;32.98
1990-11-13;35.77;11;35.77
1990-11-14;37.37;11;37.37
1990-11-15;38.54;11;38.54
1990-11-16;59.59;11;59.59
1990-11-17;45.31;11;45.31
1990-11-18;34.43;11;34.43
1990-11-19;68.74;11;68.74
1990-11-20;38.38;11;38.38
1990-11-21;51.12;11;51.12
1990-11-22;55.03;11;55.03
1990-11-23;54.47;11;54.47
1990-11-24;32.82;11;32.82
1990-11-25;38.31;11;38.31
1990-11-26;34.55;11;34.55
1990-11-27;70.12;11;70.12
1990-11-28;35.24;11;35.24
1990-11-29;33.98;11;33.98
1990-11-30;35.56;11;35.56
1990-12-01;35.07;12;35.07
1990-12-02;53.22;12;53.22
1990-12-03;79.04;12;79.04
1990-12-04;83.81;12;83.81
1990-12-05;94.73;12;94.73
1990-12-06;95.16;12;95.16
1990-12-07;89.75;12;89.75
1990-12-08;94.24;12;94.24
1990-12-09;93.94;12;93.94
1990-12-10;93.57;12;93.57
1990-12-11;90.77;12;90.77
1990-12-12;90.09;12;90.09
1990-12-13;89.52;12;89.52
1990-12-14;92.5;12;92.5
1990-12-15;92.5;12;92.5
1990-12-16;92.5;12;92.5
1990-12-17;92.5;12;92.5
1990-12-18;89.38;12;89.38
1990-12-19;36.68;12;36.68
1990-12-20;32.37;12;32.37
1990-12-21;31.78;12;31.78
1990-12-22;31.32;12;31.32
1990-12-23;34.59;12;34.59
1990-12-24;32.33;12;32.33
1990-12-25;30.06;12;30.06
1990-12-26;34.27;12;34.27
1990-12-27;31.29;12;31.29
1990-12-28;35.6;12;35.6
1990-12-29;34.02;12;34.02
1990-12-30;31.7;12;31.7
1990-12-31;35.37;12;35.37
1991-01-01;19.88;1;19.88
1991-01-02;25.78;1;25.78
1991-01-03;27.63;1;27.63
1991-01-04;71.05;1;71.05
1991-01-05;75.15;1;75.15
1991-01-06;82.18;1;82.18
1991-01-07;69.18;1;69.18
1991-01-08;32.45;1;32.45
1991-01-09;62.82;1;62.82
1991-01-10;31.11;1;31.11
1991-01-11;28.39;1;28.39
1991-01-12;42.93;1;42.93
1991-01-13;27.71;1;27.71
1991-01-14;37.68;1;37.68
1991-01-15;84.79;1;84.79
1991-01-16;68.28;1;68.28
1991-01-17;74.08;1;74.08
1991-01-18;25.83;1;25.83
1991-01-19;27.23;1;27.23
1991-01-20;25.59;1;25.59
1991-01-21;24.81;1;24.81
1991-01-22;49.13;1;49.13
1991-01-23;79.89;1;79.89
1991-01-24;36.46;1;36.46
1991-01-25;7.0;1;7.0
1991-01-26;29.88;1;29.88
1991-01-27;26.42;1;26.42
1991-01-28;26.31;1;26.31
1991-01-29;29.03;1;29.03
1991-01-30;41.19;1;41.19
1991-01-31;50.69;1;50.69
1991-02-01;26.21;2;26.21
1991-02-02;27.23;2;27.23
1991-02-03;27.85;2;27.85
1991-02-04;26.46;2;26.46
1991-02-05;28.69;2;28.69
1991-02-06;29.53;2;29.53
1991-02-07;28.38;2;28.38
1991-02-08;18.63;2;18.63
1991-02-09;44.6;2;44.6
1991-02-10;49.45;2;49.45
1991-02-11;27.18;2;27.18
1991-02-12;17.18;2;17.18
1991-02-13;29.47;2;29.47
1991-02-14;26.98;2;26.98
1991-02-15;29.27;2;29.27
1991-02-16;24.76;2;24.76
1991-02-17;21.81;2;21.81
1991-02-18;25.98;2;25.98
1991-02-19;54.76;2;54.76
1991-02-20;63.9;2;63.9
1991-02-21;38.53;2;38.53
1991-02-22;85.69;2;85.69
1991-02-23;87.92;2;87.92
1991-02-24;50.74;2;50.74
1991-02-25;78.38;2;78.38
1991-02-26;74.78;2;74.78
1991-02-27;76.33;2;76.33
1991-02-28;53.08;2;53.08
1991-03-01;77.6;3;77.6
1991-03-02;31.31;3;31.31
1991-03-03;32.23;3;32.23
1991-03-04;39.79;3;39.79
1991-03-05;53.61;3;53.61
1991-03-06;74.88;3;74.88
1991-03-07;66.63;3;66.63
1991-03-08;31.34;3;31.34
1991-03-09;31.55;3;31.55
1991-03-10;32.15;3;32.15
1991-03-11;31.79;3;31.79
1991-03-12;31.5;3;31.5
1991-03-13;50.31;3;50.31
1991-03-14;85.22;3;85.22
1991-03-15;33.37;3;33.37
1991-03-16;87.75;3;87.75
1991-03-17;33.79;3;33.79
1991-03-18;32.3;3;32.3
1991-03-19;30.7;3;30.7
1991-03-20;71.29;3;71.29
1991-03-21;77.19;3;77.19
1991-03-22;72.96;3;72.96
1991-03-23;82.91;3;82.91
1991-03-24;83.62;3;83.62
1991-03-25;64.42;3;64.42
1991-03-26;68.84;3;68.84
1991-03-27;61.58;3;61.58
1991-03-28;71.0;3;71.0
1991-03-29;62.8;3;62.8
1991-03-30;67.46;3;67.46
1991-03-31;84.03;3;84.03
1991-04-01;86.0;4;86.0
1991-04-02;86.0;4;86.0
1991-04-03;86.0;4;86.0
1991-04-04;86.0;4;86.0
1991-04-05;82.92;4;82.92
1991-04-06;85.34;4;85.34
1991-04-07;85.17;4;85.17
1991-04-08;82.84;4;82.84
1991-04-09;85.79;4;85.79
1991-04-10;85.94;4;85.94
1991-04-11;80.03;4;80.03
1991-04-12;83.48;4;83.48
1991-04-13;85.35;4;85.35
1991-04-14;86.0;4;86.0
1991-04-15;84.16;4;84.16
1991-04-16;86.67;4;86.67
1991-04-17;87.85;4;87.85
1991-04-18;87.52;4;87.52
1991-04-19;86.92;4;86.92
1991-04-20;87.5;4;87.5
1991-04-21;86.5;4;86.5
1991-04-22;86.0;4;86.0
1991-04-23;86.0;4;86.0
1991-04-24;86.0;4;86.0
1991-04-25;83.92;4;83.92
1991-04-26;81.43;4;81.43
1991-04-27;82.16;4;82.16
1991-04-28;83.08;4;83.08
1991-04-29;85.96;4;85.96
1991-04-30;84.03;4;84.03
1991-05-01;85.87;5;85.87
1991-05-02;86.75;5;86.75
1991-05-03;86.75;5;86.75
1991-05-04;85.5;5;85.5
1991-05-05;83.98;5;83.98
1991-05-06;73.42;5;73.42
1991-05-07;83.43;5;83.43
1991-05-08;83.44;5;83.44
1991-05-09;85.0;5;85.0
1991-05-10;85.0;5;85.0
1991-05-11;85.0;5;85.0
1991-05-12;85.0;5;85.0
1991-05-13;61.92;5;61.92
1991-05-14;73.05;5;73.05
1991-05-15;59.21;5;59.21
1991-05-16;48.12;5;48.12
1991-05-17;57.74;5;57.74
1991-05-18;27.16;5;27.16
1991-05-19;32.11;5;32.11
1991-05-20;43.15;5;43.15
1991-05-21;50.29;5;50.29
1991-05-22;60.17;5;60.17
1991-05-23;59.2;5;59.2
1991-05-24;60.4;5;60.4
1991-05-25;60.4;5;60.4
1991-05-26;60.3;5;60.3
1991-05-27;59.1;5;59.1
1991-05-28;59.42;5;59.42
1991-05-29;60.35;5;60.35
1991-05-30;58.6;5;58.6
1991-05-31;26.22;5;26.22
1991-06-01;27.0;6;27.0
1991-06-02;24.3;6;24.3
1991-06-03;24.32;6;24.32
1991-06-04;24.42;6;24.42
1991-06-05;41.81;6;41.81
1991-06-06;25.53;6;25.53
1991-06-07;25.25;6;25.25
1991-06-08;27.04;6;27.04
1991-06-09;48.99;6;48.99
1991-06-10;61.2;6;61.2
1991-06-11;61.2;6;61.2
1991-06-12;61.2;6;61.2
1991-06-13;26.07;6;26.07
1991-06-14;24.73;6;24.73
1991-06-15;23.66;6;23.66
1991-06-16;24.77;6;24.77
1991-06-17;30.87;6;30.87
1991-06-18;26.47;6;26.47
1991-06-19;56.25;6;56.25
1991-06-20;63.75;6;63.75
1991-06-21;73.69;6;73.69
1991-06-22;67.42;6;67.42
1991-06-23;66.68;6;66.68
1991-06-24;67.47;6;67.47
1991-06-25;67.36;6;67.36
1991-06-26;66.9;6;66.9
1991-06-27;67.78;6;67.78
1991-06-28;70.67;6;70.67
1991-06-29;72.83;6;72.83
1991-06-30;63.57;6;63.57
1991-07-01;64.98;7;64.98
1991-07-02;58.57;7;58.57
1991-07-03;69.54;7;69.54
1991-07-04;28.03;7;28.03
1991-07-05;30.91;7;30.91
1991-07-06;29.54;7;29.54
1991-07-07;28.77;7;28.77
1991-07-08;29.6;7;29.6
1991-07-09;26.51;7;26.51
1991-07-10;26.05;7;26.05
1991-07-11;27.55;7;27.55
1991-07-12;26.9;7;26.9
1991-07-13;26.48;7;26.48
1991-07-14;27.26;7;27.26
1991-07-15;26.31;7;26.31
1991-07-16;30.6;7;30.6
1991-07-17;26.12;7;26.12
1991-07-18;26.42;7;26.42
1991-07-19;27.38;7;27.38
1991-07-20;27.33;7;27.33
1991-07-21;26.22;7;26.22
1991-07-22;26.52;7;26.52
1991-07-23;26.43;7;26.43
1991-07-24;27.23;7;27.23
1991-07-25;26.99;7;26.99
1991-07-26;27.53;7;27.53
1991-07-27;29.1;7;29.1
1991-07-28;29.67;7;29.67
1991-07-29;31.07;7;31.07
1991-07-30;31.0;7;31.0
1991-07-31;30.51;7;30.51
1991-08-01;30.74;8;30.74
1991-08-02;30.01;8;30.01
1991-08-03;28.6;8;28.6
1991-08-04;29.16;8;29.16
1991-08-05;30.46;8;30.46
1991-08-06;29.31;8;29.31
1991-08-07;31.86;8;31.86
1991-08-08;30.49;8;30.49
1991-08-09;29.02;8;29.02
1991-08-10;28.92;8;28.92
1991-08-11;27.14;8;27.14
1991-08-12;29.12;8;29.12
1991-08-13;29.01;8;29.01
1991-08-14;31.24;8;31.24
1991-08-15;30.44;8;30.44
1991-08-16;27.69;8;27.69
1991-08-17;27.17;8;27.17
1991-08-18;28.74;8;28.74
1991-08-19;26.13;8;26.13
1991-08-20;25.96;8;25.96
1991-08-21;27.24;8;27.24
1991-08-22;31.14;8;31.14
1991-08-23;28.68;8;28.68
1991-08-24;28.12;8;28.12
1991-08-25;28.03;8;28.03
1991-08-26;2.3;8;2.3
1991-08-27;1.7;8;1.7
1991-08-28;1.6;8;1.6
1991-08-29;1.6;8;1.6
1991-08-30;2.95;8;2.95
1991-08-31;1.6;8;1.6
1991-09-01;1.4;9;1.4
1991-09-02;1.2;9;1.2
1991-09-03;1.2;9;1.2
1991-09-04;1.2;9;1.2
1991-09-05;1.2;9;1.2
1991-09-06;1.2;9;1.2
1991-09-07;1.2;9;1.2
1991-09-08;34.67;9;34.67
1991-09-09;28.26;9;28.26
1991-09-10;28.68;9;28.68
1991-09-11;28.06;9;28.06
1991-09-12;27.98;9;27.98
1991-09-13;27.68;9;27.68
1991-09-14;27.42;9;27.42
1991-09-15;30.07;9;30.07
1991-09-16;29.4;9;29.4
1991-09-17;28.49;9;28.49
1991-09-18;29.34;9;29.34
1991-09-19;29.65;9;29.65
1991-09-20;29.83;9;29.83
1991-09-21;27.5;9;27.5
1991-09-22;27.8;9;27.8
1991-09-23;27.88;9;27.88
1991-09-24;28.26;9;28.26
1991-09-25;28.56;9;28.56
1991-09-26;29.25;9;29.25
1991-09-27;28.09;9;28.09
1991-09-28;28.84;9;28.84
1991-09-29;25.4;9;25.4
1991-09-30;24.8;9;24.8
1991-10-01;26.98;10;26.98
1991-10-02;27.6;10;27.6
1991-10-03;45.5;10;45.5
1991-10-04;26.29;10;26.29
1991-10-05;27.24;10;27.24
1991-10-06;27.39;10;27.39
1991-10-07;25.65;10;25.65
1991-10-08;25.13;10;25.13
1991-10-09;28.07;10;28.07
1991-10-10;27.81;10;27.81
1991-10-11;26.63;10;26.63
1991-10-12;26.95;10;26.95
1991-10-13;24.56;10;24.56
1991-10-14;26.32;10;26.32
1991-10-15;25.25;10;25.25
1991-10-16;26.37;10;26.37
1991-10-17;26.77;10;26.77
1991-10-18;61.73;10;61.73
1991-10-19;60.4;10;60.4
1991-10-20;31.5;10;31.5
1991-10-21;52.57;10;52.57
1991-10-22;49.04;10;49.04
1991-10-23;48.42;10;48.42
1991-10-24;49.96;10;49.96
1991-10-25;49.73;10;49.73
1991-10-26;58.75;10;58.75
1991-10-27;54.41;10;54.41
1991-10-28;50.1;10;50.1
1991-10-29;28.42;10;28.42
1991-10-30;48.38;10;48.38
1991-10-31;24.72;10;24.72
1991-11-01;45.88;11;45.88
1991-11-02;25.67;11;25.67
1991-11-03;26.29;11;26.29
1991-11-04;26.3;11;26.3
1991-11-05;25.4;11;25.4
1991-11-06;24.59;11;24.59
1991-11-07;24.87;11;24.87
1991-11-08;25.33;11;25.33
1991-11-09;41.66;11;41.66
1991-11-10;32.97;11;32.97
1991-11-11;22.1;11;22.1
1991-11-12;23.25;11;23.25
1991-11-13;24.76;11;24.76
1991-11-14;22.87;11;22.87
1991-11-15;31.76;11;31.76
1991-11-16;22.27;11;22.27
1991-11-17;24.92;11;24.92
1991-11-18;24.96;11;24.96
1991-11-19;24.51;11;24.51
1991-11-20;50.36;11;50.36
1991-11-21;61.51;11;61.51
1991-11-22;62.89;11;62.89
1991-11-23;61.93;11;61.93
1991-11-24;62.0;11;62.0
1991-11-25;51.65;11;51.65
1991-11-26;51.44;11;51.44
1991-11-27;56.53;11;56.53
1991-11-28;47.8;11;47.8
1991-11-29;57.68;11;57.68
1991-11-30;35.31;11;35.31
1991-12-01;-999.000;12;38.0
1991-12-02;46.25;12;46.25
1991-12-03;51.94;12;51.94
1991-12-04;56.25;12;56.25
1991-12-05;55.93;12;55.93
1991-12-06;55.25;12;55.25
1991-12-07;45.09;12;45.09
1991-12-08;32.45;12;32.45
1991-12-09;47.3;12;47.3
1991-12-10;57.2;12;57.2
1991-12-11;54.85;12;54.85
1991-12-12;48.02;12;48.02
1991-12-13;57.07;12;57.07
1991-12-14;56.65;12;56.65
1991-12-15;52.8;12;52.8
1991-12-16;53.81;12;53.81
1991-12-17;57.13;12;57.13
1991-12-18;51.4;12;51.4
1991-12-19;57.33;12;57.33
1991-12-20;56.8;12;56.8
1991-12-21;59.87;12;59.87
1991-12-22;77.97;12;77.97
1991-12-23;77.19;12;77.19
1991-12-24;60.43;12;60.43
1991-12-25;80.0;12;80.0
1991-12-26;79.02;12;79.02
1991-12-27;80.0;12;80.0
1991-12-28;80.73;12;80.73
1991-12-29;81.5;12;81.5
1991-12-30;77.82;12;77.82
1991-12-31;77.58;12;77.58
1992-01-01;85.5;1;85.5
1992-01-02;83.2;1;83.2
1992-01-03;86.0;1;86.0
1992-01-04;85.5;1;85.5
1992-01-05;85.8;1;85.8
1992-01-06;85.9;1;85.9
1992-01-07;86.0;1;86.0
1992-01-08;86.0;1;86.0
1992-01-09;84.6;1;84.6
1992-01-10;84.8;1;84.8
1992-01-11;81.5;1;81.5
1992-01-12;39.7;1;39.7
1992-01-13;77.4;1;77.4
1992-01-14;77.8;1;77.8
1992-01-15;68.7;1;68.7
1992-01-16;76.5;1;76.5
1992-01-17;71.6;1;71.6
1992-01-18;76.2;1;76.2
1992-01-19;66.6;1;66.6
1992-01-20;72.4;1;72.4
1992-01-21;76.8;1;76.8
1992-01-22;75.8;1;75.8
1992-01-23;74.2;1;74.2
1992-01-24;74.0;1;74.0
1992-01-25;73.5;1;73.5
1992-01-26;83.1;1;83.1
1992-01-27;83.3;1;83.3
1992-01-28;84.4;1;84.4
1992-01-29;89.9;1;89.9
1992-01-30;89.0;1;89.0
1992-01-31;85.7;1;85.7
1992-02-01;87.0;2;87.0
1992-02-02;88.1;2;88.1
1992-02-03;89.5;2;89.5
1992-02-04;86.3;2;86.3
1992-02-05;91.0;2;91.0
1992-02-06;91.0;2;91.0
1992-02-07;47.8;2;47.8
1992-02-08;91.5;2;91.5
1992-02-09;48.0;2;48.0
1992-02-10;91.0;2;91.0
1992-02-11;93.5;2;93.5
1992-02-12;93.5;2;93.5
1992-02-13;95.0;2;95.0
1992-02-14;95.0;2;95.0
1992-02-15;95.0;2;95.0
1992-02-16;95.0;2;95.0
1992-02-17;95.5;2;95.5
1992-02-18;96.0;2;96.0
1992-02-19;81.9;2;81.9
1992-02-20;96.5;2;96.5
1992-02-21;95.5;2;95.5
1992-02-22;95.5;2;95.5
1992-02-23;95.0;2;95.0
1992-02-24;94.0;2;94.0
1992-02-25;83.8;2;83.8
1992-02-26;94.5;2;94.5
1992-02-27;94.5;2;94.5
1992-02-28;99.0;2;99.0
1992-02-29;97.5;2;97.5
1992-03-01;97.0;3;97.0
1992-03-02;98.0;3;98.0
1992-03-03;96.0;3;96.0
1992-03-04;97.0;3;97.0
1992-03-05;64.5;3;64.5
1992-03-06;63.9;3;63.9
1992-03-07;62.8;3;62.8
1992-03-08;76.0;3;76.0
1992-03-09;76.0;3;76.0
1992-03-10;105.0;3;105.0
1992-03-11;105.5;3;105.5
1992-03-12;105.0;3;105.0
1992-03-13;104.0;3;104.0
1992-03-14;76.4;3;76.4
1992-03-15;41.0;3;41.0
1992-03-16;47.3;3;47.3
1992-03-17;53.2;3;53.2
1992-03-18;12.0;3;12.0
1992-03-19;12.0;3;12.0
1992-03-20;53.2;3;53.2
1992-03-21;53.2;3;53.2
1992-03-22;61.0;3;61.0
1992-03-23;57.5;3;57.5
1992-03-24;60.0;3;60.0
1992-03-25;98.0;3;98.0
1992-03-26;85.2;3;85.2
1992-03-27;91.0;3;91.0
1992-03-28;91.0;3;91.0
1992-03-29;66.5;3;66.5
1992-03-30;87.1;3;87.1
1992-03-31;91.0;3;91.0
1992-04-01;95.0;4;95.0
1992-04-02;34.8;4;34.8
1992-04-03;8.3;4;8.3
1992-04-04;9.8;4;9.8
1992-04-05;11.4;4;11.4
1992-04-06;9.1;4;9.1
1992-04-07;11.2;4;11.2
1992-04-08;8.4;4;8.4
1992-04-09;8.4;4;8.4
1992-04-10;8.7;4;8.7
1992-04-11;8.7;4;8.7
1992-04-12;8.9;4;8.9
1992-04-13;8.7;4;8.7
1992-04-14;8.7;4;8.7
1992-04-15;8.7;4;8.7
1992-04-16;8.9;4;8.9
1992-04-17;8.7;4;8.7
1992-04-18;9.0;4;9.0
1992-04-19;8.7;4;8.7
1992-04-20;8.8;4;8.8
1992-04-21;8.7;4;8.7
1992-04-22;11.4;4;11.4
1992-04-23;9.0;4;9.0
1992-04-24;9.3;4;9.3
1992-04-25;8.4;4;8.4
1992-04-26;8.5;4;8.5
1992-04-27;15.2;4;15.2
1992-04-28;15.7;4;15.7
1992-04-29;16.5;4;16.5
1992-04-30;16.4;4;16.4
1992-05-01;9.2;5;9.2
1992-05-02;7.7;5;7.7
1992-05-03;6.6;5;6.6
1992-05-04;7.6;5;7.6
1992-05-05;5.2;5;5.2
1992-05-06;19.1;5;19.1
1992-05-07;12.9;5;12.9
1992-05-08;16.3;5;16.3
1992-05-09;9.9;5;9.9
1992-05-10;14.3;5;14.3
1992-05-11;24.9;5;24.9
1992-05-12;20.8;5;20.8
1992-05-13;21.7;5;21.7
1992-05-14;16.3;5;16.3
1992-05-15;19.1;5;19.1
1992-05-16;18.2;5;18.2
1992-05-17;6.9;5;6.9
1992-05-18;6.9;5;6.9
1992-05-19;10.5;5;10.5
1992-05-20;10.5;5;10.5
1992-05-21;8.4;5;8.4
1992-05-22;8.0;5;8.0
1992-05-23;6.9;5;6.9
1992-05-24;8.1;5;8.1
1992-05-25;9.3;5;9.3
1992-05-26;9.3;5;9.3
1992-05-27;9.3;5;9.3
1992-05-28;9.3;5;9.3
1992-05-29;8.1;5;8.1
1992-05-30;8.1;5;8.1
1992-05-31;8.6;5;8.6
1992-06-01;7.8;6;7.8
1992-06-02;15.2;6;15.2
1992-06-03;16.0;6;16.0
1992-06-04;21.3;6;21.3
1992-06-05;13.2;6;13.2
1992-06-06;15.7;6;15.7
1992-06-07;7.9;6;7.9
1992-06-08;15.8;6;15.8
1992-06-09;16.3;6;16.3
1992-06-10;16.5;6;16.5
1992-06-11;11.2;6;11.2
1992-06-12;10.2;6;10.2
1992-06-13;9.5;6;9.5
1992-06-14;8.3;6;8.3
1992-06-15;10.2;6;10.2
1992-06-16;10.2;6;10.2
1992-06-17;11.2;6;11.2
1992-06-18;6.9;6;6.9
1992-06-19;6.9;6;6.9
1992-06-20;5.8;6;5.8
1992-06-21;19.3;6;19.3
1992-06-22;19.3;6;19.3
1992-06-23;17.5;6;17.5
1992-06-24;6.5;6;6.5
1992-06-25;19.0;6;19.0
1992-06-26;6.1;6;6.1
1992-06-27;17.5;6;17.5
1992-06-28;17.5;6;17.5
1992-06-29;7.6;6;7.6
1992-06-30;9.3;6;9.3
1992-07-01;7.6;7;7.6
1992-07-02;59.6;7;59.6
1992-07-03;59.2;7;59.2
1992-07-04;32.5;7;32.5
1992-07-05;33.0;7;33.0
1992-07-06;35.8;7;35.8
1992-07-07;60.4;7;60.4
1992-07-08;60.4;7;60.4
1992-07-09;43.8;7;43.8
1992-07-10;33.5;7;33.5
1992-07-11;38.6;7;38.6
1992-07-12;7.8;7;7.8
1992-07-13;7.7;7;7.7
1992-07-14;6.5;7;6.5
1992-07-15;8.1;7;8.1
1992-07-16;7.0;7;7.0
1992-07-17;7.0;7;7.0
1992-07-18;7.0;7;7.0
1992-07-19;7.0;7;7.0
1992-07-20;7.0;7;7.0
1992-07-21;7.6;7;7.6
1992-07-22;6.9;7;6.9
1992-07-23;7.1;7;7.1
1992-07-24;15.4;7;15.4
1992-07-25;14.2;7;14.2
1992-07-26;13.7;7;13.7
1992-07-27;14.4;7;14.4
1992-07-28;13.7;7;13.7
1992-07-29;14.4;7;14.4
1992-07-30;13.8;7;13.8
1992-07-31;14.0;7;14.0
1992-08-01;14.4;8;14.4
1992-08-02;14.0;8;14.0
1992-08-03;13.9;8;13.9
1992-08-04;14.0;8;14.0
1992-08-05;17.9;8;17.9
1992-08-06;14.3;8;14.3
1992-08-07;14.2;8;14.2
1992-08-08;14.3;8;14.3
1992-08-09;14.4;8;14.4
1992-08-10;14.1;8;14.1
1992-08-11;14.0;8;14.0
1992-08-12;14.4;8;14.4
1992-08-13;12.7;8;12.7
1992-08-14;12.7;8;12.7
1992-08-15;46.0;8;46.0
1992-08-16;12.4;8;12.4
1992-08-17;12.1;8;12.1
1992-08-18;11.7;8;11.7
1992-08-19;12.6;8;12.6
1992-08-20;16.0;8;16.0
1992-08-21;15.8;8;15.8
1992-08-22;9.3;8;9.3
1992-08-23;9.3;8;9.3
1992-08-24;9.3;8;9.3
1992-08-25;14.2;8;14.2
1992-08-26;16.3;8;16.3
1992-08-27;17.8;8;17.8
1992-08-28;17.7;8;17.7
1992-08-29;16.5;8;16.5
1992-08-30;18.5;8;18.5
1992-08-31;22.9;8;22.9
1992-09-01;25.8;9;25.8
1992-09-02;17.6;9;17.6
1992-09-03;17.6;9;17.6
1992-09-04;17.7;9;17.7
1992-09-05;17.8;9;17.8
1992-09-06;17.1;9;17.1
1992-09-07;17.1;9;17.1
1992-09-08;16.5;9;16.5
1992-09-09;17.0;9;17.0
1992-09-10;16.6;9;16.6
1992-09-11;17.1;9;17.1
1992-09-12;16.9;9;16.9
1992-09-13;16.3;9;16.3
1992-09-14;17.1;9;17.1
1992-09-15;22.8;9;22.8
1992-09-16;18.7;9;18.7
1992-09-17;16.9;9;16.9
1992-09-18;15.7;9;15.7
1992-09-19;16.8;9;16.8
1992-09-20;17.2;9;17.2
1992-09-21;16.8;9;16.8
1992-09-22;16.1;9;16.1
1992-09-23;16.6;9;16.6
1992-09-24;16.9;9;16.9
1992-09-25;15.6;9;15.6
1992-09-26;15.9;9;15.9
1992-09-27;15.4;9;15.4
1992-09-28;16.0;9;16.0
1992-09-29;14.9;9;14.9
1992-09-30;15.1;9;15.1
1992-10-01;15.9;10;15.9
1992-10-02;15.4;10;15.4
1992-10-03;15.5;10;15.5
1992-10-04;15.7;10;15.7
1992-10-05;16.2;10;16.2
1992-10-06;17.0;10;17.0
1992-10-07;15.7;10;15.7
1992-10-08;15.7;10;15.7
1992-10-09;16.0;10;16.0
1992-10-10;15.6;10;15.6
1992-10-11;15.6;10;15.6
1992-10-12;16.2;10;16.2
1992-10-13;18.0;10;18.0
1992-10-14;16.4;10;16.4
1992-10-15;15.7;10;15.7
1992-10-16;15.7;10;15.7
1992-10-17;13.1;10;13.1
1992-10-18;14.3;10;14.3
1992-10-19;13.7;10;13.7
1992-10-20;42.0;10;42.0
1992-10-21;14.2;10;14.2
1992-10-22;53.0;10;53.0
1992-10-23;13.6;10;13.6
1992-10-24;13.6;10;13.6
1992-10-25;14.3;10;14.3
1992-10-26;13.7;10;13.7
1992-10-27;13.8;10;13.8
1992-10-28;13.7;10;13.7
1992-10-29;13.9;10;13.9
1992-10-30;12.0;10;12.0
1992-10-31;13.6;10;13.6
1992-11-01;16.4;11;16.4
1992-11-02;13.2;11;13.2
1992-11-03;12.4;11;12.4
1992-11-04;12.6;11;12.6
1992-11-05;12.8;11;12.8
1992-11-06;9.4;11;9.4
1992-11-07;9.1;11;9.1
1992-11-08;9.3;11;9.3
1992-11-09;9.1;11;9.1
1992-11-10;9.3;11;9.3
1992-11-11;9.1;11;9.1
1992-11-12;9.2;11;9.2
1992-11-13;9.1;11;9.1
1992-11-14;14.4;11;14.4
1992-11-15;19.3;11;19.3
1992-11-16;16.9;11;16.9
1992-11-17;66.8;11;66.8
1992-11-18;83.7;11;83.7
1992-11-19;69.5;11;69.5
1992-11-20;84.6;11;84.6
1992-11-21;84.1;11;84.1
1992-11-22;11.6;11;11.6
1992-11-23;19.0;11;19.0
1992-11-24;23.4;11;23.4
1992-11-25;47.9;11;47.9
1992-11-26;77.7;11;77.7
1992-11-27;58.8;11;58.8
1992-11-28;95.9;11;95.9
1992-11-29;102.6;11;102.6
1992-11-30;97.5;11;97.5
1992-12-01;95.3;12;95.3
1992-12-02;14.8;12;14.8
1992-12-03;14.2;12;14.2
1992-12-04;15.0;12;15.0
1992-12-05;15.0;12;15.0
1992-12-06;15.0;12;15.0
1992-12-07;14.5;12;14.5
1992-12-08;15.0;12;15.0
1992-12-09;17.0;12;17.0
1992-12-10;14.1;12;14.1
1992-12-11;14.4;12;14.4
1992-12-12;14.0;12;14.0
1992-12-13;14.0;12;14.0
1992-12-14;30.4;12;30.4
1992-12-15;33.5;12;33.5
1992-12-16;73.4;12;73.4
1992-12-17;14.7;12;14.7
1992-12-18;14.9;12;14.9
1992-12-19;14.6;12;14.6
1992-12-20;15.2;12;15.2
1992-12-21;14.7;12;14.7
1992-12-22;34.6;12;34.6
1992-12-23;26.1;12;26.1
1992-12-24;31.3;12;31.3
1992-12-25;43.6;12;43.6
1992-12-26;38.1;12;38.1
1992-12-27;39.5;12;39.5
1992-12-28;38.9;12;38.9
1992-12-29;19.0;12;19.0
1992-12-30;18.4;12;18.4
1992-12-31;18.0;12;18.0
1993-01-01;18.73;1;18.73
1993-01-02;16.04;1;16.04
1993-01-03;15.27;1;15.27
1993-01-04;14.75;1;14.75
1993-01-05;17.88;1;17.88
1993-01-06;24.91;1;24.91
1993-01-07;23.43;1;23.43
1993-01-08;19.45;1;19.45
1993-01-09;59.58;1;59.58
1993-01-10;57.36;1;57.36
1993-01-11;89.0;1;89.0
1993-01-12;45.56;1;45.56
1993-01-13;27.77;1;27.77
1993-01-14;18.43;1;18.43
1993-01-15;22.03;1;22.03
1993-01-16;18.8;1;18.8
1993-01-17;69.73;1;69.73
1993-01-18;24.48;1;24.48
1993-01-19;24.37;1;24.37
1993-01-20;19.25;1;19.25
1993-01-21;19.01;1;19.01
1993-01-22;24.25;1;24.25
1993-01-23;24.61;1;24.61
1993-01-24;38.68;1;38.68
1993-01-25;21.88;1;21.88
1993-01-26;24.43;1;24.43
1993-01-27;18.06;1;18.06
1993-01-28;16.32;1;16.32
1993-01-29;23.92;1;23.92
1993-01-30;57.3;1;57.3
1993-01-31;19.04;1;19.04
1993-02-01;26.64;2;26.64
1993-02-02;21.9;2;21.9
1993-02-03;16.87;2;16.87
1993-02-04;27.4;2;27.4
1993-02-05;57.4;2;57.4
1993-02-06;49.94;2;49.94
1993-02-07;89.91;2;89.91
1993-02-08;87.29;2;87.29
1993-02-09;30.3;2;30.3
1993-02-10;45.22;2;45.22
1993-02-11;41.69;2;41.69
1993-02-12;30.16;2;30.16
1993-02-13;46.91;2;46.91
1993-02-14;22.49;2;22.49
1993-02-15;31.38;2;31.38
1993-02-16;26.17;2;26.17
1993-02-17;25.96;2;25.96
1993-02-18;20.26;2;20.26
1993-02-19;28.2;2;28.2
1993-02-20;23.91;2;23.91
1993-02-21;14.05;2;14.05
1993-02-22;20.24;2;20.24
1993-02-23;5.87;2;5.87
1993-02-24;14.68;2;14.68
1993-02-25;14.19;2;14.19
1993-02-26;13.6;2;13.6
1993-02-27;22.64;2;22.64
1993-02-28;80.07;2;80.07
1993-03-01;44.39;3;44.39
1993-03-02;31.71;3;31.71
1993-03-03;71.66;3;71.66
1993-03-04;88.77;3;88.77
1993-03-05;84.77;3;84.77
1993-03-06;85.52;3;85.52
1993-03-07;86.75;3;86.75
1993-03-08;86.49;3;86.49
1993-03-09;87.15;3;87.15
1993-03-10;88.27;3;88.27
1993-03-11;95.0;3;95.0
1993-03-12;94.5;3;94.5
1993-03-13;95.0;3;95.0
1993-03-14;95.0;3;95.0
1993-03-15;95.0;3;95.0
1993-03-16;94.5;3;94.5
1993-03-17;94.5;3;94.5
1993-03-18;95.0;3;95.0
1993-03-19;95.0;3;95.0
1993-03-20;94.5;3;94.5
1993-03-21;90.0;3;90.0
1993-03-22;95.0;3;95.0
1993-03-23;78.0;3;78.0
1993-03-24;36.25;3;36.25
1993-03-25;74.0;3;74.0
1993-03-26;73.5;3;73.5
1993-03-27;73.5;3;73.5
1993-03-28;73.5;3;73.5
1993-03-29;74.0;3;74.0
1993-03-30;74.0;3;74.0
1993-03-31;74.0;3;74.0
1993-04-01;85.0;4;85.0
1993-04-02;71.5;4;71.5
1993-04-03;71.5;4;71.5
1993-04-04;36.25;4;36.25
1993-04-05;74.0;4;74.0
1993-04-06;35.0;4;35.0
1993-04-07;43.75;4;43.75
1993-04-08;43.75;4;43.75
1993-04-09;27.0;4;27.0
1993-04-10;39.75;4;39.75
1993-04-11;43.75;4;43.75
1993-04-12;43.75;4;43.75
1993-04-13;43.75;4;43.75
1993-04-14;43.75;4;43.75
1993-04-15;75.5;4;75.5
1993-04-16;82.62;4;82.62
1993-04-17;35.0;4;35.0
1993-04-18;64.0;4;64.0
1993-04-19;75.0;4;75.0
1993-04-20;71.5;4;71.5
1993-04-21;71.5;4;71.5
1993-04-22;85.0;4;85.0
1993-04-23;85.0;4;85.0
1993-04-24;85.0;4;85.0
1993-04-25;12.0;4;12.0
1993-04-26;48.5;4;48.5
1993-04-27;31.0;4;31.0
1993-04-28;48.5;4;48.5
1993-04-29;27.24;4;27.24
1993-04-30;84.32;4;84.32
1993-05-01;64.77;5;64.77
1993-05-02;90.5;5;90.5
1993-05-03;74.22;5;74.22
1993-05-04;87.1;5;87.1
1993-05-05;86.37;5;86.37
1993-05-06;87.27;5;87.27
1993-05-07;85.48;5;85.48
1993-05-08;86.98;5;86.98
1993-05-09;88.42;5;88.42
1993-05-10;85.5;5;85.5
1993-05-11;84.17;5;84.17
1993-05-12;86.75;5;86.75
1993-05-13;69.32;5;69.32
1993-05-14;51.93;5;51.93
1993-05-15;21.3;5;21.3
1993-05-16;69.73;5;69.73
1993-05-17;67.48;5;67.48
1993-05-18;73.82;5;73.82
1993-05-19;87.31;5;87.31
1993-05-20;87.2;5;87.2
1993-05-21;87.86;5;87.86
1993-05-22;86.6;5;86.6
1993-05-23;88.83;5;88.83
1993-05-24;87.84;5;87.84
1993-05-25;87.22;5;87.22
1993-05-26;89.32;5;89.32
1993-05-27;86.7;5;86.7
1993-05-28;88.19;5;88.19
1993-05-29;87.0;5;87.0
1993-05-30;87.0;5;87.0
1993-05-31;86.5;5;86.5
1993-06-01;87.25;6;87.25
1993-06-02;84.15;6;84.15
1993-06-03;86.75;6;86.75
1993-06-04;81.84;6;81.84
1993-06-05;86.6;6;86.6
1993-06-06;61.89;6;61.89
1993-06-07;66.74;6;66.74
1993-06-08;72.99;6;72.99
1993-06-09;68.42;6;68.42
1993-06-10;63.28;6;63.28
1993-06-11;65.53;6;65.53
1993-06-12;30.16;6;30.16
1993-06-13;21.2;6;21.2
1993-06-14;21.15;6;21.15
1993-06-15;41.98;6;41.98
1993-06-16;24.01;6;24.01
1993-06-17;24.44;6;24.44
1993-06-18;32.31;6;32.31
1993-06-19;44.99;6;44.99
1993-06-20;47.66;6;47.66
1993-06-21;37.29;6;37.29
1993-06-22;44.15;6;44.15
1993-06-23;69.97;6;69.97
1993-06-24;45.91;6;45.91
1993-06-25;51.55;6;51.55
1993-06-26;36.12;6;36.12
1993-06-27;35.9;6;35.9
1993-06-28;41.36;6;41.36
1993-06-29;79.3;6;79.3
1993-06-30;71.14;6;71.14
1993-07-01;73.02;7;73.02
1993-07-02;70.9;7;70.9
1993-07-03;49.33;7;49.33
1993-07-04;63.85;7;63.85
1993-07-05;62.67;7;62.67
1993-07-06;69.03;7;69.03
1993-07-07;66.96;7;66.96
1993-07-08;69.23;7;69.23
1993-07-09;63.07;7;63.07
1993-07-10;63.47;7;63.47
1993-07-11;64.23;7;64.23
1993-07-12;64.54;7;64.54
1993-07-13;60.49;7;60.49
1993-07-14;63.82;7;63.82
1993-07-15;63.64;7;63.64
1993-07-16;64.22;7;64.22
1993-07-17;34.63;7;34.63
1993-07-18;42.57;7;42.57
1993-07-19;42.79;7;42.79
1993-07-20;42.76;7;42.76
1993-07-21;41.33;7;41.33
1993-07-22;40.72;7;40.72
1993-07-23;44.13;7;44.13
1993-07-24;43.34;7;43.34
1993-07-25;40.29;7;40.29
1993-07-26;39.05;7;39.05
1993-07-27;29.37;7;29.37
1993-07-28;45.28;7;45.28
1993-07-29;43.94;7;43.94
1993-07-30;49.89;7;49.89
1993-07-31;39.77;7;39.77
1993-08-01;37.74;8;37.74
1993-08-02;37.59;8;37.59
1993-08-03;38.55;8;38.55
1993-08-04;36.86;8;36.86
1993-08-05;38.02;8;38.02
1993-08-06;30.71;8;30.71
1993-08-07;33.17;8;33.17
1993-08-08;29.94;8;29.94
1993-08-09;31.97;8;31.97
1993-08-10;28.2;8;28.2
1993-08-11;32.5;8;32.5
1993-08-12;34.39;8;34.39
1993-08-13;34.02;8;34.02
1993-08-14;34.26;8;34.26
1993-08-15;34.21;8;34.21
1993-08-16;37.76;8;37.76
1993-08-17;37.07;8;37.07
1993-08-18;72.55;8;72.55
1993-08-19;41.3;8;41.3
1993-08-20;75.54;8;75.54
1993-08-21;35.6;8;35.6
1993-08-22;54.21;8;54.21
1993-08-23;39.99;8;39.99
1993-08-24;53.09;8;53.09
1993-08-25;51.11;8;51.11
1993-08-26;31.25;8;31.25
1993-08-27;47.61;8;47.61
1993-08-28;38.6;8;38.6
1993-08-29;39.1;8;39.1
1993-08-30;41.49;8;41.49
1993-08-31;40.41;8;40.41
1993-09-01;40.39;9;40.39
1993-09-02;41.52;9;41.52
1993-09-03;42.34;9;42.34
1993-09-04;41.33;9;41.33
1993-09-05;41.2;9;41.2
1993-09-06;43.14;9;43.14
1993-09-07;56.74;9;56.74
1993-09-08;44.56;9;44.56
1993-09-09;41.78;9;41.78
1993-09-10;43.86;9;43.86
1993-09-11;42.23;9;42.23
1993-09-12;38.92;9;38.92
1993-09-13;38.87;9;38.87
1993-09-14;44.56;9;44.56
1993-09-15;38.77;9;38.77
1993-09-16;50.72;9;50.72
1993-09-17;44.45;9;44.45
1993-09-18;46.85;9;46.85
1993-09-19;41.56;9;41.56
1993-09-20;44.6;9;44.6
1993-09-21;45.43;9;45.43
1993-09-22;53.28;9;53.28
1993-09-23;38.96;9;38.96
1993-09-24;43.0;9;43.0
1993-09-25;39.93;9;39.93
1993-09-26;37.64;9;37.64
1993-09-27;41.35;9;41.35
1993-09-28;37.95;9;37.95
1993-09-29;43.44;9;43.44
1993-09-30;42.68;9;42.68
1993-10-01;41.29;10;41.29
1993-10-02;40.73;10;40.73
1993-10-03;39.11;10;39.11
1993-10-04;36.69;10;36.69
1993-10-05;39.14;10;39.14
1993-10-06;43.07;10;43.07
1993-10-07;37.39;10;37.39
1993-10-08;39.08;10;39.08
1993-10-09;39.33;10;39.33
1993-10-10;33.12;10;33.12
1993-10-11;38.05;10;38.05
1993-10-12;37.26;10;37.26
1993-10-13;33.0;10;33.0
1993-10-14;37.39;10;37.39
1993-10-15;39.8;10;39.8
1993-10-16;9.58;10;9.58
1993-10-17;8.7;10;8.7
1993-10-18;22.06;10;22.06
1993-10-19;34.35;10;34.35
1993-10-20;34.33;10;34.33
1993-10-21;61.75;10;61.75
1993-10-22;34.65;10;34.65
1993-10-23;36.29;10;36.29
1993-10-24;34.53;10;34.53
1993-10-25;36.65;10;36.65
1993-10-26;39.31;10;39.31
1993-10-27;35.0;10;35.0
1993-10-28;33.17;10;33.17
1993-10-29;33.12;10;33.12
1993-10-30;34.17;10;34.17
1993-10-31;32.48;10;32.48
1993-11-01;33.39;11;33.39
1993-11-02;33.71;11;33.71
1993-11-03;38.97;11;38.97
1993-11-04;33.12;11;33.12
1993-11-05;33.63;11;33.63
1993-11-06;34.34;11;34.34
1993-11-07;35.04;11;35.04
1993-11-08;33.14;11;33.14
1993-11-09;36.05;11;36.05
1993-11-10;36.24;11;36.24
1993-11-11;36.32;11;36.32
1993-11-12;35.23;11;35.23
1993-11-13;40.97;11;40.97
1993-11-14;36.72;11;36.72
1993-11-15;35.23;11;35.23
1993-11-16;34.89;11;34.89
1993-11-17;33.61;11;33.61
1993-11-18;33.93;11;33.93
1993-11-19;33.76;11;33.76
1993-11-20;34.2;11;34.2
1993-11-21;32.1;11;32.1
1993-11-22;32.2;11;32.2
1993-11-23;38.21;11;38.21
1993-11-24;34.16;11;34.16
1993-11-25;25.41;11;25.41
1993-11-26;32.4;11;32.4
1993-11-27;52.14;11;52.14
1993-11-28;30.53;11;30.53
1993-11-29;27.97;11;27.97
1993-11-30;33.91;11;33.91
1993-12-01;36.86;12;36.86
1993-12-02;35.45;12;35.45
1993-12-03;34.3;12;34.3
1993-12-04;35.52;12;35.52
1993-12-05;38.21;12;38.21
1993-12-06;32.91;12;32.91
1993-12-07;32.55;12;32.55
1993-12-08;32.91;12;32.91
1993-12-09;32.7;12;32.7
1993-12-10;31.89;12;31.89
1993-12-11;31.3;12;31.3
1993-12-12;29.3;12;29.3
1993-12-13;32.06;12;32.06
1993-12-14;31.37;12;31.37
1993-12-15;36.05;12;36.05
1993-12-16;34.33;12;34.33
1993-12-17;30.65;12;30.65
1993-12-18;30.2;12;30.2
1993-12-19;29.18;12;29.18
1993-12-20;28.92;12;28.92
1993-12-21;28.88;12;28.88
1993-12-22;27.86;12;27.86
1993-12-23;28.02;12;28.02
1993-12-24;29.1;12;29.1
1993-12-25;28.99;12;28.99
1993-12-26;29.57;12;29.57
1993-12-27;28.68;12;28.68
1993-12-28;28.35;12;28.35
1993-12-29;28.48;12;28.48
1993-12-30;27.99;12;27.99
1993-12-31;32.16;12;32.16
1994-01-01;18.2;1;18.2
1994-01-02;17.9;1;17.9
1994-01-03;21.4;1;21.4
1994-01-04;34.6;1;34.6
1994-01-05;36.8;1;36.8
1994-01-06;25.9;1;25.9
1994-01-07;29.1;1;29.1
1994-01-08;29.8;1;29.8
1994-01-09;24.0;1;24.0
1994-01-10;21.1;1;21.1
1994-01-11;20.7;1;20.7
1994-01-12;21.6;1;21.6
1994-01-13;55.6;1;55.6
1994-01-14;55.0;1;55.0
1994-01-15;64.4;1;64.4
1994-01-16;29.8;1;29.8
1994-01-17;55.7;1;55.7
1994-01-18;57.8;1;57.8
1994-01-19;67.1;1;67.1
1994-01-20;67.6;1;67.6
1994-01-21;62.1;1;62.1
1994-01-22;67.5;1;67.5
1994-01-23;63.9;1;63.9
1994-01-24;59.3;1;59.3
1994-01-25;64.1;1;64.1
1994-01-26;54.3;1;54.3
1994-01-27;58.0;1;58.0
1994-01-28;47.8;1;47.8
1994-01-29;55.6;1;55.6
1994-01-30;26.7;1;26.7
1994-01-31;42.6;1;42.6
1994-02-01;69.5;2;69.5
1994-02-02;57.6;2;57.6
1994-02-03;69.5;2;69.5
1994-02-04;69.2;2;69.2
1994-02-05;69.0;2;69.0
1994-02-06;70.3;2;70.3
1994-02-07;62.1;2;62.1
1994-02-08;69.9;2;69.9
1994-02-09;68.2;2;68.2
1994-02-10;70.2;2;70.2
1994-02-11;70.2;2;70.2
1994-02-12;70.8;2;70.8
1994-02-13;70.3;2;70.3
1994-02-14;68.0;2;68.0
1994-02-15;70.0;2;70.0
1994-02-16;71.4;2;71.4
1994-02-17;70.7;2;70.7
1994-02-18;71.2;2;71.2
1994-02-19;72.4;2;72.4
1994-02-20;72.9;2;72.9
1994-02-21;73.6;2;73.6
1994-02-22;74.5;2;74.5
1994-02-23;72.8;2;72.8
1994-02-24;72.6;2;72.6
1994-02-25;73.8;2;73.8
1994-02-26;72.4;2;72.4
1994-02-27;73.0;2;73.0
1994-02-28;69.1;2;69.1
1994-03-01;71.0;3;71.0
1994-03-02;72.6;3;72.6
1994-03-03;73.6;3;73.6
1994-03-04;73.6;3;73.6
1994-03-05;63.6;3;63.6
1994-03-06;25.0;3;25.0
1994-03-07;62.4;3;62.4
1994-03-08;48.7;3;48.7
1994-03-09;59.4;3;59.4
1994-03-10;62.8;3;62.8
1994-03-11;71.2;3;71.2
1994-03-12;47.8;3;47.8
1994-03-13;69.4;3;69.4
1994-03-14;61.9;3;61.9
1994-03-15;75.0;3;75.0
1994-03-16;72.4;3;72.4
1994-03-17;71.2;3;71.2
1994-03-18;70.3;3;70.3
1994-03-19;72.2;3;72.2
1994-03-20;70.6;3;70.6
1994-03-21;71.2;3;71.2
1994-03-22;72.4;3;72.4
1994-03-23;70.3;3;70.3
1994-03-24;69.3;3;69.3
1994-03-25;63.6;3;63.6
1994-03-26;47.6;3;47.6
1994-03-27;72.4;3;72.4
1994-03-28;59.1;3;59.1
1994-03-29;75.4;3;75.4
1994-03-30;90.0;3;90.0
1994-03-31;92.0;3;92.0
1994-04-01;36.3;4;36.3
1994-04-02;38.1;4;38.1
1994-04-03;36.6;4;36.6
1994-04-04;93.4;4;93.4
1994-04-05;89.2;4;89.2
1994-04-06;92.9;4;92.9
1994-04-07;93.0;4;93.0
1994-04-08;93.0;4;93.0
1994-04-09;94.0;4;94.0
1994-04-10;92.6;4;92.6
1994-04-11;93.5;4;93.5
1994-04-12;91.4;4;91.4
1994-04-13;91.5;4;91.5
1994-04-14;92.5;4;92.5
1994-04-15;92.5;4;92.5
1994-04-16;91.9;4;91.9
1994-04-17;92.5;4;92.5
1994-04-18;91.6;4;91.6
1994-04-19;90.7;4;90.7
1994-04-20;92.5;4;92.5
1994-04-21;83.4;4;83.4
1994-04-22;79.7;4;79.7
1994-04-23;76.0;4;76.0
1994-04-24;90.5;4;90.5
1994-04-25;78.2;4;78.2
1994-04-26;61.6;4;61.6
1994-04-27;68.6;4;68.6
1994-04-28;73.3;4;73.3
1994-04-29;72.1;4;72.1
1994-04-30;60.9;4;60.9
1994-05-01;73.6;5;73.6
1994-05-02;68.0;5;68.0
1994-05-03;78.9;5;78.9
1994-05-04;91.5;5;91.5
1994-05-05;89.5;5;89.5
1994-05-06;77.4;5;77.4
1994-05-07;91.5;5;91.5
1994-05-08;64.1;5;64.1
1994-05-09;80.4;5;80.4
1994-05-10;42.8;5;42.8
1994-05-11;91.1;5;91.1
1994-05-12;82.7;5;82.7
1994-05-13;91.6;5;91.6
1994-05-14;90.1;5;90.1
1994-05-15;70.4;5;70.4
1994-05-16;90.2;5;90.2
1994-05-17;71.3;5;71.3
1994-05-18;73.2;5;73.2
1994-05-19;91.7;5;91.7
1994-05-20;77.5;5;77.5
1994-05-21;81.8;5;81.8
1994-05-22;92.0;5;92.0
1994-05-23;64.8;5;64.8
1994-05-24;73.3;5;73.3
1994-05-25;50.2;5;50.2
1994-05-26;52.7;5;52.7
1994-05-27;67.2;5;67.2
1994-05-28;70.4;5;70.4
1994-05-29;53.7;5;53.7
1994-05-30;56.5;5;56.5
1994-05-31;62.0;5;62.0
1994-06-01;65.4;6;65.4
1994-06-02;61.3;6;61.3
1994-06-03;69.2;6;69.2
1994-06-04;52.0;6;52.0
1994-06-05;63.4;6;63.4
1994-06-06;60.4;6;60.4
1994-06-07;63.6;6;63.6
1994-06-08;70.2;6;70.2
1994-06-09;76.8;6;76.8
1994-06-10;60.1;6;60.1
1994-06-11;58.3;6;58.3
1994-06-12;59.5;6;59.5
1994-06-13;60.7;6;60.7
1994-06-14;60.2;6;60.2
1994-06-15;58.9;6;58.9
1994-06-16;59.7;6;59.7
1994-06-17;59.6;6;59.6
1994-06-18;58.8;6;58.8
1994-06-19;60.2;6;60.2
1994-06-20;60.4;6;60.4
1994-06-21;60.9;6;60.9
1994-06-22;62.3;6;62.3
1994-06-23;60.9;6;60.9
1994-06-24;61.9;6;61.9
1994-06-25;52.4;6;52.4
1994-06-26;54.5;6;54.5
1994-06-27;53.3;6;53.3
1994-06-28;53.6;6;53.6
1994-06-29;50.7;6;50.7
1994-06-30;53.7;6;53.7
1994-07-01;53.7;7;53.7
1994-07-02;52.1;7;52.1
1994-07-03;51.8;7;51.8
1994-07-04;52.3;7;52.3
1994-07-05;52.0;7;52.0
1994-07-06;52.5;7;52.5
1994-07-07;52.0;7;52.0
1994-07-08;52.1;7;52.1
1994-07-09;53.1;7;53.1
1994-07-10;52.9;7;52.9
1994-07-11;51.0;7;51.0
1994-07-12;52.2;7;52.2
1994-07-13;39.4;7;39.4
1994-07-14;45.7;7;45.7
1994-07-15;52.1;7;52.1
1994-07-16;57.2;7;57.2
1994-07-17;60.4;7;60.4
1994-07-18;59.7;7;59.7
1994-07-19;60.6;7;60.6
1994-07-20;58.8;7;58.8
1994-07-21;52.0;7;52.0
1994-07-22;59.4;7;59.4
1994-07-23;58.4;7;58.4
1994-07-24;59.1;7;59.1
1994-07-25;58.9;7;58.9
1994-07-26;61.0;7;61.0
1994-07-27;59.6;7;59.6
1994-07-28;59.9;7;59.9
1994-07-29;57.7;7;57.7
1994-07-30;60.3;7;60.3
1994-07-31;60.9;7;60.9
1994-08-01;60.5;8;60.5
1994-08-02;59.0;8;59.0
1994-08-03;58.4;8;58.4
1994-08-04;59.5;8;59.5
1994-08-05;64.5;8;64.5
1994-08-06;59.8;8;59.8
1994-08-07;59.8;8;59.8
1994-08-08;61.8;8;61.8
1994-08-09;63.1;8;63.1
1994-08-10;60.4;8;60.4
1994-08-11;53.4;8;53.4
1994-08-12;61.0;8;61.0
1994-08-13;57.7;8;57.7
1994-08-14;62.3;8;62.3
1994-08-15;60.7;8;60.7
1994-08-16;59.1;8;59.1
1994-08-17;59.8;8;59.8
1994-08-18;62.4;8;62.4
1994-08-19;25.5;8;25.5
1994-08-20;-999.000;8;23.4
1994-08-21;-999.000;8;12.0
1994-08-22;12.3;8;12.3
1994-08-23;-999.000;8;17.0
1994-08-24;9.6;8;9.6
1994-08-25;-999.000;8;17.5
1994-08-26;-999.000;8;40.6
1994-08-27;12.2;8;12.2
1994-08-28;11.7;8;11.7
1994-08-29;12.0;8;12.0
1994-08-30;13.0;8;13.0
1994-08-31;11.7;8;11.7
1994-09-01;14.5;9;14.5
1994-09-02;-999.000;9;48.4
1994-09-03;-999.000;9;14.0
1994-09-04;-999.000;9;10.51
1994-09-05;-999.000;9;9.0
1994-09-06;-999.000;9;7.0
1994-09-07;-999.000;9;5.0
1994-09-08;-999.000;9;5.1
1994-09-09;-999.000;9;51.6
1994-09-10;-999.000;9;3.0
1994-09-11;-999.000;9;42.23
1994-09-12;-999.000;9;11.0
1994-09-13;-999.000;9;16.8
1994-09-14;-999.000;9;41.98
1994-09-15;-999.000;9;17.97
1994-09-16;-999.000;9;48.9
1994-09-17;-999.000;9;28.06
1994-09-18;-999.000;9;9.5
1994-09-19;-999.000;9;9.0
1994-09-20;-999.000;9;26.21
1994-09-21;-999.000;9;1.0
1994-09-22;11.4;9;11.4
1994-09-23;11.1;9;11.1
1994-09-24;11.1;9;11.1
1994-09-25;11.1;9;11.1
1994-09-26;11.1;9;11.1
1994-09-27;11.1;9;11.1
1994-09-28;11.4;9;11.4
1994-09-29;11.4;9;11.4
1994-09-30;11.4;9;11.4
1994-10-01;11.5;10;11.5
1994-10-02;11.4;10;11.4
1994-10-03;11.4;10;11.4
1994-10-04;11.4;10;11.4
1994-10-05;11.4;10;11.4
1994-10-06;11.1;10;11.1
1994-10-07;11.1;10;11.1
1994-10-08;11.1;10;11.1
1994-10-09;11.1;10;11.1
1994-10-10;11.1;10;11.1
1994-10-11;11.1;10;11.1
1994-10-12;11.1;10;11.1
1994-10-13;11.1;10;11.1
1994-10-14;36.6;10;36.6
1994-10-15;37.0;10;37.0
1994-10-16;12.5;10;12.5
1994-10-17;10.8;10;10.8
1994-10-18;82.2;10;82.2
1994-10-19;82.2;10;82.2
1994-10-20;82.2;10;82.2
1994-10-21;82.2;10;82.2
1994-10-22;9.0;10;9.0
1994-10-23;9.0;10;9.0
1994-10-24;33.1;10;33.1
1994-10-25;47.6;10;47.6
1994-10-26;47.6;10;47.6
1994-10-27;49.6;10;49.6
1994-10-28;38.0;10;38.0
1994-10-29;42.6;10;42.6
1994-10-30;57.2;10;57.2
1994-10-31;45.6;10;45.6
1994-11-01;47.6;11;47.6
1994-11-02;58.8;11;58.8
1994-11-03;59.1;11;59.1
1994-11-04;50.0;11;50.0
1994-11-05;59.1;11;59.1
1994-11-06;50.0;11;50.0
1994-11-07;50.0;11;50.0
1994-11-08;94.0;11;94.0
1994-11-09;75.6;11;75.6
1994-11-10;65.5;11;65.5
1994-11-11;65.0;11;65.0
1994-11-12;63.0;11;63.0
1994-11-13;65.0;11;65.0
1994-11-14;65.0;11;65.0
1994-11-15;75.8;11;75.8
1994-11-16;75.8;11;75.8
1994-11-17;74.8;11;74.8
1994-11-18;75.8;11;75.8
1994-11-19;92.0;11;92.0
1994-11-20;92.0;11;92.0
1994-11-21;92.0;11;92.0
1994-11-22;94.0;11;94.0
1994-11-23;94.5;11;94.5
1994-11-24;95.0;11;95.0
1994-11-25;95.0;11;95.0
1994-11-26;95.0;11;95.0
1994-11-27;95.0;11;95.0
1994-11-28;97.0;11;97.0
1994-11-29;95.0;11;95.0
1994-11-30;93.0;11;93.0
1994-12-01;347.7;12;347.7
1994-12-02;603.5;12;603.5
1994-12-03;92.0;12;92.0
1994-12-04;90.0;12;90.0
1994-12-05;91.5;12;91.5
1994-12-06;92.0;12;92.0
1994-12-07;92.0;12;92.0
1994-12-08;90.0;12;90.0
1994-12-09;88.0;12;88.0
1994-12-10;88.0;12;88.0
1994-12-11;34.0;12;34.0
1994-12-12;34.0;12;34.0
1994-12-13;46.0;12;46.0
1994-12-14;74.0;12;74.0
1994-12-15;90.0;12;90.0
1994-12-16;90.0;12;90.0
1994-12-17;62.0;12;62.0
1994-12-18;55.7;12;55.7
1994-12-19;57.6;12;57.6
1994-12-20;57.7;12;57.7
1994-12-21;55.7;12;55.7
1994-12-22;54.2;12;54.2
1994-12-23;54.2;12;54.2
1994-12-24;55.6;12;55.6
1994-12-25;54.2;12;54.2
1994-12-26;55.6;12;55.6
1994-12-27;55.6;12;55.6
1994-12-28;54.2;12;54.2
1994-12-29;54.2;12;54.2
1994-12-30;10.5;12;10.5
1994-12-31;10.5;12;10.5
1995-01-01;42.25;1;42.25
1995-01-02;48.88;1;48.88
1995-01-03;10.0;1;10.0
1995-01-04;47.83;1;47.83
1995-01-05;47.83;1;47.83
1995-01-06;48.88;1;48.88
1995-01-07;47.83;1;47.83
1995-01-08;50.08;1;50.08
1995-01-09;50.08;1;50.08
1995-01-10;50.08;1;50.08
1995-01-11;48.88;1;48.88
1995-01-12;48.88;1;48.88
1995-01-13;49.92;1;49.92
1995-01-14;43.3;1;43.3
1995-01-15;43.75;1;43.75
1995-01-16;43.75;1;43.75
1995-01-17;7.75;1;7.75
1995-01-18;7.75;1;7.75
1995-01-19;7.75;1;7.75
1995-01-20;7.75;1;7.75
1995-01-21;7.9;1;7.9
1995-01-22;7.9;1;7.9
1995-01-23;7.6;1;7.6
1995-01-24;7.6;1;7.6
1995-01-25;27.7;1;27.7
1995-01-26;47.38;1;47.38
1995-01-27;47.38;1;47.38
1995-01-28;48.42;1;48.42
1995-01-29;48.58;1;48.58
1995-01-30;48.58;1;48.58
1995-01-31;48.58;1;48.58
1995-02-01;48.58;2;48.58
1995-02-02;48.58;2;48.58
1995-02-03;50.15;2;50.15
1995-02-04;49.63;2;49.63
1995-02-05;50.15;2;50.15
1995-02-06;50.15;2;50.15
1995-02-07;50.15;2;50.15
1995-02-08;50.45;2;50.45
1995-02-09;49.92;2;49.92
1995-02-10;49.63;2;49.63
1995-02-11;50.45;2;50.45
1995-02-12;48.58;2;48.58
1995-02-13;49.63;2;49.63
1995-02-14;49.92;2;49.92
1995-02-15;48.88;2;48.88
1995-02-16;8.8;2;8.8
1995-02-17;9.1;2;9.1
1995-02-18;91.35;2;91.35
1995-02-19;48.88;2;48.88
1995-02-20;49.92;2;49.92
1995-02-21;50.22;2;50.22
1995-02-22;49.17;2;49.17
1995-02-23;9.1;2;9.1
1995-02-24;8.8;2;8.8
1995-02-25;9.25;2;9.25
1995-02-26;10.3;2;10.3
1995-02-27;11.95;2;11.95
1995-02-28;21.25;2;21.25
1995-03-01;63.72;3;63.72
1995-03-02;93.97;3;93.97
1995-03-03;22.75;3;22.75
1995-03-04;12.25;3;12.25
1995-03-05;11.8;3;11.8
1995-03-06;2.0;3;2.0
1995-03-07;16.0;3;16.0
1995-03-08;2.25;3;2.25
1995-03-09;2.3;3;2.3
1995-03-10;2.35;3;2.35
1995-03-11;2.42;3;2.42
1995-03-12;34.77;3;34.77
1995-03-13;8.2;3;8.2
1995-03-14;30.08;3;30.08
1995-03-15;92.66;3;92.66
1995-03-16;79.36;3;79.36
1995-03-17;82.17;3;82.17
1995-03-18;13.91;3;13.91
1995-03-19;13.44;3;13.44
1995-03-20;14.65;3;14.65
1995-03-21;21.4;3;21.4
1995-03-22;22.86;3;22.86
1995-03-23;24.76;3;24.76
1995-03-24;11.16;3;11.16
1995-03-25;40.05;3;40.05
1995-03-26;64.66;3;64.66
1995-03-27;62.36;3;62.36
1995-03-28;64.84;3;64.84
1995-03-29;42.22;3;42.22
1995-03-30;48.72;3;48.72
1995-03-31;56.45;3;56.45
1995-04-01;12.53;4;12.53
1995-04-02;12.29;4;12.29
1995-04-03;12.1;4;12.1
1995-04-04;11.63;4;11.63
1995-04-05;11.44;4;11.44
1995-04-06;10.95;4;10.95
1995-04-07;10.21;4;10.21
1995-04-08;9.35;4;9.35
1995-04-09;12.51;4;12.51
1995-04-10;39.0;4;39.0
1995-04-11;27.29;4;27.29
1995-04-12;48.11;4;48.11
1995-04-13;47.03;4;47.03
1995-04-14;47.38;4;47.38
1995-04-15;47.26;4;47.26
1995-04-16;92.03;4;92.03
1995-04-17;91.35;4;91.35
1995-04-18;74.03;4;74.03
1995-04-19;58.44;4;58.44
1995-04-20;65.95;4;65.95
1995-04-21;91.35;4;91.35
1995-04-22;92.4;4;92.4
1995-04-23;84.26;4;84.26
1995-04-24;68.84;4;68.84
1995-04-25;89.71;4;89.71
1995-04-26;91.35;4;91.35
1995-04-27;83.96;4;83.96
1995-04-28;91.0;4;91.0
1995-04-29;91.35;4;91.35
1995-04-30;90.82;4;90.82
1995-05-01;90.83;5;90.83
1995-05-02;92.27;5;92.27
1995-05-03;67.62;5;67.62
1995-05-04;81.35;5;81.35
1995-05-05;89.77;5;89.77
1995-05-06;89.25;5;89.25
1995-05-07;88.2;5;88.2
1995-05-08;87.43;5;87.43
1995-05-09;87.42;5;87.42
1995-05-10;88.2;5;88.2
1995-05-11;87.67;5;87.67
1995-05-12;88.2;5;88.2
1995-05-13;89.07;5;89.07
1995-05-14;90.3;5;90.3
1995-05-15;88.73;5;88.73
1995-05-16;73.84;5;73.84
1995-05-17;53.57;5;53.57
1995-05-18;87.11;5;87.11
1995-05-19;86.26;5;86.26
1995-05-20;45.47;5;45.47
1995-05-21;48.97;5;48.97
1995-05-22;48.53;5;48.53
1995-05-23;32.84;5;32.84
1995-05-24;27.98;5;27.98
1995-05-25;33.55;5;33.55
1995-05-26;31.07;5;31.07
1995-05-27;28.38;5;28.38
1995-05-28;28.34;5;28.34
1995-05-29;29.16;5;29.16
1995-05-30;87.85;5;87.85
1995-05-31;36.55;5;36.55
1995-06-01;26.79;6;26.79
1995-06-02;32.67;6;32.67
1995-06-03;29.4;6;29.4
1995-06-04;33.17;6;33.17
1995-06-05;26.17;6;26.17
1995-06-06;30.3;6;30.3
1995-06-07;45.01;6;45.01
1995-06-08;28.79;6;28.79
1995-06-09;34.17;6;34.17
1995-06-10;29.13;6;29.13
1995-06-11;43.16;6;43.16
1995-06-12;45.56;6;45.56
1995-06-13;37.82;6;37.82
1995-06-14;33.76;6;33.76
1995-06-15;41.37;6;41.37
1995-06-16;37.25;6;37.25
1995-06-17;30.27;6;30.27
1995-06-18;37.31;6;37.31
1995-06-19;25.57;6;25.57
1995-06-20;25.26;6;25.26
1995-06-21;33.62;6;33.62
1995-06-22;27.07;6;27.07
1995-06-23;25.6;6;25.6
1995-06-24;25.61;6;25.61
1995-06-25;25.6;6;25.6
1995-06-26;21.47;6;21.47
1995-06-27;25.09;6;25.09
1995-06-28;25.41;6;25.41
1995-06-29;25.04;6;25.04
1995-06-30;24.58;6;24.58
1995-07-01;24.32;7;24.32
1995-07-02;24.32;7;24.32
1995-07-03;17.03;7;17.03
1995-07-04;24.93;7;24.93
1995-07-05;27.16;7;27.16
1995-07-06;25.14;7;25.14
1995-07-07;23.47;7;23.47
1995-07-08;7.3;7;7.3
1995-07-09;7.3;7;7.3
1995-07-10;17.03;7;17.03
1995-07-11;26.78;7;26.78
1995-07-12;25.24;7;25.24
1995-07-13;26.05;7;26.05
1995-07-14;24.42;7;24.42
1995-07-15;24.21;7;24.21
1995-07-16;23.08;7;23.08
1995-07-17;24.22;7;24.22
1995-07-18;24.61;7;24.61
1995-07-19;25.56;7;25.56
1995-07-20;24.95;7;24.95
1995-07-21;25.42;7;25.42
1995-07-22;25.51;7;25.51
1995-07-23;27.7;7;27.7
1995-07-24;38.23;7;38.23
1995-07-25;33.73;7;33.73
1995-07-26;25.48;7;25.48
1995-07-27;40.59;7;40.59
1995-07-28;36.27;7;36.27
1995-07-29;51.74;7;51.74
1995-07-30;21.73;7;21.73
1995-07-31;27.75;7;27.75
1995-08-01;39.37;8;39.37
1995-08-02;82.15;8;82.15
1995-08-03;78.56;8;78.56
1995-08-04;77.17;8;77.17
1995-08-05;89.25;8;89.25
1995-08-06;50.69;8;50.69
1995-08-07;82.58;8;82.58
1995-08-08;77.65;8;77.65
1995-08-09;87.14;8;87.14
1995-08-10;76.12;8;76.12
1995-08-11;73.01;8;73.01
1995-08-12;87.07;8;87.07
1995-08-13;67.0;8;67.0
1995-08-14;79.3;8;79.3
1995-08-15;48.41;8;48.41
1995-08-16;80.47;8;80.47
1995-08-17;72.07;8;72.07
1995-08-18;86.59;8;86.59
1995-08-19;49.66;8;49.66
1995-08-20;90.96;8;90.96
1995-08-21;67.08;8;67.08
1995-08-22;94.63;8;94.63
1995-08-23;79.98;8;79.98
1995-08-24;90.0;8;90.0
1995-08-25;2.0;8;2.0
1995-08-26;30.64;8;30.64
1995-08-27;92.42;8;92.42
1995-08-28;92.82;8;92.82
1995-08-29;2.0;8;2.0
1995-08-30;2.0;8;2.0
1995-08-31;6.2;8;6.2
1995-09-01;9.45;9;9.45
1995-09-02;9.45;9;9.45
1995-09-03;9.82;9;9.82
1995-09-04;9.8;9;9.8
1995-09-05;10.3;9;10.3
1995-09-06;10.15;9;10.15
1995-09-07;10.14;9;10.14
1995-09-08;10.39;9;10.39
1995-09-09;10.51;9;10.51
1995-09-10;10.62;9;10.62
1995-09-11;7.75;9;7.75
1995-09-12;2.0;9;2.0
1995-09-13;2.0;9;2.0
1995-09-14;2.0;9;2.0
1995-09-15;2.0;9;2.0
1995-09-16;2.0;9;2.0
1995-09-17;2.0;9;2.0
1995-09-18;2.0;9;2.0
1995-09-19;2.0;9;2.0
1995-09-20;2.0;9;2.0
1995-09-21;2.0;9;2.0
1995-09-22;2.0;9;2.0
1995-09-23;2.0;9;2.0
1995-09-24;2.0;9;2.0
1995-09-25;2.0;9;2.0
1995-09-26;2.0;9;2.0
1995-09-27;2.0;9;2.0
1995-09-28;2.0;9;2.0
1995-09-29;2.0;9;2.0
1995-09-30;1.6;9;1.6
1995-10-01;1.6;10;1.6
1995-10-02;1.4;10;1.4
1995-10-03;21.18;10;21.18
1995-10-04;3.4;10;3.4
1995-10-05;7.14;10;7.14
1995-10-06;62.08;10;62.08
1995-10-07;84.08;10;84.08
1995-10-08;31.64;10;31.64
1995-10-09;23.3;10;23.3
1995-10-10;32.07;10;32.07
1995-10-11;41.24;10;41.24
1995-10-12;34.27;10;34.27
1995-10-13;33.06;10;33.06
1995-10-14;29.5;10;29.5
1995-10-15;30.74;10;30.74
1995-10-16;31.39;10;31.39
1995-10-17;33.34;10;33.34
1995-10-18;83.36;10;83.36
1995-10-19;91.87;10;91.87
1995-10-20;86.31;10;86.31
1995-10-21;66.41;10;66.41
1995-10-22;60.87;10;60.87
1995-10-23;76.17;10;76.17
1995-10-24;59.31;10;59.31
1995-10-25;90.3;10;90.3
1995-10-26;91.35;10;91.35
1995-10-27;89.91;10;89.91
1995-10-28;74.51;10;74.51
1995-10-29;69.84;10;69.84
1995-10-30;89.06;10;89.06
1995-10-31;72.68;10;72.68
1995-11-01;87.31;11;87.31
1995-11-02;55.39;11;55.39
1995-11-03;71.21;11;71.21
1995-11-04;61.63;11;61.63
1995-11-05;57.91;11;57.91
1995-11-06;43.45;11;43.45
1995-11-07;61.68;11;61.68
1995-11-08;56.99;11;56.99
1995-11-09;59.35;11;59.35
1995-11-10;58.49;11;58.49
1995-11-11;57.85;11;57.85
1995-11-12;59.81;11;59.81
1995-11-13;60.14;11;60.14
1995-11-14;59.79;11;59.79
1995-11-15;52.09;11;52.09
1995-11-16;60.35;11;60.35
1995-11-17;89.78;11;89.78
1995-11-18;88.72;11;88.72
1995-11-19;89.95;11;89.95
1995-11-20;89.27;11;89.27
1995-11-21;88.71;11;88.71
1995-11-22;89.78;11;89.78
1995-11-23;89.91;11;89.91
1995-11-24;88.2;11;88.2
1995-11-25;85.7;11;85.7
1995-11-26;39.15;11;39.15
1995-11-27;89.38;11;89.38
1995-11-28;86.86;11;86.86
1995-11-29;88.73;11;88.73
1995-11-30;83.09;11;83.09
1995-12-01;58.75;12;58.75
1995-12-02;60.08;12;60.08
1995-12-03;73.67;12;73.67
1995-12-04;73.61;12;73.61
1995-12-05;74.11;12;74.11
1995-12-06;41.82;12;41.82
1995-12-07;37.07;12;37.07
1995-12-08;43.67;12;43.67
1995-12-09;69.53;12;69.53
1995-12-10;58.67;12;58.67
1995-12-11;66.71;12;66.71
1995-12-12;51.99;12;51.99
1995-12-13;43.4;12;43.4
1995-12-14;68.65;12;68.65
1995-12-15;58.16;12;58.16
1995-12-16;63.94;12;63.94
1995-12-17;56.87;12;56.87
1995-12-18;45.5;12;45.5
1995-12-19;45.5;12;45.5
1995-12-20;84.0;12;84.0
1995-12-21;84.0;12;84.0
1995-12-22;41.17;12;41.17
1995-12-23;43.23;12;43.23
1995-12-24;41.22;12;41.22
1995-12-25;45.65;12;45.65
1995-12-26;48.54;12;48.54
1995-12-27;49.75;12;49.75
1995-12-28;41.64;12;41.64
1995-12-29;33.85;12;33.85
1995-12-30;33.94;12;33.94
1995-12-31;25.46;12;25.46
1996-01-01;19.8;1;19.8
1996-01-02;36.3;1;36.3
1996-01-03;50.0;1;50.0
1996-01-04;50.0;1;50.0
1996-01-05;50.0;1;50.0
1996-01-06;50.0;1;50.0
1996-01-07;50.0;1;50.0
1996-01-08;50.0;1;50.0
1996-01-09;50.0;1;50.0
1996-01-10;50.0;1;50.0
1996-01-11;50.0;1;50.0
1996-01-12;50.0;1;50.0
1996-01-13;50.0;1;50.0
1996-01-14;50.0;1;50.0
1996-01-15;50.0;1;50.0
1996-01-16;50.0;1;50.0
1996-01-17;50.0;1;50.0
1996-01-18;50.0;1;50.0
1996-01-19;50.0;1;50.0
1996-01-20;50.0;1;50.0
1996-01-21;50.0;1;50.0
1996-01-22;50.0;1;50.0
1996-01-23;50.0;1;50.0
1996-01-24;50.0;1;50.0
1996-01-25;50.0;1;50.0
1996-01-26;50.0;1;50.0
1996-01-27;50.0;1;50.0
1996-01-28;50.0;1;50.0
1996-01-29;50.0;1;50.0
1996-01-30;50.0;1;50.0
1996-01-31;50.0;1;50.0
1996-02-01;49.8;2;49.8
1996-02-02;82.5;2;82.5
1996-02-03;4.0;2;4.0
1996-02-04;24.0;2;24.0
1996-02-05;67.0;2;67.0
1996-02-06;93.0;2;93.0
1996-02-07;93.0;2;93.0
1996-02-08;93.0;2;93.0
1996-02-09;95.0;2;95.0
1996-02-10;94.6;2;94.6
1996-02-11;95.2;2;95.2
1996-02-12;95.2;2;95.2
1996-02-13;95.8;2;95.8
1996-02-14;94.4;2;94.4
1996-02-15;94.1;2;94.1
1996-02-16;94.1;2;94.1
1996-02-17;93.7;2;93.7
1996-02-18;94.1;2;94.1
1996-02-19;94.1;2;94.1
1996-02-20;69.0;2;69.0
1996-02-21;70.6;2;70.6
1996-02-22;70.3;2;70.3
1996-02-23;69.4;2;69.4
1996-02-24;78.7;2;78.7
1996-02-25;86.0;2;86.0
1996-02-26;65.9;2;65.9
1996-02-27;71.8;2;71.8
1996-02-28;69.9;2;69.9
1996-02-29;76.6;2;76.6
1996-03-01;73.0;3;73.0
1996-03-02;70.6;3;70.6
1996-03-03;42.8;3;42.8
1996-03-04;86.1;3;86.1
1996-03-05;94.4;3;94.4
1996-03-06;40.9;3;40.9
1996-03-07;91.0;3;91.0
1996-03-08;88.2;3;88.2
1996-03-09;80.2;3;80.2
1996-03-10;94.8;3;94.8
1996-03-11;91.9;3;91.9
1996-03-12;86.8;3;86.8
1996-03-13;89.8;3;89.8
1996-03-14;90.8;3;90.8
1996-03-15;89.0;3;89.0
1996-03-16;93.4;3;93.4
1996-03-17;94.6;3;94.6
1996-03-18;96.0;3;96.0
1996-03-19;94.9;3;94.9
1996-03-20;96.3;3;96.3
1996-03-21;97.8;3;97.8
1996-03-22;95.1;3;95.1
1996-03-23;93.7;3;93.7
1996-03-24;91.6;3;91.6
1996-03-25;95.2;3;95.2
1996-03-26;96.8;3;96.8
1996-03-27;96.3;3;96.3
1996-03-28;94.6;3;94.6
1996-03-29;94.3;3;94.3
1996-03-30;96.3;3;96.3
1996-03-31;81.3;3;81.3
1996-04-01;89.0;4;89.0
1996-04-02;92.8;4;92.8
1996-04-03;90.9;4;90.9
1996-04-04;60.6;4;60.6
1996-04-05;46.7;4;46.7
1996-04-06;52.0;4;52.0
1996-04-07;93.8;4;93.8
1996-04-08;94.6;4;94.6
1996-04-09;96.3;4;96.3
1996-04-10;94.6;4;94.6
1996-04-11;88.1;4;88.1
1996-04-12;87.6;4;87.6
1996-04-13;93.4;4;93.4
1996-04-14;90.7;4;90.7
1996-04-15;84.7;4;84.7
1996-04-16;74.7;4;74.7
1996-04-17;80.6;4;80.6
1996-04-18;85.5;4;85.5
1996-04-19;65.6;4;65.6
1996-04-20;7.0;4;7.0
1996-04-21;7.0;4;7.0
1996-04-22;7.0;4;7.0
1996-04-23;7.0;4;7.0
1996-04-24;60.1;4;60.1
1996-04-25;60.4;4;60.4
1996-04-26;30.4;4;30.4
1996-04-27;90.4;4;90.4
1996-04-28;90.4;4;90.4
1996-04-29;90.4;4;90.4
1996-04-30;93.0;4;93.0
1996-05-01;93.0;5;93.0
1996-05-02;93.0;5;93.0
1996-05-03;93.0;5;93.0
1996-05-04;93.0;5;93.0
1996-05-05;93.0;5;93.0
1996-05-06;93.0;5;93.0
1996-05-07;93.0;5;93.0
1996-05-08;93.0;5;93.0
1996-05-09;93.0;5;93.0
1996-05-10;82.7;5;82.7
1996-05-11;86.0;5;86.0
1996-05-12;61.0;5;61.0
1996-05-13;64.3;5;64.3
1996-05-14;66.8;5;66.8
1996-05-15;75.0;5;75.0
1996-05-16;80.3;5;80.3
1996-05-17;81.5;5;81.5
1996-05-18;66.7;5;66.7
1996-05-19;45.3;5;45.3
1996-05-20;69.8;5;69.8
1996-05-21;75.0;5;75.0
1996-05-22;71.4;5;71.4
1996-05-23;63.7;5;63.7
1996-05-24;40.9;5;40.9
1996-05-25;65.2;5;65.2
1996-05-26;63.2;5;63.2
1996-05-27;93.1;5;93.1
1996-05-28;98.5;5;98.5
1996-05-29;98.5;5;98.5
1996-05-30;92.8;5;92.8
1996-05-31;88.5;5;88.5
1996-06-01;71.3;6;71.3
1996-06-02;52.0;6;52.0
1996-06-03;55.2;6;55.2
1996-06-04;51.8;6;51.8
1996-06-05;58.8;6;58.8
1996-06-06;58.8;6;58.8
1996-06-07;58.8;6;58.8
1996-06-08;64.3;6;64.3
1996-06-09;69.8;6;69.8
1996-06-10;69.8;6;69.8
1996-06-11;69.8;6;69.8
1996-06-12;63.2;6;63.2
1996-06-13;63.2;6;63.2
1996-06-14;63.2;6;63.2
1996-06-15;59.3;6;59.3
1996-06-16;53.3;6;53.3
1996-06-17;51.1;6;51.1
1996-06-18;57.2;6;57.2
1996-06-19;65.4;6;65.4
1996-06-20;41.0;6;41.0
1996-06-21;32.0;6;32.0
1996-06-22;7.6;6;7.6
1996-06-23;32.0;6;32.0
1996-06-24;64.3;6;64.3
1996-06-25;64.3;6;64.3
1996-06-26;54.5;6;54.5
1996-06-27;53.9;6;53.9
1996-06-28;63.2;6;63.2
1996-06-29;13.3;6;13.3
1996-06-30;3.5;6;3.5
1996-07-01;55.5;7;55.5
1996-07-02;41.5;7;41.5
1996-07-03;45.3;7;45.3
1996-07-04;63.2;7;63.2
1996-07-05;63.2;7;63.2
1996-07-06;63.2;7;63.2
1996-07-07;63.2;7;63.2
1996-07-08;55.3;7;55.3
1996-07-09;63.2;7;63.2
1996-07-10;63.2;7;63.2
1996-07-11;63.2;7;63.2
1996-07-12;73.1;7;73.1
1996-07-13;73.1;7;73.1
1996-07-14;73.1;7;73.1
1996-07-15;51.1;7;51.1
1996-07-16;48.2;7;48.2
1996-07-17;48.2;7;48.2
1996-07-18;63.2;7;63.2
1996-07-19;63.2;7;63.2
1996-07-20;63.2;7;63.2
1996-07-21;35.6;7;35.6
1996-07-22;29.4;7;29.4
1996-07-23;78.3;7;78.3
1996-07-24;80.4;7;80.4
1996-07-25;93.6;7;93.6
1996-07-26;66.5;7;66.5
1996-07-27;66.5;7;66.5
1996-07-28;65.4;7;65.4
1996-07-29;65.4;7;65.4
1996-07-30;65.4;7;65.4
1996-07-31;65.4;7;65.4
1996-08-01;53.3;8;53.3
1996-08-02;61.6;8;61.6
1996-08-03;66.5;8;66.5
1996-08-04;66.5;8;66.5
1996-08-05;66.5;8;66.5
1996-08-06;66.5;8;66.5
1996-08-07;66.5;8;66.5
1996-08-08;66.5;8;66.5
1996-08-09;52.2;8;52.2
1996-08-10;52.2;8;52.2
1996-08-11;52.2;8;52.2
1996-08-12;45.1;8;45.1
1996-08-13;21.8;8;21.8
1996-08-14;16.0;8;16.0
1996-08-15;16.0;8;16.0
1996-08-16;16.0;8;16.0
1996-08-17;16.0;8;16.0
1996-08-18;7.0;8;7.0
1996-08-19;3.5;8;3.5
1996-08-20;3.5;8;3.5
1996-08-21;3.5;8;3.5
1996-08-22;3.5;8;3.5
1996-08-23;3.5;8;3.5
1996-08-24;3.5;8;3.5
1996-08-25;3.5;8;3.5
1996-08-26;3.5;8;3.5
1996-08-27;3.5;8;3.5
1996-08-28;3.5;8;3.5
1996-08-29;3.7;8;3.7
1996-08-30;4.0;8;4.0
1996-08-31;4.0;8;4.0
1996-09-01;4.0;9;4.0
1996-09-02;4.0;9;4.0
1996-09-03;4.0;9;4.0
1996-09-04;4.0;9;4.0
1996-09-05;4.0;9;4.0
1996-09-06;4.0;9;4.0
1996-09-07;4.0;9;4.0
1996-09-08;4.0;9;4.0
1996-09-09;4.0;9;4.0
1996-09-10;31.7;9;31.7
1996-09-11;52.8;9;52.8
1996-09-12;18.6;9;18.6
1996-09-13;19.9;9;19.9
1996-09-14;4.6;9;4.6
1996-09-15;5.5;9;5.5
1996-09-16;5.5;9;5.5
1996-09-17;5.5;9;5.5
1996-09-18;4.9;9;4.9
1996-09-19;4.9;9;4.9
1996-09-20;4.9;9;4.9
1996-09-21;4.9;9;4.9
1996-09-22;5.5;9;5.5
1996-09-23;6.4;9;6.4
1996-09-24;6.7;9;6.7
1996-09-25;6.7;9;6.7
1996-09-26;6.7;9;6.7
1996-09-27;6.7;9;6.7
1996-09-28;6.7;9;6.7
1996-09-29;6.7;9;6.7
1996-09-30;6.7;9;6.7
1996-10-01;6.7;10;6.7
1996-10-02;6.7;10;6.7
1996-10-03;6.7;10;6.7
1996-10-04;6.7;10;6.7
1996-10-05;6.7;10;6.7
1996-10-06;6.7;10;6.7
1996-10-07;6.7;10;6.7
1996-10-08;7.9;10;7.9
1996-10-09;7.9;10;7.9
1996-10-10;7.9;10;7.9
1996-10-11;36.1;10;36.1
1996-10-12;72.5;10;72.5
1996-10-13;77.3;10;77.3
1996-10-14;77.3;10;77.3
1996-10-15;77.8;10;77.8
1996-10-16;78.3;10;78.3
1996-10-17;78.3;10;78.3
1996-10-18;74.1;10;74.1
1996-10-19;69.8;10;69.8
1996-10-20;49.9;10;49.9
1996-10-21;1.9;10;1.9
1996-10-22;1.7;10;1.7
1996-10-23;1.5;10;1.5
1996-10-24;1.5;10;1.5
1996-10-25;1.5;10;1.5
1996-10-26;1.6;10;1.6
1996-10-27;1.8;10;1.8
1996-10-28;1.9;10;1.9
1996-10-29;1.9;10;1.9
1996-10-30;1.9;10;1.9
1996-10-31;1.9;10;1.9
1996-11-01;1.9;11;1.9
1996-11-02;1.9;11;1.9
1996-11-03;1.9;11;1.9
1996-11-04;2.0;11;2.0
1996-11-05;2.0;11;2.0
1996-11-06;2.0;11;2.0
1996-11-07;2.1;11;2.1
1996-11-08;2.5;11;2.5
1996-11-09;2.8;11;2.8
1996-11-10;3.0;11;3.0
1996-11-11;3.0;11;3.0
1996-11-12;3.0;11;3.0
1996-11-13;31.1;11;31.1
1996-11-14;44.0;11;44.0
1996-11-15;78.3;11;78.3
1996-11-16;78.3;11;78.3
1996-11-17;75.2;11;75.2
1996-11-18;70.4;11;70.4
1996-11-19;69.8;11;69.8
1996-11-20;69.8;11;69.8
1996-11-21;68.7;11;68.7
1996-11-22;68.7;11;68.7
1996-11-23;68.7;11;68.7
1996-11-24;68.7;11;68.7
1996-11-25;68.7;11;68.7
1996-11-26;67.6;11;67.6
1996-11-27;67.6;11;67.6
1996-11-28;59.3;11;59.3
1996-11-29;63.4;11;63.4
1996-11-30;46.2;11;46.2
1996-12-01;66.1;12;66.1
1996-12-02;61.7;12;61.7
1996-12-03;49.5;12;49.5
1996-12-04;58.3;12;58.3
1996-12-05;63.2;12;63.2
1996-12-06;67.6;12;67.6
1996-12-07;64.9;12;64.9
1996-12-08;66.1;12;66.1
1996-12-09;94.4;12;94.4
1996-12-10;340.9;12;340.9
1996-12-11;66.6;12;66.6
1996-12-12;66.6;12;66.6
1996-12-13;69.2;12;69.2
1996-12-14;68.7;12;68.7
1996-12-15;68.7;12;68.7
1996-12-16;62.1;12;62.1
1996-12-17;60.6;12;60.6
1996-12-18;68.2;12;68.2
1996-12-19;67.6;12;67.6
1996-12-20;67.6;12;67.6
1996-12-21;66.8;12;66.8
1996-12-22;66.6;12;66.6
1996-12-23;60.8;12;60.8
1996-12-24;67.0;12;67.0
1996-12-25;67.2;12;67.2
1996-12-26;66.9;12;66.9
1996-12-27;58.9;12;58.9
1996-12-28;66.5;12;66.5
1996-12-29;64.3;12;64.3
1996-12-30;66.5;12;66.5
1996-12-31;24.8;12;24.8
1997-01-01;10.3;1;10.3
1997-01-02;7.3;1;7.3
1997-01-03;53.6;1;53.6
1997-01-04;50.4;1;50.4
1997-01-05;40.8;1;40.8
1997-01-06;58.6;1;58.6
1997-01-07;63.0;1;63.0
1997-01-08;64.9;1;64.9
1997-01-09;39.5;1;39.5
1997-01-10;65.4;1;65.4
1997-01-11;64.8;1;64.8
1997-01-12;56.7;1;56.7
1997-01-13;53.2;1;53.2
1997-01-14;63.8;1;63.8
1997-01-15;70.8;1;70.8
1997-01-16;65.5;1;65.5
1997-01-17;65.0;1;65.0
1997-01-18;58.7;1;58.7
1997-01-19;93.0;1;93.0
1997-01-20;83.4;1;83.4
1997-01-21;95.7;1;95.7
1997-01-22;96.9;1;96.9
1997-01-23;96.9;1;96.9
1997-01-24;95.8;1;95.8
1997-01-25;98.4;1;98.4
1997-01-26;96.8;1;96.8
1997-01-27;318.2;1;318.2
1997-01-28;407.0;1;407.0
1997-01-29;97.4;1;97.4
1997-01-30;96.8;1;96.8
1997-01-31;94.3;1;94.3
1997-02-01;93.0;2;93.0
1997-02-02;93.6;2;93.6
1997-02-03;94.8;2;94.8
1997-02-04;90.0;2;90.0
1997-02-05;89.0;2;89.0
1997-02-06;85.2;2;85.2
1997-02-07;83.7;2;83.7
1997-02-08;93.5;2;93.5
1997-02-09;93.0;2;93.0
1997-02-10;96.1;2;96.1
1997-02-11;96.9;2;96.9
1997-02-12;96.1;2;96.1
1997-02-13;77.3;2;77.3
1997-02-14;96.3;2;96.3
1997-02-15;97.4;2;97.4
1997-02-16;97.2;2;97.2
1997-02-17;45.5;2;45.5
1997-02-18;95.8;2;95.8
1997-02-19;94.1;2;94.1
1997-02-20;95.2;2;95.2
1997-02-21;95.0;2;95.0
1997-02-22;95.2;2;95.2
1997-02-23;95.2;2;95.2
1997-02-24;94.6;2;94.6
1997-02-25;94.8;2;94.8
1997-02-26;95.9;2;95.9
1997-02-27;95.2;2;95.2
1997-02-28;93.3;2;93.3
1997-03-01;52.1;3;52.1
1997-03-02;56.4;3;56.4
1997-03-03;72.7;3;72.7
1997-03-04;73.8;3;73.8
1997-03-05;70.2;3;70.2
1997-03-06;72.7;3;72.7
1997-03-07;53.7;3;53.7
1997-03-08;63.6;3;63.6
1997-03-09;84.7;3;84.7
1997-03-10;67.4;3;67.4
1997-03-11;71.5;3;71.5
1997-03-12;49.7;3;49.7
1997-03-13;50.6;3;50.6
1997-03-14;53.2;3;53.2
1997-03-15;54.7;3;54.7
1997-03-16;54.8;3;54.8
1997-03-17;25.0;3;25.0
1997-03-18;54.5;3;54.5
1997-03-19;51.7;3;51.7
1997-03-20;58.4;3;58.4
1997-03-21;91.9;3;91.9
1997-03-22;73.9;3;73.9
1997-03-23;75.2;3;75.2
1997-03-24;55.0;3;55.0
1997-03-25;67.6;3;67.6
1997-03-26;65.7;3;65.7
1997-03-27;58.7;3;58.7
1997-03-28;59.0;3;59.0
1997-03-29;59.2;3;59.2
1997-03-30;59.2;3;59.2
1997-03-31;79.8;3;79.8
1997-04-01;98.6;4;98.6
1997-04-02;99.4;4;99.4
1997-04-03;96.6;4;96.6
1997-04-04;101.9;4;101.9
1997-04-05;100.4;4;100.4
1997-04-06;101.4;4;101.4
1997-04-07;101.6;4;101.6
1997-04-08;102.0;4;102.0
1997-04-09;101.9;4;101.9
1997-04-10;104.3;4;104.3
1997-04-11;92.8;4;92.8
1997-04-12;92.7;4;92.7
1997-04-13;102.8;4;102.8
1997-04-14;97.9;4;97.9
1997-04-15;63.0;4;63.0
1997-04-16;101.7;4;101.7
1997-04-17;102.8;4;102.8
1997-04-18;105.1;4;105.1
1997-04-19;104.4;4;104.4
1997-04-20;105.1;4;105.1
1997-04-21;105.5;4;105.5
1997-04-22;106.0;4;106.0
1997-04-23;107.3;4;107.3
1997-04-24;109.0;4;109.0
1997-04-25;100.6;4;100.6
1997-04-26;108.4;4;108.4
1997-04-27;109.3;4;109.3
1997-04-28;108.5;4;108.5
1997-04-29;110.1;4;110.1
1997-04-30;78.9;4;78.9
1997-05-01;24.4;5;24.4
1997-05-02;28.4;5;28.4
1997-05-03;29.9;5;29.9
1997-05-04;31.0;5;31.0
1997-05-05;27.8;5;27.8
1997-05-06;24.6;5;24.6
1997-05-07;53.9;5;53.9
1997-05-08;24.0;5;24.0
1997-05-09;3.0;5;3.0
1997-05-10;2.0;5;2.0
1997-05-11;-999.000;5;47.96
1997-05-12;-999.000;5;39.0
1997-05-13;-999.000;5;53.0
1997-05-14;-999.000;5;100.2
1997-05-15;-999.000;5;42.3
1997-05-16;-999.000;5;30.7
1997-05-17;-999.000;5;210.0
1997-05-18;-999.000;5;85.3
1997-05-19;-999.000;5;69.0
1997-05-20;-999.000;5;30.6
1997-05-21;42.3;5;42.3
1997-05-22;7.0;5;7.0
1997-05-23;7.0;5;7.0
1997-05-24;7.0;5;7.0
1997-05-25;7.0;5;7.0
1997-05-26;7.0;5;7.0
1997-05-27;6.1;5;6.1
1997-05-28;16.1;5;16.1
1997-05-29;12.5;5;12.5
1997-05-30;12.5;5;12.5
1997-05-31;6.7;5;6.7
1997-06-01;7.1;6;7.1
1997-06-02;6.7;6;6.7
1997-06-03;8.0;6;8.0
1997-06-04;6.7;6;6.7
1997-06-05;7.1;6;7.1
1997-06-06;10.1;6;10.1
1997-06-07;9.2;6;9.2
1997-06-08;9.1;6;9.1
1997-06-09;9.2;6;9.2
1997-06-10;11.2;6;11.2
1997-06-11;10.1;6;10.1
1997-06-12;9.8;6;9.8
1997-06-13;9.3;6;9.3
1997-06-14;23.6;6;23.6
1997-06-15;6.4;6;6.4
1997-06-16;9.1;6;9.1
1997-06-17;9.7;6;9.7
1997-06-18;8.9;6;8.9
1997-06-19;14.5;6;14.5
1997-06-20;17.9;6;17.9
1997-06-21;29.7;6;29.7
1997-06-22;22.9;6;22.9
1997-06-23;6.5;6;6.5
1997-06-24;6.5;6;6.5
1997-06-25;6.4;6;6.4
1997-06-26;6.4;6;6.4
1997-06-27;6.4;6;6.4
1997-06-28;6.4;6;6.4
1997-06-29;6.4;6;6.4
1997-06-30;6.3;6;6.3
1997-07-01;3.8;7;3.8
1997-07-02;3.8;7;3.8
1997-07-03;3.8;7;3.8
1997-07-04;3.8;7;3.8
1997-07-05;3.8;7;3.8
1997-07-06;3.8;7;3.8
1997-07-07;3.8;7;3.8
1997-07-08;3.8;7;3.8
1997-07-09;3.8;7;3.8
1997-07-10;3.8;7;3.8
1997-07-11;3.8;7;3.8
1997-07-12;3.8;7;3.8
1997-07-13;3.8;7;3.8
1997-07-14;3.8;7;3.8
1997-07-15;3.8;7;3.8
1997-07-16;3.8;7;3.8
1997-07-17;3.8;7;3.8
1997-07-18;3.8;7;3.8
1997-07-19;3.8;7;3.8
1997-07-20;3.8;7;3.8
1997-07-21;3.8;7;3.8
1997-07-22;3.8;7;3.8
1997-07-23;3.8;7;3.8
1997-07-24;3.8;7;3.8
1997-07-25;3.8;7;3.8
1997-07-26;3.8;7;3.8
1997-07-27;3.8;7;3.8
1997-07-28;3.8;7;3.8
1997-07-29;3.8;7;3.8
1997-07-30;3.8;7;3.8
1997-07-31;3.8;7;3.8
1997-08-01;6.1;8;6.1
1997-08-02;6.2;8;6.2
1997-08-03;6.1;8;6.1
1997-08-04;6.1;8;6.1
1997-08-05;3.8;8;3.8
1997-08-06;3.8;8;3.8
1997-08-07;3.8;8;3.8
1997-08-08;3.8;8;3.8
1997-08-09;3.8;8;3.8
1997-08-10;3.8;8;3.8
1997-08-11;3.8;8;3.8
1997-08-12;3.8;8;3.8
1997-08-13;3.8;8;3.8
1997-08-14;4.4;8;4.4
1997-08-15;3.8;8;3.8
1997-08-16;3.8;8;3.8
1997-08-17;3.8;8;3.8
1997-08-18;3.8;8;3.8
1997-08-19;3.8;8;3.8
1997-08-20;3.8;8;3.8
1997-08-21;3.8;8;3.8
1997-08-22;3.8;8;3.8
1997-08-23;3.8;8;3.8
1997-08-24;3.8;8;3.8
1997-08-25;5.5;8;5.5
1997-08-26;3.8;8;3.8
1997-08-27;3.8;8;3.8
1997-08-28;3.9;8;3.9
1997-08-29;3.9;8;3.9
1997-08-30;3.9;8;3.9
1997-08-31;3.9;8;3.9
1997-09-01;4.8;9;4.8
1997-09-02;4.3;9;4.3
1997-09-03;4.0;9;4.0
1997-09-04;5.1;9;5.1
1997-09-05;3.9;9;3.9
1997-09-06;3.9;9;3.9
1997-09-07;3.9;9;3.9
1997-09-08;3.9;9;3.9
1997-09-09;3.9;9;3.9
1997-09-10;5.4;9;5.4
1997-09-11;4.6;9;4.6
1997-09-12;3.5;9;3.5
1997-09-13;2.6;9;2.6
1997-09-14;2.7;9;2.7
1997-09-15;3.0;9;3.0
1997-09-16;2.6;9;2.6
1997-09-17;3.5;9;3.5
1997-09-18;2.7;9;2.7
1997-09-19;2.7;9;2.7
1997-09-20;2.7;9;2.7
1997-09-21;3.3;9;3.3
1997-09-22;2.3;9;2.3
1997-09-23;4.4;9;4.4
1997-09-24;4.8;9;4.8
1997-09-25;3.7;9;3.7
1997-09-26;4.0;9;4.0
1997-09-27;3.1;9;3.1
1997-09-28;3.3;9;3.3
1997-09-29;3.1;9;3.1
1997-09-30;3.3;9;3.3
1997-10-01;3.3;10;3.3
1997-10-02;3.3;10;3.3
1997-10-03;3.3;10;3.3
1997-10-04;3.8;10;3.8
1997-10-05;20.5;10;20.5
1997-10-06;3.3;10;3.3
1997-10-07;3.3;10;3.3
1997-10-08;3.3;10;3.3
1997-10-09;3.3;10;3.3
1997-10-10;3.6;10;3.6
1997-10-11;3.6;10;3.6
1997-10-12;3.6;10;3.6
1997-10-13;3.6;10;3.6
1997-10-14;3.8;10;3.8
1997-10-15;4.0;10;4.0
1997-10-16;4.0;10;4.0
1997-10-17;5.8;10;5.8
1997-10-18;4.6;10;4.6
1997-10-19;4.6;10;4.6
1997-10-20;4.6;10;4.6
1997-10-21;5.5;10;5.5
1997-10-22;4.6;10;4.6
1997-10-23;4.6;10;4.6
1997-10-24;4.6;10;4.6
1997-10-25;5.4;10;5.4
1997-10-26;4.6;10;4.6
1997-10-27;5.4;10;5.4
1997-10-28;4.6;10;4.6
1997-10-29;20.5;10;20.5
1997-10-30;14.0;10;14.0
1997-10-31;4.3;10;4.3
1997-11-01;4.3;11;4.3
1997-11-02;4.3;11;4.3
1997-11-03;4.3;11;4.3
1997-11-04;-999.000;11;4.0
1997-11-05;-999.000;11;50.4
1997-11-06;-999.000;11;91.0
1997-11-07;-999.000;11;109.2
1997-11-08;-999.000;11;44.0
1997-11-09;-999.000;11;25.5
1997-11-10;-999.000;11;260.0
1997-11-11;-999.000;11;4.6
1997-11-12;-999.000;11;30.8
1997-11-13;-999.000;11;50.0
1997-11-14;8.7;11;8.7
1997-11-15;9.4;11;9.4
1997-11-16;9.6;11;9.6
1997-11-17;9.5;11;9.5
1997-11-18;9.9;11;9.9
1997-11-19;9.6;11;9.6
1997-11-20;9.8;11;9.8
1997-11-21;9.8;11;9.8
1997-11-22;9.8;11;9.8
1997-11-23;9.5;11;9.5
1997-11-24;9.6;11;9.6
1997-11-25;8.5;11;8.5
1997-11-26;9.4;11;9.4
1997-11-27;8.5;11;8.5
1997-11-28;8.5;11;8.5
1997-11-29;8.5;11;8.5
1997-11-30;8.5;11;8.5
1997-12-01;8.8;12;8.8
1997-12-02;8.2;12;8.2
1997-12-03;8.5;12;8.5
1997-12-04;8.5;12;8.5
1997-12-05;8.5;12;8.5
1997-12-06;7.3;12;7.3
1997-12-07;7.3;12;7.3
1997-12-08;7.3;12;7.3
1997-12-09;7.3;12;7.3
1997-12-10;3.5;12;3.5
1997-12-11;3.5;12;3.5
1997-12-12;4.9;12;4.9
1997-12-13;4.9;12;4.9
1997-12-14;4.9;12;4.9
1997-12-15;4.9;12;4.9
1997-12-16;4.9;12;4.9
1997-12-17;4.9;12;4.9
1997-12-18;4.9;12;4.9
1997-12-19;4.9;12;4.9
1997-12-20;4.9;12;4.9
1997-12-21;4.9;12;4.9
1997-12-22;4.9;12;4.9
1997-12-23;4.0;12;4.0
1997-12-24;3.9;12;3.9
1997-12-25;3.9;12;3.9
1997-12-26;3.9;12;3.9
1997-12-27;3.9;12;3.9
1997-12-28;3.9;12;3.9
1997-12-29;3.9;12;3.9
1997-12-30;3.9;12;3.9
1997-12-31;3.9;12;3.9
1998-01-01;-999.000;1;52.4
1998-01-02;-999.000;1;68.28
1998-01-03;-999.000;1;49.5
1998-01-04;-999.000;1;6.1
1998-01-05;-999.000;1;80.0
1998-01-06;-999.000;1;94.0
1998-01-07;-999.000;1;64.17
1998-01-08;-999.000;1;143.0
1998-01-09;-999.000;1;44.0
1998-01-10;-999.000;1;18.06
1998-01-11;-999.000;1;40.2
1998-01-12;-999.000;1;51.6
1998-01-13;-999.000;1;90.9
1998-01-14;-999.000;1;17.2
1998-01-15;-999.000;1;85.7
1998-01-16;-999.000;1;21.0
1998-01-17;-999.000;1;25.59
1998-01-18;-999.000;1;24.0
1998-01-19;-999.000;1;53.8
1998-01-20;-999.000;1;45.08
1998-01-21;-999.000;1;36.8
1998-01-22;-999.000;1;18.0
1998-01-23;-999.000;1;27.7
1998-01-24;-999.000;1;44.0
1998-01-25;-999.000;1;63.0
1998-01-26;-999.000;1;12.0
1998-01-27;-999.000;1;73.47
1998-01-28;-999.000;1;54.56
1998-01-29;-999.000;1;61.22
1998-01-30;-999.000;1;86.15
1998-01-31;-999.000;1;11.0
1998-02-01;-999.000;2;95.2
1998-02-02;-999.000;2;18.0
1998-02-03;-999.000;2;35.4
1998-02-04;-999.000;2;101.0
1998-02-05;-999.000;2;21.81
1998-02-06;-999.000;2;68.7
1998-02-07;-999.000;2;81.69
1998-02-08;-999.000;2;22.0
1998-02-09;-999.000;2;146.0
1998-02-10;-999.000;2;36.95
1998-02-11;-999.000;2;56.79
1998-02-12;-999.000;2;57.2
1998-02-13;-999.000;2;15.2
1998-02-14;-999.000;2;56.6
1998-02-15;-999.000;2;15.0
1998-02-16;-999.000;2;64.09
1998-02-17;-999.000;2;62.79
1998-02-18;-999.000;2;23.0
1998-02-19;-999.000;2;45.0
1998-02-20;-999.000;2;94.0
1998-02-21;-999.000;2;66.8
1998-02-22;-999.000;2;3.0
1998-02-23;-999.000;2;32.0
1998-02-24;-999.000;2;53.6
1998-02-25;-999.000;2;66.01
1998-02-26;-999.000;2;86.0
1998-02-27;-999.000;2;23.4
1998-02-28;-999.000;2;78.8
1998-03-01;-999.000;3;70.1
1998-03-02;-999.000;3;72.7
1998-03-03;-999.000;3;98.8
1998-03-04;-999.000;3;91.03
1998-03-05;-999.000;3;18.0
1998-03-06;-999.000;3;35.0
1998-03-07;-999.000;3;12.4
1998-03-08;-999.000;3;58.4
1998-03-09;-999.000;3;71.4
1998-03-10;-999.000;3;45.31
1998-03-11;-999.000;3;38.0
1998-03-12;-999.000;3;83.62
1998-03-13;-999.000;3;46.3
1998-03-14;-999.000;3;52.1
1998-03-15;-999.000;3;484.1
1998-03-16;-999.000;3;88.77
1998-03-17;-999.000;3;47.0
1998-03-18;-999.000;3;16.0
1998-03-19;-999.000;3;57.2
1998-03-20;-999.000;3;8.0
1998-03-21;-999.000;3;49.7
1998-03-22;-999.000;3;52.1
1998-03-23;-999.000;3;71.55
1998-03-24;-999.000;3;68.15
1998-03-25;-999.000;3;28.0
1998-03-26;-999.000;3;101.8
1998-03-27;-999.000;3;20.0
1998-03-28;-999.000;3;67.0
1998-03-29;-999.000;3;73.4
1998-03-30;-999.000;3;31.71
1998-03-31;-999.000;3;34.0
1998-04-01;-999.000;4;71.5
1998-04-02;-999.000;4;86.5
1998-04-03;-999.000;4;90.82
1998-04-04;-999.000;4;15.8
1998-04-05;-999.000;4;96.1
1998-04-06;-999.000;4;119.7
1998-04-07;-999.000;4;33.0
1998-04-08;-999.000;4;55.5
1998-04-09;-999.000;4;35.0
1998-04-10;-999.000;4;45.0
1998-04-11;-999.000;4;32.7
1998-04-12;-999.000;4;55.5
1998-04-13;-999.000;4;27.0
1998-04-14;-999.000;4;59.9
1998-04-15;-999.000;4;84.3
1998-04-16;-999.000;4;34.4
1998-04-17;-999.000;4;100.4
1998-04-18;-999.000;4;97.7
1998-04-19;-999.000;4;37.0
1998-04-20;-999.000;4;86.0
1998-04-21;-999.000;4;86.5
1998-04-22;-999.000;4;95.0
1998-04-23;-999.000;4;96.5
1998-04-24;-999.000;4;291.2
1998-04-25;-999.000;4;101.8
1998-04-26;-999.000;4;94.41
1998-04-27;-999.000;4;36.0
1998-04-28;-999.000;4;97.1
1998-04-29;-999.000;4;34.0
1998-04-30;-999.000;4;77.0
1998-05-01;-999.000;5;45.0
1998-05-02;-999.000;5;52.1
1998-05-03;-999.000;5;29.0
1998-05-04;-999.000;5;4.0
1998-05-05;-999.000;5;348.6
1998-05-06;-999.000;5;37.4
1998-05-07;-999.000;5;89.5
1998-05-08;-999.000;5;52.7
1998-05-09;-999.000;5;71.8
1998-05-10;-999.000;5;36.0
1998-05-11;-999.000;5;156.0
1998-05-12;-999.000;5;53.3
1998-05-13;-999.000;5;93.0
1998-05-14;-999.000;5;90.7
1998-05-15;-999.000;5;38.0
1998-05-16;-999.000;5;79.7
1998-05-17;-999.000;5;216.0
1998-05-18;-999.000;5;47.7
1998-05-19;-999.000;5;29.8
1998-05-20;-999.000;5;80.51
1998-05-21;-999.000;5;29.0
1998-05-22;-999.000;5;49.6
1998-05-23;-999.000;5;53.0
1998-05-24;-999.000;5;30.4
1998-05-25;-999.000;5;59.95
1998-05-26;-999.000;5;58.54
1998-05-27;-999.000;5;89.25
1998-05-28;-999.000;5;34.0
1998-05-29;-999.000;5;59.1
1998-05-30;-999.000;5;93.0
1998-05-31;-999.000;5;47.0
1998-06-01;-999.000;6;6.1
1998-06-02;-999.000;6;20.0
1998-06-03;-999.000;6;27.0
1998-06-04;-999.000;6;33.17
1998-06-05;-999.000;6;40.0
1998-06-06;-999.000;6;37.5
1998-06-07;-999.000;6;26.8
1998-06-08;-999.000;6;35.0
1998-06-09;-999.000;6;96.0
1998-06-10;-999.000;6;24.8
1998-06-11;-999.000;6;30.0
1998-06-12;-999.000;6;106.0
1998-06-13;-999.000;6;170.0
1998-06-14;-999.000;6;31.0
1998-06-15;-999.000;6;63.6
1998-06-16;-999.000;6;20.0
1998-06-17;-999.000;6;63.6
1998-06-18;-999.000;6;60.9
1998-06-19;-999.000;6;40.5
1998-06-20;-999.000;6;49.4
1998-06-21;-999.000;6;39.0
1998-06-22;-999.000;6;24.0
1998-06-23;-999.000;6;58.68
1998-06-24;-999.000;6;49.55
1998-06-25;-999.000;6;16.3
1998-06-26;-999.000;6;48.6
1998-06-27;-999.000;6;64.0
1998-06-28;-999.000;6;88.1
1998-06-29;-999.000;6;6.4
1998-06-30;-999.000;6;23.0
1998-07-01;-999.000;7;15.0
1998-07-02;-999.000;7;87.2
1998-07-03;-999.000;7;37.9
1998-07-04;-999.000;7;60.1
1998-07-05;-999.000;7;19.0
1998-07-06;-999.000;7;24.5
1998-07-07;-999.000;7;61.0
1998-07-08;-999.000;7;17.0
1998-07-09;-999.000;7;72.0
1998-07-10;-999.000;7;57.4
1998-07-11;-999.000;7;10.4
1998-07-12;-999.000;7;52.9
1998-07-13;-999.000;7;63.64
1998-07-14;-999.000;7;23.6
1998-07-15;-999.000;7;3.0
1998-07-16;-999.000;7;58.4
1998-07-17;-999.000;7;11.0
1998-07-18;-999.000;7;47.37
1998-07-19;-999.000;7;10.0
1998-07-20;-999.000;7;25.51
1998-07-21;-999.000;7;18.9
1998-07-22;-999.000;7;49.17
1998-07-23;-999.000;7;14.0
1998-07-24;-999.000;7;43.7
1998-07-25;-999.000;7;9.8
1998-07-26;-999.000;7;28.5
1998-07-27;-999.000;7;66.2
1998-07-28;-999.000;7;37.9
1998-07-29;-999.000;7;38.0
1998-07-30;-999.000;7;17.3
1998-07-31;-999.000;7;47.1
1998-08-01;-999.000;8;74.5
1998-08-02;-999.000;8;18.0
1998-08-03;-999.000;8;71.0
1998-08-04;-999.000;8;10.0
1998-08-05;-999.000;8;19.28
1998-08-06;-999.000;8;9.0
1998-08-07;-999.000;8;9.8
1998-08-08;-999.000;8;52.0
1998-08-09;-999.000;8;43.0
1998-08-10;-999.000;8;32.4
1998-08-11;-999.000;8;2.95
1998-08-12;-999.000;8;13.82
1998-08-13;-999.000;8;32.4
1998-08-14;-999.000;8;0.6
1998-08-15;-999.000;8;11.0
1998-08-16;-999.000;8;11.0
1998-08-17;-999.000;8;3.8
1998-08-18;-999.000;8;3.8
1998-08-19;-999.000;8;86.59
1998-08-20;-999.000;8;50.6
1998-08-21;-999.000;8;66.5
1998-08-22;-999.000;8;14.3
1998-08-23;-999.000;8;32.85
1998-08-24;-999.000;8;39.5
1998-08-25;-999.000;8;13.8
1998-08-26;-999.000;8;29.02
1998-08-27;-999.000;8;3.5
1998-08-28;-999.000;8;3.8
1998-08-29;-999.000;8;38.9
1998-08-30;-999.000;8;13.0
1998-08-31;-999.000;8;32.85
1998-09-01;-999.000;9;6.0
1998-09-02;-999.000;9;11.6
1998-09-03;-999.000;9;6.0
1998-09-04;-999.000;9;5.0
1998-09-05;-999.000;9;18.0
1998-09-06;-999.000;9;10.2
1998-09-07;-999.000;9;74.5
1998-09-08;-999.000;9;37.5
1998-09-09;-999.000;9;46.7
1998-09-10;-999.000;9;14.34
1998-09-11;-999.000;9;48.37
1998-09-12;-999.000;9;4.6
1998-09-13;-999.000;9;25.8
1998-09-14;-999.000;9;28.0
1998-09-15;-999.000;9;42.34
1998-09-16;-999.000;9;6.0
1998-09-17;-999.000;9;25.8
1998-09-18;-999.000;9;33.6
1998-09-19;-999.000;9;2.0
1998-09-20;-999.000;9;18.0
1998-09-21;-999.000;9;3.0
1998-09-22;-999.000;9;32.8
1998-09-23;-999.000;9;14.34
1998-09-24;-999.000;9;59.7
1998-09-25;-999.000;9;27.3
1998-09-26;-999.000;9;2.6
1998-09-27;-999.000;9;23.4
1998-09-28;-999.000;9;17.8
1998-09-29;-999.000;9;6.0
1998-09-30;-999.000;9;120.0
1998-10-01;-999.000;10;62.65
1998-10-02;-999.000;10;13.1
1998-10-03;-999.000;10;26.95
1998-10-04;-999.000;10;74.0
1998-10-05;-999.000;10;15.5
1998-10-06;-999.000;10;75.7
1998-10-07;-999.000;10;42.4
1998-10-08;-999.000;10;77.11
1998-10-09;-999.000;10;109.0
1998-10-10;-999.000;10;6.7
1998-10-11;-999.000;10;31.9
1998-10-12;-999.000;10;18.0
1998-10-13;-999.000;10;11.42
1998-10-14;-999.000;10;61.0
1998-10-15;-999.000;10;2.9
1998-10-16;-999.000;10;6.1
1998-10-17;-999.000;10;4.0
1998-10-18;-999.000;10;79.0
1998-10-19;-999.000;10;7.0
1998-10-20;-999.000;10;51.5
1998-10-21;-999.000;10;58.9
1998-10-22;-999.000;10;22.84
1998-10-23;-999.000;10;58.0
1998-10-24;-999.000;10;207.0
1998-10-25;-999.000;10;58.9
1998-10-26;-999.000;10;61.0
1998-10-27;-999.000;10;38.0
1998-10-28;-999.000;10;36.0
1998-10-29;-999.000;10;17.0
1998-10-30;-999.000;10;386.0
1998-10-31;-999.000;10;27.6
1998-11-01;-999.000;11;37.0
1998-11-02;-999.000;11;46.0
1998-11-03;-999.000;11;23.42
1998-11-04;-999.000;11;67.0
1998-11-05;-999.000;11;95.0
1998-11-06;-999.000;11;85.02
1998-11-07;-999.000;11;62.5
1998-11-08;-999.000;11;93.5
1998-11-09;-999.000;11;80.4
1998-11-10;-999.000;11;67.1
1998-11-11;-999.000;11;93.0
1998-11-12;-999.000;11;295.0
1998-11-13;-999.000;11;100.0
1998-11-14;-999.000;11;51.4
1998-11-15;-999.000;11;33.9
1998-11-16;-999.000;11;33.44
1998-11-17;-999.000;11;48.0
1998-11-18;-999.000;11;48.0
1998-11-19;-999.000;11;23.57
1998-11-20;-999.000;11;67.0
1998-11-21;-999.000;11;3.8
1998-11-22;-999.000;11;51.4
1998-11-23;-999.000;11;34.29
1998-11-24;-999.000;11;43.4
1998-11-25;-999.000;11;50.6
1998-11-26;-999.000;11;41.66
1998-11-27;-999.000;11;72.5
1998-11-28;-999.000;11;35.04
1998-11-29;-999.000;11;50.0
1998-11-30;-999.000;11;3.0
1998-12-01;-999.000;12;49.8
1998-12-02;-999.000;12;52.0
1998-12-03;-999.000;12;56.7
1998-12-04;-999.000;12;35.0
1998-12-05;-999.000;12;57.0
1998-12-06;-999.000;12;47.3
1998-12-07;-999.000;12;53.77
1998-12-08;-999.000;12;50.3
1998-12-09;-999.000;12;121.5
1998-12-10;-999.000;12;48.8
1998-12-11;-999.000;12;107.0
1998-12-12;-999.000;12;55.25
1998-12-13;-999.000;12;214.0
1998-12-14;-999.000;12;33.0
1998-12-15;-999.000;12;64.0
1998-12-16;-999.000;12;59.0
1998-12-17;-999.000;12;26.9
1998-12-18;-999.000;12;83.0
1998-12-19;-999.000;12;45.9
1998-12-20;-999.000;12;69.8
1998-12-21;-999.000;12;62.8
1998-12-22;-999.000;12;49.1
1998-12-23;-999.000;12;97.0
1998-12-24;-999.000;12;56.0
1998-12-25;-999.000;12;78.0
1998-12-26;-999.000;12;128.4
1998-12-27;-999.000;12;253.4
1998-12-28;-999.000;12;30.0
1998-12-29;-999.000;12;27.0
1998-12-30;-999.000;12;54.4
1998-12-31;-999.000;12;87.8
1999-01-01;87.8;1;87.8
1999-01-02;94.8;1;94.8
1999-01-03;100.7;1;100.7
1999-01-04;100.7;1;100.7
1999-01-05;94.8;1;94.8
1999-01-06;100.7;1;100.7
1999-01-07;100.1;1;100.1
1999-01-08;100.7;1;100.7
1999-01-09;101.3;1;101.3
1999-01-10;100.7;1;100.7
1999-01-11;100.7;1;100.7
1999-01-12;90.0;1;90.0
1999-01-13;90.6;1;90.6
1999-01-14;90.0;1;90.0
1999-01-15;90.6;1;90.6
1999-01-16;99.6;1;99.6
1999-01-17;99.6;1;99.6
1999-01-18;100.7;1;100.7
1999-01-19;99.6;1;99.6
1999-01-20;100.7;1;100.7
1999-01-21;99.1;1;99.1
1999-01-22;99.6;1;99.6
1999-01-23;2.5;1;2.5
1999-01-24;2.5;1;2.5
1999-01-25;2.5;1;2.5
1999-01-26;98.5;1;98.5
1999-01-27;98.5;1;98.5
1999-01-28;98.5;1;98.5
1999-01-29;98.5;1;98.5
1999-01-30;98.5;1;98.5
1999-01-31;98.5;1;98.5
1999-02-01;99.6;2;99.6
1999-02-02;99.6;2;99.6
1999-02-03;99.6;2;99.6
1999-02-04;99.1;2;99.1
1999-02-05;99.1;2;99.1
1999-02-06;99.6;2;99.6
1999-02-07;96.3;2;96.3
1999-02-08;96.3;2;96.3
1999-02-09;94.7;2;94.7
1999-02-10;93.6;2;93.6
1999-02-11;94.1;2;94.1
1999-02-12;94.6;2;94.6
1999-02-13;94.1;2;94.1
1999-02-14;94.1;2;94.1
1999-02-15;94.1;2;94.1
1999-02-16;94.1;2;94.1
1999-02-17;96.3;2;96.3
1999-02-18;94.1;2;94.1
1999-02-19;94.1;2;94.1
1999-02-20;94.1;2;94.1
1999-02-21;94.1;2;94.1
1999-02-22;94.1;2;94.1
1999-02-23;94.1;2;94.1
1999-02-24;94.1;2;94.1
1999-02-25;94.1;2;94.1
1999-02-26;94.1;2;94.1
1999-02-27;94.1;2;94.1
1999-02-28;94.1;2;94.1
1999-03-01;94.1;3;94.1
1999-03-02;-999.000;3;50.03
1999-03-03;-999.000;3;22.0
1999-03-04;154.1;3;154.1
1999-03-05;72.0;3;72.0
1999-03-06;96.3;3;96.3
1999-03-07;96.3;3;96.3
1999-03-08;96.3;3;96.3
1999-03-09;97.4;3;97.4
1999-03-10;19.5;3;19.5
1999-03-11;94.1;3;94.1
1999-03-12;94.1;3;94.1
1999-03-13;94.1;3;94.1
1999-03-14;94.1;3;94.1
1999-03-15;94.1;3;94.1
1999-03-16;4.6;3;4.6
1999-03-17;97.4;3;97.4
1999-03-18;97.4;3;97.4
1999-03-19;97.4;3;97.4
1999-03-20;70.9;3;70.9
1999-03-21;70.9;3;70.9
1999-03-22;70.9;3;70.9
1999-03-23;67.6;3;67.6
1999-03-24;67.6;3;67.6
1999-03-25;67.6;3;67.6
1999-03-26;67.6;3;67.6
1999-03-27;67.6;3;67.6
1999-03-28;68.2;3;68.2
1999-03-29;69.8;3;69.8
1999-03-30;37.5;3;37.5
1999-03-31;67.6;3;67.6
1999-04-01;64.3;4;64.3
1999-04-02;46.2;4;46.2
1999-04-03;56.6;4;56.6
1999-04-04;56.6;4;56.6
1999-04-05;57.2;4;57.2
1999-04-06;66.5;4;66.5
1999-04-07;66.5;4;66.5
1999-04-08;55.0;4;55.0
1999-04-09;58.8;4;58.8
1999-04-10;58.8;4;58.8
1999-04-11;59.3;4;59.3
1999-04-12;67.6;4;67.6
1999-04-13;67.6;4;67.6
1999-04-14;572.5;4;572.5
1999-04-15;572.5;4;572.5
1999-04-16;320.6;4;320.6
1999-04-17;68.7;4;68.7
1999-04-18;68.1;4;68.1
1999-04-19;68.7;4;68.7
1999-04-20;68.7;4;68.7
1999-04-21;68.7;4;68.7
1999-04-22;68.7;4;68.7
1999-04-23;68.7;4;68.7
1999-04-24;68.7;4;68.7
1999-04-25;69.8;4;69.8
1999-04-26;69.3;4;69.3
1999-04-27;68.7;4;68.7
1999-04-28;72.0;4;72.0
1999-04-29;72.0;4;72.0
1999-04-30;72.0;4;72.0
1999-05-01;69.8;5;69.8
1999-05-02;69.8;5;69.8
1999-05-03;69.8;5;69.8
1999-05-04;67.1;5;67.1
1999-05-05;64.3;5;64.3
1999-05-06;66.5;5;66.5
1999-05-07;66.5;5;66.5
1999-05-08;65.4;5;65.4
1999-05-09;66.5;5;66.5
1999-05-10;52.0;5;52.0
1999-05-11;68.2;5;68.2
1999-05-12;69.8;5;69.8
1999-05-13;69.8;5;69.8
1999-05-14;70.4;5;70.4
1999-05-15;70.9;5;70.9
1999-05-16;70.9;5;70.9
1999-05-17;70.9;5;70.9
1999-05-18;70.9;5;70.9
1999-05-19;70.9;5;70.9
1999-05-20;70.9;5;70.9
1999-05-21;70.9;5;70.9
1999-05-22;70.9;5;70.9
1999-05-23;64.3;5;64.3
1999-05-24;67.1;5;67.1
1999-05-25;69.8;5;69.8
1999-05-26;66.5;5;66.5
1999-05-27;66.5;5;66.5
1999-05-28;66.5;5;66.5
1999-05-29;66.5;5;66.5
1999-05-30;66.5;5;66.5
1999-05-31;66.5;5;66.5
1999-06-01;66.5;6;66.5
1999-06-02;66.5;6;66.5
1999-06-03;65.4;6;65.4
1999-06-04;67.6;6;67.6
1999-06-05;69.8;6;69.8
1999-06-06;69.8;6;69.8
1999-06-07;70.4;6;70.4
1999-06-08;69.8;6;69.8
1999-06-09;66.5;6;66.5
1999-06-10;66.5;6;66.5
1999-06-11;64.3;6;64.3
1999-06-12;66.5;6;66.5
1999-06-13;66.5;6;66.5
1999-06-14;66.5;6;66.5
1999-06-15;66.5;6;66.5
1999-06-16;66.5;6;66.5
1999-06-17;70.9;6;70.9
1999-06-18;70.9;6;70.9
1999-06-19;70.9;6;70.9
1999-06-20;70.9;6;70.9
1999-06-21;70.9;6;70.9
1999-06-22;70.9;6;70.9
1999-06-23;70.9;6;70.9
1999-06-24;67.6;6;67.6
1999-06-25;66.5;6;66.5
1999-06-26;65.4;6;65.4
1999-06-27;52.6;6;52.6
1999-06-28;65.9;6;65.9
1999-06-29;66.5;6;66.5
1999-06-30;66.5;6;66.5
1999-07-01;66.5;7;66.5
1999-07-02;66.5;7;66.5
1999-07-03;66.5;7;66.5
1999-07-04;69.3;7;69.3
1999-07-05;69.8;7;69.8
1999-07-06;69.8;7;69.8
1999-07-07;69.8;7;69.8
1999-07-08;69.8;7;69.8
1999-07-09;69.8;7;69.8
1999-07-10;69.8;7;69.8
1999-07-11;69.8;7;69.8
1999-07-12;69.8;7;69.8
1999-07-13;69.8;7;69.8
1999-07-14;69.8;7;69.8
1999-07-15;69.8;7;69.8
1999-07-16;69.8;7;69.8
1999-07-17;2.5;7;2.5
1999-07-18;70.4;7;70.4
1999-07-19;70.9;7;70.9
1999-07-20;2.3;7;2.3
1999-07-21;2.3;7;2.3
1999-07-22;72.0;7;72.0
1999-07-23;72.0;7;72.0
1999-07-24;85.3;7;85.3
1999-07-25;100.2;7;100.2
1999-07-26;101.8;7;101.8
1999-07-27;101.8;7;101.8
1999-07-28;101.8;7;101.8
1999-07-29;101.8;7;101.8
1999-07-30;86.4;7;86.4
1999-07-31;71.4;7;71.4
1999-08-01;72.0;8;72.0
1999-08-02;104.0;8;104.0
1999-08-03;73.1;8;73.1
1999-08-04;72.0;8;72.0
1999-08-05;72.0;8;72.0
1999-08-06;52.9;8;52.9
1999-08-07;72.0;8;72.0
1999-08-08;71.4;8;71.4
1999-08-09;33.8;8;33.8
1999-08-10;70.9;8;70.9
1999-08-11;70.9;8;70.9
1999-08-12;27.3;8;27.3
1999-08-13;32.9;8;32.9
1999-08-14;32.9;8;32.9
1999-08-15;2.4;8;2.4
1999-08-16;1.5;8;1.5
1999-08-17;0.6;8;0.6
1999-08-18;0.6;8;0.6
1999-08-19;0.6;8;0.6
1999-08-20;0.6;8;0.6
1999-08-21;0.6;8;0.6
1999-08-22;0.6;8;0.6
1999-08-23;0.6;8;0.6
1999-08-24;0.6;8;0.6
1999-08-25;0.6;8;0.6
1999-08-26;0.6;8;0.6
1999-08-27;0.6;8;0.6
1999-08-28;0.6;8;0.6
1999-08-29;0.6;8;0.6
1999-08-30;0.6;8;0.6
1999-08-31;0.6;8;0.6
1999-09-01;0.6;9;0.6
1999-09-02;0.7;9;0.7
1999-09-03;0.7;9;0.7
1999-09-04;0.8;9;0.8
1999-09-05;0.7;9;0.7
1999-09-06;0.7;9;0.7
1999-09-07;0.7;9;0.7
1999-09-08;1.9;9;1.9
1999-09-09;1.9;9;1.9
1999-09-10;1.9;9;1.9
1999-09-11;1.9;9;1.9
1999-09-12;4.4;9;4.4
1999-09-13;7.0;9;7.0
1999-09-14;7.0;9;7.0
1999-09-15;7.0;9;7.0
1999-09-16;7.0;9;7.0
1999-09-17;7.0;9;7.0
1999-09-18;7.0;9;7.0
1999-09-19;7.0;9;7.0
1999-09-20;7.0;9;7.0
1999-09-21;7.0;9;7.0
1999-09-22;7.0;9;7.0
1999-09-23;4.9;9;4.9
1999-09-24;4.9;9;4.9
1999-09-25;4.6;9;4.6
1999-09-26;4.9;9;4.9
1999-09-27;4.9;9;4.9
1999-09-28;21.6;9;21.6
1999-09-29;37.8;9;37.8
1999-09-30;5.2;9;5.2
1999-10-01;22.9;10;22.9
1999-10-02;7.6;10;7.6
1999-10-03;7.8;10;7.8
1999-10-04;23.4;10;23.4
1999-10-05;37.4;10;37.4
1999-10-06;37.4;10;37.4
1999-10-07;36.5;10;36.5
1999-10-08;36.5;10;36.5
1999-10-09;34.7;10;34.7
1999-10-10;32.9;10;32.9
1999-10-11;32.9;10;32.9
1999-10-12;32.9;10;32.9
1999-10-13;32.9;10;32.9
1999-10-14;32.9;10;32.9
1999-10-15;33.3;10;33.3
1999-10-16;33.8;10;33.8
1999-10-17;33.8;10;33.8
1999-10-18;33.8;10;33.8
1999-10-19;32.9;10;32.9
1999-10-20;32.9;10;32.9
1999-10-21;35.6;10;35.6
1999-10-22;37.0;10;37.0
1999-10-23;38.3;10;38.3
1999-10-24;38.3;10;38.3
1999-10-25;38.3;10;38.3
1999-10-26;37.4;10;37.4
1999-10-27;37.4;10;37.4
1999-10-28;37.4;10;37.4
1999-10-29;37.4;10;37.4
1999-10-30;37.4;10;37.4
1999-10-31;37.8;10;37.8
1999-11-01;2.3;11;2.3
1999-11-02;66.5;11;66.5
1999-11-03;66.5;11;66.5
1999-11-04;66.5;11;66.5
1999-11-05;66.5;11;66.5
1999-11-06;66.5;11;66.5
1999-11-07;66.5;11;66.5
1999-11-08;66.5;11;66.5
1999-11-09;66.5;11;66.5
1999-11-10;66.5;11;66.5
1999-11-11;61.0;11;61.0
1999-11-12;61.0;11;61.0
1999-11-13;61.0;11;61.0
1999-11-14;61.0;11;61.0
1999-11-15;61.0;11;61.0
1999-11-16;-999.000;11;41.0
1999-11-17;-999.000;11;50.7
1999-11-18;-999.000;11;22.87
1999-11-19;-999.000;11;59.2
1999-11-20;-999.000;11;59.0
1999-11-21;-999.000;11;68.9
1999-11-22;-999.000;11;46.0
1999-11-23;-999.000;11;61.8
1999-11-24;-999.000;11;25.91
1999-11-25;-999.000;11;61.0
1999-11-26;628.3;11;628.3
1999-11-27;616.3;11;616.3
1999-11-28;475.3;11;475.3
1999-11-29;61.0;11;61.0
1999-11-30;59.9;11;59.9
1999-12-01;60.5;12;60.5
1999-12-02;61.0;12;61.0
1999-12-03;61.0;12;61.0
1999-12-04;61.0;12;61.0
1999-12-05;93.0;12;93.0
1999-12-06;82.5;12;82.5
1999-12-07;87.8;12;87.8
1999-12-08;87.8;12;87.8
1999-12-09;87.8;12;87.8
1999-12-10;87.8;12;87.8
1999-12-11;87.8;12;87.8
1999-12-12;87.8;12;87.8
1999-12-13;87.8;12;87.8
1999-12-14;365.3;12;365.3
1999-12-15;650.0;12;650.0
1999-12-16;93.0;12;93.0
1999-12-17;93.0;12;93.0
1999-12-18;60.3;12;60.3
1999-12-19;93.0;12;93.0
1999-12-20;90.9;12;90.9
1999-12-21;93.0;12;93.0
1999-12-22;390.3;12;390.3
1999-12-23;393.0;12;393.0
1999-12-24;98.5;12;98.5
1999-12-25;87.8;12;87.8
1999-12-26;90.9;12;90.9
1999-12-27;93.0;12;93.0
1999-12-28;93.0;12;93.0
1999-12-29;61.0;12;61.0
1999-12-30;61.0;12;61.0
1999-12-31;93.0;12;93.0
2000-01-01;93.0;1;93.0
2000-01-02;93.0;1;93.0
2000-01-03;93.0;1;93.0
2000-01-04;87.8;1;87.8
2000-01-05;61.0;1;61.0
2000-01-06;61.0;1;61.0
2000-01-07;93.0;1;93.0
2000-01-08;98.5;1;98.5
2000-01-09;93.0;1;93.0
2000-01-10;90.9;1;90.9
2000-01-11;87.8;1;87.8
2000-01-12;87.8;1;87.8
2000-01-13;93.0;1;93.0
2000-01-14;93.0;1;93.0
2000-01-15;93.0;1;93.0
2000-01-16;93.0;1;93.0
2000-01-17;93.0;1;93.0
2000-01-18;93.0;1;93.0
2000-01-19;104.0;1;104.0
2000-01-20;104.0;1;104.0
2000-01-21;93.0;1;93.0
2000-01-22;93.0;1;93.0
2000-01-23;93.0;1;93.0
2000-01-24;95.2;1;95.2
2000-01-25;90.9;1;90.9
2000-01-26;91.9;1;91.9
2000-01-27;72.0;1;72.0
2000-01-28;72.0;1;72.0
2000-01-29;72.0;1;72.0
2000-01-30;72.0;1;72.0
2000-01-31;72.0;1;72.0
2000-02-01;93.0;2;93.0
2000-02-02;93.0;2;93.0
2000-02-03;93.0;2;93.0
2000-02-04;93.0;2;93.0
2000-02-05;93.0;2;93.0
2000-02-06;93.0;2;93.0
2000-02-07;93.0;2;93.0
2000-02-08;93.0;2;93.0
2000-02-09;93.0;2;93.0
2000-02-10;98.5;2;98.5
2000-02-11;98.5;2;98.5
2000-02-12;93.0;2;93.0
2000-02-13;93.0;2;93.0
2000-02-14;93.0;2;93.0
2000-02-15;32.0;2;32.0
2000-02-16;98.5;2;98.5
2000-02-17;98.5;2;98.5
2000-02-18;98.5;2;98.5
2000-02-19;98.5;2;98.5
2000-02-20;98.5;2;98.5
2000-02-21;98.5;2;98.5
2000-02-22;98.5;2;98.5
2000-02-23;101.8;2;101.8
2000-02-24;101.8;2;101.8
2000-02-25;96.3;2;96.3
2000-02-26;102.9;2;102.9
2000-02-27;102.9;2;102.9
2000-02-28;102.9;2;102.9
2000-02-29;102.9;2;102.9
2000-03-01;101.8;3;101.8
2000-03-02;101.8;3;101.8
2000-03-03;1.5;3;1.5
2000-03-04;1.5;3;1.5
2000-03-05;1.5;3;1.5
2000-03-06;1.5;3;1.5
2000-03-07;1.5;3;1.5
2000-03-08;1.5;3;1.5
2000-03-09;1.5;3;1.5
2000-03-10;1.5;3;1.5
2000-03-11;1.5;3;1.5
2000-03-12;1.5;3;1.5
2000-03-13;1.5;3;1.5
2000-03-14;1.6;3;1.6
2000-03-15;1.5;3;1.5
2000-03-16;1.5;3;1.5
2000-03-17;1.5;3;1.5
2000-03-18;16.8;3;16.8
2000-03-19;43.0;3;43.0
2000-03-20;84.6;3;84.6
2000-03-21;86.7;3;86.7
2000-03-22;87.8;3;87.8
2000-03-23;72.0;3;72.0
2000-03-24;72.0;3;72.0
2000-03-25;19.5;3;19.5
2000-03-26;32.0;3;32.0
2000-03-27;50.0;3;50.0
2000-03-28;50.0;3;50.0
2000-03-29;50.0;3;50.0
2000-03-30;50.0;3;50.0
2000-03-31;50.0;3;50.0
2000-04-01;66.3;4;66.3
2000-04-02;82.5;4;82.5
2000-04-03;82.5;4;82.5
2000-04-04;53.3;4;53.3
2000-04-05;61.0;4;61.0
2000-04-06;50.0;4;50.0
2000-04-07;82.5;4;82.5
2000-04-08;48.2;4;48.2
2000-04-09;50.0;4;50.0
2000-04-10;54.4;4;54.4
2000-04-11;82.5;4;82.5
2000-04-12;80.4;4;80.4
2000-04-13;80.4;4;80.4
2000-04-14;32.0;4;32.0
2000-04-15;72.0;4;72.0
2000-04-16;87.8;4;87.8
2000-04-17;55.5;4;55.5
2000-04-18;72.0;4;72.0
2000-04-19;72.0;4;72.0
2000-04-20;87.8;4;87.8
2000-04-21;93.0;4;93.0
2000-04-22;93.0;4;93.0
2000-04-23;98.5;4;98.5
2000-04-24;98.5;4;98.5
2000-04-25;93.0;4;93.0
2000-04-26;98.5;4;98.5
2000-04-27;98.5;4;98.5
2000-04-28;93.0;4;93.0
2000-04-29;93.0;4;93.0
2000-04-30;95.2;4;95.2
2000-05-01;95.2;5;95.2
2000-05-02;97.4;5;97.4
2000-05-03;87.8;5;87.8
2000-05-04;87.8;5;87.8
2000-05-05;87.8;5;87.8
2000-05-06;87.8;5;87.8
2000-05-07;87.8;5;87.8
2000-05-08;93.0;5;93.0
2000-05-09;98.5;5;98.5
2000-05-10;98.5;5;98.5
2000-05-11;93.0;5;93.0
2000-05-12;98.5;5;98.5
2000-05-13;97.4;5;97.4
2000-05-14;66.5;5;66.5
2000-05-15;98.5;5;98.5
2000-05-16;101.8;5;101.8
2000-05-17;101.8;5;101.8
2000-05-18;101.8;5;101.8
2000-05-19;101.8;5;101.8
2000-05-20;101.8;5;101.8
2000-05-21;61.0;5;61.0
2000-05-22;87.8;5;87.8
2000-05-23;98.5;5;98.5
2000-05-24;98.5;5;98.5
2000-05-25;98.5;5;98.5
2000-05-26;87.8;5;87.8
2000-05-27;87.8;5;87.8
2000-05-28;98.5;5;98.5
2000-05-29;98.5;5;98.5
2000-05-30;98.5;5;98.5
2000-05-31;101.8;5;101.8
2000-06-01;93.0;6;93.0
2000-06-02;93.0;6;93.0
2000-06-03;93.0;6;93.0
2000-06-04;61.0;6;61.0
2000-06-05;61.0;6;61.0
2000-06-06;61.0;6;61.0
2000-06-07;87.8;6;87.8
2000-06-08;90.9;6;90.9
2000-06-09;90.9;6;90.9
2000-06-10;90.9;6;90.9
2000-06-11;90.9;6;90.9
2000-06-12;90.9;6;90.9
2000-06-13;66.5;6;66.5
2000-06-14;66.5;6;66.5
2000-06-15;66.5;6;66.5
2000-06-16;71.8;6;71.8
2000-06-17;36.8;6;36.8
2000-06-18;36.8;6;36.8
2000-06-19;36.8;6;36.8
2000-06-20;36.8;6;36.8
2000-06-21;36.8;6;36.8
2000-06-22;36.8;6;36.8
2000-06-23;36.8;6;36.8
2000-06-24;87.8;6;87.8
2000-06-25;32.4;6;32.4
2000-06-26;34.0;6;34.0
2000-06-27;34.0;6;34.0
2000-06-28;34.0;6;34.0
2000-06-29;34.0;6;34.0
2000-06-30;34.0;6;34.0
2000-07-01;34.0;7;34.0
2000-07-02;2.8;7;2.8
2000-07-03;2.8;7;2.8
2000-07-04;31.9;7;31.9
2000-07-05;31.9;7;31.9
2000-07-06;31.9;7;31.9
2000-07-07;42.7;7;42.7
2000-07-08;44.9;7;44.9
2000-07-09;44.9;7;44.9
2000-07-10;44.9;7;44.9
2000-07-11;42.8;7;42.8
2000-07-12;37.0;7;37.0
2000-07-13;37.0;7;37.0
2000-07-14;39.5;7;39.5
2000-07-15;39.5;7;39.5
2000-07-16;43.7;7;43.7
2000-07-17;43.7;7;43.7
2000-07-18;43.7;7;43.7
2000-07-19;43.7;7;43.7
2000-07-20;43.7;7;43.7
2000-07-21;43.7;7;43.7
2000-07-22;43.7;7;43.7
2000-07-23;43.7;7;43.7
2000-07-24;43.7;7;43.7
2000-07-25;43.7;7;43.7
2000-07-26;7.0;7;7.0
2000-07-27;34.0;7;34.0
2000-07-28;34.0;7;34.0
2000-07-29;34.0;7;34.0
2000-07-30;34.0;7;34.0
2000-07-31;34.0;7;34.0
2000-08-01;32.4;8;32.4
2000-08-02;32.4;8;32.4
2000-08-03;32.4;8;32.4
2000-08-04;32.4;8;32.4
2000-08-05;32.4;8;32.4
2000-08-06;32.4;8;32.4
2000-08-07;32.4;8;32.4
2000-08-08;32.4;8;32.4
2000-08-09;32.4;8;32.4
2000-08-10;32.4;8;32.4
2000-08-11;32.4;8;32.4
2000-08-12;32.4;8;32.4
2000-08-13;32.4;8;32.4
2000-08-14;32.4;8;32.4
2000-08-15;32.4;8;32.4
2000-08-16;32.4;8;32.4
2000-08-17;32.4;8;32.4
2000-08-18;32.4;8;32.4
2000-08-19;32.4;8;32.4
2000-08-20;32.4;8;32.4
2000-08-21;32.4;8;32.4
2000-08-22;32.4;8;32.4
2000-08-23;31.4;8;31.4
2000-08-24;1.8;8;1.8
2000-08-25;1.8;8;1.8
2000-08-26;1.8;8;1.8
2000-08-27;1.8;8;1.8
2000-08-28;1.8;8;1.8
2000-08-29;1.8;8;1.8
2000-08-30;1.8;8;1.8
2000-08-31;1.8;8;1.8
2000-09-01;1.8;9;1.8
2000-09-02;1.8;9;1.8
2000-09-03;1.8;9;1.8
2000-09-04;1.8;9;1.8
2000-09-05;1.8;9;1.8
2000-09-06;4.0;9;4.0
2000-09-07;1.8;9;1.8
2000-09-08;1.8;9;1.8
2000-09-09;3.0;9;3.0
2000-09-10;3.0;9;3.0
2000-09-11;3.0;9;3.0
2000-09-12;7.0;9;7.0
2000-09-13;7.0;9;7.0
2000-09-14;34.0;9;34.0
2000-09-15;34.0;9;34.0
2000-09-16;34.0;9;34.0
2000-09-17;34.0;9;34.0
2000-09-18;34.0;9;34.0
2000-09-19;34.0;9;34.0
2000-09-20;34.0;9;34.0
2000-09-21;34.0;9;34.0
2000-09-22;34.0;9;34.0
2000-09-23;2.8;9;2.8
2000-09-24;1.8;9;1.8
2000-09-25;1.8;9;1.8
2000-09-26;1.8;9;1.8
2000-09-27;2.3;9;2.3
2000-09-28;3.7;9;3.7
2000-09-29;4.5;9;4.5
2000-09-30;4.5;9;4.5
2000-10-01;31.5;10;31.5
2000-10-02;31.5;10;31.5
2000-10-03;31.5;10;31.5
2000-10-04;31.9;10;31.9
2000-10-05;32.0;10;32.0
2000-10-06;31.9;10;31.9
2000-10-07;31.9;10;31.9
2000-10-08;31.9;10;31.9
2000-10-09;31.9;10;31.9
2000-10-10;31.9;10;31.9
2000-10-11;31.9;10;31.9
2000-10-12;31.9;10;31.9
2000-10-13;31.9;10;31.9
2000-10-14;31.9;10;31.9
2000-10-15;31.9;10;31.9
2000-10-16;31.9;10;31.9
2000-10-17;31.9;10;31.9
2000-10-18;31.9;10;31.9
2000-10-19;31.9;10;31.9
2000-10-20;31.9;10;31.9
2000-10-21;31.9;10;31.9
2000-10-22;31.9;10;31.9
2000-10-23;59.9;10;59.9
2000-10-24;41.1;10;41.1
2000-10-25;41.1;10;41.1
2000-10-26;42.4;10;42.4
2000-10-27;42.3;10;42.3
2000-10-28;42.3;10;42.3
2000-10-29;42.4;10;42.4
2000-10-30;42.3;10;42.3
2000-10-31;42.6;10;42.6
2000-11-01;72.0;11;72.0
2000-11-02;72.0;11;72.0
2000-11-03;72.0;11;72.0
2000-11-04;72.0;11;72.0
2000-11-05;72.0;11;72.0
2000-11-06;38.0;11;38.0
2000-11-07;2.8;11;2.8
2000-11-08;2.8;11;2.8
2000-11-09;2.8;11;2.8
2000-11-10;2.8;11;2.8
2000-11-11;61.0;11;61.0
2000-11-12;61.0;11;61.0
2000-11-13;61.0;11;61.0
2000-11-14;61.0;11;61.0
2000-11-15;61.0;11;61.0
2000-11-16;61.0;11;61.0
2000-11-17;61.0;11;61.0
2000-11-18;63.2;11;63.2
2000-11-19;91.9;11;91.9
2000-11-20;57.5;11;57.5
2000-11-21;23.0;11;23.0
2000-11-22;23.0;11;23.0
2000-11-23;23.0;11;23.0
2000-11-24;23.0;11;23.0
2000-11-25;23.0;11;23.0
2000-11-26;2.8;11;2.8
2000-11-27;2.8;11;2.8
2000-11-28;4.9;11;4.9
2000-11-29;7.0;11;7.0
2000-11-30;7.0;11;7.0
2000-12-01;7.0;12;7.0
2000-12-02;7.0;12;7.0
2000-12-03;7.0;12;7.0
2000-12-04;7.0;12;7.0
2000-12-05;7.0;12;7.0
2000-12-06;39.5;12;39.5
2000-12-07;72.0;12;72.0
2000-12-08;40.5;12;40.5
2000-12-09;26.5;12;26.5
2000-12-10;21.8;12;21.8
2000-12-11;27.3;12;27.3
2000-12-12;27.7;12;27.7
2000-12-13;26.9;12;26.9
2000-12-14;27.8;12;27.8
2000-12-15;29.3;12;29.3
2000-12-16;37.6;12;37.6
2000-12-17;59.4;12;59.4
2000-12-18;29.8;12;29.8
2000-12-19;26.7;12;26.7
2000-12-20;33.2;12;33.2
2000-12-21;93.6;12;93.6
2000-12-22;84.0;12;84.0
2000-12-23;27.8;12;27.8
2000-12-24;24.2;12;24.2
2000-12-25;24.7;12;24.7
2000-12-26;26.9;12;26.9
2000-12-27;26.3;12;26.3
2000-12-28;47.1;12;47.1
2000-12-29;33.7;12;33.7
2000-12-30;50.1;12;50.1
2000-12-31;33.7;12;33.7
2001-01-01;34.9;1;34.9
2001-01-02;30.9;1;30.9
2001-01-03;30.7;1;30.7
2001-01-04;31.4;1;31.4
2001-01-05;11.2;1;11.2
2001-01-06;11.2;1;11.2
2001-01-07;11.2;1;11.2
2001-01-08;11.2;1;11.2
2001-01-09;11.2;1;11.2
2001-01-10;11.2;1;11.2
2001-01-11;11.2;1;11.2
2001-01-12;11.2;1;11.2
2001-01-13;11.2;1;11.2
2001-01-14;11.2;1;11.2
2001-01-15;10.0;1;10.0
2001-01-16;3.0;1;3.0
2001-01-17;3.0;1;3.0
2001-01-18;3.0;1;3.0
2001-01-19;3.0;1;3.0
2001-01-20;2.5;1;2.5
2001-01-21;2.5;1;2.5
2001-01-22;3.0;1;3.0
2001-01-23;13.0;1;13.0
2001-01-24;3.0;1;3.0
2001-01-25;3.0;1;3.0
2001-01-26;3.0;1;3.0
2001-01-27;3.0;1;3.0
2001-01-28;3.0;1;3.0
2001-01-29;3.0;1;3.0
2001-01-30;10.0;1;10.0
2001-01-31;10.0;1;10.0
2001-02-01;10.0;2;10.0
2001-02-02;10.0;2;10.0
2001-02-03;10.9;2;10.9
2001-02-04;10.9;2;10.9
2001-02-05;53.0;2;53.0
2001-02-06;52.6;2;52.6
2001-02-07;54.2;2;54.2
2001-02-08;54.2;2;54.2
2001-02-09;51.5;2;51.5
2001-02-10;51.5;2;51.5
2001-02-11;53.0;2;53.0
2001-02-12;54.3;2;54.3
2001-02-13;54.3;2;54.3
2001-02-14;50.0;2;50.0
2001-02-15;7.0;2;7.0
2001-02-16;7.0;2;7.0
2001-02-17;7.0;2;7.0
2001-02-18;8.5;2;8.5
2001-02-19;8.5;2;8.5
2001-02-20;9.3;2;9.3
2001-02-21;7.0;2;7.0
2001-02-22;9.4;2;9.4
2001-02-23;9.4;2;9.4
2001-02-24;6.7;2;6.7
2001-02-25;7.0;2;7.0
2001-02-26;7.0;2;7.0
2001-02-27;6.8;2;6.8
2001-02-28;7.0;2;7.0
2001-03-01;101.8;3;101.8
2001-03-02;98.5;3;98.5
2001-03-03;8.5;3;8.5
2001-03-04;8.5;3;8.5
2001-03-05;7.0;3;7.0
2001-03-06;101.8;3;101.8
2001-03-07;101.8;3;101.8
2001-03-08;101.8;3;101.8
2001-03-09;101.8;3;101.8
2001-03-10;7.0;3;7.0
2001-03-11;7.0;3;7.0
2001-03-12;98.5;3;98.5
2001-03-13;98.5;3;98.5
2001-03-14;98.5;3;98.5
2001-03-15;98.5;3;98.5
2001-03-16;98.5;3;98.5
2001-03-17;101.8;3;101.8
2001-03-18;101.8;3;101.8
2001-03-19;104.0;3;104.0
2001-03-20;98.5;3;98.5
2001-03-21;98.5;3;98.5
2001-03-22;52.8;3;52.8
2001-03-23;58.5;3;58.5
2001-03-24;104.0;3;104.0
2001-03-25;104.0;3;104.0
2001-03-26;98.5;3;98.5
2001-03-27;7.0;3;7.0
2001-03-28;7.0;3;7.0
2001-03-29;6.7;3;6.7
2001-03-30;6.7;3;6.7
2001-03-31;5.5;3;5.5
2001-04-01;5.5;4;5.5
2001-04-02;5.5;4;5.5
2001-04-03;70.9;4;70.9
2001-04-04;70.9;4;70.9
2001-04-05;70.9;4;70.9
2001-04-06;93.0;4;93.0
2001-04-07;93.0;4;93.0
2001-04-08;104.0;4;104.0
2001-04-09;101.8;4;101.8
2001-04-10;101.8;4;101.8
2001-04-11;101.8;4;101.8
2001-04-12;7.0;4;7.0
2001-04-13;7.0;4;7.0
2001-04-14;6.4;4;6.4
2001-04-15;7.0;4;7.0
2001-04-16;7.0;4;7.0
2001-04-17;6.4;4;6.4
2001-04-18;6.4;4;6.4
2001-04-19;6.4;4;6.4
2001-04-20;6.1;4;6.1
2001-04-21;6.4;4;6.4
2001-04-22;6.4;4;6.4
2001-04-23;7.0;4;7.0
2001-04-24;7.0;4;7.0
2001-04-25;101.8;4;101.8
2001-04-26;101.8;4;101.8
2001-04-27;101.8;4;101.8
2001-04-28;69.8;4;69.8
2001-04-29;69.8;4;69.8
2001-04-30;69.8;4;69.8
2001-05-01;6.1;5;6.1
2001-05-02;5.5;5;5.5
2001-05-03;4.0;5;4.0
2001-05-04;6.1;5;6.1
2001-05-05;6.1;5;6.1
2001-05-06;6.1;5;6.1
2001-05-07;4.0;5;4.0
2001-05-08;4.0;5;4.0
2001-05-09;4.0;5;4.0
2001-05-10;4.0;5;4.0
2001-05-11;4.0;5;4.0
2001-05-12;7.0;5;7.0
2001-05-13;7.0;5;7.0
2001-05-14;7.0;5;7.0
2001-05-15;6.1;5;6.1
2001-05-16;6.1;5;6.1
2001-05-17;6.1;5;6.1
2001-05-18;4.6;5;4.6
2001-05-19;4.3;5;4.3
2001-05-20;4.0;5;4.0
2001-05-21;4.0;5;4.0
2001-05-22;4.0;5;4.0
2001-05-23;4.0;5;4.0
2001-05-24;4.0;5;4.0
2001-05-25;5.1;5;5.1
2001-05-26;6.1;5;6.1
2001-05-27;4.0;5;4.0
2001-05-28;4.0;5;4.0
2001-05-29;4.0;5;4.0
2001-05-30;4.0;5;4.0
2001-05-31;4.0;5;4.0
2001-06-01;4.0;6;4.0
2001-06-02;4.0;6;4.0
2001-06-03;4.0;6;4.0
2001-06-04;4.0;6;4.0
2001-06-05;4.0;6;4.0
2001-06-06;4.0;6;4.0
2001-06-07;4.0;6;4.0
2001-06-08;4.0;6;4.0
2001-06-09;4.0;6;4.0
2001-06-10;4.0;6;4.0
2001-06-11;4.0;6;4.0
2001-06-12;4.0;6;4.0
2001-06-13;4.0;6;4.0
2001-06-14;4.0;6;4.0
2001-06-15;4.0;6;4.0
2001-06-16;101.8;6;101.8
2001-06-17;4.0;6;4.0
2001-06-18;4.0;6;4.0
2001-06-19;4.0;6;4.0
2001-06-20;4.0;6;4.0
2001-06-21;4.0;6;4.0
2001-06-22;4.0;6;4.0
2001-06-23;4.0;6;4.0
2001-06-24;93.0;6;93.0
2001-06-25;4.0;6;4.0
2001-06-26;4.0;6;4.0
2001-06-27;3.0;6;3.0
2001-06-28;3.0;6;3.0
2001-06-29;3.0;6;3.0
2001-06-30;3.0;6;3.0
2001-07-01;3.0;7;3.0
2001-07-02;3.0;7;3.0
2001-07-03;3.0;7;3.0
2001-07-04;3.0;7;3.0
2001-07-05;3.0;7;3.0
2001-07-06;3.0;7;3.0
2001-07-07;3.0;7;3.0
2001-07-08;3.0;7;3.0
2001-07-09;3.0;7;3.0
2001-07-10;3.0;7;3.0
2001-07-11;3.0;7;3.0
2001-07-12;3.0;7;3.0
2001-07-13;3.0;7;3.0
2001-07-14;3.0;7;3.0
2001-07-15;3.0;7;3.0
2001-07-16;3.0;7;3.0
2001-07-17;3.0;7;3.0
2001-07-18;3.0;7;3.0
2001-07-19;3.0;7;3.0
2001-07-20;3.0;7;3.0
2001-07-21;3.0;7;3.0
2001-07-22;3.0;7;3.0
2001-07-23;3.0;7;3.0
2001-07-24;3.0;7;3.0
2001-07-25;3.0;7;3.0
2001-07-26;3.0;7;3.0
2001-07-27;3.0;7;3.0
2001-07-28;3.0;7;3.0
2001-07-29;3.0;7;3.0
2001-07-30;3.0;7;3.0
2001-07-31;3.0;7;3.0
2001-08-01;1.0;8;1.0
2001-08-02;1.0;8;1.0
2001-08-03;1.0;8;1.0
2001-08-04;1.0;8;1.0
2001-08-05;1.0;8;1.0
2001-08-06;1.0;8;1.0
2001-08-07;1.0;8;1.0
2001-08-08;1.0;8;1.0
2001-08-09;1.0;8;1.0
2001-08-10;1.0;8;1.0
2001-08-11;1.0;8;1.0
2001-08-12;1.0;8;1.0
2001-08-13;1.0;8;1.0
2001-08-14;1.0;8;1.0
2001-08-15;1.0;8;1.0
2001-08-16;1.0;8;1.0
2001-08-17;1.0;8;1.0
2001-08-18;1.0;8;1.0
2001-08-19;1.0;8;1.0
2001-08-20;1.0;8;1.0
2001-08-21;1.0;8;1.0
2001-08-22;1.0;8;1.0
2001-08-23;1.0;8;1.0
2001-08-24;1.0;8;1.0
2001-08-25;1.0;8;1.0
2001-08-26;1.0;8;1.0
2001-08-27;1.0;8;1.0
2001-08-28;1.0;8;1.0
2001-08-29;1.0;8;1.0
2001-08-30;1.0;8;1.0
2001-08-31;1.0;8;1.0
2001-09-01;1.0;9;1.0
2001-09-02;1.0;9;1.0
2001-09-03;1.0;9;1.0
2001-09-04;1.0;9;1.0
2001-09-05;1.0;9;1.0
2001-09-06;1.0;9;1.0
2001-09-07;1.0;9;1.0
2001-09-08;1.0;9;1.0
2001-09-09;1.0;9;1.0
2001-09-10;1.0;9;1.0
2001-09-11;3.8;9;3.8
2001-09-12;6.7;9;6.7
2001-09-13;6.7;9;6.7
2001-09-14;3.6;9;3.6
2001-09-15;3.2;9;3.2
2001-09-16;3.2;9;3.2
2001-09-17;3.2;9;3.2
2001-09-18;3.2;9;3.2
2001-09-19;3.2;9;3.2
2001-09-20;3.1;9;3.1
2001-09-21;2.9;9;2.9
2001-09-22;2.9;9;2.9
2001-09-23;2.9;9;2.9
2001-09-24;3.2;9;3.2
2001-09-25;3.0;9;3.0
2001-09-26;3.0;9;3.0
2001-09-27;3.0;9;3.0
2001-09-28;3.0;9;3.0
2001-09-29;3.9;9;3.9
2001-09-30;3.9;9;3.9
2001-10-01;3.9;10;3.9
2001-10-02;3.0;10;3.0
2001-10-03;3.0;10;3.0
2001-10-04;2.9;10;2.9
2001-10-05;2.9;10;2.9
2001-10-06;3.0;10;3.0
2001-10-07;3.0;10;3.0
2001-10-08;3.0;10;3.0
2001-10-09;3.0;10;3.0
2001-10-10;3.0;10;3.0
2001-10-11;3.0;10;3.0
2001-10-12;3.0;10;3.0
2001-10-13;3.0;10;3.0
2001-10-14;3.0;10;3.0
2001-10-15;3.0;10;3.0
2001-10-16;4.0;10;4.0
2001-10-17;6.1;10;6.1
2001-10-18;6.1;10;6.1
2001-10-19;4.0;10;4.0
2001-10-20;4.9;10;4.9
2001-10-21;4.9;10;4.9
2001-10-22;4.9;10;4.9
2001-10-23;4.9;10;4.9
2001-10-24;4.9;10;4.9
2001-10-25;4.0;10;4.0
2001-10-26;4.0;10;4.0
2001-10-27;4.0;10;4.0
2001-10-28;4.0;10;4.0
2001-10-29;4.0;10;4.0
2001-10-30;4.0;10;4.0
2001-10-31;4.0;10;4.0
2001-11-01;3.8;11;3.8
2001-11-02;3.8;11;3.8
2001-11-03;4.9;11;4.9
2001-11-04;4.6;11;4.6
2001-11-05;4.3;11;4.3
2001-11-06;4.6;11;4.6
2001-11-07;4.0;11;4.0
2001-11-08;4.0;11;4.0
2001-11-09;4.0;11;4.0
2001-11-10;3.8;11;3.8
2001-11-11;3.9;11;3.9
2001-11-12;4.0;11;4.0
2001-11-13;4.0;11;4.0
2001-11-14;4.0;11;4.0
2001-11-15;3.8;11;3.8
2001-11-16;4.0;11;4.0
2001-11-17;4.0;11;4.0
2001-11-18;4.0;11;4.0
2001-11-19;4.6;11;4.6
2001-11-20;6.4;11;6.4
2001-11-21;72.0;11;72.0
2001-11-22;82.5;11;82.5
2001-11-23;72.0;11;72.0
2001-11-24;72.0;11;72.0
2001-11-25;72.0;11;72.0
2001-11-26;72.0;11;72.0
2001-11-27;69.8;11;69.8
2001-11-28;72.0;11;72.0
2001-11-29;72.0;11;72.0
2001-11-30;74.1;11;74.1
2001-12-01;74.1;12;74.1
2001-12-02;61.0;12;61.0
2001-12-03;61.0;12;61.0
2001-12-04;61.0;12;61.0
2001-12-05;72.0;12;72.0
2001-12-06;72.0;12;72.0
2001-12-07;61.0;12;61.0
2001-12-08;67.6;12;67.6
2001-12-09;67.6;12;67.6
2001-12-10;69.8;12;69.8
2001-12-11;69.8;12;69.8
2001-12-12;72.0;12;72.0
2001-12-13;72.0;12;72.0
2001-12-14;72.0;12;72.0
2001-12-15;72.0;12;72.0
2001-12-16;74.1;12;74.1
2001-12-17;74.1;12;74.1
2001-12-18;74.1;12;74.1
2001-12-19;72.0;12;72.0
2001-12-20;72.0;12;72.0
2001-12-21;72.0;12;72.0
2001-12-22;72.0;12;72.0
2001-12-23;69.8;12;69.8
2001-12-24;69.8;12;69.8
2001-12-25;69.8;12;69.8
2001-12-26;72.0;12;72.0
2001-12-27;74.1;12;74.1
2001-12-28;74.1;12;74.1
2001-12-29;74.1;12;74.1
2001-12-30;72.0;12;72.0
2001-12-31;72.0;12;72.0
2002-01-01;6.1;1;6.1
2002-01-02;6.1;1;6.1
2002-01-03;6.1;1;6.1
2002-01-04;6.1;1;6.1
2002-01-05;58.8;1;58.8
2002-01-06;58.8;1;58.8
2002-01-07;58.8;1;58.8
2002-01-08;61.0;1;61.0
2002-01-09;61.0;1;61.0
2002-01-10;58.8;1;58.8
2002-01-11;58.8;1;58.8
2002-01-12;58.8;1;58.8
2002-01-13;58.8;1;58.8
2002-01-14;58.8;1;58.8
2002-01-15;58.8;1;58.8
2002-01-16;58.8;1;58.8
2002-01-17;1.9;1;1.9
2002-01-18;56.6;1;56.6
2002-01-19;2.3;1;2.3
2002-01-20;2.3;1;2.3
2002-01-21;61.0;1;61.0
2002-01-22;2.3;1;2.3
2002-01-23;2.3;1;2.3
2002-01-24;2.4;1;2.4
2002-01-25;2.3;1;2.3
2002-01-26;2.3;1;2.3
2002-01-27;2.3;1;2.3
2002-01-28;2.3;1;2.3
2002-01-29;2.3;1;2.3
2002-01-30;30.55;1;30.55
2002-01-31;30.55;1;30.55
2002-02-01;61.0;2;61.0
2002-02-02;61.0;2;61.0
2002-02-03;3.0;2;3.0
2002-02-04;3.0;2;3.0
2002-02-05;3.0;2;3.0
2002-02-06;2.9;2;2.9
2002-02-07;2.8;2;2.8
2002-02-08;2.75;2;2.75
2002-02-09;6.1;2;6.1
2002-02-10;6.1;2;6.1
2002-02-11;6.1;2;6.1
2002-02-12;6.1;2;6.1
2002-02-13;6.1;2;6.1
2002-02-14;6.1;2;6.1
2002-02-15;4.25;2;4.25
2002-02-16;2.4;2;2.4
2002-02-17;2.4;2;2.4
2002-02-18;2.4;2;2.4
2002-02-19;2.4;2;2.4
2002-02-20;2.4;2;2.4
2002-02-21;2.4;2;2.4
2002-02-22;2.4;2;2.4
2002-02-23;2.3;2;2.3
2002-02-24;2.3;2;2.3
2002-02-25;2.3;2;2.3
2002-02-26;2.3;2;2.3
2002-02-27;2.3;2;2.3
2002-02-28;2.3;2;2.3
2002-03-01;2.3;3;2.3
2002-03-02;2.3;3;2.3
2002-03-03;2.3;3;2.3
2002-03-04;89.85;3;89.85
2002-03-05;89.85;3;89.85
2002-03-06;89.85;3;89.85
2002-03-07;3.0;3;3.0
2002-03-08;2.3;3;2.3
2002-03-09;2.3;3;2.3
2002-03-10;2.3;3;2.3
2002-03-11;2.3;3;2.3
2002-03-12;2.3;3;2.3
2002-03-13;8.2;3;8.2
2002-03-14;6.4;3;6.4
2002-03-15;8.2;3;8.2
2002-03-16;7.6;3;7.6
2002-03-17;8.2;3;8.2
2002-03-18;5.8;3;5.8
2002-03-19;5.8;3;5.8
2002-03-20;5.8;3;5.8
2002-03-21;8.35;3;8.35
2002-03-22;5.8;3;5.8
2002-03-23;90.9;3;90.9
2002-03-24;74.85;3;74.85
2002-03-25;6.4;3;6.4
2002-03-26;6.4;3;6.4
2002-03-27;5.2;3;5.2
2002-03-28;6.7;3;6.7
2002-03-29;5.5;3;5.5
2002-03-30;6.1;3;6.1
2002-03-31;6.1;3;6.1
2002-04-01;89.85;4;89.85
2002-04-02;89.85;4;89.85
2002-04-03;89.85;4;89.85
2002-04-04;89.85;4;89.85
2002-04-05;89.85;4;89.85
2002-04-06;89.85;4;89.85
2002-04-07;89.85;4;89.85
2002-04-08;89.85;4;89.85
2002-04-09;89.85;4;89.85
2002-04-10;89.85;4;89.85
2002-04-11;89.85;4;89.85
2002-04-12;89.85;4;89.85
2002-04-13;89.71;4;89.71
2002-04-14;85.88;4;85.88
2002-04-15;86.87;4;86.87
2002-04-16;77.64;4;77.64
2002-04-17;63.29;4;63.29
2002-04-18;93.22;4;93.22
2002-04-19;93.53;4;93.53
2002-04-20;92.95;4;92.95
2002-04-21;92.47;4;92.47
2002-04-22;92.39;4;92.39
2002-04-23;92.56;4;92.56
2002-04-24;91.43;4;91.43
2002-04-25;94.41;4;94.41
2002-04-26;95.06;4;95.06
2002-04-27;79.78;4;79.78
2002-04-28;94.12;4;94.12
2002-04-29;85.72;4;85.72
2002-04-30;81.74;4;81.74
2002-05-01;38.86;5;38.86
2002-05-02;50.92;5;50.92
2002-05-03;58.68;5;58.68
2002-05-04;50.94;5;50.94
2002-05-05;58.8;5;58.8
2002-05-06;59.49;5;59.49
2002-05-07;60.68;5;60.68
2002-05-08;59.9;5;59.9
2002-05-09;60.59;5;60.59
2002-05-10;59.72;5;59.72
2002-05-11;62.51;5;62.51
2002-05-12;59.95;5;59.95
2002-05-13;59.35;5;59.35
2002-05-14;58.8;5;58.8
2002-05-15;19.01;5;19.01
2002-05-16;58.8;5;58.8
2002-05-17;58.8;5;58.8
2002-05-18;59.51;5;59.51
2002-05-19;58.8;5;58.8
2002-05-20;58.62;5;58.62
2002-05-21;61.27;5;61.27
2002-05-22;63.11;5;63.11
2002-05-23;63.2;5;63.2
2002-05-24;62.83;5;62.83
2002-05-25;61.55;5;61.55
2002-05-26;62.35;5;62.35
2002-05-27;62.88;5;62.88
2002-05-28;65.03;5;65.03
2002-05-29;72.35;5;72.35
2002-05-30;96.71;5;96.71
2002-05-31;83.85;5;83.85
2002-06-01;76.26;6;76.26
2002-06-02;95.42;6;95.42
2002-06-03;96.55;6;96.55
2002-06-04;73.41;6;73.41
2002-06-05;79.5;6;79.5
2002-06-06;83.2;6;83.2
2002-06-07;50.94;6;50.94
2002-06-08;80.58;6;80.58
2002-06-09;90.16;6;90.16
2002-06-10;88.95;6;88.95
2002-06-11;85.96;6;85.96
2002-06-12;89.08;6;89.08
2002-06-13;91.43;6;91.43
2002-06-14;90.57;6;90.57
2002-06-15;87.51;6;87.51
2002-06-16;88.8;6;88.8
2002-06-17;88.8;6;88.8
2002-06-18;88.8;6;88.8
2002-06-19;88.8;6;88.8
2002-06-20;88.8;6;88.8
2002-06-21;88.8;6;88.8
2002-06-22;88.8;6;88.8
2002-06-23;88.8;6;88.8
2002-06-24;88.8;6;88.8
2002-06-25;88.8;6;88.8
2002-06-26;61.0;6;61.0
2002-06-27;61.0;6;61.0
2002-06-28;61.0;6;61.0
2002-06-29;61.0;6;61.0
2002-06-30;61.0;6;61.0
2002-07-01;61.0;7;61.0
2002-07-02;61.0;7;61.0
2002-07-03;61.0;7;61.0
2002-07-04;61.0;7;61.0
2002-07-05;61.0;7;61.0
2002-07-06;61.0;7;61.0
2002-07-07;61.0;7;61.0
2002-07-08;61.0;7;61.0
2002-07-09;61.0;7;61.0
2002-07-10;61.0;7;61.0
2002-07-11;61.0;7;61.0
2002-07-12;61.0;7;61.0
2002-07-13;61.0;7;61.0
2002-07-14;61.0;7;61.0
2002-07-15;61.0;7;61.0
2002-07-16;61.0;7;61.0
2002-07-17;2.6;7;2.6
2002-07-18;2.6;7;2.6
2002-07-19;2.6;7;2.6
2002-07-20;2.6;7;2.6
2002-07-21;61.0;7;61.0
2002-07-22;2.6;7;2.6
2002-07-23;2.6;7;2.6
2002-07-24;2.6;7;2.6
2002-07-25;2.6;7;2.6
2002-07-26;2.6;7;2.6
2002-07-27;2.6;7;2.6
2002-07-28;2.6;7;2.6
2002-07-29;2.6;7;2.6
2002-07-30;2.6;7;2.6
2002-07-31;2.6;7;2.6
2002-08-01;2.6;8;2.6
2002-08-02;2.6;8;2.6
2002-08-03;2.6;8;2.6
2002-08-04;2.7;8;2.7
2002-08-05;2.6;8;2.6
2002-08-06;2.7;8;2.7
2002-08-07;2.6;8;2.6
2002-08-08;2.7;8;2.7
2002-08-09;2.6;8;2.6
2002-08-10;21.8;8;21.8
2002-08-11;21.5;8;21.5
2002-08-12;2.6;8;2.6
2002-08-13;2.6;8;2.6
2002-08-14;2.6;8;2.6
2002-08-15;2.6;8;2.6
2002-08-16;3.0;8;3.0
2002-08-17;3.3;8;3.3
2002-08-18;3.3;8;3.3
2002-08-19;3.3;8;3.3
2002-08-20;3.3;8;3.3
2002-08-21;3.3;8;3.3
2002-08-22;3.3;8;3.3
2002-08-23;3.3;8;3.3
2002-08-24;3.55;8;3.55
2002-08-25;3.3;8;3.3
2002-08-26;1.3;8;1.3
2002-08-27;1.15;8;1.15
2002-08-28;1.0;8;1.0
2002-08-29;1.0;8;1.0
2002-08-30;1.0;8;1.0
2002-08-31;1.0;8;1.0
2002-09-01;1.0;9;1.0
2002-09-02;1.0;9;1.0
2002-09-03;1.0;9;1.0
2002-09-04;1.0;9;1.0
2002-09-05;1.0;9;1.0
2002-09-06;1.0;9;1.0
2002-09-07;1.0;9;1.0
2002-09-08;1.0;9;1.0
2002-09-09;1.0;9;1.0
2002-09-10;1.0;9;1.0
2002-09-11;1.0;9;1.0
2002-09-12;1.0;9;1.0
2002-09-13;1.0;9;1.0
2002-09-14;1.0;9;1.0
2002-09-15;1.0;9;1.0
2002-09-16;1.0;9;1.0
2002-09-17;1.0;9;1.0
2002-09-18;1.0;9;1.0
2002-09-19;1.0;9;1.0
2002-09-20;1.55;9;1.55
2002-09-21;2.35;9;2.35
2002-09-22;2.6;9;2.6
2002-09-23;6.4;9;6.4
2002-09-24;2.6;9;2.6
2002-09-25;2.6;9;2.6
2002-09-26;2.6;9;2.6
2002-09-27;2.6;9;2.6
2002-09-28;2.6;9;2.6
2002-09-29;2.6;9;2.6
2002-09-30;2.6;9;2.6
2002-10-01;61.0;10;61.0
2002-10-02;61.0;10;61.0
2002-10-03;61.0;10;61.0
2002-10-04;61.0;10;61.0
2002-10-05;61.0;10;61.0
2002-10-06;61.0;10;61.0
2002-10-07;61.0;10;61.0
2002-10-08;61.0;10;61.0
2002-10-09;62.1;10;62.1
2002-10-10;64.3;10;64.3
2002-10-11;62.65;10;62.65
2002-10-12;64.3;10;64.3
2002-10-13;64.3;10;64.3
2002-10-14;64.3;10;64.3
2002-10-15;61.0;10;61.0
2002-10-16;61.0;10;61.0
2002-10-17;64.3;10;64.3
2002-10-18;64.3;10;64.3
2002-10-19;2.8;10;2.8
2002-10-20;2.7;10;2.7
2002-10-21;64.3;10;64.3
2002-10-22;66.5;10;66.5
2002-10-23;67.6;10;67.6
2002-10-24;63.75;10;63.75
2002-10-25;69.25;10;69.25
2002-10-26;66.5;10;66.5
2002-10-27;69.8;10;69.8
2002-10-28;70.35;10;70.35
2002-10-29;69.8;10;69.8
2002-10-30;2.5;10;2.5
2002-10-31;1.3;10;1.3
