YYYY-MM-DD;Value;month;Value_imputed
1972-11-24;9.55;11;9.55
1972-11-25;9.87;11;9.87
1972-11-26;9.57;11;9.57
1972-11-27;9.08;11;9.08
1972-11-28;8.72;11;8.72
1972-11-29;8.51;11;8.51
1972-11-30;8.3;11;8.3
1972-12-01;8.2;12;8.2
1972-12-02;8.07;12;8.07
1972-12-03;7.9;12;7.9
1972-12-04;8.0;12;8.0
1972-12-05;7.79;12;7.79
1972-12-06;7.6;12;7.6
1972-12-07;7.6;12;7.6
1972-12-08;8.02;12;8.02
1972-12-09;10.15;12;10.15
1972-12-10;12.07;12;12.07
1972-12-11;12.0;12;12.0
1972-12-12;10.2;12;10.2
1972-12-13;8.95;12;8.95
1972-12-14;8.2;12;8.2
1972-12-15;7.6;12;7.6
1972-12-16;7.75;12;7.75
1972-12-17;8.35;12;8.35
1972-12-18;7.9;12;7.9
1972-12-19;7.15;12;7.15
1972-12-20;7.0;12;7.0
1972-12-21;7.3;12;7.3
1972-12-22;7.9;12;7.9
1972-12-23;9.15;12;9.15
1972-12-24;7.0;12;7.0
1972-12-25;6.75;12;6.75
1972-12-26;6.38;12;6.38
1972-12-27;6.0;12;6.0
1972-12-28;5.88;12;5.88
1972-12-29;5.63;12;5.63
1972-12-30;5.88;12;5.88
1972-12-31;6.0;12;6.0
1973-01-01;5.8;1;5.8
1973-01-02;5.8;1;5.8
1973-01-03;5.9;1;5.9
1973-01-04;6.1;1;6.1
1973-01-05;5.6;1;5.6
1973-01-06;5.3;1;5.3
1973-01-07;5.1;1;5.1
1973-01-08;4.9;1;4.9
1973-01-09;4.9;1;4.9
1973-01-10;5.1;1;5.1
1973-01-11;5.0;1;5.0
1973-01-12;5.0;1;5.0
1973-01-13;4.9;1;4.9
1973-01-14;4.8;1;4.8
1973-01-15;4.8;1;4.8
1973-01-16;4.9;1;4.9
1973-01-17;4.5;1;4.5
1973-01-18;4.6;1;4.6
1973-01-19;4.5;1;4.5
1973-01-20;4.5;1;4.5
1973-01-21;4.6;1;4.6
1973-01-22;4.5;1;4.5
1973-01-23;4.5;1;4.5
1973-01-24;4.4;1;4.4
1973-01-25;4.4;1;4.4
1973-01-26;4.4;1;4.4
1973-01-27;4.4;1;4.4
1973-01-28;4.1;1;4.1
1973-01-29;4.0;1;4.0
1973-01-30;6.2;1;6.2
1973-01-31;19.0;1;19.0
1973-02-01;8.3;2;8.3
1973-02-02;6.0;2;6.0
1973-02-03;5.3;2;5.3
1973-02-04;4.9;2;4.9
1973-02-05;4.8;2;4.8
1973-02-06;4.6;2;4.6
1973-02-07;4.4;2;4.4
1973-02-08;4.3;2;4.3
1973-02-09;4.2;2;4.2
1973-02-10;4.1;2;4.1
1973-02-11;4.1;2;4.1
1973-02-12;4.1;2;4.1
1973-02-13;4.0;2;4.0
1973-02-14;4.0;2;4.0
1973-02-15;4.1;2;4.1
1973-02-16;4.0;2;4.0
1973-02-17;3.9;2;3.9
1973-02-18;3.8;2;3.8
1973-02-19;3.7;2;3.7
1973-02-20;3.7;2;3.7
1973-02-21;3.6;2;3.6
1973-02-22;3.5;2;3.5
1973-02-23;3.4;2;3.4
1973-02-24;3.4;2;3.4
1973-02-25;3.4;2;3.4
1973-02-26;3.4;2;3.4
1973-02-27;3.3;2;3.3
1973-02-28;3.4;2;3.4
1973-03-01;3.5;3;3.5
1973-03-02;3.5;3;3.5
1973-03-03;3.4;3;3.4
1973-03-04;3.5;3;3.5
1973-03-05;3.6;3;3.6
1973-03-06;3.8;3;3.8
1973-03-07;3.7;3;3.7
1973-03-08;3.7;3;3.7
1973-03-09;5.0;3;5.0
1973-03-10;3.8;3;3.8
1973-03-11;4.2;3;4.2
1973-03-12;3.9;3;3.9
1973-03-13;3.9;3;3.9
1973-03-14;4.7;3;4.7
1973-03-15;5.0;3;5.0
1973-03-16;5.8;3;5.8
1973-03-17;8.9;3;8.9
1973-03-18;5.8;3;5.8
1973-03-19;5.1;3;5.1
1973-03-20;4.6;3;4.6
1973-03-21;4.5;3;4.5
1973-03-22;5.7;3;5.7
1973-03-23;5.3;3;5.3
1973-03-24;4.6;3;4.6
1973-03-25;4.5;3;4.5
1973-03-26;4.2;3;4.2
1973-03-27;4.0;3;4.0
1973-03-28;3.7;3;3.7
1973-03-29;3.7;3;3.7
1973-03-30;3.6;3;3.6
1973-03-31;3.4;3;3.4
1973-04-01;3.4;4;3.4
1973-04-02;3.5;4;3.5
1973-04-03;3.5;4;3.5
1973-04-04;3.4;4;3.4
1973-04-05;3.6;4;3.6
1973-04-06;4.1;4;4.1
1973-04-07;3.8;4;3.8
1973-04-08;3.4;4;3.4
1973-04-09;3.3;4;3.3
1973-04-10;3.3;4;3.3
1973-04-11;3.2;4;3.2
1973-04-12;3.1;4;3.1
1973-04-13;3.1;4;3.1
1973-04-14;3.1;4;3.1
1973-04-15;3.1;4;3.1
1973-04-16;3.4;4;3.4
1973-04-17;4.8;4;4.8
1973-04-18;3.9;4;3.9
1973-04-19;3.9;4;3.9
1973-04-20;3.7;4;3.7
1973-04-21;4.0;4;4.0
1973-04-22;5.1;4;5.1
1973-04-23;6.0;4;6.0
1973-04-24;5.8;4;5.8
1973-04-25;7.4;4;7.4
1973-04-26;11.9;4;11.9
1973-04-27;6.5;4;6.5
1973-04-28;9.1;4;9.1
1973-04-29;6.0;4;6.0
1973-04-30;5.1;4;5.1
1973-05-01;5.0;5;5.0
1973-05-02;4.9;5;4.9
1973-05-03;4.5;5;4.5
1973-05-04;4.4;5;4.4
1973-05-05;9.1;5;9.1
1973-05-06;8.4;5;8.4
1973-05-07;11.1;5;11.1
1973-05-08;8.6;5;8.6
1973-05-09;6.4;5;6.4
1973-05-10;5.4;5;5.4
1973-05-11;4.7;5;4.7
1973-05-12;4.5;5;4.5
1973-05-13;5.8;5;5.8
1973-05-14;6.8;5;6.8
1973-05-15;8.9;5;8.9
1973-05-16;10.5;5;10.5
1973-05-17;9.4;5;9.4
1973-05-18;9.9;5;9.9
1973-05-19;11.9;5;11.9
1973-05-20;8.7;5;8.7
1973-05-21;6.9;5;6.9
1973-05-22;6.2;5;6.2
1973-05-23;5.7;5;5.7
1973-05-24;5.3;5;5.3
1973-05-25;4.9;5;4.9
1973-05-26;4.9;5;4.9
1973-05-27;7.2;5;7.2
1973-05-28;7.9;5;7.9
1973-05-29;20.1;5;20.1
1973-05-30;10.8;5;10.8
1973-05-31;7.7;5;7.7
1973-06-01;6.8;6;6.8
1973-06-02;6.4;6;6.4
1973-06-03;6.4;6;6.4
1973-06-04;6.8;6;6.8
1973-06-05;7.0;6;7.0
1973-06-06;6.2;6;6.2
1973-06-07;6.3;6;6.3
1973-06-08;5.7;6;5.7
1973-06-09;5.5;6;5.5
1973-06-10;7.2;6;7.2
1973-06-11;12.5;6;12.5
1973-06-12;21.3;6;21.3
1973-06-13;19.5;6;19.5
1973-06-14;21.7;6;21.7
1973-06-15;22.5;6;22.5
1973-06-16;20.6;6;20.6
1973-06-17;16.6;6;16.6
1973-06-18;16.9;6;16.9
1973-06-19;16.1;6;16.1
1973-06-20;19.2;6;19.2
1973-06-21;25.0;6;25.0
1973-06-22;26.4;6;26.4
1973-06-23;19.5;6;19.5
1973-06-24;15.2;6;15.2
1973-06-25;11.2;6;11.2
1973-06-26;10.2;6;10.2
1973-06-27;9.4;6;9.4
1973-06-28;9.7;6;9.7
1973-06-29;8.2;6;8.2
1973-06-30;11.8;6;11.8
1973-07-01;14.2;7;14.2
1973-07-02;15.6;7;15.6
1973-07-03;10.4;7;10.4
1973-07-04;16.2;7;16.2
1973-07-05;35.4;7;35.4
1973-07-06;28.5;7;28.5
1973-07-07;22.5;7;22.5
1973-07-08;15.4;7;15.4
1973-07-09;16.0;7;16.0
1973-07-10;15.4;7;15.4
1973-07-11;15.0;7;15.0
1973-07-12;14.2;7;14.2
1973-07-13;13.2;7;13.2
1973-07-14;20.9;7;20.9
1973-07-15;15.0;7;15.0
1973-07-16;12.6;7;12.6
1973-07-17;17.9;7;17.9
1973-07-18;25.5;7;25.5
1973-07-19;18.2;7;18.2
1973-07-20;18.0;7;18.0
1973-07-21;16.2;7;16.2
1973-07-22;14.4;7;14.4
1973-07-23;14.0;7;14.0
1973-07-24;12.4;7;12.4
1973-07-25;11.4;7;11.4
1973-07-26;14.4;7;14.4
1973-07-27;61.4;7;61.4
1973-07-28;27.0;7;27.0
1973-07-29;17.8;7;17.8
1973-07-30;14.6;7;14.6
1973-07-31;12.6;7;12.6
1973-08-01;11.2;8;11.2
1973-08-02;10.6;8;10.6
1973-08-03;10.0;8;10.0
1973-08-04;9.5;8;9.5
1973-08-05;8.5;8;8.5
1973-08-06;8.5;8;8.5
1973-08-07;9.1;8;9.1
1973-08-08;9.6;8;9.6
1973-08-09;12.0;8;12.0
1973-08-10;8.8;8;8.8
1973-08-11;8.0;8;8.0
1973-08-12;8.2;8;8.2
1973-08-13;7.8;8;7.8
1973-08-14;7.1;8;7.1
1973-08-15;9.2;8;9.2
1973-08-16;25.9;8;25.9
1973-08-17;27.4;8;27.4
1973-08-18;16.4;8;16.4
1973-08-19;12.6;8;12.6
1973-08-20;12.4;8;12.4
1973-08-21;10.6;8;10.6
1973-08-22;13.4;8;13.4
1973-08-23;27.3;8;27.3
1973-08-24;17.0;8;17.0
1973-08-25;15.0;8;15.0
1973-08-26;14.8;8;14.8
1973-08-27;29.5;8;29.5
1973-08-28;21.0;8;21.0
1973-08-29;22.2;8;22.2
1973-08-30;27.9;8;27.9
1973-08-31;18.9;8;18.9
1973-09-01;16.6;9;16.6
1973-09-02;25.5;9;25.5
1973-09-03;42.0;9;42.0
1973-09-04;33.5;9;33.5
1973-09-05;30.0;9;30.0
1973-09-06;25.5;9;25.5
1973-09-07;21.9;9;21.9
1973-09-08;18.0;9;18.0
1973-09-09;15.4;9;15.4
1973-09-10;13.6;9;13.6
1973-09-11;15.0;9;15.0
1973-09-12;14.2;9;14.2
1973-09-13;13.0;9;13.0
1973-09-14;13.2;9;13.2
1973-09-15;23.4;9;23.4
1973-09-16;17.0;9;17.0
1973-09-17;33.2;9;33.2
1973-09-18;24.0;9;24.0
1973-09-19;18.5;9;18.5
1973-09-20;15.8;9;15.8
1973-09-21;15.0;9;15.0
1973-09-22;13.6;9;13.6
1973-09-23;13.0;9;13.0
1973-09-24;14.0;9;14.0
1973-09-25;20.5;9;20.5
1973-09-26;35.0;9;35.0
1973-09-27;20.3;9;20.3
1973-09-28;19.0;9;19.0
1973-09-29;21.7;9;21.7
1973-09-30;16.4;9;16.4
1973-10-01;14.6;10;14.6
1973-10-02;13.6;10;13.6
1973-10-03;12.6;10;12.6
1973-10-04;12.4;10;12.4
1973-10-05;17.0;10;17.0
1973-10-06;16.1;10;16.1
1973-10-07;13.7;10;13.7
1973-10-08;13.0;10;13.0
1973-10-09;12.2;10;12.2
1973-10-10;11.4;10;11.4
1973-10-11;13.8;10;13.8
1973-10-12;25.5;10;25.5
1973-10-13;14.8;10;14.8
1973-10-14;13.2;10;13.2
1973-10-15;12.8;10;12.8
1973-10-16;14.1;10;14.1
1973-10-17;17.0;10;17.0
1973-10-18;19.1;10;19.1
1973-10-19;18.7;10;18.7
1973-10-20;16.1;10;16.1
1973-10-21;14.2;10;14.2
1973-10-22;13.7;10;13.7
1973-10-23;13.2;10;13.2
1973-10-24;12.2;10;12.2
1973-10-25;11.4;10;11.4
1973-10-26;10.5;10;10.5
1973-10-27;10.3;10;10.3
1973-10-28;9.7;10;9.7
1973-10-29;9.3;10;9.3
1973-10-30;9.1;10;9.1
1973-10-31;8.9;10;8.9
1973-11-01;8.5;11;8.5
1973-11-02;8.4;11;8.4
1973-11-03;8.2;11;8.2
1973-11-04;8.4;11;8.4
1973-11-05;9.9;11;9.9
1973-11-06;9.2;11;9.2
1973-11-07;9.8;11;9.8
1973-11-08;11.3;11;11.3
1973-11-09;13.5;11;13.5
1973-11-10;12.1;11;12.1
1973-11-11;13.3;11;13.3
1973-11-12;19.5;11;19.5
1973-11-13;19.1;11;19.1
1973-11-14;24.1;11;24.1
1973-11-15;36.0;11;36.0
1973-11-16;33.8;11;33.8
1973-11-17;27.0;11;27.0
1973-11-18;25.8;11;25.8
1973-11-19;23.7;11;23.7
1973-11-20;19.3;11;19.3
1973-11-21;20.6;11;20.6
1973-11-22;14.6;11;14.6
1973-11-23;12.0;11;12.0
1973-11-24;11.2;11;11.2
1973-11-25;11.8;11;11.8
1973-11-26;14.2;11;14.2
1973-11-27;15.4;11;15.4
1973-11-28;17.5;11;17.5
1973-11-29;18.5;11;18.5
1973-11-30;13.8;11;13.8
1973-12-01;18.4;12;18.4
1973-12-02;23.4;12;23.4
1973-12-03;18.2;12;18.2
1973-12-04;16.0;12;16.0
1973-12-05;16.0;12;16.0
1973-12-06;12.2;12;12.2
1973-12-07;15.0;12;15.0
1973-12-08;12.6;12;12.6
1973-12-09;14.0;12;14.0
1973-12-10;11.5;12;11.5
1973-12-11;10.8;12;10.8
1973-12-12;10.9;12;10.9
1973-12-13;10.2;12;10.2
1973-12-14;11.1;12;11.1
1973-12-15;12.0;12;12.0
1973-12-16;9.9;12;9.9
1973-12-17;9.1;12;9.1
1973-12-18;8.7;12;8.7
1973-12-19;8.4;12;8.4
1973-12-20;8.6;12;8.6
1973-12-21;8.1;12;8.1
1973-12-22;8.0;12;8.0
1973-12-23;7.5;12;7.5
1973-12-24;7.5;12;7.5
1973-12-25;7.6;12;7.6
1973-12-26;18.3;12;18.3
1973-12-27;11.8;12;11.8
1973-12-28;9.0;12;9.0
1973-12-29;8.6;12;8.6
1973-12-30;8.5;12;8.5
1973-12-31;11.6;12;11.6
1974-01-01;8.9;1;8.9
1974-01-02;8.04;1;8.04
1974-01-03;7.45;1;7.45
1974-01-04;7.14;1;7.14
1974-01-05;6.95;1;6.95
1974-01-06;7.0;1;7.0
1974-01-07;15.85;1;15.85
1974-01-08;13.88;1;13.88
1974-01-09;9.8;1;9.8
1974-01-10;9.99;1;9.99
1974-01-11;8.44;1;8.44
1974-01-12;8.16;1;8.16
1974-01-13;8.05;1;8.05
1974-01-14;7.62;1;7.62
1974-01-15;7.07;1;7.07
1974-01-16;7.06;1;7.06
1974-01-17;6.93;1;6.93
1974-01-18;6.62;1;6.62
1974-01-19;6.22;1;6.22
1974-01-20;5.95;1;5.95
1974-01-21;5.78;1;5.78
1974-01-22;5.59;1;5.59
1974-01-23;5.5;1;5.5
1974-01-24;5.45;1;5.45
1974-01-25;5.62;1;5.62
1974-01-26;5.42;1;5.42
1974-01-27;5.37;1;5.37
1974-01-28;5.66;1;5.66
1974-01-29;5.37;1;5.37
1974-01-30;5.12;1;5.12
1974-01-31;5.2;1;5.2
1974-02-01;4.91;2;4.91
1974-02-02;4.89;2;4.89
1974-02-03;4.78;2;4.78
1974-02-04;4.98;2;4.98
1974-02-05;5.19;2;5.19
1974-02-06;4.95;2;4.95
1974-02-07;4.64;2;4.64
1974-02-08;4.46;2;4.46
1974-02-09;4.28;2;4.28
1974-02-10;4.46;2;4.46
1974-02-11;5.06;2;5.06
1974-02-12;5.49;2;5.49
1974-02-13;6.64;2;6.64
1974-02-14;6.42;2;6.42
1974-02-15;6.82;2;6.82
1974-02-16;10.09;2;10.09
1974-02-17;6.89;2;6.89
1974-02-18;5.9;2;5.9
1974-02-19;5.62;2;5.62
1974-02-20;5.25;2;5.25
1974-02-21;5.3;2;5.3
1974-02-22;4.87;2;4.87
1974-02-23;4.5;2;4.5
1974-02-24;4.5;2;4.5
1974-02-25;4.74;2;4.74
1974-02-26;4.87;2;4.87
1974-02-27;6.16;2;6.16
1974-02-28;5.5;2;5.5
1974-03-01;5.37;3;5.37
1974-03-02;5.22;3;5.22
1974-03-03;5.1;3;5.1
1974-03-04;4.64;3;4.64
1974-03-05;4.5;3;4.5
1974-03-06;4.73;3;4.73
1974-03-07;5.08;3;5.08
1974-03-08;5.34;3;5.34
1974-03-09;5.78;3;5.78
1974-03-10;11.25;3;11.25
1974-03-11;6.65;3;6.65
1974-03-12;5.48;3;5.48
1974-03-13;5.0;3;5.0
1974-03-14;4.87;3;4.87
1974-03-15;7.31;3;7.31
1974-03-16;5.55;3;5.55
1974-03-17;5.04;3;5.04
1974-03-18;4.62;3;4.62
1974-03-19;4.4;3;4.4
1974-03-20;4.3;3;4.3
1974-03-21;4.15;3;4.15
1974-03-22;4.1;3;4.1
1974-03-23;4.08;3;4.08
1974-03-24;4.01;3;4.01
1974-03-25;4.05;3;4.05
1974-03-26;4.27;3;4.27
1974-03-27;4.08;3;4.08
1974-03-28;4.68;3;4.68
1974-03-29;4.09;3;4.09
1974-03-30;4.2;3;4.2
1974-03-31;6.13;3;6.13
1974-04-01;5.78;4;5.78
1974-04-02;5.81;4;5.81
1974-04-03;5.03;4;5.03
1974-04-04;4.72;4;4.72
1974-04-05;4.12;4;4.12
1974-04-06;4.0;4;4.0
1974-04-07;4.87;4;4.87
1974-04-08;5.38;4;5.38
1974-04-09;5.43;4;5.43
1974-04-10;9.31;4;9.31
1974-04-11;6.24;4;6.24
1974-04-12;5.34;4;5.34
1974-04-13;5.42;4;5.42
1974-04-14;5.74;4;5.74
1974-04-15;5.75;4;5.75
1974-04-16;8.45;4;8.45
1974-04-17;10.92;4;10.92
1974-04-18;9.85;4;9.85
1974-04-19;8.61;4;8.61
1974-04-20;8.17;4;8.17
1974-04-21;7.64;4;7.64
1974-04-22;7.41;4;7.41
1974-04-23;8.75;4;8.75
1974-04-24;16.27;4;16.27
1974-04-25;14.17;4;14.17
1974-04-26;13.83;4;13.83
1974-04-27;25.33;4;25.33
1974-04-28;24.0;4;24.0
1974-04-29;41.8;4;41.8
1974-04-30;33.5;4;33.5
1974-05-01;54.5;5;54.5
1974-05-02;100.0;5;100.0
1974-05-03;173.0;5;173.0
1974-05-04;62.0;5;62.0
1974-05-05;130.0;5;130.0
1974-05-06;67.5;5;67.5
1974-05-07;49.5;5;49.5
1974-05-08;34.9;5;34.9
1974-05-09;28.5;5;28.5
1974-05-10;28.5;5;28.5
1974-05-11;24.6;5;24.6
1974-05-12;22.5;5;22.5
1974-05-13;19.5;5;19.5
1974-05-14;21.0;5;21.0
1974-05-15;22.5;5;22.5
1974-05-16;21.0;5;21.0
1974-05-17;18.9;5;18.9
1974-05-18;17.6;5;17.6
1974-05-19;15.6;5;15.6
1974-05-20;15.0;5;15.0
1974-05-21;14.0;5;14.0
1974-05-22;13.8;5;13.8
1974-05-23;13.0;5;13.0
1974-05-24;12.4;5;12.4
1974-05-25;21.0;5;21.0
1974-05-26;21.0;5;21.0
1974-05-27;14.4;5;14.4
1974-05-28;13.6;5;13.6
1974-05-29;17.1;5;17.1
1974-05-30;16.4;5;16.4
1974-05-31;22.5;5;22.5
1974-06-01;28.75;6;28.75
1974-06-02;18.6;6;18.6
1974-06-03;19.1;6;19.1
1974-06-04;15.0;6;15.0
1974-06-05;13.6;6;13.6
1974-06-06;12.4;6;12.4
1974-06-07;12.2;6;12.2
1974-06-08;12.6;6;12.6
1974-06-09;11.0;6;11.0
1974-06-10;10.2;6;10.2
1974-06-11;18.7;6;18.7
1974-06-12;18.0;6;18.0
1974-06-13;11.6;6;11.6
1974-06-14;11.0;6;11.0
1974-06-15;10.2;6;10.2
1974-06-16;10.0;6;10.0
1974-06-17;10.4;6;10.4
1974-06-18;10.8;6;10.8
1974-06-19;11.4;6;11.4
1974-06-20;11.0;6;11.0
1974-06-21;18.6;6;18.6
1974-06-22;54.5;6;54.5
1974-06-23;28.5;6;28.5
1974-06-24;27.0;6;27.0
1974-06-25;18.0;6;18.0
1974-06-26;16.6;6;16.6
1974-06-27;15.0;6;15.0
1974-06-28;15.4;6;15.4
1974-06-29;15.2;6;15.2
1974-06-30;14.8;6;14.8
1974-07-01;13.4;7;13.4
1974-07-02;20.0;7;20.0
1974-07-03;59.0;7;59.0
1974-07-04;31.75;7;31.75
1974-07-05;21.0;7;21.0
1974-07-06;20.8;7;20.8
1974-07-07;18.5;7;18.5
1974-07-08;17.0;7;17.0
1974-07-09;16.0;7;16.0
1974-07-10;19.5;7;19.5
1974-07-11;59.0;7;59.0
1974-07-12;33.5;7;33.5
1974-07-13;25.5;7;25.5
1974-07-14;20.4;7;20.4
1974-07-15;17.2;7;17.2
1974-07-16;15.4;7;15.4
1974-07-17;14.8;7;14.8
1974-07-18;15.2;7;15.2
1974-07-19;14.6;7;14.6
1974-07-20;13.0;7;13.0
1974-07-21;12.2;7;12.2
1974-07-22;12.2;7;12.2
1974-07-23;13.2;7;13.2
1974-07-24;13.2;7;13.2
1974-07-25;37.5;7;37.5
1974-07-26;35.25;7;35.25
1974-07-27;49.5;7;49.5
1974-07-28;43.25;7;43.25
1974-07-29;28.8;7;28.8
1974-07-30;33.5;7;33.5
1974-07-31;28.5;7;28.5
1974-08-01;26.4;8;26.4
1974-08-02;23.7;8;23.7
1974-08-03;20.7;8;20.7
1974-08-04;18.6;8;18.6
1974-08-05;17.0;8;17.0
1974-08-06;20.0;8;20.0
1974-08-07;19.5;8;19.5
1974-08-08;19.5;8;19.5
1974-08-09;32.0;8;32.0
1974-08-10;42.0;8;42.0
1974-08-11;30.25;8;30.25
1974-08-12;28.5;8;28.5
1974-08-13;59.0;8;59.0
1974-08-14;37.5;8;37.5
1974-08-15;28.5;8;28.5
1974-08-16;27.0;8;27.0
1974-08-17;21.9;8;21.9
1974-08-18;19.5;8;19.5
1974-08-19;25.5;8;25.5
1974-08-20;18.9;8;18.9
1974-08-21;17.6;8;17.6
1974-08-22;17.4;8;17.4
1974-08-23;27.0;8;27.0
1974-08-24;24.0;8;24.0
1974-08-25;20.7;8;20.7
1974-08-26;17.6;8;17.6
1974-08-27;16.4;8;16.4
1974-08-28;15.4;8;15.4
1974-08-29;15.0;8;15.0
1974-08-30;14.2;8;14.2
1974-08-31;15.2;8;15.2
1974-09-01;21.0;9;21.0
1974-09-02;21.0;9;21.0
1974-09-03;24.0;9;24.0
1974-09-04;24.0;9;24.0
1974-09-05;18.9;9;18.9
1974-09-06;17.6;9;17.6
1974-09-07;39.0;9;39.0
1974-09-08;27.0;9;27.0
1974-09-09;26.4;9;26.4
1974-09-10;32.0;9;32.0
1974-09-11;24.0;9;24.0
1974-09-12;21.9;9;21.9
1974-09-13;43.75;9;43.75
1974-09-14;28.5;9;28.5
1974-09-15;22.5;9;22.5
1974-09-16;22.5;9;22.5
1974-09-17;28.75;9;28.75
1974-09-18;41.0;9;41.0
1974-09-19;70.0;9;70.0
1974-09-20;59.0;9;59.0
1974-09-21;41.0;9;41.0
1974-09-22;39.0;9;39.0
1974-09-23;33.5;9;33.5
1974-09-24;31.75;9;31.75
1974-09-25;28.5;9;28.5
1974-09-26;28.5;9;28.5
1974-09-27;28.5;9;28.5
1974-09-28;26.4;9;26.4
1974-09-29;23.4;9;23.4
1974-09-30;23.4;9;23.4
1974-10-01;37.5;10;37.5
1974-10-02;50.5;10;50.5
1974-10-03;31.75;10;31.75
1974-10-04;33.5;10;33.5
1974-10-05;28.5;10;28.5
1974-10-06;24.0;10;24.0
1974-10-07;22.5;10;22.5
1974-10-08;42.0;10;42.0
1974-10-09;26.4;10;26.4
1974-10-10;27.0;10;27.0
1974-10-11;26.7;10;26.7
1974-10-12;25.5;10;25.5
1974-10-13;22.5;10;22.5
1974-10-14;19.2;10;19.2
1974-10-15;19.2;10;19.2
1974-10-16;20.1;10;20.1
1974-10-17;17.6;10;17.6
1974-10-18;27.0;10;27.0
1974-10-19;19.5;10;19.5
1974-10-20;16.0;10;16.0
1974-10-21;15.6;10;15.6
1974-10-22;15.6;10;15.6
1974-10-23;14.6;10;14.6
1974-10-24;14.2;10;14.2
1974-10-25;21.6;10;21.6
1974-10-26;22.8;10;22.8
1974-10-27;20.4;10;20.4
1974-10-28;15.0;10;15.0
1974-10-29;14.4;10;14.4
1974-10-30;13.8;10;13.8
1974-10-31;14.6;10;14.6
1974-11-01;15.0;11;15.0
1974-11-02;23.7;11;23.7
1974-11-03;22.2;11;22.2
1974-11-04;18.0;11;18.0
1974-11-05;45.5;11;45.5
1974-11-06;33.5;11;33.5
1974-11-07;22.8;11;22.8
1974-11-08;18.9;11;18.9
1974-11-09;19.5;11;19.5
1974-11-10;18.3;11;18.3
1974-11-11;28.75;11;28.75
1974-11-12;32.0;11;32.0
1974-11-13;24.0;11;24.0
1974-11-14;21.3;11;21.3
1974-11-15;18.9;11;18.9
1974-11-16;21.6;11;21.6
1974-11-17;21.3;11;21.3
1974-11-18;22.5;11;22.5
1974-11-19;18.9;11;18.9
1974-11-20;18.6;11;18.6
1974-11-21;18.9;11;18.9
1974-11-22;101.5;11;101.5
1974-11-23;41.5;11;41.5
1974-11-24;22.5;11;22.5
1974-11-25;20.4;11;20.4
1974-11-26;21.9;11;21.9
1974-11-27;17.6;11;17.6
1974-11-28;17.0;11;17.0
1974-11-29;15.6;11;15.6
1974-11-30;14.8;11;14.8
1974-12-01;14.2;12;14.2
1974-12-02;14.0;12;14.0
1974-12-03;13.0;12;13.0
1974-12-04;12.0;12;12.0
1974-12-05;11.6;12;11.6
1974-12-06;11.0;12;11.0
1974-12-07;11.2;12;11.2
1974-12-08;10.8;12;10.8
1974-12-09;10.4;12;10.4
1974-12-10;10.0;12;10.0
1974-12-11;10.4;12;10.4
1974-12-12;10.05;12;10.05
1974-12-13;10.05;12;10.05
1974-12-14;9.25;12;9.25
1974-12-15;9.4;12;9.4
1974-12-16;8.8;12;8.8
1974-12-17;9.4;12;9.4
1974-12-18;8.8;12;8.8
1974-12-19;8.05;12;8.05
1974-12-20;7.6;12;7.6
1974-12-21;8.35;12;8.35
1974-12-22;8.2;12;8.2
1974-12-23;7.75;12;7.75
1974-12-24;7.9;12;7.9
1974-12-25;7.45;12;7.45
1974-12-26;7.3;12;7.3
1974-12-27;7.6;12;7.6
1974-12-28;7.15;12;7.15
1974-12-29;7.15;12;7.15
1974-12-30;7.15;12;7.15
1974-12-31;7.0;12;7.0
1975-01-01;6.8;1;6.8
1975-01-02;6.9;1;6.9
1975-01-03;6.9;1;6.9
1975-01-04;7.4;1;7.4
1975-01-05;7.3;1;7.3
1975-01-06;7.1;1;7.1
1975-01-07;7.1;1;7.1
1975-01-08;7.8;1;7.8
1975-01-09;6.3;1;6.3
1975-01-10;6.8;1;6.8
1975-01-11;6.5;1;6.5
1975-01-12;6.5;1;6.5
1975-01-13;6.4;1;6.4
1975-01-14;6.5;1;6.5
1975-01-15;7.8;1;7.8
1975-01-16;8.9;1;8.9
1975-01-17;7.8;1;7.8
1975-01-18;6.9;1;6.9
1975-01-19;6.9;1;6.9
1975-01-20;7.0;1;7.0
1975-01-21;6.6;1;6.6
1975-01-22;6.4;1;6.4
1975-01-23;6.1;1;6.1
1975-01-24;5.8;1;5.8
1975-01-25;5.6;1;5.6
1975-01-26;5.6;1;5.6
1975-01-27;5.9;1;5.9
1975-01-28;8.0;1;8.0
1975-01-29;6.6;1;6.6
1975-01-30;6.3;1;6.3
1975-01-31;6.1;1;6.1
1975-02-01;5.6;2;5.6
1975-02-02;5.4;2;5.4
1975-02-03;5.3;2;5.3
1975-02-04;5.5;2;5.5
1975-02-05;5.5;2;5.5
1975-02-06;5.5;2;5.5
1975-02-07;5.4;2;5.4
1975-02-08;5.1;2;5.1
1975-02-09;5.4;2;5.4
1975-02-10;5.3;2;5.3
1975-02-11;5.0;2;5.0
1975-02-12;5.0;2;5.0
1975-02-13;4.9;2;4.9
1975-02-14;4.8;2;4.8
1975-02-15;4.9;2;4.9
1975-02-16;4.6;2;4.6
1975-02-17;4.9;2;4.9
1975-02-18;4.9;2;4.9
1975-02-19;5.9;2;5.9
1975-02-20;5.3;2;5.3
1975-02-21;4.6;2;4.6
1975-02-22;4.8;2;4.8
1975-02-23;5.0;2;5.0
1975-02-24;5.5;2;5.5
1975-02-25;6.5;2;6.5
1975-02-26;6.1;2;6.1
1975-02-27;5.6;2;5.6
1975-02-28;7.0;2;7.0
1975-03-01;9.7;3;9.7
1975-03-02;8.2;3;8.2
1975-03-03;7.4;3;7.4
1975-03-04;11.8;3;11.8
1975-03-05;9.3;3;9.3
1975-03-06;6.1;3;6.1
1975-03-07;5.6;3;5.6
1975-03-08;5.8;3;5.8
1975-03-09;5.4;3;5.4
1975-03-10;6.0;3;6.0
1975-03-11;6.0;3;6.0
1975-03-12;5.8;3;5.8
1975-03-13;5.9;3;5.9
1975-03-14;5.5;3;5.5
1975-03-15;5.0;3;5.0
1975-03-16;4.8;3;4.8
1975-03-17;5.1;3;5.1
1975-03-18;5.1;3;5.1
1975-03-19;6.1;3;6.1
1975-03-20;6.1;3;6.1
1975-03-21;5.5;3;5.5
1975-03-22;8.6;3;8.6
1975-03-23;8.9;3;8.9
1975-03-24;7.9;3;7.9
1975-03-25;8.2;3;8.2
1975-03-26;8.9;3;8.9
1975-03-27;6.9;3;6.9
1975-03-28;6.4;3;6.4
1975-03-29;5.9;3;5.9
1975-03-30;5.5;3;5.5
1975-03-31;5.8;3;5.8
1975-04-01;6.0;4;6.0
1975-04-02;5.5;4;5.5
1975-04-03;8.8;4;8.8
1975-04-04;18.6;4;18.6
1975-04-05;6.6;4;6.6
1975-04-06;5.6;4;5.6
1975-04-07;5.3;4;5.3
1975-04-08;6.3;4;6.3
1975-04-09;6.3;4;6.3
1975-04-10;6.3;4;6.3
1975-04-11;5.1;4;5.1
1975-04-12;4.8;4;4.8
1975-04-13;4.6;4;4.6
1975-04-14;4.6;4;4.6
1975-04-15;4.4;4;4.4
1975-04-16;4.4;4;4.4
1975-04-17;4.4;4;4.4
1975-04-18;4.6;4;4.6
1975-04-19;7.1;4;7.1
1975-04-20;33.5;4;33.5
1975-04-21;8.9;4;8.9
1975-04-22;7.1;4;7.1
1975-04-23;6.9;4;6.9
1975-04-24;7.6;4;7.6
1975-04-25;9.5;4;9.5
1975-04-26;25.5;4;25.5
1975-04-27;12.6;4;12.6
1975-04-28;10.2;4;10.2
1975-04-29;10.2;4;10.2
1975-04-30;25.5;4;25.5
1975-05-01;17.0;5;17.0
1975-05-02;12.6;5;12.6
1975-05-03;41.0;5;41.0
1975-05-04;33.5;5;33.5
1975-05-05;90.0;5;90.0
1975-05-06;45.5;5;45.5
1975-05-07;33.5;5;33.5
1975-05-08;22.5;5;22.5
1975-05-09;17.0;5;17.0
1975-05-10;14.6;5;14.6
1975-05-11;17.9;5;17.9
1975-05-12;13.0;5;13.0
1975-05-13;10.4;5;10.4
1975-05-14;10.2;5;10.2
1975-05-15;9.8;5;9.8
1975-05-16;9.4;5;9.4
1975-05-17;9.8;5;9.8
1975-05-18;12.6;5;12.6
1975-05-19;10.0;5;10.0
1975-05-20;11.4;5;11.4
1975-05-21;10.3;5;10.3
1975-05-22;19.5;5;19.5
1975-05-23;32.5;5;32.5
1975-05-24;21.9;5;21.9
1975-05-25;17.0;5;17.0
1975-05-26;13.6;5;13.6
1975-05-27;19.0;5;19.0
1975-05-28;20.0;5;20.0
1975-05-29;19.5;5;19.5
1975-05-30;23.4;5;23.4
1975-05-31;19.5;5;19.5
1975-06-01;20.0;6;20.0
1975-06-02;17.6;6;17.6
1975-06-03;15.4;6;15.4
1975-06-04;13.6;6;13.6
1975-06-05;15.0;6;15.0
1975-06-06;13.8;6;13.8
1975-06-07;23.8;6;23.8
1975-06-08;51.8;6;51.8
1975-06-09;47.5;6;47.5
1975-06-10;28.5;6;28.5
1975-06-11;22.5;6;22.5
1975-06-12;17.6;6;17.6
1975-06-13;36.0;6;36.0
1975-06-14;31.8;6;31.8
1975-06-15;22.5;6;22.5
1975-06-16;22.5;6;22.5
1975-06-17;24.0;6;24.0
1975-06-18;27.0;6;27.0
1975-06-19;22.5;6;22.5
1975-06-20;21.9;6;21.9
1975-06-21;19.2;6;19.2
1975-06-22;81.5;6;81.5
1975-06-23;64.0;6;64.0
1975-06-24;83.0;6;83.0
1975-06-25;67.0;6;67.0
1975-06-26;54.0;6;54.0
1975-06-27;49.5;6;49.5
1975-06-28;79.5;6;79.5
1975-06-29;49.5;6;49.5
1975-06-30;89.5;6;89.5
1975-07-01;51.8;7;51.8
1975-07-02;45.0;7;45.0
1975-07-03;39.0;7;39.0
1975-07-04;34.5;7;34.5
1975-07-05;30.0;7;30.0
1975-07-06;31.4;7;31.4
1975-07-07;62.8;7;62.8
1975-07-08;41.0;7;41.0
1975-07-09;31.8;7;31.8
1975-07-10;27.0;7;27.0
1975-07-11;21.0;7;21.0
1975-07-12;24.9;7;24.9
1975-07-13;25.5;7;25.5
1975-07-14;24.6;7;24.6
1975-07-15;43.3;7;43.3
1975-07-16;27.0;7;27.0
1975-07-17;21.9;7;21.9
1975-07-18;22.5;7;22.5
1975-07-19;20.7;7;20.7
1975-07-20;19.8;7;19.8
1975-07-21;27.0;7;27.0
1975-07-22;19.5;7;19.5
1975-07-23;17.2;7;17.2
1975-07-24;18.6;7;18.6
1975-07-25;16.2;7;16.2
1975-07-26;18.0;7;18.0
1975-07-27;18.6;7;18.6
1975-07-28;15.6;7;15.6
1975-07-29;15.8;7;15.8
1975-07-30;15.4;7;15.4
1975-07-31;27.0;7;27.0
1975-08-01;26.4;8;26.4
1975-08-02;22.5;8;22.5
1975-08-03;23.1;8;23.1
1975-08-04;20.4;8;20.4
1975-08-05;28.5;8;28.5
1975-08-06;22.5;8;22.5
1975-08-07;18.6;8;18.6
1975-08-08;17.9;8;17.9
1975-08-09;16.4;8;16.4
1975-08-10;21.0;8;21.0
1975-08-11;15.6;8;15.6
1975-08-12;15.4;8;15.4
1975-08-13;17.6;8;17.6
1975-08-14;23.8;8;23.8
1975-08-15;63.5;8;63.5
1975-08-16;35.3;8;35.3
1975-08-17;39.0;8;39.0
1975-08-18;50.5;8;50.5
1975-08-19;31.8;8;31.8
1975-08-20;26.4;8;26.4
1975-08-21;22.5;8;22.5
1975-08-22;25.2;8;25.2
1975-08-23;24.0;8;24.0
1975-08-24;19.8;8;19.8
1975-08-25;17.9;8;17.9
1975-08-26;16.0;8;16.0
1975-08-27;15.0;8;15.0
1975-08-28;14.8;8;14.8
1975-08-29;16.2;8;16.2
1975-08-30;18.1;8;18.1
1975-08-31;13.6;8;13.6
1975-09-01;14.6;9;14.6
1975-09-02;14.6;9;14.6
1975-09-03;27.7;9;27.7
1975-09-04;28.5;9;28.5
1975-09-05;34.5;9;34.5
1975-09-06;37.5;9;37.5
1975-09-07;39.0;9;39.0
1975-09-08;29.3;9;29.3
1975-09-09;24.0;9;24.0
1975-09-10;23.1;9;23.1
1975-09-11;20.4;9;20.4
1975-09-12;17.0;9;17.0
1975-09-13;20.0;9;20.0
1975-09-14;15.6;9;15.6
1975-09-15;17.6;9;17.6
1975-09-16;14.6;9;14.6
1975-09-17;14.4;9;14.4
1975-09-18;15.8;9;15.8
1975-09-19;35.3;9;35.3
1975-09-20;33.5;9;33.5
1975-09-21;35.3;9;35.3
1975-09-22;43.8;9;43.8
1975-09-23;28.5;9;28.5
1975-09-24;22.5;9;22.5
1975-09-25;25.5;9;25.5
1975-09-26;20.4;9;20.4
1975-09-27;20.1;9;20.1
1975-09-28;18.9;9;18.9
1975-09-29;19.5;9;19.5
1975-09-30;15.0;9;15.0
1975-10-01;15.6;10;15.6
1975-10-02;14.4;10;14.4
1975-10-03;13.8;10;13.8
1975-10-04;20.0;10;20.0
1975-10-05;16.2;10;16.2
1975-10-06;27.0;10;27.0
1975-10-07;23.4;10;23.4
1975-10-08;27.0;10;27.0
1975-10-09;25.5;10;25.5
1975-10-10;21.0;10;21.0
1975-10-11;17.2;10;17.2
1975-10-12;19.5;10;19.5
1975-10-13;15.6;10;15.6
1975-10-14;21.0;10;21.0
1975-10-15;37.5;10;37.5
1975-10-16;28.5;10;28.5
1975-10-17;79.5;10;79.5
1975-10-18;47.0;10;47.0
1975-10-19;25.5;10;25.5
1975-10-20;19.5;10;19.5
1975-10-21;17.6;10;17.6
1975-10-22;15.6;10;15.6
1975-10-23;15.2;10;15.2
1975-10-24;14.6;10;14.6
1975-10-25;14.4;10;14.4
1975-10-26;15.6;10;15.6
1975-10-27;50.5;10;50.5
1975-10-28;35.3;10;35.3
1975-10-29;43.8;10;43.8
1975-10-30;33.5;10;33.5
1975-10-31;41.0;10;41.0
1975-11-01;27.0;11;27.0
1975-11-02;33.5;11;33.5
1975-11-03;26.4;11;26.4
1975-11-04;21.0;11;21.0
1975-11-05;20.1;11;20.1
1975-11-06;17.2;11;17.2
1975-11-07;15.8;11;15.8
1975-11-08;21.0;11;21.0
1975-11-09;53.0;11;53.0
1975-11-10;133.1;11;133.1
1975-11-11;33.5;11;33.5
1975-11-12;33.5;11;33.5
1975-11-13;72.7;11;72.7
1975-11-14;41.0;11;41.0
1975-11-15;39.0;11;39.0
1975-11-16;31.8;11;31.8
1975-11-17;30.3;11;30.3
1975-11-18;31.8;11;31.8
1975-11-19;25.5;11;25.5
1975-11-20;19.5;11;19.5
1975-11-21;17.6;11;17.6
1975-11-22;17.0;11;17.0
1975-11-23;17.0;11;17.0
1975-11-24;15.2;11;15.2
1975-11-25;13.8;11;13.8
1975-11-26;28.8;11;28.8
1975-11-27;16.0;11;16.0
1975-11-28;13.8;11;13.8
1975-11-29;14.0;11;14.0
1975-11-30;13.6;11;13.6
1975-12-01;13.8;12;13.8
1975-12-02;16.8;12;16.8
1975-12-03;27.0;12;27.0
1975-12-04;24.0;12;24.0
1975-12-05;22.5;12;22.5
1975-12-06;15.0;12;15.0
1975-12-07;14.2;12;14.2
1975-12-08;15.0;12;15.0
1975-12-09;17.0;12;17.0
1975-12-10;30.0;12;30.0
1975-12-11;25.5;12;25.5
1975-12-12;19.5;12;19.5
1975-12-13;17.6;12;17.6
1975-12-14;19.5;12;19.5
1975-12-15;24.0;12;24.0
1975-12-16;33.5;12;33.5
1975-12-17;49.5;12;49.5
1975-12-18;39.8;12;39.8
1975-12-19;25.5;12;25.5
1975-12-20;21.9;12;21.9
1975-12-21;18.6;12;18.6
1975-12-22;22.5;12;22.5
1975-12-23;51.5;12;51.5
1975-12-24;34.5;12;34.5
1975-12-25;19.8;12;19.8
1975-12-26;19.2;12;19.2
1975-12-27;16.6;12;16.6
1975-12-28;17.3;12;17.3
1975-12-29;15.0;12;15.0
1975-12-30;13.4;12;13.4
1975-12-31;12.4;12;12.4
1976-01-01;11.4;1;11.4
1976-01-02;10.7;1;10.7
1976-01-03;10.8;1;10.8
1976-01-04;10.4;1;10.4
1976-01-05;10.3;1;10.3
1976-01-06;9.8;1;9.8
1976-01-07;10.1;1;10.1
1976-01-08;9.6;1;9.6
1976-01-09;8.9;1;8.9
1976-01-10;8.3;1;8.3
1976-01-11;8.0;1;8.0
1976-01-12;9.1;1;9.1
1976-01-13;16.6;1;16.6
1976-01-14;18.0;1;18.0
1976-01-15;16.6;1;16.6
1976-01-16;25.5;1;25.5
1976-01-17;15.6;1;15.6
1976-01-18;13.1;1;13.1
1976-01-19;11.0;1;11.0
1976-01-20;11.2;1;11.2
1976-01-21;10.3;1;10.3
1976-01-22;9.8;1;9.8
1976-01-23;9.0;1;9.0
1976-01-24;8.9;1;8.9
1976-01-25;8.4;1;8.4
1976-01-26;8.1;1;8.1
1976-01-27;8.8;1;8.8
1976-01-28;8.3;1;8.3
1976-01-29;8.0;1;8.0
1976-01-30;7.9;1;7.9
1976-01-31;8.1;1;8.1
1976-02-01;7.7;2;7.7
1976-02-02;7.8;2;7.8
1976-02-03;7.5;2;7.5
1976-02-04;7.6;2;7.6
1976-02-05;7.3;2;7.3
1976-02-06;7.6;2;7.6
1976-02-07;7.1;2;7.1
1976-02-08;7.0;2;7.0
1976-02-09;7.5;2;7.5
1976-02-10;7.3;2;7.3
1976-02-11;8.0;2;8.0
1976-02-12;9.5;2;9.5
1976-02-13;7.6;2;7.6
1976-02-14;7.8;2;7.8
1976-02-15;7.1;2;7.1
1976-02-16;7.1;2;7.1
1976-02-17;6.6;2;6.6
1976-02-18;6.3;2;6.3
1976-02-19;6.5;2;6.5
1976-02-20;7.0;2;7.0
1976-02-21;7.4;2;7.4
1976-02-22;7.4;2;7.4
1976-02-23;7.5;2;7.5
1976-02-24;6.7;2;6.7
1976-02-25;6.3;2;6.3
1976-02-26;6.2;2;6.2
1976-02-27;6.6;2;6.6
1976-02-28;8.3;2;8.3
1976-02-29;7.3;2;7.3
1976-03-01;7.3;3;7.3
1976-03-02;9.1;3;9.1
1976-03-03;11.6;3;11.6
1976-03-04;12.6;3;12.6
1976-03-05;14.4;3;14.4
1976-03-06;15.0;3;15.0
1976-03-07;45.3;3;45.3
1976-03-08;18.5;3;18.5
1976-03-09;12.8;3;12.8
1976-03-10;10.4;3;10.4
1976-03-11;11.0;3;11.0
1976-03-12;10.8;3;10.8
1976-03-13;10.6;3;10.6
1976-03-14;9.0;3;9.0
1976-03-15;9.8;3;9.8
1976-03-16;8.8;3;8.8
1976-03-17;9.0;3;9.0
1976-03-18;8.4;3;8.4
1976-03-19;12.4;3;12.4
1976-03-20;13.8;3;13.8
1976-03-21;10.8;3;10.8
1976-03-22;11.4;3;11.4
1976-03-23;10.4;3;10.4
1976-03-24;14.1;3;14.1
1976-03-25;10.5;3;10.5
1976-03-26;9.0;3;9.0
1976-03-27;8.6;3;8.6
1976-03-28;8.9;3;8.9
1976-03-29;8.4;3;8.4
1976-03-30;8.6;3;8.6
1976-03-31;7.9;3;7.9
1976-04-01;7.5;4;7.5
1976-04-02;7.0;4;7.0
1976-04-03;6.8;4;6.8
1976-04-04;7.0;4;7.0
1976-04-05;6.8;4;6.8
1976-04-06;6.6;4;6.6
1976-04-07;6.9;4;6.9
1976-04-08;7.5;4;7.5
1976-04-09;6.8;4;6.8
1976-04-10;12.5;4;12.5
1976-04-11;17.3;4;17.3
1976-04-12;9.3;4;9.3
1976-04-13;12.6;4;12.6
1976-04-14;16.6;4;16.6
1976-04-15;23.2;4;23.2
1976-04-16;14.3;4;14.3
1976-04-17;14.4;4;14.4
1976-04-18;114.8;4;114.8
1976-04-19;55.5;4;55.5
1976-04-20;32.0;4;32.0
1976-04-21;25.5;4;25.5
1976-04-22;21.9;4;21.9
1976-04-23;17.0;4;17.0
1976-04-24;12.3;4;12.3
1976-04-25;12.6;4;12.6
1976-04-26;16.9;4;16.9
1976-04-27;35.3;4;35.3
1976-04-28;24.0;4;24.0
1976-04-29;28.5;4;28.5
1976-04-30;28.8;4;28.8
1976-05-01;36.1;5;36.1
1976-05-02;27.1;5;27.1
1976-05-03;22.7;5;22.7
1976-05-04;21.9;5;21.9
1976-05-05;21.2;5;21.2
1976-05-06;19.3;5;19.3
1976-05-07;16.8;5;16.8
1976-05-08;16.3;5;16.3
1976-05-09;17.4;5;17.4
1976-05-10;19.8;5;19.8
1976-05-11;29.1;5;29.1
1976-05-12;34.0;5;34.0
1976-05-13;41.4;5;41.4
1976-05-14;27.4;5;27.4
1976-05-15;21.2;5;21.2
1976-05-16;18.1;5;18.1
1976-05-17;25.8;5;25.8
1976-05-18;43.4;5;43.4
1976-05-19;31.0;5;31.0
1976-05-20;27.3;5;27.3
1976-05-21;27.1;5;27.1
1976-05-22;22.8;5;22.8
1976-05-23;20.8;5;20.8
1976-05-24;17.9;5;17.9
1976-05-25;20.1;5;20.1
1976-05-26;21.3;5;21.3
1976-05-27;22.4;5;22.4
1976-05-28;18.1;5;18.1
1976-05-29;16.8;5;16.8
1976-05-30;16.0;5;16.0
1976-05-31;17.1;5;17.1
1976-06-01;16.8;6;16.8
1976-06-02;20.7;6;20.7
1976-06-03;16.6;6;16.6
1976-06-04;30.8;6;30.8
1976-06-05;26.4;6;26.4
1976-06-06;21.0;6;21.0
1976-06-07;23.0;6;23.0
1976-06-08;24.8;6;24.8
1976-06-09;37.7;6;37.7
1976-06-10;35.4;6;35.4
1976-06-11;35.2;6;35.2
1976-06-12;61.9;6;61.9
1976-06-13;43.5;6;43.5
1976-06-14;39.3;6;39.3
1976-06-15;31.4;6;31.4
1976-06-16;28.6;6;28.6
1976-06-17;59.0;6;59.0
1976-06-18;34.5;6;34.5
1976-06-19;31.8;6;31.8
1976-06-20;39.0;6;39.0
1976-06-21;43.0;6;43.0
1976-06-22;37.3;6;37.3
1976-06-23;48.0;6;48.0
1976-06-24;33.5;6;33.5
1976-06-25;31.8;6;31.8
1976-06-26;51.5;6;51.5
1976-06-27;115.0;6;115.0
1976-06-28;240.5;6;240.5
1976-06-29;100.3;6;100.3
1976-06-30;103.0;6;103.0
1976-07-01;50.0;7;50.0
1976-07-02;39.0;7;39.0
1976-07-03;39.0;7;39.0
1976-07-04;50.0;7;50.0
1976-07-05;52.5;7;52.5
1976-07-06;58.0;7;58.0
1976-07-07;47.5;7;47.5
1976-07-08;85.5;7;85.5
1976-07-09;112.0;7;112.0
1976-07-10;63.8;7;63.8
1976-07-11;122.5;7;122.5
1976-07-12;78.0;7;78.0
1976-07-13;80.0;7;80.0
1976-07-14;52.5;7;52.5
1976-07-15;68.1;7;68.1
1976-07-16;53.0;7;53.0
1976-07-17;46.1;7;46.1
1976-07-18;40.6;7;40.6
1976-07-19;39.5;7;39.5
1976-07-20;37.3;7;37.3
1976-07-21;34.4;7;34.4
1976-07-22;36.9;7;36.9
1976-07-23;34.7;7;34.7
1976-07-24;31.9;7;31.9
1976-07-25;53.9;7;53.9
1976-07-26;47.1;7;47.1
1976-07-27;39.4;7;39.4
1976-07-28;42.3;7;42.3
1976-07-29;37.6;7;37.6
1976-07-30;36.5;7;36.5
1976-07-31;37.6;7;37.6
1976-08-01;66.2;8;66.2
1976-08-02;50.7;8;50.7
1976-08-03;45.4;8;45.4
1976-08-04;41.2;8;41.2
1976-08-05;44.8;8;44.8
1976-08-06;34.6;8;34.6
1976-08-07;30.2;8;30.2
1976-08-08;27.3;8;27.3
1976-08-09;25.9;8;25.9
1976-08-10;24.7;8;24.7
1976-08-11;23.0;8;23.0
1976-08-12;23.1;8;23.1
1976-08-13;19.9;8;19.9
1976-08-14;18.8;8;18.8
1976-08-15;20.5;8;20.5
1976-08-16;18.5;8;18.5
1976-08-17;16.8;8;16.8
1976-08-18;17.6;8;17.6
1976-08-19;16.0;8;16.0
1976-08-20;17.5;8;17.5
1976-08-21;16.3;8;16.3
1976-08-22;14.9;8;14.9
1976-08-23;14.2;8;14.2
1976-08-24;13.9;8;13.9
1976-08-25;13.9;8;13.9
1976-08-26;14.0;8;14.0
1976-08-27;13.6;8;13.6
1976-08-28;14.3;8;14.3
1976-08-29;18.9;8;18.9
1976-08-30;17.8;8;17.8
1976-08-31;16.6;8;16.6
1976-09-01;24.4;9;24.4
1976-09-02;20.6;9;20.6
1976-09-03;18.8;9;18.8
1976-09-04;21.2;9;21.2
1976-09-05;16.4;9;16.4
1976-09-06;20.9;9;20.9
1976-09-07;22.2;9;22.2
1976-09-08;16.8;9;16.8
1976-09-09;14.8;9;14.8
1976-09-10;14.1;9;14.1
1976-09-11;12.8;9;12.8
1976-09-12;12.2;9;12.2
1976-09-13;12.7;9;12.7
1976-09-14;12.8;9;12.8
1976-09-15;12.2;9;12.2
1976-09-16;12.8;9;12.8
1976-09-17;19.9;9;19.9
1976-09-18;12.4;9;12.4
1976-09-19;11.5;9;11.5
1976-09-20;11.5;9;11.5
1976-09-21;11.2;9;11.2
1976-09-22;12.9;9;12.9
1976-09-23;11.8;9;11.8
1976-09-24;13.3;9;13.3
1976-09-25;19.2;9;19.2
1976-09-26;20.5;9;20.5
1976-09-27;16.5;9;16.5
1976-09-28;16.6;9;16.6
1976-09-29;16.6;9;16.6
1976-09-30;14.4;9;14.4
1976-10-01;16.8;10;16.8
1976-10-02;18.1;10;18.1
1976-10-03;19.3;10;19.3
1976-10-04;28.9;10;28.9
1976-10-05;37.8;10;37.8
1976-10-06;18.8;10;18.8
1976-10-07;19.2;10;19.2
1976-10-08;17.6;10;17.6
1976-10-09;18.1;10;18.1
1976-10-10;15.6;10;15.6
1976-10-11;20.5;10;20.5
1976-10-12;26.5;10;26.5
1976-10-13;29.3;10;29.3
1976-10-14;51.9;10;51.9
1976-10-15;29.1;10;29.1
1976-10-16;21.3;10;21.3
1976-10-17;17.6;10;17.6
1976-10-18;15.8;10;15.8
1976-10-19;14.4;10;14.4
1976-10-20;13.6;10;13.6
1976-10-21;12.7;10;12.7
1976-10-22;12.2;10;12.2
1976-10-23;13.6;10;13.6
1976-10-24;16.9;10;16.9
1976-10-25;34.7;10;34.7
1976-10-26;31.9;10;31.9
1976-10-27;26.1;10;26.1
1976-10-28;22.0;10;22.0
1976-10-29;17.0;10;17.0
1976-10-30;16.1;10;16.1
1976-10-31;21.2;10;21.2
1976-11-01;22.8;11;22.8
1976-11-02;26.0;11;26.0
1976-11-03;17.5;11;17.5
1976-11-04;19.7;11;19.7
1976-11-05;24.9;11;24.9
1976-11-06;16.6;11;16.6
1976-11-07;13.8;11;13.8
1976-11-08;12.3;11;12.3
1976-11-09;12.2;11;12.2
1976-11-10;14.1;11;14.1
1976-11-11;13.6;11;13.6
1976-11-12;11.6;11;11.6
1976-11-13;11.3;11;11.3
1976-11-14;11.1;11;11.1
1976-11-15;11.2;11;11.2
1976-11-16;9.9;11;9.9
1976-11-17;9.4;11;9.4
1976-11-18;12.7;11;12.7
1976-11-19;10.0;11;10.0
1976-11-20;9.4;11;9.4
1976-11-21;8.9;11;8.9
1976-11-22;8.8;11;8.8
1976-11-23;9.1;11;9.1
1976-11-24;8.6;11;8.6
1976-11-25;8.1;11;8.1
1976-11-26;7.5;11;7.5
1976-11-27;7.5;11;7.5
1976-11-28;7.3;11;7.3
1976-11-29;7.1;11;7.1
1976-11-30;7.0;11;7.0
1976-12-01;6.8;12;6.8
1976-12-02;6.5;12;6.5
1976-12-03;7.2;12;7.2
1976-12-04;7.6;12;7.6
1976-12-05;7.2;12;7.2
1976-12-06;7.0;12;7.0
1976-12-07;6.7;12;6.7
1976-12-08;7.2;12;7.2
1976-12-09;8.4;12;8.4
1976-12-10;9.6;12;9.6
1976-12-11;10.1;12;10.1
1976-12-12;10.1;12;10.1
1976-12-13;8.5;12;8.5
1976-12-14;7.8;12;7.8
1976-12-15;7.6;12;7.6
1976-12-16;7.6;12;7.6
1976-12-17;7.0;12;7.0
1976-12-18;6.7;12;6.7
1976-12-19;6.6;12;6.6
1976-12-20;6.5;12;6.5
1976-12-21;6.4;12;6.4
1976-12-22;6.2;12;6.2
1976-12-23;5.8;12;5.8
1976-12-24;5.7;12;5.7
1976-12-25;5.6;12;5.6
1976-12-26;5.6;12;5.6
1976-12-27;5.4;12;5.4
1976-12-28;5.3;12;5.3
1976-12-29;5.1;12;5.1
1976-12-30;4.9;12;4.9
1976-12-31;4.8;12;4.8
1977-01-01;5.0;1;5.0
1977-01-02;5.0;1;5.0
1977-01-03;4.9;1;4.9
1977-01-04;4.8;1;4.8
1977-01-05;4.8;1;4.8
1977-01-06;4.7;1;4.7
1977-01-07;4.6;1;4.6
1977-01-08;4.5;1;4.5
1977-01-09;4.4;1;4.4
1977-01-10;4.3;1;4.3
1977-01-11;4.3;1;4.3
1977-01-12;4.3;1;4.3
1977-01-13;4.2;1;4.2
1977-01-14;4.3;1;4.3
1977-01-15;4.4;1;4.4
1977-01-16;4.4;1;4.4
1977-01-17;4.4;1;4.4
1977-01-18;4.4;1;4.4
1977-01-19;4.4;1;4.4
1977-01-20;4.3;1;4.3
1977-01-21;4.1;1;4.1
1977-01-22;4.0;1;4.0
1977-01-23;4.0;1;4.0
1977-01-24;4.0;1;4.0
1977-01-25;4.0;1;4.0
1977-01-26;4.0;1;4.0
1977-01-27;3.95;1;3.95
1977-01-28;3.9;1;3.9
1977-01-29;3.83;1;3.83
1977-01-30;3.6;1;3.6
1977-01-31;3.8;1;3.8
1977-02-01;3.7;2;3.7
1977-02-02;3.6;2;3.6
1977-02-03;3.6;2;3.6
1977-02-04;3.6;2;3.6
1977-02-05;3.6;2;3.6
1977-02-06;3.6;2;3.6
1977-02-07;3.7;2;3.7
1977-02-08;3.9;2;3.9
1977-02-09;3.9;2;3.9
1977-02-10;3.7;2;3.7
1977-02-11;3.8;2;3.8
1977-02-12;4.0;2;4.0
1977-02-13;3.8;2;3.8
1977-02-14;3.6;2;3.6
1977-02-15;3.6;2;3.6
1977-02-16;3.6;2;3.6
1977-02-17;3.4;2;3.4
1977-02-18;3.2;2;3.2
1977-02-19;3.2;2;3.2
1977-02-20;3.2;2;3.2
1977-02-21;3.2;2;3.2
1977-02-22;3.2;2;3.2
1977-02-23;3.2;2;3.2
1977-02-24;3.2;2;3.2
1977-02-25;3.2;2;3.2
1977-02-26;3.1;2;3.1
1977-02-27;2.9;2;2.9
1977-02-28;2.8;2;2.8
1977-03-01;3.0;3;3.0
1977-03-02;2.9;3;2.9
1977-03-03;2.9;3;2.9
1977-03-04;3.0;3;3.0
1977-03-05;3.1;3;3.1
1977-03-06;3.2;3;3.2
1977-03-07;3.0;3;3.0
1977-03-08;2.9;3;2.9
1977-03-09;3.62;3;3.62
1977-03-10;3.7;3;3.7
1977-03-11;3.2;3;3.2
1977-03-12;2.9;3;2.9
1977-03-13;2.8;3;2.8
1977-03-14;2.8;3;2.8
1977-03-15;2.87;3;2.87
1977-03-16;3.79;3;3.79
1977-03-17;3.7;3;3.7
1977-03-18;3.7;3;3.7
1977-03-19;3.5;3;3.5
1977-03-20;3.3;3;3.3
1977-03-21;3.0;3;3.0
1977-03-22;2.8;3;2.8
1977-03-23;2.7;3;2.7
1977-03-24;2.82;3;2.82
1977-03-25;3.26;3;3.26
1977-03-26;3.2;3;3.2
1977-03-27;3.55;3;3.55
1977-03-28;3.3;3;3.3
1977-03-29;3.3;3;3.3
1977-03-30;3.1;3;3.1
1977-03-31;3.34;3;3.34
1977-04-01;3.0;4;3.0
1977-04-02;2.7;4;2.7
1977-04-03;2.6;4;2.6
1977-04-04;2.7;4;2.7
1977-04-05;2.8;4;2.8
1977-04-06;2.8;4;2.8
1977-04-07;2.88;4;2.88
1977-04-08;3.23;4;3.23
1977-04-09;3.26;4;3.26
1977-04-10;2.9;4;2.9
1977-04-11;4.18;4;4.18
1977-04-12;4.7;4;4.7
1977-04-13;4.2;4;4.2
1977-04-14;3.84;4;3.84
1977-04-15;3.65;4;3.65
1977-04-16;3.6;4;3.6
1977-04-17;4.1;4;4.1
1977-04-18;4.0;4;4.0
1977-04-19;3.5;4;3.5
1977-04-20;3.3;4;3.3
1977-04-21;3.2;4;3.2
1977-04-22;3.48;4;3.48
1977-04-23;4.64;4;4.64
1977-04-24;7.15;4;7.15
1977-04-25;7.36;4;7.36
1977-04-26;5.62;4;5.62
1977-04-27;6.47;4;6.47
1977-04-28;4.8;4;4.8
1977-04-29;4.98;4;4.98
1977-04-30;6.16;4;6.16
1977-05-01;4.78;5;4.78
1977-05-02;4.24;5;4.24
1977-05-03;4.29;5;4.29
1977-05-04;3.78;5;3.78
1977-05-05;8.12;5;8.12
1977-05-06;21.53;5;21.53
1977-05-07;7.75;5;7.75
1977-05-08;5.8;5;5.8
1977-05-09;5.0;5;5.0
1977-05-10;4.7;5;4.7
1977-05-11;5.8;5;5.8
1977-05-12;5.7;5;5.7
1977-05-13;4.8;5;4.8
1977-05-14;7.56;5;7.56
1977-05-15;25.39;5;25.39
1977-05-16;19.31;5;19.31
1977-05-17;18.01;5;18.01
1977-05-18;12.18;5;12.18
1977-05-19;13.45;5;13.45
1977-05-20;16.98;5;16.98
1977-05-21;18.71;5;18.71
1977-05-22;23.0;5;23.0
1977-05-23;28.26;5;28.26
1977-05-24;14.71;5;14.71
1977-05-25;14.62;5;14.62
1977-05-26;10.54;5;10.54
1977-05-27;24.28;5;24.28
1977-05-28;18.72;5;18.72
1977-05-29;14.43;5;14.43
1977-05-30;12.28;5;12.28
1977-05-31;10.65;5;10.65
1977-06-01;10.04;6;10.04
1977-06-02;16.56;6;16.56
1977-06-03;15.15;6;15.15
1977-06-04;11.73;6;11.73
1977-06-05;9.7;6;9.7
1977-06-06;15.63;6;15.63
1977-06-07;25.1;6;25.1
1977-06-08;27.54;6;27.54
1977-06-09;24.96;6;24.96
1977-06-10;25.93;6;25.93
1977-06-11;21.94;6;21.94
1977-06-12;27.72;6;27.72
1977-06-13;39.37;6;39.37
1977-06-14;26.42;6;26.42
1977-06-15;24.26;6;24.26
1977-06-16;21.37;6;21.37
1977-06-17;18.41;6;18.41
1977-06-18;18.97;6;18.97
1977-06-19;32.92;6;32.92
1977-06-20;41.12;6;41.12
1977-06-21;61.07;6;61.07
1977-06-22;44.08;6;44.08
1977-06-23;29.99;6;29.99
1977-06-24;24.15;6;24.15
1977-06-25;21.59;6;21.59
1977-06-26;18.45;6;18.45
1977-06-27;17.39;6;17.39
1977-06-28;18.55;6;18.55
1977-06-29;44.5;6;44.5
1977-06-30;33.91;6;33.91
1977-07-01;31.28;7;31.28
1977-07-02;27.85;7;27.85
1977-07-03;21.07;7;21.07
1977-07-04;32.4;7;32.4
1977-07-05;26.87;7;26.87
1977-07-06;21.0;7;21.0
1977-07-07;18.97;7;18.97
1977-07-08;17.61;7;17.61
1977-07-09;19.81;7;19.81
1977-07-10;29.46;7;29.46
1977-07-11;23.72;7;23.72
1977-07-12;17.67;7;17.67
1977-07-13;15.9;7;15.9
1977-07-14;21.76;7;21.76
1977-07-15;29.04;7;29.04
1977-07-16;44.3;7;44.3
1977-07-17;31.24;7;31.24
1977-07-18;23.56;7;23.56
1977-07-19;19.97;7;19.97
1977-07-20;23.22;7;23.22
1977-07-21;31.11;7;31.11
1977-07-22;19.52;7;19.52
1977-07-23;17.52;7;17.52
1977-07-24;21.21;7;21.21
1977-07-25;16.0;7;16.0
1977-07-26;14.17;7;14.17
1977-07-27;15.13;7;15.13
1977-07-28;20.63;7;20.63
1977-07-29;17.3;7;17.3
1977-07-30;15.22;7;15.22
1977-07-31;18.63;7;18.63
1977-08-01;20.75;8;20.75
1977-08-02;16.8;8;16.8
1977-08-03;15.02;8;15.02
1977-08-04;22.16;8;22.16
1977-08-05;23.71;8;23.71
1977-08-06;29.37;8;29.37
1977-08-07;38.73;8;38.73
1977-08-08;31.52;8;31.52
1977-08-09;25.69;8;25.69
1977-08-10;25.8;8;25.8
1977-08-11;24.0;8;24.0
1977-08-12;20.1;8;20.1
1977-08-13;17.6;8;17.6
1977-08-14;18.1;8;18.1
1977-08-15;16.2;8;16.2
1977-08-16;21.13;8;21.13
1977-08-17;19.26;8;19.26
1977-08-18;17.2;8;17.2
1977-08-19;17.0;8;17.0
1977-08-20;15.9;8;15.9
1977-08-21;17.13;8;17.13
1977-08-22;16.83;8;16.83
1977-08-23;14.41;8;14.41
1977-08-24;13.47;8;13.47
1977-08-25;14.77;8;14.77
1977-08-26;14.42;8;14.42
1977-08-27;13.3;8;13.3
1977-08-28;12.95;8;12.95
1977-08-29;12.42;8;12.42
1977-08-30;12.25;8;12.25
1977-08-31;13.84;8;13.84
1977-09-01;15.24;9;15.24
1977-09-02;18.54;9;18.54
1977-09-03;14.91;9;14.91
1977-09-04;13.76;9;13.76
1977-09-05;14.15;9;14.15
1977-09-06;15.02;9;15.02
1977-09-07;15.15;9;15.15
1977-09-08;15.95;9;15.95
1977-09-09;18.41;9;18.41
1977-09-10;20.76;9;20.76
1977-09-11;21.32;9;21.32
1977-09-12;17.44;9;17.44
1977-09-13;15.6;9;15.6
1977-09-14;14.87;9;14.87
1977-09-15;14.61;9;14.61
1977-09-16;14.01;9;14.01
1977-09-17;13.12;9;13.12
1977-09-18;12.25;9;12.25
1977-09-19;12.08;9;12.08
1977-09-20;10.3;9;10.3
1977-09-21;9.43;9;9.43
1977-09-22;10.08;9;10.08
1977-09-23;17.54;9;17.54
1977-09-24;14.06;9;14.06
1977-09-25;10.5;9;10.5
1977-09-26;10.0;9;10.0
1977-09-27;11.45;9;11.45
1977-09-28;13.42;9;13.42
1977-09-29;12.6;9;12.6
1977-09-30;10.69;9;10.69
1977-10-01;15.64;10;15.64
1977-10-02;14.63;10;14.63
1977-10-03;11.04;10;11.04
1977-10-04;9.87;10;9.87
1977-10-05;9.25;10;9.25
1977-10-06;8.87;10;8.87
1977-10-07;8.5;10;8.5
1977-10-08;8.73;10;8.73
1977-10-09;9.82;10;9.82
1977-10-10;15.16;10;15.16
1977-10-11;10.62;10;10.62
1977-10-12;12.97;10;12.97
1977-10-13;18.45;10;18.45
1977-10-14;14.86;10;14.86
1977-10-15;10.89;10;10.89
1977-10-16;10.26;10;10.26
1977-10-17;10.72;10;10.72
1977-10-18;24.22;10;24.22
1977-10-19;19.95;10;19.95
1977-10-20;21.97;10;21.97
1977-10-21;19.65;10;19.65
1977-10-22;21.07;10;21.07
1977-10-23;16.4;10;16.4
1977-10-24;13.48;10;13.48
1977-10-25;11.9;10;11.9
1977-10-26;10.69;10;10.69
1977-10-27;10.12;10;10.12
1977-10-28;13.41;10;13.41
1977-10-29;33.73;10;33.73
1977-10-30;30.46;10;30.46
1977-10-31;29.51;10;29.51
1977-11-01;34.1;11;34.1
1977-11-02;29.46;11;29.46
1977-11-03;39.07;11;39.07
1977-11-04;28.0;11;28.0
1977-11-05;19.8;11;19.8
1977-11-06;17.2;11;17.2
1977-11-07;16.77;11;16.77
1977-11-08;18.81;11;18.81
1977-11-09;22.11;11;22.11
1977-11-10;16.2;11;16.2
1977-11-11;14.8;11;14.8
1977-11-12;13.89;11;13.89
1977-11-13;30.23;11;30.23
1977-11-14;34.52;11;34.52
1977-11-15;34.75;11;34.75
1977-11-16;26.84;11;26.84
1977-11-17;22.99;11;22.99
1977-11-18;18.96;11;18.96
1977-11-19;16.4;11;16.4
1977-11-20;14.8;11;14.8
1977-11-21;13.47;11;13.47
1977-11-22;12.77;11;12.77
1977-11-23;12.6;11;12.6
1977-11-24;11.9;11;11.9
1977-11-25;10.67;11;10.67
1977-11-26;10.25;11;10.25
1977-11-27;9.87;11;9.87
1977-11-28;9.5;11;9.5
1977-11-29;9.12;11;9.12
1977-11-30;8.75;11;8.75
1977-12-01;8.5;12;8.5
1977-12-02;8.5;12;8.5
1977-12-03;8.5;12;8.5
1977-12-04;8.25;12;8.25
1977-12-05;8.13;12;8.13
1977-12-06;8.0;12;8.0
1977-12-07;7.9;12;7.9
1977-12-08;8.75;12;8.75
1977-12-09;8.63;12;8.63
1977-12-10;8.0;12;8.0
1977-12-11;7.7;12;7.7
1977-12-12;7.8;12;7.8
1977-12-13;7.4;12;7.4
1977-12-14;7.1;12;7.1
1977-12-15;6.9;12;6.9
1977-12-16;6.5;12;6.5
1977-12-17;6.5;12;6.5
1977-12-18;6.5;12;6.5
1977-12-19;6.4;12;6.4
1977-12-20;6.2;12;6.2
1977-12-21;6.2;12;6.2
1977-12-22;6.3;12;6.3
1977-12-23;6.4;12;6.4
1977-12-24;6.3;12;6.3
1977-12-25;6.1;12;6.1
1977-12-26;6.0;12;6.0
1977-12-27;6.0;12;6.0
1977-12-28;6.2;12;6.2
1977-12-29;5.9;12;5.9
1977-12-30;6.7;12;6.7
1977-12-31;6.5;12;6.5
1978-01-01;6.0;1;6.0
1978-01-02;6.0;1;6.0
1978-01-03;5.6;1;5.6
1978-01-04;5.6;1;5.6
1978-01-05;5.6;1;5.6
1978-01-06;5.4;1;5.4
1978-01-07;5.4;1;5.4
1978-01-08;6.0;1;6.0
1978-01-09;5.6;1;5.6
1978-01-10;5.6;1;5.6
1978-01-11;5.6;1;5.6
1978-01-12;5.4;1;5.4
1978-01-13;5.4;1;5.4
1978-01-14;5.4;1;5.4
1978-01-15;5.4;1;5.4
1978-01-16;5.4;1;5.4
1978-01-17;5.4;1;5.4
1978-01-18;5.4;1;5.4
1978-01-19;5.4;1;5.4
1978-01-20;5.4;1;5.4
1978-01-21;5.4;1;5.4
1978-01-22;5.4;1;5.4
1978-01-23;5.4;1;5.4
1978-01-24;5.4;1;5.4
1978-01-25;5.4;1;5.4
1978-01-26;5.4;1;5.4
1978-01-27;5.4;1;5.4
1978-01-28;5.4;1;5.4
1978-01-29;5.4;1;5.4
1978-01-30;5.4;1;5.4
1978-01-31;5.4;1;5.4
1978-02-01;5.4;2;5.4
1978-02-02;5.4;2;5.4
1978-02-03;5.4;2;5.4
1978-02-04;6.0;2;6.0
1978-02-05;19.2;2;19.2
1978-02-06;14.0;2;14.0
1978-02-07;5.8;2;5.8
1978-02-08;5.6;2;5.6
1978-02-09;5.4;2;5.4
1978-02-10;5.2;2;5.2
1978-02-11;5.0;2;5.0
1978-02-12;4.8;2;4.8
1978-02-13;4.6;2;4.6
1978-02-14;4.4;2;4.4
1978-02-15;4.0;2;4.0
1978-02-16;4.0;2;4.0
1978-02-17;4.0;2;4.0
1978-02-18;4.2;2;4.2
1978-02-19;4.1;2;4.1
1978-02-20;4.0;2;4.0
1978-02-21;4.0;2;4.0
1978-02-22;3.9;2;3.9
1978-02-23;3.8;2;3.8
1978-02-24;3.8;2;3.8
1978-02-25;3.8;2;3.8
1978-02-26;3.8;2;3.8
1978-02-27;3.8;2;3.8
1978-02-28;3.8;2;3.8
1978-03-01;3.9;3;3.9
1978-03-02;4.11;3;4.11
1978-03-03;4.95;3;4.95
1978-03-04;5.73;3;5.73
1978-03-05;5.05;3;5.05
1978-03-06;6.98;3;6.98
1978-03-07;4.99;3;4.99
1978-03-08;4.3;3;4.3
1978-03-09;4.21;3;4.21
1978-03-10;4.0;3;4.0
1978-03-11;3.84;3;3.84
1978-03-12;3.6;3;3.6
1978-03-13;3.55;3;3.55
1978-03-14;3.4;3;3.4
1978-03-15;3.55;3;3.55
1978-03-16;3.42;3;3.42
1978-03-17;3.4;3;3.4
1978-03-18;3.7;3;3.7
1978-03-19;4.52;3;4.52
1978-03-20;4.96;3;4.96
1978-03-21;4.7;3;4.7
1978-03-22;4.57;3;4.57
1978-03-23;5.0;3;5.0
1978-03-24;4.87;3;4.87
1978-03-25;4.6;3;4.6
1978-03-26;4.82;3;4.82
1978-03-27;5.45;3;5.45
1978-03-28;5.77;3;5.77
1978-03-29;14.1;3;14.1
1978-03-30;9.43;3;9.43
1978-03-31;13.27;3;13.27
1978-04-01;10.17;4;10.17
1978-04-02;15.28;4;15.28
1978-04-03;9.06;4;9.06
1978-04-04;10.91;4;10.91
1978-04-05;12.72;4;12.72
1978-04-06;15.53;4;15.53
1978-04-07;19.25;4;19.25
1978-04-08;57.59;4;57.59
1978-04-09;31.6;4;31.6
1978-04-10;20.1;4;20.1
1978-04-11;14.96;4;14.96
1978-04-12;13.01;4;13.01
1978-04-13;18.11;4;18.11
1978-04-14;14.98;4;14.98
1978-04-15;11.45;4;11.45
1978-04-16;12.6;4;12.6
1978-04-17;20.6;4;20.6
1978-04-18;30.46;4;30.46
1978-04-19;34.57;4;34.57
1978-04-20;42.85;4;42.85
1978-04-21;25.85;4;25.85
1978-04-22;26.33;4;26.33
1978-04-23;17.77;4;17.77
1978-04-24;14.05;4;14.05
1978-04-25;11.9;4;11.9
1978-04-26;10.55;4;10.55
1978-04-27;9.75;4;9.75
1978-04-28;9.47;4;9.47
1978-04-29;9.03;4;9.03
1978-04-30;9.28;4;9.28
1978-05-01;8.65;5;8.65
1978-05-02;8.93;5;8.93
1978-05-03;8.37;5;8.37
1978-05-04;8.37;5;8.37
1978-05-05;8.86;5;8.86
1978-05-06;9.03;5;9.03
1978-05-07;8.37;5;8.37
1978-05-08;7.8;5;7.8
1978-05-09;8.16;5;8.16
1978-05-10;8.22;5;8.22
1978-05-11;11.91;5;11.91
1978-05-12;9.73;5;9.73
1978-05-13;11.62;5;11.62
1978-05-14;14.63;5;14.63
1978-05-15;11.32;5;11.32
1978-05-16;24.51;5;24.51
1978-05-17;14.77;5;14.77
1978-05-18;12.29;5;12.29
1978-05-19;10.67;5;10.67
1978-05-20;11.14;5;11.14
1978-05-21;9.37;5;9.37
1978-05-22;8.93;5;8.93
1978-05-23;8.78;5;8.78
1978-05-24;9.08;5;9.08
1978-05-25;10.89;5;10.89
1978-05-26;27.47;5;27.47
1978-05-27;19.26;5;19.26
1978-05-28;15.07;5;15.07
1978-05-29;13.57;5;13.57
1978-05-30;16.41;5;16.41
1978-05-31;16.12;5;16.12
1978-06-01;19.07;6;19.07
1978-06-02;17.07;6;17.07
1978-06-03;15.8;6;15.8
1978-06-04;18.92;6;18.92
1978-06-05;16.94;6;16.94
1978-06-06;14.81;6;14.81
1978-06-07;12.75;6;12.75
1978-06-08;14.53;6;14.53
1978-06-09;21.66;6;21.66
1978-06-10;14.45;6;14.45
1978-06-11;12.7;6;12.7
1978-06-12;17.44;6;17.44
1978-06-13;16.92;6;16.92
1978-06-14;22.29;6;22.29
1978-06-15;29.52;6;29.52
1978-06-16;20.92;6;20.92
1978-06-17;16.8;6;16.8
1978-06-18;18.97;6;18.97
1978-06-19;30.09;6;30.09
1978-06-20;25.42;6;25.42
1978-06-21;25.93;6;25.93
1978-06-22;33.91;6;33.91
1978-06-23;26.92;6;26.92
1978-06-24;20.4;6;20.4
1978-06-25;17.2;6;17.2
1978-06-26;16.63;6;16.63
1978-06-27;17.82;6;17.82
1978-06-28;23.84;6;23.84
1978-06-29;27.44;6;27.44
1978-06-30;31.84;6;31.84
1978-07-01;23.17;7;23.17
1978-07-02;33.51;7;33.51
1978-07-03;28.24;7;28.24
1978-07-04;24.31;7;24.31
1978-07-05;22.47;7;22.47
1978-07-06;25.92;7;25.92
1978-07-07;40.46;7;40.46
1978-07-08;29.09;7;29.09
1978-07-09;27.82;7;27.82
1978-07-10;30.44;7;30.44
1978-07-11;23.9;7;23.9
1978-07-12;19.8;7;19.8
1978-07-13;17.32;7;17.32
1978-07-14;18.7;7;18.7
1978-07-15;18.36;7;18.36
1978-07-16;15.0;7;15.0
1978-07-17;14.26;7;14.26
1978-07-18;18.2;7;18.2
1978-07-19;16.66;7;16.66
1978-07-20;22.2;7;22.2
1978-07-21;20.4;7;20.4
1978-07-22;18.9;7;18.9
1978-07-23;18.9;7;18.9
1978-07-24;25.43;7;25.43
1978-07-25;11.57;7;11.57
1978-07-26;13.1;7;13.1
1978-07-27;16.39;7;16.39
1978-07-28;17.84;7;17.84
1978-07-29;13.5;7;13.5
1978-07-30;13.36;7;13.36
1978-07-31;12.12;7;12.12
1978-08-01;12.56;8;12.56
1978-08-02;25.3;8;25.3
1978-08-03;17.33;8;17.33
1978-08-04;16.64;8;16.64
1978-08-05;15.55;8;15.55
1978-08-06;15.06;8;15.06
1978-08-07;18.55;8;18.55
1978-08-08;23.2;8;23.2
1978-08-09;28.1;8;28.1
1978-08-10;44.33;8;44.33
1978-08-11;26.71;8;26.71
1978-08-12;21.81;8;21.81
1978-08-13;18.6;8;18.6
1978-08-14;18.87;8;18.87
1978-08-15;28.22;8;28.22
1978-08-16;25.94;8;25.94
1978-08-17;18.58;8;18.58
1978-08-18;16.4;8;16.4
1978-08-19;15.2;8;15.2
1978-08-20;15.36;8;15.36
1978-08-21;17.06;8;17.06
1978-08-22;15.7;8;15.7
1978-08-23;36.48;8;36.48
1978-08-24;27.05;8;27.05
1978-08-25;58.38;8;58.38
1978-08-26;29.32;8;29.32
1978-08-27;24.07;8;24.07
1978-08-28;26.25;8;26.25
1978-08-29;31.43;8;31.43
1978-08-30;29.74;8;29.74
1978-08-31;24.46;8;24.46
1978-09-01;19.2;9;19.2
1978-09-02;17.6;9;17.6
1978-09-03;22.07;9;22.07
1978-09-04;19.8;9;19.8
1978-09-05;17.6;9;17.6
1978-09-06;16.4;9;16.4
1978-09-07;15.0;9;15.0
1978-09-08;14.2;9;14.2
1978-09-09;13.65;9;13.65
1978-09-10;21.44;9;21.44
1978-09-11;20.35;9;20.35
1978-09-12;16.35;9;16.35
1978-09-13;15.6;9;15.6
1978-09-14;16.9;9;16.9
1978-09-15;32.19;9;32.19
1978-09-16;23.27;9;23.27
1978-09-17;20.2;9;20.2
1978-09-18;24.15;9;24.15
1978-09-19;16.8;9;16.8
1978-09-20;16.5;9;16.5
1978-09-21;22.55;9;22.55
1978-09-22;17.02;9;17.02
1978-09-23;15.2;9;15.2
1978-09-24;14.4;9;14.4
1978-09-25;15.43;9;15.43
1978-09-26;22.04;9;22.04
1978-09-27;23.15;9;23.15
1978-09-28;35.6;9;35.6
1978-09-29;19.8;9;19.8
1978-09-30;17.2;9;17.2
1978-10-01;16.0;10;16.0
1978-10-02;15.2;10;15.2
1978-10-03;14.4;10;14.4
1978-10-04;13.3;10;13.3
1978-10-05;12.6;10;12.6
1978-10-06;13.33;10;13.33
1978-10-07;12.42;10;12.42
1978-10-08;11.9;10;11.9
1978-10-09;11.55;10;11.55
1978-10-10;11.37;10;11.37
1978-10-11;14.26;10;14.26
1978-10-12;14.61;10;14.61
1978-10-13;11.55;10;11.55
1978-10-14;12.95;10;12.95
1978-10-15;20.97;10;20.97
1978-10-16;30.66;10;30.66
1978-10-17;31.98;10;31.98
1978-10-18;18.86;10;18.86
1978-10-19;15.2;10;15.2
1978-10-20;13.12;10;13.12
1978-10-21;11.72;10;11.72
1978-10-22;11.69;10;11.69
1978-10-23;20.96;10;20.96
1978-10-24;19.57;10;19.57
1978-10-25;23.95;10;23.95
1978-10-26;23.35;10;23.35
1978-10-27;17.78;10;17.78
1978-10-28;16.2;10;16.2
1978-10-29;15.35;10;15.35
1978-10-30;15.39;10;15.39
1978-10-31;15.07;10;15.07
1978-11-01;24.56;11;24.56
1978-11-02;18.09;11;18.09
1978-11-03;14.22;11;14.22
1978-11-04;13.91;11;13.91
1978-11-05;12.95;11;12.95
1978-11-06;11.72;11;11.72
1978-11-07;10.85;11;10.85
1978-11-08;10.37;11;10.37
1978-11-09;10.12;11;10.12
1978-11-10;10.0;11;10.0
1978-11-11;10.12;11;10.12
1978-11-12;10.71;11;10.71
1978-11-13;11.92;11;11.92
1978-11-14;11.07;11;11.07
1978-11-15;17.95;11;17.95
1978-11-16;14.49;11;14.49
1978-11-17;14.4;11;14.4
1978-11-18;12.38;11;12.38
1978-11-19;11.02;11;11.02
1978-11-20;10.85;11;10.85
1978-11-21;10.67;11;10.67
1978-11-22;10.25;11;10.25
1978-11-23;9.75;11;9.75
1978-11-24;9.25;11;9.25
1978-11-25;9.0;11;9.0
1978-11-26;8.62;11;8.62
1978-11-27;8.5;11;8.5
1978-11-28;8.5;11;8.5
1978-11-29;9.33;11;9.33
1978-11-30;8.87;11;8.87
1978-12-01;8.12;12;8.12
1978-12-02;8.0;12;8.0
1978-12-03;8.9;12;8.9
1978-12-04;13.38;12;13.38
1978-12-05;17.94;12;17.94
1978-12-06;11.16;12;11.16
1978-12-07;10.25;12;10.25
1978-12-08;13.62;12;13.62
1978-12-09;19.2;12;19.2
1978-12-10;13.76;12;13.76
1978-12-11;12.49;12;12.49
1978-12-12;10.12;12;10.12
1978-12-13;9.37;12;9.37
1978-12-14;9.0;12;9.0
1978-12-15;8.87;12;8.87
1978-12-16;9.26;12;9.26
1978-12-17;9.37;12;9.37
1978-12-18;8.37;12;8.37
1978-12-19;8.0;12;8.0
1978-12-20;7.9;12;7.9
1978-12-21;7.6;12;7.6
1978-12-22;7.3;12;7.3
1978-12-23;7.1;12;7.1
1978-12-24;7.0;12;7.0
1978-12-25;6.9;12;6.9
1978-12-26;6.7;12;6.7
1978-12-27;6.5;12;6.5
1978-12-28;6.4;12;6.4
1978-12-29;6.4;12;6.4
1978-12-30;6.4;12;6.4
1978-12-31;6.4;12;6.4
1979-01-01;6.4;1;6.4
1979-01-02;6.4;1;6.4
1979-01-03;6.4;1;6.4
1979-01-04;6.4;1;6.4
1979-01-05;6.0;1;6.0
1979-01-06;5.7;1;5.7
1979-01-07;5.6;1;5.6
1979-01-08;5.6;1;5.6
1979-01-09;5.6;1;5.6
1979-01-10;5.6;1;5.6
1979-01-11;5.6;1;5.6
1979-01-12;5.6;1;5.6
1979-01-13;5.6;1;5.6
1979-01-14;5.6;1;5.6
1979-01-15;5.6;1;5.6
1979-01-16;5.4;1;5.4
1979-01-17;5.2;1;5.2
1979-01-18;5.2;1;5.2
1979-01-19;5.2;1;5.2
1979-01-20;5.2;1;5.2
1979-01-21;5.2;1;5.2
1979-01-22;5.2;1;5.2
1979-01-23;5.2;1;5.2
1979-01-24;5.12;1;5.12
1979-01-25;4.6;1;4.6
1979-01-26;4.6;1;4.6
1979-01-27;4.6;1;4.6
1979-01-28;4.6;1;4.6
1979-01-29;4.6;1;4.6
1979-01-30;4.5;1;4.5
1979-01-31;4.4;1;4.4
1979-02-01;4.2;2;4.2
1979-02-02;4.2;2;4.2
1979-02-03;4.1;2;4.1
1979-02-04;4.0;2;4.0
1979-02-05;4.0;2;4.0
1979-02-06;4.0;2;4.0
1979-02-07;4.0;2;4.0
1979-02-08;3.82;2;3.82
1979-02-09;3.8;2;3.8
1979-02-10;3.8;2;3.8
1979-02-11;3.8;2;3.8
1979-02-12;4.0;2;4.0
1979-02-13;4.0;2;4.0
1979-02-14;4.0;2;4.0
1979-02-15;4.0;2;4.0
1979-02-16;4.0;2;4.0
1979-02-17;4.0;2;4.0
1979-02-18;4.0;2;4.0
1979-02-19;4.0;2;4.0
1979-02-20;4.0;2;4.0
1979-02-21;4.0;2;4.0
1979-02-22;3.9;2;3.9
1979-02-23;3.8;2;3.8
1979-02-24;3.8;2;3.8
1979-02-25;3.8;2;3.8
1979-02-26;3.82;2;3.82
1979-02-27;4.6;2;4.6
1979-02-28;4.6;2;4.6
1979-03-01;4.1;3;4.1
1979-03-02;4.0;3;4.0
1979-03-03;4.0;3;4.0
1979-03-04;4.0;3;4.0
1979-03-05;3.9;3;3.9
1979-03-06;3.9;3;3.9
1979-03-07;4.0;3;4.0
1979-03-08;4.0;3;4.0
1979-03-09;4.0;3;4.0
1979-03-10;4.4;3;4.4
1979-03-11;4.2;3;4.2
1979-03-12;4.0;3;4.0
1979-03-13;3.8;3;3.8
1979-03-14;3.8;3;3.8
1979-03-15;3.8;3;3.8
1979-03-16;3.6;3;3.6
1979-03-17;3.6;3;3.6
1979-03-18;3.6;3;3.6
1979-03-19;3.6;3;3.6
1979-03-20;3.6;3;3.6
1979-03-21;3.6;3;3.6
1979-03-22;3.6;3;3.6
1979-03-23;3.6;3;3.6
1979-03-24;3.6;3;3.6
1979-03-25;3.6;3;3.6
1979-03-26;4.1;3;4.1
1979-03-27;4.0;3;4.0
1979-03-28;4.0;3;4.0
1979-03-29;4.0;3;4.0
1979-03-30;3.8;3;3.8
1979-03-31;3.6;3;3.6
1979-04-01;3.4;4;3.4
1979-04-02;3.4;4;3.4
1979-04-03;3.3;4;3.3
1979-04-04;3.2;4;3.2
1979-04-05;3.2;4;3.2
1979-04-06;3.2;4;3.2
1979-04-07;3.33;4;3.33
1979-04-08;3.9;4;3.9
1979-04-09;4.46;4;4.46
1979-04-10;4.7;4;4.7
1979-04-11;4.9;4;4.9
1979-04-12;6.05;4;6.05
1979-04-13;7.6;4;7.6
1979-04-14;6.39;4;6.39
1979-04-15;6.33;4;6.33
1979-04-16;8.0;4;8.0
1979-04-17;8.0;4;8.0
1979-04-18;7.24;4;7.24
1979-04-19;6.3;4;6.3
1979-04-20;6.32;4;6.32
1979-04-21;7.52;4;7.52
1979-04-22;7.89;4;7.89
1979-04-23;8.0;4;8.0
1979-04-24;8.54;4;8.54
1979-04-25;14.55;4;14.55
1979-04-26;9.28;4;9.28
1979-04-27;8.27;4;8.27
1979-04-28;16.14;4;16.14
1979-04-29;25.6;4;25.6
1979-04-30;16.05;4;16.05
1979-05-01;11.23;5;11.23
1979-05-02;8.87;5;8.87
1979-05-03;8.12;5;8.12
1979-05-04;8.62;5;8.62
1979-05-05;8.05;5;8.05
1979-05-06;7.1;5;7.1
1979-05-07;6.7;5;6.7
1979-05-08;6.67;5;6.67
1979-05-09;6.4;5;6.4
1979-05-10;10.11;5;10.11
1979-05-11;9.58;5;9.58
1979-05-12;8.05;5;8.05
1979-05-13;7.2;5;7.2
1979-05-14;7.85;5;7.85
1979-05-15;14.47;5;14.47
1979-05-16;33.57;5;33.57
1979-05-17;53.35;5;53.35
1979-05-18;40.93;5;40.93
1979-05-19;24.57;5;24.57
1979-05-20;50.82;5;50.82
1979-05-21;39.46;5;39.46
1979-05-22;36.27;5;36.27
1979-05-23;24.0;5;24.0
1979-05-24;18.77;5;18.77
1979-05-25;15.2;5;15.2
1979-05-26;13.12;5;13.12
1979-05-27;13.17;5;13.17
1979-05-28;12.25;5;12.25
1979-05-29;11.2;5;11.2
1979-05-30;10.59;5;10.59
1979-05-31;14.03;5;14.03
1979-06-01;14.39;6;14.39
1979-06-02;12.66;6;12.66
1979-06-03;37.39;6;37.39
1979-06-04;47.15;6;47.15
1979-06-05;32.1;6;32.1
1979-06-06;39.97;6;39.97
1979-06-07;52.37;6;52.37
1979-06-08;66.64;6;66.64
1979-06-09;55.32;6;55.32
1979-06-10;45.57;6;45.57
1979-06-11;38.74;6;38.74
1979-06-12;31.43;6;31.43
1979-06-13;32.49;6;32.49
1979-06-14;36.01;6;36.01
1979-06-15;47.67;6;47.67
1979-06-16;34.2;6;34.2
1979-06-17;30.33;6;30.33
1979-06-18;30.21;6;30.21
1979-06-19;87.46;6;87.46
1979-06-20;39.01;6;39.01
1979-06-21;32.8;6;32.8
1979-06-22;28.8;6;28.8
1979-06-23;27.6;6;27.6
1979-06-24;27.0;6;27.0
1979-06-25;22.8;6;22.8
1979-06-26;21.0;6;21.0
1979-06-27;27.54;6;27.54
1979-06-28;51.08;6;51.08
1979-06-29;42.13;6;42.13
1979-06-30;31.8;6;31.8
1979-07-01;27.65;7;27.65
1979-07-02;26.4;7;26.4
1979-07-03;29.19;7;29.19
1979-07-04;27.75;7;27.75
1979-07-05;28.26;7;28.26
1979-07-06;27.57;7;27.57
1979-07-07;22.7;7;22.7
1979-07-08;21.0;7;21.0
1979-07-09;20.42;7;20.42
1979-07-10;36.68;7;36.68
1979-07-11;51.69;7;51.69
1979-07-12;30.1;7;30.1
1979-07-13;25.7;7;25.7
1979-07-14;21.6;7;21.6
1979-07-15;29.45;7;29.45
1979-07-16;28.87;7;28.87
1979-07-17;22.8;7;22.8
1979-07-18;22.72;7;22.72
1979-07-19;26.9;7;26.9
1979-07-20;31.44;7;31.44
1979-07-21;21.6;7;21.6
1979-07-22;21.05;7;21.05
1979-07-23;19.26;7;19.26
1979-07-24;16.4;7;16.4
1979-07-25;15.6;7;15.6
1979-07-26;14.8;7;14.8
1979-07-27;14.0;7;14.0
1979-07-28;13.65;7;13.65
1979-07-29;12.6;7;12.6
1979-07-30;11.9;7;11.9
1979-07-31;11.2;7;11.2
1979-08-01;12.09;8;12.09
1979-08-02;12.61;8;12.61
1979-08-03;16.43;8;16.43
1979-08-04;13.12;8;13.12
1979-08-05;12.17;8;12.17
1979-08-06;13.2;8;13.2
1979-08-07;17.22;8;17.22
1979-08-08;23.09;8;23.09
1979-08-09;22.12;8;22.12
1979-08-10;17.21;8;17.21
1979-08-11;16.0;8;16.0
1979-08-12;15.45;8;15.45
1979-08-13;17.27;8;17.27
1979-08-14;19.26;8;19.26
1979-08-15;18.72;8;18.72
1979-08-16;29.04;8;29.04
1979-08-17;38.01;8;38.01
1979-08-18;35.88;8;35.88
1979-08-19;24.6;8;24.6
1979-08-20;19.94;8;19.94
1979-08-21;17.42;8;17.42
1979-08-22;15.4;8;15.4
1979-08-23;14.01;8;14.01
1979-08-24;13.34;8;13.34
1979-08-25;12.77;8;12.77
1979-08-26;11.9;8;11.9
1979-08-27;11.2;8;11.2
1979-08-28;10.85;8;10.85
1979-08-29;10.25;8;10.25
1979-08-30;17.45;8;17.45
1979-08-31;13.97;8;13.97
1979-09-01;16.05;9;16.05
1979-09-02;16.15;9;16.15
1979-09-03;11.45;9;11.45
1979-09-04;11.83;9;11.83
1979-09-05;15.82;9;15.82
1979-09-06;17.33;9;17.33
1979-09-07;14.27;9;14.27
1979-09-08;11.72;9;11.72
1979-09-09;19.64;9;19.64
1979-09-10;16.06;9;16.06
1979-09-11;11.37;9;11.37
1979-09-12;12.08;9;12.08
1979-09-13;12.66;9;12.66
1979-09-14;12.35;9;12.35
1979-09-15;17.07;9;17.07
1979-09-16;17.13;9;17.13
1979-09-17;11.93;9;11.93
1979-09-18;13.47;9;13.47
1979-09-19;18.34;9;18.34
1979-09-20;29.54;9;29.54
1979-09-21;15.8;9;15.8
1979-09-22;16.67;9;16.67
1979-09-23;15.15;9;15.15
1979-09-24;11.9;9;11.9
1979-09-25;10.85;9;10.85
1979-09-26;10.25;9;10.25
1979-09-27;9.75;9;9.75
1979-09-28;10.4;9;10.4
1979-09-29;10.0;9;10.0
1979-09-30;9.74;9;9.74
1979-10-01;10.11;10;10.11
1979-10-02;11.31;10;11.31
1979-10-03;11.08;10;11.08
1979-10-04;10.15;10;10.15
1979-10-05;10.42;10;10.42
1979-10-06;10.12;10;10.12
1979-10-07;19.15;10;19.15
1979-10-08;12.6;10;12.6
1979-10-09;10.55;10;10.55
1979-10-10;9.75;10;9.75
1979-10-11;10.64;10;10.64
1979-10-12;13.74;10;13.74
1979-10-13;12.43;10;12.43
1979-10-14;12.2;10;12.2
1979-10-15;18.16;10;18.16
1979-10-16;18.76;10;18.76
1979-10-17;41.78;10;41.78
1979-10-18;55.81;10;55.81
1979-10-19;37.31;10;37.31
1979-10-20;32.4;10;32.4
1979-10-21;27.12;10;27.12
1979-10-22;26.99;10;26.99
1979-10-23;25.4;10;25.4
1979-10-24;25.63;10;25.63
1979-10-25;23.35;10;23.35
1979-10-26;21.71;10;21.71
1979-10-27;22.46;10;22.46
1979-10-28;30.99;10;30.99
1979-10-29;38.98;10;38.98
1979-10-30;44.07;10;44.07
1979-10-31;23.28;10;23.28
1979-11-01;27.47;11;27.47
1979-11-02;22.25;11;22.25
1979-11-03;30.24;11;30.24
1979-11-04;22.32;11;22.32
1979-11-05;19.27;11;19.27
1979-11-06;16.0;11;16.0
1979-11-07;15.67;11;15.67
1979-11-08;28.84;11;28.84
1979-11-09;29.72;11;29.72
1979-11-10;34.72;11;34.72
1979-11-11;34.44;11;34.44
1979-11-12;25.12;11;25.12
1979-11-13;38.29;11;38.29
1979-11-14;34.45;11;34.45
1979-11-15;57.57;11;57.57
1979-11-16;41.4;11;41.4
1979-11-17;36.03;11;36.03
1979-11-18;28.83;11;28.83
1979-11-19;25.21;11;25.21
1979-11-20;23.85;11;23.85
1979-11-21;21.97;11;21.97
1979-11-22;21.92;11;21.92
1979-11-23;20.32;11;20.32
1979-11-24;21.6;11;21.6
1979-11-25;52.02;11;52.02
1979-11-26;24.99;11;24.99
1979-11-27;20.8;11;20.8
1979-11-28;18.63;11;18.63
1979-11-29;25.83;11;25.83
1979-11-30;22.34;11;22.34
1979-12-01;18.1;12;18.1
1979-12-02;16.8;12;16.8
1979-12-03;15.8;12;15.8
1979-12-04;15.8;12;15.8
1979-12-05;39.93;12;39.93
1979-12-06;30.71;12;30.71
1979-12-07;20.1;12;20.1
1979-12-08;19.58;12;19.58
1979-12-09;18.72;12;18.72
1979-12-10;16.6;12;16.6
1979-12-11;15.8;12;15.8
1979-12-12;16.0;12;16.0
1979-12-13;15.8;12;15.8
1979-12-14;14.8;12;14.8
1979-12-15;14.4;12;14.4
1979-12-16;14.0;12;14.0
1979-12-17;15.32;12;15.32
1979-12-18;15.4;12;15.4
1979-12-19;13.12;12;13.12
1979-12-20;12.42;12;12.42
1979-12-21;11.9;12;11.9
1979-12-22;11.37;12;11.37
1979-12-23;11.2;12;11.2
1979-12-24;11.2;12;11.2
1979-12-25;10.67;12;10.67
1979-12-26;10.5;12;10.5
1979-12-27;10.5;12;10.5
1979-12-28;10.5;12;10.5
1979-12-29;10.67;12;10.67
1979-12-30;10.4;12;10.4
1979-12-31;10.39;12;10.39
1980-01-01;9.87;1;9.87
1980-01-02;9.5;1;9.5
1980-01-03;9.5;1;9.5
1980-01-04;9.62;1;9.62
1980-01-05;9.12;1;9.12
1980-01-06;9.0;1;9.0
1980-01-07;9.0;1;9.0
1980-01-08;8.62;1;8.62
1980-01-09;8.5;1;8.5
1980-01-10;8.5;1;8.5
1980-01-11;8.5;1;8.5
1980-01-12;8.5;1;8.5
1980-01-13;8.5;1;8.5
1980-01-14;8.37;1;8.37
1980-01-15;8.25;1;8.25
1980-01-16;8.0;1;8.0
1980-01-17;8.78;1;8.78
1980-01-18;8.37;1;8.37
1980-01-19;8.12;1;8.12
1980-01-20;8.0;1;8.0
1980-01-21;8.12;1;8.12
1980-01-22;8.69;1;8.69
1980-01-23;8.25;1;8.25
1980-01-24;7.9;1;7.9
1980-01-25;8.49;1;8.49
1980-01-26;7.79;1;7.79
1980-01-27;7.82;1;7.82
1980-01-28;7.6;1;7.6
1980-01-29;7.88;1;7.88
1980-01-30;8.16;1;8.16
1980-01-31;8.37;1;8.37
1980-02-01;11.73;2;11.73
1980-02-02;19.39;2;19.39
1980-02-03;10.78;2;10.78
1980-02-04;9.25;2;9.25
1980-02-05;8.62;2;8.62
1980-02-06;8.37;2;8.37
1980-02-07;7.9;2;7.9
1980-02-08;7.6;2;7.6
1980-02-09;7.2;2;7.2
1980-02-10;7.2;2;7.2
1980-02-11;7.1;2;7.1
1980-02-12;7.0;2;7.0
1980-02-13;6.9;2;6.9
1980-02-14;7.0;2;7.0
1980-02-15;7.1;2;7.1
1980-02-16;7.55;2;7.55
1980-02-17;7.4;2;7.4
1980-02-18;7.1;2;7.1
1980-02-19;6.9;2;6.9
1980-02-20;6.8;2;6.8
1980-02-21;6.8;2;6.8
1980-02-22;6.8;2;6.8
1980-02-23;6.6;2;6.6
1980-02-24;6.4;2;6.4
1980-02-25;6.4;2;6.4
1980-02-26;6.4;2;6.4
1980-02-27;6.4;2;6.4
1980-02-28;6.4;2;6.4
1980-02-29;6.4;2;6.4
1980-03-01;6.4;3;6.4
1980-03-02;6.4;3;6.4
1980-03-03;6.2;3;6.2
1980-03-04;6.1;3;6.1
1980-03-05;6.0;3;6.0
1980-03-06;6.2;3;6.2
1980-03-07;6.2;3;6.2
1980-03-08;6.3;3;6.3
1980-03-09;6.72;3;6.72
1980-03-10;5.15;3;5.15
1980-03-11;4.5;3;4.5
1980-03-12;4.78;3;4.78
1980-03-13;4.8;3;4.8
1980-03-14;4.8;3;4.8
1980-03-15;4.6;3;4.6
1980-03-16;4.4;3;4.4
1980-03-17;5.08;3;5.08
1980-03-18;5.7;3;5.7
1980-03-19;4.4;3;4.4
1980-03-20;4.1;3;4.1
1980-03-21;4.0;3;4.0
1980-03-22;4.33;3;4.33
1980-03-23;5.14;3;5.14
1980-03-24;4.8;3;4.8
1980-03-25;5.1;3;5.1
1980-03-26;5.97;3;5.97
1980-03-27;5.1;3;5.1
1980-03-28;5.22;3;5.22
1980-03-29;5.44;3;5.44
1980-03-30;14.89;3;14.89
1980-03-31;8.69;3;8.69
1980-04-01;6.1;4;6.1
1980-04-02;5.4;4;5.4
1980-04-03;5.0;4;5.0
1980-04-04;4.7;4;4.7
1980-04-05;4.8;4;4.8
1980-04-06;5.14;4;5.14
1980-04-07;6.05;4;6.05
1980-04-08;5.63;4;5.63
1980-04-09;5.52;4;5.52
1980-04-10;5.0;4;5.0
1980-04-11;4.92;4;4.92
1980-04-12;6.68;4;6.68
1980-04-13;5.7;4;5.7
1980-04-14;6.54;4;6.54
1980-04-15;7.26;4;7.26
1980-04-16;7.27;4;7.27
1980-04-17;7.52;4;7.52
1980-04-18;8.48;4;8.48
1980-04-19;9.01;4;9.01
1980-04-20;12.61;4;12.61
1980-04-21;9.87;4;9.87
1980-04-22;7.69;4;7.69
1980-04-23;12.33;4;12.33
1980-04-24;9.11;4;9.11
1980-04-25;8.35;4;8.35
1980-04-26;8.82;4;8.82
1980-04-27;9.18;4;9.18
1980-04-28;7.6;4;7.6
1980-04-29;6.9;4;6.9
1980-04-30;6.6;4;6.6
1980-05-01;6.4;5;6.4
1980-05-02;6.1;5;6.1
1980-05-03;5.8;5;5.8
1980-05-04;5.7;5;5.7
1980-05-05;5.7;5;5.7
1980-05-06;7.43;5;7.43
1980-05-07;7.84;5;7.84
1980-05-08;7.19;5;7.19
1980-05-09;9.92;5;9.92
1980-05-10;10.89;5;10.89
1980-05-11;7.95;5;7.95
1980-05-12;7.86;5;7.86
1980-05-13;9.2;5;9.2
1980-05-14;13.07;5;13.07
1980-05-15;13.13;5;13.13
1980-05-16;13.13;5;13.13
1980-05-17;9.64;5;9.64
1980-05-18;8.75;5;8.75
1980-05-19;8.03;5;8.03
1980-05-20;7.7;5;7.7
1980-05-21;7.91;5;7.91
1980-05-22;34.31;5;34.31
1980-05-23;16.24;5;16.24
1980-05-24;15.24;5;15.24
1980-05-25;19.75;5;19.75
1980-05-26;31.24;5;31.24
1980-05-27;36.21;5;36.21
1980-05-28;35.4;5;35.4
1980-05-29;23.81;5;23.81
1980-05-30;20.24;5;20.24
1980-05-31;15.21;5;15.21
1980-06-01;16.66;6;16.66
1980-06-02;22.5;6;22.5
1980-06-03;15.67;6;15.67
1980-06-04;15.54;6;15.54
1980-06-05;16.84;6;16.84
1980-06-06;14.62;6;14.62
1980-06-07;13.52;6;13.52
1980-06-08;28.77;6;28.77
1980-06-09;20.82;6;20.82
1980-06-10;37.7;6;37.7
1980-06-11;25.99;6;25.99
1980-06-12;23.25;6;23.25
1980-06-13;20.66;6;20.66
1980-06-14;16.77;6;16.77
1980-06-15;14.8;6;14.8
1980-06-16;13.36;6;13.36
1980-06-17;11.55;6;11.55
1980-06-18;11.97;6;11.97
1980-06-19;24.16;6;24.16
1980-06-20;59.08;6;59.08
1980-06-21;46.59;6;46.59
1980-06-22;27.86;6;27.86
1980-06-23;29.35;6;29.35
1980-06-24;22.97;6;22.97
1980-06-25;18.8;6;18.8
1980-06-26;25.66;6;25.66
1980-06-27;54.09;6;54.09
1980-06-28;58.08;6;58.08
1980-06-29;62.89;6;62.89
1980-06-30;34.27;6;34.27
1980-07-01;25.8;7;25.8
1980-07-02;23.92;7;23.92
1980-07-03;23.09;7;23.09
1980-07-04;21.45;7;21.45
1980-07-05;43.29;7;43.29
1980-07-06;31.48;7;31.48
1980-07-07;41.3;7;41.3
1980-07-08;32.83;7;32.83
1980-07-09;24.9;7;24.9
1980-07-10;21.8;7;21.8
1980-07-11;20.19;7;20.19
1980-07-12;20.87;7;20.87
1980-07-13;18.34;7;18.34
1980-07-14;37.82;7;37.82
1980-07-15;28.4;7;28.4
1980-07-16;25.2;7;25.2
1980-07-17;22.8;7;22.8
1980-07-18;29.74;7;29.74
1980-07-19;25.01;7;25.01
1980-07-20;22.05;7;22.05
1980-07-21;35.5;7;35.5
1980-07-22;34.27;7;34.27
1980-07-23;30.7;7;30.7
1980-07-24;30.05;7;30.05
1980-07-25;24.45;7;24.45
1980-07-26;21.9;7;21.9
1980-07-27;18.1;7;18.1
1980-07-28;18.23;7;18.23
1980-07-29;17.02;7;17.02
1980-07-30;15.25;7;15.25
1980-07-31;15.92;7;15.92
1980-08-01;18.34;8;18.34
1980-08-02;15.32;8;15.32
1980-08-03;13.83;8;13.83
1980-08-04;12.95;8;12.95
1980-08-05;12.89;8;12.89
1980-08-06;18.51;8;18.51
1980-08-07;13.92;8;13.92
1980-08-08;17.16;8;17.16
1980-08-09;15.88;8;15.88
1980-08-10;13.3;8;13.3
1980-08-11;14.72;8;14.72
1980-08-12;13.74;8;13.74
1980-08-13;12.95;8;12.95
1980-08-14;13.9;8;13.9
1980-08-15;12.96;8;12.96
1980-08-16;12.79;8;12.79
1980-08-17;15.37;8;15.37
1980-08-18;13.78;8;13.78
1980-08-19;18.6;8;18.6
1980-08-20;17.25;8;17.25
1980-08-21;15.02;8;15.02
1980-08-22;13.92;8;13.92
1980-08-23;15.5;8;15.5
1980-08-24;12.52;8;12.52
1980-08-25;14.12;8;14.12
1980-08-26;14.98;8;14.98
1980-08-27;17.5;8;17.5
1980-08-28;31.02;8;31.02
1980-08-29;28.41;8;28.41
1980-08-30;28.61;8;28.61
1980-08-31;20.66;8;20.66
1980-09-01;22.75;9;22.75
1980-09-02;29.5;9;29.5
1980-09-03;28.97;9;28.97
1980-09-04;25.38;9;25.38
1980-09-05;19.6;9;19.6
1980-09-06;16.87;9;16.87
1980-09-07;16.2;9;16.2
1980-09-08;14.97;9;14.97
1980-09-09;33.63;9;33.63
1980-09-10;18.29;9;18.29
1980-09-11;17.4;9;17.4
1980-09-12;17.53;9;17.53
1980-09-13;16.77;9;16.77
1980-09-14;14.8;9;14.8
1980-09-15;16.42;9;16.42
1980-09-16;33.38;9;33.38
1980-09-17;18.92;9;18.92
1980-09-18;16.61;9;16.61
1980-09-19;15.97;9;15.97
1980-09-20;23.49;9;23.49
1980-09-21;16.17;9;16.17
1980-09-22;19.37;9;19.37
1980-09-23;23.51;9;23.51
1980-09-24;16.27;9;16.27
1980-09-25;14.6;9;14.6
1980-09-26;13.45;9;13.45
1980-09-27;12.41;9;12.41
1980-09-28;11.81;9;11.81
1980-09-29;11.26;9;11.26
1980-09-30;13.41;9;13.41
1980-10-01;11.37;10;11.37
1980-10-02;11.7;10;11.7
1980-10-03;13.84;10;13.84
1980-10-04;10.92;10;10.92
1980-10-05;10.33;10;10.33
1980-10-06;20.32;10;20.32
1980-10-07;34.92;10;34.92
1980-10-08;37.35;10;37.35
1980-10-09;32.97;10;32.97
1980-10-10;23.19;10;23.19
1980-10-11;17.2;10;17.2
1980-10-12;16.07;10;16.07
1980-10-13;13.92;10;13.92
1980-10-14;12.42;10;12.42
1980-10-15;11.55;10;11.55
1980-10-16;10.85;10;10.85
1980-10-17;10.38;10;10.38
1980-10-18;11.02;10;11.02
1980-10-19;12.64;10;12.64
1980-10-20;18.17;10;18.17
1980-10-21;12.77;10;12.77
1980-10-22;11.37;10;11.37
1980-10-23;11.15;10;11.15
1980-10-24;10.5;10;10.5
1980-10-25;10.5;10;10.5
1980-10-26;10.92;10;10.92
1980-10-27;10.54;10;10.54
1980-10-28;10.19;10;10.19
1980-10-29;10.0;10;10.0
1980-10-30;9.63;10;9.63
1980-10-31;9.99;10;9.99
1980-11-01;10.45;11;10.45
1980-11-02;14.13;11;14.13
1980-11-03;11.96;11;11.96
1980-11-04;12.75;11;12.75
1980-11-05;32.64;11;32.64
1980-11-06;35.96;11;35.96
1980-11-07;22.1;11;22.1
1980-11-08;18.69;11;18.69
1980-11-09;15.0;11;15.0
1980-11-10;12.64;11;12.64
1980-11-11;11.55;11;11.55
1980-11-12;11.02;11;11.02
1980-11-13;11.65;11;11.65
1980-11-14;13.11;11;13.11
1980-11-15;10.55;11;10.55
1980-11-16;9.87;11;9.87
1980-11-17;9.62;11;9.62
1980-11-18;9.12;11;9.12
1980-11-19;9.0;11;9.0
1980-11-20;12.22;11;12.22
1980-11-21;9.87;11;9.87
1980-11-22;9.67;11;9.67
1980-11-23;10.85;11;10.85
1980-11-24;9.5;11;9.5
1980-11-25;9.31;11;9.31
1980-11-26;9.21;11;9.21
1980-11-27;8.75;11;8.75
1980-11-28;8.5;11;8.5
1980-11-29;8.5;11;8.5
1980-11-30;8.5;11;8.5
1980-12-01;8.12;12;8.12
1980-12-02;8.0;12;8.0
1980-12-03;7.8;12;7.8
1980-12-04;7.93;12;7.93
1980-12-05;8.19;12;8.19
1980-12-06;7.9;12;7.9
1980-12-07;8.1;12;8.1
1980-12-08;7.8;12;7.8
1980-12-09;7.9;12;7.9
1980-12-10;7.67;12;7.67
1980-12-11;7.3;12;7.3
1980-12-12;7.2;12;7.2
1980-12-13;7.2;12;7.2
1980-12-14;8.08;12;8.08
1980-12-15;7.1;12;7.1
1980-12-16;6.8;12;6.8
1980-12-17;6.6;12;6.6
1980-12-18;6.4;12;6.4
1980-12-19;6.4;12;6.4
1980-12-20;6.2;12;6.2
1980-12-21;6.2;12;6.2
1980-12-22;6.17;12;6.17
1980-12-23;6.0;12;6.0
1980-12-24;6.0;12;6.0
1980-12-25;6.1;12;6.1
1980-12-26;6.81;12;6.81
1980-12-27;8.0;12;8.0
1980-12-28;7.38;12;7.38
1980-12-29;7.06;12;7.06
1980-12-30;6.71;12;6.71
1980-12-31;6.3;12;6.3
1981-01-01;6.1;1;6.1
1981-01-02;5.8;1;5.8
1981-01-03;5.4;1;5.4
1981-01-04;5.3;1;5.3
1981-01-05;5.2;1;5.2
1981-01-06;5.3;1;5.3
1981-01-07;5.3;1;5.3
1981-01-08;5.35;1;5.35
1981-01-09;5.2;1;5.2
1981-01-10;5.1;1;5.1
1981-01-11;5.1;1;5.1
1981-01-12;5.0;1;5.0
1981-01-13;5.0;1;5.0
1981-01-14;5.0;1;5.0
1981-01-15;5.0;1;5.0
1981-01-16;4.9;1;4.9
1981-01-17;4.8;1;4.8
1981-01-18;4.8;1;4.8
1981-01-19;4.7;1;4.7
1981-01-20;4.6;1;4.6
1981-01-21;4.5;1;4.5
1981-01-22;4.4;1;4.4
1981-01-23;4.4;1;4.4
1981-01-24;4.4;1;4.4
1981-01-25;4.4;1;4.4
1981-01-26;4.5;1;4.5
1981-01-27;4.63;1;4.63
1981-01-28;4.6;1;4.6
1981-01-29;4.8;1;4.8
1981-01-30;4.8;1;4.8
1981-01-31;4.99;1;4.99
1981-02-01;4.8;2;4.8
1981-02-02;4.8;2;4.8
1981-02-03;4.7;2;4.7
1981-02-04;4.6;2;4.6
1981-02-05;4.5;2;4.5
1981-02-06;4.4;2;4.4
1981-02-07;4.5;2;4.5
1981-02-08;4.4;2;4.4
1981-02-09;4.4;2;4.4
1981-02-10;4.5;2;4.5
1981-02-11;4.3;2;4.3
1981-02-12;4.15;2;4.15
1981-02-13;4.1;2;4.1
1981-02-14;4.2;2;4.2
1981-02-15;4.2;2;4.2
1981-02-16;4.35;2;4.35
1981-02-17;5.38;2;5.38
1981-02-18;5.1;2;5.1
1981-02-19;5.01;2;5.01
1981-02-20;4.9;2;4.9
1981-02-21;4.7;2;4.7
1981-02-22;4.5;2;4.5
1981-02-23;6.5;2;6.5
1981-02-24;6.23;2;6.23
1981-02-25;5.68;2;5.68
1981-02-26;7.17;2;7.17
1981-02-27;6.0;2;6.0
1981-02-28;6.68;2;6.68
1981-03-01;5.7;3;5.7
1981-03-02;5.84;3;5.84
1981-03-03;5.81;3;5.81
1981-03-04;5.3;3;5.3
1981-03-05;5.01;3;5.01
1981-03-06;5.72;3;5.72
1981-03-07;6.46;3;6.46
1981-03-08;5.5;3;5.5
1981-03-09;5.3;3;5.3
1981-03-10;4.9;3;4.9
1981-03-11;4.7;3;4.7
1981-03-12;4.4;3;4.4
1981-03-13;4.3;3;4.3
1981-03-14;4.32;3;4.32
1981-03-15;4.92;3;4.92
1981-03-16;4.4;3;4.4
1981-03-17;4.1;3;4.1
1981-03-18;4.0;3;4.0
1981-03-19;3.9;3;3.9
1981-03-20;3.8;3;3.8
1981-03-21;3.7;3;3.7
1981-03-22;3.6;3;3.6
1981-03-23;3.7;3;3.7
1981-03-24;3.5;3;3.5
1981-03-25;3.5;3;3.5
1981-03-26;3.5;3;3.5
1981-03-27;3.7;3;3.7
1981-03-28;3.5;3;3.5
1981-03-29;3.4;3;3.4
1981-03-30;3.3;3;3.3
1981-03-31;3.3;3;3.3
1981-04-01;3.3;4;3.3
1981-04-02;3.4;4;3.4
1981-04-03;3.4;4;3.4
1981-04-04;3.8;4;3.8
1981-04-05;7.52;4;7.52
1981-04-06;6.63;4;6.63
1981-04-07;7.53;4;7.53
1981-04-08;8.86;4;8.86
1981-04-09;6.22;4;6.22
1981-04-10;5.9;4;5.9
1981-04-11;6.3;4;6.3
1981-04-12;9.94;4;9.94
1981-04-13;12.0;4;12.0
1981-04-14;15.66;4;15.66
1981-04-15;19.93;4;19.93
1981-04-16;17.97;4;17.97
1981-04-17;20.81;4;20.81
1981-04-18;13.46;4;13.46
1981-04-19;13.49;4;13.49
1981-04-20;12.04;4;12.04
1981-04-21;9.16;4;9.16
1981-04-22;14.27;4;14.27
1981-04-23;21.27;4;21.27
1981-04-24;43.45;4;43.45
1981-04-25;26.0;4;26.0
1981-04-26;18.96;4;18.96
1981-04-27;16.32;4;16.32
1981-04-28;25.63;4;25.63
1981-04-29;26.11;4;26.11
1981-04-30;27.57;4;27.57
1981-05-01;27.32;5;27.32
1981-05-02;26.41;5;26.41
1981-05-03;31.17;5;31.17
1981-05-04;22.13;5;22.13
1981-05-05;38.06;5;38.06
1981-05-06;41.28;5;41.28
1981-05-07;30.39;5;30.39
1981-05-08;32.47;5;32.47
1981-05-09;56.81;5;56.81
1981-05-10;73.49;5;73.49
1981-05-11;57.49;5;57.49
1981-05-12;52.45;5;52.45
1981-05-13;46.72;5;46.72
1981-05-14;31.45;5;31.45
1981-05-15;30.02;5;30.02
1981-05-16;40.16;5;40.16
1981-05-17;28.32;5;28.32
1981-05-18;26.45;5;26.45
1981-05-19;23.29;5;23.29
1981-05-20;22.11;5;22.11
1981-05-21;22.89;5;22.89
1981-05-22;22.87;5;22.87
1981-05-23;30.06;5;30.06
1981-05-24;37.26;5;37.26
1981-05-25;26.01;5;26.01
1981-05-26;25.43;5;25.43
1981-05-27;25.62;5;25.62
1981-05-28;34.32;5;34.32
1981-05-29;37.87;5;37.87
1981-05-30;48.03;5;48.03
1981-05-31;58.79;5;58.79
1981-06-01;54.58;6;54.58
1981-06-02;56.29;6;56.29
1981-06-03;48.66;6;48.66
1981-06-04;36.41;6;36.41
1981-06-05;30.85;6;30.85
1981-06-06;26.4;6;26.4
1981-06-07;30.76;6;30.76
1981-06-08;30.41;6;30.41
1981-06-09;27.08;6;27.08
1981-06-10;25.12;6;25.12
1981-06-11;30.99;6;30.99
1981-06-12;28.5;6;28.5
1981-06-13;36.44;6;36.44
1981-06-14;29.68;6;29.68
1981-06-15;25.8;6;25.8
1981-06-16;29.09;6;29.09
1981-06-17;32.18;6;32.18
1981-06-18;35.97;6;35.97
1981-06-19;26.77;6;26.77
1981-06-20;26.23;6;26.23
1981-06-21;24.71;6;24.71
1981-06-22;21.65;6;21.65
1981-06-23;27.98;6;27.98
1981-06-24;29.55;6;29.55
1981-06-25;32.71;6;32.71
1981-06-26;26.0;6;26.0
1981-06-27;36.09;6;36.09
1981-06-28;28.95;6;28.95
1981-06-29;30.58;6;30.58
1981-06-30;27.92;6;27.92
1981-07-01;22.8;7;22.8
1981-07-02;20.66;7;20.66
1981-07-03;18.34;7;18.34
1981-07-04;17.71;7;17.71
1981-07-05;24.21;7;24.21
1981-07-06;23.86;7;23.86
1981-07-07;22.0;7;22.0
1981-07-08;18.45;7;18.45
1981-07-09;18.29;7;18.29
1981-07-10;20.86;7;20.86
1981-07-11;27.71;7;27.71
1981-07-12;21.3;7;21.3
1981-07-13;18.12;7;18.12
1981-07-14;25.52;7;25.52
1981-07-15;27.45;7;27.45
1981-07-16;20.09;7;20.09
1981-07-17;22.37;7;22.37
1981-07-18;27.81;7;27.81
1981-07-19;24.34;7;24.34
1981-07-20;20.89;7;20.89
1981-07-21;18.96;7;18.96
1981-07-22;17.89;7;17.89
1981-07-23;15.97;7;15.97
1981-07-24;15.57;7;15.57
1981-07-25;14.82;7;14.82
1981-07-26;14.6;7;14.6
1981-07-27;14.8;7;14.8
1981-07-28;13.82;7;13.82
1981-07-29;14.9;7;14.9
1981-07-30;14.94;7;14.94
1981-07-31;23.5;7;23.5
1981-08-01;26.02;8;26.02
1981-08-02;33.14;8;33.14
1981-08-03;37.01;8;37.01
1981-08-04;28.92;8;28.92
1981-08-05;22.25;8;22.25
1981-08-06;21.27;8;21.27
1981-08-07;20.15;8;20.15
1981-08-08;17.89;8;17.89
1981-08-09;17.0;8;17.0
1981-08-10;16.46;8;16.46
1981-08-11;15.2;8;15.2
1981-08-12;20.17;8;20.17
1981-08-13;91.81;8;91.81
1981-08-14;50.11;8;50.11
1981-08-15;28.92;8;28.92
1981-08-16;21.6;8;21.6
1981-08-17;19.51;8;19.51
1981-08-18;21.57;8;21.57
1981-08-19;18.3;8;18.3
1981-08-20;17.1;8;17.1
1981-08-21;16.75;8;16.75
1981-08-22;16.49;8;16.49
1981-08-23;22.06;8;22.06
1981-08-24;31.56;8;31.56
1981-08-25;33.31;8;33.31
1981-08-26;27.34;8;27.34
1981-08-27;23.4;8;23.4
1981-08-28;19.5;8;19.5
1981-08-29;22.09;8;22.09
1981-08-30;27.52;8;27.52
1981-08-31;42.18;8;42.18
1981-09-01;59.61;9;59.61
1981-09-02;66.2;9;66.2
1981-09-03;57.48;9;57.48
1981-09-04;51.34;9;51.34
1981-09-05;41.67;9;41.67
1981-09-06;38.21;9;38.21
1981-09-07;30.42;9;30.42
1981-09-08;27.0;9;27.0
1981-09-09;27.31;9;27.31
1981-09-10;23.4;9;23.4
1981-09-11;27.62;9;27.62
1981-09-12;42.51;9;42.51
1981-09-13;56.56;9;56.56
1981-09-14;38.68;9;38.68
1981-09-15;39.92;9;39.92
1981-09-16;34.68;9;34.68
1981-09-17;41.47;9;41.47
1981-09-18;29.89;9;29.89
1981-09-19;54.21;9;54.21
1981-09-20;37.67;9;37.67
1981-09-21;33.34;9;33.34
1981-09-22;30.44;9;30.44
1981-09-23;26.93;9;26.93
1981-09-24;30.44;9;30.44
1981-09-25;29.4;9;29.4
1981-09-26;24.6;9;24.6
1981-09-27;23.1;9;23.1
1981-09-28;22.26;9;22.26
1981-09-29;26.39;9;26.39
1981-09-30;27.31;9;27.31
1981-10-01;27.4;10;27.4
1981-10-02;25.2;10;25.2
1981-10-03;21.07;10;21.07
1981-10-04;20.09;10;20.09
1981-10-05;20.54;10;20.54
1981-10-06;17.84;10;17.84
1981-10-07;16.6;10;16.6
1981-10-08;16.4;10;16.4
1981-10-09;16.2;10;16.2
1981-10-10;15.98;10;15.98
1981-10-11;15.2;10;15.2
1981-10-12;16.5;10;16.5
1981-10-13;17.66;10;17.66
1981-10-14;20.19;10;20.19
1981-10-15;25.88;10;25.88
1981-10-16;26.8;10;26.8
1981-10-17;28.71;10;28.71
1981-10-18;19.8;10;19.8
1981-10-19;18.21;10;18.21
1981-10-20;22.09;10;22.09
1981-10-21;21.91;10;21.91
1981-10-22;25.33;10;25.33
1981-10-23;40.37;10;40.37
1981-10-24;54.88;10;54.88
1981-10-25;31.73;10;31.73
1981-10-26;24.3;10;24.3
1981-10-27;22.8;10;22.8
1981-10-28;86.38;10;86.38
1981-10-29;32.51;10;32.51
1981-10-30;38.81;10;38.81
1981-10-31;32.77;10;32.77
1981-11-01;26.7;11;26.7
1981-11-02;25.84;11;25.84
1981-11-03;20.7;11;20.7
1981-11-04;18.34;11;18.34
1981-11-05;17.4;11;17.4
1981-11-06;16.4;11;16.4
1981-11-07;15.6;11;15.6
1981-11-08;15.2;11;15.2
1981-11-09;14.4;11;14.4
1981-11-10;13.64;11;13.64
1981-11-11;15.19;11;15.19
1981-11-12;17.5;11;17.5
1981-11-13;16.44;11;16.44
1981-11-14;14.45;11;14.45
1981-11-15;12.95;11;12.95
1981-11-16;12.25;11;12.25
1981-11-17;11.55;11;11.55
1981-11-18;10.85;11;10.85
1981-11-19;10.5;11;10.5
1981-11-20;10.37;11;10.37
1981-11-21;10.12;11;10.12
1981-11-22;10.0;11;10.0
1981-11-23;10.78;11;10.78
1981-11-24;10.25;11;10.25
1981-11-25;9.87;11;9.87
1981-11-26;9.5;11;9.5
1981-11-27;9.12;11;9.12
1981-11-28;9.0;11;9.0
1981-11-29;9.0;11;9.0
1981-11-30;9.0;11;9.0
1981-12-01;8.87;12;8.87
1981-12-02;8.75;12;8.75
1981-12-03;8.62;12;8.62
1981-12-04;8.5;12;8.5
1981-12-05;8.37;12;8.37
1981-12-06;8.12;12;8.12
1981-12-07;8.0;12;8.0
1981-12-08;8.25;12;8.25
1981-12-09;8.25;12;8.25
1981-12-10;8.97;12;8.97
1981-12-11;9.24;12;9.24
1981-12-12;8.65;12;8.65
1981-12-13;8.12;12;8.12
1981-12-14;8.37;12;8.37
1981-12-15;8.37;12;8.37
1981-12-16;7.8;12;7.8
1981-12-17;7.6;12;7.6
1981-12-18;7.6;12;7.6
1981-12-19;7.4;12;7.4
1981-12-20;7.2;12;7.2
1981-12-21;7.2;12;7.2
1981-12-22;7.2;12;7.2
1981-12-23;7.0;12;7.0
1981-12-24;6.8;12;6.8
1981-12-25;6.8;12;6.8
1981-12-26;6.8;12;6.8
1981-12-27;7.3;12;7.3
1981-12-28;7.48;12;7.48
1981-12-29;7.3;12;7.3
1981-12-30;7.2;12;7.2
1981-12-31;7.37;12;7.37
1982-01-01;7.93;1;7.93
1982-01-02;7.84;1;7.84
1982-01-03;7.1;1;7.1
1982-01-04;6.9;1;6.9
1982-01-05;7.17;1;7.17
1982-01-06;8.06;1;8.06
1982-01-07;7.89;1;7.89
1982-01-08;7.0;1;7.0
1982-01-09;6.8;1;6.8
1982-01-10;6.7;1;6.7
1982-01-11;6.6;1;6.6
1982-01-12;6.8;1;6.8
1982-01-13;6.9;1;6.9
1982-01-14;6.4;1;6.4
1982-01-15;6.2;1;6.2
1982-01-16;6.0;1;6.0
1982-01-17;6.0;1;6.0
1982-01-18;5.8;1;5.8
1982-01-19;5.7;1;5.7
1982-01-20;5.7;1;5.7
1982-01-21;5.6;1;5.6
1982-01-22;5.7;1;5.7
1982-01-23;5.6;1;5.6
1982-01-24;5.6;1;5.6
1982-01-25;5.6;1;5.6
1982-01-26;5.6;1;5.6
1982-01-27;5.6;1;5.6
1982-01-28;5.7;1;5.7
1982-01-29;6.17;1;6.17
1982-01-30;6.0;1;6.0
1982-01-31;5.8;1;5.8
1982-02-01;5.8;2;5.8
1982-02-02;5.6;2;5.6
1982-02-03;5.7;2;5.7
1982-02-04;5.89;2;5.89
1982-02-05;7.5;2;7.5
1982-02-06;7.01;2;7.01
1982-02-07;7.1;2;7.1
1982-02-08;6.47;2;6.47
1982-02-09;6.5;2;6.5
1982-02-10;6.76;2;6.76
1982-02-11;10.61;2;10.61
1982-02-12;10.78;2;10.78
1982-02-13;9.89;2;9.89
1982-02-14;12.09;2;12.09
1982-02-15;11.99;2;11.99
1982-02-16;10.63;2;10.63
1982-02-17;7.3;2;7.3
1982-02-18;6.0;2;6.0
1982-02-19;6.0;2;6.0
1982-02-20;8.25;2;8.25
1982-02-21;10.5;2;10.5
1982-02-22;8.25;2;8.25
1982-02-23;6.0;2;6.0
1982-02-24;6.0;2;6.0
1982-02-25;6.0;2;6.0
1982-02-26;6.0;2;6.0
1982-02-27;6.0;2;6.0
1982-02-28;6.0;2;6.0
1982-03-01;6.0;3;6.0
1982-03-02;6.0;3;6.0
1982-03-03;4.5;3;4.5
1982-03-04;4.0;3;4.0
1982-03-05;4.9;3;4.9
1982-03-06;4.8;3;4.8
1982-03-07;4.7;3;4.7
1982-03-08;4.5;3;4.5
1982-03-09;4.85;3;4.85
1982-03-10;5.1;3;5.1
1982-03-11;4.9;3;4.9
1982-03-12;4.8;3;4.8
1982-03-13;5.65;3;5.65
1982-03-14;6.65;3;6.65
1982-03-15;5.65;3;5.65
1982-03-16;5.3;3;5.3
1982-03-17;5.4;3;5.4
1982-03-18;6.46;3;6.46
1982-03-19;7.3;3;7.3
1982-03-20;5.8;3;5.8
1982-03-21;5.4;3;5.4
1982-03-22;5.5;3;5.5
1982-03-23;5.8;3;5.8
1982-03-24;6.2;3;6.2
1982-03-25;6.82;3;6.82
1982-03-26;7.02;3;7.02
1982-03-27;6.2;3;6.2
1982-03-28;7.21;3;7.21
1982-03-29;6.87;3;6.87
1982-03-30;6.3;3;6.3
1982-03-31;6.3;3;6.3
1982-04-01;7.21;4;7.21
1982-04-02;12.4;4;12.4
1982-04-03;18.0;4;18.0
1982-04-04;37.35;4;37.35
1982-04-05;33.33;4;33.33
1982-04-06;65.5;4;65.5
1982-04-07;54.3;4;54.3
1982-04-08;49.49;4;49.49
1982-04-09;42.25;4;42.25
1982-04-10;33.01;4;33.01
1982-04-11;19.89;4;19.89
1982-04-12;17.14;4;17.14
1982-04-13;14.51;4;14.51
1982-04-14;12.25;4;12.25
1982-04-15;10.69;4;10.69
1982-04-16;10.13;4;10.13
1982-04-17;16.78;4;16.78
1982-04-18;22.24;4;22.24
1982-04-19;18.87;4;18.87
1982-04-20;33.34;4;33.34
1982-04-21;47.45;4;47.45
1982-04-22;27.53;4;27.53
1982-04-23;41.58;4;41.58
1982-04-24;43.5;4;43.5
1982-04-25;19.34;4;19.34
1982-04-26;16.2;4;16.2
1982-04-27;24.51;4;24.51
1982-04-28;46.38;4;46.38
1982-04-29;84.74;4;84.74
1982-04-30;77.86;4;77.86
1982-05-01;64.39;5;64.39
1982-05-02;49.61;5;49.61
1982-05-03;38.89;5;38.89
1982-05-04;44.85;5;44.85
1982-05-05;37.41;5;37.41
1982-05-06;53.69;5;53.69
1982-05-07;42.5;5;42.5
1982-05-08;79.68;5;79.68
1982-05-09;37.52;5;37.52
1982-05-10;29.35;5;29.35
1982-05-11;26.11;5;26.11
1982-05-12;22.1;5;22.1
1982-05-13;20.5;5;20.5
1982-05-14;24.17;5;24.17
1982-05-15;25.98;5;25.98
1982-05-16;29.89;5;29.89
1982-05-17;23.14;5;23.14
1982-05-18;18.59;5;18.59
1982-05-19;15.98;5;15.98
1982-05-20;14.62;5;14.62
1982-05-21;16.8;5;16.8
1982-05-22;20.05;5;20.05
1982-05-23;16.68;5;16.68
1982-05-24;15.21;5;15.21
1982-05-25;24.41;5;24.41
1982-05-26;37.95;5;37.95
1982-05-27;32.3;5;32.3
1982-05-28;48.9;5;48.9
1982-05-29;38.98;5;38.98
1982-05-30;64.15;5;64.15
1982-05-31;52.3;5;52.3
1982-06-01;77.01;6;77.01
1982-06-02;46.31;6;46.31
1982-06-03;37.12;6;37.12
1982-06-04;33.32;6;33.32
1982-06-05;28.2;6;28.2
1982-06-06;25.64;6;25.64
1982-06-07;30.34;6;30.34
1982-06-08;24.79;6;24.79
1982-06-09;22.29;6;22.29
1982-06-10;19.92;6;19.92
1982-06-11;17.4;6;17.4
1982-06-12;16.3;6;16.3
1982-06-13;23.23;6;23.23
1982-06-14;23.79;6;23.79
1982-06-15;18.77;6;18.77
1982-06-16;18.06;6;18.06
1982-06-17;21.87;6;21.87
1982-06-18;29.86;6;29.86
1982-06-19;23.64;6;23.64
1982-06-20;18.39;6;18.39
1982-06-21;19.01;6;19.01
1982-06-22;20.31;6;20.31
1982-06-23;23.42;6;23.42
1982-06-24;25.31;6;25.31
1982-06-25;20.24;6;20.24
1982-06-26;18.84;6;18.84
1982-06-27;24.82;6;24.82
1982-06-28;49.7;6;49.7
1982-06-29;29.51;6;29.51
1982-06-30;24.8;6;24.8
1982-07-01;33.57;7;33.57
1982-07-02;65.93;7;65.93
1982-07-03;52.47;7;52.47
1982-07-04;54.3;7;54.3
1982-07-05;44.3;7;44.3
1982-07-06;43.35;7;43.35
1982-07-07;38.19;7;38.19
1982-07-08;31.1;7;31.1
1982-07-09;26.1;7;26.1
1982-07-10;23.4;7;23.4
1982-07-11;22.4;7;22.4
1982-07-12;26.28;7;26.28
1982-07-13;32.0;7;32.0
1982-07-14;27.95;7;27.95
1982-07-15;25.71;7;25.71
1982-07-16;23.56;7;23.56
1982-07-17;19.2;7;19.2
1982-07-18;24.8;7;24.8
1982-07-19;27.32;7;27.32
1982-07-20;34.17;7;34.17
1982-07-21;23.32;7;23.32
1982-07-22;25.57;7;25.57
1982-07-23;27.06;7;27.06
1982-07-24;25.31;7;25.31
1982-07-25;20.54;7;20.54
1982-07-26;29.36;7;29.36
1982-07-27;42.12;7;42.12
1982-07-28;44.07;7;44.07
1982-07-29;34.02;7;34.02
1982-07-30;57.47;7;57.47
1982-07-31;42.01;7;42.01
1982-08-01;33.15;8;33.15
1982-08-02;31.52;8;31.52
1982-08-03;31.99;8;31.99
1982-08-04;25.2;8;25.2
1982-08-05;22.8;8;22.8
1982-08-06;21.6;8;21.6
1982-08-07;22.05;8;22.05
1982-08-08;21.9;8;21.9
1982-08-09;18.1;8;18.1
1982-08-10;17.2;8;17.2
1982-08-11;19.64;8;19.64
1982-08-12;20.74;8;20.74
1982-08-13;26.5;8;26.5
1982-08-14;23.62;8;23.62
1982-08-15;27.21;8;27.21
1982-08-16;30.62;8;30.62
1982-08-17;29.19;8;29.19
1982-08-18;30.06;8;30.06
1982-08-19;32.77;8;32.77
1982-08-20;40.96;8;40.96
1982-08-21;32.52;8;32.52
1982-08-22;25.8;8;25.8
1982-08-23;35.59;8;35.59
1982-08-24;33.79;8;33.79
1982-08-25;38.68;8;38.68
1982-08-26;27.0;8;27.0
1982-08-27;23.37;8;23.37
1982-08-28;23.1;8;23.1
1982-08-29;20.4;8;20.4
1982-08-30;18.1;8;18.1
1982-08-31;17.38;8;17.38
1982-09-01;28.06;9;28.06
1982-09-02;18.1;9;18.1
1982-09-03;18.39;9;18.39
1982-09-04;24.0;9;24.0
1982-09-05;22.66;9;22.66
1982-09-06;21.3;9;21.3
1982-09-07;18.12;9;18.12
1982-09-08;16.4;9;16.4
1982-09-09;17.97;9;17.97
1982-09-10;15.32;9;15.32
1982-09-11;24.52;9;24.52
1982-09-12;36.0;9;36.0
1982-09-13;19.8;9;19.8
1982-09-14;17.0;9;17.0
1982-09-15;15.6;9;15.6
1982-09-16;15.45;9;15.45
1982-09-17;22.4;9;22.4
1982-09-18;21.29;9;21.29
1982-09-19;15.0;9;15.0
1982-09-20;14.2;9;14.2
1982-09-21;13.65;9;13.65
1982-09-22;12.95;9;12.95
1982-09-23;12.6;9;12.6
1982-09-24;12.32;9;12.32
1982-09-25;13.4;9;13.4
1982-09-26;27.73;9;27.73
1982-09-27;35.46;9;35.46
1982-09-28;33.6;9;33.6
1982-09-29;43.21;9;43.21
1982-09-30;31.63;9;31.63
1982-10-01;23.02;10;23.02
1982-10-02;20.51;10;20.51
1982-10-03;18.51;10;18.51
1982-10-04;17.67;10;17.67
1982-10-05;15.8;10;15.8
1982-10-06;15.0;10;15.0
1982-10-07;15.88;10;15.88
1982-10-08;32.01;10;32.01
1982-10-09;37.0;10;37.0
1982-10-10;46.15;10;46.15
1982-10-11;39.7;10;39.7
1982-10-12;27.08;10;27.08
1982-10-13;26.45;10;26.45
1982-10-14;25.15;10;25.15
1982-10-15;18.67;10;18.67
1982-10-16;17.2;10;17.2
1982-10-17;22.73;10;22.73
1982-10-18;22.2;10;22.2
1982-10-19;22.64;10;22.64
1982-10-20;24.19;10;24.19
1982-10-21;24.85;10;24.85
1982-10-22;32.7;10;32.7
1982-10-23;29.91;10;29.91
1982-10-24;22.27;10;22.27
1982-10-25;18.1;10;18.1
1982-10-26;17.53;10;17.53
1982-10-27;16.8;10;16.8
1982-10-28;19.72;10;19.72
1982-10-29;19.41;10;19.41
1982-10-30;25.81;10;25.81
1982-10-31;23.14;10;23.14
1982-11-01;20.27;11;20.27
1982-11-02;18.34;11;18.34
1982-11-03;21.33;11;21.33
1982-11-04;24.42;11;24.42
1982-11-05;20.92;11;20.92
1982-11-06;18.3;11;18.3
1982-11-07;16.4;11;16.4
1982-11-08;15.2;11;15.2
1982-11-09;14.51;11;14.51
1982-11-10;14.22;11;14.22
1982-11-11;13.99;11;13.99
1982-11-12;13.11;11;13.11
1982-11-13;12.25;11;12.25
1982-11-14;11.72;11;11.72
1982-11-15;11.2;11;11.2
1982-11-16;11.2;11;11.2
1982-11-17;11.02;11;11.02
1982-11-18;10.81;11;10.81
1982-11-19;12.63;11;12.63
1982-11-20;11.96;11;11.96
1982-11-21;13.7;11;13.7
1982-11-22;12.86;11;12.86
1982-11-23;12.12;11;12.12
1982-11-24;12.19;11;12.19
1982-11-25;11.37;11;11.37
1982-11-26;11.31;11;11.31
1982-11-27;11.57;11;11.57
1982-11-28;13.84;11;13.84
1982-11-29;11.68;11;11.68
1982-11-30;12.12;11;12.12
1982-12-01;11.9;12;11.9
1982-12-02;10.55;12;10.55
1982-12-03;9.75;12;9.75
1982-12-04;9.25;12;9.25
1982-12-05;8.87;12;8.87
1982-12-06;8.62;12;8.62
1982-12-07;8.5;12;8.5
1982-12-08;9.16;12;9.16
1982-12-09;8.5;12;8.5
1982-12-10;8.9;12;8.9
1982-12-11;9.15;12;9.15
1982-12-12;8.0;12;8.0
1982-12-13;7.8;12;7.8
1982-12-14;7.6;12;7.6
1982-12-15;7.4;12;7.4
1982-12-16;7.2;12;7.2
1982-12-17;7.2;12;7.2
1982-12-18;7.4;12;7.4
1982-12-19;7.5;12;7.5
1982-12-20;7.3;12;7.3
1982-12-21;7.2;12;7.2
1982-12-22;7.39;12;7.39
1982-12-23;7.39;12;7.39
1982-12-24;7.0;12;7.0
1982-12-25;6.8;12;6.8
1982-12-26;6.8;12;6.8
1982-12-27;7.2;12;7.2
1982-12-28;7.49;12;7.49
1982-12-29;7.2;12;7.2
1982-12-30;7.0;12;7.0
1982-12-31;6.8;12;6.8
1983-01-01;6.8;1;6.8
1983-01-02;7.0;1;7.0
1983-01-03;6.91;1;6.91
1983-01-04;6.6;1;6.6
1983-01-05;6.7;1;6.7
1983-01-06;7.32;1;7.32
1983-01-07;8.99;1;8.99
1983-01-08;7.5;1;7.5
1983-01-09;6.8;1;6.8
1983-01-10;6.5;1;6.5
1983-01-11;6.4;1;6.4
1983-01-12;6.2;1;6.2
1983-01-13;6.0;1;6.0
1983-01-14;6.0;1;6.0
1983-01-15;5.9;1;5.9
1983-01-16;5.7;1;5.7
1983-01-17;5.6;1;5.6
1983-01-18;5.6;1;5.6
1983-01-19;5.6;1;5.6
1983-01-20;5.6;1;5.6
1983-01-21;5.6;1;5.6
1983-01-22;5.6;1;5.6
1983-01-23;5.4;1;5.4
1983-01-24;5.2;1;5.2
1983-01-25;5.2;1;5.2
1983-01-26;5.2;1;5.2
1983-01-27;5.1;1;5.1
1983-01-28;5.1;1;5.1
1983-01-29;4.9;1;4.9
1983-01-30;4.8;1;4.8
1983-01-31;4.8;1;4.8
1983-02-01;4.9;2;4.9
1983-02-02;4.8;2;4.8
1983-02-03;4.6;2;4.6
1983-02-04;4.3;2;4.3
1983-02-05;4.22;2;4.22
1983-02-06;4.0;2;4.0
1983-02-07;3.8;2;3.8
1983-02-08;3.6;2;3.6
1983-02-09;3.6;2;3.6
1983-02-10;3.5;2;3.5
1983-02-11;3.4;2;3.4
1983-02-12;3.3;2;3.3
1983-02-13;3.5;2;3.5
1983-02-14;3.6;2;3.6
1983-02-15;3.6;2;3.6
1983-02-16;3.6;2;3.6
1983-02-17;3.6;2;3.6
1983-02-18;3.6;2;3.6
1983-02-19;3.6;2;3.6
1983-02-20;3.6;2;3.6
1983-02-21;4.92;2;4.92
1983-02-22;4.8;2;4.8
1983-02-23;5.02;2;5.02
1983-02-24;5.03;2;5.03
1983-02-25;4.8;2;4.8
1983-02-26;6.23;2;6.23
1983-02-27;5.0;2;5.0
1983-02-28;4.3;2;4.3
1983-03-01;5.57;3;5.57
1983-03-02;4.4;3;4.4
1983-03-03;4.0;3;4.0
1983-03-04;4.0;3;4.0
1983-03-05;4.24;3;4.24
1983-03-06;3.8;3;3.8
1983-03-07;3.5;3;3.5
1983-03-08;3.5;3;3.5
1983-03-09;3.7;3;3.7
1983-03-10;4.19;3;4.19
1983-03-11;3.4;3;3.4
1983-03-12;3.0;3;3.0
1983-03-13;2.8;3;2.8
1983-03-14;6.53;3;6.53
1983-03-15;6.43;3;6.43
1983-03-16;5.3;3;5.3
1983-03-17;4.8;3;4.8
1983-03-18;4.7;3;4.7
1983-03-19;4.4;3;4.4
1983-03-20;4.1;3;4.1
1983-03-21;4.0;3;4.0
1983-03-22;4.1;3;4.1
1983-03-23;4.3;3;4.3
1983-03-24;4.2;3;4.2
1983-03-25;4.2;3;4.2
1983-03-26;5.35;3;5.35
1983-03-27;4.7;3;4.7
1983-03-28;4.4;3;4.4
1983-03-29;4.1;3;4.1
1983-03-30;3.0;3;3.0
1983-03-31;3.0;3;3.0
1983-04-01;4.0;4;4.0
1983-04-02;4.1;4;4.1
1983-04-03;5.0;4;5.0
1983-04-04;10.6;4;10.6
1983-04-05;5.86;4;5.86
1983-04-06;5.3;4;5.3
1983-04-07;6.5;4;6.5
1983-04-08;10.65;4;10.65
1983-04-09;12.54;4;12.54
1983-04-10;18.24;4;18.24
1983-04-11;19.39;4;19.39
1983-04-12;18.39;4;18.39
1983-04-13;12.16;4;12.16
1983-04-14;23.62;4;23.62
1983-04-15;20.8;4;20.8
1983-04-16;20.22;4;20.22
1983-04-17;19.61;4;19.61
1983-04-18;21.27;4;21.27
1983-04-19;37.65;4;37.65
1983-04-20;39.11;4;39.11
1983-04-21;18.61;4;18.61
1983-04-22;16.83;4;16.83
1983-04-23;11.41;4;11.41
1983-04-24;9.5;4;9.5
1983-04-25;8.75;4;8.75
1983-04-26;8.35;4;8.35
1983-04-27;8.25;4;8.25
1983-04-28;8.4;4;8.4
1983-04-29;19.16;4;19.16
1983-04-30;22.81;4;22.81
1983-05-01;26.17;5;26.17
1983-05-02;50.59;5;50.59
1983-05-03;23.9;5;23.9
1983-05-04;21.12;5;21.12
1983-05-05;16.44;5;16.44
1983-05-06;13.39;5;13.39
1983-05-07;14.79;5;14.79
1983-05-08;14.08;5;14.08
1983-05-09;14.44;5;14.44
1983-05-10;16.94;5;16.94
1983-05-11;13.48;5;13.48
1983-05-12;12.41;5;12.41
1983-05-13;11.93;5;11.93
1983-05-14;12.08;5;12.08
1983-05-15;16.74;5;16.74
1983-05-16;42.46;5;42.46
1983-05-17;21.94;5;21.94
1983-05-18;19.8;5;19.8
1983-05-19;22.47;5;22.47
1983-05-20;36.4;5;36.4
1983-05-21;41.19;5;41.19
1983-05-22;45.69;5;45.69
1983-05-23;41.46;5;41.46
1983-05-24;37.38;5;37.38
1983-05-25;34.95;5;34.95
1983-05-26;26.7;5;26.7
1983-05-27;21.3;5;21.3
1983-05-28;18.9;5;18.9
1983-05-29;19.65;5;19.65
1983-05-30;22.55;5;22.55
1983-05-31;16.4;5;16.4
1983-06-01;17.17;6;17.17
1983-06-02;17.94;6;17.94
1983-06-03;15.8;6;15.8
1983-06-04;18.42;6;18.42
1983-06-05;21.15;6;21.15
1983-06-06;39.67;6;39.67
1983-06-07;41.6;6;41.6
1983-06-08;40.82;6;40.82
1983-06-09;25.5;6;25.5
1983-06-10;22.97;6;22.97
1983-06-11;33.72;6;33.72
1983-06-12;45.61;6;45.61
1983-06-13;29.9;6;29.9
1983-06-14;29.52;6;29.52
1983-06-15;63.72;6;63.72
1983-06-16;50.88;6;50.88
1983-06-17;37.79;6;37.79
1983-06-18;30.79;6;30.79
1983-06-19;24.9;6;24.9
1983-06-20;21.9;6;21.9
1983-06-21;30.85;6;30.85
1983-06-22;29.83;6;29.83
1983-06-23;21.0;6;21.0
1983-06-24;18.1;6;18.1
1983-06-25;20.64;6;20.64
1983-06-26;20.44;6;20.44
1983-06-27;17.08;6;17.08
1983-06-28;23.9;6;23.9
1983-06-29;47.91;6;47.91
1983-06-30;33.81;6;33.81
1983-07-01;37.67;7;37.67
1983-07-02;31.99;7;31.99
1983-07-03;30.67;7;30.67
1983-07-04;27.36;7;27.36
1983-07-05;33.48;7;33.48
1983-07-06;22.8;7;22.8
1983-07-07;50.72;7;50.72
1983-07-08;32.02;7;32.02
1983-07-09;35.32;7;35.32
1983-07-10;37.02;7;37.02
1983-07-11;31.98;7;31.98
1983-07-12;34.26;7;34.26
1983-07-13;29.87;7;29.87
1983-07-14;23.82;7;23.82
1983-07-15;48.43;7;48.43
1983-07-16;35.25;7;35.25
1983-07-17;33.5;7;33.5
1983-07-18;27.0;7;27.0
1983-07-19;22.5;7;22.5
1983-07-20;37.0;7;37.0
1983-07-21;50.0;7;50.0
1983-07-22;60.5;7;60.5
1983-07-23;55.5;7;55.5
1983-07-24;50.0;7;50.0
1983-07-25;33.5;7;33.5
1983-07-26;24.0;7;24.0
1983-07-27;24.0;7;24.0
1983-07-28;30.0;7;30.0
1983-07-29;60.5;7;60.5
1983-07-30;24.0;7;24.0
1983-07-31;24.0;7;24.0
1983-08-01;80.0;8;80.0
1983-08-02;66.0;8;66.0
1983-08-03;50.0;8;50.0
1983-08-04;36.0;8;36.0
1983-08-05;27.0;8;27.0
1983-08-06;33.5;8;33.5
1983-08-07;30.0;8;30.0
1983-08-08;60.5;8;60.5
1983-08-09;41.0;8;41.0
1983-08-10;30.0;8;30.0
1983-08-11;25.5;8;25.5
1983-08-12;25.5;8;25.5
1983-08-13;24.6;8;24.6
1983-08-14;22.5;8;22.5
1983-08-15;21.3;8;21.3
1983-08-16;20.4;8;20.4
1983-08-17;21.0;8;21.0
1983-08-18;20.7;8;20.7
1983-08-19;18.9;8;18.9
1983-08-20;21.8;8;21.8
1983-08-21;19.16;8;19.16
1983-08-22;24.75;8;24.75
1983-08-23;26.25;8;26.25
1983-08-24;22.5;8;22.5
1983-08-25;21.72;8;21.72
1983-08-26;21.96;8;21.96
1983-08-27;18.1;8;18.1
1983-08-28;17.2;8;17.2
1983-08-29;22.6;8;22.6
1983-08-30;19.26;8;19.26
1983-08-31;16.8;8;16.8
1983-09-01;16.2;9;16.2
1983-09-02;16.6;9;16.6
1983-09-03;20.56;9;20.56
1983-09-04;17.89;9;17.89
1983-09-05;16.0;9;16.0
1983-09-06;15.6;9;15.6
1983-09-07;15.6;9;15.6
1983-09-08;45.42;9;45.42
1983-09-09;35.63;9;35.63
1983-09-10;25.36;9;25.36
1983-09-11;23.47;9;23.47
1983-09-12;18.91;9;18.91
1983-09-13;19.55;9;19.55
1983-09-14;26.01;9;26.01
1983-09-15;19.8;9;19.8
1983-09-16;22.46;9;22.46
1983-09-17;22.15;9;22.15
1983-09-18;18.3;9;18.3
1983-09-19;17.81;9;17.81
1983-09-20;19.8;9;19.8
1983-09-21;19.57;9;19.57
1983-09-22;22.34;9;22.34
1983-09-23;21.99;9;21.99
1983-09-24;21.14;9;21.14
1983-09-25;21.7;9;21.7
1983-09-26;17.63;9;17.63
1983-09-27;16.2;9;16.2
1983-09-28;15.4;9;15.4
1983-09-29;14.8;9;14.8
1983-09-30;14.66;9;14.66
1983-10-01;13.93;10;13.93
1983-10-02;13.47;10;13.47
1983-10-03;13.8;10;13.8
1983-10-04;14.07;10;14.07
1983-10-05;15.85;10;15.85
1983-10-06;15.6;10;15.6
1983-10-07;13.65;10;13.65
1983-10-08;12.95;10;12.95
1983-10-09;14.28;10;14.28
1983-10-10;12.42;10;12.42
1983-10-11;12.12;10;12.12
1983-10-12;11.55;10;11.55
1983-10-13;11.78;10;11.78
1983-10-14;15.0;10;15.0
1983-10-15;16.7;10;16.7
1983-10-16;22.88;10;22.88
1983-10-17;19.78;10;19.78
1983-10-18;14.8;10;14.8
1983-10-19;13.74;10;13.74
1983-10-20;23.99;10;23.99
1983-10-21;16.2;10;16.2
1983-10-22;21.21;10;21.21
1983-10-23;20.13;10;20.13
1983-10-24;14.21;10;14.21
1983-10-25;13.65;10;13.65
1983-10-26;12.95;10;12.95
1983-10-27;12.25;10;12.25
1983-10-28;12.19;10;12.19
1983-10-29;13.65;10;13.65
1983-10-30;15.74;10;15.74
1983-10-31;16.74;10;16.74
1983-11-01;13.12;11;13.12
1983-11-02;12.6;11;12.6
1983-11-03;11.55;11;11.55
1983-11-04;11.54;11;11.54
1983-11-05;10.67;11;10.67
1983-11-06;10.25;11;10.25
1983-11-07;10.0;11;10.0
1983-11-08;9.87;11;9.87
1983-11-09;9.37;11;9.37
1983-11-10;9.27;11;9.27
1983-11-11;9.0;11;9.0
1983-11-12;9.0;11;9.0
1983-11-13;8.87;11;8.87
1983-11-14;8.75;11;8.75
1983-11-15;8.62;11;8.62
1983-11-16;8.5;11;8.5
1983-11-17;8.75;11;8.75
1983-11-18;9.28;11;9.28
1983-11-19;9.0;11;9.0
1983-11-20;8.62;11;8.62
1983-11-21;8.5;11;8.5
1983-11-22;8.25;11;8.25
1983-11-23;7.4;11;7.4
1983-11-24;6.57;11;6.57
1983-11-25;7.07;11;7.07
1983-11-26;6.54;11;6.54
1983-11-27;6.56;11;6.56
1983-11-28;6.5;11;6.5
1983-11-29;6.3;11;6.3
1983-11-30;6.2;11;6.2
1983-12-01;6.3;12;6.3
1983-12-02;6.2;12;6.2
1983-12-03;6.23;12;6.23
1983-12-04;6.6;12;6.6
1983-12-05;6.6;12;6.6
1983-12-06;6.4;12;6.4
1983-12-07;6.5;12;6.5
1983-12-08;7.09;12;7.09
1983-12-09;6.7;12;6.7
1983-12-10;7.96;12;7.96
1983-12-11;8.32;12;8.32
1983-12-12;6.99;12;6.99
1983-12-13;8.04;12;8.04
1983-12-14;6.6;12;6.6
1983-12-15;7.92;12;7.92
1983-12-16;7.6;12;7.6
1983-12-17;7.36;12;7.36
1983-12-18;7.6;12;7.6
1983-12-19;7.31;12;7.31
1983-12-20;6.81;12;6.81
1983-12-21;6.4;12;6.4
1983-12-22;6.3;12;6.3
1983-12-23;6.1;12;6.1
1983-12-24;6.0;12;6.0
1983-12-25;5.9;12;5.9
1983-12-26;5.8;12;5.8
1983-12-27;6.29;12;6.29
1983-12-28;6.91;12;6.91
1983-12-29;6.2;12;6.2
1983-12-30;5.8;12;5.8
1983-12-31;5.6;12;5.6
1984-01-01;5.6;1;5.6
1984-01-02;5.5;1;5.5
1984-01-03;5.3;1;5.3
1984-01-04;5.2;1;5.2
1984-01-05;5.3;1;5.3
1984-01-06;5.32;1;5.32
1984-01-07;6.01;1;6.01
1984-01-08;5.5;1;5.5
1984-01-09;5.2;1;5.2
1984-01-10;5.0;1;5.0
1984-01-11;4.8;1;4.8
1984-01-12;4.8;1;4.8
1984-01-13;4.8;1;4.8
1984-01-14;4.7;1;4.7
1984-01-15;4.8;1;4.8
1984-01-16;4.8;1;4.8
1984-01-17;4.8;1;4.8
1984-01-18;7.12;1;7.12
1984-01-19;6.4;1;6.4
1984-01-20;5.4;1;5.4
1984-01-21;5.1;1;5.1
1984-01-22;4.8;1;4.8
1984-01-23;4.7;1;4.7
1984-01-24;4.8;1;4.8
1984-01-25;4.7;1;4.7
1984-01-26;4.8;1;4.8
1984-01-27;4.5;1;4.5
1984-01-28;4.4;1;4.4
1984-01-29;4.4;1;4.4
1984-01-30;4.2;1;4.2
1984-01-31;4.0;1;4.0
1984-02-01;4.4;2;4.4
1984-02-02;6.51;2;6.51
1984-02-03;6.38;2;6.38
1984-02-04;5.2;2;5.2
1984-02-05;5.3;2;5.3
1984-02-06;5.2;2;5.2
1984-02-07;4.8;2;4.8
1984-02-08;4.8;2;4.8
1984-02-09;4.8;2;4.8
1984-02-10;5.09;2;5.09
1984-02-11;5.0;2;5.0
1984-02-12;4.8;2;4.8
1984-02-13;4.6;2;4.6
1984-02-14;4.4;2;4.4
1984-02-15;4.4;2;4.4
1984-02-16;4.4;2;4.4
1984-02-17;4.4;2;4.4
1984-02-18;4.4;2;4.4
1984-02-19;4.4;2;4.4
1984-02-20;4.4;2;4.4
1984-02-21;4.4;2;4.4
1984-02-22;4.6;2;4.6
1984-02-23;6.08;2;6.08
1984-02-24;6.7;2;6.7
1984-02-25;5.8;2;5.8
1984-02-26;5.3;2;5.3
1984-02-27;5.0;2;5.0
1984-02-28;4.7;2;4.7
1984-02-29;4.55;2;4.55
1984-03-01;4.6;3;4.6
1984-03-02;4.5;3;4.5
1984-03-03;4.94;3;4.94
1984-03-04;5.1;3;5.1
1984-03-05;4.8;3;4.8
1984-03-06;4.8;3;4.8
1984-03-07;4.6;3;4.6
1984-03-08;4.2;3;4.2
1984-03-09;4.0;3;4.0
1984-03-10;4.0;3;4.0
1984-03-11;4.0;3;4.0
1984-03-12;3.9;3;3.9
1984-03-13;3.8;3;3.8
1984-03-14;3.8;3;3.8
1984-03-15;3.7;3;3.7
1984-03-16;3.8;3;3.8
1984-03-17;3.9;3;3.9
1984-03-18;4.0;3;4.0
1984-03-19;4.0;3;4.0
1984-03-20;4.0;3;4.0
1984-03-21;4.2;3;4.2
1984-03-22;4.3;3;4.3
1984-03-23;4.2;3;4.2
1984-03-24;4.1;3;4.1
1984-03-25;4.0;3;4.0
1984-03-26;3.9;3;3.9
1984-03-27;3.8;3;3.8
1984-03-28;3.7;3;3.7
1984-03-29;3.6;3;3.6
1984-03-30;3.9;3;3.9
1984-03-31;4.0;3;4.0
1984-04-01;4.0;4;4.0
1984-04-02;3.9;4;3.9
1984-04-03;3.8;4;3.8
1984-04-04;3.8;4;3.8
1984-04-05;3.8;4;3.8
1984-04-06;3.8;4;3.8
1984-04-07;3.6;4;3.6
1984-04-08;3.6;4;3.6
1984-04-09;3.6;4;3.6
1984-04-10;3.6;4;3.6
1984-04-11;4.71;4;4.71
1984-04-12;8.79;4;8.79
1984-04-13;5.6;4;5.6
1984-04-14;5.0;4;5.0
1984-04-15;4.7;4;4.7
1984-04-16;5.4;4;5.4
1984-04-17;5.4;4;5.4
1984-04-18;4.6;4;4.6
1984-04-19;4.2;4;4.2
1984-04-20;4.1;4;4.1
1984-04-21;4.1;4;4.1
1984-04-22;4.0;4;4.0
1984-04-23;4.5;4;4.5
1984-04-24;5.6;4;5.6
1984-04-25;8.91;4;8.91
1984-04-26;6.9;4;6.9
1984-04-27;5.5;4;5.5
1984-04-28;5.47;4;5.47
1984-04-29;8.14;4;8.14
1984-04-30;11.85;4;11.85
1984-05-01;12.03;5;12.03
1984-05-02;7.82;5;7.82
1984-05-03;8.67;5;8.67
1984-05-04;7.1;5;7.1
1984-05-05;6.2;5;6.2
1984-05-06;5.8;5;5.8
1984-05-07;5.4;5;5.4
1984-05-08;5.1;5;5.1
1984-05-09;4.9;5;4.9
1984-05-10;5.2;5;5.2
1984-05-11;5.68;5;5.68
1984-05-12;6.01;5;6.01
1984-05-13;9.29;5;9.29
1984-05-14;15.88;5;15.88
1984-05-15;32.47;5;32.47
1984-05-16;12.86;5;12.86
1984-05-17;8.75;5;8.75
1984-05-18;10.38;5;10.38
1984-05-19;8.76;5;8.76
1984-05-20;27.87;5;27.87
1984-05-21;21.66;5;21.66
1984-05-22;11.61;5;11.61
1984-05-23;9.0;5;9.0
1984-05-24;8.13;5;8.13
1984-05-25;7.5;5;7.5
1984-05-26;7.22;5;7.22
1984-05-27;12.17;5;12.17
1984-05-28;15.01;5;15.01
1984-05-29;16.59;5;16.59
1984-05-30;10.03;5;10.03
1984-05-31;8.62;5;8.62
1984-06-01;8.62;6;8.62
1984-06-02;9.1;6;9.1
1984-06-03;9.51;6;9.51
1984-06-04;9.56;6;9.56
1984-06-05;14.64;6;14.64
1984-06-06;15.82;6;15.82
1984-06-07;15.36;6;15.36
1984-06-08;30.56;6;30.56
1984-06-09;20.11;6;20.11
1984-06-10;14.0;6;14.0
1984-06-11;24.0;6;24.0
1984-06-12;16.0;6;16.0
1984-06-13;14.25;6;14.25
1984-06-14;30.5;6;30.5
1984-06-15;51.5;6;51.5
1984-06-16;27.0;6;27.0
1984-06-17;27.0;6;27.0
1984-06-18;41.0;6;41.0
1984-06-19;34.5;6;34.5
1984-06-20;19.5;6;19.5
1984-06-21;19.5;6;19.5
1984-06-22;27.0;6;27.0
1984-06-23;21.12;6;21.12
1984-06-24;22.32;6;22.32
1984-06-25;15.0;6;15.0
1984-06-26;15.07;6;15.07
1984-06-27;14.49;6;14.49
1984-06-28;13.92;6;13.92
1984-06-29;14.07;6;14.07
1984-06-30;14.38;6;14.38
1984-07-01;13.53;7;13.53
1984-07-02;13.23;7;13.23
1984-07-03;14.46;7;14.46
1984-07-04;12.1;7;12.1
1984-07-05;22.15;7;22.15
1984-07-06;29.22;7;29.22
1984-07-07;18.94;7;18.94
1984-07-08;41.14;7;41.14
1984-07-09;30.0;7;30.0
1984-07-10;26.4;7;26.4
1984-07-11;18.0;7;18.0
1984-07-12;14.0;7;14.0
1984-07-13;14.4;7;14.4
1984-07-14;16.0;7;16.0
1984-07-15;16.6;7;16.6
1984-07-16;16.2;7;16.2
1984-07-17;14.0;7;14.0
1984-07-18;14.4;7;14.4
1984-07-19;17.0;7;17.0
1984-07-20;20.1;7;20.1
1984-07-21;27.0;7;27.0
1984-07-22;22.5;7;22.5
1984-07-23;21.0;7;21.0
1984-07-24;18.0;7;18.0
1984-07-25;18.0;7;18.0
1984-07-26;18.0;7;18.0
1984-07-27;15.0;7;15.0
1984-07-28;21.9;7;21.9
1984-07-29;19.5;7;19.5
1984-07-30;24.0;7;24.0
1984-07-31;24.0;7;24.0
1984-08-01;25.5;8;25.5
1984-08-02;27.0;8;27.0
1984-08-03;27.0;8;27.0
1984-08-04;24.0;8;24.0
1984-08-05;37.8;8;37.8
1984-08-06;30.0;8;30.0
1984-08-07;24.0;8;24.0
1984-08-08;24.0;8;24.0
1984-08-09;21.9;8;21.9
1984-08-10;18.0;8;18.0
1984-08-11;22.5;8;22.5
1984-08-12;27.0;8;27.0
1984-08-13;23.4;8;23.4
1984-08-14;22.5;8;22.5
1984-08-15;20.1;8;20.1
1984-08-16;18.0;8;18.0
1984-08-17;16.6;8;16.6
1984-08-18;24.0;8;24.0
1984-08-19;26.4;8;26.4
1984-08-20;21.0;8;21.0
1984-08-21;24.0;8;24.0
1984-08-22;24.0;8;24.0
1984-08-23;24.0;8;24.0
1984-08-24;20.4;8;20.4
1984-08-25;19.37;8;19.37
1984-08-26;36.33;8;36.33
1984-08-27;29.55;8;29.55
1984-08-28;51.96;8;51.96
1984-08-29;48.56;8;48.56
1984-08-30;46.79;8;46.79
1984-08-31;34.37;8;34.37
1984-09-01;42.74;9;42.74
1984-09-02;48.57;9;48.57
1984-09-03;32.46;9;32.46
1984-09-04;27.9;9;27.9
1984-09-05;24.9;9;24.9
1984-09-06;22.91;9;22.91
1984-09-07;33.3;9;33.3
1984-09-08;24.97;9;24.97
1984-09-09;28.19;9;28.19
1984-09-10;26.17;9;26.17
1984-09-11;34.74;9;34.74
1984-09-12;29.55;9;29.55
1984-09-13;27.0;9;27.0
1984-09-14;24.0;9;24.0
1984-09-15;22.5;9;22.5
1984-09-16;18.0;9;18.0
1984-09-17;19.5;9;19.5
1984-09-18;15.0;9;15.0
1984-09-19;24.0;9;24.0
1984-09-20;60.5;9;60.5
1984-09-21;45.0;9;45.0
1984-09-22;37.0;9;37.0
1984-09-23;33.5;9;33.5
1984-09-24;33.5;9;33.5
1984-09-25;66.0;9;66.0
1984-09-26;50.0;9;50.0
1984-09-27;33.5;9;33.5
1984-09-28;24.0;9;24.0
1984-09-29;22.5;9;22.5
1984-09-30;27.0;9;27.0
1984-10-01;41.0;10;41.0
1984-10-02;27.0;10;27.0
1984-10-03;24.0;10;24.0
1984-10-04;24.0;10;24.0
1984-10-05;30.5;10;30.5
1984-10-06;24.0;10;24.0
1984-10-07;24.0;10;24.0
1984-10-08;33.5;10;33.5
1984-10-09;30.5;10;30.5
1984-10-10;41.0;10;41.0
1984-10-11;33.5;10;33.5
1984-10-12;24.0;10;24.0
1984-10-13;24.0;10;24.0
1984-10-14;21.9;10;21.9
1984-10-15;18.0;10;18.0
1984-10-16;18.0;10;18.0
1984-10-17;18.0;10;18.0
1984-10-18;16.0;10;16.0
1984-10-19;16.0;10;16.0
1984-10-20;17.32;10;17.32
1984-10-21;18.6;10;18.6
1984-10-22;16.4;10;16.4
1984-10-23;15.4;10;15.4
1984-10-24;15.0;10;15.0
1984-10-25;16.74;10;16.74
1984-10-26;14.8;10;14.8
1984-10-27;13.82;10;13.82
1984-10-28;13.84;10;13.84
1984-10-29;16.55;10;16.55
1984-10-30;19.44;10;19.44
1984-10-31;15.37;10;15.37
1984-11-01;28.74;11;28.74
1984-11-02;26.39;11;26.39
1984-11-03;21.82;11;21.82
1984-11-04;18.26;11;18.26
1984-11-05;19.69;11;19.69
1984-11-06;19.02;11;19.02
1984-11-07;31.59;11;31.59
1984-11-08;25.75;11;25.75
1984-11-09;18.0;11;18.0
1984-11-10;18.0;11;18.0
1984-11-11;14.0;11;14.0
1984-11-12;16.0;11;16.0
1984-11-13;22.5;11;22.5
1984-11-14;24.0;11;24.0
1984-11-15;19.45;11;19.45
1984-11-16;17.16;11;17.16
1984-11-17;15.6;11;15.6
1984-11-18;15.0;11;15.0
1984-11-19;15.92;11;15.92
1984-11-20;19.54;11;19.54
1984-11-21;19.7;11;19.7
1984-11-22;16.8;11;16.8
1984-11-23;14.8;11;14.8
1984-11-24;14.6;11;14.6
1984-11-25;14.19;11;14.19
1984-11-26;13.96;11;13.96
1984-11-27;12.6;11;12.6
1984-11-28;13.63;11;13.63
1984-11-29;16.35;11;16.35
1984-11-30;13.3;11;13.3
1984-12-01;12.6;12;12.6
1984-12-02;14.77;12;14.77
1984-12-03;12.77;12;12.77
1984-12-04;11.37;12;11.37
1984-12-05;10.85;12;10.85
1984-12-06;10.25;12;10.25
1984-12-07;10.0;12;10.0
1984-12-08;10.0;12;10.0
1984-12-09;10.0;12;10.0
1984-12-10;9.62;12;9.62
1984-12-11;9.38;12;9.38
1984-12-12;9.62;12;9.62
1984-12-13;9.0;12;9.0
1984-12-14;9.0;12;9.0
1984-12-15;9.0;12;9.0
1984-12-16;8.87;12;8.87
1984-12-17;9.11;12;9.11
1984-12-18;9.64;12;9.64
1984-12-19;9.62;12;9.62
1984-12-20;9.25;12;9.25
1984-12-21;8.62;12;8.62
1984-12-22;8.62;12;8.62
1984-12-23;10.5;12;10.5
1984-12-24;9.25;12;9.25
1984-12-25;9.25;12;9.25
1984-12-26;10.5;12;10.5
1984-12-27;8.62;12;8.62
1984-12-28;8.0;12;8.0
1984-12-29;8.0;12;8.0
1984-12-30;8.0;12;8.0
1984-12-31;8.0;12;8.0
1985-01-01;8.0;1;8.0
1985-01-02;8.0;1;8.0
1985-01-03;8.0;1;8.0
1985-01-04;8.0;1;8.0
1985-01-05;8.0;1;8.0
1985-01-06;8.0;1;8.0
1985-01-07;8.0;1;8.0
1985-01-08;8.0;1;8.0
1985-01-09;8.0;1;8.0
1985-01-10;8.0;1;8.0
1985-01-11;8.0;1;8.0
1985-01-12;7.0;1;7.0
1985-01-13;6.5;1;6.5
1985-01-14;6.0;1;6.0
1985-01-15;6.0;1;6.0
1985-01-16;6.0;1;6.0
1985-01-17;6.0;1;6.0
1985-01-18;6.0;1;6.0
1985-01-19;6.0;1;6.0
1985-01-20;6.0;1;6.0
1985-01-21;7.3;1;7.3
1985-01-22;6.3;1;6.3
1985-01-23;6.0;1;6.0
1985-01-24;6.0;1;6.0
1985-01-25;6.0;1;6.0
1985-01-26;6.5;1;6.5
1985-01-27;6.0;1;6.0
1985-01-28;6.0;1;6.0
1985-01-29;5.6;1;5.6
1985-01-30;5.3;1;5.3
1985-01-31;5.0;1;5.0
1985-02-01;5.0;2;5.0
1985-02-02;5.0;2;5.0
1985-02-03;5.0;2;5.0
1985-02-04;4.0;2;4.0
1985-02-05;4.0;2;4.0
1985-02-06;4.0;2;4.0
1985-02-07;5.0;2;5.0
1985-02-08;5.8;2;5.8
1985-02-09;5.0;2;5.0
1985-02-10;5.0;2;5.0
1985-02-11;5.5;2;5.5
1985-02-12;4.7;2;4.7
1985-02-13;4.2;2;4.2
1985-02-14;4.0;2;4.0
1985-02-15;4.0;2;4.0
1985-02-16;4.0;2;4.0
1985-02-17;4.0;2;4.0
1985-02-18;4.0;2;4.0
1985-02-19;4.0;2;4.0
1985-02-20;4.0;2;4.0
1985-02-21;4.0;2;4.0
1985-02-22;4.4;2;4.4
1985-02-23;4.59;2;4.59
1985-02-24;4.8;2;4.8
1985-02-25;4.8;2;4.8
1985-02-26;4.4;2;4.4
1985-02-27;4.6;2;4.6
1985-02-28;5.15;2;5.15
1985-03-01;5.5;3;5.5
1985-03-02;5.5;3;5.5
1985-03-03;5.4;3;5.4
1985-03-04;5.0;3;5.0
1985-03-05;4.9;3;4.9
1985-03-06;5.3;3;5.3
1985-03-07;6.34;3;6.34
1985-03-08;7.3;3;7.3
1985-03-09;6.6;3;6.6
1985-03-10;6.4;3;6.4
1985-03-11;7.2;3;7.2
1985-03-12;7.2;3;7.2
1985-03-13;6.2;3;6.2
1985-03-14;5.8;3;5.8
1985-03-15;5.5;3;5.5
1985-03-16;5.3;3;5.3
1985-03-17;5.2;3;5.2
1985-03-18;6.72;3;6.72
1985-03-19;6.6;3;6.6
1985-03-20;5.35;3;5.35
1985-03-21;4.9;3;4.9
1985-03-22;4.5;3;4.5
1985-03-23;4.2;3;4.2
1985-03-24;4.2;3;4.2
1985-03-25;4.2;3;4.2
1985-03-26;5.46;3;5.46
1985-03-27;8.04;3;8.04
1985-03-28;8.64;3;8.64
1985-03-29;7.6;3;7.6
1985-03-30;12.75;3;12.75
1985-03-31;19.85;3;19.85
1985-04-01;24.48;4;24.48
1985-04-02;24.01;4;24.01
1985-04-03;24.73;4;24.73
1985-04-04;17.09;4;17.09
1985-04-05;11.56;4;11.56
1985-04-06;9.5;4;9.5
1985-04-07;8.87;4;8.87
1985-04-08;8.87;4;8.87
1985-04-09;8.37;4;8.37
1985-04-10;7.81;4;7.81
1985-04-11;7.2;4;7.2
1985-04-12;6.8;4;6.8
1985-04-13;6.6;4;6.6
1985-04-14;6.4;4;6.4
1985-04-15;6.0;4;6.0
1985-04-16;5.9;4;5.9
1985-04-17;5.9;4;5.9
1985-04-18;5.8;4;5.8
1985-04-19;5.6;4;5.6
1985-04-20;5.6;4;5.6
1985-04-21;7.37;4;7.37
1985-04-22;10.9;4;10.9
1985-04-23;8.49;4;8.49
1985-04-24;8.41;4;8.41
1985-04-25;8.28;4;8.28
1985-04-26;11.07;4;11.07
1985-04-27;9.0;4;9.0
1985-04-28;7.91;4;7.91
1985-04-29;7.5;4;7.5
1985-04-30;7.39;4;7.39
1985-05-01;7.33;5;7.33
1985-05-02;8.06;5;8.06
1985-05-03;19.02;5;19.02
1985-05-04;14.2;5;14.2
1985-05-05;17.75;5;17.75
1985-05-06;15.1;5;15.1
1985-05-07;9.75;5;9.75
1985-05-08;10.82;5;10.82
1985-05-09;9.5;5;9.5
1985-05-10;9.0;5;9.0
1985-05-11;14.03;5;14.03
1985-05-12;10.47;5;10.47
1985-05-13;16.19;5;16.19
1985-05-14;21.42;5;21.42
1985-05-15;19.59;5;19.59
1985-05-16;29.07;5;29.07
1985-05-17;45.98;5;45.98
1985-05-18;32.21;5;32.21
1985-05-19;22.2;5;22.2
1985-05-20;16.0;5;16.0
1985-05-21;13.3;5;13.3
1985-05-22;11.9;5;11.9
1985-05-23;10.55;5;10.55
1985-05-24;10.36;5;10.36
1985-05-25;10.25;5;10.25
1985-05-26;10.24;5;10.24
1985-05-27;10.55;5;10.55
1985-05-28;19.75;5;19.75
1985-05-29;18.63;5;18.63
1985-05-30;25.69;5;25.69
1985-05-31;18.21;5;18.21
1985-06-01;22.48;6;22.48
1985-06-02;31.78;6;31.78
1985-06-03;27.6;6;27.6
1985-06-04;25.51;6;25.51
1985-06-05;24.37;6;24.37
1985-06-06;46.05;6;46.05
1985-06-07;36.52;6;36.52
1985-06-08;26.4;6;26.4
1985-06-09;41.54;6;41.54
1985-06-10;36.19;6;36.19
1985-06-11;34.35;6;34.35
1985-06-12;26.45;6;26.45
1985-06-13;30.78;6;30.78
1985-06-14;35.78;6;35.78
1985-06-15;33.02;6;33.02
1985-06-16;28.8;6;28.8
1985-06-17;31.31;6;31.31
1985-06-18;41.72;6;41.72
1985-06-19;34.14;6;34.14
1985-06-20;28.2;6;28.2
1985-06-21;28.72;6;28.72
1985-06-22;27.15;6;27.15
1985-06-23;29.5;6;29.5
1985-06-24;28.72;6;28.72
1985-06-25;24.0;6;24.0
1985-06-26;21.12;6;21.12
1985-06-27;33.07;6;33.07
1985-06-28;35.17;6;35.17
1985-06-29;46.9;6;46.9
1985-06-30;36.49;6;36.49
1985-07-01;27.0;7;27.0
1985-07-02;23.4;7;23.4
1985-07-03;21.0;7;21.0
1985-07-04;19.2;7;19.2
1985-07-05;18.6;7;18.6
1985-07-06;16.6;7;16.6
1985-07-07;16.2;7;16.2
1985-07-08;20.65;7;20.65
1985-07-09;31.66;7;31.66
1985-07-10;22.13;7;22.13
1985-07-11;23.4;7;23.4
1985-07-12;24.82;7;24.82
1985-07-13;21.6;7;21.6
1985-07-14;18.6;7;18.6
1985-07-15;19.2;7;19.2
1985-07-16;40.0;7;40.0
1985-07-17;25.8;7;25.8
1985-07-18;26.82;7;26.82
1985-07-19;31.9;7;31.9
1985-07-20;28.46;7;28.46
1985-07-21;24.0;7;24.0
1985-07-22;20.4;7;20.4
1985-07-23;21.2;7;21.2
1985-07-24;21.65;7;21.65
1985-07-25;29.79;7;29.79
1985-07-26;28.27;7;28.27
1985-07-27;32.73;7;32.73
1985-07-28;24.0;7;24.0
1985-07-29;28.15;7;28.15
1985-07-30;25.8;7;25.8
1985-07-31;23.4;7;23.4
1985-08-01;21.0;8;21.0
1985-08-02;20.35;8;20.35
1985-08-03;18.1;8;18.1
1985-08-04;17.2;8;17.2
1985-08-05;16.8;8;16.8
1985-08-06;21.22;8;21.22
1985-08-07;20.42;8;20.42
1985-08-08;25.03;8;25.03
1985-08-09;30.68;8;30.68
1985-08-10;61.88;8;61.88
1985-08-11;39.54;8;39.54
1985-08-12;30.74;8;30.74
1985-08-13;26.4;8;26.4
1985-08-14;25.2;8;25.2
1985-08-15;26.33;8;26.33
1985-08-16;27.0;8;27.0
1985-08-17;22.8;8;22.8
1985-08-18;24.65;8;24.65
1985-08-19;28.22;8;28.22
1985-08-20;25.77;8;25.77
1985-08-21;28.11;8;28.11
1985-08-22;26.6;8;26.6
1985-08-23;24.6;8;24.6
1985-08-24;25.72;8;25.72
1985-08-25;25.25;8;25.25
1985-08-26;25.36;8;25.36
1985-08-27;25.8;8;25.8
1985-08-28;30.88;8;30.88
1985-08-29;27.0;8;27.0
1985-08-30;24.0;8;24.0
1985-08-31;22.2;8;22.2
1985-09-01;21.0;9;21.0
1985-09-02;23.7;9;23.7
1985-09-03;29.53;9;29.53
1985-09-04;24.5;9;24.5
1985-09-05;25.15;9;25.15
1985-09-06;23.4;9;23.4
1985-09-07;24.71;9;24.71
1985-09-08;27.9;9;27.9
1985-09-09;24.15;9;24.15
1985-09-10;25.21;9;25.21
1985-09-11;27.95;9;27.95
1985-09-12;32.54;9;32.54
1985-09-13;55.75;9;55.75
1985-09-14;52.8;9;52.8
1985-09-15;41.2;9;41.2
1985-09-16;31.43;9;31.43
1985-09-17;27.0;9;27.0
1985-09-18;24.8;9;24.8
1985-09-19;24.6;9;24.6
1985-09-20;22.2;9;22.2
1985-09-21;21.6;9;21.6
1985-09-22;19.8;9;19.8
1985-09-23;18.6;9;18.6
1985-09-24;19.25;9;19.25
1985-09-25;22.05;9;22.05
1985-09-26;19.2;9;19.2
1985-09-27;21.4;9;21.4
1985-09-28;26.2;9;26.2
1985-09-29;23.57;9;23.57
1985-09-30;19.95;9;19.95
1985-10-01;20.47;10;20.47
1985-10-02;19.95;10;19.95
1985-10-03;21.37;10;21.37
1985-10-04;28.09;10;28.09
1985-10-05;21.0;10;21.0
1985-10-06;23.49;10;23.49
1985-10-07;33.79;10;33.79
1985-10-08;27.22;10;27.22
1985-10-09;33.58;10;33.58
1985-10-10;30.2;10;30.2
1985-10-11;31.94;10;31.94
1985-10-12;26.4;10;26.4
1985-10-13;22.8;10;22.8
1985-10-14;21.0;10;21.0
1985-10-15;19.8;10;19.8
1985-10-16;19.2;10;19.2
1985-10-17;18.6;10;18.6
1985-10-18;18.0;10;18.0
1985-10-19;20.0;10;20.0
1985-10-20;36.29;10;36.29
1985-10-21;27.0;10;27.0
1985-10-22;25.85;10;25.85
1985-10-23;25.46;10;25.46
1985-10-24;39.8;10;39.8
1985-10-25;28.62;10;28.62
1985-10-26;35.32;10;35.32
1985-10-27;30.79;10;30.79
1985-10-28;26.4;10;26.4
1985-10-29;30.68;10;30.68
1985-10-30;35.48;10;35.48
1985-10-31;35.76;10;35.76
1985-11-01;30.16;11;30.16
1985-11-02;26.47;11;26.47
1985-11-03;25.65;11;25.65
1985-11-04;25.66;11;25.66
1985-11-05;36.19;11;36.19
1985-11-06;28.8;11;28.8
1985-11-07;27.67;11;27.67
1985-11-08;29.67;11;29.67
1985-11-09;24.6;11;24.6
1985-11-10;22.8;11;22.8
1985-11-11;21.0;11;21.0
1985-11-12;19.8;11;19.8
1985-11-13;22.3;11;22.3
1985-11-14;22.1;11;22.1
1985-11-15;23.86;11;23.86
1985-11-16;26.75;11;26.75
1985-11-17;27.55;11;27.55
1985-11-18;27.97;11;27.97
1985-11-19;28.45;11;28.45
1985-11-20;22.8;11;22.8
1985-11-21;29.01;11;29.01
1985-11-22;23.1;11;23.1
1985-11-23;24.3;11;24.3
1985-11-24;27.77;11;27.77
1985-11-25;25.01;11;25.01
1985-11-26;22.8;11;22.8
1985-11-27;21.6;11;21.6
1985-11-28;20.62;11;20.62
1985-11-29;18.6;11;18.6
1985-11-30;19.05;11;19.05
1985-12-01;24.42;12;24.42
1985-12-02;33.42;12;33.42
1985-12-03;28.54;12;28.54
1985-12-04;23.96;12;23.96
1985-12-05;33.88;12;33.88
1985-12-06;30.24;12;30.24
1985-12-07;38.39;12;38.39
1985-12-08;50.85;12;50.85
1985-12-09;31.43;12;31.43
1985-12-10;27.0;12;27.0
1985-12-11;24.0;12;24.0
1985-12-12;22.76;12;22.76
1985-12-13;20.4;12;20.4
1985-12-14;18.9;12;18.9
1985-12-15;18.3;12;18.3
1985-12-16;17.6;12;17.6
1985-12-17;17.0;12;17.0
1985-12-18;16.6;12;16.6
1985-12-19;15.8;12;15.8
1985-12-20;15.6;12;15.6
1985-12-21;15.6;12;15.6
1985-12-22;15.4;12;15.4
1985-12-23;15.0;12;15.0
1985-12-24;14.6;12;14.6
1985-12-25;14.2;12;14.2
1985-12-26;14.0;12;14.0
1985-12-27;13.82;12;13.82
1985-12-28;13.47;12;13.47
1985-12-29;12.95;12;12.95
1985-12-30;14.6;12;14.6
1985-12-31;15.2;12;15.2
1986-01-01;13.1;1;13.1
1986-01-02;12.4;1;12.4
1986-01-03;10.0;1;10.0
1986-01-04;10.3;1;10.3
1986-01-05;10.0;1;10.0
1986-01-06;9.7;1;9.7
1986-01-07;9.7;1;9.7
1986-01-08;9.5;1;9.5
1986-01-09;9.8;1;9.8
1986-01-10;11.7;1;11.7
1986-01-11;10.3;1;10.3
1986-01-12;9.8;1;9.8
1986-01-13;9.5;1;9.5
1986-01-14;9.4;1;9.4
1986-01-15;9.0;1;9.0
1986-01-16;8.7;1;8.7
1986-01-17;8.7;1;8.7
1986-01-18;8.7;1;8.7
1986-01-19;8.7;1;8.7
1986-01-20;8.6;1;8.6
1986-01-21;8.7;1;8.7
1986-01-22;8.7;1;8.7
1986-01-23;9.3;1;9.3
1986-01-24;10.2;1;10.2
1986-01-25;11.0;1;11.0
1986-01-26;11.2;1;11.2
1986-01-27;10.0;1;10.0
1986-01-28;9.2;1;9.2
1986-01-29;8.7;1;8.7
1986-01-30;8.6;1;8.6
1986-01-31;8.2;1;8.2
1986-02-01;8.1;2;8.1
1986-02-02;7.9;2;7.9
1986-02-03;7.4;2;7.4
1986-02-04;7.4;2;7.4
1986-02-05;7.4;2;7.4
1986-02-06;7.4;2;7.4
1986-02-07;7.4;2;7.4
1986-02-08;7.4;2;7.4
1986-02-09;7.4;2;7.4
1986-02-10;8.0;2;8.0
1986-02-11;7.4;2;7.4
1986-02-12;7.4;2;7.4
1986-02-13;7.8;2;7.8
1986-02-14;7.4;2;7.4
1986-02-15;7.4;2;7.4
1986-02-16;7.4;2;7.4
1986-02-17;7.4;2;7.4
1986-02-18;11.9;2;11.9
1986-02-19;11.1;2;11.1
1986-02-20;8.4;2;8.4
1986-02-21;8.1;2;8.1
1986-02-22;8.1;2;8.1
1986-02-23;7.9;2;7.9
1986-02-24;9.0;2;9.0
1986-02-25;8.4;2;8.4
1986-02-26;10.1;2;10.1
1986-02-27;10.7;2;10.7
1986-02-28;10.5;2;10.5
1986-03-01;9.0;3;9.0
1986-03-02;9.5;3;9.5
1986-03-03;13.2;3;13.2
1986-03-04;10.5;3;10.5
1986-03-05;8.7;3;8.7
1986-03-06;8.1;3;8.1
1986-03-07;8.1;3;8.1
1986-03-08;8.1;3;8.1
1986-03-09;8.1;3;8.1
1986-03-10;8.1;3;8.1
1986-03-11;12.3;3;12.3
1986-03-12;12.7;3;12.7
1986-03-13;9.5;3;9.5
1986-03-14;8.6;3;8.6
1986-03-15;8.4;3;8.4
1986-03-16;8.1;3;8.1
1986-03-17;8.1;3;8.1
1986-03-18;8.1;3;8.1
1986-03-19;11.5;3;11.5
1986-03-20;10.2;3;10.2
1986-03-21;8.6;3;8.6
1986-03-22;8.1;3;8.1
1986-03-23;8.1;3;8.1
1986-03-24;8.1;3;8.1
1986-03-25;8.1;3;8.1
1986-03-26;8.1;3;8.1
1986-03-27;8.1;3;8.1
1986-03-28;8.1;3;8.1
1986-03-29;8.1;3;8.1
1986-03-30;8.3;3;8.3
1986-03-31;8.6;3;8.6
1986-04-01;8.1;4;8.1
1986-04-02;8.1;4;8.1
1986-04-03;11.5;4;11.5
1986-04-04;8.9;4;8.9
1986-04-05;8.4;4;8.4
1986-04-06;8.1;4;8.1
1986-04-07;9.5;4;9.5
1986-04-08;15.6;4;15.6
1986-04-09;18.9;4;18.9
1986-04-10;12.4;4;12.4
1986-04-11;12.4;4;12.4
1986-04-12;15.8;4;15.8
1986-04-13;11.7;4;11.7
1986-04-14;10.9;4;10.9
1986-04-15;29.3;4;29.3
1986-04-16;24.0;4;24.0
1986-04-17;20.3;4;20.3
1986-04-18;17.1;4;17.1
1986-04-19;15.0;4;15.0
1986-04-20;14.0;4;14.0
1986-04-21;21.6;4;21.6
1986-04-22;19.0;4;19.0
1986-04-23;19.7;4;19.7
1986-04-24;15.7;4;15.7
1986-04-25;13.8;4;13.8
1986-04-26;17.4;4;17.4
1986-04-27;14.6;4;14.6
1986-04-28;16.0;4;16.0
1986-04-29;15.9;4;15.9
1986-04-30;19.4;4;19.4
1986-05-01;37.8;5;37.8
1986-05-02;21.1;5;21.1
1986-05-03;17.2;5;17.2
1986-05-04;22.0;5;22.0
1986-05-05;17.7;5;17.7
1986-05-06;16.3;5;16.3
1986-05-07;15.4;5;15.4
1986-05-08;15.0;5;15.0
1986-05-09;15.0;5;15.0
1986-05-10;16.2;5;16.2
1986-05-11;15.9;5;15.9
1986-05-12;19.2;5;19.2
1986-05-13;18.9;5;18.9
1986-05-14;21.0;5;21.0
1986-05-15;22.7;5;22.7
1986-05-16;18.5;5;18.5
1986-05-17;17.2;5;17.2
1986-05-18;22.5;5;22.5
1986-05-19;15.9;5;15.9
1986-05-20;15.0;5;15.0
1986-05-21;14.4;5;14.4
1986-05-22;16.9;5;16.9
1986-05-23;16.3;5;16.3
1986-05-24;15.0;5;15.0
1986-05-25;15.0;5;15.0
1986-05-26;15.3;5;15.3
1986-05-27;18.5;5;18.5
1986-05-28;31.2;5;31.2
1986-05-29;37.3;5;37.3
1986-05-30;25.2;5;25.2
1986-05-31;24.3;5;24.3
1986-06-01;31.3;6;31.3
1986-06-02;43.2;6;43.2
1986-06-03;35.8;6;35.8
1986-06-04;31.5;6;31.5
1986-06-05;28.3;6;28.3
1986-06-06;25.7;6;25.7
1986-06-07;27.9;6;27.9
1986-06-08;24.7;6;24.7
1986-06-09;22.5;6;22.5
1986-06-10;21.9;6;21.9
1986-06-11;26.9;6;26.9
1986-06-12;24.0;6;24.0
1986-06-13;20.3;6;20.3
1986-06-14;18.9;6;18.9
1986-06-15;24.8;6;24.8
1986-06-16;21.6;6;21.6
1986-06-17;20.0;6;20.0
1986-06-18;24.1;6;24.1
1986-06-19;23.7;6;23.7
1986-06-20;31.7;6;31.7
1986-06-21;26.1;6;26.1
1986-06-22;26.2;6;26.2
1986-06-23;40.5;6;40.5
1986-06-24;45.6;6;45.6
1986-06-25;47.0;6;47.0
1986-06-26;41.5;6;41.5
1986-06-27;52.2;6;52.2
1986-06-28;47.2;6;47.2
1986-06-29;103.7;6;103.7
1986-06-30;139.0;6;139.0
1986-07-01;65.7;7;65.7
1986-07-02;51.5;7;51.5
1986-07-03;47.0;7;47.0
1986-07-04;50.0;7;50.0
1986-07-05;53.0;7;53.0
1986-07-06;59.1;7;59.1
1986-07-07;47.0;7;47.0
1986-07-08;47.0;7;47.0
1986-07-09;50.0;7;50.0
1986-07-10;47.0;7;47.0
1986-07-11;47.0;7;47.0
1986-07-12;47.0;7;47.0
1986-07-13;50.0;7;50.0
1986-07-14;41.5;7;41.5
1986-07-15;41.5;7;41.5
1986-07-16;61.4;7;61.4
1986-07-17;58.6;7;58.6
1986-07-18;51.8;7;51.8
1986-07-19;48.2;7;48.2
1986-07-20;45.9;7;45.9
1986-07-21;44.2;7;44.2
1986-07-22;49.0;7;49.0
1986-07-23;49.1;7;49.1
1986-07-24;48.4;7;48.4
1986-07-25;47.9;7;47.9
1986-07-26;53.6;7;53.6
1986-07-27;58.8;7;58.8
1986-07-28;56.4;7;56.4
1986-07-29;54.2;7;54.2
1986-07-30;49.4;7;49.4
1986-07-31;47.0;7;47.0
1986-08-01;47.0;8;47.0
1986-08-02;50.7;8;50.7
1986-08-03;53.7;8;53.7
1986-08-04;48.2;8;48.2
1986-08-05;46.6;8;46.6
1986-08-06;52.0;8;52.0
1986-08-07;49.7;8;49.7
1986-08-08;61.3;8;61.3
1986-08-09;59.2;8;59.2
1986-08-10;57.1;8;57.1
1986-08-11;57.2;8;57.2
1986-08-12;59.0;8;59.0
1986-08-13;58.4;8;58.4
1986-08-14;54.8;8;54.8
1986-08-15;53.3;8;53.3
1986-08-16;61.1;8;61.1
1986-08-17;60.0;8;60.0
1986-08-18;60.3;8;60.3
1986-08-19;57.2;8;57.2
1986-08-20;55.4;8;55.4
1986-08-21;52.4;8;52.4
1986-08-22;52.4;8;52.4
1986-08-23;48.2;8;48.2
1986-08-24;46.7;8;46.7
1986-08-25;45.9;8;45.9
1986-08-26;45.6;8;45.6
1986-08-27;44.2;8;44.2
1986-08-28;42.9;8;42.9
1986-08-29;43.1;8;43.1
1986-08-30;46.0;8;46.0
1986-08-31;45.5;8;45.5
1986-09-01;44.8;9;44.8
1986-09-02;49.4;9;49.4
1986-09-03;45.6;9;45.6
1986-09-04;45.3;9;45.3
1986-09-05;43.7;9;43.7
1986-09-06;42.9;9;42.9
1986-09-07;42.3;9;42.3
1986-09-08;42.3;9;42.3
1986-09-09;42.1;9;42.1
1986-09-10;45.7;9;45.7
1986-09-11;48.3;9;48.3
1986-09-12;44.2;9;44.2
1986-09-13;48.5;9;48.5
1986-09-14;47.6;9;47.6
1986-09-15;43.7;9;43.7
1986-09-16;42.3;9;42.3
1986-09-17;40.9;9;40.9
1986-09-18;40.4;9;40.4
1986-09-19;42.6;9;42.6
1986-09-20;43.1;9;43.1
1986-09-21;45.4;9;45.4
1986-09-22;46.4;9;46.4
1986-09-23;47.8;9;47.8
1986-09-24;64.4;9;64.4
1986-09-25;54.3;9;54.3
1986-09-26;47.6;9;47.6
1986-09-27;45.4;9;45.4
1986-09-28;49.8;9;49.8
1986-09-29;47.1;9;47.1
1986-09-30;43.7;9;43.7
1986-10-01;41.5;10;41.5
1986-10-02;41.1;10;41.1
1986-10-03;55.3;10;55.3
1986-10-04;54.1;10;54.1
1986-10-05;65.8;10;65.8
1986-10-06;58.4;10;58.4
1986-10-07;48.8;10;48.8
1986-10-08;45.6;10;45.6
1986-10-09;43.4;10;43.4
1986-10-10;43.2;10;43.2
1986-10-11;44.8;10;44.8
1986-10-12;44.7;10;44.7
1986-10-13;43.3;10;43.3
1986-10-14;54.5;10;54.5
1986-10-15;73.6;10;73.6
1986-10-16;82.0;10;82.0
1986-10-17;64.2;10;64.2
1986-10-18;75.6;10;75.6
1986-10-19;66.7;10;66.7
1986-10-20;65.3;10;65.3
1986-10-21;58.5;10;58.5
1986-10-22;56.6;10;56.6
1986-10-23;53.6;10;53.6
1986-10-24;53.6;10;53.6
1986-10-25;53.4;10;53.4
1986-10-26;56.0;10;56.0
1986-10-27;52.4;10;52.4
1986-10-28;51.6;10;51.6
1986-10-29;49.1;10;49.1
1986-10-30;52.3;10;52.3
1986-10-31;45.7;10;45.7
1986-11-01;40.9;11;40.9
1986-11-02;38.7;11;38.7
1986-11-03;37.1;11;37.1
1986-11-04;37.1;11;37.1
1986-11-05;34.5;11;34.5
1986-11-06;33.5;11;33.5
1986-11-07;35.8;11;35.8
1986-11-08;38.2;11;38.2
1986-11-09;34.0;11;34.0
1986-11-10;42.1;11;42.1
1986-11-11;37.7;11;37.7
1986-11-12;35.3;11;35.3
1986-11-13;43.4;11;43.4
1986-11-14;46.0;11;46.0
1986-11-15;40.6;11;40.6
1986-11-16;37.1;11;37.1
1986-11-17;35.0;11;35.0
1986-11-18;33.5;11;33.5
1986-11-19;33.0;11;33.0
1986-11-20;32.5;11;32.5
1986-11-21;31.5;11;31.5
1986-11-22;32.8;11;32.8
1986-11-23;30.5;11;30.5
1986-11-24;30.5;11;30.5
1986-11-25;30.5;11;30.5
1986-11-26;29.5;11;29.5
1986-11-27;29.0;11;29.0
1986-11-28;28.5;11;28.5
1986-11-29;27.5;11;27.5
1986-11-30;27.0;11;27.0
1986-12-01;26.5;12;26.5
1986-12-02;25.5;12;25.5
1986-12-03;25.1;12;25.1
1986-12-04;26.0;12;26.0
1986-12-05;28.1;12;28.1
1986-12-06;36.3;12;36.3
1986-12-07;41.3;12;41.3
1986-12-08;44.5;12;44.5
1986-12-09;35.3;12;35.3
1986-12-10;32.0;12;32.0
1986-12-11;33.5;12;33.5
1986-12-12;31.7;12;31.7
1986-12-13;29.7;12;29.7
1986-12-14;30.0;12;30.0
1986-12-15;29.5;12;29.5
1986-12-16;28.5;12;28.5
1986-12-17;27.5;12;27.5
1986-12-18;26.7;12;26.7
1986-12-19;26.2;12;26.2
1986-12-20;26.5;12;26.5
1986-12-21;26.2;12;26.2
1986-12-22;25.5;12;25.5
1986-12-23;25.1;12;25.1
1986-12-24;24.6;12;24.6
1986-12-25;24.0;12;24.0
1986-12-26;23.5;12;23.5
1986-12-27;23.3;12;23.3
1986-12-28;23.3;12;23.3
1986-12-29;23.3;12;23.3
1986-12-30;24.2;12;24.2
1986-12-31;23.3;12;23.3
1987-01-01;8.9;1;8.9
1987-01-02;8.4;1;8.4
1987-01-03;8.1;1;8.1
1987-01-04;8.0;1;8.0
1987-01-05;7.7;1;7.7
1987-01-06;7.8;1;7.8
1987-01-07;7.7;1;7.7
1987-01-08;7.5;1;7.5
1987-01-09;11.4;1;11.4
1987-01-10;11.3;1;11.3
1987-01-11;8.9;1;8.9
1987-01-12;8.4;1;8.4
1987-01-13;7.8;1;7.8
1987-01-14;7.5;1;7.5
1987-01-15;7.2;1;7.2
1987-01-16;7.1;1;7.1
1987-01-17;7.6;1;7.6
1987-01-18;9.5;1;9.5
1987-01-19;8.8;1;8.8
1987-01-20;12.1;1;12.1
1987-01-21;9.8;1;9.8
1987-01-22;11.1;1;11.1
1987-01-23;9.8;1;9.8
1987-01-24;8.0;1;8.0
1987-01-25;7.6;1;7.6
1987-01-26;7.4;1;7.4
1987-01-27;7.2;1;7.2
1987-01-28;7.0;1;7.0
1987-01-29;6.8;1;6.8
1987-01-30;6.8;1;6.8
1987-01-31;7.0;1;7.0
1987-02-01;6.9;2;6.9
1987-02-02;6.8;2;6.8
1987-02-03;7.8;2;7.8
1987-02-04;7.7;2;7.7
1987-02-05;6.8;2;6.8
1987-02-06;6.7;2;6.7
1987-02-07;6.9;2;6.9
1987-02-08;6.8;2;6.8
1987-02-09;6.8;2;6.8
1987-02-10;6.8;2;6.8
1987-02-11;6.8;2;6.8
1987-02-12;6.8;2;6.8
1987-02-13;5.7;2;5.7
1987-02-14;5.5;2;5.5
1987-02-15;5.8;2;5.8
1987-02-16;5.9;2;5.9
1987-02-17;5.2;2;5.2
1987-02-18;5.0;2;5.0
1987-02-19;5.0;2;5.0
1987-02-20;4.8;2;4.8
1987-02-21;4.6;2;4.6
1987-02-22;4.6;2;4.6
1987-02-23;4.5;2;4.5
1987-02-24;4.4;2;4.4
1987-02-25;4.5;2;4.5
1987-02-26;4.8;2;4.8
1987-02-27;5.0;2;5.0
1987-02-28;4.9;2;4.9
1987-03-01;4.8;3;4.8
1987-03-02;4.7;3;4.7
1987-03-03;4.6;3;4.6
1987-03-04;4.6;3;4.6
1987-03-05;5.4;3;5.4
1987-03-06;5.6;3;5.6
1987-03-07;4.8;3;4.8
1987-03-08;4.5;3;4.5
1987-03-09;4.4;3;4.4
1987-03-10;4.3;3;4.3
1987-03-11;4.3;3;4.3
1987-03-12;4.4;3;4.4
1987-03-13;4.3;3;4.3
1987-03-14;4.3;3;4.3
1987-03-15;4.3;3;4.3
1987-03-16;4.4;3;4.4
1987-03-17;4.4;3;4.4
1987-03-18;4.4;3;4.4
1987-03-19;4.4;3;4.4
1987-03-20;4.4;3;4.4
1987-03-21;4.4;3;4.4
1987-03-22;4.4;3;4.4
1987-03-23;4.4;3;4.4
1987-03-24;4.4;3;4.4
1987-03-25;4.4;3;4.4
1987-03-26;4.4;3;4.4
1987-03-27;4.4;3;4.4
1987-03-28;4.4;3;4.4
1987-03-29;4.3;3;4.3
1987-03-30;4.2;3;4.2
1987-03-31;4.2;3;4.2
1987-04-01;4.2;4;4.2
1987-04-02;4.2;4;4.2
1987-04-03;6.1;4;6.1
1987-04-04;5.4;4;5.4
1987-04-05;5.3;4;5.3
1987-04-06;6.1;4;6.1
1987-04-07;5.5;4;5.5
1987-04-08;5.4;4;5.4
1987-04-09;6.3;4;6.3
1987-04-10;5.5;4;5.5
1987-04-11;5.9;4;5.9
1987-04-12;6.1;4;6.1
1987-04-13;5.5;4;5.5
1987-04-14;5.2;4;5.2
1987-04-15;4.8;4;4.8
1987-04-16;4.5;4;4.5
1987-04-17;4.4;4;4.4
1987-04-18;4.3;4;4.3
1987-04-19;5.7;4;5.7
1987-04-20;5.6;4;5.6
1987-04-21;5.3;4;5.3
1987-04-22;5.1;4;5.1
1987-04-23;5.5;4;5.5
1987-04-24;5.4;4;5.4
1987-04-25;7.1;4;7.1
1987-04-26;6.2;4;6.2
1987-04-27;7.3;4;7.3
1987-04-28;7.5;4;7.5
1987-04-29;6.0;4;6.0
1987-04-30;5.2;4;5.2
1987-05-01;7.4;5;7.4
1987-05-02;8.4;5;8.4
1987-05-03;5.7;5;5.7
1987-05-04;8.6;5;8.6
1987-05-05;7.7;5;7.7
1987-05-06;8.5;5;8.5
1987-05-07;6.3;5;6.3
1987-05-08;6.0;5;6.0
1987-05-09;6.3;5;6.3
1987-05-10;7.2;5;7.2
1987-05-11;10.2;5;10.2
1987-05-12;6.9;5;6.9
1987-05-13;7.7;5;7.7
1987-05-14;12.6;5;12.6
1987-05-15;19.5;5;19.5
1987-05-16;15.8;5;15.8
1987-05-17;17.0;5;17.0
1987-05-18;22.1;5;22.1
1987-05-19;13.0;5;13.0
1987-05-20;11.2;5;11.2
1987-05-21;24.3;5;24.3
1987-05-22;22.1;5;22.1
1987-05-23;73.7;5;73.7
1987-05-24;33.0;5;33.0
1987-05-25;58.5;5;58.5
1987-05-26;68.8;5;68.8
1987-05-27;102.5;5;102.5
1987-05-28;27.0;5;27.0
1987-05-29;18.3;5;18.3
1987-05-30;14.4;5;14.4
1987-05-31;12.6;5;12.6
1987-06-01;19.2;6;19.2
1987-06-02;14.5;6;14.5
1987-06-03;17.5;6;17.5
1987-06-04;17.6;6;17.6
1987-06-05;14.4;6;14.4
1987-06-06;16.1;6;16.1
1987-06-07;18.4;6;18.4
1987-06-08;16.1;6;16.1
1987-06-09;15.0;6;15.0
1987-06-10;13.6;6;13.6
1987-06-11;18.0;6;18.0
1987-06-12;14.2;6;14.2
1987-06-13;12.2;6;12.2
1987-06-14;13.1;6;13.1
1987-06-15;12.0;6;12.0
1987-06-16;13.4;6;13.4
1987-06-17;11.8;6;11.8
1987-06-18;10.7;6;10.7
1987-06-19;10.4;6;10.4
1987-06-20;9.8;6;9.8
1987-06-21;10.3;6;10.3
1987-06-22;10.6;6;10.6
1987-06-23;16.3;6;16.3
1987-06-24;13.6;6;13.6
1987-06-25;12.0;6;12.0
1987-06-26;11.5;6;11.5
1987-06-27;22.1;6;22.1
1987-06-28;19.7;6;19.7
1987-06-29;20.9;6;20.9
1987-06-30;18.3;6;18.3
1987-07-01;25.7;7;25.7
1987-07-02;18.5;7;18.5
1987-07-03;37.4;7;37.4
1987-07-04;36.6;7;36.6
1987-07-05;24.3;7;24.3
1987-07-06;55.4;7;55.4
1987-07-07;33.3;7;33.3
1987-07-08;25.2;7;25.2
1987-07-09;24.3;7;24.3
1987-07-10;24.9;7;24.9
1987-07-11;37.3;7;37.3
1987-07-12;48.5;7;48.5
1987-07-13;32.9;7;32.9
1987-07-14;27.3;7;27.3
1987-07-15;23.3;7;23.3
1987-07-16;26.9;7;26.9
1987-07-17;40.1;7;40.1
1987-07-18;38.0;7;38.0
1987-07-19;32.5;7;32.5
1987-07-20;28.1;7;28.1
1987-07-21;33.4;7;33.4
1987-07-22;25.1;7;25.1
1987-07-23;22.5;7;22.5
1987-07-24;23.8;7;23.8
1987-07-25;21.6;7;21.6
1987-07-26;19.3;7;19.3
1987-07-27;22.3;7;22.3
1987-07-28;20.5;7;20.5
1987-07-29;19.0;7;19.0
1987-07-30;27.2;7;27.2
1987-07-31;24.4;7;24.4
1987-08-01;30.0;8;30.0
1987-08-02;25.4;8;25.4
1987-08-03;31.0;8;31.0
1987-08-04;36.0;8;36.0
1987-08-05;22.9;8;22.9
1987-08-06;21.6;8;21.6
1987-08-07;20.3;8;20.3
1987-08-08;19.3;8;19.3
1987-08-09;17.7;8;17.7
1987-08-10;15.0;8;15.0
1987-08-11;13.7;8;13.7
1987-08-12;13.4;8;13.4
1987-08-13;20.9;8;20.9
1987-08-14;25.6;8;25.6
1987-08-15;17.8;8;17.8
1987-08-16;15.3;8;15.3
1987-08-17;14.5;8;14.5
1987-08-18;13.9;8;13.9
1987-08-19;15.0;8;15.0
1987-08-20;14.4;8;14.4
1987-08-21;14.1;8;14.1
1987-08-22;13.9;8;13.9
1987-08-23;18.6;8;18.6
1987-08-24;15.8;8;15.8
1987-08-25;35.6;8;35.6
1987-08-26;30.3;8;30.3
1987-08-27;24.9;8;24.9
1987-08-28;23.0;8;23.0
1987-08-29;19.5;8;19.5
1987-08-30;18.7;8;18.7
1987-08-31;17.5;8;17.5
1987-09-01;15.5;9;15.5
1987-09-02;13.9;9;13.9
1987-09-03;13.5;9;13.5
1987-09-04;13.4;9;13.4
1987-09-05;13.5;9;13.5
1987-09-06;14.3;9;14.3
1987-09-07;19.9;9;19.9
1987-09-08;16.8;9;16.8
1987-09-09;13.6;9;13.6
1987-09-10;12.6;9;12.6
1987-09-11;11.6;9;11.6
1987-09-12;11.5;9;11.5
1987-09-13;11.8;9;11.8
1987-09-14;14.4;9;14.4
1987-09-15;33.7;9;33.7
1987-09-16;46.8;9;46.8
1987-09-17;28.4;9;28.4
1987-09-18;19.2;9;19.2
1987-09-19;16.8;9;16.8
1987-09-20;14.6;9;14.6
1987-09-21;13.3;9;13.3
1987-09-22;13.0;9;13.0
1987-09-23;12.6;9;12.6
1987-09-24;12.5;9;12.5
1987-09-25;15.7;9;15.7
1987-09-26;12.8;9;12.8
1987-09-27;12.0;9;12.0
1987-09-28;11.8;9;11.8
1987-09-29;19.5;9;19.5
1987-09-30;26.2;9;26.2
1987-10-01;22.1;10;22.1
1987-10-02;23.1;10;23.1
1987-10-03;36.2;10;36.2
1987-10-04;45.7;10;45.7
1987-10-05;28.4;10;28.4
1987-10-06;39.1;10;39.1
1987-10-07;34.2;10;34.2
1987-10-08;27.5;10;27.5
1987-10-09;23.9;10;23.9
1987-10-10;21.3;10;21.3
1987-10-11;22.0;10;22.0
1987-10-12;23.4;10;23.4
1987-10-13;21.4;10;21.4
1987-10-14;24.1;10;24.1
1987-10-15;27.4;10;27.4
1987-10-16;33.0;10;33.0
1987-10-17;27.9;10;27.9
1987-10-18;42.0;10;42.0
1987-10-19;31.9;10;31.9
1987-10-20;29.4;10;29.4
1987-10-21;25.8;10;25.8
1987-10-22;19.5;10;19.5
1987-10-23;21.6;10;21.6
1987-10-24;18.9;10;18.9
1987-10-25;17.3;10;17.3
1987-10-26;15.6;10;15.6
1987-10-27;17.4;10;17.4
1987-10-28;41.0;10;41.0
1987-10-29;76.1;10;76.1
1987-10-30;46.3;10;46.3
1987-10-31;51.3;10;51.3
1987-11-01;45.4;11;45.4
1987-11-02;48.4;11;48.4
1987-11-03;27.7;11;27.7
1987-11-04;22.4;11;22.4
1987-11-05;20.4;11;20.4
1987-11-06;19.4;11;19.4
1987-11-07;18.0;11;18.0
1987-11-08;15.3;11;15.3
1987-11-09;13.7;11;13.7
1987-11-10;13.4;11;13.4
1987-11-11;12.0;11;12.0
1987-11-12;11.3;11;11.3
1987-11-13;10.9;11;10.9
1987-11-14;10.5;11;10.5
1987-11-15;9.6;11;9.6
1987-11-16;9.3;11;9.3
1987-11-17;9.0;11;9.0
1987-11-18;8.9;11;8.9
1987-11-19;8.9;11;8.9
1987-11-20;8.7;11;8.7
1987-11-21;10.6;11;10.6
1987-11-22;11.1;11;11.1
1987-11-23;10.1;11;10.1
1987-11-24;8.7;11;8.7
1987-11-25;10.1;11;10.1
1987-11-26;9.4;11;9.4
1987-11-27;9.5;11;9.5
1987-11-28;10.3;11;10.3
1987-11-29;10.1;11;10.1
1987-11-30;12.2;11;12.2
1987-12-01;15.6;12;15.6
1987-12-02;11.8;12;11.8
1987-12-03;9.6;12;9.6
1987-12-04;8.6;12;8.6
1987-12-05;9.3;12;9.3
1987-12-06;10.6;12;10.6
1987-12-07;9.4;12;9.4
1987-12-08;12.1;12;12.1
1987-12-09;10.9;12;10.9
1987-12-10;8.6;12;8.6
1987-12-11;7.8;12;7.8
1987-12-12;7.2;12;7.2
1987-12-13;8.5;12;8.5
1987-12-14;8.8;12;8.8
1987-12-15;7.9;12;7.9
1987-12-16;7.0;12;7.0
1987-12-17;6.8;12;6.8
1987-12-18;6.6;12;6.6
1987-12-19;7.9;12;7.9
1987-12-20;16.1;12;16.1
1987-12-21;8.9;12;8.9
1987-12-22;7.5;12;7.5
1987-12-23;7.0;12;7.0
1987-12-24;6.7;12;6.7
1987-12-25;6.4;12;6.4
1987-12-26;6.2;12;6.2
1987-12-27;6.1;12;6.1
1987-12-28;6.1;12;6.1
1987-12-29;6.6;12;6.6
1987-12-30;6.3;12;6.3
1987-12-31;6.3;12;6.3
1988-01-01;8.2;1;8.2
1988-01-02;7.7;1;7.7
1988-01-03;7.3;1;7.3
1988-01-04;7.3;1;7.3
1988-01-05;7.1;1;7.1
1988-01-06;7.1;1;7.1
1988-01-07;7.1;1;7.1
1988-01-08;7.0;1;7.0
1988-01-09;6.5;1;6.5
1988-01-10;6.5;1;6.5
1988-01-11;6.4;1;6.4
1988-01-12;6.3;1;6.3
1988-01-13;6.3;1;6.3
1988-01-14;6.3;1;6.3
1988-01-15;6.3;1;6.3
1988-01-16;6.8;1;6.8
1988-01-17;6.3;1;6.3
1988-01-18;6.3;1;6.3
1988-01-19;6.3;1;6.3
1988-01-20;6.3;1;6.3
1988-01-21;6.3;1;6.3
1988-01-22;6.3;1;6.3
1988-01-23;6.3;1;6.3
1988-01-24;6.3;1;6.3
1988-01-25;6.3;1;6.3
1988-01-26;6.3;1;6.3
1988-01-27;6.3;1;6.3
1988-01-28;6.4;1;6.4
1988-01-29;6.3;1;6.3
1988-01-30;7.7;1;7.7
1988-01-31;7.1;1;7.1
1988-02-01;6.4;2;6.4
1988-02-02;6.1;2;6.1
1988-02-03;6.8;2;6.8
1988-02-04;8.7;2;8.7
1988-02-05;13.3;2;13.3
1988-02-06;9.5;2;9.5
1988-02-07;10.5;2;10.5
1988-02-08;9.7;2;9.7
1988-02-09;7.7;2;7.7
1988-02-10;9.8;2;9.8
1988-02-11;8.1;2;8.1
1988-02-12;7.5;2;7.5
1988-02-13;7.1;2;7.1
1988-02-14;6.9;2;6.9
1988-02-15;8.0;2;8.0
1988-02-16;6.5;2;6.5
1988-02-17;6.5;2;6.5
1988-02-18;6.3;2;6.3
1988-02-19;6.3;2;6.3
1988-02-20;6.3;2;6.3
1988-02-21;6.3;2;6.3
1988-02-22;6.5;2;6.5
1988-02-23;6.3;2;6.3
1988-02-24;7.5;2;7.5
1988-02-25;7.2;2;7.2
1988-02-26;6.8;2;6.8
1988-02-27;6.3;2;6.3
1988-02-28;22.0;2;22.0
1988-02-29;6.3;2;6.3
1988-03-01;6.3;3;6.3
1988-03-02;6.3;3;6.3
1988-03-03;6.3;3;6.3
1988-03-04;6.3;3;6.3
1988-03-05;6.1;3;6.1
1988-03-06;6.1;3;6.1
1988-03-07;6.1;3;6.1
1988-03-08;6.0;3;6.0
1988-03-09;6.0;3;6.0
1988-03-10;6.0;3;6.0
1988-03-11;6.0;3;6.0
1988-03-12;8.3;3;8.3
1988-03-13;9.6;3;9.6
1988-03-14;14.2;3;14.2
1988-03-15;12.0;3;12.0
1988-03-16;7.4;3;7.4
1988-03-17;6.7;3;6.7
1988-03-18;6.5;3;6.5
1988-03-19;6.3;3;6.3
1988-03-20;6.3;3;6.3
1988-03-21;6.3;3;6.3
1988-03-22;6.3;3;6.3
1988-03-23;6.3;3;6.3
1988-03-24;6.3;3;6.3
1988-03-25;6.3;3;6.3
1988-03-26;6.3;3;6.3
1988-03-27;6.3;3;6.3
1988-03-28;6.3;3;6.3
1988-03-29;6.6;3;6.6
1988-03-30;6.7;3;6.7
1988-03-31;8.6;3;8.6
1988-04-01;6.9;4;6.9
1988-04-02;8.2;4;8.2
1988-04-03;7.4;4;7.4
1988-04-04;7.9;4;7.9
1988-04-05;7.5;4;7.5
1988-04-06;10.3;4;10.3
1988-04-07;16.9;4;16.9
1988-04-08;12.3;4;12.3
1988-04-09;14.9;4;14.9
1988-04-10;15.4;4;15.4
1988-04-11;22.5;4;22.5
1988-04-12;21.2;4;21.2
1988-04-13;11.4;4;11.4
1988-04-14;10.2;4;10.2
1988-04-15;8.5;4;8.5
1988-04-16;7.9;4;7.9
1988-04-17;7.3;4;7.3
1988-04-18;7.3;4;7.3
1988-04-19;7.1;4;7.1
1988-04-20;7.0;4;7.0
1988-04-21;6.5;4;6.5
1988-04-22;6.9;4;6.9
1988-04-23;6.5;4;6.5
1988-04-24;6.5;4;6.5
1988-04-25;6.5;4;6.5
1988-04-26;6.4;4;6.4
1988-04-27;6.3;4;6.3
1988-04-28;6.4;4;6.4
1988-04-29;6.5;4;6.5
1988-04-30;7.6;4;7.6
1988-05-01;8.2;5;8.2
1988-05-02;15.5;5;15.5
1988-05-03;40.2;5;40.2
1988-05-04;18.7;5;18.7
1988-05-05;13.7;5;13.7
1988-05-06;10.7;5;10.7
1988-05-07;9.8;5;9.8
1988-05-08;9.2;5;9.2
1988-05-09;11.6;5;11.6
1988-05-10;9.3;5;9.3
1988-05-11;7.7;5;7.7
1988-05-12;6.5;5;6.5
1988-05-13;7.0;5;7.0
1988-05-14;4.2;5;4.2
1988-05-15;5.9;5;5.9
1988-05-16;7.7;5;7.7
1988-05-17;5.3;5;5.3
1988-05-18;5.3;5;5.3
1988-05-19;4.6;5;4.6
1988-05-20;4.2;5;4.2
1988-05-21;5.3;5;5.3
1988-05-22;5.3;5;5.3
1988-05-23;5.0;5;5.0
1988-05-24;5.3;5;5.3
1988-05-25;4.6;5;4.6
1988-05-26;4.6;5;4.6
1988-05-27;5.3;5;5.3
1988-05-28;6.5;5;6.5
1988-05-29;7.7;5;7.7
1988-05-30;11.0;5;11.0
1988-05-31;11.0;5;11.0
1988-06-01;8.5;6;8.5
1988-06-02;7.7;6;7.7
1988-06-03;7.7;6;7.7
1988-06-04;5.3;6;5.3
1988-06-05;5.3;6;5.3
1988-06-06;4.2;6;4.2
1988-06-07;9.3;6;9.3
1988-06-08;9.3;6;9.3
1988-06-09;13.9;6;13.9
1988-06-10;16.1;6;16.1
1988-06-11;11.0;6;11.0
1988-06-12;25.0;6;25.0
1988-06-13;22.3;6;22.3
1988-06-14;20.9;6;20.9
1988-06-15;12.9;6;12.9
1988-06-16;10.3;6;10.3
1988-06-17;8.5;6;8.5
1988-06-18;10.7;6;10.7
1988-06-19;25.0;6;25.0
1988-06-20;19.6;6;19.6
1988-06-21;12.9;6;12.9
1988-06-22;11.0;6;11.0
1988-06-23;8.5;6;8.5
1988-06-24;7.7;6;7.7
1988-06-25;7.7;6;7.7
1988-06-26;11.0;6;11.0
1988-06-27;11.0;6;11.0
1988-06-28;19.6;6;19.6
1988-06-29;18.4;6;18.4
1988-06-30;11.0;6;11.0
1988-07-01;11.0;7;11.0
1988-07-02;28.8;7;28.8
1988-07-03;99.6;7;99.6
1988-07-04;49.3;7;49.3
1988-07-05;25.0;7;25.0
1988-07-06;28.0;7;28.0
1988-07-07;31.0;7;31.0
1988-07-08;38.0;7;38.0
1988-07-09;28.0;7;28.0
1988-07-10;25.0;7;25.0
1988-07-11;38.0;7;38.0
1988-07-12;45.2;7;45.2
1988-07-13;34.5;7;34.5
1988-07-14;28.0;7;28.0
1988-07-15;25.0;7;25.0
1988-07-16;25.0;7;25.0
1988-07-17;19.6;7;19.6
1988-07-18;12.9;7;12.9
1988-07-19;18.0;7;18.0
1988-07-20;25.3;7;25.3
1988-07-21;26.6;7;26.6
1988-07-22;20.9;7;20.9
1988-07-23;109.8;7;109.8
1988-07-24;61.6;7;61.6
1988-07-25;38.0;7;38.0
1988-07-26;25.0;7;25.0
1988-07-27;25.0;7;25.0
1988-07-28;19.6;7;19.6
1988-07-29;19.6;7;19.6
1988-07-30;19.6;7;19.6
1988-07-31;19.6;7;19.6
1988-08-01;19.6;8;19.6
1988-08-02;19.6;8;19.6
1988-08-03;19.6;8;19.6
1988-08-04;38.0;8;38.0
1988-08-05;38.0;8;38.0
1988-08-06;34.5;8;34.5
1988-08-07;25.0;8;25.0
1988-08-08;66.2;8;66.2
1988-08-09;53.4;8;53.4
1988-08-10;38.0;8;38.0
1988-08-11;25.0;8;25.0
1988-08-12;11.0;8;11.0
1988-08-13;11.0;8;11.0
1988-08-14;14.9;8;14.9
1988-08-15;25.0;8;25.0
1988-08-16;34.5;8;34.5
1988-08-17;38.0;8;38.0
1988-08-18;31.0;8;31.0
1988-08-19;30.4;8;30.4
1988-08-20;31.0;8;31.0
1988-08-21;38.0;8;38.0
1988-08-22;53.4;8;53.4
1988-08-23;70.8;8;70.8
1988-08-24;41.6;8;41.6
1988-08-25;25.0;8;25.0
1988-08-26;25.0;8;25.0
1988-08-27;25.0;8;25.0
1988-08-28;25.0;8;25.0
1988-08-29;25.0;8;25.0
1988-08-30;26.6;8;26.6
1988-08-31;49.2;8;49.2
1988-09-01;48.3;9;48.3
1988-09-02;39.9;9;39.9
1988-09-03;41.6;9;41.6
1988-09-04;34.1;9;34.1
1988-09-05;36.8;9;36.8
1988-09-06;49.2;9;49.2
1988-09-07;50.8;9;50.8
1988-09-08;45.7;9;45.7
1988-09-09;47.3;9;47.3
1988-09-10;56.7;9;56.7
1988-09-11;41.2;9;41.2
1988-09-12;49.2;9;49.2
1988-09-13;48.1;9;48.1
1988-09-14;42.9;9;42.9
1988-09-15;36.9;9;36.9
1988-09-16;33.8;9;33.8
1988-09-17;30.8;9;30.8
1988-09-18;29.3;9;29.3
1988-09-19;42.7;9;42.7
1988-09-20;33.2;9;33.2
1988-09-21;31.0;9;31.0
1988-09-22;27.7;9;27.7
1988-09-23;32.2;9;32.2
1988-09-24;33.1;9;33.1
1988-09-25;27.7;9;27.7
1988-09-26;27.7;9;27.7
1988-09-27;25.3;9;25.3
1988-09-28;31.2;9;31.2
1988-09-29;25.9;9;25.9
1988-09-30;29.4;9;29.4
1988-10-01;27.2;10;27.2
1988-10-02;25.3;10;25.3
1988-10-03;23.2;10;23.2
1988-10-04;27.8;10;27.8
1988-10-05;33.9;10;33.9
1988-10-06;27.1;10;27.1
1988-10-07;24.9;10;24.9
1988-10-08;37.1;10;37.1
1988-10-09;37.6;10;37.6
1988-10-10;28.6;10;28.6
1988-10-11;25.0;10;25.0
1988-10-12;23.1;10;23.1
1988-10-13;22.6;10;22.6
1988-10-14;30.2;10;30.2
1988-10-15;30.8;10;30.8
1988-10-16;28.3;10;28.3
1988-10-17;28.1;10;28.1
1988-10-18;29.4;10;29.4
1988-10-19;36.0;10;36.0
1988-10-20;24.6;10;24.6
1988-10-21;22.9;10;22.9
1988-10-22;41.3;10;41.3
1988-10-23;28.6;10;28.6
1988-10-24;23.9;10;23.9
1988-10-25;25.3;10;25.3
1988-10-26;20.9;10;20.9
1988-10-27;23.0;10;23.0
1988-10-28;18.4;10;18.4
1988-10-29;17.7;10;17.7
1988-10-30;17.8;10;17.8
1988-10-31;21.3;10;21.3
1988-11-01;17.6;11;17.6
1988-11-02;16.1;11;16.1
1988-11-03;16.6;11;16.6
1988-11-04;15.4;11;15.4
1988-11-05;14.3;11;14.3
1988-11-06;14.9;11;14.9
1988-11-07;14.3;11;14.3
1988-11-08;13.9;11;13.9
1988-11-09;14.5;11;14.5
1988-11-10;15.1;11;15.1
1988-11-11;20.7;11;20.7
1988-11-12;25.6;11;25.6
1988-11-13;17.4;11;17.4
1988-11-14;20.8;11;20.8
1988-11-15;43.6;11;43.6
1988-11-16;26.4;11;26.4
1988-11-17;38.6;11;38.6
1988-11-18;23.7;11;23.7
1988-11-19;24.9;11;24.9
1988-11-20;59.9;11;59.9
1988-11-21;35.5;11;35.5
1988-11-22;26.5;11;26.5
1988-11-23;25.3;11;25.3
1988-11-24;24.6;11;24.6
1988-11-25;24.6;11;24.6
1988-11-26;24.6;11;24.6
1988-11-27;25.2;11;25.2
1988-11-28;21.5;11;21.5
1988-11-29;19.4;11;19.4
1988-11-30;18.4;11;18.4
1988-12-01;17.2;12;17.2
1988-12-02;18.5;12;18.5
1988-12-03;20.8;12;20.8
1988-12-04;16.8;12;16.8
1988-12-05;16.6;12;16.6
1988-12-06;18.8;12;18.8
1988-12-07;15.8;12;15.8
1988-12-08;18.3;12;18.3
1988-12-09;26.5;12;26.5
1988-12-10;18.0;12;18.0
1988-12-11;15.4;12;15.4
1988-12-12;14.5;12;14.5
1988-12-13;14.5;12;14.5
1988-12-14;14.6;12;14.6
1988-12-15;23.3;12;23.3
1988-12-16;18.7;12;18.7
1988-12-17;15.1;12;15.1
1988-12-18;13.9;12;13.9
1988-12-19;13.1;12;13.1
1988-12-20;12.8;12;12.8
1988-12-21;12.4;12;12.4
1988-12-22;12.4;12;12.4
1988-12-23;13.2;12;13.2
1988-12-24;16.0;12;16.0
1988-12-25;12.5;12;12.5
1988-12-26;13.3;12;13.3
1988-12-27;12.4;12;12.4
1988-12-28;12.4;12;12.4
1988-12-29;13.1;12;13.1
1988-12-30;19.7;12;19.7
1988-12-31;23.0;12;23.0
1989-01-01;24.88;1;24.88
1989-01-02;28.16;1;28.16
1989-01-03;20.18;1;20.18
1989-01-04;17.01;1;17.01
1989-01-05;15.15;1;15.15
1989-01-06;14.12;1;14.12
1989-01-07;14.67;1;14.67
1989-01-08;13.92;1;13.92
1989-01-09;12.37;1;12.37
1989-01-10;11.39;1;11.39
1989-01-11;11.2;1;11.2
1989-01-12;11.78;1;11.78
1989-01-13;11.97;1;11.97
1989-01-14;11.73;1;11.73
1989-01-15;10.67;1;10.67
1989-01-16;10.34;1;10.34
1989-01-17;10.67;1;10.67
1989-01-18;12.81;1;12.81
1989-01-19;12.1;1;12.1
1989-01-20;12.32;1;12.32
1989-01-21;12.89;1;12.89
1989-01-22;22.3;1;22.3
1989-01-23;16.08;1;16.08
1989-01-24;12.17;1;12.17
1989-01-25;11.39;1;11.39
1989-01-26;11.0;1;11.0
1989-01-27;10.67;1;10.67
1989-01-28;10.01;1;10.01
1989-01-29;9.51;1;9.51
1989-01-30;9.18;1;9.18
1989-01-31;9.02;1;9.02
1989-02-01;8.85;2;8.85
1989-02-02;8.52;2;8.52
1989-02-03;8.36;2;8.36
1989-02-04;9.28;2;9.28
1989-02-05;10.82;2;10.82
1989-02-06;10.01;2;10.01
1989-02-07;11.18;2;11.18
1989-02-08;10.81;2;10.81
1989-02-09;9.35;2;9.35
1989-02-10;8.69;2;8.69
1989-02-11;8.19;2;8.19
1989-02-12;7.7;2;7.7
1989-02-13;7.58;2;7.58
1989-02-14;7.46;2;7.46
1989-02-15;7.34;2;7.34
1989-02-16;7.22;2;7.22
1989-02-17;6.74;2;6.74
1989-02-18;6.26;2;6.26
1989-02-19;6.38;2;6.38
1989-02-20;9.82;2;9.82
1989-02-21;11.12;2;11.12
1989-02-22;8.69;2;8.69
1989-02-23;9.57;2;9.57
1989-02-24;10.52;2;10.52
1989-02-25;11.44;2;11.44
1989-02-26;11.97;2;11.97
1989-02-27;13.63;2;13.63
1989-02-28;11.17;2;11.17
1989-03-01;9.68;3;9.68
1989-03-02;8.69;3;8.69
1989-03-03;8.03;3;8.03
1989-03-04;8.03;3;8.03
1989-03-05;8.53;3;8.53
1989-03-06;8.74;3;8.74
1989-03-07;9.87;3;9.87
1989-03-08;12.42;3;12.42
1989-03-09;14.12;3;14.12
1989-03-10;13.13;3;13.13
1989-03-11;12.72;3;12.72
1989-03-12;23.68;3;23.68
1989-03-13;21.36;3;21.36
1989-03-14;13.7;3;13.7
1989-03-15;13.55;3;13.55
1989-03-16;12.95;3;12.95
1989-03-17;11.0;3;11.0
1989-03-18;14.9;3;14.9
1989-03-19;14.51;3;14.51
1989-03-20;12.95;3;12.95
1989-03-21;11.0;3;11.0
1989-03-22;7.7;3;7.7
1989-03-23;7.7;3;7.7
1989-03-24;7.7;3;7.7
1989-03-25;7.7;3;7.7
1989-03-26;7.7;3;7.7
1989-03-27;7.7;3;7.7
1989-03-28;7.7;3;7.7
1989-03-29;7.7;3;7.7
1989-03-30;7.7;3;7.7
1989-03-31;7.7;3;7.7
1989-04-01;7.71;4;7.71
1989-04-02;12.39;4;12.39
1989-04-03;9.27;4;9.27
1989-04-04;8.66;4;8.66
1989-04-05;13.37;4;13.37
1989-04-06;11.25;4;11.25
1989-04-07;9.68;4;9.68
1989-04-08;8.53;4;8.53
1989-04-09;7.86;4;7.86
1989-04-10;7.46;4;7.46
1989-04-11;10.31;4;10.31
1989-04-12;7.46;4;7.46
1989-04-13;7.1;4;7.1
1989-04-14;6.74;4;6.74
1989-04-15;6.5;4;6.5
1989-04-16;6.5;4;6.5
1989-04-17;6.14;4;6.14
1989-04-18;6.02;4;6.02
1989-04-19;5.66;4;5.66
1989-04-20;5.54;4;5.54
1989-04-21;5.66;4;5.66
1989-04-22;7.84;4;7.84
1989-04-23;6.98;4;6.98
1989-04-24;6.86;4;6.86
1989-04-25;6.26;4;6.26
1989-04-26;5.9;4;5.9
1989-04-27;6.02;4;6.02
1989-04-28;7.5;4;7.5
1989-04-29;6.14;4;6.14
1989-04-30;6.2;4;6.2
1989-05-01;6.14;5;6.14
1989-05-02;6.28;5;6.28
1989-05-03;11.41;5;11.41
1989-05-04;7.23;5;7.23
1989-05-05;6.38;5;6.38
1989-05-06;6.53;5;6.53
1989-05-07;6.38;5;6.38
1989-05-08;9.59;5;9.59
1989-05-09;14.14;5;14.14
1989-05-10;13.88;5;13.88
1989-05-11;34.21;5;34.21
1989-05-12;16.63;5;16.63
1989-05-13;16.32;5;16.32
1989-05-14;20.22;5;20.22
1989-05-15;24.84;5;24.84
1989-05-16;18.49;5;18.49
1989-05-17;14.1;5;14.1
1989-05-18;22.49;5;22.49
1989-05-19;24.71;5;24.71
1989-05-20;17.02;5;17.02
1989-05-21;15.06;5;15.06
1989-05-22;15.98;5;15.98
1989-05-23;23.01;5;23.01
1989-05-24;16.96;5;16.96
1989-05-25;15.16;5;15.16
1989-05-26;18.17;5;18.17
1989-05-27;21.42;5;21.42
1989-05-28;41.94;5;41.94
1989-05-29;31.68;5;31.68
1989-05-30;28.69;5;28.69
1989-05-31;19.67;5;19.67
1989-06-01;19.03;6;19.03
1989-06-02;37.86;6;37.86
1989-06-03;25.54;6;25.54
1989-06-04;25.15;6;25.15
1989-06-05;38.88;6;38.88
1989-06-06;35.25;6;35.25
1989-06-07;37.31;6;37.31
1989-06-08;34.71;6;34.71
1989-06-09;41.93;6;41.93
1989-06-10;30.45;6;30.45
1989-06-11;43.09;6;43.09
1989-06-12;34.36;6;34.36
1989-06-13;32.87;6;32.87
1989-06-14;32.93;6;32.93
1989-06-15;34.88;6;34.88
1989-06-16;25.65;6;25.65
1989-06-17;22.3;6;22.3
1989-06-18;20.23;6;20.23
1989-06-19;22.01;6;22.01
1989-06-20;22.23;6;22.23
1989-06-21;19.13;6;19.13
1989-06-22;18.19;6;18.19
1989-06-23;24.04;6;24.04
1989-06-24;23.01;6;23.01
1989-06-25;17.95;6;17.95
1989-06-26;19.33;6;19.33
1989-06-27;21.16;6;21.16
1989-06-28;16.78;6;16.78
1989-06-29;15.37;6;15.37
1989-06-30;15.84;6;15.84
1989-07-01;16.43;7;16.43
1989-07-02;17.0;7;17.0
1989-07-03;23.64;7;23.64
1989-07-04;22.03;7;22.03
1989-07-05;26.15;7;26.15
1989-07-06;25.32;7;25.32
1989-07-07;27.7;7;27.7
1989-07-08;22.47;7;22.47
1989-07-09;22.11;7;22.11
1989-07-10;22.03;7;22.03
1989-07-11;18.43;7;18.43
1989-07-12;18.19;7;18.19
1989-07-13;23.63;7;23.63
1989-07-14;31.8;7;31.8
1989-07-15;47.54;7;47.54
1989-07-16;49.4;7;49.4
1989-07-17;43.38;7;43.38
1989-07-18;35.73;7;35.73
1989-07-19;39.03;7;39.03
1989-07-20;48.52;7;48.52
1989-07-21;39.03;7;39.03
1989-07-22;36.43;7;36.43
1989-07-23;31.75;7;31.75
1989-07-24;29.72;7;29.72
1989-07-25;29.19;7;29.19
1989-07-26;29.14;7;29.14
1989-07-27;26.51;7;26.51
1989-07-28;23.38;7;23.38
1989-07-29;21.49;7;21.49
1989-07-30;20.15;7;20.15
1989-07-31;18.43;7;18.43
1989-08-01;17.25;8;17.25
1989-08-02;16.82;8;16.82
1989-08-03;17.01;8;17.01
1989-08-04;15.37;8;15.37
1989-08-05;14.7;8;14.7
1989-08-06;18.8;8;18.8
1989-08-07;20.17;8;20.17
1989-08-08;16.31;8;16.31
1989-08-09;15.04;8;15.04
1989-08-10;14.52;8;14.52
1989-08-11;13.53;8;13.53
1989-08-12;13.25;8;13.25
1989-08-13;14.83;8;14.83
1989-08-14;12.95;8;12.95
1989-08-15;12.56;8;12.56
1989-08-16;12.42;8;12.42
1989-08-17;18.67;8;18.67
1989-08-18;14.74;8;14.74
1989-08-19;13.9;8;13.9
1989-08-20;12.56;8;12.56
1989-08-21;11.97;8;11.97
1989-08-22;11.93;8;11.93
1989-08-23;13.79;8;13.79
1989-08-24;11.98;8;11.98
1989-08-25;11.58;8;11.58
1989-08-26;11.19;8;11.19
1989-08-27;10.51;8;10.51
1989-08-28;11.87;8;11.87
1989-08-29;15.08;8;15.08
1989-08-30;13.82;8;13.82
1989-08-31;23.86;8;23.86
1989-09-01;17.58;9;17.58
1989-09-02;12.95;9;12.95
1989-09-03;11.78;9;11.78
1989-09-04;10.85;9;10.85
1989-09-05;10.34;9;10.34
1989-09-06;10.53;9;10.53
1989-09-07;12.12;9;12.12
1989-09-08;10.01;9;10.01
1989-09-09;9.84;9;9.84
1989-09-10;11.46;9;11.46
1989-09-11;21.68;9;21.68
1989-09-12;19.65;9;19.65
1989-09-13;17.09;9;17.09
1989-09-14;14.05;9;14.05
1989-09-15;12.49;9;12.49
1989-09-16;12.23;9;12.23
1989-09-17;11.99;9;11.99
1989-09-18;10.17;9;10.17
1989-09-19;10.31;9;10.31
1989-09-20;23.15;9;23.15
1989-09-21;16.33;9;16.33
1989-09-22;18.77;9;18.77
1989-09-23;22.01;9;22.01
1989-09-24;22.14;9;22.14
1989-09-25;14.14;9;14.14
1989-09-26;13.45;9;13.45
1989-09-27;23.74;9;23.74
1989-09-28;47.46;9;47.46
1989-09-29;54.93;9;54.93
1989-09-30;42.61;9;42.61
1989-10-01;28.42;10;28.42
1989-10-02;24.68;10;24.68
1989-10-03;26.0;10;26.0
1989-10-04;27.06;10;27.06
1989-10-05;31.42;10;31.42
1989-10-06;41.98;10;41.98
1989-10-07;25.58;10;25.58
1989-10-08;22.3;10;22.3
1989-10-09;19.88;10;19.88
1989-10-10;18.69;10;18.69
1989-10-11;18.15;10;18.15
1989-10-12;18.39;10;18.39
1989-10-13;17.38;10;17.38
1989-10-14;16.29;10;16.29
1989-10-15;15.13;10;15.13
1989-10-16;14.32;10;14.32
1989-10-17;14.71;10;14.71
1989-10-18;27.68;10;27.68
1989-10-19;30.16;10;30.16
1989-10-20;18.29;10;18.29
1989-10-21;16.07;10;16.07
1989-10-22;14.32;10;14.32
1989-10-23;13.34;10;13.34
1989-10-24;12.75;10;12.75
1989-10-25;12.36;10;12.36
1989-10-26;11.78;10;11.78
1989-10-27;11.58;10;11.58
1989-10-28;12.36;10;12.36
1989-10-29;13.02;10;13.02
1989-10-30;16.57;10;16.57
1989-10-31;25.79;10;25.79
1989-11-01;22.95;11;22.95
1989-11-02;15.22;11;15.22
1989-11-03;13.34;11;13.34
1989-11-04;11.59;11;11.59
1989-11-05;12.46;11;12.46
1989-11-06;11.85;11;11.85
1989-11-07;11.41;11;11.41
1989-11-08;10.67;11;10.67
1989-11-09;10.17;11;10.17
1989-11-10;9.84;11;9.84
1989-11-11;9.51;11;9.51
1989-11-12;9.18;11;9.18
1989-11-13;9.02;11;9.02
1989-11-14;8.85;11;8.85
1989-11-15;8.36;11;8.36
1989-11-16;8.03;11;8.03
1989-11-17;8.69;11;8.69
1989-11-18;10.0;11;10.0
1989-11-19;9.75;11;9.75
1989-11-20;9.68;11;9.68
1989-11-21;9.51;11;9.51
1989-11-22;12.95;11;12.95
1989-11-23;10.68;11;10.68
1989-11-24;10.27;11;10.27
1989-11-25;12.65;11;12.65
1989-11-26;11.22;11;11.22
1989-11-27;9.68;11;9.68
1989-11-28;9.35;11;9.35
1989-11-29;9.02;11;9.02
1989-11-30;8.69;11;8.69
1989-12-01;10.08;12;10.08
1989-12-02;12.79;12;12.79
1989-12-03;21.99;12;21.99
1989-12-04;15.97;12;15.97
1989-12-05;22.12;12;22.12
1989-12-06;21.2;12;21.2
1989-12-07;14.14;12;14.14
1989-12-08;12.17;12;12.17
1989-12-09;11.03;12;11.03
1989-12-10;10.17;12;10.17
1989-12-11;9.35;12;9.35
1989-12-12;8.69;12;8.69
1989-12-13;8.19;12;8.19
1989-12-14;7.72;12;7.72
1989-12-15;7.22;12;7.22
1989-12-16;7.22;12;7.22
1989-12-17;7.22;12;7.22
1989-12-18;6.98;12;6.98
1989-12-19;6.74;12;6.74
1989-12-20;6.62;12;6.62
1989-12-21;6.38;12;6.38
1989-12-22;6.26;12;6.26
1989-12-23;6.26;12;6.26
1989-12-24;6.62;12;6.62
1989-12-25;6.86;12;6.86
1989-12-26;6.62;12;6.62
1989-12-27;6.38;12;6.38
1989-12-28;6.14;12;6.14
1989-12-29;6.02;12;6.02
1989-12-30;6.02;12;6.02
1989-12-31;6.02;12;6.02
1990-01-01;6.02;1;6.02
1990-01-02;6.02;1;6.02
1990-01-03;6.38;1;6.38
1990-01-04;7.87;1;7.87
1990-01-05;6.86;1;6.86
1990-01-06;7.53;1;7.53
1990-01-07;7.21;1;7.21
1990-01-08;6.86;1;6.86
1990-01-09;6.38;1;6.38
1990-01-10;6.14;1;6.14
1990-01-11;6.02;1;6.02
1990-01-12;5.9;1;5.9
1990-01-13;7.62;1;7.62
1990-01-14;6.38;1;6.38
1990-01-15;6.14;1;6.14
1990-01-16;5.9;1;5.9
1990-01-17;5.78;1;5.78
1990-01-18;5.9;1;5.9
1990-01-19;6.02;1;6.02
1990-01-20;6.02;1;6.02
1990-01-21;6.17;1;6.17
1990-01-22;6.75;1;6.75
1990-01-23;6.99;1;6.99
1990-01-24;7.12;1;7.12
1990-01-25;7.9;1;7.9
1990-01-26;8.77;1;8.77
1990-01-27;10.77;1;10.77
1990-01-28;8.21;1;8.21
1990-01-29;7.22;1;7.22
1990-01-30;6.14;1;6.14
1990-01-31;6.26;1;6.26
1990-02-01;6.02;2;6.02
1990-02-02;5.32;2;5.32
1990-02-03;5.81;2;5.81
1990-02-04;6.02;2;6.02
1990-02-05;8.47;2;8.47
1990-02-06;9.4;2;9.4
1990-02-07;7.66;2;7.66
1990-02-08;12.22;2;12.22
1990-02-09;16.22;2;16.22
1990-02-10;9.18;2;9.18
1990-02-11;8.04;2;8.04
1990-02-12;6.98;2;6.98
1990-02-13;6.38;2;6.38
1990-02-14;6.02;2;6.02
1990-02-15;5.78;2;5.78
1990-02-16;5.32;2;5.32
1990-02-17;5.07;2;5.07
1990-02-18;5.15;2;5.15
1990-02-19;5.07;2;5.07
1990-02-20;5.55;2;5.55
1990-02-21;6.94;2;6.94
1990-02-22;6.66;2;6.66
1990-02-23;6.02;2;6.02
1990-02-24;5.42;2;5.42
1990-02-25;5.15;2;5.15
1990-02-26;4.92;2;4.92
1990-02-27;4.7;2;4.7
1990-02-28;4.62;2;4.62
1990-03-01;4.62;3;4.62
1990-03-02;4.7;3;4.7
1990-03-03;4.77;3;4.77
1990-03-04;5.44;3;5.44
1990-03-05;5.54;3;5.54
1990-03-06;5.84;3;5.84
1990-03-07;5.66;3;5.66
1990-03-08;6.07;3;6.07
1990-03-09;6.66;3;6.66
1990-03-10;11.59;3;11.59
1990-03-11;10.34;3;10.34
1990-03-12;9.69;3;9.69
1990-03-13;11.69;3;11.69
1990-03-14;10.7;3;10.7
1990-03-15;9.35;3;9.35
1990-03-16;19.88;3;19.88
1990-03-17;11.04;3;11.04
1990-03-18;13.83;3;13.83
1990-03-19;12.36;3;12.36
1990-03-20;13.45;3;13.45
1990-03-21;12.05;3;12.05
1990-03-22;9.35;3;9.35
1990-03-23;9.24;3;9.24
1990-03-24;12.22;3;12.22
1990-03-25;9.02;3;9.02
1990-03-26;23.05;3;23.05
1990-03-27;16.21;3;16.21
1990-03-28;9.68;3;9.68
1990-03-29;8.52;3;8.52
1990-03-30;7.46;3;7.46
1990-03-31;7.1;3;7.1
1990-04-01;6.98;4;6.98
1990-04-02;6.98;4;6.98
1990-04-03;8.76;4;8.76
1990-04-04;8.29;4;8.29
1990-04-05;8.9;4;8.9
1990-04-06;29.69;4;29.69
1990-04-07;17.43;4;17.43
1990-04-08;11.27;4;11.27
1990-04-09;10.68;4;10.68
1990-04-10;9.35;4;9.35
1990-04-11;8.03;4;8.03
1990-04-12;8.03;4;8.03
1990-04-13;7.72;4;7.72
1990-04-14;7.34;4;7.34
1990-04-15;7.22;4;7.22
1990-04-16;7.56;4;7.56
1990-04-17;7.83;4;7.83
1990-04-18;6.62;4;6.62
1990-04-19;6.26;4;6.26
1990-04-20;6.26;4;6.26
1990-04-21;6.74;4;6.74
1990-04-22;10.2;4;10.2
1990-04-23;22.12;4;22.12
1990-04-24;16.3;4;16.3
1990-04-25;11.93;4;11.93
1990-04-26;18.67;4;18.67
1990-04-27;13.95;4;13.95
1990-04-28;38.06;4;38.06
1990-04-29;36.63;4;36.63
1990-04-30;46.35;4;46.35
1990-05-01;51.43;5;51.43
1990-05-02;33.21;5;33.21
1990-05-03;24.72;5;24.72
1990-05-04;34.12;5;34.12
1990-05-05;29.23;5;29.23
1990-05-06;23.43;5;23.43
1990-05-07;17.64;5;17.64
1990-05-08;33.62;5;33.62
1990-05-09;24.27;5;24.27
1990-05-10;17.23;5;17.23
1990-05-11;15.61;5;15.61
1990-05-12;13.53;5;13.53
1990-05-13;13.34;5;13.34
1990-05-14;22.21;5;22.21
1990-05-15;17.0;5;17.0
1990-05-16;15.9;5;15.9
1990-05-17;13.73;5;13.73
1990-05-18;19.68;5;19.68
1990-05-19;28.22;5;28.22
1990-05-20;24.51;5;24.51
1990-05-21;24.04;5;24.04
1990-05-22;29.08;5;29.08
1990-05-23;31.33;5;31.33
1990-05-24;35.07;5;35.07
1990-05-25;49.93;5;49.93
1990-05-26;34.75;5;34.75
1990-05-27;33.23;5;33.23
1990-05-28;26.69;5;26.69
1990-05-29;38.13;5;38.13
1990-05-30;26.78;5;26.78
1990-05-31;21.3;5;21.3
1990-06-01;26.42;6;26.42
1990-06-02;29.94;6;29.94
1990-06-03;22.42;6;22.42
1990-06-04;18.89;6;18.89
1990-06-05;17.11;6;17.11
1990-06-06;15.7;6;15.7
1990-06-07;19.31;6;19.31
1990-06-08;18.77;6;18.77
1990-06-09;16.51;6;16.51
1990-06-10;34.66;6;34.66
1990-06-11;62.42;6;62.42
1990-06-12;38.02;6;38.02
1990-06-13;29.82;6;29.82
1990-06-14;30.82;6;30.82
1990-06-15;36.85;6;36.85
1990-06-16;49.99;6;49.99
1990-06-17;32.05;6;32.05
1990-06-18;24.45;6;24.45
1990-06-19;21.16;6;21.16
1990-06-20;24.54;6;24.54
1990-06-21;23.24;6;23.24
1990-06-22;20.09;6;20.09
1990-06-23;20.13;6;20.13
1990-06-24;17.99;6;17.99
1990-06-25;15.4;6;15.4
1990-06-26;17.89;6;17.89
1990-06-27;18.56;6;18.56
1990-06-28;31.5;6;31.5
1990-06-29;31.15;6;31.15
1990-06-30;30.87;6;30.87
1990-07-01;28.92;7;28.92
1990-07-02;24.35;7;24.35
1990-07-03;20.04;7;20.04
1990-07-04;17.45;7;17.45
1990-07-05;15.72;7;15.72
1990-07-06;20.61;7;20.61
1990-07-07;19.76;7;19.76
1990-07-08;16.01;7;16.01
1990-07-09;14.57;7;14.57
1990-07-10;12.77;7;12.77
1990-07-11;12.95;7;12.95
1990-07-12;13.53;7;13.53
1990-07-13;12.6;7;12.6
1990-07-14;12.07;7;12.07
1990-07-15;12.91;7;12.91
1990-07-16;75.25;7;75.25
1990-07-17;52.75;7;52.75
1990-07-18;34.75;7;34.75
1990-07-19;29.52;7;29.52
1990-07-20;24.67;7;24.67
1990-07-21;22.37;7;22.37
1990-07-22;25.81;7;25.81
1990-07-23;26.65;7;26.65
1990-07-24;33.23;7;33.23
1990-07-25;21.88;7;21.88
1990-07-26;20.37;7;20.37
1990-07-27;24.65;7;24.65
1990-07-28;51.8;7;51.8
1990-07-29;37.47;7;37.47
1990-07-30;35.98;7;35.98
1990-07-31;38.65;7;38.65
1990-08-01;28.21;8;28.21
1990-08-02;24.92;8;24.92
1990-08-03;25.69;8;25.69
1990-08-04;28.22;8;28.22
1990-08-05;22.91;8;22.91
1990-08-06;21.12;8;21.12
1990-08-07;26.47;8;26.47
1990-08-08;32.27;8;32.27
1990-08-09;22.05;8;22.05
1990-08-10;49.83;8;49.83
1990-08-11;32.12;8;32.12
1990-08-12;27.05;8;27.05
1990-08-13;37.19;8;37.19
1990-08-14;37.94;8;37.94
1990-08-15;28.21;8;28.21
1990-08-16;28.66;8;28.66
1990-08-17;32.03;8;32.03
1990-08-18;51.63;8;51.63
1990-08-19;40.94;8;40.94
1990-08-20;39.28;8;39.28
1990-08-21;35.46;8;35.46
1990-08-22;32.27;8;32.27
1990-08-23;26.47;8;26.47
1990-08-24;29.13;8;29.13
1990-08-25;24.04;8;24.04
1990-08-26;23.77;8;23.77
1990-08-27;21.85;8;21.85
1990-08-28;62.87;8;62.87
1990-08-29;76.37;8;76.37
1990-08-30;50.25;8;50.25
1990-08-31;41.0;8;41.0
1990-09-01;33.25;9;33.25
1990-09-02;33.25;9;33.25
1990-09-03;33.25;9;33.25
1990-09-04;29.37;9;29.37
1990-09-05;25.5;9;25.5
1990-09-06;19.75;9;19.75
1990-09-07;19.75;9;19.75
1990-09-08;19.75;9;19.75
1990-09-09;19.75;9;19.75
1990-09-10;14.0;9;14.0
1990-09-11;19.75;9;19.75
1990-09-12;19.75;9;19.75
1990-09-13;19.75;9;19.75
1990-09-14;19.09;9;19.09
1990-09-15;16.3;9;16.3
1990-09-16;16.16;9;16.16
1990-09-17;14.12;9;14.12
1990-09-18;13.65;9;13.65
1990-09-19;13.47;9;13.47
1990-09-20;15.57;9;15.57
1990-09-21;32.89;9;32.89
1990-09-22;23.02;9;23.02
1990-09-23;24.57;9;24.57
1990-09-24;22.95;9;22.95
1990-09-25;16.32;9;16.32
1990-09-26;16.05;9;16.05
1990-09-27;16.23;9;16.23
1990-09-28;13.47;9;13.47
1990-09-29;12.95;9;12.95
1990-09-30;12.42;9;12.42
1990-10-01;12.25;10;12.25
1990-10-02;12.42;10;12.42
1990-10-03;12.95;10;12.95
1990-10-04;14.31;10;14.31
1990-10-05;14.93;10;14.93
1990-10-06;18.42;10;18.42
1990-10-07;21.46;10;21.46
1990-10-08;20.55;10;20.55
1990-10-09;18.55;10;18.55
1990-10-10;16.95;10;16.95
1990-10-11;16.87;10;16.87
1990-10-12;40.39;10;40.39
1990-10-13;21.27;10;21.27
1990-10-14;19.31;10;19.31
1990-10-15;14.39;10;14.39
1990-10-16;12.95;10;12.95
1990-10-17;12.94;10;12.94
1990-10-18;12.67;10;12.67
1990-10-19;14.79;10;14.79
1990-10-20;20.81;10;20.81
1990-10-21;50.85;10;50.85
1990-10-22;28.46;10;28.46
1990-10-23;22.69;10;22.69
1990-10-24;22.33;10;22.33
1990-10-25;31.36;10;31.36
1990-10-26;33.95;10;33.95
1990-10-27;29.17;10;29.17
1990-10-28;33.86;10;33.86
1990-10-29;44.62;10;44.62
1990-10-30;43.11;10;43.11
1990-10-31;28.26;10;28.26
1990-11-01;26.6;11;26.6
1990-11-02;26.97;11;26.97
1990-11-03;27.61;11;27.61
1990-11-04;37.32;11;37.32
1990-11-05;31.09;11;31.09
1990-11-06;25.75;11;25.75
1990-11-07;22.67;11;22.67
1990-11-08;19.75;11;19.75
1990-11-09;19.8;11;19.8
1990-11-10;19.77;11;19.77
1990-11-11;18.66;11;18.66
1990-11-12;16.3;11;16.3
1990-11-13;16.65;11;16.65
1990-11-14;16.99;11;16.99
1990-11-15;20.54;11;20.54
1990-11-16;18.02;11;18.02
1990-11-17;16.44;11;16.44
1990-11-18;19.65;11;19.65
1990-11-19;30.76;11;30.76
1990-11-20;20.21;11;20.21
1990-11-21;18.42;11;18.42
1990-11-22;19.8;11;19.8
1990-11-23;19.08;11;19.08
1990-11-24;16.44;11;16.44
1990-11-25;18.17;11;18.17
1990-11-26;16.3;11;16.3
1990-11-27;14.29;11;14.29
1990-11-28;14.96;11;14.96
1990-11-29;16.04;11;16.04
1990-11-30;17.08;11;17.08
1990-12-01;13.47;12;13.47
1990-12-02;12.95;12;12.95
1990-12-03;15.74;12;15.74
1990-12-04;13.65;12;13.65
1990-12-05;13.87;12;13.87
1990-12-06;19.31;12;19.31
1990-12-07;17.86;12;17.86
1990-12-08;23.74;12;23.74
1990-12-09;21.47;12;21.47
1990-12-10;16.9;12;16.9
1990-12-11;14.33;12;14.33
1990-12-12;13.65;12;13.65
1990-12-13;12.07;12;12.07
1990-12-14;11.91;12;11.91
1990-12-15;11.02;12;11.02
1990-12-16;11.48;12;11.48
1990-12-17;12.42;12;12.42
1990-12-18;11.55;12;11.55
1990-12-19;10.85;12;10.85
1990-12-20;10.15;12;10.15
1990-12-21;9.62;12;9.62
1990-12-22;9.27;12;9.27
1990-12-23;9.01;12;9.01
1990-12-24;8.57;12;8.57
1990-12-25;8.4;12;8.4
1990-12-26;8.4;12;8.4
1990-12-27;8.93;12;8.93
1990-12-28;8.92;12;8.92
1990-12-29;11.48;12;11.48
1990-12-30;14.48;12;14.48
1990-12-31;10.32;12;10.32
1991-01-01;10.2;1;10.2
1991-01-02;14.05;1;14.05
1991-01-03;11.02;1;11.02
1991-01-04;9.8;1;9.8
1991-01-05;8.93;1;8.93
1991-01-06;8.92;1;8.92
1991-01-07;8.93;1;8.93
1991-01-08;9.86;1;9.86
1991-01-09;9.27;1;9.27
1991-01-10;8.92;1;8.92
1991-01-11;8.75;1;8.75
1991-01-12;8.57;1;8.57
1991-01-13;6.81;1;6.81
1991-01-14;6.63;1;6.63
1991-01-15;6.63;1;6.63
1991-01-16;6.82;1;6.82
1991-01-17;7.52;1;7.52
1991-01-18;6.72;1;6.72
1991-01-19;6.63;1;6.63
1991-01-20;6.45;1;6.45
1991-01-21;6.35;1;6.35
1991-01-22;6.35;1;6.35
1991-01-23;6.26;1;6.26
1991-01-24;6.26;1;6.26
1991-01-25;6.35;1;6.35
1991-01-26;6.35;1;6.35
1991-01-27;6.45;1;6.45
1991-01-28;6.54;1;6.54
1991-01-29;6.35;1;6.35
1991-01-30;6.26;1;6.26
1991-01-31;6.17;1;6.17
1991-02-01;5.34;2;5.34
1991-02-02;5.34;2;5.34
1991-02-03;5.34;2;5.34
1991-02-04;5.34;2;5.34
1991-02-05;5.34;2;5.34
1991-02-06;5.34;2;5.34
1991-02-07;5.34;2;5.34
1991-02-08;5.34;2;5.34
1991-02-09;5.34;2;5.34
1991-02-10;5.52;2;5.52
1991-02-11;6.07;2;6.07
1991-02-12;5.89;2;5.89
1991-02-13;5.89;2;5.89
1991-02-14;5.71;2;5.71
1991-02-15;5.71;2;5.71
1991-02-16;5.8;2;5.8
1991-02-17;5.98;2;5.98
1991-02-18;5.98;2;5.98
1991-02-19;5.89;2;5.89
1991-02-20;5.89;2;5.89
1991-02-21;5.71;2;5.71
1991-02-22;5.8;2;5.8
1991-02-23;5.8;2;5.8
1991-02-24;7.32;2;7.32
1991-02-25;17.16;2;17.16
1991-02-26;12.64;2;12.64
1991-02-27;8.17;2;8.17
1991-02-28;11.4;2;11.4
1991-03-01;15.16;3;15.16
1991-03-02;8.83;3;8.83
1991-03-03;7.87;3;7.87
1991-03-04;8.49;3;8.49
1991-03-05;16.25;3;16.25
1991-03-06;15.03;3;15.03
1991-03-07;11.8;3;11.8
1991-03-08;14.14;3;14.14
1991-03-09;13.03;3;13.03
1991-03-10;18.7;3;18.7
1991-03-11;18.04;3;18.04
1991-03-12;30.1;3;30.1
1991-03-13;46.54;3;46.54
1991-03-14;27.34;3;27.34
1991-03-15;16.4;3;16.4
1991-03-16;12.42;3;12.42
1991-03-17;10.85;3;10.85
1991-03-18;9.1;3;9.1
1991-03-19;8.57;3;8.57
1991-03-20;8.05;3;8.05
1991-03-21;7.35;3;7.35
1991-03-22;7.0;3;7.0
1991-03-23;8.74;3;8.74
1991-03-24;7.7;3;7.7
1991-03-25;7.0;3;7.0
1991-03-26;7.0;3;7.0
1991-03-27;7.18;3;7.18
1991-03-28;6.07;3;6.07
1991-03-29;6.07;3;6.07
1991-03-30;6.07;3;6.07
1991-03-31;4.97;3;4.97
1991-04-01;6.54;4;6.54
1991-04-02;6.45;4;6.45
1991-04-03;6.26;4;6.26
1991-04-04;6.07;4;6.07
1991-04-05;6.07;4;6.07
1991-04-06;6.45;4;6.45
1991-04-07;6.07;4;6.07
1991-04-08;6.07;4;6.07
1991-04-09;6.07;4;6.07
1991-04-10;7.0;4;7.0
1991-04-11;16.87;4;16.87
1991-04-12;8.75;4;8.75
1991-04-13;10.5;4;10.5
1991-04-14;7.0;4;7.0
1991-04-15;10.5;4;10.5
1991-04-16;10.5;4;10.5
1991-04-17;7.0;4;7.0
1991-04-18;8.75;4;8.75
1991-04-19;13.28;4;13.28
1991-04-20;13.74;4;13.74
1991-04-21;18.33;4;18.33
1991-04-22;23.27;4;23.27
1991-04-23;54.32;4;54.32
1991-04-24;24.6;4;24.6
1991-04-25;16.06;4;16.06
1991-04-26;12.95;4;12.95
1991-04-27;11.9;4;11.9
1991-04-28;11.37;4;11.37
1991-04-29;10.5;4;10.5
1991-04-30;10.85;4;10.85
1991-05-01;11.66;5;11.66
1991-05-02;11.35;5;11.35
1991-05-03;11.97;5;11.97
1991-05-04;15.13;5;15.13
1991-05-05;11.02;5;11.02
1991-05-06;10.85;5;10.85
1991-05-07;10.32;5;10.32
1991-05-08;9.63;5;9.63
1991-05-09;9.1;5;9.1
1991-05-10;11.08;5;11.08
1991-05-11;33.91;5;33.91
1991-05-12;20.72;5;20.72
1991-05-13;17.33;5;17.33
1991-05-14;13.73;5;13.73
1991-05-15;12.45;5;12.45
1991-05-16;18.83;5;18.83
1991-05-17;20.23;5;20.23
1991-05-18;14.94;5;14.94
1991-05-19;12.6;5;12.6
1991-05-20;20.08;5;20.08
1991-05-21;41.79;5;41.79
1991-05-22;42.77;5;42.77
1991-05-23;23.3;5;23.3
1991-05-24;17.74;5;17.74
1991-05-25;14.61;5;14.61
1991-05-26;15.06;5;15.06
1991-05-27;15.79;5;15.79
1991-05-28;13.3;5;13.3
1991-05-29;13.56;5;13.56
1991-05-30;12.42;5;12.42
1991-05-31;11.46;5;11.46
1991-06-01;10.68;6;10.68
1991-06-02;9.8;6;9.8
1991-06-03;9.27;6;9.27
1991-06-04;8.75;6;8.75
1991-06-05;9.19;6;9.19
1991-06-06;9.63;6;9.63
1991-06-07;10.04;6;10.04
1991-06-08;8.75;6;8.75
1991-06-09;8.4;6;8.4
1991-06-10;16.78;6;16.78
1991-06-11;15.37;6;15.37
1991-06-12;12.99;6;12.99
1991-06-13;12.97;6;12.97
1991-06-14;42.88;6;42.88
1991-06-15;20.3;6;20.3
1991-06-16;14.56;6;14.56
1991-06-17;25.79;6;25.79
1991-06-18;23.36;6;23.36
1991-06-19;18.02;6;18.02
1991-06-20;16.01;6;16.01
1991-06-21;14.12;6;14.12
1991-06-22;13.12;6;13.12
1991-06-23;18.82;6;18.82
1991-06-24;30.63;6;30.63
1991-06-25;24.45;6;24.45
1991-06-26;21.98;6;21.98
1991-06-27;18.44;6;18.44
1991-06-28;19.17;6;19.17
1991-06-29;23.3;6;23.3
1991-06-30;28.62;6;28.62
1991-07-01;26.8;7;26.8
1991-07-02;27.91;7;27.91
1991-07-03;29.91;7;29.91
1991-07-04;38.34;7;38.34
1991-07-05;28.29;7;28.29
1991-07-06;23.6;7;23.6
1991-07-07;22.37;7;22.37
1991-07-08;22.42;7;22.42
1991-07-09;24.91;7;24.91
1991-07-10;39.69;7;39.69
1991-07-11;62.81;7;62.81
1991-07-12;59.45;7;59.45
1991-07-13;35.8;7;35.8
1991-07-14;33.75;7;33.75
1991-07-15;31.79;7;31.79
1991-07-16;47.2;7;47.2
1991-07-17;33.38;7;33.38
1991-07-18;30.33;7;30.33
1991-07-19;26.77;7;26.77
1991-07-20;24.34;7;24.34
1991-07-21;29.08;7;29.08
1991-07-22;24.59;7;24.59
1991-07-23;21.61;7;21.61
1991-07-24;20.46;7;20.46
1991-07-25;22.77;7;22.77
1991-07-26;39.75;7;39.75
1991-07-27;25.53;7;25.53
1991-07-28;20.45;7;20.45
1991-07-29;19.0;7;19.0
1991-07-30;24.47;7;24.47
1991-07-31;32.86;7;32.86
1991-08-01;28.22;8;28.22
1991-08-02;28.05;8;28.05
1991-08-03;27.03;8;27.03
1991-08-04;32.74;8;32.74
1991-08-05;26.14;8;26.14
1991-08-06;23.06;8;23.06
1991-08-07;33.39;8;33.39
1991-08-08;36.95;8;36.95
1991-08-09;24.81;8;24.81
1991-08-10;28.09;8;28.09
1991-08-11;23.34;8;23.34
1991-08-12;28.94;8;28.94
1991-08-13;37.67;8;37.67
1991-08-14;46.87;8;46.87
1991-08-15;40.05;8;40.05
1991-08-16;38.29;8;38.29
1991-08-17;33.29;8;33.29
1991-08-18;34.18;8;34.18
1991-08-19;35.56;8;35.56
1991-08-20;39.9;8;39.9
1991-08-21;32.69;8;32.69
1991-08-22;28.99;8;28.99
1991-08-23;34.16;8;34.16
1991-08-24;33.78;8;33.78
1991-08-25;31.6;8;31.6
1991-08-26;24.87;8;24.87
1991-08-27;22.77;8;22.77
1991-08-28;26.92;8;26.92
1991-08-29;24.32;8;24.32
1991-08-30;21.03;8;21.03
1991-08-31;20.74;8;20.74
1991-09-01;26.73;9;26.73
1991-09-02;21.32;9;21.32
1991-09-03;18.99;9;18.99
1991-09-04;18.4;9;18.4
1991-09-05;23.49;9;23.49
1991-09-06;66.16;9;66.16
1991-09-07;36.72;9;36.72
1991-09-08;29.62;9;29.62
1991-09-09;44.21;9;44.21
1991-09-10;31.5;9;31.5
1991-09-11;23.44;9;23.44
1991-09-12;22.4;9;22.4
1991-09-13;20.16;9;20.16
1991-09-14;19.29;9;19.29
1991-09-15;21.09;9;21.09
1991-09-16;21.96;9;21.96
1991-09-17;35.82;9;35.82
1991-09-18;26.0;9;26.0
1991-09-19;19.57;9;19.57
1991-09-20;17.18;9;17.18
1991-09-21;15.4;9;15.4
1991-09-22;14.8;9;14.8
1991-09-23;14.35;9;14.35
1991-09-24;29.01;9;29.01
1991-09-25;27.14;9;27.14
1991-09-26;24.43;9;24.43
1991-09-27;29.38;9;29.38
1991-09-28;19.7;9;19.7
1991-09-29;17.2;9;17.2
1991-09-30;14.47;9;14.47
1991-10-01;13.6;10;13.6
1991-10-02;12.83;10;12.83
1991-10-03;12.66;10;12.66
1991-10-04;11.99;10;11.99
1991-10-05;11.2;10;11.2
1991-10-06;11.96;10;11.96
1991-10-07;12.17;10;12.17
1991-10-08;18.09;10;18.09
1991-10-09;18.84;10;18.84
1991-10-10;19.57;10;19.57
1991-10-11;15.7;10;15.7
1991-10-12;13.35;10;13.35
1991-10-13;20.76;10;20.76
1991-10-14;20.21;10;20.21
1991-10-15;17.54;10;17.54
1991-10-16;32.33;10;32.33
1991-10-17;21.74;10;21.74
1991-10-18;36.59;10;36.59
1991-10-19;20.76;10;20.76
1991-10-20;17.5;10;17.5
1991-10-21;14.5;10;14.5
1991-10-22;17.15;10;17.15
1991-10-23;17.86;10;17.86
1991-10-24;12.65;10;12.65
1991-10-25;12.32;10;12.32
1991-10-26;11.64;10;11.64
1991-10-27;12.6;10;12.6
1991-10-28;12.18;10;12.18
1991-10-29;11.57;10;11.57
1991-10-30;13.44;10;13.44
1991-10-31;11.3;10;11.3
1991-11-01;10.28;11;10.28
1991-11-02;9.94;11;9.94
1991-11-03;9.6;11;9.6
1991-11-04;9.28;11;9.28
1991-11-05;11.2;11;11.2
1991-11-06;11.54;11;11.54
1991-11-07;12.43;11;12.43
1991-11-08;15.88;11;15.88
1991-11-09;31.19;11;31.19
1991-11-10;18.55;11;18.55
1991-11-11;17.92;11;17.92
1991-11-12;13.14;11;13.14
1991-11-13;11.64;11;11.64
1991-11-14;11.61;11;11.61
1991-11-15;11.34;11;11.34
1991-11-16;9.94;11;9.94
1991-11-17;9.8;11;9.8
1991-11-18;14.67;11;14.67
1991-11-19;11.32;11;11.32
1991-11-20;8.78;11;8.78
1991-11-21;8.11;11;8.11
1991-11-22;7.95;11;7.95
1991-11-23;8.12;11;8.12
1991-11-24;11.24;11;11.24
1991-11-25;27.69;11;27.69
1991-11-26;15.42;11;15.42
1991-11-27;15.79;11;15.79
1991-11-28;12.89;11;12.89
1991-11-29;11.98;11;11.98
1991-11-30;10.28;11;10.28
1991-12-01;9.94;12;9.94
1991-12-02;10.68;12;10.68
1991-12-03;11.64;12;11.64
1991-12-04;10.03;12;10.03
1991-12-05;10.85;12;10.85
1991-12-06;14.26;12;14.26
1991-12-07;9.94;12;9.94
1991-12-08;9.42;12;9.42
1991-12-09;8.6;12;8.6
1991-12-10;8.28;12;8.28
1991-12-11;7.68;12;7.68
1991-12-12;6.96;12;6.96
1991-12-13;6.96;12;6.96
1991-12-14;6.96;12;6.96
1991-12-15;6.63;12;6.63
1991-12-16;6.3;12;6.3
1991-12-17;6.95;12;6.95
1991-12-18;7.39;12;7.39
1991-12-19;6.78;12;6.78
1991-12-20;6.3;12;6.3
1991-12-21;5.95;12;5.95
1991-12-22;5.84;12;5.84
1991-12-23;5.84;12;5.84
1991-12-24;5.84;12;5.84
1991-12-25;5.61;12;5.61
1991-12-26;5.61;12;5.61
1991-12-27;7.08;12;7.08
1991-12-28;7.9;12;7.9
1991-12-29;6.18;12;6.18
1991-12-30;5.84;12;5.84
1991-12-31;5.61;12;5.61
1992-01-01;9.43;1;9.43
1992-01-02;8.76;1;8.76
1992-01-03;8.63;1;8.63
1992-01-04;8.57;1;8.57
1992-01-05;8.58;1;8.58
1992-01-06;8.57;1;8.57
1992-01-07;8.7;1;8.7
1992-01-08;8.45;1;8.45
1992-01-09;8.39;1;8.39
1992-01-10;8.33;1;8.33
1992-01-11;8.21;1;8.21
1992-01-12;7.9;1;7.9
1992-01-13;7.69;1;7.69
1992-01-14;7.61;1;7.61
1992-01-15;7.54;1;7.54
1992-01-16;7.47;1;7.47
1992-01-17;7.45;1;7.45
1992-01-18;7.48;1;7.48
1992-01-19;7.52;1;7.52
1992-01-20;7.48;1;7.48
1992-01-21;7.49;1;7.49
1992-01-22;7.4;1;7.4
1992-01-23;7.34;1;7.34
1992-01-24;7.41;1;7.41
1992-01-25;7.43;1;7.43
1992-01-26;7.4;1;7.4
1992-01-27;7.35;1;7.35
1992-01-28;7.35;1;7.35
1992-01-29;7.34;1;7.34
1992-01-30;7.35;1;7.35
1992-01-31;7.41;1;7.41
1992-02-01;7.18;2;7.18
1992-02-02;7.46;2;7.46
1992-02-03;7.17;2;7.17
1992-02-04;7.08;2;7.08
1992-02-05;7.05;2;7.05
1992-02-06;7.05;2;7.05
1992-02-07;7.05;2;7.05
1992-02-08;7.08;2;7.08
1992-02-09;7.38;2;7.38
1992-02-10;7.35;2;7.35
1992-02-11;7.14;2;7.14
1992-02-12;7.08;2;7.08
1992-02-13;7.11;2;7.11
1992-02-14;7.08;2;7.08
1992-02-15;7.11;2;7.11
1992-02-16;7.05;2;7.05
1992-02-17;7.08;2;7.08
1992-02-18;7.11;2;7.11
1992-02-19;7.08;2;7.08
1992-02-20;7.22;2;7.22
1992-02-21;7.11;2;7.11
1992-02-22;7.23;2;7.23
1992-02-23;7.29;2;7.29
1992-02-24;7.23;2;7.23
1992-02-25;7.17;2;7.17
1992-02-26;7.08;2;7.08
1992-02-27;7.02;2;7.02
1992-02-28;6.99;2;6.99
1992-02-29;6.99;2;6.99
1992-03-01;6.67;3;6.67
1992-03-02;7.11;3;7.11
1992-03-03;7.05;3;7.05
1992-03-04;7.05;3;7.05
1992-03-05;6.99;3;6.99
1992-03-06;6.96;3;6.96
1992-03-07;6.99;3;6.99
1992-03-08;6.93;3;6.93
1992-03-09;6.93;3;6.93
1992-03-10;7.02;3;7.02
1992-03-11;6.99;3;6.99
1992-03-12;6.93;3;6.93
1992-03-13;6.93;3;6.93
1992-03-14;6.93;3;6.93
1992-03-15;6.93;3;6.93
1992-03-16;6.93;3;6.93
1992-03-17;6.93;3;6.93
1992-03-18;6.87;3;6.87
1992-03-19;6.93;3;6.93
1992-03-20;6.87;3;6.87
1992-03-21;6.74;3;6.74
1992-03-22;6.74;3;6.74
1992-03-23;7.11;3;7.11
1992-03-24;7.11;3;7.11
1992-03-25;7.11;3;7.11
1992-03-26;7.11;3;7.11
1992-03-27;7.11;3;7.11
1992-03-28;7.11;3;7.11
1992-03-29;7.11;3;7.11
1992-03-30;7.11;3;7.11
1992-03-31;7.11;3;7.11
1992-04-01;7.11;4;7.11
1992-04-02;7.11;4;7.11
1992-04-03;7.11;4;7.11
1992-04-04;7.11;4;7.11
1992-04-05;7.11;4;7.11
1992-04-06;7.11;4;7.11
1992-04-07;7.11;4;7.11
1992-04-08;7.41;4;7.41
1992-04-09;7.41;4;7.41
1992-04-10;7.6;4;7.6
1992-04-11;7.6;4;7.6
1992-04-12;7.41;4;7.41
1992-04-13;7.41;4;7.41
1992-04-14;7.41;4;7.41
1992-04-15;7.11;4;7.11
1992-04-16;7.54;4;7.54
1992-04-17;7.54;4;7.54
1992-04-18;7.54;4;7.54
1992-04-19;7.54;4;7.54
1992-04-20;7.48;4;7.48
1992-04-21;7.6;4;7.6
1992-04-22;7.6;4;7.6
1992-04-23;7.6;4;7.6
1992-04-24;7.72;4;7.72
1992-04-25;7.72;4;7.72
1992-04-26;7.72;4;7.72
1992-04-27;10.16;4;10.16
1992-04-28;10.16;4;10.16
1992-04-29;7.72;4;7.72
1992-04-30;7.72;4;7.72
1992-05-01;7.48;5;7.48
1992-05-02;7.6;5;7.6
1992-05-03;7.11;5;7.11
1992-05-04;7.11;5;7.11
1992-05-05;7.11;5;7.11
1992-05-06;7.11;5;7.11
1992-05-07;7.41;5;7.41
1992-05-08;7.72;5;7.72
1992-05-09;7.6;5;7.6
1992-05-10;7.48;5;7.48
1992-05-11;7.41;5;7.41
1992-05-12;7.54;5;7.54
1992-05-13;7.72;5;7.72
1992-05-14;10.16;5;10.16
1992-05-15;7.72;5;7.72
1992-05-16;13.0;5;13.0
1992-05-17;13.0;5;13.0
1992-05-18;10.16;5;10.16
1992-05-19;10.16;5;10.16
1992-05-20;18.78;5;18.78
1992-05-21;18.17;5;18.17
1992-05-22;60.53;5;60.53
1992-05-23;23.89;5;23.89
1992-05-24;23.89;5;23.89
1992-05-25;19.8;5;19.8
1992-05-26;18.93;5;18.93
1992-05-27;16.34;5;16.34
1992-05-28;13.84;5;13.84
1992-05-29;11.58;5;11.58
1992-05-30;8.94;5;8.94
1992-05-31;7.72;5;7.72
1992-06-01;7.72;6;7.72
1992-06-02;13.0;6;13.0
1992-06-03;11.3;6;11.3
1992-06-04;11.58;6;11.58
1992-06-05;7.72;6;7.72
1992-06-06;7.72;6;7.72
1992-06-07;9.67;6;9.67
1992-06-08;7.72;6;7.72
1992-06-09;7.72;6;7.72
1992-06-10;7.72;6;7.72
1992-06-11;7.29;6;7.29
1992-06-12;8.94;6;8.94
1992-06-13;10.16;6;10.16
1992-06-14;7.72;6;7.72
1992-06-15;7.72;6;7.72
1992-06-16;13.0;6;13.0
1992-06-17;7.72;6;7.72
1992-06-18;10.04;6;10.04
1992-06-19;9.67;6;9.67
1992-06-20;11.76;6;11.76
1992-06-21;16.82;6;16.82
1992-06-22;12.01;6;12.01
1992-06-23;10.16;6;10.16
1992-06-24;11.58;6;11.58
1992-06-25;11.86;6;11.86
1992-06-26;11.15;6;11.15
1992-06-27;23.23;6;23.23
1992-06-28;33.69;6;33.69
1992-06-29;22.87;6;22.87
1992-06-30;19.8;6;19.8
1992-07-01;15.51;7;15.51
1992-07-02;18.07;7;18.07
1992-07-03;18.07;7;18.07
1992-07-04;19.8;7;19.8
1992-07-05;19.8;7;19.8
1992-07-06;23.89;7;23.89
1992-07-07;23.89;7;23.89
1992-07-08;23.89;7;23.89
1992-07-09;46.49;7;46.49
1992-07-10;46.49;7;46.49
1992-07-11;37.41;7;37.41
1992-07-12;28.13;7;28.13
1992-07-13;46.49;7;46.49
1992-07-14;32.45;7;32.45
1992-07-15;32.45;7;32.45
1992-07-16;28.13;7;28.13
1992-07-17;28.13;7;28.13
1992-07-18;23.89;7;23.89
1992-07-19;23.89;7;23.89
1992-07-20;32.45;7;32.45
1992-07-21;28.13;7;28.13
1992-07-22;41.95;7;41.95
1992-07-23;51.17;7;51.17
1992-07-24;32.45;7;32.45
1992-07-25;32.45;7;32.45
1992-07-26;37.41;7;37.41
1992-07-27;34.93;7;34.93
1992-07-28;37.41;7;37.41
1992-07-29;37.41;7;37.41
1992-07-30;60.24;7;60.24
1992-07-31;37.41;7;37.41
1992-08-01;46.49;8;46.49
1992-08-02;88.34;8;88.34
1992-08-03;60.24;8;60.24
1992-08-04;41.95;8;41.95
1992-08-05;78.97;8;78.97
1992-08-06;55.71;8;55.71
1992-08-07;60.24;8;60.24
1992-08-08;51.17;8;51.17
1992-08-09;37.41;8;37.41
1992-08-10;32.45;8;32.45
1992-08-11;37.41;8;37.41
1992-08-12;46.49;8;46.49
1992-08-13;37.41;8;37.41
1992-08-14;32.45;8;32.45
1992-08-15;33.69;8;33.69
1992-08-16;29.86;8;29.86
1992-08-17;23.89;8;23.89
1992-08-18;23.89;8;23.89
1992-08-19;21.44;8;21.44
1992-08-20;19.45;8;19.45
1992-08-21;19.8;8;19.8
1992-08-22;19.64;8;19.64
1992-08-23;45.12;8;45.12
1992-08-24;36.17;8;36.17
1992-08-25;23.89;8;23.89
1992-08-26;23.89;8;23.89
1992-08-27;32.45;8;32.45
1992-08-28;23.89;8;23.89
1992-08-29;19.8;8;19.8
1992-08-30;19.8;8;19.8
1992-08-31;37.41;8;37.41
1992-09-01;48.75;9;48.75
1992-09-02;30.29;9;30.29
1992-09-03;23.89;9;23.89
1992-09-04;21.84;9;21.84
1992-09-05;19.8;9;19.8
1992-09-06;23.89;9;23.89
1992-09-07;41.95;9;41.95
1992-09-08;21.84;9;21.84
1992-09-09;19.8;9;19.8
1992-09-10;19.8;9;19.8
1992-09-11;16.34;9;16.34
1992-09-12;16.34;9;16.34
1992-09-13;16.34;9;16.34
1992-09-14;13.0;9;13.0
1992-09-15;13.0;9;13.0
1992-09-16;16.34;9;16.34
1992-09-17;15.67;9;15.67
1992-09-18;15.0;9;15.0
1992-09-19;13.0;9;13.0
1992-09-20;13.0;9;13.0
1992-09-21;13.0;9;13.0
1992-09-22;13.0;9;13.0
1992-09-23;13.0;9;13.0
1992-09-24;14.67;9;14.67
1992-09-25;16.34;9;16.34
1992-09-26;18.07;9;18.07
1992-09-27;19.22;9;19.22
1992-09-28;22.64;9;22.64
1992-09-29;19.35;9;19.35
1992-09-30;17.88;9;17.88
1992-10-01;17.54;10;17.54
1992-10-02;17.28;10;17.28
1992-10-03;16.86;10;16.86
1992-10-04;16.25;10;16.25
1992-10-05;15.76;10;15.76
1992-10-06;16.25;10;16.25
1992-10-07;18.77;10;18.77
1992-10-08;18.01;10;18.01
1992-10-09;16.86;10;16.86
1992-10-10;18.57;10;18.57
1992-10-11;16.68;10;16.68
1992-10-12;16.0;10;16.0
1992-10-13;15.49;10;15.49
1992-10-14;15.07;10;15.07
1992-10-15;14.75;10;14.75
1992-10-16;14.84;10;14.84
1992-10-17;14.9;10;14.9
1992-10-18;16.06;10;16.06
1992-10-19;15.81;10;15.81
1992-10-20;16.88;10;16.88
1992-10-21;16.92;10;16.92
1992-10-22;15.33;10;15.33
1992-10-23;14.73;10;14.73
1992-10-24;15.66;10;15.66
1992-10-25;19.64;10;19.64
1992-10-26;16.14;10;16.14
1992-10-27;22.23;10;22.23
1992-10-28;18.51;10;18.51
1992-10-29;16.93;10;16.93
1992-10-30;15.91;10;15.91
1992-10-31;15.25;10;15.25
1992-11-01;14.33;11;14.33
1992-11-02;13.83;11;13.83
1992-11-03;13.0;11;13.0
1992-11-04;13.51;11;13.51
1992-11-05;13.18;11;13.18
1992-11-06;13.26;11;13.26
1992-11-07;14.5;11;14.5
1992-11-08;13.5;11;13.5
1992-11-09;12.79;11;12.79
1992-11-10;12.43;11;12.43
1992-11-11;11.86;11;11.86
1992-11-12;11.86;11;11.86
1992-11-13;12.84;11;12.84
1992-11-14;14.41;11;14.41
1992-11-15;16.48;11;16.48
1992-11-16;14.97;11;14.97
1992-11-17;14.23;11;14.23
1992-11-18;16.05;11;16.05
1992-11-19;17.68;11;17.68
1992-11-20;12.97;11;12.97
1992-11-21;12.43;11;12.43
1992-11-22;11.72;11;11.72
1992-11-23;11.72;11;11.72
1992-11-24;11.3;11;11.3
1992-11-25;10.87;11;10.87
1992-11-26;11.53;11;11.53
1992-11-27;13.33;11;13.33
1992-11-28;12.93;11;12.93
1992-11-29;15.73;11;15.73
1992-11-30;14.32;11;14.32
1992-12-01;13.09;12;13.09
1992-12-02;12.91;12;12.91
1992-12-03;12.17;12;12.17
1992-12-04;11.41;12;11.41
1992-12-05;10.94;12;10.94
1992-12-06;10.65;12;10.65
1992-12-07;10.37;12;10.37
1992-12-08;9.78;12;9.78
1992-12-09;9.36;12;9.36
1992-12-10;9.43;12;9.43
1992-12-11;9.43;12;9.43
1992-12-12;9.79;12;9.79
1992-12-13;11.42;12;11.42
1992-12-14;10.44;12;10.44
1992-12-15;9.37;12;9.37
1992-12-16;9.18;12;9.18
1992-12-17;9.3;12;9.3
1992-12-18;9.12;12;9.12
1992-12-19;8.7;12;8.7
1992-12-20;8.7;12;8.7
1992-12-21;8.7;12;8.7
1992-12-22;8.7;12;8.7
1992-12-23;8.64;12;8.64
1992-12-24;8.63;12;8.63
1992-12-25;8.21;12;8.21
1992-12-26;8.21;12;8.21
1992-12-27;8.21;12;8.21
1992-12-28;8.21;12;8.21
1992-12-29;8.21;12;8.21
1992-12-30;8.21;12;8.21
1992-12-31;8.21;12;8.21
1993-01-01;7.72;1;7.72
1993-01-02;7.72;1;7.72
1993-01-03;7.72;1;7.72
1993-01-04;7.72;1;7.72
1993-01-05;7.72;1;7.72
1993-01-06;7.72;1;7.72
1993-01-07;8.21;1;8.21
1993-01-08;9.41;1;9.41
1993-01-09;8.82;1;8.82
1993-01-10;8.56;1;8.56
1993-01-11;8.08;1;8.08
1993-01-12;7.72;1;7.72
1993-01-13;7.72;1;7.72
1993-01-14;7.69;1;7.69
1993-01-15;7.6;1;7.6
1993-01-16;7.6;1;7.6
1993-01-17;7.69;1;7.69
1993-01-18;8.49;1;8.49
1993-01-19;8.14;1;8.14
1993-01-20;7.69;1;7.69
1993-01-21;7.6;1;7.6
1993-01-22;7.6;1;7.6
1993-01-23;7.6;1;7.6
1993-01-24;7.6;1;7.6
1993-01-25;7.48;1;7.48
1993-01-26;7.48;1;7.48
1993-01-27;7.48;1;7.48
1993-01-28;7.48;1;7.48
1993-01-29;7.82;1;7.82
1993-01-30;7.84;1;7.84
1993-01-31;7.69;1;7.69
1993-02-01;7.66;2;7.66
1993-02-02;8.4;2;8.4
1993-02-03;7.69;2;7.69
1993-02-04;7.6;2;7.6
1993-02-05;7.56;2;7.56
1993-02-06;7.48;2;7.48
1993-02-07;7.48;2;7.48
1993-02-08;7.66;2;7.66
1993-02-09;8.55;2;8.55
1993-02-10;7.81;2;7.81
1993-02-11;7.56;2;7.56
1993-02-12;7.48;2;7.48
1993-02-13;7.48;2;7.48
1993-02-14;7.48;2;7.48
1993-02-15;7.41;2;7.41
1993-02-16;7.34;2;7.34
1993-02-17;7.29;2;7.29
1993-02-18;7.29;2;7.29
1993-02-19;7.28;2;7.28
1993-02-20;7.23;2;7.23
1993-02-21;7.23;2;7.23
1993-02-22;7.23;2;7.23
1993-02-23;7.23;2;7.23
1993-02-24;7.23;2;7.23
1993-02-25;7.23;2;7.23
1993-02-26;7.23;2;7.23
1993-02-27;7.22;2;7.22
1993-02-28;7.17;2;7.17
1993-03-01;7.17;3;7.17
1993-03-02;7.18;3;7.18
1993-03-03;7.11;3;7.11
1993-03-04;7.11;3;7.11
1993-03-05;7.11;3;7.11
1993-03-06;7.11;3;7.11
1993-03-07;7.11;3;7.11
1993-03-08;7.11;3;7.11
1993-03-09;7.14;3;7.14
1993-03-10;7.23;3;7.23
1993-03-11;9.6;3;9.6
1993-03-12;10.49;3;10.49
1993-03-13;8.86;3;8.86
1993-03-14;9.14;3;9.14
1993-03-15;9.19;3;9.19
1993-03-16;7.84;3;7.84
1993-03-17;7.63;3;7.63
1993-03-18;8.19;3;8.19
1993-03-19;7.65;3;7.65
1993-03-20;7.48;3;7.48
1993-03-21;7.46;3;7.46
1993-03-22;7.37;3;7.37
1993-03-23;7.35;3;7.35
1993-03-24;7.31;3;7.31
1993-03-25;7.29;3;7.29
1993-03-26;7.29;3;7.29
1993-03-27;7.25;3;7.25
1993-03-28;7.23;3;7.23
1993-03-29;7.77;3;7.77
1993-03-30;8.19;3;8.19
1993-03-31;7.72;3;7.72
1993-04-01;7.58;4;7.58
1993-04-02;7.44;4;7.44
1993-04-03;7.35;4;7.35
1993-04-04;7.35;4;7.35
1993-04-05;7.32;4;7.32
1993-04-06;7.23;4;7.23
1993-04-07;7.4;4;7.4
1993-04-08;7.43;4;7.43
1993-04-09;9.62;4;9.62
1993-04-10;8.05;4;8.05
1993-04-11;7.54;4;7.54
1993-04-12;7.48;4;7.48
1993-04-13;7.56;4;7.56
1993-04-14;9.85;4;9.85
1993-04-15;10.45;4;10.45
1993-04-16;17.17;4;17.17
1993-04-17;15.14;4;15.14
1993-04-18;13.58;4;13.58
1993-04-19;15.99;4;15.99
1993-04-20;17.04;4;17.04
1993-04-21;14.67;4;14.67
1993-04-22;25.63;4;25.63
1993-04-23;11.54;4;11.54
1993-04-24;11.85;4;11.85
1993-04-25;10.64;4;10.64
1993-04-26;9.61;4;9.61
1993-04-27;9.3;4;9.3
1993-04-28;8.98;4;8.98
1993-04-29;12.33;4;12.33
1993-04-30;13.42;4;13.42
1993-05-01;19.59;5;19.59
1993-05-02;22.29;5;22.29
1993-05-03;31.09;5;31.09
1993-05-04;27.33;5;27.33
1993-05-05;28.88;5;28.88
1993-05-06;21.27;5;21.27
1993-05-07;19.46;5;19.46
1993-05-08;19.95;5;19.95
1993-05-09;22.29;5;22.29
1993-05-10;27.17;5;27.17
1993-05-11;23.5;5;23.5
1993-05-12;20.45;5;20.45
1993-05-13;17.19;5;17.19
1993-05-14;17.05;5;17.05
1993-05-15;17.44;5;17.44
1993-05-16;15.83;5;15.83
1993-05-17;14.75;5;14.75
1993-05-18;29.67;5;29.67
1993-05-19;58.06;5;58.06
1993-05-20;41.96;5;41.96
1993-05-21;26.96;5;26.96
1993-05-22;21.4;5;21.4
1993-05-23;19.43;5;19.43
1993-05-24;17.19;5;17.19
1993-05-25;19.25;5;19.25
1993-05-26;37.08;5;37.08
1993-05-27;38.08;5;38.08
1993-05-28;35.27;5;35.27
1993-05-29;42.9;5;42.9
1993-05-30;28.08;5;28.08
1993-05-31;23.04;5;23.04
1993-06-01;20.6;6;20.6
1993-06-02;19.43;6;19.43
1993-06-03;18.04;6;18.04
1993-06-04;18.44;6;18.44
1993-06-05;18.96;6;18.96
1993-06-06;19.07;6;19.07
1993-06-07;19.43;6;19.43
1993-06-08;17.38;6;17.38
1993-06-09;16.84;6;16.84
1993-06-10;16.35;6;16.35
1993-06-11;25.84;6;25.84
1993-06-12;33.35;6;33.35
1993-06-13;49.31;6;49.31
1993-06-14;36.67;6;36.67
1993-06-15;29.98;6;29.98
1993-06-16;27.81;6;27.81
1993-06-17;24.71;6;24.71
1993-06-18;23.61;6;23.61
1993-06-19;24.41;6;24.41
1993-06-20;37.11;6;37.11
1993-06-21;27.87;6;27.87
1993-06-22;24.95;6;24.95
1993-06-23;24.74;6;24.74
1993-06-24;26.36;6;26.36
1993-06-25;24.79;6;24.79
1993-06-26;27.99;6;27.99
1993-06-27;40.53;6;40.53
1993-06-28;32.08;6;32.08
1993-06-29;30.77;6;30.77
1993-06-30;30.48;6;30.48
1993-07-01;50.1;7;50.1
1993-07-02;34.1;7;34.1
1993-07-03;29.39;7;29.39
1993-07-04;26.86;7;26.86
1993-07-05;30.08;7;30.08
1993-07-06;29.32;7;29.32
1993-07-07;33.42;7;33.42
1993-07-08;31.35;7;31.35
1993-07-09;34.61;7;34.61
1993-07-10;62.73;7;62.73
1993-07-11;35.09;7;35.09
1993-07-12;30.04;7;30.04
1993-07-13;32.2;7;32.2
1993-07-14;30.5;7;30.5
1993-07-15;28.96;7;28.96
1993-07-16;26.65;7;26.65
1993-07-17;25.8;7;25.8
1993-07-18;25.59;7;25.59
1993-07-19;24.95;7;24.95
1993-07-20;27.61;7;27.61
1993-07-21;35.16;7;35.16
1993-07-22;28.53;7;28.53
1993-07-23;25.57;7;25.57
1993-07-24;30.84;7;30.84
1993-07-25;28.53;7;28.53
1993-07-26;25.57;7;25.57
1993-07-27;23.49;7;23.49
1993-07-28;21.85;7;21.85
1993-07-29;21.44;7;21.44
1993-07-30;21.04;7;21.04
1993-07-31;21.37;7;21.37
1993-08-01;21.01;8;21.01
1993-08-02;21.03;8;21.03
1993-08-03;20.86;8;20.86
1993-08-04;22.27;8;22.27
1993-08-05;27.13;8;27.13
1993-08-06;25.2;8;25.2
1993-08-07;22.02;8;22.02
1993-08-08;20.5;8;20.5
1993-08-09;22.59;8;22.59
1993-08-10;24.31;8;24.31
1993-08-11;29.55;8;29.55
1993-08-12;27.88;8;27.88
1993-08-13;25.16;8;25.16
1993-08-14;22.65;8;22.65
1993-08-15;21.64;8;21.64
1993-08-16;21.61;8;21.61
1993-08-17;20.84;8;20.84
1993-08-18;21.1;8;21.1
1993-08-19;19.8;8;19.8
1993-08-20;19.43;8;19.43
1993-08-21;22.05;8;22.05
1993-08-22;19.61;8;19.61
1993-08-23;18.59;8;18.59
1993-08-24;18.73;8;18.73
1993-08-25;19.65;8;19.65
1993-08-26;21.45;8;21.45
1993-08-27;19.8;8;19.8
1993-08-28;19.8;8;19.8
1993-08-29;19.09;8;19.09
1993-08-30;18.04;8;18.04
1993-08-31;17.12;8;17.12
1993-09-01;16.34;9;16.34
1993-09-02;16.34;9;16.34
1993-09-03;16.9;9;16.9
1993-09-04;17.38;9;17.38
1993-09-05;29.88;9;29.88
1993-09-06;40.89;9;40.89
1993-09-07;25.56;9;25.56
1993-09-08;21.85;9;21.85
1993-09-09;20.21;9;20.21
1993-09-10;19.8;9;19.8
1993-09-11;20.58;9;20.58
1993-09-12;21.69;9;21.69
1993-09-13;22.66;9;22.66
1993-09-14;46.37;9;46.37
1993-09-15;87.43;9;87.43
1993-09-16;46.03;9;46.03
1993-09-17;30.47;9;30.47
1993-09-18;27.21;9;27.21
1993-09-19;23.88;9;23.88
1993-09-20;21.33;9;21.33
1993-09-21;21.21;9;21.21
1993-09-22;17.72;9;17.72
1993-09-23;18.36;9;18.36
1993-09-24;17.41;9;17.41
1993-09-25;19.3;9;19.3
1993-09-26;16.84;9;16.84
1993-09-27;17.34;9;17.34
1993-09-28;31.79;9;31.79
1993-09-29;37.93;9;37.93
1993-09-30;39.5;9;39.5
1993-10-01;28.29;10;28.29
1993-10-02;22.64;10;22.64
1993-10-03;20.62;10;20.62
1993-10-04;23.11;10;23.11
1993-10-05;25.49;10;25.49
1993-10-06;19.43;10;19.43
1993-10-07;18.23;10;18.23
1993-10-08;17.2;10;17.2
1993-10-09;19.06;10;19.06
1993-10-10;17.71;10;17.71
1993-10-11;18.64;10;18.64
1993-10-12;17.88;10;17.88
1993-10-13;20.69;10;20.69
1993-10-14;17.75;10;17.75
1993-10-15;17.38;10;17.38
1993-10-16;17.64;10;17.64
1993-10-17;18.48;10;18.48
1993-10-18;20.8;10;20.8
1993-10-19;17.54;10;17.54
1993-10-20;17.38;10;17.38
1993-10-21;31.76;10;31.76
1993-10-22;81.71;10;81.71
1993-10-23;30.36;10;30.36
1993-10-24;29.02;10;29.02
1993-10-25;20.6;10;20.6
1993-10-26;18.4;10;18.4
1993-10-27;17.2;10;17.2
1993-10-28;16.73;10;16.73
1993-10-29;15.38;10;15.38
1993-10-30;15.0;10;15.0
1993-10-31;15.33;10;15.33
1993-11-01;14.34;11;14.34
1993-11-02;13.97;11;13.97
1993-11-03;13.0;11;13.0
1993-11-04;13.0;11;13.0
1993-11-05;12.5;11;12.5
1993-11-06;11.93;11;11.93
1993-11-07;11.86;11;11.86
1993-11-08;11.86;11;11.86
1993-11-09;11.71;11;11.71
1993-11-10;10.87;11;10.87
1993-11-11;11.09;11;11.09
1993-11-12;16.26;11;16.26
1993-11-13;12.69;11;12.69
1993-11-14;12.02;11;12.02
1993-11-15;12.31;11;12.31
1993-11-16;15.8;11;15.8
1993-11-17;17.28;11;17.28
1993-11-18;13.33;11;13.33
1993-11-19;13.11;11;13.11
1993-11-20;25.42;11;25.42
1993-11-21;23.6;11;23.6
1993-11-22;17.02;11;17.02
1993-11-23;16.34;11;16.34
1993-11-24;14.34;11;14.34
1993-11-25;15.19;11;15.19
1993-11-26;19.01;11;19.01
1993-11-27;14.14;11;14.14
1993-11-28;14.18;11;14.18
1993-11-29;14.67;11;14.67
1993-11-30;14.52;11;14.52
1993-12-01;15.01;12;15.01
1993-12-02;15.23;12;15.23
1993-12-03;13.49;12;13.49
1993-12-04;16.0;12;16.0
1993-12-05;15.01;12;15.01
1993-12-06;13.51;12;13.51
1993-12-07;13.01;12;13.01
1993-12-08;12.59;12;12.59
1993-12-09;12.01;12;12.01
1993-12-10;13.33;12;13.33
1993-12-11;13.0;12;13.0
1993-12-12;10.16;12;10.16
1993-12-13;13.0;12;13.0
1993-12-14;13.0;12;13.0
1993-12-15;13.0;12;13.0
1993-12-16;10.16;12;10.16
1993-12-17;8.94;12;8.94
1993-12-18;8.94;12;8.94
1993-12-19;7.66;12;7.66
1993-12-20;7.51;12;7.51
1993-12-21;7.41;12;7.41
1993-12-22;7.41;12;7.41
1993-12-23;7.17;12;7.17
1993-12-24;7.11;12;7.11
1993-12-25;7.11;12;7.11
1993-12-26;7.11;12;7.11
1993-12-27;7.11;12;7.11
1993-12-28;7.11;12;7.11
1993-12-29;6.8;12;6.8
1993-12-30;6.5;12;6.5
1993-12-31;6.5;12;6.5
1994-01-01;6.5;1;6.5
1994-01-02;6.5;1;6.5
1994-01-03;6.5;1;6.5
1994-01-04;6.8;1;6.8
1994-01-05;6.8;1;6.8
1994-01-06;7.11;1;7.11
1994-01-07;7.72;1;7.72
1994-01-08;7.72;1;7.72
1994-01-09;7.6;1;7.6
1994-01-10;7.54;1;7.54
1994-01-11;7.54;1;7.54
1994-01-12;7.6;1;7.6
1994-01-13;7.6;1;7.6
1994-01-14;7.6;1;7.6
1994-01-15;7.42;1;7.42
1994-01-16;7.42;1;7.42
1994-01-17;7.42;1;7.42
1994-01-18;7.32;1;7.32
1994-01-19;7.23;1;7.23
1994-01-20;7.42;1;7.42
1994-01-21;7.11;1;7.11
1994-01-22;7.11;1;7.11
1994-01-23;7.11;1;7.11
1994-01-24;7.11;1;7.11
1994-01-25;7.42;1;7.42
1994-01-26;7.42;1;7.42
1994-01-27;7.42;1;7.42
1994-01-28;7.11;1;7.11
1994-01-29;7.11;1;7.11
1994-01-30;7.11;1;7.11
1994-01-31;7.11;1;7.11
1994-02-01;7.42;2;7.42
1994-02-02;7.42;2;7.42
1994-02-03;7.11;2;7.11
1994-02-04;7.11;2;7.11
1994-02-05;7.11;2;7.11
1994-02-06;7.11;2;7.11
1994-02-07;7.11;2;7.11
1994-02-08;7.11;2;7.11
1994-02-09;7.11;2;7.11
1994-02-10;7.11;2;7.11
1994-02-11;7.11;2;7.11
1994-02-12;7.11;2;7.11
1994-02-13;7.11;2;7.11
1994-02-14;7.11;2;7.11
1994-02-15;7.11;2;7.11
1994-02-16;7.11;2;7.11
1994-02-17;7.11;2;7.11
1994-02-18;7.11;2;7.11
1994-02-19;7.11;2;7.11
1994-02-20;7.35;2;7.35
1994-02-21;7.48;2;7.48
1994-02-22;7.72;2;7.72
1994-02-23;10.04;2;10.04
1994-02-24;10.73;2;10.73
1994-02-25;13.0;2;13.0
1994-02-26;16.34;2;16.34
1994-02-27;13.0;2;13.0
1994-02-28;13.0;2;13.0
1994-03-01;13.0;3;13.0
1994-03-02;7.72;3;7.72
1994-03-03;7.72;3;7.72
1994-03-04;7.11;3;7.11
1994-03-05;7.42;3;7.42
1994-03-06;7.26;3;7.26
1994-03-07;7.23;3;7.23
1994-03-08;7.42;3;7.42
1994-03-09;7.42;3;7.42
1994-03-10;7.42;3;7.42
1994-03-11;7.42;3;7.42
1994-03-12;7.17;3;7.17
1994-03-13;7.11;3;7.11
1994-03-14;7.11;3;7.11
1994-03-15;7.11;3;7.11
1994-03-16;7.45;3;7.45
1994-03-17;7.35;3;7.35
1994-03-18;9.62;3;9.62
1994-03-19;8.25;3;8.25
1994-03-20;7.58;3;7.58
1994-03-21;7.48;3;7.48
1994-03-22;7.48;3;7.48
1994-03-23;8.46;3;8.46
1994-03-24;13.28;3;13.28
1994-03-25;8.55;3;8.55
1994-03-26;7.72;3;7.72
1994-03-27;9.23;3;9.23
1994-03-28;13.84;3;13.84
1994-03-29;11.35;3;11.35
1994-03-30;10.03;3;10.03
1994-03-31;9.93;3;9.93
1994-04-01;13.27;4;13.27
1994-04-02;18.2;4;18.2
1994-04-03;15.25;4;15.25
1994-04-04;13.48;4;13.48
1994-04-05;13.05;4;13.05
1994-04-06;10.46;4;10.46
1994-04-07;9.36;4;9.36
1994-04-08;8.7;4;8.7
1994-04-09;8.56;4;8.56
1994-04-10;7.96;4;7.96
1994-04-11;7.72;4;7.72
1994-04-12;7.72;4;7.72
1994-04-13;7.91;4;7.91
1994-04-14;10.21;4;10.21
1994-04-15;9.8;4;9.8
1994-04-16;8.76;4;8.76
1994-04-17;8.7;4;8.7
1994-04-18;11.23;4;11.23
1994-04-19;10.55;4;10.55
1994-04-20;10.09;4;10.09
1994-04-21;9.17;4;9.17
1994-04-22;9.31;4;9.31
1994-04-23;8.82;4;8.82
1994-04-24;8.96;4;8.96
1994-04-25;9.05;4;9.05
1994-04-26;9.53;4;9.53
1994-04-27;27.95;4;27.95
1994-04-28;20.56;4;20.56
1994-04-29;52.85;4;52.85
1994-04-30;43.86;4;43.86
1994-05-01;32.0;5;32.0
1994-05-02;27.12;5;27.12
1994-05-03;22.81;5;22.81
1994-05-04;18.39;5;18.39
1994-05-05;16.33;5;16.33
1994-05-06;19.99;5;19.99
1994-05-07;19.85;5;19.85
1994-05-08;18.22;5;18.22
1994-05-09;16.08;5;16.08
1994-05-10;15.32;5;15.32
1994-05-11;22.37;5;22.37
1994-05-12;37.56;5;37.56
1994-05-13;34.14;5;34.14
1994-05-14;29.44;5;29.44
1994-05-15;22.51;5;22.51
1994-05-16;19.67;5;19.67
1994-05-17;18.69;5;18.69
1994-05-18;20.49;5;20.49
1994-05-19;24.44;5;24.44
1994-05-20;28.79;5;28.79
1994-05-21;21.92;5;21.92
1994-05-22;18.47;5;18.47
1994-05-23;26.35;5;26.35
1994-05-24;19.3;5;19.3
1994-05-25;17.2;5;17.2
1994-05-26;22.97;5;22.97
1994-05-27;21.26;5;21.26
1994-05-28;17.71;5;17.71
1994-05-29;16.42;5;16.42
1994-05-30;19.46;5;19.46
1994-05-31;29.47;5;29.47
1994-06-01;28.89;6;28.89
1994-06-02;24.46;6;24.46
1994-06-03;21.04;6;21.04
1994-06-04;18.82;6;18.82
1994-06-05;17.71;6;17.71
1994-06-06;16.77;6;16.77
1994-06-07;18.68;6;18.68
1994-06-08;17.88;6;17.88
1994-06-09;18.28;6;18.28
1994-06-10;16.88;6;16.88
1994-06-11;15.34;6;15.34
1994-06-12;15.47;6;15.47
1994-06-13;15.97;6;15.97
1994-06-14;15.07;6;15.07
1994-06-15;18.18;6;18.18
1994-06-16;17.23;6;17.23
1994-06-17;16.8;6;16.8
1994-06-18;28.55;6;28.55
1994-06-19;28.09;6;28.09
1994-06-20;24.29;6;24.29
1994-06-21;34.89;6;34.89
1994-06-22;35.73;6;35.73
1994-06-23;26.55;6;26.55
1994-06-24;21.4;6;21.4
1994-06-25;19.23;6;19.23
1994-06-26;22.05;6;22.05
1994-06-27;24.8;6;24.8
1994-06-28;23.08;6;23.08
1994-06-29;20.18;6;20.18
1994-06-30;22.03;6;22.03
1994-07-01;25.88;7;25.88
1994-07-02;23.08;7;23.08
1994-07-03;22.83;7;22.83
1994-07-04;30.93;7;30.93
1994-07-05;28.41;7;28.41
1994-07-06;28.82;7;28.82
1994-07-07;25.52;7;25.52
1994-07-08;28.39;7;28.39
1994-07-09;51.49;7;51.49
1994-07-10;50.97;7;50.97
1994-07-11;46.32;7;46.32
1994-07-12;49.39;7;49.39
1994-07-13;38.08;7;38.08
1994-07-14;49.62;7;49.62
1994-07-15;56.6;7;56.6
1994-07-16;41.06;7;41.06
1994-07-17;33.9;7;33.9
1994-07-18;31.74;7;31.74
1994-07-19;30.11;7;30.11
1994-07-20;31.45;7;31.45
1994-07-21;27.57;7;27.57
1994-07-22;25.32;7;25.32
1994-07-23;26.08;7;26.08
1994-07-24;22.82;7;22.82
1994-07-25;21.92;7;21.92
1994-07-26;20.74;7;20.74
1994-07-27;19.09;7;19.09
1994-07-28;18.32;7;18.32
1994-07-29;18.21;7;18.21
1994-07-30;17.93;7;17.93
1994-07-31;18.63;7;18.63
1994-08-01;18.29;8;18.29
1994-08-02;16.84;8;16.84
1994-08-03;17.44;8;17.44
1994-08-04;17.24;8;17.24
1994-08-05;16.68;8;16.68
1994-08-06;17.91;8;17.91
1994-08-07;17.3;8;17.3
1994-08-08;17.02;8;17.02
1994-08-09;15.84;8;15.84
1994-08-10;15.5;8;15.5
1994-08-11;15.74;8;15.74
1994-08-12;16.03;8;16.03
1994-08-13;15.92;8;15.92
1994-08-14;16.17;8;16.17
1994-08-15;17.96;8;17.96
1994-08-16;17.44;8;17.44
1994-08-17;17.66;8;17.66
1994-08-18;15.83;8;15.83
1994-08-19;18.19;8;18.19
1994-08-20;17.85;8;17.85
1994-08-21;18.94;8;18.94
1994-08-22;18.52;8;18.52
1994-08-23;16.84;8;16.84
1994-08-24;17.86;8;17.86
1994-08-25;29.14;8;29.14
1994-08-26;23.39;8;23.39
1994-08-27;23.4;8;23.4
1994-08-28;20.12;8;20.12
1994-08-29;18.65;8;18.65
1994-08-30;23.69;8;23.69
1994-08-31;23.05;8;23.05
1994-09-01;19.78;9;19.78
1994-09-02;18.23;9;18.23
1994-09-03;17.36;9;17.36
1994-09-04;16.84;9;16.84
1994-09-05;15.83;9;15.83
1994-09-06;15.28;9;15.28
1994-09-07;15.69;9;15.69
1994-09-08;14.61;9;14.61
1994-09-09;14.07;9;14.07
1994-09-10;13.67;9;13.67
1994-09-11;18.76;9;18.76
1994-09-12;24.45;9;24.45
1994-09-13;17.13;9;17.13
1994-09-14;16.99;9;16.99
1994-09-15;15.53;9;15.53
1994-09-16;16.61;9;16.61
1994-09-17;22.82;9;22.82
1994-09-18;16.89;9;16.89
1994-09-19;15.75;9;15.75
1994-09-20;14.86;9;14.86
1994-09-21;18.35;9;18.35
1994-09-22;22.36;9;22.36
1994-09-23;20.86;9;20.86
1994-09-24;29.34;9;29.34
1994-09-25;44.48;9;44.48
1994-09-26;36.48;9;36.48
1994-09-27;43.17;9;43.17
1994-09-28;37.3;9;37.3
1994-09-29;27.2;9;27.2
1994-09-30;25.2;9;25.2
1994-10-01;21.33;10;21.33
1994-10-02;19.48;10;19.48
1994-10-03;18.42;10;18.42
1994-10-04;17.8;10;17.8
1994-10-05;18.06;10;18.06
1994-10-06;20.14;10;20.14
1994-10-07;18.0;10;18.0
1994-10-08;25.45;10;25.45
1994-10-09;35.07;10;35.07
1994-10-10;24.6;10;24.6
1994-10-11;22.02;10;22.02
1994-10-12;23.15;10;23.15
1994-10-13;42.12;10;42.12
1994-10-14;35.58;10;35.58
1994-10-15;45.44;10;45.44
1994-10-16;28.36;10;28.36
1994-10-17;25.21;10;25.21
1994-10-18;27.03;10;27.03
1994-10-19;25.46;10;25.46
1994-10-20;22.16;10;22.16
1994-10-21;20.13;10;20.13
1994-10-22;18.58;10;18.58
1994-10-23;19.53;10;19.53
1994-10-24;22.08;10;22.08
1994-10-25;26.47;10;26.47
1994-10-26;22.46;10;22.46
1994-10-27;18.48;10;18.48
1994-10-28;17.15;10;17.15
1994-10-29;16.33;10;16.33
1994-10-30;15.67;10;15.67
1994-10-31;15.67;10;15.67
1994-11-01;15.99;11;15.99
1994-11-02;20.62;11;20.62
1994-11-03;20.21;11;20.21
1994-11-04;17.72;11;17.72
1994-11-05;29.88;11;29.88
1994-11-06;27.98;11;27.98
1994-11-07;31.07;11;31.07
1994-11-08;26.98;11;26.98
1994-11-09;27.22;11;27.22
1994-11-10;28.44;11;28.44
1994-11-11;28.51;11;28.51
1994-11-12;22.12;11;22.12
1994-11-13;20.06;11;20.06
1994-11-14;28.57;11;28.57
1994-11-15;22.48;11;22.48
1994-11-16;19.09;11;19.09
1994-11-17;17.71;11;17.71
1994-11-18;16.84;11;16.84
1994-11-19;16.01;11;16.01
1994-11-20;15.54;11;15.54
1994-11-21;14.84;11;14.84
1994-11-22;15.25;11;15.25
1994-11-23;15.04;11;15.04
1994-11-24;15.08;11;15.08
1994-11-25;16.66;11;16.66
1994-11-26;14.5;11;14.5
1994-11-27;16.38;11;16.38
1994-11-28;17.48;11;17.48
1994-11-29;14.67;11;14.67
1994-11-30;13.57;11;13.57
1994-12-01;13.0;12;13.0
1994-12-02;12.92;12;12.92
1994-12-03;12.72;12;12.72
1994-12-04;12.43;12;12.43
1994-12-05;12.01;12;12.01
1994-12-06;11.72;12;11.72
1994-12-07;12.42;12;12.42
1994-12-08;12.21;12;12.21
1994-12-09;11.95;12;11.95
1994-12-10;20.76;12;20.76
1994-12-11;14.95;12;14.95
1994-12-12;13.01;12;13.01
1994-12-13;12.01;12;12.01
1994-12-14;11.58;12;11.58
1994-12-15;11.15;12;11.15
1994-12-16;10.87;12;10.87
1994-12-17;10.44;12;10.44
1994-12-18;10.16;12;10.16
1994-12-19;10.16;12;10.16
1994-12-20;10.16;12;10.16
1994-12-21;9.92;12;9.92
1994-12-22;9.67;12;9.67
1994-12-23;9.55;12;9.55
1994-12-24;9.43;12;9.43
1994-12-25;9.43;12;9.43
1994-12-26;9.31;12;9.31
1994-12-27;9.18;12;9.18
1994-12-28;9.18;12;9.18
1994-12-29;8.94;12;8.94
1994-12-30;8.7;12;8.7
1994-12-31;8.7;12;8.7
1995-01-01;6.1;1;6.1
1995-01-02;6.1;1;6.1
1995-01-03;5.61;1;5.61
1995-01-04;5.45;1;5.45
1995-01-05;5.29;1;5.29
1995-01-06;5.13;1;5.13
1995-01-07;4.96;1;4.96
1995-01-08;4.8;1;4.8
1995-01-09;4.8;1;4.8
1995-01-10;4.8;1;4.8
1995-01-11;4.8;1;4.8
1995-01-12;4.8;1;4.8
1995-01-13;4.8;1;4.8
1995-01-14;4.8;1;4.8
1995-01-15;4.8;1;4.8
1995-01-16;4.8;1;4.8
1995-01-17;5.96;1;5.96
1995-01-18;5.12;1;5.12
1995-01-19;4.8;1;4.8
1995-01-20;6.11;1;6.11
1995-01-21;6.4;1;6.4
1995-01-22;7.05;1;7.05
1995-01-23;5.77;1;5.77
1995-01-24;5.12;1;5.12
1995-01-25;4.7;1;4.7
1995-01-26;4.57;1;4.57
1995-01-27;4.35;1;4.35
1995-01-28;4.27;1;4.27
1995-01-29;4.27;1;4.27
1995-01-30;4.2;1;4.2
1995-01-31;4.2;1;4.2
1995-02-01;4.2;2;4.2
1995-02-02;4.2;2;4.2
1995-02-03;4.2;2;4.2
1995-02-04;4.05;2;4.05
1995-02-05;4.05;2;4.05
1995-02-06;3.97;2;3.97
1995-02-07;3.9;2;3.9
1995-02-08;3.75;2;3.75
1995-02-09;3.67;2;3.67
1995-02-10;3.6;2;3.6
1995-02-11;3.6;2;3.6
1995-02-12;3.6;2;3.6
1995-02-13;3.6;2;3.6
1995-02-14;3.6;2;3.6
1995-02-15;3.6;2;3.6
1995-02-16;3.6;2;3.6
1995-02-17;3.6;2;3.6
1995-02-18;3.6;2;3.6
1995-02-19;3.6;2;3.6
1995-02-20;3.6;2;3.6
1995-02-21;3.6;2;3.6
1995-02-22;3.86;2;3.86
1995-02-23;4.46;2;4.46
1995-02-24;4.63;2;4.63
1995-02-25;4.2;2;4.2
1995-02-26;4.2;2;4.2
1995-02-27;4.12;2;4.12
1995-02-28;3.9;2;3.9
1995-03-01;3.67;3;3.67
1995-03-02;3.75;3;3.75
1995-03-03;3.6;3;3.6
1995-03-04;3.6;3;3.6
1995-03-05;3.6;3;3.6
1995-03-06;3.6;3;3.6
1995-03-07;3.68;3;3.68
1995-03-08;3.75;3;3.75
1995-03-09;3.67;3;3.67
1995-03-10;3.69;3;3.69
1995-03-11;4.12;3;4.12
1995-03-12;4.09;3;4.09
1995-03-13;4.14;3;4.14
1995-03-14;3.78;3;3.78
1995-03-15;3.6;3;3.6
1995-03-16;3.6;3;3.6
1995-03-17;3.6;3;3.6
1995-03-18;3.6;3;3.6
1995-03-19;3.6;3;3.6
1995-03-20;3.6;3;3.6
1995-03-21;3.6;3;3.6
1995-03-22;4.76;3;4.76
1995-03-23;4.37;3;4.37
1995-03-24;5.54;3;5.54
1995-03-25;4.24;3;4.24
1995-03-26;4.05;3;4.05
1995-03-27;3.9;3;3.9
1995-03-28;3.9;3;3.9
1995-03-29;3.9;3;3.9
1995-03-30;3.67;3;3.67
1995-03-31;3.6;3;3.6
1995-04-01;3.52;4;3.52
1995-04-02;3.54;4;3.54
1995-04-03;3.84;4;3.84
1995-04-04;4.92;4;4.92
1995-04-05;4.26;4;4.26
1995-04-06;3.82;4;3.82
1995-04-07;3.6;4;3.6
1995-04-08;3.52;4;3.52
1995-04-09;3.37;4;3.37
1995-04-10;3.3;4;3.3
1995-04-11;3.44;4;3.44
1995-04-12;5.39;4;5.39
1995-04-13;6.27;4;6.27
1995-04-14;21.59;4;21.59
1995-04-15;14.96;4;14.96
1995-04-16;21.19;4;21.19
1995-04-17;15.17;4;15.17
1995-04-18;10.49;4;10.49
1995-04-19;7.47;4;7.47
1995-04-20;6.83;4;6.83
1995-04-21;11.92;4;11.92
1995-04-22;13.3;4;13.3
1995-04-23;20.08;4;20.08
1995-04-24;13.08;4;13.08
1995-04-25;9.43;4;9.43
1995-04-26;12.22;4;12.22
1995-04-27;14.68;4;14.68
1995-04-28;9.49;4;9.49
1995-04-29;7.8;4;7.8
1995-04-30;6.75;4;6.75
1995-05-01;6.26;5;6.26
1995-05-02;6.1;5;6.1
1995-05-03;5.77;5;5.77
1995-05-04;4.96;5;4.96
1995-05-05;4.8;5;4.8
1995-05-06;5.71;5;5.71
1995-05-07;4.96;5;4.96
1995-05-08;4.8;5;4.8
1995-05-09;4.8;5;4.8
1995-05-10;4.65;5;4.65
1995-05-11;4.5;5;4.5
1995-05-12;4.62;5;4.62
1995-05-13;20.0;5;20.0
1995-05-14;26.19;5;26.19
1995-05-15;14.19;5;14.19
1995-05-16;23.82;5;23.82
1995-05-17;12.51;5;12.51
1995-05-18;9.73;5;9.73
1995-05-19;8.37;5;8.37
1995-05-20;7.72;5;7.72
1995-05-21;6.91;5;6.91
1995-05-22;7.79;5;7.79
1995-05-23;8.65;5;8.65
1995-05-24;9.96;5;9.96
1995-05-25;9.88;5;9.88
1995-05-26;8.51;5;8.51
1995-05-27;9.69;5;9.69
1995-05-28;4.8;5;4.8
1995-05-29;4.8;5;4.8
1995-05-30;16.12;5;16.12
1995-05-31;27.32;5;27.32
1995-06-01;19.27;6;19.27
1995-06-02;14.43;6;14.43
1995-06-03;12.16;6;12.16
1995-06-04;13.88;6;13.88
1995-06-05;17.16;6;17.16
1995-06-06;29.26;6;29.26
1995-06-07;60.36;6;60.36
1995-06-08;21.96;6;21.96
1995-06-09;15.63;6;15.63
1995-06-10;15.3;6;15.3
1995-06-11;13.89;6;13.89
1995-06-12;11.31;6;11.31
1995-06-13;9.89;6;9.89
1995-06-14;19.35;6;19.35
1995-06-15;14.16;6;14.16
1995-06-16;10.75;6;10.75
1995-06-17;9.56;6;9.56
1995-06-18;15.9;6;15.9
1995-06-19;12.23;6;12.23
1995-06-20;14.33;6;14.33
1995-06-21;20.15;6;20.15
1995-06-22;15.75;6;15.75
1995-06-23;15.66;6;15.66
1995-06-24;18.71;6;18.71
1995-06-25;15.11;6;15.11
1995-06-26;11.28;6;11.28
1995-06-27;9.87;6;9.87
1995-06-28;9.4;6;9.4
1995-06-29;9.39;6;9.39
1995-06-30;11.44;6;11.44
1995-07-01;12.77;7;12.77
1995-07-02;9.11;7;9.11
1995-07-03;8.85;7;8.85
1995-07-04;9.82;7;9.82
1995-07-05;9.73;7;9.73
1995-07-06;10.51;7;10.51
1995-07-07;9.47;7;9.47
1995-07-08;9.89;7;9.89
1995-07-09;12.67;7;12.67
1995-07-10;14.05;7;14.05
1995-07-11;13.67;7;13.67
1995-07-12;11.16;7;11.16
1995-07-13;9.4;7;9.4
1995-07-14;8.58;7;8.58
1995-07-15;7.74;7;7.74
1995-07-16;6.12;7;6.12
1995-07-17;5.66;7;5.66
1995-07-18;5.43;7;5.43
1995-07-19;5.2;7;5.2
1995-07-20;4.51;7;4.51
1995-07-21;5.14;7;5.14
1995-07-22;4.97;7;4.97
1995-07-23;4.28;7;4.28
1995-07-24;3.36;7;3.36
1995-07-25;3.59;7;3.59
1995-07-26;7.31;7;7.31
1995-07-27;8.19;7;8.19
1995-07-28;7.34;7;7.34
1995-07-29;10.45;7;10.45
1995-07-30;8.21;7;8.21
1995-07-31;7.17;7;7.17
1995-08-01;5.62;8;5.62
1995-08-02;8.66;8;8.66
1995-08-03;6.42;8;6.42
1995-08-04;12.09;8;12.09
1995-08-05;9.52;8;9.52
1995-08-06;12.59;8;12.59
1995-08-07;13.66;8;13.66
1995-08-08;9.96;8;9.96
1995-08-09;11.27;8;11.27
1995-08-10;28.17;8;28.17
1995-08-11;25.47;8;25.47
1995-08-12;24.2;8;24.2
1995-08-13;17.04;8;17.04
1995-08-14;14.49;8;14.49
1995-08-15;12.92;8;12.92
1995-08-16;18.27;8;18.27
1995-08-17;21.39;8;21.39
1995-08-18;16.6;8;16.6
1995-08-19;16.44;8;16.44
1995-08-20;40.87;8;40.87
1995-08-21;48.53;8;48.53
1995-08-22;29.41;8;29.41
1995-08-23;22.27;8;22.27
1995-08-24;22.24;8;22.24
1995-08-25;28.47;8;28.47
1995-08-26;27.81;8;27.81
1995-08-27;35.0;8;35.0
1995-08-28;48.65;8;48.65
1995-08-29;45.2;8;45.2
1995-08-30;33.64;8;33.64
1995-08-31;27.35;8;27.35
1995-09-01;26.13;9;26.13
1995-09-02;24.09;9;24.09
1995-09-03;32.65;9;32.65
1995-09-04;23.47;9;23.47
1995-09-05;22.06;9;22.06
1995-09-06;23.48;9;23.48
1995-09-07;25.52;9;25.52
1995-09-08;25.59;9;25.59
1995-09-09;21.41;9;21.41
1995-09-10;22.52;9;22.52
1995-09-11;19.96;9;19.96
1995-09-12;22.66;9;22.66
1995-09-13;30.08;9;30.08
1995-09-14;22.08;9;22.08
1995-09-15;19.32;9;19.32
1995-09-16;25.32;9;25.32
1995-09-17;23.99;9;23.99
1995-09-18;21.41;9;21.41
1995-09-19;18.19;9;18.19
1995-09-20;16.43;9;16.43
1995-09-21;16.34;9;16.34
1995-09-22;26.52;9;26.52
1995-09-23;34.59;9;34.59
1995-09-24;34.02;9;34.02
1995-09-25;25.09;9;25.09
1995-09-26;22.95;9;22.95
1995-09-27;19.58;9;19.58
1995-09-28;17.6;9;17.6
1995-09-29;15.73;9;15.73
1995-09-30;14.55;9;14.55
1995-10-01;14.77;10;14.77
1995-10-02;16.29;10;16.29
1995-10-03;16.98;10;16.98
1995-10-04;13.38;10;13.38
1995-10-05;13.93;10;13.93
1995-10-06;28.6;10;28.6
1995-10-07;19.36;10;19.36
1995-10-08;15.09;10;15.09
1995-10-09;15.43;10;15.43
1995-10-10;15.76;10;15.76
1995-10-11;25.19;10;25.19
1995-10-12;34.85;10;34.85
1995-10-13;30.75;10;30.75
1995-10-14;25.1;10;25.1
1995-10-15;22.95;10;22.95
1995-10-16;19.91;10;19.91
1995-10-17;24.42;10;24.42
1995-10-18;42.68;10;42.68
1995-10-19;27.6;10;27.6
1995-10-20;23.62;10;23.62
1995-10-21;33.39;10;33.39
1995-10-22;30.77;10;30.77
1995-10-23;23.13;10;23.13
1995-10-24;21.24;10;21.24
1995-10-25;24.01;10;24.01
1995-10-26;28.49;10;28.49
1995-10-27;34.17;10;34.17
1995-10-28;26.87;10;26.87
1995-10-29;21.67;10;21.67
1995-10-30;18.76;10;18.76
1995-10-31;19.17;10;19.17
1995-11-01;16.43;11;16.43
1995-11-02;15.49;11;15.49
1995-11-03;14.79;11;14.79
1995-11-04;14.08;11;14.08
1995-11-05;14.45;11;14.45
1995-11-06;14.8;11;14.8
1995-11-07;13.61;11;13.61
1995-11-08;12.67;11;12.67
1995-11-09;17.04;11;17.04
1995-11-10;15.16;11;15.16
1995-11-11;12.67;11;12.67
1995-11-12;11.5;11;11.5
1995-11-13;11.03;11;11.03
1995-11-14;12.93;11;12.93
1995-11-15;17.11;11;17.11
1995-11-16;11.97;11;11.97
1995-11-17;11.49;11;11.49
1995-11-18;10.79;11;10.79
1995-11-19;11.53;11;11.53
1995-11-20;8.67;11;8.67
1995-11-21;8.2;11;8.2
1995-11-22;8.2;11;8.2
1995-11-23;9.21;11;9.21
1995-11-24;7.97;11;7.97
1995-11-25;7.04;11;7.04
1995-11-26;6.35;11;6.35
1995-11-27;5.89;11;5.89
1995-11-28;5.2;11;5.2
1995-11-29;4.51;11;4.51
1995-11-30;4.05;11;4.05
1995-12-01;3.82;12;3.82
1995-12-02;3.82;12;3.82
1995-12-03;3.82;12;3.82
1995-12-04;5.51;12;5.51
1995-12-05;5.26;12;5.26
1995-12-06;5.87;12;5.87
1995-12-07;5.24;12;5.24
1995-12-08;6.35;12;6.35
1995-12-09;4.51;12;4.51
1995-12-10;4.05;12;4.05
1995-12-11;3.36;12;3.36
1995-12-12;2.61;12;2.61
1995-12-13;2.32;12;2.32
1995-12-14;2.32;12;2.32
1995-12-15;2.17;12;2.17
1995-12-16;2.03;12;2.03
1995-12-17;3.05;12;3.05
1995-12-18;2.17;12;2.17
1995-12-19;1.74;12;1.74
1995-12-20;1.74;12;1.74
1995-12-21;2.1;12;2.1
1995-12-22;1.88;12;1.88
1995-12-23;1.9;12;1.9
1995-12-24;5.79;12;5.79
1995-12-25;4.67;12;4.67
1995-12-26;2.97;12;2.97
1995-12-27;2.03;12;2.03
1995-12-28;1.59;12;1.59
1995-12-29;1.3;12;1.3
1995-12-30;1.16;12;1.16
1995-12-31;1.01;12;1.01
1996-01-01;8.19;1;8.19
1996-01-02;8.02;1;8.02
1996-01-03;7.85;1;7.85
1996-01-04;7.68;1;7.68
1996-01-05;7.51;1;7.51
1996-01-06;7.17;1;7.17
1996-01-07;7.0;1;7.0
1996-01-08;7.0;1;7.0
1996-01-09;7.0;1;7.0
1996-01-10;7.0;1;7.0
1996-01-11;7.0;1;7.0
1996-01-12;7.0;1;7.0
1996-01-13;7.0;1;7.0
1996-01-14;8.11;1;8.11
1996-01-15;7.85;1;7.85
1996-01-16;7.76;1;7.76
1996-01-17;8.5;1;8.5
1996-01-18;7.67;1;7.67
1996-01-19;7.57;1;7.57
1996-01-20;8.3;1;8.3
1996-01-21;7.68;1;7.68
1996-01-22;8.15;1;8.15
1996-01-23;9.58;1;9.58
1996-01-24;10.14;1;10.14
1996-01-25;8.64;1;8.64
1996-01-26;7.85;1;7.85
1996-01-27;7.68;1;7.68
1996-01-28;7.17;1;7.17
1996-01-29;7.0;1;7.0
1996-01-30;7.0;1;7.0
1996-01-31;7.0;1;7.0
1996-02-01;7.0;2;7.0
1996-02-02;7.07;2;7.07
1996-02-03;7.69;2;7.69
1996-02-04;8.95;2;8.95
1996-02-05;8.02;2;8.02
1996-02-06;9.04;2;9.04
1996-02-07;9.93;2;9.93
1996-02-08;12.19;2;12.19
1996-02-09;9.91;2;9.91
1996-02-10;9.04;2;9.04
1996-02-11;23.93;2;23.93
1996-02-12;17.06;2;17.06
1996-02-13;13.62;2;13.62
1996-02-14;11.88;2;11.88
1996-02-15;10.05;2;10.05
1996-02-16;7.74;2;7.74
1996-02-17;7.0;2;7.0
1996-02-18;7.0;2;7.0
1996-02-19;7.0;2;7.0
1996-02-20;5.72;2;5.72
1996-02-21;4.92;2;4.92
1996-02-22;4.44;2;4.44
1996-02-23;4.44;2;4.44
1996-02-24;4.44;2;4.44
1996-02-25;4.44;2;4.44
1996-02-26;5.08;2;5.08
1996-02-27;5.08;2;5.08
1996-02-28;5.08;2;5.08
1996-02-29;6.78;2;6.78
1996-03-01;9.95;3;9.95
1996-03-02;8.23;3;8.23
1996-03-03;13.14;3;13.14
1996-03-04;7.67;3;7.67
1996-03-05;7.44;3;7.44
1996-03-06;9.4;3;9.4
1996-03-07;7.51;3;7.51
1996-03-08;11.22;3;11.22
1996-03-09;10.54;3;10.54
1996-03-10;12.78;3;12.78
1996-03-11;25.74;3;25.74
1996-03-12;18.88;3;18.88
1996-03-13;14.32;3;14.32
1996-03-14;10.5;3;10.5
1996-03-15;9.72;3;9.72
1996-03-16;10.14;3;10.14
1996-03-17;9.56;3;9.56
1996-03-18;7.99;3;7.99
1996-03-19;7.01;3;7.01
1996-03-20;6.52;3;6.52
1996-03-21;6.36;3;6.36
1996-03-22;7.03;3;7.03
1996-03-23;7.74;3;7.74
1996-03-24;6.68;3;6.68
1996-03-25;6.57;3;6.57
1996-03-26;12.12;3;12.12
1996-03-27;9.17;3;9.17
1996-03-28;8.7;3;8.7
1996-03-29;7.68;3;7.68
1996-03-30;6.84;3;6.84
1996-03-31;6.52;3;6.52
1996-04-01;6.68;4;6.68
1996-04-02;7.0;4;7.0
1996-04-03;8.36;4;8.36
1996-04-04;7.51;4;7.51
1996-04-05;7.0;4;7.0
1996-04-06;6.68;4;6.68
1996-04-07;6.73;4;6.73
1996-04-08;6.84;4;6.84
1996-04-09;6.36;4;6.36
1996-04-10;5.88;4;5.88
1996-04-11;7.02;4;7.02
1996-04-12;6.36;4;6.36
1996-04-13;6.04;4;6.04
1996-04-14;5.72;4;5.72
1996-04-15;5.4;4;5.4
1996-04-16;4.76;4;4.76
1996-04-17;4.44;4;4.44
1996-04-18;4.28;4;4.28
1996-04-19;3.96;4;3.96
1996-04-20;3.8;4;3.8
1996-04-21;4.76;4;4.76
1996-04-22;9.6;4;9.6
1996-04-23;7.68;4;7.68
1996-04-24;7.68;4;7.68
1996-04-25;7.34;4;7.34
1996-04-26;7.0;4;7.0
1996-04-27;6.68;4;6.68
1996-04-28;7.22;4;7.22
1996-04-29;7.62;4;7.62
1996-04-30;8.19;4;8.19
1996-05-01;11.52;5;11.52
1996-05-02;15.35;5;15.35
1996-05-03;19.17;5;19.17
1996-05-04;19.92;5;19.92
1996-05-05;18.24;5;18.24
1996-05-06;16.3;5;16.3
1996-05-07;17.46;5;17.46
1996-05-08;28.76;5;28.76
1996-05-09;20.58;5;20.58
1996-05-10;19.08;5;19.08
1996-05-11;15.12;5;15.12
1996-05-12;12.66;5;12.66
1996-05-13;10.77;5;10.77
1996-05-14;9.89;5;9.89
1996-05-15;10.83;5;10.83
1996-05-16;9.86;5;9.86
1996-05-17;15.58;5;15.58
1996-05-18;15.66;5;15.66
1996-05-19;15.72;5;15.72
1996-05-20;12.64;5;12.64
1996-05-21;10.46;5;10.46
1996-05-22;9.55;5;9.55
1996-05-23;9.21;5;9.21
1996-05-24;15.03;5;15.03
1996-05-25;20.73;5;20.73
1996-05-26;18.58;5;18.58
1996-05-27;17.36;5;17.36
1996-05-28;15.41;5;15.41
1996-05-29;12.89;5;12.89
1996-05-30;11.32;5;11.32
1996-05-31;10.86;5;10.86
1996-06-01;9.89;6;9.89
1996-06-02;9.72;6;9.72
1996-06-03;9.38;6;9.38
1996-06-04;14.8;6;14.8
1996-06-05;39.21;6;39.21
1996-06-06;44.01;6;44.01
1996-06-07;37.76;6;37.76
1996-06-08;50.5;6;50.5
1996-06-09;29.17;6;29.17
1996-06-10;22.6;6;22.6
1996-06-11;25.34;6;25.34
1996-06-12;38.94;6;38.94
1996-06-13;30.69;6;30.69
1996-06-14;24.83;6;24.83
1996-06-15;21.19;6;21.19
1996-06-16;20.52;6;20.52
1996-06-17;19.73;6;19.73
1996-06-18;23.24;6;23.24
1996-06-19;24.61;6;24.61
1996-06-20;24.13;6;24.13
1996-06-21;31.15;6;31.15
1996-06-22;39.89;6;39.89
1996-06-23;43.55;6;43.55
1996-06-24;58.16;6;58.16
1996-06-25;55.21;6;55.21
1996-06-26;45.46;6;45.46
1996-06-27;40.5;6;40.5
1996-06-28;34.0;6;34.0
1996-06-29;30.37;6;30.37
1996-06-30;33.46;6;33.46
1996-07-01;40.27;7;40.27
1996-07-02;38.56;7;38.56
1996-07-03;34.72;7;34.72
1996-07-04;30.9;7;30.9
1996-07-05;38.08;7;38.08
1996-07-06;31.51;7;31.51
1996-07-07;26.24;7;26.24
1996-07-08;39.54;7;39.54
1996-07-09;36.21;7;36.21
1996-07-10;33.19;7;33.19
1996-07-11;28.52;7;28.52
1996-07-12;34.56;7;34.56
1996-07-13;39.63;7;39.63
1996-07-14;29.58;7;29.58
1996-07-15;47.02;7;47.02
1996-07-16;56.95;7;56.95
1996-07-17;47.33;7;47.33
1996-07-18;41.45;7;41.45
1996-07-19;39.49;7;39.49
1996-07-20;50.58;7;50.58
1996-07-21;58.86;7;58.86
1996-07-22;55.21;7;55.21
1996-07-23;55.05;7;55.05
1996-07-24;47.75;7;47.75
1996-07-25;46.8;7;46.8
1996-07-26;41.04;7;41.04
1996-07-27;48.83;7;48.83
1996-07-28;59.66;7;59.66
1996-07-29;49.35;7;49.35
1996-07-30;42.3;7;42.3
1996-07-31;34.61;7;34.61
1996-08-01;33.02;8;33.02
1996-08-02;29.13;8;29.13
1996-08-03;27.13;8;27.13
1996-08-04;31.1;8;31.1
1996-08-05;30.36;8;30.36
1996-08-06;30.66;8;30.66
1996-08-07;47.31;8;47.31
1996-08-08;33.07;8;33.07
1996-08-09;33.65;8;33.65
1996-08-10;43.08;8;43.08
1996-08-11;34.87;8;34.87
1996-08-12;33.58;8;33.58
1996-08-13;30.14;8;30.14
1996-08-14;25.81;8;25.81
1996-08-15;26.11;8;26.11
1996-08-16;24.77;8;24.77
1996-08-17;30.95;8;30.95
1996-08-18;47.94;8;47.94
1996-08-19;55.27;8;55.27
1996-08-20;37.58;8;37.58
1996-08-21;35.47;8;35.47
1996-08-22;31.39;8;31.39
1996-08-23;27.94;8;27.94
1996-08-24;26.09;8;26.09
1996-08-25;24.36;8;24.36
1996-08-26;22.33;8;22.33
1996-08-27;23.57;8;23.57
1996-08-28;34.19;8;34.19
1996-08-29;29.43;8;29.43
1996-08-30;22.96;8;22.96
1996-08-31;24.73;8;24.73
1996-09-01;25.22;9;25.22
1996-09-02;22.48;9;22.48
1996-09-03;24.36;9;24.36
1996-09-04;20.87;9;20.87
1996-09-05;19.58;9;19.58
1996-09-06;18.84;9;18.84
1996-09-07;18.27;9;18.27
1996-09-08;17.47;9;17.47
1996-09-09;18.04;9;18.04
1996-09-10;18.44;9;18.44
1996-09-11;17.38;9;17.38
1996-09-12;15.57;9;15.57
1996-09-13;15.0;9;15.0
1996-09-14;14.89;9;14.89
1996-09-15;22.44;9;22.44
1996-09-16;31.7;9;31.7
1996-09-17;20.61;9;20.61
1996-09-18;19.98;9;19.98
1996-09-19;17.78;9;17.78
1996-09-20;26.77;9;26.77
1996-09-21;36.99;9;36.99
1996-09-22;21.26;9;21.26
1996-09-23;18.36;9;18.36
1996-09-24;20.11;9;20.11
1996-09-25;34.42;9;34.42
1996-09-26;26.77;9;26.77
1996-09-27;23.98;9;23.98
1996-09-28;21.33;9;21.33
1996-09-29;23.61;9;23.61
1996-09-30;28.19;9;28.19
1996-10-01;32.74;10;32.74
1996-10-02;23.27;10;23.27
1996-10-03;23.22;10;23.22
1996-10-04;22.37;10;22.37
1996-10-05;20.01;10;20.01
1996-10-06;25.61;10;25.61
1996-10-07;24.33;10;24.33
1996-10-08;22.45;10;22.45
1996-10-09;19.85;10;19.85
1996-10-10;21.76;10;21.76
1996-10-11;25.72;10;25.72
1996-10-12;29.72;10;29.72
1996-10-13;28.92;10;28.92
1996-10-14;32.24;10;32.24
1996-10-15;60.71;10;60.71
1996-10-16;37.91;10;37.91
1996-10-17;28.62;10;28.62
1996-10-18;24.24;10;24.24
1996-10-19;22.53;10;22.53
1996-10-20;23.86;10;23.86
1996-10-21;20.68;10;20.68
1996-10-22;19.2;10;19.2
1996-10-23;18.3;10;18.3
1996-10-24;19.62;10;19.62
1996-10-25;18.09;10;18.09
1996-10-26;15.99;10;15.99
1996-10-27;15.0;10;15.0
1996-10-28;24.44;10;24.44
1996-10-29;21.83;10;21.83
1996-10-30;17.64;10;17.64
1996-10-31;16.18;10;16.18
1996-11-01;15.24;11;15.24
1996-11-02;15.0;11;15.0
1996-11-03;14.77;11;14.77
1996-11-04;14.6;11;14.6
1996-11-05;14.53;11;14.53
1996-11-06;13.16;11;13.16
1996-11-07;13.67;11;13.67
1996-11-08;19.09;11;19.09
1996-11-09;24.45;11;24.45
1996-11-10;18.75;11;18.75
1996-11-11;17.01;11;17.01
1996-11-12;19.1;11;19.1
1996-11-13;15.94;11;15.94
1996-11-14;19.82;11;19.82
1996-11-15;33.37;11;33.37
1996-11-16;31.21;11;31.21
1996-11-17;24.62;11;24.62
1996-11-18;22.03;11;22.03
1996-11-19;26.64;11;26.64
1996-11-20;24.12;11;24.12
1996-11-21;21.28;11;21.28
1996-11-22;27.05;11;27.05
1996-11-23;19.82;11;19.82
1996-11-24;19.1;11;19.1
1996-11-25;22.01;11;22.01
1996-11-26;19.49;11;19.49
1996-11-27;16.78;11;16.78
1996-11-28;15.47;11;15.47
1996-11-29;14.54;11;14.54
1996-11-30;13.85;11;13.85
1996-12-01;13.62;12;13.62
1996-12-02;13.15;12;13.15
1996-12-03;12.96;12;12.96
1996-12-04;14.26;12;14.26
1996-12-05;13.16;12;13.16
1996-12-06;13.16;12;13.16
1996-12-07;12.93;12;12.93
1996-12-08;11.78;12;11.78
1996-12-09;11.32;12;11.32
1996-12-10;11.09;12;11.09
1996-12-11;10.86;12;10.86
1996-12-12;10.63;12;10.63
1996-12-13;12.53;12;12.53
1996-12-14;14.22;12;14.22
1996-12-15;15.03;12;15.03
1996-12-16;13.13;12;13.13
1996-12-17;11.99;12;11.99
1996-12-18;11.07;12;11.07
1996-12-19;10.06;12;10.06
1996-12-20;9.72;12;9.72
1996-12-21;9.38;12;9.38
1996-12-22;9.04;12;9.04
1996-12-23;9.04;12;9.04
1996-12-24;9.32;12;9.32
1996-12-25;8.7;12;8.7
1996-12-26;8.61;12;8.61
1996-12-27;8.36;12;8.36
1996-12-28;8.02;12;8.02
1996-12-29;7.68;12;7.68
1996-12-30;7.51;12;7.51
1996-12-31;7.34;12;7.34
1997-01-01;7.69;1;7.69
1997-01-02;7.34;1;7.34
1997-01-03;7.0;1;7.0
1997-01-04;7.0;1;7.0
1997-01-05;6.84;1;6.84
1997-01-06;6.68;1;6.68
1997-01-07;6.52;1;6.52
1997-01-08;6.36;1;6.36
1997-01-09;6.36;1;6.36
1997-01-10;6.52;1;6.52
1997-01-11;7.04;1;7.04
1997-01-12;9.82;1;9.82
1997-01-13;11.25;1;11.25
1997-01-14;8.01;1;8.01
1997-01-15;7.33;1;7.33
1997-01-16;7.0;1;7.0
1997-01-17;6.83;1;6.83
1997-01-18;6.2;1;6.2
1997-01-19;5.95;1;5.95
1997-01-20;5.72;1;5.72
1997-01-21;5.72;1;5.72
1997-01-22;5.72;1;5.72
1997-01-23;5.72;1;5.72
1997-01-24;5.72;1;5.72
1997-01-25;5.72;1;5.72
1997-01-26;7.65;1;7.65
1997-01-27;6.11;1;6.11
1997-01-28;5.24;1;5.24
1997-01-29;4.92;1;4.92
1997-01-30;4.76;1;4.76
1997-01-31;4.76;1;4.76
1997-02-01;4.76;2;4.76
1997-02-02;4.76;2;4.76
1997-02-03;4.76;2;4.76
1997-02-04;7.45;2;7.45
1997-02-05;5.88;2;5.88
1997-02-06;5.72;2;5.72
1997-02-07;5.4;2;5.4
1997-02-08;4.92;2;4.92
1997-02-09;4.95;2;4.95
1997-02-10;5.91;2;5.91
1997-02-11;7.0;2;7.0
1997-02-12;11.57;2;11.57
1997-02-13;12.58;2;12.58
1997-02-14;17.06;2;17.06
1997-02-15;17.5;2;17.5
1997-02-16;12.39;2;12.39
1997-02-17;11.27;2;11.27
1997-02-18;12.99;2;12.99
1997-02-19;9.71;2;9.71
1997-02-20;8.44;2;8.44
1997-02-21;8.19;2;8.19
1997-02-22;7.68;2;7.68
1997-02-23;10.52;2;10.52
1997-02-24;13.29;2;13.29
1997-02-25;12.49;2;12.49
1997-02-26;21.74;2;21.74
1997-02-27;22.86;2;22.86
1997-02-28;10.4;2;10.4
1997-03-01;10.4;3;10.4
1997-03-02;8.36;3;8.36
1997-03-03;7.0;3;7.0
1997-03-04;6.84;3;6.84
1997-03-05;6.36;3;6.36
1997-03-06;5.88;3;5.88
1997-03-07;5.4;3;5.4
1997-03-08;5.08;3;5.08
1997-03-09;6.68;3;6.68
1997-03-10;5.56;3;5.56
1997-03-11;7.0;3;7.0
1997-03-12;10.23;3;10.23
1997-03-13;10.4;3;10.4
1997-03-14;14.77;3;14.77
1997-03-15;6.52;3;6.52
1997-03-16;6.04;3;6.04
1997-03-17;7.0;3;7.0
1997-03-18;12.5;3;12.5
1997-03-19;16.88;3;16.88
1997-03-20;10.55;3;10.55
1997-03-21;8.62;3;8.62
1997-03-22;7.58;3;7.58
1997-03-23;7.0;3;7.0
1997-03-24;6.82;3;6.82
1997-03-25;6.2;3;6.2
1997-03-26;5.88;3;5.88
1997-03-27;5.72;3;5.72
1997-03-28;5.72;3;5.72
1997-03-29;5.72;3;5.72
1997-03-30;5.72;3;5.72
1997-03-31;5.57;3;5.57
1997-04-01;7.91;4;7.91
1997-04-02;8.25;4;8.25
1997-04-03;6.27;4;6.27
1997-04-04;10.47;4;10.47
1997-04-05;11.41;4;11.41
1997-04-06;9.53;4;9.53
1997-04-07;8.03;4;8.03
1997-04-08;7.43;4;7.43
1997-04-09;8.56;4;8.56
1997-04-10;8.23;4;8.23
1997-04-11;9.18;4;9.18
1997-04-12;10.77;4;10.77
1997-04-13;10.01;4;10.01
1997-04-14;8.91;4;8.91
1997-04-15;8.15;4;8.15
1997-04-16;7.81;4;7.81
1997-04-17;10.56;4;10.56
1997-04-18;10.71;4;10.71
1997-04-19;15.79;4;15.79
1997-04-20;13.14;4;13.14
1997-04-21;12.43;4;12.43
1997-04-22;11.4;4;11.4
1997-04-23;10.44;4;10.44
1997-04-24;17.69;4;17.69
1997-04-25;11.93;4;11.93
1997-04-26;9.98;4;9.98
1997-04-27;9.04;4;9.04
1997-04-28;8.19;4;8.19
1997-04-29;7.68;4;7.68
1997-04-30;7.17;4;7.17
1997-05-01;7.21;5;7.21
1997-05-02;7.34;5;7.34
1997-05-03;11.81;5;11.81
1997-05-04;12.35;5;12.35
1997-05-05;9.02;5;9.02
1997-05-06;8.36;5;8.36
1997-05-07;9.14;5;9.14
1997-05-08;9.25;5;9.25
1997-05-09;9.62;5;9.62
1997-05-10;20.95;5;20.95
1997-05-11;28.23;5;28.23
1997-05-12;26.87;5;26.87
1997-05-13;16.54;5;16.54
1997-05-14;13.37;5;13.37
1997-05-15;11.42;5;11.42
1997-05-16;10.23;5;10.23
1997-05-17;9.72;5;9.72
1997-05-18;9.85;5;9.85
1997-05-19;9.77;5;9.77
1997-05-20;14.88;5;14.88
1997-05-21;15.45;5;15.45
1997-05-22;18.19;5;18.19
1997-05-23;20.12;5;20.12
1997-05-24;14.77;5;14.77
1997-05-25;18.36;5;18.36
1997-05-26;24.8;5;24.8
1997-05-27;69.29;5;69.29
1997-05-28;33.04;5;33.04
1997-05-29;46.38;5;46.38
1997-05-30;32.79;5;32.79
1997-05-31;26.35;5;26.35
1997-06-01;23.54;6;23.54
1997-06-02;21.15;6;21.15
1997-06-03;19.37;6;19.37
1997-06-04;17.66;6;17.66
1997-06-05;24.18;6;24.18
1997-06-06;36.25;6;36.25
1997-06-07;25.11;6;25.11
1997-06-08;19.81;6;19.81
1997-06-09;20.56;6;20.56
1997-06-10;21.99;6;21.99
1997-06-11;22.7;6;22.7
1997-06-12;19.41;6;19.41
1997-06-13;18.62;6;18.62
1997-06-14;24.95;6;24.95
1997-06-15;20.12;6;20.12
1997-06-16;19.09;6;19.09
1997-06-17;16.81;6;16.81
1997-06-18;15.3;6;15.3
1997-06-19;23.08;6;23.08
1997-06-20;21.81;6;21.81
1997-06-21;17.92;6;17.92
1997-06-22;16.88;6;16.88
1997-06-23;15.54;6;15.54
1997-06-24;19.6;6;19.6
1997-06-25;35.54;6;35.54
1997-06-26;57.66;6;57.66
1997-06-27;41.15;6;41.15
1997-06-28;28.5;6;28.5
1997-06-29;23.03;6;23.03
1997-06-30;22.82;6;22.82
1997-07-01;64.47;7;64.47
1997-07-02;44.18;7;44.18
1997-07-03;38.14;7;38.14
1997-07-04;38.11;7;38.11
1997-07-05;40.47;7;40.47
1997-07-06;40.56;7;40.56
1997-07-07;43.0;7;43.0
1997-07-08;43.59;7;43.59
1997-07-09;51.79;7;51.79
1997-07-10;49.99;7;49.99
1997-07-11;44.55;7;44.55
1997-07-12;53.9;7;53.9
1997-07-13;47.81;7;47.81
1997-07-14;39.94;7;39.94
1997-07-15;42.81;7;42.81
1997-07-16;59.07;7;59.07
1997-07-17;49.59;7;49.59
1997-07-18;52.82;7;52.82
1997-07-19;64.65;7;64.65
1997-07-20;48.78;7;48.78
1997-07-21;41.08;7;41.08
1997-07-22;42.5;7;42.5
1997-07-23;49.75;7;49.75
1997-07-24;49.98;7;49.98
1997-07-25;44.84;7;44.84
1997-07-26;37.11;7;37.11
1997-07-27;33.81;7;33.81
1997-07-28;41.2;7;41.2
1997-07-29;50.24;7;50.24
1997-07-30;41.18;7;41.18
1997-07-31;40.86;7;40.86
1997-08-01;39.01;8;39.01
1997-08-02;33.35;8;33.35
1997-08-03;37.59;8;37.59
1997-08-04;32.38;8;32.38
1997-08-05;32.16;8;32.16
1997-08-06;31.67;8;31.67
1997-08-07;32.46;8;32.46
1997-08-08;26.87;8;26.87
1997-08-09;30.44;8;30.44
1997-08-10;51.88;8;51.88
1997-08-11;34.51;8;34.51
1997-08-12;29.99;8;29.99
1997-08-13;33.88;8;33.88
1997-08-14;50.67;8;50.67
1997-08-15;39.72;8;39.72
1997-08-16;35.85;8;35.85
1997-08-17;31.77;8;31.77
1997-08-18;35.09;8;35.09
1997-08-19;33.04;8;33.04
1997-08-20;39.66;8;39.66
1997-08-21;29.76;8;29.76
1997-08-22;28.97;8;28.97
1997-08-23;30.39;8;30.39
1997-08-24;26.34;8;26.34
1997-08-25;24.36;8;24.36
1997-08-26;22.65;8;22.65
1997-08-27;30.93;8;30.93
1997-08-28;27.47;8;27.47
1997-08-29;22.92;8;22.92
1997-08-30;20.82;8;20.82
1997-08-31;19.21;8;19.21
1997-09-01;18.84;9;18.84
1997-09-02;28.79;9;28.79
1997-09-03;21.32;9;21.32
1997-09-04;18.55;9;18.55
1997-09-05;17.4;9;17.4
1997-09-06;16.92;9;16.92
1997-09-07;18.12;9;18.12
1997-09-08;19.8;9;19.8
1997-09-09;44.65;9;44.65
1997-09-10;21.79;9;21.79
1997-09-11;19.8;9;19.8
1997-09-12;26.18;9;26.18
1997-09-13;21.79;9;21.79
1997-09-14;19.8;9;19.8
1997-09-15;17.88;9;17.88
1997-09-16;16.92;9;16.92
1997-09-17;14.54;9;14.54
1997-09-18;15.48;9;15.48
1997-09-19;15.01;9;15.01
1997-09-20;14.54;9;14.54
1997-09-21;13.85;9;13.85
1997-09-22;14.31;9;14.31
1997-09-23;33.07;9;33.07
1997-09-24;48.53;9;48.53
1997-09-25;30.6;9;30.6
1997-09-26;26.18;9;26.18
1997-09-27;23.51;9;23.51
1997-09-28;22.65;9;22.65
1997-09-29;19.8;9;19.8
1997-09-30;16.92;9;16.92
1997-10-01;15.48;10;15.48
1997-10-02;29.92;10;29.92
1997-10-03;47.68;10;47.68
1997-10-04;44.65;10;44.65
1997-10-05;31.21;10;31.21
1997-10-06;24.1;10;24.1
1997-10-07;21.57;10;21.57
1997-10-08;20.22;10;20.22
1997-10-09;18.96;10;18.96
1997-10-10;25.15;10;25.15
1997-10-11;35.76;10;35.76
1997-10-12;21.05;10;21.05
1997-10-13;29.02;10;29.02
1997-10-14;22.89;10;22.89
1997-10-15;20.54;10;20.54
1997-10-16;22.91;10;22.91
1997-10-17;24.89;10;24.89
1997-10-18;20.99;10;20.99
1997-10-19;18.56;10;18.56
1997-10-20;17.37;10;17.37
1997-10-21;16.92;10;16.92
1997-10-22;16.88;10;16.88
1997-10-23;15.93;10;15.93
1997-10-24;15.1;10;15.1
1997-10-25;14.78;10;14.78
1997-10-26;16.81;10;16.81
1997-10-27;28.95;10;28.95
1997-10-28;23.79;10;23.79
1997-10-29;21.89;10;21.89
1997-10-30;23.84;10;23.84
1997-10-31;19.66;10;19.66
1997-11-01;20.61;11;20.61
1997-11-02;18.39;11;18.39
1997-11-03;16.93;11;16.93
1997-11-04;15.95;11;15.95
1997-11-05;15.24;11;15.24
1997-11-06;15.48;11;15.48
1997-11-07;18.99;11;18.99
1997-11-08;26.73;11;26.73
1997-11-09;35.77;11;35.77
1997-11-10;32.98;11;32.98
1997-11-11;22.08;11;22.08
1997-11-12;17.88;11;17.88
1997-11-13;15.48;11;15.48
1997-11-14;15.0;11;15.0
1997-11-15;14.31;11;14.31
1997-11-16;13.16;11;13.16
1997-11-17;12.24;11;12.24
1997-11-18;10.63;11;10.63
1997-11-19;10.4;11;10.4
1997-11-20;8.19;11;8.19
1997-11-21;10.4;11;10.4
1997-11-22;10.23;11;10.23
1997-11-23;9.55;11;9.55
1997-11-24;10.23;11;10.23
1997-11-25;9.89;11;9.89
1997-11-26;9.72;11;9.72
1997-11-27;9.72;11;9.72
1997-11-28;9.21;11;9.21
1997-11-29;9.55;11;9.55
1997-11-30;10.4;11;10.4
1997-12-01;8.7;12;8.7
1997-12-02;9.55;12;9.55
1997-12-03;9.21;12;9.21
1997-12-04;8.36;12;8.36
1997-12-05;9.04;12;9.04
1997-12-06;8.9;12;8.9
1997-12-07;11.7;12;11.7
1997-12-08;11.16;12;11.16
1997-12-09;9.8;12;9.8
1997-12-10;9.03;12;9.03
1997-12-11;8.53;12;8.53
1997-12-12;8.36;12;8.36
1997-12-13;8.02;12;8.02
1997-12-14;7.68;12;7.68
1997-12-15;7.51;12;7.51
1997-12-16;7.34;12;7.34
1997-12-17;7.17;12;7.17
1997-12-18;7.0;12;7.0
1997-12-19;7.31;12;7.31
1997-12-20;7.34;12;7.34
1997-12-21;7.34;12;7.34
1997-12-22;7.17;12;7.17
1997-12-23;7.0;12;7.0
1997-12-24;7.0;12;7.0
1997-12-25;6.36;12;6.36
1997-12-26;5.72;12;5.72
1997-12-27;6.2;12;6.2
1997-12-28;5.56;12;5.56
1997-12-29;5.24;12;5.24
1997-12-30;5.56;12;5.56
1997-12-31;9.22;12;9.22
1998-01-01;7.08;1;7.08
1998-01-02;6.84;1;6.84
1998-01-03;6.52;1;6.52
1998-01-04;6.36;1;6.36
1998-01-05;6.36;1;6.36
1998-01-06;6.36;1;6.36
1998-01-07;6.86;1;6.86
1998-01-08;6.35;1;6.35
1998-01-09;6.04;1;6.04
1998-01-10;6.04;1;6.04
1998-01-11;6.04;1;6.04
1998-01-12;6.04;1;6.04
1998-01-13;6.04;1;6.04
1998-01-14;6.04;1;6.04
1998-01-15;6.04;1;6.04
1998-01-16;5.88;1;5.88
1998-01-17;5.72;1;5.72
1998-01-18;5.72;1;5.72
1998-01-19;5.72;1;5.72
1998-01-20;5.72;1;5.72
1998-01-21;5.72;1;5.72
1998-01-22;5.56;1;5.56
1998-01-23;4.92;1;4.92
1998-01-24;5.08;1;5.08
1998-01-25;5.08;1;5.08
1998-01-26;4.92;1;4.92
1998-01-27;4.76;1;4.76
1998-01-28;4.76;1;4.76
1998-01-29;4.76;1;4.76
1998-01-30;4.76;1;4.76
1998-01-31;5.52;1;5.52
1998-02-01;5.72;2;5.72
1998-02-02;5.72;2;5.72
1998-02-03;5.56;2;5.56
1998-02-04;5.24;2;5.24
1998-02-05;4.92;2;4.92
1998-02-06;4.76;2;4.76
1998-02-07;4.76;2;4.76
1998-02-08;4.85;2;4.85
1998-02-09;5.08;2;5.08
1998-02-10;5.08;2;5.08
1998-02-11;5.08;2;5.08
1998-02-12;5.08;2;5.08
1998-02-13;4.92;2;4.92
1998-02-14;4.76;2;4.76
1998-02-15;4.76;2;4.76
1998-02-16;4.76;2;4.76
1998-02-17;4.6;2;4.6
1998-02-18;4.44;2;4.44
1998-02-19;4.28;2;4.28
1998-02-20;3.8;2;3.8
1998-02-21;3.8;2;3.8
1998-02-22;3.8;2;3.8
1998-02-23;3.8;2;3.8
1998-02-24;4.7;2;4.7
1998-02-25;4.44;2;4.44
1998-02-26;4.44;2;4.44
1998-02-27;3.8;2;3.8
1998-02-28;3.66;2;3.66
1998-03-01;3.52;3;3.52
1998-03-02;2.87;3;2.87
1998-03-03;2.96;3;2.96
1998-03-04;3.34;3;3.34
1998-03-05;4.01;3;4.01
1998-03-06;4.72;3;4.72
1998-03-07;5.08;3;5.08
1998-03-08;5.67;3;5.67
1998-03-09;5.59;3;5.59
1998-03-10;4.84;3;4.84
1998-03-11;4.36;3;4.36
1998-03-12;3.84;3;3.84
1998-03-13;3.38;3;3.38
1998-03-14;3.24;3;3.24
1998-03-15;3.24;3;3.24
1998-03-16;3.24;3;3.24
1998-03-17;3.24;3;3.24
1998-03-18;3.24;3;3.24
1998-03-19;3.24;3;3.24
1998-03-20;3.24;3;3.24
1998-03-21;4.54;3;4.54
1998-03-22;4.28;3;4.28
1998-03-23;4.25;3;4.25
1998-03-24;3.96;3;3.96
1998-03-25;3.8;3;3.8
1998-03-26;3.8;3;3.8
1998-03-27;5.32;3;5.32
1998-03-28;5.05;3;5.05
1998-03-29;6.38;3;6.38
1998-03-30;6.79;3;6.79
1998-03-31;8.66;3;8.66
1998-04-01;7.03;4;7.03
1998-04-02;6.96;4;6.96
1998-04-03;10.29;4;10.29
1998-04-04;16.79;4;16.79
1998-04-05;23.01;4;23.01
1998-04-06;12.84;4;12.84
1998-04-07;11.49;4;11.49
1998-04-08;8.4;4;8.4
1998-04-09;7.45;4;7.45
1998-04-10;6.69;4;6.69
1998-04-11;5.88;4;5.88
1998-04-12;5.72;4;5.72
1998-04-13;10.17;4;10.17
1998-04-14;25.24;4;25.24
1998-04-15;21.87;4;21.87
1998-04-16;13.52;4;13.52
1998-04-17;11.22;4;11.22
1998-04-18;9.68;4;9.68
1998-04-19;11.38;4;11.38
1998-04-20;15.45;4;15.45
1998-04-21;16.0;4;16.0
1998-04-22;19.46;4;19.46
1998-04-23;13.37;4;13.37
1998-04-24;10.27;4;10.27
1998-04-25;10.85;4;10.85
1998-04-26;10.8;4;10.8
1998-04-27;9.82;4;9.82
1998-04-28;8.53;4;8.53
1998-04-29;8.01;4;8.01
1998-04-30;7.29;4;7.29
1998-05-01;7.0;5;7.0
1998-05-02;6.84;5;6.84
1998-05-03;6.7;5;6.7
1998-05-04;19.64;5;19.64
1998-05-05;24.62;5;24.62
1998-05-06;28.39;5;28.39
1998-05-07;37.8;5;37.8
1998-05-08;34.43;5;34.43
1998-05-09;26.6;5;26.6
1998-05-10;17.92;5;17.92
1998-05-11;14.28;5;14.28
1998-05-12;16.41;5;16.41
1998-05-13;14.2;5;14.2
1998-05-14;11.73;5;11.73
1998-05-15;14.34;5;14.34
1998-05-16;15.36;5;15.36
1998-05-17;17.77;5;17.77
1998-05-18;34.97;5;34.97
1998-05-19;37.0;5;37.0
1998-05-20;32.01;5;32.01
1998-05-21;49.3;5;49.3
1998-05-22;32.39;5;32.39
1998-05-23;63.47;5;63.47
1998-05-24;40.53;5;40.53
1998-05-25;29.67;5;29.67
1998-05-26;27.38;5;27.38
1998-05-27;30.35;5;30.35
1998-05-28;30.8;5;30.8
1998-05-29;28.32;5;28.32
1998-05-30;23.57;5;23.57
1998-05-31;22.91;5;22.91
1998-06-01;21.41;6;21.41
1998-06-02;55.48;6;55.48
1998-06-03;54.64;6;54.64
1998-06-04;49.02;6;49.02
1998-06-05;89.59;6;89.59
1998-06-06;50.42;6;50.42
1998-06-07;63.83;6;63.83
1998-06-08;84.55;6;84.55
1998-06-09;63.92;6;63.92
1998-06-10;50.25;6;50.25
1998-06-11;41.16;6;41.16
1998-06-12;37.29;6;37.29
1998-06-13;32.39;6;32.39
1998-06-14;28.59;6;28.59
1998-06-15;47.22;6;47.22
1998-06-16;54.61;6;54.61
1998-06-17;43.6;6;43.6
1998-06-18;35.7;6;35.7
1998-06-19;30.6;6;30.6
1998-06-20;29.1;6;29.1
1998-06-21;28.38;6;28.38
1998-06-22;50.0;6;50.0
1998-06-23;61.3;6;61.3
1998-06-24;58.24;6;58.24
1998-06-25;54.63;6;54.63
1998-06-26;44.81;6;44.81
1998-06-27;45.7;6;45.7
1998-06-28;50.56;6;50.56
1998-06-29;56.41;6;56.41
1998-06-30;46.91;6;46.91
1998-07-01;51.59;7;51.59
1998-07-02;46.14;7;46.14
1998-07-03;38.64;7;38.64
1998-07-04;38.49;7;38.49
1998-07-05;57.02;7;57.02
1998-07-06;51.36;7;51.36
1998-07-07;45.1;7;45.1
1998-07-08;43.28;7;43.28
1998-07-09;41.36;7;41.36
1998-07-10;50.28;7;50.28
1998-07-11;42.36;7;42.36
1998-07-12;36.15;7;36.15
1998-07-13;32.41;7;32.41
1998-07-14;45.94;7;45.94
1998-07-15;34.77;7;34.77
1998-07-16;33.94;7;33.94
1998-07-17;32.84;7;32.84
1998-07-18;30.13;7;30.13
1998-07-19;28.9;7;28.9
1998-07-20;26.51;7;26.51
1998-07-21;26.15;7;26.15
1998-07-22;24.99;7;24.99
1998-07-23;26.9;7;26.9
1998-07-24;28.18;7;28.18
1998-07-25;25.56;7;25.56
1998-07-26;23.51;7;23.51
1998-07-27;21.83;7;21.83
1998-07-28;27.63;7;27.63
1998-07-29;23.96;7;23.96
1998-07-30;22.38;7;22.38
1998-07-31;26.52;7;26.52
1998-08-01;28.06;8;28.06
1998-08-02;24.48;8;24.48
1998-08-03;23.15;8;23.15
1998-08-04;23.1;8;23.1
1998-08-05;21.8;8;21.8
1998-08-06;21.0;8;21.0
1998-08-07;36.54;8;36.54
1998-08-08;27.85;8;27.85
1998-08-09;23.22;8;23.22
1998-08-10;22.41;8;22.41
1998-08-11;19.99;8;19.99
1998-08-12;26.24;8;26.24
1998-08-13;36.51;8;36.51
1998-08-14;33.25;8;33.25
1998-08-15;33.94;8;33.94
1998-08-16;28.76;8;28.76
1998-08-17;27.12;8;27.12
1998-08-18;25.94;8;25.94
1998-08-19;21.83;8;21.83
1998-08-20;21.24;8;21.24
1998-08-21;24.24;8;24.24
1998-08-22;23.18;8;23.18
1998-08-23;22.08;8;22.08
1998-08-24;20.49;8;20.49
1998-08-25;24.97;8;24.97
1998-08-26;26.89;8;26.89
1998-08-27;26.46;8;26.46
1998-08-28;22.0;8;22.0
1998-08-29;19.32;8;19.32
1998-08-30;18.36;8;18.36
1998-08-31;18.39;8;18.39
1998-09-01;36.71;9;36.71
1998-09-02;34.01;9;34.01
1998-09-03;28.46;9;28.46
1998-09-04;26.93;9;26.93
1998-09-05;22.65;9;22.65
1998-09-06;20.98;9;20.98
1998-09-07;19.32;9;19.32
1998-09-08;21.7;9;21.7
1998-09-09;18.83;9;18.83
1998-09-10;17.39;9;17.39
1998-09-11;16.92;9;16.92
1998-09-12;17.3;9;17.3
1998-09-13;38.49;9;38.49
1998-09-14;40.05;9;40.05
1998-09-15;35.79;9;35.79
1998-09-16;31.7;9;31.7
1998-09-17;27.99;9;27.99
1998-09-18;27.52;9;27.52
1998-09-19;26.18;9;26.18
1998-09-20;21.9;9;21.9
1998-09-21;23.41;9;23.41
1998-09-22;27.72;9;27.72
1998-09-23;55.52;9;55.52
1998-09-24;44.54;9;44.54
1998-09-25;32.39;9;32.39
1998-09-26;27.2;9;27.2
1998-09-27;31.95;9;31.95
1998-09-28;32.18;9;32.18
1998-09-29;28.98;9;28.98
1998-09-30;24.07;9;24.07
1998-10-01;23.64;10;23.64
1998-10-02;25.26;10;25.26
1998-10-03;25.57;10;25.57
1998-10-04;25.86;10;25.86
1998-10-05;24.14;10;24.14
1998-10-06;21.8;10;21.8
1998-10-07;23.08;10;23.08
1998-10-08;33.76;10;33.76
1998-10-09;46.16;10;46.16
1998-10-10;38.13;10;38.13
1998-10-11;28.9;10;28.9
1998-10-12;24.97;10;24.97
1998-10-13;22.65;10;22.65
1998-10-14;26.37;10;26.37
1998-10-15;25.26;10;25.26
1998-10-16;22.14;10;22.14
1998-10-17;19.58;10;19.58
1998-10-18;18.36;10;18.36
1998-10-19;17.88;10;17.88
1998-10-20;19.01;10;19.01
1998-10-21;25.41;10;25.41
1998-10-22;26.26;10;26.26
1998-10-23;45.93;10;45.93
1998-10-24;71.62;10;71.62
1998-10-25;48.3;10;48.3
1998-10-26;34.67;10;34.67
1998-10-27;27.88;10;27.88
1998-10-28;29.0;10;29.0
1998-10-29;25.09;10;25.09
1998-10-30;23.08;10;23.08
1998-10-31;29.85;10;29.85
1998-11-01;22.65;11;22.65
1998-11-02;20.66;11;20.66
1998-11-03;20.37;11;20.37
1998-11-04;24.18;11;24.18
1998-11-05;22.0;11;22.0
1998-11-06;20.57;11;20.57
1998-11-07;24.46;11;24.46
1998-11-08;22.95;11;22.95
1998-11-09;20.79;11;20.79
1998-11-10;19.58;11;19.58
1998-11-11;18.36;11;18.36
1998-11-12;17.4;11;17.4
1998-11-13;16.92;11;16.92
1998-11-14;17.38;11;17.38
1998-11-15;18.24;11;18.24
1998-11-16;17.4;11;17.4
1998-11-17;16.44;11;16.44
1998-11-18;15.72;11;15.72
1998-11-19;15.24;11;15.24
1998-11-20;15.0;11;15.0
1998-11-21;20.87;11;20.87
1998-11-22;33.36;11;33.36
1998-11-23;33.04;11;33.04
1998-11-24;24.39;11;24.39
1998-11-25;20.37;11;20.37
1998-11-26;17.64;11;17.64
1998-11-27;15.48;11;15.48
1998-11-28;13.16;11;13.16
1998-11-29;12.24;11;12.24
1998-11-30;11.32;11;11.32
1998-12-01;12.7;12;12.7
1998-12-02;17.78;12;17.78
1998-12-03;15.75;12;15.75
1998-12-04;35.82;12;35.82
1998-12-05;20.01;12;20.01
1998-12-06;17.45;12;17.45
1998-12-07;22.55;12;22.55
1998-12-08;24.93;12;24.93
1998-12-09;26.52;12;26.52
1998-12-10;22.87;12;22.87
1998-12-11;18.65;12;18.65
1998-12-12;17.55;12;17.55
1998-12-13;16.53;12;16.53
1998-12-14;15.47;12;15.47
1998-12-15;16.08;12;16.08
1998-12-16;16.92;12;16.92
1998-12-17;15.47;12;15.47
1998-12-18;14.41;12;14.41
1998-12-19;13.39;12;13.39
1998-12-20;13.07;12;13.07
1998-12-21;12.17;12;12.17
1998-12-22;11.55;12;11.55
1998-12-23;11.36;12;11.36
1998-12-24;11.7;12;11.7
1998-12-25;11.09;12;11.09
1998-12-26;10.86;12;10.86
1998-12-27;12.95;12;12.95
1998-12-28;17.03;12;17.03
1998-12-29;13.42;12;13.42
1998-12-30;11.89;12;11.89
1998-12-31;12.73;12;12.73
1999-01-01;12.12;1;12.12
1999-01-02;11.32;1;11.32
1999-01-03;11.45;1;11.45
1999-01-04;10.42;1;10.42
1999-01-05;9.97;1;9.97
1999-01-06;9.97;1;9.97
1999-01-07;9.27;1;9.27
1999-01-08;8.91;1;8.91
1999-01-09;8.46;1;8.46
1999-01-10;9.17;1;9.17
1999-01-11;11.13;1;11.13
1999-01-12;13.15;1;13.15
1999-01-13;9.83;1;9.83
1999-01-14;8.94;1;8.94
1999-01-15;8.36;1;8.36
1999-01-16;8.27;1;8.27
1999-01-17;8.02;1;8.02
1999-01-18;7.85;1;7.85
1999-01-19;7.68;1;7.68
1999-01-20;7.68;1;7.68
1999-01-21;8.14;1;8.14
1999-01-22;8.57;1;8.57
1999-01-23;9.11;1;9.11
1999-01-24;9.03;1;9.03
1999-01-25;8.39;1;8.39
1999-01-26;9.38;1;9.38
1999-01-27;8.58;1;8.58
1999-01-28;8.36;1;8.36
1999-01-29;8.36;1;8.36
1999-01-30;8.69;1;8.69
1999-01-31;8.53;1;8.53
1999-02-01;8.36;2;8.36
1999-02-02;8.36;2;8.36
1999-02-03;8.36;2;8.36
1999-02-04;8.27;2;8.27
1999-02-05;7.85;2;7.85
1999-02-06;7.59;2;7.59
1999-02-07;7.51;2;7.51
1999-02-08;9.4;2;9.4
1999-02-09;8.97;2;8.97
1999-02-10;15.74;2;15.74
1999-02-11;13.47;2;13.47
1999-02-12;11.79;2;11.79
1999-02-13;10.77;2;10.77
1999-02-14;9.72;2;9.72
1999-02-15;11.89;2;11.89
1999-02-16;9.37;2;9.37
1999-02-17;9.21;2;9.21
1999-02-18;11.35;2;11.35
1999-02-19;12.64;2;12.64
1999-02-20;17.74;2;17.74
1999-02-21;22.15;2;22.15
1999-02-22;25.46;2;25.46
1999-02-23;18.83;2;18.83
1999-02-24;15.91;2;15.91
1999-02-25;20.83;2;20.83
1999-02-26;15.64;2;15.64
1999-02-27;14.34;2;14.34
1999-02-28;12.6;2;12.6
1999-03-01;11.55;3;11.55
1999-03-02;11.32;3;11.32
1999-03-03;10.51;3;10.51
1999-03-04;9.68;3;9.68
1999-03-05;9.45;3;9.45
1999-03-06;9.1;3;9.1
1999-03-07;8.29;3;8.29
1999-03-08;7.73;3;7.73
1999-03-09;7.71;3;7.71
1999-03-10;8.4;3;8.4
1999-03-11;9.35;3;9.35
1999-03-12;8.57;3;8.57
1999-03-13;10.23;3;10.23
1999-03-14;11.24;3;11.24
1999-03-15;20.28;3;20.28
1999-03-16;13.83;3;13.83
1999-03-17;15.48;3;15.48
1999-03-18;11.32;3;11.32
1999-03-19;9.04;3;9.04
1999-03-20;7.68;3;7.68
1999-03-21;7.34;3;7.34
1999-03-22;7.0;3;7.0
1999-03-23;6.68;3;6.68
1999-03-24;7.0;3;7.0
1999-03-25;6.36;3;6.36
1999-03-26;6.04;3;6.04
1999-03-27;6.04;3;6.04
1999-03-28;6.68;3;6.68
1999-03-29;7.0;3;7.0
1999-03-30;7.34;3;7.34
1999-03-31;6.36;3;6.36
1999-04-01;5.08;4;5.08
1999-04-02;5.72;4;5.72
1999-04-03;35.76;4;35.76
1999-04-04;11.09;4;11.09
1999-04-05;18.84;4;18.84
1999-04-06;30.26;4;30.26
1999-04-07;48.27;4;48.27
1999-04-08;62.71;4;62.71
1999-04-09;67.94;4;67.94
1999-04-10;57.8;4;57.8
1999-04-11;39.24;4;39.24
1999-04-12;30.28;4;30.28
1999-04-13;24.97;4;24.97
1999-04-14;22.65;4;22.65
1999-04-15;36.44;4;36.44
1999-04-16;29.97;4;29.97
1999-04-17;23.22;4;23.22
1999-04-18;19.87;4;19.87
1999-04-19;18.12;4;18.12
1999-04-20;16.92;4;16.92
1999-04-21;16.2;4;16.2
1999-04-22;15.72;4;15.72
1999-04-23;20.21;4;20.21
1999-04-24;18.75;4;18.75
1999-04-25;22.41;4;22.41
1999-04-26;40.4;4;40.4
1999-04-27;69.83;4;69.83
1999-04-28;33.39;4;33.39
1999-04-29;27.7;4;27.7
1999-04-30;24.67;4;24.67
1999-05-01;22.1;5;22.1
1999-05-02;18.36;5;18.36
1999-05-03;16.92;5;16.92
1999-05-04;15.48;5;15.48
1999-05-05;14.54;5;14.54
1999-05-06;13.62;5;13.62
1999-05-07;12.93;5;12.93
1999-05-08;12.7;5;12.7
1999-05-09;12.7;5;12.7
1999-05-10;15.98;5;15.98
1999-05-11;20.4;5;20.4
1999-05-12;30.1;5;30.1
1999-05-13;19.29;5;19.29
1999-05-14;22.26;5;22.26
1999-05-15;26.31;5;26.31
1999-05-16;20.14;5;20.14
1999-05-17;16.68;5;16.68
1999-05-18;14.77;5;14.77
1999-05-19;13.62;5;13.62
1999-05-20;13.16;5;13.16
1999-05-21;13.16;5;13.16
1999-05-22;13.62;5;13.62
1999-05-23;13.52;5;13.52
1999-05-24;12.01;5;12.01
1999-05-25;10.88;5;10.88
1999-05-26;10.06;5;10.06
1999-05-27;9.04;5;9.04
1999-05-28;8.7;5;8.7
1999-05-29;12.32;5;12.32
1999-05-30;17.47;5;17.47
1999-05-31;17.72;5;17.72
1999-06-01;20.67;6;20.67
1999-06-02;14.8;6;14.8
1999-06-03;15.24;6;15.24
1999-06-04;15.05;6;15.05
1999-06-05;15.02;6;15.02
1999-06-06;15.96;6;15.96
1999-06-07;15.96;6;15.96
1999-06-08;15.96;6;15.96
1999-06-09;16.85;6;16.85
1999-06-10;23.1;6;23.1
1999-06-11;16.92;6;16.92
1999-06-12;15.48;6;15.48
1999-06-13;14.77;6;14.77
1999-06-14;14.12;6;14.12
1999-06-15;15.64;6;15.64
1999-06-16;12.39;6;12.39
1999-06-17;9.18;6;9.18
1999-06-18;11.4;6;11.4
1999-06-19;11.33;6;11.33
1999-06-20;14.31;6;14.31
1999-06-21;41.72;6;41.72
1999-06-22;23.73;6;23.73
1999-06-23;33.29;6;33.29
1999-06-24;35.51;6;35.51
1999-06-25;32.09;6;32.09
1999-06-26;29.54;6;29.54
1999-06-27;30.79;6;30.79
1999-06-28;60.79;6;60.79
1999-06-29;47.73;6;47.73
1999-06-30;37.09;6;37.09
1999-07-01;26.89;7;26.89
1999-07-02;24.36;7;24.36
1999-07-03;25.81;7;25.81
1999-07-04;27.48;7;27.48
1999-07-05;22.08;7;22.08
1999-07-06;19.08;7;19.08
1999-07-07;42.47;7;42.47
1999-07-08;32.22;7;32.22
1999-07-09;30.01;7;30.01
1999-07-10;53.02;7;53.02
1999-07-11;34.27;7;34.27
1999-07-12;26.31;7;26.31
1999-07-13;45.28;7;45.28
1999-07-14;35.81;7;35.81
1999-07-15;27.88;7;27.88
1999-07-16;24.36;7;24.36
1999-07-17;22.78;7;22.78
1999-07-18;20.1;7;20.1
1999-07-19;19.92;7;19.92
1999-07-20;18.84;7;18.84
1999-07-21;17.88;7;17.88
1999-07-22;17.31;7;17.31
1999-07-23;19.7;7;19.7
1999-07-24;21.57;7;21.57
1999-07-25;17.88;7;17.88
1999-07-26;18.36;7;18.36
1999-07-27;20.85;7;20.85
1999-07-28;21.59;7;21.59
1999-07-29;21.77;7;21.77
1999-07-30;30.38;7;30.38
1999-07-31;31.57;7;31.57
1999-08-01;26.17;8;26.17
1999-08-02;47.1;8;47.1
1999-08-03;79.27;8;79.27
1999-08-04;54.33;8;54.33
1999-08-05;43.49;8;43.49
1999-08-06;40.05;8;40.05
1999-08-07;27.88;8;27.88
1999-08-08;24.84;8;24.84
1999-08-09;24.55;8;24.55
1999-08-10;23.62;8;23.62
1999-08-11;21.22;8;21.22
1999-08-12;19.56;8;19.56
1999-08-13;21.72;8;21.72
1999-08-14;25.35;8;25.35
1999-08-15;22.09;8;22.09
1999-08-16;20.37;8;20.37
1999-08-17;19.09;8;19.09
1999-08-18;17.4;8;17.4
1999-08-19;16.92;8;16.92
1999-08-20;18.91;8;18.91
1999-08-21;17.41;8;17.41
1999-08-22;28.7;8;28.7
1999-08-23;37.75;8;37.75
1999-08-24;29.74;8;29.74
1999-08-25;31.05;8;31.05
1999-08-26;25.64;8;25.64
1999-08-27;30.04;8;30.04
1999-08-28;43.19;8;43.19
1999-08-29;45.65;8;45.65
1999-08-30;29.58;8;29.58
1999-08-31;24.97;8;24.97
1999-09-01;22.08;9;22.08
1999-09-02;21.39;9;21.39
1999-09-03;48.32;9;48.32
1999-09-04;40.34;9;40.34
1999-09-05;34.52;9;34.52
1999-09-06;28.94;9;28.94
1999-09-07;29.76;9;29.76
1999-09-08;28.46;9;28.46
1999-09-09;21.51;9;21.51
1999-09-10;21.97;9;21.97
1999-09-11;21.97;9;21.97
1999-09-12;37.49;9;37.49
1999-09-13;40.72;9;40.72
1999-09-14;57.72;9;57.72
1999-09-15;49.02;9;49.02
1999-09-16;47.75;9;47.75
1999-09-17;37.31;9;37.31
1999-09-18;30.97;9;30.97
1999-09-19;27.36;9;27.36
1999-09-20;24.36;9;24.36
1999-09-21;22.78;9;22.78
1999-09-22;22.83;9;22.83
1999-09-23;24.41;9;24.41
1999-09-24;22.1;9;22.1
1999-09-25;19.32;9;19.32
1999-09-26;18.41;9;18.41
1999-09-27;17.64;9;17.64
1999-09-28;33.38;9;33.38
1999-09-29;33.6;9;33.6
1999-09-30;25.24;9;25.24
1999-10-01;32.82;10;32.82
1999-10-02;56.46;10;56.46
1999-10-03;48.15;10;48.15
1999-10-04;33.84;10;33.84
1999-10-05;35.19;10;35.19
1999-10-06;46.89;10;46.89
1999-10-07;45.8;10;45.8
1999-10-08;49.72;10;49.72
1999-10-09;34.02;10;34.02
1999-10-10;29.75;10;29.75
1999-10-11;29.57;10;29.57
1999-10-12;25.59;10;25.59
1999-10-13;22.94;10;22.94
1999-10-14;22.63;10;22.63
1999-10-15;23.15;10;23.15
1999-10-16;21.79;10;21.79
1999-10-17;27.25;10;27.25
1999-10-18;36.59;10;36.59
1999-10-19;27.5;10;27.5
1999-10-20;22.6;10;22.6
1999-10-21;27.71;10;27.71
1999-10-22;24.69;10;24.69
1999-10-23;33.27;10;33.27
1999-10-24;70.03;10;70.03
1999-10-25;57.78;10;57.78
1999-10-26;40.97;10;40.97
1999-10-27;32.25;10;32.25
1999-10-28;27.88;10;27.88
1999-10-29;25.23;10;25.23
1999-10-30;23.79;10;23.79
1999-10-31;22.47;10;22.47
1999-11-01;20.94;11;20.94
1999-11-02;19.85;11;19.85
1999-11-03;18.84;11;18.84
1999-11-04;19.81;11;19.81
1999-11-05;17.88;11;17.88
1999-11-06;16.92;11;16.92
1999-11-07;18.73;11;18.73
1999-11-08;31.56;11;31.56
1999-11-09;35.22;11;35.22
1999-11-10;20.81;11;20.81
1999-11-11;18.12;11;18.12
1999-11-12;18.98;11;18.98
1999-11-13;22.61;11;22.61
1999-11-14;29.1;11;29.1
1999-11-15;18.71;11;18.71
1999-11-16;17.89;11;17.89
1999-11-17;17.99;11;17.99
1999-11-18;20.65;11;20.65
1999-11-19;42.4;11;42.4
1999-11-20;35.5;11;35.5
1999-11-21;23.73;11;23.73
1999-11-22;18.45;11;18.45
1999-11-23;17.2;11;17.2
1999-11-24;22.31;11;22.31
1999-11-25;22.22;11;22.22
1999-11-26;28.78;11;28.78
1999-11-27;22.21;11;22.21
1999-11-28;18.28;11;18.28
1999-11-29;16.92;11;16.92
1999-11-30;16.44;11;16.44
1999-12-01;17.16;12;17.16
1999-12-02;22.11;12;22.11
1999-12-03;27.69;12;27.69
1999-12-04;19.74;12;19.74
1999-12-05;17.64;12;17.64
1999-12-06;16.44;12;16.44
1999-12-07;15.72;12;15.72
1999-12-08;14.77;12;14.77
1999-12-09;13.85;12;13.85
1999-12-10;13.16;12;13.16
1999-12-11;12.93;12;12.93
1999-12-12;12.47;12;12.47
1999-12-13;12.24;12;12.24
1999-12-14;12.24;12;12.24
1999-12-15;13.86;12;13.86
1999-12-16;16.32;12;16.32
1999-12-17;15.53;12;15.53
1999-12-18;14.08;12;14.08
1999-12-19;12.7;12;12.7
1999-12-20;11.78;12;11.78
1999-12-21;11.09;12;11.09
1999-12-22;10.63;12;10.63
1999-12-23;10.06;12;10.06
1999-12-24;9.72;12;9.72
1999-12-25;9.72;12;9.72
1999-12-26;9.72;12;9.72
1999-12-27;9.72;12;9.72
1999-12-28;9.21;12;9.21
1999-12-29;8.87;12;8.87
1999-12-30;8.7;12;8.7
1999-12-31;8.7;12;8.7
2000-01-01;5.9;1;5.9
2000-01-02;5.2;1;5.2
2000-01-03;4.8;1;4.8
2000-01-04;5.6;1;5.6
2000-01-05;6.2;1;6.2
2000-01-06;5.9;1;5.9
2000-01-07;6.5;1;6.5
2000-01-08;7.0;1;7.0
2000-01-09;7.0;1;7.0
2000-01-10;7.0;1;7.0
2000-01-11;7.0;1;7.0
2000-01-12;7.8;1;7.8
2000-01-13;5.7;1;5.7
2000-01-14;6.2;1;6.2
2000-01-15;6.0;1;6.0
2000-01-16;6.0;1;6.0
2000-01-17;6.4;1;6.4
2000-01-18;5.7;1;5.7
2000-01-19;6.2;1;6.2
2000-01-20;6.5;1;6.5
2000-01-21;7.3;1;7.3
2000-01-22;8.2;1;8.2
2000-01-23;7.0;1;7.0
2000-01-24;6.2;1;6.2
2000-01-25;6.5;1;6.5
2000-01-26;6.0;1;6.0
2000-01-27;6.2;1;6.2
2000-01-28;5.9;1;5.9
2000-01-29;5.6;1;5.6
2000-01-30;5.1;1;5.1
2000-01-31;7.0;1;7.0
2000-02-01;6.4;2;6.4
2000-02-02;12.7;2;12.7
2000-02-03;11.5;2;11.5
2000-02-04;10.9;2;10.9
2000-02-05;6.8;2;6.8
2000-02-06;6.2;2;6.2
2000-02-07;6.0;2;6.0
2000-02-08;6.2;2;6.2
2000-02-09;5.2;2;5.2
2000-02-10;4.1;2;4.1
2000-02-11;4.0;2;4.0
2000-02-12;3.8;2;3.8
2000-02-13;4.1;2;4.1
2000-02-14;3.8;2;3.8
2000-02-15;4.3;2;4.3
2000-02-16;3.5;2;3.5
2000-02-17;3.1;2;3.1
2000-02-18;3.8;2;3.8
2000-02-19;3.8;2;3.8
2000-02-20;3.8;2;3.8
2000-02-21;6.2;2;6.2
2000-02-22;10.9;2;10.9
2000-02-23;10.4;2;10.4
2000-02-24;10.1;2;10.1
2000-02-25;15.0;2;15.0
2000-02-26;18.4;2;18.4
2000-02-27;20.4;2;20.4
2000-02-28;20.1;2;20.1
2000-02-29;32.4;2;32.4
2000-03-01;13.9;3;13.9
2000-03-02;10.4;3;10.4
2000-03-03;15.5;3;15.5
2000-03-04;13.6;3;13.6
2000-03-05;10.9;3;10.9
2000-03-06;9.2;3;9.2
2000-03-07;7.5;3;7.5
2000-03-08;7.3;3;7.3
2000-03-09;6.7;3;6.7
2000-03-10;5.7;3;5.7
2000-03-11;5.6;3;5.6
2000-03-12;5.9;3;5.9
2000-03-13;6.2;3;6.2
2000-03-14;6.4;3;6.4
2000-03-15;5.4;3;5.4
2000-03-16;5.1;3;5.1
2000-03-17;4.6;3;4.6
2000-03-18;4.1;3;4.1
2000-03-19;4.0;3;4.0
2000-03-20;3.8;3;3.8
2000-03-21;4.3;3;4.3
2000-03-22;3.8;3;3.8
2000-03-23;3.8;3;3.8
2000-03-24;4.0;3;4.0
2000-03-25;5.2;3;5.2
2000-03-26;9.4;3;9.4
2000-03-27;33.5;3;33.5
2000-03-28;14.3;3;14.3
2000-03-29;11.1;3;11.1
2000-03-30;6.7;3;6.7
2000-03-31;6.0;3;6.0
2000-04-01;6.2;4;6.2
2000-04-02;6.0;4;6.0
2000-04-03;5.2;4;5.2
2000-04-04;5.1;4;5.1
2000-04-05;7.0;4;7.0
2000-04-06;15.5;4;15.5
2000-04-07;47.8;4;47.8
2000-04-08;33.5;4;33.5
2000-04-09;13.9;4;13.9
2000-04-10;10.9;4;10.9
2000-04-11;10.1;4;10.1
2000-04-12;7.0;4;7.0
2000-04-13;7.3;4;7.3
2000-04-14;10.1;4;10.1
2000-04-15;8.4;4;8.4
2000-04-16;9.9;4;9.9
2000-04-17;8.4;4;8.4
2000-04-18;7.5;4;7.5
2000-04-19;7.5;4;7.5
2000-04-20;8.4;4;8.4
2000-04-21;7.3;4;7.3
2000-04-22;7.0;4;7.0
2000-04-23;7.0;4;7.0
2000-04-24;21.2;4;21.2
2000-04-25;13.2;4;13.2
2000-04-26;10.9;4;10.9
2000-04-27;8.2;4;8.2
2000-04-28;7.0;4;7.0
2000-04-29;7.0;4;7.0
2000-04-30;6.2;4;6.2
2000-05-01;6.7;5;6.7
2000-05-02;8.4;5;8.4
2000-05-03;7.3;5;7.3
2000-05-04;7.0;5;7.0
2000-05-05;7.0;5;7.0
2000-05-06;7.5;5;7.5
2000-05-07;6.7;5;6.7
2000-05-08;6.7;5;6.7
2000-05-09;5.9;5;5.9
2000-05-10;7.0;5;7.0
2000-05-11;12.7;5;12.7
2000-05-12;20.7;5;20.7
2000-05-13;19.8;5;19.8
2000-05-14;25.6;5;25.6
2000-05-15;24.1;5;24.1
2000-05-16;21.8;5;21.8
2000-05-17;19.8;5;19.8
2000-05-18;16.9;5;16.9
2000-05-19;15.0;5;15.0
2000-05-20;15.5;5;15.5
2000-05-21;17.9;5;17.9
2000-05-22;13.4;5;13.4
2000-05-23;20.7;5;20.7
2000-05-24;18.6;5;18.6
2000-05-25;15.0;5;15.0
2000-05-26;19.8;5;19.8
2000-05-27;16.7;5;16.7
2000-05-28;15.0;5;15.0
2000-05-29;21.2;5;21.2
2000-05-30;19.8;5;19.8
2000-05-31;24.9;5;24.9
2000-06-01;128.3;6;128.3
2000-06-02;28.9;6;28.9
2000-06-03;21.2;6;21.2
2000-06-04;18.1;6;18.1
2000-06-05;17.9;6;17.9
2000-06-06;16.9;6;16.9
2000-06-07;15.5;6;15.5
2000-06-08;15.0;6;15.0
2000-06-09;16.7;6;16.7
2000-06-10;19.3;6;19.3
2000-06-11;19.1;6;19.1
2000-06-12;16.7;6;16.7
2000-06-13;14.5;6;14.5
2000-06-14;31.6;6;31.6
2000-06-15;45.8;6;45.8
2000-06-16;24.9;6;24.9
2000-06-17;21.8;6;21.8
2000-06-18;19.3;6;19.3
2000-06-19;17.4;6;17.4
2000-06-20;27.2;6;27.2
2000-06-21;30.6;6;30.6
2000-06-22;33.5;6;33.5
2000-06-23;31.6;6;31.6
2000-06-24;26.5;6;26.5
2000-06-25;26.0;6;26.0
2000-06-26;23.5;6;23.5
2000-06-27;22.1;6;22.1
2000-06-28;23.5;6;23.5
2000-06-29;30.6;6;30.6
2000-06-30;24.9;6;24.9
2000-07-01;19.9;7;19.9
2000-07-02;16.7;7;16.7
2000-07-03;20.7;7;20.7
2000-07-04;16.2;7;16.2
2000-07-05;15.5;7;15.5
2000-07-06;16.0;7;16.0
2000-07-07;19.1;7;19.1
2000-07-08;16.9;7;16.9
2000-07-09;15.5;7;15.5
2000-07-10;11.5;7;11.5
2000-07-11;12.2;7;12.2
2000-07-12;10.6;7;10.6
2000-07-13;64.4;7;64.4
2000-07-14;43.9;7;43.9
2000-07-15;24.9;7;24.9
2000-07-16;49.7;7;49.7
2000-07-17;28.2;7;28.2
2000-07-18;23.5;7;23.5
2000-07-19;22.1;7;22.1
2000-07-20;24.9;7;24.9
2000-07-21;23.8;7;23.8
2000-07-22;23.8;7;23.8
2000-07-23;21.5;7;21.5
2000-07-24;14.5;7;14.5
2000-07-25;32.4;7;32.4
2000-07-26;24.9;7;24.9
2000-07-27;26.2;7;26.2
2000-07-28;30.6;7;30.6
2000-07-29;38.1;7;38.1
2000-07-30;69.0;7;69.0
2000-07-31;47.8;7;47.8
2000-08-01;31.6;8;31.6
2000-08-02;22.6;8;22.6
2000-08-03;21.8;8;21.8
2000-08-04;23.5;8;23.5
2000-08-05;22.6;8;22.6
2000-08-06;21.8;8;21.8
2000-08-07;19.1;8;19.1
2000-08-08;16.9;8;16.9
2000-08-09;15.5;8;15.5
2000-08-10;15.2;8;15.2
2000-08-11;15.0;8;15.0
2000-08-12;14.1;8;14.1
2000-08-13;12.7;8;12.7
2000-08-14;10.9;8;10.9
2000-08-15;10.4;8;10.4
2000-08-16;10.2;8;10.2
2000-08-17;10.6;8;10.6
2000-08-18;10.4;8;10.4
2000-08-19;10.9;8;10.9
2000-08-20;11.1;8;11.1
2000-08-21;10.4;8;10.4
2000-08-22;10.3;8;10.3
2000-08-23;11.3;8;11.3
2000-08-24;10.9;8;10.9
2000-08-25;10.2;8;10.2
2000-08-26;14.5;8;14.5
2000-08-27;19.8;8;19.8
2000-08-28;35.5;8;35.5
2000-08-29;43.9;8;43.9
2000-08-30;22.6;8;22.6
2000-08-31;19.3;8;19.3
2000-09-01;16.9;9;16.9
2000-09-02;21.2;9;21.2
2000-09-03;24.1;9;24.1
2000-09-04;26.2;9;26.2
2000-09-05;23.5;9;23.5
2000-09-06;18.6;9;18.6
2000-09-07;15.5;9;15.5
2000-09-08;14.5;9;14.5
2000-09-09;17.4;9;17.4
2000-09-10;18.6;9;18.6
2000-09-11;19.3;9;19.3
2000-09-12;18.6;9;18.6
2000-09-13;16.9;9;16.9
2000-09-14;17.2;9;17.2
2000-09-15;16.0;9;16.0
2000-09-16;15.5;9;15.5
2000-09-17;16.7;9;16.7
2000-09-18;14.5;9;14.5
2000-09-19;14.1;9;14.1
2000-09-20;15.0;9;15.0
2000-09-21;15.5;9;15.5
2000-09-22;16.9;9;16.9
2000-09-23;103.0;9;103.0
2000-09-24;64.5;9;64.5
2000-09-25;58.7;9;58.7
2000-09-26;45.8;9;45.8
2000-09-27;31.6;9;31.6
2000-09-28;30.6;9;30.6
2000-09-29;36.9;9;36.9
2000-09-30;31.6;9;31.6
2000-10-01;21.8;10;21.8
2000-10-02;20.7;10;20.7
2000-10-03;19.3;10;19.3
2000-10-04;17.4;10;17.4
2000-10-05;17.6;10;17.6
2000-10-06;18.1;10;18.1
2000-10-07;19.8;10;19.8
2000-10-08;20.7;10;20.7
2000-10-09;20.1;10;20.1
2000-10-10;19.6;10;19.6
2000-10-11;16.0;10;16.0
2000-10-12;15.2;10;15.2
2000-10-13;15.0;10;15.0
2000-10-14;14.3;10;14.3
2000-10-15;14.1;10;14.1
2000-10-16;14.5;10;14.5
2000-10-17;15.5;10;15.5
2000-10-18;22.6;10;22.6
2000-10-19;25.5;10;25.5
2000-10-20;23.5;10;23.5
2000-10-21;21.2;10;21.2
2000-10-22;16.0;10;16.0
2000-10-23;15.0;10;15.0
2000-10-24;14.1;10;14.1
2000-10-25;16.0;10;16.0
2000-10-26;16.4;10;16.4
2000-10-27;14.3;10;14.3
2000-10-28;18.6;10;18.6
2000-10-29;19.8;10;19.8
2000-10-30;16.9;10;16.9
2000-10-31;15.5;10;15.5
2000-11-01;14.5;11;14.5
2000-11-02;13.2;11;13.2
2000-11-03;12.2;11;12.2
2000-11-04;20.7;11;20.7
2000-11-05;36.2;11;36.2
2000-11-06;26.2;11;26.2
2000-11-07;28.2;11;28.2
2000-11-08;19.6;11;19.6
2000-11-09;18.6;11;18.6
2000-11-10;16.9;11;16.9
2000-11-11;16.2;11;16.2
2000-11-12;16.0;11;16.0
2000-11-13;15.2;11;15.2
2000-11-14;14.8;11;14.8
2000-11-15;16.9;11;16.9
2000-11-16;15.5;11;15.5
2000-11-17;16.9;11;16.9
2000-11-18;23.2;11;23.2
2000-11-19;26.5;11;26.5
2000-11-20;25.5;11;25.5
2000-11-21;24.1;11;24.1
2000-11-22;21.8;11;21.8
2000-11-23;19.8;11;19.8
2000-11-24;18.6;11;18.6
2000-11-25;16.9;11;16.9
2000-11-26;14.5;11;14.5
2000-11-27;13.6;11;13.6
2000-11-28;12.2;11;12.2
2000-11-29;13.9;11;13.9
2000-11-30;13.4;11;13.4
2000-12-01;10.4;12;10.4
2000-12-02;11.1;12;11.1
2000-12-03;9.7;12;9.7
2000-12-04;10.2;12;10.2
2000-12-05;9.0;12;9.0
2000-12-06;9.5;12;9.5
2000-12-07;8.5;12;8.5
2000-12-08;9.0;12;9.0
2000-12-09;8.0;12;8.0
2000-12-10;7.7;12;7.7
2000-12-11;7.0;12;7.0
2000-12-12;7.0;12;7.0
2000-12-13;6.8;12;6.8
2000-12-14;6.5;12;6.5
2000-12-15;6.5;12;6.5
2000-12-16;6.4;12;6.4
2000-12-17;6.4;12;6.4
2000-12-18;4.9;12;4.9
2000-12-19;3.8;12;3.8
2000-12-20;2.7;12;2.7
2000-12-21;1.7;12;1.7
2000-12-22;2.1;12;2.1
2000-12-23;1.4;12;1.4
2000-12-24;1.7;12;1.7
2000-12-25;1.0;12;1.0
2000-12-26;3.0;12;3.0
2000-12-27;3.8;12;3.8
2000-12-28;4.9;12;4.9
2000-12-29;3.8;12;3.8
2000-12-30;6.4;12;6.4
2000-12-31;24.4;12;24.4
2001-01-01;6.2;1;6.2
2001-01-02;4.9;1;4.9
2001-01-03;3.1;1;3.1
2001-01-04;4.6;1;4.6
2001-01-05;3.4;1;3.4
2001-01-06;6.2;1;6.2
2001-01-07;5.7;1;5.7
2001-01-08;5.1;1;5.1
2001-01-09;4.8;1;4.8
2001-01-10;4.4;1;4.4
2001-01-11;4.1;1;4.1
2001-01-12;3.5;1;3.5
2001-01-13;3.8;1;3.8
2001-01-14;4.0;1;4.0
2001-01-15;4.3;1;4.3
2001-01-16;4.1;1;4.1
2001-01-17;3.7;1;3.7
2001-01-18;2.8;1;2.8
2001-01-19;3.1;1;3.1
2001-01-20;2.4;1;2.4
2001-01-21;2.4;1;2.4
2001-01-22;2.7;1;2.7
2001-01-23;3.8;1;3.8
2001-01-24;3.4;1;3.4
2001-01-25;3.0;1;3.0
2001-01-26;2.0;1;2.0
2001-01-27;1.8;1;1.8
2001-01-28;1.8;1;1.8
2001-01-29;1.0;1;1.0
2001-01-30;1.3;1;1.3
2001-01-31;1.4;1;1.4
2001-02-01;2.1;2;2.1
2001-02-02;2.8;2;2.8
2001-02-03;2.8;2;2.8
2001-02-04;2.3;2;2.3
2001-02-05;1.7;2;1.7
2001-02-06;2.1;2;2.1
2001-02-07;2.7;2;2.7
2001-02-08;2.4;2;2.4
2001-02-09;1.3;2;1.3
2001-02-10;1.0;2;1.0
2001-02-11;1.6;2;1.6
2001-02-12;2.3;2;2.3
2001-02-13;1.8;2;1.8
2001-02-14;1.6;2;1.6
2001-02-15;2.4;2;2.4
2001-02-16;1.7;2;1.7
2001-02-17;1.3;2;1.3
2001-02-18;1.3;2;1.3
2001-02-19;1.0;2;1.0
2001-02-20;1.3;2;1.3
2001-02-21;1.4;2;1.4
2001-02-22;1.8;2;1.8
2001-02-23;1.3;2;1.3
2001-02-24;2.4;2;2.4
2001-02-25;2.8;2;2.8
2001-02-26;3.2;2;3.2
2001-02-27;3.5;2;3.5
2001-02-28;3.0;2;3.0
2001-03-01;3.4;3;3.4
2001-03-02;3.0;3;3.0
2001-03-03;2.5;3;2.5
2001-03-04;2.3;3;2.3
2001-03-05;3.7;3;3.7
2001-03-06;2.8;3;2.8
2001-03-07;2.8;3;2.8
2001-03-08;3.0;3;3.0
2001-03-09;2.1;3;2.1
2001-03-10;1.8;3;1.8
2001-03-11;2.7;3;2.7
2001-03-12;3.0;3;3.0
2001-03-13;2.7;3;2.7
2001-03-14;3.1;3;3.1
2001-03-15;3.4;3;3.4
2001-03-16;2.8;3;2.8
2001-03-17;2.5;3;2.5
2001-03-18;2.8;3;2.8
2001-03-19;3.2;3;3.2
2001-03-20;5.4;3;5.4
2001-03-21;5.7;3;5.7
2001-03-22;6.0;3;6.0
2001-03-23;6.2;3;6.2
2001-03-24;6.7;3;6.7
2001-03-25;8.7;3;8.7
2001-03-26;6.4;3;6.4
2001-03-27;5.9;3;5.9
2001-03-28;4.9;3;4.9
2001-03-29;4.6;3;4.6
2001-03-30;3.5;3;3.5
2001-03-31;2.7;3;2.7
2001-04-01;3.1;4;3.1
2001-04-02;3.0;4;3.0
2001-04-03;2.7;4;2.7
2001-04-04;2.5;4;2.5
2001-04-05;3.1;4;3.1
2001-04-06;3.4;4;3.4
2001-04-07;8.2;4;8.2
2001-04-08;4.1;4;4.1
2001-04-09;4.1;4;4.1
2001-04-10;3.5;4;3.5
2001-04-11;3.8;4;3.8
2001-04-12;3.7;4;3.7
2001-04-13;3.4;4;3.4
2001-04-14;3.0;4;3.0
2001-04-15;3.1;4;3.1
2001-04-16;3.1;4;3.1
2001-04-17;2.7;4;2.7
2001-04-18;3.0;4;3.0
2001-04-19;3.2;4;3.2
2001-04-20;3.1;4;3.1
2001-04-21;3.2;4;3.2
2001-04-22;3.0;4;3.0
2001-04-23;3.2;4;3.2
2001-04-24;3.4;4;3.4
2001-04-25;3.8;4;3.8
2001-04-26;4.0;4;4.0
2001-04-27;3.7;4;3.7
2001-04-28;3.4;4;3.4
2001-04-29;3.5;4;3.5
2001-04-30;3.5;4;3.5
2001-05-01;3.8;5;3.8
2001-05-02;3.8;5;3.8
2001-05-03;4.3;5;4.3
2001-05-04;3.8;5;3.8
2001-05-05;3.7;5;3.7
2001-05-06;3.7;5;3.7
2001-05-07;3.4;5;3.4
2001-05-08;3.1;5;3.1
2001-05-09;3.2;5;3.2
2001-05-10;3.8;5;3.8
2001-05-11;4.6;5;4.6
2001-05-12;3.8;5;3.8
2001-05-13;3.2;5;3.2
2001-05-14;4.3;5;4.3
2001-05-15;7.0;5;7.0
2001-05-16;6.8;5;6.8
2001-05-17;6.7;5;6.7
2001-05-18;6.8;5;6.8
2001-05-19;12.7;5;12.7
2001-05-20;8.4;5;8.4
2001-05-21;11.9;5;11.9
2001-05-22;7.9;5;7.9
2001-05-23;7.0;5;7.0
2001-05-24;6.7;5;6.7
2001-05-25;6.0;5;6.0
2001-05-26;5.7;5;5.7
2001-05-27;5.9;5;5.9
2001-05-28;6.2;5;6.2
2001-05-29;7.0;5;7.0
2001-05-30;5.7;5;5.7
2001-05-31;5.1;5;5.1
2001-06-01;8.7;6;8.7
2001-06-02;9.2;6;9.2
2001-06-03;15.5;6;15.5
2001-06-04;17.6;6;17.6
2001-06-05;8.7;6;8.7
2001-06-06;16.0;6;16.0
2001-06-07;14.5;6;14.5
2001-06-08;16.7;6;16.7
2001-06-09;15.5;6;15.5
2001-06-10;10.1;6;10.1
2001-06-11;8.5;6;8.5
2001-06-12;8.7;6;8.7
2001-06-13;7.3;6;7.3
2001-06-14;7.3;6;7.3
2001-06-15;14.8;6;14.8
2001-06-16;19.1;6;19.1
2001-06-17;9.7;6;9.7
2001-06-18;10.1;6;10.1
2001-06-19;15.5;6;15.5
2001-06-20;51.6;6;51.6
2001-06-21;64.5;6;64.5
2001-06-22;56.1;6;56.1
2001-06-23;38.1;6;38.1
2001-06-24;24.4;6;24.4
2001-06-25;32.8;6;32.8
2001-06-26;83.0;6;83.0
2001-06-27;47.8;6;47.8
2001-06-28;47.8;6;47.8
2001-06-29;52.3;6;52.3
2001-06-30;64.5;6;64.5
2001-07-01;64.1;7;64.1
2001-07-02;38.1;7;38.1
2001-07-03;33.1;7;33.1
2001-07-04;39.2;7;39.2
2001-07-05;28.9;7;28.9
2001-07-06;38.1;7;38.1
2001-07-07;54.3;7;54.3
2001-07-08;36.2;7;36.2
2001-07-09;30.6;7;30.6
2001-07-10;38.1;7;38.1
2001-07-11;45.8;7;45.8
2001-07-12;102.8;7;102.8
2001-07-13;45.8;7;45.8
2001-07-14;27.5;7;27.5
2001-07-15;40.0;7;40.0
2001-07-16;32.3;7;32.3
2001-07-17;28.2;7;28.2
2001-07-18;25.5;7;25.5
2001-07-19;22.6;7;22.6
2001-07-20;22.6;7;22.6
2001-07-21;52.3;7;52.3
2001-07-22;27.0;7;27.0
2001-07-23;22.6;7;22.6
2001-07-24;22.2;7;22.2
2001-07-25;17.4;7;17.4
2001-07-26;16.0;7;16.0
2001-07-27;15.5;7;15.5
2001-07-28;16.9;7;16.9
2001-07-29;17.4;7;17.4
2001-07-30;17.9;7;17.9
2001-07-31;16.4;7;16.4
2001-08-01;18.4;8;18.4
2001-08-02;16.9;8;16.9
2001-08-03;14.5;8;14.5
2001-08-04;14.8;8;14.8
2001-08-05;27.8;8;27.8
2001-08-06;26.9;8;26.9
2001-08-07;28.9;8;28.9
2001-08-08;64.5;8;64.5
2001-08-09;51.6;8;51.6
2001-08-10;36.2;8;36.2
2001-08-11;50.8;8;50.8
2001-08-12;36.2;8;36.2
2001-08-13;36.2;8;36.2
2001-08-14;36.2;8;36.2
2001-08-15;39.2;8;39.2
2001-08-16;38.8;8;38.8
2001-08-17;28.9;8;28.9
2001-08-18;39.2;8;39.2
2001-08-19;38.8;8;38.8
2001-08-20;52.4;8;52.4
2001-08-21;45.8;8;45.8
2001-08-22;45.8;8;45.8
2001-08-23;43.9;8;43.9
2001-08-24;28.2;8;28.2
2001-08-25;24.9;8;24.9
2001-08-26;27.2;8;27.2
2001-08-27;27.2;8;27.2
2001-08-28;43.9;8;43.9
2001-08-29;22.6;8;22.6
2001-08-30;28.9;8;28.9
2001-08-31;22.9;8;22.9
2001-09-01;22.6;9;22.6
2001-09-02;21.5;9;21.5
2001-09-03;20.5;9;20.5
2001-09-04;22.6;9;22.6
2001-09-05;31.6;9;31.6
2001-09-06;24.0;9;24.0
2001-09-07;22.6;9;22.6
2001-09-08;17.4;9;17.4
2001-09-09;19.0;9;19.0
2001-09-10;17.4;9;17.4
2001-09-11;14.5;9;14.5
2001-09-12;17.9;9;17.9
2001-09-13;16.4;9;16.4
2001-09-14;17.4;9;17.4
2001-09-15;16.9;9;16.9
2001-09-16;22.6;9;22.6
2001-09-17;22.2;9;22.2
2001-09-18;37.7;9;37.7
2001-09-19;22.6;9;22.6
2001-09-20;17.9;9;17.9
2001-09-21;22.2;9;22.2
2001-09-22;22.6;9;22.6
2001-09-23;32.0;9;32.0
2001-09-24;36.2;9;36.2
2001-09-25;22.6;9;22.6
2001-09-26;18.8;9;18.8
2001-09-27;17.4;9;17.4
2001-09-28;19.0;9;19.0
2001-09-29;18.4;9;18.4
2001-09-30;17.4;9;17.4
2001-10-01;78.0;10;78.0
2001-10-02;32.8;10;32.8
2001-10-03;22.6;10;22.6
2001-10-04;25.8;10;25.8
2001-10-05;28.9;10;28.9
2001-10-06;22.6;10;22.6
2001-10-07;22.6;10;22.6
2001-10-08;22.6;10;22.6
2001-10-09;18.8;10;18.8
2001-10-10;21.7;10;21.7
2001-10-11;19.3;10;19.3
2001-10-12;21.5;10;21.5
2001-10-13;20.0;10;20.0
2001-10-14;16.4;10;16.4
2001-10-15;15.0;10;15.0
2001-10-16;22.6;10;22.6
2001-10-17;36.2;10;36.2
2001-10-18;36.2;10;36.2
2001-10-19;28.9;10;28.9
2001-10-20;27.6;10;27.6
2001-10-21;22.6;10;22.6
2001-10-22;21.5;10;21.5
2001-10-23;19.3;10;19.3
2001-10-24;17.4;10;17.4
2001-10-25;17.4;10;17.4
2001-10-26;13.9;10;13.9
2001-10-27;14.1;10;14.1
2001-10-28;22.6;10;22.6
2001-10-29;28.9;10;28.9
2001-10-30;40.8;10;40.8
2001-10-31;47.0;10;47.0
2001-11-01;28.9;11;28.9
2001-11-02;17.9;11;17.9
2001-11-03;17.4;11;17.4
2001-11-04;18.1;11;18.1
2001-11-05;17.4;11;17.4
2001-11-06;16.0;11;16.0
2001-11-07;14.5;11;14.5
2001-11-08;15.0;11;15.0
2001-11-09;22.6;11;22.6
2001-11-10;17.4;11;17.4
2001-11-11;17.4;11;17.4
2001-11-12;16.9;11;16.9
2001-11-13;18.4;11;18.4
2001-11-14;12.7;11;12.7
2001-11-15;13.9;11;13.9
2001-11-16;12.7;11;12.7
2001-11-17;12.7;11;12.7
2001-11-18;12.7;11;12.7
2001-11-19;12.7;11;12.7
2001-11-20;17.4;11;17.4
2001-11-21;17.4;11;17.4
2001-11-22;12.7;11;12.7
2001-11-23;12.7;11;12.7
2001-11-24;12.4;11;12.4
2001-11-25;12.0;11;12.0
2001-11-26;9.7;11;9.7
2001-11-27;9.7;11;9.7
2001-11-28;10.1;11;10.1
2001-11-29;9.7;11;9.7
2001-11-30;10.1;11;10.1
2001-12-01;9.7;12;9.7
2001-12-02;9.5;12;9.5
2001-12-03;9.7;12;9.7
2001-12-04;9.9;12;9.9
2001-12-05;9.5;12;9.5
2001-12-06;9.4;12;9.4
2001-12-07;9.4;12;9.4
2001-12-08;9.7;12;9.7
2001-12-09;10.5;12;10.5
2001-12-10;10.2;12;10.2
2001-12-11;9.9;12;9.9
2001-12-12;9.7;12;9.7
2001-12-13;8.7;12;8.7
2001-12-14;8.4;12;8.4
2001-12-15;5.9;12;5.9
2001-12-16;6.0;12;6.0
2001-12-17;5.6;12;5.6
2001-12-18;4.1;12;4.1
2001-12-19;4.0;12;4.0
2001-12-20;3.7;12;3.7
2001-12-21;3.1;12;3.1
2001-12-22;3.0;12;3.0
2001-12-23;2.8;12;2.8
2001-12-24;3.5;12;3.5
2001-12-25;3.8;12;3.8
2001-12-26;3.0;12;3.0
2001-12-27;2.8;12;2.8
2001-12-28;3.5;12;3.5
2001-12-29;3.5;12;3.5
2001-12-30;3.4;12;3.4
2001-12-31;2.7;12;2.7
2002-01-01;3.8;1;3.8
2002-01-02;3.3;1;3.3
2002-01-03;3.8;1;3.8
2002-01-04;3.5;1;3.5
2002-01-05;3.8;1;3.8
2002-01-06;3.1;1;3.1
2002-01-07;2.7;1;2.7
2002-01-08;4.2;1;4.2
2002-01-09;3.4;1;3.4
2002-01-10;3.8;1;3.8
2002-01-11;3.5;1;3.5
2002-01-12;3.5;1;3.5
2002-01-13;3.4;1;3.4
2002-01-14;3.4;1;3.4
2002-01-15;3.8;1;3.8
2002-01-16;3.4;1;3.4
2002-01-17;3.4;1;3.4
2002-01-18;3.4;1;3.4
2002-01-19;3.8;1;3.8
2002-01-20;3.4;1;3.4
2002-01-21;3.4;1;3.4
2002-01-22;3.4;1;3.4
2002-01-23;3.4;1;3.4
2002-01-24;5.3;1;5.3
2002-01-25;4.2;1;4.2
2002-01-26;3.4;1;3.4
2002-01-27;3.8;1;3.8
2002-01-28;3.9;1;3.9
2002-01-29;3.8;1;3.8
2002-01-30;3.7;1;3.7
2002-01-31;3.6;1;3.6
2002-02-01;3.4;2;3.4
2002-02-02;4.2;2;4.2
2002-02-03;4.9;2;4.9
2002-02-04;4.2;2;4.2
2002-02-05;4.5;2;4.5
2002-02-06;4.2;2;4.2
2002-02-07;4.3;2;4.3
2002-02-08;4.5;2;4.5
2002-02-09;4.0;2;4.0
2002-02-10;3.8;2;3.8
2002-02-11;3.4;2;3.4
2002-02-12;3.4;2;3.4
2002-02-13;3.4;2;3.4
2002-02-14;3.0;2;3.0
2002-02-15;3.0;2;3.0
2002-02-16;3.4;2;3.4
2002-02-17;3.4;2;3.4
2002-02-18;3.4;2;3.4
2002-02-19;3.0;2;3.0
2002-02-20;3.4;2;3.4
2002-02-21;3.4;2;3.4
2002-02-22;3.2;2;3.2
2002-02-23;3.4;2;3.4
2002-02-24;3.0;2;3.0
2002-02-25;3.0;2;3.0
2002-02-26;3.0;2;3.0
2002-02-27;3.0;2;3.0
2002-02-28;3.0;2;3.0
2002-03-01;3.0;3;3.0
2002-03-02;3.0;3;3.0
2002-03-03;3.0;3;3.0
2002-03-04;3.0;3;3.0
2002-03-05;3.0;3;3.0
2002-03-06;3.0;3;3.0
2002-03-07;3.1;3;3.1
2002-03-08;3.0;3;3.0
2002-03-09;2.6;3;2.6
2002-03-10;2.6;3;2.6
2002-03-11;2.6;3;2.6
2002-03-12;3.8;3;3.8
2002-03-13;3.8;3;3.8
2002-03-14;-999.000;3;6.1
2002-03-15;3.0;3;3.0
2002-03-16;3.4;3;3.4
2002-03-17;3.4;3;3.4
2002-03-18;3.4;3;3.4
2002-03-19;4.5;3;4.5
2002-03-20;4.9;3;4.9
2002-03-21;4.9;3;4.9
2002-03-22;11.1;3;11.1
2002-03-23;4.9;3;4.9
2002-03-24;7.2;3;7.2
2002-03-25;8.8;3;8.8
2002-03-26;5.3;3;5.3
2002-03-27;4.9;3;4.9
2002-03-28;5.3;3;5.3
2002-03-29;5.3;3;5.3
2002-03-30;4.9;3;4.9
2002-03-31;4.9;3;4.9
2002-04-01;4.9;4;4.9
2002-04-02;5.3;4;5.3
2002-04-03;4.9;4;4.9
2002-04-04;4.9;4;4.9
2002-04-05;4.9;4;4.9
2002-04-06;4.9;4;4.9
2002-04-07;11.1;4;11.1
2002-04-08;15.6;4;15.6
2002-04-09;11.1;4;11.1
2002-04-10;11.1;4;11.1
2002-04-11;11.1;4;11.1
2002-04-12;7.3;4;7.3
2002-04-13;7.0;4;7.0
2002-04-14;7.7;4;7.7
2002-04-15;8.1;4;8.1
2002-04-16;6.8;4;6.8
2002-04-17;4.2;4;4.2
2002-04-18;10.3;4;10.3
2002-04-19;11.1;4;11.1
2002-04-20;44.2;4;44.2
2002-04-21;20.9;4;20.9
2002-04-22;26.8;4;26.8
2002-04-23;13.7;4;13.7
2002-04-24;11.1;4;11.1
2002-04-25;15.6;4;15.6
2002-04-26;15.6;4;15.6
2002-04-27;11.1;4;11.1
2002-04-28;11.1;4;11.1
2002-04-29;8.5;4;8.5
2002-04-30;8.1;4;8.1
2002-05-01;8.5;5;8.5
2002-05-02;8.8;5;8.8
2002-05-03;7.7;5;7.7
2002-05-04;8.1;5;8.1
2002-05-05;9.2;5;9.2
2002-05-06;6.6;5;6.6
2002-05-07;6.2;5;6.2
2002-05-08;6.6;5;6.6
2002-05-09;5.3;5;5.3
2002-05-10;6.8;5;6.8
2002-05-11;5.1;5;5.1
2002-05-12;7.3;5;7.3
2002-05-13;40.4;5;40.4
2002-05-14;33.3;5;33.3
2002-05-15;20.9;5;20.9
2002-05-16;19.8;5;19.8
2002-05-17;20.9;5;20.9
2002-05-18;19.8;5;19.8
2002-05-19;15.6;5;15.6
2002-05-20;11.1;5;11.1
2002-05-21;12.0;5;12.0
2002-05-22;11.1;5;11.1
2002-05-23;20.9;5;20.9
2002-05-24;12.5;5;12.5
2002-05-25;20.9;5;20.9
2002-05-26;40.4;5;40.4
2002-05-27;52.8;5;52.8
2002-05-28;109.3;5;109.3
2002-05-29;60.4;5;60.4
2002-05-30;56.1;5;56.1
2002-05-31;44.2;5;44.2
2002-06-01;33.3;6;33.3
2002-06-02;33.3;6;33.3
2002-06-03;26.8;6;26.8
2002-06-04;33.3;6;33.3
2002-06-05;30.1;6;30.1
2002-06-06;60.4;6;60.4
2002-06-07;40.4;6;40.4
2002-06-08;48.0;6;48.0
2002-06-09;48.0;6;48.0
2002-06-10;40.4;6;40.4
2002-06-11;48.0;6;48.0
2002-06-12;40.4;6;40.4
2002-06-13;44.2;6;44.2
2002-06-14;48.0;6;48.0
2002-06-15;48.0;6;48.0
2002-06-16;48.0;6;48.0
2002-06-17;138.5;6;138.5
2002-06-18;87.7;6;87.7
2002-06-19;64.7;6;64.7
2002-06-20;64.7;6;64.7
2002-06-21;60.4;6;60.4
2002-06-22;48.0;6;48.0
2002-06-23;60.4;6;60.4
2002-06-24;96.6;6;96.6
2002-06-25;64.7;6;64.7
2002-06-26;77.9;6;77.9
2002-06-27;60.4;6;60.4
2002-06-28;64.7;6;64.7
2002-06-29;116.8;6;116.8
2002-06-30;101.4;6;101.4
2002-07-01;87.7;7;87.7
2002-07-02;60.4;7;60.4
2002-07-03;96.6;7;96.6
2002-07-04;82.4;7;82.4
2002-07-05;51.1;7;51.1
2002-07-06;51.6;7;51.6
2002-07-07;50.4;7;50.4
2002-07-08;50.3;7;50.3
2002-07-09;46.9;7;46.9
2002-07-10;48.8;7;48.8
2002-07-11;116.8;7;116.8
2002-07-12;46.5;7;46.5
2002-07-13;45.0;7;45.0
2002-07-14;42.7;7;42.7
2002-07-15;50.3;7;50.3
2002-07-16;48.8;7;48.8
2002-07-17;46.5;7;46.5
2002-07-18;48.0;7;48.0
2002-07-19;50.3;7;50.3
2002-07-20;48.0;7;48.0
2002-07-21;45.7;7;45.7
2002-07-22;42.7;7;42.7
2002-07-23;48.8;7;48.8
2002-07-24;35.3;7;35.3
2002-07-25;26.2;7;26.2
2002-07-26;27.5;7;27.5
2002-07-27;24.9;7;24.9
2002-07-28;26.8;7;26.8
2002-07-29;25.5;7;25.5
2002-07-30;23.7;7;23.7
2002-07-31;25.5;7;25.5
2002-08-01;23.7;8;23.7
2002-08-02;23.8;8;23.8
2002-08-03;21.4;8;21.4
2002-08-04;20.4;8;20.4
2002-08-05;20.4;8;20.4
2002-08-06;21.4;8;21.4
2002-08-07;22.5;8;22.5
2002-08-08;29.4;8;29.4
2002-08-09;32.7;8;32.7
2002-08-10;24.9;8;24.9
2002-08-11;26.2;8;26.2
2002-08-12;23.0;8;23.0
2002-08-13;26.8;8;26.8
2002-08-14;24.3;8;24.3
2002-08-15;25.5;8;25.5
2002-08-16;34.0;8;34.0
2002-08-17;32.0;8;32.0
2002-08-18;30.1;8;30.1
2002-08-19;31.4;8;31.4
2002-08-20;32.7;8;32.7
2002-08-21;30.1;8;30.1
2002-08-22;30.7;8;30.7
2002-08-23;30.7;8;30.7
2002-08-24;26.8;8;26.8
2002-08-25;24.3;8;24.3
2002-08-26;24.5;8;24.5
2002-08-27;21.4;8;21.4
2002-08-28;20.4;8;20.4
2002-08-29;19.8;8;19.8
2002-08-30;18.3;8;18.3
2002-08-31;17.2;8;17.2
2002-09-01;11.4;9;11.4
2002-09-02;14.5;9;14.5
2002-09-03;14.5;9;14.5
2002-09-04;13.5;9;13.5
2002-09-05;15.6;9;15.6
2002-09-06;14.5;9;14.5
2002-09-07;33.4;9;33.4
2002-09-08;14.5;9;14.5
2002-09-09;12.6;9;12.6
2002-09-10;10.7;9;10.7
2002-09-11;10.7;9;10.7
2002-09-12;11.8;9;11.8
2002-09-13;13.1;9;13.1
2002-09-14;13.3;9;13.3
2002-09-15;15.1;9;15.1
2002-09-16;13.1;9;13.1
2002-09-17;16.1;9;16.1
2002-09-18;20.9;9;20.9
2002-09-19;18.3;9;18.3
2002-09-20;16.7;9;16.7
2002-09-21;18.8;9;18.8
2002-09-22;17.7;9;17.7
2002-09-23;18.3;9;18.3
2002-09-24;20.9;9;20.9
2002-09-25;18.8;9;18.8
2002-09-26;17.2;9;17.2
2002-09-27;27.5;9;27.5
2002-09-28;52.3;9;52.3
2002-09-29;27.5;9;27.5
2002-09-30;19.8;9;19.8
2002-10-01;15.1;10;15.1
2002-10-02;14.0;10;14.0
2002-10-03;11.1;10;11.1
2002-10-04;12.0;10;12.0
2002-10-05;12.1;10;12.1
2002-10-06;11.4;10;11.4
2002-10-07;11.6;10;11.6
2002-10-08;11.4;10;11.4
2002-10-09;12.4;10;12.4
2002-10-10;11.1;10;11.1
2002-10-11;16.1;10;16.1
2002-10-12;14.5;10;14.5
2002-10-13;15.6;10;15.6
2002-10-14;11.1;10;11.1
2002-10-15;12.4;10;12.4
2002-10-16;9.6;10;9.6
2002-10-17;8.8;10;8.8
2002-10-18;8.1;10;8.1
2002-10-19;8.1;10;8.1
2002-10-20;7.3;10;7.3
2002-10-21;8.5;10;8.5
2002-10-22;9.6;10;9.6
2002-10-23;8.5;10;8.5
2002-10-24;11.1;10;11.1
2002-10-25;9.2;10;9.2
2002-10-26;17.2;10;17.2
2002-10-27;14.0;10;14.0
2002-10-28;36.5;10;36.5
2002-10-29;65.6;10;65.6
2002-10-30;35.5;10;35.5
2002-10-31;36.9;10;36.9
2002-11-01;24.3;11;24.3
2002-11-02;18.8;11;18.8
2002-11-03;17.7;11;17.7
2002-11-04;14.2;11;14.2
2002-11-05;11.4;11;11.4
2002-11-06;10.3;11;10.3
2002-11-07;9.6;11;9.6
2002-11-08;11.8;11;11.8
2002-11-09;10.3;11;10.3
2002-11-10;9.2;11;9.2
2002-11-11;8.5;11;8.5
2002-11-12;7.7;11;7.7
2002-11-13;8.5;11;8.5
2002-11-14;8.1;11;8.1
2002-11-15;7.7;11;7.7
2002-11-16;9.6;11;9.6
2002-11-17;8.5;11;8.5
2002-11-18;7.7;11;7.7
2002-11-19;7.0;11;7.0
2002-11-20;7.7;11;7.7
2002-11-21;7.0;11;7.0
2002-11-22;-999.000;11;10.6
2002-11-23;7.7;11;7.7
2002-11-24;7.0;11;7.0
2002-11-25;6.6;11;6.6
2002-11-26;7.3;11;7.3
2002-11-27;7.0;11;7.0
2002-11-28;6.6;11;6.6
2002-11-29;6.6;11;6.6
2002-11-30;6.2;11;6.2
2002-12-01;7.0;12;7.0
2002-12-02;8.1;12;8.1
2002-12-03;8.5;12;8.5
2002-12-04;6.6;12;6.6
2002-12-05;6.6;12;6.6
2002-12-06;6.6;12;6.6
2002-12-07;6.6;12;6.6
2002-12-08;6.6;12;6.6
2002-12-09;5.9;12;5.9
2002-12-10;5.9;12;5.9
2002-12-11;5.9;12;5.9
2002-12-12;5.9;12;5.9
2002-12-13;5.9;12;5.9
2002-12-14;5.9;12;5.9
2002-12-15;5.9;12;5.9
2002-12-16;5.9;12;5.9
2002-12-17;6.6;12;6.6
2002-12-18;-999.000;12;13.15
2002-12-19;-999.000;12;7.72
2002-12-20;-999.000;12;15.694
2002-12-21;-999.000;12;15.47
2002-12-22;-999.000;12;9.72
2002-12-23;-999.000;12;9.62
2002-12-24;-999.000;12;12.91
2002-12-25;-999.000;12;9.63
2002-12-26;-999.000;12;13.13
2002-12-27;-999.000;12;7.68
2002-12-28;-999.000;12;8.374
2002-12-29;-999.000;12;13.62
2002-12-30;-999.000;12;18.566
2002-12-31;-999.000;12;8.46
2003-01-01;-999.000;1;7.34
2003-01-02;-999.000;1;10.14
2003-01-03;-999.000;1;8.3
2003-01-04;-999.000;1;7.17
2003-01-05;-999.000;1;8.4
2003-01-06;-999.000;1;11.1
2003-01-07;-999.000;1;6.2
2003-01-08;-999.000;1;8.39
2003-01-09;-999.000;1;7.23
2003-01-10;-999.000;1;8.2
2003-01-11;-999.000;1;5.41
2003-01-12;-999.000;1;12.4
2003-01-13;-999.000;1;5.2
2003-01-14;-999.000;1;6.8
2003-01-15;-999.000;1;5.3
2003-01-16;-999.000;1;7.57
2003-01-17;-999.000;1;14.224
2003-01-18;-999.000;1;8.0
2003-01-19;-999.000;1;4.0
2003-01-20;-999.000;1;3.6
2003-01-21;-999.000;1;7.72
2003-01-22;-999.000;1;7.102
2003-01-23;-999.000;1;2.7
2003-01-24;-999.000;1;4.8
2003-01-25;-999.000;1;3.156
2003-01-26;-999.000;1;5.12
2003-01-27;-999.000;1;4.27
2003-01-28;-999.000;1;2.666
2003-01-29;-999.000;1;6.42
2003-01-30;-999.000;1;3.0
2003-01-31;-999.000;1;8.7
2003-02-01;-999.000;2;3.669
2003-02-02;-999.000;2;7.5
2003-02-03;-999.000;2;6.8
2003-02-04;-999.000;2;7.72
2003-02-05;-999.000;2;4.76
2003-02-06;-999.000;2;4.35
2003-02-07;-999.000;2;2.862
2003-02-08;-999.000;2;9.202
2003-02-09;-999.000;2;4.4
2003-02-10;-999.000;2;6.0
2003-02-11;-999.000;2;5.5
2003-02-12;-999.000;2;6.74
2003-02-13;-999.000;2;11.73
2003-02-14;-999.000;2;2.778
2003-02-15;-999.000;2;4.6
2003-02-16;-999.000;2;5.64
2003-02-17;-999.000;2;4.4
2003-02-18;-999.000;2;2.1
2003-02-19;-999.000;2;8.4
2003-02-20;-999.000;2;5.2
2003-02-21;-999.000;2;10.73
2003-02-22;-999.000;2;3.9
2003-02-23;-999.000;2;5.942
2003-02-24;-999.000;2;4.0
2003-02-25;-999.000;2;5.0
2003-02-26;-999.000;2;5.6
2003-02-27;-999.000;2;7.11
2003-02-28;-999.000;2;3.8
2003-03-01;-999.000;3;8.599
2003-03-02;-999.000;3;6.3
2003-03-03;-999.000;3;5.01
2003-03-04;-999.000;3;3.7
2003-03-05;-999.000;3;5.88
2003-03-06;-999.000;3;11.755
2003-03-07;-999.000;3;5.1
2003-03-08;-999.000;3;13.988
2003-03-09;-999.000;3;4.1
2003-03-10;-999.000;3;4.2
2003-03-11;-999.000;3;8.2
2003-03-12;-999.000;3;13.96
2003-03-13;-999.000;3;12.7
2003-03-14;-999.000;3;5.1
2003-03-15;-999.000;3;4.7
2003-03-16;-999.000;3;3.55
2003-03-17;5.85;3;5.85
2003-03-18;6.97;3;6.97
2003-03-19;7.34;3;7.34
2003-03-20;5.85;3;5.85
2003-03-21;5.48;3;5.48
2003-03-22;9.58;3;9.58
2003-03-23;6.6;3;6.6
2003-03-24;5.85;3;5.85
2003-03-25;5.85;3;5.85
2003-03-26;5.48;3;5.48
2003-03-27;5.48;3;5.48
2003-03-28;7.35;3;7.35
2003-03-29;5.48;3;5.48
2003-03-30;5.48;3;5.48
2003-03-31;5.48;3;5.48
2003-04-01;11.07;4;11.07
2003-04-02;8.84;4;8.84
2003-04-03;7.16;4;7.16
2003-04-04;5.29;4;5.29
2003-04-05;4.53;4;4.53
2003-04-06;9.21;4;9.21
2003-04-07;7.35;4;7.35
2003-04-08;5.48;4;5.48
2003-04-09;4.35;4;4.35
2003-04-10;9.58;4;9.58
2003-04-11;11.07;4;11.07
2003-04-12;7.72;4;7.72
2003-04-13;5.85;4;5.85
2003-04-14;6.23;4;6.23
2003-04-15;26.82;4;26.82
2003-04-16;38.34;4;38.34
2003-04-17;20.08;4;20.08
2003-04-18;15.59;4;15.59
2003-04-19;18.25;4;18.25
2003-04-20;13.1;4;13.1
2003-04-21;18.25;4;18.25
2003-04-22;14.53;4;14.53
2003-04-23;11.07;4;11.07
2003-04-24;21.51;4;21.51
2003-04-25;22.86;4;22.86
2003-04-26;23.51;4;23.51
2003-04-27;18.25;4;18.25
2003-04-28;12.19;4;12.19
2003-04-29;10.33;4;10.33
2003-04-30;11.82;4;11.82
2003-05-01;10.33;5;10.33
2003-05-02;8.84;5;8.84
2003-05-03;7.35;5;7.35
2003-05-04;7.35;5;7.35
2003-05-05;8.84;5;8.84
2003-05-06;8.09;5;8.09
2003-05-07;6.6;5;6.6
2003-05-08;6.23;5;6.23
2003-05-09;6.97;5;6.97
2003-05-10;6.23;5;6.23
2003-05-11;10.7;5;10.7
2003-05-12;13.79;5;13.79
2003-05-13;12.19;5;12.19
2003-05-14;14.53;5;14.53
2003-05-15;18.81;5;18.81
2003-05-16;18.25;5;18.25
2003-05-17;17.72;5;17.72
2003-05-18;13.1;5;13.1
2003-05-19;13.47;5;13.47
2003-05-20;13.47;5;13.47
2003-05-21;21.44;5;21.44
2003-05-22;14.53;5;14.53
2003-05-23;12.57;5;12.57
2003-05-24;13.1;5;13.1
2003-05-25;25.76;5;25.76
2003-05-26;16.13;5;16.13
2003-05-27;11.07;5;11.07
2003-05-28;9.96;5;9.96
2003-05-29;9.96;5;9.96
2003-05-30;9.58;5;9.58
2003-05-31;10.33;5;10.33
2003-06-01;9.21;6;9.21
2003-06-02;8.46;6;8.46
2003-06-03;27.42;6;27.42
2003-06-04;44.97;6;44.97
2003-06-05;43.77;6;43.77
2003-06-06;30.08;6;30.08
2003-06-07;26.94;6;26.94
2003-06-08;18.25;6;18.25
2003-06-09;15.59;6;15.59
2003-06-10;13.47;6;13.47
2003-06-11;11.45;6;11.45
2003-06-12;11.45;6;11.45
2003-06-13;12.57;6;12.57
2003-06-14;16.66;6;16.66
2003-06-15;12.19;6;12.19
2003-06-16;10.33;6;10.33
2003-06-17;9.58;6;9.58
2003-06-18;15.06;6;15.06
2003-06-19;32.04;6;32.04
2003-06-20;26.17;6;26.17
2003-06-21;25.76;6;25.76
2003-06-22;28.12;6;28.12
2003-06-23;30.73;6;30.73
2003-06-24;20.37;6;20.37
2003-06-25;18.25;6;18.25
2003-06-26;25.23;6;25.23
2003-06-27;19.31;6;19.31
2003-06-28;14.53;6;14.53
2003-06-29;15.59;6;15.59
2003-06-30;12.57;6;12.57
2003-07-01;14.53;7;14.53
2003-07-02;12.57;7;12.57
2003-07-03;11.07;7;11.07
2003-07-04;28.65;7;28.65
2003-07-05;30.08;7;30.08
2003-07-06;19.31;7;19.31
2003-07-07;15.59;7;15.59
2003-07-08;13.1;7;13.1
2003-07-09;11.82;7;11.82
2003-07-10;11.45;7;11.45
2003-07-11;31.63;7;31.63
2003-07-12;20.9;7;20.9
2003-07-13;20.9;7;20.9
2003-07-14;45.73;7;45.73
2003-07-15;31.38;7;31.38
2003-07-16;26.17;7;26.17
2003-07-17;38.12;7;38.12
2003-07-18;60.42;7;60.42
2003-07-19;33.34;7;33.34
2003-07-20;31.38;7;31.38
2003-07-21;35.3;7;35.3
2003-07-22;38.99;7;38.99
2003-07-23;50.6;7;50.6
2003-07-24;48.01;7;48.01
2003-07-25;41.93;7;41.93
2003-07-26;77.92;7;77.92
2003-07-27;69.17;7;69.17
2003-07-28;48.78;7;48.78
2003-07-29;35.3;7;35.3
2003-07-30;64.74;7;64.74
2003-07-31;55.36;7;55.36
2003-08-01;42.69;8;42.69
2003-08-02;38.12;8;38.12
2003-08-03;35.3;8;35.3
2003-08-04;33.99;8;33.99
2003-08-05;32.04;8;32.04
2003-08-06;25.52;8;25.52
2003-08-07;20.9;8;20.9
2003-08-08;20.37;8;20.37
2003-08-09;19.31;8;19.31
2003-08-10;18.78;8;18.78
2003-08-11;15.06;8;15.06
2003-08-12;11.45;8;11.45
2003-08-13;13.79;8;13.79
2003-08-14;21.44;8;21.44
2003-08-15;22.5;8;22.5
2003-08-16;19.31;8;19.31
2003-08-17;20.37;8;20.37
2003-08-18;19.31;8;19.31
2003-08-19;15.06;8;15.06
2003-08-20;14.0;8;14.0
2003-08-21;13.63;8;13.63
2003-08-22;16.13;8;16.13
2003-08-23;25.23;8;25.23
2003-08-24;34.97;8;34.97
2003-08-25;21.97;8;21.97
2003-08-26;17.19;8;17.19
2003-08-27;29.43;8;29.43
2003-08-28;20.9;8;20.9
2003-08-29;19.31;8;19.31
2003-08-30;27.47;8;27.47
2003-08-31;40.4;8;40.4
2003-09-01;28.12;9;28.12
2003-09-02;21.97;9;21.97
2003-09-03;19.31;9;19.31
2003-09-04;20.37;9;20.37
2003-09-05;17.72;9;17.72
2003-09-06;15.06;9;15.06
2003-09-07;14.0;9;14.0
2003-09-08;15.06;9;15.06
2003-09-09;12.19;9;12.19
2003-09-10;19.84;9;19.84
2003-09-11;16.66;9;16.66
2003-09-12;14.0;9;14.0
2003-09-13;19.31;9;19.31
2003-09-14;12.73;9;12.73
2003-09-15;30.08;9;30.08
2003-09-16;26.82;9;26.82
2003-09-17;20.9;9;20.9
2003-09-18;20.37;9;20.37
2003-09-19;22.5;9;22.5
2003-09-20;43.45;9;43.45
2003-09-21;44.97;9;44.97
2003-09-22;40.4;9;40.4
2003-09-23;34.86;9;34.86
2003-09-24;25.52;9;25.52
2003-09-25;30.73;9;30.73
2003-09-26;24.45;9;24.45
2003-09-27;21.97;9;21.97
2003-09-28;29.55;9;29.55
2003-09-29;25.52;9;25.52
2003-09-30;23.15;9;23.15
2003-10-01;32.04;10;32.04
2003-10-02;24.45;10;24.45
2003-10-03;19.31;10;19.31
2003-10-04;15.59;10;15.59
2003-10-05;15.06;10;15.06
2003-10-06;14.0;10;14.0
2003-10-07;14.0;10;14.0
2003-10-08;13.26;10;13.26
2003-10-09;13.1;10;13.1
2003-10-10;17.72;10;17.72
2003-10-11;33.12;10;33.12
2003-10-12;19.84;10;19.84
2003-10-13;14.69;10;14.69
2003-10-14;24.33;10;24.33
2003-10-15;40.4;10;40.4
2003-10-16;38.88;10;38.88
2003-10-17;27.47;10;27.47
2003-10-18;21.97;10;21.97
2003-10-19;19.31;10;19.31
2003-10-20;16.66;10;16.66
2003-10-21;16.66;10;16.66
2003-10-22;20.9;10;20.9
2003-10-23;18.78;10;18.78
2003-10-24;15.59;10;15.59
2003-10-25;14.0;10;14.0
2003-10-26;15.06;10;15.06
2003-10-27;14.0;10;14.0
2003-10-28;21.97;10;21.97
2003-10-29;37.14;10;37.14
2003-10-30;30.73;10;30.73
2003-10-31;-999.000;10;12.86
2003-11-01;31.38;11;31.38
2003-11-02;26.17;11;26.17
2003-11-03;21.97;11;21.97
2003-11-04;19.84;11;19.84
2003-11-05;18.78;11;18.78
2003-11-06;15.06;11;15.06
2003-11-07;15.06;11;15.06
2003-11-08;17.19;11;17.19
2003-11-09;14.0;11;14.0
2003-11-10;13.47;11;13.47
2003-11-11;14.0;11;14.0
2003-11-12;27.47;11;27.47
2003-11-13;23.92;11;23.92
2003-11-14;17.72;11;17.72
2003-11-15;14.53;11;14.53
2003-11-16;13.1;11;13.1
2003-11-17;12.57;11;12.57
2003-11-18;12.19;11;12.19
2003-11-19;11.45;11;11.45
2003-11-20;12.73;11;12.73
2003-11-21;11.07;11;11.07
2003-11-22;9.96;11;9.96
2003-11-23;8.84;11;8.84
2003-11-24;8.09;11;8.09
2003-11-25;8.84;11;8.84
2003-11-26;8.09;11;8.09
2003-11-27;7.35;11;7.35
2003-11-28;7.72;11;7.72
2003-11-29;7.72;11;7.72
2003-11-30;8.46;11;8.46
2003-12-01;20.37;12;20.37
2003-12-02;23.03;12;23.03
2003-12-03;28.49;12;28.49
2003-12-04;18.78;12;18.78
2003-12-05;17.72;12;17.72
2003-12-06;19.31;12;19.31
2003-12-07;16.66;12;16.66
2003-12-08;17.19;12;17.19
2003-12-09;13.26;12;13.26
2003-12-10;11.45;12;11.45
2003-12-11;9.21;12;9.21
2003-12-12;8.46;12;8.46
2003-12-13;8.09;12;8.09
2003-12-14;7.72;12;7.72
2003-12-15;7.35;12;7.35
2003-12-16;-999.000;12;24.0
2003-12-17;-999.000;12;8.21
2003-12-18;-999.000;12;12.351
2003-12-19;-999.000;12;23.74
2003-12-20;-999.000;12;19.8
2003-12-21;-999.000;12;9.02
2003-12-22;-999.000;12;10.8
2003-12-23;-999.000;12;12.611
2003-12-24;-999.000;12;8.5
2003-12-25;-999.000;12;16.6
2003-12-26;-999.000;12;29.5
2003-12-27;-999.000;12;13.8
2003-12-28;-999.000;12;5.6
2003-12-29;-999.000;12;4.9
2003-12-30;-999.000;12;12.231
2003-12-31;-999.000;12;12.93
2004-01-01;-999.000;1;7.0
2004-01-02;-999.000;1;2.614
2004-01-03;-999.000;1;8.0
2004-01-04;-999.000;1;7.47
2004-01-05;-999.000;1;8.35
2004-01-06;-999.000;1;6.4
2004-01-07;-999.000;1;5.4
2004-01-08;-999.000;1;7.23
2004-01-09;-999.000;1;6.2
2004-01-10;-999.000;1;5.7
2004-01-11;-999.000;1;11.45
2004-01-12;-999.000;1;8.6
2004-01-13;-999.000;1;4.0
2004-01-14;-999.000;1;9.1
2004-01-15;-999.000;1;8.93
2004-01-16;-999.000;1;9.7
2004-01-17;-999.000;1;8.05
2004-01-18;-999.000;1;4.4
2004-01-19;-999.000;1;7.785
2004-01-20;-999.000;1;13.411
2004-01-21;-999.000;1;4.0
2004-01-22;-999.000;1;8.49
2004-01-23;-999.000;1;6.99
2004-01-24;-999.000;1;5.48
2004-01-25;-999.000;1;7.67
2004-01-26;-999.000;1;6.26
2004-01-27;-999.000;1;6.6
2004-01-28;-999.000;1;5.9
2004-01-29;-999.000;1;13.281
2004-01-30;-999.000;1;8.685
2004-01-31;-999.000;1;11.763
2004-02-01;-999.000;2;4.46
2004-02-02;-999.000;2;9.8
2004-02-03;-999.000;2;4.9
2004-02-04;-999.000;2;3.0
2004-02-05;-999.000;2;4.8
2004-02-06;-999.000;2;4.0
2004-02-07;-999.000;2;5.009
2004-02-08;-999.000;2;9.18
2004-02-09;-999.000;2;3.6
2004-02-10;-999.000;2;5.129
2004-02-11;-999.000;2;7.8
2004-02-12;-999.000;2;6.42
2004-02-13;-999.000;2;4.44
2004-02-14;-999.000;2;9.93
2004-02-15;-999.000;2;4.3
2004-02-16;-999.000;2;7.358
2004-02-17;-999.000;2;6.0
2004-02-18;-999.000;2;5.08
2004-02-19;-999.000;2;6.29
2004-02-20;-999.000;2;3.2
2004-02-21;-999.000;2;8.69
2004-02-22;-999.000;2;3.8
2004-02-23;-999.000;2;4.8
2004-02-24;-999.000;2;5.19
2004-02-25;-999.000;2;11.12
2004-02-26;-999.000;2;8.55
2004-02-27;-999.000;2;4.2
2004-02-28;-999.000;2;3.13
2004-02-29;-999.000;2;7.0
2004-03-01;-999.000;3;4.6
2004-03-02;-999.000;3;4.4
2004-03-03;-999.000;3;5.92
2004-03-04;-999.000;3;4.3
2004-03-05;-999.000;3;13.34
2004-03-06;-999.000;3;5.5
2004-03-07;-999.000;3;3.6
2004-03-08;-999.000;3;7.3
2004-03-09;-999.000;3;3.78
2004-03-10;-999.000;3;4.7
2004-03-11;-999.000;3;4.2
2004-03-12;-999.000;3;14.1
2004-03-13;-999.000;3;6.0
2004-03-14;-999.000;3;6.38
2004-03-15;-999.000;3;3.6
2004-03-16;-999.000;3;14.89
2004-03-17;-999.000;3;4.2
2004-03-18;-999.000;3;6.0
2004-03-19;-999.000;3;11.755
2004-03-20;-999.000;3;2.5
2004-03-21;-999.000;3;5.78
2004-03-22;-999.000;3;5.78
2004-03-23;-999.000;3;4.7
2004-03-24;-999.000;3;4.92
2004-03-25;-999.000;3;13.55
2004-03-26;-999.000;3;13.402
2004-03-27;-999.000;3;5.44
2004-03-28;-999.000;3;6.36
2004-03-29;-999.000;3;6.93
2004-03-30;-999.000;3;7.0
2004-03-31;-999.000;3;3.6
2004-04-01;-999.000;4;20.56
2004-04-02;-999.000;4;4.0
2004-04-03;-999.000;4;14.556
2004-04-04;-999.000;4;4.71
2004-04-05;-999.000;4;3.2
2004-04-06;-999.000;4;2.6
2004-04-07;-999.000;4;25.5
2004-04-08;-999.000;4;6.9
2004-04-09;-999.000;4;10.42
2004-04-10;-999.000;4;7.24
2004-04-11;-999.000;4;4.1
2004-04-12;-999.000;4;21.19
2004-04-13;-999.000;4;7.0
2004-04-14;-999.000;4;7.62
2004-04-15;-999.000;4;3.5
2004-04-16;-999.000;4;13.49
2004-04-17;-999.000;4;7.1
2004-04-18;-999.000;4;10.7
2004-04-19;6.79;4;6.79
2004-04-20;5.85;4;5.85
2004-04-21;33.34;4;33.34
2004-04-22;13.41;4;13.41
2004-04-23;18.25;4;18.25
2004-04-24;11.82;4;11.82
2004-04-25;40.4;4;40.4
2004-04-26;19.84;4;19.84
2004-04-27;11.07;4;11.07
2004-04-28;18.25;4;18.25
2004-04-29;11.07;4;11.07
2004-04-30;9.58;4;9.58
2004-05-01;8.09;5;8.09
2004-05-02;18.78;5;18.78
2004-05-03;15.91;5;15.91
2004-05-04;11.82;5;11.82
2004-05-05;16.13;5;16.13
2004-05-06;17.72;5;17.72
2004-05-07;12.57;5;12.57
2004-05-08;10.33;5;10.33
2004-05-09;11.98;5;11.98
2004-05-10;17.72;5;17.72
2004-05-11;13.47;5;13.47
2004-05-12;15.59;5;15.59
2004-05-13;13.1;5;13.1
2004-05-14;20.9;5;20.9
2004-05-15;18.78;5;18.78
2004-05-16;12.57;5;12.57
2004-05-17;11.07;5;11.07
2004-05-18;14.0;5;14.0
2004-05-19;60.42;5;60.42
2004-05-20;65.51;5;65.51
2004-05-21;40.4;5;40.4
2004-05-22;33.34;5;33.34
2004-05-23;30.73;5;30.73
2004-05-24;48.01;5;48.01
2004-05-25;32.04;5;32.04
2004-05-26;22.62;5;22.62
2004-05-27;29.02;5;29.02
2004-05-28;30.84;5;30.84
2004-05-29;19.31;5;19.31
2004-05-30;15.59;5;15.59
2004-05-31;17.72;5;17.72
2004-06-01;21.44;6;21.44
2004-06-02;24.33;6;24.33
2004-06-03;22.5;6;22.5
2004-06-04;29.55;6;29.55
2004-06-05;65.51;6;65.51
2004-06-06;55.36;6;55.36
2004-06-07;36.93;6;36.93
2004-06-08;28.12;6;28.12
2004-06-09;24.45;6;24.45
2004-06-10;23.8;6;23.8
2004-06-11;19.84;6;19.84
2004-06-12;38.12;6;38.12
2004-06-13;26.82;6;26.82
2004-06-14;23.68;6;23.68
2004-06-15;23.39;6;23.39
2004-06-16;20.9;6;20.9
2004-06-17;20.37;6;20.37
2004-06-18;20.9;6;20.9
2004-06-19;32.04;6;32.04
2004-06-20;40.4;6;40.4
2004-06-21;46.49;6;46.49
2004-06-22;30.08;6;30.08
2004-06-23;30.08;6;30.08
2004-06-24;78.5;6;78.5
2004-06-25;40.4;6;40.4
2004-06-26;30.08;6;30.08
2004-06-27;26.17;6;26.17
2004-06-28;-999.000;6;30.6
2004-06-29;73.47;6;73.47
2004-06-30;48.01;6;48.01
2004-07-01;38.12;7;38.12
2004-07-02;28.78;7;28.78
2004-07-03;26.82;7;26.82
2004-07-04;24.33;7;24.33
2004-07-05;26.82;7;26.82
2004-07-06;23.8;7;23.8
2004-07-07;19.31;7;19.31
2004-07-08;21.44;7;21.44
2004-07-09;19.31;7;19.31
2004-07-10;24.99;7;24.99
2004-07-11;20.37;7;20.37
2004-07-12;19.31;7;19.31
2004-07-13;25.76;7;25.76
2004-07-14;23.68;7;23.68
2004-07-15;19.84;7;19.84
2004-07-16;21.97;7;21.97
2004-07-17;18.25;7;18.25
2004-07-18;15.06;7;15.06
2004-07-19;19.84;7;19.84
2004-07-20;18.25;7;18.25
2004-07-21;16.66;7;16.66
2004-07-22;33.34;7;33.34
2004-07-23;24.33;7;24.33
2004-07-24;19.84;7;19.84
2004-07-25;16.66;7;16.66
2004-07-26;16.66;7;16.66
2004-07-27;18.25;7;18.25
2004-07-28;20.37;7;20.37
2004-07-29;20.9;7;20.9
2004-07-30;19.31;7;19.31
2004-07-31;48.51;7;48.51
2004-08-01;49.27;8;49.27
2004-08-02;30.08;8;30.08
2004-08-03;25.52;8;25.52
2004-08-04;23.68;8;23.68
2004-08-05;22.5;8;22.5
2004-08-06;32.04;8;32.04
2004-08-07;26.82;8;26.82
2004-08-08;31.38;8;31.38
2004-08-09;55.86;8;55.86
2004-08-10;31.38;8;31.38
2004-08-11;86.04;8;86.04
2004-08-12;50.8;8;50.8
2004-08-13;33.34;8;33.34
2004-08-14;33.34;8;33.34
2004-08-15;27.47;8;27.47
2004-08-16;22.5;8;22.5
2004-08-17;23.39;8;23.39
2004-08-18;28.12;8;28.12
2004-08-19;44.21;8;44.21
2004-08-20;34.64;8;34.64
2004-08-21;40.4;8;40.4
2004-08-22;33.99;8;33.99
2004-08-23;28.12;8;28.12
2004-08-24;26.17;8;26.17
2004-08-25;25.52;8;25.52
2004-08-26;21.97;8;21.97
2004-08-27;30.73;8;30.73
2004-08-28;23.03;8;23.03
2004-08-29;21.97;8;21.97
2004-08-30;33.34;8;33.34
2004-08-31;22.5;8;22.5
2004-09-01;21.44;9;21.44
2004-09-02;19.84;9;19.84
2004-09-03;17.19;9;17.19
2004-09-04;16.66;9;16.66
2004-09-05;70.39;9;70.39
2004-09-06;26.82;9;26.82
2004-09-07;22.62;9;22.62
2004-09-08;19.84;9;19.84
2004-09-09;19.84;9;19.84
2004-09-10;35.3;9;35.3
2004-09-11;55.95;9;55.95
2004-09-12;56.12;9;56.12
2004-09-13;37.8;9;37.8
2004-09-14;31.38;9;31.38
2004-09-15;30.08;9;30.08
2004-09-16;48.01;9;48.01
2004-09-17;37.69;9;37.69
2004-09-18;34.64;9;34.64
2004-09-19;33.34;9;33.34
2004-09-20;26.17;9;26.17
2004-09-21;24.86;9;24.86
2004-09-22;27.47;9;27.47
2004-09-23;24.99;9;24.99
2004-09-24;22.5;9;22.5
2004-09-25;21.44;9;21.44
2004-09-26;20.37;9;20.37
2004-09-27;85.76;9;85.76
2004-09-28;30.73;9;30.73
2004-09-29;28.78;9;28.78
2004-09-30;29.43;9;29.43
2004-10-01;28.78;10;28.78
2004-10-02;24.86;10;24.86
2004-10-03;19.84;10;19.84
2004-10-04;18.25;10;18.25
2004-10-05;25.76;10;25.76
2004-10-06;40.4;10;40.4
2004-10-07;36.93;10;36.93
2004-10-08;39.1;10;39.1
2004-10-09;44.21;10;44.21
2004-10-10;37.47;10;37.47
2004-10-11;33.99;10;33.99
2004-10-12;31.38;10;31.38
2004-10-13;26.17;10;26.17
2004-10-14;24.86;10;24.86
2004-10-15;20.9;10;20.9
2004-10-16;19.31;10;19.31
2004-10-17;19.31;10;19.31
2004-10-18;17.19;10;17.19
2004-10-19;16.13;10;16.13
2004-10-20;17.72;10;17.72
2004-10-21;15.59;10;15.59
2004-10-22;15.86;10;15.86
2004-10-23;17.19;10;17.19
2004-10-24;18.25;10;18.25
2004-10-25;31.71;10;31.71
2004-10-26;18.78;10;18.78
2004-10-27;16.66;10;16.66
2004-10-28;15.86;10;15.86
2004-10-29;16.13;10;16.13
2004-10-30;26.82;10;26.82
2004-10-31;28.12;10;28.12
2004-11-01;39.75;11;39.75
2004-11-02;28.12;11;28.12
2004-11-03;24.66;11;24.66
2004-11-04;22.5;11;22.5
2004-11-05;21.7;11;21.7
2004-11-06;21.44;11;21.44
2004-11-07;28.12;11;28.12
2004-11-08;35.46;11;35.46
2004-11-09;43.45;11;43.45
2004-11-10;31.06;11;31.06
2004-11-11;28.12;11;28.12
2004-11-12;27.15;11;27.15
2004-11-13;22.23;11;22.23
2004-11-14;18.78;11;18.78
2004-11-15;18.25;11;18.25
2004-11-16;20.9;11;20.9
2004-11-17;29.43;11;29.43
2004-11-18;44.21;11;44.21
2004-11-19;39.1;11;39.1
2004-11-20;28.45;11;28.45
2004-11-21;25.52;11;25.52
2004-11-22;23.68;11;23.68
2004-11-23;22.5;11;22.5
2004-11-24;20.9;11;20.9
2004-11-25;19.84;11;19.84
2004-11-26;18.78;11;18.78
2004-11-27;16.66;11;16.66
2004-11-28;17.72;11;17.72
2004-11-29;17.72;11;17.72
2004-11-30;18.78;11;18.78
2004-12-01;11.45;12;11.45
2004-12-02;12.73;12;12.73
2004-12-03;11.07;12;11.07
2004-12-04;9.58;12;9.58
2004-12-05;9.02;12;9.02
2004-12-06;9.77;12;9.77
2004-12-07;8.46;12;8.46
2004-12-08;9.21;12;9.21
2004-12-09;8.46;12;8.46
2004-12-10;8.09;12;8.09
2004-12-11;7.35;12;7.35
2004-12-12;7.72;12;7.72
2004-12-13;6.97;12;6.97
2004-12-14;7.72;12;7.72
2004-12-15;7.72;12;7.72
2004-12-16;7.35;12;7.35
2004-12-17;6.6;12;6.6
2004-12-18;6.79;12;6.79
2004-12-19;7.34;12;7.34
2004-12-20;7.35;12;7.35
2004-12-21;7.34;12;7.34
2004-12-22;8.46;12;8.46
2004-12-23;7.72;12;7.72
2004-12-24;6.97;12;6.97
2004-12-25;7.72;12;7.72
2004-12-26;6.97;12;6.97
2004-12-27;8.84;12;8.84
2004-12-28;8.09;12;8.09
2004-12-29;8.84;12;8.84
2004-12-30;11.07;12;11.07
2004-12-31;15.59;12;15.59
2005-01-01;6.6;1;6.6
2005-01-02;7.3;1;7.3
2005-01-03;6.6;1;6.6
2005-01-04;7.0;1;7.0
2005-01-05;7.3;1;7.3
2005-01-06;7.3;1;7.3
2005-01-07;7.3;1;7.3
2005-01-08;7.3;1;7.3
2005-01-09;11.1;1;11.1
2005-01-10;8.7;1;8.7
2005-01-11;10.7;1;10.7
2005-01-12;7.3;1;7.3
2005-01-13;7.3;1;7.3
2005-01-14;8.5;1;8.5
2005-01-15;8.8;1;8.8
2005-01-16;9.6;1;9.6
2005-01-17;13.0;1;13.0
2005-01-18;7.7;1;7.7
2005-01-19;7.0;1;7.0
2005-01-20;6.6;1;6.6
2005-01-21;5.7;1;5.7
2005-01-22;4.5;1;4.5
2005-01-23;4.9;1;4.9
2005-01-24;4.3;1;4.3
2005-01-25;4.3;1;4.3
2005-01-26;4.0;1;4.0
2005-01-27;4.5;1;4.5
2005-01-28;3.8;1;3.8
2005-01-29;4.2;1;4.2
2005-01-30;4.5;1;4.5
2005-01-31;3.8;1;3.8
2005-02-01;4.7;2;4.7
2005-02-02;4.3;2;4.3
2005-02-03;4.3;2;4.3
2005-02-04;4.3;2;4.3
2005-02-05;4.9;2;4.9
2005-02-06;4.2;2;4.2
2005-02-07;4.5;2;4.5
2005-02-08;4.9;2;4.9
2005-02-09;4.3;2;4.3
2005-02-10;5.7;2;5.7
2005-02-11;6.6;2;6.6
2005-02-12;15.9;2;15.9
2005-02-13;8.5;2;8.5
2005-02-14;5.7;2;5.7
2005-02-15;4.5;2;4.5
2005-02-16;4.0;2;4.0
2005-02-17;3.6;2;3.6
2005-02-18;3.2;2;3.2
2005-02-19;2.1;2;2.1
2005-02-20;2.1;2;2.1
2005-02-21;2.1;2;2.1
2005-02-22;-999.000;2;14.67
2005-02-23;-999.000;2;3.6
2005-02-24;-999.000;2;7.46
2005-02-25;2.3;2;2.3
2005-02-26;3.0;2;3.0
2005-02-27;2.5;2;2.5
2005-02-28;2.1;2;2.1
2005-03-01;-999.000;3;3.6
2005-03-02;-999.000;3;6.5
2005-03-03;-999.000;3;4.0
2005-03-04;-999.000;3;12.78
2005-03-05;-999.000;3;3.6
2005-03-06;-999.000;3;4.1
2005-03-07;-999.000;3;6.2
2005-03-08;-999.000;3;5.5
2005-03-09;-999.000;3;3.6
2005-03-10;-999.000;3;4.3
2005-03-11;-999.000;3;7.0
2005-03-12;-999.000;3;2.375
2005-03-13;-999.000;3;7.77
2005-03-14;-999.000;3;6.43
2005-03-15;-999.000;3;8.1
2005-03-16;-999.000;3;6.0
2005-03-17;-999.000;3;8.1
2005-03-18;-999.000;3;10.4
2005-03-19;-999.000;3;4.42
2005-03-20;-999.000;3;5.7
2005-03-21;-999.000;3;12.0
2005-03-22;-999.000;3;4.0
2005-03-23;-999.000;3;18.5
2005-03-24;-999.000;3;4.59
2005-03-25;-999.000;3;5.904
2005-03-26;-999.000;3;5.6
2005-03-27;-999.000;3;4.21
2005-03-28;-999.000;3;3.6
2005-03-29;-999.000;3;4.59
2005-03-30;-999.000;3;3.5
2005-03-31;-999.000;3;5.8
2005-04-01;-999.000;4;6.3
2005-04-02;-999.000;4;8.5
2005-04-03;-999.000;4;6.86
2005-04-04;-999.000;4;27.95
2005-04-05;-999.000;4;12.54
2005-04-06;-999.000;4;5.38
2005-04-07;-999.000;4;4.1
2005-04-08;-999.000;4;11.82
2005-04-09;-999.000;4;3.0
2005-04-10;-999.000;4;3.8
2005-04-11;-999.000;4;6.12
2005-04-12;-999.000;4;6.75
2005-04-13;-999.000;4;10.6
2005-04-14;-999.000;4;6.555
2005-04-15;-999.000;4;8.49
2005-04-16;-999.000;4;16.79
2005-04-17;-999.000;4;11.49
2005-04-18;-999.000;4;7.6
2005-04-19;-999.000;4;6.2
2005-04-20;-999.000;4;6.3
2005-04-21;4.5;4;4.5
2005-04-22;10.7;4;10.7
2005-04-23;4.7;4;4.7
2005-04-24;6.6;4;6.6
2005-04-25;23.6;4;23.6
2005-04-26;11.4;4;11.4
2005-04-27;4.9;4;4.9
2005-04-28;3.8;4;3.8
2005-04-29;4.0;4;4.0
2005-04-30;3.8;4;3.8
2005-05-01;4.2;5;4.2
2005-05-02;4.5;5;4.5
2005-05-03;15.1;5;15.1
2005-05-04;44.4;5;44.4
2005-05-05;18.8;5;18.8
2005-05-06;12.2;5;12.2
2005-05-07;10.7;5;10.7
2005-05-08;10.0;5;10.0
2005-05-09;10.0;5;10.0
2005-05-10;16.7;5;16.7
2005-05-11;10.5;5;10.5
2005-05-12;24.0;5;24.0
2005-05-13;17.2;5;17.2
2005-05-14;23.4;5;23.4
2005-05-15;16.7;5;16.7
2005-05-16;18.3;5;18.3
2005-05-17;39.8;5;39.8
2005-05-18;38.1;5;38.1
2005-05-19;63.0;5;63.0
2005-05-20;30.7;5;30.7
2005-05-21;20.9;5;20.9
2005-05-22;23.9;5;23.9
2005-05-23;16.7;5;16.7
2005-05-24;11.8;5;11.8
2005-05-25;10.3;5;10.3
2005-05-26;7.0;5;7.0
2005-05-27;38.3;5;38.3
2005-05-28;13.1;5;13.1
2005-05-29;38.3;5;38.3
2005-05-30;9.2;5;9.2
2005-05-31;39.0;5;39.0
2005-06-01;9.6;6;9.6
2005-06-02;7.2;6;7.2
2005-06-03;7.0;6;7.0
2005-06-04;4.9;6;4.9
2005-06-05;11.8;6;11.8
2005-06-06;20.9;6;20.9
2005-06-07;92.9;6;92.9
2005-06-08;52.3;6;52.3
2005-06-09;39.8;6;39.8
2005-06-10;48.0;6;48.0
2005-06-11;60.4;6;60.4
2005-06-12;50.6;6;50.6
2005-06-13;30.1;6;30.1
2005-06-14;25.5;6;25.5
2005-06-15;33.3;6;33.3
2005-06-16;22.5;6;22.5
2005-06-17;19.3;6;19.3
2005-06-18;15.6;6;15.6
2005-06-19;19.8;6;19.8
2005-06-20;35.8;6;35.8
2005-06-21;25.1;6;25.1
2005-06-22;21.4;6;21.4
2005-06-23;26.8;6;26.8
2005-06-24;32.7;6;32.7
2005-06-25;34.0;6;34.0
2005-06-26;26.8;6;26.8
2005-06-27;25.5;6;25.5
2005-06-28;19.3;6;19.3
2005-06-29;18.3;6;18.3
2005-06-30;19.8;6;19.8
2005-07-01;22.0;7;22.0
2005-07-02;19.3;7;19.3
2005-07-03;18.3;7;18.3
2005-07-04;13.1;7;13.1
2005-07-05;12.2;7;12.2
2005-07-06;12.4;7;12.4
2005-07-07;12.7;7;12.7
2005-07-08;11.8;7;11.8
2005-07-09;10.7;7;10.7
2005-07-10;18.3;7;18.3
2005-07-11;13.1;7;13.1
2005-07-12;44.2;7;44.2
2005-07-13;26.2;7;26.2
2005-07-14;19.8;7;19.8
2005-07-15;15.1;7;15.1
2005-07-16;12.2;7;12.2
2005-07-17;13.1;7;13.1
2005-07-18;13.1;7;13.1
2005-07-19;40.9;7;40.9
2005-07-20;25.6;7;25.6
2005-07-21;27.5;7;27.5
2005-07-22;25.5;7;25.5
2005-07-23;25.8;7;25.8
2005-07-24;25.5;7;25.5
2005-07-25;20.9;7;20.9
2005-07-26;19.8;7;19.8
2005-07-27;26.3;7;26.3
2005-07-28;37.1;7;37.1
2005-07-29;33.3;7;33.3
2005-07-30;30.4;7;30.4
2005-07-31;26.8;7;26.8
2005-08-01;24.9;8;24.9
2005-08-02;25.5;8;25.5
2005-08-03;35.3;8;35.3
2005-08-04;35.5;8;35.5
2005-08-05;32.7;8;32.7
2005-08-06;35.9;8;35.9
2005-08-07;38.1;8;38.1
2005-08-08;32.0;8;32.0
2005-08-09;29.4;8;29.4
2005-08-10;32.7;8;32.7
2005-08-11;28.1;8;28.1
2005-08-12;25.5;8;25.5
2005-08-13;23.8;8;23.8
2005-08-14;22.0;8;22.0
2005-08-15;19.8;8;19.8
2005-08-16;20.4;8;20.4
2005-08-17;39.1;8;39.1
2005-08-18;30.7;8;30.7
2005-08-19;28.1;8;28.1
2005-08-20;40.4;8;40.4
2005-08-21;41.2;8;41.2
2005-08-22;33.3;8;33.3
2005-08-23;26.2;8;26.2
2005-08-24;19.8;8;19.8
2005-08-25;19.3;8;19.3
2005-08-26;19.3;8;19.3
2005-08-27;18.3;8;18.3
2005-08-28;19.3;8;19.3
2005-08-29;16.7;8;16.7
2005-08-30;14.5;8;14.5
2005-08-31;13.6;8;13.6
2005-09-01;15.1;9;15.1
2005-09-02;11.4;9;11.4
2005-09-03;10.7;9;10.7
2005-09-04;10.3;9;10.3
2005-09-05;11.1;9;11.1
2005-09-06;11.1;9;11.1
2005-09-07;13.2;9;13.2
2005-09-08;12.2;9;12.2
2005-09-09;12.6;9;12.6
2005-09-10;11.4;9;11.4
2005-09-11;17.2;9;17.2
2005-09-12;14.5;9;14.5
2005-09-13;24.9;9;24.9
2005-09-14;15.1;9;15.1
2005-09-15;15.1;9;15.1
2005-09-16;15.1;9;15.1
2005-09-17;14.2;9;14.2
2005-09-18;11.8;9;11.8
2005-09-19;15.1;9;15.1
2005-09-20;14.5;9;14.5
2005-09-21;15.6;9;15.6
2005-09-22;14.5;9;14.5
2005-09-23;15.1;9;15.1
2005-09-24;13.1;9;13.1
2005-09-25;14.0;9;14.0
2005-09-26;33.7;9;33.7
2005-09-27;22.0;9;22.0
2005-09-28;19.8;9;19.8
2005-09-29;52.3;9;52.3
2005-09-30;34.9;9;34.9
2005-10-01;25.5;10;25.5
2005-10-02;34.9;10;34.9
2005-10-03;25.5;10;25.5
2005-10-04;22.0;10;22.0
2005-10-05;26.8;10;26.8
2005-10-06;17.2;10;17.2
2005-10-07;14.5;10;14.5
2005-10-08;34.1;10;34.1
2005-10-09;49.0;10;49.0
2005-10-10;43.4;10;43.4
2005-10-11;41.2;10;41.2
2005-10-12;45.5;10;45.5
2005-10-13;45.0;10;45.0
2005-10-14;33.3;10;33.3
2005-10-15;36.9;10;36.9
2005-10-16;49.5;10;49.5
2005-10-17;58.7;10;58.7
2005-10-18;40.4;10;40.4
2005-10-19;33.3;10;33.3
2005-10-20;25.5;10;25.5
2005-10-21;23.1;10;23.1
2005-10-22;22.0;10;22.0
2005-10-23;40.4;10;40.4
2005-10-24;31.4;10;31.4
2005-10-25;36.8;10;36.8
2005-10-26;30.7;10;30.7
2005-10-27;28.1;10;28.1
2005-10-28;22.5;10;22.5
2005-10-29;40.4;10;40.4
2005-10-30;35.3;10;35.3
2005-10-31;30.7;10;30.7
2005-11-01;28.8;11;28.8
2005-11-02;28.8;11;28.8
2005-11-03;23.8;11;23.8
2005-11-04;22.6;11;22.6
2005-11-05;21.4;11;21.4
2005-11-06;20.9;11;20.9
2005-11-07;23.1;11;23.1
2005-11-08;21.4;11;21.4
2005-11-09;17.7;11;17.7
2005-11-10;33.3;11;33.3
2005-11-11;87.2;11;87.2
2005-11-12;101.8;11;101.8
2005-11-13;-999.000;11;17.2
2005-11-14;73.5;11;73.5
2005-11-15;56.6;11;56.6
2005-11-16;52.7;11;52.7
2005-11-17;36.9;11;36.9
2005-11-18;36.1;11;36.1
2005-11-19;40.4;11;40.4
2005-11-20;35.4;11;35.4
2005-11-21;30.7;11;30.7
2005-11-22;27.5;11;27.5
2005-11-23;28.8;11;28.8
2005-11-24;48.5;11;48.5
2005-11-25;35.5;11;35.5
2005-11-26;31.4;11;31.4
2005-11-27;24.9;11;24.9
2005-11-28;23.0;11;23.0
2005-11-29;19.8;11;19.8
2005-11-30;22.0;11;22.0
2005-12-01;19.3;12;19.3
2005-12-02;18.3;12;18.3
2005-12-03;17.2;12;17.2
2005-12-04;17.2;12;17.2
2005-12-05;15.1;12;15.1
2005-12-06;14.0;12;14.0
2005-12-07;12.2;12;12.2
2005-12-08;11.4;12;11.4
2005-12-09;12.2;12;12.2
2005-12-10;11.1;12;11.1
2005-12-11;12.6;12;12.6
2005-12-12;12.2;12;12.2
2005-12-13;10.0;12;10.0
2005-12-14;9.2;12;9.2
2005-12-15;9.2;12;9.2
2005-12-16;8.5;12;8.5
2005-12-17;9.2;12;9.2
2005-12-18;8.5;12;8.5
2005-12-19;8.1;12;8.1
2005-12-20;7.3;12;7.3
2005-12-21;8.1;12;8.1
2005-12-22;7.3;12;7.3
2005-12-23;6.6;12;6.6
2005-12-24;7.3;12;7.3
2005-12-25;7.0;12;7.0
2005-12-26;6.6;12;6.6
2005-12-27;6.6;12;6.6
2005-12-28;6.6;12;6.6
2005-12-29;6.2;12;6.2
2005-12-30;6.6;12;6.6
2005-12-31;6.6;12;6.6
2006-01-01;-999.000;1;5.37
2006-01-02;-999.000;1;8.92
2006-01-03;-999.000;1;6.32
2006-01-04;-999.000;1;4.4
2006-01-05;-999.000;1;6.36
2006-01-06;-999.000;1;5.2
2006-01-07;-999.000;1;4.76
2006-01-08;-999.000;1;8.78
2006-01-09;-999.000;1;14.05
2006-01-10;-999.000;1;6.16
2006-01-11;-999.000;1;6.5
2006-01-12;-999.000;1;3.4
2006-01-13;-999.000;1;5.37
2006-01-14;-999.000;1;18.0
2006-01-15;-999.000;1;4.6
2006-01-16;-999.000;1;5.8
2006-01-17;-999.000;1;6.38
2006-01-18;-999.000;1;5.76
2006-01-19;-999.000;1;6.17
2006-01-20;-999.000;1;12.1
2006-01-21;-999.000;1;5.42
2006-01-22;-999.000;1;3.8
2006-01-23;-999.000;1;4.8
2006-01-24;-999.000;1;5.37
2006-01-25;-999.000;1;9.43
2006-01-26;-999.000;1;4.8
2006-01-27;-999.000;1;6.38
2006-01-28;-999.000;1;5.1
2006-01-29;-999.000;1;7.187
2006-01-30;-999.000;1;6.5
2006-01-31;-999.000;1;6.2
2006-02-01;-999.000;2;5.855
2006-02-02;-999.000;2;6.0
2006-02-03;-999.000;2;7.16
2006-02-04;-999.000;2;3.614
2006-02-05;-999.000;2;4.6
2006-02-06;-999.000;2;7.11
2006-02-07;-999.000;2;10.1
2006-02-08;-999.000;2;7.11
2006-02-09;-999.000;2;3.889
2006-02-10;-999.000;2;5.38
2006-02-11;-999.000;2;5.0
2006-02-12;-999.000;2;3.6
2006-02-13;-999.000;2;5.15
2006-02-14;-999.000;2;17.06
2006-02-15;-999.000;2;3.212
2006-02-16;-999.000;2;4.4
2006-02-17;-999.000;2;2.778
2006-02-18;-999.000;2;6.82
2006-02-19;-999.000;2;4.92
2006-02-20;-999.000;2;5.15
2006-02-21;-999.000;2;1.6
2006-02-22;-999.000;2;4.4
2006-02-23;-999.000;2;2.862
2006-02-24;-999.000;2;6.0
2006-02-25;-999.000;2;7.07
2006-02-26;-999.000;2;7.6
2006-02-27;-999.000;2;7.11
2006-02-28;-999.000;2;4.0
2006-03-01;-999.000;3;6.3
2006-03-02;-999.000;3;13.83
2006-03-03;-999.000;3;6.6
2006-03-04;-999.000;3;5.0
2006-03-05;-999.000;3;9.87
2006-03-06;-999.000;3;12.42
2006-03-07;-999.000;3;3.1
2006-03-08;-999.000;3;6.67
2006-03-09;-999.000;3;3.75
2006-03-10;-999.000;3;7.18
2006-03-11;-999.000;3;5.54
2006-03-12;-999.000;3;3.0
2006-03-13;-999.000;3;5.6
2006-03-14;-999.000;3;23.205
2006-03-15;-999.000;3;7.11
2006-03-16;-999.000;3;4.64
2006-03-17;-999.000;3;6.36
2006-03-18;-999.000;3;9.68
2006-03-19;-999.000;3;8.9
2006-03-20;-999.000;3;20.89
2006-03-21;-999.000;3;3.24
2006-03-22;-999.000;3;4.84
2006-03-23;-999.000;3;3.96
2006-03-24;-999.000;3;14.277
2006-03-25;-999.000;3;9.4
2006-03-26;-999.000;3;5.9
2006-03-27;-999.000;3;5.48
2006-03-28;-999.000;3;2.6
2006-03-29;-999.000;3;3.4
2006-03-30;-999.000;3;11.6
2006-03-31;-999.000;3;14.12
2006-04-01;9.956;4;9.956
2006-04-02;9.583;4;9.583
2006-04-03;9.583;4;9.583
2006-04-04;10.33;4;10.33
2006-04-05;22.5;4;22.5
2006-04-06;31.3;4;31.3
2006-04-07;58.78;4;58.78
2006-04-08;40.4;4;40.4
2006-04-09;22.09;4;22.09
2006-04-10;14.53;4;14.53
2006-04-11;14.53;4;14.53
2006-04-12;20.9;4;20.9
2006-04-13;35.95;4;35.95
2006-04-14;50.03;4;50.03
2006-04-15;41.93;4;41.93
2006-04-16;20.9;4;20.9
2006-04-17;17.19;4;17.19
2006-04-18;16.66;4;16.66
2006-04-19;19.31;4;19.31
2006-04-20;37.14;4;37.14
2006-04-21;20.9;4;20.9
2006-04-22;16.13;4;16.13
2006-04-23;17.72;4;17.72
2006-04-24;16.13;4;16.13
2006-04-25;14.0;4;14.0
2006-04-26;12.19;4;12.19
2006-04-27;32.69;4;32.69
2006-04-28;20.37;4;20.37
2006-04-29;21.97;4;21.97
2006-04-30;22.86;4;22.86
2006-05-01;32.69;5;32.69
2006-05-02;68.55;5;68.55
2006-05-03;39.1;5;39.1
2006-05-04;31.38;5;31.38
2006-05-05;29.43;5;29.43
2006-05-06;55.3;5;55.3
2006-05-07;64.87;5;64.87
2006-05-08;101.8;5;101.8
2006-05-09;139.9;5;139.9
2006-05-10;139.9;5;139.9
2006-05-11;101.4;5;101.4
2006-05-12;87.24;5;87.24
2006-05-13;73.47;5;73.47
2006-05-14;61.29;5;61.29
2006-05-15;42.69;5;42.69
2006-05-16;39.64;5;39.64
2006-05-17;45.73;5;45.73
2006-05-18;48.78;5;48.78
2006-05-19;39.64;5;39.64
2006-05-20;36.17;5;36.17
2006-05-21;32.04;5;32.04
2006-05-22;27.47;5;27.47
2006-05-23;24.99;5;24.99
2006-05-24;22.5;5;22.5
2006-05-25;21.44;5;21.44
2006-05-26;20.9;5;20.9
2006-05-27;20.9;5;20.9
2006-05-28;22.5;5;22.5
2006-05-29;21.97;5;21.97
2006-05-30;20.9;5;20.9
2006-05-31;21.97;5;21.97
2006-06-01;37.69;6;37.69
2006-06-02;26.82;6;26.82
2006-06-03;22.5;6;22.5
2006-06-04;21.44;6;21.44
2006-06-05;18.25;6;18.25
2006-06-06;17.19;6;17.19
2006-06-07;33.34;6;33.34
2006-06-08;32.69;6;32.69
2006-06-09;31.38;6;31.38
2006-06-10;26.82;6;26.82
2006-06-11;62.15;6;62.15
2006-06-12;41.93;6;41.93
2006-06-13;30.08;6;30.08
2006-06-14;68.21;6;68.21
2006-06-15;41.17;6;41.17
2006-06-16;31.38;6;31.38
2006-06-17;26.82;6;26.82
2006-06-18;25.52;6;25.52
2006-06-19;28.12;6;28.12
2006-06-20;24.99;6;24.99
2006-06-21;27.47;6;27.47
2006-06-22;26.17;6;26.17
2006-06-23;25.52;6;25.52
2006-06-24;23.68;6;23.68
2006-06-25;22.5;6;22.5
2006-06-26;24.33;6;24.33
2006-06-27;38.34;6;38.34
2006-06-28;37.47;6;37.47
2006-06-29;31.38;6;31.38
2006-06-30;32.69;6;32.69
2006-07-01;31.38;7;31.38
2006-07-02;32.04;7;32.04
2006-07-03;31.38;7;31.38
2006-07-04;28.78;7;28.78
2006-07-05;82.8;7;82.8
2006-07-06;73.47;7;73.47
2006-07-07;61.29;7;61.29
2006-07-08;62.15;7;62.15
2006-07-09;51.16;7;51.16
2006-07-10;67.03;7;67.03
2006-07-11;43.45;7;43.45
2006-07-12;41.17;7;41.17
2006-07-13;50.54;7;50.54
2006-07-14;39.63;7;39.63
2006-07-15;38.77;7;38.77
2006-07-16;62.03;7;62.03
2006-07-17;44.97;7;44.97
2006-07-18;30.57;7;30.57
2006-07-19;41.79;7;41.79
2006-07-20;25.62;7;25.62
2006-07-21;26.57;7;26.57
2006-07-22;19.27;7;19.27
2006-07-23;28.79;7;28.79
2006-07-24;30.73;7;30.73
2006-07-25;17.79;7;17.79
2006-07-26;9.645;7;9.645
2006-07-27;6.218;7;6.218
2006-07-28;70.39;7;70.39
2006-07-29;57.84;7;57.84
2006-07-30;41.93;7;41.93
2006-07-31;36.93;7;36.93
2006-08-01;29.43;8;29.43
2006-08-02;48.01;8;48.01
2006-08-03;30.73;8;30.73
2006-08-04;29.43;8;29.43
2006-08-05;29.43;8;29.43
2006-08-06;27.47;8;27.47
2006-08-07;26.17;8;26.17
2006-08-08;24.86;8;24.86
2006-08-09;23.68;8;23.68
2006-08-10;21.97;8;21.97
2006-08-11;20.9;8;20.9
2006-08-12;18.25;8;18.25
2006-08-13;17.19;8;17.19
2006-08-14;16.13;8;16.13
2006-08-15;20.37;8;20.37
2006-08-16;17.72;8;17.72
2006-08-17;17.19;8;17.19
2006-08-18;19.31;8;19.31
2006-08-19;18.25;8;18.25
2006-08-20;19.84;8;19.84
2006-08-21;54.4;8;54.4
2006-08-22;35.3;8;35.3
2006-08-23;28.12;8;28.12
2006-08-24;32.69;8;32.69
2006-08-25;26.82;8;26.82
2006-08-26;63.35;8;63.35
2006-08-27;72.67;8;72.67
2006-08-28;38.23;8;38.23
2006-08-29;33.34;8;33.34
2006-08-30;40.4;8;40.4
2006-08-31;35.4;8;35.4
2006-09-01;22.24;9;22.24
2006-09-02;20.02;9;20.02
2006-09-03;18.18;9;18.18
2006-09-04;16.97;9;16.97
2006-09-05;16.26;9;16.26
2006-09-06;21.97;9;21.97
2006-09-07;45.56;9;45.56
2006-09-08;32.5;9;32.5
2006-09-09;25.8;9;25.8
2006-09-10;21.5;9;21.5
2006-09-11;19.78;9;19.78
2006-09-12;18.43;9;18.43
2006-09-13;20.52;9;20.52
2006-09-14;19.78;9;19.78
2006-09-15;26.08;9;26.08
2006-09-16;31.33;9;31.33
2006-09-17;28.48;9;28.48
2006-09-18;25.59;9;25.59
2006-09-19;37.53;9;37.53
2006-09-20;29.24;9;29.24
2006-09-21;23.23;9;23.23
2006-09-22;20.77;9;20.77
2006-09-23;19.07;9;19.07
2006-09-24;18.05;9;18.05
2006-09-25;19.57;9;19.57
2006-09-26;24.96;9;24.96
2006-09-27;17.61;9;17.61
2006-09-28;16.1;9;16.1
2006-09-29;15.44;9;15.44
2006-09-30;15.37;9;15.37
2006-10-01;14.71;10;14.71
2006-10-02;14.78;10;14.78
2006-10-03;18.92;10;18.92
2006-10-04;30.66;10;30.66
2006-10-05;21.06;10;21.06
2006-10-06;18.27;10;18.27
2006-10-07;17.17;10;17.17
2006-10-08;15.93;10;15.93
2006-10-09;14.93;10;14.93
2006-10-10;14.25;10;14.25
2006-10-11;38.83;10;38.83
2006-10-12;40.07;10;40.07
2006-10-13;23.52;10;23.52
2006-10-14;22.2;10;22.2
2006-10-15;21.18;10;21.18
2006-10-16;23.41;10;23.41
2006-10-17;45.79;10;45.79
2006-10-18;28.06;10;28.06
2006-10-19;37.77;10;37.77
2006-10-20;41.76;10;41.76
2006-10-21;51.78;10;51.78
2006-10-22;41.85;10;41.85
2006-10-23;31.36;10;31.36
2006-10-24;27.12;10;27.12
2006-10-25;23.91;10;23.91
2006-10-26;22.19;10;22.19
2006-10-27;20.84;10;20.84
2006-10-28;19.75;10;19.75
2006-10-29;18.78;10;18.78
2006-10-30;19.11;10;19.11
2006-10-31;16.9;10;16.9
2006-11-01;15.86;11;15.86
2006-11-02;14.89;11;14.89
2006-11-03;13.96;11;13.96
2006-11-04;13.31;11;13.31
2006-11-05;12.87;11;12.87
2006-11-06;12.64;11;12.64
2006-11-07;12.35;11;12.35
2006-11-08;12.5;11;12.5
2006-11-09;11.96;11;11.96
2006-11-10;11.81;11;11.81
2006-11-11;11.67;11;11.67
2006-11-12;11.26;11;11.26
2006-11-13;10.9;11;10.9
2006-11-14;10.58;11;10.58
2006-11-15;12.64;11;12.64
2006-11-16;16.88;11;16.88
2006-11-17;12.64;11;12.64
2006-11-18;11.62;11;11.62
2006-11-19;11.37;11;11.37
2006-11-20;19.24;11;19.24
2006-11-21;19.12;11;19.12
2006-11-22;16.02;11;16.02
2006-11-23;12.43;11;12.43
2006-11-24;12.41;11;12.41
2006-11-25;14.25;11;14.25
2006-11-26;12.31;11;12.31
2006-11-27;11.01;11;11.01
2006-11-28;10.76;11;10.76
2006-11-29;10.45;11;10.45
2006-11-30;10.3;11;10.3
2006-12-01;9.63;12;9.63
2006-12-02;9.163;12;9.163
2006-12-03;8.899;12;8.899
2006-12-04;8.635;12;8.635
2006-12-05;11.66;12;11.66
2006-12-06;11.44;12;11.44
2006-12-07;11.55;12;11.55
2006-12-08;11.16;12;11.16
2006-12-09;9.754;12;9.754
2006-12-10;9.334;12;9.334
2006-12-11;8.604;12;8.604
2006-12-12;8.728;12;8.728
2006-12-13;8.713;12;8.713
2006-12-14;8.107;12;8.107
2006-12-15;7.687;12;7.687
2006-12-16;7.221;12;7.221
2006-12-17;6.894;12;6.894
2006-12-18;6.817;12;6.817
2006-12-19;6.661;12;6.661
2006-12-20;7.345;12;7.345
2006-12-21;8.2;12;8.2
2006-12-22;7.376;12;7.376
2006-12-23;8.153;12;8.153
2006-12-24;9.474;12;9.474
2006-12-25;8.169;12;8.169
2006-12-26;7.345;12;7.345
2006-12-27;6.785;12;6.785
2006-12-28;6.677;12;6.677
2006-12-29;6.226;12;6.226
2006-12-30;5.915;12;5.915
2006-12-31;5.869;12;5.869
2007-01-01;6.148;1;6.148
2007-01-02;6.521;1;6.521
2007-01-03;6.024;1;6.024
2007-01-04;5.775;1;5.775
2007-01-05;5.362;1;5.362
2007-01-06;5.173;1;5.173
2007-01-07;5.102;1;5.102
2007-01-08;5.094;1;5.094
2007-01-09;5.078;1;5.078
2007-01-10;5.503;1;5.503
2007-01-11;5.354;1;5.354
2007-01-12;5.991;1;5.991
2007-01-13;6.506;1;6.506
2007-01-14;5.915;1;5.915
2007-01-15;6.335;1;6.335
2007-01-16;5.931;1;5.931
2007-01-17;6.179;1;6.179
2007-01-18;7.081;1;7.081
2007-01-19;5.837;1;5.837
2007-01-20;5.509;1;5.509
2007-01-21;5.212;1;5.212
2007-01-22;5.79;1;5.79
2007-01-23;4.992;1;4.992
2007-01-24;4.653;1;4.653
2007-01-25;4.543;1;4.543
2007-01-26;4.551;1;4.551
2007-01-27;4.724;1;4.724
2007-01-28;4.511;1;4.511
2007-01-29;4.338;1;4.338
2007-01-30;4.173;1;4.173
2007-01-31;4.078;1;4.078
2007-02-01;3.913;2;3.913
2007-02-02;3.889;2;3.889
2007-02-03;3.771;2;3.771
2007-02-04;3.834;2;3.834
2007-02-05;3.866;2;3.866
2007-02-06;3.724;2;3.724
2007-02-07;3.708;2;3.708
2007-02-08;3.614;2;3.614
2007-02-09;3.7;2;3.7
2007-02-10;3.81;2;3.81
2007-02-11;3.692;2;3.692
2007-02-12;3.661;2;3.661
2007-02-13;3.669;2;3.669
2007-02-14;3.606;2;3.606
2007-02-15;3.519;2;3.519
2007-02-16;3.448;2;3.448
2007-02-17;3.44;2;3.44
2007-02-18;3.44;2;3.44
2007-02-19;3.59;2;3.59
2007-02-20;3.519;2;3.519
2007-02-21;3.346;2;3.346
2007-02-22;3.299;2;3.299
2007-02-23;3.212;2;3.212
2007-02-24;3.259;2;3.259
2007-02-25;11.09;2;11.09
2007-02-26;17.82;2;17.82
2007-02-27;7.174;2;7.174
2007-02-28;5.314;2;5.314
2007-03-01;4.787;3;4.787
2007-03-02;4.425;3;4.425
2007-03-03;4.157;3;4.157
2007-03-04;4.228;3;4.228
2007-03-05;4.204;3;4.204
2007-03-06;3.881;3;3.881
2007-03-07;4.094;3;4.094
2007-03-08;4.669;3;4.669
2007-03-09;5.538;3;5.538
2007-03-10;6.355;3;6.355
2007-03-11;5.274;3;5.274
2007-03-12;4.637;3;4.637
2007-03-13;4.267;3;4.267
2007-03-14;4.031;3;4.031
2007-03-15;3.968;3;3.968
2007-03-16;3.952;3;3.952
2007-03-17;5.332;3;5.332
2007-03-18;4.118;3;4.118
2007-03-19;8.574;3;8.574
2007-03-20;4.614;3;4.614
2007-03-21;4.047;3;4.047
2007-03-22;4.039;3;4.039
2007-03-23;4.535;3;4.535
2007-03-24;9.148;3;9.148
2007-03-25;7.609;3;7.609
2007-03-26;11.82;3;11.82
2007-03-27;19.75;3;19.75
2007-03-28;20.45;3;20.45
2007-03-29;21.57;3;21.57
2007-03-30;12.56;3;12.56
2007-03-31;10.38;3;10.38
2007-04-01;14.04;4;14.04
2007-04-02;12.85;4;12.85
2007-04-03;12.96;4;12.96
2007-04-04;17.82;4;17.82
2007-04-05;18.18;4;18.18
2007-04-06;22.89;4;22.89
2007-04-07;21.99;4;21.99
2007-04-08;59.19;4;59.19
2007-04-09;26.25;4;26.25
2007-04-10;18.16;4;18.16
2007-04-11;15.12;4;15.12
2007-04-12;13.6;4;13.6
2007-04-13;12.46;4;12.46
2007-04-14;11.41;4;11.41
2007-04-15;10.73;4;10.73
2007-04-16;10.44;4;10.44
2007-04-17;9.366;4;9.366
2007-04-18;7.717;4;7.717
2007-04-19;8.171;4;8.171
2007-04-20;7.836;4;7.836
2007-04-21;7.478;4;7.478
2007-04-22;7.691;4;7.691
2007-04-23;9.119;4;9.119
2007-04-24;7.606;4;7.606
2007-04-25;7.384;4;7.384
2007-04-26;7.384;4;7.384
2007-04-27;7.059;4;7.059
2007-04-28;6.683;4;6.683
2007-04-29;6.555;4;6.555
2007-04-30;6.427;4;6.427
2007-05-01;6.581;5;6.581
2007-05-02;6.589;5;6.589
2007-05-03;8.671;5;8.671
2007-05-04;8.28;5;8.28
2007-05-05;7.819;5;7.819
2007-05-06;7.11;5;7.11
2007-05-07;6.794;5;6.794
2007-05-08;9.806;5;9.806
2007-05-09;14.03;5;14.03
2007-05-10;8.854;5;8.854
2007-05-11;8.399;5;8.399
2007-05-12;7.99;5;7.99
2007-05-13;7.828;5;7.828
2007-05-14;7.725;5;7.725
2007-05-15;7.742;5;7.742
2007-05-16;7.52;5;7.52
2007-05-17;8.27;5;8.27
2007-05-18;7.888;5;7.888
2007-05-19;7.947;5;7.947
2007-05-20;8.472;5;8.472
2007-05-21;9.378;5;9.378
2007-05-22;7.776;5;7.776
2007-05-23;8.081;5;8.081
2007-05-24;9.641;5;9.641
2007-05-25;10.7;5;10.7
2007-05-26;13.09;5;13.09
2007-05-27;17.69;5;17.69
2007-05-28;18.22;5;18.22
2007-05-29;14.56;5;14.56
2007-05-30;17.15;5;17.15
2007-05-31;19.88;5;19.88
2007-06-01;16.88;6;16.88
2007-06-02;13.53;6;13.53
2007-06-03;15.38;6;15.38
2007-06-04;16.82;6;16.82
2007-06-05;19.68;6;19.68
2007-06-06;20.79;6;20.79
2007-06-07;16.21;6;16.21
2007-06-08;13.8;6;13.8
2007-06-09;12.68;6;12.68
2007-06-10;12.07;6;12.07
2007-06-11;16.63;6;16.63
2007-06-12;13.88;6;13.88
2007-06-13;11.81;6;11.81
2007-06-14;11.4;6;11.4
2007-06-15;20.04;6;20.04
2007-06-16;40.84;6;40.84
2007-06-17;19.23;6;19.23
2007-06-18;15.29;6;15.29
2007-06-19;17.46;6;17.46
2007-06-20;20.54;6;20.54
2007-06-21;29.95;6;29.95
2007-06-22;82.93;6;82.93
2007-06-23;69.75;6;69.75
2007-06-24;67.38;6;67.38
2007-06-25;51.99;6;51.99
2007-06-26;133.5;6;133.5
2007-06-27;74.44;6;74.44
2007-06-28;53.54;6;53.54
2007-06-29;69.73;6;69.73
2007-06-30;76.35;6;76.35
2007-07-01;103.4;7;103.4
2007-07-02;115.5;7;115.5
2007-07-03;106.8;7;106.8
2007-07-04;91.4;7;91.4
2007-07-05;78.2;7;78.2
2007-07-06;62.05;7;62.05
2007-07-07;39.1;7;39.1
2007-07-08;33.7;7;33.7
2007-07-09;34.6;7;34.6
2007-07-10;38.2;7;38.2
2007-07-11;32.47;7;32.47
2007-07-12;29.7;7;29.7
2007-07-13;41.1;7;41.1
2007-07-14;32.8;7;32.8
2007-07-15;28.4;7;28.4
2007-07-16;31.5;7;31.5
2007-07-17;28.4;7;28.4
2007-07-18;22.85;7;22.85
2007-07-19;19.15;7;19.15
2007-07-20;16.6;7;16.6
2007-07-21;41.75;7;41.75
2007-07-22;23.4;7;23.4
2007-07-23;17.8;7;17.8
2007-07-24;15.4;7;15.4
2007-07-25;14.32;7;14.32
2007-07-26;15.06;7;15.06
2007-07-27;20.4;7;20.4
2007-07-28;21.75;7;21.75
2007-07-29;19.15;7;19.15
2007-07-30;60.75;7;60.75
2007-07-31;30.35;7;30.35
2007-08-01;23.15;8;23.15
2007-08-02;21.46;8;21.46
2007-08-03;26.63;8;26.63
2007-08-04;42.55;8;42.55
2007-08-05;48.39;8;48.39
2007-08-06;35.5;8;35.5
2007-08-07;26.86;8;26.86
2007-08-08;23.87;8;23.87
2007-08-09;22.74;8;22.74
2007-08-10;22.84;8;22.84
2007-08-11;32.81;8;32.81
2007-08-12;48.54;8;48.54
2007-08-13;50.24;8;50.24
2007-08-14;31.55;8;31.55
2007-08-15;30.44;8;30.44
2007-08-16;29.05;8;29.05
2007-08-17;30.83;8;30.83
2007-08-18;50.99;8;50.99
2007-08-19;94.9;8;94.9
2007-08-20;84.27;8;84.27
2007-08-21;75.79;8;75.79
2007-08-22;63.22;8;63.22
2007-08-23;44.39;8;44.39
2007-08-24;38.08;8;38.08
2007-08-25;43.42;8;43.42
2007-08-26;113.0;8;113.0
2007-08-27;76.9;8;76.9
2007-08-28;49.17;8;49.17
2007-08-29;40.02;8;40.02
2007-08-30;38.13;8;38.13
2007-08-31;61.64;8;61.64
2007-09-01;91.4;9;91.4
2007-09-02;53.75;9;53.75
2007-09-03;51.25;9;51.25
2007-09-04;42.5;9;42.5
2007-09-05;38.55;9;38.55
2007-09-06;29.7;9;29.7
2007-09-07;29.95;9;29.95
2007-09-08;30.35;9;30.35
2007-09-09;45.35;9;45.35
2007-09-10;30.6;9;30.6
2007-09-11;29.7;9;29.7
2007-09-12;31.25;9;31.25
2007-09-13;29.7;9;29.7
2007-09-14;26.45;9;26.45
2007-09-15;25.25;9;25.25
2007-09-16;26.45;9;26.45
2007-09-17;35.5;9;35.5
2007-09-18;27.18;9;27.18
2007-09-19;25.69;9;25.69
2007-09-20;24.37;9;24.37
2007-09-21;25.08;9;25.08
2007-09-22;21.64;9;21.64
2007-09-23;20.28;9;20.28
2007-09-24;19.23;9;19.23
2007-09-25;18.51;9;18.51
2007-09-26;32.31;9;32.31
2007-09-27;26.92;9;26.92
2007-09-28;29.05;9;29.05
2007-09-29;24.77;9;24.77
2007-09-30;23.25;9;23.25
2007-10-01;27.02;10;27.02
2007-10-02;126.5;10;126.5
2007-10-03;54.04;10;54.04
2007-10-04;32.89;10;32.89
2007-10-05;30.77;10;30.77
2007-10-06;39.11;10;39.11
2007-10-07;48.59;10;48.59
2007-10-08;75.66;10;75.66
2007-10-09;57.27;10;57.27
2007-10-10;57.2;10;57.2
2007-10-11;54.45;10;54.45
2007-10-12;42.57;10;42.57
2007-10-13;35.09;10;35.09
2007-10-14;31.33;10;31.33
2007-10-15;28.78;10;28.78
2007-10-16;28.37;10;28.37
2007-10-17;42.46;10;42.46
2007-10-18;32.1;10;32.1
2007-10-19;27.53;10;27.53
2007-10-20;26.21;10;26.21
2007-10-21;26.91;10;26.91
2007-10-22;29.03;10;29.03
2007-10-23;28.81;10;28.81
2007-10-24;32.42;10;32.42
2007-10-25;29.64;10;29.64
2007-10-26;32.38;10;32.38
2007-10-27;30.37;10;30.37
2007-10-28;33.35;10;33.35
2007-10-29;51.32;10;51.32
2007-10-30;48.0;10;48.0
2007-10-31;33.78;10;33.78
2007-11-01;23.79;11;23.79
2007-11-02;25.21;11;25.21
2007-11-03;22.39;11;22.39
2007-11-04;23.96;11;23.96
2007-11-05;20.47;11;20.47
2007-11-06;17.98;11;17.98
2007-11-07;17.1;11;17.1
2007-11-08;20.88;11;20.88
2007-11-09;33.77;11;33.77
2007-11-10;18.75;11;18.75
2007-11-11;17.3;11;17.3
2007-11-12;21.52;11;21.52
2007-11-13;18.11;11;18.11
2007-11-14;16.45;11;16.45
2007-11-15;15.45;11;15.45
2007-11-16;15.27;11;15.27
2007-11-17;14.96;11;14.96
2007-11-18;16.05;11;16.05
2007-11-19;16.47;11;16.47
2007-11-20;14.66;11;14.66
2007-11-21;14.26;11;14.26
2007-11-22;15.17;11;15.17
2007-11-23;14.87;11;14.87
2007-11-24;16.68;11;16.68
2007-11-25;16.45;11;16.45
2007-11-26;18.39;11;18.39
2007-11-27;16.04;11;16.04
2007-11-28;12.95;11;12.95
2007-11-29;13.3;11;13.3
2007-11-30;12.28;11;12.28
2007-12-01;10.89;12;10.89
2007-12-02;10.53;12;10.53
2007-12-03;10.2;12;10.2
2007-12-04;9.827;12;9.827
2007-12-05;10.23;12;10.23
2007-12-06;9.56;12;9.56
2007-12-07;9.293;12;9.293
2007-12-08;8.973;12;8.973
2007-12-09;8.813;12;8.813
2007-12-10;8.547;12;8.547
2007-12-11;8.366;12;8.366
2007-12-12;8.509;12;8.509
2007-12-13;8.306;12;8.306
2007-12-14;8.63;12;8.63
2007-12-15;8.507;12;8.507
2007-12-16;8.388;12;8.388
2007-12-17;8.258;12;8.258
2007-12-18;7.956;12;7.956
2007-12-19;7.905;12;7.905
2007-12-20;7.589;12;7.589
2007-12-21;7.375;12;7.375
2007-12-22;7.785;12;7.785
2007-12-23;9.501;12;9.501
2007-12-24;9.627;12;9.627
2007-12-25;10.6;12;10.6
2007-12-26;9.027;12;9.027
2007-12-27;8.933;12;8.933
2007-12-28;9.907;12;9.907
2007-12-29;9.067;12;9.067
2007-12-30;8.195;12;8.195
2007-12-31;7.819;12;7.819
2008-01-01;7.529;1;7.529
2008-01-02;7.298;1;7.298
2008-01-03;7.102;1;7.102
2008-01-04;7.016;1;7.016
2008-01-05;7.187;1;7.187
2008-01-06;7.067;1;7.067
2008-01-07;6.931;1;6.931
2008-01-08;7.127;1;7.127
2008-01-09;7.947;1;7.947
2008-01-10;9.184;1;9.184
2008-01-11;7.554;1;7.554
2008-01-12;7.298;1;7.298
2008-01-13;7.161;1;7.161
2008-01-14;7.119;1;7.119
2008-01-15;7.016;1;7.016
2008-01-16;6.769;1;6.769
2008-01-17;6.739;1;6.739
2008-01-18;6.546;1;6.546
2008-01-19;6.38;1;6.38
2008-01-20;6.35;1;6.35
2008-01-21;7.067;1;7.067
2008-01-22;6.546;1;6.546
2008-01-23;6.222;1;6.222
2008-01-24;6.017;1;6.017
2008-01-25;5.966;1;5.966
2008-01-26;5.744;1;5.744
2008-01-27;5.782;1;5.782
2008-01-28;5.632;1;5.632
2008-01-29;5.487;1;5.487
2008-01-30;5.41;1;5.41
2008-01-31;5.393;1;5.393
2008-02-01;5.325;2;5.325
2008-02-02;5.274;2;5.274
2008-02-03;5.257;2;5.257
2008-02-04;5.231;2;5.231
2008-02-05;5.129;2;5.129
2008-02-06;5.308;2;5.308
2008-02-07;5.991;2;5.991
2008-02-08;5.718;2;5.718
2008-02-09;5.709;2;5.709
2008-02-10;7.384;2;7.384
2008-02-11;7.358;2;7.358
2008-02-12;6.828;2;6.828
2008-02-13;6.504;2;6.504
2008-02-14;6.162;2;6.162
2008-02-15;5.838;2;5.838
2008-02-16;5.855;2;5.855
2008-02-17;5.726;2;5.726
2008-02-18;6.511;2;6.511
2008-02-19;10.68;2;10.68
2008-02-20;7.179;2;7.179
2008-02-21;6.845;2;6.845
2008-02-22;6.205;2;6.205
2008-02-23;5.872;2;5.872
2008-02-24;5.556;2;5.556
2008-02-25;5.291;2;5.291
2008-02-26;5.077;2;5.077
2008-02-27;5.009;2;5.009
2008-02-28;4.949;2;4.949
2008-02-29;4.83;2;4.83
2008-03-01;4.719;3;4.719
2008-03-02;4.71;3;4.71
2008-03-03;4.727;3;4.727
2008-03-04;4.599;3;4.599
2008-03-05;4.556;3;4.556
2008-03-06;4.633;3;4.633
2008-03-07;4.992;3;4.992
2008-03-08;4.787;3;4.787
2008-03-09;4.941;3;4.941
2008-03-10;4.787;3;4.787
2008-03-11;4.642;3;4.642
2008-03-12;4.77;3;4.77
2008-03-13;5.248;3;5.248
2008-03-14;5.521;3;5.521
2008-03-15;7.675;3;7.675
2008-03-16;6.239;3;6.239
2008-03-17;5.735;3;5.735
2008-03-18;5.479;3;5.479
2008-03-19;5.223;3;5.223
2008-03-20;5.052;3;5.052
2008-03-21;4.941;3;4.941
2008-03-22;5.026;3;5.026
2008-03-23;5.334;3;5.334
2008-03-24;5.692;3;5.692
2008-03-25;4.983;3;4.983
2008-03-26;4.59;3;4.59
2008-03-27;4.42;3;4.42
2008-03-28;4.385;3;4.385
2008-03-29;4.736;3;4.736
2008-03-30;5.009;3;5.009
2008-03-31;4.855;3;4.855
2008-04-01;6.364;4;6.364
2008-04-02;7.705;4;7.705
2008-04-03;5.778;4;5.778
2008-04-04;5.761;4;5.761
2008-04-05;10.6;4;10.6
2008-04-06;7.945;4;7.945
2008-04-07;6.367;4;6.367
2008-04-08;5.752;4;5.752
2008-04-09;5.41;4;5.41
2008-04-10;5.052;4;5.052
2008-04-11;4.761;4;4.761
2008-04-12;4.804;4;4.804
2008-04-13;4.693;4;4.693
2008-04-14;6.389;4;6.389
2008-04-15;19.92;4;19.92
2008-04-16;14.36;4;14.36
2008-04-17;8.413;4;8.413
2008-04-18;7.375;4;7.375
2008-04-19;6.76;4;6.76
2008-04-20;6.247;4;6.247
2008-04-21;5.838;4;5.838
2008-04-22;5.427;4;5.427
2008-04-23;6.452;4;6.452
2008-04-24;6.35;4;6.35
2008-04-25;15.64;4;15.64
2008-04-26;14.14;4;14.14
2008-04-27;25.45;4;25.45
2008-04-28;14.69;4;14.69
2008-04-29;10.42;4;10.42
2008-04-30;8.123;4;8.123
2008-05-01;7.887;5;7.887
2008-05-02;14.02;5;14.02
2008-05-03;17.0;5;17.0
2008-05-04;19.75;5;19.75
2008-05-05;19.41;5;19.41
2008-05-06;35.5;5;35.5
2008-05-07;27.2;5;27.2
2008-05-08;27.75;5;27.75
2008-05-09;22.3;5;22.3
2008-05-10;15.46;5;15.46
2008-05-11;7.887;5;7.887
2008-05-12;7.785;5;7.785
2008-05-13;7.58;5;7.58
2008-05-14;8.092;5;8.092
2008-05-15;7.99;5;7.99
2008-05-16;8.092;5;8.092
2008-05-17;7.785;5;7.785
2008-05-18;7.477;5;7.477
2008-05-19;12.74;5;12.74
2008-05-20;10.32;5;10.32
2008-05-21;8.515;5;8.515
2008-05-22;7.99;5;7.99
2008-05-23;7.785;5;7.785
2008-05-24;6.965;5;6.965
2008-05-25;11.28;5;11.28
2008-05-26;19.0;5;19.0
2008-05-27;19.55;5;19.55
2008-05-28;153.0;5;153.0
2008-05-29;38.5;5;38.5
2008-05-30;18.2;5;18.2
2008-05-31;14.72;5;14.72
2008-06-01;12.59;6;12.59
2008-06-02;14.09;6;14.09
2008-06-03;19.85;6;19.85
2008-06-04;14.91;6;14.91
2008-06-05;17.51;6;17.51
2008-06-06;15.97;6;15.97
2008-06-07;13.64;6;13.64
2008-06-08;12.63;6;12.63
2008-06-09;12.85;6;12.85
2008-06-10;17.6;6;17.6
2008-06-11;12.96;6;12.96
2008-06-12;10.14;6;10.14
2008-06-13;10.96;6;10.96
2008-06-14;10.64;6;10.64
2008-06-15;12.62;6;12.62
2008-06-16;10.32;6;10.32
2008-06-17;10.0;6;10.0
2008-06-18;10.32;6;10.32
2008-06-19;11.28;6;11.28
2008-06-20;10.0;6;10.0
2008-06-21;10.0;6;10.0
2008-06-22;40.58;6;40.58
2008-06-23;21.94;6;21.94
2008-06-24;18.88;6;18.88
2008-06-25;61.62;6;61.62
2008-06-26;40.69;6;40.69
2008-06-27;28.4;6;28.4
2008-06-28;20.65;6;20.65
2008-06-29;70.01;6;70.01
2008-06-30;41.75;6;41.75
2008-07-01;27.2;7;27.2
2008-07-02;32.25;7;32.25
2008-07-03;28.4;7;28.4
2008-07-04;26.83;7;26.83
2008-07-05;25.45;7;25.45
2008-07-06;18.2;7;18.2
2008-07-07;16.8;7;16.8
2008-07-08;16.6;7;16.6
2008-07-09;15.46;7;15.46
2008-07-10;40.4;7;40.4
2008-07-11;35.5;7;35.5
2008-07-12;23.95;7;23.95
2008-07-13;20.65;7;20.65
2008-07-14;25.9;7;25.9
2008-07-15;18.2;7;18.2
2008-07-16;23.4;7;23.4
2008-07-17;96.85;7;96.85
2008-07-18;61.25;7;61.25
2008-07-19;35.5;7;35.5
2008-07-20;24.6;7;24.6
2008-07-21;25.9;7;25.9
2008-07-22;52.5;7;52.5
2008-07-23;29.95;7;29.95
2008-07-24;22.85;7;22.85
2008-07-25;21.75;7;21.75
2008-07-26;29.5;7;29.5
2008-07-27;25.9;7;25.9
2008-07-28;27.1;7;27.1
2008-07-29;27.1;7;27.1
2008-07-30;21.75;7;21.75
2008-07-31;20.8;7;20.8
2008-08-01;18.75;8;18.75
2008-08-02;17.8;8;17.8
2008-08-03;17.4;8;17.4
2008-08-04;17.4;8;17.4
2008-08-05;16.6;8;16.6
2008-08-06;23.4;8;23.4
2008-08-07;19.55;8;19.55
2008-08-08;19.3;8;19.3
2008-08-09;15.8;8;15.8
2008-08-10;14.72;8;14.72
2008-08-11;16.6;8;16.6
2008-08-12;16.2;8;16.2
2008-08-13;14.72;8;14.72
2008-08-14;13.3;8;13.3
2008-08-15;13.3;8;13.3
2008-08-16;13.81;8;13.81
2008-08-17;13.98;8;13.98
2008-08-18;12.62;8;12.62
2008-08-19;15.18;8;15.18
2008-08-20;13.3;8;13.3
2008-08-21;12.96;8;12.96
2008-08-22;48.0;8;48.0
2008-08-23;53.75;8;53.75
2008-08-24;137.8;8;137.8
2008-08-25;42.85;8;42.85
2008-08-26;33.05;8;33.05
2008-08-27;60.75;8;60.75
2008-08-28;33.7;8;33.7
2008-08-29;33.3;8;33.3
2008-08-30;27.75;8;27.75
2008-08-31;23.4;8;23.4
2008-09-01;21.2;9;21.2
2008-09-02;20.1;9;20.1
2008-09-03;39.1;9;39.1
2008-09-04;75.25;9;75.25
2008-09-05;36.4;9;36.4
2008-09-06;26.45;9;26.45
2008-09-07;24.05;9;24.05
2008-09-08;21.75;9;21.75
2008-09-09;21.75;9;21.75
2008-09-10;17.8;9;17.8
2008-09-11;18.2;9;18.2
2008-09-12;15.86;9;15.86
2008-09-13;15.12;9;15.12
2008-09-14;14.38;9;14.38
2008-09-15;13.98;9;13.98
2008-09-16;14.72;9;14.72
2008-09-17;25.0;9;25.0
2008-09-18;16.2;9;16.2
2008-09-19;14.72;9;14.72
2008-09-20;16.2;9;16.2
2008-09-21;25.0;9;25.0
2008-09-22;14.72;9;14.72
2008-09-23;16.2;9;16.2
2008-09-24;15.46;9;15.46
2008-09-25;14.72;9;14.72
2008-09-26;16.2;9;16.2
2008-09-27;15.4;9;15.4
2008-09-28;16.6;9;16.6
2008-09-29;21.75;9;21.75
2008-09-30;16.6;9;16.6
2008-10-01;18.37;10;18.37
2008-10-02;17.0;10;17.0
2008-10-03;16.2;10;16.2
2008-10-04;15.62;10;15.62
2008-10-05;15.53;10;15.53
2008-10-06;29.95;10;29.95
2008-10-07;33.94;10;33.94
2008-10-08;25.78;10;25.78
2008-10-09;35.31;10;35.31
2008-10-10;39.0;10;39.0
2008-10-11;57.73;10;57.73
2008-10-12;30.12;10;30.12
2008-10-13;26.04;10;26.04
2008-10-14;28.26;10;28.26
2008-10-15;28.19;10;28.19
2008-10-16;55.1;10;55.1
2008-10-17;86.53;10;86.53
2008-10-18;29.21;10;29.21
2008-10-19;21.02;10;21.02
2008-10-20;17.94;10;17.94
2008-10-21;16.63;10;16.63
2008-10-22;15.44;10;15.44
2008-10-23;14.31;10;14.31
2008-10-24;13.29;10;13.29
2008-10-25;12.62;10;12.62
2008-10-26;13.0;10;13.0
2008-10-27;11.86;10;11.86
2008-10-28;12.86;10;12.86
2008-10-29;12.55;10;12.55
2008-10-30;11.03;10;11.03
2008-10-31;10.48;10;10.48
2008-11-01;10.36;11;10.36
2008-11-02;15.87;11;15.87
2008-11-03;23.78;11;23.78
2008-11-04;14.02;11;14.02
2008-11-05;13.38;11;13.38
2008-11-06;12.21;11;12.21
2008-11-07;11.28;11;11.28
2008-11-08;10.64;11;10.64
2008-11-09;10.0;11;10.0
2008-11-10;9.52;11;9.52
2008-11-11;8.847;11;8.847
2008-11-12;8.4;11;8.4
2008-11-13;8.707;11;8.707
2008-11-14;9.193;11;9.193
2008-11-15;12.32;11;12.32
2008-11-16;10.73;11;10.73
2008-11-17;8.787;11;8.787
2008-11-18;14.58;11;14.58
2008-11-19;12.62;11;12.62
2008-11-20;12.28;11;12.28
2008-11-21;19.75;11;19.75
2008-11-22;23.7;11;23.7
2008-11-23;19.15;11;19.15
2008-11-24;15.06;11;15.06
2008-11-25;17.0;11;17.0
2008-11-26;27.75;11;27.75
2008-11-27;26.55;11;26.55
2008-11-28;24.05;11;24.05
2008-11-29;44.45;11;44.45
2008-11-30;26.1;11;26.1
2008-12-01;21.75;12;21.75
2008-12-02;21.52;12;21.52
2008-12-03;18.83;12;18.83
2008-12-04;17.8;12;17.8
2008-12-05;16.6;12;16.6
2008-12-06;15.8;12;15.8
2008-12-07;15.2;12;15.2
2008-12-08;15.0;12;15.0
2008-12-09;14.83;12;14.83
2008-12-10;14.32;12;14.32
2008-12-11;13.81;12;13.81
2008-12-12;13.47;12;13.47
2008-12-13;13.77;12;13.77
2008-12-14;13.13;12;13.13
2008-12-15;12.62;12;12.62
2008-12-16;12.11;12;12.11
2008-12-17;11.77;12;11.77
2008-12-18;11.6;12;11.6
2008-12-19;11.28;12;11.28
2008-12-20;11.28;12;11.28
2008-12-21;11.28;12;11.28
2008-12-22;11.39;12;11.39
2008-12-23;11.68;12;11.68
2008-12-24;11.28;12;11.28
2008-12-25;10.8;12;10.8
2008-12-26;10.48;12;10.48
2008-12-27;10.32;12;10.32
2008-12-28;10.32;12;10.32
2008-12-29;10.16;12;10.16
2008-12-30;10.0;12;10.0
2008-12-31;10.29;12;10.29
2009-01-01;6.42;1;6.42
2009-01-02;5.9;1;5.9
2009-01-03;5.9;1;5.9
2009-01-04;6.42;1;6.42
2009-01-05;6.16;1;6.16
2009-01-06;6.29;1;6.29
2009-01-07;6.42;1;6.42
2009-01-08;5.9;1;5.9
2009-01-09;5.9;1;5.9
2009-01-10;6.42;1;6.42
2009-01-11;5.9;1;5.9
2009-01-12;4.86;1;4.86
2009-01-13;5.12;1;5.12
2009-01-14;4.86;1;4.86
2009-01-15;4.86;1;4.86
2009-01-16;4.39;1;4.39
2009-01-17;4.44;1;4.44
2009-01-18;5.9;1;5.9
2009-01-19;5.9;1;5.9
2009-01-20;5.12;1;5.12
2009-01-21;4.86;1;4.86
2009-01-22;5.12;1;5.12
2009-01-23;4.39;1;4.39
2009-01-24;4.44;1;4.44
2009-01-25;3.76;1;3.76
2009-01-26;3.34;1;3.34
2009-01-27;2.92;1;2.92
2009-01-28;2.71;1;2.71
2009-01-29;2.71;1;2.71
2009-01-30;3.13;1;3.13
2009-01-31;2.71;1;2.71
2009-02-01;3.34;2;3.34
2009-02-02;3.76;2;3.76
2009-02-03;3.13;2;3.13
2009-02-04;2.92;2;2.92
2009-02-05;3.76;2;3.76
2009-02-06;3.13;2;3.13
2009-02-07;3.34;2;3.34
2009-02-08;4.7;2;4.7
2009-02-09;5.38;2;5.38
2009-02-10;6.16;2;6.16
2009-02-11;12.83;2;12.83
2009-02-12;14.67;2;14.67
2009-02-13;7.07;2;7.07
2009-02-14;6.42;2;6.42
2009-02-15;5.9;2;5.9
2009-02-16;4.86;2;4.86
2009-02-17;6.16;2;6.16
2009-02-18;5.64;2;5.64
2009-02-19;6.42;2;6.42
2009-02-20;6.55;2;6.55
2009-02-21;5.64;2;5.64
2009-02-22;5.12;2;5.12
2009-02-23;5.9;2;5.9
2009-02-24;6.55;2;6.55
2009-02-25;6.29;2;6.29
2009-02-26;6.68;2;6.68
2009-02-27;6.29;2;6.29
2009-02-28;5.64;2;5.64
2009-03-01;6.55;3;6.55
2009-03-02;5.9;3;5.9
2009-03-03;8.38;3;8.38
2009-03-04;6.81;3;6.81
2009-03-05;6.42;3;6.42
2009-03-06;5.38;3;5.38
2009-03-07;4.65;3;4.65
2009-03-08;4.18;3;4.18
2009-03-09;3.76;3;3.76
2009-03-10;7.66;3;7.66
2009-03-11;6.29;3;6.29
2009-03-12;5.38;3;5.38
2009-03-13;4.23;3;4.23
2009-03-14;3.34;3;3.34
2009-03-15;2.92;3;2.92
2009-03-16;3.34;3;3.34
2009-03-17;3.97;3;3.97
2009-03-18;14.58;3;14.58
2009-03-19;19.16;3;19.16
2009-03-20;25.38;3;25.38
2009-03-21;12.9;3;12.9
2009-03-22;20.0;3;20.0
2009-03-23;20.0;3;20.0
2009-03-24;18.6;3;18.6
2009-03-25;19.35;3;19.35
2009-03-26;22.9;3;22.9
2009-03-27;19.35;3;19.35
2009-03-28;13.74;3;13.74
2009-03-29;11.7;3;11.7
2009-03-30;9.0;3;9.0
2009-03-31;9.0;3;9.0
2009-04-01;12.9;4;12.9
2009-04-02;19.9;4;19.9
2009-04-03;15.93;4;15.93
2009-04-04;11.64;4;11.64
2009-04-05;10.86;4;10.86
2009-04-06;9.72;4;9.72
2009-04-07;7.3;4;7.3
2009-04-08;7.4;4;7.4
2009-04-09;6.16;4;6.16
2009-04-10;6.94;4;6.94
2009-04-11;10.5;4;10.5
2009-04-12;7.92;4;7.92
2009-04-13;6.55;4;6.55
2009-04-14;6.16;4;6.16
2009-04-15;5.64;4;5.64
2009-04-16;6.16;4;6.16
2009-04-17;5.64;4;5.64
2009-04-18;5.12;4;5.12
2009-04-19;5.64;4;5.64
2009-04-20;8.48;4;8.48
2009-04-21;12.9;4;12.9
2009-04-22;8.64;4;8.64
2009-04-23;7.92;4;7.92
2009-04-24;8.64;4;8.64
2009-04-25;6.42;4;6.42
2009-04-26;6.94;4;6.94
2009-04-27;7.79;4;7.79
2009-04-28;7.04;4;7.04
2009-04-29;6.94;4;6.94
2009-04-30;17.7;4;17.7
2009-05-01;16.83;5;16.83
2009-05-02;12.9;5;12.9
2009-05-03;9.0;5;9.0
2009-05-04;53.0;5;53.0
2009-05-05;42.25;5;42.25
2009-05-06;35.75;5;35.75
2009-05-07;29.55;5;29.55
2009-05-08;21.35;5;21.35
2009-05-09;17.7;5;17.7
2009-05-10;15.51;5;15.51
2009-05-11;13.32;5;13.32
2009-05-12;10.08;5;10.08
2009-05-13;9.36;5;9.36
2009-05-14;9.0;5;9.0
2009-05-15;10.08;5;10.08
2009-05-16;11.64;5;11.64
2009-05-17;10.86;5;10.86
2009-05-18;10.08;5;10.08
2009-05-19;10.14;5;10.14
2009-05-20;13.32;5;13.32
2009-05-21;35.1;5;35.1
2009-05-22;19.8;5;19.8
2009-05-23;13.32;5;13.32
2009-05-24;12.06;5;12.06
2009-05-25;10.14;5;10.14
2009-05-26;10.08;5;10.08
2009-05-27;9.0;5;9.0
2009-05-28;8.28;5;8.28
2009-05-29;9.36;5;9.36
2009-05-30;8.64;5;8.64
2009-05-31;7.92;5;7.92
2009-06-01;8.28;6;8.28
2009-06-02;7.92;6;7.92
2009-06-03;8.64;6;8.64
2009-06-04;6.68;6;6.68
2009-06-05;12.9;6;12.9
2009-06-06;11.28;6;11.28
2009-06-07;26.66;6;26.66
2009-06-08;18.15;6;18.15
2009-06-09;16.8;6;16.8
2009-06-10;10.08;6;10.08
2009-06-11;10.2;6;10.2
2009-06-12;12.9;6;12.9
2009-06-13;42.25;6;42.25
2009-06-14;32.34;6;32.34
2009-06-15;25.26;6;25.26
2009-06-16;18.83;6;18.83
2009-06-17;16.98;6;16.98
2009-06-18;17.43;6;17.43
2009-06-19;15.62;6;15.62
2009-06-20;14.47;6;14.47
2009-06-21;14.05;6;14.05
2009-06-22;22.47;6;22.47
2009-06-23;48.41;6;48.41
2009-06-24;22.29;6;22.29
2009-06-25;18.24;6;18.24
2009-06-26;16.4;6;16.4
2009-06-27;17.26;6;17.26
2009-06-28;19.51;6;19.51
2009-06-29;17.4;6;17.4
2009-06-30;18.12;6;18.12
2009-07-01;27.74;7;27.74
2009-07-02;86.86;7;86.86
2009-07-03;164.3;7;164.3
2009-07-04;61.83;7;61.83
2009-07-05;41.34;7;41.34
2009-07-06;41.36;7;41.36
2009-07-07;33.19;7;33.19
2009-07-08;60.68;7;60.68
2009-07-09;41.14;7;41.14
2009-07-10;34.94;7;34.94
2009-07-11;56.99;7;56.99
2009-07-12;83.85;7;83.85
2009-07-13;44.25;7;44.25
2009-07-14;46.43;7;46.43
2009-07-15;52.26;7;52.26
2009-07-16;38.97;7;38.97
2009-07-17;34.48;7;34.48
2009-07-18;31.44;7;31.44
2009-07-19;48.91;7;48.91
2009-07-20;38.1;7;38.1
2009-07-21;30.2;7;30.2
2009-07-22;28.85;7;28.85
2009-07-23;26.61;7;26.61
2009-07-24;29.08;7;29.08
2009-07-25;26.87;7;26.87
2009-07-26;24.27;7;24.27
2009-07-27;22.94;7;22.94
2009-07-28;23.43;7;23.43
2009-07-29;23.4;7;23.4
2009-07-30;26.87;7;26.87
2009-07-31;36.06;7;36.06
2009-08-01;43.36;8;43.36
2009-08-02;26.33;8;26.33
2009-08-03;24.63;8;24.63
2009-08-04;24.25;8;24.25
2009-08-05;23.91;8;23.91
2009-08-06;22.8;8;22.8
2009-08-07;24.75;8;24.75
2009-08-08;26.08;8;26.08
2009-08-09;24.18;8;24.18
2009-08-10;22.69;8;22.69
2009-08-11;20.11;8;20.11
2009-08-12;19.02;8;19.02
2009-08-13;34.73;8;34.73
2009-08-14;30.06;8;30.06
2009-08-15;21.64;8;21.64
2009-08-16;19.57;8;19.57
2009-08-17;20.03;8;20.03
2009-08-18;19.29;8;19.29
2009-08-19;17.75;8;17.75
2009-08-20;16.8;8;16.8
2009-08-21;16.8;8;16.8
2009-08-22;14.19;8;14.19
2009-08-23;13.32;8;13.32
2009-08-24;11.64;8;11.64
2009-08-25;15.9;8;15.9
2009-08-26;12.48;8;12.48
2009-08-27;12.06;8;12.06
2009-08-28;11.64;8;11.64
2009-08-29;11.64;8;11.64
2009-08-30;16.8;8;16.8
2009-08-31;13.32;8;13.32
2009-09-01;11.64;9;11.64
2009-09-02;11.22;9;11.22
2009-09-03;10.44;9;10.44
2009-09-04;15.09;9;15.09
2009-09-05;10.5;9;10.5
2009-09-06;11.64;9;11.64
2009-09-07;10.86;9;10.86
2009-09-08;10.08;9;10.08
2009-09-09;9.36;9;9.36
2009-09-10;8.28;9;8.28
2009-09-11;8.28;9;8.28
2009-09-12;7.56;9;7.56
2009-09-13;8.64;9;8.64
2009-09-14;8.64;9;8.64
2009-09-15;17.25;9;17.25
2009-09-16;29.75;9;29.75
2009-09-17;16.35;9;16.35
2009-09-18;12.9;9;12.9
2009-09-19;12.06;9;12.06
2009-09-20;10.86;9;10.86
2009-09-21;10.08;9;10.08
2009-09-22;10.86;9;10.86
2009-09-23;11.34;9;11.34
2009-09-24;9.36;9;9.36
2009-09-25;8.28;9;8.28
2009-09-26;7.92;9;7.92
2009-09-27;8.64;9;8.64
2009-09-28;8.28;9;8.28
2009-09-29;8.28;9;8.28
2009-09-30;7.92;9;7.92
2009-10-01;7.92;10;7.92
2009-10-02;7.3;10;7.3
2009-10-03;14.16;10;14.16
2009-10-04;21.15;10;21.15
2009-10-05;16.35;10;16.35
2009-10-06;12.48;10;12.48
2009-10-07;9.72;10;9.72
2009-10-08;8.28;10;8.28
2009-10-09;7.3;10;7.3
2009-10-10;8.64;10;8.64
2009-10-11;7.92;10;7.92
2009-10-12;8.64;10;8.64
2009-10-13;7.3;10;7.3
2009-10-14;6.68;10;6.68
2009-10-15;7.3;10;7.3
2009-10-16;12.45;10;12.45
2009-10-17;8.28;10;8.28
2009-10-18;6.94;10;6.94
2009-10-19;7.04;10;7.04
2009-10-20;10.26;10;10.26
2009-10-21;9.72;10;9.72
2009-10-22;8.28;10;8.28
2009-10-23;9.36;10;9.36
2009-10-24;10.08;10;10.08
2009-10-25;23.25;10;23.25
2009-10-26;17.25;10;17.25
2009-10-27;10.5;10;10.5
2009-10-28;9.36;10;9.36
2009-10-29;8.28;10;8.28
2009-10-30;7.92;10;7.92
2009-10-31;8.64;10;8.64
2009-11-01;14.67;11;14.67
2009-11-02;10.08;11;10.08
2009-11-03;9.36;11;9.36
2009-11-04;8.64;11;8.64
2009-11-05;35.75;11;35.75
2009-11-06;22.45;11;22.45
2009-11-07;18.6;11;18.6
2009-11-08;17.25;11;17.25
2009-11-09;13.74;11;13.74
2009-11-10;12.48;11;12.48
2009-11-11;12.9;11;12.9
2009-11-12;12.06;11;12.06
2009-11-13;11.28;11;11.28
2009-11-14;10.86;11;10.86
2009-11-15;9.72;11;9.72
2009-11-16;9.36;11;9.36
2009-11-17;8.64;11;8.64
2009-11-18;7.92;11;7.92
2009-11-19;7.92;11;7.92
2009-11-20;7.56;11;7.56
2009-11-21;7.3;11;7.3
2009-11-22;7.07;11;7.07
2009-11-23;7.3;11;7.3
2009-11-24;6.55;11;6.55
2009-11-25;6.16;11;6.16
2009-11-26;5.9;11;5.9
2009-11-27;6.42;11;6.42
2009-11-28;5.9;11;5.9
2009-11-29;5.9;11;5.9
2009-11-30;5.38;11;5.38
2009-12-01;6.16;12;6.16
2009-12-02;5.9;12;5.9
2009-12-03;6.16;12;6.16
2009-12-04;4.73;12;4.73
2009-12-05;4.752;12;4.752
2009-12-06;4.602;12;4.602
2009-12-07;4.539;12;4.539
2009-12-08;4.504;12;4.504
2009-12-09;4.495;12;4.495
2009-12-10;4.495;12;4.495
2009-12-11;4.442;12;4.442
2009-12-12;4.697;12;4.697
2009-12-13;4.469;12;4.469
2009-12-14;4.294;12;4.294
2009-12-15;4.215;12;4.215
2009-12-16;4.066;12;4.066
2009-12-17;4.04;12;4.04
2009-12-18;4.215;12;4.215
2009-12-19;4.224;12;4.224
2009-12-20;4.189;12;4.189
2009-12-21;4.18;12;4.18
2009-12-22;4.427;12;4.427
2009-12-23;4.936;12;4.936
2009-12-24;5.098;12;5.098
2009-12-25;5.163;12;5.163
2009-12-26;4.477;12;4.477
2009-12-27;4.154;12;4.154
2009-12-28;3.865;12;3.865
2009-12-29;3.664;12;3.664
2009-12-30;3.568;12;3.568
2009-12-31;3.55;12;3.55
2010-01-01;3.699;1;3.699
2010-01-02;3.629;1;3.629
2010-01-03;3.357;1;3.357
2010-01-04;3.226;1;3.226
2010-01-05;3.112;1;3.112
2010-01-06;3.13;1;3.13
2010-01-07;3.147;1;3.147
2010-01-08;3.156;1;3.156
2010-01-09;3.121;1;3.121
2010-01-10;3.06;1;3.06
2010-01-11;2.981;1;2.981
2010-01-12;2.824;1;2.824
2010-01-13;2.885;1;2.885
2010-01-14;2.815;1;2.815
2010-01-15;2.806;1;2.806
2010-01-16;2.85;1;2.85
2010-01-17;2.815;1;2.815
2010-01-18;2.806;1;2.806
2010-01-19;2.666;1;2.666
2010-01-20;2.614;1;2.614
2010-01-21;2.64;1;2.64
2010-01-22;2.614;1;2.614
2010-01-23;2.5;1;2.5
2010-01-24;2.535;1;2.535
2010-01-25;2.605;1;2.605
2010-01-26;2.666;1;2.666
2010-01-27;2.64;1;2.64
2010-01-28;2.535;1;2.535
2010-01-29;2.5;1;2.5
2010-01-30;2.509;1;2.509
2010-01-31;2.71;1;2.71
2010-02-01;2.71;2;2.71
2010-02-02;2.71;2;2.71
2010-02-03;2.666;2;2.666
2010-02-04;2.535;2;2.535
2010-02-05;2.479;2;2.479
2010-02-06;2.453;2;2.453
2010-02-07;2.448;2;2.448
2010-02-08;2.453;2;2.453
2010-02-09;2.561;2;2.561
2010-02-10;2.64;2;2.64
2010-02-11;2.453;2;2.453
2010-02-12;2.406;2;2.406
2010-02-13;2.375;2;2.375
2010-02-14;2.375;2;2.375
2010-02-15;2.438;2;2.438
2010-02-16;2.401;2;2.401
2010-02-17;2.318;2;2.318
2010-02-18;2.26;2;2.26
2010-02-19;4.449;2;4.449
2010-02-20;11.1;2;11.1
2010-02-21;4.826;2;4.826
2010-02-22;3.725;2;3.725
2010-02-23;3.305;2;3.305
2010-02-24;3.051;2;3.051
2010-02-25;2.815;2;2.815
2010-02-26;3.314;2;3.314
2010-02-27;3.585;2;3.585
2010-02-28;3.104;2;3.104
2010-03-01;2.85;3;2.85
2010-03-02;2.85;3;2.85
2010-03-03;2.92;3;2.92
2010-03-04;2.92;3;2.92
2010-03-05;3.463;3;3.463
2010-03-06;4.128;3;4.128
2010-03-07;4.11;3;4.11
2010-03-08;3.699;3;3.699
2010-03-09;3.55;3;3.55
2010-03-10;3.287;3;3.287
2010-03-11;3.034;3;3.034
2010-03-12;2.745;3;2.745
2010-03-13;2.6;3;2.6
2010-03-14;2.49;3;2.49
2010-03-15;2.453;3;2.453
2010-03-16;2.391;3;2.391
2010-03-17;2.375;3;2.375
2010-03-18;2.375;3;2.375
2010-03-19;2.438;3;2.438
2010-03-20;2.71;3;2.71
2010-03-21;3.025;3;3.025
2010-03-22;2.71;3;2.71
2010-03-23;2.375;3;2.375
2010-03-24;2.438;3;2.438
2010-03-25;2.375;3;2.375
2010-03-26;2.313;3;2.313
2010-03-27;2.313;3;2.313
2010-03-28;2.313;3;2.313
2010-03-29;2.313;3;2.313
2010-03-30;6.965;3;6.965
2010-03-31;4.805;3;4.805
2010-04-01;3.506;4;3.506
2010-04-02;3.051;4;3.051
2010-04-03;3.81;4;3.81
2010-04-04;5.423;4;5.423
2010-04-05;5.921;4;5.921
2010-04-06;10.28;4;10.28
2010-04-07;10.61;4;10.61
2010-04-08;9.749;4;9.749
2010-04-09;13.21;4;13.21
2010-04-10;21.73;4;21.73
2010-04-11;20.91;4;20.91
2010-04-12;18.24;4;18.24
2010-04-13;23.95;4;23.95
2010-04-14;51.7;4;51.7
2010-04-15;20.35;4;20.35
2010-04-16;13.53;4;13.53
2010-04-17;13.74;4;13.74
2010-04-18;12.27;4;12.27
2010-04-19;12.48;4;12.48
2010-04-20;10.08;4;10.08
2010-04-21;7.92;4;7.92
2010-04-22;6.68;4;6.68
2010-04-23;5.9;4;5.9
2010-04-24;6.03;4;6.03
2010-04-25;5.9;4;5.9
2010-04-26;9.84;4;9.84
2010-04-27;7.22;4;7.22
2010-04-28;6.16;4;6.16
2010-04-29;5.9;4;5.9
2010-04-30;5.25;4;5.25
2010-05-01;4.99;5;4.99
2010-05-02;4.625;5;4.625
2010-05-03;5.64;5;5.64
2010-05-04;7.76;5;7.76
2010-05-05;6.55;5;6.55
2010-05-06;6.03;5;6.03
2010-05-07;5.25;5;5.25
2010-05-08;4.86;5;4.86
2010-05-09;5.51;5;5.51
2010-05-10;5.77;5;5.77
2010-05-11;4.86;5;4.86
2010-05-12;5.51;5;5.51
2010-05-13;6.03;5;6.03
2010-05-14;20.88;5;20.88
2010-05-15;21.98;5;21.98
2010-05-16;15.51;5;15.51
2010-05-17;10.86;5;10.86
2010-05-18;8.82;5;8.82
2010-05-19;8.64;5;8.64
2010-05-20;7.43;5;7.43
2010-05-21;28.05;5;28.05
2010-05-22;11.26;5;11.26
2010-05-23;22.26;5;22.26
2010-05-24;22.35;5;22.35
2010-05-25;32.31;5;32.31
2010-05-26;23.34;5;23.34
2010-05-27;72.2;5;72.2
2010-05-28;35.1;5;35.1
2010-05-29;23.9;5;23.9
2010-05-30;22.25;5;22.25
2010-05-31;199.5;5;199.5
2010-06-01;53.0;6;53.0
2010-06-02;34.05;6;34.05
2010-06-03;26.95;6;26.95
2010-06-04;21.7;6;21.7
2010-06-05;17.7;6;17.7
2010-06-06;14.81;6;14.81
2010-06-07;15.45;6;15.45
2010-06-08;69.0;6;69.0
2010-06-09;63.4;6;63.4
2010-06-10;35.1;6;35.1
2010-06-11;28.25;6;28.25
2010-06-12;30.53;6;30.53
2010-06-13;80.35;6;80.35
2010-06-14;41.3;6;41.3
2010-06-15;34.05;6;34.05
2010-06-16;28.25;6;28.25
2010-06-17;25.65;6;25.65
2010-06-18;24.45;6;24.45
2010-06-19;25.2;6;25.2
2010-06-20;29.95;6;29.95
2010-06-21;34.9;6;34.9
2010-06-22;34.47;6;34.47
2010-06-23;26.95;6;26.95
2010-06-24;30.2;6;30.2
2010-06-25;28.9;6;28.9
2010-06-26;35.75;6;35.75
2010-06-27;58.2;6;58.2
2010-06-28;34.05;6;34.05
2010-06-29;26.95;6;26.95
2010-06-30;22.8;6;22.8
2010-07-01;21.98;7;21.98
2010-07-02;21.97;7;21.97
2010-07-03;20.15;7;20.15
2010-07-04;42.25;7;42.25
2010-07-05;23.35;7;23.35
2010-07-06;21.7;7;21.7
2010-07-07;22.8;7;22.8
2010-07-08;23.35;7;23.35
2010-07-09;22.25;7;22.25
2010-07-10;28.25;7;28.25
2010-07-11;112.1;7;112.1
2010-07-12;46.5;7;46.5
2010-07-13;33.4;7;33.4
2010-07-14;27.38;7;27.38
2010-07-15;22.25;7;22.25
2010-07-16;44.4;7;44.4
2010-07-17;71.4;7;71.4
2010-07-18;78.8;7;78.8
2010-07-19;50.4;7;50.4
2010-07-20;33.4;7;33.4
2010-07-21;25.75;7;25.75
2010-07-22;23.35;7;23.35
2010-07-23;44.8;7;44.8
2010-07-24;28.58;7;28.58
2010-07-25;23.9;7;23.9
2010-07-26;26.3;7;26.3
2010-07-27;23.35;7;23.35
2010-07-28;21.15;7;21.15
2010-07-29;23.35;7;23.35
2010-07-30;21.15;7;21.15
2010-07-31;18.7;7;18.7
2010-08-01;21.15;8;21.15
2010-08-02;19.15;8;19.15
2010-08-03;16.35;8;16.35
2010-08-04;15.9;8;15.9
2010-08-05;19.7;8;19.7
2010-08-06;18.15;8;18.15
2010-08-07;16.13;8;16.13
2010-08-08;15.9;8;15.9
2010-08-09;14.58;8;14.58
2010-08-10;13.32;8;13.32
2010-08-11;12.9;8;12.9
2010-08-12;13.53;8;13.53
2010-08-13;14.16;8;14.16
2010-08-14;20.25;8;20.25
2010-08-15;17.47;8;17.47
2010-08-16;14.58;8;14.58
2010-08-17;16.8;8;16.8
2010-08-18;18.9;8;18.9
2010-08-19;20.25;8;20.25
2010-08-20;23.63;8;23.63
2010-08-21;23.35;8;23.35
2010-08-22;18.6;8;18.6
2010-08-23;17.7;8;17.7
2010-08-24;16.8;8;16.8
2010-08-25;15.45;8;15.45
2010-08-26;14.58;8;14.58
2010-08-27;15.45;8;15.45
2010-08-28;39.0;8;39.0
2010-08-29;25.3;8;25.3
2010-08-30;17.7;8;17.7
2010-08-31;19.7;8;19.7
2010-09-01;32.05;9;32.05
2010-09-02;29.02;9;29.02
2010-09-03;22.69;9;22.69
2010-09-04;19.52;9;19.52
2010-09-05;18.68;9;18.68
2010-09-06;17.1;9;17.1
2010-09-07;23.94;9;23.94
2010-09-08;19.51;9;19.51
2010-09-09;21.61;9;21.61
2010-09-10;18.13;9;18.13
2010-09-11;16.74;9;16.74
2010-09-12;18.87;9;18.87
2010-09-13;22.47;9;22.47
2010-09-14;29.15;9;29.15
2010-09-15;19.9;9;19.9
2010-09-16;19.27;9;19.27
2010-09-17;32.11;9;32.11
2010-09-18;56.9;9;56.9
2010-09-19;84.25;9;84.25
2010-09-20;34.05;9;34.05
2010-09-21;33.2;9;33.2
2010-09-22;60.8;9;60.8
2010-09-23;43.9;9;43.9
2010-09-24;46.5;9;46.5
2010-09-25;38.35;9;38.35
2010-09-26;46.5;9;46.5
2010-09-27;70.8;9;70.8
2010-09-28;80.4;9;80.4
2010-09-29;67.5;9;67.5
2010-09-30;68.2;9;68.2
2010-10-01;56.9;10;56.9
2010-10-02;40.0;10;40.0
2010-10-03;37.88;10;37.88
2010-10-04;42.6;10;42.6
2010-10-05;59.5;10;59.5
2010-10-06;52.35;10;52.35
2010-10-07;53.0;10;53.0
2010-10-08;42.25;10;42.25
2010-10-09;33.63;10;33.63
2010-10-10;28.25;10;28.25
2010-10-11;28.25;10;28.25
2010-10-12;23.35;10;23.35
2010-10-13;21.15;10;21.15
2010-10-14;20.6;10;20.6
2010-10-15;20.42;10;20.42
2010-10-16;19.38;10;19.38
2010-10-17;69.0;10;69.0
2010-10-18;43.05;10;43.05
2010-10-19;33.4;10;33.4
2010-10-20;25.85;10;25.85
2010-10-21;21.15;10;21.15
2010-10-22;18.15;10;18.15
2010-10-23;17.47;10;17.47
2010-10-24;16.58;10;16.58
2010-10-25;16.35;10;16.35
2010-10-26;15.0;10;15.0
2010-10-27;15.03;10;15.03
2010-10-28;13.95;10;13.95
2010-10-29;14.16;10;14.16
2010-10-30;28.05;10;28.05
2010-10-31;18.15;10;18.15
2010-11-01;14.58;11;14.58
2010-11-02;20.0;11;20.0
2010-11-03;22.25;11;22.25
2010-11-04;15.24;11;15.24
2010-11-05;14.16;11;14.16
2010-11-06;17.25;11;17.25
2010-11-07;49.1;11;49.1
2010-11-08;39.65;11;39.65
2010-11-09;53.0;11;53.0
2010-11-10;61.0;11;61.0
2010-11-11;29.88;11;29.88
2010-11-12;25.1;11;25.1
2010-11-13;23.08;11;23.08
2010-11-14;40.95;11;40.95
2010-11-15;75.6;11;75.6
2010-11-16;41.3;11;41.3
2010-11-17;37.88;11;37.88
2010-11-18;36.05;11;36.05
2010-11-19;32.3;11;32.3
2010-11-20;29.33;11;29.33
2010-11-21;27.23;11;27.23
2010-11-22;25.07;11;25.07
2010-11-23;24.33;11;24.33
2010-11-24;27.17;11;27.17
2010-11-25;22.39;11;22.39
2010-11-26;20.92;11;20.92
2010-11-27;20.78;11;20.78
2010-11-28;22.37;11;22.37
2010-11-29;33.37;11;33.37
2010-11-30;31.85;11;31.85
2010-12-01;16.16;12;16.16
2010-12-02;15.78;12;15.78
2010-12-03;23.01;12;23.01
2010-12-04;40.04;12;40.04
2010-12-05;29.78;12;29.78
2010-12-06;23.65;12;23.65
2010-12-07;19.8;12;19.8
2010-12-08;19.63;12;19.63
2010-12-09;19.26;12;19.26
2010-12-10;16.65;12;16.65
2010-12-11;15.28;12;15.28
2010-12-12;14.79;12;14.79
2010-12-13;14.52;12;14.52
2010-12-14;14.15;12;14.15
2010-12-15;14.47;12;14.47
2010-12-16;14.89;12;14.89
2010-12-17;12.65;12;12.65
2010-12-18;11.99;12;11.99
2010-12-19;11.61;12;11.61
2010-12-20;12.64;12;12.64
2010-12-21;13.39;12;13.39
2010-12-22;11.18;12;11.18
2010-12-23;10.49;12;10.49
2010-12-24;10.13;12;10.13
2010-12-25;9.89;12;9.89
2010-12-26;11.14;12;11.14
2010-12-27;10.92;12;10.92
2010-12-28;9.525;12;9.525
2010-12-29;9.285;12;9.285
2010-12-30;8.865;12;8.865
2010-12-31;8.374;12;8.374
2011-01-01;8.22;1;8.22
2011-01-02;7.92;1;7.92
2011-01-03;7.65;1;7.65
2011-01-04;7.845;1;7.845
2011-01-05;9.323;1;9.323
2011-01-06;8.85;1;8.85
2011-01-07;7.95;1;7.95
2011-01-08;8.985;1;8.985
2011-01-09;18.26;1;18.26
2011-01-10;13.26;1;13.26
2011-01-11;11.07;1;11.07
2011-01-12;9.755;1;9.755
2011-01-13;8.685;1;8.685
2011-01-14;8.145;1;8.145
2011-01-15;7.905;1;7.905
2011-01-16;9.255;1;9.255
2011-01-17;7.178;1;7.178
2011-01-18;6.626;1;6.626
2011-01-19;5.9;1;5.9
2011-01-20;6.03;1;6.03
2011-01-21;6.03;1;6.03
2011-01-22;5.9;1;5.9
2011-01-23;5.64;1;5.64
2011-01-24;5.64;1;5.64
2011-01-25;5.38;1;5.38
2011-01-26;5.38;1;5.38
2011-01-27;4.99;1;4.99
2011-01-28;5.25;1;5.25
2011-01-29;5.12;1;5.12
2011-01-30;4.65;1;4.65
2011-01-31;4.78;1;4.78
2011-02-01;4.99;2;4.99
2011-02-02;4.755;2;4.755
2011-02-03;4.39;2;4.39
2011-02-04;4.285;2;4.285
2011-02-05;4.18;2;4.18
2011-02-06;4.075;2;4.075
2011-02-07;3.97;2;3.97
2011-02-08;4.73;2;4.73
2011-02-09;5.64;2;5.64
2011-02-10;6.16;2;6.16
2011-02-11;5.51;2;5.51
2011-02-12;6.16;2;6.16
2011-02-13;6.55;2;6.55
2011-02-14;8.001;2;8.001
2011-02-15;6.626;2;6.626
2011-02-16;9.202;2;9.202
2011-02-17;9.77;2;9.77
2011-02-18;8.622;2;8.622
2011-02-19;6.474;2;6.474
2011-02-20;5.9;2;5.9
2011-02-21;5.423;2;5.423
2011-02-22;5.131;2;5.131
2011-02-23;4.947;2;4.947
2011-02-24;5.878;2;5.878
2011-02-25;5.781;2;5.781
2011-02-26;5.51;2;5.51
2011-02-27;5.897;2;5.897
2011-02-28;7.111;2;7.111
2011-03-01;9.893;3;9.893
2011-03-02;18.41;3;18.41
2011-03-03;31.21;3;31.21
2011-03-04;28.45;3;28.45
2011-03-05;21.05;3;21.05
2011-03-06;18.0;3;18.0
2011-03-07;20.89;3;20.89
2011-03-08;15.94;3;15.94
2011-03-09;15.38;3;15.38
2011-03-10;18.56;3;18.56
2011-03-11;14.46;3;14.46
2011-03-12;11.83;3;11.83
2011-03-13;9.825;3;9.825
2011-03-14;8.565;3;8.565
2011-03-15;7.89;3;7.89
2011-03-16;7.171;3;7.171
2011-03-17;6.853;3;6.853
2011-03-18;14.43;3;14.43
2011-03-19;22.93;3;22.93
2011-03-20;14.01;3;14.01
2011-03-21;18.31;3;18.31
2011-03-22;27.93;3;27.93
2011-03-23;28.49;3;28.49
2011-03-24;23.93;3;23.93
2011-03-25;23.2;3;23.2
2011-03-26;21.57;3;21.57
2011-03-27;17.14;3;17.14
2011-03-28;15.04;3;15.04
2011-03-29;13.18;3;13.18
2011-03-30;12.2;3;12.2
2011-03-31;10.76;3;10.76
2011-04-01;8.64;4;8.64
2011-04-02;8.46;4;8.46
2011-04-03;8.28;4;8.28
2011-04-04;7.56;4;7.56
2011-04-05;8.28;4;8.28
2011-04-06;8.35;4;8.35
2011-04-07;8.35;4;8.35
2011-04-08;7.58;4;7.58
2011-04-09;18.6;4;18.6
2011-04-10;17.6;4;17.6
2011-04-11;41.14;4;41.14
2011-04-12;38.54;4;38.54
2011-04-13;58.95;4;58.95
2011-04-14;24.59;4;24.59
2011-04-15;27.02;4;27.02
2011-04-16;28.74;4;28.74
2011-04-17;33.21;4;33.21
2011-04-18;24.87;4;24.87
2011-04-19;40.42;4;40.42
2011-04-20;41.76;4;41.76
2011-04-21;22.36;4;22.36
2011-04-22;22.27;4;22.27
2011-04-23;24.48;4;24.48
2011-04-24;-999.000;4;4.1
2011-04-25;-999.000;4;68.68
2011-04-26;-999.000;4;11.93
2011-04-27;-999.000;4;20.56
2011-04-28;-999.000;4;3.6
2011-04-29;-999.000;4;3.5
2011-04-30;-999.000;4;20.9
2011-05-01;-999.000;5;22.89
2011-05-02;-999.000;5;20.891
2011-05-03;-999.000;5;11.8
2011-05-04;-999.000;5;34.32
2011-05-05;-999.000;5;18.36
2011-05-06;-999.000;5;13.73
2011-05-07;-999.000;5;6.38
2011-05-08;-999.000;5;5.51
2011-05-09;-999.000;5;9.5
2011-05-10;-999.000;5;12.9
2011-05-11;-999.000;5;20.7
2011-05-12;-999.000;5;19.41
2011-05-13;-999.000;5;4.5
2011-05-14;-999.000;5;13.16
2011-05-15;-999.000;5;41.28
2011-05-16;-999.000;5;17.066
2011-05-17;-999.000;5;15.5
2011-05-18;-999.000;5;7.0
2011-05-19;-999.000;5;12.03
2011-05-20;-999.000;5;8.65
2011-05-21;-999.000;5;22.5
2011-05-22;-999.000;5;8.93
2011-05-23;-999.000;5;26.19
2011-05-24;-999.000;5;23.3
2011-05-25;-999.000;5;12.32
2011-05-26;-999.000;5;7.947
2011-05-27;-999.000;5;17.891
2011-05-28;-999.000;5;7.72
2011-05-29;-999.000;5;22.5
2011-05-30;-999.000;5;12.7
2011-05-31;-999.000;5;4.8
2011-06-01;-999.000;6;25.0
2011-06-02;-999.000;6;27.72
2011-06-03;-999.000;6;28.12
2011-06-04;-999.000;6;41.72
2011-06-05;-999.000;6;30.21
2011-06-06;-999.000;6;7.0
2011-06-07;-999.000;6;13.89
2011-06-08;-999.000;6;31.43
2011-06-09;-999.000;6;62.89
2011-06-10;-999.000;6;22.5
2011-06-11;-999.000;6;18.96
2011-06-12;-999.000;6;15.97
2011-06-13;-999.000;6;20.3
2011-06-14;-999.000;6;70.01
2011-06-15;-999.000;6;46.91
2011-06-16;-999.000;6;21.16
2011-06-17;-999.000;6;24.8
2011-06-18;-999.000;6;37.39
2011-06-19;-999.000;6;87.622
2011-06-20;-999.000;6;36.49
2011-06-21;-999.000;6;22.35
2011-06-22;-999.000;6;33.5
2011-06-23;-999.000;6;28.2
2011-06-24;-999.000;6;32.08
2011-06-25;-999.000;6;12.75
2011-06-26;-999.000;6;14.12
2011-06-27;-999.000;6;83.0
2011-06-28;-999.000;6;31.6
2011-06-29;-999.000;6;29.09
2011-06-30;-999.000;6;20.92
2011-07-01;-999.000;7;24.8
2011-07-02;-999.000;7;39.4
2011-07-03;-999.000;7;28.68
2011-07-04;-999.000;7;62.5
2011-07-05;-999.000;7;21.5
2011-07-06;-999.000;7;48.78
2011-07-07;-999.000;7;34.02
2011-07-08;-999.000;7;25.6
2011-07-09;-999.000;7;25.6
2011-07-10;-999.000;7;22.8
2011-07-11;-999.000;7;21.75
2011-07-12;-999.000;7;47.856
2011-07-13;-999.000;7;22.47
2011-07-14;-999.000;7;50.28
2011-07-15;-999.000;7;22.25
2011-07-16;-999.000;7;30.0
2011-07-17;-999.000;7;39.017
2011-07-18;-999.000;7;51.5
2011-07-19;-999.000;7;42.954
2011-07-20;-999.000;7;31.99
2011-07-21;-999.000;7;20.37
2011-07-22;-999.000;7;5.2
2011-07-23;-999.000;7;19.6
2011-07-24;-999.000;7;20.45
2011-07-25;-999.000;7;25.31
2011-07-26;-999.000;7;16.9
2011-07-27;-999.000;7;36.71
2011-07-28;-999.000;7;51.36
2011-07-29;-999.000;7;21.9
2011-07-30;-999.000;7;17.4
2011-07-31;-999.000;7;25.53
2011-08-01;-999.000;8;11.56
2011-08-02;-999.000;8;26.4
2011-08-03;-999.000;8;22.24
2011-08-04;-999.000;8;29.14
2011-08-05;-999.000;8;42.96
2011-08-06;-999.000;8;13.3
2011-08-07;-999.000;8;22.6
2011-08-08;-999.000;8;13.98
2011-08-09;-999.000;8;25.0
2011-08-10;-999.000;8;12.59
2011-08-11;-999.000;8;24.0
2011-08-12;-999.000;8;46.87
2011-08-13;-999.000;8;20.625
2011-08-14;-999.000;8;26.6
2011-08-15;-999.000;8;23.4
2011-08-16;-999.000;8;33.94
2011-08-17;-999.000;8;22.05
2011-08-18;-999.000;8;22.74
2011-08-19;-999.000;8;25.5
2011-08-20;-999.000;8;62.62
2011-08-21;-999.000;8;17.19
2011-08-22;-999.000;8;13.32
2011-08-23;-999.000;8;62.87
2011-08-24;-999.000;8;23.89
2011-08-25;-999.000;8;13.9
2011-08-26;-999.000;8;16.8
2011-08-27;-999.000;8;41.2
2011-08-28;-999.000;8;47.31
2011-08-29;-999.000;8;23.4
2011-08-30;-999.000;8;16.9
2011-08-31;-999.000;8;39.548
2011-09-01;30.42;9;30.42
2011-09-02;31.64;9;31.64
2011-09-03;34.96;9;34.96
2011-09-04;25.84;9;25.84
2011-09-05;25.14;9;25.14
2011-09-06;21.65;9;21.65
2011-09-07;20.55;9;20.55
2011-09-08;19.35;9;19.35
2011-09-09;30.42;9;30.42
2011-09-10;49.03;9;49.03
2011-09-11;30.42;9;30.42
2011-09-12;30.02;9;30.02
2011-09-13;28.16;9;28.16
2011-09-14;33.26;9;33.26
2011-09-15;37.06;9;37.06
2011-09-16;25.49;9;25.49
2011-09-17;46.4;9;46.4
2011-09-18;54.11;9;54.11
2011-09-19;62.0;9;62.0
2011-09-20;74.88;9;74.88
2011-09-21;41.47;9;41.47
2011-09-22;37.35;9;37.35
2011-09-23;27.4;9;27.4
2011-09-24;24.44;9;24.44
2011-09-25;23.39;9;23.39
2011-09-26;32.87;9;32.87
2011-09-27;24.79;9;24.79
2011-09-28;23.04;9;23.04
2011-09-29;18.1;9;18.1
2011-09-30;17.6;9;17.6
2011-10-01;17.35;10;17.35
2011-10-02;15.94;10;15.94
2011-10-03;14.16;10;14.16
2011-10-04;14.58;10;14.58
2011-10-05;14.58;10;14.58
2011-10-06;14.62;10;14.62
2011-10-07;21.35;10;21.35
2011-10-08;18.35;10;18.35
2011-10-09;23.14;10;23.14
2011-10-10;20.25;10;20.25
2011-10-11;15.69;10;15.69
2011-10-12;14.99;10;14.99
2011-10-13;15.53;10;15.53
2011-10-14;13.96;10;13.96
2011-10-15;15.69;10;15.69
2011-10-16;14.16;10;14.16
2011-10-17;15.24;10;15.24
2011-10-18;17.1;10;17.1
2011-10-19;20.85;10;20.85
2011-10-20;21.69;10;21.69
2011-10-21;16.74;10;16.74
2011-10-22;14.17;10;14.17
2011-10-23;19.85;10;19.85
2011-10-24;14.17;10;14.17
2011-10-25;15.53;10;15.53
2011-10-26;17.85;10;17.85
2011-10-27;19.3;10;19.3
2011-10-28;14.99;10;14.99
2011-10-29;14.37;10;14.37
2011-10-30;38.68;10;38.68
2011-10-31;26.12;10;26.12
2011-11-01;20.05;11;20.05
2011-11-02;16.6;11;16.6
2011-11-03;15.49;11;15.49
2011-11-04;20.85;11;20.85
2011-11-05;15.94;11;15.94
2011-11-06;19.1;11;19.1
2011-11-07;62.97;11;62.97
2011-11-08;29.78;11;29.78
2011-11-09;22.04;11;22.04
2011-11-10;18.35;11;18.35
2011-11-11;20.3;11;20.3
2011-11-12;24.21;11;24.21
2011-11-13;17.6;11;17.6
2011-11-14;16.19;11;16.19
2011-11-15;15.44;11;15.44
2011-11-16;14.16;11;14.16
2011-11-17;19.85;11;19.85
2011-11-18;27.87;11;27.87
2011-11-19;22.1;11;22.1
2011-11-20;21.15;11;21.15
2011-11-21;18.35;11;18.35
2011-11-22;28.91;11;28.91
2011-11-23;22.19;11;22.19
2011-11-24;21.6;11;21.6
2011-11-25;17.35;11;17.35
2011-11-26;34.1;11;34.1
2011-11-27;37.87;11;37.87
2011-11-28;30.42;11;30.42
2011-11-29;58.99;11;58.99
2011-11-30;45.83;11;45.83
2011-12-01;48.7;12;48.7
2011-12-02;31.64;12;31.64
2011-12-03;24.44;12;24.44
2011-12-04;21.65;12;21.65
2011-12-05;41.84;12;41.84
2011-12-06;27.11;12;27.11
2011-12-07;32.87;12;32.87
2011-12-08;33.22;12;33.22
2011-12-09;25.49;12;25.49
2011-12-10;24.44;12;24.44
2011-12-11;21.35;12;21.35
2011-12-12;17.85;12;17.85
2011-12-13;18.1;12;18.1
2011-12-14;16.6;12;16.6
2011-12-15;14.37;12;14.37
2011-12-16;13.55;12;13.55
2011-12-17;14.16;12;14.16
2011-12-18;12.93;12;12.93
2011-12-19;13.14;12;13.14
2011-12-20;12.94;12;12.94
2011-12-21;11.91;12;11.91
2011-12-22;12.73;12;12.73
2011-12-23;22.19;12;22.19
2011-12-24;18.1;12;18.1
2011-12-25;11.91;12;11.91
2011-12-26;12.11;12;12.11
2011-12-27;11.97;12;11.97
2011-12-28;10.98;12;10.98
2011-12-29;11.15;12;11.15
2011-12-30;11.83;12;11.83
2011-12-31;10.8;12;10.8
2012-01-01;10.27;1;10.27
2012-01-02;9.925;1;9.925
2012-01-03;9.575;1;9.575
2012-01-04;9.4;1;9.4
2012-01-05;9.05;1;9.05
2012-01-06;8.7;1;8.7
2012-01-07;8.35;1;8.35
2012-01-08;8.7;1;8.7
2012-01-09;8.21;1;8.21
2012-01-10;7.72;1;7.72
2012-01-11;7.86;1;7.86
2012-01-12;7.72;1;7.72
2012-01-13;7.58;1;7.58
2012-01-14;7.58;1;7.58
2012-01-15;7.72;1;7.72
2012-01-16;7.3;1;7.3
2012-01-17;7.02;1;7.02
2012-01-18;7.3;1;7.3
2012-01-19;10.45;1;10.45
2012-01-20;8.7;1;8.7
2012-01-21;8.07;1;8.07
2012-01-22;7.44;1;7.44
2012-01-23;7.16;1;7.16
2012-01-24;7.02;1;7.02
2012-01-25;6.74;1;6.74
2012-01-26;6.46;1;6.46
2012-01-27;6.6;1;6.6
2012-01-28;6.04;1;6.04
2012-01-29;6.18;1;6.18
2012-01-30;6.04;1;6.04
2012-01-31;5.9;1;5.9
2012-02-01;5.62;2;5.62
2012-02-02;5.48;2;5.48
2012-02-03;5.62;2;5.62
2012-02-04;5.48;2;5.48
2012-02-05;5.9;2;5.9
2012-02-06;8.875;2;8.875
2012-02-07;7.72;2;7.72
2012-02-08;9.925;2;9.925
2012-02-09;7.3;2;7.3
2012-02-10;6.74;2;6.74
2012-02-11;6.74;2;6.74
2012-02-12;6.18;2;6.18
2012-02-13;5.62;2;5.62
2012-02-14;5.38;2;5.38
2012-02-15;5.24;2;5.24
2012-02-16;5.0;2;5.0
2012-02-17;4.8;2;4.8
2012-02-18;4.9;2;4.9
2012-02-19;4.7;2;4.7
2012-02-20;4.7;2;4.7
2012-02-21;4.7;2;4.7
2012-02-22;4.5;2;4.5
2012-02-23;4.6;2;4.6
2012-02-24;4.4;2;4.4
2012-02-25;4.3;2;4.3
2012-02-26;4.5;2;4.5
2012-02-27;4.4;2;4.4
2012-02-28;4.3;2;4.3
2012-02-29;4.5;2;4.5
2012-03-01;5.0;3;5.0
2012-03-02;5.0;3;5.0
2012-03-03;17.02;3;17.02
2012-03-04;10.61;3;10.61
2012-03-05;7.443;3;7.443
2012-03-06;6.495;3;6.495
2012-03-07;6.32;3;6.32
2012-03-08;6.168;3;6.168
2012-03-09;7.86;3;7.86
2012-03-10;12.19;3;12.19
2012-03-11;11.15;3;11.15
2012-03-12;9.458;3;9.458
2012-03-13;13.16;3;13.16
2012-03-14;13.35;3;13.35
2012-03-15;10.46;3;10.46
2012-03-16;26.18;3;26.18
2012-03-17;14.58;3;14.58
2012-03-18;15.83;3;15.83
2012-03-19;13.34;3;13.34
2012-03-20;13.96;3;13.96
2012-03-21;16.53;3;16.53
2012-03-22;43.05;3;43.05
2012-03-23;18.6;3;18.6
2012-03-24;16.35;3;16.35
2012-03-25;17.35;3;17.35
2012-03-26;22.0;3;22.0
2012-03-27;25.62;3;25.62
2012-03-28;18.85;3;18.85
2012-03-29;16.85;3;16.85
2012-03-30;15.19;3;15.19
2012-03-31;14.37;3;14.37
2012-04-01;13.55;4;13.55
2012-04-02;11.53;4;11.53
2012-04-03;10.45;4;10.45
2012-04-04;11.15;4;11.15
2012-04-05;10.27;4;10.27
2012-04-06;9.925;4;9.925
2012-04-07;51.8;4;51.8
2012-04-08;61.2;4;61.2
2012-04-09;63.75;4;63.75
2012-04-10;52.98;4;52.98
2012-04-11;68.68;4;68.68
2012-04-12;161.8;4;161.8
2012-04-13;105.9;4;105.9
2012-04-14;65.63;4;65.63
2012-04-15;50.72;4;50.72
2012-04-16;39.9;4;39.9
2012-04-17;30.83;4;30.83
2012-04-18;54.97;4;54.97
2012-04-19;88.53;4;88.53
2012-04-20;70.0;4;70.0
2012-04-21;36.22;4;36.22
2012-04-22;76.6;4;76.6
2012-04-23;82.38;4;82.38
2012-04-24;65.85;4;65.85
2012-04-25;45.88;4;45.88
2012-04-26;36.82;4;36.82
2012-04-27;29.21;4;29.21
2012-04-28;27.75;4;27.75
2012-04-29;24.09;4;24.09
2012-04-30;23.04;4;23.04
2012-05-01;21.0;5;21.0
2012-05-02;17.6;5;17.6
2012-05-03;17.1;5;17.1
2012-05-04;18.6;5;18.6
2012-05-05;28.39;5;28.39
2012-05-06;26.19;5;26.19
2012-05-07;56.61;5;56.61
2012-05-08;32.86;5;32.86
2012-05-09;46.89;5;46.89
2012-05-10;30.42;5;30.42
2012-05-11;24.09;5;24.09
2012-05-12;54.64;5;54.64
2012-05-13;55.08;5;55.08
2012-05-14;36.3;5;36.3
2012-05-15;27.75;5;27.75
2012-05-16;23.04;5;23.04
2012-05-17;20.45;5;20.45
2012-05-18;18.1;5;18.1
2012-05-19;27.17;5;27.17
2012-05-20;18.1;5;18.1
2012-05-21;17.6;5;17.6
2012-05-22;25.84;5;25.84
2012-05-23;24.79;5;24.79
2012-05-24;19.1;5;19.1
2012-05-25;20.55;5;20.55
2012-05-26;18.1;5;18.1
2012-05-27;27.92;5;27.92
2012-05-28;18.85;5;18.85
2012-05-29;18.35;5;18.35
2012-05-30;21.19;5;21.19
2012-05-31;38.33;5;38.33
2012-06-01;25.49;6;25.49
2012-06-02;29.49;6;29.49
2012-06-03;27.87;6;27.87
2012-06-04;19.45;6;19.45
2012-06-05;17.6;6;17.6
2012-06-06;15.19;6;15.19
2012-06-07;17.1;6;17.1
2012-06-08;52.44;6;52.44
2012-06-09;19.6;6;19.6
2012-06-10;23.04;6;23.04
2012-06-11;34.08;6;34.08
2012-06-12;44.57;6;44.57
2012-06-13;25.49;6;25.49
2012-06-14;32.05;6;32.05
2012-06-15;28.27;6;28.27
2012-06-16;33.26;6;33.26
2012-06-17;27.75;6;27.75
2012-06-18;37.87;6;37.87
2012-06-19;27.05;6;27.05
2012-06-20;20.15;6;20.15
2012-06-21;26.12;6;26.12
2012-06-22;22.35;6;22.35
2012-06-23;19.1;6;19.1
2012-06-24;16.85;6;16.85
2012-06-25;22.34;6;22.34
2012-06-26;17.35;6;17.35
2012-06-27;25.49;6;25.49
2012-06-28;45.35;6;45.35
2012-06-29;27.05;6;27.05
2012-06-30;24.44;6;24.44
2012-07-01;21.35;7;21.35
2012-07-02;17.85;7;17.85
2012-07-03;18.6;7;18.6
2012-07-04;18.1;7;18.1
2012-07-05;18.1;7;18.1
2012-07-06;31.24;7;31.24
2012-07-07;28.68;7;28.68
2012-07-08;20.75;7;20.75
2012-07-09;18.1;7;18.1
2012-07-10;18.1;7;18.1
2012-07-11;16.85;7;16.85
2012-07-12;15.94;7;15.94
2012-07-13;17.35;7;17.35
2012-07-14;26.12;7;26.12
2012-07-15;17.35;7;17.35
2012-07-16;16.15;7;16.15
2012-07-17;17.35;7;17.35
2012-07-18;44.57;7;44.57
2012-07-19;26.3;7;26.3
2012-07-20;33.22;7;33.22
2012-07-21;93.25;7;93.25
2012-07-22;72.55;7;72.55
2012-07-23;50.72;7;50.72
2012-07-24;74.88;7;74.88
2012-07-25;38.04;7;38.04
2012-07-26;33.67;7;33.67
2012-07-27;32.45;7;32.45
2012-07-28;101.5;7;101.5
2012-07-29;68.68;7;68.68
2012-07-30;101.5;7;101.5
2012-07-31;78.5;7;78.5
2012-08-01;75.38;8;75.38
2012-08-02;48.58;8;48.58
2012-08-03;42.0;8;42.0
2012-08-04;56.53;8;56.53
2012-08-05;48.62;8;48.62
2012-08-06;92.47;8;92.47
2012-08-07;54.67;8;54.67
2012-08-08;42.53;8;42.53
2012-08-09;63.75;8;63.75
2012-08-10;70.93;8;70.93
2012-08-11;54.68;8;54.68
2012-08-12;40.43;8;40.43
2012-08-13;39.38;8;39.38
2012-08-14;102.0;8;102.0
2012-08-15;52.98;8;52.98
2012-08-16;38.33;8;38.33
2012-08-17;37.63;8;37.63
2012-08-18;33.26;8;33.26
2012-08-19;31.24;8;31.24
2012-08-20;35.48;8;35.48
2012-08-21;28.91;8;28.91
2012-08-22;25.14;8;25.14
2012-08-23;30.83;8;30.83
2012-08-24;48.18;8;48.18
2012-08-25;74.0;8;74.0
2012-08-26;58.1;8;58.1
2012-08-27;36.7;8;36.7
2012-08-28;51.2;8;51.2
2012-08-29;42.96;8;42.96
2012-08-30;36.58;8;36.58
2012-08-31;37.28;8;37.28
2012-09-01;28.91;9;28.91
2012-09-02;23.39;9;23.39
2012-09-03;29.43;9;29.43
2012-09-04;25.49;9;25.49
2012-09-05;25.49;9;25.49
2012-09-06;36.41;9;36.41
2012-09-07;44.82;9;44.82
2012-09-08;30.02;9;30.02
2012-09-09;30.02;9;30.02
2012-09-10;29.61;9;29.61
2012-09-11;24.44;9;24.44
2012-09-12;22.35;9;22.35
2012-09-13;24.09;9;24.09
2012-09-14;23.39;9;23.39
2012-09-15;19.85;9;19.85
2012-09-16;18.6;9;18.6
2012-09-17;17.6;9;17.6
2012-09-18;17.1;9;17.1
2012-09-19;16.85;9;16.85
2012-09-20;15.94;9;15.94
2012-09-21;15.69;9;15.69
2012-09-22;20.4;9;20.4
2012-09-23;17.6;9;17.6
2012-09-24;15.94;9;15.94
2012-09-25;14.78;9;14.78
2012-09-26;17.69;9;17.69
2012-09-27;18.6;9;18.6
2012-09-28;32.65;9;32.65
2012-09-29;22.84;9;22.84
2012-09-30;21.19;9;21.19
2012-10-01;16.69;10;16.69
2012-10-02;17.6;10;17.6
2012-10-03;15.28;10;15.28
2012-10-04;14.37;10;14.37
2012-10-05;16.85;10;16.85
2012-10-06;18.6;10;18.6
2012-10-07;52.98;10;52.98
2012-10-08;34.27;10;34.27
2012-10-09;22.1;10;22.1
2012-10-10;16.44;10;16.44
2012-10-11;15.49;10;15.49
2012-10-12;14.37;10;14.37
2012-10-13;19.1;10;19.1
2012-10-14;15.19;10;15.19
2012-10-15;17.6;10;17.6
2012-10-16;27.34;10;27.34
2012-10-17;20.5;10;20.5
2012-10-18;34.27;10;34.27
2012-10-19;20.3;10;20.3
2012-10-20;63.75;10;63.75
2012-10-21;30.83;10;30.83
2012-10-22;30.02;10;30.02
2012-10-23;40.14;10;40.14
2012-10-24;44.57;10;44.57
2012-10-25;32.45;10;32.45
2012-10-26;34.27;10;34.27
2012-10-27;21.85;10;21.85
2012-10-28;20.1;10;20.1
2012-10-29;20.55;10;20.55
2012-10-30;19.1;10;19.1
2012-10-31;17.6;10;17.6
2012-11-01;16.6;11;16.6
2012-11-02;14.37;11;14.37
2012-11-03;13.55;11;13.55
2012-11-04;12.73;11;12.73
2012-11-05;16.78;11;16.78
2012-11-06;17.35;11;17.35
2012-11-07;13.55;11;13.55
2012-11-08;9.88;11;9.88
2012-11-09;7.02;11;7.02
2012-11-10;6.32;11;6.32
2012-11-11;5.76;11;5.76
2012-11-12;6.04;11;6.04
2012-11-13;9.47;11;9.47
2012-11-14;11.91;11;11.91
2012-11-15;12.73;11;12.73
2012-11-16;13.55;11;13.55
2012-11-17;17.28;11;17.28
2012-11-18;15.96;11;15.96
2012-11-19;9.19;11;9.19
2012-11-20;7.3;11;7.3
2012-11-21;6.88;11;6.88
2012-11-22;6.74;11;6.74
2012-11-23;6.04;11;6.04
2012-11-24;5.48;11;5.48
2012-11-25;6.04;11;6.04
2012-11-26;8.35;11;8.35
2012-11-27;7.72;11;7.72
2012-11-28;6.6;11;6.6
2012-11-29;7.16;11;7.16
2012-11-30;6.6;11;6.6
2012-12-01;8.07;12;8.07
2012-12-02;7.44;12;7.44
2012-12-03;6.88;12;6.88
2012-12-04;6.6;12;6.6
2012-12-05;7.16;12;7.16
2012-12-06;7.44;12;7.44
2012-12-07;7.16;12;7.16
2012-12-08;6.88;12;6.88
2012-12-09;7.44;12;7.44
2012-12-10;7.16;12;7.16
2012-12-11;6.32;12;6.32
2012-12-12;5.76;12;5.76
2012-12-13;5.28;12;5.28
2012-12-14;4.8;12;4.8
2012-12-15;4.5;12;4.5
2012-12-16;4.4;12;4.4
2012-12-17;4.7;12;4.7
2012-12-18;4.4;12;4.4
2012-12-19;4.6;12;4.6
2012-12-20;6.88;12;6.88
2012-12-21;6.32;12;6.32
2012-12-22;5.76;12;5.76
2012-12-23;5.28;12;5.28
2012-12-24;4.8;12;4.8
2012-12-25;5.56;12;5.56
2012-12-26;7.72;12;7.72
2012-12-27;11.15;12;11.15
2012-12-28;7.72;12;7.72
2012-12-29;7.3;12;7.3
2012-12-30;6.88;12;6.88
2012-12-31;7.16;12;7.16
2013-01-01;7.3;1;7.3
2013-01-02;6.88;1;6.88
2013-01-03;6.6;1;6.6
2013-01-04;7.16;1;7.16
2013-01-05;6.88;1;6.88
2013-01-06;6.32;1;6.32
2013-01-07;6.6;1;6.6
2013-01-08;7.16;1;7.16
2013-01-09;6.6;1;6.6
2013-01-10;7.16;1;7.16
2013-01-11;6.32;1;6.32
2013-01-12;6.04;1;6.04
2013-01-13;6.6;1;6.6
2013-01-14;6.32;1;6.32
2013-01-15;5.76;1;5.76
2013-01-16;5.48;1;5.48
2013-01-17;6.04;1;6.04
2013-01-18;5.0;1;5.0
2013-01-19;5.08;1;5.08
2013-01-20;5.0;1;5.0
2013-01-21;6.04;1;6.04
2013-01-22;6.6;1;6.6
2013-01-23;5.48;1;5.48
2013-01-24;6.04;1;6.04
2013-01-25;6.04;1;6.04
2013-01-26;5.76;1;5.76
2013-01-27;6.04;1;6.04
2013-01-28;5.48;1;5.48
2013-01-29;5.76;1;5.76
2013-01-30;6.6;1;6.6
2013-01-31;6.04;1;6.04
2013-02-01;6.04;2;6.04
2013-02-02;7.16;2;7.16
2013-02-03;9.05;2;9.05
2013-02-04;7.3;2;7.3
2013-02-05;7.3;2;7.3
2013-02-06;7.16;2;7.16
2013-02-07;7.58;2;7.58
2013-02-08;7.3;2;7.3
2013-02-09;7.16;2;7.16
2013-02-10;8.7;2;8.7
2013-02-11;9.05;2;9.05
2013-02-12;7.3;2;7.3
2013-02-13;6.32;2;6.32
2013-02-14;4.8;2;4.8
2013-02-15;4.7;2;4.7
2013-02-16;4.7;2;4.7
2013-02-17;4.5;2;4.5
2013-02-18;4.7;2;4.7
2013-02-19;4.7;2;4.7
2013-02-20;4.6;2;4.6
2013-02-21;4.2;2;4.2
2013-02-22;4.3;2;4.3
2013-02-23;4.0;2;4.0
2013-02-24;3.8;2;3.8
2013-02-25;3.7;2;3.7
2013-02-26;3.4;2;3.4
2013-02-27;5.16;2;5.16
2013-02-28;7.45;2;7.45
2013-03-01;7.16;3;7.16
2013-03-02;4.8;3;4.8
2013-03-03;4.6;3;4.6
2013-03-04;4.4;3;4.4
2013-03-05;4.6;3;4.6
2013-03-06;6.46;3;6.46
2013-03-07;5.84;3;5.84
2013-03-08;5.08;3;5.08
2013-03-09;4.4;3;4.4
2013-03-10;4.2;3;4.2
2013-03-11;3.8;3;3.8
2013-03-12;5.64;3;5.64
2013-03-13;5.92;3;5.92
2013-03-14;4.5;3;4.5
2013-03-15;4.6;3;4.6
2013-03-16;4.9;3;4.9
2013-03-17;6.88;3;6.88
2013-03-18;9.75;3;9.75
2013-03-19;7.44;3;7.44
2013-03-20;6.6;3;6.6
2013-03-21;5.76;3;5.76
2013-03-22;4.6;3;4.6
2013-03-23;4.5;3;4.5
2013-03-24;4.3;3;4.3
2013-03-25;4.1;3;4.1
2013-03-26;3.8;3;3.8
2013-03-27;3.9;3;3.9
2013-03-28;3.6;3;3.6
2013-03-29;3.4;3;3.4
2013-03-30;4.2;3;4.2
2013-03-31;4.4;3;4.4
2013-04-01;4.1;4;4.1
2013-04-02;3.842;4;3.842
2013-04-03;3.467;4;3.467
2013-04-04;3.267;4;3.267
2013-04-05;3.087;4;3.087
2013-04-06;3.031;4;3.031
2013-04-07;3.052;4;3.052
2013-04-08;2.954;4;2.954
2013-04-09;3.43;4;3.43
2013-04-10;3.758;4;3.758
2013-04-11;3.458;4;3.458
2013-04-12;3.8;4;3.8
2013-04-13;4.8;4;4.8
2013-04-14;7.4;4;7.4
2013-04-15;10.45;4;10.45
2013-04-16;6.32;4;6.32
2013-04-17;4.7;4;4.7
2013-04-18;4.2;4;4.2
2013-04-19;17.28;4;17.28
2013-04-20;9.05;4;9.05
2013-04-21;15.46;4;15.46
2013-04-22;11.68;4;11.68
2013-04-23;7.72;4;7.72
2013-04-24;7.72;4;7.72
2013-04-25;7.58;4;7.58
2013-04-26;8.35;4;8.35
2013-04-27;7.86;4;7.86
2013-04-28;9.4;4;9.4
2013-04-29;8.0;4;8.0
2013-04-30;13.2;4;13.2
2013-05-01;15.2;5;15.2
2013-05-02;9.4;5;9.4
2013-05-03;26.34;5;26.34
2013-05-04;11.91;5;11.91
2013-05-05;13.14;5;13.14
2013-05-06;14.78;5;14.78
2013-05-07;51.85;5;51.85
2013-05-08;22.44;5;22.44
2013-05-09;23.59;5;23.59
2013-05-10;15.69;5;15.69
2013-05-11;12.32;5;12.32
2013-05-12;10.45;5;10.45
2013-05-13;10.45;5;10.45
2013-05-14;10.86;5;10.86
2013-05-15;9.4;5;9.4
2013-05-16;10.1;5;10.1
2013-05-17;9.4;5;9.4
2013-05-18;8.7;5;8.7
2013-05-19;8.35;5;8.35
2013-05-20;9.4;5;9.4
2013-05-21;11.68;5;11.68
2013-05-22;10.1;5;10.1
2013-05-23;13.96;5;13.96
2013-05-24;14.46;5;14.46
2013-05-25;10.45;5;10.45
2013-05-26;9.4;5;9.4
2013-05-27;10.45;5;10.45
2013-05-28;9.05;5;9.05
2013-05-29;12.73;5;12.73
2013-05-30;12.73;5;12.73
2013-05-31;14.37;5;14.37
2013-06-01;14.38;6;14.38
2013-06-02;15.57;6;15.57
2013-06-03;13.99;6;13.99
2013-06-04;13.07;6;13.07
2013-06-05;11.81;6;11.81
2013-06-06;13.15;6;13.15
2013-06-07;13.72;6;13.72
2013-06-08;11.48;6;11.48
2013-06-09;11.82;6;11.82
2013-06-10;10.17;6;10.17
2013-06-11;10.81;6;10.81
2013-06-12;16.57;6;16.57
2013-06-13;15.06;6;15.06
2013-06-14;15.28;6;15.28
2013-06-15;19.38;6;19.38
2013-06-16;19.94;6;19.94
2013-06-17;14.11;6;14.11
2013-06-18;11.37;6;11.37
2013-06-19;18.67;6;18.67
2013-06-20;19.34;6;19.34
2013-06-21;16.82;6;16.82
2013-06-22;13.9;6;13.9
2013-06-23;11.66;6;11.66
2013-06-24;21.18;6;21.18
2013-06-25;17.26;6;17.26
2013-06-26;14.33;6;14.33
2013-06-27;11.81;6;11.81
2013-06-28;10.71;6;10.71
2013-06-29;10.06;6;10.06
2013-06-30;10.49;6;10.49
2013-07-01;13.09;7;13.09
2013-07-02;11.3;7;11.3
2013-07-03;9.298;7;9.298
2013-07-04;8.277;7;8.277
2013-07-05;7.77;7;7.77
2013-07-06;7.603;7;7.603
2013-07-07;7.863;7;7.863
2013-07-08;7.396;7;7.396
2013-07-09;7.02;7;7.02
2013-07-10;7.641;7;7.641
2013-07-11;13.65;7;13.65
2013-07-12;9.1;7;9.1
2013-07-13;7.358;7;7.358
2013-07-14;6.787;7;6.787
2013-07-15;8.273;7;8.273
2013-07-16;50.49;7;50.49
2013-07-17;22.39;7;22.39
2013-07-18;24.96;7;24.96
2013-07-19;23.09;7;23.09
2013-07-20;102.0;7;102.0
2013-07-21;41.09;7;41.09
2013-07-22;30.02;7;30.02
2013-07-23;25.49;7;25.49
2013-07-24;21.5;7;21.5
2013-07-25;18.1;7;18.1
2013-07-26;18.85;7;18.85
2013-07-27;19.6;7;19.6
2013-07-28;44.1;7;44.1
2013-07-29;99.5;7;99.5
2013-07-30;50.19;7;50.19
2013-07-31;34.08;7;34.08
2013-08-01;28.22;8;28.22
2013-08-02;30.83;8;30.83
2013-08-03;31.24;8;31.24
2013-08-04;42.0;8;42.0
2013-08-05;34.79;8;34.79
2013-08-06;24.09;8;24.09
2013-08-07;21.85;8;21.85
2013-08-08;18.1;8;18.1
2013-08-09;17.35;8;17.35
2013-08-10;30.02;8;30.02
2013-08-11;36.18;8;36.18
2013-08-12;56.0;8;56.0
2013-08-13;94.62;8;94.62
2013-08-14;30.42;8;30.42
2013-08-15;28.51;8;28.51
2013-08-16;27.0;8;27.0
2013-08-17;30.13;8;30.13
2013-08-18;21.5;8;21.5
2013-08-19;18.6;8;18.6
2013-08-20;17.1;8;17.1
2013-08-21;62.62;8;62.62
2013-08-22;30.83;8;30.83
2013-08-23;24.79;8;24.79
2013-08-24;22.0;8;22.0
2013-08-25;19.1;8;19.1
2013-08-26;18.1;8;18.1
2013-08-27;18.1;8;18.1
2013-08-28;33.74;8;33.74
2013-08-29;38.83;8;38.83
2013-08-30;32.05;8;32.05
2013-08-31;34.79;8;34.79
2013-09-01;22.69;9;22.69
2013-09-02;20.3;9;20.3
2013-09-03;24.09;9;24.09
2013-09-04;19.1;9;19.1
2013-09-05;21.19;9;21.19
2013-09-06;45.41;9;45.41
2013-09-07;59.11;9;59.11
2013-09-08;46.52;9;46.52
2013-09-09;29.21;9;29.21
2013-09-10;22.69;9;22.69
2013-09-11;22.0;9;22.0
2013-09-12;19.1;9;19.1
2013-09-13;17.1;9;17.1
2013-09-14;16.1;9;16.1
2013-09-15;16.6;9;16.6
2013-09-16;17.6;9;17.6
2013-09-17;20.5;9;20.5
2013-09-18;17.1;9;17.1
2013-09-19;15.19;9;15.19
2013-09-20;15.28;9;15.28
2013-09-21;13.96;9;13.96
2013-09-22;13.14;9;13.14
2013-09-23;12.32;9;12.32
2013-09-24;11.56;9;11.56
2013-09-25;10.8;9;10.8
2013-09-26;11.15;9;11.15
2013-09-27;20.19;9;20.19
2013-09-28;13.96;9;13.96
2013-09-29;18.1;9;18.1
2013-09-30;13.55;9;13.55
2013-10-01;13.14;10;13.14
2013-10-02;12.32;10;12.32
2013-10-03;21.59;10;21.59
2013-10-04;18.6;10;18.6
2013-10-05;20.5;10;20.5
2013-10-06;14.78;10;14.78
2013-10-07;12.73;10;12.73
2013-10-08;17.03;10;17.03
2013-10-09;12.73;10;12.73
2013-10-10;11.97;10;11.97
2013-10-11;10.8;10;10.8
2013-10-12;10.1;10;10.1
2013-10-13;9.05;10;9.05
2013-10-14;9.75;10;9.75
2013-10-15;9.05;10;9.05
2013-10-16;9.05;10;9.05
2013-10-17;9.75;10;9.75
2013-10-18;11.48;10;11.48
2013-10-19;9.4;10;9.4
2013-10-20;9.05;10;9.05
2013-10-21;9.4;10;9.4
2013-10-22;9.75;10;9.75
2013-10-23;14.37;10;14.37
2013-10-24;11.56;10;11.56
2013-10-25;8.7;10;8.7
2013-10-26;8.35;10;8.35
2013-10-27;8.7;10;8.7
2013-10-28;8.35;10;8.35
2013-10-29;7.72;10;7.72
2013-10-30;7.44;10;7.44
2013-10-31;7.58;10;7.58
2013-11-01;8.7;11;8.7
2013-11-02;8.21;11;8.21
2013-11-03;8.42;11;8.42
2013-11-04;11.56;11;11.56
2013-11-05;10.45;11;10.45
2013-11-06;29.32;11;29.32
2013-11-07;22.69;11;22.69
2013-11-08;14.05;11;14.05
2013-11-09;12.73;11;12.73
2013-11-10;13.55;11;13.55
2013-11-11;13.14;11;13.14
2013-11-12;11.97;11;11.97
2013-11-13;8.35;11;8.35
2013-11-14;8.7;11;8.7
2013-11-15;8.35;11;8.35
2013-11-16;8.21;11;8.21
2013-11-17;7.72;11;7.72
2013-11-18;7.58;11;7.58
2013-11-19;14.0;11;14.0
2013-11-20;9.05;11;9.05
2013-11-21;7.16;11;7.16
2013-11-22;7.16;11;7.16
2013-11-23;6.6;11;6.6
2013-11-24;6.6;11;6.6
2013-11-25;6.32;11;6.32
2013-11-26;6.04;11;6.04
2013-11-27;6.04;11;6.04
2013-11-28;6.6;11;6.6
2013-11-29;6.04;11;6.04
2013-11-30;5.76;11;5.76
2013-12-01;8.35;12;8.35
2013-12-02;7.44;12;7.44
2013-12-03;7.58;12;7.58
2013-12-04;7.3;12;7.3
2013-12-05;6.88;12;6.88
2013-12-06;5.76;12;5.76
2013-12-07;5.48;12;5.48
2013-12-08;6.04;12;6.04
2013-12-09;7.72;12;7.72
2013-12-10;7.3;12;7.3
2013-12-11;6.88;12;6.88
2013-12-12;6.6;12;6.6
2013-12-13;6.04;12;6.04
2013-12-14;8.7;12;8.7
2013-12-15;9.4;12;9.4
2013-12-16;8.35;12;8.35
2013-12-17;7.72;12;7.72
2013-12-18;7.58;12;7.58
2013-12-19;6.88;12;6.88
2013-12-20;6.04;12;6.04
2013-12-21;5.48;12;5.48
2013-12-22;5.2;12;5.2
2013-12-23;4.9;12;4.9
2013-12-24;5.1;12;5.1
2013-12-25;6.12;12;6.12
2013-12-26;5.1;12;5.1
2013-12-27;5.28;12;5.28
2013-12-28;5.1;12;5.1
2013-12-29;4.6;12;4.6
2013-12-30;4.9;12;4.9
2013-12-31;4.6;12;4.6
2014-01-01;4.2;1;4.2
2014-01-02;3.8;1;3.8
2014-01-03;4.0;1;4.0
2014-01-04;4.0;1;4.0
2014-01-05;3.8;1;3.8
2014-01-06;3.8;1;3.8
2014-01-07;4.2;1;4.2
2014-01-08;3.6;1;3.6
2014-01-09;3.4;1;3.4
2014-01-10;3.4;1;3.4
2014-01-11;3.8;1;3.8
2014-01-12;3.4;1;3.4
2014-01-13;3.4;1;3.4
2014-01-14;3.6;1;3.6
2014-01-15;3.2;1;3.2
2014-01-16;3.4;1;3.4
2014-01-17;3.4;1;3.4
2014-01-18;5.6;1;5.6
2014-01-19;17.6;1;17.6
2014-01-20;7.3;1;7.3
2014-01-21;5.2;1;5.2
2014-01-22;4.8;1;4.8
2014-01-23;4.4;1;4.4
2014-01-24;4.0;1;4.0
2014-01-25;3.6;1;3.6
2014-01-26;3.8;1;3.8
2014-01-27;3.2;1;3.2
2014-01-28;3.4;1;3.4
2014-01-29;3.6;1;3.6
2014-01-30;3.2;1;3.2
2014-01-31;3.2;1;3.2
2014-02-01;3.031;2;3.031
2014-02-02;2.778;2;2.778
2014-02-03;2.947;2;2.947
2014-02-04;2.778;2;2.778
2014-02-05;2.862;2;2.862
2014-02-06;2.862;2;2.862
2014-02-07;2.778;2;2.778
2014-02-08;2.778;2;2.778
2014-02-09;2.355;2;2.355
2014-02-10;2.187;2;2.187
2014-02-11;2.524;2;2.524
2014-02-12;2.778;2;2.778
2014-02-13;2.524;2;2.524
2014-02-14;2.355;2;2.355
2014-02-15;2.018;2;2.018
2014-02-16;1.849;2;1.849
2014-02-17;2.187;2;2.187
2014-02-18;2.018;2;2.018
2014-02-19;1.68;2;1.68
2014-02-20;1.68;2;1.68
2014-02-21;4.2;2;4.2
2014-02-22;3.4;2;3.4
2014-02-23;3.6;2;3.6
2014-02-24;3.431;2;3.431
2014-02-25;5.36;2;5.36
2014-02-26;6.6;2;6.6
2014-02-27;4.4;2;4.4
2014-02-28;4.2;2;4.2
2014-03-01;5.08;3;5.08
2014-03-02;4.2;3;4.2
2014-03-03;4.2;3;4.2
2014-03-04;3.8;3;3.8
2014-03-05;3.6;3;3.6
2014-03-06;3.8;3;3.8
2014-03-07;3.231;3;3.231
2014-03-08;7.93;3;7.93
2014-03-09;6.04;3;6.04
2014-03-10;4.0;3;4.0
2014-03-11;3.8;3;3.8
2014-03-12;3.031;3;3.031
2014-03-13;3.316;3;3.316
2014-03-14;3.031;3;3.031
2014-03-15;3.4;3;3.4
2014-03-16;3.116;3;3.116
2014-03-17;3.4;3;3.4
2014-03-18;3.031;3;3.031
2014-03-19;3.116;3;3.116
2014-03-20;2.693;3;2.693
2014-03-21;2.862;3;2.862
2014-03-22;2.862;3;2.862
2014-03-23;3.031;3;3.031
2014-03-24;2.947;3;2.947
2014-03-25;2.693;3;2.693
2014-03-26;2.778;3;2.778
2014-03-27;2.778;3;2.778
2014-03-28;2.693;3;2.693
2014-03-29;2.778;3;2.778
2014-03-30;2.778;3;2.778
2014-03-31;2.862;3;2.862
2014-04-01;2.693;4;2.693
2014-04-02;2.862;4;2.862
2014-04-03;6.32;4;6.32
2014-04-04;5.48;4;5.48
2014-04-05;6.6;4;6.6
2014-04-06;6.04;4;6.04
2014-04-07;7.16;4;7.16
2014-04-08;8.0;4;8.0
2014-04-09;8.35;4;8.35
2014-04-10;6.32;4;6.32
2014-04-11;5.38;4;5.38
2014-04-12;5.0;4;5.0
2014-04-13;6.6;4;6.6
2014-04-14;5.0;4;5.0
2014-04-15;6.12;4;6.12
2014-04-16;4.8;4;4.8
2014-04-17;4.6;4;4.6
2014-04-18;4.5;4;4.5
2014-04-19;11.39;4;11.39
2014-04-20;9.75;4;9.75
2014-04-21;8.42;4;8.42
2014-04-22;7.44;4;7.44
2014-04-23;7.3;4;7.3
2014-04-24;15.55;4;15.55
2014-04-25;8.77;4;8.77
2014-04-26;27.65;4;27.65
2014-04-27;10.45;4;10.45
2014-04-28;11.15;4;11.15
2014-04-29;8.21;4;8.21
2014-04-30;7.58;4;7.58
2014-05-01;7.58;5;7.58
2014-05-02;7.16;5;7.16
2014-05-03;5.76;5;5.76
2014-05-04;5.1;5;5.1
2014-05-05;5.0;5;5.0
2014-05-06;6.32;5;6.32
2014-05-07;6.88;5;6.88
2014-05-08;11.15;5;11.15
2014-05-09;10.16;5;10.16
2014-05-10;8.7;5;8.7
2014-05-11;11.33;5;11.33
2014-05-12;9.05;5;9.05
2014-05-13;8.7;5;8.7
2014-05-14;8.35;5;8.35
2014-05-15;7.3;5;7.3
2014-05-16;6.74;5;6.74
2014-05-17;7.16;5;7.16
2014-05-18;6.6;5;6.6
2014-05-19;7.02;5;7.02
2014-05-20;6.6;5;6.6
2014-05-21;6.6;5;6.6
2014-05-22;5.48;5;5.48
2014-05-23;4.8;5;4.8
2014-05-24;4.4;5;4.4
2014-05-25;4.2;5;4.2
2014-05-26;4.0;5;4.0
2014-05-27;4.6;5;4.6
2014-05-28;7.3;5;7.3
2014-05-29;6.6;5;6.6
2014-05-30;5.48;5;5.48
2014-05-31;5.0;5;5.0
2014-06-01;6.32;6;6.32
2014-06-02;14.16;6;14.16
2014-06-03;8.0;6;8.0
2014-06-04;6.74;6;6.74
2014-06-05;5.76;6;5.76
2014-06-06;5.48;6;5.48
2014-06-07;22.69;6;22.69
2014-06-08;25.71;6;25.71
2014-06-09;12.38;6;12.38
2014-06-10;12.73;6;12.73
2014-06-11;15.3;6;15.3
2014-06-12;11.15;6;11.15
2014-06-13;11.15;6;11.15
2014-06-14;40.75;6;40.75
2014-06-15;17.19;6;17.19
2014-06-16;23.39;6;23.39
2014-06-17;15.6;6;15.6
2014-06-18;13.55;6;13.55
2014-06-19;11.97;6;11.97
2014-06-20;16.28;6;16.28
2014-06-21;13.96;6;13.96
2014-06-22;105.1;6;105.1
2014-06-23;47.65;6;47.65
2014-06-24;147.0;6;147.0
2014-06-25;47.33;6;47.33
2014-06-26;61.37;6;61.37
2014-06-27;34.79;6;34.79
2014-06-28;22.89;6;22.89
2014-06-29;19.3;6;19.3
2014-06-30;15.78;6;15.78
2014-07-01;26.43;7;26.43
2014-07-02;27.22;7;27.22
2014-07-03;15.37;7;15.37
2014-07-04;13.55;7;13.55
2014-07-05;12.93;7;12.93
2014-07-06;12.32;7;12.32
2014-07-07;73.16;7;73.16
2014-07-08;62.5;7;62.5
2014-07-09;39.9;7;39.9
2014-07-10;40.46;7;40.46
2014-07-11;29.21;7;29.21
2014-07-12;61.49;7;61.49
2014-07-13;43.05;7;43.05
2014-07-14;32.45;7;32.45
2014-07-15;54.55;7;54.55
2014-07-16;46.36;7;46.36
2014-07-17;48.7;7;48.7
2014-07-18;28.97;7;28.97
2014-07-19;25.84;7;25.84
2014-07-20;26.3;7;26.3
2014-07-21;25.49;7;25.49
2014-07-22;26.53;7;26.53
2014-07-23;18.1;7;18.1
2014-07-24;22.99;7;22.99
2014-07-25;20.5;7;20.5
2014-07-26;28.2;7;28.2
2014-07-27;20.8;7;20.8
2014-07-28;17.1;7;17.1
2014-07-29;14.37;7;14.37
2014-07-30;13.55;7;13.55
2014-07-31;13.34;7;13.34
2014-08-01;12.73;8;12.73
2014-08-02;17.6;8;17.6
2014-08-03;18.1;8;18.1
2014-08-04;13.96;8;13.96
2014-08-05;12.93;8;12.93
2014-08-06;12.73;8;12.73
2014-08-07;11.91;8;11.91
2014-08-08;13.14;8;13.14
2014-08-09;11.91;8;11.91
2014-08-10;11.15;8;11.15
2014-08-11;11.62;8;11.62
2014-08-12;9.75;8;9.75
2014-08-13;9.05;8;9.05
2014-08-14;12.73;8;12.73
2014-08-15;11.56;8;11.56
2014-08-16;12.32;8;12.32
2014-08-17;24.21;8;24.21
2014-08-18;17.6;8;17.6
2014-08-19;16.94;8;16.94
2014-08-20;16.1;8;16.1
2014-08-21;14.78;8;14.78
2014-08-22;14.58;8;14.58
2014-08-23;11.91;8;11.91
2014-08-24;27.65;8;27.65
2014-08-25;15.78;8;15.78
2014-08-26;13.76;8;13.76
2014-08-27;12.73;8;12.73
2014-08-28;11.91;8;11.91
2014-08-29;13.96;8;13.96
2014-08-30;14.87;8;14.87
2014-08-31;11.15;8;11.15
2014-09-01;9.75;9;9.75
2014-09-02;10.45;9;10.45
2014-09-03;11.15;9;11.15
2014-09-04;10.45;9;10.45
2014-09-05;9.75;9;9.75
2014-09-06;10.1;9;10.1
2014-09-07;9.75;9;9.75
2014-09-08;10.8;9;10.8
2014-09-09;9.4;9;9.4
2014-09-10;10.1;9;10.1
2014-09-11;23.09;9;23.09
2014-09-12;23.09;9;23.09
2014-09-13;21.5;9;21.5
2014-09-14;15.19;9;15.19
2014-09-15;15.28;9;15.28
2014-09-16;11.15;9;11.15
2014-09-17;10.45;9;10.45
2014-09-18;21.39;9;21.39
2014-09-19;14.37;9;14.37
2014-09-20;14.78;9;14.78
2014-09-21;13.96;9;13.96
2014-09-22;17.69;9;17.69
2014-09-23;13.14;9;13.14
2014-09-24;12.73;9;12.73
2014-09-25;13.96;9;13.96
2014-09-26;12.73;9;12.73
2014-09-27;14.78;9;14.78
2014-09-28;12.73;9;12.73
2014-09-29;11.62;9;11.62
2014-09-30;10.45;9;10.45
2014-10-01;11.15;10;11.15
2014-10-02;21.58;10;21.58
2014-10-03;18.1;10;18.1
2014-10-04;12.79;10;12.79
2014-10-05;14.78;10;14.78
2014-10-06;18.39;10;18.39
2014-10-07;48.29;10;48.29
2014-10-08;44.26;10;44.26
2014-10-09;134.9;10;134.9
2014-10-10;61.25;10;61.25
2014-10-11;68.11;10;68.11
2014-10-12;84.11;10;84.11
2014-10-13;44.1;10;44.1
2014-10-14;52.98;10;52.98
2014-10-15;48.7;10;48.7
2014-10-16;37.23;10;37.23
2014-10-17;27.52;10;27.52
2014-10-18;24.09;10;24.09
2014-10-19;27.35;10;27.35
2014-10-20;27.0;10;27.0
2014-10-21;21.0;10;21.0
2014-10-22;18.1;10;18.1
2014-10-23;17.1;10;17.1
2014-10-24;16.69;10;16.69
2014-10-25;14.78;10;14.78
2014-10-26;16.1;10;16.1
2014-10-27;31.9;10;31.9
2014-10-28;19.78;10;19.78
2014-10-29;14.78;10;14.78
2014-10-30;14.37;10;14.37
2014-10-31;15.19;10;15.19
2014-11-01;12.79;11;12.79
2014-11-02;11.21;11;11.21
2014-11-03;11.15;11;11.15
2014-11-04;11.21;11;11.21
2014-11-05;23.21;11;23.21
2014-11-06;20.85;11;20.85
2014-11-07;18.1;11;18.1
2014-11-08;17.6;11;17.6
2014-11-09;49.6;11;49.6
2014-11-10;18.1;11;18.1
2014-11-11;15.69;11;15.69
2014-11-12;20.69;11;20.69
2014-11-13;16.19;11;16.19
2014-11-14;14.78;11;14.78
2014-11-15;21.19;11;21.19
2014-11-16;16.6;11;16.6
2014-11-17;16.1;11;16.1
2014-11-18;13.96;11;13.96
2014-11-19;13.14;11;13.14
2014-11-20;13.55;11;13.55
2014-11-21;13.14;11;13.14
2014-11-22;14.37;11;14.37
2014-11-23;11.91;11;11.91
2014-11-24;10.8;11;10.8
2014-11-25;10.1;11;10.1
2014-11-26;9.75;11;9.75
2014-11-27;9.05;11;9.05
2014-11-28;9.05;11;9.05
2014-11-29;9.05;11;9.05
2014-11-30;9.05;11;9.05
2014-12-01;10.86;12;10.86
2014-12-02;8.35;12;8.35
2014-12-03;8.7;12;8.7
2014-12-04;9.4;12;9.4
2014-12-05;8.7;12;8.7
2014-12-06;8.7;12;8.7
2014-12-07;9.05;12;9.05
2014-12-08;8.7;12;8.7
2014-12-09;10.45;12;10.45
2014-12-10;9.75;12;9.75
2014-12-11;10.1;12;10.1
2014-12-12;10.8;12;10.8
2014-12-13;9.75;12;9.75
2014-12-14;9.05;12;9.05
2014-12-15;10.1;12;10.1
2014-12-16;9.4;12;9.4
2014-12-17;8.7;12;8.7
2014-12-18;8.7;12;8.7
2014-12-19;8.35;12;8.35
2014-12-20;9.05;12;9.05
2014-12-21;7.72;12;7.72
2014-12-22;8.35;12;8.35
2014-12-23;6.88;12;6.88
2014-12-24;6.32;12;6.32
2014-12-25;6.04;12;6.04
2014-12-26;6.04;12;6.04
2014-12-27;6.6;12;6.6
2014-12-28;6.04;12;6.04
2014-12-29;6.6;12;6.6
2014-12-30;6.04;12;6.04
2014-12-31;6.04;12;6.04
2015-01-01;-999.000;1;7.3
2015-01-02;-999.000;1;5.42
2015-01-03;-999.000;1;11.78
2015-01-04;-999.000;1;9.8
2015-01-05;-999.000;1;7.34
2015-01-06;-999.000;1;9.12
2015-01-07;-999.000;1;3.8
2015-01-08;-999.000;1;7.11
2015-01-09;-999.000;1;6.0
2015-01-10;-999.000;1;9.323
2015-01-11;-999.000;1;6.6
2015-01-12;-999.000;1;4.92
2015-01-13;-999.000;1;7.6
2015-01-14;-999.000;1;5.32
2015-01-15;-999.000;1;7.69
2015-01-16;-999.000;1;7.161
2015-01-17;-999.000;1;2.981
2015-01-18;-999.000;1;4.511
2015-01-19;-999.000;1;6.2
2015-01-20;-999.000;1;13.281
2015-01-21;-999.000;1;5.6
2015-01-22;-999.000;1;4.9
2015-01-23;-999.000;1;8.19
2015-01-24;-999.000;1;6.35
2015-01-25;-999.000;1;4.3
2015-01-26;-999.000;1;4.4
2015-01-27;-999.000;1;5.0
2015-01-28;-999.000;1;10.2
2015-01-29;-999.000;1;4.9
2015-01-30;-999.000;1;5.1
2015-01-31;-999.000;1;8.04
2015-02-01;-999.000;2;9.25
2015-02-02;-999.000;2;21.74
2015-02-03;-999.000;2;5.009
2015-02-04;-999.000;2;5.49
2015-02-05;-999.000;2;8.1
2015-02-06;-999.000;2;3.2
2015-02-07;-999.000;2;7.17
2015-02-08;-999.000;2;22.0
2015-02-09;-999.000;2;9.25
2015-02-10;-999.000;2;6.808
2015-02-11;-999.000;2;3.7
2015-02-12;-999.000;2;3.67
2015-02-13;-999.000;2;3.661
2015-02-14;-999.000;2;4.4
2015-02-15;-999.000;2;2.187
2015-02-16;-999.000;2;9.57
2015-02-17;-999.000;2;6.3
2015-02-18;-999.000;2;12.19
2015-02-19;-999.000;2;7.0
2015-02-20;-999.000;2;5.08
2015-02-21;-999.000;2;2.535
2015-02-22;-999.000;2;4.3
2015-02-23;-999.000;2;2.8
2015-02-24;-999.000;2;4.8
2015-02-25;-999.000;2;6.0
2015-02-26;-999.000;2;7.48
2015-02-27;-999.000;2;7.11
2015-02-28;-999.000;2;13.47
2015-03-01;-999.000;3;4.96
2015-03-02;-999.000;3;14.58
2015-03-03;-999.000;3;3.6
2015-03-04;-999.000;3;6.52
2015-03-05;-999.000;3;5.85
2015-03-06;-999.000;3;3.4
2015-03-07;-999.000;3;10.34
2015-03-08;-999.000;3;6.87
2015-03-09;-999.000;3;6.65
2015-03-10;-999.000;3;3.9
2015-03-11;-999.000;3;6.46
2015-03-12;-999.000;3;4.28
2015-03-13;-999.000;3;7.7
2015-03-14;-999.000;3;6.46
2015-03-15;-999.000;3;6.93
2015-03-16;-999.000;3;3.8
2015-03-17;-999.000;3;4.37
2015-03-18;-999.000;3;8.6
2015-03-19;-999.000;3;11.8
2015-03-20;-999.000;3;6.52
2015-03-21;-999.000;3;4.0
2015-03-22;-999.000;3;4.76
2015-03-23;-999.000;3;5.48
2015-03-24;-999.000;3;31.21
2015-03-25;-999.000;3;8.62
2015-03-26;-999.000;3;3.5
2015-03-27;-999.000;3;7.18
2015-03-28;-999.000;3;12.19
2015-03-29;-999.000;3;5.715
2015-03-30;-999.000;3;3.4
2015-03-31;-999.000;3;3.0
2015-04-01;-999.000;4;3.2
2015-04-02;-999.000;4;6.5
2015-04-03;-999.000;4;6.16
2015-04-04;-999.000;4;11.07
2015-04-05;-999.000;4;8.4
2015-04-06;-999.000;4;13.8
2015-04-07;-999.000;4;5.08
2015-04-08;-999.000;4;5.72
2015-04-09;-999.000;4;7.6
2015-04-10;-999.000;4;38.06
2015-04-11;-999.000;4;7.16
2015-04-12;-999.000;4;7.72
2015-04-13;-999.000;4;10.44
2015-04-14;-999.000;4;17.659
2015-04-15;-999.000;4;5.4
2015-04-16;-999.000;4;13.6
2015-04-17;-999.000;4;14.14
2015-04-18;-999.000;4;33.01
2015-04-19;-999.000;4;22.24
2015-04-20;-999.000;4;8.27
2015-04-21;-999.000;4;18.84
2015-04-22;-999.000;4;19.31
2015-04-23;-999.000;4;58.78
2015-04-24;-999.000;4;6.5
2015-04-25;-999.000;4;11.1
2015-04-26;-999.000;4;5.43
2015-04-27;-999.000;4;7.0
2015-04-28;-999.000;4;7.32
2015-04-29;-999.000;4;5.64
2015-04-30;-999.000;4;34.743
2015-05-01;-999.000;5;12.89
2015-05-02;-999.000;5;13.52
2015-05-03;-999.000;5;12.73
2015-05-04;-999.000;5;33.0
2015-05-05;-999.000;5;6.67
2015-05-06;-999.000;5;17.2
2015-05-07;-999.000;5;9.3
2015-05-08;-999.000;5;7.0
2015-05-09;-999.000;5;32.04
2015-05-10;-999.000;5;21.92
2015-05-11;-999.000;5;15.0
2015-05-12;-999.000;5;9.62
2015-05-13;-999.000;5;7.6
2015-05-14;-999.000;5;15.21
2015-05-15;-999.000;5;101.8
2015-05-16;-999.000;5;6.3
2015-05-17;-999.000;5;18.24
2015-05-18;-999.000;5;26.34
2015-05-19;-999.000;5;31.17
2015-05-20;-999.000;5;20.72
2015-05-21;-999.000;5;9.64
2015-05-22;-999.000;5;14.61
2015-05-23;-999.000;5;25.69
2015-05-24;-999.000;5;10.45
2015-05-25;-999.000;5;37.8
2015-05-26;-999.000;5;19.29
2015-05-27;-999.000;5;15.07
2015-05-28;-999.000;5;10.16
2015-05-29;-999.000;5;153.0
2015-05-30;-999.000;5;6.2
2015-05-31;-999.000;5;17.75
2015-06-01;-999.000;6;43.738
2015-06-02;-999.000;6;40.84
2015-06-03;-999.000;6;16.51
2015-06-04;-999.000;6;67.932
2015-06-05;-999.000;6;56.29
2015-06-06;-999.000;6;16.1
2015-06-07;-999.000;6;6.32
2015-06-08;-999.000;6;43.34
2015-06-09;-999.000;6;10.96
2015-06-10;-999.000;6;30.76
2015-06-11;-999.000;6;16.3
2015-06-12;-999.000;6;26.0
2015-06-13;-999.000;6;36.0
2015-06-14;-999.000;6;46.118
2015-06-15;-999.000;6;17.19
2015-06-16;-999.000;6;69.75
2015-06-17;-999.000;6;75.938
2015-06-18;-999.000;6;24.82
2015-06-19;-999.000;6;58.2
2015-06-20;-999.000;6;9.1
2015-06-21;-999.000;6;12.75
2015-06-22;-999.000;6;20.11
2015-06-23;-999.000;6;26.82
2015-06-24;-999.000;6;15.6
2015-06-25;-999.000;6;16.85
2015-06-26;-999.000;6;37.79
2015-06-27;-999.000;6;54.63
2015-06-28;-999.000;6;24.8
2015-06-29;-999.000;6;21.96
2015-06-30;-999.000;6;7.7
2015-07-01;-999.000;7;13.36
2015-07-02;-999.000;7;19.6
2015-07-03;-999.000;7;18.1
2015-07-04;-999.000;7;34.75
2015-07-05;-999.000;7;27.0
2015-07-06;-999.000;7;19.3
2015-07-07;-999.000;7;37.41
2015-07-08;-999.000;7;25.56
2015-07-09;-999.000;7;22.1
2015-07-10;-999.000;7;39.69
2015-07-11;-999.000;7;28.26
2015-07-12;-999.000;7;24.47
2015-07-13;-999.000;7;35.4
2015-07-14;-999.000;7;22.82
2015-07-15;-999.000;7;19.8
2015-07-16;-999.000;7;25.0
2015-07-17;-999.000;7;40.0
2015-07-18;-999.000;7;19.8
2015-07-19;-999.000;7;18.0
2015-07-20;-999.000;7;27.57
2015-07-21;-999.000;7;18.21
2015-07-22;-999.000;7;18.32
2015-07-23;-999.000;7;12.95
2015-07-24;-999.000;7;33.57
2015-07-25;-999.000;7;20.87
2015-07-26;-999.000;7;59.0
2015-07-27;-999.000;7;41.0
2015-07-28;-999.000;7;14.32
2015-07-29;-999.000;7;50.0
2015-07-30;-999.000;7;26.87
2015-07-31;-999.000;7;44.57
2015-08-01;-999.000;8;18.9
2015-08-02;-999.000;8;33.69
2015-08-03;-999.000;8;25.0
2015-08-04;-999.000;8;49.83
2015-08-05;-999.000;8;70.8
2015-08-06;-999.000;8;19.6
2015-08-07;-999.000;8;38.12
2015-08-08;-999.000;8;26.14
2015-08-09;-999.000;8;17.89
2015-08-10;-999.000;8;12.56
2015-08-11;-999.000;8;40.079
2015-08-12;-999.000;8;51.105
2015-08-13;-999.000;8;24.0
2015-08-14;-999.000;8;22.41
2015-08-15;-999.000;8;53.603
2015-08-16;-999.000;8;19.51
2015-08-17;-999.000;8;66.2
2015-08-18;-999.000;8;17.2
2015-08-19;-999.000;8;46.0
2015-08-20;-999.000;8;76.922
2015-08-21;-999.000;8;25.5
2015-08-22;-999.000;8;15.0
2015-08-23;-999.000;8;23.4
2015-08-24;-999.000;8;26.47
2015-08-25;-999.000;8;47.627
2015-08-26;-999.000;8;14.9
2015-08-27;-999.000;8;27.13
2015-08-28;-999.000;8;24.97
2015-08-29;-999.000;8;23.2
2015-08-30;-999.000;8;14.2
2015-08-31;-999.000;8;39.255
2015-09-01;-999.000;9;23.7
2015-09-02;-999.000;9;16.2
2015-09-03;-999.000;9;42.7
2015-09-04;-999.000;9;16.8
2015-09-05;-999.000;9;13.47
2015-09-06;-999.000;9;24.0
2015-09-07;-999.000;9;23.61
2015-09-08;-999.000;9;18.36
2015-09-09;-999.000;9;24.15
2015-09-10;-999.000;9;9.75
2015-09-11;-999.000;9;45.4
2015-09-12;-999.000;9;13.0
2015-09-13;-999.000;9;14.87
2015-09-14;-999.000;9;15.1
2015-09-15;-999.000;9;23.98
2015-09-16;-999.000;9;45.0
2015-09-17;-999.000;9;32.46
2015-09-18;-999.000;9;13.4
2015-09-19;-999.000;9;19.7
2015-09-20;-999.000;9;48.01
2015-09-21;-999.000;9;37.7
2015-09-22;-999.000;9;31.33
2015-09-23;-999.000;9;28.5
2015-09-24;-999.000;9;34.01
2015-09-25;-999.000;9;30.35
2015-09-26;-999.000;9;18.1
2015-09-27;-999.000;9;40.34
2015-09-28;-999.000;9;15.4
2015-09-29;-999.000;9;12.32
2015-09-30;-999.000;9;22.24
2015-10-01;-999.000;10;15.5
2015-10-02;-999.000;10;25.23
2015-10-03;-999.000;10;19.31
2015-10-04;-999.000;10;11.3
2015-10-05;-999.000;10;43.287
2015-10-06;-999.000;10;22.64
2015-10-07;-999.000;10;6.68
2015-10-08;-999.000;10;75.66
2015-10-09;-999.000;10;25.85
2015-10-10;-999.000;10;18.8
2015-10-11;-999.000;10;15.25
2015-10-12;-999.000;10;14.1
2015-10-13;-999.000;10;16.0
2015-10-14;-999.000;10;37.14
2015-10-15;-999.000;10;15.0
2015-10-16;-999.000;10;13.93
2015-10-17;-999.000;10;53.0
2015-10-18;-999.000;10;18.58
2015-10-19;-999.000;10;112.496
2015-10-20;-999.000;10;29.72
2015-10-21;-999.000;10;31.21
2015-10-22;-999.000;10;36.59
2015-10-23;-999.000;10;16.85
2015-10-24;-999.000;10;9.05
2015-10-25;-999.000;10;49.72
2015-10-26;-999.000;10;24.89
2015-10-27;-999.000;10;21.0
2015-10-28;-999.000;10;16.8
2015-10-29;-999.000;10;30.66
2015-10-30;-999.000;10;28.3
2015-10-31;-999.000;10;15.81
2015-11-01;-999.000;11;17.9
2015-11-02;-999.000;11;12.12
2015-11-03;-999.000;11;10.1
2015-11-04;-999.000;11;18.9
2015-11-05;-999.000;11;21.52
2015-11-06;-999.000;11;8.67
2015-11-07;-999.000;11;13.64
2015-11-08;-999.000;11;20.65
2015-11-09;-999.000;11;15.67
2015-11-10;-999.000;11;13.3
2015-11-11;-999.000;11;10.67
2015-11-12;-999.000;11;13.63
2015-11-13;-999.000;11;9.88
2015-11-14;-999.000;11;11.96
2015-11-15;-999.000;11;17.72
2015-11-16;-999.000;11;28.78
2015-11-17;-999.000;11;13.16
2015-11-18;-999.000;11;16.44
2015-11-19;-999.000;11;34.0
2015-11-20;-999.000;11;58.946
2015-11-21;-999.000;11;20.85
2015-11-22;-999.000;11;52.7
2015-11-23;-999.000;11;6.04
2015-11-24;-999.000;11;14.67
2015-11-25;-999.000;11;19.08
2015-11-26;-999.000;11;18.78
2015-11-27;-999.000;11;16.02
2015-11-28;-999.000;11;8.87
2015-11-29;-999.000;11;6.04
2015-11-30;-999.000;11;14.67
2015-12-01;-999.000;12;26.0
2015-12-02;-999.000;12;13.0
2015-12-03;-999.000;12;24.0
2015-12-04;-999.000;12;23.3
2015-12-05;-999.000;12;11.07
2015-12-06;-999.000;12;18.36
2015-12-07;-999.000;12;12.07
2015-12-08;-999.000;12;7.2
2015-12-09;-999.000;12;8.813
2015-12-10;-999.000;12;31.43
2015-12-11;-999.000;12;13.16
2015-12-12;-999.000;12;8.04
2015-12-13;-999.000;12;7.6
2015-12-14;-999.000;12;8.32
2015-12-15;-999.000;12;18.5
2015-12-16;-999.000;12;13.268
2015-12-17;-999.000;12;6.6
2015-12-18;-999.000;12;8.09
2015-12-19;-999.000;12;10.05
2015-12-20;-999.000;12;7.75
2015-12-21;-999.000;12;8.5
2015-12-22;-999.000;12;6.88
2015-12-23;-999.000;12;9.15
2015-12-24;-999.000;12;8.507
2015-12-25;-999.000;12;3.664
2015-12-26;-999.000;12;8.87
2015-12-27;-999.000;12;8.63
2015-12-28;-999.000;12;6.4
2015-12-29;-999.000;12;24.0
2015-12-30;-999.000;12;8.865
2015-12-31;-999.000;12;13.77
2016-01-01;-999.000;1;6.2
2016-01-02;-999.000;1;10.3
2016-01-03;-999.000;1;3.2
2016-01-04;-999.000;1;4.9
2016-01-05;-999.000;1;3.13
2016-01-06;-999.000;1;6.3
2016-01-07;-999.000;1;5.3
2016-01-08;-999.000;1;5.12
2016-01-09;-999.000;1;7.4
2016-01-10;-999.000;1;8.0
2016-01-11;-999.000;1;5.6
2016-01-12;-999.000;1;16.6
2016-01-13;-999.000;1;4.8
2016-01-14;-999.000;1;6.8
2016-01-15;-999.000;1;14.428
2016-01-16;-999.000;1;4.2
2016-01-17;-999.000;1;4.6
2016-01-18;-999.000;1;2.71
2016-01-19;-999.000;1;6.22
2016-01-20;-999.000;1;4.7
2016-01-21;-999.000;1;5.2
2016-01-22;-999.000;1;5.0
2016-01-23;-999.000;1;10.1
2016-01-24;-999.000;1;5.6
2016-01-25;-999.000;1;5.9
2016-01-26;-999.000;1;7.1
2016-01-27;-999.000;1;6.91
2016-01-28;-999.000;1;5.0
2016-01-29;-999.000;1;9.05
2016-01-30;-999.000;1;7.58
2016-01-31;-999.000;1;6.42
2016-02-01;-999.000;2;3.4
2016-02-02;-999.000;2;3.6
2016-02-03;-999.000;2;5.62
2016-02-04;-999.000;2;3.6
2016-02-05;-999.000;2;5.25
2016-02-06;-999.000;2;4.0
2016-02-07;-999.000;2;6.68
2016-02-08;-999.000;2;5.48
2016-02-09;-999.000;2;6.98
2016-02-10;-999.000;2;4.0
2016-02-11;-999.000;2;7.6
2016-02-12;-999.000;2;7.1
2016-02-13;-999.000;2;5.872
2016-02-14;-999.000;2;6.29
2016-02-15;-999.000;2;3.6
2016-02-16;-999.000;2;11.418
2016-02-17;-999.000;2;5.62
2016-02-18;-999.000;2;10.607
2016-02-19;-999.000;2;2.3
2016-02-20;-999.000;2;13.62
2016-02-21;-999.000;2;10.641
2016-02-22;-999.000;2;2.3
2016-02-23;-999.000;2;2.666
2016-02-24;-999.000;2;7.58
2016-02-25;-999.000;2;6.0
2016-02-26;-999.000;2;13.62
2016-02-27;-999.000;2;11.12
2016-02-28;-999.000;2;6.8
2016-02-29;-999.000;2;1.8
2016-03-01;-999.000;3;7.58
2016-03-02;-999.000;3;4.2
2016-03-03;-999.000;3;6.2
2016-03-04;-999.000;3;3.6
2016-03-05;-999.000;3;8.1
2016-03-06;-999.000;3;5.8
2016-03-07;-999.000;3;3.3
2016-03-08;-999.000;3;6.04
2016-03-09;-999.000;3;7.7
2016-03-10;-999.000;3;8.1
2016-03-11;-999.000;3;3.0
2016-03-12;-999.000;3;5.8
2016-03-13;-999.000;3;2.3
2016-03-14;-999.000;3;6.002
2016-03-15;-999.000;3;8.7
2016-03-16;-999.000;3;2.71
2016-03-17;-999.000;3;7.0
2016-03-18;-999.000;3;6.6
2016-03-19;-999.000;3;3.9
2016-03-20;-999.000;3;4.3
2016-03-21;-999.000;3;8.6
2016-03-22;-999.000;3;7.2
2016-03-23;-999.000;3;4.805
2016-03-24;-999.000;3;3.4
2016-03-25;-999.000;3;5.92
2016-03-26;-999.000;3;6.04
2016-03-27;-999.000;3;4.85
2016-03-28;-999.000;3;4.71
2016-03-29;-999.000;3;6.495
2016-03-30;-999.000;3;4.6
2016-03-31;-999.000;3;3.62
2016-04-01;-999.000;4;24.73
2016-04-02;-999.000;4;35.95
2016-04-03;-999.000;4;7.1
2016-04-04;-999.000;4;8.37
2016-04-05;-999.000;4;17.1
2016-04-06;-999.000;4;5.1
2016-04-07;-999.000;4;5.72
2016-04-08;-999.000;4;14.36
2016-04-09;-999.000;4;6.3
2016-04-10;-999.000;4;9.925
2016-04-11;-999.000;4;23.188
2016-04-12;-999.000;4;18.6
2016-04-13;-999.000;4;14.53
2016-04-14;-999.000;4;7.11
2016-04-15;-999.000;4;12.04
2016-04-16;-999.000;4;3.758
2016-04-17;-999.000;4;15.17
2016-04-18;-999.000;4;7.11
2016-04-19;-999.000;4;5.54
2016-04-20;-999.000;4;42.25
2016-04-21;-999.000;4;8.53
2016-04-22;-999.000;4;7.945
2016-04-23;-999.000;4;7.68
2016-04-24;-999.000;4;6.26
2016-04-25;-999.000;4;4.0
2016-04-26;-999.000;4;6.26
2016-04-27;-999.000;4;33.33
2016-04-28;-999.000;4;7.5
2016-04-29;-999.000;4;4.9
2016-04-30;-999.000;4;15.55
2016-05-01;-999.000;5;13.13
2016-05-02;-999.000;5;11.91
2016-05-03;-999.000;5;3.7
2016-05-04;-999.000;5;58.5
2016-05-05;-999.000;5;34.843
2016-05-06;-999.000;5;13.53
2016-05-07;-999.000;5;24.9
2016-05-08;-999.000;5;19.55
2016-05-09;-999.000;5;40.261
2016-05-10;-999.000;5;13.09
2016-05-11;-999.000;5;24.8
2016-05-12;-999.000;5;7.887
2016-05-13;-999.000;5;15.1
2016-05-14;-999.000;5;6.03
2016-05-15;-999.000;5;15.51
2016-05-16;-999.000;5;18.49
2016-05-17;-999.000;5;20.0
2016-05-18;-999.000;5;33.3
2016-05-19;-999.000;5;4.8
2016-05-20;-999.000;5;5.3
2016-05-21;-999.000;5;4.4
2016-05-22;-999.000;5;16.54
2016-05-23;-999.000;5;19.8
2016-05-24;-999.000;5;72.2
2016-05-25;-999.000;5;12.73
2016-05-26;-999.000;5;29.064
2016-05-27;-999.000;5;8.78
2016-05-28;-999.000;5;37.3
2016-05-29;-999.000;5;68.55
2016-05-30;-999.000;5;34.9
2016-05-31;-999.000;5;21.12
2016-06-01;-999.000;6;13.88
2016-06-02;-999.000;6;16.3
2016-06-03;-999.000;6;20.66
2016-06-04;-999.000;6;20.15
2016-06-05;-999.000;6;7.72
2016-06-06;-999.000;6;23.24
2016-06-07;-999.000;6;16.7
2016-06-08;-999.000;6;32.8
2016-06-09;-999.000;6;16.77
2016-06-10;-999.000;6;17.6
2016-06-11;-999.000;6;27.15
2016-06-12;-999.000;6;41.3
2016-06-13;-999.000;6;28.25
2016-06-14;-999.000;6;21.3
2016-06-15;-999.000;6;25.5
2016-06-16;-999.000;6;27.0
2016-06-17;-999.000;6;27.99
2016-06-18;-999.000;6;19.94
2016-06-19;-999.000;6;36.44
2016-06-20;-999.000;6;24.18
2016-06-21;-999.000;6;68.21
2016-06-22;-999.000;6;24.41
2016-06-23;-999.000;6;35.2
2016-06-24;-999.000;6;67.0
2016-06-25;-999.000;6;21.96
2016-06-26;-999.000;6;19.1
2016-06-27;-999.000;6;19.2
2016-06-28;-999.000;6;15.78
2016-06-29;-999.000;6;9.87
2016-06-30;-999.000;6;25.84
2016-07-01;-999.000;7;29.46
2016-07-02;-999.000;7;9.645
2016-07-03;-999.000;7;17.93
2016-07-04;-999.000;7;25.71
2016-07-05;-999.000;7;44.2
2016-07-06;-999.000;7;50.72
2016-07-07;-999.000;7;31.45
2016-07-08;-999.000;7;38.14
2016-07-09;-999.000;7;24.0
2016-07-10;-999.000;7;25.75
2016-07-11;-999.000;7;13.1
2016-07-12;-999.000;7;21.6
2016-07-13;-999.000;7;19.26
2016-07-14;-999.000;7;24.3
2016-07-15;-999.000;7;50.1
2016-07-16;-999.000;7;58.86
2016-07-17;-999.000;7;19.76
2016-07-18;-999.000;7;13.2
2016-07-19;-999.000;7;96.6
2016-07-20;-999.000;7;22.11
2016-07-21;-999.000;7;27.3
2016-07-22;-999.000;7;49.35
2016-07-23;-999.000;7;27.1
2016-07-24;-999.000;7;22.5
2016-07-25;-999.000;7;64.981
2016-07-26;-999.000;7;43.9
2016-07-27;-999.000;7;56.95
2016-07-28;-999.000;7;31.4
2016-07-29;-999.000;7;33.34
2016-07-30;-999.000;7;64.74
2016-07-31;-999.000;7;38.11
2016-08-01;-999.000;8;19.55
2016-08-02;-999.000;8;12.06
2016-08-03;-999.000;8;12.06
2016-08-04;-999.000;8;13.4
2016-08-05;-999.000;8;31.4
2016-08-06;-999.000;8;39.0
2016-08-07;-999.000;8;29.76
2016-08-08;-999.000;8;17.27
2016-08-09;-999.000;8;61.1
2016-08-10;-999.000;8;30.7
2016-08-11;-999.000;8;32.69
2016-08-12;-999.000;8;25.3
2016-08-13;-999.000;8;14.0
2016-08-14;-999.000;8;46.033
2016-08-15;-999.000;8;25.52
2016-08-16;-999.000;8;24.32
2016-08-17;-999.000;8;20.7
2016-08-18;-999.000;8;17.6
2016-08-19;-999.000;8;23.06
2016-08-20;-999.000;8;21.8
2016-08-21;-999.000;8;9.96
2016-08-22;-999.000;8;50.7
2016-08-23;-999.000;8;39.2
2016-08-24;-999.000;8;24.97
2016-08-25;-999.000;8;19.6
2016-08-26;-999.000;8;15.0
2016-08-27;-999.000;8;33.69
2016-08-28;-999.000;8;41.2
2016-08-29;-999.000;8;26.89
2016-08-30;-999.000;8;15.2
2016-08-31;-999.000;8;17.6
2016-09-01;-999.000;9;18.1
2016-09-02;-999.000;9;20.37
2016-09-03;-999.000;9;13.0
2016-09-04;-999.000;9;29.55
2016-09-05;-999.000;9;17.39
2016-09-06;-999.000;9;67.5
2016-09-07;-999.000;9;19.32
2016-09-08;-999.000;9;17.6
2016-09-09;-999.000;9;32.809
2016-09-10;-999.000;9;23.4
2016-09-11;-999.000;9;21.68
2016-09-12;-999.000;9;10.0
2016-09-13;-999.000;9;26.82
2016-09-14;-999.000;9;16.34
2016-09-15;-999.000;9;27.73
2016-09-16;-999.000;9;22.2
2016-09-17;-999.000;9;30.44
2016-09-18;-999.000;9;20.11
2016-09-19;-999.000;9;17.7
2016-09-20;-999.000;9;8.28
2016-09-21;-999.000;9;16.66
2016-09-22;-999.000;9;38.49
2016-09-23;-999.000;9;22.5
2016-09-24;-999.000;9;19.55
2016-09-25;-999.000;9;31.95
2016-09-26;-999.000;9;18.84
2016-09-27;-999.000;9;21.33
2016-09-28;-999.000;9;52.3
2016-09-29;-999.000;9;20.5
2016-09-30;-999.000;9;25.32
2016-10-01;-999.000;10;11.31
2016-10-02;-999.000;10;22.23
2016-10-03;-999.000;10;33.5
2016-10-04;-999.000;10;19.62
2016-10-05;-999.000;10;23.15
2016-10-06;-999.000;10;18.56
2016-10-07;-999.000;10;33.84
2016-10-08;-999.000;10;52.3
2016-10-09;-999.000;10;9.63
2016-10-10;-999.000;10;15.53
2016-10-11;-999.000;10;13.6
2016-10-12;-999.000;10;39.7
2016-10-13;-999.000;10;38.845
2016-10-14;-999.000;10;19.2
2016-10-15;-999.000;10;29.4
2016-10-16;-999.000;10;38.83
2016-10-17;-999.000;10;20.21
2016-10-18;-999.000;10;15.03
2016-10-19;-999.000;10;27.06
2016-10-20;-999.000;10;14.1
2016-10-21;-999.000;10;18.77
2016-10-22;-999.000;10;19.48
2016-10-23;-999.000;10;34.85
2016-10-24;-999.000;10;36.105
2016-10-25;-999.000;10;30.77
2016-10-26;-999.000;10;16.07
2016-10-27;-999.000;10;17.15
2016-10-28;-999.000;10;18.09
2016-10-29;-999.000;10;18.92
2016-10-30;-999.000;10;27.25
2016-10-31;-999.000;10;16.18
2016-11-01;-999.000;11;13.18
2016-11-02;-999.000;11;18.42
2016-11-03;-999.000;11;9.55
2016-11-04;-999.000;11;39.65
2016-11-05;-999.000;11;27.709
2016-11-06;-999.000;11;31.8
2016-11-07;-999.000;11;8.75
2016-11-08;-999.000;11;12.73
2016-11-09;-999.000;11;34.45
2016-11-10;-999.000;11;19.6
2016-11-11;-999.000;11;27.69
2016-11-12;-999.000;11;15.19
2016-11-13;-999.000;11;12.93
2016-11-14;-999.000;11;8.2
2016-11-15;-999.000;11;16.66
2016-11-16;-999.000;11;5.38
2016-11-17;-999.000;11;16.907
2016-11-18;-999.000;11;14.97
2016-11-19;-999.000;11;8.09
2016-11-20;-999.000;11;10.64
2016-11-21;-999.000;11;20.472
2016-11-22;-999.000;11;24.3
2016-11-23;-999.000;11;6.54
2016-11-24;-999.000;11;14.3
2016-11-25;-999.000;11;18.3
2016-11-26;-999.000;11;10.37
2016-11-27;-999.000;11;35.0
2016-11-28;-999.000;11;14.8
2016-11-29;-999.000;11;10.64
2016-11-30;-999.000;11;21.6
2016-12-01;-999.000;12;7.2
2016-12-02;-999.000;12;6.3
2016-12-03;-999.000;12;6.81
2016-12-04;-999.000;12;6.3
2016-12-05;-999.000;12;12.42
2016-12-06;-999.000;12;6.02
2016-12-07;-999.000;12;32.0
2016-12-08;-999.000;12;11.42
2016-12-09;-999.000;12;9.9
2016-12-10;-999.000;12;14.2
2016-12-11;-999.000;12;7.44
2016-12-12;-999.000;12;14.6
2016-12-13;-999.000;12;13.62
2016-12-14;-999.000;12;10.5
2016-12-15;-999.000;12;9.72
2016-12-16;-999.000;12;2.32
2016-12-17;-999.000;12;12.4
2016-12-18;-999.000;12;11.15
2016-12-19;-999.000;12;7.37
2016-12-20;-999.000;12;4.6
2016-12-21;-999.000;12;12.95
2016-12-22;-999.000;12;16.636
2016-12-23;-999.000;12;15.75
2016-12-24;-999.000;12;17.426
2016-12-25;-999.000;12;7.34
2016-12-26;-999.000;12;6.2
2016-12-27;-999.000;12;6.4
2016-12-28;-999.000;12;10.16
2016-12-29;-999.000;12;4.154
2016-12-30;-999.000;12;6.62
2016-12-31;-999.000;12;8.08
2017-01-01;-999.000;1;4.1
2017-01-02;-999.000;1;8.8
2017-01-03;-999.000;1;6.0
2017-01-04;-999.000;1;7.0
2017-01-05;-999.000;1;5.4
2017-01-06;-999.000;1;8.9
2017-01-07;-999.000;1;3.8
2017-01-08;-999.000;1;7.7
2017-01-09;-999.000;1;7.0
2017-01-10;-999.000;1;6.95
2017-01-11;-999.000;1;8.25
2017-01-12;-999.000;1;9.8
2017-01-13;-999.000;1;4.8
2017-01-14;-999.000;1;5.4
2017-01-15;-999.000;1;6.4
2017-01-16;-999.000;1;5.8
2017-01-17;-999.000;1;6.26
2017-01-18;-999.000;1;6.18
2017-01-19;-999.000;1;15.6
2017-01-20;-999.000;1;8.07
2017-01-21;-999.000;1;9.51
2017-01-22;-999.000;1;8.15
2017-01-23;-999.000;1;6.4
2017-01-24;-999.000;1;7.3
2017-01-25;-999.000;1;4.8
2017-01-26;-999.000;1;11.696
2017-01-27;-999.000;1;5.0
2017-01-28;-999.000;1;11.0
2017-01-29;-999.000;1;5.45
2017-01-30;-999.000;1;7.6
2017-01-31;-999.000;1;13.402
2017-02-01;-999.000;2;11.35
2017-02-02;-999.000;2;7.58
2017-02-03;-999.000;2;4.2
2017-02-04;-999.000;2;3.0
2017-02-05;-999.000;2;7.179
2017-02-06;-999.000;2;4.28
2017-02-07;-999.000;2;5.9
2017-02-08;-999.000;2;5.586
2017-02-09;-999.000;2;4.2
2017-02-10;-999.000;2;4.0
2017-02-11;-999.000;2;3.6
2017-02-12;-999.000;2;10.7
2017-02-13;-999.000;2;3.5
2017-02-14;-999.000;2;5.08
2017-02-15;-999.000;2;3.6
2017-02-16;-999.000;2;5.01
2017-02-17;-999.000;2;1.8
2017-02-18;-999.000;2;4.6
2017-02-19;-999.000;2;4.0
2017-02-20;-999.000;2;6.209
2017-02-21;-999.000;2;4.8
2017-02-22;-999.000;2;11.99
2017-02-23;-999.000;2;4.5
2017-02-24;-999.000;2;3.81
2017-02-25;-999.000;2;4.0
2017-02-26;-999.000;2;5.4
2017-02-27;-999.000;2;3.051
2017-02-28;-999.000;2;7.29
2017-03-01;-999.000;3;27.34
2017-03-02;-999.000;3;4.62
2017-03-03;-999.000;3;7.03
2017-03-04;-999.000;3;7.3
2017-03-05;-999.000;3;18.5
2017-03-06;-999.000;3;4.3
2017-03-07;-999.000;3;6.727
2017-03-08;-999.000;3;3.6
2017-03-09;-999.000;3;4.4
2017-03-10;-999.000;3;12.42
2017-03-11;-999.000;3;4.33
2017-03-12;-999.000;3;8.36
2017-03-13;-999.000;3;6.04
2017-03-14;-999.000;3;5.4
2017-03-15;-999.000;3;5.052
2017-03-16;-999.000;3;6.1
2017-03-17;-999.000;3;3.3
2017-03-18;-999.000;3;4.01
2017-03-19;-999.000;3;18.88
2017-03-20;-999.000;3;2.1
2017-03-21;-999.000;3;6.965
2017-03-22;-999.000;3;3.8
2017-03-23;-999.000;3;7.84
2017-03-24;-999.000;3;7.14
2017-03-25;-999.000;3;3.4
2017-03-26;-999.000;3;6.207
2017-03-27;-999.000;3;4.09
2017-03-28;-999.000;3;9.19
2017-03-29;-999.000;3;4.5
2017-03-30;-999.000;3;7.4
2017-03-31;-999.000;3;12.154
2017-04-01;-999.000;4;10.33
2017-04-02;-999.000;4;6.3
2017-04-03;-999.000;4;33.5
2017-04-04;-999.000;4;7.0
2017-04-05;-999.000;4;5.5
2017-04-06;-999.000;4;30.28
2017-04-07;-999.000;4;19.84
2017-04-08;-999.000;4;65.63
2017-04-09;-999.000;4;22.12
2017-04-10;-999.000;4;8.54
2017-04-11;-999.000;4;5.25
2017-04-12;-999.000;4;6.1
2017-04-13;-999.000;4;17.19
2017-04-14;-999.000;4;7.945
2017-04-15;-999.000;4;4.4
2017-04-16;-999.000;4;7.72
2017-04-17;-999.000;4;55.5
2017-04-18;-999.000;4;19.46
2017-04-19;-999.000;4;7.705
2017-04-20;-999.000;4;7.34
2017-04-21;-999.000;4;19.7
2017-04-22;-999.000;4;12.226
2017-04-23;-999.000;4;32.0
2017-04-24;-999.000;4;3.4
2017-04-25;-999.000;4;7.3
2017-04-26;-999.000;4;8.77
2017-04-27;-999.000;4;39.9
2017-04-28;-999.000;4;8.19
2017-04-29;-999.000;4;7.58
2017-04-30;-999.000;4;27.75
2017-05-01;-999.000;5;34.43
2017-05-02;-999.000;5;8.37
2017-05-03;-999.000;5;25.84
2017-05-04;-999.000;5;15.0
2017-05-05;-999.000;5;8.12
2017-05-06;-999.000;5;53.0
2017-05-07;-999.000;5;29.23
2017-05-08;-999.000;5;20.9
2017-05-09;-999.000;5;5.1
2017-05-10;-999.000;5;6.8
2017-05-11;-999.000;5;13.0
2017-05-12;-999.000;5;10.16
2017-05-13;-999.000;5;6.55
2017-05-14;-999.000;5;12.28
2017-05-15;-999.000;5;23.59
2017-05-16;-999.000;5;40.93
2017-05-17;-999.000;5;6.32
2017-05-18;-999.000;5;13.79
2017-05-19;-999.000;5;5.9
2017-05-20;-999.000;5;29.064
2017-05-21;-999.000;5;4.2
2017-05-22;-999.000;5;5.9
2017-05-23;-999.000;5;6.2
2017-05-24;-999.000;5;4.8
2017-05-25;-999.000;5;9.8
2017-05-26;-999.000;5;42.46
2017-05-27;-999.000;5;24.41
2017-05-28;-999.000;5;13.88
2017-05-29;-999.000;5;13.62
2017-05-30;-999.000;5;11.62
2017-05-31;-999.000;5;10.5
2017-06-01;-999.000;6;25.26
2017-06-02;-999.000;6;70.01
2017-06-03;-999.000;6;30.99
2017-06-04;-999.000;6;35.75
2017-06-05;-999.000;6;16.8
2017-06-06;-999.000;6;18.97
2017-06-07;-999.000;6;55.36
2017-06-08;-999.000;6;21.4
2017-06-09;-999.000;6;22.29
2017-06-10;-999.000;6;17.89
2017-06-11;-999.000;6;21.16
2017-06-12;-999.000;6;24.33
2017-06-13;-999.000;6;17.16
2017-06-14;-999.000;6;54.63
2017-06-15;-999.000;6;39.3
2017-06-16;-999.000;6;68.315
2017-06-17;-999.000;6;40.5
2017-06-18;-999.000;6;56.1
2017-06-19;-999.000;6;24.41
2017-06-20;-999.000;6;30.79
2017-06-21;-999.000;6;56.1
2017-06-22;-999.000;6;26.45
2017-06-23;-999.000;6;23.23
2017-06-24;-999.000;6;43.55
2017-06-25;-999.000;6;16.1
2017-06-26;-999.000;6;32.05
2017-06-27;-999.000;6;8.5
2017-06-28;-999.000;6;37.86
2017-06-29;-999.000;6;10.0
2017-06-30;-999.000;6;9.8
2017-07-01;-999.000;7;18.63
2017-07-02;-999.000;7;27.95
2017-07-03;-999.000;7;16.6
2017-07-04;-999.000;7;38.1
2017-07-05;-999.000;7;23.56
2017-07-06;-999.000;7;11.9
2017-07-07;-999.000;7;12.2
2017-07-08;-999.000;7;6.787
2017-07-09;-999.000;7;43.163
2017-07-10;-999.000;7;28.27
2017-07-11;-999.000;7;23.89
2017-07-12;-999.000;7;25.8
2017-07-13;-999.000;7;8.21
2017-07-14;-999.000;7;55.21
2017-07-15;-999.000;7;24.0
2017-07-16;-999.000;7;21.5
2017-07-17;-999.000;7;15.0
2017-07-18;-999.000;7;23.8
2017-07-19;-999.000;7;10.7
2017-07-20;-999.000;7;31.8
2017-07-21;-999.000;7;24.33
2017-07-22;-999.000;7;24.33
2017-07-23;-999.000;7;46.505
2017-07-24;-999.000;7;41.75
2017-07-25;-999.000;7;17.8
2017-07-26;-999.000;7;53.0
2017-07-27;-999.000;7;17.84
2017-07-28;-999.000;7;51.59
2017-07-29;-999.000;7;31.38
2017-07-30;-999.000;7;38.1
2017-07-31;-999.000;7;55.4
2017-08-01;-999.000;8;27.34
2017-08-02;-999.000;8;17.9
2017-08-03;38.6;8;38.6
2017-08-04;35.463;8;35.463
2017-08-05;76.922;8;76.922
2017-08-06;68.877;8;68.877
2017-08-07;44.356;8;44.356
2017-08-08;37.206;8;37.206
2017-08-09;37.837;8;37.837
2017-08-10;28.407;8;28.407
2017-08-11;24.883;8;24.883
2017-08-12;26.323;8;26.323
2017-08-13;24.829;8;24.829
2017-08-14;22.854;8;22.854
2017-08-15;21.338;8;21.338
2017-08-16;25.8;8;25.8
2017-08-17;23.424;8;23.424
2017-08-18;19.434;8;19.434
2017-08-19;20.419;8;20.419
2017-08-20;24.527;8;24.527
2017-08-21;29.593;8;29.593
2017-08-22;19.778;8;19.778
2017-08-23;18.459;8;18.459
2017-08-24;19.722;8;19.722
2017-08-25;20.625;8;20.625
2017-08-26;18.996;8;18.996
2017-08-27;17.516;8;17.516
2017-08-28;17.01;8;17.01
2017-08-29;18.564;8;18.564
2017-08-30;61.21;8;61.21
2017-08-31;27.61;8;27.61
2017-09-01;35.527;9;35.527
2017-09-02;21.882;9;21.882
2017-09-03;21.062;9;21.062
2017-09-04;21.045;9;21.045
2017-09-05;20.201;9;20.201
2017-09-06;18.897;9;18.897
2017-09-07;44.913;9;44.913
2017-09-08;46.454;9;46.454
2017-09-09;35.094;9;35.094
2017-09-10;42.823;9;42.823
2017-09-11;-999.000;9;22.01
2017-09-12;-999.000;9;43.7
2017-09-13;-999.000;9;42.6
2017-09-14;42.525;9;42.525
2017-09-15;34.789;9;34.789
2017-09-16;24.571;9;24.571
2017-09-17;22.516;9;22.516
2017-09-18;21.568;9;21.568
2017-09-19;21.197;9;21.197
2017-09-20;27.494;9;27.494
2017-09-21;49.069;9;49.069
2017-09-22;-999.000;9;16.6
2017-09-23;-999.000;9;49.4
2017-09-24;-999.000;9;19.27
2017-09-25;19.776;9;19.776
2017-09-26;19.752;9;19.752
2017-09-27;19.68;9;19.68
2017-09-28;23.815;9;23.815
2017-09-29;38.588;9;38.588
2017-09-30;46.227;9;46.227
2017-10-01;39.73;10;39.73
2017-10-02;24.31;10;24.31
2017-10-03;24.34;10;24.34
2017-10-04;24.042;10;24.042
2017-10-05;32.617;10;32.617
2017-10-06;-999.000;10;12.95
2017-10-07;-999.000;10;19.1
2017-10-08;20.975;10;20.975
2017-10-09;21.903;10;21.903
2017-10-10;39.576;10;39.576
2017-10-11;27.905;10;27.905
2017-10-12;22.464;10;22.464
2017-10-13;21.874;10;21.874
2017-10-14;21.485;10;21.485
2017-10-15;20.729;10;20.729
2017-10-16;21.669;10;21.669
2017-10-17;22.181;10;22.181
2017-10-18;22.356;10;22.356
2017-10-19;23.203;10;23.203
2017-10-20;22.252;10;22.252
2017-10-21;21.919;10;21.919
2017-10-22;22.111;10;22.111
2017-10-23;20.964;10;20.964
2017-10-24;20.195;10;20.195
2017-10-25;20.349;10;20.349
2017-10-26;22.105;10;22.105
2017-10-27;22.788;10;22.788
2017-10-28;21.756;10;21.756
2017-10-29;27.163;10;27.163
2017-10-30;24.621;10;24.621
2017-10-31;20.819;10;20.819
2017-11-01;20.688;11;20.688
2017-11-02;19.007;11;19.007
2017-11-03;19.078;11;19.078
2017-11-04;17.356;11;17.356
2017-11-05;16.506;11;16.506
2017-11-06;21.342;11;21.342
2017-11-07;18.923;11;18.923
2017-11-08;18.102;11;18.102
2017-11-09;20.738;11;20.738
2017-11-10;20.608;11;20.608
2017-11-11;20.419;11;20.419
2017-11-12;16.791;11;16.791
2017-11-13;15.865;11;15.865
2017-11-14;18.527;11;18.527
2017-11-15;47.252;11;47.252
2017-11-16;53.427;11;53.427
2017-11-17;-999.000;11;9.4
2017-11-18;-999.000;11;18.4
2017-11-19;-999.000;11;16.4
2017-11-20;-999.000;11;37.32
2017-11-21;-999.000;11;18.557
2017-11-22;25.197;11;25.197
2017-11-23;24.625;11;24.625
2017-11-24;22.636;11;22.636
2017-11-25;21.044;11;21.044
2017-11-26;20.015;11;20.015
2017-11-27;18.875;11;18.875
2017-11-28;18.557;11;18.557
2017-11-29;17.444;11;17.444
2017-11-30;16.907;11;16.907
2017-12-01;16.583;12;16.583
2017-12-02;16.388;12;16.388
2017-12-03;16.235;12;16.235
2017-12-04;19.894;12;19.894
2017-12-05;21.715;12;21.715
2017-12-06;18.47;12;18.47
2017-12-07;17.054;12;17.054
2017-12-08;16.541;12;16.541
2017-12-09;16.432;12;16.432
2017-12-10;15.508;12;15.508
2017-12-11;15.023;12;15.023
2017-12-12;14.296;12;14.296
2017-12-13;14.2;12;14.2
2017-12-14;13.736;12;13.736
2017-12-15;14.401;12;14.401
2017-12-16;14.296;12;14.296
2017-12-17;13.071;12;13.071
2017-12-18;12.774;12;12.774
2017-12-19;13.019;12;13.019
2017-12-20;12.611;12;12.611
2017-12-21;12.463;12;12.463
2017-12-22;12.351;12;12.351
2017-12-23;12.231;12;12.231
2017-12-24;12.352;12;12.352
2017-12-25;12.475;12;12.475
2017-12-26;14.239;12;14.239
2017-12-27;13.066;12;13.066
2017-12-28;12.615;12;12.615
2017-12-29;13.447;12;13.447
2017-12-30;14.357;12;14.357
2017-12-31;13.268;12;13.268
2018-01-01;9.933;1;9.933
2018-01-02;15.33;1;15.33
2018-01-03;18.04;1;18.04
2018-01-04;11.376;1;11.376
2018-01-05;9.15;1;9.15
2018-01-06;8.411;1;8.411
2018-01-07;7.982;1;7.982
2018-01-08;7.785;1;7.785
2018-01-09;7.599;1;7.599
2018-01-10;10.006;1;10.006
2018-01-11;10.444;1;10.444
2018-01-12;8.554;1;8.554
2018-01-13;8.077;1;8.077
2018-01-14;7.705;1;7.705
2018-01-15;7.429;1;7.429
2018-01-16;7.121;1;7.121
2018-01-17;7.084;1;7.084
2018-01-18;9.185;1;9.185
2018-01-19;14.428;1;14.428
2018-01-20;10.267;1;10.267
2018-01-21;8.822;1;8.822
2018-01-22;8.233;1;8.233
2018-01-23;7.652;1;7.652
2018-01-24;7.164;1;7.164
2018-01-25;6.887;1;6.887
2018-01-26;6.643;1;6.643
2018-01-27;6.526;1;6.526
2018-01-28;6.543;1;6.543
2018-01-29;6.723;1;6.723
2018-01-30;6.572;1;6.572
2018-01-31;6.346;1;6.346
2018-02-01;6.29;2;6.29
2018-02-02;6.364;2;6.364
2018-02-03;6.957;2;6.957
2018-02-04;6.757;2;6.757
2018-02-05;6.47;2;6.47
2018-02-06;6.209;2;6.209
2018-02-07;6.072;2;6.072
2018-02-08;5.958;2;5.958
2018-02-09;5.94;2;5.94
2018-02-10;5.942;2;5.942
2018-02-11;5.916;2;5.916
2018-02-12;5.961;2;5.961
2018-02-13;6.23;2;6.23
2018-02-14;6.271;2;6.271
2018-02-15;6.693;2;6.693
2018-02-16;6.808;2;6.808
2018-02-17;6.486;2;6.486
2018-02-18;6.194;2;6.194
2018-02-19;5.944;2;5.944
2018-02-20;5.646;2;5.646
2018-02-21;5.671;2;5.671
2018-02-22;5.566;2;5.566
2018-02-23;5.586;2;5.586
2018-02-24;5.486;2;5.486
2018-02-25;5.631;2;5.631
2018-02-26;5.968;2;5.968
2018-02-27;5.767;2;5.767
2018-02-28;5.486;2;5.486
2018-03-01;5.478;3;5.478
2018-03-02;5.345;3;5.345
2018-03-03;5.827;3;5.827
2018-03-04;6.406;3;6.406
2018-03-05;6.727;3;6.727
2018-03-06;7.918;3;7.918
2018-03-07;8.254;3;8.254
2018-03-08;14.679;3;14.679
2018-03-09;9.95;3;9.95
2018-03-10;8.599;3;8.599
2018-03-11;7.164;3;7.164
2018-03-12;6.551;3;6.551
2018-03-13;6.207;3;6.207
2018-03-14;5.944;3;5.944
2018-03-15;5.904;3;5.904
2018-03-16;6.729;3;6.729
2018-03-17;5.903;3;5.903
2018-03-18;5.715;3;5.715
2018-03-19;6.242;3;6.242
2018-03-20;6.463;3;6.463
2018-03-21;7.681;3;7.681
2018-03-22;6.002;3;6.002
2018-03-23;5.775;3;5.775
2018-03-24;5.969;3;5.969
2018-03-25;7.85;3;7.85
2018-03-26;8.73;3;8.73
2018-03-27;9.326;3;9.326
2018-03-28;17.004;3;17.004
2018-03-29;49.365;3;49.365
2018-03-30;18.687;3;18.687
2018-03-31;22.697;3;22.697
2018-04-01;23.188;4;23.188
2018-04-02;16.037;4;16.037
2018-04-03;15.592;4;15.592
2018-04-04;33.887;4;33.887
2018-04-05;19.924;4;19.924
2018-04-06;38.744;4;38.744
2018-04-07;44.269;4;44.269
2018-04-08;29.372;4;29.372
2018-04-09;17.659;4;17.659
2018-04-10;14.704;4;14.704
2018-04-11;14.296;4;14.296
2018-04-12;44.661;4;44.661
2018-04-13;38.561;4;38.561
2018-04-14;19.558;4;19.558
2018-04-15;16.904;4;16.904
2018-04-16;16.474;4;16.474
2018-04-17;14.556;4;14.556
2018-04-18;29.257;4;29.257
2018-04-19;34.743;4;34.743
2018-04-20;19.92;4;19.92
2018-04-21;17.118;4;17.118
2018-04-22;15.79;4;15.79
2018-04-23;15.364;4;15.364
2018-04-24;14.387;4;14.387
2018-04-25;12.807;4;12.807
2018-04-26;12.226;4;12.226
2018-04-27;12.094;4;12.094
2018-04-28;13.945;4;13.945
2018-04-29;16.516;4;16.516
2018-04-30;13.766;4;13.766
2018-05-01;12.511;5;12.511
2018-05-02;18.173;5;18.173
2018-05-03;15.585;5;15.585
2018-05-04;59.134;5;59.134
2018-05-05;29.064;5;29.064
2018-05-06;25.825;5;25.825
2018-05-07;27.523;5;27.523
2018-05-08;60.478;5;60.478
2018-05-09;26.595;5;26.595
2018-05-10;18.097;5;18.097
2018-05-11;17.891;5;17.891
2018-05-12;16.885;5;16.885
2018-05-13;16.321;5;16.321
2018-05-14;15.871;5;15.871
2018-05-15;22.213;5;22.213
2018-05-16;16.598;5;16.598
2018-05-17;14.377;5;14.377
2018-05-18;14.832;5;14.832
2018-05-19;14.29;5;14.29
2018-05-20;13.001;5;13.001
2018-05-21;12.273;5;12.273
2018-05-22;13.821;5;13.821
2018-05-23;24.568;5;24.568
2018-05-24;16.939;5;16.939
2018-05-25;15.807;5;15.807
2018-05-26;23.254;5;23.254
2018-05-27;20.813;5;20.813
2018-05-28;23.321;5;23.321
2018-05-29;20.283;5;20.283
2018-05-30;17.579;5;17.579
2018-05-31;15.478;5;15.478
2018-06-01;13.081;6;13.081
2018-06-02;11.657;6;11.657
2018-06-03;20.448;6;20.448
2018-06-04;24.794;6;24.794
2018-06-05;23.336;6;23.336
2018-06-06;22.371;6;22.371
2018-06-07;20.473;6;20.473
2018-06-08;22.891;6;22.891
2018-06-09;22.374;6;22.374
2018-06-10;23.519;6;23.519
2018-06-11;25.814;6;25.814
2018-06-12;23.645;6;23.645
2018-06-13;24.626;6;24.626
2018-06-14;27.15;6;27.15
2018-06-15;24.367;6;24.367
2018-06-16;21.563;6;21.563
2018-06-17;22.924;6;22.924
2018-06-18;29.126;6;29.126
2018-06-19;75.938;6;75.938
2018-06-20;98.087;6;98.087
2018-06-21;54.702;6;54.702
2018-06-22;43.34;6;43.34
2018-06-23;50.452;6;50.452
2018-06-24;43.738;6;43.738
2018-06-25;77.039;6;77.039
2018-06-26;67.932;6;67.932
2018-06-27;110.601;6;110.601
2018-06-28;163.251;6;163.251
2018-06-29;87.622;6;87.622
2018-06-30;74.725;6;74.725
2018-07-01;51.202;7;51.202
2018-07-02;47.382;7;47.382
2018-07-03;45.374;7;45.374
2018-07-04;37.886;7;37.886
2018-07-05;42.523;7;42.523
2018-07-06;42.125;7;42.125
2018-07-07;30.797;7;30.797
2018-07-08;28.455;7;28.455
2018-07-09;26.328;7;26.328
2018-07-10;64.981;7;64.981
2018-07-11;37.96;7;37.96
2018-07-12;46.629;7;46.629
2018-07-13;49.274;7;49.274
2018-07-14;41.662;7;41.662
2018-07-15;44.613;7;44.613
2018-07-16;38.507;7;38.507
2018-07-17;54.553;7;54.553
2018-07-18;39.776;7;39.776
2018-07-19;43.876;7;43.876
2018-07-20;42.954;7;42.954
2018-07-21;47.55;7;47.55
2018-07-22;41.663;7;41.663
2018-07-23;35.336;7;35.336
2018-07-24;58.965;7;58.965
2018-07-25;47.58;7;47.58
2018-07-26;46.505;7;46.505
2018-07-27;62.16;7;62.16
2018-07-28;63.494;7;63.494
2018-07-29;48.847;7;48.847
2018-07-30;48.914;7;48.914
2018-07-31;55.128;7;55.128
2018-08-01;47.294;8;47.294
2018-08-02;42.478;8;42.478
2018-08-03;39.695;8;39.695
2018-08-04;36.527;8;36.527
2018-08-05;38.601;8;38.601
2018-08-06;37.57;8;37.57
2018-08-07;33.78;8;33.78
2018-08-08;56.295;8;56.295
2018-08-09;58.39;8;58.39
2018-08-10;45.64;8;45.64
2018-08-11;47.341;8;47.341
2018-08-12;42.131;8;42.131
2018-08-13;39.548;8;39.548
2018-08-14;48.55;8;48.55
2018-08-15;45.277;8;45.277
2018-08-16;37.076;8;37.076
2018-08-17;38.269;8;38.269
2018-08-18;40.29;8;40.29
2018-08-19;52.338;8;52.338
2018-08-20;41.689;8;41.689
2018-08-21;42.277;8;42.277
2018-08-22;44.008;8;44.008
2018-08-23;55.574;8;55.574
2018-08-24;46.033;8;46.033
2018-08-25;37.808;8;37.808
2018-08-26;41.731;8;41.731
2018-08-27;53.603;8;53.603
2018-08-28;40.024;8;40.024
2018-08-29;38.012;8;38.012
2018-08-30;42.695;8;42.695
2018-08-31;36.49;8;36.49
2018-09-01;32.809;9;32.809
2018-09-02;29.291;9;29.291
2018-09-03;30.213;9;30.213
2018-09-04;34.928;9;34.928
2018-09-05;50.31;9;50.31
2018-09-06;98.788;9;98.788
2018-09-07;84.101;9;84.101
2018-09-08;59.934;9;59.934
2018-09-09;45.434;9;45.434
2018-09-10;42.234;9;42.234
2018-09-11;41.059;9;41.059
2018-09-12;38.101;9;38.101
2018-09-13;36.105;9;36.105
2018-09-14;33.322;9;33.322
2018-09-15;46.248;9;46.248
2018-09-16;31.12;9;31.12
2018-09-17;28.852;9;28.852
2018-09-18;28.645;9;28.645
2018-09-19;29.575;9;29.575
2018-09-20;26.832;9;26.832
2018-09-21;24.744;9;24.744
2018-09-22;25.291;9;25.291
2018-09-23;29.794;9;29.794
2018-09-24;34.016;9;34.016
2018-09-25;31.093;9;31.093
2018-09-26;26.63;9;26.63
2018-09-27;25.884;9;25.884
2018-09-28;28.406;9;28.406
2018-09-29;69.04;9;69.04
2018-09-30;47.732;9;47.732
2018-10-01;48.591;10;48.591
2018-10-02;56.036;10;56.036
2018-10-03;50.642;10;50.642
2018-10-04;53.739;10;53.739
2018-10-05;52.356;10;52.356
2018-10-06;46.844;10;46.844
2018-10-07;45.014;10;45.014
2018-10-08;38.339;10;38.339
2018-10-09;34.915;10;34.915
2018-10-10;36.34;10;36.34
2018-10-11;100.406;10;100.406
2018-10-12;62.771;10;62.771
2018-10-13;53.735;10;53.735
2018-10-14;44.217;10;44.217
2018-10-15;46.978;10;46.978
2018-10-16;43.287;10;43.287
2018-10-17;41.14;10;41.14
2018-10-18;32.108;10;32.108
2018-10-19;36.071;10;36.071
2018-10-20;64.753;10;64.753
2018-10-21;60.588;10;60.588
2018-10-22;112.496;10;112.496
2018-10-23;71.668;10;71.668
2018-10-24;44.773;10;44.773
2018-10-25;77.77;10;77.77
2018-10-26;54.445;10;54.445
2018-10-27;50.198;10;50.198
2018-10-28;36.105;10;36.105
2018-10-29;35.721;10;35.721
2018-10-30;36.801;10;36.801
2018-10-31;34.494;10;34.494
2018-11-01;32.172;11;32.172
2018-11-02;31.692;11;31.692
2018-11-03;31.564;11;31.564
2018-11-04;31.198;11;31.198
2018-11-05;55.31;11;55.31
2018-11-06;36.759;11;36.759
2018-11-07;36.069;11;36.069
2018-11-08;33.139;11;33.139
2018-11-09;38.886;11;38.886
2018-11-10;58.946;11;58.946
2018-11-11;32.271;11;32.271
2018-11-12;27.871;11;27.871
2018-11-13;29.421;11;29.421
2018-11-14;27.165;11;27.165
2018-11-15;27.709;11;27.709
2018-11-16;27.22;11;27.22
2018-11-17;26.917;11;26.917
2018-11-18;27.262;11;27.262
2018-11-19;31.84;11;31.84
2018-11-20;28.175;11;28.175
2018-11-21;26.245;11;26.245
2018-11-22;24.934;11;24.934
2018-11-23;25.151;11;25.151
2018-11-24;24.744;11;24.744
2018-11-25;25.07;11;25.07
2018-11-26;23.971;11;23.971
2018-11-27;22.375;11;22.375
2018-11-28;21.021;11;21.021
2018-11-29;20.41;11;20.41
2018-11-30;20.013;11;20.013
2018-12-01;19.563;12;19.563
2018-12-02;18.95;12;18.95
2018-12-03;18.566;12;18.566
2018-12-04;18.194;12;18.194
2018-12-05;17.931;12;17.931
2018-12-06;17.777;12;17.777
2018-12-07;17.439;12;17.439
2018-12-08;17.323;12;17.323
2018-12-09;17.362;12;17.362
2018-12-10;17.032;12;17.032
2018-12-11;16.957;12;16.957
2018-12-12;17.131;12;17.131
2018-12-13;17.426;12;17.426
2018-12-14;17.207;12;17.207
2018-12-15;16.943;12;16.943
2018-12-16;16.252;12;16.252
2018-12-17;15.918;12;15.918
2018-12-18;15.694;12;15.694
2018-12-19;15.688;12;15.688
2018-12-20;15.566;12;15.566
2018-12-21;15.406;12;15.406
2018-12-22;15.117;12;15.117
2018-12-23;15.161;12;15.161
2018-12-24;15.003;12;15.003
2018-12-25;14.854;12;14.854
2018-12-26;14.846;12;14.846
2018-12-27;14.382;12;14.382
2018-12-28;14.364;12;14.364
2018-12-29;14.321;12;14.321
2018-12-30;14.347;12;14.347
2018-12-31;14.119;12;14.119
2019-01-01;14.224;1;14.224
2019-01-02;13.979;1;13.979
2019-01-03;13.542;1;13.542
2019-01-04;13.411;1;13.411
2019-01-05;13.279;1;13.279
2019-01-06;13.183;1;13.183
2019-01-07;13.507;1;13.507
2019-01-08;13.446;1;13.446
2019-01-09;13.069;1;13.069
2019-01-10;13.367;1;13.367
2019-01-11;13.341;1;13.341
2019-01-12;13.281;1;13.281
2019-01-13;15.056;1;15.056
2019-01-14;15.821;1;15.821
2019-01-15;17.37;1;17.37
2019-01-16;14.933;1;14.933
2019-01-17;14.014;1;14.014
2019-01-18;13.577;1;13.577
2019-01-19;13.559;1;13.559
2019-01-20;13.402;1;13.402
2019-01-21;12.929;1;12.929
2019-01-22;12.633;1;12.633
2019-01-23;12.414;1;12.414
2019-01-24;12.453;1;12.453
2019-01-25;12.398;1;12.398
2019-01-26;12.197;1;12.197
2019-01-27;11.894;1;11.894
2019-01-28;11.862;1;11.862
2019-01-29;11.763;1;11.763
2019-01-30;11.66;1;11.66
2019-01-31;11.696;1;11.696
2019-02-01;11.459;2;11.459
2019-02-02;11.418;2;11.418
2019-02-03;11.342;2;11.342
2019-02-04;11.164;2;11.164
2019-02-05;10.916;2;10.916
2019-02-06;10.772;2;10.772
2019-02-07;10.641;2;10.641
2019-02-08;10.813;2;10.813
2019-02-09;11.033;2;11.033
2019-02-10;11.418;2;11.418
2019-02-11;12.248;2;12.248
2019-02-12;11.628;2;11.628
2019-02-13;10.93;2;10.93
2019-02-14;10.607;2;10.607
2019-02-15;10.366;2;10.366
2019-02-16;10.373;2;10.373
2019-02-17;10.593;2;10.593
2019-02-18;10.827;2;10.827
2019-02-19;11.435;2;11.435
2019-02-20;14.61;2;14.61
2019-02-21;15.619;2;15.619
2019-02-22;12.765;2;12.765
2019-02-23;11.757;2;11.757
2019-02-24;11.363;2;11.363
2019-02-25;10.84;2;10.84
2019-02-26;10.662;2;10.662
2019-02-27;10.339;2;10.339
2019-02-28;11.075;2;11.075
2019-03-01;11.623;3;11.623
2019-03-02;11.04;3;11.04
2019-03-03;12.154;3;12.154
2019-03-04;13.935;3;13.935
2019-03-05;11.755;3;11.755
2019-03-06;11.191;3;11.191
2019-03-07;10.827;3;10.827
2019-03-08;10.765;3;10.765
2019-03-09;11.397;3;11.397
2019-03-10;16.455;3;16.455
2019-03-11;14.277;3;14.277
2019-03-12;14.137;3;14.137
2019-03-13;12.819;3;12.819
2019-03-14;12.104;3;12.104
2019-03-15;11.975;3;11.975
2019-03-16;12.221;3;12.221
2019-03-17;11.639;3;11.639
2019-03-18;12.527;3;12.527
2019-03-19;12.862;3;12.862
2019-03-20;15.577;3;15.577
2019-03-21;23.205;3;23.205
2019-03-22;19.283;3;19.283
2019-03-23;18.14;3;18.14
2019-03-24;15.628;3;15.628
2019-03-25;15.017;3;15.017
2019-03-26;13.402;3;13.402
2019-03-27;13.988;3;13.988
2019-03-28;12.921;3;12.921
2019-03-29;13.717;3;13.717
2019-03-30;18.081;3;18.081
2019-03-31;15.143;3;15.143
2019-04-01;15.918;4;15.918
2019-04-02;35.565;4;35.565
2019-04-03;20.181;4;20.181
2019-04-04;16.044;4;16.044
2019-04-05;14.898;4;14.898
2019-04-06;14.531;4;14.531
2019-04-07;14.857;4;14.857
2019-04-08;13.218;4;13.218
2019-04-09;12.362;4;12.362
2019-04-10;12.024;4;12.024
2019-04-11;12.248;4;12.248
2019-04-12;11.785;4;11.785
2019-04-13;11.764;4;11.764
2019-04-14;11.627;4;11.627
2019-04-15;11.432;4;11.432
2019-04-16;11.377;4;11.377
2019-04-17;12.919;4;12.919
2019-04-18;20.189;4;20.189
2019-04-19;25.005;4;25.005
2019-04-20;31.872;4;31.872
2019-04-21;27.337;4;27.337
2019-04-22;39.748;4;39.748
2019-04-23;34.139;4;34.139
2019-04-24;24.574;4;24.574
2019-04-25;29.175;4;29.175
2019-04-26;30.1;4;30.1
2019-04-27;25.241;4;25.241
2019-04-28;26.098;4;26.098
2019-04-29;22.638;4;22.638
2019-04-30;19.257;4;19.257
2019-05-01;17.615;5;17.615
2019-05-02;15.845;5;15.845
2019-05-03;15.406;5;15.406
2019-05-04;23.24;5;23.24
2019-05-05;20.146;5;20.146
2019-05-06;17.58;5;17.58
2019-05-07;16.008;5;16.008
2019-05-08;36.514;5;36.514
2019-05-09;36.667;5;36.667
2019-05-10;47.526;5;47.526
2019-05-11;40.261;5;40.261
2019-05-12;31.898;5;31.898
2019-05-13;29.804;5;29.804
2019-05-14;32.122;5;32.122
2019-05-15;29.888;5;29.888
2019-05-16;30.776;5;30.776
2019-05-17;25.341;5;25.341
2019-05-18;22.359;5;22.359
2019-05-19;20.219;5;20.219
2019-05-20;19.059;5;19.059
2019-05-21;17.284;5;17.284
2019-05-22;17.066;5;17.066
2019-05-23;20.891;5;20.891
2019-05-24;58.161;5;58.161
2019-05-25;34.504;5;34.504
2019-05-26;34.843;5;34.843
2019-05-27;39.498;5;39.498
2019-05-28;32.614;5;32.614
2019-05-29;29.272;5;29.272
2019-05-30;42.529;5;42.529
2019-05-31;45.919;5;45.919
2019-06-01;68.315;6;68.315
2019-06-02;53.391;6;53.391
2019-06-03;65.869;6;65.869
2019-06-04;46.488;6;46.488
2019-06-05;42.208;6;42.208
2019-06-06;42.762;6;42.762
2019-06-07;42.64;6;42.64
2019-06-08;42.657;6;42.657
2019-06-09;34.97;6;34.97
2019-06-10;38.858;6;38.858
2019-06-11;47.206;6;47.206
2019-06-12;44.583;6;44.583
2019-06-13;34.402;6;34.402
2019-06-14;31.385;6;31.385
2019-06-15;29.19;6;29.19
2019-06-16;26.069;6;26.069
2019-06-17;27.385;6;27.385
2019-06-18;26.505;6;26.505
2019-06-19;46.118;6;46.118
2019-06-20;52.868;6;52.868
2019-06-21;96.238;6;96.238
2019-06-22;165.19;6;165.19
2019-06-23;64.434;6;64.434
2019-06-24;41.891;6;41.891
2019-06-25;48.711;6;48.711
2019-06-26;44.909;6;44.909
2019-06-27;38.823;6;38.823
2019-06-28;31.586;6;31.586
2019-06-29;71.905;6;71.905
2019-06-30;105.86;6;105.86
2019-07-01;81.769;7;81.769
2019-07-02;119.804;7;119.804
2019-07-03;80.217;7;80.217
2019-07-04;62.537;7;62.537
2019-07-05;62.611;7;62.611
2019-07-06;53.341;7;53.341
2019-07-07;46.423;7;46.423
2019-07-08;45.571;7;45.571
2019-07-09;48.226;7;48.226
2019-07-10;52.399;7;52.399
2019-07-11;59.765;7;59.765
2019-07-12;49.701;7;49.701
2019-07-13;47.414;7;47.414
2019-07-14;48.68;7;48.68
2019-07-15;43.163;7;43.163
2019-07-16;39.017;7;39.017
2019-07-17;37.9;7;37.9
2019-07-18;36.545;7;36.545
2019-07-19;36.38;7;36.38
2019-07-20;39.309;7;39.309
2019-07-21;42.459;7;42.459
2019-07-22;36.71;7;36.71
2019-07-23;42.926;7;42.926
2019-07-24;59.182;7;59.182
2019-07-25;44.305;7;44.305
2019-07-26;51.582;7;51.582
2019-07-27;47.856;7;47.856
2019-07-28;44.301;7;44.301
2019-07-29;40.501;7;40.501
2019-07-30;38.962;7;38.962
2019-07-31;40.084;7;40.084
2019-08-01;41.508;8;41.508
2019-08-02;39.64;8;39.64
2019-08-03;40.079;8;40.079
2019-08-04;37.644;8;37.644
2019-08-05;35.849;8;35.849
2019-08-06;40.317;8;40.317
2019-08-07;39.255;8;39.255
2019-08-08;39.182;8;39.182
2019-08-09;36.875;8;36.875
2019-08-10;37.003;8;37.003
2019-08-11;39.695;8;39.695
2019-08-12;37.735;8;37.735
2019-08-13;35.945;8;35.945
2019-08-14;56.887;8;56.887
2019-08-15;51.105;8;51.105
2019-08-16;52.134;8;52.134
2019-08-17;60.916;8;60.916
2019-08-18;59.704;8;59.704
2019-08-19;51.657;8;51.657
2019-08-20;46.19;8;46.19
2019-08-21;51.355;8;51.355
2019-08-22;46.169;8;46.169
2019-08-23;43.504;8;43.504
2019-08-24;47.627;8;47.627
2019-08-25;53.273;8;53.273
2019-08-26;43.529;8;43.529
2019-08-27;42.954;8;42.954
2019-08-28;59.419;8;59.419
2019-08-29;57.946;8;57.946
2019-08-30;48.457;8;48.457
2019-08-31;44.617;8;44.617
2019-09-01;41.984;9;41.984
2019-09-02;41.013;9;41.013
2019-09-03;40.226;9;40.226
2019-09-04;37.387;9;37.387
2019-09-05;37.442;9;37.442
2019-09-06;38.225;9;38.225
2019-09-07;34.677;9;34.677
2019-09-08;36.234;9;36.234
2019-09-09;39.395;9;39.395
2019-09-10;35.318;9;35.318
2019-09-11;33.67;9;33.67
2019-09-12;35.996;9;35.996
2019-09-13;34.073;9;34.073
2019-09-14;36.765;9;36.765
2019-09-15;34.879;9;34.879
2019-09-16;33.414;9;33.414
2019-09-17;31.692;9;31.692
2019-09-18;33.796;9;33.796
2019-09-19;78.681;9;78.681
2019-09-20;39.988;9;39.988
2019-09-21;44.154;9;44.154
2019-09-22;45.795;9;45.795
2019-09-23;69.35;9;69.35
2019-09-24;50.225;9;50.225
2019-09-25;45.432;9;45.432
2019-09-26;37.303;9;37.303
2019-09-27;31.656;9;31.656
2019-09-28;31.894;9;31.894
2019-09-29;37.621;9;37.621
2019-09-30;31.314;9;31.314
2019-10-01;37.961;10;37.961
2019-10-02;29.905;10;29.905
2019-10-03;36.234;10;36.234
2019-10-04;32.487;10;32.487
2019-10-05;28.329;10;28.329
2019-10-06;28.215;10;28.215
2019-10-07;27.631;10;27.631
2019-10-08;27.973;10;27.973
2019-10-09;27.755;10;27.755
2019-10-10;31.784;10;31.784
2019-10-11;41.05;10;41.05
2019-10-12;66.808;10;66.808
2019-10-13;51.213;10;51.213
2019-10-14;40.94;10;40.94
2019-10-15;40.354;10;40.354
2019-10-16;37.9;10;37.9
2019-10-17;38.34;10;38.34
2019-10-18;38.845;10;38.845
2019-10-19;39.197;10;39.197
2019-10-20;32.959;10;32.959
2019-10-21;28.523;10;28.523
2019-10-22;27.488;10;27.488
2019-10-23;27.32;10;27.32
2019-10-24;27.89;10;27.89
2019-10-25;38.845;10;38.845
2019-10-26;36.928;10;36.928
2019-10-27;29.82;10;29.82
2019-10-28;28.453;10;28.453
2019-10-29;26.556;10;26.556
2019-10-30;24.625;10;24.625
2019-10-31;22.862;10;22.862
2019-11-01;21.92;11;21.92
2019-11-02;21.442;11;21.442
2019-11-03;20.981;11;20.981
2019-11-04;20.486;11;20.486
2019-11-05;21.698;11;21.698
2019-11-06;21.398;11;21.398
2019-11-07;20.557;11;20.557
2019-11-08;20.634;11;20.634
2019-11-09;20.423;11;20.423
2019-11-10;21.245;11;21.245
2019-11-11;21.516;11;21.516
2019-11-12;20.686;11;20.686
2019-11-13;20.472;11;20.472
2019-11-14;21.2;11;21.2
2019-11-15;19.774;11;19.774
2019-11-16;18.601;11;18.601
2019-11-17;17.867;11;17.867
2019-11-18;17.505;11;17.505
2019-11-19;17.056;11;17.056
2019-11-20;16.903;11;16.903
2019-11-21;16.677;11;16.677
2019-11-22;23.842;11;23.842
2019-11-23;23.742;11;23.742
2019-11-24;21.814;11;21.814
2019-11-25;18.711;11;18.711
2019-11-26;30.818;11;30.818
2019-11-27;29.806;11;29.806
2019-11-28;26.803;11;26.803
2019-11-29;23.423;11;23.423
2019-11-30;20.856;11;20.856
2019-12-01;19.664;12;19.664
2019-12-02;18.711;12;18.711
2019-12-03;17.668;12;17.668
2019-12-04;17.324;12;17.324
2019-12-05;16.705;12;16.705
2019-12-06;16.443;12;16.443
2019-12-07;16.213;12;16.213
2019-12-08;16.118;12;16.118
2019-12-09;16.232;12;16.232
2019-12-10;15.963;12;15.963
2019-12-11;15.758;12;15.758
2019-12-12;15.547;12;15.547
2019-12-13;16.038;12;16.038
2019-12-14;15.81;12;15.81
2019-12-15;16.34;12;16.34
2019-12-16;16.283;12;16.283
2019-12-17;16.256;12;16.256
2019-12-18;17.192;12;17.192
2019-12-19;16.705;12;16.705
2019-12-20;19.078;12;19.078
2019-12-21;32.036;12;32.036
2019-12-22;31.153;12;31.153
2019-12-23;21.224;12;21.224
2019-12-24;18.908;12;18.908
2019-12-25;18.525;12;18.525
2019-12-26;19.138;12;19.138
2019-12-27;19.281;12;19.281
2019-12-28;18.36;12;18.36
2019-12-29;17.253;12;17.253
2019-12-30;17.225;12;17.225
2019-12-31;16.636;12;16.636
