# River:                 RIO ORTEGUAZA
# Station:               LARANDIA
# Latitude (DD):       1.47
# Longitude (DD):      -75.48

YYYY-MM-DD;Value;month;Value_imputed
1971-04-01;139.3;4;139.3
1971-04-02;192.2;4;192.2
1971-04-03;164.7;4;164.7
1971-04-04;150.7;4;150.7
1971-04-05;116.5;4;116.5
1971-04-06;114.1;4;114.1
1971-04-07;100.3;4;100.3
1971-04-08;105.5;4;105.5
1971-04-09;103.7;4;103.7
1971-04-10;104.6;4;104.6
1971-04-11;94.4;4;94.4
1971-04-12;101.5;4;101.5
1971-04-13;95.2;4;95.2
1971-04-14;96.2;4;96.2
1971-04-15;110.0;4;110.0
1971-04-16;91.9;4;91.9
1971-04-17;91.9;4;91.9
1971-04-18;118.1;4;118.1
1971-04-19;215.3;4;215.3
1971-04-20;126.7;4;126.7
1971-04-21;102.5;4;102.5
1971-04-22;93.9;4;93.9
1971-04-23;131.4;4;131.4
1971-04-24;237.5;4;237.5
1971-04-25;172.5;4;172.5
1971-04-26;281.3;4;281.3
1971-04-27;277.4;4;277.4
1971-04-28;176.9;4;176.9
1971-04-29;145.7;4;145.7
1971-04-30;130.9;4;130.9
1971-05-01;138.7;5;138.7
1971-05-02;140.8;5;140.8
1971-05-03;129.3;5;129.3
1971-05-04;123.7;5;123.7
1971-05-05;112.5;5;112.5
1971-05-06;260.8;5;260.8
1971-05-07;155.8;5;155.8
1971-05-08;150.7;5;150.7
1971-05-09;170.7;5;170.7
1971-05-10;167.3;5;167.3
1971-05-11;285.4;5;285.4
1971-05-12;358.2;5;358.2
1971-05-13;233.2;5;233.2
1971-05-14;179.3;5;179.3
1971-05-15;165.9;5;165.9
1971-05-16;270.7;5;270.7
1971-05-17;185.3;5;185.3
1971-05-18;172.3;5;172.3
1971-05-19;284.7;5;284.7
1971-05-20;463.6;5;463.6
1971-05-21;356.1;5;356.1
1971-05-22;218.2;5;218.2
1971-05-23;195.6;5;195.6
1971-05-24;174.9;5;174.9
1971-05-25;167.8;5;167.8
1971-05-26;186.9;5;186.9
1971-05-27;180.0;5;180.0
1971-05-28;163.2;5;163.2
1971-05-29;285.4;5;285.4
1971-05-30;329.2;5;329.2
1971-05-31;344.6;5;344.6
1971-06-01;219.6;6;219.6
1971-06-02;188.9;6;188.9
1971-06-03;181.2;6;181.2
1971-06-04;174.2;6;174.2
1971-06-05;222.5;6;222.5
1971-06-06;193.3;6;193.3
1971-06-07;221.5;6;221.5
1971-06-08;181.3;6;181.3
1971-06-09;157.4;6;157.4
1971-06-10;140.0;6;140.0
1971-06-11;134.9;6;134.9
1971-06-12;215.5;6;215.5
1971-06-13;155.2;6;155.2
1971-06-14;138.0;6;138.0
1971-06-15;167.8;6;167.8
1971-06-16;178.5;6;178.5
1971-06-17;148.4;6;148.4
1971-06-18;144.0;6;144.0
1971-06-19;149.6;6;149.6
1971-06-20;125.7;6;125.7
1971-06-21;118.0;6;118.0
1971-06-22;115.6;6;115.6
1971-06-23;116.2;6;116.2
1971-06-24;513.6;6;513.6
1971-06-25;351.6;6;351.6
1971-06-26;209.9;6;209.9
1971-06-27;189.4;6;189.4
1971-06-28;209.6;6;209.6
1971-06-29;305.5;6;305.5
1971-06-30;215.4;6;215.4
1971-07-01;189.5;7;189.5
1971-07-02;169.1;7;169.1
1971-07-03;160.4;7;160.4
1971-07-04;185.2;7;185.2
1971-07-05;156.2;7;156.2
1971-07-06;141.2;7;141.2
1971-07-07;375.1;7;375.1
1971-07-08;624.8;7;624.8
1971-07-09;428.4;7;428.4
1971-07-10;423.9;7;423.9
1971-07-11;377.4;7;377.4
1971-07-12;313.5;7;313.5
1971-07-13;314.6;7;314.6
1971-07-14;428.3;7;428.3
1971-07-15;452.2;7;452.2
1971-07-16;304.0;7;304.0
1971-07-17;275.4;7;275.4
1971-07-18;232.9;7;232.9
1971-07-19;212.4;7;212.4
1971-07-20;203.0;7;203.0
1971-07-21;227.9;7;227.9
1971-07-22;161.0;7;161.0
1971-07-23;212.9;7;212.9
1971-07-24;230.1;7;230.1
1971-07-25;187.0;7;187.0
1971-07-26;237.3;7;237.3
1971-07-27;182.3;7;182.3
1971-07-28;247.2;7;247.2
1971-07-29;192.4;7;192.4
1971-07-30;167.2;7;167.2
1971-07-31;178.6;7;178.6
1971-08-01;238.6;8;238.6
1971-08-02;320.3;8;320.3
1971-08-03;173.6;8;173.6
1971-08-04;175.5;8;175.5
1971-08-05;220.9;8;220.9
1971-08-06;169.9;8;169.9
1971-08-07;150.2;8;150.2
1971-08-08;199.6;8;199.6
1971-08-09;171.9;8;171.9
1971-08-10;162.6;8;162.6
1971-08-11;173.0;8;173.0
1971-08-12;139.0;8;139.0
1971-08-13;129.8;8;129.8
1971-08-14;164.9;8;164.9
1971-08-15;197.6;8;197.6
1971-08-16;156.8;8;156.8
1971-08-17;182.0;8;182.0
1971-08-18;153.2;8;153.2
1971-08-19;131.3;8;131.3
1971-08-20;60.0;8;60.0
1971-08-21;95.1;8;95.1
1971-08-22;60.3;8;60.3
1971-08-23;96.2;8;96.2
1971-08-24;140.8;8;140.8
1971-08-25;201.9;8;201.9
1971-08-26;231.1;8;231.1
1971-08-27;141.6;8;141.6
1971-08-28;132.3;8;132.3
1971-08-29;129.8;8;129.8
1971-08-30;176.1;8;176.1
1971-08-31;171.2;8;171.2
1971-09-01;135.9;9;135.9
1971-09-02;284.7;9;284.7
1971-09-03;300.8;9;300.8
1971-09-04;172.3;9;172.3
1971-09-05;155.0;9;155.0
1971-09-06;130.3;9;130.3
1971-09-07;133.9;9;133.9
1971-09-08;145.2;9;145.2
1971-09-09;212.0;9;212.0
1971-09-10;135.1;9;135.1
1971-09-11;126.7;9;126.7
1971-09-12;183.3;9;183.3
1971-09-13;220.4;9;220.4
1971-09-14;146.0;9;146.0
1971-09-15;122.1;9;122.1
1971-09-16;135.3;9;135.3
1971-09-17;187.5;9;187.5
1971-09-18;119.1;9;119.1
1971-09-19;128.2;9;128.2
1971-09-20;128.2;9;128.2
1971-09-21;293.7;9;293.7
1971-09-22;190.8;9;190.8
1971-09-23;152.6;9;152.6
1971-09-24;144.5;9;144.5
1971-09-25;121.2;9;121.2
1971-09-26;121.0;9;121.0
1971-09-27;130.3;9;130.3
1971-09-28;123.6;9;123.6
1971-09-29;116.6;9;116.6
1971-09-30;205.7;9;205.7
1971-10-01;134.6;10;134.6
1971-10-02;118.6;10;118.6
1971-10-03;136.7;10;136.7
1971-10-04;119.5;10;119.5
1971-10-05;143.0;10;143.0
1971-10-06;146.0;10;146.0
1971-10-07;123.2;10;123.2
1971-10-08;112.2;10;112.2
1971-10-09;117.1;10;117.1
1971-10-10;124.6;10;124.6
1971-10-11;155.2;10;155.2
1971-10-12;113.2;10;113.2
1971-10-13;125.7;10;125.7
1971-10-14;176.6;10;176.6
1971-10-15;156.4;10;156.4
1971-10-16;129.8;10;129.8
1971-10-17;173.0;10;173.0
1971-10-18;170.0;10;170.0
1971-10-19;277.4;10;277.4
1971-10-20;215.6;10;215.6
1971-10-21;149.6;10;149.6
1971-10-22;133.9;10;133.9
1971-10-23;136.1;10;136.1
1971-10-24;151.1;10;151.1
1971-10-25;122.6;10;122.6
1971-10-26;125.2;10;125.2
1971-10-27;115.7;10;115.7
1971-10-28;115.1;10;115.1
1971-10-29;154.6;10;154.6
1971-10-30;124.8;10;124.8
1971-10-31;114.2;10;114.2
1971-11-01;193.6;11;193.6
1971-11-02;162.1;11;162.1
1971-11-03;141.8;11;141.8
1971-11-04;122.1;11;122.1
1971-11-05;127.2;11;127.2
1971-11-06;119.8;11;119.8
1971-11-07;209.9;11;209.9
1971-11-08;150.7;11;150.7
1971-11-09;168.6;11;168.6
1971-11-10;150.2;11;150.2
1971-11-11;130.3;11;130.3
1971-11-12;116.6;11;116.6
1971-11-13;119.5;11;119.5
1971-11-14;134.2;11;134.2
1971-11-15;260.6;11;260.6
1971-11-16;144.9;11;144.9
1971-11-17;117.1;11;117.1
1971-11-18;141.4;11;141.4
1971-11-19;112.7;11;112.7
1971-11-20;116.7;11;116.7
1971-11-21;109.8;11;109.8
1971-11-22;115.4;11;115.4
1971-11-23;115.4;11;115.4
1971-11-24;127.2;11;127.2
1971-11-25;111.3;11;111.3
1971-11-26;121.3;11;121.3
1971-11-27;121.1;11;121.1
1971-11-28;176.8;11;176.8
1971-11-29;166.9;11;166.9
1971-11-30;121.1;11;121.1
1971-12-01;126.7;12;126.7
1971-12-02;122.2;12;122.2
1971-12-03;119.5;12;119.5
1971-12-04;126.8;12;126.8
1971-12-05;128.3;12;128.3
1971-12-06;112.7;12;112.7
1971-12-07;116.7;12;116.7
1971-12-08;110.3;12;110.3
1971-12-09;107.3;12;107.3
1971-12-10;106.9;12;106.9
1971-12-11;106.9;12;106.9
1971-12-12;98.9;12;98.9
1971-12-13;96.4;12;96.4
1971-12-14;91.9;12;91.9
1971-12-15;91.9;12;91.9
1971-12-16;91.9;12;91.9
1971-12-17;119.3;12;119.3
1971-12-18;95.5;12;95.5
1971-12-19;91.4;12;91.4
1971-12-20;92.8;12;92.8
1971-12-21;92.8;12;92.8
1971-12-22;100.3;12;100.3
1971-12-23;104.3;12;104.3
1971-12-24;97.0;12;97.0
1971-12-25;101.1;12;101.1
1971-12-26;75.9;12;75.9
1971-12-27;114.2;12;114.2
1971-12-28;92.8;12;92.8
1971-12-29;94.1;12;94.1
1971-12-30;92.3;12;92.3
1971-12-31;92.8;12;92.8
1972-01-01;110.8;1;110.8
1972-01-02;117.6;1;117.6
1972-01-03;118.7;1;118.7
1972-01-04;177.9;1;177.9
1972-01-05;100.0;1;100.0
1972-01-06;100.0;1;100.0
1972-01-07;100.0;1;100.0
1972-01-08;99.1;1;99.1
1972-01-09;107.3;1;107.3
1972-01-10;102.4;1;102.4
1972-01-11;122.4;1;122.4
1972-01-12;97.4;1;97.4
1972-01-13;91.0;1;91.0
1972-01-14;92.3;1;92.3
1972-01-15;95.0;1;95.0
1972-01-16;100.8;1;100.8
1972-01-17;98.8;1;98.8
1972-01-18;93.7;1;93.7
1972-01-19;99.3;1;99.3
1972-01-20;93.7;1;93.7
1972-01-21;93.7;1;93.7
1972-01-22;94.1;1;94.1
1972-01-23;95.5;1;95.5
1972-01-24;102.3;1;102.3
1972-01-25;91.0;1;91.0
1972-01-26;91.0;1;91.0
1972-01-27;91.0;1;91.0
1972-01-28;91.0;1;91.0
1972-01-29;109.8;1;109.8
1972-01-30;102.7;1;102.7
1972-01-31;102.7;1;102.7
1972-02-01;83.9;2;83.9
1972-02-02;86.3;2;86.3
1972-02-03;81.4;2;81.4
1972-02-04;195.7;2;195.7
1972-02-05;137.1;2;137.1
1972-02-06;98.9;2;98.9
1972-02-07;93.0;2;93.0
1972-02-08;101.8;2;101.8
1972-02-09;159.1;2;159.1
1972-02-10;113.2;2;113.2
1972-02-11;114.5;2;114.5
1972-02-12;100.3;2;100.3
1972-02-13;90.5;2;90.5
1972-02-14;87.8;2;87.8
1972-02-15;86.2;2;86.2
1972-02-16;83.6;2;83.6
1972-02-17;81.8;2;81.8
1972-02-18;84.9;2;84.9
1972-02-19;81.8;2;81.8
1972-02-20;83.8;2;83.8
1972-02-21;79.1;2;79.1
1972-02-22;79.2;2;79.2
1972-02-23;77.6;2;77.6
1972-02-24;76.2;2;76.2
1972-02-25;75.2;2;75.2
1972-02-26;74.8;2;74.8
1972-02-27;78.4;2;78.4
1972-02-28;96.4;2;96.4
1972-02-29;75.5;2;75.5
1972-03-01;86.9;3;86.9
1972-03-02;86.5;3;86.5
1972-03-03;81.0;3;81.0
1972-03-04;88.9;3;88.9
1972-03-05;79.4;3;79.4
1972-03-06;83.3;3;83.3
1972-03-07;85.4;3;85.4
1972-03-08;82.7;3;82.7
1972-03-09;86.9;3;86.9
1972-03-10;82.2;3;82.2
1972-03-11;80.3;3;80.3
1972-03-12;78.0;3;78.0
1972-03-13;87.4;3;87.4
1972-03-14;86.1;3;86.1
1972-03-15;107.3;3;107.3
1972-03-16;90.0;3;90.0
1972-03-17;117.0;3;117.0
1972-03-18;99.9;3;99.9
1972-03-19;114.5;3;114.5
1972-03-20;196.5;3;196.5
1972-03-21;107.7;3;107.7
1972-03-22;100.2;3;100.2
1972-03-23;104.4;3;104.4
1972-03-24;131.5;3;131.5
1972-03-25;113.9;3;113.9
1972-03-26;85.6;3;85.6
1972-03-27;112.2;3;112.2
1972-03-28;97.3;3;97.3
1972-03-29;90.1;3;90.1
1972-03-30;101.9;3;101.9
1972-03-31;177.7;3;177.7
1972-04-01;131.1;4;131.1
1972-04-02;176.8;4;176.8
1972-04-03;118.8;4;118.8
1972-04-04;96.4;4;96.4
1972-04-05;85.1;4;85.1
1972-04-06;83.4;4;83.4
1972-04-07;126.6;4;126.6
1972-04-08;129.9;4;129.9
1972-04-09;117.6;4;117.6
1972-04-10;102.3;4;102.3
1972-04-11;87.4;4;87.4
1972-04-12;91.0;4;91.0
1972-04-13;82.0;4;82.0
1972-04-14;96.4;4;96.4
1972-04-15;83.4;4;83.4
1972-04-16;79.8;4;79.8
1972-04-17;131.3;4;131.3
1972-04-18;112.7;4;112.7
1972-04-19;159.0;4;159.0
1972-04-20;95.5;4;95.5
1972-04-21;89.6;4;89.6
1972-04-22;137.1;4;137.1
1972-04-23;151.8;4;151.8
1972-04-24;123.9;4;123.9
1972-04-25;94.6;4;94.6
1972-04-26;95.5;4;95.5
1972-04-27;125.8;4;125.8
1972-04-28;123.7;4;123.7
1972-04-29;135.1;4;135.1
1972-04-30;213.7;4;213.7
1972-05-01;196.3;5;196.3
1972-05-02;245.3;5;245.3
1972-05-03;115.5;5;115.5
1972-05-04;223.0;5;223.0
1972-05-05;146.0;5;146.0
1972-05-06;162.4;5;162.4
1972-05-07;150.8;5;150.8
1972-05-08;134.4;5;134.4
1972-05-09;128.2;5;128.2
1972-05-10;171.9;5;171.9
1972-05-11;146.0;5;146.0
1972-05-12;197.3;5;197.3
1972-05-13;156.8;5;156.8
1972-05-14;198.5;5;198.5
1972-05-15;279.7;5;279.7
1972-05-16;184.4;5;184.4
1972-05-17;158.6;5;158.6
1972-05-18;217.5;5;217.5
1972-05-19;216.0;5;216.0
1972-05-20;293.9;5;293.9
1972-05-21;308.7;5;308.7
1972-05-22;235.0;5;235.0
1972-05-23;203.2;5;203.2
1972-05-24;255.9;5;255.9
1972-05-25;246.8;5;246.8
1972-05-26;207.0;5;207.0
1972-05-27;212.8;5;212.8
1972-05-28;192.2;5;192.2
1972-05-29;178.1;5;178.1
1972-05-30;171.7;5;171.7
1972-05-31;192.1;5;192.1
1972-06-01;146.0;6;146.0
1972-06-02;133.9;6;133.9
1972-06-03;203.1;6;203.1
1972-06-04;192.5;6;192.5
1972-06-05;178.7;6;178.7
1972-06-06;241.2;6;241.2
1972-06-07;196.3;6;196.3
1972-06-08;170.5;6;170.5
1972-06-09;141.2;6;141.2
1972-06-10;146.2;6;146.2
1972-06-11;186.7;6;186.7
1972-06-12;150.2;6;150.2
1972-06-13;190.6;6;190.6
1972-06-14;147.8;6;147.8
1972-06-15;129.8;6;129.8
1972-06-16;139.0;6;139.0
1972-06-17;236.3;6;236.3
1972-06-18;243.5;6;243.5
1972-06-19;244.4;6;244.4
1972-06-20;251.5;6;251.5
1972-06-21;189.7;6;189.7
1972-06-22;353.1;6;353.1
1972-06-23;455.1;6;455.1
1972-06-24;461.1;6;461.1
1972-06-25;467.1;6;467.1
1972-06-26;294.2;6;294.2
1972-06-27;260.1;6;260.1
1972-06-28;214.4;6;214.4
1972-06-29;260.9;6;260.9
1972-06-30;474.3;6;474.3
1972-07-01;697.7;7;697.7
1972-07-02;689.0;7;689.0
1972-07-03;638.8;7;638.8
1972-07-04;460.3;7;460.3
1972-07-05;288.3;7;288.3
1972-07-06;262.4;7;262.4
1972-07-07;234.3;7;234.3
1972-07-08;234.3;7;234.3
1972-07-09;209.8;7;209.8
1972-07-10;263.8;7;263.8
1972-07-11;266.6;7;266.6
1972-07-12;407.5;7;407.5
1972-07-13;250.9;7;250.9
1972-07-14;209.1;7;209.1
1972-07-15;205.7;7;205.7
1972-07-16;335.1;7;335.1
1972-07-17;334.6;7;334.6
1972-07-18;405.7;7;405.7
1972-07-19;355.7;7;355.7
1972-07-20;265.2;7;265.2
1972-07-21;285.4;7;285.4
1972-07-22;347.4;7;347.4
1972-07-23;325.8;7;325.8
1972-07-24;281.0;7;281.0
1972-07-25;240.7;7;240.7
1972-07-26;251.5;7;251.5
1972-07-27;248.6;7;248.6
1972-07-28;239.5;7;239.5
1972-07-29;252.3;7;252.3
1972-07-30;183.3;7;183.3
1972-07-31;180.0;7;180.0
1972-08-01;190.3;8;190.3
1972-08-02;164.8;8;164.8
1972-08-03;160.4;8;160.4
1972-08-04;153.8;8;153.8
1972-08-05;211.8;8;211.8
1972-08-06;342.9;8;342.9
1972-08-07;197.6;8;197.6
1972-08-08;196.6;8;196.6
1972-08-09;202.3;8;202.3
1972-08-10;184.0;8;184.0
1972-08-11;167.8;8;167.8
1972-08-12;152.0;8;152.0
1972-08-13;202.4;8;202.4
1972-08-14;222.2;8;222.2
1972-08-15;183.4;8;183.4
1972-08-16;152.0;8;152.0
1972-08-17;140.0;8;140.0
1972-08-18;136.4;8;136.4
1972-08-19;226.7;8;226.7
1972-08-20;355.1;8;355.1
1972-08-21;275.5;8;275.5
1972-08-22;175.5;8;175.5
1972-08-23;186.7;8;186.7
1972-08-24;158.0;8;158.0
1972-08-25;149.0;8;149.0
1972-08-26;163.8;8;163.8
1972-08-27;133.9;8;133.9
1972-08-28;124.6;8;124.6
1972-08-29;117.1;8;117.1
1972-08-30;118.5;8;118.5
1972-08-31;132.3;8;132.3
1972-09-01;373.5;9;373.5
1972-09-02;536.0;9;536.0
1972-09-03;259.5;9;259.5
1972-09-04;238.5;9;238.5
1972-09-05;205.0;9;205.0
1972-09-06;161.0;9;161.0
1972-09-07;158.0;9;158.0
1972-09-08;184.5;9;184.5
1972-09-09;222.9;9;222.9
1972-09-10;199.3;9;199.3
1972-09-11;166.6;9;166.6
1972-09-12;165.0;9;165.0
1972-09-13;156.2;9;156.2
1972-09-14;241.1;9;241.1
1972-09-15;192.6;9;192.6
1972-09-16;170.8;9;170.8
1972-09-17;146.0;9;146.0
1972-09-18;140.0;9;140.0
1972-09-19;127.2;9;127.2
1972-09-20;154.6;9;154.6
1972-09-21;152.0;9;152.0
1972-09-22;140.9;9;140.9
1972-09-23;169.5;9;169.5
1972-09-24;146.0;9;146.0
1972-09-25;127.2;9;127.2
1972-09-26;114.6;9;114.6
1972-09-27;134.9;9;134.9
1972-09-28;116.1;9;116.1
1972-09-29;152.0;9;152.0
1972-09-30;125.2;9;125.2
1972-10-01;106.9;10;106.9
1972-10-02;109.3;10;109.3
1972-10-03;115.7;10;115.7
1972-10-04;103.9;10;103.9
1972-10-05;100.0;10;100.0
1972-10-06;111.3;10;111.3
1972-10-07;132.3;10;132.3
1972-10-08;113.7;10;113.7
1972-10-09;102.0;10;102.0
1972-10-10;102.4;10;102.4
1972-10-11;96.4;10;96.4
1972-10-12;104.0;10;104.0
1972-10-13;105.4;10;105.4
1972-10-14;168.1;10;168.1
1972-10-15;123.7;10;123.7
1972-10-16;121.3;10;121.3
1972-10-17;100.0;10;100.0
1972-10-18;146.0;10;146.0
1972-10-19;133.6;10;133.6
1972-10-20;122.9;10;122.9
1972-10-21;100.1;10;100.1
1972-10-22;260.0;10;260.0
1972-10-23;292.0;10;292.0
1972-10-24;203.8;10;203.8
1972-10-25;140.0;10;140.0
1972-10-26;140.0;10;140.0
1972-10-27;121.3;10;121.3
1972-10-28;113.7;10;113.7
1972-10-29;128.2;10;128.2
1972-10-30;213.0;10;213.0
1972-10-31;152.0;10;152.0
1972-11-01;135.8;11;135.8
1972-11-02;125.7;11;125.7
1972-11-03;111.3;11;111.3
1972-11-04;319.0;11;319.0
1972-11-05;184.8;11;184.8
1972-11-06;137.4;11;137.4
1972-11-07;126.7;11;126.7
1972-11-08;126.2;11;126.2
1972-11-09;122.1;11;122.1
1972-11-10;117.1;11;117.1
1972-11-11;111.3;11;111.3
1972-11-12;105.9;11;105.9
1972-11-13;109.3;11;109.3
1972-11-14;100.6;11;100.6
1972-11-15;101.5;11;101.5
1972-11-16;132.3;11;132.3
1972-11-17;115.1;11;115.1
1972-11-18;126.7;11;126.7
1972-11-19;97.8;11;97.8
1972-11-20;102.0;11;102.0
1972-11-21;121.3;11;121.3
1972-11-22;169.8;11;169.8
1972-11-23;135.9;11;135.9
1972-11-24;138.0;11;138.0
1972-11-25;121.3;11;121.3
1972-11-26;116.1;11;116.1
1972-11-27;107.8;11;107.8
1972-11-28;101.0;11;101.0
1972-11-29;93.3;11;93.3
1972-11-30;114.7;11;114.7
1972-12-01;106.8;12;106.8
1972-12-02;139.3;12;139.3
1972-12-03;101.5;12;101.5
1972-12-04;207.0;12;207.0
1972-12-05;152.0;12;152.0
1972-12-06;116.1;12;116.1
1972-12-07;125.2;12;125.2
1972-12-08;102.0;12;102.0
1972-12-09;98.6;12;98.6
1972-12-10;114.6;12;114.6
1972-12-11;118.6;12;118.6
1972-12-12;138.5;12;138.5
1972-12-13;116.1;12;116.1
1972-12-14;102.0;12;102.0
1972-12-15;91.9;12;91.9
1972-12-16;85.6;12;85.6
1972-12-17;92.4;12;92.4
1972-12-18;91.4;12;91.4
1972-12-19;171.5;12;171.5
1972-12-20;139.9;12;139.9
1972-12-21;92.3;12;92.3
1972-12-22;84.7;12;84.7
1972-12-23;81.1;12;81.1
1972-12-24;75.8;12;75.8
1972-12-25;73.2;12;73.2
1972-12-26;72.3;12;72.3
1972-12-27;71.0;12;71.0
1972-12-28;68.0;12;68.0
1972-12-29;67.1;12;67.1
1972-12-30;68.0;12;68.0
1972-12-31;64.5;12;64.5
1973-01-01;76.7;1;76.7
1973-01-02;94.9;1;94.9
1973-01-03;72.3;1;72.3
1973-01-04;95.5;1;95.5
1973-01-05;73.2;1;73.2
1973-01-06;70.6;1;70.6
1973-01-07;68.8;1;68.8
1973-01-08;64.5;1;64.5
1973-01-09;67.5;1;67.5
1973-01-10;97.2;1;97.2
1973-01-11;75.8;1;75.8
1973-01-12;70.6;1;70.6
1973-01-13;66.7;1;66.7
1973-01-14;65.4;1;65.4
1973-01-15;62.4;1;62.4
1973-01-16;61.2;1;61.2
1973-01-17;57.0;1;57.0
1973-01-18;63.7;1;63.7
1973-01-19;58.3;1;58.3
1973-01-20;68.0;1;68.0
1973-01-21;58.3;1;58.3
1973-01-22;64.7;1;64.7
1973-01-23;58.3;1;58.3
1973-01-24;56.2;1;56.2
1973-01-25;53.3;1;53.3
1973-01-26;52.1;1;52.1
1973-01-27;55.8;1;55.8
1973-01-28;60.3;1;60.3
1973-01-29;55.0;1;55.0
1973-01-30;53.7;1;53.7
1973-01-31;77.8;1;77.8
1973-02-01;95.0;2;95.0
1973-02-02;76.3;2;76.3
1973-02-03;71.0;2;71.0
1973-02-04;56.6;2;56.6
1973-02-05;58.3;2;58.3
1973-02-06;97.1;2;97.1
1973-02-07;73.7;2;73.7
1973-02-08;58.3;2;58.3
1973-02-09;58.3;2;58.3
1973-02-10;55.4;2;55.4
1973-02-11;58.3;2;58.3
1973-02-12;56.6;2;56.6
1973-02-13;54.6;2;54.6
1973-02-14;52.9;2;52.9
1973-02-15;48.0;2;48.0
1973-02-16;110.1;2;110.1
1973-02-17;129.8;2;129.8
1973-02-18;119.5;2;119.5
1973-02-19;114.6;2;114.6
1973-02-20;104.9;2;104.9
1973-02-21;95.5;2;95.5
1973-02-22;91.0;2;91.0
1973-02-23;84.3;2;84.3
1973-02-24;175.5;2;175.5
1973-02-25;122.2;2;122.2
1973-02-26;109.8;2;109.8
1973-02-27;100.0;2;100.0
1973-02-28;95.9;2;95.9
1973-03-01;82.0;3;82.0
1973-03-02;91.0;3;91.0
1973-03-03;122.1;3;122.1
1973-03-04;111.7;3;111.7
1973-03-05;62.4;3;62.4
1973-03-06;54.6;3;54.6
1973-03-07;50.5;3;50.5
1973-03-08;77.6;3;77.6
1973-03-09;61.2;3;61.2
1973-03-10;56.6;3;56.6
1973-03-11;105.3;3;105.3
1973-03-12;73.3;3;73.3
1973-03-13;58.7;3;58.7
1973-03-14;75.4;3;75.4
1973-03-15;84.4;3;84.4
1973-03-16;114.6;3;114.6
1973-03-17;81.2;3;81.2
1973-03-18;83.4;3;83.4
1973-03-19;83.9;3;83.9
1973-03-20;73.2;3;73.2
1973-03-21;131.0;3;131.0
1973-03-22;199.8;3;199.8
1973-03-23;111.3;3;111.3
1973-03-24;83.8;3;83.8
1973-03-25;73.2;3;73.2
1973-03-26;75.4;3;75.4
1973-03-27;68.8;3;68.8
1973-03-28;64.5;3;64.5
1973-03-29;59.1;3;59.1
1973-03-30;60.3;3;60.3
1973-03-31;60.3;3;60.3
1973-04-01;55.4;4;55.4
1973-04-02;52.1;4;52.1
1973-04-03;82.1;4;82.1
1973-04-04;54.6;4;54.6
1973-04-05;63.7;4;63.7
1973-04-06;87.4;4;87.4
1973-04-07;69.7;4;69.7
1973-04-08;93.4;4;93.4
1973-04-09;139.0;4;139.0
1973-04-10;119.9;4;119.9
1973-04-11;79.4;4;79.4
1973-04-12;72.3;4;72.3
1973-04-13;78.0;4;78.0
1973-04-14;68.0;4;68.0
1973-04-15;71.9;4;71.9
1973-04-16;61.2;4;61.2
1973-04-17;56.2;4;56.2
1973-04-18;87.8;4;87.8
1973-04-19;83.0;4;83.0
1973-04-20;93.3;4;93.3
1973-04-21;68.8;4;68.8
1973-04-22;68.0;4;68.0
1973-04-23;76.1;4;76.1
1973-04-24;134.9;4;134.9
1973-04-25;100.8;4;100.8
1973-04-26;110.1;4;110.1
1973-04-27;112.7;4;112.7
1973-04-28;100.8;4;100.8
1973-04-29;91.0;4;91.0
1973-04-30;71.9;4;71.9
1973-05-01;127.2;5;127.2
1973-05-02;135.3;5;135.3
1973-05-03;110.8;5;110.8
1973-05-04;144.5;5;144.5
1973-05-05;233.7;5;233.7
1973-05-06;134.5;5;134.5
1973-05-07;227.9;5;227.9
1973-05-08;185.4;5;185.4
1973-05-09;129.8;5;129.8
1973-05-10;108.8;5;108.8
1973-05-11;91.9;5;91.9
1973-05-12;104.9;5;104.9
1973-05-13;104.9;5;104.9
1973-05-14;354.0;5;354.0
1973-05-15;524.0;5;524.0
1973-05-16;208.9;5;208.9
1973-05-17;161.0;5;161.0
1973-05-18;155.0;5;155.0
1973-05-19;167.4;5;167.4
1973-05-20;137.4;5;137.4
1973-05-21;127.2;5;127.2
1973-05-22;127.7;5;127.7
1973-05-23;122.1;5;122.1
1973-05-24;155.0;5;155.0
1973-05-25;124.6;5;124.6
1973-05-26;117.1;5;117.1
1973-05-27;149.2;5;149.2
1973-05-28;107.3;5;107.3
1973-05-29;124.6;5;124.6
1973-05-30;114.6;5;114.6
1973-05-31;100.6;5;100.6
1973-06-01;148.1;6;148.1
1973-06-02;118.8;6;118.8
1973-06-03;103.4;6;103.4
1973-06-04;113.7;6;113.7
1973-06-05;137.4;6;137.4
1973-06-06;176.8;6;176.8
1973-06-07;151.2;6;151.2
1973-06-08;134.9;6;134.9
1973-06-09;109.8;6;109.8
1973-06-10;349.2;6;349.2
1973-06-11;297.4;6;297.4
1973-06-12;146.0;6;146.0
1973-06-13;131.8;6;131.8
1973-06-14;149.2;6;149.2
1973-06-15;276.1;6;276.1
1973-06-16;205.9;6;205.9
1973-06-17;163.6;6;163.6
1973-06-18;134.9;6;134.9
1973-06-19;156.8;6;156.8
1973-06-20;240.6;6;240.6
1973-06-21;185.8;6;185.8
1973-06-22;158.0;6;158.0
1973-06-23;137.4;6;137.4
1973-06-24;121.7;6;121.7
1973-06-25;161.6;6;161.6
1973-06-26;134.9;6;134.9
1973-06-27;150.8;6;150.8
1973-06-28;131.3;6;131.3
1973-06-29;117.1;6;117.1
1973-06-30;272.4;6;272.4
1973-07-01;172.1;7;172.1
1973-07-02;189.7;7;189.7
1973-07-03;224.1;7;224.1
1973-07-04;143.0;7;143.0
1973-07-05;150.2;7;150.2
1973-07-06;170.4;7;170.4
1973-07-07;421.1;7;421.1
1973-07-08;271.1;7;271.1
1973-07-09;242.9;7;242.9
1973-07-10;210.4;7;210.4
1973-07-11;241.6;7;241.6
1973-07-12;222.0;7;222.0
1973-07-13;161.6;7;161.6
1973-07-14;156.8;7;156.8
1973-07-15;156.2;7;156.2
1973-07-16;134.9;7;134.9
1973-07-17;160.4;7;160.4
1973-07-18;170.4;7;170.4
1973-07-19;138.5;7;138.5
1973-07-20;163.6;7;163.6
1973-07-21;190.0;7;190.0
1973-07-22;152.0;7;152.0
1973-07-23;208.4;7;208.4
1973-07-24;204.5;7;204.5
1973-07-25;146.0;7;146.0
1973-07-26;167.2;7;167.2
1973-07-27;186.3;7;186.3
1973-07-28;164.8;7;164.8
1973-07-29;134.9;7;134.9
1973-07-30;133.4;7;133.4
1973-07-31;210.7;7;210.7
1973-08-01;366.2;8;366.2
1973-08-02;245.1;8;245.1
1973-08-03;176.8;8;176.8
1973-08-04;224.0;8;224.0
1973-08-05;146.0;8;146.0
1973-08-06;197.6;8;197.6
1973-08-07;355.5;8;355.5
1973-08-08;240.5;8;240.5
1973-08-09;184.5;8;184.5
1973-08-10;212.7;8;212.7
1973-08-11;187.5;8;187.5
1973-08-12;145.4;8;145.4
1973-08-13;140.0;8;140.0
1973-08-14;139.0;8;139.0
1973-08-15;140.0;8;140.0
1973-08-16;152.0;8;152.0
1973-08-17;201.8;8;201.8
1973-08-18;171.5;8;171.5
1973-08-19;135.9;8;135.9
1973-08-20;287.8;8;287.8
1973-08-21;263.3;8;263.3
1973-08-22;254.2;8;254.2
1973-08-23;207.7;8;207.7
1973-08-24;164.8;8;164.8
1973-08-25;147.8;8;147.8
1973-08-26;162.5;8;162.5
1973-08-27;292.8;8;292.8
1973-08-28;287.0;8;287.0
1973-08-29;275.5;8;275.5
1973-08-30;541.8;8;541.8
1973-08-31;480.0;8;480.0
1973-09-01;518.3;9;518.3
1973-09-02;406.8;9;406.8
1973-09-03;306.5;9;306.5
1973-09-04;252.3;9;252.3
1973-09-05;237.9;9;237.9
1973-09-06;209.1;9;209.1
1973-09-07;212.8;9;212.8
1973-09-08;249.6;9;249.6
1973-09-09;197.1;9;197.1
1973-09-10;201.2;9;201.2
1973-09-11;234.6;9;234.6
1973-09-12;235.8;9;235.8
1973-09-13;193.1;9;193.1
1973-09-14;179.9;9;179.9
1973-09-15;165.9;9;165.9
1973-09-16;181.1;9;181.1
1973-09-17;168.6;9;168.6
1973-09-18;140.0;9;140.0
1973-09-19;144.2;9;144.2
1973-09-20;173.6;9;173.6
1973-09-21;174.6;9;174.6
1973-09-22;205.9;9;205.9
1973-09-23;161.7;9;161.7
1973-09-24;159.2;9;159.2
1973-09-25;144.4;9;144.4
1973-09-26;130.8;9;130.8
1973-09-27;160.3;9;160.3
1973-09-28;239.3;9;239.3
1973-09-29;193.3;9;193.3
1973-09-30;140.0;9;140.0
1973-10-01;130.8;10;130.8
1973-10-02;155.4;10;155.4
1973-10-03;150.5;10;150.5
1973-10-04;132.8;10;132.8
1973-10-05;139.0;10;139.0
1973-10-06;230.8;10;230.8
1973-10-07;261.6;10;261.6
1973-10-08;161.2;10;161.2
1973-10-09;133.4;10;133.4
1973-10-10;124.6;10;124.6
1973-10-11;117.1;10;117.1
1973-10-12;207.3;10;207.3
1973-10-13;148.2;10;148.2
1973-10-14;129.8;10;129.8
1973-10-15;293.9;10;293.9
1973-10-16;204.5;10;204.5
1973-10-17;140.4;10;140.4
1973-10-18;135.9;10;135.9
1973-10-19;165.6;10;165.6
1973-10-20;123.1;10;123.1
1973-10-21;112.2;10;112.2
1973-10-22;107.8;10;107.8
1973-10-23;103.4;10;103.4
1973-10-24;102.0;10;102.0
1973-10-25;103.4;10;103.4
1973-10-26;114.6;10;114.6
1973-10-27;105.4;10;105.4
1973-10-28;96.8;10;96.8
1973-10-29;99.2;10;99.2
1973-10-30;111.1;10;111.1
1973-10-31;108.3;10;108.3
1973-11-01;95.5;11;95.5
1973-11-02;90.5;11;90.5
1973-11-03;87.4;11;87.4
1973-11-04;240.0;11;240.0
1973-11-05;124.3;11;124.3
1973-11-06;123.6;11;123.6
1973-11-07;199.8;11;199.8
1973-11-08;155.3;11;155.3
1973-11-09;131.8;11;131.8
1973-11-10;120.8;11;120.8
1973-11-11;106.9;11;106.9
1973-11-12;142.5;11;142.5
1973-11-13;133.9;11;133.9
1973-11-14;129.8;11;129.8
1973-11-15;226.7;11;226.7
1973-11-16;314.4;11;314.4
1973-11-17;135.4;11;135.4
1973-11-18;115.7;11;115.7
1973-11-19;216.4;11;216.4
1973-11-20;152.0;11;152.0
1973-11-21;120.6;11;120.6
1973-11-22;213.3;11;213.3
1973-11-23;127.2;11;127.2
1973-11-24;110.3;11;110.3
1973-11-25;122.2;11;122.2
1973-11-26;109.8;11;109.8
1973-11-27;135.8;11;135.8
1973-11-28;143.6;11;143.6
1973-11-29;107.3;11;107.3
1973-11-30;108.8;11;108.8
1973-12-01;116.2;12;116.2
1973-12-02;127.2;12;127.2
1973-12-03;112.7;12;112.7
1973-12-04;91.9;12;91.9
1973-12-05;86.9;12;86.9
1973-12-06;100.8;12;100.8
1973-12-07;102.9;12;102.9
1973-12-08;93.2;12;93.2
1973-12-09;97.1;12;97.1
1973-12-10;161.3;12;161.3
1973-12-11;124.9;12;124.9
1973-12-12;104.4;12;104.4
1973-12-13;166.4;12;166.4
1973-12-14;100.5;12;100.5
1973-12-15;109.8;12;109.8
1973-12-16;134.8;12;134.8
1973-12-17;92.8;12;92.8
1973-12-18;89.2;12;89.2
1973-12-19;85.6;12;85.6
1973-12-20;81.6;12;81.6
1973-12-21;114.6;12;114.6
1973-12-22;111.2;12;111.2
1973-12-23;102.9;12;102.9
1973-12-24;99.2;12;99.2
1973-12-25;81.6;12;81.6
1973-12-26;79.8;12;79.8
1973-12-27;74.5;12;74.5
1973-12-28;79.4;12;79.4
1973-12-29;93.3;12;93.3
1973-12-30;98.2;12;98.2
1973-12-31;89.2;12;89.2
1974-01-01;71.2;1;71.2
1974-01-02;68.0;1;68.0
1974-01-03;74.4;1;74.4
1974-01-04;69.6;1;69.6
1974-01-05;64.0;1;64.0
1974-01-06;61.6;1;61.6
1974-01-07;60.0;1;60.0
1974-01-08;59.2;1;59.2
1974-01-09;58.4;1;58.4
1974-01-10;57.6;1;57.6
1974-01-11;56.0;1;56.0
1974-01-12;52.0;1;52.0
1974-01-13;56.4;1;56.4
1974-01-14;63.2;1;63.2
1974-01-15;62.0;1;62.0
1974-01-16;60.0;1;60.0
1974-01-17;52.8;1;52.8
1974-01-18;51.2;1;51.2
1974-01-19;64.8;1;64.8
1974-01-20;54.4;1;54.4
1974-01-21;53.6;1;53.6
1974-01-22;52.4;1;52.4
1974-01-23;52.0;1;52.0
1974-01-24;53.2;1;53.2
1974-01-25;52.4;1;52.4
1974-01-26;52.8;1;52.8
1974-01-27;48.8;1;48.8
1974-01-28;46.4;1;46.4
1974-01-29;45.6;1;45.6
1974-01-30;44.8;1;44.8
1974-01-31;93.9;1;93.9
1974-02-01;89.0;2;89.0
1974-02-02;56.8;2;56.8
1974-02-03;50.8;2;50.8
1974-02-04;62.8;2;62.8
1974-02-05;56.8;2;56.8
1974-02-06;56.8;2;56.8
1974-02-07;51.2;2;51.2
1974-02-08;50.8;2;50.8
1974-02-09;46.0;2;46.0
1974-02-10;83.4;2;83.4
1974-02-11;94.3;2;94.3
1974-02-12;69.2;2;69.2
1974-02-13;62.8;2;62.8
1974-02-14;73.6;2;73.6
1974-02-15;76.5;2;76.5
1974-02-16;68.0;2;68.0
1974-02-17;88.8;2;88.8
1974-02-18;105.6;2;105.6
1974-02-19;93.6;2;93.6
1974-02-20;68.4;2;68.4
1974-02-21;82.3;2;82.3
1974-02-22;61.6;2;61.6
1974-02-23;59.6;2;59.6
1974-02-24;55.6;2;55.6
1974-02-25;57.6;2;57.6
1974-02-26;90.2;2;90.2
1974-02-27;77.3;2;77.3
1974-02-28;88.2;2;88.2
1974-03-01;79.0;3;79.0
1974-03-02;69.2;3;69.2
1974-03-03;60.0;3;60.0
1974-03-04;75.8;3;75.8
1974-03-05;79.7;3;79.7
1974-03-06;56.0;3;56.0
1974-03-07;64.4;3;64.4
1974-03-08;90.4;3;90.4
1974-03-09;64.8;3;64.8
1974-03-10;77.7;3;77.7
1974-03-11;79.1;3;79.1
1974-03-12;69.6;3;69.6
1974-03-13;57.6;3;57.6
1974-03-14;56.4;3;56.4
1974-03-15;66.8;3;66.8
1974-03-16;90.5;3;90.5
1974-03-17;88.5;3;88.5
1974-03-18;69.6;3;69.6
1974-03-19;95.0;3;95.0
1974-03-20;60.0;3;60.0
1974-03-21;52.8;3;52.8
1974-03-22;65.6;3;65.6
1974-03-23;125.0;3;125.0
1974-03-24;93.1;3;93.1
1974-03-25;81.1;3;81.1
1974-03-26;64.8;3;64.8
1974-03-27;66.4;3;66.4
1974-03-28;64.4;3;64.4
1974-03-29;56.4;3;56.4
1974-03-30;52.8;3;52.8
1974-03-31;66.0;3;66.0
1974-04-01;58.4;4;58.4
1974-04-02;54.0;4;54.0
1974-04-03;53.6;4;53.6
1974-04-04;53.6;4;53.6
1974-04-05;51.2;4;51.2
1974-04-06;99.5;4;99.5
1974-04-07;108.0;4;108.0
1974-04-08;167.4;4;167.4
1974-04-09;120.3;4;120.3
1974-04-10;93.6;4;93.6
1974-04-11;160.7;4;160.7
1974-04-12;437.3;4;437.3
1974-04-13;281.6;4;281.6
1974-04-14;184.8;4;184.8
1974-04-15;119.7;4;119.7
1974-04-16;249.3;4;249.3
1974-04-17;249.1;4;249.1
1974-04-18;232.9;4;232.9
1974-04-19;164.3;4;164.3
1974-04-20;118.4;4;118.4
1974-04-21;107.2;4;107.2
1974-04-22;174.1;4;174.1
1974-04-23;162.7;4;162.7
1974-04-24;104.5;4;104.5
1974-04-25;102.0;4;102.0
1974-04-26;199.5;4;199.5
1974-04-27;110.0;4;110.0
1974-04-28;92.5;4;92.5
1974-04-29;136.4;4;136.4
1974-04-30;107.0;4;107.0
1974-05-01;141.9;5;141.9
1974-05-02;164.0;5;164.0
1974-05-03;200.3;5;200.3
1974-05-04;172.3;5;172.3
1974-05-05;147.3;5;147.3
1974-05-06;164.3;5;164.3
1974-05-07;163.6;5;163.6
1974-05-08;129.8;5;129.8
1974-05-09;132.2;5;132.2
1974-05-10;146.1;5;146.1
1974-05-11;121.4;5;121.4
1974-05-12;151.6;5;151.6
1974-05-13;138.1;5;138.1
1974-05-14;119.5;5;119.5
1974-05-15;163.5;5;163.5
1974-05-16;144.8;5;144.8
1974-05-17;115.8;5;115.8
1974-05-18;112.8;5;112.8
1974-05-19;101.5;5;101.5
1974-05-20;110.0;5;110.0
1974-05-21;137.0;5;137.0
1974-05-22;143.5;5;143.5
1974-05-23;231.5;5;231.5
1974-05-24;210.5;5;210.5
1974-05-25;175.6;5;175.6
1974-05-26;152.1;5;152.1
1974-05-27;138.2;5;138.2
1974-05-28;225.2;5;225.2
1974-05-29;221.0;5;221.0
1974-05-30;240.2;5;240.2
1974-05-31;161.8;5;161.8
1974-06-01;165.6;6;165.6
1974-06-02;133.4;6;133.4
1974-06-03;179.1;6;179.1
1974-06-04;144.6;6;144.6
1974-06-05;131.6;6;131.6
1974-06-06;252.7;6;252.7
1974-06-07;223.8;6;223.8
1974-06-08;133.4;6;133.4
1974-06-09;122.2;6;122.2
1974-06-10;107.5;6;107.5
1974-06-11;202.8;6;202.8
1974-06-12;215.8;6;215.8
1974-06-13;159.0;6;159.0
1974-06-14;187.8;6;187.8
1974-06-15;127.4;6;127.4
1974-06-16;135.2;6;135.2
1974-06-17;321.7;6;321.7
1974-06-18;330.1;6;330.1
1974-06-19;242.7;6;242.7
1974-06-20;202.1;6;202.1
1974-06-21;250.5;6;250.5
1974-06-22;427.3;6;427.3
1974-06-23;207.3;6;207.3
1974-06-24;161.1;6;161.1
1974-06-25;148.9;6;148.9
1974-06-26;144.2;6;144.2
1974-06-27;172.7;6;172.7
1974-06-28;140.0;6;140.0
1974-06-29;351.4;6;351.4
1974-06-30;277.8;6;277.8
1974-07-01;194.4;7;194.4
1974-07-02;252.4;7;252.4
1974-07-03;367.5;7;367.5
1974-07-04;334.8;7;334.8
1974-07-05;201.9;7;201.9
1974-07-06;189.1;7;189.1
1974-07-07;371.8;7;371.8
1974-07-08;412.8;7;412.8
1974-07-09;387.8;7;387.8
1974-07-10;245.5;7;245.5
1974-07-11;235.0;7;235.0
1974-07-12;225.9;7;225.9
1974-07-13;191.6;7;191.6
1974-07-14;193.0;7;193.0
1974-07-15;176.9;7;176.9
1974-07-16;159.8;7;159.8
1974-07-17;153.4;7;153.4
1974-07-18;147.6;7;147.6
1974-07-19;141.2;7;141.2
1974-07-20;206.6;7;206.6
1974-07-21;208.4;7;208.4
1974-07-22;155.1;7;155.1
1974-07-23;167.1;7;167.1
1974-07-24;209.1;7;209.1
1974-07-25;696.6;7;696.6
1974-07-26;654.2;7;654.2
1974-07-27;300.5;7;300.5
1974-07-28;221.0;7;221.0
1974-07-29;199.1;7;199.1
1974-07-30;231.5;7;231.5
1974-07-31;304.2;7;304.2
1974-08-01;316.5;8;316.5
1974-08-02;226.6;8;226.6
1974-08-03;202.1;8;202.1
1974-08-04;182.8;8;182.8
1974-08-05;159.2;8;159.2
1974-08-06;278.0;8;278.0
1974-08-07;234.3;8;234.3
1974-08-08;277.5;8;277.5
1974-08-09;361.7;8;361.7
1974-08-10;607.3;8;607.3
1974-08-11;464.0;8;464.0
1974-08-12;364.4;8;364.4
1974-08-13;337.3;8;337.3
1974-08-14;277.0;8;277.0
1974-08-15;224.5;8;224.5
1974-08-16;181.5;8;181.5
1974-08-17;205.6;8;205.6
1974-08-18;182.8;8;182.8
1974-08-19;248.4;8;248.4
1974-08-20;184.0;8;184.0
1974-08-21;163.6;8;163.6
1974-08-22;158.9;8;158.9
1974-08-23;161.2;8;161.2
1974-08-24;202.8;8;202.8
1974-08-25;159.2;8;159.2
1974-08-26;192.7;8;192.7
1974-08-27;175.6;8;175.6
1974-08-28;151.8;8;151.8
1974-08-29;140.0;8;140.0
1974-08-30;135.2;8;135.2
1974-08-31;223.6;8;223.6
1974-09-01;148.3;9;148.3
1974-09-02;132.2;9;132.2
1974-09-03;257.0;9;257.0
1974-09-04;198.6;9;198.6
1974-09-05;215.4;9;215.4
1974-09-06;236.7;9;236.7
1974-09-07;200.0;9;200.0
1974-09-08;154.9;9;154.9
1974-09-09;170.7;9;170.7
1974-09-10;234.6;9;234.6
1974-09-11;232.9;9;232.9
1974-09-12;156.2;9;156.2
1974-09-13;189.5;9;189.5
1974-09-14;192.6;9;192.6
1974-09-15;148.9;9;148.9
1974-09-16;145.2;9;145.2
1974-09-17;144.8;9;144.8
1974-09-18;135.2;9;135.2
1974-09-19;143.6;9;143.6
1974-09-20;266.7;9;266.7
1974-09-21;200.3;9;200.3
1974-09-22;162.1;9;162.1
1974-09-23;135.2;9;135.2
1974-09-24;200.0;9;200.0
1974-09-25;282.9;9;282.9
1974-09-26;167.8;9;167.8
1974-09-27;216.1;9;216.1
1974-09-28;168.4;9;168.4
1974-09-29;153.9;9;153.9
1974-09-30;137.0;9;137.0
1974-10-01;157.4;10;157.4
1974-10-02;146.5;10;146.5
1974-10-03;165.6;10;165.6
1974-10-04;162.2;10;162.2
1974-10-05;146.0;10;146.0
1974-10-06;157.7;10;157.7
1974-10-07;237.1;10;237.1
1974-10-08;254.9;10;254.9
1974-10-09;189.1;10;189.1
1974-10-10;147.6;10;147.6
1974-10-11;144.1;10;144.1
1974-10-12;148.1;10;148.1
1974-10-13;121.7;10;121.7
1974-10-14;115.1;10;115.1
1974-10-15;141.8;10;141.8
1974-10-16;167.0;10;167.0
1974-10-17;143.3;10;143.3
1974-10-18;116.3;10;116.3
1974-10-19;148.8;10;148.8
1974-10-20;129.9;10;129.9
1974-10-21;111.5;10;111.5
1974-10-22;180.9;10;180.9
1974-10-23;118.9;10;118.9
1974-10-24;141.8;10;141.8
1974-10-25;101.5;10;101.5
1974-10-26;111.0;10;111.0
1974-10-27;105.0;10;105.0
1974-10-28;111.0;10;111.0
1974-10-29;129.8;10;129.8
1974-10-30;120.0;10;120.0
1974-10-31;129.8;10;129.8
1974-11-01;326.4;11;326.4
1974-11-02;193.9;11;193.9
1974-11-03;194.0;11;194.0
1974-11-04;143.0;11;143.0
1974-11-05;132.8;11;132.8
1974-11-06;117.3;11;117.3
1974-11-07;137.3;11;137.3
1974-11-08;131.0;11;131.0
1974-11-09;120.6;11;120.6
1974-11-10;129.2;11;129.2
1974-11-11;118.4;11;118.4
1974-11-12;122.3;11;122.3
1974-11-13;104.5;11;104.5
1974-11-14;102.0;11;102.0
1974-11-15;105.5;11;105.5
1974-11-16;111.0;11;111.0
1974-11-17;109.1;11;109.1
1974-11-18;198.1;11;198.1
1974-11-19;143.8;11;143.8
1974-11-20;121.7;11;121.7
1974-11-21;142.0;11;142.0
1974-11-22;116.8;11;116.8
1974-11-23;109.0;11;109.0
1974-11-24;151.0;11;151.0
1974-11-25;142.0;11;142.0
1974-11-26;157.5;11;157.5
1974-11-27;141.8;11;141.8
1974-11-28;128.0;11;128.0
1974-11-29;114.9;11;114.9
1974-11-30;99.5;11;99.5
1974-12-01;169.1;12;169.1
1974-12-02;102.0;12;102.0
1974-12-03;113.5;12;113.5
1974-12-04;108.5;12;108.5
1974-12-05;95.0;12;95.0
1974-12-06;95.5;12;95.5
1974-12-07;99.5;12;99.5
1974-12-08;111.5;12;111.5
1974-12-09;104.5;12;104.5
1974-12-10;110.0;12;110.0
1974-12-11;84.1;12;84.1
1974-12-12;83.6;12;83.6
1974-12-13;79.1;12;79.1
1974-12-14;71.2;12;71.2
1974-12-15;80.0;12;80.0
1974-12-16;140.1;12;140.1
1974-12-17;109.8;12;109.8
1974-12-18;103.1;12;103.1
1974-12-19;99.5;12;99.5
1974-12-20;91.3;12;91.3
1974-12-21;90.0;12;90.0
1974-12-22;70.4;12;70.4
1974-12-23;73.2;12;73.2
1974-12-24;73.2;12;73.2
1974-12-25;66.0;12;66.0
1974-12-26;70.8;12;70.8
1974-12-27;114.8;12;114.8
1974-12-28;60.8;12;60.8
1974-12-29;61.2;12;61.2
1974-12-30;60.0;12;60.0
1974-12-31;61.2;12;61.2
1975-01-01;60.4;1;60.4
1975-01-02;58.4;1;58.4
1975-01-03;56.0;1;56.0
1975-01-04;68.0;1;68.0
1975-01-05;60.8;1;60.8
1975-01-06;59.2;1;59.2
1975-01-07;58.0;1;58.0
1975-01-08;58.8;1;58.8
1975-01-09;57.6;1;57.6
1975-01-10;63.6;1;63.6
1975-01-11;56.8;1;56.8
1975-01-12;52.0;1;52.0
1975-01-13;50.0;1;50.0
1975-01-14;101.3;1;101.3
1975-01-15;86.9;1;86.9
1975-01-16;59.6;1;59.6
1975-01-17;82.7;1;82.7
1975-01-18;68.4;1;68.4
1975-01-19;63.6;1;63.6
1975-01-20;57.2;1;57.2
1975-01-21;54.0;1;54.0
1975-01-22;51.2;1;51.2
1975-01-23;52.4;1;52.4
1975-01-24;51.6;1;51.6
1975-01-25;50.0;1;50.0
1975-01-26;48.8;1;48.8
1975-01-27;46.4;1;46.4
1975-01-28;44.4;1;44.4
1975-01-29;44.8;1;44.8
1975-01-30;43.3;1;43.3
1975-01-31;41.5;1;41.5
1975-02-01;40.8;2;40.8
1975-02-02;41.2;2;41.2
1975-02-03;41.2;2;41.2
1975-02-04;40.1;2;40.1
1975-02-05;44.8;2;44.8
1975-02-06;45.6;2;45.6
1975-02-07;42.6;2;42.6
1975-02-08;40.5;2;40.5
1975-02-09;41.9;2;41.9
1975-02-10;40.5;2;40.5
1975-02-11;43.3;2;43.3
1975-02-12;40.8;2;40.8
1975-02-13;42.6;2;42.6
1975-02-14;38.0;2;38.0
1975-02-15;36.8;2;36.8
1975-02-16;36.8;2;36.8
1975-02-17;36.9;2;36.9
1975-02-18;85.9;2;85.9
1975-02-19;83.6;2;83.6
1975-02-20;62.8;2;62.8
1975-02-21;59.6;2;59.6
1975-02-22;50.8;2;50.8
1975-02-23;58.0;2;58.0
1975-02-24;61.6;2;61.6
1975-02-25;58.4;2;58.4
1975-02-26;56.0;2;56.0
1975-02-27;59.6;2;59.6
1975-02-28;99.3;2;99.3
1975-03-01;58.4;3;58.4
1975-03-02;68.0;3;68.0
1975-03-03;64.4;3;64.4
1975-03-04;264.1;3;264.1
1975-03-05;152.2;3;152.2
1975-03-06;79.7;3;79.7
1975-03-07;65.2;3;65.2
1975-03-08;58.0;3;58.0
1975-03-09;62.8;3;62.8
1975-03-10;76.9;3;76.9
1975-03-11;67.6;3;67.6
1975-03-12;56.0;3;56.0
1975-03-13;54.8;3;54.8
1975-03-14;54.0;3;54.0
1975-03-15;63.6;3;63.6
1975-03-16;58.0;3;58.0
1975-03-17;63.2;3;63.2
1975-03-18;54.4;3;54.4
1975-03-19;52.0;3;52.0
1975-03-20;85.2;3;85.2
1975-03-21;168.5;3;168.5
1975-03-22;196.3;3;196.3
1975-03-23;81.9;3;81.9
1975-03-24;110.5;3;110.5
1975-03-25;161.3;3;161.3
1975-03-26;173.6;3;173.6
1975-03-27;145.6;3;145.6
1975-03-28;97.0;3;97.0
1975-03-29;88.6;3;88.6
1975-03-30;74.8;3;74.8
1975-03-31;145.3;3;145.3
1975-04-01;127.3;4;127.3
1975-04-02;102.0;4;102.0
1975-04-03;151.8;4;151.8
1975-04-04;120.7;4;120.7
1975-04-05;106.5;4;106.5
1975-04-06;103.5;4;103.5
1975-04-07;101.5;4;101.5
1975-04-08;92.5;4;92.5
1975-04-09;88.3;4;88.3
1975-04-10;90.4;4;90.4
1975-04-11;76.5;4;76.5
1975-04-12;65.2;4;65.2
1975-04-13;59.6;4;59.6
1975-04-14;57.6;4;57.6
1975-04-15;54.0;4;54.0
1975-04-16;51.2;4;51.2
1975-04-17;60.4;4;60.4
1975-04-18;240.7;4;240.7
1975-04-19;340.6;4;340.6
1975-04-20;282.8;4;282.8
1975-04-21;221.7;4;221.7
1975-04-22;118.4;4;118.4
1975-04-23;119.5;4;119.5
1975-04-24;103.5;4;103.5
1975-04-25;133.4;4;133.4
1975-04-26;126.9;4;126.9
1975-04-27;111.6;4;111.6
1975-04-28;83.2;4;83.2
1975-04-29;132.8;4;132.8
1975-04-30;131.4;4;131.4
1975-05-01;127.4;5;127.4
1975-05-02;105.0;5;105.0
1975-05-03;200.9;5;200.9
1975-05-04;228.6;5;228.6
1975-05-05;188.6;5;188.6
1975-05-06;149.8;5;149.8
1975-05-07;153.7;5;153.7
1975-05-08;150.5;5;150.5
1975-05-09;108.0;5;108.0
1975-05-10;112.0;5;112.0
1975-05-11;101.0;5;101.0
1975-05-12;97.0;5;97.0
1975-05-13;95.5;5;95.5
1975-05-14;89.5;5;89.5
1975-05-15;84.5;5;84.5
1975-05-16;266.4;5;266.4
1975-05-17;141.8;5;141.8
1975-05-18;207.0;5;207.0
1975-05-19;159.4;5;159.4
1975-05-20;115.1;5;115.1
1975-05-21;129.5;5;129.5
1975-05-22;175.8;5;175.8
1975-05-23;211.2;5;211.2
1975-05-24;132.8;5;132.8
1975-05-25;118.9;5;118.9
1975-05-26;151.8;5;151.8
1975-05-27;121.7;5;121.7
1975-05-28;162.8;5;162.8
1975-05-29;211.9;5;211.9
1975-05-30;190.0;5;190.0
1975-05-31;211.2;5;211.2
1975-06-01;132.8;6;132.8
1975-06-02;147.7;6;147.7
1975-06-03;131.6;6;131.6
1975-06-04;172.9;6;172.9
1975-06-05;191.9;6;191.9
1975-06-06;131.0;6;131.0
1975-06-07;332.4;6;332.4
1975-06-08;323.5;6;323.5
1975-06-09;261.0;6;261.0
1975-06-10;246.9;6;246.9
1975-06-11;176.5;6;176.5
1975-06-12;205.3;6;205.3
1975-06-13;195.1;6;195.1
1975-06-14;211.2;6;211.2
1975-06-15;280.0;6;280.0
1975-06-16;474.4;6;474.4
1975-06-17;338.8;6;338.8
1975-06-18;257.7;6;257.7
1975-06-19;195.4;6;195.4
1975-06-20;225.9;6;225.9
1975-06-21;222.4;6;222.4
1975-06-22;375.8;6;375.8
1975-06-23;476.8;6;476.8
1975-06-24;425.5;6;425.5
1975-06-25;296.9;6;296.9
1975-06-26;248.3;6;248.3
1975-06-27;196.5;6;196.5
1975-06-28;441.5;6;441.5
1975-06-29;304.7;6;304.7
1975-06-30;586.5;6;586.5
1975-07-01;431.5;7;431.5
1975-07-02;373.7;7;373.7
1975-07-03;250.4;7;250.4
1975-07-04;210.5;7;210.5
1975-07-05;199.3;7;199.3
1975-07-06;211.2;7;211.2
1975-07-07;261.2;7;261.2
1975-07-08;228.7;7;228.7
1975-07-09;191.7;7;191.7
1975-07-10;163.3;7;163.3
1975-07-11;144.7;7;144.7
1975-07-12;212.6;7;212.6
1975-07-13;207.7;7;207.7
1975-07-14;264.5;7;264.5
1975-07-15;264.8;7;264.8
1975-07-16;186.1;7;186.1
1975-07-17;191.6;7;191.6
1975-07-18;342.9;7;342.9
1975-07-19;431.1;7;431.1
1975-07-20;219.6;7;219.6
1975-07-21;186.8;7;186.8
1975-07-22;161.9;7;161.9
1975-07-23;155.6;7;155.6
1975-07-24;155.6;7;155.6
1975-07-25;151.2;7;151.2
1975-07-26;169.6;7;169.6
1975-07-27;230.8;7;230.8
1975-07-28;242.0;7;242.0
1975-07-29;216.1;7;216.1
1975-07-30;178.6;7;178.6
1975-07-31;175.9;7;175.9
1975-08-01;234.1;8;234.1
1975-08-02;200.0;8;200.0
1975-08-03;164.8;8;164.8
1975-08-04;143.6;8;143.6
1975-08-05;140.6;8;140.6
1975-08-06;138.8;8;138.8
1975-08-07;172.3;8;172.3
1975-08-08;151.7;8;151.7
1975-08-09;148.3;8;148.3
1975-08-10;136.4;8;136.4
1975-08-11;137.0;8;137.0
1975-08-12;138.8;8;138.8
1975-08-13;132.2;8;132.2
1975-08-14;230.1;8;230.1
1975-08-15;363.5;8;363.5
1975-08-16;228.7;8;228.7
1975-08-17;238.2;8;238.2
1975-08-18;250.7;8;250.7
1975-08-19;167.8;8;167.8
1975-08-20;152.8;8;152.8
1975-08-21;140.0;8;140.0
1975-08-22;135.2;8;135.2
1975-08-23;128.0;8;128.0
1975-08-24;240.6;8;240.6
1975-08-25;161.0;8;161.0
1975-08-26;232.2;8;232.2
1975-08-27;153.4;8;153.4
1975-08-28;153.3;8;153.3
1975-08-29;150.1;8;150.1
1975-08-30;144.8;8;144.8
1975-08-31;132.2;8;132.2
1975-09-01;162.9;9;162.9
1975-09-02;470.8;9;470.8
1975-09-03;417.3;9;417.3
1975-09-04;187.1;9;187.1
1975-09-05;163.3;9;163.3
1975-09-06;152.3;9;152.3
1975-09-07;285.3;9;285.3
1975-09-08;214.0;9;214.0
1975-09-09;238.7;9;238.7
1975-09-10;209.8;9;209.8
1975-09-11;170.4;9;170.4
1975-09-12;148.1;9;148.1
1975-09-13;135.8;9;135.8
1975-09-14;128.0;9;128.0
1975-09-15;340.3;9;340.3
1975-09-16;185.9;9;185.9
1975-09-17;153.9;9;153.9
1975-09-18;147.2;9;147.2
1975-09-19;153.4;9;153.4
1975-09-20;145.4;9;145.4
1975-09-21;140.0;9;140.0
1975-09-22;135.8;9;135.8
1975-09-23;346.1;9;346.1
1975-09-24;243.0;9;243.0
1975-09-25;151.8;9;151.8
1975-09-26;182.6;9;182.6
1975-09-27;148.4;9;148.4
1975-09-28;153.4;9;153.4
1975-09-29;134.6;9;134.6
1975-09-30;126.9;9;126.9
1975-10-01;116.8;10;116.8
1975-10-02;175.7;10;175.7
1975-10-03;121.7;10;121.7
1975-10-04;168.6;10;168.6
1975-10-05;141.8;10;141.8
1975-10-06;174.9;10;174.9
1975-10-07;148.5;10;148.5
1975-10-08;138.8;10;138.8
1975-10-09;156.7;10;156.7
1975-10-10;135.8;10;135.8
1975-10-11;260.0;10;260.0
1975-10-12;148.5;10;148.5
1975-10-13;123.9;10;123.9
1975-10-14;148.1;10;148.1
1975-10-15;132.8;10;132.8
1975-10-16;141.2;10;141.2
1975-10-17;181.5;10;181.5
1975-10-18;141.2;10;141.2
1975-10-19;110.5;10;110.5
1975-10-20;102.5;10;102.5
1975-10-21;103.5;10;103.5
1975-10-22;195.1;10;195.1
1975-10-23;163.3;10;163.3
1975-10-24;478.8;10;478.8
1975-10-25;283.5;10;283.5
1975-10-26;169.1;10;169.1
1975-10-27;173.0;10;173.0
1975-10-28;140.0;10;140.0
1975-10-29;218.9;10;218.9
1975-10-30;152.8;10;152.8
1975-10-31;160.1;10;160.1
1975-11-01;143.0;11;143.0
1975-11-02;146.5;11;146.5
1975-11-03;155.1;11;155.1
1975-11-04;146.8;11;146.8
1975-11-05;128.6;11;128.6
1975-11-06;134.6;11;134.6
1975-11-07;168.4;11;168.4
1975-11-08;134.6;11;134.6
1975-11-09;153.1;11;153.1
1975-11-10;133.4;11;133.4
1975-11-11;159.4;11;159.4
1975-11-12;154.5;11;154.5
1975-11-13;190.0;11;190.0
1975-11-14;209.8;11;209.8
1975-11-15;174.3;11;174.3
1975-11-16;167.8;11;167.8
1975-11-17;151.8;11;151.8
1975-11-18;134.6;11;134.6
1975-11-19;154.2;11;154.2
1975-11-20;143.5;11;143.5
1975-11-21;126.9;11;126.9
1975-11-22;154.5;11;154.5
1975-11-23;150.5;11;150.5
1975-11-24;133.4;11;133.4
1975-11-25;115.6;11;115.6
1975-11-26;110.5;11;110.5
1975-11-27;127.4;11;127.4
1975-11-28;115.1;11;115.1
1975-11-29;105.0;11;105.0
1975-11-30;99.0;11;99.0
1975-12-01;94.5;12;94.5
1975-12-02;116.8;12;116.8
1975-12-03;137.5;12;137.5
1975-12-04;102.5;12;102.5
1975-12-05;96.0;12;96.0
1975-12-06;104.5;12;104.5
1975-12-07;134.0;12;134.0
1975-12-08;116.2;12;116.2
1975-12-09;210.6;12;210.6
1975-12-10;203.5;12;203.5
1975-12-11;137.6;12;137.6
1975-12-12;129.2;12;129.2
1975-12-13;204.0;12;204.0
1975-12-14;135.2;12;135.2
1975-12-15;120.6;12;120.6
1975-12-16;116.2;12;116.2
1975-12-17;110.5;12;110.5
1975-12-18;172.0;12;172.0
1975-12-19;158.1;12;158.1
1975-12-20;131.0;12;131.0
1975-12-21;123.4;12;123.4
1975-12-22;111.0;12;111.0
1975-12-23;96.0;12;96.0
1975-12-24;100.5;12;100.5
1975-12-25;92.6;12;92.6
1975-12-26;87.2;12;87.2
1975-12-27;88.6;12;88.6
1975-12-28;86.3;12;86.3
1975-12-29;98.5;12;98.5
1975-12-30;93.6;12;93.6
1975-12-31;86.3;12;86.3
1976-01-01;75.2;1;75.2
1976-01-02;72.1;1;72.1
1976-01-03;191.3;1;191.3
1976-01-04;75.7;1;75.7
1976-01-05;71.2;1;71.2
1976-01-06;68.2;1;68.2
1976-01-07;67.2;1;67.2
1976-01-08;65.6;1;65.6
1976-01-09;65.6;1;65.6
1976-01-10;68.2;1;68.2
1976-01-11;64.5;1;64.5
1976-01-12;61.0;1;61.0
1976-01-13;64.9;1;64.9
1976-01-14;66.3;1;66.3
1976-01-15;69.3;1;69.3
1976-01-16;64.2;1;64.2
1976-01-17;83.0;1;83.0
1976-01-18;97.7;1;97.7
1976-01-19;68.1;1;68.1
1976-01-20;60.7;1;60.7
1976-01-21;58.9;1;58.9
1976-01-22;57.9;1;57.9
1976-01-23;72.4;1;72.4
1976-01-24;106.0;1;106.0
1976-01-25;89.8;1;89.8
1976-01-26;66.6;1;66.6
1976-01-27;72.3;1;72.3
1976-01-28;66.6;1;66.6
1976-01-29;78.9;1;78.9
1976-01-30;66.2;1;66.2
1976-01-31;90.3;1;90.3
1976-02-01;67.2;2;67.2
1976-02-02;65.9;2;65.9
1976-02-03;61.8;2;61.8
1976-02-04;60.7;2;60.7
1976-02-05;59.6;2;59.6
1976-02-06;57.5;2;57.5
1976-02-07;56.1;2;56.1
1976-02-08;102.5;2;102.5
1976-02-09;92.3;2;92.3
1976-02-10;129.2;2;129.2
1976-02-11;118.9;2;118.9
1976-02-12;110.5;2;110.5
1976-02-13;76.6;2;76.6
1976-02-14;91.8;2;91.8
1976-02-15;85.1;2;85.1
1976-02-16;78.6;2;78.6
1976-02-17;68.5;2;68.5
1976-02-18;64.5;2;64.5
1976-02-19;61.4;2;61.4
1976-02-20;56.8;2;56.8
1976-02-21;56.5;2;56.5
1976-02-22;79.1;2;79.1
1976-02-23;129.9;2;129.9
1976-02-24;111.5;2;111.5
1976-02-25;92.5;2;92.5
1976-02-26;82.7;2;82.7
1976-02-27;97.1;2;97.1
1976-02-28;95.0;2;95.0
1976-02-29;108.6;2;108.6
1976-03-01;219.7;3;219.7
1976-03-02;149.4;3;149.4
1976-03-03;99.4;3;99.4
1976-03-04;105.6;3;105.6
1976-03-05;112.5;3;112.5
1976-03-06;122.0;3;122.0
1976-03-07;131.9;3;131.9
1976-03-08;105.6;3;105.6
1976-03-09;125.0;3;125.0
1976-03-10;106.5;3;106.5
1976-03-11;100.8;3;100.8
1976-03-12;194.4;3;194.4
1976-03-13;117.5;3;117.5
1976-03-14;98.9;3;98.9
1976-03-15;81.1;3;81.1
1976-03-16;75.3;3;75.3
1976-03-17;83.8;3;83.8
1976-03-18;104.5;3;104.5
1976-03-19;106.0;3;106.0
1976-03-20;96.6;3;96.6
1976-03-21;79.3;3;79.3
1976-03-22;119.5;3;119.5
1976-03-23;104.0;3;104.0
1976-03-24;96.5;3;96.5
1976-03-25;108.8;3;108.8
1976-03-26;111.0;3;111.0
1976-03-27;135.5;3;135.5
1976-03-28;318.0;3;318.0
1976-03-29;257.8;3;257.8
1976-03-30;157.8;3;157.8
1976-03-31;144.0;3;144.0
1976-04-01;137.1;4;137.1
1976-04-02;133.3;4;133.3
1976-04-03;129.0;4;129.0
1976-04-04;156.5;4;156.5
1976-04-05;134.9;4;134.9
1976-04-06;130.1;4;130.1
1976-04-07;146.1;4;146.1
1976-04-08;155.2;4;155.2
1976-04-09;130.8;4;130.8
1976-04-10;130.5;4;130.5
1976-04-11;143.7;4;143.7
1976-04-12;185.6;4;185.6
1976-04-13;140.5;4;140.5
1976-04-14;131.1;4;131.1
1976-04-15;185.4;4;185.4
1976-04-16;207.0;4;207.0
1976-04-17;177.5;4;177.5
1976-04-18;195.2;4;195.2
1976-04-19;133.8;4;133.8
1976-04-20;190.7;4;190.7
1976-04-21;213.0;4;213.0
1976-04-22;169.3;4;169.3
1976-04-23;213.6;4;213.6
1976-04-24;345.5;4;345.5
1976-04-25;326.0;4;326.0
1976-04-26;289.3;4;289.3
1976-04-27;215.0;4;215.0
1976-04-28;327.8;4;327.8
1976-04-29;357.0;4;357.0
1976-04-30;214.9;4;214.9
1976-05-01;365.7;5;365.7
1976-05-02;327.3;5;327.3
1976-05-03;262.0;5;262.0
1976-05-04;254.0;5;254.0
1976-05-05;221.0;5;221.0
1976-05-06;457.5;5;457.5
1976-05-07;395.5;5;395.5
1976-05-08;283.0;5;283.0
1976-05-09;213.8;5;213.8
1976-05-10;203.9;5;203.9
1976-05-11;264.2;5;264.2
1976-05-12;393.4;5;393.4
1976-05-13;441.0;5;441.0
1976-05-14;372.2;5;372.2
1976-05-15;269.1;5;269.1
1976-05-16;226.0;5;226.0
1976-05-17;183.7;5;183.7
1976-05-18;168.3;5;168.3
1976-05-19;194.6;5;194.6
1976-05-20;209.2;5;209.2
1976-05-21;179.1;5;179.1
1976-05-22;157.8;5;157.8
1976-05-23;293.6;5;293.6
1976-05-24;298.1;5;298.1
1976-05-25;439.6;5;439.6
1976-05-26;405.3;5;405.3
1976-05-27;260.5;5;260.5
1976-05-28;220.4;5;220.4
1976-05-29;185.8;5;185.8
1976-05-30;163.5;5;163.5
1976-05-31;190.0;5;190.0
1976-06-01;222.5;6;222.5
1976-06-02;222.3;6;222.3
1976-06-03;358.1;6;358.1
1976-06-04;269.1;6;269.1
1976-06-05;289.1;6;289.1
1976-06-06;259.5;6;259.5
1976-06-07;208.5;6;208.5
1976-06-08;270.5;6;270.5
1976-06-09;248.5;6;248.5
1976-06-10;247.4;6;247.4
1976-06-11;329.4;6;329.4
1976-06-12;271.9;6;271.9
1976-06-13;196.3;6;196.3
1976-06-14;197.0;6;197.0
1976-06-15;172.3;6;172.3
1976-06-16;185.8;6;185.8
1976-06-17;174.9;6;174.9
1976-06-18;215.9;6;215.9
1976-06-19;260.5;6;260.5
1976-06-20;193.3;6;193.3
1976-06-21;370.6;6;370.6
1976-06-22;438.7;6;438.7
1976-06-23;372.5;6;372.5
1976-06-24;477.6;6;477.6
1976-06-25;313.3;6;313.3
1976-06-26;270.5;6;270.5
1976-06-27;307.5;6;307.5
1976-06-28;316.6;6;316.6
1976-06-29;301.5;6;301.5
1976-06-30;275.4;6;275.4
1976-07-01;431.2;7;431.2
1976-07-02;623.5;7;623.5
1976-07-03;447.5;7;447.5
1976-07-04;294.8;7;294.8
1976-07-05;272.6;7;272.6
1976-07-06;258.5;7;258.5
1976-07-07;349.6;7;349.6
1976-07-08;309.0;7;309.0
1976-07-09;314.3;7;314.3
1976-07-10;388.0;7;388.0
1976-07-11;378.4;7;378.4
1976-07-12;361.6;7;361.6
1976-07-13;427.4;7;427.4
1976-07-14;377.9;7;377.9
1976-07-15;342.4;7;342.4
1976-07-16;312.8;7;312.8
1976-07-17;392.0;7;392.0
1976-07-18;457.5;7;457.5
1976-07-19;566.5;7;566.5
1976-07-20;506.0;7;506.0
1976-07-21;353.3;7;353.3
1976-07-22;299.3;7;299.3
1976-07-23;294.0;7;294.0
1976-07-24;283.1;7;283.1
1976-07-25;328.8;7;328.8
1976-07-26;419.5;7;419.5
1976-07-27;285.6;7;285.6
1976-07-28;317.3;7;317.3
1976-07-29;274.0;7;274.0
1976-07-30;267.0;7;267.0
1976-07-31;236.5;7;236.5
1976-08-01;398.9;8;398.9
1976-08-02;435.5;8;435.5
1976-08-03;322.9;8;322.9
1976-08-04;271.2;8;271.2
1976-08-05;246.5;8;246.5
1976-08-06;240.4;8;240.4
1976-08-07;236.5;8;236.5
1976-08-08;218.5;8;218.5
1976-08-09;240.4;8;240.4
1976-08-10;226.8;8;226.8
1976-08-11;218.5;8;218.5
1976-08-12;261.5;8;261.5
1976-08-13;200.9;8;200.9
1976-08-14;180.9;8;180.9
1976-08-15;290.5;8;290.5
1976-08-16;461.6;8;461.6
1976-08-17;214.3;8;214.3
1976-08-18;169.2;8;169.2
1976-08-19;166.4;8;166.4
1976-08-20;295.2;8;295.2
1976-08-21;462.0;8;462.0
1976-08-22;328.6;8;328.6
1976-08-23;267.5;8;267.5
1976-08-24;192.1;8;192.1
1976-08-25;183.0;8;183.0
1976-08-26;165.4;8;165.4
1976-08-27;258.2;8;258.2
1976-08-28;191.4;8;191.4
1976-08-29;200.3;8;200.3
1976-08-30;305.7;8;305.7
1976-08-31;280.8;8;280.8
1976-09-01;243.8;9;243.8
1976-09-02;199.5;9;199.5
1976-09-03;213.1;9;213.1
1976-09-04;177.3;9;177.3
1976-09-05;168.7;9;168.7
1976-09-06;144.0;9;144.0
1976-09-07;168.9;9;168.9
1976-09-08;161.8;9;161.8
1976-09-09;138.8;9;138.8
1976-09-10;193.5;9;193.5
1976-09-11;139.3;9;139.3
1976-09-12;198.8;9;198.8
1976-09-13;225.8;9;225.8
1976-09-14;227.8;9;227.8
1976-09-15;196.7;9;196.7
1976-09-16;159.0;9;159.0
1976-09-17;145.8;9;145.8
1976-09-18;135.5;9;135.5
1976-09-19;167.8;9;167.8
1976-09-20;192.2;9;192.2
1976-09-21;179.1;9;179.1
1976-09-22;214.3;9;214.3
1976-09-23;179.5;9;179.5
1976-09-24;169.4;9;169.4
1976-09-25;151.8;9;151.8
1976-09-26;154.2;9;154.2
1976-09-27;158.4;9;158.4
1976-09-28;300.5;9;300.5
1976-09-29;227.8;9;227.8
1976-09-30;217.5;9;217.5
1976-10-01;139.4;10;139.4
1976-10-02;188.8;10;188.8
1976-10-03;170.5;10;170.5
1976-10-04;148.2;10;148.2
1976-10-05;188.6;10;188.6
1976-10-06;159.0;10;159.0
1976-10-07;213.0;10;213.0
1976-10-08;171.6;10;171.6
1976-10-09;139.9;10;139.9
1976-10-10;127.5;10;127.5
1976-10-11;177.8;10;177.8
1976-10-12;159.5;10;159.5
1976-10-13;153.6;10;153.6
1976-10-14;153.0;10;153.0
1976-10-15;132.2;10;132.2
1976-10-16;115.0;10;115.0
1976-10-17;112.5;10;112.5
1976-10-18;103.9;10;103.9
1976-10-19;101.8;10;101.8
1976-10-20;129.0;10;129.0
1976-10-21;318.6;10;318.6
1976-10-22;187.9;10;187.9
1976-10-23;144.3;10;144.3
1976-10-24;119.0;10;119.0
1976-10-25;150.0;10;150.0
1976-10-26;125.0;10;125.0
1976-10-27;117.5;10;117.5
1976-10-28;153.0;10;153.0
1976-10-29;109.8;10;109.8
1976-10-30;100.6;10;100.6
1976-10-31;101.7;10;101.7
1976-11-01;103.4;11;103.4
1976-11-02;111.0;11;111.0
1976-11-03;111.4;11;111.4
1976-11-04;124.5;11;124.5
1976-11-05;128.5;11;128.5
1976-11-06;126.0;11;126.0
1976-11-07;107.8;11;107.8
1976-11-08;122.5;11;122.5
1976-11-09;177.7;11;177.7
1976-11-10;366.9;11;366.9
1976-11-11;239.9;11;239.9
1976-11-12;141.5;11;141.5
1976-11-13;118.0;11;118.0
1976-11-14;114.0;11;114.0
1976-11-15;138.5;11;138.5
1976-11-16;126.0;11;126.0
1976-11-17;110.5;11;110.5
1976-11-18;108.9;11;108.9
1976-11-19;106.7;11;106.7
1976-11-20;111.0;11;111.0
1976-11-21;213.1;11;213.1
1976-11-22;166.6;11;166.6
1976-11-23;169.3;11;169.3
1976-11-24;133.3;11;133.3
1976-11-25;108.9;11;108.9
1976-11-26;99.1;11;99.1
1976-11-27;92.5;11;92.5
1976-11-28;89.5;11;89.5
1976-11-29;93.0;11;93.0
1976-11-30;126.5;11;126.5
1976-12-01;100.1;12;100.1
1976-12-02;106.1;12;106.1
1976-12-03;93.5;12;93.5
1976-12-04;91.5;12;91.5
1976-12-05;90.5;12;90.5
1976-12-06;96.5;12;96.5
1976-12-07;233.9;12;233.9
1976-12-08;226.8;12;226.8
1976-12-09;132.8;12;132.8
1976-12-10;218.4;12;218.4
1976-12-11;123.0;12;123.0
1976-12-12;101.3;12;101.3
1976-12-13;90.0;12;90.0
1976-12-14;85.1;12;85.1
1976-12-15;81.1;12;81.1
1976-12-16;95.5;12;95.5
1976-12-17;88.6;12;88.6
1976-12-18;90.4;12;90.4
1976-12-19;86.2;12;86.2
1976-12-20;76.6;12;76.6
1976-12-21;79.8;12;79.8
1976-12-22;71.2;12;71.2
1976-12-23;70.6;12;70.6
1976-12-24;69.7;12;69.7
1976-12-25;66.3;12;66.3
1976-12-26;64.2;12;64.2
1976-12-27;67.9;12;67.9
1976-12-28;74.3;12;74.3
1976-12-29;70.6;12;70.6
1976-12-30;73.9;12;73.9
1976-12-31;67.9;12;67.9
1977-01-01;70.3;1;70.3
1977-01-02;68.5;1;68.5
1977-01-03;65.6;1;65.6
1977-01-04;60.7;1;60.7
1977-01-05;60.0;1;60.0
1977-01-06;58.6;1;58.6
1977-01-07;55.1;1;55.1
1977-01-08;57.2;1;57.2
1977-01-09;56.5;1;56.5
1977-01-10;54.4;1;54.4
1977-01-11;53.3;1;53.3
1977-01-12;53.0;1;53.0
1977-01-13;53.3;1;53.3
1977-01-14;52.4;1;52.4
1977-01-15;51.8;1;51.8
1977-01-16;50.9;1;50.9
1977-01-17;50.0;1;50.0
1977-01-18;60.3;1;60.3
1977-01-19;53.7;1;53.7
1977-01-20;73.9;1;73.9
1977-01-21;57.2;1;57.2
1977-01-22;53.1;1;53.1
1977-01-23;49.4;1;49.4
1977-01-24;47.9;1;47.9
1977-01-25;46.7;1;46.7
1977-01-26;45.8;1;45.8
1977-01-27;45.5;1;45.5
1977-01-28;46.1;1;46.1
1977-01-29;45.8;1;45.8
1977-01-30;45.5;1;45.5
1977-01-31;45.5;1;45.5
1977-02-01;44.3;2;44.3
1977-02-02;43.4;2;43.4
1977-02-03;42.2;2;42.2
1977-02-04;43.4;2;43.4
1977-02-05;42.8;2;42.8
1977-02-06;46.1;2;46.1
1977-02-07;45.5;2;45.5
1977-02-08;62.1;2;62.1
1977-02-09;73.9;2;73.9
1977-02-10;47.0;2;47.0
1977-02-11;47.0;2;47.0
1977-02-12;55.4;2;55.4
1977-02-13;71.3;2;71.3
1977-02-14;61.8;2;61.8
1977-02-15;71.8;2;71.8
1977-02-16;125.0;2;125.0
1977-02-17;153.0;2;153.0
1977-02-18;143.8;2;143.8
1977-02-19;92.8;2;92.8
1977-02-20;77.0;2;77.0
1977-02-21;69.1;2;69.1
1977-02-22;70.0;2;70.0
1977-02-23;56.5;2;56.5
1977-02-24;52.1;2;52.1
1977-02-25;53.0;2;53.0
1977-02-26;50.6;2;50.6
1977-02-27;48.8;2;48.8
1977-02-28;50.0;2;50.0
1977-03-01;45.8;3;45.8
1977-03-02;52.9;3;52.9
1977-03-03;56.5;3;56.5
1977-03-04;64.2;3;64.2
1977-03-05;79.1;3;79.1
1977-03-06;85.7;3;85.7
1977-03-07;70.0;3;70.0
1977-03-08;61.8;3;61.8
1977-03-09;54.0;3;54.0
1977-03-10;77.5;3;77.5
1977-03-11;66.8;3;66.8
1977-03-12;56.8;3;56.8
1977-03-13;53.7;3;53.7
1977-03-14;56.8;3;56.8
1977-03-15;51.8;3;51.8
1977-03-16;90.0;3;90.0
1977-03-17;79.8;3;79.8
1977-03-18;65.6;3;65.6
1977-03-19;62.4;3;62.4
1977-03-20;65.6;3;65.6
1977-03-21;71.0;3;71.0
1977-03-22;53.3;3;53.3
1977-03-23;50.9;3;50.9
1977-03-24;56.5;3;56.5
1977-03-25;119.0;3;119.0
1977-03-26;81.0;3;81.0
1977-03-27;65.3;3;65.3
1977-03-28;69.4;3;69.4
1977-03-29;86.5;3;86.5
1977-03-30;73.8;3;73.8
1977-03-31;85.5;3;85.5
1977-04-01;71.5;4;71.5
1977-04-02;115.3;4;115.3
1977-04-03;143.1;4;143.1
1977-04-04;77.0;4;77.0
1977-04-05;140.0;4;140.0
1977-04-06;93.1;4;93.1
1977-04-07;190.0;4;190.0
1977-04-08;147.5;4;147.5
1977-04-09;116.5;4;116.5
1977-04-10;83.8;4;83.8
1977-04-11;84.6;4;84.6
1977-04-12;173.5;4;173.5
1977-04-13;246.0;4;246.0
1977-04-14;190.0;4;190.0
1977-04-15;223.9;4;223.9
1977-04-16;132.8;4;132.8
1977-04-17;100.5;4;100.5
1977-04-18;176.1;4;176.1
1977-04-19;132.8;4;132.8
1977-04-20;92.8;4;92.8
1977-04-21;99.5;4;99.5
1977-04-22;70.0;4;70.0
1977-04-23;94.0;4;94.0
1977-04-24;136.5;4;136.5
1977-04-25;109.9;4;109.9
1977-04-26;180.4;4;180.4
1977-04-27;135.5;4;135.5
1977-04-28;111.1;4;111.1
1977-04-29;115.0;4;115.0
1977-04-30;143.1;4;143.1
1977-05-01;148.2;5;148.2
1977-05-02;51.8;5;51.8
1977-05-03;84.8;5;84.8
1977-05-04;153.0;5;153.0
1977-05-05;99.5;5;99.5
1977-05-06;96.6;5;96.6
1977-05-07;83.2;5;83.2
1977-05-08;85.1;5;85.1
1977-05-09;111.0;5;111.0
1977-05-10;138.7;5;138.7
1977-05-11;208.8;5;208.8
1977-05-12;311.0;5;311.0
1977-05-13;225.0;5;225.0
1977-05-14;147.0;5;147.0
1977-05-15;159.0;5;159.0
1977-05-16;135.5;5;135.5
1977-05-17;162.0;5;162.0
1977-05-18;284.5;5;284.5
1977-05-19;275.5;5;275.5
1977-05-20;143.1;5;143.1
1977-05-21;135.5;5;135.5
1977-05-22;125.0;5;125.0
1977-05-23;196.5;5;196.5
1977-05-24;310.5;5;310.5
1977-05-25;349.5;5;349.5
1977-05-26;342.0;5;342.0
1977-05-27;345.0;5;345.0
1977-05-28;449.0;5;449.0
1977-05-29;541.0;5;541.0
1977-05-30;346.5;5;346.5
1977-05-31;414.0;5;414.0
1977-06-01;217.5;6;217.5
1977-06-02;176.8;6;176.8
1977-06-03;322.3;6;322.3
1977-06-04;248.8;6;248.8
1977-06-05;210.7;6;210.7
1977-06-06;402.1;6;402.1
1977-06-07;377.3;6;377.3
1977-06-08;304.0;6;304.0
1977-06-09;260.0;6;260.0
1977-06-10;205.6;6;205.6
1977-06-11;186.1;6;186.1
1977-06-12;239.7;6;239.7
1977-06-13;543.6;6;543.6
1977-06-14;327.8;6;327.8
1977-06-15;229.0;6;229.0
1977-06-16;219.8;6;219.8
1977-06-17;281.7;6;281.7
1977-06-18;303.8;6;303.8
1977-06-19;267.0;6;267.0
1977-06-20;203.5;6;203.5
1977-06-21;226.8;6;226.8
1977-06-22;205.3;6;205.3
1977-06-23;210.0;6;210.0
1977-06-24;180.2;6;180.2
1977-06-25;305.3;6;305.3
1977-06-26;304.0;6;304.0
1977-06-27;390.8;6;390.8
1977-06-28;281.5;6;281.5
1977-06-29;203.6;6;203.6
1977-06-30;138.5;6;138.5
1977-07-01;442.0;7;442.0
1977-07-02;278.9;7;278.9
1977-07-03;287.0;7;287.0
1977-07-04;295.2;7;295.2
1977-07-05;285.3;7;285.3
1977-07-06;308.3;7;308.3
1977-07-07;401.0;7;401.0
1977-07-08;503.5;7;503.5
1977-07-09;400.0;7;400.0
1977-07-10;286.8;7;286.8
1977-07-11;251.0;7;251.0
1977-07-12;223.8;7;223.8
1977-07-13;272.5;7;272.5
1977-07-14;151.2;7;151.2
1977-07-15;278.9;7;278.9
1977-07-16;261.4;7;261.4
1977-07-17;229.7;7;229.7
1977-07-18;206.6;7;206.6
1977-07-19;227.1;7;227.1
1977-07-20;223.0;7;223.0
1977-07-21;233.0;7;233.0
1977-07-22;209.8;7;209.8
1977-07-23;207.3;7;207.3
1977-07-24;181.9;7;181.9
1977-07-25;163.2;7;163.2
1977-07-26;205.3;7;205.3
1977-07-27;202.6;7;202.6
1977-07-28;214.5;7;214.5
1977-07-29;190.0;7;190.0
1977-07-30;194.2;7;194.2
1977-07-31;184.4;7;184.4
1977-08-01;171.0;8;171.0
1977-08-02;157.2;8;157.2
1977-08-03;166.5;8;166.5
1977-08-04;285.0;8;285.0
1977-08-05;278.2;8;278.2
1977-08-06;223.0;8;223.0
1977-08-07;169.9;8;169.9
1977-08-08;217.2;8;217.2
1977-08-09;227.8;8;227.8
1977-08-10;179.9;8;179.9
1977-08-11;162.5;8;162.5
1977-08-12;169.3;8;169.3
1977-08-13;160.6;8;160.6
1977-08-14;162.6;8;162.6
1977-08-15;159.0;8;159.0
1977-08-16;260.0;8;260.0
1977-08-17;229.2;8;229.2
1977-08-18;219.9;8;219.9
1977-08-19;151.8;8;151.8
1977-08-20;145.8;8;145.8
1977-08-21;188.6;8;188.6
1977-08-22;167.8;8;167.8
1977-08-23;160.8;8;160.8
1977-08-24;154.8;8;154.8
1977-08-25;148.8;8;148.8
1977-08-26;150.0;8;150.0
1977-08-27;251.6;8;251.6
1977-08-28;163.6;8;163.6
1977-08-29;173.8;8;173.8
1977-08-30;154.8;8;154.8
1977-08-31;199.8;8;199.8
1977-09-01;182.3;9;182.3
1977-09-02;147.0;9;147.0
1977-09-03;181.6;9;181.6
1977-09-04;318.3;9;318.3
1977-09-05;262.8;9;262.8
1977-09-06;252.1;9;252.1
1977-09-07;229.0;9;229.0
1977-09-08;477.6;9;477.6
1977-09-09;422.2;9;422.2
1977-09-10;293.8;9;293.8
1977-09-11;274.7;9;274.7
1977-09-12;239.3;9;239.3
1977-09-13;214.3;9;214.3
1977-09-14;201.0;9;201.0
1977-09-15;203.2;9;203.2
1977-09-16;388.0;9;388.0
1977-09-17;251.6;9;251.6
1977-09-18;213.8;9;213.8
1977-09-19;190.0;9;190.0
1977-09-20;185.8;9;185.8
1977-09-21;262.0;9;262.0
1977-09-22;370.6;9;370.6
1977-09-23;233.9;9;233.9
1977-09-24;201.9;9;201.9
1977-09-25;193.5;9;193.5
1977-09-26;229.7;9;229.7
1977-09-27;167.8;9;167.8
1977-09-28;156.6;9;156.6
1977-09-29;153.6;9;153.6
1977-09-30;150.0;9;150.0
1977-10-01;222.3;10;222.3
1977-10-02;244.9;10;244.9
1977-10-03;176.8;10;176.8
1977-10-04;160.8;10;160.8
1977-10-05;171.9;10;171.9
1977-10-06;159.0;10;159.0
1977-10-07;158.4;10;158.4
1977-10-08;160.8;10;160.8
1977-10-09;242.3;10;242.3
1977-10-10;235.9;10;235.9
1977-10-11;288.6;10;288.6
1977-10-12;235.5;10;235.5
1977-10-13;160.0;10;160.0
1977-10-14;147.5;10;147.5
1977-10-15;190.0;10;190.0
1977-10-16;173.3;10;173.3
1977-10-17;160.2;10;160.2
1977-10-18;318.0;10;318.0
1977-10-19;304.7;10;304.7
1977-10-20;237.8;10;237.8
1977-10-21;349.5;10;349.5
1977-10-22;218.0;10;218.0
1977-10-23;194.9;10;194.9
1977-10-24;167.7;10;167.7
1977-10-25;181.6;10;181.6
1977-10-26;298.0;10;298.0
1977-10-27;362.5;10;362.5
1977-10-28;309.6;10;309.6
1977-10-29;244.3;10;244.3
1977-10-30;159.0;10;159.0
1977-10-31;165.2;10;165.2
1977-11-01;169.4;11;169.4
1977-11-02;153.0;11;153.0
1977-11-03;134.4;11;134.4
1977-11-04;166.6;11;166.6
1977-11-05;178.4;11;178.4
1977-11-06;136.6;11;136.6
1977-11-07;153.0;11;153.0
1977-11-08;162.5;11;162.5
1977-11-09;148.8;11;148.8
1977-11-10;139.3;11;139.3
1977-11-11;196.6;11;196.6
1977-11-12;175.4;11;175.4
1977-11-13;163.0;11;163.0
1977-11-14;206.2;11;206.2
1977-11-15;213.8;11;213.8
1977-11-16;183.0;11;183.0
1977-11-17;148.2;11;148.2
1977-11-18;267.7;11;267.7
1977-11-19;207.3;11;207.3
1977-11-20;172.7;11;172.7
1977-11-21;169.9;11;169.9
1977-11-22;156.6;11;156.6
1977-11-23;134.4;11;134.4
1977-11-24;139.9;11;139.9
1977-11-25;337.8;11;337.8
1977-11-26;184.4;11;184.4
1977-11-27;157.8;11;157.8
1977-11-28;156.0;11;156.0
1977-11-29;122.0;11;122.0
1977-11-30;112.0;11;112.0
1977-12-01;-999.000;12;146.0
1977-12-02;-999.000;12;98.5
1977-12-03;-999.000;12;129.2
1977-12-04;-999.000;12;111.9
1977-12-05;-999.000;12;140.8
1977-12-06;-999.000;12;191.7
1977-12-07;-999.000;12;68.8
1977-12-08;-999.000;12;203.0
1977-12-09;-999.000;12;94.9
1977-12-10;-999.000;12;128.3
1977-12-11;-999.000;12;88.9
1977-12-12;-999.000;12;71.9
1977-12-13;-999.000;12;82.5
1977-12-14;-999.000;12;137.6
1977-12-15;-999.000;12;113.1
1977-12-16;-999.000;12;91.01
1977-12-17;-999.000;12;76.8
1977-12-18;-999.000;12;112.0
1977-12-19;-999.000;12;84.3
1977-12-20;-999.000;12;135.8
1977-12-21;-999.000;12;118.6
1977-12-22;-999.000;12;110.6
1977-12-23;-999.000;12;92.0
1977-12-24;-999.000;12;70.6
1977-12-25;-999.000;12;87.1
1977-12-26;-999.000;12;87.24
1977-12-27;-999.000;12;60.38
1977-12-28;-999.000;12;99.3
1977-12-29;-999.000;12;110.0
1977-12-30;-999.000;12;77.49
1977-12-31;-999.000;12;82.5
1978-01-01;-999.000;1;59.0
1978-01-02;-999.000;1;87.6
1978-01-03;-999.000;1;61.4
1978-01-04;-999.000;1;93.4
1978-01-05;-999.000;1;153.8
1978-01-06;-999.000;1;58.9
1978-01-07;-999.000;1;76.6
1978-01-08;-999.000;1;62.6
1978-01-09;-999.000;1;113.1
1978-01-10;-999.000;1;74.62
1978-01-11;-999.000;1;340.0
1978-01-12;-999.000;1;96.0
1978-01-13;-999.000;1;77.0
1978-01-14;-999.000;1;100.7
1978-01-15;-999.000;1;61.4
1978-01-16;-999.000;1;63.1
1978-01-17;-999.000;1;52.5
1978-01-18;-999.000;1;61.4
1978-01-19;-999.000;1;59.8
1978-01-20;-999.000;1;83.8
1978-01-21;-999.000;1;72.5
1978-01-22;-999.000;1;75.9
1978-01-23;-999.000;1;61.8
1978-01-24;-999.000;1;84.4
1978-01-25;-999.000;1;69.5
1978-01-26;-999.000;1;54.3
1978-01-27;-999.000;1;61.0
1978-01-28;-999.000;1;70.2
1978-01-29;-999.000;1;82.0
1978-01-30;-999.000;1;72.75
1978-01-31;-999.000;1;82.5
1978-02-01;-999.000;2;59.0
1978-02-02;-999.000;2;64.5
1978-02-03;-999.000;2;195.7
1978-02-04;-999.000;2;51.93
1978-02-05;-999.000;2;69.1
1978-02-06;-999.000;2;128.8
1978-02-07;-999.000;2;62.8
1978-02-08;-999.000;2;74.3
1978-02-09;-999.000;2;69.5
1978-02-10;-999.000;2;109.4
1978-02-11;-999.000;2;43.7
1978-02-12;-999.000;2;101.0
1978-02-13;-999.000;2;48.7
1978-02-14;-999.000;2;95.0
1978-02-15;-999.000;2;70.5
1978-02-16;-999.000;2;103.7
1978-02-17;-999.000;2;46.0
1978-02-18;-999.000;2;45.5
1978-02-19;-999.000;2;85.9
1978-02-20;-999.000;2;79.7
1978-02-21;-999.000;2;68.4
1978-02-22;-999.000;2;96.4
1978-02-23;-999.000;2;71.8
1978-02-24;-999.000;2;60.7
1978-02-25;-999.000;2;42.12
1978-02-26;-999.000;2;143.0
1978-02-27;-999.000;2;86.25
1978-02-28;-999.000;2;60.8
1978-03-01;-999.000;3;54.9
1978-03-02;-999.000;3;68.52
1978-03-03;-999.000;3;82.5
1978-03-04;-999.000;3;63.4
1978-03-05;-999.000;3;144.0
1978-03-06;-999.000;3;76.6
1978-03-07;-999.000;3;81.1
1978-03-08;-999.000;3;56.6
1978-03-09;-999.000;3;129.5
1978-03-10;-999.000;3;112.2
1978-03-11;-999.000;3;78.2
1978-03-12;-999.000;3;95.6
1978-03-13;-999.000;3;54.0
1978-03-14;-999.000;3;87.0
1978-03-15;-999.000;3;61.4
1978-03-16;-999.000;3;88.7
1978-03-17;-999.000;3;66.4
1978-03-18;-999.000;3;107.9
1978-03-19;-999.000;3;86.66
1978-03-20;-999.000;3;72.1
1978-03-21;-999.000;3;47.5
1978-03-22;-999.000;3;81.3
1978-03-23;-999.000;3;56.4
1978-03-24;-999.000;3;68.8
1978-03-25;-999.000;3;99.93
1978-03-26;-999.000;3;129.5
1978-03-27;-999.000;3;76.5
1978-03-28;-999.000;3;157.9
1978-03-29;-999.000;3;82.5
1978-03-30;-999.000;3;59.9
1978-03-31;-999.000;3;150.0
1978-04-01;-999.000;4;160.4
1978-04-02;-999.000;4;161.4
1978-04-03;-999.000;4;92.5
1978-04-04;-999.000;4;430.0
1978-04-05;-999.000;4;150.9
1978-04-06;-999.000;4;78.5
1978-04-07;-999.000;4;203.5
1978-04-08;-999.000;4;206.2
1978-04-09;-999.000;4;97.7
1978-04-10;-999.000;4;119.0
1978-04-11;-999.000;4;170.4
1978-04-12;-999.000;4;121.1
1978-04-13;-999.000;4;171.7
1978-04-14;-999.000;4;119.7
1978-04-15;-999.000;4;135.5
1978-04-16;-999.000;4;147.3
1978-04-17;-999.000;4;167.3
1978-04-18;-999.000;4;86.9
1978-04-19;-999.000;4;143.1
1978-04-20;-999.000;4;82.9
1978-04-21;-999.000;4;217.1
1978-04-22;-999.000;4;107.9
1978-04-23;-999.000;4;76.5
1978-04-24;-999.000;4;97.7
1978-04-25;-999.000;4;207.0
1978-04-26;-999.000;4;357.5
1978-04-27;-999.000;4;97.3
1978-04-28;-999.000;4;111.1
1978-04-29;-999.000;4;128.4
1978-04-30;-999.000;4;117.5
1978-05-01;113.0;5;113.0
1978-05-02;359.9;5;359.9
1978-05-03;214.6;5;214.6
1978-05-04;138.5;5;138.5
1978-05-05;111.8;5;111.8
1978-05-06;105.0;5;105.0
1978-05-07;219.8;5;219.8
1978-05-08;157.7;5;157.7
1978-05-09;122.0;5;122.0
1978-05-10;119.8;5;119.8
1978-05-11;128.3;5;128.3
1978-05-12;118.8;5;118.8
1978-05-13;145.2;5;145.2
1978-05-14;143.1;5;143.1
1978-05-15;132.1;5;132.1
1978-05-16;127.4;5;127.4
1978-05-17;148.9;5;148.9
1978-05-18;261.0;5;261.0
1978-05-19;165.7;5;165.7
1978-05-20;130.2;5;130.2
1978-05-21;118.2;5;118.2
1978-05-22;123.7;5;123.7
1978-05-23;115.0;5;115.0
1978-05-24;115.0;5;115.0
1978-05-25;115.4;5;115.4
1978-05-26;99.0;5;99.0
1978-05-27;105.0;5;105.0
1978-05-28;139.7;5;139.7
1978-05-29;117.8;5;117.8
1978-05-30;98.61;5;98.61
1978-05-31;107.4;5;107.4
1978-06-01;143.6;6;143.6
1978-06-02;205.5;6;205.5
1978-06-03;154.3;6;154.3
1978-06-04;143.7;6;143.7
1978-06-05;204.1;6;204.1
1978-06-06;171.4;6;171.4
1978-06-07;200.6;6;200.6
1978-06-08;197.4;6;197.4
1978-06-09;132.6;6;132.6
1978-06-10;132.1;6;132.1
1978-06-11;128.1;6;128.1
1978-06-12;123.7;6;123.7
1978-06-13;172.3;6;172.3
1978-06-14;142.6;6;142.6
1978-06-15;230.2;6;230.2
1978-06-16;246.6;6;246.6
1978-06-17;166.6;6;166.6
1978-06-18;143.7;6;143.7
1978-06-19;131.6;6;131.6
1978-06-20;127.5;6;127.5
1978-06-21;147.3;6;147.3
1978-06-22;140.4;6;140.4
1978-06-23;137.3;6;137.3
1978-06-24;212.9;6;212.9
1978-06-25;196.5;6;196.5
1978-06-26;277.2;6;277.2
1978-06-27;142.1;6;142.1
1978-06-28;136.8;6;136.8
1978-06-29;154.2;6;154.2
1978-06-30;138.5;6;138.5
1978-07-01;217.3;7;217.3
1978-07-02;355.6;7;355.6
1978-07-03;283.1;7;283.1
1978-07-04;204.1;7;204.1
1978-07-05;194.6;7;194.6
1978-07-06;159.9;7;159.9
1978-07-07;239.5;7;239.5
1978-07-08;282.4;7;282.4
1978-07-09;196.4;7;196.4
1978-07-10;195.7;7;195.7
1978-07-11;202.5;7;202.5
1978-07-12;195.0;7;195.0
1978-07-13;231.4;7;231.4
1978-07-14;246.3;7;246.3
1978-07-15;178.1;7;178.1
1978-07-16;163.7;7;163.7
1978-07-17;146.8;7;146.8
1978-07-18;178.5;7;178.5
1978-07-19;165.4;7;165.4
1978-07-20;135.3;7;135.3
1978-07-21;123.2;7;123.2
1978-07-22;117.0;7;117.0
1978-07-23;119.4;7;119.4
1978-07-24;122.4;7;122.4
1978-07-25;143.7;7;143.7
1978-07-26;131.6;7;131.6
1978-07-27;123.2;7;123.2
1978-07-28;245.5;7;245.5
1978-07-29;137.3;7;137.3
1978-07-30;154.2;7;154.2
1978-07-31;191.3;7;191.3
1978-08-01;289.7;8;289.7
1978-08-02;260.7;8;260.7
1978-08-03;160.6;8;160.6
1978-08-04;154.2;8;154.2
1978-08-05;190.8;8;190.8
1978-08-06;210.5;8;210.5
1978-08-07;227.0;8;227.0
1978-08-08;143.1;8;143.1
1978-08-09;137.9;8;137.9
1978-08-10;172.1;8;172.1
1978-08-11;172.1;8;172.1
1978-08-12;151.3;8;151.3
1978-08-13;179.3;8;179.3
1978-08-14;272.0;8;272.0
1978-08-15;902.3;8;902.3
1978-08-16;267.5;8;267.5
1978-08-17;256.4;8;256.4
1978-08-18;217.3;8;217.3
1978-08-19;187.4;8;187.4
1978-08-20;178.1;8;178.1
1978-08-21;178.5;8;178.5
1978-08-22;154.2;8;154.2
1978-08-23;180.5;8;180.5
1978-08-24;142.6;8;142.6
1978-08-25;145.7;8;145.7
1978-08-26;144.3;8;144.3
1978-08-27;128.0;8;128.0
1978-08-28;125.9;8;125.9
1978-08-29;119.2;8;119.2
1978-08-30;118.2;8;118.2
1978-08-31;121.8;8;121.8
1978-09-01;115.8;9;115.8
1978-09-02;123.2;9;123.2
1978-09-03;132.6;9;132.6
1978-09-04;119.0;9;119.0
1978-09-05;113.0;9;113.0
1978-09-06;105.0;9;105.0
1978-09-07;101.8;9;101.8
1978-09-08;165.8;9;165.8
1978-09-09;132.2;9;132.2
1978-09-10;243.7;9;243.7
1978-09-11;150.4;9;150.4
1978-09-12;121.1;9;121.1
1978-09-13;115.0;9;115.0
1978-09-14;107.8;9;107.8
1978-09-15;109.0;9;109.0
1978-09-16;122.8;9;122.8
1978-09-17;143.1;9;143.1
1978-09-18;125.4;9;125.4
1978-09-19;146.7;9;146.7
1978-09-20;113.0;9;113.0
1978-09-21;107.8;9;107.8
1978-09-22;207.8;9;207.8
1978-09-23;286.9;9;286.9
1978-09-24;231.4;9;231.4
1978-09-25;187.4;9;187.4
1978-09-26;152.3;9;152.3
1978-09-27;192.0;9;192.0
1978-09-28;132.6;9;132.6
1978-09-29;156.5;9;156.5
1978-09-30;279.1;9;279.1
1978-10-01;178.5;10;178.5
1978-10-02;207.3;10;207.3
1978-10-03;227.0;10;227.0
1978-10-04;164.8;10;164.8
1978-10-05;166.0;10;166.0
1978-10-06;277.2;10;277.2
1978-10-07;167.5;10;167.5
1978-10-08;148.8;10;148.8
1978-10-09;137.9;10;137.9
1978-10-10;135.2;10;135.2
1978-10-11;125.9;10;125.9
1978-10-12;119.0;10;119.0
1978-10-13;119.0;10;119.0
1978-10-14;122.0;10;122.0
1978-10-15;109.0;10;109.0
1978-10-16;101.0;10;101.0
1978-10-17;115.0;10;115.0
1978-10-18;115.0;10;115.0
1978-10-19;107.0;10;107.0
1978-10-20;113.0;10;113.0
1978-10-21;124.4;10;124.4
1978-10-22;123.2;10;123.2
1978-10-23;200.4;10;200.4
1978-10-24;187.4;10;187.4
1978-10-25;141.5;10;141.5
1978-10-26;105.0;10;105.0
1978-10-27;86.5;10;86.5
1978-10-28;107.0;10;107.0
1978-10-29;93.1;10;93.1
1978-10-30;90.5;10;90.5
1978-10-31;88.2;10;88.2
1978-11-01;297.2;11;297.2
1978-11-02;133.2;11;133.2
1978-11-03;113.0;11;113.0
1978-11-04;107.0;11;107.0
1978-11-05;101.8;11;101.8
1978-11-06;93.1;11;93.1
1978-11-07;408.2;11;408.2
1978-11-08;157.7;11;157.7
1978-11-09;132.6;11;132.6
1978-11-10;122.0;11;122.0
1978-11-11;123.2;11;123.2
1978-11-12;113.0;11;113.0
1978-11-13;127.0;11;127.0
1978-11-14;137.9;11;137.9
1978-11-15;123.2;11;123.2
1978-11-16;126.4;11;126.4
1978-11-17;107.0;11;107.0
1978-11-18;98.2;11;98.2
1978-11-19;95.4;11;95.4
1978-11-20;95.0;11;95.0
1978-11-21;93.5;11;93.5
1978-11-22;88.6;11;88.6
1978-11-23;93.1;11;93.1
1978-11-24;131.6;11;131.6
1978-11-25;107.0;11;107.0
1978-11-26;101.0;11;101.0
1978-11-27;97.0;11;97.0
1978-11-28;85.8;11;85.8
1978-11-29;89.6;11;89.6
1978-11-30;79.5;11;79.5
1978-12-01;89.4;12;89.4
1978-12-02;95.0;12;95.0
1978-12-03;84.1;12;84.1
1978-12-04;89.3;12;89.3
1978-12-05;107.0;12;107.0
1978-12-06;79.2;12;79.2
1978-12-07;86.8;12;86.8
1978-12-08;135.5;12;135.5
1978-12-09;103.0;12;103.0
1978-12-10;96.4;12;96.4
1978-12-11;124.4;12;124.4
1978-12-12;107.0;12;107.0
1978-12-13;97.0;12;97.0
1978-12-14;99.0;12;99.0
1978-12-15;88.7;12;88.7
1978-12-16;85.5;12;85.5
1978-12-17;82.1;12;82.1
1978-12-18;84.6;12;84.6
1978-12-19;88.2;12;88.2
1978-12-20;80.8;12;80.8
1978-12-21;77.6;12;77.6
1978-12-22;75.9;12;75.9
1978-12-23;77.6;12;77.6
1978-12-24;72.6;12;72.6
1978-12-25;70.0;12;70.0
1978-12-26;67.1;12;67.1
1978-12-27;66.3;12;66.3
1978-12-28;66.3;12;66.3
1978-12-29;64.8;12;64.8
1978-12-30;62.3;12;62.3
1978-12-31;61.7;12;61.7
1979-01-01;58.4;1;58.4
1979-01-02;57.9;1;57.9
1979-01-03;57.0;1;57.0
1979-01-04;57.6;1;57.6
1979-01-05;57.3;1;57.3
1979-01-06;57.0;1;57.0
1979-01-07;62.6;1;62.6
1979-01-08;63.7;1;63.7
1979-01-09;62.0;1;62.0
1979-01-10;79.6;1;79.6
1979-01-11;73.9;1;73.9
1979-01-12;61.4;1;61.4
1979-01-13;56.5;1;56.5
1979-01-14;55.7;1;55.7
1979-01-15;56.8;1;56.8
1979-01-16;59.0;1;59.0
1979-01-17;57.0;1;57.0
1979-01-18;59.8;1;59.8
1979-01-19;58.7;1;58.7
1979-01-20;54.3;1;54.3
1979-01-21;54.3;1;54.3
1979-01-22;50.2;1;50.2
1979-01-23;52.4;1;52.4
1979-01-24;53.5;1;53.5
1979-01-25;49.9;1;49.9
1979-01-26;54.8;1;54.8
1979-01-27;89.1;1;89.1
1979-01-28;64.6;1;64.6
1979-01-29;55.1;1;55.1
1979-01-30;51.5;1;51.5
1979-01-31;51.0;1;51.0
1979-02-01;51.0;2;51.0
1979-02-02;49.6;2;49.6
1979-02-03;66.7;2;66.7
1979-02-04;46.6;2;46.6
1979-02-05;46.6;2;46.6
1979-02-06;46.6;2;46.6
1979-02-07;46.0;2;46.0
1979-02-08;46.0;2;46.0
1979-02-09;46.0;2;46.0
1979-02-10;46.0;2;46.0
1979-02-11;46.0;2;46.0
1979-02-12;46.6;2;46.6
1979-02-13;47.1;2;47.1
1979-02-14;46.0;2;46.0
1979-02-15;46.6;2;46.6
1979-02-16;46.6;2;46.6
1979-02-17;46.0;2;46.0
1979-02-18;46.0;2;46.0
1979-02-19;45.5;2;45.5
1979-02-20;45.5;2;45.5
1979-02-21;45.5;2;45.5
1979-02-22;45.5;2;45.5
1979-02-23;45.5;2;45.5
1979-02-24;42.9;2;42.9
1979-02-25;42.9;2;42.9
1979-02-26;42.9;2;42.9
1979-02-27;46.0;2;46.0
1979-02-28;60.7;2;60.7
1979-03-01;51.0;3;51.0
1979-03-02;51.5;3;51.5
1979-03-03;63.8;3;63.8
1979-03-04;66.9;3;66.9
1979-03-05;48.0;3;48.0
1979-03-06;87.7;3;87.7
1979-03-07;80.9;3;80.9
1979-03-08;62.0;3;62.0
1979-03-09;63.1;3;63.1
1979-03-10;58.7;3;58.7
1979-03-11;57.9;3;57.9
1979-03-12;51.0;3;51.0
1979-03-13;47.7;3;47.7
1979-03-14;47.1;3;47.1
1979-03-15;47.1;3;47.1
1979-03-16;46.0;3;46.0
1979-03-17;58.7;3;58.7
1979-03-18;59.8;3;59.8
1979-03-19;65.4;3;65.4
1979-03-20;74.3;3;74.3
1979-03-21;74.3;3;74.3
1979-03-22;95.9;3;95.9
1979-03-23;92.6;3;92.6
1979-03-24;81.1;3;81.1
1979-03-25;75.3;3;75.3
1979-03-26;69.0;3;69.0
1979-03-27;66.6;3;66.6
1979-03-28;66.0;3;66.0
1979-03-29;56.8;3;56.8
1979-03-30;55.9;3;55.9
1979-03-31;94.6;3;94.6
1979-04-01;82.1;4;82.1
1979-04-02;80.8;4;80.8
1979-04-03;79.5;4;79.5
1979-04-04;76.9;4;76.9
1979-04-05;78.9;4;78.9
1979-04-06;75.3;4;75.3
1979-04-07;105.8;4;105.8
1979-04-08;158.8;4;158.8
1979-04-09;217.3;4;217.3
1979-04-10;118.4;4;118.4
1979-04-11;58.1;4;58.1
1979-04-12;90.5;4;90.5
1979-04-13;81.5;4;81.5
1979-04-14;73.0;4;73.0
1979-04-15;208.9;4;208.9
1979-04-16;165.4;4;165.4
1979-04-17;164.2;4;164.2
1979-04-18;187.4;4;187.4
1979-04-19;217.3;4;217.3
1979-04-20;292.1;4;292.1
1979-04-21;285.1;4;285.1
1979-04-22;239.5;4;239.5
1979-04-23;217.3;4;217.3
1979-04-24;216.0;4;216.0
1979-04-25;121.1;4;121.1
1979-04-26;279.5;4;279.5
1979-04-27;357.5;4;357.5
1979-04-28;362.2;4;362.2
1979-04-29;223.3;4;223.3
1979-04-30;172.7;4;172.7
1979-05-01;225.5;5;225.5
1979-05-02;160.8;5;160.8
1979-05-03;289.0;5;289.0
1979-05-04;217.3;5;217.3
1979-05-05;267.0;5;267.0
1979-05-06;308.2;5;308.2
1979-05-07;285.9;5;285.9
1979-05-08;224.0;5;224.0
1979-05-09;210.7;5;210.7
1979-05-10;214.0;5;214.0
1979-05-11;298.5;5;298.5
1979-05-12;149.6;5;149.6
1979-05-13;141.5;5;141.5
1979-05-14;231.4;5;231.4
1979-05-15;217.3;5;217.3
1979-05-16;126.6;5;126.6
1979-05-17;204.1;5;204.1
1979-05-18;298.5;5;298.5
1979-05-19;230.4;5;230.4
1979-05-20;111.0;5;111.0
1979-05-21;131.4;5;131.4
1979-05-22;137.9;5;137.9
1979-05-23;130.6;5;130.6
1979-05-24;115.0;5;115.0
1979-05-25;107.0;5;107.0
1979-05-26;109.0;5;109.0
1979-05-27;251.6;5;251.6
1979-05-28;433.6;5;433.6
1979-05-29;223.3;5;223.3
1979-05-30;136.9;5;136.9
1979-05-31;153.6;5;153.6
1979-06-01;410.0;6;410.0
1979-06-02;421.5;6;421.5
1979-06-03;290.6;6;290.6
1979-06-04;217.3;6;217.3
1979-06-05;173.2;6;173.2
1979-06-06;159.1;6;159.1
1979-06-07;186.1;6;186.1
1979-06-08;173.2;6;173.2
1979-06-09;147.4;6;147.4
1979-06-10;119.4;6;119.4
1979-06-11;246.7;6;246.7
1979-06-12;170.8;6;170.8
1979-06-13;209.2;6;209.2
1979-06-14;217.3;6;217.3
1979-06-15;399.4;6;399.4
1979-06-16;231.4;6;231.4
1979-06-17;257.4;6;257.4
1979-06-18;316.2;6;316.2
1979-06-19;276.0;6;276.0
1979-06-20;308.3;6;308.3
1979-06-21;293.6;6;293.6
1979-06-22;256.4;6;256.4
1979-06-23;265.4;6;265.4
1979-06-24;191.3;6;191.3
1979-06-25;252.9;6;252.9
1979-06-26;235.7;6;235.7
1979-06-27;250.2;6;250.2
1979-06-28;489.0;6;489.0
1979-06-29;334.9;6;334.9
1979-06-30;260.0;6;260.0
1979-07-01;350.0;7;350.0
1979-07-02;188.7;7;188.7
1979-07-03;328.0;7;328.0
1979-07-04;230.6;7;230.6
1979-07-05;302.1;7;302.1
1979-07-06;381.0;7;381.0
1979-07-07;367.4;7;367.4
1979-07-08;264.2;7;264.2
1979-07-09;251.6;7;251.6
1979-07-10;257.2;7;257.2
1979-07-11;274.5;7;274.5
1979-07-12;238.5;7;238.5
1979-07-13;224.7;7;224.7
1979-07-14;312.8;7;312.8
1979-07-15;238.7;7;238.7
1979-07-16;264.2;7;264.2
1979-07-17;330.6;7;330.6
1979-07-18;288.7;7;288.7
1979-07-19;175.4;7;175.4
1979-07-20;189.3;7;189.3
1979-07-21;238.5;7;238.5
1979-07-22;179.3;7;179.3
1979-07-23;240.0;7;240.0
1979-07-24;352.4;7;352.4
1979-07-25;358.9;7;358.9
1979-07-26;192.0;7;192.0
1979-07-27;205.4;7;205.4
1979-07-28;187.2;7;187.2
1979-07-29;163.6;7;163.6
1979-07-30;158.8;7;158.8
1979-07-31;211.9;7;211.9
1979-08-01;204.8;8;204.8
1979-08-02;157.7;8;157.7
1979-08-03;161.2;8;161.2
1979-08-04;158.8;8;158.8
1979-08-05;144.3;8;144.3
1979-08-06;198.0;8;198.0
1979-08-07;160.1;8;160.1
1979-08-08;143.1;8;143.1
1979-08-09;207.2;8;207.2
1979-08-10;146.3;8;146.3
1979-08-11;190.2;8;190.2
1979-08-12;149.6;8;149.6
1979-08-13;119.0;8;119.0
1979-08-14;122.4;8;122.4
1979-08-15;130.1;8;130.1
1979-08-16;200.4;8;200.4
1979-08-17;140.4;8;140.4
1979-08-18;128.5;8;128.5
1979-08-19;119.0;8;119.0
1979-08-20;119.2;8;119.2
1979-08-21;113.0;8;113.0
1979-08-22;210.5;8;210.5
1979-08-23;124.4;8;124.4
1979-08-24;238.5;8;238.5
1979-08-25;273.1;8;273.1
1979-08-26;244.5;8;244.5
1979-08-27;124.4;8;124.4
1979-08-28;251.6;8;251.6
1979-08-29;171.5;8;171.5
1979-08-30;-999.000;8;137.0
1979-08-31;-999.000;8;232.2
1979-09-01;154.2;9;154.2
1979-09-02;117.0;9;117.0
1979-09-03;115.0;9;115.0
1979-09-04;236.4;9;236.4
1979-09-05;231.4;9;231.4
1979-09-06;333.0;9;333.0
1979-09-07;310.2;9;310.2
1979-09-08;179.4;9;179.4
1979-09-09;148.9;9;148.9
1979-09-10;297.4;9;297.4
1979-09-11;163.0;9;163.0
1979-09-12;115.0;9;115.0
1979-09-13;143.1;9;143.1
1979-09-14;115.0;9;115.0
1979-09-15;146.8;9;146.8
1979-09-16;146.3;9;146.3
1979-09-17;125.8;9;125.8
1979-09-18;209.3;9;209.3
1979-09-19;245.7;9;245.7
1979-09-20;239.1;9;239.1
1979-09-21;156.5;9;156.5
1979-09-22;197.2;9;197.2
1979-09-23;172.1;9;172.1
1979-09-24;176.9;9;176.9
1979-09-25;154.2;9;154.2
1979-09-26;156.6;9;156.6
1979-09-27;145.2;9;145.2
1979-09-28;143.1;9;143.1
1979-09-29;148.9;9;148.9
1979-09-30;115.0;9;115.0
1979-10-01;114.6;10;114.6
1979-10-02;129.6;10;129.6
1979-10-03;124.4;10;124.4
1979-10-04;123.2;10;123.2
1979-10-05;132.6;10;132.6
1979-10-06;148.9;10;148.9
1979-10-07;178.5;10;178.5
1979-10-08;167.4;10;167.4
1979-10-09;175.7;10;175.7
1979-10-10;122.4;10;122.4
1979-10-11;125.4;10;125.4
1979-10-12;147.9;10;147.9
1979-10-13;124.5;10;124.5
1979-10-14;123.2;10;123.2
1979-10-15;115.0;10;115.0
1979-10-16;210.8;10;210.8
1979-10-17;399.0;10;399.0
1979-10-18;256.1;10;256.1
1979-10-19;161.0;10;161.0
1979-10-20;131.8;10;131.8
1979-10-21;128.4;10;128.4
1979-10-22;131.6;10;131.6
1979-10-23;122.4;10;122.4
1979-10-24;244.5;10;244.5
1979-10-25;123.2;10;123.2
1979-10-26;118.4;10;118.4
1979-10-27;134.7;10;134.7
1979-10-28;128.4;10;128.4
1979-10-29;130.6;10;130.6
1979-10-30;113.0;10;113.0
1979-10-31;149.5;10;149.5
1979-11-01;94.6;11;94.6
1979-11-02;108.6;11;108.6
1979-11-03;99.0;11;99.0
1979-11-04;98.2;11;98.2
1979-11-05;103.0;11;103.0
1979-11-06;95.0;11;95.0
1979-11-07;97.6;11;97.6
1979-11-08;94.0;11;94.0
1979-11-09;115.2;11;115.2
1979-11-10;119.2;11;119.2
1979-11-11;133.7;11;133.7
1979-11-12;107.8;11;107.8
1979-11-13;92.8;11;92.8
1979-11-14;96.6;11;96.6
1979-11-15;138.3;11;138.3
1979-11-16;133.7;11;133.7
1979-11-17;100.2;11;100.2
1979-11-18;111.0;11;111.0
1979-11-19;95.8;11;95.8
1979-11-20;129.5;11;129.5
1979-11-21;119.0;11;119.0
1979-11-22;101.0;11;101.0
1979-11-23;103.0;11;103.0
1979-11-24;99.0;11;99.0
1979-11-25;128.4;11;128.4
1979-11-26;105.0;11;105.0
1979-11-27;113.0;11;113.0
1979-11-28;145.5;11;145.5
1979-11-29;99.0;11;99.0
1979-11-30;97.1;11;97.1
1979-12-01;132.6;12;132.6
1979-12-02;127.5;12;127.5
1979-12-03;95.0;12;95.0
1979-12-04;115.0;12;115.0
1979-12-05;99.0;12;99.0
1979-12-06;111.0;12;111.0
1979-12-07;139.5;12;139.5
1979-12-08;149.7;12;149.7
1979-12-09;107.0;12;107.0
1979-12-10;98.6;12;98.6
1979-12-11;86.5;12;86.5
1979-12-12;95.0;12;95.0
1979-12-13;89.4;12;89.4
1979-12-14;82.5;12;82.5
1979-12-15;80.8;12;80.8
1979-12-16;89.4;12;89.4
1979-12-17;127.0;12;127.0
1979-12-18;104.7;12;104.7
1979-12-19;95.2;12;95.2
1979-12-20;109.0;12;109.0
1979-12-21;93.1;12;93.1
1979-12-22;82.5;12;82.5
1979-12-23;80.8;12;80.8
1979-12-24;80.8;12;80.8
1979-12-25;78.8;12;78.8
1979-12-26;77.6;12;77.6
1979-12-27;74.9;12;74.9
1979-12-28;76.9;12;76.9
1979-12-29;78.5;12;78.5
1979-12-30;75.9;12;75.9
1979-12-31;75.6;12;75.6
1980-01-01;80.1;1;80.1
1980-01-02;111.0;1;111.0
1980-01-03;101.0;1;101.0
1980-01-04;87.5;1;87.5
1980-01-05;85.6;1;85.6
1980-01-06;74.3;1;74.3
1980-01-07;72.6;1;72.6
1980-01-08;74.3;1;74.3
1980-01-09;67.7;1;67.7
1980-01-10;69.3;1;69.3
1980-01-11;66.3;1;66.3
1980-01-12;69.3;1;69.3
1980-01-13;69.0;1;69.0
1980-01-14;67.7;1;67.7
1980-01-15;78.6;1;78.6
1980-01-16;77.6;1;77.6
1980-01-17;71.0;1;71.0
1980-01-18;74.3;1;74.3
1980-01-19;74.2;1;74.2
1980-01-20;77.6;1;77.6
1980-01-21;103.2;1;103.2
1980-01-22;84.1;1;84.1
1980-01-23;72.0;1;72.0
1980-01-24;74.2;1;74.2
1980-01-25;87.5;1;87.5
1980-01-26;74.6;1;74.6
1980-01-27;65.4;1;65.4
1980-01-28;66.0;1;66.0
1980-01-29;64.0;1;64.0
1980-01-30;64.8;1;64.8
1980-01-31;65.8;1;65.8
1980-02-01;62.6;2;62.6
1980-02-02;64.8;2;64.8
1980-02-03;64.8;2;64.8
1980-02-04;62.0;2;62.0
1980-02-05;62.0;2;62.0
1980-02-06;71.0;2;71.0
1980-02-07;65.7;2;65.7
1980-02-08;63.1;2;63.1
1980-02-09;66.0;2;66.0
1980-02-10;60.1;2;60.1
1980-02-11;57.3;2;57.3
1980-02-12;56.5;2;56.5
1980-02-13;56.2;2;56.2
1980-02-14;55.9;2;55.9
1980-02-15;55.4;2;55.4
1980-02-16;52.9;2;52.9
1980-02-17;51.0;2;51.0
1980-02-18;55.7;2;55.7
1980-02-19;57.3;2;57.3
1980-02-20;56.2;2;56.2
1980-02-21;59.0;2;59.0
1980-02-22;56.5;2;56.5
1980-02-23;51.5;2;51.5
1980-02-24;51.0;2;51.0
1980-02-25;50.2;2;50.2
1980-02-26;50.4;2;50.4
1980-02-27;49.1;2;49.1
1980-02-28;49.9;2;49.9
1980-02-29;49.6;2;49.6
1980-03-01;49.3;3;49.3
1980-03-02;49.3;3;49.3
1980-03-03;46.9;3;46.9
1980-03-04;45.5;3;45.5
1980-03-05;45.5;3;45.5
1980-03-06;45.5;3;45.5
1980-03-07;45.5;3;45.5
1980-03-08;45.5;3;45.5
1980-03-09;45.5;3;45.5
1980-03-10;49.1;3;49.1
1980-03-11;49.1;3;49.1
1980-03-12;46.9;3;46.9
1980-03-13;52.1;3;52.1
1980-03-14;80.9;3;80.9
1980-03-15;104.7;3;104.7
1980-03-16;81.3;3;81.3
1980-03-17;55.9;3;55.9
1980-03-18;51.0;3;51.0
1980-03-19;53.2;3;53.2
1980-03-20;62.1;3;62.1
1980-03-21;53.7;3;53.7
1980-03-22;51.0;3;51.0
1980-03-23;119.8;3;119.8
1980-03-24;103.2;3;103.2
1980-03-25;85.3;3;85.3
1980-03-26;111.0;3;111.0
1980-03-27;138.3;3;138.3
1980-03-28;145.5;3;145.5
1980-03-29;145.5;3;145.5
1980-03-30;156.0;3;156.0
1980-03-31;178.9;3;178.9
1980-04-01;115.0;4;115.0
1980-04-02;128.4;4;128.4
1980-04-03;111.0;4;111.0
1980-04-04;103.0;4;103.0
1980-04-05;95.0;4;95.0
1980-04-06;74.6;4;74.6
1980-04-07;72.0;4;72.0
1980-04-08;72.0;4;72.0
1980-04-09;68.4;4;68.4
1980-04-10;84.1;4;84.1
1980-04-11;75.9;4;75.9
1980-04-12;71.7;4;71.7
1980-04-13;68.4;4;68.4
1980-04-14;63.4;4;63.4
1980-04-15;123.1;4;123.1
1980-04-16;96.2;4;96.2
1980-04-17;100.0;4;100.0
1980-04-18;124.4;4;124.4
1980-04-19;115.0;4;115.0
1980-04-20;135.5;4;135.5
1980-04-21;186.0;4;186.0
1980-04-22;235.4;4;235.4
1980-04-23;128.4;4;128.4
1980-04-24;103.0;4;103.0
1980-04-25;140.4;4;140.4
1980-04-26;115.2;4;115.2
1980-04-27;150.1;4;150.1
1980-04-28;108.6;4;108.6
1980-04-29;103.4;4;103.4
1980-04-30;92.4;4;92.4
1980-05-01;95.2;5;95.2
1980-05-02;123.2;5;123.2
1980-05-03;95.8;5;95.8
1980-05-04;338.1;5;338.1
1980-05-05;323.0;5;323.0
1980-05-06;172.1;5;172.1
1980-05-07;150.1;5;150.1
1980-05-08;150.1;5;150.1
1980-05-09;150.0;5;150.0
1980-05-10;123.2;5;123.2
1980-05-11;111.0;5;111.0
1980-05-12;116.3;5;116.3
1980-05-13;153.2;5;153.2
1980-05-14;163.2;5;163.2
1980-05-15;127.5;5;127.5
1980-05-16;124.5;5;124.5
1980-05-17;119.2;5;119.2
1980-05-18;124.8;5;124.8
1980-05-19;169.7;5;169.7
1980-05-20;131.3;5;131.3
1980-05-21;126.6;5;126.6
1980-05-22;150.0;5;150.0
1980-05-23;124.9;5;124.9
1980-05-24;175.7;5;175.7
1980-05-25;130.0;5;130.0
1980-05-26;260.2;5;260.2
1980-05-27;257.0;5;257.0
1980-05-28;140.7;5;140.7
1980-05-29;139.4;5;139.4
1980-05-30;162.5;5;162.5
1980-05-31;129.0;5;129.0
1980-06-01;167.5;6;167.5
1980-06-02;187.2;6;187.2
1980-06-03;182.4;6;182.4
1980-06-04;223.7;6;223.7
1980-06-05;222.8;6;222.8
1980-06-06;168.4;6;168.4
1980-06-07;290.2;6;290.2
1980-06-08;358.9;6;358.9
1980-06-09;260.0;6;260.0
1980-06-10;262.9;6;262.9
1980-06-11;413.0;6;413.0
1980-06-12;267.7;6;267.7
1980-06-13;356.1;6;356.1
1980-06-14;276.6;6;276.6
1980-06-15;254.4;6;254.4
1980-06-16;276.0;6;276.0
1980-06-17;240.2;6;240.2
1980-06-18;240.6;6;240.6
1980-06-19;194.6;6;194.6
1980-06-20;294.4;6;294.4
1980-06-21;261.8;6;261.8
1980-06-22;232.1;6;232.1
1980-06-23;193.2;6;193.2
1980-06-24;186.1;6;186.1
1980-06-25;173.2;6;173.2
1980-06-26;321.1;6;321.1
1980-06-27;387.0;6;387.0
1980-06-28;283.6;6;283.6
1980-06-29;275.7;6;275.7
1980-06-30;234.3;6;234.3
1980-07-01;231.4;7;231.4
1980-07-02;317.7;7;317.7
1980-07-03;443.1;7;443.1
1980-07-04;260.0;7;260.0
1980-07-05;571.0;7;571.0
1980-07-06;401.0;7;401.0
1980-07-07;283.5;7;283.5
1980-07-08;245.9;7;245.9
1980-07-09;248.7;7;248.7
1980-07-10;368.9;7;368.9
1980-07-11;267.5;7;267.5
1980-07-12;262.5;7;262.5
1980-07-13;231.4;7;231.4
1980-07-14;217.3;7;217.3
1980-07-15;241.6;7;241.6
1980-07-16;241.6;7;241.6
1980-07-17;258.3;7;258.3
1980-07-18;238.5;7;238.5
1980-07-19;219.3;7;219.3
1980-07-20;212.0;7;212.0
1980-07-21;271.2;7;271.2
1980-07-22;373.7;7;373.7
1980-07-23;381.2;7;381.2
1980-07-24;385.2;7;385.2
1980-07-25;254.3;7;254.3
1980-07-26;221.6;7;221.6
1980-07-27;231.8;7;231.8
1980-07-28;249.2;7;249.2
1980-07-29;193.9;7;193.9
1980-07-30;174.4;7;174.4
1980-07-31;227.0;7;227.0
1980-08-01;292.8;8;292.8
1980-08-02;188.3;8;188.3
1980-08-03;169.0;8;169.0
1980-08-04;156.0;8;156.0
1980-08-05;148.4;8;148.4
1980-08-06;214.1;8;214.1
1980-08-07;206.9;8;206.9
1980-08-08;167.2;8;167.2
1980-08-09;252.9;8;252.9
1980-08-10;305.2;8;305.2
1980-08-11;179.4;8;179.4
1980-08-12;155.9;8;155.9
1980-08-13;145.2;8;145.2
1980-08-14;137.8;8;137.8
1980-08-15;214.3;8;214.3
1980-08-16;293.6;8;293.6
1980-08-17;173.4;8;173.4
1980-08-18;221.4;8;221.4
1980-08-19;247.3;8;247.3
1980-08-20;157.2;8;157.2
1980-08-21;149.6;8;149.6
1980-08-22;139.4;8;139.4
1980-08-23;134.2;8;134.2
1980-08-24;133.7;8;133.7
1980-08-25;115.0;8;115.0
1980-08-26;112.6;8;112.6
1980-08-27;119.8;8;119.8
1980-08-28;265.0;8;265.0
1980-08-29;243.9;8;243.9
1980-08-30;157.1;8;157.1
1980-08-31;148.4;8;148.4
1980-09-01;128.5;9;128.5
1980-09-02;133.7;9;133.7
1980-09-03;118.2;9;118.2
1980-09-04;120.3;9;120.3
1980-09-05;278.0;9;278.0
1980-09-06;262.2;9;262.2
1980-09-07;172.1;9;172.1
1980-09-08;161.4;9;161.4
1980-09-09;156.5;9;156.5
1980-09-10;283.6;9;283.6
1980-09-11;150.7;9;150.7
1980-09-12;166.0;9;166.0
1980-09-13;238.5;9;238.5
1980-09-14;146.4;9;146.4
1980-09-15;130.6;9;130.6
1980-09-16;132.6;9;132.6
1980-09-17;184.5;9;184.5
1980-09-18;146.8;9;146.8
1980-09-19;140.7;9;140.7
1980-09-20;161.4;9;161.4
1980-09-21;135.8;9;135.8
1980-09-22;179.9;9;179.9
1980-09-23;237.9;9;237.9
1980-09-24;208.6;9;208.6
1980-09-25;144.2;9;144.2
1980-09-26;135.3;9;135.3
1980-09-27;133.2;9;133.2
1980-09-28;130.6;9;130.6
1980-09-29;140.3;9;140.3
1980-09-30;123.2;9;123.2
1980-10-01;119.8;10;119.8
1980-10-02;128.4;10;128.4
1980-10-03;115.0;10;115.0
1980-10-04;143.6;10;143.6
1980-10-05;119.8;10;119.8
1980-10-06;211.5;10;211.5
1980-10-07;166.3;10;166.3
1980-10-08;124.3;10;124.3
1980-10-09;155.4;10;155.4
1980-10-10;187.0;10;187.0
1980-10-11;133.2;10;133.2
1980-10-12;129.0;10;129.0
1980-10-13;123.2;10;123.2
1980-10-14;115.8;10;115.8
1980-10-15;154.9;10;154.9
1980-10-16;129.6;10;129.6
1980-10-17;115.0;10;115.0
1980-10-18;413.0;10;413.0
1980-10-19;210.5;10;210.5
1980-10-20;174.4;10;174.4
1980-10-21;144.2;10;144.2
1980-10-22;125.4;10;125.4
1980-10-23;115.0;10;115.0
1980-10-24;134.2;10;134.2
1980-10-25;145.8;10;145.8
1980-10-26;178.1;10;178.1
1980-10-27;159.5;10;159.5
1980-10-28;129.6;10;129.6
1980-10-29;116.7;10;116.7
1980-10-30;139.5;10;139.5
1980-10-31;119.2;10;119.2
1980-11-01;124.4;11;124.4
1980-11-02;139.0;11;139.0
1980-11-03;203.5;11;203.5
1980-11-04;161.0;11;161.0
1980-11-05;124.3;11;124.3
1980-11-06;119.8;11;119.8
1980-11-07;111.0;11;111.0
1980-11-08;103.0;11;103.0
1980-11-09;96.2;11;96.2
1980-11-10;92.7;11;92.7
1980-11-11;88.2;11;88.2
1980-11-12;115.8;11;115.8
1980-11-13;99.8;11;99.8
1980-11-14;119.8;11;119.8
1980-11-15;104.2;11;104.2
1980-11-16;107.0;11;107.0
1980-11-17;101.0;11;101.0
1980-11-18;112.8;11;112.8
1980-11-19;107.0;11;107.0
1980-11-20;103.8;11;103.8
1980-11-21;88.2;11;88.2
1980-11-22;85.2;11;85.2
1980-11-23;89.0;11;89.0
1980-11-24;86.6;11;86.6
1980-11-25;81.1;11;81.1
1980-11-26;86.3;11;86.3
1980-11-27;78.5;11;78.5
1980-11-28;75.6;11;75.6
1980-11-29;74.3;11;74.3
1980-11-30;74.6;11;74.6
1980-12-01;80.9;12;80.9
1980-12-02;99.8;12;99.8
1980-12-03;81.8;12;81.8
1980-12-04;78.5;12;78.5
1980-12-05;79.2;12;79.2
1980-12-06;77.6;12;77.6
1980-12-07;124.1;12;124.1
1980-12-08;125.7;12;125.7
1980-12-09;111.0;12;111.0
1980-12-10;81.8;12;81.8
1980-12-11;78.2;12;78.2
1980-12-12;76.2;12;76.2
1980-12-13;77.2;12;77.2
1980-12-14;74.3;12;74.3
1980-12-15;73.3;12;73.3
1980-12-16;76.4;12;76.4
1980-12-17;84.1;12;84.1
1980-12-18;84.9;12;84.9
1980-12-19;81.1;12;81.1
1980-12-20;75.9;12;75.9
1980-12-21;70.7;12;70.7
1980-12-22;70.7;12;70.7
1980-12-23;68.7;12;68.7
1980-12-24;67.6;12;67.6
1980-12-25;72.9;12;72.9
1980-12-26;73.5;12;73.5
1980-12-27;76.8;12;76.8
1980-12-28;75.8;12;75.8
1980-12-29;77.6;12;77.6
1980-12-30;90.1;12;90.1
1980-12-31;79.6;12;79.6
1981-01-01;77.0;1;77.0
1981-01-02;75.9;1;75.9
1981-01-03;72.6;1;72.6
1981-01-04;67.1;1;67.1
1981-01-05;64.1;1;64.1
1981-01-06;63.4;1;63.4
1981-01-07;63.1;1;63.1
1981-01-08;63.9;1;63.9
1981-01-09;71.3;1;71.3
1981-01-10;67.1;1;67.1
1981-01-11;65.2;1;65.2
1981-01-12;69.5;1;69.5
1981-01-13;63.5;1;63.5
1981-01-14;62.4;1;62.4
1981-01-15;61.7;1;61.7
1981-01-16;61.5;1;61.5
1981-01-17;58.7;1;58.7
1981-01-18;57.8;1;57.8
1981-01-19;57.7;1;57.7
1981-01-20;57.5;1;57.5
1981-01-21;56.3;1;56.3
1981-01-22;55.0;1;55.0
1981-01-23;54.2;1;54.2
1981-01-24;53.5;1;53.5
1981-01-25;53.0;1;53.0
1981-01-26;52.6;1;52.6
1981-01-27;52.4;1;52.4
1981-01-28;51.7;1;51.7
1981-01-29;52.0;1;52.0
1981-01-30;55.4;1;55.4
1981-01-31;55.2;1;55.2
1981-02-01;52.8;2;52.8
1981-02-02;51.5;2;51.5
1981-02-03;50.5;2;50.5
1981-02-04;50.4;2;50.4
1981-02-05;49.9;2;49.9
1981-02-06;49.9;2;49.9
1981-02-07;51.1;2;51.1
1981-02-08;49.4;2;49.4
1981-02-09;54.0;2;54.0
1981-02-10;53.3;2;53.3
1981-02-11;50.4;2;50.4
1981-02-12;48.8;2;48.8
1981-02-13;48.5;2;48.5
1981-02-14;50.6;2;50.6
1981-02-15;53.9;2;53.9
1981-02-16;52.6;2;52.6
1981-02-17;53.3;2;53.3
1981-02-18;51.3;2;51.3
1981-02-19;62.1;2;62.1
1981-02-20;65.7;2;65.7
1981-02-21;58.1;2;58.1
1981-02-22;73.6;2;73.6
1981-02-23;91.3;2;91.3
1981-02-24;101.1;2;101.1
1981-02-25;128.8;2;128.8
1981-02-26;122.0;2;122.0
1981-02-27;112.2;2;112.2
1981-02-28;150.9;2;150.9
1981-03-01;105.0;3;105.0
1981-03-02;273.0;3;273.0
1981-03-03;146.1;3;146.1
1981-03-04;102.0;3;102.0
1981-03-05;86.4;3;86.4
1981-03-06;94.7;3;94.7
1981-03-07;107.5;3;107.5
1981-03-08;91.9;3;91.9
1981-03-09;88.8;3;88.8
1981-03-10;112.7;3;112.7
1981-03-11;105.4;3;105.4
1981-03-12;85.2;3;85.2
1981-03-13;76.4;3;76.4
1981-03-14;72.3;3;72.3
1981-03-15;73.4;3;73.4
1981-03-16;75.6;3;75.6
1981-03-17;70.0;3;70.0
1981-03-18;72.9;3;72.9
1981-03-19;101.4;3;101.4
1981-03-20;73.7;3;73.7
1981-03-21;69.9;3;69.9
1981-03-22;71.1;3;71.1
1981-03-23;82.6;3;82.6
1981-03-24;68.5;3;68.5
1981-03-25;67.4;3;67.4
1981-03-26;78.9;3;78.9
1981-03-27;81.7;3;81.7
1981-03-28;76.5;3;76.5
1981-03-29;68.4;3;68.4
1981-03-30;64.9;3;64.9
1981-03-31;62.2;3;62.2
1981-04-01;78.5;4;78.5
1981-04-02;74.0;4;74.0
1981-04-03;68.6;4;68.6
1981-04-04;83.0;4;83.0
1981-04-05;103.3;4;103.3
1981-04-06;155.1;4;155.1
1981-04-07;102.3;4;102.3
1981-04-08;88.3;4;88.3
1981-04-09;99.8;4;99.8
1981-04-10;94.3;4;94.3
1981-04-11;84.0;4;84.0
1981-04-12;198.4;4;198.4
1981-04-13;163.9;4;163.9
1981-04-14;174.1;4;174.1
1981-04-15;126.1;4;126.1
1981-04-16;124.5;4;124.5
1981-04-17;213.7;4;213.7
1981-04-18;216.7;4;216.7
1981-04-19;163.1;4;163.1
1981-04-20;123.3;4;123.3
1981-04-21;180.1;4;180.1
1981-04-22;154.3;4;154.3
1981-04-23;113.2;4;113.2
1981-04-24;124.0;4;124.0
1981-04-25;123.1;4;123.1
1981-04-26;142.4;4;142.4
1981-04-27;119.2;4;119.2
1981-04-28;100.3;4;100.3
1981-04-29;93.9;4;93.9
1981-04-30;171.7;4;171.7
1981-05-01;120.4;5;120.4
1981-05-02;142.8;5;142.8
1981-05-03;123.7;5;123.7
1981-05-04;200.5;5;200.5
1981-05-05;145.3;5;145.3
1981-05-06;131.1;5;131.1
1981-05-07;111.4;5;111.4
1981-05-08;124.1;5;124.1
1981-05-09;120.5;5;120.5
1981-05-10;104.3;5;104.3
1981-05-11;119.1;5;119.1
1981-05-12;124.2;5;124.2
1981-05-13;126.8;5;126.8
1981-05-14;109.1;5;109.1
1981-05-15;103.0;5;103.0
1981-05-16;177.8;5;177.8
1981-05-17;148.0;5;148.0
1981-05-18;152.5;5;152.5
1981-05-19;129.4;5;129.4
1981-05-20;139.1;5;139.1
1981-05-21;146.7;5;146.7
1981-05-22;246.0;5;246.0
1981-05-23;272.9;5;272.9
1981-05-24;227.5;5;227.5
1981-05-25;181.9;5;181.9
1981-05-26;159.3;5;159.3
1981-05-27;220.1;5;220.1
1981-05-28;171.1;5;171.1
1981-05-29;322.3;5;322.3
1981-05-30;227.7;5;227.7
1981-05-31;192.2;5;192.2
1981-06-01;157.8;6;157.8
1981-06-02;139.5;6;139.5
1981-06-03;130.9;6;130.9
1981-06-04;135.8;6;135.8
1981-06-05;125.2;6;125.2
1981-06-06;170.6;6;170.6
1981-06-07;200.1;6;200.1
1981-06-08;158.1;6;158.1
1981-06-09;231.9;6;231.9
1981-06-10;287.0;6;287.0
1981-06-11;192.6;6;192.6
1981-06-12;217.3;6;217.3
1981-06-13;360.5;6;360.5
1981-06-14;276.0;6;276.0
1981-06-15;220.0;6;220.0
1981-06-16;186.9;6;186.9
1981-06-17;186.1;6;186.1
1981-06-18;217.3;6;217.3
1981-06-19;300.5;6;300.5
1981-06-20;255.1;6;255.1
1981-06-21;291.4;6;291.4
1981-06-22;273.5;6;273.5
1981-06-23;216.2;6;216.2
1981-06-24;263.0;6;263.0
1981-06-25;215.6;6;215.6
1981-06-26;182.5;6;182.5
1981-06-27;211.5;6;211.5
1981-06-28;198.4;6;198.4
1981-06-29;190.6;6;190.6
1981-06-30;169.6;6;169.6
1981-07-01;172.0;7;172.0
1981-07-02;198.0;7;198.0
1981-07-03;161.2;7;161.2
1981-07-04;305.8;7;305.8
1981-07-05;227.6;7;227.6
1981-07-06;393.1;7;393.1
1981-07-07;345.4;7;345.4
1981-07-08;319.7;7;319.7
1981-07-09;298.7;7;298.7
1981-07-10;280.8;7;280.8
1981-07-11;251.4;7;251.4
1981-07-12;272.4;7;272.4
1981-07-13;239.9;7;239.9
1981-07-14;208.2;7;208.2
1981-07-15;189.6;7;189.6
1981-07-16;177.6;7;177.6
1981-07-17;173.9;7;173.9
1981-07-18;203.0;7;203.0
1981-07-19;243.1;7;243.1
1981-07-20;359.9;7;359.9
1981-07-21;260.2;7;260.2
1981-07-22;198.4;7;198.4
1981-07-23;176.0;7;176.0
1981-07-24;170.9;7;170.9
1981-07-25;184.6;7;184.6
1981-07-26;196.6;7;196.6
1981-07-27;166.2;7;166.2
1981-07-28;147.9;7;147.9
1981-07-29;139.9;7;139.9
1981-07-30;158.6;7;158.6
1981-07-31;151.1;7;151.1
1981-08-01;149.3;8;149.3
1981-08-02;140.9;8;140.9
1981-08-03;140.8;8;140.8
1981-08-04;126.6;8;126.6
1981-08-05;126.0;8;126.0
1981-08-06;139.4;8;139.4
1981-08-07;121.9;8;121.9
1981-08-08;124.2;8;124.2
1981-08-09;189.2;8;189.2
1981-08-10;142.8;8;142.8
1981-08-11;176.6;8;176.6
1981-08-12;221.0;8;221.0
1981-08-13;206.0;8;206.0
1981-08-14;183.2;8;183.2
1981-08-15;145.0;8;145.0
1981-08-16;137.1;8;137.1
1981-08-17;162.4;8;162.4
1981-08-18;151.7;8;151.7
1981-08-19;157.4;8;157.4
1981-08-20;139.5;8;139.5
1981-08-21;130.5;8;130.5
1981-08-22;120.2;8;120.2
1981-08-23;113.4;8;113.4
1981-08-24;112.7;8;112.7
1981-08-25;255.9;8;255.9
1981-08-26;178.5;8;178.5
1981-08-27;132.3;8;132.3
1981-08-28;124.7;8;124.7
1981-08-29;136.4;8;136.4
1981-08-30;145.0;8;145.0
1981-08-31;192.0;8;192.0
1981-09-01;200.5;9;200.5
1981-09-02;130.2;9;130.2
1981-09-03;120.4;9;120.4
1981-09-04;114.2;9;114.2
1981-09-05;111.3;9;111.3
1981-09-06;160.3;9;160.3
1981-09-07;134.3;9;134.3
1981-09-08;126.3;9;126.3
1981-09-09;115.4;9;115.4
1981-09-10;130.4;9;130.4
1981-09-11;126.2;9;126.2
1981-09-12;112.7;9;112.7
1981-09-13;108.6;9;108.6
1981-09-14;119.8;9;119.8
1981-09-15;219.6;9;219.6
1981-09-16;186.4;9;186.4
1981-09-17;344.8;9;344.8
1981-09-18;224.2;9;224.2
1981-09-19;164.1;9;164.1
1981-09-20;182.2;9;182.2
1981-09-21;167.5;9;167.5
1981-09-22;144.6;9;144.6
1981-09-23;149.0;9;149.0
1981-09-24;177.8;9;177.8
1981-09-25;183.4;9;183.4
1981-09-26;144.0;9;144.0
1981-09-27;129.4;9;129.4
1981-09-28;134.6;9;134.6
1981-09-29;119.7;9;119.7
1981-09-30;153.3;9;153.3
1981-10-01;271.4;10;271.4
1981-10-02;146.6;10;146.6
1981-10-03;143.8;10;143.8
1981-10-04;127.2;10;127.2
1981-10-05;119.7;10;119.7
1981-10-06;120.3;10;120.3
1981-10-07;126.2;10;126.2
1981-10-08;115.0;10;115.0
1981-10-09;129.0;10;129.0
1981-10-10;257.7;10;257.7
1981-10-11;148.9;10;148.9
1981-10-12;127.5;10;127.5
1981-10-13;120.8;10;120.8
1981-10-14;132.6;10;132.6
1981-10-15;217.3;10;217.3
1981-10-16;145.3;10;145.3
1981-10-17;271.9;10;271.9
1981-10-18;346.0;10;346.0
1981-10-19;214.1;10;214.1
1981-10-20;161.4;10;161.4
1981-10-21;144.2;10;144.2
1981-10-22;160.2;10;160.2
1981-10-23;151.2;10;151.2
1981-10-24;178.5;10;178.5
1981-10-25;132.6;10;132.6
1981-10-26;139.0;10;139.0
1981-10-27;127.5;10;127.5
1981-10-28;115.0;10;115.0
1981-10-29;130.1;10;130.1
1981-10-30;162.2;10;162.2
1981-10-31;156.4;10;156.4
1981-11-01;117.1;11;117.1
1981-11-02;111.0;11;111.0
1981-11-03;111.0;11;111.0
1981-11-04;115.0;11;115.0
1981-11-05;322.3;11;322.3
1981-11-06;142.8;11;142.8
1981-11-07;119.0;11;119.0
1981-11-08;157.9;11;157.9
1981-11-09;154.9;11;154.9
1981-11-10;115.0;11;115.0
1981-11-11;111.0;11;111.0
1981-11-12;128.7;11;128.7
1981-11-13;122.4;11;122.4
1981-11-14;115.0;11;115.0
1981-11-15;148.0;11;148.0
1981-11-16;137.8;11;137.8
1981-11-17;119.0;11;119.0
1981-11-18;145.5;11;145.5
1981-11-19;120.7;11;120.7
1981-11-20;132.0;11;132.0
1981-11-21;202.5;11;202.5
1981-11-22;145.4;11;145.4
1981-11-23;124.3;11;124.3
1981-11-24;126.5;11;126.5
1981-11-25;117.5;11;117.5
1981-11-26;103.0;11;103.0
1981-11-27;99.0;11;99.0
1981-11-28;107.0;11;107.0
1981-11-29;111.0;11;111.0
1981-11-30;115.0;11;115.0
1981-12-01;116.8;12;116.8
1981-12-02;95.0;12;95.0
1981-12-03;89.0;12;89.0
1981-12-04;99.0;12;99.0
1981-12-05;92.0;12;92.0
1981-12-06;100.6;12;100.6
1981-12-07;96.6;12;96.6
1981-12-08;332.1;12;332.1
1981-12-09;204.2;12;204.2
1981-12-10;125.8;12;125.8
1981-12-11;113.4;12;113.4
1981-12-12;105.4;12;105.4
1981-12-13;100.6;12;100.6
1981-12-14;96.6;12;96.6
1981-12-15;92.0;12;92.0
1981-12-16;92.0;12;92.0
1981-12-17;82.1;12;82.1
1981-12-18;82.8;12;82.8
1981-12-19;82.1;12;82.1
1981-12-20;82.1;12;82.1
1981-12-21;82.8;12;82.8
1981-12-22;77.5;12;77.5
1981-12-23;96.6;12;96.6
1981-12-24;81.5;12;81.5
1981-12-25;77.5;12;77.5
1981-12-26;87.5;12;87.5
1981-12-27;75.6;12;75.6
1981-12-28;82.1;12;82.1
1981-12-29;76.2;12;76.2
1981-12-30;75.6;12;75.6
1981-12-31;77.5;12;77.5
1982-01-01;78.5;1;78.5
1982-01-02;75.7;1;75.7
1982-01-03;94.0;1;94.0
1982-01-04;121.7;1;121.7
1982-01-05;101.0;1;101.0
1982-01-06;94.8;1;94.8
1982-01-07;88.6;1;88.6
1982-01-08;83.4;1;83.4
1982-01-09;83.8;1;83.8
1982-01-10;80.3;1;80.3
1982-01-11;71.1;1;71.1
1982-01-12;67.0;1;67.0
1982-01-13;64.2;1;64.2
1982-01-14;63.1;1;63.1
1982-01-15;59.9;1;59.9
1982-01-16;59.2;1;59.2
1982-01-17;66.6;1;66.6
1982-01-18;74.7;1;74.7
1982-01-19;63.0;1;63.0
1982-01-20;54.9;1;54.9
1982-01-21;52.8;1;52.8
1982-01-22;51.7;1;51.7
1982-01-23;53.1;1;53.1
1982-01-24;50.7;1;50.7
1982-01-25;51.4;1;51.4
1982-01-26;50.0;1;50.0
1982-01-27;49.4;1;49.4
1982-01-28;63.7;1;63.7
1982-01-29;67.7;1;67.7
1982-01-30;73.1;1;73.1
1982-01-31;65.9;1;65.9
1982-02-01;57.0;2;57.0
1982-02-02;52.8;2;52.8
1982-02-03;50.0;2;50.0
1982-02-04;55.9;2;55.9
1982-02-05;97.1;2;97.1
1982-02-06;123.1;2;123.1
1982-02-07;71.3;2;71.3
1982-02-08;67.7;2;67.7
1982-02-09;65.3;2;65.3
1982-02-10;60.2;2;60.2
1982-02-11;59.4;2;59.4
1982-02-12;56.3;2;56.3
1982-02-13;54.2;2;54.2
1982-02-14;53.5;2;53.5
1982-02-15;64.2;2;64.2
1982-02-16;65.4;2;65.4
1982-02-17;67.8;2;67.8
1982-02-18;81.2;2;81.2
1982-02-19;70.4;2;70.4
1982-02-20;112.0;2;112.0
1982-02-21;77.6;2;77.6
1982-02-22;80.3;2;80.3
1982-02-23;79.7;2;79.7
1982-02-24;72.2;2;72.2
1982-02-25;66.8;2;66.8
1982-02-26;58.6;2;58.6
1982-02-27;61.0;2;61.0
1982-02-28;82.6;2;82.6
1982-03-01;60.2;3;60.2
1982-03-02;59.9;3;59.9
1982-03-03;84.0;3;84.0
1982-03-04;81.2;3;81.2
1982-03-05;70.4;3;70.4
1982-03-06;81.2;3;81.2
1982-03-07;75.8;3;75.8
1982-03-08;64.2;3;64.2
1982-03-09;60.2;3;60.2
1982-03-10;52.1;3;52.1
1982-03-11;64.2;3;64.2
1982-03-12;57.8;3;57.8
1982-03-13;55.6;3;55.6
1982-03-14;56.3;3;56.3
1982-03-15;51.4;3;51.4
1982-03-16;64.6;3;64.6
1982-03-17;67.0;3;67.0
1982-03-18;73.0;3;73.0
1982-03-19;55.6;3;55.6
1982-03-20;77.0;3;77.0
1982-03-21;67.9;3;67.9
1982-03-22;55.6;3;55.6
1982-03-23;55.6;3;55.6
1982-03-24;76.8;3;76.8
1982-03-25;61.8;3;61.8
1982-03-26;60.2;3;60.2
1982-03-27;56.5;3;56.5
1982-03-28;57.8;3;57.8
1982-03-29;168.9;3;168.9
1982-03-30;214.0;3;214.0
1982-03-31;130.8;3;130.8
1982-04-01;122.0;4;122.0
1982-04-02;374.6;4;374.6
1982-04-03;296.4;4;296.4
1982-04-04;232.2;4;232.2
1982-04-05;228.0;4;228.0
1982-04-06;165.5;4;165.5
1982-04-07;201.4;4;201.4
1982-04-08;256.1;4;256.1
1982-04-09;201.0;4;201.0
1982-04-10;227.8;4;227.8
1982-04-11;219.4;4;219.4
1982-04-12;156.2;4;156.2
1982-04-13;148.5;4;148.5
1982-04-14;124.5;4;124.5
1982-04-15;119.0;4;119.0
1982-04-16;112.0;4;112.0
1982-04-17;120.0;4;120.0
1982-04-18;195.9;4;195.9
1982-04-19;178.6;4;178.6
1982-04-20;126.0;4;126.0
1982-04-21;146.5;4;146.5
1982-04-22;138.0;4;138.0
1982-04-23;113.0;4;113.0
1982-04-24;177.0;4;177.0
1982-04-25;117.0;4;117.0
1982-04-26;201.0;4;201.0
1982-04-27;238.5;4;238.5
1982-04-28;452.0;4;452.0
1982-04-29;477.0;4;477.0
1982-04-30;578.0;4;578.0
1982-05-01;474.0;5;474.0
1982-05-02;276.0;5;276.0
1982-05-03;184.2;5;184.2
1982-05-04;213.7;5;213.7
1982-05-05;173.3;5;173.3
1982-05-06;188.1;5;188.1
1982-05-07;237.0;5;237.0
1982-05-08;284.0;5;284.0
1982-05-09;253.8;5;253.8
1982-05-10;239.8;5;239.8
1982-05-11;232.2;5;232.2
1982-05-12;180.3;5;180.3
1982-05-13;188.4;5;188.4
1982-05-14;205.4;5;205.4
1982-05-15;218.5;5;218.5
1982-05-16;158.9;5;158.9
1982-05-17;127.0;5;127.0
1982-05-18;155.1;5;155.1
1982-05-19;220.0;5;220.0
1982-05-20;273.6;5;273.6
1982-05-21;305.5;5;305.5
1982-05-22;312.9;5;312.9
1982-05-23;222.5;5;222.5
1982-05-24;161.7;5;161.7
1982-05-25;217.7;5;217.7
1982-05-26;209.6;5;209.6
1982-05-27;323.2;5;323.2
1982-05-28;522.0;5;522.0
1982-05-29;451.0;5;451.0
1982-05-30;465.0;5;465.0
1982-05-31;468.0;5;468.0
1982-06-01;486.0;6;486.0
1982-06-02;410.0;6;410.0
1982-06-03;303.2;6;303.2
1982-06-04;274.3;6;274.3
1982-06-05;253.6;6;253.6
1982-06-06;258.6;6;258.6
1982-06-07;249.4;6;249.4
1982-06-08;223.6;6;223.6
1982-06-09;214.4;6;214.4
1982-06-10;194.2;6;194.2
1982-06-11;179.9;6;179.9
1982-06-12;339.6;6;339.6
1982-06-13;270.7;6;270.7
1982-06-14;277.4;6;277.4
1982-06-15;245.3;6;245.3
1982-06-16;226.3;6;226.3
1982-06-17;422.4;6;422.4
1982-06-18;288.2;6;288.2
1982-06-19;211.9;6;211.9
1982-06-20;204.1;6;204.1
1982-06-21;213.3;6;213.3
1982-06-22;195.8;6;195.8
1982-06-23;183.0;6;183.0
1982-06-24;204.6;6;204.6
1982-06-25;215.2;6;215.2
1982-06-26;177.6;6;177.6
1982-06-27;224.5;6;224.5
1982-06-28;211.9;6;211.9
1982-06-29;201.2;6;201.2
1982-06-30;231.3;6;231.3
1982-07-01;218.6;7;218.6
1982-07-02;375.0;7;375.0
1982-07-03;467.2;7;467.2
1982-07-04;422.2;7;422.2
1982-07-05;265.7;7;265.7
1982-07-06;235.0;7;235.0
1982-07-07;283.2;7;283.2
1982-07-08;215.1;7;215.1
1982-07-09;290.4;7;290.4
1982-07-10;213.0;7;213.0
1982-07-11;193.4;7;193.4
1982-07-12;270.0;7;270.0
1982-07-13;261.6;7;261.6
1982-07-14;205.7;7;205.7
1982-07-15;179.2;7;179.2
1982-07-16;168.3;7;168.3
1982-07-17;171.3;7;171.3
1982-07-18;214.9;7;214.9
1982-07-19;258.2;7;258.2
1982-07-20;250.3;7;250.3
1982-07-21;269.1;7;269.1
1982-07-22;226.9;7;226.9
1982-07-23;177.7;7;177.7
1982-07-24;180.1;7;180.1
1982-07-25;185.7;7;185.7
1982-07-26;168.5;7;168.5
1982-07-27;209.4;7;209.4
1982-07-28;253.5;7;253.5
1982-07-29;308.8;7;308.8
1982-07-30;241.9;7;241.9
1982-07-31;243.3;7;243.3
1982-08-01;258.7;8;258.7
1982-08-02;198.1;8;198.1
1982-08-03;190.2;8;190.2
1982-08-04;213.0;8;213.0
1982-08-05;192.6;8;192.6
1982-08-06;177.8;8;177.8
1982-08-07;174.7;8;174.7
1982-08-08;182.0;8;182.0
1982-08-09;175.0;8;175.0
1982-08-10;155.2;8;155.2
1982-08-11;187.9;8;187.9
1982-08-12;255.1;8;255.1
1982-08-13;207.4;8;207.4
1982-08-14;171.3;8;171.3
1982-08-15;168.8;8;168.8
1982-08-16;154.3;8;154.3
1982-08-17;148.5;8;148.5
1982-08-18;185.7;8;185.7
1982-08-19;222.0;8;222.0
1982-08-20;228.5;8;228.5
1982-08-21;221.8;8;221.8
1982-08-22;184.5;8;184.5
1982-08-23;162.2;8;162.2
1982-08-24;216.1;8;216.1
1982-08-25;226.2;8;226.2
1982-08-26;184.8;8;184.8
1982-08-27;177.8;8;177.8
1982-08-28;190.8;8;190.8
1982-08-29;291.5;8;291.5
1982-08-30;215.0;8;215.0
1982-08-31;222.1;8;222.1
1982-09-01;262.2;9;262.2
1982-09-02;211.9;9;211.9
1982-09-03;248.3;9;248.3
1982-09-04;272.2;9;272.2
1982-09-05;275.7;9;275.7
1982-09-06;280.6;9;280.6
1982-09-07;301.5;9;301.5
1982-09-08;283.1;9;283.1
1982-09-09;235.5;9;235.5
1982-09-10;213.7;9;213.7
1982-09-11;208.3;9;208.3
1982-09-12;219.0;9;219.0
1982-09-13;205.8;9;205.8
1982-09-14;171.0;9;171.0
1982-09-15;157.3;9;157.3
1982-09-16;149.6;9;149.6
1982-09-17;146.3;9;146.3
1982-09-18;185.5;9;185.5
1982-09-19;178.4;9;178.4
1982-09-20;143.0;9;143.0
1982-09-21;216.7;9;216.7
1982-09-22;170.9;9;170.9
1982-09-23;156.7;9;156.7
1982-09-24;150.7;9;150.7
1982-09-25;135.8;9;135.8
1982-09-26;143.5;9;143.5
1982-09-27;164.9;9;164.9
1982-09-28;179.6;9;179.6
1982-09-29;174.6;9;174.6
1982-09-30;181.9;9;181.9
1982-10-01;194.0;10;194.0
1982-10-02;256.4;10;256.4
1982-10-03;162.2;10;162.2
1982-10-04;142.4;10;142.4
1982-10-05;134.7;10;134.7
1982-10-06;118.5;10;118.5
1982-10-07;118.0;10;118.0
1982-10-08;173.4;10;173.4
1982-10-09;184.7;10;184.7
1982-10-10;211.4;10;211.4
1982-10-11;346.0;10;346.0
1982-10-12;163.0;10;163.0
1982-10-13;147.0;10;147.0
1982-10-14;168.5;10;168.5
1982-10-15;154.0;10;154.0
1982-10-16;127.0;10;127.0
1982-10-17;120.0;10;120.0
1982-10-18;127.5;10;127.5
1982-10-19;141.3;10;141.3
1982-10-20;159.5;10;159.5
1982-10-21;145.7;10;145.7
1982-10-22;134.8;10;134.8
1982-10-23;137.5;10;137.5
1982-10-24;158.4;10;158.4
1982-10-25;225.3;10;225.3
1982-10-26;218.1;10;218.1
1982-10-27;211.3;10;211.3
1982-10-28;126.0;10;126.0
1982-10-29;135.8;10;135.8
1982-10-30;126.0;10;126.0
1982-10-31;123.5;10;123.5
1982-11-01;119.5;11;119.5
1982-11-02;131.7;11;131.7
1982-11-03;127.0;11;127.0
1982-11-04;127.5;11;127.5
1982-11-05;127.5;11;127.5
1982-11-06;114.5;11;114.5
1982-11-07;123.5;11;123.5
1982-11-08;131.0;11;131.0
1982-11-09;110.0;11;110.0
1982-11-10;106.5;11;106.5
1982-11-11;112.0;11;112.0
1982-11-12;108.0;11;108.0
1982-11-13;123.5;11;123.5
1982-11-14;116.0;11;116.0
1982-11-15;130.5;11;130.5
1982-11-16;126.5;11;126.5
1982-11-17;138.0;11;138.0
1982-11-18;144.6;11;144.6
1982-11-19;142.4;11;142.4
1982-11-20;139.1;11;139.1
1982-11-21;127.5;11;127.5
1982-11-22;137.7;11;137.7
1982-11-23;114.5;11;114.5
1982-11-24;133.6;11;133.6
1982-11-25;126.5;11;126.5
1982-11-26;116.0;11;116.0
1982-11-27;126.5;11;126.5
1982-11-28;127.0;11;127.0
1982-11-29;124.5;11;124.5
1982-11-30;111.0;11;111.0
1982-12-01;131.3;12;131.3
1982-12-02;131.5;12;131.5
1982-12-03;152.3;12;152.3
1982-12-04;135.8;12;135.8
1982-12-05;152.3;12;152.3
1982-12-06;134.2;12;134.2
1982-12-07;132.1;12;132.1
1982-12-08;102.3;12;102.3
1982-12-09;127.0;12;127.0
1982-12-10;123.5;12;123.5
1982-12-11;130.0;12;130.0
1982-12-12;107.0;12;107.0
1982-12-13;96.1;12;96.1
1982-12-14;85.0;12;85.0
1982-12-15;81.3;12;81.3
1982-12-16;72.2;12;72.2
1982-12-17;106.0;12;106.0
1982-12-18;96.1;12;96.1
1982-12-19;85.0;12;85.0
1982-12-20;78.5;12;78.5
1982-12-21;91.0;12;91.0
1982-12-22;116.0;12;116.0
1982-12-23;106.0;12;106.0
1982-12-24;98.8;12;98.8
1982-12-25;84.5;12;84.5
1982-12-26;91.2;12;91.2
1982-12-27;92.5;12;92.5
1982-12-28;87.5;12;87.5
1982-12-29;115.5;12;115.5
1982-12-30;128.0;12;128.0
1982-12-31;119.5;12;119.5
1983-01-01;119.0;1;119.0
1983-01-02;130.5;1;130.5
1983-01-03;141.9;1;141.9
1983-01-04;144.1;1;144.1
1983-01-05;154.0;1;154.0
1983-01-06;340.0;1;340.0
1983-01-07;484.0;1;484.0
1983-01-08;361.0;1;361.0
1983-01-09;191.5;1;191.5
1983-01-10;143.5;1;143.5
1983-01-11;128.0;1;128.0
1983-01-12;130.5;1;130.5
1983-01-13;105.5;1;105.5
1983-01-14;97.5;1;97.5
1983-01-15;84.3;1;84.3
1983-01-16;75.8;1;75.8
1983-01-17;72.0;1;72.0
1983-01-18;78.0;1;78.0
1983-01-19;71.6;1;71.6
1983-01-20;75.8;1;75.8
1983-01-21;76.7;1;76.7
1983-01-22;71.6;1;71.6
1983-01-23;70.0;1;70.0
1983-01-24;72.8;1;72.8
1983-01-25;67.6;1;67.6
1983-01-26;70.8;1;70.8
1983-01-27;64.5;1;64.5
1983-01-28;64.8;1;64.8
1983-01-29;69.2;1;69.2
1983-01-30;70.0;1;70.0
1983-01-31;74.0;1;74.0
1983-02-01;64.8;2;64.8
1983-02-02;66.4;2;66.4
1983-02-03;63.0;2;63.0
1983-02-04;65.4;2;65.4
1983-02-05;59.4;2;59.4
1983-02-06;71.6;2;71.6
1983-02-07;86.1;2;86.1
1983-02-08;77.6;2;77.6
1983-02-09;68.4;2;68.4
1983-02-10;65.7;2;65.7
1983-02-11;80.3;2;80.3
1983-02-12;68.8;2;68.8
1983-02-13;64.2;2;64.2
1983-02-14;62.7;2;62.7
1983-02-15;64.8;2;64.8
1983-02-16;111.3;2;111.3
1983-02-17;164.5;2;164.5
1983-02-18;231.5;2;231.5
1983-02-19;268.0;2;268.0
1983-02-20;218.5;2;218.5
1983-02-21;194.0;2;194.0
1983-02-22;218.5;2;218.5
1983-02-23;224.6;2;224.6
1983-02-24;237.8;2;237.8
1983-02-25;272.1;2;272.1
1983-02-26;296.6;2;296.6
1983-02-27;266.4;2;266.4
1983-02-28;236.7;2;236.7
1983-03-01;241.0;3;241.0
1983-03-02;230.2;3;230.2
1983-03-03;233.9;3;233.9
1983-03-04;242.2;3;242.2
1983-03-05;241.6;3;241.6
1983-03-06;219.1;3;219.1
1983-03-07;198.8;3;198.8
1983-03-08;197.0;3;197.0
1983-03-09;194.0;3;194.0
1983-03-10;231.5;3;231.5
1983-03-11;249.9;3;249.9
1983-03-12;226.3;3;226.3
1983-03-13;209.9;3;209.9
1983-03-14;237.3;3;237.3
1983-03-15;225.0;3;225.0
1983-03-16;136.9;3;136.9
1983-03-17;148.5;3;148.5
1983-03-18;134.7;3;134.7
1983-03-19;125.5;3;125.5
1983-03-20;189.5;3;189.5
1983-03-21;152.9;3;152.9
1983-03-22;187.0;3;187.0
1983-03-23;159.5;3;159.5
1983-03-24;174.7;3;174.7
1983-03-25;196.4;3;196.4
1983-03-26;217.8;3;217.8
1983-03-27;217.7;3;217.7
1983-03-28;182.2;3;182.2
1983-03-29;161.7;3;161.7
1983-03-30;173.7;3;173.7
1983-03-31;210.9;3;210.9
1983-04-01;183.3;4;183.3
1983-04-02;157.3;4;157.3
1983-04-03;145.2;4;145.2
1983-04-04;146.8;4;146.8
1983-04-05;151.8;4;151.8
1983-04-06;147.9;4;147.9
1983-04-07;159.5;4;159.5
1983-04-08;158.9;4;158.9
1983-04-09;153.4;4;153.4
1983-04-10;145.7;4;145.7
1983-04-11;140.2;4;140.2
1983-04-12;144.6;4;144.6
1983-04-13;141.3;4;141.3
1983-04-14;176.7;4;176.7
1983-04-15;182.4;4;182.4
1983-04-16;181.8;4;181.8
1983-04-17;198.2;4;198.2
1983-04-18;224.3;4;224.3
1983-04-19;244.3;4;244.3
1983-04-20;280.0;4;280.0
1983-04-21;343.3;4;343.3
1983-04-22;408.0;4;408.0
1983-04-23;430.0;4;430.0
1983-04-24;409.0;4;409.0
1983-04-25;377.0;4;377.0
1983-04-26;315.5;4;315.5
1983-04-27;351.0;4;351.0
1983-04-28;354.0;4;354.0
1983-04-29;390.0;4;390.0
1983-04-30;392.0;4;392.0
1983-05-01;373.0;5;373.0
1983-05-02;322.2;5;322.2
1983-05-03;301.1;5;301.1
1983-05-04;287.6;5;287.6
1983-05-05;318.2;5;318.2
1983-05-06;350.0;5;350.0
1983-05-07;368.0;5;368.0
1983-05-08;211.4;5;211.4
1983-05-09;214.0;5;214.0
1983-05-10;202.4;5;202.4
1983-05-11;209.6;5;209.6
1983-05-12;221.1;5;221.1
1983-05-13;203.6;5;203.6
1983-05-14;285.2;5;285.2
1983-05-15;202.2;5;202.2
1983-05-16;187.0;5;187.0
1983-05-17;187.0;5;187.0
1983-05-18;179.5;5;179.5
1983-05-19;316.0;5;316.0
1983-05-20;197.8;5;197.8
1983-05-21;170.0;5;170.0
1983-05-22;210.5;5;210.5
1983-05-23;252.8;5;252.8
1983-05-24;170.7;5;170.7
1983-05-25;201.2;5;201.2
1983-05-26;333.5;5;333.5
1983-05-27;295.3;5;295.3
1983-05-28;247.0;5;247.0
1983-05-29;313.8;5;313.8
1983-05-30;247.0;5;247.0
1983-05-31;226.5;5;226.5
1983-06-01;173.9;6;173.9
1983-06-02;202.3;6;202.3
1983-06-03;352.5;6;352.5
1983-06-04;248.5;6;248.5
1983-06-05;220.0;6;220.0
1983-06-06;200.0;6;200.0
1983-06-07;182.0;6;182.0
1983-06-08;171.6;6;171.6
1983-06-09;137.5;6;137.5
1983-06-10;148.5;6;148.5
1983-06-11;191.1;6;191.1
1983-06-12;240.4;6;240.4
1983-06-13;141.3;6;141.3
1983-06-14;219.8;6;219.8
1983-06-15;177.1;6;177.1
1983-06-16;461.0;6;461.0
1983-06-17;420.0;6;420.0
1983-06-18;302.0;6;302.0
1983-06-19;238.5;6;238.5
1983-06-20;200.0;6;200.0
1983-06-21;186.5;6;186.5
1983-06-22;163.7;6;163.7
1983-06-23;278.8;6;278.8
1983-06-24;336.0;6;336.0
1983-06-25;555.0;6;555.0
1983-06-26;254.5;6;254.5
1983-06-27;199.4;6;199.4
1983-06-28;207.7;6;207.7
1983-06-29;186.5;6;186.5
1983-06-30;181.5;6;181.5
1983-07-01;177.6;7;177.6
1983-07-02;240.7;7;240.7
1983-07-03;189.8;7;189.8
1983-07-04;323.8;7;323.8
1983-07-05;306.0;7;306.0
1983-07-06;282.5;7;282.5
1983-07-07;202.7;7;202.7
1983-07-08;178.2;7;178.2
1983-07-09;149.6;7;149.6
1983-07-10;170.0;7;170.0
1983-07-11;144.8;7;144.8
1983-07-12;206.3;7;206.3
1983-07-13;147.4;7;147.4
1983-07-14;136.0;7;136.0
1983-07-15;136.9;7;136.9
1983-07-16;186.2;7;186.2
1983-07-17;172.7;7;172.7
1983-07-18;149.0;7;149.0
1983-07-19;177.5;7;177.5
1983-07-20;207.1;7;207.1
1983-07-21;410.0;7;410.0
1983-07-22;483.0;7;483.0
1983-07-23;296.0;7;296.0
1983-07-24;254.5;7;254.5
1983-07-25;201.2;7;201.2
1983-07-26;188.0;7;188.0
1983-07-27;178.6;7;178.6
1983-07-28;272.7;7;272.7
1983-07-29;264.6;7;264.6
1983-07-30;291.5;7;291.5
1983-07-31;305.7;7;305.7
1983-08-01;564.0;8;564.0
1983-08-02;290.5;8;290.5
1983-08-03;242.4;8;242.4
1983-08-04;303.5;8;303.5
1983-08-05;353.0;8;353.0
1983-08-06;283.5;8;283.5
1983-08-07;218.5;8;218.5
1983-08-08;201.8;8;201.8
1983-08-09;212.5;8;212.5
1983-08-10;218.5;8;218.5
1983-08-11;184.7;8;184.7
1983-08-12;236.4;8;236.4
1983-08-13;174.9;8;174.9
1983-08-14;196.5;8;196.5
1983-08-15;218.5;8;218.5
1983-08-16;240.0;8;240.0
1983-08-17;259.0;8;259.0
1983-08-18;238.0;8;238.0
1983-08-19;246.0;8;246.0
1983-08-20;219.1;8;219.1
1983-08-21;217.8;8;217.8
1983-08-22;231.5;8;231.5
1983-08-23;311.0;8;311.0
1983-08-24;218.5;8;218.5
1983-08-25;244.5;8;244.5
1983-08-26;212.7;8;212.7
1983-08-27;199.2;8;199.2
1983-08-28;177.0;8;177.0
1983-08-29;208.3;8;208.3
1983-08-30;142.7;8;142.7
1983-08-31;148.5;8;148.5
1983-09-01;127.5;9;127.5
1983-09-02;205.5;9;205.5
1983-09-03;220.0;9;220.0
1983-09-04;138.6;9;138.6
1983-09-05;155.1;9;155.1
1983-09-06;216.7;9;216.7
1983-09-07;265.1;9;265.1
1983-09-08;272.5;9;272.5
1983-09-09;231.5;9;231.5
1983-09-10;192.0;9;192.0
1983-09-11;164.4;9;164.4
1983-09-12;154.0;9;154.0
1983-09-13;171.0;9;171.0
1983-09-14;197.6;9;197.6
1983-09-15;218.5;9;218.5
1983-09-16;178.5;9;178.5
1983-09-17;225.0;9;225.0
1983-09-18;168.5;9;168.5
1983-09-19;210.1;9;210.1
1983-09-20;122.0;9;122.0
1983-09-21;274.0;9;274.0
1983-09-22;148.5;9;148.5
1983-09-23;131.1;9;131.1
1983-09-24;231.5;9;231.5
1983-09-25;175.5;9;175.5
1983-09-26;170.4;9;170.4
1983-09-27;170.1;9;170.1
1983-09-28;199.0;9;199.0
1983-09-29;132.4;9;132.4
1983-09-30;184.0;9;184.0
1983-10-01;147.4;10;147.4
1983-10-02;282.5;10;282.5
1983-10-03;332.0;10;332.0
1983-10-04;380.0;10;380.0
1983-10-05;254.5;10;254.5
1983-10-06;268.0;10;268.0
1983-10-07;212.5;10;212.5
1983-10-08;194.2;10;194.2
1983-10-09;168.9;10;168.9
1983-10-10;143.0;10;143.0
1983-10-11;170.2;10;170.2
1983-10-12;143.5;10;143.5
1983-10-13;164.8;10;164.8
1983-10-14;181.8;10;181.8
1983-10-15;155.4;10;155.4
1983-10-16;181.8;10;181.8
1983-10-17;165.8;10;165.8
1983-10-18;131.0;10;131.0
1983-10-19;127.0;10;127.0
1983-10-20;300.2;10;300.2
1983-10-21;228.9;10;228.9
1983-10-22;221.8;10;221.8
1983-10-23;127.5;10;127.5
1983-10-24;135.0;10;135.0
1983-10-25;342.0;10;342.0
1983-10-26;301.5;10;301.5
1983-10-27;170.2;10;170.2
1983-10-28;304.0;10;304.0
1983-10-29;259.5;10;259.5
1983-10-30;212.5;10;212.5
1983-10-31;167.1;10;167.1
1983-11-01;218.5;11;218.5
1983-11-02;160.9;11;160.9
1983-11-03;212.5;11;212.5
1983-11-04;140.2;11;140.2
1983-11-05;126.4;11;126.4
1983-11-06;132.1;11;132.1
1983-11-07;180.1;11;180.1
1983-11-08;212.5;11;212.5
1983-11-09;127.5;11;127.5
1983-11-10;206.0;11;206.0
1983-11-11;175.4;11;175.4
1983-11-12;238.5;11;238.5
1983-11-13;137.5;11;137.5
1983-11-14;138.0;11;138.0
1983-11-15;134.7;11;134.7
1983-11-16;144.1;11;144.1
1983-11-17;195.0;11;195.0
1983-11-18;188.4;11;188.4
1983-11-19;188.0;11;188.0
1983-11-20;193.1;11;193.1
1983-11-21;193.6;11;193.6
1983-11-22;218.5;11;218.5
1983-11-23;140.2;11;140.2
1983-11-24;127.0;11;127.0
1983-11-25;188.8;11;188.8
1983-11-26;166.9;11;166.9
1983-11-27;177.5;11;177.5
1983-11-28;140.2;11;140.2
1983-11-29;140.1;11;140.1
1983-11-30;149.6;11;149.6
1983-12-01;136.3;12;136.3
1983-12-02;159.5;12;159.5
1983-12-03;136.9;12;136.9
1983-12-04;187.7;12;187.7
1983-12-05;162.8;12;162.8
1983-12-06;135.8;12;135.8
1983-12-07;157.8;12;157.8
1983-12-08;183.4;12;183.4
1983-12-09;203.0;12;203.0
1983-12-10;148.5;12;148.5
1983-12-11;133.0;12;133.0
1983-12-12;127.0;12;127.0
1983-12-13;140.2;12;140.2
1983-12-14;187.4;12;187.4
1983-12-15;140.2;12;140.2
1983-12-16;135.8;12;135.8
1983-12-17;131.0;12;131.0
1983-12-18;138.6;12;138.6
1983-12-19;170.7;12;170.7
1983-12-20;163.9;12;163.9
1983-12-21;158.9;12;158.9
1983-12-22;153.4;12;153.4
1983-12-23;143.0;12;143.0
1983-12-24;172.7;12;172.7
1983-12-25;199.4;12;199.4
1983-12-26;206.5;12;206.5
1983-12-27;117.0;12;117.0
1983-12-28;103.0;12;103.0
1983-12-29;117.0;12;117.0
1983-12-30;112.0;12;112.0
1983-12-31;111.0;12;111.0
1984-01-01;-999.000;1;77.08
1984-01-02;-999.000;1;70.05
1984-01-03;-999.000;1;75.3
1984-01-04;-999.000;1;114.0
1984-01-05;-999.000;1;59.4
1984-01-06;-999.000;1;82.85
1984-01-07;-999.000;1;51.6
1984-01-08;-999.000;1;82.7
1984-01-09;-999.000;1;73.0
1984-01-10;-999.000;1;65.0
1984-01-11;-999.000;1;100.5
1984-01-12;-999.000;1;61.5
1984-01-13;-999.000;1;58.4
1984-01-14;-999.000;1;87.0
1984-01-15;-999.000;1;87.3
1984-01-16;-999.000;1;77.08
1984-01-17;-999.000;1;70.3
1984-01-18;-999.000;1;73.1
1984-01-19;-999.000;1;50.7
1984-01-20;-999.000;1;63.1
1984-01-21;-999.000;1;72.3
1984-01-22;-999.000;1;105.9
1984-01-23;-999.000;1;55.8
1984-01-24;-999.000;1;69.3
1984-01-25;-999.000;1;66.3
1984-01-26;-999.000;1;75.51
1984-01-27;-999.000;1;61.8
1984-01-28;-999.000;1;57.0
1984-01-29;-999.000;1;118.7
1984-01-30;-999.000;1;94.4
1984-01-31;-999.000;1;62.4
1984-02-01;-999.000;2;58.3
1984-02-02;-999.000;2;46.1
1984-02-03;-999.000;2;62.1
1984-02-04;-999.000;2;89.7
1984-02-05;-999.000;2;69.1
1984-02-06;-999.000;2;39.35
1984-02-07;-999.000;2;68.7
1984-02-08;-999.000;2;40.73
1984-02-09;-999.000;2;55.5
1984-02-10;-999.000;2;143.8
1984-02-11;-999.000;2;64.0
1984-02-12;-999.000;2;50.4
1984-02-13;-999.000;2;54.41
1984-02-14;-999.000;2;67.13
1984-02-15;-999.000;2;56.8
1984-02-16;-999.000;2;53.0
1984-02-17;-999.000;2;59.9
1984-02-18;-999.000;2;91.4
1984-02-19;-999.000;2;90.8
1984-02-20;-999.000;2;90.2
1984-02-21;-999.000;2;124.2
1984-02-22;-999.000;2;78.5
1984-02-23;-999.000;2;62.88
1984-02-24;-999.000;2;52.8
1984-02-25;-999.000;2;58.3
1984-02-26;-999.000;2;74.0
1984-02-27;-999.000;2;78.9
1984-02-28;-999.000;2;61.1
1984-02-29;-999.000;2;199.3
1984-03-01;-999.000;3;74.3
1984-03-02;-999.000;3;79.3
1984-03-03;195.7;3;195.7
1984-03-04;144.0;3;144.0
1984-03-05;161.2;3;161.2
1984-03-06;124.9;3;124.9
1984-03-07;136.8;3;136.8
1984-03-08;161.2;3;161.2
1984-03-09;133.8;3;133.8
1984-03-10;124.3;3;124.3
1984-03-11;130.3;3;130.3
1984-03-12;116.3;3;116.3
1984-03-13;87.7;3;87.7
1984-03-14;90.0;3;90.0
1984-03-15;83.0;3;83.0
1984-03-16;82.5;3;82.5
1984-03-17;87.7;3;87.7
1984-03-18;86.0;3;86.0
1984-03-19;88.7;3;88.7
1984-03-20;97.8;3;97.8
1984-03-21;102.4;3;102.4
1984-03-22;85.0;3;85.0
1984-03-23;99.1;3;99.1
1984-03-24;93.1;3;93.1
1984-03-25;99.2;3;99.2
1984-03-26;115.2;3;115.2
1984-03-27;115.5;3;115.5
1984-03-28;95.3;3;95.3
1984-03-29;97.3;3;97.3
1984-03-30;176.5;3;176.5
1984-03-31;178.0;3;178.0
1984-04-01;114.7;4;114.7
1984-04-02;146.6;4;146.6
1984-04-03;103.6;4;103.6
1984-04-04;104.4;4;104.4
1984-04-05;78.1;4;78.1
1984-04-06;77.5;4;77.5
1984-04-07;120.5;4;120.5
1984-04-08;130.1;4;130.1
1984-04-09;170.4;4;170.4
1984-04-10;112.3;4;112.3
1984-04-11;223.0;4;223.0
1984-04-12;175.7;4;175.7
1984-04-13;113.3;4;113.3
1984-04-14;185.6;4;185.6
1984-04-15;149.0;4;149.0
1984-04-16;109.7;4;109.7
1984-04-17;107.8;4;107.8
1984-04-18;99.3;4;99.3
1984-04-19;97.6;4;97.6
1984-04-20;106.1;4;106.1
1984-04-21;92.1;4;92.1
1984-04-22;101.2;4;101.2
1984-04-23;117.7;4;117.7
1984-04-24;90.4;4;90.4
1984-04-25;109.3;4;109.3
1984-04-26;597.5;4;597.5
1984-04-27;237.2;4;237.2
1984-04-28;237.2;4;237.2
1984-04-29;274.2;4;274.2
1984-04-30;155.6;4;155.6
1984-05-01;139.5;5;139.5
1984-05-02;174.2;5;174.2
1984-05-03;193.8;5;193.8
1984-05-04;111.7;5;111.7
1984-05-05;88.9;5;88.9
1984-05-06;87.0;5;87.0
1984-05-07;104.1;5;104.1
1984-05-08;119.9;5;119.9
1984-05-09;110.6;5;110.6
1984-05-10;98.7;5;98.7
1984-05-11;117.2;5;117.2
1984-05-12;105.7;5;105.7
1984-05-13;86.7;5;86.7
1984-05-14;107.8;5;107.8
1984-05-15;113.2;5;113.2
1984-05-16;109.6;5;109.6
1984-05-17;122.1;5;122.1
1984-05-18;96.0;5;96.0
1984-05-19;87.5;5;87.5
1984-05-20;86.5;5;86.5
1984-05-21;113.6;5;113.6
1984-05-22;116.8;5;116.8
1984-05-23;238.1;5;238.1
1984-05-24;141.6;5;141.6
1984-05-25;109.4;5;109.4
1984-05-26;108.7;5;108.7
1984-05-27;139.7;5;139.7
1984-05-28;110.4;5;110.4
1984-05-29;130.4;5;130.4
1984-05-30;158.4;5;158.4
1984-05-31;167.0;5;167.0
1984-06-01;328.5;6;328.5
1984-06-02;278.9;6;278.9
1984-06-03;221.8;6;221.8
1984-06-04;205.6;6;205.6
1984-06-05;139.2;6;139.2
1984-06-06;152.7;6;152.7
1984-06-07;213.4;6;213.4
1984-06-08;282.2;6;282.2
1984-06-09;164.2;6;164.2
1984-06-10;192.4;6;192.4
1984-06-11;126.6;6;126.6
1984-06-12;85.5;6;85.5
1984-06-13;193.2;6;193.2
1984-06-14;217.5;6;217.5
1984-06-15;339.5;6;339.5
1984-06-16;217.3;6;217.3
1984-06-17;246.7;6;246.7
1984-06-18;154.4;6;154.4
1984-06-19;170.7;6;170.7
1984-06-20;204.0;6;204.0
1984-06-21;135.6;6;135.6
1984-06-22;121.7;6;121.7
1984-06-23;170.4;6;170.4
1984-06-24;176.6;6;176.6
1984-06-25;178.8;6;178.8
1984-06-26;120.8;6;120.8
1984-06-27;113.2;6;113.2
1984-06-28;112.7;6;112.7
1984-06-29;387.8;6;387.8
1984-06-30;489.4;6;489.4
1984-07-01;476.2;7;476.2
1984-07-02;297.3;7;297.3
1984-07-03;190.3;7;190.3
1984-07-04;164.9;7;164.9
1984-07-05;224.0;7;224.0
1984-07-06;190.3;7;190.3
1984-07-07;153.4;7;153.4
1984-07-08;245.2;7;245.2
1984-07-09;256.4;7;256.4
1984-07-10;180.8;7;180.8
1984-07-11;159.1;7;159.1
1984-07-12;137.4;7;137.4
1984-07-13;123.2;7;123.2
1984-07-14;216.4;7;216.4
1984-07-15;202.5;7;202.5
1984-07-16;178.7;7;178.7
1984-07-17;148.2;7;148.2
1984-07-18;156.9;7;156.9
1984-07-19;249.5;7;249.5
1984-07-20;279.0;7;279.0
1984-07-21;250.8;7;250.8
1984-07-22;260.4;7;260.4
1984-07-23;188.5;7;188.5
1984-07-24;159.8;7;159.8
1984-07-25;429.1;7;429.1
1984-07-26;498.2;7;498.2
1984-07-27;498.5;7;498.5
1984-07-28;376.8;7;376.8
1984-07-29;268.8;7;268.8
1984-07-30;449.1;7;449.1
1984-07-31;476.3;7;476.3
1984-08-01;272.6;8;272.6
1984-08-02;228.4;8;228.4
1984-08-03;201.0;8;201.0
1984-08-04;219.5;8;219.5
1984-08-05;272.8;8;272.8
1984-08-06;208.2;8;208.2
1984-08-07;256.4;8;256.4
1984-08-08;345.6;8;345.6
1984-08-09;332.3;8;332.3
1984-08-10;257.2;8;257.2
1984-08-11;320.8;8;320.8
1984-08-12;311.7;8;311.7
1984-08-13;213.4;8;213.4
1984-08-14;199.1;8;199.1
1984-08-15;195.5;8;195.5
1984-08-16;169.6;8;169.6
1984-08-17;158.4;8;158.4
1984-08-18;170.5;8;170.5
1984-08-19;167.5;8;167.5
1984-08-20;155.6;8;155.6
1984-08-21;160.0;8;160.0
1984-08-22;235.7;8;235.7
1984-08-23;149.0;8;149.0
1984-08-24;137.0;8;137.0
1984-08-25;153.0;8;153.0
1984-08-26;269.5;8;269.5
1984-08-27;358.2;8;358.2
1984-08-28;282.7;8;282.7
1984-08-29;228.4;8;228.4
1984-08-30;163.5;8;163.5
1984-08-31;123.8;8;123.8
1984-09-01;152.0;9;152.0
1984-09-02;174.5;9;174.5
1984-09-03;150.8;9;150.8
1984-09-04;171.0;9;171.0
1984-09-05;143.4;9;143.4
1984-09-06;108.1;9;108.1
1984-09-07;141.6;9;141.6
1984-09-08;119.2;9;119.2
1984-09-09;112.4;9;112.4
1984-09-10;374.4;9;374.4
1984-09-11;262.1;9;262.1
1984-09-12;223.0;9;223.0
1984-09-13;461.7;9;461.7
1984-09-14;277.4;9;277.4
1984-09-15;190.1;9;190.1
1984-09-16;188.3;9;188.3
1984-09-17;127.3;9;127.3
1984-09-18;141.0;9;141.0
1984-09-19;127.3;9;127.3
1984-09-20;113.2;9;113.2
1984-09-21;134.4;9;134.4
1984-09-22;154.6;9;154.6
1984-09-23;122.0;9;122.0
1984-09-24;109.7;9;109.7
1984-09-25;103.6;9;103.6
1984-09-26;177.2;9;177.2
1984-09-27;198.2;9;198.2
1984-09-28;142.7;9;142.7
1984-09-29;281.3;9;281.3
1984-09-30;443.6;9;443.6
1984-10-01;284.7;10;284.7
1984-10-02;242.0;10;242.0
1984-10-03;262.2;10;262.2
1984-10-04;216.0;10;216.0
1984-10-05;249.2;10;249.2
1984-10-06;213.0;10;213.0
1984-10-07;191.4;10;191.4
1984-10-08;234.8;10;234.8
1984-10-09;153.0;10;153.0
1984-10-10;243.1;10;243.1
1984-10-11;413.8;10;413.8
1984-10-12;270.4;10;270.4
1984-10-13;257.2;10;257.2
1984-10-14;230.8;10;230.8
1984-10-15;205.2;10;205.2
1984-10-16;213.4;10;213.4
1984-10-17;275.0;10;275.0
1984-10-18;310.1;10;310.1
1984-10-19;268.4;10;268.4
1984-10-20;297.4;10;297.4
1984-10-21;412.6;10;412.6
1984-10-22;287.8;10;287.8
1984-10-23;241.2;10;241.2
1984-10-24;202.5;10;202.5
1984-10-25;159.8;10;159.8
1984-10-26;228.1;10;228.1
1984-10-27;144.6;10;144.6
1984-10-28;145.8;10;145.8
1984-10-29;142.2;10;142.2
1984-10-30;140.4;10;140.4
1984-10-31;118.9;10;118.9
1984-11-01;125.6;11;125.6
1984-11-02;132.6;11;132.6
1984-11-03;114.9;11;114.9
1984-11-04;119.4;11;119.4
1984-11-05;110.0;11;110.0
1984-11-06;107.0;11;107.0
1984-11-07;105.3;11;105.3
1984-11-08;103.2;11;103.2
1984-11-09;101.2;11;101.2
1984-11-10;94.5;11;94.5
1984-11-11;91.3;11;91.3
1984-11-12;88.7;11;88.7
1984-11-13;91.1;11;91.1
1984-11-14;96.5;11;96.5
1984-11-15;107.8;11;107.8
1984-11-16;125.4;11;125.4
1984-11-17;126.6;11;126.6
1984-11-18;124.9;11;124.9
1984-11-19;130.2;11;130.2
1984-11-20;151.9;11;151.9
1984-11-21;141.0;11;141.0
1984-11-22;132.3;11;132.3
1984-11-23;129.4;11;129.4
1984-11-24;154.2;11;154.2
1984-11-25;157.0;11;157.0
1984-11-26;152.5;11;152.5
1984-11-27;134.4;11;134.4
1984-11-28;127.2;11;127.2
1984-11-29;113.2;11;113.2
1984-11-30;105.2;11;105.2
1984-12-01;107.8;12;107.8
1984-12-02;112.7;12;112.7
1984-12-03;101.2;12;101.2
1984-12-04;102.0;12;102.0
1984-12-05;98.8;12;98.8
1984-12-06;95.9;12;95.9
1984-12-07;93.1;12;93.1
1984-12-08;90.5;12;90.5
1984-12-09;87.5;12;87.5
1984-12-10;86.2;12;86.2
1984-12-11;84.2;12;84.2
1984-12-12;82.0;12;82.0
1984-12-13;80.7;12;80.7
1984-12-14;80.7;12;80.7
1984-12-15;85.2;12;85.2
1984-12-16;80.2;12;80.2
1984-12-17;80.5;12;80.5
1984-12-18;98.2;12;98.2
1984-12-19;276.1;12;276.1
1984-12-20;273.7;12;273.7
1984-12-21;134.6;12;134.6
1984-12-22;96.7;12;96.7
1984-12-23;108.2;12;108.2
1984-12-24;106.9;12;106.9
1984-12-25;102.8;12;102.8
1984-12-26;93.8;12;93.8
1984-12-27;89.2;12;89.2
1984-12-28;86.2;12;86.2
1984-12-29;85.5;12;85.5
1984-12-30;82.7;12;82.7
1984-12-31;83.0;12;83.0
1985-01-01;65.0;1;65.0
1985-01-02;65.0;1;65.0
1985-01-03;62.6;1;62.6
1985-01-04;59.4;1;59.4
1985-01-05;59.8;1;59.8
1985-01-06;59.8;1;59.8
1985-01-07;62.6;1;62.6
1985-01-08;62.6;1;62.6
1985-01-09;55.8;1;55.8
1985-01-10;57.0;1;57.0
1985-01-11;58.2;1;58.2
1985-01-12;58.6;1;58.6
1985-01-13;57.8;1;57.8
1985-01-14;57.0;1;57.0
1985-01-15;56.1;1;56.1
1985-01-16;55.2;1;55.2
1985-01-17;56.7;1;56.7
1985-01-18;55.8;1;55.8
1985-01-19;54.6;1;54.6
1985-01-20;53.4;1;53.4
1985-01-21;52.5;1;52.5
1985-01-22;54.0;1;54.0
1985-01-23;230.0;1;230.0
1985-01-24;158.2;1;158.2
1985-01-25;68.6;1;68.6
1985-01-26;67.2;1;67.2
1985-01-27;65.0;1;65.0
1985-01-28;63.8;1;63.8
1985-01-29;61.4;1;61.4
1985-01-30;61.4;1;61.4
1985-01-31;62.2;1;62.2
1985-02-01;-999.000;2;55.2
1985-02-02;-999.000;2;76.93
1985-02-03;-999.000;2;62.1
1985-02-04;-999.000;2;87.7
1985-02-05;-999.000;2;86.25
1985-02-06;-999.000;2;65.7
1985-02-07;-999.000;2;62.8
1985-02-08;-999.000;2;103.9
1985-02-09;-999.000;2;42.8
1985-02-10;-999.000;2;55.2
1985-02-11;-999.000;2;86.7
1985-02-12;-999.000;2;80.3
1985-02-13;-999.000;2;55.4
1985-02-14;-999.000;2;60.5
1985-02-15;-999.000;2;57.48
1985-02-16;-999.000;2;175.6
1985-02-17;-999.000;2;112.5
1985-02-18;-999.000;2;83.5
1985-02-19;-999.000;2;110.5
1985-02-20;-999.000;2;65.92
1985-02-21;-999.000;2;83.0
1985-02-22;-999.000;2;68.4
1985-02-23;-999.000;2;188.6
1985-02-24;-999.000;2;56.6
1985-02-25;-999.000;2;53.3
1985-02-26;-999.000;2;57.0
1985-02-27;-999.000;2;121.9
1985-02-28;-999.000;2;75.5
1985-03-01;79.0;3;79.0
1985-03-02;74.0;3;74.0
1985-03-03;76.0;3;76.0
1985-03-04;100.0;3;100.0
1985-03-05;55.8;3;55.8
1985-03-06;77.7;3;77.7
1985-03-07;108.4;3;108.4
1985-03-08;68.1;3;68.1
1985-03-09;58.6;3;58.6
1985-03-10;54.9;3;54.9
1985-03-11;51.0;3;51.0
1985-03-12;45.0;3;45.0
1985-03-13;45.0;3;45.0
1985-03-14;45.9;3;45.9
1985-03-15;44.6;3;44.6
1985-03-16;41.1;3;41.1
1985-03-17;42.2;3;42.2
1985-03-18;40.9;3;40.9
1985-03-19;40.5;3;40.5
1985-03-20;45.4;3;45.4
1985-03-21;43.2;3;43.2
1985-03-22;41.4;3;41.4
1985-03-23;41.0;3;41.0
1985-03-24;41.0;3;41.0
1985-03-25;40.9;3;40.9
1985-03-26;40.6;3;40.6
1985-03-27;156.7;3;156.7
1985-03-28;138.5;3;138.5
1985-03-29;93.0;3;93.0
1985-03-30;59.8;3;59.8
1985-03-31;77.0;3;77.0
1985-04-01;83.0;4;83.0
1985-04-02;74.2;4;74.2
1985-04-03;57.2;4;57.2
1985-04-04;52.8;4;52.8
1985-04-05;62.9;4;62.9
1985-04-06;67.0;4;67.0
1985-04-07;87.0;4;87.0
1985-04-08;67.7;4;67.7
1985-04-09;75.8;4;75.8
1985-04-10;55.9;4;55.9
1985-04-11;50.4;4;50.4
1985-04-12;74.4;4;74.4
1985-04-13;68.3;4;68.3
1985-04-14;54.0;4;54.0
1985-04-15;67.9;4;67.9
1985-04-16;58.8;4;58.8
1985-04-17;78.4;4;78.4
1985-04-18;84.0;4;84.0
1985-04-19;186.7;4;186.7
1985-04-20;213.8;4;213.8
1985-04-21;131.0;4;131.0
1985-04-22;89.5;4;89.5
1985-04-23;83.5;4;83.5
1985-04-24;86.5;4;86.5
1985-04-25;100.5;4;100.5
1985-04-26;93.0;4;93.0
1985-04-27;246.3;4;246.3
1985-04-28;111.1;4;111.1
1985-04-29;85.0;4;85.0
1985-04-30;96.0;4;96.0
1985-05-01;74.6;5;74.6
1985-05-02;114.4;5;114.4
1985-05-03;106.5;5;106.5
1985-05-04;269.0;5;269.0
1985-05-05;232.3;5;232.3
1985-05-06;182.3;5;182.3
1985-05-07;128.9;5;128.9
1985-05-08;107.3;5;107.3
1985-05-09;141.6;5;141.6
1985-05-10;86.5;5;86.5
1985-05-11;83.5;5;83.5
1985-05-12;94.5;5;94.5
1985-05-13;100.5;5;100.5
1985-05-14;148.0;5;148.0
1985-05-15;306.6;5;306.6
1985-05-16;176.3;5;176.3
1985-05-17;114.0;5;114.0
1985-05-18;130.9;5;130.9
1985-05-19;106.5;5;106.5
1985-05-20;105.2;5;105.2
1985-05-21;107.3;5;107.3
1985-05-22;102.5;5;102.5
1985-05-23;121.4;5;121.4
1985-05-24;132.0;5;132.0
1985-05-25;111.3;5;111.3
1985-05-26;280.7;5;280.7
1985-05-27;140.1;5;140.1
1985-05-28;130.6;5;130.6
1985-05-29;237.2;5;237.2
1985-05-30;250.8;5;250.8
1985-05-31;222.0;5;222.0
1985-06-01;240.9;6;240.9
1985-06-02;505.6;6;505.6
1985-06-03;317.4;6;317.4
1985-06-04;230.1;6;230.1
1985-06-05;183.3;6;183.3
1985-06-06;382.2;6;382.2
1985-06-07;436.2;6;436.2
1985-06-08;551.6;6;551.6
1985-06-09;612.8;6;612.8
1985-06-10;684.0;6;684.0
1985-06-11;605.6;6;605.6
1985-06-12;239.1;6;239.1
1985-06-13;190.7;6;190.7
1985-06-14;198.9;6;198.9
1985-06-15;303.0;6;303.0
1985-06-16;313.8;6;313.8
1985-06-17;375.0;6;375.0
1985-06-18;452.7;6;452.7
1985-06-19;358.8;6;358.8
1985-06-20;409.2;6;409.2
1985-06-21;389.4;6;389.4
1985-06-22;491.2;6;491.2
1985-06-23;389.4;6;389.4
1985-06-24;240.0;6;240.0
1985-06-25;330.0;6;330.0
1985-06-26;295.8;6;295.8
1985-06-27;344.4;6;344.4
1985-06-28;307.5;6;307.5
1985-06-29;236.4;6;236.4
1985-06-30;208.4;6;208.4
1985-07-01;207.3;7;207.3
1985-07-02;193.0;7;193.0
1985-07-03;187.7;7;187.7
1985-07-04;-999.000;7;761.2
1985-07-05;-999.000;7;637.2
1985-07-06;-999.000;7;404.9
1985-07-07;-999.000;7;421.5
1985-07-08;-999.000;7;259.3
1985-07-09;-999.000;7;215.1
1985-07-10;-999.000;7;249.7
1985-07-11;-999.000;7;173.1
1985-07-12;-999.000;7;445.6
1985-07-13;-999.000;7;674.1
1985-07-14;-999.000;7;193.0
1985-07-15;-999.000;7;360.5
1985-07-16;-999.000;7;198.7
1985-07-17;-999.000;7;206.3
1985-07-18;-999.000;7;318.0
1985-07-19;342.6;7;342.6
1985-07-20;277.8;7;277.8
1985-07-21;223.9;7;223.9
1985-07-22;319.2;7;319.2
1985-07-23;264.3;7;264.3
1985-07-24;254.4;7;254.4
1985-07-25;293.1;7;293.1
1985-07-26;270.6;7;270.6
1985-07-27;224.2;7;224.2
1985-07-28;209.6;7;209.6
1985-07-29;215.3;7;215.3
1985-07-30;236.4;7;236.4
1985-07-31;222.2;7;222.2
1985-08-01;218.0;8;218.0
1985-08-02;197.5;8;197.5
1985-08-03;357.0;8;357.0
1985-08-04;416.4;8;416.4
1985-08-05;306.6;8;306.6
1985-08-06;250.8;8;250.8
1985-08-07;223.9;8;223.9
1985-08-08;227.3;8;227.3
1985-08-09;303.0;8;303.0
1985-08-10;299.4;8;299.4
1985-08-11;256.2;8;256.2
1985-08-12;296.2;8;296.2
1985-08-13;240.0;8;240.0
1985-08-14;202.0;8;202.0
1985-08-15;299.4;8;299.4
1985-08-16;366.0;8;366.0
1985-08-17;306.6;8;306.6
1985-08-18;276.0;8;276.0
1985-08-19;267.0;8;267.0
1985-08-20;252.6;8;252.6
1985-08-21;439.0;8;439.0
1985-08-22;398.4;8;398.4
1985-08-23;326.4;8;326.4
1985-08-24;254.4;8;254.4
1985-08-25;216.9;8;216.9
1985-08-26;210.1;8;210.1
1985-08-27;187.0;8;187.0
1985-08-28;202.0;8;202.0
1985-08-29;400.2;8;400.2
1985-08-30;378.6;8;378.6
1985-08-31;229.3;8;229.3
1985-09-01;225.7;9;225.7
1985-09-02;234.6;9;234.6
1985-09-03;286.8;9;286.8
1985-09-04;252.6;9;252.6
1985-09-05;256.2;9;256.2
1985-09-06;234.6;9;234.6
1985-09-07;210.2;9;210.2
1985-09-08;165.9;9;165.9
1985-09-09;162.0;9;162.0
1985-09-10;190.0;9;190.0
1985-09-11;200.9;9;200.9
1985-09-12;197.9;9;197.9
1985-09-13;162.0;9;162.0
1985-09-14;169.8;9;169.8
1985-09-15;174.1;9;174.1
1985-09-16;154.2;9;154.2
1985-09-17;140.6;9;140.6
1985-09-18;143.0;9;143.0
1985-09-19;140.8;9;140.8
1985-09-20;126.0;9;126.0
1985-09-21;121.6;9;121.6
1985-09-22;130.4;9;130.4
1985-09-23;127.1;9;127.1
1985-09-24;120.5;9;120.5
1985-09-25;123.8;9;123.8
1985-09-26;180.2;9;180.2
1985-09-27;136.5;9;136.5
1985-09-28;131.5;9;131.5
1985-09-29;124.9;9;124.9
1985-09-30;139.5;9;139.5
1985-10-01;143.0;10;143.0
1985-10-02;146.0;10;146.0
1985-10-03;112.8;10;112.8
1985-10-04;111.7;10;111.7
1985-10-05;118.3;10;118.3
1985-10-06;111.7;10;111.7
1985-10-07;106.2;10;106.2
1985-10-08;129.3;10;129.3
1985-10-09;133.0;10;133.0
1985-10-10;168.7;10;168.7
1985-10-11;207.2;10;207.2
1985-10-12;128.2;10;128.2
1985-10-13;115.0;10;115.0
1985-10-14;111.7;10;111.7
1985-10-15;97.0;10;97.0
1985-10-16;120.5;10;120.5
1985-10-17;135.9;10;135.9
1985-10-18;123.2;10;123.2
1985-10-19;130.4;10;130.4
1985-10-20;146.6;10;146.6
1985-10-21;160.7;10;160.7
1985-10-22;153.1;10;153.1
1985-10-23;231.0;10;231.0
1985-10-24;197.4;10;197.4
1985-10-25;205.6;10;205.6
1985-10-26;188.5;10;188.5
1985-10-27;171.1;10;171.1
1985-10-28;149.2;10;149.2
1985-10-29;121.6;10;121.6
1985-10-30;113.9;10;113.9
1985-10-31;104.0;10;104.0
1985-11-01;101.0;11;101.0
1985-11-02;95.0;11;95.0
1985-11-03;93.0;11;93.0
1985-11-04;90.0;11;90.0
1985-11-05;87.0;11;87.0
1985-11-06;86.0;11;86.0
1985-11-07;96.0;11;96.0
1985-11-08;86.0;11;86.0
1985-11-09;81.0;11;81.0
1985-11-10;82.5;11;82.5
1985-11-11;96.0;11;96.0
1985-11-12;99.0;11;99.0
1985-11-13;95.0;11;95.0
1985-11-14;141.4;11;141.4
1985-11-15;106.3;11;106.3
1985-11-16;116.1;11;116.1
1985-11-17;128.2;11;128.2
1985-11-18;117.7;11;117.7
1985-11-19;117.2;11;117.2
1985-11-20;91.0;11;91.0
1985-11-21;89.0;11;89.0
1985-11-22;87.0;11;87.0
1985-11-23;85.0;11;85.0
1985-11-24;79.0;11;79.0
1985-11-25;74.0;11;74.0
1985-11-26;70.4;11;70.4
1985-11-27;68.6;11;68.6
1985-11-28;64.3;11;64.3
1985-11-29;65.9;11;65.9
1985-11-30;64.2;11;64.2
1985-12-01;65.0;12;65.0
1985-12-02;63.4;12;63.4
1985-12-03;66.4;12;66.4
1985-12-04;70.8;12;70.8
1985-12-05;79.0;12;79.0
1985-12-06;89.0;12;89.0
1985-12-07;86.5;12;86.5
1985-12-08;84.0;12;84.0
1985-12-09;77.0;12;77.0
1985-12-10;68.6;12;68.6
1985-12-11;65.1;12;65.1
1985-12-12;65.0;12;65.0
1985-12-13;68.6;12;68.6
1985-12-14;70.4;12;70.4
1985-12-15;72.2;12;72.2
1985-12-16;81.0;12;81.0
1985-12-17;81.0;12;81.0
1985-12-18;108.4;12;108.4
1985-12-19;81.5;12;81.5
1985-12-20;66.8;12;66.8
1985-12-21;68.6;12;68.6
1985-12-22;71.3;12;71.3
1985-12-23;73.1;12;73.1
1985-12-24;71.3;12;71.3
1985-12-25;119.6;12;119.6
1985-12-26;63.0;12;63.0
1985-12-27;59.4;12;59.4
1985-12-28;56.4;12;56.4
1985-12-29;61.0;12;61.0
1985-12-30;70.4;12;70.4
1985-12-31;67.7;12;67.7
1986-01-01;73.0;1;73.0
1986-01-02;72.7;1;72.7
1986-01-03;74.2;1;74.2
1986-01-04;75.1;1;75.1
1986-01-05;73.3;1;73.3
1986-01-06;72.1;1;72.1
1986-01-07;71.2;1;71.2
1986-01-08;70.6;1;70.6
1986-01-09;70.9;1;70.9
1986-01-10;71.3;1;71.3
1986-01-11;71.0;1;71.0
1986-01-12;70.6;1;70.6
1986-01-13;70.1;1;70.1
1986-01-14;69.8;1;69.8
1986-01-15;69.8;1;69.8
1986-01-16;70.2;1;70.2
1986-01-17;70.9;1;70.9
1986-01-18;69.8;1;69.8
1986-01-19;70.0;1;70.0
1986-01-20;70.3;1;70.3
1986-01-21;69.6;1;69.6
1986-01-22;71.2;1;71.2
1986-01-23;72.4;1;72.4
1986-01-24;73.6;1;73.6
1986-01-25;81.6;1;81.6
1986-01-26;72.7;1;72.7
1986-01-27;73.0;1;73.0
1986-01-28;82.4;1;82.4
1986-01-29;70.9;1;70.9
1986-01-30;80.1;1;80.1
1986-01-31;76.2;1;76.2
1986-02-01;71.8;2;71.8
1986-02-02;70.7;2;70.7
1986-02-03;69.8;2;69.8
1986-02-04;68.6;2;68.6
1986-02-05;68.2;2;68.2
1986-02-06;68.3;2;68.3
1986-02-07;69.0;2;69.0
1986-02-08;68.4;2;68.4
1986-02-09;67.9;2;67.9
1986-02-10;69.0;2;69.0
1986-02-11;69.0;2;69.0
1986-02-12;69.5;2;69.5
1986-02-13;69.0;2;69.0
1986-02-14;68.3;2;68.3
1986-02-15;68.5;2;68.5
1986-02-16;68.1;2;68.1
1986-02-17;67.8;2;67.8
1986-02-18;71.5;2;71.5
1986-02-19;87.0;2;87.0
1986-02-20;81.4;2;81.4
1986-02-21;68.4;2;68.4
1986-02-22;70.2;2;70.2
1986-02-23;89.7;2;89.7
1986-02-24;75.5;2;75.5
1986-02-25;74.2;2;74.2
1986-02-26;71.3;2;71.3
1986-02-27;70.9;2;70.9
1986-02-28;72.4;2;72.4
1986-03-01;72.5;3;72.5
1986-03-02;72.5;3;72.5
1986-03-03;73.3;3;73.3
1986-03-04;76.5;3;76.5
1986-03-05;88.2;3;88.2
1986-03-06;90.6;3;90.6
1986-03-07;82.5;3;82.5
1986-03-08;88.5;3;88.5
1986-03-09;94.4;3;94.4
1986-03-10;78.5;3;78.5
1986-03-11;85.2;3;85.2
1986-03-12;107.4;3;107.4
1986-03-13;125.0;3;125.0
1986-03-14;115.4;3;115.4
1986-03-15;97.2;3;97.2
1986-03-16;91.8;3;91.8
1986-03-17;87.0;3;87.0
1986-03-18;80.0;3;80.0
1986-03-19;103.1;3;103.1
1986-03-20;180.3;3;180.3
1986-03-21;141.3;3;141.3
1986-03-22;107.2;3;107.2
1986-03-23;99.3;3;99.3
1986-03-24;106.3;3;106.3
1986-03-25;112.7;3;112.7
1986-03-26;95.8;3;95.8
1986-03-27;107.2;3;107.2
1986-03-28;205.3;3;205.3
1986-03-29;204.5;3;204.5
1986-03-30;209.7;3;209.7
1986-03-31;114.5;3;114.5
1986-04-01;110.8;4;110.8
1986-04-02;100.2;4;100.2
1986-04-03;97.7;4;97.7
1986-04-04;112.6;4;112.6
1986-04-05;148.9;4;148.9
1986-04-06;108.1;4;108.1
1986-04-07;114.6;4;114.6
1986-04-08;111.7;4;111.7
1986-04-09;107.2;4;107.2
1986-04-10;101.8;4;101.8
1986-04-11;100.2;4;100.2
1986-04-12;348.0;4;348.0
1986-04-13;198.4;4;198.4
1986-04-14;124.2;4;124.2
1986-04-15;106.3;4;106.3
1986-04-16;175.9;4;175.9
1986-04-17;309.6;4;309.6
1986-04-18;188.5;4;188.5
1986-04-19;117.1;4;117.1
1986-04-20;110.8;4;110.8
1986-04-21;99.2;4;99.2
1986-04-22;106.3;4;106.3
1986-04-23;146.1;4;146.1
1986-04-24;214.3;4;214.3
1986-04-25;116.5;4;116.5
1986-04-26;107.6;4;107.6
1986-04-27;99.2;4;99.2
1986-04-28;487.3;4;487.3
1986-04-29;459.5;4;459.5
1986-04-30;336.7;4;336.7
1986-05-01;228.5;5;228.5
1986-05-02;221.0;5;221.0
1986-05-03;196.3;5;196.3
1986-05-04;271.8;5;271.8
1986-05-05;184.4;5;184.4
1986-05-06;173.4;5;173.4
1986-05-07;161.8;5;161.8
1986-05-08;152.2;5;152.2
1986-05-09;142.7;5;142.7
1986-05-10;135.2;5;135.2
1986-05-11;136.3;5;136.3
1986-05-12;112.6;5;112.6
1986-05-13;119.0;5;119.0
1986-05-14;121.0;5;121.0
1986-05-15;145.1;5;145.1
1986-05-16;206.8;5;206.8
1986-05-17;158.2;5;158.2
1986-05-18;194.2;5;194.2
1986-05-19;163.1;5;163.1
1986-05-20;157.6;5;157.6
1986-05-21;129.8;5;129.8
1986-05-22;137.6;5;137.6
1986-05-23;129.4;5;129.4
1986-05-24;181.6;5;181.6
1986-05-25;147.9;5;147.9
1986-05-26;432.8;5;432.8
1986-05-27;312.4;5;312.4
1986-05-28;225.5;5;225.5
1986-05-29;158.5;5;158.5
1986-05-30;118.5;5;118.5
1986-05-31;239.0;5;239.0
1986-06-01;151.8;6;151.8
1986-06-02;432.6;6;432.6
1986-06-03;482.9;6;482.9
1986-06-04;196.8;6;196.8
1986-06-05;142.2;6;142.2
1986-06-06;154.8;6;154.8
1986-06-07;155.8;6;155.8
1986-06-08;248.1;6;248.1
1986-06-09;176.3;6;176.3
1986-06-10;205.5;6;205.5
1986-06-11;232.4;6;232.4
1986-06-12;252.0;6;252.0
1986-06-13;278.0;6;278.0
1986-06-14;225.7;6;225.7
1986-06-15;282.7;6;282.7
1986-06-16;257.6;6;257.6
1986-06-17;381.8;6;381.8
1986-06-18;411.9;6;411.9
1986-06-19;373.9;6;373.9
1986-06-20;609.8;6;609.8
1986-06-21;566.7;6;566.7
1986-06-22;443.0;6;443.0
1986-06-23;391.0;6;391.0
1986-06-24;360.6;6;360.6
1986-06-25;364.7;6;364.7
1986-06-26;354.9;6;354.9
1986-06-27;373.9;6;373.9
1986-06-28;357.5;6;357.5
1986-06-29;394.8;6;394.8
1986-06-30;402.4;6;402.4
1986-07-01;342.2;7;342.2
1986-07-02;523.4;7;523.4
1986-07-03;614.0;7;614.0
1986-07-04;495.2;7;495.2
1986-07-05;383.4;7;383.4
1986-07-06;389.1;7;389.1
1986-07-07;698.4;7;698.4
1986-07-08;595.1;7;595.1
1986-07-09;495.3;7;495.3
1986-07-10;391.0;7;391.0
1986-07-11;514.1;7;514.1
1986-07-12;375.8;7;375.8
1986-07-13;353.9;7;353.9
1986-07-14;337.8;7;337.8
1986-07-15;349.2;7;349.2
1986-07-16;532.1;7;532.1
1986-07-17;549.4;7;549.4
1986-07-18;578.3;7;578.3
1986-07-19;444.9;7;444.9
1986-07-20;322.0;7;322.0
1986-07-21;364.4;7;364.4
1986-07-22;635.0;7;635.0
1986-07-23;717.8;7;717.8
1986-07-24;593.0;7;593.0
1986-07-25;559.4;7;559.4
1986-07-26;321.6;7;321.6
1986-07-27;284.4;7;284.4
1986-07-28;252.8;7;252.8
1986-07-29;267.9;7;267.9
1986-07-30;239.0;7;239.0
1986-07-31;249.6;7;249.6
1986-08-01;240.5;8;240.5
1986-08-02;256.8;8;256.8
1986-08-03;264.2;8;264.2
1986-08-04;173.5;8;173.5
1986-08-05;258.3;8;258.3
1986-08-06;239.1;8;239.1
1986-08-07;310.2;8;310.2
1986-08-08;310.2;8;310.2
1986-08-09;235.0;8;235.0
1986-08-10;204.0;8;204.0
1986-08-11;187.2;8;187.2
1986-08-12;195.6;8;195.6
1986-08-13;222.5;8;222.5
1986-08-14;184.4;8;184.4
1986-08-15;200.5;8;200.5
1986-08-16;219.5;8;219.5
1986-08-17;212.4;8;212.4
1986-08-18;199.8;8;199.8
1986-08-19;316.0;8;316.0
1986-08-20;277.6;8;277.6
1986-08-21;243.6;8;243.6
1986-08-22;211.7;8;211.7
1986-08-23;184.4;8;184.4
1986-08-24;213.8;8;213.8
1986-08-25;-999.000;8;338.0
1986-08-26;-999.000;8;168.2
1986-08-27;-999.000;8;190.6
1986-08-28;-999.000;8;206.0
1986-08-29;-999.000;8;260.2
1986-08-30;-999.000;8;239.1
1986-08-31;-999.000;8;261.6
1986-09-01;-999.000;9;111.0
1986-09-02;-999.000;9;120.6
1986-09-03;-999.000;9;301.5
1986-09-04;-999.000;9;113.8
1986-09-05;-999.000;9;201.2
1986-09-06;-999.000;9;146.0
1986-09-07;-999.000;9;301.7
1986-09-08;-999.000;9;102.1
1986-09-09;-999.000;9;126.7
1986-09-10;-999.000;9;123.6
1986-09-11;-999.000;9;174.1
1986-09-12;-999.000;9;121.2
1986-09-13;-999.000;9;122.0
1986-09-14;-999.000;9;166.8
1986-09-15;-999.000;9;107.1
1986-09-16;-999.000;9;124.0
1986-09-17;-999.000;9;200.3
1986-09-18;-999.000;9;518.3
1986-09-19;-999.000;9;106.9
1986-09-20;-999.000;9;126.7
1986-09-21;-999.000;9;219.6
1986-09-22;-999.000;9;366.0
1986-09-23;-999.000;9;108.3
1986-09-24;-999.000;9;181.1
1986-09-25;-999.000;9;161.7
1986-09-26;-999.000;9;266.4
1986-09-27;-999.000;9;219.6
1986-09-28;-999.000;9;234.6
1986-09-29;-999.000;9;262.2
1986-09-30;-999.000;9;151.8
1986-10-01;165.9;10;165.9
1986-10-02;155.8;10;155.8
1986-10-03;170.3;10;170.3
1986-10-04;375.4;10;375.4
1986-10-05;313.2;10;313.2
1986-10-06;172.1;10;172.1
1986-10-07;185.1;10;185.1
1986-10-08;292.8;10;292.8
1986-10-09;408.1;10;408.1
1986-10-10;181.6;10;181.6
1986-10-11;199.8;10;199.8
1986-10-12;151.2;10;151.2
1986-10-13;168.0;10;168.0
1986-10-14;207.5;10;207.5
1986-10-15;168.3;10;168.3
1986-10-16;152.8;10;152.8
1986-10-17;151.6;10;151.6
1986-10-18;154.6;10;154.6
1986-10-19;230.0;10;230.0
1986-10-20;301.3;10;301.3
1986-10-21;261.5;10;261.5
1986-10-22;242.2;10;242.2
1986-10-23;242.1;10;242.1
1986-10-24;531.8;10;531.8
1986-10-25;637.6;10;637.6
1986-10-26;276.2;10;276.2
1986-10-27;294.9;10;294.9
1986-10-28;279.3;10;279.3
1986-10-29;263.3;10;263.3
1986-10-30;242.1;10;242.1
1986-10-31;219.6;10;219.6
1986-11-01;251.2;11;251.2
1986-11-02;252.0;11;252.0
1986-11-03;249.6;11;249.6
1986-11-04;247.2;11;247.2
1986-11-05;244.2;11;244.2
1986-11-06;242.7;11;242.7
1986-11-07;239.7;11;239.7
1986-11-08;254.4;11;254.4
1986-11-09;234.5;11;234.5
1986-11-10;228.5;11;228.5
1986-11-11;204.0;11;204.0
1986-11-12;528.9;11;528.9
1986-11-13;624.5;11;624.5
1986-11-14;569.9;11;569.9
1986-11-15;530.0;11;530.0
1986-11-16;480.1;11;480.1
1986-11-17;434.7;11;434.7
1986-11-18;389.1;11;389.1
1986-11-19;343.5;11;343.5
1986-11-20;300.0;11;300.0
1986-11-21;260.1;11;260.1
1986-11-22;224.1;11;224.1
1986-11-23;195.6;11;195.6
1986-11-24;215.2;11;215.2
1986-11-25;207.5;11;207.5
1986-11-26;194.2;11;194.2
1986-11-27;216.8;11;216.8
1986-11-28;192.8;11;192.8
1986-11-29;160.8;11;160.8
1986-11-30;152.2;11;152.2
1986-12-01;137.6;12;137.6
1986-12-02;134.0;12;134.0
1986-12-03;129.2;12;129.2
1986-12-04;125.0;12;125.0
1986-12-05;136.4;12;136.4
1986-12-06;146.6;12;146.6
1986-12-07;149.9;12;149.9
1986-12-08;134.0;12;134.0
1986-12-09;130.8;12;130.8
1986-12-10;122.0;12;122.0
1986-12-11;118.0;12;118.0
1986-12-12;113.5;12;113.5
1986-12-13;109.9;12;109.9
1986-12-14;106.3;12;106.3
1986-12-15;128.3;12;128.3
1986-12-16;163.0;12;163.0
1986-12-17;119.0;12;119.0
1986-12-18;112.6;12;112.6
1986-12-19;105.4;12;105.4
1986-12-20;106.7;12;106.7
1986-12-21;104.9;12;104.9
1986-12-22;104.0;12;104.0
1986-12-23;104.5;12;104.5
1986-12-24;103.6;12;103.6
1986-12-25;102.7;12;102.7
1986-12-26;98.6;12;98.6
1986-12-27;99.3;12;99.3
1986-12-28;98.6;12;98.6
1986-12-29;95.8;12;95.8
1986-12-30;97.2;12;97.2
1986-12-31;97.2;12;97.2
1987-01-01;77.4;1;77.4
1987-01-02;77.4;1;77.4
1987-01-03;75.0;1;75.0
1987-01-04;72.6;1;72.6
1987-01-05;71.0;1;71.0
1987-01-06;82.5;1;82.5
1987-01-07;92.2;1;92.2
1987-01-08;89.0;1;89.0
1987-01-09;85.1;1;85.1
1987-01-10;82.2;1;82.2
1987-01-11;78.7;1;78.7
1987-01-12;76.2;1;76.2
1987-01-13;73.8;1;73.8
1987-01-14;71.5;1;71.5
1987-01-15;67.8;1;67.8
1987-01-16;72.7;1;72.7
1987-01-17;71.5;1;71.5
1987-01-18;73.8;1;73.8
1987-01-19;85.1;1;85.1
1987-01-20;75.0;1;75.0
1987-01-21;71.0;1;71.0
1987-01-22;70.0;1;70.0
1987-01-23;63.4;1;63.4
1987-01-24;65.4;1;65.4
1987-01-25;65.8;1;65.8
1987-01-26;65.0;1;65.0
1987-01-27;63.0;1;63.0
1987-01-28;62.3;1;62.3
1987-01-29;64.6;1;64.6
1987-01-30;63.8;1;63.8
1987-01-31;64.8;1;64.8
1987-02-01;67.8;2;67.8
1987-02-02;70.5;2;70.5
1987-02-03;69.5;2;69.5
1987-02-04;75.9;2;75.9
1987-02-05;79.4;2;79.4
1987-02-06;65.4;2;65.4
1987-02-07;64.6;2;64.6
1987-02-08;71.0;2;71.0
1987-02-09;73.7;2;73.7
1987-02-10;85.9;2;85.9
1987-02-11;105.3;2;105.3
1987-02-12;193.4;2;193.4
1987-02-13;250.1;2;250.1
1987-02-14;433.0;2;433.0
1987-02-15;230.5;2;230.5
1987-02-16;124.9;2;124.9
1987-02-17;88.2;2;88.2
1987-02-18;84.3;2;84.3
1987-02-19;91.6;2;91.6
1987-02-20;93.9;2;93.9
1987-02-21;84.3;2;84.3
1987-02-22;79.4;2;79.4
1987-02-23;71.8;2;71.8
1987-02-24;71.3;2;71.3
1987-02-25;73.0;2;73.0
1987-02-26;78.4;2;78.4
1987-02-27;104.0;2;104.0
1987-02-28;89.0;2;89.0
1987-03-01;83.6;3;83.6
1987-03-02;96.6;3;96.6
1987-03-03;86.6;3;86.6
1987-03-04;79.4;3;79.4
1987-03-05;77.1;3;77.1
1987-03-06;78.3;3;78.3
1987-03-07;78.3;3;78.3
1987-03-08;77.1;3;77.1
1987-03-09;77.7;3;77.7
1987-03-10;78.7;3;78.7
1987-03-11;90.6;3;90.6
1987-03-12;87.4;3;87.4
1987-03-13;91.0;3;91.0
1987-03-14;96.7;3;96.7
1987-03-15;97.9;3;97.9
1987-03-16;255.7;3;255.7
1987-03-17;336.6;3;336.6
1987-03-18;145.1;3;145.1
1987-03-19;99.3;3;99.3
1987-03-20;83.9;3;83.9
1987-03-21;83.9;3;83.9
1987-03-22;87.4;3;87.4
1987-03-23;119.3;3;119.3
1987-03-24;86.6;3;86.6
1987-03-25;83.6;3;83.6
1987-03-26;81.2;3;81.2
1987-03-27;74.4;3;74.4
1987-03-28;71.5;3;71.5
1987-03-29;80.7;3;80.7
1987-03-30;88.2;3;88.2
1987-03-31;85.5;3;85.5
1987-04-01;88.2;4;88.2
1987-04-02;90.6;4;90.6
1987-04-03;137.4;4;137.4
1987-04-04;101.2;4;101.2
1987-04-05;98.1;4;98.1
1987-04-06;91.4;4;91.4
1987-04-07;89.8;4;89.8
1987-04-08;118.7;4;118.7
1987-04-09;147.3;4;147.3
1987-04-10;145.2;4;145.2
1987-04-11;106.9;4;106.9
1987-04-12;119.1;4;119.1
1987-04-13;161.6;4;161.6
1987-04-14;138.5;4;138.5
1987-04-15;119.7;4;119.7
1987-04-16;403.7;4;403.7
1987-04-17;92.2;4;92.2
1987-04-18;148.4;4;148.4
1987-04-19;403.7;4;403.7
1987-04-20;677.2;4;677.2
1987-04-21;593.8;4;593.8
1987-04-22;203.5;4;203.5
1987-04-23;238.1;4;238.1
1987-04-24;379.4;4;379.4
1987-04-25;221.8;4;221.8
1987-04-26;233.4;4;233.4
1987-04-27;196.1;4;196.1
1987-04-28;184.5;4;184.5
1987-04-29;207.0;4;207.0
1987-04-30;248.2;4;248.2
1987-05-01;197.8;5;197.8
1987-05-02;190.0;5;190.0
1987-05-03;180.0;5;180.0
1987-05-04;153.8;5;153.8
1987-05-05;129.4;5;129.4
1987-05-06;151.1;5;151.1
1987-05-07;132.6;5;132.6
1987-05-08;118.6;5;118.6
1987-05-09;125.6;5;125.6
1987-05-10;157.4;5;157.4
1987-05-11;170.5;5;170.5
1987-05-12;202.0;5;202.0
1987-05-13;248.7;5;248.7
1987-05-14;367.0;5;367.0
1987-05-15;203.5;5;203.5
1987-05-16;173.2;5;173.2
1987-05-17;167.8;5;167.8
1987-05-18;182.9;5;182.9
1987-05-19;153.7;5;153.7
1987-05-20;180.2;5;180.2
1987-05-21;163.9;5;163.9
1987-05-22;163.9;5;163.9
1987-05-23;183.0;5;183.0
1987-05-24;218.9;5;218.9
1987-05-25;227.5;5;227.5
1987-05-26;299.1;5;299.1
1987-05-27;246.6;5;246.6
1987-05-28;307.4;5;307.4
1987-05-29;197.6;5;197.6
1987-05-30;151.3;5;151.3
1987-05-31;138.0;5;138.0
1987-06-01;299.3;6;299.3
1987-06-02;325.7;6;325.7
1987-06-03;202.0;6;202.0
1987-06-04;208.4;6;208.4
1987-06-05;183.0;6;183.0
1987-06-06;185.1;6;185.1
1987-06-07;214.3;6;214.3
1987-06-08;233.3;6;233.3
1987-06-09;243.2;6;243.2
1987-06-10;301.2;6;301.2
1987-06-11;234.8;6;234.8
1987-06-12;250.1;6;250.1
1987-06-13;264.4;6;264.4
1987-06-14;293.2;6;293.2
1987-06-15;243.2;6;243.2
1987-06-16;220.2;6;220.2
1987-06-17;231.5;6;231.5
1987-06-18;251.9;6;251.9
1987-06-19;363.0;6;363.0
1987-06-20;397.3;6;397.3
1987-06-21;226.7;6;226.7
1987-06-22;185.8;6;185.8
1987-06-23;177.2;6;177.2
1987-06-24;248.5;6;248.5
1987-06-25;264.7;6;264.7
1987-06-26;395.3;6;395.3
1987-06-27;309.7;6;309.7
1987-06-28;327.4;6;327.4
1987-06-29;271.7;6;271.7
1987-06-30;208.0;6;208.0
1987-07-01;363.4;7;363.4
1987-07-02;323.0;7;323.0
1987-07-03;363.4;7;363.4
1987-07-04;476.4;7;476.4
1987-07-05;712.1;7;712.1
1987-07-06;555.0;7;555.0
1987-07-07;295.0;7;295.0
1987-07-08;251.9;7;251.9
1987-07-09;247.4;7;247.4
1987-07-10;307.0;7;307.0
1987-07-11;298.0;7;298.0
1987-07-12;277.5;7;277.5
1987-07-13;241.7;7;241.7
1987-07-14;487.5;7;487.5
1987-07-15;417.3;7;417.3
1987-07-16;291.1;7;291.1
1987-07-17;228.3;7;228.3
1987-07-18;231.8;7;231.8
1987-07-19;270.8;7;270.8
1987-07-20;262.8;7;262.8
1987-07-21;305.0;7;305.0
1987-07-22;248.4;7;248.4
1987-07-23;211.0;7;211.0
1987-07-24;220.3;7;220.3
1987-07-25;297.5;7;297.5
1987-07-26;303.0;7;303.0
1987-07-27;248.6;7;248.6
1987-07-28;217.0;7;217.0
1987-07-29;208.0;7;208.0
1987-07-30;211.0;7;211.0
1987-07-31;435.7;7;435.7
1987-08-01;656.2;8;656.2
1987-08-02;495.2;8;495.2
1987-08-03;350.5;8;350.5
1987-08-04;256.0;8;256.0
1987-08-05;239.0;8;239.0
1987-08-06;228.4;8;228.4
1987-08-07;197.5;8;197.5
1987-08-08;706.5;8;706.5
1987-08-09;591.2;8;591.2
1987-08-10;612.0;8;612.0
1987-08-11;438.0;8;438.0
1987-08-12;264.8;8;264.8
1987-08-13;263.7;8;263.7
1987-08-14;234.8;8;234.8
1987-08-15;230.1;8;230.1
1987-08-16;218.7;8;218.7
1987-08-17;214.0;8;214.0
1987-08-18;221.8;8;221.8
1987-08-19;258.0;8;258.0
1987-08-20;361.2;8;361.2
1987-08-21;488.0;8;488.0
1987-08-22;658.8;8;658.8
1987-08-23;348.5;8;348.5
1987-08-24;313.0;8;313.0
1987-08-25;299.3;8;299.3
1987-08-26;234.1;8;234.1
1987-08-27;226.6;8;226.6
1987-08-28;184.2;8;184.2
1987-08-29;208.0;8;208.0
1987-08-30;213.3;8;213.3
1987-08-31;216.3;8;216.3
1987-09-01;256.0;9;256.0
1987-09-02;173.1;9;173.1
1987-09-03;175.8;9;175.8
1987-09-04;221.0;9;221.0
1987-09-05;221.8;9;221.8
1987-09-06;203.5;9;203.5
1987-09-07;208.0;9;208.0
1987-09-08;176.5;9;176.5
1987-09-09;156.8;9;156.8
1987-09-10;164.5;9;164.5
1987-09-11;160.0;9;160.0
1987-09-12;205.0;9;205.0
1987-09-13;190.8;9;190.8
1987-09-14;176.5;9;176.5
1987-09-15;156.8;9;156.8
1987-09-16;147.0;9;147.0
1987-09-17;139.2;9;139.2
1987-09-18;141.0;9;141.0
1987-09-19;132.0;9;132.0
1987-09-20;177.2;9;177.2
1987-09-21;161.9;9;161.9
1987-09-22;170.8;9;170.8
1987-09-23;190.8;9;190.8
1987-09-24;199.8;9;199.8
1987-09-25;211.8;9;211.8
1987-09-26;241.5;9;241.5
1987-09-27;167.0;9;167.0
1987-09-28;126.3;9;126.3
1987-09-29;139.2;9;139.2
1987-09-30;160.0;9;160.0
1987-10-01;185.8;10;185.8
1987-10-02;233.5;10;233.5
1987-10-03;174.4;10;174.4
1987-10-04;177.2;10;177.2
1987-10-05;145.8;10;145.8
1987-10-06;138.6;10;138.6
1987-10-07;214.8;10;214.8
1987-10-08;119.1;10;119.1
1987-10-09;116.9;10;116.9
1987-10-10;117.5;10;117.5
1987-10-11;116.9;10;116.9
1987-10-12;117.5;10;117.5
1987-10-13;107.0;10;107.0
1987-10-14;102.5;10;102.5
1987-10-15;100.6;10;100.6
1987-10-16;98.9;10;98.9
1987-10-17;97.1;10;97.1
1987-10-18;95.3;10;95.3
1987-10-19;93.4;10;93.4
1987-10-20;93.0;10;93.0
1987-10-21;92.2;10;92.2
1987-10-22;83.7;10;83.7
1987-10-23;79.1;10;79.1
1987-10-24;107.0;10;107.0
1987-10-25;94.8;10;94.8
1987-10-26;87.5;10;87.5
1987-10-27;63.1;10;63.1
1987-10-28;383.3;10;383.3
1987-10-29;316.0;10;316.0
1987-10-30;173.0;10;173.0
1987-10-31;97.5;10;97.5
1987-11-01;115.4;11;115.4
1987-11-02;99.3;11;99.3
1987-11-03;153.8;11;153.8
1987-11-04;130.8;11;130.8
1987-11-05;158.7;11;158.7
1987-11-06;131.4;11;131.4
1987-11-07;120.1;11;120.1
1987-11-08;92.2;11;92.2
1987-11-09;104.7;11;104.7
1987-11-10;95.7;11;95.7
1987-11-11;99.3;11;99.3
1987-11-12;103.0;11;103.0
1987-11-13;107.0;11;107.0
1987-11-14;111.0;11;111.0
1987-11-15;115.3;11;115.3
1987-11-16;119.7;11;119.7
1987-11-17;124.2;11;124.2
1987-11-18;124.2;11;124.2
1987-11-19;119.7;11;119.7
1987-11-20;115.3;11;115.3
1987-11-21;114.2;11;114.2
1987-11-22;119.7;11;119.7
1987-11-23;123.1;11;123.1
1987-11-24;170.3;11;170.3
1987-11-25;125.5;11;125.5
1987-11-26;144.1;11;144.1
1987-11-27;95.7;11;95.7
1987-11-28;101.1;11;101.1
1987-11-29;95.7;11;95.7
1987-11-30;209.1;11;209.1
1987-12-01;182.4;12;182.4
1987-12-02;137.4;12;137.4
1987-12-03;95.7;12;95.7
1987-12-04;97.5;12;97.5
1987-12-05;93.0;12;93.0
1987-12-06;92.2;12;92.2
1987-12-07;91.4;12;91.4
1987-12-08;93.0;12;93.0
1987-12-09;89.8;12;89.8
1987-12-10;91.4;12;91.4
1987-12-11;146.0;12;146.0
1987-12-12;108.0;12;108.0
1987-12-13;100.2;12;100.2
1987-12-14;91.4;12;91.4
1987-12-15;83.1;12;83.1
1987-12-16;78.7;12;78.7
1987-12-17;78.0;12;78.0
1987-12-18;76.2;12;76.2
1987-12-19;73.2;12;73.2
1987-12-20;72.9;12;72.9
1987-12-21;71.5;12;71.5
1987-12-22;69.0;12;69.0
1987-12-23;72.1;12;72.1
1987-12-24;69.0;12;69.0
1987-12-25;69.5;12;69.5
1987-12-26;69.0;12;69.0
1987-12-27;68.0;12;68.0
1987-12-28;66.6;12;66.6
1987-12-29;67.5;12;67.5
1987-12-30;73.0;12;73.0
1987-12-31;93.9;12;93.9
1988-01-01;78.3;1;78.3
1988-01-02;78.9;1;78.9
1988-01-03;67.8;1;67.8
1988-01-04;62.2;1;62.2
1988-01-05;61.4;1;61.4
1988-01-06;61.6;1;61.6
1988-01-07;61.0;1;61.0
1988-01-08;60.3;1;60.3
1988-01-09;60.3;1;60.3
1988-01-10;60.3;1;60.3
1988-01-11;59.6;1;59.6
1988-01-12;58.7;1;58.7
1988-01-13;58.2;1;58.2
1988-01-14;58.9;1;58.9
1988-01-15;57.5;1;57.5
1988-01-16;66.2;1;66.2
1988-01-17;64.2;1;64.2
1988-01-18;79.8;1;79.8
1988-01-19;83.0;1;83.0
1988-01-20;78.3;1;78.3
1988-01-21;69.9;1;69.9
1988-01-22;69.9;1;69.9
1988-01-23;69.9;1;69.9
1988-01-24;60.3;1;60.3
1988-01-25;65.3;1;65.3
1988-01-26;63.0;1;63.0
1988-01-27;63.4;1;63.4
1988-01-28;67.8;1;67.8
1988-01-29;60.4;1;60.4
1988-01-30;58.2;1;58.2
1988-01-31;57.8;1;57.8
1988-02-01;57.2;2;57.2
1988-02-02;57.8;2;57.8
1988-02-03;57.0;2;57.0
1988-02-04;57.0;2;57.0
1988-02-05;57.6;2;57.6
1988-02-06;57.2;2;57.2
1988-02-07;71.3;2;71.3
1988-02-08;113.7;2;113.7
1988-02-09;83.0;2;83.0
1988-02-10;75.5;2;75.5
1988-02-11;88.2;2;88.2
1988-02-12;75.1;2;75.1
1988-02-13;70.6;2;70.6
1988-02-14;62.6;2;62.6
1988-02-15;60.3;2;60.3
1988-02-16;58.9;2;58.9
1988-02-17;57.0;2;57.0
1988-02-18;56.7;2;56.7
1988-02-19;56.2;2;56.2
1988-02-20;55.7;2;55.7
1988-02-21;55.5;2;55.5
1988-02-22;55.2;2;55.2
1988-02-23;58.8;2;58.8
1988-02-24;58.3;2;58.3
1988-02-25;55.2;2;55.2
1988-02-26;55.2;2;55.2
1988-02-27;56.7;2;56.7
1988-02-28;82.4;2;82.4
1988-02-29;61.0;2;61.0
1988-03-01;93.0;3;93.0
1988-03-02;78.6;3;78.6
1988-03-03;59.9;3;59.9
1988-03-04;56.5;3;56.5
1988-03-05;56.7;3;56.7
1988-03-06;56.5;3;56.5
1988-03-07;56.5;3;56.5
1988-03-08;57.3;3;57.3
1988-03-09;56.5;3;56.5
1988-03-10;56.5;3;56.5
1988-03-11;56.5;3;56.5
1988-03-12;56.2;3;56.2
1988-03-13;56.0;3;56.0
1988-03-14;55.7;3;55.7
1988-03-15;55.5;3;55.5
1988-03-16;63.4;3;63.4
1988-03-17;72.0;3;72.0
1988-03-18;64.9;3;64.9
1988-03-19;59.9;3;59.9
1988-03-20;57.0;3;57.0
1988-03-21;56.5;3;56.5
1988-03-22;56.5;3;56.5
1988-03-23;56.7;3;56.7
1988-03-24;56.9;3;56.9
1988-03-25;57.0;3;57.0
1988-03-26;56.0;3;56.0
1988-03-27;56.7;3;56.7
1988-03-28;66.1;3;66.1
1988-03-29;84.8;3;84.8
1988-03-30;94.2;3;94.2
1988-03-31;79.3;3;79.3
1988-04-01;108.0;4;108.0
1988-04-02;129.6;4;129.6
1988-04-03;147.1;4;147.1
1988-04-04;145.3;4;145.3
1988-04-05;98.0;4;98.0
1988-04-06;129.1;4;129.1
1988-04-07;159.5;4;159.5
1988-04-08;111.6;4;111.6
1988-04-09;86.4;4;86.4
1988-04-10;94.0;4;94.0
1988-04-11;94.0;4;94.0
1988-04-12;94.0;4;94.0
1988-04-13;75.8;4;75.8
1988-04-14;76.2;4;76.2
1988-04-15;127.5;4;127.5
1988-04-16;149.4;4;149.4
1988-04-17;90.4;4;90.4
1988-04-18;72.7;4;72.7
1988-04-19;81.4;4;81.4
1988-04-20;90.0;4;90.0
1988-04-21;77.2;4;77.2
1988-04-22;66.4;4;66.4
1988-04-23;86.4;4;86.4
1988-04-24;76.9;4;76.9
1988-04-25;86.9;4;86.9
1988-04-26;114.9;4;114.9
1988-04-27;153.5;4;153.5
1988-04-28;183.5;4;183.5
1988-04-29;156.7;4;156.7
1988-04-30;191.3;4;191.3
1988-05-01;254.1;5;254.1
1988-05-02;300.5;5;300.5
1988-05-03;283.0;5;283.0
1988-05-04;381.2;5;381.2
1988-05-05;278.0;5;278.0
1988-05-06;232.5;5;232.5
1988-05-07;228.0;5;228.0
1988-05-08;494.6;5;494.6
1988-05-09;430.0;5;430.0
1988-05-10;278.3;5;278.3
1988-05-11;266.9;5;266.9
1988-05-12;141.4;5;141.4
1988-05-13;120.5;5;120.5
1988-05-14;153.3;5;153.3
1988-05-15;153.1;5;153.1
1988-05-16;142.6;5;142.6
1988-05-17;128.3;5;128.3
1988-05-18;230.6;5;230.6
1988-05-19;179.0;5;179.0
1988-05-20;215.2;5;215.2
1988-05-21;192.5;5;192.5
1988-05-22;174.9;5;174.9
1988-05-23;141.4;5;141.4
1988-05-24;130.4;5;130.4
1988-05-25;121.4;5;121.4
1988-05-26;125.1;5;125.1
1988-05-27;167.9;5;167.9
1988-05-28;153.1;5;153.1
1988-05-29;142.7;5;142.7
1988-05-30;120.9;5;120.9
1988-05-31;102.0;5;102.0
1988-06-01;235.7;6;235.7
1988-06-02;162.8;6;162.8
1988-06-03;214.6;6;214.6
1988-06-04;221.6;6;221.6
1988-06-05;738.2;6;738.2
1988-06-06;660.2;6;660.2
1988-06-07;372.0;6;372.0
1988-06-08;257.2;6;257.2
1988-06-09;401.0;6;401.0
1988-06-10;515.2;6;515.2
1988-06-11;837.0;6;837.0
1988-06-12;681.0;6;681.0
1988-06-13;569.9;6;569.9
1988-06-14;291.6;6;291.6
1988-06-15;354.7;6;354.7
1988-06-16;312.9;6;312.9
1988-06-17;255.8;6;255.8
1988-06-18;358.0;6;358.0
1988-06-19;288.5;6;288.5
1988-06-20;225.6;6;225.6
1988-06-21;215.2;6;215.2
1988-06-22;249.3;6;249.3
1988-06-23;319.3;6;319.3
1988-06-24;274.5;6;274.5
1988-06-25;269.1;6;269.1
1988-06-26;223.2;6;223.2
1988-06-27;194.0;6;194.0
1988-06-28;206.0;6;206.0
1988-06-29;246.2;6;246.2
1988-06-30;269.5;6;269.5
1988-07-01;248.3;7;248.3
1988-07-02;213.7;7;213.7
1988-07-03;220.0;7;220.0
1988-07-04;241.7;7;241.7
1988-07-05;195.5;7;195.5
1988-07-06;209.0;7;209.0
1988-07-07;194.0;7;194.0
1988-07-08;216.1;7;216.1
1988-07-09;255.5;7;255.5
1988-07-10;244.2;7;244.2
1988-07-11;329.4;7;329.4
1988-07-12;583.5;7;583.5
1988-07-13;583.5;7;583.5
1988-07-14;311.1;7;311.1
1988-07-15;230.9;7;230.9
1988-07-16;224.0;7;224.0
1988-07-17;212.3;7;212.3
1988-07-18;226.4;7;226.4
1988-07-19;216.8;7;216.8
1988-07-20;203.0;7;203.0
1988-07-21;339.0;7;339.0
1988-07-22;333.5;7;333.5
1988-07-23;221.8;7;221.8
1988-07-24;244.3;7;244.3
1988-07-25;393.8;7;393.8
1988-07-26;474.5;7;474.5
1988-07-27;323.5;7;323.5
1988-07-28;293.5;7;293.5
1988-07-29;279.2;7;279.2
1988-07-30;242.4;7;242.4
1988-07-31;213.0;7;213.0
1988-08-01;233.8;8;233.8
1988-08-02;229.0;8;229.0
1988-08-03;188.7;8;188.7
1988-08-04;158.7;8;158.7
1988-08-05;164.5;8;164.5
1988-08-06;153.1;8;153.1
1988-08-07;189.5;8;189.5
1988-08-08;180.5;8;180.5
1988-08-09;153.2;8;153.2
1988-08-10;161.4;8;161.4
1988-08-11;176.3;8;176.3
1988-08-12;142.6;8;142.6
1988-08-13;135.8;8;135.8
1988-08-14;136.4;8;136.4
1988-08-15;136.4;8;136.4
1988-08-16;130.4;8;130.4
1988-08-17;128.1;8;128.1
1988-08-18;123.6;8;123.6
1988-08-19;133.5;8;133.5
1988-08-20;153.4;8;153.4
1988-08-21;296.8;8;296.8
1988-08-22;313.8;8;313.8
1988-08-23;233.4;8;233.4
1988-08-24;176.0;8;176.0
1988-08-25;136.6;8;136.6
1988-08-26;118.2;8;118.2
1988-08-27;120.3;8;120.3
1988-08-28;129.2;8;129.2
1988-08-29;124.7;8;124.7
1988-08-30;120.3;8;120.3
1988-08-31;121.4;8;121.4
1988-09-01;191.2;9;191.2
1988-09-02;204.8;9;204.8
1988-09-03;154.8;9;154.8
1988-09-04;117.1;9;117.1
1988-09-05;252.2;9;252.2
1988-09-06;288.3;9;288.3
1988-09-07;251.8;9;251.8
1988-09-08;194.0;9;194.0
1988-09-09;138.1;9;138.1
1988-09-10;118.1;9;118.1
1988-09-11;116.0;9;116.0
1988-09-12;120.3;9;120.3
1988-09-13;122.5;9;122.5
1988-09-14;124.7;9;124.7
1988-09-15;119.2;9;119.2
1988-09-16;121.4;9;121.4
1988-09-17;126.9;9;126.9
1988-09-18;210.8;9;210.8
1988-09-19;244.6;9;244.6
1988-09-20;226.4;9;226.4
1988-09-21;221.6;9;221.6
1988-09-22;194.0;9;194.0
1988-09-23;179.0;9;179.0
1988-09-24;145.3;9;145.3
1988-09-25;142.5;9;142.5
1988-09-26;125.9;9;125.9
1988-09-27;127.2;9;127.2
1988-09-28;114.0;9;114.0
1988-09-29;112.0;9;112.0
1988-09-30;119.4;9;119.4
1988-10-01;147.8;10;147.8
1988-10-02;191.0;10;191.0
1988-10-03;231.6;10;231.6
1988-10-04;198.9;10;198.9
1988-10-05;180.9;10;180.9
1988-10-06;234.1;10;234.1
1988-10-07;215.3;10;215.3
1988-10-08;263.1;10;263.1
1988-10-09;239.8;10;239.8
1988-10-10;198.8;10;198.8
1988-10-11;211.4;10;211.4
1988-10-12;224.8;10;224.8
1988-10-13;158.3;10;158.3
1988-10-14;134.4;10;134.4
1988-10-15;109.0;10;109.0
1988-10-16;133.7;10;133.7
1988-10-17;124.7;10;124.7
1988-10-18;123.6;10;123.6
1988-10-19;102.0;10;102.0
1988-10-20;114.0;10;114.0
1988-10-21;136.6;10;136.6
1988-10-22;127.2;10;127.2
1988-10-23;134.8;10;134.8
1988-10-24;116.1;10;116.1
1988-10-25;94.0;10;94.0
1988-10-26;101.0;10;101.0
1988-10-27;101.0;10;101.0
1988-10-28;105.5;10;105.5
1988-10-29;105.5;10;105.5
1988-10-30;102.0;10;102.0
1988-10-31;94.0;10;94.0
1988-11-01;101.0;11;101.0
1988-11-02;118.3;11;118.3
1988-11-03;103.0;11;103.0
1988-11-04;99.5;11;99.5
1988-11-05;105.0;11;105.0
1988-11-06;108.0;11;108.0
1988-11-07;143.9;11;143.9
1988-11-08;147.1;11;147.1
1988-11-09;179.0;11;179.0
1988-11-10;120.4;11;120.4
1988-11-11;211.3;11;211.3
1988-11-12;130.1;11;130.1
1988-11-13;155.6;11;155.6
1988-11-14;168.8;11;168.8
1988-11-15;275.5;11;275.5
1988-11-16;259.8;11;259.8
1988-11-17;130.7;11;130.7
1988-11-18;120.4;11;120.4
1988-11-19;120.3;11;120.3
1988-11-20;111.4;11;111.4
1988-11-21;111.4;11;111.4
1988-11-22;119.2;11;119.2
1988-11-23;133.3;11;133.3
1988-11-24;244.3;11;244.3
1988-11-25;266.9;11;266.9
1988-11-26;191.1;11;191.1
1988-11-27;119.4;11;119.4
1988-11-28;240.8;11;240.8
1988-11-29;206.0;11;206.0
1988-11-30;215.2;11;215.2
1988-12-01;142.6;12;142.6
1988-12-02;132.8;12;132.8
1988-12-03;114.0;12;114.0
1988-12-04;111.0;12;111.0
1988-12-05;108.0;12;108.0
1988-12-06;109.0;12;109.0
1988-12-07;118.2;12;118.2
1988-12-08;115.1;12;115.1
1988-12-09;107.5;12;107.5
1988-12-10;102.0;12;102.0
1988-12-11;98.0;12;98.0
1988-12-12;97.5;12;97.5
1988-12-13;98.0;12;98.0
1988-12-14;94.0;12;94.0
1988-12-15;92.0;12;92.0
1988-12-16;90.0;12;90.0
1988-12-17;92.0;12;92.0
1988-12-18;94.0;12;94.0
1988-12-19;113.2;12;113.2
1988-12-20;112.1;12;112.1
1988-12-21;97.0;12;97.0
1988-12-22;86.0;12;86.0
1988-12-23;88.2;12;88.2
1988-12-24;89.5;12;89.5
1988-12-25;86.9;12;86.9
1988-12-26;81.4;12;81.4
1988-12-27;88.4;12;88.4
1988-12-28;80.6;12;80.6
1988-12-29;78.3;12;78.3
1988-12-30;93.0;12;93.0
1988-12-31;97.0;12;97.0
1989-01-01;88.0;1;88.0
1989-01-02;102.0;1;102.0
1989-01-03;128.5;1;128.5
1989-01-04;128.4;1;128.4
1989-01-05;105.0;1;105.0
1989-01-06;103.0;1;103.0
1989-01-07;91.0;1;91.0
1989-01-08;88.0;1;88.0
1989-01-09;85.0;1;85.0
1989-01-10;78.4;1;78.4
1989-01-11;87.4;1;87.4
1989-01-12;81.4;1;81.4
1989-01-13;122.5;1;122.5
1989-01-14;96.0;1;96.0
1989-01-15;92.0;1;92.0
1989-01-16;77.1;1;77.1
1989-01-17;79.0;1;79.0
1989-01-18;72.7;1;72.7
1989-01-19;73.0;1;73.0
1989-01-20;72.0;1;72.0
1989-01-21;73.4;1;73.4
1989-01-22;74.4;1;74.4
1989-01-23;71.3;1;71.3
1989-01-24;72.7;1;72.7
1989-01-25;72.7;1;72.7
1989-01-26;73.0;1;73.0
1989-01-27;72.0;1;72.0
1989-01-28;71.3;1;71.3
1989-01-29;113.2;1;113.2
1989-01-30;208.0;1;208.0
1989-01-31;117.8;1;117.8
1989-02-01;-999.000;2;69.2
1989-02-02;-999.000;2;64.5
1989-02-03;-999.000;2;70.88
1989-02-04;-999.000;2;78.4
1989-02-05;-999.000;2;86.15
1989-02-06;-999.000;2;55.4
1989-02-07;-999.000;2;89.3
1989-02-08;-999.000;2;73.6
1989-02-09;-999.000;2;78.65
1989-02-10;-999.000;2;58.3
1989-02-11;-999.000;2;75.8
1989-02-12;-999.000;2;76.26
1989-02-13;-999.000;2;60.2
1989-02-14;-999.000;2;65.1
1989-02-15;-999.000;2;42.2
1989-02-16;-999.000;2;52.9
1989-02-17;-999.000;2;46.89
1989-02-18;-999.000;2;60.8
1989-02-19;-999.000;2;199.3
1989-02-20;-999.000;2;95.0
1989-02-21;-999.000;2;75.9
1989-02-22;-999.000;2;195.7
1989-02-23;-999.000;2;110.5
1989-02-24;-999.000;2;91.82
1989-02-25;-999.000;2;75.3
1989-02-26;-999.000;2;42.6
1989-02-27;-999.000;2;143.0
1989-02-28;-999.000;2;92.3
1989-03-01;-999.000;3;113.5
1989-03-02;-999.000;3;142.2
1989-03-03;-999.000;3;91.78
1989-03-04;-999.000;3;148.3
1989-03-05;-999.000;3;96.7
1989-03-06;-999.000;3;63.2
1989-03-07;-999.000;3;83.35
1989-03-08;-999.000;3;221.8
1989-03-09;-999.000;3;82.8
1989-03-10;-999.000;3;150.0
1989-03-11;-999.000;3;110.3
1989-03-12;-999.000;3;174.7
1989-03-13;-999.000;3;80.93
1989-03-14;-999.000;3;173.7
1989-03-15;-999.000;3;79.6
1989-03-16;-999.000;3;72.7
1989-03-17;102.5;3;102.5
1989-03-18;96.1;3;96.1
1989-03-19;98.9;3;98.9
1989-03-20;149.2;3;149.2
1989-03-21;134.5;3;134.5
1989-03-22;96.8;3;96.8
1989-03-23;88.6;3;88.6
1989-03-24;77.3;3;77.3
1989-03-25;73.6;3;73.6
1989-03-26;68.8;3;68.8
1989-03-27;66.9;3;66.9
1989-03-28;74.8;3;74.8
1989-03-29;69.3;3;69.3
1989-03-30;69.3;3;69.3
1989-03-31;70.4;3;70.4
1989-04-01;72.3;4;72.3
1989-04-02;82.9;4;82.9
1989-04-03;86.7;4;86.7
1989-04-04;101.3;4;101.3
1989-04-05;148.1;4;148.1
1989-04-06;217.1;4;217.1
1989-04-07;145.5;4;145.5
1989-04-08;109.6;4;109.6
1989-04-09;114.4;4;114.4
1989-04-10;105.8;4;105.8
1989-04-11;83.3;4;83.3
1989-04-12;76.7;4;76.7
1989-04-13;118.2;4;118.2
1989-04-14;96.7;4;96.7
1989-04-15;82.8;4;82.8
1989-04-16;101.3;4;101.3
1989-04-17;102.9;4;102.9
1989-04-18;111.2;4;111.2
1989-04-19;103.5;4;103.5
1989-04-20;185.7;4;185.7
1989-04-21;147.1;4;147.1
1989-04-22;122.5;4;122.5
1989-04-23;164.2;4;164.2
1989-04-24;201.5;4;201.5
1989-04-25;129.2;4;129.2
1989-04-26;254.9;4;254.9
1989-04-27;325.1;4;325.1
1989-04-28;340.8;4;340.8
1989-04-29;160.0;4;160.0
1989-04-30;151.0;4;151.0
1989-05-01;149.1;5;149.1
1989-05-02;151.3;5;151.3
1989-05-03;123.0;5;123.0
1989-05-04;140.5;5;140.5
1989-05-05;123.0;5;123.0
1989-05-06;196.7;5;196.7
1989-05-07;215.4;5;215.4
1989-05-08;167.2;5;167.2
1989-05-09;214.0;5;214.0
1989-05-10;188.9;5;188.9
1989-05-11;216.9;5;216.9
1989-05-12;179.7;5;179.7
1989-05-13;590.0;5;590.0
1989-05-14;661.5;5;661.5
1989-05-15;279.2;5;279.2
1989-05-16;237.7;5;237.7
1989-05-17;269.7;5;269.7
1989-05-18;303.5;5;303.5
1989-05-19;395.5;5;395.5
1989-05-20;407.0;5;407.0
1989-05-21;428.0;5;428.0
1989-05-22;443.5;5;443.5
1989-05-23;518.7;5;518.7
1989-05-24;482.5;5;482.5
1989-05-25;323.5;5;323.5
1989-05-26;340.2;5;340.2
1989-05-27;310.7;5;310.7
1989-05-28;538.0;5;538.0
1989-05-29;284.2;5;284.2
1989-05-30;213.0;5;213.0
1989-05-31;201.5;5;201.5
1989-06-01;219.2;6;219.2
1989-06-02;293.3;6;293.3
1989-06-03;209.2;6;209.2
1989-06-04;260.2;6;260.2
1989-06-05;201.5;6;201.5
1989-06-06;192.5;6;192.5
1989-06-07;169.3;6;169.3
1989-06-08;155.8;6;155.8
1989-06-09;163.5;6;163.5
1989-06-10;178.2;6;178.2
1989-06-11;193.2;6;193.2
1989-06-12;213.7;6;213.7
1989-06-13;243.2;6;243.2
1989-06-14;513.5;6;513.5
1989-06-15;450.0;6;450.0
1989-06-16;284.5;6;284.5
1989-06-17;224.5;6;224.5
1989-06-18;279.2;6;279.2
1989-06-19;277.8;6;277.8
1989-06-20;285.7;6;285.7
1989-06-21;399.8;6;399.8
1989-06-22;367.3;6;367.3
1989-06-23;323.5;6;323.5
1989-06-24;202.5;6;202.5
1989-06-25;308.0;6;308.0
1989-06-26;344.2;6;344.2
1989-06-27;239.4;6;239.4
1989-06-28;191.7;6;191.7
1989-06-29;229.1;6;229.1
1989-06-30;140.8;6;140.8
1989-07-01;-999.000;7;171.3
1989-07-02;-999.000;7;273.7
1989-07-03;-999.000;7;214.5
1989-07-04;-999.000;7;568.1
1989-07-05;-999.000;7;160.8
1989-07-06;-999.000;7;508.2
1989-07-07;-999.000;7;240.7
1989-07-08;-999.000;7;195.9
1989-07-09;-999.000;7;128.1
1989-07-10;-999.000;7;301.7
1989-07-11;-999.000;7;480.4
1989-07-12;-999.000;7;198.0
1989-07-13;-999.000;7;191.7
1989-07-14;-999.000;7;582.2
1989-07-15;-999.000;7;208.0
1989-07-16;-999.000;7;158.8
1989-07-17;-999.000;7;170.4
1989-07-18;-999.000;7;220.9
1989-07-19;-999.000;7;159.9
1989-07-20;-999.000;7;241.7
1989-07-21;-999.000;7;239.3
1989-07-22;-999.000;7;204.1
1989-07-23;-999.000;7;267.5
1989-07-24;-999.000;7;516.0
1989-07-25;-999.000;7;299.5
1989-07-26;-999.000;7;381.2
1989-07-27;-999.000;7;252.2
1989-07-28;-999.000;7;200.7
1989-07-29;-999.000;7;192.0
1989-07-30;-999.000;7;525.3
1989-07-31;-999.000;7;283.2
1989-08-01;-999.000;8;66.3
1989-08-02;-999.000;8;258.3
1989-08-03;-999.000;8;129.4
1989-08-04;-999.000;8;280.3
1989-08-05;-999.000;8;151.8
1989-08-06;-999.000;8;289.4
1989-08-07;-999.000;8;117.1
1989-08-08;-999.000;8;235.0
1989-08-09;-999.000;8;217.2
1989-08-10;-999.000;8;163.8
1989-08-11;-999.000;8;254.2
1989-08-12;-999.000;8;99.8
1989-08-13;-999.000;8;138.6
1989-08-14;-999.000;8;348.5
1989-08-15;-999.000;8;239.9
1989-08-16;-999.000;8;294.7
1989-08-17;-999.000;8;195.0
1989-08-18;-999.000;8;313.8
1989-08-19;-999.000;8;144.3
1989-08-20;-999.000;8;178.5
1989-08-21;-999.000;8;180.1
1989-08-22;-999.000;8;290.5
1989-08-23;-999.000;8;171.8
1989-08-24;-999.000;8;126.3
1989-08-25;-999.000;8;144.3
1989-08-26;-999.000;8;226.6
1989-08-27;-999.000;8;130.5
1989-08-28;-999.000;8;169.6
1989-08-29;-999.000;8;218.0
1989-08-30;-999.000;8;142.8
1989-08-31;-999.000;8;156.8
1989-09-01;-999.000;9;112.4
1989-09-02;-999.000;9;100.7
1989-09-03;-999.000;9;257.0
1989-09-04;-999.000;9;185.4
1989-09-05;-999.000;9;169.4
1989-09-06;-999.000;9;189.4
1989-09-07;-999.000;9;185.4
1989-09-08;-999.000;9;120.5
1989-09-09;-999.000;9;183.4
1989-09-10;-999.000;9;188.2
1989-09-11;125.8;9;125.8
1989-09-12;119.7;9;119.7
1989-09-13;108.0;9;108.0
1989-09-14;116.7;9;116.7
1989-09-15;109.5;9;109.5
1989-09-16;125.2;9;125.2
1989-09-17;298.2;9;298.2
1989-09-18;254.1;9;254.1
1989-09-19;122.5;9;122.5
1989-09-20;113.5;9;113.5
1989-09-21;122.5;9;122.5
1989-09-22;111.0;9;111.0
1989-09-23;115.5;9;115.5
1989-09-24;129.3;9;129.3
1989-09-25;116.0;9;116.0
1989-09-26;159.4;9;159.4
1989-09-27;234.3;9;234.3
1989-09-28;207.5;9;207.5
1989-09-29;197.7;9;197.7
1989-09-30;176.0;9;176.0
1989-10-01;154.0;10;154.0
1989-10-02;142.8;10;142.8
1989-10-03;169.2;10;169.2
1989-10-04;190.2;10;190.2
1989-10-05;124.1;10;124.1
1989-10-06;160.0;10;160.0
1989-10-07;165.3;10;165.3
1989-10-08;130.5;10;130.5
1989-10-09;137.0;10;137.0
1989-10-10;147.1;10;147.1
1989-10-11;255.7;10;255.7
1989-10-12;372.8;10;372.8
1989-10-13;161.2;10;161.2
1989-10-14;221.2;10;221.2
1989-10-15;191.4;10;191.4
1989-10-16;161.5;10;161.5
1989-10-17;134.4;10;134.4
1989-10-18;138.5;10;138.5
1989-10-19;429.6;10;429.6
1989-10-20;285.1;10;285.1
1989-10-21;171.4;10;171.4
1989-10-22;154.6;10;154.6
1989-10-23;138.8;10;138.8
1989-10-24;151.4;10;151.4
1989-10-25;137.5;10;137.5
1989-10-26;139.9;10;139.9
1989-10-27;142.8;10;142.8
1989-10-28;392.3;10;392.3
1989-10-29;192.6;10;192.6
1989-10-30;148.5;10;148.5
1989-10-31;142.4;10;142.4
1989-11-01;136.8;11;136.8
1989-11-02;128.4;11;128.4
1989-11-03;131.4;11;131.4
1989-11-04;122.9;11;122.9
1989-11-05;161.5;11;161.5
1989-11-06;113.9;11;113.9
1989-11-07;160.8;11;160.8
1989-11-08;128.4;11;128.4
1989-11-09;117.4;11;117.4
1989-11-10;117.9;11;117.9
1989-11-11;106.2;11;106.2
1989-11-12;102.2;11;102.2
1989-11-13;104.6;11;104.6
1989-11-14;104.1;11;104.1
1989-11-15;115.1;11;115.1
1989-11-16;96.0;11;96.0
1989-11-17;104.4;11;104.4
1989-11-18;221.9;11;221.9
1989-11-19;175.5;11;175.5
1989-11-20;124.2;11;124.2
1989-11-21;121.9;11;121.9
1989-11-22;120.3;11;120.3
1989-11-23;740.8;11;740.8
1989-11-24;413.9;11;413.9
1989-11-25;263.1;11;263.1
1989-11-26;265.9;11;265.9
1989-11-27;204.5;11;204.5
1989-11-28;274.5;11;274.5
1989-11-29;141.7;11;141.7
1989-11-30;383.2;11;383.2
1989-12-01;250.7;12;250.7
1989-12-02;242.4;12;242.4
1989-12-03;280.2;12;280.2
1989-12-04;210.0;12;210.0
1989-12-05;194.7;12;194.7
1989-12-06;121.9;12;121.9
1989-12-07;116.5;12;116.5
1989-12-08;119.2;12;119.2
1989-12-09;111.0;12;111.0
1989-12-10;117.0;12;117.0
1989-12-11;160.0;12;160.0
1989-12-12;164.5;12;164.5
1989-12-13;155.1;12;155.1
1989-12-14;145.2;12;145.2
1989-12-15;143.2;12;143.2
1989-12-16;154.9;12;154.9
1989-12-17;174.5;12;174.5
1989-12-18;173.7;12;173.7
1989-12-19;323.5;12;323.5
1989-12-20;191.7;12;191.7
1989-12-21;172.2;12;172.2
1989-12-22;142.5;12;142.5
1989-12-23;126.3;12;126.3
1989-12-24;137.7;12;137.7
1989-12-25;123.7;12;123.7
1989-12-26;115.5;12;115.5
1989-12-27;129.1;12;129.1
1989-12-28;124.1;12;124.1
1989-12-29;112.0;12;112.0
1989-12-30;115.5;12;115.5
1989-12-31;114.5;12;114.5
1990-01-01;65.2;1;65.2
1990-01-02;65.4;1;65.4
1990-01-03;62.9;1;62.9
1990-01-04;62.0;1;62.0
1990-01-05;61.6;1;61.6
1990-01-06;62.3;1;62.3
1990-01-07;62.8;1;62.8
1990-01-08;62.2;1;62.2
1990-01-09;61.5;1;61.5
1990-01-10;62.0;1;62.0
1990-01-11;61.1;1;61.1
1990-01-12;65.4;1;65.4
1990-01-13;61.1;1;61.1
1990-01-14;62.5;1;62.5
1990-01-15;63.1;1;63.1
1990-01-16;61.6;1;61.6
1990-01-17;61.3;1;61.3
1990-01-18;60.6;1;60.6
1990-01-19;59.8;1;59.8
1990-01-20;60.3;1;60.3
1990-01-21;74.9;1;74.9
1990-01-22;73.6;1;73.6
1990-01-23;63.0;1;63.0
1990-01-24;61.1;1;61.1
1990-01-25;60.7;1;60.7
1990-01-26;84.4;1;84.4
1990-01-27;98.4;1;98.4
1990-01-28;67.8;1;67.8
1990-01-29;61.6;1;61.6
1990-01-30;60.4;1;60.4
1990-01-31;60.0;1;60.0
1990-02-01;59.6;2;59.6
1990-02-02;104.2;2;104.2
1990-02-03;165.7;2;165.7
1990-02-04;105.8;2;105.8
1990-02-05;130.0;2;130.0
1990-02-06;175.6;2;175.6
1990-02-07;140.7;2;140.7
1990-02-08;87.4;2;87.4
1990-02-09;91.6;2;91.6
1990-02-10;108.4;2;108.4
1990-02-11;95.7;2;95.7
1990-02-12;81.3;2;81.3
1990-02-13;73.2;2;73.2
1990-02-14;73.8;2;73.8
1990-02-15;90.5;2;90.5
1990-02-16;87.6;2;87.6
1990-02-17;79.3;2;79.3
1990-02-18;74.1;2;74.1
1990-02-19;70.1;2;70.1
1990-02-20;70.4;2;70.4
1990-02-21;70.2;2;70.2
1990-02-22;70.3;2;70.3
1990-02-23;71.1;2;71.1
1990-02-24;63.7;2;63.7
1990-02-25;61.9;2;61.9
1990-02-26;61.1;2;61.1
1990-02-27;60.5;2;60.5
1990-02-28;60.2;2;60.2
1990-03-01;60.0;3;60.0
1990-03-02;67.6;3;67.6
1990-03-03;118.3;3;118.3
1990-03-04;154.9;3;154.9
1990-03-05;90.3;3;90.3
1990-03-06;70.3;3;70.3
1990-03-07;80.7;3;80.7
1990-03-08;72.4;3;72.4
1990-03-09;123.0;3;123.0
1990-03-10;213.8;3;213.8
1990-03-11;152.6;3;152.6
1990-03-12;142.2;3;142.2
1990-03-13;119.6;3;119.6
1990-03-14;217.7;3;217.7
1990-03-15;200.8;3;200.8
1990-03-16;139.9;3;139.9
1990-03-17;124.2;3;124.2
1990-03-18;156.8;3;156.8
1990-03-19;144.9;3;144.9
1990-03-20;109.8;3;109.8
1990-03-21;95.6;3;95.6
1990-03-22;90.8;3;90.8
1990-03-23;97.5;3;97.5
1990-03-24;93.5;3;93.5
1990-03-25;104.7;3;104.7
1990-03-26;128.5;3;128.5
1990-03-27;151.1;3;151.1
1990-03-28;91.9;3;91.9
1990-03-29;80.1;3;80.1
1990-03-30;74.6;3;74.6
1990-03-31;73.1;3;73.1
1990-04-01;113.5;4;113.5
1990-04-02;117.3;4;117.3
1990-04-03;99.1;4;99.1
1990-04-04;80.6;4;80.6
1990-04-05;87.6;4;87.6
1990-04-06;171.0;4;171.0
1990-04-07;248.6;4;248.6
1990-04-08;109.8;4;109.8
1990-04-09;93.6;4;93.6
1990-04-10;93.8;4;93.8
1990-04-11;105.0;4;105.0
1990-04-12;119.3;4;119.3
1990-04-13;116.0;4;116.0
1990-04-14;109.4;4;109.4
1990-04-15;136.1;4;136.1
1990-04-16;119.7;4;119.7
1990-04-17;131.0;4;131.0
1990-04-18;96.8;4;96.8
1990-04-19;96.1;4;96.1
1990-04-20;108.6;4;108.6
1990-04-21;117.2;4;117.2
1990-04-22;102.5;4;102.5
1990-04-23;109.3;4;109.3
1990-04-24;179.0;4;179.0
1990-04-25;230.8;4;230.8
1990-04-26;199.9;4;199.9
1990-04-27;128.4;4;128.4
1990-04-28;106.8;4;106.8
1990-04-29;105.7;4;105.7
1990-04-30;115.9;4;115.9
1990-05-01;106.9;5;106.9
1990-05-02;144.6;5;144.6
1990-05-03;112.6;5;112.6
1990-05-04;139.4;5;139.4
1990-05-05;120.6;5;120.6
1990-05-06;112.5;5;112.5
1990-05-07;108.5;5;108.5
1990-05-08;216.0;5;216.0
1990-05-09;164.8;5;164.8
1990-05-10;150.0;5;150.0
1990-05-11;184.5;5;184.5
1990-05-12;149.5;5;149.5
1990-05-13;120.1;5;120.1
1990-05-14;399.6;5;399.6
1990-05-15;394.7;5;394.7
1990-05-16;191.6;5;191.6
1990-05-17;394.1;5;394.1
1990-05-18;486.7;5;486.7
1990-05-19;500.8;5;500.8
1990-05-20;542.5;5;542.5
1990-05-21;402.4;5;402.4
1990-05-22;484.7;5;484.7
1990-05-23;618.8;5;618.8
1990-05-24;583.3;5;583.3
1990-05-25;389.4;5;389.4
1990-05-26;360.5;5;360.5
1990-05-27;302.7;5;302.7
1990-05-28;231.3;5;231.3
1990-05-29;280.6;5;280.6
1990-05-30;193.8;5;193.8
1990-05-31;192.2;5;192.2
1990-06-01;217.0;6;217.0
1990-06-02;178.6;6;178.6
1990-06-03;184.2;6;184.2
1990-06-04;234.0;6;234.0
1990-06-05;225.0;6;225.0
1990-06-06;177.5;6;177.5
1990-06-07;225.0;6;225.0
1990-06-08;361.8;6;361.8
1990-06-09;314.2;6;314.2
1990-06-10;350.0;6;350.0
1990-06-11;433.0;6;433.0
1990-06-12;438.6;6;438.6
1990-06-13;356.8;6;356.8
1990-06-14;373.5;6;373.5
1990-06-15;514.0;6;514.0
1990-06-16;379.7;6;379.7
1990-06-17;495.6;6;495.6
1990-06-18;538.3;6;538.3
1990-06-19;318.0;6;318.0
1990-06-20;318.0;6;318.0
1990-06-21;310.0;6;310.0
1990-06-22;562.9;6;562.9
1990-06-23;317.0;6;317.0
1990-06-24;310.2;6;310.2
1990-06-25;249.6;6;249.6
1990-06-26;350.5;6;350.5
1990-06-27;513.5;6;513.5
1990-06-28;350.1;6;350.1
1990-06-29;589.1;6;589.1
1990-06-30;451.1;6;451.1
1990-07-01;317.0;7;317.0
1990-07-02;618.4;7;618.4
1990-07-03;505.9;7;505.9
1990-07-04;547.0;7;547.0
1990-07-05;764.0;7;764.0
1990-07-06;525.3;7;525.3
1990-07-07;339.0;7;339.0
1990-07-08;301.3;7;301.3
1990-07-09;300.4;7;300.4
1990-07-10;319.5;7;319.5
1990-07-11;242.0;7;242.0
1990-07-12;440.1;7;440.1
1990-07-13;237.4;7;237.4
1990-07-14;430.2;7;430.2
1990-07-15;246.5;7;246.5
1990-07-16;209.0;7;209.0
1990-07-17;193.0;7;193.0
1990-07-18;185.0;7;185.0
1990-07-19;187.6;7;187.6
1990-07-20;189.8;7;189.8
1990-07-21;191.4;7;191.4
1990-07-22;166.0;7;166.0
1990-07-23;421.5;7;421.5
1990-07-24;500.5;7;500.5
1990-07-25;223.4;7;223.4
1990-07-26;223.9;7;223.9
1990-07-27;261.9;7;261.9
1990-07-28;225.8;7;225.8
1990-07-29;343.4;7;343.4
1990-07-30;761.2;7;761.2
1990-07-31;848.0;7;848.0
1990-08-01;350.5;8;350.5
1990-08-02;235.8;8;235.8
1990-08-03;262.4;8;262.4
1990-08-04;193.5;8;193.5
1990-08-05;386.1;8;386.1
1990-08-06;201.0;8;201.0
1990-08-07;193.0;8;193.0
1990-08-08;170.5;8;170.5
1990-08-09;204.2;8;204.2
1990-08-10;477.5;8;477.5
1990-08-11;308.5;8;308.5
1990-08-12;218.0;8;218.0
1990-08-13;204.2;8;204.2
1990-08-14;238.4;8;238.4
1990-08-15;226.6;8;226.6
1990-08-16;189.5;8;189.5
1990-08-17;171.8;8;171.8
1990-08-18;163.0;8;163.0
1990-08-19;173.1;8;173.1
1990-08-20;194.6;8;194.6
1990-08-21;209.0;8;209.0
1990-08-22;236.6;8;236.6
1990-08-23;348.5;8;348.5
1990-08-24;306.2;8;306.2
1990-08-25;219.5;8;219.5
1990-08-26;156.5;8;156.5
1990-08-27;167.3;8;167.3
1990-08-28;208.2;8;208.2
1990-08-29;288.5;8;288.5
1990-08-30;218.6;8;218.6
1990-08-31;145.0;8;145.0
1990-09-01;144.6;9;144.6
1990-09-02;156.5;9;156.5
1990-09-03;163.0;9;163.0
1990-09-04;177.5;9;177.5
1990-09-05;229.8;9;229.8
1990-09-06;234.8;9;234.8
1990-09-07;172.0;9;172.0
1990-09-08;195.5;9;195.5
1990-09-09;339.0;9;339.0
1990-09-10;143.0;9;143.0
1990-09-11;196.5;9;196.5
1990-09-12;164.5;9;164.5
1990-09-13;225.8;9;225.8
1990-09-14;207.4;9;207.4
1990-09-15;783.6;9;783.6
1990-09-16;548.3;9;548.3
1990-09-17;205.8;9;205.8
1990-09-18;352.6;9;352.6
1990-09-19;149.5;9;149.5
1990-09-20;139.1;9;139.1
1990-09-21;130.6;9;130.6
1990-09-22;132.0;9;132.0
1990-09-23;162.0;9;162.0
1990-09-24;134.4;9;134.4
1990-09-25;246.3;9;246.3
1990-09-26;233.8;9;233.8
1990-09-27;152.8;9;152.8
1990-09-28;129.4;9;129.4
1990-09-29;117.9;9;117.9
1990-09-30;128.7;9;128.7
1990-10-01;129.3;10;129.3
1990-10-02;121.7;10;121.7
1990-10-03;112.9;10;112.9
1990-10-04;105.2;10;105.2
1990-10-05;138.9;10;138.9
1990-10-06;131.9;10;131.9
1990-10-07;141.7;10;141.7
1990-10-08;120.6;10;120.6
1990-10-09;126.1;10;126.1
1990-10-10;108.1;10;108.1
1990-10-11;133.7;10;133.7
1990-10-12;124.3;10;124.3
1990-10-13;105.3;10;105.3
1990-10-14;115.3;10;115.3
1990-10-15;155.3;10;155.3
1990-10-16;102.1;10;102.1
1990-10-17;102.6;10;102.6
1990-10-18;98.5;10;98.5
1990-10-19;128.4;10;128.4
1990-10-20;114.1;10;114.1
1990-10-21;149.0;10;149.0
1990-10-22;291.3;10;291.3
1990-10-23;179.9;10;179.9
1990-10-24;128.6;10;128.6
1990-10-25;196.6;10;196.6
1990-10-26;125.0;10;125.0
1990-10-27;125.3;10;125.3
1990-10-28;114.3;10;114.3
1990-10-29;118.8;10;118.8
1990-10-30;113.8;10;113.8
1990-10-31;114.7;10;114.7
1990-11-01;111.9;11;111.9
1990-11-02;134.5;11;134.5
1990-11-03;122.9;11;122.9
1990-11-04;116.9;11;116.9
1990-11-05;112.2;11;112.2
1990-11-06;98.7;11;98.7
1990-11-07;90.9;11;90.9
1990-11-08;96.1;11;96.1
1990-11-09;108.8;11;108.8
1990-11-10;119.5;11;119.5
1990-11-11;110.3;11;110.3
1990-11-12;102.3;11;102.3
1990-11-13;92.5;11;92.5
1990-11-14;105.1;11;105.1
1990-11-15;211.8;11;211.8
1990-11-16;127.9;11;127.9
1990-11-17;113.7;11;113.7
1990-11-18;95.6;11;95.6
1990-11-19;89.6;11;89.6
1990-11-20;112.1;11;112.1
1990-11-21;91.8;11;91.8
1990-11-22;84.4;11;84.4
1990-11-23;118.8;11;118.8
1990-11-24;108.8;11;108.8
1990-11-25;95.2;11;95.2
1990-11-26;101.6;11;101.6
1990-11-27;113.7;11;113.7
1990-11-28;100.2;11;100.2
1990-11-29;81.7;11;81.7
1990-11-30;83.0;11;83.0
1990-12-01;80.7;12;80.7
1990-12-02;129.2;12;129.2
1990-12-03;101.2;12;101.2
1990-12-04;94.0;12;94.0
1990-12-05;148.9;12;148.9
1990-12-06;105.2;12;105.2
1990-12-07;105.2;12;105.2
1990-12-08;113.8;12;113.8
1990-12-09;107.9;12;107.9
1990-12-10;83.6;12;83.6
1990-12-11;77.1;12;77.1
1990-12-12;75.6;12;75.6
1990-12-13;73.3;12;73.3
1990-12-14;70.7;12;70.7
1990-12-15;68.4;12;68.4
1990-12-16;70.0;12;70.0
1990-12-17;71.4;12;71.4
1990-12-18;113.7;12;113.7
1990-12-19;100.0;12;100.0
1990-12-20;100.6;12;100.6
1990-12-21;93.7;12;93.7
1990-12-22;79.3;12;79.3
1990-12-23;81.4;12;81.4
1990-12-24;82.5;12;82.5
1990-12-25;94.9;12;94.9
1990-12-26;378.6;12;378.6
1990-12-27;191.6;12;191.6
1990-12-28;114.7;12;114.7
1990-12-29;100.3;12;100.3
1990-12-30;101.3;12;101.3
1990-12-31;123.3;12;123.3
1991-01-01;96.2;1;96.2
1991-01-02;91.4;1;91.4
1991-01-03;87.6;1;87.6
1991-01-04;82.7;1;82.7
1991-01-05;77.0;1;77.0
1991-01-06;73.8;1;73.8
1991-01-07;72.9;1;72.9
1991-01-08;75.9;1;75.9
1991-01-09;70.6;1;70.6
1991-01-10;68.5;1;68.5
1991-01-11;67.3;1;67.3
1991-01-12;67.8;1;67.8
1991-01-13;66.0;1;66.0
1991-01-14;65.0;1;65.0
1991-01-15;64.7;1;64.7
1991-01-16;64.2;1;64.2
1991-01-17;64.7;1;64.7
1991-01-18;65.3;1;65.3
1991-01-19;63.6;1;63.6
1991-01-20;63.3;1;63.3
1991-01-21;62.8;1;62.8
1991-01-22;62.4;1;62.4
1991-01-23;62.0;1;62.0
1991-01-24;61.7;1;61.7
1991-01-25;61.5;1;61.5
1991-01-26;61.3;1;61.3
1991-01-27;61.1;1;61.1
1991-01-28;60.9;1;60.9
1991-01-29;60.7;1;60.7
1991-01-30;60.6;1;60.6
1991-01-31;60.6;1;60.6
1991-02-01;60.4;2;60.4
1991-02-02;60.2;2;60.2
1991-02-03;59.9;2;59.9
1991-02-04;59.6;2;59.6
1991-02-05;59.4;2;59.4
1991-02-06;59.2;2;59.2
1991-02-07;59.0;2;59.0
1991-02-08;59.6;2;59.6
1991-02-09;59.1;2;59.1
1991-02-10;59.4;2;59.4
1991-02-11;59.8;2;59.8
1991-02-12;65.1;2;65.1
1991-02-13;64.8;2;64.8
1991-02-14;67.1;2;67.1
1991-02-15;71.3;2;71.3
1991-02-16;62.1;2;62.1
1991-02-17;61.0;2;61.0
1991-02-18;61.7;2;61.7
1991-02-19;61.1;2;61.1
1991-02-20;59.9;2;59.9
1991-02-21;59.3;2;59.3
1991-02-22;59.2;2;59.2
1991-02-23;59.0;2;59.0
1991-02-24;59.8;2;59.8
1991-02-25;62.6;2;62.6
1991-02-26;97.9;2;97.9
1991-02-27;86.2;2;86.2
1991-02-28;64.4;2;64.4
1991-03-01;60.8;3;60.8
1991-03-02;60.6;3;60.6
1991-03-03;75.9;3;75.9
1991-03-04;72.3;3;72.3
1991-03-05;89.9;3;89.9
1991-03-06;143.5;3;143.5
1991-03-07;91.4;3;91.4
1991-03-08;66.2;3;66.2
1991-03-09;70.3;3;70.3
1991-03-10;67.2;3;67.2
1991-03-11;63.2;3;63.2
1991-03-12;102.2;3;102.2
1991-03-13;83.5;3;83.5
1991-03-14;67.8;3;67.8
1991-03-15;63.1;3;63.1
1991-03-16;63.7;3;63.7
1991-03-17;66.4;3;66.4
1991-03-18;66.6;3;66.6
1991-03-19;61.5;3;61.5
1991-03-20;60.5;3;60.5
1991-03-21;60.0;3;60.0
1991-03-22;60.3;3;60.3
1991-03-23;60.1;3;60.1
1991-03-24;59.6;3;59.6
1991-03-25;59.8;3;59.8
1991-03-26;61.6;3;61.6
1991-03-27;61.1;3;61.1
1991-03-28;62.1;3;62.1
1991-03-29;60.6;3;60.6
1991-03-30;62.3;3;62.3
1991-03-31;65.7;3;65.7
1991-04-01;73.2;4;73.2
1991-04-02;62.4;4;62.4
1991-04-03;62.8;4;62.8
1991-04-04;66.1;4;66.1
1991-04-05;68.2;4;68.2
1991-04-06;76.0;4;76.0
1991-04-07;61.8;4;61.8
1991-04-08;60.9;4;60.9
1991-04-09;61.4;4;61.4
1991-04-10;61.2;4;61.2
1991-04-11;69.9;4;69.9
1991-04-12;65.0;4;65.0
1991-04-13;102.7;4;102.7
1991-04-14;84.9;4;84.9
1991-04-15;85.9;4;85.9
1991-04-16;162.2;4;162.2
1991-04-17;97.9;4;97.9
1991-04-18;75.7;4;75.7
1991-04-19;66.7;4;66.7
1991-04-20;100.8;4;100.8
1991-04-21;160.4;4;160.4
1991-04-22;155.9;4;155.9
1991-04-23;156.6;4;156.6
1991-04-24;147.3;4;147.3
1991-04-25;123.4;4;123.4
1991-04-26;102.8;4;102.8
1991-04-27;100.7;4;100.7
1991-04-28;104.0;4;104.0
1991-04-29;100.5;4;100.5
1991-04-30;98.0;4;98.0
1991-05-01;179.0;5;179.0
1991-05-02;153.0;5;153.0
1991-05-03;127.5;5;127.5
1991-05-04;83.4;5;83.4
1991-05-05;100.1;5;100.1
1991-05-06;118.8;5;118.8
1991-05-07;111.0;5;111.0
1991-05-08;106.0;5;106.0
1991-05-09;204.6;5;204.6
1991-05-10;207.0;5;207.0
1991-05-11;188.0;5;188.0
1991-05-12;143.5;5;143.5
1991-05-13;150.7;5;150.7
1991-05-14;110.9;5;110.9
1991-05-15;112.6;5;112.6
1991-05-16;97.3;5;97.3
1991-05-17;129.6;5;129.6
1991-05-18;219.2;5;219.2
1991-05-19;200.7;5;200.7
1991-05-20;114.0;5;114.0
1991-05-21;120.8;5;120.8
1991-05-22;111.6;5;111.6
1991-05-23;98.0;5;98.0
1991-05-24;103.0;5;103.0
1991-05-25;93.5;5;93.5
1991-05-26;142.4;5;142.4
1991-05-27;121.5;5;121.5
1991-05-28;107.0;5;107.0
1991-05-29;103.0;5;103.0
1991-05-30;101.0;5;101.0
1991-05-31;220.0;5;220.0
1991-06-01;204.5;6;204.5
1991-06-02;163.8;6;163.8
1991-06-03;128.5;6;128.5
1991-06-04;128.0;6;128.0
1991-06-05;227.6;6;227.6
1991-06-06;115.8;6;115.8
1991-06-07;110.4;6;110.4
1991-06-08;170.5;6;170.5
1991-06-09;193.0;6;193.0
1991-06-10;730.4;6;730.4
1991-06-11;283.5;6;283.5
1991-06-12;353.0;6;353.0
1991-06-13;185.5;6;185.5
1991-06-14;125.5;6;125.5
1991-06-15;196.9;6;196.9
1991-06-16;117.0;6;117.0
1991-06-17;143.0;6;143.0
1991-06-18;114.0;6;114.0
1991-06-19;133.9;6;133.9
1991-06-20;125.0;6;125.0
1991-06-21;109.0;6;109.0
1991-06-22;132.0;6;132.0
1991-06-23;120.0;6;120.0
1991-06-24;98.0;6;98.0
1991-06-25;130.6;6;130.6
1991-06-26;132.8;6;132.8
1991-06-27;285.2;6;285.2
1991-06-28;175.9;6;175.9
1991-06-29;171.7;6;171.7
1991-06-30;187.5;6;187.5
1991-07-01;582.0;7;582.0
1991-07-02;540.5;7;540.5
1991-07-03;480.5;7;480.5
1991-07-04;520.3;7;520.3
1991-07-05;516.2;7;516.2
1991-07-06;535.1;7;535.1
1991-07-07;560.5;7;560.5
1991-07-08;477.5;7;477.5
1991-07-09;373.6;7;373.6
1991-07-10;296.7;7;296.7
1991-07-11;385.7;7;385.7
1991-07-12;428.3;7;428.3
1991-07-13;280.2;7;280.2
1991-07-14;293.9;7;293.9
1991-07-15;371.5;7;371.5
1991-07-16;713.0;7;713.0
1991-07-17;654.4;7;654.4
1991-07-18;362.3;7;362.3
1991-07-19;392.5;7;392.5
1991-07-20;354.1;7;354.1
1991-07-21;439.1;7;439.1
1991-07-22;299.6;7;299.6
1991-07-23;404.9;7;404.9
1991-07-24;635.6;7;635.6
1991-07-25;390.3;7;390.3
1991-07-26;305.0;7;305.0
1991-07-27;318.4;7;318.4
1991-07-28;318.0;7;318.0
1991-07-29;370.3;7;370.3
1991-07-30;351.7;7;351.7
1991-07-31;255.3;7;255.3
1991-08-01;240.9;8;240.9
1991-08-02;282.1;8;282.1
1991-08-03;294.0;8;294.0
1991-08-04;230.0;8;230.0
1991-08-05;253.8;8;253.8
1991-08-06;252.7;8;252.7
1991-08-07;377.0;8;377.0
1991-08-08;388.4;8;388.4
1991-08-09;307.4;8;307.4
1991-08-10;327.1;8;327.1
1991-08-11;241.4;8;241.4
1991-08-12;293.4;8;293.4
1991-08-13;259.6;8;259.6
1991-08-14;469.0;8;469.0
1991-08-15;702.4;8;702.4
1991-08-16;313.0;8;313.0
1991-08-17;340.6;8;340.6
1991-08-18;325.0;8;325.0
1991-08-19;317.0;8;317.0
1991-08-20;297.5;8;297.5
1991-08-21;294.7;8;294.7
1991-08-22;241.1;8;241.1
1991-08-23;195.4;8;195.4
1991-08-24;248.3;8;248.3
1991-08-25;334.8;8;334.8
1991-08-26;190.6;8;190.6
1991-08-27;268.7;8;268.7
1991-08-28;354.7;8;354.7
1991-08-29;363.8;8;363.8
1991-08-30;347.8;8;347.8
1991-08-31;475.1;8;475.1
1991-09-01;502.6;9;502.6
1991-09-02;375.5;9;375.5
1991-09-03;250.1;9;250.1
1991-09-04;199.4;9;199.4
1991-09-05;185.4;9;185.4
1991-09-06;203.8;9;203.8
1991-09-07;206.0;9;206.0
1991-09-08;170.4;9;170.4
1991-09-09;301.7;9;301.7
1991-09-10;480.9;9;480.9
1991-09-11;520.0;9;520.0
1991-09-12;316.8;9;316.8
1991-09-13;254.1;9;254.1
1991-09-14;224.6;9;224.6
1991-09-15;231.4;9;231.4
1991-09-16;216.0;9;216.0
1991-09-17;198.2;9;198.2
1991-09-18;183.6;9;183.6
1991-09-19;174.0;9;174.0
1991-09-20;319.5;9;319.5
1991-09-21;309.9;9;309.9
1991-09-22;212.2;9;212.2
1991-09-23;194.2;9;194.2
1991-09-24;314.5;9;314.5
1991-09-25;227.0;9;227.0
1991-09-26;192.5;9;192.5
1991-09-27;254.1;9;254.1
1991-09-28;169.5;9;169.5
1991-09-29;161.3;9;161.3
1991-09-30;153.9;9;153.9
1991-10-01;170.5;10;170.5
1991-10-02;147.5;10;147.5
1991-10-03;144.5;10;144.5
1991-10-04;168.2;10;168.2
1991-10-05;132.9;10;132.9
1991-10-06;123.5;10;123.5
1991-10-07;125.7;10;125.7
1991-10-08;141.9;10;141.9
1991-10-09;415.5;10;415.5
1991-10-10;248.8;10;248.8
1991-10-11;158.2;10;158.2
1991-10-12;149.7;10;149.7
1991-10-13;181.4;10;181.4
1991-10-14;137.8;10;137.8
1991-10-15;123.0;10;123.0
1991-10-16;114.6;10;114.6
1991-10-17;114.0;10;114.0
1991-10-18;179.9;10;179.9
1991-10-19;188.4;10;188.4
1991-10-20;141.7;10;141.7
1991-10-21;133.7;10;133.7
1991-10-22;112.1;10;112.1
1991-10-23;105.3;10;105.3
1991-10-24;111.1;10;111.1
1991-10-25;101.1;10;101.1
1991-10-26;107.9;10;107.9
1991-10-27;134.9;10;134.9
1991-10-28;114.2;10;114.2
1991-10-29;100.5;10;100.5
1991-10-30;126.3;10;126.3
1991-10-31;144.2;10;144.2
1991-11-01;104.5;11;104.5
1991-11-02;98.0;11;98.0
1991-11-03;96.7;11;96.7
1991-11-04;96.7;11;96.7
1991-11-05;113.1;11;113.1
1991-11-06;116.3;11;116.3
1991-11-07;126.1;11;126.1
1991-11-08;149.2;11;149.2
1991-11-09;138.1;11;138.1
1991-11-10;118.0;11;118.0
1991-11-11;114.8;11;114.8
1991-11-12;107.1;11;107.1
1991-11-13;101.1;11;101.1
1991-11-14;106.2;11;106.2
1991-11-15;103.1;11;103.1
1991-11-16;101.7;11;101.7
1991-11-17;104.7;11;104.7
1991-11-18;100.8;11;100.8
1991-11-19;95.5;11;95.5
1991-11-20;113.8;11;113.8
1991-11-21;110.5;11;110.5
1991-11-22;102.0;11;102.0
1991-11-23;91.5;11;91.5
1991-11-24;84.2;11;84.2
1991-11-25;86.4;11;86.4
1991-11-26;262.8;11;262.8
1991-11-27;121.1;11;121.1
1991-11-28;112.5;11;112.5
1991-11-29;107.0;11;107.0
1991-11-30;93.4;11;93.4
1991-12-01;90.2;12;90.2
1991-12-02;83.7;12;83.7
1991-12-03;103.7;12;103.7
1991-12-04;87.6;12;87.6
1991-12-05;82.8;12;82.8
1991-12-06;89.8;12;89.8
1991-12-07;92.1;12;92.1
1991-12-08;80.2;12;80.2
1991-12-09;77.1;12;77.1
1991-12-10;75.9;12;75.9
1991-12-11;75.5;12;75.5
1991-12-12;71.5;12;71.5
1991-12-13;69.7;12;69.7
1991-12-14;86.6;12;86.6
1991-12-15;76.9;12;76.9
1991-12-16;75.8;12;75.8
1991-12-17;92.3;12;92.3
1991-12-18;82.1;12;82.1
1991-12-19;77.8;12;77.8
1991-12-20;80.4;12;80.4
1991-12-21;73.5;12;73.5
1991-12-22;68.8;12;68.8
1991-12-23;66.8;12;66.8
1991-12-24;70.4;12;70.4
1991-12-25;68.5;12;68.5
1991-12-26;65.8;12;65.8
1991-12-27;65.0;12;65.0
1991-12-28;64.6;12;64.6
1991-12-29;66.1;12;66.1
1991-12-30;70.6;12;70.6
1991-12-31;64.8;12;64.8
1992-01-01;63.7;1;63.7
1992-01-02;64.1;1;64.1
1992-01-03;63.3;1;63.3
1992-01-04;62.7;1;62.7
1992-01-05;81.6;1;81.6
1992-01-06;77.4;1;77.4
1992-01-07;69.3;1;69.3
1992-01-08;92.3;1;92.3
1992-01-09;70.3;1;70.3
1992-01-10;63.4;1;63.4
1992-01-11;62.6;1;62.6
1992-01-12;62.4;1;62.4
1992-01-13;62.3;1;62.3
1992-01-14;61.7;1;61.7
1992-01-15;61.5;1;61.5
1992-01-16;63.0;1;63.0
1992-01-17;61.6;1;61.6
1992-01-18;61.5;1;61.5
1992-01-19;60.9;1;60.9
1992-01-20;60.4;1;60.4
1992-01-21;60.0;1;60.0
1992-01-22;59.8;1;59.8
1992-01-23;59.7;1;59.7
1992-01-24;59.5;1;59.5
1992-01-25;60.2;1;60.2
1992-01-26;61.8;1;61.8
1992-01-27;60.5;1;60.5
1992-01-28;59.8;1;59.8
1992-01-29;59.5;1;59.5
1992-01-30;59.4;1;59.4
1992-01-31;60.1;1;60.1
1992-02-01;62.2;2;62.2
1992-02-02;60.8;2;60.8
1992-02-03;60.8;2;60.8
1992-02-04;60.8;2;60.8
1992-02-05;63.7;2;63.7
1992-02-06;66.6;2;66.6
1992-02-07;63.2;2;63.2
1992-02-08;60.8;2;60.8
1992-02-09;66.2;2;66.2
1992-02-10;62.8;2;62.8
1992-02-11;62.8;2;62.8
1992-02-12;62.8;2;62.8
1992-02-13;62.8;2;62.8
1992-02-14;62.8;2;62.8
1992-02-15;64.7;2;64.7
1992-02-16;62.8;2;62.8
1992-02-17;60.5;2;60.5
1992-02-18;60.7;2;60.7
1992-02-19;60.7;2;60.7
1992-02-20;60.8;2;60.8
1992-02-21;60.8;2;60.8
1992-02-22;60.8;2;60.8
1992-02-23;60.8;2;60.8
1992-02-24;60.8;2;60.8
1992-02-25;62.2;2;62.2
1992-02-26;62.0;2;62.0
1992-02-27;61.5;2;61.5
1992-02-28;60.8;2;60.8
1992-02-29;60.7;2;60.7
1992-03-01;61.3;3;61.3
1992-03-02;60.8;3;60.8
1992-03-03;61.8;3;61.8
1992-03-04;60.6;3;60.6
1992-03-05;60.2;3;60.2
1992-03-06;60.7;3;60.7
1992-03-07;162.4;3;162.4
1992-03-08;80.1;3;80.1
1992-03-09;66.8;3;66.8
1992-03-10;71.2;3;71.2
1992-03-11;62.8;3;62.8
1992-03-12;69.3;3;69.3
1992-03-13;107.4;3;107.4
1992-03-14;167.6;3;167.6
1992-03-15;112.2;3;112.2
1992-03-16;108.8;3;108.8
1992-03-17;100.8;3;100.8
1992-03-18;183.4;3;183.4
1992-03-19;181.6;3;181.6
1992-03-20;117.4;3;117.4
1992-03-21;111.4;3;111.4
1992-03-22;114.3;3;114.3
1992-03-23;182.7;3;182.7
1992-03-24;167.9;3;167.9
1992-03-25;127.5;3;127.5
1992-03-26;133.4;3;133.4
1992-03-27;142.4;3;142.4
1992-03-28;146.9;3;146.9
1992-03-29;155.3;3;155.3
1992-03-30;159.5;3;159.5
1992-03-31;116.0;3;116.0
1992-04-01;115.4;4;115.4
1992-04-02;142.4;4;142.4
1992-04-03;77.2;4;77.2
1992-04-04;66.4;4;66.4
1992-04-05;75.9;4;75.9
1992-04-06;82.4;4;82.4
1992-04-07;78.2;4;78.2
1992-04-08;93.5;4;93.5
1992-04-09;78.6;4;78.6
1992-04-10;134.2;4;134.2
1992-04-11;163.7;4;163.7
1992-04-12;116.4;4;116.4
1992-04-13;83.4;4;83.4
1992-04-14;74.3;4;74.3
1992-04-15;80.6;4;80.6
1992-04-16;88.2;4;88.2
1992-04-17;96.2;4;96.2
1992-04-18;106.0;4;106.0
1992-04-19;107.0;4;107.0
1992-04-20;82.6;4;82.6
1992-04-21;66.8;4;66.8
1992-04-22;71.5;4;71.5
1992-04-23;77.0;4;77.0
1992-04-24;81.0;4;81.0
1992-04-25;86.6;4;86.6
1992-04-26;77.0;4;77.0
1992-04-27;67.6;4;67.6
1992-04-28;72.4;4;72.4
1992-04-29;66.6;4;66.6
1992-04-30;59.5;4;59.5
1992-05-01;55.7;5;55.7
1992-05-02;60.8;5;60.8
1992-05-03;59.3;5;59.3
1992-05-04;58.0;5;58.0
1992-05-05;57.7;5;57.7
1992-05-06;63.3;5;63.3
1992-05-07;54.0;5;54.0
1992-05-08;111.1;5;111.1
1992-05-09;68.7;5;68.7
1992-05-10;69.6;5;69.6
1992-05-11;96.4;5;96.4
1992-05-12;77.8;5;77.8
1992-05-13;75.9;5;75.9
1992-05-14;69.5;5;69.5
1992-05-15;110.7;5;110.7
1992-05-16;150.8;5;150.8
1992-05-17;210.6;5;210.6
1992-05-18;107.0;5;107.0
1992-05-19;93.5;5;93.5
1992-05-20;106.5;5;106.5
1992-05-21;248.3;5;248.3
1992-05-22;153.2;5;153.2
1992-05-23;148.9;5;148.9
1992-05-24;122.1;5;122.1
1992-05-25;127.2;5;127.2
1992-05-26;112.3;5;112.3
1992-05-27;111.0;5;111.0
1992-05-28;95.2;5;95.2
1992-05-29;92.4;5;92.4
1992-05-30;112.6;5;112.6
1992-05-31;97.7;5;97.7
1992-06-01;147.9;6;147.9
1992-06-02;297.4;6;297.4
1992-06-03;311.1;6;311.1
1992-06-04;257.6;6;257.6
1992-06-05;159.4;6;159.4
1992-06-06;128.0;6;128.0
1992-06-07;118.6;6;118.6
1992-06-08;112.7;6;112.7
1992-06-09;119.9;6;119.9
1992-06-10;109.4;6;109.4
1992-06-11;108.0;6;108.0
1992-06-12;205.9;6;205.9
1992-06-13;357.8;6;357.8
1992-06-14;215.4;6;215.4
1992-06-15;182.4;6;182.4
1992-06-16;140.7;6;140.7
1992-06-17;131.1;6;131.1
1992-06-18;124.5;6;124.5
1992-06-19;118.6;6;118.6
1992-06-20;130.2;6;130.2
1992-06-21;191.3;6;191.3
1992-06-22;219.4;6;219.4
1992-06-23;196.1;6;196.1
1992-06-24;160.2;6;160.2
1992-06-25;145.4;6;145.4
1992-06-26;116.1;6;116.1
1992-06-27;112.1;6;112.1
1992-06-28;145.4;6;145.4
1992-06-29;155.1;6;155.1
1992-06-30;118.7;6;118.7
1992-07-01;102.9;7;102.9
1992-07-02;125.9;7;125.9
1992-07-03;331.5;7;331.5
1992-07-04;316.0;7;316.0
1992-07-05;228.6;7;228.6
1992-07-06;224.4;7;224.4
1992-07-07;256.6;7;256.6
1992-07-08;195.5;7;195.5
1992-07-09;374.2;7;374.2
1992-07-10;568.1;7;568.1
1992-07-11;338.7;7;338.7
1992-07-12;202.2;7;202.2
1992-07-13;348.8;7;348.8
1992-07-14;480.4;7;480.4
1992-07-15;227.0;7;227.0
1992-07-16;198.0;7;198.0
1992-07-17;185.2;7;185.2
1992-07-18;189.5;7;189.5
1992-07-19;349.4;7;349.4
1992-07-20;555.0;7;555.0
1992-07-21;911.4;7;911.4
1992-07-22;501.1;7;501.1
1992-07-23;504.5;7;504.5
1992-07-24;485.2;7;485.2
1992-07-25;552.0;7;552.0
1992-07-26;508.2;7;508.2
1992-07-27;273.2;7;273.2
1992-07-28;258.2;7;258.2
1992-07-29;309.8;7;309.8
1992-07-30;233.5;7;233.5
1992-07-31;211.9;7;211.9
1992-08-01;215.7;8;215.7
1992-08-02;229.8;8;229.8
1992-08-03;272.7;8;272.7
1992-08-04;250.9;8;250.9
1992-08-05;310.8;8;310.8
1992-08-06;563.2;8;563.2
1992-08-07;435.7;8;435.7
1992-08-08;337.9;8;337.9
1992-08-09;257.8;8;257.8
1992-08-10;248.9;8;248.9
1992-08-11;211.3;8;211.3
1992-08-12;410.8;8;410.8
1992-08-13;387.7;8;387.7
1992-08-14;307.8;8;307.8
1992-08-15;225.9;8;225.9
1992-08-16;319.1;8;319.1
1992-08-17;237.2;8;237.2
1992-08-18;242.3;8;242.3
1992-08-19;251.1;8;251.1
1992-08-20;402.7;8;402.7
1992-08-21;310.5;8;310.5
1992-08-22;229.2;8;229.2
1992-08-23;281.7;8;281.7
1992-08-24;368.3;8;368.3
1992-08-25;397.5;8;397.5
1992-08-26;272.9;8;272.9
1992-08-27;222.0;8;222.0
1992-08-28;199.4;8;199.4
1992-08-29;236.1;8;236.1
1992-08-30;187.8;8;187.8
1992-08-31;182.2;8;182.2
1992-09-01;174.6;9;174.6
1992-09-02;156.1;9;156.1
1992-09-03;181.4;9;181.4
1992-09-04;161.7;9;161.7
1992-09-05;159.9;9;159.9
1992-09-06;148.9;9;148.9
1992-09-07;153.6;9;153.6
1992-09-08;175.7;9;175.7
1992-09-09;332.9;9;332.9
1992-09-10;187.8;9;187.8
1992-09-11;147.3;9;147.3
1992-09-12;134.1;9;134.1
1992-09-13;167.7;9;167.7
1992-09-14;277.6;9;277.6
1992-09-15;249.2;9;249.2
1992-09-16;201.0;9;201.0
1992-09-17;152.2;9;152.2
1992-09-18;196.2;9;196.2
1992-09-19;179.7;9;179.7
1992-09-20;166.5;9;166.5
1992-09-21;154.0;9;154.0
1992-09-22;141.7;9;141.7
1992-09-23;129.0;9;129.0
1992-09-24;129.0;9;129.0
1992-09-25;107.0;9;107.0
1992-09-26;112.8;9;112.8
1992-09-27;102.0;9;102.0
1992-09-28;101.5;9;101.5
1992-09-29;101.0;9;101.0
1992-09-30;100.5;9;100.5
1992-10-01;100.0;10;100.0
1992-10-02;99.9;10;99.9
1992-10-03;103.3;10;103.3
1992-10-04;96.0;10;96.0
1992-10-05;96.2;10;96.2
1992-10-06;93.4;10;93.4
1992-10-07;88.2;10;88.2
1992-10-08;101.4;10;101.4
1992-10-09;199.5;10;199.5
1992-10-10;126.6;10;126.6
1992-10-11;119.2;10;119.2
1992-10-12;102.1;10;102.1
1992-10-13;97.6;10;97.6
1992-10-14;190.3;10;190.3
1992-10-15;122.7;10;122.7
1992-10-16;146.1;10;146.1
1992-10-17;114.3;10;114.3
1992-10-18;113.1;10;113.1
1992-10-19;157.6;10;157.6
1992-10-20;102.0;10;102.0
1992-10-21;94.4;10;94.4
1992-10-22;118.5;10;118.5
1992-10-23;95.3;10;95.3
1992-10-24;112.1;10;112.1
1992-10-25;113.8;10;113.8
1992-10-26;110.0;10;110.0
1992-10-27;102.8;10;102.8
1992-10-28;119.7;10;119.7
1992-10-29;113.1;10;113.1
1992-10-30;103.8;10;103.8
1992-10-31;92.6;10;92.6
1992-11-01;100.0;11;100.0
1992-11-02;86.0;11;86.0
1992-11-03;81.0;11;81.0
1992-11-04;80.8;11;80.8
1992-11-05;77.7;11;77.7
1992-11-06;242.6;11;242.6
1992-11-07;164.3;11;164.3
1992-11-08;98.0;11;98.0
1992-11-09;89.7;11;89.7
1992-11-10;90.5;11;90.5
1992-11-11;84.2;11;84.2
1992-11-12;82.6;11;82.6
1992-11-13;97.1;11;97.1
1992-11-14;108.2;11;108.2
1992-11-15;118.5;11;118.5
1992-11-16;114.4;11;114.4
1992-11-17;169.4;11;169.4
1992-11-18;216.6;11;216.6
1992-11-19;153.0;11;153.0
1992-11-20;119.7;11;119.7
1992-11-21;102.9;11;102.9
1992-11-22;97.2;11;97.2
1992-11-23;97.9;11;97.9
1992-11-24;117.2;11;117.2
1992-11-25;91.5;11;91.5
1992-11-26;105.1;11;105.1
1992-11-27;120.3;11;120.3
1992-11-28;170.3;11;170.3
1992-11-29;129.0;11;129.0
1992-11-30;113.1;11;113.1
1992-12-01;96.5;12;96.5
1992-12-02;90.1;12;90.1
1992-12-03;102.5;12;102.5
1992-12-04;99.9;12;99.9
1992-12-05;88.7;12;88.7
1992-12-06;88.9;12;88.9
1992-12-07;98.8;12;98.8
1992-12-08;97.6;12;97.6
1992-12-09;81.3;12;81.3
1992-12-10;80.3;12;80.3
1992-12-11;100.1;12;100.1
1992-12-12;100.5;12;100.5
1992-12-13;87.0;12;87.0
1992-12-14;82.4;12;82.4
1992-12-15;81.5;12;81.5
1992-12-16;74.2;12;74.2
1992-12-17;73.8;12;73.8
1992-12-18;71.6;12;71.6
1992-12-19;78.2;12;78.2
1992-12-20;83.5;12;83.5
1992-12-21;84.7;12;84.7
1992-12-22;73.9;12;73.9
1992-12-23;69.4;12;69.4
1992-12-24;67.1;12;67.1
1992-12-25;66.6;12;66.6
1992-12-26;65.8;12;65.8
1992-12-27;67.2;12;67.2
1992-12-28;65.4;12;65.4
1992-12-29;65.2;12;65.2
1992-12-30;64.8;12;64.8
1992-12-31;63.8;12;63.8
1993-01-01;62.9;1;62.9
1993-01-02;142.3;1;142.3
1993-01-03;114.0;1;114.0
1993-01-04;92.5;1;92.5
1993-01-05;85.8;1;85.8
1993-01-06;91.7;1;91.7
1993-01-07;91.9;1;91.9
1993-01-08;89.4;1;89.4
1993-01-09;67.8;1;67.8
1993-01-10;63.6;1;63.6
1993-01-11;76.2;1;76.2
1993-01-12;67.3;1;67.3
1993-01-13;77.8;1;77.8
1993-01-14;78.2;1;78.2
1993-01-15;73.9;1;73.9
1993-01-16;66.6;1;66.6
1993-01-17;78.2;1;78.2
1993-01-18;68.8;1;68.8
1993-01-19;69.7;1;69.7
1993-01-20;67.7;1;67.7
1993-01-21;64.8;1;64.8
1993-01-22;64.2;1;64.2
1993-01-23;64.0;1;64.0
1993-01-24;64.0;1;64.0
1993-01-25;63.8;1;63.8
1993-01-26;62.6;1;62.6
1993-01-27;63.6;1;63.6
1993-01-28;102.1;1;102.1
1993-01-29;117.0;1;117.0
1993-01-30;73.5;1;73.5
1993-01-31;65.8;1;65.8
1993-02-01;75.0;2;75.0
1993-02-02;113.1;2;113.1
1993-02-03;206.6;2;206.6
1993-02-04;141.4;2;141.4
1993-02-05;93.5;2;93.5
1993-02-06;85.8;2;85.8
1993-02-07;81.0;2;81.0
1993-02-08;67.8;2;67.8
1993-02-09;64.8;2;64.8
1993-02-10;63.2;2;63.2
1993-02-11;63.4;2;63.4
1993-02-12;98.0;2;98.0
1993-02-13;75.8;2;75.8
1993-02-14;70.0;2;70.0
1993-02-15;62.1;2;62.1
1993-02-16;62.1;2;62.1
1993-02-17;62.1;2;62.1
1993-02-18;67.2;2;67.2
1993-02-19;67.6;2;67.6
1993-02-20;63.0;2;63.0
1993-02-21;61.1;2;61.1
1993-02-22;64.2;2;64.2
1993-02-23;62.0;2;62.0
1993-02-24;60.5;2;60.5
1993-02-25;60.5;2;60.5
1993-02-26;62.0;2;62.0
1993-02-27;62.1;2;62.1
1993-02-28;71.4;2;71.4
1993-03-01;67.4;3;67.4
1993-03-02;64.5;3;64.5
1993-03-03;72.3;3;72.3
1993-03-04;66.1;3;66.1
1993-03-05;81.3;3;81.3
1993-03-06;84.2;3;84.2
1993-03-07;87.5;3;87.5
1993-03-08;112.0;3;112.0
1993-03-09;130.9;3;130.9
1993-03-10;172.3;3;172.3
1993-03-11;138.1;3;138.1
1993-03-12;203.4;3;203.4
1993-03-13;155.8;3;155.8
1993-03-14;328.6;3;328.6
1993-03-15;237.2;3;237.2
1993-03-16;164.2;3;164.2
1993-03-17;125.0;3;125.0
1993-03-18;139.5;3;139.5
1993-03-19;135.3;3;135.3
1993-03-20;110.8;3;110.8
1993-03-21;131.0;3;131.0
1993-03-22;102.4;3;102.4
1993-03-23;130.7;3;130.7
1993-03-24;126.4;3;126.4
1993-03-25;113.5;3;113.5
1993-03-26;139.4;3;139.4
1993-03-27;133.8;3;133.8
1993-03-28;192.5;3;192.5
1993-03-29;136.5;3;136.5
1993-03-30;113.0;3;113.0
1993-03-31;99.7;3;99.7
1993-04-01;119.0;4;119.0
1993-04-02;109.3;4;109.3
1993-04-03;93.6;4;93.6
1993-04-04;89.3;4;89.3
1993-04-05;81.3;4;81.3
1993-04-06;108.5;4;108.5
1993-04-07;114.8;4;114.8
1993-04-08;143.3;4;143.3
1993-04-09;98.0;4;98.0
1993-04-10;136.7;4;136.7
1993-04-11;128.2;4;128.2
1993-04-12;106.1;4;106.1
1993-04-13;106.0;4;106.0
1993-04-14;149.7;4;149.7
1993-04-15;132.6;4;132.6
1993-04-16;107.9;4;107.9
1993-04-17;125.6;4;125.6
1993-04-18;112.6;4;112.6
1993-04-19;119.5;4;119.5
1993-04-20;102.4;4;102.4
1993-04-21;130.3;4;130.3
1993-04-22;236.6;4;236.6
1993-04-23;420.5;4;420.5
1993-04-24;352.3;4;352.3
1993-04-25;120.9;4;120.9
1993-04-26;165.7;4;165.7
1993-04-27;134.3;4;134.3
1993-04-28;608.9;4;608.9
1993-04-29;386.5;4;386.5
1993-04-30;219.3;4;219.3
1993-05-01;191.4;5;191.4
1993-05-02;187.2;5;187.2
1993-05-03;169.7;5;169.7
1993-05-04;149.0;5;149.0
1993-05-05;152.1;5;152.1
1993-05-06;170.5;5;170.5
1993-05-07;168.1;5;168.1
1993-05-08;156.3;5;156.3
1993-05-09;252.6;5;252.6
1993-05-10;212.7;5;212.7
1993-05-11;150.9;5;150.9
1993-05-12;136.2;5;136.2
1993-05-13;137.2;5;137.2
1993-05-14;133.4;5;133.4
1993-05-15;141.1;5;141.1
1993-05-16;169.4;5;169.4
1993-05-17;191.6;5;191.6
1993-05-18;152.6;5;152.6
1993-05-19;408.9;5;408.9
1993-05-20;439.1;5;439.1
1993-05-21;193.9;5;193.9
1993-05-22;197.0;5;197.0
1993-05-23;171.3;5;171.3
1993-05-24;170.5;5;170.5
1993-05-25;187.9;5;187.9
1993-05-26;361.1;5;361.1
1993-05-27;230.4;5;230.4
1993-05-28;235.2;5;235.2
1993-05-29;347.3;5;347.3
1993-05-30;314.5;5;314.5
1993-05-31;205.2;5;205.2
1993-06-01;275.4;6;275.4
1993-06-02;311.8;6;311.8
1993-06-03;219.1;6;219.1
1993-06-04;180.9;6;180.9
1993-06-05;187.7;6;187.7
1993-06-06;211.3;6;211.3
1993-06-07;179.6;6;179.6
1993-06-08;198.1;6;198.1
1993-06-09;179.7;6;179.7
1993-06-10;267.1;6;267.1
1993-06-11;483.5;6;483.5
1993-06-12;410.7;6;410.7
1993-06-13;498.8;6;498.8
1993-06-14;288.9;6;288.9
1993-06-15;237.5;6;237.5
1993-06-16;217.9;6;217.9
1993-06-17;309.9;6;309.9
1993-06-18;414.4;6;414.4
1993-06-19;425.1;6;425.1
1993-06-20;717.2;6;717.2
1993-06-21;477.5;6;477.5
1993-06-22;299.2;6;299.2
1993-06-23;263.8;6;263.8
1993-06-24;282.0;6;282.0
1993-06-25;276.1;6;276.1
1993-06-26;262.1;6;262.1
1993-06-27;308.7;6;308.7
1993-06-28;272.9;6;272.9
1993-06-29;399.6;6;399.6
1993-06-30;252.2;6;252.2
1993-07-01;199.8;7;199.8
1993-07-02;188.8;7;188.8
1993-07-03;176.9;7;176.9
1993-07-04;164.0;7;164.0
1993-07-05;158.3;7;158.3
1993-07-06;176.5;7;176.5
1993-07-07;147.6;7;147.6
1993-07-08;195.4;7;195.4
1993-07-09;206.8;7;206.8
1993-07-10;195.2;7;195.2
1993-07-11;449.6;7;449.6
1993-07-12;352.2;7;352.2
1993-07-13;219.5;7;219.5
1993-07-14;468.0;7;468.0
1993-07-15;874.5;7;874.5
1993-07-16;499.7;7;499.7
1993-07-17;294.9;7;294.9
1993-07-18;251.0;7;251.0
1993-07-19;248.3;7;248.3
1993-07-20;236.7;7;236.7
1993-07-21;228.4;7;228.4
1993-07-22;226.6;7;226.6
1993-07-23;378.4;7;378.4
1993-07-24;334.1;7;334.1
1993-07-25;270.5;7;270.5
1993-07-26;254.6;7;254.6
1993-07-27;198.4;7;198.4
1993-07-28;191.7;7;191.7
1993-07-29;188.9;7;188.9
1993-07-30;232.6;7;232.6
1993-07-31;401.0;7;401.0
1993-08-01;684.7;8;684.7
1993-08-02;491.9;8;491.9
1993-08-03;243.2;8;243.2
1993-08-04;251.4;8;251.4
1993-08-05;215.1;8;215.1
1993-08-06;195.4;8;195.4
1993-08-07;183.5;8;183.5
1993-08-08;169.8;8;169.8
1993-08-09;175.0;8;175.0
1993-08-10;252.6;8;252.6
1993-08-11;195.0;8;195.0
1993-08-12;245.4;8;245.4
1993-08-13;649.8;8;649.8
1993-08-14;404.9;8;404.9
1993-08-15;230.7;8;230.7
1993-08-16;196.4;8;196.4
1993-08-17;179.1;8;179.1
1993-08-18;261.6;8;261.6
1993-08-19;239.1;8;239.1
1993-08-20;243.3;8;243.3
1993-08-21;184.4;8;184.4
1993-08-22;155.2;8;155.2
1993-08-23;186.5;8;186.5
1993-08-24;287.2;8;287.2
1993-08-25;332.4;8;332.4
1993-08-26;309.4;8;309.4
1993-08-27;249.9;8;249.9
1993-08-28;212.2;8;212.2
1993-08-29;306.7;8;306.7
1993-08-30;187.0;8;187.0
1993-08-31;182.4;8;182.4
1993-09-01;190.3;9;190.3
1993-09-02;255.5;9;255.5
1993-09-03;261.1;9;261.1
1993-09-04;189.4;9;189.4
1993-09-05;176.6;9;176.6
1993-09-06;213.5;9;213.5
1993-09-07;183.4;9;183.4
1993-09-08;156.1;9;156.1
1993-09-09;159.0;9;159.0
1993-09-10;181.3;9;181.3
1993-09-11;197.0;9;197.0
1993-09-12;143.9;9;143.9
1993-09-13;486.0;9;486.0
1993-09-14;436.4;9;436.4
1993-09-15;212.3;9;212.3
1993-09-16;170.4;9;170.4
1993-09-17;154.9;9;154.9
1993-09-18;165.4;9;165.4
1993-09-19;162.8;9;162.8
1993-09-20;141.1;9;141.1
1993-09-21;131.4;9;131.4
1993-09-22;138.9;9;138.9
1993-09-23;141.2;9;141.2
1993-09-24;123.2;9;123.2
1993-09-25;132.4;9;132.4
1993-09-26;124.2;9;124.2
1993-09-27;155.7;9;155.7
1993-09-28;173.6;9;173.6
1993-09-29;137.8;9;137.8
1993-09-30;166.8;9;166.8
1993-10-01;145.3;10;145.3
1993-10-02;137.8;10;137.8
1993-10-03;124.5;10;124.5
1993-10-04;117.9;10;117.9
1993-10-05;108.9;10;108.9
1993-10-06;123.9;10;123.9
1993-10-07;246.3;10;246.3
1993-10-08;182.4;10;182.4
1993-10-09;143.9;10;143.9
1993-10-10;124.1;10;124.1
1993-10-11;140.6;10;140.6
1993-10-12;150.0;10;150.0
1993-10-13;160.2;10;160.2
1993-10-14;201.1;10;201.1
1993-10-15;126.8;10;126.8
1993-10-16;116.8;10;116.8
1993-10-17;125.2;10;125.2
1993-10-18;138.5;10;138.5
1993-10-19;129.1;10;129.1
1993-10-20;142.9;10;142.9
1993-10-21;395.5;10;395.5
1993-10-22;185.1;10;185.1
1993-10-23;141.7;10;141.7
1993-10-24;147.6;10;147.6
1993-10-25;134.0;10;134.0
1993-10-26;130.8;10;130.8
1993-10-27;186.3;10;186.3
1993-10-28;155.3;10;155.3
1993-10-29;136.5;10;136.5
1993-10-30;122.1;10;122.1
1993-10-31;117.3;10;117.3
1993-11-01;163.5;11;163.5
1993-11-02;158.6;11;158.6
1993-11-03;200.2;11;200.2
1993-11-04;195.2;11;195.2
1993-11-05;145.8;11;145.8
1993-11-06;123.5;11;123.5
1993-11-07;110.8;11;110.8
1993-11-08;104.4;11;104.4
1993-11-09;104.5;11;104.5
1993-11-10;116.3;11;116.3
1993-11-11;99.8;11;99.8
1993-11-12;115.1;11;115.1
1993-11-13;107.5;11;107.5
1993-11-14;205.1;11;205.1
1993-11-15;129.9;11;129.9
1993-11-16;145.3;11;145.3
1993-11-17;109.8;11;109.8
1993-11-18;101.8;11;101.8
1993-11-19;99.7;11;99.7
1993-11-20;239.9;11;239.9
1993-11-21;137.8;11;137.8
1993-11-22;108.6;11;108.6
1993-11-23;103.2;11;103.2
1993-11-24;94.2;11;94.2
1993-11-25;99.2;11;99.2
1993-11-26;102.7;11;102.7
1993-11-27;117.1;11;117.1
1993-11-28;143.7;11;143.7
1993-11-29;154.7;11;154.7
1993-11-30;116.0;11;116.0
1993-12-01;120.2;12;120.2
1993-12-02;112.4;12;112.4
1993-12-03;107.0;12;107.0
1993-12-04;107.7;12;107.7
1993-12-05;92.8;12;92.8
1993-12-06;95.5;12;95.5
1993-12-07;197.4;12;197.4
1993-12-08;130.6;12;130.6
1993-12-09;166.5;12;166.5
1993-12-10;181.8;12;181.8
1993-12-11;137.2;12;137.2
1993-12-12;109.1;12;109.1
1993-12-13;107.9;12;107.9
1993-12-14;95.4;12;95.4
1993-12-15;91.9;12;91.9
1993-12-16;110.8;12;110.8
1993-12-17;87.7;12;87.7
1993-12-18;82.9;12;82.9
1993-12-19;85.9;12;85.9
1993-12-20;93.7;12;93.7
1993-12-21;80.4;12;80.4
1993-12-22;76.2;12;76.2
1993-12-23;73.8;12;73.8
1993-12-24;72.4;12;72.4
1993-12-25;71.9;12;71.9
1993-12-26;70.9;12;70.9
1993-12-27;86.6;12;86.6
1993-12-28;76.4;12;76.4
1993-12-29;70.4;12;70.4
1993-12-30;68.8;12;68.8
1993-12-31;67.8;12;67.8
1994-01-01;74.5;1;74.5
1994-01-02;73.5;1;73.5
1994-01-03;73.0;1;73.0
1994-01-04;74.5;1;74.5
1994-01-05;78.4;1;78.4
1994-01-06;77.7;1;77.7
1994-01-07;74.4;1;74.4
1994-01-08;73.1;1;73.1
1994-01-09;77.7;1;77.7
1994-01-10;87.0;1;87.0
1994-01-11;108.4;1;108.4
1994-01-12;82.5;1;82.5
1994-01-13;75.7;1;75.7
1994-01-14;79.6;1;79.6
1994-01-15;94.3;1;94.3
1994-01-16;78.7;1;78.7
1994-01-17;82.1;1;82.1
1994-01-18;81.8;1;81.8
1994-01-19;76.5;1;76.5
1994-01-20;70.5;1;70.5
1994-01-21;69.4;1;69.4
1994-01-22;70.4;1;70.4
1994-01-23;68.7;1;68.7
1994-01-24;67.9;1;67.9
1994-01-25;67.7;1;67.7
1994-01-26;66.8;1;66.8
1994-01-27;67.9;1;67.9
1994-01-28;68.1;1;68.1
1994-01-29;69.0;1;69.0
1994-01-30;68.9;1;68.9
1994-01-31;67.7;1;67.7
1994-02-01;68.5;2;68.5
1994-02-02;69.8;2;69.8
1994-02-03;67.9;2;67.9
1994-02-04;69.1;2;69.1
1994-02-05;77.1;2;77.1
1994-02-06;68.7;2;68.7
1994-02-07;67.7;2;67.7
1994-02-08;66.7;2;66.7
1994-02-09;65.7;2;65.7
1994-02-10;65.9;2;65.9
1994-02-11;65.2;2;65.2
1994-02-12;64.9;2;64.9
1994-02-13;65.2;2;65.2
1994-02-14;64.5;2;64.5
1994-02-15;64.3;2;64.3
1994-02-16;64.3;2;64.3
1994-02-17;64.5;2;64.5
1994-02-18;65.3;2;65.3
1994-02-19;70.8;2;70.8
1994-02-20;69.6;2;69.6
1994-02-21;74.8;2;74.8
1994-02-22;104.9;2;104.9
1994-02-23;81.3;2;81.3
1994-02-24;73.5;2;73.5
1994-02-25;90.8;2;90.8
1994-02-26;81.7;2;81.7
1994-02-27;93.8;2;93.8
1994-02-28;86.7;2;86.7
1994-03-01;80.1;3;80.1
1994-03-02;77.6;3;77.6
1994-03-03;73.2;3;73.2
1994-03-04;99.4;3;99.4
1994-03-05;109.5;3;109.5
1994-03-06;83.7;3;83.7
1994-03-07;239.8;3;239.8
1994-03-08;202.7;3;202.7
1994-03-09;99.7;3;99.7
1994-03-10;90.7;3;90.7
1994-03-11;80.5;3;80.5
1994-03-12;77.6;3;77.6
1994-03-13;79.6;3;79.6
1994-03-14;77.2;3;77.2
1994-03-15;85.5;3;85.5
1994-03-16;84.1;3;84.1
1994-03-17;145.1;3;145.1
1994-03-18;93.4;3;93.4
1994-03-19;78.8;3;78.8
1994-03-20;81.3;3;81.3
1994-03-21;88.2;3;88.2
1994-03-22;120.0;3;120.0
1994-03-23;94.3;3;94.3
1994-03-24;194.3;3;194.3
1994-03-25;126.4;3;126.4
1994-03-26;142.7;3;142.7
1994-03-27;237.2;3;237.2
1994-03-28;192.5;3;192.5
1994-03-29;147.9;3;147.9
1994-03-30;120.6;3;120.6
1994-03-31;98.5;3;98.5
1994-04-01;97.1;4;97.1
1994-04-02;405.1;4;405.1
1994-04-03;252.6;4;252.6
1994-04-04;133.4;4;133.4
1994-04-05;133.9;4;133.9
1994-04-06;111.4;4;111.4
1994-04-07;143.0;4;143.0
1994-04-08;105.7;4;105.7
1994-04-09;104.3;4;104.3
1994-04-10;187.6;4;187.6
1994-04-11;170.0;4;170.0
1994-04-12;295.3;4;295.3
1994-04-13;229.1;4;229.1
1994-04-14;154.0;4;154.0
1994-04-15;111.1;4;111.1
1994-04-16;137.4;4;137.4
1994-04-17;118.1;4;118.1
1994-04-18;110.9;4;110.9
1994-04-19;99.8;4;99.8
1994-04-20;153.9;4;153.9
1994-04-21;121.1;4;121.1
1994-04-22;117.5;4;117.5
1994-04-23;138.8;4;138.8
1994-04-24;133.0;4;133.0
1994-04-25;111.6;4;111.6
1994-04-26;96.6;4;96.6
1994-04-27;93.2;4;93.2
1994-04-28;101.4;4;101.4
1994-04-29;120.5;4;120.5
1994-04-30;111.3;4;111.3
1994-05-01;125.1;5;125.1
1994-05-02;115.2;5;115.2
1994-05-03;296.8;5;296.8
1994-05-04;157.2;5;157.2
1994-05-05;414.3;5;414.3
1994-05-06;468.7;5;468.7
1994-05-07;402.0;5;402.0
1994-05-08;205.2;5;205.2
1994-05-09;228.5;5;228.5
1994-05-10;238.0;5;238.0
1994-05-11;404.0;5;404.0
1994-05-12;268.5;5;268.5
1994-05-13;261.5;5;261.5
1994-05-14;215.7;5;215.7
1994-05-15;181.5;5;181.5
1994-05-16;371.5;5;371.5
1994-05-17;458.0;5;458.0
1994-05-18;259.1;5;259.1
1994-05-19;216.5;5;216.5
1994-05-20;222.3;5;222.3
1994-05-21;176.4;5;176.4
1994-05-22;160.2;5;160.2
1994-05-23;184.6;5;184.6
1994-05-24;166.8;5;166.8
1994-05-25;221.5;5;221.5
1994-05-26;423.2;5;423.2
1994-05-27;191.9;5;191.9
1994-05-28;178.8;5;178.8
1994-05-29;116.4;5;116.4
1994-05-30;256.8;5;256.8
1994-05-31;428.8;5;428.8
1994-06-01;247.2;6;247.2
1994-06-02;204.0;6;204.0
1994-06-03;587.5;6;587.5
1994-06-04;584.0;6;584.0
1994-06-05;300.3;6;300.3
1994-06-06;232.7;6;232.7
1994-06-07;195.5;6;195.5
1994-06-08;430.1;6;430.1
1994-06-09;396.1;6;396.1
1994-06-10;369.9;6;369.9
1994-06-11;277.0;6;277.0
1994-06-12;342.1;6;342.1
1994-06-13;228.0;6;228.0
1994-06-14;221.4;6;221.4
1994-06-15;347.1;6;347.1
1994-06-16;527.1;6;527.1
1994-06-17;303.8;6;303.8
1994-06-18;239.5;6;239.5
1994-06-19;293.9;6;293.9
1994-06-20;212.1;6;212.1
1994-06-21;203.4;6;203.4
1994-06-22;176.7;6;176.7
1994-06-23;169.0;6;169.0
1994-06-24;153.8;6;153.8
1994-06-25;146.9;6;146.9
1994-06-26;171.4;6;171.4
1994-06-27;413.0;6;413.0
1994-06-28;294.8;6;294.8
1994-06-29;211.2;6;211.2
1994-06-30;186.7;6;186.7
1994-07-01;160.8;7;160.8
1994-07-02;195.9;7;195.9
1994-07-03;242.3;7;242.3
1994-07-04;252.2;7;252.2
1994-07-05;253.5;7;253.5
1994-07-06;249.8;7;249.8
1994-07-07;196.0;7;196.0
1994-07-08;244.0;7;244.0
1994-07-09;642.7;7;642.7
1994-07-10;645.4;7;645.4
1994-07-11;881.1;7;881.1
1994-07-12;638.2;7;638.2
1994-07-13;390.6;7;390.6
1994-07-14;295.0;7;295.0
1994-07-15;259.3;7;259.3
1994-07-16;254.3;7;254.3
1994-07-17;288.4;7;288.4
1994-07-18;281.8;7;281.8
1994-07-19;228.9;7;228.9
1994-07-20;200.0;7;200.0
1994-07-21;191.9;7;191.9
1994-07-22;179.3;7;179.3
1994-07-23;164.9;7;164.9
1994-07-24;164.9;7;164.9
1994-07-25;168.7;7;168.7
1994-07-26;356.8;7;356.8
1994-07-27;303.1;7;303.1
1994-07-28;301.7;7;301.7
1994-07-29;342.4;7;342.4
1994-07-30;395.8;7;395.8
1994-07-31;419.1;7;419.1
1994-08-01;254.2;8;254.2
1994-08-02;196.7;8;196.7
1994-08-03;189.6;8;189.6
1994-08-04;201.7;8;201.7
1994-08-05;181.2;8;181.2
1994-08-06;477.4;8;477.4
1994-08-07;648.9;8;648.9
1994-08-08;488.5;8;488.5
1994-08-09;235.1;8;235.1
1994-08-10;225.4;8;225.4
1994-08-11;241.6;8;241.6
1994-08-12;766.6;8;766.6
1994-08-13;675.0;8;675.0
1994-08-14;330.2;8;330.2
1994-08-15;259.7;8;259.7
1994-08-16;299.7;8;299.7
1994-08-17;223.7;8;223.7
1994-08-18;200.1;8;200.1
1994-08-19;188.3;8;188.3
1994-08-20;180.3;8;180.3
1994-08-21;207.3;8;207.3
1994-08-22;219.9;8;219.9
1994-08-23;193.5;8;193.5
1994-08-24;182.1;8;182.1
1994-08-25;168.6;8;168.6
1994-08-26;153.0;8;153.0
1994-08-27;147.2;8;147.2
1994-08-28;172.1;8;172.1
1994-08-29;146.6;8;146.6
1994-08-30;143.2;8;143.2
1994-08-31;137.8;8;137.8
1994-09-01;133.7;9;133.7
1994-09-02;124.2;9;124.2
1994-09-03;141.6;9;141.6
1994-09-04;187.4;9;187.4
1994-09-05;196.5;9;196.5
1994-09-06;137.2;9;137.2
1994-09-07;127.2;9;127.2
1994-09-08;123.2;9;123.2
1994-09-09;189.0;9;189.0
1994-09-10;198.8;9;198.8
1994-09-11;129.9;9;129.9
1994-09-12;120.9;9;120.9
1994-09-13;138.8;9;138.8
1994-09-14;140.2;9;140.2
1994-09-15;137.7;9;137.7
1994-09-16;138.2;9;138.2
1994-09-17;155.6;9;155.6
1994-09-18;160.0;9;160.0
1994-09-19;222.9;9;222.9
1994-09-20;164.7;9;164.7
1994-09-21;130.6;9;130.6
1994-09-22;123.7;9;123.7
1994-09-23;130.0;9;130.0
1994-09-24;224.9;9;224.9
1994-09-25;148.1;9;148.1
1994-09-26;136.2;9;136.2
1994-09-27;350.5;9;350.5
1994-09-28;281.3;9;281.3
1994-09-29;158.4;9;158.4
1994-09-30;139.3;9;139.3
1994-10-01;132.4;10;132.4
1994-10-02;162.3;10;162.3
1994-10-03;132.9;10;132.9
1994-10-04;126.0;10;126.0
1994-10-05;145.5;10;145.5
1994-10-06;117.6;10;117.6
1994-10-07;134.2;10;134.2
1994-10-08;180.8;10;180.8
1994-10-09;128.0;10;128.0
1994-10-10;132.0;10;132.0
1994-10-11;116.5;10;116.5
1994-10-12;114.7;10;114.7
1994-10-13;109.1;10;109.1
1994-10-14;116.3;10;116.3
1994-10-15;138.5;10;138.5
1994-10-16;120.2;10;120.2
1994-10-17;113.1;10;113.1
1994-10-18;102.5;10;102.5
1994-10-19;116.7;10;116.7
1994-10-20;113.1;10;113.1
1994-10-21;100.5;10;100.5
1994-10-22;103.2;10;103.2
1994-10-23;114.8;10;114.8
1994-10-24;301.5;10;301.5
1994-10-25;187.0;10;187.0
1994-10-26;141.4;10;141.4
1994-10-27;111.1;10;111.1
1994-10-28;108.4;10;108.4
1994-10-29;111.1;10;111.1
1994-10-30;141.6;10;141.6
1994-10-31;112.0;10;112.0
1994-11-01;277.0;11;277.0
1994-11-02;136.6;11;136.6
1994-11-03;113.1;11;113.1
1994-11-04;108.8;11;108.8
1994-11-05;102.6;11;102.6
1994-11-06;114.1;11;114.1
1994-11-07;147.5;11;147.5
1994-11-08;109.7;11;109.7
1994-11-09;106.6;11;106.6
1994-11-10;108.8;11;108.8
1994-11-11;273.7;11;273.7
1994-11-12;240.5;11;240.5
1994-11-13;122.0;11;122.0
1994-11-14;111.1;11;111.1
1994-11-15;109.7;11;109.7
1994-11-16;103.6;11;103.6
1994-11-17;107.5;11;107.5
1994-11-18;110.6;11;110.6
1994-11-19;112.6;11;112.6
1994-11-20;139.3;11;139.3
1994-11-21;107.9;11;107.9
1994-11-22;110.6;11;110.6
1994-11-23;262.8;11;262.8
1994-11-24;206.8;11;206.8
1994-11-25;124.5;11;124.5
1994-11-26;128.0;11;128.0
1994-11-27;129.5;11;129.5
1994-11-28;135.3;11;135.3
1994-11-29;143.9;11;143.9
1994-11-30;106.2;11;106.2
1994-12-01;103.9;12;103.9
1994-12-02;97.4;12;97.4
1994-12-03;108.2;12;108.2
1994-12-04;104.2;12;104.2
1994-12-05;92.0;12;92.0
1994-12-06;89.3;12;89.3
1994-12-07;87.5;12;87.5
1994-12-08;124.5;12;124.5
1994-12-09;111.5;12;111.5
1994-12-10;123.5;12;123.5
1994-12-11;122.0;12;122.0
1994-12-12;102.3;12;102.3
1994-12-13;95.5;12;95.5
1994-12-14;91.4;12;91.4
1994-12-15;93.5;12;93.5
1994-12-16;93.5;12;93.5
1994-12-17;86.3;12;86.3
1994-12-18;85.1;12;85.1
1994-12-19;83.1;12;83.1
1994-12-20;83.4;12;83.4
1994-12-21;91.0;12;91.0
1994-12-22;117.7;12;117.7
1994-12-23;94.4;12;94.4
1994-12-24;85.4;12;85.4
1994-12-25;90.8;12;90.8
1994-12-26;88.7;12;88.7
1994-12-27;81.8;12;81.8
1994-12-28;79.0;12;79.0
1994-12-29;78.8;12;78.8
1994-12-30;80.5;12;80.5
1994-12-31;77.8;12;77.8
1995-01-01;76.8;1;76.8
1995-01-02;76.1;1;76.1
1995-01-03;76.1;1;76.1
1995-01-04;75.3;1;75.3
1995-01-05;74.3;1;74.3
1995-01-06;73.8;1;73.8
1995-01-07;72.8;1;72.8
1995-01-08;72.8;1;72.8
1995-01-09;72.3;1;72.3
1995-01-10;71.3;1;71.3
1995-01-11;70.3;1;70.3
1995-01-12;70.0;1;70.0
1995-01-13;69.9;1;69.9
1995-01-14;70.0;1;70.0
1995-01-15;69.9;1;69.9
1995-01-16;70.8;1;70.8
1995-01-17;77.8;1;77.8
1995-01-18;92.0;1;92.0
1995-01-19;96.4;1;96.4
1995-01-20;220.1;1;220.1
1995-01-21;246.1;1;246.1
1995-01-22;231.8;1;231.8
1995-01-23;95.9;1;95.9
1995-01-24;83.2;1;83.2
1995-01-25;78.5;1;78.5
1995-01-26;77.1;1;77.1
1995-01-27;81.5;1;81.5
1995-01-28;79.3;1;79.3
1995-01-29;79.0;1;79.0
1995-01-30;77.6;1;77.6
1995-01-31;74.8;1;74.8
1995-02-01;72.3;2;72.3
1995-02-02;73.8;2;73.8
1995-02-03;71.5;2;71.5
1995-02-04;71.3;2;71.3
1995-02-05;73.7;2;73.7
1995-02-06;77.3;2;77.3
1995-02-07;77.7;2;77.7
1995-02-08;73.3;2;73.3
1995-02-09;69.9;2;69.9
1995-02-10;69.2;2;69.2
1995-02-11;68.7;2;68.7
1995-02-12;68.6;2;68.6
1995-02-13;68.4;2;68.4
1995-02-14;68.0;2;68.0
1995-02-15;67.7;2;67.7
1995-02-16;67.3;2;67.3
1995-02-17;67.4;2;67.4
1995-02-18;67.4;2;67.4
1995-02-19;67.1;2;67.1
1995-02-20;67.1;2;67.1
1995-02-21;66.8;2;66.8
1995-02-22;70.3;2;70.3
1995-02-23;74.3;2;74.3
1995-02-24;68.7;2;68.7
1995-02-25;68.4;2;68.4
1995-02-26;69.4;2;69.4
1995-02-27;70.8;2;70.8
1995-02-28;69.4;2;69.4
1995-03-01;69.1;3;69.1
1995-03-02;69.1;3;69.1
1995-03-03;73.9;3;73.9
1995-03-04;106.9;3;106.9
1995-03-05;179.6;3;179.6
1995-03-06;92.9;3;92.9
1995-03-07;75.8;3;75.8
1995-03-08;76.3;3;76.3
1995-03-09;73.8;3;73.8
1995-03-10;93.2;3;93.2
1995-03-11;152.5;3;152.5
1995-03-12;146.5;3;146.5
1995-03-13;87.6;3;87.6
1995-03-14;85.2;3;85.2
1995-03-15;75.8;3;75.8
1995-03-16;75.8;3;75.8
1995-03-17;73.0;3;73.0
1995-03-18;70.3;3;70.3
1995-03-19;67.8;3;67.8
1995-03-20;69.6;3;69.6
1995-03-21;89.6;3;89.6
1995-03-22;74.9;3;74.9
1995-03-23;79.7;3;79.7
1995-03-24;73.3;3;73.3
1995-03-25;76.7;3;76.7
1995-03-26;113.5;3;113.5
1995-03-27;81.3;3;81.3
1995-03-28;75.6;3;75.6
1995-03-29;71.8;3;71.8
1995-03-30;70.8;3;70.8
1995-03-31;69.9;3;69.9
1995-04-01;70.2;4;70.2
1995-04-02;88.5;4;88.5
1995-04-03;110.2;4;110.2
1995-04-04;97.3;4;97.3
1995-04-05;79.0;4;79.0
1995-04-06;104.2;4;104.2
1995-04-07;103.7;4;103.7
1995-04-08;87.2;4;87.2
1995-04-09;77.8;4;77.8
1995-04-10;77.7;4;77.7
1995-04-11;87.7;4;87.7
1995-04-12;73.8;4;73.8
1995-04-13;172.1;4;172.1
1995-04-14;139.1;4;139.1
1995-04-15;285.0;4;285.0
1995-04-16;185.8;4;185.8
1995-04-17;172.4;4;172.4
1995-04-18;120.0;4;120.0
1995-04-19;155.6;4;155.6
1995-04-20;115.8;4;115.8
1995-04-21;136.6;4;136.6
1995-04-22;506.7;4;506.7
1995-04-23;307.1;4;307.1
1995-04-24;285.8;4;285.8
1995-04-25;260.9;4;260.9
1995-04-26;299.8;4;299.8
1995-04-27;193.3;4;193.3
1995-04-28;191.3;4;191.3
1995-04-29;161.4;4;161.4
1995-04-30;177.2;4;177.2
1995-05-01;172.9;5;172.9
1995-05-02;160.1;5;160.1
1995-05-03;135.3;5;135.3
1995-05-04;142.9;5;142.9
1995-05-05;111.7;5;111.7
1995-05-06;129.8;5;129.8
1995-05-07;117.7;5;117.7
1995-05-08;104.8;5;104.8
1995-05-09;256.5;5;256.5
1995-05-10;414.6;5;414.6
1995-05-11;180.8;5;180.8
1995-05-12;188.0;5;188.0
1995-05-13;190.6;5;190.6
1995-05-14;173.8;5;173.8
1995-05-15;150.1;5;150.1
1995-05-16;177.5;5;177.5
1995-05-17;268.8;5;268.8
1995-05-18;332.8;5;332.8
1995-05-19;274.7;5;274.7
1995-05-20;168.1;5;168.1
1995-05-21;158.4;5;158.4
1995-05-22;289.9;5;289.9
1995-05-23;251.4;5;251.4
1995-05-24;191.8;5;191.8
1995-05-25;162.8;5;162.8
1995-05-26;173.6;5;173.6
1995-05-27;399.9;5;399.9
1995-05-28;287.0;5;287.0
1995-05-29;178.6;5;178.6
1995-05-30;162.0;5;162.0
1995-05-31;184.0;5;184.0
1995-06-01;149.5;6;149.5
1995-06-02;174.6;6;174.6
1995-06-03;645.6;6;645.6
1995-06-04;371.0;6;371.0
1995-06-05;266.5;6;266.5
1995-06-06;290.0;6;290.0
1995-06-07;203.9;6;203.9
1995-06-08;399.1;6;399.1
1995-06-09;254.9;6;254.9
1995-06-10;200.8;6;200.8
1995-06-11;173.6;6;173.6
1995-06-12;298.4;6;298.4
1995-06-13;194.0;6;194.0
1995-06-14;206.6;6;206.6
1995-06-15;230.5;6;230.5
1995-06-16;163.2;6;163.2
1995-06-17;146.3;6;146.3
1995-06-18;156.8;6;156.8
1995-06-19;452.3;6;452.3
1995-06-20;383.9;6;383.9
1995-06-21;351.0;6;351.0
1995-06-22;461.9;6;461.9
1995-06-23;369.1;6;369.1
1995-06-24;211.9;6;211.9
1995-06-25;193.3;6;193.3
1995-06-26;182.4;6;182.4
1995-06-27;167.7;6;167.7
1995-06-28;178.3;6;178.3
1995-06-29;221.4;6;221.4
1995-06-30;351.6;6;351.6
1995-07-01;269.3;7;269.3
1995-07-02;254.0;7;254.0
1995-07-03;185.9;7;185.9
1995-07-04;272.0;7;272.0
1995-07-05;223.0;7;223.0
1995-07-06;175.0;7;175.0
1995-07-07;184.0;7;184.0
1995-07-08;249.7;7;249.7
1995-07-09;170.8;7;170.8
1995-07-10;170.9;7;170.9
1995-07-11;150.8;7;150.8
1995-07-12;169.5;7;169.5
1995-07-13;139.7;7;139.7
1995-07-14;146.9;7;146.9
1995-07-15;126.0;7;126.0
1995-07-16;130.7;7;130.7
1995-07-17;248.3;7;248.3
1995-07-18;150.1;7;150.1
1995-07-19;132.6;7;132.6
1995-07-20;148.8;7;148.8
1995-07-21;373.7;7;373.7
1995-07-22;463.7;7;463.7
1995-07-23;245.2;7;245.2
1995-07-24;186.0;7;186.0
1995-07-25;192.5;7;192.5
1995-07-26;181.5;7;181.5
1995-07-27;169.5;7;169.5
1995-07-28;150.7;7;150.7
1995-07-29;144.4;7;144.4
1995-07-30;139.7;7;139.7
1995-07-31;158.3;7;158.3
1995-08-01;153.4;8;153.4
1995-08-02;143.0;8;143.0
1995-08-03;125.6;8;125.6
1995-08-04;136.8;8;136.8
1995-08-05;129.6;8;129.6
1995-08-06;132.0;8;132.0
1995-08-07;138.6;8;138.6
1995-08-08;165.6;8;165.6
1995-08-09;151.1;8;151.1
1995-08-10;132.0;8;132.0
1995-08-11;112.0;8;112.0
1995-08-12;143.0;8;143.0
1995-08-13;130.0;8;130.0
1995-08-14;121.0;8;121.0
1995-08-15;120.0;8;120.0
1995-08-16;119.0;8;119.0
1995-08-17;121.0;8;121.0
1995-08-18;122.0;8;122.0
1995-08-19;158.9;8;158.9
1995-08-20;132.0;8;132.0
1995-08-21;157.3;8;157.3
1995-08-22;122.0;8;122.0
1995-08-23;117.0;8;117.0
1995-08-24;112.0;8;112.0
1995-08-25;110.2;8;110.2
1995-08-26;106.6;8;106.6
1995-08-27;117.0;8;117.0
1995-08-28;98.2;8;98.2
1995-08-29;106.6;8;106.6
1995-08-30;99.8;8;99.8
1995-08-31;93.5;8;93.5
1995-09-01;114.8;9;114.8
1995-09-02;96.6;9;96.6
1995-09-03;94.4;9;94.4
1995-09-04;153.4;9;153.4
1995-09-05;103.3;9;103.3
1995-09-06;132.0;9;132.0
1995-09-07;110.2;9;110.2
1995-09-08;110.2;9;110.2
1995-09-09;117.0;9;117.0
1995-09-10;156.0;9;156.0
1995-09-11;113.5;9;113.5
1995-09-12;127.4;9;127.4
1995-09-13;165.6;9;165.6
1995-09-14;272.3;9;272.3
1995-09-15;330.5;9;330.5
1995-09-16;421.3;9;421.3
1995-09-17;124.0;9;124.0
1995-09-18;117.0;9;117.0
1995-09-19;132.0;9;132.0
1995-09-20;138.6;9;138.6
1995-09-21;138.6;9;138.6
1995-09-22;212.0;9;212.0
1995-09-23;423.4;9;423.4
1995-09-24;163.6;9;163.6
1995-09-25;123.0;9;123.0
1995-09-26;120.0;9;120.0
1995-09-27;107.1;9;107.1
1995-09-28;120.5;9;120.5
1995-09-29;114.3;9;114.3
1995-09-30;261.3;9;261.3
1995-10-01;585.0;10;585.0
1995-10-02;289.0;10;289.0
1995-10-03;166.9;10;166.9
1995-10-04;138.6;10;138.6
1995-10-05;134.4;10;134.4
1995-10-06;143.9;10;143.9
1995-10-07;124.3;10;124.3
1995-10-08;116.3;10;116.3
1995-10-09;120.5;10;120.5
1995-10-10;114.5;10;114.5
1995-10-11;117.5;10;117.5
1995-10-12;112.1;10;112.1
1995-10-13;113.3;10;113.3
1995-10-14;115.5;10;115.5
1995-10-15;113.0;10;113.0
1995-10-16;120.7;10;120.7
1995-10-17;131.0;10;131.0
1995-10-18;116.3;10;116.3
1995-10-19;99.8;10;99.8
1995-10-20;109.2;10;109.2
1995-10-21;111.5;10;111.5
1995-10-22;100.3;10;100.3
1995-10-23;138.4;10;138.4
1995-10-24;186.2;10;186.2
1995-10-25;158.3;10;158.3
1995-10-26;119.1;10;119.1
1995-10-27;192.7;10;192.7
1995-10-28;148.9;10;148.9
1995-10-29;114.8;10;114.8
1995-10-30;116.8;10;116.8
1995-10-31;147.5;10;147.5
1995-11-01;145.3;11;145.3
1995-11-02;108.6;11;108.6
1995-11-03;108.1;11;108.1
1995-11-04;117.3;11;117.3
1995-11-05;128.9;11;128.9
1995-11-06;127.9;11;127.9
1995-11-07;116.5;11;116.5
1995-11-08;111.0;11;111.0
1995-11-09;124.8;11;124.8
1995-11-10;108.2;11;108.2
1995-11-11;105.8;11;105.8
1995-11-12;105.1;11;105.1
1995-11-13;120.5;11;120.5
1995-11-14;106.5;11;106.5
1995-11-15;97.1;11;97.1
1995-11-16;98.4;11;98.4
1995-11-17;113.1;11;113.1
1995-11-18;108.2;11;108.2
1995-11-19;114.7;11;114.7
1995-11-20;147.7;11;147.7
1995-11-21;127.8;11;127.8
1995-11-22;98.1;11;98.1
1995-11-23;112.1;11;112.1
1995-11-24;95.0;11;95.0
1995-11-25;89.9;11;89.9
1995-11-26;93.3;11;93.3
1995-11-27;93.4;11;93.4
1995-11-28;89.8;11;89.8
1995-11-29;86.5;11;86.5
1995-11-30;83.3;11;83.3
1995-12-01;83.5;12;83.5
1995-12-02;89.1;12;89.1
1995-12-03;87.8;12;87.8
1995-12-04;85.3;12;85.3
1995-12-05;80.6;12;80.6
1995-12-06;81.9;12;81.9
1995-12-07;79.0;12;79.0
1995-12-08;78.0;12;78.0
1995-12-09;77.4;12;77.4
1995-12-10;78.0;12;78.0
1995-12-11;82.6;12;82.6
1995-12-12;79.3;12;79.3
1995-12-13;84.4;12;84.4
1995-12-14;131.6;12;131.6
1995-12-15;113.1;12;113.1
1995-12-16;89.8;12;89.8
1995-12-17;90.6;12;90.6
1995-12-18;154.1;12;154.1
1995-12-19;100.7;12;100.7
1995-12-20;86.0;12;86.0
1995-12-21;109.5;12;109.5
1995-12-22;95.3;12;95.3
1995-12-23;99.3;12;99.3
1995-12-24;92.7;12;92.7
1995-12-25;94.9;12;94.9
1995-12-26;86.3;12;86.3
1995-12-27;81.5;12;81.5
1995-12-28;80.2;12;80.2
1995-12-29;83.9;12;83.9
1995-12-30;79.3;12;79.3
1995-12-31;79.2;12;79.2
1996-01-01;76.6;1;76.6
1996-01-02;77.1;1;77.1
1996-01-03;76.8;1;76.8
1996-01-04;85.4;1;85.4
1996-01-05;85.5;1;85.5
1996-01-06;75.3;1;75.3
1996-01-07;74.3;1;74.3
1996-01-08;73.5;1;73.5
1996-01-09;73.2;1;73.2
1996-01-10;73.3;1;73.3
1996-01-11;72.3;1;72.3
1996-01-12;72.2;1;72.2
1996-01-13;78.6;1;78.6
1996-01-14;77.0;1;77.0
1996-01-15;78.9;1;78.9
1996-01-16;84.4;1;84.4
1996-01-17;79.4;1;79.4
1996-01-18;79.0;1;79.0
1996-01-19;75.0;1;75.0
1996-01-20;73.8;1;73.8
1996-01-21;73.2;1;73.2
1996-01-22;76.5;1;76.5
1996-01-23;73.8;1;73.8
1996-01-24;75.1;1;75.1
1996-01-25;75.0;1;75.0
1996-01-26;73.5;1;73.5
1996-01-27;71.0;1;71.0
1996-01-28;69.7;1;69.7
1996-01-29;70.0;1;70.0
1996-01-30;69.7;1;69.7
1996-01-31;79.0;1;79.0
1996-02-01;102.4;2;102.4
1996-02-02;142.5;2;142.5
1996-02-03;86.0;2;86.0
1996-02-04;83.0;2;83.0
1996-02-05;84.2;2;84.2
1996-02-06;93.1;2;93.1
1996-02-07;97.0;2;97.0
1996-02-08;83.5;2;83.5
1996-02-09;86.5;2;86.5
1996-02-10;85.0;2;85.0
1996-02-11;99.9;2;99.9
1996-02-12;120.6;2;120.6
1996-02-13;111.7;2;111.7
1996-02-14;126.3;2;126.3
1996-02-15;99.9;2;99.9
1996-02-16;97.4;2;97.4
1996-02-17;104.6;2;104.6
1996-02-18;156.3;2;156.3
1996-02-19;103.7;2;103.7
1996-02-20;89.3;2;89.3
1996-02-21;82.3;2;82.3
1996-02-22;79.9;2;79.9
1996-02-23;80.0;2;80.0
1996-02-24;77.4;2;77.4
1996-02-25;78.3;2;78.3
1996-02-26;141.0;2;141.0
1996-02-27;104.9;2;104.9
1996-02-28;113.4;2;113.4
1996-02-29;96.8;2;96.8
1996-03-01;114.6;3;114.6
1996-03-02;131.1;3;131.1
1996-03-03;113.9;3;113.9
1996-03-04;110.2;3;110.2
1996-03-05;95.6;3;95.6
1996-03-06;93.5;3;93.5
1996-03-07;91.1;3;91.1
1996-03-08;92.3;3;92.3
1996-03-09;105.5;3;105.5
1996-03-10;132.5;3;132.5
1996-03-11;90.5;3;90.5
1996-03-12;102.9;3;102.9
1996-03-13;86.0;3;86.0
1996-03-14;79.3;3;79.3
1996-03-15;100.5;3;100.5
1996-03-16;113.8;3;113.8
1996-03-17;123.5;3;123.5
1996-03-18;91.4;3;91.4
1996-03-19;80.5;3;80.5
1996-03-20;77.8;3;77.8
1996-03-21;84.5;3;84.5
1996-03-22;89.0;3;89.0
1996-03-23;94.1;3;94.1
1996-03-24;82.6;3;82.6
1996-03-25;77.7;3;77.7
1996-03-26;76.5;3;76.5
1996-03-27;76.2;3;76.2
1996-03-28;72.5;3;72.5
1996-03-29;72.0;3;72.0
1996-03-30;77.6;3;77.6
1996-03-31;91.4;3;91.4
1996-04-01;88.4;4;88.4
1996-04-02;83.5;4;83.5
1996-04-03;84.5;4;84.5
1996-04-04;95.2;4;95.2
1996-04-05;104.6;4;104.6
1996-04-06;127.5;4;127.5
1996-04-07;86.0;4;86.0
1996-04-08;94.5;4;94.5
1996-04-09;148.5;4;148.5
1996-04-10;137.0;4;137.0
1996-04-11;114.8;4;114.8
1996-04-12;93.5;4;93.5
1996-04-13;86.9;4;86.9
1996-04-14;81.3;4;81.3
1996-04-15;103.5;4;103.5
1996-04-16;85.0;4;85.0
1996-04-17;78.5;4;78.5
1996-04-18;76.9;4;76.9
1996-04-19;111.0;4;111.0
1996-04-20;96.0;4;96.0
1996-04-21;80.0;4;80.0
1996-04-22;81.0;4;81.0
1996-04-23;77.7;4;77.7
1996-04-24;314.8;4;314.8
1996-04-25;255.0;4;255.0
1996-04-26;119.5;4;119.5
1996-04-27;185.3;4;185.3
1996-04-28;215.0;4;215.0
1996-04-29;119.5;4;119.5
1996-04-30;127.5;4;127.5
1996-05-01;176.5;5;176.5
1996-05-02;116.0;5;116.0
1996-05-03;109.8;5;109.8
1996-05-04;127.5;5;127.5
1996-05-05;253.8;5;253.8
1996-05-06;268.3;5;268.3
1996-05-07;-999.000;5;136.2
1996-05-08;-999.000;5;125.5
1996-05-09;-999.000;5;119.5
1996-05-10;-999.000;5;163.2
1996-05-11;-999.000;5;345.0
1996-05-12;-999.000;5;408.9
1996-05-13;204.5;5;204.5
1996-05-14;176.5;5;176.5
1996-05-15;153.1;5;153.1
1996-05-16;147.2;5;147.2
1996-05-17;130.0;5;130.0
1996-05-18;129.5;5;129.5
1996-05-19;129.8;5;129.8
1996-05-20;274.0;5;274.0
1996-05-21;181.2;5;181.2
1996-05-22;136.0;5;136.0
1996-05-23;201.7;5;201.7
1996-05-24;138.0;5;138.0
1996-05-25;128.5;5;128.5
1996-05-26;126.5;5;126.5
1996-05-27;125.5;5;125.5
1996-05-28;113.5;5;113.5
1996-05-29;153.3;5;153.3
1996-05-30;134.9;5;134.9
1996-05-31;163.3;5;163.3
1996-06-01;137.2;6;137.2
1996-06-02;169.4;6;169.4
1996-06-03;197.1;6;197.1
1996-06-04;414.1;6;414.1
1996-06-05;595.3;6;595.3
1996-06-06;318.0;6;318.0
1996-06-07;236.3;6;236.3
1996-06-08;202.3;6;202.3
1996-06-09;280.0;6;280.0
1996-06-10;356.0;6;356.0
1996-06-11;278.7;6;278.7
1996-06-12;203.0;6;203.0
1996-06-13;179.9;6;179.9
1996-06-14;178.5;6;178.5
1996-06-15;181.9;6;181.9
1996-06-16;226.5;6;226.5
1996-06-17;225.8;6;225.8
1996-06-18;194.9;6;194.9
1996-06-19;160.2;6;160.2
1996-06-20;163.8;6;163.8
1996-06-21;243.6;6;243.6
1996-06-22;383.5;6;383.5
1996-06-23;455.1;6;455.1
1996-06-24;379.8;6;379.8
1996-06-25;375.3;6;375.3
1996-06-26;246.0;6;246.0
1996-06-27;236.5;6;236.5
1996-06-28;230.0;6;230.0
1996-06-29;298.2;6;298.2
1996-06-30;620.1;6;620.1
1996-07-01;375.6;7;375.6
1996-07-02;256.0;7;256.0
1996-07-03;209.0;7;209.0
1996-07-04;200.8;7;200.8
1996-07-05;226.1;7;226.1
1996-07-06;288.9;7;288.9
1996-07-07;217.3;7;217.3
1996-07-08;173.6;7;173.6
1996-07-09;173.2;7;173.2
1996-07-10;194.9;7;194.9
1996-07-11;210.5;7;210.5
1996-07-12;361.0;7;361.0
1996-07-13;488.5;7;488.5
1996-07-14;229.1;7;229.1
1996-07-15;240.2;7;240.2
1996-07-16;350.6;7;350.6
1996-07-17;472.3;7;472.3
1996-07-18;329.8;7;329.8
1996-07-19;458.8;7;458.8
1996-07-20;457.5;7;457.5
1996-07-21;503.5;7;503.5
1996-07-22;424.5;7;424.5
1996-07-23;330.5;7;330.5
1996-07-24;237.2;7;237.2
1996-07-25;209.8;7;209.8
1996-07-26;204.5;7;204.5
1996-07-27;191.9;7;191.9
1996-07-28;211.1;7;211.1
1996-07-29;180.6;7;180.6
1996-07-30;307.9;7;307.9
1996-07-31;368.1;7;368.1
1996-08-01;384.9;8;384.9
1996-08-02;299.6;8;299.6
1996-08-03;203.8;8;203.8
1996-08-04;199.3;8;199.3
1996-08-05;181.3;8;181.3
1996-08-06;167.4;8;167.4
1996-08-07;137.9;8;137.9
1996-08-08;160.8;8;160.8
1996-08-09;243.1;8;243.1
1996-08-10;212.0;8;212.0
1996-08-11;188.2;8;188.2
1996-08-12;155.4;8;155.4
1996-08-13;167.7;8;167.7
1996-08-14;152.8;8;152.8
1996-08-15;160.8;8;160.8
1996-08-16;224.4;8;224.4
1996-08-17;247.0;8;247.0
1996-08-18;162.0;8;162.0
1996-08-19;154.7;8;154.7
1996-08-20;136.4;8;136.4
1996-08-21;135.9;8;135.9
1996-08-22;130.5;8;130.5
1996-08-23;129.5;8;129.5
1996-08-24;126.0;8;126.0
1996-08-25;121.5;8;121.5
1996-08-26;121.5;8;121.5
1996-08-27;138.6;8;138.6
1996-08-28;126.0;8;126.0
1996-08-29;300.3;8;300.3
1996-08-30;233.8;8;233.8
1996-08-31;156.0;8;156.0
1996-09-01;146.9;9;146.9
1996-09-02;153.8;9;153.8
1996-09-03;223.4;9;223.4
1996-09-04;136.5;9;136.5
1996-09-05;126.0;9;126.0
1996-09-06;114.5;9;114.5
1996-09-07;111.1;9;111.1
1996-09-08;107.1;9;107.1
1996-09-09;107.1;9;107.1
1996-09-10;116.0;9;116.0
1996-09-11;166.8;9;166.8
1996-09-12;119.0;9;119.0
1996-09-13;204.5;9;204.5
1996-09-14;112.0;9;112.0
1996-09-15;124.6;9;124.6
1996-09-16;178.9;9;178.9
1996-09-17;166.0;9;166.0
1996-09-18;113.2;9;113.2
1996-09-19;176.0;9;176.0
1996-09-20;177.5;9;177.5
1996-09-21;158.3;9;158.3
1996-09-22;125.0;9;125.0
1996-09-23;110.7;9;110.7
1996-09-24;158.6;9;158.6
1996-09-25;143.2;9;143.2
1996-09-26;378.0;9;378.0
1996-09-27;319.8;9;319.8
1996-09-28;159.6;9;159.6
1996-09-29;189.7;9;189.7
1996-09-30;233.8;9;233.8
1996-10-01;187.8;10;187.8
1996-10-02;165.8;10;165.8
1996-10-03;138.6;10;138.6
1996-10-04;136.5;10;136.5
1996-10-05;127.0;10;127.0
1996-10-06;127.0;10;127.0
1996-10-07;130.0;10;130.0
1996-10-08;147.4;10;147.4
1996-10-09;116.5;10;116.5
1996-10-10;116.5;10;116.5
1996-10-11;114.2;10;114.2
1996-10-12;120.5;10;120.5
1996-10-13;110.2;10;110.2
1996-10-14;376.0;10;376.0
1996-10-15;193.0;10;193.0
1996-10-16;360.1;10;360.1
1996-10-17;256.8;10;256.8
1996-10-18;174.4;10;174.4
1996-10-19;140.3;10;140.3
1996-10-20;225.5;10;225.5
1996-10-21;216.4;10;216.4
1996-10-22;254.1;10;254.1
1996-10-23;205.3;10;205.3
1996-10-24;145.8;10;145.8
1996-10-25;142.4;10;142.4
1996-10-26;152.6;10;152.6
1996-10-27;194.8;10;194.8
1996-10-28;160.2;10;160.2
1996-10-29;224.6;10;224.6
1996-10-30;207.5;10;207.5
1996-10-31;203.2;10;203.2
1996-11-01;146.5;11;146.5
1996-11-02;147.2;11;147.2
1996-11-03;125.0;11;125.0
1996-11-04;134.3;11;134.3
1996-11-05;120.1;11;120.1
1996-11-06;118.7;11;118.7
1996-11-07;112.0;11;112.0
1996-11-08;110.7;11;110.7
1996-11-09;110.7;11;110.7
1996-11-10;223.9;11;223.9
1996-11-11;278.1;11;278.1
1996-11-12;303.0;11;303.0
1996-11-13;166.3;11;166.3
1996-11-14;136.5;11;136.5
1996-11-15;143.0;11;143.0
1996-11-16;114.6;11;114.6
1996-11-17;105.7;11;105.7
1996-11-18;101.4;11;101.4
1996-11-19;97.8;11;97.8
1996-11-20;94.4;11;94.4
1996-11-21;93.2;11;93.2
1996-11-22;93.5;11;93.5
1996-11-23;94.1;11;94.1
1996-11-24;113.2;11;113.2
1996-11-25;93.5;11;93.5
1996-11-26;164.3;11;164.3
1996-11-27;142.5;11;142.5
1996-11-28;111.8;11;111.8
1996-11-29;125.0;11;125.0
1996-11-30;116.5;11;116.5
1996-12-01;106.6;12;106.6
1996-12-02;95.0;12;95.0
1996-12-03;154.9;12;154.9
1996-12-04;98.6;12;98.6
1996-12-05;125.5;12;125.5
1996-12-06;121.0;12;121.0
1996-12-07;125.0;12;125.0
1996-12-08;110.6;12;110.6
1996-12-09;96.7;12;96.7
1996-12-10;95.0;12;95.0
1996-12-11;107.5;12;107.5
1996-12-12;174.3;12;174.3
1996-12-13;296.2;12;296.2
1996-12-14;152.0;12;152.0
1996-12-15;167.6;12;167.6
1996-12-16;150.1;12;150.1
1996-12-17;101.8;12;101.8
1996-12-18;98.2;12;98.2
1996-12-19;138.5;12;138.5
1996-12-20;100.6;12;100.6
1996-12-21;94.1;12;94.1
1996-12-22;92.6;12;92.6
1996-12-23;91.7;12;91.7
1996-12-24;94.4;12;94.4
1996-12-25;92.0;12;92.0
1996-12-26;82.3;12;82.3
1996-12-27;81.8;12;81.8
1996-12-28;81.8;12;81.8
1996-12-29;88.1;12;88.1
1996-12-30;85.8;12;85.8
1996-12-31;86.7;12;86.7
1997-01-01;89.9;1;89.9
1997-01-02;81.8;1;81.8
1997-01-03;93.8;1;93.8
1997-01-04;88.1;1;88.1
1997-01-05;81.5;1;81.5
1997-01-06;79.6;1;79.6
1997-01-07;79.7;1;79.7
1997-01-08;94.4;1;94.4
1997-01-09;92.9;1;92.9
1997-01-10;113.5;1;113.5
1997-01-11;153.3;1;153.3
1997-01-12;88.5;1;88.5
1997-01-13;82.5;1;82.5
1997-01-14;94.4;1;94.4
1997-01-15;92.3;1;92.3
1997-01-16;128.2;1;128.2
1997-01-17;94.1;1;94.1
1997-01-18;137.3;1;137.3
1997-01-19;136.7;1;136.7
1997-01-20;167.6;1;167.6
1997-01-21;133.1;1;133.1
1997-01-22;89.0;1;89.0
1997-01-23;83.0;1;83.0
1997-01-24;114.8;1;114.8
1997-01-25;95.0;1;95.0
1997-01-26;89.0;1;89.0
1997-01-27;91.1;1;91.1
1997-01-28;82.5;1;82.5
1997-01-29;84.1;1;84.1
1997-01-30;77.4;1;77.4
1997-01-31;75.9;1;75.9
1997-02-01;78.9;2;78.9
1997-02-02;79.6;2;79.6
1997-02-03;77.1;2;77.1
1997-02-04;79.7;2;79.7
1997-02-05;74.8;2;74.8
1997-02-06;79.7;2;79.7
1997-02-07;98.4;2;98.4
1997-02-08;135.3;2;135.3
1997-02-09;167.6;2;167.6
1997-02-10;112.3;2;112.3
1997-02-11;138.5;2;138.5
1997-02-12;121.9;2;121.9
1997-02-13;173.8;2;173.8
1997-02-14;124.2;2;124.2
1997-02-15;92.6;2;92.6
1997-02-16;87.3;2;87.3
1997-02-17;86.0;2;86.0
1997-02-18;82.8;2;82.8
1997-02-19;82.3;2;82.3
1997-02-20;78.7;2;78.7
1997-02-21;76.9;2;76.9
1997-02-22;76.5;2;76.5
1997-02-23;77.4;2;77.4
1997-02-24;87.7;2;87.7
1997-02-25;160.4;2;160.4
1997-02-26;136.4;2;136.4
1997-02-27;134.8;2;134.8
1997-02-28;102.2;2;102.2
1997-03-01;91.7;3;91.7
1997-03-02;82.8;3;82.8
1997-03-03;81.8;3;81.8
1997-03-04;82.3;3;82.3
1997-03-05;77.8;3;77.8
1997-03-06;77.3;3;77.3
1997-03-07;75.9;3;75.9
1997-03-08;75.0;3;75.0
1997-03-09;76.5;3;76.5
1997-03-10;79.2;3;79.2
1997-03-11;77.7;3;77.7
1997-03-12;90.8;3;90.8
1997-03-13;130.5;3;130.5
1997-03-14;147.9;3;147.9
1997-03-15;180.3;3;180.3
1997-03-16;92.9;3;92.9
1997-03-17;131.0;3;131.0
1997-03-18;124.0;3;124.0
1997-03-19;108.5;3;108.5
1997-03-20;93.2;3;93.2
1997-03-21;116.0;3;116.0
1997-03-22;101.3;3;101.3
1997-03-23;150.0;3;150.0
1997-03-24;136.4;3;136.4
1997-03-25;90.8;3;90.8
1997-03-26;85.8;3;85.8
1997-03-27;80.3;3;80.3
1997-03-28;81.5;3;81.5
1997-03-29;82.0;3;82.0
1997-03-30;77.1;3;77.1
1997-03-31;79.8;3;79.8
1997-04-01;78.3;4;78.3
1997-04-02;79.2;4;79.2
1997-04-03;77.4;4;77.4
1997-04-04;77.7;4;77.7
1997-04-05;75.0;4;75.0
1997-04-06;100.0;4;100.0
1997-04-07;146.1;4;146.1
1997-04-08;224.3;4;224.3
1997-04-09;319.9;4;319.9
1997-04-10;401.7;4;401.7
1997-04-11;248.5;4;248.5
1997-04-12;122.0;4;122.0
1997-04-13;229.1;4;229.1
1997-04-14;137.5;4;137.5
1997-04-15;115.6;4;115.6
1997-04-16;107.1;4;107.1
1997-04-17;101.8;4;101.8
1997-04-18;391.8;4;391.8
1997-04-19;175.2;4;175.2
1997-04-20;158.3;4;158.3
1997-04-21;158.3;4;158.3
1997-04-22;120.0;4;120.0
1997-04-23;119.5;4;119.5
1997-04-24;130.5;4;130.5
1997-04-25;126.5;4;126.5
1997-04-26;131.0;4;131.0
1997-04-27;119.5;4;119.5
1997-04-28;107.5;4;107.5
1997-04-29;120.2;4;120.2
1997-04-30;160.8;4;160.8
1997-05-01;130.0;5;130.0
1997-05-02;172.9;5;172.9
1997-05-03;247.5;5;247.5
1997-05-04;135.5;5;135.5
1997-05-05;345.4;5;345.4
1997-05-06;339.4;5;339.4
1997-05-07;502.5;5;502.5
1997-05-08;394.0;5;394.0
1997-05-09;246.0;5;246.0
1997-05-10;335.3;5;335.3
1997-05-11;565.6;5;565.6
1997-05-12;320.5;5;320.5
1997-05-13;245.3;5;245.3
1997-05-14;234.0;5;234.0
1997-05-15;195.5;5;195.5
1997-05-16;168.0;5;168.0
1997-05-17;168.0;5;168.0
1997-05-18;167.7;5;167.7
1997-05-19;160.1;5;160.1
1997-05-20;143.2;5;143.2
1997-05-21;221.0;5;221.0
1997-05-22;260.0;5;260.0
1997-05-23;187.8;5;187.8
1997-05-24;128.5;5;128.5
1997-05-25;209.8;5;209.8
1997-05-26;287.8;5;287.8
1997-05-27;335.8;5;335.8
1997-05-28;287.0;5;287.0
1997-05-29;241.3;5;241.3
1997-05-30;269.0;5;269.0
1997-05-31;235.4;5;235.4
1997-06-01;203.8;6;203.8
1997-06-02;204.5;6;204.5
1997-06-03;230.0;6;230.0
1997-06-04;270.0;6;270.0
1997-06-05;237.5;6;237.5
1997-06-06;188.1;6;188.1
1997-06-07;212.0;6;212.0
1997-06-08;159.5;6;159.5
1997-06-09;165.5;6;165.5
1997-06-10;147.6;6;147.6
1997-06-11;155.4;6;155.4
1997-06-12;163.8;6;163.8
1997-06-13;173.9;6;173.9
1997-06-14;166.2;6;166.2
1997-06-15;156.0;6;156.0
1997-06-16;150.0;6;150.0
1997-06-17;134.4;6;134.4
1997-06-18;132.5;6;132.5
1997-06-19;284.4;6;284.4
1997-06-20;214.3;6;214.3
1997-06-21;164.2;6;164.2
1997-06-22;136.4;6;136.4
1997-06-23;130.5;6;130.5
1997-06-24;152.1;6;152.1
1997-06-25;223.6;6;223.6
1997-06-26;290.3;6;290.3
1997-06-27;167.6;6;167.6
1997-06-28;134.9;6;134.9
1997-06-29;133.3;6;133.3
1997-06-30;189.4;6;189.4
1997-07-01;424.0;7;424.0
1997-07-02;579.3;7;579.3
1997-07-03;260.0;7;260.0
1997-07-04;251.3;7;251.3
1997-07-05;251.0;7;251.0
1997-07-06;456.1;7;456.1
1997-07-07;637.2;7;637.2
1997-07-08;674.1;7;674.1
1997-07-09;483.4;7;483.4
1997-07-10;392.1;7;392.1
1997-07-11;226.4;7;226.4
1997-07-12;383.5;7;383.5
1997-07-13;288.1;7;288.1
1997-07-14;226.4;7;226.4
1997-07-15;267.9;7;267.9
1997-07-16;228.2;7;228.2
1997-07-17;299.5;7;299.5
1997-07-18;178.5;7;178.5
1997-07-19;173.0;7;173.0
1997-07-20;180.7;7;180.7
1997-07-21;237.0;7;237.0
1997-07-22;267.9;7;267.9
1997-07-23;197.0;7;197.0
1997-07-24;500.4;7;500.4
1997-07-25;672.3;7;672.3
1997-07-26;516.0;7;516.0
1997-07-27;265.0;7;265.0
1997-07-28;219.8;7;219.8
1997-07-29;209.0;7;209.0
1997-07-30;189.5;7;189.5
1997-07-31;182.0;7;182.0
1997-08-01;185.1;8;185.1
1997-08-02;201.5;8;201.5
1997-08-03;189.5;8;189.5
1997-08-04;259.0;8;259.0
1997-08-05;256.0;8;256.0
1997-08-06;244.1;8;244.1
1997-08-07;438.4;8;438.4
1997-08-08;387.8;8;387.8
1997-08-09;772.7;8;772.7
1997-08-10;882.0;8;882.0
1997-08-11;612.0;8;612.0
1997-08-12;357.7;8;357.7
1997-08-13;288.9;8;288.9
1997-08-14;294.0;8;294.0
1997-08-15;305.2;8;305.2
1997-08-16;272.1;8;272.1
1997-08-17;282.2;8;282.2
1997-08-18;272.7;8;272.7
1997-08-19;328.5;8;328.5
1997-08-20;297.4;8;297.4
1997-08-21;352.1;8;352.1
1997-08-22;312.6;8;312.6
1997-08-23;283.1;8;283.1
1997-08-24;216.9;8;216.9
1997-08-25;202.0;8;202.0
1997-08-26;223.9;8;223.9
1997-08-27;330.5;8;330.5
1997-08-28;213.5;8;213.5
1997-08-29;-999.000;8;243.6
1997-08-30;-999.000;8;299.4
1997-08-31;-999.000;8;124.7
1997-09-01;-999.000;9;160.0
1997-09-02;-999.000;9;443.6
1997-09-03;-999.000;9;119.2
1997-09-04;-999.000;9;502.6
1997-09-05;-999.000;9;366.0
1997-09-06;-999.000;9;164.3
1997-09-07;-999.000;9;243.6
1997-09-08;-999.000;9;114.3
1997-09-09;-999.000;9;155.2
1997-09-10;-999.000;9;114.8
1997-09-11;-999.000;9;187.8
1997-09-12;-999.000;9;255.5
1997-09-13;-999.000;9;229.8
1997-09-14;-999.000;9;107.8
1997-09-15;-999.000;9;127.3
1997-09-16;-999.000;9;224.9
1997-09-17;-999.000;9;136.2
1997-09-18;-999.000;9;158.4
1997-09-19;135.6;9;135.6
1997-09-20;132.1;9;132.1
1997-09-21;139.3;9;139.3
1997-09-22;130.6;9;130.6
1997-09-23;-999.000;9;147.8
1997-09-24;-999.000;9;201.4
1997-09-25;-999.000;9;192.5
1997-09-26;-999.000;9;145.3
1997-09-27;-999.000;9;255.5
1997-09-28;-999.000;9;173.6
1997-09-29;-999.000;9;167.0
1997-09-30;-999.000;9;108.9
1997-10-01;121.0;10;121.0
1997-10-02;89.0;10;89.0
1997-10-03;127.0;10;127.0
1997-10-04;218.9;10;218.9
1997-10-05;210.6;10;210.6
1997-10-06;114.7;10;114.7
1997-10-07;120.1;10;120.1
1997-10-08;117.0;10;117.0
1997-10-09;98.2;10;98.2
1997-10-10;92.6;10;92.6
1997-10-11;111.3;10;111.3
1997-10-12;105.7;10;105.7
1997-10-13;95.0;10;95.0
1997-10-14;132.7;10;132.7
1997-10-15;94.1;10;94.1
1997-10-16;104.8;10;104.8
1997-10-17;94.7;10;94.7
1997-10-18;114.8;10;114.8
1997-10-19;99.4;10;99.4
1997-10-20;93.5;10;93.5
1997-10-21;91.7;10;91.7
1997-10-22;110.5;10;110.5
1997-10-23;99.0;10;99.0
1997-10-24;99.0;10;99.0
1997-10-25;93.8;10;93.8
1997-10-26;97.4;10;97.4
1997-10-27;96.6;10;96.6
1997-10-28;101.8;10;101.8
1997-10-29;103.3;10;103.3
1997-10-30;100.6;10;100.6
1997-10-31;96.2;10;96.2
1997-11-01;150.8;11;150.8
1997-11-02;124.0;11;124.0
1997-11-03;110.5;11;110.5
1997-11-04;157.2;11;157.2
1997-11-05;237.0;11;237.0
1997-11-06;125.0;11;125.0
1997-11-07;121.0;11;121.0
1997-11-08;148.2;11;148.2
1997-11-09;116.0;11;116.0
1997-11-10;102.2;11;102.2
1997-11-11;103.0;11;103.0
1997-11-12;103.0;11;103.0
1997-11-13;100.6;11;100.6
1997-11-14;99.0;11;99.0
1997-11-15;99.0;11;99.0
1997-11-16;93.2;11;93.2
1997-11-17;94.4;11;94.4
1997-11-18;98.4;11;98.4
1997-11-19;99.0;11;99.0
1997-11-20;103.9;11;103.9
1997-11-21;99.0;11;99.0
1997-11-22;95.0;11;95.0
1997-11-23;180.6;11;180.6
1997-11-24;305.0;11;305.0
1997-11-25;271.3;11;271.3
1997-11-26;119.5;11;119.5
1997-11-27;103.4;11;103.4
1997-11-28;102.2;11;102.2
1997-11-29;102.2;11;102.2
1997-11-30;101.8;11;101.8
1997-12-01;113.8;12;113.8
1997-12-02;125.5;12;125.5
1997-12-03;109.3;12;109.3
1997-12-04;95.0;12;95.0
1997-12-05;92.3;12;92.3
1997-12-06;85.9;12;85.9
1997-12-07;80.8;12;80.8
1997-12-08;80.5;12;80.5
1997-12-09;79.5;12;79.5
1997-12-10;78.9;12;78.9
1997-12-11;79.5;12;79.5
1997-12-12;79.3;12;79.3
1997-12-13;78.5;12;78.5
1997-12-14;77.4;12;77.4
1997-12-15;94.9;12;94.9
1997-12-16;86.6;12;86.6
1997-12-17;78.8;12;78.8
1997-12-18;75.4;12;75.4
1997-12-19;73.8;12;73.8
1997-12-20;73.0;12;73.0
1997-12-21;74.1;12;74.1
1997-12-22;73.8;12;73.8
1997-12-23;71.3;12;71.3
1997-12-24;71.0;12;71.0
1997-12-25;73.8;12;73.8
1997-12-26;71.3;12;71.3
1997-12-27;70.5;12;70.5
1997-12-28;69.9;12;69.9
1997-12-29;69.7;12;69.7
1997-12-30;69.0;12;69.0
1997-12-31;76.5;12;76.5
1998-01-01;79.9;1;79.9
1998-01-02;70.5;1;70.5
1998-01-03;69.7;1;69.7
1998-01-04;69.0;1;69.0
1998-01-05;68.5;1;68.5
1998-01-06;68.9;1;68.9
1998-01-07;69.5;1;69.5
1998-01-08;87.0;1;87.0
1998-01-09;71.5;1;71.5
1998-01-10;80.0;1;80.0
1998-01-11;79.8;1;79.8
1998-01-12;77.5;1;77.5
1998-01-13;69.0;1;69.0
1998-01-14;68.7;1;68.7
1998-01-15;68.6;1;68.6
1998-01-16;68.7;1;68.7
1998-01-17;68.0;1;68.0
1998-01-18;68.0;1;68.0
1998-01-19;68.1;1;68.1
1998-01-20;69.0;1;69.0
1998-01-21;68.6;1;68.6
1998-01-22;70.2;1;70.2
1998-01-23;69.0;1;69.0
1998-01-24;68.7;1;68.7
1998-01-25;68.0;1;68.0
1998-01-26;67.4;1;67.4
1998-01-27;66.3;1;66.3
1998-01-28;65.4;1;65.4
1998-01-29;66.3;1;66.3
1998-01-30;68.9;1;68.9
1998-01-31;66.5;1;66.5
1998-02-01;79.3;2;79.3
1998-02-02;82.0;2;82.0
1998-02-03;77.9;2;77.9
1998-02-04;75.3;2;75.3
1998-02-05;78.5;2;78.5
1998-02-06;76.5;2;76.5
1998-02-07;75.4;2;75.4
1998-02-08;81.7;2;81.7
1998-02-09;121.4;2;121.4
1998-02-10;137.0;2;137.0
1998-02-11;73.9;2;73.9
1998-02-12;119.0;2;119.0
1998-02-13;119.0;2;119.0
1998-02-14;179.1;2;179.1
1998-02-15;148.5;2;148.5
1998-02-16;92.0;2;92.0
1998-02-17;82.3;2;82.3
1998-02-18;79.3;2;79.3
1998-02-19;74.8;2;74.8
1998-02-20;75.2;2;75.2
1998-02-21;74.8;2;74.8
1998-02-22;77.3;2;77.3
1998-02-23;71.3;2;71.3
1998-02-24;73.6;2;73.6
1998-02-25;70.0;2;70.0
1998-02-26;72.5;2;72.5
1998-02-27;71.8;2;71.8
1998-02-28;69.8;2;69.8
1998-03-01;74.0;3;74.0
1998-03-02;76.5;3;76.5
1998-03-03;69.5;3;69.5
1998-03-04;75.6;3;75.6
1998-03-05;73.2;3;73.2
1998-03-06;75.0;3;75.0
1998-03-07;193.4;3;193.4
1998-03-08;149.5;3;149.5
1998-03-09;89.0;3;89.0
1998-03-10;83.0;3;83.0
1998-03-11;77.3;3;77.3
1998-03-12;117.0;3;117.0
1998-03-13;90.5;3;90.5
1998-03-14;75.8;3;75.8
1998-03-15;71.3;3;71.3
1998-03-16;70.3;3;70.3
1998-03-17;83.0;3;83.0
1998-03-18;107.5;3;107.5
1998-03-19;113.5;3;113.5
1998-03-20;129.8;3;129.8
1998-03-21;83.3;3;83.3
1998-03-22;99.0;3;99.0
1998-03-23;107.5;3;107.5
1998-03-24;89.0;3;89.0
1998-03-25;80.8;3;80.8
1998-03-26;132.0;3;132.0
1998-03-27;132.5;3;132.5
1998-03-28;95.0;3;95.0
1998-03-29;95.4;3;95.4
1998-03-30;181.6;3;181.6
1998-03-31;117.0;3;117.0
1998-04-01;117.0;4;117.0
1998-04-02;112.5;4;112.5
1998-04-03;107.9;4;107.9
1998-04-04;102.0;4;102.0
1998-04-05;105.5;4;105.5
1998-04-06;97.0;4;97.0
1998-04-07;97.6;4;97.6
1998-04-08;95.0;4;95.0
1998-04-09;115.2;4;115.2
1998-04-10;191.4;4;191.4
1998-04-11;125.7;4;125.7
1998-04-12;103.0;4;103.0
1998-04-13;94.9;4;94.9
1998-04-14;128.2;4;128.2
1998-04-15;92.9;4;92.9
1998-04-16;97.5;4;97.5
1998-04-17;102.9;4;102.9
1998-04-18;175.0;4;175.0
1998-04-19;409.8;4;409.8
1998-04-20;240.0;4;240.0
1998-04-21;129.9;4;129.9
1998-04-22;160.8;4;160.8
1998-04-23;161.4;4;161.4
1998-04-24;160.2;4;160.2
1998-04-25;125.2;4;125.2
1998-04-26;162.9;4;162.9
1998-04-27;125.6;4;125.6
1998-04-28;107.5;4;107.5
1998-04-29;112.1;4;112.1
1998-04-30;106.1;4;106.1
1998-05-01;173.9;5;173.9
1998-05-02;135.3;5;135.3
1998-05-03;142.0;5;142.0
1998-05-04;192.8;5;192.8
1998-05-05;183.6;5;183.6
1998-05-06;205.2;5;205.2
1998-05-07;183.0;5;183.0
1998-05-08;142.0;5;142.0
1998-05-09;345.4;5;345.4
1998-05-10;431.5;5;431.5
1998-05-11;344.8;5;344.8
1998-05-12;217.8;5;217.8
1998-05-13;161.4;5;161.4
1998-05-14;176.4;5;176.4
1998-05-15;223.3;5;223.3
1998-05-16;189.6;5;189.6
1998-05-17;208.8;5;208.8
1998-05-18;554.5;5;554.5
1998-05-19;312.5;5;312.5
1998-05-20;193.6;5;193.6
1998-05-21;161.8;5;161.8
1998-05-22;146.7;5;146.7
1998-05-23;136.2;5;136.2
1998-05-24;129.5;5;129.5
1998-05-25;121.7;5;121.7
1998-05-26;119.3;5;119.3
1998-05-27;119.6;5;119.6
1998-05-28;137.2;5;137.2
1998-05-29;591.8;5;591.8
1998-05-30;271.8;5;271.8
1998-05-31;168.0;5;168.0
1998-06-01;241.0;6;241.0
1998-06-02;238.0;6;238.0
1998-06-03;613.2;6;613.2
1998-06-04;869.8;6;869.8
1998-06-05;751.0;6;751.0
1998-06-06;585.8;6;585.8
1998-06-07;243.5;6;243.5
1998-06-08;262.0;6;262.0
1998-06-09;244.0;6;244.0
1998-06-10;204.5;6;204.5
1998-06-11;119.0;6;119.0
1998-06-12;274.0;6;274.0
1998-06-13;295.0;6;295.0
1998-06-14;343.8;6;343.8
1998-06-15;561.5;6;561.5
1998-06-16;549.8;6;549.8
1998-06-17;263.5;6;263.5
1998-06-18;221.0;6;221.0
1998-06-19;246.5;6;246.5
1998-06-20;269.3;6;269.3
1998-06-21;267.9;6;267.9
1998-06-22;260.0;6;260.0
1998-06-23;419.8;6;419.8
1998-06-24;292.8;6;292.8
1998-06-25;194.0;6;194.0
1998-06-26;747.0;6;747.0
1998-06-27;828.0;6;828.0
1998-06-28;455.0;6;455.0
1998-06-29;331.8;6;331.8
1998-06-30;263.4;6;263.4
1998-07-01;255.5;7;255.5
1998-07-02;258.0;7;258.0
1998-07-03;259.0;7;259.0
1998-07-04;269.0;7;269.0
1998-07-05;254.0;7;254.0
1998-07-06;230.0;7;230.0
1998-07-07;178.5;7;178.5
1998-07-08;215.0;7;215.0
1998-07-09;210.5;7;210.5
1998-07-10;206.0;7;206.0
1998-07-11;386.3;7;386.3
1998-07-12;767.3;7;767.3
1998-07-13;990.0;7;990.0
1998-07-14;431.5;7;431.5
1998-07-15;266.1;7;266.1
1998-07-16;317.8;7;317.8
1998-07-17;501.3;7;501.3
1998-07-18;367.5;7;367.5
1998-07-19;419.1;7;419.1
1998-07-20;360.5;7;360.5
1998-07-21;284.5;7;284.5
1998-07-22;278.8;7;278.8
1998-07-23;345.0;7;345.0
1998-07-24;326.8;7;326.8
1998-07-25;235.4;7;235.4
1998-07-26;223.3;7;223.3
1998-07-27;221.0;7;221.0
1998-07-28;273.5;7;273.5
1998-07-29;267.0;7;267.0
1998-07-30;261.0;7;261.0
1998-07-31;230.8;7;230.8
1998-08-01;206.3;8;206.3
1998-08-02;200.8;8;200.8
1998-08-03;162.0;8;162.0
1998-08-04;164.4;8;164.4
1998-08-05;178.5;8;178.5
1998-08-06;180.6;8;180.6
1998-08-07;182.5;8;182.5
1998-08-08;124.0;8;124.0
1998-08-09;142.9;8;142.9
1998-08-10;138.6;8;138.6
1998-08-11;210.8;8;210.8
1998-08-12;187.0;8;187.0
1998-08-13;162.0;8;162.0
1998-08-14;148.9;8;148.9
1998-08-15;168.2;8;168.2
1998-08-16;129.0;8;129.0
1998-08-17;122.0;8;122.0
1998-08-18;123.5;8;123.5
1998-08-19;123.0;8;123.0
1998-08-20;119.0;8;119.0
1998-08-21;120.5;8;120.5
1998-08-22;124.4;8;124.4
1998-08-23;150.0;8;150.0
1998-08-24;117.2;8;117.2
1998-08-25;113.8;8;113.8
1998-08-26;132.1;8;132.1
1998-08-27;169.6;8;169.6
1998-08-28;245.8;8;245.8
1998-08-29;197.8;8;197.8
1998-08-30;272.0;8;272.0
1998-08-31;229.3;8;229.3
1998-09-01;160.3;9;160.3
1998-09-02;138.4;9;138.4
1998-09-03;128.1;9;128.1
1998-09-04;129.7;9;129.7
1998-09-05;155.6;9;155.6
1998-09-06;148.8;9;148.8
1998-09-07;119.5;9;119.5
1998-09-08;143.9;9;143.9
1998-09-09;160.3;9;160.3
1998-09-10;142.0;9;142.0
1998-09-11;247.7;9;247.7
1998-09-12;137.3;9;137.3
1998-09-13;123.6;9;123.6
1998-09-14;128.0;9;128.0
1998-09-15;129.6;9;129.6
1998-09-16;122.4;9;122.4
1998-09-17;108.3;9;108.3
1998-09-18;103.4;9;103.4
1998-09-19;107.2;9;107.2
1998-09-20;114.4;9;114.4
1998-09-21;260.5;9;260.5
1998-09-22;432.3;9;432.3
1998-09-23;264.9;9;264.9
1998-09-24;160.4;9;160.4
1998-09-25;135.9;9;135.9
1998-09-26;149.8;9;149.8
1998-09-27;128.9;9;128.9
1998-09-28;112.3;9;112.3
1998-09-29;110.0;9;110.0
1998-09-30;110.8;9;110.8
1998-10-01;134.1;10;134.1
1998-10-02;307.0;10;307.0
1998-10-03;121.5;10;121.5
1998-10-04;109.1;10;109.1
1998-10-05;121.1;10;121.1
1998-10-06;121.9;10;121.9
1998-10-07;133.2;10;133.2
1998-10-08;120.9;10;120.9
1998-10-09;131.8;10;131.8
1998-10-10;118.5;10;118.5
1998-10-11;110.0;10;110.0
1998-10-12;101.4;10;101.4
1998-10-13;97.4;10;97.4
1998-10-14;94.5;10;94.5
1998-10-15;106.3;10;106.3
1998-10-16;296.8;10;296.8
1998-10-17;148.1;10;148.1
1998-10-18;139.4;10;139.4
1998-10-19;254.2;10;254.2
1998-10-20;213.9;10;213.9
1998-10-21;141.3;10;141.3
1998-10-22;154.5;10;154.5
1998-10-23;133.8;10;133.8
1998-10-24;143.2;10;143.2
1998-10-25;136.3;10;136.3
1998-10-26;129.7;10;129.7
1998-10-27;127.9;10;127.9
1998-10-28;139.2;10;139.2
1998-10-29;152.8;10;152.8
1998-10-30;331.4;10;331.4
1998-10-31;164.2;10;164.2
1998-11-01;142.4;11;142.4
1998-11-02;123.3;11;123.3
1998-11-03;122.9;11;122.9
1998-11-04;121.4;11;121.4
1998-11-05;124.7;11;124.7
1998-11-06;137.2;11;137.2
1998-11-07;126.3;11;126.3
1998-11-08;110.9;11;110.9
1998-11-09;122.4;11;122.4
1998-11-10;126.1;11;126.1
1998-11-11;108.2;11;108.2
1998-11-12;108.8;11;108.8
1998-11-13;109.9;11;109.9
1998-11-14;107.7;11;107.7
1998-11-15;124.4;11;124.4
1998-11-16;117.0;11;117.0
1998-11-17;123.0;11;123.0
1998-11-18;106.2;11;106.2
1998-11-19;99.8;11;99.8
1998-11-20;108.4;11;108.4
1998-11-21;134.0;11;134.0
1998-11-22;132.8;11;132.8
1998-11-23;112.4;11;112.4
1998-11-24;97.2;11;97.2
1998-11-25;92.6;11;92.6
1998-11-26;90.3;11;90.3
1998-11-27;95.1;11;95.1
1998-11-28;94.5;11;94.5
1998-11-29;92.0;11;92.0
1998-11-30;97.2;11;97.2
1998-12-01;98.8;12;98.8
1998-12-02;102.2;12;102.2
1998-12-03;89.1;12;89.1
1998-12-04;92.7;12;92.7
1998-12-05;92.0;12;92.0
1998-12-06;86.4;12;86.4
1998-12-07;101.9;12;101.9
1998-12-08;93.3;12;93.3
1998-12-09;100.3;12;100.3
1998-12-10;94.4;12;94.4
1998-12-11;94.1;12;94.1
1998-12-12;112.8;12;112.8
1998-12-13;91.6;12;91.6
1998-12-14;87.9;12;87.9
1998-12-15;107.3;12;107.3
1998-12-16;93.7;12;93.7
1998-12-17;88.9;12;88.9
1998-12-18;88.0;12;88.0
1998-12-19;90.7;12;90.7
1998-12-20;84.8;12;84.8
1998-12-21;82.7;12;82.7
1998-12-22;82.9;12;82.9
1998-12-23;80.6;12;80.6
1998-12-24;107.7;12;107.7
1998-12-25;93.6;12;93.6
1998-12-26;86.5;12;86.5
1998-12-27;81.4;12;81.4
1998-12-28;80.6;12;80.6
1998-12-29;79.5;12;79.5
1998-12-30;85.3;12;85.3
1998-12-31;80.0;12;80.0
1999-01-01;78.1;1;78.1
1999-01-02;85.4;1;85.4
1999-01-03;81.0;1;81.0
1999-01-04;78.7;1;78.7
1999-01-05;77.3;1;77.3
1999-01-06;78.3;1;78.3
1999-01-07;77.7;1;77.7
1999-01-08;78.7;1;78.7
1999-01-09;80.9;1;80.9
1999-01-10;77.0;1;77.0
1999-01-11;103.4;1;103.4
1999-01-12;97.2;1;97.2
1999-01-13;84.9;1;84.9
1999-01-14;81.2;1;81.2
1999-01-15;78.6;1;78.6
1999-01-16;74.6;1;74.6
1999-01-17;76.5;1;76.5
1999-01-18;78.1;1;78.1
1999-01-19;79.6;1;79.6
1999-01-20;97.2;1;97.2
1999-01-21;90.3;1;90.3
1999-01-22;103.6;1;103.6
1999-01-23;92.3;1;92.3
1999-01-24;110.7;1;110.7
1999-01-25;107.8;1;107.8
1999-01-26;103.3;1;103.3
1999-01-27;97.2;1;97.2
1999-01-28;107.1;1;107.1
1999-01-29;78.6;1;78.6
1999-01-30;75.4;1;75.4
1999-01-31;72.5;1;72.5
1999-02-01;75.4;2;75.4
1999-02-02;83.2;2;83.2
1999-02-03;85.9;2;85.9
1999-02-04;83.5;2;83.5
1999-02-05;108.5;2;108.5
1999-02-06;112.0;2;112.0
1999-02-07;113.5;2;113.5
1999-02-08;75.0;2;75.0
1999-02-09;93.4;2;93.4
1999-02-10;236.2;2;236.2
1999-02-11;225.7;2;225.7
1999-02-12;105.5;2;105.5
1999-02-13;103.9;2;103.9
1999-02-14;99.8;2;99.8
1999-02-15;138.5;2;138.5
1999-02-16;129.6;2;129.6
1999-02-17;159.5;2;159.5
1999-02-18;212.5;2;212.5
1999-02-19;199.3;2;199.3
1999-02-20;172.5;2;172.5
1999-02-21;124.9;2;124.9
1999-02-22;210.7;2;210.7
1999-02-23;188.6;2;188.6
1999-02-24;259.6;2;259.6
1999-02-25;159.2;2;159.2
1999-02-26;139.8;2;139.8
1999-02-27;118.7;2;118.7
1999-02-28;157.0;2;157.0
1999-03-01;136.7;3;136.7
1999-03-02;112.7;3;112.7
1999-03-03;107.8;3;107.8
1999-03-04;131.0;3;131.0
1999-03-05;101.7;3;101.7
1999-03-06;95.9;3;95.9
1999-03-07;89.9;3;89.9
1999-03-08;86.8;3;86.8
1999-03-09;85.4;3;85.4
1999-03-10;83.4;3;83.4
1999-03-11;86.2;3;86.2
1999-03-12;107.7;3;107.7
1999-03-13;100.8;3;100.8
1999-03-14;107.7;3;107.7
1999-03-15;96.7;3;96.7
1999-03-16;98.5;3;98.5
1999-03-17;104.9;3;104.9
1999-03-18;96.0;3;96.0
1999-03-19;114.7;3;114.7
1999-03-20;95.0;3;95.0
1999-03-21;92.5;3;92.5
1999-03-22;106.9;3;106.9
1999-03-23;97.2;3;97.2
1999-03-24;106.2;3;106.2
1999-03-25;100.4;3;100.4
1999-03-26;121.9;3;121.9
1999-03-27;107.6;3;107.6
1999-03-28;101.3;3;101.3
1999-03-29;95.0;3;95.0
1999-03-30;92.4;3;92.4
1999-03-31;97.9;3;97.9
1999-04-01;105.5;4;105.5
1999-04-02;115.1;4;115.1
1999-04-03;117.7;4;117.7
1999-04-04;151.9;4;151.9
1999-04-05;151.7;4;151.7
1999-04-06;140.3;4;140.3
1999-04-07;239.6;4;239.6
1999-04-08;280.7;4;280.7
1999-04-09;595.8;4;595.8
1999-04-10;698.4;4;698.4
1999-04-11;811.8;4;811.8
1999-04-12;346.0;4;346.0
1999-04-13;315.0;4;315.0
1999-04-14;380.7;4;380.7
1999-04-15;261.0;4;261.0
1999-04-16;253.0;4;253.0
1999-04-17;230.0;4;230.0
1999-04-18;241.8;4;241.8
1999-04-19;369.0;4;369.0
1999-04-20;365.5;4;365.5
1999-04-21;239.0;4;239.0
1999-04-22;200.8;4;200.8
1999-04-23;279.8;4;279.8
1999-04-24;262.7;4;262.7
1999-04-25;258.0;4;258.0
1999-04-26;254.5;4;254.5
1999-04-27;170.2;4;170.2
1999-04-28;236.0;4;236.0
1999-04-29;260.0;4;260.0
1999-04-30;378.2;4;378.2
1999-05-01;239.0;5;239.0
1999-05-02;182.8;5;182.8
1999-05-03;179.9;5;179.9
1999-05-04;248.0;5;248.0
1999-05-05;215.9;5;215.9
1999-05-06;208.7;5;208.7
1999-05-07;154.7;5;154.7
1999-05-08;143.6;5;143.6
1999-05-09;180.4;5;180.4
1999-05-10;185.8;5;185.8
1999-05-11;267.0;5;267.0
1999-05-12;254.0;5;254.0
1999-05-13;489.0;5;489.0
1999-05-14;249.3;5;249.3
1999-05-15;197.2;5;197.2
1999-05-16;187.1;5;187.1
1999-05-17;172.3;5;172.3
1999-05-18;243.8;5;243.8
1999-05-19;206.0;5;206.0
1999-05-20;510.2;5;510.2
1999-05-21;426.5;5;426.5
1999-05-22;256.0;5;256.0
1999-05-23;251.0;5;251.0
1999-05-24;197.0;5;197.0
1999-05-25;139.4;5;139.4
1999-05-26;140.0;5;140.0
1999-05-27;204.5;5;204.5
1999-05-28;216.5;5;216.5
1999-05-29;295.0;5;295.0
1999-05-30;251.0;5;251.0
1999-05-31;261.0;5;261.0
1999-06-01;180.6;6;180.6
1999-06-02;230.0;6;230.0
1999-06-03;262.5;6;262.5
1999-06-04;251.0;6;251.0
1999-06-05;215.0;6;215.0
1999-06-06;200.8;6;200.8
1999-06-07;216.5;6;216.5
1999-06-08;218.3;6;218.3
1999-06-09;284.5;6;284.5
1999-06-10;398.8;6;398.8
1999-06-11;753.8;6;753.8
1999-06-12;461.5;6;461.5
1999-06-13;320.5;6;320.5
1999-06-14;333.9;6;333.9
1999-06-15;251.0;6;251.0
1999-06-16;207.3;6;207.3
1999-06-17;264.8;6;264.8
1999-06-18;203.3;6;203.3
1999-06-19;184.5;6;184.5
1999-06-20;168.0;6;168.0
1999-06-21;409.3;6;409.3
1999-06-22;430.5;6;430.5
1999-06-23;226.8;6;226.8
1999-06-24;187.4;6;187.4
1999-06-25;174.3;6;174.3
1999-06-26;168.8;6;168.8
1999-06-27;294.0;6;294.0
1999-06-28;181.7;6;181.7
1999-06-29;169.8;6;169.8
1999-06-30;160.9;6;160.9
1999-07-01;216.2;7;216.2
1999-07-02;185.0;7;185.0
1999-07-03;156.5;7;156.5
1999-07-04;175.1;7;175.1
1999-07-05;144.7;7;144.7
1999-07-06;176.1;7;176.1
1999-07-07;310.2;7;310.2
1999-07-08;222.1;7;222.1
1999-07-09;161.1;7;161.1
1999-07-10;144.6;7;144.6
1999-07-11;132.6;7;132.6
1999-07-12;128.1;7;128.1
1999-07-13;126.6;7;126.6
1999-07-14;129.9;7;129.9
1999-07-15;151.6;7;151.6
1999-07-16;146.8;7;146.8
1999-07-17;152.7;7;152.7
1999-07-18;144.2;7;144.2
1999-07-19;151.8;7;151.8
1999-07-20;147.2;7;147.2
1999-07-21;164.3;7;164.3
1999-07-22;158.9;7;158.9
1999-07-23;157.6;7;157.6
1999-07-24;218.5;7;218.5
1999-07-25;655.8;7;655.8
1999-07-26;461.2;7;461.2
1999-07-27;295.2;7;295.2
1999-07-28;209.7;7;209.7
1999-07-29;314.8;7;314.8
1999-07-30;286.9;7;286.9
1999-07-31;303.0;7;303.0
1999-08-01;404.6;8;404.6
1999-08-02;338.0;8;338.0
1999-08-03;204.5;8;204.5
1999-08-04;194.8;8;194.8
1999-08-05;175.7;8;175.7
1999-08-06;157.7;8;157.7
1999-08-07;147.6;8;147.6
1999-08-08;175.0;8;175.0
1999-08-09;461.5;8;461.5
1999-08-10;240.5;8;240.5
1999-08-11;158.3;8;158.3
1999-08-12;160.2;8;160.2
1999-08-13;146.9;8;146.9
1999-08-14;190.4;8;190.4
1999-08-15;350.7;8;350.7
1999-08-16;580.0;8;580.0
1999-08-17;350.1;8;350.1
1999-08-18;200.0;8;200.0
1999-08-19;161.1;8;161.1
1999-08-20;164.8;8;164.8
1999-08-21;154.8;8;154.8
1999-08-22;139.7;8;139.7
1999-08-23;133.7;8;133.7
1999-08-24;141.6;8;141.6
1999-08-25;128.0;8;128.0
1999-08-26;161.1;8;161.1
1999-08-27;187.0;8;187.0
1999-08-28;129.8;8;129.8
1999-08-29;120.1;8;120.1
1999-08-30;128.5;8;128.5
1999-08-31;128.5;8;128.5
1999-09-01;118.5;9;118.5
1999-09-02;166.2;9;166.2
1999-09-03;123.5;9;123.5
1999-09-04;128.4;9;128.4
1999-09-05;124.5;9;124.5
1999-09-06;124.5;9;124.5
1999-09-07;114.2;9;114.2
1999-09-08;122.9;9;122.9
1999-09-09;109.3;9;109.3
1999-09-10;206.8;9;206.8
1999-09-11;414.8;9;414.8
1999-09-12;185.0;9;185.0
1999-09-13;114.6;9;114.6
1999-09-14;111.1;9;111.1
1999-09-15;115.5;9;115.5
1999-09-16;124.0;9;124.0
1999-09-17;165.3;9;165.3
1999-09-18;131.0;9;131.0
1999-09-19;114.5;9;114.5
1999-09-20;119.6;9;119.6
1999-09-21;201.4;9;201.4
1999-09-22;185.4;9;185.4
1999-09-23;140.8;9;140.8
1999-09-24;179.0;9;179.0
1999-09-25;125.3;9;125.3
1999-09-26;135.5;9;135.5
1999-09-27;142.5;9;142.5
1999-09-28;135.9;9;135.9
1999-09-29;139.8;9;139.8
1999-09-30;154.5;9;154.5
1999-10-01;165.8;10;165.8
1999-10-02;121.0;10;121.0
1999-10-03;118.5;10;118.5
1999-10-04;532.0;10;532.0
1999-10-05;249.0;10;249.0
1999-10-06;175.0;10;175.0
1999-10-07;142.1;10;142.1
1999-10-08;143.0;10;143.0
1999-10-09;228.8;10;228.8
1999-10-10;146.3;10;146.3
1999-10-11;123.0;10;123.0
1999-10-12;148.9;10;148.9
1999-10-13;293.0;10;293.0
1999-10-14;162.5;10;162.5
1999-10-15;125.5;10;125.5
1999-10-16;115.0;10;115.0
1999-10-17;123.1;10;123.1
1999-10-18;109.8;10;109.8
1999-10-19;148.8;10;148.8
1999-10-20;110.7;10;110.7
1999-10-21;106.7;10;106.7
1999-10-22;112.7;10;112.7
1999-10-23;183.7;10;183.7
1999-10-24;143.0;10;143.0
1999-10-25;116.7;10;116.7
1999-10-26;115.2;10;115.2
1999-10-27;110.0;10;110.0
1999-10-28;114.9;10;114.9
1999-10-29;101.4;10;101.4
1999-10-30;105.0;10;105.0
1999-10-31;118.5;10;118.5
1999-11-01;99.2;11;99.2
1999-11-02;95.7;11;95.7
1999-11-03;114.7;11;114.7
1999-11-04;107.4;11;107.4
1999-11-05;111.9;11;111.9
1999-11-06;106.5;11;106.5
1999-11-07;93.4;11;93.4
1999-11-08;105.2;11;105.2
1999-11-09;97.0;11;97.0
1999-11-10;100.5;11;100.5
1999-11-11;360.4;11;360.4
1999-11-12;236.0;11;236.0
1999-11-13;125.1;11;125.1
1999-11-14;114.6;11;114.6
1999-11-15;102.1;11;102.1
1999-11-16;95.9;11;95.9
1999-11-17;98.3;11;98.3
1999-11-18;112.1;11;112.1
1999-11-19;95.4;11;95.4
1999-11-20;92.3;11;92.3
1999-11-21;89.9;11;89.9
1999-11-22;105.1;11;105.1
1999-11-23;99.3;11;99.3
1999-11-24;105.7;11;105.7
1999-11-25;115.8;11;115.8
1999-11-26;93.8;11;93.8
1999-11-27;97.2;11;97.2
1999-11-28;137.3;11;137.3
1999-11-29;103.0;11;103.0
1999-11-30;90.9;11;90.9
1999-12-01;165.7;12;165.7
1999-12-02;127.0;12;127.0
1999-12-03;117.6;12;117.6
1999-12-04;103.8;12;103.8
1999-12-05;116.6;12;116.6
1999-12-06;101.0;12;101.0
1999-12-07;115.3;12;115.3
1999-12-08;117.0;12;117.0
1999-12-09;129.5;12;129.5
1999-12-10;104.7;12;104.7
1999-12-11;101.8;12;101.8
1999-12-12;93.5;12;93.5
1999-12-13;104.4;12;104.4
1999-12-14;126.2;12;126.2
1999-12-15;126.0;12;126.0
1999-12-16;103.2;12;103.2
1999-12-17;111.7;12;111.7
1999-12-18;126.5;12;126.5
1999-12-19;105.9;12;105.9
1999-12-20;93.7;12;93.7
1999-12-21;100.9;12;100.9
1999-12-22;101.1;12;101.1
1999-12-23;126.1;12;126.1
1999-12-24;96.5;12;96.5
1999-12-25;103.0;12;103.0
1999-12-26;90.8;12;90.8
1999-12-27;91.8;12;91.8
1999-12-28;91.8;12;91.8
1999-12-29;87.3;12;87.3
1999-12-30;86.2;12;86.2
1999-12-31;83.1;12;83.1
2000-01-01;87.5;1;87.5
2000-01-02;87.6;1;87.6
2000-01-03;85.4;1;85.4
2000-01-04;84.8;1;84.8
2000-01-05;85.0;1;85.0
2000-01-06;82.0;1;82.0
2000-01-07;83.1;1;83.1
2000-01-08;88.7;1;88.7
2000-01-09;87.3;1;87.3
2000-01-10;88.3;1;88.3
2000-01-11;85.8;1;85.8
2000-01-12;82.4;1;82.4
2000-01-13;87.2;1;87.2
2000-01-14;82.7;1;82.7
2000-01-15;81.1;1;81.1
2000-01-16;79.8;1;79.8
2000-01-17;82.6;1;82.6
2000-01-18;87.0;1;87.0
2000-01-19;85.0;1;85.0
2000-01-20;86.2;1;86.2
2000-01-21;92.0;1;92.0
2000-01-22;86.3;1;86.3
2000-01-23;81.0;1;81.0
2000-01-24;78.4;1;78.4
2000-01-25;78.0;1;78.0
2000-01-26;77.8;1;77.8
2000-01-27;77.3;1;77.3
2000-01-28;84.8;1;84.8
2000-01-29;89.6;1;89.6
2000-01-30;87.5;1;87.5
2000-01-31;85.1;1;85.1
2000-02-01;78.9;2;78.9
2000-02-02;81.8;2;81.8
2000-02-03;77.0;2;77.0
2000-02-04;74.3;2;74.3
2000-02-05;75.8;2;75.8
2000-02-06;74.8;2;74.8
2000-02-07;75.6;2;75.6
2000-02-08;74.0;2;74.0
2000-02-09;72.3;2;72.3
2000-02-10;70.5;2;70.5
2000-02-11;72.0;2;72.0
2000-02-12;69.9;2;69.9
2000-02-13;75.8;2;75.8
2000-02-14;69.1;2;69.1
2000-02-15;69.3;2;69.3
2000-02-16;69.1;2;69.1
2000-02-17;68.6;2;68.6
2000-02-18;69.5;2;69.5
2000-02-19;69.4;2;69.4
2000-02-20;69.5;2;69.5
2000-02-21;69.5;2;69.5
2000-02-22;69.7;2;69.7
2000-02-23;78.6;2;78.6
2000-02-24;83.9;2;83.9
2000-02-25;119.7;2;119.7
2000-02-26;75.8;2;75.8
2000-02-27;86.0;2;86.0
2000-02-28;76.1;2;76.1
2000-02-29;79.4;2;79.4
2000-03-01;126.6;3;126.6
2000-03-02;104.6;3;104.6
2000-03-03;92.5;3;92.5
2000-03-04;82.6;3;82.6
2000-03-05;77.4;3;77.4
2000-03-06;93.7;3;93.7
2000-03-07;128.4;3;128.4
2000-03-08;121.3;3;121.3
2000-03-09;99.2;3;99.2
2000-03-10;85.1;3;85.1
2000-03-11;77.4;3;77.4
2000-03-12;77.3;3;77.3
2000-03-13;76.7;3;76.7
2000-03-14;73.3;3;73.3
2000-03-15;73.3;3;73.3
2000-03-16;71.3;3;71.3
2000-03-17;69.3;3;69.3
2000-03-18;69.5;3;69.5
2000-03-19;69.8;3;69.8
2000-03-20;69.7;3;69.7
2000-03-21;69.3;3;69.3
2000-03-22;73.0;3;73.0
2000-03-23;74.8;3;74.8
2000-03-24;84.8;3;84.8
2000-03-25;206.0;3;206.0
2000-03-26;165.0;3;165.0
2000-03-27;91.1;3;91.1
2000-03-28;111.9;3;111.9
2000-03-29;134.2;3;134.2
2000-03-30;115.1;3;115.1
2000-03-31;110.3;3;110.3
2000-04-01;105.7;4;105.7
2000-04-02;105.3;4;105.3
2000-04-03;100.2;4;100.2
2000-04-04;97.3;4;97.3
2000-04-05;203.5;4;203.5
2000-04-06;141.1;4;141.1
2000-04-07;152.8;4;152.8
2000-04-08;95.0;4;95.0
2000-04-09;87.8;4;87.8
2000-04-10;163.8;4;163.8
2000-04-11;104.3;4;104.3
2000-04-12;115.1;4;115.1
2000-04-13;127.5;4;127.5
2000-04-14;105.8;4;105.8
2000-04-15;101.4;4;101.4
2000-04-16;99.8;4;99.8
2000-04-17;121.0;4;121.0
2000-04-18;99.0;4;99.0
2000-04-19;100.2;4;100.2
2000-04-20;89.0;4;89.0
2000-04-21;127.0;4;127.0
2000-04-22;116.1;4;116.1
2000-04-23;124.9;4;124.9
2000-04-24;171.0;4;171.0
2000-04-25;126.6;4;126.6
2000-04-26;121.0;4;121.0
2000-04-27;105.8;4;105.8
2000-04-28;146.2;4;146.2
2000-04-29;581.8;4;581.8
2000-04-30;286.5;4;286.5
2000-05-01;212.1;5;212.1
2000-05-02;197.0;5;197.0
2000-05-03;345.7;5;345.7
2000-05-04;269.7;5;269.7
2000-05-05;188.5;5;188.5
2000-05-06;177.1;5;177.1
2000-05-07;166.2;5;166.2
2000-05-08;152.1;5;152.1
2000-05-09;160.9;5;160.9
2000-05-10;169.7;5;169.7
2000-05-11;177.8;5;177.8
2000-05-12;166.2;5;166.2
2000-05-13;152.8;5;152.8
2000-05-14;135.9;5;135.9
2000-05-15;137.5;5;137.5
2000-05-16;135.5;5;135.5
2000-05-17;109.0;5;109.0
2000-05-18;151.0;5;151.0
2000-05-19;158.2;5;158.2
2000-05-20;187.4;5;187.4
2000-05-21;693.0;5;693.0
2000-05-22;419.1;5;419.1
2000-05-23;334.3;5;334.3
2000-05-24;340.8;5;340.8
2000-05-25;352.0;5;352.0
2000-05-26;359.0;5;359.0
2000-05-27;160.7;5;160.7
2000-05-28;194.0;5;194.0
2000-05-29;233.6;5;233.6
2000-05-30;285.9;5;285.9
2000-05-31;258.0;5;258.0
2000-06-01;245.3;6;245.3
2000-06-02;230.0;6;230.0
2000-06-03;190.3;6;190.3
2000-06-04;179.2;6;179.2
2000-06-05;197.0;6;197.0
2000-06-06;166.8;6;166.8
2000-06-07;160.8;6;160.8
2000-06-08;194.0;6;194.0
2000-06-09;378.5;6;378.5
2000-06-10;152.3;6;152.3
2000-06-11;188.0;6;188.0
2000-06-12;458.8;6;458.8
2000-06-13;204.2;6;204.2
2000-06-14;171.7;6;171.7
2000-06-15;152.1;6;152.1
2000-06-16;194.0;6;194.0
2000-06-17;185.9;6;185.9
2000-06-18;147.6;6;147.6
2000-06-19;171.2;6;171.2
2000-06-20;154.9;6;154.9
2000-06-21;120.8;6;120.8
2000-06-22;106.7;6;106.7
2000-06-23;179.2;6;179.2
2000-06-24;217.4;6;217.4
2000-06-25;206.0;6;206.0
2000-06-26;189.5;6;189.5
2000-06-27;132.5;6;132.5
2000-06-28;205.0;6;205.0
2000-06-29;204.2;6;204.2
2000-06-30;166.8;6;166.8
2000-07-01;152.1;7;152.1
2000-07-02;159.6;7;159.6
2000-07-03;178.0;7;178.0
2000-07-04;173.1;7;173.1
2000-07-05;412.5;7;412.5
2000-07-06;319.1;7;319.1
2000-07-07;186.6;7;186.6
2000-07-08;156.3;7;156.3
2000-07-09;172.2;7;172.2
2000-07-10;151.6;7;151.6
2000-07-11;129.5;7;129.5
2000-07-12;130.7;7;130.7
2000-07-13;154.9;7;154.9
2000-07-14;366.0;7;366.0
2000-07-15;248.0;7;248.0
2000-07-16;178.8;7;178.8
2000-07-17;182.0;7;182.0
2000-07-18;221.0;7;221.0
2000-07-19;200.7;7;200.7
2000-07-20;143.0;7;143.0
2000-07-21;211.8;7;211.8
2000-07-22;166.0;7;166.0
2000-07-23;143.0;7;143.0
2000-07-24;168.0;7;168.0
2000-07-25;142.0;7;142.0
2000-07-26;445.6;7;445.6
2000-07-27;422.0;7;422.0
2000-07-28;197.0;7;197.0
2000-07-29;168.0;7;168.0
2000-07-30;184.4;7;184.4
2000-07-31;149.3;7;149.3
2000-08-01;162.9;8;162.9
2000-08-02;151.7;8;151.7
2000-08-03;203.2;8;203.2
2000-08-04;215.9;8;215.9
2000-08-05;166.7;8;166.7
2000-08-06;149.4;8;149.4
2000-08-07;156.1;8;156.1
2000-08-08;159.4;8;159.4
2000-08-09;185.0;8;185.0
2000-08-10;234.0;8;234.0
2000-08-11;305.1;8;305.1
2000-08-12;192.3;8;192.3
2000-08-13;160.2;8;160.2
2000-08-14;152.6;8;152.6
2000-08-15;155.4;8;155.4
2000-08-16;275.2;8;275.2
2000-08-17;348.6;8;348.6
2000-08-18;215.9;8;215.9
2000-08-19;263.5;8;263.5
2000-08-20;205.4;8;205.4
2000-08-21;232.8;8;232.8
2000-08-22;191.3;8;191.3
2000-08-23;196.3;8;196.3
2000-08-24;203.5;8;203.5
2000-08-25;309.1;8;309.1
2000-08-26;314.7;8;314.7
2000-08-27;351.8;8;351.8
2000-08-28;424.6;8;424.6
2000-08-29;265.1;8;265.1
2000-08-30;262.8;8;262.8
2000-08-31;270.6;8;270.6
2000-09-01;320.6;9;320.6
2000-09-02;211.3;9;211.3
2000-09-03;186.5;9;186.5
2000-09-04;416.8;9;416.8
2000-09-05;710.9;9;710.9
2000-09-06;266.1;9;266.1
2000-09-07;231.1;9;231.1
2000-09-08;217.5;9;217.5
2000-09-09;206.7;9;206.7
2000-09-10;227.7;9;227.7
2000-09-11;196.8;9;196.8
2000-09-12;167.0;9;167.0
2000-09-13;158.4;9;158.4
2000-09-14;164.3;9;164.3
2000-09-15;173.3;9;173.3
2000-09-16;157.9;9;157.9
2000-09-17;176.7;9;176.7
2000-09-18;212.5;9;212.5
2000-09-19;171.3;9;171.3
2000-09-20;173.6;9;173.6
2000-09-21;151.7;9;151.7
2000-09-22;147.1;9;147.1
2000-09-23;159.5;9;159.5
2000-09-24;188.2;9;188.2
2000-09-25;167.0;9;167.0
2000-09-26;237.2;9;237.2
2000-09-27;573.4;9;573.4
2000-09-28;291.5;9;291.5
2000-09-29;189.0;9;189.0
2000-09-30;175.6;9;175.6
2000-10-01;159.6;10;159.6
2000-10-02;159.1;10;159.1
2000-10-03;152.6;10;152.6
2000-10-04;143.8;10;143.8
2000-10-05;144.1;10;144.1
2000-10-06;136.4;10;136.4
2000-10-07;164.1;10;164.1
2000-10-08;175.9;10;175.9
2000-10-09;149.7;10;149.7
2000-10-10;163.2;10;163.2
2000-10-11;191.3;10;191.3
2000-10-12;154.7;10;154.7
2000-10-13;133.1;10;133.1
2000-10-14;132.0;10;132.0
2000-10-15;154.3;10;154.3
2000-10-16;218.2;10;218.2
2000-10-17;161.4;10;161.4
2000-10-18;142.2;10;142.2
2000-10-19;140.7;10;140.7
2000-10-20;142.6;10;142.6
2000-10-21;157.3;10;157.3
2000-10-22;144.6;10;144.6
2000-10-23;136.1;10;136.1
2000-10-24;129.5;10;129.5
2000-10-25;148.9;10;148.9
2000-10-26;154.7;10;154.7
2000-10-27;214.0;10;214.0
2000-10-28;188.6;10;188.6
2000-10-29;137.8;10;137.8
2000-10-30;142.5;10;142.5
2000-10-31;139.6;10;139.6
2000-11-01;125.8;11;125.8
2000-11-02;97.4;11;97.4
2000-11-03;122.0;11;122.0
2000-11-04;131.5;11;131.5
2000-11-05;107.5;11;107.5
2000-11-06;166.2;11;166.2
2000-11-07;122.0;11;122.0
2000-11-08;100.5;11;100.5
2000-11-09;92.0;11;92.0
2000-11-10;103.5;11;103.5
2000-11-11;129.1;11;129.1
2000-11-12;134.0;11;134.0
2000-11-13;96.0;11;96.0
2000-11-14;112.0;11;112.0
2000-11-15;168.0;11;168.0
2000-11-16;156.0;11;156.0
2000-11-17;182.0;11;182.0
2000-11-18;168.0;11;168.0
2000-11-19;132.0;11;132.0
2000-11-20;123.5;11;123.5
2000-11-21;130.8;11;130.8
2000-11-22;99.0;11;99.0
2000-11-23;99.8;11;99.8
2000-11-24;107.5;11;107.5
2000-11-25;168.0;11;168.0
2000-11-26;106.7;11;106.7
2000-11-27;103.0;11;103.0
2000-11-28;124.5;11;124.5
2000-11-29;133.4;11;133.4
2000-11-30;173.7;11;173.7
2000-12-01;110.0;12;110.0
2000-12-02;96.0;12;96.0
2000-12-03;103.5;12;103.5
2000-12-04;129.5;12;129.5
2000-12-05;140.2;12;140.2
2000-12-06;124.5;12;124.5
2000-12-07;109.8;12;109.8
2000-12-08;436.9;12;436.9
2000-12-09;219.4;12;219.4
2000-12-10;127.6;12;127.6
2000-12-11;114.9;12;114.9
2000-12-12;114.3;12;114.3
2000-12-13;95.4;12;95.4
2000-12-14;92.3;12;92.3
2000-12-15;97.0;12;97.0
2000-12-16;115.0;12;115.0
2000-12-17;118.0;12;118.0
2000-12-18;92.0;12;92.0
2000-12-19;90.8;12;90.8
2000-12-20;107.5;12;107.5
2000-12-21;97.0;12;97.0
2000-12-22;98.2;12;98.2
2000-12-23;91.7;12;91.7
2000-12-24;124.0;12;124.0
2000-12-25;140.8;12;140.8
2000-12-26;108.0;12;108.0
2000-12-27;94.0;12;94.0
2000-12-28;106.0;12;106.0
2000-12-29;103.5;12;103.5
2000-12-30;119.5;12;119.5
2000-12-31;118.6;12;118.6
2001-01-01;103.5;1;103.5
2001-01-02;103.5;1;103.5
2001-01-03;89.0;1;89.0
2001-01-04;97.3;1;97.3
2001-01-05;148.0;1;148.0
2001-01-06;83.0;1;83.0
2001-01-07;75.0;1;75.0
2001-01-08;73.5;1;73.5
2001-01-09;106.7;1;106.7
2001-01-10;135.2;1;135.2
2001-01-11;177.3;1;177.3
2001-01-12;128.2;1;128.2
2001-01-13;104.8;1;104.8
2001-01-14;113.2;1;113.2
2001-01-15;101.3;1;101.3
2001-01-16;105.0;1;105.0
2001-01-17;217.0;1;217.0
2001-01-18;232.7;1;232.7
2001-01-19;218.7;1;218.7
2001-01-20;178.4;1;178.4
2001-01-21;142.0;1;142.0
2001-01-22;121.3;1;121.3
2001-01-23;121.4;1;121.4
2001-01-24;158.5;1;158.5
2001-01-25;313.3;1;313.3
2001-01-26;192.4;1;192.4
2001-01-27;151.3;1;151.3
2001-01-28;128.7;1;128.7
2001-01-29;113.1;1;113.1
2001-01-30;106.8;1;106.8
2001-01-31;103.4;1;103.4
2001-02-01;64.8;2;64.8
2001-02-02;68.1;2;68.1
2001-02-03;68.8;2;68.8
2001-02-04;64.0;2;64.0
2001-02-05;65.3;2;65.3
2001-02-06;76.0;2;76.0
2001-02-07;92.9;2;92.9
2001-02-08;101.0;2;101.0
2001-02-09;104.0;2;104.0
2001-02-10;91.4;2;91.4
2001-02-11;90.8;2;90.8
2001-02-12;88.4;2;88.4
2001-02-13;82.6;2;82.6
2001-02-14;75.7;2;75.7
2001-02-15;74.9;2;74.9
2001-02-16;74.8;2;74.8
2001-02-17;72.5;2;72.5
2001-02-18;74.0;2;74.0
2001-02-19;72.5;2;72.5
2001-02-20;71.0;2;71.0
2001-02-21;71.5;2;71.5
2001-02-22;72.3;2;72.3
2001-02-23;73.5;2;73.5
2001-02-24;77.4;2;77.4
2001-02-25;89.0;2;89.0
2001-02-26;95.0;2;95.0
2001-02-27;72.5;2;72.5
2001-02-28;81.5;2;81.5
2001-03-01;75.8;3;75.8
2001-03-02;131.4;3;131.4
2001-03-03;119.5;3;119.5
2001-03-04;122.0;3;122.0
2001-03-05;230.0;3;230.0
2001-03-06;153.4;3;153.4
2001-03-07;155.8;3;155.8
2001-03-08;155.6;3;155.6
2001-03-09;130.0;3;130.0
2001-03-10;117.0;3;117.0
2001-03-11;99.0;3;99.0
2001-03-12;133.3;3;133.3
2001-03-13;157.9;3;157.9
2001-03-14;105.3;3;105.3
2001-03-15;123.5;3;123.5
2001-03-16;129.5;3;129.5
2001-03-17;107.5;3;107.5
2001-03-18;122.0;3;122.0
2001-03-19;104.4;3;104.4
2001-03-20;128.9;3;128.9
2001-03-21;138.3;3;138.3
2001-03-22;97.7;3;97.7
2001-03-23;111.6;3;111.6
2001-03-24;84.7;3;84.7
2001-03-25;111.4;3;111.4
2001-03-26;124.0;3;124.0
2001-03-27;167.4;3;167.4
2001-03-28;123.5;3;123.5
2001-03-29;124.2;3;124.2
2001-03-30;153.4;3;153.4
2001-03-31;111.8;3;111.8
2001-04-01;-999.000;4;116.5
2001-04-02;-999.000;4;214.3
2001-04-03;-999.000;4;238.1
2001-04-04;94.1;4;94.1
2001-04-05;82.5;4;82.5
2001-04-06;83.0;4;83.0
2001-04-07;184.6;4;184.6
2001-04-08;186.7;4;186.7
2001-04-09;179.9;4;179.9
2001-04-10;139.6;4;139.6
2001-04-11;134.3;4;134.3
2001-04-12;122.1;4;122.1
2001-04-13;413.3;4;413.3
2001-04-14;217.3;4;217.3
2001-04-15;127.2;4;127.2
2001-04-16;157.6;4;157.6
2001-04-17;420.7;4;420.7
2001-04-18;292.6;4;292.6
2001-04-19;155.9;4;155.9
2001-04-20;123.6;4;123.6
2001-04-21;119.9;4;119.9
2001-04-22;-999.000;4;136.4
2001-04-23;-999.000;4;249.3
2001-04-24;-999.000;4;121.4
2001-04-25;-999.000;4;290.3
2001-04-26;-999.000;4;124.2
2001-04-27;-999.000;4;120.0
2001-04-28;-999.000;4;145.3
2001-04-29;-999.000;4;260.0
2001-04-30;-999.000;4;408.0
2001-05-01;119.5;5;119.5
2001-05-02;135.0;5;135.0
2001-05-03;134.0;5;134.0
2001-05-04;197.0;5;197.0
2001-05-05;325.5;5;325.5
2001-05-06;171.5;5;171.5
2001-05-07;131.0;5;131.0
2001-05-08;352.0;5;352.0
2001-05-09;248.8;5;248.8
2001-05-10;151.5;5;151.5
2001-05-11;131.4;5;131.4
2001-05-12;143.0;5;143.0
2001-05-13;156.0;5;156.0
2001-05-14;168.0;5;168.0
2001-05-15;248.0;5;248.0
2001-05-16;172.2;5;172.2
2001-05-17;219.2;5;219.2
2001-05-18;285.6;5;285.6
2001-05-19;279.0;5;279.0
2001-05-20;239.0;5;239.0
2001-05-21;248.0;5;248.0
2001-05-22;185.0;5;185.0
2001-05-23;119.5;5;119.5
2001-05-24;110.0;5;110.0
2001-05-25;117.0;5;117.0
2001-05-26;107.5;5;107.5
2001-05-27;168.0;5;168.0
2001-05-28;279.0;5;279.0
2001-05-29;264.0;5;264.0
2001-05-30;194.0;5;194.0
2001-05-31;158.5;5;158.5
2001-06-01;124.5;6;124.5
2001-06-02;148.5;6;148.5
2001-06-03;119.5;6;119.5
2001-06-04;338.0;6;338.0
2001-06-05;352.0;6;352.0
2001-06-06;290.0;6;290.0
2001-06-07;301.5;6;301.5
2001-06-08;338.0;6;338.0
2001-06-09;422.0;6;422.0
2001-06-10;448.0;6;448.0
2001-06-11;475.0;6;475.0
2001-06-12;422.0;6;422.0
2001-06-13;290.0;6;290.0
2001-06-14;248.0;6;248.0
2001-06-15;239.0;6;239.0
2001-06-16;179.8;6;179.8
2001-06-17;129.5;6;129.5
2001-06-18;150.8;6;150.8
2001-06-19;248.0;6;248.0
2001-06-20;366.0;6;366.0
2001-06-21;313.0;6;313.0
2001-06-22;268.0;6;268.0
2001-06-23;279.0;6;279.0
2001-06-24;248.0;6;248.0
2001-06-25;230.0;6;230.0
2001-06-26;448.0;6;448.0
2001-06-27;516.5;6;516.5
2001-06-28;516.5;6;516.5
2001-06-29;386.8;6;386.8
2001-06-30;422.0;6;422.0
2001-07-01;366.0;7;366.0
2001-07-02;366.0;7;366.0
2001-07-03;393.0;7;393.0
2001-07-04;407.5;7;407.5
2001-07-05;338.0;7;338.0
2001-07-06;313.0;7;313.0
2001-07-07;230.0;7;230.0
2001-07-08;173.0;7;173.0
2001-07-09;-999.000;7;190.0
2001-07-10;-999.000;7;216.1
2001-07-11;-999.000;7;361.0
2001-07-12;-999.000;7;206.8
2001-07-13;-999.000;7;214.5
2001-07-14;-999.000;7;216.8
2001-07-15;-999.000;7;267.9
2001-07-16;-999.000;7;230.0
2001-07-17;-999.000;7;30.73
2001-07-18;-999.000;7;233.5
2001-07-19;-999.000;7;132.6
2001-07-20;-999.000;7;299.5
2001-07-21;-999.000;7;175.5
2001-07-22;-999.000;7;104.9
2001-07-23;-999.000;7;200.7
2001-07-24;-999.000;7;210.4
2001-07-25;-999.000;7;476.3
2001-07-26;-999.000;7;200.8
2001-07-27;-999.000;7;301.3
2001-07-28;-999.000;7;325.8
2001-07-29;-999.000;7;198.4
2001-07-30;-999.000;7;170.0
2001-07-31;-999.000;7;209.1
2001-08-01;168.8;8;168.8
2001-08-02;172.0;8;172.0
2001-08-03;148.4;8;148.4
2001-08-04;135.9;8;135.9
2001-08-05;112.3;8;112.3
2001-08-06;159.7;8;159.7
2001-08-07;113.8;8;113.8
2001-08-08;138.5;8;138.5
2001-08-09;140.3;8;140.3
2001-08-10;338.0;8;338.0
2001-08-11;264.0;8;264.0
2001-08-12;140.2;8;140.2
2001-08-13;119.5;8;119.5
2001-08-14;119.5;8;119.5
2001-08-15;107.5;8;107.5
2001-08-16;100.5;8;100.5
2001-08-17;204.5;8;204.5
2001-08-18;290.0;8;290.0
2001-08-19;366.0;8;366.0
2001-08-20;393.0;8;393.0
2001-08-21;366.0;8;366.0
2001-08-22;313.0;8;313.0
2001-08-23;290.0;8;290.0
2001-08-24;268.0;8;268.0
2001-08-25;230.0;8;230.0
2001-08-26;212.0;8;212.0
2001-08-27;182.0;8;182.0
2001-08-28;182.0;8;182.0
2001-08-29;139.2;8;139.2
2001-08-30;148.2;8;148.2
2001-08-31;158.8;8;158.8
2001-09-01;122.0;9;122.0
2001-09-02;121.5;9;121.5
2001-09-03;135.0;9;135.0
2001-09-04;133.3;9;133.3
2001-09-05;143.0;9;143.0
2001-09-06;137.5;9;137.5
2001-09-07;146.8;9;146.8
2001-09-08;142.5;9;142.5
2001-09-09;131.5;9;131.5
2001-09-10;124.5;9;124.5
2001-09-11;143.5;9;143.5
2001-09-12;140.8;9;140.8
2001-09-13;120.6;9;120.6
2001-09-14;112.0;9;112.0
2001-09-15;127.5;9;127.5
2001-09-16;141.4;9;141.4
2001-09-17;182.0;9;182.0
2001-09-18;248.0;9;248.0
2001-09-19;379.5;9;379.5
2001-09-20;268.0;9;268.0
2001-09-21;182.0;9;182.0
2001-09-22;181.5;9;181.5
2001-09-23;163.9;9;163.9
2001-09-24;134.3;9;134.3
2001-09-25;158.4;9;158.4
2001-09-26;151.4;9;151.4
2001-09-27;151.4;9;151.4
2001-09-28;230.0;9;230.0
2001-09-29;366.0;9;366.0
2001-09-30;212.0;9;212.0
2001-10-01;168.0;10;168.0
2001-10-02;122.0;10;122.0
2001-10-03;132.0;10;132.0
2001-10-04;182.0;10;182.0
2001-10-05;111.8;10;111.8
2001-10-06;148.9;10;148.9
2001-10-07;147.8;10;147.8
2001-10-08;135.0;10;135.0
2001-10-09;111.1;10;111.1
2001-10-10;136.3;10;136.3
2001-10-11;127.9;10;127.9
2001-10-12;112.0;10;112.0
2001-10-13;230.0;10;230.0
2001-10-14;120.5;10;120.5
2001-10-15;128.5;10;128.5
2001-10-16;117.0;10;117.0
2001-10-17;165.1;10;165.1
2001-10-18;122.0;10;122.0
2001-10-19;115.0;10;115.0
2001-10-20;112.2;10;112.2
2001-10-21;106.6;10;106.6
2001-10-22;228.2;10;228.2
2001-10-23;117.0;10;117.0
2001-10-24;140.4;10;140.4
2001-10-25;120.1;10;120.1
2001-10-26;115.0;10;115.0
2001-10-27;119.5;10;119.5
2001-10-28;117.0;10;117.0
2001-10-29;152.8;10;152.8
2001-10-30;102.2;10;102.2
2001-10-31;360.3;10;360.3
2001-11-01;131.0;11;131.0
2001-11-02;104.4;11;104.4
2001-11-03;119.5;11;119.5
2001-11-04;112.5;11;112.5
2001-11-05;97.0;11;97.0
2001-11-06;125.0;11;125.0
2001-11-07;102.2;11;102.2
2001-11-08;106.0;11;106.0
2001-11-09;124.5;11;124.5
2001-11-10;104.9;11;104.9
2001-11-11;140.2;11;140.2
2001-11-12;134.3;11;134.3
2001-11-13;109.8;11;109.8
2001-11-14;125.0;11;125.0
2001-11-15;142.3;11;142.3
2001-11-16;120.1;11;120.1
2001-11-17;122.0;11;122.0
2001-11-18;146.9;11;146.9
2001-11-19;137.8;11;137.8
2001-11-20;120.5;11;120.5
2001-11-21;152.8;11;152.8
2001-11-22;121.0;11;121.0
2001-11-23;98.2;11;98.2
2001-11-24;119.5;11;119.5
2001-11-25;115.1;11;115.1
2001-11-26;138.3;11;138.3
2001-11-27;114.9;11;114.9
2001-11-28;105.3;11;105.3
2001-11-29;119.5;11;119.5
2001-11-30;114.5;11;114.5
2001-12-01;-999.000;12;83.1
2001-12-02;-999.000;12;106.7
2001-12-03;-999.000;12;70.5
2001-12-04;-999.000;12;86.95
2001-12-05;-999.000;12;47.89
2001-12-06;-999.000;12;69.52
2001-12-07;-999.000;12;77.1
2001-12-08;-999.000;12;100.6
2001-12-09;-999.000;12;111.5
2001-12-10;-999.000;12;125.5
2001-12-11;-999.000;12;98.5
2001-12-12;-999.000;12;113.4
2001-12-13;-999.000;12;92.0
2001-12-14;-999.000;12;85.0
2001-12-15;-999.000;12;109.9
2001-12-16;-999.000;12;93.8
2001-12-17;-999.000;12;100.5
2001-12-18;-999.000;12;124.7
2001-12-19;-999.000;12;113.8
2001-12-20;-999.000;12;86.4
2001-12-21;-999.000;12;96.4
2001-12-22;-999.000;12;204.0
2001-12-23;-999.000;12;98.6
2001-12-24;-999.000;12;94.39
2001-12-25;-999.000;12;75.9
2001-12-26;-999.000;12;110.2
2001-12-27;-999.000;12;100.8
2001-12-28;-999.000;12;84.53
2001-12-29;-999.000;12;153.4
2001-12-30;-999.000;12;95.0
2001-12-31;-999.000;12;88.7
2002-01-01;-999.000;1;90.24
2002-01-02;-999.000;1;73.4
2002-01-03;-999.000;1;63.4
2002-01-04;-999.000;1;55.2
2002-01-05;-999.000;1;80.1
2002-01-06;-999.000;1;73.8
2002-01-07;-999.000;1;75.0
2002-01-08;-999.000;1;47.5
2002-01-09;-999.000;1;60.4
2002-01-10;-999.000;1;75.1
2002-01-11;-999.000;1;61.1
2002-01-12;-999.000;1;73.9
2002-01-13;-999.000;1;60.0
2002-01-14;-999.000;1;62.4
2002-01-15;-999.000;1;91.0
2002-01-16;-999.000;1;64.5
2002-01-17;-999.000;1;56.3
2002-01-18;-999.000;1;86.15
2002-01-19;-999.000;1;52.4
2002-01-20;-999.000;1;77.0
2002-01-21;-999.000;1;53.3
2002-01-22;-999.000;1;84.4
2002-01-23;-999.000;1;77.1
2002-01-24;-999.000;1;82.5
2002-01-25;-999.000;1;61.4
2002-01-26;-999.000;1;83.4
2002-01-27;-999.000;1;85.1
2002-01-28;-999.000;1;69.9
2002-01-29;-999.000;1;62.3
2002-01-30;-999.000;1;53.4
2002-01-31;-999.000;1;89.21
2002-02-01;-999.000;2;151.6
2002-02-02;-999.000;2;59.8
2002-02-03;-999.000;2;88.4
2002-02-04;-999.000;2;67.8
2002-02-05;-999.000;2;112.0
2002-02-06;-999.000;2;68.2
2002-02-07;-999.000;2;66.4
2002-02-08;-999.000;2;112.0
2002-02-09;-999.000;2;45.6
2002-02-10;-999.000;2;85.0
2002-02-11;-999.000;2;42.9
2002-02-12;-999.000;2;142.5
2002-02-13;-999.000;2;85.9
2002-02-14;-999.000;2;62.8
2002-02-15;-999.000;2;50.4
2002-02-16;-999.000;2;69.8
2002-02-17;-999.000;2;59.0
2002-02-18;-999.000;2;52.6
2002-02-19;-999.000;2;90.95
2002-02-20;-999.000;2;97.9
2002-02-21;-999.000;2;68.3
2002-02-22;-999.000;2;82.0
2002-02-23;-999.000;2;79.4
2002-02-24;-999.000;2;56.5
2002-02-25;-999.000;2;40.8
2002-02-26;-999.000;2;78.65
2002-02-27;-999.000;2;51.2
2002-02-28;-999.000;2;60.8
2002-03-01;-999.000;3;94.7
2002-03-02;-999.000;3;123.5
2002-03-03;-999.000;3;45.8
2002-03-04;-999.000;3;69.1
2002-03-05;-999.000;3;138.5
2002-03-06;-999.000;3;116.0
2002-03-07;-999.000;3;56.8
2002-03-08;-999.000;3;100.8
2002-03-09;-999.000;3;74.3
2002-03-10;-999.000;3;69.1
2002-03-11;-999.000;3;101.3
2002-03-12;-999.000;3;144.4
2002-03-13;-999.000;3;83.35
2002-03-14;-999.000;3;104.4
2002-03-15;-999.000;3;107.3
2002-03-16;-999.000;3;106.2
2002-03-17;-999.000;3;107.6
2002-03-18;-999.000;3;107.6
2002-03-19;-999.000;3;75.6
2002-03-20;-999.000;3;95.9
2002-03-21;-999.000;3;146.5
2002-03-22;-999.000;3;77.8
2002-03-23;-999.000;3;86.2
2002-03-24;-999.000;3;73.2
2002-03-25;-999.000;3;100.8
2002-03-26;-999.000;3;96.5
2002-03-27;-999.000;3;117.5
2002-03-28;-999.000;3;186.1
2002-03-29;-999.000;3;69.4
2002-03-30;-999.000;3;163.3
2002-03-31;-999.000;3;91.4
2002-04-01;-999.000;4;240.0
2002-04-02;-999.000;4;119.5
2002-04-03;-999.000;4;282.8
2002-04-04;-999.000;4;289.9
2002-04-05;-999.000;4;122.0
2002-04-06;-999.000;4;61.2
2002-04-07;-999.000;4;93.5
2002-04-08;-999.000;4;140.2
2002-04-09;-999.000;4;158.3
2002-04-10;-999.000;4;117.0
2002-04-11;-999.000;4;84.98
2002-04-12;-999.000;4;200.8
2002-04-13;-999.000;4;190.7
2002-04-14;-999.000;4;310.2
2002-04-15;-999.000;4;101.9
2002-04-16;-999.000;4;83.0
2002-04-17;-999.000;4;115.3
2002-04-18;-999.000;4;71.5
2002-04-19;-999.000;4;63.7
2002-04-20;-999.000;4;63.8
2002-04-21;-999.000;4;149.9
2002-04-22;-999.000;4;82.0
2002-04-23;-999.000;4;90.4
2002-04-24;-999.000;4;145.6
2002-04-25;-999.000;4;130.5
2002-04-26;-999.000;4;237.5
2002-04-27;-999.000;4;72.0
2002-04-28;-999.000;4;319.9
2002-04-29;-999.000;4;241.7
2002-04-30;-999.000;4;68.0
2002-05-01;-999.000;5;522.0
2002-05-02;-999.000;5;209.6
2002-05-03;-999.000;5;193.9
2002-05-04;-999.000;5;139.1
2002-05-05;-999.000;5;86.5
2002-05-06;-999.000;5;227.5
2002-05-07;-999.000;5;127.2
2002-05-08;-999.000;5;267.0
2002-05-09;-999.000;5;241.3
2002-05-10;-999.000;5;193.3
2002-05-11;-999.000;5;142.9
2002-05-12;-999.000;5;251.0
2002-05-13;-999.000;5;221.0
2002-05-14;-999.000;5;125.6
2002-05-15;-999.000;5;430.0
2002-05-16;-999.000;5;155.8
2002-05-17;-999.000;5;389.4
2002-05-18;-999.000;5;300.6
2002-05-19;-999.000;5;107.8
2002-05-20;-999.000;5;216.5
2002-05-21;-999.000;5;218.5
2002-05-22;-999.000;5;180.2
2002-05-23;-999.000;5;331.0
2002-05-24;-999.000;5;140.0
2002-05-25;-999.000;5;143.5
2002-05-26;-999.000;5;283.0
2002-05-27;-999.000;5;128.9
2002-05-28;-999.000;5;135.5
2002-05-29;-999.000;5;248.2
2002-05-30;-999.000;5;135.5
2002-05-31;-999.000;5;109.4
2002-06-01;-999.000;6;171.7
2002-06-02;-999.000;6;328.6
2002-06-03;-999.000;6;491.2
2002-06-04;-999.000;6;251.9
2002-06-05;-999.000;6;56.55
2002-06-06;-999.000;6;313.8
2002-06-07;-999.000;6;246.8
2002-06-08;-999.000;6;81.18
2002-06-09;-999.000;6;156.8
2002-06-10;-999.000;6;187.8
2002-06-11;-999.000;6;163.6
2002-06-12;-999.000;6;177.6
2002-06-13;-999.000;6;115.6
2002-06-14;-999.000;6;764.7
2002-06-15;-999.000;6;189.4
2002-06-16;-999.000;6;177.5
2002-06-17;-999.000;6;183.6
2002-06-18;-999.000;6;260.5
2002-06-19;-999.000;6;311.1
2002-06-20;-999.000;6;612.8
2002-06-21;-999.000;6;215.4
2002-06-22;-999.000;6;115.8
2002-06-23;-999.000;6;248.8
2002-06-24;-999.000;6;214.4
2002-06-25;-999.000;6;489.0
2002-06-26;-999.000;6;186.1
2002-06-27;-999.000;6;156.0
2002-06-28;-999.000;6;244.4
2002-06-29;-999.000;6;196.9
2002-06-30;-999.000;6;238.0
2002-07-01;-999.000;7;250.4
2002-07-02;-999.000;7;279.5
2002-07-03;-999.000;7;198.0
2002-07-04;-999.000;7;226.4
2002-07-05;-999.000;7;144.9
2002-07-06;-999.000;7;172.7
2002-07-07;-999.000;7;317.0
2002-07-08;-999.000;7;157.6
2002-07-09;-999.000;7;236.5
2002-07-10;-999.000;7;195.2
2002-07-11;-999.000;7;248.3
2002-07-12;-999.000;7;366.0
2002-07-13;-999.000;7;582.2
2002-07-14;-999.000;7;188.5
2002-07-15;-999.000;7;219.6
2002-07-16;-999.000;7;241.7
2002-07-17;-999.000;7;503.5
2002-07-18;-999.000;7;257.5
2002-07-19;-999.000;7;272.0
2002-07-20;-999.000;7;317.4
2002-07-21;-999.000;7;156.9
2002-07-22;-999.000;7;30.12
2002-07-23;-999.000;7;86.25
2002-07-24;-999.000;7;344.1
2002-07-25;-999.000;7;168.0
2002-07-26;-999.000;7;178.1
2002-07-27;-999.000;7;285.6
2002-07-28;-999.000;7;30.47
2002-07-29;-999.000;7;220.9
2002-07-30;-999.000;7;265.9
2002-07-31;-999.000;7;269.0
2002-08-01;-999.000;8;224.7
2002-08-02;-999.000;8;195.4
2002-08-03;-999.000;8;169.3
2002-08-04;-999.000;8;126.0
2002-08-05;-999.000;8;127.2
2002-08-06;-999.000;8;330.5
2002-08-07;-999.000;8;117.4
2002-08-08;-999.000;8;115.8
2002-08-09;-999.000;8;190.7
2002-08-10;-999.000;8;152.0
2002-08-11;-999.000;8;137.9
2002-08-12;-999.000;8;210.1
2002-08-13;-999.000;8;202.4
2002-08-14;-999.000;8;86.25
2002-08-15;-999.000;8;188.3
2002-08-16;-999.000;8;258.3
2002-08-17;-999.000;8;197.8
2002-08-18;-999.000;8;202.4
2002-08-19;-999.000;8;612.0
2002-08-20;-999.000;8;223.6
2002-08-21;-999.000;8;142.2
2002-08-22;-999.000;8;200.0
2002-08-23;-999.000;8;332.3
2002-08-24;-999.000;8;128.5
2002-08-25;-999.000;8;196.5
2002-08-26;-999.000;8;238.2
2002-08-27;-999.000;8;139.0
2002-08-28;-999.000;8;119.2
2002-08-29;-999.000;8;159.4
2002-08-30;-999.000;8;259.7
2002-08-31;-999.000;8;178.5
2002-09-01;-999.000;9;260.5
2002-09-02;-999.000;9;162.0
2002-09-03;-999.000;9;151.8
2002-09-04;-999.000;9;123.6
2002-09-05;-999.000;9;112.0
2002-09-06;-999.000;9;135.6
2002-09-07;-999.000;9;183.4
2002-09-08;-999.000;9;135.2
2002-09-09;-999.000;9;114.6
2002-09-10;-999.000;9;135.2
2002-09-11;-999.000;9;297.4
2002-09-12;-999.000;9;297.4
2002-09-13;-999.000;9;146.7
2002-09-14;-999.000;9;172.8
2002-09-15;-999.000;9;166.8
2002-09-16;-999.000;9;197.7
2002-09-17;-999.000;9;181.9
2002-09-18;-999.000;9;124.9
2002-09-19;-999.000;9;131.1
2002-09-20;-999.000;9;141.6
2002-09-21;-999.000;9;123.0
2002-09-22;-999.000;9;198.8
2002-09-23;-999.000;9;172.7
2002-09-24;-999.000;9;126.0
2002-09-25;-999.000;9;419.6
2002-09-26;-999.000;9;119.7
2002-09-27;-999.000;9;110.2
2002-09-28;-999.000;9;160.3
2002-09-29;-999.000;9;111.0
2002-09-30;-999.000;9;181.9
2002-10-01;-999.000;10;153.0
2002-10-02;-999.000;10;130.5
2002-10-03;-999.000;10;119.7
2002-10-04;-999.000;10;173.3
2002-10-05;-999.000;10;102.5
2002-10-06;-999.000;10;105.0
2002-10-07;-999.000;10;91.7
2002-10-08;-999.000;10;259.5
2002-10-09;-999.000;10;180.9
2002-10-10;-999.000;10;93.4
2002-10-11;-999.000;10;105.8
2002-10-12;-999.000;10;138.8
2002-10-13;-999.000;10;113.5
2002-10-14;-999.000;10;277.2
2002-10-15;-999.000;10;131.8
2002-10-16;-999.000;10;105.4
2002-10-17;-999.000;10;218.9
2002-10-18;-999.000;10;201.1
2002-10-19;-999.000;10;147.8
2002-10-20;-999.000;10;112.2
2002-10-21;-999.000;10;155.3
2002-10-22;-999.000;10;113.1
2002-10-23;-999.000;10;93.98
2002-10-24;-999.000;10;108.1
2002-10-25;-999.000;10;96.2
2002-10-26;-999.000;10;156.0
2002-10-27;-999.000;10;118.5
2002-10-28;-999.000;10;96.8
2002-10-29;-999.000;10;155.3
2002-10-30;-999.000;10;130.0
2002-10-31;-999.000;10;132.9
2002-11-01;-999.000;11;137.3
2002-11-02;-999.000;11;128.7
2002-11-03;-999.000;11;141.4
2002-11-04;-999.000;11;117.4
2002-11-05;-999.000;11;100.1
2002-11-06;-999.000;11;110.7
2002-11-07;-999.000;11;166.9
2002-11-08;-999.000;11;244.2
2002-11-09;-999.000;11;112.1
2002-11-10;-999.000;11;147.1
2002-11-11;-999.000;11;124.3
2002-11-12;-999.000;11;239.7
2002-11-13;-999.000;11;180.1
2002-11-14;-999.000;11;106.2
2002-11-15;-999.000;11;528.9
2002-11-16;-999.000;11;153.0
2002-11-17;-999.000;11;143.0
2002-11-18;-999.000;11;126.6
2002-11-19;-999.000;11;142.5
2002-11-20;-999.000;11;168.9
2002-11-21;-999.000;11;95.4
2002-11-22;-999.000;11;82.0
2002-11-23;-999.000;11;119.7
2002-11-24;-999.000;11;82.6
2002-11-25;-999.000;11;123.1
2002-11-26;-999.000;11;131.5
2002-11-27;-999.000;11;95.0
2002-11-28;-999.000;11;73.8
2002-11-29;-999.000;11;109.8
2002-11-30;-999.000;11;101.0
2002-12-01;-999.000;12;98.8
2002-12-02;-999.000;12;86.5
2002-12-03;-999.000;12;82.0
2002-12-04;-999.000;12;79.8
2002-12-05;-999.000;12;111.0
2002-12-06;-999.000;12;210.0
2002-12-07;-999.000;12;102.3
2002-12-08;-999.000;12;93.8
2002-12-09;-999.000;12;79.3
2002-12-10;-999.000;12;76.2
2002-12-11;-999.000;12;98.72
2002-12-12;-999.000;12;143.2
2002-12-13;-999.000;12;90.5
2002-12-14;-999.000;12;95.0
2002-12-15;-999.000;12;127.0
2002-12-16;-999.000;12;93.0
2002-12-17;-999.000;12;110.5
2002-12-18;-999.000;12;207.0
2002-12-19;-999.000;12;113.5
2002-12-20;-999.000;12;66.6
2002-12-21;-999.000;12;98.8
2002-12-22;-999.000;12;72.2
2002-12-23;-999.000;12;73.2
2002-12-24;-999.000;12;137.6
2002-12-25;-999.000;12;50.01
2002-12-26;-999.000;12;89.2
2002-12-27;-999.000;12;115.3
2002-12-28;-999.000;12;100.9
2002-12-29;-999.000;12;74.9
2002-12-30;-999.000;12;82.8
2002-12-31;-999.000;12;134.0
2003-01-01;-999.000;1;84.1
2003-01-02;-999.000;1;75.8
2003-01-03;-999.000;1;58.8
2003-01-04;-999.000;1;70.6
2003-01-05;-999.000;1;81.6
2003-01-06;-999.000;1;105.6
2003-01-07;-999.000;1;66.6
2003-01-08;-999.000;1;81.18
2003-01-09;-999.000;1;73.3
2003-01-10;-999.000;1;77.1
2003-01-11;-999.000;1;64.8
2003-01-12;-999.000;1;62.0
2003-01-13;-999.000;1;52.9
2003-01-14;-999.000;1;83.0
2003-01-15;-999.000;1;142.0
2003-01-16;-999.000;1;95.2
2003-01-17;-999.000;1;83.0
2003-01-18;-999.000;1;55.2
2003-01-19;-999.000;1;51.4
2003-01-20;-999.000;1;88.1
2003-01-21;-999.000;1;110.7
2003-01-22;-999.000;1;71.2
2003-01-23;-999.000;1;76.5
2003-01-24;-999.000;1;69.7
2003-01-25;-999.000;1;56.5
2003-01-26;-999.000;1;114.0
2003-01-27;-999.000;1;232.7
2003-01-28;-999.000;1;67.05
2003-01-29;-999.000;1;73.3
2003-01-30;-999.000;1;56.3
2003-01-31;-999.000;1;93.48
2003-02-01;-999.000;2;73.6
2003-02-02;-999.000;2;146.7
2003-02-03;-999.000;2;68.3
2003-02-04;-999.000;2;56.3
2003-02-05;-999.000;2;112.3
2003-02-06;-999.000;2;65.7
2003-02-07;-999.000;2;47.8
2003-02-08;-999.000;2;56.7
2003-02-09;-999.000;2;68.2
2003-02-10;-999.000;2;75.4
2003-02-11;-999.000;2;79.4
2003-02-12;-999.000;2;91.8
2003-02-13;-999.000;2;57.0
2003-02-14;-999.000;2;224.6
2003-02-15;-999.000;2;73.9
2003-02-16;-999.000;2;148.5
2003-02-17;-999.000;2;55.6
2003-02-18;-999.000;2;56.6
2003-02-19;-999.000;2;51.5
2003-02-20;-999.000;2;122.2
2003-02-21;-999.000;2;69.0
2003-02-22;-999.000;2;66.4
2003-02-23;-999.000;2;49.6
2003-02-24;-999.000;2;60.5
2003-02-25;50.8;2;50.8
2003-02-26;66.4;2;66.4
2003-02-27;60.2;2;60.2
2003-02-28;89.9;2;89.9
2003-03-01;65.1;3;65.1
2003-03-02;67.4;3;67.4
2003-03-03;61.4;3;61.4
2003-03-04;102.2;3;102.2
2003-03-05;96.5;3;96.5
2003-03-06;74.1;3;74.1
2003-03-07;61.5;3;61.5
2003-03-08;58.3;3;58.3
2003-03-09;63.5;3;63.5
2003-03-10;56.2;3;56.2
2003-03-11;53.1;3;53.1
2003-03-12;52.5;3;52.5
2003-03-13;95.9;3;95.9
2003-03-14;104.1;3;104.1
2003-03-15;123.1;3;123.1
2003-03-16;80.9;3;80.9
2003-03-17;72.1;3;72.1
2003-03-18;66.4;3;66.4
2003-03-19;64.8;3;64.8
2003-03-20;61.6;3;61.6
2003-03-21;75.2;3;75.2
2003-03-22;68.6;3;68.6
2003-03-23;67.6;3;67.6
2003-03-24;147.2;3;147.2
2003-03-25;84.9;3;84.9
2003-03-26;105.1;3;105.1
2003-03-27;163.7;3;163.7
2003-03-28;109.1;3;109.1
2003-03-29;90.5;3;90.5
2003-03-30;87.7;3;87.7
2003-03-31;83.1;3;83.1
2003-04-01;87.5;4;87.5
2003-04-02;90.3;4;90.3
2003-04-03;106.1;4;106.1
2003-04-04;133.6;4;133.6
2003-04-05;118.6;4;118.6
2003-04-06;93.0;4;93.0
2003-04-07;78.4;4;78.4
2003-04-08;79.7;4;79.7
2003-04-09;75.4;4;75.4
2003-04-10;-999.000;4;240.7
2003-04-11;69.2;4;69.2
2003-04-12;278.3;4;278.3
2003-04-13;658.4;4;658.4
2003-04-14;397.8;4;397.8
2003-04-15;207.7;4;207.7
2003-04-16;143.1;4;143.1
2003-04-17;171.5;4;171.5
2003-04-18;135.3;4;135.3
2003-04-19;141.9;4;141.9
2003-04-20;125.5;4;125.5
2003-04-21;294.5;4;294.5
2003-04-22;177.7;4;177.7
2003-04-23;160.5;4;160.5
2003-04-24;152.2;4;152.2
2003-04-25;134.4;4;134.4
2003-04-26;146.1;4;146.1
2003-04-27;130.4;4;130.4
2003-04-28;131.8;4;131.8
2003-04-29;141.4;4;141.4
2003-04-30;199.6;4;199.6
2003-05-01;167.9;5;167.9
2003-05-02;169.0;5;169.0
2003-05-03;123.0;5;123.0
2003-05-04;127.1;5;127.1
2003-05-05;108.5;5;108.5
2003-05-06;130.7;5;130.7
2003-05-07;141.8;5;141.8
2003-05-08;247.1;5;247.1
2003-05-09;199.3;5;199.3
2003-05-10;165.6;5;165.6
2003-05-11;144.4;5;144.4
2003-05-12;227.2;5;227.2
2003-05-13;223.3;5;223.3
2003-05-14;209.2;5;209.2
2003-05-15;172.1;5;172.1
2003-05-16;157.1;5;157.1
2003-05-17;172.8;5;172.8
2003-05-18;230.5;5;230.5
2003-05-19;338.8;5;338.8
2003-05-20;322.6;5;322.6
2003-05-21;266.0;5;266.0
2003-05-22;219.4;5;219.4
2003-05-23;292.1;5;292.1
2003-05-24;211.8;5;211.8
2003-05-25;179.6;5;179.6
2003-05-26;156.0;5;156.0
2003-05-27;337.6;5;337.6
2003-05-28;333.9;5;333.9
2003-05-29;235.9;5;235.9
2003-05-30;258.0;5;258.0
2003-05-31;185.7;5;185.7
2003-06-01;297.5;6;297.5
2003-06-02;219.6;6;219.6
2003-06-03;189.1;6;189.1
2003-06-04;167.3;6;167.3
2003-06-05;152.7;6;152.7
2003-06-06;140.6;6;140.6
2003-06-07;169.3;6;169.3
2003-06-08;138.2;6;138.2
2003-06-09;244.9;6;244.9
2003-06-10;142.7;6;142.7
2003-06-11;166.2;6;166.2
2003-06-12;197.8;6;197.8
2003-06-13;234.8;6;234.8
2003-06-14;243.2;6;243.2
2003-06-15;575.7;6;575.7
2003-06-16;257.5;6;257.5
2003-06-17;192.6;6;192.6
2003-06-18;233.6;6;233.6
2003-06-19;162.7;6;162.7
2003-06-20;170.0;6;170.0
2003-06-21;166.7;6;166.7
2003-06-22;162.9;6;162.9
2003-06-23;168.3;6;168.3
2003-06-24;177.3;6;177.3
2003-06-25;197.7;6;197.7
2003-06-26;237.9;6;237.9
2003-06-27;254.6;6;254.6
2003-06-28;189.1;6;189.1
2003-06-29;159.8;6;159.8
2003-06-30;346.0;6;346.0
2003-07-01;202.9;7;202.9
2003-07-02;198.7;7;198.7
2003-07-03;239.6;7;239.6
2003-07-04;282.0;7;282.0
2003-07-05;260.5;7;260.5
2003-07-06;178.8;7;178.8
2003-07-07;160.1;7;160.1
2003-07-08;194.5;7;194.5
2003-07-09;257.5;7;257.5
2003-07-10;183.6;7;183.6
2003-07-11;248.7;7;248.7
2003-07-12;211.1;7;211.1
2003-07-13;352.0;7;352.0
2003-07-14;433.7;7;433.7
2003-07-15;209.9;7;209.9
2003-07-16;178.1;7;178.1
2003-07-17;260.6;7;260.6
2003-07-18;472.4;7;472.4
2003-07-19;237.3;7;237.3
2003-07-20;220.5;7;220.5
2003-07-21;212.5;7;212.5
2003-07-22;191.2;7;191.2
2003-07-23;182.2;7;182.2
2003-07-24;215.3;7;215.3
2003-07-25;233.5;7;233.5
2003-07-26;242.5;7;242.5
2003-07-27;231.7;7;231.7
2003-07-28;194.8;7;194.8
2003-07-29;183.8;7;183.8
2003-07-30;202.2;7;202.2
2003-07-31;256.9;7;256.9
2003-08-01;273.0;8;273.0
2003-08-02;177.5;8;177.5
2003-08-03;159.8;8;159.8
2003-08-04;170.0;8;170.0
2003-08-05;152.7;8;152.7
2003-08-06;148.9;8;148.9
2003-08-07;139.3;8;139.3
2003-08-08;170.0;8;170.0
2003-08-09;190.7;8;190.7
2003-08-10;157.8;8;157.8
2003-08-11;165.1;8;165.1
2003-08-12;146.7;8;146.7
2003-08-13;133.4;8;133.4
2003-08-14;138.6;8;138.6
2003-08-15;131.1;8;131.1
2003-08-16;126.5;8;126.5
2003-08-17;282.6;8;282.6
2003-08-18;217.0;8;217.0
2003-08-19;180.9;8;180.9
2003-08-20;141.0;8;141.0
2003-08-21;134.6;8;134.6
2003-08-22;123.5;8;123.5
2003-08-23;119.5;8;119.5
2003-08-24;226.8;8;226.8
2003-08-25;132.1;8;132.1
2003-08-26;129.6;8;129.6
2003-08-27;221.3;8;221.3
2003-08-28;296.8;8;296.8
2003-08-29;428.8;8;428.8
2003-08-30;414.0;8;414.0
2003-08-31;213.4;8;213.4
2003-09-01;174.1;9;174.1
2003-09-02;187.1;9;187.1
2003-09-03;152.2;9;152.2
2003-09-04;144.4;9;144.4
2003-09-05;135.2;9;135.2
2003-09-06;128.1;9;128.1
2003-09-07;227.0;9;227.0
2003-09-08;151.0;9;151.0
2003-09-09;172.8;9;172.8
2003-09-10;133.5;9;133.5
2003-09-11;164.6;9;164.6
2003-09-12;238.3;9;238.3
2003-09-13;213.7;9;213.7
2003-09-14;151.2;9;151.2
2003-09-15;160.5;9;160.5
2003-09-16;131.7;9;131.7
2003-09-17;147.4;9;147.4
2003-09-18;249.1;9;249.1
2003-09-19;182.3;9;182.3
2003-09-20;136.9;9;136.9
2003-09-21;125.7;9;125.7
2003-09-22;267.6;9;267.6
2003-09-23;211.6;9;211.6
2003-09-24;212.0;9;212.0
2003-09-25;146.4;9;146.4
2003-09-26;142.1;9;142.1
2003-09-27;144.7;9;144.7
2003-09-28;125.3;9;125.3
2003-09-29;147.4;9;147.4
2003-09-30;127.2;9;127.2
2003-10-01;497.6;10;497.6
2003-10-02;266.7;10;266.7
2003-10-03;157.9;10;157.9
2003-10-04;141.6;10;141.6
2003-10-05;148.8;10;148.8
2003-10-06;151.1;10;151.1
2003-10-07;137.0;10;137.0
2003-10-08;124.5;10;124.5
2003-10-09;141.9;10;141.9
2003-10-10;138.5;10;138.5
2003-10-11;120.5;10;120.5
2003-10-12;129.8;10;129.8
2003-10-13;160.8;10;160.8
2003-10-14;240.8;10;240.8
2003-10-15;302.5;10;302.5
2003-10-16;190.5;10;190.5
2003-10-17;149.4;10;149.4
2003-10-18;133.4;10;133.4
2003-10-19;124.0;10;124.0
2003-10-20;119.0;10;119.0
2003-10-21;259.0;10;259.0
2003-10-22;158.4;10;158.4
2003-10-23;125.5;10;125.5
2003-10-24;115.5;10;115.5
2003-10-25;109.5;10;109.5
2003-10-26;106.8;10;106.8
2003-10-27;120.7;10;120.7
2003-10-28;106.6;10;106.6
2003-10-29;271.8;10;271.8
2003-10-30;251.6;10;251.6
2003-10-31;138.1;10;138.1
2003-11-01;146.1;11;146.1
2003-11-02;117.0;11;117.0
2003-11-03;252.0;11;252.0
2003-11-04;167.6;11;167.6
2003-11-05;124.5;11;124.5
2003-11-06;114.5;11;114.5
2003-11-07;125.7;11;125.7
2003-11-08;129.1;11;129.1
2003-11-09;129.2;11;129.2
2003-11-10;129.2;11;129.2
2003-11-11;128.6;11;128.6
2003-11-12;128.0;11;128.0
2003-11-13;123.0;11;123.0
2003-11-14;128.0;11;128.0
2003-11-15;156.2;11;156.2
2003-11-16;130.6;11;130.6
2003-11-17;114.0;11;114.0
2003-11-18;101.2;11;101.2
2003-11-19;104.8;11;104.8
2003-11-20;107.4;11;107.4
2003-11-21;121.5;11;121.5
2003-11-22;328.0;11;328.0
2003-11-23;150.2;11;150.2
2003-11-24;129.0;11;129.0
2003-11-25;111.0;11;111.0
2003-11-26;129.8;11;129.8
2003-11-27;145.0;11;145.0
2003-11-28;128.7;11;128.7
2003-11-29;122.3;11;122.3
2003-11-30;111.5;11;111.5
2003-12-01;104.8;12;104.8
2003-12-02;123.9;12;123.9
2003-12-03;106.7;12;106.7
2003-12-04;106.9;12;106.9
2003-12-05;100.8;12;100.8
2003-12-06;97.2;12;97.2
2003-12-07;100.8;12;100.8
2003-12-08;99.6;12;99.6
2003-12-09;96.0;12;96.0
2003-12-10;87.1;12;87.1
2003-12-11;87.5;12;87.5
2003-12-12;87.5;12;87.5
2003-12-13;100.6;12;100.6
2003-12-14;126.0;12;126.0
2003-12-15;92.3;12;92.3
2003-12-16;83.1;12;83.1
2003-12-17;78.6;12;78.6
2003-12-18;96.2;12;96.2
2003-12-19;139.8;12;139.8
2003-12-20;145.0;12;145.0
2003-12-21;112.5;12;112.5
2003-12-22;108.4;12;108.4
2003-12-23;141.0;12;141.0
2003-12-24;94.4;12;94.4
2003-12-25;94.3;12;94.3
2003-12-26;88.8;12;88.8
2003-12-27;84.8;12;84.8
2003-12-28;84.3;12;84.3
2003-12-29;78.6;12;78.6
2003-12-30;81.1;12;81.1
2003-12-31;78.2;12;78.2
2004-01-01;85.4;1;85.4
2004-01-02;75.5;1;75.5
2004-01-03;71.6;1;71.6
2004-01-04;75.8;1;75.8
2004-01-05;73.1;1;73.1
2004-01-06;69.4;1;69.4
2004-01-07;73.1;1;73.1
2004-01-08;122.6;1;122.6
2004-01-09;86.3;1;86.3
2004-01-10;89.1;1;89.1
2004-01-11;70.5;1;70.5
2004-01-12;66.8;1;66.8
2004-01-13;64.5;1;64.5
2004-01-14;62.3;1;62.3
2004-01-15;63.0;1;63.0
2004-01-16;74.1;1;74.1
2004-01-17;75.3;1;75.3
2004-01-18;79.5;1;79.5
2004-01-19;70.5;1;70.5
2004-01-20;61.5;1;61.5
2004-01-21;62.3;1;62.3
2004-01-22;75.1;1;75.1
2004-01-23;66.4;1;66.4
2004-01-24;63.8;1;63.8
2004-01-25;58.5;1;58.5
2004-01-26;56.6;1;56.6
2004-01-27;53.3;1;53.3
2004-01-28;52.2;1;52.2
2004-01-29;52.0;1;52.0
2004-01-30;51.7;1;51.7
2004-01-31;51.1;1;51.1
2004-02-01;49.8;2;49.8
2004-02-02;48.9;2;48.9
2004-02-03;49.5;2;49.5
2004-02-04;48.9;2;48.9
2004-02-05;47.8;2;47.8
2004-02-06;47.5;2;47.5
2004-02-07;47.5;2;47.5
2004-02-08;48.7;2;48.7
2004-02-09;47.0;2;47.0
2004-02-10;46.1;2;46.1
2004-02-11;46.4;2;46.4
2004-02-12;46.1;2;46.1
2004-02-13;45.5;2;45.5
2004-02-14;45.5;2;45.5
2004-02-15;45.2;2;45.2
2004-02-16;45.2;2;45.2
2004-02-17;44.3;2;44.3
2004-02-18;43.7;2;43.7
2004-02-19;43.7;2;43.7
2004-02-20;44.3;2;44.3
2004-02-21;45.8;2;45.8
2004-02-22;50.6;2;50.6
2004-02-23;68.3;2;68.3
2004-02-24;79.8;2;79.8
2004-02-25;59.6;2;59.6
2004-02-26;55.5;2;55.5
2004-02-27;70.8;2;70.8
2004-02-28;62.6;2;62.6
2004-02-29;57.0;2;57.0
2004-03-01;52.2;3;52.2
2004-03-02;53.5;3;53.5
2004-03-03;56.6;3;56.6
2004-03-04;54.3;3;54.3
2004-03-05;46.7;3;46.7
2004-03-06;45.5;3;45.5
2004-03-07;55.6;3;55.6
2004-03-08;49.2;3;49.2
2004-03-09;47.5;3;47.5
2004-03-10;45.2;3;45.2
2004-03-11;51.1;3;51.1
2004-03-12;63.8;3;63.8
2004-03-13;53.5;3;53.5
2004-03-14;47.5;3;47.5
2004-03-15;46.7;3;46.7
2004-03-16;46.1;3;46.1
2004-03-17;43.4;3;43.4
2004-03-18;43.4;3;43.4
2004-03-19;41.6;3;41.6
2004-03-20;40.4;3;40.4
2004-03-21;40.6;3;40.6
2004-03-22;44.3;3;44.3
2004-03-23;52.2;3;52.2
2004-03-24;81.8;3;81.8
2004-03-25;100.8;3;100.8
2004-03-26;87.1;3;87.1
2004-03-27;99.2;3;99.2
2004-03-28;96.0;3;96.0
2004-03-29;93.2;3;93.2
2004-03-30;85.9;3;85.9
2004-03-31;73.2;3;73.2
2004-04-01;62.6;4;62.6
2004-04-02;63.8;4;63.8
2004-04-03;272.0;4;272.0
2004-04-04;290.3;4;290.3
2004-04-05;106.7;4;106.7
2004-04-06;92.9;4;92.9
2004-04-07;77.8;4;77.8
2004-04-08;92.7;4;92.7
2004-04-09;111.8;4;111.8
2004-04-10;664.8;4;664.8
2004-04-11;220.0;4;220.0
2004-04-12;143.0;4;143.0
2004-04-13;110.2;4;110.2
2004-04-14;101.6;4;101.6
2004-04-15;94.4;4;94.4
2004-04-16;90.6;4;90.6
2004-04-17;154.4;4;154.4
2004-04-18;94.0;4;94.0
2004-04-19;142.9;4;142.9
2004-04-20;177.0;4;177.0
2004-04-21;203.3;4;203.3
2004-04-22;151.8;4;151.8
2004-04-23;103.3;4;103.3
2004-04-24;93.2;4;93.2
2004-04-25;96.6;4;96.6
2004-04-26;89.0;4;89.0
2004-04-27;96.0;4;96.0
2004-04-28;96.6;4;96.6
2004-04-29;112.0;4;112.0
2004-04-30;99.9;4;99.9
2004-05-01;102.9;5;102.9
2004-05-02;94.0;5;94.0
2004-05-03;94.8;5;94.8
2004-05-04;118.7;5;118.7
2004-05-05;107.8;5;107.8
2004-05-06;106.9;5;106.9
2004-05-07;121.1;5;121.1
2004-05-08;301.8;5;301.8
2004-05-09;693.2;5;693.2
2004-05-10;402.5;5;402.5
2004-05-11;187.8;5;187.8
2004-05-12;172.0;5;172.0
2004-05-13;273.5;5;273.5
2004-05-14;160.0;5;160.0
2004-05-15;250.4;5;250.4
2004-05-16;125.0;5;125.0
2004-05-17;176.9;5;176.9
2004-05-18;363.4;5;363.4
2004-05-19;620.3;5;620.3
2004-05-20;467.9;5;467.9
2004-05-21;280.8;5;280.8
2004-05-22;189.1;5;189.1
2004-05-23;174.0;5;174.0
2004-05-24;172.0;5;172.0
2004-05-25;169.3;5;169.3
2004-05-26;148.9;5;148.9
2004-05-27;178.2;5;178.2
2004-05-28;366.3;5;366.3
2004-05-29;589.2;5;589.2
2004-05-30;483.6;5;483.6
2004-05-31;427.0;5;427.0
2004-06-01;300.3;6;300.3
2004-06-02;502.3;6;502.3
2004-06-03;695.8;6;695.8
2004-06-04;613.5;6;613.5
2004-06-05;764.7;6;764.7
2004-06-06;505.2;6;505.2
2004-06-07;336.0;6;336.0
2004-06-08;498.9;6;498.9
2004-06-09;559.9;6;559.9
2004-06-10;360.8;6;360.8
2004-06-11;257.0;6;257.0
2004-06-12;236.3;6;236.3
2004-06-13;467.5;6;467.5
2004-06-14;371.8;6;371.8
2004-06-15;388.3;6;388.3
2004-06-16;775.5;6;775.5
2004-06-17;273.6;6;273.6
2004-06-18;295.6;6;295.6
2004-06-19;310.9;6;310.9
2004-06-20;260.0;6;260.0
2004-06-21;257.0;6;257.0
2004-06-22;297.3;6;297.3
2004-06-23;234.3;6;234.3
2004-06-24;222.3;6;222.3
2004-06-25;239.3;6;239.3
2004-06-26;197.6;6;197.6
2004-06-27;291.5;6;291.5
2004-06-28;390.3;6;390.3
2004-06-29;412.4;6;412.4
2004-06-30;226.6;6;226.6
2004-07-01;210.0;7;210.0
2004-07-02;193.3;7;193.3
2004-07-03;165.3;7;165.3
2004-07-04;164.3;7;164.3
2004-07-05;213.5;7;213.5
2004-07-06;217.9;7;217.9
2004-07-07;270.4;7;270.4
2004-07-08;192.6;7;192.6
2004-07-09;204.8;7;204.8
2004-07-10;151.3;7;151.3
2004-07-11;206.5;7;206.5
2004-07-12;253.0;7;253.0
2004-07-13;239.3;7;239.3
2004-07-14;317.4;7;317.4
2004-07-15;288.1;7;288.1
2004-07-16;189.1;7;189.1
2004-07-17;280.4;7;280.4
2004-07-18;269.3;7;269.3
2004-07-19;204.9;7;204.9
2004-07-20;149.9;7;149.9
2004-07-21;254.0;7;254.0
2004-07-22;299.5;7;299.5
2004-07-23;206.2;7;206.2
2004-07-24;196.1;7;196.1
2004-07-25;173.4;7;173.4
2004-07-26;213.4;7;213.4
2004-07-27;290.1;7;290.1
2004-07-28;258.0;7;258.0
2004-07-29;270.5;7;270.5
2004-07-30;195.4;7;195.4
2004-07-31;274.7;7;274.7
2004-08-01;449.6;8;449.6
2004-08-02;266.0;8;266.0
2004-08-03;268.4;8;268.4
2004-08-04;218.8;8;218.8
2004-08-05;289.8;8;289.8
2004-08-06;220.5;8;220.5
2004-08-07;191.9;8;191.9
2004-08-08;300.3;8;300.3
2004-08-09;350.5;8;350.5
2004-08-10;422.0;8;422.0
2004-08-11;239.9;8;239.9
2004-08-12;219.6;8;219.6
2004-08-13;344.6;8;344.6
2004-08-14;340.1;8;340.1
2004-08-15;262.1;8;262.1
2004-08-16;192.6;8;192.6
2004-08-17;189.8;8;189.8
2004-08-18;191.2;8;191.2
2004-08-19;323.4;8;323.4
2004-08-20;354.9;8;354.9
2004-08-21;233.6;8;233.6
2004-08-22;185.0;8;185.0
2004-08-23;163.3;8;163.3
2004-08-24;173.3;8;173.3
2004-08-25;263.9;8;263.9
2004-08-26;245.0;8;245.0
2004-08-27;182.9;8;182.9
2004-08-28;237.6;8;237.6
2004-08-29;230.5;8;230.5
2004-08-30;187.8;8;187.8
2004-08-31;182.2;8;182.2
2004-09-01;158.7;9;158.7
2004-09-02;147.8;9;147.8
2004-09-03;238.1;9;238.1
2004-09-04;295.6;9;295.6
2004-09-05;316.8;9;316.8
2004-09-06;191.9;9;191.9
2004-09-07;160.5;9;160.5
2004-09-08;421.3;9;421.3
2004-09-09;218.2;9;218.2
2004-09-10;267.0;9;267.0
2004-09-11;258.6;9;258.6
2004-09-12;337.6;9;337.6
2004-09-13;500.5;9;500.5
2004-09-14;856.5;9;856.5
2004-09-15;500.6;9;500.6
2004-09-16;263.0;9;263.0
2004-09-17;226.6;9;226.6
2004-09-18;230.1;9;230.1
2004-09-19;206.7;9;206.7
2004-09-20;195.4;9;195.4
2004-09-21;177.5;9;177.5
2004-09-22;168.6;9;168.6
2004-09-23;212.9;9;212.9
2004-09-24;182.5;9;182.5
2004-09-25;260.5;9;260.5
2004-09-26;345.6;9;345.6
2004-09-27;237.1;9;237.1
2004-09-28;167.3;9;167.3
2004-09-29;164.1;9;164.1
2004-09-30;150.5;9;150.5
2004-10-01;186.9;10;186.9
2004-10-02;246.3;10;246.3
2004-10-03;164.3;10;164.3
2004-10-04;261.7;10;261.7
2004-10-05;256.0;10;256.0
2004-10-06;202.3;10;202.3
2004-10-07;187.8;10;187.8
2004-10-08;198.2;10;198.2
2004-10-09;180.8;10;180.8
2004-10-10;175.6;10;175.6
2004-10-11;180.1;10;180.1
2004-10-12;142.2;10;142.2
2004-10-13;139.3;10;139.3
2004-10-14;128.8;10;128.8
2004-10-15;120.5;10;120.5
2004-10-16;154.9;10;154.9
2004-10-17;159.3;10;159.3
2004-10-18;140.6;10;140.6
2004-10-19;118.5;10;118.5
2004-10-20;132.8;10;132.8
2004-10-21;180.5;10;180.5
2004-10-22;119.0;10;119.0
2004-10-23;129.3;10;129.3
2004-10-24;126.5;10;126.5
2004-10-25;109.6;10;109.6
2004-10-26;136.3;10;136.3
2004-10-27;101.6;10;101.6
2004-10-28;98.7;10;98.7
2004-10-29;99.9;10;99.9
2004-10-30;104.2;10;104.2
2004-10-31;105.4;10;105.4
2004-11-01;94.8;11;94.8
2004-11-02;117.4;11;117.4
2004-11-03;105.6;11;105.6
2004-11-04;93.9;11;93.9
2004-11-05;135.5;11;135.5
2004-11-06;107.2;11;107.2
2004-11-07;117.4;11;117.4
2004-11-08;171.2;11;171.2
2004-11-09;121.7;11;121.7
2004-11-10;98.0;11;98.0
2004-11-11;91.5;11;91.5
2004-11-12;91.6;11;91.6
2004-11-13;135.7;11;135.7
2004-11-14;140.5;11;140.5
2004-11-15;103.6;11;103.6
2004-11-16;102.1;11;102.1
2004-11-17;119.0;11;119.0
2004-11-18;111.2;11;111.2
2004-11-19;123.7;11;123.7
2004-11-20;140.9;11;140.9
2004-11-21;106.8;11;106.8
2004-11-22;98.1;11;98.1
2004-11-23;91.6;11;91.6
2004-11-24;97.1;11;97.1
2004-11-25;175.7;11;175.7
2004-11-26;148.2;11;148.2
2004-11-27;113.7;11;113.7
2004-11-28;104.8;11;104.8
2004-11-29;102.0;11;102.0
2004-11-30;98.0;11;98.0
2004-12-01;128.3;12;128.3
2004-12-02;96.0;12;96.0
2004-12-03;90.8;12;90.8
2004-12-04;93.3;12;93.3
2004-12-05;119.1;12;119.1
2004-12-06;97.7;12;97.7
2004-12-07;88.2;12;88.2
2004-12-08;89.9;12;89.9
2004-12-09;99.2;12;99.2
2004-12-10;89.7;12;89.7
2004-12-11;80.8;12;80.8
2004-12-12;89.6;12;89.6
2004-12-13;87.5;12;87.5
2004-12-14;85.1;12;85.1
2004-12-15;85.2;12;85.2
2004-12-16;93.6;12;93.6
2004-12-17;93.6;12;93.6
2004-12-18;82.8;12;82.8
2004-12-19;75.3;12;75.3
2004-12-20;70.5;12;70.5
2004-12-21;66.7;12;66.7
2004-12-22;69.3;12;69.3
2004-12-23;71.9;12;71.9
2004-12-24;68.7;12;68.7
2004-12-25;78.3;12;78.3
2004-12-26;72.0;12;72.0
2004-12-27;79.5;12;79.5
2004-12-28;67.1;12;67.1
2004-12-29;63.7;12;63.7
2004-12-30;63.4;12;63.4
2004-12-31;60.6;12;60.6
2005-01-01;61.7;1;61.7
2005-01-02;61.4;1;61.4
2005-01-03;61.3;1;61.3
2005-01-04;62.3;1;62.3
2005-01-05;70.1;1;70.1
2005-01-06;72.9;1;72.9
2005-01-07;63.7;1;63.7
2005-01-08;58.9;1;58.9
2005-01-09;64.1;1;64.1
2005-01-10;65.4;1;65.4
2005-01-11;61.0;1;61.0
2005-01-12;59.4;1;59.4
2005-01-13;57.0;1;57.0
2005-01-14;58.4;1;58.4
2005-01-15;55.5;1;55.5
2005-01-16;54.4;1;54.4
2005-01-17;54.0;1;54.0
2005-01-18;55.3;1;55.3
2005-01-19;54.4;1;54.4
2005-01-20;58.8;1;58.8
2005-01-21;54.8;1;54.8
2005-01-22;52.9;1;52.9
2005-01-23;53.1;1;53.1
2005-01-24;49.9;1;49.9
2005-01-25;49.5;1;49.5
2005-01-26;49.9;1;49.9
2005-01-27;50.5;1;50.5
2005-01-28;49.1;1;49.1
2005-01-29;47.5;1;47.5
2005-01-30;47.6;1;47.6
2005-01-31;98.7;1;98.7
2005-02-01;121.0;2;121.0
2005-02-02;97.8;2;97.8
2005-02-03;72.8;2;72.8
2005-02-04;75.3;2;75.3
2005-02-05;104.1;2;104.1
2005-02-06;157.6;2;157.6
2005-02-07;143.0;2;143.0
2005-02-08;90.9;2;90.9
2005-02-09;96.1;2;96.1
2005-02-10;75.4;2;75.4
2005-02-11;66.5;2;66.5
2005-02-12;73.1;2;73.1
2005-02-13;84.9;2;84.9
2005-02-14;70.9;2;70.9
2005-02-15;64.1;2;64.1
2005-02-16;60.7;2;60.7
2005-02-17;57.8;2;57.8
2005-02-18;55.9;2;55.9
2005-02-19;53.6;2;53.6
2005-02-20;53.2;2;53.2
2005-02-21;51.9;2;51.9
2005-02-22;51.4;2;51.4
2005-02-23;52.3;2;52.3
2005-02-24;53.7;2;53.7
2005-02-25;51.5;2;51.5
2005-02-26;55.6;2;55.6
2005-02-27;70.5;2;70.5
2005-02-28;177.3;2;177.3
2005-03-01;115.8;3;115.8
2005-03-02;88.6;3;88.6
2005-03-03;81.9;3;81.9
2005-03-04;72.7;3;72.7
2005-03-05;78.7;3;78.7
2005-03-06;76.6;3;76.6
2005-03-07;64.2;3;64.2
2005-03-08;60.4;3;60.4
2005-03-09;62.2;3;62.2
2005-03-10;59.8;3;59.8
2005-03-11;63.4;3;63.4
2005-03-12;57.2;3;57.2
2005-03-13;69.9;3;69.9
2005-03-14;83.0;3;83.0
2005-03-15;66.4;3;66.4
2005-03-16;65.6;3;65.6
2005-03-17;79.6;3;79.6
2005-03-18;106.0;3;106.0
2005-03-19;129.5;3;129.5
2005-03-20;138.5;3;138.5
2005-03-21;80.2;3;80.2
2005-03-22;82.7;3;82.7
2005-03-23;82.2;3;82.2
2005-03-24;107.7;3;107.7
2005-03-25;114.0;3;114.0
2005-03-26;114.0;3;114.0
2005-03-27;102.0;3;102.0
2005-03-28;112.2;3;112.2
2005-03-29;119.0;3;119.0
2005-03-30;92.7;3;92.7
2005-03-31;85.3;3;85.3
2005-04-01;86.3;4;86.3
2005-04-02;102.8;4;102.8
2005-04-03;115.5;4;115.5
2005-04-04;130.5;4;130.5
2005-04-05;161.5;4;161.5
2005-04-06;274.3;4;274.3
2005-04-07;322.1;4;322.1
2005-04-08;227.7;4;227.7
2005-04-09;253.0;4;253.0
2005-04-10;368.3;4;368.3
2005-04-11;302.1;4;302.1
2005-04-12;164.8;4;164.8
2005-04-13;162.6;4;162.6
2005-04-14;160.2;4;160.2
2005-04-15;140.9;4;140.9
2005-04-16;124.7;4;124.7
2005-04-17;150.9;4;150.9
2005-04-18;112.5;4;112.5
2005-04-19;109.1;4;109.1
2005-04-20;209.8;4;209.8
2005-04-21;194.8;4;194.8
2005-04-22;186.2;4;186.2
2005-04-23;169.8;4;169.8
2005-04-24;190.8;4;190.8
2005-04-25;326.1;4;326.1
2005-04-26;310.2;4;310.2
2005-04-27;175.1;4;175.1
2005-04-28;143.3;4;143.3
2005-04-29;318.4;4;318.4
2005-04-30;224.5;4;224.5
2005-05-01;315.6;5;315.6
2005-05-02;201.7;5;201.7
2005-05-03;202.0;5;202.0
2005-05-04;155.2;5;155.2
2005-05-05;176.8;5;176.8
2005-05-06;139.5;5;139.5
2005-05-07;141.5;5;141.5
2005-05-08;146.7;5;146.7
2005-05-09;172.3;5;172.3
2005-05-10;161.0;5;161.0
2005-05-11;204.5;5;204.5
2005-05-12;292.0;5;292.0
2005-05-13;232.9;5;232.9
2005-05-14;167.6;5;167.6
2005-05-15;163.3;5;163.3
2005-05-16;261.9;5;261.9
2005-05-17;203.1;5;203.1
2005-05-18;148.6;5;148.6
2005-05-19;130.0;5;130.0
2005-05-20;118.5;5;118.5
2005-05-21;122.1;5;122.1
2005-05-22;128.9;5;128.9
2005-05-23;110.1;5;110.1
2005-05-24;106.4;5;106.4
2005-05-25;136.2;5;136.2
2005-05-26;139.7;5;139.7
2005-05-27;280.5;5;280.5
2005-05-28;223.4;5;223.4
2005-05-29;160.6;5;160.6
2005-05-30;239.3;5;239.3
2005-05-31;528.8;5;528.8
2005-06-01;278.3;6;278.3
2005-06-02;243.1;6;243.1
2005-06-03;342.7;6;342.7
2005-06-04;436.4;6;436.4
2005-06-05;342.2;6;342.2
2005-06-06;231.0;6;231.0
2005-06-07;182.3;6;182.3
2005-06-08;207.1;6;207.1
2005-06-09;207.7;6;207.7
2005-06-10;547.9;6;547.9
2005-06-11;250.2;6;250.2
2005-06-12;193.3;6;193.3
2005-06-13;193.1;6;193.1
2005-06-14;244.4;6;244.4
2005-06-15;202.9;6;202.9
2005-06-16;179.2;6;179.2
2005-06-17;167.3;6;167.3
2005-06-18;166.8;6;166.8
2005-06-19;216.0;6;216.0
2005-06-20;184.3;6;184.3
2005-06-21;170.9;6;170.9
2005-06-22;224.7;6;224.7
2005-06-23;334.4;6;334.4
2005-06-24;333.3;6;333.3
2005-06-25;221.1;6;221.1
2005-06-26;172.0;6;172.0
2005-06-27;173.1;6;173.1
2005-06-28;628.0;6;628.0
2005-06-29;439.5;6;439.5
2005-06-30;242.5;6;242.5
2005-07-01;354.9;7;354.9
2005-07-02;242.8;7;242.8
2005-07-03;182.2;7;182.2
2005-07-04;175.5;7;175.5
2005-07-05;246.7;7;246.7
2005-07-06;300.7;7;300.7
2005-07-07;487.7;7;487.7
2005-07-08;456.7;7;456.7
2005-07-09;250.7;7;250.7
2005-07-10;200.9;7;200.9
2005-07-11;179.5;7;179.5
2005-07-12;166.0;7;166.0
2005-07-13;154.9;7;154.9
2005-07-14;155.0;7;155.0
2005-07-15;148.7;7;148.7
2005-07-16;170.5;7;170.5
2005-07-17;196.9;7;196.9
2005-07-18;212.1;7;212.1
2005-07-19;283.4;7;283.4
2005-07-20;279.5;7;279.5
2005-07-21;173.6;7;173.6
2005-07-22;197.9;7;197.9
2005-07-23;167.8;7;167.8
2005-07-24;184.9;7;184.9
2005-07-25;179.2;7;179.2
2005-07-26;286.3;7;286.3
2005-07-27;403.2;7;403.2
2005-07-28;263.4;7;263.4
2005-07-29;229.6;7;229.6
2005-07-30;295.4;7;295.4
2005-07-31;233.8;7;233.8
2005-08-01;174.0;8;174.0
2005-08-02;234.3;8;234.3
2005-08-03;520.3;8;520.3
2005-08-04;432.8;8;432.8
2005-08-05;367.6;8;367.6
2005-08-06;251.0;8;251.0
2005-08-07;174.0;8;174.0
2005-08-08;220.5;8;220.5
2005-08-09;435.5;8;435.5
2005-08-10;243.6;8;243.6
2005-08-11;201.6;8;201.6
2005-08-12;223.1;8;223.1
2005-08-13;187.1;8;187.1
2005-08-14;176.0;8;176.0
2005-08-15;168.6;8;168.6
2005-08-16;179.5;8;179.5
2005-08-17;188.5;8;188.5
2005-08-18;172.0;8;172.0
2005-08-19;179.5;8;179.5
2005-08-20;170.0;8;170.0
2005-08-21;160.4;8;160.4
2005-08-22;147.8;8;147.8
2005-08-23;142.2;8;142.2
2005-08-24;201.0;8;201.0
2005-08-25;161.8;8;161.8
2005-08-26;160.9;8;160.9
2005-08-27;220.5;8;220.5
2005-08-28;240.5;8;240.5
2005-08-29;156.6;8;156.6
2005-08-30;142.8;8;142.8
2005-08-31;140.0;8;140.0
2005-09-01;145.6;9;145.6
2005-09-02;159.3;9;159.3
2005-09-03;229.3;9;229.3
2005-09-04;170.6;9;170.6
2005-09-05;154.4;9;154.4
2005-09-06;148.3;9;148.3
2005-09-07;144.4;9;144.4
2005-09-08;142.8;9;142.8
2005-09-09;232.8;9;232.8
2005-09-10;191.2;9;191.2
2005-09-11;163.2;9;163.2
2005-09-12;156.0;9;156.0
2005-09-13;161.0;9;161.0
2005-09-14;163.2;9;163.2
2005-09-15;164.0;9;164.0
2005-09-16;157.6;9;157.6
2005-09-17;143.3;9;143.3
2005-09-18;136.4;9;136.4
2005-09-19;131.7;9;131.7
2005-09-20;184.8;9;184.8
2005-09-21;126.0;9;126.0
2005-09-22;124.0;9;124.0
2005-09-23;136.4;9;136.4
2005-09-24;170.1;9;170.1
2005-09-25;154.3;9;154.3
2005-09-26;139.1;9;139.1
2005-09-27;341.8;9;341.8
2005-09-28;751.2;9;751.2
2005-09-29;393.2;9;393.2
2005-09-30;162.1;9;162.1
2005-10-01;166.7;10;166.7
2005-10-02;156.0;10;156.0
2005-10-03;150.0;10;150.0
2005-10-04;147.8;10;147.8
2005-10-05;145.0;10;145.0
2005-10-06;137.6;10;137.6
2005-10-07;148.7;10;148.7
2005-10-08;192.6;10;192.6
2005-10-09;174.0;10;174.0
2005-10-10;164.1;10;164.1
2005-10-11;148.9;10;148.9
2005-10-12;130.5;10;130.5
2005-10-13;119.5;10;119.5
2005-10-14;116.5;10;116.5
2005-10-15;154.4;10;154.4
2005-10-16;160.9;10;160.9
2005-10-17;178.1;10;178.1
2005-10-18;163.3;10;163.3
2005-10-19;187.0;10;187.0
2005-10-20;175.3;10;175.3
2005-10-21;148.7;10;148.7
2005-10-22;115.5;10;115.5
2005-10-23;120.7;10;120.7
2005-10-24;151.2;10;151.2
2005-10-25;134.3;10;134.3
2005-10-26;120.2;10;120.2
2005-10-27;114.7;10;114.7
2005-10-28;109.7;10;109.7
2005-10-29;121.3;10;121.3
2005-10-30;120.9;10;120.9
2005-10-31;191.4;10;191.4
2005-11-01;143.0;11;143.0
2005-11-02;312.4;11;312.4
2005-11-03;252.5;11;252.5
2005-11-04;231.9;11;231.9
2005-11-05;194.0;11;194.0
2005-11-06;147.6;11;147.6
2005-11-07;139.7;11;139.7
2005-11-08;124.3;11;124.3
2005-11-09;365.5;11;365.5
2005-11-10;186.2;11;186.2
2005-11-11;154.7;11;154.7
2005-11-12;156.6;11;156.6
2005-11-13;148.6;11;148.6
2005-11-14;147.0;11;147.0
2005-11-15;168.9;11;168.9
2005-11-16;122.5;11;122.5
2005-11-17;129.9;11;129.9
2005-11-18;112.0;11;112.0
2005-11-19;109.2;11;109.2
2005-11-20;114.9;11;114.9
2005-11-21;111.3;11;111.3
2005-11-22;132.8;11;132.8
2005-11-23;107.5;11;107.5
2005-11-24;99.6;11;99.6
2005-11-25;95.2;11;95.2
2005-11-26;92.0;11;92.0
2005-11-27;96.0;11;96.0
2005-11-28;106.5;11;106.5
2005-11-29;98.1;11;98.1
2005-11-30;91.0;11;91.0
2005-12-01;92.7;12;92.7
2005-12-02;98.2;12;98.2
2005-12-03;123.5;12;123.5
2005-12-04;107.9;12;107.9
2005-12-05;116.2;12;116.2
2005-12-06;168.4;12;168.4
2005-12-07;124.6;12;124.6
2005-12-08;118.0;12;118.0
2005-12-09;145.8;12;145.8
2005-12-10;132.7;12;132.7
2005-12-11;116.0;12;116.0
2005-12-12;116.9;12;116.9
2005-12-13;111.5;12;111.5
2005-12-14;148.4;12;148.4
2005-12-15;153.6;12;153.6
2005-12-16;126.9;12;126.9
2005-12-17;125.7;12;125.7
2005-12-18;131.4;12;131.4
2005-12-19;118.5;12;118.5
2005-12-20;133.5;12;133.5
2005-12-21;120.3;12;120.3
2005-12-22;112.5;12;112.5
2005-12-23;119.4;12;119.4
2005-12-24;159.9;12;159.9
2005-12-25;114.6;12;114.6
2005-12-26;103.2;12;103.2
2005-12-27;100.4;12;100.4
2005-12-28;98.0;12;98.0
2005-12-29;96.0;12;96.0
2005-12-30;95.2;12;95.2
2005-12-31;96.7;12;96.7
2006-01-01;97.07;1;97.07
2006-01-02;97.95;1;97.95
2006-01-03;99.35;1;99.35
2006-01-04;112.9;1;112.9
2006-01-05;117.4;1;117.4
2006-01-06;111.4;1;111.4
2006-01-07;103.8;1;103.8
2006-01-08;101.6;1;101.6
2006-01-09;95.2;1;95.2
2006-01-10;91.05;1;91.05
2006-01-11;89.3;1;89.3
2006-01-12;80.6;1;80.6
2006-01-13;76.6;1;76.6
2006-01-14;100.7;1;100.7
2006-01-15;124.5;1;124.5
2006-01-16;110.1;1;110.1
2006-01-17;162.7;1;162.7
2006-01-18;94.7;1;94.7
2006-01-19;84.0;1;84.0
2006-01-20;77.4;1;77.4
2006-01-21;75.0;1;75.0
2006-01-22;73.13;1;73.13
2006-01-23;70.5;1;70.5
2006-01-24;71.25;1;71.25
2006-01-25;86.6;1;86.6
2006-01-26;136.8;1;136.8
2006-01-27;168.1;1;168.1
2006-01-28;154.4;1;154.4
2006-01-29;188.5;1;188.5
2006-01-30;166.1;1;166.1
2006-01-31;154.9;1;154.9
2006-02-01;151.6;2;151.6
2006-02-02;146.1;2;146.1
2006-02-03;139.4;2;139.4
2006-02-04;161.5;2;161.5
2006-02-05;153.3;2;153.3
2006-02-06;146.7;2;146.7
2006-02-07;142.2;2;142.2
2006-02-08;133.4;2;133.4
2006-02-09;127.1;2;127.1
2006-02-10;112.5;2;112.5
2006-02-11;104.0;2;104.0
2006-02-12;95.6;2;95.6
2006-02-13;87.5;2;87.5
2006-02-14;81.8;2;81.8
2006-02-15;74.25;2;74.25
2006-02-16;70.5;2;70.5
2006-02-17;67.13;2;67.13
2006-02-18;69.38;2;69.38
2006-02-19;71.63;2;71.63
2006-02-20;123.7;2;123.7
2006-02-21;74.65;2;74.65
2006-02-22;70.88;2;70.88
2006-02-23;67.13;2;67.13
2006-02-24;66.0;2;66.0
2006-02-25;64.5;2;64.5
2006-02-26;65.63;2;65.63
2006-02-27;67.13;2;67.13
2006-02-28;69.38;2;69.38
2006-03-01;71.25;3;71.25
2006-03-02;73.5;3;73.5
2006-03-03;83.25;3;83.25
2006-03-04;88.85;3;88.85
2006-03-05;78.2;3;78.2
2006-03-06;75.8;3;75.8
2006-03-07;79.0;3;79.0
2006-03-08;86.6;3;86.6
2006-03-09;91.55;3;91.55
2006-03-10;94.0;3;94.0
2006-03-11;93.1;3;93.1
2006-03-12;78.2;3;78.2
2006-03-13;73.5;3;73.5
2006-03-14;73.5;3;73.5
2006-03-15;76.2;3;76.2
2006-03-16;133.1;3;133.1
2006-03-17;125.0;3;125.0
2006-03-18;95.6;3;95.6
2006-03-19;94.0;3;94.0
2006-03-20;91.9;3;91.9
2006-03-21;89.3;3;89.3
2006-03-22;94.0;3;94.0
2006-03-23;98.4;3;98.4
2006-03-24;105.6;3;105.6
2006-03-25;104.4;3;104.4
2006-03-26;100.4;3;100.4
2006-03-27;96.8;3;96.8
2006-03-28;96.0;3;96.0
2006-03-29;99.2;3;99.2
2006-03-30;100.8;3;100.8
2006-03-31;106.4;3;106.4
2006-04-01;-999.000;4;252.6
2006-04-02;-999.000;4;87.8
2006-04-03;-999.000;4;142.4
2006-04-04;-999.000;4;147.9
2006-04-05;-999.000;4;93.6
2006-04-06;-999.000;4;93.2
2006-04-07;-999.000;4;119.5
2006-04-08;-999.000;4;258.0
2006-04-09;-999.000;4;94.0
2006-04-10;-999.000;4;156.5
2006-04-11;-999.000;4;281.9
2006-04-12;-999.000;4;99.9
2006-04-13;-999.000;4;135.1
2006-04-14;-999.000;4;477.0
2006-04-15;-999.000;4;76.2
2006-04-16;-999.000;4;108.0
2006-04-17;-999.000;4;179.0
2006-04-18;-999.000;4;180.4
2006-04-19;-999.000;4;74.6
2006-04-20;-999.000;4;107.8
2006-04-21;-999.000;4;146.2
2006-04-22;-999.000;4;103.4
2006-04-23;-999.000;4;114.9
2006-04-24;-999.000;4;115.1
2006-04-25;-999.000;4;190.0
2006-04-26;-999.000;4;249.3
2006-04-27;-999.000;4;107.2
2006-04-28;-999.000;4;217.3
2006-04-29;-999.000;4;274.2
2006-04-30;-999.000;4;187.9
2006-05-01;98.4;5;98.4
2006-05-02;92.0;5;92.0
2006-05-03;88.4;5;88.4
2006-05-04;93.2;5;93.2
2006-05-05;100.4;5;100.4
2006-05-06;118.5;5;118.5
2006-05-07;146.7;5;146.7
2006-05-08;520.8;5;520.8
2006-05-09;671.9;5;671.9
2006-05-10;574.6;5;574.6
2006-05-11;571.4;5;571.4
2006-05-12;332.4;5;332.4
2006-05-13;254.1;5;254.1
2006-05-14;217.3;5;217.3
2006-05-15;193.6;5;193.6
2006-05-16;191.3;5;191.3
2006-05-17;166.0;5;166.0
2006-05-18;154.9;5;154.9
2006-05-19;146.1;5;146.1
2006-05-20;136.4;5;136.4
2006-05-21;130.4;5;130.4
2006-05-22;126.0;5;126.0
2006-05-23;121.0;5;121.0
2006-05-24;273.3;5;273.3
2006-05-25;331.2;5;331.2
2006-05-26;493.4;5;493.4
2006-05-27;321.5;5;321.5
2006-05-28;223.4;5;223.4
2006-05-29;339.7;5;339.7
2006-05-30;467.5;5;467.5
2006-05-31;255.1;5;255.1
2006-06-01;309.8;6;309.8
2006-06-02;491.2;6;491.2
2006-06-03;348.5;6;348.5
2006-06-04;302.2;6;302.2
2006-06-05;284.6;6;284.6
2006-06-06;312.2;6;312.2
2006-06-07;260.8;6;260.8
2006-06-08;240.1;6;240.1
2006-06-09;207.0;6;207.0
2006-06-10;183.6;6;183.6
2006-06-11;171.9;6;171.9
2006-06-12;169.4;6;169.4
2006-06-13;194.7;6;194.7
2006-06-14;179.5;6;179.5
2006-06-15;164.2;6;164.2
2006-06-16;163.4;6;163.4
2006-06-17;167.5;6;167.5
2006-06-18;265.0;6;265.0
2006-06-19;305.7;6;305.7
2006-06-20;184.3;6;184.3
2006-06-21;168.0;6;168.0
2006-06-22;325.2;6;325.2
2006-06-23;373.6;6;373.6
2006-06-24;356.5;6;356.5
2006-06-25;214.0;6;214.0
2006-06-26;180.2;6;180.2
2006-06-27;172.6;6;172.6
2006-06-28;268.5;6;268.5
2006-06-29;310.9;6;310.9
2006-06-30;227.1;6;227.1
2006-07-01;265.5;7;265.5
2006-07-02;207.1;7;207.1
2006-07-03;330.1;7;330.1
2006-07-04;772.2;7;772.2
2006-07-05;536.4;7;536.4
2006-07-06;417.1;7;417.1
2006-07-07;289.2;7;289.2
2006-07-08;231.5;7;231.5
2006-07-09;212.6;7;212.6
2006-07-10;206.0;7;206.0
2006-07-11;188.2;7;188.2
2006-07-12;176.7;7;176.7
2006-07-13;189.6;7;189.6
2006-07-14;240.3;7;240.3
2006-07-15;273.7;7;273.7
2006-07-16;447.1;7;447.1
2006-07-17;241.6;7;241.6
2006-07-18;265.1;7;265.1
2006-07-19;254.3;7;254.3
2006-07-20;201.9;7;201.9
2006-07-21;183.6;7;183.6
2006-07-22;173.3;7;173.3
2006-07-23;201.5;7;201.5
2006-07-24;214.9;7;214.9
2006-07-25;248.9;7;248.9
2006-07-26;317.4;7;317.4
2006-07-27;281.4;7;281.4
2006-07-28;207.6;7;207.6
2006-07-29;169.3;7;169.3
2006-07-30;162.0;7;162.0
2006-07-31;171.3;7;171.3
2006-08-01;180.1;8;180.1
2006-08-02;168.6;8;168.6
2006-08-03;168.0;8;168.0
2006-08-04;166.7;8;166.7
2006-08-05;178.1;8;178.1
2006-08-06;180.8;8;180.8
2006-08-07;157.6;8;157.6
2006-08-08;151.6;8;151.6
2006-08-09;154.4;8;154.4
2006-08-10;176.8;8;176.8
2006-08-11;177.4;8;177.4
2006-08-12;166.7;8;166.7
2006-08-13;157.1;8;157.1
2006-08-14;151.6;8;151.6
2006-08-15;148.9;8;148.9
2006-08-16;146.1;8;146.1
2006-08-17;161.2;8;161.2
2006-08-18;318.0;8;318.0
2006-08-19;323.9;8;323.9
2006-08-20;230.8;8;230.8
2006-08-21;419.8;8;419.8
2006-08-22;235.7;8;235.7
2006-08-23;190.2;8;190.2
2006-08-24;161.5;8;161.5
2006-08-25;160.5;8;160.5
2006-08-26;131.2;8;131.2
2006-08-27;125.9;8;125.9
2006-08-28;127.2;8;127.2
2006-08-29;113.7;8;113.7
2006-08-30;152.7;8;152.7
2006-08-31;126.4;8;126.4
2006-09-01;119.4;9;119.4
2006-09-02;106.9;9;106.9
2006-09-03;103.7;9;103.7
2006-09-04;102.1;9;102.1
2006-09-05;122.0;9;122.0
2006-09-06;154.0;9;154.0
2006-09-07;120.3;9;120.3
2006-09-08;108.9;9;108.9
2006-09-09;98.47;9;98.47
2006-09-10;96.45;9;96.45
2006-09-11;100.7;9;100.7
2006-09-12;138.4;9;138.4
2006-09-13;131.1;9;131.1
2006-09-14;131.6;9;131.6
2006-09-15;101.4;9;101.4
2006-09-16;112.4;9;112.4
2006-09-17;108.1;9;108.1
2006-09-18;320.4;9;320.4
2006-09-19;275.4;9;275.4
2006-09-20;138.3;9;138.3
2006-09-21;122.9;9;122.9
2006-09-22;116.3;9;116.3
2006-09-23;119.5;9;119.5
2006-09-24;127.5;9;127.5
2006-09-25;151.2;9;151.2
2006-09-26;162.8;9;162.8
2006-09-27;166.8;9;166.8
2006-09-28;122.5;9;122.5
2006-09-29;128.2;9;128.2
2006-09-30;112.0;9;112.0
2006-10-01;118.6;10;118.6
2006-10-02;117.1;10;117.1
2006-10-03;115.0;10;115.0
2006-10-04;104.0;10;104.0
2006-10-05;99.6;10;99.6
2006-10-06;95.67;10;95.67
2006-10-07;101.1;10;101.1
2006-10-08;245.2;10;245.2
2006-10-09;123.5;10;123.5
2006-10-10;116.5;10;116.5
2006-10-11;117.1;10;117.1
2006-10-12;114.4;10;114.4
2006-10-13;123.6;10;123.6
2006-10-14;117.7;10;117.7
2006-10-15;105.8;10;105.8
2006-10-16;100.7;10;100.7
2006-10-17;94.15;10;94.15
2006-10-18;121.1;10;121.1
2006-10-19;95.15;10;95.15
2006-10-20;93.83;10;93.83
2006-10-21;116.4;10;116.4
2006-10-22;113.1;10;113.1
2006-10-23;112.9;10;112.9
2006-10-24;95.23;10;95.23
2006-10-25;87.16;10;87.16
2006-10-26;82.84;10;82.84
2006-10-27;90.16;10;90.16
2006-10-28;83.47;10;83.47
2006-10-29;83.54;10;83.54
2006-10-30;90.53;10;90.53
2006-10-31;82.72;10;82.72
2006-11-01;83.33;11;83.33
2006-11-02;85.34;11;85.34
2006-11-03;97.84;11;97.84
2006-11-04;90.85;11;90.85
2006-11-05;81.52;11;81.52
2006-11-06;80.92;11;80.92
2006-11-07;81.19;11;81.19
2006-11-08;124.7;11;124.7
2006-11-09;133.2;11;133.2
2006-11-10;102.2;11;102.2
2006-11-11;166.6;11;166.6
2006-11-12;216.1;11;216.1
2006-11-13;279.9;11;279.9
2006-11-14;141.7;11;141.7
2006-11-15;160.1;11;160.1
2006-11-16;131.8;11;131.8
2006-11-17;122.7;11;122.7
2006-11-18;144.6;11;144.6
2006-11-19;105.2;11;105.2
2006-11-20;146.9;11;146.9
2006-11-21;226.2;11;226.2
2006-11-22;121.3;11;121.3
2006-11-23;107.2;11;107.2
2006-11-24;98.4;11;98.4
2006-11-25;100.1;11;100.1
2006-11-26;103.1;11;103.1
2006-11-27;120.5;11;120.5
2006-11-28;111.8;11;111.8
2006-11-29;103.0;11;103.0
2006-11-30;100.7;11;100.7
2006-12-01;111.5;12;111.5
2006-12-02;98.27;12;98.27
2006-12-03;84.53;12;84.53
2006-12-04;96.58;12;96.58
2006-12-05;87.61;12;87.61
2006-12-06;99.07;12;99.07
2006-12-07;90.0;12;90.0
2006-12-08;115.9;12;115.9
2006-12-09;121.7;12;121.7
2006-12-10;114.6;12;114.6
2006-12-11;111.9;12;111.9
2006-12-12;112.8;12;112.8
2006-12-13;107.4;12;107.4
2006-12-14;117.4;12;117.4
2006-12-15;139.7;12;139.7
2006-12-16;108.7;12;108.7
2006-12-17;102.0;12;102.0
2006-12-18;99.23;12;99.23
2006-12-19;96.53;12;96.53
2006-12-20;-999.000;12;76.26
2006-12-21;96.8;12;96.8
2006-12-22;96.0;12;96.0
2006-12-23;95.2;12;95.2
2006-12-24;94.0;12;94.0
2006-12-25;94.05;12;94.05
2006-12-26;98.23;12;98.23
2006-12-27;97.15;12;97.15
2006-12-28;94.39;12;94.39
2006-12-29;91.55;12;91.55
2006-12-30;90.65;12;90.65
2006-12-31;89.3;12;89.3
2007-01-01;87.5;1;87.5
2007-01-02;85.7;1;85.7
2007-01-03;84.8;1;84.8
2007-01-04;85.27;1;85.27
2007-01-05;90.24;1;90.24
2007-01-06;90.1;1;90.1
2007-01-07;100.7;1;100.7
2007-01-08;-999.000;1;69.4
2007-01-09;-999.000;1;72.75
2007-01-10;-999.000;1;94.9
2007-01-11;-999.000;1;94.3
2007-01-12;-999.000;1;61.6
2007-01-13;-999.000;1;68.2
2007-01-14;-999.000;1;73.0
2007-01-15;-999.000;1;59.8
2007-01-16;-999.000;1;121.4
2007-01-17;-999.000;1;103.0
2007-01-18;-999.000;1;73.0
2007-01-19;-999.000;1;63.5
2007-01-20;-999.000;1;73.8
2007-01-21;-999.000;1;53.2
2007-01-22;-999.000;1;81.8
2007-01-23;-999.000;1;63.0
2007-01-24;-999.000;1;73.1
2007-01-25;-999.000;1;72.7
2007-01-26;-999.000;1;93.95
2007-01-27;-999.000;1;78.1
2007-01-28;-999.000;1;166.1
2007-01-29;-999.000;1;60.3
2007-01-30;-999.000;1;60.3
2007-01-31;-999.000;1;95.0
2007-02-01;-999.000;2;93.4
2007-02-02;-999.000;2;83.8
2007-02-03;-999.000;2;150.0
2007-02-04;-999.000;2;138.5
2007-02-05;-999.000;2;97.9
2007-02-06;-999.000;2;82.3
2007-02-07;-999.000;2;86.25
2007-02-08;-999.000;2;71.3
2007-02-09;-999.000;2;75.7
2007-02-10;-999.000;2;50.86
2007-02-11;-999.000;2;142.5
2007-02-12;-999.000;2;74.8
2007-02-13;-999.000;2;67.8
2007-02-14;-999.000;2;45.5
2007-02-15;-999.000;2;129.9
2007-02-16;-999.000;2;79.7
2007-02-17;-999.000;2;57.2
2007-02-18;-999.000;2;138.9
2007-02-19;-999.000;2;109.8
2007-02-20;-999.000;2;56.7
2007-02-21;-999.000;2;72.3
2007-02-22;-999.000;2;51.5
2007-02-23;-999.000;2;72.5
2007-02-24;-999.000;2;62.0
2007-02-25;-999.000;2;112.2
2007-02-26;-999.000;2;62.6
2007-02-27;-999.000;2;80.3
2007-02-28;-999.000;2;55.5
2007-03-01;146.6;3;146.6
2007-03-02;148.3;3;148.3
2007-03-03;115.5;3;115.5
2007-03-04;113.0;3;113.0
2007-03-05;118.0;3;118.0
2007-03-06;107.6;3;107.6
2007-03-07;-999.000;3;116.0
2007-03-08;-999.000;3;46.7
2007-03-09;-999.000;3;77.4
2007-03-10;-999.000;3;53.5
2007-03-11;-999.000;3;73.5
2007-03-12;-999.000;3;91.4
2007-03-13;-999.000;3;97.2
2007-03-14;-999.000;3;100.8
2007-03-15;-999.000;3;83.31
2007-03-16;-999.000;3;79.0
2007-03-17;-999.000;3;60.1
2007-03-18;-999.000;3;38.68
2007-03-19;-999.000;3;113.5
2007-03-20;-999.000;3;56.8
2007-03-21;-999.000;3;76.5
2007-03-22;-999.000;3;51.4
2007-03-23;-999.000;3;63.2
2007-03-24;-999.000;3;96.2
2007-03-25;-999.000;3;114.0
2007-03-26;-999.000;3;77.48
2007-03-27;-999.000;3;153.4
2007-03-28;-999.000;3;112.2
2007-03-29;-999.000;3;73.2
2007-03-30;-999.000;3;60.2
2007-03-31;-999.000;3;81.2
2007-04-01;139.8;4;139.8
2007-04-02;237.5;4;237.5
2007-04-03;154.0;4;154.0
2007-04-04;119.0;4;119.0
2007-04-05;140.0;4;140.0
2007-04-06;235.9;4;235.9
2007-04-07;299.8;4;299.8
2007-04-08;168.6;4;168.6
2007-04-09;241.7;4;241.7
2007-04-10;120.1;4;120.1
2007-04-11;116.4;4;116.4
2007-04-12;109.0;4;109.0
2007-04-13;118.6;4;118.6
2007-04-14;96.5;4;96.5
2007-04-15;120.5;4;120.5
2007-04-16;123.0;4;123.0
2007-04-17;148.3;4;148.3
2007-04-18;168.6;4;168.6
2007-04-19;151.6;4;151.6
2007-04-20;115.5;4;115.5
2007-04-21;153.8;4;153.8
2007-04-22;172.0;4;172.0
2007-04-23;197.3;4;197.3
2007-04-24;203.5;4;203.5
2007-04-25;275.5;4;275.5
2007-04-26;207.8;4;207.8
2007-04-27;178.1;4;178.1
2007-04-28;151.0;4;151.0
2007-04-29;153.8;4;153.8
2007-04-30;125.5;4;125.5
2007-05-01;151.1;5;151.1
2007-05-02;184.6;5;184.6
2007-05-03;145.0;5;145.0
2007-05-04;131.8;5;131.8
2007-05-05;96.5;5;96.5
2007-05-06;89.38;5;89.38
2007-05-07;79.4;5;79.4
2007-05-08;247.6;5;247.6
2007-05-09;267.4;5;267.4
2007-05-10;299.8;5;299.8
2007-05-11;334.4;5;334.4
2007-05-12;291.8;5;291.8
2007-05-13;228.9;5;228.9
2007-05-14;187.6;5;187.6
2007-05-15;148.0;5;148.0
2007-05-16;110.4;5;110.4
2007-05-17;145.6;5;145.6
2007-05-18;156.6;5;156.6
2007-05-19;164.0;5;164.0
2007-05-20;241.7;5;241.7
2007-05-21;279.5;5;279.5
2007-05-22;239.8;5;239.8
2007-05-23;248.2;5;248.2
2007-05-24;331.0;5;331.0
2007-05-25;368.0;5;368.0
2007-05-26;363.1;5;363.1
2007-05-27;300.1;5;300.1
2007-05-28;267.6;5;267.6
2007-05-29;251.6;5;251.6
2007-05-30;225.8;5;225.8
2007-05-31;194.6;5;194.6
2007-06-01;415.6;6;415.6
2007-06-02;495.8;6;495.8
2007-06-03;453.4;6;453.4
2007-06-04;437.3;6;437.3
2007-06-05;416.9;6;416.9
2007-06-06;451.3;6;451.3
2007-06-07;421.3;6;421.3
2007-06-08;404.9;6;404.9
2007-06-09;368.0;6;368.0
2007-06-10;346.0;6;346.0
2007-06-11;187.6;6;187.6
2007-06-12;295.8;6;295.8
2007-06-13;283.5;6;283.5
2007-06-14;247.6;6;247.6
2007-06-15;237.7;6;237.7
2007-06-16;304.0;6;304.0
2007-06-17;316.4;6;316.4
2007-06-18;399.0;6;399.0
2007-06-19;386.0;6;386.0
2007-06-20;235.9;6;235.9
2007-06-21;298.8;6;298.8
2007-06-22;281.8;6;281.8
2007-06-23;339.3;6;339.3
2007-06-24;283.8;6;283.8
2007-06-25;506.5;6;506.5
2007-06-26;410.4;6;410.4
2007-06-27;286.7;6;286.7
2007-06-28;248.4;6;248.4
2007-06-29;273.8;6;273.8
2007-06-30;259.4;6;259.4
2007-07-01;-999.000;7;186.8
2007-07-02;-999.000;7;200.0
2007-07-03;-999.000;7;235.4
2007-07-04;-999.000;7;305.8
2007-07-05;-999.000;7;234.3
2007-07-06;-999.000;7;146.0
2007-07-07;-999.000;7;172.7
2007-07-08;-999.000;7;204.3
2007-07-09;-999.000;7;209.0
2007-07-10;-999.000;7;346.1
2007-07-11;-999.000;7;84.13
2007-07-12;-999.000;7;250.8
2007-07-13;-999.000;7;473.3
2007-07-14;-999.000;7;271.2
2007-07-15;-999.000;7;346.1
2007-07-16;283.5;7;283.5
2007-07-17;280.3;7;280.3
2007-07-18;319.7;7;319.7
2007-07-19;328.6;7;328.6
2007-07-20;294.8;7;294.8
2007-07-21;346.0;7;346.0
2007-07-22;340.2;7;340.2
2007-07-23;353.8;7;353.8
2007-07-24;359.6;7;359.6
2007-07-25;336.3;7;336.3
2007-07-26;363.5;7;363.5
2007-07-27;447.2;7;447.2
2007-07-28;338.7;7;338.7
2007-07-29;170.4;7;170.4
2007-07-30;154.8;7;154.8
2007-07-31;135.2;7;135.2
2007-08-01;124.0;8;124.0
2007-08-02;119.0;8;119.0
2007-08-03;129.4;8;129.4
2007-08-04;224.7;8;224.7
2007-08-05;201.5;8;201.5
2007-08-06;169.8;8;169.8
2007-08-07;133.5;8;133.5
2007-08-08;133.4;8;133.4
2007-08-09;126.3;8;126.3
2007-08-10;120.9;8;120.9
2007-08-11;112.0;8;112.0
2007-08-12;108.9;8;108.9
2007-08-13;119.4;8;119.4
2007-08-14;110.1;8;110.1
2007-08-15;111.9;8;111.9
2007-08-16;149.0;8;149.0
2007-08-17;160.2;8;160.2
2007-08-18;171.5;8;171.5
2007-08-19;130.9;8;130.9
2007-08-20;303.7;8;303.7
2007-08-21;459.6;8;459.6
2007-08-22;231.4;8;231.4
2007-08-23;180.0;8;180.0
2007-08-24;176.8;8;176.8
2007-08-25;205.9;8;205.9
2007-08-26;152.9;8;152.9
2007-08-27;153.9;8;153.9
2007-08-28;137.1;8;137.1
2007-08-29;128.5;8;128.5
2007-08-30;179.8;8;179.8
2007-08-31;136.5;8;136.5
2007-09-01;152.7;9;152.7
2007-09-02;136.3;9;136.3
2007-09-03;120.0;9;120.0
2007-09-04;114.7;9;114.7
2007-09-05;140.8;9;140.8
2007-09-06;149.3;9;149.3
2007-09-07;155.9;9;155.9
2007-09-08;163.9;9;163.9
2007-09-09;135.7;9;135.7
2007-09-10;132.4;9;132.4
2007-09-11;132.4;9;132.4
2007-09-12;122.0;9;122.0
2007-09-13;242.5;9;242.5
2007-09-14;223.2;9;223.2
2007-09-15;159.8;9;159.8
2007-09-16;194.2;9;194.2
2007-09-17;172.0;9;172.0
2007-09-18;132.3;9;132.3
2007-09-19;119.0;9;119.0
2007-09-20;121.3;9;121.3
2007-09-21;135.4;9;135.4
2007-09-22;130.1;9;130.1
2007-09-23;119.9;9;119.9
2007-09-24;110.1;9;110.1
2007-09-25;115.1;9;115.1
2007-09-26;152.8;9;152.8
2007-09-27;118.0;9;118.0
2007-09-28;109.3;9;109.3
2007-09-29;117.1;9;117.1
2007-09-30;119.2;9;119.2
2007-10-01;109.3;10;109.3
2007-10-02;101.9;10;101.9
2007-10-03;95.05;10;95.05
2007-10-04;110.9;10;110.9
2007-10-05;98.94;10;98.94
2007-10-06;101.5;10;101.5
2007-10-07;98.39;10;98.39
2007-10-08;105.3;10;105.3
2007-10-09;221.2;10;221.2
2007-10-10;170.9;10;170.9
2007-10-11;116.5;10;116.5
2007-10-12;104.4;10;104.4
2007-10-13;100.6;10;100.6
2007-10-14;104.8;10;104.8
2007-10-15;124.7;10;124.7
2007-10-16;176.1;10;176.1
2007-10-17;182.5;10;182.5
2007-10-18;211.1;10;211.1
2007-10-19;151.9;10;151.9
2007-10-20;179.4;10;179.4
2007-10-21;155.8;10;155.8
2007-10-22;156.0;10;156.0
2007-10-23;137.5;10;137.5
2007-10-24;117.7;10;117.7
2007-10-25;111.4;10;111.4
2007-10-26;109.5;10;109.5
2007-10-27;111.3;10;111.3
2007-10-28;111.8;10;111.8
2007-10-29;181.5;10;181.5
2007-10-30;202.3;10;202.3
2007-10-31;178.4;10;178.4
2007-11-01;103.1;11;103.1
2007-11-02;125.3;11;125.3
2007-11-03;104.3;11;104.3
2007-11-04;111.3;11;111.3
2007-11-05;104.9;11;104.9
2007-11-06;97.26;11;97.26
2007-11-07;96.5;11;96.5
2007-11-08;99.06;11;99.06
2007-11-09;96.59;11;96.59
2007-11-10;99.77;11;99.77
2007-11-11;95.65;11;95.65
2007-11-12;94.16;11;94.16
2007-11-13;122.8;11;122.8
2007-11-14;151.9;11;151.9
2007-11-15;119.2;11;119.2
2007-11-16;106.0;11;106.0
2007-11-17;92.43;11;92.43
2007-11-18;113.2;11;113.2
2007-11-19;96.51;11;96.51
2007-11-20;101.8;11;101.8
2007-11-21;100.1;11;100.1
2007-11-22;86.69;11;86.69
2007-11-23;77.93;11;77.93
2007-11-24;74.58;11;74.58
2007-11-25;74.02;11;74.02
2007-11-26;86.59;11;86.59
2007-11-27;77.47;11;77.47
2007-11-28;81.39;11;81.39
2007-11-29;77.81;11;77.81
2007-11-30;76.69;11;76.69
2007-12-01;70.9;12;70.9
2007-12-02;64.98;12;64.98
2007-12-03;62.85;12;62.85
2007-12-04;64.83;12;64.83
2007-12-05;66.77;12;66.77
2007-12-06;65.52;12;65.52
2007-12-07;66.0;12;66.0
2007-12-08;63.14;12;63.14
2007-12-09;60.38;12;60.38
2007-12-10;73.68;12;73.68
2007-12-11;93.45;12;93.45
2007-12-12;77.56;12;77.56
2007-12-13;90.76;12;90.76
2007-12-14;97.07;12;97.07
2007-12-15;85.99;12;85.99
2007-12-16;98.72;12;98.72
2007-12-17;99.18;12;99.18
2007-12-18;104.1;12;104.1
2007-12-19;95.27;12;95.27
2007-12-20;91.64;12;91.64
2007-12-21;80.0;12;80.0
2007-12-22;107.8;12;107.8
2007-12-23;86.95;12;86.95
2007-12-24;79.25;12;79.25
2007-12-25;73.93;12;73.93
2007-12-26;72.15;12;72.15
2007-12-27;78.83;12;78.83
2007-12-28;73.51;12;73.51
2007-12-29;66.48;12;66.48
2007-12-30;66.52;12;66.52
2007-12-31;69.79;12;69.79
2008-01-01;166.0;1;166.0
2008-01-02;158.5;1;158.5
2008-01-03;120.6;1;120.6
2008-01-04;145.6;1;145.6
2008-01-05;136.2;1;136.2
2008-01-06;142.7;1;142.7
2008-01-07;122.0;1;122.0
2008-01-08;108.7;1;108.7
2008-01-09;99.8;1;99.8
2008-01-10;93.4;1;93.4
2008-01-11;84.73;1;84.73
2008-01-12;78.65;1;78.65
2008-01-13;75.23;1;75.23
2008-01-14;113.1;1;113.1
2008-01-15;131.0;1;131.0
2008-01-16;153.8;1;153.8
2008-01-17;136.3;1;136.3
2008-01-18;126.0;1;126.0
2008-01-19;119.0;1;119.0
2008-01-20;105.3;1;105.3
2008-01-21;99.9;1;99.9
2008-01-22;87.55;1;87.55
2008-01-23;84.25;1;84.25
2008-01-24;79.21;1;79.21
2008-01-25;75.23;1;75.23
2008-01-26;75.23;1;75.23
2008-01-27;84.25;1;84.25
2008-01-28;75.51;1;75.51
2008-01-29;66.75;1;66.75
2008-01-30;59.38;1;59.38
2008-01-31;53.8;1;53.8
2008-02-01;47.88;2;47.88
2008-02-02;44.53;2;44.53
2008-02-03;42.21;2;42.21
2008-02-04;41.46;2;41.46
2008-02-05;42.81;2;42.81
2008-02-06;39.35;2;39.35
2008-02-07;40.15;2;40.15
2008-02-08;37.53;2;37.53
2008-02-09;45.91;2;45.91
2008-02-10;53.48;2;53.48
2008-02-11;51.93;2;51.93
2008-02-12;43.95;2;43.95
2008-02-13;50.86;2;50.86
2008-02-14;53.22;2;53.22
2008-02-15;51.46;2;51.46
2008-02-16;44.12;2;44.12
2008-02-17;82.54;2;82.54
2008-02-18;60.35;2;60.35
2008-02-19;78.91;2;78.91
2008-02-20;59.73;2;59.73
2008-02-21;61.76;2;61.76
2008-02-22;61.4;2;61.4
2008-02-23;56.4;2;56.4
2008-02-24;51.89;2;51.89
2008-02-25;52.9;2;52.9
2008-02-26;57.48;2;57.48
2008-02-27;59.8;2;59.8
2008-02-28;53.04;2;53.04
2008-02-29;50.9;2;50.9
2008-03-01;47.27;3;47.27
2008-03-02;48.84;3;48.84
2008-03-03;41.52;3;41.52
2008-03-04;38.68;3;38.68
2008-03-05;74.96;3;74.96
2008-03-06;88.81;3;88.81
2008-03-07;75.88;3;75.88
2008-03-08;75.76;3;75.76
2008-03-09;60.18;3;60.18
2008-03-10;53.4;3;53.4
2008-03-11;48.8;3;48.8
2008-03-12;63.62;3;63.62
2008-03-13;113.2;3;113.2
2008-03-14;158.3;3;158.3
2008-03-15;99.84;3;99.84
2008-03-16;91.97;3;91.97
2008-03-17;144.4;3;144.4
2008-03-18;163.3;3;163.3
2008-03-19;87.64;3;87.64
2008-03-20;70.02;3;70.02
2008-03-21;64.47;3;64.47
2008-03-22;66.75;3;66.75
2008-03-23;53.28;3;53.28
2008-03-24;54.54;3;54.54
2008-03-25;63.48;3;63.48
2008-03-26;71.06;3;71.06
2008-03-27;53.69;3;53.69
2008-03-28;55.09;3;55.09
2008-03-29;47.54;3;47.54
2008-03-30;61.38;3;61.38
2008-03-31;73.89;3;73.89
2008-04-01;75.82;4;75.82
2008-04-02;89.92;4;89.92
2008-04-03;119.4;4;119.4
2008-04-04;166.6;4;166.6
2008-04-05;104.2;4;104.2
2008-04-06;104.5;4;104.5
2008-04-07;87.55;4;87.55
2008-04-08;100.5;4;100.5
2008-04-09;81.51;4;81.51
2008-04-10;97.69;4;97.69
2008-04-11;124.3;4;124.3
2008-04-12;135.6;4;135.6
2008-04-13;179.0;4;179.0
2008-04-14;176.1;4;176.1
2008-04-15;137.3;4;137.3
2008-04-16;123.7;4;123.7
2008-04-17;108.5;4;108.5
2008-04-18;91.55;4;91.55
2008-04-19;90.1;4;90.1
2008-04-20;114.2;4;114.2
2008-04-21;160.8;4;160.8
2008-04-22;141.9;4;141.9
2008-04-23;105.4;4;105.4
2008-04-24;93.61;4;93.61
2008-04-25;80.31;4;80.31
2008-04-26;127.3;4;127.3
2008-04-27;168.7;4;168.7
2008-04-28;217.5;4;217.5
2008-04-29;224.5;4;224.5
2008-04-30;234.3;4;234.3
2008-05-01;106.0;5;106.0
2008-05-02;99.25;5;99.25
2008-05-03;155.4;5;155.4
2008-05-04;178.4;5;178.4
2008-05-05;331.0;5;331.0
2008-05-06;387.8;5;387.8
2008-05-07;246.1;5;246.1
2008-05-08;269.8;5;269.8
2008-05-09;243.6;5;243.6
2008-05-10;300.6;5;300.6
2008-05-11;285.1;5;285.1
2008-05-12;252.4;5;252.4
2008-05-13;221.7;5;221.7
2008-05-14;211.9;5;211.9
2008-05-15;238.2;5;238.2
2008-05-16;261.1;5;261.1
2008-05-17;247.7;5;247.7
2008-05-18;287.5;5;287.5
2008-05-19;299.0;5;299.0
2008-05-20;213.4;5;213.4
2008-05-21;208.0;5;208.0
2008-05-22;183.0;5;183.0
2008-05-23;282.4;5;282.4
2008-05-24;474.4;5;474.4
2008-05-25;226.3;5;226.3
2008-05-26;324.9;5;324.9
2008-05-27;268.7;5;268.7
2008-05-28;193.3;5;193.3
2008-05-29;212.3;5;212.3
2008-05-30;162.3;5;162.3
2008-05-31;156.5;5;156.5
2008-06-01;246.8;6;246.8
2008-06-02;233.5;6;233.5
2008-06-03;219.6;6;219.6
2008-06-04;202.9;6;202.9
2008-06-05;191.4;6;191.4
2008-06-06;184.6;6;184.6
2008-06-07;186.4;6;186.4
2008-06-08;213.3;6;213.3
2008-06-09;244.5;6;244.5
2008-06-10;268.2;6;268.2
2008-06-11;307.3;6;307.3
2008-06-12;290.1;6;290.1
2008-06-13;257.9;6;257.9
2008-06-14;229.2;6;229.2
2008-06-15;210.5;6;210.5
2008-06-16;196.9;6;196.9
2008-06-17;193.2;6;193.2
2008-06-18;264.5;6;264.5
2008-06-19;382.4;6;382.4
2008-06-20;238.3;6;238.3
2008-06-21;215.4;6;215.4
2008-06-22;196.9;6;196.9
2008-06-23;192.6;6;192.6
2008-06-24;190.1;6;190.1
2008-06-25;209.1;6;209.1
2008-06-26;232.0;6;232.0
2008-06-27;250.0;6;250.0
2008-06-28;271.4;6;271.4
2008-06-29;270.7;6;270.7
2008-06-30;189.8;6;189.8
2008-07-01;181.5;7;181.5
2008-07-02;201.1;7;201.1
2008-07-03;193.8;7;193.8
2008-07-04;218.9;7;218.9
2008-07-05;246.1;7;246.1
2008-07-06;256.3;7;256.3
2008-07-07;280.3;7;280.3
2008-07-08;301.5;7;301.5
2008-07-09;290.0;7;290.0
2008-07-10;243.7;7;243.7
2008-07-11;244.9;7;244.9
2008-07-12;216.8;7;216.8
2008-07-13;220.3;7;220.3
2008-07-14;203.1;7;203.1
2008-07-15;79.03;7;79.03
2008-07-16;98.15;7;98.15
2008-07-17;104.9;7;104.9
2008-07-18;115.5;7;115.5
2008-07-19;123.3;7;123.3
2008-07-20;138.4;7;138.4
2008-07-21;148.3;7;148.3
2008-07-22;163.8;7;163.8
2008-07-23;168.6;7;168.6
2008-07-24;192.0;7;192.0
2008-07-25;211.9;7;211.9
2008-07-26;229.6;7;229.6
2008-07-27;266.6;7;266.6
2008-07-28;282.0;7;282.0
2008-07-29;262.8;7;262.8
2008-07-30;250.8;7;250.8
2008-07-31;268.2;7;268.2
2008-08-01;280.3;8;280.3
2008-08-02;262.8;8;262.8
2008-08-03;229.5;8;229.5
2008-08-04;214.3;8;214.3
2008-08-05;198.0;8;198.0
2008-08-06;203.9;8;203.9
2008-08-07;213.3;8;213.3
2008-08-08;239.8;8;239.8
2008-08-09;269.0;8;269.0
2008-08-10;285.2;8;285.2
2008-08-11;240.6;8;240.6
2008-08-12;204.9;8;204.9
2008-08-13;132.1;8;132.1
2008-08-14;80.45;8;80.45
2008-08-15;100.3;8;100.3
2008-08-16;107.4;8;107.4
2008-08-17;126.3;8;126.3
2008-08-18;138.0;8;138.0
2008-08-19;138.5;8;138.5
2008-08-20;158.7;8;158.7
2008-08-21;161.8;8;161.8
2008-08-22;137.4;8;137.4
2008-08-23;124.9;8;124.9
2008-08-24;115.8;8;115.8
2008-08-25;113.0;8;113.0
2008-08-26;115.3;8;115.3
2008-08-27;131.1;8;131.1
2008-08-28;142.2;8;142.2
2008-08-29;121.9;8;121.9
2008-08-30;157.0;8;157.0
2008-08-31;124.8;8;124.8
2008-09-01;110.6;9;110.6
2008-09-02;98.35;9;98.35
2008-09-03;115.0;9;115.0
2008-09-04;129.3;9;129.3
2008-09-05;143.3;9;143.3
2008-09-06;134.6;9;134.6
2008-09-07;152.5;9;152.5
2008-09-08;168.6;9;168.6
2008-09-09;148.3;9;148.3
2008-09-10;146.7;9;146.7
2008-09-11;-999.000;9;153.0
2008-09-12;-999.000;9;142.1
2008-09-13;-999.000;9;113.0
2008-09-14;-999.000;9;177.8
2008-09-15;-999.000;9;166.0
2008-09-16;-999.000;9;152.0
2008-09-17;-999.000;9;168.6
2008-09-18;-999.000;9;211.8
2008-09-19;-999.000;9;121.2
2008-09-20;-999.000;9;211.9
2008-09-21;-999.000;9;121.6
2008-09-22;-999.000;9;177.5
2008-09-23;-999.000;9;130.6
2008-09-24;-999.000;9;109.7
2008-09-25;-999.000;9;113.5
2008-09-26;-999.000;9;135.7
2008-09-27;-999.000;9;152.0
2008-09-28;-999.000;9;198.2
2008-09-29;-999.000;9;200.0
2008-09-30;-999.000;9;234.6
2008-10-01;-999.000;10;137.5
2008-10-02;-999.000;10;120.5
2008-10-03;-999.000;10;103.5
2008-10-04;-999.000;10;112.1
2008-10-05;-999.000;10;106.6
2008-10-06;-999.000;10;271.9
2008-10-07;-999.000;10;103.4
2008-10-08;-999.000;10;331.4
2008-10-09;-999.000;10;114.5
2008-10-10;-999.000;10;180.8
2008-10-11;-999.000;10;144.3
2008-10-12;-999.000;10;135.8
2008-10-13;-999.000;10;148.9
2008-10-14;-999.000;10;108.1
2008-10-15;248.1;10;248.1
2008-10-16;207.9;10;207.9
2008-10-17;199.3;10;199.3
2008-10-18;155.1;10;155.1
2008-10-19;141.8;10;141.8
2008-10-20;143.0;10;143.0
2008-10-21;139.1;10;139.1
2008-10-22;165.2;10;165.2
2008-10-23;222.4;10;222.4
2008-10-24;144.3;10;144.3
2008-10-25;126.8;10;126.8
2008-10-26;130.1;10;130.1
2008-10-27;148.3;10;148.3
2008-10-28;190.7;10;190.7
2008-10-29;308.6;10;308.6
2008-10-30;195.0;10;195.0
2008-10-31;147.4;10;147.4
2008-11-01;144.6;11;144.6
2008-11-02;137.1;11;137.1
2008-11-03;128.4;11;128.4
2008-11-04;188.9;11;188.9
2008-11-05;127.2;11;127.2
2008-11-06;122.0;11;122.0
2008-11-07;113.0;11;113.0
2008-11-08;228.3;11;228.3
2008-11-09;159.1;11;159.1
2008-11-10;88.05;11;88.05
2008-11-11;100.3;11;100.3
2008-11-12;126.0;11;126.0
2008-11-13;123.5;11;123.5
2008-11-14;119.4;11;119.4
2008-11-15;153.8;11;153.8
2008-11-16;162.4;11;162.4
2008-11-17;168.0;11;168.0
2008-11-18;106.9;11;106.9
2008-11-19;107.1;11;107.1
2008-11-20;128.8;11;128.8
2008-11-21;117.0;11;117.0
2008-11-22;116.5;11;116.5
2008-11-23;121.0;11;121.0
2008-11-24;246.7;11;246.7
2008-11-25;125.6;11;125.6
2008-11-26;146.2;11;146.2
2008-11-27;96.83;11;96.83
2008-11-28;42.36;11;42.36
2008-11-29;52.36;11;52.36
2008-11-30;71.92;11;71.92
2008-12-01;81.4;12;81.4
2008-12-02;89.7;12;89.7
2008-12-03;98.75;12;98.75
2008-12-04;107.0;12;107.0
2008-12-05;85.8;12;85.8
2008-12-06;55.37;12;55.37
2008-12-07;50.01;12;50.01
2008-12-08;47.89;12;47.89
2008-12-09;54.84;12;54.84
2008-12-10;58.44;12;58.44
2008-12-11;64.33;12;64.33
2008-12-12;68.63;12;68.63
2008-12-13;66.75;12;66.75
2008-12-14;78.07;12;78.07
2008-12-15;97.65;12;97.65
2008-12-16;105.6;12;105.6
2008-12-17;110.0;12;110.0
2008-12-18;106.9;12;106.9
2008-12-19;79.21;12;79.21
2008-12-20;82.54;12;82.54
2008-12-21;113.1;12;113.1
2008-12-22;76.37;12;76.37
2008-12-23;90.32;12;90.32
2008-12-24;97.35;12;97.35
2008-12-25;83.78;12;83.78
2008-12-26;91.5;12;91.5
2008-12-27;110.6;12;110.6
2008-12-28;109.9;12;109.9
2008-12-29;91.01;12;91.01
2008-12-30;128.6;12;128.6
2008-12-31;106.3;12;106.3
2009-01-01;97.25;1;97.25
2009-01-02;93.4;1;93.4
2009-01-03;83.77;1;83.77
2009-01-04;84.25;1;84.25
2009-01-05;76.65;1;76.65
2009-01-06;93.95;1;93.95
2009-01-07;96.5;1;96.5
2009-01-08;93.48;1;93.48
2009-01-09;98.45;1;98.45
2009-01-10;100.5;1;100.5
2009-01-11;99.75;1;99.75
2009-01-12;100.7;1;100.7
2009-01-13;91.18;1;91.18
2009-01-14;84.72;1;84.72
2009-01-15;90.95;1;90.95
2009-01-16;86.15;1;86.15
2009-01-17;105.9;1;105.9
2009-01-18;104.9;1;104.9
2009-01-19;93.4;1;93.4
2009-01-20;104.3;1;104.3
2009-01-21;99.55;1;99.55
2009-01-22;92.3;1;92.3
2009-01-23;100.8;1;100.8
2009-01-24;102.8;1;102.8
2009-01-25;109.5;1;109.5
2009-01-26;105.6;1;105.6
2009-01-27;103.8;1;103.8
2009-01-28;92.3;1;92.3
2009-01-29;86.15;1;86.15
2009-01-30;85.2;1;85.2
2009-01-31;90.4;1;90.4
2009-02-01;92.3;2;92.3
2009-02-02;85.2;2;85.2
2009-02-03;84.72;2;84.72
2009-02-04;83.78;2;83.78
2009-02-05;80.45;2;80.45
2009-02-06;79.97;2;79.97
2009-02-07;78.93;2;78.93
2009-02-08;78.65;2;78.65
2009-02-09;77.22;2;77.22
2009-02-10;78.36;2;78.36
2009-02-11;76.93;2;76.93
2009-02-12;86.15;2;86.15
2009-02-13;102.1;2;102.1
2009-02-14;91.82;2;91.82
2009-02-15;89.05;2;89.05
2009-02-16;118.5;2;118.5
2009-02-17;90.95;2;90.95
2009-02-18;85.68;2;85.68
2009-02-19;94.2;2;94.2
2009-02-20;93.4;2;93.4
2009-02-21;92.38;2;92.38
2009-02-22;83.3;2;83.3
2009-02-23;78.36;2;78.36
2009-02-24;77.22;2;77.22
2009-02-25;89.07;2;89.07
2009-02-26;79.69;2;79.69
2009-02-27;106.8;2;106.8
2009-02-28;142.3;2;142.3
2009-03-01;134.6;3;134.6
2009-03-02;144.4;3;144.4
2009-03-03;152.2;3;152.2
2009-03-04;166.5;3;166.5
2009-03-05;182.7;3;182.7
2009-03-06;178.4;3;178.4
2009-03-07;123.1;3;123.1
2009-03-08;94.03;3;94.03
2009-03-09;107.9;3;107.9
2009-03-10;121.5;3;121.5
2009-03-11;129.5;3;129.5
2009-03-12;82.79;3;82.79
2009-03-13;139.4;3;139.4
2009-03-14;148.9;3;148.9
2009-03-15;63.73;3;63.73
2009-03-16;64.21;3;64.21
2009-03-17;80.93;3;80.93
2009-03-18;119.5;3;119.5
2009-03-19;149.4;3;149.4
2009-03-20;168.6;3;168.6
2009-03-21;198.7;3;198.7
2009-03-22;221.8;3;221.8
2009-03-23;253.1;3;253.1
2009-03-24;265.0;3;265.0
2009-03-25;259.6;3;259.6
2009-03-26;144.1;3;144.1
2009-03-27;96.5;3;96.5
2009-03-28;117.5;3;117.5
2009-03-29;145.4;3;145.4
2009-03-30;157.2;3;157.2
2009-03-31;142.8;3;142.8
2009-04-01;120.7;4;120.7
2009-04-02;120.6;4;120.6
2009-04-03;96.97;4;96.97
2009-04-04;95.14;4;95.14
2009-04-05;89.16;4;89.16
2009-04-06;84.98;4;84.98
2009-04-07;103.1;4;103.1
2009-04-08;143.8;4;143.8
2009-04-09;145.6;4;145.6
2009-04-10;109.9;4;109.9
2009-04-11;108.3;4;108.3
2009-04-12;110.5;4;110.5
2009-04-13;110.3;4;110.3
2009-04-14;97.35;4;97.35
2009-04-15;191.3;4;191.3
2009-04-16;293.6;4;293.6
2009-04-17;129.8;4;129.8
2009-04-18;114.8;4;114.8
2009-04-19;129.8;4;129.8
2009-04-20;125.5;4;125.5
2009-04-21;118.7;4;118.7
2009-04-22;114.5;4;114.5
2009-04-23;121.4;4;121.4
2009-04-24;186.2;4;186.2
2009-04-25;190.6;4;190.6
2009-04-26;165.8;4;165.8
2009-04-27;147.2;4;147.2
2009-04-28;120.9;4;120.9
2009-04-29;132.9;4;132.9
2009-04-30;119.2;4;119.2
2009-05-01;206.6;5;206.6
2009-05-02;556.6;5;556.6
2009-05-03;573.2;5;573.2
2009-05-04;264.8;5;264.8
2009-05-05;256.8;5;256.8
2009-05-06;352.3;5;352.3
2009-05-07;274.4;5;274.4
2009-05-08;218.3;5;218.3
2009-05-09;313.8;5;313.8
2009-05-10;269.5;5;269.5
2009-05-11;347.9;5;347.9
2009-05-12;549.4;5;549.4
2009-05-13;289.5;5;289.5
2009-05-14;255.1;5;255.1
2009-05-15;211.2;5;211.2
2009-05-16;195.0;5;195.0
2009-05-17;196.0;5;196.0
2009-05-18;149.4;5;149.4
2009-05-19;118.5;5;118.5
2009-05-20;125.6;5;125.6
2009-05-21;144.4;5;144.4
2009-05-22;156.5;5;156.5
2009-05-23;106.9;5;106.9
2009-05-24;102.1;5;102.1
2009-05-25;86.25;5;86.25
2009-05-26;83.31;5;83.31
2009-05-27;79.95;5;79.95
2009-05-28;85.4;5;85.4
2009-05-29;98.76;5;98.76
2009-05-30;97.25;5;97.25
2009-05-31;111.3;5;111.3
2009-06-01;-999.000;6;176.7
2009-06-02;-999.000;6;323.3
2009-06-03;-999.000;6;230.0
2009-06-04;-999.000;6;489.0
2009-06-05;-999.000;6;248.4
2009-06-06;-999.000;6;354.7
2009-06-07;-999.000;6;382.4
2009-06-08;-999.000;6;204.1
2009-06-09;-999.000;6;193.3
2009-06-10;-999.000;6;717.2
2009-06-11;-999.000;6;228.0
2009-06-12;-999.000;6;208.9
2009-06-13;-999.000;6;219.8
2009-06-14;-999.000;6;278.9
2009-06-15;-999.000;6;140.4
2009-06-16;-999.000;6;437.3
2009-06-17;-999.000;6;410.4
2009-06-18;-999.000;6;187.6
2009-06-19;-999.000;6;139.5
2009-06-20;-999.000;6;190.6
2009-06-21;-999.000;6;271.7
2009-06-22;-999.000;6;295.6
2009-06-23;-999.000;6;166.7
2009-06-24;-999.000;6;174.8
2009-06-25;-999.000;6;342.7
2009-06-26;158.9;6;158.9
2009-06-27;156.1;6;156.1
2009-06-28;221.5;6;221.5
2009-06-29;213.5;6;213.5
2009-06-30;196.4;6;196.4
2009-07-01;297.4;7;297.4
2009-07-02;319.9;7;319.9
2009-07-03;204.3;7;204.3
2009-07-04;204.5;7;204.5
2009-07-05;168.1;7;168.1
2009-07-06;163.6;7;163.6
2009-07-07;229.9;7;229.9
2009-07-08;185.2;7;185.2
2009-07-09;356.6;7;356.6
2009-07-10;214.5;7;214.5
2009-07-11;171.1;7;171.1
2009-07-12;165.5;7;165.5
2009-07-13;144.9;7;144.9
2009-07-14;192.9;7;192.9
2009-07-15;220.9;7;220.9
2009-07-16;166.8;7;166.8
2009-07-17;146.1;7;146.1
2009-07-18;269.1;7;269.1
2009-07-19;216.1;7;216.1
2009-07-20;256.5;7;256.5
2009-07-21;184.4;7;184.4
2009-07-22;166.8;7;166.8
2009-07-23;157.8;7;157.8
2009-07-24;148.6;7;148.6
2009-07-25;162.0;7;162.0
2009-07-26;153.1;7;153.1
2009-07-27;265.9;7;265.9
2009-07-28;281.6;7;281.6
2009-07-29;191.3;7;191.3
2009-07-30;178.5;7;178.5
2009-07-31;150.8;7;150.8
2009-08-01;151.2;8;151.2
2009-08-02;145.6;8;145.6
2009-08-03;153.6;8;153.6
2009-08-04;170.5;8;170.5
2009-08-05;211.0;8;211.0
2009-08-06;293.0;8;293.0
2009-08-07;260.2;8;260.2
2009-08-08;186.4;8;186.4
2009-08-09;194.9;8;194.9
2009-08-10;171.1;8;171.1
2009-08-11;189.5;8;189.5
2009-08-12;195.0;8;195.0
2009-08-13;168.0;8;168.0
2009-08-14;187.6;8;187.6
2009-08-15;160.8;8;160.8
2009-08-16;154.9;8;154.9
2009-08-17;155.3;8;155.3
2009-08-18;153.5;8;153.5
2009-08-19;163.8;8;163.8
2009-08-20;151.1;8;151.1
2009-08-21;147.8;8;147.8
2009-08-22;142.8;8;142.8
2009-08-23;127.2;8;127.2
2009-08-24;135.2;8;135.2
2009-08-25;161.3;8;161.3
2009-08-26;256.1;8;256.1
2009-08-27;173.1;8;173.1
2009-08-28;172.4;8;172.4
2009-08-29;209.4;8;209.4
2009-08-30;176.1;8;176.1
2009-08-31;153.5;8;153.5
2009-09-01;147.4;9;147.4
2009-09-02;147.2;9;147.2
2009-09-03;148.3;9;148.3
2009-09-04;247.6;9;247.6
2009-09-05;200.9;9;200.9
2009-09-06;153.0;9;153.0
2009-09-07;152.0;9;152.0
2009-09-08;156.8;9;156.8
2009-09-09;142.2;9;142.2
2009-09-10;136.8;9;136.8
2009-09-11;131.4;9;131.4
2009-09-12;127.7;9;127.7
2009-09-13;124.0;9;124.0
2009-09-14;117.7;9;117.7
2009-09-15;116.7;9;116.7
2009-09-16;116.7;9;116.7
2009-09-17;128.8;9;128.8
2009-09-18;127.2;9;127.2
2009-09-19;115.2;9;115.2
2009-09-20;116.2;9;116.2
2009-09-21;113.8;9;113.8
2009-09-22;126.3;9;126.3
2009-09-23;114.2;9;114.2
2009-09-24;110.8;9;110.8
2009-09-25;116.3;9;116.3
2009-09-26;140.0;9;140.0
2009-09-27;110.8;9;110.8
2009-09-28;126.7;9;126.7
2009-09-29;137.3;9;137.3
2009-09-30;126.7;9;126.7
2009-10-01;122.0;10;122.0
2009-10-02;117.2;10;117.2
2009-10-03;153.0;10;153.0
2009-10-04;151.7;10;151.7
2009-10-05;121.3;10;121.3
2009-10-06;115.2;10;115.2
2009-10-07;114.2;10;114.2
2009-10-08;116.2;10;116.2
2009-10-09;114.2;10;114.2
2009-10-10;106.4;10;106.4
2009-10-11;105.4;10;105.4
2009-10-12;114.3;10;114.3
2009-10-13;123.1;10;123.1
2009-10-14;131.3;10;131.3
2009-10-15;116.3;10;116.3
2009-10-16;126.1;10;126.1
2009-10-17;104.5;10;104.5
2009-10-18;105.9;10;105.9
2009-10-19;111.3;10;111.3
2009-10-20;126.2;10;126.2
2009-10-21;112.8;10;112.8
2009-10-22;134.1;10;134.1
2009-10-23;113.8;10;113.8
2009-10-24;105.9;10;105.9
2009-10-25;134.2;10;134.2
2009-10-26;110.8;10;110.8
2009-10-27;104.0;10;104.0
2009-10-28;101.6;10;101.6
2009-10-29;101.1;10;101.1
2009-10-30;106.4;10;106.4
2009-10-31;103.5;10;103.5
2009-11-01;111.3;11;111.3
2009-11-02;101.6;11;101.6
2009-11-03;104.0;11;104.0
2009-11-04;96.15;11;96.15
2009-11-05;94.85;11;94.85
2009-11-06;93.98;11;93.98
2009-11-07;92.68;11;92.68
2009-11-08;93.54;11;93.54
2009-11-09;99.33;11;99.33
2009-11-10;95.29;11;95.29
2009-11-11;93.11;11;93.11
2009-11-12;96.59;11;96.59
2009-11-13;97.46;11;97.46
2009-11-14;94.85;11;94.85
2009-11-15;88.38;11;88.38
2009-11-16;91.83;11;91.83
2009-11-17;93.98;11;93.98
2009-11-18;100.9;11;100.9
2009-11-19;94.41;11;94.41
2009-11-20;90.94;11;90.94
2009-11-21;90.1;11;90.1
2009-11-22;100.3;11;100.3
2009-11-23;94.42;11;94.42
2009-11-24;87.95;11;87.95
2009-11-25;79.03;11;79.03
2009-11-26;87.63;11;87.63
2009-11-27;79.81;11;79.81
2009-11-28;86.79;11;86.79
2009-11-29;90.87;11;90.87
2009-11-30;98.33;11;98.33
2009-12-01;85.53;12;85.53
2009-12-02;76.76;12;76.76
2009-12-03;72.32;12;72.32
2009-12-04;87.93;12;87.93
2009-12-05;76.55;12;76.55
2009-12-06;69.52;12;69.52
2009-12-07;71.43;12;71.43
2009-12-08;70.99;12;70.99
2009-12-09;76.24;12;76.24
2009-12-10;67.99;12;67.99
2009-12-11;70.43;12;70.43
2009-12-12;82.91;12;82.91
2009-12-13;80.8;12;80.8
2009-12-14;77.49;12;77.49
2009-12-15;77.49;12;77.49
2009-12-16;76.26;12;76.26
2009-12-17;74.62;12;74.62
2009-12-18;75.85;12;75.85
2009-12-19;78.31;12;78.31
2009-12-20;76.26;12;76.26
2009-12-21;77.49;12;77.49
2009-12-22;79.95;12;79.95
2009-12-23;80.36;12;80.36
2009-12-24;79.13;12;79.13
2009-12-25;75.85;12;75.85
2009-12-26;77.9;12;77.9
2009-12-27;94.41;12;94.41
2009-12-28;92.71;12;92.71
2009-12-29;93.12;12;93.12
2009-12-30;79.13;12;79.13
2009-12-31;75.85;12;75.85
2010-01-01;74.62;1;74.62
2010-01-02;72.68;1;72.68
2010-01-03;72.3;1;72.3
2010-01-04;71.93;1;71.93
2010-01-05;70.8;1;70.8
2010-01-06;70.43;1;70.43
2010-01-07;71.55;1;71.55
2010-01-08;70.8;1;70.8
2010-01-09;70.05;1;70.05
2010-01-10;70.05;1;70.05
2010-01-11;70.05;1;70.05
2010-01-12;69.3;1;69.3
2010-01-13;68.55;1;68.55
2010-01-14;68.18;1;68.18
2010-01-15;67.8;1;67.8
2010-01-16;67.8;1;67.8
2010-01-17;68.55;1;68.55
2010-01-18;68.93;1;68.93
2010-01-19;68.18;1;68.18
2010-01-20;67.43;1;67.43
2010-01-21;66.68;1;66.68
2010-01-22;66.3;1;66.3
2010-01-23;66.3;1;66.3
2010-01-24;66.68;1;66.68
2010-01-25;70.05;1;70.05
2010-01-26;74.73;1;74.73
2010-01-27;73.05;1;73.05
2010-01-28;72.75;1;72.75
2010-01-29;69.3;1;69.3
2010-01-30;68.55;1;68.55
2010-01-31;65.92;1;65.92
2010-02-01;65.92;2;65.92
2010-02-02;65.92;2;65.92
2010-02-03;70.43;2;70.43
2010-02-04;67.8;2;67.8
2010-02-05;68.93;2;68.93
2010-02-06;67.43;2;67.43
2010-02-07;71.55;2;71.55
2010-02-08;73.6;2;73.6
2010-02-09;74.28;2;74.28
2010-02-10;70.05;2;70.05
2010-02-11;71.18;2;71.18
2010-02-12;67.05;2;67.05
2010-02-13;63.64;2;63.64
2010-02-14;63.26;2;63.26
2010-02-15;64.02;2;64.02
2010-02-16;67.42;2;67.42
2010-02-17;64.02;2;64.02
2010-02-18;62.88;2;62.88
2010-02-19;72.68;2;72.68
2010-02-20;70.8;2;70.8
2010-02-21;77.49;2;77.49
2010-02-22;76.26;2;76.26
2010-02-23;69.68;2;69.68
2010-02-24;69.3;2;69.3
2010-02-25;71.18;2;71.18
2010-02-26;109.4;2;109.4
2010-02-27;97.04;2;97.04
2010-02-28;73.5;2;73.5
2010-03-01;91.81;3;91.81
2010-03-02;96.59;3;96.59
2010-03-03;86.68;3;86.68
2010-03-04;84.13;3;84.13
2010-03-05;89.65;3;89.65
2010-03-06;98.76;3;98.76
2010-03-07;99.82;3;99.82
2010-03-08;110.3;3;110.3
2010-03-09;111.8;3;111.8
2010-03-10;120.3;3;120.3
2010-03-11;94.43;3;94.43
2010-03-12;88.81;3;88.81
2010-03-13;85.4;3;85.4
2010-03-14;83.29;3;83.29
2010-03-15;83.35;3;83.35
2010-03-16;79.18;3;79.18
2010-03-17;83.31;3;83.31
2010-03-18;81.18;3;81.18
2010-03-19;80.8;3;80.8
2010-03-20;88.8;3;88.8
2010-03-21;87.95;3;87.95
2010-03-22;84.55;3;84.55
2010-03-23;81.18;3;81.18
2010-03-24;74.68;3;74.68
2010-03-25;68.55;3;68.55
2010-03-26;81.37;3;81.37
2010-03-27;99.73;3;99.73
2010-03-28;99.93;3;99.93
2010-03-29;84.08;3;84.08
2010-03-30;80.88;3;80.88
2010-03-31;128.4;3;128.4
2010-04-01;136.6;4;136.6
2010-04-02;130.4;4;130.4
2010-04-03;101.9;4;101.9
2010-04-04;82.15;4;82.15
2010-04-05;-999.000;4;114.7
2010-04-06;-999.000;4;120.0
2010-04-07;-999.000;4;88.4
2010-04-08;-999.000;4;89.3
2010-04-09;-999.000;4;71.5
2010-04-10;-999.000;4;167.3
2010-04-11;-999.000;4;118.4
2010-04-12;-999.000;4;97.69
2010-04-13;-999.000;4;195.9
2010-04-14;-999.000;4;103.0
2010-04-15;-999.000;4;260.9
2010-04-16;-999.000;4;119.7
2010-04-17;-999.000;4;145.2
2010-04-18;-999.000;4;253.9
2010-04-19;-999.000;4;200.8
2010-04-20;-999.000;4;95.2
2010-04-21;-999.000;4;177.0
2010-04-22;-999.000;4;253.0
2010-04-23;-999.000;4;78.9
2010-04-24;-999.000;4;82.8
2010-04-25;-999.000;4;262.6
2010-04-26;-999.000;4;186.2
2010-04-27;-999.000;4;78.0
2010-04-28;-999.000;4;113.2
2010-04-29;-999.000;4;119.0
2010-04-30;-999.000;4;163.7
2010-05-01;-999.000;5;574.6
2010-05-02;-999.000;5;106.0
2010-05-03;-999.000;5;123.7
2010-05-04;-999.000;5;404.0
2010-05-05;-999.000;5;150.1
2010-05-06;-999.000;5;206.0
2010-05-07;-999.000;5;146.3
2010-05-08;-999.000;5;221.0
2010-05-09;-999.000;5;557.2
2010-05-10;-999.000;5;187.9
2010-05-11;-999.000;5;146.7
2010-05-12;-999.000;5;158.5
2010-05-13;-999.000;5;122.0
2010-05-14;-999.000;5;179.9
2010-05-15;190.5;5;190.5
2010-05-16;209.3;5;209.3
2010-05-17;201.1;5;201.1
2010-05-18;209.9;5;209.9
2010-05-19;171.9;5;171.9
2010-05-20;205.1;5;205.1
2010-05-21;259.7;5;259.7
2010-05-22;1113.0;5;1113.0
2010-05-23;235.9;5;235.9
2010-05-24;134.1;5;134.1
2010-05-25;118.0;5;118.0
2010-05-26;145.5;5;145.5
2010-05-27;557.2;5;557.2
2010-05-28;212.6;5;212.6
2010-05-29;139.7;5;139.7
2010-05-30;217.9;5;217.9
2010-05-31;151.6;5;151.6
2010-06-01;124.0;6;124.0
2010-06-02;140.7;6;140.7
2010-06-03;231.4;6;231.4
2010-06-04;163.2;6;163.2
2010-06-05;125.6;6;125.6
2010-06-06;202.4;6;202.4
2010-06-07;157.1;6;157.1
2010-06-08;151.5;6;151.5
2010-06-09;503.3;6;503.3
2010-06-10;660.7;6;660.7
2010-06-11;283.0;6;283.0
2010-06-12;295.6;6;295.6
2010-06-13;219.6;6;219.6
2010-06-14;154.3;6;154.3
2010-06-15;134.1;6;134.1
2010-06-16;126.8;6;126.8
2010-06-17;146.4;6;146.4
2010-06-18;112.8;6;112.8
2010-06-19;158.5;6;158.5
2010-06-20;148.3;6;148.3
2010-06-21;109.8;6;109.8
2010-06-22;84.13;6;84.13
2010-06-23;86.25;6;86.25
2010-06-24;81.18;6;81.18
2010-06-25;209.3;6;209.3
2010-06-26;130.9;6;130.9
2010-06-27;143.6;6;143.6
2010-06-28;101.8;6;101.8
2010-06-29;107.3;6;107.3
2010-06-30;150.6;6;150.6
2010-07-01;98.81;7;98.81
2010-07-02;97.02;7;97.02
2010-07-03;78.4;7;78.4
2010-07-04;246.1;7;246.1
2010-07-05;126.1;7;126.1
2010-07-06;93.14;7;93.14
2010-07-07;108.5;7;108.5
2010-07-08;100.5;7;100.5
2010-07-09;115.2;7;115.2
2010-07-10;84.13;7;84.13
2010-07-11;101.6;7;101.6
2010-07-12;84.13;7;84.13
2010-07-13;77.9;7;77.9
2010-07-14;86.25;7;86.25
2010-07-15;82.15;7;82.15
2010-07-16;99.68;7;99.68
2010-07-17;257.5;7;257.5
2010-07-18;613.4;7;613.4
2010-07-19;209.4;7;209.4
2010-07-20;129.4;7;129.4
2010-07-21;105.9;7;105.9
2010-07-22;91.37;7;91.37
2010-07-23;102.6;7;102.6
2010-07-24;101.2;7;101.2
2010-07-25;91.37;7;91.37
2010-07-26;97.68;7;97.68
2010-07-27;258.0;7;258.0
2010-07-28;254.1;7;254.1
2010-07-29;96.68;7;96.68
2010-07-30;82.85;7;82.85
2010-07-31;71.93;7;71.93
2010-08-01;68.18;8;68.18
2010-08-02;194.5;8;194.5
2010-08-03;97.25;8;97.25
2010-08-04;146.0;8;146.0
2010-08-05;196.1;8;196.1
2010-08-06;222.4;8;222.4
2010-08-07;86.25;8;86.25
2010-08-08;77.08;8;77.08
2010-08-09;70.05;8;70.05
2010-08-10;66.3;8;66.3
2010-08-11;70.05;8;70.05
2010-08-12;66.3;8;66.3
2010-08-13;-999.000;8;126.6
2010-08-14;-999.000;8;464.0
2010-08-15;-999.000;8;305.2
2010-08-16;-999.000;8;166.4
2010-08-17;-999.000;8;272.0
2010-08-18;-999.000;8;171.9
2010-08-19;-999.000;8;227.0
2010-08-20;-999.000;8;153.4
2010-08-21;-999.000;8;229.2
2010-08-22;-999.000;8;170.5
2010-08-23;-999.000;8;268.0
2010-08-24;-999.000;8;244.1
2010-08-25;-999.000;8;366.2
2010-08-26;-999.000;8;165.4
2010-08-27;-999.000;8;155.2
2010-08-28;-999.000;8;227.0
2010-08-29;-999.000;8;147.8
2010-08-30;-999.000;8;112.0
2010-08-31;-999.000;8;139.0
2010-09-01;-999.000;9;132.0
2010-09-02;-999.000;9;125.8
2010-09-03;-999.000;9;170.8
2010-09-04;-999.000;9;156.8
2010-09-05;-999.000;9;154.2
2010-09-06;-999.000;9;153.8
2010-09-07;-999.000;9;154.0
2010-09-08;-999.000;9;178.9
2010-09-09;-999.000;9;406.8
2010-09-10;-999.000;9;211.9
2010-09-11;-999.000;9;96.59
2010-09-12;-999.000;9;186.5
2010-09-13;-999.000;9;116.2
2010-09-14;-999.000;9;122.4
2010-09-15;-999.000;9;167.8
2010-09-16;-999.000;9;109.5
2010-09-17;-999.000;9;151.2
2010-09-18;-999.000;9;108.3
2010-09-19;-999.000;9;319.5
2010-09-20;-999.000;9;138.4
2010-09-21;-999.000;9;285.3
2010-09-22;-999.000;9;106.4
2010-09-23;-999.000;9;140.0
2010-09-24;-999.000;9;134.6
2010-09-25;-999.000;9;238.1
2010-09-26;-999.000;9;207.4
2010-09-27;-999.000;9;144.6
2010-09-28;-999.000;9;158.0
2010-09-29;-999.000;9;150.7
2010-09-30;-999.000;9;146.3
2010-10-01;-999.000;10;136.4
2010-10-02;-999.000;10;123.2
2010-10-03;-999.000;10;174.0
2010-10-04;-999.000;10;164.8
2010-10-05;-999.000;10;110.9
2010-10-06;-999.000;10;149.2
2010-10-07;97.46;10;97.46
2010-10-08;124.4;10;124.4
2010-10-09;143.2;10;143.2
2010-10-10;153.0;10;153.0
2010-10-11;112.4;10;112.4
2010-10-12;99.46;10;99.46
2010-10-13;93.47;10;93.47
2010-10-14;91.38;10;91.38
2010-10-15;86.91;10;86.91
2010-10-16;89.37;10;89.37
2010-10-17;85.61;10;85.61
2010-10-18;88.13;10;88.13
2010-10-19;95.54;10;95.54
2010-10-20;88.26;10;88.26
2010-10-21;81.56;10;81.56
2010-10-22;89.72;10;89.72
2010-10-23;104.4;10;104.4
2010-10-24;84.62;10;84.62
2010-10-25;85.08;10;85.08
2010-10-26;93.17;10;93.17
2010-10-27;100.5;10;100.5
2010-10-28;111.5;10;111.5
2010-10-29;146.3;10;146.3
2010-10-30;73.8;10;73.8
2010-10-31;82.85;10;82.85
2010-11-01;82.0;11;82.0
2010-11-02;77.9;11;77.9
2010-11-03;73.8;11;73.8
2010-11-04;82.56;11;82.56
2010-11-05;88.8;11;88.8
2010-11-06;92.68;11;92.68
2010-11-07;92.68;11;92.68
2010-11-08;96.59;11;96.59
2010-11-09;97.02;11;97.02
2010-11-10;97.02;11;97.02
2010-11-11;112.8;11;112.8
2010-11-12;142.3;11;142.3
2010-11-13;175.3;11;175.3
2010-11-14;139.1;11;139.1
2010-11-15;118.7;11;118.7
2010-11-16;116.7;11;116.7
2010-11-17;104.0;11;104.0
2010-11-18;107.8;11;107.8
2010-11-19;108.9;11;108.9
2010-11-20;137.0;11;137.0
2010-11-21;175.3;11;175.3
2010-11-22;185.2;11;185.2
2010-11-23;140.2;11;140.2
2010-11-24;118.3;11;118.3
2010-11-25;108.8;11;108.8
2010-11-26;109.8;11;109.8
2010-11-27;132.5;11;132.5
2010-11-28;141.3;11;141.3
2010-11-29;107.8;11;107.8
2010-11-30;123.0;11;123.0
2010-12-01;174.2;12;174.2
2010-12-02;145.1;12;145.1
2010-12-03;148.9;12;148.9
2010-12-04;129.3;12;129.3
2010-12-05;118.7;12;118.7
2010-12-06;97.99;12;97.99
2010-12-07;90.5;12;90.5
2010-12-08;94.85;12;94.85
2010-12-09;96.15;12;96.15
2010-12-10;90.5;12;90.5
2010-12-11;90.5;12;90.5
2010-12-12;90.5;12;90.5
2010-12-13;87.1;12;87.1
2010-12-14;87.1;12;87.1
2010-12-15;87.1;12;87.1
2010-12-16;91.37;12;91.37
2010-12-17;89.65;12;89.65
2010-12-18;89.65;12;89.65
2010-12-19;87.1;12;87.1
2010-12-20;82.0;12;82.0
2010-12-21;82.85;12;82.85
2010-12-22;81.18;12;81.18
2010-12-23;82.85;12;82.85
2010-12-24;82.0;12;82.0
2010-12-25;81.18;12;81.18
2010-12-26;78.72;12;78.72
2010-12-27;78.72;12;78.72
2010-12-28;73.8;12;73.8
2010-12-29;73.8;12;73.8
2010-12-30;73.8;12;73.8
2010-12-31;73.8;12;73.8
2011-01-01;75.44;1;75.44
2011-01-02;78.72;1;78.72
2011-01-03;75.44;1;75.44
2011-01-04;73.8;1;73.8
2011-01-05;74.62;1;74.62
2011-01-06;79.54;1;79.54
2011-01-07;81.18;1;81.18
2011-01-08;91.37;1;91.37
2011-01-09;106.9;1;106.9
2011-01-10;113.8;1;113.8
2011-01-11;105.0;1;105.0
2011-01-12;95.72;1;95.72
2011-01-13;91.37;1;91.37
2011-01-14;86.25;1;86.25
2011-01-15;85.4;1;85.4
2011-01-16;81.18;1;81.18
2011-01-17;77.08;1;77.08
2011-01-18;76.26;1;76.26
2011-01-19;73.8;1;73.8
2011-01-20;73.8;1;73.8
2011-01-21;70.8;1;70.8
2011-01-22;66.3;1;66.3
2011-01-23;67.05;1;67.05
2011-01-24;64.78;1;64.78
2011-01-25;60.98;1;60.98
2011-01-26;55.4;1;55.4
2011-01-27;54.74;1;54.74
2011-01-28;52.1;1;52.1
2011-01-29;52.1;1;52.1
2011-01-30;50.12;1;50.12
2011-01-31;45.5;1;45.5
2011-02-01;44.62;2;44.62
2011-02-02;45.28;2;45.28
2011-02-03;44.59;2;44.59
2011-02-04;43.98;2;43.98
2011-02-05;42.23;2;42.23
2011-02-06;42.12;2;42.12
2011-02-07;40.73;2;40.73
2011-02-08;40.24;2;40.24
2011-02-09;44.04;2;44.04
2011-02-10;44.44;2;44.44
2011-02-11;44.44;2;44.44
2011-02-12;47.81;2;47.81
2011-02-13;45.64;2;45.64
2011-02-14;43.69;2;43.69
2011-02-15;43.0;2;43.0
2011-02-16;44.97;2;44.97
2011-02-17;46.89;2;46.89
2011-02-18;44.87;2;44.87
2011-02-19;45.17;2;45.17
2011-02-20;44.9;2;44.9
2011-02-21;46.73;2;46.73
2011-02-22;54.41;2;54.41
2011-02-23;55.99;2;55.99
2011-02-24;45.27;2;45.27
2011-02-25;44.09;2;44.09
2011-02-26;44.99;2;44.99
2011-02-27;45.48;2;45.48
2011-02-28;43.31;2;43.31
2011-03-01;68.58;3;68.58
2011-03-02;68.52;3;68.52
2011-03-03;72.84;3;72.84
2011-03-04;80.25;3;80.25
2011-03-05;77.48;3;77.48
2011-03-06;86.66;3;86.66
2011-03-07;64.02;3;64.02
2011-03-08;66.3;3;66.3
2011-03-09;78.72;3;78.72
2011-03-10;79.13;3;79.13
2011-03-11;77.9;3;77.9
2011-03-12;74.62;3;74.62
2011-03-13;46.16;3;46.16
2011-03-14;50.78;3;50.78
2011-03-15;73.8;3;73.8
2011-03-16;74.62;3;74.62
2011-03-17;81.21;3;81.21
2011-03-18;257.2;3;257.2
2011-03-19;201.4;3;201.4
2011-03-20;183.3;3;183.3
2011-03-21;175.3;3;175.3
2011-03-22;169.4;3;169.4
2011-03-23;135.7;3;135.7
2011-03-24;166.8;3;166.8
2011-03-25;142.2;3;142.2
2011-03-26;104.6;3;104.6
2011-03-27;82.85;3;82.85
2011-03-28;80.36;3;80.36
2011-03-29;80.36;3;80.36
2011-03-30;77.9;3;77.9
2011-03-31;88.8;3;88.8
2011-04-01;175.3;4;175.3
2011-04-02;226.2;4;226.2
2011-04-03;221.9;4;221.9
2011-04-04;253.9;4;253.9
2011-04-05;256.4;4;256.4
2011-04-06;262.6;4;262.6
2011-04-07;250.0;4;250.0
2011-04-08;306.4;4;306.4
2011-04-09;280.3;4;280.3
2011-04-10;289.9;4;289.9
2011-04-11;271.5;4;271.5
2011-04-12;214.7;4;214.7
2011-04-13;182.1;4;182.1
2011-04-14;93.11;4;93.11
2011-04-15;93.11;4;93.11
2011-04-16;109.3;4;109.3
2011-04-17;118.7;4;118.7
2011-04-18;143.3;4;143.3
2011-04-19;141.1;4;141.1
2011-04-20;146.7;4;146.7
2011-04-21;160.8;4;160.8
2011-04-22;151.6;4;151.6
2011-04-23;200.3;4;200.3
2011-04-24;259.4;4;259.4
2011-04-25;261.0;4;261.0
2011-04-26;242.1;4;242.1
2011-04-27;221.9;4;221.9
2011-04-28;237.4;4;237.4
2011-04-29;248.4;4;248.4
2011-04-30;240.6;4;240.6
2011-05-01;272.6;5;272.6
2011-05-02;314.7;5;314.7
2011-05-03;667.7;5;667.7
2011-05-04;859.3;5;859.3
2011-05-05;579.5;5;579.5
2011-05-06;366.2;5;366.2
2011-05-07;260.3;5;260.3
2011-05-08;218.9;5;218.9
2011-05-09;209.1;5;209.1
2011-05-10;209.8;5;209.8
2011-05-11;203.5;5;203.5
2011-05-12;162.1;5;162.1
2011-05-13;269.9;5;269.9
2011-05-14;456.2;5;456.2
2011-05-15;520.6;5;520.6
2011-05-16;496.4;5;496.4
2011-05-17;266.0;5;266.0
2011-05-18;199.0;5;199.0
2011-05-19;242.1;5;242.1
2011-05-20;205.6;5;205.6
2011-05-21;182.7;5;182.7
2011-05-22;405.0;5;405.0
2011-05-23;311.7;5;311.7
2011-05-24;274.0;5;274.0
2011-05-25;225.4;5;225.4
2011-05-26;182.7;5;182.7
2011-05-27;166.8;5;166.8
2011-05-28;198.1;5;198.1
2011-05-29;202.1;5;202.1
2011-05-30;265.8;5;265.8
2011-05-31;329.6;5;329.6
2011-06-01;630.8;6;630.8
2011-06-02;693.5;6;693.5
2011-06-03;734.0;6;734.0
2011-06-04;939.9;6;939.9
2011-06-05;851.0;6;851.0
2011-06-06;750.2;6;750.2
2011-06-07;344.1;6;344.1
2011-06-08;326.1;6;326.1
2011-06-09;304.8;6;304.8
2011-06-10;261.0;6;261.0
2011-06-11;233.0;6;233.0
2011-06-12;198.8;6;198.8
2011-06-13;231.9;6;231.9
2011-06-14;264.2;6;264.2
2011-06-15;288.3;6;288.3
2011-06-16;253.1;6;253.1
2011-06-17;230.4;6;230.4
2011-06-18;323.3;6;323.3
2011-06-19;454.1;6;454.1
2011-06-20;507.5;6;507.5
2011-06-21;522.8;6;522.8
2011-06-22;541.3;6;541.3
2011-06-23;569.0;6;569.0
2011-06-24;583.6;6;583.6
2011-06-25;379.7;6;379.7
2011-06-26;404.7;6;404.7
2011-06-27;547.4;6;547.4
2011-06-28;623.3;6;623.3
2011-06-29;583.5;6;583.5
2011-06-30;306.4;6;306.4
2011-07-01;330.5;7;330.5
2011-07-02;338.3;7;338.3
2011-07-03;187.6;7;187.6
2011-07-04;295.2;7;295.2
2011-07-05;237.4;7;237.4
2011-07-06;311.4;7;311.4
2011-07-07;592.2;7;592.2
2011-07-08;344.1;7;344.1
2011-07-09;232.2;7;232.2
2011-07-10;342.2;7;342.2
2011-07-11;376.1;7;376.1
2011-07-12;355.7;7;355.7
2011-07-13;354.6;7;354.6
2011-07-14;323.3;7;323.3
2011-07-15;274.8;7;274.8
2011-07-16;209.8;7;209.8
2011-07-17;198.6;7;198.6
2011-07-18;187.6;7;187.6
2011-07-19;181.5;7;181.5
2011-07-20;148.9;7;148.9
2011-07-21;157.6;7;157.6
2011-07-22;229.0;7;229.0
2011-07-23;279.5;7;279.5
2011-07-24;351.9;7;351.9
2011-07-25;582.2;7;582.2
2011-07-26;493.7;7;493.7
2011-07-27;260.8;7;260.8
2011-07-28;203.5;7;203.5
2011-07-29;217.2;7;217.2
2011-07-30;275.5;7;275.5
2011-07-31;232.7;7;232.7
2011-08-01;315.2;8;315.2
2011-08-02;289.4;8;289.4
2011-08-03;248.4;8;248.4
2011-08-04;242.9;8;242.9
2011-08-05;236.6;8;236.6
2011-08-06;223.1;8;223.1
2011-08-07;215.4;8;215.4
2011-08-08;201.4;8;201.4
2011-08-09;200.7;8;200.7
2011-08-10;190.7;8;190.7
2011-08-11;175.3;8;175.3
2011-08-12;224.6;8;224.6
2011-08-13;139.5;8;139.5
2011-08-14;137.3;8;137.3
2011-08-15;130.4;8;130.4
2011-08-16;127.2;8;127.2
2011-08-17;120.3;8;120.3
2011-08-18;113.3;8;113.3
2011-08-19;109.3;8;109.3
2011-08-20;110.3;8;110.3
2011-08-21;112.8;8;112.8
2011-08-22;121.3;8;121.3
2011-08-23;132.0;8;132.0
2011-08-24;124.9;8;124.9
2011-08-25;141.7;8;141.7
2011-08-26;140.6;8;140.6
2011-08-27;138.9;8;138.9
2011-08-28;133.0;8;133.0
2011-08-29;133.6;8;133.6
2011-08-30;141.1;8;141.1
2011-08-31;128.2;8;128.2
2011-09-01;120.3;9;120.3
2011-09-02;112.3;9;112.3
2011-09-03;109.3;9;109.3
2011-09-04;105.0;9;105.0
2011-09-05;102.6;9;102.6
2011-09-06;108.3;9;108.3
2011-09-07;109.8;9;109.8
2011-09-08;101.6;9;101.6
2011-09-09;155.2;9;155.2
2011-09-10;98.42;9;98.42
2011-09-11;91.81;9;91.81
2011-09-12;95.29;9;95.29
2011-09-13;96.59;9;96.59
2011-09-14;98.76;9;98.76
2011-09-15;101.1;9;101.1
2011-09-16;106.4;9;106.4
2011-09-17;110.8;9;110.8
2011-09-18;149.5;9;149.5
2011-09-19;208.9;9;208.9
2011-09-20;282.0;9;282.0
2011-09-21;366.4;9;366.4
2011-09-22;451.2;9;451.2
2011-09-23;419.6;9;419.6
2011-09-24;366.2;9;366.2
2011-09-25;331.0;9;331.0
2011-09-26;271.4;9;271.4
2011-09-27;211.4;9;211.4
2011-09-28;167.7;9;167.7
2011-09-29;142.2;9;142.2
2011-09-30;127.7;9;127.7
2011-10-01;130.4;10;130.4
2011-10-02;134.1;10;134.1
2011-10-03;133.6;10;133.6
2011-10-04;114.7;10;114.7
2011-10-05;109.3;10;109.3
2011-10-06;103.5;10;103.5
2011-10-07;100.2;10;100.2
2011-10-08;105.0;10;105.0
2011-10-09;93.98;10;93.98
2011-10-10;93.11;10;93.11
2011-10-11;91.83;10;91.83
2011-10-12;84.13;10;84.13
2011-10-13;90.1;10;90.1
2011-10-14;90.51;10;90.51
2011-10-15;87.1;10;87.1
2011-10-16;86.68;10;86.68
2011-10-17;96.59;10;96.59
2011-10-18;122.9;10;122.9
2011-10-19;128.2;10;128.2
2011-10-20;120.5;10;120.5
2011-10-21;136.3;10;136.3
2011-10-22;103.8;10;103.8
2011-10-23;136.1;10;136.1
2011-10-24;215.6;10;215.6
2011-10-25;267.4;10;267.4
2011-10-26;245.3;10;245.3
2011-10-27;213.3;10;213.3
2011-10-28;186.4;10;186.4
2011-10-29;176.5;10;176.5
2011-10-30;164.6;10;164.6
2011-10-31;127.5;10;127.5
2011-11-01;-999.000;11;115.1
2011-11-02;-999.000;11;108.8
2011-11-03;-999.000;11;117.5
2011-11-04;-999.000;11;114.4
2011-11-05;-999.000;11;141.4
2011-11-06;-999.000;11;98.4
2011-11-07;-999.000;11;126.7
2011-11-08;-999.000;11;140.7
2011-11-09;-999.000;11;112.4
2011-11-10;-999.000;11;95.5
2011-11-11;-999.000;11;133.2
2011-11-12;-999.000;11;141.4
2011-11-13;-999.000;11;126.1
2011-11-14;-999.000;11;110.9
2011-11-15;-999.000;11;169.9
2011-11-16;-999.000;11;99.8
2011-11-17;-999.000;11;98.0
2011-11-18;-999.000;11;118.8
2011-11-19;-999.000;11;110.7
2011-11-20;-999.000;11;111.8
2011-11-21;-999.000;11;97.46
2011-11-22;-999.000;11;183.0
2011-11-23;-999.000;11;137.0
2011-11-24;-999.000;11;109.7
2011-11-25;-999.000;11;127.0
2011-11-26;-999.000;11;88.8
2011-11-27;-999.000;11;244.2
2011-11-28;-999.000;11;128.4
2011-11-29;-999.000;11;186.3
2011-11-30;-999.000;11;262.8
2011-12-01;-999.000;12;88.6
2011-12-02;-999.000;12;111.2
2011-12-03;-999.000;12;159.9
2011-12-04;-999.000;12;81.0
2011-12-05;-999.000;12;114.8
2011-12-06;-999.000;12;171.5
2011-12-07;-999.000;12;82.0
2011-12-08;-999.000;12;92.0
2011-12-09;-999.000;12;81.3
2011-12-10;-999.000;12;81.8
2011-12-11;-999.000;12;118.2
2011-12-12;-999.000;12;78.72
2011-12-13;-999.000;12;78.0
2011-12-14;-999.000;12;91.7
2011-12-15;-999.000;12;82.54
2011-12-16;-999.000;12;126.8
2011-12-17;-999.000;12;84.2
2011-12-18;-999.000;12;115.9
2011-12-19;-999.000;12;73.2
2011-12-20;-999.000;12;106.9
2011-12-21;-999.000;12;124.4
2011-12-22;-999.000;12;100.9
2011-12-23;-999.000;12;96.0
2011-12-24;-999.000;12;132.1
2011-12-25;-999.000;12;84.8
2011-12-26;-999.000;12;126.0
2011-12-27;-999.000;12;72.32
2011-12-28;-999.000;12;93.12
2011-12-29;-999.000;12;191.7
2011-12-30;-999.000;12;113.5
2011-12-31;-999.000;12;108.0
2012-01-01;-999.000;1;64.0
2012-01-02;-999.000;1;73.6
2012-01-03;-999.000;1;67.7
2012-01-04;-999.000;1;82.5
2012-01-05;-999.000;1;105.5
2012-01-06;-999.000;1;61.4
2012-01-07;-999.000;1;70.1
2012-01-08;-999.000;1;60.7
2012-01-09;-999.000;1;68.0
2012-01-10;-999.000;1;57.0
2012-01-11;-999.000;1;75.8
2012-01-12;-999.000;1;82.7
2012-01-13;-999.000;1;95.5
2012-01-14;-999.000;1;52.2
2012-01-15;-999.000;1;106.8
2012-01-16;-999.000;1;54.6
2012-01-17;-999.000;1;76.5
2012-01-18;-999.000;1;61.5
2012-01-19;-999.000;1;121.7
2012-01-20;-999.000;1;52.4
2012-01-21;-999.000;1;66.3
2012-01-22;-999.000;1;100.7
2012-01-23;-999.000;1;91.18
2012-01-24;-999.000;1;60.7
2012-01-25;-999.000;1;60.98
2012-01-26;-999.000;1;73.8
2012-01-27;-999.000;1;60.9
2012-01-28;-999.000;1;69.8
2012-01-29;-999.000;1;58.7
2012-01-30;-999.000;1;67.2
2012-01-31;-999.000;1;79.6
2012-02-01;-999.000;2;59.6
2012-02-02;-999.000;2;40.24
2012-02-03;-999.000;2;44.99
2012-02-04;-999.000;2;78.65
2012-02-05;-999.000;2;85.1
2012-02-06;-999.000;2;104.0
2012-02-07;-999.000;2;42.81
2012-02-08;-999.000;2;75.8
2012-02-09;-999.000;2;71.5
2012-02-10;-999.000;2;57.6
2012-02-11;-999.000;2;70.5
2012-02-12;-999.000;2;81.8
2012-02-13;-999.000;2;124.2
2012-02-14;-999.000;2;113.2
2012-02-15;-999.000;2;45.17
2012-02-16;-999.000;2;62.0
2012-02-17;-999.000;2;43.0
2012-02-18;-999.000;2;112.0
2012-02-19;-999.000;2;62.0
2012-02-20;-999.000;2;72.3
2012-02-21;-999.000;2;48.8
2012-02-22;-999.000;2;65.1
2012-02-23;-999.000;2;75.2
2012-02-24;-999.000;2;82.6
2012-02-25;-999.000;2;69.8
2012-02-26;-999.000;2;40.5
2012-02-27;-999.000;2;97.8
2012-02-28;-999.000;2;49.9
2012-02-29;-999.000;2;57.3
2012-03-01;-999.000;3;56.8
2012-03-02;-999.000;3;131.1
2012-03-03;-999.000;3;41.0
2012-03-04;-999.000;3;142.7
2012-03-05;-999.000;3;138.5
2012-03-06;-999.000;3;128.9
2012-03-07;-999.000;3;114.5
2012-03-08;-999.000;3;56.6
2012-03-09;-999.000;3;80.1
2012-03-10;-999.000;3;99.9
2012-03-11;-999.000;3;68.8
2012-03-12;-999.000;3;81.2
2012-03-13;-999.000;3;61.1
2012-03-14;-999.000;3;96.6
2012-03-15;-999.000;3;104.4
2012-03-16;-999.000;3;76.5
2012-03-17;-999.000;3;54.0
2012-03-18;-999.000;3;142.2
2012-03-19;-999.000;3;76.5
2012-03-20;-999.000;3;111.0
2012-03-21;-999.000;3;86.9
2012-03-22;-999.000;3;81.2
2012-03-23;-999.000;3;91.0
2012-03-24;-999.000;3;66.6
2012-03-25;-999.000;3;95.6
2012-03-26;-999.000;3;107.2
2012-03-27;-999.000;3;107.6
2012-03-28;-999.000;3;77.9
2012-03-29;-999.000;3;83.0
2012-03-30;-999.000;3;79.2
2012-03-31;-999.000;3;93.0
2012-04-01;-999.000;4;201.0
2012-04-02;-999.000;4;84.1
2012-04-03;-999.000;4;66.8
2012-04-04;-999.000;4;190.7
2012-04-05;-999.000;4;240.0
2012-04-06;-999.000;4;191.3
2012-04-07;-999.000;4;188.5
2012-04-08;-999.000;4;121.1
2012-04-09;-999.000;4;94.05
2012-04-10;-999.000;4;260.0
2012-04-11;-999.000;4;108.0
2012-04-12;-999.000;4;110.5
2012-04-13;-999.000;4;89.6
2012-04-14;-999.000;4;77.7
2012-04-15;-999.000;4;122.0
2012-04-16;-999.000;4;78.9
2012-04-17;-999.000;4;80.6
2012-04-18;-999.000;4;87.8
2012-04-19;-999.000;4;134.3
2012-04-20;-999.000;4;90.3
2012-04-21;-999.000;4;176.7
2012-04-22;-999.000;4;75.8
2012-04-23;-999.000;4;54.0
2012-04-24;-999.000;4;81.3
2012-04-25;-999.000;4;253.0
2012-04-26;-999.000;4;61.8
2012-04-27;-999.000;4;175.7
2012-04-28;-999.000;4;67.0
2012-04-29;-999.000;4;119.5
2012-04-30;-999.000;4;240.0
2012-05-01;-999.000;5;193.8
2012-05-02;-999.000;5;124.2
2012-05-03;-999.000;5;232.5
2012-05-04;-999.000;5;238.1
2012-05-05;-999.000;5;228.6
2012-05-06;-999.000;5;138.0
2012-05-07;-999.000;5;331.0
2012-05-08;-999.000;5;153.3
2012-05-09;-999.000;5;194.6
2012-05-10;-999.000;5;267.6
2012-05-11;-999.000;5;136.9
2012-05-12;-999.000;5;134.9
2012-05-13;-999.000;5;166.8
2012-05-14;-999.000;5;279.0
2012-05-15;-999.000;5;693.2
2012-05-16;-999.000;5;211.4
2012-05-17;-999.000;5;172.0
2012-05-18;-999.000;5;274.7
2012-05-19;-999.000;5;105.2
2012-05-20;-999.000;5;101.0
2012-05-21;-999.000;5;221.5
2012-05-22;-999.000;5;120.1
2012-05-23;-999.000;5;484.7
2012-05-24;-999.000;5;345.7
2012-05-25;-999.000;5;194.0
2012-05-26;-999.000;5;148.9
2012-05-27;-999.000;5;203.6
2012-05-28;-999.000;5;97.25
2012-05-29;-999.000;5;287.0
2012-05-30;-999.000;5;153.1
2012-05-31;-999.000;5;211.1
2012-06-01;-999.000;6;284.5
2012-06-02;-999.000;6;506.5
2012-06-03;-999.000;6;249.6
2012-06-04;-999.000;6;390.8
2012-06-05;-999.000;6;516.5
2012-06-06;-999.000;6;194.7
2012-06-07;-999.000;6;383.9
2012-06-08;-999.000;6;155.8
2012-06-09;-999.000;6;259.5
2012-06-10;-999.000;6;192.6
2012-06-11;-999.000;6;379.7
2012-06-12;-999.000;6;143.7
2012-06-13;-999.000;6;194.0
2012-06-14;-999.000;6;331.8
2012-06-15;-999.000;6;350.1
2012-06-16;-999.000;6;474.2
2012-06-17;-999.000;6;207.3
2012-06-18;-999.000;6;266.1
2012-06-19;-999.000;6;486.0
2012-06-20;-999.000;6;138.2
2012-06-21;-999.000;6;467.5
2012-06-22;-999.000;6;323.3
2012-06-23;-999.000;6;837.0
2012-06-24;-999.000;6;240.9
2012-06-25;-999.000;6;439.5
2012-06-26;-999.000;6;448.0
2012-06-27;-999.000;6;422.4
2012-06-28;-999.000;6;254.5
2012-06-29;-999.000;6;547.9
2012-06-30;-999.000;6;149.5
2012-07-01;-999.000;7;254.1
2012-07-02;-999.000;7;180.7
2012-07-03;-999.000;7;311.6
2012-07-04;-999.000;7;297.3
2012-07-05;-999.000;7;487.7
2012-07-06;-999.000;7;165.4
2012-07-07;-999.000;7;221.0
2012-07-08;-999.000;7;195.5
2012-07-09;-999.000;7;195.4
2012-07-10;-999.000;7;273.7
2012-07-11;-999.000;7;261.2
2012-07-12;-999.000;7;163.6
2012-07-13;-999.000;7;356.8
2012-07-14;-999.000;7;248.3
2012-07-15;-999.000;7;395.8
2012-07-16;-999.000;7;339.0
2012-07-17;-999.000;7;138.5
2012-07-18;-999.000;7;56.1
2012-07-19;-999.000;7;159.6
2012-07-20;-999.000;7;204.5
2012-07-21;-999.000;7;267.0
2012-07-22;-999.000;7;245.5
2012-07-23;-999.000;7;194.9
2012-07-24;-999.000;7;143.0
2012-07-25;-999.000;7;385.7
2012-07-26;-999.000;7;108.5
2012-07-27;-999.000;7;256.5
2012-07-28;-999.000;7;199.8
2012-07-29;-999.000;7;248.7
2012-07-30;-999.000;7;133.4
2012-07-31;-999.000;7;205.3
2012-08-01;-999.000;8;213.0
2012-08-02;-999.000;8;182.4
2012-08-03;-999.000;8;262.8
2012-08-04;-999.000;8;204.2
2012-08-05;-999.000;8;156.6
2012-08-06;-999.000;8;162.5
2012-08-07;-999.000;8;213.3
2012-08-08;-999.000;8;152.8
2012-08-09;-999.000;8;224.0
2012-08-10;-999.000;8;145.6
2012-08-11;-999.000;8;133.4
2012-08-12;-999.000;8;204.5
2012-08-13;-999.000;8;151.7
2012-08-14;-999.000;8;143.1
2012-08-15;-999.000;8;227.0
2012-08-16;-999.000;8;137.8
2012-08-17;-999.000;8;226.8
2012-08-18;-999.000;8;488.5
2012-08-19;-999.000;8;112.8
2012-08-20;-999.000;8;338.0
2012-08-21;-999.000;8;229.5
2012-08-22;-999.000;8;283.7
2012-08-23;-999.000;8;148.9
2012-08-24;-999.000;8;143.6
2012-08-25;-999.000;8;68.18
2012-08-26;-999.000;8;332.4
2012-08-27;-999.000;8;309.4
2012-08-28;-999.000;8;228.1
2012-08-29;-999.000;8;240.5
2012-08-30;-999.000;8;138.8
2012-08-31;-999.000;8;126.5
2012-09-01;-999.000;9;127.7
2012-09-02;-999.000;9;154.2
2012-09-03;-999.000;9;109.5
2012-09-04;-999.000;9;167.8
2012-09-05;-999.000;9;135.5
2012-09-06;-999.000;9;193.5
2012-09-07;-999.000;9;199.8
2012-09-08;-999.000;9;124.6
2012-09-09;-999.000;9;161.0
2012-09-10;-999.000;9;143.5
2012-09-11;-999.000;9;117.1
2012-09-12;-999.000;9;130.3
2012-09-13;-999.000;9;252.1
2012-09-14;-999.000;9;135.8
2012-09-15;-999.000;9;189.0
2012-09-16;-999.000;9;277.4
2012-09-17;-999.000;9;144.5
2012-09-18;-999.000;9;160.5
2012-09-19;-999.000;9;115.4
2012-09-20;-999.000;9;122.4
2012-09-21;-999.000;9;112.8
2012-09-22;-999.000;9;163.3
2012-09-23;-999.000;9;123.7
2012-09-24;-999.000;9;154.0
2012-09-25;-999.000;9;127.3
2012-09-26;-999.000;9;154.4
2012-09-27;-999.000;9;130.2
2012-09-28;-999.000;9;186.4
2012-09-29;-999.000;9;239.3
2012-09-30;-999.000;9;152.3
2012-10-01;-999.000;10;129.6
2012-10-02;-999.000;10;97.4
2012-10-03;-999.000;10;159.5
2012-10-04;-999.000;10;126.8
2012-10-05;-999.000;10;132.6
2012-10-06;-999.000;10;244.9
2012-10-07;-999.000;10;121.3
2012-10-08;-999.000;10;124.1
2012-10-09;-999.000;10;126.0
2012-10-10;-999.000;10;105.7
2012-10-11;-999.000;10;101.1
2012-10-12;-999.000;10;145.7
2012-10-13;-999.000;10;127.2
2012-10-14;-999.000;10;175.0
2012-10-15;-999.000;10;248.8
2012-10-16;-999.000;10;129.7
2012-10-17;-999.000;10;244.3
2012-10-18;-999.000;10;103.5
2012-10-19;-999.000;10;133.9
2012-10-20;-999.000;10;211.4
2012-10-21;-999.000;10;152.6
2012-10-22;-999.000;10;122.7
2012-10-23;-999.000;10;140.4
2012-10-24;-999.000;10;123.4
2012-10-25;-999.000;10;129.3
2012-10-26;-999.000;10;165.8
2012-10-27;-999.000;10;87.5
2012-10-28;-999.000;10;160.0
2012-10-29;-999.000;10;261.7
2012-10-30;-999.000;10;146.6
2012-10-31;-999.000;10;98.9
2012-11-01;-999.000;11;94.8
2012-11-02;-999.000;11;109.1
2012-11-03;-999.000;11;111.4
2012-11-04;-999.000;11;123.5
2012-11-05;-999.000;11;118.8
2012-11-06;-999.000;11;110.6
2012-11-07;-999.000;11;130.7
2012-11-08;-999.000;11;108.6
2012-11-09;-999.000;11;93.11
2012-11-10;-999.000;11;99.1
2012-11-11;-999.000;11;102.2
2012-11-12;-999.000;11;103.2
2012-11-13;-999.000;11;92.0
2012-11-14;-999.000;11;113.7
2012-11-15;-999.000;11;106.1
2012-11-16;-999.000;11;175.3
2012-11-17;-999.000;11;120.8
2012-11-18;-999.000;11;209.8
2012-11-19;-999.000;11;166.9
2012-11-20;-999.000;11;103.6
2012-11-21;-999.000;11;88.2
2012-11-22;-999.000;11;168.0
2012-11-23;-999.000;11;130.2
2012-11-24;-999.000;11;195.0
2012-11-25;-999.000;11;98.1
2012-11-26;-999.000;11;121.5
2012-11-27;-999.000;11;114.1
2012-11-28;-999.000;11;103.6
2012-11-29;-999.000;11;97.0
2012-11-30;-999.000;11;297.2
2012-12-01;-999.000;12;78.8
2012-12-02;-999.000;12;159.5
2012-12-03;-999.000;12;67.9
2012-12-04;-999.000;12;108.2
2012-12-05;-999.000;12;82.5
2012-12-06;-999.000;12;80.2
2012-12-07;-999.000;12;94.1
2012-12-08;-999.000;12;106.0
2012-12-09;-999.000;12;81.0
2012-12-10;-999.000;12;75.4
2012-12-11;-999.000;12;104.8
2012-12-12;-999.000;12;119.4
2012-12-13;-999.000;12;169.1
2012-12-14;-999.000;12;70.4
2012-12-15;-999.000;12;108.0
2012-12-16;-999.000;12;108.4
2012-12-17;-999.000;12;124.6
2012-12-18;-999.000;12;81.6
2012-12-19;-999.000;12;107.8
2012-12-20;-999.000;12;68.7
2012-12-21;-999.000;12;89.8
2012-12-22;-999.000;12;79.4
2012-12-23;-999.000;12;77.6
2012-12-24;-999.000;12;158.9
2012-12-25;-999.000;12;82.1
2012-12-26;-999.000;12;69.9
2012-12-27;-999.000;12;80.8
2012-12-28;-999.000;12;139.8
2012-12-29;-999.000;12;112.7
2012-12-30;-999.000;12;114.6
2012-12-31;-999.000;12;91.9
2013-01-01;-999.000;1;76.8
2013-01-02;-999.000;1;86.3
2013-01-03;-999.000;1;90.3
2013-01-04;-999.000;1;62.6
2013-01-05;-999.000;1;105.0
2013-01-06;-999.000;1;93.4
2013-01-07;-999.000;1;79.8
2013-01-08;-999.000;1;77.0
2013-01-09;-999.000;1;83.0
2013-01-10;-999.000;1;67.6
2013-01-11;-999.000;1;57.6
2013-01-12;-999.000;1;78.7
2013-01-13;-999.000;1;87.0
2013-01-14;-999.000;1;72.9
2013-01-15;-999.000;1;53.5
2013-01-16;-999.000;1;83.77
2013-01-17;-999.000;1;63.7
2013-01-18;-999.000;1;65.4
2013-01-19;-999.000;1;107.6
2013-01-20;-999.000;1;64.0
2013-01-21;-999.000;1;57.6
2013-01-22;-999.000;1;88.6
2013-01-23;-999.000;1;92.0
2013-01-24;-999.000;1;69.5
2013-01-25;-999.000;1;45.5
2013-01-26;-999.000;1;67.6
2013-01-27;-999.000;1;61.6
2013-01-28;-999.000;1;52.0
2013-01-29;-999.000;1;59.5
2013-01-30;-999.000;1;87.2
2013-01-31;-999.000;1;60.6
2013-02-01;-999.000;2;124.9
2013-02-02;-999.000;2;87.7
2013-02-03;-999.000;2;60.8
2013-02-04;-999.000;2;134.4
2013-02-05;-999.000;2;141.0
2013-02-06;-999.000;2;75.4
2013-02-07;-999.000;2;136.4
2013-02-08;-999.000;2;46.89
2013-02-09;-999.000;2;70.2
2013-02-10;-999.000;2;46.0
2013-02-11;-999.000;2;46.6
2013-02-12;-999.000;2;86.25
2013-02-13;-999.000;2;75.3
2013-02-14;-999.000;2;68.8
2013-02-15;-999.000;2;59.1
2013-02-16;-999.000;2;58.3
2013-02-17;-999.000;2;47.81
2013-02-18;-999.000;2;61.1
2013-02-19;-999.000;2;57.6
2013-02-20;-999.000;2;50.4
2013-02-21;-999.000;2;59.6
2013-02-22;-999.000;2;66.4
2013-02-23;-999.000;2;55.7
2013-02-24;-999.000;2;77.3
2013-02-25;-999.000;2;106.4
2013-02-26;-999.000;2;74.8
2013-02-27;-999.000;2;105.6
2013-02-28;-999.000;2;66.8
2013-03-01;-999.000;3;83.7
2013-03-02;-999.000;3;51.0
2013-03-03;-999.000;3;186.1
2013-03-04;-999.000;3;107.6
2013-03-05;-999.000;3;63.62
2013-03-06;-999.000;3;167.9
2013-03-07;-999.000;3;101.5
2013-03-08;-999.000;3;77.7
2013-03-09;-999.000;3;202.7
2013-03-10;-999.000;3;133.3
2013-03-11;-999.000;3;107.4
2013-03-12;-999.000;3;93.1
2013-03-13;-999.000;3;145.6
2013-03-14;-999.000;3;67.6
2013-03-15;-999.000;3;66.4
2013-03-16;-999.000;3;75.3
2013-03-17;-999.000;3;91.0
2013-03-18;-999.000;3;108.6
2013-03-19;-999.000;3;79.3
2013-03-20;-999.000;3;115.4
2013-03-21;-999.000;3;103.1
2013-03-22;-999.000;3;53.7
2013-03-23;-999.000;3;134.2
2013-03-24;-999.000;3;145.6
2013-03-25;-999.000;3;103.2
2013-03-26;-999.000;3;106.0
2013-03-27;-999.000;3;128.9
2013-03-28;-999.000;3;79.18
2013-03-29;-999.000;3;58.0
2013-03-30;-999.000;3;88.8
2013-03-31;-999.000;3;64.21
2013-04-01;155.5;4;155.5
2013-04-02;161.9;4;161.9
2013-04-03;165.7;4;165.7
2013-04-04;157.4;4;157.4
2013-04-05;184.7;4;184.7
2013-04-06;175.5;4;175.5
2013-04-07;139.1;4;139.1
2013-04-08;141.7;4;141.7
2013-04-09;145.6;4;145.6
2013-04-10;145.6;4;145.6
2013-04-11;146.2;4;146.2
2013-04-12;152.2;4;152.2
2013-04-13;190.8;4;190.8
2013-04-14;183.9;4;183.9
2013-04-15;172.7;4;172.7
2013-04-16;200.6;4;200.6
2013-04-17;223.2;4;223.2
2013-04-18;187.9;4;187.9
2013-04-19;185.0;4;185.0
2013-04-20;168.2;4;168.2
2013-04-21;173.5;4;173.5
2013-04-22;213.5;4;213.5
2013-04-23;170.8;4;170.8
2013-04-24;181.9;4;181.9
2013-04-25;209.4;4;209.4
2013-04-26;167.3;4;167.3
2013-04-27;148.6;4;148.6
2013-04-28;153.3;4;153.3
2013-04-29;167.9;4;167.9
2013-04-30;148.4;4;148.4
2013-05-01;158.5;5;158.5
2013-05-02;193.6;5;193.6
2013-05-03;173.2;5;173.2
2013-05-04;167.5;5;167.5
2013-05-05;159.4;5;159.4
2013-05-06;205.1;5;205.1
2013-05-07;183.9;5;183.9
2013-05-08;155.3;5;155.3
2013-05-09;175.4;5;175.4
2013-05-10;-999.000;5;68.7
2013-05-11;-999.000;5;217.5
2013-05-12;-999.000;5;177.1
2013-05-13;-999.000;5;112.6
2013-05-14;-999.000;5;184.6
2013-05-15;-999.000;5;209.6
2013-05-16;-999.000;5;404.0
2013-05-17;-999.000;5;196.0
2013-05-18;-999.000;5;248.0
2013-05-19;226.1;5;226.1
2013-05-20;135.3;5;135.3
2013-05-21;-999.000;5;142.0
2013-05-22;-999.000;5;245.1
2013-05-23;-999.000;5;97.3
2013-05-24;-999.000;5;219.8
2013-05-25;-999.000;5;137.3
2013-05-26;-999.000;5;405.3
2013-05-27;323.4;5;323.4
2013-05-28;102.2;5;102.2
2013-05-29;70.55;5;70.55
2013-05-30;88.81;5;88.81
2013-05-31;71.83;5;71.83
2013-06-01;56.55;6;56.55
2013-06-02;51.05;6;51.05
2013-06-03;70.6;6;70.6
2013-06-04;62.33;6;62.33
2013-06-05;120.9;6;120.9
2013-06-06;68.5;6;68.5
2013-06-07;72.73;6;72.73
2013-06-08;125.4;6;125.4
2013-06-09;64.16;6;64.16
2013-06-10;51.08;6;51.08
2013-06-11;76.29;6;76.29
2013-06-12;330.5;6;330.5
2013-06-13;106.7;6;106.7
2013-06-14;87.41;6;87.41
2013-06-15;235.6;6;235.6
2013-06-16;259.7;6;259.7
2013-06-17;133.0;6;133.0
2013-06-18;92.91;6;92.91
2013-06-19;86.51;6;86.51
2013-06-20;66.38;6;66.38
2013-06-21;59.41;6;59.41
2013-06-22;58.84;6;58.84
2013-06-23;52.74;6;52.74
2013-06-24;44.05;6;44.05
2013-06-25;39.94;6;39.94
2013-06-26;37.44;6;37.44
2013-06-27;43.43;6;43.43
2013-06-28;40.76;6;40.76
2013-06-29;275.4;6;275.4
2013-06-30;227.3;6;227.3
2013-07-01;84.6;7;84.6
2013-07-02;57.96;7;57.96
2013-07-03;56.1;7;56.1
2013-07-04;43.97;7;43.97
2013-07-05;40.13;7;40.13
2013-07-06;49.74;7;49.74
2013-07-07;64.12;7;64.12
2013-07-08;43.57;7;43.57
2013-07-09;39.13;7;39.13
2013-07-10;75.9;7;75.9
2013-07-11;145.7;7;145.7
2013-07-12;99.31;7;99.31
2013-07-13;52.88;7;52.88
2013-07-14;38.3;7;38.3
2013-07-15;34.83;7;34.83
2013-07-16;35.06;7;35.06
2013-07-17;45.85;7;45.85
2013-07-18;38.28;7;38.28
2013-07-19;56.61;7;56.61
2013-07-20;47.37;7;47.37
2013-07-21;64.44;7;64.44
2013-07-22;116.5;7;116.5
2013-07-23;44.4;7;44.4
2013-07-24;33.35;7;33.35
2013-07-25;30.12;7;30.12
2013-07-26;37.8;7;37.8
2013-07-27;36.25;7;36.25
2013-07-28;30.47;7;30.47
2013-07-29;30.73;7;30.73
2013-07-30;35.98;7;35.98
2013-07-31;38.76;7;38.76
2013-08-01;24.55;8;24.55
2013-08-02;-999.000;8;182.4
2013-08-03;-999.000;8;273.0
2013-08-04;-999.000;8;219.6
2013-08-05;-999.000;8;203.2
2013-08-06;-999.000;8;233.8
2013-08-07;-999.000;8;172.1
2013-08-08;-999.000;8;152.0
2013-08-09;-999.000;8;215.0
2013-08-10;-999.000;8;290.5
2013-08-11;-999.000;8;160.2
2013-08-12;-999.000;8;612.0
2013-08-13;-999.000;8;248.3
2013-08-14;-999.000;8;256.4
2013-08-15;-999.000;8;138.0
2013-08-16;-999.000;8;386.1
2013-08-17;-999.000;8;177.4
2013-08-18;-999.000;8;366.2
2013-08-19;-999.000;8;702.4
2013-08-20;-999.000;8;384.9
2013-08-21;-999.000;8;119.0
2013-08-22;-999.000;8;176.1
2013-08-23;-999.000;8;297.4
2013-08-24;-999.000;8;157.1
2013-08-25;-999.000;8;184.0
2013-08-26;-999.000;8;201.0
2013-08-27;-999.000;8;229.0
2013-08-28;-999.000;8;140.8
2013-08-29;-999.000;8;133.5
2013-08-30;-999.000;8;126.3
2013-08-31;-999.000;8;137.4
2013-09-01;-999.000;9;164.7
2013-09-02;-999.000;9;120.0
2013-09-03;-999.000;9;500.6
2013-09-04;-999.000;9;237.9
2013-09-05;-999.000;9;197.9
2013-09-06;-999.000;9;136.4
2013-09-07;-999.000;9;122.5
2013-09-08;-999.000;9;96.6
2013-09-09;-999.000;9;164.5
2013-09-10;-999.000;9;128.2
2013-09-11;-999.000;9;181.3
2013-09-12;-999.000;9;234.6
2013-09-13;-999.000;9;366.0
2013-09-14;-999.000;9;149.3
2013-09-15;-999.000;9;216.1
2013-09-16;-999.000;9;374.4
2013-09-17;-999.000;9;143.0
2013-09-18;-999.000;9;142.0
2013-09-19;-999.000;9;130.4
2013-09-20;-999.000;9;197.0
2013-09-21;-999.000;9;109.3
2013-09-22;-999.000;9;123.2
2013-09-23;-999.000;9;266.7
2013-09-24;-999.000;9;234.8
2013-09-25;-999.000;9;114.7
2013-09-26;-999.000;9;195.5
2013-09-27;-999.000;9;163.2
2013-09-28;-999.000;9;130.1
2013-09-29;-999.000;9;144.2
2013-09-30;-999.000;9;160.0
2013-10-01;-999.000;10;113.0
2013-10-02;-999.000;10;93.1
2013-10-03;162.2;10;162.2
2013-10-04;225.9;10;225.9
2013-10-05;166.9;10;166.9
2013-10-06;151.7;10;151.7
2013-10-07;152.7;10;152.7
2013-10-08;155.2;10;155.2
2013-10-09;145.5;10;145.5
2013-10-10;139.7;10;139.7
2013-10-11;138.4;10;138.4
2013-10-12;138.2;10;138.2
2013-10-13;131.3;10;131.3
2013-10-14;126.7;10;126.7
2013-10-15;125.5;10;125.5
2013-10-16;135.2;10;135.2
2013-10-17;206.5;10;206.5
2013-10-18;131.6;10;131.6
2013-10-19;118.4;10;118.4
2013-10-20;113.5;10;113.5
2013-10-21;111.4;10;111.4
2013-10-22;116.1;10;116.1
2013-10-23;128.2;10;128.2
2013-10-24;117.1;10;117.1
2013-10-25;109.6;10;109.6
2013-10-26;110.0;10;110.0
2013-10-27;102.8;10;102.8
2013-10-28;119.5;10;119.5
2013-10-29;104.6;10;104.6
2013-10-30;107.8;10;107.8
2013-10-31;151.5;10;151.5
2013-11-01;106.1;11;106.1
2013-11-02;97.03;11;97.03
2013-11-03;99.5;11;99.5
2013-11-04;122.6;11;122.6
2013-11-05;114.0;11;114.0
2013-11-06;100.6;11;100.6
2013-11-07;126.7;11;126.7
2013-11-08;123.0;11;123.0
2013-11-09;123.9;11;123.9
2013-11-10;106.4;11;106.4
2013-11-11;157.5;11;157.5
2013-11-12;116.4;11;116.4
2013-11-13;115.5;11;115.5
2013-11-14;205.5;11;205.5
2013-11-15;244.0;11;244.0
2013-11-16;134.8;11;134.8
2013-11-17;120.3;11;120.3
2013-11-18;186.3;11;186.3
2013-11-19;143.5;11;143.5
2013-11-20;143.6;11;143.6
2013-11-21;132.5;11;132.5
2013-11-22;110.9;11;110.9
2013-11-23;127.0;11;127.0
2013-11-24;140.7;11;140.7
2013-11-25;130.6;11;130.6
2013-11-26;112.1;11;112.1
2013-11-27;118.3;11;118.3
2013-11-28;109.4;11;109.4
2013-11-29;117.0;11;117.0
2013-11-30;123.6;11;123.6
2013-12-01;109.7;12;109.7
2013-12-02;118.0;12;118.0
2013-12-03;124.7;12;124.7
2013-12-04;100.8;12;100.8
2013-12-05;227.4;12;227.4
2013-12-06;152.4;12;152.4
2013-12-07;124.3;12;124.3
2013-12-08;288.4;12;288.4
2013-12-09;154.2;12;154.2
2013-12-10;126.4;12;126.4
2013-12-11;124.1;12;124.1
2013-12-12;147.3;12;147.3
2013-12-13;123.6;12;123.6
2013-12-14;108.8;12;108.8
2013-12-15;102.2;12;102.2
2013-12-16;96.05;12;96.05
2013-12-17;96.15;12;96.15
2013-12-18;96.26;12;96.26
2013-12-19;106.7;12;106.7
2013-12-20;106.4;12;106.4
2013-12-21;101.7;12;101.7
2013-12-22;102.5;12;102.5
2013-12-23;96.73;12;96.73
2013-12-24;-999.000;12;134.0
2013-12-25;-999.000;12;115.1
2013-12-26;-999.000;12;108.4
2013-12-27;-999.000;12;114.3
2013-12-28;-999.000;12;74.3
2013-12-29;-999.000;12;73.3
2013-12-30;-999.000;12;78.07
2013-12-31;-999.000;12;114.9
2014-01-01;-999.000;1;67.7
2014-01-02;-999.000;1;55.0
2014-01-03;-999.000;1;68.55
2014-01-04;-999.000;1;73.8
2014-01-05;-999.000;1;84.25
2014-01-06;-999.000;1;142.7
2014-01-07;130.0;1;130.0
2014-01-08;-999.000;1;65.4
2014-01-09;-999.000;1;91.9
2014-01-10;-999.000;1;76.2
2014-01-11;-999.000;1;81.5
2014-01-12;-999.000;1;136.7
2014-01-13;-999.000;1;68.6
2014-01-14;-999.000;1;158.5
2014-01-15;-999.000;1;77.3
2014-01-16;-999.000;1;51.2
2014-01-17;-999.000;1;72.4
2014-01-18;-999.000;1;70.4
2014-01-19;97.87;1;97.87
2014-01-20;114.1;1;114.1
2014-01-21;-999.000;1;75.1
2014-01-22;-999.000;1;142.7
2014-01-23;-999.000;1;128.4
2014-01-24;-999.000;1;50.5
2014-01-25;-999.000;1;61.0
2014-01-26;-999.000;1;54.4
2014-01-27;-999.000;1;70.6
2014-01-28;-999.000;1;53.3
2014-01-29;-999.000;1;63.0
2014-01-30;-999.000;1;53.0
2014-01-31;-999.000;1;102.7
2014-02-01;-999.000;2;74.8
2014-02-02;-999.000;2;91.4
2014-02-03;-999.000;2;85.1
2014-02-04;-999.000;2;69.4
2014-02-05;-999.000;2;93.5
2014-02-06;-999.000;2;56.8
2014-02-07;-999.000;2;80.0
2014-02-08;-999.000;2;122.0
2014-02-09;-999.000;2;70.5
2014-02-10;-999.000;2;141.0
2014-02-11;-999.000;2;58.0
2014-02-12;-999.000;2;63.0
2014-02-13;-999.000;2;99.3
2014-02-14;-999.000;2;69.5
2014-02-15;-999.000;2;59.4
2014-02-16;-999.000;2;60.8
2014-02-17;-999.000;2;188.6
2014-02-18;-999.000;2;123.7
2014-02-19;-999.000;2;70.0
2014-02-20;-999.000;2;105.6
2014-02-21;-999.000;2;91.3
2014-02-22;-999.000;2;113.4
2014-02-23;-999.000;2;56.6
2014-02-24;-999.000;2;93.9
2014-02-25;-999.000;2;70.7
2014-02-26;-999.000;2;62.7
2014-02-27;-999.000;2;45.64
2014-02-28;186.7;2;186.7
2014-03-01;-999.000;3;79.18
2014-03-02;110.5;3;110.5
2014-03-03;-999.000;3;63.48
2014-03-04;-999.000;3;98.4
2014-03-05;-999.000;3;64.47
2014-03-06;-999.000;3;66.6
2014-03-07;-999.000;3;119.3
2014-03-08;-999.000;3;79.7
2014-03-09;109.9;3;109.9
2014-03-10;106.4;3;106.4
2014-03-11;-999.000;3;49.2
2014-03-12;-999.000;3;96.8
2014-03-13;95.75;3;95.75
2014-03-14;144.5;3;144.5
2014-03-15;101.5;3;101.5
2014-03-16;-999.000;3;122.1
2014-03-17;-999.000;3;58.7
2014-03-18;-999.000;3;63.1
2014-03-19;-999.000;3;157.2
2014-03-20;113.0;3;113.0
2014-03-21;-999.000;3;52.2
2014-03-22;-999.000;3;249.9
2014-03-23;186.1;3;186.1
2014-03-24;148.3;3;148.3
2014-03-25;116.1;3;116.1
2014-03-26;96.2;3;96.2
2014-03-27;124.5;3;124.5
2014-03-28;108.6;3;108.6
2014-03-29;91.28;3;91.28
2014-03-30;-999.000;3;199.8
2014-03-31;-999.000;3;56.0
2014-04-01;-999.000;4;79.0
2014-04-02;-999.000;4;123.9
2014-04-03;207.0;4;207.0
2014-04-04;317.3;4;317.3
2014-04-05;140.2;4;140.2
2014-04-06;114.7;4;114.7
2014-04-07;156.6;4;156.6
2014-04-08;212.0;4;212.0
2014-04-09;164.1;4;164.1
2014-04-10;149.9;4;149.9
2014-04-11;123.9;4;123.9
2014-04-12;112.0;4;112.0
2014-04-13;100.4;4;100.4
2014-04-14;127.7;4;127.7
2014-04-15;265.5;4;265.5
2014-04-16;533.1;4;533.1
2014-04-17;194.8;4;194.8
2014-04-18;281.9;4;281.9
2014-04-19;206.2;4;206.2
2014-04-20;159.3;4;159.3
2014-04-21;150.1;4;150.1
2014-04-22;128.1;4;128.1
2014-04-23;120.4;4;120.4
2014-04-24;397.3;4;397.3
2014-04-25;349.3;4;349.3
2014-04-26;163.4;4;163.4
2014-04-27;138.3;4;138.3
2014-04-28;131.6;4;131.6
2014-04-29;201.0;4;201.0
2014-04-30;194.3;4;194.3
2014-05-01;184.1;5;184.1
2014-05-02;136.1;5;136.1
2014-05-03;195.2;5;195.2
2014-05-04;364.3;5;364.3
2014-05-05;196.2;5;196.2
2014-05-06;147.0;5;147.0
2014-05-07;140.0;5;140.0
2014-05-08;134.5;5;134.5
2014-05-09;697.4;5;697.4
2014-05-10;497.5;5;497.5
2014-05-11;444.2;5;444.2
2014-05-12;489.9;5;489.9
2014-05-13;336.6;5;336.6
2014-05-14;266.9;5;266.9
2014-05-15;222.2;5;222.2
2014-05-16;267.9;5;267.9
2014-05-17;203.9;5;203.9
2014-05-18;208.3;5;208.3
2014-05-19;234.4;5;234.4
2014-05-20;245.1;5;245.1
2014-05-21;176.4;5;176.4
2014-05-22;174.8;5;174.8
2014-05-23;155.8;5;155.8
2014-05-24;149.7;5;149.7
2014-05-25;135.5;5;135.5
2014-05-26;160.5;5;160.5
2014-05-27;211.1;5;211.1
2014-05-28;174.4;5;174.4
2014-05-29;151.1;5;151.1
2014-05-30;135.4;5;135.4
2014-05-31;146.3;5;146.3
2014-06-01;155.2;6;155.2
2014-06-02;172.7;6;172.7
2014-06-03;208.3;6;208.3
2014-06-04;183.6;6;183.6
2014-06-05;176.2;6;176.2
2014-06-06;407.3;6;407.3
2014-06-07;256.5;6;256.5
2014-06-08;320.1;6;320.1
2014-06-09;200.2;6;200.2
2014-06-10;200.9;6;200.9
2014-06-11;242.8;6;242.8
2014-06-12;167.0;6;167.0
2014-06-13;165.1;6;165.1
2014-06-14;211.8;6;211.8
2014-06-15;269.8;6;269.8
2014-06-16;199.3;6;199.3
2014-06-17;165.6;6;165.6
2014-06-18;266.1;6;266.1
2014-06-19;329.8;6;329.8
2014-06-20;315.6;6;315.6
2014-06-21;231.3;6;231.3
2014-06-22;193.5;6;193.5
2014-06-23;189.7;6;189.7
2014-06-24;218.8;6;218.8
2014-06-25;349.0;6;349.0
2014-06-26;245.1;6;245.1
2014-06-27;192.8;6;192.8
2014-06-28;261.5;6;261.5
2014-06-29;208.9;6;208.9
2014-06-30;267.7;6;267.7
2014-07-01;240.6;7;240.6
2014-07-02;522.2;7;522.2
2014-07-03;475.1;7;475.1
2014-07-04;247.7;7;247.7
2014-07-05;228.0;7;228.0
2014-07-06;252.1;7;252.1
2014-07-07;229.2;7;229.2
2014-07-08;374.7;7;374.7
2014-07-09;246.9;7;246.9
2014-07-10;255.6;7;255.6
2014-07-11;473.3;7;473.3
2014-07-12;400.1;7;400.1
2014-07-13;333.3;7;333.3
2014-07-14;369.8;7;369.8
2014-07-15;473.9;7;473.9
2014-07-16;443.9;7;443.9
2014-07-17;355.5;7;355.5
2014-07-18;346.1;7;346.1
2014-07-19;296.7;7;296.7
2014-07-20;293.6;7;293.6
2014-07-21;338.2;7;338.2
2014-07-22;284.0;7;284.0
2014-07-23;324.5;7;324.5
2014-07-24;251.7;7;251.7
2014-07-25;271.0;7;271.0
2014-07-26;232.3;7;232.3
2014-07-27;311.6;7;311.6
2014-07-28;247.6;7;247.6
2014-07-29;279.6;7;279.6
2014-07-30;347.7;7;347.7
2014-07-31;322.6;7;322.6
2014-08-01;232.5;8;232.5
2014-08-02;294.6;8;294.6
2014-08-03;288.4;8;288.4
2014-08-04;210.1;8;210.1
2014-08-05;227.0;8;227.0
2014-08-06;300.0;8;300.0
2014-08-07;290.5;8;290.5
2014-08-08;224.1;8;224.1
2014-08-09;288.4;8;288.4
2014-08-10;262.9;8;262.9
2014-08-11;215.2;8;215.2
2014-08-12;213.2;8;213.2
2014-08-13;309.9;8;309.9
2014-08-14;335.6;8;335.6
2014-08-15;243.1;8;243.1
2014-08-16;283.7;8;283.7
2014-08-17;344.7;8;344.7
2014-08-18;325.6;8;325.6
2014-08-19;339.3;8;339.3
2014-08-20;345.3;8;345.3
2014-08-21;248.1;8;248.1
2014-08-22;214.4;8;214.4
2014-08-23;196.3;8;196.3
2014-08-24;183.9;8;183.9
2014-08-25;190.2;8;190.2
2014-08-26;228.1;8;228.1
2014-08-27;198.6;8;198.6
2014-08-28;211.4;8;211.4
2014-08-29;226.2;8;226.2
2014-08-30;193.0;8;193.0
2014-08-31;162.5;8;162.5
2014-09-01;167.6;9;167.6
2014-09-02;189.8;9;189.8
2014-09-03;219.6;9;219.6
2014-09-04;170.8;9;170.8
2014-09-05;158.0;9;158.0
2014-09-06;210.0;9;210.0
2014-09-07;199.1;9;199.1
2014-09-08;243.6;9;243.6
2014-09-09;213.0;9;213.0
2014-09-10;172.7;9;172.7
2014-09-11;163.2;9;163.2
2014-09-12;275.6;9;275.6
2014-09-13;271.9;9;271.9
2014-09-14;266.4;9;266.4
2014-09-15;202.0;9;202.0
2014-09-16;200.3;9;200.3
2014-09-17;188.5;9;188.5
2014-09-18;165.9;9;165.9
2014-09-19;160.0;9;160.0
2014-09-20;169.9;9;169.9
2014-09-21;210.2;9;210.2
2014-09-22;172.7;9;172.7
2014-09-23;188.0;9;188.0
2014-09-24;150.1;9;150.1
2014-09-25;141.0;9;141.0
2014-09-26;138.9;9;138.9
2014-09-27;134.6;9;134.6
2014-09-28;133.6;9;133.6
2014-09-29;134.0;9;134.0
2014-09-30;121.5;9;121.5
2014-10-01;126.7;10;126.7
2014-10-02;123.4;10;123.4
2014-10-03;192.4;10;192.4
2014-10-04;215.3;10;215.3
2014-10-05;137.5;10;137.5
2014-10-06;146.0;10;146.0
2014-10-07;155.4;10;155.4
2014-10-08;234.7;10;234.7
2014-10-09;199.2;10;199.2
2014-10-10;177.4;10;177.4
2014-10-11;181.6;10;181.6
2014-10-12;149.8;10;149.8
2014-10-13;210.6;10;210.6
2014-10-14;229.8;10;229.8
2014-10-15;174.8;10;174.8
2014-10-16;149.6;10;149.6
2014-10-17;137.2;10;137.2
2014-10-18;140.0;10;140.0
2014-10-19;139.2;10;139.2
2014-10-20;138.8;10;138.8
2014-10-21;132.4;10;132.4
2014-10-22;241.0;10;241.0
2014-10-23;172.8;10;172.8
2014-10-24;138.1;10;138.1
2014-10-25;124.7;10;124.7
2014-10-26;149.4;10;149.4
2014-10-27;156.9;10;156.9
2014-10-28;148.8;10;148.8
2014-10-29;163.1;10;163.1
2014-10-30;130.9;10;130.9
2014-10-31;151.0;10;151.0
2014-11-01;126.5;11;126.5
2014-11-02;148.0;11;148.0
2014-11-03;132.5;11;132.5
2014-11-04;119.0;11;119.0
2014-11-05;124.8;11;124.8
2014-11-06;130.3;11;130.3
2014-11-07;227.1;11;227.1
2014-11-08;167.3;11;167.3
2014-11-09;126.7;11;126.7
2014-11-10;137.0;11;137.0
2014-11-11;137.1;11;137.1
2014-11-12;128.1;11;128.1
2014-11-13;110.8;11;110.8
2014-11-14;116.7;11;116.7
2014-11-15;104.8;11;104.8
2014-11-16;117.5;11;117.5
2014-11-17;116.7;11;116.7
2014-11-18;103.7;11;103.7
2014-11-19;99.95;11;99.95
2014-11-20;104.6;11;104.6
2014-11-21;108.6;11;108.6
2014-11-22;114.3;11;114.3
2014-11-23;100.6;11;100.6
2014-11-24;93.83;11;93.83
2014-11-25;91.37;11;91.37
2014-11-26;91.23;11;91.23
2014-11-27;-999.000;11;98.7
2014-11-28;-999.000;11;163.5
2014-11-29;89.87;11;89.87
2014-11-30;94.2;11;94.2
2014-12-01;92.28;12;92.28
2014-12-02;88.87;12;88.87
2014-12-03;91.11;12;91.11
2014-12-04;88.48;12;88.48
2014-12-05;119.8;12;119.8
2014-12-06;113.3;12;113.3
2014-12-07;96.09;12;96.09
2014-12-08;90.55;12;90.55
2014-12-09;95.57;12;95.57
2014-12-10;97.36;12;97.36
2014-12-11;96.12;12;96.12
2014-12-12;110.2;12;110.2
2014-12-13;94.63;12;94.63
2014-12-14;115.3;12;115.3
2014-12-15;95.54;12;95.54
2014-12-16;88.76;12;88.76
2014-12-17;89.09;12;89.09
2014-12-18;100.9;12;100.9
2014-12-19;97.55;12;97.55
2014-12-20;99.36;12;99.36
2014-12-21;105.9;12;105.9
2014-12-22;88.87;12;88.87
2014-12-23;86.36;12;86.36
2014-12-24;84.69;12;84.69
2014-12-25;91.32;12;91.32
2014-12-26;91.17;12;91.17
2014-12-27;87.24;12;87.24
2014-12-28;85.05;12;85.05
2014-12-29;87.03;12;87.03
2014-12-30;85.51;12;85.51
2014-12-31;84.23;12;84.23
2015-01-01;83.13;1;83.13
2015-01-02;82.85;1;82.85
2015-01-03;82.14;1;82.14
2015-01-04;82.0;1;82.0
2015-01-05;82.0;1;82.0
2015-01-06;82.0;1;82.0
2015-01-07;82.0;1;82.0
2015-01-08;82.0;1;82.0
2015-01-09;82.0;1;82.0
2015-01-10;81.62;1;81.62
2015-01-11;85.85;1;85.85
2015-01-12;89.86;1;89.86
2015-01-13;85.44;1;85.44
2015-01-14;92.64;1;92.64
2015-01-15;87.81;1;87.81
2015-01-16;84.69;1;84.69
2015-01-17;83.03;1;83.03
2015-01-18;82.85;1;82.85
2015-01-19;114.4;1;114.4
2015-01-20;107.6;1;107.6
2015-01-21;103.4;1;103.4
2015-01-22;125.3;1;125.3
2015-01-23;139.7;1;139.7
2015-01-24;95.44;1;95.44
2015-01-25;88.16;1;88.16
2015-01-26;86.96;1;86.96
2015-01-27;85.26;1;85.26
2015-01-28;89.21;1;89.21
2015-01-29;89.95;1;89.95
2015-01-30;86.5;1;86.5
2015-01-31;84.98;1;84.98
2015-02-01;125.0;2;125.0
2015-02-02;150.0;2;150.0
2015-02-03;138.9;2;138.9
2015-02-04;134.4;2;134.4
2015-02-05;109.4;2;109.4
2015-02-06;99.63;2;99.63
2015-02-07;89.34;2;89.34
2015-02-08;106.4;2;106.4
2015-02-09;118.7;2;118.7
2015-02-10;129.9;2;129.9
2015-02-11;97.9;2;97.9
2015-02-12;118.0;2;118.0
2015-02-13;114.6;2;114.6
2015-02-14;153.9;2;153.9
2015-02-15;117.4;2;117.4
2015-02-16;93.04;2;93.04
2015-02-17;87.99;2;87.99
2015-02-18;87.74;2;87.74
2015-02-19;87.1;2;87.1
2015-02-20;86.64;2;86.64
2015-02-21;86.25;2;86.25
2015-02-22;86.25;2;86.25
2015-02-23;86.25;2;86.25
2015-02-24;86.25;2;86.25
2015-02-25;86.25;2;86.25
2015-02-26;86.25;2;86.25
2015-02-27;85.93;2;85.93
2015-02-28;85.4;2;85.4
2015-03-01;-999.000;3;80.36
2015-03-02;-999.000;3;49.3
2015-03-03;-999.000;3;69.0
2015-03-04;-999.000;3;149.2
2015-03-05;-999.000;3;176.5
2015-03-06;-999.000;3;149.4
2015-03-07;-999.000;3;109.1
2015-03-08;-999.000;3;55.6
2015-03-09;-999.000;3;42.2
2015-03-10;-999.000;3;75.9
2015-03-11;-999.000;3;146.6
2015-03-12;-999.000;3;55.9
2015-03-13;-999.000;3;195.7
2015-03-14;-999.000;3;105.5
2015-03-15;-999.000;3;94.0
2015-03-16;-999.000;3;174.7
2015-03-17;-999.000;3;73.1
2015-03-18;-999.000;3;181.6
2015-03-19;-999.000;3;66.1
2015-03-20;100.2;3;100.2
2015-03-21;-999.000;3;63.5
2015-03-22;-999.000;3;167.9
2015-03-23;143.0;3;143.0
2015-03-24;-999.000;3;88.81
2015-03-25;-999.000;3;93.5
2015-03-26;-999.000;3;149.4
2015-03-27;-999.000;3;94.0
2015-03-28;-999.000;3;62.2
2015-03-29;159.4;3;159.4
2015-03-30;156.1;3;156.1
2015-03-31;91.78;3;91.78
2015-04-01;105.0;4;105.0
2015-04-02;94.05;4;94.05
2015-04-03;140.2;4;140.2
2015-04-04;141.8;4;141.8
2015-04-05;112.9;4;112.9
2015-04-06;98.21;4;98.21
2015-04-07;97.16;4;97.16
2015-04-08;106.5;4;106.5
2015-04-09;99.36;4;99.36
2015-04-10;134.2;4;134.2
2015-04-11;115.4;4;115.4
2015-04-12;125.4;4;125.4
2015-04-13;143.0;4;143.0
2015-04-14;107.0;4;107.0
2015-04-15;101.3;4;101.3
2015-04-16;107.2;4;107.2
2015-04-17;91.13;4;91.13
2015-04-18;91.96;4;91.96
2015-04-19;121.1;4;121.1
2015-04-20;117.1;4;117.1
2015-04-21;126.3;4;126.3
2015-04-22;118.0;4;118.0
2015-04-23;115.8;4;115.8
2015-04-24;108.4;4;108.4
2015-04-25;123.5;4;123.5
2015-04-26;161.2;4;161.2
2015-04-27;158.7;4;158.7
2015-04-28;214.7;4;214.7
2015-04-29;166.4;4;166.4
2015-04-30;134.6;4;134.6
2015-05-01;137.3;5;137.3
2015-05-02;114.8;5;114.8
2015-05-03;101.5;5;101.5
2015-05-04;91.27;5;91.27
2015-05-05;92.98;5;92.98
2015-05-06;104.4;5;104.4
2015-05-07;133.3;5;133.3
2015-05-08;113.0;5;113.0
2015-05-09;295.2;5;295.2
2015-05-10;193.6;5;193.6
2015-05-11;221.0;5;221.0
2015-05-12;161.9;5;161.9
2015-05-13;157.6;5;157.6
2015-05-14;297.5;5;297.5
2015-05-15;224.3;5;224.3
2015-05-16;161.7;5;161.7
2015-05-17;181.2;5;181.2
2015-05-18;278.2;5;278.2
2015-05-19;311.8;5;311.8
2015-05-20;171.3;5;171.3
2015-05-21;186.0;5;186.0
2015-05-22;172.6;5;172.6
2015-05-23;162.1;5;162.1
2015-05-24;132.2;5;132.2
2015-05-25;145.5;5;145.5
2015-05-26;127.1;5;127.1
2015-05-27;267.6;5;267.6
2015-05-28;270.7;5;270.7
2015-05-29;236.9;5;236.9
2015-05-30;203.9;5;203.9
2015-05-31;164.9;5;164.9
2015-06-01;166.0;6;166.0
2015-06-02;182.3;6;182.3
2015-06-03;223.2;6;223.2
2015-06-04;306.1;6;306.1
2015-06-05;529.6;6;529.6
2015-06-06;397.3;6;397.3
2015-06-07;255.0;6;255.0
2015-06-08;277.9;6;277.9
2015-06-09;248.4;6;248.4
2015-06-10;313.2;6;313.2
2015-06-11;236.3;6;236.3
2015-06-12;202.9;6;202.9
2015-06-13;227.4;6;227.4
2015-06-14;205.2;6;205.2
2015-06-15;174.8;6;174.8
2015-06-16;174.6;6;174.6
2015-06-17;205.7;6;205.7
2015-06-18;217.9;6;217.9
2015-06-19;328.6;6;328.6
2015-06-20;489.4;6;489.4
2015-06-21;627.0;6;627.0
2015-06-22;513.6;6;513.6
2015-06-23;536.1;6;536.1
2015-06-24;556.7;6;556.7
2015-06-25;469.6;6;469.6
2015-06-26;474.2;6;474.2
2015-06-27;539.8;6;539.8
2015-06-28;431.7;6;431.7
2015-06-29;414.2;6;414.2
2015-06-30;386.8;6;386.8
2015-07-01;290.1;7;290.1
2015-07-02;267.0;7;267.0
2015-07-03;246.4;7;246.4
2015-07-04;245.1;7;245.1
2015-07-05;274.8;7;274.8
2015-07-06;295.7;7;295.7
2015-07-07;276.5;7;276.5
2015-07-08;217.6;7;217.6
2015-07-09;202.8;7;202.8
2015-07-10;291.2;7;291.2
2015-07-11;354.6;7;354.6
2015-07-12;226.4;7;226.4
2015-07-13;188.3;7;188.3
2015-07-14;-999.000;7;99.68
2015-07-15;-999.000;7;272.6
2015-07-16;-999.000;7;290.4
2015-07-17;-999.000;7;183.3
2015-07-18;187.6;7;187.6
2015-07-19;298.1;7;298.1
2015-07-20;199.0;7;199.0
2015-07-21;138.5;7;138.5
2015-07-22;-999.000;7;199.3
2015-07-23;-999.000;7;173.0
2015-07-24;-999.000;7;264.5
2015-07-25;-999.000;7;178.1
2015-07-26;-999.000;7;297.5
2015-07-27;-999.000;7;536.4
2015-07-28;-999.000;7;254.3
2015-07-29;184.7;7;184.7
2015-07-30;199.9;7;199.9
2015-07-31;-999.000;7;229.2
2015-08-01;218.3;8;218.3
2015-08-02;182.6;8;182.6
2015-08-03;163.0;8;163.0
2015-08-04;136.8;8;136.8
2015-08-05;133.4;8;133.4
2015-08-06;130.3;8;130.3
2015-08-07;117.4;8;117.4
2015-08-08;111.5;8;111.5
2015-08-09;108.6;8;108.6
2015-08-10;93.73;8;93.73
