idDataset,nombreConjuntoDatos,fechaPublicacion,fechaActualizacion,inicioDato,finDato,fechaDescarga,urlConexionAPI,urlConjuntoDatos,tipoPublicacion
a704ee,"Datos soporte del proceso de liquidación por Código sic agente, Recurso, Tipo combustible, versión y mensual",2023-09-28T21:28:06.433,2025-12-11T12:26:00.153,2017-12-01T00:00:00,2025-11-01T00:00:00,2025-04-30T11:38:47.52,https://www.simem.coPublicData?startDate=2025-12-13&endDate=2025-12-13&datasetId=a704ee,https://www.simem.co/datadetail/a704eef3-ca1c-4ebf-98a0-01325c61765d,Público
d808d4,Energía de Referencia para el Mercado Secundario,2023-09-29T11:01:54.317,2025-09-03T14:56:00.327,2018-12-01T00:00:00,2050-11-30T00:00:00,2025-04-09T09:42:23.763,https://www.simem.coPublicData?startDate=2025-12-13&endDate=2025-12-13&datasetId=d808d4,https://www.simem.co/datadetail/d808d43d-e3da-493d-aab5-015a818ade10,Público
2106b8,Precios y estadísticas de los contratos de convocatorias del SICEP entre agentes integrados verticalmente para el mercado regulado por comercializador,2023-09-30T10:35:01.19,2025-12-11T13:30:34.663,2020-10-01T00:00:00,2025-11-01T00:00:00,2025-03-08T11:37:23.957,https://www.simem.coPublicData?startDate=2025-12-13&endDate=2025-12-13&datasetId=2106b8,https://www.simem.co/datadetail/99686983-57a4-433b-bc5e-028ecd0845ba,Público
B1009C,Compras en bolsa nacional en moneda,2024-11-07T10:33:56.017,2025-12-13T10:22:35.877,2021-01-01T00:00:00,2025-12-08T00:00:00,,https://www.simem.coPublicData?startDate=2025-12-13&endDate=2025-12-13&datasetId=B1009C,https://www.simem.co/datadetail/b1009c18-5450-4ae7-ad5f-02a07b73d371,Público
E4CE10,Costo Servicios ASIC y CND,2025-07-11T11:30:08.153,2025-12-11T12:24:18.763,2021-01-01T00:00:00,2025-11-01T00:00:00,,https://www.simem.coPublicData?startDate=2025-12-13&endDate=2025-12-13&datasetId=E4CE10,https://www.simem.co/datadetail/e4ce10c3-dffc-402b-9d54-03a68ec322a5,Público
7AEE6F,Nivel embalse reportado menos compromisos EVE embalsados por planta,2023-09-28T20:27:03.407,2025-12-13T10:29:19.793,2021-01-01T00:00:00,2025-12-10T00:00:00,,https://www.simem.coPublicData?startDate=2025-12-13&endDate=2025-12-13&datasetId=7AEE6F,https://www.simem.co/datadetail/7aee6f59-52c2-4279-bf7e-042e6a730d51,Público
A9185B,DemandaComercialLiquidacionCargo,2025-07-08T09:22:06.007,2025-11-19T20:25:59.58,2024-10-01T00:00:00,2025-08-31T00:00:00,,https://www.simem.coPublicData?startDate=2025-12-13&endDate=2025-12-13&datasetId=A9185B,https://www.simem.co/datadetail/a9185b6b-cf8b-4813-b198-048a0d250f92,Público
AA7064,InsumosPrecioEscasezMarginalHeatRate,2025-06-06T11:24:00.72,2025-12-11T12:28:12.493,2024-10-01T00:00:00,2025-10-01T00:00:00,,https://www.simem.coPublicData?startDate=2025-12-13&endDate=2025-12-13&datasetId=AA7064,https://www.simem.co/datadetail/aa706442-715a-49dc-aa0d-04e6894c7a4b,Público
F3A83B,Estadísticas de contratos de Demanda Desconectable Voluntaria (DDV),2023-09-30T11:09:06.763,2025-12-13T08:26:56.59,2022-12-01T00:00:00,2026-11-01T00:00:00,2025-05-06T11:28:35.46,https://www.simem.coPublicData?startDate=2025-12-13&endDate=2025-12-13&datasetId=F3A83B,https://www.simem.co/datadetail/f3a83baa-a370-4557-be0d-05396fb30421,Público
bf41fe,Histórico Posición abierta por contrato II Open interest II,2025-03-10T23:00:12.1,2025-11-13T13:42:16.183,2023-08-31T00:00:00,2025-10-31T00:00:00,2025-03-13T08:58:15.363,https://www.simem.coPublicData?startDate=2025-12-13&endDate=2025-12-13&datasetId=bf41fe,https://www.simem.co/datadetail/bf41fe3a-faa8-4f73-9773-07c7f97c8447,Público
ae3f23,Precios de escasez del Cargo por Confiabilidad,2023-09-25T23:36:51.263,2025-12-04T16:57:04.663,2013-01-01T00:00:00,2025-12-01T00:00:00,2025-05-05T10:27:49.407,https://www.simem.coPublicData?startDate=2025-12-13&endDate=2025-12-13&datasetId=ae3f23,https://www.simem.co/datadetail/ae3f2310-154d-4391-b17c-081a83bc6e0f,Público
5106B9,Declaración de respaldo horaria para cada planta y/o unidad,2023-09-28T20:27:03.407,2025-12-13T10:28:42.607,2021-01-01T00:00:00,2025-08-14T00:00:00,,https://www.simem.coPublicData?startDate=2025-12-13&endDate=2025-12-13&datasetId=5106B9,https://www.simem.co/datadetail/5106b900-7994-4db1-8742-087d22d770e7,Público
f62164,Proyección de reserva caliente de corto plazo,2024-09-06T08:22:41.853,2025-12-07T19:14:10.697,2024-08-26T00:00:00,2025-12-14T00:00:00,2024-09-11T06:25:30.237,https://www.simem.coPublicData?startDate=2025-12-13&endDate=2025-12-13&datasetId=f62164,https://www.simem.co/datadetail/f6216477-fa97-476e-10c9-08dcce76fc9a,Público
8d3ccd,Proyección de embalse agregado de corto plazo,2024-09-06T08:42:12.99,2025-12-07T19:13:28.97,2024-08-26T00:00:00,2025-12-14T00:00:00,2025-02-21T15:30:24.49,https://www.simem.coPublicData?startDate=2025-12-13&endDate=2025-12-13&datasetId=8d3ccd,https://www.simem.co/datadetail/8d3ccdc6-f660-4423-10ca-08dcce76fc9a,Público
06b8bc,Proyección de balance energético de corto plazo,2024-09-06T09:01:28.03,2025-12-07T19:18:47.517,2024-08-26T00:00:00,2025-12-14T00:00:00,2025-05-04T21:39:09.523,https://www.simem.coPublicData?startDate=2025-12-13&endDate=2025-12-13&datasetId=06b8bc,https://www.simem.co/datadetail/06b8bcf9-2bcb-4676-10cb-08dcce76fc9a,Público
d31647,Cantidades y precios en contratos de energía del Mercado Mayorista por comercializador,2024-10-08T14:18:52.303,2025-12-11T13:27:22.987,2022-01-01T00:00:00,2025-11-30T00:00:00,2025-04-29T08:16:50.703,https://www.simem.coPublicData?startDate=2025-12-13&endDate=2025-12-13&datasetId=d31647,https://www.simem.co/datadetail/d316478b-b8c0-4050-49ec-08dce7ce0b90,Público
0fa2ac,"Datos soporte del proceso de Demandas por Recurso, versión y horaria",2024-11-06T16:25:40.203,2025-12-13T10:37:19.71,2013-01-01T00:00:00,2025-12-10T00:00:00,,https://www.simem.coPublicData?startDate=2025-12-13&endDate=2025-12-13&datasetId=0fa2ac,https://www.simem.co/datadetail/0fa2acb6-c1fb-4d35-9172-08dcfea99034,Público
aa9f18,"Datos soporte del proceso de Demandas por Código sic agente, Recurso, Unidad, versión y horaria",2024-11-07T07:20:59.477,2025-12-13T10:22:30.78,2024-08-01T00:00:00,2025-12-10T00:00:00,2025-02-10T11:23:23.873,https://www.simem.coPublicData?startDate=2025-12-13&endDate=2025-12-13&datasetId=aa9f18,https://www.simem.co/datadetail/aa9f18b2-e6d2-41a8-5e98-08dcff26a363,Público
b1c11e,"Datos soporte del proceso de liquidación por Código sic agente, versión y horaria",2024-11-07T10:33:56.017,2025-12-12T17:24:50.927,2024-02-01T00:00:00,2025-12-09T00:00:00,,https://www.simem.coPublicData?startDate=2025-12-13&endDate=2025-12-13&datasetId=b1c11e,https://www.simem.co/datadetail/b1c11ee5-6f8f-4dc4-5e99-08dcff26a363,Público
8d10e6,Proyecciones de las cantidades y precios en contratos de energía del Mercado Mayorista por comercializador,2025-01-20T14:01:10.267,2025-12-12T23:25:34.147,2024-12-01T00:00:00,2030-11-01T00:00:00,2025-04-30T14:36:32.267,https://www.simem.coPublicData?startDate=2025-12-13&endDate=2025-12-13&datasetId=8d10e6,https://www.simem.co/datadetail/8d10e6f4-dfe4-409b-bc41-08dd3983a071,Público
0bfc9d,Parámetros técnicos de las plantas de generación,2025-02-07T14:10:00.743,2025-12-13T11:15:03.477,2025-01-01T00:00:00,2025-12-13T00:00:00,2025-05-05T10:10:05.087,https://www.simem.coPublicData?startDate=2025-12-13&endDate=2025-12-13&datasetId=0bfc9d,https://www.simem.co/datadetail/0bfc9de5-c572-46dd-8bdf-08dd40694bf1,Público
270ba7,Reservas de Energía Energético Largo Plazo,2023-10-11T09:06:43.773,2025-11-15T18:30:01.2,2022-01-31T00:00:00,2030-10-31T00:00:00,2025-03-20T21:15:29.38,https://www.simem.coPublicData?startDate=2025-12-13&endDate=2025-12-13&datasetId=270ba7,https://www.simem.co/datadetail/270ba74c-0367-4ad7-a497-090ba920d74c,Público
D387AB,Bandera para pruebas de disponibilidad,2025-03-07T11:17:46.28,2025-12-13T10:28:59.11,2020-01-01T00:00:00,2025-12-10T00:00:00,,https://www.simem.coPublicData?startDate=2025-12-13&endDate=2025-12-13&datasetId=D387AB,https://www.simem.co/datadetail/d387abad-9cec-4319-8b45-099573e7b13e,Público
568929,Listado de Operadores de activos del Sistema Interconectado Nacional,2024-01-17T07:10:16.95,2025-12-13T07:16:39.86,2023-11-04T00:00:00,2025-12-12T00:00:00,2025-04-23T10:23:26.877,https://www.simem.coPublicData?startDate=2025-12-13&endDate=2025-12-13&datasetId=568929,https://www.simem.co/datadetail/568929e3-2765-47b5-ae75-0b411f8d51a8,Público
a859bf,Eventos de Frecuencia,2023-09-30T15:35:54.947,2025-12-13T08:21:45.08,2013-01-01T00:00:00,2025-12-06T00:00:00,,https://www.simem.coPublicData?startDate=2025-12-13&endDate=2025-12-13&datasetId=a859bf,https://www.simem.co/datadetail/a859bfce-d5e1-4e9e-8017-0c21079da4a5,Público
f138b6,Aportes Hídricos en Masa del Informe Diario,2023-07-12T21:50:47.92,2025-12-13T08:26:35.063,2013-01-01T00:00:00,2025-12-12T00:00:00,2025-05-02T06:12:10.59,https://www.simem.coPublicData?startDate=2025-12-13&endDate=2025-12-13&datasetId=f138b6,https://www.simem.co/datadetail/f138b695-24dd-4714-96cf-0d3e70fe0c7f,Público
6f94cf,Estadísticas de los pronósticos de energía horaria y demanda de energía atendida horaria por periodo y por mercado de comercialización,2023-09-29T17:46:27.667,2025-12-06T23:14:53.467,2022-01-01T00:00:00,2025-11-01T00:00:00,2025-03-16T21:28:40.967,https://www.simem.coPublicData?startDate=2025-12-13&endDate=2025-12-13&datasetId=6f94cf,https://www.simem.co/datadetail/6f94cf78-a6b6-4855-b468-0d5b503ae17b,Público
972263,Listado de agentes registrados,2023-09-29T23:27:37.013,2025-12-13T08:14:08.647,2013-01-01T00:00:00,2025-12-13T00:00:00,2025-04-23T15:02:51.287,https://www.simem.coPublicData?startDate=2025-12-13&endDate=2025-12-13&datasetId=972263,https://www.simem.co/datadetail/9722631d-4c67-4ddb-b5ff-0dc2abf17917,Público
f96857,Energía horaria de los contadores,2025-06-03T11:37:34.96,2025-12-13T10:27:46.207,2023-01-01T00:00:00,2025-12-10T00:00:00,,https://www.simem.coPublicData?startDate=2025-12-13&endDate=2025-12-13&datasetId=f96857,https://www.simem.co/datadetail/0ab9e910-3b4f-4ef5-b5f1-1051311b75f3,Público
AB7D7F,Generación Ideal por planta,2023-09-28T20:27:03.407,2025-12-13T10:29:11.207,2021-01-01T00:00:00,2025-12-10T00:00:00,,https://www.simem.coPublicData?startDate=2025-12-13&endDate=2025-12-13&datasetId=AB7D7F,https://www.simem.co/datadetail/ab7d7f73-6b18-4022-8e99-119bfe09f936,Público
054d02,Montos de garantías y mecanismos alternativos para cubrir las transacciones en el mercado de energía mayorista agregados,2023-09-29T05:09:58.95,2025-11-17T07:16:00.1,2022-01-01T00:00:00,2025-10-01T00:00:00,2025-03-27T00:31:19.27,https://www.simem.coPublicData?startDate=2025-12-13&endDate=2025-12-13&datasetId=054d02,https://www.simem.co/datadetail/054d02da-54c8-4a42-ad86-127d9538d737,Público
b38efc,Energía Firme del Cargo por Confiabilidad verificada por el Centro Nacional de Despacho,2023-09-30T18:03:55.007,2025-12-13T09:13:10.623,2018-12-01T00:00:00,2025-12-11T00:00:00,2025-04-29T20:52:38.01,https://www.simem.coPublicData?startDate=2025-12-13&endDate=2025-12-13&datasetId=b38efc,https://www.simem.co/datadetail/b38efcd8-c26f-44bf-addd-162e64a788f3,Público
0c5948,Precios y estadísticas de los contratos de convocatorias del SICEP entre agentes integrados verticalmente para el mercado regulado,2023-09-30T13:24:31.503,2025-12-11T13:26:43.893,2020-10-01T00:00:00,2025-11-01T00:00:00,2025-03-08T11:36:21.387,https://www.simem.coPublicData?startDate=2025-12-13&endDate=2025-12-13&datasetId=0c5948,https://www.simem.co/datadetail/0c59488d-9f0d-4a4f-9927-165f65fa10ba,Público
9c7ac5,Informe Anual de Operadores de Red,2023-10-05T18:54:50.687,2025-07-16T10:49:06.06,2022-01-01T00:00:00,2024-01-01T00:00:00,,https://www.simem.coPublicData?startDate=2025-12-13&endDate=2025-12-13&datasetId=9c7ac5,https://www.simem.co/datadetail/9c7ac5f7-ee88-43c3-99fe-16d2560a9aae,Público
03e35f,Costo Marginal Redespacho,2023-09-30T21:53:06.86,2025-12-13T07:22:13.277,2013-01-01T00:00:00,2025-12-12T00:00:00,2024-12-20T08:14:58.63,https://www.simem.coPublicData?startDate=2025-12-13&endDate=2025-12-13&datasetId=03e35f,https://www.simem.co/datadetail/03e35f17-e237-4c84-a51e-173d72942eb2,Público
4A17B1,Magnitud de generación de seguridad del país importador,2023-09-28T20:27:03.407,2025-12-13T10:28:04.313,2021-09-06T00:00:00,2025-12-10T00:00:00,,https://www.simem.coPublicData?startDate=2025-12-13&endDate=2025-12-13&datasetId=4A17B1,https://www.simem.co/datadetail/4a17b154-44c4-4ce7-aa43-19548ae4f9fa,Público
A40C2D,DemandaReguladaAgente,2025-03-07T10:41:52.623,,0001-01-01T00:00:00,0001-01-01T00:00:00,,https://www.simem.coPublicData?startDate=2025-12-13&endDate=2025-12-13&datasetId=A40C2D,https://www.simem.co/datadetail/a40c2daf-4828-40eb-8375-195d145aac67,Público
86d025,Montos de garantías para cubrir las transacciones en el mercado de energía mayorista agregados,2023-09-29T04:36:08.137,2025-12-13T12:12:10.847,2015-01-01T00:00:00,2025-12-05T00:00:00,2025-02-12T08:37:53.877,https://www.simem.coPublicData?startDate=2025-12-13&endDate=2025-12-13&datasetId=86d025,https://www.simem.co/datadetail/86d02533-95dd-4ad0-92b0-1ab9c82f7f2b,Público
74DE8E,Tasa de cambio representativa del mercado,2025-03-07T16:09:33.467,2025-12-13T10:32:18.317,2013-01-01T00:00:00,2025-12-10T00:00:00,,https://www.simem.coPublicData?startDate=2025-12-13&endDate=2025-12-13&datasetId=74DE8E,https://www.simem.co/datadetail/74de8e5e-5c8e-49ca-9069-1b7526df5f0c,Público
ea1c85,Reserva asignada como Control Automático de Generación,2023-09-30T18:49:51.86,2025-12-13T08:25:11.857,2013-01-01T00:00:00,2025-12-12T00:00:00,2024-11-23T15:22:11.223,https://www.simem.coPublicData?startDate=2025-12-13&endDate=2025-12-13&datasetId=ea1c85,https://www.simem.co/datadetail/ea1c85db-823d-43f1-9b61-1b7b30d1da7e,Público
E64837,Maestra para la ejecución de información soporte Mensual,2024-11-18T09:29:24.417,2025-12-12T13:09:11.153,0001-01-01T00:00:00,0001-01-01T00:00:00,,https://www.simem.coPublicData?startDate=2025-12-13&endDate=2025-12-13&datasetId=E64837,https://www.simem.co/datadetail/e64837c7-4cc3-49e3-bff3-1bef51278708,Público
37A508,Panorama energético Corto Plazo Embalse,2023-11-28T12:07:02.747,2025-07-31T16:36:36.757,2023-10-30T00:00:00,2024-09-08T00:00:00,2025-02-21T15:29:46.93,https://www.simem.coPublicData?startDate=2025-12-13&endDate=2025-12-13&datasetId=37A508,https://www.simem.co/datadetail/37a5084a-48d9-474a-8c5f-1c7786639796,Público
055A4D,Generación real,2023-09-28T22:45:20.783,2025-12-13T10:28:12.807,2013-01-01T00:00:00,2025-12-10T00:00:00,,https://www.simem.coPublicData?startDate=2025-12-13&endDate=2025-12-13&datasetId=055A4D,https://www.simem.co/datadetail/055a4d5f-3616-45e3-9bcd-1d3e3a4a47bd,Público
48e773,Precios futuros y estadísticas de los contratos de convocatorias del SICEP para el mercado regulado,2023-09-30T11:49:21.447,2025-12-02T08:24:58.473,2023-09-01T00:00:00,2030-11-01T00:00:00,2025-05-09T14:46:46.233,https://www.simem.coPublicData?startDate=2025-12-13&endDate=2025-12-13&datasetId=48e773,https://www.simem.co/datadetail/48e773bd-2117-40c5-829e-1de05d51378e,Público
FE1E73,Inflexibilidad asignada en el proceso comercial,2023-09-28T20:27:03.407,2025-12-13T10:29:16.477,2021-01-01T00:00:00,2025-12-10T00:00:00,,https://www.simem.coPublicData?startDate=2025-12-13&endDate=2025-12-13&datasetId=FE1E73,https://www.simem.co/datadetail/fe1e73f1-92d7-4af2-aaae-1e46d29487d9,Público
ebc2d1,Condición del sistema según lo establecido en el Estatuto de Riesgo de Desabastecimiento,2023-10-10T11:17:18.493,2025-12-12T19:20:46.433,2016-02-11T00:00:00,2025-12-11T00:00:00,2025-03-30T09:18:11.08,https://www.simem.coPublicData?startDate=2025-12-13&endDate=2025-12-13&datasetId=ebc2d1,https://www.simem.co/datadetail/ebc2d18a-51d8-4122-8e48-1e80e57153a0,Público
9B0F63,Interrupciones en servidores Sicep,2024-08-14T20:23:48.23,2024-01-01T14:27:57.433,0001-01-01T00:00:00,0001-01-01T00:00:00,,https://www.simem.coPublicData?startDate=2025-12-13&endDate=2025-12-13&datasetId=9B0F63,https://www.simem.co/datadetail/9b0f63aa-ae1f-4282-8341-1ec3a19aa905,Público
58a1b8,Horas de indisponibilidad de las líneas de transmisión nacional y regional del SIN,2023-09-28T23:40:27.327,2025-12-12T14:12:23.167,2020-06-01T00:00:00,2025-11-01T00:00:00,2025-01-14T14:24:33.8,https://www.simem.coPublicData?startDate=2025-12-13&endDate=2025-12-13&datasetId=58a1b8,https://www.simem.co/datadetail/58a1b85b-1c63-4a2f-8726-1f08a77a1dac,Público
7F18B1,Listado de plantas de generación en pruebas,2024-05-14T18:43:59.563,2025-12-13T08:25:51.887,2013-04-03T00:00:00,2025-12-12T00:00:00,2025-04-30T11:10:31.52,https://www.simem.coPublicData?startDate=2025-12-13&endDate=2025-12-13&datasetId=7F18B1,https://www.simem.co/datadetail/7f18b1cb-c516-4c17-a053-1f954f0e7394,Público
860c86,Estudio Interconexión Colombia Ecuador,2023-09-30T22:56:28.613,2025-09-09T14:34:00.92,2022-01-01T00:00:00,2024-01-01T00:00:00,,https://www.simem.coPublicData?startDate=2025-12-13&endDate=2025-12-13&datasetId=860c86,https://www.simem.co/datadetail/860c861f-ae06-4e6b-9fae-200a9c864e3f,Público
1E0AC7,Compras en bolsa TIE en moneda,2024-11-07T10:33:56.017,2025-12-13T10:25:55.367,2021-01-01T00:00:00,2025-12-08T00:00:00,,https://www.simem.coPublicData?startDate=2025-12-13&endDate=2025-12-13&datasetId=1E0AC7,https://www.simem.co/datadetail/1e0ac7d3-2c0a-4acf-8dce-2036c5a09869,Público
ea2bb8,Parámetros técnicos de las plantas de generación Solares,2023-09-30T10:30:58.983,2025-05-08T22:59:11.463,2017-09-03T00:00:00,2025-03-11T00:00:00,2025-02-28T15:26:34.917,https://www.simem.coPublicData?startDate=2025-12-13&endDate=2025-12-13&datasetId=ea2bb8,https://www.simem.co/datadetail/ea2bb8b7-83db-4bb5-848a-2046be8d1000,Público
135D65,Estad?sticas SIMEM,2025-07-08T01:15:07.387,2025-12-13T01:19:53.747,2025-04-22T00:00:00,2025-09-25T00:00:00,,https://www.simem.coPublicData?startDate=2025-12-13&endDate=2025-12-13&datasetId=135D65,https://www.simem.co/datadetail/135d65ed-6eb1-4a67-a8e8-2075531f89e5,Público
86d298,Proyecciones de energía de los contratos no realizados a través del SICEP con destino al mercado regulado por comercializador y contrato,2023-09-29T16:12:29.493,2025-12-02T08:22:23.817,2023-09-01T00:00:00,2030-11-01T00:00:00,2025-03-20T09:44:41.377,https://www.simem.coPublicData?startDate=2025-12-13&endDate=2025-12-13&datasetId=86d298,https://www.simem.co/datadetail/86d298c5-7522-4efc-aca3-20cbdef0a90d,Público
085460,"Datos soporte del proceso de Demandas por Código sic agente, Recurso, Tipo despacho Recurso, Estado, versión y diaria",2023-09-28T22:10:48.157,2025-12-13T10:32:47.21,2013-01-01T00:00:00,2025-12-10T00:00:00,2025-03-11T15:44:50.64,https://www.simem.coPublicData?startDate=2025-12-13&endDate=2025-12-13&datasetId=085460,https://www.simem.co/datadetail/085460a4-84cb-4e22-9b79-2160c159892a,Público
5C7EAF,Bandera de inflexibilidades asociadas generaciones de seguridad,2025-02-12T14:04:43.33,2025-12-13T10:25:58.197,2016-01-28T00:00:00,2017-10-07T00:00:00,,https://www.simem.coPublicData?startDate=2025-12-13&endDate=2025-12-13&datasetId=5C7EAF,https://www.simem.co/datadetail/5c7eaf14-4fab-4b52-88ec-22422246bfa8,Público
682a0b,Demanda Energético Largo Plazo,2023-10-11T09:06:59.127,2025-11-15T18:29:50.067,2022-01-01T00:00:00,2030-10-01T00:00:00,2025-05-06T06:32:20.273,https://www.simem.coPublicData?startDate=2025-12-13&endDate=2025-12-13&datasetId=682a0b,https://www.simem.co/datadetail/682a0b60-f1a4-4498-82ed-22d78263d16c,Público
A8F4C0,PrecioPromPonContratosLPMercadoReg,2025-06-04T11:20:33.287,2025-12-11T12:29:00.83,2024-09-01T00:00:00,2025-07-01T00:00:00,,https://www.simem.coPublicData?startDate=2025-12-13&endDate=2025-12-13&datasetId=A8F4C0,https://www.simem.co/datadetail/a8f4c0c9-7c0a-4e2a-9209-22dddf41acfc,Público
c1b851,"Datos soporte del proceso de Demandas por Código sic agente, Mercado comercialización, Sistema transmisión, versión y horaria",2023-09-29T01:25:41.95,2025-12-13T10:26:10.19,2013-01-01T00:00:00,2025-12-10T00:00:00,2025-04-30T16:37:13.87,https://www.simem.coPublicData?startDate=2025-12-13&endDate=2025-12-13&datasetId=c1b851,https://www.simem.co/datadetail/c1b851ad-2758-4171-a582-2393ac802623,Público
EEDA4A,Cantidad ventas en contratos del SICEP,2025-06-04T09:15:17.89,2025-12-13T10:23:47.563,2021-01-01T00:00:00,2025-12-08T00:00:00,,https://www.simem.coPublicData?startDate=2025-12-13&endDate=2025-12-13&datasetId=EEDA4A,https://www.simem.co/datadetail/eeda4a0b-50e0-4c85-b439-23add5ebbdd0,Público
344fc9,Parámetros técnicos de las plantas de generación Eólicas,2023-09-30T08:31:35.133,2025-03-11T19:58:20.347,2013-01-01T00:00:00,2024-05-25T00:00:00,2025-02-28T14:40:22.853,https://www.simem.coPublicData?startDate=2025-12-13&endDate=2025-12-13&datasetId=344fc9,https://www.simem.co/datadetail/344fc94d-b86a-4266-bf7b-246f73357220,Público
BC6689,Respuesta de la demanda verificada del sistema,2025-03-07T15:34:44.65,2025-12-13T10:22:47.37,2016-03-21T00:00:00,2017-02-01T00:00:00,,https://www.simem.coPublicData?startDate=2025-12-13&endDate=2025-12-13&datasetId=BC6689,https://www.simem.co/datadetail/bc6689e5-5045-434e-9e96-24e7d6477b99,Público
7b756b,Precios promedios horarios mensuales de contratos con UNR para el total del SIN,2023-09-29T17:44:07.12,2025-11-20T03:17:58.43,2023-01-01T00:00:00,2025-10-01T00:00:00,2025-04-11T10:39:41.493,https://www.simem.coPublicData?startDate=2025-12-13&endDate=2025-12-13&datasetId=7b756b,https://www.simem.co/datadetail/7b756ba8-4cb6-497d-98c0-2689508cdad7,Público
75f675,Aportes Energético Largo Plazo,2023-10-11T09:04:06.687,2025-11-15T18:29:41.423,2022-01-01T00:00:00,2030-10-01T00:00:00,2025-05-05T13:39:05.517,https://www.simem.coPublicData?startDate=2025-12-13&endDate=2025-12-13&datasetId=75f675,https://www.simem.co/datadetail/75f675ad-1747-4922-b0d9-27061d7d1060,Público
520A3F,Responsabilidad comercial de AGC,2025-09-05T11:55:41.18,2025-12-13T10:31:26.4,2021-01-01T00:00:00,2025-12-08T00:00:00,,https://www.simem.coPublicData?startDate=2025-12-13&endDate=2025-12-13&datasetId=520A3F,https://www.simem.co/datadetail/520a3f56-52e8-457b-8923-27a31a8a9c76,Público
8C46A7,GeneracionIdealSinConsiderarContratos,2025-07-19T11:31:40.14,2025-10-12T11:37:25.723,2024-10-01T00:00:00,2025-01-31T00:00:00,2024-09-09T18:55:37.893,https://www.simem.coPublicData?startDate=2025-12-13&endDate=2025-12-13&datasetId=8C46A7,https://www.simem.co/datadetail/8c46a710-6d3f-40c2-9d3a-282177b26c13,Público
E055B4,Generación programada en el despacho,2023-09-28T22:45:20.783,2025-12-13T10:20:33.323,2021-01-01T00:00:00,2025-12-10T00:00:00,,https://www.simem.coPublicData?startDate=2025-12-13&endDate=2025-12-13&datasetId=E055B4,https://www.simem.co/datadetail/e055b421-17fa-4626-99df-2856a2984f44,Público
6781a0,Generación Energético Mediano Plazo,2023-09-30T11:38:47.51,2025-12-07T19:19:06.277,2022-01-03T00:00:00,2027-11-29T00:00:00,2025-02-18T18:48:43.053,https://www.simem.coPublicData?startDate=2025-12-13&endDate=2025-12-13&datasetId=6781a0,https://www.simem.co/datadetail/6781a010-85a2-46c2-bc2c-28874789ebf5,Público
A0CF2A,Listado de Embalses que sirven al Sistema Interconectado Nacional,2024-02-03T16:29:38.633,2025-12-13T07:19:33.48,2023-11-06T00:00:00,2025-12-12T00:00:00,2025-04-10T10:50:22.27,https://www.simem.coPublicData?startDate=2025-12-13&endDate=2025-12-13&datasetId=A0CF2A,https://www.simem.co/datadetail/a0cf2ac0-acea-4154-a4de-2928901cb5d0,Público
68300e,Pronóstico del CND de demanda por mercado de comercialización,2023-09-28T22:47:50.8,2025-12-01T21:24:36.433,2013-01-01T00:00:00,2025-11-30T00:00:00,2024-08-01T12:32:15.087,https://www.simem.coPublicData?startDate=2025-12-13&endDate=2025-12-13&datasetId=68300e,https://www.simem.co/datadetail/68300e5e-260f-41b4-bc8d-2992592d1fed,Público
7e704d,Meteorología local en Plantas Solares,2023-07-13T15:04:35.627,2025-12-13T07:18:52.857,2022-01-02T00:00:00,2025-12-07T00:00:00,2025-04-18T01:19:36.153,https://www.simem.coPublicData?startDate=2025-12-13&endDate=2025-12-13&datasetId=7e704d,https://www.simem.co/datadetail/7e704d53-d4c0-44fa-a245-29d66fe5b5ba,Público
206062,"Datos soporte del proceso de liquidación por Código sic agente, versión, horaria y mensual",2023-09-28T23:37:22.983,2025-12-11T12:25:40.57,2013-01-01T00:00:00,2025-10-31T00:00:00,2025-03-19T23:40:16.163,https://www.simem.coPublicData?startDate=2025-12-13&endDate=2025-12-13&datasetId=206062,https://www.simem.co/datadetail/20606251-f540-434b-9443-2a5fc7e4070c,Público
32afa5,"Datos soporte del proceso de liquidación por descripción convocatoria, Código convocatoria subasta, Fecha asignación subasta, versión y mensual",2023-09-30T10:59:22.42,2025-10-25T11:43:14.58,2016-09-01T00:00:00,2025-04-01T00:00:00,2025-01-07T16:33:07.513,https://www.simem.coPublicData?startDate=2025-12-13&endDate=2025-12-13&datasetId=32afa5,https://www.simem.co/datadetail/32afa590-5b31-4fd8-a7dd-2a73ff9edb41,Público
b08986,Registro de contratos de usuarios no regulados y reporte de facturación,2023-09-29T00:14:41.41,2025-12-02T07:17:55.64,2023-09-01T00:00:00,2025-11-01T00:00:00,2025-04-29T17:55:01.177,https://www.simem.coPublicData?startDate=2025-12-13&endDate=2025-12-13&datasetId=b08986,https://www.simem.co/datadetail/b0898698-218a-46fb-ba84-2a88a402c492,Público
24914F,Versiones de factura para la liquidación mensual,2024-11-18T10:20:48.617,2025-12-13T09:10:59.09,2013-01-01T00:00:00,2025-11-13T00:00:00,2025-03-18T14:20:54.047,https://www.simem.coPublicData?startDate=2025-12-13&endDate=2025-12-13&datasetId=24914F,https://www.simem.co/datadetail/24914f1d-dfd8-4d2f-9b9d-2ac32a31e388,Público
c51127,Reservas Hidráulicas Energía del Informe Diario de Operación,2023-07-05T02:54:37.18,2025-12-13T08:23:01.977,2013-01-01T00:00:00,2025-12-11T00:00:00,2025-01-16T10:31:54.38,https://www.simem.coPublicData?startDate=2025-12-13&endDate=2025-12-13&datasetId=c51127,https://www.simem.co/datadetail/c5112762-1527-43c8-938a-2b5a850beba2,Público
3946A8,Disponibilidad declarada en el despacho,2025-07-07T11:13:44.157,2025-10-22T22:42:00.637,0001-01-01T00:00:00,0001-01-01T00:00:00,,https://www.simem.coPublicData?startDate=2025-12-13&endDate=2025-12-13&datasetId=3946A8,https://www.simem.co/datadetail/3946a8ff-9f12-4788-891b-2b734b97ae71,Público
10063b,Costo Servicios ASIC y CND,2023-09-26T02:26:11.827,2025-11-19T20:18:00.927,2013-01-01T00:00:00,2025-10-01T00:00:00,2025-04-26T20:41:12.76,https://www.simem.coPublicData?startDate=2025-12-13&endDate=2025-12-13&datasetId=10063b,https://www.simem.co/datadetail/10063b10-ec32-447b-8128-2c15cf65c573,Público
5fc353,"Datos soporte del proceso de liquidación por Recurso, Tipo combustible, versión y mensual",2023-09-28T22:28:52.387,2025-12-11T12:19:46.8,2017-12-01T00:00:00,2025-11-01T00:00:00,2024-12-02T11:25:43.43,https://www.simem.coPublicData?startDate=2025-12-13&endDate=2025-12-13&datasetId=5fc353,https://www.simem.co/datadetail/5fc35361-77da-4243-876b-2c78421fb15c,Público
12c7fd,Generación Programada Redespacho por Planta,2023-09-30T12:57:24.763,2025-12-13T07:18:57.937,2013-01-01T00:00:00,2025-12-12T00:00:00,2025-04-22T21:55:33.06,https://www.simem.coPublicData?startDate=2025-12-13&endDate=2025-12-13&datasetId=12c7fd,https://www.simem.co/datadetail/12c7fd97-2fdd-407c-a23e-2d921a14f50f,Público
670221,Listado de unidades de generación,2023-09-30T20:19:35.437,2025-12-13T09:13:31.19,2013-01-01T00:00:00,2025-12-13T00:00:00,2025-04-30T11:15:49.133,https://www.simem.coPublicData?startDate=2025-12-13&endDate=2025-12-13&datasetId=670221,https://www.simem.co/datadetail/67022163-5cd4-4bd4-a0f7-2e62921ce40e,Público
EDBDA0,Representatividad de la energía transada,2023-09-28T22:18:12.503,2025-11-13T13:45:18.15,2023-07-01T00:00:00,2025-10-01T00:00:00,2024-06-11T11:31:40.32,https://www.simem.coPublicData?startDate=2025-12-13&endDate=2025-12-13&datasetId=EDBDA0,https://www.simem.co/datadetail/edbda09b-1470-4391-be2e-2e653cc2e15a,Público
50599C,DemandaDeCogeneradoresUsoDeRespaldoAgente,2025-03-06T15:16:08.333,,0001-01-01T00:00:00,0001-01-01T00:00:00,,https://www.simem.coPublicData?startDate=2025-12-13&endDate=2025-12-13&datasetId=50599C,https://www.simem.co/datadetail/50599cdf-c420-49cf-874c-2f54607cd6d7,Público
492A9C,GeneracionIdealTotalConsiderandoContratos,2025-07-19T11:27:13.677,2025-10-12T11:40:04.203,2024-10-01T00:00:00,2025-01-31T00:00:00,2024-09-09T18:55:37.893,https://www.simem.coPublicData?startDate=2025-12-13&endDate=2025-12-13&datasetId=492A9C,https://www.simem.co/datadetail/492a9c1e-5896-46b3-9423-2f6af163ec13,Público
6a7864,Vertimientos Energético Largo Plazo,2023-10-11T09:04:35.923,2025-11-15T18:24:54.977,2022-01-01T00:00:00,2030-10-01T00:00:00,,https://www.simem.coPublicData?startDate=2025-12-13&endDate=2025-12-13&datasetId=6a7864,https://www.simem.co/datadetail/6a7864f5-4243-4f12-9422-30bdfd98f371,Público
43d851,Cargos por uso del STN,2023-09-26T01:33:46.607,2025-12-06T08:24:08.003,2013-01-01T00:00:00,2025-11-01T00:00:00,2025-02-20T09:54:02.817,https://www.simem.coPublicData?startDate=2025-12-13&endDate=2025-12-13&datasetId=43d851,https://www.simem.co/datadetail/43d8514d-3f43-47bb-8cfe-3117365d6375,Público
4f2075,Coordinación de mantenimientos generadores,2023-09-30T21:04:01.747,2025-12-07T20:14:30.77,2022-01-03T00:00:00,2025-12-08T00:00:00,,https://www.simem.coPublicData?startDate=2025-12-13&endDate=2025-12-13&datasetId=4f2075,https://www.simem.co/datadetail/4f20758e-2e8f-421d-986c-3250849614cc,Público
178428,Precios futuros y estadísticas de los contratos entre agentes,2023-09-30T16:17:54.693,2025-12-02T08:23:19.77,2023-09-01T00:00:00,2030-11-01T00:00:00,2025-04-29T20:56:43.29,https://www.simem.coPublicData?startDate=2025-12-13&endDate=2025-12-13&datasetId=178428,https://www.simem.co/datadetail/1784288f-c444-4dc5-861d-32be938f1c4d,Público
7E5EA7,Ajuste Transacciones TIE,2023-09-28T23:37:22.983,2025-12-11T12:20:08.31,2022-01-01T00:00:00,2025-11-30T00:00:00,2024-10-17T17:41:55.523,https://www.simem.coPublicData?startDate=2025-12-13&endDate=2025-12-13&datasetId=7E5EA7,https://www.simem.co/datadetail/7e5ea7a3-3585-4484-92c5-32cd3a242b3a,Público
710e77,Estadísticas anuales de las convocatorias del SICEP para el mercado regulado,2023-09-30T21:52:48.99,2025-07-09T14:40:33.57,2020-01-01T00:00:00,2024-01-01T00:00:00,2025-04-02T17:25:58.087,https://www.simem.coPublicData?startDate=2025-12-13&endDate=2025-12-13&datasetId=710e77,https://www.simem.co/datadetail/710e7711-43e7-4473-a0b5-330c227a2899,Público
51fea2,Bandera de pruebas de disponibilidad programadas en la operación por el Centro Nacional de Despacho,2025-10-28T10:02:00.503,2025-10-29T16:27:09.29,2023-11-21T00:00:00,2025-10-21T00:00:00,,https://www.simem.coPublicData?startDate=2025-12-13&endDate=2025-12-13&datasetId=51fea2,https://www.simem.co/datadetail/51fea261-709b-48f7-a551-338c042c182f,Público
60fed4,Precios futuros y estadísticas de los contratos entre agentes por comercializador y generador,2023-09-29T16:22:51.08,2025-12-02T08:20:42.35,2023-09-26T00:00:00,2030-11-01T00:00:00,2025-04-08T10:13:34.14,https://www.simem.coPublicData?startDate=2025-12-13&endDate=2025-12-13&datasetId=60fed4,https://www.simem.co/datadetail/60fed4c4-5222-4a03-935a-342f7e81aec5,Público
b1189f,"Precio de oferta de la planta en el proceso del despacho ideal, en COP/kWh",2023-09-29T06:03:49.34,2025-12-11T12:21:07.653,2013-01-01T00:00:00,2025-11-30T00:00:00,2025-04-29T14:15:35.243,https://www.simem.coPublicData?startDate=2025-12-13&endDate=2025-12-13&datasetId=b1189f,https://www.simem.co/datadetail/b1189f52-1f3c-429b-b1c5-34af0ac860f7,Público
7E4EE4,Estadísticas de monto de indisponibilidad de las líneas de transmisión nacional y regional del SIN,2023-12-13T11:10:15.967,2025-12-13T11:13:10.393,2023-10-01T00:00:00,2025-11-01T00:00:00,2025-01-12T11:45:21.923,https://www.simem.coPublicData?startDate=2025-12-13&endDate=2025-12-13&datasetId=7E4EE4,https://www.simem.co/datadetail/7e4ee404-ef93-43ba-8d69-35537ee3705d,Público
8F2AFC,Reconciliación negativa para plantas que no realizan AGC,2023-09-28T20:27:03.407,2025-12-13T10:31:44.377,2021-01-01T00:00:00,2025-12-10T00:00:00,,https://www.simem.coPublicData?startDate=2025-12-13&endDate=2025-12-13&datasetId=8F2AFC,https://www.simem.co/datadetail/8f2afcc8-cda2-42d8-8313-35801bedd86b,Público
FADED0,Capacidad efectiva neta por planta en potencia,2025-06-03T11:15:29.603,2025-11-19T20:25:20.893,2024-09-01T00:00:00,2025-09-02T00:00:00,,https://www.simem.coPublicData?startDate=2025-12-13&endDate=2025-12-13&datasetId=FADED0,https://www.simem.co/datadetail/faded0a6-2a66-41e4-8892-37179c551daa,Público
1445AC,Caudal Descargado por Tipo de Descarga,2023-09-30T15:35:31.34,2025-12-13T08:27:41.637,2013-01-01T00:00:00,2025-12-12T00:00:00,2025-04-11T17:16:07.89,https://www.simem.coPublicData?startDate=2025-12-13&endDate=2025-12-13&datasetId=1445AC,https://www.simem.co/datadetail/1445acaf-9cdd-4dfb-9668-37cd46b038ca,Público
843497,Reservas Hidráulicas en Porcentaje,2023-09-29T12:43:58.147,2025-12-12T09:51:36.37,2013-01-01T00:00:00,2025-12-11T00:00:00,2025-03-30T19:40:55.27,https://www.simem.coPublicData?startDate=2025-12-13&endDate=2025-12-13&datasetId=843497,https://www.simem.co/datadetail/84349736-e6ba-47ef-963d-37cefec6e79e,Público
38FF5B,DemandaSTR,2025-06-03T11:15:46.54,2025-11-19T20:25:40.653,2024-10-01T00:00:00,2025-09-02T00:00:00,,https://www.simem.coPublicData?startDate=2025-12-13&endDate=2025-12-13&datasetId=38FF5B,https://www.simem.co/datadetail/38ff5bb2-7291-4dfa-a205-37f0d98bd040,Público
f21bd1,Cantidades horarias de energía por comercializador de contratos adjudicados en subastas del Ministerio (MME),2023-09-18T13:18:02.727,2025-12-11T13:27:40.953,2022-01-01T00:00:00,2025-11-01T00:00:00,2025-04-15T21:25:44.563,https://www.simem.coPublicData?startDate=2025-12-13&endDate=2025-12-13&datasetId=f21bd1,https://www.simem.co/datadetail/f21bd1c5-7b71-4c28-93c6-386084a2daed,Público
705468,Estadísticas horarias de precios por comercializador de los contratos adjudicados en subastas del Ministerio (MME),2023-09-18T17:48:16.177,2025-12-11T13:28:08.937,2022-01-01T00:00:00,2025-11-01T00:00:00,2024-11-06T01:21:24.14,https://www.simem.coPublicData?startDate=2025-12-13&endDate=2025-12-13&datasetId=705468,https://www.simem.co/datadetail/705468a4-f96a-4031-92c3-3899b28aab35,Público
CB2410,"Costos de operación, mantenimiento y otros costos variables de generadores térmicos",2025-07-07T14:18:26.417,2025-12-13T10:28:59.553,2013-01-01T00:00:00,2025-12-10T00:00:00,,https://www.simem.coPublicData?startDate=2025-12-13&endDate=2025-12-13&datasetId=CB2410,https://www.simem.co/datadetail/cb2410e0-96e8-45a3-b08e-3910279b15b7,Público
0B1FAC,DdaReal_TipoMercado,2025-07-07T11:08:44.66,,0001-01-01T00:00:00,0001-01-01T00:00:00,,https://www.simem.coPublicData?startDate=2025-12-13&endDate=2025-12-13&datasetId=0B1FAC,https://www.simem.co/datadetail/0b1facd1-5a4e-4b97-9e0c-3927a1c0809d,Público
ac9492,Precios futuros horarios mensuales de contratos con UNR para el total del SIN,2023-09-29T09:01:20.01,2025-11-20T03:52:35.077,2023-09-01T00:00:00,2030-10-01T00:00:00,2025-05-02T12:29:52.463,https://www.simem.coPublicData?startDate=2025-12-13&endDate=2025-12-13&datasetId=ac9492,https://www.simem.co/datadetail/ac949213-9527-45b4-82a8-3a2eb3a2b3cf,Público
18F0B8,Generación programada en el redespacho,2023-09-28T22:45:20.783,2025-12-13T10:30:02.49,2021-01-01T00:00:00,2025-12-10T00:00:00,,https://www.simem.coPublicData?startDate=2025-12-13&endDate=2025-12-13&datasetId=18F0B8,https://www.simem.co/datadetail/18f0b878-8ec3-4c7c-9478-3a46c6aa4e63,Público
95443E,GeneracionProgramaGrupoGeneracion,2023-09-28T22:45:20.783,2025-11-13T19:15:05.413,2022-01-01T00:00:00,2025-09-02T00:00:00,,https://www.simem.coPublicData?startDate=2025-12-13&endDate=2025-12-13&datasetId=95443E,https://www.simem.co/datadetail/95443e96-9034-46ba-aa99-3afad4fb9274,Público
e5ca77,Maestra para la ejecución de información soporte Diaria,2023-10-20T15:55:38.817,2025-12-13T10:10:45.617,0001-01-01T00:00:00,0001-01-01T00:00:00,,https://www.simem.coPublicData?startDate=2025-12-13&endDate=2025-12-13&datasetId=e5ca77,https://www.simem.co/datadetail/e5ca7757-0171-4c79-ac2f-3b7fcbbb1d44,Público
3F3687,Datos soporte del proceso de liquidación por versión y horaria,2023-09-29T00:29:57.937,2025-12-11T20:14:37.32,2013-01-01T00:00:00,2025-12-08T00:00:00,2025-03-30T11:38:17.087,https://www.simem.coPublicData?startDate=2025-12-13&endDate=2025-12-13&datasetId=3F3687,https://www.simem.co/datadetail/3f3687a8-7dca-4793-8932-3d3645f3020c,Público
f96857,"Datos soporte del proceso de Demandas por Código Sic Frontera, Submercado, Tipo enlace, versión y horaria",2023-09-28T23:21:27.7,2025-11-06T15:45:35.087,2013-01-01T00:00:00,2025-10-25T00:00:00,2025-03-14T12:09:44.987,https://www.simem.coPublicData?startDate=2025-12-13&endDate=2025-12-13&datasetId=f96857,https://www.simem.co/datadetail/f96857ba-26f1-42e2-9075-3e1d8b62664a,Público
96DDFE,Relación índice platts US gulf coast residual fuel,2025-09-05T11:52:23.363,2025-12-13T10:29:15.24,2013-01-01T00:00:00,2025-12-08T00:00:00,,https://www.simem.coPublicData?startDate=2025-12-13&endDate=2025-12-13&datasetId=96DDFE,https://www.simem.co/datadetail/96ddfe6e-e44e-4fba-bed9-3e84e9dedbd4,Público
B0E933,Reservas Hidráulicas en Energía,2023-09-29T12:40:21.447,2025-12-12T09:53:54.063,2013-01-01T00:00:00,2025-12-11T00:00:00,2025-02-26T20:53:02.28,https://www.simem.coPublicData?startDate=2025-12-13&endDate=2025-12-13&datasetId=B0E933,https://www.simem.co/datadetail/b0e93334-d812-42a7-94fc-3f100bce7038,Público
39726d,Bandera de parada de plantas,2025-10-10T16:24:11.14,2025-12-13T10:26:26.43,2021-01-01T00:00:00,2025-12-10T00:00:00,,https://www.simem.coPublicData?startDate=2025-12-13&endDate=2025-12-13&datasetId=39726d,https://www.simem.co/datadetail/39726d52-f3d7-4fa1-bcb5-4029dcb5ac17,Público
85B998,Desviación diaria de obligación de energía firme positiva,2025-07-19T11:29:49.483,2025-12-13T10:30:16.677,2023-10-02T00:00:00,2025-01-31T00:00:00,2024-09-09T18:55:37.893,https://www.simem.coPublicData?startDate=2025-12-13&endDate=2025-12-13&datasetId=85B998,https://www.simem.co/datadetail/85b9989b-0c3f-459f-802f-405cd45982ef,Público
1eee63,Aportes Energético Mediano Plazo,2023-10-09T19:37:22.45,2025-12-07T19:19:43.94,2022-01-03T00:00:00,2027-11-29T00:00:00,2025-04-23T15:01:04.307,https://www.simem.coPublicData?startDate=2025-12-13&endDate=2025-12-13&datasetId=1eee63,https://www.simem.co/datadetail/1eee6372-ee93-4daa-aa1e-4083911a0abc,Público
2d2040,Disponibilidad real,2025-09-24T18:17:58.797,2025-10-09T15:16:09.933,2021-01-01T00:00:00,2025-10-02T00:00:00,,https://www.simem.coPublicData?startDate=2025-12-13&endDate=2025-12-13&datasetId=2d2040,https://www.simem.co/datadetail/2d2040de-ac19-47cc-a73b-40a71799570d,Público
013220,Precios y estadísticas mensuales de contratos entre agentes por generador,2023-10-02T10:42:36.153,2025-12-11T13:31:15.333,2013-01-01T00:00:00,2025-11-01T00:00:00,2024-08-26T18:12:49.17,https://www.simem.coPublicData?startDate=2025-12-13&endDate=2025-12-13&datasetId=013220,https://www.simem.co/datadetail/01322080-1429-4a74-8c28-41bd8463074f,Público
21a98c,Pruebas de Disponibilidad para Cargo por Confiabilidad,2025-10-28T10:40:37,2025-10-31T17:12:32.17,2013-02-04T00:00:00,2025-10-21T00:00:00,,https://www.simem.coPublicData?startDate=2025-12-13&endDate=2025-12-13&datasetId=21a98c,https://www.simem.co/datadetail/21a98cd9-df4f-4cdb-ad50-4262e850006a,Público
1e39a7,Parámetros técnicos de las plantas de generación Térmicas,2023-09-30T11:24:29.707,2025-05-08T22:59:45.09,2013-01-01T00:00:00,2025-03-11T00:00:00,2025-03-08T11:21:03.96,https://www.simem.coPublicData?startDate=2025-12-13&endDate=2025-12-13&datasetId=1e39a7,https://www.simem.co/datadetail/1e39a787-8a1f-4ab5-b2ea-42980e4239fb,Público
AECA28,Vertimientos hídricos,2023-09-14T14:26:11.52,2025-12-13T07:21:46.08,2013-01-01T00:00:00,2025-12-12T00:00:00,2025-02-17T23:24:04.987,https://www.simem.coPublicData?startDate=2025-12-13&endDate=2025-12-13&datasetId=AECA28,https://www.simem.co/datadetail/aeca287e-46a4-498b-8771-4399b96be855,Público
987B65,PerdidasDemandaReguladaAgente,2023-09-30T11:55:24.757,,0001-01-01T00:00:00,0001-01-01T00:00:00,2024-12-30T11:49:10.957,https://www.simem.coPublicData?startDate=2025-12-13&endDate=2025-12-13&datasetId=987B65,https://www.simem.co/datadetail/987b655f-d8ed-43f9-84cb-441a32dfa893,Público
15df39,Proyecciones de energía de los contratos no realizados a través del SICEP con destino al mercado regulado por comercializador,2023-09-29T16:14:11.113,2025-12-02T08:24:24.707,2023-09-01T00:00:00,2030-11-01T00:00:00,2025-03-26T10:56:49.94,https://www.simem.coPublicData?startDate=2025-12-13&endDate=2025-12-13&datasetId=15df39,https://www.simem.co/datadetail/15df39d4-451f-48d7-bd2e-443de8b1d66f,Público
39db4e,Disponibilidad asociada con arranque utilizando tecnología térmica a gas ciclo carbón,2025-09-23T09:23:36.187,2025-12-13T10:27:39.503,2021-01-04T00:00:00,2025-12-01T00:00:00,,https://www.simem.coPublicData?startDate=2025-12-13&endDate=2025-12-13&datasetId=39db4e,https://www.simem.co/datadetail/39db4e74-d96a-474c-9b2c-45eccc3895a9,Público
a38a5c,Agentes MEM inscritos en el mecanismo Derivex,2025-03-10T22:53:57.687,2025-11-13T13:39:54.59,2023-08-31T00:00:00,2025-10-31T00:00:00,2025-04-25T10:53:53.183,https://www.simem.coPublicData?startDate=2025-12-13&endDate=2025-12-13&datasetId=a38a5c,https://www.simem.co/datadetail/a38a5c6e-f9dc-4e10-bdbd-4670b4768425,Público
61ccc8,Precios horarios y estadísticas de los contratos entre agentes por generador,2023-09-29T14:08:33.097,2025-12-11T13:28:40.627,2013-01-01T00:00:00,2025-11-01T00:00:00,2025-03-08T11:47:37.93,https://www.simem.coPublicData?startDate=2025-12-13&endDate=2025-12-13&datasetId=61ccc8,https://www.simem.co/datadetail/61ccc805-1eb5-4366-a21a-4755d96840e6,Público
c10ec7,Cobertura de la demanda de contratos realizados fuera del SICEP,2023-09-28T22:58:37.917,2025-12-05T13:20:54.953,2023-09-01T00:00:00,2030-11-01T00:00:00,2025-04-29T14:18:39.213,https://www.simem.coPublicData?startDate=2025-12-13&endDate=2025-12-13&datasetId=c10ec7,https://www.simem.co/datadetail/c10ec7bb-3d16-45e9-9d5f-47b01cebd282,Público
8d3f47,Generación ideal flexible para demanda no domestica Venezuela ,2025-10-15T11:26:32.617,2025-12-11T12:29:37.183,2021-01-01T00:00:00,2025-11-03T00:00:00,,https://www.simem.coPublicData?startDate=2025-12-13&endDate=2025-12-13&datasetId=8d3f47,https://www.simem.co/datadetail/8d3f4750-c922-4890-969d-48efa13a260f,Público
305a36,Energía promedio de los contratos de convocatorias del SICEP con destino al mercado regulado del Sistema Interconectado Nacional,2023-09-27T02:45:30.963,2025-12-11T13:29:43.693,2020-06-01T00:00:00,2025-11-01T00:00:00,2025-04-02T16:46:46.527,https://www.simem.coPublicData?startDate=2025-12-13&endDate=2025-12-13&datasetId=305a36,https://www.simem.co/datadetail/305a3695-3631-4ce6-9097-49d95f97449e,Público
760616,Déficit Energético Largo Plazo,2023-10-11T09:06:56.033,2025-11-15T18:31:27.373,2022-01-01T00:00:00,2030-10-01T00:00:00,2025-05-02T18:26:21.813,https://www.simem.coPublicData?startDate=2025-12-13&endDate=2025-12-13&datasetId=760616,https://www.simem.co/datadetail/760616fa-588c-41c9-bf5f-4a65b4538ceb,Público
48cd87,"Datos soporte del proceso de Demandas por Código sic agente, Código sic frontera, Tipo frontera, versión y horaria",2023-09-28T20:41:07.42,2025-11-06T15:50:36.937,2013-01-01T00:00:00,2025-10-07T00:00:00,2025-03-27T11:27:13.263,https://www.simem.coPublicData?startDate=2025-12-13&endDate=2025-12-13&datasetId=48cd87,https://www.simem.co/datadetail/48cd87c9-dc2b-4654-8bef-4ac7d70d7890,Público
d91840,Pronóstico oficial de demanda por Área operativa,2023-09-29T08:24:58.133,2025-12-01T21:19:10.807,2019-01-01T00:00:00,2025-11-30T00:00:00,2025-04-20T20:54:02.05,https://www.simem.coPublicData?startDate=2025-12-13&endDate=2025-12-13&datasetId=d91840,https://www.simem.co/datadetail/d9184051-d71a-488d-bf65-4aeb1333493b,Público
FEA9D5,Proyección de la Energía de Referencia para el Mercado Secundario,2023-09-29T18:18:19.943,2023-09-29T18:20:46.057,2023-09-01T00:00:00,2023-09-30T00:00:00,,https://www.simem.coPublicData?startDate=2025-12-13&endDate=2025-12-13&datasetId=FEA9D5,https://www.simem.co/datadetail/fea9d590-e461-4b9f-a896-4bb8b9d302bc,Público
315976,Limitación de suministros a usuarios finales según la Res. CREG 116 de 1998,2023-09-29T21:50:45.6,2025-12-13T07:18:44.95,2013-01-17T00:00:00,2025-12-09T00:00:00,2025-03-30T11:22:09.723,https://www.simem.coPublicData?startDate=2025-12-13&endDate=2025-12-13&datasetId=315976,https://www.simem.co/datadetail/315976ce-108d-4519-95d1-4ce4423fef7f,Público
9e2844,Precios horarios y estadísticas de los contratos entre agentes por comercializador,2023-09-29T11:49:51.217,2025-12-11T13:27:37.137,2013-01-01T00:00:00,2025-11-01T00:00:00,2025-04-14T11:25:06.933,https://www.simem.coPublicData?startDate=2025-12-13&endDate=2025-12-13&datasetId=9e2844,https://www.simem.co/datadetail/9e28444e-b047-4b6a-8d79-4cffe7f2a8eb,Público
135c10,Valores del Cargo por Confiabilidad,2023-09-28T21:19:03.027,2025-12-10T17:13:25.233,2006-12-01T00:00:00,2028-12-01T00:00:00,2025-05-02T20:13:06.917,https://www.simem.coPublicData?startDate=2025-12-13&endDate=2025-12-13&datasetId=135c10,https://www.simem.co/datadetail/135c1099-3f6a-4978-938c-4ddd4c3571bf,Público
658DAE,Nivel de Probabilidad de Vertimiento,2023-09-28T21:00:16.67,2025-12-13T10:27:54.58,2021-01-01T00:00:00,2025-12-10T00:00:00,,https://www.simem.coPublicData?startDate=2025-12-13&endDate=2025-12-13&datasetId=658DAE,https://www.simem.co/datadetail/658dae30-0c1d-4054-a967-4e69394e9fbb,Público
71a7b9,Niveles Mínimos Operativos de Embalses de invierno,2023-09-30T17:59:04.79,2025-07-31T19:21:36.5,2022-05-01T00:00:00,2027-04-30T00:00:00,2025-05-01T19:12:25.017,https://www.simem.coPublicData?startDate=2025-12-13&endDate=2025-12-13&datasetId=71a7b9,https://www.simem.co/datadetail/71a7b99e-a232-464d-bc6d-4eb4ec38be18,Público
2C4883,"Datos soporte del proceso de liquidación por Recurso, versión y horaria",2023-09-28T20:27:03.407,2025-07-29T20:25:04.997,0001-01-01T00:00:00,0001-01-01T00:00:00,,https://www.simem.coPublicData?startDate=2025-12-13&endDate=2025-12-13&datasetId=2C4883,https://www.simem.co/datadetail/2c488309-9a3a-4e12-90d5-4ed2ab6d7abe,Público
1d3ef8,Reservas Hidráulicas en Porcentaje del Informe Diario de Operación,2023-07-13T18:22:15.253,2025-12-13T08:26:28.637,2013-01-01T00:00:00,2025-12-11T00:00:00,2025-04-10T20:24:25.83,https://www.simem.coPublicData?startDate=2025-12-13&endDate=2025-12-13&datasetId=1d3ef8,https://www.simem.co/datadetail/1d3ef8cf-358f-45cc-a1ce-4fa07409bb13,Público
62649f,Recomendaciones Eléctricas consideradas en el Despacho Económico,2023-09-30T17:36:58.793,2025-12-12T23:15:05.77,2022-01-01T00:00:00,2025-12-12T00:00:00,2024-11-15T14:22:57.52,https://www.simem.coPublicData?startDate=2025-12-13&endDate=2025-12-13&datasetId=62649f,https://www.simem.co/datadetail/62649fdb-2c87-4cde-8b48-50ac7cd050d3,Público
ECA1CC,Potencia asociada con la holgura,2023-09-28T20:27:03.407,2025-12-13T10:28:53.93,2021-01-01T00:00:00,2025-12-10T00:00:00,,https://www.simem.coPublicData?startDate=2025-12-13&endDate=2025-12-13&datasetId=ECA1CC,https://www.simem.co/datadetail/eca1cca9-df7e-4774-a192-50e7d65d21a7,Público
99c2e8,Costo del uso de los activos de transmisión,2025-10-09T10:00:18.48,2025-12-11T11:17:26.81,2025-07-01T00:00:00,2025-10-01T00:00:00,,https://www.simem.coPublicData?startDate=2025-12-13&endDate=2025-12-13&datasetId=99c2e8,https://www.simem.co/datadetail/99c2e805-4cdf-415e-9242-512a29394669,Público
490BDB,CombustibleUtilizadoParaCalculoCostos,2023-09-28T22:45:20.783,2025-11-19T20:17:26.75,2024-10-01T00:00:00,2025-09-02T00:00:00,,https://www.simem.coPublicData?startDate=2025-12-13&endDate=2025-12-13&datasetId=490BDB,https://www.simem.co/datadetail/490bdb50-8bf3-4409-9887-51bb9914b28b,Público
531ba3,Informe anual de auditoría de costos de combustible para el cálculo del precio marginal de escasez,2023-09-29T00:08:29.2,2025-07-18T20:40:55.117,2021-12-01T00:00:00,2023-12-01T00:00:00,2025-01-31T08:44:13.033,https://www.simem.coPublicData?startDate=2025-12-13&endDate=2025-12-13&datasetId=531ba3,https://www.simem.co/datadetail/531ba34f-2533-4b4f-9e98-5331da5eb2a4,Público
d0d746,Pérdidas Energía Asignadas Agente,2023-09-30T11:55:24.757,2025-12-11T12:27:37.31,2013-01-01T00:00:00,2025-11-01T00:00:00,2025-04-30T16:42:39.647,https://www.simem.coPublicData?startDate=2025-12-13&endDate=2025-12-13&datasetId=d0d746,https://www.simem.co/datadetail/d0d746e8-2ab3-4d1b-869c-534cf6637dbc,Público
42EDC9,Magnitud energía en bolsa nacional a cargo,2024-11-07T10:33:56.017,2025-12-13T10:26:18.31,2021-01-01T00:00:00,2025-12-08T00:00:00,,https://www.simem.coPublicData?startDate=2025-12-13&endDate=2025-12-13&datasetId=42EDC9,https://www.simem.co/datadetail/42edc929-6f52-4f19-8a12-53ce98e53272,Público
fa4671,"Datos soporte del proceso de Contratos por Recurso, versión y diaria",2023-09-28T22:04:50.36,2025-11-19T20:25:03.237,2013-01-01T00:00:00,2025-09-08T00:00:00,2025-03-20T12:55:47.223,https://www.simem.coPublicData?startDate=2025-12-13&endDate=2025-12-13&datasetId=fa4671,https://www.simem.co/datadetail/fa4671b8-61f8-48df-9817-53f6a711b46b,Público
11093A,Calce u operaciones de las órdenes de oferta en Convocatorias de Participación en Subasta de Cierre,2023-09-29T02:11:11.797,2025-11-13T13:43:31.753,2023-07-01T00:00:00,2025-10-01T00:00:00,2024-06-27T12:16:03.083,https://www.simem.coPublicData?startDate=2025-12-13&endDate=2025-12-13&datasetId=11093A,https://www.simem.co/datadetail/11093a53-395d-4487-b5d2-548d00849a17,Público
86d9c6,Variables de Ajuste por Energía Vendida Embalsada (EVE),2025-12-05T11:03:00.513,2025-12-13T10:24:50.34,2024-09-30T00:00:00,2025-04-02T00:00:00,,https://www.simem.coPublicData?startDate=2025-12-13&endDate=2025-12-13&datasetId=86d9c6,https://www.simem.co/datadetail/86d9c63a-99db-40d8-8642-548fd3fda25b,Público
9605b0,Reservas Hidráulicas en Masa del Informe Diario de Operación,2023-07-13T21:51:53.463,2025-12-13T08:21:48.74,2013-01-01T00:00:00,2025-12-12T00:00:00,2025-05-02T20:35:47.143,https://www.simem.coPublicData?startDate=2025-12-13&endDate=2025-12-13&datasetId=9605b0,https://www.simem.co/datadetail/9605b04c-8d3a-40a9-94d3-5535670d2f9a,Público
97C342,VersionConfiguracionTablaSIMEM,2025-04-09T01:11:12.317,2025-12-13T01:23:06.14,2025-04-08T00:00:00,2025-12-10T00:00:00,,https://www.simem.coPublicData?startDate=2025-12-13&endDate=2025-12-13&datasetId=97C342,https://www.simem.co/datadetail/97c34287-abfe-4ca4-8a43-553576ecaff9,Público
bd583d,Niveles Mínimos Operativos de Embalses de verano,2023-09-30T22:37:39.333,2025-12-05T14:42:46,2022-12-01T00:00:00,2027-11-30T00:00:00,,https://www.simem.coPublicData?startDate=2025-12-13&endDate=2025-12-13&datasetId=bd583d,https://www.simem.co/datadetail/bd583d59-62e0-4680-afa4-55843dfbd573,Público
d55202,Demanda comercial,2025-10-14T16:27:25.673,2025-12-13T10:29:08.693,2021-01-01T00:00:00,2025-12-08T00:00:00,,https://www.simem.coPublicData?startDate=2025-12-13&endDate=2025-12-13&datasetId=d55202,https://www.simem.co/datadetail/d552025a-d6e6-472a-b2ce-55d28c5fbed6,Público
f2ba18,Costo Marginal Promedio del Redespacho del Informe Diario de Operación,2023-09-28T17:35:59.697,2025-12-13T07:20:33.377,2013-01-01T00:00:00,2025-12-12T00:00:00,2025-01-29T19:12:29.573,https://www.simem.coPublicData?startDate=2025-12-13&endDate=2025-12-13&datasetId=f2ba18,https://www.simem.co/datadetail/f2ba181e-08b5-4ebe-abad-55dbb1b56215,Público
06bb49,Energía promedio mensual de contratos con UNR para el total del SIN,2023-09-29T10:33:12.15,2025-11-20T03:15:36.15,2023-01-01T00:00:00,2025-11-01T00:00:00,2025-03-30T17:30:01.343,https://www.simem.coPublicData?startDate=2025-12-13&endDate=2025-12-13&datasetId=06bb49,https://www.simem.co/datadetail/06bb499a-23ea-4159-bc6c-565a2d9412d3,Público
44c3e3,Recomendaciones Eléctricas consideradas en Tiempo Real,2023-10-11T16:35:50.097,2025-12-13T03:18:31.42,2022-01-01T00:00:00,2025-12-12T00:00:00,2024-12-02T14:50:33.35,https://www.simem.coPublicData?startDate=2025-12-13&endDate=2025-12-13&datasetId=44c3e3,https://www.simem.co/datadetail/44c3e397-6475-49fd-acd0-567d8a5968c5,Público
9E0260,ConsumosPropios,2023-09-28T20:27:03.407,,0001-01-01T00:00:00,0001-01-01T00:00:00,,https://www.simem.coPublicData?startDate=2025-12-13&endDate=2025-12-13&datasetId=9E0260,https://www.simem.co/datadetail/9e0260af-88f8-4688-bae6-577c16b0d74a,Público
8FFA6D,Inflexibilidades no asociadas con generación de seguridad,2025-02-06T06:41:00.257,2025-12-13T10:28:00.853,2021-01-01T00:00:00,2025-12-10T00:00:00,,https://www.simem.coPublicData?startDate=2025-12-13&endDate=2025-12-13&datasetId=8FFA6D,https://www.simem.co/datadetail/8ffa6d17-36d8-43a2-beac-5794390af025,Público
03ba47,Máximo precio ofertado,2025-12-04T14:28:29.57,2025-12-13T10:28:11.643,2021-01-01T00:00:00,2025-12-10T00:00:00,,https://www.simem.coPublicData?startDate=2025-12-13&endDate=2025-12-13&datasetId=03ba47,https://www.simem.co/datadetail/03ba4753-95b4-473f-82af-59a68c8d379f,Público
1ff257,Servicios LAC Moneda,2025-10-29T11:34:29.39,2025-11-19T13:40:21.46,2025-07-01T00:00:00,2025-10-01T00:00:00,,https://www.simem.coPublicData?startDate=2025-12-13&endDate=2025-12-13&datasetId=1ff257,https://www.simem.co/datadetail/1ff257db-a89f-41f2-ba97-59efc92ac64c,Público
5f4e97,Precios promedios horarios mensuales por comercializador de contratos con UNR para el total del SIN,2023-10-04T17:29:41.413,2025-11-20T03:18:32.86,2023-01-01T00:00:00,2025-10-01T00:00:00,2025-04-29T17:40:57.073,https://www.simem.coPublicData?startDate=2025-12-13&endDate=2025-12-13&datasetId=5f4e97,https://www.simem.co/datadetail/5f4e976f-7d72-48d5-95ad-5a47b8ce0a07,Público
306c67,Asignaciones de OEF por planta,2023-09-28T20:52:14.327,2025-12-10T14:50:24.977,2006-12-01T00:00:00,2046-12-01T00:00:00,2025-05-02T12:30:47.273,https://www.simem.coPublicData?startDate=2025-12-13&endDate=2025-12-13&datasetId=306c67,https://www.simem.co/datadetail/306c6790-e645-4966-8031-5a5658d8b962,Público
5f246a,Precios horarios y estadísticas de los contratos entre agentes,2023-10-04T18:54:35.76,2025-12-11T13:31:34.78,2013-01-01T00:00:00,2025-11-01T00:00:00,2025-04-14T11:25:56.74,https://www.simem.coPublicData?startDate=2025-12-13&endDate=2025-12-13&datasetId=5f246a,https://www.simem.co/datadetail/5f246aeb-8035-4031-af3f-5ade850f8a30,Público
5EE18E,CEREUSD,2025-07-07T11:08:17.857,,0001-01-01T00:00:00,0001-01-01T00:00:00,,https://www.simem.coPublicData?startDate=2025-12-13&endDate=2025-12-13&datasetId=5EE18E,https://www.simem.co/datadetail/5ee18e52-c771-4bb6-87a5-5b15222cfafd,Público
300D5C,Costo de operación y mantenimiento para el precio de escasez,2025-07-07T11:08:26.243,2025-12-11T12:27:54.343,2021-01-01T00:00:00,2025-11-01T00:00:00,,https://www.simem.coPublicData?startDate=2025-12-13&endDate=2025-12-13&datasetId=300D5C,https://www.simem.co/datadetail/300d5c57-6a59-497b-89ff-5ba1f87cf0eb,Público
53c5f4,Montos por indisponibilidad de las líneas de transmisión nacional y regional del SIN en COP,2023-09-29T02:27:58.01,2025-12-13T11:12:52.473,2022-01-01T00:00:00,2025-11-01T00:00:00,2025-01-14T11:50:14.513,https://www.simem.coPublicData?startDate=2025-12-13&endDate=2025-12-13&datasetId=53c5f4,https://www.simem.co/datadetail/53c5f4bc-de71-4ff9-8ca6-5ba822d197f7,Público
AB052F,Número de intentos para cumplir pruebas de disponiblidad,2023-09-28T20:27:03.407,2025-12-13T10:26:50.517,2023-11-21T00:00:00,2025-11-30T00:00:00,,https://www.simem.coPublicData?startDate=2025-12-13&endDate=2025-12-13&datasetId=AB052F,https://www.simem.co/datadetail/ab052f90-b5fb-4409-b850-5c09c15e51b3,Público
f73ff2,Cantidad de fronteras de UNR por nivel de tensión,2023-09-29T00:19:59.753,2025-11-20T03:18:53.717,2013-01-01T00:00:00,2025-10-01T00:00:00,2025-05-02T13:47:17.633,https://www.simem.coPublicData?startDate=2025-12-13&endDate=2025-12-13&datasetId=f73ff2,https://www.simem.co/datadetail/f73ff202-7ea0-4d4b-8c24-5c7fa8106374,Público
7a30a3,Versiones de factura para la liquidación diaria,2025-03-13T13:57:17.513,2025-12-13T09:10:09.693,2025-01-01T00:00:00,2025-12-12T00:00:00,2025-03-26T11:04:23.78,https://www.simem.coPublicData?startDate=2025-12-13&endDate=2025-12-13&datasetId=7a30a3,https://www.simem.co/datadetail/5eeb5f5a-9ca2-4544-9371-5ccb19778afa,Público
4f9fe7,Precios horarios futuros y estadísticas de los contratos entre agentes,2023-09-30T20:55:20.39,2025-12-02T08:23:00.82,2023-09-01T00:00:00,2030-11-01T00:00:00,2025-04-02T14:24:34.9,https://www.simem.coPublicData?startDate=2025-12-13&endDate=2025-12-13&datasetId=4f9fe7,https://www.simem.co/datadetail/4f9fe728-89ac-43a0-9c28-5d001dc9c199,Público
6A36D0,Acumulado anual de los calce u operaciones de las órdenes de oferta en Convocatorias,2023-09-29T13:32:37.303,2025-11-13T13:43:30.223,2023-08-01T00:00:00,2025-10-01T00:00:00,2024-11-13T17:39:24.52,https://www.simem.coPublicData?startDate=2025-12-13&endDate=2025-12-13&datasetId=6A36D0,https://www.simem.co/datadetail/6a36d03b-f3dc-4779-a9ab-5d0db50ac1c9,Público
e5be73,Precios horarios y estadísticas de los contratos de convocatorias del SICEP para el mercado regulado,2023-09-29T14:29:06.6,2025-12-11T13:27:07.31,2020-06-01T00:00:00,2025-11-01T00:00:00,2025-04-29T22:03:46.707,https://www.simem.coPublicData?startDate=2025-12-13&endDate=2025-12-13&datasetId=e5be73,https://www.simem.co/datadetail/e5be7323-4364-4ce2-9d92-5df5ed9174d9,Público
6d9c07,Proyecciones de precios de los contratos no realizados a través del SICEP con destino al mercado regulado por comercializador y contrato,2023-09-29T17:40:45.37,2025-12-02T08:15:18.673,2023-09-01T00:00:00,2030-11-01T00:00:00,2025-03-20T09:50:59.653,https://www.simem.coPublicData?startDate=2025-12-13&endDate=2025-12-13&datasetId=6d9c07,https://www.simem.co/datadetail/6d9c0723-8ce0-4526-884d-5e7f08957190,Público
842296,Energía calculada para plantas hidráulicas por reconciliación positiva asociada a la exportación hacia Ecuador,2023-09-28T20:27:03.407,2025-12-13T10:29:34.713,2022-01-11T00:00:00,2025-12-10T00:00:00,,https://www.simem.coPublicData?startDate=2025-12-13&endDate=2025-12-13&datasetId=842296,https://www.simem.co/datadetail/842296c9-080a-4162-92e6-5ef2b2517d96,Público
14fabb,Demanda real,2025-10-14T16:22:33.677,2025-12-13T10:24:50.153,2021-01-01T00:00:00,2025-12-08T00:00:00,,https://www.simem.coPublicData?startDate=2025-12-13&endDate=2025-12-13&datasetId=14fabb,https://www.simem.co/datadetail/14fabb20-e4ec-41fb-bd98-5f29f41f3775,Público
8750f9,Generación Energético Largo Plazo,2023-10-13T09:58:41.58,2025-11-15T18:29:37.643,2022-01-01T00:00:00,2030-10-01T00:00:00,2025-04-12T11:47:14.01,https://www.simem.coPublicData?startDate=2025-12-13&endDate=2025-12-13&datasetId=8750f9,https://www.simem.co/datadetail/8750f999-f2a5-4f0d-b3e4-5f2b91cd2812,Público
6e0197,Recomendaciones Eléctricas de Corto Plazo,2023-10-13T19:03:44.857,2025-12-12T22:12:09.243,2022-01-03T00:00:00,2025-12-14T00:00:00,2025-05-06T11:53:08.033,https://www.simem.coPublicData?startDate=2025-12-13&endDate=2025-12-13&datasetId=6e0197,https://www.simem.co/datadetail/6e019732-d370-4c67-a21c-5f708b3a2ecf,Público
FB23CF,Valor contratos convocatorias públicas SICEP,2025-06-04T09:15:19.95,2025-12-13T10:26:34.417,2021-01-01T00:00:00,2025-12-08T00:00:00,,https://www.simem.coPublicData?startDate=2025-12-13&endDate=2025-12-13&datasetId=FB23CF,https://www.simem.co/datadetail/fb23cf9c-f731-470c-a777-5fdbb0f3993a,Público
da2a88,Cobertura de la demanda de UNR,2023-09-30T09:00:31.88,2025-11-20T03:34:18.943,2023-08-01T00:00:00,2030-10-01T00:00:00,2025-03-04T15:29:50.55,https://www.simem.coPublicData?startDate=2025-12-13&endDate=2025-12-13&datasetId=da2a88,https://www.simem.co/datadetail/da2a88fb-5e33-493b-84d6-602caec7c9d9,Público
5d0d0e,Disponibilidad declarada en el despacho,2025-09-17T12:47:35.133,2025-10-23T17:00:33.983,2021-01-01T00:00:00,2025-10-19T00:00:00,,https://www.simem.coPublicData?startDate=2025-12-13&endDate=2025-12-13&datasetId=5d0d0e,https://www.simem.co/datadetail/5d0d0ee6-8782-491e-b460-614eebe7e475,Público
3451bf,Precio de Oferta Declarado,2025-05-30T16:21:19.477,2025-12-01T07:16:09.49,2025-04-01T00:00:00,2025-11-30T00:00:00,,https://www.simem.coPublicData?startDate=2025-12-13&endDate=2025-12-13&datasetId=3451bf,https://www.simem.co/datadetail/3451bfba-fd3a-4331-b689-61fa989835ab,Público
f0be2a,Precios y estadísticas mensuales de contratos de convocatorias del SICEP para el mercado regulado por comercializador,2023-09-30T10:31:00.427,2025-12-11T13:35:04.897,2020-06-01T00:00:00,2025-11-01T00:00:00,2025-02-03T17:44:34.107,https://www.simem.coPublicData?startDate=2025-12-13&endDate=2025-12-13&datasetId=f0be2a,https://www.simem.co/datadetail/f0be2aa1-798b-432c-9166-6228c302388f,Público
42f98c,Meteorología local en Plantas Eólicas,2024-01-18T07:12:12.557,2025-12-13T07:18:07.8,2023-11-02T00:00:00,2025-12-12T00:00:00,2025-04-14T20:51:00.147,https://www.simem.coPublicData?startDate=2025-12-13&endDate=2025-12-13&datasetId=42f98c,https://www.simem.co/datadetail/42f98c21-c60c-467f-8474-6348e9295a82,Público
ec8596,Aportes Hídricos en Porcentaje del Informe Diario,2023-07-13T20:30:00.537,2025-12-13T08:26:31.543,2013-01-01T00:00:00,2025-12-12T00:00:00,2025-04-04T11:11:19.94,https://www.simem.coPublicData?startDate=2025-12-13&endDate=2025-12-13&datasetId=ec8596,https://www.simem.co/datadetail/ec859698-1ab1-46c7-967d-64330334d134,Público
fad372,Cantidad de fronteras de UNR por nivel de consumo,2023-09-27T04:59:37.86,2025-11-20T03:15:20.407,2013-01-01T00:00:00,2025-10-01T00:00:00,2025-04-09T10:49:49.593,https://www.simem.coPublicData?startDate=2025-12-13&endDate=2025-12-13&datasetId=fad372,https://www.simem.co/datadetail/fad37243-fcb7-4c33-a875-64cfc376eaeb,Público
9e9ee7,Pronóstico de demanda de energía y demanda atendida por mercado de comercialización,2023-09-30T12:40:01.66,2025-12-06T23:17:29.377,2022-01-01T00:00:00,2025-11-30T00:00:00,2025-04-24T16:46:15.617,https://www.simem.coPublicData?startDate=2025-12-13&endDate=2025-12-13&datasetId=9e9ee7,https://www.simem.co/datadetail/9e9ee724-add8-467e-b56b-6564d092a554,Público
DE416B,Calce u operaciones de las órdenes de demanda en Convocatorias de Participación en Subasta de Cierre,2023-09-29T01:42:14.43,2025-11-13T13:42:25.73,2023-07-01T00:00:00,2025-10-01T00:00:00,2024-12-16T17:01:45.987,https://www.simem.coPublicData?startDate=2025-12-13&endDate=2025-12-13&datasetId=DE416B,https://www.simem.co/datadetail/de416ba1-d3c2-48f6-b058-66e6aaeb49c4,Público
FEC25B,Magnitud compras transacciones en bolsa en energía,2024-11-07T10:33:56.017,2025-12-13T10:26:52.26,2021-01-01T00:00:00,2025-12-10T00:00:00,,https://www.simem.coPublicData?startDate=2025-12-13&endDate=2025-12-13&datasetId=FEC25B,https://www.simem.co/datadetail/fec25bde-bf79-4218-8e77-670d4d03e669,Público
629B6D,Oportunidad en la entrega de información por parte de los agentes de contratos largo plazo,2024-05-16T16:02:07.16,2025-11-28T21:54:45.103,2023-01-01T00:00:00,2024-01-01T00:00:00,2024-05-07T08:27:41.827,https://www.simem.coPublicData?startDate=2025-12-13&endDate=2025-12-13&datasetId=629B6D,https://www.simem.co/datadetail/629b6d7a-fe18-4779-bbd2-672b24199022,Público
6bac48,Precios y estadísticas de los contratos entre agentes integrados verticalmente para el mercado no regulado,2023-09-30T15:57:42.133,2025-12-11T13:27:26.807,2013-01-01T00:00:00,2025-11-01T00:00:00,2025-03-27T08:58:56.367,https://www.simem.coPublicData?startDate=2025-12-13&endDate=2025-12-13&datasetId=6bac48,https://www.simem.co/datadetail/6bac4845-dc3d-4ef3-b1bd-675016165592,Público
9795ba,"Datos soporte del proceso de liquidación por Tipo combustible, versión y mensual",2023-09-28T20:19:29.223,2025-11-06T15:40:13.363,2017-12-01T00:00:00,2025-09-01T00:00:00,2024-12-12T15:41:49.19,https://www.simem.coPublicData?startDate=2025-12-13&endDate=2025-12-13&datasetId=9795ba,https://www.simem.co/datadetail/9795bab3-081e-4050-824a-67b03d758540,Público
FDA6EA,CostosCombustibleRes1402017,2025-07-11T11:26:30.66,2025-12-11T12:19:21.747,2024-10-01T00:00:00,2025-07-01T00:00:00,2025-03-26T16:12:20.457,https://www.simem.coPublicData?startDate=2025-12-13&endDate=2025-12-13&datasetId=FDA6EA,https://www.simem.co/datadetail/fda6ea86-16a4-40ba-bfb2-67e0420c842a,Público
7538fd,Parámetros técnicos de las líneas de transmisión,2023-09-29T05:19:00.683,2025-12-13T11:19:59.843,2020-06-01T00:00:00,2025-12-13T00:00:00,2025-04-02T08:37:27.073,https://www.simem.coPublicData?startDate=2025-12-13&endDate=2025-12-13&datasetId=7538fd,https://www.simem.co/datadetail/7538fda4-4956-4982-977f-68b7675cf2e6,Público
FE2899,Banderas de pruebas por unidad,2023-09-28T02:17:41.99,2025-12-03T16:22:14.79,2022-01-01T00:00:00,2025-11-22T00:00:00,,https://www.simem.coPublicData?startDate=2025-12-13&endDate=2025-12-13&datasetId=FE2899,https://www.simem.co/datadetail/fe289938-8628-4af5-a289-69e9136d7535,Público
a6dcc1,Precios futuros mensuales de contratos con UNR por mercado de comercialización,2023-09-29T09:59:00.523,2025-11-20T03:41:27.64,2023-09-01T00:00:00,2030-10-01T00:00:00,2025-04-21T14:47:31.37,https://www.simem.coPublicData?startDate=2025-12-13&endDate=2025-12-13&datasetId=a6dcc1,https://www.simem.co/datadetail/a6dcc1a0-ff5a-40e2-b157-6b0729ee0a3e,Público
9CBA0C,Disponibilidad horaria declarada total que respalda las OEF,2023-09-28T20:27:03.407,2025-12-13T10:27:49.3,2021-01-01T00:00:00,2025-08-14T00:00:00,,https://www.simem.coPublicData?startDate=2025-12-13&endDate=2025-12-13&datasetId=9CBA0C,https://www.simem.co/datadetail/9cba0c1d-bfbe-4592-ac7a-6b1f8e1e1490,Público
0220e0,"Datos soporte del proceso de liquidación por Código sic agente, versión y mensual",2023-09-28T14:23:55.257,2025-11-19T20:23:47.12,2013-01-01T00:00:00,2025-10-01T00:00:00,2025-02-17T08:37:10.51,https://www.simem.coPublicData?startDate=2025-12-13&endDate=2025-12-13&datasetId=0220e0,https://www.simem.co/datadetail/0220e01c-d2cd-4636-9d1d-6b227669df63,Público
709b84,Precio de Transacciones en Bolsa,2025-03-06T09:13:54.037,2025-12-13T10:23:56.317,2024-09-01T00:00:00,2025-12-08T00:00:00,2025-05-07T12:09:55.257,https://www.simem.coPublicData?startDate=2025-12-13&endDate=2025-12-13&datasetId=709b84,https://www.simem.co/datadetail/839a62cd-1d50-458c-bcf4-6d02a6d56f24,Público
10F2C9,Listado de Subáreas Operativas del Sistema de Interconectado Nacional,2024-01-17T07:09:08.477,2025-12-13T07:17:29.737,2022-01-07T00:00:00,2025-12-12T00:00:00,2025-02-27T11:44:30.593,https://www.simem.coPublicData?startDate=2025-12-13&endDate=2025-12-13&datasetId=10F2C9,https://www.simem.co/datadetail/10f2c9b7-00ec-4e1a-a2e0-6d64a7510a17,Público
22e6e3,Pérdidas de energía,2025-10-14T16:32:31.93,2025-12-13T10:22:29.927,2021-01-01T00:00:00,2025-12-08T00:00:00,,https://www.simem.coPublicData?startDate=2025-12-13&endDate=2025-12-13&datasetId=22e6e3,https://www.simem.co/datadetail/22e6e31e-c8b6-4e52-92fb-6fbec543135d,Público
d943d5,Proyecciones de precios de los contratos no realizados a través del SICEP con destino al mercado regulado por comercializador,2023-09-30T11:35:45.557,2025-12-02T08:22:13.303,2023-09-01T00:00:00,2030-11-01T00:00:00,2025-03-26T11:36:52.723,https://www.simem.coPublicData?startDate=2025-12-13&endDate=2025-12-13&datasetId=d943d5,https://www.simem.co/datadetail/d943d506-9614-421e-96f1-6fc146dad328,Público
564F53,OEFDiaria_TSubasta,2025-06-04T09:16:02.927,2025-11-19T20:18:31.613,2024-09-01T00:00:00,2025-08-31T00:00:00,,https://www.simem.coPublicData?startDate=2025-12-13&endDate=2025-12-13&datasetId=564F53,https://www.simem.co/datadetail/564f5322-594a-465e-80b6-70a2053670d0,Público
69736c,"Precios y estadísticas de los contratos de convocatorias del SICEP para el mercado regulado, por año de suscripción",2023-09-30T10:27:30.433,2025-12-11T13:29:20.16,2020-06-01T00:00:00,2025-11-01T00:00:00,2025-01-20T10:04:29.727,https://www.simem.coPublicData?startDate=2025-12-13&endDate=2025-12-13&datasetId=69736c,https://www.simem.co/datadetail/69736ca4-35a3-49e6-bf19-712eb9f8c80a,Público
6D6E23,Ventas en bolsa internacional en moneda,2024-11-07T10:33:56.017,2025-12-13T10:23:17.197,2021-01-01T00:00:00,2025-12-08T00:00:00,,https://www.simem.coPublicData?startDate=2025-12-13&endDate=2025-12-13&datasetId=6D6E23,https://www.simem.co/datadetail/6d6e23e5-cfd3-46fa-bb45-72efde209a62,Público
cebe60,Precios y estadísticas mensuales de los contratos de convocatorias del SICEP para el mercado regulado,2023-09-30T10:28:43.44,2025-12-11T13:27:41.177,2020-06-01T00:00:00,2025-11-01T00:00:00,2025-04-29T22:07:34.417,https://www.simem.coPublicData?startDate=2025-12-13&endDate=2025-12-13&datasetId=cebe60,https://www.simem.co/datadetail/cebe609f-55c7-4b2f-b768-72f94d53106c,Público
d528cb,Precios horarios y estadísticas de los contratos de convocatorias del SICEP para el mercado regulado por comercializador,2023-09-29T10:47:45.553,2025-12-11T13:28:59.64,2020-06-01T00:00:00,2025-11-01T00:00:00,2025-05-05T15:00:22.65,https://www.simem.coPublicData?startDate=2025-12-13&endDate=2025-12-13&datasetId=d528cb,https://www.simem.co/datadetail/d528cb3b-9cc5-40e2-bfb4-732758824995,Público
7E9CBB,Capacidad de respaldo para operaciones en el Mercado Mayorista de Energía,2023-09-29T23:14:58.03,2025-12-01T09:13:38.853,2013-12-01T00:00:00,2030-10-01T00:00:00,2025-04-25T10:54:30.46,https://www.simem.coPublicData?startDate=2025-12-13&endDate=2025-12-13&datasetId=7E9CBB,https://www.simem.co/datadetail/7e9cbbf3-1999-4c6b-a7fb-7368ad68d37f,Público
E93F85,Magnitud energía en bolsa internacional a cargo,2024-11-07T10:33:56.017,2025-12-13T10:26:37.957,2021-01-01T00:00:00,2025-12-08T00:00:00,,https://www.simem.coPublicData?startDate=2025-12-13&endDate=2025-12-13&datasetId=E93F85,https://www.simem.co/datadetail/e93f85b7-5673-45d6-8697-73f4cfae6987,Público
2bff14,Aportes Hídricos en Energía del Informe Diario de Operación,2023-07-17T20:15:44.973,2025-12-13T08:22:37.02,2013-01-01T00:00:00,2025-12-12T00:00:00,2025-05-02T20:51:44.04,https://www.simem.coPublicData?startDate=2025-12-13&endDate=2025-12-13&datasetId=2bff14,https://www.simem.co/datadetail/2bff145f-a233-4644-b5eb-74188dfba51c,Público
fbfafd,Precios y estadísticas mensuales de contratos entre agentes por comercializador,2023-09-30T13:44:43.43,2025-12-11T13:33:18.9,2013-01-01T00:00:00,2025-11-01T00:00:00,2025-03-30T18:03:55.267,https://www.simem.coPublicData?startDate=2025-12-13&endDate=2025-12-13&datasetId=fbfafd,https://www.simem.co/datadetail/fbfafd76-c682-4a46-8a3e-7457671749f4,Público
b9d874,Maestra para la ejecución de información soporte Mensual,2023-10-20T15:55:38.823,2025-12-13T12:08:49.78,0001-01-01T00:00:00,0001-01-01T00:00:00,,https://www.simem.coPublicData?startDate=2025-12-13&endDate=2025-12-13&datasetId=b9d874,https://www.simem.co/datadetail/b9d87427-85e4-46a9-8ca7-74dd39737969,Público
562E3A,Generación programada incluyendo autorización a desvío,2023-09-28T20:27:03.407,2025-12-13T10:31:44.427,2021-01-01T00:00:00,2025-12-10T00:00:00,,https://www.simem.coPublicData?startDate=2025-12-13&endDate=2025-12-13&datasetId=562E3A,https://www.simem.co/datadetail/562e3a3f-06db-4e45-a549-7597461c705d,Público
693AC9,Desviación diaria de obligación de energía firme negativa,2023-09-28T23:09:41.523,2025-12-13T10:30:28.937,2023-09-28T00:00:00,2024-12-23T00:00:00,2024-09-09T18:55:37.893,https://www.simem.coPublicData?startDate=2025-12-13&endDate=2025-12-13&datasetId=693AC9,https://www.simem.co/datadetail/693ac9df-b016-41ee-88f8-7622edeac5ec,Público
13FC3A,Calculo Frecuencia Interrupción Servidores,2024-08-14T20:23:48.23,2025-12-11T13:57:09.057,2023-01-01T00:00:00,2024-07-01T00:00:00,2025-01-10T14:41:50.827,https://www.simem.coPublicData?startDate=2025-12-13&endDate=2025-12-13&datasetId=13FC3A,https://www.simem.co/datadetail/13fc3a0d-2cdc-4097-9d87-769897efaea2,Público
88997D,Magnitud de desviación,2023-09-28T20:27:03.407,2025-12-13T10:27:40.837,2021-01-01T00:00:00,2025-12-10T00:00:00,,https://www.simem.coPublicData?startDate=2025-12-13&endDate=2025-12-13&datasetId=88997D,https://www.simem.co/datadetail/88997d91-cbfb-4963-98b1-77f32241381f,Público
379022,Bandera de arranque Planta térmica para el Despacho Ideal,2025-02-12T14:04:42.12,2025-12-11T12:25:40.877,2021-01-01T00:00:00,2025-12-06T00:00:00,,https://www.simem.coPublicData?startDate=2025-12-13&endDate=2025-12-13&datasetId=379022,https://www.simem.co/datadetail/379022f8-1c69-44fd-915d-781d0cd252da,Público
138ED1,Reservas Hidráulicas en Masa,2023-09-29T12:38:04.377,2025-12-13T08:20:40.307,2013-01-01T00:00:00,2025-12-12T00:00:00,2025-02-17T22:39:24.33,https://www.simem.coPublicData?startDate=2025-12-13&endDate=2025-12-13&datasetId=138ED1,https://www.simem.co/datadetail/138ed1b9-fa61-4a20-a119-787014e13359,Público
40d2d3,Estadísticas horarias de precios de los contratos adjudicados en subastas del Ministerio (MME),2023-09-18T16:22:04.163,2025-12-11T13:18:49.34,2022-01-01T00:00:00,2025-11-01T00:00:00,,https://www.simem.coPublicData?startDate=2025-12-13&endDate=2025-12-13&datasetId=40d2d3,https://www.simem.co/datadetail/40d2d3b9-a628-4a83-b2f9-78a8a053be08,Público
4eb7e3,"Datos soporte del proceso de liquidación por Código sic agente, Recurso, versión y diaria",2023-09-28T07:17:44.227,2025-12-13T10:26:04.907,2013-01-01T00:00:00,2025-12-08T00:00:00,2025-03-26T14:35:01.863,https://www.simem.coPublicData?startDate=2025-12-13&endDate=2025-12-13&datasetId=4eb7e3,https://www.simem.co/datadetail/4eb7e303-3926-4524-85b7-7c3f0f2b684b,Público
509acf,Reservas en Porcentaje Energético Mediano Plazo,2023-09-30T12:22:17.283,2025-12-07T19:16:27.66,2022-01-09T00:00:00,2027-12-05T00:00:00,,https://www.simem.coPublicData?startDate=2025-12-13&endDate=2025-12-13&datasetId=509acf,https://www.simem.co/datadetail/509acfe9-93d4-4328-a225-7ccf62ba526b,Público
2e18cb,Costo promedio ponderado en contratos de largo plazo MC,2023-09-29T00:21:42.03,2025-12-11T12:30:39.98,2013-01-01T00:00:00,2025-11-01T00:00:00,2025-04-07T16:32:41.317,https://www.simem.coPublicData?startDate=2025-12-13&endDate=2025-12-13&datasetId=2e18cb,https://www.simem.co/datadetail/2e18cb78-4be8-4f33-8371-7e08625d2aca,Público
43D616,Precio de escasez ponderado,2025-03-07T16:09:33.467,2025-12-13T10:31:05.503,2021-01-01T00:00:00,2025-12-10T00:00:00,,https://www.simem.coPublicData?startDate=2025-12-13&endDate=2025-12-13&datasetId=43D616,https://www.simem.co/datadetail/43d61623-e579-4598-adb6-7e54c126295e,Público
68a95b,Estadísticas de precios de los contratos adjudicados en subastas del Ministerio (MME),2023-09-18T15:59:16.633,2025-12-11T13:27:57.747,2022-01-01T00:00:00,2025-11-01T00:00:00,2025-02-18T10:40:22.02,https://www.simem.coPublicData?startDate=2025-12-13&endDate=2025-12-13&datasetId=68a95b,https://www.simem.co/datadetail/68a95b39-d843-4012-8321-7ea8937a712f,Público
b9f2ec,Información de Transferencias Internacionales,2023-10-05T17:03:50.45,2025-12-13T08:22:50.25,2013-01-01T00:00:00,2025-12-12T00:00:00,2025-03-04T16:15:44.65,https://www.simem.coPublicData?startDate=2025-12-13&endDate=2025-12-13&datasetId=b9f2ec,https://www.simem.co/datadetail/b9f2ec87-1c5a-4557-81d3-7f17aa8d12cc,Público
EC6945,Precio de bolsa horario,2023-10-02T21:36:52.81,2025-12-13T10:29:39.8,2013-01-01T00:00:00,2025-12-10T00:00:00,2025-05-06T09:29:49.443,https://www.simem.coPublicData?startDate=2025-12-13&endDate=2025-12-13&datasetId=EC6945,https://www.simem.co/datadetail/ec694552-8887-481d-8152-8055b36db8a1,Público
8FCD6C,PPBO,2025-03-07T16:31:15.527,,0001-01-01T00:00:00,0001-01-01T00:00:00,,https://www.simem.coPublicData?startDate=2025-12-13&endDate=2025-12-13&datasetId=8FCD6C,https://www.simem.co/datadetail/8fcd6c5c-e45b-4753-a2a2-809b9840d6d6,Público
30a827,Precios futuros mensuales de contratos con UNR para el total del SIN,2023-09-29T09:11:24.397,2025-11-20T03:42:27.77,2023-09-01T00:00:00,2030-10-01T00:00:00,2025-05-02T13:01:33.263,https://www.simem.coPublicData?startDate=2025-12-13&endDate=2025-12-13&datasetId=30a827,https://www.simem.co/datadetail/30a82730-32e0-4db6-bf38-8118e7b0c1ba,Público
c86efd,Indicadores de calidad del servicio SAIDI y SAIFI pais,2025-10-09T15:41:52.34,2025-10-28T21:20:11.43,0001-01-01T00:00:00,0001-01-01T00:00:00,,https://www.simem.coPublicData?startDate=2025-12-13&endDate=2025-12-13&datasetId=c86efd,https://www.simem.co/datadetail/c86efddc-2652-4c2f-97c0-81a8b4ea6fd3,Público
7DACE2,Estadísticas de Horas de indisponibilidad de las líneas de transmisión nacional y regional del SIN,2023-12-13T11:10:01.52,2025-12-12T14:10:20.907,2020-06-01T00:00:00,2025-11-01T00:00:00,2025-01-12T11:38:15.677,https://www.simem.coPublicData?startDate=2025-12-13&endDate=2025-12-13&datasetId=7DACE2,https://www.simem.co/datadetail/7dace2ff-0614-43df-bc95-822db6011eb6,Público
029125,Delta de generación programada,2023-09-28T20:27:03.407,2025-12-13T10:29:32.45,2021-01-01T00:00:00,2025-12-10T00:00:00,,https://www.simem.coPublicData?startDate=2025-12-13&endDate=2025-12-13&datasetId=029125,https://www.simem.co/datadetail/0291257f-8776-4dee-b2ea-838c72ae3871,Público
f2081a,Datos soporte del proceso de liquidación por versión y mensual,2023-09-28T15:29:02.823,2025-11-06T15:35:35.95,2013-01-01T00:00:00,2025-10-01T00:00:00,2024-09-17T20:32:15.35,https://www.simem.coPublicData?startDate=2025-12-13&endDate=2025-12-13&datasetId=f2081a,https://www.simem.co/datadetail/f2081a3a-3155-428a-8a2b-83f9b03ea099,Público
11364C,Magnitud ventas en bolsa internacional en energía,2024-11-07T10:33:56.017,2025-12-13T10:26:46.383,2021-01-01T00:00:00,2025-12-08T00:00:00,,https://www.simem.coPublicData?startDate=2025-12-13&endDate=2025-12-13&datasetId=11364C,https://www.simem.co/datadetail/11364c48-115d-4f6e-add5-841f0ebecbf4,Público
343CF1,MgDesvFueraBanda_NoAGC_TRGC,2024-11-07T10:33:56.017,2025-12-13T10:21:40.793,2024-10-01T00:00:00,2025-09-02T00:00:00,,https://www.simem.coPublicData?startDate=2025-12-13&endDate=2025-12-13&datasetId=343CF1,https://www.simem.co/datadetail/343cf1e4-3af3-4db2-b5d9-8521ef12cb28,Público
3C77AF,Eventos de Demanda No Atendida,2023-10-05T14:37:02.923,2025-12-13T08:27:00.427,2013-01-02T00:00:00,2025-11-07T00:00:00,2025-04-11T09:33:28.877,https://www.simem.coPublicData?startDate=2025-12-13&endDate=2025-12-13&datasetId=3C77AF,https://www.simem.co/datadetail/3c77afaf-ac3b-4ed6-8863-8640dc0c8c09,Público
B768DB,Precio de escasez,2025-09-05T11:50:23.593,2025-10-22T15:49:21.39,2021-01-01T00:00:00,2025-09-01T00:00:00,,https://www.simem.coPublicData?startDate=2025-12-13&endDate=2025-12-13&datasetId=B768DB,https://www.simem.co/datadetail/b768db16-44fe-4200-9cf2-8689d6be1909,Público
c41fe8,"Datos soporte del proceso de liquidación por Código sic agente, Recurso, versión y horaria",2023-09-28T22:45:20.783,2025-10-21T16:55:26.683,2013-01-01T00:00:00,2025-10-18T00:00:00,2025-03-26T15:01:50.86,https://www.simem.coPublicData?startDate=2025-12-13&endDate=2025-12-13&datasetId=c41fe8,https://www.simem.co/datadetail/c41fe82d-ac85-4454-bcc4-86bd986fdacc,Público
F37316,Magnitud de reconciliación positiva para plantas que prestan servicio de AGC,2023-09-28T20:27:03.407,2025-12-12T10:28:10.85,2021-01-10T00:00:00,2025-12-07T00:00:00,,https://www.simem.coPublicData?startDate=2025-12-13&endDate=2025-12-13&datasetId=F37316,https://www.simem.co/datadetail/f37316d6-3a2c-4092-ab82-872fe1cc7767,Público
29f060,Costo marginal del Despacho Económico,2023-09-29T19:03:04.097,2025-12-12T18:16:31.943,2013-01-01T00:00:00,2025-12-11T00:00:00,2025-02-18T07:00:07.983,https://www.simem.coPublicData?startDate=2025-12-13&endDate=2025-12-13&datasetId=29f060,https://www.simem.co/datadetail/29f06033-fb95-4fb2-be6a-875d0cc86f79,Público
2d5afe,"Datos soporte del proceso de liquidación por Recurso, versión y horaria",2023-09-28T20:27:03.407,2025-11-19T20:32:34.52,2013-01-01T00:00:00,2025-09-30T00:00:00,2025-03-14T11:28:36.223,https://www.simem.coPublicData?startDate=2025-12-13&endDate=2025-12-13&datasetId=2d5afe,https://www.simem.co/datadetail/2d5afe6a-36dd-460d-a821-87b72c882e89,Público
81fd6b,Actuación del Esquema de Deslastre Automático de Carga (EDAC),2023-12-06T16:05:06.183,2025-12-13T07:15:51.327,2013-05-31T00:00:00,2023-11-25T00:00:00,2025-05-05T13:09:30.897,https://www.simem.coPublicData?startDate=2025-12-13&endDate=2025-12-13&datasetId=81fd6b,https://www.simem.co/datadetail/81fd6bca-3eb7-4ddd-bc85-88647fe1c90d,Público
7BC5F5,Costo unitario responsabilidad comercial de AGC,2025-09-05T11:35:15.02,2025-12-13T10:24:53.393,2015-12-01T00:00:00,2025-12-08T00:00:00,,https://www.simem.coPublicData?startDate=2025-12-13&endDate=2025-12-13&datasetId=7BC5F5,https://www.simem.co/datadetail/7bc5f5b4-6965-4ffd-9f9d-88b70bd3c075,Público
2a301d,"Datos soporte del proceso de Despacho Ideal por Recurso, versión y horaria",2024-06-28T14:57:09.533,2025-11-19T20:25:50.853,2013-01-01T00:00:00,2025-09-30T00:00:00,2025-03-28T10:41:46.373,https://www.simem.coPublicData?startDate=2025-12-13&endDate=2025-12-13&datasetId=2a301d,https://www.simem.co/datadetail/2a301d6e-2ee0-4719-ab48-88d6f06d67c7,Público
81D183,Valor compras transacciones bolsa en moneda,2024-11-07T10:33:56.017,2025-12-13T10:26:28.64,2021-01-01T00:00:00,2025-12-10T00:00:00,,https://www.simem.coPublicData?startDate=2025-12-13&endDate=2025-12-13&datasetId=81D183,https://www.simem.co/datadetail/81d18307-9573-452e-99f1-89e4952c9316,Público
bb4a0a,Precios y estadísticas mensuales de contratos entre agentes,2023-09-30T11:11:22.53,2025-12-11T13:28:12.82,2013-01-01T00:00:00,2025-11-01T00:00:00,2025-03-27T08:32:39.95,https://www.simem.coPublicData?startDate=2025-12-13&endDate=2025-12-13&datasetId=bb4a0a,https://www.simem.co/datadetail/bb4a0a35-deea-4efe-9185-8a3e874cae94,Público
F28855,Histórico de eventos en Unidades de Generación,2023-09-28T20:53:27.63,2025-12-13T07:21:48.163,2013-01-01T00:00:00,2025-12-12T00:00:00,2025-02-23T11:13:08.73,https://www.simem.coPublicData?startDate=2025-12-13&endDate=2025-12-13&datasetId=F28855,https://www.simem.co/datadetail/f288556b-1efd-4941-ad0e-8a769220615e,Público
b1ccc4,Precios promedios mensuales de contratos con UNR por mercado de comercialización,2023-09-29T18:01:51.973,2025-11-20T03:19:37.42,2023-01-01T00:00:00,2025-10-01T00:00:00,2025-04-10T14:40:20.3,https://www.simem.coPublicData?startDate=2025-12-13&endDate=2025-12-13&datasetId=b1ccc4,https://www.simem.co/datadetail/b1ccc4fd-231a-4415-a742-8bd662b3e4bf,Público
126C20,Disponibilidad horaria de respaldo de OEF ajustada,2023-09-28T20:27:03.407,2025-12-13T10:27:33.87,2021-01-01T00:00:00,2025-08-14T00:00:00,,https://www.simem.coPublicData?startDate=2025-12-13&endDate=2025-12-13&datasetId=126C20,https://www.simem.co/datadetail/126c205e-a52f-4ae0-8ac2-8cf9b5624eba,Público
8E7F3C,Generación ideal nacional por planta,2025-08-22T16:01:58.893,2025-12-13T10:31:07.32,2021-01-01T00:00:00,2025-12-10T00:00:00,,https://www.simem.coPublicData?startDate=2025-12-13&endDate=2025-12-13&datasetId=8E7F3C,https://www.simem.co/datadetail/8e7f3c69-44e6-4122-b3e8-8e04b336c33e,Público
560280,Precios horarios futuros y estadísticas de los contratos de convocatorias del SICEP para el mercado regulado por comercializador,2023-10-06T00:00:42.34,2025-12-02T10:58:54.303,2023-09-01T00:00:00,2030-11-01T00:00:00,2024-12-19T11:44:37.093,https://www.simem.coPublicData?startDate=2025-12-13&endDate=2025-12-13&datasetId=560280,https://www.simem.co/datadetail/560280e7-d933-4a3e-b362-8e8bb8d7e353,Público
3a5691,Meteorología local en Plantas Eólicas,2023-07-07T01:43:32.463,2023-07-06T20:44:23.583,0001-01-01T00:00:00,0001-01-01T00:00:00,,https://www.simem.coPublicData?startDate=2025-12-13&endDate=2025-12-13&datasetId=3a5691,https://www.simem.co/datadetail/3a5691f0-1bbb-486f-8b14-8f0f60b35fdc,Público
0bf1d9,Consumo de Combustible Energético Largo Plazo,2023-10-12T15:45:10.73,2025-11-15T18:29:47.583,2022-01-01T00:00:00,2030-10-01T00:00:00,2025-04-17T00:03:24.237,https://www.simem.coPublicData?startDate=2025-12-13&endDate=2025-12-13&datasetId=0bf1d9,https://www.simem.co/datadetail/0bf1d973-2cb2-4b8e-a1a3-901528ed2656,Público
054b23,Cargo de nivel de tensión 4,2025-10-08T23:28:19.41,2025-11-16T11:29:00.98,2025-07-01T00:00:00,2025-09-01T00:00:00,,https://www.simem.coPublicData?startDate=2025-12-13&endDate=2025-12-13&datasetId=054b23,https://www.simem.co/datadetail/054b239a-9410-4699-bf71-9061d41fa2e2,Público
e427a2,Precio oferta arranque y parada por unidad para el combustible USD,2023-09-29T16:56:36.34,2025-12-05T07:20:00.87,2023-02-20T00:00:00,2025-11-29T00:00:00,2024-10-02T16:00:09.58,https://www.simem.coPublicData?startDate=2025-12-13&endDate=2025-12-13&datasetId=e427a2,https://www.simem.co/datadetail/e427a221-1d0d-44df-bf78-91daf9997aba,Público
00C31F,Restricciones a cargo de la demanda,2024-11-07T10:33:56.017,2025-12-11T12:25:39.963,2021-01-01T00:00:00,2025-11-30T00:00:00,,https://www.simem.coPublicData?startDate=2025-12-13&endDate=2025-12-13&datasetId=00C31F,https://www.simem.co/datadetail/00c31fad-ab64-46c7-a63a-9348552779d2,Público
b15ed2,Costo unitario promedio diario de reconciliación positiva,2023-09-29T16:16:37.85,2025-12-12T14:13:40.76,2015-01-01T00:00:00,2025-11-30T00:00:00,2025-03-14T17:10:13.11,https://www.simem.coPublicData?startDate=2025-12-13&endDate=2025-12-13&datasetId=b15ed2,https://www.simem.co/datadetail/b15ed2b6-d1db-4a7b-9093-93797689344f,Público
76ecb6,Retiro de plantas de generación,2023-11-15T15:38:11.847,2025-12-12T19:14:35.96,2023-11-15T00:00:00,2025-12-08T00:00:00,,https://www.simem.coPublicData?startDate=2025-12-13&endDate=2025-12-13&datasetId=76ecb6,https://www.simem.co/datadetail/76ecb694-4162-4d4d-b909-93e9c6f9228c,Público
ab3d66,Datos soporte del proceso de Contratos por versión y horaria,2023-09-29T00:26:01.473,2025-12-11T20:20:18.933,2020-06-01T00:00:00,2025-12-04T00:00:00,2025-03-20T12:49:57.877,https://www.simem.coPublicData?startDate=2025-12-13&endDate=2025-12-13&datasetId=ab3d66,https://www.simem.co/datadetail/ab3d6601-859b-4c6d-ae64-94c20a13fbb5,Público
ef0522,Costos Marginales Energético Largo Plazo,2023-10-11T09:06:28.147,2025-11-15T18:31:12.217,2022-01-01T00:00:00,2030-10-01T00:00:00,2025-02-23T16:53:38.207,https://www.simem.coPublicData?startDate=2025-12-13&endDate=2025-12-13&datasetId=ef0522,https://www.simem.co/datadetail/ef05220b-3c74-414f-87cf-94ce8a55ae25,Público
A21710,PerdidasAgenteGeneradoresAgente,2023-09-28T23:10:00.453,2025-09-22T11:32:48.103,2024-10-01T00:00:00,2024-10-09T00:00:00,2024-12-14T12:01:30.62,https://www.simem.coPublicData?startDate=2025-12-13&endDate=2025-12-13&datasetId=A21710,https://www.simem.co/datadetail/a217104f-281c-41f4-b3a7-957a370c87ee,Público
f09333,"Datos soporte del proceso de liquidación por Código sic agente, Recurso, Unidad, versión y horaria",2023-09-28T02:17:41.99,2025-12-13T10:30:39.357,2022-01-01T00:00:00,2025-12-10T00:00:00,2024-07-18T13:54:47.63,https://www.simem.coPublicData?startDate=2025-12-13&endDate=2025-12-13&datasetId=f09333,https://www.simem.co/datadetail/f0933368-7326-4ded-8e08-9622de7b058e,Público
C8381F,Cantidad de compra despachada en contratos de largo plazo en kWh,2025-06-04T09:16:10.08,2025-11-19T20:22:58.92,2024-09-01T00:00:00,2025-08-31T00:00:00,,https://www.simem.coPublicData?startDate=2025-12-13&endDate=2025-12-13&datasetId=C8381F,https://www.simem.co/datadetail/c8381fb6-6b68-40ee-9c67-97c8542ae858,Público
B8EDC1,Tarifa de aportes ley 99 de 1993 para plantas térmicas e hidráulicas,2025-07-19T11:24:31.913,2025-12-13T10:27:33.253,2013-01-01T00:00:00,2025-01-01T00:00:00,,https://www.simem.coPublicData?startDate=2025-12-13&endDate=2025-12-13&datasetId=B8EDC1,https://www.simem.co/datadetail/b8edc1d8-81cc-4e0f-9049-99268352d1f7,Público
7580FA,Participación en Convocatorias de Participación en Subasta de Cierre de agentes registrados,2023-09-29T01:01:31.177,2025-11-13T13:41:13.98,2023-07-01T00:00:00,2025-10-01T00:00:00,2024-06-06T15:28:04.71,https://www.simem.coPublicData?startDate=2025-12-13&endDate=2025-12-13&datasetId=7580FA,https://www.simem.co/datadetail/7580fa29-e8a9-4aff-beef-99f35a741f05,Público
3a76fa,Cargos por uso bruto ,2025-10-29T16:11:11.02,2025-12-12T16:20:06.103,2025-07-01T00:00:00,2025-11-01T00:00:00,,https://www.simem.coPublicData?startDate=2025-12-13&endDate=2025-12-13&datasetId=3a76fa,https://www.simem.co/datadetail/3a76fae7-a217-450d-b6b8-9a727d3fe068,Público
615509,PrecioBolsaPromedioPonderado,2025-07-07T14:19:42.1,2025-11-14T16:07:49.55,2024-10-01T00:00:00,2025-08-31T00:00:00,,https://www.simem.coPublicData?startDate=2025-12-13&endDate=2025-12-13&datasetId=615509,https://www.simem.co/datadetail/615509d5-701e-4d8a-b7d3-9bf0d5c29050,Público
7c8129,Datos soporte del proceso de liquidación por versión y diaria,2023-09-28T19:41:30.647,2025-12-11T12:26:15.857,2013-01-01T00:00:00,2025-12-02T00:00:00,2024-11-07T16:23:23.697,https://www.simem.coPublicData?startDate=2025-12-13&endDate=2025-12-13&datasetId=7c8129,https://www.simem.co/datadetail/7c812905-f895-4555-a91b-9c1b31ffd147,Público
E14D70,Magnitud ventas en bolsa nacional en energía,2024-11-07T10:33:56.017,2025-12-13T10:27:41.993,2021-01-01T00:00:00,2025-12-08T00:00:00,,https://www.simem.coPublicData?startDate=2025-12-13&endDate=2025-12-13&datasetId=E14D70,https://www.simem.co/datadetail/e14d7065-b324-472d-9ed4-9d78a91917b8,Público
ff027b,Despacho programado recursos de generación,2023-09-30T10:52:26.017,2025-12-12T16:18:18.21,2013-01-01T00:00:00,2025-12-12T00:00:00,2025-05-03T13:44:44.383,https://www.simem.coPublicData?startDate=2025-12-13&endDate=2025-12-13&datasetId=ff027b,https://www.simem.co/datadetail/ff027b64-9896-4844-b827-9dc05f690668,Público
A5D5E6,DemandaNoReguladaAgente,2025-07-07T11:12:50.977,,0001-01-01T00:00:00,0001-01-01T00:00:00,,https://www.simem.coPublicData?startDate=2025-12-13&endDate=2025-12-13&datasetId=A5D5E6,https://www.simem.co/datadetail/a5d5e6db-5a1f-4189-bf0a-9febe6261a97,Público
7f16cb,Información de Transferencias Internacionales,2023-10-05T16:01:29.07,2025-12-13T08:26:03.807,2013-01-01T00:00:00,2025-12-12T00:00:00,2025-05-01T19:11:07.537,https://www.simem.coPublicData?startDate=2025-12-13&endDate=2025-12-13&datasetId=7f16cb,https://www.simem.co/datadetail/7f16cb67-b253-4565-b1db-a09767be50be,Público
6A07EE,DemandaRealInternacionalAgente,2025-07-07T11:12:58.557,,0001-01-01T00:00:00,0001-01-01T00:00:00,,https://www.simem.coPublicData?startDate=2025-12-13&endDate=2025-12-13&datasetId=6A07EE,https://www.simem.co/datadetail/6a07ee88-536a-426b-bb65-a0d684cd2cf0,Público
D5B7DD,Listado de fronteras de UNR vigentes,2024-05-27T18:51:26.55,2025-12-13T04:16:38.527,2024-04-01T00:00:00,2025-11-20T00:00:00,,https://www.simem.coPublicData?startDate=2025-12-13&endDate=2025-12-13&datasetId=D5B7DD,https://www.simem.co/datadetail/d5b7ddff-6044-4dde-ba9e-a0f099579495,Público
385613,Resultados de las Subastas de Reconfiguración,2023-09-28T21:23:17.38,2025-08-20T21:10:41.84,2012-12-01T00:00:00,2027-12-01T00:00:00,2025-04-25T03:06:13.09,https://www.simem.coPublicData?startDate=2025-12-13&endDate=2025-12-13&datasetId=385613,https://www.simem.co/datadetail/3856138a-66b9-427f-bff6-a116dc441a54,Público
ea45fe,"Precios y estadísticas de los contratos entre agentes, por año de suscripción",2023-09-30T09:44:00.963,2025-12-11T13:32:08.607,2013-01-01T00:00:00,2025-11-01T00:00:00,2025-03-27T08:50:32.4,https://www.simem.coPublicData?startDate=2025-12-13&endDate=2025-12-13&datasetId=ea45fe,https://www.simem.co/datadetail/ea45fe88-27fa-4f8f-b55d-a15a9536ff59,Público
C35A63,Precio de oferta en el nodo frontera para exportación,2023-09-28T22:45:20.783,2025-12-13T10:28:46.74,2013-01-01T00:00:00,2025-12-10T00:00:00,,https://www.simem.coPublicData?startDate=2025-12-13&endDate=2025-12-13&datasetId=C35A63,https://www.simem.co/datadetail/c35a63bf-a1ad-4a34-9d09-a1dc8f193b7e,Público
6B9E0C,Generación ideal internacional Venezuela por recurso planta,2023-09-28T20:27:03.407,2025-12-11T12:28:49.637,2025-05-01T00:00:00,2025-11-18T00:00:00,,https://www.simem.coPublicData?startDate=2025-12-13&endDate=2025-12-13&datasetId=6B9E0C,https://www.simem.co/datadetail/6b9e0c85-e55a-4977-8dad-a29d6f648059,Público
7a07ac,Eventos en unidades de Generación,2023-09-30T23:07:26.003,2025-12-13T08:26:32.58,2013-01-01T00:00:00,2025-12-11T00:00:00,2025-03-28T01:28:21.86,https://www.simem.coPublicData?startDate=2025-12-13&endDate=2025-12-13&datasetId=7a07ac,https://www.simem.co/datadetail/7a07ac69-d8dd-409f-9349-a3b7c2458391,Público
58E055,Promedio aritmético anual acumulado de la representatividad de participantes del MEM,2023-09-29T14:35:21.903,2025-11-13T13:41:13.847,2023-08-05T00:00:00,2025-10-31T00:00:00,,https://www.simem.coPublicData?startDate=2025-12-13&endDate=2025-12-13&datasetId=58E055,https://www.simem.co/datadetail/58e055de-ccd9-477f-8fda-a431cfcc6939,Público
30E8EC,Magnitud ventas transacciones en bolsa en energía,2024-11-07T10:33:56.017,2025-12-13T10:26:27.09,2021-01-01T00:00:00,2025-12-10T00:00:00,,https://www.simem.coPublicData?startDate=2025-12-13&endDate=2025-12-13&datasetId=30E8EC,https://www.simem.co/datadetail/30e8ec9d-a87d-4c63-9102-a450408e747e,Público
31356e,Parámetros técnicos de las plantas de generación Hidráulicas,2023-09-30T11:43:45.713,2025-05-08T22:59:27.207,2013-01-01T00:00:00,2025-03-11T00:00:00,2025-02-13T16:23:47.313,https://www.simem.coPublicData?startDate=2025-12-13&endDate=2025-12-13&datasetId=31356e,https://www.simem.co/datadetail/31356e15-95cc-4881-bcf7-a4f495a3694e,Público
64eb3f,Disponibilidad Real de las Unidades de Generación del Sistema,2023-09-30T21:26:19.87,2025-12-13T08:29:11.5,2013-01-01T00:00:00,2025-12-12T00:00:00,2025-03-30T18:08:59.16,https://www.simem.coPublicData?startDate=2025-12-13&endDate=2025-12-13&datasetId=64eb3f,https://www.simem.co/datadetail/64eb3fdd-a208-41b9-98fc-a50f1f590c29,Público
2926f9,Cargos por uso únicos por nivel de tensión (DtUN),2025-10-09T18:14:19.183,2025-11-16T12:24:32.017,2025-07-01T00:00:00,2025-09-01T00:00:00,,https://www.simem.coPublicData?startDate=2025-12-13&endDate=2025-12-13&datasetId=2926f9,https://www.simem.co/datadetail/2926f9cd-2677-4d51-a24b-a61cd39a80ee,Público
860bc8,Duración promedio de los contratos producto de convocatorias del SICEP para el mercado regulado,2023-09-30T07:18:23.033,2025-12-05T13:17:59.053,2023-09-01T00:00:00,2030-11-01T00:00:00,2024-11-11T19:31:47.27,https://www.simem.coPublicData?startDate=2025-12-13&endDate=2025-12-13&datasetId=860bc8,https://www.simem.co/datadetail/860bc8b9-7774-429f-9482-a687830690e4,Público
b84962,Disponibilidad asociada con arranque utilizando tecnología térmica gas vapor,2025-09-23T10:48:34.903,2025-12-13T10:27:45.607,2021-01-01T00:00:00,2025-12-10T00:00:00,,https://www.simem.coPublicData?startDate=2025-12-13&endDate=2025-12-13&datasetId=b84962,https://www.simem.co/datadetail/b849623a-8141-4843-a0cb-a6b653d9341e,Público
eb6857,Reservas de Energía Energético Mediano Plazo,2023-10-09T19:39:35.887,2025-12-07T19:20:19.15,2022-01-09T00:00:00,2027-12-05T00:00:00,2025-02-20T15:35:13.7,https://www.simem.coPublicData?startDate=2025-12-13&endDate=2025-12-13&datasetId=eb6857,https://www.simem.co/datadetail/eb685797-3577-40aa-9fcb-a6d3a9b1a9c4,Público
dac3c5,Precios futuros y estadísticas de los contratos de convocatorias del SICEP para el mercado regulado por comercializador,2023-09-30T09:41:24.683,2025-12-02T08:23:57.767,2023-09-01T00:00:00,2030-11-01T00:00:00,2025-04-04T13:42:41.207,https://www.simem.coPublicData?startDate=2025-12-13&endDate=2025-12-13&datasetId=dac3c5,https://www.simem.co/datadetail/dac3c52e-b3c0-4652-b1f1-a6d83e4083b8,Público
82a4d5,Cargo por concepto de remuneración de los planes de pérdidas (CPROG),2025-10-09T23:18:33.257,2025-11-27T16:16:40.04,0001-01-01T00:00:00,0001-01-01T00:00:00,,https://www.simem.coPublicData?startDate=2025-12-13&endDate=2025-12-13&datasetId=82a4d5,https://www.simem.co/datadetail/82a4d504-3f25-40b6-a4c8-a6dc615736d4,Público
d6cf36,Cargos por uso en el SDL,2025-10-09T10:33:11.917,2025-11-15T12:20:36.907,2025-07-01T00:00:00,2025-09-01T00:00:00,,https://www.simem.coPublicData?startDate=2025-12-13&endDate=2025-12-13&datasetId=d6cf36,https://www.simem.co/datadetail/d6cf3613-3927-45f0-ab8f-a6e2a9258b9b,Público
42d664,Cantidades de energía por comercializador de contratos adjudicados en subastas del Ministerio (MME),2023-09-18T13:04:16.843,2025-12-11T13:27:42.613,2022-01-01T00:00:00,2025-11-01T00:00:00,2025-05-04T21:42:24.09,https://www.simem.coPublicData?startDate=2025-12-13&endDate=2025-12-13&datasetId=42d664,https://www.simem.co/datadetail/42d664ec-56bb-40e3-acac-a745f505172a,Público
0629FA,PrecioOfertaGeneradoresIdeal,2025-03-07T11:17:46.28,2025-10-29T17:04:23.99,0001-01-01T00:00:00,0001-01-01T00:00:00,,https://www.simem.coPublicData?startDate=2025-12-13&endDate=2025-12-13&datasetId=0629FA,https://www.simem.co/datadetail/0629fa5a-1d7e-42f5-b32c-ab45f1024dc4,Público
d4049a,Importaciones Netas Energético Largo Plazo,2023-10-11T09:04:15.97,2025-11-15T18:29:47.113,2022-01-01T00:00:00,2030-10-01T00:00:00,2025-04-17T18:46:48.843,https://www.simem.coPublicData?startDate=2025-12-13&endDate=2025-12-13&datasetId=d4049a,https://www.simem.co/datadetail/d4049ac6-9083-4737-8551-ac0e629f84be,Público
ED7CAA,Costo Equivalente Real de Energía y Costo Equivalente de Energía (CERE y CEE),2023-09-25T20:20:39.457,2025-12-10T16:53:16.75,2013-01-01T00:00:00,2025-10-01T00:00:00,2025-05-05T13:05:33.51,https://www.simem.coPublicData?startDate=2025-12-13&endDate=2025-12-13&datasetId=ED7CAA,https://www.simem.co/datadetail/ed7caabf-fd4e-45f2-91ca-ac5b8cb4aff0,Público
b94b3c,Limitación de suministro en bolsa según la Res. CREG 001 de 2003,2023-09-29T21:57:06.05,2025-12-13T07:15:56.13,2013-02-15T00:00:00,2025-12-05T00:00:00,2025-04-22T08:15:24.74,https://www.simem.coPublicData?startDate=2025-12-13&endDate=2025-12-13&datasetId=b94b3c,https://www.simem.co/datadetail/b94b3c99-857b-4264-ae24-ac5e2076a18f,Público
9a1b87,Insumos para el Precio Marginal de Escasez,2025-10-30T10:16:39.22,2025-12-13T10:22:19.903,2017-12-01T00:00:00,2025-12-08T00:00:00,,https://www.simem.coPublicData?startDate=2025-12-13&endDate=2025-12-13&datasetId=9a1b87,https://www.simem.co/datadetail/9a1b870e-3a12-414c-bdef-acb169da1f4c,Público
ff15e5,Disponibilidad asociada con arranque utilizando tecnología térmica a gas ciclo sting,2025-09-22T16:39:51.667,2025-12-13T10:27:21.79,2021-01-01T00:00:00,2025-12-10T00:00:00,,https://www.simem.coPublicData?startDate=2025-12-13&endDate=2025-12-13&datasetId=ff15e5,https://www.simem.co/datadetail/ff15e5aa-0e8e-4e12-a538-addb7529b290,Público
a016ba,Pronóstico del CND de demanda por Área operativa,2023-09-28T22:45:56.75,2025-12-01T21:19:54.423,2020-11-01T00:00:00,2025-11-30T00:00:00,2025-04-29T20:49:30.727,https://www.simem.coPublicData?startDate=2025-12-13&endDate=2025-12-13&datasetId=a016ba,https://www.simem.co/datadetail/a016bac9-eaa1-45bb-8db2-ae01600e1d18,Público
f9d42a,Precios horarios futuros y estadísticas de los contratos entre agentes por comercializador y generador,2023-09-29T11:16:13.64,2025-12-02T08:23:33.757,2023-09-01T00:00:00,2030-11-01T00:00:00,2025-02-13T16:01:38.243,https://www.simem.coPublicData?startDate=2025-12-13&endDate=2025-12-13&datasetId=f9d42a,https://www.simem.co/datadetail/f9d42a43-e412-4777-89d3-ae76af8bcdcd,Público
861936,Generaciones candidatas a ser inflexibles,2023-09-28T20:27:03.407,2025-12-13T10:28:47.323,2021-01-01T00:00:00,2025-12-10T00:00:00,,https://www.simem.coPublicData?startDate=2025-12-13&endDate=2025-12-13&datasetId=861936,https://www.simem.co/datadetail/86193682-66b0-400b-af57-afa4e38dabf9,Público
6D20B3,PerdidasDemandaTIEAgente,2023-09-28T23:10:00.453,2025-11-19T20:16:51.247,2024-10-01T00:00:00,2025-08-31T00:00:00,2024-12-14T12:01:30.62,https://www.simem.coPublicData?startDate=2025-12-13&endDate=2025-12-13&datasetId=6D20B3,https://www.simem.co/datadetail/6d20b32d-19b8-46f6-ad66-b033fdcb5e5d,Público
547a91,Fondo de energía social (FOES),2025-10-29T10:02:06.157,2025-12-11T10:16:38.317,2025-08-01T00:00:00,2025-11-01T00:00:00,,https://www.simem.coPublicData?startDate=2025-12-13&endDate=2025-12-13&datasetId=547a91,https://www.simem.co/datadetail/547a9108-27d4-4ddd-8e32-b05f024d1394,Público
09a70a,Indices VERE y VEREC Energético Largo Plazo,2023-10-11T09:06:04.61,2025-11-15T18:29:55.1,2022-01-01T00:00:00,2030-10-01T00:00:00,,https://www.simem.coPublicData?startDate=2025-12-13&endDate=2025-12-13&datasetId=09a70a,https://www.simem.co/datadetail/09a70a19-f6f2-4585-b3ec-b1474c836807,Público
BDD0C0,PrecioOfertaArranqueParadaUnidadCOP,2025-07-07T11:15:56.067,,0001-01-01T00:00:00,0001-01-01T00:00:00,,https://www.simem.coPublicData?startDate=2025-12-13&endDate=2025-12-13&datasetId=BDD0C0,https://www.simem.co/datadetail/bdd0c0b4-e528-4c13-b067-b208016e2f65,Público
1237df,Bandera de arranque de plantas,2025-10-10T15:45:15.53,2025-10-16T02:39:59.24,2021-01-01T00:00:00,2025-10-11T00:00:00,,https://www.simem.coPublicData?startDate=2025-12-13&endDate=2025-12-13&datasetId=1237df,https://www.simem.co/datadetail/1237df6e-fe61-44cc-81cc-b2c1f07088c8,Público
965765,Costo unitario SIMEM y SICEP,2024-10-07T17:22:20.84,2025-11-28T21:53:51.86,2023-01-01T00:00:00,2024-01-01T00:00:00,2025-03-13T19:55:03.637,https://www.simem.coPublicData?startDate=2025-12-13&endDate=2025-12-13&datasetId=965765,https://www.simem.co/datadetail/96576596-86ee-4eb0-9c8c-b30e6c19c72f,Público
ea754c,Datos soporte del proceso de Demandas por versión y diaria,2023-09-28T20:03:27.04,2025-11-19T20:32:58.437,2013-01-01T00:00:00,2025-09-30T00:00:00,2024-11-24T12:04:04.07,https://www.simem.coPublicData?startDate=2025-12-13&endDate=2025-12-13&datasetId=ea754c,https://www.simem.co/datadetail/ea754c7d-dde4-46b3-8fa1-b38ad807c89f,Público
BD26DC,Nivel de embalse declarado por el agente diariamente,2023-09-28T22:04:50.36,2025-12-13T10:24:59.943,2021-01-01T00:00:00,2025-12-10T00:00:00,,https://www.simem.coPublicData?startDate=2025-12-13&endDate=2025-12-13&datasetId=BD26DC,https://www.simem.co/datadetail/bd26dc79-5f30-4928-bf53-b3a024fce938,Público
B53464,Reconciliación negativa para planta que realiza AGC,2023-09-28T20:27:03.407,2025-12-13T10:28:31.84,2021-01-01T00:00:00,2025-12-10T00:00:00,,https://www.simem.coPublicData?startDate=2025-12-13&endDate=2025-12-13&datasetId=B53464,https://www.simem.co/datadetail/b53464bc-6e93-43f9-8a86-b3c6ad89262d,Público
C5CDA8,DDVSistema,2025-03-07T15:34:44.65,,0001-01-01T00:00:00,0001-01-01T00:00:00,,https://www.simem.coPublicData?startDate=2025-12-13&endDate=2025-12-13&datasetId=C5CDA8,https://www.simem.co/datadetail/c5cda84b-9e5f-44db-9d7d-b48e822f28c6,Público
51407A,Informe semestral de planeamiento operativo eléctrico de largo plazo,2023-09-30T19:35:39.087,2025-10-01T10:18:04.35,2022-01-01T00:00:00,2025-07-01T00:00:00,,https://www.simem.coPublicData?startDate=2025-12-13&endDate=2025-12-13&datasetId=51407A,https://www.simem.co/datadetail/51407a2b-45bc-446c-95d8-b49842a4758c,Público
5f8082,Precios promedios mensuales de contratos con UNR para el total del SIN,2023-09-29T18:04:28.427,2025-11-20T03:14:35.227,2023-01-01T00:00:00,2025-10-01T00:00:00,2025-04-10T14:19:15.9,https://www.simem.coPublicData?startDate=2025-12-13&endDate=2025-12-13&datasetId=5f8082,https://www.simem.co/datadetail/5f808230-f67f-447c-9535-b4bbfc08f2b3,Público
0E4A36,Promedio aritmético anual acumulado de la representatividad de la energía transada,2023-09-29T13:32:44.803,2025-11-13T13:38:50,2023-08-05T00:00:00,2025-10-31T00:00:00,2024-05-09T13:49:14.9,https://www.simem.coPublicData?startDate=2025-12-13&endDate=2025-12-13&datasetId=0E4A36,https://www.simem.co/datadetail/0e4a3661-c55a-4b29-874b-b54a1bca242a,Público
A9A900,DemandaComercialColombiaEcuadorVenezuela,2025-03-07T15:34:44.65,,0001-01-01T00:00:00,0001-01-01T00:00:00,,https://www.simem.coPublicData?startDate=2025-12-13&endDate=2025-12-13&datasetId=A9A900,https://www.simem.co/datadetail/a9a9002d-a9f8-47bf-b63a-b5a10eebb6b5,Público
da2c83,Estadísticas de precios por comercializador de los contratos adjudicados en subastas del Ministerio (MME),2023-09-18T17:17:33.267,2025-12-11T13:25:46.733,2022-01-01T00:00:00,2025-11-01T00:00:00,2024-07-25T14:56:10.027,https://www.simem.coPublicData?startDate=2025-12-13&endDate=2025-12-13&datasetId=da2c83,https://www.simem.co/datadetail/da2c8370-f180-49be-8116-b696474988cd,Público
9e491b,"Datos soporte del proceso de Contratos por Código sic agente, Recurso, versión y horaria",2023-09-29T01:26:22.153,2025-12-13T10:29:45.92,2013-01-01T00:00:00,2025-12-08T00:00:00,2025-04-25T15:11:36.15,https://www.simem.coPublicData?startDate=2025-12-13&endDate=2025-12-13&datasetId=9e491b,https://www.simem.co/datadetail/9e491bb3-a304-4ee7-a052-b7451b461e41,Público
AEE7B3,Oportunidad en la entrega de información por parte de los agentes de contratos UNR,2024-04-24T08:15:16.13,2025-12-09T16:31:54.137,2023-01-01T00:00:00,2024-01-01T00:00:00,,https://www.simem.coPublicData?startDate=2025-12-13&endDate=2025-12-13&datasetId=AEE7B3,https://www.simem.co/datadetail/aee7b301-4e49-4ab5-b5dd-b75aa46b05b4,Público
F99E13,Listado de Subestaciones del STN y el STR,2024-01-17T07:10:39.91,2025-12-13T07:19:55.003,2022-01-07T00:00:00,2025-12-12T00:00:00,2024-11-11T11:45:10.173,https://www.simem.coPublicData?startDate=2025-12-13&endDate=2025-12-13&datasetId=F99E13,https://www.simem.co/datadetail/f99e13de-7e81-4634-baa3-b7b394881831,Público
500C35,DemandaRealORAgente,2025-03-07T10:41:52.623,2025-11-19T20:18:28.497,2024-10-01T00:00:00,2025-09-02T00:00:00,,https://www.simem.coPublicData?startDate=2025-12-13&endDate=2025-12-13&datasetId=500C35,https://www.simem.co/datadetail/500c3523-c34f-4247-9cfc-b96de22bad15,Público
9a387a,Porcentaje Estimado de cobertura con contratos de convocatorias del SICEP para el mercado regulado,2023-09-29T10:21:07.233,2025-12-05T13:21:49.64,2023-11-01T00:00:00,2030-11-01T00:00:00,2025-04-29T14:23:05.493,https://www.simem.coPublicData?startDate=2025-12-13&endDate=2025-12-13&datasetId=9a387a,https://www.simem.co/datadetail/9a387a9f-1793-42cf-9700-ba1c2c77c4e3,Público
caeff0,Informe trimestral de planeamiento operativo eléctrico de mediano plazo,2023-09-30T13:01:42.7,2025-10-01T10:15:28.343,2022-01-01T00:00:00,2025-07-01T00:00:00,,https://www.simem.coPublicData?startDate=2025-12-13&endDate=2025-12-13&datasetId=caeff0,https://www.simem.co/datadetail/caeff05c-a2f3-48ac-8652-ba5f76a926ec,Público
34FFDA,Aportes Hídricos en Porcentaje,2023-09-29T12:21:44.29,2025-12-13T08:27:27.197,2013-01-01T00:00:00,2025-12-12T00:00:00,2025-03-30T09:17:20.623,https://www.simem.coPublicData?startDate=2025-12-13&endDate=2025-12-13&datasetId=34FFDA,https://www.simem.co/datadetail/34ffda33-2a8d-422d-925a-ba75088d434d,Público
90b78a,Porcentaje Estimado de cobertura con contratos entre agentes,2023-09-29T09:41:31.13,2025-12-05T13:21:16.39,2023-11-01T00:00:00,2030-11-01T00:00:00,2025-05-02T16:33:54.823,https://www.simem.coPublicData?startDate=2025-12-13&endDate=2025-12-13&datasetId=90b78a,https://www.simem.co/datadetail/90b78a72-e014-4d43-b281-baba6879622b,Público
fe1a54,Estudio Esquema de Desconexión Automático de Carga EDAC,2023-09-30T22:54:24.613,2025-02-12T08:22:38.813,2022-01-01T00:00:00,2025-01-01T00:00:00,,https://www.simem.coPublicData?startDate=2025-12-13&endDate=2025-12-13&datasetId=fe1a54,https://www.simem.co/datadetail/fe1a5468-1833-42b3-a440-bb1cd5299784,Público
d760bb,"Precios y estadísticas de los contratos entre agentes, por año de suscripción y por comercializador",2023-09-29T16:16:08.363,2025-12-11T13:34:08.27,2013-01-01T00:00:00,2025-11-01T00:00:00,2025-02-15T17:02:56.143,https://www.simem.coPublicData?startDate=2025-12-13&endDate=2025-12-13&datasetId=d760bb,https://www.simem.co/datadetail/d760bba8-6cff-4e6c-bc5e-bb342e7abd59,Público
88BAC7,Estado del reporte de facturación de Contratos UNR,2024-05-27T18:50:29.843,2025-12-13T04:13:36.62,2024-04-01T00:00:00,2025-11-20T00:00:00,,https://www.simem.coPublicData?startDate=2025-12-13&endDate=2025-12-13&datasetId=88BAC7,https://www.simem.co/datadetail/88bac704-bfc4-4d7a-81c6-bbef5050bd2e,Público
8b732d,Duración promedio de los contratos entre agentes,2023-09-30T07:32:56.903,2025-12-05T13:17:00.263,2023-09-01T00:00:00,2030-11-01T00:00:00,2025-02-24T09:16:33.44,https://www.simem.coPublicData?startDate=2025-12-13&endDate=2025-12-13&datasetId=8b732d,https://www.simem.co/datadetail/8b732de2-eb53-4bc5-abfc-bc976ca4537b,Público
aecac4,Costo Equivalente Real de Energía (CERE),2025-09-10T17:14:08.15,2025-12-10T17:16:41.517,2021-01-01T00:00:00,2025-11-01T00:00:00,,https://www.simem.coPublicData?startDate=2025-12-13&endDate=2025-12-13&datasetId=aecac4,https://www.simem.co/datadetail/aecac40a-6ec9-4dd6-a794-bccb7d950035,Público
A88E47,Ventas en bolsa TIE en moneda,2024-11-07T10:33:56.017,2025-12-13T10:23:58.083,2021-01-01T00:00:00,2025-12-08T00:00:00,,https://www.simem.coPublicData?startDate=2025-12-13&endDate=2025-12-13&datasetId=A88E47,https://www.simem.co/datadetail/a88e4711-493c-4c32-897c-bd5ebca99125,Público
cf0167,Costo Restricciones Asignadas al Agente,2023-09-26T08:53:41.753,2025-12-11T12:23:45.95,2013-01-01T00:00:00,2025-11-01T00:00:00,2025-04-09T11:24:12.953,https://www.simem.coPublicData?startDate=2025-12-13&endDate=2025-12-13&datasetId=cf0167,https://www.simem.co/datadetail/cf01679e-35d2-4c23-afeb-bfe3e0498ed7,Público
521384,Montos de garantías para cubrir las transacciones en el mercado de energía mayorista,2023-09-29T04:34:31.31,2025-12-13T12:10:44.28,2014-12-26T00:00:00,2025-12-05T00:00:00,2025-04-23T15:05:19.137,https://www.simem.coPublicData?startDate=2025-12-13&endDate=2025-12-13&datasetId=521384,https://www.simem.co/datadetail/521384a0-6402-4283-8fa4-c01dadc3fc9a,Público
02B289,Aportes Hídricos en Masa,2023-09-29T11:55:05.173,2025-12-13T08:26:34,2013-01-01T00:00:00,2025-12-12T00:00:00,2024-09-04T16:21:07.353,https://www.simem.coPublicData?startDate=2025-12-13&endDate=2025-12-13&datasetId=02B289,https://www.simem.co/datadetail/02b28971-0be5-45d1-8b0e-c164198e21cb,Público
6dc639,"Datos soporte del proceso de liquidación por Recurso, versión y diaria",2023-09-28T21:00:16.67,2025-11-19T20:26:18.453,2013-01-01T00:00:00,2025-09-08T00:00:00,2025-03-04T15:58:47.79,https://www.simem.coPublicData?startDate=2025-12-13&endDate=2025-12-13&datasetId=6dc639,https://www.simem.co/datadetail/6dc6394e-0fee-46eb-8caf-c248d7c75880,Público
086d86,Energía promedio de los contratos entre agentes del Sistema Interconectado Nacional,2023-09-28T17:44:50.007,2025-12-11T13:29:53.15,2013-01-01T00:00:00,2025-11-01T00:00:00,2025-04-08T10:04:19.44,https://www.simem.coPublicData?startDate=2025-12-13&endDate=2025-12-13&datasetId=086d86,https://www.simem.co/datadetail/086d8665-8ec6-4d3b-bace-c255389fba1f,Público
b7917a,"Datos soporte del proceso de Demandas por Código sic agente, versión y horaria",2023-09-28T23:10:00.453,2025-12-12T17:25:30.21,2013-01-01T00:00:00,2025-12-09T00:00:00,2025-03-20T09:46:41.86,https://www.simem.coPublicData?startDate=2025-12-13&endDate=2025-12-13&datasetId=b7917a,https://www.simem.co/datadetail/b7917a13-aac7-4360-8111-c2b081f39b10,Público
cc59b1,Listado de series hidrológicas,2025-09-04T11:09:03.16,2025-12-13T07:19:45.13,2025-01-01T00:00:00,2025-12-12T00:00:00,,https://www.simem.coPublicData?startDate=2025-12-13&endDate=2025-12-13&datasetId=cc59b1,https://www.simem.co/datadetail/cc59b1b2-e8c6-4d6c-8744-c5541bfa148e,Público
9FDD00,Valor a pagar por la no prestación del servicio de regulación primaria de frecuencia,2025-03-07T16:09:33.467,2025-12-13T10:31:17.617,2013-01-01T00:00:00,2025-12-10T00:00:00,,https://www.simem.coPublicData?startDate=2025-12-13&endDate=2025-12-13&datasetId=9FDD00,https://www.simem.co/datadetail/9fdd0046-21b1-4c40-83de-c66e67f5c40b,Público
897043,Holgura horaria superior e inferior,2025-11-21T11:43:14.79,2025-12-13T10:29:00.21,2021-01-01T00:00:00,2025-12-10T00:00:00,,https://www.simem.coPublicData?startDate=2025-12-13&endDate=2025-12-13&datasetId=897043,https://www.simem.co/datadetail/89704374-e2a8-4bf1-9cd5-c6c35c826a26,Público
1cdd5f,Precios y estadísticas de los contratos entre agentes integrados verticalmente por generador,2023-09-30T18:08:06.57,2025-12-11T13:27:38.32,2015-01-01T00:00:00,2025-11-01T00:00:00,2025-02-15T17:04:02.617,https://www.simem.coPublicData?startDate=2025-12-13&endDate=2025-12-13&datasetId=1cdd5f,https://www.simem.co/datadetail/1cdd5fd4-78d2-4d99-a357-c6fec0e6dabb,Público
48C79B,Precios de escasez promedio ponderado por agente,2023-09-28T23:09:41.523,2025-12-13T10:26:41.75,2021-01-01T00:00:00,2025-12-10T00:00:00,2024-09-09T18:55:37.893,https://www.simem.coPublicData?startDate=2025-12-13&endDate=2025-12-13&datasetId=48C79B,https://www.simem.co/datadetail/48c79bc9-7408-4d94-9135-c7ae0f7600f8,Público
e71658,Montos de garantías y mecanismos alternativos para cubrir las transacciones en el mercado de energía mayorista,2023-09-26T03:29:52.487,2025-11-18T09:12:23.737,2022-01-01T00:00:00,2025-10-01T00:00:00,2025-02-21T16:42:25.033,https://www.simem.coPublicData?startDate=2025-12-13&endDate=2025-12-13&datasetId=e71658,https://www.simem.co/datadetail/e7165858-6ab1-4edf-a4d1-ca4382fa7587,Público
94F4A5,Causas Generación Seguridad,2025-07-07T14:17:57.277,2025-12-13T10:28:16.463,2021-01-01T00:00:00,2025-12-10T00:00:00,,https://www.simem.coPublicData?startDate=2025-12-13&endDate=2025-12-13&datasetId=94F4A5,https://www.simem.co/datadetail/94f4a58c-ac35-4a66-9baf-cabe8ad4be45,Público
70E9A6,Deltas incremento nacional e internacional,2025-07-07T14:18:36.45,2025-12-13T10:28:09.07,2021-01-01T00:00:00,2025-12-10T00:00:00,,https://www.simem.coPublicData?startDate=2025-12-13&endDate=2025-12-13&datasetId=70E9A6,https://www.simem.co/datadetail/70e9a685-03bc-4e44-9dc6-cb10bee412fd,Público
909809,Precio de Oferta de Arranque y Parada por recurso USD,2023-09-29T18:04:08.527,2025-07-29T20:35:51.72,2015-04-01T00:00:00,2025-04-01T00:00:00,2024-10-02T14:48:48.24,https://www.simem.coPublicData?startDate=2025-12-13&endDate=2025-12-13&datasetId=909809,https://www.simem.co/datadetail/90980975-7d16-4ea7-aee3-cbe44c99b323,Público
c6f395,Procedimiento de retiro de agentes según la Res. CREG 156 de 2011,2023-09-29T22:02:02.67,2025-12-13T07:18:41.943,2013-02-15T00:00:00,2025-11-21T00:00:00,2025-02-11T09:29:42.457,https://www.simem.coPublicData?startDate=2025-12-13&endDate=2025-12-13&datasetId=c6f395,https://www.simem.co/datadetail/c6f395ba-7187-4073-af1f-cbedf16d7b80,Público
b73e3c,Energía promedio mensual de contratos con UNR por mercado de comercialización,2023-09-30T16:28:19.18,2025-11-20T03:27:14.32,2023-01-01T00:00:00,2030-11-01T00:00:00,2025-03-30T18:12:48.89,https://www.simem.coPublicData?startDate=2025-12-13&endDate=2025-12-13&datasetId=b73e3c,https://www.simem.co/datadetail/b73e3c9e-6b98-47e0-93ca-cc6f6d2d4f29,Público
0837f0,Consumo de Combustible Energético Mediano Plazo,2023-10-13T08:02:26.323,2025-12-07T19:20:13.073,2022-01-03T00:00:00,2027-11-29T00:00:00,2025-03-04T09:47:39.7,https://www.simem.coPublicData?startDate=2025-12-13&endDate=2025-12-13&datasetId=0837f0,https://www.simem.co/datadetail/0837f055-ddda-4100-b546-ccfd7f879f26,Público
3cf0d1,Precios horarios futuros y estadísticas de los contratos de convocatorias del SICEP para el mercado regulado,2023-09-30T11:37:18.793,2025-12-02T08:25:25.283,2023-09-01T00:00:00,2030-11-01T00:00:00,2025-04-29T15:39:26.777,https://www.simem.coPublicData?startDate=2025-12-13&endDate=2025-12-13&datasetId=3cf0d1,https://www.simem.co/datadetail/3cf0d107-aa48-40e0-a83a-cd1a5b5ad8e5,Público
252E2F,Deltas holgura arriba y abajo horarias,2023-09-28T20:27:03.407,2025-12-13T10:28:55.77,2021-01-09T00:00:00,2025-12-07T00:00:00,,https://www.simem.coPublicData?startDate=2025-12-13&endDate=2025-12-13&datasetId=252E2F,https://www.simem.co/datadetail/252e2f0f-ecac-41aa-9a18-cdd081e728da,Público
497f97,Programa de normalización de redes eléctricas (PRONE),2025-11-06T13:52:31.083,2025-12-11T10:13:48.57,2025-07-01T00:00:00,2025-10-01T00:00:00,,https://www.simem.coPublicData?startDate=2025-12-13&endDate=2025-12-13&datasetId=497f97,https://www.simem.co/datadetail/497f9785-09de-4000-b6ba-cddc1cc86e47,Público
26AFFD,Precio de cierre de los mecanismos de asignación de OEF,2025-06-23T11:24:55.593,2025-12-13T10:21:48.883,2006-11-01T00:00:00,2025-04-01T00:00:00,,https://www.simem.coPublicData?startDate=2025-12-13&endDate=2025-12-13&datasetId=26AFFD,https://www.simem.co/datadetail/26affde3-4789-465c-87e4-ceec2bfbc603,Público
624BE7,MagnitudEnergiaExcentariaEntregadaPorCogeneradorAutogeneradorPlantaMenor,2023-09-28T20:27:03.407,,0001-01-01T00:00:00,0001-01-01T00:00:00,,https://www.simem.coPublicData?startDate=2025-12-13&endDate=2025-12-13&datasetId=624BE7,https://www.simem.co/datadetail/624be7b6-9f48-4a3d-bc26-cf3129e2a26f,Público
7a2e85,Indices VERE y VEREC Energético Mediano Plazo,2023-09-30T12:00:13.027,2025-12-07T19:16:25.087,2022-01-03T00:00:00,2027-11-29T00:00:00,,https://www.simem.coPublicData?startDate=2025-12-13&endDate=2025-12-13&datasetId=7a2e85,https://www.simem.co/datadetail/7a2e856d-bb82-48f8-8931-cfd2834ec737,Público
A2919B,Histórico de eventos en Líneas de Transmisión del Sistema de Transmisión Nacional,2023-09-28T20:26:55.143,2025-12-12T19:17:08.94,2013-02-12T00:00:00,2025-12-07T00:00:00,2025-02-04T14:24:25.357,https://www.simem.coPublicData?startDate=2025-12-13&endDate=2025-12-13&datasetId=A2919B,https://www.simem.co/datadetail/a2919b87-30e6-40f5-af4d-d0c42f7420a7,Público
1c91c4,Fecha de retiro de unidades de generación,2023-08-18T16:38:24.52,2025-12-12T23:16:47.73,2013-01-01T00:00:00,2025-12-11T00:00:00,2025-02-04T04:37:14.98,https://www.simem.coPublicData?startDate=2025-12-13&endDate=2025-12-13&datasetId=1c91c4,https://www.simem.co/datadetail/1c91c4a6-718a-42f2-8642-d211d4eb515b,Público
e5437f,Precios promedios horarios mensuales por comercializador y mercado de comercialización de contratos con UNR,2023-10-04T14:30:03.077,2025-11-20T03:20:12.533,2023-01-01T00:00:00,2025-10-01T00:00:00,2025-04-08T10:29:22.337,https://www.simem.coPublicData?startDate=2025-12-13&endDate=2025-12-13&datasetId=e5437f,https://www.simem.co/datadetail/e5437fc5-1afe-42bf-a062-d25d0ccf46e5,Público
BA1C55,Aportes Hídricos en Energía,2023-09-29T12:08:14.157,2025-12-13T08:27:27.3,2013-01-01T00:00:00,2025-12-12T00:00:00,2025-05-02T20:45:18.77,https://www.simem.coPublicData?startDate=2025-12-13&endDate=2025-12-13&datasetId=BA1C55,https://www.simem.co/datadetail/ba1c5513-7dc3-4155-9de9-d262863b31f3,Público
5e8c28,Transacciones realizadas en el mecanismo Derivex,2025-03-10T22:57:47.31,2025-11-13T13:35:33.563,2023-08-11T00:00:00,2025-10-29T00:00:00,2025-03-18T11:37:49.917,https://www.simem.coPublicData?startDate=2025-12-13&endDate=2025-12-13&datasetId=5e8c28,https://www.simem.co/datadetail/5e8c2868-ec19-45a0-b844-d26b55fee08a,Público
E17D25,Generación Real y Programada en las Plantas de Generación,2023-09-29T10:59:40.38,2025-12-13T11:20:32.053,2013-01-01T00:00:00,2025-12-12T00:00:00,2025-04-23T15:45:51.61,https://www.simem.coPublicData?startDate=2025-12-13&endDate=2025-12-13&datasetId=E17D25,https://www.simem.co/datadetail/e17d259d-ffba-41f1-911c-d2b719a22efa,Público
384850,Fondo de Apoyo Financiero para la Energización de las Zonas Rurales Interconectadas (FAER),2025-10-29T11:47:43.29,2025-12-11T11:13:50.547,2025-07-01T00:00:00,2025-10-01T00:00:00,,https://www.simem.coPublicData?startDate=2025-12-13&endDate=2025-12-13&datasetId=384850,https://www.simem.co/datadetail/384850fc-0c93-416b-b777-d2c668319c97,Público
72e0bf,Datos soporte del proceso de Despacho Ideal por versión y diaria,2023-07-07T03:15:24.177,2024-07-22T20:17:37.823,0001-01-01T00:00:00,0001-01-01T00:00:00,,https://www.simem.coPublicData?startDate=2025-12-13&endDate=2025-12-13&datasetId=72e0bf,https://www.simem.co/datadetail/72e0bf96-ce8c-45e3-a3c2-d37eb862f87b,Público
b461cf,Tipo de Combustible con el que arrancó la planta,2025-12-12T11:26:52.683,2025-12-13T10:27:02.43,2021-01-01T00:00:00,2025-12-10T00:00:00,,https://www.simem.coPublicData?startDate=2025-12-13&endDate=2025-12-13&datasetId=b461cf,https://www.simem.co/datadetail/b461cfad-9a78-46d7-83c6-d45c54656edc,Público
4d0f92,Pronóstico oficial de demanda por mercado de comercialización,2023-09-28T22:15:57.293,2025-12-01T21:15:29.923,2022-01-01T00:00:00,2025-11-30T00:00:00,2024-10-12T10:58:58.92,https://www.simem.coPublicData?startDate=2025-12-13&endDate=2025-12-13&datasetId=4d0f92,https://www.simem.co/datadetail/4d0f9242-d9cd-4132-a4de-d47c64cb9a04,Público
EC3C31,DemandaComercialTieAgente,2025-07-07T11:09:28.117,,0001-01-01T00:00:00,0001-01-01T00:00:00,,https://www.simem.coPublicData?startDate=2025-12-13&endDate=2025-12-13&datasetId=EC3C31,https://www.simem.co/datadetail/ec3c31f3-0d40-4f5b-b58c-d5429d32d525,Público
95C913,Valor ventas transacciones bolsa en moneda,2024-11-07T10:33:56.017,2025-12-13T10:26:32.637,2021-01-01T00:00:00,2025-12-10T00:00:00,,https://www.simem.coPublicData?startDate=2025-12-13&endDate=2025-12-13&datasetId=95C913,https://www.simem.co/datadetail/95c9139f-87ce-4381-b3ba-d5e5bbd07745,Público
be2dbf,Supuestos y resultados  considerados Informe Energético de Corto,2023-09-30T18:42:47.05,2024-09-09T21:11:07.66,2022-01-03T00:00:00,2023-09-18T00:00:00,,https://www.simem.coPublicData?startDate=2025-12-13&endDate=2025-12-13&datasetId=be2dbf,https://www.simem.co/datadetail/be2dbf71-445a-4f12-b69c-d83633ef5246,Público
1e543e,Energía promedio de los contratos del SICEP para el mercado regulado por comercializador,2023-09-28T21:14:22.5,2025-12-11T13:33:04.73,2020-06-01T00:00:00,2025-11-01T00:00:00,2025-03-08T11:29:34.67,https://www.simem.coPublicData?startDate=2025-12-13&endDate=2025-12-13&datasetId=1e543e,https://www.simem.co/datadetail/1e543e6e-8a4f-4f2b-9d94-d8c4f96715fe,Público
055232,Representatividad de participantes del MEM,2023-09-29T02:14:04.873,2025-11-13T13:37:31.367,2023-07-01T00:00:00,2025-10-01T00:00:00,,https://www.simem.coPublicData?startDate=2025-12-13&endDate=2025-12-13&datasetId=055232,https://www.simem.co/datadetail/055232af-e1c3-49ca-845b-d94a194d6ab4,Público
a3db98,Eventos de Tensión fuera de Rango,2023-10-04T23:19:45.243,2025-12-13T08:21:33.9,2018-02-11T00:00:00,2025-11-01T00:00:00,,https://www.simem.coPublicData?startDate=2025-12-13&endDate=2025-12-13&datasetId=a3db98,https://www.simem.co/datadetail/a3db98f1-3d57-46d9-8abf-d9f41afa28ed,Público
4295B4,Compras en bolsa internacional en moneda,2024-11-07T10:33:56.017,2025-12-13T10:26:21.537,2021-01-01T00:00:00,2025-12-08T00:00:00,,https://www.simem.coPublicData?startDate=2025-12-13&endDate=2025-12-13&datasetId=4295B4,https://www.simem.co/datadetail/4295b42c-6d59-4d8c-8d9b-da0a4efe851b,Público
AA5C78,Panorama energético Corto Plazo Supuestos y Resultados,2024-02-14T12:22:03.267,2025-07-30T14:24:59.253,2023-10-30T00:00:00,2024-09-02T00:00:00,2024-09-11T06:27:07.607,https://www.simem.coPublicData?startDate=2025-12-13&endDate=2025-12-13&datasetId=AA5C78,https://www.simem.co/datadetail/aa5c78a0-9fdb-4aed-8db8-db0554aa50ca,Público
966490,ConceptosLiquidacionUnidades,2024-11-07T07:20:59.477,2025-12-13T10:19:49.57,2024-12-01T00:00:00,2025-09-02T00:00:00,,https://www.simem.coPublicData?startDate=2025-12-13&endDate=2025-12-13&datasetId=966490,https://www.simem.co/datadetail/966490f2-4ac8-45b2-bde4-dc1e3cf0f906,Público
52341b,Precios y Energía de los contratos no realizados a través del SICEP con destino al mercado regulado,2023-09-26T22:48:16.893,2025-12-11T13:23:16.603,2013-01-01T00:00:00,2025-11-30T00:00:00,2025-02-17T13:41:41.46,https://www.simem.coPublicData?startDate=2025-12-13&endDate=2025-12-13&datasetId=52341b,https://www.simem.co/datadetail/52341bef-c3ca-412d-9de6-dd66c7c50131,Público
77b26e,Datos soporte del proceso de liquidación por versión y mensual,2023-09-28T15:32:51.98,2025-12-11T12:32:07.69,2013-01-01T00:00:00,2025-11-01T00:00:00,2025-03-16T21:41:28.057,https://www.simem.coPublicData?startDate=2025-12-13&endDate=2025-12-13&datasetId=77b26e,https://www.simem.co/datadetail/77b26ea0-1408-4e72-8fb3-ddfe15d85a41,Público
F577E2,Pruebas de generación corto plazo,2023-10-05T19:26:09.077,2025-12-07T20:13:40.997,2022-01-03T00:00:00,2025-12-08T00:00:00,,https://www.simem.coPublicData?startDate=2025-12-13&endDate=2025-12-13&datasetId=F577E2,https://www.simem.co/datadetail/f577e244-04c6-49c7-afb7-df22f4afc017,Público
BE51B1,Obligación de energía firme por submercado,2025-07-07T14:21:07.17,2025-12-13T10:30:27.267,2021-01-01T00:00:00,2025-12-08T00:00:00,,https://www.simem.coPublicData?startDate=2025-12-13&endDate=2025-12-13&datasetId=BE51B1,https://www.simem.co/datadetail/be51b1ce-b44a-42a5-9323-dfa1649161e9,Público
E60CE2,Venta en contratos bilaterales de largo plazo por vendedor en energía,2025-06-04T09:15:18.49,2025-11-19T20:22:49,2024-09-01T00:00:00,2025-08-31T00:00:00,,https://www.simem.coPublicData?startDate=2025-12-13&endDate=2025-12-13&datasetId=E60CE2,https://www.simem.co/datadetail/e60ce2ef-d04e-4c9d-bd94-e072b4c4a427,Público
F3A9B1,Bandera de Disponibilidad Real,2025-03-07T11:17:46.28,2025-12-13T10:27:43.99,2021-01-01T00:00:00,2025-12-10T00:00:00,,https://www.simem.coPublicData?startDate=2025-12-13&endDate=2025-12-13&datasetId=F3A9B1,https://www.simem.co/datadetail/f3a9b10e-8fd0-416a-b628-e23ad3c8f733,Público
320e9f,Informe Energético de Corto Plazo Despacho Horario,2023-09-30T18:35:39.953,2025-07-30T18:54:35.09,2022-01-03T00:00:00,2023-09-24T00:00:00,2025-02-03T09:17:05.04,https://www.simem.coPublicData?startDate=2025-12-13&endDate=2025-12-13&datasetId=320e9f,https://www.simem.co/datadetail/320e9f7a-8a25-4614-9f0a-e325159cb2dd,Público
AE2DD3,Promedio aritmético anual de la participación en Convocatorias de agentes registrados,2023-09-29T13:16:05.353,2025-11-13T13:36:28.293,2023-08-05T00:00:00,2025-10-31T00:00:00,,https://www.simem.coPublicData?startDate=2025-12-13&endDate=2025-12-13&datasetId=AE2DD3,https://www.simem.co/datadetail/ae2dd3f7-61e4-4dd7-9769-e3d061c4360c,Público
1088a6,Importaciones Netas Energético Mediano Plazo,2023-09-30T11:57:45.303,2025-12-07T19:21:07.42,2022-01-03T00:00:00,2027-11-29T00:00:00,2025-02-18T11:47:51.75,https://www.simem.coPublicData?startDate=2025-12-13&endDate=2025-12-13&datasetId=1088a6,https://www.simem.co/datadetail/1088a60b-bdfb-47cc-9e78-e49b68dc34f9,Público
30D865,Histórico anual de los precios de referencia para el traslado al Mercado Regulado,2023-09-29T14:21:55.01,2025-11-13T13:34:44.98,2022-10-19T00:00:00,2025-10-10T00:00:00,2024-12-05T07:33:09.977,https://www.simem.coPublicData?startDate=2025-12-13&endDate=2025-12-13&datasetId=30D865,https://www.simem.co/datadetail/30d86597-8722-4294-800e-e4abd7987383,Público
C8172F,Otros costos variables hidráulicos y térmicos,2025-07-11T11:21:46.037,2025-12-13T10:24:42.79,2017-12-01T00:00:00,2025-12-08T00:00:00,,https://www.simem.coPublicData?startDate=2025-12-13&endDate=2025-12-13&datasetId=C8172F,https://www.simem.co/datadetail/c8172ff9-2cdc-4ea3-88b1-e67826c3e39d,Público
161C25,PrecioOfertaArranqueParadaUnidadUSD,2025-03-07T15:55:58.083,,0001-01-01T00:00:00,0001-01-01T00:00:00,,https://www.simem.coPublicData?startDate=2025-12-13&endDate=2025-12-13&datasetId=161C25,https://www.simem.co/datadetail/161c25c1-ce62-41a8-8ab8-e68f0d68aef1,Público
CD2034,Energía de referencia para el Sistema de Transmisión Nacional,2025-06-03T11:18:06.367,2025-12-13T10:26:20.633,2021-01-01T00:00:00,2025-12-10T00:00:00,,https://www.simem.coPublicData?startDate=2025-12-13&endDate=2025-12-13&datasetId=CD2034,https://www.simem.co/datadetail/cd2034ca-b2cf-469c-b9bd-e6eca26a2206,Público
de5ea2,Pronóstico del CND de demanda por subárea operativa,2023-09-28T22:20:12.543,2025-12-01T21:18:25.543,2020-11-01T00:00:00,2025-11-30T00:00:00,2024-08-01T12:30:52.383,https://www.simem.coPublicData?startDate=2025-12-13&endDate=2025-12-13&datasetId=de5ea2,https://www.simem.co/datadetail/de5ea2fa-e296-47fd-a02c-e71ee94d7fe3,Público
31E0AF,Demanda comercial internacional,2025-07-07T11:09:14.51,2025-12-13T10:24:43.353,2021-01-01T00:00:00,2025-12-10T00:00:00,,https://www.simem.coPublicData?startDate=2025-12-13&endDate=2025-12-13&datasetId=31E0AF,https://www.simem.co/datadetail/31e0afac-d056-4690-9393-e7391dbf7148,Público
38a251,"Precios y estadísticas de los contratos entre agentes, por año de suscripción y por generador",2023-09-29T18:32:09.887,2025-12-11T13:28:42.447,2013-01-01T00:00:00,2025-11-01T00:00:00,2025-03-12T11:17:20.947,https://www.simem.coPublicData?startDate=2025-12-13&endDate=2025-12-13&datasetId=38a251,https://www.simem.co/datadetail/38a2517a-771d-4a42-b47c-e7a74437e6fa,Público
77395a,Informe trimestral de auditoría de costos de combustible reportados para la operación,2023-09-28T23:43:13.997,2025-11-24T20:31:34.537,2022-09-01T00:00:00,2025-08-01T00:00:00,2025-02-26T15:55:00.583,https://www.simem.coPublicData?startDate=2025-12-13&endDate=2025-12-13&datasetId=77395a,https://www.simem.co/datadetail/77395afb-1aec-4f60-b0d8-e7d13b90a5ce,Público
2cf281,Evolución histórica anual de las estadísticas generales de las convocatorias SICEP con destino al mercado regulado,2023-10-02T14:20:57.28,2025-10-07T11:40:06.357,2020-01-01T00:00:00,2024-01-01T00:00:00,2025-03-23T00:43:39.27,https://www.simem.coPublicData?startDate=2025-12-13&endDate=2025-12-13&datasetId=2cf281,https://www.simem.co/datadetail/2cf281cc-6cd3-4598-bf36-e7d3db5fb00a,Público
A96479,PerdidasDemandaInternacionalAgente,2025-03-07T10:41:52.623,,0001-01-01T00:00:00,0001-01-01T00:00:00,,https://www.simem.coPublicData?startDate=2025-12-13&endDate=2025-12-13&datasetId=A96479,https://www.simem.co/datadetail/a9647946-ce26-45f0-8f08-e867ada6f6e4,Público
561aa8,Reservas en Porcentaje Energético Largo Plazo,2023-10-11T09:06:07.83,2025-11-15T18:30:54.19,2022-01-31T00:00:00,2030-10-31T00:00:00,2025-04-26T19:30:59.127,https://www.simem.coPublicData?startDate=2025-12-13&endDate=2025-12-13&datasetId=561aa8,https://www.simem.co/datadetail/561aa842-26a4-44d3-a11d-e86c2a249a8c,Público
32C229,Fondo de apoyo a zonas no interconectadas (FAZNI),2025-03-07T16:09:33.467,2025-12-11T12:29:07.22,2021-01-01T00:00:00,2025-11-01T00:00:00,,https://www.simem.coPublicData?startDate=2025-12-13&endDate=2025-12-13&datasetId=32C229,https://www.simem.co/datadetail/32c2294d-8ec4-4104-ac21-e86cb0e5898b,Público
D0B4E3,Informe de resultados del despacho económico,2024-01-25T14:10:20.16,2025-12-12T20:11:31.34,2022-01-01T00:00:00,2025-12-13T00:00:00,,https://www.simem.coPublicData?startDate=2025-12-13&endDate=2025-12-13&datasetId=D0B4E3,https://www.simem.co/datadetail/d0b4e32d-4858-4791-898e-e88b929c550f,Público
63d90d,Pronóstico oficial de demanda por subárea operativa,2023-09-28T20:46:51.927,2025-12-01T21:19:38.963,2019-01-01T00:00:00,2025-11-30T00:00:00,,https://www.simem.coPublicData?startDate=2025-12-13&endDate=2025-12-13&datasetId=63d90d,https://www.simem.co/datadetail/63d90dcf-bc52-420b-8c1a-e95b9e46956f,Público
14CCB9,Reporte de la ultima facturación reportada para fronteras UNR por agente representante,2024-05-27T18:57:17.087,2025-12-13T04:16:30.937,2024-04-01T00:00:00,2025-11-20T00:00:00,,https://www.simem.coPublicData?startDate=2025-12-13&endDate=2025-12-13&datasetId=14CCB9,https://www.simem.co/datadetail/14ccb984-b0d7-42a7-9ab6-e9d1fea3b0ee,Público
CDD16E,Generación ideal internacional Ecuador por planta,2023-09-28T20:27:03.407,2025-12-13T10:28:54.873,2021-01-01T00:00:00,2025-12-10T00:00:00,,https://www.simem.coPublicData?startDate=2025-12-13&endDate=2025-12-13&datasetId=CDD16E,https://www.simem.co/datadetail/cdd16e49-bffd-4d86-af7d-ea4c6f54e3bb,Público
B4D9FE,Bandera de autorización a desvío del programa de generación,2025-03-07T11:17:46.28,2025-12-13T10:29:12.547,2020-01-01T00:00:00,2025-12-10T00:00:00,,https://www.simem.coPublicData?startDate=2025-12-13&endDate=2025-12-13&datasetId=B4D9FE,https://www.simem.co/datadetail/b4d9fe2b-632e-4b3f-b85a-ec269de4d9fa,Público
96D56E,Precio de bolsa ponderado,2023-10-03T15:00:21.54,2025-12-13T10:26:30.59,2013-01-01T00:00:00,2025-12-10T00:00:00,2025-05-04T22:01:32.183,https://www.simem.coPublicData?startDate=2025-12-13&endDate=2025-12-13&datasetId=96D56E,https://www.simem.co/datadetail/96d56e82-11cb-4d87-92b6-ec7a621d9d9c,Público
97c8ec,Histórico de eventos en Activos de Transmisión del Sistema de Transmisión Nacional,2023-09-28T21:14:47.44,2025-12-12T19:21:40.973,2013-01-22T00:00:00,2025-12-06T00:00:00,2024-10-02T16:08:11.577,https://www.simem.coPublicData?startDate=2025-12-13&endDate=2025-12-13&datasetId=97c8ec,https://www.simem.co/datadetail/97c8eceb-4bae-469b-a6df-ee0cf190c342,Público
82ae92,Costos Marginales Energético Mediano Plazo,2023-10-02T14:30:48.193,2025-12-07T19:20:15.067,2022-01-03T00:00:00,2027-11-29T00:00:00,2025-01-23T09:52:40.87,https://www.simem.coPublicData?startDate=2025-12-13&endDate=2025-12-13&datasetId=82ae92,https://www.simem.co/datadetail/82ae922e-1c1b-4d03-ae7f-ee7b93af156c,Público
6827d9,Estadísticas del Costo Unitario de Reconciliación Positiva,2023-09-29T16:35:14.907,2025-12-12T14:12:51.16,2015-01-01T00:00:00,2025-11-01T00:00:00,2024-08-01T12:18:37.653,https://www.simem.coPublicData?startDate=2025-12-13&endDate=2025-12-13&datasetId=6827d9,https://www.simem.co/datadetail/6827d9c0-7714-411e-8866-efa6619ae9ae,Público
d66c25,Precios promedios horarios mensuales de contratos con UNR por mercado de comercialización,2023-09-29T17:07:26.833,2025-11-20T03:18:26.16,2023-01-01T00:00:00,2025-10-01T00:00:00,2025-04-02T11:14:01.173,https://www.simem.coPublicData?startDate=2025-12-13&endDate=2025-12-13&datasetId=d66c25,https://www.simem.co/datadetail/d66c2593-d6ee-4d0f-86f6-f040e6bb3df8,Público
cdfe1b,Informe de reevaluación de parámetros de regulación secundaria de frecuencia AGC,2023-10-05T19:09:09.873,2024-11-30T23:11:38.037,2022-01-01T00:00:00,2024-01-01T00:00:00,,https://www.simem.coPublicData?startDate=2025-12-13&endDate=2025-12-13&datasetId=cdfe1b,https://www.simem.co/datadetail/4f8cbc99-4964-457b-8913-f0b274e66958,Público
596c1c,Demanda Energético Mediano Plazo,2023-10-04T10:04:49.437,2025-12-07T19:20:23.52,2022-01-03T00:00:00,2027-11-29T00:00:00,2025-05-06T06:11:33.223,https://www.simem.coPublicData?startDate=2025-12-13&endDate=2025-12-13&datasetId=596c1c,https://www.simem.co/datadetail/596c1c23-827d-479a-85b3-f0d365ae7ecb,Público
781422,Precios y estadísticas de los contratos entre agentes integrados verticalmente por comercializador,2023-09-30T10:01:33.457,2025-12-11T13:29:52.96,2013-01-01T00:00:00,2025-11-01T00:00:00,2025-02-03T18:18:49.1,https://www.simem.coPublicData?startDate=2025-12-13&endDate=2025-12-13&datasetId=781422,https://www.simem.co/datadetail/78142296-e6fa-42f6-9d52-f18840b03ba4,Público
36b91c,SAIDI y SAIFI,2025-10-29T09:47:14.137,2025-10-29T16:18:42.823,0001-01-01T00:00:00,0001-01-01T00:00:00,,https://www.simem.coPublicData?startDate=2025-12-13&endDate=2025-12-13&datasetId=36b91c,https://www.simem.co/datadetail/36b91c21-a0a9-406c-a989-f1f0ba41a9e1,Público
331979,"Precios y estadísticas de los contratos de convocatorias del SICEP para el mercado regulado, por año de suscripción y por comercializador",2023-09-29T16:21:42.3,2025-12-11T13:29:05.37,2020-06-01T00:00:00,2025-11-01T00:00:00,2024-09-12T20:25:02.023,https://www.simem.coPublicData?startDate=2025-12-13&endDate=2025-12-13&datasetId=331979,https://www.simem.co/datadetail/33197912-1ae9-4893-af46-f21743209659,Público
43cd59,Garantía de reserva de capacidad de transporte,2025-11-26T16:44:16.763,2025-12-04T22:00:52.323,2022-04-12T00:00:00,2025-12-03T00:00:00,,https://www.simem.coPublicData?startDate=2025-12-13&endDate=2025-12-13&datasetId=43cd59,https://www.simem.co/datadetail/43cd59ca-1f2d-426d-bd0f-f2263bc57e1f,Público
9407AC,Valor de consumo principal proporcional a la reconciliación positiva,2023-09-28T22:45:20.783,2025-11-19T20:29:47.12,2015-04-01T00:00:00,2025-09-21T00:00:00,2024-12-09T16:31:42.017,https://www.simem.coPublicData?startDate=2025-12-13&endDate=2025-12-13&datasetId=9407AC,https://www.simem.co/datadetail/9407acfc-41c9-4bdc-9dd9-f3b6466b87a2,Público
28b062,"Datos soporte del proceso de liquidación por Código sic agente, versión y diaria",2023-09-28T23:09:41.523,2025-11-06T15:49:52.11,2014-04-24T00:00:00,2025-11-03T00:00:00,2025-03-15T08:40:36.79,https://www.simem.coPublicData?startDate=2025-12-13&endDate=2025-12-13&datasetId=28b062,https://www.simem.co/datadetail/28b062c7-2728-418c-afa9-f3c3a0dad658,Público
b18005,"Precio de oferta de la planta para cada configuración ofertada en el proceso del despacho ideal, en COP/kWh",2023-09-29T05:56:49.153,2025-12-11T12:24:48.727,2023-04-24T00:00:00,2025-11-30T00:00:00,2025-03-16T12:34:02.677,https://www.simem.coPublicData?startDate=2025-12-13&endDate=2025-12-13&datasetId=b18005,https://www.simem.co/datadetail/b180058c-52dd-42c3-a93a-f44003aa2d43,Público
BAE067,Auditoria Ejecución Conjuntos de SIMEM,2025-04-09T01:14:16.757,2025-12-13T01:16:37.637,2025-04-08T00:00:00,2025-12-10T00:00:00,,https://www.simem.coPublicData?startDate=2025-12-13&endDate=2025-12-13&datasetId=BAE067,https://www.simem.co/datadetail/bae067fc-6ffa-4fdc-89f3-f4bfb27714a8,Público
234D49,Disponibilidad programada,2025-03-07T11:17:46.28,2025-12-13T10:29:55.247,2021-01-01T00:00:00,2025-12-10T00:00:00,,https://www.simem.coPublicData?startDate=2025-12-13&endDate=2025-12-13&datasetId=234D49,https://www.simem.co/datadetail/234d49da-6edc-4c48-abd8-f67703b4e69b,Público
923030,"Oportunidad en el reporte de información por parte de XM, el Administrador del SIMEM y otros",2024-01-28T07:53:11.547,2025-11-27T17:28:02.697,2023-10-04T00:00:00,2025-10-31T00:00:00,2025-04-02T16:29:51.01,https://www.simem.coPublicData?startDate=2025-12-13&endDate=2025-12-13&datasetId=923030,https://www.simem.co/datadetail/92303073-92d0-45fd-8384-f7b032ec8aaa,Público
cd68f0,Informe Energético de Corto Plazo Embalses,2023-09-30T17:47:52.62,2025-07-30T18:55:22.103,2022-01-03T00:00:00,2023-09-24T00:00:00,2025-04-12T11:58:32.093,https://www.simem.coPublicData?startDate=2025-12-13&endDate=2025-12-13&datasetId=cd68f0,https://www.simem.co/datadetail/cd68f036-a2e6-4c73-a0aa-f81a022ac090,Público
A1DBD9,Magnitud de reconciliación positiva arranque,2023-09-28T20:27:03.407,2025-12-13T10:27:53.753,2021-01-01T00:00:00,2025-12-10T00:00:00,,https://www.simem.coPublicData?startDate=2025-12-13&endDate=2025-12-13&datasetId=A1DBD9,https://www.simem.co/datadetail/a1dbd98b-b54e-4de5-a11c-f8227ec60b5a,Público
1F06A2,Otros costos variables asociados al SIN,2025-09-05T11:41:38.987,2025-12-13T10:27:07.573,2013-01-01T00:00:00,2025-12-08T00:00:00,,https://www.simem.coPublicData?startDate=2025-12-13&endDate=2025-12-13&datasetId=1F06A2,https://www.simem.co/datadetail/1f06a2ce-93ab-4f7c-99b0-f8c5e5a9515c,Público
244B98,Disponibilidad asociada con arranque utilizando tecnología térmica a gas de ciclo abierto,2023-09-28T20:27:03.407,2025-12-13T10:27:40.67,2021-01-01T00:00:00,2025-09-20T00:00:00,,https://www.simem.coPublicData?startDate=2025-12-13&endDate=2025-12-13&datasetId=244B98,https://www.simem.co/datadetail/244b9856-75a1-4d39-8bbd-f93bcf8277a8,Público
8ae7da,Combustibles y Heat Rate de plantas térmicas del SIN,2023-10-09T21:11:08.803,2025-12-13T09:16:17.56,2013-01-01T00:00:00,2025-12-12T00:00:00,2025-04-28T11:29:44.767,https://www.simem.coPublicData?startDate=2025-12-13&endDate=2025-12-13&datasetId=8ae7da,https://www.simem.co/datadetail/8ae7da6f-f454-4018-a001-f96e8086fb49,Público
0d5da1,Costo Equivalente de Energía (CEE),2025-08-20T11:37:54.533,2025-12-10T17:14:43.423,2013-01-01T00:00:00,2025-12-01T00:00:00,,https://www.simem.coPublicData?startDate=2025-12-13&endDate=2025-12-13&datasetId=0d5da1,https://www.simem.co/datadetail/0d5da144-2588-4396-b1e5-f98c6ca74b89,Público
05f977,Precios futuros horarios mensuales de contratos con UNR por mercado de comercialización,2023-09-29T08:02:36.687,2025-11-20T03:23:54.82,2023-09-01T00:00:00,2030-10-01T00:00:00,2025-03-27T06:00:21.847,https://www.simem.coPublicData?startDate=2025-12-13&endDate=2025-12-13&datasetId=05f977,https://www.simem.co/datadetail/05f977de-7425-4ebb-859f-f9db0b4a0569,Público
24F4EC,Disponibilidad comercial por planta,2025-09-16T10:57:37.927,2025-12-13T10:26:29.58,2021-01-01T00:00:00,2025-12-10T00:00:00,,https://www.simem.coPublicData?startDate=2025-12-13&endDate=2025-12-13&datasetId=24F4EC,https://www.simem.co/datadetail/24f4ec70-2da0-4551-a188-fa750a7d66a5,Público
e2f117,Vertimientos Energético Mediano Plazo,2023-09-30T12:39:37.33,2025-12-07T19:20:04.373,2022-01-03T00:00:00,2027-11-29T00:00:00,2025-01-13T10:42:50.347,https://www.simem.coPublicData?startDate=2025-12-13&endDate=2025-12-13&datasetId=e2f117,https://www.simem.co/datadetail/e2f117c5-45ff-4767-b12c-fa7ba031f21a,Público
8d7548,Garantía de reserva de capacidad de transporte,2023-09-26T02:02:52.53,2025-11-20T11:12:39.51,2021-07-21T00:00:00,2025-11-18T00:00:00,2025-05-02T07:27:50.753,https://www.simem.coPublicData?startDate=2025-12-13&endDate=2025-12-13&datasetId=8d7548,https://www.simem.co/datadetail/8d7548a2-19bb-48e3-8923-fb2dbf3f3f8a,Público
9E77E5,Disponibilidad real,2025-03-07T11:17:46.28,2025-12-13T10:29:09.847,2021-01-01T00:00:00,2025-12-10T00:00:00,,https://www.simem.coPublicData?startDate=2025-12-13&endDate=2025-12-13&datasetId=9E77E5,https://www.simem.co/datadetail/9e77e5b9-b2b8-42a9-8c68-fb5a0917c774,Público
767A48,Magnitud responsabilidad comercial AGC,2024-11-07T10:33:56.017,2025-12-13T10:27:09.977,2021-01-01T00:00:00,2025-12-10T00:00:00,,https://www.simem.coPublicData?startDate=2025-12-13&endDate=2025-12-13&datasetId=767A48,https://www.simem.co/datadetail/767a4873-a909-4af5-81bf-fb7e9c819591,Público
1be05d,Precios y Energía de los contratos no realizados a través del SICEP que atienden el mercado de usuarios regulados,2023-09-27T01:10:05.013,2025-12-11T13:29:13.25,2013-01-01T00:00:00,2025-11-30T00:00:00,2024-11-21T22:39:38.487,https://www.simem.coPublicData?startDate=2025-12-13&endDate=2025-12-13&datasetId=1be05d,https://www.simem.co/datadetail/1be05d09-4504-4bc9-9058-fbb08bf87cc4,Público
230a9d,Registro de contratos de largo plazo entre agentes,2023-09-29T00:12:51.487,2025-12-02T07:19:49.743,2023-01-01T00:00:00,2025-11-01T00:00:00,2025-02-24T09:08:40.3,https://www.simem.coPublicData?startDate=2025-12-13&endDate=2025-12-13&datasetId=230a9d,https://www.simem.co/datadetail/230a9d74-78db-4236-866a-fbdc43219a61,Público
F387F3,Ventas en bolsa nacional en moneda,2024-11-07T10:33:56.017,2025-12-13T10:26:27.27,2021-01-01T00:00:00,2025-12-08T00:00:00,,https://www.simem.coPublicData?startDate=2025-12-13&endDate=2025-12-13&datasetId=F387F3,https://www.simem.co/datadetail/f387f353-200f-45a3-8403-fd3c3a27f140,Público
2C6C29,Acumulado anual de los calce u operaciones de las órdenes de demanda en Convocatorias,2023-09-29T13:17:47.09,2025-11-13T13:33:34.777,2023-08-01T00:00:00,2025-10-01T00:00:00,2025-04-23T15:10:33.223,https://www.simem.coPublicData?startDate=2025-12-13&endDate=2025-12-13&datasetId=2C6C29,https://www.simem.co/datadetail/2c6c2996-5f18-41b8-9b7b-fd9ada07ae31,Público
34BB70,DemandaGeneracionAgenteParaAsignarPerdidas,2025-03-06T15:16:08.333,,0001-01-01T00:00:00,0001-01-01T00:00:00,,https://www.simem.coPublicData?startDate=2025-12-13&endDate=2025-12-13&datasetId=34BB70,https://www.simem.co/datadetail/34bb70e9-b732-4cea-b5f3-fee7cb6e5128,Público
f63b8b,Déficit Energético Mediano Plazo,2023-09-30T11:20:08.31,2025-12-07T19:19:14.763,2022-01-03T00:00:00,2027-11-29T00:00:00,2025-04-23T15:07:45.437,https://www.simem.coPublicData?startDate=2025-12-13&endDate=2025-12-13&datasetId=f63b8b,https://www.simem.co/datadetail/f63b8b8b-0518-43cc-8ed3-fefe47b1ed96,Público
29517d,"Datos soporte del proceso de Demandas por Recurso, versión y diaria",2023-09-28T22:04:27.733,2025-11-19T20:31:29.43,2013-01-01T00:00:00,2025-09-06T00:00:00,2025-03-20T15:09:01.643,https://www.simem.coPublicData?startDate=2025-12-13&endDate=2025-12-13&datasetId=29517d,https://www.simem.co/datadetail/29517d62-1ba1-4f44-9d58-ff2e2aaee7cd,Público
841808,Listado de Áreas Operativas del Sistema de Interconectado Nacional,2024-01-17T07:13:02.75,2025-12-13T07:16:30.807,2024-01-16T00:00:00,2025-12-12T00:00:00,2025-04-02T08:32:52.47,https://www.simem.coPublicData?startDate=2025-12-13&endDate=2025-12-13&datasetId=841808,https://www.simem.co/datadetail/8418083c-5d4c-4478-ab46-ff9cff052422,Público
8DA3D8,Magnitud de reconciliación positiva para plantas que no realizan AGC,2023-09-28T20:27:03.407,2025-12-13T10:28:33.887,2021-01-01T00:00:00,2025-12-10T00:00:00,,https://www.simem.coPublicData?startDate=2025-12-13&endDate=2025-12-13&datasetId=8DA3D8,https://www.simem.co/datadetail/8da3d886-60a9-4eeb-b1b3-ffca8c75fa2e,Público
8DECCA,Estadísticas de contratos del mercado secundario,2023-09-30T11:35:39.21,2025-12-13T09:17:37.593,2013-01-01T00:00:00,2026-12-01T00:00:00,2025-04-30T15:16:45.39,https://www.simem.coPublicData?startDate=2025-12-13&endDate=2025-12-13&datasetId=8DECCA,https://www.simem.co/datadetail/8decca60-c155-4da1-a456-fff3607ff3a2,Público
