station_id,observation_date,value
3102010,2015-01-01,146.1516129032258
3102010,2015-02-01,168.9
3102010,2015-03-01,165.76129032258066
3102010,2015-04-01,148.31666666666666
3102010,2015-05-01,246.61612903225807
3102010,2015-06-01,376.06
3102010,2015-07-01,347.82903225806456
3102010,2015-08-01,316.7741935483871
3102010,2015-09-01,311.8533333333333
3102010,2015-10-01,342.46774193548384
3102010,2015-11-01,415.6133333333333
3102010,2015-12-01,325.9741935483871
3102010,2016-01-01,190.7002580645161
3102010,2016-02-01,151.10241379310347
3102010,2016-03-01,160.92945161290322
3102010,2016-04-01,151.39553333333333
3102010,2016-05-01,267.91435483870964
3102010,2016-06-01,466.6575
3102010,2016-07-01,568.2056129032258
3102010,2016-08-01,554.0960322580645
3102010,2016-09-01,442.3279333333333
3102010,2016-10-01,379.2287741935484
3102010,2016-11-01,447.9927666666666
3102010,2016-12-01,463.28225806451616
3102010,2017-01-01,296.354870967742
3102010,2017-02-01,151.39149999999998
3102010,2017-03-01,137.82709677419356
3102010,2017-04-01,193.831
3102010,2017-05-01,365.6516451612903
3102010,2017-06-01,562.7607666666667
3102010,2017-07-01,701.8605806451612
3102010,2017-08-01,697.6517419354839
3102010,2017-09-01,669.9464333333333
3102010,2017-10-01,692.1153225806452
3102010,2017-11-01,491.2758
3102010,2017-12-01,441.3725806451613
3102010,2018-01-01,280.653
3102010,2018-02-01,215.6394285714286
3102010,2018-03-01,127.75741935483872
3102010,2018-04-01,139.89716666666666
3102010,2018-05-01,369.8438387096774
3102010,2018-06-01,533.9316
3102010,2018-07-01,653.4570322580646
3102010,2018-08-01,634.2477419354839
3102010,2018-09-01,522.0847666666666
3102010,2018-10-01,482.8353548387097
3102010,2018-11-01,498.0828666666667
3102010,2018-12-01,354.3357741935484
3102010,2019-01-01,192.6651935483871
3102010,2019-02-01,137.30385714285714
3102010,2019-03-01,105.69209677419354
3102010,2019-04-01,181.41896666666668
3102010,2019-05-01,277.9855806451613
3102010,2019-06-01,542.3249666666667
3102010,2019-07-01,554.8857419354838
3102010,2019-08-01,547.9832258064516
3102010,2019-09-01,469.0829333333333
3102010,2019-10-01,482.3902903225807
3102010,2019-11-01,507.0570666666666
3102010,2019-12-01,281.36187096774194
3102010,2020-01-01,205.45919354838708
3102010,2020-02-01,156.196
3102010,2020-03-01,135.45677419354837
3102010,2020-04-01,122.3635
3102010,2020-05-01,168.553
3102010,2020-06-01,275.0655666666667
3102010,2020-07-01,426.5012903225807
3102010,2020-08-01,615.2862903225806
3102010,2020-09-01,592.466
3102010,2020-10-01,607.0756451612904
3102010,2020-11-01,470.9292666666667
3102010,2020-12-01,410.2373225806452
3102010,2021-01-01,240.2188064516129
3102010,2021-02-01,143.04385714285715
3102010,2021-03-01,153.11716129032257
3102010,2021-04-01,277.2825
3102010,2021-05-01,330.71780645161294
3102010,2021-06-01,449.10743333333335
3102010,2021-07-01,517.8145483870968
3102010,2021-08-01,605.0724838709677
3102010,2021-09-01,664.1725666666666
3102010,2021-10-01,642.3894516129033
3102010,2021-11-01,527.2937333333333
3102010,2021-12-01,379.332
3102010,2022-01-01,202.58909677419356
3102010,2022-02-01,170.40860714285714
3102010,2022-03-01,216.47635483870968
3102010,2022-04-01,389.9128
3102010,2022-05-01,595.311870967742
3102010,2022-06-01,660.9581999999999
3102010,2022-07-01,709.7616129032258
3102010,2022-08-01,719.9131935483871
3102010,2022-09-01,714.0965333333334
3102010,2022-10-01,644.1684516129033
3102010,2022-11-01,548.5320333333333
3102010,2022-12-01,442.8280967741936
3102010,2023-01-01,307.0357419354839
3102010,2023-02-01,199.79696428571427
3102010,2023-03-01,142.30429032258064
3102010,2023-04-01,144.1493
3102010,2023-05-01,241.9022258064516
3102010,2023-06-01,462.2554666666667
3102010,2023-07-01,440.9831612903225
3102010,2023-08-01,475.3221290322581
3102010,2023-09-01,411.7925333333333
3102010,2023-10-01,388.3483548387097
3102010,2023-11-01,475.6829
3102010,2023-12-01,284.5905483870968
3102010,2024-01-01,163.30125806451613
3102010,2024-02-01,101.7606896551724
3102010,2024-03-01,120.76354838709678
3102010,2024-04-01,166.84453333333337
3102010,2024-05-01,375.11667741935486
3102010,2024-06-01,566.7805666666667
3102010,2024-07-01,562.0699032258065
3102010,2024-08-01,538.0644838709677
3102010,2024-09-01,484.2185666666667
3102010,2024-10-01,457.5009677419355
3102010,2024-11-01,416.5604666666667
3102010,2024-12-01,249.62529032258064
3103010,2015-01-01,550.925806451613
3103010,2015-02-01,964.0357142857144
3103010,2015-03-01,985.1387096774192
3103010,2015-04-01,1177.9466666666667
3103010,2015-05-01,961.0387096774194
3103010,2015-06-01,1488.5666666666666
3103010,2015-07-01,927.9709677419354
3103010,2015-08-01,703.0419354838709
3103010,2015-09-01,466.7133333333333
3103010,2015-10-01,532.2806451612903
3103010,2015-11-01,691.6333333333333
3103010,2015-12-01,461.5548387096774
3103010,2016-01-01,283.8185161290323
3103010,2016-02-01,429.2719310344828
3103010,2016-03-01,787.5735483870967
3103010,2016-04-01,1131.4446666666668
3103010,2016-05-01,1213.743387096774
3103010,2016-06-01,1078.0755
3103010,2016-07-01,1254.212935483871
3103010,2016-08-01,818.1205806451613
3103010,2016-09-01,967.0057666666668
3103010,2016-10-01,1042.6964193548388
3103010,2016-11-01,1101.7617333333333
3103010,2016-12-01,1215.4786451612902
3103010,2017-01-01,1369.3057741935484
3103010,2017-02-01,1088.3447857142858
3103010,2017-03-01,1949.022741935484
3103010,2017-04-01,1774.9125333333332
3103010,2017-05-01,2199.022
3103010,2017-06-01,1419.8328
3103010,2017-07-01,1114.5827741935484
3103010,2017-08-01,941.1811612903226
3103010,2017-09-01,805.7868333333333
3103010,2017-10-01,804.2547096774193
3103010,2017-11-01,1500.8899
3103010,2017-12-01,1298.3051935483873
3103010,2018-01-01,1164.556193548387
3103010,2018-02-01,824.8925714285714
3103010,2018-03-01,918.2132258064516
3103010,2018-04-01,1661.9405666666669
3103010,2018-05-01,1735.3339677419356
3103010,2018-06-01,1514.7097666666666
3103010,2018-07-01,1214.1980967741936
3103010,2018-08-01,973.4905806451612
3103010,2018-09-01,756.1804
3103010,2018-10-01,1072.0675483870966
3103010,2018-11-01,1274.1027
3103010,2018-12-01,872.0466451612904
3103010,2019-01-01,526.3189677419355
3103010,2019-02-01,913.3348928571428
3103010,2019-03-01,970.2943870967742
3103010,2019-04-01,1436.9044
3103010,2019-05-01,1280.4620322580645
3103010,2019-06-01,1595.541966666667
3103010,2019-07-01,1016.9647741935484
3103010,2019-08-01,978.627129032258
3103010,2019-09-01,700.0774333333334
3103010,2019-10-01,829.8354838709678
3103010,2019-11-01,1153.7754
3103010,2019-12-01,1151.726129032258
3103010,2020-01-01,745.1518064516129
3103010,2020-02-01,681.7876206896552
3103010,2020-03-01,824.0587096774193
3103010,2020-04-01,745.4739000000001
3103010,2020-05-01,945.6567096774194
3103010,2020-06-01,976.8995333333334
3103010,2020-07-01,1029.5658387096776
3103010,2020-08-01,883.6238709677419
3103010,2020-09-01,721.5630333333334
3103010,2020-10-01,646.6574193548388
3103010,2020-11-01,1179.4951
3103010,2020-12-01,1169.7755161290322
3103010,2021-01-01,928.5928064516128
3103010,2021-02-01,860.2245357142857
3103010,2021-03-01,1827.560741935484
3103010,2021-04-01,1277.6466
3103010,2021-05-01,1946.891741935484
3103010,2021-06-01,1726.8434666666665
3103010,2021-07-01,1274.4502258064515
3103010,2021-08-01,1298.69235483871
3103010,2021-09-01,1240.4244
3103010,2021-10-01,1428.419064516129
3103010,2021-11-01,1709.4622000000002
3103010,2021-12-01,1191.141064516129
3103010,2022-01-01,953.3306451612904
3103010,2022-02-01,1052.244428571429
3103010,2022-03-01,1833.478258064516
3103010,2022-04-01,1796.5048333333334
3103010,2022-05-01,1660.9134838709676
3103010,2022-06-01,1539.4263666666666
3103010,2022-07-01,1459.5720645161289
3103010,2022-08-01,1097.5876774193548
3103010,2022-09-01,891.3469666666666
3103010,2022-10-01,1354.7782258064517
3103010,2022-11-01,1809.8052
3103010,2022-12-01,1201.3776451612905
3103010,2023-01-01,1550.2953225806452
3103010,2023-02-01,854.8633571428571
3103010,2023-03-01,1727.3100967741934
3103010,2023-04-01,1342.6768
3103010,2023-05-01,1232.6745161290323
3103010,2023-06-01,874.1399
3103010,2023-07-01,817.9766774193548
3103010,2023-08-01,861.3013870967742
3103010,2023-09-01,666.9571333333333
3103010,2023-10-01,634.4958709677419
3103010,2023-11-01,853.7524333333333
3103010,2023-12-01,639.5605483870968
3103010,2024-01-01,681.7019677419354
3103010,2024-02-01,585.5161379310346
3103010,2024-03-01,484.05412903225806
3103010,2024-04-01,1030.2502333333334
3103010,2024-05-01,1526.2788709677418
3103010,2024-06-01,1265.6143333333334
3103010,2024-07-01,816.484193548387
3103010,2024-08-01,646.5268387096773
3103010,2024-09-01,338.1970666666667
3103010,2024-10-01,783.9029677419354
3103010,2024-11-01,1045.1989333333331
3103010,2024-12-01,863.9243225806451
3103015,2015-01-01,2579.1612903225805
3103015,2015-02-01,2878.1071428571427
3103015,2015-03-01,2537.1612903225805
3103015,2015-04-01,3709.2
3103015,2015-05-01,3657.903225806452
3103015,2015-06-01,3677.4
3103015,2015-07-01,2733.5806451612902
3103015,2015-08-01,2303.6774193548385
3103015,2015-09-01,2402.9333333333334
3103015,2015-10-01,2492.0967741935483
3103015,2015-11-01,3340.5
3103015,2015-12-01,2699.7419354838707
3103015,2016-01-01,1478.247870967742
3103015,2016-02-01,1245.6521379310343
3103015,2016-03-01,1680.747064516129
3103015,2016-04-01,2480.6687666666667
3103015,2016-05-01,3735.799903225807
3103015,2016-06-01,3348.435833333333
3103015,2016-07-01,2831.0235483870965
3103015,2016-08-01,2717.8088709677418
3103015,2016-09-01,3256.576
3103015,2016-10-01,4201.726838709677
3103015,2016-11-01,5523.472833333333
3103015,2016-12-01,5765.348838709678
3103015,2017-01-01,4210.564129032258
3103015,2017-02-01,2901.9818571428573
3103015,2017-03-01,3243.6480967741936
3103015,2017-04-01,4595.262866666667
3103015,2017-05-01,6018.382548387097
3103015,2017-06-01,6063.725600000001
3103015,2017-07-01,4760.251161290323
3103015,2017-08-01,3759.3273548387097
3103015,2017-09-01,4190.151866666666
3103015,2017-10-01,4605.752
3103015,2017-11-01,5086.3432
3103015,2017-12-01,5049.972516129032
3103015,2018-01-01,4017.076193548387
3103015,2018-02-01,2619.891392857143
3103015,2018-03-01,2409.679806451613
3103015,2018-04-01,4165.718966666666
3103015,2018-05-01,5638.480774193548
3103015,2018-06-01,5724.2493
3103015,2018-07-01,3709.8611935483873
3103015,2018-08-01,2928.3435483870967
3103015,2018-09-01,3358.5687000000003
3103015,2018-10-01,4865.463483870968
3103015,2018-11-01,6061.018133333333
3103015,2018-12-01,4223.574225806452
3103015,2019-01-01,2130.571193548387
3103015,2019-02-01,2251.0325357142856
3103015,2019-03-01,2760.666677419355
3103015,2019-04-01,3963.889333333333
3103015,2019-05-01,4454.048870967742
3103015,2019-06-01,5244.781033333334
3103015,2019-07-01,3369.498193548387
3103015,2019-08-01,2466.1525161290324
3103015,2019-09-01,2419.679166666667
3103015,2019-10-01,3776.655806451613
3103015,2019-11-01,4917.607466666666
3103015,2019-12-01,3859.121774193549
3103015,2020-01-01,2497.2941290322583
3103015,2020-02-01,1661.3051724137931
3103015,2020-03-01,2035.079
3103015,2020-04-01,2327.6790333333333
3103015,2020-05-01,2688.701258064516
3103015,2020-06-01,3478.1660666666667
3103015,2020-07-01,3949.460064516129
3103015,2020-08-01,3696.964258064516
3103015,2020-09-01,4619.892566666666
3103015,2020-10-01,4765.351741935484
3103015,2020-11-01,5405.595766666666
3103015,2020-12-01,5627.569580645161
3103015,2021-01-01,3298.684870967742
3103015,2021-02-01,2511.154892857143
3103015,2021-03-01,3075.3860322580645
3103015,2021-04-01,3564.3418
3103015,2021-05-01,5253.813612903226
3103015,2021-06-01,4926.078766666667
3103015,2021-07-01,4078.424419354839
3103015,2021-08-01,3560.1418387096774
3103015,2021-09-01,3976.231833333333
3103015,2021-10-01,4473.684161290323
3103015,2021-11-01,5768.0098
3103015,2021-12-01,5629.917709677419
3103015,2022-01-01,3277.0642903225807
3103015,2022-02-01,2712.534392857143
3103015,2022-03-01,3862.710064516129
3103015,2022-04-01,5213.470933333333
3103015,2022-05-01,6272.552612903226
3103015,2022-06-01,6314.095433333334
3103015,2022-07-01,6110.665161290322
3103015,2022-08-01,5727.263548387096
3103015,2022-09-01,5646.858200000001
3103015,2022-10-01,6172.547
3103015,2022-11-01,6861.1401000000005
3103015,2022-12-01,5389.448774193549
3103015,2023-01-01,3891.887612903226
3103015,2023-02-01,2859.7167142857143
3103015,2023-03-01,3584.4338709677418
3103015,2023-04-01,4029.536333333333
3103015,2023-05-01,3810.809419354839
3103015,2023-06-01,3945.3589
3103015,2023-07-01,3146.7515483870966
3103015,2023-08-01,2541.509129032258
3103015,2023-09-01,2356.3811666666666
3103015,2023-10-01,2828.536741935484
3103015,2023-11-01,4262.447266666667
3103015,2023-12-01,2482.9954516129037
3103015,2024-01-01,1945.2775806451612
3103015,2024-02-01,1601.231620689655
3103015,2024-03-01,1466.174064516129
3103015,2024-04-01,1659.4621333333334
3103015,2024-05-01,4080.5711290322574
3103015,2024-06-01,4505.5443
3103015,2024-07-01,4740.181806451613
3103015,2024-08-01,3165.941774193549
3103015,2024-09-01,2383.1896333333334
3103015,2024-10-01,3194.025548387097
3103015,2024-11-01,4123.367
3103015,2024-12-01,4050.35070967742
3103045,2015-01-01,3.660258064516129
3103045,2015-02-01,3.952714285714286
3103045,2015-03-01,4.6321935483870975
3103045,2015-04-01,6.718566666666666
3103045,2015-05-01,4.419032258064516
3103045,2015-06-01,2.8587
3103045,2015-07-01,2.3741935483870966
3103045,2015-08-01,1.6696774193548387
3103045,2015-09-01,1.5047666666666666
3103045,2015-10-01,1.9346451612903224
3103045,2015-11-01,6.208200000000001
3103045,2015-12-01,3.756967741935484
3103045,2016-01-01,1.5616129032258064
3103045,2016-02-01,1.2346206896551726
3103045,2016-03-01,2.73583870967742
3103045,2016-04-01,6.341866666666666
3103045,2016-05-01,11.123903225806451
3103045,2016-06-01,2.933333333333333
3103045,2016-07-01,1.8883870967741936
3103045,2016-08-01,1.119451612903226
3103045,2016-09-01,1.0168
3103045,2016-10-01,3.910935483870968
3103045,2016-11-01,7.443333333333333
3103045,2016-12-01,8.999806451612905
3103045,2017-01-01,8.57532258064516
3103045,2017-02-01,3.136571428571429
3103045,2017-03-01,10.612903225806452
3103045,2017-04-01,13.452466666666668
3103045,2017-05-01,11.668967741935484
3103045,2017-06-01,5.992500000000001
3103045,2017-07-01,2.924225806451613
3103045,2017-08-01,1.8726774193548383
3103045,2017-09-01,1.3067
3103045,2017-10-01,2.805774193548387
3103045,2017-11-01,6.744233333333333
3103045,2017-12-01,6.9835161290322585
3103045,2018-01-01,6.906000000000001
3103045,2018-02-01,4.8665
3103045,2018-03-01,3.3168387096774192
3103045,2018-04-01,3.050766666666666
3103045,2018-05-01,4.005096774193548
3103045,2018-06-01,2.9365
3103045,2018-07-01,2.1423225806451613
3103045,2018-08-01,1.5450322580645162
3103045,2018-09-01,1.9103666666666668
3103045,2018-10-01,3.105967741935484
3103045,2018-11-01,8.512166666666667
3103045,2018-12-01,4.320903225806452
3103045,2019-01-01,1.4560322580645162
3103045,2019-02-01,1.7981785714285714
3103045,2019-03-01,2.5855806451612904
3103045,2019-04-01,4.607200000000001
3103045,2019-05-01,3.568612903225807
3103045,2019-06-01,3.996566666666667
3103045,2019-07-01,1.5263225806451617
3103045,2019-08-01,0.8598709677419355
3103045,2019-09-01,0.9102
3103045,2019-10-01,1.188483870967742
3103045,2019-11-01,3.1902666666666666
3103045,2019-12-01,5.541322580645161
3103090,2015-01-01,31.66774193548387
3103090,2015-02-01,29.769642857142856
3103090,2015-03-01,36.924838709677424
3103090,2015-04-01,46.915333333333336
3103090,2015-05-01,25.063870967741934
3103090,2015-06-01,17.80366666666667
3103090,2015-07-01,14.101612903225806
3103090,2015-08-01,10.979806451612903
3103090,2015-09-01,11.132
3103090,2015-10-01,20.496774193548383
3103090,2015-11-01,32.488
3103090,2015-12-01,16.885806451612904
3103090,2016-01-01,20.488483870967745
3103090,2016-02-01,20.5721724137931
3103090,2016-03-01,27.782451612903223
3103090,2016-04-01,39.54313333333333
3103090,2016-05-01,41.9141935483871
3103090,2016-06-01,21.455433333333332
3103090,2016-07-01,18.55306451612903
3103090,2016-08-01,12.117870967741936
3103090,2016-09-01,16.395333333333333
3103090,2016-10-01,30.64851612903226
3103090,2016-11-01,57.9589
3103090,2016-12-01,49.386806451612905
3103090,2017-01-01,86.78951612903225
3103090,2017-02-01,34.843607142857145
3103090,2017-03-01,80.66683870967742
3103090,2017-04-01,80.68886666666667
3103090,2017-05-01,140.5803870967742
3103090,2017-06-01,51.1729
3103090,2017-07-01,25.872806451612902
3103090,2017-08-01,17.898258064516128
3103090,2017-09-01,15.384933333333333
3103090,2017-10-01,24.674354838709675
3103090,2017-11-01,88.22473333333333
3103090,2017-12-01,70.77048387096775
3103090,2018-01-01,81.25561290322581
3103090,2018-02-01,69.69592857142857
3103090,2018-03-01,47.58803225806452
3103090,2018-04-01,89.70673333333333
3103090,2018-05-01,69.62548387096774
3103090,2018-06-01,41.18756666666666
3103090,2018-07-01,25.84383870967742
3103090,2018-08-01,19.07425806451613
3103090,2018-09-01,24.14513333333333
3103090,2018-10-01,53.639
3103090,2018-11-01,86.47396666666667
3103090,2018-12-01,110.84467741935484
3103090,2019-01-01,37.36883870967742
3103090,2019-02-01,37.33446428571428
3103090,2019-03-01,52.15041935483871
3103090,2019-04-01,102.0942
3103090,2019-05-01,65.7081935483871
3103090,2019-06-01,62.39573333333333
3103090,2019-07-01,33.32941935483871
3103090,2019-08-01,20.618645161290324
3103090,2019-09-01,19.161166666666663
3103090,2019-10-01,31.40574193548387
3103090,2019-11-01,64.2551
3103090,2019-12-01,61.00187096774194
3103090,2020-01-01,50.45309677419355
3103090,2020-02-01,48.12186206896552
3103090,2020-03-01,66.89687096774193
3103090,2020-04-01,45.70783333333334
3103090,2020-05-01,43.87916129032258
3103090,2020-06-01,33.7141
3103090,2020-07-01,28.95029032258064
3103090,2020-08-01,33.24903225806452
3103090,2020-09-01,36.525333333333336
3103090,2020-10-01,53.84193548387096
3103090,2020-11-01,90.34956666666668
3103090,2020-12-01,70.84170967741935
3103090,2021-01-01,65.49929032258065
3103090,2021-02-01,73.52864285714286
3103090,2021-03-01,154.02287096774194
3103090,2021-04-01,66.93733333333334
3103090,2021-05-01,84.8613870967742
3103090,2021-06-01,72.75880000000001
3103090,2021-07-01,36.960096774193545
3103090,2021-08-01,44.15635483870968
3103090,2021-09-01,40.67896666666666
3103090,2021-10-01,55.40070967741936
3103090,2021-11-01,128.15346666666667
3103090,2021-12-01,72.04603225806451
3103090,2022-01-01,67.46835483870967
3103090,2022-02-01,75.89200000000001
3103090,2022-03-01,134.95938709677418
3103090,2022-04-01,113.6718
3103090,2022-05-01,81.217
3103090,2022-06-01,88.55213333333333
3103090,2022-07-01,55.51422580645161
3103090,2022-08-01,43.184677419354834
3103090,2022-09-01,36.3747
3103090,2022-10-01,76.73890322580645
3103090,2022-11-01,179.6569333333333
3103090,2022-12-01,148.48864516129032
3103090,2023-01-01,134.5541935483871
3103090,2023-02-01,70.84467857142857
3103090,2023-03-01,169.1541935483871
3103090,2023-04-01,153.97283333333334
3103100,2015-01-01,346.10967741935485
3103100,2015-02-01,381.32142857142856
3103100,2015-03-01,469.1741935483871
3103100,2015-04-01,626.2666666666667
3103100,2015-05-01,339.93548387096774
3103100,2015-06-01,255.60333333333332
3103100,2015-07-01,222.18387096774197
3103100,2015-08-01,199.11612903225807
3103100,2015-09-01,173.54666666666665
3103100,2015-10-01,191.75806451612905
3103100,2015-11-01,303.58
3103100,2015-12-01,187.7935483870968
3103100,2016-01-01,133.71067741935482
3103100,2016-02-01,124.07720689655171
3103100,2016-03-01,213.4092580645161
3103100,2016-04-01,369.0834666666667
3103100,2016-05-01,526.329870967742
3103100,2016-06-01,330.1283
3103100,2016-07-01,256.6614193548387
3103100,2016-08-01,203.25464516129037
3103100,2016-09-01,222.7620333333333
3103100,2016-10-01,368.52390322580646
3103100,2016-11-01,614.2225333333333
3103100,2016-12-01,577.680129032258
3103100,2017-01-01,784.6124516129032
3103100,2017-02-01,454.2585357142857
3103100,2017-03-01,747.681064516129
3103100,2017-04-01,957.9071333333334
3103100,2017-05-01,1121.1229032258063
3103100,2017-06-01,696.3452333333333
3103100,2017-07-01,409.0601935483871
3103100,2017-08-01,321.0626451612903
3103100,2017-09-01,309.54623333333336
3103100,2017-10-01,412.86293548387096
3103100,2017-11-01,868.6836999999999
3103100,2017-12-01,740.3124838709676
3103100,2018-01-01,814.0856774193549
3103100,2018-02-01,555.4736071428572
3103100,2018-03-01,475.8221935483871
3103100,2018-04-01,856.4212333333334
3103100,2018-05-01,733.5281612903226
3103100,2018-06-01,531.9205333333333
3103100,2018-07-01,346.0635161290323
3103100,2018-08-01,339.512935483871
3103100,2018-09-01,332.07666666666665
3103100,2018-10-01,482.7463870967742
3103100,2018-11-01,784.9296666666667
3103100,2018-12-01,805.1822903225806
3103100,2019-01-01,265.4776129032258
3103100,2019-02-01,322.98025
3103100,2019-03-01,476.9000322580645
3103100,2019-04-01,908.6894
3103100,2019-05-01,706.4089677419355
3103100,2019-06-01,800.4741
3103100,2019-07-01,363.0047419354839
3103100,2019-08-01,262.76990322580644
3103100,2019-09-01,242.0466
3103100,2019-10-01,386.3532580645161
3103100,2019-11-01,628.6256333333333
3103100,2019-12-01,596.3813225806451
3103100,2020-01-01,462.4607741935484
3103100,2020-02-01,292.5642068965517
3103100,2020-03-01,358.78732258064514
3103100,2020-04-01,387.7074666666667
3103100,2020-05-01,303.56167741935485
3103100,2020-06-01,347.12136666666663
3103100,2020-07-01,349.14829032258064
3103100,2020-08-01,360.01706451612904
3103100,2020-09-01,408.8817
3103100,2020-10-01,254.2571935483871
3103100,2020-11-01,421.3299666666666
3103100,2020-12-01,517.3166129032259
3103100,2021-01-01,651.3080967741936
3103100,2021-02-01,504.5540714285714
3103100,2021-03-01,1177.342935483871
3103100,2021-04-01,730.8549333333334
3103100,2021-05-01,893.5119032258065
3103100,2021-06-01,840.2922333333333
3103100,2021-07-01,457.5933548387097
3103100,2021-08-01,508.7772580645161
3103100,2021-09-01,537.7761333333333
3103100,2021-10-01,655.041
3103100,2021-11-01,1028.5470333333333
3103100,2021-12-01,861.2211290322581
3103100,2022-01-01,762.5213870967742
3103100,2022-02-01,748.396
3103100,2022-03-01,1152.6283548387096
3103100,2022-04-01,1307.3576666666668
3103100,2022-05-01,825.1372903225807
3103100,2022-06-01,1029.5470333333333
3103100,2022-07-01,741.5330645161291
3103100,2022-08-01,649.885
3103100,2022-09-01,428.6260333333333
3103100,2022-10-01,791.6785161290322
3103100,2022-11-01,1278.5302333333334
3103100,2022-12-01,901.1734193548388
3103100,2023-01-01,910.2619032258063
3103100,2023-02-01,502.2815357142857
3103100,2023-03-01,1025.2684516129032
3103100,2023-04-01,915.1287
3103100,2023-05-01,609.5436774193548
3103100,2023-06-01,409.0003333333333
3103100,2023-07-01,299.6765806451613
3103100,2023-08-01,257.01251612903224
3103100,2023-09-01,213.0115333333333
3103100,2023-10-01,342.97729032258064
3103100,2023-11-01,514.2518333333334
3103100,2023-12-01,305.2547419354839
3103100,2024-01-01,264.8067096774193
3103100,2024-02-01,251.11503448275863
3103100,2024-03-01,188.0695806451613
3103100,2024-04-01,345.3473333333333
3103100,2024-05-01,713.2669032258065
3103100,2024-06-01,706.9182333333333
3103100,2024-07-01,563.530935483871
3103100,2024-08-01,256.34932258064515
3103100,2024-09-01,205.8186333333333
3103100,2024-10-01,250.9107741935484
3103100,2024-11-01,338.91
3103100,2024-12-01,301.1274516129032
3103140,2015-01-01,12.200258064516127
3103140,2015-02-01,14.992
3103140,2015-03-01,16.826677419354837
3103140,2015-04-01,28.540333333333333
3103140,2015-05-01,31.614193548387096
3103140,2015-06-01,27.22133333333333
3103140,2015-07-01,28.73225806451613
3103140,2015-08-01,22.53838709677419
3103150,2015-01-01,289.5741935483871
3103150,2015-02-01,348.49642857142857
3103150,2015-03-01,465.0774193548387
3103150,2015-04-01,657.1566666666666
3103150,2015-05-01,329.2741935483871
3103150,2015-06-01,250.64
3103150,2015-07-01,236.94193548387096
3103150,2015-08-01,190.9967741935484
3103150,2015-09-01,174.574
3103150,2015-10-01,229.0267741935484
3103150,2015-11-01,354.0066666666667
3103150,2015-12-01,276.6151612903226
3103150,2016-01-01,172.25435483870967
3103150,2016-02-01,161.01310344827587
3103150,2016-03-01,268.37803225806454
3103150,2016-04-01,424.4251
3103150,2016-05-01,648.6555806451613
3103150,2016-06-01,386.8132666666667
3103150,2016-07-01,310.13654838709675
3103150,2016-08-01,239.5769032258065
3103150,2016-09-01,340.2359333333333
3103150,2016-10-01,516.295
3103150,2016-11-01,833.2990666666667
3103150,2016-12-01,773.2022903225807
3103150,2017-01-01,928.0789677419356
3103150,2017-02-01,511.2515
3103150,2017-03-01,1074.3309032258064
3103150,2017-04-01,1223.3112
3103150,2017-05-01,1769.583193548387
3103150,2017-06-01,1075.3574666666668
3103150,2017-07-01,646.5835161290322
3103150,2017-08-01,558.0432258064516
3103150,2017-09-01,663.0662333333333
3103150,2017-10-01,774.8247419354839
3103150,2017-11-01,1394.7281333333333
3103150,2017-12-01,1014.8295483870968
3103150,2018-01-01,1061.2905161290323
3103150,2018-02-01,704.7435357142857
3103150,2018-03-01,619.5696451612903
3103150,2018-04-01,1167.3806
3103150,2018-05-01,1159.5348387096774
3103150,2018-06-01,742.7490999999999
3103150,2018-07-01,486.1454516129032
3103150,2018-08-01,482.5096129032258
3103150,2018-09-01,477.7145
3103150,2018-10-01,687.4094516129032
3103150,2018-11-01,1058.0562
3103150,2018-12-01,1034.3933225806452
3103150,2019-01-01,373.6355483870968
3103150,2019-02-01,482.1718214285714
3103150,2019-03-01,648.0719354838709
3103150,2019-04-01,1157.8014
3103150,2019-05-01,938.8528387096774
3103150,2019-06-01,992.7075
3103150,2019-07-01,449.0263225806452
3103150,2019-08-01,292.2983870967742
3103150,2019-09-01,294.09396666666663
3103150,2019-10-01,508.9339354838709
3103150,2019-11-01,814.9319666666667
3103150,2019-12-01,695.5008709677419
3103150,2020-01-01,510.2170967741935
3103150,2020-02-01,323.27468965517244
3103150,2020-03-01,384.79819354838713
3103150,2020-04-01,457.52383333333336
3103150,2020-05-01,360.536064516129
3103150,2020-06-01,427.2674
3103150,2020-07-01,487.2048064516129
3103150,2020-08-01,451.7281935483872
3103150,2020-09-01,563.7637666666667
3103150,2020-10-01,390.8651290322581
3103150,2020-11-01,643.9352333333334
3103150,2020-12-01,639.3249677419356
3103150,2021-01-01,709.7436129032258
3103150,2021-02-01,575.1263928571428
3103150,2021-03-01,1602.1833548387096
3103150,2021-04-01,980.1361333333332
3103150,2021-05-01,1232.9196451612902
3103150,2021-06-01,1129.6152
3103150,2021-07-01,583.9187419354838
3103150,2021-08-01,745.3539677419354
3103150,2021-09-01,717.1541333333333
3103150,2021-10-01,834.5780000000001
3103150,2021-11-01,1361.9985666666666
3103150,2021-12-01,1094.6303870967745
3103150,2022-01-01,918.5360322580644
3103150,2022-02-01,845.7674285714286
3103150,2022-03-01,1715.073935483871
3103150,2022-04-01,1946.104
3103150,2022-05-01,1144.7506129032258
3103150,2022-06-01,1494.5404666666666
3103150,2022-07-01,1041.7026451612903
3103150,2022-08-01,884.4943225806452
3103150,2022-09-01,604.208
3103150,2022-10-01,1071.6877096774194
3103150,2022-11-01,1767.7337
3103150,2022-12-01,1147.7913870967743
3103150,2023-01-01,1127.0424838709678
3103150,2023-02-01,584.8006785714285
3103150,2023-03-01,1374.3732903225807
3103150,2023-04-01,1139.6895
3103150,2023-05-01,812.3973870967742
3103150,2023-06-01,565.2638666666667
3103150,2023-07-01,414.58287096774194
3103150,2023-08-01,381.4842258064516
3103150,2023-09-01,306.7006666666667
3103150,2023-10-01,460.52758064516127
3103150,2023-11-01,665.4871333333334
3103150,2023-12-01,397.2201612903226
3103150,2024-01-01,330.5520967741936
3103150,2024-02-01,318.0077931034483
3103150,2024-03-01,256.0459354838709
3103150,2024-04-01,431.72086666666667
3103150,2024-05-01,888.985
3103150,2024-06-01,921.9855333333333
3103150,2024-07-01,735.3714838709677
3103150,2024-08-01,370.1894516129032
3103150,2024-09-01,264.6689333333333
3103150,2024-10-01,361.1833548387097
3103150,2024-11-01,538.9341333333333
3103150,2024-12-01,423.87570967741937
3103190,2015-01-01,51.12438709677419
3103190,2015-02-01,41.64575
3103190,2015-03-01,49.87799999999999
3103190,2015-04-01,60.513866666666665
3103190,2015-05-01,106.07870967741935
3103190,2015-06-01,92.71813333333333
3103190,2015-07-01,97.0683870967742
3103190,2015-08-01,106.41516129032256
3103190,2015-09-01,114.77723333333331
3103190,2015-10-01,133.41148387096774
3103190,2015-11-01,108.60416666666669
3103190,2015-12-01,68.78935483870967
3103190,2016-01-01,58.30738709677419
3103190,2016-02-01,40.82151724137931
3103190,2016-03-01,42.70409677419355
3103190,2016-04-01,69.26766666666667
3103190,2016-05-01,126.158
3103190,2016-06-01,131.80453333333332
3103190,2016-07-01,132.9029677419355
3103190,2016-08-01,99.05790322580646
3103190,2016-09-01,95.33543333333334
3103190,2016-10-01,121.73687096774194
3103190,2016-11-01,110.9268
3103190,2016-12-01,110.91674193548388
3103190,2017-01-01,65.91532258064517
3103190,2017-02-01,39.64689285714286
3103190,2017-03-01,49.510161290322586
3103190,2017-04-01,59.76656666666667
3103190,2017-05-01,102.1855806451613
3103190,2017-06-01,104.43636666666666
3103190,2017-07-01,132.08703225806454
3103190,2017-08-01,109.19096774193548
3103190,2017-09-01,113.48
3103190,2017-10-01,118.20887096774192
3103190,2017-11-01,120.88643333333331
3103190,2017-12-01,76.33399999999999
3103190,2018-01-01,46.79222580645161
3103190,2018-02-01,30.493142857142857
3103190,2018-03-01,37.13329032258065
3103190,2018-04-01,56.2175
3103190,2018-05-01,141.15687096774195
3103190,2018-06-01,133.70053333333334
3103190,2018-07-01,128.5824516129032
3103190,2018-08-01,116.25296774193548
3103190,2018-09-01,127.39923333333331
3103190,2018-10-01,142.25087096774195
3103190,2018-11-01,111.67326666666666
3103190,2018-12-01,56.660774193548384
3103190,2019-01-01,29.546096774193547
3103190,2019-02-01,20.956714285714288
3103190,2019-03-01,29.320387096774198
3103190,2019-04-01,49.8983
3103190,2019-05-01,98.10432258064516
3103190,2019-06-01,120.03393333333334
3103190,2019-07-01,114.21354838709676
3103190,2019-08-01,131.41225806451612
3103190,2019-09-01,75.96993333333333
3103190,2019-10-01,127.10829032258064
3103190,2019-11-01,93.2295
3103190,2019-12-01,58.125741935483866
3103190,2020-01-01,41.335
3103190,2020-02-01,27.078413793103447
3103190,2020-03-01,19.24467741935484
3103190,2020-04-01,28.241933333333336
3103190,2020-05-01,54.10803225806451
3103190,2020-06-01,76.4881
3103190,2020-07-01,142.73825806451617
3103190,2020-08-01,161.42341935483873
3103190,2020-09-01,118.5743
3103190,2020-10-01,119.23825806451612
3103190,2020-11-01,122.79843333333334
3103190,2020-12-01,75.32832258064516
3103190,2021-01-01,43.77887096774194
3103190,2021-02-01,28.82017857142857
3103190,2021-03-01,52.84229032258064
3103190,2021-04-01,105.8634
3103190,2021-05-01,113.44041935483872
3103190,2021-06-01,136.62873333333334
3103190,2021-07-01,153.7431935483871
3103190,2021-08-01,148.07535294117648
3103300,2015-01-01,4581.967741935484
3103300,2015-02-01,3989.678571428572
3103300,2015-03-01,3399.032258064516
3103300,2015-04-01,4877.3
3103300,2015-05-01,5097.225806451613
3103300,2015-06-01,5904.266666666666
3103300,2015-07-01,4341.1612903225805
3103300,2015-08-01,4127.064516129032
3103300,2015-09-01,4394.366666666667
3103300,2015-10-01,4343.5161290322585
3103300,2015-11-01,5802.566666666667
3103300,2015-12-01,4444.548387096775
3103300,2016-01-01,2689.385838709677
3103300,2016-02-01,2478.678862068966
3103300,2016-03-01,2677.0045483870967
3103300,2016-04-01,3369.5781333333334
3103300,2016-05-01,5382.831225806452
3103300,2016-06-01,5929.9375
3103300,2016-07-01,5323.064548387097
3103300,2016-08-01,5495.146387096775
3103300,2016-09-01,6129.435
3103300,2016-10-01,7255.440548387097
3103300,2016-11-01,9103.563333333334
3103300,2016-12-01,10169.135032258064
3103300,2017-01-01,8688.767870967742
3103300,2017-02-01,5078.380892857143
3103300,2017-03-01,4748.004774193548
3103300,2017-04-01,6799.199866666666
3103300,2017-05-01,8409.716032258066
3103300,2017-06-01,10426.106733333332
3103300,2017-07-01,10750.13470967742
3103300,2017-08-01,9010.11964516129
3103300,2017-09-01,8746.886666666665
3103300,2017-10-01,9063.317741935483
3103300,2017-11-01,9207.21
3103300,2017-12-01,9666.10970967742
3103300,2018-01-01,8229.180838709677
3103300,2018-02-01,4666.673821428572
3103300,2018-03-01,3645.939258064516
3103300,2018-04-01,6072.104133333333
3103300,2018-05-01,7904.332612903226
3103300,2018-06-01,9796.876633333331
3103300,2018-07-01,8636.683870967743
3103300,2018-08-01,6835.6775806451615
3103300,2018-09-01,6667.385266666666
3103300,2018-10-01,8556.775322580645
3103300,2018-11-01,10144.073733333333
3103300,2018-12-01,9835.173903225806
3103300,2019-01-01,6744.113838709678
3103300,2019-02-01,3291.9105357142857
3103300,2019-03-01,3954.758387096774
3103300,2019-04-01,5842.755066666667
3103300,2019-05-01,6930.147516129033
3103300,2019-06-01,9019.21
3103300,2019-07-01,7850.433322580645
3103300,2019-08-01,5953.476903225807
3103300,2019-09-01,5223.146033333333
3103300,2019-10-01,7475.546580645161
3103300,2019-11-01,9273.318333333333
3103300,2019-12-01,8537.28229032258
3103300,2020-01-01,5258.870677419355
3103300,2020-02-01,3233.1553793103444
3103300,2020-03-01,3306.565741935484
3103300,2020-04-01,3646.8675
3103300,2020-05-01,4148.955645161291
3103300,2020-06-01,5611.8491
3103300,2020-07-01,6987.197516129032
3103300,2020-08-01,7277.534258064516
3103300,2020-09-01,8679.0571
3103300,2020-10-01,9349.567741935483
3103300,2020-11-01,9804.5337
3103300,2020-12-01,10353.738387096775
3103300,2021-01-01,8111.290451612903
3103300,2021-02-01,4483.587964285714
3103300,2021-03-01,5485.576935483871
3103300,2021-04-01,6964.522933333333
3103300,2021-05-01,8098.651903225807
3103300,2021-06-01,9569.423666666667
3103300,2021-07-01,10193.825064516128
3103300,2021-08-01,9928.313677419354
3103300,2021-09-01,11220.836233333332
3103300,2021-10-01,11779.174193548388
3103300,2021-11-01,11984.56
3103300,2021-12-01,11443.643193548389
3103300,2022-01-01,7905.840806451613
3103300,2022-02-01,5470.769
3103300,2022-03-01,6500.015032258064
3103300,2022-04-01,8321.821600000001
3103300,2022-05-01,10549.362064516128
3103300,2022-06-01,11583.0625
3103300,2022-07-01,12775.232580645164
3103300,2022-08-01,12753.79041935484
3103300,2022-09-01,12015.876266666666
3103300,2022-10-01,11563.329032258063
3103300,2022-11-01,12285.162933333331
3103300,2022-12-01,12230.507645161291
3103300,2023-01-01,8303.657741935484
3103300,2023-02-01,5641.586071428572
3103300,2023-03-01,5338.850161290323
3103300,2023-04-01,6360.035366666666
3103300,2023-05-01,6383.620935483871
3103300,2023-06-01,7413.6416
3103300,2023-07-01,6842.223806451612
3103300,2023-08-01,5181.101612903226
3103300,2023-09-01,5177.280866666667
3103300,2023-10-01,5530.344322580645
3103300,2023-11-01,7801.093299999999
3103300,2023-12-01,5941.6265483870975
3103300,2024-01-01,3879.1381290322574
3103300,2024-02-01,3024.5016206896557
3103300,2024-03-01,2786.155870967742
3103300,2024-04-01,3091.323766666667
3103300,2024-05-01,6450.874774193548
3103300,2024-06-01,8631.840366666667
3103300,2024-07-01,9984.070967741936
3103300,2024-08-01,8545.359677419356
3103300,2024-09-01,6248.091733333334
3103300,2024-10-01,6484.945516129032
3103300,2024-11-01,7477.2361
3103300,2024-12-01,8335.787193548387
3103450,2015-01-01,282.0064516129033
3103450,2015-02-01,466.7714285714286
3103450,2015-03-01,387.73870967741937
3103450,2015-04-01,410.99
3103450,2015-05-01,492.7129032258065
3103450,2015-06-01,889.3466666666667
3103450,2015-07-01,384.31935483870967
3103450,2015-08-01,338.0290322580645
3103450,2015-09-01,242.32666666666668
3103450,2015-10-01,215.7225806451613
3103450,2015-11-01,281.6988
3103450,2015-12-01,307.6645161290323
3103450,2016-01-01,246.98283870967745
3103450,2016-02-01,310.95517241379315
3103450,2016-03-01,366.4927096774193
3103450,2016-04-01,569.0545
3103450,2016-05-01,497.4186129032258
3103450,2016-06-01,479.1887666666667
3103450,2016-07-01,606.3075806451612
3103450,2016-08-01,479.8336451612904
3103450,2016-09-01,538.3037
3103450,2016-10-01,427.8264516129032
3103450,2016-11-01,337.2246333333333
3103450,2016-12-01,459.2297741935484
3103450,2017-01-01,595.089064516129
3103450,2017-02-01,525.3312857142857
3103450,2017-03-01,558.9060322580646
3103450,2017-04-01,717.1945666666667
3103450,2017-05-01,837.2807096774194
3103450,2017-06-01,718.0361666666666
3103450,2017-07-01,569.3650322580645
3103450,2017-08-01,558.2658387096775
3103450,2017-09-01,445.0745
3103450,2017-10-01,423.407064516129
3103450,2017-11-01,504.65633333333335
3103450,2017-12-01,468.48212903225806
3103450,2018-01-01,378.3637741935484
3103450,2018-02-01,344.3442857142857
3103450,2018-03-01,362.5665483870968
3103450,2018-04-01,500.1513000000001
3103450,2018-05-01,490.2483225806452
3103450,2018-06-01,689.4741666666666
3103450,2018-07-01,594.7234193548387
3103450,2018-08-01,465.0761612903226
3103450,2018-09-01,378.9417666666667
3103450,2018-10-01,378.90774193548384
3103450,2018-11-01,472.2012666666667
3103450,2018-12-01,405.9665483870968
3103450,2019-01-01,236.71609677419357
3103450,2019-02-01,290.3981071428572
3103450,2019-03-01,381.0193870967742
3103450,2019-04-01,536.8836666666667
3103450,2019-05-01,505.6663870967742
3103450,2019-06-01,753.587
3103450,2019-07-01,469.3520967741935
3103450,2019-08-01,563.9817741935484
3103450,2019-09-01,475.3212
3103450,2019-10-01,323.516
3103450,2019-11-01,484.6908666666667
3103450,2019-12-01,553.1088387096775
3103450,2020-01-01,324.37293548387095
3103450,2020-02-01,345.22527586206894
3103450,2020-03-01,341.0488709677419
3103450,2020-04-01,500.64
3103450,2020-05-01,606.9771612903227
3103450,2020-06-01,617.3918666666667
3103450,2020-07-01,759.7247096774194
3103450,2020-08-01,526.3212258064516
3103450,2020-09-01,316.2277
3103450,2020-10-01,436.0802903225807
3103450,2020-11-01,500.8152666666667
3103450,2020-12-01,444.98683870967744
3103450,2021-01-01,440.85090322580646
3103450,2021-02-01,388.03271428571423
3103450,2021-03-01,645.9658709677419
3103450,2021-04-01,497.0137
3103450,2021-05-01,754.3458064516129
3103450,2021-06-01,767.1229000000001
3103450,2021-07-01,792.3975806451613
3103450,2021-08-01,640.3019677419355
3103450,2021-09-01,696.6016
3103450,2021-10-01,628.5728064516129
3103450,2021-11-01,585.4256333333334
3103450,2021-12-01,470.0122258064516
3103450,2022-01-01,458.0347419354839
3103450,2022-02-01,516.5465714285714
3103450,2022-03-01,708.9103870967742
3103450,2022-04-01,523.5483666666667
3103450,2022-05-01,547.7936129032257
3103450,2022-06-01,528.9024666666667
3103450,2022-07-01,554.307064516129
3103450,2022-08-01,496.30170967741935
3103450,2022-09-01,616.2834
3103450,2022-10-01,463.0840967741936
3103450,2022-11-01,674.4348333333334
3103450,2022-12-01,462.1613870967742
3103450,2023-01-01,701.3603548387097
3103450,2023-02-01,450.70646428571433
3103450,2023-03-01,665.4094193548386
3103450,2023-04-01,557.1964666666667
3103450,2023-05-01,565.5084193548387
3103450,2023-06-01,511.1383333333333
3103450,2023-07-01,512.8387419354839
3103450,2023-08-01,453.59425806451617
3103450,2023-09-01,441.6989
3103450,2023-10-01,374.5394838709677
3103450,2023-11-01,350.51796666666667
3103450,2023-12-01,421.2963225806452
3103465,2015-01-01,12.42
3103465,2015-02-01,12.859642857142855
3103465,2015-03-01,12.76032258064516
3103465,2015-04-01,13.873333333333331
3103465,2015-05-01,12.52032258064516
3103465,2015-06-01,14.567666666666668
3103465,2015-07-01,12.865806451612904
3103465,2015-08-01,9.211709677419355
3103465,2015-09-01,8.807166666666665
3103465,2015-10-01,8.774999999999999
3103465,2015-11-01,10.241766666666669
3103465,2015-12-01,7.620483870967742
3103465,2016-01-01,7.170741935483871
3103465,2016-02-01,7.381551724137931
3103465,2016-03-01,8.450483870967743
3103465,2016-04-01,9.582166666666666
3103465,2016-05-01,13.062870967741937
3103465,2016-06-01,14.405333333333331
3103465,2016-07-01,14.013354838709676
3103465,2016-08-01,11.72051612903226
3103465,2016-09-01,13.5345
3103465,2016-10-01,12.119354838709675
3103465,2016-11-01,14.089933333333333
3103465,2016-12-01,12.043612903225805
3103465,2017-01-01,12.562612903225803
3103465,2017-02-01,8.289821428571429
3103465,2017-03-01,15.715741935483871
3103465,2017-04-01,13.808366666666666
3103465,2017-05-01,30.379967741935484
3103465,2017-06-01,21.6613
3103465,2017-07-01,18.24432258064516
3103465,2017-08-01,12.816419354838713
3103465,2017-09-01,12.106866666666669
3103465,2017-10-01,14.293516129032255
3103465,2017-11-01,18.000366666666665
3103465,2017-12-01,11.340645161290322
3103465,2018-01-01,12.057645161290322
3103465,2018-02-01,10.287928571428573
3103465,2018-03-01,11.95767741935484
3103465,2018-04-01,20.0823
3103465,2018-05-01,31.665
3103465,2018-06-01,31.792866666666665
3103465,2018-07-01,30.361
3103465,2018-08-01,28.537483870967744
3103465,2018-09-01,23.7116
3103465,2018-10-01,24.281548387096773
3103465,2018-11-01,24.54436666666667
3103465,2018-12-01,21.204612903225804
3103465,2019-01-01,18.02103225806452
3103465,2019-02-01,19.59692857142857
3103465,2019-03-01,19.50467741935484
3103465,2019-04-01,19.7838
3103465,2019-05-01,19.493161290322583
3103465,2019-06-01,16.9508
3103465,2019-07-01,16.734387096774192
3103465,2019-08-01,11.765612903225806
3103465,2019-09-01,8.103833333333334
3103465,2019-10-01,14.135387096774194
3103465,2019-11-01,13.579733333333332
3103465,2019-12-01,12.835064516129032
3103465,2020-01-01,10.818451612903226
3103465,2020-02-01,10.780862068965517
3103465,2020-03-01,10.390032258064515
3103465,2020-04-01,11.4806
3103465,2020-05-01,12.286
3103465,2020-06-01,13.4746
3103465,2020-07-01,18.84351612903226
3103465,2020-08-01,17.13035483870968
3103465,2020-09-01,11.263233333333334
3103465,2020-10-01,8.253935483870968
3103465,2020-11-01,9.460933333333331
3103465,2020-12-01,10.079290322580643
3103465,2021-01-01,10.395612903225809
3103465,2021-02-01,11.842642857142858
3103465,2021-03-01,15.139548387096776
3103465,2021-04-01,11.988
3103465,2021-05-01,18.69432258064516
3103465,2021-06-01,19.07636666666667
3103465,2021-07-01,13.766516129032258
3103465,2021-08-01,18.23441935483871
3103470,2015-01-01,5.306612903225807
3103470,2015-02-01,8.739785714285714
3103470,2015-03-01,18.67522580645161
3103470,2015-04-01,18.881866666666667
3103470,2015-05-01,10.806225806451613
3103470,2015-06-01,34.69766666666667
3103470,2015-07-01,20.949612903225805
3103470,2015-08-01,13.624064516129032
3103470,2015-09-01,7.189733333333334
3103470,2015-10-01,6.58725806451613
3103470,2015-11-01,19.07893333333333
3103470,2015-12-01,5.254903225806451
3103470,2016-01-01,2.993193548387097
3103470,2016-02-01,3.576241379310345
3103470,2016-03-01,4.558935483870967
3103470,2016-04-01,19.546466666666667
3103470,2016-05-01,27.679032258064517
3103470,2016-06-01,17.865266666666667
3103470,2016-07-01,26.78548387096774
3103470,2016-08-01,21.468258064516128
3103470,2016-09-01,22.314166666666665
3103470,2016-10-01,27.48225806451613
3103470,2016-11-01,39.14776666666667
3103470,2016-12-01,20.32209677419355
3103470,2017-01-01,14.941
3103470,2017-02-01,7.757035714285714
3103470,2017-03-01,11.801806451612904
3103470,2017-04-01,20.3899
3103470,2017-05-01,38.1048064516129
3103470,2017-06-01,33.82286666666667
3103470,2017-07-01,30.00632258064516
3103470,2017-08-01,16.101387096774193
3103470,2017-09-01,10.2646
3103470,2017-10-01,17.37758064516129
3103470,2017-11-01,36.3883
3103470,2017-12-01,16.954387096774195
3103470,2018-01-01,16.751645161290323
3103470,2018-02-01,16.459785714285715
3103470,2018-03-01,9.255548387096775
3103470,2018-04-01,40.1685
3103470,2018-05-01,45.660387096774194
3103470,2018-06-01,29.018666666666665
3103470,2018-07-01,19.35077419354839
3103470,2018-08-01,21.61335483870968
3103470,2018-09-01,14.763633333333331
3103470,2018-10-01,22.426193548387097
3103470,2018-11-01,26.878733333333333
3103470,2018-12-01,10.192741935483872
3103470,2019-01-01,6.512612903225806
3103470,2019-02-01,8.379535714285714
3103470,2019-03-01,13.880806451612903
3103470,2019-04-01,27.3687
3103470,2019-05-01,34.70683870967742
3103470,2019-06-01,34.3584
3103470,2019-07-01,21.31635483870968
3103470,2019-08-01,12.230903225806452
3103470,2019-09-01,11.334633333333333
3103470,2019-10-01,17.05216129032258
3103470,2019-11-01,33.70056666666667
3103470,2019-12-01,13.533516129032256
3103470,2020-01-01,17.555870967741935
3103470,2020-02-01,28.865827586206898
3103470,2020-03-01,45.51406451612903
3103470,2020-04-01,16.8854
3103470,2020-05-01,40.62212903225807
3103470,2020-06-01,90.14903333333334
3103470,2020-07-01,60.60251612903225
3103470,2020-08-01,31.547064516129037
3103470,2020-09-01,58.41036666666666
3103470,2020-10-01,6.993129032258064
3103470,2020-11-01,62.98856666666666
3103470,2020-12-01,32.255806451612905
3103470,2021-01-01,11.526322580645164
3103470,2021-02-01,13.92975
3103470,2021-03-01,49.98309677419356
3103470,2021-04-01,38.25019999999999
3103470,2021-05-01,80.4327741935484
3103470,2021-06-01,55.813766666666666
3103470,2021-07-01,26.67590322580645
3103470,2021-08-01,29.96606451612903
3103470,2021-09-01,29.37226666666667
3103470,2021-10-01,66.7117741935484
3103470,2021-11-01,55.8495
3103470,2021-12-01,15.098709677419356
3103470,2022-01-01,7.275903225806451
3103470,2022-02-01,11.45732142857143
3103470,2022-03-01,21.012451612903224
3103470,2022-04-01,26.9503
3103470,2022-05-01,47.52503225806452
3103470,2022-06-01,52.58176666666667
3103470,2022-07-01,40.13790322580645
3103470,2022-08-01,19.24009677419355
3103470,2022-09-01,22.31583333333333
3103470,2022-10-01,51.98048387096774
3103470,2022-11-01,54.3203
3103470,2022-12-01,20.055774193548388
3103470,2023-01-01,29.10667741935484
3103470,2023-02-01,11.151142857142858
3103470,2023-03-01,29.031935483870967
3103470,2023-04-01,20.6836
3103470,2023-05-01,32.377870967741934
3103470,2023-06-01,36.434666666666665
3103470,2023-07-01,22.040290322580645
3103470,2023-08-01,22.30690322580645
3103470,2023-09-01,14.098966666666666
3103470,2023-10-01,24.96183870967742
3103470,2023-11-01,33.541533333333334
3103470,2023-12-01,13.918387096774197
3103470,2024-01-01,6.100806451612903
3103470,2024-02-01,6.860103448275862
3103470,2024-03-01,9.036032258064516
3103470,2024-04-01,17.151999999999997
3103470,2024-05-01,39.56016129032258
3103470,2024-06-01,33.1376
3103470,2024-07-01,20.950322580645164
3103470,2024-08-01,9.825806451612902
3103470,2024-09-01,3.532423076923077
3103480,2015-01-01,248.76451612903224
3103480,2015-02-01,301.4428571428571
3103480,2015-03-01,281.73870967741937
3103480,2015-04-01,369.03333333333336
3103480,2015-05-01,207.43548387096772
3103480,2015-06-01,167.99533333333332
3103480,2015-07-01,123.2667741935484
3103480,2015-08-01,85.00387096774193
3103480,2015-09-01,101.396
3103480,2015-10-01,143.65774193548387
3103480,2015-11-01,195.8766666666667
3103480,2015-12-01,107.9658064516129
3103480,2016-01-01,85.51251612903225
3103480,2016-02-01,168.74320689655173
3103480,2016-03-01,208.05596774193543
3103480,2016-04-01,201.36386666666667
3103480,2016-05-01,222.46151612903225
3103480,2016-06-01,126.12123333333334
3103480,2016-07-01,107.1058387096774
3103480,2016-08-01,106.83945161290325
3103480,2016-09-01,167.01206666666667
3103480,2016-10-01,278.8262258064516
3103480,2016-11-01,369.5513333333333
3103480,2016-12-01,428.3086129032258
3103480,2017-01-01,320.16229032258065
3103480,2017-02-01,199.4572857142857
3103480,2017-03-01,349.7740322580645
3103480,2017-04-01,327.51829999999995
3103480,2017-05-01,432.1824516129032
3103480,2017-06-01,279.42213333333336
3103480,2017-07-01,150.5041935483871
3103480,2017-08-01,176.46812903225805
3103480,2017-09-01,287.43583333333333
3103480,2017-10-01,305.0157741935484
3103480,2017-11-01,444.4237333333333
3103480,2017-12-01,343.4409677419355
3103480,2018-01-01,338.9918064516129
3103480,2018-02-01,291.2976428571429
3103480,2018-03-01,277.3106451612904
3103480,2018-04-01,342.88986666666665
3103480,2018-05-01,491.6821935483871
3103480,2018-06-01,213.48183333333333
3103480,2018-07-01,112.16309677419356
3103480,2018-08-01,130.14770967741936
3103480,2018-09-01,200.07433333333333
3103480,2018-10-01,431.03393548387095
3103480,2018-11-01,432.8422
3103480,2018-12-01,282.7792258064516
3103480,2019-01-01,239.99335483870968
3103480,2019-02-01,367.03542857142855
3103480,2019-03-01,360.7984193548387
3103480,2019-04-01,326.54273333333333
3103480,2019-05-01,283.19193548387096
3103480,2019-06-01,205.45063333333331
3103480,2019-07-01,144.52348387096774
3103480,2019-08-01,86.18725806451613
3103480,2019-09-01,138.69936666666666
3103480,2019-10-01,243.7691612903226
3103480,2019-11-01,311.7716
3103480,2019-12-01,296.9158387096774
3103480,2020-01-01,216.06432258064515
3103480,2020-02-01,186.2491724137931
3103480,2020-03-01,242.3792580645161
3103480,2020-04-01,211.55213333333333
3103480,2020-05-01,207.2548064516129
3103480,2020-06-01,204.45776666666669
3103480,2020-07-01,214.92006451612903
3103480,2020-08-01,224.0220967741936
3103480,2020-09-01,304.6064666666667
3103480,2020-10-01,251.72851612903224
3103480,2020-11-01,407.4757333333333
3103480,2020-12-01,414.4261290322581
3103480,2021-01-01,361.4757419354839
3103480,2021-02-01,301.5217857142857
3103480,2021-03-01,339.45880645161293
3103480,2021-04-01,262.3281333333333
3103480,2021-05-01,318.47090322580647
3103480,2021-06-01,400.9763
3103480,2021-07-01,198.99993548387096
3103480,2021-08-01,309.6293870967742
3103480,2021-09-01,289.0956
3103480,2021-10-01,311.8980322580645
3103480,2021-11-01,417.2652
3103480,2021-12-01,504.0714193548387
3103480,2022-01-01,364.8628709677419
3103480,2022-02-01,324.2556071428571
3103480,2022-03-01,424.7535806451613
3103480,2022-04-01,476.8265
3103480,2022-05-01,282.96012903225807
3103480,2022-06-01,331.4899
3103480,2022-07-01,260.78712903225806
3103480,2022-08-01,240.56993548387092
3103480,2022-09-01,261.4332333333333
3103480,2022-10-01,421.4975483870968
3103480,2022-11-01,415.6683
3103480,2022-12-01,407.6770322580645
3103480,2023-01-01,401.535064516129
3103480,2023-02-01,337.71682142857145
3103480,2023-03-01,376.233870967742
3103480,2023-04-01,298.5761
3103480,2023-05-01,208.2027096774193
3103480,2023-06-01,229.72036666666665
3103480,2023-07-01,155.42954838709676
3103480,2023-08-01,191.57264516129032
3103480,2023-09-01,155.01013333333333
3103480,2023-10-01,241.9174516129032
3103480,2023-11-01,303.5588333333333
3103480,2023-12-01,232.01996774193543
3103480,2024-01-01,208.61493548387097
3103480,2024-02-01,231.4063103448276
3103480,2024-03-01,191.56761290322575
3103480,2024-04-01,250.93196666666665
3103480,2024-05-01,354.13370967741935
3103480,2024-06-01,278.02296666666666
3103480,2024-07-01,316.487
3103480,2024-08-01,157.6602258064516
3103480,2024-09-01,174.44407692307692
3103490,2015-01-01,23.175483870967746
3103490,2015-02-01,34.77107142857143
3103490,2015-03-01,41.61709677419355
3103490,2015-04-01,44.00366666666666
3103490,2015-05-01,38.05
3103490,2015-06-01,62.78463333333333
3103490,2015-07-01,57.54106451612903
3103490,2015-08-01,50.22741935483871
3103490,2015-09-01,29.49833333333333
3103490,2015-10-01,33.58641935483871
3103490,2015-11-01,35.5204
3103490,2015-12-01,20.945806451612903
3103490,2016-01-01,16.10025806451613
3103490,2016-02-01,20.38744827586207
3103490,2016-03-01,34.77983870967742
3103490,2016-04-01,45.36716666666667
3103490,2016-05-01,49.64306451612903
3103490,2016-06-01,65.64513333333333
3103490,2016-07-01,61.49309677419355
3103490,2016-08-01,43.97348387096774
3103490,2016-09-01,40.989066666666666
3103490,2016-10-01,37.80241935483871
3103490,2016-11-01,45.76306666666667
3103490,2016-12-01,34.42993548387097
3103490,2017-01-01,48.07512903225806
3103490,2017-02-01,24.40442857142857
3103490,2017-03-01,64.74312903225807
3103490,2017-04-01,47.93653333333334
3103490,2017-05-01,70.03703225806451
3103490,2017-06-01,51.6497
3103490,2017-07-01,61.75309677419355
3103490,2017-08-01,41.853903225806455
3103490,2017-09-01,35.64986666666667
3103490,2017-10-01,35.52164516129032
3103490,2017-11-01,42.6729
3103490,2017-12-01,30.361
3103490,2018-01-01,32.08683870967742
3103490,2018-02-01,29.506535714285715
3103490,2018-03-01,29.266935483870967
3103490,2018-04-01,51.3293
3103490,2018-05-01,58.34483870967742
3103490,2018-06-01,75.29223333333333
3103490,2018-07-01,57.07003225806452
3103490,2018-08-01,46.938096774193546
3103490,2018-09-01,32.914233333333335
3103490,2018-10-01,40.29822580645161
3103490,2018-11-01,39.57273333333333
3103490,2018-12-01,28.72616129032258
3103490,2019-01-01,24.62032258064516
3103490,2019-02-01,30.09464285714285
3103490,2019-03-01,34.10009677419355
3103490,2019-04-01,46.5404
3103490,2019-05-01,52.79545161290323
3103490,2019-06-01,69.50703333333333
3103490,2019-07-01,59.54822580645162
3103490,2019-08-01,50.87190322580645
3103490,2019-09-01,28.841
3103490,2019-10-01,36.18238709677419
3103490,2019-11-01,36.29203333333333
3103490,2019-12-01,36.03267741935483
3103490,2020-01-01,25.151967741935483
3103490,2020-02-01,21.985344827586207
3103490,2020-03-01,27.09864516129032
3103490,2020-04-01,32.21066666666666
3103490,2020-05-01,58.24148387096775
3103490,2020-06-01,58.0935
3103490,2020-07-01,60.82096774193548
3103490,2020-08-01,41.14529032258064
3103490,2020-09-01,29.9971
3103490,2020-10-01,27.474129032258062
3103490,2020-11-01,31.529933333333336
3103490,2020-12-01,32.58364516129032
3103490,2021-01-01,32.43167741935484
3103490,2021-02-01,31.640607142857142
3103490,2021-03-01,65.1178064516129
3103490,2021-04-01,44.1726
3103490,2021-05-01,57.91677419354839
3103490,2021-06-01,60.96796666666667
3103490,2021-07-01,66.67770967741936
3103490,2021-08-01,48.39867741935483
3103490,2021-09-01,31.3867
3103490,2021-10-01,46.133645161290325
3103490,2021-11-01,49.2132
3103490,2021-12-01,36.90335483870968
3103490,2022-01-01,27.881290322580647
3103490,2022-02-01,52.06125
3103490,2022-03-01,63.37625806451613
3103490,2022-04-01,58.1839
3103490,2022-05-01,55.28845161290322
3103490,2022-06-01,70.14316666666667
3103490,2022-07-01,74.38890322580646
3103490,2022-08-01,50.97338709677419
3103490,2022-09-01,43.352133333333335
3103490,2022-10-01,61.74351612903226
3103490,2022-11-01,58.4978
3103490,2022-12-01,38.66748387096774
3103490,2023-01-01,40.25790322580645
3103490,2023-02-01,29.165142857142857
3103490,2023-03-01,74.88196774193548
3103490,2023-04-01,51.21823333333334
3103490,2023-05-01,38.86664516129032
3103490,2023-06-01,50.216
3103490,2023-07-01,97.68867741935485
3103490,2023-08-01,47.839225806451616
3103490,2023-09-01,24.8096
3103490,2023-10-01,26.175612903225804
3103490,2023-11-01,54.93676666666667
3103490,2023-12-01,34.9123870967742
3103490,2024-01-01,18.107064516129032
3103490,2024-02-01,46.25824137931035
3103490,2024-03-01,29.128290322580643
3103490,2024-04-01,52.34676666666667
3103500,2015-01-01,1463.1741935483872
3103500,2015-02-01,2168.25
3103500,2015-03-01,2155.6129032258063
3103500,2015-04-01,3230.4666666666667
3103500,2015-05-01,2074.903225806452
3103500,2015-06-01,2340.366666666667
3103500,2015-07-01,1608.225806451613
3103500,2015-08-01,1249.732258064516
3103500,2015-09-01,1127.3133333333333
3103500,2015-10-01,1553.5451612903223
3103500,2015-11-01,1894.6666666666667
3103500,2015-12-01,1150.277419354839
3103500,2016-01-01,739.1547096774193
3103500,2016-02-01,925.829896551724
3103500,2016-03-01,1338.5415483870968
3103500,2016-04-01,1964.8261333333328
3103500,2016-05-01,2166.6183548387094
3103500,2016-06-01,1541.677233333333
3103500,2016-07-01,1595.1484838709678
3103500,2016-08-01,1312.0939677419356
3103500,2016-09-01,1785.6461333333332
3103500,2016-10-01,2503.924096774193
3103500,2016-11-01,2363.125266666667
3103500,2016-12-01,2525.6973870967745
3103500,2017-01-01,2349.017387096774
3103500,2017-02-01,1624.6148928571426
3103500,2017-03-01,3037.2757741935484
3103500,2017-04-01,3577.727533333333
3103500,2017-05-01,4493.809903225806
3103500,2017-06-01,2534.274733333333
3103500,2017-07-01,1603.6631612903225
3103500,2017-08-01,1491.5134516129033
3103500,2017-09-01,1769.4691666666663
3103500,2017-10-01,1967.181419354839
3103500,2017-11-01,3039.207933333333
3103500,2017-12-01,1946.418483870968
3103500,2018-01-01,2162.3496774193545
3103500,2018-02-01,1512.4726428571428
3103500,2018-03-01,1710.1386774193547
3103500,2018-04-01,3144.1203
3103500,2018-05-01,4052.908516129032
3103500,2018-06-01,2411.4018
3103500,2018-07-01,1760.6736774193548
3103500,2018-08-01,1609.4944516129033
3103500,2018-09-01,1788.4049666666665
3103500,2018-10-01,2784.3540000000003
3103500,2018-11-01,3348.453666666667
3103500,2018-12-01,2031.944677419355
3103500,2019-01-01,1310.546
3103500,2019-02-01,1954.3401785714289
3103500,2019-03-01,2333.2376451612904
3103500,2019-04-01,3142.2594000000004
3103500,2019-05-01,2725.2019032258067
3103500,2019-06-01,2805.8348
3103500,2019-07-01,1642.4198064516129
3103500,2019-08-01,1321.0082580645162
3103500,2019-09-01,1351.4540333333332
3103500,2019-10-01,1942.787838709677
3103500,2019-11-01,2332.968
3103500,2019-12-01,1972.2556129032257
3103500,2020-01-01,1296.4698064516128
3103500,2020-02-01,1144.0271379310343
3103500,2020-03-01,1602.9011612903223
3103500,2020-04-01,1718.8938
3103500,2020-05-01,1726.9213870967742
3103500,2020-06-01,1884.9889333333333
3103500,2020-07-01,1941.2859677419356
3103500,2020-08-01,1762.2417419354838
3103500,2020-09-01,1957.231633333333
3103500,2020-10-01,1638.6429677419355
3103500,2020-11-01,2492.9874333333337
3103500,2020-12-01,2263.318483870968
3103500,2021-01-01,1711.2245806451613
3103500,2021-02-01,1541.4806071428573
3103500,2021-03-01,2420.4292258064515
3103500,2021-04-01,2098.5693333333334
3103500,2021-05-01,3080.440483870968
3103500,2021-06-01,3156.340166666667
3103500,2021-07-01,2153.394225806452
3103500,2021-08-01,2377.052677419355
3103500,2021-09-01,2241.0625
3103500,2021-10-01,2714.279483870968
3103500,2021-11-01,2916.0713333333333
3103500,2021-12-01,2513.3625806451614
3103500,2022-01-01,1973.3723870967744
3103500,2022-02-01,1975.9310357142856
3103500,2022-03-01,2975.074225806452
3103500,2022-04-01,3275.0438333333336
3103500,2022-05-01,2987.1241612903227
3103500,2022-06-01,2963.4061
3103500,2022-07-01,2821.689935483871
3103500,2022-08-01,2420.036419354839
3103500,2022-09-01,2143.0624666666668
3103500,2022-10-01,2936.8420967741936
3103500,2022-11-01,3377.7487333333333
3103500,2022-12-01,2565.848419354839
3103500,2023-01-01,2696.7420967741937
3103500,2023-02-01,1788.480857142857
3103500,2023-03-01,2952.2907096774197
3103500,2023-04-01,2625.8207
3103500,2023-05-01,2153.7853870967742
3103500,2023-06-01,1916.0429666666664
3103500,2023-07-01,1567.1049354838708
3103500,2023-08-01,1480.7256129032255
3103500,2023-09-01,1423.6952
3103500,2023-10-01,1578.6045161290322
3103500,2023-11-01,2109.169533333333
3103500,2023-12-01,1402.3248387096774
3103500,2024-01-01,1213.555387096774
3103500,2024-02-01,1231.336103448276
3103500,2024-03-01,1036.913290322581
3103500,2024-04-01,1667.5659333333335
3103500,2024-05-01,2780.4631612903227
3103500,2024-06-01,2324.6484
3103500,2024-07-01,1939.1228387096771
3103500,2024-08-01,1250.8222258064516
3103500,2024-09-01,1080.6785
3103500,2024-10-01,1544.6412903225803
3103500,2024-11-01,2220.402066666667
3103500,2024-12-01,1804.234483870968
3103520,2015-01-01,44.41161290322581
3103520,2015-02-01,60.83571428571429
3103520,2015-03-01,84.97838709677418
3103520,2015-04-01,84.66933333333333
3103520,2015-05-01,28.406129032258065
3103520,2015-06-01,19.259666666666664
3103520,2015-07-01,29.87251612903226
3103520,2015-08-01,25.70116129032258
3103520,2015-09-01,16.043666666666667
3103520,2015-10-01,20.95967741935484
3103520,2015-11-01,34.614333333333335
3103520,2015-12-01,22.822903225806453
3103520,2016-01-01,13.064580645161293
3103520,2016-02-01,21.616724137931037
3103520,2016-03-01,111.25970967741937
3103520,2016-04-01,111.3264
3103520,2016-05-01,114.03009677419357
3103520,2016-06-01,29.47103333333333
3103520,2016-07-01,14.992387096774191
3103520,2016-08-01,10.824064516129033
3103520,2016-09-01,13.834433333333331
3103520,2016-10-01,66.49422580645161
3103520,2016-11-01,147.42000000000002
3103520,2016-12-01,120.12380645161292
3103520,2017-01-01,129.61377419354838
3103520,2017-02-01,46.63232142857142
3103520,2017-03-01,210.4056129032258
3103520,2017-04-01,166.6
3103520,2017-05-01,182.16429032258063
3103520,2017-06-01,41.7857
3103520,2017-07-01,14.17283870967742
3103520,2017-08-01,9.97316129032258
3103520,2017-09-01,9.453066666666668
3103520,2017-10-01,27.421709677419354
3103520,2017-11-01,109.61193333333334
3103520,2017-12-01,52.46151612903226
3103520,2018-01-01,111.9468387096774
3103520,2018-02-01,56.0815
3103520,2018-03-01,59.85077419354839
3103520,2018-04-01,144.46773333333334
3103520,2018-05-01,138.31403225806454
3103520,2018-06-01,18.247866666666667
3103520,2018-07-01,7.998870967741936
3103520,2018-08-01,5.325709677419355
3103520,2018-09-01,7.025
3103520,2018-10-01,134.92648387096773
3103520,2018-11-01,128.98193333333333
3103520,2018-12-01,23.112774193548383
3103520,2019-01-01,9.063709677419356
3103520,2019-02-01,55.85335714285714
3103520,2019-03-01,110.32674193548388
3103520,2019-04-01,161.59810000000002
3103520,2019-05-01,58.64777419354839
3103520,2019-06-01,44.58206666666667
3103520,2019-07-01,7.447483870967742
3103520,2019-08-01,3.937806451612903
3103520,2019-09-01,3.827566666666667
3103520,2019-10-01,16.65941935483871
3103520,2019-11-01,68.1023
3103520,2019-12-01,41.62138709677419
3103520,2020-01-01,8.532741935483871
3103520,2020-02-01,13.634413793103446
3103520,2020-03-01,25.241516129032256
3103520,2020-04-01,17.460866666666668
3103520,2020-05-01,6.105774193548387
3103520,2020-06-01,12.2165
3103520,2020-07-01,7.543548387096774
3103520,2020-08-01,13.00374193548387
3103520,2020-09-01,14.639266666666666
3103520,2020-10-01,31.754096774193545
3103520,2020-11-01,58.302933333333335
3103520,2020-12-01,34.36235483870968
3103520,2021-01-01,13.54951612903226
3103520,2021-02-01,19.642035714285715
3103520,2021-03-01,86.6443870967742
3103520,2021-04-01,61.41953333333333
3103520,2021-05-01,123.56390322580644
3103520,2021-06-01,59.26223333333333
3103520,2021-07-01,6.900838709677419
3103520,2021-08-01,8.997483870967743
3103520,2021-09-01,15.4156
3103520,2021-10-01,111.78
3103520,2021-11-01,143.5153
3103520,2021-12-01,54.43983870967742
3103520,2022-01-01,53.093
3103520,2022-02-01,63.092392857142855
3103520,2022-03-01,142.71106451612903
3103520,2022-04-01,140.8742
3103520,2022-05-01,29.01874193548387
3103520,2022-06-01,20.4157
3103520,2022-07-01,15.463064516129032
3103520,2022-08-01,18.849935483870965
3103520,2022-09-01,32.16703333333333
3103520,2022-10-01,77.35725806451612
3103520,2022-11-01,96.77783333333332
3103520,2022-12-01,29.06935483870968
3103520,2023-01-01,71.92477419354839
3103520,2023-02-01,46.5805
3103520,2023-03-01,118.04135483870968
3103520,2023-04-01,96.98193333333332
3103520,2023-05-01,86.07496774193548
3103520,2023-06-01,43.72816666666667
3103520,2023-07-01,19.175806451612903
3103520,2023-08-01,14.383870967741936
3103520,2023-09-01,13.688966666666666
3103520,2023-10-01,45.43612903225807
3103520,2023-11-01,82.43666666666667
3103520,2023-12-01,35.807
3103520,2024-01-01,25.993258064516127
3103520,2024-02-01,33.00972413793104
3103520,2024-03-01,28.61990322580645
3103520,2024-04-01,66.31606666666667
3103520,2024-05-01,112.50364516129032
3103520,2024-06-01,41.1571
3103530,2015-01-01,41.12129032258064
3103530,2015-02-01,42.269642857142856
3103530,2015-03-01,66.72225806451613
3103530,2015-04-01,100.749
3103530,2015-05-01,42.27322580645161
3103530,2015-06-01,28.305
3103530,2015-07-01,24.983870967741936
3103530,2015-08-01,21.855806451612903
3103530,2015-09-01,22.49853333333333
3103530,2015-10-01,31.675806451612903
3103530,2015-11-01,53.909
3103530,2015-12-01,41.45225806451613
3103530,2016-01-01,39.63193548387097
3103530,2016-02-01,28.05493103448276
3103530,2016-03-01,33.709709677419355
3103530,2016-04-01,44.95436666666667
3103530,2016-05-01,50.98267741935484
3103530,2016-06-01,38.8777
3103530,2016-07-01,28.00125806451613
3103530,2016-08-01,21.69922580645161
3103530,2016-09-01,22.44093333333333
3103530,2016-10-01,79.75209677419355
3103530,2016-11-01,118.33513333333332
3103530,2016-12-01,115.042
3103530,2017-01-01,87.33045161290323
3103530,2017-02-01,39.77907142857144
3103530,2017-03-01,121.32796774193548
3103530,2017-04-01,124.1813
3103530,2017-05-01,148.81612903225806
3103530,2017-06-01,74.17516666666667
3103530,2017-07-01,35.193
3103530,2017-08-01,29.71435483870968
3103530,2017-09-01,31.994933333333336
3103530,2017-10-01,47.84609677419355
3103530,2017-11-01,148.16066666666666
3103530,2017-12-01,64.2681935483871
3103530,2018-01-01,82.38232258064515
3103530,2018-02-01,67.53889285714286
3103530,2018-03-01,78.0371935483871
3103530,2018-04-01,189.2813333333333
3103530,2018-05-01,182.67964516129032
3103530,2018-06-01,51.47916666666666
3103530,2018-07-01,36.64806451612903
3103530,2018-08-01,28.115548387096773
3103530,2018-09-01,29.28503333333333
3103530,2018-10-01,153.23941935483873
3103530,2018-11-01,132.27256666666668
3103530,2018-12-01,44.60112903225807
3103530,2019-01-01,30.83483870967742
3103530,2019-02-01,84.58442857142857
3103530,2019-03-01,108.55519354838712
3103530,2019-04-01,208.24723333333336
3103530,2019-05-01,95.74306451612902
3103530,2019-06-01,57.94793333333334
3103530,2019-07-01,17.04809677419355
3103530,2019-08-01,19.36125806451613
3103530,2019-09-01,14.799233333333332
3103530,2019-10-01,67.86829032258065
3103530,2019-11-01,170.6877333333333
3103530,2019-12-01,23.57467741935484
3103530,2020-01-01,20.357354838709675
3103530,2020-02-01,33.003
3103530,2020-03-01,62.31945161290323
3103530,2020-04-01,66.92963333333333
3103530,2020-05-01,38.42183870967742
3103530,2020-06-01,39.26743333333333
3103530,2020-07-01,43.098451612903226
3103530,2020-08-01,26.336483870967744
3103530,2020-09-01,58.7034
3103530,2020-10-01,72.14393548387096
3103530,2020-11-01,118.7125
3103530,2020-12-01,102.19864516129032
3103530,2021-01-01,60.76316129032258
3103530,2021-02-01,58.853
3103530,2021-03-01,83.94561290322581
3103530,2021-04-01,91.9412
3103530,2021-05-01,141.99374193548385
3103530,2021-06-01,156.64646666666667
3103530,2021-07-01,64.71077419354839
3103530,2021-08-01,51.82590322580646
3103530,2021-09-01,53.4969
3103530,2021-10-01,113.78696774193548
3103530,2021-11-01,185.99906666666664
3103530,2021-12-01,67.56116129032259
3103560,2015-01-01,6.476354838709677
3103560,2015-02-01,8.676285714285715
3103560,2015-03-01,8.74151612903226
3103560,2015-04-01,58.64586666666666
3103560,2015-05-01,14.66522580645161
3103560,2015-06-01,15.433133333333332
3103560,2015-07-01,11.73341935483871
3103560,2015-08-01,10.72674193548387
3103560,2015-09-01,20.4979
3103560,2015-10-01,15.57916129032258
3103560,2015-11-01,28.681566666666665
3103560,2015-12-01,7.6613225806451615
3103560,2016-01-01,2.717806451612903
3103560,2016-02-01,2.7601379310344827
3103560,2016-03-01,5.1245806451612905
3103560,2016-04-01,29.889133333333334
3103560,2016-05-01,37.91067741935484
3103560,2016-06-01,22.528366666666667
3103560,2016-07-01,16.37058064516129
3103560,2016-08-01,8.906161290322581
3103560,2016-09-01,24.3183
3103560,2016-10-01,28.713612903225805
3103560,2016-11-01,41.134933333333336
3103560,2016-12-01,51.854032258064514
3103560,2017-01-01,31.06706451612903
3103560,2017-02-01,10.853142857142856
3103560,2017-03-01,33.99829032258065
3103560,2017-04-01,44.0356
3103560,2017-05-01,73.003
3103560,2017-06-01,37.09856666666667
3103560,2017-07-01,20.20690322580645
3103560,2017-08-01,15.177612903225809
3103560,2017-09-01,28.13063333333333
3103560,2017-10-01,52.68616129032258
3103560,2017-11-01,56.1377
3103560,2017-12-01,32.17677419354839
3103560,2018-01-01,18.04567741935484
3103560,2018-02-01,8.272142857142857
3103560,2018-03-01,18.29629032258064
3103560,2018-04-01,65.91636666666666
3103560,2018-05-01,101.82
3103560,2018-06-01,29.0195
3103560,2018-07-01,25.883935483870967
3103560,2018-08-01,15.967774193548388
3103560,2018-09-01,14.7247
3103560,2018-10-01,43.12406451612903
3103560,2018-11-01,64.1617
3103560,2018-12-01,14.110903225806451
3103560,2019-01-01,5.95258064516129
3103560,2019-02-01,8.272464285714285
3103560,2019-03-01,26.508387096774197
3103560,2019-04-01,60.042433333333335
3103560,2019-05-01,58.05841935483871
3103560,2019-06-01,33.74956666666667
3103560,2019-07-01,12.188935483870967
3103560,2019-08-01,5.157645161290323
3103560,2019-09-01,5.583833333333333
3103560,2019-10-01,28.289387096774195
3103560,2019-11-01,41.75846666666666
3103560,2019-12-01,15.880483870967742
3103560,2020-01-01,5.779193548387097
3103560,2020-02-01,2.9821034482758617
3103560,2020-03-01,3.819838709677419
3103560,2020-04-01,22.6064
3103560,2020-05-01,28.832
3103560,2020-06-01,38.3826
3103560,2020-07-01,37.33051612903226
3103560,2020-08-01,28.117129032258063
3103560,2020-09-01,36.48043333333333
3103560,2020-10-01,16.71990322580645
3103560,2020-11-01,52.1907
3103560,2020-12-01,36.812225806451615
3103560,2021-01-01,15.72983870967742
3103560,2021-02-01,9.292
3103560,2021-03-01,27.85035483870968
3103560,2021-04-01,54.7802
3103560,2021-05-01,79.33083870967741
3103560,2021-06-01,67.80546666666666
3103560,2021-07-01,23.64664516129032
3103560,2021-08-01,22.352096774193548
3103560,2021-09-01,36.71896666666667
3103560,2021-10-01,47.247516129032256
3103560,2021-11-01,49.1068
3103560,2021-12-01,18.288612903225808
3103560,2022-01-01,4.222161290322581
3103560,2022-02-01,5.564
3103560,2022-03-01,44.559612903225805
3103560,2022-04-01,57.6709
3103560,2022-05-01,67.21035483870968
3103560,2022-06-01,80.59683333333334
3103560,2022-07-01,42.21045161290322
3103560,2022-08-01,38.36677419354838
3103560,2022-09-01,43.85133333333333
3103560,2022-10-01,102.51335483870967
3103560,2022-11-01,110.58483333333334
3103560,2022-12-01,40.60322580645161
3103560,2023-01-01,33.71796774193549
3103560,2023-02-01,18.476321428571428
3103560,2023-03-01,45.28251612903226
3103560,2023-04-01,40.82376666666666
3103560,2023-05-01,41.95283870967742
3103560,2023-06-01,17.88696666666667
3103560,2023-07-01,11.671774193548387
3103560,2023-08-01,17.966290322580647
3103560,2023-09-01,11.179433333333332
3103560,2023-10-01,32.17012903225807
3103560,2023-11-01,38.6101
3103560,2023-12-01,7.1086451612903225
3103560,2024-01-01,2.9290967741935487
3103560,2024-02-01,1.9291724137931037
3103560,2024-03-01,1.8400967741935483
3103560,2024-04-01,25.525033333333333
3103560,2024-05-01,51.42367741935484
3103560,2024-06-01,61.88223333333334
3103560,2024-07-01,26.243
3103560,2024-08-01,6.989258064516129
3105800,2015-01-01,20.12
3105800,2015-02-01,15.529642857142855
3105800,2015-03-01,11.955483870967742
3105800,2015-04-01,11.111666666666668
3105800,2015-05-01,12.21241935483871
3105800,2015-06-01,12.402333333333331
3105800,2015-07-01,14.073612903225806
3105800,2015-08-01,21.895806451612906
3105800,2015-09-01,25.34233333333333
3105800,2015-10-01,37.966193548387096
3105800,2015-11-01,29.018666666666668
3105800,2015-12-01,17.934516129032257
3105800,2016-01-01,10.476129032258063
3105800,2016-02-01,9.52155172413793
3105800,2016-03-01,8.670806451612904
3105800,2016-04-01,10.513
3105800,2016-05-01,21.318645161290323
3105800,2016-06-01,18.8348
3105800,2016-07-01,20.79183870967742
3105800,2016-08-01,29.606709677419357
3105800,2016-09-01,38.87673333333333
3105800,2016-10-01,40.09196774193549
3105800,2016-11-01,39.8967
3105800,2016-12-01,31.897645161290324
3105800,2017-01-01,16.971129032258066
3105800,2017-02-01,11.834285714285716
3105800,2017-03-01,17.15351612903226
3105800,2017-04-01,15.944766666666668
3105800,2017-05-01,55.54290322580645
3105800,2017-06-01,39.23486666666667
3105800,2017-07-01,47.6903870967742
3105800,2017-08-01,62.505967741935486
3105800,2017-09-01,53.54253333333334
3105800,2017-10-01,62.72016129032258
3105800,2017-11-01,63.48256666666667
3105800,2017-12-01,33.00374193548387
3105800,2018-01-01,31.212967741935483
3105800,2018-02-01,15.629285714285714
3105800,2018-03-01,12.300645161290324
3105800,2018-04-01,15.098566666666668
3105800,2018-05-01,28.21190322580645
3105800,2018-06-01,18.985866666666663
3105800,2018-07-01,21.479419354838708
3105800,2018-08-01,29.815645161290323
3105800,2018-09-01,54.4644
3105800,2018-10-01,76.0376129032258
3105800,2018-11-01,78.53516666666665
3105800,2018-12-01,42.18787096774194
3105800,2019-01-01,21.5253870967742
3105800,2019-02-01,15.871035714285714
3105800,2019-03-01,16.20225806451613
3105800,2019-04-01,16.096966666666667
3105800,2019-05-01,32.548096774193546
3105800,2019-06-01,24.834233333333334
3105800,2019-07-01,16.479580645161292
3105800,2019-08-01,24.65067741935484
3105800,2019-09-01,25.60053333333333
3105800,2019-10-01,40.16335483870968
3105800,2019-11-01,34.112833333333334
3105800,2019-12-01,18.029419354838712
3105800,2020-01-01,12.311612903225804
3105800,2020-02-01,9.009793103448276
3105800,2020-03-01,8.315774193548387
3105800,2020-04-01,7.1293
3105800,2020-05-01,9.242387096774191
3105800,2020-06-01,18.7202
3105800,2020-07-01,21.209225806451613
3105800,2020-08-01,37.51609677419355
3105800,2020-09-01,44.05693333333333
3105800,2020-10-01,51.6441935483871
3105800,2020-11-01,75.68523333333333
3105800,2020-12-01,61.5441935483871
3105800,2021-01-01,25.490516129032255
3105800,2021-02-01,16.344107142857144
3105800,2021-03-01,15.883709677419354
3105800,2021-04-01,17.126066666666667
3105800,2021-05-01,32.25945161290323
3105800,2021-06-01,46.1009
3105800,2021-07-01,51.76603225806452
3105800,2021-08-01,91.68951612903226
3105800,2021-09-01,82.66833333333334
3105800,2021-10-01,106.90890322580644
3105800,2021-11-01,69.409
3105800,2021-12-01,53.920967741935485
3105800,2022-01-01,23.64458064516129
3105800,2022-02-01,20.28357142857143
3105800,2022-03-01,28.479548387096774
3105800,2022-04-01,35.145133333333334
3105800,2022-05-01,51.54706451612903
3105800,2022-06-01,97.1001
3105800,2022-07-01,87.82187096774194
3105800,2022-08-01,98.75090322580644
3105800,2022-09-01,92.36223333333334
3105800,2022-10-01,101.28438709677418
3105800,2022-11-01,92.25026666666666
3105800,2022-12-01,47.50877419354838
3105800,2023-01-01,26.51132258064516
3105800,2023-02-01,21.972857142857144
3105800,2023-03-01,17.585
3105800,2023-04-01,19.10826666666667
3105800,2023-05-01,28.979000000000003
3105800,2023-06-01,40.75723333333334
3105800,2023-07-01,41.11967741935484
3105800,2023-08-01,49.63377419354838
3105800,2023-09-01,47.4357
3105800,2023-10-01,64.09032258064516
3105800,2023-11-01,64.7688
3105800,2023-12-01,44.0056129032258
3105800,2024-01-01,13.956612903225803
3105800,2024-02-01,12.264310344827589
3105850,2015-01-01,4.55841935483871
3105850,2015-02-01,4.029071428571429
3105850,2015-03-01,3.454645161290322
3105850,2015-04-01,4.289866666666667
3105850,2015-05-01,7.1732258064516135
3105850,2015-06-01,11.575333333333331
3105850,2015-07-01,7.433806451612903
3105850,2015-08-01,5.655451612903225
3105850,2015-09-01,9.1688
3105850,2015-10-01,11.85983870967742
3105850,2015-11-01,13.321833333333332
3105850,2015-12-01,12.58548387096774
3105850,2016-01-01,5.430225806451612
3105850,2016-02-01,6.257379310344827
3105850,2016-03-01,6.03
3105850,2016-04-01,5.093633333333333
3105850,2016-05-01,4.958935483870968
3105850,2016-06-01,4.705333333333333
3105850,2016-07-01,5.767258064516129
3105850,2016-08-01,7.316387096774194
3105850,2016-09-01,6.791799999999999
3105850,2016-10-01,12.918387096774197
3105850,2016-11-01,13.757333333333332
3105850,2016-12-01,9.922645161290324
3105850,2017-01-01,7.485838709677419
3105850,2017-02-01,3.465285714285714
3105850,2017-03-01,2.9956451612903225
3105850,2017-04-01,5.6085
3105850,2017-05-01,8.18341935483871
3105850,2017-06-01,11.605833333333331
3105850,2017-07-01,5.052935483870967
3105850,2017-08-01,6.014483870967742
3105850,2017-09-01,10.139
3105850,2017-10-01,13.484677419354838
3105850,2017-11-01,10.206833333333332
3105850,2017-12-01,6.889290322580646
3105850,2018-01-01,4.870161290322581
3105850,2018-02-01,4.840892857142856
3105850,2018-03-01,3.668903225806452
3105850,2018-04-01,5.611366666666667
3105850,2018-05-01,8.21483870967742
3105850,2018-06-01,10.135333333333334
3105850,2018-07-01,5.175258064516129
3105850,2018-08-01,5.472967741935484
3105850,2018-09-01,8.772166666666667
3105850,2018-10-01,11.940290322580646
3105850,2018-11-01,14.656166666666667
3105850,2018-12-01,8.93467741935484
3105850,2019-01-01,5.125451612903226
3105850,2019-02-01,3.419642857142857
3105850,2019-03-01,3.2154838709677422
3105850,2019-04-01,7.176466666666666
3105850,2019-05-01,10.775548387096777
3105850,2019-06-01,10.5686
3105850,2019-07-01,6.580870967741936
3105850,2019-08-01,4.985709677419354
3105850,2019-09-01,7.729
3105850,2019-10-01,3.950032258064516
3105850,2019-11-01,4.422
3105850,2019-12-01,3.970612903225807
3105850,2020-01-01,4.035096774193549
3105850,2020-02-01,4.511517241379311
3106500,2015-01-01,6.78183870967742
3106500,2015-02-01,7.295357142857143
3106500,2015-03-01,7.182096774193549
3106500,2015-04-01,13.9964
3106500,2015-05-01,23.804193548387094
3106500,2015-06-01,31.7072
3106500,2015-07-01,27.666774193548385
3106500,2015-08-01,32.61970967741936
3106500,2015-09-01,25.131666666666668
3106500,2015-10-01,28.07590322580645
3106500,2015-11-01,18.1792
3106500,2015-12-01,12.382483870967745
3106500,2016-01-01,6.592516129032258
3106500,2016-02-01,6.384965517241379
3106500,2016-03-01,5.521677419354838
3106500,2016-04-01,12.863533333333333
3106500,2016-05-01,22.903709677419357
3106500,2016-06-01,25.714666666666663
3106500,2016-07-01,35.34083870967742
3106500,2016-08-01,26.172032258064515
3106500,2016-09-01,24.2593
3106500,2016-10-01,24.17032258064516
3106500,2016-11-01,17.627266666666667
3106500,2016-12-01,10.258258064516127
3106500,2017-01-01,7.50058064516129
3106500,2017-02-01,5.364821428571429
3106500,2017-03-01,7.4998387096774195
3106500,2017-04-01,17.148866666666667
3106500,2017-05-01,16.637548387096775
3106500,2017-06-01,31.835166666666662
3106500,2017-07-01,28.03532258064516
3106500,2017-08-01,29.542645161290324
3106500,2017-09-01,30.434833333333334
3106500,2017-10-01,23.56293548387097
3106500,2017-11-01,21.666866666666667
3106500,2017-12-01,14.681
3106500,2018-01-01,8.839258064516128
3106500,2018-02-01,6.081035714285714
3106500,2018-03-01,9.712612903225809
3106500,2018-04-01,21.543966666666662
3106500,2018-05-01,21.270967741935483
3106500,2018-06-01,45.05286666666667
3106500,2018-07-01,45.580612903225806
3106500,2018-08-01,43.45270967741936
3106500,2018-09-01,39.68436666666666
3106500,2018-10-01,51.72067741935484
3106500,2018-11-01,30.184
3106500,2018-12-01,16.349645161290322
3106500,2019-01-01,13.330967741935485
3106500,2019-02-01,11.393321428571427
3106500,2019-03-01,13.86467741935484
3106500,2019-04-01,20.270766666666667
3106500,2019-05-01,29.059838709677415
3106500,2019-06-01,51.78053333333333
3106500,2019-07-01,50.95612903225807
3106500,2019-08-01,45.74741935483871
3106500,2019-09-01,39.98663333333333
3106500,2019-10-01,34.038387096774194
3106500,2019-11-01,21.2952
3106500,2019-12-01,18.251193548387096
3107010,2015-01-01,204.40645161290325
3107010,2015-02-01,337.0642857142857
3107010,2015-03-01,165.35225806451612
3107010,2015-04-01,772.4366666666666
3107010,2015-05-01,891.6903225806452
3107010,2015-06-01,1830.4333333333332
3107010,2015-07-01,1400.6870967741936
3107010,2015-08-01,1290.125806451613
3107010,2015-09-01,1055.9666666666667
3107010,2015-10-01,743.0806451612904
3107010,2015-11-01,775.0966666666667
3107010,2015-12-01,509.2516129032258
3107010,2016-01-01,151.2802258064516
3107010,2016-02-01,98.49793103448276
3107010,2016-03-01,140.7191935483871
3107010,2016-04-01,1266.8952333333332
3107010,2016-05-01,1599.839
3107010,2016-06-01,1366.1441333333337
3107010,2016-07-01,1442.0681935483872
3107010,2016-08-01,1457.0168064516129
3107010,2016-09-01,1337.3594
3107010,2016-10-01,1168.2526129032258
3107010,2016-11-01,993.1474666666668
3107010,2016-12-01,670.401193548387
3107010,2017-01-01,330.76848387096777
3107010,2017-02-01,183.86867857142855
3107010,2017-03-01,486.6966451612903
3107010,2017-04-01,795.4435666666667
3107010,2017-05-01,1634.4038709677418
3107010,2017-06-01,1570.6132333333333
3107010,2017-07-01,1271.4894838709677
3107010,2017-08-01,862.1347419354838
3107010,2017-09-01,758.8726666666666
3107010,2017-10-01,1115.1556774193548
3107010,2017-11-01,973.6663
3107010,2017-12-01,338.1324516129032
3107010,2018-01-01,245.5517741935484
3107010,2018-02-01,129.28160714285713
3107010,2018-03-01,227.6444193548387
3107010,2018-04-01,979.9101666666668
3107010,2018-05-01,1864.4999677419355
3107010,2018-06-01,1945.5035333333333
3107010,2018-07-01,1769.1135806451614
3107010,2018-08-01,1657.8894838709678
3107010,2018-09-01,1083.8715666666667
3107010,2018-10-01,1280.6818709677418
3107010,2018-11-01,771.3726666666666
3107010,2018-12-01,300.7258064516129
3107010,2019-01-01,158.21361290322582
3107010,2019-02-01,121.38089285714284
3107010,2019-03-01,209.9883870967742
3107010,2019-04-01,723.2857
3107010,2019-05-01,1465.212935483871
3107010,2019-06-01,1867.3734
3107010,2019-07-01,1760.2255161290325
3107010,2019-08-01,1489.5112258064516
3107010,2019-09-01,934.9716
3107010,2019-10-01,887.0725483870967
3107010,2019-11-01,885.3366333333335
3107010,2019-12-01,471.898064516129
3107010,2020-01-01,272.110935483871
3107010,2020-02-01,153.31106896551722
3107010,2020-03-01,215.77232258064515
3107010,2020-04-01,570.9586
3107010,2020-05-01,1581.922258064516
3107010,2020-06-01,1752.2835
3107010,2020-07-01,1668.8405483870968
3107010,2020-08-01,1087.3897096774192
3107010,2020-09-01,865.2290666666667
3107010,2020-10-01,934.722193548387
3107010,2020-11-01,1043.3044666666667
3107010,2020-12-01,621.9926774193549
3107010,2021-01-01,472.6487741935484
3107010,2021-02-01,245.6017857142857
3107010,2021-03-01,405.2052903225807
3107010,2021-04-01,1309.587
3107010,2021-05-01,2008.667612903226
3107010,2021-06-01,1804.8559333333333
3107010,2021-07-01,1795.7097741935484
3107010,2021-08-01,1563.4823225806451
3107010,2021-09-01,1177.1488333333332
3107010,2021-10-01,959.8145806451612
3107010,2021-11-01,824.9365666666667
3107010,2021-12-01,352.775
3107010,2022-01-01,206.0371935483871
3107010,2022-02-01,232.2236071428572
3107010,2022-03-01,404.08838709677417
3107010,2022-04-01,970.5963
3107010,2022-05-01,2119.7123548387094
3107010,2022-06-01,1636.1519999999998
3107010,2022-07-01,1632.6420967741935
3107010,2022-08-01,1470.236741935484
3107010,2022-09-01,1172.1317
3107010,2022-10-01,1094.2496774193548
3107010,2022-11-01,1126.5168333333334
3107010,2022-12-01,497.9632580645161
3107010,2023-01-01,574.5561612903225
3107010,2023-02-01,194.4130714285714
3107010,2023-03-01,506.6111935483871
3107010,2023-04-01,857.5359000000001
3107010,2023-05-01,1293.0592903225809
3107010,2023-06-01,1590.2781666666667
3107010,2023-07-01,1581.128258064516
3107010,2023-08-01,1300.958741935484
3107010,2023-09-01,857.6895000000001
3107010,2023-10-01,713.7916129032259
3107010,2023-11-01,830.1646333333333
3107010,2023-12-01,590.0613870967742
3107010,2024-01-01,355.56087096774195
3107010,2024-02-01,291.6244482758621
3107010,2024-03-01,249.34751612903227
3107010,2024-04-01,570.6330666666667
3107010,2024-05-01,1865.8021612903224
3107010,2024-06-01,1687.7709333333332
3107010,2024-07-01,1283.0592903225809
3107010,2024-08-01,959.1694516129032
3107010,2024-09-01,562.2590666666667
3107010,2024-10-01,656.6432580645161
3107010,2024-11-01,999.3324333333333
3107010,2024-12-01,529.2047096774194
3107015,2015-01-01,934.332258064516
3107015,2015-02-01,1070.4607142857144
3107015,2015-03-01,807.5354838709677
3107015,2015-04-01,1983.27
3107015,2015-05-01,2852.1612903225805
3107015,2015-06-01,6318.533333333334
3107015,2015-07-01,7817.516129032258
3107015,2015-08-01,7788.354838709677
3107015,2015-09-01,5459.6
3107015,2015-10-01,3251.903225806452
3107015,2015-11-01,3275.7
3107015,2015-12-01,2308.4193548387098
3107015,2016-01-01,804.6003870967742
3107015,2016-02-01,535.4470689655172
3107015,2016-03-01,617.2999677419355
3107015,2016-04-01,3011.484766666667
3107015,2016-05-01,6161.731967741936
3107015,2016-06-01,7279.011233333334
3107015,2016-07-01,8417.36041935484
3107015,2016-08-01,6584.260225806452
3107015,2016-09-01,5392.279533333333
3107015,2016-10-01,5318.645870967742
3107015,2016-11-01,4024.8175
3107015,2016-12-01,3411.732258064516
3107015,2017-01-01,1352.069193548387
3107015,2017-02-01,868.65625
3107015,2017-03-01,985.3903225806451
3107015,2017-04-01,1690.8217
3107015,2017-05-01,5333.595193548387
3107015,2017-06-01,6944.593766666667
3107015,2017-07-01,7040.258032258065
3107015,2017-08-01,4257.06370967742
3107015,2017-09-01,3588.6118
3107015,2017-10-01,4360.787064516129
3107015,2017-11-01,3168.6784666666663
3107015,2017-12-01,1324.165870967742
3107015,2018-01-01,1012.7870967741936
3107015,2018-02-01,911.8473214285714
3107015,2018-03-01,925.1782258064516
3107015,2018-04-01,1998.1224333333332
3107015,2018-05-01,6144.348129032258
3107015,2018-06-01,9242.667066666669
3107015,2018-07-01,9233.649483870968
3107015,2018-08-01,8843.920580645161
3107015,2018-09-01,6420.5884
3107015,2018-10-01,5048.761161290322
3107015,2018-11-01,3099.254233333333
3107015,2018-12-01,979.8846774193548
3107015,2019-01-01,604.9565806451612
3107015,2019-02-01,530.3478571428572
3107015,2019-03-01,550.2991290322581
3107015,2019-04-01,1290.2649333333334
3107015,2019-05-01,4217.661419354839
3107015,2019-06-01,7272.193933333333
3107015,2019-07-01,7981.225193548387
3107015,2019-08-01,7187.476741935484
3107015,2019-09-01,4209.004233333333
3107015,2019-10-01,3897.135225806452
3107015,2019-11-01,3143.9754666666663
3107015,2019-12-01,1188.1516129032257
3107015,2020-01-01,676.1997096774193
3107015,2020-02-01,398.2232413793104
3107015,2020-03-01,402.125870967742
3107015,2020-04-01,949.6603666666668
3107015,2020-05-01,3129.094612903226
3107015,2020-06-01,5956.359933333334
3107015,2020-07-01,6971.3170967741935
3107015,2020-08-01,4610.96735483871
3107015,2020-09-01,4056.121733333333
3107015,2020-10-01,4370.0830645161295
3107015,2020-11-01,4017.4566666666665
3107015,2020-12-01,1969.8120967741936
3107015,2021-01-01,1042.707258064516
3107015,2021-02-01,587.4313214285714
3107015,2021-03-01,622.3064516129032
3107015,2021-04-01,2792.5741666666668
3107015,2021-05-01,7005.704612903226
3107015,2021-06-01,7823.461266666666
3107015,2021-07-01,7871.510483870968
3107015,2021-08-01,7606.623548387097
3107015,2021-09-01,5817.410266666667
3107015,2021-10-01,4261.047451612903
3107015,2021-11-01,2850.8226333333337
3107015,2021-12-01,946.6794516129032
3107015,2022-01-01,455.5937419354838
3107015,2022-02-01,396.75367857142857
3107015,2022-03-01,971.1979354838708
3107015,2022-04-01,1876.4156666666668
3107015,2022-05-01,4660.958774193548
3107015,2022-06-01,5997.0624
3107015,2022-07-01,6815.677677419355
3107015,2022-08-01,5848.660645161291
3107015,2022-09-01,3860.790166666666
3107015,2022-10-01,4043.573225806452
3107015,2022-11-01,3861.8019666666655
3107015,2022-12-01,1603.834612903226
3107015,2023-01-01,1469.660064516129
3107015,2023-02-01,1227.7943928571428
3107015,2023-03-01,1237.8444516129032
3107015,2023-04-01,1080.7438
3107015,2023-05-01,2891.121580645161
3107015,2023-06-01,5772.139733333333
3107015,2023-07-01,5753.085161290323
3107015,2023-08-01,5572.224290322581
3107015,2023-09-01,2440.857833333333
3107015,2023-10-01,1708.278741935484
3107015,2023-11-01,2206.177066666666
3107015,2023-12-01,1404.198
3107015,2024-01-01,1508.5832903225808
3107015,2024-02-01,805.3801379310345
3107015,2024-03-01,591.2910322580645
3107015,2024-04-01,869.7365666666666
3107015,2024-05-01,3402.224032258064
3107015,2024-06-01,5927.7332
3107015,2024-07-01,5133.06664516129
3107015,2024-08-01,3223.082741935484
3107015,2024-09-01,1963.4582333333333
3107015,2024-10-01,1959.4234193548384
3107015,2024-11-01,2188.122933333333
3107015,2024-12-01,2141.6890322580643
3107250,2015-01-01,56.54606451612904
3107250,2015-02-01,49.80217857142857
3107250,2015-03-01,53.45087096774193
3107250,2015-04-01,125.80133333333332
3107250,2015-05-01,159.44548387096776
3107250,2015-06-01,241.5485666666667
3107250,2015-07-01,246.9363548387097
3107250,2015-08-01,233.08735483870967
3107250,2015-09-01,162.5786
3107250,2015-10-01,155.9068064516129
3107250,2015-11-01,138.09
3107250,2015-12-01,61.13451612903226
3107250,2016-01-01,69.02164516129032
3107250,2016-02-01,71.37544827586207
3107250,2016-03-01,64.76064516129033
3107250,2016-04-01,117.3631
3107250,2016-05-01,170.87887096774193
3107250,2016-06-01,238.6024
3107250,2016-07-01,251.2967741935484
3107250,2016-08-01,282.4773548387097
3107250,2016-09-01,196.02123333333333
3107250,2016-10-01,161.7596451612903
3107250,2016-11-01,135.27873333333335
3107250,2016-12-01,82.87867741935484
3107250,2017-01-01,64.85764516129032
3107250,2017-02-01,75.41071428571429
3107250,2017-03-01,77.76516129032258
3107250,2017-04-01,86.36093333333334
3107250,2017-05-01,158.01041935483872
3107250,2017-06-01,226.0479
3107250,2017-07-01,266.1877741935484
3107250,2017-08-01,268.4838387096774
3107250,2017-09-01,166.4863333333333
3107250,2017-10-01,142.9498387096774
3107250,2017-11-01,106.76913333333331
3107250,2017-12-01,80.45490322580645
3107250,2018-01-01,100.31493548387095
3107250,2018-02-01,92.60128571428572
3107250,2018-03-01,94.90909677419356
3107250,2018-04-01,172.91396666666665
3107250,2018-05-01,231.33774193548388
3107250,2018-06-01,268.2126
3107250,2018-07-01,255.62170967741932
3107250,2018-08-01,240.5350322580645
3107250,2018-09-01,149.5948
3107250,2018-10-01,174.4635806451613
3107250,2018-11-01,121.73056666666666
3107250,2018-12-01,79.8836129032258
3107250,2019-01-01,65.26654838709678
3107250,2019-02-01,80.05646428571428
3107250,2019-03-01,48.91967741935484
3107250,2019-04-01,97.57383333333334
3107250,2019-05-01,174.8141935483871
3107250,2019-06-01,199.79446666666664
3107250,2019-07-01,181.7336774193548
3107250,2019-08-01,210.6993225806452
3107250,2019-09-01,153.55853333333334
3107250,2019-10-01,148.96967741935484
3107250,2019-11-01,112.09463333333332
3107250,2019-12-01,101.0
3107250,2020-01-01,59.30012903225807
3107250,2020-02-01,50.89827586206896
3107250,2020-03-01,56.731258064516126
3107250,2020-04-01,81.39973333333334
3107250,2020-05-01,129.46493548387096
3107250,2020-06-01,167.51573333333332
3107250,2020-07-01,178.67725806451614
3107250,2020-08-01,128.90945161290324
3107250,2020-09-01,141.03119999999998
3107250,2020-10-01,163.35229032258064
3107250,2020-11-01,156.87086666666667
3107250,2020-12-01,112.88206451612903
3107250,2021-01-01,62.09593548387097
3107250,2021-02-01,91.89464285714288
3107250,2021-03-01,116.73103225806452
3107250,2021-04-01,140.7394
3107250,2021-05-01,180.54248387096771
3107250,2021-06-01,198.7576
3107250,2021-07-01,202.18213636363637
3107350,2015-01-01,1.888935483870968
3107350,2015-02-01,1.7285714285714284
3107350,2015-03-01,1.1946451612903226
3107350,2015-04-01,6.426233333333333
3107350,2015-05-01,8.871548387096773
3107350,2015-06-01,30.787233333333333
3107350,2015-07-01,26.857741935483872
3107350,2015-08-01,18.06935483870968
3107350,2015-09-01,11.339866666666667
3107350,2015-10-01,6.479096774193549
3107350,2015-11-01,7.308899999999999
3107350,2015-12-01,8.39774193548387
3107350,2016-01-01,1.665774193548387
3107350,2016-02-01,1.1753103448275863
3107350,2016-03-01,1.8917741935483872
3107350,2016-04-01,5.029633333333334
3107350,2016-05-01,8.734032258064516
3107350,2016-06-01,12.615133333333334
3107350,2016-07-01,18.055
3107350,2016-08-01,15.097903225806451
3107350,2016-09-01,9.200833333333332
3107350,2016-10-01,8.870129032258065
3107350,2016-11-01,6.041066666666667
3107350,2016-12-01,3.2882258064516128
3107350,2017-01-01,5.38083870967742
3107350,2017-02-01,1.6861428571428572
3107350,2017-03-01,2.883967741935484
3107350,2017-04-01,4.963166666666667
3107350,2017-05-01,9.925064516129034
3107350,2017-06-01,12.070166666666667
3107350,2017-07-01,16.450322580645164
3107350,2017-08-01,10.694387096774197
3107350,2017-09-01,12.620166666666668
3107350,2017-10-01,7.915032258064516
3107350,2017-11-01,8.1787
3107350,2017-12-01,2.438032258064516
3107350,2018-01-01,1.4226774193548388
3107350,2018-02-01,1.2565714285714285
3107350,2018-03-01,1.525806451612903
3107350,2018-04-01,8.071633333333333
3107350,2018-05-01,9.15241935483871
3107350,2018-06-01,21.502166666666668
3107350,2018-07-01,20.11083870967742
3107350,2018-08-01,18.21193548387097
3107350,2018-09-01,6.8559
3107350,2018-10-01,6.801322580645161
3107350,2018-11-01,3.5123
3107350,2018-12-01,1.2918064516129033
3107350,2019-01-01,1.1348709677419353
3107350,2019-02-01,0.8403571428571429
3107350,2019-03-01,1.2197741935483872
3107350,2019-04-01,2.4443
3107350,2019-05-01,7.772709677419355
3107350,2019-06-01,18.292666666666666
3107350,2019-07-01,16.76893548387097
3107350,2019-08-01,19.229645161290325
3107350,2019-09-01,7.210666666666667
3107350,2019-10-01,6.997290322580645
3107350,2019-11-01,3.7056
3107350,2019-12-01,1.758645161290323
3107350,2020-01-01,1.1665806451612903
3107350,2020-02-01,0.9406206896551724
3107350,2020-03-01,0.8508387096774194
3107350,2020-04-01,1.9382666666666664
3107350,2020-05-01,4.963935483870968
3107350,2020-06-01,10.782533333333332
3107350,2020-07-01,12.872709677419357
3107350,2020-08-01,13.886870967741936
3107350,2020-09-01,6.736933333333334
3107350,2020-10-01,5.140516129032258
3107350,2020-11-01,11.009766666666668
3107350,2020-12-01,3.027483870967742
3107350,2021-01-01,1.2904193548387095
3107350,2021-02-01,1.1313214285714286
3107350,2021-03-01,1.3260967741935483
3107350,2021-04-01,9.131066666666667
3107350,2021-05-01,11.616967741935484
3107350,2021-06-01,9.128633333333331
3107350,2021-07-01,10.758903225806453
3107350,2021-08-01,12.055870967741935
3107350,2021-09-01,8.9272
3107350,2021-10-01,7.717258064516129
3107350,2021-11-01,4.0222
3107350,2021-12-01,1.6658709677419357
3107350,2022-01-01,4.764096774193549
3107350,2022-02-01,4.511642857142857
3107350,2022-03-01,1.7275806451612905
3107350,2022-04-01,2.9617333333333336
3107350,2022-05-01,8.186451612903225
3107350,2022-06-01,8.061
3107350,2022-07-01,9.184129032258063
3107350,2022-08-01,12.817741935483872
3107350,2022-09-01,8.373366666666666
3107350,2022-10-01,5.879290322580646
3107350,2022-11-01,6.433233333333334
3107350,2022-12-01,2.2019032258064515
3107350,2023-01-01,1.3436451612903226
3107350,2023-02-01,0.8540714285714286
3107350,2023-03-01,1.3544838709677418
3107350,2023-04-01,3.0286666666666666
3107350,2023-05-01,7.480677419354839
3107350,2023-06-01,17.24383333333333
3107350,2023-07-01,20.02564516129032
3107350,2023-08-01,11.825
3107350,2023-09-01,8.556433333333333
3107350,2023-10-01,3.149
3107350,2023-11-01,4.805733333333333
3107350,2023-12-01,1.9525483870967744
3107350,2024-01-01,0.8368709677419354
3107350,2024-02-01,0.8219310344827586
3107350,2024-03-01,1.1429032258064515
3107350,2024-04-01,2.5238
3107350,2024-05-01,6.85016129032258
3107350,2024-06-01,13.692321428571429
3120010,2015-01-01,300.9670967741935
3120010,2015-02-01,315.6221428571429
3120010,2015-03-01,375.7903225806452
3120010,2015-04-01,384.26
3120010,2015-05-01,424.4709677419355
3120010,2015-06-01,549.6933333333333
3120010,2015-07-01,478.458064516129
3120010,2015-08-01,331.4806451612903
3120010,2015-09-01,180.3153333333333
3120010,2015-10-01,192.8632258064516
3120010,2015-11-01,398.7443333333333
3120010,2015-12-01,253.30741935483871
3120010,2016-01-01,234.10216129032256
3120010,2016-02-01,390.7237586206896
3120010,2016-03-01,489.8528709677419
3120010,2016-04-01,425.9867
3120010,2016-05-01,534.1554193548387
3120010,2016-06-01,749.4966000000001
3120010,2016-07-01,702.0939032258065
3120010,2016-08-01,371.49035483870966
3120010,2016-09-01,415.7520666666667
3120010,2016-10-01,274.4545806451613
3120010,2016-11-01,375.1525333333333
3120010,2016-12-01,453.25561290322577
3120010,2017-01-01,467.75361290322576
3120010,2017-02-01,310.6852857142857
3120010,2017-03-01,420.1471290322581
3120010,2017-04-01,442.1283333333333
3120010,2017-05-01,477.81625806451615
3120010,2017-06-01,456.0163333333333
3120010,2017-07-01,534.963
3120010,2017-08-01,285.86696774193547
3120010,2017-09-01,367.4037666666667
3120010,2017-10-01,296.4439032258065
3120010,2017-11-01,362.6071
3120010,2017-12-01,269.59032258064514
3120010,2018-01-01,320.5490967741936
3120010,2018-02-01,202.15235714285717
3120010,2018-03-01,304.80222580645164
3120010,2018-04-01,503.0571
3120010,2018-05-01,623.1722258064516
3120010,2018-06-01,620.1359666666667
3120010,2018-07-01,508.2064516129032
3120010,2018-08-01,435.33693548387095
3120010,2018-09-01,302.56356666666665
3120010,2018-10-01,225.9606451612903
3120010,2018-11-01,369.80933333333337
3120010,2018-12-01,358.8488064516129
3120010,2019-01-01,355.48835483870965
3120010,2019-02-01,380.0563571428571
3120010,2019-03-01,413.02541935483873
3120010,2019-04-01,525.7133666666666
3120010,2019-05-01,544.0611935483871
3120010,2019-06-01,691.8009
3120010,2019-07-01,626.4097419354839
3120010,2019-08-01,395.166064516129
3120010,2019-09-01,300.65796666666665
3120010,2019-10-01,358.1948064516129
3120010,2019-11-01,457.3484333333333
3120010,2019-12-01,550.3808064516129
3120010,2020-01-01,289.86467741935485
3120010,2020-02-01,345.28637931034484
3120010,2020-03-01,367.1434516129032
3120010,2020-04-01,438.92606666666666
3120010,2020-05-01,677.6728064516129
3120010,2020-06-01,601.5414
3120010,2020-07-01,557.2358387096775
3120010,2020-08-01,301.3847741935484
3120010,2020-09-01,352.92856666666665
3120010,2020-10-01,320.091935483871
3120010,2020-11-01,398.7536666666667
3120010,2020-12-01,505.54916129032256
3120010,2021-01-01,520.0029032258064
3120010,2021-02-01,339.55628571428576
3120010,2021-03-01,408.9699677419355
3120010,2021-04-01,542.1380666666666
3120010,2021-05-01,666.492129032258
3120010,2021-06-01,684.1351666666667
3120010,2021-07-01,714.6853870967742
3120010,2021-08-01,392.0464516129032
3120010,2021-09-01,293.1048
3120010,2021-10-01,376.7863548387097
3120010,2021-11-01,436.53976666666665
3120010,2021-12-01,489.21070967741935
3120010,2022-01-01,177.8524193548387
3120010,2022-02-01,253.57964285714283
3120010,2022-03-01,422.8322258064516
3120010,2022-04-01,490.92016666666666
3120010,2022-05-01,668.9369677419354
3120010,2022-06-01,557.9699666666667
3120010,2022-07-01,582.3305161290323
3120010,2022-08-01,367.1078064516129
3120010,2022-09-01,283.93676666666664
3120010,2022-10-01,356.82783870967745
3120010,2022-11-01,368.39833333333337
3120010,2022-12-01,313.56416129032255
3120010,2023-01-01,322.25529032258066
3120010,2023-02-01,284.0527142857144
3120010,2023-03-01,475.6756774193548
3120010,2023-04-01,521.4229
3120010,2023-05-01,656.2504516129032
3120010,2023-06-01,562.9733
3120010,2023-07-01,609.9980967741935
3120010,2023-08-01,321.1206451612903
3120010,2023-09-01,238.71866666666668
3120010,2023-10-01,195.3802580645161
3120010,2023-11-01,392.0050333333333
3120010,2023-12-01,408.1612258064516
3120010,2024-01-01,296.898
3120010,2024-02-01,386.7168965517241
3120010,2024-03-01,386.46925806451617
3120010,2024-04-01,449.5280333333333
3120010,2024-05-01,592.2531290322581
3120010,2024-06-01,623.8680333333334
3120010,2024-07-01,440.1740967741936
3120010,2024-08-01,288.0874516129032
3120010,2024-09-01,229.4942333333333
3120010,2024-10-01,238.68867741935483
3120010,2024-11-01,305.40153333333336
3120010,2024-12-01,489.8455483870968
3121200,2015-01-01,90.67
3121200,2015-02-01,104.81464285714286
3121200,2015-03-01,110.30806451612904
3121200,2015-04-01,122.58566666666664
3121200,2015-05-01,181.0758064516129
3121200,2015-06-01,343.71666666666664
3121200,2015-07-01,243.95419354838708
3121200,2015-08-01,139.56300000000002
3141300,2015-01-01,218.60996774193544
3141300,2015-02-01,263.8408214285714
3141300,2015-03-01,215.09345161290324
3141300,2015-04-01,248.5133333333333
3141300,2015-05-01,316.036935483871
3141300,2015-06-01,275.61606666666665
3141300,2015-07-01,221.2197741935484
3141300,2015-08-01,223.85390322580645
3141300,2015-09-01,238.7262333333333
3141300,2015-10-01,295.2070322580645
3141300,2015-11-01,378.1903
3141300,2015-12-01,315.58609677419355
3141300,2016-01-01,219.382
3141300,2016-02-01,232.35858620689655
3141300,2016-03-01,235.58283870967745
3141300,2016-04-01,299.92123333333336
3141300,2016-05-01,320.7197741935484
3141300,2016-06-01,245.9441
3141300,2016-07-01,266.8235806451613
3141300,2016-08-01,239.60183870967745
3141300,2016-09-01,262.51443333333333
3141300,2016-10-01,412.4111935483871
3141300,2016-11-01,410.2074666666667
3141300,2016-12-01,330.023
3141300,2017-01-01,292.178935483871
3141300,2017-02-01,194.68842857142857
3141300,2017-03-01,265.6887096774193
3141300,2017-04-01,311.76033333333334
3141300,2017-05-01,368.2696129032258
3141300,2017-06-01,380.1684333333333
3141300,2017-07-01,303.94219354838714
3141300,2017-08-01,318.6384838709677
3141300,2017-09-01,384.6923
3141300,2017-10-01,395.78467741935486
3141300,2017-11-01,595.9528666666666
3141300,2017-12-01,401.7003548387096
3141300,2018-01-01,249.9837741935484
3141300,2018-02-01,256.92639285714284
3141300,2018-03-01,255.97883870967743
3141300,2018-04-01,283.2619
3141300,2018-05-01,276.0192258064516
3141300,2018-06-01,261.83863333333335
3141300,2018-07-01,241.53583870967745
3141300,2018-08-01,240.97367741935489
3141300,2018-09-01,226.08516666666668
3141300,2018-10-01,309.4294838709678
3141300,2018-11-01,338.8616
3141300,2018-12-01,293.69529032258066
3141300,2019-01-01,170.76070967741936
3141300,2019-02-01,247.1433571428572
3141300,2019-03-01,240.4938064516129
3141300,2019-04-01,381.0478333333333
3141300,2019-05-01,297.00961290322584
3141300,2019-06-01,243.39793333333333
3141300,2019-07-01,220.15248387096773
3141300,2019-08-01,151.29774193548386
3141300,2019-09-01,236.1692
3141300,2019-10-01,287.68209677419355
3141300,2019-11-01,331.4995666666666
3141300,2019-12-01,266.0412258064516
3141300,2020-01-01,211.10993548387097
3141300,2020-02-01,195.09389655172413
3141300,2020-03-01,200.10319354838708
3141300,2020-04-01,260.5475
3141300,2020-05-01,285.872
3141300,2020-06-01,212.5751
3141300,2020-07-01,220.7722258064516
3141300,2020-08-01,271.1367741935484
3141300,2020-09-01,235.74813333333333
3141300,2020-10-01,241.9139677419355
3141300,2020-11-01,427.8075666666667
3141300,2020-12-01,349.09635483870966
3141300,2021-01-01,243.6513548387097
3141300,2021-02-01,275.7517142857143
3141300,2021-03-01,243.7867096774193
3141300,2021-04-01,313.0857
3141300,2021-05-01,306.09425806451617
3141300,2021-06-01,277.38730000000004
3141300,2021-07-01,194.48706451612904
3141300,2021-08-01,279.8001935483871
3141300,2021-09-01,188.522
3141300,2021-10-01,263.07316129032256
3141300,2021-11-01,421.245
3141300,2021-12-01,305.82003225806454
3141310,2015-01-01,298.90967741935486
3141310,2015-02-01,245.47142857142856
3141310,2015-03-01,257.55806451612904
3141310,2015-04-01,307.57
3141310,2015-05-01,318.0032258064516
3141310,2015-06-01,295.1852666666667
3141310,2015-07-01,245.12506451612904
3141310,2015-08-01,225.9560322580645
3141310,2015-09-01,274.18
3141310,2015-10-01,368.5451612903226
3141310,2015-11-01,409.5833333333333
3141310,2015-12-01,331.56774193548387
3141310,2016-01-01,275.6419354838709
3141310,2016-02-01,266.5310344827586
3141310,2016-03-01,279.6419354838709
3141310,2016-04-01,291.79
3141310,2016-05-01,339.1322580645161
3141310,2016-06-01,285.1066666666667
3141310,2016-07-01,240.1880322580645
3141310,2016-08-01,255.4462258064516
3141310,2016-09-01,322.907
3141310,2016-10-01,362.2935483870968
3141310,2016-11-01,577.3366666666666
3141310,2016-12-01,336.45806451612907
3141310,2017-01-01,296.7032258064516
3141310,2017-02-01,340.5642857142857
3141310,2017-03-01,280.98387096774195
3141310,2017-04-01,348.6527666666667
3141310,2017-05-01,333.36761290322585
3141310,2017-06-01,243.48676666666668
3141310,2017-07-01,253.11612903225807
3141310,2017-08-01,225.2993225806452
3141310,2017-09-01,395.13
3141310,2017-10-01,435.6773225806451
3141310,2017-11-01,438.40333333333336
3141310,2017-12-01,360.983870967742
3141310,2018-01-01,304.6161290322581
3141310,2018-02-01,284.2142857142857
3141310,2018-03-01,252.11612903225807
3141310,2018-04-01,298.8151
3141310,2018-05-01,332.26329032258064
3141310,2018-06-01,254.52213333333333
3141310,2018-07-01,231.6267741935484
3141310,2018-08-01,211.17464516129036
3141310,2018-09-01,218.8251
3141310,2018-10-01,453.2852258064517
3141310,2018-11-01,446.4133333333333
3141310,2018-12-01,436.4774193548387
3141310,2019-01-01,322.92903225806447
3141310,2019-02-01,256.5964285714286
3141310,2019-03-01,276.1419354838709
3141310,2019-04-01,296.42333333333335
3141310,2019-05-01,313.18387096774194
3141310,2019-06-01,257.91993333333335
3141310,2019-07-01,554.1537999999999
3141500,2015-01-01,1969.249483870968
3141500,2015-02-01,1421.1359285714284
3141500,2015-03-01,1569.7359032258066
3141500,2015-04-01,2069.991
3141500,2015-05-01,2415.4268064516127
3141500,2015-06-01,2232.900533333333
3141500,2015-07-01,2051.5383225806454
3141500,2015-08-01,2193.9599677419355
3141500,2015-09-01,2547.1562666666664
3141500,2015-10-01,2870.2666451612904
3141500,2015-11-01,3027.6574
3141500,2015-12-01,2231.185483870968
3141500,2016-01-01,1562.4972258064515
3141500,2016-02-01,1608.5984827586208
3141500,2016-03-01,1959.866870967742
3141500,2016-04-01,2528.8686
3141500,2016-05-01,1945.0824193548387
3141500,2016-06-01,1917.4276
3141500,2016-07-01,1899.530451612903
3141500,2016-08-01,2546.905677419355
3141500,2016-09-01,2378.7930333333334
3141500,2016-10-01,3213.400064516129
3141500,2016-11-01,2580.2660666666666
3141500,2016-12-01,2359.1380000000004
3141500,2017-01-01,2096.812774193548
3141500,2017-02-01,1551.565607142857
3141500,2017-03-01,1611.4509032258063
3141500,2017-04-01,2099.9921666666664
3141500,2017-05-01,2162.34570967742
3141500,2017-06-01,2262.171333333333
3141500,2017-07-01,2051.5106451612905
3141500,2017-08-01,2168.9749032258064
3141500,2017-09-01,2274.6649
3141500,2017-10-01,2611.5806451612902
3141500,2017-11-01,2600.233333333333
3141500,2017-12-01,2299.903741935484
3141500,2018-01-01,1958.5061612903223
3141500,2018-02-01,1549.3383214285714
3141500,2018-03-01,1683.6018387096774
3141500,2018-04-01,2021.3108666666667
3141500,2018-05-01,2414.320258064516
3141500,2018-06-01,2254.026566666667
3141500,2018-07-01,1973.044870967742
3141500,2018-08-01,2397.981870967741
3141500,2018-09-01,2487.030933333333
3141500,2018-10-01,2811.451612903226
3141500,2018-11-01,3043.4026
3141500,2018-12-01,2275.929870967742
3141500,2019-01-01,1442.3312258064516
3141500,2019-02-01,1752.2255714285714
3141500,2019-03-01,2096.2810322580644
3141500,2019-04-01,2450.4264666666663
3141500,2019-05-01,2471.270806451613
3141500,2019-06-01,2273.2404333333334
3141500,2019-07-01,2292.3686774193548
3141500,2019-08-01,2136.205290322581
3141500,2019-09-01,2908.8715666666667
3141500,2019-10-01,3395.9864193548387
3141500,2019-11-01,2930.0833666666667
3141500,2019-12-01,2580.5241612903224
3141500,2020-01-01,2159.5982258064514
3141500,2020-02-01,1649.8021034482758
3141500,2020-03-01,1665.2237741935485
3141500,2020-04-01,2435.6786
3141500,2020-05-01,2799.0208709677418
3141500,2020-06-01,2542.2968333333333
3141500,2020-07-01,2650.849580645161
3141500,2020-08-01,2606.486774193548
3141500,2020-09-01,2474.7411
3141500,2020-10-01,2646.423258064516
3141500,2020-11-01,3182.682533333333
3141500,2020-12-01,2899.691870967742
3141500,2021-01-01,2425.387258064516
3141500,2021-02-01,1889.335928571429
3141500,2021-03-01,2264.3700967741934
3142500,2015-01-01,452.7755161290322
3142500,2015-02-01,343.1626428571429
3142500,2015-03-01,396.524
3142500,2015-04-01,401.27
3142500,2015-05-01,372.909129032258
3142500,2015-06-01,313.1775666666666
3142500,2015-07-01,237.43058064516129
3142500,2015-08-01,171.61674193548387
3142500,2015-09-01,153.51773333333333
3142500,2015-10-01,215.2842580645161
3142500,2015-11-01,398.8271333333333
3142500,2015-12-01,398.6677096774194
3142500,2016-01-01,255.63006451612904
3142500,2016-02-01,187.48075862068964
3142500,2016-03-01,121.0617741935484
3142500,2016-04-01,208.4912
3142500,2016-05-01,218.5095806451613
3142500,2016-06-01,215.42676666666665
3142500,2016-07-01,191.54412903225807
3142500,2016-08-01,115.61012903225809
3142500,2016-09-01,91.57983333333333
3142500,2016-10-01,126.4858064516129
3142500,2016-11-01,268.218
3142500,2016-12-01,369.21551612903227
3142500,2017-01-01,480.488935483871
3142500,2017-02-01,234.20157142857144
3142500,2017-03-01,491.8925161290322
3142500,2017-04-01,459.98783333333336
3142500,2017-05-01,520.9407741935485
3142500,2017-06-01,316.5577
3142500,2017-07-01,241.5663870967742
3142500,2017-08-01,159.41587096774194
3142500,2017-09-01,111.94153333333334
3142500,2017-10-01,128.0138064516129
3142500,2017-11-01,285.1178
3142500,2017-12-01,394.70812903225806
3142500,2018-01-01,431.4328709677419
3142500,2018-02-01,349.96828571428574
3142500,2018-03-01,236.98170967741936
3142500,2018-04-01,342.0125333333333
3142500,2018-05-01,308.64774193548385
3142500,2018-06-01,239.0034
3142500,2018-07-01,184.64525806451613
3142500,2018-08-01,153.1178387096774
3142500,2018-09-01,100.88193333333334
3142500,2018-10-01,124.68164516129032
3142500,2018-11-01,414.05123333333336
3142500,2018-12-01,332.48187096774194
3142500,2019-01-01,162.6698064516129
3142500,2019-02-01,154.86992857142857
3142500,2019-03-01,175.8478064516129
3142500,2019-04-01,371.2705666666667
3142500,2019-05-01,271.07651612903226
3142500,2019-06-01,299.2242
3142500,2019-07-01,191.93351612903223
3142500,2019-08-01,151.4168064516129
3142500,2019-09-01,87.78566666666667
3142500,2019-10-01,135.9173870967742
3142500,2019-11-01,446.746
3142500,2019-12-01,488.6902903225806
3142500,2020-01-01,319.73248387096777
3142500,2020-02-01,187.37710344827585
3142500,2020-03-01,248.1087096774193
3142500,2020-04-01,266.5657
3142500,2020-05-01,254.87451612903223
3142500,2020-06-01,251.6249666666667
3142500,2020-07-01,213.2904516129032
3142500,2020-08-01,147.1906129032258
3142500,2020-09-01,116.2406
3142500,2020-10-01,97.61032258064516
3142500,2020-11-01,171.15720000000002
3142500,2020-12-01,397.0601935483871
3142500,2021-01-01,465.9525161290323
3142500,2021-02-01,320.68435714285715
3142500,2021-03-01,611.9859677419355
3142500,2021-04-01,340.79726666666664
3142500,2021-05-01,381.7899677419354
3142500,2021-06-01,364.5638333333334
3142500,2021-07-01,295.443129032258
3142500,2021-08-01,150.7471612903226
3142600,2015-01-01,5.1256774193548384
3142600,2015-02-01,3.7159642857142856
3142600,2015-03-01,5.625516129032258
3142600,2015-04-01,4.572733333333333
3142600,2015-05-01,5.651258064516129
3142600,2015-06-01,4.497933333333333
3142600,2015-07-01,2.246419354838709
3142600,2015-08-01,3.131032258064516
3142600,2015-09-01,1.9675333333333331
3142600,2015-10-01,2.9783870967741937
3142600,2015-11-01,4.7853
3142600,2015-12-01,5.264096774193549
3142600,2016-01-01,1.893032258064516
3142600,2016-02-01,1.3645172413793103
3142600,2016-03-01,2.4301290322580646
3142600,2016-04-01,5.551066666666667
3142600,2016-05-01,1.8021290322580643
3142600,2016-06-01,2.3142666666666667
3142600,2016-07-01,1.598225806451613
3142600,2016-08-01,1.1871290322580643
3142600,2016-09-01,0.9637333333333332
3142600,2016-10-01,1.7585161290322582
3142600,2016-11-01,1.7825333333333333
3142600,2016-12-01,6.0
3142600,2017-01-01,15.55225806451613
3142600,2017-02-01,1.9557142857142855
3142600,2017-03-01,5.043483870967743
3142600,2017-04-01,6.816333333333334
3142600,2017-05-01,15.401516129032258
3142600,2017-06-01,3.2701
3142600,2017-07-01,1.6716129032258065
3142600,2017-08-01,1.1939032258064517
3142600,2017-09-01,0.8907333333333334
3142600,2017-10-01,1.781032258064516
3142600,2017-11-01,2.405266666666667
3142600,2017-12-01,2.8171290322580647
3142600,2018-01-01,6.892645161290322
3142600,2018-02-01,3.1882857142857146
3142600,2018-03-01,1.777741935483871
3142600,2018-04-01,5.1790666666666665
3142600,2018-05-01,5.667258064516129
3142600,2018-06-01,2.450133333333333
3142600,2018-07-01,2.0784516129032258
3142600,2018-08-01,2.304225806451613
3142600,2018-09-01,1.3749333333333331
3142600,2018-10-01,1.4587096774193549
3142600,2018-11-01,7.2351
3142600,2018-12-01,2.539935483870968
3142600,2019-01-01,2.927741935483871
3142600,2019-02-01,2.6795714285714287
3142600,2019-03-01,2.3345806451612905
3142600,2019-04-01,3.9285666666666663
3142600,2019-05-01,4.097935483870968
3142600,2019-06-01,2.2307
3142600,2019-07-01,1.7075806451612905
3142600,2019-08-01,1.1293870967741937
3142600,2019-09-01,0.9221
3142600,2019-10-01,2.448322580645161
3142600,2019-11-01,9.976533333333332
3142600,2019-12-01,7.099322580645161
3142600,2020-01-01,6.71941935483871
3142600,2020-02-01,4.56051724137931
3142600,2020-03-01,25.730967741935483
3142600,2020-04-01,3.283433333333333
3142600,2020-05-01,3.854677419354839
3142600,2020-06-01,3.3317666666666668
3142600,2020-07-01,3.7984516129032255
3142600,2020-08-01,4.351451612903226
3142600,2020-09-01,2.0604333333333336
3142600,2020-10-01,3.0241290322580645
3142600,2020-11-01,2.9410666666666665
3142600,2020-12-01,7.767774193548386
3142600,2021-01-01,6.721903225806452
3142600,2021-02-01,4.31075
3142600,2021-03-01,25.95825806451613
3142600,2021-04-01,8.672633333333332
3142600,2021-05-01,12.47132258064516
3142600,2021-06-01,9.661266666666668
3142600,2021-07-01,4.329000000000001
3142600,2021-08-01,2.318258064516129
3142600,2021-09-01,1.7265666666666666
3142600,2021-10-01,2.3567741935483872
3142600,2021-11-01,4.225766666666667
3142600,2021-12-01,6.633838709677419
3142600,2022-01-01,3.004387096774193
3142600,2022-02-01,9.52282142857143
3142600,2022-03-01,7.012548387096775
3142600,2022-04-01,9.9947
3142600,2022-05-01,6.668129032258064
3142600,2022-06-01,21.246466666666667
3142600,2022-07-01,5.58225806451613
3142600,2022-08-01,2.9335806451612902
3142600,2022-09-01,1.5983666666666667
3142600,2022-10-01,3.2096774193548385
3142600,2022-11-01,2.3664666666666667
3142600,2022-12-01,1.9212903225806448
3142600,2023-01-01,6.487161290322581
3142600,2023-02-01,10.516785714285716
3142600,2023-03-01,14.117322580645162
3142600,2023-04-01,11.689733333333333
3142600,2023-05-01,4.789290322580645
3142600,2023-06-01,2.1913
3142600,2023-07-01,2.7844516129032257
3142600,2023-08-01,1.242967741935484
3142600,2023-09-01,0.8256333333333333
3142600,2023-10-01,1.2386129032258064
3142600,2023-11-01,1.4827
3142600,2023-12-01,6.368064516129032
3142600,2024-01-01,1.6591935483870968
3142600,2024-02-01,5.287896551724137
3142600,2024-03-01,1.5702258064516128
3142600,2024-04-01,2.3816333333333333
3142600,2024-05-01,11.10383870967742
3142600,2024-06-01,3.522733333333333
3142600,2024-07-01,1.2916129032258064
3142600,2024-08-01,0.9504516129032258
3142600,2024-09-01,0.7531153846153846
3142800,2015-01-01,17.773
3142800,2015-02-01,14.059678571428572
3142800,2015-03-01,11.914129032258064
3142800,2015-04-01,12.8589
3142800,2015-05-01,14.084903225806451
3142800,2015-06-01,16.115333333333332
3142800,2015-07-01,18.529774193548388
3142800,2015-08-01,11.801387096774194
3142800,2015-09-01,8.8254
3142800,2015-10-01,8.420290322580644
3142800,2015-11-01,14.609766666666667
3142800,2015-12-01,14.714032258064517
3142800,2016-01-01,5.743129032258064
3142800,2016-02-01,7.652724137931035
3142800,2016-03-01,7.915354838709677
3142800,2016-04-01,9.6953
3142800,2016-05-01,8.78183870967742
3142800,2016-06-01,18.558733333333336
3142800,2016-07-01,15.590516129032258
3142800,2016-08-01,10.183193548387097
3142800,2016-09-01,7.997533333333333
3142800,2016-10-01,7.247580645161291
3142800,2016-11-01,9.971466666666666
3142800,2016-12-01,8.707096774193548
3142800,2017-01-01,12.30183870967742
3142800,2017-02-01,9.343464285714289
3142800,2017-03-01,14.382
3142800,2017-04-01,16.259466666666665
3142800,2017-05-01,19.73474193548387
3142800,2017-06-01,16.273266666666665
3142800,2017-07-01,21.59767741935484
3142800,2017-08-01,12.615645161290322
3142800,2017-09-01,7.165366666666666
3142800,2017-10-01,7.465290322580645
3142800,2017-11-01,11.396666666666668
3142800,2017-12-01,12.786258064516128
3142800,2018-01-01,14.490580645161293
3142800,2018-02-01,12.128321428571429
3142800,2018-03-01,9.925870967741936
3142800,2018-04-01,12.850833333333332
3142800,2018-05-01,12.22248387096774
3142800,2018-06-01,17.120566666666665
3142800,2018-07-01,14.528096774193548
3142800,2018-08-01,13.445451612903229
3142800,2018-09-01,7.5449
3142800,2018-10-01,7.258999999999999
3142800,2018-11-01,12.4105
3142800,2018-12-01,13.259645161290322
3142800,2019-01-01,10.291870967741936
3142800,2019-02-01,10.378928571428572
3142800,2019-03-01,8.673290322580646
3142800,2019-04-01,13.499866666666666
3142800,2019-05-01,13.992935483870967
3142800,2019-06-01,17.9996
3142800,2019-07-01,14.053
3142800,2019-08-01,13.338709677419354
3142800,2019-09-01,7.105933333333334
3142800,2019-10-01,6.945387096774193
3142800,2019-11-01,12.9754
3142800,2019-12-01,16.29567741935484
3142800,2020-01-01,13.099612903225808
3142800,2020-02-01,7.930034482758621
3142800,2020-03-01,9.27274193548387
3142800,2020-04-01,11.413466666666666
3142800,2020-05-01,15.96983870967742
3142800,2020-06-01,15.805666666666667
3142800,2020-07-01,11.951709677419354
3142800,2020-08-01,10.58564516129032
3142800,2020-09-01,7.851166666666667
3142800,2020-10-01,7.023709677419355
3142800,2020-11-01,9.101666666666668
3142800,2020-12-01,14.030774193548387
3142800,2021-01-01,17.901064516129033
3142800,2021-02-01,11.476857142857142
3142800,2021-03-01,22.145774193548387
3142800,2021-04-01,11.7146
3142800,2021-05-01,18.30003225806452
3142800,2021-06-01,16.6195
3142800,2021-07-01,27.48741935483871
3142800,2021-08-01,10.317354838709678
3142800,2021-09-01,6.1942
3142800,2021-10-01,8.973451612903226
3142800,2021-11-01,14.063066666666666
3142800,2021-12-01,24.79651612903226
3142800,2022-01-01,16.19183870967742
3142800,2022-02-01,23.518214285714286
3142800,2022-03-01,22.10151612903225
3142800,2022-04-01,25.985133333333334
3142800,2022-05-01,15.29951612903226
3142800,2022-06-01,20.37523333333333
3142800,2022-07-01,25.12958064516129
3142800,2022-08-01,17.406548387096773
3142800,2022-09-01,7.079933333333333
3142800,2022-10-01,15.591322580645162
3142800,2022-11-01,16.240166666666667
3142800,2022-12-01,16.375466666666668
